node_order	source_symbol
0	LINC01409
1	LINC00115
2	FAM41C
3	KLHL17
4	HES4
5	ISG15
6	AGRN
7	C1orf159
8	TNFRSF18
9	SDF4
10	B3GALT6
11	LINC01786
12	SCNN1D
13	ACAP3
14	PUSL1
15	INTS11
16	CPTP
17	DVL1
18	AURKAIP1
19	MRPL20-AS1
20	MRPL20
21	ANKRD65
22	VWA1
23	ATAD3C
24	ATAD3B
25	TMEM240
26	SSU72
27	FNDC10
28	MIB2
29	MMP23B
30	CDK11B
31	CDK11A
32	SLC35E2A
33	GABRD
34	FAAP20
35	SKI
36	PEX10
37	PLCH2
38	PANK4
39	TNFRSF14
40	PRXL2B
41	TTC34
42	PRDM16
43	MEGF6
44	TPRG1L
45	WRAP73
46	LRRC47
47	C1orf174
48	LINC01134
49	AJAP1
50	CHD5
51	RPL22
52	RNF207
53	ICMT
54	GPR153
55	TNFRSF25
56	PLEKHG5
57	TAS1R1
58	ZBTB48
59	KLHL21
60	PHF13
61	CAMTA1-DT
62	AL512330.1
63	PER3
64	PARK7
65	RERE-AS1
66	ENO1
67	GPR157
68	MIR34AHG
69	LNCTAM34A
70	H6PD
71	SPSB1
72	PIK3CD
73	NMNAT1
74	CENPS
75	CORT
76	DFFA
77	CASZ1
78	MASP2
79	SRM
80	ANGPTL7
81	DISP3
82	FBXO2
83	FBXO6
84	MAD2L2
85	DRAXIN
86	PLOD1
87	DHRS3
88	PDPN
89	KAZN
90	KAZN-AS1
91	TMEM51-AS1
92	TMEM51
93	FHAD1
94	EFHD2
95	CELA2B
96	AGMAT
97	SLC25A34
98	FBLIM1
99	UQCRHL
100	SPEN
101	FAM131C
102	FBXO42
103	SPATA21
104	NECAP2
105	LINC01772
106	NBPF1
107	CROCC
108	PADI2
109	PADI4
110	IGSF21
111	IGSF21-AS1
112	PAX7
113	ALDH4A1
114	EMC1-AS1
115	MRTO4
116	MICOS10
117	NBL1
118	HTR6
119	TMCO4
120	OTUD3
121	UBXN10
122	LINC01141
123	CAMK2N1
124	MUL1
125	FAM43B
126	PINK1
127	PINK1-AS
128	SH2D5
129	HP1BP3
130	ECE1
131	ALPL
132	RAP1GAP
133	HSPG2
134	LINC00339
135	CDC42-AS1
136	CDC42-IT1
137	WNT4
138	ZBTB40
139	EPHA8
140	EPHB2
141	TEX46
142	LINC01355
143	ZNF436
144	ZNF436-AS1
145	TCEA3
146	ASAP3
147	RPL11
148	ELOA-AS1
149	PITHD1
150	LYPLA2
151	HMGCL
152	PNRC2
153	IFNLR1
154	RCAN3
155	CLIC4
156	SYF2
157	RHD
158	RHCE
159	LDLRAP1
160	PAQR7
161	STMN1
162	PAFAH2
163	EXTL1
164	ZNF593
165	CNKSR1
166	SH3BGRL3
167	UBXN11
168	DHDDS
169	HMGN2
170	GPATCH3
171	NUDC
172	KDF1
173	SYTL1
174	MAP3K6
175	AHDC1
176	IFI6
177	FAM76A
178	THEMIS2
179	SMPDL3B
180	XKR8
181	PTAFR
182	ATP5IF1
183	SESN2
184	RCC1
185	SNHG3
186	SNHG12
187	LINC01715
188	OPRD1
189	PTPRU
190	MATN1
191	SDC3
192	NKAIN1
193	FABP3
194	PEF1
195	COL16A1
196	ADGRB2
197	PTP4A2
198	CCDC28B
199	IQCC
200	DCDC2B
201	EIF3I
202	HDAC1
203	MARCKSL1
204	TSSK3
205	FAM229A
206	ZBTB8B
207	ZBTB8A
208	SYNC
209	S100PBP
210	FNDC5
211	HPCA
212	TMEM54
213	TRIM62
214	ZSCAN20
215	CSMD2
216	CSMD2-AS1
217	SMIM12
218	DLGAP3
219	TMEM35B
220	ZMYM1
221	ZMYM4-AS1
222	NCDN
223	TFAP2E
224	C1orf216
225	CLSPN
226	MAP7D1
227	SH3D21
228	LSM10
229	MRPS15
230	GRIK3
231	LINC01137
232	SNIP1
233	DNALI1
234	CDCA8
235	YRDC
236	C1orf122
237	FHL3
238	UTP11
239	POU3F1
240	MIR3659HG
241	LINC01685
242	MYCBP
243	GJA9
244	RHBDL2
245	NDUFS5
246	BMP8A
247	PABPC4
248	NT5C1A
249	HPCAL4
250	BMP8B
251	LINC02811
252	MFSD2A
253	ZFP69
254	ZNF684
255	NFYC-AS1
256	KCNQ4
257	CITED4
258	SLFNL1-AS1
259	SLFNL1
260	FOXO6
261	HIVEP3
262	ZMYND12
263	PPCS
264	CCDC30
265	TMEM269
266	SVBP
267	ERMAP
268	ZNF691
269	SLC2A1-AS1
270	EBNA1BP2
271	CFAP57
272	ELOVL1
273	MED8
274	HYI
275	KDM4A-AS1
276	AL357079.1
277	DPH2
278	ATP6V0B
279	CCDC24
280	SLC6A9
281	RNF220
282	TMEM53
283	ARMH1
284	RPS8
285	BEST4
286	PLK3
287	BTBD19
288	PTCH2
289	UROD
290	MUTYH
291	TOE1
292	TESK2
293	PRDX1
294	AKR1A1
295	PIK3R3
296	TSPAN1
297	POMGNT1
298	LURAP1
299	RAD54L
300	UQCRH
301	FAAH
302	TMEM275
303	MKNK1-AS1
304	MOB3C
305	EFCAB14-AS1
306	CYP4X1
307	CYP4Z1
308	CYP4A22-AS1
309	LINC01389
310	SPATA6
311	BEND5
312	LINC02808
313	CDKN2C
314	LINC01562
315	RNF11
316	RAB3B
317	KTI12
318	CC2D1B
319	GPX7
320	SHISAL2A
321	COA7
322	ECHDC2
323	CPT2
324	CZIB
325	LRP8
326	LINC01771
327	GLIS1
328	DIO1
329	CDCP2
330	SSBP3
331	ACOT11
332	FAM151A
333	MROH7
334	PARS2
335	LEXM
336	DHCR24
337	MIR4422HG
338	PLPP3
339	FYB2
340	DAB1
341	DAB1-AS1
342	OMA1
343	JUN
344	LINC01135
345	LINC02777
346	LINC01358
347	FGGY
348	LINC01748
349	NFIA
350	NFIA-AS2
351	L1TD1
352	KANK4
353	USP1
354	ATG4C
355	ALG6
356	ITGB3BP
357	DLEU2L
358	ROR1
359	ROR1-AS1
360	CACHD1
361	JAK1
362	LINC01359
363	AK4
364	AL139294.1
365	LEPROT
366	LEPR
367	PDE4B
368	TCTEX1D1
369	IL12RB2
370	GADD45A
371	GNG12-AS1
372	DIRAS3
373	WLS
374	DEPDC1
375	DEPDC1-AS1
376	LINC01707
377	HHLA3
378	PTGER3
379	ZRANB2-AS1
380	ZRANB2-AS2
381	NEGR1
382	LRRIQ3
383	FPGT
384	TNNI3K
385	LRRC53
386	ERICH3-AS1
387	CRYZ
388	SLC44A5
389	RABGGTB
390	MSH4
391	ASB17
392	ST6GALNAC3
393	ST6GALNAC5
394	NEXN-AS1
395	NEXN
396	DNAJB4
397	GIPC2
398	ADGRL4
399	ADGRL2
400	LINC01362
401	LINC01361
402	LINC01712
403	LINC01725
404	PRKACB
405	SAMD13
406	GNG5
407	SPATA1
408	MCOLN2
409	WDR63
410	MCOLN3
411	C1orf52
412	DDAH1
413	CCN1
414	COL24A1
415	LINC02795
416	CLCA4-AS1
417	LINC01140
418	LINC02801
419	LMO4
420	LINC01364
421	PKN2-AS1
422	KYAT3
423	GBP2
424	GBP4
425	LRRC8C-DT
426	LINC02788
427	LINC01763
428	HFM1
429	CDC7
430	TGFBR3
431	BRDT
432	EPHX4
433	C1orf146
434	RPL5
435	CCDC18
436	CCDC18-AS1
437	FNBP1L
438	BCAR3
439	DNTTIP2
440	ABCA4
441	ARHGAP29
442	SLC44A3
443	CNN3
444	TLCD4
445	RWDD3
446	LINC02607
447	DPYD
448	DPYD-AS1
449	MIR137HG
450	LINC01776
451	SNX7
452	PLPPR5
453	LINC01708
454	PALMD
455	AGL
456	LRRC39
457	RTCA-AS1
458	CDC14A
459	GPR88
460	LINC01709
461	OLFM3
462	COL11A1
463	LINC01676
464	PRMT6
465	NTNG1
466	VAV3
467	GPSM2
468	TAF13
469	TMEM167B
470	C1orf194
471	SARS
472	CELSR2
473	PSRC1
474	MYBPHL
475	PSMA5
476	ATXN7L2
477	CYB561D1
478	AMIGO1
479	AMPD2
480	GSTM2
481	GSTM3
482	RBM15-AS1
483	SLC16A4
484	LAMTOR5
485	KCNA2
486	CD53
487	LRIF1
488	OVGP1
489	WDR77
490	C1orf162
491	INKA2-AS1
492	DDX20
493	KCND3
494	LINC01750
495	WNT2B
496	MOV10
497	PPM1J
498	LINC01356
499	SLC16A1
500	LRIG2-DT
501	PTPN22
502	AP4B1-AS1
503	BCL2L15
504	DCLRE1B
505	HIPK1-AS1
506	SYT6
507	DENND2C
508	TSPAN2
509	NGF
510	VANGL1
511	NHLH2
512	LINC01649
513	MAB21L3
514	ATP1A1-AS1
515	LINC01762
516	CD58
517	PTGFRN
518	CD101
519	TTF2
520	TRIM45
521	SPAG17
522	WARS2-AS1
523	LINC01780
524	HSD3B1
525	LINC00622
526	PHGDH
527	NOTCH2
528	NBPF26
529	LINC00623
530	SRGAP2-AS1
531	LINC02798
532	LINC02591
533	HIST2H3PS2
534	LINC02802
535	NBPF15
536	SRGAP2B
537	GPR89A
538	PDZK1
539	CD160
540	NUDT17
541	ANKRD35
542	ITGA10
543	PEX11B
544	RBM8A
545	LIX1L-AS1
546	LIX1L
547	ANKRD34A
548	TXNIP
549	HJV
550	NOTCH2NLA
551	FMO5
552	CHD1L
553	LINC00624
554	ACP6
555	GPR89B
556	NBPF11
557	LINC02805
558	PPIAL4G
559	NBPF14
560	NBPF9
561	NOTCH2NLC
562	NBPF19
563	HIST2H2BF
564	BOLA1
565	SV2A
566	SF3B4
567	MTMR11
568	ANP32E
569	APH1A
570	C1orf54
571	CIART
572	MRPS21
573	TARS2
574	ECM1
575	FALEC
576	ADAMTSL4-AS1
577	MCL1
578	ENSA
579	GOLPH3L
580	HORMAD1
581	CTSS
582	BNIPL
583	C1orf56
584	CDC42SE1
585	MLLT11
586	GABPB2
587	SCNM1
588	RFX5
589	PSMB4
590	CGN
591	RIIAD1
592	MRPL9
593	TDRKH-AS1
594	C2CD4D-AS1
595	FLG-AS1
596	HRNR
597	FLG
598	LOR
599	S100A6
600	S100A13
601	SNAPIN
602	ILF2
603	SLC27A3
604	CRTC2
605	SLC39A1
606	JTB
607	RPS27
608	NUP210L
609	HAX1
610	IL6R
611	UBE2Q1
612	CHRNB2
613	KCNN3
614	PMVK
615	PBXIP1
616	PYGO2
617	AL451085.2
618	SHC1
619	CKS1B
620	ZBTB7B
621	ADAM15
622	EFNA3
623	EFNA1
624	SLC50A1
625	DPM3
626	KRTCAP2
627	TRIM46
628	THBS3
629	MTX1
630	GBA
631	HCN3
632	FDPS
633	RUSC1
634	ASH1L-AS1
635	MSTO1
636	SSR2
637	UBQLN4
638	LAMTOR2
639	LMNA
640	SEMA4A
641	SLC25A44
642	BGLAP
643	PAQR6
644	TMEM79
645	GLMP
646	CCT3
647	TSACC
648	IQGAP3
649	NAXE
650	GPATCH4
651	HAPLN2
652	BCAN
653	NES
654	CRABP2
655	MRPL24
656	NTRK1
657	ETV3
658	IFI16
659	CADM3-AS1
660	ACKR1
661	DUSP23
662	VSIG8
663	LINC01133
664	KCNJ10
665	KCNJ9
666	IGSF8
667	ATP1A2
668	ATP1A4
669	CASQ1
670	PEA15
671	NHLH1
672	VANGL2
673	F11R
674	TSTD1
675	USF1
676	KLHDC9
677	PFDN2
678	NIT1
679	DEDD
680	UFC1
681	USP21
682	PPOX
683	B4GALT3
684	NDUFS2
685	PCP4L1
686	MPZ
687	FCRLB
688	DUSP12
689	OLFML2B
690	C1orf226
691	SH2D1B
692	DDR2
693	HSD17B7
694	CCDC190
695	RGS4
696	RGS5
697	NUF2
698	PBX1
699	ALDH9A1
700	TMCO1-AS1
701	FAM78B
702	MAEL
703	GPA33
704	CD247
705	RCSD1
706	ADCY10
707	MPC2
708	GPR161
709	SFT2D2
710	TBX19
711	DPT
712	LINC00626
713	LINC00970
714	ATP1B1
715	F5
716	SELP
717	C1orf112
718	SELE
719	METTL18
720	SCYL3
721	GORAB-AS1
722	PRRX1
723	MYOCOS
724	DNM3
725	DNM3OS
726	PIGC
727	TNFSF18
728	TNFSF4
729	PRDX6
730	SLC9C2
731	ANKRD45
732	GAS5
733	RC3H1-IT1
734	RABGAP1L-IT1
735	CACYBP
736	TNN
737	TNR
738	LINC02803
739	PAPPA2
740	SEC16B
741	RASAL2-AS1
742	C1orf220
743	ANGPTL1
744	AXDND1
745	TDRD5
746	FAM163A
747	LINC02818
748	LHX4
749	KIAA1614
750	MR1
751	IER5
752	LINC01344
753	GLUL
754	RGSL1
755	RNASEL
756	NPL
757	ARPC5
758	APOBEC4
759	TSEN15
760	NIBAN1
761	RNF2
762	HMCN1
763	PDC
764	PTGS2
765	PACERR
766	PLA2G4A
767	BRINP3
768	LINC01351
769	LINC01680
770	RGS2
771	GLRX2
772	B3GALT2
773	LINC01031
774	KCNT2
775	ASPM
776	CRB1
777	C1orf53
778	NEK7
779	PTPRC
780	MIR181A1HG
781	LINC00862
782	ZNF281
783	KIF14
784	DDX59
785	DDX59-AS1
786	PKP1
787	TNNT2
788	PHLDA3
789	CSRP1
790	AC096677.1
791	IPO9-AS1
792	SHISA4
793	TIMM17A
794	ELF3-AS1
795	ARL8A
796	PTPN7
797	UBE2T
798	SYT2
799	CYB5R1
800	TMEM183A
801	CHI3L1
802	CHIT1
803	LINC01353
804	BTG2
805	PRELP
806	ATP2B4
807	ZC3H11A
808	ZBED6
809	SNRPE
810	SOX13
811	ETNK2
812	REN
813	GOLT1A
814	AL606489.1
815	PPP1R15B
816	CNTN2
817	TMEM81
818	KLHDC8A
819	LEMD1
820	CDK18
821	RAB29
822	SLC41A1
823	PM20D1
824	RAB7B
825	RHEX
826	IKBKE
827	DYRK3
828	MAPKAPK2
829	YOD1
830	C4BPA
831	CR1L
832	MIR29B2CHG
833	PLXNA2
834	LAMB3
835	HSD11B1-AS1
836	HSD11B1
837	TRAF3IP3
838	C1orf74
839	SERTAD4-AS1
840	SERTAD4
841	HHAT
842	KCNH1-IT1
843	TRAF5
844	LINC00467
845	SLC30A1
846	INTS7
847	PACC1
848	NENF
849	ATF3
850	BATF3
851	TATDN3
852	SPATA45
853	FLVCR1-DT
854	FLVCR1
855	VASH2
856	PROX1-AS1
857	PROX1
858	SMYD2
859	PTPN14
860	CENPF
861	KCNK2
862	USH2A
863	ESRRG
864	GPATCH2
865	SPATA17
866	TGFB2
867	LYPLAL1-DT
868	LYPLAL1-AS1
869	SLC30A10
870	C1orf115
871	HLX-AS1
872	DISP1
873	TLR5
874	SUSD4
875	CAPN8
876	TP53BP2
877	DEGS1
878	CNIH3
879	LINC02813
880	DNAH14
881	SRP9
882	EPHX1
883	TMEM63A
884	LEFTY1
885	PYCR2
886	H3F3A
887	LINC01703
888	ACBD3-AS1
889	LIN9
890	STUM
891	ITPKB
892	PSEN2
893	JMJD4
894	WNT9A
895	ARF1
896	C1orf35
897	MRPL55
898	GUK1
899	GJC2
900	OBSCN-AS1
901	OBSCN
902	TRIM17
903	HIST3H2A
904	HIST3H2BB
905	RNF187
906	RHOU
907	C1orf198
908	TRIM67
909	C1orf131
910	EXOC8
911	SPRTN
912	DISC1
913	MAP10
914	KCNK1
915	SLC35F3
916	COA6-AS1
917	TARBP1
918	IRF2BP2
919	TOMM20
920	RBM34
921	TBCE
922	GNG4
923	EDARADD
924	CHRM3
925	CHRM3-AS2
926	GREM2
927	KMO
928	OPN3
929	CHML
930	WDR64
931	PLD5
932	AKT3-IT1
933	LINC02774
934	ZBTB18
935	C1orf100
936	CATSPERE
937	COX20
938	EFCAB2
939	KIF26B
940	KIF26B-AS1
941	LINC01341
942	ZNF695
943	ZNF669
944	ZNF124
945	ZNF496
946	NLRP3
947	TRIM58
948	OR2AJ1
949	OR2L8
950	OR2L5
951	OR2L2
952	OR2L3
953	OR2L13
954	OR2M2
955	OR2M3
956	OR2M4
957	OR2T12
958	OR2T6
959	OR2G6
960	OR2T10
961	OR2T11
962	OR14I1
963	LYPD8
964	ZNF672
965	ZNF692
966	PGBD2
967	FAM110C
968	SH3YL1
969	ALKAL2
970	LINC01865
971	TMEM18
972	AC092159.2
973	LINC01115
974	SNTG2
975	TPO
976	PXDN
977	MYT1L
978	MYT1L-AS1
979	LINC01250
980	TRAPPC12-AS1
981	ADI1
982	RPS7
983	COLEC11
984	ALLC
985	DCDC2C
986	SILC1
987	NRIR
988	CMPK2
989	RSAD2
990	LINC00298
991	LINC00299
992	LINC01814
993	ID2-AS1
994	ID2
995	KLF11
996	CYS1
997	RRM2
998	HPCAL1
999	ODC1
1000	RN7SL832P
1001	ATP6V1C2
1002	PDIA6
1003	LINC01954
1004	KCNF1
1005	C2orf50
1006	SLC66A3
1007	GREB1
1008	MIR3681HG
1009	TRIB2
1010	LINC00276
1011	LRATD1
1012	MYCN
1013	RAD51AP2
1014	KCNS3
1015	RDH14
1016	LINC01376
1017	TTC32
1018	WDR35
1019	LAPTM4A
1020	RHOB
1021	HS1BP3
1022	GDF7
1023	KLHL29
1024	MFSD2B
1025	FKBP1B
1026	SF3B6
1027	TP53I3
1028	PFN4
1029	FAM228A
1030	PTRHD1
1031	CENPO
1032	DNAJC27-AS1
1033	EFR3B
1034	DNMT3A
1035	ADGRF3
1036	DRC1
1037	OTOF
1038	CIB4
1039	KCNK3
1040	AGBL5
1041	OST4
1042	KHK
1043	ABHD1
1044	PREB
1045	ATRAID
1046	CAD
1047	SLC30A3
1048	DNAJC5G
1049	TRIM54
1050	GTF3C2-AS1
1051	EIF2B4
1052	SNX17
1053	ZNF513
1054	KRTCAP3
1055	FNDC4
1056	GCKR
1057	C2orf16
1058	RBKS
1059	BABAM2
1060	FOSL2
1061	PPP1CB
1062	SPDYA
1063	TOGARAM2
1064	ALK
1065	YPEL5
1066	LBH
1067	CAPN13
1068	GALNT14
1069	CAPN14
1070	EHD3
1071	NLRC4
1072	TTC27
1073	LINC00486
1074	LTBP1
1075	RASGRP3
1076	LINC01320
1077	CRIM1-DT
1078	CRIM1
1079	VIT
1080	GPATCH11
1081	CEBPZ
1082	PRKD3
1083	QPCT
1084	LINC00211
1085	RMDN2-AS1
1086	CYP1B1
1087	CYP1B1-AS1
1088	LINC02613
1089	HNRNPLL
1090	GALM
1091	SRSF7
1092	MORN2
1093	SOS1-IT1
1094	CDKL4
1095	MAP4K3-DT
1096	SLC8A1-AS1
1097	SLC8A1
1098	LINC01794
1099	KCNG3
1100	MTA3
1101	HAAO
1102	THADA
1103	PLEKHH2
1104	DYNC2LI1
1105	ABCG5
1106	ABCG8
1107	SLC3A1
1108	CAMKMT
1109	SRBD1
1110	EPAS1
1111	ATP6V1E2
1112	RHOQ
1113	LINC01118
1114	SOCS5
1115	LINC01119
1116	MCFD2
1117	STPG4
1118	CALM2
1119	EPCAM-DT
1120	EPCAM
1121	KCNK12
1122	FOXN2
1123	STON1-GTF2A1L
1124	LHCGR
1125	AC009975.1
1126	FSHR
1127	NRXN1
1128	CHAC2
1129	ERLEC1
1130	PSME4
1131	C2orf73
1132	CLHC1
1133	RPS27A
1134	EFEMP1
1135	VRK2
1136	FANCL
1137	LINC01122
1138	LINC01793
1139	LINC01185
1140	KIAA1841
1141	C2orf74
1142	AC016747.2
1143	AC016727.1
1144	XPO1
1145	TMEM17
1146	MDH1
1147	LGALSL-DT
1148	LGALSL
1149	SERTAD2
1150	LINC01800
1151	LINC02576
1152	SPRED2
1153	AC007389.3
1154	MEIS1
1155	LINC01828
1156	LINC01829
1157	ETAA1
1158	APLF
1159	ARHGAP25
1160	ANTXR1
1161	ANXA4
1162	SNRNP27
1163	ASPRV1
1164	PCBP1
1165	FAM136A
1166	TGFA
1167	VAX2
1168	ANKRD53
1169	MCEE
1170	PAIP2B
1171	DYSF
1172	CYP26B1
1173	SPR
1174	PRADC1
1175	CCT7
1176	EGR4
1177	DUSP11
1178	DGUOK-AS1
1179	TET3
1180	BOLA3
1181	BOLA3-AS1
1182	MTHFD2
1183	SLC4A5
1184	DCTN1
1185	DCTN1-AS1
1186	C2orf81
1187	WDR54
1188	INO80B
1189	WBP1
1190	MOGS
1191	PCGF1
1192	AUP1
1193	HTRA2
1194	LOXL3
1195	M1AP
1196	POLE4
1197	TACR1
1198	EVA1A
1199	MRPL19
1200	LRRTM4
1201	CTNNA2
1202	LRRTM1
1203	DNAH6
1204	TRABD2A
1205	TMSB10
1206	TCF7L1
1207	TGOLN2
1208	RETSAT
1209	PARTICL
1210	MAT2A
1211	GGCX
1212	VAMP8
1213	RNF181
1214	TMEM150A
1215	C2orf68
1216	GNLY
1217	ATOH8
1218	MRPL35
1219	KDM3A
1220	CD8A
1221	RGPD1
1222	CYTOR
1223	PLGLB2
1224	RGPD2
1225	KRCC1
1226	SMYD1
1227	THNSL2
1228	MAL
1229	ZNF2
1230	PROM2
1231	KCNIP3
1232	LINC00342
1233	GPAT2
1234	DUSP2
1235	STARD7-AS1
1236	ITPRIPL1
1237	NEURL3
1238	ARID5A
1239	KANSL3
1240	FER1L5
1241	LMAN2L
1242	SEMA4C
1243	FAM178B
1244	FAHD2B
1245	AC092683.1
1246	ANKRD36B
1247	COX5B
1248	ACTR1B
1249	C2orf92
1250	VWA3B
1251	CNGA3
1252	UNC50
1253	LINC02611
1254	C2orf15
1255	LIPT1
1256	MITD1
1257	LYG2
1258	LYG1
1259	TXNDC9
1260	AFF3
1261	LONRF2
1262	PDCL3
1263	LINC01868
1264	NPAS2
1265	RPL31
1266	TBC1D8
1267	TBC1D8-AS1
1268	CNOT11
1269	CREG2
1270	RFX8
1271	IL1RL2
1272	SLC9A2
1273	MFSD9
1274	TMEM182
1275	LINC01965
1276	LINC01102
1277	LINC01103
1278	PANTR1
1279	LINC01114
1280	POU3F3
1281	LINC01918
1282	C2orf49
1283	ECRG4
1284	RGPD3
1285	ST6GAL2
1286	LINC01885
1287	LINC01886
1288	RGPD4
1289	GCC2-AS1
1290	SH3RF3
1291	SEPTIN10
1292	LINC01123
1293	MTLN
1294	LINC01106
1295	ACOXL
1296	MIR4435-2HG
1297	BCL2L11
1298	MERTK
1299	TMEM87B
1300	FBLN7
1301	ZC3H6
1302	RGPD8
1303	CHCHD5
1304	PSD4
1305	PAX8-AS1
1306	PAX8
1307	CBWD2
1308	AC017074.1
1309	AC104653.1
1310	LINC01191
1311	DPP10
1312	DPP10-AS3
1313	DPP10-AS1
1314	DDX18
1315	THORLNC
1316	C1QL2
1317	STEAP3
1318	STEAP3-AS1
1319	DBI
1320	SCTR
1321	CFAP221
1322	TMEM177
1323	GLI2
1324	NIFK
1325	CNTNAP5
1326	BIN1
1327	CYP27C1
1328	MAP3K2-DT
1329	LIMS2
1330	SFT2D3
1331	HS6ST1
1332	LINC02572
1333	CCDC74B
1334	MZT2B
1335	CCDC115
1336	IMP4
1337	CCDC74A
1338	LINC01945
1339	ANKRD30BL
1340	GPR39
1341	NCKAP5
1342	NCKAP5-AS2
1343	TMEM163
1344	CCNT2-AS1
1345	ACMSD
1346	MAP3K19
1347	ZRANB3
1348	MCM6
1349	DARS-AS1
1350	THSD7B
1351	HNMT
1352	LINC02631
1353	NXPH2
1354	LRP1B
1355	ARHGAP15
1356	ZEB2
1357	LINC01412
1358	TEX41
1359	EPC2
1360	LYPD6B
1361	LYPD6
1362	LINC01931
1363	LINC01818
1364	RBM43
1365	NEB
1366	RPRM
1367	GALNT13
1368	AC009227.1
1369	KCNJ3
1370	LINC01876
1371	NR4A2
1372	ACVR1C
1373	ACVR1
1374	UPP2
1375	CCDC148-AS1
1376	CCDC148
1377	PKP4-AS1
1378	DAPL1
1379	TANC1
1380	BAZ2B
1381	CD302
1382	LY75
1383	PLA2R1
1384	RBMS1
1385	TBR1
1386	DPP4
1387	FAP
1388	IFIH1
1389	GCA
1390	KCNH7
1391	FIGN
1392	GRB14
1393	COBLL1
1394	SLC38A11
1395	SCN3A
1396	GALNT3
1397	TTC21B-AS1
1398	SCN1A-AS1
1399	SCN1A
1400	SCN9A
1401	SCN7A
1402	XIRP2
1403	CERS6-AS1
1404	NOSTRIN
1405	SPC25
1406	ABCB11
1407	LRP2
1408	BBS5
1409	CCDC173
1410	PHOSPHO2
1411	SSB
1412	MYO3B
1413	ERICH2
1414	GAD1
1415	CYBRD1
1416	DYNC1I2
1417	HAT1
1418	METAP1D
1419	ITGA6
1420	PDK1
1421	RAPGEF4-AS1
1422	MAP3K20
1423	MAP3K20-AS1
1424	WIPF1
1425	CHRNA1
1426	ATP5MC3
1427	LINC01117
1428	LINC01116
1429	TTC30A
1430	PDE11A
1431	CHROMR
1432	PJVK
1433	FKBP7
1434	TTN-AS1
1435	TTN
1436	CCDC141
1437	ZNF385B
1438	SCHLAP1
1439	UBE2E3
1440	LINC01934
1441	ITGA4
1442	CERKL
1443	NEUROD1
1444	PPP1R1C
1445	PDE1A
1446	FRZB
1447	DUSP19
1448	ZNF804A
1449	FSIP2
1450	LINC01473
1451	ITGAV
1452	CALCRL
1453	TFPI
1454	LINC01090
1455	COL5A2
1456	ASNSD1
1457	OSGEPL1
1458	OSGEPL1-AS1
1459	ORMDL1
1460	C2orf88
1461	MSTN
1462	HIBCH
1463	INPP1
1464	NEMP2
1465	STAT1
1466	STAT4
1467	MYO1B
1468	NABP1
1469	TMEFF2
1470	LINC01821
1471	DNAH7
1472	STK17B
1473	CCDC150
1474	PGAP1
1475	ANKRD44
1476	HSPD1
1477	HSPE1
1478	RFTN2
1479	MARS2
1480	PLCL1
1481	LINC01923
1482	SATB2-AS1
1483	LINC01877
1484	FTCDNL1
1485	C2orf69
1486	MAIP1
1487	CLK1
1488	PPIL3
1489	NIF3L1
1490	NDUFB3
1491	CFLAR
1492	CFLAR-AS1
1493	CASP8
1494	FLACC1
1495	STRADB
1496	C2CD6
1497	MPP4
1498	CDK15
1499	KIAA2012
1500	KIAA2012-AS1
1501	CARF
1502	CYP20A1
1503	RAPH1
1504	PARD3B
1505	NRP2
1506	AC007383.2
1507	EEF1B2
1508	GPR1
1509	DYTN
1510	MDH1B
1511	CPO
1512	MYOSLID
1513	METTL21A
1514	CCNYL1
1515	FZD5
1516	C2orf80
1517	PTH2R
1518	MAP2
1519	KANSL1L
1520	LANCL1-AS1
1521	CPS1
1522	ERBB4
1523	IKZF2
1524	SPAG16-DT
1525	VWC2L
1526	BARD1
1527	SNHG31
1528	ABCA12
1529	FN1
1530	LINC00607
1531	MREG
1532	LINC01963
1533	MARCH4
1534	RPL37A
1535	LINC01280
1536	IGFBP2
1537	IGFBP5
1538	DIRC3-AS1
1539	DIRC3
1540	TNS1
1541	AAMP
1542	TMBIM1
1543	CATIP-AS2
1544	CATIP
1545	SLC11A1
1546	CTDSP1
1547	VIL1
1548	PLCD4
1549	BCS1L
1550	RNF25
1551	CYP27A1
1552	WNT10A
1553	LINC01494
1554	CDK5R2
1555	CFAP65
1556	NHEJ1
1557	CNPPD1
1558	RETREG2
1559	ZFAND2B
1560	ABCB6
1561	ATG9A
1562	ANKZF1
1563	GLB1L
1564	STK16
1565	TUBA4A
1566	DNAJB2
1567	PTPRN
1568	DNPEP
1569	GMPPA
1570	ASIC4
1571	CHPF
1572	TMEM198
1573	OBSL1
1574	INHA
1575	STK11IP
1576	SLC4A3
1577	MOGAT1
1578	KCNE4
1579	SCG2
1580	MRPL44
1581	SERPINE2
1582	DOCK10
1583	NYAP2
1584	IRS1
1585	RHBDD1
1586	COL4A4
1587	COL4A3
1588	SLC19A3
1589	DAW1
1590	SPHKAP
1591	LINC01807
1592	PID1
1593	FBXO36
1594	SP110
1595	SP140
1596	SP140L
1597	SP100
1598	ITM2C
1599	GCSIR
1600	GPR55
1601	C2orf72
1602	HTR2B
1603	NCL
1604	LINC00471
1605	PTMA
1606	TIGD1
1607	EFHD1
1608	KCNJ13
1609	INPP5D
1610	DGKD
1611	USP40
1612	ARL4C
1613	SH3BP4
1614	ASB18
1615	IQCA1
1616	COPS8
1617	COL6A3
1618	RAB17
1619	RBM44
1620	RAMP1
1621	LINC02610
1622	HES6
1623	PER2
1624	LINC01107
1625	LINC01937
1626	TWIST2
1627	HDAC4
1628	HDAC4-AS1
1629	COPS9
1630	GPC1
1631	ANKMY1
1632	DUSP28
1633	RNPEPL1
1634	CAPN10-DT
1635	CAPN10
1636	GPR35
1637	SNED1
1638	PASK
1639	ANO7
1640	FARP2
1641	BOK
1642	DTYMK
1643	D2HGDH
1644	GAL3ST2
1645	RTP5
1646	LINC01237
1647	CHL1-AS2
1648	CHL1-AS1
1649	LINC01266
1650	CNTN6
1651	CNTN4
1652	CNTN4-AS2
1653	CNTN4-AS1
1654	IL5RA
1655	TRNT1
1656	SUMF1
1657	LRRN1
1658	ITPR1-DT
1659	EGOT
1660	BHLHE40
1661	GRM7-AS3
1662	GRM7
1663	GRM7-AS1
1664	LMCD1-AS1
1665	LMCD1
1666	SSUH2
1667	CAV3
1668	OXTR
1669	RAD18
1670	THUMPD3-AS1
1671	LHFPL4
1672	CPNE9
1673	BRPF1
1674	OGG1
1675	CAMK1
1676	TADA3
1677	ARPC4
1678	JAGN1
1679	IL17RE
1680	IL17RC
1681	CRELD1
1682	FANCD2
1683	BRK1
1684	IRAK2
1685	GHRL
1686	GHRLOS
1687	ATP2B2-IT2
1688	SLC6A11
1689	SLC6A1
1690	HRH1
1691	SYN2
1692	PPARG
1693	MKRN2OS
1694	RPL32
1695	FBLN2
1696	LINC00620
1697	WNT7A
1698	CHCHD4
1699	XPC
1700	LSM3
1701	GRIP2
1702	C3orf20
1703	FGD5
1704	EAF1-AS1
1705	BTD
1706	GALNT15
1707	DPH3
1708	TBC1D5
1709	SATB1
1710	SATB1-AS1
1711	KCNH8
1712	EFHB
1713	PP2D1
1714	KAT2B
1715	SGO1-AS1
1716	ZNF385D
1717	ZNF385D-AS2
1718	UBE2E2
1719	RPL15
1720	THRB
1721	THRB-IT1
1722	THRB-AS1
1723	RARB
1724	LRRC3B
1725	NEK10
1726	ZCWPW2
1727	RBMS3
1728	RBMS3-AS3
1729	RBMS3-AS2
1730	OSBPL10
1731	OSBPL10-AS1
1732	ZNF860
1733	CMTM8
1734	CMTM7
1735	CNOT10-AS1
1736	TRIM71
1737	CRTAP
1738	SUSD5
1739	LINC01811
1740	STAC
1741	DCLK3
1742	LINC02033
1743	TRANK1
1744	EPM2AIP1
1745	ITGA9
1746	VILL
1747	DLEC1
1748	ACAA1
1749	SLC22A13
1750	SLC22A14
1751	SCN5A
1752	SCN11A
1753	GORASP1
1754	TTC21A
1755	CSRNP1
1756	RPSA
1757	MOBP
1758	EIF1B
1759	ENTPD3
1760	RPL14
1761	ZNF621
1762	CCK
1763	LYZL4
1764	VIPR1-AS1
1765	SS18L2
1766	HHATL
1767	CCDC13
1768	HIGD1A
1769	ACKR2
1770	KRBOX1
1771	GASK1A
1772	SNRK-AS1
1773	TOPAZ1
1774	ZKSCAN7
1775	ZKSCAN7-AS1
1776	ZNF502
1777	ZNF501
1778	KIAA1143
1779	KIF15
1780	TMEM42
1781	CDCP1
1782	TMEM158
1783	LARS2-AS1
1784	LIMD1
1785	LIMD1-AS1
1786	SLC6A20
1787	LZTFL1
1788	FYCO1
1789	LRRC2
1790	ALS2CL
1791	TMIE
1792	PTH1R
1793	NBEAL2
1794	KIF9
1795	ELP6
1796	NME6
1797	SPINK8
1798	FBXW12
1799	PLXNB1
1800	CCDC51
1801	TMA7
1802	ATRIP
1803	SHISA5
1804	COL7A1
1805	UQCRC1
1806	SLC26A6
1807	CELSR3
1808	LINC02585
1809	IP6K2
1810	PRKAR2A-AS1
1811	SLC25A20
1812	ARIH2OS
1813	WDR6
1814	DALRD3
1815	NDUFAF3
1816	IMPDH2
1817	USP19
1818	CCDC71
1819	KLHDC8B
1820	C3orf84
1821	CCDC36
1822	C3orf62
1823	TCTA
1824	AMT
1825	NICN1
1826	BSN-DT
1827	APEH
1828	MST1
1829	GMPPB
1830	TRAIP
1831	CAMKV
1832	MST1R
1833	RBM5-AS1
1834	SEMA3F
1835	SEMA3B
1836	IFRD2
1837	HYAL3
1838	NAA80
1839	HYAL1
1840	HYAL2
1841	TUSC2
1842	RASSF1
1843	NPRL2
1844	CYB561D2
1845	TMEM115
1846	CACNA2D2
1847	C3orf18
1848	MANF
1849	RBM15B
1850	GRM2
1851	RRP9
1852	PARP3
1853	ABHD14B
1854	ABHD14A
1855	ACY1
1856	RPL29
1857	DUSP7
1858	POC1A
1859	ALAS1
1860	TWF2
1861	PPM1M
1862	WDR82
1863	GLYCTK
1864	DNAH1
1865	BAP1
1866	PHF7
1867	NT5DC2
1868	SMIM4
1869	GNL3
1870	GLT8D1
1871	SPCS1
1872	ITIH4
1873	RFT1
1874	PRKCD
1875	TKT
1876	CHDH
1877	IL17RB
1878	SELENOK
1879	CACNA2D3-AS1
1880	LRTM1
1881	WNT5A
1882	ERC2-IT1
1883	IL17RD
1884	HESX1
1885	ASB14
1886	DNAH12
1887	ARF4
1888	ARF4-AS1
1889	DENND6A-AS1
1890	PDHB
1891	KCTD6
1892	ACOX2
1893	FAM107A
1894	FAM3D-AS1
1895	C3orf67
1896	C3orf67-AS1
1897	FHIT
1898	PTPRG-AS1
1899	FEZF2
1900	CADPS
1901	LINC00698
1902	SYNPR
1903	SYNPR-AS1
1904	SNTN
1905	C3orf49
1906	PSMD6-AS2
1907	PRICKLE2
1908	PRICKLE2-AS3
1909	ADAMTS9
1910	ADAMTS9-AS1
1911	ADAMTS9-AS2
1912	MAGI1-IT1
1913	MAGI1-AS1
1914	LRIG1
1915	KBTBD8
1916	SUCLG2
1917	SUCLG2-AS1
1918	TAFA1
1919	TAFA4
1920	EOGT
1921	ARL6IP5
1922	LMOD3
1923	FRMD4B
1924	MITF
1925	SAMMSON
1926	FOXP1-AS1
1927	FOXP1-IT1
1928	GPR27
1929	LINC00877
1930	LINC00870
1931	RYBP
1932	SHQ1
1933	GXYLT2
1934	PDZRN3
1935	CNTN3
1936	LINC02018
1937	LINC00960
1938	ZNF717
1939	ROBO2
1940	ROBO1
1941	GBE1
1942	LINC02008
1943	CADM2
1944	CADM2-AS2
1945	CADM2-AS1
1946	HTR1F
1947	CGGBP1
1948	CSNKA2IP
1949	EPHA3
1950	PROS1
1951	STX19
1952	DHFR2
1953	NSUN3
1954	EPHA6
1955	CRYBG3
1956	ST3GAL6-AS1
1957	COL8A1
1958	FILIP1L
1959	NIT2
1960	TMEM45A
1961	ABI3BP
1962	IMPG2
1963	TRMT10C
1964	ZBTB11-AS1
1965	RPL24
1966	ZPLD1
1967	ALCAM
1968	LINC00882
1969	DUBR
1970	LINC01990
1971	BBX
1972	LINC00636
1973	HHLA2
1974	MYH15
1975	CIP2A
1976	LINC00488
1977	LINC01205
1978	NECTIN3-AS1
1979	NECTIN3
1980	CD96
1981	PLCXD2
1982	PHLDB2
1983	TAGLN3
1984	TMPRSS7
1985	C3orf52
1986	SLC9C1
1987	CCDC80
1988	CD200R1
1989	NEPRO
1990	BOC
1991	CFAP44-AS1
1992	SIDT1
1993	SIDT1-AS1
1994	GRAMD1C
1995	ZDHHC23
1996	CCDC191
1997	QTRT2
1998	ZBTB20
1999	ZBTB20-AS5
2000	LSAMP
2001	LSAMP-AS1
2002	LINC00903
2003	TUSC7
2004	LINC00901
2005	LINC02024
2006	IGSF11-AS1
2007	UPK1B
2008	B4GALT4-AS1
2009	ARHGAP31
2010	COX17
2011	MAATS1
2012	GPR156
2013	FSTL1
2014	NDUFB4
2015	HGD
2016	POLQ
2017	ARGFX
2018	FBXO40
2019	HCLS1
2020	EAF2
2021	SLC15A2
2022	WDR5B
2023	PARP14
2024	SEMA5B
2025	PDIA5
2026	MYLK-AS1
2027	MYLK
2028	MYLK-AS2
2029	ITGB5
2030	HEG1
2031	SLC12A8
2032	LINC02614
2033	ROPN1B
2034	ALDH1L1
2035	KLF15
2036	CFAP100
2037	UROC1
2038	PLXNA1
2039	LINC02016
2040	LINC01471
2041	ABTB1
2042	KBTBD12
2043	EEFSEC
2044	RPN1
2045	KIAA1257
2046	EFCC1
2047	RAB43
2048	H1FX
2049	EFCAB12
2050	PLXND1
2051	ALG1L2
2052	COL6A6
2053	ASTE1
2054	NUDT16
2055	CPNE4
2056	ACKR4
2057	NPHP3-AS1
2058	TMEM108
2059	TMEM108-AS1
2060	BFSP2
2061	BFSP2-AS1
2062	TF
2063	SLCO2A1
2064	ANAPC13
2065	PPP2R3A
2066	STAG1
2067	NCK1-DT
2068	IL20RB
2069	IL20RB-AS1
2070	CLDN18
2071	DZIP1L
2072	NME9
2073	ESYT3
2074	FAIM
2075	RBP2
2076	NMNAT3
2077	CLSTN2
2078	SPSB4
2079	PXYLP1
2080	RNF7
2081	GRK7
2082	ATP1B3-AS1
2083	TFDP2
2084	ATR
2085	PLS1
2086	PCOLCE2
2087	PAQR9
2088	PAQR9-AS1
2089	CHST2
2090	SLC9A9
2091	DIPK2A
2092	LNCSRLR
2093	PLOD2
2094	PLSCR4
2095	PLSCR2
2096	PLSCR1
2097	GYG1
2098	CP
2099	WWTR1
2100	COMMD2
2101	ANKUB1
2102	PFN2
2103	ERICH6
2104	ERICH6-AS1
2105	SIAH2-AS1
2106	CLRN1-AS1
2107	CLRN1
2108	GPR171
2109	P2RY14
2110	GPR87
2111	P2RY12
2112	IGSF10
2113	AADACL2-AS1
2114	MBNL1
2115	MBNL1-AS1
2116	RAP2B
2117	LINC02006
2118	C3orf79
2119	ARHGEF26-AS1
2120	ARHGEF26
2121	GPR149
2122	MME
2123	PLCH1
2124	KCNAB1
2125	TIPARP
2126	LINC00886
2127	LEKR1
2128	VEPH1
2129	MLF1
2130	LXN
2131	RARRES1
2132	IQCJ-SCHIP1
2133	IQCJ
2134	IL12A-AS1
2135	LINC01100
2136	C3orf80
2137	TRIM59
2138	NMD3
2139	SPTSSB
2140	LINC02067
2141	LINC02023
2142	SLITRK3
2143	LINC01322
2144	BCHE
2145	ZBBX
2146	LINC01327
2147	SERPINI2
2148	WDR49
2149	GOLIM4
2150	LINC02082
2151	MECOM
2152	LRRIQ4
2153	SEC62
2154	SEC62-AS1
2155	GPR160
2156	SKIL
2157	CLDN11
2158	SLC7A14-AS1
2159	SLC7A14
2160	RPL22L1
2161	EIF5A2
2162	PLD1
2163	TMEM212-AS1
2164	TMEM212
2165	ECT2
2166	NLGN1
2167	NLGN1-AS1
2168	NAALADL2
2169	LINC01208
2170	TBL1XR1-AS1
2171	LINC00501
2172	LINC02015
2173	KCNMB2
2174	KCNMB2-AS1
2175	PIK3CA
2176	KCNMB3
2177	MFN1
2178	GNB4
2179	ACTL6A
2180	MRPL47
2181	PEX5L
2182	PEX5L-AS1
2183	PEX5L-AS2
2184	TTC14
2185	CCDC39
2186	FXR1
2187	DNAJC19
2188	SOX2-OT
2189	SOX2
2190	DCUN1D1
2191	LAMP3
2192	B3GNT5
2193	MAP6D1
2194	ABCC5-AS1
2195	HTR3E-AS1
2196	HTR3E
2197	EIF2B5
2198	AP2M1
2199	ABCF3
2200	VWA5B2
2201	ALG3
2202	CAMK2N2
2203	ECE2
2204	PSMD2
2205	FAM131A
2206	THPO
2207	CHRD
2208	LINC02054
2209	EPHB3
2210	MAGEF1
2211	LINC02069
2212	EHHADH
2213	TMEM41A
2214	LIPH
2215	IGF2BP2
2216	ETV5
2217	DGKG
2218	CRYGS
2219	DNAJB11
2220	EIF4A2
2221	LINC02043
2222	ST6GAL1
2223	RPL39L
2224	RTP1
2225	BCL6
2226	LPP
2227	TPRG1
2228	TP63
2229	P3H2
2230	P3H2-AS1
2231	CLDN16
2232	IL1RAP
2233	OSTN
2234	FGF12-AS1
2235	FGF12-AS3
2236	PLAAT1
2237	ATP13A5
2238	ATP13A5-AS1
2239	ATP13A4
2240	OPA1-AS1
2241	HES1
2242	LINC00887
2243	LINC00884
2244	TMEM44-AS1
2245	LSG1
2246	FAM43A
2247	LINC01968
2248	XXYLT1
2249	APOD
2250	MUC20
2251	MUC4
2252	ZDHHC19
2253	SLC51A
2254	FBXO45
2255	CEP19
2256	NCBP2
2257	NCBP2AS2
2258	MELTF
2259	MELTF-AS1
2260	LINC02012
2261	BDH1
2262	RPL35A
2263	ZNF732
2264	TMEM271
2265	PDE6B
2266	ATP5ME
2267	MYL5
2268	SLC49A3
2269	CPLX1
2270	DGKQ
2271	SLC26A1
2272	IDUA
2273	FGFRL1
2274	RNF212
2275	AC092535.4
2276	SPON2
2277	CTBP1-AS
2278	UVSSA
2279	FAM53A
2280	SLBP
2281	TACC3
2282	TMEM129
2283	C4orf48
2284	NAT8L
2285	POLN
2286	MXD4
2287	CFAP99
2288	TNIP2
2289	MFSD10
2290	NOP14-AS1
2291	HTT-AS
2292	MSANTD1
2293	RGS12
2294	DOK7
2295	LRPAP1
2296	ADRA2C
2297	TMEM128
2298	LYAR
2299	NSG1
2300	STX18-AS1
2301	LINC01396
2302	MSX1
2303	STK32B
2304	EVC
2305	C4orf50
2306	JAKMIP1
2307	WFS1
2308	MAN2B2
2309	MRFAP1
2310	LINC02482
2311	MRFAP1L1
2312	BLOC1S4
2313	GRPEL1
2314	LINC02447
2315	SORCS2
2316	AFAP1
2317	ABLIM2
2318	SLC2A9
2319	WDR1
2320	CLNK
2321	HS3ST1
2322	LINC02360
2323	LINC02270
2324	LINC01182
2325	LINC00504
2326	C1QTNF7
2327	CC2D2A
2328	FAM200B
2329	PROM1
2330	TAPT1-AS1
2331	LDB2
2332	AC006160.1
2333	FAM184B
2334	NCAPG
2335	LCORL
2336	SLIT2
2337	KCNIP4
2338	KCNIP4-IT1
2339	ADGRA3
2340	PPARGC1A
2341	AC092834.1
2342	LGI2
2343	SEPSECS
2344	SEPSECS-AS1
2345	PI4K2B
2346	ZCCHC4
2347	ANAPC4
2348	SEL1L3
2349	RBPJ
2350	LINC02364
2351	LINC02472
2352	PCDH7
2353	LINC02497
2354	LINC02484
2355	LINC02505
2356	NWD2
2357	C4orf19
2358	RELL1
2359	TBC1D1
2360	LINC01258
2361	KLF3-AS1
2362	FAM114A1
2363	TMEM156
2364	KLHL5
2365	KLB
2366	RPL9
2367	UGDH-AS1
2368	SMIM14
2369	N4BP2
2370	RBM47
2371	NSUN7
2372	UCHL1-AS1
2373	UCHL1
2374	DCAF4L1
2375	BEND4
2376	KCTD8
2377	YIPF7
2378	GNPDA2
2379	GABRG1
2380	COX7B2
2381	GABRB1
2382	COMMD8
2383	CORIN
2384	NIPAL1
2385	CNGA1
2386	TXK
2387	TEC
2388	OCIAD1-AS1
2389	OCIAD2
2390	LRRC66
2391	SPATA18
2392	USP46-AS1
2393	LINC01618
2394	DANCR
2395	ERVMER34-1
2396	RASL11B
2397	SCFD2
2398	LNX1-AS1
2399	PDGFRA
2400	KIT
2401	SRD5A3
2402	SRD5A3-AS1
2403	CEP135
2404	KIAA1211
2405	PAICS
2406	ARL9
2407	THEGL
2408	HOPX
2409	REST
2410	IGFBP7
2411	ADGRL3
2412	ADGRL3-AS1
2413	LINC02232
2414	EPHA5
2415	EPHA5-AS1
2416	UBA6-AS1
2417	GNRHR
2418	TMPRSS11D
2419	TMPRSS11A
2420	TMPRSS11F
2421	UTP3
2422	DCK
2423	SLC4A4
2424	NPFFR2
2425	ADAMTS3
2426	COX18
2427	MTHFD2L
2428	BTC
2429	PARM1
2430	PPEF2
2431	ART3
2432	FAM47E
2433	STBD1
2434	CCDC158
2435	SHROOM3
2436	SOWAHB
2437	CCNG2
2438	CXCL13
2439	FRAS1
2440	ANXA3
2441	LINC01088
2442	NAA11
2443	ANTXR2
2444	PRDM8
2445	FGF5
2446	CFAP299
2447	BMP3
2448	PRKG2
2449	RASGEF1B
2450	HNRNPDL
2451	THAP9-AS1
2452	THAP9
2453	COQ2
2454	ABRAXAS1
2455	GPAT3
2456	WDFY3-AS1
2457	WDFY3-AS2
2458	ARHGAP24
2459	PTPN13
2460	C4orf36
2461	HSD17B13
2462	SPARCL1
2463	SPP1
2464	ABCG2
2465	PPM1K-DT
2466	PYURF
2467	NAP1L5
2468	FAM13A
2469	TIGD2
2470	GPRIN3
2471	CCSER1
2472	GRID2
2473	PDLIM5
2474	BMPR1B
2475	UNC5C
2476	LINC02267
2477	STPG2
2478	STPG2-AS1
2479	TRMT10A
2480	MTTP
2481	C4orf54
2482	H2AFZ
2483	EMCN
2484	PPP3CA
2485	BANK1
2486	SLC39A8
2487	MANBA
2488	UBE2D3-AS1
2489	SLC9B1
2490	BDH2
2491	CENPE
2492	LINC02428
2493	TACR3
2494	LINC02503
2495	CXXC4
2496	CXXC4-AS1
2497	TET2
2498	ARHGEF38
2499	GSTCD
2500	NPNT
2501	DKK2
2502	SGMS2
2503	CYP2U1
2504	RPL34-AS1
2505	RPL34
2506	OSTC
2507	COL25A1
2508	SEC24B-AS1
2509	MCUB
2510	CASP6
2511	RRH
2512	LRIT3
2513	EGF
2514	ELOVL6
2515	ENPEP
2516	TIFA
2517	ALPK1
2518	ZGRF1
2519	ARSJ
2520	UGT8
2521	NDST4
2522	TRAM1L1
2523	LINC02263
2524	LINC01378
2525	NDST3
2526	SNHG8
2527	PRSS12
2528	METTL14-DT
2529	MYOZ2
2530	C4orf3
2531	PDE5A
2532	MAD2L1
2533	PRDM5
2534	QRFPR
2535	ANXA5
2536	CCNA2
2537	TRPC3
2538	FGF2
2539	SPATA5
2540	SPRY1
2541	LINC01091
2542	LINC02516
2543	FAT4
2544	INTU
2545	SLC25A31
2546	HSPA4L
2547	PLK4
2548	LINC02615
2549	LINC02465
2550	LINC02479
2551	SNHG27
2552	LINC00616
2553	SLC7A11
2554	LINC00499
2555	NOCT
2556	NDUFC1
2557	MGST2
2558	MAML3
2559	SCOC
2560	SCOC-AS1
2561	CLGN
2562	RNF150
2563	ZNF330
2564	IL15
2565	INPP4B
2566	GAB1
2567	FREM3
2568	GYPE
2569	GYPB
2570	HHIP
2571	SMAD1
2572	SMAD1-AS2
2573	C4orf51
2574	SLC10A7
2575	TTC29
2576	EDNRA
2577	TMEM184C
2578	ARHGAP10
2579	NR3C2
2580	LINC02355
2581	IQCM
2582	RPS3A
2583	PRSS48
2584	FAM160A1
2585	GATB
2586	MIR4453HG
2587	TMEM154
2588	FHDC1
2589	MND1
2590	TMEM131L
2591	SFRP2
2592	DCHS2
2593	LRAT
2594	NPY2R
2595	ASIC5
2596	TDO2
2597	CTSO
2598	PDGFC
2599	GASK1B
2600	FAM198B-AS1
2601	TMEM144
2602	RXFP1
2603	C4orf46
2604	ETFDH
2605	PPID
2606	FNIP2
2607	C4orf45
2608	RAPGEF2
2609	FSTL5
2610	NPY1R
2611	NPY5R
2612	MARCH1
2613	TRIM61
2614	FAM218A
2615	MSMO1
2616	TLL1
2617	SPOCK3
2618	DDX60L
2619	SH3RF1
2620	LINC02275
2621	MFAP3L
2622	GALNTL6
2623	GALNT7
2624	HMGB2
2625	SAP30
2626	SCRG1
2627	HAND2-AS1
2628	LINC02268
2629	HPGD
2630	GLRA3
2631	ADAM29
2632	SPATA4
2633	ASB5
2634	VEGFC
2635	AGA
2636	LINC01098
2637	LINC01099
2638	LINC00290
2639	TENM3-AS1
2640	TENM3
2641	CDKN2AIP
2642	ING2
2643	ENPP6
2644	LINC02362
2645	IRF2
2646	LINC02427
2647	PRIMPOL
2648	SLC25A4
2649	CFAP97
2650	LRP2BP
2651	ANKRD37
2652	C4orf47
2653	CCDC110
2654	PDLIM3
2655	SORBS2
2656	AC093797.1
2657	FAM149A
2658	CYP4V2
2659	KLKB1
2660	F11-AS1
2661	MTNR1A
2662	FAT1
2663	LINC01060
2664	FRG1-DT
2665	FRG1
2666	PLEKHG4B
2667	CCDC127
2668	AHRR
2669	EXOC3-AS1
2670	SLC9A3-AS1
2671	TPPP
2672	ZDHHC11B
2673	ZDHHC11
2674	BRD9
2675	TRIP13
2676	NKD2
2677	CLPTM1L
2678	LINC01511
2679	AC026412.3
2680	MRPL36
2681	NDUFS6
2682	ADAMTS16
2683	AC022424.2
2684	LINC02145
2685	MED10
2686	LINC01018
2687	NSUN2
2688	LINC02102
2689	LINC02236
2690	LINC02196
2691	C5orf49
2692	MIR4458HG
2693	SEMA5A
2694	LINC02112
2695	ATPSCKMT
2696	CCT5
2697	ROPN1L
2698	LINC01513
2699	DAP
2700	LINC01194
2701	LINC02220
2702	DNAH5
2703	ANKH
2704	FBXL7
2705	LINC02150
2706	ZNF622
2707	MYO10
2708	BASP1-AS1
2709	LINC02217
2710	LINC02218
2711	LINC02223
2712	CDH18
2713	CDH18-AS1
2714	LINC02241
2715	CDH12
2716	C5orf17
2717	CDH10
2718	CDH9
2719	PURPL
2720	LINC02109
2721	CDH6
2722	PDZD2
2723	SUB1
2724	TARS
2725	ADAMTS12
2726	SLC45A2
2727	AMACR
2728	C1QTNF3
2729	RAI14
2730	TTC23L
2731	BRIX1
2732	PRLR
2733	SPEF2
2734	RANBP3L
2735	SLC1A3
2736	AC008957.1
2737	GDNF-AS1
2738	LINC02119
2739	LIFR-AS1
2740	OSMR
2741	FYB1
2742	DAB2
2743	RPL37
2744	C6
2745	PLCXD3
2746	FBXO4
2747	GHR
2748	CCDC152
2749	SELENOP
2750	HMGCS1
2751	CCL28
2752	C5orf34
2753	NNT-AS1
2754	FGF10
2755	FGF10-AS1
2756	LINC02224
2757	HCN1
2758	EMB
2759	PELO
2760	ITGA1
2761	ITGA2
2762	MOCS2
2763	LINC01033
2764	HSPB3
2765	CCNO
2766	DDX4
2767	IL6ST
2768	ANKRD55
2769	LINC01948
2770	SETD9
2771	PLK2
2772	RAB3C
2773	PDE4D
2774	PART1
2775	DEPDC1B
2776	SMIM15
2777	DIMT1
2778	RGS7BP
2779	ADAMTS6
2780	CENPK
2781	SHLD3
2782	MAST4-IT1
2783	LINC02198
2784	CCNB1
2785	CENPH
2786	CCDC125
2787	TAF9
2788	MARVELD2
2789	OCLN
2790	GTF2H2C
2791	SERF1B
2792	SMN2
2793	SERF1A
2794	SMN1
2795	NAIP
2796	GTF2H2
2797	LINC02197
2798	MCCC2
2799	CARTPT
2800	LINC02056
2801	BTF3
2802	ARHGEF28
2803	LINC01331
2804	LINC01333
2805	ENC1
2806	NSA2
2807	GCNT4
2808	ANKRD31
2809	HMGCR
2810	ANKDD1B
2811	SV2C
2812	IQGAP2
2813	F2R
2814	S100Z
2815	CRHBP
2816	ZBED3
2817	ZBED3-AS1
2818	PDE8B
2819	SCAMP1-AS1
2820	LHFPL2
2821	ARSB
2822	DMGDH
2823	BHMT2
2824	BHMT
2825	HOMER1
2826	CMYA5
2827	THBS4
2828	SERINC5
2829	FAM151B
2830	DHFR
2831	RASGRF2-AS1
2832	RASGRF2
2833	CKMT2
2834	ACOT12
2835	SSBP2
2836	ATG10
2837	RPS23
2838	ATP6AP1L
2839	XRCC4
2840	VCAN
2841	EDIL3
2842	COX7C
2843	LINC01949
2844	CCNH
2845	LINC02144
2846	TMEM161B-AS1
2847	LINC02060
2848	MEF2C-AS2
2849	MEF2C-AS1
2850	LINC01339
2851	CETN3
2852	ADGRV1
2853	LUCAT1
2854	ARRDC3-AS1
2855	NR2F1
2856	MCTP1
2857	FAM81B
2858	GPR150
2859	RFESD
2860	SPATA9
2861	RHOBTB3
2862	GLRX
2863	PCSK1
2864	ERAP2
2865	LIX1-AS1
2866	LIX1
2867	LINC01340
2868	LINC02234
2869	LINC02062
2870	ST8SIA4
2871	SLCO4C1
2872	PAM
2873	LINC02115
2874	NUDT12
2875	LINC02163
2876	LINC01950
2877	EFNA5
2878	MAN2A1
2879	TMEM232
2880	STARD4
2881	STARD4-AS1
2882	NREP-AS1
2883	EPB41L4A
2884	EPB41L4A-AS1
2885	SRP19
2886	REEP5
2887	MCC
2888	KCNN2
2889	FEM1C
2890	TICAM2
2891	TMED7
2892	LVRN
2893	COMMD10
2894	SEMA6A
2895	SEMA6A-AS1
2896	SEMA6A-AS2
2897	LINC00992
2898	LINC02147
2899	LINC02208
2900	DTWD2
2901	TNFAIP8
2902	PRR16
2903	SNCAIP
2904	LINC02201
2905	SNX24
2906	PRDM6
2907	CEP120
2908	LINC01170
2909	ZNF608
2910	LINC02240
2911	GRAMD2B
2912	ALDH7A1
2913	LMNB1-DT
2914	MARCH3
2915	C5orf63
2916	MEGF10
2917	CTXN3
2918	CCDC192
2919	LINC01184
2920	FBN2
2921	SLC27A6
2922	ISOC1
2923	ADAMTS19-AS1
2924	ADAMTS19
2925	MINAR2
2926	CHSY3
2927	HINT1
2928	MEIKIN
2929	P4HA2-AS1
2930	P4HA2
2931	SLC22A4
2932	IRF1
2933	IL5
2934	TH2LCRR
2935	CCNI2
2936	SOWAHA
2937	SHROOM1
2938	UQCRQ
2939	LEAP2
2940	HSPA4
2941	FSTL4
2942	VDAC1
2943	TCF7
2944	SKP1
2945	PPP2CA
2946	CDKN2AIPNL
2947	JADE2
2948	CAMLG
2949	C5orf24
2950	TXNDC15
2951	PCBD2
2952	C5orf66
2953	CXCL14
2954	SLC25A48
2955	TGFBI
2956	TRPC7
2957	TRPC7-AS1
2958	HNRNPA0
2959	MYOT
2960	PKD2L2
2961	WNT8A
2962	NME5
2963	CDC25C
2964	EGR1
2965	CTNNA1
2966	LRRTM2
2967	MATR3
2968	SNHG4
2969	SPATA24
2970	CXXC5
2971	MALINC1
2972	PURA
2973	IGIP
2974	CYSTM1
2975	PFDN1
2976	HBEGF
2977	SLC4A9
2978	SRA1
2979	EIF4EBP3
2980	APBB3
2981	SLC35A4
2982	NDUFA2
2983	TMCO6
2984	IK
2985	DND1
2986	HARS2
2987	ZMAT2
2988	PCDHA1
2989	PCDHA4
2990	PCDHA5
2991	PCDHA6
2992	PCDHA9
2993	PCDHA10
2994	PCDHA11
2995	PCDHA12
2996	PCDHAC1
2997	PCDHAC2
2998	PCDHB2
2999	PCDHB3
3000	PCDHB4
3001	PCDHB5
3002	PCDHB6
3003	PCDHB7
3004	PCDHB16
3005	PCDHB9
3006	PCDHB11
3007	PCDHB12
3008	PCDHB13
3009	PCDHB15
3010	TAF7
3011	PCDHGA1
3012	PCDHGA5
3013	PCDHGA6
3014	PCDHGA7
3015	PCDHGA8
3016	PCDHGB6
3017	PCDHGA10
3018	RELL2
3019	FCHSD1
3020	ARAP3
3021	PCDH1
3022	PCDH12
3023	SPRY4
3024	FGF1
3025	LINC01844
3026	ARHGAP26-AS1
3027	ARHGAP26-IT1
3028	NR3C1
3029	YIPF5
3030	KCTD16
3031	PRELID2
3032	SH3RF2
3033	PLAC8L1
3034	STK32A-AS1
3035	STK32A
3036	JAKMIP2-AS1
3037	SPINK5
3038	SPINK9
3039	HTR4
3040	SH3TC2
3041	AFAP1L1
3042	GRPEL2
3043	GRPEL2-AS1
3044	PCYOX1L
3045	PDE6A
3046	TIGD6
3047	PDGFRB
3048	SLC6A7
3049	TCOF1
3050	CD74
3051	RPS14
3052	NDST1-AS1
3053	SYNPO
3054	MYOZ3
3055	RBM22
3056	GPX3
3057	CCDC69
3058	GM2A
3059	SLC36A1
3060	FAT2
3061	SPARC
3062	CLMAT3
3063	ATOX1
3064	GLRA1
3065	LINC01933
3066	LINC01470
3067	GRIA1
3068	FAM114A2
3069	GALNT10
3070	SAP30L-AS1
3071	SAP30L
3072	FAXDC2
3073	SGCD
3074	HAVCR2
3075	MED7
3076	FNDC9
3077	SOX30
3078	THG1L
3079	LINC01847
3080	ADRA1B
3081	FABP6
3082	CCNJL
3083	C1QTNF2
3084	SLU7
3085	PTTG1
3086	MIR3142HG
3087	ATP10B
3088	GABRA6
3089	LINC01202
3090	CCNG1
3091	NUDCD2
3092	MAT2B
3093	LINC02143
3094	LINC01938
3095	LINC01947
3096	TENM2
3097	WWC1
3098	FBLL1
3099	SLIT3
3100	DOCK2
3101	INSYN2B
3102	LCP2
3103	KCNIP1
3104	KCNMB1
3105	RANBP17
3106	NPM1
3107	FGF18
3108	STK10
3109	SH3PXD2B
3110	NEURL1B
3111	DUSP1
3112	RPL26L1
3113	BOD1
3114	LINC01484
3115	C5orf47
3116	LINC01411
3117	LINC01951
3118	DRD1
3119	CPLX2
3120	THOC3
3121	NOP16
3122	HIGD2A
3123	CLTB
3124	GPRIN1
3125	SNCB
3126	EIF4E1B
3127	TSPAN17
3128	HK3
3129	FGFR4
3130	RAB24
3131	MXD3
3132	PRELID1
3133	RGS14
3134	F12
3135	PRR7
3136	DBN1
3137	PDLIM7
3138	DOK3
3139	DDX41
3140	TMED9
3141	B4GALT7
3142	FAM153A
3143	FAM153CP
3144	N4BP3
3145	RMND5B
3146	NHP2
3147	HNRNPAB
3148	PHYKPL
3149	COL23A1
3150	GRM6
3151	ZNF354C
3152	ADAMTS2
3153	CBY3
3154	CANX
3155	LTC4S
3156	MGAT4B
3157	RASGEF1C
3158	GFPT2
3159	HEIH
3160	LINC00847
3161	BTNL9
3162	LINC01962
3163	TRIM7
3164	RACK1
3165	TRIM52
3166	TRIM52-AS1
3167	LINC01622
3168	FOXQ1
3169	FOXF2
3170	GMDS
3171	GMDS-DT
3172	LINC01600
3173	MYLK4
3174	SERPINB1
3175	SERPINB9P1
3176	SERPINB9
3177	LINC01011
3178	BPHL
3179	TUBB2A
3180	TUBB2B
3181	PSMG4
3182	FAM50B
3183	FAM217A
3184	C6orf201
3185	RPP40
3186	FARS2
3187	NRN1
3188	F13A1
3189	LY86-AS1
3190	LY86
3191	RREB1
3192	SNRNP48
3193	BMP6
3194	HULC
3195	GCNT2
3196	C6orf52
3197	TMEM14C
3198	TMEM14B
3199	MAK
3200	GCM2
3201	SYCP2L
3202	ELOVL2
3203	SMIM13
3204	NEDD9
3205	ADTRP
3206	EDN1
3207	PHACTR1
3208	NOL7
3209	RNF182
3210	CD83
3211	GMPR
3212	ATXN1
3213	AL137003.1
3214	CAP2
3215	KIF13A
3216	NHLRC1
3217	DEK
3218	RNF144B
3219	ID4
3220	MBOAT1
3221	E2F3-IT1
3222	LINC00581
3223	SOX4
3224	CASC15
3225	NBAT1
3226	DCDC2
3227	GPLD1
3228	GMNN
3229	CARMIL1
3230	SCGN
3231	HIST1H4C
3232	HIST1H2AC
3233	HIST1H1E
3234	HIST1H2BD
3235	HIST1H2BE
3236	HIST1H4H
3237	BTN3A2
3238	BTN2A2
3239	BTN3A1
3240	BTN3A3
3241	HCG11
3242	HMGN4
3243	ABT1
3244	LINC00240
3245	ZNF184
3246	HIST1H2BN
3247	ZNF165
3248	ZSCAN16
3249	NKAPL
3250	ZSCAN26
3251	ZSCAN31
3252	ZKSCAN3
3253	ZSCAN23
3254	ZBED9
3255	OR2H2
3256	MOG
3257	HLA-F
3258	HLA-F-AS1
3259	HLA-A
3260	ZNRD1
3261	PPP1R11
3262	HCG18
3263	RPP21
3264	MDC1-AS1
3265	TUBB
3266	IER3
3267	HCG20
3268	LINC00243
3269	DDR1
3270	GTF2H4
3271	CCHCR1
3272	POU5F1
3273	HCG27
3274	HLA-C
3275	HLA-B
3276	MICA
3277	HCP5
3278	MICB
3279	ATP6V1G2
3280	LTB
3281	BAG6
3282	C6orf47
3283	GPANK1
3284	CSNK2B
3285	LY6G5B
3286	LY6G5C
3287	ABHD16A
3288	MSH5
3289	SAPCD1-AS1
3290	VWA7
3291	LSM2
3292	HSPA1L
3293	HSPA1A
3294	HSPA1B
3295	SNHG32
3296	NEU1
3297	EHMT2-AS1
3298	C2
3299	SKIV2L
3300	DXO
3301	TNXB
3302	PRRT1
3303	EGFL8
3304	AGPAT1
3305	RNF5
3306	NOTCH4
3307	TSBP1-AS1
3308	TSBP1
3309	BTNL2
3310	HLA-DRB1
3311	HLA-DQB1
3312	TAP2
3313	TAP1
3314	HLA-DMA
3315	HLA-DPB1
3316	HCG24
3317	COL11A2
3318	RXRB
3319	SLC39A7
3320	RING1
3321	HCG25
3322	RPS18
3323	B3GALT4
3324	WDR46
3325	PFDN6
3326	RGL2
3327	TAPBP
3328	ZBTB22
3329	DAXX
3330	PHF1
3331	CUTA
3332	SYNGAP1-AS1
3333	ZBTB9
3334	BAK1
3335	ITPR3
3336	UQCC2
3337	LEMD2
3338	GRM4
3339	HMGA1
3340	SMIM29
3341	NUDT3
3342	RPS10-NUDT3
3343	RPS10
3344	SPDEF
3345	TAF11
3346	SCUBE3
3347	Z97832.2
3348	DEF6
3349	FANCE
3350	RPL10A
3351	FKBP5
3352	CLPSL1
3353	SRPK1
3354	SLC26A8
3355	PNPLA1
3356	PXT1
3357	SRSF3
3358	CDKN1A
3359	CPNE5
3360	MTCH1
3361	PIM1
3362	CCDC167
3363	MDGA1
3364	BTBD9
3365	DNAH8
3366	SAYSD1
3367	KIF6
3368	DAAM2
3369	TDRG1
3370	LINC00951
3371	LRFN2
3372	OARD1
3373	APOBEC2
3374	FOXP4
3375	TFEB
3376	PGC
3377	FRS3
3378	TOMM6
3379	BYSL
3380	CCND3
3381	GUCA1B
3382	TRERF1
3383	PRPH2
3384	TBCC
3385	C6orf226
3386	GNMT
3387	MEA1
3388	KLHDC3
3389	MRPL2
3390	PTK7
3391	SRF
3392	DNPH1
3393	CRIP3
3394	DLK2
3395	LRRC73
3396	POLR1C
3397	YIPF3
3398	POLH-AS1
3399	GTPBP2
3400	MAD2L1BP
3401	RSPH9
3402	VEGFA
3403	AL109615.3
3404	MRPL14
3405	SLC29A1
3406	HSP90AB1
3407	SLC35B2
3408	TCTE1
3409	SPATS1
3410	RUNX2
3411	CLIC5
3412	ENPP5
3413	RCAN2
3414	CYP39A1
3415	TDRD6
3416	PLA2G7
3417	ADGRF5
3418	OPN5
3419	PTCHD4
3420	CENPQ
3421	C6orf141
3422	PKHD1
3423	PAQR8
3424	TRAM2-AS1
3425	TMEM14A
3426	ICK
3427	ELOVL5
3428	LRRC1
3429	MLIP
3430	TINAG
3431	HCRTR2
3432	GFRAL
3433	HMGCLL1
3434	BMP5
3435	COL21A1
3436	KIAA1586
3437	ZNF451-AS1
3438	BAG2
3439	PRIM2
3440	FKBP1C
3441	EYS
3442	AL391807.1
3443	ADGRB3
3444	COL19A1
3445	COL9A1
3446	B3GAT2
3447	OGFRL1
3448	LINC00472
3449	RIMS1
3450	KCNQ5
3451	KCNQ5-AS1
3452	KHDC1
3453	CGAS
3454	EEF1A1
3455	CD109
3456	COL12A1
3457	COX7A2
3458	TMEM30A
3459	FILIP1
3460	IMPG1
3461	LINC02540
3462	MEI4
3463	IRAK1BP1
3464	HMGN3
3465	HMGN3-AS1
3466	LCA5
3467	BCKDHB
3468	LINC02542
3469	TPBG
3470	UBE3D
3471	RWDD2A
3472	ME1
3473	RIPPLY2
3474	LINC02857
3475	MRAP2
3476	CEP162
3477	NT5E
3478	HTR1E
3479	GJB7
3480	C6orf163
3481	CFAP206
3482	SLC35A1
3483	CNR1
3484	PNRC1
3485	LYRM2
3486	BACH2
3487	CASC6
3488	EPHA7
3489	MANEA-DT
3490	MANEA
3491	FUT9
3492	UFL1-AS1
3493	NDUFAF4
3494	KLHL32
3495	MMS22L
3496	POU3F2
3497	FBXL4
3498	PNISR
3499	TSTD3
3500	MCHR2
3501	MCHR2-AS1
3502	LIN28B-AS1
3503	LIN28B
3504	BVES
3505	BVES-AS1
3506	PRDM1
3507	CRYBG1
3508	RTN4IP1
3509	CD24
3510	BEND3
3511	PDSS2
3512	SCML4
3513	SNX3
3514	LINC00222
3515	SESN1
3516	PPIL6
3517	SMPD2
3518	AK9
3519	GPR6
3520	METTL24
3521	GTF3C6
3522	SLC16A10
3523	TRAF3IP2-AS1
3524	TRAF3IP2
3525	LAMA4
3526	MARCKS
3527	HDAC2-AS2
3528	HS3ST5
3529	FRK
3530	NT5DC1
3531	COL10A1
3532	TSPYL4
3533	DSE
3534	TSPYL1
3535	FAM162B
3536	ROS1
3537	SLC35F1
3538	PLN
3539	MAN1A1
3540	GJA1
3541	SERINC1
3542	PKIB
3543	FABP7
3544	TRDN
3545	NKAIN2
3546	RNF217-AS1
3547	TPD52L1
3548	HDDC2
3549	NCOA7-AS1
3550	CENPW
3551	RSPO3
3552	KIAA0408
3553	C6orf58
3554	THEMIS
3555	PTPRK
3556	LAMA2
3557	ARHGAP18
3558	TMEM244
3559	SAMD3
3560	TMEM200A
3561	SMLR1
3562	AKAP7
3563	ARG1
3564	ENPP3
3565	ENPP1
3566	CCN2
3567	LINC01013
3568	MOXD1
3569	SLC18B1
3570	RPS12
3571	LINC00326
3572	EYA4
3573	TARID
3574	SLC2A12
3575	SGK1
3576	LINC01010
3577	ALDH8A1
3578	LINC00271
3579	PDE7B
3580	MAP3K5
3581	PEX7
3582	PERP
3583	HEBP2
3584	NHSL1
3585	GVQW2
3586	ECT2L
3587	ABRACL
3588	TXLNB
3589	CITED2
3590	ADGRG6
3591	LINC01277
3592	ADAT2
3593	FUCA2
3594	PHACTR2
3595	ZC2HC1B
3596	PLAGL1
3597	HYMAI
3598	SF3B5
3599	UTRN
3600	EPM2A
3601	FBXO30
3602	GRM1
3603	RAB32
3604	ADGB
3605	STXBP5-AS1
3606	SAMD5
3607	SASH1
3608	UST
3609	TAB2
3610	SUMO4
3611	ZC3H12D
3612	RAET1E
3613	ULBP2
3614	ULBP3
3615	PPP1R14C
3616	PLEKHG1
3617	ZBTB2
3618	CCDC170
3619	ESR1
3620	FBXO5
3621	MTRF1L
3622	OPRM1
3623	CNKSR3
3624	TFB1M
3625	CLDN20
3626	ZDHHC14
3627	SYNJ2
3628	DYNLT1
3629	SYTL3
3630	C6orf99
3631	TAGAP
3632	SOD2
3633	ACAT2
3634	TCP1
3635	MRPL18
3636	PNLDC1
3637	MAS1
3638	SLC22A1
3639	LPA
3640	PLG
3641	PRKN
3642	PACRG
3643	PACRG-AS2
3644	PACRG-AS3
3645	CAHM
3646	QKI
3647	C6orf118
3648	PDE10A
3649	RPS6KA2
3650	RAMACL
3651	RNASET2
3652	CCR6
3653	TTLL2
3654	AFDN-DT
3655	KIF25
3656	THBS2
3657	LINC02519
3658	C6orf120
3659	PHF10
3660	TCTE3
3661	ERMARD
3662	PDCD2
3663	PDGFA
3664	GET4
3665	ADAP1
3666	COX19
3667	GPR146
3668	GPER1
3669	ZFAND2A
3670	MICALL2
3671	INTS1
3672	MAFK
3673	TMEM184A
3674	PSMG3
3675	PSMG3-AS1
3676	MRM2
3677	SNX8
3678	TTYH3
3679	AMZ1
3680	CARD11
3681	SDK1
3682	AP5Z1
3683	RADIL
3684	MMD2
3685	SLC29A4
3686	FBXL18
3687	ACTB
3688	FSCN1
3689	OCM
3690	CCZ1
3691	RSPH10B
3692	AIMP2
3693	RAC1
3694	KDELR2
3695	GRID2IP
3696	ZDHHC4
3697	ZNF853
3698	ZNF316
3699	RSPH10B2
3700	CCZ1B
3701	COL28A1
3702	RPA3
3703	UMAD1
3704	GLCCI1
3705	ICA1
3706	NXPH1
3707	NDUFA4
3708	THSD7A
3709	TMEM106B
3710	VWDE
3711	ARL4A
3712	ETV1
3713	DGKB
3714	AGMO
3715	MEOX2
3716	CRPPA
3717	CRPPA-AS1
3718	SOSTDC1
3719	AHR
3720	HDAC9
3721	TWIST1
3722	TWISTNB
3723	TMEM196
3724	ITGB8
3725	SP4
3726	DNAH11
3727	CDCA7L
3728	RAPGEF5
3729	STEAP1B
3730	TOMM7
3731	FAM126A
3732	NUP42
3733	IGF2BP3
3734	TRA2A
3735	STK31
3736	NPY
3737	MPP6
3738	GSDME
3739	OSBPL3
3740	CYCS
3741	C7orf31
3742	AC005165.1
3743	NFE2L3
3744	CBX3
3745	SKAP2
3746	JAZF1-AS1
3747	CREB5
3748	TRIL
3749	CPVL
3750	CHN2
3751	WIPF3
3752	FKBP14
3753	LINC01176
3754	NOD1
3755	GGCT
3756	GARS
3757	CRHR2
3758	INMT
3759	AQP1
3760	NEUROD6
3761	ITPRID1
3762	PDE1C
3763	LSM5
3764	LINC00997
3765	BBS9
3766	BMPER
3767	NPSR1-AS1
3768	NPSR1
3769	SEPTIN7-AS1
3770	EEPD1
3771	KIAA0895
3772	ANLN
3773	AOAH
3774	ELMO1-AS1
3775	EPDR1
3776	SFRP4
3777	POU6F2
3778	POU6F2-AS2
3779	YAE1
3780	LINC00265
3781	MPLKIP
3782	SUGCT
3783	INHBA
3784	INHBA-AS1
3785	GLI3
3786	MRPL32
3787	HECW1-IT1
3788	LUARIS
3789	STK17A
3790	MRPS24
3791	SPDYE1
3792	LINC00957
3793	POLM
3794	POLD2
3795	GCK
3796	YKT6
3797	CAMK2B
3798	NPC1L1
3799	DDX56
3800	TMED4
3801	PPIA
3802	H2AFV
3803	PURB
3804	SNHG15
3805	NACAD
3806	TBRG4
3807	RAMP3
3808	IGFBP3
3809	TNS3
3810	PKD1L1
3811	SUN3
3812	UPP1
3813	ABCA13
3814	VWC2
3815	ZPBP
3816	FIGNL1
3817	COBL
3818	LINC01445
3819	VSTM2A
3820	VSTM2A-OT1
3821	SEC61G
3822	EGFR
3823	ZNF713
3824	NIPSNAP2
3825	MRPS17
3826	PSPH
3827	CCT6A
3828	SUMF2
3829	PHKG1
3830	CHCHD2
3831	NUPR2
3832	LINC02848
3833	ZNF727
3834	ZNF680
3835	ZNF107
3836	ZNF273
3837	ZNF117
3838	ASL
3839	LINC00174
3840	SBDS
3841	SPDYE21P
3842	AUTS2
3843	CALN1
3844	NSUN5
3845	BCL7B
3846	VPS37D
3847	DNAJC30
3848	STX1A
3849	ABHD11
3850	CLDN4
3851	METTL27
3852	ELN
3853	EIF4H
3854	LAT2
3855	CLIP2
3856	GTF2IRD1
3857	GTF2IRD2
3858	CASTOR2
3859	GTF2IRD2B
3860	TRIM73
3861	SPDYE5
3862	HIP1
3863	RHBDD2
3864	POR
3865	TMEM120A
3866	STYXL1
3867	MDH2
3868	SRRM3
3869	HSPB1
3870	YWHAG
3871	SSC4D
3872	ZP3
3873	SPDYE16
3874	POMZP3
3875	GSAP
3876	APTR
3877	TMEM60
3878	MAGI2
3879	CD36
3880	SEMA3C
3881	HGF
3882	PCLO
3883	SEMA3E
3884	SEMA3A
3885	SEMA3D
3886	LINC00972
3887	GRM3
3888	TMEM243
3889	CROT
3890	ABCB4
3891	ABCB1
3892	SRI
3893	STEAP4
3894	ZNF804B
3895	STEAP2-AS1
3896	STEAP1
3897	FZD1
3898	MTERF1
3899	CYP51A1
3900	CYP51A1-AS1
3901	LRRD1
3902	GATAD1
3903	RBM48
3904	CDK6
3905	AC002454.1
3906	BET1
3907	PEG10
3908	PON2
3909	SEM1
3910	DLX6-AS1
3911	SDHAF3
3912	ASNS
3913	BAIAP2L1
3914	NPTX2
3915	ARPC1B
3916	PDAP1
3917	BUD31
3918	PTCD1
3919	CPSF4
3920	ATP5MF
3921	FAM200A
3922	CYP3A5
3923	CYP3A7
3924	CYP3A4
3925	CYP3A43
3926	COPS6
3927	MCM7
3928	AP4M1
3929	TAF6
3930	MBLAC1
3931	MAP11
3932	STAG3
3933	CASTOR3
3934	SPDYE3
3935	PILRB
3936	PILRA
3937	ZCWPW1
3938	MEPCE
3939	PPP1R35
3940	C7orf61
3941	NYAP1
3942	SAP25
3943	LRCH4
3944	MOSPD3
3945	TFR2
3946	GNB2
3947	GIGYF1
3948	POP7
3949	ZAN
3950	SLC12A9
3951	ACHE
3952	MUC12
3953	TRIM56
3954	AP1S1
3955	VGF
3956	PLOD3
3957	ZNHIT1
3958	CLDN15
3959	FIS1
3960	COL26A1
3961	LINC01007
3962	CUX1
3963	SH2B2
3964	SPDYE6
3965	ORAI2
3966	ALKBH4
3967	LRWD1
3968	POLR2J
3969	RASA4B
3970	UPK3BL2
3971	SPDYE2
3972	POLR2J3
3973	RASA4
3974	UPK3BL1
3975	SPDYE2B
3976	POLR2J2
3977	FBXL13
3978	LRRC17
3979	NFE4
3980	PMPCB
3981	SLC26A5
3982	RELN
3983	LHFPL3
3984	LINC01004
3985	EFCAB10
3986	ATXN7L1
3987	CDHR3
3988	CCDC71L
3989	PIK3CG
3990	GPR22
3991	DUS4L
3992	SLC26A4-AS1
3993	SLC26A4
3994	SLC26A3
3995	LAMB1
3996	LAMB4
3997	THAP5
3998	DNAJB9
3999	IMMP2L
4000	LRRN3
4001	DOCK4
4002	DOCK4-AS1
4003	IFRD1
4004	LSMEM1
4005	TMEM168
4006	BMT2
4007	GPR85
4008	SMIM30
4009	FOXP2
4010	MDFIC
4011	TFEC
4012	AC002066.1
4013	CAV2
4014	CAV1
4015	MET
4016	ST7-AS2
4017	WNT2
4018	CFTR
4019	ANKRD7
4020	LINC02476
4021	KCND2
4022	TSPAN12
4023	CPED1
4024	PTPRZ1
4025	AASS
4026	CADPS2
4027	IQUB
4028	NDUFA5
4029	TMEM229A
4030	GPR37
4031	POT1-AS1
4032	GRM8
4033	ZNF800
4034	ARF5
4035	FSCN3
4036	HILPDA
4037	AC090114.2
4038	FAM71F2
4039	FAM71F1
4040	KCP
4041	ATP6V1F
4042	TSPAN33
4043	SMO
4044	SMKR1
4045	CEP41
4046	LINC-PINT
4047	MKLN1
4048	MKLN1-AS
4049	PODXL
4050	PLXNA4
4051	LRGUK
4052	AKR1B1
4053	BPGM
4054	AGBL3
4055	CYREN
4056	TMEM140
4057	WDR91
4058	SLC13A4
4059	MTPN
4060	CHRM2
4061	PTN
4062	CREB3L2
4063	SVOPL
4064	ATP6V0A4
4065	TMEM213
4066	KIAA1549
4067	ZC3HAV1L
4068	ZC3HAV1
4069	FMC1
4070	LUC7L2
4071	CLEC2L
4072	HIPK2
4073	TBXAS1
4074	PARP12
4075	KDM7A
4076	DENND2A
4077	NDUFB2
4078	MRPS33
4079	TMEM178B
4080	WEE2-AS1
4081	TAS2R4
4082	MGAM
4083	EPHB6
4084	KEL
4085	GSTK1
4086	FAM131B
4087	EPHA1-AS1
4088	TCAF2
4089	TPK1
4090	CNTNAP2
4091	PDIA4
4092	ZNF786
4093	KRBA1
4094	SSPO
4095	ATP6V0E2-AS1
4096	ATP6V0E2
4097	ACTR3C
4098	LRRC61
4099	REPIN1
4100	ATG9B
4101	ABCB8
4102	ASIC3
4103	CDK5
4104	FASTK
4105	TMUB1
4106	AGAP3
4107	CHPF2
4108	SMARCD3
4109	WDR86
4110	PRKAG2
4111	PRKAG2-AS1
4112	GALNTL5
4113	LINC01003
4114	XRCC2
4115	LINC01287
4116	DPP6
4117	PAXIP1-AS2
4118	PAXIP1-AS1
4119	HTR5A-AS1
4120	HTR5A
4121	INSIG1
4122	LINC01006
4123	RNF32
4124	DNAJB6
4125	VIPR2
4126	ZNF596
4127	ERICH1
4128	DLGAP2-AS1
4129	CLN8
4130	ARHGEF10
4131	KBTBD11
4132	MYOM2
4133	CSMD1
4134	MCPH1
4135	ANGPT2
4136	FAM66B
4137	FAM66E
4138	FAM85B
4139	PRAG1
4140	ERI1
4141	PPP1R3B
4142	LINC00599
4143	PRSS51
4144	PRSS55
4145	SOX7
4146	PINX1
4147	FAM167A-AS1
4148	FAM167A
4149	FDFT1
4150	FAM66D
4151	FAM86B1
4152	FAM66A
4153	TRMT9B
4154	DLC1
4155	SGCZ
4156	MSR1
4157	FGF20
4158	ZDHHC2
4159	SLC7A2
4160	PDGFRL
4161	MTUS1
4162	ASAH1
4163	SH2D4A
4164	CSGALNACT1
4165	LPL
4166	ATP6V1B2
4167	LZTS1
4168	LZTS1-AS1
4169	LINC02153
4170	FGF17
4171	NUDT18
4172	HR
4173	LGI3
4174	SFTPC
4175	BMP1
4176	PHYHIP
4177	PIWIL2
4178	SORBS3
4179	PDLIM2
4180	CCAR2
4181	EGR3
4182	PEBP4
4183	TNFRSF10B
4184	R3HCC1
4185	LOXL2
4186	AC090197.1
4187	ADAM28
4188	ADAM7
4189	NEFM
4190	NEFL
4191	DOCK5
4192	GNRH1
4193	EBF2
4194	BNIP3L
4195	PNMA2
4196	ADRA1A
4197	STMN4
4198	EPHX2
4199	CLU
4200	SCARA3
4201	FBXO16
4202	EXTL3-AS1
4203	KIF13B
4204	DUSP4
4205	SARAF
4206	DCTN6
4207	RBPMS
4208	SMIM18
4209	UBXN8
4210	PPP2CB
4211	TEX15
4212	PURG
4213	NRG1
4214	NRG1-IT1
4215	NRG1-IT3
4216	FUT10
4217	MAK16
4218	UNC5D
4219	LINC01605
4220	ZNF703
4221	PLPBP
4222	BRF2
4223	EIF4EBP1
4224	STAR
4225	DDHD2
4226	FGFR1
4227	C8orf86
4228	PLEKHA2
4229	TM2D2
4230	ADAM32
4231	ADAM18
4232	ZMAT4
4233	ANK1
4234	PLAT
4235	VDAC3
4236	SMIM19
4237	CHRNB3
4238	CHRNA6
4239	THAP1
4240	HGSNAT
4241	CEBPD
4242	EFCAB1
4243	SNAI2
4244	SNTG1
4245	ST18
4246	OPRK1
4247	RGS20
4248	MRPL15
4249	XKR4
4250	LYN
4251	RPS20
4252	PLAG1
4253	CHCHD7
4254	SDR16C5
4255	LINC01606
4256	LINC01602
4257	SDCBP
4258	TOX
4259	CA8
4260	LINC01301
4261	CHD7
4262	CLVS1
4263	GGH
4264	TTPA
4265	LINC01414
4266	LINC01289
4267	BHLHE22
4268	CYP7B1
4269	MTFR1
4270	RRS1
4271	ADHFE1
4272	VXN
4273	MYBL1
4274	MCMDC2
4275	SNHG6
4276	COPS5
4277	CPA6
4278	PREX2
4279	C8orf34-AS1
4280	C8orf34
4281	SULF1
4282	SLCO5A1
4283	LACTB2-AS1
4284	LACTB2
4285	XKR9
4286	EYA1
4287	MSC-AS1
4288	TRPA1
4289	KCNB2
4290	SBSPON
4291	RPL7
4292	RDH10
4293	TMEM70
4294	LY96
4295	GDAP1
4296	MIR2052HG
4297	AC115837.2
4298	PI15
4299	CRISPLD1
4300	ZFHX4
4301	PKIA-AS1
4302	PKIA
4303	IL7
4304	STMN2
4305	HEY1
4306	LINC01607
4307	PAG1
4308	FABP5
4309	SLC10A5
4310	SNX16
4311	LINC02235
4312	LINC02839
4313	RALYL
4314	RBIS
4315	CA13
4316	CA1
4317	CA3
4318	CA2
4319	CNGB3
4320	CNBD1
4321	MMP16
4322	AF117829.1
4323	DECR1
4324	CALB1
4325	LINC00534
4326	C8orf88
4327	PIP4P2
4328	OTUD6B-AS1
4329	LRRC69
4330	SLC26A7
4331	RUNX1T1
4332	C8orf87
4333	RBM12B
4334	CDH17
4335	ESRP1
4336	CCNE2
4337	TP53INP1
4338	PLEKHF2
4339	C8orf37-AS1
4340	GDF6
4341	UQCRB
4342	SDC2
4343	CPQ
4344	TSPYL5
4345	MATN2
4346	RPL30
4347	ERICH5
4348	RIDA
4349	NIPAL2
4350	STK3
4351	KCNS2
4352	COX6C
4353	RGS22
4354	POLR2K
4355	ANKRD46
4356	SNX31
4357	YWHAZ
4358	AP003469.4
4359	ZNF706
4360	NCALD
4361	UBR5-AS1
4362	KLF10
4363	AZIN1-AS1
4364	BAALC-AS2
4365	BAALC
4366	BAALC-AS1
4367	FZD6
4368	CTHRC1
4369	AC012213.3
4370	RIMS2
4371	DPYS
4372	DCSTAMP
4373	ZFPM2
4374	ZFPM2-AS1
4375	ANGPT1
4376	RSPO2
4377	EIF3E
4378	TMEM74
4379	TRHR
4380	ENY2
4381	KCNV1
4382	LINC01608
4383	LINC01609
4384	LINC02237
4385	CSMD3
4386	TRPS1
4387	LINC00536
4388	UTP23
4389	AARD
4390	SLC30A8
4391	EXT1
4392	SAMD12-AS1
4393	COLEC10
4394	MAL2-AS1
4395	CCN3
4396	ENPP2
4397	DSCC1
4398	DEPTOR
4399	COL14A1
4400	MTBP
4401	SNTB1
4402	HAS2-AS1
4403	ZHX2
4404	ATAD2
4405	WDYHV1
4406	FBXO32
4407	FER1L6
4408	FER1L6-AS1
4409	FER1L6-AS2
4410	RNF139-AS1
4411	NDUFB9
4412	MTSS1
4413	LINC00964
4414	SQLE
4415	WASHC5-AS1
4416	LINC00861
4417	PCAT1
4418	CASC19
4419	CASC8
4420	MYC
4421	PVT1
4422	LINC00824
4423	CCDC26
4424	ADCY8
4425	EFR3A
4426	OC90
4427	HHLA1
4428	KCNQ3
4429	HPYR1
4430	TG
4431	SLA
4432	CCN4
4433	ST3GAL1
4434	LINC01591
4435	LINC02055
4436	FAM135B
4437	COL22A1
4438	KCNK9
4439	TRAPPC9
4440	PEG13
4441	DENND3
4442	PTP4A3
4443	LINC00051
4444	ADGRB1
4445	ARC
4446	PSCA
4447	LNCOC1
4448	THEM6
4449	LYNX1
4450	GML
4451	LY6E-DT
4452	LY6E
4453	LY6H
4454	ZFP41
4455	GLI4
4456	MINCR
4457	ZNF696
4458	TOP1MT
4459	RHPN1
4460	MROH6
4461	NAPRT
4462	TIGD5
4463	PYCR3
4464	TSTA3
4465	ZNF623
4466	ZNF707
4467	MAPK15
4468	FAM83H
4469	IQANK1
4470	PUF60
4471	NRBP2
4472	PLEC
4473	PARP10
4474	GRINA
4475	SPATC1
4476	EXOSC4
4477	GPAA1
4478	CYC1
4479	MAF1
4480	WDR97
4481	HGH1
4482	BOP1
4483	SCX
4484	DGAT1
4485	SCRT1
4486	TMEM249
4487	SLC52A2
4488	FBXL6
4489	CPSF1
4490	SLC39A4
4491	VPS28
4492	TONSL
4493	CYHR1
4494	KIFC2
4495	GPT
4496	MFSD3
4497	RECQL4
4498	LRRC14
4499	LRRC24
4500	C8orf82
4501	ZNF251
4502	RPL8
4503	ZNF517
4504	ZNF7
4505	C8orf33
4506	WASHC1
4507	DOCK8
4508	KANK1
4509	DMRT3
4510	VLDLR-AS1
4511	KCNV2
4512	LINC01231
4513	RFX3
4514	RFX3-AS1
4515	GLIS3
4516	SPATA6L
4517	PLPP6
4518	AK3
4519	RCL1
4520	JAK2
4521	INSL6
4522	PLGRKT
4523	CD274
4524	PDCD1LG2
4525	MLANA
4526	RANBP6
4527	IL33
4528	GLDC
4529	DMAC1
4530	PTPRD
4531	PTPRD-AS1
4532	PTPRD-AS2
4533	TYRP1
4534	LURAP1L-AS1
4535	LURAP1L
4536	AL136366.1
4537	FREM1
4538	C9orf92
4539	BNC2
4540	CNTLN
4541	ADAMTSL1
4542	SAXO1
4543	RRAGA
4544	PLIN2
4545	RPS6
4546	ACER2
4547	SLC24A2
4548	MLLT3
4549	HACD4
4550	KLHL9
4551	MIR31HG
4552	MTAP
4553	CDKN2A
4554	CDKN2B-AS1
4555	LINC01239
4556	IZUMO3
4557	TUSC1
4558	LINC01241
4559	LRRC19
4560	TEK
4561	C9orf72
4562	LINGO2
4563	DDX58
4564	TOPORS
4565	SMIM27
4566	DNAJA1
4567	BAG1
4568	NOL6
4569	ANKRD18B
4570	CYP4F26P
4571	PRSS3
4572	AL354989.1
4573	NUDT2
4574	MYORG
4575	C9orf24
4576	DNAI1
4577	ENHO
4578	CNTFR
4579	CNTFR-AS1
4580	RPP25L
4581	DCTN3
4582	SIGMAR1
4583	GALT
4584	IL11RA
4585	DNAJB5
4586	FANCG
4587	PIGO
4588	STOML2
4589	TESK1
4590	CD72
4591	RMRP
4592	CCDC107
4593	TPM2
4594	CREB3
4595	NPR2
4596	SPAG8
4597	HINT2
4598	FAM221B
4599	SPAAR
4600	GLIPR2
4601	MELK
4602	PAX5
4603	GRHPR
4604	POLR1E
4605	FBXO10
4606	TOMM5
4607	FRMPD1
4608	TRMT10B
4609	SHB
4610	IGFBPL1
4611	ANKRD18A
4612	FAM201A
4613	CNTNAP3
4614	GLIDR
4615	BMS1P14
4616	CBWD6
4617	FAM242F
4618	CNTNAP3B
4619	CNTNAP3C
4620	FAM27C
4621	LINC01410
4622	LERFS
4623	ANKRD20A4
4624	CBWD5
4625	ANKRD20A3
4626	FAM27E3
4627	ANKRD20A1
4628	CBWD3
4629	PGM5
4630	TMEM252-DT
4631	PIP5K1B
4632	TJP2
4633	FAM189A2
4634	PTAR1
4635	C9orf135
4636	MAMDC2-AS1
4637	MAMDC2
4638	KLF9
4639	TRPM3
4640	CEMIP2
4641	C9orf57
4642	LINC01504
4643	ZFAND5
4644	TMC1
4645	ALDH1A1
4646	ANXA1
4647	RORB-AS1
4648	RORB
4649	TRPM6
4650	C9orf40
4651	CARNMT1-AS1
4652	NMRK1
4653	PCSK5
4654	RFK
4655	GCNT1
4656	PCA3
4657	GNA14-AS1
4658	PSAT1
4659	TLE4
4660	TLE1
4661	RASEF
4662	FRMD3
4663	IDNK
4664	HNRNPK
4665	C9orf153
4666	GAS1RR
4667	DAPK1-IT1
4668	CTSL
4669	CDK20
4670	NXNL2
4671	S1PR3
4672	SHC3
4673	CKS2
4674	SECISBP2
4675	SEMA4D
4676	GADD45G
4677	LINC01508
4678	LINC01501
4679	NFIL3
4680	ROR2
4681	CENPP
4682	OGN
4683	OMD
4684	ASPN
4685	ECM2
4686	CARD19
4687	NINJ1
4688	LINC02603
4689	PCAT7
4690	FBP1
4691	FANCC
4692	PTCH1
4693	LINC00476
4694	ZNF367
4695	CDC14B
4696	PRXL2C
4697	ZNF782
4698	CCDC180
4699	TMOD1
4700	PTCSC2
4701	TRMO
4702	NANS
4703	TRIM14
4704	GALNT12
4705	TGFBR1
4706	ALG2
4707	SEC61B
4708	NR4A3
4709	MSANTD3
4710	PLPPR1
4711	BAAT
4712	MRPL50
4713	ZNF189
4714	ALDOB
4715	TMEM246-AS1
4716	GRIN3A
4717	NIPSNAP3A
4718	ABCA1
4719	LINC01505
4720	ZNF462
4721	TXN
4722	SVEP1
4723	LPAR1
4724	GNG10
4725	SHOC1
4726	SUSD1
4727	C9orf147
4728	KIAA1958
4729	SLC46A2
4730	ZNF883
4731	ZFP37
4732	WDR31
4733	BSPRY
4734	HDHD3
4735	POLE3
4736	C9orf43
4737	ZNF618
4738	KIF12
4739	COL27A1
4740	AKNA
4741	WHRN
4742	ATP6V1G1
4743	TEX53
4744	TEX48
4745	DEC1
4746	TNC
4747	PAPPA
4748	PAPPA-AS1
4749	ASTN2
4750	ASTN2-AS1
4751	BRINP1
4752	PHF19
4753	C5
4754	GSN
4755	STOM
4756	DAB2IP
4757	NDUFA8
4758	MORN5
4759	LHX6
4760	OR1L8
4761	MIR600HG
4762	CRB2
4763	LHX2
4764	NEK6
4765	MIR181A2HG
4766	OLFML2A
4767	RPL35
4768	ARPC5L
4769	RABEPK
4770	HSPA5
4771	PBX3
4772	MVB12B
4773	ANGPTL2
4774	GARNL3
4775	RPL12
4776	NIBAN2
4777	PTRH1
4778	CFAP157
4779	TOR2A
4780	SH2D3C
4781	ENG
4782	AK1
4783	ST6GALNAC6
4784	PIP5KL1
4785	DPM2
4786	SLC25A25
4787	SLC25A25-AS1
4788	PTGES2
4789	C9orf16
4790	COQ4
4791	CERCAM
4792	WDR34
4793	SET
4794	ENDOG
4795	SPOUT1
4796	KYAT1
4797	LRRC8A
4798	PHYHD1
4799	DOLK
4800	SH3GLB2
4801	DOLPP1
4802	CRAT
4803	IER5L
4804	AL161785.1
4805	C9orf106
4806	LINC01503
4807	LINC00963
4808	NTMT1
4809	C9orf50
4810	ASB6
4811	PTGES
4812	C9orf78
4813	NCS1
4814	HMCN2
4815	ASS1
4816	ABL1
4817	LAMC3
4818	FAM78A
4819	PLPP7
4820	POMT1
4821	UCK1
4822	NTNG2
4823	CFAP77
4824	DDX31
4825	AK8
4826	SPACA9
4827	CEL
4828	GBGT1
4829	ABO
4830	SURF6
4831	RPL7A
4832	SURF1
4833	SURF2
4834	STKLD1
4835	REXO4
4836	CACFD1
4837	SLC2A6
4838	ADAMTSL2
4839	FAM163B
4840	DBH-AS1
4841	SARDH
4842	VAV2
4843	RXRA
4844	COL5A1
4845	OLFM1
4846	PPP1R26-AS1
4847	C9orf116
4848	MRPS2
4849	SOHLH1
4850	KCNT1
4851	NACC2
4852	TMEM250
4853	GPSM1
4854	CARD9
4855	ENTR1
4856	INPP5E
4857	C9orf163
4858	EGFL7
4859	AGPAT2
4860	DIPK1B
4861	SNHG7
4862	LCN15
4863	TMEM141
4864	CCDC183
4865	AJM1
4866	PHPT1
4867	MAMDC4
4868	EDF1
4869	TRAF2
4870	FBXW5
4871	LCN12
4872	PTGDS
4873	LCNL1
4874	PAXX
4875	UAP1L1
4876	MAN1B1-DT
4877	MAN1B1
4878	DPP7
4879	GRIN1
4880	ANAPC2
4881	SSNA1
4882	TMEM203
4883	NDOR1
4884	RNF208
4885	TUBB4B
4886	NRARP
4887	NOXA1
4888	PNPLA7
4889	MRPL41
4890	DPH7
4891	ZMYND19
4892	ARRDC1
4893	ARRDC1-AS1
4894	TUBB8
4895	PRR26
4896	IDI2-AS1
4897	IDI1
4898	LINC00200
4899	ADARB2
4900	LINC02645
4901	PFKP
4902	PITRM1-AS1
4903	LINC02668
4904	LINC02669
4905	KLF6
4906	LINC02660
4907	AKR1E2
4908	AKR1C1
4909	AKR1C2
4910	AKR1C3
4911	ASB13
4912	ANKRD16
4913	IL15RA
4914	PFKFB3
4915	LINC02649
4916	PRKCQ
4917	PRKCQ-AS1
4918	SFMBT2
4919	ITIH5
4920	ITIH2
4921	TAF3
4922	CELF2-DT
4923	SFTA1P
4924	LINC00710
4925	CELF2-AS2
4926	CELF2-AS1
4927	USP6NL
4928	ECHDC3
4929	PROSER2-AS1
4930	DHTKD1
4931	CAMK1D
4932	CCDC3
4933	BEND7
4934	FRMD4A
4935	AL157392.2
4936	FAM107B
4937	CDNF
4938	DCLRE1C
4939	MEIG1
4940	RPP38-DT
4941	RPP38
4942	ITGA8
4943	PTER
4944	C1QL3
4945	CUBN
4946	ST8SIA6
4947	ST8SIA6-AS1
4948	HACD1
4949	STAM-AS1
4950	MRC1
4951	SLC39A12
4952	ARL5B
4953	MALRD1
4954	PLXDC2
4955	SKIDA1
4956	DNAJC1
4957	COMMD3
4958	BMI1
4959	SPAG6
4960	PIP4K2A
4961	ARMC3
4962	C10orf67
4963	OTUD1
4964	KIAA1217
4965	PRTFDC1
4966	ENKUR
4967	GPR158-AS1
4968	LINC00836
4969	MYO3A
4970	GAD2
4971	APBB1IP
4972	LINC02680
4973	MKX
4974	ARMC4
4975	LINC02652
4976	LINC01517
4977	SVIL
4978	JCAD
4979	MAP3K8
4980	ZNF438
4981	LINC02664
4982	ZEB1-AS1
4983	ZEB1
4984	ARHGAP12
4985	CCDC7
4986	ITGB1-DT
4987	NRP1
4988	PARD3
4989	LINC02634
4990	FZD8
4991	ANKRD30A
4992	ZNF248
4993	LINC00839
4994	ZNF33B
4995	RET
4996	ZNF239
4997	ZNF485
4998	ZNF32-AS3
4999	ZNF32
5000	TMEM72-AS1
5001	RASSF4
5002	DEPP1
5003	ZNF22
5004	ALOX5
5005	ZFAND4
5006	LINC00842
5007	SYT15
5008	PTPN20
5009	GDF10
5010	ZNF488
5011	AGAP9
5012	FRMPD2
5013	ARHGAP22
5014	WDFY4
5015	VSTM4
5016	DRGX
5017	TIMM23B
5018	TIMM23B-AGAP6
5019	SGMS1-AS1
5020	ASAH2B
5021	PRKG1
5022	CSTF2T
5023	PRKG1-AS1
5024	LNCAROD
5025	PCDH15
5026	BICC1
5027	LINC00844
5028	SLC16A9
5029	MRLN
5030	CCDC6
5031	LINC00845
5032	TMEM26
5033	TMEM26-AS1
5034	CABCOCO1
5035	RTKN2
5036	ZNF365
5037	ADO
5038	LINC02671
5039	LINC01515
5040	CTNNA3
5041	LRRTM3
5042	ATOH7
5043	PBLD
5044	DNA2
5045	TET1
5046	STOX1
5047	TSPAN15
5048	FAM241B
5049	COL13A1
5050	LINC02636
5051	AIFM2
5052	TYSND1
5053	PPA1
5054	LRRC20
5055	PALD1
5056	PCBD1
5057	UNC5B
5058	SLC29A3
5059	CDH23
5060	PSAP
5061	CHST3
5062	ANAPC16
5063	DDIT4
5064	MICU1
5065	MCU
5066	OIT3
5067	P4HA1
5068	NUDT13
5069	DNAJC9
5070	DNAJC9-AS1
5071	CFAP70
5072	PPP3CB-AS1
5073	SYNPO2L
5074	CHCHD1
5075	NDST2
5076	VDAC2
5077	COMTD1
5078	ZNF503-AS1
5079	ZNF503
5080	ZNF503-AS2
5081	LRMDA
5082	KCNMA1-AS1
5083	KCNMA1-AS3
5084	DLG5
5085	RPS24
5086	LINC00595
5087	ZMIZ1-AS1
5088	ZMIZ1
5089	PPIF
5090	ZCCHC24
5091	LINC02679
5092	NUTM2B-AS1
5093	SFTPD
5094	SFTPD-AS1
5095	TMEM254-AS1
5096	PLAC9
5097	DYDC2
5098	PRXL2A
5099	SH2D4B
5100	NRG3
5101	GHITM
5102	CDHR1
5103	GRID1-AS1
5104	OPN4
5105	LDB3
5106	MMRN2
5107	SNCG
5108	ADIRF-AS1
5109	ADIRF
5110	NUTM2A-AS1
5111	LINC00863
5112	PAPSS2
5113	RNLS
5114	STAMBPL1
5115	ACTA2-AS1
5116	ACTA2
5117	FAS
5118	CH25H
5119	LIPA
5120	IFIT2
5121	IFIT3
5122	IFIT1
5123	IFIT5
5124	KIF20B
5125	LINC00865
5126	LINC01374
5127	LINC02653
5128	HTR7
5129	PCGF5
5130	PPP1R3C
5131	FGFBP3
5132	KIF11
5133	MYOF
5134	FFAR4
5135	RBP4
5136	PDE6C
5137	LGI1
5138	SLC35G1
5139	PLCE1
5140	HELLS
5141	CYP2C18
5142	CYP2C19
5143	CYP2C8
5144	ACSM6
5145	PDLIM1
5146	ENTPD1
5147	ENTPD1-AS1
5148	CC2D2B
5149	ZNF518A
5150	BLNK
5151	TLL2
5152	PIK3AP1
5153	ARHGAP19
5154	FRAT1
5155	FRAT2
5156	RRP12
5157	PGAM1
5158	ANKRD2
5159	HOGA1
5160	AVPI1
5161	MARVELD1
5162	LINC00866
5163	CRTAC1
5164	PYROXD2
5165	HPSE2
5166	CNNM1
5167	GOT1
5168	SLC25A28
5169	CUTC
5170	COX15
5171	ABCC2
5172	DNMBP-AS1
5173	BLOC1S2
5174	PKD2L1
5175	SCD
5176	OLMALINC
5177	SEC31B
5178	NDUFB8
5179	PAX2
5180	MRPL43
5181	SEMA4G
5182	TWNK
5183	PDZD7
5184	NPM3
5185	KCNIP2-AS1
5186	KCNIP2
5187	HPS6
5188	LDB1
5189	NOLC1
5190	FBXL15
5191	CUEDC2
5192	C10orf95
5193	MFSD13A
5194	SUFU
5195	SFXN2
5196	AS3MT
5197	INA
5198	PCGF6
5199	ATP5MD
5200	CALHM2
5201	CALHM1
5202	NEURL1-AS1
5203	STN1
5204	SFR1
5205	CFAP43
5206	GSTO1
5207	GSTO2
5208	CFAP58
5209	SORCS3
5210	SORCS1
5211	LINC01435
5212	ADD3-AS1
5213	ADD3
5214	DUSP5
5215	RBM20
5216	SHOC2
5217	ADRA2A
5218	ACSL5
5219	AL158212.1
5220	TCF7L2
5221	HABP2
5222	NRAP
5223	CASP7
5224	PLEKHS1
5225	TDRD1
5226	VWA2
5227	AFAP1L2
5228	ATRNL1
5229	GFRA1
5230	HSPA12A
5231	ENO4
5232	SLC18A2
5233	EMX2OS
5234	CASC2
5235	LINC00867
5236	PRDX3
5237	GRK5
5238	BAG3
5239	PLPP4
5240	WDR11-AS1
5241	FGFR2
5242	NSMCE4A
5243	BTBD16
5244	PLEKHA1
5245	HTRA1
5246	CUZD1
5247	LINC02641
5248	GPR26
5249	CPXM2
5250	CHST15
5251	OAT
5252	FAM53B
5253	FAM53B-AS1
5254	EDRF1-DT
5255	EDRF1-AS1
5256	MMP21
5257	UROS
5258	FANK1
5259	ADAM12
5260	C10orf90
5261	DOCK1
5262	INSYN2A
5263	LINC01163
5264	MGMT
5265	LINC02666
5266	EBF3
5267	C10orf143
5268	LINC02646
5269	TCERG1L
5270	LINC01164
5271	BNIP3
5272	PWWP2B
5273	INPP5A
5274	CFAP46
5275	LINC01166
5276	ADGRA1-AS1
5277	KNDC1
5278	ADAM8
5279	ZNF511
5280	CALY
5281	ECHS1
5282	PAOX
5283	SPRN
5284	SCART1
5285	CYP2E1
5286	SYCE1
5287	LINC01001
5288	RIC8A
5289	PSMD13
5290	B4GALNT4
5291	SIGIRR
5292	RNH1
5293	HRAS
5294	LRRC56
5295	RASSF7
5296	DRD4
5297	DEAF1
5298	EPS8L2
5299	TMEM80
5300	CEND1
5301	SLC25A22
5302	PANO1
5303	PIDD1
5304	RPLP2
5305	PNPLA2
5306	CD151
5307	POLR2L
5308	TSPAN4
5309	MUC6
5310	TOLLIP
5311	TOLLIP-AS1
5312	MOB2
5313	DUSP8
5314	KRTAP5-AS1
5315	IFITM10
5316	CTSD
5317	MRPL23
5318	CD81-AS1
5319	CD81
5320	TSSC4
5321	KCNQ1
5322	KCNQ1OT1
5323	CDKN1C
5324	SLC22A18
5325	PHLDA2
5326	CARS
5327	CARS-AS1
5328	CHRNA10
5329	PGAP2
5330	RHOG
5331	OR51D1
5332	MMP26
5333	OR51M1
5334	TRIM5
5335	TRIM22
5336	C11orf42
5337	FAM160A2
5338	CNGA4
5339	CCKBR
5340	SMPD1
5341	HPX
5342	ARFIP2
5343	TIMM10B
5344	DNHD1
5345	ILK
5346	TAF10
5347	TPP1
5348	DCHS1
5349	MRPL17
5350	OR2AG2
5351	OR6A2
5352	ZNF215
5353	NLRP14
5354	PPFIBP2
5355	LMO1
5356	STK33
5357	RPL27A
5358	ST5
5359	AKIP1
5360	TMEM9B
5361	TMEM9B-AS1
5362	NRIP3
5363	SCUBE2
5364	SWAP70
5365	RNF141
5366	MRVI1-AS1
5367	LYVE1
5368	MRVI1
5369	EIF4G2
5370	ZBED5
5371	ZBED5-AS1
5372	LINC02752
5373	GALNT18
5374	USP47
5375	DKK3
5376	PARVA
5377	TEAD1
5378	LINC00958
5379	SPON1
5380	SPON1-AS1
5381	PDE3B
5382	CYP2R1
5383	CALCB
5384	SOX6
5385	PLEKHA7
5386	RPS13
5387	NUCB2
5388	KCNJ11
5389	ABCC8
5390	USH1C
5391	TPH1
5392	LDHA
5393	LDHC
5394	LDHAL6A
5395	UEVLD
5396	SPTY2D1OS
5397	TMEM86A
5398	IGSF22
5399	CSRP3-AS1
5400	NAV2-AS3
5401	NELL1
5402	SLC17A6
5403	FANCF
5404	GAS2
5405	SVIP
5406	LINC02718
5407	LINC02726
5408	LUZP2
5409	ANO3-AS1
5410	MUC15
5411	SLC5A12
5412	BBOX1
5413	BBOX1-AS1
5414	CCDC34
5415	LIN7C
5416	BDNF-AS
5417	BDNF
5418	LINC02742
5419	LINC02755
5420	LINC01616
5421	ARL14EP
5422	MPPED2
5423	MPPED2-AS1
5424	DCDC1
5425	ELP4
5426	PAX6
5427	PAUPAR
5428	RCN1
5429	CCDC73
5430	LINC00294
5431	KIAA1549L
5432	CD59
5433	ABTB2
5434	CAT
5435	APIP
5436	SLC1A2
5437	PAMR1
5438	FJX1
5439	LDLRAD3
5440	COMMD9
5441	PRR5L
5442	TRAF6
5443	RAG1
5444	RAG2
5445	LINC02759
5446	LRRC4C
5447	LINC01499
5448	LINC02745
5449	LINC02740
5450	HSD17B12
5451	ALKBH3-AS1
5452	C11orf96
5453	ACCS
5454	CD82
5455	TSPAN18
5456	TP53I11
5457	SYT13
5458	SLC35C1
5459	MAPK8IP1
5460	PEX16
5461	CREB3L1
5462	MDK
5463	HARBI1
5464	ZNF408
5465	LRP4-AS1
5466	LRP4
5467	DDB2
5468	ACP2
5469	SPI1
5470	AC090559.1
5471	SLC39A13
5472	PSMC3
5473	NDUFS3
5474	PTPMT1
5475	KBTBD4
5476	C1QTNF4
5477	AGBL2
5478	LRRC55
5479	TNKS1BP1
5480	RTN4RL2
5481	SLC43A1
5482	TIMM10
5483	UBE2L6
5484	SERPING1
5485	YPEL4
5486	MED19
5487	SELENOH
5488	BTBD18
5489	OR9Q1
5490	LPXN
5491	GLYAT
5492	GLYATL2
5493	GLYATL1
5494	MRPL16
5495	CBLIF
5496	OOSP3
5497	OOSP1
5498	MS4A13
5499	MS4A8
5500	TMEM109
5501	TMEM132A
5502	CD6
5503	CD5
5504	PGA3
5505	TKFC
5506	CYB561A3
5507	TMEM138
5508	PPP1R32
5509	LRRC10B
5510	MYRF
5511	TMEM258
5512	FEN1
5513	FADS2
5514	BEST1
5515	FTH1
5516	AHNAK
5517	EEF1G
5518	TUT1
5519	MTA2
5520	B3GAT3
5521	INTS5
5522	CSKMT
5523	UQCC3
5524	UBXN1
5525	BSCL2
5526	GNG3
5527	POLR2G
5528	TMEM179B
5529	NXF1
5530	WDR74
5531	SNHG1
5532	CHRM1
5533	SLC22A6
5534	SLC22A8
5535	SLC22A24
5536	SLC22A10
5537	SLC22A25
5538	SLC22A9
5539	PLAAT5
5540	C11orf95
5541	SPINDOC
5542	RCOR2
5543	NAA40
5544	COX8A
5545	OTUB1
5546	MACROD1
5547	FLRT1
5548	STIP1
5549	FERMT3
5550	TRPT1
5551	NUDT22
5552	DNAJC4
5553	VEGFB
5554	FKBP2
5555	PPP1R14B
5556	BAD
5557	GPR137
5558	KCNK4
5559	CATSPERZ
5560	ESRRA
5561	TRMT112
5562	PRDX5
5563	CCDC88B
5564	RPS6KA4
5565	NRXN2
5566	RASGRP2
5567	EHD1
5568	ATG2A
5569	PPP2R5B
5570	ARL2
5571	SAC3D1
5572	CDCA5
5573	ZFPL1
5574	TM7SF2
5575	ZNHIT2
5576	FAU
5577	SYVN1
5578	MRPL49
5579	POLA2
5580	SLC25A45
5581	FRMD8
5582	NEAT1
5583	MALAT1
5584	LTBP3
5585	ZNRD2
5586	FAM89B
5587	EHBP1L1
5588	RELA
5589	RELA-DT
5590	KAT5
5591	RNASEH2C
5592	AP5B1
5593	CFL1
5594	MUS81
5595	EFEMP2
5596	FIBP
5597	CCDC85B
5598	C11orf68
5599	DRAP1
5600	EIF1AD
5601	BANF1
5602	GAL3ST3
5603	SF3B2
5604	PACS1
5605	KLC2
5606	RAB1B
5607	CNIH2
5608	YIF1A
5609	TMEM151A
5610	RIN1
5611	BRMS1
5612	B4GAT1
5613	SLC29A2
5614	MRPL11
5615	PELI3
5616	DPP3
5617	ZDHHC24
5618	CTSF
5619	CCS
5620	RBM14
5621	RBM4
5622	RBM4B
5623	RCE1
5624	LRFN4
5625	SYT12
5626	GRK2
5627	SSH3
5628	RAD9A
5629	POLD4
5630	CLCF1
5631	PPP1CA
5632	CARNS1
5633	RPS6KB2
5634	CORO1B
5635	TMEM134
5636	AIP
5637	PITPNM1
5638	CDK2AP2
5639	GSTP1
5640	NDUFV1
5641	LINC02754
5642	UNC93B1
5643	NDUFS8
5644	CHKA
5645	LRP5
5646	TESMIN
5647	CPT1A
5648	MRPL21
5649	SMIM38
5650	CCND1
5651	ANO1
5652	FADD
5653	SHANK2-AS1
5654	DHCR7
5655	AP002387.2
5656	KRTAP5-11
5657	FAM86C1
5658	IL18BP
5659	LAMTOR1
5660	ANAPC15
5661	INPPL1
5662	PDE2A
5663	ARAP1
5664	STARD10
5665	FCHSD2
5666	P2RY6
5667	RELT
5668	PLEKHB1
5669	COA4
5670	PAAF1
5671	UCP3
5672	P4HA3
5673	POLD3
5674	RNF169
5675	XRRA1
5676	SPCS2
5677	SLCO2B1
5678	RPS3
5679	KLHL35
5680	MAP6
5681	DGAT2
5682	MYO7A
5683	AQP11
5684	KCTD14
5685	THRSP
5686	NDUFC2
5687	KCTD21-AS1
5688	NARS2
5689	TENM4
5690	LINC02720
5691	MIR4300HG
5692	PCF11-AS1
5693	DLG2
5694	TMEM126B
5695	TMEM126A
5696	CREBZF
5697	CCDC83
5698	CCDC81
5699	PRSS23
5700	FZD4
5701	FZD4-DT
5702	RAB38
5703	CTSC
5704	GRM5-AS1
5705	GRM5
5706	TYR
5707	NOX4
5708	NAALAD2
5709	CHORDC1
5710	DISC1FP1
5711	LINC02756
5712	FAT3
5713	DEUP1
5714	SMCO4
5715	SCARNA9
5716	VSTM5
5717	GPR83
5718	ANKRD49
5719	C11orf97
5720	LINC02700
5721	AMOTL1
5722	CWC15
5723	KDM4D
5724	SRSF8
5725	SESN3
5726	MAML2
5727	LINC02737
5728	CNTN5
5729	ARHGAP42
5730	TRPC6
5731	ANGPTL5
5732	CEP126
5733	CFAP300
5734	YAP1
5735	BIRC3
5736	TMEM123
5737	AP002989.1
5738	PDGFD
5739	LINC02552
5740	CARD18
5741	GRIA4
5742	MSANTD4
5743	AASDHPPT
5744	GUCY1A2
5745	SLC35F2
5746	RAB39A
5747	C11orf65
5748	POGLUT3
5749	EXPH5
5750	COLCA1
5751	COLCA2
5752	C11orf1
5753	CRYAB
5754	PIH1D2
5755	TIMM8B
5756	IL18
5757	TEX12
5758	PTS
5759	PLET1
5760	LINC02762
5761	LINC02763
5762	TTC12
5763	ANKK1
5764	DRD2
5765	TMPRSS5
5766	HTR3B
5767	ZBTB16
5768	NNMT
5769	C11orf71
5770	REXO2
5771	NXPE1
5772	CADM1
5773	LINC02698
5774	LINC00900
5775	BUD13
5776	APOA1
5777	APOA1-AS
5778	PAFAH1B2
5779	TAGLN
5780	PCSK7
5781	DSCAML1
5782	FXYD2
5783	SCN2B
5784	MPZL3
5785	PHLDB1
5786	UPK2
5787	CCDC84-DT
5788	AP003392.1
5789	RPS25
5790	TRAPPC4
5791	SLC37A4
5792	HYOU1
5793	HMBS
5794	H2AFX
5795	DPAGT1
5796	ABCG4
5797	NLRX1
5798	MCAM
5799	RNF26
5800	USP2-AS1
5801	THY1
5802	NECTIN1
5803	NECTIN1-AS1
5804	OAF
5805	TLCD5
5806	GRIK4
5807	SC5D
5808	UBASH3B
5809	CRTAM
5810	JHY
5811	HSPA8
5812	CLMP
5813	ZNF202
5814	VWA5A
5815	SIAE
5816	SPA17
5817	NRGN
5818	ESAM
5819	ROBO3
5820	HEPACAM
5821	CCDC15
5822	TMEM218
5823	PKNOX2
5824	ACRV1
5825	PATE2
5826	AP000842.3
5827	PUS3
5828	DDX25
5829	VSIG10L2
5830	SRPRA
5831	FOXRED1
5832	TIRAP
5833	GSEC
5834	ST3GAL4
5835	KIRREL3
5836	KIRREL3-AS1
5837	LINC02712
5838	ETS1
5839	KCNJ1
5840	BARX2
5841	TMEM45B
5842	ST14
5843	ZBTB44
5844	ZBTB44-DT
5845	ADAMTS8
5846	LINC02551
5847	NTM
5848	NTM-AS1
5849	OPCML-IT2
5850	OPCML-IT1
5851	IGSF9B
5852	LINC02730
5853	LINC02731
5854	JAM3
5855	THYN1
5856	ACAD8
5857	GLB1L2
5858	AP004608.1
5859	LINC02714
5860	IQSEC3
5861	AC026369.3
5862	SLC6A13
5863	CCDC77
5864	B4GALNT3
5865	NINJ2
5866	WNT5B
5867	FBXL14
5868	ADIPOR2
5869	CACNA2D4
5870	LRTM2
5871	CACNA1C-AS1
5872	LINC02371
5873	FKBP4
5874	ITFG2-AS1
5875	NRIP2
5876	TEX52
5877	FOXM1
5878	RHNO1
5879	TULP3
5880	TEAD4
5881	TSPAN9
5882	PRMT8
5883	CRACR2A
5884	CCND2-AS1
5885	FGF23
5886	RAD51AP1
5887	KCNA1
5888	KCNA5
5889	ANO2
5890	VWF
5891	TNFRSF1A
5892	TAPBPL
5893	VAMP1
5894	MRPL51
5895	GAPDH
5896	IFFO1
5897	PIANP
5898	COPS7A
5899	MLF2
5900	PTMS
5901	CD4
5902	GPR162
5903	GNB3
5904	CDCA3
5905	USP5
5906	TPI1
5907	SPSB2
5908	ENO2
5909	ATN1
5910	C12orf57
5911	PTPN6
5912	PHB2
5913	EMG1
5914	C1R
5915	C1RL
5916	C1RL-AS1
5917	RBP5
5918	ACSM4
5919	CD163L1
5920	SLC2A14
5921	SLC2A3
5922	FOXJ2
5923	NECAP1
5924	CLEC4A
5925	FAM66C
5926	FAM90A1
5927	LINC02449
5928	LINC00937
5929	A2ML1-AS1
5930	A2ML1
5931	PHC1
5932	M6PR
5933	KLRG1
5934	LINC00612
5935	A2M-AS1
5936	A2M
5937	PZP
5938	LINC00987
5939	KLRB1
5940	CLEC2D
5941	CLEC2A
5942	LINC02470
5943	OLR1
5944	GABARAPL1
5945	KLRD1
5946	STYK1
5947	YBX3
5948	TAS2R13
5949	TAS2R31
5950	TAS2R30
5951	SMIM10L1
5952	PRB1
5953	PRB2
5954	LINC01252
5955	ETV6
5956	BCL2L14
5957	LOH12CR2
5958	DUSP16
5959	CDKN1B
5960	APOLD1
5961	GPRC5D-AS1
5962	GSG1
5963	GRIN2B
5964	PLBD1
5965	GUCY2C
5966	HIST4H4
5967	H2AFJ
5968	WBP11
5969	C12orf60
5970	RERG
5971	PTPRO
5972	EPS8
5973	STRAP
5974	DERA
5975	SLC15A5
5976	MGST1
5977	LMO3
5978	RERGL
5979	PIK3C2G
5980	LINC02398
5981	PDE3A
5982	SLCO1A2
5983	GOLT1B
5984	GYS2
5985	LDHB
5986	KCNJ8
5987	ABCC9
5988	SOX5
5989	SOX5-AS1
5990	LRMP
5991	CASC1
5992	LMNTD1
5993	RASSF8-AS1
5994	RASSF8
5995	BHLHE41
5996	SSPN
5997	ITPR2
5998	FGFR1OP2
5999	ARNTL2-AS1
6000	SMCO2
6001	REP15
6002	MANSC4
6003	FAR2
6004	OVCH1-AS1
6005	OVCH1
6006	TMTC1
6007	TSPAN11
6008	DDX11-AS1
6009	DDX11
6010	DENND5B-AS1
6011	ETFBKMT
6012	AC023157.3
6013	LINC02422
6014	RESF1
6015	FGD4
6016	PKP2
6017	SYT10
6018	ALG10
6019	ALG10B
6020	LINC02406
6021	ABCD2
6022	C12orf40
6023	LINC02471
6024	MUC19
6025	CNTN1
6026	PDZRN4
6027	ZCRB1
6028	PRICKLE1
6029	PUS7L
6030	IRAK4
6031	SLC38A2
6032	SLC38A4
6033	AMIGO2
6034	PCED1B
6035	LINC02156
6036	RAPGEF3
6037	CCDC184
6038	ZNF641
6039	C12orf54
6040	RND1
6041	CCDC65
6042	FKBP11
6043	ARF3
6044	DDN
6045	PRKAG1
6046	RHEBL1
6047	TUBA1B
6048	TUBA1A
6049	TUBA1C
6050	KCNH3
6051	FAM186B
6052	FMNL3
6053	BCDIN3D-AS1
6054	BCDIN3D
6055	FAIM2
6056	LINC02395
6057	RACGAP1
6058	COX14
6059	FAM186A
6060	TMPRSS12
6061	METTL7A
6062	HIGD1C
6063	LETMD1
6064	SMAGP
6065	GALNT6
6066	FIGNL2
6067	FIGNL2-DT
6068	GRASP
6069	NR4A1
6070	ATG101
6071	KRT86
6072	TNS2
6073	SPRYD3
6074	IGFBP6
6075	RARG
6076	MFSD5
6077	PFDN5
6078	C12orf10
6079	AAAS
6080	PRR13
6081	TARBP2
6082	NPFF
6083	ATP5MC2
6084	SMUG1
6085	HNRNPA1
6086	COPZ1
6087	ITGA5
6088	NCKAP1L
6089	PPP1R1A
6090	MUCL1
6091	TESPA1
6092	ITGA7
6093	BLOC1S1
6094	CD63
6095	GDF11
6096	RPS26
6097	ERBB3
6098	PA2G4
6099	RPL41
6100	ESYT1
6101	ZC3H10
6102	MYL6B
6103	MYL6
6104	NABP2
6105	COQ10A
6106	CNPY2
6107	PAN2
6108	TIMELESS
6109	SPRYD4
6110	RBMS2
6111	ATP5F1B
6112	PTGES3
6113	NACA
6114	PRIM1
6115	HSD17B6
6116	SDR9C7
6117	NEMP1
6118	NAB2
6119	STAT6
6120	SHMT2
6121	NDUFA4L2
6122	STAC3
6123	R3HDM2
6124	ARHGAP9
6125	DDIT3
6126	MBD6
6127	DTX3
6128	ARHGEF25
6129	SLC26A10
6130	B4GALNT1
6131	TSPAN31
6132	CDK4
6133	MARCH9
6134	EEF1AKMT3
6135	AVIL
6136	CTDSP2
6137	ATP23
6138	LINC02388
6139	LRIG3
6140	TAFA2
6141	DPY19L2
6142	SRGAP1
6143	C12orf56
6144	RASSF3
6145	LINC02389
6146	LINC02231
6147	WIF1
6148	LLPH
6149	LLPH-DT
6150	IRAK3
6151	HELB
6152	GRIP1
6153	LINC02408
6154	LINC01479
6155	IFNG-AS1
6156	SLC35E3
6157	CPM
6158	LINC02373
6159	CCT2
6160	RAB3IP
6161	MYRFL
6162	LINC02821
6163	PTPRR
6164	LGR5
6165	TPH2
6166	TRHDE
6167	TRHDE-AS1
6168	LINC02444
6169	ATXN7L3B
6170	KCNC2
6171	CAPS2
6172	GLIPR1L1
6173	GLIPR1L2
6174	GLIPR1
6175	PHLDA1
6176	BBS10
6177	CSRP2
6178	LINC02464
6179	NAV3
6180	LINC02424
6181	SYT1
6182	AC027288.3
6183	PAWR
6184	PPP1R12A-AS1
6185	OTOGL
6186	PTPRQ
6187	LIN7A
6188	ACSS3
6189	PPFIA2-AS1
6190	LINC02426
6191	CCDC59
6192	METTL25
6193	TMTC2
6194	TSPAN19
6195	LRRIQ1
6196	MGAT4C
6197	KITLG
6198	LINC02458
6199	DUSP6
6200	POC1B-AS1
6201	ATP2B1-AS1
6202	LINC02392
6203	LINC02822
6204	LINC01619
6205	BTG1
6206	SOCS2-AS1
6207	SOCS2
6208	CRADD
6209	CEP83
6210	TMCC3
6211	NDUFA12
6212	USP44
6213	NTN4
6214	SNRPF
6215	CCDC38
6216	ELK3
6217	CFAP54
6218	NEDD1
6219	RMST
6220	SLC25A3
6221	IKBIP
6222	DEPDC4
6223	GAS2L3
6224	ANO4
6225	SLC5A8
6226	ARL1
6227	MYBPC1
6228	SYCP3
6229	DRAM1
6230	NUP37
6231	PARPBP
6232	HELLPAR
6233	IGF1
6234	PAH
6235	ASCL1
6236	C12orf42
6237	STAB2
6238	HSP90B1
6239	TDG
6240	NFYB
6241	CHST11
6242	ALDH1L2
6243	C12orf75
6244	CASC18
6245	CKAP4
6246	TCP11L2
6247	RFX4
6248	MTERF2
6249	BTBD11
6250	WSCD2
6251	LINC01498
6252	FICD
6253	ISCU
6254	DAO
6255	SVOP
6256	ALKBH2
6257	ACACB
6258	MYO1H
6259	MMAB
6260	MVK
6261	FAM222A
6262	FAM222A-AS1
6263	TCHP
6264	ARPC3
6265	RAD9B
6266	HVCN1
6267	CUX2
6268	PHETA1
6269	LINC02356
6270	ALDH2
6271	MAPKAPK5-AS1
6272	ERP29
6273	RPL6
6274	RPH3A
6275	RASAL1
6276	CFAP73
6277	DDX54
6278	IQCD
6279	TPCN1
6280	SLC8B1
6281	PLBD2
6282	LINC01234
6283	LINC00173
6284	MAP1LC3B2
6285	HRK
6286	TESC
6287	TESC-AS1
6288	NOS1
6289	VSIG10
6290	PEBP1
6291	HSPB8
6292	CCDC60
6293	TMEM233
6294	AC004812.2
6295	RPLP0
6296	PXN-AS1
6297	PXN
6298	SIRT4
6299	MSI1
6300	COX6A1
6301	TRIAP1
6302	SRSF9
6303	DYNLL1
6304	POP5
6305	AC125616.1
6306	ACADS
6307	HNF1A-AS1
6308	P2RX7
6309	P2RX4
6310	KDM2B-DT
6311	MORN3
6312	RHOF
6313	LINC01089
6314	B3GNT4
6315	CLIP1-AS1
6316	CCDC62
6317	OGFOD2
6318	ARL6IP4
6319	CDK2AP1
6320	SBNO1-AS1
6321	RILPL2
6322	RILPL1
6323	TMED2-DT
6324	TMED2
6325	EIF2B1
6326	DNAH10
6327	DNAH10OS
6328	RFLNA
6329	NCOR2
6330	UBC
6331	LINC02826
6332	LINC02359
6333	LINC02347
6334	LINC02405
6335	LINC00507
6336	LINC00508
6337	TMEM132C
6338	RAN
6339	ADGRD1
6340	LINC01257
6341	MMP17
6342	AC131009.1
6343	DDX51
6344	NOC4L
6345	GALNT9
6346	POLE
6347	PXMP2
6348	PGAM5
6349	ZNF10
6350	TPTE2
6351	CRYL1
6352	IFT88
6353	LATS2
6354	SAP18
6355	SKA3
6356	MRPL57
6357	LINC00539
6358	FGF9
6359	LINC00621
6360	SGCG
6361	SACS-AS1
6362	LINC00327
6363	TNFRSF19
6364	MIPEP
6365	SPATA13
6366	PARP4
6367	CENPJ
6368	AMER2
6369	RNF6
6370	WASF3-AS1
6371	GPR12
6372	LINC02340
6373	RPL21
6374	FLT3
6375	PAN3-AS1
6376	FLT1
6377	POMP
6378	SLC46A3
6379	MTUS2
6380	MTUS2-AS2
6381	MTUS2-AS1
6382	SLC7A1
6383	UBL3
6384	LINC00426
6385	UBE2L5
6386	HMGB1
6387	TEX26
6388	HSPH1
6389	RXFP2
6390	FRY-AS1
6391	BRCA2
6392	N4BP2L2-IT2
6393	KL
6394	STARD13
6395	STARD13-AS
6396	RFC3
6397	LINC02343
6398	LINC00457
6399	SOHLH2
6400	CCDC169
6401	SPART
6402	SPART-AS1
6403	CCNA1
6404	SERTM1
6405	RFXAP
6406	SMAD9
6407	SMAD9-IT1
6408	EXOSC8
6409	POSTN
6410	TRPC4
6411	LINC02334
6412	LINC00571
6413	NHLRC3
6414	LHFPL6
6415	LINC00598
6416	FOXO1
6417	SLC25A15
6418	ELF1
6419	KBTBD6
6420	AL354696.2
6421	KBTBD7
6422	MTRF1
6423	NAA16
6424	RGCC
6425	VWA8-AS1
6426	CCDC122
6427	LACC1
6428	NRAD1
6429	LINC00390
6430	SMIM2-AS1
6431	LINC00407
6432	GTF2F2
6433	KCTD4
6434	TPT1
6435	SIAH3
6436	CPB2-AS1
6437	CPB2
6438	LCP1
6439	LRRC63
6440	RUBCNL
6441	LINC00562
6442	SUCLA2-AS1
6443	NUDT15
6444	MED4-AS1
6445	ITM2B
6446	LPAR6
6447	RCBTB2
6448	PHF11
6449	EBPL
6450	DLEU2
6451	DLEU1
6452	DLEU7
6453	RNASEH2B-AS1
6454	RNASEH2B
6455	SERPINE3
6456	INTS6
6457	INTS6-AS1
6458	DHRS12
6459	TMEM272
6460	ATP7B
6461	ALG11
6462	NEK5
6463	NEK3
6464	THSD1
6465	HNRNPA1L2
6466	SUGT1
6467	CNMD
6468	PCDH8
6469	OLFM4
6470	LINC00558
6471	LINC02335
6472	PCDH17
6473	LINC02338
6474	DIAPH3
6475	LINC00378
6476	PCDH20
6477	PCDH9
6478	PCDH9-AS1
6479	PCDH9-AS2
6480	PCDH9-AS3
6481	PCDH9-AS4
6482	KLHL1
6483	DACH1
6484	MZT1
6485	BORA
6486	KLF5
6487	LINC00393
6488	KLF12
6489	LINC00402
6490	TBC1D4
6491	COMMD6
6492	UCHL3
6493	LMO7-AS1
6494	KCTD12
6495	CLN5
6496	MYCBP2-AS1
6497	EDNRB
6498	OBI1-AS1
6499	LINC00331
6500	RBM26-AS1
6501	LINC01068
6502	SPRY2
6503	LINC00377
6504	LINC00430
6505	MIR4500HG
6506	SLITRK5
6507	LINC00433
6508	LINC00440
6509	LINC01047
6510	LINC02336
6511	GPC5
6512	GPC5-AS2
6513	GPC5-AS1
6514	GPC6
6515	GPC6-AS1
6516	DCT
6517	SOX21-AS1
6518	ABCC4
6519	CLDN10
6520	DNAJC3-DT
6521	HS6ST3
6522	LINC00456
6523	DOCK9-DT
6524	UBAC2-AS1
6525	GPR18
6526	GPR183
6527	CLYBL
6528	PCCA-DT
6529	PCCA-AS1
6530	TMTC4
6531	NALCN-AS1
6532	ITGBL1
6533	FGF14
6534	FGF14-IT1
6535	FGF14-AS1
6536	METTL21C
6537	CCDC168
6538	TEX30
6539	POGLUT2
6540	LINC00343
6541	EFNB2
6542	LINC00551
6543	FAM155A
6544	FAM155A-IT1
6545	ABHD13
6546	TNFSF13B
6547	MYO16
6548	MYO16-AS1
6549	IRS2
6550	COL4A1
6551	COL4A2
6552	ANKRD10-IT1
6553	ARHGEF7-AS2
6554	TEX29
6555	LINC00354
6556	SOX1-OT
6557	MCF2L-AS1
6558	F10
6559	GRTP1
6560	ADPRHL1
6561	DCUN1D2-AS
6562	TMEM255B
6563	GAS6-AS1
6564	GAS6-DT
6565	C13orf46
6566	RASA3
6567	CFAP97D2
6568	CHAMP1
6569	POTEG
6570	PARP2
6571	TEP1
6572	OSGEP
6573	APEX1
6574	PIP4P1
6575	NDRG2
6576	ZNF219
6577	LINC00641
6578	SALL2
6579	ABHD4
6580	SLC7A7
6581	MRPL52
6582	PRMT5
6583	HAUS4
6584	PSMB5
6585	CDH24
6586	C14orf119
6587	RNF212B
6588	HOMEZ
6589	BCL2L2
6590	BCL2L2-PABPN1
6591	PABPN1
6592	SLC22A17
6593	ZFHX2-AS1
6594	ZFHX2
6595	AP1G2
6596	LINC00596
6597	DHRS4-AS1
6598	DHRS4L2
6599	CARMIL3
6600	CPNE6
6601	NRL
6602	PCK2
6603	PSME1
6604	EMC9
6605	PSME2
6606	RNF31
6607	IRF9
6608	REC8
6609	CHMP4A
6610	MDP1
6611	NEDD8
6612	GMPR2
6613	TINF2
6614	TGM1
6615	RABGGTA
6616	DHRS1
6617	NOP9
6618	LTB4R
6619	NYNRIN
6620	KHNYN
6621	SDR39U1
6622	STXBP6
6623	LINC02306
6624	FOXG1-AS1
6625	FOXG1
6626	LINC01551
6627	LINC02281
6628	LINC02327
6629	LINC02326
6630	PRKD1
6631	G2E3-AS1
6632	COCH
6633	DTD2
6634	ARHGAP5-AS1
6635	ARHGAP5
6636	NPAS3
6637	EGLN3
6638	CFL2
6639	BAZ1A
6640	NFKBIA
6641	LINC00609
6642	SLC25A21
6643	SLC25A21-AS1
6644	MIPOL1
6645	TTC6
6646	SSTR1
6647	LINC00639
6648	LINC02315
6649	LRFN5
6650	LINC02307
6651	LINC02277
6652	LINC02302
6653	C14orf28
6654	KLHL28
6655	FANCM
6656	LINC00871
6657	MDGA2
6658	LRR1
6659	RPL36AL
6660	MGAT2
6661	POLE2
6662	KLHDC1
6663	KLHDC2
6664	ARF6
6665	LINC01588
6666	DMAC2L
6667	CDKL1
6668	PYGL
6669	ABHD12B
6670	LINC00640
6671	FRMD6-AS2
6672	FRMD6
6673	GNG2
6674	NID2
6675	PTGDR
6676	GPR137C
6677	LINC02331
6678	BMP4
6679	CDKN3
6680	GMFB
6681	SAMD4A
6682	GCH1
6683	WDHD1
6684	ATG14
6685	KTN1-AS1
6686	LINC00520
6687	PELI2
6688	LINC02284
6689	AP5M1
6690	SLC35F4
6691	PSMA3
6692	DACT1
6693	LINC01500
6694	GPR135
6695	JKAMP
6696	DHRS7
6697	C14orf39
6698	SIX4
6699	PRKCH
6700	KCNH5
6701	RHOJ
6702	ESR2
6703	AKAP5
6704	ZBTB1
6705	HSPA2
6706	PPP1R36
6707	PLEKHG3
6708	GPX2
6709	MAX
6710	CCDC196
6711	FAM71D
6712	ATP6V1D
6713	PLEKHH1
6714	ARG2
6715	RDH12
6716	RAD51B
6717	ZFP36L1
6718	GALNT16
6719	ERH
6720	PLEKHD1
6721	SRSF5
6722	SLC10A1
6723	SMOC1
6724	SLC8A3
6725	ADAM21
6726	RGS6
6727	DPF3
6728	RIOX1
6729	ACOT1
6730	ACOT2
6731	ACOT4
6732	ACOT6
6733	PNMA1
6734	ENTPD5
6735	ALDH6A1
6736	ABCD4
6737	SYNDIG1L
6738	NPC2
6739	ISCA2
6740	LTBP2
6741	RPS6KL1
6742	EIF2B2
6743	ACYP1
6744	ZC2HC1C
6745	JDP2
6746	TTLL5
6747	TGFB3
6748	ESRRB
6749	VASH1
6750	VASH1-AS1
6751	IRF2BPL
6752	ZDHHC22
6753	NGB
6754	GSTZ1
6755	SAMD15
6756	NOXRED1
6757	AHSA1
6758	SLIRP
6759	C14orf178
6760	ADCK1
6761	NRXN3
6762	DIO2
6763	DIO2-AS1
6764	CEP128
6765	TSHR
6766	STON2
6767	LINC02301
6768	AL049775.1
6769	FLRT2
6770	LINC02328
6771	LINC02316
6772	LINC02296
6773	LINC01147
6774	LINC01146
6775	SPATA7
6776	TTC8
6777	EFCAB11
6778	KCNK13
6779	PSMC1
6780	CALM1
6781	LINC00642
6782	RPS6KA5
6783	GPR68
6784	CCDC88C
6785	CATSPERB
6786	TC2N
6787	FBLN5
6788	NDUFB1
6789	SLC24A4
6790	RIN3
6791	CHGA
6792	ITPK1-AS1
6793	MOAP1
6794	TMEM251
6795	GON7
6796	ASB2
6797	DDX24
6798	IFI27L1
6799	IFI27
6800	IFI27L2
6801	PPP4R4
6802	DICER1-AS1
6803	SYNE3
6804	SNHG10
6805	GLRX5
6806	TUNAR
6807	BDKRB2
6808	AK7
6809	PAPOLA
6810	LINC01550
6811	BCL11B
6812	DEGS2
6813	SLC25A29
6814	BEGAIN
6815	MEG3
6816	RTL1
6817	MEG9
6818	DIO3OS
6819	LINC02320
6820	HSP90AA1
6821	ANKRD9
6822	TRAF3
6823	TNFAIP2
6824	EIF5
6825	CKB
6826	TRMT61A
6827	COA8
6828	XRCC3
6829	LINC00637
6830	ATP5MPL
6831	TDRD9
6832	KIF26A
6833	LINC02691
6834	TMEM179
6835	INF2
6836	CEP170B
6837	AHNAK2
6838	CLBA1
6839	GPR132
6840	LINC02298
6841	NUDT14
6842	BTBD6
6843	TEX22
6844	AL928654.1
6845	CRIP2
6846	TEDC1
6847	TMEM121
6848	TUBGCP5
6849	MKRN3
6850	MAGEL2
6851	NDN
6852	PWRN4
6853	PWRN1
6854	NPAP1
6855	SNURF
6856	UBE3A
6857	LINC02250
6858	ATP10A
6859	LINC02346
6860	LINC02248
6861	GABRA5
6862	GABRG3
6863	GABRG3-AS1
6864	OCA2
6865	GOLGA8M
6866	GOLGA6L7
6867	NSMCE3
6868	TJP1
6869	GOLGA8R
6870	ARHGAP11B
6871	TRPM1
6872	LINC02352
6873	CHRNA7
6874	GOLGA8O
6875	LINC02256
6876	GOLGA8N
6877	ARHGAP11A
6878	GREM1
6879	RYR3
6880	AVEN
6881	CHRM5
6882	EMC7
6883	EMC4
6884	NOP10
6885	LPCAT4
6886	GOLGA8A
6887	GOLGA8B
6888	DPH6
6889	DPH6-DT
6890	LINC02853
6891	C15orf41
6892	MEIS2
6893	LINC02345
6894	SPRED1
6895	LINC02694
6896	THBS1
6897	FSIP1
6898	SRP14
6899	SRP14-AS1
6900	BUB1B
6901	PLCB2
6902	INAFM2
6903	BAHD1
6904	CCDC32
6905	RPUSD2
6906	KNL1
6907	RAD51
6908	GCHFR
6909	ZFYVE19
6910	RHOV
6911	VPS18
6912	CHAC1
6913	INO80-AS1
6914	OIP5-AS1
6915	OIP5
6916	NUSAP1
6917	ITPKA
6918	LTK
6919	JMJD7
6920	PLA2G4B
6921	SPTBN5
6922	EHD4
6923	GANC
6924	CAPN3
6925	MAP1A
6926	CKMT1B
6927	STRC
6928	CATSPER2
6929	SERF2
6930	WDR76
6931	FRMD5
6932	B2M
6933	TRIM69
6934	DUOXA1
6935	DUOX1
6936	SHF
6937	AC051619.4
6938	SLC28A2
6939	SQOR
6940	SEMA6D
6941	SLC24A5
6942	CTXN2
6943	SLC12A1
6944	CEP152
6945	SHC4
6946	EID1
6947	FAM227B
6948	FGF7
6949	ATP8B4
6950	SLC27A2
6951	GABPB1
6952	GABPB1-AS1
6953	USP50
6954	SPPL2A
6955	MIR4713HG
6956	TNFAIP8L3
6957	GLDN
6958	SCG3
6959	CERNA1
6960	MYO5C
6961	ARPP19
6962	FAM214A
6963	ONECUT1
6964	RSL24D1
6965	RAB27A
6966	PIGBOS1
6967	PIGB
6968	C15orf65
6969	DNAAF4
6970	PYGO1
6971	PRTG
6972	NEDD4
6973	TEX9
6974	MNS1
6975	TCF12
6976	LINC00926
6977	ALDH1A2
6978	AQP9
6979	LIPC
6980	MYO1E
6981	GTF2A2
6982	RORA-AS1
6983	RORA
6984	RPS27L
6985	APH1B
6986	CA12
6987	USP3
6988	USP3-AS1
6989	FBXL22
6990	DAPK2
6991	PPIB
6992	PCLAF
6993	ZNF609
6994	RBPMS2
6995	PIF1
6996	MTFMT
6997	IGDCC3
6998	IGDCC4
6999	SLC24A1
7000	RAB11A
7001	MEGF11
7002	DIS3L
7003	TIPIN
7004	SNAPC5
7005	RPL4
7006	ZWILCH
7007	SMAD3
7008	AC012568.1
7009	IQCH
7010	IQCH-AS1
7011	C15orf61
7012	SKOR1
7013	CALML4
7014	FEM1B
7015	ITGA11
7016	ANP32A
7017	NOX5
7018	EWSAT1
7019	GLCE
7020	KIF23
7021	RPLP1
7022	DRAIC
7023	TLE3
7024	UACA
7025	THAP10
7026	THSD4
7027	THSD4-AS1
7028	GRAMD2A
7029	PKM
7030	HEXA-AS1
7031	TMEM202-AS1
7032	LINC02259
7033	BBS4
7034	HCN4
7035	REC114
7036	NPTN-IT1
7037	INSYN1
7038	STOML1
7039	ISLR2
7040	ISLR
7041	CCDC33
7042	SEMA7A
7043	UBL7
7044	UBL7-AS1
7045	ARID3B
7046	CPLX3
7047	ULK3
7048	MPI
7049	FAM219B
7050	COX5A
7051	PPCDC
7052	IMP3
7053	SNX33
7054	DNM1P35
7055	NRG4
7056	TMEM266
7057	ETFA
7058	LINGO1
7059	LINGO1-AS1
7060	CIB2
7061	ACSBG1
7062	DNAJA4
7063	WDR61
7064	CRABP1
7065	HYKK
7066	PSMA4
7067	CHRNA5
7068	MORF4L1
7069	ANKRD34C-AS1
7070	ANKRD34C
7071	FAH
7072	CTXND1
7073	ARNT2
7074	CEMIP
7075	TLNRD1
7076	CFAP161
7077	IL16
7078	STARD5
7079	TMC3-AS1
7080	TMC3
7081	AC104041.1
7082	MEX3B
7083	SAXO2
7084	GOLGA6L10
7085	GOLGA6L9
7086	RPS17
7087	CPEB1-AS1
7088	SNHG21
7089	FSD2
7090	RAMAC
7091	TM6SF1
7092	ADAMTSL3
7093	UBE2Q2L
7094	GOLGA6L4
7095	AC048382.5
7096	WDR73
7097	ALPK3
7098	PDE8A
7099	KLHL25
7100	AGBL1
7101	NTRK3-AS1
7102	MRPL46
7103	LINC01586
7104	AEN
7105	HAPLN3
7106	MFGE8
7107	FANCI
7108	MIR9-3HG
7109	KIF7
7110	PLIN1
7111	PEX11A
7112	WDR93
7113	MESP1
7114	ZNF710-AS1
7115	IDH2
7116	IDH2-DT
7117	CIB1
7118	TTLL13P
7119	NGRN
7120	ZNF774
7121	CRTC3-AS1
7122	BLM
7123	FURIN
7124	FES
7125	HDDC3
7126	UNC45A
7127	PRC1
7128	VPS33B-DT
7129	SLCO3A1
7130	LINC00930
7131	FAM174B
7132	RGMA
7133	LINC01579
7134	LINC02207
7135	LINC01580
7136	MCTP2
7137	LINC01197
7138	LINC00924
7139	NR2F2-AS1
7140	NR2F2
7141	LINC02253
7142	LINC02254
7143	LINC00923
7144	ARRDC4
7145	LINC02351
7146	FAM169B
7147	IGF1R
7148	LUNAR1
7149	AC036108.3
7150	LYSMD4
7151	ADAMTS17
7152	SPATA41
7153	CERS3
7154	LINS1
7155	ALDH1A3
7156	LRRK1
7157	SELENOS
7158	SNRPA1
7159	PCSK6
7160	TM2D3
7161	WASIR2
7162	POLR3K
7163	SNRNP25
7164	RHBDF1
7165	MPG
7166	HBZ
7167	HBA1
7168	HBQ1
7169	LUC7L
7170	RGS11
7171	ARHGDIG
7172	PDIA2
7173	MRPL28
7174	NME4
7175	DECR2
7176	RAB11FIP3
7177	CAPN15
7178	PIGQ
7179	RAB40C
7180	WFIKKN1
7181	METTL26
7182	MCRIP2
7183	WDR90
7184	RHOT2
7185	RHBDL1
7186	STUB1
7187	JMJD8
7188	WDR24
7189	FBXL16
7190	METRN
7191	ANTKMT
7192	CCDC78
7193	HAGHL
7194	CIAO3
7195	MSLNL
7196	RPUSD1
7197	CHTF18
7198	GNG13
7199	LMF1
7200	LMF1-AS1
7201	SOX8
7202	CACNA1H
7203	UBE2I
7204	BAIAP3
7205	TSR3
7206	C16orf91
7207	CCDC154
7208	TELO2
7209	IFT140
7210	NME3
7211	MRPS34
7212	EME2
7213	SPSB3
7214	NUBP2
7215	FAHD1
7216	MEIOB
7217	NDUFB10
7218	RPS2
7219	SNHG9
7220	TBL3
7221	NOXO1
7222	GFER
7223	SYNGR3
7224	ZNF598
7225	NPW
7226	SLC9A3R2
7227	NTHL1
7228	RAB26
7229	SNHG19
7230	TRAF7
7231	CASKIN1
7232	MLST8
7233	BRICD5
7234	PGP
7235	E4F1
7236	DNASE1L2
7237	ECI1
7238	TEDC2
7239	ATP6V0C
7240	AMDHD2
7241	PRSS27
7242	SRRM2-AS1
7243	ELOB
7244	PKMYT1
7245	PAQR4
7246	CLDN9
7247	HCFC1R1
7248	THOC6
7249	BICDL2
7250	MMP25-AS1
7251	ZNF205
7252	ZNF213
7253	LINC00921
7254	ZNF263
7255	ZNF174
7256	ZNF597
7257	NLRC3
7258	SLX4
7259	TRAP1
7260	ADCY9
7261	LINC01569
7262	TFAP4
7263	GLIS2-AS1
7264	VASN
7265	NMRAL1
7266	CDIP1
7267	C16orf96
7268	UBALD1
7269	NUDT16L1
7270	C16orf71
7271	ZNF500
7272	SEPTIN12
7273	ROGDI
7274	PPL
7275	NAGPA
7276	ALG1
7277	C16orf89
7278	EEF2KMT
7279	LINC01570
7280	TMEM186
7281	CARHSP1
7282	LINC02177
7283	ATF7IP2
7284	EMP2
7285	TEKT5
7286	NUBP1
7287	CIITA
7288	DEXI
7289	RMI2
7290	LITAF
7291	SNN
7292	AC007613.1
7293	NPIPB2
7294	CPPED1
7295	SHISA9
7296	MIR193BHG
7297	PLA2G10
7298	NPIPA3
7299	NPIPA2
7300	NPIPA1
7301	PDXDC1
7302	NPIPA5
7303	MPV17L
7304	NDE1
7305	MYH11
7306	ABCC6
7307	NPIPA7
7308	XYLT1
7309	NPIPA8
7310	NOMO2
7311	RPS15A
7312	ARL6IP1
7313	TMC7
7314	ITPRIPL2
7315	SYT17
7316	TMC5
7317	GDE1
7318	KNOP1
7319	IQCK
7320	GPRC5B
7321	ACSM3
7322	ACSM1
7323	ERI2
7324	REXO5
7325	DNAH3
7326	TMEM159
7327	ANKS4B
7328	NPIPB3
7329	IGSF6
7330	OTOA
7331	NPIPB4
7332	PDZD9
7333	MOSMO
7334	VWA3A
7335	SDR42E2
7336	EEF2K
7337	POLR3E
7338	CDR2
7339	NPIPB5
7340	HS3ST2
7341	UBFD1
7342	NDUFAB1
7343	LINC2194
7344	CACNG3
7345	LINC01567
7346	SLC5A11
7347	LINC02175
7348	LCMT1-AS1
7349	LCMT1-AS2
7350	AQP8
7351	HS3ST4
7352	NSMCE1-DT
7353	IL4R
7354	IL21R-AS1
7355	GSG1L
7356	SBK1
7357	NPIPB6
7358	NPIPB7
7359	CLN3
7360	NUPR1
7361	SGF29
7362	SULT1A2
7363	SULT1A1
7364	EIF3C
7365	TUFM
7366	ATP2A1
7367	NPIPB11
7368	BOLA2
7369	NPIPB12
7370	QPRT
7371	KIF22
7372	MAZ
7373	PRRT2
7374	PAGR1
7375	MVP
7376	CDIPT
7377	SEZ6L2
7378	ASPHD1
7379	TMEM219
7380	HIRIP3
7381	DOC2A
7382	TLCD3B
7383	ALDOA
7384	YPEL3
7385	GDPD3
7386	MAPK3
7387	CORO1A
7388	BOLA2B
7389	SULT1A3
7390	NPIPB13
7391	CD2BP2
7392	MYLPF
7393	SEPTIN1
7394	ZNF771
7395	DCTPP1
7396	SEPHS2
7397	ITGAL
7398	ZNF768
7399	ZNF747
7400	ZNF688
7401	ZNF785
7402	ZNF689
7403	PRR14
7404	CCDC189
7405	BCL7C
7406	MIR762HG
7407	FBXL19-AS1
7408	STX4
7409	PRSS53
7410	VKORC1
7411	BCKDK
7412	TRIM72
7413	PYDC1
7414	ZNF843
7415	SHCBP1
7416	ORC6
7417	MYLK3
7418	DNAJA2
7419	ITFG1-AS1
7420	PHKB
7421	LINC02133
7422	LINC02192
7423	ABCC12
7424	ABCC11
7425	CBLN1
7426	ZNF423
7427	TENT4B
7428	ADCY7
7429	NKD1
7430	TOX3
7431	LPCAT2
7432	CES5A
7433	MT3
7434	MT2A
7435	MT1E
7436	MT1X
7437	SLC12A3
7438	HERPUD1
7439	NLRC5
7440	CPNE2
7441	ARL2BP
7442	PLLP
7443	CX3CL1
7444	ADGRG1
7445	CNGB1
7446	TEPP
7447	ZNF319
7448	MMP15
7449	CCDC113
7450	GINS3
7451	LINC02137
7452	LINC02141
7453	CDH8
7454	CDH11
7455	LINC00922
7456	BEAN1
7457	TK2
7458	CMTM2
7459	CMTM3
7460	TERB1
7461	CIAO2B
7462	CES2
7463	CES3
7464	CES4A
7465	CBFB
7466	TRADD
7467	FBXL8
7468	HSF4
7469	NOL3
7470	KIAA0895L
7471	E2F4
7472	LRRC29
7473	TMEM208
7474	FHOD1
7475	KCTD19
7476	LRRC36
7477	TPPP3
7478	ZDHHC1
7479	HSD11B2
7480	CARMIL2
7481	ACD
7482	PARD6A
7483	ENKD1
7484	TSNAXIP1
7485	THAP11
7486	EDC4
7487	CTRL
7488	PSMB10
7489	DUS2
7490	DDX28
7491	NFATC3
7492	SLC7A6OS
7493	PRMT7
7494	SMPD3
7495	CDH3
7496	CDH1
7497	TANGO6
7498	UTP4
7499	VPS4A
7500	NIP7
7501	TMED6
7502	NFAT5
7503	NQO1
7504	WWP2
7505	PDPR
7506	EXOSC6
7507	DDX19B
7508	ST3GAL2
7509	IL34
7510	MTSS2
7511	HYDIN
7512	CALB2
7513	LINC02136
7514	ZNF19
7515	MARVELD3
7516	PKD1L3
7517	DHODH
7518	DHX38
7519	PMFBP1
7520	LINC01572
7521	AC004943.2
7522	ZFHX3
7523	LINC01568
7524	PSMD7
7525	NPIPB15
7526	CLEC18B
7527	FA2H
7528	BCAR1
7529	TMEM170A
7530	CHST6
7531	TMEM231
7532	GABARAPL2
7533	TERF2IP
7534	DUXB
7535	CPHXL
7536	CNTNAP4
7537	LINC02125
7538	SYCE1L
7539	ADAMTS18
7540	NUDT7
7541	VAT1L
7542	WWOX
7543	MAF
7544	LINC01229
7545	DYNLRB2
7546	CDYL2
7547	CENPN
7548	ATMIN
7549	GCSH
7550	BCO1
7551	CMIP
7552	PLCG2
7553	CDH13
7554	HSBP1
7555	MLYCD
7556	NECAB2
7557	SLC38A8
7558	AC040169.1
7559	DNAAF1
7560	TAF1C
7561	WFDC1
7562	ATP2C2
7563	ATP2C2-AS1
7564	CRISPLD2
7565	GSE1
7566	GINS2
7567	C16orf74
7568	COX4I1
7569	MTHFSD
7570	C16orf95
7571	MAP1LC3B
7572	JPH3
7573	KLHDC4
7574	SLC7A5
7575	CA5A
7576	BANP
7577	LINC02182
7578	ZNF469
7579	ZFPM1
7580	MVD
7581	SNAI3-AS1
7582	SNAI3
7583	CTU2
7584	APRT
7585	TRAPPC2L
7586	CBFA2T3
7587	RPL13
7588	CPNE7
7589	SPATA2L
7590	VPS9D1
7591	VPS9D1-AS1
7592	FANCA
7593	MC1R
7594	TUBB3
7595	DEF8
7596	CENPBD1
7597	GAS8
7598	FAM157C
7599	LINC02193
7600	DOC2B
7601	RPH3AL
7602	AC129507.1
7603	C17orf97
7604	RFLNB
7605	TLCD3A
7606	GEMIN4
7607	MRM3
7608	NXN
7609	TIMM22
7610	ABR
7611	YWHAE
7612	CRK
7613	MYO1C
7614	PITPNA-AS1
7615	SCARF1
7616	RILP
7617	TLCD2
7618	MIR22HG
7619	SERPINF2
7620	SERPINF1
7621	RTN4RL1
7622	DPH1
7623	RAP1GAP2
7624	OR3A2
7625	SPATA22
7626	ASPA
7627	TRPV3
7628	TRPV1
7629	CTNS
7630	EMC6
7631	P2RX5
7632	CYB5D2
7633	SPNS3
7634	SPNS2
7635	ALOX15
7636	MED11
7637	PSMB6
7638	PLD2
7639	CHRNE
7640	GP1BA
7641	SLC25A11
7642	RNF167
7643	PFN1
7644	SPAG7
7645	INCA1
7646	KIF1C
7647	SLC52A1
7648	USP6
7649	SCIMP
7650	C1QBP
7651	MIS12
7652	NLRP1
7653	WSCD1
7654	TXNDC17
7655	MED31
7656	C17orf100
7657	TEKT1
7658	ALOX12
7659	RNASEK
7660	C17orf49
7661	SLC16A13
7662	ASGR2
7663	ASGR1
7664	ACADVL
7665	PHF23
7666	GABARAP
7667	CTDNEP1
7668	ELP5
7669	EIF5A
7670	GPS2
7671	NEURL4
7672	ACAP1
7673	TNK1
7674	PLSCR3
7675	TMEM256
7676	CHRNB1
7677	ZBTB4
7678	TNFSF12
7679	EIF4A1
7680	MPDU1
7681	SOX15
7682	FXR2
7683	SHBG
7684	SAT2
7685	ATP1B2
7686	TP53
7687	EFNB3
7688	DNAH2
7689	KDM6B
7690	NAA38
7691	CHD3
7692	RNF227
7693	KCNAB3
7694	TRAPPC1
7695	CNTROB
7696	ALOX15B
7697	ALOX12B
7698	ALOXE3
7699	HES7
7700	PER1
7701	VAMP2
7702	TMEM107
7703	BORCS6
7704	RANGRF
7705	KRBA2
7706	RPL26
7707	NTN1
7708	STX8
7709	CFAP52
7710	GSG1L2
7711	GLP2R
7712	RCVRN
7713	MYH13
7714	MYH3
7715	ADPRM
7716	TMEM220
7717	TMEM220-AS1
7718	SHISA6
7719	ZNF18
7720	MYOCD
7721	ELAC2
7722	HS3ST3A1
7723	COX10-AS1
7724	COX10
7725	HS3ST3B1
7726	PMP22
7727	TEKT3
7728	CDRT4
7729	TVP23C
7730	CDRT1
7731	TRIM16
7732	TBC1D26
7733	PIGL
7734	UBB
7735	TRPV2
7736	SNHG29
7737	LRRC75A
7738	ZNF624
7739	CCDC144A
7740	FAM106C
7741	MPRIP-AS1
7742	PLD6
7743	FLCN
7744	NT5M
7745	RASD1
7746	PEMT
7747	RAI1
7748	RAI1-AS1
7749	SMCR5
7750	SREBF1
7751	DRC3
7752	MYO15A
7753	LLGL1
7754	FLII
7755	SHMT1
7756	FAM106A
7757	TRIM16L
7758	FBXW10
7759	TVP23B
7760	EPN2-AS1
7761	B9D1
7762	MAPK7
7763	RNF112
7764	LINC02094
7765	SLC47A1
7766	ALDH3A2
7767	SLC47A2
7768	SPECC1
7769	CCDC144NL
7770	CCDC144NL-AS1
7771	LINC01563
7772	DHRS7B
7773	MAP2K3
7774	LINC02693
7775	WSB1
7776	LGALS9
7777	NOS2
7778	LYRM9
7779	TMEM97
7780	POLDIP2
7781	VTN
7782	SLC46A1
7783	UNC119
7784	PIGS
7785	ALDOC
7786	SPAG5
7787	SPAG5-AS1
7788	RSKR
7789	PROCA1
7790	RPL23A
7791	NEK8
7792	TRAF4
7793	FAM222B
7794	ERAL1
7795	FLOT2
7796	DHRS13
7797	PIPOX
7798	SEZ6
7799	NUFIP2
7800	ABHD15-AS1
7801	TP53I13
7802	CORO6
7803	EFCAB5
7804	SLC6A4
7805	CRLF3
7806	ATAD5
7807	ADAP2
7808	OMG
7809	EVI2B
7810	EVI2A
7811	COPRS
7812	RHBDL3
7813	CDK5R1
7814	TMEM98
7815	ASIC2
7816	C17orf102
7817	TMEM132E
7818	CCT6B
7819	ZNF830
7820	SNHG30
7821	PEX12
7822	RASL10B
7823	MMP28
7824	HEATR9
7825	CCL5
7826	PIGW
7827	DHRS11
7828	MRM1
7829	LHX1-DT
7830	C17orf78
7831	TBC1D3L
7832	MRPL45
7833	GPR179
7834	SRCIN1
7835	EPOP
7836	CISD3
7837	PSMB3
7838	RPL23
7839	LINC00672
7840	ARL5C
7841	CACNB1
7842	RPL19
7843	STAC2
7844	NEUROD2
7845	PPP1R1B
7846	TCAP
7847	PNMT
7848	PGAP3
7849	MIEN1
7850	GRB7
7851	IKZF3
7852	ORMDL3
7853	NR1D1
7854	CDC6
7855	RARA
7856	IGFBP4
7857	KRT10
7858	TMEM99
7859	KRT17
7860	EIF1
7861	HAP1
7862	JUP
7863	NT5C3B
7864	KLHL10
7865	TTC25
7866	CNP
7867	ZNF385C
7868	C17orf113
7869	DHX58
7870	KAT2A
7871	KCNH4
7872	HCRT
7873	GHDC
7874	NAGLU
7875	HSD17B1
7876	COASY
7877	MLX
7878	PSMC3IP
7879	TUBG1
7880	TUBG2
7881	PLEKHH3
7882	CCR10
7883	RAMP2-AS1
7884	VPS25
7885	COA3
7886	CNTD1
7887	AOC2
7888	PTGES3L
7889	RPL27
7890	IFI35
7891	VAT1
7892	RND2
7893	BRCA1
7894	TMEM106A
7895	CCDC200
7896	LINC00910
7897	ARL4D
7898	ETV4
7899	MEOX1
7900	LINC02594
7901	DUSP3
7902	LINC01976
7903	PYY
7904	G6PC3
7905	C17orf53
7906	ASB16
7907	TMUB2
7908	ATXN7L3
7909	UBTF
7910	RUNDC3A-AS1
7911	RUNDC3A
7912	SLC25A39
7913	GRN
7914	FAM171A2
7915	ITGA2B
7916	GPATCH8
7917	MEIOC
7918	DBF4B
7919	GJC1
7920	HIGD1B
7921	GFAP
7922	C1QL1
7923	DCAKD
7924	PLCD3
7925	HEXIM1
7926	HEXIM2
7927	FMNL1
7928	MAP3K14-AS1
7929	MAP3K14
7930	ARHGAP27
7931	MAPT-AS1
7932	STH
7933	KANSL1
7934	KANSL1-AS1
7935	ARL17B
7936	LRRC37A
7937	LRRC37A2
7938	ARL17A
7939	FAM215B
7940	WNT3
7941	WNT9B
7942	RPRML
7943	EFCAB13
7944	TBKBP1
7945	MRPL10
7946	SCRN2
7947	SP2-AS1
7948	PNPO
7949	CDK5RAP3
7950	NFE2L1
7951	SKAP1
7952	TTLL6
7953	ATP5MC1
7954	PHB
7955	NXPH3
7956	SLC35B1
7957	TAC4
7958	PICART1
7959	PDK2
7960	SAMD14
7961	PPP1R9B
7962	XYLT2
7963	MRPL27
7964	LRRC59
7965	CHAD
7966	RSAD1
7967	MYCBPAP
7968	EPN3
7969	SPATA20
7970	CACNA1G
7971	ABCC3
7972	TOB1
7973	TOB1-AS1
7974	NME1
7975	NME2
7976	LINC02073
7977	CA10
7978	LINC01982
7979	TOM1L1
7980	MMD
7981	SMIM36
7982	PCTP
7983	ANKFN1
7984	C17orf67
7985	TRIM25
7986	SCPEP1
7987	MSI2
7988	CUEDC1
7989	VEZF1
7990	DYNLL2
7991	EPX
7992	MKS1
7993	TSPOAP1-AS1
7994	SUPT4H1
7995	RNF43
7996	HSF5
7997	SEPTIN4-AS1
7998	SEPTIN4
7999	TEX14
8000	RAD51C
8001	PPM1E
8002	PRR11
8003	SMG8
8004	LINC01476
8005	PTRH2
8006	TUBD1
8007	RNFT1
8008	AC025048.4
8009	CA4
8010	AC005884.1
8011	BRIP1
8012	INTS2
8013	EFCAB3
8014	MRC2
8015	MARCH10
8016	MARCH10-DT
8017	CYB561
8018	ACE
8019	KCNH6
8020	STRADA
8021	LIMD2
8022	FTSJ3
8023	PSMC5
8024	SMARCD2
8025	PRR29-AS1
8026	SNHG25
8027	PECAM1
8028	POLG2
8029	DDX5
8030	LRRC37A3
8031	RGS9
8032	CEP112
8033	PRKCA
8034	PRKCA-AS1
8035	CACNG5
8036	CACNG4
8037	PITPNC1
8038	C17orf58
8039	KPNA2
8040	AMZ2
8041	ARSG
8042	SLC16A6
8043	WIPI1
8044	PRKAR1A
8045	FAM20A
8046	LINC01482
8047	ABCA8
8048	ABCA9-AS1
8049	ABCA9
8050	ABCA6
8051	MAP2K6
8052	LINC01483
8053	KCNJ16
8054	KCNJ2
8055	SOX9-AS1
8056	SOX9
8057	LINC00511
8058	SLC39A11
8059	SSTR2
8060	COG1
8061	CDC42EP4
8062	SDK2
8063	LINC02074
8064	RPL38
8065	TTYH2
8066	RAB37
8067	CD300LF
8068	NAT9
8069	TMEM104
8070	GRIN2C
8071	FDXR
8072	MRPL58
8073	KCTD2
8074	ATP5PD
8075	NT5C
8076	JPT1
8077	SUMO2
8078	MRPS7
8079	MIF4GD
8080	CASKIN2
8081	LLGL2
8082	MYO15B
8083	ITGB4
8084	GALK1
8085	H3F3B
8086	UNC13D
8087	WBP2
8088	MRPL38
8089	TEN1
8090	CDK3
8091	RNF157-AS1
8092	UBALD2
8093	QRICH2
8094	AANAT
8095	RHBDF2
8096	CYGB
8097	PRCD
8098	ST6GALNAC2
8099	JMJD6
8100	SRSF2
8101	LINC02080
8102	MGAT5B
8103	SNHG20
8104	SEPTIN9
8105	AC021683.2
8106	SYNGR2
8107	AFMID
8108	DNAH17
8109	TIMP2
8110	CANT1
8111	ENGASE
8112	RBFOX3
8113	CBX4
8114	CCDC40
8115	GAA
8116	EIF4A3
8117	CARD14
8118	SGSH
8119	SLC26A11
8120	RNF213
8121	NPTX1
8122	CHMP6
8123	BAIAP2-DT
8124	BAIAP2
8125	PVALEF
8126	CEP131
8127	TEPSIN
8128	NDUFAF8
8129	ACTG1
8130	FAAP100
8131	TSPAN10
8132	OXLD1
8133	CCDC137
8134	ARL16
8135	MRPL12
8136	SLC25A10
8137	MCRIP1
8138	ARHGDIA
8139	AC145207.5
8140	ALYREF
8141	ANAPC11
8142	PCYT2
8143	SIRT7
8144	MAFG
8145	MAFG-DT
8146	MYADML2
8147	NOTUM
8148	ASPSCR1
8149	CENPX
8150	LRRC45
8151	RAC3
8152	DCXR
8153	RFNG
8154	DUS1L
8155	FASN
8156	SLC16A3
8157	HEXD
8158	HEXD-IT1
8159	CYBC1
8160	FN3KRP
8161	FN3K
8162	ZNF750
8163	B3GNTL1
8164	COLEC12
8165	CLUL1
8166	ENOSF1
8167	YES1
8168	ADCYAP1
8169	LINC00470
8170	MYOM1
8171	MYL12A
8172	MYL12B
8173	TGIF1
8174	DLGAP1-AS1
8175	DLGAP1-AS2
8176	DLGAP1-AS3
8177	DLGAP1-AS5
8178	LINC00526
8179	LINC00667
8180	AP005671.1
8181	MIR3976HG
8182	TMEM200C
8183	L3MBTL4
8184	ARHGAP28
8185	LAMA1
8186	PTPRM
8187	GACAT2
8188	NDUFV2-AS1
8189	RAB31
8190	PIEZO2
8191	GNAL
8192	CHMP1B
8193	MPPE1
8194	IMPA2
8195	ANKRD62
8196	CIDEA
8197	TUBB6
8198	PSMG2
8199	ZNF519
8200	ANKRD30B
8201	LINC01443
8202	GREB1L
8203	ABHD3
8204	MIB1
8205	MIR133A1HG
8206	AC090912.1
8207	CABLES1
8208	TMEM241
8209	ANKRD29
8210	LAMA3
8211	CABYR
8212	HRH4
8213	LINC01915
8214	ZNF521
8215	KCTD1
8216	AQP4-AS1
8217	PCAT18
8218	AQP4
8219	CHST9
8220	LINC01908
8221	DSC2
8222	DSCAS
8223	DSC1
8224	DSG2
8225	RNF125
8226	GAREM1
8227	MEP1B
8228	KLHL14
8229	CCDC178
8230	DTNA
8231	ZNF24
8232	ZNF396
8233	C18orf21
8234	SLC39A6
8235	MOCOS
8236	CELF4
8237	MIR924HG
8238	LINC01901
8239	LINC01902
8240	LINC00907
8241	RIT2
8242	SYT4
8243	LINC01478
8244	SETBP1
8245	SLC14A2
8246	SLC14A2-AS1
8247	SLC14A1
8248	PSTPIP2
8249	ATP5F1A
8250	HAUS1
8251	RNF165
8252	LOXHD1
8253	KATNAL2
8254	MIR4527HG
8255	ZBTB7C
8256	C18orf32
8257	RPL17
8258	ACAA2
8259	SNHG22
8260	MYO5B
8261	CFAP53
8262	CXXC1
8263	MAPK4
8264	MRO
8265	ELAC1
8266	LINC01630
8267	DCC
8268	LINC01917
8269	POLI
8270	C18orf54
8271	RAB27B
8272	CCDC68
8273	TCF4-AS1
8274	TCF4-AS2
8275	ST8SIA3
8276	ONECUT2
8277	NARS
8278	ATP8B1
8279	SEC11C
8280	CCBE1
8281	MC4R
8282	CDH20
8283	RNF152
8284	TNFRSF11A
8285	BCL2
8286	SERPINB8
8287	LINC01924
8288	CDH7
8289	CDH19
8290	DSEL
8291	LINC01903
8292	CCDC102B
8293	DOK6
8294	CD226
8295	LINC01909
8296	GTSCR1
8297	CBLN2
8298	FBXO15
8299	DIPK1C
8300	CNDP1
8301	TSHZ1
8302	ZNF516
8303	LINC00683
8304	GALR1
8305	KCNG2
8306	HSBP1L1
8307	RBFA
8308	RBFADN
8309	PARD6G-AS1
8310	PARD6G
8311	LINC01002
8312	C2CD4C
8313	MADCAM1
8314	TPGS1
8315	CDC34
8316	BSG
8317	FGF22
8318	FSTL3
8319	PALM
8320	PLPPR3
8321	AZU1
8322	CFD
8323	MED16
8324	R3HDM4
8325	ARID3A
8326	WDR18
8327	TMEM259
8328	ABCA7
8329	POLR2E
8330	GPX4
8331	CBARP
8332	ATP5F1D
8333	MIDN
8334	CIRBP
8335	FAM174C
8336	PWWP3A
8337	NDUFS7
8338	GAMT
8339	RPS15
8340	C19orf25
8341	PCSK4
8342	REEP6
8343	PLK5
8344	MEX3D
8345	UQCR11
8346	KLF16
8347	BTBD2
8348	MKNK2
8349	IZUMO4
8350	DOT1L
8351	PLEKHJ1
8352	AMH
8353	JSRP1
8354	OAZ1
8355	LSM7
8356	SPPL2B
8357	TMPRSS9
8358	TIMM13
8359	GADD45B
8360	GNG7
8361	DIRAS1
8362	SLC39A3
8363	SGTA
8364	ZNF554
8365	ZNF556
8366	ZNF57
8367	ZNF77
8368	TLE2
8369	TLE5
8370	GNA15
8371	CELF5
8372	NFIC
8373	DOHH
8374	C19orf71
8375	CACTIN
8376	PIP5K1C
8377	TJP3
8378	APBA3
8379	MRPL54
8380	DAPK3
8381	EEF2
8382	PIAS4
8383	ZBTB7A
8384	ANKRD24
8385	EBI3
8386	YJU2
8387	SHD
8388	STAP2
8389	SH3GL1
8390	CHAF1A
8391	UBXN6
8392	PLIN5
8393	MYDGF
8394	DPP9-AS1
8395	MIR7-3HG
8396	FEM1A
8397	TICAM1
8398	TINCR
8399	RPL36
8400	MICOS13
8401	HSD11B1L
8402	LONP1
8403	CATSPERD
8404	PRR22
8405	DUS3L
8406	FUT6
8407	NDUFA11
8408	VMAC
8409	CAPS
8410	RFX2
8411	ACSBG2
8412	ACER1
8413	ALKBH7
8414	PSPN
8415	GTF2F1
8416	KHSRP
8417	SLC25A41
8418	SLC25A23
8419	TUBB4A
8420	TNFSF9
8421	C3
8422	GPR108
8423	VAV1
8424	ARHGEF18
8425	PEX11G
8426	TEX45
8427	ZNF358
8428	MCOLN1
8429	PET100
8430	STXBP2
8431	TRAPPC5
8432	CLEC4G
8433	PRR36
8434	MAP2K7
8435	TGFBR3L
8436	SNAPC2
8437	CTXN1
8438	TIMM44
8439	CERS4
8440	NDUFA7
8441	RPS28
8442	ANGPTL4
8443	RAB11B-AS1
8444	RAB11B
8445	MARCH2
8446	PRAM1
8447	ZNF414
8448	MYO1F
8449	ZNF699
8450	ZNF559
8451	ZNF561-AS1
8452	FBXL12
8453	UBL5
8454	PIN1
8455	OLFM2
8456	COL5A3
8457	SHFL
8458	PPAN
8459	P2RY11
8460	EIF3G
8461	MRPL4
8462	AC011511.2
8463	ICAM1
8464	ICAM5
8465	ZGLP1
8466	FDX2
8467	CDC37
8468	PDE4A
8469	KRI1
8470	CDKN2D
8471	SLC44A2
8472	ILF3-DT
8473	QTRT1
8474	TMED1
8475	C19orf38
8476	LDLR
8477	SPC24
8478	KANK2
8479	DOCK6
8480	AC011472.4
8481	TSPAN16
8482	RAB3D
8483	TMEM205
8484	CCDC159
8485	PLPPR2
8486	SWSAP1
8487	EPOR
8488	RGL3
8489	CCDC151
8490	PRKCSH
8491	ELAVL3
8492	ZNF653
8493	ELOF1
8494	ZNF441
8495	ZNF69
8496	ZNF763
8497	ZNF433-AS1
8498	ZNF844
8499	ZNF20
8500	ZNF136
8501	ZNF442
8502	ZNF799
8503	ZNF443
8504	ZNF709
8505	WDR83
8506	WDR83OS
8507	DHPS
8508	TRIR
8509	GET3
8510	HOOK2
8511	JUNB
8512	PRDX2
8513	THSD8
8514	RTBDN
8515	DNASE2
8516	SYCE2
8517	CALR
8518	RAD23A
8519	GADD45GIP1
8520	NFIX
8521	TRMT1
8522	NACC1
8523	STX10
8524	IER2
8525	CACNA1A
8526	MRI1
8527	C19orf53
8528	ZSWIM4
8529	AC020916.1
8530	NANOS3
8531	C19orf57
8532	CC2D1A
8533	PODNL1
8534	DCAF15
8535	IL27RA
8536	MISP3
8537	SAMD1
8538	ADGRL1
8539	LINC01841
8540	ADGRE5
8541	DDX39A
8542	GIPC1
8543	DNAJB1
8544	TECR
8545	NDUFB7
8546	ADGRE2
8547	OR7C1
8548	OR7A17
8549	SLC1A6
8550	ILVBL
8551	CYP4F3
8552	FAM32A
8553	AP1M1
8554	C19orf44
8555	NWD1
8556	CPAMD8
8557	HAUS8
8558	MYO9B
8559	USE1
8560	OCEL1
8561	NR2F6
8562	USHBP1
8563	ANKLE1
8564	MRPL34
8565	DDA1
8566	ANO8
8567	GTPBP3
8568	MVB12A
8569	TMEM221
8570	NIBAN3
8571	MAP1S
8572	JAK3
8573	RPL18A
8574	CCDC124
8575	ARRDC2
8576	IL12RB1
8577	MPV17L2
8578	RAB3A
8579	PDE4C
8580	IQCN
8581	JUND
8582	LSM4
8583	ISYNA1
8584	FKBP8
8585	AC005253.1
8586	UBA52
8587	CRLF1
8588	REX1BD
8589	TMEM59L
8590	CRTC1
8591	CERS1
8592	SLC25A42
8593	TMEM161A
8594	MEF2B
8595	BORCS8
8596	RFXANK
8597	NR2C2AP
8598	NCAN
8599	HAPLN4
8600	TM6SF2
8601	GATAD2A
8602	NDUFA13
8603	YJEFN3
8604	PBX4
8605	LPAR2
8606	GMIP
8607	LINC00663
8608	ZNF93
8609	ZNF682
8610	ZNF486
8611	ZNF66
8612	ZNF85
8613	ZNF714
8614	ZNF738
8615	LINC00664
8616	ZNF100
8617	ZNF43
8618	ZNF208
8619	ZNF257
8620	ZNF676
8621	ZNF98
8622	ZNF492
8623	ZNF99
8624	ZNF730
8625	ZNF724
8626	ZNF675
8627	ZNF681
8628	ZNF726
8629	AC073534.2
8630	UQCRFS1
8631	VSTM2B
8632	POP4
8633	ZNF536
8634	TSHZ3
8635	LINC01791
8636	LINC01837
8637	PDCD5
8638	TDRD12
8639	SLC7A9
8640	FAAP24
8641	RHPN2
8642	WDR88
8643	CEBPA
8644	CEBPG
8645	CHST8
8646	KCTD15
8647	WTIP
8648	ZNF302
8649	ZNF30
8650	SCN1B
8651	HPN
8652	HPN-AS1
8653	LGI4
8654	FXYD1
8655	FXYD7
8656	FXYD5
8657	LSR
8658	USF2
8659	MAG
8660	CD22
8661	DMKN
8662	TMEM147-AS1
8663	TMEM147
8664	ATP4A
8665	HAUS5
8666	RBM42
8667	COX6B1
8668	ZBTB32
8669	U2AF1L4
8670	PSENEN
8671	PROSER3
8672	ARHGAP33
8673	NPHS1
8674	APLP1
8675	NFKBID
8676	SDHAF1
8677	ALKBH6
8678	CLIP3
8679	WDR62
8680	POLR2I
8681	TBCB
8682	CAPNS1
8683	COX7A1
8684	ZNF565
8685	ZFP14
8686	ZNF850
8687	ZNF829
8688	LINC01535
8689	ZNF793-AS1
8690	ZNF571-AS1
8691	ZNF540
8692	ZNF781
8693	SIPA1L3
8694	DPF1
8695	SPINT2
8696	PPP1R14A
8697	KCNK6
8698	CATSPERG
8699	PSMD8
8700	SPRED3
8701	FAM98C
8702	RASGRP4
8703	RYR1
8704	MAP4K1
8705	CAPN12
8706	RINL
8707	NFKBIB
8708	CCER2
8709	MRPS12
8710	FBXO17
8711	FBXO27
8712	AC011443.1
8713	GMFG
8714	PAF1
8715	RPS16
8716	DLL3
8717	EID2B
8718	EID2
8719	FBL
8720	FCGBP
8721	PSMC4
8722	ZNF546
8723	TTC9B
8724	CNTD2
8725	HIPK4
8726	PRX
8727	BLVRB
8728	SPTBN4
8729	SHKBP1
8730	LTBP4
8731	EGLN2
8732	AXL
8733	TGFB1
8734	B9D2
8735	EXOSC5
8736	BCKDHA
8737	DMAC2
8738	RPS19
8739	ARHGEF1
8740	ERFL
8741	RABAC1
8742	ATP1A3
8743	ZNF574
8744	POU2F2
8745	DEDD2
8746	GSK3A
8747	ERF
8748	CIC
8749	PAFAH1B3
8750	TMEM145
8751	LIPE-AS1
8752	LIPE
8753	CXCL17
8754	CEACAM1
8755	PSG3
8756	PSG8
8757	PSG8-AS1
8758	PSG1
8759	PSG6
8760	AC004784.1
8761	PSG11
8762	PSG2
8763	PSG5
8764	PSG4
8765	PSG9
8766	TEX101
8767	PHLDB3
8768	ETHE1
8769	ZNF575
8770	PINLYP
8771	ZNF576
8772	SRRM5
8773	ZNF428
8774	PLAUR
8775	KCNN4
8776	ZNF404
8777	ZNF45
8778	ZNF221
8779	ZNF155
8780	ZNF230
8781	ZNF223
8782	ZNF233
8783	ZNF285
8784	ZNF229
8785	CEACAM19
8786	NECTIN2
8787	APOE
8788	RELB
8789	CLASRP
8790	GEMIN7-AS1
8791	GEMIN7
8792	PPP1R37
8793	NKPD1
8794	TRAPPC6A
8795	BLOC1S3
8796	CKM
8797	KLC3
8798	PPP1R13L
8799	CD3EAP
8800	FOSB
8801	RTN2
8802	PPM1N
8803	VASP
8804	OPA3
8805	SNRPD2
8806	QPCTL
8807	DMWD
8808	IRF2BP1
8809	MYPOP
8810	PGLYRP1
8811	IGFL4
8812	IGFL2-AS1
8813	HIF3A
8814	PNMA8C
8815	PNMA8A
8816	PNMA8B
8817	CALM3
8818	DACT3-AS1
8819	PRKD2
8820	FKRP
8821	AP2S1
8822	NPAS1
8823	TMEM160
8824	ZC3H4
8825	BBC3
8826	CCDC9
8827	INAFM1
8828	C5AR1
8829	C5AR2
8830	DHX34
8831	MEIS3
8832	SLC8A2
8833	KPTN
8834	NAPA-AS1
8835	NAPA
8836	ZNF541
8837	AC010331.1
8838	BICRA-AS1
8839	EHD2
8840	NOP53
8841	NOP53-AS1
8842	SELENOW
8843	PLA2G4C
8844	CARD8
8845	EMP3
8846	TMEM143
8847	GRIN2D
8848	GRWD1
8849	KCNJ14
8850	CYTH2
8851	SULT2B1
8852	RPL18
8853	SPHK2
8854	DBP
8855	CA11
8856	NTN5
8857	FUT2
8858	MAMSTR
8859	IZUMO1
8860	FUT1
8861	HSD17B14
8862	PPP1R15A
8863	TULP2
8864	NUCB1-AS1
8865	DHDH
8866	BAX
8867	FTL
8868	LIN7B
8869	C19orf73
8870	SLC6A16
8871	SLC17A7
8872	PIH1D1
8873	ALDH16A1
8874	FLT3LG
8875	RPL13A
8876	RPS11
8877	RCN3
8878	PRRG2
8879	SCAF1
8880	IRF3
8881	PRMT1
8882	CPT1C
8883	FUZ
8884	PTOV1-AS1
8885	PTOV1
8886	PNKP
8887	AKT1S1
8888	IL4I1
8889	NUP62
8890	ATF5
8891	IZUMO2
8892	MYH14
8893	KCNC3
8894	POLD1
8895	FAM71E1
8896	EMC10
8897	JOSD2
8898	ASPDH
8899	LRRC4B
8900	C19orf81
8901	SHANK1
8902	CLEC11A
8903	C19orf48
8904	KLK7
8905	KLK14
8906	IGLON5
8907	ETFB
8908	CLDND2
8909	SPACA6
8910	HAS1
8911	FPR1
8912	FPR3
8913	ZNF577
8914	ZNF350-AS1
8915	ZNF350
8916	PPP2R1A
8917	ZNF480
8918	ZNF528-AS1
8919	ZNF534
8920	ZNF578
8921	ZNF808
8922	ZNF701
8923	ZNF83
8924	ZNF600
8925	ZNF468
8926	ZNF320
8927	ZNF347
8928	ZNF665
8929	ZNF677
8930	ZNF525
8931	ZNF765
8932	ZNF761
8933	ZNF813
8934	NLRP12
8935	MYADM
8936	PRKCG
8937	OSCAR
8938	NDUFA3
8939	TFPT
8940	LENG1
8941	TMC4
8942	MBOAT7
8943	TSEN34
8944	RPS9
8945	TTYH1
8946	LENG8-AS1
8947	LENG9
8948	NLRP2
8949	GP6
8950	SYT5
8951	TMEM86B
8952	TMEM238
8953	RPL28
8954	UBE2S
8955	ISOC2
8956	ZNF628
8957	NAT14
8958	SSC5D
8959	ZNF579
8960	ZNF524
8961	ZNF784
8962	ZNF580
8963	ZNF581
8964	CCDC106
8965	U2AF2
8966	EDDM13
8967	ZNF582-AS1
8968	ZNF667-AS1
8969	ZNF471
8970	ZNF470
8971	ZNF835
8972	ZIM2
8973	PEG3
8974	MIMT1
8975	AURKC
8976	ZNF460-AS1
8977	ZNF304
8978	TRAPPC2B
8979	ZNF749
8980	ZNF550
8981	ZNF416
8982	ZIK1
8983	ZNF530
8984	ZNF551
8985	ZNF552
8986	ZNF587B
8987	ZNF256
8988	C19orf18
8989	ZSCAN1
8990	ZNF135
8991	ZSCAN18
8992	ZNF274
8993	ZSCAN22
8994	A1BG
8995	A1BG-AS1
8996	ZNF837
8997	RPS5
8998	ZNF584
8999	ZNF132
9000	ZNF324B
9001	ZNF446
9002	TRIM28
9003	CHMP2A
9004	UBE2M
9005	MZF1-AS1
9006	C20orf96
9007	ZCCHC3
9008	NRSN2-AS1
9009	SOX12
9010	TRIB3
9011	SRXN1
9012	RSPO4
9013	TMEM74B
9014	RAD21L1
9015	SNPH
9016	SDCBP2
9017	SDCBP2-AS1
9018	FKBP1A
9019	PDYN-AS1
9020	PDYN
9021	TGM3
9022	SNRPB
9023	TMC2
9024	NOP56
9025	IDH3B
9026	EBF4
9027	PCED1A
9028	MRPS26
9029	UBOX5-AS1
9030	FASTKD5
9031	DDRGK1
9032	ADAM33
9033	C20orf27
9034	SPEF1
9035	CENPB
9036	CDC25B
9037	AP5S1
9038	PRNP
9039	RASSF2
9040	PCNA
9041	LINC00658
9042	LINC00654
9043	GPCPD1
9044	SHLD1
9045	CHGB
9046	MCM8
9047	FERMT1
9048	BMP2
9049	TMX4
9050	PLCB4
9051	LAMP5
9052	ANKEF1
9053	SNAP25-AS1
9054	SNAP25
9055	SLX4IP
9056	JAG1
9057	C20orf187
9058	ISM1
9059	SEL1L2
9060	FLRT3
9061	MACROD2-AS1
9062	SNRPB2
9063	PCSK2
9064	BFSP1
9065	DSTN
9066	OVOL2
9067	PET117
9068	POLR3F
9069	SMIM26
9070	LINC00653
9071	SLC24A3
9072	RIN2
9073	CFAP61
9074	INSM1
9075	KIZ-AS1
9076	NXT1
9077	CST3
9078	LINC01721
9079	SYNDIG1
9080	ACSS1
9081	NINL
9082	ZNF337-AS1
9083	FAM182B
9084	FAM182A
9085	MIR663AHG
9086	LINC01597
9087	FAM242A
9088	DUSP15
9089	TTLL9
9090	PDRG1
9091	XKR7
9092	HCK
9093	NOL4L
9094	C20orf203
9095	DNMT3B
9096	EFCAB8
9097	BPIFB1
9098	NECAB3
9099	E2F1
9100	RALY-AS1
9101	EIF2S2
9102	ASIP
9103	DYNLRB1
9104	MAP1LC3A
9105	TP53INP2
9106	GSS
9107	EDEM2
9108	PROCR
9109	MMP24OS
9110	EIF6
9111	GDF5
9112	SPAG4
9113	RBM12
9114	ROMO1
9115	SCAND1
9116	CNBD2
9117	NORAD
9118	AL121895.1
9119	DLGAP4-AS1
9120	RAB5IF
9121	SLA2
9122	DSN1
9123	RBL1
9124	MROH8
9125	MANBAL
9126	NNAT
9127	VSTM2L
9128	KIAA1755
9129	SNHG17
9130	SNHG11
9131	FAM83D
9132	MAFB
9133	PLCG1-AS1
9134	EMILIN3
9135	PTPRT
9136	SRSF6
9137	L3MBTL1
9138	SGK2
9139	TOX2
9140	JPH2
9141	HNF4A
9142	TTPAL
9143	SERINC3
9144	LINC01260
9145	KCNK15-AS1
9146	CCN5
9147	YWHAB
9148	PABPC1L
9149	TOMM34
9150	KCNS1
9151	MATN4
9152	TP53TG5
9153	DBNDD2
9154	PIGT
9155	WFDC2
9156	WFDC3
9157	TNNC2
9158	ZSWIM1
9159	NEURL2
9160	PLTP
9161	PCIF1
9162	NCOA5
9163	CD40
9164	CDH22
9165	SLC35C2
9166	ZNF334
9167	SLC13A3
9168	TP53RK
9169	EYA2
9170	ZMYND8
9171	NCOA3
9172	SULF2
9173	PREX1
9174	PTGIS
9175	SLC9A8
9176	SPATA2
9177	UBE2V1
9178	LINC01273
9179	CEBPB-AS1
9180	CEBPB
9181	RIPOR3
9182	ADNP-AS1
9183	MOCS3
9184	KCNG1
9185	NFATC2
9186	LINC01429
9187	LINC01524
9188	TSHZ2
9189	ZNF217
9190	BCAS1
9191	DOK5
9192	LINC01440
9193	CBLN4
9194	AURKA
9195	CASS4
9196	GCNT7
9197	BMP7
9198	PMEPA1
9199	APCDD1L
9200	APCDD1L-DT
9201	NPEPL1
9202	GNAS
9203	CTSZ
9204	ATP5F1E
9205	PRELID3B
9206	ZNF831
9207	SYCP2
9208	PPP1R3D
9209	CDH26
9210	CDH4
9211	LSM14B
9212	PSMA7
9213	HRH3
9214	ADRM1
9215	LAMA5
9216	AL121832.2
9217	RPS21
9218	SLCO4A1
9219	NTSR1
9220	MRGBP
9221	OGFR
9222	COL9A3
9223	HAR1B
9224	HAR1A
9225	NKAIN4
9226	COL20A1
9227	CHRNA4
9228	KCNQ2
9229	EEF1A2
9230	PPDPF
9231	MHENCR
9232	STMN3
9233	TNFRSF6B
9234	ARFRP1
9235	ZGPAT
9236	LIME1
9237	SLC2A4RG
9238	ZBTB46
9239	ZBTB46-AS1
9240	UCKL1
9241	ZNF512B
9242	SAMD10
9243	C20orf204
9244	TCEA2
9245	RGS19
9246	OPRL1
9247	LKAAEAR1
9248	MYT1
9249	TPTE
9250	LIPI
9251	RBM11
9252	HSPA13
9253	SAMSN1
9254	LINC02246
9255	NRIP1
9256	MIR99AHG
9257	BTG3
9258	BTG3-AS1
9259	C21orf91-OT1
9260	C21orf91
9261	CHODL
9262	MIR548XHG
9263	LINC00320
9264	NCAM2
9265	LINC01684
9266	LINC01692
9267	LINC00158
9268	MIR155HG
9269	JAM2
9270	ATP5PF
9271	APP
9272	CYYR1-AS1
9273	CYYR1
9274	ADAMTS1
9275	ADAMTS5
9276	LINC01697
9277	LINC01695
9278	N6AMT1
9279	RWDD2B
9280	CCT8
9281	MAP3K7CL
9282	BACH1
9283	GRIK1
9284	TIAM1
9285	SOD1
9286	HUNK
9287	LINC00159
9288	MIS18A-AS1
9289	MRAP
9290	URB1-AS1
9291	EVA1C
9292	TCP10L
9293	PAXBP1-AS1
9294	C21orf62-AS1
9295	C21orf62
9296	IL10RB
9297	IFNGR2
9298	DNAJC28
9299	GART
9300	DONSON
9301	ATP5PO
9302	LINC00649
9303	MRPS6
9304	SLC5A3
9305	LINC00310
9306	KCNE2
9307	KCNE1
9308	RUNX1
9309	CBR1
9310	CBR3-AS1
9311	CBR3
9312	AP000695.1
9313	HLCS
9314	PIGP
9315	TTC3-AS1
9316	DSCR9
9317	KCNJ6
9318	ERG
9319	ETS2
9320	LINC01700
9321	PSMG1
9322	BRWD1-AS1
9323	HMGN1
9324	GET1
9325	LCA5L
9326	B3GALT5
9327	B3GALT5-AS1
9328	IGSF5
9329	PCP4
9330	DSCAM
9331	DSCAM-IT1
9332	BACE2
9333	MX2
9334	MX1
9335	ZBTB21
9336	ZNF295-AS1
9337	UMODL1
9338	UMODL1-AS1
9339	RSPH1
9340	PDE9A
9341	ERVH48-1
9342	PKNOX1
9343	CBS
9344	U2AF1
9345	HSF2BP
9346	CSTB
9347	GATD3A
9348	AIRE
9349	PFKL
9350	CFAP410
9351	TRPM2-AS
9352	TSPEAR
9353	SUMO3
9354	PTTG1IP
9355	POFUT2
9356	LINC00205
9357	COL18A1
9358	SLC19A1
9359	PCBP3
9360	COL6A1
9361	FTCD
9362	SPATC1L
9363	LSS
9364	MCM3AP-AS1
9365	YBEY
9366	C21orf58
9367	PCNT
9368	S100B
9369	ANKRD62P1-PARP4P3
9370	IL17RA
9371	TMEM121B
9372	LINC01664
9373	HDHD5-AS1
9374	ADA2
9375	CECR2
9376	SLC25A18
9377	ATP6V1E1
9378	BID
9379	MICAL3
9380	TUBA8
9381	USP18
9382	TMEM191B
9383	DGCR6
9384	DGCR11
9385	LINC01311
9386	SLC25A1
9387	CLTCL1
9388	C22orf39
9389	MRPL40
9390	SEPTIN5
9391	GP1BB
9392	GNB1L
9393	TRMT2A
9394	RANBP1
9395	RTN4R
9396	DGCR6L
9397	SCARF2
9398	KLHL22
9399	SERPIND1
9400	LINC01637
9401	AIFM3
9402	THAP7
9403	THAP7-AS1
9404	P2RX6
9405	SLC7A4
9406	LRRC74B
9407	HIC2
9408	TMEM191C
9409	YDJC
9410	SDF2L1
9411	YPEL1
9412	TOP3B
9413	IGLV10-54
9414	GGTLC2
9415	RSPH14
9416	BCR
9417	IGLL1
9418	DRICH1
9419	RGL4
9420	ZNF70
9421	CHCHD10
9422	SLC2A11
9423	MIF
9424	GSTT2B
9425	DDT
9426	SPECC1L
9427	ADORA2A
9428	UPB1
9429	GGT1
9430	LRRC75B
9431	SGSM1
9432	TMEM211
9433	CRYBB3
9434	CRYBB2
9435	LRP5L
9436	MYO18B
9437	SEZ6L
9438	ASPHD2
9439	TFIP11
9440	MIATNB
9441	LINC01422
9442	MN1
9443	TTC28-AS1
9444	CHEK2
9445	CCDC117
9446	XBP1
9447	ZNRF3-AS1
9448	EMID1
9449	GAS2L1
9450	RASL10A
9451	NEFH
9452	UQCR10
9453	CASTOR1
9454	TBC1D10A
9455	CCDC157
9456	SEC14L2
9457	SEC14L4
9458	SEC14L6
9459	GAL3ST1
9460	DUSP18
9461	OSBP2
9462	MORC2-AS1
9463	SMTN
9464	SELENOM
9465	INPP5J
9466	LIMK2
9467	PIK3IP1-AS1
9468	PATZ1
9469	LINC01521
9470	C22orf24
9471	YWHAH
9472	LINC02558
9473	RFPL2
9474	SLC5A4-AS1
9475	SLC5A4
9476	RFPL3S
9477	BPIFC
9478	SYN3
9479	TIMP3
9480	LINC01640
9481	LARGE-AS1
9482	LINC01643
9483	RASD2
9484	APOL2
9485	MYH9
9486	FOXRED2
9487	CACNG2
9488	IFT27
9489	MPST
9490	KCTD17
9491	C1QTNF6
9492	SSTR3
9493	ELFN2
9494	SH3BP1
9495	PDXP
9496	LGALS1
9497	TRIOBP
9498	H1F0
9499	GCAT
9500	MICALL1
9501	C22orf23
9502	SOX10
9503	PICK1
9504	BAIAP2L2
9505	MAFF
9506	KCNJ4
9507	KDELR3
9508	DMC1
9509	FAM227A
9510	CBY1
9511	TOMM22
9512	SUN2
9513	DNAL4
9514	NPTXR
9515	CBX6
9516	PDGFB
9517	RPL3
9518	MGAT3
9519	ATF4
9520	RPS19BP1
9521	CACNA1I
9522	ENTHD1
9523	SGSM3
9524	MRTFA-AS1
9525	MCHR1
9526	ST13
9527	DNAJB7
9528	CHADL
9529	RANGAP1
9530	TEF
9531	TOB2
9532	CSDC2
9533	PMM1
9534	SNU13
9535	MEI1
9536	CCDC134
9537	SREBF2-AS1
9538	LINC00634
9539	SEPTIN3
9540	WBP2NL
9541	NAGA
9542	SMDT1
9543	NDUFA6
9544	NDUFA6-DT
9545	CYP2D6
9546	TCF20
9547	OGFRP1
9548	LINC01315
9549	NFAM1
9550	RRP7A
9551	SERHL2
9552	TTLL1
9553	MCAT
9554	TTLL12
9555	SCUBE1
9556	EFCAB6-AS1
9557	SULT4A1
9558	PNPLA5
9559	PNPLA3
9560	PARVG
9561	RTL6
9562	PRR5
9563	ARHGAP8
9564	PHF21B
9565	KIAA0930
9566	FAM118A
9567	SMC1B
9568	RIBC2
9569	PRR34-AS1
9570	MIRLET7BHG
9571	PPARA
9572	CDPF1
9573	TRMU
9574	CELSR1
9575	LINC00898
9576	TAFA5
9577	LINC01310
9578	C22orf34
9579	ALG12
9580	CRELD2
9581	PIM3
9582	MOV10L1
9583	PANX2
9584	TRABD
9585	HDAC10
9586	MAPK12
9587	MAPK11
9588	PLXNB2
9589	DENND6B
9590	LMF2
9591	NCAPH2
9592	SCO2
9593	TYMP
9594	CPT1B
9595	CHKB-DT
9596	MAPK8IP2
9597	ARSA
9598	PLCXD1
9599	GTPBP6
9600	LINC00685
9601	PPP2R3B
9602	CRLF2
9603	CSF2RA
9604	IL3RA
9605	SLC25A6
9606	LINC00106
9607	ASMTL-AS1
9608	ASMTL
9609	AKAP17A
9610	DHRSX
9611	ZBED1
9612	CD99
9613	GYG2
9614	ARSD
9615	ARSE
9616	ARSF
9617	PRKX
9618	AC110995.1
9619	PUDP
9620	STS
9621	PNPLA4
9622	ANOS1
9623	FAM9B
9624	TBL1X
9625	GPR143
9626	WWC3-AS1
9627	MID1
9628	HCCS
9629	ARHGAP6
9630	TMSB4X
9631	LINC01203
9632	TCEANC
9633	GEMIN8
9634	GLRA2
9635	VEGFD
9636	BMX
9637	CLTRN
9638	AP1S2
9639	NHS
9640	SCML1
9641	RAI2
9642	LINC01456
9643	SCML2
9644	PPEF1
9645	ADGRG2
9646	PDHA1
9647	MAP3K15
9648	EIF1AX
9649	CNKSR2
9650	KLHL34
9651	SMPX
9652	MBTPS2
9653	YY2
9654	PHEX
9655	PHEX-AS1
9656	PTCHD1-AS
9657	PTCHD1
9658	PRDX4
9659	SAT1
9660	ZFX-AS1
9661	ZFX
9662	IL1RAPL1
9663	GK-AS1
9664	DMD
9665	TMEM47
9666	CFAP47
9667	PRRG1
9668	LANCL3
9669	CYBB
9670	DYNLT3
9671	SYTL5
9672	SRPX
9673	MID1IP1
9674	BCOR
9675	ATP6AP2
9676	DDX3X
9677	GPR34
9678	GPR82
9679	NDP
9680	EFHC2
9681	FUNDC1
9682	KDM6A
9683	ZNF674-AS1
9684	CHST7
9685	JADE3
9686	RGN
9687	NDUFB11
9688	UBA1
9689	INE1
9690	CDK16
9691	USP11
9692	ZNF157
9693	LINC01560
9694	SYN1
9695	CFP
9696	ELK1
9697	UXT-AS1
9698	ZNF630
9699	ZNF630-AS1
9700	FTSJ1
9701	EBP
9702	RBM3
9703	WAS
9704	SUV39H1
9705	PCSK1N
9706	PQBP1
9707	TIMM17B
9708	SLC35A2
9709	PIM2
9710	PRAF2
9711	WDR45
9712	GPKOW
9713	SYP
9714	CACNA1F
9715	GAGE10
9716	USP27X
9717	CCNB3
9718	SHROOM4
9719	LINC01284
9720	NUDT10
9721	NUDT11
9722	GSPT2
9723	TSPYL2
9724	KDM5C
9725	HSD17B10
9726	TSR2
9727	MAGED2
9728	TRO
9729	PFKFB1
9730	FAM104B
9731	MAGEH1
9732	USP51
9733	UBQLN2
9734	NBDY
9735	SPIN2B
9736	SPIN2A
9737	FAAH2
9738	ZXDB
9739	SPIN4
9740	MTMR8
9741	ZC4H2
9742	LAS1L
9743	MSN
9744	AR
9745	EFNB1
9746	PJA1
9747	FAM155B
9748	EDA
9749	DGAT2L6
9750	PDZD11
9751	KIF4A
9752	TEX11
9753	SNX12
9754	FOXO4
9755	ZMYM3
9756	NONO
9757	GCNA
9758	NHSL2
9759	RTL5
9760	ERCC6L
9761	RPS4X
9762	PHKA1
9763	DMRTC1B
9764	FAM226B
9765	DMRTC1
9766	PABPC1L2B
9767	PABPC1L2A
9768	NAP1L2
9769	TSIX
9770	XIST
9771	JPX
9772	PBDC1
9773	MAGEE1
9774	MAGT1
9775	COX7B
9776	ATP7A
9777	PGK1
9778	TAF9B
9779	CYSLTR1
9780	ITM2A
9781	HMGN5
9782	SH3BGRL
9783	HDX
9784	SATL1
9785	DACH2
9786	KLHL4
9787	PABPC5-AS1
9788	PABPC5
9789	PCDH11X
9790	NAP1L3
9791	DIAPH2
9792	RPA4
9793	DIAPH2-AS1
9794	PCDH19
9795	CSTF2
9796	XKRX
9797	TRMT2B-AS1
9798	TMEM35A
9799	CENPI
9800	DRP2
9801	TAF7L
9802	TIMM8A
9803	RPL36A
9804	GLA
9805	HNRNPH2
9806	ARMCX1
9807	ARMCX6
9808	ARMCX3
9809	NXF5
9810	ZMAT1
9811	TCEAL2
9812	TCEAL6
9813	BEX5
9814	ARMCX5
9815	GPRASP1
9816	GPRASP2
9817	BEX1
9818	BEX4
9819	TCEAL8
9820	TCEAL5
9821	BEX2
9822	TCEAL7
9823	TCEAL9
9824	BEX3
9825	RAB40A
9826	TCEAL4
9827	TCEAL3
9828	TCEAL1
9829	MORF4L2-AS1
9830	GLRA4
9831	PLP1
9832	TMSB15B-AS1
9833	TMSB15B
9834	SLC25A53
9835	ZCCHC18
9836	FAM199X
9837	IL1RAPL2
9838	NRK
9839	PWWP3B
9840	RADX
9841	RNF128
9842	TBC1D8B
9843	MORC4
9844	RBM41
9845	FRMPD3
9846	PRPS1
9847	TSC22D3
9848	MID2
9849	VSIG1
9850	PSMD10
9851	COL4A5
9852	RTL9
9853	CHRDL1
9854	DCX
9855	ALG13-AS1
9856	TRPC5
9857	TRPC5OS
9858	AMOT
9859	XACT
9860	HTR2C
9861	PLS3-AS1
9862	PLS3
9863	KLHL13
9864	DOCK11
9865	ZCCHC12
9866	LINC01285
9867	LONRF3
9868	PGRMC1
9869	SLC25A43
9870	SLC25A5-AS1
9871	SLC25A5
9872	CXorf56
9873	RPL39
9874	RNF113A
9875	NDUFA1
9876	AKAP14
9877	RHOXF1-AS1
9878	RHOXF1
9879	ZBTB33
9880	C1GALT1C1
9881	GLUD2
9882	TENM1
9883	RAB33A
9884	ENOX2
9885	IGSF1
9886	FIRRE
9887	STK26
9888	RAP2C-AS1
9889	MBNL3
9890	HS6ST2
9891	GPC4
9892	GPC3
9893	HPRT1
9894	LINC00629
9895	PLAC1
9896	FAM122C
9897	RTL8B
9898	RTL8C
9899	RTL8A
9900	SMIM10L2B
9901	CT55
9902	ZNF449
9903	SMIM10L2A
9904	INTS6L
9905	MAP7D3
9906	HTATSF1
9907	FGF13-AS1
9908	MCF2
9909	ATP11C
9910	LINC00632
9911	CDR1
9912	LDOC1
9913	SPANXA2-OT1
9914	MAGEC3
9915	SLITRK4
9916	SLITRK2
9917	FMR1-IT1
9918	AFF2
9919	IDS
9920	LINC00893
9921	CXorf40A
9922	CXorf40B
9923	LINC00894
9924	MAMLD1
9925	HMGB3
9926	VMA21
9927	GABRA3
9928	CETN2
9929	ZNF185
9930	PNMA5
9931	PNMA3
9932	PNMA6A
9933	PNMA6F
9934	ZNF275
9935	ZFP92
9936	HAUS7
9937	CCNQ
9938	DUSP9
9939	PNCK
9940	SLC6A8
9941	BCAP31
9942	IDH3G
9943	SSR4
9944	PDZD4
9945	ARHGAP4
9946	NAA10
9947	HCFC1
9948	TMEM187
9949	IRAK1
9950	FLNA
9951	EMD
9952	RPL10
9953	DNASE1L1
9954	TAZ
9955	ATP6AP1
9956	GDI1
9957	FAM50A
9958	PLXNA3
9959	LAGE3
9960	UBL4A
9961	SLC10A3
9962	G6PD
9963	IKBKG
9964	F8A1
9965	CMC4
9966	MTCP1
9967	VBP1
9968	RAB39B
9969	CLIC2
9970	TMLHE-AS1
9971	RPS4Y1
9972	ZFY
9973	ZFY-AS1
9974	PCDH11Y
9975	TBL1Y
9976	PRKY
9977	USP9Y
9978	DDX3Y
9979	UTY
9980	TMSB4Y
9981	NLGN4Y
9982	NLGN4Y-AS1
9983	TTTY14
9984	KDM5D
9985	TTTY10
9986	EIF1AY
9987	MT-ND1
9988	MT-ND2
9989	MT-CO1
9990	MT-CO2
9991	MT-ATP8
9992	MT-ATP6
9993	MT-CO3
9994	MT-ND3
9995	MT-ND4L
9996	MT-ND4
9997	MT-ND5
9998	MT-ND6
9999	MT-CYB
