query_order	query_id	background_id	contrast_order	contrast_id	kda_run_id	rds_id	fine_cell_type	broad_cell_type	signature_group	sex	apoe_group	query_mode	query_direction	structural_status	structurally_available	source_significant_feature_rows	mapped_unique_query_genes	duplicate_symbol_collapses	query_size	background_size	query_status	schema_version
1	astrocytes::Ast CHI3L1::AD_vs_NCI__Female__e2::AD_any_mito	astrocytes::Ast CHI3L1::AD_vs_NCI__Female__e2	1	astrocytes::Ast CHI3L1::AD_vs_NCI__Female__e2	NA	astrocytes	Ast CHI3L1	Astrocytes	F_e2	Female	e2	AD_any_mito	any	estimable_validated	TRUE	10	10	0	10	656	testable_query	fine_deg_pathway_query_manifest_v1
2	astrocytes::Ast CHI3L1::AD_vs_NCI__Female__e2::AD_up_mito	astrocytes::Ast CHI3L1::AD_vs_NCI__Female__e2	1	astrocytes::Ast CHI3L1::AD_vs_NCI__Female__e2	NA	astrocytes	Ast CHI3L1	Astrocytes	F_e2	Female	e2	AD_up_mito	up	estimable_validated	TRUE	7	7	0	7	656	testable_query	fine_deg_pathway_query_manifest_v1
3	astrocytes::Ast CHI3L1::AD_vs_NCI__Female__e2::AD_down_mito	astrocytes::Ast CHI3L1::AD_vs_NCI__Female__e2	1	astrocytes::Ast CHI3L1::AD_vs_NCI__Female__e2	NA	astrocytes	Ast CHI3L1	Astrocytes	F_e2	Female	e2	AD_down_mito	down	estimable_validated	TRUE	3	3	0	3	656	testable_query	fine_deg_pathway_query_manifest_v1
4	astrocytes::Ast CHI3L1::AD_vs_NCI__Female__e33::AD_any_mito	astrocytes::Ast CHI3L1::AD_vs_NCI__Female__e33	2	astrocytes::Ast CHI3L1::AD_vs_NCI__Female__e33	NA	astrocytes	Ast CHI3L1	Astrocytes	F_e33	Female	e33	AD_any_mito	any	estimable_validated	TRUE	58	58	0	58	676	testable_query	fine_deg_pathway_query_manifest_v1
5	astrocytes::Ast CHI3L1::AD_vs_NCI__Female__e33::AD_up_mito	astrocytes::Ast CHI3L1::AD_vs_NCI__Female__e33	2	astrocytes::Ast CHI3L1::AD_vs_NCI__Female__e33	NA	astrocytes	Ast CHI3L1	Astrocytes	F_e33	Female	e33	AD_up_mito	up	estimable_validated	TRUE	33	33	0	33	676	testable_query	fine_deg_pathway_query_manifest_v1
6	astrocytes::Ast CHI3L1::AD_vs_NCI__Female__e33::AD_down_mito	astrocytes::Ast CHI3L1::AD_vs_NCI__Female__e33	2	astrocytes::Ast CHI3L1::AD_vs_NCI__Female__e33	NA	astrocytes	Ast CHI3L1	Astrocytes	F_e33	Female	e33	AD_down_mito	down	estimable_validated	TRUE	25	25	0	25	676	testable_query	fine_deg_pathway_query_manifest_v1
7	astrocytes::Ast CHI3L1::AD_vs_NCI__Female__e4::AD_any_mito	astrocytes::Ast CHI3L1::AD_vs_NCI__Female__e4	3	astrocytes::Ast CHI3L1::AD_vs_NCI__Female__e4	NA	astrocytes	Ast CHI3L1	Astrocytes	F_e4	Female	e4	AD_any_mito	any	estimable_validated	TRUE	89	89	0	89	658	testable_query	fine_deg_pathway_query_manifest_v1
8	astrocytes::Ast CHI3L1::AD_vs_NCI__Female__e4::AD_up_mito	astrocytes::Ast CHI3L1::AD_vs_NCI__Female__e4	3	astrocytes::Ast CHI3L1::AD_vs_NCI__Female__e4	NA	astrocytes	Ast CHI3L1	Astrocytes	F_e4	Female	e4	AD_up_mito	up	estimable_validated	TRUE	36	36	0	36	658	testable_query	fine_deg_pathway_query_manifest_v1
9	astrocytes::Ast CHI3L1::AD_vs_NCI__Female__e4::AD_down_mito	astrocytes::Ast CHI3L1::AD_vs_NCI__Female__e4	3	astrocytes::Ast CHI3L1::AD_vs_NCI__Female__e4	NA	astrocytes	Ast CHI3L1	Astrocytes	F_e4	Female	e4	AD_down_mito	down	estimable_validated	TRUE	53	53	0	53	658	testable_query	fine_deg_pathway_query_manifest_v1
10	astrocytes::Ast CHI3L1::AD_vs_NCI__Male__e2::AD_any_mito	astrocytes::Ast CHI3L1::AD_vs_NCI__Male__e2	4	astrocytes::Ast CHI3L1::AD_vs_NCI__Male__e2	NA	astrocytes	Ast CHI3L1	Astrocytes	M_e2	Male	e2	AD_any_mito	any	estimable_validated	TRUE	18	18	0	18	491	testable_query	fine_deg_pathway_query_manifest_v1
11	astrocytes::Ast CHI3L1::AD_vs_NCI__Male__e2::AD_up_mito	astrocytes::Ast CHI3L1::AD_vs_NCI__Male__e2	4	astrocytes::Ast CHI3L1::AD_vs_NCI__Male__e2	NA	astrocytes	Ast CHI3L1	Astrocytes	M_e2	Male	e2	AD_up_mito	up	estimable_validated	TRUE	11	11	0	11	491	testable_query	fine_deg_pathway_query_manifest_v1
12	astrocytes::Ast CHI3L1::AD_vs_NCI__Male__e2::AD_down_mito	astrocytes::Ast CHI3L1::AD_vs_NCI__Male__e2	4	astrocytes::Ast CHI3L1::AD_vs_NCI__Male__e2	NA	astrocytes	Ast CHI3L1	Astrocytes	M_e2	Male	e2	AD_down_mito	down	estimable_validated	TRUE	7	7	0	7	491	testable_query	fine_deg_pathway_query_manifest_v1
13	astrocytes::Ast CHI3L1::AD_vs_NCI__Male__e33::AD_any_mito	astrocytes::Ast CHI3L1::AD_vs_NCI__Male__e33	5	astrocytes::Ast CHI3L1::AD_vs_NCI__Male__e33	NA	astrocytes	Ast CHI3L1	Astrocytes	M_e33	Male	e33	AD_any_mito	any	estimable_validated	TRUE	32	32	0	32	656	testable_query	fine_deg_pathway_query_manifest_v1
14	astrocytes::Ast CHI3L1::AD_vs_NCI__Male__e33::AD_up_mito	astrocytes::Ast CHI3L1::AD_vs_NCI__Male__e33	5	astrocytes::Ast CHI3L1::AD_vs_NCI__Male__e33	NA	astrocytes	Ast CHI3L1	Astrocytes	M_e33	Male	e33	AD_up_mito	up	estimable_validated	TRUE	20	20	0	20	656	testable_query	fine_deg_pathway_query_manifest_v1
15	astrocytes::Ast CHI3L1::AD_vs_NCI__Male__e33::AD_down_mito	astrocytes::Ast CHI3L1::AD_vs_NCI__Male__e33	5	astrocytes::Ast CHI3L1::AD_vs_NCI__Male__e33	NA	astrocytes	Ast CHI3L1	Astrocytes	M_e33	Male	e33	AD_down_mito	down	estimable_validated	TRUE	12	12	0	12	656	testable_query	fine_deg_pathway_query_manifest_v1
16	astrocytes::Ast CHI3L1::AD_vs_NCI__Male__e4::AD_any_mito	astrocytes::Ast CHI3L1::AD_vs_NCI__Male__e4	6	astrocytes::Ast CHI3L1::AD_vs_NCI__Male__e4	NA	astrocytes	Ast CHI3L1	Astrocytes	M_e4	Male	e4	AD_any_mito	any	estimable_validated	TRUE	62	62	0	62	547	testable_query	fine_deg_pathway_query_manifest_v1
17	astrocytes::Ast CHI3L1::AD_vs_NCI__Male__e4::AD_up_mito	astrocytes::Ast CHI3L1::AD_vs_NCI__Male__e4	6	astrocytes::Ast CHI3L1::AD_vs_NCI__Male__e4	NA	astrocytes	Ast CHI3L1	Astrocytes	M_e4	Male	e4	AD_up_mito	up	estimable_validated	TRUE	23	23	0	23	547	testable_query	fine_deg_pathway_query_manifest_v1
18	astrocytes::Ast CHI3L1::AD_vs_NCI__Male__e4::AD_down_mito	astrocytes::Ast CHI3L1::AD_vs_NCI__Male__e4	6	astrocytes::Ast CHI3L1::AD_vs_NCI__Male__e4	NA	astrocytes	Ast CHI3L1	Astrocytes	M_e4	Male	e4	AD_down_mito	down	estimable_validated	TRUE	39	39	0	39	547	testable_query	fine_deg_pathway_query_manifest_v1
19	astrocytes::Ast DPP10::AD_vs_NCI__Female__e2::AD_any_mito	astrocytes::Ast DPP10::AD_vs_NCI__Female__e2	7	astrocytes::Ast DPP10::AD_vs_NCI__Female__e2	NA	astrocytes	Ast DPP10	Astrocytes	F_e2	Female	e2	AD_any_mito	any	estimable_validated	TRUE	18	18	0	18	448	testable_query	fine_deg_pathway_query_manifest_v1
20	astrocytes::Ast DPP10::AD_vs_NCI__Female__e2::AD_up_mito	astrocytes::Ast DPP10::AD_vs_NCI__Female__e2	7	astrocytes::Ast DPP10::AD_vs_NCI__Female__e2	NA	astrocytes	Ast DPP10	Astrocytes	F_e2	Female	e2	AD_up_mito	up	estimable_validated	TRUE	9	9	0	9	448	testable_query	fine_deg_pathway_query_manifest_v1
21	astrocytes::Ast DPP10::AD_vs_NCI__Female__e2::AD_down_mito	astrocytes::Ast DPP10::AD_vs_NCI__Female__e2	7	astrocytes::Ast DPP10::AD_vs_NCI__Female__e2	NA	astrocytes	Ast DPP10	Astrocytes	F_e2	Female	e2	AD_down_mito	down	estimable_validated	TRUE	9	9	0	9	448	testable_query	fine_deg_pathway_query_manifest_v1
22	astrocytes::Ast DPP10::AD_vs_NCI__Female__e33::AD_any_mito	astrocytes::Ast DPP10::AD_vs_NCI__Female__e33	8	astrocytes::Ast DPP10::AD_vs_NCI__Female__e33	NA	astrocytes	Ast DPP10	Astrocytes	F_e33	Female	e33	AD_any_mito	any	estimable_validated	TRUE	13	13	0	13	491	testable_query	fine_deg_pathway_query_manifest_v1
23	astrocytes::Ast DPP10::AD_vs_NCI__Female__e33::AD_up_mito	astrocytes::Ast DPP10::AD_vs_NCI__Female__e33	8	astrocytes::Ast DPP10::AD_vs_NCI__Female__e33	NA	astrocytes	Ast DPP10	Astrocytes	F_e33	Female	e33	AD_up_mito	up	estimable_validated	TRUE	6	6	0	6	491	testable_query	fine_deg_pathway_query_manifest_v1
24	astrocytes::Ast DPP10::AD_vs_NCI__Female__e33::AD_down_mito	astrocytes::Ast DPP10::AD_vs_NCI__Female__e33	8	astrocytes::Ast DPP10::AD_vs_NCI__Female__e33	NA	astrocytes	Ast DPP10	Astrocytes	F_e33	Female	e33	AD_down_mito	down	estimable_validated	TRUE	7	7	0	7	491	testable_query	fine_deg_pathway_query_manifest_v1
25	astrocytes::Ast DPP10::AD_vs_NCI__Female__e4::AD_any_mito	astrocytes::Ast DPP10::AD_vs_NCI__Female__e4	9	astrocytes::Ast DPP10::AD_vs_NCI__Female__e4	NA	astrocytes	Ast DPP10	Astrocytes	F_e4	Female	e4	AD_any_mito	any	estimable_validated	TRUE	35	35	0	35	526	testable_query	fine_deg_pathway_query_manifest_v1
26	astrocytes::Ast DPP10::AD_vs_NCI__Female__e4::AD_up_mito	astrocytes::Ast DPP10::AD_vs_NCI__Female__e4	9	astrocytes::Ast DPP10::AD_vs_NCI__Female__e4	NA	astrocytes	Ast DPP10	Astrocytes	F_e4	Female	e4	AD_up_mito	up	estimable_validated	TRUE	6	6	0	6	526	testable_query	fine_deg_pathway_query_manifest_v1
27	astrocytes::Ast DPP10::AD_vs_NCI__Female__e4::AD_down_mito	astrocytes::Ast DPP10::AD_vs_NCI__Female__e4	9	astrocytes::Ast DPP10::AD_vs_NCI__Female__e4	NA	astrocytes	Ast DPP10	Astrocytes	F_e4	Female	e4	AD_down_mito	down	estimable_validated	TRUE	29	29	0	29	526	testable_query	fine_deg_pathway_query_manifest_v1
28	astrocytes::Ast DPP10::AD_vs_NCI__Male__e2::AD_any_mito	astrocytes::Ast DPP10::AD_vs_NCI__Male__e2	10	astrocytes::Ast DPP10::AD_vs_NCI__Male__e2	NA	astrocytes	Ast DPP10	Astrocytes	M_e2	Male	e2	AD_any_mito	any	estimable_validated	TRUE	102	102	0	102	454	testable_query	fine_deg_pathway_query_manifest_v1
29	astrocytes::Ast DPP10::AD_vs_NCI__Male__e2::AD_up_mito	astrocytes::Ast DPP10::AD_vs_NCI__Male__e2	10	astrocytes::Ast DPP10::AD_vs_NCI__Male__e2	NA	astrocytes	Ast DPP10	Astrocytes	M_e2	Male	e2	AD_up_mito	up	estimable_validated	TRUE	71	71	0	71	454	testable_query	fine_deg_pathway_query_manifest_v1
30	astrocytes::Ast DPP10::AD_vs_NCI__Male__e2::AD_down_mito	astrocytes::Ast DPP10::AD_vs_NCI__Male__e2	10	astrocytes::Ast DPP10::AD_vs_NCI__Male__e2	NA	astrocytes	Ast DPP10	Astrocytes	M_e2	Male	e2	AD_down_mito	down	estimable_validated	TRUE	31	31	0	31	454	testable_query	fine_deg_pathway_query_manifest_v1
31	astrocytes::Ast DPP10::AD_vs_NCI__Male__e33::AD_any_mito	astrocytes::Ast DPP10::AD_vs_NCI__Male__e33	11	astrocytes::Ast DPP10::AD_vs_NCI__Male__e33	NA	astrocytes	Ast DPP10	Astrocytes	M_e33	Male	e33	AD_any_mito	any	estimable_validated	TRUE	10	10	0	10	486	testable_query	fine_deg_pathway_query_manifest_v1
32	astrocytes::Ast DPP10::AD_vs_NCI__Male__e33::AD_up_mito	astrocytes::Ast DPP10::AD_vs_NCI__Male__e33	11	astrocytes::Ast DPP10::AD_vs_NCI__Male__e33	NA	astrocytes	Ast DPP10	Astrocytes	M_e33	Male	e33	AD_up_mito	up	estimable_validated	TRUE	6	6	0	6	486	testable_query	fine_deg_pathway_query_manifest_v1
33	astrocytes::Ast DPP10::AD_vs_NCI__Male__e33::AD_down_mito	astrocytes::Ast DPP10::AD_vs_NCI__Male__e33	11	astrocytes::Ast DPP10::AD_vs_NCI__Male__e33	NA	astrocytes	Ast DPP10	Astrocytes	M_e33	Male	e33	AD_down_mito	down	estimable_validated	TRUE	4	4	0	4	486	testable_query	fine_deg_pathway_query_manifest_v1
34	astrocytes::Ast DPP10::AD_vs_NCI__Male__e4::AD_any_mito	astrocytes::Ast DPP10::AD_vs_NCI__Male__e4	12	astrocytes::Ast DPP10::AD_vs_NCI__Male__e4	NA	astrocytes	Ast DPP10	Astrocytes	M_e4	Male	e4	AD_any_mito	any	estimable_validated	TRUE	63	63	0	63	497	testable_query	fine_deg_pathway_query_manifest_v1
35	astrocytes::Ast DPP10::AD_vs_NCI__Male__e4::AD_up_mito	astrocytes::Ast DPP10::AD_vs_NCI__Male__e4	12	astrocytes::Ast DPP10::AD_vs_NCI__Male__e4	NA	astrocytes	Ast DPP10	Astrocytes	M_e4	Male	e4	AD_up_mito	up	estimable_validated	TRUE	32	32	0	32	497	testable_query	fine_deg_pathway_query_manifest_v1
36	astrocytes::Ast DPP10::AD_vs_NCI__Male__e4::AD_down_mito	astrocytes::Ast DPP10::AD_vs_NCI__Male__e4	12	astrocytes::Ast DPP10::AD_vs_NCI__Male__e4	NA	astrocytes	Ast DPP10	Astrocytes	M_e4	Male	e4	AD_down_mito	down	estimable_validated	TRUE	31	31	0	31	497	testable_query	fine_deg_pathway_query_manifest_v1
37	astrocytes::Ast GRM3::AD_vs_NCI__Female__e2::AD_any_mito	astrocytes::Ast GRM3::AD_vs_NCI__Female__e2	13	astrocytes::Ast GRM3::AD_vs_NCI__Female__e2	NA	astrocytes	Ast GRM3	Astrocytes	F_e2	Female	e2	AD_any_mito	any	estimable_validated	TRUE	98	98	0	98	596	testable_query	fine_deg_pathway_query_manifest_v1
38	astrocytes::Ast GRM3::AD_vs_NCI__Female__e2::AD_up_mito	astrocytes::Ast GRM3::AD_vs_NCI__Female__e2	13	astrocytes::Ast GRM3::AD_vs_NCI__Female__e2	NA	astrocytes	Ast GRM3	Astrocytes	F_e2	Female	e2	AD_up_mito	up	estimable_validated	TRUE	70	70	0	70	596	testable_query	fine_deg_pathway_query_manifest_v1
39	astrocytes::Ast GRM3::AD_vs_NCI__Female__e2::AD_down_mito	astrocytes::Ast GRM3::AD_vs_NCI__Female__e2	13	astrocytes::Ast GRM3::AD_vs_NCI__Female__e2	NA	astrocytes	Ast GRM3	Astrocytes	F_e2	Female	e2	AD_down_mito	down	estimable_validated	TRUE	28	28	0	28	596	testable_query	fine_deg_pathway_query_manifest_v1
40	astrocytes::Ast GRM3::AD_vs_NCI__Female__e33::AD_any_mito	astrocytes::Ast GRM3::AD_vs_NCI__Female__e33	14	astrocytes::Ast GRM3::AD_vs_NCI__Female__e33	NA	astrocytes	Ast GRM3	Astrocytes	F_e33	Female	e33	AD_any_mito	any	estimable_validated	TRUE	7	7	0	7	588	testable_query	fine_deg_pathway_query_manifest_v1
41	astrocytes::Ast GRM3::AD_vs_NCI__Female__e33::AD_up_mito	astrocytes::Ast GRM3::AD_vs_NCI__Female__e33	14	astrocytes::Ast GRM3::AD_vs_NCI__Female__e33	NA	astrocytes	Ast GRM3	Astrocytes	F_e33	Female	e33	AD_up_mito	up	estimable_validated	TRUE	6	6	0	6	588	testable_query	fine_deg_pathway_query_manifest_v1
42	astrocytes::Ast GRM3::AD_vs_NCI__Female__e33::AD_down_mito	astrocytes::Ast GRM3::AD_vs_NCI__Female__e33	14	astrocytes::Ast GRM3::AD_vs_NCI__Female__e33	NA	astrocytes	Ast GRM3	Astrocytes	F_e33	Female	e33	AD_down_mito	down	estimable_validated	TRUE	1	1	0	1	588	query_below_minimum	fine_deg_pathway_query_manifest_v1
43	astrocytes::Ast GRM3::AD_vs_NCI__Female__e4::AD_any_mito	astrocytes::Ast GRM3::AD_vs_NCI__Female__e4	15	astrocytes::Ast GRM3::AD_vs_NCI__Female__e4	NA	astrocytes	Ast GRM3	Astrocytes	F_e4	Female	e4	AD_any_mito	any	estimable_validated	TRUE	45	45	0	45	669	testable_query	fine_deg_pathway_query_manifest_v1
44	astrocytes::Ast GRM3::AD_vs_NCI__Female__e4::AD_up_mito	astrocytes::Ast GRM3::AD_vs_NCI__Female__e4	15	astrocytes::Ast GRM3::AD_vs_NCI__Female__e4	NA	astrocytes	Ast GRM3	Astrocytes	F_e4	Female	e4	AD_up_mito	up	estimable_validated	TRUE	15	15	0	15	669	testable_query	fine_deg_pathway_query_manifest_v1
45	astrocytes::Ast GRM3::AD_vs_NCI__Female__e4::AD_down_mito	astrocytes::Ast GRM3::AD_vs_NCI__Female__e4	15	astrocytes::Ast GRM3::AD_vs_NCI__Female__e4	NA	astrocytes	Ast GRM3	Astrocytes	F_e4	Female	e4	AD_down_mito	down	estimable_validated	TRUE	30	30	0	30	669	testable_query	fine_deg_pathway_query_manifest_v1
46	astrocytes::Ast GRM3::AD_vs_NCI__Male__e2::AD_any_mito	astrocytes::Ast GRM3::AD_vs_NCI__Male__e2	16	astrocytes::Ast GRM3::AD_vs_NCI__Male__e2	NA	astrocytes	Ast GRM3	Astrocytes	M_e2	Male	e2	AD_any_mito	any	estimable_validated	TRUE	215	215	0	215	543	testable_query	fine_deg_pathway_query_manifest_v1
47	astrocytes::Ast GRM3::AD_vs_NCI__Male__e2::AD_up_mito	astrocytes::Ast GRM3::AD_vs_NCI__Male__e2	16	astrocytes::Ast GRM3::AD_vs_NCI__Male__e2	NA	astrocytes	Ast GRM3	Astrocytes	M_e2	Male	e2	AD_up_mito	up	estimable_validated	TRUE	106	106	0	106	543	testable_query	fine_deg_pathway_query_manifest_v1
48	astrocytes::Ast GRM3::AD_vs_NCI__Male__e2::AD_down_mito	astrocytes::Ast GRM3::AD_vs_NCI__Male__e2	16	astrocytes::Ast GRM3::AD_vs_NCI__Male__e2	NA	astrocytes	Ast GRM3	Astrocytes	M_e2	Male	e2	AD_down_mito	down	estimable_validated	TRUE	109	109	0	109	543	testable_query	fine_deg_pathway_query_manifest_v1
49	astrocytes::Ast GRM3::AD_vs_NCI__Male__e33::AD_any_mito	astrocytes::Ast GRM3::AD_vs_NCI__Male__e33	17	astrocytes::Ast GRM3::AD_vs_NCI__Male__e33	NA	astrocytes	Ast GRM3	Astrocytes	M_e33	Male	e33	AD_any_mito	any	estimable_validated	TRUE	10	10	0	10	532	testable_query	fine_deg_pathway_query_manifest_v1
50	astrocytes::Ast GRM3::AD_vs_NCI__Male__e33::AD_up_mito	astrocytes::Ast GRM3::AD_vs_NCI__Male__e33	17	astrocytes::Ast GRM3::AD_vs_NCI__Male__e33	NA	astrocytes	Ast GRM3	Astrocytes	M_e33	Male	e33	AD_up_mito	up	estimable_validated	TRUE	6	6	0	6	532	testable_query	fine_deg_pathway_query_manifest_v1
51	astrocytes::Ast GRM3::AD_vs_NCI__Male__e33::AD_down_mito	astrocytes::Ast GRM3::AD_vs_NCI__Male__e33	17	astrocytes::Ast GRM3::AD_vs_NCI__Male__e33	NA	astrocytes	Ast GRM3	Astrocytes	M_e33	Male	e33	AD_down_mito	down	estimable_validated	TRUE	4	4	0	4	532	testable_query	fine_deg_pathway_query_manifest_v1
52	astrocytes::Ast GRM3::AD_vs_NCI__Male__e4::AD_any_mito	astrocytes::Ast GRM3::AD_vs_NCI__Male__e4	18	astrocytes::Ast GRM3::AD_vs_NCI__Male__e4	NA	astrocytes	Ast GRM3	Astrocytes	M_e4	Male	e4	AD_any_mito	any	estimable_validated	TRUE	24	24	0	24	510	testable_query	fine_deg_pathway_query_manifest_v1
53	astrocytes::Ast GRM3::AD_vs_NCI__Male__e4::AD_up_mito	astrocytes::Ast GRM3::AD_vs_NCI__Male__e4	18	astrocytes::Ast GRM3::AD_vs_NCI__Male__e4	NA	astrocytes	Ast GRM3	Astrocytes	M_e4	Male	e4	AD_up_mito	up	estimable_validated	TRUE	18	18	0	18	510	testable_query	fine_deg_pathway_query_manifest_v1
54	astrocytes::Ast GRM3::AD_vs_NCI__Male__e4::AD_down_mito	astrocytes::Ast GRM3::AD_vs_NCI__Male__e4	18	astrocytes::Ast GRM3::AD_vs_NCI__Male__e4	NA	astrocytes	Ast GRM3	Astrocytes	M_e4	Male	e4	AD_down_mito	down	estimable_validated	TRUE	6	6	0	6	510	testable_query	fine_deg_pathway_query_manifest_v1
55	excitatory_set1::Exc L2-3 CBLN2 LINC02306::AD_vs_NCI__Female__e2::AD_any_mito	excitatory_set1::Exc L2-3 CBLN2 LINC02306::AD_vs_NCI__Female__e2	19	excitatory_set1::Exc L2-3 CBLN2 LINC02306::AD_vs_NCI__Female__e2	NA	excitatory_set1	Exc L2-3 CBLN2 LINC02306	Excitatory_neurons	F_e2	Female	e2	AD_any_mito	any	estimable_validated	TRUE	59	59	0	59	812	testable_query	fine_deg_pathway_query_manifest_v1
56	excitatory_set1::Exc L2-3 CBLN2 LINC02306::AD_vs_NCI__Female__e2::AD_up_mito	excitatory_set1::Exc L2-3 CBLN2 LINC02306::AD_vs_NCI__Female__e2	19	excitatory_set1::Exc L2-3 CBLN2 LINC02306::AD_vs_NCI__Female__e2	NA	excitatory_set1	Exc L2-3 CBLN2 LINC02306	Excitatory_neurons	F_e2	Female	e2	AD_up_mito	up	estimable_validated	TRUE	42	42	0	42	812	testable_query	fine_deg_pathway_query_manifest_v1
57	excitatory_set1::Exc L2-3 CBLN2 LINC02306::AD_vs_NCI__Female__e2::AD_down_mito	excitatory_set1::Exc L2-3 CBLN2 LINC02306::AD_vs_NCI__Female__e2	19	excitatory_set1::Exc L2-3 CBLN2 LINC02306::AD_vs_NCI__Female__e2	NA	excitatory_set1	Exc L2-3 CBLN2 LINC02306	Excitatory_neurons	F_e2	Female	e2	AD_down_mito	down	estimable_validated	TRUE	17	17	0	17	812	testable_query	fine_deg_pathway_query_manifest_v1
58	excitatory_set1::Exc L2-3 CBLN2 LINC02306::AD_vs_NCI__Female__e33::AD_any_mito	excitatory_set1::Exc L2-3 CBLN2 LINC02306::AD_vs_NCI__Female__e33	20	excitatory_set1::Exc L2-3 CBLN2 LINC02306::AD_vs_NCI__Female__e33	NA	excitatory_set1	Exc L2-3 CBLN2 LINC02306	Excitatory_neurons	F_e33	Female	e33	AD_any_mito	any	estimable_validated	TRUE	17	17	0	17	816	testable_query	fine_deg_pathway_query_manifest_v1
59	excitatory_set1::Exc L2-3 CBLN2 LINC02306::AD_vs_NCI__Female__e33::AD_up_mito	excitatory_set1::Exc L2-3 CBLN2 LINC02306::AD_vs_NCI__Female__e33	20	excitatory_set1::Exc L2-3 CBLN2 LINC02306::AD_vs_NCI__Female__e33	NA	excitatory_set1	Exc L2-3 CBLN2 LINC02306	Excitatory_neurons	F_e33	Female	e33	AD_up_mito	up	estimable_validated	TRUE	12	12	0	12	816	testable_query	fine_deg_pathway_query_manifest_v1
60	excitatory_set1::Exc L2-3 CBLN2 LINC02306::AD_vs_NCI__Female__e33::AD_down_mito	excitatory_set1::Exc L2-3 CBLN2 LINC02306::AD_vs_NCI__Female__e33	20	excitatory_set1::Exc L2-3 CBLN2 LINC02306::AD_vs_NCI__Female__e33	NA	excitatory_set1	Exc L2-3 CBLN2 LINC02306	Excitatory_neurons	F_e33	Female	e33	AD_down_mito	down	estimable_validated	TRUE	5	5	0	5	816	testable_query	fine_deg_pathway_query_manifest_v1
61	excitatory_set1::Exc L2-3 CBLN2 LINC02306::AD_vs_NCI__Female__e4::AD_any_mito	excitatory_set1::Exc L2-3 CBLN2 LINC02306::AD_vs_NCI__Female__e4	21	excitatory_set1::Exc L2-3 CBLN2 LINC02306::AD_vs_NCI__Female__e4	NA	excitatory_set1	Exc L2-3 CBLN2 LINC02306	Excitatory_neurons	F_e4	Female	e4	AD_any_mito	any	estimable_validated	TRUE	281	281	0	281	821	testable_query	fine_deg_pathway_query_manifest_v1
62	excitatory_set1::Exc L2-3 CBLN2 LINC02306::AD_vs_NCI__Female__e4::AD_up_mito	excitatory_set1::Exc L2-3 CBLN2 LINC02306::AD_vs_NCI__Female__e4	21	excitatory_set1::Exc L2-3 CBLN2 LINC02306::AD_vs_NCI__Female__e4	NA	excitatory_set1	Exc L2-3 CBLN2 LINC02306	Excitatory_neurons	F_e4	Female	e4	AD_up_mito	up	estimable_validated	TRUE	38	38	0	38	821	testable_query	fine_deg_pathway_query_manifest_v1
63	excitatory_set1::Exc L2-3 CBLN2 LINC02306::AD_vs_NCI__Female__e4::AD_down_mito	excitatory_set1::Exc L2-3 CBLN2 LINC02306::AD_vs_NCI__Female__e4	21	excitatory_set1::Exc L2-3 CBLN2 LINC02306::AD_vs_NCI__Female__e4	NA	excitatory_set1	Exc L2-3 CBLN2 LINC02306	Excitatory_neurons	F_e4	Female	e4	AD_down_mito	down	estimable_validated	TRUE	243	243	0	243	821	testable_query	fine_deg_pathway_query_manifest_v1
64	excitatory_set1::Exc L2-3 CBLN2 LINC02306::AD_vs_NCI__Male__e2::AD_any_mito	excitatory_set1::Exc L2-3 CBLN2 LINC02306::AD_vs_NCI__Male__e2	22	excitatory_set1::Exc L2-3 CBLN2 LINC02306::AD_vs_NCI__Male__e2	NA	excitatory_set1	Exc L2-3 CBLN2 LINC02306	Excitatory_neurons	M_e2	Male	e2	AD_any_mito	any	estimable_validated	TRUE	226	226	0	226	834	testable_query	fine_deg_pathway_query_manifest_v1
65	excitatory_set1::Exc L2-3 CBLN2 LINC02306::AD_vs_NCI__Male__e2::AD_up_mito	excitatory_set1::Exc L2-3 CBLN2 LINC02306::AD_vs_NCI__Male__e2	22	excitatory_set1::Exc L2-3 CBLN2 LINC02306::AD_vs_NCI__Male__e2	NA	excitatory_set1	Exc L2-3 CBLN2 LINC02306	Excitatory_neurons	M_e2	Male	e2	AD_up_mito	up	estimable_validated	TRUE	54	54	0	54	834	testable_query	fine_deg_pathway_query_manifest_v1
66	excitatory_set1::Exc L2-3 CBLN2 LINC02306::AD_vs_NCI__Male__e2::AD_down_mito	excitatory_set1::Exc L2-3 CBLN2 LINC02306::AD_vs_NCI__Male__e2	22	excitatory_set1::Exc L2-3 CBLN2 LINC02306::AD_vs_NCI__Male__e2	NA	excitatory_set1	Exc L2-3 CBLN2 LINC02306	Excitatory_neurons	M_e2	Male	e2	AD_down_mito	down	estimable_validated	TRUE	172	172	0	172	834	testable_query	fine_deg_pathway_query_manifest_v1
67	excitatory_set1::Exc L2-3 CBLN2 LINC02306::AD_vs_NCI__Male__e33::AD_any_mito	excitatory_set1::Exc L2-3 CBLN2 LINC02306::AD_vs_NCI__Male__e33	23	excitatory_set1::Exc L2-3 CBLN2 LINC02306::AD_vs_NCI__Male__e33	NA	excitatory_set1	Exc L2-3 CBLN2 LINC02306	Excitatory_neurons	M_e33	Male	e33	AD_any_mito	any	estimable_validated	TRUE	2	2	0	2	804	query_below_minimum	fine_deg_pathway_query_manifest_v1
68	excitatory_set1::Exc L2-3 CBLN2 LINC02306::AD_vs_NCI__Male__e33::AD_up_mito	excitatory_set1::Exc L2-3 CBLN2 LINC02306::AD_vs_NCI__Male__e33	23	excitatory_set1::Exc L2-3 CBLN2 LINC02306::AD_vs_NCI__Male__e33	NA	excitatory_set1	Exc L2-3 CBLN2 LINC02306	Excitatory_neurons	M_e33	Male	e33	AD_up_mito	up	estimable_validated	TRUE	1	1	0	1	804	query_below_minimum	fine_deg_pathway_query_manifest_v1
69	excitatory_set1::Exc L2-3 CBLN2 LINC02306::AD_vs_NCI__Male__e33::AD_down_mito	excitatory_set1::Exc L2-3 CBLN2 LINC02306::AD_vs_NCI__Male__e33	23	excitatory_set1::Exc L2-3 CBLN2 LINC02306::AD_vs_NCI__Male__e33	NA	excitatory_set1	Exc L2-3 CBLN2 LINC02306	Excitatory_neurons	M_e33	Male	e33	AD_down_mito	down	estimable_validated	TRUE	1	1	0	1	804	query_below_minimum	fine_deg_pathway_query_manifest_v1
70	excitatory_set1::Exc L2-3 CBLN2 LINC02306::AD_vs_NCI__Male__e4::AD_any_mito	excitatory_set1::Exc L2-3 CBLN2 LINC02306::AD_vs_NCI__Male__e4	24	excitatory_set1::Exc L2-3 CBLN2 LINC02306::AD_vs_NCI__Male__e4	NA	excitatory_set1	Exc L2-3 CBLN2 LINC02306	Excitatory_neurons	M_e4	Male	e4	AD_any_mito	any	estimable_validated	TRUE	21	21	0	21	799	testable_query	fine_deg_pathway_query_manifest_v1
71	excitatory_set1::Exc L2-3 CBLN2 LINC02306::AD_vs_NCI__Male__e4::AD_up_mito	excitatory_set1::Exc L2-3 CBLN2 LINC02306::AD_vs_NCI__Male__e4	24	excitatory_set1::Exc L2-3 CBLN2 LINC02306::AD_vs_NCI__Male__e4	NA	excitatory_set1	Exc L2-3 CBLN2 LINC02306	Excitatory_neurons	M_e4	Male	e4	AD_up_mito	up	estimable_validated	TRUE	8	8	0	8	799	testable_query	fine_deg_pathway_query_manifest_v1
72	excitatory_set1::Exc L2-3 CBLN2 LINC02306::AD_vs_NCI__Male__e4::AD_down_mito	excitatory_set1::Exc L2-3 CBLN2 LINC02306::AD_vs_NCI__Male__e4	24	excitatory_set1::Exc L2-3 CBLN2 LINC02306::AD_vs_NCI__Male__e4	NA	excitatory_set1	Exc L2-3 CBLN2 LINC02306	Excitatory_neurons	M_e4	Male	e4	AD_down_mito	down	estimable_validated	TRUE	13	13	0	13	799	testable_query	fine_deg_pathway_query_manifest_v1
73	excitatory_set2::Exc L3-4 RORB CUX2::AD_vs_NCI__Female__e2::AD_any_mito	excitatory_set2::Exc L3-4 RORB CUX2::AD_vs_NCI__Female__e2	25	excitatory_set2::Exc L3-4 RORB CUX2::AD_vs_NCI__Female__e2	NA	excitatory_set2	Exc L3-4 RORB CUX2	Excitatory_neurons	F_e2	Female	e2	AD_any_mito	any	estimable_validated	TRUE	114	114	0	114	911	testable_query	fine_deg_pathway_query_manifest_v1
74	excitatory_set2::Exc L3-4 RORB CUX2::AD_vs_NCI__Female__e2::AD_up_mito	excitatory_set2::Exc L3-4 RORB CUX2::AD_vs_NCI__Female__e2	25	excitatory_set2::Exc L3-4 RORB CUX2::AD_vs_NCI__Female__e2	NA	excitatory_set2	Exc L3-4 RORB CUX2	Excitatory_neurons	F_e2	Female	e2	AD_up_mito	up	estimable_validated	TRUE	105	105	0	105	911	testable_query	fine_deg_pathway_query_manifest_v1
75	excitatory_set2::Exc L3-4 RORB CUX2::AD_vs_NCI__Female__e2::AD_down_mito	excitatory_set2::Exc L3-4 RORB CUX2::AD_vs_NCI__Female__e2	25	excitatory_set2::Exc L3-4 RORB CUX2::AD_vs_NCI__Female__e2	NA	excitatory_set2	Exc L3-4 RORB CUX2	Excitatory_neurons	F_e2	Female	e2	AD_down_mito	down	estimable_validated	TRUE	9	9	0	9	911	testable_query	fine_deg_pathway_query_manifest_v1
76	excitatory_set2::Exc L3-4 RORB CUX2::AD_vs_NCI__Female__e33::AD_any_mito	excitatory_set2::Exc L3-4 RORB CUX2::AD_vs_NCI__Female__e33	26	excitatory_set2::Exc L3-4 RORB CUX2::AD_vs_NCI__Female__e33	NA	excitatory_set2	Exc L3-4 RORB CUX2	Excitatory_neurons	F_e33	Female	e33	AD_any_mito	any	estimable_validated	TRUE	31	31	0	31	922	testable_query	fine_deg_pathway_query_manifest_v1
77	excitatory_set2::Exc L3-4 RORB CUX2::AD_vs_NCI__Female__e33::AD_up_mito	excitatory_set2::Exc L3-4 RORB CUX2::AD_vs_NCI__Female__e33	26	excitatory_set2::Exc L3-4 RORB CUX2::AD_vs_NCI__Female__e33	NA	excitatory_set2	Exc L3-4 RORB CUX2	Excitatory_neurons	F_e33	Female	e33	AD_up_mito	up	estimable_validated	TRUE	13	13	0	13	922	testable_query	fine_deg_pathway_query_manifest_v1
78	excitatory_set2::Exc L3-4 RORB CUX2::AD_vs_NCI__Female__e33::AD_down_mito	excitatory_set2::Exc L3-4 RORB CUX2::AD_vs_NCI__Female__e33	26	excitatory_set2::Exc L3-4 RORB CUX2::AD_vs_NCI__Female__e33	NA	excitatory_set2	Exc L3-4 RORB CUX2	Excitatory_neurons	F_e33	Female	e33	AD_down_mito	down	estimable_validated	TRUE	18	18	0	18	922	testable_query	fine_deg_pathway_query_manifest_v1
79	excitatory_set2::Exc L3-4 RORB CUX2::AD_vs_NCI__Female__e4::AD_any_mito	excitatory_set2::Exc L3-4 RORB CUX2::AD_vs_NCI__Female__e4	27	excitatory_set2::Exc L3-4 RORB CUX2::AD_vs_NCI__Female__e4	NA	excitatory_set2	Exc L3-4 RORB CUX2	Excitatory_neurons	F_e4	Female	e4	AD_any_mito	any	estimable_validated	TRUE	39	39	0	39	935	testable_query	fine_deg_pathway_query_manifest_v1
80	excitatory_set2::Exc L3-4 RORB CUX2::AD_vs_NCI__Female__e4::AD_up_mito	excitatory_set2::Exc L3-4 RORB CUX2::AD_vs_NCI__Female__e4	27	excitatory_set2::Exc L3-4 RORB CUX2::AD_vs_NCI__Female__e4	NA	excitatory_set2	Exc L3-4 RORB CUX2	Excitatory_neurons	F_e4	Female	e4	AD_up_mito	up	estimable_validated	TRUE	2	2	0	2	935	query_below_minimum	fine_deg_pathway_query_manifest_v1
81	excitatory_set2::Exc L3-4 RORB CUX2::AD_vs_NCI__Female__e4::AD_down_mito	excitatory_set2::Exc L3-4 RORB CUX2::AD_vs_NCI__Female__e4	27	excitatory_set2::Exc L3-4 RORB CUX2::AD_vs_NCI__Female__e4	NA	excitatory_set2	Exc L3-4 RORB CUX2	Excitatory_neurons	F_e4	Female	e4	AD_down_mito	down	estimable_validated	TRUE	37	37	0	37	935	testable_query	fine_deg_pathway_query_manifest_v1
82	excitatory_set2::Exc L3-4 RORB CUX2::AD_vs_NCI__Male__e2::AD_any_mito	excitatory_set2::Exc L3-4 RORB CUX2::AD_vs_NCI__Male__e2	28	excitatory_set2::Exc L3-4 RORB CUX2::AD_vs_NCI__Male__e2	NA	excitatory_set2	Exc L3-4 RORB CUX2	Excitatory_neurons	M_e2	Male	e2	AD_any_mito	any	estimable_validated	TRUE	282	282	0	282	918	testable_query	fine_deg_pathway_query_manifest_v1
83	excitatory_set2::Exc L3-4 RORB CUX2::AD_vs_NCI__Male__e2::AD_up_mito	excitatory_set2::Exc L3-4 RORB CUX2::AD_vs_NCI__Male__e2	28	excitatory_set2::Exc L3-4 RORB CUX2::AD_vs_NCI__Male__e2	NA	excitatory_set2	Exc L3-4 RORB CUX2	Excitatory_neurons	M_e2	Male	e2	AD_up_mito	up	estimable_validated	TRUE	41	41	0	41	918	testable_query	fine_deg_pathway_query_manifest_v1
84	excitatory_set2::Exc L3-4 RORB CUX2::AD_vs_NCI__Male__e2::AD_down_mito	excitatory_set2::Exc L3-4 RORB CUX2::AD_vs_NCI__Male__e2	28	excitatory_set2::Exc L3-4 RORB CUX2::AD_vs_NCI__Male__e2	NA	excitatory_set2	Exc L3-4 RORB CUX2	Excitatory_neurons	M_e2	Male	e2	AD_down_mito	down	estimable_validated	TRUE	241	241	0	241	918	testable_query	fine_deg_pathway_query_manifest_v1
85	excitatory_set2::Exc L3-4 RORB CUX2::AD_vs_NCI__Male__e33::AD_any_mito	excitatory_set2::Exc L3-4 RORB CUX2::AD_vs_NCI__Male__e33	29	excitatory_set2::Exc L3-4 RORB CUX2::AD_vs_NCI__Male__e33	NA	excitatory_set2	Exc L3-4 RORB CUX2	Excitatory_neurons	M_e33	Male	e33	AD_any_mito	any	estimable_validated	TRUE	6	6	0	6	901	testable_query	fine_deg_pathway_query_manifest_v1
86	excitatory_set2::Exc L3-4 RORB CUX2::AD_vs_NCI__Male__e33::AD_up_mito	excitatory_set2::Exc L3-4 RORB CUX2::AD_vs_NCI__Male__e33	29	excitatory_set2::Exc L3-4 RORB CUX2::AD_vs_NCI__Male__e33	NA	excitatory_set2	Exc L3-4 RORB CUX2	Excitatory_neurons	M_e33	Male	e33	AD_up_mito	up	estimable_validated	TRUE	5	5	0	5	901	testable_query	fine_deg_pathway_query_manifest_v1
87	excitatory_set2::Exc L3-4 RORB CUX2::AD_vs_NCI__Male__e33::AD_down_mito	excitatory_set2::Exc L3-4 RORB CUX2::AD_vs_NCI__Male__e33	29	excitatory_set2::Exc L3-4 RORB CUX2::AD_vs_NCI__Male__e33	NA	excitatory_set2	Exc L3-4 RORB CUX2	Excitatory_neurons	M_e33	Male	e33	AD_down_mito	down	estimable_validated	TRUE	1	1	0	1	901	query_below_minimum	fine_deg_pathway_query_manifest_v1
88	excitatory_set2::Exc L3-4 RORB CUX2::AD_vs_NCI__Male__e4::AD_any_mito	excitatory_set2::Exc L3-4 RORB CUX2::AD_vs_NCI__Male__e4	30	excitatory_set2::Exc L3-4 RORB CUX2::AD_vs_NCI__Male__e4	NA	excitatory_set2	Exc L3-4 RORB CUX2	Excitatory_neurons	M_e4	Male	e4	AD_any_mito	any	estimable_validated	TRUE	28	28	0	28	891	testable_query	fine_deg_pathway_query_manifest_v1
89	excitatory_set2::Exc L3-4 RORB CUX2::AD_vs_NCI__Male__e4::AD_up_mito	excitatory_set2::Exc L3-4 RORB CUX2::AD_vs_NCI__Male__e4	30	excitatory_set2::Exc L3-4 RORB CUX2::AD_vs_NCI__Male__e4	NA	excitatory_set2	Exc L3-4 RORB CUX2	Excitatory_neurons	M_e4	Male	e4	AD_up_mito	up	estimable_validated	TRUE	18	18	0	18	891	testable_query	fine_deg_pathway_query_manifest_v1
90	excitatory_set2::Exc L3-4 RORB CUX2::AD_vs_NCI__Male__e4::AD_down_mito	excitatory_set2::Exc L3-4 RORB CUX2::AD_vs_NCI__Male__e4	30	excitatory_set2::Exc L3-4 RORB CUX2::AD_vs_NCI__Male__e4	NA	excitatory_set2	Exc L3-4 RORB CUX2	Excitatory_neurons	M_e4	Male	e4	AD_down_mito	down	estimable_validated	TRUE	10	10	0	10	891	testable_query	fine_deg_pathway_query_manifest_v1
91	excitatory_set2::Exc L3-5 RORB PLCH1::AD_vs_NCI__Female__e2::AD_any_mito	excitatory_set2::Exc L3-5 RORB PLCH1::AD_vs_NCI__Female__e2	31	excitatory_set2::Exc L3-5 RORB PLCH1::AD_vs_NCI__Female__e2	NA	excitatory_set2	Exc L3-5 RORB PLCH1	Excitatory_neurons	F_e2	Female	e2	AD_any_mito	any	estimable_validated	TRUE	49	49	0	49	933	testable_query	fine_deg_pathway_query_manifest_v1
92	excitatory_set2::Exc L3-5 RORB PLCH1::AD_vs_NCI__Female__e2::AD_up_mito	excitatory_set2::Exc L3-5 RORB PLCH1::AD_vs_NCI__Female__e2	31	excitatory_set2::Exc L3-5 RORB PLCH1::AD_vs_NCI__Female__e2	NA	excitatory_set2	Exc L3-5 RORB PLCH1	Excitatory_neurons	F_e2	Female	e2	AD_up_mito	up	estimable_validated	TRUE	47	47	0	47	933	testable_query	fine_deg_pathway_query_manifest_v1
93	excitatory_set2::Exc L3-5 RORB PLCH1::AD_vs_NCI__Female__e2::AD_down_mito	excitatory_set2::Exc L3-5 RORB PLCH1::AD_vs_NCI__Female__e2	31	excitatory_set2::Exc L3-5 RORB PLCH1::AD_vs_NCI__Female__e2	NA	excitatory_set2	Exc L3-5 RORB PLCH1	Excitatory_neurons	F_e2	Female	e2	AD_down_mito	down	estimable_validated	TRUE	2	2	0	2	933	query_below_minimum	fine_deg_pathway_query_manifest_v1
94	excitatory_set2::Exc L3-5 RORB PLCH1::AD_vs_NCI__Female__e33::AD_any_mito	excitatory_set2::Exc L3-5 RORB PLCH1::AD_vs_NCI__Female__e33	32	excitatory_set2::Exc L3-5 RORB PLCH1::AD_vs_NCI__Female__e33	NA	excitatory_set2	Exc L3-5 RORB PLCH1	Excitatory_neurons	F_e33	Female	e33	AD_any_mito	any	estimable_validated	TRUE	34	34	0	34	903	testable_query	fine_deg_pathway_query_manifest_v1
95	excitatory_set2::Exc L3-5 RORB PLCH1::AD_vs_NCI__Female__e33::AD_up_mito	excitatory_set2::Exc L3-5 RORB PLCH1::AD_vs_NCI__Female__e33	32	excitatory_set2::Exc L3-5 RORB PLCH1::AD_vs_NCI__Female__e33	NA	excitatory_set2	Exc L3-5 RORB PLCH1	Excitatory_neurons	F_e33	Female	e33	AD_up_mito	up	estimable_validated	TRUE	31	31	0	31	903	testable_query	fine_deg_pathway_query_manifest_v1
96	excitatory_set2::Exc L3-5 RORB PLCH1::AD_vs_NCI__Female__e33::AD_down_mito	excitatory_set2::Exc L3-5 RORB PLCH1::AD_vs_NCI__Female__e33	32	excitatory_set2::Exc L3-5 RORB PLCH1::AD_vs_NCI__Female__e33	NA	excitatory_set2	Exc L3-5 RORB PLCH1	Excitatory_neurons	F_e33	Female	e33	AD_down_mito	down	estimable_validated	TRUE	3	3	0	3	903	testable_query	fine_deg_pathway_query_manifest_v1
97	excitatory_set2::Exc L3-5 RORB PLCH1::AD_vs_NCI__Female__e4::AD_any_mito	excitatory_set2::Exc L3-5 RORB PLCH1::AD_vs_NCI__Female__e4	33	excitatory_set2::Exc L3-5 RORB PLCH1::AD_vs_NCI__Female__e4	NA	excitatory_set2	Exc L3-5 RORB PLCH1	Excitatory_neurons	F_e4	Female	e4	AD_any_mito	any	estimable_validated	TRUE	55	55	0	55	907	testable_query	fine_deg_pathway_query_manifest_v1
98	excitatory_set2::Exc L3-5 RORB PLCH1::AD_vs_NCI__Female__e4::AD_up_mito	excitatory_set2::Exc L3-5 RORB PLCH1::AD_vs_NCI__Female__e4	33	excitatory_set2::Exc L3-5 RORB PLCH1::AD_vs_NCI__Female__e4	NA	excitatory_set2	Exc L3-5 RORB PLCH1	Excitatory_neurons	F_e4	Female	e4	AD_up_mito	up	estimable_validated	TRUE	6	6	0	6	907	testable_query	fine_deg_pathway_query_manifest_v1
99	excitatory_set2::Exc L3-5 RORB PLCH1::AD_vs_NCI__Female__e4::AD_down_mito	excitatory_set2::Exc L3-5 RORB PLCH1::AD_vs_NCI__Female__e4	33	excitatory_set2::Exc L3-5 RORB PLCH1::AD_vs_NCI__Female__e4	NA	excitatory_set2	Exc L3-5 RORB PLCH1	Excitatory_neurons	F_e4	Female	e4	AD_down_mito	down	estimable_validated	TRUE	49	49	0	49	907	testable_query	fine_deg_pathway_query_manifest_v1
100	excitatory_set2::Exc L3-5 RORB PLCH1::AD_vs_NCI__Male__e2::AD_any_mito	excitatory_set2::Exc L3-5 RORB PLCH1::AD_vs_NCI__Male__e2	34	excitatory_set2::Exc L3-5 RORB PLCH1::AD_vs_NCI__Male__e2	NA	excitatory_set2	Exc L3-5 RORB PLCH1	Excitatory_neurons	M_e2	Male	e2	AD_any_mito	any	estimable_validated	TRUE	287	287	0	287	892	testable_query	fine_deg_pathway_query_manifest_v1
101	excitatory_set2::Exc L3-5 RORB PLCH1::AD_vs_NCI__Male__e2::AD_up_mito	excitatory_set2::Exc L3-5 RORB PLCH1::AD_vs_NCI__Male__e2	34	excitatory_set2::Exc L3-5 RORB PLCH1::AD_vs_NCI__Male__e2	NA	excitatory_set2	Exc L3-5 RORB PLCH1	Excitatory_neurons	M_e2	Male	e2	AD_up_mito	up	estimable_validated	TRUE	71	71	0	71	892	testable_query	fine_deg_pathway_query_manifest_v1
102	excitatory_set2::Exc L3-5 RORB PLCH1::AD_vs_NCI__Male__e2::AD_down_mito	excitatory_set2::Exc L3-5 RORB PLCH1::AD_vs_NCI__Male__e2	34	excitatory_set2::Exc L3-5 RORB PLCH1::AD_vs_NCI__Male__e2	NA	excitatory_set2	Exc L3-5 RORB PLCH1	Excitatory_neurons	M_e2	Male	e2	AD_down_mito	down	estimable_validated	TRUE	216	216	0	216	892	testable_query	fine_deg_pathway_query_manifest_v1
103	excitatory_set2::Exc L3-5 RORB PLCH1::AD_vs_NCI__Male__e33::AD_any_mito	excitatory_set2::Exc L3-5 RORB PLCH1::AD_vs_NCI__Male__e33	35	excitatory_set2::Exc L3-5 RORB PLCH1::AD_vs_NCI__Male__e33	NA	excitatory_set2	Exc L3-5 RORB PLCH1	Excitatory_neurons	M_e33	Male	e33	AD_any_mito	any	estimable_validated	TRUE	15	15	0	15	872	testable_query	fine_deg_pathway_query_manifest_v1
104	excitatory_set2::Exc L3-5 RORB PLCH1::AD_vs_NCI__Male__e33::AD_up_mito	excitatory_set2::Exc L3-5 RORB PLCH1::AD_vs_NCI__Male__e33	35	excitatory_set2::Exc L3-5 RORB PLCH1::AD_vs_NCI__Male__e33	NA	excitatory_set2	Exc L3-5 RORB PLCH1	Excitatory_neurons	M_e33	Male	e33	AD_up_mito	up	estimable_validated	TRUE	4	4	0	4	872	testable_query	fine_deg_pathway_query_manifest_v1
105	excitatory_set2::Exc L3-5 RORB PLCH1::AD_vs_NCI__Male__e33::AD_down_mito	excitatory_set2::Exc L3-5 RORB PLCH1::AD_vs_NCI__Male__e33	35	excitatory_set2::Exc L3-5 RORB PLCH1::AD_vs_NCI__Male__e33	NA	excitatory_set2	Exc L3-5 RORB PLCH1	Excitatory_neurons	M_e33	Male	e33	AD_down_mito	down	estimable_validated	TRUE	11	11	0	11	872	testable_query	fine_deg_pathway_query_manifest_v1
106	excitatory_set2::Exc L3-5 RORB PLCH1::AD_vs_NCI__Male__e4::AD_any_mito	excitatory_set2::Exc L3-5 RORB PLCH1::AD_vs_NCI__Male__e4	36	excitatory_set2::Exc L3-5 RORB PLCH1::AD_vs_NCI__Male__e4	NA	excitatory_set2	Exc L3-5 RORB PLCH1	Excitatory_neurons	M_e4	Male	e4	AD_any_mito	any	estimable_validated	TRUE	42	42	0	42	880	testable_query	fine_deg_pathway_query_manifest_v1
107	excitatory_set2::Exc L3-5 RORB PLCH1::AD_vs_NCI__Male__e4::AD_up_mito	excitatory_set2::Exc L3-5 RORB PLCH1::AD_vs_NCI__Male__e4	36	excitatory_set2::Exc L3-5 RORB PLCH1::AD_vs_NCI__Male__e4	NA	excitatory_set2	Exc L3-5 RORB PLCH1	Excitatory_neurons	M_e4	Male	e4	AD_up_mito	up	estimable_validated	TRUE	39	39	0	39	880	testable_query	fine_deg_pathway_query_manifest_v1
108	excitatory_set2::Exc L3-5 RORB PLCH1::AD_vs_NCI__Male__e4::AD_down_mito	excitatory_set2::Exc L3-5 RORB PLCH1::AD_vs_NCI__Male__e4	36	excitatory_set2::Exc L3-5 RORB PLCH1::AD_vs_NCI__Male__e4	NA	excitatory_set2	Exc L3-5 RORB PLCH1	Excitatory_neurons	M_e4	Male	e4	AD_down_mito	down	estimable_validated	TRUE	3	3	0	3	880	testable_query	fine_deg_pathway_query_manifest_v1
109	excitatory_set2::Exc L4-5 RORB GABRG1::AD_vs_NCI__Female__e2::AD_any_mito	excitatory_set2::Exc L4-5 RORB GABRG1::AD_vs_NCI__Female__e2	37	excitatory_set2::Exc L4-5 RORB GABRG1::AD_vs_NCI__Female__e2	NA	excitatory_set2	Exc L4-5 RORB GABRG1	Excitatory_neurons	F_e2	Female	e2	AD_any_mito	any	estimable_validated	TRUE	53	53	0	53	874	testable_query	fine_deg_pathway_query_manifest_v1
110	excitatory_set2::Exc L4-5 RORB GABRG1::AD_vs_NCI__Female__e2::AD_up_mito	excitatory_set2::Exc L4-5 RORB GABRG1::AD_vs_NCI__Female__e2	37	excitatory_set2::Exc L4-5 RORB GABRG1::AD_vs_NCI__Female__e2	NA	excitatory_set2	Exc L4-5 RORB GABRG1	Excitatory_neurons	F_e2	Female	e2	AD_up_mito	up	estimable_validated	TRUE	29	29	0	29	874	testable_query	fine_deg_pathway_query_manifest_v1
111	excitatory_set2::Exc L4-5 RORB GABRG1::AD_vs_NCI__Female__e2::AD_down_mito	excitatory_set2::Exc L4-5 RORB GABRG1::AD_vs_NCI__Female__e2	37	excitatory_set2::Exc L4-5 RORB GABRG1::AD_vs_NCI__Female__e2	NA	excitatory_set2	Exc L4-5 RORB GABRG1	Excitatory_neurons	F_e2	Female	e2	AD_down_mito	down	estimable_validated	TRUE	24	24	0	24	874	testable_query	fine_deg_pathway_query_manifest_v1
112	excitatory_set2::Exc L4-5 RORB GABRG1::AD_vs_NCI__Female__e33::AD_any_mito	excitatory_set2::Exc L4-5 RORB GABRG1::AD_vs_NCI__Female__e33	38	excitatory_set2::Exc L4-5 RORB GABRG1::AD_vs_NCI__Female__e33	NA	excitatory_set2	Exc L4-5 RORB GABRG1	Excitatory_neurons	F_e33	Female	e33	AD_any_mito	any	estimable_validated	TRUE	22	22	0	22	868	testable_query	fine_deg_pathway_query_manifest_v1
113	excitatory_set2::Exc L4-5 RORB GABRG1::AD_vs_NCI__Female__e33::AD_up_mito	excitatory_set2::Exc L4-5 RORB GABRG1::AD_vs_NCI__Female__e33	38	excitatory_set2::Exc L4-5 RORB GABRG1::AD_vs_NCI__Female__e33	NA	excitatory_set2	Exc L4-5 RORB GABRG1	Excitatory_neurons	F_e33	Female	e33	AD_up_mito	up	estimable_validated	TRUE	17	17	0	17	868	testable_query	fine_deg_pathway_query_manifest_v1
114	excitatory_set2::Exc L4-5 RORB GABRG1::AD_vs_NCI__Female__e33::AD_down_mito	excitatory_set2::Exc L4-5 RORB GABRG1::AD_vs_NCI__Female__e33	38	excitatory_set2::Exc L4-5 RORB GABRG1::AD_vs_NCI__Female__e33	NA	excitatory_set2	Exc L4-5 RORB GABRG1	Excitatory_neurons	F_e33	Female	e33	AD_down_mito	down	estimable_validated	TRUE	5	5	0	5	868	testable_query	fine_deg_pathway_query_manifest_v1
115	excitatory_set2::Exc L4-5 RORB GABRG1::AD_vs_NCI__Female__e4::AD_any_mito	excitatory_set2::Exc L4-5 RORB GABRG1::AD_vs_NCI__Female__e4	39	excitatory_set2::Exc L4-5 RORB GABRG1::AD_vs_NCI__Female__e4	NA	excitatory_set2	Exc L4-5 RORB GABRG1	Excitatory_neurons	F_e4	Female	e4	AD_any_mito	any	estimable_validated	TRUE	83	83	0	83	856	testable_query	fine_deg_pathway_query_manifest_v1
116	excitatory_set2::Exc L4-5 RORB GABRG1::AD_vs_NCI__Female__e4::AD_up_mito	excitatory_set2::Exc L4-5 RORB GABRG1::AD_vs_NCI__Female__e4	39	excitatory_set2::Exc L4-5 RORB GABRG1::AD_vs_NCI__Female__e4	NA	excitatory_set2	Exc L4-5 RORB GABRG1	Excitatory_neurons	F_e4	Female	e4	AD_up_mito	up	estimable_validated	TRUE	3	3	0	3	856	testable_query	fine_deg_pathway_query_manifest_v1
117	excitatory_set2::Exc L4-5 RORB GABRG1::AD_vs_NCI__Female__e4::AD_down_mito	excitatory_set2::Exc L4-5 RORB GABRG1::AD_vs_NCI__Female__e4	39	excitatory_set2::Exc L4-5 RORB GABRG1::AD_vs_NCI__Female__e4	NA	excitatory_set2	Exc L4-5 RORB GABRG1	Excitatory_neurons	F_e4	Female	e4	AD_down_mito	down	estimable_validated	TRUE	80	80	0	80	856	testable_query	fine_deg_pathway_query_manifest_v1
118	excitatory_set2::Exc L4-5 RORB GABRG1::AD_vs_NCI__Male__e2::AD_any_mito	excitatory_set2::Exc L4-5 RORB GABRG1::AD_vs_NCI__Male__e2	40	excitatory_set2::Exc L4-5 RORB GABRG1::AD_vs_NCI__Male__e2	NA	excitatory_set2	Exc L4-5 RORB GABRG1	Excitatory_neurons	M_e2	Male	e2	AD_any_mito	any	estimable_validated	TRUE	245	245	0	245	848	testable_query	fine_deg_pathway_query_manifest_v1
119	excitatory_set2::Exc L4-5 RORB GABRG1::AD_vs_NCI__Male__e2::AD_up_mito	excitatory_set2::Exc L4-5 RORB GABRG1::AD_vs_NCI__Male__e2	40	excitatory_set2::Exc L4-5 RORB GABRG1::AD_vs_NCI__Male__e2	NA	excitatory_set2	Exc L4-5 RORB GABRG1	Excitatory_neurons	M_e2	Male	e2	AD_up_mito	up	estimable_validated	TRUE	41	41	0	41	848	testable_query	fine_deg_pathway_query_manifest_v1
120	excitatory_set2::Exc L4-5 RORB GABRG1::AD_vs_NCI__Male__e2::AD_down_mito	excitatory_set2::Exc L4-5 RORB GABRG1::AD_vs_NCI__Male__e2	40	excitatory_set2::Exc L4-5 RORB GABRG1::AD_vs_NCI__Male__e2	NA	excitatory_set2	Exc L4-5 RORB GABRG1	Excitatory_neurons	M_e2	Male	e2	AD_down_mito	down	estimable_validated	TRUE	204	204	0	204	848	testable_query	fine_deg_pathway_query_manifest_v1
121	excitatory_set2::Exc L4-5 RORB GABRG1::AD_vs_NCI__Male__e33::AD_any_mito	excitatory_set2::Exc L4-5 RORB GABRG1::AD_vs_NCI__Male__e33	41	excitatory_set2::Exc L4-5 RORB GABRG1::AD_vs_NCI__Male__e33	NA	excitatory_set2	Exc L4-5 RORB GABRG1	Excitatory_neurons	M_e33	Male	e33	AD_any_mito	any	estimable_validated	TRUE	7	7	0	7	818	testable_query	fine_deg_pathway_query_manifest_v1
122	excitatory_set2::Exc L4-5 RORB GABRG1::AD_vs_NCI__Male__e33::AD_up_mito	excitatory_set2::Exc L4-5 RORB GABRG1::AD_vs_NCI__Male__e33	41	excitatory_set2::Exc L4-5 RORB GABRG1::AD_vs_NCI__Male__e33	NA	excitatory_set2	Exc L4-5 RORB GABRG1	Excitatory_neurons	M_e33	Male	e33	AD_up_mito	up	estimable_validated	TRUE	1	1	0	1	818	query_below_minimum	fine_deg_pathway_query_manifest_v1
123	excitatory_set2::Exc L4-5 RORB GABRG1::AD_vs_NCI__Male__e33::AD_down_mito	excitatory_set2::Exc L4-5 RORB GABRG1::AD_vs_NCI__Male__e33	41	excitatory_set2::Exc L4-5 RORB GABRG1::AD_vs_NCI__Male__e33	NA	excitatory_set2	Exc L4-5 RORB GABRG1	Excitatory_neurons	M_e33	Male	e33	AD_down_mito	down	estimable_validated	TRUE	6	6	0	6	818	testable_query	fine_deg_pathway_query_manifest_v1
124	excitatory_set2::Exc L4-5 RORB GABRG1::AD_vs_NCI__Male__e4::AD_any_mito	excitatory_set2::Exc L4-5 RORB GABRG1::AD_vs_NCI__Male__e4	42	excitatory_set2::Exc L4-5 RORB GABRG1::AD_vs_NCI__Male__e4	NA	excitatory_set2	Exc L4-5 RORB GABRG1	Excitatory_neurons	M_e4	Male	e4	AD_any_mito	any	estimable_validated	TRUE	21	21	0	21	827	testable_query	fine_deg_pathway_query_manifest_v1
125	excitatory_set2::Exc L4-5 RORB GABRG1::AD_vs_NCI__Male__e4::AD_up_mito	excitatory_set2::Exc L4-5 RORB GABRG1::AD_vs_NCI__Male__e4	42	excitatory_set2::Exc L4-5 RORB GABRG1::AD_vs_NCI__Male__e4	NA	excitatory_set2	Exc L4-5 RORB GABRG1	Excitatory_neurons	M_e4	Male	e4	AD_up_mito	up	estimable_validated	TRUE	8	8	0	8	827	testable_query	fine_deg_pathway_query_manifest_v1
126	excitatory_set2::Exc L4-5 RORB GABRG1::AD_vs_NCI__Male__e4::AD_down_mito	excitatory_set2::Exc L4-5 RORB GABRG1::AD_vs_NCI__Male__e4	42	excitatory_set2::Exc L4-5 RORB GABRG1::AD_vs_NCI__Male__e4	NA	excitatory_set2	Exc L4-5 RORB GABRG1	Excitatory_neurons	M_e4	Male	e4	AD_down_mito	down	estimable_validated	TRUE	13	13	0	13	827	testable_query	fine_deg_pathway_query_manifest_v1
127	excitatory_set2::Exc L4-5 RORB IL1RAPL2::AD_vs_NCI__Female__e2::AD_any_mito	excitatory_set2::Exc L4-5 RORB IL1RAPL2::AD_vs_NCI__Female__e2	43	excitatory_set2::Exc L4-5 RORB IL1RAPL2::AD_vs_NCI__Female__e2	NA	excitatory_set2	Exc L4-5 RORB IL1RAPL2	Excitatory_neurons	F_e2	Female	e2	AD_any_mito	any	estimable_validated	TRUE	124	124	0	124	923	testable_query	fine_deg_pathway_query_manifest_v1
128	excitatory_set2::Exc L4-5 RORB IL1RAPL2::AD_vs_NCI__Female__e2::AD_up_mito	excitatory_set2::Exc L4-5 RORB IL1RAPL2::AD_vs_NCI__Female__e2	43	excitatory_set2::Exc L4-5 RORB IL1RAPL2::AD_vs_NCI__Female__e2	NA	excitatory_set2	Exc L4-5 RORB IL1RAPL2	Excitatory_neurons	F_e2	Female	e2	AD_up_mito	up	estimable_validated	TRUE	118	118	0	118	923	testable_query	fine_deg_pathway_query_manifest_v1
129	excitatory_set2::Exc L4-5 RORB IL1RAPL2::AD_vs_NCI__Female__e2::AD_down_mito	excitatory_set2::Exc L4-5 RORB IL1RAPL2::AD_vs_NCI__Female__e2	43	excitatory_set2::Exc L4-5 RORB IL1RAPL2::AD_vs_NCI__Female__e2	NA	excitatory_set2	Exc L4-5 RORB IL1RAPL2	Excitatory_neurons	F_e2	Female	e2	AD_down_mito	down	estimable_validated	TRUE	6	6	0	6	923	testable_query	fine_deg_pathway_query_manifest_v1
130	excitatory_set2::Exc L4-5 RORB IL1RAPL2::AD_vs_NCI__Female__e33::AD_any_mito	excitatory_set2::Exc L4-5 RORB IL1RAPL2::AD_vs_NCI__Female__e33	44	excitatory_set2::Exc L4-5 RORB IL1RAPL2::AD_vs_NCI__Female__e33	NA	excitatory_set2	Exc L4-5 RORB IL1RAPL2	Excitatory_neurons	F_e33	Female	e33	AD_any_mito	any	estimable_validated	TRUE	19	19	0	19	917	testable_query	fine_deg_pathway_query_manifest_v1
131	excitatory_set2::Exc L4-5 RORB IL1RAPL2::AD_vs_NCI__Female__e33::AD_up_mito	excitatory_set2::Exc L4-5 RORB IL1RAPL2::AD_vs_NCI__Female__e33	44	excitatory_set2::Exc L4-5 RORB IL1RAPL2::AD_vs_NCI__Female__e33	NA	excitatory_set2	Exc L4-5 RORB IL1RAPL2	Excitatory_neurons	F_e33	Female	e33	AD_up_mito	up	estimable_validated	TRUE	13	13	0	13	917	testable_query	fine_deg_pathway_query_manifest_v1
132	excitatory_set2::Exc L4-5 RORB IL1RAPL2::AD_vs_NCI__Female__e33::AD_down_mito	excitatory_set2::Exc L4-5 RORB IL1RAPL2::AD_vs_NCI__Female__e33	44	excitatory_set2::Exc L4-5 RORB IL1RAPL2::AD_vs_NCI__Female__e33	NA	excitatory_set2	Exc L4-5 RORB IL1RAPL2	Excitatory_neurons	F_e33	Female	e33	AD_down_mito	down	estimable_validated	TRUE	6	6	0	6	917	testable_query	fine_deg_pathway_query_manifest_v1
133	excitatory_set2::Exc L4-5 RORB IL1RAPL2::AD_vs_NCI__Female__e4::AD_any_mito	excitatory_set2::Exc L4-5 RORB IL1RAPL2::AD_vs_NCI__Female__e4	45	excitatory_set2::Exc L4-5 RORB IL1RAPL2::AD_vs_NCI__Female__e4	NA	excitatory_set2	Exc L4-5 RORB IL1RAPL2	Excitatory_neurons	F_e4	Female	e4	AD_any_mito	any	estimable_validated	TRUE	123	123	0	123	912	testable_query	fine_deg_pathway_query_manifest_v1
134	excitatory_set2::Exc L4-5 RORB IL1RAPL2::AD_vs_NCI__Female__e4::AD_up_mito	excitatory_set2::Exc L4-5 RORB IL1RAPL2::AD_vs_NCI__Female__e4	45	excitatory_set2::Exc L4-5 RORB IL1RAPL2::AD_vs_NCI__Female__e4	NA	excitatory_set2	Exc L4-5 RORB IL1RAPL2	Excitatory_neurons	F_e4	Female	e4	AD_up_mito	up	estimable_validated	TRUE	1	1	0	1	912	query_below_minimum	fine_deg_pathway_query_manifest_v1
135	excitatory_set2::Exc L4-5 RORB IL1RAPL2::AD_vs_NCI__Female__e4::AD_down_mito	excitatory_set2::Exc L4-5 RORB IL1RAPL2::AD_vs_NCI__Female__e4	45	excitatory_set2::Exc L4-5 RORB IL1RAPL2::AD_vs_NCI__Female__e4	NA	excitatory_set2	Exc L4-5 RORB IL1RAPL2	Excitatory_neurons	F_e4	Female	e4	AD_down_mito	down	estimable_validated	TRUE	122	122	0	122	912	testable_query	fine_deg_pathway_query_manifest_v1
136	excitatory_set2::Exc L4-5 RORB IL1RAPL2::AD_vs_NCI__Male__e2::AD_any_mito	excitatory_set2::Exc L4-5 RORB IL1RAPL2::AD_vs_NCI__Male__e2	46	excitatory_set2::Exc L4-5 RORB IL1RAPL2::AD_vs_NCI__Male__e2	NA	excitatory_set2	Exc L4-5 RORB IL1RAPL2	Excitatory_neurons	M_e2	Male	e2	AD_any_mito	any	estimable_validated	TRUE	175	175	0	175	915	testable_query	fine_deg_pathway_query_manifest_v1
137	excitatory_set2::Exc L4-5 RORB IL1RAPL2::AD_vs_NCI__Male__e2::AD_up_mito	excitatory_set2::Exc L4-5 RORB IL1RAPL2::AD_vs_NCI__Male__e2	46	excitatory_set2::Exc L4-5 RORB IL1RAPL2::AD_vs_NCI__Male__e2	NA	excitatory_set2	Exc L4-5 RORB IL1RAPL2	Excitatory_neurons	M_e2	Male	e2	AD_up_mito	up	estimable_validated	TRUE	46	46	0	46	915	testable_query	fine_deg_pathway_query_manifest_v1
138	excitatory_set2::Exc L4-5 RORB IL1RAPL2::AD_vs_NCI__Male__e2::AD_down_mito	excitatory_set2::Exc L4-5 RORB IL1RAPL2::AD_vs_NCI__Male__e2	46	excitatory_set2::Exc L4-5 RORB IL1RAPL2::AD_vs_NCI__Male__e2	NA	excitatory_set2	Exc L4-5 RORB IL1RAPL2	Excitatory_neurons	M_e2	Male	e2	AD_down_mito	down	estimable_validated	TRUE	129	129	0	129	915	testable_query	fine_deg_pathway_query_manifest_v1
139	excitatory_set2::Exc L4-5 RORB IL1RAPL2::AD_vs_NCI__Male__e33::AD_any_mito	excitatory_set2::Exc L4-5 RORB IL1RAPL2::AD_vs_NCI__Male__e33	47	excitatory_set2::Exc L4-5 RORB IL1RAPL2::AD_vs_NCI__Male__e33	NA	excitatory_set2	Exc L4-5 RORB IL1RAPL2	Excitatory_neurons	M_e33	Male	e33	AD_any_mito	any	estimable_validated	TRUE	5	5	0	5	892	testable_query	fine_deg_pathway_query_manifest_v1
140	excitatory_set2::Exc L4-5 RORB IL1RAPL2::AD_vs_NCI__Male__e33::AD_up_mito	excitatory_set2::Exc L4-5 RORB IL1RAPL2::AD_vs_NCI__Male__e33	47	excitatory_set2::Exc L4-5 RORB IL1RAPL2::AD_vs_NCI__Male__e33	NA	excitatory_set2	Exc L4-5 RORB IL1RAPL2	Excitatory_neurons	M_e33	Male	e33	AD_up_mito	up	estimable_validated	TRUE	3	3	0	3	892	testable_query	fine_deg_pathway_query_manifest_v1
141	excitatory_set2::Exc L4-5 RORB IL1RAPL2::AD_vs_NCI__Male__e33::AD_down_mito	excitatory_set2::Exc L4-5 RORB IL1RAPL2::AD_vs_NCI__Male__e33	47	excitatory_set2::Exc L4-5 RORB IL1RAPL2::AD_vs_NCI__Male__e33	NA	excitatory_set2	Exc L4-5 RORB IL1RAPL2	Excitatory_neurons	M_e33	Male	e33	AD_down_mito	down	estimable_validated	TRUE	2	2	0	2	892	query_below_minimum	fine_deg_pathway_query_manifest_v1
142	excitatory_set2::Exc L4-5 RORB IL1RAPL2::AD_vs_NCI__Male__e4::AD_any_mito	excitatory_set2::Exc L4-5 RORB IL1RAPL2::AD_vs_NCI__Male__e4	48	excitatory_set2::Exc L4-5 RORB IL1RAPL2::AD_vs_NCI__Male__e4	NA	excitatory_set2	Exc L4-5 RORB IL1RAPL2	Excitatory_neurons	M_e4	Male	e4	AD_any_mito	any	estimable_validated	TRUE	34	34	0	34	896	testable_query	fine_deg_pathway_query_manifest_v1
143	excitatory_set2::Exc L4-5 RORB IL1RAPL2::AD_vs_NCI__Male__e4::AD_up_mito	excitatory_set2::Exc L4-5 RORB IL1RAPL2::AD_vs_NCI__Male__e4	48	excitatory_set2::Exc L4-5 RORB IL1RAPL2::AD_vs_NCI__Male__e4	NA	excitatory_set2	Exc L4-5 RORB IL1RAPL2	Excitatory_neurons	M_e4	Male	e4	AD_up_mito	up	estimable_validated	TRUE	24	24	0	24	896	testable_query	fine_deg_pathway_query_manifest_v1
144	excitatory_set2::Exc L4-5 RORB IL1RAPL2::AD_vs_NCI__Male__e4::AD_down_mito	excitatory_set2::Exc L4-5 RORB IL1RAPL2::AD_vs_NCI__Male__e4	48	excitatory_set2::Exc L4-5 RORB IL1RAPL2::AD_vs_NCI__Male__e4	NA	excitatory_set2	Exc L4-5 RORB IL1RAPL2	Excitatory_neurons	M_e4	Male	e4	AD_down_mito	down	estimable_validated	TRUE	10	10	0	10	896	testable_query	fine_deg_pathway_query_manifest_v1
145	excitatory_set3::Exc L5 ET::AD_vs_NCI__Female__e2::AD_any_mito	excitatory_set3::Exc L5 ET::AD_vs_NCI__Female__e2	49	excitatory_set3::Exc L5 ET::AD_vs_NCI__Female__e2	NA	excitatory_set3	Exc L5 ET	Excitatory_neurons	F_e2	Female	e2	AD_any_mito	any	estimable_validated	TRUE	0	0	0	0	991	empty_query	fine_deg_pathway_query_manifest_v1
146	excitatory_set3::Exc L5 ET::AD_vs_NCI__Female__e2::AD_up_mito	excitatory_set3::Exc L5 ET::AD_vs_NCI__Female__e2	49	excitatory_set3::Exc L5 ET::AD_vs_NCI__Female__e2	NA	excitatory_set3	Exc L5 ET	Excitatory_neurons	F_e2	Female	e2	AD_up_mito	up	estimable_validated	TRUE	0	0	0	0	991	empty_query	fine_deg_pathway_query_manifest_v1
147	excitatory_set3::Exc L5 ET::AD_vs_NCI__Female__e2::AD_down_mito	excitatory_set3::Exc L5 ET::AD_vs_NCI__Female__e2	49	excitatory_set3::Exc L5 ET::AD_vs_NCI__Female__e2	NA	excitatory_set3	Exc L5 ET	Excitatory_neurons	F_e2	Female	e2	AD_down_mito	down	estimable_validated	TRUE	0	0	0	0	991	empty_query	fine_deg_pathway_query_manifest_v1
148	excitatory_set3::Exc L5 ET::AD_vs_NCI__Female__e33::AD_any_mito	excitatory_set3::Exc L5 ET::AD_vs_NCI__Female__e33	50	excitatory_set3::Exc L5 ET::AD_vs_NCI__Female__e33	NA	excitatory_set3	Exc L5 ET	Excitatory_neurons	F_e33	Female	e33	AD_any_mito	any	estimable_validated	TRUE	12	12	0	12	973	testable_query	fine_deg_pathway_query_manifest_v1
149	excitatory_set3::Exc L5 ET::AD_vs_NCI__Female__e33::AD_up_mito	excitatory_set3::Exc L5 ET::AD_vs_NCI__Female__e33	50	excitatory_set3::Exc L5 ET::AD_vs_NCI__Female__e33	NA	excitatory_set3	Exc L5 ET	Excitatory_neurons	F_e33	Female	e33	AD_up_mito	up	estimable_validated	TRUE	11	11	0	11	973	testable_query	fine_deg_pathway_query_manifest_v1
150	excitatory_set3::Exc L5 ET::AD_vs_NCI__Female__e33::AD_down_mito	excitatory_set3::Exc L5 ET::AD_vs_NCI__Female__e33	50	excitatory_set3::Exc L5 ET::AD_vs_NCI__Female__e33	NA	excitatory_set3	Exc L5 ET	Excitatory_neurons	F_e33	Female	e33	AD_down_mito	down	estimable_validated	TRUE	1	1	0	1	973	query_below_minimum	fine_deg_pathway_query_manifest_v1
151	excitatory_set3::Exc L5 ET::AD_vs_NCI__Female__e4::AD_any_mito	excitatory_set3::Exc L5 ET::AD_vs_NCI__Female__e4	51	excitatory_set3::Exc L5 ET::AD_vs_NCI__Female__e4	NA	excitatory_set3	Exc L5 ET	Excitatory_neurons	F_e4	Female	e4	AD_any_mito	any	estimable_validated	TRUE	1	1	0	1	988	query_below_minimum	fine_deg_pathway_query_manifest_v1
152	excitatory_set3::Exc L5 ET::AD_vs_NCI__Female__e4::AD_up_mito	excitatory_set3::Exc L5 ET::AD_vs_NCI__Female__e4	51	excitatory_set3::Exc L5 ET::AD_vs_NCI__Female__e4	NA	excitatory_set3	Exc L5 ET	Excitatory_neurons	F_e4	Female	e4	AD_up_mito	up	estimable_validated	TRUE	0	0	0	0	988	empty_query	fine_deg_pathway_query_manifest_v1
153	excitatory_set3::Exc L5 ET::AD_vs_NCI__Female__e4::AD_down_mito	excitatory_set3::Exc L5 ET::AD_vs_NCI__Female__e4	51	excitatory_set3::Exc L5 ET::AD_vs_NCI__Female__e4	NA	excitatory_set3	Exc L5 ET	Excitatory_neurons	F_e4	Female	e4	AD_down_mito	down	estimable_validated	TRUE	1	1	0	1	988	query_below_minimum	fine_deg_pathway_query_manifest_v1
154	excitatory_set3::Exc L5 ET::AD_vs_NCI__Male__e2::AD_any_mito	excitatory_set3::Exc L5 ET::AD_vs_NCI__Male__e2	52	excitatory_set3::Exc L5 ET::AD_vs_NCI__Male__e2	NA	excitatory_set3	Exc L5 ET	Excitatory_neurons	M_e2	Male	e2	AD_any_mito	any	estimable_validated	TRUE	7	7	0	7	978	testable_query	fine_deg_pathway_query_manifest_v1
155	excitatory_set3::Exc L5 ET::AD_vs_NCI__Male__e2::AD_up_mito	excitatory_set3::Exc L5 ET::AD_vs_NCI__Male__e2	52	excitatory_set3::Exc L5 ET::AD_vs_NCI__Male__e2	NA	excitatory_set3	Exc L5 ET	Excitatory_neurons	M_e2	Male	e2	AD_up_mito	up	estimable_validated	TRUE	4	4	0	4	978	testable_query	fine_deg_pathway_query_manifest_v1
156	excitatory_set3::Exc L5 ET::AD_vs_NCI__Male__e2::AD_down_mito	excitatory_set3::Exc L5 ET::AD_vs_NCI__Male__e2	52	excitatory_set3::Exc L5 ET::AD_vs_NCI__Male__e2	NA	excitatory_set3	Exc L5 ET	Excitatory_neurons	M_e2	Male	e2	AD_down_mito	down	estimable_validated	TRUE	3	3	0	3	978	testable_query	fine_deg_pathway_query_manifest_v1
157	excitatory_set3::Exc L5 ET::AD_vs_NCI__Male__e33::AD_any_mito	excitatory_set3::Exc L5 ET::AD_vs_NCI__Male__e33	53	excitatory_set3::Exc L5 ET::AD_vs_NCI__Male__e33	NA	excitatory_set3	Exc L5 ET	Excitatory_neurons	M_e33	Male	e33	AD_any_mito	any	estimable_validated	TRUE	199	199	0	199	972	testable_query	fine_deg_pathway_query_manifest_v1
158	excitatory_set3::Exc L5 ET::AD_vs_NCI__Male__e33::AD_up_mito	excitatory_set3::Exc L5 ET::AD_vs_NCI__Male__e33	53	excitatory_set3::Exc L5 ET::AD_vs_NCI__Male__e33	NA	excitatory_set3	Exc L5 ET	Excitatory_neurons	M_e33	Male	e33	AD_up_mito	up	estimable_validated	TRUE	101	101	0	101	972	testable_query	fine_deg_pathway_query_manifest_v1
159	excitatory_set3::Exc L5 ET::AD_vs_NCI__Male__e33::AD_down_mito	excitatory_set3::Exc L5 ET::AD_vs_NCI__Male__e33	53	excitatory_set3::Exc L5 ET::AD_vs_NCI__Male__e33	NA	excitatory_set3	Exc L5 ET	Excitatory_neurons	M_e33	Male	e33	AD_down_mito	down	estimable_validated	TRUE	98	98	0	98	972	testable_query	fine_deg_pathway_query_manifest_v1
160	excitatory_set3::Exc L5 ET::AD_vs_NCI__Male__e4::AD_any_mito	excitatory_set3::Exc L5 ET::AD_vs_NCI__Male__e4	54	excitatory_set3::Exc L5 ET::AD_vs_NCI__Male__e4	NA	excitatory_set3	Exc L5 ET	Excitatory_neurons	M_e4	Male	e4	AD_any_mito	any	estimable_validated	TRUE	4	4	0	4	981	testable_query	fine_deg_pathway_query_manifest_v1
161	excitatory_set3::Exc L5 ET::AD_vs_NCI__Male__e4::AD_up_mito	excitatory_set3::Exc L5 ET::AD_vs_NCI__Male__e4	54	excitatory_set3::Exc L5 ET::AD_vs_NCI__Male__e4	NA	excitatory_set3	Exc L5 ET	Excitatory_neurons	M_e4	Male	e4	AD_up_mito	up	estimable_validated	TRUE	2	2	0	2	981	query_below_minimum	fine_deg_pathway_query_manifest_v1
162	excitatory_set3::Exc L5 ET::AD_vs_NCI__Male__e4::AD_down_mito	excitatory_set3::Exc L5 ET::AD_vs_NCI__Male__e4	54	excitatory_set3::Exc L5 ET::AD_vs_NCI__Male__e4	NA	excitatory_set3	Exc L5 ET	Excitatory_neurons	M_e4	Male	e4	AD_down_mito	down	estimable_validated	TRUE	2	2	0	2	981	query_below_minimum	fine_deg_pathway_query_manifest_v1
163	excitatory_set3::Exc L5-6 RORB LINC02196::AD_vs_NCI__Female__e2::AD_any_mito	excitatory_set3::Exc L5-6 RORB LINC02196::AD_vs_NCI__Female__e2	55	excitatory_set3::Exc L5-6 RORB LINC02196::AD_vs_NCI__Female__e2	NA	excitatory_set3	Exc L5-6 RORB LINC02196	Excitatory_neurons	F_e2	Female	e2	AD_any_mito	any	estimable_validated	TRUE	72	72	0	72	928	testable_query	fine_deg_pathway_query_manifest_v1
164	excitatory_set3::Exc L5-6 RORB LINC02196::AD_vs_NCI__Female__e2::AD_up_mito	excitatory_set3::Exc L5-6 RORB LINC02196::AD_vs_NCI__Female__e2	55	excitatory_set3::Exc L5-6 RORB LINC02196::AD_vs_NCI__Female__e2	NA	excitatory_set3	Exc L5-6 RORB LINC02196	Excitatory_neurons	F_e2	Female	e2	AD_up_mito	up	estimable_validated	TRUE	66	66	0	66	928	testable_query	fine_deg_pathway_query_manifest_v1
165	excitatory_set3::Exc L5-6 RORB LINC02196::AD_vs_NCI__Female__e2::AD_down_mito	excitatory_set3::Exc L5-6 RORB LINC02196::AD_vs_NCI__Female__e2	55	excitatory_set3::Exc L5-6 RORB LINC02196::AD_vs_NCI__Female__e2	NA	excitatory_set3	Exc L5-6 RORB LINC02196	Excitatory_neurons	F_e2	Female	e2	AD_down_mito	down	estimable_validated	TRUE	6	6	0	6	928	testable_query	fine_deg_pathway_query_manifest_v1
166	excitatory_set3::Exc L5-6 RORB LINC02196::AD_vs_NCI__Female__e33::AD_any_mito	excitatory_set3::Exc L5-6 RORB LINC02196::AD_vs_NCI__Female__e33	56	excitatory_set3::Exc L5-6 RORB LINC02196::AD_vs_NCI__Female__e33	NA	excitatory_set3	Exc L5-6 RORB LINC02196	Excitatory_neurons	F_e33	Female	e33	AD_any_mito	any	estimable_validated	TRUE	28	28	0	28	913	testable_query	fine_deg_pathway_query_manifest_v1
167	excitatory_set3::Exc L5-6 RORB LINC02196::AD_vs_NCI__Female__e33::AD_up_mito	excitatory_set3::Exc L5-6 RORB LINC02196::AD_vs_NCI__Female__e33	56	excitatory_set3::Exc L5-6 RORB LINC02196::AD_vs_NCI__Female__e33	NA	excitatory_set3	Exc L5-6 RORB LINC02196	Excitatory_neurons	F_e33	Female	e33	AD_up_mito	up	estimable_validated	TRUE	23	23	0	23	913	testable_query	fine_deg_pathway_query_manifest_v1
168	excitatory_set3::Exc L5-6 RORB LINC02196::AD_vs_NCI__Female__e33::AD_down_mito	excitatory_set3::Exc L5-6 RORB LINC02196::AD_vs_NCI__Female__e33	56	excitatory_set3::Exc L5-6 RORB LINC02196::AD_vs_NCI__Female__e33	NA	excitatory_set3	Exc L5-6 RORB LINC02196	Excitatory_neurons	F_e33	Female	e33	AD_down_mito	down	estimable_validated	TRUE	5	5	0	5	913	testable_query	fine_deg_pathway_query_manifest_v1
169	excitatory_set3::Exc L5-6 RORB LINC02196::AD_vs_NCI__Female__e4::AD_any_mito	excitatory_set3::Exc L5-6 RORB LINC02196::AD_vs_NCI__Female__e4	57	excitatory_set3::Exc L5-6 RORB LINC02196::AD_vs_NCI__Female__e4	NA	excitatory_set3	Exc L5-6 RORB LINC02196	Excitatory_neurons	F_e4	Female	e4	AD_any_mito	any	estimable_validated	TRUE	41	41	0	41	934	testable_query	fine_deg_pathway_query_manifest_v1
170	excitatory_set3::Exc L5-6 RORB LINC02196::AD_vs_NCI__Female__e4::AD_up_mito	excitatory_set3::Exc L5-6 RORB LINC02196::AD_vs_NCI__Female__e4	57	excitatory_set3::Exc L5-6 RORB LINC02196::AD_vs_NCI__Female__e4	NA	excitatory_set3	Exc L5-6 RORB LINC02196	Excitatory_neurons	F_e4	Female	e4	AD_up_mito	up	estimable_validated	TRUE	6	6	0	6	934	testable_query	fine_deg_pathway_query_manifest_v1
171	excitatory_set3::Exc L5-6 RORB LINC02196::AD_vs_NCI__Female__e4::AD_down_mito	excitatory_set3::Exc L5-6 RORB LINC02196::AD_vs_NCI__Female__e4	57	excitatory_set3::Exc L5-6 RORB LINC02196::AD_vs_NCI__Female__e4	NA	excitatory_set3	Exc L5-6 RORB LINC02196	Excitatory_neurons	F_e4	Female	e4	AD_down_mito	down	estimable_validated	TRUE	35	35	0	35	934	testable_query	fine_deg_pathway_query_manifest_v1
172	excitatory_set3::Exc L5-6 RORB LINC02196::AD_vs_NCI__Male__e2::AD_any_mito	excitatory_set3::Exc L5-6 RORB LINC02196::AD_vs_NCI__Male__e2	58	excitatory_set3::Exc L5-6 RORB LINC02196::AD_vs_NCI__Male__e2	NA	excitatory_set3	Exc L5-6 RORB LINC02196	Excitatory_neurons	M_e2	Male	e2	AD_any_mito	any	estimable_validated	TRUE	46	46	0	46	900	testable_query	fine_deg_pathway_query_manifest_v1
173	excitatory_set3::Exc L5-6 RORB LINC02196::AD_vs_NCI__Male__e2::AD_up_mito	excitatory_set3::Exc L5-6 RORB LINC02196::AD_vs_NCI__Male__e2	58	excitatory_set3::Exc L5-6 RORB LINC02196::AD_vs_NCI__Male__e2	NA	excitatory_set3	Exc L5-6 RORB LINC02196	Excitatory_neurons	M_e2	Male	e2	AD_up_mito	up	estimable_validated	TRUE	3	3	0	3	900	testable_query	fine_deg_pathway_query_manifest_v1
174	excitatory_set3::Exc L5-6 RORB LINC02196::AD_vs_NCI__Male__e2::AD_down_mito	excitatory_set3::Exc L5-6 RORB LINC02196::AD_vs_NCI__Male__e2	58	excitatory_set3::Exc L5-6 RORB LINC02196::AD_vs_NCI__Male__e2	NA	excitatory_set3	Exc L5-6 RORB LINC02196	Excitatory_neurons	M_e2	Male	e2	AD_down_mito	down	estimable_validated	TRUE	43	43	0	43	900	testable_query	fine_deg_pathway_query_manifest_v1
175	excitatory_set3::Exc L5-6 RORB LINC02196::AD_vs_NCI__Male__e33::AD_any_mito	excitatory_set3::Exc L5-6 RORB LINC02196::AD_vs_NCI__Male__e33	59	excitatory_set3::Exc L5-6 RORB LINC02196::AD_vs_NCI__Male__e33	NA	excitatory_set3	Exc L5-6 RORB LINC02196	Excitatory_neurons	M_e33	Male	e33	AD_any_mito	any	estimable_validated	TRUE	20	20	0	20	886	testable_query	fine_deg_pathway_query_manifest_v1
176	excitatory_set3::Exc L5-6 RORB LINC02196::AD_vs_NCI__Male__e33::AD_up_mito	excitatory_set3::Exc L5-6 RORB LINC02196::AD_vs_NCI__Male__e33	59	excitatory_set3::Exc L5-6 RORB LINC02196::AD_vs_NCI__Male__e33	NA	excitatory_set3	Exc L5-6 RORB LINC02196	Excitatory_neurons	M_e33	Male	e33	AD_up_mito	up	estimable_validated	TRUE	16	16	0	16	886	testable_query	fine_deg_pathway_query_manifest_v1
177	excitatory_set3::Exc L5-6 RORB LINC02196::AD_vs_NCI__Male__e33::AD_down_mito	excitatory_set3::Exc L5-6 RORB LINC02196::AD_vs_NCI__Male__e33	59	excitatory_set3::Exc L5-6 RORB LINC02196::AD_vs_NCI__Male__e33	NA	excitatory_set3	Exc L5-6 RORB LINC02196	Excitatory_neurons	M_e33	Male	e33	AD_down_mito	down	estimable_validated	TRUE	4	4	0	4	886	testable_query	fine_deg_pathway_query_manifest_v1
178	excitatory_set3::Exc L5-6 RORB LINC02196::AD_vs_NCI__Male__e4::AD_any_mito	excitatory_set3::Exc L5-6 RORB LINC02196::AD_vs_NCI__Male__e4	60	excitatory_set3::Exc L5-6 RORB LINC02196::AD_vs_NCI__Male__e4	NA	excitatory_set3	Exc L5-6 RORB LINC02196	Excitatory_neurons	M_e4	Male	e4	AD_any_mito	any	estimable_validated	TRUE	55	55	0	55	886	testable_query	fine_deg_pathway_query_manifest_v1
179	excitatory_set3::Exc L5-6 RORB LINC02196::AD_vs_NCI__Male__e4::AD_up_mito	excitatory_set3::Exc L5-6 RORB LINC02196::AD_vs_NCI__Male__e4	60	excitatory_set3::Exc L5-6 RORB LINC02196::AD_vs_NCI__Male__e4	NA	excitatory_set3	Exc L5-6 RORB LINC02196	Excitatory_neurons	M_e4	Male	e4	AD_up_mito	up	estimable_validated	TRUE	30	30	0	30	886	testable_query	fine_deg_pathway_query_manifest_v1
180	excitatory_set3::Exc L5-6 RORB LINC02196::AD_vs_NCI__Male__e4::AD_down_mito	excitatory_set3::Exc L5-6 RORB LINC02196::AD_vs_NCI__Male__e4	60	excitatory_set3::Exc L5-6 RORB LINC02196::AD_vs_NCI__Male__e4	NA	excitatory_set3	Exc L5-6 RORB LINC02196	Excitatory_neurons	M_e4	Male	e4	AD_down_mito	down	estimable_validated	TRUE	25	25	0	25	886	testable_query	fine_deg_pathway_query_manifest_v1
181	excitatory_set3::Exc L5/6 IT Car3::AD_vs_NCI__Female__e2::AD_any_mito	excitatory_set3::Exc L5/6 IT Car3::AD_vs_NCI__Female__e2	61	excitatory_set3::Exc L5/6 IT Car3::AD_vs_NCI__Female__e2	NA	excitatory_set3	Exc L5/6 IT Car3	Excitatory_neurons	F_e2	Female	e2	AD_any_mito	any	estimable_validated	TRUE	111	111	0	111	959	testable_query	fine_deg_pathway_query_manifest_v1
182	excitatory_set3::Exc L5/6 IT Car3::AD_vs_NCI__Female__e2::AD_up_mito	excitatory_set3::Exc L5/6 IT Car3::AD_vs_NCI__Female__e2	61	excitatory_set3::Exc L5/6 IT Car3::AD_vs_NCI__Female__e2	NA	excitatory_set3	Exc L5/6 IT Car3	Excitatory_neurons	F_e2	Female	e2	AD_up_mito	up	estimable_validated	TRUE	110	110	0	110	959	testable_query	fine_deg_pathway_query_manifest_v1
183	excitatory_set3::Exc L5/6 IT Car3::AD_vs_NCI__Female__e2::AD_down_mito	excitatory_set3::Exc L5/6 IT Car3::AD_vs_NCI__Female__e2	61	excitatory_set3::Exc L5/6 IT Car3::AD_vs_NCI__Female__e2	NA	excitatory_set3	Exc L5/6 IT Car3	Excitatory_neurons	F_e2	Female	e2	AD_down_mito	down	estimable_validated	TRUE	1	1	0	1	959	query_below_minimum	fine_deg_pathway_query_manifest_v1
184	excitatory_set3::Exc L5/6 IT Car3::AD_vs_NCI__Female__e33::AD_any_mito	excitatory_set3::Exc L5/6 IT Car3::AD_vs_NCI__Female__e33	62	excitatory_set3::Exc L5/6 IT Car3::AD_vs_NCI__Female__e33	NA	excitatory_set3	Exc L5/6 IT Car3	Excitatory_neurons	F_e33	Female	e33	AD_any_mito	any	estimable_validated	TRUE	38	38	0	38	940	testable_query	fine_deg_pathway_query_manifest_v1
185	excitatory_set3::Exc L5/6 IT Car3::AD_vs_NCI__Female__e33::AD_up_mito	excitatory_set3::Exc L5/6 IT Car3::AD_vs_NCI__Female__e33	62	excitatory_set3::Exc L5/6 IT Car3::AD_vs_NCI__Female__e33	NA	excitatory_set3	Exc L5/6 IT Car3	Excitatory_neurons	F_e33	Female	e33	AD_up_mito	up	estimable_validated	TRUE	21	21	0	21	940	testable_query	fine_deg_pathway_query_manifest_v1
186	excitatory_set3::Exc L5/6 IT Car3::AD_vs_NCI__Female__e33::AD_down_mito	excitatory_set3::Exc L5/6 IT Car3::AD_vs_NCI__Female__e33	62	excitatory_set3::Exc L5/6 IT Car3::AD_vs_NCI__Female__e33	NA	excitatory_set3	Exc L5/6 IT Car3	Excitatory_neurons	F_e33	Female	e33	AD_down_mito	down	estimable_validated	TRUE	17	17	0	17	940	testable_query	fine_deg_pathway_query_manifest_v1
187	excitatory_set3::Exc L5/6 IT Car3::AD_vs_NCI__Female__e4::AD_any_mito	excitatory_set3::Exc L5/6 IT Car3::AD_vs_NCI__Female__e4	63	excitatory_set3::Exc L5/6 IT Car3::AD_vs_NCI__Female__e4	NA	excitatory_set3	Exc L5/6 IT Car3	Excitatory_neurons	F_e4	Female	e4	AD_any_mito	any	estimable_validated	TRUE	111	111	0	111	954	testable_query	fine_deg_pathway_query_manifest_v1
188	excitatory_set3::Exc L5/6 IT Car3::AD_vs_NCI__Female__e4::AD_up_mito	excitatory_set3::Exc L5/6 IT Car3::AD_vs_NCI__Female__e4	63	excitatory_set3::Exc L5/6 IT Car3::AD_vs_NCI__Female__e4	NA	excitatory_set3	Exc L5/6 IT Car3	Excitatory_neurons	F_e4	Female	e4	AD_up_mito	up	estimable_validated	TRUE	4	4	0	4	954	testable_query	fine_deg_pathway_query_manifest_v1
189	excitatory_set3::Exc L5/6 IT Car3::AD_vs_NCI__Female__e4::AD_down_mito	excitatory_set3::Exc L5/6 IT Car3::AD_vs_NCI__Female__e4	63	excitatory_set3::Exc L5/6 IT Car3::AD_vs_NCI__Female__e4	NA	excitatory_set3	Exc L5/6 IT Car3	Excitatory_neurons	F_e4	Female	e4	AD_down_mito	down	estimable_validated	TRUE	107	107	0	107	954	testable_query	fine_deg_pathway_query_manifest_v1
190	excitatory_set3::Exc L5/6 IT Car3::AD_vs_NCI__Male__e2::AD_any_mito	excitatory_set3::Exc L5/6 IT Car3::AD_vs_NCI__Male__e2	64	excitatory_set3::Exc L5/6 IT Car3::AD_vs_NCI__Male__e2	NA	excitatory_set3	Exc L5/6 IT Car3	Excitatory_neurons	M_e2	Male	e2	AD_any_mito	any	estimable_validated	TRUE	118	118	0	118	944	testable_query	fine_deg_pathway_query_manifest_v1
191	excitatory_set3::Exc L5/6 IT Car3::AD_vs_NCI__Male__e2::AD_up_mito	excitatory_set3::Exc L5/6 IT Car3::AD_vs_NCI__Male__e2	64	excitatory_set3::Exc L5/6 IT Car3::AD_vs_NCI__Male__e2	NA	excitatory_set3	Exc L5/6 IT Car3	Excitatory_neurons	M_e2	Male	e2	AD_up_mito	up	estimable_validated	TRUE	78	78	0	78	944	testable_query	fine_deg_pathway_query_manifest_v1
192	excitatory_set3::Exc L5/6 IT Car3::AD_vs_NCI__Male__e2::AD_down_mito	excitatory_set3::Exc L5/6 IT Car3::AD_vs_NCI__Male__e2	64	excitatory_set3::Exc L5/6 IT Car3::AD_vs_NCI__Male__e2	NA	excitatory_set3	Exc L5/6 IT Car3	Excitatory_neurons	M_e2	Male	e2	AD_down_mito	down	estimable_validated	TRUE	40	40	0	40	944	testable_query	fine_deg_pathway_query_manifest_v1
193	excitatory_set3::Exc L5/6 IT Car3::AD_vs_NCI__Male__e33::AD_any_mito	excitatory_set3::Exc L5/6 IT Car3::AD_vs_NCI__Male__e33	65	excitatory_set3::Exc L5/6 IT Car3::AD_vs_NCI__Male__e33	NA	excitatory_set3	Exc L5/6 IT Car3	Excitatory_neurons	M_e33	Male	e33	AD_any_mito	any	estimable_validated	TRUE	39	39	0	39	907	testable_query	fine_deg_pathway_query_manifest_v1
194	excitatory_set3::Exc L5/6 IT Car3::AD_vs_NCI__Male__e33::AD_up_mito	excitatory_set3::Exc L5/6 IT Car3::AD_vs_NCI__Male__e33	65	excitatory_set3::Exc L5/6 IT Car3::AD_vs_NCI__Male__e33	NA	excitatory_set3	Exc L5/6 IT Car3	Excitatory_neurons	M_e33	Male	e33	AD_up_mito	up	estimable_validated	TRUE	16	16	0	16	907	testable_query	fine_deg_pathway_query_manifest_v1
195	excitatory_set3::Exc L5/6 IT Car3::AD_vs_NCI__Male__e33::AD_down_mito	excitatory_set3::Exc L5/6 IT Car3::AD_vs_NCI__Male__e33	65	excitatory_set3::Exc L5/6 IT Car3::AD_vs_NCI__Male__e33	NA	excitatory_set3	Exc L5/6 IT Car3	Excitatory_neurons	M_e33	Male	e33	AD_down_mito	down	estimable_validated	TRUE	23	23	0	23	907	testable_query	fine_deg_pathway_query_manifest_v1
196	excitatory_set3::Exc L5/6 IT Car3::AD_vs_NCI__Male__e4::AD_any_mito	excitatory_set3::Exc L5/6 IT Car3::AD_vs_NCI__Male__e4	66	excitatory_set3::Exc L5/6 IT Car3::AD_vs_NCI__Male__e4	NA	excitatory_set3	Exc L5/6 IT Car3	Excitatory_neurons	M_e4	Male	e4	AD_any_mito	any	estimable_validated	TRUE	21	21	0	21	935	testable_query	fine_deg_pathway_query_manifest_v1
197	excitatory_set3::Exc L5/6 IT Car3::AD_vs_NCI__Male__e4::AD_up_mito	excitatory_set3::Exc L5/6 IT Car3::AD_vs_NCI__Male__e4	66	excitatory_set3::Exc L5/6 IT Car3::AD_vs_NCI__Male__e4	NA	excitatory_set3	Exc L5/6 IT Car3	Excitatory_neurons	M_e4	Male	e4	AD_up_mito	up	estimable_validated	TRUE	13	13	0	13	935	testable_query	fine_deg_pathway_query_manifest_v1
198	excitatory_set3::Exc L5/6 IT Car3::AD_vs_NCI__Male__e4::AD_down_mito	excitatory_set3::Exc L5/6 IT Car3::AD_vs_NCI__Male__e4	66	excitatory_set3::Exc L5/6 IT Car3::AD_vs_NCI__Male__e4	NA	excitatory_set3	Exc L5/6 IT Car3	Excitatory_neurons	M_e4	Male	e4	AD_down_mito	down	estimable_validated	TRUE	8	8	0	8	935	testable_query	fine_deg_pathway_query_manifest_v1
199	excitatory_set3::Exc L5/6 NP::AD_vs_NCI__Female__e2::AD_any_mito	excitatory_set3::Exc L5/6 NP::AD_vs_NCI__Female__e2	67	excitatory_set3::Exc L5/6 NP::AD_vs_NCI__Female__e2	NA	excitatory_set3	Exc L5/6 NP	Excitatory_neurons	F_e2	Female	e2	AD_any_mito	any	estimable_validated	TRUE	24	24	0	24	892	testable_query	fine_deg_pathway_query_manifest_v1
200	excitatory_set3::Exc L5/6 NP::AD_vs_NCI__Female__e2::AD_up_mito	excitatory_set3::Exc L5/6 NP::AD_vs_NCI__Female__e2	67	excitatory_set3::Exc L5/6 NP::AD_vs_NCI__Female__e2	NA	excitatory_set3	Exc L5/6 NP	Excitatory_neurons	F_e2	Female	e2	AD_up_mito	up	estimable_validated	TRUE	22	22	0	22	892	testable_query	fine_deg_pathway_query_manifest_v1
201	excitatory_set3::Exc L5/6 NP::AD_vs_NCI__Female__e2::AD_down_mito	excitatory_set3::Exc L5/6 NP::AD_vs_NCI__Female__e2	67	excitatory_set3::Exc L5/6 NP::AD_vs_NCI__Female__e2	NA	excitatory_set3	Exc L5/6 NP	Excitatory_neurons	F_e2	Female	e2	AD_down_mito	down	estimable_validated	TRUE	2	2	0	2	892	query_below_minimum	fine_deg_pathway_query_manifest_v1
202	excitatory_set3::Exc L5/6 NP::AD_vs_NCI__Female__e33::AD_any_mito	excitatory_set3::Exc L5/6 NP::AD_vs_NCI__Female__e33	68	excitatory_set3::Exc L5/6 NP::AD_vs_NCI__Female__e33	NA	excitatory_set3	Exc L5/6 NP	Excitatory_neurons	F_e33	Female	e33	AD_any_mito	any	estimable_validated	TRUE	49	49	0	49	855	testable_query	fine_deg_pathway_query_manifest_v1
203	excitatory_set3::Exc L5/6 NP::AD_vs_NCI__Female__e33::AD_up_mito	excitatory_set3::Exc L5/6 NP::AD_vs_NCI__Female__e33	68	excitatory_set3::Exc L5/6 NP::AD_vs_NCI__Female__e33	NA	excitatory_set3	Exc L5/6 NP	Excitatory_neurons	F_e33	Female	e33	AD_up_mito	up	estimable_validated	TRUE	42	42	0	42	855	testable_query	fine_deg_pathway_query_manifest_v1
204	excitatory_set3::Exc L5/6 NP::AD_vs_NCI__Female__e33::AD_down_mito	excitatory_set3::Exc L5/6 NP::AD_vs_NCI__Female__e33	68	excitatory_set3::Exc L5/6 NP::AD_vs_NCI__Female__e33	NA	excitatory_set3	Exc L5/6 NP	Excitatory_neurons	F_e33	Female	e33	AD_down_mito	down	estimable_validated	TRUE	7	7	0	7	855	testable_query	fine_deg_pathway_query_manifest_v1
205	excitatory_set3::Exc L5/6 NP::AD_vs_NCI__Female__e4::AD_any_mito	excitatory_set3::Exc L5/6 NP::AD_vs_NCI__Female__e4	69	excitatory_set3::Exc L5/6 NP::AD_vs_NCI__Female__e4	NA	excitatory_set3	Exc L5/6 NP	Excitatory_neurons	F_e4	Female	e4	AD_any_mito	any	estimable_validated	TRUE	8	8	0	8	884	testable_query	fine_deg_pathway_query_manifest_v1
206	excitatory_set3::Exc L5/6 NP::AD_vs_NCI__Female__e4::AD_up_mito	excitatory_set3::Exc L5/6 NP::AD_vs_NCI__Female__e4	69	excitatory_set3::Exc L5/6 NP::AD_vs_NCI__Female__e4	NA	excitatory_set3	Exc L5/6 NP	Excitatory_neurons	F_e4	Female	e4	AD_up_mito	up	estimable_validated	TRUE	4	4	0	4	884	testable_query	fine_deg_pathway_query_manifest_v1
207	excitatory_set3::Exc L5/6 NP::AD_vs_NCI__Female__e4::AD_down_mito	excitatory_set3::Exc L5/6 NP::AD_vs_NCI__Female__e4	69	excitatory_set3::Exc L5/6 NP::AD_vs_NCI__Female__e4	NA	excitatory_set3	Exc L5/6 NP	Excitatory_neurons	F_e4	Female	e4	AD_down_mito	down	estimable_validated	TRUE	4	4	0	4	884	testable_query	fine_deg_pathway_query_manifest_v1
208	excitatory_set3::Exc L5/6 NP::AD_vs_NCI__Male__e2::AD_any_mito	excitatory_set3::Exc L5/6 NP::AD_vs_NCI__Male__e2	70	excitatory_set3::Exc L5/6 NP::AD_vs_NCI__Male__e2	NA	excitatory_set3	Exc L5/6 NP	Excitatory_neurons	M_e2	Male	e2	AD_any_mito	any	estimable_validated	TRUE	59	59	0	59	864	testable_query	fine_deg_pathway_query_manifest_v1
209	excitatory_set3::Exc L5/6 NP::AD_vs_NCI__Male__e2::AD_up_mito	excitatory_set3::Exc L5/6 NP::AD_vs_NCI__Male__e2	70	excitatory_set3::Exc L5/6 NP::AD_vs_NCI__Male__e2	NA	excitatory_set3	Exc L5/6 NP	Excitatory_neurons	M_e2	Male	e2	AD_up_mito	up	estimable_validated	TRUE	18	18	0	18	864	testable_query	fine_deg_pathway_query_manifest_v1
210	excitatory_set3::Exc L5/6 NP::AD_vs_NCI__Male__e2::AD_down_mito	excitatory_set3::Exc L5/6 NP::AD_vs_NCI__Male__e2	70	excitatory_set3::Exc L5/6 NP::AD_vs_NCI__Male__e2	NA	excitatory_set3	Exc L5/6 NP	Excitatory_neurons	M_e2	Male	e2	AD_down_mito	down	estimable_validated	TRUE	41	41	0	41	864	testable_query	fine_deg_pathway_query_manifest_v1
211	excitatory_set3::Exc L5/6 NP::AD_vs_NCI__Male__e33::AD_any_mito	excitatory_set3::Exc L5/6 NP::AD_vs_NCI__Male__e33	71	excitatory_set3::Exc L5/6 NP::AD_vs_NCI__Male__e33	NA	excitatory_set3	Exc L5/6 NP	Excitatory_neurons	M_e33	Male	e33	AD_any_mito	any	estimable_validated	TRUE	18	18	0	18	855	testable_query	fine_deg_pathway_query_manifest_v1
212	excitatory_set3::Exc L5/6 NP::AD_vs_NCI__Male__e33::AD_up_mito	excitatory_set3::Exc L5/6 NP::AD_vs_NCI__Male__e33	71	excitatory_set3::Exc L5/6 NP::AD_vs_NCI__Male__e33	NA	excitatory_set3	Exc L5/6 NP	Excitatory_neurons	M_e33	Male	e33	AD_up_mito	up	estimable_validated	TRUE	15	15	0	15	855	testable_query	fine_deg_pathway_query_manifest_v1
213	excitatory_set3::Exc L5/6 NP::AD_vs_NCI__Male__e33::AD_down_mito	excitatory_set3::Exc L5/6 NP::AD_vs_NCI__Male__e33	71	excitatory_set3::Exc L5/6 NP::AD_vs_NCI__Male__e33	NA	excitatory_set3	Exc L5/6 NP	Excitatory_neurons	M_e33	Male	e33	AD_down_mito	down	estimable_validated	TRUE	3	3	0	3	855	testable_query	fine_deg_pathway_query_manifest_v1
214	excitatory_set3::Exc L5/6 NP::AD_vs_NCI__Male__e4::AD_any_mito	excitatory_set3::Exc L5/6 NP::AD_vs_NCI__Male__e4	72	excitatory_set3::Exc L5/6 NP::AD_vs_NCI__Male__e4	NA	excitatory_set3	Exc L5/6 NP	Excitatory_neurons	M_e4	Male	e4	AD_any_mito	any	estimable_validated	TRUE	13	13	0	13	845	testable_query	fine_deg_pathway_query_manifest_v1
215	excitatory_set3::Exc L5/6 NP::AD_vs_NCI__Male__e4::AD_up_mito	excitatory_set3::Exc L5/6 NP::AD_vs_NCI__Male__e4	72	excitatory_set3::Exc L5/6 NP::AD_vs_NCI__Male__e4	NA	excitatory_set3	Exc L5/6 NP	Excitatory_neurons	M_e4	Male	e4	AD_up_mito	up	estimable_validated	TRUE	4	4	0	4	845	testable_query	fine_deg_pathway_query_manifest_v1
216	excitatory_set3::Exc L5/6 NP::AD_vs_NCI__Male__e4::AD_down_mito	excitatory_set3::Exc L5/6 NP::AD_vs_NCI__Male__e4	72	excitatory_set3::Exc L5/6 NP::AD_vs_NCI__Male__e4	NA	excitatory_set3	Exc L5/6 NP	Excitatory_neurons	M_e4	Male	e4	AD_down_mito	down	estimable_validated	TRUE	9	9	0	9	845	testable_query	fine_deg_pathway_query_manifest_v1
217	excitatory_set3::Exc L6 CT::AD_vs_NCI__Female__e2::AD_any_mito	excitatory_set3::Exc L6 CT::AD_vs_NCI__Female__e2	73	excitatory_set3::Exc L6 CT::AD_vs_NCI__Female__e2	NA	excitatory_set3	Exc L6 CT	Excitatory_neurons	F_e2	Female	e2	AD_any_mito	any	estimable_validated	TRUE	12	12	0	12	861	testable_query	fine_deg_pathway_query_manifest_v1
218	excitatory_set3::Exc L6 CT::AD_vs_NCI__Female__e2::AD_up_mito	excitatory_set3::Exc L6 CT::AD_vs_NCI__Female__e2	73	excitatory_set3::Exc L6 CT::AD_vs_NCI__Female__e2	NA	excitatory_set3	Exc L6 CT	Excitatory_neurons	F_e2	Female	e2	AD_up_mito	up	estimable_validated	TRUE	11	11	0	11	861	testable_query	fine_deg_pathway_query_manifest_v1
219	excitatory_set3::Exc L6 CT::AD_vs_NCI__Female__e2::AD_down_mito	excitatory_set3::Exc L6 CT::AD_vs_NCI__Female__e2	73	excitatory_set3::Exc L6 CT::AD_vs_NCI__Female__e2	NA	excitatory_set3	Exc L6 CT	Excitatory_neurons	F_e2	Female	e2	AD_down_mito	down	estimable_validated	TRUE	1	1	0	1	861	query_below_minimum	fine_deg_pathway_query_manifest_v1
220	excitatory_set3::Exc L6 CT::AD_vs_NCI__Female__e33::AD_any_mito	excitatory_set3::Exc L6 CT::AD_vs_NCI__Female__e33	74	excitatory_set3::Exc L6 CT::AD_vs_NCI__Female__e33	NA	excitatory_set3	Exc L6 CT	Excitatory_neurons	F_e33	Female	e33	AD_any_mito	any	estimable_validated	TRUE	64	64	0	64	861	testable_query	fine_deg_pathway_query_manifest_v1
221	excitatory_set3::Exc L6 CT::AD_vs_NCI__Female__e33::AD_up_mito	excitatory_set3::Exc L6 CT::AD_vs_NCI__Female__e33	74	excitatory_set3::Exc L6 CT::AD_vs_NCI__Female__e33	NA	excitatory_set3	Exc L6 CT	Excitatory_neurons	F_e33	Female	e33	AD_up_mito	up	estimable_validated	TRUE	54	54	0	54	861	testable_query	fine_deg_pathway_query_manifest_v1
222	excitatory_set3::Exc L6 CT::AD_vs_NCI__Female__e33::AD_down_mito	excitatory_set3::Exc L6 CT::AD_vs_NCI__Female__e33	74	excitatory_set3::Exc L6 CT::AD_vs_NCI__Female__e33	NA	excitatory_set3	Exc L6 CT	Excitatory_neurons	F_e33	Female	e33	AD_down_mito	down	estimable_validated	TRUE	10	10	0	10	861	testable_query	fine_deg_pathway_query_manifest_v1
223	excitatory_set3::Exc L6 CT::AD_vs_NCI__Female__e4::AD_any_mito	excitatory_set3::Exc L6 CT::AD_vs_NCI__Female__e4	75	excitatory_set3::Exc L6 CT::AD_vs_NCI__Female__e4	NA	excitatory_set3	Exc L6 CT	Excitatory_neurons	F_e4	Female	e4	AD_any_mito	any	estimable_validated	TRUE	29	29	0	29	886	testable_query	fine_deg_pathway_query_manifest_v1
224	excitatory_set3::Exc L6 CT::AD_vs_NCI__Female__e4::AD_up_mito	excitatory_set3::Exc L6 CT::AD_vs_NCI__Female__e4	75	excitatory_set3::Exc L6 CT::AD_vs_NCI__Female__e4	NA	excitatory_set3	Exc L6 CT	Excitatory_neurons	F_e4	Female	e4	AD_up_mito	up	estimable_validated	TRUE	3	3	0	3	886	testable_query	fine_deg_pathway_query_manifest_v1
225	excitatory_set3::Exc L6 CT::AD_vs_NCI__Female__e4::AD_down_mito	excitatory_set3::Exc L6 CT::AD_vs_NCI__Female__e4	75	excitatory_set3::Exc L6 CT::AD_vs_NCI__Female__e4	NA	excitatory_set3	Exc L6 CT	Excitatory_neurons	F_e4	Female	e4	AD_down_mito	down	estimable_validated	TRUE	26	26	0	26	886	testable_query	fine_deg_pathway_query_manifest_v1
226	excitatory_set3::Exc L6 CT::AD_vs_NCI__Male__e2::AD_any_mito	excitatory_set3::Exc L6 CT::AD_vs_NCI__Male__e2	76	excitatory_set3::Exc L6 CT::AD_vs_NCI__Male__e2	NA	excitatory_set3	Exc L6 CT	Excitatory_neurons	M_e2	Male	e2	AD_any_mito	any	estimable_validated	TRUE	88	88	0	88	857	testable_query	fine_deg_pathway_query_manifest_v1
227	excitatory_set3::Exc L6 CT::AD_vs_NCI__Male__e2::AD_up_mito	excitatory_set3::Exc L6 CT::AD_vs_NCI__Male__e2	76	excitatory_set3::Exc L6 CT::AD_vs_NCI__Male__e2	NA	excitatory_set3	Exc L6 CT	Excitatory_neurons	M_e2	Male	e2	AD_up_mito	up	estimable_validated	TRUE	42	42	0	42	857	testable_query	fine_deg_pathway_query_manifest_v1
228	excitatory_set3::Exc L6 CT::AD_vs_NCI__Male__e2::AD_down_mito	excitatory_set3::Exc L6 CT::AD_vs_NCI__Male__e2	76	excitatory_set3::Exc L6 CT::AD_vs_NCI__Male__e2	NA	excitatory_set3	Exc L6 CT	Excitatory_neurons	M_e2	Male	e2	AD_down_mito	down	estimable_validated	TRUE	46	46	0	46	857	testable_query	fine_deg_pathway_query_manifest_v1
229	excitatory_set3::Exc L6 CT::AD_vs_NCI__Male__e33::AD_any_mito	excitatory_set3::Exc L6 CT::AD_vs_NCI__Male__e33	77	excitatory_set3::Exc L6 CT::AD_vs_NCI__Male__e33	NA	excitatory_set3	Exc L6 CT	Excitatory_neurons	M_e33	Male	e33	AD_any_mito	any	estimable_validated	TRUE	38	38	0	38	833	testable_query	fine_deg_pathway_query_manifest_v1
230	excitatory_set3::Exc L6 CT::AD_vs_NCI__Male__e33::AD_up_mito	excitatory_set3::Exc L6 CT::AD_vs_NCI__Male__e33	77	excitatory_set3::Exc L6 CT::AD_vs_NCI__Male__e33	NA	excitatory_set3	Exc L6 CT	Excitatory_neurons	M_e33	Male	e33	AD_up_mito	up	estimable_validated	TRUE	32	32	0	32	833	testable_query	fine_deg_pathway_query_manifest_v1
231	excitatory_set3::Exc L6 CT::AD_vs_NCI__Male__e33::AD_down_mito	excitatory_set3::Exc L6 CT::AD_vs_NCI__Male__e33	77	excitatory_set3::Exc L6 CT::AD_vs_NCI__Male__e33	NA	excitatory_set3	Exc L6 CT	Excitatory_neurons	M_e33	Male	e33	AD_down_mito	down	estimable_validated	TRUE	6	6	0	6	833	testable_query	fine_deg_pathway_query_manifest_v1
232	excitatory_set3::Exc L6 CT::AD_vs_NCI__Male__e4::AD_any_mito	excitatory_set3::Exc L6 CT::AD_vs_NCI__Male__e4	78	excitatory_set3::Exc L6 CT::AD_vs_NCI__Male__e4	NA	excitatory_set3	Exc L6 CT	Excitatory_neurons	M_e4	Male	e4	AD_any_mito	any	estimable_validated	TRUE	26	26	0	26	872	testable_query	fine_deg_pathway_query_manifest_v1
233	excitatory_set3::Exc L6 CT::AD_vs_NCI__Male__e4::AD_up_mito	excitatory_set3::Exc L6 CT::AD_vs_NCI__Male__e4	78	excitatory_set3::Exc L6 CT::AD_vs_NCI__Male__e4	NA	excitatory_set3	Exc L6 CT	Excitatory_neurons	M_e4	Male	e4	AD_up_mito	up	estimable_validated	TRUE	14	14	0	14	872	testable_query	fine_deg_pathway_query_manifest_v1
234	excitatory_set3::Exc L6 CT::AD_vs_NCI__Male__e4::AD_down_mito	excitatory_set3::Exc L6 CT::AD_vs_NCI__Male__e4	78	excitatory_set3::Exc L6 CT::AD_vs_NCI__Male__e4	NA	excitatory_set3	Exc L6 CT	Excitatory_neurons	M_e4	Male	e4	AD_down_mito	down	estimable_validated	TRUE	12	12	0	12	872	testable_query	fine_deg_pathway_query_manifest_v1
235	excitatory_set3::Exc L6 THEMIS NFIA::AD_vs_NCI__Female__e2::AD_any_mito	excitatory_set3::Exc L6 THEMIS NFIA::AD_vs_NCI__Female__e2	79	excitatory_set3::Exc L6 THEMIS NFIA::AD_vs_NCI__Female__e2	NA	excitatory_set3	Exc L6 THEMIS NFIA	Excitatory_neurons	F_e2	Female	e2	AD_any_mito	any	estimable_validated	TRUE	139	139	0	139	954	testable_query	fine_deg_pathway_query_manifest_v1
236	excitatory_set3::Exc L6 THEMIS NFIA::AD_vs_NCI__Female__e2::AD_up_mito	excitatory_set3::Exc L6 THEMIS NFIA::AD_vs_NCI__Female__e2	79	excitatory_set3::Exc L6 THEMIS NFIA::AD_vs_NCI__Female__e2	NA	excitatory_set3	Exc L6 THEMIS NFIA	Excitatory_neurons	F_e2	Female	e2	AD_up_mito	up	estimable_validated	TRUE	131	131	0	131	954	testable_query	fine_deg_pathway_query_manifest_v1
237	excitatory_set3::Exc L6 THEMIS NFIA::AD_vs_NCI__Female__e2::AD_down_mito	excitatory_set3::Exc L6 THEMIS NFIA::AD_vs_NCI__Female__e2	79	excitatory_set3::Exc L6 THEMIS NFIA::AD_vs_NCI__Female__e2	NA	excitatory_set3	Exc L6 THEMIS NFIA	Excitatory_neurons	F_e2	Female	e2	AD_down_mito	down	estimable_validated	TRUE	8	8	0	8	954	testable_query	fine_deg_pathway_query_manifest_v1
238	excitatory_set3::Exc L6 THEMIS NFIA::AD_vs_NCI__Female__e33::AD_any_mito	excitatory_set3::Exc L6 THEMIS NFIA::AD_vs_NCI__Female__e33	80	excitatory_set3::Exc L6 THEMIS NFIA::AD_vs_NCI__Female__e33	NA	excitatory_set3	Exc L6 THEMIS NFIA	Excitatory_neurons	F_e33	Female	e33	AD_any_mito	any	estimable_validated	TRUE	26	26	0	26	936	testable_query	fine_deg_pathway_query_manifest_v1
239	excitatory_set3::Exc L6 THEMIS NFIA::AD_vs_NCI__Female__e33::AD_up_mito	excitatory_set3::Exc L6 THEMIS NFIA::AD_vs_NCI__Female__e33	80	excitatory_set3::Exc L6 THEMIS NFIA::AD_vs_NCI__Female__e33	NA	excitatory_set3	Exc L6 THEMIS NFIA	Excitatory_neurons	F_e33	Female	e33	AD_up_mito	up	estimable_validated	TRUE	20	20	0	20	936	testable_query	fine_deg_pathway_query_manifest_v1
240	excitatory_set3::Exc L6 THEMIS NFIA::AD_vs_NCI__Female__e33::AD_down_mito	excitatory_set3::Exc L6 THEMIS NFIA::AD_vs_NCI__Female__e33	80	excitatory_set3::Exc L6 THEMIS NFIA::AD_vs_NCI__Female__e33	NA	excitatory_set3	Exc L6 THEMIS NFIA	Excitatory_neurons	F_e33	Female	e33	AD_down_mito	down	estimable_validated	TRUE	6	6	0	6	936	testable_query	fine_deg_pathway_query_manifest_v1
241	excitatory_set3::Exc L6 THEMIS NFIA::AD_vs_NCI__Female__e4::AD_any_mito	excitatory_set3::Exc L6 THEMIS NFIA::AD_vs_NCI__Female__e4	81	excitatory_set3::Exc L6 THEMIS NFIA::AD_vs_NCI__Female__e4	NA	excitatory_set3	Exc L6 THEMIS NFIA	Excitatory_neurons	F_e4	Female	e4	AD_any_mito	any	estimable_validated	TRUE	35	35	0	35	956	testable_query	fine_deg_pathway_query_manifest_v1
242	excitatory_set3::Exc L6 THEMIS NFIA::AD_vs_NCI__Female__e4::AD_up_mito	excitatory_set3::Exc L6 THEMIS NFIA::AD_vs_NCI__Female__e4	81	excitatory_set3::Exc L6 THEMIS NFIA::AD_vs_NCI__Female__e4	NA	excitatory_set3	Exc L6 THEMIS NFIA	Excitatory_neurons	F_e4	Female	e4	AD_up_mito	up	estimable_validated	TRUE	3	3	0	3	956	testable_query	fine_deg_pathway_query_manifest_v1
243	excitatory_set3::Exc L6 THEMIS NFIA::AD_vs_NCI__Female__e4::AD_down_mito	excitatory_set3::Exc L6 THEMIS NFIA::AD_vs_NCI__Female__e4	81	excitatory_set3::Exc L6 THEMIS NFIA::AD_vs_NCI__Female__e4	NA	excitatory_set3	Exc L6 THEMIS NFIA	Excitatory_neurons	F_e4	Female	e4	AD_down_mito	down	estimable_validated	TRUE	32	32	0	32	956	testable_query	fine_deg_pathway_query_manifest_v1
244	excitatory_set3::Exc L6 THEMIS NFIA::AD_vs_NCI__Male__e2::AD_any_mito	excitatory_set3::Exc L6 THEMIS NFIA::AD_vs_NCI__Male__e2	82	excitatory_set3::Exc L6 THEMIS NFIA::AD_vs_NCI__Male__e2	NA	excitatory_set3	Exc L6 THEMIS NFIA	Excitatory_neurons	M_e2	Male	e2	AD_any_mito	any	estimable_validated	TRUE	152	152	0	152	948	testable_query	fine_deg_pathway_query_manifest_v1
245	excitatory_set3::Exc L6 THEMIS NFIA::AD_vs_NCI__Male__e2::AD_up_mito	excitatory_set3::Exc L6 THEMIS NFIA::AD_vs_NCI__Male__e2	82	excitatory_set3::Exc L6 THEMIS NFIA::AD_vs_NCI__Male__e2	NA	excitatory_set3	Exc L6 THEMIS NFIA	Excitatory_neurons	M_e2	Male	e2	AD_up_mito	up	estimable_validated	TRUE	137	137	0	137	948	testable_query	fine_deg_pathway_query_manifest_v1
246	excitatory_set3::Exc L6 THEMIS NFIA::AD_vs_NCI__Male__e2::AD_down_mito	excitatory_set3::Exc L6 THEMIS NFIA::AD_vs_NCI__Male__e2	82	excitatory_set3::Exc L6 THEMIS NFIA::AD_vs_NCI__Male__e2	NA	excitatory_set3	Exc L6 THEMIS NFIA	Excitatory_neurons	M_e2	Male	e2	AD_down_mito	down	estimable_validated	TRUE	15	15	0	15	948	testable_query	fine_deg_pathway_query_manifest_v1
247	excitatory_set3::Exc L6 THEMIS NFIA::AD_vs_NCI__Male__e33::AD_any_mito	excitatory_set3::Exc L6 THEMIS NFIA::AD_vs_NCI__Male__e33	83	excitatory_set3::Exc L6 THEMIS NFIA::AD_vs_NCI__Male__e33	NA	excitatory_set3	Exc L6 THEMIS NFIA	Excitatory_neurons	M_e33	Male	e33	AD_any_mito	any	estimable_validated	TRUE	3	3	0	3	919	testable_query	fine_deg_pathway_query_manifest_v1
248	excitatory_set3::Exc L6 THEMIS NFIA::AD_vs_NCI__Male__e33::AD_up_mito	excitatory_set3::Exc L6 THEMIS NFIA::AD_vs_NCI__Male__e33	83	excitatory_set3::Exc L6 THEMIS NFIA::AD_vs_NCI__Male__e33	NA	excitatory_set3	Exc L6 THEMIS NFIA	Excitatory_neurons	M_e33	Male	e33	AD_up_mito	up	estimable_validated	TRUE	2	2	0	2	919	query_below_minimum	fine_deg_pathway_query_manifest_v1
249	excitatory_set3::Exc L6 THEMIS NFIA::AD_vs_NCI__Male__e33::AD_down_mito	excitatory_set3::Exc L6 THEMIS NFIA::AD_vs_NCI__Male__e33	83	excitatory_set3::Exc L6 THEMIS NFIA::AD_vs_NCI__Male__e33	NA	excitatory_set3	Exc L6 THEMIS NFIA	Excitatory_neurons	M_e33	Male	e33	AD_down_mito	down	estimable_validated	TRUE	1	1	0	1	919	query_below_minimum	fine_deg_pathway_query_manifest_v1
250	excitatory_set3::Exc L6 THEMIS NFIA::AD_vs_NCI__Male__e4::AD_any_mito	excitatory_set3::Exc L6 THEMIS NFIA::AD_vs_NCI__Male__e4	84	excitatory_set3::Exc L6 THEMIS NFIA::AD_vs_NCI__Male__e4	NA	excitatory_set3	Exc L6 THEMIS NFIA	Excitatory_neurons	M_e4	Male	e4	AD_any_mito	any	estimable_validated	TRUE	39	39	0	39	939	testable_query	fine_deg_pathway_query_manifest_v1
251	excitatory_set3::Exc L6 THEMIS NFIA::AD_vs_NCI__Male__e4::AD_up_mito	excitatory_set3::Exc L6 THEMIS NFIA::AD_vs_NCI__Male__e4	84	excitatory_set3::Exc L6 THEMIS NFIA::AD_vs_NCI__Male__e4	NA	excitatory_set3	Exc L6 THEMIS NFIA	Excitatory_neurons	M_e4	Male	e4	AD_up_mito	up	estimable_validated	TRUE	30	30	0	30	939	testable_query	fine_deg_pathway_query_manifest_v1
252	excitatory_set3::Exc L6 THEMIS NFIA::AD_vs_NCI__Male__e4::AD_down_mito	excitatory_set3::Exc L6 THEMIS NFIA::AD_vs_NCI__Male__e4	84	excitatory_set3::Exc L6 THEMIS NFIA::AD_vs_NCI__Male__e4	NA	excitatory_set3	Exc L6 THEMIS NFIA	Excitatory_neurons	M_e4	Male	e4	AD_down_mito	down	estimable_validated	TRUE	9	9	0	9	939	testable_query	fine_deg_pathway_query_manifest_v1
253	excitatory_set3::Exc L6b::AD_vs_NCI__Female__e2::AD_any_mito	excitatory_set3::Exc L6b::AD_vs_NCI__Female__e2	85	excitatory_set3::Exc L6b::AD_vs_NCI__Female__e2	NA	excitatory_set3	Exc L6b	Excitatory_neurons	F_e2	Female	e2	AD_any_mito	any	estimable_validated	TRUE	18	18	0	18	954	testable_query	fine_deg_pathway_query_manifest_v1
254	excitatory_set3::Exc L6b::AD_vs_NCI__Female__e2::AD_up_mito	excitatory_set3::Exc L6b::AD_vs_NCI__Female__e2	85	excitatory_set3::Exc L6b::AD_vs_NCI__Female__e2	NA	excitatory_set3	Exc L6b	Excitatory_neurons	F_e2	Female	e2	AD_up_mito	up	estimable_validated	TRUE	11	11	0	11	954	testable_query	fine_deg_pathway_query_manifest_v1
255	excitatory_set3::Exc L6b::AD_vs_NCI__Female__e2::AD_down_mito	excitatory_set3::Exc L6b::AD_vs_NCI__Female__e2	85	excitatory_set3::Exc L6b::AD_vs_NCI__Female__e2	NA	excitatory_set3	Exc L6b	Excitatory_neurons	F_e2	Female	e2	AD_down_mito	down	estimable_validated	TRUE	7	7	0	7	954	testable_query	fine_deg_pathway_query_manifest_v1
256	excitatory_set3::Exc L6b::AD_vs_NCI__Female__e33::AD_any_mito	excitatory_set3::Exc L6b::AD_vs_NCI__Female__e33	86	excitatory_set3::Exc L6b::AD_vs_NCI__Female__e33	NA	excitatory_set3	Exc L6b	Excitatory_neurons	F_e33	Female	e33	AD_any_mito	any	estimable_validated	TRUE	56	56	0	56	928	testable_query	fine_deg_pathway_query_manifest_v1
257	excitatory_set3::Exc L6b::AD_vs_NCI__Female__e33::AD_up_mito	excitatory_set3::Exc L6b::AD_vs_NCI__Female__e33	86	excitatory_set3::Exc L6b::AD_vs_NCI__Female__e33	NA	excitatory_set3	Exc L6b	Excitatory_neurons	F_e33	Female	e33	AD_up_mito	up	estimable_validated	TRUE	44	44	0	44	928	testable_query	fine_deg_pathway_query_manifest_v1
258	excitatory_set3::Exc L6b::AD_vs_NCI__Female__e33::AD_down_mito	excitatory_set3::Exc L6b::AD_vs_NCI__Female__e33	86	excitatory_set3::Exc L6b::AD_vs_NCI__Female__e33	NA	excitatory_set3	Exc L6b	Excitatory_neurons	F_e33	Female	e33	AD_down_mito	down	estimable_validated	TRUE	12	12	0	12	928	testable_query	fine_deg_pathway_query_manifest_v1
259	excitatory_set3::Exc L6b::AD_vs_NCI__Female__e4::AD_any_mito	excitatory_set3::Exc L6b::AD_vs_NCI__Female__e4	87	excitatory_set3::Exc L6b::AD_vs_NCI__Female__e4	NA	excitatory_set3	Exc L6b	Excitatory_neurons	F_e4	Female	e4	AD_any_mito	any	estimable_validated	TRUE	58	58	0	58	949	testable_query	fine_deg_pathway_query_manifest_v1
260	excitatory_set3::Exc L6b::AD_vs_NCI__Female__e4::AD_up_mito	excitatory_set3::Exc L6b::AD_vs_NCI__Female__e4	87	excitatory_set3::Exc L6b::AD_vs_NCI__Female__e4	NA	excitatory_set3	Exc L6b	Excitatory_neurons	F_e4	Female	e4	AD_up_mito	up	estimable_validated	TRUE	2	2	0	2	949	query_below_minimum	fine_deg_pathway_query_manifest_v1
261	excitatory_set3::Exc L6b::AD_vs_NCI__Female__e4::AD_down_mito	excitatory_set3::Exc L6b::AD_vs_NCI__Female__e4	87	excitatory_set3::Exc L6b::AD_vs_NCI__Female__e4	NA	excitatory_set3	Exc L6b	Excitatory_neurons	F_e4	Female	e4	AD_down_mito	down	estimable_validated	TRUE	56	56	0	56	949	testable_query	fine_deg_pathway_query_manifest_v1
262	excitatory_set3::Exc L6b::AD_vs_NCI__Male__e2::AD_any_mito	excitatory_set3::Exc L6b::AD_vs_NCI__Male__e2	88	excitatory_set3::Exc L6b::AD_vs_NCI__Male__e2	NA	excitatory_set3	Exc L6b	Excitatory_neurons	M_e2	Male	e2	AD_any_mito	any	estimable_validated	TRUE	183	183	0	183	933	testable_query	fine_deg_pathway_query_manifest_v1
263	excitatory_set3::Exc L6b::AD_vs_NCI__Male__e2::AD_up_mito	excitatory_set3::Exc L6b::AD_vs_NCI__Male__e2	88	excitatory_set3::Exc L6b::AD_vs_NCI__Male__e2	NA	excitatory_set3	Exc L6b	Excitatory_neurons	M_e2	Male	e2	AD_up_mito	up	estimable_validated	TRUE	140	140	0	140	933	testable_query	fine_deg_pathway_query_manifest_v1
264	excitatory_set3::Exc L6b::AD_vs_NCI__Male__e2::AD_down_mito	excitatory_set3::Exc L6b::AD_vs_NCI__Male__e2	88	excitatory_set3::Exc L6b::AD_vs_NCI__Male__e2	NA	excitatory_set3	Exc L6b	Excitatory_neurons	M_e2	Male	e2	AD_down_mito	down	estimable_validated	TRUE	43	43	0	43	933	testable_query	fine_deg_pathway_query_manifest_v1
265	excitatory_set3::Exc L6b::AD_vs_NCI__Male__e33::AD_any_mito	excitatory_set3::Exc L6b::AD_vs_NCI__Male__e33	89	excitatory_set3::Exc L6b::AD_vs_NCI__Male__e33	NA	excitatory_set3	Exc L6b	Excitatory_neurons	M_e33	Male	e33	AD_any_mito	any	estimable_validated	TRUE	39	39	0	39	904	testable_query	fine_deg_pathway_query_manifest_v1
266	excitatory_set3::Exc L6b::AD_vs_NCI__Male__e33::AD_up_mito	excitatory_set3::Exc L6b::AD_vs_NCI__Male__e33	89	excitatory_set3::Exc L6b::AD_vs_NCI__Male__e33	NA	excitatory_set3	Exc L6b	Excitatory_neurons	M_e33	Male	e33	AD_up_mito	up	estimable_validated	TRUE	27	27	0	27	904	testable_query	fine_deg_pathway_query_manifest_v1
267	excitatory_set3::Exc L6b::AD_vs_NCI__Male__e33::AD_down_mito	excitatory_set3::Exc L6b::AD_vs_NCI__Male__e33	89	excitatory_set3::Exc L6b::AD_vs_NCI__Male__e33	NA	excitatory_set3	Exc L6b	Excitatory_neurons	M_e33	Male	e33	AD_down_mito	down	estimable_validated	TRUE	12	12	0	12	904	testable_query	fine_deg_pathway_query_manifest_v1
268	excitatory_set3::Exc L6b::AD_vs_NCI__Male__e4::AD_any_mito	excitatory_set3::Exc L6b::AD_vs_NCI__Male__e4	90	excitatory_set3::Exc L6b::AD_vs_NCI__Male__e4	NA	excitatory_set3	Exc L6b	Excitatory_neurons	M_e4	Male	e4	AD_any_mito	any	estimable_validated	TRUE	37	37	0	37	938	testable_query	fine_deg_pathway_query_manifest_v1
269	excitatory_set3::Exc L6b::AD_vs_NCI__Male__e4::AD_up_mito	excitatory_set3::Exc L6b::AD_vs_NCI__Male__e4	90	excitatory_set3::Exc L6b::AD_vs_NCI__Male__e4	NA	excitatory_set3	Exc L6b	Excitatory_neurons	M_e4	Male	e4	AD_up_mito	up	estimable_validated	TRUE	15	15	0	15	938	testable_query	fine_deg_pathway_query_manifest_v1
270	excitatory_set3::Exc L6b::AD_vs_NCI__Male__e4::AD_down_mito	excitatory_set3::Exc L6b::AD_vs_NCI__Male__e4	90	excitatory_set3::Exc L6b::AD_vs_NCI__Male__e4	NA	excitatory_set3	Exc L6b	Excitatory_neurons	M_e4	Male	e4	AD_down_mito	down	estimable_validated	TRUE	22	22	0	22	938	testable_query	fine_deg_pathway_query_manifest_v1
271	excitatory_set3::Exc NRGN::AD_vs_NCI__Female__e2::AD_any_mito	excitatory_set3::Exc NRGN::AD_vs_NCI__Female__e2	91	excitatory_set3::Exc NRGN::AD_vs_NCI__Female__e2	NA	excitatory_set3	Exc NRGN	Excitatory_neurons	F_e2	Female	e2	AD_any_mito	any	estimable_validated	TRUE	1	1	0	1	372	query_below_minimum	fine_deg_pathway_query_manifest_v1
272	excitatory_set3::Exc NRGN::AD_vs_NCI__Female__e2::AD_up_mito	excitatory_set3::Exc NRGN::AD_vs_NCI__Female__e2	91	excitatory_set3::Exc NRGN::AD_vs_NCI__Female__e2	NA	excitatory_set3	Exc NRGN	Excitatory_neurons	F_e2	Female	e2	AD_up_mito	up	estimable_validated	TRUE	0	0	0	0	372	empty_query	fine_deg_pathway_query_manifest_v1
273	excitatory_set3::Exc NRGN::AD_vs_NCI__Female__e2::AD_down_mito	excitatory_set3::Exc NRGN::AD_vs_NCI__Female__e2	91	excitatory_set3::Exc NRGN::AD_vs_NCI__Female__e2	NA	excitatory_set3	Exc NRGN	Excitatory_neurons	F_e2	Female	e2	AD_down_mito	down	estimable_validated	TRUE	1	1	0	1	372	query_below_minimum	fine_deg_pathway_query_manifest_v1
274	excitatory_set3::Exc NRGN::AD_vs_NCI__Female__e33::AD_any_mito	excitatory_set3::Exc NRGN::AD_vs_NCI__Female__e33	92	excitatory_set3::Exc NRGN::AD_vs_NCI__Female__e33	NA	excitatory_set3	Exc NRGN	Excitatory_neurons	F_e33	Female	e33	AD_any_mito	any	estimable_validated	TRUE	14	14	0	14	318	testable_query	fine_deg_pathway_query_manifest_v1
275	excitatory_set3::Exc NRGN::AD_vs_NCI__Female__e33::AD_up_mito	excitatory_set3::Exc NRGN::AD_vs_NCI__Female__e33	92	excitatory_set3::Exc NRGN::AD_vs_NCI__Female__e33	NA	excitatory_set3	Exc NRGN	Excitatory_neurons	F_e33	Female	e33	AD_up_mito	up	estimable_validated	TRUE	5	5	0	5	318	testable_query	fine_deg_pathway_query_manifest_v1
276	excitatory_set3::Exc NRGN::AD_vs_NCI__Female__e33::AD_down_mito	excitatory_set3::Exc NRGN::AD_vs_NCI__Female__e33	92	excitatory_set3::Exc NRGN::AD_vs_NCI__Female__e33	NA	excitatory_set3	Exc NRGN	Excitatory_neurons	F_e33	Female	e33	AD_down_mito	down	estimable_validated	TRUE	9	9	0	9	318	testable_query	fine_deg_pathway_query_manifest_v1
277	excitatory_set3::Exc NRGN::AD_vs_NCI__Female__e4::AD_any_mito	excitatory_set3::Exc NRGN::AD_vs_NCI__Female__e4	93	excitatory_set3::Exc NRGN::AD_vs_NCI__Female__e4	NA	excitatory_set3	Exc NRGN	Excitatory_neurons	F_e4	Female	e4	AD_any_mito	any	estimable_validated	TRUE	6	6	0	6	336	testable_query	fine_deg_pathway_query_manifest_v1
278	excitatory_set3::Exc NRGN::AD_vs_NCI__Female__e4::AD_up_mito	excitatory_set3::Exc NRGN::AD_vs_NCI__Female__e4	93	excitatory_set3::Exc NRGN::AD_vs_NCI__Female__e4	NA	excitatory_set3	Exc NRGN	Excitatory_neurons	F_e4	Female	e4	AD_up_mito	up	estimable_validated	TRUE	1	1	0	1	336	query_below_minimum	fine_deg_pathway_query_manifest_v1
279	excitatory_set3::Exc NRGN::AD_vs_NCI__Female__e4::AD_down_mito	excitatory_set3::Exc NRGN::AD_vs_NCI__Female__e4	93	excitatory_set3::Exc NRGN::AD_vs_NCI__Female__e4	NA	excitatory_set3	Exc NRGN	Excitatory_neurons	F_e4	Female	e4	AD_down_mito	down	estimable_validated	TRUE	5	5	0	5	336	testable_query	fine_deg_pathway_query_manifest_v1
280	excitatory_set3::Exc NRGN::AD_vs_NCI__Male__e2::AD_any_mito	excitatory_set3::Exc NRGN::AD_vs_NCI__Male__e2	94	excitatory_set3::Exc NRGN::AD_vs_NCI__Male__e2	NA	excitatory_set3	Exc NRGN	Excitatory_neurons	M_e2	Male	e2	AD_any_mito	any	estimable_validated	TRUE	181	181	0	181	361	testable_query	fine_deg_pathway_query_manifest_v1
281	excitatory_set3::Exc NRGN::AD_vs_NCI__Male__e2::AD_up_mito	excitatory_set3::Exc NRGN::AD_vs_NCI__Male__e2	94	excitatory_set3::Exc NRGN::AD_vs_NCI__Male__e2	NA	excitatory_set3	Exc NRGN	Excitatory_neurons	M_e2	Male	e2	AD_up_mito	up	estimable_validated	TRUE	107	107	0	107	361	testable_query	fine_deg_pathway_query_manifest_v1
282	excitatory_set3::Exc NRGN::AD_vs_NCI__Male__e2::AD_down_mito	excitatory_set3::Exc NRGN::AD_vs_NCI__Male__e2	94	excitatory_set3::Exc NRGN::AD_vs_NCI__Male__e2	NA	excitatory_set3	Exc NRGN	Excitatory_neurons	M_e2	Male	e2	AD_down_mito	down	estimable_validated	TRUE	74	74	0	74	361	testable_query	fine_deg_pathway_query_manifest_v1
283	excitatory_set3::Exc NRGN::AD_vs_NCI__Male__e33::AD_any_mito	excitatory_set3::Exc NRGN::AD_vs_NCI__Male__e33	95	excitatory_set3::Exc NRGN::AD_vs_NCI__Male__e33	NA	excitatory_set3	Exc NRGN	Excitatory_neurons	M_e33	Male	e33	AD_any_mito	any	estimable_validated	TRUE	204	204	0	204	299	testable_query	fine_deg_pathway_query_manifest_v1
284	excitatory_set3::Exc NRGN::AD_vs_NCI__Male__e33::AD_up_mito	excitatory_set3::Exc NRGN::AD_vs_NCI__Male__e33	95	excitatory_set3::Exc NRGN::AD_vs_NCI__Male__e33	NA	excitatory_set3	Exc NRGN	Excitatory_neurons	M_e33	Male	e33	AD_up_mito	up	estimable_validated	TRUE	46	46	0	46	299	testable_query	fine_deg_pathway_query_manifest_v1
285	excitatory_set3::Exc NRGN::AD_vs_NCI__Male__e33::AD_down_mito	excitatory_set3::Exc NRGN::AD_vs_NCI__Male__e33	95	excitatory_set3::Exc NRGN::AD_vs_NCI__Male__e33	NA	excitatory_set3	Exc NRGN	Excitatory_neurons	M_e33	Male	e33	AD_down_mito	down	estimable_validated	TRUE	158	158	0	158	299	testable_query	fine_deg_pathway_query_manifest_v1
286	excitatory_set3::Exc NRGN::AD_vs_NCI__Male__e4::AD_any_mito	excitatory_set3::Exc NRGN::AD_vs_NCI__Male__e4	96	excitatory_set3::Exc NRGN::AD_vs_NCI__Male__e4	NA	excitatory_set3	Exc NRGN	Excitatory_neurons	M_e4	Male	e4	AD_any_mito	any	estimable_validated	TRUE	115	115	0	115	469	testable_query	fine_deg_pathway_query_manifest_v1
287	excitatory_set3::Exc NRGN::AD_vs_NCI__Male__e4::AD_up_mito	excitatory_set3::Exc NRGN::AD_vs_NCI__Male__e4	96	excitatory_set3::Exc NRGN::AD_vs_NCI__Male__e4	NA	excitatory_set3	Exc NRGN	Excitatory_neurons	M_e4	Male	e4	AD_up_mito	up	estimable_validated	TRUE	33	33	0	33	469	testable_query	fine_deg_pathway_query_manifest_v1
288	excitatory_set3::Exc NRGN::AD_vs_NCI__Male__e4::AD_down_mito	excitatory_set3::Exc NRGN::AD_vs_NCI__Male__e4	96	excitatory_set3::Exc NRGN::AD_vs_NCI__Male__e4	NA	excitatory_set3	Exc NRGN	Excitatory_neurons	M_e4	Male	e4	AD_down_mito	down	estimable_validated	TRUE	82	82	0	82	469	testable_query	fine_deg_pathway_query_manifest_v1
289	excitatory_set3::Exc RELN CHD7::AD_vs_NCI__Female__e2::AD_any_mito	excitatory_set3::Exc RELN CHD7::AD_vs_NCI__Female__e2	97	excitatory_set3::Exc RELN CHD7::AD_vs_NCI__Female__e2	NA	excitatory_set3	Exc RELN CHD7	Excitatory_neurons	F_e2	Female	e2	AD_any_mito	any	estimable_validated	TRUE	28	28	0	28	723	testable_query	fine_deg_pathway_query_manifest_v1
290	excitatory_set3::Exc RELN CHD7::AD_vs_NCI__Female__e2::AD_up_mito	excitatory_set3::Exc RELN CHD7::AD_vs_NCI__Female__e2	97	excitatory_set3::Exc RELN CHD7::AD_vs_NCI__Female__e2	NA	excitatory_set3	Exc RELN CHD7	Excitatory_neurons	F_e2	Female	e2	AD_up_mito	up	estimable_validated	TRUE	20	20	0	20	723	testable_query	fine_deg_pathway_query_manifest_v1
291	excitatory_set3::Exc RELN CHD7::AD_vs_NCI__Female__e2::AD_down_mito	excitatory_set3::Exc RELN CHD7::AD_vs_NCI__Female__e2	97	excitatory_set3::Exc RELN CHD7::AD_vs_NCI__Female__e2	NA	excitatory_set3	Exc RELN CHD7	Excitatory_neurons	F_e2	Female	e2	AD_down_mito	down	estimable_validated	TRUE	8	8	0	8	723	testable_query	fine_deg_pathway_query_manifest_v1
292	excitatory_set3::Exc RELN CHD7::AD_vs_NCI__Female__e33::AD_any_mito	excitatory_set3::Exc RELN CHD7::AD_vs_NCI__Female__e33	98	excitatory_set3::Exc RELN CHD7::AD_vs_NCI__Female__e33	NA	excitatory_set3	Exc RELN CHD7	Excitatory_neurons	F_e33	Female	e33	AD_any_mito	any	estimable_validated	TRUE	117	117	0	117	545	testable_query	fine_deg_pathway_query_manifest_v1
293	excitatory_set3::Exc RELN CHD7::AD_vs_NCI__Female__e33::AD_up_mito	excitatory_set3::Exc RELN CHD7::AD_vs_NCI__Female__e33	98	excitatory_set3::Exc RELN CHD7::AD_vs_NCI__Female__e33	NA	excitatory_set3	Exc RELN CHD7	Excitatory_neurons	F_e33	Female	e33	AD_up_mito	up	estimable_validated	TRUE	56	56	0	56	545	testable_query	fine_deg_pathway_query_manifest_v1
294	excitatory_set3::Exc RELN CHD7::AD_vs_NCI__Female__e33::AD_down_mito	excitatory_set3::Exc RELN CHD7::AD_vs_NCI__Female__e33	98	excitatory_set3::Exc RELN CHD7::AD_vs_NCI__Female__e33	NA	excitatory_set3	Exc RELN CHD7	Excitatory_neurons	F_e33	Female	e33	AD_down_mito	down	estimable_validated	TRUE	61	61	0	61	545	testable_query	fine_deg_pathway_query_manifest_v1
295	excitatory_set3::Exc RELN CHD7::AD_vs_NCI__Female__e4::AD_any_mito	excitatory_set3::Exc RELN CHD7::AD_vs_NCI__Female__e4	99	excitatory_set3::Exc RELN CHD7::AD_vs_NCI__Female__e4	NA	excitatory_set3	Exc RELN CHD7	Excitatory_neurons	F_e4	Female	e4	AD_any_mito	any	estimable_validated	TRUE	210	210	0	210	676	testable_query	fine_deg_pathway_query_manifest_v1
296	excitatory_set3::Exc RELN CHD7::AD_vs_NCI__Female__e4::AD_up_mito	excitatory_set3::Exc RELN CHD7::AD_vs_NCI__Female__e4	99	excitatory_set3::Exc RELN CHD7::AD_vs_NCI__Female__e4	NA	excitatory_set3	Exc RELN CHD7	Excitatory_neurons	F_e4	Female	e4	AD_up_mito	up	estimable_validated	TRUE	70	70	0	70	676	testable_query	fine_deg_pathway_query_manifest_v1
297	excitatory_set3::Exc RELN CHD7::AD_vs_NCI__Female__e4::AD_down_mito	excitatory_set3::Exc RELN CHD7::AD_vs_NCI__Female__e4	99	excitatory_set3::Exc RELN CHD7::AD_vs_NCI__Female__e4	NA	excitatory_set3	Exc RELN CHD7	Excitatory_neurons	F_e4	Female	e4	AD_down_mito	down	estimable_validated	TRUE	140	140	0	140	676	testable_query	fine_deg_pathway_query_manifest_v1
298	excitatory_set3::Exc RELN CHD7::AD_vs_NCI__Male__e2::AD_any_mito	excitatory_set3::Exc RELN CHD7::AD_vs_NCI__Male__e2	100	excitatory_set3::Exc RELN CHD7::AD_vs_NCI__Male__e2	NA	excitatory_set3	Exc RELN CHD7	Excitatory_neurons	M_e2	Male	e2	AD_any_mito	any	estimable_validated	TRUE	69	69	0	69	557	testable_query	fine_deg_pathway_query_manifest_v1
299	excitatory_set3::Exc RELN CHD7::AD_vs_NCI__Male__e2::AD_up_mito	excitatory_set3::Exc RELN CHD7::AD_vs_NCI__Male__e2	100	excitatory_set3::Exc RELN CHD7::AD_vs_NCI__Male__e2	NA	excitatory_set3	Exc RELN CHD7	Excitatory_neurons	M_e2	Male	e2	AD_up_mito	up	estimable_validated	TRUE	28	28	0	28	557	testable_query	fine_deg_pathway_query_manifest_v1
300	excitatory_set3::Exc RELN CHD7::AD_vs_NCI__Male__e2::AD_down_mito	excitatory_set3::Exc RELN CHD7::AD_vs_NCI__Male__e2	100	excitatory_set3::Exc RELN CHD7::AD_vs_NCI__Male__e2	NA	excitatory_set3	Exc RELN CHD7	Excitatory_neurons	M_e2	Male	e2	AD_down_mito	down	estimable_validated	TRUE	41	41	0	41	557	testable_query	fine_deg_pathway_query_manifest_v1
301	excitatory_set3::Exc RELN CHD7::AD_vs_NCI__Male__e33::AD_any_mito	excitatory_set3::Exc RELN CHD7::AD_vs_NCI__Male__e33	101	excitatory_set3::Exc RELN CHD7::AD_vs_NCI__Male__e33	NA	excitatory_set3	Exc RELN CHD7	Excitatory_neurons	M_e33	Male	e33	AD_any_mito	any	estimable_validated	TRUE	67	67	0	67	339	testable_query	fine_deg_pathway_query_manifest_v1
302	excitatory_set3::Exc RELN CHD7::AD_vs_NCI__Male__e33::AD_up_mito	excitatory_set3::Exc RELN CHD7::AD_vs_NCI__Male__e33	101	excitatory_set3::Exc RELN CHD7::AD_vs_NCI__Male__e33	NA	excitatory_set3	Exc RELN CHD7	Excitatory_neurons	M_e33	Male	e33	AD_up_mito	up	estimable_validated	TRUE	13	13	0	13	339	testable_query	fine_deg_pathway_query_manifest_v1
303	excitatory_set3::Exc RELN CHD7::AD_vs_NCI__Male__e33::AD_down_mito	excitatory_set3::Exc RELN CHD7::AD_vs_NCI__Male__e33	101	excitatory_set3::Exc RELN CHD7::AD_vs_NCI__Male__e33	NA	excitatory_set3	Exc RELN CHD7	Excitatory_neurons	M_e33	Male	e33	AD_down_mito	down	estimable_validated	TRUE	54	54	0	54	339	testable_query	fine_deg_pathway_query_manifest_v1
304	excitatory_set3::Exc RELN CHD7::AD_vs_NCI__Male__e4::AD_any_mito	excitatory_set3::Exc RELN CHD7::AD_vs_NCI__Male__e4	102	excitatory_set3::Exc RELN CHD7::AD_vs_NCI__Male__e4	NA	excitatory_set3	Exc RELN CHD7	Excitatory_neurons	M_e4	Male	e4	AD_any_mito	any	estimable_validated	TRUE	219	219	0	219	497	testable_query	fine_deg_pathway_query_manifest_v1
305	excitatory_set3::Exc RELN CHD7::AD_vs_NCI__Male__e4::AD_up_mito	excitatory_set3::Exc RELN CHD7::AD_vs_NCI__Male__e4	102	excitatory_set3::Exc RELN CHD7::AD_vs_NCI__Male__e4	NA	excitatory_set3	Exc RELN CHD7	Excitatory_neurons	M_e4	Male	e4	AD_up_mito	up	estimable_validated	TRUE	142	142	0	142	497	testable_query	fine_deg_pathway_query_manifest_v1
306	excitatory_set3::Exc RELN CHD7::AD_vs_NCI__Male__e4::AD_down_mito	excitatory_set3::Exc RELN CHD7::AD_vs_NCI__Male__e4	102	excitatory_set3::Exc RELN CHD7::AD_vs_NCI__Male__e4	NA	excitatory_set3	Exc RELN CHD7	Excitatory_neurons	M_e4	Male	e4	AD_down_mito	down	estimable_validated	TRUE	77	77	0	77	497	testable_query	fine_deg_pathway_query_manifest_v1
307	immune::CAMs::AD_vs_NCI__Female__e2::AD_any_mito	immune::CAMs::AD_vs_NCI__Female__e2	103	immune::CAMs::AD_vs_NCI__Female__e2	NA	immune	CAMs	CAMs	F_e2	Female	e2	AD_any_mito	any	estimable_validated	TRUE	0	0	0	0	244	empty_query	fine_deg_pathway_query_manifest_v1
308	immune::CAMs::AD_vs_NCI__Female__e2::AD_up_mito	immune::CAMs::AD_vs_NCI__Female__e2	103	immune::CAMs::AD_vs_NCI__Female__e2	NA	immune	CAMs	CAMs	F_e2	Female	e2	AD_up_mito	up	estimable_validated	TRUE	0	0	0	0	244	empty_query	fine_deg_pathway_query_manifest_v1
309	immune::CAMs::AD_vs_NCI__Female__e2::AD_down_mito	immune::CAMs::AD_vs_NCI__Female__e2	103	immune::CAMs::AD_vs_NCI__Female__e2	NA	immune	CAMs	CAMs	F_e2	Female	e2	AD_down_mito	down	estimable_validated	TRUE	0	0	0	0	244	empty_query	fine_deg_pathway_query_manifest_v1
310	immune::CAMs::AD_vs_NCI__Female__e33::AD_any_mito	immune::CAMs::AD_vs_NCI__Female__e33	104	immune::CAMs::AD_vs_NCI__Female__e33	NA	immune	CAMs	CAMs	F_e33	Female	e33	AD_any_mito	any	estimable_validated	TRUE	0	0	0	0	263	empty_query	fine_deg_pathway_query_manifest_v1
311	immune::CAMs::AD_vs_NCI__Female__e33::AD_up_mito	immune::CAMs::AD_vs_NCI__Female__e33	104	immune::CAMs::AD_vs_NCI__Female__e33	NA	immune	CAMs	CAMs	F_e33	Female	e33	AD_up_mito	up	estimable_validated	TRUE	0	0	0	0	263	empty_query	fine_deg_pathway_query_manifest_v1
312	immune::CAMs::AD_vs_NCI__Female__e33::AD_down_mito	immune::CAMs::AD_vs_NCI__Female__e33	104	immune::CAMs::AD_vs_NCI__Female__e33	NA	immune	CAMs	CAMs	F_e33	Female	e33	AD_down_mito	down	estimable_validated	TRUE	0	0	0	0	263	empty_query	fine_deg_pathway_query_manifest_v1
313	immune::CAMs::AD_vs_NCI__Female__e4::AD_any_mito	immune::CAMs::AD_vs_NCI__Female__e4	105	immune::CAMs::AD_vs_NCI__Female__e4	NA	immune	CAMs	CAMs	F_e4	Female	e4	AD_any_mito	any	estimable_validated	TRUE	0	0	0	0	250	empty_query	fine_deg_pathway_query_manifest_v1
314	immune::CAMs::AD_vs_NCI__Female__e4::AD_up_mito	immune::CAMs::AD_vs_NCI__Female__e4	105	immune::CAMs::AD_vs_NCI__Female__e4	NA	immune	CAMs	CAMs	F_e4	Female	e4	AD_up_mito	up	estimable_validated	TRUE	0	0	0	0	250	empty_query	fine_deg_pathway_query_manifest_v1
315	immune::CAMs::AD_vs_NCI__Female__e4::AD_down_mito	immune::CAMs::AD_vs_NCI__Female__e4	105	immune::CAMs::AD_vs_NCI__Female__e4	NA	immune	CAMs	CAMs	F_e4	Female	e4	AD_down_mito	down	estimable_validated	TRUE	0	0	0	0	250	empty_query	fine_deg_pathway_query_manifest_v1
316	immune::CAMs::AD_vs_NCI__Male__e2::AD_any_mito	immune::CAMs::AD_vs_NCI__Male__e2	106	immune::CAMs::AD_vs_NCI__Male__e2	NA	immune	CAMs	CAMs	M_e2	Male	e2	AD_any_mito	any	not_estimable	FALSE	0	0	0	0	0	contrast_not_estimable	fine_deg_pathway_query_manifest_v1
317	immune::CAMs::AD_vs_NCI__Male__e2::AD_up_mito	immune::CAMs::AD_vs_NCI__Male__e2	106	immune::CAMs::AD_vs_NCI__Male__e2	NA	immune	CAMs	CAMs	M_e2	Male	e2	AD_up_mito	up	not_estimable	FALSE	0	0	0	0	0	contrast_not_estimable	fine_deg_pathway_query_manifest_v1
318	immune::CAMs::AD_vs_NCI__Male__e2::AD_down_mito	immune::CAMs::AD_vs_NCI__Male__e2	106	immune::CAMs::AD_vs_NCI__Male__e2	NA	immune	CAMs	CAMs	M_e2	Male	e2	AD_down_mito	down	not_estimable	FALSE	0	0	0	0	0	contrast_not_estimable	fine_deg_pathway_query_manifest_v1
319	immune::CAMs::AD_vs_NCI__Male__e33::AD_any_mito	immune::CAMs::AD_vs_NCI__Male__e33	107	immune::CAMs::AD_vs_NCI__Male__e33	NA	immune	CAMs	CAMs	M_e33	Male	e33	AD_any_mito	any	estimable_validated	TRUE	0	0	0	0	236	empty_query	fine_deg_pathway_query_manifest_v1
320	immune::CAMs::AD_vs_NCI__Male__e33::AD_up_mito	immune::CAMs::AD_vs_NCI__Male__e33	107	immune::CAMs::AD_vs_NCI__Male__e33	NA	immune	CAMs	CAMs	M_e33	Male	e33	AD_up_mito	up	estimable_validated	TRUE	0	0	0	0	236	empty_query	fine_deg_pathway_query_manifest_v1
321	immune::CAMs::AD_vs_NCI__Male__e33::AD_down_mito	immune::CAMs::AD_vs_NCI__Male__e33	107	immune::CAMs::AD_vs_NCI__Male__e33	NA	immune	CAMs	CAMs	M_e33	Male	e33	AD_down_mito	down	estimable_validated	TRUE	0	0	0	0	236	empty_query	fine_deg_pathway_query_manifest_v1
322	immune::CAMs::AD_vs_NCI__Male__e4::AD_any_mito	immune::CAMs::AD_vs_NCI__Male__e4	108	immune::CAMs::AD_vs_NCI__Male__e4	NA	immune	CAMs	CAMs	M_e4	Male	e4	AD_any_mito	any	estimable_validated	TRUE	0	0	0	0	269	empty_query	fine_deg_pathway_query_manifest_v1
323	immune::CAMs::AD_vs_NCI__Male__e4::AD_up_mito	immune::CAMs::AD_vs_NCI__Male__e4	108	immune::CAMs::AD_vs_NCI__Male__e4	NA	immune	CAMs	CAMs	M_e4	Male	e4	AD_up_mito	up	estimable_validated	TRUE	0	0	0	0	269	empty_query	fine_deg_pathway_query_manifest_v1
324	immune::CAMs::AD_vs_NCI__Male__e4::AD_down_mito	immune::CAMs::AD_vs_NCI__Male__e4	108	immune::CAMs::AD_vs_NCI__Male__e4	NA	immune	CAMs	CAMs	M_e4	Male	e4	AD_down_mito	down	estimable_validated	TRUE	0	0	0	0	269	empty_query	fine_deg_pathway_query_manifest_v1
325	immune::Mic MKI67::AD_vs_NCI__Female__e2::AD_any_mito	immune::Mic MKI67::AD_vs_NCI__Female__e2	109	immune::Mic MKI67::AD_vs_NCI__Female__e2	NA	immune	Mic MKI67	Microglia	F_e2	Female	e2	AD_any_mito	any	estimable_validated	TRUE	0	0	0	0	700	empty_query	fine_deg_pathway_query_manifest_v1
326	immune::Mic MKI67::AD_vs_NCI__Female__e2::AD_up_mito	immune::Mic MKI67::AD_vs_NCI__Female__e2	109	immune::Mic MKI67::AD_vs_NCI__Female__e2	NA	immune	Mic MKI67	Microglia	F_e2	Female	e2	AD_up_mito	up	estimable_validated	TRUE	0	0	0	0	700	empty_query	fine_deg_pathway_query_manifest_v1
327	immune::Mic MKI67::AD_vs_NCI__Female__e2::AD_down_mito	immune::Mic MKI67::AD_vs_NCI__Female__e2	109	immune::Mic MKI67::AD_vs_NCI__Female__e2	NA	immune	Mic MKI67	Microglia	F_e2	Female	e2	AD_down_mito	down	estimable_validated	TRUE	0	0	0	0	700	empty_query	fine_deg_pathway_query_manifest_v1
328	immune::Mic MKI67::AD_vs_NCI__Female__e33::AD_any_mito	immune::Mic MKI67::AD_vs_NCI__Female__e33	110	immune::Mic MKI67::AD_vs_NCI__Female__e33	NA	immune	Mic MKI67	Microglia	F_e33	Female	e33	AD_any_mito	any	estimable_validated	TRUE	0	0	0	0	636	empty_query	fine_deg_pathway_query_manifest_v1
329	immune::Mic MKI67::AD_vs_NCI__Female__e33::AD_up_mito	immune::Mic MKI67::AD_vs_NCI__Female__e33	110	immune::Mic MKI67::AD_vs_NCI__Female__e33	NA	immune	Mic MKI67	Microglia	F_e33	Female	e33	AD_up_mito	up	estimable_validated	TRUE	0	0	0	0	636	empty_query	fine_deg_pathway_query_manifest_v1
330	immune::Mic MKI67::AD_vs_NCI__Female__e33::AD_down_mito	immune::Mic MKI67::AD_vs_NCI__Female__e33	110	immune::Mic MKI67::AD_vs_NCI__Female__e33	NA	immune	Mic MKI67	Microglia	F_e33	Female	e33	AD_down_mito	down	estimable_validated	TRUE	0	0	0	0	636	empty_query	fine_deg_pathway_query_manifest_v1
331	immune::Mic MKI67::AD_vs_NCI__Female__e4::AD_any_mito	immune::Mic MKI67::AD_vs_NCI__Female__e4	111	immune::Mic MKI67::AD_vs_NCI__Female__e4	NA	immune	Mic MKI67	Microglia	F_e4	Female	e4	AD_any_mito	any	estimable_validated	TRUE	1	1	0	1	573	query_below_minimum	fine_deg_pathway_query_manifest_v1
332	immune::Mic MKI67::AD_vs_NCI__Female__e4::AD_up_mito	immune::Mic MKI67::AD_vs_NCI__Female__e4	111	immune::Mic MKI67::AD_vs_NCI__Female__e4	NA	immune	Mic MKI67	Microglia	F_e4	Female	e4	AD_up_mito	up	estimable_validated	TRUE	0	0	0	0	573	empty_query	fine_deg_pathway_query_manifest_v1
333	immune::Mic MKI67::AD_vs_NCI__Female__e4::AD_down_mito	immune::Mic MKI67::AD_vs_NCI__Female__e4	111	immune::Mic MKI67::AD_vs_NCI__Female__e4	NA	immune	Mic MKI67	Microglia	F_e4	Female	e4	AD_down_mito	down	estimable_validated	TRUE	1	1	0	1	573	query_below_minimum	fine_deg_pathway_query_manifest_v1
334	immune::Mic MKI67::AD_vs_NCI__Male__e2::AD_any_mito	immune::Mic MKI67::AD_vs_NCI__Male__e2	112	immune::Mic MKI67::AD_vs_NCI__Male__e2	NA	immune	Mic MKI67	Microglia	M_e2	Male	e2	AD_any_mito	any	not_estimable	FALSE	0	0	0	0	0	contrast_not_estimable	fine_deg_pathway_query_manifest_v1
335	immune::Mic MKI67::AD_vs_NCI__Male__e2::AD_up_mito	immune::Mic MKI67::AD_vs_NCI__Male__e2	112	immune::Mic MKI67::AD_vs_NCI__Male__e2	NA	immune	Mic MKI67	Microglia	M_e2	Male	e2	AD_up_mito	up	not_estimable	FALSE	0	0	0	0	0	contrast_not_estimable	fine_deg_pathway_query_manifest_v1
336	immune::Mic MKI67::AD_vs_NCI__Male__e2::AD_down_mito	immune::Mic MKI67::AD_vs_NCI__Male__e2	112	immune::Mic MKI67::AD_vs_NCI__Male__e2	NA	immune	Mic MKI67	Microglia	M_e2	Male	e2	AD_down_mito	down	not_estimable	FALSE	0	0	0	0	0	contrast_not_estimable	fine_deg_pathway_query_manifest_v1
337	immune::Mic MKI67::AD_vs_NCI__Male__e33::AD_any_mito	immune::Mic MKI67::AD_vs_NCI__Male__e33	113	immune::Mic MKI67::AD_vs_NCI__Male__e33	NA	immune	Mic MKI67	Microglia	M_e33	Male	e33	AD_any_mito	any	estimable_validated	TRUE	0	0	0	0	506	empty_query	fine_deg_pathway_query_manifest_v1
338	immune::Mic MKI67::AD_vs_NCI__Male__e33::AD_up_mito	immune::Mic MKI67::AD_vs_NCI__Male__e33	113	immune::Mic MKI67::AD_vs_NCI__Male__e33	NA	immune	Mic MKI67	Microglia	M_e33	Male	e33	AD_up_mito	up	estimable_validated	TRUE	0	0	0	0	506	empty_query	fine_deg_pathway_query_manifest_v1
339	immune::Mic MKI67::AD_vs_NCI__Male__e33::AD_down_mito	immune::Mic MKI67::AD_vs_NCI__Male__e33	113	immune::Mic MKI67::AD_vs_NCI__Male__e33	NA	immune	Mic MKI67	Microglia	M_e33	Male	e33	AD_down_mito	down	estimable_validated	TRUE	0	0	0	0	506	empty_query	fine_deg_pathway_query_manifest_v1
340	immune::Mic MKI67::AD_vs_NCI__Male__e4::AD_any_mito	immune::Mic MKI67::AD_vs_NCI__Male__e4	114	immune::Mic MKI67::AD_vs_NCI__Male__e4	NA	immune	Mic MKI67	Microglia	M_e4	Male	e4	AD_any_mito	any	estimable_validated	TRUE	0	0	0	0	622	empty_query	fine_deg_pathway_query_manifest_v1
341	immune::Mic MKI67::AD_vs_NCI__Male__e4::AD_up_mito	immune::Mic MKI67::AD_vs_NCI__Male__e4	114	immune::Mic MKI67::AD_vs_NCI__Male__e4	NA	immune	Mic MKI67	Microglia	M_e4	Male	e4	AD_up_mito	up	estimable_validated	TRUE	0	0	0	0	622	empty_query	fine_deg_pathway_query_manifest_v1
342	immune::Mic MKI67::AD_vs_NCI__Male__e4::AD_down_mito	immune::Mic MKI67::AD_vs_NCI__Male__e4	114	immune::Mic MKI67::AD_vs_NCI__Male__e4	NA	immune	Mic MKI67	Microglia	M_e4	Male	e4	AD_down_mito	down	estimable_validated	TRUE	0	0	0	0	622	empty_query	fine_deg_pathway_query_manifest_v1
343	immune::Mic P2RY12::AD_vs_NCI__Female__e2::AD_any_mito	immune::Mic P2RY12::AD_vs_NCI__Female__e2	115	immune::Mic P2RY12::AD_vs_NCI__Female__e2	NA	immune	Mic P2RY12	Microglia	F_e2	Female	e2	AD_any_mito	any	estimable_validated	TRUE	25	25	0	25	286	testable_query	fine_deg_pathway_query_manifest_v1
344	immune::Mic P2RY12::AD_vs_NCI__Female__e2::AD_up_mito	immune::Mic P2RY12::AD_vs_NCI__Female__e2	115	immune::Mic P2RY12::AD_vs_NCI__Female__e2	NA	immune	Mic P2RY12	Microglia	F_e2	Female	e2	AD_up_mito	up	estimable_validated	TRUE	5	5	0	5	286	testable_query	fine_deg_pathway_query_manifest_v1
345	immune::Mic P2RY12::AD_vs_NCI__Female__e2::AD_down_mito	immune::Mic P2RY12::AD_vs_NCI__Female__e2	115	immune::Mic P2RY12::AD_vs_NCI__Female__e2	NA	immune	Mic P2RY12	Microglia	F_e2	Female	e2	AD_down_mito	down	estimable_validated	TRUE	20	20	0	20	286	testable_query	fine_deg_pathway_query_manifest_v1
346	immune::Mic P2RY12::AD_vs_NCI__Female__e33::AD_any_mito	immune::Mic P2RY12::AD_vs_NCI__Female__e33	116	immune::Mic P2RY12::AD_vs_NCI__Female__e33	NA	immune	Mic P2RY12	Microglia	F_e33	Female	e33	AD_any_mito	any	estimable_validated	TRUE	3	3	0	3	327	testable_query	fine_deg_pathway_query_manifest_v1
347	immune::Mic P2RY12::AD_vs_NCI__Female__e33::AD_up_mito	immune::Mic P2RY12::AD_vs_NCI__Female__e33	116	immune::Mic P2RY12::AD_vs_NCI__Female__e33	NA	immune	Mic P2RY12	Microglia	F_e33	Female	e33	AD_up_mito	up	estimable_validated	TRUE	3	3	0	3	327	testable_query	fine_deg_pathway_query_manifest_v1
348	immune::Mic P2RY12::AD_vs_NCI__Female__e33::AD_down_mito	immune::Mic P2RY12::AD_vs_NCI__Female__e33	116	immune::Mic P2RY12::AD_vs_NCI__Female__e33	NA	immune	Mic P2RY12	Microglia	F_e33	Female	e33	AD_down_mito	down	estimable_validated	TRUE	0	0	0	0	327	empty_query	fine_deg_pathway_query_manifest_v1
349	immune::Mic P2RY12::AD_vs_NCI__Female__e4::AD_any_mito	immune::Mic P2RY12::AD_vs_NCI__Female__e4	117	immune::Mic P2RY12::AD_vs_NCI__Female__e4	NA	immune	Mic P2RY12	Microglia	F_e4	Female	e4	AD_any_mito	any	estimable_validated	TRUE	19	19	0	19	349	testable_query	fine_deg_pathway_query_manifest_v1
350	immune::Mic P2RY12::AD_vs_NCI__Female__e4::AD_up_mito	immune::Mic P2RY12::AD_vs_NCI__Female__e4	117	immune::Mic P2RY12::AD_vs_NCI__Female__e4	NA	immune	Mic P2RY12	Microglia	F_e4	Female	e4	AD_up_mito	up	estimable_validated	TRUE	8	8	0	8	349	testable_query	fine_deg_pathway_query_manifest_v1
351	immune::Mic P2RY12::AD_vs_NCI__Female__e4::AD_down_mito	immune::Mic P2RY12::AD_vs_NCI__Female__e4	117	immune::Mic P2RY12::AD_vs_NCI__Female__e4	NA	immune	Mic P2RY12	Microglia	F_e4	Female	e4	AD_down_mito	down	estimable_validated	TRUE	11	11	0	11	349	testable_query	fine_deg_pathway_query_manifest_v1
352	immune::Mic P2RY12::AD_vs_NCI__Male__e2::AD_any_mito	immune::Mic P2RY12::AD_vs_NCI__Male__e2	118	immune::Mic P2RY12::AD_vs_NCI__Male__e2	NA	immune	Mic P2RY12	Microglia	M_e2	Male	e2	AD_any_mito	any	estimable_validated	TRUE	88	88	0	88	255	testable_query	fine_deg_pathway_query_manifest_v1
353	immune::Mic P2RY12::AD_vs_NCI__Male__e2::AD_up_mito	immune::Mic P2RY12::AD_vs_NCI__Male__e2	118	immune::Mic P2RY12::AD_vs_NCI__Male__e2	NA	immune	Mic P2RY12	Microglia	M_e2	Male	e2	AD_up_mito	up	estimable_validated	TRUE	41	41	0	41	255	testable_query	fine_deg_pathway_query_manifest_v1
354	immune::Mic P2RY12::AD_vs_NCI__Male__e2::AD_down_mito	immune::Mic P2RY12::AD_vs_NCI__Male__e2	118	immune::Mic P2RY12::AD_vs_NCI__Male__e2	NA	immune	Mic P2RY12	Microglia	M_e2	Male	e2	AD_down_mito	down	estimable_validated	TRUE	47	47	0	47	255	testable_query	fine_deg_pathway_query_manifest_v1
355	immune::Mic P2RY12::AD_vs_NCI__Male__e33::AD_any_mito	immune::Mic P2RY12::AD_vs_NCI__Male__e33	119	immune::Mic P2RY12::AD_vs_NCI__Male__e33	NA	immune	Mic P2RY12	Microglia	M_e33	Male	e33	AD_any_mito	any	estimable_validated	TRUE	11	11	0	11	291	testable_query	fine_deg_pathway_query_manifest_v1
356	immune::Mic P2RY12::AD_vs_NCI__Male__e33::AD_up_mito	immune::Mic P2RY12::AD_vs_NCI__Male__e33	119	immune::Mic P2RY12::AD_vs_NCI__Male__e33	NA	immune	Mic P2RY12	Microglia	M_e33	Male	e33	AD_up_mito	up	estimable_validated	TRUE	7	7	0	7	291	testable_query	fine_deg_pathway_query_manifest_v1
357	immune::Mic P2RY12::AD_vs_NCI__Male__e33::AD_down_mito	immune::Mic P2RY12::AD_vs_NCI__Male__e33	119	immune::Mic P2RY12::AD_vs_NCI__Male__e33	NA	immune	Mic P2RY12	Microglia	M_e33	Male	e33	AD_down_mito	down	estimable_validated	TRUE	4	4	0	4	291	testable_query	fine_deg_pathway_query_manifest_v1
358	immune::Mic P2RY12::AD_vs_NCI__Male__e4::AD_any_mito	immune::Mic P2RY12::AD_vs_NCI__Male__e4	120	immune::Mic P2RY12::AD_vs_NCI__Male__e4	NA	immune	Mic P2RY12	Microglia	M_e4	Male	e4	AD_any_mito	any	estimable_validated	TRUE	34	34	0	34	316	testable_query	fine_deg_pathway_query_manifest_v1
359	immune::Mic P2RY12::AD_vs_NCI__Male__e4::AD_up_mito	immune::Mic P2RY12::AD_vs_NCI__Male__e4	120	immune::Mic P2RY12::AD_vs_NCI__Male__e4	NA	immune	Mic P2RY12	Microglia	M_e4	Male	e4	AD_up_mito	up	estimable_validated	TRUE	16	16	0	16	316	testable_query	fine_deg_pathway_query_manifest_v1
360	immune::Mic P2RY12::AD_vs_NCI__Male__e4::AD_down_mito	immune::Mic P2RY12::AD_vs_NCI__Male__e4	120	immune::Mic P2RY12::AD_vs_NCI__Male__e4	NA	immune	Mic P2RY12	Microglia	M_e4	Male	e4	AD_down_mito	down	estimable_validated	TRUE	18	18	0	18	316	testable_query	fine_deg_pathway_query_manifest_v1
361	immune::Mic TPT1::AD_vs_NCI__Female__e2::AD_any_mito	immune::Mic TPT1::AD_vs_NCI__Female__e2	121	immune::Mic TPT1::AD_vs_NCI__Female__e2	NA	immune	Mic TPT1	Microglia	F_e2	Female	e2	AD_any_mito	any	estimable_validated	TRUE	0	0	0	0	416	empty_query	fine_deg_pathway_query_manifest_v1
362	immune::Mic TPT1::AD_vs_NCI__Female__e2::AD_up_mito	immune::Mic TPT1::AD_vs_NCI__Female__e2	121	immune::Mic TPT1::AD_vs_NCI__Female__e2	NA	immune	Mic TPT1	Microglia	F_e2	Female	e2	AD_up_mito	up	estimable_validated	TRUE	0	0	0	0	416	empty_query	fine_deg_pathway_query_manifest_v1
363	immune::Mic TPT1::AD_vs_NCI__Female__e2::AD_down_mito	immune::Mic TPT1::AD_vs_NCI__Female__e2	121	immune::Mic TPT1::AD_vs_NCI__Female__e2	NA	immune	Mic TPT1	Microglia	F_e2	Female	e2	AD_down_mito	down	estimable_validated	TRUE	0	0	0	0	416	empty_query	fine_deg_pathway_query_manifest_v1
364	immune::Mic TPT1::AD_vs_NCI__Female__e33::AD_any_mito	immune::Mic TPT1::AD_vs_NCI__Female__e33	122	immune::Mic TPT1::AD_vs_NCI__Female__e33	NA	immune	Mic TPT1	Microglia	F_e33	Female	e33	AD_any_mito	any	estimable_validated	TRUE	1	1	0	1	395	query_below_minimum	fine_deg_pathway_query_manifest_v1
365	immune::Mic TPT1::AD_vs_NCI__Female__e33::AD_up_mito	immune::Mic TPT1::AD_vs_NCI__Female__e33	122	immune::Mic TPT1::AD_vs_NCI__Female__e33	NA	immune	Mic TPT1	Microglia	F_e33	Female	e33	AD_up_mito	up	estimable_validated	TRUE	1	1	0	1	395	query_below_minimum	fine_deg_pathway_query_manifest_v1
366	immune::Mic TPT1::AD_vs_NCI__Female__e33::AD_down_mito	immune::Mic TPT1::AD_vs_NCI__Female__e33	122	immune::Mic TPT1::AD_vs_NCI__Female__e33	NA	immune	Mic TPT1	Microglia	F_e33	Female	e33	AD_down_mito	down	estimable_validated	TRUE	0	0	0	0	395	empty_query	fine_deg_pathway_query_manifest_v1
367	immune::Mic TPT1::AD_vs_NCI__Female__e4::AD_any_mito	immune::Mic TPT1::AD_vs_NCI__Female__e4	123	immune::Mic TPT1::AD_vs_NCI__Female__e4	NA	immune	Mic TPT1	Microglia	F_e4	Female	e4	AD_any_mito	any	estimable_validated	TRUE	10	10	0	10	418	testable_query	fine_deg_pathway_query_manifest_v1
368	immune::Mic TPT1::AD_vs_NCI__Female__e4::AD_up_mito	immune::Mic TPT1::AD_vs_NCI__Female__e4	123	immune::Mic TPT1::AD_vs_NCI__Female__e4	NA	immune	Mic TPT1	Microglia	F_e4	Female	e4	AD_up_mito	up	estimable_validated	TRUE	8	8	0	8	418	testable_query	fine_deg_pathway_query_manifest_v1
369	immune::Mic TPT1::AD_vs_NCI__Female__e4::AD_down_mito	immune::Mic TPT1::AD_vs_NCI__Female__e4	123	immune::Mic TPT1::AD_vs_NCI__Female__e4	NA	immune	Mic TPT1	Microglia	F_e4	Female	e4	AD_down_mito	down	estimable_validated	TRUE	2	2	0	2	418	query_below_minimum	fine_deg_pathway_query_manifest_v1
370	immune::Mic TPT1::AD_vs_NCI__Male__e2::AD_any_mito	immune::Mic TPT1::AD_vs_NCI__Male__e2	124	immune::Mic TPT1::AD_vs_NCI__Male__e2	NA	immune	Mic TPT1	Microglia	M_e2	Male	e2	AD_any_mito	any	estimable_validated	TRUE	0	0	0	0	312	empty_query	fine_deg_pathway_query_manifest_v1
371	immune::Mic TPT1::AD_vs_NCI__Male__e2::AD_up_mito	immune::Mic TPT1::AD_vs_NCI__Male__e2	124	immune::Mic TPT1::AD_vs_NCI__Male__e2	NA	immune	Mic TPT1	Microglia	M_e2	Male	e2	AD_up_mito	up	estimable_validated	TRUE	0	0	0	0	312	empty_query	fine_deg_pathway_query_manifest_v1
372	immune::Mic TPT1::AD_vs_NCI__Male__e2::AD_down_mito	immune::Mic TPT1::AD_vs_NCI__Male__e2	124	immune::Mic TPT1::AD_vs_NCI__Male__e2	NA	immune	Mic TPT1	Microglia	M_e2	Male	e2	AD_down_mito	down	estimable_validated	TRUE	0	0	0	0	312	empty_query	fine_deg_pathway_query_manifest_v1
373	immune::Mic TPT1::AD_vs_NCI__Male__e33::AD_any_mito	immune::Mic TPT1::AD_vs_NCI__Male__e33	125	immune::Mic TPT1::AD_vs_NCI__Male__e33	NA	immune	Mic TPT1	Microglia	M_e33	Male	e33	AD_any_mito	any	estimable_validated	TRUE	3	3	0	3	362	testable_query	fine_deg_pathway_query_manifest_v1
374	immune::Mic TPT1::AD_vs_NCI__Male__e33::AD_up_mito	immune::Mic TPT1::AD_vs_NCI__Male__e33	125	immune::Mic TPT1::AD_vs_NCI__Male__e33	NA	immune	Mic TPT1	Microglia	M_e33	Male	e33	AD_up_mito	up	estimable_validated	TRUE	1	1	0	1	362	query_below_minimum	fine_deg_pathway_query_manifest_v1
375	immune::Mic TPT1::AD_vs_NCI__Male__e33::AD_down_mito	immune::Mic TPT1::AD_vs_NCI__Male__e33	125	immune::Mic TPT1::AD_vs_NCI__Male__e33	NA	immune	Mic TPT1	Microglia	M_e33	Male	e33	AD_down_mito	down	estimable_validated	TRUE	2	2	0	2	362	query_below_minimum	fine_deg_pathway_query_manifest_v1
376	immune::Mic TPT1::AD_vs_NCI__Male__e4::AD_any_mito	immune::Mic TPT1::AD_vs_NCI__Male__e4	126	immune::Mic TPT1::AD_vs_NCI__Male__e4	NA	immune	Mic TPT1	Microglia	M_e4	Male	e4	AD_any_mito	any	estimable_validated	TRUE	15	15	0	15	420	testable_query	fine_deg_pathway_query_manifest_v1
377	immune::Mic TPT1::AD_vs_NCI__Male__e4::AD_up_mito	immune::Mic TPT1::AD_vs_NCI__Male__e4	126	immune::Mic TPT1::AD_vs_NCI__Male__e4	NA	immune	Mic TPT1	Microglia	M_e4	Male	e4	AD_up_mito	up	estimable_validated	TRUE	2	2	0	2	420	query_below_minimum	fine_deg_pathway_query_manifest_v1
378	immune::Mic TPT1::AD_vs_NCI__Male__e4::AD_down_mito	immune::Mic TPT1::AD_vs_NCI__Male__e4	126	immune::Mic TPT1::AD_vs_NCI__Male__e4	NA	immune	Mic TPT1	Microglia	M_e4	Male	e4	AD_down_mito	down	estimable_validated	TRUE	13	13	0	13	420	testable_query	fine_deg_pathway_query_manifest_v1
379	immune::T cells::AD_vs_NCI__Female__e2::AD_any_mito	immune::T cells::AD_vs_NCI__Female__e2	127	immune::T cells::AD_vs_NCI__Female__e2	NA	immune	T cells	T_cells	F_e2	Female	e2	AD_any_mito	any	estimable_validated	TRUE	0	0	0	0	292	empty_query	fine_deg_pathway_query_manifest_v1
380	immune::T cells::AD_vs_NCI__Female__e2::AD_up_mito	immune::T cells::AD_vs_NCI__Female__e2	127	immune::T cells::AD_vs_NCI__Female__e2	NA	immune	T cells	T_cells	F_e2	Female	e2	AD_up_mito	up	estimable_validated	TRUE	0	0	0	0	292	empty_query	fine_deg_pathway_query_manifest_v1
381	immune::T cells::AD_vs_NCI__Female__e2::AD_down_mito	immune::T cells::AD_vs_NCI__Female__e2	127	immune::T cells::AD_vs_NCI__Female__e2	NA	immune	T cells	T_cells	F_e2	Female	e2	AD_down_mito	down	estimable_validated	TRUE	0	0	0	0	292	empty_query	fine_deg_pathway_query_manifest_v1
382	immune::T cells::AD_vs_NCI__Female__e33::AD_any_mito	immune::T cells::AD_vs_NCI__Female__e33	128	immune::T cells::AD_vs_NCI__Female__e33	NA	immune	T cells	T_cells	F_e33	Female	e33	AD_any_mito	any	estimable_validated	TRUE	1	1	0	1	291	query_below_minimum	fine_deg_pathway_query_manifest_v1
383	immune::T cells::AD_vs_NCI__Female__e33::AD_up_mito	immune::T cells::AD_vs_NCI__Female__e33	128	immune::T cells::AD_vs_NCI__Female__e33	NA	immune	T cells	T_cells	F_e33	Female	e33	AD_up_mito	up	estimable_validated	TRUE	0	0	0	0	291	empty_query	fine_deg_pathway_query_manifest_v1
384	immune::T cells::AD_vs_NCI__Female__e33::AD_down_mito	immune::T cells::AD_vs_NCI__Female__e33	128	immune::T cells::AD_vs_NCI__Female__e33	NA	immune	T cells	T_cells	F_e33	Female	e33	AD_down_mito	down	estimable_validated	TRUE	1	1	0	1	291	query_below_minimum	fine_deg_pathway_query_manifest_v1
385	immune::T cells::AD_vs_NCI__Female__e4::AD_any_mito	immune::T cells::AD_vs_NCI__Female__e4	129	immune::T cells::AD_vs_NCI__Female__e4	NA	immune	T cells	T_cells	F_e4	Female	e4	AD_any_mito	any	estimable_validated	TRUE	0	0	0	0	273	empty_query	fine_deg_pathway_query_manifest_v1
386	immune::T cells::AD_vs_NCI__Female__e4::AD_up_mito	immune::T cells::AD_vs_NCI__Female__e4	129	immune::T cells::AD_vs_NCI__Female__e4	NA	immune	T cells	T_cells	F_e4	Female	e4	AD_up_mito	up	estimable_validated	TRUE	0	0	0	0	273	empty_query	fine_deg_pathway_query_manifest_v1
387	immune::T cells::AD_vs_NCI__Female__e4::AD_down_mito	immune::T cells::AD_vs_NCI__Female__e4	129	immune::T cells::AD_vs_NCI__Female__e4	NA	immune	T cells	T_cells	F_e4	Female	e4	AD_down_mito	down	estimable_validated	TRUE	0	0	0	0	273	empty_query	fine_deg_pathway_query_manifest_v1
388	immune::T cells::AD_vs_NCI__Male__e2::AD_any_mito	immune::T cells::AD_vs_NCI__Male__e2	130	immune::T cells::AD_vs_NCI__Male__e2	NA	immune	T cells	T_cells	M_e2	Male	e2	AD_any_mito	any	estimable_validated	TRUE	0	0	0	0	329	empty_query	fine_deg_pathway_query_manifest_v1
389	immune::T cells::AD_vs_NCI__Male__e2::AD_up_mito	immune::T cells::AD_vs_NCI__Male__e2	130	immune::T cells::AD_vs_NCI__Male__e2	NA	immune	T cells	T_cells	M_e2	Male	e2	AD_up_mito	up	estimable_validated	TRUE	0	0	0	0	329	empty_query	fine_deg_pathway_query_manifest_v1
390	immune::T cells::AD_vs_NCI__Male__e2::AD_down_mito	immune::T cells::AD_vs_NCI__Male__e2	130	immune::T cells::AD_vs_NCI__Male__e2	NA	immune	T cells	T_cells	M_e2	Male	e2	AD_down_mito	down	estimable_validated	TRUE	0	0	0	0	329	empty_query	fine_deg_pathway_query_manifest_v1
391	immune::T cells::AD_vs_NCI__Male__e33::AD_any_mito	immune::T cells::AD_vs_NCI__Male__e33	131	immune::T cells::AD_vs_NCI__Male__e33	NA	immune	T cells	T_cells	M_e33	Male	e33	AD_any_mito	any	estimable_validated	TRUE	0	0	0	0	227	empty_query	fine_deg_pathway_query_manifest_v1
392	immune::T cells::AD_vs_NCI__Male__e33::AD_up_mito	immune::T cells::AD_vs_NCI__Male__e33	131	immune::T cells::AD_vs_NCI__Male__e33	NA	immune	T cells	T_cells	M_e33	Male	e33	AD_up_mito	up	estimable_validated	TRUE	0	0	0	0	227	empty_query	fine_deg_pathway_query_manifest_v1
393	immune::T cells::AD_vs_NCI__Male__e33::AD_down_mito	immune::T cells::AD_vs_NCI__Male__e33	131	immune::T cells::AD_vs_NCI__Male__e33	NA	immune	T cells	T_cells	M_e33	Male	e33	AD_down_mito	down	estimable_validated	TRUE	0	0	0	0	227	empty_query	fine_deg_pathway_query_manifest_v1
394	immune::T cells::AD_vs_NCI__Male__e4::AD_any_mito	immune::T cells::AD_vs_NCI__Male__e4	132	immune::T cells::AD_vs_NCI__Male__e4	NA	immune	T cells	T_cells	M_e4	Male	e4	AD_any_mito	any	estimable_validated	TRUE	1	1	0	1	258	query_below_minimum	fine_deg_pathway_query_manifest_v1
395	immune::T cells::AD_vs_NCI__Male__e4::AD_up_mito	immune::T cells::AD_vs_NCI__Male__e4	132	immune::T cells::AD_vs_NCI__Male__e4	NA	immune	T cells	T_cells	M_e4	Male	e4	AD_up_mito	up	estimable_validated	TRUE	1	1	0	1	258	query_below_minimum	fine_deg_pathway_query_manifest_v1
396	immune::T cells::AD_vs_NCI__Male__e4::AD_down_mito	immune::T cells::AD_vs_NCI__Male__e4	132	immune::T cells::AD_vs_NCI__Male__e4	NA	immune	T cells	T_cells	M_e4	Male	e4	AD_down_mito	down	estimable_validated	TRUE	0	0	0	0	258	empty_query	fine_deg_pathway_query_manifest_v1
397	inhibitory::Inh ALCAM TRPM3::AD_vs_NCI__Female__e2::AD_any_mito	inhibitory::Inh ALCAM TRPM3::AD_vs_NCI__Female__e2	133	inhibitory::Inh ALCAM TRPM3::AD_vs_NCI__Female__e2	NA	inhibitory	Inh ALCAM TRPM3	Inhibitory_neurons	F_e2	Female	e2	AD_any_mito	any	estimable_validated	TRUE	10	10	0	10	824	testable_query	fine_deg_pathway_query_manifest_v1
398	inhibitory::Inh ALCAM TRPM3::AD_vs_NCI__Female__e2::AD_up_mito	inhibitory::Inh ALCAM TRPM3::AD_vs_NCI__Female__e2	133	inhibitory::Inh ALCAM TRPM3::AD_vs_NCI__Female__e2	NA	inhibitory	Inh ALCAM TRPM3	Inhibitory_neurons	F_e2	Female	e2	AD_up_mito	up	estimable_validated	TRUE	5	5	0	5	824	testable_query	fine_deg_pathway_query_manifest_v1
399	inhibitory::Inh ALCAM TRPM3::AD_vs_NCI__Female__e2::AD_down_mito	inhibitory::Inh ALCAM TRPM3::AD_vs_NCI__Female__e2	133	inhibitory::Inh ALCAM TRPM3::AD_vs_NCI__Female__e2	NA	inhibitory	Inh ALCAM TRPM3	Inhibitory_neurons	F_e2	Female	e2	AD_down_mito	down	estimable_validated	TRUE	5	5	0	5	824	testable_query	fine_deg_pathway_query_manifest_v1
400	inhibitory::Inh ALCAM TRPM3::AD_vs_NCI__Female__e33::AD_any_mito	inhibitory::Inh ALCAM TRPM3::AD_vs_NCI__Female__e33	134	inhibitory::Inh ALCAM TRPM3::AD_vs_NCI__Female__e33	NA	inhibitory	Inh ALCAM TRPM3	Inhibitory_neurons	F_e33	Female	e33	AD_any_mito	any	estimable_validated	TRUE	8	8	0	8	845	testable_query	fine_deg_pathway_query_manifest_v1
401	inhibitory::Inh ALCAM TRPM3::AD_vs_NCI__Female__e33::AD_up_mito	inhibitory::Inh ALCAM TRPM3::AD_vs_NCI__Female__e33	134	inhibitory::Inh ALCAM TRPM3::AD_vs_NCI__Female__e33	NA	inhibitory	Inh ALCAM TRPM3	Inhibitory_neurons	F_e33	Female	e33	AD_up_mito	up	estimable_validated	TRUE	3	3	0	3	845	testable_query	fine_deg_pathway_query_manifest_v1
402	inhibitory::Inh ALCAM TRPM3::AD_vs_NCI__Female__e33::AD_down_mito	inhibitory::Inh ALCAM TRPM3::AD_vs_NCI__Female__e33	134	inhibitory::Inh ALCAM TRPM3::AD_vs_NCI__Female__e33	NA	inhibitory	Inh ALCAM TRPM3	Inhibitory_neurons	F_e33	Female	e33	AD_down_mito	down	estimable_validated	TRUE	5	5	0	5	845	testable_query	fine_deg_pathway_query_manifest_v1
403	inhibitory::Inh ALCAM TRPM3::AD_vs_NCI__Female__e4::AD_any_mito	inhibitory::Inh ALCAM TRPM3::AD_vs_NCI__Female__e4	135	inhibitory::Inh ALCAM TRPM3::AD_vs_NCI__Female__e4	NA	inhibitory	Inh ALCAM TRPM3	Inhibitory_neurons	F_e4	Female	e4	AD_any_mito	any	estimable_validated	TRUE	5	5	0	5	806	testable_query	fine_deg_pathway_query_manifest_v1
404	inhibitory::Inh ALCAM TRPM3::AD_vs_NCI__Female__e4::AD_up_mito	inhibitory::Inh ALCAM TRPM3::AD_vs_NCI__Female__e4	135	inhibitory::Inh ALCAM TRPM3::AD_vs_NCI__Female__e4	NA	inhibitory	Inh ALCAM TRPM3	Inhibitory_neurons	F_e4	Female	e4	AD_up_mito	up	estimable_validated	TRUE	0	0	0	0	806	empty_query	fine_deg_pathway_query_manifest_v1
405	inhibitory::Inh ALCAM TRPM3::AD_vs_NCI__Female__e4::AD_down_mito	inhibitory::Inh ALCAM TRPM3::AD_vs_NCI__Female__e4	135	inhibitory::Inh ALCAM TRPM3::AD_vs_NCI__Female__e4	NA	inhibitory	Inh ALCAM TRPM3	Inhibitory_neurons	F_e4	Female	e4	AD_down_mito	down	estimable_validated	TRUE	5	5	0	5	806	testable_query	fine_deg_pathway_query_manifest_v1
406	inhibitory::Inh ALCAM TRPM3::AD_vs_NCI__Male__e2::AD_any_mito	inhibitory::Inh ALCAM TRPM3::AD_vs_NCI__Male__e2	136	inhibitory::Inh ALCAM TRPM3::AD_vs_NCI__Male__e2	NA	inhibitory	Inh ALCAM TRPM3	Inhibitory_neurons	M_e2	Male	e2	AD_any_mito	any	estimable_validated	TRUE	2	2	0	2	798	query_below_minimum	fine_deg_pathway_query_manifest_v1
407	inhibitory::Inh ALCAM TRPM3::AD_vs_NCI__Male__e2::AD_up_mito	inhibitory::Inh ALCAM TRPM3::AD_vs_NCI__Male__e2	136	inhibitory::Inh ALCAM TRPM3::AD_vs_NCI__Male__e2	NA	inhibitory	Inh ALCAM TRPM3	Inhibitory_neurons	M_e2	Male	e2	AD_up_mito	up	estimable_validated	TRUE	0	0	0	0	798	empty_query	fine_deg_pathway_query_manifest_v1
408	inhibitory::Inh ALCAM TRPM3::AD_vs_NCI__Male__e2::AD_down_mito	inhibitory::Inh ALCAM TRPM3::AD_vs_NCI__Male__e2	136	inhibitory::Inh ALCAM TRPM3::AD_vs_NCI__Male__e2	NA	inhibitory	Inh ALCAM TRPM3	Inhibitory_neurons	M_e2	Male	e2	AD_down_mito	down	estimable_validated	TRUE	2	2	0	2	798	query_below_minimum	fine_deg_pathway_query_manifest_v1
409	inhibitory::Inh ALCAM TRPM3::AD_vs_NCI__Male__e33::AD_any_mito	inhibitory::Inh ALCAM TRPM3::AD_vs_NCI__Male__e33	137	inhibitory::Inh ALCAM TRPM3::AD_vs_NCI__Male__e33	NA	inhibitory	Inh ALCAM TRPM3	Inhibitory_neurons	M_e33	Male	e33	AD_any_mito	any	estimable_validated	TRUE	9	9	0	9	802	testable_query	fine_deg_pathway_query_manifest_v1
410	inhibitory::Inh ALCAM TRPM3::AD_vs_NCI__Male__e33::AD_up_mito	inhibitory::Inh ALCAM TRPM3::AD_vs_NCI__Male__e33	137	inhibitory::Inh ALCAM TRPM3::AD_vs_NCI__Male__e33	NA	inhibitory	Inh ALCAM TRPM3	Inhibitory_neurons	M_e33	Male	e33	AD_up_mito	up	estimable_validated	TRUE	5	5	0	5	802	testable_query	fine_deg_pathway_query_manifest_v1
411	inhibitory::Inh ALCAM TRPM3::AD_vs_NCI__Male__e33::AD_down_mito	inhibitory::Inh ALCAM TRPM3::AD_vs_NCI__Male__e33	137	inhibitory::Inh ALCAM TRPM3::AD_vs_NCI__Male__e33	NA	inhibitory	Inh ALCAM TRPM3	Inhibitory_neurons	M_e33	Male	e33	AD_down_mito	down	estimable_validated	TRUE	4	4	0	4	802	testable_query	fine_deg_pathway_query_manifest_v1
412	inhibitory::Inh ALCAM TRPM3::AD_vs_NCI__Male__e4::AD_any_mito	inhibitory::Inh ALCAM TRPM3::AD_vs_NCI__Male__e4	138	inhibitory::Inh ALCAM TRPM3::AD_vs_NCI__Male__e4	NA	inhibitory	Inh ALCAM TRPM3	Inhibitory_neurons	M_e4	Male	e4	AD_any_mito	any	estimable_validated	TRUE	3	3	0	3	786	testable_query	fine_deg_pathway_query_manifest_v1
413	inhibitory::Inh ALCAM TRPM3::AD_vs_NCI__Male__e4::AD_up_mito	inhibitory::Inh ALCAM TRPM3::AD_vs_NCI__Male__e4	138	inhibitory::Inh ALCAM TRPM3::AD_vs_NCI__Male__e4	NA	inhibitory	Inh ALCAM TRPM3	Inhibitory_neurons	M_e4	Male	e4	AD_up_mito	up	estimable_validated	TRUE	0	0	0	0	786	empty_query	fine_deg_pathway_query_manifest_v1
414	inhibitory::Inh ALCAM TRPM3::AD_vs_NCI__Male__e4::AD_down_mito	inhibitory::Inh ALCAM TRPM3::AD_vs_NCI__Male__e4	138	inhibitory::Inh ALCAM TRPM3::AD_vs_NCI__Male__e4	NA	inhibitory	Inh ALCAM TRPM3	Inhibitory_neurons	M_e4	Male	e4	AD_down_mito	down	estimable_validated	TRUE	3	3	0	3	786	testable_query	fine_deg_pathway_query_manifest_v1
415	inhibitory::Inh CUX2 MSR1::AD_vs_NCI__Female__e2::AD_any_mito	inhibitory::Inh CUX2 MSR1::AD_vs_NCI__Female__e2	139	inhibitory::Inh CUX2 MSR1::AD_vs_NCI__Female__e2	NA	inhibitory	Inh CUX2 MSR1	Inhibitory_neurons	F_e2	Female	e2	AD_any_mito	any	estimable_validated	TRUE	4	4	0	4	584	testable_query	fine_deg_pathway_query_manifest_v1
416	inhibitory::Inh CUX2 MSR1::AD_vs_NCI__Female__e2::AD_up_mito	inhibitory::Inh CUX2 MSR1::AD_vs_NCI__Female__e2	139	inhibitory::Inh CUX2 MSR1::AD_vs_NCI__Female__e2	NA	inhibitory	Inh CUX2 MSR1	Inhibitory_neurons	F_e2	Female	e2	AD_up_mito	up	estimable_validated	TRUE	4	4	0	4	584	testable_query	fine_deg_pathway_query_manifest_v1
417	inhibitory::Inh CUX2 MSR1::AD_vs_NCI__Female__e2::AD_down_mito	inhibitory::Inh CUX2 MSR1::AD_vs_NCI__Female__e2	139	inhibitory::Inh CUX2 MSR1::AD_vs_NCI__Female__e2	NA	inhibitory	Inh CUX2 MSR1	Inhibitory_neurons	F_e2	Female	e2	AD_down_mito	down	estimable_validated	TRUE	0	0	0	0	584	empty_query	fine_deg_pathway_query_manifest_v1
418	inhibitory::Inh CUX2 MSR1::AD_vs_NCI__Female__e33::AD_any_mito	inhibitory::Inh CUX2 MSR1::AD_vs_NCI__Female__e33	140	inhibitory::Inh CUX2 MSR1::AD_vs_NCI__Female__e33	NA	inhibitory	Inh CUX2 MSR1	Inhibitory_neurons	F_e33	Female	e33	AD_any_mito	any	estimable_validated	TRUE	2	2	0	2	540	query_below_minimum	fine_deg_pathway_query_manifest_v1
419	inhibitory::Inh CUX2 MSR1::AD_vs_NCI__Female__e33::AD_up_mito	inhibitory::Inh CUX2 MSR1::AD_vs_NCI__Female__e33	140	inhibitory::Inh CUX2 MSR1::AD_vs_NCI__Female__e33	NA	inhibitory	Inh CUX2 MSR1	Inhibitory_neurons	F_e33	Female	e33	AD_up_mito	up	estimable_validated	TRUE	0	0	0	0	540	empty_query	fine_deg_pathway_query_manifest_v1
420	inhibitory::Inh CUX2 MSR1::AD_vs_NCI__Female__e33::AD_down_mito	inhibitory::Inh CUX2 MSR1::AD_vs_NCI__Female__e33	140	inhibitory::Inh CUX2 MSR1::AD_vs_NCI__Female__e33	NA	inhibitory	Inh CUX2 MSR1	Inhibitory_neurons	F_e33	Female	e33	AD_down_mito	down	estimable_validated	TRUE	2	2	0	2	540	query_below_minimum	fine_deg_pathway_query_manifest_v1
421	inhibitory::Inh CUX2 MSR1::AD_vs_NCI__Female__e4::AD_any_mito	inhibitory::Inh CUX2 MSR1::AD_vs_NCI__Female__e4	141	inhibitory::Inh CUX2 MSR1::AD_vs_NCI__Female__e4	NA	inhibitory	Inh CUX2 MSR1	Inhibitory_neurons	F_e4	Female	e4	AD_any_mito	any	estimable_validated	TRUE	10	10	0	10	548	testable_query	fine_deg_pathway_query_manifest_v1
422	inhibitory::Inh CUX2 MSR1::AD_vs_NCI__Female__e4::AD_up_mito	inhibitory::Inh CUX2 MSR1::AD_vs_NCI__Female__e4	141	inhibitory::Inh CUX2 MSR1::AD_vs_NCI__Female__e4	NA	inhibitory	Inh CUX2 MSR1	Inhibitory_neurons	F_e4	Female	e4	AD_up_mito	up	estimable_validated	TRUE	1	1	0	1	548	query_below_minimum	fine_deg_pathway_query_manifest_v1
423	inhibitory::Inh CUX2 MSR1::AD_vs_NCI__Female__e4::AD_down_mito	inhibitory::Inh CUX2 MSR1::AD_vs_NCI__Female__e4	141	inhibitory::Inh CUX2 MSR1::AD_vs_NCI__Female__e4	NA	inhibitory	Inh CUX2 MSR1	Inhibitory_neurons	F_e4	Female	e4	AD_down_mito	down	estimable_validated	TRUE	9	9	0	9	548	testable_query	fine_deg_pathway_query_manifest_v1
424	inhibitory::Inh CUX2 MSR1::AD_vs_NCI__Male__e2::AD_any_mito	inhibitory::Inh CUX2 MSR1::AD_vs_NCI__Male__e2	142	inhibitory::Inh CUX2 MSR1::AD_vs_NCI__Male__e2	NA	inhibitory	Inh CUX2 MSR1	Inhibitory_neurons	M_e2	Male	e2	AD_any_mito	any	estimable_validated	TRUE	216	216	0	216	633	testable_query	fine_deg_pathway_query_manifest_v1
425	inhibitory::Inh CUX2 MSR1::AD_vs_NCI__Male__e2::AD_up_mito	inhibitory::Inh CUX2 MSR1::AD_vs_NCI__Male__e2	142	inhibitory::Inh CUX2 MSR1::AD_vs_NCI__Male__e2	NA	inhibitory	Inh CUX2 MSR1	Inhibitory_neurons	M_e2	Male	e2	AD_up_mito	up	estimable_validated	TRUE	107	107	0	107	633	testable_query	fine_deg_pathway_query_manifest_v1
426	inhibitory::Inh CUX2 MSR1::AD_vs_NCI__Male__e2::AD_down_mito	inhibitory::Inh CUX2 MSR1::AD_vs_NCI__Male__e2	142	inhibitory::Inh CUX2 MSR1::AD_vs_NCI__Male__e2	NA	inhibitory	Inh CUX2 MSR1	Inhibitory_neurons	M_e2	Male	e2	AD_down_mito	down	estimable_validated	TRUE	109	109	0	109	633	testable_query	fine_deg_pathway_query_manifest_v1
427	inhibitory::Inh CUX2 MSR1::AD_vs_NCI__Male__e33::AD_any_mito	inhibitory::Inh CUX2 MSR1::AD_vs_NCI__Male__e33	143	inhibitory::Inh CUX2 MSR1::AD_vs_NCI__Male__e33	NA	inhibitory	Inh CUX2 MSR1	Inhibitory_neurons	M_e33	Male	e33	AD_any_mito	any	estimable_validated	TRUE	3	3	0	3	588	testable_query	fine_deg_pathway_query_manifest_v1
428	inhibitory::Inh CUX2 MSR1::AD_vs_NCI__Male__e33::AD_up_mito	inhibitory::Inh CUX2 MSR1::AD_vs_NCI__Male__e33	143	inhibitory::Inh CUX2 MSR1::AD_vs_NCI__Male__e33	NA	inhibitory	Inh CUX2 MSR1	Inhibitory_neurons	M_e33	Male	e33	AD_up_mito	up	estimable_validated	TRUE	1	1	0	1	588	query_below_minimum	fine_deg_pathway_query_manifest_v1
429	inhibitory::Inh CUX2 MSR1::AD_vs_NCI__Male__e33::AD_down_mito	inhibitory::Inh CUX2 MSR1::AD_vs_NCI__Male__e33	143	inhibitory::Inh CUX2 MSR1::AD_vs_NCI__Male__e33	NA	inhibitory	Inh CUX2 MSR1	Inhibitory_neurons	M_e33	Male	e33	AD_down_mito	down	estimable_validated	TRUE	2	2	0	2	588	query_below_minimum	fine_deg_pathway_query_manifest_v1
430	inhibitory::Inh CUX2 MSR1::AD_vs_NCI__Male__e4::AD_any_mito	inhibitory::Inh CUX2 MSR1::AD_vs_NCI__Male__e4	144	inhibitory::Inh CUX2 MSR1::AD_vs_NCI__Male__e4	NA	inhibitory	Inh CUX2 MSR1	Inhibitory_neurons	M_e4	Male	e4	AD_any_mito	any	estimable_validated	TRUE	6	6	0	6	483	testable_query	fine_deg_pathway_query_manifest_v1
431	inhibitory::Inh CUX2 MSR1::AD_vs_NCI__Male__e4::AD_up_mito	inhibitory::Inh CUX2 MSR1::AD_vs_NCI__Male__e4	144	inhibitory::Inh CUX2 MSR1::AD_vs_NCI__Male__e4	NA	inhibitory	Inh CUX2 MSR1	Inhibitory_neurons	M_e4	Male	e4	AD_up_mito	up	estimable_validated	TRUE	2	2	0	2	483	query_below_minimum	fine_deg_pathway_query_manifest_v1
432	inhibitory::Inh CUX2 MSR1::AD_vs_NCI__Male__e4::AD_down_mito	inhibitory::Inh CUX2 MSR1::AD_vs_NCI__Male__e4	144	inhibitory::Inh CUX2 MSR1::AD_vs_NCI__Male__e4	NA	inhibitory	Inh CUX2 MSR1	Inhibitory_neurons	M_e4	Male	e4	AD_down_mito	down	estimable_validated	TRUE	4	4	0	4	483	testable_query	fine_deg_pathway_query_manifest_v1
433	inhibitory::Inh ENOX2 SPHKAP::AD_vs_NCI__Female__e2::AD_any_mito	inhibitory::Inh ENOX2 SPHKAP::AD_vs_NCI__Female__e2	145	inhibitory::Inh ENOX2 SPHKAP::AD_vs_NCI__Female__e2	NA	inhibitory	Inh ENOX2 SPHKAP	Inhibitory_neurons	F_e2	Female	e2	AD_any_mito	any	estimable_validated	TRUE	1	1	0	1	738	query_below_minimum	fine_deg_pathway_query_manifest_v1
434	inhibitory::Inh ENOX2 SPHKAP::AD_vs_NCI__Female__e2::AD_up_mito	inhibitory::Inh ENOX2 SPHKAP::AD_vs_NCI__Female__e2	145	inhibitory::Inh ENOX2 SPHKAP::AD_vs_NCI__Female__e2	NA	inhibitory	Inh ENOX2 SPHKAP	Inhibitory_neurons	F_e2	Female	e2	AD_up_mito	up	estimable_validated	TRUE	1	1	0	1	738	query_below_minimum	fine_deg_pathway_query_manifest_v1
435	inhibitory::Inh ENOX2 SPHKAP::AD_vs_NCI__Female__e2::AD_down_mito	inhibitory::Inh ENOX2 SPHKAP::AD_vs_NCI__Female__e2	145	inhibitory::Inh ENOX2 SPHKAP::AD_vs_NCI__Female__e2	NA	inhibitory	Inh ENOX2 SPHKAP	Inhibitory_neurons	F_e2	Female	e2	AD_down_mito	down	estimable_validated	TRUE	0	0	0	0	738	empty_query	fine_deg_pathway_query_manifest_v1
436	inhibitory::Inh ENOX2 SPHKAP::AD_vs_NCI__Female__e33::AD_any_mito	inhibitory::Inh ENOX2 SPHKAP::AD_vs_NCI__Female__e33	146	inhibitory::Inh ENOX2 SPHKAP::AD_vs_NCI__Female__e33	NA	inhibitory	Inh ENOX2 SPHKAP	Inhibitory_neurons	F_e33	Female	e33	AD_any_mito	any	estimable_validated	TRUE	3	3	0	3	662	testable_query	fine_deg_pathway_query_manifest_v1
437	inhibitory::Inh ENOX2 SPHKAP::AD_vs_NCI__Female__e33::AD_up_mito	inhibitory::Inh ENOX2 SPHKAP::AD_vs_NCI__Female__e33	146	inhibitory::Inh ENOX2 SPHKAP::AD_vs_NCI__Female__e33	NA	inhibitory	Inh ENOX2 SPHKAP	Inhibitory_neurons	F_e33	Female	e33	AD_up_mito	up	estimable_validated	TRUE	1	1	0	1	662	query_below_minimum	fine_deg_pathway_query_manifest_v1
438	inhibitory::Inh ENOX2 SPHKAP::AD_vs_NCI__Female__e33::AD_down_mito	inhibitory::Inh ENOX2 SPHKAP::AD_vs_NCI__Female__e33	146	inhibitory::Inh ENOX2 SPHKAP::AD_vs_NCI__Female__e33	NA	inhibitory	Inh ENOX2 SPHKAP	Inhibitory_neurons	F_e33	Female	e33	AD_down_mito	down	estimable_validated	TRUE	2	2	0	2	662	query_below_minimum	fine_deg_pathway_query_manifest_v1
439	inhibitory::Inh ENOX2 SPHKAP::AD_vs_NCI__Female__e4::AD_any_mito	inhibitory::Inh ENOX2 SPHKAP::AD_vs_NCI__Female__e4	147	inhibitory::Inh ENOX2 SPHKAP::AD_vs_NCI__Female__e4	NA	inhibitory	Inh ENOX2 SPHKAP	Inhibitory_neurons	F_e4	Female	e4	AD_any_mito	any	estimable_validated	TRUE	0	0	0	0	656	empty_query	fine_deg_pathway_query_manifest_v1
440	inhibitory::Inh ENOX2 SPHKAP::AD_vs_NCI__Female__e4::AD_up_mito	inhibitory::Inh ENOX2 SPHKAP::AD_vs_NCI__Female__e4	147	inhibitory::Inh ENOX2 SPHKAP::AD_vs_NCI__Female__e4	NA	inhibitory	Inh ENOX2 SPHKAP	Inhibitory_neurons	F_e4	Female	e4	AD_up_mito	up	estimable_validated	TRUE	0	0	0	0	656	empty_query	fine_deg_pathway_query_manifest_v1
441	inhibitory::Inh ENOX2 SPHKAP::AD_vs_NCI__Female__e4::AD_down_mito	inhibitory::Inh ENOX2 SPHKAP::AD_vs_NCI__Female__e4	147	inhibitory::Inh ENOX2 SPHKAP::AD_vs_NCI__Female__e4	NA	inhibitory	Inh ENOX2 SPHKAP	Inhibitory_neurons	F_e4	Female	e4	AD_down_mito	down	estimable_validated	TRUE	0	0	0	0	656	empty_query	fine_deg_pathway_query_manifest_v1
442	inhibitory::Inh ENOX2 SPHKAP::AD_vs_NCI__Male__e2::AD_any_mito	inhibitory::Inh ENOX2 SPHKAP::AD_vs_NCI__Male__e2	148	inhibitory::Inh ENOX2 SPHKAP::AD_vs_NCI__Male__e2	NA	inhibitory	Inh ENOX2 SPHKAP	Inhibitory_neurons	M_e2	Male	e2	AD_any_mito	any	estimable_validated	TRUE	37	37	0	37	811	testable_query	fine_deg_pathway_query_manifest_v1
443	inhibitory::Inh ENOX2 SPHKAP::AD_vs_NCI__Male__e2::AD_up_mito	inhibitory::Inh ENOX2 SPHKAP::AD_vs_NCI__Male__e2	148	inhibitory::Inh ENOX2 SPHKAP::AD_vs_NCI__Male__e2	NA	inhibitory	Inh ENOX2 SPHKAP	Inhibitory_neurons	M_e2	Male	e2	AD_up_mito	up	estimable_validated	TRUE	27	27	0	27	811	testable_query	fine_deg_pathway_query_manifest_v1
444	inhibitory::Inh ENOX2 SPHKAP::AD_vs_NCI__Male__e2::AD_down_mito	inhibitory::Inh ENOX2 SPHKAP::AD_vs_NCI__Male__e2	148	inhibitory::Inh ENOX2 SPHKAP::AD_vs_NCI__Male__e2	NA	inhibitory	Inh ENOX2 SPHKAP	Inhibitory_neurons	M_e2	Male	e2	AD_down_mito	down	estimable_validated	TRUE	10	10	0	10	811	testable_query	fine_deg_pathway_query_manifest_v1
445	inhibitory::Inh ENOX2 SPHKAP::AD_vs_NCI__Male__e33::AD_any_mito	inhibitory::Inh ENOX2 SPHKAP::AD_vs_NCI__Male__e33	149	inhibitory::Inh ENOX2 SPHKAP::AD_vs_NCI__Male__e33	NA	inhibitory	Inh ENOX2 SPHKAP	Inhibitory_neurons	M_e33	Male	e33	AD_any_mito	any	estimable_validated	TRUE	9	9	0	9	666	testable_query	fine_deg_pathway_query_manifest_v1
446	inhibitory::Inh ENOX2 SPHKAP::AD_vs_NCI__Male__e33::AD_up_mito	inhibitory::Inh ENOX2 SPHKAP::AD_vs_NCI__Male__e33	149	inhibitory::Inh ENOX2 SPHKAP::AD_vs_NCI__Male__e33	NA	inhibitory	Inh ENOX2 SPHKAP	Inhibitory_neurons	M_e33	Male	e33	AD_up_mito	up	estimable_validated	TRUE	3	3	0	3	666	testable_query	fine_deg_pathway_query_manifest_v1
447	inhibitory::Inh ENOX2 SPHKAP::AD_vs_NCI__Male__e33::AD_down_mito	inhibitory::Inh ENOX2 SPHKAP::AD_vs_NCI__Male__e33	149	inhibitory::Inh ENOX2 SPHKAP::AD_vs_NCI__Male__e33	NA	inhibitory	Inh ENOX2 SPHKAP	Inhibitory_neurons	M_e33	Male	e33	AD_down_mito	down	estimable_validated	TRUE	6	6	0	6	666	testable_query	fine_deg_pathway_query_manifest_v1
448	inhibitory::Inh ENOX2 SPHKAP::AD_vs_NCI__Male__e4::AD_any_mito	inhibitory::Inh ENOX2 SPHKAP::AD_vs_NCI__Male__e4	150	inhibitory::Inh ENOX2 SPHKAP::AD_vs_NCI__Male__e4	NA	inhibitory	Inh ENOX2 SPHKAP	Inhibitory_neurons	M_e4	Male	e4	AD_any_mito	any	estimable_validated	TRUE	5	5	0	5	641	testable_query	fine_deg_pathway_query_manifest_v1
449	inhibitory::Inh ENOX2 SPHKAP::AD_vs_NCI__Male__e4::AD_up_mito	inhibitory::Inh ENOX2 SPHKAP::AD_vs_NCI__Male__e4	150	inhibitory::Inh ENOX2 SPHKAP::AD_vs_NCI__Male__e4	NA	inhibitory	Inh ENOX2 SPHKAP	Inhibitory_neurons	M_e4	Male	e4	AD_up_mito	up	estimable_validated	TRUE	2	2	0	2	641	query_below_minimum	fine_deg_pathway_query_manifest_v1
450	inhibitory::Inh ENOX2 SPHKAP::AD_vs_NCI__Male__e4::AD_down_mito	inhibitory::Inh ENOX2 SPHKAP::AD_vs_NCI__Male__e4	150	inhibitory::Inh ENOX2 SPHKAP::AD_vs_NCI__Male__e4	NA	inhibitory	Inh ENOX2 SPHKAP	Inhibitory_neurons	M_e4	Male	e4	AD_down_mito	down	estimable_validated	TRUE	3	3	0	3	641	testable_query	fine_deg_pathway_query_manifest_v1
451	inhibitory::Inh FBN2 EPB41L4A::AD_vs_NCI__Female__e2::AD_any_mito	inhibitory::Inh FBN2 EPB41L4A::AD_vs_NCI__Female__e2	151	inhibitory::Inh FBN2 EPB41L4A::AD_vs_NCI__Female__e2	NA	inhibitory	Inh FBN2 EPB41L4A	Inhibitory_neurons	F_e2	Female	e2	AD_any_mito	any	estimable_validated	TRUE	0	0	0	0	874	empty_query	fine_deg_pathway_query_manifest_v1
452	inhibitory::Inh FBN2 EPB41L4A::AD_vs_NCI__Female__e2::AD_up_mito	inhibitory::Inh FBN2 EPB41L4A::AD_vs_NCI__Female__e2	151	inhibitory::Inh FBN2 EPB41L4A::AD_vs_NCI__Female__e2	NA	inhibitory	Inh FBN2 EPB41L4A	Inhibitory_neurons	F_e2	Female	e2	AD_up_mito	up	estimable_validated	TRUE	0	0	0	0	874	empty_query	fine_deg_pathway_query_manifest_v1
453	inhibitory::Inh FBN2 EPB41L4A::AD_vs_NCI__Female__e2::AD_down_mito	inhibitory::Inh FBN2 EPB41L4A::AD_vs_NCI__Female__e2	151	inhibitory::Inh FBN2 EPB41L4A::AD_vs_NCI__Female__e2	NA	inhibitory	Inh FBN2 EPB41L4A	Inhibitory_neurons	F_e2	Female	e2	AD_down_mito	down	estimable_validated	TRUE	0	0	0	0	874	empty_query	fine_deg_pathway_query_manifest_v1
454	inhibitory::Inh FBN2 EPB41L4A::AD_vs_NCI__Female__e33::AD_any_mito	inhibitory::Inh FBN2 EPB41L4A::AD_vs_NCI__Female__e33	152	inhibitory::Inh FBN2 EPB41L4A::AD_vs_NCI__Female__e33	NA	inhibitory	Inh FBN2 EPB41L4A	Inhibitory_neurons	F_e33	Female	e33	AD_any_mito	any	estimable_validated	TRUE	9	9	0	9	847	testable_query	fine_deg_pathway_query_manifest_v1
455	inhibitory::Inh FBN2 EPB41L4A::AD_vs_NCI__Female__e33::AD_up_mito	inhibitory::Inh FBN2 EPB41L4A::AD_vs_NCI__Female__e33	152	inhibitory::Inh FBN2 EPB41L4A::AD_vs_NCI__Female__e33	NA	inhibitory	Inh FBN2 EPB41L4A	Inhibitory_neurons	F_e33	Female	e33	AD_up_mito	up	estimable_validated	TRUE	9	9	0	9	847	testable_query	fine_deg_pathway_query_manifest_v1
456	inhibitory::Inh FBN2 EPB41L4A::AD_vs_NCI__Female__e33::AD_down_mito	inhibitory::Inh FBN2 EPB41L4A::AD_vs_NCI__Female__e33	152	inhibitory::Inh FBN2 EPB41L4A::AD_vs_NCI__Female__e33	NA	inhibitory	Inh FBN2 EPB41L4A	Inhibitory_neurons	F_e33	Female	e33	AD_down_mito	down	estimable_validated	TRUE	0	0	0	0	847	empty_query	fine_deg_pathway_query_manifest_v1
457	inhibitory::Inh FBN2 EPB41L4A::AD_vs_NCI__Female__e4::AD_any_mito	inhibitory::Inh FBN2 EPB41L4A::AD_vs_NCI__Female__e4	153	inhibitory::Inh FBN2 EPB41L4A::AD_vs_NCI__Female__e4	NA	inhibitory	Inh FBN2 EPB41L4A	Inhibitory_neurons	F_e4	Female	e4	AD_any_mito	any	estimable_validated	TRUE	1	1	0	1	841	query_below_minimum	fine_deg_pathway_query_manifest_v1
458	inhibitory::Inh FBN2 EPB41L4A::AD_vs_NCI__Female__e4::AD_up_mito	inhibitory::Inh FBN2 EPB41L4A::AD_vs_NCI__Female__e4	153	inhibitory::Inh FBN2 EPB41L4A::AD_vs_NCI__Female__e4	NA	inhibitory	Inh FBN2 EPB41L4A	Inhibitory_neurons	F_e4	Female	e4	AD_up_mito	up	estimable_validated	TRUE	0	0	0	0	841	empty_query	fine_deg_pathway_query_manifest_v1
459	inhibitory::Inh FBN2 EPB41L4A::AD_vs_NCI__Female__e4::AD_down_mito	inhibitory::Inh FBN2 EPB41L4A::AD_vs_NCI__Female__e4	153	inhibitory::Inh FBN2 EPB41L4A::AD_vs_NCI__Female__e4	NA	inhibitory	Inh FBN2 EPB41L4A	Inhibitory_neurons	F_e4	Female	e4	AD_down_mito	down	estimable_validated	TRUE	1	1	0	1	841	query_below_minimum	fine_deg_pathway_query_manifest_v1
460	inhibitory::Inh FBN2 EPB41L4A::AD_vs_NCI__Male__e2::AD_any_mito	inhibitory::Inh FBN2 EPB41L4A::AD_vs_NCI__Male__e2	154	inhibitory::Inh FBN2 EPB41L4A::AD_vs_NCI__Male__e2	NA	inhibitory	Inh FBN2 EPB41L4A	Inhibitory_neurons	M_e2	Male	e2	AD_any_mito	any	estimable_validated	TRUE	0	0	0	0	889	empty_query	fine_deg_pathway_query_manifest_v1
461	inhibitory::Inh FBN2 EPB41L4A::AD_vs_NCI__Male__e2::AD_up_mito	inhibitory::Inh FBN2 EPB41L4A::AD_vs_NCI__Male__e2	154	inhibitory::Inh FBN2 EPB41L4A::AD_vs_NCI__Male__e2	NA	inhibitory	Inh FBN2 EPB41L4A	Inhibitory_neurons	M_e2	Male	e2	AD_up_mito	up	estimable_validated	TRUE	0	0	0	0	889	empty_query	fine_deg_pathway_query_manifest_v1
462	inhibitory::Inh FBN2 EPB41L4A::AD_vs_NCI__Male__e2::AD_down_mito	inhibitory::Inh FBN2 EPB41L4A::AD_vs_NCI__Male__e2	154	inhibitory::Inh FBN2 EPB41L4A::AD_vs_NCI__Male__e2	NA	inhibitory	Inh FBN2 EPB41L4A	Inhibitory_neurons	M_e2	Male	e2	AD_down_mito	down	estimable_validated	TRUE	0	0	0	0	889	empty_query	fine_deg_pathway_query_manifest_v1
463	inhibitory::Inh FBN2 EPB41L4A::AD_vs_NCI__Male__e33::AD_any_mito	inhibitory::Inh FBN2 EPB41L4A::AD_vs_NCI__Male__e33	155	inhibitory::Inh FBN2 EPB41L4A::AD_vs_NCI__Male__e33	NA	inhibitory	Inh FBN2 EPB41L4A	Inhibitory_neurons	M_e33	Male	e33	AD_any_mito	any	estimable_validated	TRUE	16	16	0	16	821	testable_query	fine_deg_pathway_query_manifest_v1
464	inhibitory::Inh FBN2 EPB41L4A::AD_vs_NCI__Male__e33::AD_up_mito	inhibitory::Inh FBN2 EPB41L4A::AD_vs_NCI__Male__e33	155	inhibitory::Inh FBN2 EPB41L4A::AD_vs_NCI__Male__e33	NA	inhibitory	Inh FBN2 EPB41L4A	Inhibitory_neurons	M_e33	Male	e33	AD_up_mito	up	estimable_validated	TRUE	16	16	0	16	821	testable_query	fine_deg_pathway_query_manifest_v1
465	inhibitory::Inh FBN2 EPB41L4A::AD_vs_NCI__Male__e33::AD_down_mito	inhibitory::Inh FBN2 EPB41L4A::AD_vs_NCI__Male__e33	155	inhibitory::Inh FBN2 EPB41L4A::AD_vs_NCI__Male__e33	NA	inhibitory	Inh FBN2 EPB41L4A	Inhibitory_neurons	M_e33	Male	e33	AD_down_mito	down	estimable_validated	TRUE	0	0	0	0	821	empty_query	fine_deg_pathway_query_manifest_v1
466	inhibitory::Inh FBN2 EPB41L4A::AD_vs_NCI__Male__e4::AD_any_mito	inhibitory::Inh FBN2 EPB41L4A::AD_vs_NCI__Male__e4	156	inhibitory::Inh FBN2 EPB41L4A::AD_vs_NCI__Male__e4	NA	inhibitory	Inh FBN2 EPB41L4A	Inhibitory_neurons	M_e4	Male	e4	AD_any_mito	any	estimable_validated	TRUE	2	2	0	2	836	query_below_minimum	fine_deg_pathway_query_manifest_v1
467	inhibitory::Inh FBN2 EPB41L4A::AD_vs_NCI__Male__e4::AD_up_mito	inhibitory::Inh FBN2 EPB41L4A::AD_vs_NCI__Male__e4	156	inhibitory::Inh FBN2 EPB41L4A::AD_vs_NCI__Male__e4	NA	inhibitory	Inh FBN2 EPB41L4A	Inhibitory_neurons	M_e4	Male	e4	AD_up_mito	up	estimable_validated	TRUE	2	2	0	2	836	query_below_minimum	fine_deg_pathway_query_manifest_v1
468	inhibitory::Inh FBN2 EPB41L4A::AD_vs_NCI__Male__e4::AD_down_mito	inhibitory::Inh FBN2 EPB41L4A::AD_vs_NCI__Male__e4	156	inhibitory::Inh FBN2 EPB41L4A::AD_vs_NCI__Male__e4	NA	inhibitory	Inh FBN2 EPB41L4A	Inhibitory_neurons	M_e4	Male	e4	AD_down_mito	down	estimable_validated	TRUE	0	0	0	0	836	empty_query	fine_deg_pathway_query_manifest_v1
469	inhibitory::Inh GPC5 RIT2::AD_vs_NCI__Female__e2::AD_any_mito	inhibitory::Inh GPC5 RIT2::AD_vs_NCI__Female__e2	157	inhibitory::Inh GPC5 RIT2::AD_vs_NCI__Female__e2	NA	inhibitory	Inh GPC5 RIT2	Inhibitory_neurons	F_e2	Female	e2	AD_any_mito	any	estimable_validated	TRUE	0	0	0	0	868	empty_query	fine_deg_pathway_query_manifest_v1
470	inhibitory::Inh GPC5 RIT2::AD_vs_NCI__Female__e2::AD_up_mito	inhibitory::Inh GPC5 RIT2::AD_vs_NCI__Female__e2	157	inhibitory::Inh GPC5 RIT2::AD_vs_NCI__Female__e2	NA	inhibitory	Inh GPC5 RIT2	Inhibitory_neurons	F_e2	Female	e2	AD_up_mito	up	estimable_validated	TRUE	0	0	0	0	868	empty_query	fine_deg_pathway_query_manifest_v1
471	inhibitory::Inh GPC5 RIT2::AD_vs_NCI__Female__e2::AD_down_mito	inhibitory::Inh GPC5 RIT2::AD_vs_NCI__Female__e2	157	inhibitory::Inh GPC5 RIT2::AD_vs_NCI__Female__e2	NA	inhibitory	Inh GPC5 RIT2	Inhibitory_neurons	F_e2	Female	e2	AD_down_mito	down	estimable_validated	TRUE	0	0	0	0	868	empty_query	fine_deg_pathway_query_manifest_v1
472	inhibitory::Inh GPC5 RIT2::AD_vs_NCI__Female__e33::AD_any_mito	inhibitory::Inh GPC5 RIT2::AD_vs_NCI__Female__e33	158	inhibitory::Inh GPC5 RIT2::AD_vs_NCI__Female__e33	NA	inhibitory	Inh GPC5 RIT2	Inhibitory_neurons	F_e33	Female	e33	AD_any_mito	any	estimable_validated	TRUE	2	2	0	2	829	query_below_minimum	fine_deg_pathway_query_manifest_v1
473	inhibitory::Inh GPC5 RIT2::AD_vs_NCI__Female__e33::AD_up_mito	inhibitory::Inh GPC5 RIT2::AD_vs_NCI__Female__e33	158	inhibitory::Inh GPC5 RIT2::AD_vs_NCI__Female__e33	NA	inhibitory	Inh GPC5 RIT2	Inhibitory_neurons	F_e33	Female	e33	AD_up_mito	up	estimable_validated	TRUE	2	2	0	2	829	query_below_minimum	fine_deg_pathway_query_manifest_v1
474	inhibitory::Inh GPC5 RIT2::AD_vs_NCI__Female__e33::AD_down_mito	inhibitory::Inh GPC5 RIT2::AD_vs_NCI__Female__e33	158	inhibitory::Inh GPC5 RIT2::AD_vs_NCI__Female__e33	NA	inhibitory	Inh GPC5 RIT2	Inhibitory_neurons	F_e33	Female	e33	AD_down_mito	down	estimable_validated	TRUE	0	0	0	0	829	empty_query	fine_deg_pathway_query_manifest_v1
475	inhibitory::Inh GPC5 RIT2::AD_vs_NCI__Female__e4::AD_any_mito	inhibitory::Inh GPC5 RIT2::AD_vs_NCI__Female__e4	159	inhibitory::Inh GPC5 RIT2::AD_vs_NCI__Female__e4	NA	inhibitory	Inh GPC5 RIT2	Inhibitory_neurons	F_e4	Female	e4	AD_any_mito	any	estimable_validated	TRUE	1	1	0	1	863	query_below_minimum	fine_deg_pathway_query_manifest_v1
476	inhibitory::Inh GPC5 RIT2::AD_vs_NCI__Female__e4::AD_up_mito	inhibitory::Inh GPC5 RIT2::AD_vs_NCI__Female__e4	159	inhibitory::Inh GPC5 RIT2::AD_vs_NCI__Female__e4	NA	inhibitory	Inh GPC5 RIT2	Inhibitory_neurons	F_e4	Female	e4	AD_up_mito	up	estimable_validated	TRUE	0	0	0	0	863	empty_query	fine_deg_pathway_query_manifest_v1
477	inhibitory::Inh GPC5 RIT2::AD_vs_NCI__Female__e4::AD_down_mito	inhibitory::Inh GPC5 RIT2::AD_vs_NCI__Female__e4	159	inhibitory::Inh GPC5 RIT2::AD_vs_NCI__Female__e4	NA	inhibitory	Inh GPC5 RIT2	Inhibitory_neurons	F_e4	Female	e4	AD_down_mito	down	estimable_validated	TRUE	1	1	0	1	863	query_below_minimum	fine_deg_pathway_query_manifest_v1
478	inhibitory::Inh GPC5 RIT2::AD_vs_NCI__Male__e2::AD_any_mito	inhibitory::Inh GPC5 RIT2::AD_vs_NCI__Male__e2	160	inhibitory::Inh GPC5 RIT2::AD_vs_NCI__Male__e2	NA	inhibitory	Inh GPC5 RIT2	Inhibitory_neurons	M_e2	Male	e2	AD_any_mito	any	estimable_validated	TRUE	0	0	0	0	894	empty_query	fine_deg_pathway_query_manifest_v1
479	inhibitory::Inh GPC5 RIT2::AD_vs_NCI__Male__e2::AD_up_mito	inhibitory::Inh GPC5 RIT2::AD_vs_NCI__Male__e2	160	inhibitory::Inh GPC5 RIT2::AD_vs_NCI__Male__e2	NA	inhibitory	Inh GPC5 RIT2	Inhibitory_neurons	M_e2	Male	e2	AD_up_mito	up	estimable_validated	TRUE	0	0	0	0	894	empty_query	fine_deg_pathway_query_manifest_v1
480	inhibitory::Inh GPC5 RIT2::AD_vs_NCI__Male__e2::AD_down_mito	inhibitory::Inh GPC5 RIT2::AD_vs_NCI__Male__e2	160	inhibitory::Inh GPC5 RIT2::AD_vs_NCI__Male__e2	NA	inhibitory	Inh GPC5 RIT2	Inhibitory_neurons	M_e2	Male	e2	AD_down_mito	down	estimable_validated	TRUE	0	0	0	0	894	empty_query	fine_deg_pathway_query_manifest_v1
481	inhibitory::Inh GPC5 RIT2::AD_vs_NCI__Male__e33::AD_any_mito	inhibitory::Inh GPC5 RIT2::AD_vs_NCI__Male__e33	161	inhibitory::Inh GPC5 RIT2::AD_vs_NCI__Male__e33	NA	inhibitory	Inh GPC5 RIT2	Inhibitory_neurons	M_e33	Male	e33	AD_any_mito	any	estimable_validated	TRUE	0	0	0	0	805	empty_query	fine_deg_pathway_query_manifest_v1
482	inhibitory::Inh GPC5 RIT2::AD_vs_NCI__Male__e33::AD_up_mito	inhibitory::Inh GPC5 RIT2::AD_vs_NCI__Male__e33	161	inhibitory::Inh GPC5 RIT2::AD_vs_NCI__Male__e33	NA	inhibitory	Inh GPC5 RIT2	Inhibitory_neurons	M_e33	Male	e33	AD_up_mito	up	estimable_validated	TRUE	0	0	0	0	805	empty_query	fine_deg_pathway_query_manifest_v1
483	inhibitory::Inh GPC5 RIT2::AD_vs_NCI__Male__e33::AD_down_mito	inhibitory::Inh GPC5 RIT2::AD_vs_NCI__Male__e33	161	inhibitory::Inh GPC5 RIT2::AD_vs_NCI__Male__e33	NA	inhibitory	Inh GPC5 RIT2	Inhibitory_neurons	M_e33	Male	e33	AD_down_mito	down	estimable_validated	TRUE	0	0	0	0	805	empty_query	fine_deg_pathway_query_manifest_v1
484	inhibitory::Inh GPC5 RIT2::AD_vs_NCI__Male__e4::AD_any_mito	inhibitory::Inh GPC5 RIT2::AD_vs_NCI__Male__e4	162	inhibitory::Inh GPC5 RIT2::AD_vs_NCI__Male__e4	NA	inhibitory	Inh GPC5 RIT2	Inhibitory_neurons	M_e4	Male	e4	AD_any_mito	any	estimable_validated	TRUE	0	0	0	0	833	empty_query	fine_deg_pathway_query_manifest_v1
485	inhibitory::Inh GPC5 RIT2::AD_vs_NCI__Male__e4::AD_up_mito	inhibitory::Inh GPC5 RIT2::AD_vs_NCI__Male__e4	162	inhibitory::Inh GPC5 RIT2::AD_vs_NCI__Male__e4	NA	inhibitory	Inh GPC5 RIT2	Inhibitory_neurons	M_e4	Male	e4	AD_up_mito	up	estimable_validated	TRUE	0	0	0	0	833	empty_query	fine_deg_pathway_query_manifest_v1
486	inhibitory::Inh GPC5 RIT2::AD_vs_NCI__Male__e4::AD_down_mito	inhibitory::Inh GPC5 RIT2::AD_vs_NCI__Male__e4	162	inhibitory::Inh GPC5 RIT2::AD_vs_NCI__Male__e4	NA	inhibitory	Inh GPC5 RIT2	Inhibitory_neurons	M_e4	Male	e4	AD_down_mito	down	estimable_validated	TRUE	0	0	0	0	833	empty_query	fine_deg_pathway_query_manifest_v1
487	inhibitory::Inh L1 PAX6 CA4::AD_vs_NCI__Female__e2::AD_any_mito	inhibitory::Inh L1 PAX6 CA4::AD_vs_NCI__Female__e2	163	inhibitory::Inh L1 PAX6 CA4::AD_vs_NCI__Female__e2	NA	inhibitory	Inh L1 PAX6 CA4	Inhibitory_neurons	F_e2	Female	e2	AD_any_mito	any	estimable_validated	TRUE	0	0	0	0	725	empty_query	fine_deg_pathway_query_manifest_v1
488	inhibitory::Inh L1 PAX6 CA4::AD_vs_NCI__Female__e2::AD_up_mito	inhibitory::Inh L1 PAX6 CA4::AD_vs_NCI__Female__e2	163	inhibitory::Inh L1 PAX6 CA4::AD_vs_NCI__Female__e2	NA	inhibitory	Inh L1 PAX6 CA4	Inhibitory_neurons	F_e2	Female	e2	AD_up_mito	up	estimable_validated	TRUE	0	0	0	0	725	empty_query	fine_deg_pathway_query_manifest_v1
489	inhibitory::Inh L1 PAX6 CA4::AD_vs_NCI__Female__e2::AD_down_mito	inhibitory::Inh L1 PAX6 CA4::AD_vs_NCI__Female__e2	163	inhibitory::Inh L1 PAX6 CA4::AD_vs_NCI__Female__e2	NA	inhibitory	Inh L1 PAX6 CA4	Inhibitory_neurons	F_e2	Female	e2	AD_down_mito	down	estimable_validated	TRUE	0	0	0	0	725	empty_query	fine_deg_pathway_query_manifest_v1
490	inhibitory::Inh L1 PAX6 CA4::AD_vs_NCI__Female__e33::AD_any_mito	inhibitory::Inh L1 PAX6 CA4::AD_vs_NCI__Female__e33	164	inhibitory::Inh L1 PAX6 CA4::AD_vs_NCI__Female__e33	NA	inhibitory	Inh L1 PAX6 CA4	Inhibitory_neurons	F_e33	Female	e33	AD_any_mito	any	estimable_validated	TRUE	0	0	0	0	709	empty_query	fine_deg_pathway_query_manifest_v1
491	inhibitory::Inh L1 PAX6 CA4::AD_vs_NCI__Female__e33::AD_up_mito	inhibitory::Inh L1 PAX6 CA4::AD_vs_NCI__Female__e33	164	inhibitory::Inh L1 PAX6 CA4::AD_vs_NCI__Female__e33	NA	inhibitory	Inh L1 PAX6 CA4	Inhibitory_neurons	F_e33	Female	e33	AD_up_mito	up	estimable_validated	TRUE	0	0	0	0	709	empty_query	fine_deg_pathway_query_manifest_v1
492	inhibitory::Inh L1 PAX6 CA4::AD_vs_NCI__Female__e33::AD_down_mito	inhibitory::Inh L1 PAX6 CA4::AD_vs_NCI__Female__e33	164	inhibitory::Inh L1 PAX6 CA4::AD_vs_NCI__Female__e33	NA	inhibitory	Inh L1 PAX6 CA4	Inhibitory_neurons	F_e33	Female	e33	AD_down_mito	down	estimable_validated	TRUE	0	0	0	0	709	empty_query	fine_deg_pathway_query_manifest_v1
493	inhibitory::Inh L1 PAX6 CA4::AD_vs_NCI__Female__e4::AD_any_mito	inhibitory::Inh L1 PAX6 CA4::AD_vs_NCI__Female__e4	165	inhibitory::Inh L1 PAX6 CA4::AD_vs_NCI__Female__e4	NA	inhibitory	Inh L1 PAX6 CA4	Inhibitory_neurons	F_e4	Female	e4	AD_any_mito	any	estimable_validated	TRUE	2	2	0	2	659	query_below_minimum	fine_deg_pathway_query_manifest_v1
494	inhibitory::Inh L1 PAX6 CA4::AD_vs_NCI__Female__e4::AD_up_mito	inhibitory::Inh L1 PAX6 CA4::AD_vs_NCI__Female__e4	165	inhibitory::Inh L1 PAX6 CA4::AD_vs_NCI__Female__e4	NA	inhibitory	Inh L1 PAX6 CA4	Inhibitory_neurons	F_e4	Female	e4	AD_up_mito	up	estimable_validated	TRUE	0	0	0	0	659	empty_query	fine_deg_pathway_query_manifest_v1
495	inhibitory::Inh L1 PAX6 CA4::AD_vs_NCI__Female__e4::AD_down_mito	inhibitory::Inh L1 PAX6 CA4::AD_vs_NCI__Female__e4	165	inhibitory::Inh L1 PAX6 CA4::AD_vs_NCI__Female__e4	NA	inhibitory	Inh L1 PAX6 CA4	Inhibitory_neurons	F_e4	Female	e4	AD_down_mito	down	estimable_validated	TRUE	2	2	0	2	659	query_below_minimum	fine_deg_pathway_query_manifest_v1
496	inhibitory::Inh L1 PAX6 CA4::AD_vs_NCI__Male__e2::AD_any_mito	inhibitory::Inh L1 PAX6 CA4::AD_vs_NCI__Male__e2	166	inhibitory::Inh L1 PAX6 CA4::AD_vs_NCI__Male__e2	NA	inhibitory	Inh L1 PAX6 CA4	Inhibitory_neurons	M_e2	Male	e2	AD_any_mito	any	estimable_validated	TRUE	0	0	0	0	676	empty_query	fine_deg_pathway_query_manifest_v1
497	inhibitory::Inh L1 PAX6 CA4::AD_vs_NCI__Male__e2::AD_up_mito	inhibitory::Inh L1 PAX6 CA4::AD_vs_NCI__Male__e2	166	inhibitory::Inh L1 PAX6 CA4::AD_vs_NCI__Male__e2	NA	inhibitory	Inh L1 PAX6 CA4	Inhibitory_neurons	M_e2	Male	e2	AD_up_mito	up	estimable_validated	TRUE	0	0	0	0	676	empty_query	fine_deg_pathway_query_manifest_v1
498	inhibitory::Inh L1 PAX6 CA4::AD_vs_NCI__Male__e2::AD_down_mito	inhibitory::Inh L1 PAX6 CA4::AD_vs_NCI__Male__e2	166	inhibitory::Inh L1 PAX6 CA4::AD_vs_NCI__Male__e2	NA	inhibitory	Inh L1 PAX6 CA4	Inhibitory_neurons	M_e2	Male	e2	AD_down_mito	down	estimable_validated	TRUE	0	0	0	0	676	empty_query	fine_deg_pathway_query_manifest_v1
499	inhibitory::Inh L1 PAX6 CA4::AD_vs_NCI__Male__e33::AD_any_mito	inhibitory::Inh L1 PAX6 CA4::AD_vs_NCI__Male__e33	167	inhibitory::Inh L1 PAX6 CA4::AD_vs_NCI__Male__e33	NA	inhibitory	Inh L1 PAX6 CA4	Inhibitory_neurons	M_e33	Male	e33	AD_any_mito	any	estimable_validated	TRUE	0	0	0	0	684	empty_query	fine_deg_pathway_query_manifest_v1
500	inhibitory::Inh L1 PAX6 CA4::AD_vs_NCI__Male__e33::AD_up_mito	inhibitory::Inh L1 PAX6 CA4::AD_vs_NCI__Male__e33	167	inhibitory::Inh L1 PAX6 CA4::AD_vs_NCI__Male__e33	NA	inhibitory	Inh L1 PAX6 CA4	Inhibitory_neurons	M_e33	Male	e33	AD_up_mito	up	estimable_validated	TRUE	0	0	0	0	684	empty_query	fine_deg_pathway_query_manifest_v1
501	inhibitory::Inh L1 PAX6 CA4::AD_vs_NCI__Male__e33::AD_down_mito	inhibitory::Inh L1 PAX6 CA4::AD_vs_NCI__Male__e33	167	inhibitory::Inh L1 PAX6 CA4::AD_vs_NCI__Male__e33	NA	inhibitory	Inh L1 PAX6 CA4	Inhibitory_neurons	M_e33	Male	e33	AD_down_mito	down	estimable_validated	TRUE	0	0	0	0	684	empty_query	fine_deg_pathway_query_manifest_v1
502	inhibitory::Inh L1 PAX6 CA4::AD_vs_NCI__Male__e4::AD_any_mito	inhibitory::Inh L1 PAX6 CA4::AD_vs_NCI__Male__e4	168	inhibitory::Inh L1 PAX6 CA4::AD_vs_NCI__Male__e4	NA	inhibitory	Inh L1 PAX6 CA4	Inhibitory_neurons	M_e4	Male	e4	AD_any_mito	any	estimable_validated	TRUE	0	0	0	0	582	empty_query	fine_deg_pathway_query_manifest_v1
503	inhibitory::Inh L1 PAX6 CA4::AD_vs_NCI__Male__e4::AD_up_mito	inhibitory::Inh L1 PAX6 CA4::AD_vs_NCI__Male__e4	168	inhibitory::Inh L1 PAX6 CA4::AD_vs_NCI__Male__e4	NA	inhibitory	Inh L1 PAX6 CA4	Inhibitory_neurons	M_e4	Male	e4	AD_up_mito	up	estimable_validated	TRUE	0	0	0	0	582	empty_query	fine_deg_pathway_query_manifest_v1
504	inhibitory::Inh L1 PAX6 CA4::AD_vs_NCI__Male__e4::AD_down_mito	inhibitory::Inh L1 PAX6 CA4::AD_vs_NCI__Male__e4	168	inhibitory::Inh L1 PAX6 CA4::AD_vs_NCI__Male__e4	NA	inhibitory	Inh L1 PAX6 CA4	Inhibitory_neurons	M_e4	Male	e4	AD_down_mito	down	estimable_validated	TRUE	0	0	0	0	582	empty_query	fine_deg_pathway_query_manifest_v1
505	inhibitory::Inh L1-2 PAX6 SCGN::AD_vs_NCI__Female__e2::AD_any_mito	inhibitory::Inh L1-2 PAX6 SCGN::AD_vs_NCI__Female__e2	169	inhibitory::Inh L1-2 PAX6 SCGN::AD_vs_NCI__Female__e2	NA	inhibitory	Inh L1-2 PAX6 SCGN	Inhibitory_neurons	F_e2	Female	e2	AD_any_mito	any	estimable_validated	TRUE	0	0	0	0	929	empty_query	fine_deg_pathway_query_manifest_v1
506	inhibitory::Inh L1-2 PAX6 SCGN::AD_vs_NCI__Female__e2::AD_up_mito	inhibitory::Inh L1-2 PAX6 SCGN::AD_vs_NCI__Female__e2	169	inhibitory::Inh L1-2 PAX6 SCGN::AD_vs_NCI__Female__e2	NA	inhibitory	Inh L1-2 PAX6 SCGN	Inhibitory_neurons	F_e2	Female	e2	AD_up_mito	up	estimable_validated	TRUE	0	0	0	0	929	empty_query	fine_deg_pathway_query_manifest_v1
507	inhibitory::Inh L1-2 PAX6 SCGN::AD_vs_NCI__Female__e2::AD_down_mito	inhibitory::Inh L1-2 PAX6 SCGN::AD_vs_NCI__Female__e2	169	inhibitory::Inh L1-2 PAX6 SCGN::AD_vs_NCI__Female__e2	NA	inhibitory	Inh L1-2 PAX6 SCGN	Inhibitory_neurons	F_e2	Female	e2	AD_down_mito	down	estimable_validated	TRUE	0	0	0	0	929	empty_query	fine_deg_pathway_query_manifest_v1
508	inhibitory::Inh L1-2 PAX6 SCGN::AD_vs_NCI__Female__e33::AD_any_mito	inhibitory::Inh L1-2 PAX6 SCGN::AD_vs_NCI__Female__e33	170	inhibitory::Inh L1-2 PAX6 SCGN::AD_vs_NCI__Female__e33	NA	inhibitory	Inh L1-2 PAX6 SCGN	Inhibitory_neurons	F_e33	Female	e33	AD_any_mito	any	estimable_validated	TRUE	0	0	0	0	873	empty_query	fine_deg_pathway_query_manifest_v1
509	inhibitory::Inh L1-2 PAX6 SCGN::AD_vs_NCI__Female__e33::AD_up_mito	inhibitory::Inh L1-2 PAX6 SCGN::AD_vs_NCI__Female__e33	170	inhibitory::Inh L1-2 PAX6 SCGN::AD_vs_NCI__Female__e33	NA	inhibitory	Inh L1-2 PAX6 SCGN	Inhibitory_neurons	F_e33	Female	e33	AD_up_mito	up	estimable_validated	TRUE	0	0	0	0	873	empty_query	fine_deg_pathway_query_manifest_v1
510	inhibitory::Inh L1-2 PAX6 SCGN::AD_vs_NCI__Female__e33::AD_down_mito	inhibitory::Inh L1-2 PAX6 SCGN::AD_vs_NCI__Female__e33	170	inhibitory::Inh L1-2 PAX6 SCGN::AD_vs_NCI__Female__e33	NA	inhibitory	Inh L1-2 PAX6 SCGN	Inhibitory_neurons	F_e33	Female	e33	AD_down_mito	down	estimable_validated	TRUE	0	0	0	0	873	empty_query	fine_deg_pathway_query_manifest_v1
511	inhibitory::Inh L1-2 PAX6 SCGN::AD_vs_NCI__Female__e4::AD_any_mito	inhibitory::Inh L1-2 PAX6 SCGN::AD_vs_NCI__Female__e4	171	inhibitory::Inh L1-2 PAX6 SCGN::AD_vs_NCI__Female__e4	NA	inhibitory	Inh L1-2 PAX6 SCGN	Inhibitory_neurons	F_e4	Female	e4	AD_any_mito	any	estimable_validated	TRUE	0	0	0	0	867	empty_query	fine_deg_pathway_query_manifest_v1
512	inhibitory::Inh L1-2 PAX6 SCGN::AD_vs_NCI__Female__e4::AD_up_mito	inhibitory::Inh L1-2 PAX6 SCGN::AD_vs_NCI__Female__e4	171	inhibitory::Inh L1-2 PAX6 SCGN::AD_vs_NCI__Female__e4	NA	inhibitory	Inh L1-2 PAX6 SCGN	Inhibitory_neurons	F_e4	Female	e4	AD_up_mito	up	estimable_validated	TRUE	0	0	0	0	867	empty_query	fine_deg_pathway_query_manifest_v1
513	inhibitory::Inh L1-2 PAX6 SCGN::AD_vs_NCI__Female__e4::AD_down_mito	inhibitory::Inh L1-2 PAX6 SCGN::AD_vs_NCI__Female__e4	171	inhibitory::Inh L1-2 PAX6 SCGN::AD_vs_NCI__Female__e4	NA	inhibitory	Inh L1-2 PAX6 SCGN	Inhibitory_neurons	F_e4	Female	e4	AD_down_mito	down	estimable_validated	TRUE	0	0	0	0	867	empty_query	fine_deg_pathway_query_manifest_v1
514	inhibitory::Inh L1-2 PAX6 SCGN::AD_vs_NCI__Male__e2::AD_any_mito	inhibitory::Inh L1-2 PAX6 SCGN::AD_vs_NCI__Male__e2	172	inhibitory::Inh L1-2 PAX6 SCGN::AD_vs_NCI__Male__e2	NA	inhibitory	Inh L1-2 PAX6 SCGN	Inhibitory_neurons	M_e2	Male	e2	AD_any_mito	any	estimable_validated	TRUE	0	0	0	0	877	empty_query	fine_deg_pathway_query_manifest_v1
515	inhibitory::Inh L1-2 PAX6 SCGN::AD_vs_NCI__Male__e2::AD_up_mito	inhibitory::Inh L1-2 PAX6 SCGN::AD_vs_NCI__Male__e2	172	inhibitory::Inh L1-2 PAX6 SCGN::AD_vs_NCI__Male__e2	NA	inhibitory	Inh L1-2 PAX6 SCGN	Inhibitory_neurons	M_e2	Male	e2	AD_up_mito	up	estimable_validated	TRUE	0	0	0	0	877	empty_query	fine_deg_pathway_query_manifest_v1
516	inhibitory::Inh L1-2 PAX6 SCGN::AD_vs_NCI__Male__e2::AD_down_mito	inhibitory::Inh L1-2 PAX6 SCGN::AD_vs_NCI__Male__e2	172	inhibitory::Inh L1-2 PAX6 SCGN::AD_vs_NCI__Male__e2	NA	inhibitory	Inh L1-2 PAX6 SCGN	Inhibitory_neurons	M_e2	Male	e2	AD_down_mito	down	estimable_validated	TRUE	0	0	0	0	877	empty_query	fine_deg_pathway_query_manifest_v1
517	inhibitory::Inh L1-2 PAX6 SCGN::AD_vs_NCI__Male__e33::AD_any_mito	inhibitory::Inh L1-2 PAX6 SCGN::AD_vs_NCI__Male__e33	173	inhibitory::Inh L1-2 PAX6 SCGN::AD_vs_NCI__Male__e33	NA	inhibitory	Inh L1-2 PAX6 SCGN	Inhibitory_neurons	M_e33	Male	e33	AD_any_mito	any	estimable_validated	TRUE	0	0	0	0	855	empty_query	fine_deg_pathway_query_manifest_v1
518	inhibitory::Inh L1-2 PAX6 SCGN::AD_vs_NCI__Male__e33::AD_up_mito	inhibitory::Inh L1-2 PAX6 SCGN::AD_vs_NCI__Male__e33	173	inhibitory::Inh L1-2 PAX6 SCGN::AD_vs_NCI__Male__e33	NA	inhibitory	Inh L1-2 PAX6 SCGN	Inhibitory_neurons	M_e33	Male	e33	AD_up_mito	up	estimable_validated	TRUE	0	0	0	0	855	empty_query	fine_deg_pathway_query_manifest_v1
519	inhibitory::Inh L1-2 PAX6 SCGN::AD_vs_NCI__Male__e33::AD_down_mito	inhibitory::Inh L1-2 PAX6 SCGN::AD_vs_NCI__Male__e33	173	inhibitory::Inh L1-2 PAX6 SCGN::AD_vs_NCI__Male__e33	NA	inhibitory	Inh L1-2 PAX6 SCGN	Inhibitory_neurons	M_e33	Male	e33	AD_down_mito	down	estimable_validated	TRUE	0	0	0	0	855	empty_query	fine_deg_pathway_query_manifest_v1
520	inhibitory::Inh L1-2 PAX6 SCGN::AD_vs_NCI__Male__e4::AD_any_mito	inhibitory::Inh L1-2 PAX6 SCGN::AD_vs_NCI__Male__e4	174	inhibitory::Inh L1-2 PAX6 SCGN::AD_vs_NCI__Male__e4	NA	inhibitory	Inh L1-2 PAX6 SCGN	Inhibitory_neurons	M_e4	Male	e4	AD_any_mito	any	estimable_validated	TRUE	0	0	0	0	867	empty_query	fine_deg_pathway_query_manifest_v1
521	inhibitory::Inh L1-2 PAX6 SCGN::AD_vs_NCI__Male__e4::AD_up_mito	inhibitory::Inh L1-2 PAX6 SCGN::AD_vs_NCI__Male__e4	174	inhibitory::Inh L1-2 PAX6 SCGN::AD_vs_NCI__Male__e4	NA	inhibitory	Inh L1-2 PAX6 SCGN	Inhibitory_neurons	M_e4	Male	e4	AD_up_mito	up	estimable_validated	TRUE	0	0	0	0	867	empty_query	fine_deg_pathway_query_manifest_v1
522	inhibitory::Inh L1-2 PAX6 SCGN::AD_vs_NCI__Male__e4::AD_down_mito	inhibitory::Inh L1-2 PAX6 SCGN::AD_vs_NCI__Male__e4	174	inhibitory::Inh L1-2 PAX6 SCGN::AD_vs_NCI__Male__e4	NA	inhibitory	Inh L1-2 PAX6 SCGN	Inhibitory_neurons	M_e4	Male	e4	AD_down_mito	down	estimable_validated	TRUE	0	0	0	0	867	empty_query	fine_deg_pathway_query_manifest_v1
523	inhibitory::Inh L1-6 LAMP5 CA13::AD_vs_NCI__Female__e2::AD_any_mito	inhibitory::Inh L1-6 LAMP5 CA13::AD_vs_NCI__Female__e2	175	inhibitory::Inh L1-6 LAMP5 CA13::AD_vs_NCI__Female__e2	NA	inhibitory	Inh L1-6 LAMP5 CA13	Inhibitory_neurons	F_e2	Female	e2	AD_any_mito	any	estimable_validated	TRUE	5	5	0	5	836	testable_query	fine_deg_pathway_query_manifest_v1
524	inhibitory::Inh L1-6 LAMP5 CA13::AD_vs_NCI__Female__e2::AD_up_mito	inhibitory::Inh L1-6 LAMP5 CA13::AD_vs_NCI__Female__e2	175	inhibitory::Inh L1-6 LAMP5 CA13::AD_vs_NCI__Female__e2	NA	inhibitory	Inh L1-6 LAMP5 CA13	Inhibitory_neurons	F_e2	Female	e2	AD_up_mito	up	estimable_validated	TRUE	2	2	0	2	836	query_below_minimum	fine_deg_pathway_query_manifest_v1
525	inhibitory::Inh L1-6 LAMP5 CA13::AD_vs_NCI__Female__e2::AD_down_mito	inhibitory::Inh L1-6 LAMP5 CA13::AD_vs_NCI__Female__e2	175	inhibitory::Inh L1-6 LAMP5 CA13::AD_vs_NCI__Female__e2	NA	inhibitory	Inh L1-6 LAMP5 CA13	Inhibitory_neurons	F_e2	Female	e2	AD_down_mito	down	estimable_validated	TRUE	3	3	0	3	836	testable_query	fine_deg_pathway_query_manifest_v1
526	inhibitory::Inh L1-6 LAMP5 CA13::AD_vs_NCI__Female__e33::AD_any_mito	inhibitory::Inh L1-6 LAMP5 CA13::AD_vs_NCI__Female__e33	176	inhibitory::Inh L1-6 LAMP5 CA13::AD_vs_NCI__Female__e33	NA	inhibitory	Inh L1-6 LAMP5 CA13	Inhibitory_neurons	F_e33	Female	e33	AD_any_mito	any	estimable_validated	TRUE	24	24	0	24	823	testable_query	fine_deg_pathway_query_manifest_v1
527	inhibitory::Inh L1-6 LAMP5 CA13::AD_vs_NCI__Female__e33::AD_up_mito	inhibitory::Inh L1-6 LAMP5 CA13::AD_vs_NCI__Female__e33	176	inhibitory::Inh L1-6 LAMP5 CA13::AD_vs_NCI__Female__e33	NA	inhibitory	Inh L1-6 LAMP5 CA13	Inhibitory_neurons	F_e33	Female	e33	AD_up_mito	up	estimable_validated	TRUE	10	10	0	10	823	testable_query	fine_deg_pathway_query_manifest_v1
528	inhibitory::Inh L1-6 LAMP5 CA13::AD_vs_NCI__Female__e33::AD_down_mito	inhibitory::Inh L1-6 LAMP5 CA13::AD_vs_NCI__Female__e33	176	inhibitory::Inh L1-6 LAMP5 CA13::AD_vs_NCI__Female__e33	NA	inhibitory	Inh L1-6 LAMP5 CA13	Inhibitory_neurons	F_e33	Female	e33	AD_down_mito	down	estimable_validated	TRUE	14	14	0	14	823	testable_query	fine_deg_pathway_query_manifest_v1
529	inhibitory::Inh L1-6 LAMP5 CA13::AD_vs_NCI__Female__e4::AD_any_mito	inhibitory::Inh L1-6 LAMP5 CA13::AD_vs_NCI__Female__e4	177	inhibitory::Inh L1-6 LAMP5 CA13::AD_vs_NCI__Female__e4	NA	inhibitory	Inh L1-6 LAMP5 CA13	Inhibitory_neurons	F_e4	Female	e4	AD_any_mito	any	estimable_validated	TRUE	9	9	0	9	824	testable_query	fine_deg_pathway_query_manifest_v1
530	inhibitory::Inh L1-6 LAMP5 CA13::AD_vs_NCI__Female__e4::AD_up_mito	inhibitory::Inh L1-6 LAMP5 CA13::AD_vs_NCI__Female__e4	177	inhibitory::Inh L1-6 LAMP5 CA13::AD_vs_NCI__Female__e4	NA	inhibitory	Inh L1-6 LAMP5 CA13	Inhibitory_neurons	F_e4	Female	e4	AD_up_mito	up	estimable_validated	TRUE	0	0	0	0	824	empty_query	fine_deg_pathway_query_manifest_v1
531	inhibitory::Inh L1-6 LAMP5 CA13::AD_vs_NCI__Female__e4::AD_down_mito	inhibitory::Inh L1-6 LAMP5 CA13::AD_vs_NCI__Female__e4	177	inhibitory::Inh L1-6 LAMP5 CA13::AD_vs_NCI__Female__e4	NA	inhibitory	Inh L1-6 LAMP5 CA13	Inhibitory_neurons	F_e4	Female	e4	AD_down_mito	down	estimable_validated	TRUE	9	9	0	9	824	testable_query	fine_deg_pathway_query_manifest_v1
532	inhibitory::Inh L1-6 LAMP5 CA13::AD_vs_NCI__Male__e2::AD_any_mito	inhibitory::Inh L1-6 LAMP5 CA13::AD_vs_NCI__Male__e2	178	inhibitory::Inh L1-6 LAMP5 CA13::AD_vs_NCI__Male__e2	NA	inhibitory	Inh L1-6 LAMP5 CA13	Inhibitory_neurons	M_e2	Male	e2	AD_any_mito	any	estimable_validated	TRUE	14	14	0	14	861	testable_query	fine_deg_pathway_query_manifest_v1
533	inhibitory::Inh L1-6 LAMP5 CA13::AD_vs_NCI__Male__e2::AD_up_mito	inhibitory::Inh L1-6 LAMP5 CA13::AD_vs_NCI__Male__e2	178	inhibitory::Inh L1-6 LAMP5 CA13::AD_vs_NCI__Male__e2	NA	inhibitory	Inh L1-6 LAMP5 CA13	Inhibitory_neurons	M_e2	Male	e2	AD_up_mito	up	estimable_validated	TRUE	6	6	0	6	861	testable_query	fine_deg_pathway_query_manifest_v1
534	inhibitory::Inh L1-6 LAMP5 CA13::AD_vs_NCI__Male__e2::AD_down_mito	inhibitory::Inh L1-6 LAMP5 CA13::AD_vs_NCI__Male__e2	178	inhibitory::Inh L1-6 LAMP5 CA13::AD_vs_NCI__Male__e2	NA	inhibitory	Inh L1-6 LAMP5 CA13	Inhibitory_neurons	M_e2	Male	e2	AD_down_mito	down	estimable_validated	TRUE	8	8	0	8	861	testable_query	fine_deg_pathway_query_manifest_v1
535	inhibitory::Inh L1-6 LAMP5 CA13::AD_vs_NCI__Male__e33::AD_any_mito	inhibitory::Inh L1-6 LAMP5 CA13::AD_vs_NCI__Male__e33	179	inhibitory::Inh L1-6 LAMP5 CA13::AD_vs_NCI__Male__e33	NA	inhibitory	Inh L1-6 LAMP5 CA13	Inhibitory_neurons	M_e33	Male	e33	AD_any_mito	any	estimable_validated	TRUE	8	8	0	8	810	testable_query	fine_deg_pathway_query_manifest_v1
536	inhibitory::Inh L1-6 LAMP5 CA13::AD_vs_NCI__Male__e33::AD_up_mito	inhibitory::Inh L1-6 LAMP5 CA13::AD_vs_NCI__Male__e33	179	inhibitory::Inh L1-6 LAMP5 CA13::AD_vs_NCI__Male__e33	NA	inhibitory	Inh L1-6 LAMP5 CA13	Inhibitory_neurons	M_e33	Male	e33	AD_up_mito	up	estimable_validated	TRUE	3	3	0	3	810	testable_query	fine_deg_pathway_query_manifest_v1
537	inhibitory::Inh L1-6 LAMP5 CA13::AD_vs_NCI__Male__e33::AD_down_mito	inhibitory::Inh L1-6 LAMP5 CA13::AD_vs_NCI__Male__e33	179	inhibitory::Inh L1-6 LAMP5 CA13::AD_vs_NCI__Male__e33	NA	inhibitory	Inh L1-6 LAMP5 CA13	Inhibitory_neurons	M_e33	Male	e33	AD_down_mito	down	estimable_validated	TRUE	5	5	0	5	810	testable_query	fine_deg_pathway_query_manifest_v1
538	inhibitory::Inh L1-6 LAMP5 CA13::AD_vs_NCI__Male__e4::AD_any_mito	inhibitory::Inh L1-6 LAMP5 CA13::AD_vs_NCI__Male__e4	180	inhibitory::Inh L1-6 LAMP5 CA13::AD_vs_NCI__Male__e4	NA	inhibitory	Inh L1-6 LAMP5 CA13	Inhibitory_neurons	M_e4	Male	e4	AD_any_mito	any	estimable_validated	TRUE	4	4	0	4	783	testable_query	fine_deg_pathway_query_manifest_v1
539	inhibitory::Inh L1-6 LAMP5 CA13::AD_vs_NCI__Male__e4::AD_up_mito	inhibitory::Inh L1-6 LAMP5 CA13::AD_vs_NCI__Male__e4	180	inhibitory::Inh L1-6 LAMP5 CA13::AD_vs_NCI__Male__e4	NA	inhibitory	Inh L1-6 LAMP5 CA13	Inhibitory_neurons	M_e4	Male	e4	AD_up_mito	up	estimable_validated	TRUE	0	0	0	0	783	empty_query	fine_deg_pathway_query_manifest_v1
540	inhibitory::Inh L1-6 LAMP5 CA13::AD_vs_NCI__Male__e4::AD_down_mito	inhibitory::Inh L1-6 LAMP5 CA13::AD_vs_NCI__Male__e4	180	inhibitory::Inh L1-6 LAMP5 CA13::AD_vs_NCI__Male__e4	NA	inhibitory	Inh L1-6 LAMP5 CA13	Inhibitory_neurons	M_e4	Male	e4	AD_down_mito	down	estimable_validated	TRUE	4	4	0	4	783	testable_query	fine_deg_pathway_query_manifest_v1
541	inhibitory::Inh L3-5 SST MAFB::AD_vs_NCI__Female__e2::AD_any_mito	inhibitory::Inh L3-5 SST MAFB::AD_vs_NCI__Female__e2	181	inhibitory::Inh L3-5 SST MAFB::AD_vs_NCI__Female__e2	NA	inhibitory	Inh L3-5 SST MAFB	Inhibitory_neurons	F_e2	Female	e2	AD_any_mito	any	estimable_validated	TRUE	8	8	0	8	623	testable_query	fine_deg_pathway_query_manifest_v1
542	inhibitory::Inh L3-5 SST MAFB::AD_vs_NCI__Female__e2::AD_up_mito	inhibitory::Inh L3-5 SST MAFB::AD_vs_NCI__Female__e2	181	inhibitory::Inh L3-5 SST MAFB::AD_vs_NCI__Female__e2	NA	inhibitory	Inh L3-5 SST MAFB	Inhibitory_neurons	F_e2	Female	e2	AD_up_mito	up	estimable_validated	TRUE	8	8	0	8	623	testable_query	fine_deg_pathway_query_manifest_v1
543	inhibitory::Inh L3-5 SST MAFB::AD_vs_NCI__Female__e2::AD_down_mito	inhibitory::Inh L3-5 SST MAFB::AD_vs_NCI__Female__e2	181	inhibitory::Inh L3-5 SST MAFB::AD_vs_NCI__Female__e2	NA	inhibitory	Inh L3-5 SST MAFB	Inhibitory_neurons	F_e2	Female	e2	AD_down_mito	down	estimable_validated	TRUE	0	0	0	0	623	empty_query	fine_deg_pathway_query_manifest_v1
544	inhibitory::Inh L3-5 SST MAFB::AD_vs_NCI__Female__e33::AD_any_mito	inhibitory::Inh L3-5 SST MAFB::AD_vs_NCI__Female__e33	182	inhibitory::Inh L3-5 SST MAFB::AD_vs_NCI__Female__e33	NA	inhibitory	Inh L3-5 SST MAFB	Inhibitory_neurons	F_e33	Female	e33	AD_any_mito	any	estimable_validated	TRUE	9	9	0	9	557	testable_query	fine_deg_pathway_query_manifest_v1
545	inhibitory::Inh L3-5 SST MAFB::AD_vs_NCI__Female__e33::AD_up_mito	inhibitory::Inh L3-5 SST MAFB::AD_vs_NCI__Female__e33	182	inhibitory::Inh L3-5 SST MAFB::AD_vs_NCI__Female__e33	NA	inhibitory	Inh L3-5 SST MAFB	Inhibitory_neurons	F_e33	Female	e33	AD_up_mito	up	estimable_validated	TRUE	7	7	0	7	557	testable_query	fine_deg_pathway_query_manifest_v1
546	inhibitory::Inh L3-5 SST MAFB::AD_vs_NCI__Female__e33::AD_down_mito	inhibitory::Inh L3-5 SST MAFB::AD_vs_NCI__Female__e33	182	inhibitory::Inh L3-5 SST MAFB::AD_vs_NCI__Female__e33	NA	inhibitory	Inh L3-5 SST MAFB	Inhibitory_neurons	F_e33	Female	e33	AD_down_mito	down	estimable_validated	TRUE	2	2	0	2	557	query_below_minimum	fine_deg_pathway_query_manifest_v1
547	inhibitory::Inh L3-5 SST MAFB::AD_vs_NCI__Female__e4::AD_any_mito	inhibitory::Inh L3-5 SST MAFB::AD_vs_NCI__Female__e4	183	inhibitory::Inh L3-5 SST MAFB::AD_vs_NCI__Female__e4	NA	inhibitory	Inh L3-5 SST MAFB	Inhibitory_neurons	F_e4	Female	e4	AD_any_mito	any	estimable_validated	TRUE	21	21	0	21	558	testable_query	fine_deg_pathway_query_manifest_v1
548	inhibitory::Inh L3-5 SST MAFB::AD_vs_NCI__Female__e4::AD_up_mito	inhibitory::Inh L3-5 SST MAFB::AD_vs_NCI__Female__e4	183	inhibitory::Inh L3-5 SST MAFB::AD_vs_NCI__Female__e4	NA	inhibitory	Inh L3-5 SST MAFB	Inhibitory_neurons	F_e4	Female	e4	AD_up_mito	up	estimable_validated	TRUE	7	7	0	7	558	testable_query	fine_deg_pathway_query_manifest_v1
549	inhibitory::Inh L3-5 SST MAFB::AD_vs_NCI__Female__e4::AD_down_mito	inhibitory::Inh L3-5 SST MAFB::AD_vs_NCI__Female__e4	183	inhibitory::Inh L3-5 SST MAFB::AD_vs_NCI__Female__e4	NA	inhibitory	Inh L3-5 SST MAFB	Inhibitory_neurons	F_e4	Female	e4	AD_down_mito	down	estimable_validated	TRUE	14	14	0	14	558	testable_query	fine_deg_pathway_query_manifest_v1
550	inhibitory::Inh L3-5 SST MAFB::AD_vs_NCI__Male__e2::AD_any_mito	inhibitory::Inh L3-5 SST MAFB::AD_vs_NCI__Male__e2	184	inhibitory::Inh L3-5 SST MAFB::AD_vs_NCI__Male__e2	NA	inhibitory	Inh L3-5 SST MAFB	Inhibitory_neurons	M_e2	Male	e2	AD_any_mito	any	estimable_validated	TRUE	209	209	0	209	723	testable_query	fine_deg_pathway_query_manifest_v1
551	inhibitory::Inh L3-5 SST MAFB::AD_vs_NCI__Male__e2::AD_up_mito	inhibitory::Inh L3-5 SST MAFB::AD_vs_NCI__Male__e2	184	inhibitory::Inh L3-5 SST MAFB::AD_vs_NCI__Male__e2	NA	inhibitory	Inh L3-5 SST MAFB	Inhibitory_neurons	M_e2	Male	e2	AD_up_mito	up	estimable_validated	TRUE	103	103	0	103	723	testable_query	fine_deg_pathway_query_manifest_v1
552	inhibitory::Inh L3-5 SST MAFB::AD_vs_NCI__Male__e2::AD_down_mito	inhibitory::Inh L3-5 SST MAFB::AD_vs_NCI__Male__e2	184	inhibitory::Inh L3-5 SST MAFB::AD_vs_NCI__Male__e2	NA	inhibitory	Inh L3-5 SST MAFB	Inhibitory_neurons	M_e2	Male	e2	AD_down_mito	down	estimable_validated	TRUE	106	106	0	106	723	testable_query	fine_deg_pathway_query_manifest_v1
553	inhibitory::Inh L3-5 SST MAFB::AD_vs_NCI__Male__e33::AD_any_mito	inhibitory::Inh L3-5 SST MAFB::AD_vs_NCI__Male__e33	185	inhibitory::Inh L3-5 SST MAFB::AD_vs_NCI__Male__e33	NA	inhibitory	Inh L3-5 SST MAFB	Inhibitory_neurons	M_e33	Male	e33	AD_any_mito	any	estimable_validated	TRUE	2	2	0	2	588	query_below_minimum	fine_deg_pathway_query_manifest_v1
554	inhibitory::Inh L3-5 SST MAFB::AD_vs_NCI__Male__e33::AD_up_mito	inhibitory::Inh L3-5 SST MAFB::AD_vs_NCI__Male__e33	185	inhibitory::Inh L3-5 SST MAFB::AD_vs_NCI__Male__e33	NA	inhibitory	Inh L3-5 SST MAFB	Inhibitory_neurons	M_e33	Male	e33	AD_up_mito	up	estimable_validated	TRUE	0	0	0	0	588	empty_query	fine_deg_pathway_query_manifest_v1
555	inhibitory::Inh L3-5 SST MAFB::AD_vs_NCI__Male__e33::AD_down_mito	inhibitory::Inh L3-5 SST MAFB::AD_vs_NCI__Male__e33	185	inhibitory::Inh L3-5 SST MAFB::AD_vs_NCI__Male__e33	NA	inhibitory	Inh L3-5 SST MAFB	Inhibitory_neurons	M_e33	Male	e33	AD_down_mito	down	estimable_validated	TRUE	2	2	0	2	588	query_below_minimum	fine_deg_pathway_query_manifest_v1
556	inhibitory::Inh L3-5 SST MAFB::AD_vs_NCI__Male__e4::AD_any_mito	inhibitory::Inh L3-5 SST MAFB::AD_vs_NCI__Male__e4	186	inhibitory::Inh L3-5 SST MAFB::AD_vs_NCI__Male__e4	NA	inhibitory	Inh L3-5 SST MAFB	Inhibitory_neurons	M_e4	Male	e4	AD_any_mito	any	estimable_validated	TRUE	9	9	0	9	450	testable_query	fine_deg_pathway_query_manifest_v1
557	inhibitory::Inh L3-5 SST MAFB::AD_vs_NCI__Male__e4::AD_up_mito	inhibitory::Inh L3-5 SST MAFB::AD_vs_NCI__Male__e4	186	inhibitory::Inh L3-5 SST MAFB::AD_vs_NCI__Male__e4	NA	inhibitory	Inh L3-5 SST MAFB	Inhibitory_neurons	M_e4	Male	e4	AD_up_mito	up	estimable_validated	TRUE	5	5	0	5	450	testable_query	fine_deg_pathway_query_manifest_v1
558	inhibitory::Inh L3-5 SST MAFB::AD_vs_NCI__Male__e4::AD_down_mito	inhibitory::Inh L3-5 SST MAFB::AD_vs_NCI__Male__e4	186	inhibitory::Inh L3-5 SST MAFB::AD_vs_NCI__Male__e4	NA	inhibitory	Inh L3-5 SST MAFB	Inhibitory_neurons	M_e4	Male	e4	AD_down_mito	down	estimable_validated	TRUE	4	4	0	4	450	testable_query	fine_deg_pathway_query_manifest_v1
559	inhibitory::Inh L5-6 PVALB STON2::AD_vs_NCI__Female__e2::AD_any_mito	inhibitory::Inh L5-6 PVALB STON2::AD_vs_NCI__Female__e2	187	inhibitory::Inh L5-6 PVALB STON2::AD_vs_NCI__Female__e2	NA	inhibitory	Inh L5-6 PVALB STON2	Inhibitory_neurons	F_e2	Female	e2	AD_any_mito	any	estimable_validated	TRUE	0	0	0	0	876	empty_query	fine_deg_pathway_query_manifest_v1
560	inhibitory::Inh L5-6 PVALB STON2::AD_vs_NCI__Female__e2::AD_up_mito	inhibitory::Inh L5-6 PVALB STON2::AD_vs_NCI__Female__e2	187	inhibitory::Inh L5-6 PVALB STON2::AD_vs_NCI__Female__e2	NA	inhibitory	Inh L5-6 PVALB STON2	Inhibitory_neurons	F_e2	Female	e2	AD_up_mito	up	estimable_validated	TRUE	0	0	0	0	876	empty_query	fine_deg_pathway_query_manifest_v1
561	inhibitory::Inh L5-6 PVALB STON2::AD_vs_NCI__Female__e2::AD_down_mito	inhibitory::Inh L5-6 PVALB STON2::AD_vs_NCI__Female__e2	187	inhibitory::Inh L5-6 PVALB STON2::AD_vs_NCI__Female__e2	NA	inhibitory	Inh L5-6 PVALB STON2	Inhibitory_neurons	F_e2	Female	e2	AD_down_mito	down	estimable_validated	TRUE	0	0	0	0	876	empty_query	fine_deg_pathway_query_manifest_v1
562	inhibitory::Inh L5-6 PVALB STON2::AD_vs_NCI__Female__e33::AD_any_mito	inhibitory::Inh L5-6 PVALB STON2::AD_vs_NCI__Female__e33	188	inhibitory::Inh L5-6 PVALB STON2::AD_vs_NCI__Female__e33	NA	inhibitory	Inh L5-6 PVALB STON2	Inhibitory_neurons	F_e33	Female	e33	AD_any_mito	any	estimable_validated	TRUE	5	5	0	5	841	testable_query	fine_deg_pathway_query_manifest_v1
563	inhibitory::Inh L5-6 PVALB STON2::AD_vs_NCI__Female__e33::AD_up_mito	inhibitory::Inh L5-6 PVALB STON2::AD_vs_NCI__Female__e33	188	inhibitory::Inh L5-6 PVALB STON2::AD_vs_NCI__Female__e33	NA	inhibitory	Inh L5-6 PVALB STON2	Inhibitory_neurons	F_e33	Female	e33	AD_up_mito	up	estimable_validated	TRUE	2	2	0	2	841	query_below_minimum	fine_deg_pathway_query_manifest_v1
564	inhibitory::Inh L5-6 PVALB STON2::AD_vs_NCI__Female__e33::AD_down_mito	inhibitory::Inh L5-6 PVALB STON2::AD_vs_NCI__Female__e33	188	inhibitory::Inh L5-6 PVALB STON2::AD_vs_NCI__Female__e33	NA	inhibitory	Inh L5-6 PVALB STON2	Inhibitory_neurons	F_e33	Female	e33	AD_down_mito	down	estimable_validated	TRUE	3	3	0	3	841	testable_query	fine_deg_pathway_query_manifest_v1
565	inhibitory::Inh L5-6 PVALB STON2::AD_vs_NCI__Female__e4::AD_any_mito	inhibitory::Inh L5-6 PVALB STON2::AD_vs_NCI__Female__e4	189	inhibitory::Inh L5-6 PVALB STON2::AD_vs_NCI__Female__e4	NA	inhibitory	Inh L5-6 PVALB STON2	Inhibitory_neurons	F_e4	Female	e4	AD_any_mito	any	estimable_validated	TRUE	0	0	0	0	869	empty_query	fine_deg_pathway_query_manifest_v1
566	inhibitory::Inh L5-6 PVALB STON2::AD_vs_NCI__Female__e4::AD_up_mito	inhibitory::Inh L5-6 PVALB STON2::AD_vs_NCI__Female__e4	189	inhibitory::Inh L5-6 PVALB STON2::AD_vs_NCI__Female__e4	NA	inhibitory	Inh L5-6 PVALB STON2	Inhibitory_neurons	F_e4	Female	e4	AD_up_mito	up	estimable_validated	TRUE	0	0	0	0	869	empty_query	fine_deg_pathway_query_manifest_v1
567	inhibitory::Inh L5-6 PVALB STON2::AD_vs_NCI__Female__e4::AD_down_mito	inhibitory::Inh L5-6 PVALB STON2::AD_vs_NCI__Female__e4	189	inhibitory::Inh L5-6 PVALB STON2::AD_vs_NCI__Female__e4	NA	inhibitory	Inh L5-6 PVALB STON2	Inhibitory_neurons	F_e4	Female	e4	AD_down_mito	down	estimable_validated	TRUE	0	0	0	0	869	empty_query	fine_deg_pathway_query_manifest_v1
568	inhibitory::Inh L5-6 PVALB STON2::AD_vs_NCI__Male__e2::AD_any_mito	inhibitory::Inh L5-6 PVALB STON2::AD_vs_NCI__Male__e2	190	inhibitory::Inh L5-6 PVALB STON2::AD_vs_NCI__Male__e2	NA	inhibitory	Inh L5-6 PVALB STON2	Inhibitory_neurons	M_e2	Male	e2	AD_any_mito	any	estimable_validated	TRUE	0	0	0	0	884	empty_query	fine_deg_pathway_query_manifest_v1
569	inhibitory::Inh L5-6 PVALB STON2::AD_vs_NCI__Male__e2::AD_up_mito	inhibitory::Inh L5-6 PVALB STON2::AD_vs_NCI__Male__e2	190	inhibitory::Inh L5-6 PVALB STON2::AD_vs_NCI__Male__e2	NA	inhibitory	Inh L5-6 PVALB STON2	Inhibitory_neurons	M_e2	Male	e2	AD_up_mito	up	estimable_validated	TRUE	0	0	0	0	884	empty_query	fine_deg_pathway_query_manifest_v1
570	inhibitory::Inh L5-6 PVALB STON2::AD_vs_NCI__Male__e2::AD_down_mito	inhibitory::Inh L5-6 PVALB STON2::AD_vs_NCI__Male__e2	190	inhibitory::Inh L5-6 PVALB STON2::AD_vs_NCI__Male__e2	NA	inhibitory	Inh L5-6 PVALB STON2	Inhibitory_neurons	M_e2	Male	e2	AD_down_mito	down	estimable_validated	TRUE	0	0	0	0	884	empty_query	fine_deg_pathway_query_manifest_v1
571	inhibitory::Inh L5-6 PVALB STON2::AD_vs_NCI__Male__e33::AD_any_mito	inhibitory::Inh L5-6 PVALB STON2::AD_vs_NCI__Male__e33	191	inhibitory::Inh L5-6 PVALB STON2::AD_vs_NCI__Male__e33	NA	inhibitory	Inh L5-6 PVALB STON2	Inhibitory_neurons	M_e33	Male	e33	AD_any_mito	any	estimable_validated	TRUE	1	1	0	1	836	query_below_minimum	fine_deg_pathway_query_manifest_v1
572	inhibitory::Inh L5-6 PVALB STON2::AD_vs_NCI__Male__e33::AD_up_mito	inhibitory::Inh L5-6 PVALB STON2::AD_vs_NCI__Male__e33	191	inhibitory::Inh L5-6 PVALB STON2::AD_vs_NCI__Male__e33	NA	inhibitory	Inh L5-6 PVALB STON2	Inhibitory_neurons	M_e33	Male	e33	AD_up_mito	up	estimable_validated	TRUE	1	1	0	1	836	query_below_minimum	fine_deg_pathway_query_manifest_v1
573	inhibitory::Inh L5-6 PVALB STON2::AD_vs_NCI__Male__e33::AD_down_mito	inhibitory::Inh L5-6 PVALB STON2::AD_vs_NCI__Male__e33	191	inhibitory::Inh L5-6 PVALB STON2::AD_vs_NCI__Male__e33	NA	inhibitory	Inh L5-6 PVALB STON2	Inhibitory_neurons	M_e33	Male	e33	AD_down_mito	down	estimable_validated	TRUE	0	0	0	0	836	empty_query	fine_deg_pathway_query_manifest_v1
574	inhibitory::Inh L5-6 PVALB STON2::AD_vs_NCI__Male__e4::AD_any_mito	inhibitory::Inh L5-6 PVALB STON2::AD_vs_NCI__Male__e4	192	inhibitory::Inh L5-6 PVALB STON2::AD_vs_NCI__Male__e4	NA	inhibitory	Inh L5-6 PVALB STON2	Inhibitory_neurons	M_e4	Male	e4	AD_any_mito	any	estimable_validated	TRUE	0	0	0	0	848	empty_query	fine_deg_pathway_query_manifest_v1
575	inhibitory::Inh L5-6 PVALB STON2::AD_vs_NCI__Male__e4::AD_up_mito	inhibitory::Inh L5-6 PVALB STON2::AD_vs_NCI__Male__e4	192	inhibitory::Inh L5-6 PVALB STON2::AD_vs_NCI__Male__e4	NA	inhibitory	Inh L5-6 PVALB STON2	Inhibitory_neurons	M_e4	Male	e4	AD_up_mito	up	estimable_validated	TRUE	0	0	0	0	848	empty_query	fine_deg_pathway_query_manifest_v1
576	inhibitory::Inh L5-6 PVALB STON2::AD_vs_NCI__Male__e4::AD_down_mito	inhibitory::Inh L5-6 PVALB STON2::AD_vs_NCI__Male__e4	192	inhibitory::Inh L5-6 PVALB STON2::AD_vs_NCI__Male__e4	NA	inhibitory	Inh L5-6 PVALB STON2	Inhibitory_neurons	M_e4	Male	e4	AD_down_mito	down	estimable_validated	TRUE	0	0	0	0	848	empty_query	fine_deg_pathway_query_manifest_v1
577	inhibitory::Inh L5-6 SST TH::AD_vs_NCI__Female__e2::AD_any_mito	inhibitory::Inh L5-6 SST TH::AD_vs_NCI__Female__e2	193	inhibitory::Inh L5-6 SST TH::AD_vs_NCI__Female__e2	NA	inhibitory	Inh L5-6 SST TH	Inhibitory_neurons	F_e2	Female	e2	AD_any_mito	any	estimable_validated	TRUE	0	0	0	0	859	empty_query	fine_deg_pathway_query_manifest_v1
578	inhibitory::Inh L5-6 SST TH::AD_vs_NCI__Female__e2::AD_up_mito	inhibitory::Inh L5-6 SST TH::AD_vs_NCI__Female__e2	193	inhibitory::Inh L5-6 SST TH::AD_vs_NCI__Female__e2	NA	inhibitory	Inh L5-6 SST TH	Inhibitory_neurons	F_e2	Female	e2	AD_up_mito	up	estimable_validated	TRUE	0	0	0	0	859	empty_query	fine_deg_pathway_query_manifest_v1
579	inhibitory::Inh L5-6 SST TH::AD_vs_NCI__Female__e2::AD_down_mito	inhibitory::Inh L5-6 SST TH::AD_vs_NCI__Female__e2	193	inhibitory::Inh L5-6 SST TH::AD_vs_NCI__Female__e2	NA	inhibitory	Inh L5-6 SST TH	Inhibitory_neurons	F_e2	Female	e2	AD_down_mito	down	estimable_validated	TRUE	0	0	0	0	859	empty_query	fine_deg_pathway_query_manifest_v1
580	inhibitory::Inh L5-6 SST TH::AD_vs_NCI__Female__e33::AD_any_mito	inhibitory::Inh L5-6 SST TH::AD_vs_NCI__Female__e33	194	inhibitory::Inh L5-6 SST TH::AD_vs_NCI__Female__e33	NA	inhibitory	Inh L5-6 SST TH	Inhibitory_neurons	F_e33	Female	e33	AD_any_mito	any	estimable_validated	TRUE	1	1	0	1	823	query_below_minimum	fine_deg_pathway_query_manifest_v1
581	inhibitory::Inh L5-6 SST TH::AD_vs_NCI__Female__e33::AD_up_mito	inhibitory::Inh L5-6 SST TH::AD_vs_NCI__Female__e33	194	inhibitory::Inh L5-6 SST TH::AD_vs_NCI__Female__e33	NA	inhibitory	Inh L5-6 SST TH	Inhibitory_neurons	F_e33	Female	e33	AD_up_mito	up	estimable_validated	TRUE	0	0	0	0	823	empty_query	fine_deg_pathway_query_manifest_v1
582	inhibitory::Inh L5-6 SST TH::AD_vs_NCI__Female__e33::AD_down_mito	inhibitory::Inh L5-6 SST TH::AD_vs_NCI__Female__e33	194	inhibitory::Inh L5-6 SST TH::AD_vs_NCI__Female__e33	NA	inhibitory	Inh L5-6 SST TH	Inhibitory_neurons	F_e33	Female	e33	AD_down_mito	down	estimable_validated	TRUE	1	1	0	1	823	query_below_minimum	fine_deg_pathway_query_manifest_v1
583	inhibitory::Inh L5-6 SST TH::AD_vs_NCI__Female__e4::AD_any_mito	inhibitory::Inh L5-6 SST TH::AD_vs_NCI__Female__e4	195	inhibitory::Inh L5-6 SST TH::AD_vs_NCI__Female__e4	NA	inhibitory	Inh L5-6 SST TH	Inhibitory_neurons	F_e4	Female	e4	AD_any_mito	any	estimable_validated	TRUE	0	0	0	0	828	empty_query	fine_deg_pathway_query_manifest_v1
584	inhibitory::Inh L5-6 SST TH::AD_vs_NCI__Female__e4::AD_up_mito	inhibitory::Inh L5-6 SST TH::AD_vs_NCI__Female__e4	195	inhibitory::Inh L5-6 SST TH::AD_vs_NCI__Female__e4	NA	inhibitory	Inh L5-6 SST TH	Inhibitory_neurons	F_e4	Female	e4	AD_up_mito	up	estimable_validated	TRUE	0	0	0	0	828	empty_query	fine_deg_pathway_query_manifest_v1
585	inhibitory::Inh L5-6 SST TH::AD_vs_NCI__Female__e4::AD_down_mito	inhibitory::Inh L5-6 SST TH::AD_vs_NCI__Female__e4	195	inhibitory::Inh L5-6 SST TH::AD_vs_NCI__Female__e4	NA	inhibitory	Inh L5-6 SST TH	Inhibitory_neurons	F_e4	Female	e4	AD_down_mito	down	estimable_validated	TRUE	0	0	0	0	828	empty_query	fine_deg_pathway_query_manifest_v1
586	inhibitory::Inh L5-6 SST TH::AD_vs_NCI__Male__e2::AD_any_mito	inhibitory::Inh L5-6 SST TH::AD_vs_NCI__Male__e2	196	inhibitory::Inh L5-6 SST TH::AD_vs_NCI__Male__e2	NA	inhibitory	Inh L5-6 SST TH	Inhibitory_neurons	M_e2	Male	e2	AD_any_mito	any	estimable_validated	TRUE	0	0	0	0	886	empty_query	fine_deg_pathway_query_manifest_v1
587	inhibitory::Inh L5-6 SST TH::AD_vs_NCI__Male__e2::AD_up_mito	inhibitory::Inh L5-6 SST TH::AD_vs_NCI__Male__e2	196	inhibitory::Inh L5-6 SST TH::AD_vs_NCI__Male__e2	NA	inhibitory	Inh L5-6 SST TH	Inhibitory_neurons	M_e2	Male	e2	AD_up_mito	up	estimable_validated	TRUE	0	0	0	0	886	empty_query	fine_deg_pathway_query_manifest_v1
588	inhibitory::Inh L5-6 SST TH::AD_vs_NCI__Male__e2::AD_down_mito	inhibitory::Inh L5-6 SST TH::AD_vs_NCI__Male__e2	196	inhibitory::Inh L5-6 SST TH::AD_vs_NCI__Male__e2	NA	inhibitory	Inh L5-6 SST TH	Inhibitory_neurons	M_e2	Male	e2	AD_down_mito	down	estimable_validated	TRUE	0	0	0	0	886	empty_query	fine_deg_pathway_query_manifest_v1
589	inhibitory::Inh L5-6 SST TH::AD_vs_NCI__Male__e33::AD_any_mito	inhibitory::Inh L5-6 SST TH::AD_vs_NCI__Male__e33	197	inhibitory::Inh L5-6 SST TH::AD_vs_NCI__Male__e33	NA	inhibitory	Inh L5-6 SST TH	Inhibitory_neurons	M_e33	Male	e33	AD_any_mito	any	estimable_validated	TRUE	0	0	0	0	803	empty_query	fine_deg_pathway_query_manifest_v1
590	inhibitory::Inh L5-6 SST TH::AD_vs_NCI__Male__e33::AD_up_mito	inhibitory::Inh L5-6 SST TH::AD_vs_NCI__Male__e33	197	inhibitory::Inh L5-6 SST TH::AD_vs_NCI__Male__e33	NA	inhibitory	Inh L5-6 SST TH	Inhibitory_neurons	M_e33	Male	e33	AD_up_mito	up	estimable_validated	TRUE	0	0	0	0	803	empty_query	fine_deg_pathway_query_manifest_v1
591	inhibitory::Inh L5-6 SST TH::AD_vs_NCI__Male__e33::AD_down_mito	inhibitory::Inh L5-6 SST TH::AD_vs_NCI__Male__e33	197	inhibitory::Inh L5-6 SST TH::AD_vs_NCI__Male__e33	NA	inhibitory	Inh L5-6 SST TH	Inhibitory_neurons	M_e33	Male	e33	AD_down_mito	down	estimable_validated	TRUE	0	0	0	0	803	empty_query	fine_deg_pathway_query_manifest_v1
592	inhibitory::Inh L5-6 SST TH::AD_vs_NCI__Male__e4::AD_any_mito	inhibitory::Inh L5-6 SST TH::AD_vs_NCI__Male__e4	198	inhibitory::Inh L5-6 SST TH::AD_vs_NCI__Male__e4	NA	inhibitory	Inh L5-6 SST TH	Inhibitory_neurons	M_e4	Male	e4	AD_any_mito	any	estimable_validated	TRUE	0	0	0	0	808	empty_query	fine_deg_pathway_query_manifest_v1
593	inhibitory::Inh L5-6 SST TH::AD_vs_NCI__Male__e4::AD_up_mito	inhibitory::Inh L5-6 SST TH::AD_vs_NCI__Male__e4	198	inhibitory::Inh L5-6 SST TH::AD_vs_NCI__Male__e4	NA	inhibitory	Inh L5-6 SST TH	Inhibitory_neurons	M_e4	Male	e4	AD_up_mito	up	estimable_validated	TRUE	0	0	0	0	808	empty_query	fine_deg_pathway_query_manifest_v1
594	inhibitory::Inh L5-6 SST TH::AD_vs_NCI__Male__e4::AD_down_mito	inhibitory::Inh L5-6 SST TH::AD_vs_NCI__Male__e4	198	inhibitory::Inh L5-6 SST TH::AD_vs_NCI__Male__e4	NA	inhibitory	Inh L5-6 SST TH	Inhibitory_neurons	M_e4	Male	e4	AD_down_mito	down	estimable_validated	TRUE	0	0	0	0	808	empty_query	fine_deg_pathway_query_manifest_v1
595	inhibitory::Inh L6 SST NPY::AD_vs_NCI__Female__e2::AD_any_mito	inhibitory::Inh L6 SST NPY::AD_vs_NCI__Female__e2	199	inhibitory::Inh L6 SST NPY::AD_vs_NCI__Female__e2	NA	inhibitory	Inh L6 SST NPY	Inhibitory_neurons	F_e2	Female	e2	AD_any_mito	any	estimable_validated	TRUE	0	0	0	0	864	empty_query	fine_deg_pathway_query_manifest_v1
596	inhibitory::Inh L6 SST NPY::AD_vs_NCI__Female__e2::AD_up_mito	inhibitory::Inh L6 SST NPY::AD_vs_NCI__Female__e2	199	inhibitory::Inh L6 SST NPY::AD_vs_NCI__Female__e2	NA	inhibitory	Inh L6 SST NPY	Inhibitory_neurons	F_e2	Female	e2	AD_up_mito	up	estimable_validated	TRUE	0	0	0	0	864	empty_query	fine_deg_pathway_query_manifest_v1
597	inhibitory::Inh L6 SST NPY::AD_vs_NCI__Female__e2::AD_down_mito	inhibitory::Inh L6 SST NPY::AD_vs_NCI__Female__e2	199	inhibitory::Inh L6 SST NPY::AD_vs_NCI__Female__e2	NA	inhibitory	Inh L6 SST NPY	Inhibitory_neurons	F_e2	Female	e2	AD_down_mito	down	estimable_validated	TRUE	0	0	0	0	864	empty_query	fine_deg_pathway_query_manifest_v1
598	inhibitory::Inh L6 SST NPY::AD_vs_NCI__Female__e33::AD_any_mito	inhibitory::Inh L6 SST NPY::AD_vs_NCI__Female__e33	200	inhibitory::Inh L6 SST NPY::AD_vs_NCI__Female__e33	NA	inhibitory	Inh L6 SST NPY	Inhibitory_neurons	F_e33	Female	e33	AD_any_mito	any	estimable_validated	TRUE	0	0	0	0	840	empty_query	fine_deg_pathway_query_manifest_v1
599	inhibitory::Inh L6 SST NPY::AD_vs_NCI__Female__e33::AD_up_mito	inhibitory::Inh L6 SST NPY::AD_vs_NCI__Female__e33	200	inhibitory::Inh L6 SST NPY::AD_vs_NCI__Female__e33	NA	inhibitory	Inh L6 SST NPY	Inhibitory_neurons	F_e33	Female	e33	AD_up_mito	up	estimable_validated	TRUE	0	0	0	0	840	empty_query	fine_deg_pathway_query_manifest_v1
600	inhibitory::Inh L6 SST NPY::AD_vs_NCI__Female__e33::AD_down_mito	inhibitory::Inh L6 SST NPY::AD_vs_NCI__Female__e33	200	inhibitory::Inh L6 SST NPY::AD_vs_NCI__Female__e33	NA	inhibitory	Inh L6 SST NPY	Inhibitory_neurons	F_e33	Female	e33	AD_down_mito	down	estimable_validated	TRUE	0	0	0	0	840	empty_query	fine_deg_pathway_query_manifest_v1
601	inhibitory::Inh L6 SST NPY::AD_vs_NCI__Female__e4::AD_any_mito	inhibitory::Inh L6 SST NPY::AD_vs_NCI__Female__e4	201	inhibitory::Inh L6 SST NPY::AD_vs_NCI__Female__e4	NA	inhibitory	Inh L6 SST NPY	Inhibitory_neurons	F_e4	Female	e4	AD_any_mito	any	estimable_validated	TRUE	0	0	0	0	817	empty_query	fine_deg_pathway_query_manifest_v1
602	inhibitory::Inh L6 SST NPY::AD_vs_NCI__Female__e4::AD_up_mito	inhibitory::Inh L6 SST NPY::AD_vs_NCI__Female__e4	201	inhibitory::Inh L6 SST NPY::AD_vs_NCI__Female__e4	NA	inhibitory	Inh L6 SST NPY	Inhibitory_neurons	F_e4	Female	e4	AD_up_mito	up	estimable_validated	TRUE	0	0	0	0	817	empty_query	fine_deg_pathway_query_manifest_v1
603	inhibitory::Inh L6 SST NPY::AD_vs_NCI__Female__e4::AD_down_mito	inhibitory::Inh L6 SST NPY::AD_vs_NCI__Female__e4	201	inhibitory::Inh L6 SST NPY::AD_vs_NCI__Female__e4	NA	inhibitory	Inh L6 SST NPY	Inhibitory_neurons	F_e4	Female	e4	AD_down_mito	down	estimable_validated	TRUE	0	0	0	0	817	empty_query	fine_deg_pathway_query_manifest_v1
604	inhibitory::Inh L6 SST NPY::AD_vs_NCI__Male__e2::AD_any_mito	inhibitory::Inh L6 SST NPY::AD_vs_NCI__Male__e2	202	inhibitory::Inh L6 SST NPY::AD_vs_NCI__Male__e2	NA	inhibitory	Inh L6 SST NPY	Inhibitory_neurons	M_e2	Male	e2	AD_any_mito	any	estimable_validated	TRUE	0	0	0	0	812	empty_query	fine_deg_pathway_query_manifest_v1
605	inhibitory::Inh L6 SST NPY::AD_vs_NCI__Male__e2::AD_up_mito	inhibitory::Inh L6 SST NPY::AD_vs_NCI__Male__e2	202	inhibitory::Inh L6 SST NPY::AD_vs_NCI__Male__e2	NA	inhibitory	Inh L6 SST NPY	Inhibitory_neurons	M_e2	Male	e2	AD_up_mito	up	estimable_validated	TRUE	0	0	0	0	812	empty_query	fine_deg_pathway_query_manifest_v1
606	inhibitory::Inh L6 SST NPY::AD_vs_NCI__Male__e2::AD_down_mito	inhibitory::Inh L6 SST NPY::AD_vs_NCI__Male__e2	202	inhibitory::Inh L6 SST NPY::AD_vs_NCI__Male__e2	NA	inhibitory	Inh L6 SST NPY	Inhibitory_neurons	M_e2	Male	e2	AD_down_mito	down	estimable_validated	TRUE	0	0	0	0	812	empty_query	fine_deg_pathway_query_manifest_v1
607	inhibitory::Inh L6 SST NPY::AD_vs_NCI__Male__e33::AD_any_mito	inhibitory::Inh L6 SST NPY::AD_vs_NCI__Male__e33	203	inhibitory::Inh L6 SST NPY::AD_vs_NCI__Male__e33	NA	inhibitory	Inh L6 SST NPY	Inhibitory_neurons	M_e33	Male	e33	AD_any_mito	any	estimable_validated	TRUE	5	5	0	5	784	testable_query	fine_deg_pathway_query_manifest_v1
608	inhibitory::Inh L6 SST NPY::AD_vs_NCI__Male__e33::AD_up_mito	inhibitory::Inh L6 SST NPY::AD_vs_NCI__Male__e33	203	inhibitory::Inh L6 SST NPY::AD_vs_NCI__Male__e33	NA	inhibitory	Inh L6 SST NPY	Inhibitory_neurons	M_e33	Male	e33	AD_up_mito	up	estimable_validated	TRUE	3	3	0	3	784	testable_query	fine_deg_pathway_query_manifest_v1
609	inhibitory::Inh L6 SST NPY::AD_vs_NCI__Male__e33::AD_down_mito	inhibitory::Inh L6 SST NPY::AD_vs_NCI__Male__e33	203	inhibitory::Inh L6 SST NPY::AD_vs_NCI__Male__e33	NA	inhibitory	Inh L6 SST NPY	Inhibitory_neurons	M_e33	Male	e33	AD_down_mito	down	estimable_validated	TRUE	2	2	0	2	784	query_below_minimum	fine_deg_pathway_query_manifest_v1
610	inhibitory::Inh L6 SST NPY::AD_vs_NCI__Male__e4::AD_any_mito	inhibitory::Inh L6 SST NPY::AD_vs_NCI__Male__e4	204	inhibitory::Inh L6 SST NPY::AD_vs_NCI__Male__e4	NA	inhibitory	Inh L6 SST NPY	Inhibitory_neurons	M_e4	Male	e4	AD_any_mito	any	estimable_validated	TRUE	0	0	0	0	818	empty_query	fine_deg_pathway_query_manifest_v1
611	inhibitory::Inh L6 SST NPY::AD_vs_NCI__Male__e4::AD_up_mito	inhibitory::Inh L6 SST NPY::AD_vs_NCI__Male__e4	204	inhibitory::Inh L6 SST NPY::AD_vs_NCI__Male__e4	NA	inhibitory	Inh L6 SST NPY	Inhibitory_neurons	M_e4	Male	e4	AD_up_mito	up	estimable_validated	TRUE	0	0	0	0	818	empty_query	fine_deg_pathway_query_manifest_v1
612	inhibitory::Inh L6 SST NPY::AD_vs_NCI__Male__e4::AD_down_mito	inhibitory::Inh L6 SST NPY::AD_vs_NCI__Male__e4	204	inhibitory::Inh L6 SST NPY::AD_vs_NCI__Male__e4	NA	inhibitory	Inh L6 SST NPY	Inhibitory_neurons	M_e4	Male	e4	AD_down_mito	down	estimable_validated	TRUE	0	0	0	0	818	empty_query	fine_deg_pathway_query_manifest_v1
613	inhibitory::Inh LAMP5 NRG1 (Rosehip)::AD_vs_NCI__Female__e2::AD_any_mito	inhibitory::Inh LAMP5 NRG1 (Rosehip)::AD_vs_NCI__Female__e2	205	inhibitory::Inh LAMP5 NRG1 (Rosehip)::AD_vs_NCI__Female__e2	NA	inhibitory	Inh LAMP5 NRG1 (Rosehip)	Inhibitory_neurons	F_e2	Female	e2	AD_any_mito	any	estimable_validated	TRUE	10	10	0	10	785	testable_query	fine_deg_pathway_query_manifest_v1
614	inhibitory::Inh LAMP5 NRG1 (Rosehip)::AD_vs_NCI__Female__e2::AD_up_mito	inhibitory::Inh LAMP5 NRG1 (Rosehip)::AD_vs_NCI__Female__e2	205	inhibitory::Inh LAMP5 NRG1 (Rosehip)::AD_vs_NCI__Female__e2	NA	inhibitory	Inh LAMP5 NRG1 (Rosehip)	Inhibitory_neurons	F_e2	Female	e2	AD_up_mito	up	estimable_validated	TRUE	6	6	0	6	785	testable_query	fine_deg_pathway_query_manifest_v1
615	inhibitory::Inh LAMP5 NRG1 (Rosehip)::AD_vs_NCI__Female__e2::AD_down_mito	inhibitory::Inh LAMP5 NRG1 (Rosehip)::AD_vs_NCI__Female__e2	205	inhibitory::Inh LAMP5 NRG1 (Rosehip)::AD_vs_NCI__Female__e2	NA	inhibitory	Inh LAMP5 NRG1 (Rosehip)	Inhibitory_neurons	F_e2	Female	e2	AD_down_mito	down	estimable_validated	TRUE	4	4	0	4	785	testable_query	fine_deg_pathway_query_manifest_v1
616	inhibitory::Inh LAMP5 NRG1 (Rosehip)::AD_vs_NCI__Female__e33::AD_any_mito	inhibitory::Inh LAMP5 NRG1 (Rosehip)::AD_vs_NCI__Female__e33	206	inhibitory::Inh LAMP5 NRG1 (Rosehip)::AD_vs_NCI__Female__e33	NA	inhibitory	Inh LAMP5 NRG1 (Rosehip)	Inhibitory_neurons	F_e33	Female	e33	AD_any_mito	any	estimable_validated	TRUE	10	10	0	10	777	testable_query	fine_deg_pathway_query_manifest_v1
617	inhibitory::Inh LAMP5 NRG1 (Rosehip)::AD_vs_NCI__Female__e33::AD_up_mito	inhibitory::Inh LAMP5 NRG1 (Rosehip)::AD_vs_NCI__Female__e33	206	inhibitory::Inh LAMP5 NRG1 (Rosehip)::AD_vs_NCI__Female__e33	NA	inhibitory	Inh LAMP5 NRG1 (Rosehip)	Inhibitory_neurons	F_e33	Female	e33	AD_up_mito	up	estimable_validated	TRUE	6	6	0	6	777	testable_query	fine_deg_pathway_query_manifest_v1
618	inhibitory::Inh LAMP5 NRG1 (Rosehip)::AD_vs_NCI__Female__e33::AD_down_mito	inhibitory::Inh LAMP5 NRG1 (Rosehip)::AD_vs_NCI__Female__e33	206	inhibitory::Inh LAMP5 NRG1 (Rosehip)::AD_vs_NCI__Female__e33	NA	inhibitory	Inh LAMP5 NRG1 (Rosehip)	Inhibitory_neurons	F_e33	Female	e33	AD_down_mito	down	estimable_validated	TRUE	4	4	0	4	777	testable_query	fine_deg_pathway_query_manifest_v1
619	inhibitory::Inh LAMP5 NRG1 (Rosehip)::AD_vs_NCI__Female__e4::AD_any_mito	inhibitory::Inh LAMP5 NRG1 (Rosehip)::AD_vs_NCI__Female__e4	207	inhibitory::Inh LAMP5 NRG1 (Rosehip)::AD_vs_NCI__Female__e4	NA	inhibitory	Inh LAMP5 NRG1 (Rosehip)	Inhibitory_neurons	F_e4	Female	e4	AD_any_mito	any	estimable_validated	TRUE	68	68	0	68	727	testable_query	fine_deg_pathway_query_manifest_v1
620	inhibitory::Inh LAMP5 NRG1 (Rosehip)::AD_vs_NCI__Female__e4::AD_up_mito	inhibitory::Inh LAMP5 NRG1 (Rosehip)::AD_vs_NCI__Female__e4	207	inhibitory::Inh LAMP5 NRG1 (Rosehip)::AD_vs_NCI__Female__e4	NA	inhibitory	Inh LAMP5 NRG1 (Rosehip)	Inhibitory_neurons	F_e4	Female	e4	AD_up_mito	up	estimable_validated	TRUE	3	3	0	3	727	testable_query	fine_deg_pathway_query_manifest_v1
621	inhibitory::Inh LAMP5 NRG1 (Rosehip)::AD_vs_NCI__Female__e4::AD_down_mito	inhibitory::Inh LAMP5 NRG1 (Rosehip)::AD_vs_NCI__Female__e4	207	inhibitory::Inh LAMP5 NRG1 (Rosehip)::AD_vs_NCI__Female__e4	NA	inhibitory	Inh LAMP5 NRG1 (Rosehip)	Inhibitory_neurons	F_e4	Female	e4	AD_down_mito	down	estimable_validated	TRUE	65	65	0	65	727	testable_query	fine_deg_pathway_query_manifest_v1
622	inhibitory::Inh LAMP5 NRG1 (Rosehip)::AD_vs_NCI__Male__e2::AD_any_mito	inhibitory::Inh LAMP5 NRG1 (Rosehip)::AD_vs_NCI__Male__e2	208	inhibitory::Inh LAMP5 NRG1 (Rosehip)::AD_vs_NCI__Male__e2	NA	inhibitory	Inh LAMP5 NRG1 (Rosehip)	Inhibitory_neurons	M_e2	Male	e2	AD_any_mito	any	estimable_validated	TRUE	150	150	0	150	781	testable_query	fine_deg_pathway_query_manifest_v1
623	inhibitory::Inh LAMP5 NRG1 (Rosehip)::AD_vs_NCI__Male__e2::AD_up_mito	inhibitory::Inh LAMP5 NRG1 (Rosehip)::AD_vs_NCI__Male__e2	208	inhibitory::Inh LAMP5 NRG1 (Rosehip)::AD_vs_NCI__Male__e2	NA	inhibitory	Inh LAMP5 NRG1 (Rosehip)	Inhibitory_neurons	M_e2	Male	e2	AD_up_mito	up	estimable_validated	TRUE	74	74	0	74	781	testable_query	fine_deg_pathway_query_manifest_v1
624	inhibitory::Inh LAMP5 NRG1 (Rosehip)::AD_vs_NCI__Male__e2::AD_down_mito	inhibitory::Inh LAMP5 NRG1 (Rosehip)::AD_vs_NCI__Male__e2	208	inhibitory::Inh LAMP5 NRG1 (Rosehip)::AD_vs_NCI__Male__e2	NA	inhibitory	Inh LAMP5 NRG1 (Rosehip)	Inhibitory_neurons	M_e2	Male	e2	AD_down_mito	down	estimable_validated	TRUE	76	76	0	76	781	testable_query	fine_deg_pathway_query_manifest_v1
625	inhibitory::Inh LAMP5 NRG1 (Rosehip)::AD_vs_NCI__Male__e33::AD_any_mito	inhibitory::Inh LAMP5 NRG1 (Rosehip)::AD_vs_NCI__Male__e33	209	inhibitory::Inh LAMP5 NRG1 (Rosehip)::AD_vs_NCI__Male__e33	NA	inhibitory	Inh LAMP5 NRG1 (Rosehip)	Inhibitory_neurons	M_e33	Male	e33	AD_any_mito	any	estimable_validated	TRUE	20	20	0	20	776	testable_query	fine_deg_pathway_query_manifest_v1
626	inhibitory::Inh LAMP5 NRG1 (Rosehip)::AD_vs_NCI__Male__e33::AD_up_mito	inhibitory::Inh LAMP5 NRG1 (Rosehip)::AD_vs_NCI__Male__e33	209	inhibitory::Inh LAMP5 NRG1 (Rosehip)::AD_vs_NCI__Male__e33	NA	inhibitory	Inh LAMP5 NRG1 (Rosehip)	Inhibitory_neurons	M_e33	Male	e33	AD_up_mito	up	estimable_validated	TRUE	1	1	0	1	776	query_below_minimum	fine_deg_pathway_query_manifest_v1
627	inhibitory::Inh LAMP5 NRG1 (Rosehip)::AD_vs_NCI__Male__e33::AD_down_mito	inhibitory::Inh LAMP5 NRG1 (Rosehip)::AD_vs_NCI__Male__e33	209	inhibitory::Inh LAMP5 NRG1 (Rosehip)::AD_vs_NCI__Male__e33	NA	inhibitory	Inh LAMP5 NRG1 (Rosehip)	Inhibitory_neurons	M_e33	Male	e33	AD_down_mito	down	estimable_validated	TRUE	19	19	0	19	776	testable_query	fine_deg_pathway_query_manifest_v1
628	inhibitory::Inh LAMP5 NRG1 (Rosehip)::AD_vs_NCI__Male__e4::AD_any_mito	inhibitory::Inh LAMP5 NRG1 (Rosehip)::AD_vs_NCI__Male__e4	210	inhibitory::Inh LAMP5 NRG1 (Rosehip)::AD_vs_NCI__Male__e4	NA	inhibitory	Inh LAMP5 NRG1 (Rosehip)	Inhibitory_neurons	M_e4	Male	e4	AD_any_mito	any	estimable_validated	TRUE	48	48	0	48	726	testable_query	fine_deg_pathway_query_manifest_v1
629	inhibitory::Inh LAMP5 NRG1 (Rosehip)::AD_vs_NCI__Male__e4::AD_up_mito	inhibitory::Inh LAMP5 NRG1 (Rosehip)::AD_vs_NCI__Male__e4	210	inhibitory::Inh LAMP5 NRG1 (Rosehip)::AD_vs_NCI__Male__e4	NA	inhibitory	Inh LAMP5 NRG1 (Rosehip)	Inhibitory_neurons	M_e4	Male	e4	AD_up_mito	up	estimable_validated	TRUE	1	1	0	1	726	query_below_minimum	fine_deg_pathway_query_manifest_v1
630	inhibitory::Inh LAMP5 NRG1 (Rosehip)::AD_vs_NCI__Male__e4::AD_down_mito	inhibitory::Inh LAMP5 NRG1 (Rosehip)::AD_vs_NCI__Male__e4	210	inhibitory::Inh LAMP5 NRG1 (Rosehip)::AD_vs_NCI__Male__e4	NA	inhibitory	Inh LAMP5 NRG1 (Rosehip)	Inhibitory_neurons	M_e4	Male	e4	AD_down_mito	down	estimable_validated	TRUE	47	47	0	47	726	testable_query	fine_deg_pathway_query_manifest_v1
631	inhibitory::Inh LAMP5 RELN::AD_vs_NCI__Female__e2::AD_any_mito	inhibitory::Inh LAMP5 RELN::AD_vs_NCI__Female__e2	211	inhibitory::Inh LAMP5 RELN::AD_vs_NCI__Female__e2	NA	inhibitory	Inh LAMP5 RELN	Inhibitory_neurons	F_e2	Female	e2	AD_any_mito	any	estimable_validated	TRUE	0	0	0	0	698	empty_query	fine_deg_pathway_query_manifest_v1
632	inhibitory::Inh LAMP5 RELN::AD_vs_NCI__Female__e2::AD_up_mito	inhibitory::Inh LAMP5 RELN::AD_vs_NCI__Female__e2	211	inhibitory::Inh LAMP5 RELN::AD_vs_NCI__Female__e2	NA	inhibitory	Inh LAMP5 RELN	Inhibitory_neurons	F_e2	Female	e2	AD_up_mito	up	estimable_validated	TRUE	0	0	0	0	698	empty_query	fine_deg_pathway_query_manifest_v1
633	inhibitory::Inh LAMP5 RELN::AD_vs_NCI__Female__e2::AD_down_mito	inhibitory::Inh LAMP5 RELN::AD_vs_NCI__Female__e2	211	inhibitory::Inh LAMP5 RELN::AD_vs_NCI__Female__e2	NA	inhibitory	Inh LAMP5 RELN	Inhibitory_neurons	F_e2	Female	e2	AD_down_mito	down	estimable_validated	TRUE	0	0	0	0	698	empty_query	fine_deg_pathway_query_manifest_v1
634	inhibitory::Inh LAMP5 RELN::AD_vs_NCI__Female__e33::AD_any_mito	inhibitory::Inh LAMP5 RELN::AD_vs_NCI__Female__e33	212	inhibitory::Inh LAMP5 RELN::AD_vs_NCI__Female__e33	NA	inhibitory	Inh LAMP5 RELN	Inhibitory_neurons	F_e33	Female	e33	AD_any_mito	any	estimable_validated	TRUE	0	0	0	0	604	empty_query	fine_deg_pathway_query_manifest_v1
635	inhibitory::Inh LAMP5 RELN::AD_vs_NCI__Female__e33::AD_up_mito	inhibitory::Inh LAMP5 RELN::AD_vs_NCI__Female__e33	212	inhibitory::Inh LAMP5 RELN::AD_vs_NCI__Female__e33	NA	inhibitory	Inh LAMP5 RELN	Inhibitory_neurons	F_e33	Female	e33	AD_up_mito	up	estimable_validated	TRUE	0	0	0	0	604	empty_query	fine_deg_pathway_query_manifest_v1
636	inhibitory::Inh LAMP5 RELN::AD_vs_NCI__Female__e33::AD_down_mito	inhibitory::Inh LAMP5 RELN::AD_vs_NCI__Female__e33	212	inhibitory::Inh LAMP5 RELN::AD_vs_NCI__Female__e33	NA	inhibitory	Inh LAMP5 RELN	Inhibitory_neurons	F_e33	Female	e33	AD_down_mito	down	estimable_validated	TRUE	0	0	0	0	604	empty_query	fine_deg_pathway_query_manifest_v1
637	inhibitory::Inh LAMP5 RELN::AD_vs_NCI__Female__e4::AD_any_mito	inhibitory::Inh LAMP5 RELN::AD_vs_NCI__Female__e4	213	inhibitory::Inh LAMP5 RELN::AD_vs_NCI__Female__e4	NA	inhibitory	Inh LAMP5 RELN	Inhibitory_neurons	F_e4	Female	e4	AD_any_mito	any	estimable_validated	TRUE	9	9	0	9	538	testable_query	fine_deg_pathway_query_manifest_v1
638	inhibitory::Inh LAMP5 RELN::AD_vs_NCI__Female__e4::AD_up_mito	inhibitory::Inh LAMP5 RELN::AD_vs_NCI__Female__e4	213	inhibitory::Inh LAMP5 RELN::AD_vs_NCI__Female__e4	NA	inhibitory	Inh LAMP5 RELN	Inhibitory_neurons	F_e4	Female	e4	AD_up_mito	up	estimable_validated	TRUE	1	1	0	1	538	query_below_minimum	fine_deg_pathway_query_manifest_v1
639	inhibitory::Inh LAMP5 RELN::AD_vs_NCI__Female__e4::AD_down_mito	inhibitory::Inh LAMP5 RELN::AD_vs_NCI__Female__e4	213	inhibitory::Inh LAMP5 RELN::AD_vs_NCI__Female__e4	NA	inhibitory	Inh LAMP5 RELN	Inhibitory_neurons	F_e4	Female	e4	AD_down_mito	down	estimable_validated	TRUE	8	8	0	8	538	testable_query	fine_deg_pathway_query_manifest_v1
640	inhibitory::Inh LAMP5 RELN::AD_vs_NCI__Male__e2::AD_any_mito	inhibitory::Inh LAMP5 RELN::AD_vs_NCI__Male__e2	214	inhibitory::Inh LAMP5 RELN::AD_vs_NCI__Male__e2	NA	inhibitory	Inh LAMP5 RELN	Inhibitory_neurons	M_e2	Male	e2	AD_any_mito	any	estimable_validated	TRUE	0	0	0	0	603	empty_query	fine_deg_pathway_query_manifest_v1
641	inhibitory::Inh LAMP5 RELN::AD_vs_NCI__Male__e2::AD_up_mito	inhibitory::Inh LAMP5 RELN::AD_vs_NCI__Male__e2	214	inhibitory::Inh LAMP5 RELN::AD_vs_NCI__Male__e2	NA	inhibitory	Inh LAMP5 RELN	Inhibitory_neurons	M_e2	Male	e2	AD_up_mito	up	estimable_validated	TRUE	0	0	0	0	603	empty_query	fine_deg_pathway_query_manifest_v1
642	inhibitory::Inh LAMP5 RELN::AD_vs_NCI__Male__e2::AD_down_mito	inhibitory::Inh LAMP5 RELN::AD_vs_NCI__Male__e2	214	inhibitory::Inh LAMP5 RELN::AD_vs_NCI__Male__e2	NA	inhibitory	Inh LAMP5 RELN	Inhibitory_neurons	M_e2	Male	e2	AD_down_mito	down	estimable_validated	TRUE	0	0	0	0	603	empty_query	fine_deg_pathway_query_manifest_v1
643	inhibitory::Inh LAMP5 RELN::AD_vs_NCI__Male__e33::AD_any_mito	inhibitory::Inh LAMP5 RELN::AD_vs_NCI__Male__e33	215	inhibitory::Inh LAMP5 RELN::AD_vs_NCI__Male__e33	NA	inhibitory	Inh LAMP5 RELN	Inhibitory_neurons	M_e33	Male	e33	AD_any_mito	any	estimable_validated	TRUE	0	0	0	0	637	empty_query	fine_deg_pathway_query_manifest_v1
644	inhibitory::Inh LAMP5 RELN::AD_vs_NCI__Male__e33::AD_up_mito	inhibitory::Inh LAMP5 RELN::AD_vs_NCI__Male__e33	215	inhibitory::Inh LAMP5 RELN::AD_vs_NCI__Male__e33	NA	inhibitory	Inh LAMP5 RELN	Inhibitory_neurons	M_e33	Male	e33	AD_up_mito	up	estimable_validated	TRUE	0	0	0	0	637	empty_query	fine_deg_pathway_query_manifest_v1
645	inhibitory::Inh LAMP5 RELN::AD_vs_NCI__Male__e33::AD_down_mito	inhibitory::Inh LAMP5 RELN::AD_vs_NCI__Male__e33	215	inhibitory::Inh LAMP5 RELN::AD_vs_NCI__Male__e33	NA	inhibitory	Inh LAMP5 RELN	Inhibitory_neurons	M_e33	Male	e33	AD_down_mito	down	estimable_validated	TRUE	0	0	0	0	637	empty_query	fine_deg_pathway_query_manifest_v1
646	inhibitory::Inh LAMP5 RELN::AD_vs_NCI__Male__e4::AD_any_mito	inhibitory::Inh LAMP5 RELN::AD_vs_NCI__Male__e4	216	inhibitory::Inh LAMP5 RELN::AD_vs_NCI__Male__e4	NA	inhibitory	Inh LAMP5 RELN	Inhibitory_neurons	M_e4	Male	e4	AD_any_mito	any	estimable_validated	TRUE	0	0	0	0	512	empty_query	fine_deg_pathway_query_manifest_v1
647	inhibitory::Inh LAMP5 RELN::AD_vs_NCI__Male__e4::AD_up_mito	inhibitory::Inh LAMP5 RELN::AD_vs_NCI__Male__e4	216	inhibitory::Inh LAMP5 RELN::AD_vs_NCI__Male__e4	NA	inhibitory	Inh LAMP5 RELN	Inhibitory_neurons	M_e4	Male	e4	AD_up_mito	up	estimable_validated	TRUE	0	0	0	0	512	empty_query	fine_deg_pathway_query_manifest_v1
648	inhibitory::Inh LAMP5 RELN::AD_vs_NCI__Male__e4::AD_down_mito	inhibitory::Inh LAMP5 RELN::AD_vs_NCI__Male__e4	216	inhibitory::Inh LAMP5 RELN::AD_vs_NCI__Male__e4	NA	inhibitory	Inh LAMP5 RELN	Inhibitory_neurons	M_e4	Male	e4	AD_down_mito	down	estimable_validated	TRUE	0	0	0	0	512	empty_query	fine_deg_pathway_query_manifest_v1
649	inhibitory::Inh PTPRK FAM19A1::AD_vs_NCI__Female__e2::AD_any_mito	inhibitory::Inh PTPRK FAM19A1::AD_vs_NCI__Female__e2	217	inhibitory::Inh PTPRK FAM19A1::AD_vs_NCI__Female__e2	NA	inhibitory	Inh PTPRK FAM19A1	Inhibitory_neurons	F_e2	Female	e2	AD_any_mito	any	estimable_validated	TRUE	1	1	0	1	512	query_below_minimum	fine_deg_pathway_query_manifest_v1
650	inhibitory::Inh PTPRK FAM19A1::AD_vs_NCI__Female__e2::AD_up_mito	inhibitory::Inh PTPRK FAM19A1::AD_vs_NCI__Female__e2	217	inhibitory::Inh PTPRK FAM19A1::AD_vs_NCI__Female__e2	NA	inhibitory	Inh PTPRK FAM19A1	Inhibitory_neurons	F_e2	Female	e2	AD_up_mito	up	estimable_validated	TRUE	1	1	0	1	512	query_below_minimum	fine_deg_pathway_query_manifest_v1
651	inhibitory::Inh PTPRK FAM19A1::AD_vs_NCI__Female__e2::AD_down_mito	inhibitory::Inh PTPRK FAM19A1::AD_vs_NCI__Female__e2	217	inhibitory::Inh PTPRK FAM19A1::AD_vs_NCI__Female__e2	NA	inhibitory	Inh PTPRK FAM19A1	Inhibitory_neurons	F_e2	Female	e2	AD_down_mito	down	estimable_validated	TRUE	0	0	0	0	512	empty_query	fine_deg_pathway_query_manifest_v1
652	inhibitory::Inh PTPRK FAM19A1::AD_vs_NCI__Female__e33::AD_any_mito	inhibitory::Inh PTPRK FAM19A1::AD_vs_NCI__Female__e33	218	inhibitory::Inh PTPRK FAM19A1::AD_vs_NCI__Female__e33	NA	inhibitory	Inh PTPRK FAM19A1	Inhibitory_neurons	F_e33	Female	e33	AD_any_mito	any	estimable_validated	TRUE	3	3	0	3	577	testable_query	fine_deg_pathway_query_manifest_v1
653	inhibitory::Inh PTPRK FAM19A1::AD_vs_NCI__Female__e33::AD_up_mito	inhibitory::Inh PTPRK FAM19A1::AD_vs_NCI__Female__e33	218	inhibitory::Inh PTPRK FAM19A1::AD_vs_NCI__Female__e33	NA	inhibitory	Inh PTPRK FAM19A1	Inhibitory_neurons	F_e33	Female	e33	AD_up_mito	up	estimable_validated	TRUE	2	2	0	2	577	query_below_minimum	fine_deg_pathway_query_manifest_v1
654	inhibitory::Inh PTPRK FAM19A1::AD_vs_NCI__Female__e33::AD_down_mito	inhibitory::Inh PTPRK FAM19A1::AD_vs_NCI__Female__e33	218	inhibitory::Inh PTPRK FAM19A1::AD_vs_NCI__Female__e33	NA	inhibitory	Inh PTPRK FAM19A1	Inhibitory_neurons	F_e33	Female	e33	AD_down_mito	down	estimable_validated	TRUE	1	1	0	1	577	query_below_minimum	fine_deg_pathway_query_manifest_v1
655	inhibitory::Inh PTPRK FAM19A1::AD_vs_NCI__Female__e4::AD_any_mito	inhibitory::Inh PTPRK FAM19A1::AD_vs_NCI__Female__e4	219	inhibitory::Inh PTPRK FAM19A1::AD_vs_NCI__Female__e4	NA	inhibitory	Inh PTPRK FAM19A1	Inhibitory_neurons	F_e4	Female	e4	AD_any_mito	any	estimable_validated	TRUE	1	1	0	1	546	query_below_minimum	fine_deg_pathway_query_manifest_v1
656	inhibitory::Inh PTPRK FAM19A1::AD_vs_NCI__Female__e4::AD_up_mito	inhibitory::Inh PTPRK FAM19A1::AD_vs_NCI__Female__e4	219	inhibitory::Inh PTPRK FAM19A1::AD_vs_NCI__Female__e4	NA	inhibitory	Inh PTPRK FAM19A1	Inhibitory_neurons	F_e4	Female	e4	AD_up_mito	up	estimable_validated	TRUE	0	0	0	0	546	empty_query	fine_deg_pathway_query_manifest_v1
657	inhibitory::Inh PTPRK FAM19A1::AD_vs_NCI__Female__e4::AD_down_mito	inhibitory::Inh PTPRK FAM19A1::AD_vs_NCI__Female__e4	219	inhibitory::Inh PTPRK FAM19A1::AD_vs_NCI__Female__e4	NA	inhibitory	Inh PTPRK FAM19A1	Inhibitory_neurons	F_e4	Female	e4	AD_down_mito	down	estimable_validated	TRUE	1	1	0	1	546	query_below_minimum	fine_deg_pathway_query_manifest_v1
658	inhibitory::Inh PTPRK FAM19A1::AD_vs_NCI__Male__e2::AD_any_mito	inhibitory::Inh PTPRK FAM19A1::AD_vs_NCI__Male__e2	220	inhibitory::Inh PTPRK FAM19A1::AD_vs_NCI__Male__e2	NA	inhibitory	Inh PTPRK FAM19A1	Inhibitory_neurons	M_e2	Male	e2	AD_any_mito	any	estimable_validated	TRUE	0	0	0	0	529	empty_query	fine_deg_pathway_query_manifest_v1
659	inhibitory::Inh PTPRK FAM19A1::AD_vs_NCI__Male__e2::AD_up_mito	inhibitory::Inh PTPRK FAM19A1::AD_vs_NCI__Male__e2	220	inhibitory::Inh PTPRK FAM19A1::AD_vs_NCI__Male__e2	NA	inhibitory	Inh PTPRK FAM19A1	Inhibitory_neurons	M_e2	Male	e2	AD_up_mito	up	estimable_validated	TRUE	0	0	0	0	529	empty_query	fine_deg_pathway_query_manifest_v1
660	inhibitory::Inh PTPRK FAM19A1::AD_vs_NCI__Male__e2::AD_down_mito	inhibitory::Inh PTPRK FAM19A1::AD_vs_NCI__Male__e2	220	inhibitory::Inh PTPRK FAM19A1::AD_vs_NCI__Male__e2	NA	inhibitory	Inh PTPRK FAM19A1	Inhibitory_neurons	M_e2	Male	e2	AD_down_mito	down	estimable_validated	TRUE	0	0	0	0	529	empty_query	fine_deg_pathway_query_manifest_v1
661	inhibitory::Inh PTPRK FAM19A1::AD_vs_NCI__Male__e33::AD_any_mito	inhibitory::Inh PTPRK FAM19A1::AD_vs_NCI__Male__e33	221	inhibitory::Inh PTPRK FAM19A1::AD_vs_NCI__Male__e33	NA	inhibitory	Inh PTPRK FAM19A1	Inhibitory_neurons	M_e33	Male	e33	AD_any_mito	any	estimable_validated	TRUE	1	1	0	1	595	query_below_minimum	fine_deg_pathway_query_manifest_v1
662	inhibitory::Inh PTPRK FAM19A1::AD_vs_NCI__Male__e33::AD_up_mito	inhibitory::Inh PTPRK FAM19A1::AD_vs_NCI__Male__e33	221	inhibitory::Inh PTPRK FAM19A1::AD_vs_NCI__Male__e33	NA	inhibitory	Inh PTPRK FAM19A1	Inhibitory_neurons	M_e33	Male	e33	AD_up_mito	up	estimable_validated	TRUE	1	1	0	1	595	query_below_minimum	fine_deg_pathway_query_manifest_v1
663	inhibitory::Inh PTPRK FAM19A1::AD_vs_NCI__Male__e33::AD_down_mito	inhibitory::Inh PTPRK FAM19A1::AD_vs_NCI__Male__e33	221	inhibitory::Inh PTPRK FAM19A1::AD_vs_NCI__Male__e33	NA	inhibitory	Inh PTPRK FAM19A1	Inhibitory_neurons	M_e33	Male	e33	AD_down_mito	down	estimable_validated	TRUE	0	0	0	0	595	empty_query	fine_deg_pathway_query_manifest_v1
664	inhibitory::Inh PTPRK FAM19A1::AD_vs_NCI__Male__e4::AD_any_mito	inhibitory::Inh PTPRK FAM19A1::AD_vs_NCI__Male__e4	222	inhibitory::Inh PTPRK FAM19A1::AD_vs_NCI__Male__e4	NA	inhibitory	Inh PTPRK FAM19A1	Inhibitory_neurons	M_e4	Male	e4	AD_any_mito	any	estimable_validated	TRUE	0	0	0	0	509	empty_query	fine_deg_pathway_query_manifest_v1
665	inhibitory::Inh PTPRK FAM19A1::AD_vs_NCI__Male__e4::AD_up_mito	inhibitory::Inh PTPRK FAM19A1::AD_vs_NCI__Male__e4	222	inhibitory::Inh PTPRK FAM19A1::AD_vs_NCI__Male__e4	NA	inhibitory	Inh PTPRK FAM19A1	Inhibitory_neurons	M_e4	Male	e4	AD_up_mito	up	estimable_validated	TRUE	0	0	0	0	509	empty_query	fine_deg_pathway_query_manifest_v1
666	inhibitory::Inh PTPRK FAM19A1::AD_vs_NCI__Male__e4::AD_down_mito	inhibitory::Inh PTPRK FAM19A1::AD_vs_NCI__Male__e4	222	inhibitory::Inh PTPRK FAM19A1::AD_vs_NCI__Male__e4	NA	inhibitory	Inh PTPRK FAM19A1	Inhibitory_neurons	M_e4	Male	e4	AD_down_mito	down	estimable_validated	TRUE	0	0	0	0	509	empty_query	fine_deg_pathway_query_manifest_v1
667	inhibitory::Inh PVALB CA8 (Chandelier)::AD_vs_NCI__Female__e2::AD_any_mito	inhibitory::Inh PVALB CA8 (Chandelier)::AD_vs_NCI__Female__e2	223	inhibitory::Inh PVALB CA8 (Chandelier)::AD_vs_NCI__Female__e2	NA	inhibitory	Inh PVALB CA8 (Chandelier)	Inhibitory_neurons	F_e2	Female	e2	AD_any_mito	any	estimable_validated	TRUE	3	3	0	3	698	testable_query	fine_deg_pathway_query_manifest_v1
668	inhibitory::Inh PVALB CA8 (Chandelier)::AD_vs_NCI__Female__e2::AD_up_mito	inhibitory::Inh PVALB CA8 (Chandelier)::AD_vs_NCI__Female__e2	223	inhibitory::Inh PVALB CA8 (Chandelier)::AD_vs_NCI__Female__e2	NA	inhibitory	Inh PVALB CA8 (Chandelier)	Inhibitory_neurons	F_e2	Female	e2	AD_up_mito	up	estimable_validated	TRUE	3	3	0	3	698	testable_query	fine_deg_pathway_query_manifest_v1
669	inhibitory::Inh PVALB CA8 (Chandelier)::AD_vs_NCI__Female__e2::AD_down_mito	inhibitory::Inh PVALB CA8 (Chandelier)::AD_vs_NCI__Female__e2	223	inhibitory::Inh PVALB CA8 (Chandelier)::AD_vs_NCI__Female__e2	NA	inhibitory	Inh PVALB CA8 (Chandelier)	Inhibitory_neurons	F_e2	Female	e2	AD_down_mito	down	estimable_validated	TRUE	0	0	0	0	698	empty_query	fine_deg_pathway_query_manifest_v1
670	inhibitory::Inh PVALB CA8 (Chandelier)::AD_vs_NCI__Female__e33::AD_any_mito	inhibitory::Inh PVALB CA8 (Chandelier)::AD_vs_NCI__Female__e33	224	inhibitory::Inh PVALB CA8 (Chandelier)::AD_vs_NCI__Female__e33	NA	inhibitory	Inh PVALB CA8 (Chandelier)	Inhibitory_neurons	F_e33	Female	e33	AD_any_mito	any	estimable_validated	TRUE	15	15	0	15	738	testable_query	fine_deg_pathway_query_manifest_v1
671	inhibitory::Inh PVALB CA8 (Chandelier)::AD_vs_NCI__Female__e33::AD_up_mito	inhibitory::Inh PVALB CA8 (Chandelier)::AD_vs_NCI__Female__e33	224	inhibitory::Inh PVALB CA8 (Chandelier)::AD_vs_NCI__Female__e33	NA	inhibitory	Inh PVALB CA8 (Chandelier)	Inhibitory_neurons	F_e33	Female	e33	AD_up_mito	up	estimable_validated	TRUE	6	6	0	6	738	testable_query	fine_deg_pathway_query_manifest_v1
672	inhibitory::Inh PVALB CA8 (Chandelier)::AD_vs_NCI__Female__e33::AD_down_mito	inhibitory::Inh PVALB CA8 (Chandelier)::AD_vs_NCI__Female__e33	224	inhibitory::Inh PVALB CA8 (Chandelier)::AD_vs_NCI__Female__e33	NA	inhibitory	Inh PVALB CA8 (Chandelier)	Inhibitory_neurons	F_e33	Female	e33	AD_down_mito	down	estimable_validated	TRUE	9	9	0	9	738	testable_query	fine_deg_pathway_query_manifest_v1
673	inhibitory::Inh PVALB CA8 (Chandelier)::AD_vs_NCI__Female__e4::AD_any_mito	inhibitory::Inh PVALB CA8 (Chandelier)::AD_vs_NCI__Female__e4	225	inhibitory::Inh PVALB CA8 (Chandelier)::AD_vs_NCI__Female__e4	NA	inhibitory	Inh PVALB CA8 (Chandelier)	Inhibitory_neurons	F_e4	Female	e4	AD_any_mito	any	estimable_validated	TRUE	13	13	0	13	695	testable_query	fine_deg_pathway_query_manifest_v1
674	inhibitory::Inh PVALB CA8 (Chandelier)::AD_vs_NCI__Female__e4::AD_up_mito	inhibitory::Inh PVALB CA8 (Chandelier)::AD_vs_NCI__Female__e4	225	inhibitory::Inh PVALB CA8 (Chandelier)::AD_vs_NCI__Female__e4	NA	inhibitory	Inh PVALB CA8 (Chandelier)	Inhibitory_neurons	F_e4	Female	e4	AD_up_mito	up	estimable_validated	TRUE	0	0	0	0	695	empty_query	fine_deg_pathway_query_manifest_v1
675	inhibitory::Inh PVALB CA8 (Chandelier)::AD_vs_NCI__Female__e4::AD_down_mito	inhibitory::Inh PVALB CA8 (Chandelier)::AD_vs_NCI__Female__e4	225	inhibitory::Inh PVALB CA8 (Chandelier)::AD_vs_NCI__Female__e4	NA	inhibitory	Inh PVALB CA8 (Chandelier)	Inhibitory_neurons	F_e4	Female	e4	AD_down_mito	down	estimable_validated	TRUE	13	13	0	13	695	testable_query	fine_deg_pathway_query_manifest_v1
676	inhibitory::Inh PVALB CA8 (Chandelier)::AD_vs_NCI__Male__e2::AD_any_mito	inhibitory::Inh PVALB CA8 (Chandelier)::AD_vs_NCI__Male__e2	226	inhibitory::Inh PVALB CA8 (Chandelier)::AD_vs_NCI__Male__e2	NA	inhibitory	Inh PVALB CA8 (Chandelier)	Inhibitory_neurons	M_e2	Male	e2	AD_any_mito	any	estimable_validated	TRUE	14	14	0	14	752	testable_query	fine_deg_pathway_query_manifest_v1
677	inhibitory::Inh PVALB CA8 (Chandelier)::AD_vs_NCI__Male__e2::AD_up_mito	inhibitory::Inh PVALB CA8 (Chandelier)::AD_vs_NCI__Male__e2	226	inhibitory::Inh PVALB CA8 (Chandelier)::AD_vs_NCI__Male__e2	NA	inhibitory	Inh PVALB CA8 (Chandelier)	Inhibitory_neurons	M_e2	Male	e2	AD_up_mito	up	estimable_validated	TRUE	5	5	0	5	752	testable_query	fine_deg_pathway_query_manifest_v1
678	inhibitory::Inh PVALB CA8 (Chandelier)::AD_vs_NCI__Male__e2::AD_down_mito	inhibitory::Inh PVALB CA8 (Chandelier)::AD_vs_NCI__Male__e2	226	inhibitory::Inh PVALB CA8 (Chandelier)::AD_vs_NCI__Male__e2	NA	inhibitory	Inh PVALB CA8 (Chandelier)	Inhibitory_neurons	M_e2	Male	e2	AD_down_mito	down	estimable_validated	TRUE	9	9	0	9	752	testable_query	fine_deg_pathway_query_manifest_v1
679	inhibitory::Inh PVALB CA8 (Chandelier)::AD_vs_NCI__Male__e33::AD_any_mito	inhibitory::Inh PVALB CA8 (Chandelier)::AD_vs_NCI__Male__e33	227	inhibitory::Inh PVALB CA8 (Chandelier)::AD_vs_NCI__Male__e33	NA	inhibitory	Inh PVALB CA8 (Chandelier)	Inhibitory_neurons	M_e33	Male	e33	AD_any_mito	any	estimable_validated	TRUE	8	8	0	8	694	testable_query	fine_deg_pathway_query_manifest_v1
680	inhibitory::Inh PVALB CA8 (Chandelier)::AD_vs_NCI__Male__e33::AD_up_mito	inhibitory::Inh PVALB CA8 (Chandelier)::AD_vs_NCI__Male__e33	227	inhibitory::Inh PVALB CA8 (Chandelier)::AD_vs_NCI__Male__e33	NA	inhibitory	Inh PVALB CA8 (Chandelier)	Inhibitory_neurons	M_e33	Male	e33	AD_up_mito	up	estimable_validated	TRUE	0	0	0	0	694	empty_query	fine_deg_pathway_query_manifest_v1
681	inhibitory::Inh PVALB CA8 (Chandelier)::AD_vs_NCI__Male__e33::AD_down_mito	inhibitory::Inh PVALB CA8 (Chandelier)::AD_vs_NCI__Male__e33	227	inhibitory::Inh PVALB CA8 (Chandelier)::AD_vs_NCI__Male__e33	NA	inhibitory	Inh PVALB CA8 (Chandelier)	Inhibitory_neurons	M_e33	Male	e33	AD_down_mito	down	estimable_validated	TRUE	8	8	0	8	694	testable_query	fine_deg_pathway_query_manifest_v1
682	inhibitory::Inh PVALB CA8 (Chandelier)::AD_vs_NCI__Male__e4::AD_any_mito	inhibitory::Inh PVALB CA8 (Chandelier)::AD_vs_NCI__Male__e4	228	inhibitory::Inh PVALB CA8 (Chandelier)::AD_vs_NCI__Male__e4	NA	inhibitory	Inh PVALB CA8 (Chandelier)	Inhibitory_neurons	M_e4	Male	e4	AD_any_mito	any	estimable_validated	TRUE	9	9	0	9	656	testable_query	fine_deg_pathway_query_manifest_v1
683	inhibitory::Inh PVALB CA8 (Chandelier)::AD_vs_NCI__Male__e4::AD_up_mito	inhibitory::Inh PVALB CA8 (Chandelier)::AD_vs_NCI__Male__e4	228	inhibitory::Inh PVALB CA8 (Chandelier)::AD_vs_NCI__Male__e4	NA	inhibitory	Inh PVALB CA8 (Chandelier)	Inhibitory_neurons	M_e4	Male	e4	AD_up_mito	up	estimable_validated	TRUE	2	2	0	2	656	query_below_minimum	fine_deg_pathway_query_manifest_v1
684	inhibitory::Inh PVALB CA8 (Chandelier)::AD_vs_NCI__Male__e4::AD_down_mito	inhibitory::Inh PVALB CA8 (Chandelier)::AD_vs_NCI__Male__e4	228	inhibitory::Inh PVALB CA8 (Chandelier)::AD_vs_NCI__Male__e4	NA	inhibitory	Inh PVALB CA8 (Chandelier)	Inhibitory_neurons	M_e4	Male	e4	AD_down_mito	down	estimable_validated	TRUE	7	7	0	7	656	testable_query	fine_deg_pathway_query_manifest_v1
685	inhibitory::Inh PVALB HTR4::AD_vs_NCI__Female__e2::AD_any_mito	inhibitory::Inh PVALB HTR4::AD_vs_NCI__Female__e2	229	inhibitory::Inh PVALB HTR4::AD_vs_NCI__Female__e2	NA	inhibitory	Inh PVALB HTR4	Inhibitory_neurons	F_e2	Female	e2	AD_any_mito	any	estimable_validated	TRUE	64	64	0	64	882	testable_query	fine_deg_pathway_query_manifest_v1
686	inhibitory::Inh PVALB HTR4::AD_vs_NCI__Female__e2::AD_up_mito	inhibitory::Inh PVALB HTR4::AD_vs_NCI__Female__e2	229	inhibitory::Inh PVALB HTR4::AD_vs_NCI__Female__e2	NA	inhibitory	Inh PVALB HTR4	Inhibitory_neurons	F_e2	Female	e2	AD_up_mito	up	estimable_validated	TRUE	42	42	0	42	882	testable_query	fine_deg_pathway_query_manifest_v1
687	inhibitory::Inh PVALB HTR4::AD_vs_NCI__Female__e2::AD_down_mito	inhibitory::Inh PVALB HTR4::AD_vs_NCI__Female__e2	229	inhibitory::Inh PVALB HTR4::AD_vs_NCI__Female__e2	NA	inhibitory	Inh PVALB HTR4	Inhibitory_neurons	F_e2	Female	e2	AD_down_mito	down	estimable_validated	TRUE	22	22	0	22	882	testable_query	fine_deg_pathway_query_manifest_v1
688	inhibitory::Inh PVALB HTR4::AD_vs_NCI__Female__e33::AD_any_mito	inhibitory::Inh PVALB HTR4::AD_vs_NCI__Female__e33	230	inhibitory::Inh PVALB HTR4::AD_vs_NCI__Female__e33	NA	inhibitory	Inh PVALB HTR4	Inhibitory_neurons	F_e33	Female	e33	AD_any_mito	any	estimable_validated	TRUE	13	13	0	13	848	testable_query	fine_deg_pathway_query_manifest_v1
689	inhibitory::Inh PVALB HTR4::AD_vs_NCI__Female__e33::AD_up_mito	inhibitory::Inh PVALB HTR4::AD_vs_NCI__Female__e33	230	inhibitory::Inh PVALB HTR4::AD_vs_NCI__Female__e33	NA	inhibitory	Inh PVALB HTR4	Inhibitory_neurons	F_e33	Female	e33	AD_up_mito	up	estimable_validated	TRUE	6	6	0	6	848	testable_query	fine_deg_pathway_query_manifest_v1
690	inhibitory::Inh PVALB HTR4::AD_vs_NCI__Female__e33::AD_down_mito	inhibitory::Inh PVALB HTR4::AD_vs_NCI__Female__e33	230	inhibitory::Inh PVALB HTR4::AD_vs_NCI__Female__e33	NA	inhibitory	Inh PVALB HTR4	Inhibitory_neurons	F_e33	Female	e33	AD_down_mito	down	estimable_validated	TRUE	7	7	0	7	848	testable_query	fine_deg_pathway_query_manifest_v1
691	inhibitory::Inh PVALB HTR4::AD_vs_NCI__Female__e4::AD_any_mito	inhibitory::Inh PVALB HTR4::AD_vs_NCI__Female__e4	231	inhibitory::Inh PVALB HTR4::AD_vs_NCI__Female__e4	NA	inhibitory	Inh PVALB HTR4	Inhibitory_neurons	F_e4	Female	e4	AD_any_mito	any	estimable_validated	TRUE	101	101	0	101	839	testable_query	fine_deg_pathway_query_manifest_v1
692	inhibitory::Inh PVALB HTR4::AD_vs_NCI__Female__e4::AD_up_mito	inhibitory::Inh PVALB HTR4::AD_vs_NCI__Female__e4	231	inhibitory::Inh PVALB HTR4::AD_vs_NCI__Female__e4	NA	inhibitory	Inh PVALB HTR4	Inhibitory_neurons	F_e4	Female	e4	AD_up_mito	up	estimable_validated	TRUE	9	9	0	9	839	testable_query	fine_deg_pathway_query_manifest_v1
693	inhibitory::Inh PVALB HTR4::AD_vs_NCI__Female__e4::AD_down_mito	inhibitory::Inh PVALB HTR4::AD_vs_NCI__Female__e4	231	inhibitory::Inh PVALB HTR4::AD_vs_NCI__Female__e4	NA	inhibitory	Inh PVALB HTR4	Inhibitory_neurons	F_e4	Female	e4	AD_down_mito	down	estimable_validated	TRUE	92	92	0	92	839	testable_query	fine_deg_pathway_query_manifest_v1
694	inhibitory::Inh PVALB HTR4::AD_vs_NCI__Male__e2::AD_any_mito	inhibitory::Inh PVALB HTR4::AD_vs_NCI__Male__e2	232	inhibitory::Inh PVALB HTR4::AD_vs_NCI__Male__e2	NA	inhibitory	Inh PVALB HTR4	Inhibitory_neurons	M_e2	Male	e2	AD_any_mito	any	estimable_validated	TRUE	225	225	0	225	905	testable_query	fine_deg_pathway_query_manifest_v1
695	inhibitory::Inh PVALB HTR4::AD_vs_NCI__Male__e2::AD_up_mito	inhibitory::Inh PVALB HTR4::AD_vs_NCI__Male__e2	232	inhibitory::Inh PVALB HTR4::AD_vs_NCI__Male__e2	NA	inhibitory	Inh PVALB HTR4	Inhibitory_neurons	M_e2	Male	e2	AD_up_mito	up	estimable_validated	TRUE	142	142	0	142	905	testable_query	fine_deg_pathway_query_manifest_v1
696	inhibitory::Inh PVALB HTR4::AD_vs_NCI__Male__e2::AD_down_mito	inhibitory::Inh PVALB HTR4::AD_vs_NCI__Male__e2	232	inhibitory::Inh PVALB HTR4::AD_vs_NCI__Male__e2	NA	inhibitory	Inh PVALB HTR4	Inhibitory_neurons	M_e2	Male	e2	AD_down_mito	down	estimable_validated	TRUE	83	83	0	83	905	testable_query	fine_deg_pathway_query_manifest_v1
697	inhibitory::Inh PVALB HTR4::AD_vs_NCI__Male__e33::AD_any_mito	inhibitory::Inh PVALB HTR4::AD_vs_NCI__Male__e33	233	inhibitory::Inh PVALB HTR4::AD_vs_NCI__Male__e33	NA	inhibitory	Inh PVALB HTR4	Inhibitory_neurons	M_e33	Male	e33	AD_any_mito	any	estimable_validated	TRUE	11	11	0	11	850	testable_query	fine_deg_pathway_query_manifest_v1
698	inhibitory::Inh PVALB HTR4::AD_vs_NCI__Male__e33::AD_up_mito	inhibitory::Inh PVALB HTR4::AD_vs_NCI__Male__e33	233	inhibitory::Inh PVALB HTR4::AD_vs_NCI__Male__e33	NA	inhibitory	Inh PVALB HTR4	Inhibitory_neurons	M_e33	Male	e33	AD_up_mito	up	estimable_validated	TRUE	1	1	0	1	850	query_below_minimum	fine_deg_pathway_query_manifest_v1
699	inhibitory::Inh PVALB HTR4::AD_vs_NCI__Male__e33::AD_down_mito	inhibitory::Inh PVALB HTR4::AD_vs_NCI__Male__e33	233	inhibitory::Inh PVALB HTR4::AD_vs_NCI__Male__e33	NA	inhibitory	Inh PVALB HTR4	Inhibitory_neurons	M_e33	Male	e33	AD_down_mito	down	estimable_validated	TRUE	10	10	0	10	850	testable_query	fine_deg_pathway_query_manifest_v1
700	inhibitory::Inh PVALB HTR4::AD_vs_NCI__Male__e4::AD_any_mito	inhibitory::Inh PVALB HTR4::AD_vs_NCI__Male__e4	234	inhibitory::Inh PVALB HTR4::AD_vs_NCI__Male__e4	NA	inhibitory	Inh PVALB HTR4	Inhibitory_neurons	M_e4	Male	e4	AD_any_mito	any	estimable_validated	TRUE	47	47	0	47	832	testable_query	fine_deg_pathway_query_manifest_v1
701	inhibitory::Inh PVALB HTR4::AD_vs_NCI__Male__e4::AD_up_mito	inhibitory::Inh PVALB HTR4::AD_vs_NCI__Male__e4	234	inhibitory::Inh PVALB HTR4::AD_vs_NCI__Male__e4	NA	inhibitory	Inh PVALB HTR4	Inhibitory_neurons	M_e4	Male	e4	AD_up_mito	up	estimable_validated	TRUE	4	4	0	4	832	testable_query	fine_deg_pathway_query_manifest_v1
702	inhibitory::Inh PVALB HTR4::AD_vs_NCI__Male__e4::AD_down_mito	inhibitory::Inh PVALB HTR4::AD_vs_NCI__Male__e4	234	inhibitory::Inh PVALB HTR4::AD_vs_NCI__Male__e4	NA	inhibitory	Inh PVALB HTR4	Inhibitory_neurons	M_e4	Male	e4	AD_down_mito	down	estimable_validated	TRUE	43	43	0	43	832	testable_query	fine_deg_pathway_query_manifest_v1
703	inhibitory::Inh PVALB SULF1::AD_vs_NCI__Female__e2::AD_any_mito	inhibitory::Inh PVALB SULF1::AD_vs_NCI__Female__e2	235	inhibitory::Inh PVALB SULF1::AD_vs_NCI__Female__e2	NA	inhibitory	Inh PVALB SULF1	Inhibitory_neurons	F_e2	Female	e2	AD_any_mito	any	estimable_validated	TRUE	15	15	0	15	837	testable_query	fine_deg_pathway_query_manifest_v1
704	inhibitory::Inh PVALB SULF1::AD_vs_NCI__Female__e2::AD_up_mito	inhibitory::Inh PVALB SULF1::AD_vs_NCI__Female__e2	235	inhibitory::Inh PVALB SULF1::AD_vs_NCI__Female__e2	NA	inhibitory	Inh PVALB SULF1	Inhibitory_neurons	F_e2	Female	e2	AD_up_mito	up	estimable_validated	TRUE	11	11	0	11	837	testable_query	fine_deg_pathway_query_manifest_v1
705	inhibitory::Inh PVALB SULF1::AD_vs_NCI__Female__e2::AD_down_mito	inhibitory::Inh PVALB SULF1::AD_vs_NCI__Female__e2	235	inhibitory::Inh PVALB SULF1::AD_vs_NCI__Female__e2	NA	inhibitory	Inh PVALB SULF1	Inhibitory_neurons	F_e2	Female	e2	AD_down_mito	down	estimable_validated	TRUE	4	4	0	4	837	testable_query	fine_deg_pathway_query_manifest_v1
706	inhibitory::Inh PVALB SULF1::AD_vs_NCI__Female__e33::AD_any_mito	inhibitory::Inh PVALB SULF1::AD_vs_NCI__Female__e33	236	inhibitory::Inh PVALB SULF1::AD_vs_NCI__Female__e33	NA	inhibitory	Inh PVALB SULF1	Inhibitory_neurons	F_e33	Female	e33	AD_any_mito	any	estimable_validated	TRUE	11	11	0	11	816	testable_query	fine_deg_pathway_query_manifest_v1
707	inhibitory::Inh PVALB SULF1::AD_vs_NCI__Female__e33::AD_up_mito	inhibitory::Inh PVALB SULF1::AD_vs_NCI__Female__e33	236	inhibitory::Inh PVALB SULF1::AD_vs_NCI__Female__e33	NA	inhibitory	Inh PVALB SULF1	Inhibitory_neurons	F_e33	Female	e33	AD_up_mito	up	estimable_validated	TRUE	4	4	0	4	816	testable_query	fine_deg_pathway_query_manifest_v1
708	inhibitory::Inh PVALB SULF1::AD_vs_NCI__Female__e33::AD_down_mito	inhibitory::Inh PVALB SULF1::AD_vs_NCI__Female__e33	236	inhibitory::Inh PVALB SULF1::AD_vs_NCI__Female__e33	NA	inhibitory	Inh PVALB SULF1	Inhibitory_neurons	F_e33	Female	e33	AD_down_mito	down	estimable_validated	TRUE	7	7	0	7	816	testable_query	fine_deg_pathway_query_manifest_v1
709	inhibitory::Inh PVALB SULF1::AD_vs_NCI__Female__e4::AD_any_mito	inhibitory::Inh PVALB SULF1::AD_vs_NCI__Female__e4	237	inhibitory::Inh PVALB SULF1::AD_vs_NCI__Female__e4	NA	inhibitory	Inh PVALB SULF1	Inhibitory_neurons	F_e4	Female	e4	AD_any_mito	any	estimable_validated	TRUE	22	22	0	22	827	testable_query	fine_deg_pathway_query_manifest_v1
710	inhibitory::Inh PVALB SULF1::AD_vs_NCI__Female__e4::AD_up_mito	inhibitory::Inh PVALB SULF1::AD_vs_NCI__Female__e4	237	inhibitory::Inh PVALB SULF1::AD_vs_NCI__Female__e4	NA	inhibitory	Inh PVALB SULF1	Inhibitory_neurons	F_e4	Female	e4	AD_up_mito	up	estimable_validated	TRUE	2	2	0	2	827	query_below_minimum	fine_deg_pathway_query_manifest_v1
711	inhibitory::Inh PVALB SULF1::AD_vs_NCI__Female__e4::AD_down_mito	inhibitory::Inh PVALB SULF1::AD_vs_NCI__Female__e4	237	inhibitory::Inh PVALB SULF1::AD_vs_NCI__Female__e4	NA	inhibitory	Inh PVALB SULF1	Inhibitory_neurons	F_e4	Female	e4	AD_down_mito	down	estimable_validated	TRUE	20	20	0	20	827	testable_query	fine_deg_pathway_query_manifest_v1
712	inhibitory::Inh PVALB SULF1::AD_vs_NCI__Male__e2::AD_any_mito	inhibitory::Inh PVALB SULF1::AD_vs_NCI__Male__e2	238	inhibitory::Inh PVALB SULF1::AD_vs_NCI__Male__e2	NA	inhibitory	Inh PVALB SULF1	Inhibitory_neurons	M_e2	Male	e2	AD_any_mito	any	estimable_validated	TRUE	56	56	0	56	853	testable_query	fine_deg_pathway_query_manifest_v1
713	inhibitory::Inh PVALB SULF1::AD_vs_NCI__Male__e2::AD_up_mito	inhibitory::Inh PVALB SULF1::AD_vs_NCI__Male__e2	238	inhibitory::Inh PVALB SULF1::AD_vs_NCI__Male__e2	NA	inhibitory	Inh PVALB SULF1	Inhibitory_neurons	M_e2	Male	e2	AD_up_mito	up	estimable_validated	TRUE	21	21	0	21	853	testable_query	fine_deg_pathway_query_manifest_v1
714	inhibitory::Inh PVALB SULF1::AD_vs_NCI__Male__e2::AD_down_mito	inhibitory::Inh PVALB SULF1::AD_vs_NCI__Male__e2	238	inhibitory::Inh PVALB SULF1::AD_vs_NCI__Male__e2	NA	inhibitory	Inh PVALB SULF1	Inhibitory_neurons	M_e2	Male	e2	AD_down_mito	down	estimable_validated	TRUE	35	35	0	35	853	testable_query	fine_deg_pathway_query_manifest_v1
715	inhibitory::Inh PVALB SULF1::AD_vs_NCI__Male__e33::AD_any_mito	inhibitory::Inh PVALB SULF1::AD_vs_NCI__Male__e33	239	inhibitory::Inh PVALB SULF1::AD_vs_NCI__Male__e33	NA	inhibitory	Inh PVALB SULF1	Inhibitory_neurons	M_e33	Male	e33	AD_any_mito	any	estimable_validated	TRUE	14	14	0	14	807	testable_query	fine_deg_pathway_query_manifest_v1
716	inhibitory::Inh PVALB SULF1::AD_vs_NCI__Male__e33::AD_up_mito	inhibitory::Inh PVALB SULF1::AD_vs_NCI__Male__e33	239	inhibitory::Inh PVALB SULF1::AD_vs_NCI__Male__e33	NA	inhibitory	Inh PVALB SULF1	Inhibitory_neurons	M_e33	Male	e33	AD_up_mito	up	estimable_validated	TRUE	7	7	0	7	807	testable_query	fine_deg_pathway_query_manifest_v1
717	inhibitory::Inh PVALB SULF1::AD_vs_NCI__Male__e33::AD_down_mito	inhibitory::Inh PVALB SULF1::AD_vs_NCI__Male__e33	239	inhibitory::Inh PVALB SULF1::AD_vs_NCI__Male__e33	NA	inhibitory	Inh PVALB SULF1	Inhibitory_neurons	M_e33	Male	e33	AD_down_mito	down	estimable_validated	TRUE	7	7	0	7	807	testable_query	fine_deg_pathway_query_manifest_v1
718	inhibitory::Inh PVALB SULF1::AD_vs_NCI__Male__e4::AD_any_mito	inhibitory::Inh PVALB SULF1::AD_vs_NCI__Male__e4	240	inhibitory::Inh PVALB SULF1::AD_vs_NCI__Male__e4	NA	inhibitory	Inh PVALB SULF1	Inhibitory_neurons	M_e4	Male	e4	AD_any_mito	any	estimable_validated	TRUE	5	5	0	5	805	testable_query	fine_deg_pathway_query_manifest_v1
719	inhibitory::Inh PVALB SULF1::AD_vs_NCI__Male__e4::AD_up_mito	inhibitory::Inh PVALB SULF1::AD_vs_NCI__Male__e4	240	inhibitory::Inh PVALB SULF1::AD_vs_NCI__Male__e4	NA	inhibitory	Inh PVALB SULF1	Inhibitory_neurons	M_e4	Male	e4	AD_up_mito	up	estimable_validated	TRUE	0	0	0	0	805	empty_query	fine_deg_pathway_query_manifest_v1
720	inhibitory::Inh PVALB SULF1::AD_vs_NCI__Male__e4::AD_down_mito	inhibitory::Inh PVALB SULF1::AD_vs_NCI__Male__e4	240	inhibitory::Inh PVALB SULF1::AD_vs_NCI__Male__e4	NA	inhibitory	Inh PVALB SULF1	Inhibitory_neurons	M_e4	Male	e4	AD_down_mito	down	estimable_validated	TRUE	5	5	0	5	805	testable_query	fine_deg_pathway_query_manifest_v1
721	inhibitory::Inh RYR3 TSHZ2::AD_vs_NCI__Female__e2::AD_any_mito	inhibitory::Inh RYR3 TSHZ2::AD_vs_NCI__Female__e2	241	inhibitory::Inh RYR3 TSHZ2::AD_vs_NCI__Female__e2	NA	inhibitory	Inh RYR3 TSHZ2	Inhibitory_neurons	F_e2	Female	e2	AD_any_mito	any	estimable_validated	TRUE	4	4	0	4	602	testable_query	fine_deg_pathway_query_manifest_v1
722	inhibitory::Inh RYR3 TSHZ2::AD_vs_NCI__Female__e2::AD_up_mito	inhibitory::Inh RYR3 TSHZ2::AD_vs_NCI__Female__e2	241	inhibitory::Inh RYR3 TSHZ2::AD_vs_NCI__Female__e2	NA	inhibitory	Inh RYR3 TSHZ2	Inhibitory_neurons	F_e2	Female	e2	AD_up_mito	up	estimable_validated	TRUE	4	4	0	4	602	testable_query	fine_deg_pathway_query_manifest_v1
723	inhibitory::Inh RYR3 TSHZ2::AD_vs_NCI__Female__e2::AD_down_mito	inhibitory::Inh RYR3 TSHZ2::AD_vs_NCI__Female__e2	241	inhibitory::Inh RYR3 TSHZ2::AD_vs_NCI__Female__e2	NA	inhibitory	Inh RYR3 TSHZ2	Inhibitory_neurons	F_e2	Female	e2	AD_down_mito	down	estimable_validated	TRUE	0	0	0	0	602	empty_query	fine_deg_pathway_query_manifest_v1
724	inhibitory::Inh RYR3 TSHZ2::AD_vs_NCI__Female__e33::AD_any_mito	inhibitory::Inh RYR3 TSHZ2::AD_vs_NCI__Female__e33	242	inhibitory::Inh RYR3 TSHZ2::AD_vs_NCI__Female__e33	NA	inhibitory	Inh RYR3 TSHZ2	Inhibitory_neurons	F_e33	Female	e33	AD_any_mito	any	estimable_validated	TRUE	12	12	0	12	643	testable_query	fine_deg_pathway_query_manifest_v1
725	inhibitory::Inh RYR3 TSHZ2::AD_vs_NCI__Female__e33::AD_up_mito	inhibitory::Inh RYR3 TSHZ2::AD_vs_NCI__Female__e33	242	inhibitory::Inh RYR3 TSHZ2::AD_vs_NCI__Female__e33	NA	inhibitory	Inh RYR3 TSHZ2	Inhibitory_neurons	F_e33	Female	e33	AD_up_mito	up	estimable_validated	TRUE	9	9	0	9	643	testable_query	fine_deg_pathway_query_manifest_v1
726	inhibitory::Inh RYR3 TSHZ2::AD_vs_NCI__Female__e33::AD_down_mito	inhibitory::Inh RYR3 TSHZ2::AD_vs_NCI__Female__e33	242	inhibitory::Inh RYR3 TSHZ2::AD_vs_NCI__Female__e33	NA	inhibitory	Inh RYR3 TSHZ2	Inhibitory_neurons	F_e33	Female	e33	AD_down_mito	down	estimable_validated	TRUE	3	3	0	3	643	testable_query	fine_deg_pathway_query_manifest_v1
727	inhibitory::Inh RYR3 TSHZ2::AD_vs_NCI__Female__e4::AD_any_mito	inhibitory::Inh RYR3 TSHZ2::AD_vs_NCI__Female__e4	243	inhibitory::Inh RYR3 TSHZ2::AD_vs_NCI__Female__e4	NA	inhibitory	Inh RYR3 TSHZ2	Inhibitory_neurons	F_e4	Female	e4	AD_any_mito	any	estimable_validated	TRUE	9	9	0	9	635	testable_query	fine_deg_pathway_query_manifest_v1
728	inhibitory::Inh RYR3 TSHZ2::AD_vs_NCI__Female__e4::AD_up_mito	inhibitory::Inh RYR3 TSHZ2::AD_vs_NCI__Female__e4	243	inhibitory::Inh RYR3 TSHZ2::AD_vs_NCI__Female__e4	NA	inhibitory	Inh RYR3 TSHZ2	Inhibitory_neurons	F_e4	Female	e4	AD_up_mito	up	estimable_validated	TRUE	0	0	0	0	635	empty_query	fine_deg_pathway_query_manifest_v1
729	inhibitory::Inh RYR3 TSHZ2::AD_vs_NCI__Female__e4::AD_down_mito	inhibitory::Inh RYR3 TSHZ2::AD_vs_NCI__Female__e4	243	inhibitory::Inh RYR3 TSHZ2::AD_vs_NCI__Female__e4	NA	inhibitory	Inh RYR3 TSHZ2	Inhibitory_neurons	F_e4	Female	e4	AD_down_mito	down	estimable_validated	TRUE	9	9	0	9	635	testable_query	fine_deg_pathway_query_manifest_v1
730	inhibitory::Inh RYR3 TSHZ2::AD_vs_NCI__Male__e2::AD_any_mito	inhibitory::Inh RYR3 TSHZ2::AD_vs_NCI__Male__e2	244	inhibitory::Inh RYR3 TSHZ2::AD_vs_NCI__Male__e2	NA	inhibitory	Inh RYR3 TSHZ2	Inhibitory_neurons	M_e2	Male	e2	AD_any_mito	any	estimable_validated	TRUE	39	39	0	39	591	testable_query	fine_deg_pathway_query_manifest_v1
731	inhibitory::Inh RYR3 TSHZ2::AD_vs_NCI__Male__e2::AD_up_mito	inhibitory::Inh RYR3 TSHZ2::AD_vs_NCI__Male__e2	244	inhibitory::Inh RYR3 TSHZ2::AD_vs_NCI__Male__e2	NA	inhibitory	Inh RYR3 TSHZ2	Inhibitory_neurons	M_e2	Male	e2	AD_up_mito	up	estimable_validated	TRUE	10	10	0	10	591	testable_query	fine_deg_pathway_query_manifest_v1
732	inhibitory::Inh RYR3 TSHZ2::AD_vs_NCI__Male__e2::AD_down_mito	inhibitory::Inh RYR3 TSHZ2::AD_vs_NCI__Male__e2	244	inhibitory::Inh RYR3 TSHZ2::AD_vs_NCI__Male__e2	NA	inhibitory	Inh RYR3 TSHZ2	Inhibitory_neurons	M_e2	Male	e2	AD_down_mito	down	estimable_validated	TRUE	29	29	0	29	591	testable_query	fine_deg_pathway_query_manifest_v1
733	inhibitory::Inh RYR3 TSHZ2::AD_vs_NCI__Male__e33::AD_any_mito	inhibitory::Inh RYR3 TSHZ2::AD_vs_NCI__Male__e33	245	inhibitory::Inh RYR3 TSHZ2::AD_vs_NCI__Male__e33	NA	inhibitory	Inh RYR3 TSHZ2	Inhibitory_neurons	M_e33	Male	e33	AD_any_mito	any	estimable_validated	TRUE	3	3	0	3	604	testable_query	fine_deg_pathway_query_manifest_v1
734	inhibitory::Inh RYR3 TSHZ2::AD_vs_NCI__Male__e33::AD_up_mito	inhibitory::Inh RYR3 TSHZ2::AD_vs_NCI__Male__e33	245	inhibitory::Inh RYR3 TSHZ2::AD_vs_NCI__Male__e33	NA	inhibitory	Inh RYR3 TSHZ2	Inhibitory_neurons	M_e33	Male	e33	AD_up_mito	up	estimable_validated	TRUE	1	1	0	1	604	query_below_minimum	fine_deg_pathway_query_manifest_v1
735	inhibitory::Inh RYR3 TSHZ2::AD_vs_NCI__Male__e33::AD_down_mito	inhibitory::Inh RYR3 TSHZ2::AD_vs_NCI__Male__e33	245	inhibitory::Inh RYR3 TSHZ2::AD_vs_NCI__Male__e33	NA	inhibitory	Inh RYR3 TSHZ2	Inhibitory_neurons	M_e33	Male	e33	AD_down_mito	down	estimable_validated	TRUE	2	2	0	2	604	query_below_minimum	fine_deg_pathway_query_manifest_v1
736	inhibitory::Inh RYR3 TSHZ2::AD_vs_NCI__Male__e4::AD_any_mito	inhibitory::Inh RYR3 TSHZ2::AD_vs_NCI__Male__e4	246	inhibitory::Inh RYR3 TSHZ2::AD_vs_NCI__Male__e4	NA	inhibitory	Inh RYR3 TSHZ2	Inhibitory_neurons	M_e4	Male	e4	AD_any_mito	any	estimable_validated	TRUE	5	5	0	5	566	testable_query	fine_deg_pathway_query_manifest_v1
737	inhibitory::Inh RYR3 TSHZ2::AD_vs_NCI__Male__e4::AD_up_mito	inhibitory::Inh RYR3 TSHZ2::AD_vs_NCI__Male__e4	246	inhibitory::Inh RYR3 TSHZ2::AD_vs_NCI__Male__e4	NA	inhibitory	Inh RYR3 TSHZ2	Inhibitory_neurons	M_e4	Male	e4	AD_up_mito	up	estimable_validated	TRUE	0	0	0	0	566	empty_query	fine_deg_pathway_query_manifest_v1
738	inhibitory::Inh RYR3 TSHZ2::AD_vs_NCI__Male__e4::AD_down_mito	inhibitory::Inh RYR3 TSHZ2::AD_vs_NCI__Male__e4	246	inhibitory::Inh RYR3 TSHZ2::AD_vs_NCI__Male__e4	NA	inhibitory	Inh RYR3 TSHZ2	Inhibitory_neurons	M_e4	Male	e4	AD_down_mito	down	estimable_validated	TRUE	5	5	0	5	566	testable_query	fine_deg_pathway_query_manifest_v1
739	inhibitory::Inh SGCD PDE3A::AD_vs_NCI__Female__e2::AD_any_mito	inhibitory::Inh SGCD PDE3A::AD_vs_NCI__Female__e2	247	inhibitory::Inh SGCD PDE3A::AD_vs_NCI__Female__e2	NA	inhibitory	Inh SGCD PDE3A	Inhibitory_neurons	F_e2	Female	e2	AD_any_mito	any	estimable_validated	TRUE	0	0	0	0	875	empty_query	fine_deg_pathway_query_manifest_v1
740	inhibitory::Inh SGCD PDE3A::AD_vs_NCI__Female__e2::AD_up_mito	inhibitory::Inh SGCD PDE3A::AD_vs_NCI__Female__e2	247	inhibitory::Inh SGCD PDE3A::AD_vs_NCI__Female__e2	NA	inhibitory	Inh SGCD PDE3A	Inhibitory_neurons	F_e2	Female	e2	AD_up_mito	up	estimable_validated	TRUE	0	0	0	0	875	empty_query	fine_deg_pathway_query_manifest_v1
741	inhibitory::Inh SGCD PDE3A::AD_vs_NCI__Female__e2::AD_down_mito	inhibitory::Inh SGCD PDE3A::AD_vs_NCI__Female__e2	247	inhibitory::Inh SGCD PDE3A::AD_vs_NCI__Female__e2	NA	inhibitory	Inh SGCD PDE3A	Inhibitory_neurons	F_e2	Female	e2	AD_down_mito	down	estimable_validated	TRUE	0	0	0	0	875	empty_query	fine_deg_pathway_query_manifest_v1
742	inhibitory::Inh SGCD PDE3A::AD_vs_NCI__Female__e33::AD_any_mito	inhibitory::Inh SGCD PDE3A::AD_vs_NCI__Female__e33	248	inhibitory::Inh SGCD PDE3A::AD_vs_NCI__Female__e33	NA	inhibitory	Inh SGCD PDE3A	Inhibitory_neurons	F_e33	Female	e33	AD_any_mito	any	estimable_validated	TRUE	0	0	0	0	856	empty_query	fine_deg_pathway_query_manifest_v1
743	inhibitory::Inh SGCD PDE3A::AD_vs_NCI__Female__e33::AD_up_mito	inhibitory::Inh SGCD PDE3A::AD_vs_NCI__Female__e33	248	inhibitory::Inh SGCD PDE3A::AD_vs_NCI__Female__e33	NA	inhibitory	Inh SGCD PDE3A	Inhibitory_neurons	F_e33	Female	e33	AD_up_mito	up	estimable_validated	TRUE	0	0	0	0	856	empty_query	fine_deg_pathway_query_manifest_v1
744	inhibitory::Inh SGCD PDE3A::AD_vs_NCI__Female__e33::AD_down_mito	inhibitory::Inh SGCD PDE3A::AD_vs_NCI__Female__e33	248	inhibitory::Inh SGCD PDE3A::AD_vs_NCI__Female__e33	NA	inhibitory	Inh SGCD PDE3A	Inhibitory_neurons	F_e33	Female	e33	AD_down_mito	down	estimable_validated	TRUE	0	0	0	0	856	empty_query	fine_deg_pathway_query_manifest_v1
745	inhibitory::Inh SGCD PDE3A::AD_vs_NCI__Female__e4::AD_any_mito	inhibitory::Inh SGCD PDE3A::AD_vs_NCI__Female__e4	249	inhibitory::Inh SGCD PDE3A::AD_vs_NCI__Female__e4	NA	inhibitory	Inh SGCD PDE3A	Inhibitory_neurons	F_e4	Female	e4	AD_any_mito	any	estimable_validated	TRUE	0	0	0	0	846	empty_query	fine_deg_pathway_query_manifest_v1
746	inhibitory::Inh SGCD PDE3A::AD_vs_NCI__Female__e4::AD_up_mito	inhibitory::Inh SGCD PDE3A::AD_vs_NCI__Female__e4	249	inhibitory::Inh SGCD PDE3A::AD_vs_NCI__Female__e4	NA	inhibitory	Inh SGCD PDE3A	Inhibitory_neurons	F_e4	Female	e4	AD_up_mito	up	estimable_validated	TRUE	0	0	0	0	846	empty_query	fine_deg_pathway_query_manifest_v1
747	inhibitory::Inh SGCD PDE3A::AD_vs_NCI__Female__e4::AD_down_mito	inhibitory::Inh SGCD PDE3A::AD_vs_NCI__Female__e4	249	inhibitory::Inh SGCD PDE3A::AD_vs_NCI__Female__e4	NA	inhibitory	Inh SGCD PDE3A	Inhibitory_neurons	F_e4	Female	e4	AD_down_mito	down	estimable_validated	TRUE	0	0	0	0	846	empty_query	fine_deg_pathway_query_manifest_v1
748	inhibitory::Inh SGCD PDE3A::AD_vs_NCI__Male__e2::AD_any_mito	inhibitory::Inh SGCD PDE3A::AD_vs_NCI__Male__e2	250	inhibitory::Inh SGCD PDE3A::AD_vs_NCI__Male__e2	NA	inhibitory	Inh SGCD PDE3A	Inhibitory_neurons	M_e2	Male	e2	AD_any_mito	any	estimable_validated	TRUE	0	0	0	0	836	empty_query	fine_deg_pathway_query_manifest_v1
749	inhibitory::Inh SGCD PDE3A::AD_vs_NCI__Male__e2::AD_up_mito	inhibitory::Inh SGCD PDE3A::AD_vs_NCI__Male__e2	250	inhibitory::Inh SGCD PDE3A::AD_vs_NCI__Male__e2	NA	inhibitory	Inh SGCD PDE3A	Inhibitory_neurons	M_e2	Male	e2	AD_up_mito	up	estimable_validated	TRUE	0	0	0	0	836	empty_query	fine_deg_pathway_query_manifest_v1
750	inhibitory::Inh SGCD PDE3A::AD_vs_NCI__Male__e2::AD_down_mito	inhibitory::Inh SGCD PDE3A::AD_vs_NCI__Male__e2	250	inhibitory::Inh SGCD PDE3A::AD_vs_NCI__Male__e2	NA	inhibitory	Inh SGCD PDE3A	Inhibitory_neurons	M_e2	Male	e2	AD_down_mito	down	estimable_validated	TRUE	0	0	0	0	836	empty_query	fine_deg_pathway_query_manifest_v1
751	inhibitory::Inh SGCD PDE3A::AD_vs_NCI__Male__e33::AD_any_mito	inhibitory::Inh SGCD PDE3A::AD_vs_NCI__Male__e33	251	inhibitory::Inh SGCD PDE3A::AD_vs_NCI__Male__e33	NA	inhibitory	Inh SGCD PDE3A	Inhibitory_neurons	M_e33	Male	e33	AD_any_mito	any	estimable_validated	TRUE	0	0	0	0	851	empty_query	fine_deg_pathway_query_manifest_v1
752	inhibitory::Inh SGCD PDE3A::AD_vs_NCI__Male__e33::AD_up_mito	inhibitory::Inh SGCD PDE3A::AD_vs_NCI__Male__e33	251	inhibitory::Inh SGCD PDE3A::AD_vs_NCI__Male__e33	NA	inhibitory	Inh SGCD PDE3A	Inhibitory_neurons	M_e33	Male	e33	AD_up_mito	up	estimable_validated	TRUE	0	0	0	0	851	empty_query	fine_deg_pathway_query_manifest_v1
753	inhibitory::Inh SGCD PDE3A::AD_vs_NCI__Male__e33::AD_down_mito	inhibitory::Inh SGCD PDE3A::AD_vs_NCI__Male__e33	251	inhibitory::Inh SGCD PDE3A::AD_vs_NCI__Male__e33	NA	inhibitory	Inh SGCD PDE3A	Inhibitory_neurons	M_e33	Male	e33	AD_down_mito	down	estimable_validated	TRUE	0	0	0	0	851	empty_query	fine_deg_pathway_query_manifest_v1
754	inhibitory::Inh SGCD PDE3A::AD_vs_NCI__Male__e4::AD_any_mito	inhibitory::Inh SGCD PDE3A::AD_vs_NCI__Male__e4	252	inhibitory::Inh SGCD PDE3A::AD_vs_NCI__Male__e4	NA	inhibitory	Inh SGCD PDE3A	Inhibitory_neurons	M_e4	Male	e4	AD_any_mito	any	estimable_validated	TRUE	0	0	0	0	838	empty_query	fine_deg_pathway_query_manifest_v1
755	inhibitory::Inh SGCD PDE3A::AD_vs_NCI__Male__e4::AD_up_mito	inhibitory::Inh SGCD PDE3A::AD_vs_NCI__Male__e4	252	inhibitory::Inh SGCD PDE3A::AD_vs_NCI__Male__e4	NA	inhibitory	Inh SGCD PDE3A	Inhibitory_neurons	M_e4	Male	e4	AD_up_mito	up	estimable_validated	TRUE	0	0	0	0	838	empty_query	fine_deg_pathway_query_manifest_v1
756	inhibitory::Inh SGCD PDE3A::AD_vs_NCI__Male__e4::AD_down_mito	inhibitory::Inh SGCD PDE3A::AD_vs_NCI__Male__e4	252	inhibitory::Inh SGCD PDE3A::AD_vs_NCI__Male__e4	NA	inhibitory	Inh SGCD PDE3A	Inhibitory_neurons	M_e4	Male	e4	AD_down_mito	down	estimable_validated	TRUE	0	0	0	0	838	empty_query	fine_deg_pathway_query_manifest_v1
757	inhibitory::Inh SORCS1 TTN::AD_vs_NCI__Female__e2::AD_any_mito	inhibitory::Inh SORCS1 TTN::AD_vs_NCI__Female__e2	253	inhibitory::Inh SORCS1 TTN::AD_vs_NCI__Female__e2	NA	inhibitory	Inh SORCS1 TTN	Inhibitory_neurons	F_e2	Female	e2	AD_any_mito	any	estimable_validated	TRUE	1	1	0	1	532	query_below_minimum	fine_deg_pathway_query_manifest_v1
758	inhibitory::Inh SORCS1 TTN::AD_vs_NCI__Female__e2::AD_up_mito	inhibitory::Inh SORCS1 TTN::AD_vs_NCI__Female__e2	253	inhibitory::Inh SORCS1 TTN::AD_vs_NCI__Female__e2	NA	inhibitory	Inh SORCS1 TTN	Inhibitory_neurons	F_e2	Female	e2	AD_up_mito	up	estimable_validated	TRUE	1	1	0	1	532	query_below_minimum	fine_deg_pathway_query_manifest_v1
759	inhibitory::Inh SORCS1 TTN::AD_vs_NCI__Female__e2::AD_down_mito	inhibitory::Inh SORCS1 TTN::AD_vs_NCI__Female__e2	253	inhibitory::Inh SORCS1 TTN::AD_vs_NCI__Female__e2	NA	inhibitory	Inh SORCS1 TTN	Inhibitory_neurons	F_e2	Female	e2	AD_down_mito	down	estimable_validated	TRUE	0	0	0	0	532	empty_query	fine_deg_pathway_query_manifest_v1
760	inhibitory::Inh SORCS1 TTN::AD_vs_NCI__Female__e33::AD_any_mito	inhibitory::Inh SORCS1 TTN::AD_vs_NCI__Female__e33	254	inhibitory::Inh SORCS1 TTN::AD_vs_NCI__Female__e33	NA	inhibitory	Inh SORCS1 TTN	Inhibitory_neurons	F_e33	Female	e33	AD_any_mito	any	estimable_validated	TRUE	11	11	0	11	564	testable_query	fine_deg_pathway_query_manifest_v1
761	inhibitory::Inh SORCS1 TTN::AD_vs_NCI__Female__e33::AD_up_mito	inhibitory::Inh SORCS1 TTN::AD_vs_NCI__Female__e33	254	inhibitory::Inh SORCS1 TTN::AD_vs_NCI__Female__e33	NA	inhibitory	Inh SORCS1 TTN	Inhibitory_neurons	F_e33	Female	e33	AD_up_mito	up	estimable_validated	TRUE	10	10	0	10	564	testable_query	fine_deg_pathway_query_manifest_v1
762	inhibitory::Inh SORCS1 TTN::AD_vs_NCI__Female__e33::AD_down_mito	inhibitory::Inh SORCS1 TTN::AD_vs_NCI__Female__e33	254	inhibitory::Inh SORCS1 TTN::AD_vs_NCI__Female__e33	NA	inhibitory	Inh SORCS1 TTN	Inhibitory_neurons	F_e33	Female	e33	AD_down_mito	down	estimable_validated	TRUE	1	1	0	1	564	query_below_minimum	fine_deg_pathway_query_manifest_v1
763	inhibitory::Inh SORCS1 TTN::AD_vs_NCI__Female__e4::AD_any_mito	inhibitory::Inh SORCS1 TTN::AD_vs_NCI__Female__e4	255	inhibitory::Inh SORCS1 TTN::AD_vs_NCI__Female__e4	NA	inhibitory	Inh SORCS1 TTN	Inhibitory_neurons	F_e4	Female	e4	AD_any_mito	any	estimable_validated	TRUE	1	1	0	1	487	query_below_minimum	fine_deg_pathway_query_manifest_v1
764	inhibitory::Inh SORCS1 TTN::AD_vs_NCI__Female__e4::AD_up_mito	inhibitory::Inh SORCS1 TTN::AD_vs_NCI__Female__e4	255	inhibitory::Inh SORCS1 TTN::AD_vs_NCI__Female__e4	NA	inhibitory	Inh SORCS1 TTN	Inhibitory_neurons	F_e4	Female	e4	AD_up_mito	up	estimable_validated	TRUE	0	0	0	0	487	empty_query	fine_deg_pathway_query_manifest_v1
765	inhibitory::Inh SORCS1 TTN::AD_vs_NCI__Female__e4::AD_down_mito	inhibitory::Inh SORCS1 TTN::AD_vs_NCI__Female__e4	255	inhibitory::Inh SORCS1 TTN::AD_vs_NCI__Female__e4	NA	inhibitory	Inh SORCS1 TTN	Inhibitory_neurons	F_e4	Female	e4	AD_down_mito	down	estimable_validated	TRUE	1	1	0	1	487	query_below_minimum	fine_deg_pathway_query_manifest_v1
766	inhibitory::Inh SORCS1 TTN::AD_vs_NCI__Male__e2::AD_any_mito	inhibitory::Inh SORCS1 TTN::AD_vs_NCI__Male__e2	256	inhibitory::Inh SORCS1 TTN::AD_vs_NCI__Male__e2	NA	inhibitory	Inh SORCS1 TTN	Inhibitory_neurons	M_e2	Male	e2	AD_any_mito	any	estimable_validated	TRUE	0	0	0	0	551	empty_query	fine_deg_pathway_query_manifest_v1
767	inhibitory::Inh SORCS1 TTN::AD_vs_NCI__Male__e2::AD_up_mito	inhibitory::Inh SORCS1 TTN::AD_vs_NCI__Male__e2	256	inhibitory::Inh SORCS1 TTN::AD_vs_NCI__Male__e2	NA	inhibitory	Inh SORCS1 TTN	Inhibitory_neurons	M_e2	Male	e2	AD_up_mito	up	estimable_validated	TRUE	0	0	0	0	551	empty_query	fine_deg_pathway_query_manifest_v1
768	inhibitory::Inh SORCS1 TTN::AD_vs_NCI__Male__e2::AD_down_mito	inhibitory::Inh SORCS1 TTN::AD_vs_NCI__Male__e2	256	inhibitory::Inh SORCS1 TTN::AD_vs_NCI__Male__e2	NA	inhibitory	Inh SORCS1 TTN	Inhibitory_neurons	M_e2	Male	e2	AD_down_mito	down	estimable_validated	TRUE	0	0	0	0	551	empty_query	fine_deg_pathway_query_manifest_v1
769	inhibitory::Inh SORCS1 TTN::AD_vs_NCI__Male__e33::AD_any_mito	inhibitory::Inh SORCS1 TTN::AD_vs_NCI__Male__e33	257	inhibitory::Inh SORCS1 TTN::AD_vs_NCI__Male__e33	NA	inhibitory	Inh SORCS1 TTN	Inhibitory_neurons	M_e33	Male	e33	AD_any_mito	any	estimable_validated	TRUE	1	1	0	1	582	query_below_minimum	fine_deg_pathway_query_manifest_v1
770	inhibitory::Inh SORCS1 TTN::AD_vs_NCI__Male__e33::AD_up_mito	inhibitory::Inh SORCS1 TTN::AD_vs_NCI__Male__e33	257	inhibitory::Inh SORCS1 TTN::AD_vs_NCI__Male__e33	NA	inhibitory	Inh SORCS1 TTN	Inhibitory_neurons	M_e33	Male	e33	AD_up_mito	up	estimable_validated	TRUE	0	0	0	0	582	empty_query	fine_deg_pathway_query_manifest_v1
771	inhibitory::Inh SORCS1 TTN::AD_vs_NCI__Male__e33::AD_down_mito	inhibitory::Inh SORCS1 TTN::AD_vs_NCI__Male__e33	257	inhibitory::Inh SORCS1 TTN::AD_vs_NCI__Male__e33	NA	inhibitory	Inh SORCS1 TTN	Inhibitory_neurons	M_e33	Male	e33	AD_down_mito	down	estimable_validated	TRUE	1	1	0	1	582	query_below_minimum	fine_deg_pathway_query_manifest_v1
772	inhibitory::Inh SORCS1 TTN::AD_vs_NCI__Male__e4::AD_any_mito	inhibitory::Inh SORCS1 TTN::AD_vs_NCI__Male__e4	258	inhibitory::Inh SORCS1 TTN::AD_vs_NCI__Male__e4	NA	inhibitory	Inh SORCS1 TTN	Inhibitory_neurons	M_e4	Male	e4	AD_any_mito	any	estimable_validated	TRUE	1	1	0	1	532	query_below_minimum	fine_deg_pathway_query_manifest_v1
773	inhibitory::Inh SORCS1 TTN::AD_vs_NCI__Male__e4::AD_up_mito	inhibitory::Inh SORCS1 TTN::AD_vs_NCI__Male__e4	258	inhibitory::Inh SORCS1 TTN::AD_vs_NCI__Male__e4	NA	inhibitory	Inh SORCS1 TTN	Inhibitory_neurons	M_e4	Male	e4	AD_up_mito	up	estimable_validated	TRUE	0	0	0	0	532	empty_query	fine_deg_pathway_query_manifest_v1
774	inhibitory::Inh SORCS1 TTN::AD_vs_NCI__Male__e4::AD_down_mito	inhibitory::Inh SORCS1 TTN::AD_vs_NCI__Male__e4	258	inhibitory::Inh SORCS1 TTN::AD_vs_NCI__Male__e4	NA	inhibitory	Inh SORCS1 TTN	Inhibitory_neurons	M_e4	Male	e4	AD_down_mito	down	estimable_validated	TRUE	1	1	0	1	532	query_below_minimum	fine_deg_pathway_query_manifest_v1
775	inhibitory::Inh VIP ABI3BP::AD_vs_NCI__Female__e2::AD_any_mito	inhibitory::Inh VIP ABI3BP::AD_vs_NCI__Female__e2	259	inhibitory::Inh VIP ABI3BP::AD_vs_NCI__Female__e2	NA	inhibitory	Inh VIP ABI3BP	Inhibitory_neurons	F_e2	Female	e2	AD_any_mito	any	estimable_validated	TRUE	3	3	0	3	773	testable_query	fine_deg_pathway_query_manifest_v1
776	inhibitory::Inh VIP ABI3BP::AD_vs_NCI__Female__e2::AD_up_mito	inhibitory::Inh VIP ABI3BP::AD_vs_NCI__Female__e2	259	inhibitory::Inh VIP ABI3BP::AD_vs_NCI__Female__e2	NA	inhibitory	Inh VIP ABI3BP	Inhibitory_neurons	F_e2	Female	e2	AD_up_mito	up	estimable_validated	TRUE	2	2	0	2	773	query_below_minimum	fine_deg_pathway_query_manifest_v1
777	inhibitory::Inh VIP ABI3BP::AD_vs_NCI__Female__e2::AD_down_mito	inhibitory::Inh VIP ABI3BP::AD_vs_NCI__Female__e2	259	inhibitory::Inh VIP ABI3BP::AD_vs_NCI__Female__e2	NA	inhibitory	Inh VIP ABI3BP	Inhibitory_neurons	F_e2	Female	e2	AD_down_mito	down	estimable_validated	TRUE	1	1	0	1	773	query_below_minimum	fine_deg_pathway_query_manifest_v1
778	inhibitory::Inh VIP ABI3BP::AD_vs_NCI__Female__e33::AD_any_mito	inhibitory::Inh VIP ABI3BP::AD_vs_NCI__Female__e33	260	inhibitory::Inh VIP ABI3BP::AD_vs_NCI__Female__e33	NA	inhibitory	Inh VIP ABI3BP	Inhibitory_neurons	F_e33	Female	e33	AD_any_mito	any	estimable_validated	TRUE	8	8	0	8	802	testable_query	fine_deg_pathway_query_manifest_v1
779	inhibitory::Inh VIP ABI3BP::AD_vs_NCI__Female__e33::AD_up_mito	inhibitory::Inh VIP ABI3BP::AD_vs_NCI__Female__e33	260	inhibitory::Inh VIP ABI3BP::AD_vs_NCI__Female__e33	NA	inhibitory	Inh VIP ABI3BP	Inhibitory_neurons	F_e33	Female	e33	AD_up_mito	up	estimable_validated	TRUE	6	6	0	6	802	testable_query	fine_deg_pathway_query_manifest_v1
780	inhibitory::Inh VIP ABI3BP::AD_vs_NCI__Female__e33::AD_down_mito	inhibitory::Inh VIP ABI3BP::AD_vs_NCI__Female__e33	260	inhibitory::Inh VIP ABI3BP::AD_vs_NCI__Female__e33	NA	inhibitory	Inh VIP ABI3BP	Inhibitory_neurons	F_e33	Female	e33	AD_down_mito	down	estimable_validated	TRUE	2	2	0	2	802	query_below_minimum	fine_deg_pathway_query_manifest_v1
781	inhibitory::Inh VIP ABI3BP::AD_vs_NCI__Female__e4::AD_any_mito	inhibitory::Inh VIP ABI3BP::AD_vs_NCI__Female__e4	261	inhibitory::Inh VIP ABI3BP::AD_vs_NCI__Female__e4	NA	inhibitory	Inh VIP ABI3BP	Inhibitory_neurons	F_e4	Female	e4	AD_any_mito	any	estimable_validated	TRUE	5	5	0	5	782	testable_query	fine_deg_pathway_query_manifest_v1
782	inhibitory::Inh VIP ABI3BP::AD_vs_NCI__Female__e4::AD_up_mito	inhibitory::Inh VIP ABI3BP::AD_vs_NCI__Female__e4	261	inhibitory::Inh VIP ABI3BP::AD_vs_NCI__Female__e4	NA	inhibitory	Inh VIP ABI3BP	Inhibitory_neurons	F_e4	Female	e4	AD_up_mito	up	estimable_validated	TRUE	2	2	0	2	782	query_below_minimum	fine_deg_pathway_query_manifest_v1
783	inhibitory::Inh VIP ABI3BP::AD_vs_NCI__Female__e4::AD_down_mito	inhibitory::Inh VIP ABI3BP::AD_vs_NCI__Female__e4	261	inhibitory::Inh VIP ABI3BP::AD_vs_NCI__Female__e4	NA	inhibitory	Inh VIP ABI3BP	Inhibitory_neurons	F_e4	Female	e4	AD_down_mito	down	estimable_validated	TRUE	3	3	0	3	782	testable_query	fine_deg_pathway_query_manifest_v1
784	inhibitory::Inh VIP ABI3BP::AD_vs_NCI__Male__e2::AD_any_mito	inhibitory::Inh VIP ABI3BP::AD_vs_NCI__Male__e2	262	inhibitory::Inh VIP ABI3BP::AD_vs_NCI__Male__e2	NA	inhibitory	Inh VIP ABI3BP	Inhibitory_neurons	M_e2	Male	e2	AD_any_mito	any	estimable_validated	TRUE	3	3	0	3	806	testable_query	fine_deg_pathway_query_manifest_v1
785	inhibitory::Inh VIP ABI3BP::AD_vs_NCI__Male__e2::AD_up_mito	inhibitory::Inh VIP ABI3BP::AD_vs_NCI__Male__e2	262	inhibitory::Inh VIP ABI3BP::AD_vs_NCI__Male__e2	NA	inhibitory	Inh VIP ABI3BP	Inhibitory_neurons	M_e2	Male	e2	AD_up_mito	up	estimable_validated	TRUE	1	1	0	1	806	query_below_minimum	fine_deg_pathway_query_manifest_v1
786	inhibitory::Inh VIP ABI3BP::AD_vs_NCI__Male__e2::AD_down_mito	inhibitory::Inh VIP ABI3BP::AD_vs_NCI__Male__e2	262	inhibitory::Inh VIP ABI3BP::AD_vs_NCI__Male__e2	NA	inhibitory	Inh VIP ABI3BP	Inhibitory_neurons	M_e2	Male	e2	AD_down_mito	down	estimable_validated	TRUE	2	2	0	2	806	query_below_minimum	fine_deg_pathway_query_manifest_v1
787	inhibitory::Inh VIP ABI3BP::AD_vs_NCI__Male__e33::AD_any_mito	inhibitory::Inh VIP ABI3BP::AD_vs_NCI__Male__e33	263	inhibitory::Inh VIP ABI3BP::AD_vs_NCI__Male__e33	NA	inhibitory	Inh VIP ABI3BP	Inhibitory_neurons	M_e33	Male	e33	AD_any_mito	any	estimable_validated	TRUE	1	1	0	1	756	query_below_minimum	fine_deg_pathway_query_manifest_v1
788	inhibitory::Inh VIP ABI3BP::AD_vs_NCI__Male__e33::AD_up_mito	inhibitory::Inh VIP ABI3BP::AD_vs_NCI__Male__e33	263	inhibitory::Inh VIP ABI3BP::AD_vs_NCI__Male__e33	NA	inhibitory	Inh VIP ABI3BP	Inhibitory_neurons	M_e33	Male	e33	AD_up_mito	up	estimable_validated	TRUE	0	0	0	0	756	empty_query	fine_deg_pathway_query_manifest_v1
789	inhibitory::Inh VIP ABI3BP::AD_vs_NCI__Male__e33::AD_down_mito	inhibitory::Inh VIP ABI3BP::AD_vs_NCI__Male__e33	263	inhibitory::Inh VIP ABI3BP::AD_vs_NCI__Male__e33	NA	inhibitory	Inh VIP ABI3BP	Inhibitory_neurons	M_e33	Male	e33	AD_down_mito	down	estimable_validated	TRUE	1	1	0	1	756	query_below_minimum	fine_deg_pathway_query_manifest_v1
790	inhibitory::Inh VIP ABI3BP::AD_vs_NCI__Male__e4::AD_any_mito	inhibitory::Inh VIP ABI3BP::AD_vs_NCI__Male__e4	264	inhibitory::Inh VIP ABI3BP::AD_vs_NCI__Male__e4	NA	inhibitory	Inh VIP ABI3BP	Inhibitory_neurons	M_e4	Male	e4	AD_any_mito	any	estimable_validated	TRUE	5	5	0	5	732	testable_query	fine_deg_pathway_query_manifest_v1
791	inhibitory::Inh VIP ABI3BP::AD_vs_NCI__Male__e4::AD_up_mito	inhibitory::Inh VIP ABI3BP::AD_vs_NCI__Male__e4	264	inhibitory::Inh VIP ABI3BP::AD_vs_NCI__Male__e4	NA	inhibitory	Inh VIP ABI3BP	Inhibitory_neurons	M_e4	Male	e4	AD_up_mito	up	estimable_validated	TRUE	1	1	0	1	732	query_below_minimum	fine_deg_pathway_query_manifest_v1
792	inhibitory::Inh VIP ABI3BP::AD_vs_NCI__Male__e4::AD_down_mito	inhibitory::Inh VIP ABI3BP::AD_vs_NCI__Male__e4	264	inhibitory::Inh VIP ABI3BP::AD_vs_NCI__Male__e4	NA	inhibitory	Inh VIP ABI3BP	Inhibitory_neurons	M_e4	Male	e4	AD_down_mito	down	estimable_validated	TRUE	4	4	0	4	732	testable_query	fine_deg_pathway_query_manifest_v1
793	inhibitory::Inh VIP CLSTN2::AD_vs_NCI__Female__e2::AD_any_mito	inhibitory::Inh VIP CLSTN2::AD_vs_NCI__Female__e2	265	inhibitory::Inh VIP CLSTN2::AD_vs_NCI__Female__e2	NA	inhibitory	Inh VIP CLSTN2	Inhibitory_neurons	F_e2	Female	e2	AD_any_mito	any	estimable_validated	TRUE	2	2	0	2	762	query_below_minimum	fine_deg_pathway_query_manifest_v1
794	inhibitory::Inh VIP CLSTN2::AD_vs_NCI__Female__e2::AD_up_mito	inhibitory::Inh VIP CLSTN2::AD_vs_NCI__Female__e2	265	inhibitory::Inh VIP CLSTN2::AD_vs_NCI__Female__e2	NA	inhibitory	Inh VIP CLSTN2	Inhibitory_neurons	F_e2	Female	e2	AD_up_mito	up	estimable_validated	TRUE	2	2	0	2	762	query_below_minimum	fine_deg_pathway_query_manifest_v1
795	inhibitory::Inh VIP CLSTN2::AD_vs_NCI__Female__e2::AD_down_mito	inhibitory::Inh VIP CLSTN2::AD_vs_NCI__Female__e2	265	inhibitory::Inh VIP CLSTN2::AD_vs_NCI__Female__e2	NA	inhibitory	Inh VIP CLSTN2	Inhibitory_neurons	F_e2	Female	e2	AD_down_mito	down	estimable_validated	TRUE	0	0	0	0	762	empty_query	fine_deg_pathway_query_manifest_v1
796	inhibitory::Inh VIP CLSTN2::AD_vs_NCI__Female__e33::AD_any_mito	inhibitory::Inh VIP CLSTN2::AD_vs_NCI__Female__e33	266	inhibitory::Inh VIP CLSTN2::AD_vs_NCI__Female__e33	NA	inhibitory	Inh VIP CLSTN2	Inhibitory_neurons	F_e33	Female	e33	AD_any_mito	any	estimable_validated	TRUE	11	11	0	11	752	testable_query	fine_deg_pathway_query_manifest_v1
797	inhibitory::Inh VIP CLSTN2::AD_vs_NCI__Female__e33::AD_up_mito	inhibitory::Inh VIP CLSTN2::AD_vs_NCI__Female__e33	266	inhibitory::Inh VIP CLSTN2::AD_vs_NCI__Female__e33	NA	inhibitory	Inh VIP CLSTN2	Inhibitory_neurons	F_e33	Female	e33	AD_up_mito	up	estimable_validated	TRUE	8	8	0	8	752	testable_query	fine_deg_pathway_query_manifest_v1
798	inhibitory::Inh VIP CLSTN2::AD_vs_NCI__Female__e33::AD_down_mito	inhibitory::Inh VIP CLSTN2::AD_vs_NCI__Female__e33	266	inhibitory::Inh VIP CLSTN2::AD_vs_NCI__Female__e33	NA	inhibitory	Inh VIP CLSTN2	Inhibitory_neurons	F_e33	Female	e33	AD_down_mito	down	estimable_validated	TRUE	3	3	0	3	752	testable_query	fine_deg_pathway_query_manifest_v1
799	inhibitory::Inh VIP CLSTN2::AD_vs_NCI__Female__e4::AD_any_mito	inhibitory::Inh VIP CLSTN2::AD_vs_NCI__Female__e4	267	inhibitory::Inh VIP CLSTN2::AD_vs_NCI__Female__e4	NA	inhibitory	Inh VIP CLSTN2	Inhibitory_neurons	F_e4	Female	e4	AD_any_mito	any	estimable_validated	TRUE	6	6	0	6	734	testable_query	fine_deg_pathway_query_manifest_v1
800	inhibitory::Inh VIP CLSTN2::AD_vs_NCI__Female__e4::AD_up_mito	inhibitory::Inh VIP CLSTN2::AD_vs_NCI__Female__e4	267	inhibitory::Inh VIP CLSTN2::AD_vs_NCI__Female__e4	NA	inhibitory	Inh VIP CLSTN2	Inhibitory_neurons	F_e4	Female	e4	AD_up_mito	up	estimable_validated	TRUE	1	1	0	1	734	query_below_minimum	fine_deg_pathway_query_manifest_v1
801	inhibitory::Inh VIP CLSTN2::AD_vs_NCI__Female__e4::AD_down_mito	inhibitory::Inh VIP CLSTN2::AD_vs_NCI__Female__e4	267	inhibitory::Inh VIP CLSTN2::AD_vs_NCI__Female__e4	NA	inhibitory	Inh VIP CLSTN2	Inhibitory_neurons	F_e4	Female	e4	AD_down_mito	down	estimable_validated	TRUE	5	5	0	5	734	testable_query	fine_deg_pathway_query_manifest_v1
802	inhibitory::Inh VIP CLSTN2::AD_vs_NCI__Male__e2::AD_any_mito	inhibitory::Inh VIP CLSTN2::AD_vs_NCI__Male__e2	268	inhibitory::Inh VIP CLSTN2::AD_vs_NCI__Male__e2	NA	inhibitory	Inh VIP CLSTN2	Inhibitory_neurons	M_e2	Male	e2	AD_any_mito	any	estimable_validated	TRUE	15	15	0	15	734	testable_query	fine_deg_pathway_query_manifest_v1
803	inhibitory::Inh VIP CLSTN2::AD_vs_NCI__Male__e2::AD_up_mito	inhibitory::Inh VIP CLSTN2::AD_vs_NCI__Male__e2	268	inhibitory::Inh VIP CLSTN2::AD_vs_NCI__Male__e2	NA	inhibitory	Inh VIP CLSTN2	Inhibitory_neurons	M_e2	Male	e2	AD_up_mito	up	estimable_validated	TRUE	1	1	0	1	734	query_below_minimum	fine_deg_pathway_query_manifest_v1
804	inhibitory::Inh VIP CLSTN2::AD_vs_NCI__Male__e2::AD_down_mito	inhibitory::Inh VIP CLSTN2::AD_vs_NCI__Male__e2	268	inhibitory::Inh VIP CLSTN2::AD_vs_NCI__Male__e2	NA	inhibitory	Inh VIP CLSTN2	Inhibitory_neurons	M_e2	Male	e2	AD_down_mito	down	estimable_validated	TRUE	14	14	0	14	734	testable_query	fine_deg_pathway_query_manifest_v1
805	inhibitory::Inh VIP CLSTN2::AD_vs_NCI__Male__e33::AD_any_mito	inhibitory::Inh VIP CLSTN2::AD_vs_NCI__Male__e33	269	inhibitory::Inh VIP CLSTN2::AD_vs_NCI__Male__e33	NA	inhibitory	Inh VIP CLSTN2	Inhibitory_neurons	M_e33	Male	e33	AD_any_mito	any	estimable_validated	TRUE	3	3	0	3	687	testable_query	fine_deg_pathway_query_manifest_v1
806	inhibitory::Inh VIP CLSTN2::AD_vs_NCI__Male__e33::AD_up_mito	inhibitory::Inh VIP CLSTN2::AD_vs_NCI__Male__e33	269	inhibitory::Inh VIP CLSTN2::AD_vs_NCI__Male__e33	NA	inhibitory	Inh VIP CLSTN2	Inhibitory_neurons	M_e33	Male	e33	AD_up_mito	up	estimable_validated	TRUE	2	2	0	2	687	query_below_minimum	fine_deg_pathway_query_manifest_v1
807	inhibitory::Inh VIP CLSTN2::AD_vs_NCI__Male__e33::AD_down_mito	inhibitory::Inh VIP CLSTN2::AD_vs_NCI__Male__e33	269	inhibitory::Inh VIP CLSTN2::AD_vs_NCI__Male__e33	NA	inhibitory	Inh VIP CLSTN2	Inhibitory_neurons	M_e33	Male	e33	AD_down_mito	down	estimable_validated	TRUE	1	1	0	1	687	query_below_minimum	fine_deg_pathway_query_manifest_v1
808	inhibitory::Inh VIP CLSTN2::AD_vs_NCI__Male__e4::AD_any_mito	inhibitory::Inh VIP CLSTN2::AD_vs_NCI__Male__e4	270	inhibitory::Inh VIP CLSTN2::AD_vs_NCI__Male__e4	NA	inhibitory	Inh VIP CLSTN2	Inhibitory_neurons	M_e4	Male	e4	AD_any_mito	any	estimable_validated	TRUE	3	3	0	3	698	testable_query	fine_deg_pathway_query_manifest_v1
809	inhibitory::Inh VIP CLSTN2::AD_vs_NCI__Male__e4::AD_up_mito	inhibitory::Inh VIP CLSTN2::AD_vs_NCI__Male__e4	270	inhibitory::Inh VIP CLSTN2::AD_vs_NCI__Male__e4	NA	inhibitory	Inh VIP CLSTN2	Inhibitory_neurons	M_e4	Male	e4	AD_up_mito	up	estimable_validated	TRUE	1	1	0	1	698	query_below_minimum	fine_deg_pathway_query_manifest_v1
810	inhibitory::Inh VIP CLSTN2::AD_vs_NCI__Male__e4::AD_down_mito	inhibitory::Inh VIP CLSTN2::AD_vs_NCI__Male__e4	270	inhibitory::Inh VIP CLSTN2::AD_vs_NCI__Male__e4	NA	inhibitory	Inh VIP CLSTN2	Inhibitory_neurons	M_e4	Male	e4	AD_down_mito	down	estimable_validated	TRUE	2	2	0	2	698	query_below_minimum	fine_deg_pathway_query_manifest_v1
811	inhibitory::Inh VIP THSD7B::AD_vs_NCI__Female__e2::AD_any_mito	inhibitory::Inh VIP THSD7B::AD_vs_NCI__Female__e2	271	inhibitory::Inh VIP THSD7B::AD_vs_NCI__Female__e2	NA	inhibitory	Inh VIP THSD7B	Inhibitory_neurons	F_e2	Female	e2	AD_any_mito	any	estimable_validated	TRUE	0	0	0	0	703	empty_query	fine_deg_pathway_query_manifest_v1
812	inhibitory::Inh VIP THSD7B::AD_vs_NCI__Female__e2::AD_up_mito	inhibitory::Inh VIP THSD7B::AD_vs_NCI__Female__e2	271	inhibitory::Inh VIP THSD7B::AD_vs_NCI__Female__e2	NA	inhibitory	Inh VIP THSD7B	Inhibitory_neurons	F_e2	Female	e2	AD_up_mito	up	estimable_validated	TRUE	0	0	0	0	703	empty_query	fine_deg_pathway_query_manifest_v1
813	inhibitory::Inh VIP THSD7B::AD_vs_NCI__Female__e2::AD_down_mito	inhibitory::Inh VIP THSD7B::AD_vs_NCI__Female__e2	271	inhibitory::Inh VIP THSD7B::AD_vs_NCI__Female__e2	NA	inhibitory	Inh VIP THSD7B	Inhibitory_neurons	F_e2	Female	e2	AD_down_mito	down	estimable_validated	TRUE	0	0	0	0	703	empty_query	fine_deg_pathway_query_manifest_v1
814	inhibitory::Inh VIP THSD7B::AD_vs_NCI__Female__e33::AD_any_mito	inhibitory::Inh VIP THSD7B::AD_vs_NCI__Female__e33	272	inhibitory::Inh VIP THSD7B::AD_vs_NCI__Female__e33	NA	inhibitory	Inh VIP THSD7B	Inhibitory_neurons	F_e33	Female	e33	AD_any_mito	any	estimable_validated	TRUE	7	7	0	7	694	testable_query	fine_deg_pathway_query_manifest_v1
815	inhibitory::Inh VIP THSD7B::AD_vs_NCI__Female__e33::AD_up_mito	inhibitory::Inh VIP THSD7B::AD_vs_NCI__Female__e33	272	inhibitory::Inh VIP THSD7B::AD_vs_NCI__Female__e33	NA	inhibitory	Inh VIP THSD7B	Inhibitory_neurons	F_e33	Female	e33	AD_up_mito	up	estimable_validated	TRUE	7	7	0	7	694	testable_query	fine_deg_pathway_query_manifest_v1
816	inhibitory::Inh VIP THSD7B::AD_vs_NCI__Female__e33::AD_down_mito	inhibitory::Inh VIP THSD7B::AD_vs_NCI__Female__e33	272	inhibitory::Inh VIP THSD7B::AD_vs_NCI__Female__e33	NA	inhibitory	Inh VIP THSD7B	Inhibitory_neurons	F_e33	Female	e33	AD_down_mito	down	estimable_validated	TRUE	0	0	0	0	694	empty_query	fine_deg_pathway_query_manifest_v1
817	inhibitory::Inh VIP THSD7B::AD_vs_NCI__Female__e4::AD_any_mito	inhibitory::Inh VIP THSD7B::AD_vs_NCI__Female__e4	273	inhibitory::Inh VIP THSD7B::AD_vs_NCI__Female__e4	NA	inhibitory	Inh VIP THSD7B	Inhibitory_neurons	F_e4	Female	e4	AD_any_mito	any	estimable_validated	TRUE	0	0	0	0	679	empty_query	fine_deg_pathway_query_manifest_v1
818	inhibitory::Inh VIP THSD7B::AD_vs_NCI__Female__e4::AD_up_mito	inhibitory::Inh VIP THSD7B::AD_vs_NCI__Female__e4	273	inhibitory::Inh VIP THSD7B::AD_vs_NCI__Female__e4	NA	inhibitory	Inh VIP THSD7B	Inhibitory_neurons	F_e4	Female	e4	AD_up_mito	up	estimable_validated	TRUE	0	0	0	0	679	empty_query	fine_deg_pathway_query_manifest_v1
819	inhibitory::Inh VIP THSD7B::AD_vs_NCI__Female__e4::AD_down_mito	inhibitory::Inh VIP THSD7B::AD_vs_NCI__Female__e4	273	inhibitory::Inh VIP THSD7B::AD_vs_NCI__Female__e4	NA	inhibitory	Inh VIP THSD7B	Inhibitory_neurons	F_e4	Female	e4	AD_down_mito	down	estimable_validated	TRUE	0	0	0	0	679	empty_query	fine_deg_pathway_query_manifest_v1
820	inhibitory::Inh VIP THSD7B::AD_vs_NCI__Male__e2::AD_any_mito	inhibitory::Inh VIP THSD7B::AD_vs_NCI__Male__e2	274	inhibitory::Inh VIP THSD7B::AD_vs_NCI__Male__e2	NA	inhibitory	Inh VIP THSD7B	Inhibitory_neurons	M_e2	Male	e2	AD_any_mito	any	estimable_validated	TRUE	0	0	0	0	732	empty_query	fine_deg_pathway_query_manifest_v1
821	inhibitory::Inh VIP THSD7B::AD_vs_NCI__Male__e2::AD_up_mito	inhibitory::Inh VIP THSD7B::AD_vs_NCI__Male__e2	274	inhibitory::Inh VIP THSD7B::AD_vs_NCI__Male__e2	NA	inhibitory	Inh VIP THSD7B	Inhibitory_neurons	M_e2	Male	e2	AD_up_mito	up	estimable_validated	TRUE	0	0	0	0	732	empty_query	fine_deg_pathway_query_manifest_v1
822	inhibitory::Inh VIP THSD7B::AD_vs_NCI__Male__e2::AD_down_mito	inhibitory::Inh VIP THSD7B::AD_vs_NCI__Male__e2	274	inhibitory::Inh VIP THSD7B::AD_vs_NCI__Male__e2	NA	inhibitory	Inh VIP THSD7B	Inhibitory_neurons	M_e2	Male	e2	AD_down_mito	down	estimable_validated	TRUE	0	0	0	0	732	empty_query	fine_deg_pathway_query_manifest_v1
823	inhibitory::Inh VIP THSD7B::AD_vs_NCI__Male__e33::AD_any_mito	inhibitory::Inh VIP THSD7B::AD_vs_NCI__Male__e33	275	inhibitory::Inh VIP THSD7B::AD_vs_NCI__Male__e33	NA	inhibitory	Inh VIP THSD7B	Inhibitory_neurons	M_e33	Male	e33	AD_any_mito	any	estimable_validated	TRUE	0	0	0	0	712	empty_query	fine_deg_pathway_query_manifest_v1
824	inhibitory::Inh VIP THSD7B::AD_vs_NCI__Male__e33::AD_up_mito	inhibitory::Inh VIP THSD7B::AD_vs_NCI__Male__e33	275	inhibitory::Inh VIP THSD7B::AD_vs_NCI__Male__e33	NA	inhibitory	Inh VIP THSD7B	Inhibitory_neurons	M_e33	Male	e33	AD_up_mito	up	estimable_validated	TRUE	0	0	0	0	712	empty_query	fine_deg_pathway_query_manifest_v1
825	inhibitory::Inh VIP THSD7B::AD_vs_NCI__Male__e33::AD_down_mito	inhibitory::Inh VIP THSD7B::AD_vs_NCI__Male__e33	275	inhibitory::Inh VIP THSD7B::AD_vs_NCI__Male__e33	NA	inhibitory	Inh VIP THSD7B	Inhibitory_neurons	M_e33	Male	e33	AD_down_mito	down	estimable_validated	TRUE	0	0	0	0	712	empty_query	fine_deg_pathway_query_manifest_v1
826	inhibitory::Inh VIP THSD7B::AD_vs_NCI__Male__e4::AD_any_mito	inhibitory::Inh VIP THSD7B::AD_vs_NCI__Male__e4	276	inhibitory::Inh VIP THSD7B::AD_vs_NCI__Male__e4	NA	inhibitory	Inh VIP THSD7B	Inhibitory_neurons	M_e4	Male	e4	AD_any_mito	any	estimable_validated	TRUE	0	0	0	0	667	empty_query	fine_deg_pathway_query_manifest_v1
827	inhibitory::Inh VIP THSD7B::AD_vs_NCI__Male__e4::AD_up_mito	inhibitory::Inh VIP THSD7B::AD_vs_NCI__Male__e4	276	inhibitory::Inh VIP THSD7B::AD_vs_NCI__Male__e4	NA	inhibitory	Inh VIP THSD7B	Inhibitory_neurons	M_e4	Male	e4	AD_up_mito	up	estimable_validated	TRUE	0	0	0	0	667	empty_query	fine_deg_pathway_query_manifest_v1
828	inhibitory::Inh VIP THSD7B::AD_vs_NCI__Male__e4::AD_down_mito	inhibitory::Inh VIP THSD7B::AD_vs_NCI__Male__e4	276	inhibitory::Inh VIP THSD7B::AD_vs_NCI__Male__e4	NA	inhibitory	Inh VIP THSD7B	Inhibitory_neurons	M_e4	Male	e4	AD_down_mito	down	estimable_validated	TRUE	0	0	0	0	667	empty_query	fine_deg_pathway_query_manifest_v1
829	inhibitory::Inh VIP TSHZ2::AD_vs_NCI__Female__e2::AD_any_mito	inhibitory::Inh VIP TSHZ2::AD_vs_NCI__Female__e2	277	inhibitory::Inh VIP TSHZ2::AD_vs_NCI__Female__e2	NA	inhibitory	Inh VIP TSHZ2	Inhibitory_neurons	F_e2	Female	e2	AD_any_mito	any	estimable_validated	TRUE	3	3	0	3	663	testable_query	fine_deg_pathway_query_manifest_v1
830	inhibitory::Inh VIP TSHZ2::AD_vs_NCI__Female__e2::AD_up_mito	inhibitory::Inh VIP TSHZ2::AD_vs_NCI__Female__e2	277	inhibitory::Inh VIP TSHZ2::AD_vs_NCI__Female__e2	NA	inhibitory	Inh VIP TSHZ2	Inhibitory_neurons	F_e2	Female	e2	AD_up_mito	up	estimable_validated	TRUE	3	3	0	3	663	testable_query	fine_deg_pathway_query_manifest_v1
831	inhibitory::Inh VIP TSHZ2::AD_vs_NCI__Female__e2::AD_down_mito	inhibitory::Inh VIP TSHZ2::AD_vs_NCI__Female__e2	277	inhibitory::Inh VIP TSHZ2::AD_vs_NCI__Female__e2	NA	inhibitory	Inh VIP TSHZ2	Inhibitory_neurons	F_e2	Female	e2	AD_down_mito	down	estimable_validated	TRUE	0	0	0	0	663	empty_query	fine_deg_pathway_query_manifest_v1
832	inhibitory::Inh VIP TSHZ2::AD_vs_NCI__Female__e33::AD_any_mito	inhibitory::Inh VIP TSHZ2::AD_vs_NCI__Female__e33	278	inhibitory::Inh VIP TSHZ2::AD_vs_NCI__Female__e33	NA	inhibitory	Inh VIP TSHZ2	Inhibitory_neurons	F_e33	Female	e33	AD_any_mito	any	estimable_validated	TRUE	4	4	0	4	671	testable_query	fine_deg_pathway_query_manifest_v1
833	inhibitory::Inh VIP TSHZ2::AD_vs_NCI__Female__e33::AD_up_mito	inhibitory::Inh VIP TSHZ2::AD_vs_NCI__Female__e33	278	inhibitory::Inh VIP TSHZ2::AD_vs_NCI__Female__e33	NA	inhibitory	Inh VIP TSHZ2	Inhibitory_neurons	F_e33	Female	e33	AD_up_mito	up	estimable_validated	TRUE	4	4	0	4	671	testable_query	fine_deg_pathway_query_manifest_v1
834	inhibitory::Inh VIP TSHZ2::AD_vs_NCI__Female__e33::AD_down_mito	inhibitory::Inh VIP TSHZ2::AD_vs_NCI__Female__e33	278	inhibitory::Inh VIP TSHZ2::AD_vs_NCI__Female__e33	NA	inhibitory	Inh VIP TSHZ2	Inhibitory_neurons	F_e33	Female	e33	AD_down_mito	down	estimable_validated	TRUE	0	0	0	0	671	empty_query	fine_deg_pathway_query_manifest_v1
835	inhibitory::Inh VIP TSHZ2::AD_vs_NCI__Female__e4::AD_any_mito	inhibitory::Inh VIP TSHZ2::AD_vs_NCI__Female__e4	279	inhibitory::Inh VIP TSHZ2::AD_vs_NCI__Female__e4	NA	inhibitory	Inh VIP TSHZ2	Inhibitory_neurons	F_e4	Female	e4	AD_any_mito	any	estimable_validated	TRUE	3	3	0	3	662	testable_query	fine_deg_pathway_query_manifest_v1
836	inhibitory::Inh VIP TSHZ2::AD_vs_NCI__Female__e4::AD_up_mito	inhibitory::Inh VIP TSHZ2::AD_vs_NCI__Female__e4	279	inhibitory::Inh VIP TSHZ2::AD_vs_NCI__Female__e4	NA	inhibitory	Inh VIP TSHZ2	Inhibitory_neurons	F_e4	Female	e4	AD_up_mito	up	estimable_validated	TRUE	1	1	0	1	662	query_below_minimum	fine_deg_pathway_query_manifest_v1
837	inhibitory::Inh VIP TSHZ2::AD_vs_NCI__Female__e4::AD_down_mito	inhibitory::Inh VIP TSHZ2::AD_vs_NCI__Female__e4	279	inhibitory::Inh VIP TSHZ2::AD_vs_NCI__Female__e4	NA	inhibitory	Inh VIP TSHZ2	Inhibitory_neurons	F_e4	Female	e4	AD_down_mito	down	estimable_validated	TRUE	2	2	0	2	662	query_below_minimum	fine_deg_pathway_query_manifest_v1
838	inhibitory::Inh VIP TSHZ2::AD_vs_NCI__Male__e2::AD_any_mito	inhibitory::Inh VIP TSHZ2::AD_vs_NCI__Male__e2	280	inhibitory::Inh VIP TSHZ2::AD_vs_NCI__Male__e2	NA	inhibitory	Inh VIP TSHZ2	Inhibitory_neurons	M_e2	Male	e2	AD_any_mito	any	estimable_validated	TRUE	0	0	0	0	605	empty_query	fine_deg_pathway_query_manifest_v1
839	inhibitory::Inh VIP TSHZ2::AD_vs_NCI__Male__e2::AD_up_mito	inhibitory::Inh VIP TSHZ2::AD_vs_NCI__Male__e2	280	inhibitory::Inh VIP TSHZ2::AD_vs_NCI__Male__e2	NA	inhibitory	Inh VIP TSHZ2	Inhibitory_neurons	M_e2	Male	e2	AD_up_mito	up	estimable_validated	TRUE	0	0	0	0	605	empty_query	fine_deg_pathway_query_manifest_v1
840	inhibitory::Inh VIP TSHZ2::AD_vs_NCI__Male__e2::AD_down_mito	inhibitory::Inh VIP TSHZ2::AD_vs_NCI__Male__e2	280	inhibitory::Inh VIP TSHZ2::AD_vs_NCI__Male__e2	NA	inhibitory	Inh VIP TSHZ2	Inhibitory_neurons	M_e2	Male	e2	AD_down_mito	down	estimable_validated	TRUE	0	0	0	0	605	empty_query	fine_deg_pathway_query_manifest_v1
841	inhibitory::Inh VIP TSHZ2::AD_vs_NCI__Male__e33::AD_any_mito	inhibitory::Inh VIP TSHZ2::AD_vs_NCI__Male__e33	281	inhibitory::Inh VIP TSHZ2::AD_vs_NCI__Male__e33	NA	inhibitory	Inh VIP TSHZ2	Inhibitory_neurons	M_e33	Male	e33	AD_any_mito	any	estimable_validated	TRUE	1	1	0	1	628	query_below_minimum	fine_deg_pathway_query_manifest_v1
842	inhibitory::Inh VIP TSHZ2::AD_vs_NCI__Male__e33::AD_up_mito	inhibitory::Inh VIP TSHZ2::AD_vs_NCI__Male__e33	281	inhibitory::Inh VIP TSHZ2::AD_vs_NCI__Male__e33	NA	inhibitory	Inh VIP TSHZ2	Inhibitory_neurons	M_e33	Male	e33	AD_up_mito	up	estimable_validated	TRUE	1	1	0	1	628	query_below_minimum	fine_deg_pathway_query_manifest_v1
843	inhibitory::Inh VIP TSHZ2::AD_vs_NCI__Male__e33::AD_down_mito	inhibitory::Inh VIP TSHZ2::AD_vs_NCI__Male__e33	281	inhibitory::Inh VIP TSHZ2::AD_vs_NCI__Male__e33	NA	inhibitory	Inh VIP TSHZ2	Inhibitory_neurons	M_e33	Male	e33	AD_down_mito	down	estimable_validated	TRUE	0	0	0	0	628	empty_query	fine_deg_pathway_query_manifest_v1
844	inhibitory::Inh VIP TSHZ2::AD_vs_NCI__Male__e4::AD_any_mito	inhibitory::Inh VIP TSHZ2::AD_vs_NCI__Male__e4	282	inhibitory::Inh VIP TSHZ2::AD_vs_NCI__Male__e4	NA	inhibitory	Inh VIP TSHZ2	Inhibitory_neurons	M_e4	Male	e4	AD_any_mito	any	estimable_validated	TRUE	1	1	0	1	580	query_below_minimum	fine_deg_pathway_query_manifest_v1
845	inhibitory::Inh VIP TSHZ2::AD_vs_NCI__Male__e4::AD_up_mito	inhibitory::Inh VIP TSHZ2::AD_vs_NCI__Male__e4	282	inhibitory::Inh VIP TSHZ2::AD_vs_NCI__Male__e4	NA	inhibitory	Inh VIP TSHZ2	Inhibitory_neurons	M_e4	Male	e4	AD_up_mito	up	estimable_validated	TRUE	0	0	0	0	580	empty_query	fine_deg_pathway_query_manifest_v1
846	inhibitory::Inh VIP TSHZ2::AD_vs_NCI__Male__e4::AD_down_mito	inhibitory::Inh VIP TSHZ2::AD_vs_NCI__Male__e4	282	inhibitory::Inh VIP TSHZ2::AD_vs_NCI__Male__e4	NA	inhibitory	Inh VIP TSHZ2	Inhibitory_neurons	M_e4	Male	e4	AD_down_mito	down	estimable_validated	TRUE	1	1	0	1	580	query_below_minimum	fine_deg_pathway_query_manifest_v1
847	oligodendrocytes::Oli::AD_vs_NCI__Female__e2::AD_any_mito	oligodendrocytes::Oli::AD_vs_NCI__Female__e2	283	oligodendrocytes::Oli::AD_vs_NCI__Female__e2	NA	oligodendrocytes	Oli	Oligodendrocytes	F_e2	Female	e2	AD_any_mito	any	estimable_validated	TRUE	12	12	0	12	462	testable_query	fine_deg_pathway_query_manifest_v1
848	oligodendrocytes::Oli::AD_vs_NCI__Female__e2::AD_up_mito	oligodendrocytes::Oli::AD_vs_NCI__Female__e2	283	oligodendrocytes::Oli::AD_vs_NCI__Female__e2	NA	oligodendrocytes	Oli	Oligodendrocytes	F_e2	Female	e2	AD_up_mito	up	estimable_validated	TRUE	10	10	0	10	462	testable_query	fine_deg_pathway_query_manifest_v1
849	oligodendrocytes::Oli::AD_vs_NCI__Female__e2::AD_down_mito	oligodendrocytes::Oli::AD_vs_NCI__Female__e2	283	oligodendrocytes::Oli::AD_vs_NCI__Female__e2	NA	oligodendrocytes	Oli	Oligodendrocytes	F_e2	Female	e2	AD_down_mito	down	estimable_validated	TRUE	2	2	0	2	462	query_below_minimum	fine_deg_pathway_query_manifest_v1
850	oligodendrocytes::Oli::AD_vs_NCI__Female__e33::AD_any_mito	oligodendrocytes::Oli::AD_vs_NCI__Female__e33	284	oligodendrocytes::Oli::AD_vs_NCI__Female__e33	NA	oligodendrocytes	Oli	Oligodendrocytes	F_e33	Female	e33	AD_any_mito	any	estimable_validated	TRUE	11	11	0	11	410	testable_query	fine_deg_pathway_query_manifest_v1
851	oligodendrocytes::Oli::AD_vs_NCI__Female__e33::AD_up_mito	oligodendrocytes::Oli::AD_vs_NCI__Female__e33	284	oligodendrocytes::Oli::AD_vs_NCI__Female__e33	NA	oligodendrocytes	Oli	Oligodendrocytes	F_e33	Female	e33	AD_up_mito	up	estimable_validated	TRUE	10	10	0	10	410	testable_query	fine_deg_pathway_query_manifest_v1
852	oligodendrocytes::Oli::AD_vs_NCI__Female__e33::AD_down_mito	oligodendrocytes::Oli::AD_vs_NCI__Female__e33	284	oligodendrocytes::Oli::AD_vs_NCI__Female__e33	NA	oligodendrocytes	Oli	Oligodendrocytes	F_e33	Female	e33	AD_down_mito	down	estimable_validated	TRUE	1	1	0	1	410	query_below_minimum	fine_deg_pathway_query_manifest_v1
853	oligodendrocytes::Oli::AD_vs_NCI__Female__e4::AD_any_mito	oligodendrocytes::Oli::AD_vs_NCI__Female__e4	285	oligodendrocytes::Oli::AD_vs_NCI__Female__e4	NA	oligodendrocytes	Oli	Oligodendrocytes	F_e4	Female	e4	AD_any_mito	any	estimable_validated	TRUE	4	4	0	4	443	testable_query	fine_deg_pathway_query_manifest_v1
854	oligodendrocytes::Oli::AD_vs_NCI__Female__e4::AD_up_mito	oligodendrocytes::Oli::AD_vs_NCI__Female__e4	285	oligodendrocytes::Oli::AD_vs_NCI__Female__e4	NA	oligodendrocytes	Oli	Oligodendrocytes	F_e4	Female	e4	AD_up_mito	up	estimable_validated	TRUE	0	0	0	0	443	empty_query	fine_deg_pathway_query_manifest_v1
855	oligodendrocytes::Oli::AD_vs_NCI__Female__e4::AD_down_mito	oligodendrocytes::Oli::AD_vs_NCI__Female__e4	285	oligodendrocytes::Oli::AD_vs_NCI__Female__e4	NA	oligodendrocytes	Oli	Oligodendrocytes	F_e4	Female	e4	AD_down_mito	down	estimable_validated	TRUE	4	4	0	4	443	testable_query	fine_deg_pathway_query_manifest_v1
856	oligodendrocytes::Oli::AD_vs_NCI__Male__e2::AD_any_mito	oligodendrocytes::Oli::AD_vs_NCI__Male__e2	286	oligodendrocytes::Oli::AD_vs_NCI__Male__e2	NA	oligodendrocytes	Oli	Oligodendrocytes	M_e2	Male	e2	AD_any_mito	any	estimable_validated	TRUE	49	49	0	49	344	testable_query	fine_deg_pathway_query_manifest_v1
857	oligodendrocytes::Oli::AD_vs_NCI__Male__e2::AD_up_mito	oligodendrocytes::Oli::AD_vs_NCI__Male__e2	286	oligodendrocytes::Oli::AD_vs_NCI__Male__e2	NA	oligodendrocytes	Oli	Oligodendrocytes	M_e2	Male	e2	AD_up_mito	up	estimable_validated	TRUE	14	14	0	14	344	testable_query	fine_deg_pathway_query_manifest_v1
858	oligodendrocytes::Oli::AD_vs_NCI__Male__e2::AD_down_mito	oligodendrocytes::Oli::AD_vs_NCI__Male__e2	286	oligodendrocytes::Oli::AD_vs_NCI__Male__e2	NA	oligodendrocytes	Oli	Oligodendrocytes	M_e2	Male	e2	AD_down_mito	down	estimable_validated	TRUE	35	35	0	35	344	testable_query	fine_deg_pathway_query_manifest_v1
859	oligodendrocytes::Oli::AD_vs_NCI__Male__e33::AD_any_mito	oligodendrocytes::Oli::AD_vs_NCI__Male__e33	287	oligodendrocytes::Oli::AD_vs_NCI__Male__e33	NA	oligodendrocytes	Oli	Oligodendrocytes	M_e33	Male	e33	AD_any_mito	any	estimable_validated	TRUE	8	8	0	8	387	testable_query	fine_deg_pathway_query_manifest_v1
860	oligodendrocytes::Oli::AD_vs_NCI__Male__e33::AD_up_mito	oligodendrocytes::Oli::AD_vs_NCI__Male__e33	287	oligodendrocytes::Oli::AD_vs_NCI__Male__e33	NA	oligodendrocytes	Oli	Oligodendrocytes	M_e33	Male	e33	AD_up_mito	up	estimable_validated	TRUE	1	1	0	1	387	query_below_minimum	fine_deg_pathway_query_manifest_v1
861	oligodendrocytes::Oli::AD_vs_NCI__Male__e33::AD_down_mito	oligodendrocytes::Oli::AD_vs_NCI__Male__e33	287	oligodendrocytes::Oli::AD_vs_NCI__Male__e33	NA	oligodendrocytes	Oli	Oligodendrocytes	M_e33	Male	e33	AD_down_mito	down	estimable_validated	TRUE	7	7	0	7	387	testable_query	fine_deg_pathway_query_manifest_v1
862	oligodendrocytes::Oli::AD_vs_NCI__Male__e4::AD_any_mito	oligodendrocytes::Oli::AD_vs_NCI__Male__e4	288	oligodendrocytes::Oli::AD_vs_NCI__Male__e4	NA	oligodendrocytes	Oli	Oligodendrocytes	M_e4	Male	e4	AD_any_mito	any	estimable_validated	TRUE	14	14	0	14	400	testable_query	fine_deg_pathway_query_manifest_v1
863	oligodendrocytes::Oli::AD_vs_NCI__Male__e4::AD_up_mito	oligodendrocytes::Oli::AD_vs_NCI__Male__e4	288	oligodendrocytes::Oli::AD_vs_NCI__Male__e4	NA	oligodendrocytes	Oli	Oligodendrocytes	M_e4	Male	e4	AD_up_mito	up	estimable_validated	TRUE	7	7	0	7	400	testable_query	fine_deg_pathway_query_manifest_v1
864	oligodendrocytes::Oli::AD_vs_NCI__Male__e4::AD_down_mito	oligodendrocytes::Oli::AD_vs_NCI__Male__e4	288	oligodendrocytes::Oli::AD_vs_NCI__Male__e4	NA	oligodendrocytes	Oli	Oligodendrocytes	M_e4	Male	e4	AD_down_mito	down	estimable_validated	TRUE	7	7	0	7	400	testable_query	fine_deg_pathway_query_manifest_v1
865	opcs::OPC::AD_vs_NCI__Female__e2::AD_any_mito	opcs::OPC::AD_vs_NCI__Female__e2	289	opcs::OPC::AD_vs_NCI__Female__e2	NA	opcs	OPC	OPCs	F_e2	Female	e2	AD_any_mito	any	estimable_validated	TRUE	27	27	0	27	691	testable_query	fine_deg_pathway_query_manifest_v1
866	opcs::OPC::AD_vs_NCI__Female__e2::AD_up_mito	opcs::OPC::AD_vs_NCI__Female__e2	289	opcs::OPC::AD_vs_NCI__Female__e2	NA	opcs	OPC	OPCs	F_e2	Female	e2	AD_up_mito	up	estimable_validated	TRUE	27	27	0	27	691	testable_query	fine_deg_pathway_query_manifest_v1
867	opcs::OPC::AD_vs_NCI__Female__e2::AD_down_mito	opcs::OPC::AD_vs_NCI__Female__e2	289	opcs::OPC::AD_vs_NCI__Female__e2	NA	opcs	OPC	OPCs	F_e2	Female	e2	AD_down_mito	down	estimable_validated	TRUE	0	0	0	0	691	empty_query	fine_deg_pathway_query_manifest_v1
868	opcs::OPC::AD_vs_NCI__Female__e33::AD_any_mito	opcs::OPC::AD_vs_NCI__Female__e33	290	opcs::OPC::AD_vs_NCI__Female__e33	NA	opcs	OPC	OPCs	F_e33	Female	e33	AD_any_mito	any	estimable_validated	TRUE	28	28	0	28	609	testable_query	fine_deg_pathway_query_manifest_v1
869	opcs::OPC::AD_vs_NCI__Female__e33::AD_up_mito	opcs::OPC::AD_vs_NCI__Female__e33	290	opcs::OPC::AD_vs_NCI__Female__e33	NA	opcs	OPC	OPCs	F_e33	Female	e33	AD_up_mito	up	estimable_validated	TRUE	28	28	0	28	609	testable_query	fine_deg_pathway_query_manifest_v1
870	opcs::OPC::AD_vs_NCI__Female__e33::AD_down_mito	opcs::OPC::AD_vs_NCI__Female__e33	290	opcs::OPC::AD_vs_NCI__Female__e33	NA	opcs	OPC	OPCs	F_e33	Female	e33	AD_down_mito	down	estimable_validated	TRUE	0	0	0	0	609	empty_query	fine_deg_pathway_query_manifest_v1
871	opcs::OPC::AD_vs_NCI__Female__e4::AD_any_mito	opcs::OPC::AD_vs_NCI__Female__e4	291	opcs::OPC::AD_vs_NCI__Female__e4	NA	opcs	OPC	OPCs	F_e4	Female	e4	AD_any_mito	any	estimable_validated	TRUE	50	50	0	50	653	testable_query	fine_deg_pathway_query_manifest_v1
872	opcs::OPC::AD_vs_NCI__Female__e4::AD_up_mito	opcs::OPC::AD_vs_NCI__Female__e4	291	opcs::OPC::AD_vs_NCI__Female__e4	NA	opcs	OPC	OPCs	F_e4	Female	e4	AD_up_mito	up	estimable_validated	TRUE	19	19	0	19	653	testable_query	fine_deg_pathway_query_manifest_v1
873	opcs::OPC::AD_vs_NCI__Female__e4::AD_down_mito	opcs::OPC::AD_vs_NCI__Female__e4	291	opcs::OPC::AD_vs_NCI__Female__e4	NA	opcs	OPC	OPCs	F_e4	Female	e4	AD_down_mito	down	estimable_validated	TRUE	31	31	0	31	653	testable_query	fine_deg_pathway_query_manifest_v1
874	opcs::OPC::AD_vs_NCI__Male__e2::AD_any_mito	opcs::OPC::AD_vs_NCI__Male__e2	292	opcs::OPC::AD_vs_NCI__Male__e2	NA	opcs	OPC	OPCs	M_e2	Male	e2	AD_any_mito	any	estimable_validated	TRUE	151	151	0	151	553	testable_query	fine_deg_pathway_query_manifest_v1
875	opcs::OPC::AD_vs_NCI__Male__e2::AD_up_mito	opcs::OPC::AD_vs_NCI__Male__e2	292	opcs::OPC::AD_vs_NCI__Male__e2	NA	opcs	OPC	OPCs	M_e2	Male	e2	AD_up_mito	up	estimable_validated	TRUE	59	59	0	59	553	testable_query	fine_deg_pathway_query_manifest_v1
876	opcs::OPC::AD_vs_NCI__Male__e2::AD_down_mito	opcs::OPC::AD_vs_NCI__Male__e2	292	opcs::OPC::AD_vs_NCI__Male__e2	NA	opcs	OPC	OPCs	M_e2	Male	e2	AD_down_mito	down	estimable_validated	TRUE	92	92	0	92	553	testable_query	fine_deg_pathway_query_manifest_v1
877	opcs::OPC::AD_vs_NCI__Male__e33::AD_any_mito	opcs::OPC::AD_vs_NCI__Male__e33	293	opcs::OPC::AD_vs_NCI__Male__e33	NA	opcs	OPC	OPCs	M_e33	Male	e33	AD_any_mito	any	estimable_validated	TRUE	7	7	0	7	542	testable_query	fine_deg_pathway_query_manifest_v1
878	opcs::OPC::AD_vs_NCI__Male__e33::AD_up_mito	opcs::OPC::AD_vs_NCI__Male__e33	293	opcs::OPC::AD_vs_NCI__Male__e33	NA	opcs	OPC	OPCs	M_e33	Male	e33	AD_up_mito	up	estimable_validated	TRUE	0	0	0	0	542	empty_query	fine_deg_pathway_query_manifest_v1
879	opcs::OPC::AD_vs_NCI__Male__e33::AD_down_mito	opcs::OPC::AD_vs_NCI__Male__e33	293	opcs::OPC::AD_vs_NCI__Male__e33	NA	opcs	OPC	OPCs	M_e33	Male	e33	AD_down_mito	down	estimable_validated	TRUE	7	7	0	7	542	testable_query	fine_deg_pathway_query_manifest_v1
880	opcs::OPC::AD_vs_NCI__Male__e4::AD_any_mito	opcs::OPC::AD_vs_NCI__Male__e4	294	opcs::OPC::AD_vs_NCI__Male__e4	NA	opcs	OPC	OPCs	M_e4	Male	e4	AD_any_mito	any	estimable_validated	TRUE	14	14	0	14	588	testable_query	fine_deg_pathway_query_manifest_v1
881	opcs::OPC::AD_vs_NCI__Male__e4::AD_up_mito	opcs::OPC::AD_vs_NCI__Male__e4	294	opcs::OPC::AD_vs_NCI__Male__e4	NA	opcs	OPC	OPCs	M_e4	Male	e4	AD_up_mito	up	estimable_validated	TRUE	10	10	0	10	588	testable_query	fine_deg_pathway_query_manifest_v1
882	opcs::OPC::AD_vs_NCI__Male__e4::AD_down_mito	opcs::OPC::AD_vs_NCI__Male__e4	294	opcs::OPC::AD_vs_NCI__Male__e4	NA	opcs	OPC	OPCs	M_e4	Male	e4	AD_down_mito	down	estimable_validated	TRUE	4	4	0	4	588	testable_query	fine_deg_pathway_query_manifest_v1
883	vasculature::End::AD_vs_NCI__Female__e2::AD_any_mito	vasculature::End::AD_vs_NCI__Female__e2	295	vasculature::End::AD_vs_NCI__Female__e2	NA	vasculature	End	Vasculature_cells	F_e2	Female	e2	AD_any_mito	any	estimable_validated	TRUE	0	0	0	0	305	empty_query	fine_deg_pathway_query_manifest_v1
884	vasculature::End::AD_vs_NCI__Female__e2::AD_up_mito	vasculature::End::AD_vs_NCI__Female__e2	295	vasculature::End::AD_vs_NCI__Female__e2	NA	vasculature	End	Vasculature_cells	F_e2	Female	e2	AD_up_mito	up	estimable_validated	TRUE	0	0	0	0	305	empty_query	fine_deg_pathway_query_manifest_v1
885	vasculature::End::AD_vs_NCI__Female__e2::AD_down_mito	vasculature::End::AD_vs_NCI__Female__e2	295	vasculature::End::AD_vs_NCI__Female__e2	NA	vasculature	End	Vasculature_cells	F_e2	Female	e2	AD_down_mito	down	estimable_validated	TRUE	0	0	0	0	305	empty_query	fine_deg_pathway_query_manifest_v1
886	vasculature::End::AD_vs_NCI__Female__e33::AD_any_mito	vasculature::End::AD_vs_NCI__Female__e33	296	vasculature::End::AD_vs_NCI__Female__e33	NA	vasculature	End	Vasculature_cells	F_e33	Female	e33	AD_any_mito	any	estimable_validated	TRUE	3	3	0	3	324	testable_query	fine_deg_pathway_query_manifest_v1
887	vasculature::End::AD_vs_NCI__Female__e33::AD_up_mito	vasculature::End::AD_vs_NCI__Female__e33	296	vasculature::End::AD_vs_NCI__Female__e33	NA	vasculature	End	Vasculature_cells	F_e33	Female	e33	AD_up_mito	up	estimable_validated	TRUE	2	2	0	2	324	query_below_minimum	fine_deg_pathway_query_manifest_v1
888	vasculature::End::AD_vs_NCI__Female__e33::AD_down_mito	vasculature::End::AD_vs_NCI__Female__e33	296	vasculature::End::AD_vs_NCI__Female__e33	NA	vasculature	End	Vasculature_cells	F_e33	Female	e33	AD_down_mito	down	estimable_validated	TRUE	1	1	0	1	324	query_below_minimum	fine_deg_pathway_query_manifest_v1
889	vasculature::End::AD_vs_NCI__Female__e4::AD_any_mito	vasculature::End::AD_vs_NCI__Female__e4	297	vasculature::End::AD_vs_NCI__Female__e4	NA	vasculature	End	Vasculature_cells	F_e4	Female	e4	AD_any_mito	any	estimable_validated	TRUE	8	8	0	8	402	testable_query	fine_deg_pathway_query_manifest_v1
890	vasculature::End::AD_vs_NCI__Female__e4::AD_up_mito	vasculature::End::AD_vs_NCI__Female__e4	297	vasculature::End::AD_vs_NCI__Female__e4	NA	vasculature	End	Vasculature_cells	F_e4	Female	e4	AD_up_mito	up	estimable_validated	TRUE	3	3	0	3	402	testable_query	fine_deg_pathway_query_manifest_v1
891	vasculature::End::AD_vs_NCI__Female__e4::AD_down_mito	vasculature::End::AD_vs_NCI__Female__e4	297	vasculature::End::AD_vs_NCI__Female__e4	NA	vasculature	End	Vasculature_cells	F_e4	Female	e4	AD_down_mito	down	estimable_validated	TRUE	5	5	0	5	402	testable_query	fine_deg_pathway_query_manifest_v1
892	vasculature::End::AD_vs_NCI__Male__e2::AD_any_mito	vasculature::End::AD_vs_NCI__Male__e2	298	vasculature::End::AD_vs_NCI__Male__e2	NA	vasculature	End	Vasculature_cells	M_e2	Male	e2	AD_any_mito	any	estimable_validated	TRUE	19	19	0	19	325	testable_query	fine_deg_pathway_query_manifest_v1
893	vasculature::End::AD_vs_NCI__Male__e2::AD_up_mito	vasculature::End::AD_vs_NCI__Male__e2	298	vasculature::End::AD_vs_NCI__Male__e2	NA	vasculature	End	Vasculature_cells	M_e2	Male	e2	AD_up_mito	up	estimable_validated	TRUE	1	1	0	1	325	query_below_minimum	fine_deg_pathway_query_manifest_v1
894	vasculature::End::AD_vs_NCI__Male__e2::AD_down_mito	vasculature::End::AD_vs_NCI__Male__e2	298	vasculature::End::AD_vs_NCI__Male__e2	NA	vasculature	End	Vasculature_cells	M_e2	Male	e2	AD_down_mito	down	estimable_validated	TRUE	18	18	0	18	325	testable_query	fine_deg_pathway_query_manifest_v1
895	vasculature::End::AD_vs_NCI__Male__e33::AD_any_mito	vasculature::End::AD_vs_NCI__Male__e33	299	vasculature::End::AD_vs_NCI__Male__e33	NA	vasculature	End	Vasculature_cells	M_e33	Male	e33	AD_any_mito	any	estimable_validated	TRUE	9	9	0	9	315	testable_query	fine_deg_pathway_query_manifest_v1
896	vasculature::End::AD_vs_NCI__Male__e33::AD_up_mito	vasculature::End::AD_vs_NCI__Male__e33	299	vasculature::End::AD_vs_NCI__Male__e33	NA	vasculature	End	Vasculature_cells	M_e33	Male	e33	AD_up_mito	up	estimable_validated	TRUE	7	7	0	7	315	testable_query	fine_deg_pathway_query_manifest_v1
897	vasculature::End::AD_vs_NCI__Male__e33::AD_down_mito	vasculature::End::AD_vs_NCI__Male__e33	299	vasculature::End::AD_vs_NCI__Male__e33	NA	vasculature	End	Vasculature_cells	M_e33	Male	e33	AD_down_mito	down	estimable_validated	TRUE	2	2	0	2	315	query_below_minimum	fine_deg_pathway_query_manifest_v1
898	vasculature::End::AD_vs_NCI__Male__e4::AD_any_mito	vasculature::End::AD_vs_NCI__Male__e4	300	vasculature::End::AD_vs_NCI__Male__e4	NA	vasculature	End	Vasculature_cells	M_e4	Male	e4	AD_any_mito	any	estimable_validated	TRUE	0	0	0	0	351	empty_query	fine_deg_pathway_query_manifest_v1
899	vasculature::End::AD_vs_NCI__Male__e4::AD_up_mito	vasculature::End::AD_vs_NCI__Male__e4	300	vasculature::End::AD_vs_NCI__Male__e4	NA	vasculature	End	Vasculature_cells	M_e4	Male	e4	AD_up_mito	up	estimable_validated	TRUE	0	0	0	0	351	empty_query	fine_deg_pathway_query_manifest_v1
900	vasculature::End::AD_vs_NCI__Male__e4::AD_down_mito	vasculature::End::AD_vs_NCI__Male__e4	300	vasculature::End::AD_vs_NCI__Male__e4	NA	vasculature	End	Vasculature_cells	M_e4	Male	e4	AD_down_mito	down	estimable_validated	TRUE	0	0	0	0	351	empty_query	fine_deg_pathway_query_manifest_v1
901	vasculature::Fib FLRT2::AD_vs_NCI__Female__e2::AD_any_mito	vasculature::Fib FLRT2::AD_vs_NCI__Female__e2	301	vasculature::Fib FLRT2::AD_vs_NCI__Female__e2	NA	vasculature	Fib FLRT2	Vasculature_cells	F_e2	Female	e2	AD_any_mito	any	estimable_validated	TRUE	0	0	0	0	352	empty_query	fine_deg_pathway_query_manifest_v1
902	vasculature::Fib FLRT2::AD_vs_NCI__Female__e2::AD_up_mito	vasculature::Fib FLRT2::AD_vs_NCI__Female__e2	301	vasculature::Fib FLRT2::AD_vs_NCI__Female__e2	NA	vasculature	Fib FLRT2	Vasculature_cells	F_e2	Female	e2	AD_up_mito	up	estimable_validated	TRUE	0	0	0	0	352	empty_query	fine_deg_pathway_query_manifest_v1
903	vasculature::Fib FLRT2::AD_vs_NCI__Female__e2::AD_down_mito	vasculature::Fib FLRT2::AD_vs_NCI__Female__e2	301	vasculature::Fib FLRT2::AD_vs_NCI__Female__e2	NA	vasculature	Fib FLRT2	Vasculature_cells	F_e2	Female	e2	AD_down_mito	down	estimable_validated	TRUE	0	0	0	0	352	empty_query	fine_deg_pathway_query_manifest_v1
904	vasculature::Fib FLRT2::AD_vs_NCI__Female__e33::AD_any_mito	vasculature::Fib FLRT2::AD_vs_NCI__Female__e33	302	vasculature::Fib FLRT2::AD_vs_NCI__Female__e33	NA	vasculature	Fib FLRT2	Vasculature_cells	F_e33	Female	e33	AD_any_mito	any	estimable_validated	TRUE	0	0	0	0	366	empty_query	fine_deg_pathway_query_manifest_v1
905	vasculature::Fib FLRT2::AD_vs_NCI__Female__e33::AD_up_mito	vasculature::Fib FLRT2::AD_vs_NCI__Female__e33	302	vasculature::Fib FLRT2::AD_vs_NCI__Female__e33	NA	vasculature	Fib FLRT2	Vasculature_cells	F_e33	Female	e33	AD_up_mito	up	estimable_validated	TRUE	0	0	0	0	366	empty_query	fine_deg_pathway_query_manifest_v1
906	vasculature::Fib FLRT2::AD_vs_NCI__Female__e33::AD_down_mito	vasculature::Fib FLRT2::AD_vs_NCI__Female__e33	302	vasculature::Fib FLRT2::AD_vs_NCI__Female__e33	NA	vasculature	Fib FLRT2	Vasculature_cells	F_e33	Female	e33	AD_down_mito	down	estimable_validated	TRUE	0	0	0	0	366	empty_query	fine_deg_pathway_query_manifest_v1
907	vasculature::Fib FLRT2::AD_vs_NCI__Female__e4::AD_any_mito	vasculature::Fib FLRT2::AD_vs_NCI__Female__e4	303	vasculature::Fib FLRT2::AD_vs_NCI__Female__e4	NA	vasculature	Fib FLRT2	Vasculature_cells	F_e4	Female	e4	AD_any_mito	any	estimable_validated	TRUE	0	0	0	0	370	empty_query	fine_deg_pathway_query_manifest_v1
908	vasculature::Fib FLRT2::AD_vs_NCI__Female__e4::AD_up_mito	vasculature::Fib FLRT2::AD_vs_NCI__Female__e4	303	vasculature::Fib FLRT2::AD_vs_NCI__Female__e4	NA	vasculature	Fib FLRT2	Vasculature_cells	F_e4	Female	e4	AD_up_mito	up	estimable_validated	TRUE	0	0	0	0	370	empty_query	fine_deg_pathway_query_manifest_v1
909	vasculature::Fib FLRT2::AD_vs_NCI__Female__e4::AD_down_mito	vasculature::Fib FLRT2::AD_vs_NCI__Female__e4	303	vasculature::Fib FLRT2::AD_vs_NCI__Female__e4	NA	vasculature	Fib FLRT2	Vasculature_cells	F_e4	Female	e4	AD_down_mito	down	estimable_validated	TRUE	0	0	0	0	370	empty_query	fine_deg_pathway_query_manifest_v1
910	vasculature::Fib FLRT2::AD_vs_NCI__Male__e2::AD_any_mito	vasculature::Fib FLRT2::AD_vs_NCI__Male__e2	304	vasculature::Fib FLRT2::AD_vs_NCI__Male__e2	NA	vasculature	Fib FLRT2	Vasculature_cells	M_e2	Male	e2	AD_any_mito	any	estimable_validated	TRUE	0	0	0	0	300	empty_query	fine_deg_pathway_query_manifest_v1
911	vasculature::Fib FLRT2::AD_vs_NCI__Male__e2::AD_up_mito	vasculature::Fib FLRT2::AD_vs_NCI__Male__e2	304	vasculature::Fib FLRT2::AD_vs_NCI__Male__e2	NA	vasculature	Fib FLRT2	Vasculature_cells	M_e2	Male	e2	AD_up_mito	up	estimable_validated	TRUE	0	0	0	0	300	empty_query	fine_deg_pathway_query_manifest_v1
912	vasculature::Fib FLRT2::AD_vs_NCI__Male__e2::AD_down_mito	vasculature::Fib FLRT2::AD_vs_NCI__Male__e2	304	vasculature::Fib FLRT2::AD_vs_NCI__Male__e2	NA	vasculature	Fib FLRT2	Vasculature_cells	M_e2	Male	e2	AD_down_mito	down	estimable_validated	TRUE	0	0	0	0	300	empty_query	fine_deg_pathway_query_manifest_v1
913	vasculature::Fib FLRT2::AD_vs_NCI__Male__e33::AD_any_mito	vasculature::Fib FLRT2::AD_vs_NCI__Male__e33	305	vasculature::Fib FLRT2::AD_vs_NCI__Male__e33	NA	vasculature	Fib FLRT2	Vasculature_cells	M_e33	Male	e33	AD_any_mito	any	estimable_validated	TRUE	0	0	0	0	343	empty_query	fine_deg_pathway_query_manifest_v1
914	vasculature::Fib FLRT2::AD_vs_NCI__Male__e33::AD_up_mito	vasculature::Fib FLRT2::AD_vs_NCI__Male__e33	305	vasculature::Fib FLRT2::AD_vs_NCI__Male__e33	NA	vasculature	Fib FLRT2	Vasculature_cells	M_e33	Male	e33	AD_up_mito	up	estimable_validated	TRUE	0	0	0	0	343	empty_query	fine_deg_pathway_query_manifest_v1
915	vasculature::Fib FLRT2::AD_vs_NCI__Male__e33::AD_down_mito	vasculature::Fib FLRT2::AD_vs_NCI__Male__e33	305	vasculature::Fib FLRT2::AD_vs_NCI__Male__e33	NA	vasculature	Fib FLRT2	Vasculature_cells	M_e33	Male	e33	AD_down_mito	down	estimable_validated	TRUE	0	0	0	0	343	empty_query	fine_deg_pathway_query_manifest_v1
916	vasculature::Fib FLRT2::AD_vs_NCI__Male__e4::AD_any_mito	vasculature::Fib FLRT2::AD_vs_NCI__Male__e4	306	vasculature::Fib FLRT2::AD_vs_NCI__Male__e4	NA	vasculature	Fib FLRT2	Vasculature_cells	M_e4	Male	e4	AD_any_mito	any	estimable_validated	TRUE	2	2	0	2	334	query_below_minimum	fine_deg_pathway_query_manifest_v1
917	vasculature::Fib FLRT2::AD_vs_NCI__Male__e4::AD_up_mito	vasculature::Fib FLRT2::AD_vs_NCI__Male__e4	306	vasculature::Fib FLRT2::AD_vs_NCI__Male__e4	NA	vasculature	Fib FLRT2	Vasculature_cells	M_e4	Male	e4	AD_up_mito	up	estimable_validated	TRUE	0	0	0	0	334	empty_query	fine_deg_pathway_query_manifest_v1
918	vasculature::Fib FLRT2::AD_vs_NCI__Male__e4::AD_down_mito	vasculature::Fib FLRT2::AD_vs_NCI__Male__e4	306	vasculature::Fib FLRT2::AD_vs_NCI__Male__e4	NA	vasculature	Fib FLRT2	Vasculature_cells	M_e4	Male	e4	AD_down_mito	down	estimable_validated	TRUE	2	2	0	2	334	query_below_minimum	fine_deg_pathway_query_manifest_v1
919	vasculature::Fib SLC4A4::AD_vs_NCI__Female__e2::AD_any_mito	vasculature::Fib SLC4A4::AD_vs_NCI__Female__e2	307	vasculature::Fib SLC4A4::AD_vs_NCI__Female__e2	NA	vasculature	Fib SLC4A4	Vasculature_cells	F_e2	Female	e2	AD_any_mito	any	estimable_validated	TRUE	0	0	0	0	405	empty_query	fine_deg_pathway_query_manifest_v1
920	vasculature::Fib SLC4A4::AD_vs_NCI__Female__e2::AD_up_mito	vasculature::Fib SLC4A4::AD_vs_NCI__Female__e2	307	vasculature::Fib SLC4A4::AD_vs_NCI__Female__e2	NA	vasculature	Fib SLC4A4	Vasculature_cells	F_e2	Female	e2	AD_up_mito	up	estimable_validated	TRUE	0	0	0	0	405	empty_query	fine_deg_pathway_query_manifest_v1
921	vasculature::Fib SLC4A4::AD_vs_NCI__Female__e2::AD_down_mito	vasculature::Fib SLC4A4::AD_vs_NCI__Female__e2	307	vasculature::Fib SLC4A4::AD_vs_NCI__Female__e2	NA	vasculature	Fib SLC4A4	Vasculature_cells	F_e2	Female	e2	AD_down_mito	down	estimable_validated	TRUE	0	0	0	0	405	empty_query	fine_deg_pathway_query_manifest_v1
922	vasculature::Fib SLC4A4::AD_vs_NCI__Female__e33::AD_any_mito	vasculature::Fib SLC4A4::AD_vs_NCI__Female__e33	308	vasculature::Fib SLC4A4::AD_vs_NCI__Female__e33	NA	vasculature	Fib SLC4A4	Vasculature_cells	F_e33	Female	e33	AD_any_mito	any	estimable_validated	TRUE	0	0	0	0	438	empty_query	fine_deg_pathway_query_manifest_v1
923	vasculature::Fib SLC4A4::AD_vs_NCI__Female__e33::AD_up_mito	vasculature::Fib SLC4A4::AD_vs_NCI__Female__e33	308	vasculature::Fib SLC4A4::AD_vs_NCI__Female__e33	NA	vasculature	Fib SLC4A4	Vasculature_cells	F_e33	Female	e33	AD_up_mito	up	estimable_validated	TRUE	0	0	0	0	438	empty_query	fine_deg_pathway_query_manifest_v1
924	vasculature::Fib SLC4A4::AD_vs_NCI__Female__e33::AD_down_mito	vasculature::Fib SLC4A4::AD_vs_NCI__Female__e33	308	vasculature::Fib SLC4A4::AD_vs_NCI__Female__e33	NA	vasculature	Fib SLC4A4	Vasculature_cells	F_e33	Female	e33	AD_down_mito	down	estimable_validated	TRUE	0	0	0	0	438	empty_query	fine_deg_pathway_query_manifest_v1
925	vasculature::Fib SLC4A4::AD_vs_NCI__Female__e4::AD_any_mito	vasculature::Fib SLC4A4::AD_vs_NCI__Female__e4	309	vasculature::Fib SLC4A4::AD_vs_NCI__Female__e4	NA	vasculature	Fib SLC4A4	Vasculature_cells	F_e4	Female	e4	AD_any_mito	any	estimable_validated	TRUE	0	0	0	0	461	empty_query	fine_deg_pathway_query_manifest_v1
926	vasculature::Fib SLC4A4::AD_vs_NCI__Female__e4::AD_up_mito	vasculature::Fib SLC4A4::AD_vs_NCI__Female__e4	309	vasculature::Fib SLC4A4::AD_vs_NCI__Female__e4	NA	vasculature	Fib SLC4A4	Vasculature_cells	F_e4	Female	e4	AD_up_mito	up	estimable_validated	TRUE	0	0	0	0	461	empty_query	fine_deg_pathway_query_manifest_v1
927	vasculature::Fib SLC4A4::AD_vs_NCI__Female__e4::AD_down_mito	vasculature::Fib SLC4A4::AD_vs_NCI__Female__e4	309	vasculature::Fib SLC4A4::AD_vs_NCI__Female__e4	NA	vasculature	Fib SLC4A4	Vasculature_cells	F_e4	Female	e4	AD_down_mito	down	estimable_validated	TRUE	0	0	0	0	461	empty_query	fine_deg_pathway_query_manifest_v1
928	vasculature::Fib SLC4A4::AD_vs_NCI__Male__e2::AD_any_mito	vasculature::Fib SLC4A4::AD_vs_NCI__Male__e2	310	vasculature::Fib SLC4A4::AD_vs_NCI__Male__e2	NA	vasculature	Fib SLC4A4	Vasculature_cells	M_e2	Male	e2	AD_any_mito	any	not_estimable	FALSE	0	0	0	0	0	contrast_not_estimable	fine_deg_pathway_query_manifest_v1
929	vasculature::Fib SLC4A4::AD_vs_NCI__Male__e2::AD_up_mito	vasculature::Fib SLC4A4::AD_vs_NCI__Male__e2	310	vasculature::Fib SLC4A4::AD_vs_NCI__Male__e2	NA	vasculature	Fib SLC4A4	Vasculature_cells	M_e2	Male	e2	AD_up_mito	up	not_estimable	FALSE	0	0	0	0	0	contrast_not_estimable	fine_deg_pathway_query_manifest_v1
930	vasculature::Fib SLC4A4::AD_vs_NCI__Male__e2::AD_down_mito	vasculature::Fib SLC4A4::AD_vs_NCI__Male__e2	310	vasculature::Fib SLC4A4::AD_vs_NCI__Male__e2	NA	vasculature	Fib SLC4A4	Vasculature_cells	M_e2	Male	e2	AD_down_mito	down	not_estimable	FALSE	0	0	0	0	0	contrast_not_estimable	fine_deg_pathway_query_manifest_v1
931	vasculature::Fib SLC4A4::AD_vs_NCI__Male__e33::AD_any_mito	vasculature::Fib SLC4A4::AD_vs_NCI__Male__e33	311	vasculature::Fib SLC4A4::AD_vs_NCI__Male__e33	NA	vasculature	Fib SLC4A4	Vasculature_cells	M_e33	Male	e33	AD_any_mito	any	estimable_validated	TRUE	0	0	0	0	277	empty_query	fine_deg_pathway_query_manifest_v1
932	vasculature::Fib SLC4A4::AD_vs_NCI__Male__e33::AD_up_mito	vasculature::Fib SLC4A4::AD_vs_NCI__Male__e33	311	vasculature::Fib SLC4A4::AD_vs_NCI__Male__e33	NA	vasculature	Fib SLC4A4	Vasculature_cells	M_e33	Male	e33	AD_up_mito	up	estimable_validated	TRUE	0	0	0	0	277	empty_query	fine_deg_pathway_query_manifest_v1
933	vasculature::Fib SLC4A4::AD_vs_NCI__Male__e33::AD_down_mito	vasculature::Fib SLC4A4::AD_vs_NCI__Male__e33	311	vasculature::Fib SLC4A4::AD_vs_NCI__Male__e33	NA	vasculature	Fib SLC4A4	Vasculature_cells	M_e33	Male	e33	AD_down_mito	down	estimable_validated	TRUE	0	0	0	0	277	empty_query	fine_deg_pathway_query_manifest_v1
934	vasculature::Fib SLC4A4::AD_vs_NCI__Male__e4::AD_any_mito	vasculature::Fib SLC4A4::AD_vs_NCI__Male__e4	312	vasculature::Fib SLC4A4::AD_vs_NCI__Male__e4	NA	vasculature	Fib SLC4A4	Vasculature_cells	M_e4	Male	e4	AD_any_mito	any	estimable_validated	TRUE	0	0	0	0	407	empty_query	fine_deg_pathway_query_manifest_v1
935	vasculature::Fib SLC4A4::AD_vs_NCI__Male__e4::AD_up_mito	vasculature::Fib SLC4A4::AD_vs_NCI__Male__e4	312	vasculature::Fib SLC4A4::AD_vs_NCI__Male__e4	NA	vasculature	Fib SLC4A4	Vasculature_cells	M_e4	Male	e4	AD_up_mito	up	estimable_validated	TRUE	0	0	0	0	407	empty_query	fine_deg_pathway_query_manifest_v1
936	vasculature::Fib SLC4A4::AD_vs_NCI__Male__e4::AD_down_mito	vasculature::Fib SLC4A4::AD_vs_NCI__Male__e4	312	vasculature::Fib SLC4A4::AD_vs_NCI__Male__e4	NA	vasculature	Fib SLC4A4	Vasculature_cells	M_e4	Male	e4	AD_down_mito	down	estimable_validated	TRUE	0	0	0	0	407	empty_query	fine_deg_pathway_query_manifest_v1
937	vasculature::Per::AD_vs_NCI__Female__e2::AD_any_mito	vasculature::Per::AD_vs_NCI__Female__e2	313	vasculature::Per::AD_vs_NCI__Female__e2	NA	vasculature	Per	Vasculature_cells	F_e2	Female	e2	AD_any_mito	any	estimable_validated	TRUE	0	0	0	0	404	empty_query	fine_deg_pathway_query_manifest_v1
938	vasculature::Per::AD_vs_NCI__Female__e2::AD_up_mito	vasculature::Per::AD_vs_NCI__Female__e2	313	vasculature::Per::AD_vs_NCI__Female__e2	NA	vasculature	Per	Vasculature_cells	F_e2	Female	e2	AD_up_mito	up	estimable_validated	TRUE	0	0	0	0	404	empty_query	fine_deg_pathway_query_manifest_v1
939	vasculature::Per::AD_vs_NCI__Female__e2::AD_down_mito	vasculature::Per::AD_vs_NCI__Female__e2	313	vasculature::Per::AD_vs_NCI__Female__e2	NA	vasculature	Per	Vasculature_cells	F_e2	Female	e2	AD_down_mito	down	estimable_validated	TRUE	0	0	0	0	404	empty_query	fine_deg_pathway_query_manifest_v1
940	vasculature::Per::AD_vs_NCI__Female__e33::AD_any_mito	vasculature::Per::AD_vs_NCI__Female__e33	314	vasculature::Per::AD_vs_NCI__Female__e33	NA	vasculature	Per	Vasculature_cells	F_e33	Female	e33	AD_any_mito	any	estimable_validated	TRUE	1	1	0	1	399	query_below_minimum	fine_deg_pathway_query_manifest_v1
941	vasculature::Per::AD_vs_NCI__Female__e33::AD_up_mito	vasculature::Per::AD_vs_NCI__Female__e33	314	vasculature::Per::AD_vs_NCI__Female__e33	NA	vasculature	Per	Vasculature_cells	F_e33	Female	e33	AD_up_mito	up	estimable_validated	TRUE	1	1	0	1	399	query_below_minimum	fine_deg_pathway_query_manifest_v1
942	vasculature::Per::AD_vs_NCI__Female__e33::AD_down_mito	vasculature::Per::AD_vs_NCI__Female__e33	314	vasculature::Per::AD_vs_NCI__Female__e33	NA	vasculature	Per	Vasculature_cells	F_e33	Female	e33	AD_down_mito	down	estimable_validated	TRUE	0	0	0	0	399	empty_query	fine_deg_pathway_query_manifest_v1
943	vasculature::Per::AD_vs_NCI__Female__e4::AD_any_mito	vasculature::Per::AD_vs_NCI__Female__e4	315	vasculature::Per::AD_vs_NCI__Female__e4	NA	vasculature	Per	Vasculature_cells	F_e4	Female	e4	AD_any_mito	any	estimable_validated	TRUE	5	5	0	5	426	testable_query	fine_deg_pathway_query_manifest_v1
944	vasculature::Per::AD_vs_NCI__Female__e4::AD_up_mito	vasculature::Per::AD_vs_NCI__Female__e4	315	vasculature::Per::AD_vs_NCI__Female__e4	NA	vasculature	Per	Vasculature_cells	F_e4	Female	e4	AD_up_mito	up	estimable_validated	TRUE	4	4	0	4	426	testable_query	fine_deg_pathway_query_manifest_v1
945	vasculature::Per::AD_vs_NCI__Female__e4::AD_down_mito	vasculature::Per::AD_vs_NCI__Female__e4	315	vasculature::Per::AD_vs_NCI__Female__e4	NA	vasculature	Per	Vasculature_cells	F_e4	Female	e4	AD_down_mito	down	estimable_validated	TRUE	1	1	0	1	426	query_below_minimum	fine_deg_pathway_query_manifest_v1
946	vasculature::Per::AD_vs_NCI__Male__e2::AD_any_mito	vasculature::Per::AD_vs_NCI__Male__e2	316	vasculature::Per::AD_vs_NCI__Male__e2	NA	vasculature	Per	Vasculature_cells	M_e2	Male	e2	AD_any_mito	any	estimable_validated	TRUE	13	13	0	13	350	testable_query	fine_deg_pathway_query_manifest_v1
947	vasculature::Per::AD_vs_NCI__Male__e2::AD_up_mito	vasculature::Per::AD_vs_NCI__Male__e2	316	vasculature::Per::AD_vs_NCI__Male__e2	NA	vasculature	Per	Vasculature_cells	M_e2	Male	e2	AD_up_mito	up	estimable_validated	TRUE	3	3	0	3	350	testable_query	fine_deg_pathway_query_manifest_v1
948	vasculature::Per::AD_vs_NCI__Male__e2::AD_down_mito	vasculature::Per::AD_vs_NCI__Male__e2	316	vasculature::Per::AD_vs_NCI__Male__e2	NA	vasculature	Per	Vasculature_cells	M_e2	Male	e2	AD_down_mito	down	estimable_validated	TRUE	10	10	0	10	350	testable_query	fine_deg_pathway_query_manifest_v1
949	vasculature::Per::AD_vs_NCI__Male__e33::AD_any_mito	vasculature::Per::AD_vs_NCI__Male__e33	317	vasculature::Per::AD_vs_NCI__Male__e33	NA	vasculature	Per	Vasculature_cells	M_e33	Male	e33	AD_any_mito	any	estimable_validated	TRUE	1	1	0	1	364	query_below_minimum	fine_deg_pathway_query_manifest_v1
950	vasculature::Per::AD_vs_NCI__Male__e33::AD_up_mito	vasculature::Per::AD_vs_NCI__Male__e33	317	vasculature::Per::AD_vs_NCI__Male__e33	NA	vasculature	Per	Vasculature_cells	M_e33	Male	e33	AD_up_mito	up	estimable_validated	TRUE	1	1	0	1	364	query_below_minimum	fine_deg_pathway_query_manifest_v1
951	vasculature::Per::AD_vs_NCI__Male__e33::AD_down_mito	vasculature::Per::AD_vs_NCI__Male__e33	317	vasculature::Per::AD_vs_NCI__Male__e33	NA	vasculature	Per	Vasculature_cells	M_e33	Male	e33	AD_down_mito	down	estimable_validated	TRUE	0	0	0	0	364	empty_query	fine_deg_pathway_query_manifest_v1
952	vasculature::Per::AD_vs_NCI__Male__e4::AD_any_mito	vasculature::Per::AD_vs_NCI__Male__e4	318	vasculature::Per::AD_vs_NCI__Male__e4	NA	vasculature	Per	Vasculature_cells	M_e4	Male	e4	AD_any_mito	any	estimable_validated	TRUE	1	1	0	1	383	query_below_minimum	fine_deg_pathway_query_manifest_v1
953	vasculature::Per::AD_vs_NCI__Male__e4::AD_up_mito	vasculature::Per::AD_vs_NCI__Male__e4	318	vasculature::Per::AD_vs_NCI__Male__e4	NA	vasculature	Per	Vasculature_cells	M_e4	Male	e4	AD_up_mito	up	estimable_validated	TRUE	1	1	0	1	383	query_below_minimum	fine_deg_pathway_query_manifest_v1
954	vasculature::Per::AD_vs_NCI__Male__e4::AD_down_mito	vasculature::Per::AD_vs_NCI__Male__e4	318	vasculature::Per::AD_vs_NCI__Male__e4	NA	vasculature	Per	Vasculature_cells	M_e4	Male	e4	AD_down_mito	down	estimable_validated	TRUE	0	0	0	0	383	empty_query	fine_deg_pathway_query_manifest_v1
955	vasculature::SMC::AD_vs_NCI__Female__e2::AD_any_mito	vasculature::SMC::AD_vs_NCI__Female__e2	319	vasculature::SMC::AD_vs_NCI__Female__e2	NA	vasculature	SMC	Vasculature_cells	F_e2	Female	e2	AD_any_mito	any	estimable_validated	TRUE	0	0	0	0	381	empty_query	fine_deg_pathway_query_manifest_v1
956	vasculature::SMC::AD_vs_NCI__Female__e2::AD_up_mito	vasculature::SMC::AD_vs_NCI__Female__e2	319	vasculature::SMC::AD_vs_NCI__Female__e2	NA	vasculature	SMC	Vasculature_cells	F_e2	Female	e2	AD_up_mito	up	estimable_validated	TRUE	0	0	0	0	381	empty_query	fine_deg_pathway_query_manifest_v1
957	vasculature::SMC::AD_vs_NCI__Female__e2::AD_down_mito	vasculature::SMC::AD_vs_NCI__Female__e2	319	vasculature::SMC::AD_vs_NCI__Female__e2	NA	vasculature	SMC	Vasculature_cells	F_e2	Female	e2	AD_down_mito	down	estimable_validated	TRUE	0	0	0	0	381	empty_query	fine_deg_pathway_query_manifest_v1
958	vasculature::SMC::AD_vs_NCI__Female__e33::AD_any_mito	vasculature::SMC::AD_vs_NCI__Female__e33	320	vasculature::SMC::AD_vs_NCI__Female__e33	NA	vasculature	SMC	Vasculature_cells	F_e33	Female	e33	AD_any_mito	any	estimable_validated	TRUE	0	0	0	0	336	empty_query	fine_deg_pathway_query_manifest_v1
959	vasculature::SMC::AD_vs_NCI__Female__e33::AD_up_mito	vasculature::SMC::AD_vs_NCI__Female__e33	320	vasculature::SMC::AD_vs_NCI__Female__e33	NA	vasculature	SMC	Vasculature_cells	F_e33	Female	e33	AD_up_mito	up	estimable_validated	TRUE	0	0	0	0	336	empty_query	fine_deg_pathway_query_manifest_v1
960	vasculature::SMC::AD_vs_NCI__Female__e33::AD_down_mito	vasculature::SMC::AD_vs_NCI__Female__e33	320	vasculature::SMC::AD_vs_NCI__Female__e33	NA	vasculature	SMC	Vasculature_cells	F_e33	Female	e33	AD_down_mito	down	estimable_validated	TRUE	0	0	0	0	336	empty_query	fine_deg_pathway_query_manifest_v1
961	vasculature::SMC::AD_vs_NCI__Female__e4::AD_any_mito	vasculature::SMC::AD_vs_NCI__Female__e4	321	vasculature::SMC::AD_vs_NCI__Female__e4	NA	vasculature	SMC	Vasculature_cells	F_e4	Female	e4	AD_any_mito	any	estimable_validated	TRUE	0	0	0	0	408	empty_query	fine_deg_pathway_query_manifest_v1
962	vasculature::SMC::AD_vs_NCI__Female__e4::AD_up_mito	vasculature::SMC::AD_vs_NCI__Female__e4	321	vasculature::SMC::AD_vs_NCI__Female__e4	NA	vasculature	SMC	Vasculature_cells	F_e4	Female	e4	AD_up_mito	up	estimable_validated	TRUE	0	0	0	0	408	empty_query	fine_deg_pathway_query_manifest_v1
963	vasculature::SMC::AD_vs_NCI__Female__e4::AD_down_mito	vasculature::SMC::AD_vs_NCI__Female__e4	321	vasculature::SMC::AD_vs_NCI__Female__e4	NA	vasculature	SMC	Vasculature_cells	F_e4	Female	e4	AD_down_mito	down	estimable_validated	TRUE	0	0	0	0	408	empty_query	fine_deg_pathway_query_manifest_v1
964	vasculature::SMC::AD_vs_NCI__Male__e2::AD_any_mito	vasculature::SMC::AD_vs_NCI__Male__e2	322	vasculature::SMC::AD_vs_NCI__Male__e2	NA	vasculature	SMC	Vasculature_cells	M_e2	Male	e2	AD_any_mito	any	estimable_validated	TRUE	0	0	0	0	353	empty_query	fine_deg_pathway_query_manifest_v1
965	vasculature::SMC::AD_vs_NCI__Male__e2::AD_up_mito	vasculature::SMC::AD_vs_NCI__Male__e2	322	vasculature::SMC::AD_vs_NCI__Male__e2	NA	vasculature	SMC	Vasculature_cells	M_e2	Male	e2	AD_up_mito	up	estimable_validated	TRUE	0	0	0	0	353	empty_query	fine_deg_pathway_query_manifest_v1
966	vasculature::SMC::AD_vs_NCI__Male__e2::AD_down_mito	vasculature::SMC::AD_vs_NCI__Male__e2	322	vasculature::SMC::AD_vs_NCI__Male__e2	NA	vasculature	SMC	Vasculature_cells	M_e2	Male	e2	AD_down_mito	down	estimable_validated	TRUE	0	0	0	0	353	empty_query	fine_deg_pathway_query_manifest_v1
967	vasculature::SMC::AD_vs_NCI__Male__e33::AD_any_mito	vasculature::SMC::AD_vs_NCI__Male__e33	323	vasculature::SMC::AD_vs_NCI__Male__e33	NA	vasculature	SMC	Vasculature_cells	M_e33	Male	e33	AD_any_mito	any	estimable_validated	TRUE	0	0	0	0	358	empty_query	fine_deg_pathway_query_manifest_v1
968	vasculature::SMC::AD_vs_NCI__Male__e33::AD_up_mito	vasculature::SMC::AD_vs_NCI__Male__e33	323	vasculature::SMC::AD_vs_NCI__Male__e33	NA	vasculature	SMC	Vasculature_cells	M_e33	Male	e33	AD_up_mito	up	estimable_validated	TRUE	0	0	0	0	358	empty_query	fine_deg_pathway_query_manifest_v1
969	vasculature::SMC::AD_vs_NCI__Male__e33::AD_down_mito	vasculature::SMC::AD_vs_NCI__Male__e33	323	vasculature::SMC::AD_vs_NCI__Male__e33	NA	vasculature	SMC	Vasculature_cells	M_e33	Male	e33	AD_down_mito	down	estimable_validated	TRUE	0	0	0	0	358	empty_query	fine_deg_pathway_query_manifest_v1
970	vasculature::SMC::AD_vs_NCI__Male__e4::AD_any_mito	vasculature::SMC::AD_vs_NCI__Male__e4	324	vasculature::SMC::AD_vs_NCI__Male__e4	NA	vasculature	SMC	Vasculature_cells	M_e4	Male	e4	AD_any_mito	any	estimable_validated	TRUE	0	0	0	0	345	empty_query	fine_deg_pathway_query_manifest_v1
971	vasculature::SMC::AD_vs_NCI__Male__e4::AD_up_mito	vasculature::SMC::AD_vs_NCI__Male__e4	324	vasculature::SMC::AD_vs_NCI__Male__e4	NA	vasculature	SMC	Vasculature_cells	M_e4	Male	e4	AD_up_mito	up	estimable_validated	TRUE	0	0	0	0	345	empty_query	fine_deg_pathway_query_manifest_v1
972	vasculature::SMC::AD_vs_NCI__Male__e4::AD_down_mito	vasculature::SMC::AD_vs_NCI__Male__e4	324	vasculature::SMC::AD_vs_NCI__Male__e4	NA	vasculature	SMC	Vasculature_cells	M_e4	Male	e4	AD_down_mito	down	estimable_validated	TRUE	0	0	0	0	345	empty_query	fine_deg_pathway_query_manifest_v1
