AL645608.1	AC084361.1
PERM1	AC092295.2
AL645608.8	ISG15
AL645608.2	AC005355.1
AL645608.2	ZFP92
AL645608.2	ACRV1
AL645608.2	AL138976.2
AL645608.2	RNASEH2A
AL645608.2	PRRG2
AGRN	ZFYVE19
AGRN	DRG2
AGRN	TBKBP1
SCNN1D	ASIC3
ACAP3	MIB2
ACAP3	COLGALT2
ACAP3	DBN1
ACAP3	CCHCR1
ACAP3	PDZD4
ACAP3	KIFC2
ACAP3	MED22
ACAP3	TPRN
ACAP3	BX255925.3
ACAP3	RPS6KA4
ACAP3	GRK2
ACAP3	INF2
ACAP3	AC005726.1
ACAP3	THOP1
ACAP3	PIAS4
ACAP3	SLC25A41
ACAP3	HDAC10
DVL1	PYGO2
AURKAIP1	ZMAT2
AURKAIP1	MAD2L1BP
MIB2	ATAD3B
MIB2	STK36
MIB2	LRRC24
MIB2	ZNF512B
MIB2	REXO1
MIB2	SBF1
SLC35E2B	THAP2
NADK	SPATA5L1
FAAP20	MLLT1
HES5	AL139246.5
HES5	C1orf61
HES5	VXN
HES5	SSPN
LINC00982	INPP1
LINC00982	PLEKHA5
LINC00982	HSF4
LINC00982	SCARF1
PRDM16	ARHGEF10L
PRDM16	AC103923.1
PRDM16	NOP14
PRDM16	PPP2R2C
PRDM16	AC114316.2
PRDM16	BLM
PRDM16	MIR193BHG
PRDM16	GREB1L
PRDM16	KIAA1755
LINC01134	AC069281.1
LINC01134	SYT3
CHD5	MLXIPL
CHD5	STX1A
CHD5	SCRT1
CHD5	FSD1
CHD5	CACNA1I
CHD5	TRPM2
GPR153	AC074117.1
GPR153	AC090826.1
GPR153	AC018413.1
GPR153	AL031666.1
GPR153	FAM71E1
GPR153	TMEM150B
GPR153	NOL12
AL031848.2	AC091982.1
UTS2	MLANA
UTS2	AL133551.1
PARK7	C9orf78
PARK7	PEBP1
PARK7	LSM4
ERRFI1	PIFO
ERRFI1	AGA
MIR34AHG	LINC01759
MIR34AHG	EDA2R
MIR34AHG	TNFRSF10B
MIR34AHG	DDB2
CTNNBIP1	PPP1R26-AS1
CTNNBIP1	CYP11A1
AL357140.1	AC074011.1
AL357140.1	TAF1L
AL357140.1	AC008770.1
AL357140.1	ZNF575
CASZ1	MTURN
TARDBP	PTGDS
TARDBP	CHURC1
ANGPTL7	ZNF142
ANGPTL7	NCAM1-AS1
AL031731.1	AC103855.3
FBXO2	FBXO44
FBXO2	ID3
FBXO2	DDX59
FBXO2	UPP2
FBXO2	SS18L2
FBXO2	TMEM14C
FBXO2	GPER1
FBXO2	AC022039.1
FBXO2	ALDH1A1
FBXO2	RNASEH2C
FBXO2	METTL7B
FBXO2	GCHFR
FBXO2	NOTUM
FBXO2	HOOK2
FBXO2	DPY19L3
FBXO2	AC243964.2
FBXO44	HYI
FBXO44	DDX60L
FBXO44	SLC9A3
FBXO44	MFSD3
FBXO44	RABGGTA
FBXO44	NARFL
FBXO44	RAB26
FBXO44	CENPT
FBXO44	C2CD4C
PLOD1	TRMO
PLOD1	AK1
PLOD1	CHAMP1
KAZN	NFASC
KAZN	ACTN2
KAZN	ALPK1
KAZN	SKAP2
KAZN	RHOBTB1
KAZN	SLC2A3
KAZN	ALPK3
KAZN	TMEM132E
KAZN	TMC6
CELA2B	AC002463.1
CELA2B	AP000842.2
SLC25A34-AS1	RBP7
SLC25A34-AS1	CYP4Z1
SLC25A34-AS1	CASP8
SLC25A34-AS1	AC012485.3
SLC25A34-AS1	AC098487.1
SLC25A34-AS1	L29074.1
SLC25A34-AS1	MPZL3
SLC25A34-AS1	NCKAP1L
SLC25A34-AS1	VWA8-AS1
SLC25A34-AS1	AC010761.2
SLC25A34-AS1	AC090125.1
HSPB7	AC106895.2
EPHA2	ADRB2
EPHA2	LINC00997
EPHA2	AL158151.3
EPHA2	SP2
AL451042.1	PGF
PADI2	CRTAP
PADI2	LINC01396
PADI2	AGFG2
PADI2	DDB2
PADI2	PDGFD
PADI2	ZBTB7C
PADI4	NOX1
RCC2	AL139424.2
RCC2	CPOX
RCC2	MYPOP
ARHGEF10L	AL139260.1
ARHGEF10L	USP1
ARHGEF10L	MAPKAPK2
ARHGEF10L	RBM43
ARHGEF10L	TMCO6
ARHGEF10L	MTHFD1L
ARHGEF10L	EEPD1
ARHGEF10L	SH2B2
ARHGEF10L	INPP5A
ARHGEF10L	DRAM1
ARHGEF10L	SCARB1
ARHGEF10L	AC026471.4
ARHGEF10L	MNT
ARHGEF10L	KIF1C
ARHGEF10L	GPI
PAX7	LINC01356
PAX7	APOB
PAX7	AC022498.1
PAX7	NPR3
PAX7	Z97206.2
PAX7	STEAP1
PAX7	DCAF8L2
PAX7	LTK
IFFO2	LINC01934
NBL1	ARRDC1
NBL1	DYRK1B
PLA2G2C	AC004969.1
UBXN10-AS1	HIST3H2A
UBXN10-AS1	AC007365.1
UBXN10-AS1	AC007613.1
LINC01141	BSPRY
FAM43B	PLCH2
FAM43B	FZD5
FAM43B	AEN
CDA	LIMS2
CDA	AC096759.1
CDA	AC090092.1
CDA	AC021504.1
CDA	AL157838.1
KIF17	PLAUR
SH2D5	MARCH4
SH2D5	TNFRSF21
ZBTB40	C14orf93
C1QC	C1QA
C1QC	C1QB
C1QC	HLA-DPA1
C1QB	AC008554.1
ASAP3	TRDN
ASAP3	AL161457.2
ASAP3	TMOD1
ASAP3	VAV2
ASAP3	TNKS1BP1
ASAP3	SLC7A6
ASAP3	TP53
ASAP3	FAM117A
ID3	BAMBI
MDS2	NOC3L
RPL11	COX7C
RPL11	RPS6
MYOM3	AL591806.3
MYOM3	BST1
MYOM3	ACOT12
MYOM3	AL031705.1
MYOM3	PYY
MYOM3	MEI1
GRHL3	MYOM3
GRHL3	AC093117.1
GRHL3	KIAA0040
GRHL3	WNT9A
GRHL3	ALKAL2
GRHL3	IL1RL2
GRHL3	GYPC
GRHL3	EPHA5-AS1
GRHL3	IRF5
GRHL3	AC136777.1
GRHL3	CLCF1
GRHL3	CH25H
GRHL3	MYOF
GRHL3	CPXM2
GRHL3	SOCS2
GRHL3	GAS2L3
GRHL3	FRY-AS1
GRHL3	FAM189A1
GRHL3	SLFN11
GRHL3	SERPINB8
GRHL3	CDH22
GRHL3	GDF15
GRHL3	ZNF582-AS1
CLIC4	CNN3
CLIC4	DEAF1
CLIC4	HNRNPF
CLIC4	GADD45B
AL031432.3	LIN28B-AS1
AL606491.1	AL512380.2
MAN1C1	SPSB1
MAN1C1	KAZN
MAN1C1	VWA5B1
MAN1C1	AL031280.1
MAN1C1	GBP2
MAN1C1	SLC30A10
MAN1C1	PXDN
MAN1C1	ADAMTS9-AS2
MAN1C1	MCUB
MAN1C1	MAP1B
MAN1C1	CD44
MAN1C1	FRMD8
MAN1C1	COL4A1
MAN1C1	IGDCC4
MAN1C1	LINC02177
MAN1C1	AC092140.2
MAN1C1	CHST6
MAN1C1	TIMP2
MAN1C1	LINC01727
MAN1C1	C3
MAN1C1	TPM4
AL031280.1	SELENON
AL031280.1	AL031056.1
AL020996.1	ARHGAP4
STMN1	AL669831.5
STMN1	TUBA4A
STMN1	NSG1
STMN1	PEG10
STMN1	PCSK1N
STMN1	ARMCX3
STMN1	CALM3
SH3BGRL3	PEA15
SH3BGRL3	CCDC121
SH3BGRL3	SOWAHA
SH3BGRL3	ADO
ZDHHC18	NEIL2
SFN	SPOCD1
SFN	GBP4
SFN	GPATCH4
SFN	HSPA6
SFN	MYBPH
SFN	AC100849.1
SFN	NANS
NUDC	ZFAND2A
NUDC	ZNF236-DT
TENT5B	BNIPL
AL590640.1	SULT1C2
AL590640.1	LINC01100
AL590640.1	DEFB131B
AL590640.1	PIWIL1
AL590640.1	ADGRG5
AL590640.1	LINC01664
AL590640.1	CHAF1B
AL590640.1	UMODL1
SYTL1	LINC01865
MAP3K6	DEXI
MAP3K6	LAMA5
GPR3	AL138881.1
FO393419.2	AL354989.1
IFI6	IFIT3
IFI6	IFIT1
AL445490.1	CR1
AL445490.1	TEC
THEMIS2	KCNQ1
THEMIS2	AURKA
XKR8	PIK3R3
ATP5IF1	PPCS
ATP5IF1	NAA38
LAPTM5	ANGPTL6
SDC3	DNAJB2
SDC3	ARF4-AS1
PEF1	MCM3
ADGRB2	RNF208
ADGRB2	JAG2
ADGRB2	PICK1
EIF3I	PEF1
MARCKSL1	VAMP3
MARCKSL1	PNRC2
MARCKSL1	TMEM54
MARCKSL1	IMP3
YARS	PGD
YARS	SESN2
YARS	DPP3
YARS	SLC7A5
A3GALT2	RAD51AP1
NCDN	CEP170B
NCDN	SCAF1
C1orf122	ACTR3C
C1orf122	POP5
C1orf122	FAM234A
C1orf122	AL049650.1
AL929472.2	EDARADD
AL929472.2	PEMT
AL354702.2	AL360219.1
AL354702.2	CYTOR
AL354702.2	LINC02551
AL354702.2	AC023510.1
AL354702.2	LINC01424
NDUFS5	AC105760.2
NDUFS5	PPIA
NDUFS5	B4GALNT1
NDUFS5	TMEM97
COL9A2	AP002812.2
AC098484.2	AL359881.3
TMEM269	CDH3
SLC2A1	FUT11
SLC2A1	ADSSL1
TIE1	MAS1
IPO13	LYPLA2
IPO13	RNF44
IPO13	SLC35C1
ATP6V0B	PJA1
ATP6V0B	TMEM35A
ATP6V0B	MZT1
ATP6V0B	ERVK3-1
SLC6A9	RUFY4
SLC6A9	GPRASP1
SLC6A9	FAM222A
SLC6A9	LINC00926
SLC6A9	THAP8
ARMH1	LINC01725
ARMH1	FER1L5
ARMH1	GCC2-AS1
ARMH1	FZD7
ARMH1	COLQ
ARMH1	DNAH1
ARMH1	CD38
ARMH1	AC009126.1
ARMH1	FBXO24
ARMH1	RANBP6
ARMH1	AP003049.2
ARMH1	AP002444.1
ARMH1	AC138123.1
ARMH1	N4BP2L1
ARMH1	PATL2
ARMH1	FBN1
ARMH1	FAM81A
ARMH1	AC007220.1
ARMH1	AC009148.1
ARMH1	DNAAF1
ARMH1	C16orf95
ARMH1	ADAP2
ARMH1	MAPT-AS1
ARMH1	PRAM1
ARMH1	AC008537.1
RPS8	NUDT1
UROD	RELL2
UROD	NAPRT
HPDL	AC079848.1
PRDX1	PEX10
PRDX1	SF3B6
PRDX1	SPCS1
PRDX1	PSAP
PRDX1	LDHB
PRDX1	DAD1
PRDX1	SRP14
AL358075.4	LRRC36
EFCAB14-AS1	GSN-AS1
AGBL4	FLG-AS1
AGBL4	PCNX2
AGBL4	UNC80
AGBL4	PARP14
AGBL4	MLF1
AGBL4	ZBBX
AGBL4	STXBP5-AS1
AGBL4	VPS37D
AGBL4	XKR6
AGBL4	AC027031.2
AGBL4	TONSL
AGBL4	AL035078.4
AGBL4	AL360181.3
AGBL4	FAM19A2
AGBL4	CFAP54
AGBL4	SIRT4
AGBL4	LPCAT4
AGBL4	TBX6
ELAVL4	HOOK1
C1orf185	C12orf54
AC104170.2	AC116903.2
AL606760.2	TEX22
AL606760.2	ZNF267
MROH7-TTC4	TTC4
MROH7-TTC4	C21orf2
TMEM61	AL357140.1
TMEM61	AL139158.3
TMEM61	AGTR1
TMEM61	HLA-DPB1
TMEM61	UBE3D
TMEM61	SMOC2
TMEM61	AOAH
TMEM61	ANK1
TMEM61	AL353613.1
TMEM61	FAM180B
TMEM61	PAPSS2
TMEM61	AL139353.1
TMEM61	PRSS27
TMEM61	AC092368.3
AC119674.2	DSN1
AL136985.3	CLSPN
AL136985.3	CDCA5
JUN	GEM
LINC01135	TMEM202-AS1
ROR1	DCST2
ROR1	CLVS2
ROR1-AS1	AL135791.1
ROR1-AS1	AC005856.1
IL23R	AC012354.1
IL23R	FAM162B
IL23R	AC023302.1
IL23R	AC025048.4
GNG12	PHACTR2
GNG12	ZDHHC14
GNG12	CYP17A1-AS1
GNG12-AS1	IL7
LRRC7	FAR2
LRRC7	SYN3
PTGER3	PLEK
PTGER3	AC010280.2
PTGER3	OLR1
PTGER3	GRB7
PTGER3	PALM3
AL583808.2	AC024601.1
AL583808.2	AC026367.3
AC093158.1	SLC9A2
LRRC53	ZBTB20-AS4
LRRC53	FABP6
CRYZ	PCOLCE-AS1
ASB17	ADRA2B
ASB17	LINC01492
ASB17	RRM1
ST6GALNAC3	SEC16B
ST6GALNAC3	TOGARAM2
ST6GALNAC3	MYH15
ST6GALNAC3	SNCAIP
ST6GALNAC3	LINC01411
ST6GALNAC3	AGMO
ST6GALNAC3	TSPAN18
ST6GALNAC3	WDR11-AS1
ST6GALNAC5	C16orf74
AK5	GDA
AK5	SCN3B
AK5	MIR4500HG
AK5	CES4A
AC103591.3	AC078980.1
IFI44L	EPSTI1
IFI44	IFI44L
IFI44	HERC6
AL359504.2	AC079922.2
AL359504.2	PAXIP1-AS1
WDR63	MCOLN2
AL078459.1	AC012358.3
CYR61	SKP2
AL121989.1	AC006460.1
AL121989.1	AC092436.4
AL121989.1	AC108159.1
AL121989.1	AC016644.1
AL121989.1	AC138956.1
AL121989.1	LINC00707
AL121989.1	AC074031.1
AL121989.1	LATS2-AS1
AL121989.1	ADRA1D
PKN2-AS1	STIL
PKN2-AS1	RANBP17
GBP2	GBP3
GBP2	ITGA5
GBP2	AHNAK2
GBP7	MAK16
CDC7	LMNB1
CDC7	ACBD7
BCAR3	AC016727.1
BCAR3	SLC36A1
BCAR3	PPIL6
BCAR3	TNS3
BCAR3	DOCK5
BCAR3	TMC1
BCAR3	GRAMD1B
BCAR3	AL049780.2
BCAR3	FAM214A
BCAR3	AC011511.2
BCAR3	IER2
BCAR3	C19orf81
GCLM	ABHD4
GCLM	AL137077.2
SLC44A3	ELL2
SLC44A3	NOD1
CNN3	CRIM1
CNN3	FGF2
CNN3	SMAD1
CNN3	SLC9A7
CNN3	BAG3
CNN3	SPRY2
CNN3	CCNE1
CNN3	ZBTB21
AC105942.1	TMEM87B
AC105942.1	AC139149.1
AC092802.1	AC063944.1
AC092802.1	AC132872.1
AC092802.2	KCNJ13
DPYD-AS1	EDNRA
PALMD	AC012668.3
PALMD	LINC00502
PALMD	OR6J1
PALMD	BMP4
PALMD	AC135178.5
PALMD	SALL4
LRRC39	PTS
CDC14A	SMS
CDC14A	MPP7
VCAM1	FLNC
DPH5	ARL14EP
AC093157.1	ALS2CR12
AC093157.1	CCDC34
AC093157.1	KAT14
S1PR1	PSMD10
S1PR1	CA2
S1PR1	TRIM68
S1PR1	TWF1
S1PR1	BBS10
S1PR1	AC093512.2
AMY2B	AC096637.1
AMY2A	AL049795.1
AMY2A	CORO7
VAV3	VAV3-AS1
VAV3	CREB3L4
VAV3	AC073283.3
VAV3	SP140L
VAV3	EGFR
VAV3	ARNTL
VAV3	CHST11
PSRC1	C8orf58
AMPD2	TMEM127
AMPD2	PLXNB1
AMPD2	PHF19
AMPD2	VASH1-AS1
AMPD2	KIAA0930
LINC01768	GSTM5
CSF1	NATD1
LINC01397	AC016735.1
LINC01397	FAM136A
LINC01397	WEE2
LINC01397	AC124254.1
LINC01397	BIRC7
LAMTOR5	MRFAP1
LAMTOR5	FUNDC2
LAMTOR5	LSM1
LAMTOR5	DMAC1
LAMTOR5	CSTF2T
LAMTOR5	LRRC29
KCNA2	LRRN1
KCNA2	WNT7A
KCNA2	PRR7-AS1
KCNA2	TSPAN12
KCNA2	NCAN
DENND2D	AL451042.1
DENND2D	GRHL3
DENND2D	CHI3L2
DENND2D	CDCP1
DENND2D	LINC01951
DENND2D	AL356215.1
DENND2D	P2RY2
DENND2D	AC134312.4
DENND2D	AC027801.3
DENND2D	RHBDF2
DENND2D	GGT5
TMIGD3	SPATA16
KCND3	FBXL22
KCND3	ZSCAN1
RHOC	DAXX
RHOC	GNB2
RHOC	MSRB1
LINC01356	BHMG1
AL390729.1	AC007785.3
AP4B1-AS1	RNASEH1
MAB21L3	MYLK-AS2
ATP1A1	SCG2
ATP1A1	FRG1-DT
LINC01762	DRD2
AL390066.1	SLC22A14
AL445231.1	PAPPA-AS1
AL445231.1	DYDC1
VTCN1	IRGM
VTCN1	AKAP14
VTCN1	PLA2G10
VTCN1	AC010536.1
VTCN1	TMC8
VTCN1	CCL25
TENT5C	LYAR
WARS2-IT1	AC091212.1
LINC00623	NBPF26
SRGAP2-AS1	AP001610.1
AC244021.1	CCZ1B
SRGAP2B	SRGAP2C
SRGAP2B	SRGAP2
AC244394.2	FBXO48
AC244394.2	AP002449.1
AC239809.3	ZNF672
AC239809.3	CHRNA5
AC239809.3	ZNF610
PDE4DIP	SASS6
PDE4DIP	RMND5A
PDE4DIP	AC112722.1
PDE4DIP	CMBL
PDE4DIP	NR2F1
PDE4DIP	LMNTD1
PDE4DIP	RNF41
PDE4DIP	ZNF891
PDE4DIP	KCTD13
PDE4DIP	MAF
PDE4DIP	AC233723.1
PDE4DIP	C17orf58
PDE4DIP	SLC39A11
PDE4DIP	NEDD4L
PDE4DIP	LINC00310
AC239802.2	AC008937.2
NBPF19	NBPF14
SV2A	ATP2B3
OTUD7B	COA7
OTUD7B	KCTD3
OTUD7B	HOPX
OTUD7B	RADIL
OTUD7B	RBPMS
OTUD7B	RNF19A
OTUD7B	AIF1L
OTUD7B	DEPP1
OTUD7B	LDLRAD4
APH1A	IGSF8
APH1A	PPP1R32
APH1A	PRPF18
CTXND2	GML
CTXND2	GLYATL1
CTXND2	AC023906.5
CTXND2	ISM1
CTXND2	AC008878.3
C1orf56	AL033528.2
C1orf56	AP001160.2
MLLT11	C1orf216
SCNM1	CSTF2
SELENBP1	FBXO44
SELENBP1	PCAT6
SELENBP1	MOGS
SELENBP1	MINCR
SELENBP1	SLC39A13
SELENBP1	SLC37A4
SELENBP1	PARD3-AS1
SELENBP1	COQ10A
SELENBP1	ACADS
SELENBP1	RILP
SELENBP1	PCYT2
SELENBP1	CNBD2
SELENBP1	CDC37
SELENBP1	SWSAP1
PSMB4	AC093151.3
CELF3	VSTM2B
S100A6	DYNLT1
S100A6	MYL6
S100A6	EMP3
S100A13	PFDN4
SNAPIN	C3orf33
SNAPIN	WDR89
DENND4B	ZNF623
AL358472.4	AL589765.4
AL358472.4	SLC37A2
JTB	PHF23
RPS27	AC005410.2
HAX1	RAB32
HAX1	MPV17L2
IL6R	AL391645.1
IL6R	NOCT
IL6R	KCNQ3
IL6R	STKLD1
IL6R	ELMOD1
IL6R	ACVR1B
TDRD10	SHE
CHRNB2	ADAMTS8
KCNN3	FMO2
KCNN3	CCDC13
KCNN3	NYAP1
KCNN3	SH2D3C
PBXIP1	EPHX1
PBXIP1	WFS1
PBXIP1	CCNG2
PBXIP1	DLL1
PBXIP1	AF241726.2
PBXIP1	TPP1
PBXIP1	BSG
PYGO2	CRAT
ZBTB7B	BBC3
DCST1	MYO15A
EFNA1	LINC00623
EFNA1	HLF
KRTCAP2	AC116049.2
KRTCAP2	MTHFS
KRTCAP2	FP565260.6
MUC1	TBX2-AS1
RUSC1	GRWD1
ARHGEF2	TCF7
ARHGEF2	TSPAN11
SSR2	ZNF414
MEX3A	AL355773.1
LMNA	SPICE1
LMNA	AC010226.1
SEMA4A	ABCB9
PAQR6	SLC25A34
PAQR6	TMEM17
PAQR6	ORMDL1
PAQR6	RPS10-NUDT3
PAQR6	SPAG8
PAQR6	MANSC1
PAQR6	RXYLT1-AS1
PAQR6	EFS
PAQR6	PLEKHG4
PAQR6	HPR
PAQR6	SLC16A11
PAQR6	SLC25A35
PAQR6	FAM69C
PAQR6	REX1BD
PAQR6	ZNF404
CCT3	EIF1AD
C1orf61	ZBTB48
C1orf61	ETV5
C1orf61	IQCM
C1orf61	FRMD4A
BCAN	FBXO2
BCAN	MSX1
BCAN	PRR7
AL590666.2	PGBD2
ARHGEF11	RRAGC
ARHGEF11	PHGDH
ARHGEF11	ZNF678
ARHGEF11	RHOU
ARHGEF11	KIF15
ARHGEF11	ANO5
ARHGEF11	EMG1-1
ARHGEF11	AVEN
ARHGEF11	ANKEF1
KIRREL1	ALKBH8
CADM3	TRIM11
CADM3-AS1	AL162274.1
CFAP45	LAPTM5
CFAP45	SKAP1-AS1
CFAP45	MRI1
CFAP45	IL4I1
TAGLN2	MXRA7
IGSF9	AC239803.3
KCNJ10	B4GALT2
KCNJ10	CELSR2
KCNJ10	TTF2
KCNJ10	AC016745.2
KCNJ10	TMEM43
KCNJ10	AC124045.1
KCNJ10	TMED7-TICAM2
KCNJ10	FZD9
KCNJ10	HCFC1
KCNJ10	GAS1
KCNJ10	AP001273.2
KCNJ10	PITRM1-AS1
KCNJ10	EDNRB
KCNJ10	SOX8
KCNJ10	BCO1
KCNJ10	WSCD1
KCNJ10	MYH3
KCNJ10	KEAP1
KCNJ10	ZNF441
KCNJ10	ZNF433
IGSF8	SLC35A2
ATP1A2	TCTEX1D1
ATP1A2	TRIB2
ATP1A2	AL391684.1
ATP1A2	GPAM
ATP1A2	AMER2
ATP1A2	AC140912.1
ATP1A2	ABHD15
ATP1A2	FBLN1
ATP1A4	CASQ1
ATP1A4	CD247
ATP1A4	AC023983.2
PEA15	SSRP1
PEA15	RAB1B
PEA15	BMI1
PEA15	UBTF
PEA15	MCRIP1
PEA15	RTL6
PEA15	SUMO3
NCSTN	CLN6
KLHDC9	TBCC
NDUFS2	FBXO16
NDUFS2	AC138512.1
NDUFS2	DDRGK1
HSPA6	DNTTIP2
HSPA6	AC104695.2
HSPA6	CBFA2T3
HSPA6	TINCR
HSPA6	PPP1R15A
NOS1AP	SND1
C1orf226	GRHL3
C1orf226	GRIK3
C1orf226	AL646090.1
C1orf226	AL023806.1
C1orf226	TMEM213
C1orf226	AC074386.1
C1orf226	NRK
C1orf226	AF131216.3
C1orf226	DUSP4
C1orf226	AC079296.1
C1orf226	RBM20
C1orf226	RBPMS2
C1orf226	AC007614.1
C1orf226	CMTM3
C1orf226	DPEP2
C1orf226	TMEM200C
DDR2	AC019186.1
DDR2	B3GNT5
DDR2	KLHL13
DDR2	PATL1
RGS4	CPLX1
RGS4	PCSK1
RGS4	PHF24
RGS4	KCNJ4
NUF2	AL139353.2
RXRG	AL162411.1
AL157714.2	LINC01800
ALDH9A1	TTC30A
AL451050.2	AL121603.2
MPC2	SAYSD1
GPR161	SETMAR
AL023755.1	AP000472.1
ATP1B1	SV2A
ATP1B1	HTR2A
ATP1B1	ARHGDIG
Z99758.1	TBCE-1
Z99758.1	CHL1-AS1
Z99758.1	GRID1-AS1
Z99758.1	FOXM1
Z99758.1	BRCA2
Z99758.1	AC023906.4
Z99758.1	AC139769.2
SLC19A2	IL20RA
SELL	AC012625.1
SELL	PRDM1
SELL	CALHM2
METTL18	TNFAIP3
DNM3	AC026316.5
DNM3	SEL1L3
DNM3	FEM1C
DNM3	COL23A1
DNM3	SNX8
DNM3	MPP6
DNM3	STK17A
DNM3	CLVS1
DNM3	CADM1
DNM3	CTNNA3
DNM3	LRCH1
SLC9C2	CLIC2
AL139142.1	TYMP
AL121983.2	IQCD
CACYBP	AC022400.6
KIAA0040	IL12A
KIAA0040	RFC2
KIAA0040	EPHA1-AS1
KIAA0040	LRRC55
KIAA0040	DACT1
KIAA0040	IGFLR1
KIAA0040	AL022316.1
TNR	FAT3
AL359265.3	AL355312.3
ASTN1	KIAA1143
ASTN1	SLC2A9
ASTN1	C5orf30
ASTN1	ARFGEF3
ASTN1	ADAM22
ASTN1	FUT10
ASTN1	EYA1
ASTN1	ZFHX4
ASTN1	NRBF2
ASTN1	COL13A1
ASTN1	FHOD3
ASTN1	EYA2
BRINP2	RNF103-CHMP3
BRINP2	AC012507.2
BRINP2	FEZF2
BRINP2	NCEH1
BRINP2	APBB2
BRINP2	NT5E
BRINP2	MOXD1
BRINP2	TRIB1
BRINP2	OAF
GLUL	RNF139
GLUL	ATP1B2
GLUL	DCAKD
RGS16	PFKFB3
LAMC2	CCDC86
LAMC2	AC145207.1
NMNAT2	DNAH2
NMNAT2	RNF165
RGL1	PSMG4
RGL1	HIVEP2
RGL1	GNA12
RGL1	RLIM
RGL1	AC090152.1
RGL1	MRVI1
RGL1	HIPK3
RGL1	PIP4K2A
RGL1	AL121761.1
TSEN15	POGLUT1
TSEN15	RTL9
TSEN15	ZNF169
AL136454.1	RPL18A
ASPM	LINC02235
AL136322.1	MASP2
AL136322.1	PAQR6
AL136322.1	AC062017.1
AL136322.1	AC097534.2
AL136322.1	AC034228.3
AL136322.1	CAHM
AL136322.1	AC068533.4
AL136322.1	CLIP2
AL136322.1	ZNF367
AL136322.1	AC090625.2
AL136322.1	ITFG2-AS1
AL136322.1	AC137767.1
AL136322.1	FGF14-AS2
AL136322.1	AXIN1
AL136322.1	CHTF8
AL136322.1	ZNF585B
AL136322.1	PRKD2
AC099673.1	AC069234.1
NR5A2	TCP11
NR5A2	ZP3
NR5A2	PASD1
NR5A2	AC243829.2
LINC00862	SLC6A9
LINC00862	RASSF3
LINC00862	TFAP4
LINC00862	EBF4
LINC00862	AC010487.3
KIF21B	HS1BP3
AL358473.1	AC010096.1
AL358473.1	AC012442.1
TMEM9	APEH
TMEM9	DOLPP1
TMEM9	RASSF7
TMEM9	JMJD8
TMEM9	C19orf24
TMEM9	LRFN1
IGFN1	PCDHGA1
IGFN1	BICDL1
IGFN1	AC004231.1
IGFN1	MYH7B
TNNT2	P2RX6
NAV1	NAV2
IPO9-AS1	PRR12
LMOD1	PCDH19
LMOD1	UBR5-AS1
GPR37L1	SDC3
GPR37L1	S1PR1
GPR37L1	ZNF687
GPR37L1	GM2A
GPR37L1	TRIL
GPR37L1	SLITRK2
GPR37L1	MYORG
GPR37L1	HTRA1
GPR37L1	KBTBD6
GPR37L1	CASKIN2
PTPN7	AL033529.1
PTPN7	AC005037.1
PTPN7	DNAH8
PTPN7	FBRSL1
PTPN7	RNF212B
PTPN7	LINC02316
PTPN7	LINC01586
PTPN7	REXO5
PTPN7	DRC3
PTPN7	SP2-AS1
PCAT6	ZNF883
PCAT6	AP000350.5
PPFIA4	RAPGEF4
PPFIA4	ARID3A
CHI3L1	AC093627.3
CHI3L1	BGN
CHI3L1	AAED1
PLEKHA6	KCNA2
PLEKHA6	PLGLB1
PLEKHA6	AC092422.1
PLEKHA6	AFAP1
PLEKHA6	PPARGC1A
PLEKHA6	STRIP2
PLEKHA6	AL136366.1
PLEKHA6	IDI2-AS1
PLEKHA6	TPCN1
PLEKHA6	TUBB6
LRRN2	MDGA1
LRRN2	CCDC85C
NFASC	MORC4
NFASC	NT5DC3
CDK18	RGS3
SLC45A3	IL21R-AS1
RAB7B	SLC7A7
MAPKAPK2	AP1AR
PFKFB2	FYB2
PFKFB2	ELN
PFKFB2	VWCE
PFKFB2	FADS2
PFKFB2	PLEKHG3
PFKFB2	HSD17B14
CR1	M1AP
CR1	AC026150.1
CD34	AKNAD1
CD34	AC016722.3
CD34	CD180
CD34	ZFP91-CNTF
CD34	AL451164.3
CD34	AC015922.4
CD34	ZNF724
PLXNA2	KCNN3
PLXNA2	TAF5L
PLXNA2	RAI14
PLXNA2	AL035701.1
PLXNA2	AL160272.2
PLXNA2	PRDM11
PLXNA2	SFR1
PLXNA2	HHIPL1
PLXNA2	AC009061.2
PLXNA2	IFI35
PLXNA2	SEC11C
PLXNA2	TLE6
PLXNA2	TBC1D10A
CAMK1G	TMEM179
G0S2	ZNF281
G0S2	PPP1R15B
G0S2	ISOC1
G0S2	LEAP2
G0S2	Z97989.1
G0S2	AL157786.1
G0S2	GYS2
G0S2	AC011815.2
G0S2	JAG1
SYT14	FBXL2
SERTAD4	SLC25A21-AS1
LINC00467	CIP2A
LINC00467	RXYLT1
AC096637.2	AC074327.1
AC096637.2	RAB35
AC096637.2	BX004987.1
INTS7	DPH5
INTS7	ZNF35
AL360091.3	AL451062.1
AL360091.3	STPG4
AL360091.3	GPR82
AL360091.3	AC090138.1
AL360091.3	AC004241.1
AL360091.3	AC108451.1
AL360091.3	AC011443.1
AL360091.3	AC022154.1
VASH2	MUC4
VASH2	ZNF282
VASH2	USP27X-AS1
VASH2	CACNA1C-AS1
VASH2	SLC5A10
CENPF	AL358473.1
KCTD3	CTBS
KCTD3	AL365181.2
KCTD3	SYBU
KCTD3	USP2
KCTD3	LGALS3
KCTD3	SEPT3
USH2A	TEX30
ESRRG	NCKAP5
ESRRG	SLC4A4
ESRRG	CDH10
ESRRG	SLC2A12
ESRRG	ADRA1A
ESRRG	SLC24A3
C1orf115	GABRA5
RNU6ATAC35P	ZAP70
RNU6ATAC35P	AC092953.2
RNU6ATAC35P	LINC02204
AL513314.2	TXNDC9
AL513314.2	AC092903.2
FAM177B	BIRC3
FAM177B	FBLN5
FAM177B	AL049839.2
FAM177B	ZSCAN29
FAM177B	ZNF341-AS1
CAPN2	HRASLS
CAPN2	AC035140.1
CAPN2	HAVCR2
CAPN2	LINC01605
CAPN2	ZBED5
CAPN2	LRRIQ1
CAPN2	NIPA1
CAPN2	ECI1
CAPN2	TMEM98
CAPN2	RNF24
CAPN2	AL035071.1
CAPN2	KANK2
CAPN2	UFD1
CAPN2	RAB36
CAPN2	CHKB
AL391811.1	AC117386.1
SRP9	DCK
SRP9	MARCKS
TMEM63A	RNF123
TMEM63A	TTLL11
TMEM63A	RGL3
ITPKB-AS1	AC018682.1
ITPKB-AS1	TAB2-AS1
ITPKB-AS1	AC131934.1
ITPKB-AS1	AP000866.1
ITPKB-AS1	LMO7-AS1
ITPKB-AS1	AC091045.1
ITPKB-AS1	AC109460.2
ITPKB-AS1	AC015853.3
ITPKB-AS1	CRLF3
ITPKB-AS1	AC006547.1
ITPKB-AS1	AL118516.1
AL451047.1	HTR3E
AL451047.1	LINC02365
AL451047.1	LMX1B
AL451047.1	TESC-AS1
PRSS38	LINC01708
PRSS38	IBA57-DT
PRSS38	DNAJC5G
PRSS38	NXPH2
PRSS38	AC012594.1
PRSS38	AC073254.1
PRSS38	AC087430.1
PRSS38	S100Z
PRSS38	PCDHB8
PRSS38	LINC01611
PRSS38	AL590708.1
PRSS38	KLHL35
PRSS38	AL133372.3
PRSS38	AL138995.1
PRSS38	AL355073.2
PRSS38	NUTM1
PRSS38	SLC6A4
PRSS38	AC087645.2
PRSS38	AC011472.4
GUK1	LSM10
GUK1	ZFAND2B
GUK1	GGCT
GUK1	BAX
GJC2	AC139530.3
GJC2	AP000345.2
AL137793.2	AC006305.1
AL136988.2	TMEM140
AL136988.2	MCTP2
AGT	AGTRAP
AGT	FIBIN
C1orf198	TFRC
TRIM67	TEX41
AL445524.1	LINC01762
AL445524.1	Z84488.2
LINC00582	AC005699.1
LINC00582	BX248123.1
LINC00582	DYDC1
LINC00582	AC104035.1
LINC00582	PIK3R5
SIPA1L2	AC133785.1
SIPA1L2	SLC4A7
SIPA1L2	PPP1R36
LINC01744	PCDHB9
LINC01744	TEX36
PCNX2	PRKAA2
PCNX2	FMO4
PCNX2	CPS1
PCNX2	DDX60
PCNX2	AC126768.2
PCNX2	AC063979.2
PCNX2	AL355312.2
PCNX2	MALRD1
PCNX2	ARMC4
PCNX2	AC008127.1
PCNX2	TIMELESS
PCNX2	AP3B2
PCNX2	HYDIN
PCNX2	PKD1L3
PCNX2	HOOK2
PCNX2	SHANK1
PCNX2	HORMAD2
SLC35F3	FCHO1
AL355472.4	RAB11FIP1
AL355472.4	AC032011.1
AL355472.4	AC008752.1
TARBP1	BDH1
TARBP1	CCNB3
TARBP1	PAMR1
TARBP1	SULT1A1
TARBP1	RUNX1
IRF2BP2	MOB1A
IRF2BP2	RELA
IRF2BP2	IRF2BPL
IRF2BP2	LINC00637
IRF2BP2	FEM1B
IRF2BP2	UBALD1
MTR	LRRC40
MTR	AL356275.1
MTR	ADSS
MTR	AC131097.2
MTR	JAZF1-AS1
MTR	ZNF736
MTR	ANKRD13A
MTR	TMEM116
MTR	TEDC1
MTR	FBN1
MTR	UBFD1
MTR	RINL
MTR	ZNF606
RYR2	KCNH1
RYR2	PDE1A
RYR2	AC019211.1
RYR2	CNTN4
RYR2	OSBPL10
RYR2	AC109466.1
RYR2	CNTNAP2
RYR2	ANO3
RYR2	LRMP
RYR2	ARNTL2
RYR2	KCNH5
RYR2	ASIC2
RYR2	POU2F2
CHRM3	RXFP1
AL359764.1	LINC01606
AL359764.1	IL27
AL359764.1	ALG12
KMO	AL355472.3
AL591686.2	PLD5
AL591686.2	AL591686.1
AL606534.1	AC090227.1
AL591885.1	LINC01715
AL591885.1	AL158840.1
AL591885.1	COL5A2
AL591885.1	ITIH4
AL591885.1	MYH15
AL591885.1	SERPINB9P1
AL591885.1	TARID
AL591885.1	BMP1
AL591885.1	SLC5A12
AL591885.1	AC079630.1
AL591885.1	TTLL6
ADSS	MTHFSD
ADSS	RAB11B-AS1
CATSPERE	LINC01185
CATSPERE	AC010273.1
CATSPERE	KIF24
CATSPERE	LINC00923
AL451007.3	FAM110D
AC118555.1	AL450998.3
AC118555.1	UFSP1
TRIM58	AC008429.1
TRIM58	CYREN
TRIM58	KCTD10
TRIM58	AC012322.1
TRIM58	LINC01900
TRIM58	SULT2A1
OR2L2	CCNT2-AS1
OR2L2	OPRM1
OR2L2	GPR83
OR2L2	HPD
OR2L2	FUT8-AS1
OR2L3	ASB11
ZNF692	SLC5A6
ZNF692	PDLIM7
ZNF692	AC008610.1
ZNF692	AC005332.6
ZNF692	CXXC1
ALKAL2	GPAT3
ALKAL2	AL080250.1
ALKAL2	LENG9
LINC01865	DUOXA1
LINC01865	AC079210.1
LINC01115	LAMB3
LINC01115	KBTBD8
LINC01115	C3orf22
LINC01115	THEGL
LINC01115	GNL3L
LINC01115	AC138356.3
LINC01115	C8orf89
LINC01115	AC010999.2
LINC01115	TEN1
LINC01115	AL121895.1
SNTG2	PPP1R14C
SNTG2	SMC5-AS1
SNTG2	NPIPB13
TPO	AC064871.1
TPO	ACSM4
TPO	ODF3L2
PXDN	ADAMTS3
PXDN	THBS2
PXDN	CPSF4
MYT1L	PDE2A
TRAPPC12-AS1	AC004839.1
TRAPPC12-AS1	AC145207.5
TRAPPC12-AS1	LSR
RPS7	HAX1
RPS7	NIT1
RPS7	RPL14
RPS7	BTF3
RPS7	MRPS33
RPS7	BANF1
RPS7	TMEM126A
RPS7	NDUFA12
RPS7	RPL6
RPS7	RPS21
RPS7	MRPL40
ALLC	COLEC11
SOX11	TAS1R1
SOX11	PALMD
SOX11	AC007743.1
SOX11	AC009495.3
SOX11	BTC
SOX11	IP6K3
SOX11	SBSPON
SOX11	FAM95C
SOX11	PGR
SOX11	SLC16A12
SOX11	LINC00927
SOX11	FAM169B
SOX11	AC009063.2
SOX11	AC080038.1
AC007463.1	RAPSN
ID2-AS1	AL391261.2
ID2	IGFBP5
ID2	HES1
ID2	PPP1R3C
AC082651.4	AF121898.1
AC082651.4	ACRBP
AC082651.4	FIGNL2
AC082651.4	AL121890.5
AC082651.4	TSSK6
AC082651.4	AC011481.1
ODC1	ZNF844
PDIA6	ALG2
LINC01954	AC092687.1
AC062028.1	GNL2
C2orf50	AC068896.1
PQLC3	LINC00640
PQLC3	ACSM5
AC099344.1	CPLANE2
GREB1	WDR91
NTSR2	GPRC5C
VSNL1	NRN1
VSNL1	TSPAN13
VSNL1	GPR22
VSNL1	PCDH8
LINC01376	RUSC1-AS1
LINC01376	AL359265.3
LINC01376	AL591895.1
LINC01376	CATSPERE
LINC01376	RSAD2
LINC01376	SP140
LINC01376	LINC02021
LINC01376	AC098818.2
LINC01376	LINC02427
LINC01376	LINC02062
LINC01376	UFL1-AS1
LINC01376	LINC00271
LINC01376	RBM48
LINC01376	AZIN1-AS1
LINC01376	AC108002.1
LINC01376	FREM1
LINC01376	SAXO1
LINC01376	CD72
LINC01376	AL359710.1
LINC01376	C5
LINC01376	TRIM66
LINC01376	AP003059.2
LINC01376	AC073389.2
LINC01376	RFLNA
LINC01376	LINC02340
LINC01376	LINC00571
LINC01376	AL355075.4
LINC01376	AL132780.3
LINC01376	AL157911.1
LINC01376	DPH6
LINC01376	CRTC3-AS1
LINC01376	AC138932.5
LINC01376	GAS8
LINC01376	ZNF337-AS1
LAPTM4A	DEGS1
LAPTM4A	CNPPD1
LAPTM4A	AC233280.1
LAPTM4A	TBL2
LAPTM4A	TMEM9B
LAPTM4A	NPC2
LAPTM4A	TMEM101
LAPTM4A	TMED1
LAPTM4A	DNASE2
AC098828.2	AC096992.2
APOB	BUB1
APOB	AC009262.1
AC008073.2	AL451007.3
AC008073.2	ABCG5
AC008073.2	AC007881.3
AC008073.2	AC079117.1
AC008073.2	TBC1D8-AS1
AC008073.2	AC019080.4
AC008073.2	AC114730.2
AC008073.2	FBXW12
AC008073.2	WWTR1-AS1
AC008073.2	HAVCR1
AC008073.2	AC114321.1
AC008073.2	AC091820.2
AC008073.2	MCHR2-AS1
AC008073.2	AL358852.1
AC008073.2	TMSB15B
AC008073.2	LINC00893
AC008073.2	AC245187.1
AC008073.2	AC011632.1
AC008073.2	CDH17
AC008073.2	AC100803.3
AC008073.2	OR1L8
AC008073.2	ADGRD2
AC008073.2	AL035078.1
AC008073.2	AP000770.1
AC008073.2	AL139125.1
AC008073.2	AC007848.1
AC008073.2	AC008115.4
AC008073.2	ETFBKMT
AC008073.2	AC008083.1
AC008073.2	AC089999.1
AC008073.2	LINC00944
AC008073.2	LRCOL1
AC008073.2	AL137779.1
AC008073.2	AC022613.2
AC008073.2	CSPG4
AC008073.2	STARD5
AC008073.2	AL032819.1
AC008073.2	AQP8
AC008073.2	AC009088.1
AC008073.2	AC116914.2
AC008073.2	AC104984.6
AC008073.2	AC011825.4
AC008073.2	Z98752.4
AC008073.2	JSRP1
AC008073.2	AC011442.1
AC008073.2	CEBPA-DT
AC008073.2	LGALS4
AC008073.2	AC008537.2
AC008073.2	PSG11
AC008073.2	AL022329.1
AC008073.2	CR392039.3
POMC	AL109917.1
POMC	CALM2
AC104699.1	ARL9
GAREM2	TMEM240
GAREM2	KCNA2
GAREM2	ADAMTSL4
GAREM2	KCNJ10
GAREM2	POMGNT2
GAREM2	CSPG5
GAREM2	ARRDC3
GAREM2	PM20D2
GAREM2	SLC29A4
GAREM2	LRCH4
GAREM2	RAB9B
GAREM2	CACNA1B
GAREM2	FLRT1
GAREM2	PYGM
GAREM2	AQP6
GAREM2	RACGAP1
GAREM2	ASIC1
GAREM2	GLI1
GAREM2	CASKIN1
GAREM2	KCNJ16
GAREM2	MGAT5B
GAREM2	PLK5
GAREM2	PDE4A
GAREM2	RTN4R
GAREM2	GRIK1-AS1
AGBL5	ERAP1
SLC30A3	KCNH4
DNAJC5G	RN7SL832P
DNAJC5G	LINC01331
DNAJC5G	AC004854.2
DNAJC5G	AC068025.1
DNAJC5G	Z83844.2
GCKR	C2orf16
AC104695.2	FO393418.1
FOSL2	CLIC4
FOSL2	FLOT1
FOSL2	CDKN1A
FOSL2	NFIL3
FOSL2	NFKB2
FOSL2	EMP1
FOSL2	MAP2K3
FOSL2	RELB
FOSL2	MAFF
AC074011.1	DNAJB13
PPP1CB	TPPP3
AC016907.2	FAM149A
AC016907.2	HMGA1
AC016907.2	AC068305.2
LBH	MAFB
CAPN13	AC069503.1
LINC00486	AC103591.3
LINC00486	AL390729.1
LINC00486	KRTCAP2
LINC00486	TDRD5
LINC00486	AC099066.2
LINC00486	SNTG2
LINC00486	ATP6V1C2
LINC00486	LINC01830
LINC00486	USP39
LINC00486	THSD7B
LINC00486	XIRP2
LINC00486	LINC01090
LINC00486	KIAA2012
LINC00486	LINC00971
LINC00486	TM4SF1-AS1
LINC00486	AC106707.1
LINC00486	KCNMB2
LINC00486	LINC01840
LINC00486	CLNK
LINC00486	UGT2B7
LINC00486	AC004053.1
LINC00486	LINC02275
LINC00486	HAND2-AS1
LINC00486	AC098864.1
LINC00486	AC010343.3
LINC00486	AC116337.3
LINC00486	AC026726.1
LINC00486	AC099520.1
LINC00486	AC119150.1
LINC00486	LINC02240
LINC00486	GLRA1
LINC00486	LINC01470
LINC00486	LINC00472
LINC00486	AC073957.1
LINC00486	CARD11
LINC00486	AC092171.3
LINC00486	AHR
LINC00486	AC007091.1
LINC00486	NPSR1
LINC00486	SEPT14
LINC00486	AC092100.1
LINC00486	ABCB1
LINC00486	CSF2RA
LINC00486	Z93403.1
LINC00486	DIAPH2-AS1
LINC00486	RPL39
LINC00486	ADAM18
LINC00486	CPA6
LINC00486	AC062004.1
LINC00486	FER1L6
LINC00486	CCDC26
LINC00486	AL162231.1
LINC00486	AL391987.3
LINC00486	AL353693.1
LINC00486	AL158152.2
LINC00486	FBP1
LINC00486	AL354861.2
LINC00486	HMCN2
LINC00486	IGSF22
LINC00486	MS4A13
LINC00486	POLD4
LINC00486	ORAOV1
LINC00486	AP003110.1
LINC00486	AP003174.1
LINC00486	SMIM35
LINC00486	AL355303.1
LINC00486	AL132656.2
LINC00486	EMX2
LINC00486	AC005842.1
LINC00486	CD27
LINC00486	CLEC12A
LINC00486	LINC02471
LINC00486	KRT8
LINC00486	AC020637.1
LINC00486	AC025265.2
LINC00486	CCDC60
LINC00486	SGCG
LINC00486	PLUT
LINC00486	FLT1
LINC00486	LINC02341
LINC00486	EXD1
LINC00486	AC104041.1
LINC00486	RPS17
LINC00486	AC018845.1
LINC00486	SLC12A3
LINC00486	FANCA
LINC00486	AC133919.1
LINC00486	GP1BA
LINC00486	MYH13
LINC00486	MYOCD
LINC00486	AC004448.2
LINC00486	KIAA0100
LINC00486	RAPGEFL1
LINC00486	LINC01476
LINC00486	AC005332.7
LINC00486	LINC01152
LINC00486	AC018697.1
LINC00486	LINC01899
LINC00486	LINC01271
LINC00486	ZNF20
LINC00486	PGLYRP2
LINC00486	CYP4F22
LINC00486	LINC01535
LINC00486	AC012313.1
LINC00486	LINC01643
LINC00486	GRAP2
LINC00486	MIR548XHG
LINC00486	AP001043.1
AC068599.1	AC244453.1
AC012593.1	NCKAP5
AC012593.1	CXXC4-AS1
AC012593.1	NREP
AC012593.1	AC233296.1
AC012593.1	AC004158.1
AC012593.1	HAUS5
CRIM1	UNC5C
CRIM1	LONRF1
VIT	KCNS3
ATL2	S100A10
ATL2	WDR45
ATL2	PLP2
ATL2	PIK3C2A
ATL2	KLF6
ATL2	LINS1
SRSF7	GNL3
AC083949.1	CYP51A1-AS1
ZFP36L2	NRARP
ZFP36L2	SLC9A3R1
ZFP36L2	TP53INP2
C1GALT1C1L	AL358472.2
ABCG8	AC108488.2
ABCG8	AL513164.1
LINC01833	SIX3
SIX3-AS1	LINC01833
SIX3-AS1	SIX3
AC012354.1	ABI3
RHOQ	AXDND1
RHOQ	CAPN9
RHOQ	DSCC1
RHOQ	STT3A-AS1
RHOQ	PFKP
RHOQ	CCDC59
RHOQ	PPTC7
RHOQ	TMEM231
RHOQ	DUSP3
RHOQ	LINC01547
AC018682.1	AL512330.1
AC018682.1	AL031731.1
AC018682.1	AL445248.1
AC018682.1	AC092802.2
AC018682.1	AC239802.2
AC018682.1	AL606489.1
AC018682.1	SPDYA
AC018682.1	LINC02576
AC018682.1	AC010978.1
AC018682.1	ZNF852
AC018682.1	ING2
AC018682.1	AC109322.1
AC018682.1	AL591926.2
AC018682.1	AL158071.1
AC018682.1	CCDC180
AC018682.1	AP001318.2
AC018682.1	AL365356.1
AC018682.1	OVCH1-AS1
AC018682.1	AC046130.1
AC018682.1	AL139021.2
AC018682.1	ARG2
AC018682.1	AC005480.1
AC018682.1	AC025580.3
AC018682.1	PAM16
AC018682.1	DNAH3
AC018682.1	IGSF6
AC018682.1	AC092338.2
AC018682.1	SNAI3
AC018682.1	FAM20A
AC018682.1	AC007192.2
AC018682.1	IGSF23
AC018682.1	AL022238.2
AC018682.1	AP001412.1
STON1-GTF2A1L	AC009975.1
NRXN1	RAP1GAP
NRXN1	CYP2J2
NRXN1	ST6GALNAC5
NRXN1	SSX2IP
NRXN1	CTNNA2
NRXN1	B3GALT1
NRXN1	MYL3
NRXN1	EPHA6
NRXN1	TMEM108
NRXN1	ATP8A1
NRXN1	ARHGAP24
NRXN1	AL589740.1
NRXN1	AC004540.1
NRXN1	AF279873.3
NRXN1	NKAIN3
NRXN1	PIP5K1B
NRXN1	TRPM3
NRXN1	FAM107B
NRXN1	CUBN
NRXN1	ADIRF
NRXN1	ZNF98
NRXN1	PLEKHG2
C2orf73	AC107204.1
AC092839.1	ASB14
AC092839.1	ZNF451-AS1
EML6	SATB2
EML6	IGF2BP2
RPS27A	RPS8
RPS27A	RPS14
RPS27A	ZKSCAN8
RPS27A	BAIAP2L1
RPS27A	SPIN2B
RPS27A	TIMM10
RPS27A	RPL21
RPS27A	SAT2
RPS27A	ZNF90
RPS27A	COX7A1
AC015982.1	TAF1A-AS1
AC007743.1	AL645608.1
AC007743.1	PPP1R1C
AC007743.1	PRSS50-1
AC007743.1	AC023886.1
AC007743.1	AC022034.2
AC007743.1	ANKRD18A
AC007743.1	LINC02277
AC007743.1	AC013553.3
AC007743.1	P2RX1
AC007743.1	AP005433.1
CCDC85A	GALNT13
CCDC85A	GALNT3
CCDC85A	PLCXD3
CCDC85A	C8orf34
CCDC85A	SLC35F2
CCDC85A	MKX
CCDC85A	CPLX3
LINC01185	LINC02056
LINC01185	AL365232.1
LINC01185	GVQW2
LINC01185	ABCC11
PUS10	C11orf74
AC016747.2	KCTD19
AC016747.2	AC011451.1
AC016747.2	PRR34
AC009501.1	AP001831.1
AC007365.1	SRRM5
AC007389.3	AC026746.1
AC007389.3	CLDN20
AC007389.3	AC010809.3
AC007389.3	AC023983.1
AC007389.3	GNAS-AS1
AC007389.3	GMEB2
AC007389.3	ZNF30-AS1
AC007389.3	MORC2-AS1
MEIS1	AL449403.2
MEIS1	STX3
MEIS1	WNT3
LINC01798	LINC01483
AC017083.1	RBM15-AS1
AC017083.1	AC231981.1
AC017083.1	ETF1
APLF	MZF1-AS1
ANTXR1	TNFAIP6
ANTXR1	C5orf63
ANTXR1	AGAP9
ANTXR1	GJB2
PCBP1	ZNHIT1
PCYOX1	SLC46A1
SNRPG	CDKN2AIP
SNRPG	PTRH1
TGFA	MAL2-AS1
TGFA	SYCE1
EMX1	AL591845.1
EMX1	PDCD2L
PRADC1	CDK4
CCDC142	ACOX2
AUP1	TMEM81
AUP1	NPRL2
AUP1	LRWD1
AUP1	LINC00685
AUP1	LINC00630
AUP1	SLC10A3
AUP1	CRIP2
AUP1	ACADVL
AUP1	EIF3G
AUP1	RFXANK
AUP1	YIF1B
AUP1	AC007785.1
AUP1	CYTH2
M1AP	CDH6
M1AP	AC008637.1
LRRTM4	FRMPD4
AC079117.1	AL513365.2
AC079117.1	MROH9
AC079117.1	AL512343.2
AC079117.1	AC109439.2
AC079117.1	FAT2
AC079117.1	NBAT1
AC079117.1	AL357992.1
AC079117.1	CYP3A4
AC079117.1	AC006019.3
AC079117.1	AC110995.1
AC079117.1	AP003718.1
AC079117.1	AL512598.1
AC079117.1	ZNF664
AC079117.1	AL049870.3
AC079117.1	GOLGA6L7
AC079117.1	AC104590.1
AC079117.1	AC020913.1
CTNNA2	SVIP
CTNNA2	ADAMTS17
CTNNA2	NKD1
AC016716.2	AL109811.1
AC016716.2	AL929472.2
AC016716.2	GNG12
AC016716.2	BRDT
AC016716.2	AL596218.1
AC016716.2	LINC00486
AC016716.2	RMDN2-AS1
AC016716.2	SIX3-AS1
AC016716.2	AC009506.1
AC016716.2	AC016723.1
AC016716.2	AC114760.2
AC016716.2	PER2
AC016716.2	LSAMP-AS1
AC016716.2	TP63
AC016716.2	RNF168
AC016716.2	LINC02475
AC016716.2	AC020741.1
AC016716.2	LINC02123
AC016716.2	AC010273.2
AC016716.2	BHMT
AC016716.2	CD14
AC016716.2	SH3RF2
AC016716.2	AC136604.2
AC016716.2	AL138733.1
AC016716.2	SPDYE1
AC016716.2	SPDYE5
AC016716.2	BX088651.4
AC016716.2	LAMC3
AC016716.2	AP001372.1
AC016716.2	CD4
AC016716.2	GUCY2C
AC016716.2	AC007513.1
AC016716.2	AC135586.2
AC016716.2	NALCN-AS1
AC016716.2	AC025043.1
AC016716.2	AC100839.1
AC016716.2	AC007493.1
AC016716.2	SCIMP
AC016716.2	EPX
AC016716.2	MOCS3
AC016716.2	AL121832.2
AC016716.2	COL9A3
AC016716.2	ATP8B3
AC016716.2	STAP2
AC016716.2	AC011466.3
AC016716.2	GRIN2D
AC016716.2	FP236383.1
AC016716.2	ERG
AC008067.1	AC016716.2
AC008067.1	LRRTM1
TMSB10	FKBP1B
USP39	AL445490.1
USP39	AL162258.2
USP39	MTR
USP39	ACOXL
USP39	CYP27C1
USP39	ARHGAP15
USP39	IGSF10
USP39	CXCL3
USP39	MTTP
USP39	OTULIN
USP39	BRIX1
USP39	AC136604.2
USP39	RASGEF1C
USP39	AL359643.2
USP39	ABT1
USP39	LRRC73
USP39	OGFRL1
USP39	AC005009.2
USP39	PRPS1
USP39	IDO1
USP39	ZFAT
USP39	PHF2
USP39	AC104009.1
USP39	STARD10
USP39	ANKRD49
USP39	AL157395.1
USP39	AL117336.3
USP39	AL391121.1
USP39	EMX2
USP39	AC027290.1
USP39	RNASE10
USP39	SNHG19
USP39	PMM2
USP39	SMCR5
USP39	MYO18A
USP39	HIGD1B
USP39	DNAH17
USP39	AC124319.2
USP39	C18orf25
USP39	AL117335.1
USP39	CSNK1G2
USP39	PVALB
USP39	MIRLET7BHG
USP39	SHANK3
USP39	LRRC3
GNLY	AC024592.3
RMND5A	ZBTB34
RMND5A	TGDS
CD8A	OIT3
AC104134.1	OR2L3
AC104134.1	AL442663.3
AL845331.2	CLDN4
AC092835.1	UBA7
DUSP2	AC092674.1
DUSP2	HTR5A-AS1
DUSP2	AL451048.1
DUSP2	SOX7
DUSP2	SDR16C5
DUSP2	ACTR5
ITPRIPL1	C8orf82
ITPRIPL1	AF129075.2
ARID5A	AMD1
AC092683.2	SH2D4A
COX5B	PMVK
COX5B	PTRHD1
COX5B	MRPL35
COX5B	ATP5MC3
COX5B	NDUFB9
COX5B	DAD1
COX5B	TMEM199
UNC50	MRPS22
UNC50	AC004951.1
LYG1	HYLS1
AFF3	PDZD2
AFF3	NCR3LG1
AFF3	SLC25A21
CHST10	PTDSS1
NPAS2	TRAM2
NPAS2	ARNTL
TBC1D8-AS1	AL136309.2
CREG2	GAD1
CREG2	CALY
IL1R1	CASZ1
IL1R1	KLKB1
IL18R1	SLC25A45
AC068535.1	LINC01625
AC068535.1	AL023581.2
AC068535.1	AC092171.1
AC068535.1	LINC00943
NCK2	FANCD2
NCK2	ARAP3
AC018878.1	IGF2BP3
AC018878.1	AL031663.3
AC016994.1	AC009779.3
AC016994.1	UBR7
AC016994.1	AC016876.3
AC016994.1	AC104984.2
LINC01885	AC145146.1
LINC01885	AC021736.1
LINC01885	SLA
LINC01885	LCP1
LINC01885	LINC02346
LINC01885	TNK1
LINC01885	MBD3L1
RGPD4	COMMD9
SULT1C2	AC007100.1
SULT1C4	PIK3IP1-AS1
LIMS1	SIPA1L2
SH3RF3	ZNRF1
LINC01106	TRIM46
LINC01106	AC139491.7
LINC01106	HRH3
BUB1	AP003472.1
BUB1	AL139384.1
ACOXL	ZNF777
MERTK	ROR1
MERTK	STK17B
MERTK	SH3BP4
MERTK	CNTFR
MERTK	CMIP
MERTK	CABLES1
SLC20A1	AC106869.1
SLC20A1	ARL4C
DPP10	DPP10-AS3
DPP10	ABCC4
DPP10-AS3	ID3
DPP10-AS3	DPP10-AS1
DPP10-AS3	AC079298.3
DPP10-AS3	AL590999.1
DPP10-AS3	CHST9
DDX18	MRPL32
AC093901.1	RMRP
AC093901.1	AC091180.2
C1QL2	FZD2
STEAP3-AS1	AL732292.2
DBI	S100A6
DBI	CKS1B
DBI	NOL7
DBI	PNRC1
DBI	FABP7
DBI	CYCS
DBI	TCEAL9
CFAP221	DNAH6
CFAP221	AL590705.1
CFAP221	CCDC15
CFAP221	CFAP43
CFAP221	GPR19
GLI2	ACVR2B
GLI2	UST
GLI2	INPP5F
GLI2	SMAD3
GLI2	SMAD7
AC017033.1	AC106052.1
AC017033.1	EMILIN3
CNTNAP5	TMEM163
CNTNAP5	MCTP1
CNTNAP5	AL591501.1
CNTNAP5	PCDH11X
CNTNAP5	AC120193.1
CNTNAP5	ST8SIA5
CNTNAP5	PTPRT
CYP27C1	LINC01952
AC010976.1	SLFNL1-AS1
LIMS2	POLR3D
CCDC74B	CCDC74A
CCDC115	CNPY4
AMER3	CORO1A
NCKAP5	MB21D2
NCKAP5	CAMK4
NCKAP5	KLHL32
NCKAP5	GAS1RR
NCKAP5	LRRC4C
NCKAP5	MAP2K6
AC016909.2	LINC02345
ACMSD	Z99758.1
ACMSD	RBM5-AS1
ACMSD	AL450306.1
ACMSD	AL391262.1
ACMSD	ITFG1-AS1
LCT	LIG1
CXCR4	VIPR2
HNMT	CEMIP2
AC114763.1	AC093152.1
KYNU	SDHAF4
KYNU	EID2B
AC079793.1	MPZ
AC079793.1	CLEC20A
AC079793.1	AC018878.1
AC079793.1	RAPGEF4-AS1
AC079793.1	LINC01484
AC079793.1	TEK
AC079793.1	OLFML2A
AC079793.1	BLNK
AC079793.1	IKZF5
AC079793.1	PEX5
AC079793.1	AC073612.1
AC079793.1	CCDC38
AC079793.1	AL132712.1
AC079793.1	AC137932.3
AC079793.1	AC090617.5
AC079793.1	AC010524.1
AC016910.1	FAM186B
AC009951.2	LINC02201
LYPD6	NME9
AC007364.1	CTH
LINC01818	AC099673.1
LINC01818	DCAF8L2
LINC01818	ARHGEF39
LINC01818	RNF31
LINC01818	AC104521.1
LINC01818	AC115522.1
LINC01818	AC008392.1
LINC01818	MYBPC2
GALNT13	ABCA8
GPD2	ALK
GPD2	LINC02328
GPD2	EHD4
ACVR1	FUCA1
ACVR1	NFYA
ACVR1	SLC16A2
UPP2	ARMH1
UPP2	CCDC69
UPP2	IL33
CCDC148	AL139393.1
CCDC148	FES
PKP4	MTCL1
TANC1	ARHGAP31-AS1
TANC1	AC022414.1
TANC1	PCDHB13
TANC1	SOD2
TANC1	SKIDA1
AC008277.1	AC093158.1
AC008277.1	AC118555.1
AC008277.1	VCAN-AS1
AC008277.1	AL590006.1
AC008277.1	ZNF630-AS1
AC008277.1	BDNF
AC008277.1	AL133330.2
SLC4A10	REPS2
SLC4A10	NELL2
SLC4A10	NETO1
SLC38A11	CYP4X1
AC009495.3	MEOX2
SCN1A	AC010127.1
SCN7A	AC010624.2
AC073050.1	DNM3
AC073050.1	NRXN1
AC073050.1	EFNA5
AC073050.1	HS3ST5
AC073050.1	GRM3
AC073050.1	TEX15
AC016723.1	AC093423.3
AC016723.1	C1orf194
AC016723.1	AL592295.3
AC016723.1	ANGPTL1
AC016723.1	AC009501.1
AC016723.1	RAPH1
AC016723.1	CPNE9
AC016723.1	CETN3
AC016723.1	DNAAF5
AC016723.1	AC073320.1
AC016723.1	AC087855.1
AC016723.1	SLC12A1
AC016723.1	MIR762HG
AC016723.1	PSKH1
AC016723.1	WDR88
CERS6	MOB1B
CERS6	C12orf65
CERS6	RGS9
NOSTRIN	METTL2A
AC093899.2	AC011455.2
AC012594.1	AL049557.1
AC012594.1	LINC01618
AC012594.1	LINC02492
AC012594.1	AL513165.2
AC012594.1	AC092376.1
AC012594.1	AC010531.3
AC012594.1	MYL9
AC012594.1	CD70
METAP1D	FAM206A
METAP1D	FAM160A2
DLX1	LINC01106
DLX1	ELFN2
ITGA6	LAMA1
PDK1	FAM162A
PDK1	ADM
AC010894.2	AL732292.2
AC010894.2	AC107294.1
AC010894.2	AC146944.4
AC010894.3	PYURF
AC010894.3	HIST1H4C
ATP5MC3	AC010894.3
ATP5MC3	VDAC2
ATP5MC3	ISCA2
ATP5MC3	POLR3K
ATP5MC3	SUPT4H1
ATP5MC3	CHCHD10
AC093459.1	KCNA4
AC074286.1	AC090061.1
AC074286.1	RBM26-AS1
AC074286.1	LINC02588
AC079305.3	ZHX1-C8orf76
AC019080.4	AL136985.1
AC019080.4	LINC01107
PDE11A	CLTRN
TTN	CCDC141
TTN	AC245041.2
ZNF385B	CLSTN2
FRZB	C5orf66
AC064871.1	AC012313.8
AC021851.1	CD8A
AC017101.1	FBXL19
AC017101.1	OGFOD1
FAM171B	RPL39L
FAM171B	PCDH10
FAM171B	TMEM229A
FAM171B	CHST7
FAM171B	C9orf24
FAM171B	AKNA
FAM171B	EED
FAM171B	GJB6
FAM171B	TBX2
TFPI	AC079117.1
TFPI	AC069277.1
TFPI	TMA16
TFPI	MORF4L2-AS1
TFPI	SRGN
AC013468.1	AC009309.1
AC013468.1	ZSCAN16
AC013468.1	AC005486.1
AC013468.1	AC126773.4
AC013468.1	AC073508.3
AC013468.1	GDF5
ORMDL1	AL391807.1
ORMDL1	AC004982.1
ORMDL1	POLR3F
AC006460.1	AC023157.3
STAT1	MX1
STAT4	GLT1D1
STK17B	AL390957.1
STK17B	SERPINB9
STK17B	ZSCAN23
HECW2	MTMR7
HSPD1	SLBP
HSPE1	NUDT4B
HSPE1	HSPA6
HSPE1	HGFAC
HSPE1	FBXO5
HSPE1	LINC00519
HSPE1	AC126696.3
HSPE1	TEX14
HSPE1	LINC02003
HSPE1	NDUFV2-AS1
HSPE1-MOB4	DHRS11
RFTN2	MINDY1
RFTN2	LYPD6
RFTN2	KCNMB3
RFTN2	GABRG1
RFTN2	AC005162.3
RFTN2	AC007285.1
RFTN2	DIAPH3
RFTN2	MIR22HG
RFTN2	RNF157-AS1
AC011997.1	AC093297.2
AC011997.1	AC020559.1
AC011997.1	AC005225.3
AC011997.1	ZNF578
FTCDNL1	HFM1
FTCDNL1	KREMEN1
C2orf69	BET1
C2orf69	RNF6
SGO2	LYPLAL1-DT
NDUFB3	AC093635.1
CFLAR-AS1	LTC4S
CFLAR-AS1	AC011472.1
C2CD6	LINC01266
RAPH1	ECE1
RAPH1	SYT2
RAPH1	PLD5
RAPH1	TMEM18
RAPH1	AC007389.3
RAPH1	LINC01103
RAPH1	MMADHC
RAPH1	COL4A3
RAPH1	DENND6A-AS1
RAPH1	LINC01258
RAPH1	HHIP
RAPH1	FRG1
RAPH1	AC008496.2
RAPH1	AC010275.1
RAPH1	MYOT
RAPH1	ZNF184
RAPH1	MOCS1
RAPH1	PLN
RAPH1	AC018647.1
RAPH1	AC092666.1
RAPH1	FAM167A-AS1
RAPH1	SLC1A1
RAPH1	PCA3
RAPH1	GRIN3A
RAPH1	AP002954.1
RAPH1	AC073389.1
RAPH1	SLC15A5
RAPH1	AC034102.6
RAPH1	AC025576.2
RAPH1	AC007541.1
RAPH1	COCH
RAPH1	AL136298.1
RAPH1	SLC35F4
RAPH1	DIO2-AS1
RAPH1	AL133523.1
RAPH1	AL117209.1
RAPH1	AC013640.1
RAPH1	BAHD1
RAPH1	AC025917.1
RAPH1	PKD1
RAPH1	ZNF629
RAPH1	CRNDE
RAPH1	AC055811.1
RAPH1	AC005726.5
RAPH1	AC005921.2
RAPH1	RNFT1-DT
RAPH1	AC005208.1
RAPH1	SNAP25-AS1
RAPH1	ANKRD24
RAPH1	AC011444.2
RAPH1	ACSBG2
RAPH1	ANO8
RAPH1	AC011503.1
RAPH1	ZNF749
RAPH1	MIR155HG
RAPH1	CBR3
AC007679.1	AC007383.3
AC007679.1	TMC4
INO80D	SLC27A6
GPR1	TMEM40
GPR1	LINC01967
GPR1	AC068722.1
GPR1	LINC01989
MDH1B	AC008771.1
AC009226.1	HIRA
MAP2	SLC22A3
UNC80	AL121987.1
UNC80	TNR
UNC80	CCDC148
UNC80	ACADL
UNC80	C3orf67
UNC80	CCSER1
UNC80	PRUNE2
UNC80	AP002373.1
UNC80	CHEK2
CPS1	C1GALT1
CPS1	MTBP
AC079610.1	TMPO-AS1
BARD1	SOAT1
BARD1	AC104964.1
AC016708.1	AC072062.1
FN1	HEG1
FN1	IRF1
FN1	NEDD9
FN1	AL157871.4
FN1	IFNGR2
AC098820.3	AL157832.1
IGFBP5	DIRC3
IGFBP5	SFRP2
AC007563.2	DCDC2
DIRC3-AS1	SLC4A9
TNS1	DIRC3
TNS1	MYLK
TNS1	RRAGD
TNS1	LRP11
TNS1	B4GALT1
TNS1	AL160269.1
TNS1	SEMA4G
TMBIM1	PODN
TMBIM1	SLC27A3
TMBIM1	PDE8B
TMBIM1	SERPINB1
TMBIM1	ZDHHC9
TMBIM1	ZNF395
TMBIM1	SERPING1
TMBIM1	DEPP1
TMBIM1	TNFRSF1A
TMBIM1	C1R
TMBIM1	MGST1
TMBIM1	CDK2
TMBIM1	RASD1
TMBIM1	FXYD3
TMBIM1	NUCB1
TMBIM1	TMPRSS3
RETREG2	B4GALT3
DNAJB2	FAAP20
DNAJB2	SAP25
DNAJB2	MROH6
DNAJB2	ZFP37
DNAJB2	PTPA
DNAJB2	CHID1
DNAJB2	GNB3
DNAJB2	AC123768.3
DNAJB2	INO80E
DNAJB2	ZNF287
DNAJB2	PLD6
DNAJB2	MED16
DNAJB2	YJEFN3
DNAJB2	MBOAT7
DNAJB2	RANGAP1
PTPRN	UNC5A
PTPRN	FAM131B
PTPRN	CKMT1B
AC053503.1	AL354809.1
CHPF	BAP1
CHPF	GAL3ST3
CHPF	AP001107.9
CHPF	CKAP4
CHPF	CD2BP2
INHA	GTF2IRD2
INHA	E2F5
AC079834.2	AC016737.2
AC079834.2	AP002802.1
AC079834.2	LINC00390
AC079834.2	HBA2
SCG2	AC126118.1
DOCK10	VRK2
DOCK10	TF
DOCK10	PIEZO2
AC016717.2	PPIL1
COL4A3	MIB2
LINC01807	GPD1
PID1	AC107072.1
DNER	PDIA5
DNER	AC022294.1
DNER	PMEPA1
SP140	AL034417.2
AC010149.1	ABCB8
AC010149.1	ALDH1B1
AC010149.1	PRR11
ITM2C	VWA1
ITM2C	SOD3
ITM2C	TMEM121
C2orf72	AC011747.2
C2orf72	HIST1H4H
C2orf72	AL590617.2
C2orf72	LRRC57
C2orf72	NAGLU
PTMA	MOSPD3
PTMA	ZNF674
PTMA	ST6GALNAC4
PTMA	STAC2
PTMA	NFS1
AC019130.1	AC006030.1
ECEL1	LINC01446
ECEL1	CAV1
ECEL1	WRAP53
AC073254.1	LINC00954
AC073254.1	ZNF157
KCNJ13	AC022710.1
TRPM8	TSACC
TRPM8	LINC02046
TRPM8	HTR3E-AS1
TRPM8	AC084824.5
TRPM8	FOXN3-AS1
TRPM8	AC012615.2
LINC01891	AC016717.2
AC019068.1	NSUN7
AC019068.1	NAAA
AC019068.1	MC1R
ESPNL	SLC22A13
ESPNL	LINC00551
HES6	PAK1IP1
LINC01107	AL356479.1
LINC01107	GREM2
LINC01107	AC096719.1
LINC01107	AC099681.1
LINC01107	AC010997.3
LINC01107	AL161757.5
AC062017.1	AC099522.2
AC062017.1	APOM
AC062017.1	MAP3K9
AC062017.1	AC009113.1
AC062017.1	LINC01431
AC093802.1	NCMAP
AC093802.1	PTAFR
AC093802.1	DNAJB11
AC093802.1	AC018680.1
AC093802.1	LINC02228
AC093802.1	AC113386.1
AC093802.1	ERICH5
AC093802.1	AC107973.1
AC093802.1	AP004609.3
AC093802.1	AC060234.1
AC093802.1	AC125494.2
AC093802.1	POU4F1
AC093802.1	AC087612.1
AC093802.1	C17orf80
AC093802.1	AC243967.2
AC093802.1	CKM
AC093802.1	AIRE
COPS9	TXNRD3
COPS9	APIP
COPS9	PRR13
COPS9	MT3
COPS9	TNNT1
GPC1	TNFRSF14
GPC1	GBA
GPC1	MYL5
GPC1	GATD1
GPC1	SGSH
GPC1	ARVCF
RNPEPL1	FAM171A2
RNPEPL1	CENPB
RNPEPL1	LRP3
CAPN10	IL17RC
CROCC2	LINC01127
CROCC2	WFIKKN2
CROCC2	SUMO2
CROCC2	TBL1Y
SNED1	SMAD9
AC114730.2	ZC3H12D
AC131097.3	NEU4
CNTN4	LINC02306
IL5RA	GALR3
LRRN1	AC026398.1
LRRN1	PRMT3
LRRN1	CCDC85C
LRRN1	ZNF582
AC018816.1	LRRC8C-DT
BHLHE40	ZFP36L2
AC026167.1	AC087857.1
GRM7-AS3	TTLL3
AC068313.1	AC068620.1
AC068313.1	AC093591.2
AC068313.1	AL034347.1
AC068313.1	AC034102.4
JAGN1	TMEM11
CRELD1	TOR1B
CRELD1	CANT1
BRK1	TMEM268
MKRN2OS	TMLHE-AS1
TMEM40	AC002070.1
RPL32	MECOM
RPL32	RPS23
RPL32	OOEP
RPL32	RPL30
RPL32	RPS25
RPL32	RPL36AL
RPL32	RPL4
RPL32	NACA2
RPL32	RPL38
NUP210	SMNDC1
GRIP2	AL365361.1
COLQ	ANKK1
ANKRD28	CAMK1
ANKRD28	HERC5
ANKRD28	HMGCLL1
ANKRD28	KLF8
ANKRD28	AP000721.2
ANKRD28	ATP9A
ANKRD28	CEBPA
GALNT15	CABCOCO1
GALNT15	PLEKHA5
GALNT15	MYO5C
GALNT15	LINC02251
GALNT15	ST6GALNAC2
RFTN1	CA3
RFTN1	A2M
RFTN1	ST8SIA1
RPL15	ILF2
RPL15	RPL29
RPL15	EPB41L4A-AS1
RPL15	HINT1
RPL15	TUBB2A
RPL15	ATP6V1F
RPL15	SLC25A6
RPL15	TMSB4X
RPL15	TSR2
RPL15	BEX4
RPL15	CTSL
RPL15	TUBB4B
RPL15	LDHA
RPL15	RAN
RPL15	NLRP1
RPL15	MYL12B
LINC00691	LINC01818
LINC00691	AC064871.1
LINC00691	AC012640.1
LINC00691	AL365205.1
LINC00691	OR51I2
LINC00691	PITRM1
LINC00691	AC004596.1
LINC00691	DDTL
RARB	KY
RARB	SEMA3A
RBMS3-AS3	HAPLN2
RBMS3-AS3	TNXB
RBMS3-AS3	AC107419.1
RBMS3-AS3	GSDMB
RBMS3-AS1	AL137802.2
RBMS3-AS1	AC092162.2
RBMS3-AS1	AFDN-DT
TRIM71	DRD1
TRIM71	ADGRF5
TRIM71	ADGRG6
TRIM71	AL035461.2
CRTAP	SLC39A8
FBXL2	TUSC3
ARPP21	IQSEC3
ARPP21	GRIK1
AC097359.3	ITGA10
AC097359.3	AC104463.2
AC097359.3	PTPN6
AC097359.3	NPW
DLEC1	PPP1R42
DLEC1	TEKT1
ACVR2B-AS1	LINC01219
SCN5A	CMTM8
SCN5A	C3orf52
SCN5A	HS6ST2
SCN5A	ANXA13
SCN5A	AP003306.2
SCN5A	NXPE2
SCN5A	TMEM233
SCN5A	COX16
SCN5A	AL590079.1
SCN5A	AC016588.2
SCN5A	SHISAL1
GORASP1	ZNF641
CSRNP1	ZYX
CSRNP1	DDX19A
RPSA	BUD31
MOBP	LYSMD3
MOBP	CERCAM
MOBP	FOLH1
MOBP	MBP
MYRIP	ADAMTS6
MYRIP	PTCHD4
MYRIP	CDKN1C
MYRIP	AP001021.2
MYRIP	AL109930.1
MYRIP	BTG3
EIF1B	TTC25
CCK	GLIPR1
CCK	DLGAP1-AS4
CCK	PCP4
LYZL4	GACAT3
LYZL4	BLACE
LYZL4	LINC00868
LYZL4	DPRX
CCDC13-AS1	TOMM40L
CCDC13-AS1	KCNK5
CCDC13-AS1	LINC02086
LINC02158	TLR5
LINC02158	LINC00691
LINC02158	GMNC
LINC02158	TUNAR
LINC02158	LINC00324
AC104184.1	LY6G5B
AC104184.1	DMRTC1
AC104184.1	AL354950.1
AC104184.1	AC015712.4
TOPAZ1	AL160408.1
TOPAZ1	MIR217HG
TOPAZ1	FANCD2OS
TOPAZ1	AL157895.1
TOPAZ1	AC024600.1
TOPAZ1	AC078927.1
TOPAZ1	C12orf43
TOPAZ1	AC005775.1
TOPAZ1	FAM83F
TOPAZ1	ERVH48-1
CDCP1	GAR1
LIMD1	CFAP300
LRRC2	BTN2A2
LRRC2	PCK2
AC104304.1	AL137856.1
AC104304.1	LINC01337
AC104304.1	CYP2C8
CSPG5	FNDC10
CSPG5	MEGF6
CSPG5	C1QL2
CSPG5	CXCL14
CSPG5	OSTM1-AS1
CSPG5	EZR
CSPG5	SUSD1
CSPG5	PIF1
CSPG5	LCAT
CSPG5	ABCA5
CSPG5	LINC01896
CSPG5	TFAP2C
CSPG5	OLIG1
PLXNB1	AGRN
PLXNB1	PARP3
PLXNB1	VARS2
PLXNB1	AC073111.5
PLXNB1	ZMYM3
PLXNB1	DGAT1
PLXNB1	CPSF1
PLXNB1	LRRC14
PLXNB1	RNF208
PLXNB1	MRPL41
PLXNB1	PLCB3
PLXNB1	MBD6
PLXNB1	PHETA1
PLXNB1	CPNE6
PLXNB1	VASH1-AS1
PLXNB1	CSK
PLXNB1	GHDC
PLXNB1	LRRC45
PLXNB1	PLIN4
TMA7	DCTN1
TMA7	NDUFB3
TMA7	COPS9
TMA7	LSM3
TMA7	SMIM30
TMA7	NDUFA1
TMA7	LINC00844
TMA7	METTL26
TMA7	ATP5F1E
TMA7	UBL5
SHISA5	VASN
SHISA5	GTPBP3
CELSR3	MICAL1
NDUFAF3	RSL24D1
LAMB2	SLC4A2
LAMB2	ATP13A1
C3orf62	CPT1C
MST1	ZNF221
CAMKV	DMTN
CAMKV	SYNGR3
CAMKV	CACNG8
SEMA3B-AS1	AL121601.1
SEMA3B-AS1	AC009562.1
HYAL2	B3GALT6
TMEM115	COMMD8
CISH	TMEM61
CISH	DENND2D
CISH	LTF
CISH	PTX3
CISH	MMAA
CISH	EGFLAM
CISH	AC142391.1
CISH	LINC01847
CISH	NEURL1B
CISH	PPP1R3A
CISH	GABRA3
CISH	PDLIM2
CISH	RBPMS-AS1
CISH	CD44-AS1
CISH	AC005840.2
CISH	AC067735.1
CISH	MTRF1
CISH	AL136295.5
CISH	CLEC19A
CISH	AC003101.1
CISH	SECTM1
CISH	AC020907.1
CISH	AC004556.1
TEX264	FJX1
GRM2	B4GALNT3
PCBP4	GLI4
PCBP4	CDC34
RPL29	ATP5IF1
PHF7	AMY2B
PHF7	AL592295.4
PHF7	USP35
SPCS1	LRPAP1
SPCS1	MRPS18B
SPCS1	CHRNB1
SPCS1	POLR2E
SPCS1	TIMM29
CHDH	CSRP1
CHDH	MICAL2
CHDH	SFTPD-AS1
CHDH	ARHGAP27
CHDH	ZNF765
IL17RB	CDK11A
IL17RB	ZNF711
IL17RB	SLC4A8
IL17RB	NTN4
IL17RB	MAFG-DT
IL17RB	PDYN-AS1
SELENOK	MARCKSL1
SELENOK	JAGN1
SELENOK	TCEAL8
SELENOK	TMED2
SELENOK	SOX15
SELENOK	DMAC2
SELENOK	SMIM17
SELENOK	ZNF587
SELENOK	SMDT1
LRTM1	CACNA2D3-AS1
ARHGEF3	CLIC4
ARHGEF3	MAN1C1
ARHGEF3	FOSL2
ARHGEF3	IL1R1
ARHGEF3	DNER
ARHGEF3	RFTN1
ARHGEF3	CADPS
ARHGEF3	WWTR1
ARHGEF3	ST6GAL1
ARHGEF3	TLR2
ARHGEF3	FAM20C
ARHGEF3	TPST1
ARHGEF3	CD99
ARHGEF3	GYG2
ARHGEF3	MAOB
ARHGEF3	SULF1
ARHGEF3	CRISPLD1
ARHGEF3	HIPK3
ARHGEF3	VWA5A
ARHGEF3	C1R
ARHGEF3	C1RL-AS1
ARHGEF3	HELB
ARHGEF3	CIITA
ARHGEF3	MKL2
ARHGEF3	MVP
ARHGEF3	NLRC5
ARHGEF3	GFAP
ARHGEF3	TAF4B
ARHGEF3	MAPRE2
ARHGEF3	HELZ2
ARHGEF3	APOL3
DNAH12	THOC3
FLNB	ALS2CL
AC119424.1	MUC1
AC119424.1	AC117386.1
AC119424.1	AP000915.1
AC119424.1	AP001610.1
CADPS	ARHGEF2
CADPS	GBE1
CADPS	AC018616.1
CADPS	ZNF519
LINC00698	N6AMT1
C3orf49	AC024075.3
PRICKLE2	ASTE1
PRICKLE2	HIST1H2AC
PRICKLE2	AC083843.3
PRICKLE2	NALT1
PRICKLE2	AMOTL1
PRICKLE2	ZNF32-AS3
PRICKLE2	CSNK1G1
PRICKLE2	AC005899.6
PRICKLE2	MED24
PRICKLE2	ZNF516
PRICKLE2-AS3	AL589990.1
ADAMTS9	CDCA7L
ADAMTS9-AS2	SNX31
ADAMTS9-AS2	ABCC1
MAGI1	MTHFD1L
MAGI1	NEXMIF
LRIG1	TSC22D1-AS1
LRIG1	AC018618.1
KBTBD8	AC087379.2
LMOD3	PLAU
LMOD3	ATP2A1-AS1
LMOD3	AC005324.3
LMOD3	HSH2D
LMOD3	AP001437.1
FRMD4B	MYO1D
FRMD4B	LINC00909
MITF	CEP97
MITF	AL138720.1
MDFIC2	GPSM3
MDFIC2	HNRNPA1L2
FOXP1	SULT1C4
FOXP1	ADAT2
FOXP1	CALD1
FOXP1	PDCD4
FOXP1	PDZRN4
FOXP1	LIN7A
FOXP1	IGF1R
FOXP1	SHISA6
FOXP1	JUP
FOXP1	THSD8
FOXP1	GCAT
FOXP1-AS1	AL354949.1
FOXP1-AS1	AC009951.2
FOXP1-AS1	CCDC39
FOXP1-AS1	ARL14EPL
FOXP1-AS1	AC092634.5
FOXP1-AS1	CCDC83
FOXP1-AS1	AC025576.1
FOXP1-AS1	LINC01534
FOXP1-AS1	IRGQ
GPR27	PRRG3
CNTN3	RCAN2
ROBO2	CNTN3
ROBO2	STXBP5L
ROBO2	HCN1
ROBO2	HS6ST3
ROBO2	EPB41L3
AC129807.1	ZW10
CADM2-AS2	ASH1L-AS1
CADM2-AS2	AP003096.1
AC107204.1	CPEB2-DT
PROS1	LETM2
PROS1	BAALC-AS2
PROS1	AC002310.4
PROS1	TMEM184B
MTRNR2L12	AC105402.3
MTRNR2L12	DHFR
MTRNR2L12	COL19A1
EPHA6	SLC12A8
AC110491.2	AC000032.1
AC110491.2	AC103739.2
ST3GAL6-AS1	SERTAD4
ST3GAL6-AS1	DTHD1
ST3GAL6-AS1	SPDL1
ST3GAL6-AS1	C5orf47
ST3GAL6-AS1	FANCE
ST3GAL6-AS1	INHBA
ST3GAL6-AS1	AC002456.1
ST3GAL6-AS1	CXorf57
ST3GAL6-AS1	AC124242.1
ST3GAL6-AS1	PTPN3
ST3GAL6-AS1	LINC02550
ST3GAL6-AS1	AC021739.3
ST3GAL6-AS1	CCDC113
ST3GAL6-AS1	LGALS9
ST3GAL6-AS1	DTD1
ST3GAL6-AS1	FAM83E
ST3GAL6-AS1	RBM11
COL8A1	COL24A1
FILIP1L	AC008957.2
FILIP1L	AC011369.1
FILIP1L	AL591767.1
FILIP1L	PPL
IMPG2	LRRC66
DUBR	PLCH1
LINC00636	CXCL13
LINC00636	AL080317.1
LINC00636	CCNB2
HHLA2	IQCN
MYH15	SGO2
MYH15	AC021086.1
MYH15	LRRCC1
MYH15	KIF20B
MYH15	NUDT7
MYH15	VSX1
TRAT1	AC106864.2
TRAT1	AC016598.1
TRAT1	AC140125.2
TRAT1	SCIN
TRAT1	SLC22A9
TRAT1	AL360182.2
TRAT1	AL049775.1
TRAT1	OCA2
TRAT1	KLHL14
MORC1	AL133216.1
NECTIN3-AS1	AC004702.1
TAGLN3	GABRD
TAGLN3	EFHD2
TAGLN3	SYT13
TAGLN3	VSTM2L
C3orf52	HIST1H2BN
C3orf52	C17orf107
BOC	ROPN1B
BOC	TNIP1
BOC	FOXP4
BOC	ELOVL4
BOC	LINC01111
BOC	C12orf40
CFAP44	FAH
SIDT1	KCNH8
SIDT1	GPRIN3
SIDT1	KSR2
DRD3	AC005076.1
DRD3	BRIP1
TIGIT	DFFB
TIGIT	LINC01592
ZBTB20-AS5	AL139147.1
ZBTB20-AS5	WNT2B
ZBTB20-AS5	AL360091.3
ZBTB20-AS5	RBMS3-AS2
ZBTB20-AS5	AC092040.1
ZBTB20-AS5	ZBTB20-AS3
ZBTB20-AS5	LINC00901
ZBTB20-AS5	AC026347.1
ZBTB20-AS5	AC058791.1
ZBTB20-AS5	ANGPT2
ZBTB20-AS5	PGM5
ZBTB20-AS5	MALAT1
ZBTB20-AS5	AC018511.2
ZBTB20-AS5	SMIM10L1
ZBTB20-AS5	AC020611.2
ZBTB20-AS5	AC078955.1
ZBTB20-AS5	LPAR6
ZBTB20-AS5	AC090971.2
ZBTB20-AS5	AC007533.1
ZBTB20-AS5	AC004148.2
ZBTB20-AS5	MPRIP-AS1
ZBTB20-AS5	ZNF830
ZBTB20-AS5	AC005920.2
ZBTB20-AS5	AP000919.2
ZBTB20-AS5	AL021453.1
ZBTB20-AS2	AC110769.2
GAP43	ZNF622
LSAMP-AS1	AL157938.3
LSAMP-AS1	AL391839.1
LSAMP-AS1	CHURC1-FNTB
LINC00903	FAM151A
LINC00903	NBPF9
LINC00903	AC018462.1
LINC00903	AC010976.1
LINC00903	AC007679.1
LINC00903	ZBTB20-AS2
LINC00903	OPA1-AS1
LINC00903	AC093879.1
LINC00903	AC026704.1
LINC00903	AC093535.1
LINC00903	LINC00472
LINC00903	AP001266.2
LINC00903	AP000857.2
LINC00903	AP000844.2
LINC00903	AL356805.1
LINC00903	AL049840.1
LINC00903	AC005695.2
LINC00903	CR382287.2
UPK1B	AC000068.1
CD80	FBLN2
CD80	ATG9B
CD80	WDFY4
CD80	MRLN
CD80	ATF7
NDUFB4	MIR4458HG
NDUFB4	AC010245.2
NDUFB4	UBL7
NDUFB4	AC127024.2
STXBP5L	DYNC1I1
STXBP5L	GRIA3
EAF2	PLB1
SLC15A2	EAF2
SLC15A2	CAPN5
SLC15A2	GCH1
FAM162A	HK2
FAM162A	PGK1
FAM162A	ERO1A
AC083798.2	AC092802.1
AC083798.2	ZKSCAN7
PARP14	PARP12
MYLK	CNKSR2
MYLK	FBN1
MYLK	IDH2-DT
MYLK	AC106739.1
MUC13	RAB3D
OSBPL11	AL109741.1
OSBPL11	AC092902.3
ALDH1L1	MED9
PLXNA1	CNKSR1
PLXNA1	TSPAN17
PLXNA1	AEBP1
MCM2	NPAS1
MGLL	GRM7-AS1
MGLL	HRH1
MGLL	KBTBD12
MGLL	ARX
MGLL	RFC5
KBTBD12	ZNF124
SEC61A1	SPCS3
SEC61A1	ARHGDIA
GATA2-AS1	AL391811.1
GATA2-AS1	AC117386.1
GATA2-AS1	EIF5A2
GATA2-AS1	SERF1B
GATA2-AS1	SPTY2D1
GATA2-AS1	KRTAP5-7
GATA2-AS1	PTPRQ
GATA2-AS1	TRAFD1
GATA2-AS1	AC004263.1
GATA2-AS1	SOHLH2
GATA2-AS1	EWSAT1
GATA2-AS1	AC103996.2
GATA2-AS1	MILR1
GATA2-AS1	AC015802.6
GATA2-AS1	PLA2G3
GATA2-AS1	AL671710.1
AC112484.3	ZNF571
AC112484.1	PROSER3
PLXND1	AF064858.1
AC083906.3	AC113194.1
AC083906.3	APOH
AC083906.3	YJU2
AC116424.1	AC113349.1
CPNE4	DOCK8
ACAD11	TENT5B
ACAD11	FAM167B
ACAD11	AL356289.1
ACAD11	AL451050.2
ACAD11	FAM163A
ACAD11	AL359853.2
ACAD11	AC010894.2
ACAD11	AC093802.1
ACAD11	FGFR4
ACAD11	HIST1H2BE
ACAD11	LINC02526
ACAD11	AL359091.4
ACAD11	MED17
ACAD11	MTG1
ACAD11	AC023509.3
ACAD11	ALOX5AP
ACAD11	DOK4
ACAD11	CARMIL2
ACAD11	CEP131
ACAD11	GALR1
ACAD11	THEG
ACAD11	GZMM
ACAD11	AC006538.2
ACAD11	PALM3
ACAD11	HSPB6
ACAD11	ZNF574
ACAD11	FUT1
ACAD11	AC020915.3
ACAD11	AL008718.2
ACAD11	CPT1B
TMEM108	VEGFC
TMEM108	XYLT1
BFSP2	FYB1
BFSP2	LMNB1-DT
BFSP2	SLC5A5
TF	EVA1A
TF	KLHL4
EPHB1	PPP2R2C
EPHB1	BMPER
SLC35G2	MGST2
SLC35G2	ADA
CLDN18	AC010654.1
NME9	AC112206.2
MRAS	NUP35
MRAS	ESYT3
MRAS	RANBP3L
MRAS	SLC39A12
MRAS	VAC14-AS1
RBP2	STX19
RBP2	SFTA3
RBP2	CCDC196
RBP2	MEP1B
ATP1B3	AC015983.2
PAQR9	AC062028.1
PAQR9	AL133245.1
PAQR9	SLC17A6
PAQR9	STYK1
PAQR9	KIF19
PAQR9	AC010616.2
SLC9A9	GAB1
SLC9A9	SMAD1
SLC9A9	ERBIN
SLC9A9	AC099518.3
SLC9A9	SHMT1
AC107021.1	SLC16A3
AC107021.1	C21orf62
PLOD2	LNCSRLR
PLOD2	P4HA1
PLSCR1	STAT1
PLSCR1	BAALC-AS1
PLSCR1	DDX58
PLSCR1	FAM189A2
PLSCR1	YBX3
PLSCR1	APOL6
PLSCR1	MYH9
ZIC1	ZIC4
ZIC1	SULF1
AC092958.1	NET1
LINC02046	TP53RK
AGTR1	C1orf167
AGTR1	HSPB7
AC092979.1	AL591848.4
AC092979.1	MOSPD1
AC092979.1	RASEF
AC092979.1	TESMIN
AC092979.1	AL136040.1
AC092979.1	NPIPA7
AC092979.1	CTDNEP1
CP	ECM2
CP	PRIMA1
TM4SF1-AS1	DARS2
TM4SF1-AS1	LINC01060
TM4SF1-AS1	LINC01284
TM4SF1-AS1	AC034111.1
WWTR1	VCL
WWTR1	MYO1E
ANKUB1	AC010890.1
ANKUB1	RGS17
ANKUB1	PRKG1-AS1
LINC01998	AC116407.1
LINC01214	AC007879.3
LINC01214	PMFBP1
P2RY14	RBMS3-AS3
P2RY14	IGSF10
P2RY14	LIPH
P2RY14	AC092832.2
P2RY14	AC004470.1
P2RY14	NDP-AS1
P2RY14	GNA14-AS1
P2RY14	BBOX1-AS1
P2RY14	AP000462.1
P2RY14	AC079385.1
P2RY14	EGLN3-AS1
P2RY14	PRKCA-AS1
P2RY14	AC022146.2
IGSF10	AC010319.4
AADACL2-AS1	RHOD
AC106707.1	AC011466.1
C3orf80	EMX1
C3orf80	DLX1
C3orf80	ADGRA1-AS1
AC079594.2	KIAA1024
NMD3	AGBL4
NMD3	SYT14
NMD3	GCA
NMD3	NEU3
NMD3	GSTO2
NMD3	FAM66C
NMD3	PPP1R1A
LINC01322	MIR4435-2HG
LINC01322	CMTM7
LINC01322	FAM217A
LINC01322	AC008537.4
BCHE	NABP1
BCHE	AZGP1
BCHE	NR2F2
SERPINI2	SLC20A1
SERPINI2	JHY
WDR49	DPYD
WDR49	HNMT
WDR49	CCDC14
WDR49	SERPINI2
WDR49	FRMPD2
WDR49	SYNE3
MECOM	CETN2
SAMD7	AL033530.1
SAMD7	LINC01707
SAMD7	GPA33
SAMD7	EDAR
SAMD7	CATIP-AS2
SAMD7	GPR160
SAMD7	LINC02497
SAMD7	TMEM156
SAMD7	AC025244.1
SAMD7	ENPEP
SAMD7	C4orf46
SAMD7	MIR3945HG
SAMD7	CCDC110
SAMD7	AC106798.1
SAMD7	MARVELD2
SAMD7	F2RL1
SAMD7	ITK
SAMD7	GCNT2
SAMD7	ADGB
SAMD7	AC093655.1
SAMD7	SVOPL
SAMD7	ATP6V0A4
SAMD7	CRLF2
SAMD7	ASMT
SAMD7	ARSH
SAMD7	GATA1
SAMD7	GJB1
SAMD7	PLAT
SAMD7	AC021733.1
SAMD7	ENG
SAMD7	CSKMT
SAMD7	HTR3B
SAMD7	TEX52
SAMD7	SLC2A14
SAMD7	AC131157.1
SAMD7	MYO1H
SAMD7	AL355922.5
SAMD7	TBPL2
SAMD7	ESR2
SAMD7	BUB1B
SAMD7	PAQR5
SAMD7	CDH1
SAMD7	CENPN
SAMD7	AC090282.1
SAMD7	PIGW
SAMD7	ALPK2
SAMD7	TRIB3
SAMD7	LINC01841
SAMD7	NLRP7
SAMD7	BPIFC
SPATA16	PLBD1
NAALADL2-AS2	ANGPTL7
NAALADL2-AS2	PACRG-AS3
NAALADL2-AS2	AL035658.1
LINC02015	LINC02043
LINC02015	ZSCAN32
KCNMB2	DIMT1
KCNMB2-AS1	RCAN3
KCNMB2-AS1	DAB1
KCNMB2-AS1	HHIP-AS1
KCNMB2-AS1	AC079193.2
KCNMB2-AS1	AP003181.1
KCNMB2-AS1	AC010175.1
CCDC39-1	FOXP4-AS1
CCDC39-1	AC005186.1
FXR1	FLVCR1-DT
FXR1	GLB1L
FXR1	ERICH6
FXR1	AKIRIN2
FXR1	ST7-AS1
FXR1	AC003035.1
FXR1	FAM133A
FXR1	SMIM10L2B
FXR1	DNASE1L1
FXR1	PLEKHF2
FXR1	FBXO43
FXR1	TPH1
FXR1	CHORDC1
FXR1	SUGT1
FXR1	AC007686.2
FXR1	AC112693.1
FXR1	MIB1
FXR1	PRR22
FXR1	GGT1
DNAJC19	PIGV
AC125613.1	ZMYND12
AC125613.1	PKN2-AS1
AC125613.1	AL513217.1
AC125613.1	AC009299.3
AC125613.1	AC074286.1
AC125613.1	AC018816.1
AC125613.1	SCN11A
AC125613.1	LINC02226
AC125613.1	MFAP3
AC125613.1	AL162725.2
AC125613.1	AL449403.1
AC125613.1	AP001528.2
AC125613.1	C11orf65
AC125613.1	AP002986.1
AC125613.1	THNSL1
AC125613.1	GALNT8
AC125613.1	SLC38A2
AC125613.1	AC036108.3
AC125613.1	AC105411.1
AC125613.1	NOTCH3
AC125613.1	CEBPG
LINC01206	AC087289.5
AC092953.2	AC068620.2
AC092953.2	AC091959.3
AC092953.2	LINC02373
AC092953.2	DUOXA1
AC092953.2	SMIM11B
KLHL6	AC009318.4
HTR3E-AS1	HRH4
AP2M1	EIF2B5
AP2M1	AKR1B1
AP2M1	MAPK7
AP2M1	ATP5F1D
AP2M1	NDUFS7
AP2M1	TOMM40
AP2M1	PRMT1
C3orf70	KCTD3
C3orf70	ANKRD28
C3orf70	PLSCR4
C3orf70	ULK2
ETV5	SLC4A4
ETV5	SPRY4
ETV5	SPRY4-AS1
ETV5	DUSP6
TBCCD1	FAM161B
ST6GAL1	P3H2
ST6GAL1	PLCE1
RTP4	TEKT2
RTP4	THG1L
RTP4	GINS4
RTP4	AL158071.5
BCL6	C1orf198
BCL6	PTPA
BCL6	NEAT1
BCL6	LINC02284
BCL6	CCNF
BCL6	ATP2C2
AC022498.1	TAF7L
AC022498.1	CLEC4C
AC022498.1	AP000472.1
LPP-AS1	NPPC
LPP-AS1	AC093495.1
LPP-AS1	AC008592.4
LPP-AS1	TFR2
LPP-AS1	AL133415.1
LPP-AS1	GPX2
P3H2	P3H2-AS1
CLDN16	ALDH1A2
OSTN-AS1	AL359881.1
OSTN-AS1	UBXN10-AS1
OSTN-AS1	FO393415.1
OSTN-AS1	LINC02523
OSTN-AS1	SAAL1
OSTN-AS1	RAB38
FGF12	ICA1
FGF12	FRRS1L
FGF12	SYT16
FGF12	CXADR
ATP13A4	ZNF436
ATP13A4	AGO1
ATP13A4	PDE4DIP
ATP13A4	TAGLN2
ATP13A4	ILDR2
ATP13A4	SLC9C2
ATP13A4	PLXNA2
ATP13A4	TGFBR2
ATP13A4	MYD88
ATP13A4	ATP13A5
ATP13A4	SNHG18
ATP13A4	PDLIM4
ATP13A4	GABRE
ATP13A4	DOCK5
ATP13A4	FABP5
ATP13A4	NTRK2
ATP13A4	PTCH1
ATP13A4	ARRB1
ATP13A4	ERCC6
ATP13A4	ACACB
ATP13A4	FLT3
ATP13A4	TRPV3
ATP13A4	TNFAIP1
ATP13A4	ARHGAP23
ATP13A4	WFDC2
ATP13A4	SULF2
ATP13A4	GRK3
ATP13A4	XBP1
ATP13A4	CDC42EP1
LINC02026	MAP10
LINC02026	IL17RE
LINC02026	HHLA2
LINC02026	FAM71F1
LINC02026	AC124798.1
LINC02026	TUBB8
LINC02026	AC027237.3
LINC02026	LINC02074
LINC02026	C20orf204
AC080129.2	AL442647.1
AC080129.2	AC137834.1
LINC00887	ELFN1
LINC00887	DONSON
TMEM44-AS1	AC034102.5
AC233280.1	AC110285.6
LINC01983	HSPA1L
LINC01983	AL354710.2
LINC01983	AC007292.3
AC124944.1	ZBTB20-AS4
AC124944.1	PIWIL1
AC124944.1	AC139100.1
TM4SF19-AS1	AC092720.1
TM4SF19-AS1	AP001029.1
UBXN7-AS1	TMEM183A
UBXN7-AS1	AC021439.1
UBXN7-AS1	ZNF77
AC117490.2	LINC02478
NCBP2-AS2	AC034236.2
DLG1-AS1	CCDC97
BDH1	FAM167A
BDH1	DDX55
RPL35A	UQCRH
RPL35A	RPL34
RPL35A	COX7C
RPL35A	POMP
RPL35A	NOP10
RPL35A	UQCR10
AC092574.2	TBP
AC092574.2	MLX
AC139887.2	DFFA
AC139887.2	LINC01023
AC139887.2	LDLRAD3
AC139887.2	CLDN10-AS1
AC139887.2	AC087294.1
AC139887.2	RTF2
AC139887.2	PEPD
FGFRL1	SLC38A3
FGFRL1	B4GALNT4
FGFRL1	TMEM132A
FGFRL1	FAM234B
RNF212	AC092535.3
TMEM129	WDR24
FGFR3	PAQR7
FGFR3	FAAH
FGFR3	PAQR6
FGFR3	SRGAP2
FGFR3	SNORC
FGFR3	GPC1
FGFR3	TRIM41
FGFR3	LFNG
FGFR3	CHST1
FGFR3	DNAJC4
FGFR3	RUNDC3A
FGFR3	SLC25A10
FGFR3	NPEPL1
FGFR3	AIFM3
C4orf48	CEP57L1
C4orf48	ALG11
NAT8L	TMEM201
NAT8L	NBL1
NAT8L	ELOVL1
NAT8L	AMIGO1
NAT8L	CHST10
NAT8L	INHBB
NAT8L	GPC1
NAT8L	RNPEPL1
NAT8L	C3orf18
NAT8L	PCBP4
NAT8L	FGFRL1
NAT8L	C7orf43
NAT8L	NRXN2
NAT8L	PI4K2A
NAT8L	CCDC9B
NAT8L	FURIN
NAT8L	RNF112
NAT8L	SNPH
NAT8L	MBD3
NAT8L	XAB2
NAT8L	SLC7A10
NAT8L	LMF2
NAT8L	ARSA
ZFYVE28	ZDHHC18
ZFYVE28	PLK3
ZFYVE28	EPAS1
ZFYVE28	AC017083.1
ZFYVE28	TIPARP
ZFYVE28	LOXL2
ZFYVE28	LINC01503
ZFYVE28	MLXIP
ZFYVE28	ATP11A
ZFYVE28	ELMSAN1
ZFYVE28	SEPT9
ZFYVE28	MGAT3
AL158068.2	DEDD
SH3BP2	RAMP2-AS1
HGFAC	AC138035.2
HGFAC	ARMC12
HGFAC	FAM129C
LRPAP1	RSL1D1
ADRA2C	PRRT4
ADRA2C	MAGIX
ADRA2C	TRAPPC5
ADRA2C	RAB8A
OTOP1	AC114550.3
EVC2	EDN1
EVC2	RABGEF1
EVC2	RPH3AL
EVC2	AC005899.1
EVC2	TMEM147-AS1
EVC	FYCO1
JAKMIP1	DAAM2
JAKMIP1	FAM102A
JAKMIP1	PPM1H
JAKMIP1	AC005225.2
JAKMIP1	CPEB1
JAKMIP1	KCNJ14
WFS1	PHF13
WFS1	FAM131C
WFS1	AMPD2
WFS1	SEC61A1
WFS1	NAT8L
WFS1	FZD9
WFS1	FZD8
WFS1	SLC6A12
WFS1	HSPA2
WFS1	NAT14
WFS1	FOXRED2
MRFAP1	EIF1B
MRFAP1	ATP6V1G1
MRFAP1	AP2S1
ABLIM2	ZNF738
CLNK	PREP
CLNK	CHRNB4
HS3ST1	CEP41
LINC01182	AC092546.1
LINC00504	LINC01524
CPEB2	IGFN1
CPEB2	AC131097.3
CPEB2	ZCCHC4
CPEB2	EBP
CPEB2	LRCH2
CPEB2	PNMA6A
CPEB2	VPS37A
CPEB2	ZBTB10
CPEB2	AC004466.1
CPEB2	AC079174.2
CPEB2	CENPJ
CPEB2	TEP1
CPEB2	CCDC78
CPEB2	ZNF761
AC098829.1	TBXAS1
CD38	PROSER2-AS1
PROM1	TDO2
PROM1	GAL3ST1
LDB2	SGCZ
LDB2	SH3GL2
LINC02438	AL590822.1
LINC02438	AL033527.5
LINC02438	LINC01633
LINC02438	LINC02004
LINC02438	LINC02265
LINC02438	LINC02428
LINC02438	MAD2L1
LINC02438	SEMA6A-AS2
LINC02438	WNT8A
LINC02438	RPP40
LINC02438	ATP6V0D2
LINC02438	AC090921.1
LINC02438	AL354707.1
LINC02438	CPN1
LINC02438	AL139023.1
LINC02438	CLUL1
LINC02438	EXOC3L2
KCNIP4	OLFM3
KCNIP4	RYR2
KCNIP4	MYT1L
KCNIP4	LINC01122
KCNIP4	SCN3A
KCNIP4	ZNF385B
KCNIP4	FGF12
KCNIP4	CDH18
KCNIP4	KCNQ5
KCNIP4	HECW1
KCNIP4	GALNT17
KCNIP4	RUNDC3B
KCNIP4	CNTNAP2
KCNIP4	CSMD1
KCNIP4	SNTG1
KCNIP4	KCNB2
KCNIP4	RALYL
KCNIP4	NIPAL2
KCNIP4	RIMS2
KCNIP4	LINGO2
KCNIP4	SLC22A10
KCNIP4	OPCML
KCNIP4	PTPRR
KCNIP4	KCNC2
KCNIP4	SRRM4
KCNIP4	MEG8
KCNIP4	GRIN2A
KCNIP4	NETO2
KCNIP4	CA10
KCNIP4	CBLN2
PPARGC1A	POU3F2
LGI2	FUOM
SEL1L3	EPHB2
SEL1L3	DOK5
LINC02484	MYOCOS
AC093689.1	AC016598.1
AC093689.1	OTOG
AC104078.2	AC034102.3
RELL1	C4orf19
LINC02513	AC099754.1
LINC02513	AC113349.2
LINC02513	AL158835.1
TLR1	LINC01268
TLR1	ZXDA
TLR1	AC008915.2
TLR1	CSTF1
TMEM156	EPCAM
KLB	MFAP5
AC108471.2	RARA
RHOH	NIT2
RHOH	LINC00574
RHOH	C9orf106
RHOH	SMARCE1
RHOH	ZSWIM3
UCHL1-AS1	AF186192.1
UCHL1-AS1	ZNF671
UCHL1	TAGLN3
UCHL1	SLC7A14
UCHL1	NRIP3
UCHL1	SNAP25
UCHL1	TTC9B
UCHL1	MPPED1
AC024022.1	LINC02068
AC024022.1	AC100791.3
AC024022.1	AC090772.1
ATP8A1	LYN
ATP8A1	TBC1D4
ATP8A1	HS3ST3A1
AC095060.1	CPT2
AC095060.1	ECT2L
AC107068.2	KCNMA1-AS1
TEC	POLQ
SLC10A4	ASPM
SLC10A4	NHLRC1
SLC10A4	AC069133.1
AC104066.2	BCL2L15
AC104066.2	AC010967.1
AC104066.2	NDUFA4L2
AC104066.2	AC007639.1
AC104066.2	ARHGAP40
ERVMER34-1	AL353708.1
ERVMER34-1	RGPD4
RASL11B	SLC8A1-AS1
RASL11B	HTR5A
PDCL2	HMCN1
PDCL2	ADAM28
PDCL2	FAM78A
PDCL2	ARHGAP9
PDCL2	AC040173.1
PDCL2	AC012322.1
PDCL2	GSG1L2
PDCL2	FP475955.1
NMU	CENPS-CORT
NMU	AC013402.1
NMU	TCTE1
NMU	AL606516.1
NMU	MRC1
NMU	LINC00867
NMU	AC092720.1
NMU	COL1A1
NMU	DLL3
KIAA1211	ANTXR1
KIAA1211	CACNA2D3
HOPX	SLC41A3
HOPX	ZSCAN31
HOPX	C12orf4
HOPX	KCNE2
IGFBP7-AS1	ZNF185
AC093725.2	KCNJ5
AC093725.2	AL356580.1
AC017091.1	AC104506.1
AC020741.1	BX284668.6
AC020741.1	NCDN
AC020741.1	UBE2T
AC020741.1	AC016687.3
AC020741.1	ACSL5
TECRL	LINC00115
TECRL	CDA
TECRL	AC022382.1
TECRL	AC079943.2
TECRL	SMCO1
TECRL	AC110792.3
TECRL	STAP1
TECRL	ADAM29
TECRL	GJB7
TECRL	FILNC1
TECRL	AC022784.7
TECRL	AC026333.3
TECRL	AC006146.1
TECRL	AC009086.2
TECRL	LINC01992
TECRL	AC110285.5
TECRL	MIR3976HG
TECRL	LINC01730
TECRL	AC007192.1
TECRL	AC002985.1
TECRL	AD000090.1
TECRL	NLRP12
AC104806.2	AL589666.1
STAP1	ERICD
GNRHR	PDC
GNRHR	AC079117.1
GNRHR	ITPRIPL1
GNRHR	TMEM213
GNRHR	RRS1
GNRHR	OMD
GNRHR	AL133284.1
GNRHR	AC022400.1
GNRHR	AL138921.1
GNRHR	AL139120.1
GNRHR	AC008083.2
GNRHR	ADAM21
GNRHR	AC136624.2
GNRHR	AC011471.2
TMPRSS11D	TMPRSS11A
UGT2B7	AL139120.1
ENAM	AL645940.1
ENAM	AF111167.2
AC009570.1	RAD21L1
MOB1B	CPEB1-AS1
SLC4A4	CCDC74B
SLC4A4	MSANTD4
SLC4A4	CES3
SLC4A4	SLC47A2
SLC4A4	CAVIN1
GC	LINC00853
GC	AL356441.1
GC	AC073263.1
GC	SPINK9
GC	AP001033.1
ALB	LINC01562
CXCL3	CXCL2
CXCL3	TSKU
AC093677.2	HHATL-AS1
AC093677.2	STK24-AS1
AC093677.2	AL132800.1
AC093677.2	VPS33B-DT
AC093677.2	AC138304.1
AC093677.2	CARD8-AS1
EPGN	AL354872.2
EPGN	AC018635.2
EPGN	TIGD3
EPGN	AC007610.1
EPGN	KCNG2
AC096759.1	GPR153
AC096759.1	AC004012.1
AC096759.1	FAM209A
AC096759.2	AC093901.1
AC096759.2	MDFIC2
AC096759.2	SNAI3-AS1
AC096759.2	L34079.1
FAM47E	C19orf38
SEPT11	ANKRD29
AC092674.1	AC092979.1
AC092674.1	AL356961.1
AC092674.1	ZNF560
AC092674.1	AP000221.1
LINC01088	STK32A
LINC01088	ARHGAP18
LINC00989	AP001781.1
LINC00989	CCNA1
ANTXR2	KIAA1324L
FGF5	SLC10A4
FGF5	AC079380.1
FGF5	PYM1
FGF5	NID2
FGF5	CNN2
FGF5	SEC14L3
PRKG2	AC004922.1
AC139722.1	AC114956.2
AC139722.1	AC073655.2
AC139722.1	HP
AC139722.1	ATP2A3
RASGEF1B	FAM177B
RASGEF1B	LINC01609
RASGEF1B	TRMT1
RASGEF1B	EHD2
RASGEF1B	LINC00266-4P
TMEM150C	IVNS1ABP
TMEM150C	COLCA2
CDS1	ARHGEF16
CDS1	ME1
WDFY3-AS1	AC066613.2
ARHGAP24	MCF2L2
ARHGAP24	AC022639.1
ARHGAP24	SYT9
ARHGAP24	AP002991.1
ARHGAP24	PLCB1
AC104827.1	AL499616.1
AC104827.1	AL139142.1
AC104827.1	RAPH1
AC104827.1	LRTM1
AC104827.1	AC106744.1
AC104827.1	AC018752.1
AC104827.1	JAKMIP2-AS1
AC104827.1	GPANK1
AC104827.1	EHMT2-AS1
AC104827.1	AC068533.3
AC104827.1	GK-AS1
AC104827.1	AL807761.4
AC104827.1	AL121820.2
AC104827.1	MARVELD3
AC104827.1	AC133919.2
C4orf36	SLC10A6
AC093827.5	C4orf36
AFF1	ZNF704
AFF1	CDYL2
AC112250.2	AL136304.1
AC112250.2	AL357507.1
AC112250.2	MTFR2
AC112250.2	USP50
MEPE	GPR27
HERC6	IFI6
HERC6	NRIR
AC098582.1	LDLRAP1
AC098582.1	ABRAXAS1
AC098582.1	LINC00240
AC098582.1	AC005154.5
AC098582.1	AC090579.1
AC098582.1	SYNPO2L
AC098582.1	RRP12
AC098582.1	USP3-AS1
AC098582.1	ERI2
AC097478.1	SLC45A2
AC097478.1	TBC1D7
CCSER1	WIPF3
GRID2	GALNT13
HPGDS	AL357078.3
AC083902.1	ARHGAP30
AC083902.1	SLC26A9
AC083902.1	SGPP2
AC083902.1	BFSP2
AC083902.1	AC114939.1
AC083902.1	AC011773.3
AC083902.1	TEX53
AC083902.1	LDHAL6A
AC083902.1	ZDHHC5
AC083902.1	AP001458.2
AC083902.1	UCP2
AC083902.1	AP000722.1
AC083902.1	ITIH2
AC083902.1	AL590787.1
AC083902.1	PROX2
AC083902.1	AC015574.1
AC083902.1	LINC02133
AC083902.1	OR3A3
AC083902.1	DLGAP1-AS3
AC083902.1	AC100778.3
AC083902.1	AC020908.1
H2AFZ	TCEAL1
SLC9B1	LINC02196
AC004052.1	LINC01594
AC004052.1	SMN2
RPL34	AP5B1
ETNPPL	FHDC1
ETNPPL	AC087623.4
COL25A1	CLRN1-AS1
SEC24B-AS1	Z97353.2
MCUB	TPD52
AC126283.1	AC087623.3
ALPK1	GALNT15
ALPK1	ADAMTS12
ALPK1	PDE1C
ALPK1	ARRDC4
AC106864.1	USP12-AS1
AC093879.1	AL078459.1
AC093879.1	ZBTB20-AS1
AC093879.1	P2RY12
AC093879.1	AC097537.1
AC093879.1	RPA3
AC093879.1	AL390774.2
AC093879.1	AC026894.1
AC093879.1	AC100763.1
AC093879.1	EML3
AC093879.1	AP000787.1
AC093879.1	AP003025.1
AC093879.1	CELF2-AS2
AC093879.1	C12orf56
AC093879.1	GLIPR1L1
AC093879.1	PCDH9-AS4
AC093879.1	AC009554.1
AC093879.1	EPN2-AS1
AC093879.1	AP001172.1
NDST4	GJC2
NDST4	VIPR1
NDST4	GPR85
NDST4	C9orf64
NDST4	USP12-AS2
NDST4	AC124283.1
NDST4	TULP2
SNHG8	MUSK
PRSS12	LINC01202
SYNPO2	CCDC85A
SYNPO2	KCNJ3
SYNPO2	TTN
SYNPO2	ABI3BP
SYNPO2	LINC01088
SYNPO2	PRR16
SYNPO2	FAM196B
SYNPO2	SGK1
SYNPO2	ARHGAP6
SYNPO2	RGR
SYNPO2	TMCC3
SYNPO2	GPC6
SYNPO2	LINC00609
SYNPO2	ADAMTSL3
SYNPO2	SLCO3A1
SYNPO2	PLCB4
AC108866.1	GRHL1
AC108866.1	AC007966.1
AC108866.1	AC115622.1
AC108866.1	AADAT
AC108866.1	LIX1-AS1
AC108866.1	E2F3
AC108866.1	LINC01277
AC108866.1	EPM2A
AC108866.1	COL28A1
AC108866.1	AC079760.1
AC108866.1	MTERF1
AC108866.1	INTS6L
AC108866.1	GDAP1
AC108866.1	MIR2052HG
AC108866.1	HNF4G
AC108866.1	PKN3
AC108866.1	GAS2
AC108866.1	LPXN
AC108866.1	DDX25
AC108866.1	PDZD7
AC108866.1	SLCO1C1
AC108866.1	STAT6
AC108866.1	AC048341.1
AC108866.1	AL357153.2
AC108866.1	DIO2
AC108866.1	UNC79
AC108866.1	AC005899.7
AC108866.1	PLCG1-AS1
FGF2	RGL1
FGF2	ZNRF2
AC021205.3	MLANA
HSPA4L	C12orf75
HSPA4L	SIX4
HSPA4L	ABHD3
AC108062.1	TNFSF4
AC108062.1	AC092910.3
AC108062.1	LMO7
AC115622.1	AL365255.1
AC115622.1	MARC2
AC115622.1	AC110751.1
AC115622.1	AC087855.2
PCDH10	MEX3C
AC079380.1	TTC6
LINC00499	LINC00500
AC109927.1	KIF26B
MGARP	DCAF4L1
SCOC	MAT2B
SCOC	VMA21
SCOC	LIN7C
RNF150	DGKG
AC104596.1	AC108471.2
AC104596.1	TTC23L
AC104596.1	CCDC112
AC104596.1	AL356599.1
AC104596.1	AC011290.1
AC104596.1	TMEM120A
AC104596.1	CNGA4
AC104596.1	AP000446.1
AC104596.1	AP001528.1
AC104596.1	CASC2
AC104596.1	SHMT2
AC104596.1	TEX9
AC104596.1	CACNA1H
AC104596.1	ARID3A
AC104596.1	EFNA2
AC104596.1	INPP5J
AC104596.1	C22orf46
USP38	DYRK2
AC097658.2	AL139352.1
GAB1	RNF144A
GAB1	PRICKLE2
GAB1	CPEB2
GAB1	TBC1D1
GAB1	N4BP2
GAB1	RNF217
GAB1	C9orf116
GAB1	FAM124A
GAB1	PLEKHD1
HHIP	SRC
AC109811.1	LRRC53
AC109811.1	TEX48
AC109811.1	AC016705.1
AC109811.1	MEX3B
AC109811.1	LINC00235
AC109811.1	AC009034.1
AC109811.1	AC022211.2
AC109811.1	SLC5A4
LINC02266	CSF2RB
SMAD1	PALLD
SMAD1	CNTNAP3
SMAD1	AC018557.1
LINC02507	AC060809.1
LINC02507	SLFN12L
ARHGAP10	SRGAP2B
AC108156.1	AC099791.3
AC108156.1	TMPRSS11A
AC108156.1	AC022540.1
AC108156.1	KCNMA1-AS3
AC108156.1	AC022087.1
AC108156.1	ITFG1-AS1
LINC02355	AL137067.1
PRSS48	PRICKLE2-AS3
PRSS48	OLFML1
FHDC1	AC015845.2
SFRP2	SPHK1
CTSO	TIMM44
FAM198B	FAM198B-AS1
FAM198B	TMEM144
TMEM144	FAM198B-AS1
LINC02477	AL928921.2
LINC02477	PIM2
LINC02477	FOXB1
TRIM60	AHSG
TRIM60	KLHL31
MSMO1	DHCR24
MSMO1	HMGCR
MSMO1	NSDHL
MSMO1	SQLE
MSMO1	SC5D
MSMO1	MMAB
AC097487.1	PCDHB3
AC097487.1	TRIM35
SPOCK3	TTLL7
SPOCK3	NOS1AP
SPOCK3	PLD1
SPOCK3	MARCH1
SPOCK3	ARHGEF28
SPOCK3	LINC02552
SPOCK3	LINC00639
PALLD	GCLM
PALLD	DYRK3
PALLD	ADAM23
PALLD	GORASP1
PALLD	DDO
PALLD	COBL
PALLD	ADAM9
PALLD	WHRN
PALLD	TRAF6
PALLD	AC007619.1
PALLD	DHRS4-AS1
PALLD	NEDD4
PALLD	KIF22
PALLD	ACSS2
MFAP3L	CDC42SE1
MFAP3L	PPP1R1B
MFAP3L	TRIM25
GALNTL6	AC008591.1
GALNTL6	KCNH5
HAND2-AS1	PRPF38A
HAND2-AS1	LINC00276
HAND2-AS1	LINC02267
HAND2-AS1	AC006480.2
LINC02268	COL4A4
LINC02268	AC025171.2
LINC02268	ITIH6
LINC02268	AC004943.1
LINC02268	PRCD
LINC02268	GACAT2
LINC02268	CCDC178
LINC02268	AC004556.1
AC097537.1	AL020996.1
ASB5	SRL
AC097518.1	AC010099.4
AC027627.1	CDCA8
AC027627.1	C1orf74
AC027627.1	LINC01818
AC027627.1	DAPL1
AC027627.1	DRD3
AC027627.1	AC121154.1
AC027627.1	LINC00290
AC027627.1	AC008572.1
AC027627.1	CPA2
AC027627.1	AL683807.1
AC027627.1	Z68871.1
AC027627.1	OPRK1
AC027627.1	AL136982.2
AC027627.1	SKA3
AC027627.1	AC084855.2
AC027627.1	LINC01478
AC027627.1	LPAR2
AC027627.1	AC007663.3
AC078881.1	AC097515.1
AC078881.1	AL049875.1
AC078881.1	DLGAP4-AS1
AC078881.1	HDHD5-AS1
LINC01098	LINC01099
LINC00290	SH3D21
LINC00290	ENAM
LINC00290	LINC00243
LINC00290	TFEC
LINC00290	AC069120.1
LINC00290	AL133353.1
LINC00290	DNM1P35
LINC00290	CERS3-AS1
LINC00290	AL031714.1
LINC00290	TSKS
AC079226.2	AL512306.3
LINC02363	AC092287.1
LINC02427	MCEE
LINC02427	FBXO4
LINC02427	COMTD1
LINC02427	FAM227B
LINC02365	AC087269.1
CENPU	LRTM2
MIR3945HG	AC012073.1
MIR3945HG	AC013403.2
MIR3945HG	C10orf142
PDLIM3	PLEKHH2
PDLIM3	PRTG
TLR3	AC010547.1
KLKB1	CAPG
F11	AL359922.1
F11-AS1	IKBKE
F11-AS1	AMIGO2
LINC02492	AC006042.2
LINC02492	P2RY8
LINC02492	LINC02176
LINC02492	CA5A
LINC02492	SLC52A1
PLEKHG4B	ANKDD1B
MRPL36	AL024508.2
MRPL36	THTPA
C5orf38	AC019068.1
C5orf38	LINC00992
C5orf38	ZBED8
C5orf38	CDKN2A
C5orf38	PBX3
LINC01018	AC092794.2
LINC02236	IKZF1
LINC02236	AL391704.2
AC012640.1	AC097532.2
AC012640.1	IFIH1
AC012640.1	HSPE1
AC012640.1	ITPR1-DT
AC012640.1	PNPLA1
AC012640.1	CKS2
AC012640.1	CCDC168
LINC01194	UCHL5
LINC01194	AC093895.1
LINC02220	LRRC56
LINC02220	SERPINB7
TRIO	PTP4A2
TRIO	ARHGEF11
TRIO	PPP1CB
TRIO	AMMECR1L
TRIO	MGAT5
TRIO	RND3
TRIO	ACVR1
TRIO	IQGAP2
TRIO	HIVEP2
TRIO	SND1
TRIO	GLIS3
TRIO	TTC39B
TRIO	RRAS2
TRIO	CD59
TRIO	PKNOX2
TRIO	ITGB1-DT
TRIO	C14orf28
TRIO	ABCD4
TRIO	PTPN9
TRIO	IGF1R
TRIO	SNX11
TRIO	ZNF253
TRIO	ZNF808
TRIO	ZNF460
OTULINL	TEKT5
RETREG1	CP
RETREG1	LINC00500
RETREG1	AC097658.2
RETREG1	PARP8
RETREG1	MARCH3
RETREG1	DPYSL3
RETREG1	GALNT10
RETREG1	AGPAT4
RETREG1	IGSF9B
RETREG1	STAMBPL1
RETREG1	PCED1B
RETREG1	LINC00621
RETREG1	FRY
RETREG1	SYNE2
RETREG1	ANXA2
AC022113.1	GPD1
AC022113.1	AC138150.2
AC022113.1	AL161937.2
BASP1	RGS4
BASP1	C1orf115
BASP1	GAP43
BASP1	SNX10
BASP1	TMEM130
BASP1	VGF
BASP1	CLEC2L
BASP1	SLITRK4
BASP1	NEFL
BASP1	DIRAS2
BASP1	THY1
BASP1	GAD2
BASP1	SYT5
CDH18	CNR1
CDH18	DGKI
AC091946.1	RRP15
CDH12	TRPC5
CDH12	LINC02055
CDH12	PTPRO
CDH10	MTSS1
CDH10	LMO3
CDH10	FREM2
AC091885.2	EXOSC8
LINC02211	PRKAR2A-AS1
LINC02211	TPTE
CDH6	MEIS3
PDZD2	SLC2A4
AMACR	AL590235.2
AC026801.2	LINC01852
SPEF2	SPATA17
SPEF2	RFC3
CAPSL	FPGT-TNNI3K
CAPSL	CFAP126
CAPSL	AGTR1
CAPSL	LINC00989
CAPSL	AC010425.1
CAPSL	AL513548.3
CAPSL	TMEM71
CAPSL	OIT3
CAPSL	TGFB1I1
CAPSL	AC092368.3
CAPSL	MILR1
CAPSL	CTDP1
CAPSL	AC004597.1
CAPSL	AL109761.1
CAPSL	LINC01426
RANBP3L	POGK
RANBP3L	TAGLN
RANBP3L	SLCO4A1
RANBP3L	ZNF69
AC008957.2	GNG12-AS1
AC008957.2	PTPN7
AC008957.2	WDR64
AC008957.2	AC012370.2
AC008957.2	EAF1
AC008957.2	RBP2
AC008957.2	AC092574.2
AC008957.2	C1QTNF7
AC008957.2	C5orf34
AC008957.2	AC008883.1
AC008957.2	STARD4-AS1
AC008957.2	MICA
AC008957.2	SPDYE5
AC008957.2	AC079760.2
AC008957.2	SCML1
AC008957.2	AC105206.2
AC008957.2	AC107375.1
AC008957.2	AC138696.1
AC008957.2	KIFC2
AC008957.2	AL353626.1
AC008957.2	AHNAK
AC008957.2	CLMP
AC008957.2	ACSM6
AC008957.2	AC008115.2
AC008957.2	AC024145.1
AC008957.2	TSFM
AC008957.2	CLIP1-AS1
AC008957.2	POLE
AC008957.2	AL359706.1
AC008957.2	LINC02250
AC008957.2	OIP5
AC008957.2	SLC28A2
AC008957.2	AC009120.4
AC008957.2	AC005899.8
AC008957.2	AC104365.1
AC008957.2	STK11
AC008957.2	AC119396.1
AC008957.2	ZNF565
AC008957.2	LMTK3
AC008957.2	AC011476.3
AC008957.2	DUSP18
AC008957.2	Z82217.1
AC008957.1	AP001790.1
AC008957.1	AC009779.2
AC008957.1	CCDC47
AC008957.1	AC009716.1
AC008957.1	Z82190.2
AC008957.1	AP000688.2
GDNF-AS1	PSCA
LIFR-AS1	LINC02362
AC010425.1	APOB
AC010425.1	AC090572.3
OSMR-AS1	EDEM2
OSMR	PARP9
OSMR	DTX3L
OSMR	OSMR-AS1
OSMR	FAM20C
OSMR	TPST1
OSMR	HILPDA
OSMR	METTL2B
OSMR	IL13RA1
OSMR	ARHGAP39
OSMR	RALGDS
OSMR	C1RL
OSMR	ABCC9
OSMR	AC007923.4
OSMR	SOCS3
OSMR	A4GALT
DAB2	TNFRSF1B
DAB2	COL8A2
DAB2	MIR4422HG
DAB2	WARS2-IT1
DAB2	C1orf226
DAB2	AC009242.1
DAB2	CCDC148-AS1
DAB2	AC053503.2
DAB2	ST3GAL6-AS1
DAB2	TLR1
DAB2	CARD6
DAB2	PCDHA1
DAB2	ZNF300
DAB2	AC113346.2
DAB2	U91328.1
DAB2	AL031777.3
DAB2	GRM4
DAB2	AL033504.1
DAB2	KIF25
DAB2	RELN
DAB2	GIMAP2
DAB2	Z96074.1
DAB2	AC090809.1
DAB2	PTPRD-AS1
DAB2	AFAP1L2
DAB2	SMAGP
DAB2	AC046168.2
DAB2	AC040977.2
DAB2	WNT9B
DAB2	AC002546.1
DAB2	AC103949.1
DAB2	AL354824.1
DAB2	SHISA8
LINC00603	C4orf33
LINC00603	LINC01908
PLCXD3	KIT
SELENOP	AL161772.1
SELENOP	OPA3
AC025171.3	AC018467.1
AC025171.3	AC104078.2
AC025171.3	AL356489.2
AC025171.3	DDIAS
AC025171.3	AP001783.1
AC025171.3	AL591684.1
AC025171.3	AC243967.1
HMGCS1	FDPS
HMGCS1	MSMO1
HMGCS1	ACAT2
HMGCS1	INSIG1
HMGCS1	IDI1
HMGCS1	LDLR
C5orf34	SRCAP
AC122694.1	HEPHL1
AC122694.1	AL359237.1
AC122694.1	LINC00687
EMB	RBM24
EMB	AL445623.2
ITGA2	COL4A6
ESM1	AC245033.2
DDX4	MYOM3
DDX4	CASP10
AC008937.2	AC239803.1
AC008780.2	F12
AC008780.2	CD24
AC008780.2	AKAP5
AC008780.2	TOX3
AC008780.2	CA7
AC008780.2	ADCYAP1
AC008780.2	KCNK6
AC008780.2	OGFRP1
AC008780.2	MRAP
AC092343.1	MEIOC
DEPDC1B	AC005046.1
DEPDC1B	PTHLH
DEPDC1B	LINC01234
AC026746.1	PLXNB3
AC026746.1	AC138474.1
AC026746.1	AP001627.1
ERBIN	CA14
ERBIN	CD109
ERBIN	ARHGAP39
ERBIN	MOB3B
CD180	PRKCD
AC010280.2	NPFFR2
AC010280.2	AP003469.2
AC010280.2	AL355432.1
AC010280.2	AL121594.1
AC010280.2	GOLGA8K
AC010280.2	SENP3
LINC02198	AC093523.1
LINC02198	AC010273.2
AC010273.2	MBOAT1
AC010273.2	LINC00908
AC145146.1	KLHL41
AC145146.1	AL590399.3
AC145146.1	LINC01273
AC145146.1	PHETA2
SERF1A	ITGB6
GTF2H2	GTF2H2C
LINC02197	AC019197.1
MAP1B	KIF5C
MAP1B	AC103736.1
MAP1B	PGM2L1
LINC02056	AC063979.2
LINC02056	ZNF525
AC099522.2	AL035563.1
AC099522.2	AP000350.5
LINC01331	AL031985.4
LINC01331	ETNK2
LINC01331	LBH
LINC01331	AC008780.2
LINC01331	TRIM7
LINC01331	OCM
LINC01331	RSPH10B2
LINC01331	PAX5
LINC01331	TRPV2
LINC01331	LINC02080
LINC01331	PARVG
ENC1	CAMK1G
ENC1	CREG2
ENC1	LY6H
ENC1	NRGN
ENC1	GRIN2B
ENC1	CHGA
ENC1	TM6SF1
ENC1	ICAM5
ENC1	ETS2
ANKRD31	AL157834.1
SV2C	AC087164.1
IQGAP2	ZNF114
LHFPL2	AC087239.1
AC008496.2	AL139317.1
LINC01337	ASIC4
LINC01337	AC010255.3
DHFR	NRAS
DHFR	MTRNR2L8
AC026726.1	AC007383.2
RPS23	TOMM7
ATP6AP1L	AC007566.1
VCAN	ROR2
VCAN	ATP9A
EDIL3	UGT8
EDIL3	PLP1
EDIL3	ENPP2
EDIL3	PALM2-AKAP2
EDIL3	SPNS2
EDIL3	BCAS1
COX7C	PRDX1
COX7C	COPS9
COX7C	UQCRQ
COX7C	HIST1H1C
COX7C	UQCRB
COX7C	AL138686.1
COX7C	COMMD6
COX7C	SNHG10
COX7C	ZNF500
COX7C	ATP5PD
COX7C	AC067969.1
COX7C	ATP5PF
LINC02060	SPATA1
LINC02060	HNRNPAB
LINC02060	AL353626.1
LINC02060	NANOG
AC091826.2	MAEL
AC091826.2	AC007402.1
AC091826.2	AL845331.2
AC091826.2	ANKRD30BL
AC091826.2	AC125613.1
AC091826.2	LINC02060
AC091826.2	AL022068.1
AC091826.2	AC245187.2
AC091826.2	EIF4EBP1
AC091826.2	AL359710.1
AC091826.2	PAMR1
AC091826.2	CC2D2B
AC091826.2	AC087241.1
AC091826.2	OTOGL
AC091826.2	C12orf42
AC091826.2	AL158058.1
AC091826.2	CFAP161
AC091826.2	ZNF710-AS1
AC091826.2	COLGALT1
AC091826.2	SMTN
AC008525.1	AC080129.2
MEF2C-AS1	VPS72
MEF2C-AS1	AL596220.1
MEF2C-AS1	AC020594.1
MEF2C-AS1	UBA6-AS1
MEF2C-AS1	AC019131.1
MEF2C-AS1	FAM173B
MEF2C-AS1	LINC01950
MEF2C-AS1	PRDM6
MEF2C-AS1	Z84485.1
MEF2C-AS1	MGAM
MEF2C-AS1	TBC1D31
MEF2C-AS1	POLD3
MEF2C-AS1	Z98752.3
MEF2C-AS1	ZNF557
MEF2C-AS1	TM6SF2
ADGRV1	GULP1
ADGRV1	FBN2
ADGRV1	FOXG1-AS1
ADGRV1	IL27RA
ARRDC3	HMGN2
ARRDC3	COL9A2
ARRDC3	ODC1
ARRDC3	INPP5D
ARRDC3	PTP4A1
ARRDC3	A2ML1
ARRDC3	SLC43A2
ARRDC3	AC003102.1
ARRDC3	CASC17
ARRDC3	GPCPD1
AC124854.1	MAP2
AC124854.1	FSTL5
AC026780.2	NECAP2
AC026780.2	TMEM39B
AC026780.2	AL450992.2
AC026780.2	SELL
AC026780.2	TFPI
AC026780.2	CDK15
AC026780.2	BCHE
AC026780.2	OSTN-AS1
AC026780.2	UCHL1-AS1
AC026780.2	COX7B2
AC026780.2	LINC01091
AC026780.2	HCG22
AC026780.2	AL589826.2
AC026780.2	AL158850.1
AC026780.2	GNG11
AC026780.2	TCIRG1
AC026780.2	CASP4
AC026780.2	PRLHR
AC026780.2	AC010201.1
AC026780.2	CBLN3
AC026780.2	AC087457.1
AC026780.2	AC090907.1
AC026780.2	RAMP2
AC026780.2	CACNG4
AC026780.2	CYYR1-AS1
AC026780.2	ADAMTS5
AC012625.1	DRC7
NR2F1	AC016708.1
NR2F1	LINC01338
NR2F1	KCNH2
NR2F1	ZC4H2
NR2F1	HPRT1
NR2F1	AC068888.1
NR2F1	ZIC5
NR2F1	MAF
MCTP1	PLPPR1
MCTP1	TMEM63C
FAM81B	NEXN-AS1
FAM81B	CD53
FAM81B	AC110491.3
FAM81B	AC024022.1
FAM81B	LHFPL5
GLRX	AC022601.1
ELL2	BCAN
ELL2	UAP1
ELL2	KCTD3
ELL2	RAB11FIP5
ELL2	CXCR4
ELL2	SGMS2
ELL2	NOCT
ELL2	LINC01554
ELL2	PAM
ELL2	KCNQ1OT1
ELL2	GAB2
ELL2	HEXIM2
ELL2	ZNF708
AC104123.1	LRAT
CAST	ZBTB14
AC008906.2	AL109659.1
AC008906.2	AC003035.2
AC008906.2	RP1L1
AC008906.2	AP000866.2
AC008906.2	AL353719.1
AC008906.2	AP005203.1
AC008906.2	AC011451.1
AC009126.1	CTPS1
AC009126.1	KLHL3
LIX1-AS1	HECTD3
LIX1-AS1	ATP6AP1L
LIX1-AS1	LINC01340
LIX1-AS1	AL080276.2
LIX1-AS1	SEPT7-AS1
LIX1-AS1	PSMC3IP
LINC02062	NHSL2
LINC02062	AIFM2
LINC02062	AC025034.1
LINC02062	AC092378.1
AC113385.1	AC062029.1
AC113385.1	TTC16
AC113385.1	LINC01516
AC113385.1	AL139384.1
LINC02115	UBE2L5
AC099520.1	AC011447.3
AC099520.1	MRPL39
EFNA5	SYDE2
EFNA5	SH3RF3
EFNA5	RARB
EFNA5	SNX16
EFNA5	IFFO1
AC010275.1	TRIM61
AC010275.1	AC021092.1
AC010261.2	AC239800.3
AC010261.2	LINC01031
AC010261.2	AC110491.2
AC010261.2	AC084866.1
AC010261.2	AL133351.1
AC010261.2	VCX3B
AC010261.2	AL845472.1
AC010261.2	AL354733.2
AC010261.2	AC004803.1
AC010261.2	AC005186.1
AC010261.2	LINC02206
AC010261.2	CR936218.2
AC010261.2	ANKRD62
AC010261.2	AC130469.1
AC010261.2	SLC5A5
KCNN2	P2RX7
KCNN2	FRMD6
FEM1C	SLC12A2
ARL14EPL	AC128685.1
AC018752.1	FP236315.1
SEMA6A	LINC02282
PRR16	NTNG1
PRR16	RBMS1
PRR16	SIDT1
AC010255.1	AC008040.5
AC010255.1	NKX3-1
AC010255.1	AL121821.1
AC119150.1	AC137810.1
AC112196.1	AC019130.1
AC112196.1	MDC1-AS1
AC112196.1	GHRHR
AC112196.1	AC087623.2
AC112196.1	AC068338.3
AC112196.1	PITPNA-AS1
AC112196.1	AC116407.2
LINC02240	DEC1
LINC02240	PDP2
AC093535.1	AL365275.1
AC093535.1	AL358154.1
AC093535.1	ATAD5
TEX43	TMEM52
TEX43	AL390066.1
TEX43	IL5RA
TEX43	AC007370.2
TEX43	AC010230.1
TEX43	AC109454.2
TEX43	LINC01844
TEX43	MYL7
TEX43	AC005070.3
TEX43	AC091736.1
TEX43	WISP1
TEX43	AC092111.3
TEX43	AC008115.1
TEX43	PLCB2
TEX43	CLDN9
TEX43	AC027796.4
TEX43	RAB4B-EGLN2
TEX43	CARD8-AS1
TEX43	AP000302.1
MARCH3	PRRX1
MARCH3	MTHFD2
MARCH3	JADE2
MARCH3	SPTLC3
MEGF10	VAV3
MEGF10	ASTN1
MEGF10	FAM129A
MEGF10	KCNT2
MEGF10	EML6
MEGF10	EPHA4
MEGF10	SLC25A48
MEGF10	GFOD1
MEGF10	RNF182
MEGF10	SEMA3E
MEGF10	COL26A1
MEGF10	AC006148.1
MEGF10	FRMPD1
MEGF10	RORB-AS1
MEGF10	PDE3B
MEGF10	AP002884.3
MEGF10	PDE3A
MEGF10	B3GLCT
MEGF10	SALL3
CTXN3	EGR3
AC068658.1	AC005332.3
HINT1	GLRX2
HINT1	AC027644.3
HINT1	BEX3
HINT1	SEC61B
HINT1	ARPC5L
HINT1	ZNF428
HINT1	SNU13
AC034228.3	AL022069.1
AC034228.3	AC026471.1
P4HA2	EXO5
P4HA2	RWDD2B
P4HA2	BACE2
AC004039.1	AC055733.2
AC004039.1	ENTPD7
CCNI2	AP000845.1
CCNI2	AC008764.2
SOWAHA	OTUD1
UQCRQ	RNF181
UQCRQ	IDH1-AS1
UQCRQ	ATOX1
UQCRQ	COX7A2
UQCRQ	RARRES2
UQCRQ	POLR2L
UBE2B	ANKMY1
UBE2B	AL121956.4
UBE2B	AL354892.1
UBE2B	C10orf143
UBE2B	AC068643.1
UBE2B	SLC25A15
UBE2B	LITAF
AC026691.1	AL357314.1
AC026691.1	AC009962.1
AC026691.1	LINC00381
CXCL14	LAMA2
CXCL14	XAF1
SLC25A48	LRP8
SLC25A48	FAM19A1
SLC25A48	SGCD
SLC25A48	GNAI1
SLC25A48	DAGLA
AC002428.2	AKR7A3
AC002428.2	AC010319.2
AC109439.2	AC009902.3
AC106791.1	AC005609.5
WNT8A	NLRC4
AC142391.1	AC022816.1
AC142391.1	SNAI1
PSD2	KCNA2
PSD2	ATP1A2
PSD2	KCNMB2-AS1
PSD2	SRSF12
PSD2	SSPO
PSD2	GALNS
PSD2	SPACA6
AC008667.2	HRNR
PCDHA1	AC025465.1
PCDHA1	AC239727.1
AC244517.11	AC004112.1
AC244517.12	PLS3-AS1
AC244517.10	PCDHB14
AC008781.2	AC012254.3
FGF1	EFEMP1
FGF1	SAMD9L
FGF1	MDFIC
FGF1	AC005280.2
FGF1	CPPED1
ARHGAP26	AL445426.1
ARHGAP26	RNF150
ARHGAP26	TPD52L1
ARHGAP26	EMX2OS
ARHGAP26	CHST11
ARHGAP26	EEF2K
AC016598.1	ZNF746
AC016598.1	AC090572.3
KCTD16	OPN3
AC132803.1	AL133255.1
PRELID2	AC137770.1
AC091887.1	AP002498.1
AC011396.2	RETSAT
AC011396.2	AL121852.1
AC011396.2	AC025627.1
AC011396.2	NFAM1
AC008728.1	CCNE2
AC008728.1	CNTFR-AS1
AC008728.1	GRTP1-AS1
STK32A	STK32A-AS1
STK32A	LAMA2
STK32A	FGF9
DPYSL3	LYPD6B
DPYSL3	SNED1
DPYSL3	SNTB1
DPYSL3	RASL12
SPINK9	PMF1-BGLAP
SPINK9	C2orf50
SPINK9	AC005013.1
SPINK9	AC022858.1
SPINK9	AC020892.1
AC114939.1	AL590438.1
AC114939.1	PINK1-AS
AC114939.1	AL162724.2
AC114939.1	AL158207.2
AC114939.1	KRTAP5-11
AC114939.1	AC104984.6
PCYOX1L	TRIM45
SLC6A7	EXTL1
CAMK2A	AC109492.1
RPS14	FAM85B
RPS14	ANAPC15
RPS14	THYN1
RPS14	RPL41
RPS14	BCL2L2-PABPN1
FAT2	AC023866.2
FAT2	AC087379.1
FAT2	CREB3L1
FAT2	SPAG6
FAT2	LINC01429
FAT2	SIM2
SPARC	F5
LINC01470	OTX2-AS1
MFAP3	ZNF483
SGCD	KCTD8
SGCD	GPX3
SGCD	CD83
SGCD	LRFN2
SGCD	AC002127.2
SGCD	AC006148.1
SGCD	MIR124-2HG
SGCD	SHC3
SGCD	CCDC175
SGCD	MACROD2
TIMD4	AL445430.1
TIMD4	SLC25A30
MED7	SEMA3F
MED7	AC068506.1
AC010609.1	FERMT1
AC009185.1	ZNF154
THG1L	ZKSCAN4
AC091939.1	ZPBP
AC091939.1	C12orf45
AC091939.1	ZNF550
C1QTNF2	C1QTNF12
C1QTNF2	AC139887.4
GABRB2	SH3BP5
GABRA1	SV2A
GABRG2	PARM1
GABRG2	GPRASP2
AC114321.1	NDC1
AC114321.1	C6orf223
AC091820.2	AL031599.1
AC091820.2	SPINK8
AC091820.2	GLOD5
AC091820.2	AC006450.3
AC008708.2	DLEU7
FBLL1	AL391244.3
LCP2	ZNF343
KCNIP1	MN1
AC027312.1	AC026412.3
FGF18	TBC1D8B
AC022217.3	AC096637.2
AC022217.3	MPP4
AC022217.3	AC026167.1
AC022217.3	EEF1AKMT4-ECE2
AC022217.3	DLG1-AS1
AC022217.3	PPEF2
AC022217.3	AC096577.1
AC022217.3	LINC02220
AC022217.3	SOX30
AC022217.3	AL662791.1
AC022217.3	AC233976.1
AC022217.3	LPL
AC022217.3	DPYS
AC022217.3	TMEM249
AC022217.3	AL391834.2
AC022217.3	AL441992.1
AC022217.3	AL358781.2
AC022217.3	AP000812.1
AC022217.3	AC026765.2
AC022217.3	AC069209.1
AC022217.3	AL137230.1
AC022217.3	RPAP1
AC022217.3	WNK4
AC022217.3	NDC80
AC022217.3	AC091691.2
AC022217.3	SIRPG
AC022217.3	SH2D3A
AC022217.3	IL12RB1
AC022217.3	HIPK4
AC022217.3	IGLL1
DUSP1	KLF4
DUSP1	JUND
LINC01484	KLHL6
LINC01484	POU5F1
LINC01484	SLC1A5
LINC01411	LINC00884
MSX2	LINC01411
AC113346.2	SNHG27
HRH2	MSC-AS1
AC138956.2	AL356580.1
RNF44	FTSJ3
LINC01574	AC124944.1
LINC01574	AC090572.2
RAB24	CHMP7
RAB24	C18orf32
PRELID1	BOLA3-AS1
PRELID1	CCDC85B
PRELID1	FAM32A
PRELID1	USE1
F12	CR381653.1
PRR7	ORAI3
AC139795.3	AC016575.1
TMED9	CYB5R1
TMED9	C6orf47
TMED9	MANEA
TMED9	TIMM22
TMED9	OXLD1
FAM153A	FAM153C
AC136628.4	AL445685.1
AC136628.4	ORC1
AC136628.4	AC246785.3
AC136628.4	PLA2G4A
AC136628.4	LINC01796
AC136628.4	HTT-AS
AC136628.4	AC012625.1
AC136628.4	PDE6A
AC136628.4	AL590652.1
AC136628.4	AC004690.2
AC136628.4	RS1
AC136628.4	AC105999.1
AC136628.4	HNRNPUL2-BSCL2
AC136628.4	ADAMTS20
AC136628.4	AC008147.1
AC136628.4	HAUS4
AC136628.4	LIPC
AC136628.4	AC126773.1
AC136628.4	OGFR-AS1
AC136628.4	NPHS1
AC136628.4	CRX
AC136628.4	TMEM121B
AC136604.2	MTMR14
AC136604.2	AC099753.1
AC136604.2	SMIM19
AC136604.2	GPRC5D-AS1
AC136604.2	DCN
AC136604.2	AC022523.1
AC136604.2	PALB2
AC136604.2	AC016597.1
AC136604.2	NOP53-AS1
AC136604.2	AC004076.2
RASGEF1C	ZNF234
RACK1	ZNF41
TUBB2A	TUBB2B
TUBB2A	TUBB4B
TUBB2A	SCG3
TUBB2A	CTSZ
TUBB2A	CBR1
TUBB2B	AAMP
TUBB2B	AP001816.1
TUBB2B	HDHD3
TUBB2B	TUBA1A
TUBB2B	RAB34
TUBB2B	CCDC40
TUBB2B	ACTG1
PSMG4	WDR34
PSMG4	SIAE
AL590004.4	TCL1B
AL590004.4	DKKL1
PPP1R3G	AL354760.1
LY86-AS1	SLC26A4
BMP6	ISM2
BMP6	CD68
GCNT2	ZNF470
AL024498.2	AC130324.2
AL024498.2	AC005899.5
AL024498.2	AP001029.2
AL024498.2	AF165147.1
MAK	LYG2
MAK	MTRF1L
MAK	AC021351.1
MAK	CTNS
MAK	PROCR
GCM2	AC072039.2
GCM2	AC132803.1
GCM2	AC092326.1
GCM2	AP002449.1
SYCP2L	AC009228.1
SYCP2L	CNTN6
SYCP2L	PHF7
SYCP2L	CD200R1
SYCP2L	AC117386.2
SYCP2L	AC091946.1
SYCP2L	AL024498.2
SYCP2L	MTERF1
SYCP2L	CNPY1
SYCP2L	XKRX
SYCP2L	RFX3-AS1
SYCP2L	TPTE2
SYCP2L	ANKDD1A
SYCP2L	PCTP
SYCP2L	ZNF555
SYCP2L	AC008758.6
AL445430.2	AC022903.1
PHACTR1	TRERF1
PHACTR1	RNFT2
PHACTR1	STXBP6
GFOD1	PHYH
GFOD1	MSI1
GFOD1	TFDP1
GFOD1	LRP5L
NOL7	C2orf49
NOL7	ZNF330
AL023583.1	AC012184.1
RNF182	CYP2U1
RNF182	ABCD2
GMPR	AC009961.1
GMPR	CD109
GMPR	CCDC170
AL022068.1	LINC00886
AL022068.1	AL357052.1
AL022068.1	FAM71F2
E2F3	LINC01137
E2F3	AC009226.1
E2F3	AC110079.2
E2F3	TLR3
E2F3	RFESD
E2F3	PANK1
E2F3	DHRS4L2
E2F3	AC025809.1
AL513188.1	AP4B1-AS1
NRSN1	RASGRF1
KIAA0319	SHROOM2
KIAA0319	NEDD1
AL512428.1	LINC02356
AL512428.1	AP001062.1
SCGN	ABCG8
SCGN	LINC00620
SCGN	AC139722.1
SCGN	AC093772.1
SCGN	ZAN
SCGN	FAM27C
SCGN	SULT2B1
HIST1H2AC	COL12A1
HIST1H2AC	CHD3
HIST1H1E	CCZ1
AL353759.1	HIST2H2BE
AL031777.3	AC091057.6
NKAPL	ZFP62
MOG	NKX6-2
HCG9	POPDC2
HCG9	LPO
RPP21	AL031848.2
RPP21	BATF3
RPP21	AC017076.1
RPP21	AC233266.2
RPP21	AC009478.1
RPP21	AC010149.1
RPP21	ZPLD1
RPP21	UPK1B
RPP21	EIF4E1B
RPP21	AL136307.1
RPP21	ABHD16A
RPP21	RAB44
RPP21	LINC01392
RPP21	AC009365.1
RPP21	RTL8B
RPP21	CLDN23
RPP21	AC068672.2
RPP21	ZNF252P-AS1
RPP21	AP001363.2
RPP21	AC125603.2
RPP21	ADGRD1
RPP21	AL162377.1
RPP21	LRRC74A
RPP21	AC025271.4
RPP21	AC012174.1
RPP21	TUBB3
RPP21	MYHAS
RPP21	AC015813.4
RPP21	FAM210A
RPP21	AZU1
RPP21	ANGPTL8
RPP21	PLVAP
RPP21	LINC01224
RPP21	AC010624.2
RPP21	HSFY2
RPP21	CCDC116
RPP21	AL022322.1
RPP21	AP000146.1
RPP21	AP000254.1
RPP21	AC004556.1
LINC00243	TEDC2
HCG22	CCDC150
HCG22	CLIC1
HCG22	AC005064.1
HCG22	KCNE5
HCG22	AL160290.2
HCG22	AL731571.1
HCG22	RERGL
HCG22	AC124066.1
HCG22	SLFN11
CDSN	AL590004.4
CDSN	PSORS1C1
CDSN	RPL36A-HNRNPH2
CDSN	LINC02548
CDSN	AC007834.1
CDSN	AC021439.1
CDSN	TRMT6
ATP6V1G2-DDX39B	AC012368.1
ATP6V1G2-DDX39B	AL132671.2
ATP6V1G2-DDX39B	AC012339.1
ATP6V1G2-DDX39B	AC090198.1
ATP6V1G2-DDX39B	AC099518.1
ATP6V1G2-DDX39B	AC012645.4
BAG6	TMEM250
LY6G5C	PARS2
ABHD16A	AP006565.1
ABHD16A	MEX3D
HSPA1A	HIST1H2BD
HSPA1A	HSPA1B
HSPA1A	HSPB1
HSPA1A	CRYAB
HSPA1A	DNAJC3-DT
HSPA1A	HSP90AA1
HSPA1B	GDPD3
C6orf48	NUDT16
NELFE	GCK
NELFE	C1QL1
DXO	GTPBP2
DXO	ASGR1
AGPAT1	TBC1D10B
NOTCH4	AC007448.3
NOTCH4	AL391095.1
HLA-DRA	CD74
HLA-DRA	HLA-DRB1
AL669918.1	HLA-DOB
TAP1	C11orf95
AL645941.2	HLA-DMB
AL645941.2	HLA-DMA
IP6K3	FAM221A
GRM4	MEIS1-AS3
SMIM29	ANKRD35
SMIM29	TMBIM1
SMIM29	TAP1
SMIM29	SNHG15
SMIM29	TMEM176B
SMIM29	IRF7
SMIM29	LDHA
SMIM29	ROM1
SMIM29	FADD
SMIM29	FRAT2
SMIM29	FAM181A
SMIM29	MMP25-AS1
SMIM29	DHRS13
SMIM29	SLC35B1
SMIM29	SYNGR2
SPDEF	LINC01731
SPDEF	AC009163.6
SPDEF	AC009271.1
SPDEF	LINC01597
SPDEF	TMEM191C
TCP11	AC092979.1
SCUBE3	DGUOK-AS1
SCUBE3	ACAP1
RPL10A	RNF113A
RPL10A	SNRPD1
TEAD3	CCDC9
FKBP5	TFCP2L1
FKBP5	OSBPL11
FKBP5	ALDH1L1
FKBP5	PRKX
FKBP5	ACACB
CLPSL1	FBLIM1
CLPSL1	AP005328.1
PNPLA1	AB015752.1
ETV7	FAM86B1
KIF6	ST6GALNAC3
DAAM2	C2orf72
DAAM2	KIF6
DAAM2	KNDC1
DAAM2	MIR9-3HG
DAAM2	AC007611.1
DAAM2	GINS3
LRFN2	UNC5D
LRFN2	MIAT
NFYA	CCDC81
CCND3	NAIP
CCND3	TSC22D3
CCND3	WISP2
GUCA1B	UBAP1L
PRPH2	HCLS1
PRPH2	NUGGC
C6orf226	AC016065.1
C6orf226	AC020910.4
C6orf226	C19orf73
CNPY3	ALG3
DNPH1	AP002387.2
DLK2	PALMD
DLK2	AL353795.2
DLK2	MEG9
DLK2	CRABP1
YIPF3	NAGPA
YIPF3	KATNB1
POLH-AS1	ZYG11A
POLH-AS1	SUSD5
POLH-AS1	AL138966.2
POLH-AS1	LINC01440
VEGFA	SLC2A1
VEGFA	PPFIA4
VEGFA	PLOD2
VEGFA	AL109615.3
AL109615.3	MIR210HG
HSP90AB1	NUDC
HSP90AB1	HSPD1
HSP90AB1	AC007255.1
HSP90AB1	FKBP4
HSP90AB1	TOMM34
HSP90AB1	SELENOW
HSP90AB1	CCT8
SLC35B2	PIGO
SLC35B2	MCRS1
TCTE1	SAMMSON
AL035701.1	CLIC5
RHAG	CNBD1
RHAG	AL139819.1
RHAG	CACNG5
AL138826.1	FABP3
AL138826.1	TRAPPC12-AS1
AL138826.1	ZEB2-AS1
AL138826.1	GLYCTK
AL138826.1	ASB5
AL138826.1	AL365226.1
AL138826.1	AC117498.2
AL138826.1	MYO16-AS1
AL138826.1	AL121768.1
AL138826.1	AL161669.3
AL138826.1	RARA-AS1
MLIP	RIMBP2
MLIP-AS1	PPIAL4G
HMGCLL1	ADGRA1
HMGCLL1	ASPHD2
DST	CCDC28B
DST	KCND3
DST	SLC9A9
DST	PIP4K2A
DST	PXN
AL512422.1	AL031280.1
AL512422.1	RAB13
AL512422.1	CLCN2
AL512422.1	AL158068.2
AL512422.1	AP003086.2
AL512422.1	KCNJ8
AL512422.1	AC130650.1
AL512422.1	NUCB1-AS1
ZNF451-AS1	AL136418.1
AL357375.1	AC082651.4
AL357375.1	OTOF
AL357375.1	SLC35A1
AL357375.1	ITGA8
AL357375.1	STARD6
AL357375.1	PSG9
AL646090.1	LINC01948
AL646090.1	BX649632.1
AL391807.1	AC099791.2
AL391807.1	AL355472.1
AL391807.1	LINC01003
COL19A1	GNGT1
COL19A1	AC007952.4
OGFRL1	PRMT6
OGFRL1	CDV3
OGFRL1	SLC37A1
AL136164.2	PPP1R3D
LINC00472	MON1A
LINC00472	ZNF454
LINC00472	PILRA
LINC00472	RRP8
LINC00472	RIN1
LINC00472	PAOX
LINC00472	AC008764.8
LINC00472	ZNF546
KCNQ5	SCN1A
KCNQ5	RIT2
EEF1A1	AC231533.1
EEF1A1	MRPS28
EEF1A1	BTG1
EEF1A1	HEATR3
EEF1A1	LRRC75A
EEF1A1	RAB5IF
EEF1A1	RPS5
CD109	SLIT1
COX7A2	ASNSD1
AL121718.1	TIE1
AL121718.1	LINC00942
AL121718.1	AC006111.3
AL121718.1	AL035420.1
AL121718.1	AC008946.1
AL450327.1	PCDH12
HMGN3	AL139011.2
HMGN3	BHLHE40-AS1
HMGN3	HYAL2
HMGN3	TMEM41A
HMGN3	UGDH
HMGN3	AC104123.1
HMGN3	AC002428.2
HMGN3	IGIP
HMGN3	FGF1
HMGN3	CASTOR3
HMGN3	PCOLCE
HMGN3	AC004594.1
HMGN3	DENND2A
HMGN3	RDH10
HMGN3	AMPD3
HMGN3	AP003063.1
HMGN3	JAM3
HMGN3	AC007406.4
HMGN3	AC087762.1
HMGN3	AC020765.2
HMGN3	AC093249.6
HMGN3	SLC43A2
HMGN3	AC006449.6
HMGN3	AC100786.1
HMGN3	AC012615.1
HMGN3	AC008403.3
AL451064.1	PRKCZ-AS1
TENT5A	AL450332.1
TENT5A	SLC2A10
LINC02542	AC092375.2
ME1	DNMT3B
MRAP2	B3GALT2
MRAP2	CCDC184
MRAP2	ISLR
NT5E	AC020911.2
GJB7	AC092652.2
GJB7	LINC01238-1
GJB7	LINC00482
GJB7	CIDEA
PNRC1	C3orf20
PNRC1	CLU
ANKRD6	DOCK6
AL159174.1	AL121781.1
BACH2	CTNNAL1
BACH2	PTBP3
AL132996.1	AL161725.1
AL132996.1	AC022916.1
UFL1-AS1	AC091551.1
POU3F2	AL117350.1
POU3F2	ATP10A
MCHR2-AS1	AC020551.1
MCHR2-AS1	AC079089.1
MCHR2-AS1	SYT10
MCHR2-AS1	APOBEC3G
SIM1	AGMAT
SIM1	NTRK1
SIM1	LEFTY1
SIM1	RGPD3
SIM1	SLC9C1
SIM1	CNGA1
SIM1	CENPH
SIM1	AC009185.1
SIM1	HMMR
SIM1	NOX3
SIM1	DMRTC1B
SIM1	AC004973.1
SIM1	FAM66E
SIM1	AC137579.2
SIM1	PKHD1L1
SIM1	ARL2-SNX15
SIM1	FFAR4
SIM1	AC025419.1
SIM1	AC084200.1
SIM1	AC090527.3
SIM1	AC023355.1
SIM1	AP001496.2
SIM1	TTC39C-AS1
SIM1	AC100863.1
SIM1	TBXA2R
SIM1	CECR3
SIM1	SAMSN1
BVES	ECHDC3
POPDC3	SLITRK3
POPDC3	POMZP3
POPDC3	SLC27A2
Z97206.2	AC009974.1
Z97206.2	LINC02465
Z97206.2	LINC02363
Z97206.2	AL591518.1
Z97206.2	VCX3B
Z97206.2	UBE2A
LINC02526	BTLA
CD24	AC022498.1
CD24	GLP1R
CD24	RAMP3
CD24	EFCAB1
NR2E1	TP53TG5
SESN1	AP001830.1
SESN1	AMZ2
Z99289.1	AC116096.1
Z99289.1	AC016292.1
LINC02518	LINC02067
LINC02518	KIRREL3-AS1
MARCKS	AL031772.1
LINC01268	LINC01995
LINC01268	LINC02100
HDAC2-AS2	MIR646HG
HS3ST5	NEXN
TSPYL1	RIMS3
TSPYL1	RIMKLA
TSPYL1	KCNJ9
TSPYL1	PHYHIP
TSPYL1	PRPF19
TSPYL1	NECTIN1
TSPYL1	SPRN
TSPYL1	CABP1
TSPYL1	CDK5R1
FAM162B	FAM19A4
GJA1	SLC2A1
GJA1	PBXIP1
GJA1	CSRP1
GJA1	PRELP
GJA1	ENPP4
GJA1	TMEM47
GJA1	METTL7A
GJA1	TMEM19
GJA1	ZNF319
GJA1	SOX9
GJA1	LRFN3
RNF217-AS1	LYPD5
RNF217	AKR1A1
RNF217	ABHD14A-ACY1
RNF217	RAB3IP
RNF217	DDX28
RNF217	LINC01785
RNF217	AL031186.1
TPD52L1	LINC00880
HDDC2	TMEM167A
AL450332.1	AL365259.1
RSPO3	AC010531.6
ARHGAP18	C21orf91
SGK1	SEMA3C
AL078590.2	AL078590.3
AL078590.2	AL118558.4
AL078590.2	KCNJ2
AL078590.2	ZNF74
LINC01010	TPO
LINC01010	AC091946.2
LINC01010	GUCY2D
AL078590.3	LINC02300
AL078590.3	AF001548.2
AL049552.1	BRPF1
AL049552.1	AC008676.1
LINC00271	LEKR1
LINC00271	AP003354.2
LINC00271	C9orf43
LINC00271	AC009318.1
LINC00271	MCF2L
LINC00271	RAB15
LINC00271	AC003006.1
PDE7B	PLEKHG1
AL138828.1	AL096855.1
AL138828.1	AC016723.1
AL138828.1	ARHGEF38
AL138828.1	HDDC2
AL138828.1	AF279873.4
AL138828.1	AL136979.1
AL138828.1	A2ML1-AS1
AL138828.1	AC069228.1
AL138828.1	LINC02281
AL138828.1	AC009097.1
MTFR2	OSER1-DT
AL024508.1	AL627171.1
AL158850.1	AL391069.3
AL158850.1	CROCC2
AL158850.1	EMCN
AL158850.1	AC017007.5
AL158850.1	AC004485.1
AL158850.1	FP325318.1
AL158850.1	AC092376.2
AL158850.1	TBC1D3D
AL158850.1	CACNG5
AL158850.1	LINC01315
FILNC1	AC104088.1
FILNC1	FGF10
FILNC1	BZW2
ADGRG6	CMTM2
ADGRG6	COL20A1
HIVEP2	UPRT
HIVEP2	USP6NL
HIVEP2	DNAAF2
HIVEP2	PSTPIP1
HIVEP2	KAT7
AL023581.2	EHF
AL023581.1	AL451047.1
AL023581.1	AL606534.1
AL023581.1	RBMS3-AS1
AL023581.1	AC097467.3
AL023581.1	AC079226.2
AL023581.1	AL133338.1
AL023581.1	AL035634.1
AL023581.1	KCNV2
AL023581.1	FAM221B
AL023581.1	AC087276.2
AL023581.1	AP000844.1
AL023581.1	AC083805.2
AL023581.1	AL157912.1
AL023581.1	AC109597.1
AL023581.1	AC020978.3
AL023581.1	AC092718.5
AL023581.1	GINS2
AL023581.1	DSC1
AL023581.1	AC016866.2
AL023581.1	APCDD1L
AL023581.1	AC006504.2
FUCA2	SETD6
EPM2A	AC012593.1
EPM2A	TXNRD3NB
EPM2A	STOX2
EPM2A	AL365259.1
EPM2A	ACER2
EPM2A	TMEM254-AS1
EPM2A	SQOR
EPM2A	AC011511.1
AL356599.1	AL357054.3
AL356599.1	ZNF554
AL033504.1	SAMD5
TAB2-AS1	AL031056.1
AL078581.3	ZNF233
RAET1E	C22orf34
PPP1R14C	AK7
PLEKHG1	BCAR3
PLEKHG1	EFHD1
PLEKHG1	AC016924.1
PLEKHG1	HLA-F
PLEKHG1	DOCK5
AL138733.1	PRDM15
CCDC170	ESR1
VIP	RAB3B
VIP	S100A14
VIP	SST
VIP	NEUROD6
VIP	TAC1
VIP	SLC26A4-AS1
VIP	ITM2A
VIP	MPP1
VIP	IGFBP6
VIP	TAC3
VIP	GLIS2-AS1
VIP	CALB2
VIP	KRT17
VIP	CBLN4
AL590867.1	ID2-AS1
AL590867.1	COL25A1
AL590867.1	AC022126.1
AL590867.1	HEBP2
AL590867.1	AC087280.2
AL590867.1	AL627171.2
AL049820.1	AL049637.1
AL049820.1	AP000753.2
ZDHHC14	PKP4
ZDHHC14	DUBR
ZDHHC14	AC103706.1
DYNLT1	SRA1
DYNLT1	CCNG1
AL627422.2	AC125611.4
AL627422.2	STXBP2
AL627422.2	SPINT2
AL627422.2	AL022328.3
FNDC1	AL645608.2
FNDC1	THEMIS2
FNDC1	TMIGD3
FNDC1	AL390860.1
FNDC1	AC083949.1
FNDC1	TRABD2A
FNDC1	AC093459.1
FNDC1	CERKL
FNDC1	GPR1
FNDC1	TRPM8
FNDC1	SCN5A
FNDC1	ACAD11
FNDC1	IL20RB-AS1
FNDC1	SAMD7
FNDC1	LAMP3
FNDC1	AC097382.2
FNDC1	LINC02484
FNDC1	AC017091.1
FNDC1	ADGRL3-AS1
FNDC1	TECRL
FNDC1	NDST4
FNDC1	DDX4
FNDC1	SMN1
FNDC1	LINC02197
FNDC1	HAPLN1
FNDC1	AC091939.1
FNDC1	AC008415.1
FNDC1	PXT1
FNDC1	RHAG
FNDC1	EYA4
FNDC1	ABCB5
FNDC1	TRGC2
FNDC1	TSGA13
FNDC1	RAB19
FNDC1	AL732314.6
FNDC1	AL592043.1
FNDC1	XACT
FNDC1	NUDT18
FNDC1	AC068413.1
FNDC1	DMRT1
FNDC1	LINC01474
FNDC1	AC044810.3
FNDC1	AC009652.2
FNDC1	PRRG4
FNDC1	LINC01499
FNDC1	SCGB1D2
FNDC1	SCGB1A1
FNDC1	SINHCAF
FNDC1	AC023509.4
FNDC1	AC079313.2
FNDC1	LINC02456
FNDC1	RNF17
FNDC1	AL160035.1
FNDC1	LINC02343
FNDC1	AL161757.4
FNDC1	MLKL
FNDC1	PRDM7
FNDC1	VMO1
FNDC1	AC007846.2
FNDC1	EFCAB5
FNDC1	B4GALNT2
FNDC1	AP000894.3
FNDC1	AL117332.1
FNDC1	NTSR1
FNDC1	AL118506.1
FNDC1	SHD
FNDC1	ADGRE1
FNDC1	FBN3
FNDC1	SPC24
FNDC1	LINC01842
FNDC1	LINC01837
FNDC1	ZNF284
FNDC1	FPR1
FNDC1	SLC2A11
SOD2-1	PCAT14
TCP1	TSSK3
MRPL18	NKRF
PNLDC1	ZMYND10
PNLDC1	AC102953.2
PNLDC1	KRTAP5-AS1
PNLDC1	AP002748.4
PNLDC1	AC010197.1
PNLDC1	CDADC1
PNLDC1	EIF3C
PNLDC1	AC005393.1
PNLDC1	AP000229.1
SLC22A2	AC104135.1
SLC22A2	PRX
SLC22A2	GIPR
AL109933.1	AC012464.3
AGPAT4	COBLL1
PACRG	CDR2L
AL121935.1	AL031291.1
AL121935.1	AC010883.1
AL121935.1	ITPRIPL1
AL121935.1	AC104304.1
AL121935.1	CD80
AL121935.1	AC080013.5
AL121935.1	AC112907.1
AL121935.1	SLC10A4
AL121935.1	AL445430.2
AL121935.1	DDX43
AL121935.1	C7orf57
AL121935.1	AL390838.1
AL121935.1	AP002490.1
AL121935.1	AC090673.1
AL121935.1	LINC02288
AL121935.1	SPINT1
AL121935.1	SLC51B
AL121935.1	CHST4
AL121935.1	GSDMA
AL121935.1	ZNF750
LINC02538	GATA2-AS1
LINC02538	AL009178.3
LINC02538	FAM225B
SMOC2	GACAT3
SMOC2	AC104134.1
SMOC2	LRRC31
SMOC2	DLK2
SMOC2	AC074138.1
SMOC2	ZNF527
THBS2	AP1S2
FAM20C	SHC1
FAM20C	NMRK1
FAM20C	P2RY6
FAM20C	ETV6
FAM20C	ACTN1
FAM20C	MAP3K14
FAM20C	COLEC12
FAM20C	ICAM1
FAM20C	CARM1
FAM20C	APOL2
COX19	HIST1H2AC
COX19	BHLHB9
COX19	QRICH2
ELFN1	SPSB4
GRIFIN	MAB21L3
GRIFIN	LINC01891
GRIFIN	AC073133.1
GRIFIN	C1QTNF8
GRIFIN	AL121827.1
GRIFIN	AL049749.1
LFNG	PPP1R26
AMZ1	SLC19A2
AMZ1	BTBD11
GNA12	PDGFA
GNA12	MRVI1
GNA12	PHACTR3
MMD2	AATK
AC092171.3	AL662844.4
ACTB	ACTG1
RSPH10B	KLF5
COL28A1	MIIP
NDUFA4	NDUFS5
NDUFA4	AC010894.3
NDUFA4	BRK1
NDUFA4	COX7B
NDUFA4	ATP5MPL
NDUFA4	EMC4
NDUFA4	COX5A
NDUFA4	COX6B1
NDUFA4	UQCR10
SOSTDC1	AC112907.3
SOSTDC1	LINC02426
SOSTDC1	B3GNT4
SOSTDC1	PPP4R1-AS1
TSPAN13	EPHX4
LINC01162	AL021408.1
TOMM7	AC084033.3
OSBPL3	MIR181A1HG
CYCS	UBE2S
TRIL	TMEM129
TRIL	ASCL1
TRIL	EDNRB
AC005013.1	AP005329.1
AC005162.3	AC090204.1
AC007285.1	AC024901.1
AC007285.2	HRNR
AC007285.2	LINC00972
NOD1	NMI
NOD1	LINC01600
NOD1	LOXL4
NOD1	ELK3
NOD1	CKB
NOD1	CEMIP
AC009262.1	AC010969.2
AC018647.1	USP44
SEPT7-AS1	NUP37
EEPD1	TTC30B
ANLN	BOK
ELMO1	PROX1
ELMO1	MAP3K21
ELMO1	SYNJ2
ELMO1	ABCA6
ELMO1	ZNF536
TRGC2	MORC1
TRGC2	AL359636.1
TRGC2	C17orf53
POU6F2-AS2	AC012074.1
POU6F2-AS2	AC122694.1
POU6F2-AS2	LINC02108
POU6F2-AS2	AL512428.1
POU6F2-AS2	AC013470.2
POU6F2-AS2	PANO1
POU6F2-AS2	LINC01270
YAE1D1	RAB23
YAE1D1	TNFSF13B
YAE1D1	RCAN1
YAE1D1	PIGP
AC072061.1	AF196972.1
AC004988.1	AL512288.1
AC004988.1	AC009570.1
AC004988.1	AC007450.1
AC004988.1	AC012404.2
AC004988.1	AC005332.1
AC004988.1	SMC1B
AC010132.4	AL359715.3
URGCP-MRPS24	AC015849.1
SPDYE1	AC104699.1
SPDYE1	AC046143.1
SPDYE1	AC008574.1
SPDYE1	AL031963.1
SPDYE1	AC073896.2
SPDYE1	AC010333.2
SPDYE1	ITGAL
SPDYE1	AC023389.1
SPDYE1	ASF1B
SPDYE1	C19orf44
SPDYE1	AL022323.1
SPDYE1	RNF215
MYL7	AC090004.1
MYL7	AC097359.3
MYL7	EFCAB12
MYL7	AC240274.1
NPC1L1	FHL3
NPC1L1	SCYL3
NPC1L1	LINC01983
NPC1L1	MGARP
NPC1L1	AL031777.3
NPC1L1	CHAC1
NPC1L1	AC127496.5
NPC1L1	AF038458.3
NPC1L1	AC007193.3
NPC1L1	KLK14
DDX56	LAT
PPIA	STMN1
PPIA	CLTB
PPIA	TSPYL1
PPIA	TIMM17B
PPIA	OLFM1
PPIA	PSMB3
LINC01952	PNMA6F
AC004854.2	FNDC9
AC004854.2	PTPN21
SNHG15	CNNM3
RAMP3	DRAXIN
RAMP3	SPHK1
IGFBP3	AC027601.4
AC011294.1	AC004870.4
AC011294.1	AP001269.2
AC011294.1	BHMG1
TNS3	FNDC5
TNS3	SCRN3
TNS3	PLSCR2
TNS3	AC106791.1
TNS3	ARHGEF37
TNS3	SH3BGRL2
TNS3	PACRG
TNS3	PCYT1B
TNS3	AL158055.1
TNS3	AL158151.4
TNS3	GRAMD1B
TNS3	MARCH8
TNS3	CRYL1
TNS3	FAM174B
C7orf57	CFAP65
C7orf57	AC002074.1
C7orf57	AL021396.1
IKZF1	AC093607.1
AC005999.1	AP001107.4
AC005999.1	CPSF4L
LINC01446	LINC00942
LINC01446	AC007834.1
LINC01446	AL442663.3
AC074351.1	RHCE
AC074351.1	SEMA4F
AC074351.1	AC243829.1
EGFR	DNAI2
AC099681.1	LINC01033
CHCHD2	DDOST
CHCHD2	PITHD1
CHCHD2	S100A16
CHCHD2	POP7
CHCHD2	ATP5MC1
AC092634.5	AC017002.5
AC092634.5	LINC01063
AC092634.5	PRSS48
AC092634.5	CLMAT3
AC092634.5	AL023581.1
AC092634.5	AC021321.1
AC092634.5	AL355490.2
AC092634.5	CD27
AC092634.5	LINC01220
AC092634.5	AC110597.3
AC092634.5	IGFL2-AS1
AC092634.5	AC010320.2
AC092634.5	ZNF416
AC092634.5	MIS18A
ZNF727	ZNF728
ZNF736	ADCK1
ZNF138	AL139158.2
ZNF138	ANAPC2
ZNF138	ZNF334
ZNF138	CABLES2
ZNF117	AZIN2
AC068533.4	NUDT12
AC068533.4	LIMK1
TPST1	GADD45A
TPST1	CDC7
TPST1	EFNA1
TPST1	WIPF1
TPST1	FN1
TPST1	PLSCR1
TPST1	IL1RAP
TPST1	SLC9B2
TPST1	STK10
TPST1	NAMPT
TPST1	PRKAR2B
TPST1	TCAF2
TPST1	SLC39A14
TPST1	UGCG
TPST1	CPNE8
TPST1	SALL2
TPST1	SUSD6
TPST1	ITPKC
TPST1	APOL4
AC006480.2	AC105402.3
AC006480.2	INO80D
GALNT17	IGSF21
GALNT17	DLGAP3
GALNT17	LRRK1
GALNT17	RBFOX3
FKBP6	AC016773.1
FZD9	ARRDC3-AS1
FZD9	EDA
FZD9	ZNF524
ELN	NECAB2
CLIP2	LOH12CR2
CLIP2	LTBP2
NCF1	TTC22
NCF1	SYCP1
NCF1	LINC01191
NCF1	ACTRT3
NCF1	OTULINL
NCF1	GDNF-AS1
NCF1	NRM
NCF1	DEF6
NCF1	AC092634.3
NCF1	ALOX5
NCF1	NOS1
NCF1	AC103740.1
NCF1	LINC00649
CASTOR2	ARMCX1
TRIM73	SRSF1
SPDYE5	BX284668.5
SPDYE5	PTPN7
SPDYE5	REN
SPDYE5	AC009950.1
SPDYE5	RSPO3
SPDYE5	AC004830.1
SPDYE5	SPDYE16
SPDYE5	SPDYE2
SPDYE5	AC002550.1
SPDYE5	AC005697.2
SPDYE5	MMP24
SPDYE5	ZNF347
RHBDD2	CPTP
RHBDD2	ICMT
RHBDD2	PIAS3
RHBDD2	MREG
RHBDD2	SLC35A4
RHBDD2	TMUB1
RHBDD2	UBQLN2
RHBDD2	MRPS2
RHBDD2	ZNF408
RHBDD2	C11orf68
RHBDD2	RNF26
RHBDD2	MFSD5
RHBDD2	VPS18
RHBDD2	STOML1
RHBDD2	RPUSD1
RHBDD2	GDE1
RHBDD2	CHMP1A
RHBDD2	UBXN6
RHBDD2	YIPF2
RHBDD2	NAGA
HSPB1	YOD1
HSPB1	IRF2BP2
HSPB1	AHSA1
HSPB1	ZNF491
HSPB1	DNAJB1
HSPB1	ZNF45
YWHAG	ACOT7
SPDYE16	CR1L
SPDYE16	TXLNB
SPDYE16	KIF4A
SPDYE16	C8orf34
SPDYE16	AC034114.2
HGF	ZBTB33
HGF	NUTM2B-AS1
AC006145.1	SRGAP2-AS1
AC006145.1	AC124944.1
AC006145.1	AC106864.1
AC006145.1	Z99289.1
AC006145.1	AC044781.1
AC006145.1	AC010157.1
AC006145.1	AC020659.2
AC006145.1	KLHL14
AC006145.1	AC092070.3
PCLO	PRTG
PCLO	TRPM4
LINC00972	AC093689.1
LINC00972	AC113385.1
LINC00972	AL353795.2
LINC00972	AL137847.1
LINC00972	AC004551.1
LINC00972	CR383656.10
LINC00972	LINC00645
LINC00972	AC092114.1
GRM3	PIK3C2B
GRM3	SPRY1
GRM3	CTXND1
AC005009.2	NCKIPSD
AC005009.2	AC011468.5
AC005009.2	SEC14L2
AC005076.1	AL138762.1
AC003991.2	ADRA2A
AC003991.1	E2F6
STEAP4	AC099518.5
ZNF804B	AC003991.1
ZNF804B	AC002127.2
MTERF1	LINC01358
MTERF1	AC079305.3
MTERF1	HBEGF
MTERF1	GUCA1B
MTERF1	RHOXF1-AS1
MTERF1	AC084337.2
MTERF1	AL136531.2
MTERF1	AC008758.5
CYP51A1	KCNJ11
CYP51A1	GREM1
CYP51A1	SARS2
CYP51A1	MTFP1
GATAD1	ZNF445
GATAD1	ZNF589
GATAD1	CITED2
GATAD1	TRIM73
GATAD1	PPP1R3F
GATAD1	NPDC1
GATAD1	ZNF143
GATAD1	CHD4
GATAD1	LINC02388
GATAD1	AC010809.1
GATAD1	FGF7
GATAD1	ANKDD1A
GATAD1	AP3S2
GATAD1	AC008741.2
GATAD1	ACD
GATAD1	ZSWIM1
GATAD1	ALKBH6
GATAD1	ZNF71
AC007566.1	SLC26A7
RBM48	PITPNM3
SAMD9	LINC01485
AC002429.2	ARSF
AC002429.2	GPR143
PDK4	TXNIP
PDK4	C12orf29
SEM1	ANKRD65
SEM1	HIST2H2BF
SEM1	ARHGEF33
SEM1	RAD18
SEM1	CCNA2
SEM1	COX19
SEM1	YAE1D1
SEM1	AC022893.1
SEM1	C9orf153
SEM1	LINC01505
SEM1	MVK
SEM1	DPH6-DT
SEM1	AC090518.1
SEM1	CFAP53
SEM1	CU633967.1
TAC1	IGFBP2
TAC1	FOSB
BAIAP2L1	RPS3A
BAIAP2L1	DDT
TMEM130	HPCAL4
AC004834.1	UNC119B
AC004834.1	DBNDD1
CYP3A4	CNTROB
CYP3A43	ESRRB
AC004522.2	AC015961.2
LAMTOR4	C2orf40
CASTOR3	HHLA3
CASTOR3	GPR161
CASTOR3	AL353708.3
CASTOR3	NCL
CASTOR3	EVC2
CASTOR3	CASTOR2
CASTOR3	ZNF33B
CASTOR3	TCTN2
CASTOR3	AL160313.1
CASTOR3	YPEL1
CASTOR3	PSMG1
SPDYE3	SCUBE3
SPDYE3	AC087071.2
SPDYE3	IL3RA
SPDYE3	GLS2
SPDYE3	CXCL17
SPDYE3	AC007193.2
PPP1R35	NDUFC2-KCTD14
C7orf61	AC002996.1
AC069281.1	SERPINF2
SAP25	GNB3
LRCH4	AC008840.1
LRCH4	CUL7
LRCH4	PIDD1
LRCH4	C19orf54
TRIP6	REC8
TRIP6	ENKD1
UFSP1	TRIM17
UFSP1	AC012640.2
UFSP1	AC087752.4
UFSP1	AJ003147.2
SERPINE1	AC069431.1
SERPINE1	CENPK
SERPINE1	AC004852.2
SERPINE1	GPRC5A
PLOD3	AL162171.2
PLOD3	PIP5K1C
SPDYE6	AL139424.3
SPDYE6	AC007216.2
AC105052.1	AC093668.2
AC105052.1	AC105052.3
AC105052.3	AC004951.1
HBP1	FBXO8
AC004839.1	CXorf40B
SLC26A3	ST3GAL3
SLC26A3	INO80D
SLC26A3	CLDND1
SLC26A3	CSMD1
SLC26A3	AL591368.1
SLC26A3	MYLPF
LAMB4	AL513329.1
DNAJB9	DNAJA2
DOCK4-AS1	FAM218A
IFRD1	SLC7A11
IFRD1	C9orf50
IFRD1	AL358234.1
LSMEM1	AC096711.2
PPP1R3A	ZSCAN21
PPP1R3A	AC092070.4
MDFIC	SH3D19
CAV1	AL137793.2
CAV1	LINC02015
CAV1	FGF5
CAV1	ST8SIA4
CAV1	AL157378.1
CAV1	FGD3
CAV1	FAM163B
CAV1	SLC22A9
CAV1	PYROXD1
CAV1	SEPT12
CAV1	AC008735.4
AC106873.1	GPR87
AC106873.1	AC087273.2
ST7-AS2	AC105339.3
ST7-AS2	AC005884.1
KCND2	DLGAP1
AC006333.1	AL157714.2
AC006333.1	AP001574.1
AC006333.1	TG
AC006333.1	UMODL1
AC004690.2	LINC01676
AC004690.2	SLCO2B1
AC006148.1	MXRA8
AC006148.1	CDH26
AC010099.4	AC073486.1
ARF5	AC006213.2
AC073934.1	AL133410.1
AC018635.2	KCTD18
AC018635.2	AP003108.1
HILPDA	LDHA
HILPDA	EFCAB3
HILPDA	ANGPTL4
FAM71F1	LINC02389
ATP6V1F	HINT1
ATP6V1F	MEA1
ATP6V1F	COA4
ATP6V1F	TRIR
AHCYL2	CDS1
AHCYL2	ADGRV1
AHCYL2	KIAA0319
AHCYL2	PLEKHG1
AHCYL2	GFRA2
AHCYL2	LAPTM4B
AHCYL2	PSMA1
AHCYL2	CRTAC1
AHCYL2	FLRT2
AHCYL2	EMP2
AHCYL2	NDRG4
AHCYL2	GAS7
AHCYL2	NUDT19
AC087071.2	AP4B1-AS1
CPA2	CDCA2
CPA2	ISG20
CPA2	AHCY
AC007938.1	AC092115.2
AC007938.1	AC006213.1
TSGA13	ENO1-AS1
TSGA13	AC098851.1
TSGA13	UPB1
AC016831.7	OTUD7B
AC016831.7	ARHGAP26
AC016831.7	MBLAC1
AC016831.7	ABCA1
AC016831.7	PTPRJ
AC016831.7	TKFC
AC016831.7	SLC22A6
AC016831.7	ZBTB16
AC016831.7	SMIM2-AS1
AC016831.7	NFATC2
AC016831.7	ZNF211
AC016831.7	C2CD2
LINC00513	AL356270.1
LINC00513	AC093019.2
LINC00513	FAM3D-AS1
LINC00513	AC090844.2
AC058791.1	AC093305.1
AC058791.1	LINC00513
AC008264.2	CCNB1IP1
PLXNA4	CPNE5
AC009365.3	AC079790.1
AC009365.3	SPINK9
AC009365.3	LMF1-AS1
CALD1	MAP3K20
CALD1	LRRC2
CALD1	FLNB
CALD1	FAM114A1
CALD1	DOCK11
CALD1	SLC13A5
AC009542.1	AL353801.1
AC024084.1	AC019330.1
AKR1D1	CDC25C
KIAA1549	KLHL25
LUC7L2	RAPGEF6
LUC7L2	RXRB
LUC7L2	PGAP3
KLRG2	CHRNB3
KLRG2	MIS18BP1
WEE2	NEURL4
MGAM	MGAM2
EPHB6	TNNT2
TMEM139	AF038458.2
ZYX	TTC5
CNTNAP2	EPHA10
CNTNAP2	ADGRL2
CNTNAP2	MIR137HG
CNTNAP2	PLPPR5
CNTNAP2	SLC35F3
CNTNAP2	CHRM3
CNTNAP2	CNTNAP5
CNTNAP2	SLC38A11
CNTNAP2	STAT4
CNTNAP2	AC073365.1
CNTNAP2	SLIT2
CNTNAP2	AC016687.2
CNTNAP2	NWD2
CNTNAP2	LINC01378
CNTNAP2	NPY1R
CNTNAP2	GALNTL6
CNTNAP2	GLRA3
CNTNAP2	MARCH11
CNTNAP2	BASP1-AS1
CNTNAP2	LINC02217
CNTNAP2	LINC02223
CNTNAP2	CDH12
CNTNAP2	CDH9
CNTNAP2	AC113383.1
CNTNAP2	ADAMTS19
CNTNAP2	HTR4
CNTNAP2	PPARGC1B
CNTNAP2	SLIT3
CNTNAP2	FAM153B
CNTNAP2	KHDRBS2
CNTNAP2	HTR1E
CNTNAP2	TMEM196
CNTNAP2	RAPGEF5
CNTNAP2	VWC2
CNTNAP2	DLX6-AS1
CNTNAP2	ACTL6B
CNTNAP2	DRP2
CNTNAP2	IL1RAPL2
CNTNAP2	DCX
CNTNAP2	NRG1
CNTNAP2	NELL1
CNTNAP2	GLB1L3
CNTNAP2	PCDH15
CNTNAP2	SORCS1
CNTNAP2	PRMT8
CNTNAP2	GRIN2B
CNTNAP2	PPFIBP1
CNTNAP2	PRICKLE1
CNTNAP2	PTPRB
CNTNAP2	TRHDE
CNTNAP2	SLC6A15
CNTNAP2	CUX2
CNTNAP2	LINC00507
CNTNAP2	TMEM132D
CNTNAP2	MTUS2
CNTNAP2	MDGA2
CNTNAP2	LINC02296
CNTNAP2	BCL11B
CNTNAP2	PWRN1
CNTNAP2	ANKRD34C-AS1
CNTNAP2	LINC01197
CNTNAP2	SEC14L5
CNTNAP2	CDH8
CNTNAP2	CDH13
CNTNAP2	ANKRD30B
CNTNAP2	RAB27B
CNTNAP2	AC091138.1
CNTNAP2	CELF5
CNTNAP2	ZFR2
CNTNAP2	AL117329.1
CNTNAP2	AJ009632.2
CNTNAP2	KCNJ6
SSPO	ZBTB7B
SSPO	ZNF467
ATP6V0E2	APH1A
ATP6V0E2	SELENBP1
ATP6V0E2	GPR37L1
ATP6V0E2	ZDBF2
ATP6V0E2	WDR46
ATP6V0E2	THEM6
ATP6V0E2	LCN12
ATP6V0E2	CEND1
ATP6V0E2	TM7SF2
ATP6V0E2	PAQR4
ATP6V0E2	NXPH3
ATP6V0E2	CHRNA4
ATP6V0E2	FARSA
ATP6V0E2	ZNF784
ABCB8	RPA2
FASTK	BAK1
TMUB1	RBM15B
TMUB1	AGPAT2
ABCF2	GCNT4
GALNTL5	AC078795.1
DPP6	RGS6
AC006019.3	AC026254.2
HTR5A-AS1	CTXN3
HTR5A-AS1	PRPS2
HTR5A-AS1	NUDT11
HTR5A-AS1	IGFBP4
HTR5A	SAMD9
HTR5A	JCAD
INSIG1	STARD4
CNPY1	AC109927.1
CNPY1	LINC01422
CNPY1	AF165147.1
LINC01006	AC136475.1
DNAJB6	ERRFI1
DNAJB6	GIPC2
DNAJB6	LINC00467
DNAJB6	PPID
DNAJB6	C8orf88
DNAJB6	PARPBP
DNAJB6	SLC24A1
DNAJB6	AC007114.1
LINC00685	CCSAP
CRLF2	NRAP
CRLF2	PMEL
CRLF2	AC245884.8
IL3RA	ACOT6
LINC00106	ASMTL-AS1
AKAP17A	C5AR1
CD99	BRINP2
CD99	TGIF1
GYG2	ARHGAP22
ARSH	RASGRP3
PUDP	UCHL3
AC078960.1	AC127024.5
ANOS1	LPAR1
FAM9B	ZNF879
FAM9B	PIP5KL1
GPR143	C16orf89
ARHGAP6	MYRIP
ARHGAP6	ZNF273
ARHGAP6	PLXNC1
FRMPD4	TOX2
TMSB4X	TAF8
GEMIN8	FAIM
GEMIN8	RASGRP1
AP1S2	TMEM229B
SYAP1	BCAS2
SCML1	AP001347.1
RS1	TNFSF18
RS1	AC093788.1
RS1	MAGEC3
RS1	AC007991.3
RS1	AL592211.1
RS1	AGBL2
RS1	CABP4
RS1	AL049870.2
RS1	CILP
RS1	AC136944.2
RS1	DDX19B
ADGRG2	SLC5A9
ADGRG2	KIAA1257
ADGRG2	AP004147.1
ADGRG2	FAM186A
ADGRG2	AC007344.1
ADGRG2	AC005197.1
SH3KBP1	LHFPL3
AC004470.1	ELK1
PTCHD1	PTCHD1-AS
SAT1	AC011477.4
PCYT1B-AS1	DLGAP1-AS5
AC107419.1	AC112493.1
DCAF8L2	AC046195.1
IL1RAPL1	DOCK10
IL1RAPL1	ROBO2
IL1RAPL1	SPOCK3
IL1RAPL1	EDIL3
IL1RAPL1	ST18
IL1RAPL1	LINC01608
IL1RAPL1	SLC24A2
IL1RAPL1	PALM2
IL1RAPL1	SVEP1
IL1RAPL1	KIRREL3
IL1RAPL1	ANK3
IL1RAPL1	ANO4
IL1RAPL1	SH3GL3
IL1RAPL1	SLC5A11
IL1RAPL1	HS3ST4
IL1RAPL1	CNTNAP4
DMD	AC104078.1
AL591501.1	LINC02232
AL592043.1	GORAB
AL592043.1	AC021242.2
TMEM47	SLC30A1
TMEM47	ALG10B
TMEM47	PCDH17
TMEM47	SOX21
TMEM47	BAIAP2-DT
CFAP47	EGLN3
AL606516.1	AC244517.1
AL606516.1	AC091563.1
AL606516.1	GOLGA8H
TSPAN7	TMED9
TSPAN7	ATP6AP2
TSPAN7	LDOC1
TSPAN7	ATP6AP1
TSPAN7	ACP2
TSPAN7	APMAP
TSPAN7	STMN3
TSPAN7	DDA1
TSPAN7	TOMM22
BCOR	AC068599.1
ATP6AP2	B4GALT7
ATP6AP2	ARL1
GPR34	PCP4L1
GPR34	POU2F3
GPR34	PRKCH
GPR82	AL731577.1
MAOB	C1orf87
MAOB	LTBP1
MAOB	RFTN1
MAOB	NDRG2
MIR222HG	ZNF697
MIR222HG	AP001972.3
NDUFB11	DPM3
NDUFB11	F8A1
NDUFB11	SDHAF1
ZNF630	NCAPG2
ZNF630-AS1	AC100830.1
AF196972.1	AC007950.2
RBM3	AC099329.3
GATA1	AL109917.1
GATA1	FCRLB
GATA1	AC016747.2
GATA1	LINC01829
GATA1	SCN10A
GATA1	AC117490.2
GATA1	AC112250.2
GATA1	AC092167.1
GATA1	KCP
GATA1	CITED1
GATA1	FAM83A
GATA1	SPAAR
GATA1	AC136475.9
GATA1	MUC6
GATA1	AC111188.1
GATA1	SMTNL1
GATA1	LINC01516
GATA1	NODAL
GATA1	PKD2L1
GATA1	IFNG-AS1
GATA1	AC084032.1
GATA1	AC089983.1
GATA1	LINC00426
GATA1	INCA1
GATA1	AC005920.1
GATA1	MPO
GATA1	AC111182.1
GATA1	AC132872.2
GATA1	BX537318.1
PCSK1N	APOD
PCSK1N	C9orf16
PCSK1N	RPRML
PCSK1N	APLP1
TFE3	CCNJ
DGKK	ATP6V1G2
MAGED2	GMPR2
MAGED2	ZNF426
AL445472.1	DUSP14
AL354793.1	LINC02150
AL354793.1	LINC01574
AL354793.1	AP001266.1
AL354793.1	AC024257.5
ZXDA	NFYC-AS1
MSN	CKMT2
MSN	ANGEL1
AWAT1	AC079921.1
AWAT1	ERCC6L
AWAT1	AC009812.4
NLGN3	GPN1
NLGN3	FBXL14
GJB1	SPATA3
GJB1	C1QTNF2
GJB1	PRDM4
GJB1	KLK6
ZMYM3	BAG6
ZMYM3	NONO
ZMYM3	CNOT3
ZMYM3	AC005261.3
GCNA	ZBTB40
GCNA	AC119674.2
GCNA	AC104472.3
GCNA	RBM14-RBM4
RPS4X	EEF1B2
RPS4X	MAMDC2
RPS4X	FTH1
RPS4X	SAT2
CITED1	AC044849.1
CITED1	TSPEAR
SLC16A2	DGKH
AC233296.1	LRRTM4
PGK1	BNIP3
PGK1	HIF1A-AS2
POU3F4	SOX1
ZNF711	GEMIN2
POF1B	AL355390.2
PABPC5	AC114488.2
PCDH11X	CDK6
AL157778.1	DACH2
AL157778.1	LINC01410
TSPAN6	SRPX2
SRPX2	DLG3
SYTL4	TSPAN6
XKRX	DEGS2
ARL13A	LINC02097
BTK	FAM160A1
BHLHB9	TIMM50
LINC00630	LRRC47
LINC00630	RPE
LINC00630	ZNF727
BEX1	NAP1L5
BEX1	TCEAL2
BEX1	BEX5
BEX1	BEX2
BEX1	TCEAL7
BEX1	C1QTNF4
BEX1	MOAP1
BEX1	LAMP5
BEX1	GDAP1L1
BEX4	MED10
BEX4	AC012184.2
BEX4	H3F3B
TCEAL8	HDHD2
BEX2	AC245060.5
BEX3	NFKBIL1
BEX3	TCEAL3
BEX3	MRPL16
BEX3	MRPL49
PLP1	ERMN
PLP1	SPP1
PLP1	MAG
PLP1	PPP1R14A
NRK	SHISAL2A
NRK	AC078788.1
NRK	SPTSSB
NRK	PABPC5
NRK	TNFRSF19
NRK	AL355916.2
NRK	LINC01290
FRMPD3-AS1	NUP62CL
FRMPD3	FAM110C
TSC22D3	GMNN
TSC22D3	PDK4
TSC22D3	GADD45G
AL034399.2	IKZF1
GUCY2F	AC092813.1
GUCY2F	AC009312.1
GUCY2F	AC106894.1
GUCY2F	AC034243.1
GUCY2F	RSPH9
GUCY2F	SHOX
GUCY2F	AL022157.1
GUCY2F	AL590399.1
GUCY2F	AC090124.1
GUCY2F	AC009107.1
GUCY2F	AP005328.2
TMEM164	LRRC3B
TMEM164	AC037459.2
TMEM164	UBAC2
DCX	VWA5B2
ALG13-AS1	PFN4
ALG13-AS1	MAGI1-AS1
ALG13-AS1	BTBD18
ALG13-AS1	AC048380.1
ALG13-AS1	MACROD2-AS1
ALG13-AS1	AL031587.2
LHFPL1	C2CD6
LRCH2	FANCL
KLHL13	CCDC157
LINC01285	AC096564.1
SLC25A5	BOLA1
SLC25A5	IGSF8
SLC25A5	NCBP2
SLC25A5	LINC00847
SLC25A5	TBCC
SLC25A5	FUCA2
SLC25A5	CYC1
SLC25A5	SUOX
SLC25A5	C16orf91
SLC25A5	NME3
SLC25A5	POLR2C
SLC25A5	SRSF2
NDUFA1	COX17
LINC01402	RHOXF1
AL359851.1	ACVR2B-AS1
SMARCA1	AC007920.2
SMARCA1	AC008050.1
SMARCA1	USP18
SMARCA1	JOSD1
APLN	SHBG
RAP2C	ZNF181
RAP2C-AS1	PIGB
HPRT1	CCDC160
RTL8C	ABCF3
RTL8C	SKIV2L
RTL8C	BCL7B
RTL8C	TRIP6
RTL8C	HMGB3
RTL8C	IKBKG
RTL8C	KXD1
RTL8A	C11orf71
RTL8A	AC016876.1
SMIM10L2B-AS1	AF130359.1
ATP11C	ARL5B
CDR1	HS3ST1
CDR1	KRTAP5-7
CDR1	POSTN
CDR1	LINC00871
AL078639.1	PLPP5
AL451048.1	AL031291.1
AL451048.1	DR1
AL451048.1	NEURL3
AL451048.1	AC083902.1
AL451048.1	AL513478.2
AL451048.1	AL358334.2
LDOC1	NUDCD1
MAGEC3	SPANXA2-OT1
AC239727.1	RAD54L
SLITRK2	ASF1A
SLITRK2	USP2-AS1
PASD1	MMP26
PASD1	AC005144.1
GABRE	PPP1R3B
PNMA5	AC009065.1
PNMA5	PLPPR3
PNMA3	SMIM10L2A
PNMA6F	MCHR2
BGN	GPNMB
BGN	CD82
BGN	MYADM
BCAP31	HSPBP1
PLXNB3	AL020996.1
SSR4	WDR74
PDZD4	AC010632.1
RENBP	C4orf47
RENBP	TIGD7
RENBP	SPATA33
RENBP	SLC35E4
TKTL1	AL358334.1
FLNA	PHLDA3
FLNA	DGKQ
EMD	PRH1
RPL10	MRPL24
RPL10	C8orf76
RPL10	SNHG7
ATP6AP1	ZBTB22
FAM50A	SEMA6C
FAM50A	POLRMT
PLXNA3	LINC00970
PLXNA3	SLC4A3
PLXNA3	CCDC120
PLXNA3	RGS11
PLXNA3	RFNG
PLXNA3	LPIN3
PLXNA3	ZGLP1
UBL4A	TOR2A
UBL4A	EPOP
G6PD	ADAM15
G6PD	TSPAN4
GAB3	BTBD19
KBTBD11-OT1	AC019257.1
AC245187.2	AC245519.1
AC245187.2	AC245123.1
AC245187.2	AC246817.1
AC245187.1	ZIK1
AC245123.1	AC246817.2
AC246817.1	AC246817.2
CSMD1	CELF3
CSMD1	AC006058.1
CSMD1	SRRM3
CSMD1	MMP17
CSMD1	PAK5
FAM85B	DPH2
FAM85B	AC145124.1
FAM85B	AC127526.1
CLDN23	GGN
MFHAS1	GUCY1B1
MFHAS1	TMEM164
MFHAS1	ERI1
MFHAS1	NOLC1
AC022784.7	AL159174.1
LINC00599	SLC29A1
LINC00599	SPTB
RP1L1	TMEM269
RP1L1	GUCA1C
RP1L1	AL139317.3
AC105001.1	AL137186.2
XKR6	TDRD10
AF131216.3	KCND1
AF131216.3	AL590399.1
CTSB	ECM1
CTSB	SRPRB
CTSB	USP5
CTSB	MAPK8IP2
FAM66D	FAM85B
FAM86B2	LRRC53
DLC1	ZNF684
DLC1	AC018682.1
DLC1	AC016722.2
DLC1	CHAC2
DLC1	SLC6A1-AS1
DLC1	LARS2-AS1
DLC1	LINC00616
DLC1	AC010260.1
DLC1	CBY3
DLC1	AL033384.2
DLC1	EYS
DLC1	CXorf36
DLC1	ZBTB6
DLC1	AP001825.1
DLC1	OLAH
DLC1	KCNIP2-AS1
DLC1	AC006581.2
DLC1	DCAF4
DLC1	AC027130.1
DLC1	PLCD3
DLC1	LENG8
DLC1	AC007666.1
DLC1	FP671120.1
AC019270.1	TIGD4
SLC7A2	COL9A1
AC087273.2	AP000763.3
AC090541.1	COL10A1
FGF17	FTCD
NUDT18	ARHGEF19
NUDT18	AL445228.2
PHYHIP	EHD3
PHYHIP	GPD1L
PHYHIP	SPRYD3
SLC39A14	YIPF1
SLC39A14	MEF2C-AS2
SLC39A14	HLA-E
SLC39A14	IER5L
SLC39A14	EPS8L2
SLC39A14	CNTNAP1
BIN3	CCDC51
EGR3	PSEN2
EGR3	GRASP
TNFRSF10D	PCDH18
TNFRSF10D	ZNF121
TNFRSF10A	RHEX
AF106564.1	JPH3
NEFM	NEFH
NEFL	ATP1B1
NEFL	NEFM
DOCK5	VSTM4
ADRA1A	AC078846.1
CLU	GNG5
CLU	RHOC
CLU	SF3B4
CLU	SMIM20
CLU	EEF1A1
CLU	PRAF2
CLU	SARAF
CLU	STOM
CLU	RIC8A
CLU	PNPLA2
CLU	RCN1
CLU	VIM
CLU	GMFB
CLU	MYL12A
CLU	SLC25A1
CLU	TSPO
SCARA3	SCN1B
SCARA5	AC112484.1
PNOC	AC135782.1
LINC02099	AC090970.2
SARAF	SLC39A1
SARAF	SMIM29
SARAF	MLF2
SARAF	BCKDK
SARAF	ADPRM
SARAF	KPNA2
SARAF	SERTAD1
SARAF	XBP1
AC068672.2	AC104248.1
NRG1	FRAS1
AC090993.1	AF279873.3
AC090993.1	AC087855.2
AC087855.1	SCX
AC090809.1	AC092155.1
AC090809.1	AC064836.3
AC090809.1	AC053503.1
ZNF703	NDP
LETM2	TATDN3
AC087623.1	AC016705.1
AC087623.2	DDN-AS1
AC069120.1	AC137630.2
AC069120.1	PLCXD2
AC108863.1	DIO1
AC108863.1	CD160
AC108863.1	ISPD-AS1
AC108863.1	AC004988.1
AC108863.1	SPACA5
AC108863.1	AWAT1
AC108863.1	AL138957.1
AC108863.1	AL031709.1
AC108863.1	AL121900.1
ADAM9	ATP7B
ADAM18	AL031289.1
ADAM18	AC010997.5
ADAM18	AL136295.2
ADAM18	AC138207.2
ADAM18	LINC01924
ADAM18	ZNF570
IDO2	CTSS
IDO2	AC064871.1
IDO2	MALINC1
IDO2	PRPH2
IDO2	MMP20
IDO2	SMIM26
AC105999.1	NR1I2
AC105999.1	ST8SIA6
AC105999.1	AL731567.1
AC105999.1	AL136295.6
VDAC3	SDK1
VDAC3	GOLT1B
VDAC3	RFX1
SLC20A2	ABTB2
CEBPD	FADS3
EFCAB1	CFAP73
ST18	MOBP
ST18	FRMD4B
RGS20	CIART
RGS20	AC025262.1
RGS20	HORMAD2-AS1
AC100821.2	PPT2-EGFL8
RPS20	RPL37A
RPS20	C6orf48
RPS20	DNAH11
RPS20	LAT2
RPS20	SLC39A4
RPS20	RPL35
RPS20	RPL27A
RPS20	FERMT3
RPS20	STOX1
RPS20	SLC47A1
RPS20	STK35
AC107952.2	AC135803.1
AC107952.2	CYB561D2-1
SDR16C5	CRHBP
LINC01606	GTPBP8
AC027698.1	AL035427.1
CA8	LGALSL
CA8	PNP
CA8	FRMD5
AC068389.4	AL121658.1
AC068389.4	AC135457.1
AC068389.4	AC008781.2
AC068389.4	AC008264.2
AC068389.4	AC010998.2
AC068389.4	LINC02288
AC068389.4	AC106037.2
AC022182.1	AC005091.1
NKAIN3	BRINP2
NKAIN3	EPHB1
NKAIN3	TENM3
NKAIN3	PRSS35
NKAIN3	TMEM132B
NKAIN3	RNF219-AS1
NKAIN3	TTC9
AC120042.1	ALB
AC120042.1	AL161785.3
AC120042.1	STPG3-AS1
AC120042.1	AC084880.2
AC120042.1	LINC02207
AC120042.1	LRRC74B
AC069133.1	AC079834.2
CRH	TEX46
CRH	LINC02513
CRH	ADRA2A
CRH	AC006487.1
ADHFE1	RCC1
ADHFE1	ALG6
ADHFE1	AC244021.1
ADHFE1	MTMR11
ADHFE1	MOGAT1
ADHFE1	DDIT4L
ADHFE1	ZGRF1
ADHFE1	LIFR-AS1
ADHFE1	ACSL6
ADHFE1	AC004982.2
ADHFE1	ZNF658
ADHFE1	ZBED5-AS1
ADHFE1	COX15
ADHFE1	SFXN2
ADHFE1	AC090115.1
ADHFE1	SETDB2
ADHFE1	PIPOX
ADHFE1	AC138150.1
ADHFE1	AC022098.1
CPA6	DEUP1
CPA6	MYO3A
CPA6	TDRD12
AC011853.2	GBP7
AC011853.2	WDFY3-AS1
AC011853.2	SOX5-AS1
C8orf34	PTCSC3
C8orf34	LRRC9
SULF1	IFI16
SULF1	GNB4
SULF1	GHR
SULF1	PHKG1
SULF1	GRAMD2A
SULF1	LINC01982
EYA1	ALPL
EYA1	ATP10B
EYA1	OSBPL3
EYA1	MPPED2
EYA1	RELT
SBSPON	AL645608.7
RPL7	NPAT
AC027018.1	AP001267.3
GDAP1	KLKB1
MIR2052HG	GDAP1
MIR2052HG	PI15
AC011632.1	AP001922.5
AC011632.1	PRMT5-AS1
AC011632.1	AL117190.2
AC011632.1	TGIF2-RAB5IF
AC011632.1	RASIP1
CRISPLD1	FRMPD3
ZFHX4-AS1	HIPK1-AS1
ZFHX4-AS1	AP000282.1
ZFHX4	MEIS1
ZFHX4	PDE7B
ZFHX4	AHCYL2
ZFHX4	DMD
ZFHX4	LHX2
ZFHX4	BICC1
ZFHX4	SCN8A
AC062004.1	FRMD4B
AC062004.1	LINC02008
ZC2HC1A	TXNIP
ZC2HC1A	PQLC3
ZC2HC1A	SOX4
ZC2HC1A	ZNF19
AC009812.4	RDH16
ZNF704	CNKSR3
ZNF704	IQANK1
FABP5	PMP2
FABP5	UBE2L6
FABP5	CYB5A
AC018616.1	AC023644.1
AC132219.1	AC021851.1
AC132219.1	POF1B
AC132219.1	NUTM2G
AC132219.1	SLC18A2
AC132219.1	AC023509.2
AC132219.1	AC010524.1
AC027701.1	AC118553.2
AC027701.1	PTPRC
AC027701.1	C1orf143
AC027701.1	GNLY
AC027701.1	AC105760.1
AC027701.1	SPATA18
AC027701.1	AC138819.1
AC027701.1	TDRG1
AC027701.1	LIN28B
AC027701.1	HTRA4
AC027701.1	AL354733.1
AC027701.1	AL158071.3
AC027701.1	ACRV1
AC027701.1	AL354950.2
AC027701.1	AC011604.2
AC027701.1	AC087897.2
AC027701.1	AMDHD1
AC027701.1	AC245033.1
AC027701.1	AC013565.1
AC027701.1	AC007906.2
AC027701.1	GRAP
AC027701.1	AC009720.1
AC027701.1	AC087289.2
AC027701.1	AL109955.1
AC027701.1	LINC01858
AC027701.1	AC016590.3
AC027701.1	CBLC
AC027701.1	AC006942.1
AC027701.1	ENTHD1
AC060765.1	GLYATL2
AC105031.2	ANKRD20A8P
AC105031.2	CBWD3
AC105031.2	AL731567.1
AC105031.2	AC068898.1
AC105031.2	TNKS2-AS1
AC105031.2	AC009318.2
RALYL	SLC44A5
C8orf59	LSM5
C8orf59	AL135925.1
C8orf59	ZNF260
AC011773.3	DNAJB4
AC011773.3	AC006450.2
AC011773.3	AP002992.1
AC011773.3	AL512622.1
AC011773.3	ATF7
AC011773.3	AC069029.1
CA1	CCNJL
ATP6V0D2	AC022826.2
AC090572.2	ISY1-RAB43
AC090572.2	PRRC1
AC090572.2	AL353596.1
AC090572.2	LINC00868
MMP16	CHSY3
MMP16	AC090568.2
RIPK2	OSGIN2
LINC00534	CLIC5
AB015752.1	APOBEC3F
NECAB1	CAMKV
NECAB1	TESPA1
C8orf88	KDELC1
AC117834.1	SLC26A5
CDH17	LINC02542
CDH17	TAGAP
ESRP1	LAMC2
ESRP1	AL451060.1
ESRP1	NPPC
ESRP1	AC112484.3
ESRP1	AC068631.1
ESRP1	TACR3
ESRP1	DEPDC1B
ESRP1	C8orf33
ESRP1	ABO
ESRP1	AL160396.1
ESRP1	NUSAP1
ESRP1	SNX22
C8orf37-AS1	AC012447.1
C8orf37-AS1	SLC13A3
UQCRB	TXN
UQCRB	RPS24
UQCRB	ATP5MD
MATN2	PDPN
MATN2	CSMD2
MATN2	STEAP3
MATN2	FAM171B
MATN2	GAB3
RGS22	METTL24
SPAG1	CEP135
SPAG1	GUCY1A2
SPAG1	LINC02568
RNF19A	G0S2
RNF19A	LINC02144
RNF19A	SPAG1
RNF19A	PCAT1
RNF19A	FAM222A-AS1
AP003469.2	AC064807.2
AP003469.4	NIPSNAP3B
GRHL2	BMP8A
GRHL2	PHLDB2
GRHL2	BVES-AS1
GRHL2	AC018645.2
GRHL2	AP002989.1
GRHL2	SH2D4B
GRHL2	VRTN
GRHL2	GPR68
GRHL2	AC129492.4
GRHL2	ZNF541
AZIN1-AS1	TTC34
AZIN1-AS1	DPH3
AZIN1-AS1	NECTIN3-AS1
AZIN1-AS1	AP003354.2
AZIN1-AS1	RFX3-AS1
AZIN1-AS1	TMEM106C
AZIN1-AS1	AC009119.2
AZIN1-AS1	MYO15B
AZIN1-AS1	CEBPB-AS1
AP003354.2	AL034417.4
AP003354.2	SLC2A1-AS1
AP003354.2	NSA2
AP003354.2	FTSJ1
AP003354.2	UPK2
AP003354.2	GABPB1-AS1
AP003354.2	NQO1
AP003354.2	SMARCD2
AP003354.2	GEMIN7-AS1
BAALC	AC239804.1
BAALC	ITPR1
BAALC	CALN1
BAALC	SRPK3
BAALC	GPCPD1
BAALC	ZNF708
BAALC-AS1	AMMECR1
BAALC-AS1	BAALC
BAALC-AS1	LPCAT3
BAALC-AS1	MEGF11
RIMS2	ATRNL1
RIMS2	ATP8A2
AC103853.1	AC005740.3
AC103853.1	B3GNT10
AC103853.1	LINC00858
PKHD1L1	METTL13
PKHD1L1	ANKRD20A3
PKHD1L1	HPX
SYBU	RMI1
LINC01608	GLDN
CSMD3	ARPP21
CSMD3	NLGN1
CSMD3	GABRA4
CSMD3	NUAK1
CSMD3	ABCA10
UTP23	LINC01355
UTP23	AL606760.2
UTP23	CYP1B1-AS1
UTP23	AC009404.1
UTP23	AC012363.1
UTP23	CTBP1-DT
UTP23	LINC02112
UTP23	BORCS7-ASMT
UTP23	ABHD13
UTP23	AP001025.1
SAMD12	AC027097.2
NOV	GPR12
AC021733.1	AL583808.1
AC021733.1	C1orf220
AC021733.1	AC096637.2
AC021733.1	AL592148.3
AC021733.1	SPC25
AC021733.1	AC068313.1
AC021733.1	AC008568.1
AC021733.1	SH3TC2-DT
AC021733.1	AC136628.4
AC021733.1	SCGN
AC021733.1	HCRTR2
AC021733.1	AL451064.1
AC021733.1	SLC22A2
AC021733.1	CFP
AC021733.1	AC084816.1
AC021733.1	TSPAN19
AC021733.1	AC005324.4
ENPP2	CNDP1
SNTB1	PRR5L
FAM83A	SLC25A34-AS1
FAM83A	MDS2
FAM83A	SERINC2
FAM83A	CAPN14
FAM83A	AC104187.1
FAM83A	LINC00636
FAM83A	AC111006.1
FAM83A	NDNF
FAM83A	LINC01256
FAM83A	LINC02147
FAM83A	MEIKIN
FAM83A	HCG20
FAM83A	C6orf132
FAM83A	FAM25C
FAM83A	PIK3AP1
FAM83A	BIN2
FAM83A	AL158063.1
FAM83A	AC093525.2
FAM83A	AC138904.3
FAM83A	LINC00470
FAM83A	AC090403.1
FAM83A	ISM1
FAM83A	TNNC2
NDUFB9	SSSCA1
AC100858.3	CNR2
AC100858.3	RSPH10B
AC100858.3	ELDR
AC100858.3	LINC02476
AC100858.3	FAM216B
AC100858.3	C15orf32
AC100858.3	AC126755.2
AC100858.3	AC025211.1
AC100858.3	TPX2
AC100858.3	AC008747.1
SQLE	AC069185.1
FAM84B	NES
PVT1	NKX2-2
AC090987.1	AC098484.2
AC090987.1	CFAP57
AC090987.1	MT1HL1
AC090987.1	AC073332.1
AC090987.1	ZNF668
AC090987.1	AC027281.1
AC090987.1	DSG1-AS1
AC090987.1	MYBL2
ADCY8	PDK3
KCNQ3	RSPO2
LRRC6	ITGB3BP
LRRC6	AC007405.1
LRRC6	FECH
LRRC6	DZANK1
LRRC6	ZNF528
TMEM71	AL627309.1
SLA	HOMER3
NDRG1	ADCY3
NDRG1	FLOT2
AC107375.1	PHYHD1
AC138647.1	RCOR2
ARC	TMEM186
AC108002.1	ATP6V0E2-AS1
THEM6	ALKBH4
THEM6	PLPP6
GML	AL445231.1
LY6E	AVPI1
LY6E	CTXN1
LY6H	EGFL7
GPIHBP1	TRAT1
GPIHBP1	LINC00393
GPIHBP1	RDM1
GPIHBP1	AC099850.2
GPIHBP1	STXBP2
GPIHBP1	CCDC134
RHPN1	GDPD2
RHPN1	PGGHG
RHPN1	CAPS
RHPN1	LTBP4
NAPRT	GSDMD
SCRIB	ATAD3A
PUF60	DDX54
PUF60	MANBAL
GRINA	SLC45A1
GRINA	PQLC2
GRINA	GLMP
GRINA	TMEM9
GRINA	SHISA4
GRINA	NAT8L
GRINA	AGPAT1
GRINA	HGH1
GRINA	PPP1R16A
GRINA	CDIPT
GRINA	KARS
GRINA	METTL23
GRINA	HMG20B
SPATC1	NLRC3
SPATC1	ATP2A1
OPLAH	MYBBP1A
GPAA1	AKR7A2
GPAA1	TUSC2
GPAA1	CNPY3
GPAA1	TAF6
GPAA1	COASY
GPAA1	CCDC106
CYC1	SSR2
CYC1	ATP5MC3
CYC1	PDHB
CYC1	TRMT10C
CYC1	BLOC1S4
CYC1	FAM50B
CYC1	ZNRD1
CYC1	YIPF3
CYC1	MAGEH1
CYC1	GLA
CYC1	ARMCX6
CYC1	POLB
CYC1	RRAGA
CYC1	RPP25L
CYC1	SURF2
CYC1	TMEM203
CYC1	NDUFS3
CYC1	UBXN1
CYC1	AIP
CYC1	MRPL43
CYC1	APEX1
CYC1	EIF2B2
CYC1	RPUSD2
CYC1	MRPS34
CYC1	NUBP2
CYC1	SNN
CYC1	EMC6
CYC1	PSMB6
CYC1	RANGRF
CYC1	MRPS7
CYC1	PSMC4
MAF1	SMIM15
BOP1	ZPR1
DGAT1	ARMC5
DGAT1	PRR36
SCRT1	AMH
KIFC2	TNFRSF25
KIFC2	DMAP1
KIFC2	BIN1
KIFC2	GMPPA
KIFC2	FOXO4
KIFC2	FGF17
KIFC2	TESK1
KIFC2	CCDC88B
KIFC2	AP1G2
KIFC2	HID1
KIFC2	PCED1A
PPP1R16A	HDDC3
PPP1R16A	NME4
PPP1R16A	TSNAXIP1
PPP1R16A	DGCR6L
RECQL4	CYP21A2
RECQL4	TRADD
ARHGAP39	ADCY5
ARHGAP39	LYVE1
ARHGAP39	ARHGEF17
ARHGAP39	KCNK15-AS1
RPL8	NIF3L1
RPL8	MRFAP1
RPL8	MRPL2
RPL8	CHCHD2
RPL8	MAGED2
RPL8	RPS3
RPL8	TRAPPC1
RPL8	CENPX
RPL8	AC016205.1
RPL8	TCEA2
RPL8	RPL3
RPL8	SOD1
AL161725.1	LINC02115
AL136979.1	AL353753.1
AL359076.1	AC012349.1
AL359076.1	AC005837.2
RFX3-AS1	AC114490.3
RFX3-AS1	LRRC39
RFX3-AS1	PJVK
RFX3-AS1	FSIP2-AS1
RFX3-AS1	AC006059.1
RFX3-AS1	BLOC1S5-TXNDC5
RFX3-AS1	AC027117.2
RFX3-AS1	SCART1
RFX3-AS1	AC008014.1
RFX3-AS1	AC110023.1
RFX3-AS1	FBXL16
RFX3-AS1	LINC01310
RFX3-AS1	HSF2BP
GLIS3	SKI
GLIS3	GPX7
GLIS3	MAN1A1
GLIS3	ADCY8
GLIS3	TMTC1
GLIS3	AC005670.1
GLIS3	AL122058.1
MLANA	AC079807.1
FREM1	SAMD13
SH3GL2	MSX2
SAXO1	AL589843.1
RRAGA	SLC22A15
RRAGA	C1orf56
RRAGA	AP1S3
RRAGA	MRPL44
RRAGA	MAGEF1
RRAGA	GPRIN1
RRAGA	SNRPC
RRAGA	POLH
RRAGA	TWISTNB
RRAGA	TMEM60
RRAGA	GSPT2
RRAGA	TMEM187
RRAGA	SAC3D1
RRAGA	DNMBP
RRAGA	NOXRED1
RRAGA	SNRNP25
RRAGA	VPS25
RRAGA	PHB
RRAGA	MRPS26
RRAGA	ECH1
RRAGA	MRPS12
RRAGA	PIH1D1
RPS6	RPL24
RPS6	RPL22L1
RPS6	RPL7
RPS6	RPL23A
CDKN2A	CDKN2B-AS1
AL353753.1	AC069224.1
EQTN	MEI4
EQTN	ABCG1
MOB3B	HVCN1
LINGO2	AC011287.1
LINGO2	DOK6
TAF1L	CDH17
DNAJA1	CCT3
DNAJA1	CACYBP
DNAJA1	CCT5
DNAJA1	TARS
DNAJA1	TCP1
DNAJA1	TPT1
DNAJA1	IDH2
DNAJA1	CCER2
DNAJA1	PRODH
CYP4F26P	ESPN
CYP4F26P	AC135507.1
CYP4F26P	AC129807.1
CYP4F26P	AC004052.1
CYP4F26P	LINC02477
CYP4F26P	AL031775.1
CYP4F26P	ATP6V1G2-DDX39B
CYP4F26P	AL391361.2
CYP4F26P	AC037486.1
CYP4F26P	IL2RA
CYP4F26P	AL355512.1
CYP4F26P	AC007569.1
CYP4F26P	GAS6-DT
CYP4F26P	LINC02137
CYP4F26P	AC005972.4
CYP4F26P	AC003005.1
CYP4F26P	MMP11
MYORG	SF3A1
ENHO	RHOB
ENHO	YPEL3
ENHO	OMG
CNTFR	MMEL1
CNTFR	IL15
CNTFR	DGKZ
CNTFR	ZFYVE21
CNTFR	PPP1R1B
RPP25L	GPR146
RPP25L	UTP14A
IL11RA	U52111.1
AL162231.1	SLC17A7
AL353795.2	CX3CR1
AL353795.2	AC144831.1
STOML2	DOK1
STOML2	NOC4L
STOML2	L3MBTL1
STOML2	PHF5A
TESK1	DESI1
TPM2	U2AF2
SPAAR	S100A2
SPAAR	LINC01303
PAX5	LINC02301
FAM95C	CCDC43
CNTNAP3	CNTNAP3B
CNTNAP3	BX088645.1
CNTNAP3	ACTA2
AL353626.1	THBS3
AL353626.1	GHRL
AL353626.1	AC098582.1
AL353626.1	CCDC192
AL353626.1	SLC26A8
AL353626.1	LINC01607
AL353626.1	SFXN3
AL353626.1	AC024257.1
AL353626.1	AC012254.1
AL353626.1	PPP6R1
AL391987.3	MED18
AL590399.1	CYBA
AL590399.1	AC016027.1
AL590399.1	AC254562.3
LINC01410	LINC00654
ANKRD20A4	FAM95B1
AL513478.2	OAS2
ZNF658	BPNT1
ANKRD20A1	AL136317.2
ANKRD20A1	ANKRD20A3
CBWD3	CBWD6
PIP5K1B	LINC00839
TJP2	LINC00937
TJP2	AC100793.4
FAM189A2	IFNLR1
FAM189A2	MASP1
FAM189A2	AL137025.1
FAM189A2	MAP1LC3B2
FAM189A2	AC087482.1
AL353693.1	C6
AL353693.1	AC104126.1
AL353693.1	TEX11
AL353693.1	LDB1
AL353693.1	RMI2
AL353693.1	U91319.1
MAMDC2-AS1	SMC5-AS1
C9orf57	NEURL2
C9orf57	AC010336.1
LINC01474	AL078604.2
ALDH1A1	ANTXR1
ALDH1A1	SEPT6
ALDH1A1	CARHSP1
PRUNE2	CSF1R
PRUNE2	SHTN1
PRUNE2	AC092111.1
GNA14	CRIM1
GNA14	CSPG5
GNA14	EOGT
GNA14	TMEM150C
GNA14	AC004540.2
GNA14	POU3F4
GNA14	TMEM74
GNA14	SLC35D2
GNA14	TACC2
GNA14	SYT17
GNA14	QPRT
GNA14	RHPN2
GNA14-AS1	RHBDL2
GNA14-AS1	PM20D1
GNA14-AS1	BCO1
GNA14-AS1	AP000311.1
AL512634.1	AC027237.2
AL512634.1	B9D2
AL137847.2	AL359764.1
AL137847.2	TMEM169
AL137847.2	AL137847.1
AL137847.2	AL137186.2
AL137847.2	LINC02450
IDNK	MDH1B
IDNK	POC5
IDNK	NOXA1
IDNK	AP002748.3
IDNK	LINC02352
AL390838.1	CLDN16
AL390838.1	ARL14EPL
AL390838.1	AP001970.1
NTRK2	SLC1A4
NTRK2	SLC4A4
NTRK2	ETNPPL
NTRK2	LINC00499
NTRK2	ENPP5
NTRK2	LANCL2
NTRK2	MBNL3
NTRK2	GLIPR2
NTRK2	LGI1
NTRK2	GPAM
NTRK2	RERG
NTRK2	LMO3
NTRK2	ABCB9
C9orf153	CACNB4
C9orf153	GAGE10
C9orf153	C1QTNF6
C9orf153	LINC00159
CTSL	GLT8D1
CTSL	BPGM
CTSL	ACAA2
SHC3	ODF2L
SHC3	SEPT4
SHC3	LAMA5
CKS2	PRLR
CKS2	CNTD2
GADD45G	AL606807.1
GADD45G	PPA1
SYK	LINC01632
AL158071.3	TAGAP
NFIL3	ALDH1L1-AS2
NFIL3	AL355315.1
NFIL3	MAP2K3
IARS	MATR3
IARS	GARS
IARS	ZNF778
OMD	ASPN
OMD	AC015845.1
ASPN	C17orf78
PTPDC1	ZNF229
FBP1	CFAP77
FBP1	AC091132.5
PTCH1	SEPHS1
PTCH1	AL133325.3
AL161729.4	BBS12
LINC00092	SPACA9
AL449403.1	RNF207
AL449403.1	AC022031.2
AL449403.2	DCBLD2
HEMGN	AL590640.1
HEMGN	IL23R
HEMGN	ARHGAP25
HEMGN	AC098820.3
HEMGN	TOPAZ1
HEMGN	AC104411.1
HEMGN	TPRG1-AS1
HEMGN	TRIP13
HEMGN	AC025171.3
HEMGN	TIMD4
HEMGN	FGF18
HEMGN	POPDC3
HEMGN	AL078590.2
HEMGN	AC007128.1
HEMGN	LINC01162
HEMGN	ATP6V1FNB
HEMGN	KLRG2
HEMGN	TMEM246-AS1
HEMGN	WT1
HEMGN	AC021006.2
HEMGN	CD6
HEMGN	LINC02151
HEMGN	AP003393.1
HEMGN	AL353784.1
HEMGN	MYPN
HEMGN	AL137058.1
HEMGN	AC100835.1
HEMGN	AC090607.3
HEMGN	MESP2
HEMGN	AC140504.1
HEMGN	NPIPA7
HEMGN	LINC00922
HEMGN	PIK3R6
HEMGN	AC005288.1
HEMGN	MIR4527HG
HEMGN	LINC01416
HEMGN	AC005808.1
HEMGN	ALDH16A1
HEMGN	U2AF1L5
AL137067.1	ACKR2
AL137067.1	ROCR
AL359710.1	PTMA
AL359710.1	AC063944.3
AL359710.1	BDH1
AL359710.1	SEC24B-AS1
AL359710.1	AC078881.1
AL359710.1	GSAP
AL359710.1	RAB40A
AL359710.1	LHFPL1
AL359710.1	FAM50A
AL359710.1	CASC2
AL359710.1	AC090517.4
AL359710.1	RAC3
AL359710.1	AC025887.2
AL359710.1	PAFAH1B3
AL359710.1	ATF4
NR4A3	RHOQ
NR4A3	NR4A2
NR4A3	SYAP1
NR4A3	ZNF331
C9orf152	CDHR2
AL162414.1	AC005537.1
AL162414.1	CELSR1
ZNF483	TMEM178A
ZNF483	GPRASP1
C9orf84	NUP210L
C9orf84	COL6A6
C9orf84	SLC13A4
C9orf84	EFCAB13
C9orf84	AC104532.2
UGCG	POC1A
UGCG	ANOS1
UGCG	SAV1
ZFP37	GATC
ZFP37	GOLGA6L9
ZFP37	ZNF66
ZFP37	LENG8-AS1
FAM225B	ZNF34
FAM225B	NOX4
FAM225B	DUSP15
COL27A1	MCM4
COL27A1	CCDC3
COL27A1	GALNT8
WHRN	GOLGA3
ATP6V1G1	MRPS18A
ATP6V1G1	MID1IP1
ATP6V1G1	RFK
ATP6V1G1	TRIAP1
TEX53	AC073842.1
TEX53	AP003419.1
TEX53	C3AR1
TEX48	MAB21L3
TEX48	AC019131.2
TEX48	CDSN
TEX48	WWOX-AS1
TEX48	AP000281.2
TEX48	TSPEAR-AS2
TNC	DPP10
TNC	SLC8A3
PAPPA	RUNX2
ASTN2-AS1	CABYR
AL133284.1	HTR2B
AL133284.1	TCF4-AS2
AL133284.1	RGL4
AL160272.2	AL160272.1
AL160272.2	GVQW3
AL160272.2	RHBDL3
BRINP1	LINC00958
DAB2IP	DHFR2
DAB2IP	STAT5A
CRB2	EMILIN1
CRB2	CX3CL1
CRB2	SSBP4
LHX2	AC010127.1
AC006450.3	AC135050.2
AC006450.2	ZNF492
NEK6	GLI2
NEK6	MFAP3L
NEK6	KIAA0895
NEK6	ASL
NEK6	VPS37C
NEK6	SORBS1
NEK6	TSPAN9
NEK6	RASA3
NEK6	AXIN2
NEK6	HUNK
OLFML2A	LPCAT2
RPL35	SNRPD2
ARPC5L	GTF2F1
HSPA5	PDIA6
HSPA5	C2orf92
HSPA5	MANF
HSPA5	PDIA4
HSPA5	HSP90B1
HSPA5	HERPUD1
HSPA5	CALR
HSPA5	C19orf18
HSPA5	SDF2L1
HSPA5	XBP1
CDK9	COL11A2
CDK9	GPSM1
CDK9	LCAT
FAM102A	TMEM51
FAM102A	PSD4
FAM102A	TRAF2
FAM102A	GRIN2C
FAM102A	FAM182B
PTGES2	NT5C3B
PTGES2	EXOSC5
AL590708.1	INSC
C9orf16	SNCG
DNM1	PIANP
DNM1	KIF5A
DNM1	STX1B
DNM1	EEF1A2
DNM1	CACNG8
SLC27A4	MFSD12
SLC27A4	DPF1
SLC27A4	PPM1F
AL359091.1	LDB3
AL359091.1	AC110285.1
CERCAM	CNTN2
PKN3	ABCC3
SPOUT1	ZFPL1
PHYHD1	AL672142.1
PTPA	BCAR1
IER5L	EPHA2
IER5L	RGS16
IER5L	GAS6
C9orf106	BEND3
LINC01503	GCKR
LINC01503	C11orf96
LINC01503	IL15RA
LINC01503	STN1
LINC01503	MOCOS
C9orf50	CSTF3-DT
AL158207.2	AC008691.1
AL157938.2	ZRANB2-AS1
AL157938.2	AC006160.1
AL157938.2	KHDC1
AL157938.2	SFRP4
AL157938.2	ADGRG2
AL157938.2	AC073167.1
AL157938.2	Z99774.1
AL157938.2	AL021393.1
AL157938.3	ABHD12B
AL157938.3	MEG3
AL358781.2	EPPK1
UCK1	RAB37
AK8	HCCS
GFI1B	RNF2
RALGDS	F3
RALGDS	SH3BP2
RALGDS	PTP4A3
RALGDS	SBK1
RALGDS	PLD2
RALGDS	TRIM47
RALGDS	CYBC1
RPL7A	EIF3I
RPL7A	IMP4
RPL7A	RPSA
RPL7A	ARFIP2
RPL7A	EMC9
RPL7A	TINF2
RPL7A	VAT1
RPL7A	IDH3B
RPL7A	ADRM1
VAV2	CCDC181
SOHLH1	CPNE7
SOHLH1	TMEM74B
KCNT1	LINC00599
NALT1	ATXN7
NALT1	LTB
NALT1	AC174065.1
EGFL7	KCNK4
EGFL7	SPEF1
AGPAT2	SMPD2
AJM1	CARMIL3
PHPT1	SIGIRR
EDF1	MRPL55
EDF1	POLE4
EDF1	TMEM134
EDF1	SIVA1
EDF1	OCEL1
EDF1	PAF1
LCN12	AL022328.4
LCNL1	MROH7-TTC4
LCNL1	SAMD10
PAXX	FAM229A
PAXX	FLAD1
PAXX	KLHDC8B
PAXX	TAF10
PAXX	MED11
PAXX	TEPSIN
PAXX	DDX39A
NPDC1	WDYHV1
ENTPD2	GOLGA7B
GRIN1	CHD5
GRIN1	SLC6A7
GRIN1	FBLL1
GRIN1	EPHB6
GRIN1	KIFC2
GRIN1	SOHLH1
GRIN1	KCNT1
GRIN1	PDIA2
GRIN1	CORO6
GRIN1	SRCIN1
GRIN1	MAST3
SSNA1	TMEM198
SSNA1	MED19
TPRN	TMEM106A
BX255925.3	CLUH
STPG3-AS1	DACT3-AS1
NOXA1	SEMA3B
PNPLA7	JDP2
ARRDC1	ADCK5
IFITM3	OTOS
IFITM3	IFITM2
IFITM3	ESYT1
IFITM3	MMP14
AC136475.9	AC136475.5
B4GALNT4	IDUA
B4GALNT4	SHC2
B4GALNT4	CIC
SIGIRR	KAT2A
SIGIRR	SPATA20
SIGIRR	STX10
RNH1	NBPF10
RNH1	MRPS10
RNH1	DHODH
IRF7	AL354836.1
GATD1	SYCP2
GATD1	APC2
AP006621.3	POLM
AP006621.3	RARG
PIDD1	PPP2R3B
PIDD1	RHPN1
PIDD1	ARFGAP1
PIDD1	PCSK4
RPLP2	RPL31
RPLP2	MAML3
RPLP2	MS4A5
RPLP2	SNHG9
CD151	MGAT4B
CD151	G6PD
POLR2L	NDUFA2
POLR2L	SF3B5
POLR2L	AL078612.1
POLR2L	UQCR11
MUC6	TMPRSS9
TOLLIP-AS1	ZNF674-AS1
CD81	ACKR3
CD81	SCAMP4
TSSC4	SEMA4C
TSSC4	B3GAT3
CARS	TCEA3
CARS	YARS
CARS	SLC7A1
AC127526.1	AC138035.1
AC127526.1	AP003716.1
HBB	HBA2
AC104389.4	TRIM5
OR51I2	STEAP4
OR51I2	AC100839.2
OR51I2	KIF23
CCKBR	SH2D5
CCKBR	C3orf80
CCKBR	OCIAD2
CCKBR	ADCYAP1
SMPD1	TPRG1L
SMPD1	CHPF
SMPD1	PTBP1
HPX	ADGRG3
AC084337.2	DPCD
TPP1	SOX9
AC107884.1	PPFIBP2
NLRP10	NT5C1A
NLRP10	TMEM154
NLRP10	JRKL
TRIM66	ID2-AS1
TRIM66	ANKMY1
TRIM66	AC073389.2
TRIM66	SLC13A3
RPL27A	SLFNL1
RPL27A	NEK10
RPL27A	ZNF630
RPL27A	RPL13A
AC079296.1	SPHKAP
AC079296.1	FGF18
AC079296.1	KIF18A
AC132192.2	AC069544.1
AC011092.2	LINC00624
AC011092.2	AL359918.2
AC011092.2	AC117834.1
AC011092.2	LRRC19
AC011092.2	AL138689.2
AC011092.2	SLC24A5
AC011092.2	AC002116.2
AC100763.1	AL139294.1
AC100763.1	FAHD1
ADM	HK2
MTRNR2L8	OSER1
MRVI1	TNS1
MRVI1	ATP2B2
MRVI1	OSBPL11
MRVI1	ST3GAL1
MRVI1	NPDC1
MRVI1	SIN3A
ZBED5	TSEN15
ZBED5	MSH6
ZBED5	ANKRD50
ZBED5	SAT1
ZBED5	SACS
ZBED5	SOCS4
ZBED5	GRAPL
ZBED5	AC010615.4
ZBED5-AS1	AC090001.1
ZBED5-AS1	AL354696.2
ZBED5-AS1	C21orf58
LINC00958	AC084859.1
ARNTL	VWF
PTH	CYP51A1
PDE3B	TUFT1
PDE3B	AC092957.1
PDE3B	ANGPTL2
PDE3B	PSMA1
PDE3B	CALCB
AC103794.1	LRRC31
AC103794.1	AC008040.5
AC103794.1	UBXN7-AS1
AC103794.1	AC106864.1
AC103794.1	AC106895.2
AC103794.1	AC010255.1
AC103794.1	AL512634.1
AC103794.1	C11orf42
AC103794.1	EBF3
AC103794.1	TBX2-AS1
RPS13	C12orf10
PIK3C2A	AC007389.5
PIK3C2A	C3orf58
PIK3C2A	ADRA2C
PIK3C2A	RNF144B
PIK3C2A	TTPA
ABCC8	RAP2B
ABCC8	NOL3
ABCC8	ZNF763
USH1C	DAAM2
USH1C	DSCAML1
USH1C	CYP4F12
SERGEF	ZBTB7C
TPH1	AP003066.1
LDHA	NAB1
LDHA	NTMT1
LDHA	SEPHS2
IGSF22	CCDC138
NAV2	MAP3K19
NAV2	APBA2
PRMT3	ARSJ
PRMT3	FAM173B
SLC5A12	AC018716.2
BBOX1-AS1	AGER
KIF18A	FSCN3
AC090124.1	AC124657.1
KCNA4	MUC20
MPPED2	DCHS2
MPPED2	ANKRD33B
MPPED2	HDAC2-AS2
MPPED2	GPR37
MPPED2	ZFHX4-AS1
MPPED2	FAM155A
MPPED2	LINC02328
AL035078.1	CAPN13
AL035078.1	CLYBL-AS1
RCN1	IRAK1
DEPDC7	LGI2
DEPDC7	LINC01018
DEPDC7	FANCB
DEPDC7	GLYAT
HIPK3	OTUD7B
HIPK3	ANKRD28
HIPK3	PLSCR4
HIPK3	RAI2
HIPK3	GAB2
HIPK3	STK24
HIPK3	THSD4
HIPK3	AKAP10
HIPK3	DLGAP1-AS2
AL356215.1	KIF2C
AL356215.1	AC022113.1
AL356215.1	HIST1H1E
AL356215.1	AC009262.1
AL356215.1	NPC1L1
AL356215.1	TNFRSF10D
AL356215.1	AC103409.1
AL356215.1	FAM225B
AL356215.1	AC009549.1
AL356215.1	CH25H
AL356215.1	GPRC5A
AL356215.1	C17orf64
AL356215.1	RBBP8
AL356215.1	RDH13
CD44	ST6GAL1
CD44	ALPK1
CD44	RETREG1
CD44	ANKRD55
CD44	CHRDL1
CD44	TMEM255A
CD44	MATN2
CD44	TRIM22
CD44	PLPP4
CD44	RASL12
CD44	PIRT
CD44-AS1	WNT4
CD44-AS1	AC083805.3
CD44-AS1	POLD1
SLC1A2	LPAR3
SLC1A2	AC092131.1
PAMR1	AC008074.1
PAMR1	H2AFY2
PAMR1	MMP28
PAMR1	B4GALT6
PAMR1	LINC01532
AC022796.1	INO80B
LRRC4C	AC092673.1
LRRC4C	AC097518.1
LRRC4C	POU6F2
AC021006.2	AL138694.1
AC021006.2	DHDH
LINC01499	AC069257.3
LINC01499	AKR1D1
LINC01499	AC091057.3
LINC01499	FBXO47
AC090458.1	AC079917.1
CHST1	PHEX
CHST1	MAPK12
CRY2	NID1
MAPK8IP1	CAPNS1
DGKZ	DPYSL5
DGKZ	SPRY4
DGKZ	SPRY3
DGKZ	PTPRJ
LRP4-AS1	FMO5
LRP4-AS1	TMEM44-AS1
LRP4-AS1	CPVL
LRP4-AS1	CYP3A5
LRP4-AS1	A2ML1-AS1
LRP4-AS1	GPC5-AS1
LRP4-AS1	ZNF213
LRP4-AS1	MIS12
LRP4-AS1	AC005746.2
LRP4-AS1	AC023421.2
LRP4-AS1	LINC01659
PSMC3	ANAPC13
PSMC3	SRSF8
PSMC3	RNF227
NDUFS3	FLYWCH2
FAM180B	TRIM67
FAM180B	AC134772.1
FAM180B	AL121718.1
FAM180B	GRIFIN
FAM180B	AC099681.1
FAM180B	LINC00972
FAM180B	CRH
FAM180B	AC024475.4
FAM180B	AP001783.1
FAM180B	AC024257.5
FAM180B	CISTR
FAM180B	USB1
FAM180B	AC118757.1
FAM180B	SLC32A1
FOLH1	LRP2
LRRC55	SFN
LRRC55	CHIT1
LRRC55	AL118511.1
LRRC55	AC126283.2
LRRC55	AC009902.2
LRRC55	CTHRC1
LRRC55	MYC
LRRC55	AP000550.1
APLNR	AC009654.1
UBE2L6	LSM2
UBE2L6	PSMB9
SERPING1	QSOX1
SERPING1	LETM2
SERPING1	TNS2
OR9Q1	FREM3
GLYAT	AC093639.1
GLYAT	LRRC46
AP002347.1	CCDC142
MS4A4E	B4GALT4
MS4A4E	PAQR9
MS4A4E	CLDN16
MS4A4E	ADH6
MS4A4E	AC008667.2
MS4A4E	KCNMB1
MS4A4E	HLA-DMB
MS4A4E	FAM162B
MS4A4E	AC104561.1
MS4A4E	ESRP1
MS4A4E	AL158154.2
MS4A4E	AP003781.1
MS4A4E	LINC01198
MS4A4E	AC090607.3
PRPF19	MAP1S
TMEM132A	CAMK2N1
TMEM132A	BCAN
TMEM132A	EPHB3
TMEM132A	CRB2
TMEM132A	SLC2A6
TMEM132A	LRFN4
TMEM132A	GPR162
TMEM132A	TMED3
TMEM132A	DOC2A
TMEM132A	CBARP
TMEM132A	NR2F6
TMEM132A	SIX5
VWCE	PNCK
CYB561A3	TPMT
AP003108.1	SGK2
DAGLA	LOXL1
FADS2	NPDC1
FADS2	NKAIN4
FADS2	AL121827.2
FADS1	FADS2
FADS1	BEST1
FADS3	SLC25A28
FTH1	FTL
AP003306.1	SLC11A1
AP003306.1	CD96
AP003306.1	AC016257.1
AP003306.1	AC095350.1
AP003306.1	NLRP5
SCGB1A1	AL512625.1
AP001363.2	AL138966.2
EML3	INAFM1
EML3	MAPK11
B3GAT3	BST2
B3GAT3	MIEF1
UBXN1	H2AFJ
GNG3	CGREF1
GNG3	KCNK12
GNG3	MAL2
GNG3	YPEL4
GNG3	INA
GNG3	CKMT1A
GNG3	LINC00672
GNG3	TUBB4A
POLR2G	GNAZ
TAF6L	ADAM11
TMEM179B	AKIP1
TMEM179B	TMEM223
SLC22A25	AC106799.2
SLC22A9	CCR3
SLC22A9	SLC22A25
SLC22A9	AC140847.2
STIP1	PLOD1
STIP1	AC244453.3
STIP1	C7orf61
STIP1	RGS22
STIP1	SPINDOC
STIP1	CHORDC1
STIP1	MARS
STIP1	RNASEH2B-AS1
STIP1	TENT4B
STIP1	JMJD6
STIP1	PIK3IP1
STIP1	LCA5L
TRPT1	C1orf174
DNAJC4	HDX
VEGFB	AP001453.1
VEGFB	ZFPM1
FKBP2	C4orf48
FKBP2	FUNDC1
FKBP2	BAD
FKBP2	DPAGT1
FKBP2	PSME1
FKBP2	TGM1
FKBP2	ZFYVE26
FKBP2	THOC6
FKBP2	AC002310.1
FKBP2	STX4
FKBP2	NOB1
FKBP2	TLDC1
FKBP2	GPS2
FKBP2	PSMC5
FKBP2	SDCBP2-AS1
PLCB3	MEPCE
BAD	THAP1
GPR137	ASPRV1
GPR137	FASTK
GPR137	MLST8
GPR137	ZNF768
GPR137	NACC1
TRMT112	BRF2
TRMT112	ZNF418
PRDX5	UFC1
PRDX5	NDUFS6
PRDX5	MIPEP
PYGM	PRR18
PYGM	AC092647.5
PYGM	ZNF823
PYGM	SSC5D
PYGM	SLC19A1
CDCA5	GNMT
TM7SF2	CREG1
TM7SF2	PODXL2
TM7SF2	NECAB3
TM7SF2	ASPDH
FAU	TOR1A
FAU	RPL7A
FAU	RPS13
FAU	RPL41
FAU	UBA52
FAU	RPL18
CAPN1	OGFR
NEAT1	AL031727.2
NEAT1	DDR2
NEAT1	ERVMER61-1
NEAT1	AL591885.1
NEAT1	ATP1B3
NEAT1	AL121944.1
NEAT1	HSD17B8
NEAT1	SLC7A2
NEAT1	AC018541.1
NEAT1	FBXO32
NEAT1	FRMD3
NEAT1	C11orf80
NEAT1	NUTM2A-AS1
NEAT1	SH3PXD2A
NEAT1	HSD17B6
NEAT1	LINC00381
NEAT1	CMTM5
NEAT1	NRG4
NEAT1	SYNM
NEAT1	MYO1C
NEAT1	HAP1
MALAT1	EFCAB10
CFL1	PEBP1
CFL1	BORCS6
CFL1	C20orf27
CFL1	MRPL54
EFEMP2	ASB6
EFEMP2	UAP1L1
EFEMP2	CDK3
EFEMP2	C18orf54
EFEMP2	SF3A2
CCDC85B	PRKAG2-AS1
CCDC85B	RNF32
CCDC85B	CACNB3
FOSL1	GPR3
FOSL1	ZC3H12A
FOSL1	AC020916.1
DRAP1	ZNF593
DRAP1	HTRA2
DRAP1	BZW1
DRAP1	PSMD6
DRAP1	DDAH2
DRAP1	HCFC1R1
DRAP1	ASNA1
KLC2	PFKFB1
RAB1B	TSPYL4
RIN1	AMDHD2
B4GAT1	SLC22A17
CTSF	GSTM3
CTSF	EZH2
CTSF	ENHO
CTSF	CHADL
RBM4	MLYCD
RBM4	STX16-NPEPL1
RBM4	LSM7
C11orf80	SEC24D
SYT12	ZDHHC23
GRK2	FLII
CLCF1	TRPC3
CLCF1	AL731569.1
CLCF1	BMP2
CLCF1	AC005498.3
PPP1CA	ESS2
CARNS1	MOG
CARNS1	SHROOM4
CARNS1	AL359091.1
CARNS1	MYRF
CARNS1	OPALIN
CARNS1	FA2H
CARNS1	CD22
RPS6KB2	ZNF598
RPS6KB2-AS1	AC245100.1
RPS6KB2-AS1	AC008073.2
RPS6KB2-AS1	ACMSD
RPS6KB2-AS1	ADAMTS9-AS1
RPS6KB2-AS1	TIGIT
RPS6KB2-AS1	NPHP3-AS1
RPS6KB2-AS1	CLDN18
RPS6KB2-AS1	P2RY13
RPS6KB2-AS1	ERVMER34-1
RPS6KB2-AS1	AC093297.1
RPS6KB2-AS1	AC008914.1
RPS6KB2-AS1	GCM2
RPS6KB2-AS1	AL049552.1
RPS6KB2-AS1	AL049820.1
RPS6KB2-AS1	AL121935.1
RPS6KB2-AS1	STARD8
RPS6KB2-AS1	EXTL3-AS1
RPS6KB2-AS1	C8orf86
RPS6KB2-AS1	AC027701.1
RPS6KB2-AS1	AC107884.1
RPS6KB2-AS1	AP003064.1
RPS6KB2-AS1	LBHD1
RPS6KB2-AS1	AP000911.1
RPS6KB2-AS1	AL359878.2
RPS6KB2-AS1	AL391704.2
RPS6KB2-AS1	RBP5
RPS6KB2-AS1	AC023509.2
RPS6KB2-AS1	AC068643.2
RPS6KB2-AS1	ZNF10
RPS6KB2-AS1	NOP9
RPS6KB2-AS1	AL049840.2
RPS6KB2-AS1	AC023906.3
RPS6KB2-AS1	AC016987.1
RPS6KB2-AS1	AC018946.1
RPS6KB2-AS1	AC009065.8
RPS6KB2-AS1	AC007347.1
RPS6KB2-AS1	LINC02169
RPS6KB2-AS1	AC009139.2
RPS6KB2-AS1	LOXHD1
RPS6KB2-AS1	PET117
RPS6KB2-AS1	SMIM26
RPS6KB2-AS1	PTK6
RPS6KB2-AS1	AC119396.2
RPS6KB2-AS1	GAPDHS
RPS6KB2-AS1	PSG8
RPS6KB2-AS1	AC092301.1
RPS6KB2-AS1	VPREB3
RPS6KB2-AS1	KDELR3
RPS6KB2-AS1	Z98885.3
CDK2AP2	EVA1B
CDK2AP2	PDRG1
CDK2AP2	PIGT
GSTP1	SYF2
GSTP1	EBNA1BP2
GSTP1	MDK
GSTP1	ZNF22
GSTP1	GLRX5
GSTP1	MRPL58
GSTP1	DHPS
AC004923.4	AL121652.1
TCIRG1	AL645933.2
TCIRG1	AC026523.1
TCIRG1	CHRNE
TCIRG1	AC007292.1
AP003096.1	Z98884.1
AP003096.1	PCCA-AS1
ORAOV1	NME6
AP002336.2	FO393419.2
AP002336.2	AL451070.1
AP002336.2	DCDC2B
AP002336.2	SYNC
AP002336.2	AL020995.1
AP002336.2	AL603832.1
AP002336.2	ITPKB-AS1
AP002336.2	AGBL5
AP002336.2	AC092431.1
AP002336.2	MKRN2OS
AP002336.2	B4GALT4-AS1
AP002336.2	LXN
AP002336.2	LINC01322
AP002336.2	SLC51A
AP002336.2	RPL9
AP002336.2	OCIAD1-AS1
AP002336.2	C4orf51
AP002336.2	P4HA2-AS1
AP002336.2	SPDYE5
AP002336.2	SPDYE3
AP002336.2	PHKA1-AS1
AP002336.2	AC104316.1
AP002336.2	AP002892.1
AP002336.2	AP003392.1
AP002336.2	CCDC65
AP002336.2	AL355001.1
AP002336.2	ATP12A
AP002336.2	AL133453.1
AP002336.2	AL158801.3
AP002336.2	DUOX1
AP002336.2	AC103876.1
AP002336.2	AC087286.2
AP002336.2	LINC01579
AP002336.2	AC009163.1
AP002336.2	AC090617.4
AP002336.2	AC091132.2
AP002336.2	TAC4
AP002336.2	ASIP
AP002336.2	ZBTB32
SHANK2	VWA3A
KRTAP5-7	LINC00578
KRTAP5-10	DLEU7-AS1
AP000812.1	AL512353.1
P2RY2	HAUS7
ARHGEF17	PTH1R
ARHGEF17	TPCN2
PGM2L1	NGEF
AP001372.1	VAV1
KCNE3	AC010975.1
CHRDL2	AC113615.1
ARRB1	LINC01739
ARRB1	CDK18
ARRB1	AC104662.2
ARRB1	ARHGAP26
ARRB1	CAMK2G
ARRB1	HPSE2
ARRB1	BLOC1S2
ARRB1	MYBPC1
ARRB1	TPCN1
ARRB1	TMEM107
ARRB1	AL121760.1
ARRB1	AC010422.6
ARRB1	RYR1
ARRB1	SLC25A18
ARRB1	EMID1
SERPINH1	HSPA6
GAB2	LIX1
AP003086.2	SMIM10
AP003086.2	PKIA-AS1
TENM4	SPOCK1
TENM4	ANXA11
AP006295.1	AP001978.1
AP006295.1	MIR4300HG
AP002759.1	AP001978.1
AP002759.1	MIR4300HG
AP002802.1	SPINK5
AP002802.1	AP006295.1
AP002802.1	AC024361.2
FAM181B	RHBDF1
FAM181B	CCDC137
FAM181B	GID8
FAM181B	CTU1
AP001825.1	UTP4
AP001825.1	LINC01229
AP001825.1	WDR88
AP000857.2	AP005899.1
CCDC83	CD180
CCDC83	AL133372.2
AP003059.2	AP003059.1
AP001528.2	TFAP2E
AP001528.2	LAMB4
AP001528.2	CRY2
AP001528.2	PRSS23
AP001528.2	KCNG1
RAB38	THAP10
RAB38	GNG8
GRM5	CACNA1E
GRM5	GRID2
GRM5	MLIP
GRM5	CSMD3
GRM5	FGF14
GRM5	JPH4
CHORDC1	AC244517.5
CHORDC1	ZNF473
AP003718.1	AC245884.10
GPR83	PDE11A
AP000787.1	AC099850.1
SESN3	HSD17B11
SESN3	CPED1
SESN3	HAPLN3
SESN3	SSTR2
AP001790.1	HARS2
AP003781.1	AL122019.1
AP003781.1	AC002383.1
AP003781.1	AL691420.1
AP003781.1	GLB1L2
AP003781.1	AL049775.1
AP003781.1	ZNF48
CNTN5	EPB41L4B
AP001351.1	GASAL1
PGR	TMEM200A
PGR	AC004889.1
PGR	AC025265.1
AP001830.1	AL132780.2
LINC02552	SAMD5
CASP4	TENT5C
CASP4	BMPR1B-DT
CASP4	AL356124.1
CASP4	MAP3K8
CASP4	C13orf46
CASP4	MICALL1
GRIA4	HSD11B1
GRIA4	GRIA1
GRIA4	LAMB1
GRIA4	FOXP2
RAB39A	CGAS
C11orf65	C2orf73
C11orf65	SPATA9
C11orf65	AL358937.1
C11orf65	SLC2A8
AP003049.2	AP002444.1
AP003049.2	LINC01515
C11orf87	PRKCG
LINC02550	SAMD9
BTG4	LINC00698
BTG4	FRMPD3-AS1
BTG4	AL034549.1
BTG4	FUT3
CRYAB	DBI
CRYAB	PGAM2
CRYAB	SSH3
CRYAB	CLEC4A
CRYAB	AC023790.2
CRYAB	CSRP2
CRYAB	MRPL52
CRYAB	NUPR1
CRYAB	SELENOW
PTS	AKAP17A
PTS	AP002884.1
HTR3B	ALLC
HTR3B	CD8A
HTR3B	TRIM59
HTR3B	LINC01206
HTR3B	PDCL2
HTR3B	PRSS12
HTR3B	LINC02516
HTR3B	LINC01624
HTR3B	AC006333.1
HTR3B	PNMA5
HTR3B	PNMA6F
HTR3B	AL591441.1
HTR3B	AC025569.1
HTR3B	LINC02338
HTR3B	AC026523.1
HTR3B	SLC14A2-AS1
HTR3B	AC068473.4
HTR3B	AL162457.2
ZBTB16	BOC
ZBTB16	FKBP5
ZBTB16	C7orf31
ZBTB16	IMPA1
ZBTB16	SPSB2
CADM1	CHL1
CADM1	ADRA1B
CADM1	AL445250.1
CADM1	PAPPA
CADM1	PTPRJ
CADM1	ADRB1
AP000462.1	CAV3
AP002991.1	PID1
AP002991.1	LINC01238
AP000770.1	AC078802.1
AP000770.1	ARMC2-AS1
AP000770.1	AP000759.1
AP000770.1	AL138974.1
AP000770.1	AC118757.1
APOA1	AL731566.2
APOA1	NAGPA-AS1
MPZL3	AL161630.1
TMEM25	RPS6KB1
PHLDB1	TRIM14
TREH	AL590438.1
TREH	AC020718.1
TREH	RHOH
TREH	AC008906.2
TREH	SLC17A8
TREH	KCTD4
TREH	AC007610.2
TREH	PSMA8
TREH	AL121761.2
TREH	AD000671.3
TREH	AC010624.3
RPS25	RPS27
RPS25	RPLP1
RPS25	RPL27
RPS25	RPS11
H2AFX	SYVN1
HINFP	AC011990.1
CCDC153	AC069287.1
CCDC153	TP53AIP1
CCDC153	AC011498.1
THY1	CDK5R2
THY1	CCK
THY1	NSG2
THY1	LGI3
THY1	NEFM
THY1	KCNV1
THY1	SCN2B
OAF	SH3TC1
OAF	TRIM29
OAF	THSD1
UBASH3B	LINC01114
UBASH3B	CHSY3
UBASH3B	DUSP22
UBASH3B	TLCD2
UBASH3B	GNAL
UBASH3B	ETHE1
UBASH3B	AC005261.1
HSPA8	TIMM23B
HSPA8	TMEM256-PLSCR3
HSPA8	SELENOW
AP001970.1	AL583808.2
AP001970.1	TRAIP
AP001970.1	LINC01214
AP001970.1	LINC02113
AP001970.1	AC120042.1
AP001970.1	SAMD12-AS1
AP001970.1	AL157392.2
AP001970.1	AC016395.1
AP001970.1	AC092114.1
GRAMD1B	C14orf132
GRAMD1B	CTU2
NRGN	KCNAB2
NRGN	CAMK2N2
ESAM	GAL3ST2
AP000866.2	AC135050.4
HEPN1	KLHDC9
HEPN1	AL136322.1
HEPN1	UNC50
HEPN1	NCBP2-AS2
HEPN1	AC124016.1
HEPN1	AC139795.3
HEPN1	AC132192.2
HEPN1	SPSB3
HEPN1	C17orf100
HEPN1	AL353194.1
HEPN1	UQCRFS1
HEPN1	PMM1
ACRV1	LINC00327
AP001783.1	REELD1
AP001783.1	TCP11
AP001783.1	LINC01446
AP001783.1	CAV2
AP001783.1	SOX3
AP001783.1	AL110292.1
AP001783.1	TEKT3
AP001783.1	PLA2G4C-AS1
AP003481.1	AL583804.1
AP003481.1	MYCN
AP003481.1	EPGN
AP003481.1	MED7
AP003481.1	ZNF165
AP003481.1	DUS4L
AP003481.1	AC011978.2
AP003481.1	AC027779.1
AP003481.1	AP001092.1
AP003481.1	DKK1
AP003481.1	GSG1
AP003481.1	AC005726.4
KCNJ5	KLHL7-DT
KCNJ5	KCNK7
TMEM45B	KCNA4
TMEM45B	EDC4
AP003025.1	FSIP2
AP003025.1	CFLAR-AS1
AP003025.1	AC011405.1
AP003025.1	ST7-AS2
AP003025.1	AL157938.2
AP003025.1	AC004253.1
AP003025.1	AC015923.1
NTM-AS1	RIOX1
AP000844.1	AP000462.3
AP000844.1	AC122129.1
AP000844.1	ZNF256
OPCML	LINC01250
OPCML	KCNH7
OPCML	NYAP2
OPCML	LHFPL4
OPCML	LY86-AS1
OPCML	PDE10A
OPCML	NXPH1
OPCML	KHDRBS3
OPCML	RBFOX1
OPCML	SHISA9
OPCML	PPP1R16B
IDI2-AS1	DAPK2
PFKP	PADI2
PFKP	AL356488.3
PFKP	CDO1
PFKP	TRMT12
PFKP	AL391987.2
PFKP	LINC00900
AL451164.3	AC093155.3
PITRM1-AS1	ZNF583
KLF6	RRS1-AS1
KLF6	HMGA2
AL355303.1	CAGE1
AL355303.1	AL158198.1
AL355303.1	AL035401.1
AL355303.1	AL391117.1
AL355303.1	LINC01242
AL355303.1	LDHC
AL355303.1	REC114
ANKRD16	TBCE
ANKRD16	LZTFL1
IL2RA	C1orf53
IL2RA	RNU6ATAC35P
IL2RA	C1orf229
PFKFB3	AC105942.1
PFKFB3	NAV1
PFKFB3	STUM
PFKFB3	ZFP36L2
PFKFB3	HACD4
PFKFB3	SLC25A25
PFKFB3	PFKP
PFKFB3	AL137145.2
PFKFB3	ARHGAP5-AS1
PFKFB3	TMEM100
AL137145.2	TMEM69
AL137145.2	AC005237.1
AL137145.2	AC013643.2
AL137145.2	AL158151.1
AL137145.2	CD81-AS1
AL137145.2	CLP1
AL137145.2	FADS1
AL137145.2	AL137145.1
AL137145.2	PRKCQ
AL137145.2	AL117339.5
AL137145.2	NDEL1
AL137145.2	KPTN
AL137145.1	OTUB2
AL139125.1	NIPAL1
AL139125.1	C15orf59-AS1
AL139125.1	TAT-AS1
AL139125.1	CYP2S1
ITIH2	PCDH12
ITIH2	LINC01311
AL583859.2	AC118555.1
AL583859.2	AC018638.7
USP6NL	PRRT3
BEND7	AIDA
BEND7	AL357060.1
BEND7	AC018648.1
BEND7	AL157884.2
BEND7	LRIG3
BEND7	TPM1
AL157392.2	AC092017.3
AL157392.2	AC005304.1
OLAH	AL590666.2
AL133415.1	AL121989.1
AL133415.1	SMAD1-AS2
AL133415.1	CD5
AL133415.1	AL157895.1
AL133415.1	AC026470.2
AL133415.1	AP005131.5
AL133415.1	AC090772.2
AL133415.1	AC093567.1
AL133415.1	AC005523.2
ST8SIA6	LINC02436
SLC39A12	LMCD1
SLC39A12	ZNF703
SLC39A12	ANO2
SLC39A12	RHCG
SLC39A12	ADAMTS10
SLC39A12	B3GALT5-AS1
AL450384.2	AC099788.1
AL157895.1	AC073352.1
AL157895.1	AC025871.1
PIP4K2A	LIMS1
PIP4K2A	BACH2
PIP4K2A	KDM7A
PIP4K2A	ZCCHC18
PIP4K2A	GNA14
ARMC3	DRC1
ARMC3	CFAP97D2
KIAA1217	ADCY1
KIAA1217	SLCO1A2
KIAA1217	MYO16
ENKUR	C9orf147
LINC01516	LINC01780
LINC01516	LINC01098
LINC01516	ANXA2R
LINC01516	BTG4
LINC01516	AL162274.2
LINC01516	KCNE1
LINC00836	SYNPO2
LINC00836	L3MBTL4
LINC00836	CYP4F3
LINC00836	CPAMD8
MKX	SAMD3
MKX	CHST15
MKX	AP005433.1
AL358234.1	GATD3A
ITGB1	IFNGR1
NRP1	GNA14
NRP1	FZD4
NRP1	TMTC2
NRP1	EBPL
NRP1	CHRNA7
NRP1	HS3ST3B1
NRP1	ZNF563
FZD8	FZD1
FZD8	EFNB1
FZD8	MMP15
FZD8	PNPLA6
FZD8	NCAN
AL117339.5	AL513548.1
AL117339.5	AC008250.1
RASGEF1A	NPNT
ZNF32-AS3	ZNF485
TMEM72-AS1	AC239868.3
TMEM72-AS1	AL356356.1
TMEM72-AS1	LINC01344
TMEM72-AS1	G0S2
TMEM72-AS1	AC034195.1
TMEM72-AS1	AC063919.1
TMEM72-AS1	FAM151B
TMEM72-AS1	RNF217-AS1
TMEM72-AS1	PNLDC1
TMEM72-AS1	AC004834.1
TMEM72-AS1	TMEM64
TMEM72-AS1	AKR1C3
TMEM72-AS1	AL137145.2
TMEM72-AS1	ANKRD2
TMEM72-AS1	LINC00866
TMEM72-AS1	GOLGA8B
TMEM72-AS1	SRRM2-AS1
TMEM72-AS1	ZNF771
TMEM72-AS1	SALL1
TMEM72-AS1	TK2
TMEM72-AS1	EXOSC6
TMEM72-AS1	FOXJ1
TMEM72-AS1	DSCAS
TMEM72-AS1	PTOV1
AL353801.1	LINC02166
DEPP1	C5orf49
DEPP1	MARVELD1
DEPP1	AKAP10
DEPP1	DSC2
DEPP1	CTSA
DEPP1	PIK3IP1
AL731567.1	AC023908.3
AL731567.1	Z69706.1
AL731567.1	CLDN5
LINC00842	ZNF311
AC245041.2	AL603840.1
AC245041.2	AC016766.1
AC245041.2	LINC00842
FAM25C	LINC01389
FAM25C	LINC02257
FAM25C	ANKRD53
FRMPD2	PTPN20
AC068898.1	AF213884.3
WDFY4	AL021368.3
AC060234.1	FOXO6
ERCC6	SCML2
TIMM23B	COMMD2
SGMS1-AS1	AL157756.1
SGMS1-AS1	ZNF136
DKK1	AC017033.1
AL353784.1	CCNQ
BICC1	VANGL1
LINC00844	SELENOP
FAM13C	MMS22L
SLC16A9	GXYLT2
ANK3	ZNF804A
ANK3	TMEFF2
ANK3	HECW2
ANK3	NRXN3
AC024600.1	TSPAN33
AC024600.1	ZNF180
CTNNA3	FREM1
CTNNA3	ADAMTSL1
CTNNA3	AL139383.1
CTNNA3	FRMD6-AS2
LRRTM3	ZNF385D
AC016395.1	AL137793.2
AC016395.1	LINC02580
AC016395.1	TRPC5OS
AC016395.1	ZNF780A
STOX1	GREB1
STOX1	PLCD4
STOX1	PPARG
STOX1	AC105383.1
STOX1	PLXNA4
STOX1	C12orf60
STOX1	PPFIA2
STOX1	ZNF140
STOX1	LINC00598
STOX1	CKAP2
STOX1	STON2
STOX1	ZFP3
STOX1	KATNAL2
STOX1	ZNF516
NODAL	AL121890.4
ADAMTS14	AC244517.12
PCBD1	CHCHD5
PCBD1	AC092329.3
CDH23	NPAS2
CDH23	PCDHB12
CDH23	AC104574.2
VSIR	SLC29A3
VSIR	EGLN3
PSAP	FAM213B
PSAP	PPT1
PSAP	LRRC8D
PSAP	AGT
PSAP	SNX17
PSAP	MEMO1
PSAP	PCBP1
PSAP	RETREG2
PSAP	CHPF
PSAP	LMAN2
PSAP	RHBDD2
PSAP	TMEM176A
PSAP	HNRNPH2
PSAP	BCAP31
PSAP	CTSB
PSAP	CLU
PSAP	GPAA1
PSAP	CD151
PSAP	TMEM109
PSAP	INTS5
PSAP	B4GAT1
PSAP	MGAT2
PSAP	TAX1BP3
PSAP	MPDU1
PSAP	G6PC3
PSAP	GRN
PSAP	LGALS3BP
PSAP	REEP6
PSAP	SNAPC2
PSAP	CD320
PSAP	TMEM221
PSAP	TMEM59L
PSAP	FCGRT
ANAPC16	AC092650.1
ANAPC16	IL17RB
ANAPC16	PROS1
ANAPC16	QTRT2
ANAPC16	RENBP
ANAPC16	ZNF189
ANAPC16	CDKL1
ANAPC16	WDHD1
ANAPC16	ARMC7
ANAPC16	LLGL2
P4HA1	FAM162A
P4HA1	ANKRD37
P4HA1	BNIP3L
DNAJC9-AS1	AC138811.1
AC073389.2	TMEM53
AC073389.2	ARMH1
AC073389.2	DUSP12
AC073389.2	ZNF496
AC073389.2	PSMD6-AS2
AC073389.2	MRPL47
AC073389.2	AC008629.1
AC073389.2	NKAPL
AC073389.2	AL137024.1
AC073389.2	DRD4
AC073389.2	C16orf96
AC073389.2	PRMT7
AC073389.2	DBF4B
AC073389.2	LINC02210-CRHR1
AC073389.2	PRELID3B
AC073389.2	PLA2G4C
CAMK2G	FNDC4
CAMK2G	RFTN2
CAMK2G	ACSS1
CAMK2G	SNTA1
CAMK2G	PDE9A
VCL	WDR1
VCL	PALLD
AC022540.1	LINC01336
AC022540.1	LINC02259
VDAC2	PPP1R11
VDAC2	TFAM
AC010997.5	ZNF503-AS2
AC010997.5	LRMDA
RPS24	BOLA3
RPS24	PCGF1
RPS24	FAM200B
RPS24	TPT1
RPS24	ERAL1
ZMIZ1-AS1	GGH
ZCCHC24	GLI2
ZCCHC24	RGS20
ZCCHC24	CYP4F11
SFTPD-AS1	ZSWIM4
DYDC1	AC244035.1
DYDC1	LAYN
DYDC1	AC106886.3
AC010157.1	TSIX
AC010157.1	GLIS3-AS1
AC010157.1	AC022400.2
AC010157.1	NRAV
GRID1-AS1	FO704657.1
NUTM2A-AS1	AL356056.1
STAMBPL1	FAS
ACTA2	FAS
CH25H	SLC45A3
CH25H	GNG4
CH25H	DYSF
CH25H	ADRA2C
CH25H	PROM1
CH25H	GUF1
CH25H	ACTN1-AS1
CH25H	LMAN1L
CH25H	AC013391.3
CH25H	AC133065.1
CH25H	IL4R
CH25H	TNFSF14
SLC16A12	LINC01442
AL391704.2	AC087289.5
FFAR4	ARHGAP36
FFAR4	FAM83H
RBP4	WDR54
RBP4	NOV
LGI1	DHRS3
LGI1	WDR78
LGI1	RXRG
LGI1	MERTK
LGI1	RIPOR2
LGI1	AHCYL2
LGI1	TUSC1
LGI1	ZNF618
LGI1	SLC16A9
LGI1	CERK
AL358154.1	LINC00498
PLCE1	NHS
AL389885.1	ZNF737
SORBS1	UBIAD1
SORBS1	POLR3C
SORBS1	LINC01354
SORBS1	DGKD
SORBS1	EIF4E3
SORBS1	CAST
SORBS1	DLC1
SORBS1	BIN3
SORBS1	FAM135B
SORBS1	MAMDC2-AS1
SORBS1	NAV2
SORBS1	CACNA1C
SORBS1	STARD9
SORBS1	RAB27A
SORBS1	TLN2
SORBS1	ALDH3A2
SORBS1	PLEKHM1
SORBS1	AQP4-AS1
SORBS1	AC009831.1
SORBS1	HIC2
SORBS1	CASTOR1
ENTPD1	AMZ1
ENTPD1	KIAA1549
ENTPD1	ADPGK-AS1
ENTPD1	CPNE2
ENTPD1	ISYNA1
ENTPD1	TOP3B
AL365273.2	SLC6A11
AL365273.2	AC245519.1
AL365273.2	ENTPD1
AL365273.2	AC011444.3
CC2D2B	AC007277.1
CC2D2B	CYP3A43
CC2D2B	AL365273.2
CC2D2B	TMEM220-AS1
CC2D2B	DDX27
ANKRD2	AC019118.2
ANKRD2	UCP3
HPS1	RRAS
AL391684.1	PHF7
AL391684.1	LINC02193
AL391684.1	AC040934.1
AL353719.1	RTP4
AL353719.1	TRUB1
CPN1	SSC4D
CPN1	SPATA41
AL139819.1	CCDC183-AS1
OLMALINC	ASAH2B
C10orf95	AC104794.2
C10orf95	RTP5
C10orf95	AL807752.2
C10orf95	AC106886.5
INA	ARL4A
ATP5MD	NDUFA3
CALHM2	LRRC63
CALHM2	KTN1-AS1
NEURL1	ADD2
SH3PXD2A-AS1	C20orf203
CFAP43	CFAP46
CFAP43	B3GNTL1
CFAP43	RSPH1
GSTO2	GALT
SORCS1	SLC7A8
AL360182.2	NBPF20
AL360182.2	AL513123.1
AL360182.2	AAR2
ADRA2A	IGLON5
GPAM	SEMA4A
GPAM	SLC15A2
GPAM	AC108866.1
GPAM	SLC1A2
GPAM	SVIL
GPAM	SDC4
TECTB	HABP2
TECTB	MCM8-AS1
AL139120.1	TACR1
AL139120.1	AC079834.2
AL139120.1	AC026786.2
AL139120.1	LMF1-AS1
AL139120.1	AC092718.6
AL139120.1	AC006270.1
ATRNL1	RASGRF2
ATRNL1	WASF1
ATRNL1	CNNM1
ENO4	AK8
ENO4	AC116535.1
ENO4	CASC1
ENO4	MAFTRR
SHTN1	AL096711.2
SLC18A2	AL357673.1
SLC18A2	AL356512.1
SLC18A2	RBM44
SLC18A2	AFAP1L1
SLC18A2	AL355987.3
SLC18A2	ACSM1
SLC18A2	NPIPB12
SLC18A2	TMEM238
EMX2OS	WNT5A
EMX2OS	CADM1
EMX2OS	MEIS2
EMX2	DNAJC6
EMX2	NBPF19
EMX2	SRD5A1
EMX2	POLR3G
EMX2	GSDME
EMX2	NOM1
EMX2	RP2
EMX2	RHOG
EMX2	IFIT5
EMX2	PLEKHH1
EMX2	IMPA2
EMX2	BCAS4
EMX2	FAM210B
CASC2	AL445483.1
CASC2	HHAT
CASC2	RTN4IP1
CASC2	AL157400.3
CASC2	GLIPR1L2
CASC2	FGF14
CASC2	CEP128
CASC2	DRAIC
CASC2	AC009118.3
PRLHR	PLA2G2C
PRLHR	KCNK2
PRLHR	AC097487.1
PRLHR	LINC02268
PRLHR	AC005999.1
PRLHR	BTK
PRLHR	LACTB2
PRLHR	ANKRD18B
PRLHR	AC010998.1
PRLHR	ITGA11
PRLHR	LINC01497
PRLHR	RIBC2
PRLHR	CBSL
GRK5	AC004130.1
GRK5	FLVCR2
BAG3	ARID5A
BAG3	UBE2B
BAG3	TFE3
BAG3	KLF6
BAG3	IRS2
BAG3	BCAR1
INPP5F	ZIC1
INPP5F	LSM6
INPP5F	TRMT9B
INPP5F	CIB2
LINC01561	NFKBID
AC010998.2	AC104170.2
AC010998.2	CADM3-AS1
AC010998.2	AC116424.1
AC010998.2	AP001636.3
AC010998.2	AP002802.1
AC010998.2	AC243585.2
AC010998.2	AC006449.2
AC010998.2	AC008686.1
AL731566.2	AL731566.1
HTRA1	DCHS1
CPXM2	SLC28A1
CHST15	EPHA5
CHST15	ARHGAP10
AL731577.1	AC109347.1
EDRF1-AS1	AC003991.2
EDRF1-AS1	AC105001.1
EDRF1-AS1	USP12-AS1
ADAM12	HGF
AL157832.3	AC092683.1
AL157832.3	AC018638.6
AL354950.2	AC007938.1
AL354950.2	APOA1
AL354950.2	MCM10
AL354950.2	GOLGA8T
AL354950.2	PKMYT1
AL354950.2	LINC01538
AL354950.2	AC020915.5
AL354950.2	PKDREJ
AL354950.2	TTLL8
AL354950.1	SPTBN5
C10orf143	TYSND1
AL162274.1	Z69720.1
AL162274.1	ZNF556
JAKMIP3	SLC35E2B
JAKMIP3	AC096677.1
JAKMIP3	FAM181A-AS1
JAKMIP3	RRP7A
ADGRA1-AS1	LOXL1-AS1
ZNF511-PRAP1	AC092053.3
ZNF511-PRAP1	CXorf58
ZNF511-PRAP1	SFRP1
FUOM	AL928970.1
SCART1	CYP2E1
AC004672.1	RBM46
AC004672.1	AGGF1
LINC00942	TBC1D3D
LRTM2	DAND5
CACNA1C-AS2	ODAPH
FOXM1	DTX2
TEAD4	LINC01141
C12orf4	PVR
GALNT8	AC024563.1
AC007848.1	AC100858.3
AC007848.1	AC006450.2
AC007848.1	CCDC33
AC007848.1	AC018695.2
AC007848.1	NME1-NME2
TNFRSF1A	MAP3K6
TNFRSF1A	TNIP2
TNFRSF1A	AC073842.2
SCNN1A	AC120036.4
SCNN1A	ZNF880
CD27	NAALADL2-AS2
CD27	AC068992.1
CD27	SMIM18
CD27	AP003306.1
CD27	ANKRD42
CD27	SH3PXD2A-AS1
CD27	AL355838.1
CD27	AC116913.1
CD27	CNGB1
GAPDH	ACTB
GAPDH	PRDX4
GAPDH	ENDOG
GAPDH	TPI1
GAPDH	UBC
GAPDH	CIB1
GAPDH	NFKBIB
AC006064.4	NACAD
AC006064.4	KCNK9
NOP2	AP002360.1
NOP2	NPIPA2
NOP2	NOMO1
NOP2	AC099508.1
AC006064.2	AC106881.1
MLF2	AL513314.2
MLF2	DUSP28
MLF2	BMS1P14
MLF2	ACAD8
MLF2	LLPH
MLF2	ARRB2
PTMS	UBE2R2-AS1
PTMS	PITPNM1
PTMS	TLE2
TPI1	CREB3
TPI1	PGAM1
TPI1	ENO2
ENO2	C11orf24
ENO2	VAMP1
ENO2	RSAD1
ENO2	HDHD5
U47924.2	PERM1
U47924.2	AC079148.1
U47924.2	STAC
U47924.2	AC112719.2
U47924.2	ARMCX3-AS1
U47924.2	AF287957.1
U47924.2	AL161729.4
U47924.2	AL607028.1
U47924.2	FRAT1
U47924.2	C10orf95
U47924.2	AC004672.1
U47924.2	DYRK4
U47924.2	AL049830.3
U47924.2	AL122125.1
U47924.2	PRC1
U47924.2	AC007952.6
U47924.2	AP5S1
U47924.2	AP000322.1
C1R	RARRES3
C1R	CCR10
C1RL	TRANK1
C1RL	C1S
C1RL	ZNF790
ACSM4	LINC02453
SLC2A14	LINC01811
FAM66C	PUSL1
FAM66C	AC239809.3
FAM66C	AL590560.2
FAM66C	AC007364.1
FAM66C	METTL6
FAM66C	AC125618.1
FAM66C	SPEF2
FAM66C	MRPS30-DT
FAM66C	GEMIN8
FAM66C	CCDC183
FAM66C	NALCN
FAM66C	AL358335.2
FAM66C	AC005476.2
FAM66C	NDUFB1
FAM66C	UACA
FAM66C	HES7
FAM66C	NOP53
FAM66C	RSPH14
FAM66C	EFCAB6
A2ML1-AS1	AL136322.1
A2ML1-AS1	AC099329.1
A2ML1-AS1	GK3P
A2ML1-AS1	AC100810.1
A2ML1-AS1	SART1
A2ML1-AS1	AQP11
A2ML1-AS1	DNAJC9-AS1
A2ML1-AS1	PZP
A2ML1-AS1	PCDH9-AS3
A2ML1-AS1	ACSM3
A2ML1-AS1	AC015849.3
A2ML1	ATP6V1E2
A2ML1	NIFK
A2ML1	RANBP3L
A2ML1	AP000317.1
AC006581.2	NTNG2
PZP	AC012313.6
OLR1	FHAD1
OLR1	OPRD1
OLR1	SCN9A
OLR1	LCP2
OLR1	CHRM2
OLR1	GLRA2
OLR1	NUDT10
OLR1	ELF4
OLR1	SYK
OLR1	ADAMTS14
OLR1	HCN2
YBX3	BTG2
YBX3	PIGA
YBX3	RNF122
YBX3	C9orf72
YBX3	MIDN
AC007450.1	PRB2
LINC01252	AC244131.2
ETV6	ASAP3
ETV6	CTTNBP2NL
ETV6	FGF2
ETV6	TRIO
ETV6	RIPK1
ETV6	SCARA3
ETV6	OSTF1
ETV6	DAB2IP
ETV6	NEK6
ETV6	INPP5F
ETV6	C12orf49
ETV6	CMIP
ETV6	STAT3
ETV6	COQ8B
BCL2L14	RTCA-AS1
BCL2L14	SLC3A1
BCL2L14	GGCX
BCL2L14	AC007038.1
BCL2L14	CFAP100
BCL2L14	AC069272.1
BCL2L14	TH2LCRR
BCL2L14	AC008608.2
BCL2L14	SPDYE3
BCL2L14	SPI1
BCL2L14	AP003025.2
BCL2L14	AC006064.2
BCL2L14	AC012085.2
BCL2L14	AC105339.3
BCL2L14	LINC01567
BCL2L14	ELAVL3
BCL2L14	EDDM13
GPRC5A	AC009502.1
GPRC5A	EBAG9
GPRC5A	UBL7-AS1
GPRC5A	LRRC59
GPRC5A	GMIP
AC023790.2	AC083843.1
GSG1	TSPAN32
PLBD1-AS1	AC010168.1
ART4	WWC3-AS1
ART4	AC090541.1
ART4	AC073592.1
ART4	TMEM266
ART4	MYH11
ART4	AP000919.3
ART4	AC008761.1
MGP	FKBPL
DERA	WARS2
MGST1	AC007529.2
LMO3	ANKRD45
LMO3	RFTN2
LMO3	CROT
LMO3	SESN3
LMO3	CLSTN3
LMO3	LINC01550
LMO3	PLEKHA4
PLEKHA5	SERPINI2
PLEKHA5	PLXDC2
PLEKHA5	SORBS1
AC024901.1	LINC02398
SLCO1C1	COL11A1
AC011604.2	AC007029.1
AC011604.2	AL109976.1
AC011604.2	AC004257.1
SLCO1A2	AC007656.1
LDHB	ALDH9A1
LDHB	PRADC1
LDHB	YIPF5
LDHB	SLC25A11
ABCC9	ITGA6
ABCC9	IGFBP7
ABCC9	AL136088.1
ABCC9	NRP1
ABCC9	FOXG1
ST8SIA1	FAM89A
AC087241.1	AC090458.1
SOX5-AS1	SERPIND1
CASC1	CLHC1
CASC1	DKC1
SSPN	TRAF5
SSPN	RGS10
AC024145.1	AL021707.1
AC023051.1	DOCK4-AS1
AC023051.1	AC009554.1
PTHLH	AC012510.1
PTHLH	AC011374.2
PTHLH	LINC01621
PTHLH	AC010542.5
TMTC1	EGF
TMTC1	PALLD
TMTC1	ANO6
SINHCAF	DERL3
CPNE8	ALDH3B1
LINC02406	C1orf185
LINC02406	C1orf146
LINC02406	F11
LINC02406	NXF5
LINC02406	AP003498.1
LINC02406	AC006487.1
LINC02406	AP001269.4
LINC02406	DMC1
ABCD2	CD55
LRRK2	SCARF2
PDZRN4	PIK3CD
PDZRN4	SLC25A24
PDZRN4	CYS1
PDZRN4	FAM161A
PDZRN4	AC097634.3
PDZRN4	OSTN
PDZRN4	ART3
PDZRN4	CFAP47
PDZRN4	SYTL4
PDZRN4	MOB3B
PDZRN4	ADARB2
PDZRN4	TSPAN11
PDZRN4	AC090630.1
PDZRN4	SPATA2
PRICKLE1	SLC16A10
LINC02450	ADH6
LINC02450	AC009562.1
NELL2	KIAA1324
NELL2	GRIK2
AC008127.1	DBX2
SLC38A1	PFKFB2
SLC38A1	GUCY1A1
SLC38A1	KCNN2
SLC38A1	SPARC
SLC38A1	RIPK2
SLC38A1	USH1C
SLC38A1	ITGBL1
SLC38A2	AJAP1
SLC38A2	FBXO2
SLC38A2	RBKS
SLC38A2	KCNE4
SLC38A2	SLC6A6
SLC38A2	BSN
SLC38A2	CHDH
SLC38A2	LINC02026
SLC38A2	ANKRD31
SLC38A2	DUSP1
SLC38A2	SLC17A5
SLC38A2	AL023284.4
SLC38A2	GRM8
SLC38A2	FAM66A
SLC38A2	ZBED5
SLC38A2	TECTA
SLC38A2	PTMS
SLC38A2	AC024257.3
SLC38A2	AC068768.1
SLC38A2	AL136018.1
SLC38A2	CD226
AC008014.1	ADCY7
AC025031.1	SPINK13
AC025031.1	AL023581.1
AC025031.1	AC092634.5
AC025031.1	AC009542.1
AC025031.1	AC087241.3
AC025031.1	LINC02412
AC025031.1	AL157871.1
AC025031.1	MMP25
AC025031.1	AC018521.2
AC025031.1	AC044840.1
RAPGEF3	DISP3
RAPGEF3	OGDHL
HDAC7	FLNA
AC024257.1	LINC00504
AC024257.1	RSPH4A
AC024257.1	KIF11
AC024257.1	RB1-DT
AC024257.1	AC004381.1
AC024257.1	AC068025.2
AC024257.5	ZNF449
AC090115.1	CYP4V2
AC090115.1	AL357054.2
AC090115.1	ZNF75D
AC090115.1	CDKN2B
AC090115.1	TNFRSF12A
OR8S1	C1orf195
OR8S1	AC011306.1
OR8S1	AC008269.1
OR8S1	AC097461.1
OR8S1	TLL2
OR8S1	AC009318.3
OR8S1	LINC02395
OR8S1	AC015726.1
OR8S1	E2F1
OR8S1	AL050327.1
OR8S1	AC020917.3
TEX49	CACNA1C-AS2
TEX49	AC010511.1
WNT10B	MIR222HG
WNT10B	AL022324.3
WNT10B	RFPL2
WNT10B	RASD2
TUBA1B	TUBB
TUBA1B	YWHAG
TUBA1B	CDK5
TUBA1B	NAP1L2
TUBA1B	NAP1L3
TUBA1B	EGFL7
TUBA1B	GNG3
TUBA1B	CENPV
TUBA1B	TMEM160
AC125611.3	FAM220A
AC125611.4	AC068205.1
KCNH3	CHTF18
TMBIM6	TMEM167B
TMBIM6	CERS2
TMBIM6	NCSTN
TMBIM6	GLUL
TMBIM6	PCYOX1
TMBIM6	TMEM115
TMBIM6	H1FX
TMBIM6	SLC35B2
TMBIM6	PORCN
TMBIM6	GRINA
TMBIM6	CD81
TMBIM6	MEN1
TMBIM6	CTSF
TMBIM6	H2AFX
TMBIM6	PSAP
TMBIM6	METTL7A
TMBIM6	FICD
TMBIM6	CHST14
TMBIM6	PRNP
AC131157.1	OR2L2
AC131157.1	AC007620.2
AC131157.1	AC073848.1
AC131157.1	AC027627.1
AC131157.1	PRR3
AC131157.1	AC072061.1
AC131157.1	AC105031.2
AC131157.1	AC090578.1
AC131157.1	CYP4F26P
AC131157.1	SLC22A24
AC131157.1	AP003481.1
AC131157.1	TMPRSS12
AC131157.1	AL450442.1
AC131157.1	AC136944.1
AC131157.1	AC008105.1
AC131157.1	COPZ2
AC131157.1	LINC01993
AC131157.1	PDGFB
FAIM2	RNF187
FAIM2	PRRT1
FAIM2	FANCF
FAIM2	NTHL1
FAIM2	NAA60
FAIM2	ZNF646
FAIM2	AC067852.2
FAIM2	TTLL12
LINC02395	ISLR2
AQP6	AL590096.1
METTL7A	GPR37L1
METTL7A	ZBTB18
METTL7A	CD302
METTL7A	MMGT1
METTL7A	PEX12
GALNT6	LINC01299
GALNT6	AL513165.1
SCN8A	ZNF280B
GRASP	NPTX2
NR4A1	NR4A3
AC068888.1	TMEM79
AC068888.1	SLC22A4
AC068888.1	ECI2
AC068888.1	BRPF3
AC068888.1	TSNARE1
IGFBP6	QPCT
IGFBP6	RAB33A
MFSD5	BACE1-AS
PFDN5	UROD
PFDN5	AC009414.2
PFDN5	CHCHD4
PFDN5	RTL8C
PFDN5	MYL6B
PFDN5	NDUFB10
PFDN5	COX10
PFDN5	QTRT1
C12orf10	CCDC22
AC023509.3	AC244394.2
AC023509.3	LINC01495
AC023509.3	CATSPERZ
AC023509.3	NOP2
AC023509.3	SLC25A30-AS1
AC023509.3	FITM1
AC023509.3	AC009021.1
AC023509.3	AC005943.1
AC023509.3	FEM1A
AC023509.3	CRYBB2
AC023509.3	ARHGAP8
ATF7	PKHD1
ATF7	Z97205.2
ATF7	AC018362.1
ATF7	AC006435.2
ATF7	EMILIN2
AC023509.2	AC007639.1
CISTR	AC012640.4
CISTR	LINGO3
HNRNPA1	MRPS23
HNRNPA1	PCIF1
NCKAP1L	SPATA45
TESPA1	ERICH3
TESPA1	SLC49A3
TESPA1	CHRM1
CD63	PAFAH2
CD63	MRPL9
CD63	AC092803.2
CD63	DBI
CD63	PBDC1
CD63	TMEM70
CD63	SET
CD63	NUDT8
CD63	CUEDC2
CD63	NUDT15
CD63	B2M
CD63	PPIB
CD63	COPRS
CD63	RNF126
CD63	SELENOM
CD63	RPS19BP1
GDF11	PGBD4
RPL41	LINC01135
RPL41	SNRPE
RPL41	SNRPG
RPL41	GRM7-AS3
RPL41	SEMA3B-AS1
RPL41	SNHG8
RPL41	NOP16
RPL41	RPS18
RPL41	GABRR1
RPL41	CHCHD7
RPL41	SMIM27
RPL41	AC044839.1
RPL41	C12orf57
RPL41	RPS26
RPL41	CCDC32
RPL41	RPS2
RPL41	RPS15A
RPL41	RPL13
RPL41	SNRPB2
RPL41	ROMO1
RPL41	RPS16
MYL6	FRK
MYL6	XKR9
MYL6	CARNMT1
MYL6	H1F0
MYL6	COL6A2
IL23A	LINC00683
ATP5F1B	GHITM
ATP5F1B	LDHB
ATP5F1B	SLC25A3
ATP5F1B	SRSF9
PTGES3	NADK
PTGES3	LINC01119
PTGES3	FXR1
PTGES3	AC107464.3
PTGES3	AC018797.2
PTGES3	PLEKHG4B
PTGES3	SQSTM1
PTGES3	SNRNP48
PTGES3	AL157935.2
PTGES3	PBLD
PTGES3	CRYL1
PTGES3	HMGB1
PTGES3	FANCM
PTGES3	STARD3
PTGES3	AC142472.1
PTGES3	CCDC117
PTGES3	ST13
HSD17B6	HFE
RDH16	AL606491.1
TAC3	IGF1
SHMT2	OSGIN1
GLI1	UHRF1
MARS	GARS
MARS	ASNS
MARS	IARS
MARS	LINC01080
MARS	LINC01572
MARS	AC005759.1
DTX3	KLHL17
DTX3	ADPRHL2
DTX3	LAMB2
DTX3	FCHSD1
DTX3	ARHGEF25
AC083805.2	AC009884.1
AC083805.2	AL353801.1
AC020611.2	AC092683.2
AC020611.2	MAP3K20-AS1
AC020611.2	CCDC73
AC020611.2	AL137779.2
AC020611.2	SNHG21
AC025576.1	C9orf57
RASSF3	ITGA1
RASSF3	BX322234.1
RASSF3	LINC01588
RASSF3	C14orf178
WIF1	LINC02231
AC025419.1	MTMR8
HELB	LINC01750
HELB	EPHA7
GRIP1	BNC2
GRIP1	PDCL
AC025159.1	Z99127.1
AC025159.1	AC007040.2
AC025159.1	COL27A1
AC025159.1	DCT
AC025159.1	CCDC102B
AC025159.1	MCM3AP-AS1
LGR5	PLPP2
AC011611.4	AC025164.1
AC107032.2	EFHB
AC107032.2	RFT1
SYT1	ELAVL4
SYT1	PLPPR4
SYT1	VSNL1
SYT1	SLC8A1
SYT1	BCL11A
SYT1	KIAA1211L
SYT1	SLC4A10
SYT1	SCN2A
SYT1	MFSD6
SYT1	SYN2
SYT1	SYNPR
SYT1	TBC1D9
SYT1	BASP1
SYT1	PLK2
SYT1	RAB3C
SYT1	PART1
SYT1	RGS7BP
SYT1	MAP1B
SYT1	ENC1
SYT1	LRRTM2
SYT1	GABRB2
SYT1	GABRA1
SYT1	GABRG2
SYT1	NRSN1
SYT1	PACSIN1
SYT1	IPCEF1
SYT1	VSTM2A
SYT1	PAK3
SYT1	NECAB1
SYT1	ELAVL2
SYT1	GABBR2
SYT1	DNM1
SYT1	PTPN5
SYT1	SYT7
SYT1	C11orf87
SYT1	KCNA1
SYT1	SLC2A13
SYT1	SVOP
SYT1	GNG2
SYT1	ZDHHC22
SYT1	SV2B
SYT1	PRKCB
SYT1	CACNG3
SYT1	SEZ6L2
SYT1	NPTX1
SYT1	CELF4
SYT1	SYT4
SYT1	FLRT3
SYT1	PCSK2
SYT1	ATCAY
SYT1	SLC17A7
SYT1	RFPL1S
SYT1	SULT4A1
PAWR	AC027288.3
PAWR	AC073569.2
AC078955.1	AL358472.5
PPFIA2	KLHL8
PPFIA2	SEMA3D
PPFIA2	ZNF217
AC069228.1	PPFIA2-AS1
CCDC59	C1orf162
TMTC2	AKAP12
LRRIQ1	TMEM182
LRRIQ1	CFAP54
LRRIQ1	DNAH9
RASSF9	AC019117.1
AC010201.1	AC010201.2
AC138123.2	AC016910.1
AC138123.2	LINC01449
AC138123.2	ATG4A
AC138123.2	LINC02412
AC138123.2	AC090618.1
LINC02412	CALB1
LINC02412	ACOT4
SOCS2	AC093673.1
AC012085.2	HCG25
AC012085.2	PRSS51
AMDHD1	ZNF354B
AMDHD1	KCNE3
AMDHD1	AL132657.1
AMDHD1	C14orf39
CFAP54	MAATS1
CFAP54	DNAH5
CFAP54	LRGUK
CFAP54	DCDC1
CFAP54	ARMC3
CFAP54	DYNLRB2
SLC25A3	ATP6V0B
SLC25A3	PUF60
SLC17A8	ALG1L
SLC17A8	AL137786.1
SLC17A8	AC138028.2
MYBPC1	LRRC8B
MYBPC1	KCNN1
SYCP3	DDX18
SYCP3	AC096741.1
SYCP3	AC027018.1
LINC02456	AL356277.3
LINC02456	ADAM18
LINC02456	ZNF202
LINC02456	AL359397.2
LINC02456	AC005291.2
LINC02456	EFCAB8
LINC02456	ZNF628
LINC02456	ZNF837
LINC02456	MIS18A-AS1
IGF1	EMB
ASCL1	SMIM3
ASCL1	NLGN3
ASCL1	GTF3C4
ASCL1	KBTBD7
ASCL1	RUNDC1
ASCL1	PNPO
C12orf42	AC136475.5
C12orf42	MAP3K7CL
STAB2	ZNF480
AC025265.2	FSHR
AC025265.2	IGSF1
AC025265.2	USP43
AC025265.2	GJC1
AC025265.2	ZNF337
AC025265.2	ZNF793-AS1
HSP90B1	HYOU1
CHST11	LIMD1
CHST11	ZDHHC11B
CHST11	DGKZ
AC079385.1	IPO9-AS1
AC079385.1	ITPKB-AS1
AC079385.1	DPP10-AS3
AC079385.1	AC018832.1
AC079385.1	CADM2-AS2
AC079385.1	AC139720.1
AC079385.1	AC008892.1
AC079385.1	AC244517.11
AC079385.1	AL024508.1
AC079385.1	AC105052.1
AC079385.1	AC117834.1
AC079385.1	AC103726.2
AC079385.1	PAPPA
AC079385.1	NAV2-AS3
AC079385.1	AP002336.2
AC079385.1	P4HA3
AC079385.1	AP001767.3
AC079385.1	AL450384.2
AC079385.1	AL359317.2
AC079385.1	ZC2HC1C
AC079385.1	AC022872.1
AC079385.1	AC009133.1
AC079385.1	AC046158.1
AC079385.1	AC024619.3
AC079385.1	AC016493.1
AC079385.1	TCF4-AS1
AC007622.2	ZNF792
ISCU	C1GALT1C1
AC007569.1	CRNKL1
ALKBH2	TIMM17A
ALKBH2	AC055855.2
ACACB	FMNL3
ACACB	PLIN1
MYO1H	SH2B3
GLTP	RFFL
AC007834.1	OR2L3
AC007834.1	MYLK4
AC007834.1	OGFOD2
AC007834.1	SKAP1
CCDC63	AC067930.4
CCDC63	AL157931.1
ERP29	SLC25A4
ERP29	AP1S1
ERP29	NDN
ERP29	GOLGA8N
ERP29	TMEM208
RPL6	ZNF440
RPH3A	SLC8A2
OAS1	CMPK2
OAS1	OAS3
OAS1	OAS2
OAS2	BATF2
OAS2	CHKB-DT
RASAL1	AOX1
CFAP73	AL035409.1
CFAP73	LMNTD2
CFAP73	AL133367.1
AC089999.1	KAZN-AS1
AC089999.1	CXorf40A
TPCN1	AL390036.1
TPCN1	AC004918.1
TPCN1	HIP1R
TPCN1	XRCC3
TPCN1	TEF
LINC01234	ASPM
LINC01234	FER1L6-AS2
LINC01234	AL162414.1
TBX5	PLA2R1
AC026765.2	TRABD2B
MAP1LC3B2	SYTL2
KSR2	SORCS3
PEBP1	GABARAPL1
AC084361.1	AC003666.1
HSPB8	FOS
AC084880.2	LINC00934
CCDC60	GPATCH3
CCDC60	AL121983.2
TMEM233	ZNF215
TMEM233	NLRP8
RPLP0	IMPDH2
RPLP0	CFAP44
RPLP0	PNPLA7
RPLP0	BRMS1
RPLP0	HNRNPA1
RPLP0	ARF6
RPLP0	EIF4A1
RPLP0	TBCB
RPLP0	SERTAD3
PXN	LINC02525
DYNLL1	PDCL3
DYNLL1	URM1
DYNLL1	COX4I1
AC125616.1	ABCG4
CABP1	SYNPO
AC145422.1	AC007376.2
AC145422.1	C16orf74
CLIP1	DHX37
CLIP1	ZNF599
CLIP1	FUZ
AC026333.3	CCL27
CCDC62	ZNF502
AC027290.1	AL121845.1
ABCB9	AC011509.2
AC137767.1	LINC01003
ZNF664	ZNF580
SCARB1	WDR4
SCARB1	COL18A1
TMEM132B	C4orf50
TMEM132B	AC011416.3
TMEM132B	MEST
TMEM132B	GSTZ1
AC006065.4	LINC00943
TMEM132C	FSTL4
TMEM132D	AC067956.1
TMEM132D	CDH12
TMEM132D	FGF13
PIWIL1	LINC02269
PIWIL1	AL590004.4
PIWIL1	NDOR1
AC095350.1	AL590764.1
RAN	CCT7
RAN	MDH2
RAN	FIBP
RAN	PCNA
RAN	CDKN2D
RAN	EID2
AC131009.2	LUCAT1
AC131009.2	CTGF
AC131009.2	AC068338.2
AC131009.2	TMEM211
LINC02361	ZDHHC6
FBRSL1	PLEKHH3
FBRSL1	DOT1L
LRCOL1	DIRC3-AS1
LRCOL1	AC005076.1
LRCOL1	ITGB7
AC135586.2	CXorf56
AC127070.2	AL391069.4
ZNF140	SETD4
GJB6	TOR3A
GJB6	CLDN10
GJB6	CRLF1
CRYL1	LINC01102
CRYL1	SOWAHC
CRYL1	LINC01006
CRYL1	AC064807.1
CRYL1	TOP1MT
CRYL1	BOP1
CRYL1	ACCS
CRYL1	FSIP1
IL17D	SRSF6
LATS2	ELAC2
SKA3	AC023644.1
MRPL57	AC004812.2
SACS	AC239799.2
SACS	SFT2D3
SACS	RBM45
SACS	ZNF667
TNFRSF19	DARS-AS1
AMER2	TTC32
AMER2	ASB3
AMER2	PDGFRB
AMER2	AC009812.1
AMER2	C10orf105
AMER2	CKB
AMER2	DBP
AL590787.1	LINC01703
AL590787.1	AL359921.2
AL590787.1	AC113349.1
AL590787.1	FUOM
AL590787.1	AC004825.2
AL590787.1	EWSAT1
ATP8A2	SMYD2
ATP8A2	SH3KBP1
ATP8A2	AFF2
AL138966.2	SYCE1L
AL160035.1	AL390728.5
AL160035.1	AC017033.1
AL160035.1	TXK
AL160035.1	GCC1
AL160035.1	AL354977.1
AL160035.1	AC006065.4
AL160035.1	CDAN1
AL160035.1	DPEP1
USP12-AS1	AC005837.1
LINC02340	CYP4A22-AS1
LINC02340	SLC16A4
LINC02340	TARBP1
LINC02340	CFAP221
LINC02340	INHA
LINC02340	AC083798.2
LINC02340	NMD3
LINC02340	AC125613.1
LINC02340	AC093827.5
LINC02340	SLC9B1
LINC02340	AC104596.1
LINC02340	PKIB
LINC02340	AL356599.1
LINC02340	ADHFE1
LINC02340	FAM189A2
LINC02340	IDNK
LINC02340	KLC2
LINC02340	CDNF
LINC02340	TMEM72-AS1
LINC02340	ZMIZ1-AS1
LINC02340	ENO4
LINC02340	AC025159.1
LINC02340	AC107032.2
LINC02340	DEPDC4
LINC02340	PGAM5
LINC02340	AL157911.1
LINC02340	AL359232.1
LINC02340	AC005520.2
LINC02340	ENTPD5
LINC02340	AC051619.5
LINC02340	DET1
LINC02340	AC026458.2
LINC02340	CTF1
LINC02340	FBXL19-AS1
LINC02340	SPATA2L
LINC02340	HSPB9
LINC02340	MYCBPAP
LINC02340	ENOSF1
LINC02340	CIRBP
LINC02340	ZNF730
LINC02340	TRAPPC6A
LINC02340	ZNF614
LINC02340	PAXBP1-AS1
RPL21	AC024230.1
RPL21	TCF3
RASL11A	CCNA1
POMP	INCENP
POMP	B9D1
SLC7A1	ALDH1L2
LINC00426	AC105094.2
HMGB1	BCO2
HSPH1	CCT4
HSPH1	NEMP2
HSPH1	HSPE1-MOB4
HSPH1	HSPA4L
HSPH1	HSPA4
HSPH1	CAP2
HSPH1	BAG2
HSPH1	PSMG3-AS1
HSPH1	DNAJB6
HSPH1	DNAJA1
HSPH1	STIP1
HSPH1	P4HA1
HSPH1	PTGES3
HSPH1	DNAJA4
HSPH1	PARD6G-AS1
HSPH1	AC007325.2
FRY	SNAPC1
FRY	ASXL3
N4BP2L1	PLIN2
AL138820.1	PXMP4
LINC02343	ZNF774
DCLK1	KAZN
DCLK1	CALCRL
DCLK1	IGFBP5
DCLK1	SRPX
DCLK1	LPAR4
DCLK1	APLNR
DCLK1	LINC00836
DCLK1	SLC38A1
DCLK1	SLITRK5
DCLK1	TSHZ2
SOHLH2	AC016717.2
SERTM1	LINC01816
SERTM1	AMER3
SERTM1	ZNF280C
SERTM1	PRSS3
SERTM1	TRUB2
SERTM1	RHEBL1
SERTM1	MIR7-3HG
POSTN	AL359851.1
VWA8-AS1	AP000802.1
FAM216B	AADACL2-AS1
FAM216B	AP003774.4
AL359706.1	AL138831.1
AL359706.1	AL133227.1
KCTD4	RPRM
KCTD4	MND1
KCTD4	LY6G5B
TPT1	YBX1
TPT1	RPL12
TPT1	GSTO1
TPT1	DYNLRB1
TPT1	CSTB
AL138963.1	TMEM256-PLSCR3
SLC25A30-AS1	FEZF1-AS1
SIAH3	MCM2
SIAH3	FAM241A
SIAH3	PCDHB5
SIAH3	VLDLR
SIAH3	BAAT
SIAH3	NPM3
SIAH3	OR8S1
SIAH3	GPR132
SIAH3	STRADA
SIAH3	AC006946.2
SIAH3	AL031590.1
SIAH3	AP000704.1
SUCLA2-AS1	IER3-AS1
SUCLA2-AS1	CTSC
SUCLA2-AS1	ZNF286B
SUCLA2-AS1	AF038458.2
ITM2B	LAPTM4A
ITM2B	ATRAID
ITM2B	ITM2C
ITM2B	PCDHB4
ITM2B	C6orf120
ITM2B	DNAJB9
ITM2B	CTSF
ITM2B	TSPAN31
ITM2B	CFL2
ITM2B	AC068675.1
CAB39L	GPC4
CAB39L	TCP11L2
SETDB2	ATAD2
AL137058.1	ECEL1
AL137058.1	AP001961.1
AL137058.1	SPDEF
AL137058.1	AL121718.1
AL137058.1	AC087473.1
AL137058.1	AL008638.3
SUGT1	CRYZ
SUGT1	AC008073.3
SUGT1	UBE2D1
SUGT1	ZNF266
LINC02335	ERAS
PCDH17	ACVR1C
PCDH17	GNPDA2
DIAPH3	HDAC9
DIAPH3	CNMD
PCDH9-AS1	NUDCD2
PCDH9-AS1	AC006333.2
PCDH9-AS1	SNAPC4
PCDH9-AS1	AL139089.1
PCDH9-AS1	AC020661.2
PCDH9-AS1	RANBP1
PCDH9-AS2	SPATA21
PCDH9-AS2	MKNK1-AS1
PCDH9-AS2	EFCAB14-AS1
PCDH9-AS2	ROR1-AS1
PCDH9-AS2	PDZK1
PCDH9-AS2	NUF2
PCDH9-AS2	AL354771.1
PCDH9-AS2	ZNF669
PCDH9-AS2	AC092567.1
PCDH9-AS2	AC015971.1
PCDH9-AS2	AC016909.2
PCDH9-AS2	RAPH1
PCDH9-AS2	AC007679.1
PCDH9-AS2	AC026202.2
PCDH9-AS2	CADM2-AS2
PCDH9-AS2	CADM2-AS1
PCDH9-AS2	FILIP1L
PCDH9-AS2	CFAP44-AS1
PCDH9-AS2	ZBTB20-AS5
PCDH9-AS2	LSAMP-AS1
PCDH9-AS2	ANKUB1
PCDH9-AS2	RARRES1
PCDH9-AS2	FAM184B
PCDH9-AS2	AC107068.2
PCDH9-AS2	AC058822.1
PCDH9-AS2	PAQR3
PCDH9-AS2	AC104827.1
PCDH9-AS2	AC093879.1
PCDH9-AS2	PDE5A
PCDH9-AS2	AC091885.2
PCDH9-AS2	AC092343.1
PCDH9-AS2	AC008781.1
PCDH9-AS2	AC091887.1
PCDH9-AS2	AC008728.1
PCDH9-AS2	AL513188.1
PCDH9-AS2	C6orf10
PCDH9-AS2	APOBEC2
PCDH9-AS2	AL591242.1
PCDH9-AS2	AL078581.3
PCDH9-AS2	NFE2L3
PCDH9-AS2	AC006355.2
PCDH9-AS2	LINC00513
PCDH9-AS2	AC078842.2
PCDH9-AS2	AC073342.1
PCDH9-AS2	SATL1
PCDH9-AS2	DLC1
PCDH9-AS2	RDH10-AS1
PCDH9-AS2	AC023590.1
PCDH9-AS2	SPATC1
PCDH9-AS2	PDCD1LG2
PCDH9-AS2	MIRLET7DHG
PCDH9-AS2	C9orf84
PCDH9-AS2	AC069287.3
PCDH9-AS2	AC011092.2
PCDH9-AS2	AP002370.2
PCDH9-AS2	GRIA4
PCDH9-AS2	AP000892.1
PCDH9-AS2	AL138760.1
PCDH9-AS2	PDE6C
PCDH9-AS2	AL359094.1
PCDH9-AS2	SLC38A4
PCDH9-AS2	AC078778.1
PCDH9-AS2	AC025165.2
PCDH9-AS2	AC069437.1
PCDH9-AS2	SYCP3
PCDH9-AS2	PCDH9-AS1
PCDH9-AS2	G2E3-AS1
PCDH9-AS2	HIF1A-AS2
PCDH9-AS2	AL139022.1
PCDH9-AS2	SLC10A1
PCDH9-AS2	AF107885.2
PCDH9-AS2	TSHR
PCDH9-AS2	ITPK1-AS1
PCDH9-AS2	INO80-AS1
PCDH9-AS2	AC025580.2
PCDH9-AS2	AC020892.2
PCDH9-AS2	AC008731.1
PCDH9-AS2	AC010542.2
PCDH9-AS2	AC009137.1
PCDH9-AS2	AC135178.3
PCDH9-AS2	ABHD15-AS1
PCDH9-AS2	TOM1L1
PCDH9-AS2	AC007114.2
PCDH9-AS2	AP005329.2
PCDH9-AS2	ATP8B1
PCDH9-AS2	UBOX5-AS1
PCDH9-AS2	KIZ-AS1
PCDH9-AS2	AL035071.2
PCDH9-AS2	SYCE2
PCDH9-AS2	AP000962.1
COMMD6	GOLGA7
COMMD6	AC008758.1
LMO7-AS1	AC117383.1
EDNRB	SLC12A4
RNF219-AS1	AC009948.1
RNF219-AS1	LINC01182
RNF219-AS1	AC092546.1
RNF219-AS1	RPL34-AS1
RNF219-AS1	AC002429.2
RNF219-AS1	TMEM132B
AL138957.1	AC107871.1
GPC5-AS1	AC135050.3
GPC6	SNCA
GPC6	TENM1
GPC6	AL078639.1
SOX21	SOX21-AS1
SOX21	FITM2
ABCC4	PFKFB2
CLDN10	PPIC
CLDN10	LYSMD2
HS6ST3	KLHL29
HS6ST3	GALNT13
HS6ST3	ST3GAL6
HS6ST3	KCND2
HS6ST3	KIAA1217
HS6ST3	NTN1
HS6ST3	SYNDIG1
STK24	TCN2
UBAC2	LRIG1
UBAC2	CXXC4
UBAC2	AC244517.10
UBAC2	SERGEF
UBAC2	AP001528.2
UBAC2	ALDH18A1
UBAC2	RASSF2
UBAC2	RALGAPA2
GPR18	AC093752.3
GPR18	AC007285.2
GPR18	PRKX-AS1
LINC00449	AL031432.3
LINC00449	HPDL
LINC00449	AC118553.1
LINC00449	AC239800.2
LINC00449	TDRKH-AS1
LINC00449	C1orf189
LINC00449	VASH2
LINC00449	C1GALT1C1L
LINC00449	AC068491.2
LINC00449	LMOD3
LINC00449	TIPARP-AS1
LINC00449	ATP13A4-AS1
LINC00449	ANXA10
LINC00449	AC034231.1
LINC00449	AC026801.2
LINC00449	AC008525.1
LINC00449	HCG27
LINC00449	POLH-AS1
LINC00449	AC004554.2
LINC00449	GUCY2F
LINC00449	TKTL1
LINC00449	ADGRA2
LINC00449	SMC2-AS1
LINC00449	AL160291.1
LINC00449	CDCA3
LINC00449	U47924.2
LINC00449	MGP
LINC00449	AC083805.1
LINC00449	AC121761.1
LINC00449	SUCLA2-AS1
LINC00449	AL132639.2
LINC00449	AL358332.1
LINC00449	DLGAP5
LINC00449	ST20-AS1
LINC00449	HAS3
LINC00449	LINC01971
LINC00449	AC015967.1
LINC00449	MUC16
LINC00449	AC020928.2
LINC00449	AC005261.2
LINC00449	AC003005.2
LINC00449	IGLV10-54
LINC00449	ADORA2A-AS1
LINC00449	Z98885.2
ZIC5	ZIC2
ITGBL1	WSCD2
FGF14	NEGR1
FGF14	PDLIM3
FGF14	KCTD16
FGF14	EBF1
FGF14	AMPH
FGF14	ANKRD7
FGF14	JPH1
FGF14	COL5A1
FGF14	SCUBE2
FGF14	PIP4K2C
FGF14	TTC39C
FGF14	SETBP1
FGF14	AC006504.5
LINC00551	LDLRAD4-AS1
FAM155A	LINC01965
FAM155A	GPD2
FAM155A	PHACTR1
FAM155A	AL662796.1
FAM155A	ACHE
FAM155A	FAM84B
FAM155A	C10orf90
FAM155A	B3GNT9
TNFSF13B	CRYGS
TNFSF13B	AC008581.2
AL138694.1	ESRP1
AL138694.1	AL162724.2
IRS2	FAM107A
IRS2	TENT5A
IRS2	PTCHD1
IRS2	NEAT1
IRS2	SHANK2
IRS2	HKDC1
IRS2	ITPRIP
IRS2	ADAM12
IRS2	NUDT4
IRS2	AL355974.2
IRS2	AC010531.1
IRS2	UBALD2
AL355974.2	RBP1
AL355974.2	RASGEF1A
COL4A1	COL4A2
ATP11AUN	AL136382.1
ATP11AUN	MT1HL1
ATP11AUN	AC119424.1
ATP11AUN	AC138696.2
ATP11AUN	DOCK9-DT
ATP11AUN	AC092326.1
ATP11AUN	AC010422.1
AL139384.1	RIBC1
ATP11A	TSPAN15
ATP11A	TGFB3
ATP11A	LGMN
GAS6	ORAI1
GAS6	FDXR
CR383656.10	ZDHHC4
PARP2	TMEM138
PARP2	AC092115.3
RNASE10	ZNF263
NDRG2	CNTFR
NDRG2	DGKZ
NDRG2	RAPGEF3
NDRG2	ZIC2
SALL2	RCBTB2
DAD1	POP4
HAUS4	ANKRD30A
HAUS4	AC116667.1
RNF212B	RNF125
BCL2L2-PABPN1	AC015813.2
PABPN1	COL16A1
PABPN1	IL11RA
PABPN1	CDK9
PABPN1	LCNL1
PABPN1	LENG8
SLC22A17	ARAF
SLC22A17	CTSH
SLC22A17	UBB
CPNE6	PI16
FITM1	NLE1
AL136295.6	AC026367.2
LTB4R	C20orf204
NFATC4	TAF6L
NFATC4	KCNH3
NFATC4	PABPN1
NFATC4	ARHGAP33
CBLN3	AC068286.1
SDR39U1	XKR8
SDR39U1	USP21
SDR39U1	AUP1
SDR39U1	AC108673.3
SDR39U1	NELFE
SDR39U1	PAXX
SDR39U1	NABP2
SDR39U1	NFKBIA
SDR39U1	TRAF7
SDR39U1	RNF166
SDR39U1	CENPBD1
SDR39U1	HEXIM1
AL139023.1	NOA1
FOXG1-AS1	CYR61
FOXG1-AS1	PELI1
FOXG1-AS1	LRRC34
FOXG1-AS1	AL133346.1
FOXG1-AS1	STOX1
FOXG1-AS1	KCTD12
FOXG1-AS1	LINC01551
FOXG1	AC007938.3
LINC01551	GYG1
AL158058.1	ABHD1
AL133372.2	LINC00865
AL133372.2	AC084782.1
COCH	AUNIP
COCH	TRDN-AS1
COCH	LINC01902
COCH	DOHH
LINC02313	AC004943.1
AKAP6	PLCL2
AKAP6	AC124854.1
AKAP6	DIAPH2
AL136298.1	HAAO
AL136298.1	LINC01931
AL136298.1	MTA2
EGLN3	DLEC1
EGLN3	AC093523.1
EGLN3	LINC02198
EGLN3	C6orf118
EGLN3	AP000424.1
NFKBIA	FAXC
AL162311.3	ZNF699
LINC00609	AC007563.2
LINC00609	ADAMTS9
LINC00609	SEMA6A
LINC00609	AC008667.1
LINC00609	COL21A1
LINC00609	B3GAT2
LINC00609	TNC
LINC00609	AC073569.2
LINC00609	AL162511.1
LINC00609	L3MBTL4
SFTA3	AC026304.1
MIPOL1	PRELID2
SSTR1	SCN7A
LINC00639	STON1-GTF2A1L
LINC00639	AC092920.1
AL132639.2	Z84492.1
AL132639.2	CD248
AL132639.2	NR1H4
AL121821.1	LRFN5
AL450442.1	DCAF13
LINC02277	LGR5
LINC02277	LINC02307
MDGA2	HECW2
MDGA2	EPHA3
MDGA2	XKR4
MDGA2	SORCS1
RPL36AL	METTL18
RPL36AL	ABRACL
ARF6	GRPEL2
CDKL1	TMEM234
CDKL1	TSEN15
CDKL1	LINC00862
CDKL1	AC096642.1
CDKL1	RHOQ
CDKL1	AC092835.1
CDKL1	CNNM4
CDKL1	LYG1
CDKL1	RFX8
CDKL1	AC017074.1
CDKL1	MAIP1
CDKL1	CORIN
CDKL1	FAM13A-AS1
CDKL1	TRAM1L1
CDKL1	CEP72
CDKL1	AL159163.1
CDKL1	LSMEM1
CDKL1	GCNA
CDKL1	ADAM32
CDKL1	LRRC69
CDKL1	AP003469.4
CDKL1	FZD6
CDKL1	UTP23
CDKL1	AL158071.4
CDKL1	DNA2
CDKL1	OLMALINC
CDKL1	AC005832.4
CDKL1	AC092747.1
CDKL1	SDS
CDKL1	CCDC62
CDKL1	GPR135
CDKL1	DPH6-DT
CDKL1	HSD17B1
CDKL1	ZADH2
CDKL1	SMG9
CDKL1	C19orf48
CDKL1	AF127577.4
AL118556.1	AC107959.1
AL118556.1	NXPE1
AL118556.1	AC090510.1
AL358332.1	AC000058.1
AL358332.1	AC103764.1
AL358332.1	AC008403.1
FRMD6-AS2	PPEF1
FRMD6-AS2	PALD1
AL356020.1	UBAC2-AS1
LINC02331	LINC01891
LINC02331	AC079380.1
LINC02331	NXNL2
LINC02331	AC103794.1
LINC02331	CRABP1
LINC02331	AC010422.1
BMP4	AL645608.8
BMP4	AC110597.1
SAMD4A	HEYL
SAMD4A	ARHGAP29
SAMD4A	AL365181.3
SAMD4A	NFKBIZ
SAMD4A	ALDH1L1
SAMD4A	PLOD2
SAMD4A	P4HA2
SAMD4A	ELOVL5
SAMD4A	AC006978.2
SAMD4A	SMARCA1
SAMD4A	SLC20A2
SAMD4A	UBASH3B
SAMD4A	CDH23
SAMD4A	CASP7
SAMD4A	CCND2
SAMD4A	EVA1C
WDHD1	AL512329.2
LGALS3	MRTO4
LGALS3	KCNIP3
LGALS3	FAM53A
LGALS3	CEBPD
LGALS3	AC006299.1
LGALS3	PYGL
LGALS3	PRC1-AS1
LGALS3	DLGAP1-AS1
LGALS3	TMEM143
DLGAP5	ZNF503-AS2
TBPL2	AC010422.2
AL138995.1	ZNF670-ZNF695
PELI2	PUS10
PELI2	GRIK4
AL161757.4	AL445584.2
AL161757.4	RPGRIP1
AL161757.4	TMC5
AL161757.4	ZNF317
AL161757.4	AC008764.6
AL139021.1	AC024267.4
AL139021.1	CHAD
AL139021.1	AC005253.1
GPR135	INTS7
GPR135	APLF
GPR135	ATP11C
GPR135	ZNF503-AS1
GPR135	L3HYPDH
RTN1	CD200
RTN1	DACH1
AL157911.1	GLIDR
AL157911.1	MPP3
C14orf39	AC245100.7
C14orf39	FAM228A
HIF1A-AS2	CCDC18
KCNH5	AC104151.1
AL122035.1	AP001628.1
CHURC1-FNTB	CBLL1
CHURC1-FNTB	ZNF460-AS1
AL139022.1	LINC01362
AL139022.1	AC092140.1
AL139022.1	PINLYP
AL355076.2	NOX5
AL359232.1	PEBP4
AL359232.1	AC007495.1
AL359232.1	RCN3
AL359232.1	CBS
CCDC196	AC024257.1
ARG2	FN1
ACTN1	TANC1
ACTN1	ZDHHC3
ACTN1	EXOSC7
ACTN1	PXDC1
ACTN1	SBNO2
ACTN1	NUMBL
ACTN1-AS1	SEC14L3
GALNT16	NAV1
GALNT16	FAM198A
GALNT16	CCDC80
GALNT16	AL359317.1
ERH	CCDC71
AL357153.2	MEF2C-AS1
AL357153.2	AC007566.1
AL357153.2	LINC00407
AL357153.2	EFCAB11
AL357153.2	AC027808.1
AL357153.2	AC087564.1
AL357153.2	LINC00158
ADAM21	LINC01241
ADAM21	AC008870.4
PAPLN	NPL
PAPLN	DNAH7
PAPLN	KIAA1211
PAPLN	CCND3
PAPLN	AL590428.1
PAPLN	METTL27
PAPLN	MYOM2
PAPLN	FGL1
PAPLN	ZC2HC1A
PAPLN	PHLDA1
PAPLN	SLC14A1
PAPLN	MRO
PAPLN	ADAMTS1
AC005280.2	AC003084.1
AC005225.2	ABLIM2
AC005225.2	TBC1D2
AC006146.1	ABCF2
ENTPD5	GPATCH1
ABCD4	CASP6
ISCA2	ORMDL2
PGF	HRK
PGF	LBP
FOS	JUN
FOS	ATF3
FOS	NR4A1
FOS	UBC
FOS	AL691403.1
FOS	KLF2
JDP2	WDR77
JDP2	SLC7A11
JDP2	ZDHHC11
JDP2	LINC00529
JDP2	SDK2
JDP2	SH3BGR
AC008050.1	AC007376.2
VASH1-AS1	CRIP3
VASH1-AS1	ZNF688
VASH1-AS1	SETD1A
LRRC74A	TMC2
LINC02288	OR9Q1
AHSA1	CLPTM1L
AHSA1	HMGN5
AHSA1	PYCR1
AHSA1	SERHL2
NRXN3	LRRC7
NRXN3	NMNAT2
NRXN3	LDB2
NRXN3	NDST3
NRXN3	SPOCK3
NRXN3	SORBS2
NRXN3	LINC00632
NRXN3	DLGAP2
NRXN3	ZMAT4
NRXN3	NCALD
NRXN3	PTPRD
NRXN3	LUZP2
NRXN3	GRM5
NRXN3	NAALAD2
NRXN3	CNTN5
NRXN3	GRIA4
NRXN3	GPR158
NRXN3	LRRTM3
NRXN3	CIT
NRXN3	GABRG3
NRXN3	FMN1
NRXN3	UNC13C
NRXN3	DCC
NRXN3	SGSM1
NRXN3	DSCAM
AC008056.1	AC008056.2
AC008056.1	AF123462.1
DIO2	CAPN10-DT
TSHR	AC009053.3
AC007262.2	MSH4
AC007262.2	AC010884.1
AC007262.2	IQCJ-SCHIP1
AC007262.2	FAM47E
AC007262.2	CEL
AC007262.2	MMP24OS
STON2	HEY2
STON2	DPYSL4
STON2	ZNRF3
FLRT2	PLCL1
FLRT2	SLC35G2
FLRT2	RPS6KL1
LINC02328	HRASLS5
AL137230.1	AC007249.2
AL137230.1	STEAP3-AS1
AL137230.1	EPGN
AL137230.1	AC011294.1
AL137230.1	TAF1L
AL137230.1	AC004149.1
ITPK1-AS1	AL513283.1
UNC79	TENM2
UNC79	GRM1
UNC79	GPKOW
ASB2	IGSF3
ASB2	AC239868.2
ASB2	CHRNB2
ASB2	OLFML2B
ASB2	CNGA3
ASB2	AC112220.4
ASB2	AC116565.2
ASB2	SLC26A1
ASB2	BYSL
ASB2	NFKBIE
ASB2	NPY
ASB2	SMKR1
ASB2	ZCCHC12
ASB2	PNOC
ASB2	LHX6
ASB2	RASSF10
ASB2	MYBPC3
ASB2	DGAT2
ASB2	VSTM5
ASB2	MCAM
ASB2	RET
ASB2	SLITRK1
ASB2	AC105020.1
ASB2	ZNF134
ASB2	MOV10L1
IFI27L2	AL451165.2
IFI27L2	C8orf59
IFI27L2	STYX
AL049839.2	PRR34-AS1
TCL1B	AC016994.1
TCL1B	TRMT44
TCL1B	AC004069.1
TCL1B	AC099342.1
TCL1B	PPP1R3A
TCL1B	AL360182.2
TCL1B	LINC00868
TCL1B	LINC01387
TUNAR	AF106564.1
TUNAR	AC138647.1
TUNAR	AL583859.2
TUNAR	AC079907.2
TUNAR	SERTM1
TUNAR	AC010531.5
TUNAR	AC104984.6
TUNAR	AC008474.1
SLC25A29	VASH1
AL157871.1	AC010320.3
MEG9	KCNK5
MEG9	IFITM10
MEG9	LINC00551
HSP90AA1	AC009313.1
HSP90AA1	HSPD1
HSP90AA1	CRELD1
HSP90AA1	HSP90AB1
HSP90AA1	SNX3
HSP90AA1	LRRC61
HSP90AA1	DNAJA1
HSP90AA1	STIP1
HSP90AA1	SERPINH1
HSP90AA1	ANAPC16
HSP90AA1	HSPH1
HSP90AA1	AC055855.1
HSP90AA1	CCT6B
HSP90AA1	CHMP6
HSP90AA1	MAFG
HSP90AA1	AL050403.2
HSP90AA1	DNAJB1
ANKRD9	DENND2C
ANKRD9	NDUFS2
ANKRD9	KRTCAP3
ANKRD9	MAPKAPK3
ANKRD9	CCDC158
ANKRD9	AC008438.2
ANKRD9	C6orf136
ANKRD9	AL359715.2
ANKRD9	AC005165.1
ANKRD9	KRBA1
ANKRD9	LCNL1
ANKRD9	SAMD15
ANKRD9	UBE2Q2L
ANKRD9	KIAA0895L
AL161669.3	AC079610.2
CKB	C1orf122
CKB	HES6
CKB	ENHO
CKB	NINJ1
CKB	CTSF
CKB	DDIT4
CKB	LDHB
CKB	CLIP1
CKB	AL138963.1
CKB	BAG5
CKB	METRN
AL049840.1	AC245884.1
AL049840.2	AL355922.2
AL049840.2	TMEM204
AL049840.2	AC092117.1
INF2	TPPP
CEP170B	AC006115.1
CRIP2	DDX41
CRIP2	GFER
TMEM121	KNTC1
IGHG4	ARSI
IGHG4	IGHG1
IGHG4	IGHG3
IGHG2	ZNF426-DT
IGHG3	IGHG2
AC021439.1	ETV7
AC021439.1	AC104574.1
AC021439.1	AL161937.2
AC021439.1	PCDH11Y
PWRN1	SHISA7
AC124312.2	AC008735.2
LINC02250	PKD2L2
LINC02250	HMGN3-AS1
LINC02250	NEK5
LINC02250	USP3-AS1
GABRG3	ARHGAP20
GOLGA8K	AC099521.1
GOLGA8K	AC006946.3
AC123768.3	KDM6B
ARHGAP11A	ALG9
SCG5	STMN1
SCG5	ATP1A1
SCG5	ATP1B1
SCG5	VSNL1
SCG5	AC093323.1
SCG5	BEX1
SCG5	L1CAM
SCG5	STMN4
SCG5	STMN2
SCG5	RBP4
SCG5	CRYM
SCG5	SERPINF1
SCG5	CHGB
SCG5	KCNB1
SCG5	YWHAH
AC010809.3	AP006623.1
EMC7	MED8
EMC7	NDUFB5
EMC7	MED31
NUTM1	CLCNKA
NUTM1	TECTB
NUTM1	AC002550.2
NUTM1	AC005498.2
LPCAT4	PANK4
LPCAT4	ATXN7L2
LPCAT4	RAP2C
LPCAT4	SEMA7A
AC021231.1	AC091826.2
AC021231.1	NKAIN2
DPH6	IER5
DPH6	ERICH6-AS1
DPH6	F8
DPH6	AF123462.1
DPH6	AC021231.1
DPH6	FAM227B
DPH6-DT	CRIPT
DPH6-DT	MITF
DPH6-DT	MYLK-AS1
DPH6-DT	POLN
DPH6-DT	ANTXR2
DPH6-DT	AC105285.1
DPH6-DT	LINC01170
DPH6-DT	AL136164.2
DPH6-DT	SLC25A40
DPH6-DT	PAXIP1-AS2
DPH6-DT	TRPC6
DPH6-DT	KLRG1
DPH6-DT	PRIM1
DPH6-DT	AC007686.3
DPH6-DT	AC007262.2
DPH6-DT	TEX22
DPH6-DT	CEP152
DPH6-DT	ZMYND15
DPH6-DT	TRIM16
DPH6-DT	AC005786.3
MEIS2	SEPT11
SRP14	FAM96B
SRP14	AC091271.1
BMF	AC015795.1
BMF	AC104532.1
BUB1B	PAX7
BUB1B	A3GALT2
BUB1B	PTGFR
BUB1B	HJV
BUB1B	CD34
BUB1B	TGFB2-AS1
BUB1B	AL591686.1
BUB1B	AC099344.1
BUB1B	LINC00607
BUB1B	FGD5
BUB1B	LINC02158
BUB1B	LINC02503
BUB1B	NOTCH4
BUB1B	AC019155.2
BUB1B	AC022784.6
BUB1B	AC021678.2
BUB1B	AC016405.3
BUB1B	AL159169.3
BUB1B	CHRNA10
BUB1B	ESPL1
BUB1B	LINC00351
BUB1B	ITGAM
BUB1B	AC009055.1
BUB1B	MARCH10
BUB1B	ZNF831
BUB1B	ZBTB46-AS1
BUB1B	AC005523.1
BUB1B	TEX45
BUB1B	LIPI
BUB1B	AP000695.2
BUB1B	CLDN14
BUB1B	LINC00334
PLCB2	ABCF2
ZFYVE19	C2CD2L
ZFYVE19	SENP8
ZFYVE19	SPACA6P-AS
SPINT1	NKAIN1
CHAC1	AL162426.1
CHAC1	HSPB2-C11orf52
AC020661.3	MYO3B
AC020661.3	GTF2H5
AC020661.2	AC107081.2
AC020661.2	KCNJ13
AC020661.2	AL136038.3
EXD1	AL162231.2
LTK	CBX8
AC020659.2	LINC02313
SERF2	SH3BGRL3
SERF2	S100A1
SERF2	LAMTOR2
SERF2	CCDC167
SERF2	FIS1
SERF2	POLR2J
SERF2	NDUFB2
SERF2	PHPT1
SERF2	UQCC3
SERF2	NDUFB10
SERF2	MT3
SERF2	ANAPC11
SERF2	CCDC124
SERF2	AC010642.2
SERF2	S100B
HYPK	AP000275.2
FRMD5	LAMA3
AC025043.1	SPRTN
AC025043.1	PPP1R35
AC025043.1	SPDYE6
AC025043.1	GPR34
AC025043.1	KBTBD4
AC025043.1	PROSER2
AC025043.1	AC020661.3
AC025043.1	AC021491.1
AC025043.1	ZNF850
AC025043.1	C22orf23
B2M	CD74
B2M	HLA-C
B2M	HLA-B
B2M	PSMB8
DUOX1	AC012464.1
DUOX1	AL357093.2
DUOX1	AL133297.2
DUOX1	TGFB1
SLC28A2	PIAS4
C15orf48	AL109933.1
C15orf48	AC100821.2
C15orf48	AL049869.2
AC090527.1	AC012560.1
AC090527.1	LINC00596
AC090527.3	ENPP1
AC090527.2	AC003002.1
SLC24A5	GCNT7
FBN1	GPR156
FBN1	ZIC3
FBN1	AC124947.1
FBN1	RNASEH2B
FBN1	NEK3
FBN1	CHODL
AC084757.3	KEL
FAM227B	AC076966.1
AC022087.1	AL035416.1
AC022087.1	AC004034.1
AC023906.3	AC027682.2
FAM214A	REEP1
FAM214A	RFTN2
FAM214A	EGR1
FAM214A	LCA5
FAM214A	HBP1
FAM214A	ZFPM2
FAM214A	TUB
FAM214A	FAM13C
FAM214A	TCP11L2
FAM214A	CAB39L
FAM214A	METTL4
UNC13C	PLXDC1
RSL24D1	NDE1
PRTG	UBE2Q2
TEX9	VRK1
MNS1	Z97055.2
AC090518.1	VEGFD
AC090518.1	AC005833.2
AC090518.1	RNF6
AC090517.4	TMEM56-RWDD3
AC090517.4	PIWIL4
CGNL1	CDC14A
CCNB2	AC004704.1
FOXB1	UCKL1-AS1
ANXA2	ANXA1
ANXA2	FAM129B
RORA-AS1	KDM4A-AS1
RORA-AS1	AC013472.2
RORA-AS1	LINC00903
RORA-AS1	TUSC7
RORA-AS1	AC022101.1
RORA-AS1	AL138828.1
RORA-AS1	MTCP1
RORA-AS1	AL354754.1
RORA-AS1	AC022395.1
RORA-AS1	FAM196A
RORA-AS1	CPB2
RORA-AS1	AC245452.1
RORA-AS1	AP000311.1
AC012404.1	AL357079.1
AC012404.1	ERLEC1
AC012404.1	AC092839.1
AC012404.1	AC008067.1
AC012404.1	OSGEPL1
AC012404.1	P2RY14
AC012404.1	AC097716.1
AC012404.1	ARHGAP26-AS1
AC012404.1	AL022097.1
AC012404.1	AC073343.2
AC012404.1	UPP1
AC012404.1	DLC1
AC012404.1	LRP4-AS1
AC012404.1	HEPN1
AC012404.1	BCL2L14
AC012404.1	DENND5B-AS1
AC012404.1	WASF3-AS1
AC012404.1	FREM2-AS1
AC012404.1	F10
AC012404.1	POLE2
AC012404.1	RORA-AS1
AC012404.1	PDZD9
AC012404.1	AC133550.2
AC012404.1	ASPHD1
AC012404.1	CEP76
AC012404.1	TMEM241
AC012404.1	AC245060.6
AC012404.1	ZNRF3-AS1
AC012404.1	TTC3-AS1
AC018618.1	AC104574.2
AC009554.1	AC093110.1
AC009554.1	AL354733.3
AC009554.1	MRVI1-AS1
AC009554.1	NCAPH2
TLN2	CA8
TPM1	CENPQ
TPM1	AC026786.1
TPM1	NFATC1
TPM1	PCMTD2
AC087612.1	AL355472.4
AC087612.1	KYNU
AC087612.1	HYAL1
AC087612.1	LINC02261
AC087612.1	PRKG2
AC087612.1	RAD50
AC087612.1	RIOK1
AC087612.1	SAPCD1-AS1
AC087612.1	CLPSL1
AC087612.1	SYTL3
AC087612.1	TMEM243
AC087612.1	SCARA5
AC087612.1	CASC11
AC087612.1	TSPAN8
AC087612.1	LINC00437
AC087612.1	AC010601.1
AC087612.1	AC145285.2
AC087612.1	SULT1A3
AC087612.1	AC099508.2
AC087612.1	MFAP4
AC087612.1	AC004231.3
AC087612.1	AL121583.1
AC087612.1	GMFG
AC087612.1	CLC
AC087612.1	AC010737.1
LINC02568	CA12
USP3-AS1	SMIM15-AS1
USP3-AS1	AC001226.2
USP3-AS1	WDR93
USP3-AS1	TSPOAP1-AS1
AC073167.1	DCAF11
AC073167.1	GOLGA6L10
PPIB	MRM2
PPIB	SELENOS
PPIB	AC092069.1
AC069368.1	ALDH8A1
AC069368.1	TMEM185A
AC069368.1	AC068234.2
AC069368.1	PRR5-ARHGAP8
ANKDD1A	IGFN1
ANKDD1A	LSMEM2
ANKDD1A	DOK7
ANKDD1A	KCNIP1
ANKDD1A	AL122035.1
ANKDD1A	AC069368.1
ANKDD1A	ZIM2
ANKDD1A	HMOX1
RASL12	AQP1
RASL12	ASS1
RASL12	CACNG2
PDCD7	PGP
IGDCC3	KCNC4
IGDCC3	SYT12
RAB11A	AL513327.1
RAB11A	RCSD1
RAB11A	TGFBRAP1
RAB11A	ITGA9
RAB11A	AL512422.1
RAB11A	SOD2-1
RAB11A	CA1
RAB11A	AP002336.2
RAB11A	AL133481.1
RAB11A	MAGOHB
RAB11A	SLC38A7
RAB11A	AC116552.1
RAB11A	AC087501.1
RAB11A	AC100793.3
RAB11A	UBOX5
RAB11A	DPP9
RAB11A	ZNF665
RAB11A	AF127577.2
LINC01169	UBE2U
LINC01169	HMSD
AC110048.2	C9orf170
AC087482.1	GNRH1
SMAD3	MFSD13A
SMAD3	GSE1
EWSAT1	MUC13
EWSAT1	HEATR6
EWSAT1	LAIR1
RPLP1	RPL11
RPLP1	PFDN2
RPLP1	RPL35A
RPLP1	RPLP2
RPLP1	RPS13
DRAIC	AC104170.1
DRAIC	LEPR
DRAIC	RGS5
DRAIC	DNAH12
DRAIC	AC108062.1
DRAIC	TTC29
DRAIC	TMEM9B-AS1
DRAIC	AC091167.6
LINC02204	AL035252.3
LINC02204	ANKLE1
AC009269.2	AL049637.1
AC009269.2	AC079305.1
AC009269.2	ESM1
AC022872.1	AC012636.1
AC020779.2	PLK4
GRAMD2A	LINC02266
ADPGK-AS1	TIAM1
C15orf59	CDH24
C15orf59-AS1	AC112250.2
LOXL1	AC100771.2
PML	TEAD3
AC090826.1	FRRS1
AC100835.1	C2orf71
AC100835.1	AL133375.1
AC100835.1	IL23A
CPLX3	SLCO5A1
ULK3	ZDHHC8
SIN3A	ZNF85
PTPN9	AC006059.1
PTPN9	P2RY1
PTPN9	PCDH1
LINGO1	MFSD14A
LINGO1	CRTC2
LINGO1	RASGEF1B
LINGO1	CYP51A1
LINGO1	SLC26A3
LINGO1	BCOR
LINGO1	RNF128
LINGO1	ARHGEF10
LINGO1	AL807752.7
LINGO1	AL807752.6
LINGO1	PTH
LINGO1	TBL3
LINGO1	MRPL38
LINGO1	SGSM3
AC090607.3	AC018742.1
AC090607.3	C1QTNF2
AC090607.3	AC083864.2
AC090607.3	AP003119.2
AC090607.3	TMEM88
AC090607.3	AC139099.3
AC090607.3	MISP
AC090607.3	ADA2
CRABP1	ITGB6
CRABP1	AC084855.1
CTSH	TPRG1
CTXND1	AC093157.1
CTXND1	LYPD1
CTXND1	SLC16A7
AC016705.1	AL513320.1
AC016705.1	LHX4
AC016705.1	CCDC13-AS1
STARD5	PGM2
MEX3B	S100A4
MEX3B	AC104118.1
MEX3B	AC011337.1
MEX3B	AC012213.3
MEX3B	TMEM236
MEX3B	LINC02361
GOLGA6L9	RDH11
RPS17	RPL26L1
RPS17	LINC00536
RPS17	PSME2
AC245033.2	CEP85
AP3B2	AP4B1
AP3B2	AFF3
AP3B2	AC074351.1
AP3B2	SLC38A2
AP3B2	AVIL
AP3B2	ATF7IP2
AP3B2	UNC13A
AC105339.3	PDE6B
AC105339.3	AC008871.1
AC105339.3	AL355001.2
AC105339.3	OVOL2
AC105339.3	FUT2
AC105339.3	AC010320.4
SH3GL3	HS3ST2
ADAMTSL3	CCDC141
ADAMTSL3	DPYSL3
ADAMTSL3	LAMA4
ADAMTSL3	AP1S2
ADAMTSL3	ANGPT1
ADAMTSL3	SMOC1
ADAMTSL3	AC073941.1
ADAMTSL3	AC021739.2
SLC28A1	SP100
SLC28A1	AC025038.1
AC016987.1	MYOZ2
AC016987.1	AC068234.1
DET1	MSTO1
ACAN	GPR153
ACAN	FAM9B
ACAN	AC060765.1
ACAN	GALNT6
ACAN	MIEF2
ACAN	PIWIL3
MFGE8	ADGRB1
MFGE8	KCNIP2
MFGE8	WIF1
MFGE8	NYNRIN
MFGE8	WFDC1
ZNF710-AS1	AC005696.4
ZNF710-AS1	CACNB1
IDH2	CAPN10
IDH2	PYCR3
IDH2	COLCA1
IDH2	NLRX1
IDH2	DSEL
SLCO3A1	SAMD11
SLCO3A1	LINC01094
SLCO3A1	ORAI2
SLCO3A1	AR
SLCO3A1	EXPH5
C15orf32	AC095033.1
C15orf32	MELK
C15orf32	KCNRG
C15orf32	LINC01433
C15orf32	AL078587.1
RGMA	PLXND1
AC091078.1	LINC00907
AC110023.1	RRH
AC110023.1	NUP43
AC110023.1	AC091078.1
AC110023.1	LINC01580
LINC01579	AGBL3
LINC01579	PIEZO1
LINC01580	AP003438.1
LINC01580	LINC02207
AC015574.1	AL023755.1
AC015574.1	RGSL1
AC015574.1	MZB1
AC015574.1	AC011396.2
AC015574.1	AC006974.1
AC015574.1	AC234781.1
AC015574.1	AC083973.1
AC015574.1	GRHL2
AC015574.1	PCAT7
AC015574.1	FBP2
AC015574.1	TEX49
AC015574.1	TPH2
AC015574.1	AC005962.1
AC015574.1	AC008770.1
AC015574.1	AC092364.1
AC015574.1	AC010325.1
AC012409.2	HAUS6
NR2F2	UBXN10
AC020704.1	TNFRSF8
AC020704.1	PES1
AC026523.1	AL592287.1
AC026523.1	AL732314.4
AC026523.1	AC068831.7
AC026523.1	AC009159.3
AC026523.1	TBC1D29
AC026523.1	CTAGE1
ARRDC4	SEMA5A
LINC02251	NBPF15
IGF1R	UQCRHL
IGF1R	PTPN22
IGF1R	ACTR8
IGF1R	AFF1
IGF1R	LRIT3
IGF1R	AC016831.7
IGF1R	SCN4B
IGF1R	BEND7
IGF1R	RPP25
IGF1R	ENO3
IGF1R	PPM1E
IGF1R	TFPT
SYNM	GOLT1A
SYNM	ABCB11
ADAMTS17	CCDC88C
AC084855.2	AC084855.1
LINS1	AC027020.2
ALDH1A3	IMPG1
ALDH1A3	MUM1L1
ALDH1A3	AL136980.1
ALDH1A3	EXOSC2
ALDH1A3	LINC02335
ALDH1A3	FOXB1
ALDH1A3	EXOC3L1
SELENOS	TMEM179B
SELENOS	TIMM8B
SELENOS	PCDH9-AS1
MCRIP2	BCS1L
MCRIP2	USP19
MCRIP2	PPP1R3G
MCRIP2	TBRG4
MCRIP2	PTCD1
MCRIP2	ZMYND19
MCRIP2	TMEM216
MCRIP2	GPR137
MCRIP2	HMBS
MCRIP2	MLF2
MCRIP2	DERA
MCRIP2	FAIM2
MCRIP2	NAB2
MCRIP2	LCMT2
MCRIP2	HAGHL
MCRIP2	SLC9A3R2
MCRIP2	ULK2
MCRIP2	SLC25A19
MCRIP2	ILVBL
MCRIP2	PPFIA3
MCRIP2	ZBTB45
MCRIP2	GAS2L1
STUB1	HRAS
METRN	POU3F1
METRN	ID4
METRN	ZNF775
METRN	VEGFB
METRN	PPP1R14B
METRN	FAM181B
METRN	ASB8
METRN	MARCH9
METRN	C15orf59
METRN	TMC3-AS1
METRN	JUND
METRN	NAT14
METRN	ZNF579
HAGHL	GSTM4
HAGHL	GPT
HAGHL	NUDT22
HAGHL	KMT5C
AL031714.1	AMPD1
AL031714.1	AC136489.1
AL031714.1	CASC8
AL031714.1	TSPAN16
AL031714.1	AL022323.3
AL032819.1	ZNF514
AL032819.1	AC005840.4
CRAMP1	CHRNA6
NME3	SELENBP1
NME3	TMEM150A
NME3	AC012360.3
NME3	ARIH2OS
NME3	AC025181.2
NME3	C6orf226
NME3	PTGES2
NME3	HEPN1
NME3	SRPRA
NME3	SPSB3
NME3	SAT2
NME3	NT5C
NME3	AC139530.1
NME3	CDC37
NME3	AC010331.1
NME3	CLEC11A
MRPS34	DCTPP1
SPSB3	C1orf56
SPSB3	AL451085.2
SPSB3	DNAJC19
SPSB3	B3GALT4
SPSB3	LDHD
SPSB3	FXYD1
FAHD1	UTP3
NDUFB10	AURKAIP1
NDUFB10	PRELID1
NDUFB10	LAMTOR4
NDUFB10	BAG1
NDUFB10	HINT2
NDUFB10	NDUFAB1
NDUFB10	GPX4
NDUFB10	TIMM13
NDUFB10	ELOF1
NDUFB10	NDUFB7
RPS2	CCT6A
RPS2	FTL
SNHG9	SNX30
SNHG9	SNHG25
SYNGR3	AGAP2
SYNGR3	NEUROD2
PKD1	ZBTB17
PKD1	SPEG
PKD1	CXXC5
PKD1	AC026471.2
RAB26	ADGRF3
RAB26	CDHR1
TRAF7	PECR
TRAF7	SLC4A11
CASKIN1	AIM2
CASKIN1	KIF21B
CASKIN1	LRRN2
CASKIN1	CCDC39-1
CASKIN1	PSD2
CASKIN1	ZNF853
CASKIN1	GDF11
CASKIN1	GIT1
CASKIN1	MPP2
CASKIN1	CACNG7
CASKIN1	TMEM184B
BRICD5	PROB1
BRICD5	FANCG
PGP	AL450998.2
PGP	SYPL2
PGP	RNASEH1-AS1
PGP	LINC02482
PGP	SAP30
PGP	ENTR1
PGP	ASB13
PGP	GPR108
PGP	MCOLN1
PGP	ZNF324
AC009065.1	STAC3
AC009065.1	LINC01303
ABCA3	IMPDH1
ABCA3	HSD3B7
ABCA3	CRISPLD2
ABCA3	NOVA2
SRRM2	C1orf54
SRRM2	INAVA
SRRM2	TSTD3
SRRM2	ZNF385A
SRRM2	NFATC4
SRRM2	LINC02327
SRRM2	AC078909.1
SRRM2	AC106779.1
SRRM2	SAMD1
SRRM2	DACT3
ELOB	AL133352.1
AC003965.1	AC010998.2
CLDN9	AC119674.1
CLDN9	TMEM139
CLDN9	ESAM
CLDN9	AL162311.3
CLDN9	INAFM2
CLDN9	LINC02204
CLDN9	AC027601.3
HCFC1R1	PPM1M
HCFC1R1	AC025283.3
ZSCAN32	MTERF3
AC006111.3	LINC01013
VASN	EPHA2
VASN	FAM43B
NUDT16L1	BTBD6
NUDT16L1	MPST
AC026458.2	LINC02018
AC022167.2	CHEK1
AC087190.1	CRYBG1
AC087190.1	AL118558.3
LINC02177	AC007221.1
LINC02177	AC007221.2
ATF7IP2	LRIF1
ATF7IP2	AC245297.2
CIITA	LINC02149
CIITA	IL18BP
AC007014.1	LRRC7
AC007014.1	LANCL1-AS1
RMI2	CATSPERD
LITAF	STS
SNN	TAF13
SNN	UCK1
SNN	THAP11
AC109597.1	AC090531.1
AC109597.1	LINC00539
SHISA9	KCNK10
NDE1	AL121672.2
ABCC1	FH
ABCC1	GRIP1
ABCC1	FBXO17
NPIPA7	ADAMTS4
NPIPA7	OTOP1
NPIPA7	AC016642.1
NPIPA7	AC004520.1
NPIPA7	LINC02378
NPIPA7	AC018413.1
NPIPA7	HNF4A
XYLT1	DPP6
RPS15A	MSH2
SYT17	LINC00601
SYT17	TMEM132C
SYT17	HPN-AS1
CLEC19A	AC010616.1
AC130456.2	ZDHHC19
AC002550.1	KNOP1
ERI2	SLC46A3
TMEM159	USH2A
IGSF6	AC112211.1
VWA3A	ATP2B1-AS1
VWA3A	LRRC43
EEF2K	PRR5
EEF2K	PDXK
AC092338.2	ETV4
PRKCB	SUSD4
PRKCB	AC110491.1
PRKCB	NPM2
PRKCB	BCAT1
CACNG3	C2orf80
CACNG3	LZTS1
LINC01567	AC090559.1
AC008731.1	INKA2
AC008731.1	SCNM1
AC008731.1	AC104461.1
AC008731.1	C2orf88
AC008731.1	ITGB5-AS1
AC008731.1	AC010491.1
AC008731.1	MAK
AC008731.1	OR2H2
AC008731.1	SYNGAP1-AS1
AC008731.1	AL049869.3
AC008731.1	SNAPC5
AC008731.1	AP005329.2
AC008731.1	AC011444.1
AQP8	AC026333.4
IL27	AC007193.3
NUPR1	ATL2
NUPR1	TMIE
TUFM	DALRD3
TUFM	TSTA3
TUFM	DPM2
TUFM	EMC7
AC009086.2	AC011603.2
MAZ	LZTS3
MAZ	MRGBP
MVP	RAB20
ASPHD1	SLC27A5
KCTD13	MAP4K2
KCTD13	BID
DOC2A	KCNQ2
TBX6	FAM102B
TBX6	AC022509.2
SULT1A3	AP001099.1
NPIPB13	NPIPB4
PRR14	NXF1
SRCAP	LTV1
AC106886.5	KRTAP5-10
MIR762HG	LRRIQ4
AC009088.1	ANKHD1-EIF4EBP3
AC026471.1	ZBTB24
TGFB1I1	RGS2
AC092368.3	AL359764.1
AC092368.3	MIR3681HG
AC092368.3	TADA2B
AC092368.3	CFAP299
AC092368.3	AC122710.1
AC092368.3	Z99289.1
AC092368.3	TMEM86A
AC092368.3	FAM180B
AC092368.3	AP001351.1
AC092368.3	IRAK3
AC092368.3	LINC00463
AC092368.3	TPPP2
AC092368.3	LINC02331
AC092368.3	TCL1B
AC092368.3	BMF
AC092368.3	AC012409.2
AC092368.3	SHCBP1
AC092368.3	ABCA9
AC092368.3	AC103987.2
AC092368.3	SALL4
AC092368.3	AC008991.1
AC092368.3	KCNN4
AC092368.3	CD3EAP
AC092368.3	ZNF615
AC092368.3	DPRX
GPT2	SMAD6
GPT2	DGKE
AC018845.1	AC243571.2
ITFG1-AS1	AC006449.3
AC007533.1	AL136988.2
AC007533.1	AC004846.2
LINC02133	SPON2
AC007614.1	AL353759.1
AC007610.2	AC000032.1
AC007610.2	AL627422.2
AC007610.2	OGN
AC007610.2	AC068987.3
AC007610.2	AC004223.3
ADCY7	RIPOR3
AC007493.1	KNL1
SALL1	CXCL12
AC087564.1	ERMAP
AC087564.1	LINC00299
AC087564.1	ADAMTS2
AC087564.1	AC036214.1
AC087564.1	NUTF2
AC007347.1	AC005833.1
AC007347.1	C15orf53
AC007347.1	ZNF649-AS1
LINC02169	AC021205.3
LINC02169	CUZD1
AC092140.1	GPR171
MT3	AL109811.4
MT3	OST4
MT3	TMEM258
MT3	AL031710.1
MT3	ATP5F1E
MT2A	CHST2
MT2A	MT1M
MT2A	MT1X
MT1E	MT2A
MT1E	LLGL1
MT1F	SLC30A1
MT1F	AC078785.1
MT1F	MT1E
MT1F	MT1G
MT1G	C11orf1
MT1G	MT1H
MT1X	RNF19B
MT1X	IFITM3
MT1X	PEX16
MT1X	PELI2
MT1X	MT1M
MT1X	MT1A
SLC12A3	CRYBB3
HERPUD1	AC092164.1
HERPUD1	DTYMK
ADGRG5	LINC002481
ADGRG5	WWC2
ADGRG5	AC121342.1
ADGRG5	AC010173.1
ADGRG5	EIF6
ADGRG1	NAT8L
ADGRG1	TTYH3
ADGRG1	FKBP9
ADGRG1	CHST1
ADGRG1	SLC25A29
ADGRG1	ANKRD9
ADGRG1	SREBF1
ADGRG1	NPTXR
MMP15	PTK7
GINS3	ST6GAL2
LINC02141	AP000442.2
AC012174.1	LINC02313
AC012174.1	APOL1
AC009055.1	CNGB3
AC009055.1	SLC28A3
BEAN1	ORC6
TK2	DHX33
AC010542.2	AC037487.1
PDP2	AC006480.2
PDP2	NPIPB11
CBFB	FBXO31
CBFB	BTBD17
FBXL8	AL645608.7
FBXL8	LINC00638
HSF4	PSD
HSF4	AC078909.2
HSF4	AL022341.2
NOL3	UNC13D
AC009061.2	NMNAT1
AC009061.2	NIPAL3
AC009061.2	MYNN
AC009061.2	LINC00106
LCAT	ENTPD2
LCAT	BAIAP3
LCAT	ZNF99
DPEP2	AC114485.1
DPEP2	ABCG2
AC126773.4	AC073534.2
SNTB2	PRICKLE3
NQO1	TKT
AC009060.1	AP002075.1
AC027281.1	LINC02549
AC027281.1	ZNF484
HYDIN	SLC50A1
HYDIN	ZDHHC15
CALB2	ANKRD34A
CALB2	LRTM2
CALB2	NGB
LINC01572	ATAD3C
LINC01572	HSPG2
LINC01572	C1orf112
LINC01572	LINC01717
LINC01572	FILIP1
LINC01572	LINC01239
LINC01572	LINC00910
LINC01572	MIER2
LINC01572	DHX34
LINC01572	KCNC3
AC004158.1	LINC01994
AC004158.1	ENPP3
AC004158.1	PON1
AC004158.1	PON3
AC004158.1	WEE2-AS1
AC004158.1	CFAP58
AC004158.1	TIGAR
AC004158.1	CLEC2D
AC004158.1	ASPA
AC092114.1	LINC02234
AC092114.1	AC009262.1
AC092114.1	SKAP1-AS1
AC138627.1	PAPPA2
AC138627.1	AL031316.1
AC138627.1	AC016907.2
AC138627.1	GPR39
AC138627.1	AC098829.1
AC138627.1	AC097460.1
AC138627.1	AC108866.1
AC138627.1	SCOC-AS1
AC138627.1	LINC02355
AC138627.1	LINC02145
AC138627.1	AL590867.1
AC138627.1	LRRC17
AC138627.1	C8orf37-AS1
AC138627.1	LINC02320
AC138627.1	AC010542.3
AC138627.1	AC005697.1
AC138627.1	CCDC102B
AC138627.1	RSPO4
AC138627.1	AC010636.2
AC138627.1	AC004784.1
AC138627.1	NTN5
AC009120.4	FBXW10
CLEC18B	ADAM8
ZNRF1	LHFPL2
BCAR1	LINC02054
BCAR1	TMEM131L
BCAR1	RECQL4
BCAR1	ANXA8
BCAR1	SNX33
AC009163.1	SH3BP5-AS1
AC009163.1	IER3
AC009163.1	CAMK2G
AC009163.1	AL389885.1
AC009163.1	GAS6-AS1
AC009163.1	NUBP1
AC009163.1	AC015908.3
GABARAPL2	CHMP3
GABARAPL2	SBDS
GABARAPL2	HSD17B10
GABARAPL2	DNAJC12
GABARAPL2	TSR3
CPHXL	YTHDF3-AS1
CPHXL	AP001527.2
CPHXL	AC105430.1
AC105430.1	AC025287.4
AC104151.1	PVALEF
AC009139.2	HGD
AC009139.2	KLF3
AC009139.2	FKBP6
AC009139.2	TMEM45B
AC009139.2	RASSF9
AC009139.2	ISM2
AC009139.2	NOMO3
AC009139.2	AC113137.1
AC009139.2	PPM1N
VAT1L	KLHDC8A
WWOX-AS1	AL512634.1
WWOX-AS1	C17orf64
WWOX-AS1	AL008638.3
AC092376.2	LINC02506
AC092376.2	ACAN
MAF	LINC01719
MAF	IRS1
MAF	AC098650.1
AC009159.3	AP000797.3
LINC01229	NEBL-AS1
MAFTRR	SLF1
MAFTRR	NLRP14
MAFTRR	LINC01229
DYNLRB2	ZNF214
DYNLRB2	ZNF396
AC092718.5	AC016910.1
AC092718.5	VIL1
AC092718.5	SEMA3F-AS1
AC092718.5	KNG1
AC092718.5	AC025171.4
AC092718.5	LINC02208
AC092718.5	AL353588.1
AC092718.5	UFSP1
AC092718.5	AC068189.1
AC092718.5	CD274
AC092718.5	HBB
AC092718.5	ANGPTL5
AC092718.5	AP003392.6
AC092718.5	A1BG-AS1
AC092718.6	AL590727.1
BCO1	POU3F3
BCO1	AC068888.1
BCO1	ZNF219
BCO1	FXR2
BCO1	SLFN5
BCO1	NR1D1
BCO1	PODNL1
AC009148.1	POLR2M
CMIP	AC019163.1
PLCG2	AL627171.2
PLCG2	IZUMO4
CDH13	FHL2
CDH13	CPNE4
CDH13	HRH2
CDH13	AC009630.1
CDH13	ATP8B4
CDH13	AC008105.3
CDH13	ZNF558
AC009063.2	AC079594.2
AC009063.2	C21orf91-OT1
HSBP1	SRP9
HSBP1	MORN2
HSBP1	C3orf14
HSBP1	CDKN1B
HSBP1	PSMA4
HSBP1	JOSD2
HSBP1	NIPSNAP1
SLC38A8	MRPL37
SLC38A8	AC112503.1
SLC38A8	AC091849.2
SLC38A8	AL355304.1
SLC38A8	AC115618.1
SLC38A8	MRPL13
SLC38A8	AL354920.1
SLC38A8	WDR72
AC040169.1	MAN1B1-DT
WFDC1	MCM6
GSE1	SLC25A38
GSE1	KSR1
COX4I1	PARK7
COX4I1	MPC2
COX4I1	COX5B
COX4I1	RPL15
COX4I1	RPL29
COX4I1	SLC25A4
COX4I1	MRPL36
COX4I1	PDZD11
COX4I1	RPS4X
COX4I1	LAGE3
COX4I1	DCTN3
COX4I1	NDUFA8
COX4I1	ISCU
COX4I1	ERP29
COX4I1	GABARAPL2
COX4I1	MRPL27
COX4I1	NDUFAF8
COX4I1	C19orf70
COX4I1	C19orf53
COX4I1	MRPL34
COX4I1	ETFB
COX4I1	RPS9
AC009108.3	CCDC13-AS1
FBXO31	AC067838.1
AC126696.1	PLS1
SLC7A5	MFSD2A
BANP	STK40
BANP	LINC01819
BANP	CARS
BANP	GRK5
BANP	RRBP1
PIEZO1	AL356258.1
GALNS	XRCC1
RPL13	AC069148.1
RPL13	STK16
RPL13	COPS8
RPL13	RPL15
RPL13	FAM241B
RPL13	LATS2
RPL13	MRPL46
RPL13	PPDPF
DPEP1	BEST4
DPEP1	AL136985.3
DPEP1	EXO1
DPEP1	KIF26B-AS1
DPEP1	KCNG3
DPEP1	LINC01885
DPEP1	AC013468.1
DPEP1	BOK-AS1
DPEP1	LINC01990
DPEP1	PCOLCE2
DPEP1	UTS2B
DPEP1	LINC00887
DPEP1	GC
DPEP1	AC096746.1
DPEP1	NREP-AS1
DPEP1	AC244517.6
DPEP1	GFRAL
DPEP1	LINC02518
DPEP1	AC004593.3
DPEP1	MET
DPEP1	LINC01435
DPEP1	SCNN1A
DPEP1	LINC02384
DPEP1	AL442128.2
DPEP1	LINC02253
DPEP1	LINC02141
DPEP1	LINC00670
DPEP1	C17orf51
DPEP1	IKZF3
DPEP1	GAB4
TUBB3	IFITM10
TUBB3	TGFB1I1
TUBB3	MMD
TUBB3	ZNF175
PRDM7	BMP6
PRDM7	TRIM39
PRDM7	OASL
PRDM7	CAPN12
PRDM7	AC011452.1
PRDM7	ZMAT5
AC015853.3	AC091153.2
NXN	ZBTB46
AC016292.1	NPPA-AS1
AC016292.1	AL669918.1
AC016292.1	FOXN4
AC016292.1	ZNF677
AC144836.1	LINC01144
AC144836.1	LINC02542
AC144836.1	PRDM12
AC144836.1	CDC42EP2
AC144836.1	FLI1
AC144836.1	EIF3CL
PITPNA-AS1	RFC4
SLC43A2	AL139220.2
SLC43A2	AL592166.1
SLC43A2	WDR63
SLC43A2	AC104836.1
SLC43A2	SLC16A14
SLC43A2	CCDC28A
SLC43A2	Z94721.1
SLC43A2	SNX10
SLC43A2	PGAP2
SLC43A2	ABCC8
SLC43A2	CYB561A3
SLC43A2	HELLS
SLC43A2	ALG10
SLC43A2	SLC16A6
SLC43A2	AC003002.2
SLC43A2	DNAJC28
MNT	FGF11
CLUH	DVL1
CLUH	COPS5
CLUH	SCRIB
CLUH	PARP10
CLUH	WDR81
CLUH	ENGASE
CLUH	FCGBP
OR3A3	BX890604.1
OR3A3	TJP3
TRPV1	MXD3
EMC6	TM2D2
EMC6	RITA1
EMC6	C14orf119
EMC6	DHRS7
EMC6	C1QBP
EMC6	SDCBP2
EMC6	PLEKHJ1
EMC6	TMEM147
AC116914.2	UTS2
AC116914.2	KMO
AC116914.2	AC092159.2
AC116914.2	RGPD4
AC116914.2	PP2D1
AC116914.2	LINC01998
AC116914.2	AMACR
AC116914.2	AC009365.3
AC116914.2	B4GALT1-AS1
AC116914.2	AL691447.2
AC116914.2	AP001267.2
AC116914.2	AL138820.1
AC116914.2	AC092378.2
AC116914.2	VPS9D1-AS1
AC116914.2	LINC01887
AC116914.2	LOXHD1
AC116914.2	AL354993.2
AC116914.2	AC024575.1
C17orf107	KIF14
GP1BA	PADI4
GP1BA	SLC25A31
GP1BA	ROPN1L
GP1BA	CFTR
GP1BA	C9orf152
GP1BA	AP002347.1
GP1BA	MAJIN
GP1BA	AC117503.1
GP1BA	AC004771.4
GP1BA	MEOX1
GP1BA	PET100
GP1BA	WDR62
GP1BA	PGLYRP1
GP1BA	VSIG10L
GP1BA	DNAAF3
PFN1	EIF5A
PFN1	RBM42
ENO3	AL110118.2
KIF1C	LMNB2
SLC52A1	FAM207A
USP6	ZNF232
WSCD1	FAM78B
WSCD1	CENPE
WSCD1	WFDC1
AIPL1	AC022384.1
TXNDC17	RPL22
SLC16A11	HEY1
GABARAP	RAB24
GABARAP	HNRNPA1P48
CTDNEP1	PUDP
CTDNEP1	NOP9
GPS2	TLNRD1
EIF4A1	NOL6
EIF4A1	YPEL2
SAT2	AL359504.2
SAT2	MAPKAPK5-AS1
SAT2	SCRN2
ATP1B2	SIGMAR1
ATP1B2	ADGRG1
ALOX12B	GPAT2
ALOX12B	MBNL1-AS1
ALOX12B	PCDHB1
ALOX12B	GRXCR2
ALOX12B	LCP2
ALOX12B	ADAMTS15
ALOX12B	RFLNB
ALOX12B	MATN4
ALOX12B	SPATA25
ALOX12B	AC004156.1
ALOX12B	FAAP24
ALOX12B	TMEM191B
ALOX12B	TTLL8
PER1	WNT5B
AC129492.4	YIPF7
AC129492.4	EEF1E1-BLOC1S5
AC129492.4	NPIPB3
AC027045.2	LRRC38
AC027045.2	LINC01744
AC027045.2	LINC01115
AC027045.2	AC098828.2
AC027045.2	AC012360.1
AC027045.2	AC079793.1
AC027045.2	LINC01807
AC027045.2	MUC13
AC027045.2	LINC01194
AC027045.2	LINC02211
AC027045.2	AL645941.2
AC027045.2	AL138826.1
AC027045.2	NCF1
AC027045.2	ACE2
AC027045.2	SMIM10L2B-AS1
AC027045.2	AL157834.2
AC027045.2	SLC18A2
AC027045.2	AC019209.3
AC027045.2	CCDC63
AC027045.2	AC127070.2
AC027045.2	AL138694.1
AC027045.2	AL163051.1
AC027045.2	SCNN1B
AC027045.2	ALOX12B
AC027045.2	EME1
AC027045.2	NLRP2
AC027045.2	AP000350.7
AC027045.2	CLIC6
GAS7	KIAA1549L
GAS7	VAT1L
MYHAS	AL353803.2
TMEM220-AS1	PXN-AS1
TMEM220-AS1	AC015908.2
LINC00670	AC073987.1
LINC00670	AC108058.1
LINC00670	CRYGN
AC005304.1	AC005304.3
AC005304.3	LINC02519
UBB	HSPA8
UBB	NUDT16L1
UBB	ATP5F1D
UBB	LGALS1
TRPV2	WNT10B
TRPV2	KCNS1
TRPV2	SYCE3
RASD1	PSRC1
RASD1	RHOB
RASD1	CEBPD
RASD1	LTBR
SMCR5	AC099791.2
SMCR5	RPF1
SMCR5	AL157392.5
SMCR5	LINC02001
SREBF1	ZNF788P
GRAP	AC022498.1
GRAP	NYX
GRAP	ZNF723
MFAP4	AC025272.1
ULK2	AL445472.1
ULK2	DNAJB5
ULK2	AL359644.1
ULK2	TBC1D30
ULK2	APAF1
ULK2	NOG
ULK2	OPRL1
AKAP10	GMPR
AKAP10	ULK2
AKAP10	HPN
MAP2K3	LMNA
MAP2K3	FOSL1
MAP2K3	AC073610.3
MAP2K3	MDM1
KCNJ12	MANEAL
AC026254.2	AC092687.1
AC026254.2	AC020718.1
AC026254.2	AC079610.1
AC026254.2	FOXP1-AS1
AC026254.2	AC108067.1
AC026254.2	GYPE
AC026254.2	AC024084.1
AC026254.2	CDR1
AC026254.2	AC064807.4
AC026254.2	LURAP1L
AC026254.2	EQTN
AC026254.2	EIF5AL1
AC026254.2	ERBB3
AC026254.2	TMEM8A
AC026254.2	SLFN12
AC026254.2	FADS6
AC005697.1	BMX
LINC01992	COL14A1
KIAA0100	ZBTB2
SDF2	DHRS1
RAB34	TRAF4
RPL23A	RPS12
TLCD1	TMEM185B
TLCD1	AC092171.4
TRAF4	SORD
TRAF4	DHX58
FLOT2	SP110
FLOT2	IQUB
FLOT2	HSF1
FLOT2	MIR181A2HG
MYO18A	MSTN
MYO18A	DZIP1L
MYO18A	EVC
GIT1	RCC2
GIT1	ZNF787
CORO6	AC009283.1
AC104984.6	AC025434.1
AC104984.6	Z82188.2
CRLF3	ZBTB8A
CRLF3	PCYT1B-AS1
CRLF3	AC005899.8
CRLF3	AC011933.4
CRLF3	AL022322.2
AC130324.1	AL583839.1
ADAP2	LINC02572
ADAP2	KMT2E-AS1
ADAP2	GLT8D2
AC007923.4	AP1S2
AC007923.4	DUSP9
AC005899.8	ATOH8
AC005899.8	ABCA12
AC005899.8	VDAC3
AC005899.8	SERPINE3
AC005899.8	BEAN1
AC005899.8	LINC01568
AC005899.8	ZNF584
MYO1D	AFMID
AC025211.1	AC011825.2
TMEM98	FAM98C
CCL2	RUBCNL
CCT6B	MIR4713HG
AC004223.3	EME2
SLFN11	CPB1
SLFN11	AC103770.1
SLFN11	RNF183
MMP28	HACD1
MMP28	TST
AC015849.3	AC105277.1
AC015849.3	AP001160.1
TBC1D3B	SLC22A25
LHX1-DT	AL583856.2
LHX1-DT	AL672277.1
LHX1-DT	AL451069.2
LHX1-DT	AC027307.3
TBC1D3D	AL645608.2
TBC1D3D	SEMA3B-AS1
TBC1D3D	LINC02211
TBC1D3D	HLA-DRB1
TBC1D3D	TEX53
TBC1D3D	PWP2
GPR179	TIFA
GPR179	SH3TC2-DT
GPR179	PROSER1
GPR179	AC005332.5
ARHGAP23	OLFM2
EPOP	DECR2
AC006449.6	CAMTA1-DT
AC006449.6	AL662884.4
CWC25	AC114763.1
CWC25	FRZB
CWC25	AL121574.1
CWC25	RNLS
RPL23	AC008443.5
RPL23	FAM111A
LINC00672	TRNP1
RPL19	DUSP23
RPL19	COA6
RPL19	RPS7
RPL19	RPS27A
RPL19	RPL10A
RPL19	DNPH1
RPL19	AC244090.1
RPL19	RPL8
RPL19	RPS6
RPL19	EDF1
RPL19	DRAP1
RPL19	PFDN5
RPL19	NDUFB10
RPL19	COX4I1
RPL19	APRT
RPL19	KRT10
RPL19	WDR83
PPP1R1B	PAIP2B
PPP1R1B	NPFFR1
PPP1R1B	STARD3
STARD3	NUP188
STARD3	AC090833.1
STARD3	TCAP
STARD3	PNMT
TCAP	NAPSA
MIEN1	RBM8A
MIEN1	NDUFAF3
MIEN1	DCTN6
MIEN1	CYC1
MIEN1	SIGIRR
MIEN1	HPS6
MIEN1	MRPL28
MIEN1	EIF4A3
IKZF3	AC012557.2
GSDMB	NEB
AC090844.2	PRR25
MED24	SETD1B
NR1D1	BHLHE41
RAPGEFL1	LINC01963
RAPGEFL1	ZNF707
RAPGEFL1	NDUFAF1
KRT10	AC137723.1
KRT17	MAPK13
KRT17	HTR5A
KRT17	IGHG2
KRT17	AC022613.1
KRT17	CYGB
KRT17	MIR7-3HG
EIF1	SRM
EIF1	SRP9
EIF1	GUK1
EIF1	SMIM37
EIF1	IFRD2
EIF1	SELENOK
EIF1	MRFAP1L1
EIF1	H2AFZ
EIF1	C4orf3
EIF1	SCOC
EIF1	RACK1
EIF1	TIMP1
EIF1	RTL8A
EIF1	SARAF
EIF1	POLR2K
EIF1	MRPL50
EIF1	SURF1
EIF1	MRPL17
EIF1	GSTP1
EIF1	CHCHD1
EIF1	GAPDH
EIF1	CD63
EIF1	DDIT3
EIF1	ERH
EIF1	PNMA1
EIF1	PFN1
EIF1	MIEN1
EIF1	METRNL
EIF1	MYDGF
EIF1	PSMD8
EIF1	NDUFA6
P3H4	FAM189B
P3H4	GRK7
P3H4	WIZ
TTC25	BORCS8-MEF2B
KAT2A	ZNF692
KAT2A	SLC26A6
KAT2A	FBXL6
KAT2A	SPOUT1
KAT2A	ULK3
KAT2A	RHBDL1
KAT2A	E2F4
KAT2A	TAF1C
KAT2A	WDR18
KAT2A	TMEM145
KAT2A	KIAA0930
STAT3	IFFO2
STAT3	BARD1
STAT3	IRAK2
STAT3	BCL6
STAT3	SAMD4A
NAGLU	ZBTB47
NAGLU	RHOBTB2
NAGLU	AP006621.3
NAGLU	FN3K
NAGLU	FGF22
COASY	REEP4
MLX	COQ7
RAMP2	MYLIP
LINC00671	AC144831.1
RPL27	AC068631.2
RPL27	FAM156A
RPL27	TRMT112
MEOX1	TYMS
TMEM101	IQCC
G6PC3	AL691432.2
G6PC3	CXCL16
G6PC3	CNP
SLC25A39	CENPP
SLC25A39	PNPLA2
SLC25A39	SIRT6
GJC1	AC099778.1
GFAP	TNFRSF11B
GFAP	RHPN1
GFAP	APLNR
DCAKD	XYLB
DCAKD	HABP4
DCAKD	TVP23A
DCAKD	C19orf12
DCAKD	TTLL1
HEXIM1	ZDHHC24
AC138150.1	GPATCH11
AC138150.1	NDST1-AS1
AC138150.1	PLOD3
AC138150.1	HTATIP2
AC138150.1	RBM4
AC138150.1	CC2D2B
AC138150.1	PAH
AC138150.1	BCAR1
AC138150.1	LINC02556
AC138150.2	AP001610.1
MAP3K14	MAN1C1
MAP3K14	ANO7
MAP3K14	PVT1
MAP3K14	DNAI1
MAP3K14	IER5L
MAP3K14	TENM4
MAP3K14	PHLDB1
MAP3K14	PPRC1
MAP3K14	GALNT16
MAP3K14	CIITA
MAP3K14	TEX2
MAP3K14	LDLR
MAP3K14	CABIN1
MAP3K14	LIMK2
PLEKHM1	AL390208.1
LINC02210-CRHR1	ARL17B
ARL17B	LRRC37A
ARL17B	LRRC37A2
ARL17B	AC005670.2
LRRC37A2	KANSL1-AS1
ARL17A	AC103810.2
WNT9B	KLF11
WNT9B	BARX2
WNT9B	AC138969.1
WNT9B	LIPG
WNT9B	AP000350.6
AC068234.3	GPC2
EFCAB13	AP002518.2
AC040934.1	LINC00667
SKAP1-AS1	TSNAX-DISC1
SKAP1-AS1	AP000766.1
ATP5MC1	PDCD2
ATP5MC1	TIMM8A
ABI3	FAM86B2
ABI3	AC016292.1
AC006487.1	CCR6
AC006487.1	STK31
AC006487.1	AC016152.1
FLJ45513	LINC01865
FLJ45513	AL359682.1
FLJ45513	CCL4L2
FLJ45513	AF064860.2
AC027801.1	AC104653.1
AC027801.1	PIWIL2
AC027801.1	ERVK-28
AC027801.1	GATD3B
AC027801.3	AL353604.1
AC027801.3	CR769775.2
AC027801.3	AC027801.1
TMEM92-AS1	AC099489.1
CHAD	AC108449.1
RSAD1	P3H3
CACNA1G	SMPD3
AC005921.2	AC005696.1
WFIKKN2	AC079610.1
WFIKKN2	ECEL1
WFIKKN2	AC092042.3
WFIKKN2	BSN-DT
WFIKKN2	TNFSF10
WFIKKN2	CCDC136
WFIKKN2	LINC00964
WFIKKN2	AL365434.2
WFIKKN2	C12orf50
AC005920.1	AL359915.1
AC005920.1	MYOZ1
AC005920.1	AC103691.1
AC005920.1	AC243830.2
AC005920.2	AC090589.2
TOM1L1	RABGGTB
TOM1L1	ZNF829
PCTP	GPR137C
PCTP	CFAP61
AC090618.1	AC114546.1
AC090618.1	CPHXL
AC090618.1	ZIM2-AS1
C17orf67	B3GNT2
AC015813.4	MUC1
SRSF1	FBXO10
AC005962.1	DKK2
MPO	AC106820.3
TSPOAP1-AS1	SFTPD
TSPOAP1-AS1	CHRM5
SEPT4	AC007319.1
TBX2-AS1	AC004691.2
EFCAB3	ATL2
EFCAB3	PDK1
AC080038.1	CDSN
AC080038.1	TPBG
AC080038.1	GPIHBP1
AC080038.1	AC022796.1
AC080038.1	LINC01561
AC080038.1	TBC1D3B
AC080038.1	LINC01387
AC080038.1	S1PR5
MRC2	CASC15
MRC2	RRAD
AC006270.1	ADH4
AC006270.1	AC113385.1
AC006270.1	AL356020.1
AC006270.1	Z82188.2
AC015923.1	FGFBP3
PSMC5	MTX1
PSMC5	AUP1
PSMC5	VARS
PSMC5	IDH3G
PSMC5	R3HCC1
PSMC5	TARBP2
PSMC5	MRPL10
TEX2	ANOS1
TEX2	PSTK
MILR1	AC019129.2
MILR1	C4A
MILR1	AP001351.1
RGS9	VWA3B
RGS9	FAP
RGS9	CDKL2
APOH	BTN2A1
PRKCA-AS1	AL049569.1
PRKCA-AS1	AL442071.1
PRKCA-AS1	SRSF7
PRKCA-AS1	AC112196.1
PRKCA-AS1	AL139095.4
PRKCA-AS1	AL035587.1
PRKCA-AS1	AC100800.1
PRKCA-AS1	RILPL2
CACNG5	GABRA6
AC005332.5	HR
SLC16A6	ARSG
FAM20A	AC009495.1
ABCA8	ANLN
MAP2K6	CCDC173
AC002546.1	SPAG17
AC002546.1	AC010275.1
AC002546.1	NXT2
AC002546.1	AC103853.1
AC002546.1	FAM53B-AS1
AC002546.1	DOC2B
LINC01483	AC009264.1
AC011990.1	JAK3
LINC02097	PAX8
LINC02097	PFN2
LINC02097	TMPRSS11D
LINC02097	AC073957.3
SOX9	MED12
SOX9	ZFP36L1
SOX9	CSNK1E
AC007639.1	AC090515.4
AC007639.1	POFUT1
SLC39A11	MRAS
SLC39A11	BDH2
SLC39A11	SAMHD1
SLC39A11	HIF3A
RPL38	AL117348.2
RPL38	MECOM
RPL38	RPS20
RPL38	RPLP2
RPL38	FKBP2
RPL38	RPL23
RPL38	AC011468.3
BTBD17	AC008575.1
CD300E	FBXO6
CD300E	ZSCAN25
CD300E	LINC01692
SLC9A3R1	AL731533.2
NAT9	SLC16A13
GRIN2C	NUP210
GRIN2C	RAPGEF3
GRIN2C	BEGAIN
GRIN2C	AC013652.1
GRIN2C	CAPN15
FADS6	NKPD1
NT5C	FAM200A
NT5C	RNH1
NT5C	ARL16
NT5C	URB1-AS1
MRPS7	GMPPB
AC022211.2	AL358933.1
H3F3B	VAMP5
H3F3B	CD9
H3F3B	MAP1LC3A
UNC13D	Z93930.2
TRIM47	CHRD
TRIM47	SMIM29
TRIM47	TSSC4
TRIM47	OXA1L
TRIM47	PIM3
AC087289.5	TTC39A
AC087289.2	RGPD2
AC087289.2	AC022196.1
AC087289.2	CBX2
AC087289.2	NPB
AC087289.2	ZNF773
MRPL38	DCLRE1B
MRPL38	ACAD11
MRPL38	AC046130.2
QRICH2	GRB10
QRICH2	CLDN15
QRICH2	CASS4
QRICH2	ZSWIM9
AC015802.6	AC019129.2
AC015802.6	FAM111A-DT
AC015802.6	AC131238.1
SRSF2	TOE1
SRSF2	PEX11B
SRSF2	ALYREF
LINC00868	CCR3
LINC00868	LINC02254
LINC00868	NOXO1
LINC00868	AC009108.3
LINC00868	LINC00671
MGAT5B	RNF220
SEC14L1	DGKG
SEC14L1	KLF9
SEPT9	SLC12A7
SEPT9	DAPK3
AC111182.1	AP005329.3
LINC01993	APBB1IP
SOCS3	NUAK2
SOCS3	TMBIM1
SOCS3	SHISA5
SOCS3	AL391422.3
SOCS3	CCL2
SOCS3	EFCAB3
SOCS3	AC061992.1
SOCS3	PLEKHF1
SOCS3	ZFP36
AC061992.1	AP006621.4
AC061992.1	RND1
AC061992.1	TMEM238L
USP36	AC096887.1
CANT1	SYDE1
RBFOX3	PLEKHG5
RBFOX3	TCERG1L
CBX2	AC008747.1
AC100791.3	HENMT1
AC124319.2	BCAR3
AC124319.2	TMEM225B
AC124319.2	LRRC6
AC124319.2	CFAP54
AC124319.2	MIPOL1
AC124319.2	AURKC
CHMP6	TRAM2-AS1
AC127496.5	AL034417.3
AC127496.5	AC104134.1
AC127496.5	DAP
AC127496.5	LVRN
AC127496.5	SURF6
AC127496.5	AL110505.1
BAIAP2	GFPT2
BAIAP2	HSPB8
BAIAP2	PKD1
BAIAP2	SLC7A5
BAIAP2	GNB1L
AATK	C9orf129
PVALEF	LINC01771
NDUFAF8	DDRGK1
AC110285.5	AC009053.2
LINC01971	HIC1
OXLD1	AC040169.1
MCRIP1	HCN3
MCRIP1	NT5DC2
MCRIP1	DUSP8
ARHGDIA	TMEM214
ARHGDIA	GSK3A
ANAPC11	RNF7
ANAPC11	GADD45GIP1
NPB	TMEM31
NPB	PCBP3
PCYT2	FNTB
MAFG	THAP3
DCXR	PSMB4
DCXR	ZNF513
DCXR	QARS
DCXR	DXO
DCXR	TRPT1
DCXR	CORO1B
FASN	C7orf26
FASN	OPLAH
FASN	DHCR7
FASN	SCD
FASN	TNFAIP2
FASN	MVD
FASN	PNPLA3
AC132872.2	LINC00870
AC132872.2	AC009802.1
SECTM1	KIF17
SECTM1	AC099560.1
SECTM1	ARHGEF3-AS1
SECTM1	AC046136.1
SECTM1	THPO
SECTM1	RBM47
SECTM1	AC010255.1
SECTM1	C4A
SECTM1	ITPR3
SECTM1	ETV7
SECTM1	AC087623.1
SECTM1	AL137847.1
SECTM1	LINC02548
SECTM1	AL356215.1
SECTM1	PLAC9
SECTM1	TEAD4
SECTM1	AC125611.3
SECTM1	C17orf107
SECTM1	ZNF385C
SECTM1	CHST8
SECTM1	APOL1
SECTM1	CSF2RB
CYBC1	GALK1
AC132938.3	RPS6KA1
AC132938.3	SYTL1
AC132938.3	ZFP69B
AC132938.3	DCDC2C
AC132938.3	LINC02236
AC132938.3	AC026741.1
AC132938.3	SLC26A2
AC132938.3	ADTRP
AC132938.3	AC010132.4
AC132938.3	IGFBP3
AC132938.3	MESTIT1
AC132938.3	TAS2R5
AC132938.3	AP006621.1
AC132938.3	AC090692.1
AC132938.3	AP000880.1
AC132938.3	AC092490.1
AC132938.3	AC125616.1
AC132938.3	AC090515.2
AC132938.3	AC006111.1
AC132938.3	AC145350.2
AC132938.3	AC130324.1
AC132938.3	CDC6
AC132938.3	AC005220.1
ZNF750	SH2D1B
ZNF750	AL161756.3
ZNF750	AC005730.2
ZNF750	CD300E
COLEC12	SLC19A3
TYMS	HEXA-AS1
ENOSF1	TOP3A
AP000894.3	LINC01317
AP000894.3	AC002066.1
AP000894.3	FLNC-AS1
AP000894.3	AC010528.1
ADCYAP1	PAK6
ADCYAP1	AC106820.2
AP005328.2	LINC02161
AP005328.2	GDPD4
AC019183.1	GFI1B
AC019183.1	AL162274.1
AP001011.1	CTBP1-AS
MYOM1	AL392086.1
AP005329.2	ISG20L2
AP005329.2	ZNF865
EPB41L3	RNF175
EPB41L3	KCNMB4
EPB41L3	RTN1
MIR3976HG	LINC00951
TMEM200C	KCNK3
TMEM200C	CYP26B1
AP005433.1	NAA11
L3MBTL4	CERS6
L3MBTL4	VCAN
L3MBTL4	PAWR
L3MBTL4	SLC24A4
L3MBTL4	CAMKK1
LINC01387	FOXJ2
LINC01387	TBC1D3B
LINC01387	MAP3K14-AS1
LINC01387	AC127496.5
GACAT2	CES5A
ANKRD62	AL445433.2
CIDEA	NLRP3
CIDEA	MEPE
CIDEA	THEMIS
CIDEA	HTR5A-AS1
CIDEA	SSTR1
CIDEA	TUNAR
AP002449.1	TERB1
LDLRAD4	TMCO4
LDLRAD4	IL6R
LDLRAD4	NRP2
LDLRAD4	AC068633.1
LDLRAD4	AC084036.1
LDLRAD4	AP002026.1
LDLRAD4	EPB41L4A
LDLRAD4	ANKRD6
LDLRAD4	LINC00957
LDLRAD4	MSL3
LDLRAD4	RIN3
LDLRAD4	CGNL1
LDLRAD4	CBFB
LDLRAD4	NXN
LDLRAD4	SLC43A2
LDLRAD4	SEC14L6
AP005131.5	RAET1E
FAM210A	VANGL2
GREB1L	TRIM62
GREB1L	SMAP2
GREB1L	DPYD-AS1
GREB1L	AL355306.2
GREB1L	DISC1
GREB1L	LINC01798
GREB1L	COL8A1
GREB1L	AFF1
GREB1L	PKD2
GREB1L	C5orf38
GREB1L	CCDC129
GREB1L	MAP3K15
GREB1L	GPC3
GREB1L	COL22A1
GREB1L	SLC29A2
GREB1L	IFIT2
GREB1L	PIK3C2G
GREB1L	AC078923.1
GREB1L	DAO
GREB1L	TRPC4
GREB1L	NR2F2-AS1
GREB1L	TMC7
GREB1L	SEPT4-AS1
GREB1L	KANK3
AC015878.1	UBXN10-AS1
AC015878.1	TMEM200B
AC015878.1	KIRREL1
AC015878.1	LINC01351
AC015878.1	LINC01954
AC015878.1	VIT
AC015878.1	AC009975.2
AC015878.1	MEIS1-AS2
AC015878.1	LINC01828
AC015878.1	ST3GAL5-AS1
AC015878.1	AC109779.1
AC015878.1	BANK1
AC015878.1	TLL1
AC015878.1	MAST4-AS1
AC015878.1	RBM22
AC015878.1	DOCK2
AC015878.1	MIR548A1HG
AC015878.1	BVES
AC015878.1	CD36
AC015878.1	AC078845.1
AC015878.1	JADE3
AC015878.1	DGKK
AC015878.1	AL157778.1
AC015878.1	TJP2
AC015878.1	LINC01508
AC015878.1	WEE1
AC015878.1	POLR2G
AC015878.1	SMCO4
AC015878.1	TWNK
AC015878.1	STAB2
AC015878.1	IL16
AC015878.1	TMEM159
AC015878.1	ABCA9-AS1
AC015878.1	FN3KRP
AC015878.1	MYT1
AC015878.1	NUP50
ABHD3	RAB39A
ABHD3	EARS2
MIB1	AC105053.1
MIB1	AL157700.1
MIB1	KITLG
MIB1	CERNA1
MIB1	ZWILCH
MIB1	PLCG2
MIB1	AC092142.1
MIB1	TSHZ1
MIB1	EYA2
AC103987.2	U91328.3
AC103987.2	LINC01684
LINC01900	TRPM6
CABLES1	LARP6
CABLES1	SEC14L1
TMEM241	RHD
TMEM241	ENTPD3
TMEM241	AC018709.1
TMEM241	AC093668.2
TMEM241	SRPX2
TMEM241	AC007014.1
TMEM241	CES2
TMEM241	AC020917.2
TMEM241	AL022323.4
TMEM241	AC003681.1
ANKRD29	LGR6
ANKRD29	ERC2
ANKRD29	PUS1
AC090772.1	TBX15
AC090772.1	LYPD8
AC090772.1	AC136604.3
HRH4	AL136115.2
KLHL14	AC009303.2
ASXL3	RPS6KA6
ASXL3	PRTG
AC022601.1	AC078883.1
AC022601.1	AC072022.1
AC022601.1	AC008957.1
MAPRE2	SLC44A3
MAPRE2	TMCC2
MAPRE2	PROS1
MAPRE2	ZFYVE28
MAPRE2	DST
MAPRE2	ZC3HAV1
MAPRE2	ARSE
MAPRE2	MSN
MAPRE2	CA13
MAPRE2	NDRG1
MAPRE2	ITGB1
MAPRE2	ARID5B
MAPRE2	ZCCHC24
MAPRE2	LNX2
MAPRE2	WARS
MAPRE2	FLOT2
AC011815.2	POLL
AC118757.1	AC012354.1
AC118757.1	AL513548.3
AC118757.1	HEPACAM2
FHOD3	SMPDL3A
FHOD3	SPATA6L
LINC01478	NTM-AS1
LINC01478	AC090826.1
SLC14A1	ROBO4
SLC14A1	DNMBP-AS1
SLC14A1	AC023421.2
LOXHD1	TNN
LOXHD1	POMC
LOXHD1	SLC12A5-AS1
KATNAL2	TXNL4B
MIR4527HG	LINC01193
ZBTB7C	ZNF79
ZBTB7C	SNTB2
AC048380.1	CLEC5A
AC048380.1	AP003071.2
AC048380.1	AC007193.1
AC016866.2	C3orf49
AC016866.2	AC074044.1
AC016866.2	AC114947.2
AC016866.2	IL5
AC016866.2	AC002467.1
AC016866.2	LINC02334
AC044840.1	AC027312.1
AC044840.1	AC099518.5
AC044840.1	AC006262.2
AC100778.3	SLX4
LIPG	TMEM45A
CXXC1	ARHGEF1
MRO	AL591686.2
AC103949.1	MYBPHL
AC103949.1	SERTAD4-AS1
AC103949.1	LINC01816
AC103949.1	MYOZ3
AC103949.1	SASH3
AC103949.1	AL392023.2
AC103949.1	ALDH1A3
AC103949.1	ZNF845
TCF4-AS1	AL117381.1
TCF4-AS2	AL109613.1
TCF4-AS2	AC008277.1
TCF4-AS2	AC137630.1
TCF4-AS2	C3orf79
TCF4-AS2	CCNI2
TCF4-AS2	AC138956.2
TCF4-AS2	ARL13A
TCF4-AS2	AC108863.1
TCF4-AS2	AC011853.2
TCF4-AS2	AL359076.1
TCF4-AS2	NAV2-AS2
TCF4-AS2	AP001107.1
TCF4-AS2	AP002433.1
TCF4-AS2	AC022540.1
TCF4-AS2	NRIP2
TCF4-AS2	ATF7
TCF4-AS2	AC127164.1
TCF4-AS2	AL118556.1
TCF4-AS2	AC110015.1
TCF4-AS2	AC006130.1
AC022031.2	AL132996.1
AC022031.2	AC137579.1
LINC01416	AL589669.1
LINC01416	AC009055.1
ST8SIA3	RPH3A
ATP8B1	C9orf92
ATP8B1	NUDT13
ATP8B1	ALOX12
ATP8B1	ASB16
NEDD4L	CPO
NEDD4L	ALKBH2
AC113137.1	CACNA1S
AC113137.1	AC117465.1
AC113137.1	STK32B
AC113137.1	TNFRSF10A
AC105094.2	RNF152
TNFRSF11A	FIGNL2
AC064801.1	LINC02567
AC064801.1	FALEC
AC064801.1	AC097724.1
AC064801.1	AC015982.1
AC064801.1	AC010136.1
AC064801.1	AC006012.1
AC064801.1	AC073934.1
AC064801.1	KLHL34
AC064801.1	AC023510.2
AC064801.1	AP000894.4
AC064801.1	C18orf63
AC064801.1	AC007292.2
AC064801.1	LINC01233
AC064801.1	CDC42EP5
SERPINB7	C15orf39
SERPINB7	AC127537.1
LINC01538	AC010422.3
LINC01538	UPK1A
CDH19	FRMD4B
CDH19	VLDLR-AS1
CDH19	LURAP1L-AS1
CDH19	SOX10
CCDC102B	RNF43
AC091691.2	PYHIN1
AC091691.2	FBLN7
AC091691.2	PTH2R
AC091691.2	AC016933.1
AC091691.2	LINC01192
AC091691.2	TMEM31
AC091691.2	LINC01591
AC091691.2	ANO1
AC091691.2	THAP12
AC091691.2	AC090709.1
AC091691.2	AC131009.1
AC091691.2	AC126696.1
AC091691.2	AC046185.1
AC091691.2	AC008655.2
AC091691.2	ICOSLG
AC091691.2	ITGB2
LINC01899	ZNF510
LINC01899	TRPM1
LINC01899	LACTB
LINC01899	MAP4K1
C18orf63	AC096586.1
C18orf63	ABCA13
ZADH2	SLC2A5
ZADH2	SLC14A2
TSHZ1	RBM15
TSHZ1	NPHP3-ACAD11
TSHZ1	SRD5A3
TSHZ1	USP38
TSHZ1	AC025178.1
TSHZ1	ETV1
TSHZ1	ATP11C
TSHZ1	AC020779.2
TSHZ1	AC005224.1
TSHZ1	SMIM5
TSHZ1	UPF1
TSHZ1	DMKN
ZNF516	RALGPS2
ZNF516	NCK2
ZNF516	EDEM1
ZNF516	AC139887.2
ZNF516	AC124016.2
ZNF516	TRIO
ZNF516	ZBED3
ZNF516	FRS3
ZNF516	AL513211.1
ZNF516	MRAP2
ZNF516	ZNF117
ZNF516	PQBP1
ZNF516	MID2
ZNF516	LONRF3
ZNF516	AC100814.1
ZNF516	SLC45A4
ZNF516	LY6E-DT
ZNF516	SMC2
ZNF516	AC010997.5
ZNF516	MINPP1
ZNF516	FANK1
ZNF516	AQP5
ZNF516	MYRFL
ZNF516	TLE3
ZNF516	AC090907.2
ZNF516	CRAMP1
ZNF516	SEPT1
ZNF516	TRAPPC2L
ZNF516	CA4
ZNF516	PARD6G
ZNF516	SLC1A6
ZNF516	ZNF497
ZNF516	CDPF1
ZNF516	NRIP1
AC018413.1	AC021087.1
AC018413.1	URGCP-MRPS24
AC018413.1	SERPINE1
AC018413.1	AC132219.1
AC018413.1	C8G
AC018413.1	AL359513.1
AC093330.1	PCDHB16
AC093330.1	AL162385.2
MBP	CARNS1
LINC01896	LINC00982
LINC01896	LINC02324
LINC01896	RLBP1
LINC01896	HSF4
LINC01896	GSTT2B
SALL3	IL6R-AS1
SALL3	OTX1
SALL3	ALCAM
SALL3	GTF2E1
SALL3	MGLL
SALL3	NR2E1
NFATC1	APOLD1
NFATC1	E4F1
NFATC1	STARD3
KCNG2	AC021594.2
PARD6G-AS1	AC093334.1
ZCCHC3	UBE2Q1
TRIB3	POLR2D
SDCBP2-AS1	TADA2A
AL117335.1	GRB14
AL117335.1	HMGXB3
AL117335.1	ZNF138
AL117335.1	GATAD1
AL117335.1	UXT
AL117335.1	KIF7
AL117335.1	PSPN
IDH3B	NSUN5
IDH3B	MPI
EBF4	MNS1
EBF4	CATSPERG
EBF4	SPACA6
MRPS26	PSMG3
MRPS26	HIRIP3
MRPS26	PARD6A
MRPS26	UBE2M
UBOX5-AS1	FSD2
UBOX5-AS1	AC007495.2
UBOX5-AS1	AC008758.2
DDRGK1	SNHG12
DDRGK1	HMGN3
DDRGK1	CAPN1
DDRGK1	CWC25
ADAM33	PLAGL1
ADAM33	CREB5
LINC01730	STAB1
LINC01730	AL356417.3
LINC01730	ST8SIA6
LINC01730	CCDC194
PRNP	MUL1
PRNP	CMTM6
PRNP	SMPD1
PRNP	HSPA13
GPCPD1	CASP9
GPCPD1	TDRKH
GPCPD1	SH2D6
GPCPD1	SHQ1
GPCPD1	H1FX-AS1
GPCPD1	LAP3
GPCPD1	FAM126A
GPCPD1	MCM7
GPCPD1	PTPDC1
GPCPD1	LINC01252
GPCPD1	GOLGA8M
GPCPD1	ZNF442
GPCPD1	CA11
GPCPD1	HMGN1
CHGB	AC090772.3
PLCB1	GFRA1
ISM1	ZNF836
MACROD2	F11-AS1
MACROD2	LINC00534
MACROD2	GDF10
MACROD2-AS1	KBTBD11-OT1
OVOL2	ZNF518B
PET117	LINC01397
PET117	DCST1
PET117	AL034399.2
PET117	AC004923.4
PET117	AC012651.1
PET117	AC138028.1
PET117	STX16
PET117	AC006213.1
SMIM26	TARDBP
SMIM26	C1QA
SMIM26	CCNB1
SMIM26	TEX43
SMIM26	TCF19
SMIM26	TRGC2
SMIM26	LY96
SMIM26	CASC9
SMIM26	TP53I11
SMIM26	KCNK13
SMIM26	AC005363.2
SMIM26	CES1
SMIM26	MTRNR2L1
SMIM26	TBC1D3L
SMIM26	PET117
SMIM26	AL132655.2
SMIM26	NDUFA13
AL121900.1	AP005131.1
AL121900.1	DPP9-AS1
SLC24A3	AC079465.1
SLC24A3	IL10RB
RALGAPA2	CRYAB
RALGAPA2	PKP2
RALGAPA2	RND2
KIZ-AS1	STPG2-AS1
KIZ-AS1	GYS1
NKX2-2	AL133325.3
LINC01727	PLA2G5
LINC01727	IMPG2
LINC01727	AC002451.1
LINC01727	AC106729.1
LINC01727	LINC01726
CST3	SCRG1
CST3	HLA-A
CST3	TSPAN7
CST3	GJB6
CST3	ERG28
CST3	G6PC3
APMAP	RGS14
APMAP	SLC31A1
ACSS1	SLC25A33
ACSS1	CTNNBIP1
ACSS1	C1orf61
ACSS1	FGFR3
ACSS1	SLC1A2
ACSS1	HIP1R
ACSS1	MGME1
VSX1	AC024941.2
AL035252.3	DOK3
AL035252.3	CLEC18B
ZNF337-AS1	LINC01285
ZNF337-AS1	NEMP1
ZNF337-AS1	HYKK
AL078587.1	C10orf67
AL078587.1	AC018554.1
ID1	ID3
ID1	ID2
AL035071.2	IL12RB2
SNTA1	IL17D
SNTA1	ADPRHL1
SNTA1	KLHL26
SNTA1	KCTD15
MAP1LC3A	EMD
PROCR	MKRN2OS
MMP24	LIPE
ROMO1	POLE3
MANBAL	CCAR2
KIAA1755	AL359715.1
KIAA1755	LINC00222
KIAA1755	RP1
KIAA1755	JRK
ARHGAP40	DNAH14
ARHGAP40	CYP8B1
ARHGAP40	LINC02507
ARHGAP40	TRIM60
ARHGAP40	MS4A4E
ARHGAP40	CHRDL2
ARHGAP40	AC006064.4
ARHGAP40	OAS1
ARHGAP40	AC084757.3
ARHGAP40	SYNE4
AL118523.1	AC239803.2
AL118523.1	DYTN
AL118523.1	HMX1
AL118523.1	LINC02511
AL118523.1	AC093893.1
AL118523.1	AC005487.1
AL118523.1	AC083880.1
AL118523.1	LINC02099
AL118523.1	AL158211.1
AL118523.1	LINC01500
AL118523.1	AC243830.1
AL118523.1	ABI3
AL118523.1	AL031673.1
AL118523.1	ARHGAP40
AL118523.1	AC011491.3
AL118523.1	AC000068.2
AL118523.1	CENPM
EMILIN3	TBX5
PTPRT	GRIP2
SRSF6	ADCY6
Z98752.3	SGK2
Z98752.4	FAT4
MATN4	TRIM54
MATN4	AC114877.1
MATN4	ATP6V1G2-DDX39B
MATN4	AP003031.2
MATN4	AC110048.2
MATN4	KCNJ12
MATN4	C17orf82
MATN4	AL008582.1
MATN4	SCUBE1
MATN4	TPTE
MATN4	AP001065.1
CTSA	ERAP2
AL133227.1	AL357055.3
ZNF334	CCDC17
ZNF334	SNX7
ZNF334	ARPC1B
ZNF334	AC073529.1
SLC13A3	TMEM51-AS1
EYA2	SAMD12
EYA2	APBA1
EYA2	LINC00092
EYA2	TRAF1
EYA2	CASC10
EYA2	JAKMIP3
EYA2	TLN2
EYA2	AC006115.3
EYA2	B3GALT5
EYA2	IGSF5
AL031666.1	HYAL3
AL031666.1	TRIM3
LINC01754	ZNF511-PRAP1
AL161937.2	MACC1
AL161937.2	LINC00942
AL161937.2	POSTN
LINC01271	AC126283.1
LINC01271	PROCA1
KCNG1	PTCH2
ATP9A	KYAT1
SALL4	LCT
SALL4	AC117382.2
SALL4	RDM1
TSHZ2	ITGA2
TSHZ2	DEPTOR
DOK5	LRRN2
DOK5	MAGI1
DOK5	BRINP1
DOK5	PTPRE
DOK5	ENDOU
CBLN4	SATB2-AS1
CBLN4	CARTPT
GCNT7	AL109936.6
FAM209A	AC073073.2
FAM209A	AC005329.1
NPEPL1	FAM69B
NPEPL1	WDR90
NPEPL1	DCAF15
NPEPL1	DM1-AS
NPEPL1	PANX2
ATP5F1E	ATP5ME
ATP5F1E	NDUFC1
ATP5F1E	SEC61G
ATP5F1E	COX6C
ATP5F1E	FKBP2
PHACTR3	TBC1D24
CDH26	AC008758.4
LAMA5	AP003392.4
LAMA5	UNC5B
LAMA5	RTN4RL1
LAMA5	ITGA3
LAMA5	PPP1R9B
NTSR1	ADGRE2
OGFR	MED21
LINC01749	PPT2-EGFL8
YTHDF1	RELL1
YTHDF1	PPP1R18
YTHDF1	PODXL
YTHDF1	IRAK4
YTHDF1	DDX23
YTHDF1	TMEM255B
BIRC7	SAPCD2
AL121827.2	NKAIN4
ARFGAP1	SCNN1D
ARFGAP1	MST1
ARFGAP1	AC107464.1
ARFGAP1	BHMT2
ARFGAP1	ZNF316
ARFGAP1	RPS6KB2
ARFGAP1	TRMT61A
ARFGAP1	BRICD5
ARFGAP1	ATXN7L3
ARFGAP1	DUS1L
ARFGAP1	AC006213.3
ARFGAP1	ZNF296
AL121827.1	NGF
AL121827.1	AC019077.1
PPDPF	HMGN2
PPDPF	HMGB2
PPDPF	RIMS1
MHENCR	UNC5CL
MHENCR	AC003102.1
MHENCR	SCGB1B2P
ZBTB46	KIAA1522
ZBTB46	RAP1GAP2
THEG	TMCC1-AS1
SHC2	EHBP1L1
SHC2	RGMA
ODF3L2	ASB16-AS1
BSG	NTSR2
BSG	F2R
BSG	SLC25A22
BSG	GLCE
BSG	TOB1
FSTL3	MELTF-AS1
FSTL3	LCN12
FSTL3	EFEMP2
FSTL3	KIAA0895L
FSTL3	TRPV1
AZU1	ZNF107
R3HDM4	PRKAB1
ARID3A	PRRT3-AS1
ARID3A	SBF2-AS1
ARID3A	PPP1R13L
ARID3A	QPCTL
WDR18	TMEM25
ABCA7	NUDT2
POLR2E	LINC00265
GPX4	YRDC
GPX4	FBXO36
GPX4	MAF1
GPX4	STOML2
GPX4	ZNHIT2
GPX4	CFL1
GPX4	PPP1CA
GPX4	ATG101
GPX4	PIP4P1
GPX4	TECR
GPX4	IRF2BP1
GPX4	ISOC2
SBNO2	IL17RA
CBARP	TMEM158
ATP5F1D	PHB2
MIDN	CSRNP1
MIDN	SRF
MIDN	KLHL15
MIDN	ARC
MIDN	MAPK8IP1
MIDN	C15orf65
CIRBP	UBXN11
CIRBP	PPIH
CIRBP	DIRAS3
CIRBP	CD58
CIRBP	MEX3A
CIRBP	TMEM206
CIRBP	METTL21A
CIRBP	MSANTD1
CIRBP	IGFBP7-AS1
CIRBP	CTSO
CIRBP	PCYOX1L
CIRBP	CYP39A1
CIRBP	AL121972.1
CIRBP	AC003991.1
CIRBP	SEM1
CIRBP	AC004522.2
CIRBP	IFRD1
CIRBP	LUC7L2
CIRBP	ARSD
CIRBP	PHEX-AS1
CIRBP	RBM3
CIRBP	PNMA3
CIRBP	MTFR1
CIRBP	ADAMTSL2
CIRBP	AC104389.4
CIRBP	MACROD1
CIRBP	NEAT1
CIRBP	SGMS1-AS1
CIRBP	OVCH1
CIRBP	AC010198.1
CIRBP	CDKL1
CIRBP	AL355076.2
CIRBP	AC051619.4
CIRBP	C17orf67
CIRBP	FAAP100
CIRBP	ITPA
CIRBP	PEX11G
CIRBP	GIPC1
CIRBP	FXYD7
CIRBP	RASL10A
CIRBP	FP565260.2
CIRBP	MRPS6
NDUFS7	PREB
NDUFS7	PCYT2
RPS15	AL136454.1
RPS15	NENF
RPS15	NHP2
RPS15	PFDN6
RPS15	TMEM14A
RPS15	EEF1A1
RPS15	BAIAP2L1
RPS15	IFT22
RPS15	NDUFB11
RPS15	RPL10
RPS15	RPL8
RPS15	FAU
RPS15	ELOB
RPS15	RPL36
RPS15	RPS28
RPS15	POLR2I
RPS15	RPS16
RPS15	RPS19
RPS15	RPL28
PLK5	ADGRB2
PLK5	ADORA1
PLK5	OBSCN
PLK5	APLN
PLK5	AC055874.1
MBD3	CACFD1
MBD3	EHD1
MBD3	KHSRP
MBD3	P2RY11
MBD3	STRN4
ATP8B3	SMC4
ATP8B3	SLC15A3
AC012615.2	AC132803.1
AC012615.2	ANKRD20A1
AC012615.1	AC073195.1
AC012615.1	PRAG1
MKNK2	AL356481.1
DOT1L	GPAT4
DOT1L	ZNF490
PLEKHJ1	KHK
JSRP1	VTCN1
JSRP1	CDKL4
JSRP1	NOSTRIN
JSRP1	FOXP3
JSRP1	NAT1
JSRP1	AP002852.1
JSRP1	FBP1
JSRP1	AC128707.1
JSRP1	AL096869.2
JSRP1	AC020704.1
JSRP1	AC130456.2
JSRP1	ACP7
JSRP1	MYO18B
JSRP1	AL022476.1
TIMM13	TUBG1
GADD45B	LMO2
GADD45B	TESC
AC006538.2	AC107952.2
THOP1	SMYD5
ZNF555	AC005020.2
TLE2	AL352984.1
CELF5	CACNA1G
CELF5	TICAM1
ATCAY	AK5
ATCAY	SLC6A17
PIAS4	AC093627.5
PIAS4	INTS1
PIAS4	AC087289.3
ZBTB7A	MTHFR
ZBTB7A	VEPH1
ANKRD24	GPR35
ANKRD24	DTX4
ANKRD24	USP36
FSD1	RTN2
PLIN4	PKDCC
PLIN4	C3orf62
PLIN4	AC093668.1
PLIN4	NANOS1
PLIN4	COG8
SEMA6B	SPTBN2
DPP9	LRRC20
DPP9	DDX51
DPP9-AS1	C1QA
DPP9-AS1	C1QC
DPP9-AS1	AC010359.1
MIR7-3HG	CCDC71L
AC005523.1	NTAN1
RPL36	ORMDL3
CAPS	RFNG
AC011444.2	CNTD1
AC011471.2	SPDYE2B
AC011471.2	DGAT2L6
AC011471.2	AC132192.1
AC011471.2	IL18
AC011471.2	SLC39A12-AS1
AC011471.2	AC007622.2
AC011471.2	AP001439.1
AC011491.3	MX2
TNFSF14	CXCL2
TNFSF14	XG
TRIP10	ENKUR
SH2D3A	AC239798.2
SH2D3A	CD34
SH2D3A	HLX
SH2D3A	AC007463.1
SH2D3A	LINC02585
SH2D3A	MARCOL
SH2D3A	AC069294.1
SH2D3A	MAP7D3
SH2D3A	NLRP10
SH2D3A	CSNK1A1L
SH2D3A	ZBTB42
SH2D3A	AC021755.3
SH2D3A	LINC01169
SH2D3A	AC004233.3
SH2D3A	AC009133.4
SH2D3A	AC064801.1
SH2D3A	AC010511.1
SH2D3A	AC008738.4
ZNF358	FAM89B
ZNF358	MAZ
ZNF358	RBM38
ZNF358	TPGS1
ZNF358	ABHD17A
ZNF358	GNA11
ZNF358	TRIM28
ZNF358	LINC01637
ZNF358	KCTD17
PNPLA6	AGRN
PNPLA6	CSF1
PNPLA6	KCNJ10
PNPLA6	AL390728.6
PNPLA6	METAP1D
PNPLA6	CELSR3
PNPLA6	AMOTL2
PNPLA6	USP46-AS1
PNPLA6	AC104117.3
PNPLA6	TRO
PNPLA6	TPM2
PNPLA6	S1PR3
PNPLA6	SIPA1
PNPLA6	MRGPRF
PNPLA6	GLTP
PNPLA6	CHRFAM7A
PNPLA6	AC036108.1
PNPLA6	P3H4
PNPLA6	ABCA7
PNPLA6	KLF16
PNPLA6	TRIP10
PNPLA6	KRI1
PNPLA6	SHKBP1
PNPLA6	CEACAM19
PNPLA6	BCL3
PNPLA6	VASP
PNPLA6	AC007325.4
XAB2	TRMT2A
PET100	AL355297.3
STXBP2	AL080251.1
STXBP2	MME
STXBP2	AC138305.1
STXBP2	AC002553.2
STXBP2	PECAM1
STXBP2	AZU1
FCER2	AC011247.1
FCER2	LINC02027
FCER2	AC117473.1
FCER2	AC025180.1
FCER2	AL162718.1
FCER2	VWDE
FCER2	CAV1
FCER2	GBX1
FCER2	FMR1NB
FCER2	IDO2
FCER2	KRT86
FCER2	INHBC
FCER2	TRPV4
FCER2	KLHL1
FCER2	CATSPERB
FCER2	MEIOB
FCER2	MYLK3
FCER2	ACER1
CCL25	POU2AF1
CCL25	NINJ2
AC022146.2	KIF9
RPS28	NXT1
ANGPTL4	KLF10
PRAM1	AL162586.1
ADAMTS10	CAMK2A
ADAMTS10	CAMSAP3
MUC16	UTP25
AC011451.1	MGAT4D
AC011451.1	C6orf201
UBL5	RNF5
UBL5	GABARAP
COL5A3	ADGRB1
COL5A3	CARD9
COL5A3	SLC7A10
EIF3G	RUSC1
EIF3G	ARMCX2
ICAM1	CHI3L1
ICAM1	TRIM69
ZGLP1	ADAP1
CDC37	AC097662.1
CDC37	AC021097.1
CDC37	ARRDC1-AS1
CDC37	PARP2
CDC37	C16orf86
CDC37	GSS
CDC37	PDCD5
CDC37	ZNF446
CDC37	THAP7
KEAP1	FIZ1
S1PR5	TMEM125
S1PR5	TIFA
S1PR5	AL354793.1
S1PR5	AL353613.1
S1PR5	RASL11A
S1PR5	DOCK9-DT
S1PR5	ACP5
QTRT1	ROGDI
TMED1	COQ3
TMED1	ABHD11
TMED1	ZDHHC12
TMED1	DOLK
CARM1	AC131571.1
CARM1	ABCA3
AC011442.1	HLA-DRB1
LDLR	CADM3
LDLR	HSD17B7
LDLR	RGCC
LDLR	SAXO2
KANK2	C22orf31
ANGPTL8	IPO4
ANGPTL8	AC004221.1
EPOR	CCDC154
EPOR	C20orf96
EPOR	RGL3
CCDC151	C3orf62
CCDC151	AC055811.2
CCDC151	SEH1L
ELOF1	POLR3GL
ELOF1	MRM3
ELOF1	YDJC
ACP5	RAB7B
ZNF441	PCLO
ZNF441	CCDC122
ZNF441	AC008543.1
ZNF441	ZNF682
AC008770.1	AL358472.4
AC008770.1	CTDNEP1
AC008770.1	FBXO15
ZNF442	SDSL
ZNF442	HSDL1
ZNF442	ZNF274
AC010422.1	AC106864.2
AC010422.1	GASAL1
DHPS	RCE1
HOOK2	RABIF
HOOK2	ATG16L2
HOOK2	HPS1
HOOK2	LRRK2
HOOK2	DGKA
HOOK2	PPP1R3E
HOOK2	AC100793.2
HOOK2	LIN7B
JUNB	AL645465.1
JUNB	BHLHE40
JUNB	FOS
JUNB	H3F3B
JUNB	GADD45B
RNASEH2A	LINC02027
RNASEH2A	MSR1
CALR	PPIB
CALR	CTSA
CALR	CRELD2
GADD45GIP1	MESP1
TRMT1	MAMDC4
C19orf53	SAP18
PALM3	RTKN
PALM3	KLC3
SAMD1	AC011997.1
SAMD1	AC018754.1
SAMD1	TDRD6
SAMD1	TIGD5
SAMD1	UNC93B1
SAMD1	ZNF384
SAMD1	MAZ
SAMD1	AC093249.2
SAMD1	FHOD1
LINC01841	AC132938.1
GIPC1	ACTL6A
GIPC1	SNX21
DNAJB1	IRF2BP2
DNAJB1	MXD1
DNAJB1	DNAJB2
DNAJB1	AC009955.4
DNAJB1	PLXNA1
DNAJB1	SIAH2
DNAJB1	SEPSECS
DNAJB1	SDCBP
DNAJB1	AP001157.1
DNAJB1	BAG3
DNAJB1	NPIPA8
DNAJB1	TMEM220
DNAJB1	MKNK2
DNAJB1	DEDD2
DNAJB1	RUVBL2
TECR	SAP30L-AS1
ADGRE2	TICRR
OR7C1	TGFA
OR7C1	ZNF322
OR7C1	GALNTL5
OR7C1	PLAC1
OR7C1	CYP2R1
OR7C1	AC008764.1
OR7C1	AC011479.1
ILVBL	SLC52A2
AC004257.1	CASP2
WIZ	PWWP2B
PGLYRP2	ZNF2
PGLYRP2	EXOSC9
PGLYRP2	SLC30A8
PGLYRP2	TMPRSS15
CYP4F12	CYP4F3
AC004597.1	AC093801.1
CYP4F11	AARS2
TPM4	MCMDC2
AC020917.2	ACKR4
AC024075.3	FO393401.1
TMEM38A	JAKMIP1
NWD1	CDON
NWD1	A2ML1
NWD1	TMEM38A
CPAMD8	MRC2
AC020908.1	HEATR9
USE1	WRAP73
MRPL34	MUS81
MRPL34	TMEM126B
MRPL34	ACOT2
MRPL34	MIF4GD
MRPL34	MADCAM1
ANO8	KMT2B
TMEM221	APEX2
COLGALT1	DENND4B
COLGALT1	INPP5E
UNC13A	CACNA1A
SLC5A5	AL121935.1
SLC5A5	AP001269.2
SLC5A5	CCDC114
SLC5A5	SLC5A4
SLC5A5	AL031594.1
CCDC124	HEBP1
RAB3A	KCNF1
RAB3A	APOC1
ISYNA1	RTL5
UBA52	STEAP1B
UBA52	NMB
UBA52	TXNDC17
UBA52	DYNLL2
CRLF1	LCTL
TMEM59L	DISP2
TMEM59L	ITPKA
TMEM59L	MAST1
KLHL26	HINFP
AC005197.1	OXSM
NDUFA13	AC027307.1
YJEFN3	DNASE1L2
ZNF506	HIST2H2AC
ZNF506	C1orf105
ZNF506	LLPH-DT
ZNF506	KF456478.1
ZNF506	AC011450.1
ZNF506	SPECC1L
ZNF708	ZSCAN12
ZNF708	HECA
ZNF708	AC084125.4
ZNF708	CHSY1
ZNF708	KCTD11
ZNF708	ZNF805
AC092364.1	AC068535.1
AC092364.1	AC010501.1
AC092364.1	AL360181.1
ZNF676	ZNF208
ZNF728	ZNF676
LINC01224	AC073911.1
ERVK-28	PRSS55
AC010511.1	AC097066.1
AC010511.1	VAX2
AC010511.1	KCTD21
UQCRFS1	DUS3L
ZNF536	PCSK6
ZNF536	LINC00320
WDR88	MORN3
LRP3	ZNF205
SLC7A10	VILL
SLC7A10	SEMA6B
SLC7A10	WNT7B
AC008738.4	POMK
GPI	FAM8A1
AC020910.4	TIGD1
HPN	ETS1
CD22	SH3TC2
GAPDHS	PRR26
GAPDHS	GPR18
GAPDHS	AC111170.1
TMEM147	SNAPIN
TMEM147	JTB
TMEM147	RDH14
TMEM147	CCDC127
TMEM147	AL031963.3
TMEM147	GSR
TMEM147	SARNP
TMEM147	RNF167
TMEM147	SDF2
TMEM147	NR2C2AP
AD000090.1	SMIM31
AD000090.1	FKBP14
AD000090.1	SEC14L4
COX6B1	S100A13
COX6B1	PRDX5
COX6B1	IFI27L2
COX6B1	CHMP2A
KMT2B	AKT1
AD000671.3	DQX1
AD000671.3	NPIPB9
APLP1	NUDT14
POLR2I	UBE2F-SCLY
TBCB	GRPEL1
TBCB	DYNLT3
TBCB	SOCS1
CAPNS1	PLIN3
ZNF565	ZC3H11B
ZNF565	VAMP8
ZNF565	KLF15
ZNF565	BCL9L
ZNF565	FAM90A1
ZNF565	ZNF57
ZNF565	ZBTB7A
LINC01535	LINC00472
SPINT2	AL359643.3
PPP1R14A	RNASE1
PPP1R14A	PLLP
PPP1R14A	TMEM235
KCNK6	AC145343.1
KCNK6	ZNF776
CATSPERG	ZNF785
GGN	PERP
GGN	CSRNP2
RYR1	AC011330.3
RYR1	TPST2
AC008649.1	RNF25
AC008649.1	SLA2
ECH1	MAD2L2
ECH1	CDKN2AIPNL
ECH1	AC091729.3
ECH1	LINC01560
ACP7	AL356488.2
ACP7	AL589765.6
ACP7	KCNAB1
ACP7	AC089987.2
ACP7	AC122685.1
ACP7	LINC02203
ACP7	LINC01538
AC011443.1	AC002310.2
ZFP36	MCL1
ZFP36	PLEKHA6
ZFP36	TUBB2B
ZFP36	PIM1
ZFP36	CEBPB
RPS16	AC026979.2
RPS16	AC016705.2
DLL3	CD101
NUMBL	TXLNA
NUMBL	GDPD5
NUMBL	HDAC7
NUMBL	FLOT2
COQ8B	PSMD13
ITPKC	TMBIM1
ITPKC	FAM198B
ITPKC	KCNN2
ITPKC	LRRN3
ITPKC	MFHAS1
ITPKC	PML
ITPKC	YTHDF1
ITPKC	SPRED3
RAB4B-EGLN2	AC093899.2
AC008537.2	CYP1B1
AC008537.2	AC010609.1
AC008537.2	AC004828.1
AC008537.2	RAI1-AS1
ARHGEF1	COL7A1
RABAC1	TMED9
RABAC1	SSR4
RABAC1	COMMD5
RABAC1	CCDC107
RABAC1	DDX31
RABAC1	SSNA1
RABAC1	FBXL15
RABAC1	STUB1
RABAC1	MISP3
PRR19	INO80B
CEACAM1	PCF11-AS1
PSG8-AS1	AC068658.1
PSG8-AS1	LTB4R
AC004784.1	LINC01630
AC004784.1	LINC00658
AC004784.1	PSG8-AS1
PSG11	IGSF9
PSG11	FABP1
PSG11	CD86
PSG11	NMU
PSG11	AC093766.1
PSG11	CLGN
PSG11	FAM81B
PSG11	AC010261.2
PSG11	LST1
PSG11	AL450327.1
PSG11	AC005534.1
PSG11	AC090987.1
PSG11	ANO9
PSG11	AP001970.1
PSG11	AL138767.3
PSG11	PLEKHG6
PSG11	AL356515.1
PSG11	ARHGEF7-AS2
PSG11	SYNDIG1L
PSG11	AC090527.1
PSG11	AC003965.1
PSG11	AC010542.5
PSG11	ADAMTS18
PSG11	AC091153.3
PSG11	AC004408.1
PSG11	TMEM92-AS1
PSG11	LINC01970
PSG11	LINC01894
PSG11	LINC00904
PSG11	CACNG6
PSG11	ZNF580
IRGQ	CFAP298
ZNF428	UBXN8
ZNF428	MPG
SMG9	MIGA2
SMG9	BEST3
AC006213.1	AL358473.1
AC006213.1	AL353719.1
IGSF23	RWDD4
CBLC	SLC12A9-AS1
CBLC	PRRX2
BCAM	EPHX1
BCAM	ABTB1
BCAM	VSIR
APOE	TEX264
APOE	SLC39A7
APOE	CUTA
APOE	RWDD2A
APOE	CHCHD2
APOE	TAF9B
APOE	SLC25A5
APOE	YIF1A
APOE	TRAPPC4
APOE	CKB
APOE	TLCD1
APOE	DCXR
APOE	CST3
APOE	SCAND1
APOE	PLTP
APOE	GPX4
APOE	KDELR1
CKM	AL590434.1
FOSB	NPTX2
PPM1N	DUSP7
SNRPD2	NANOS3
BHMG1	CSNKA2IP
BHMG1	AC090502.1
SIX5	UCN
SIX5	PLK1
SIX5	OSBPL7
AC092301.1	MST1R
AC092301.1	KLB
AC092301.1	AC093677.2
AC092301.1	AC107463.1
AC092301.1	AC005609.1
AC092301.1	HCG9
AC092301.1	AC211476.2
AC092301.1	IL23A
AC092301.1	AL136964.1
AC092301.1	AL121790.1
AC092301.1	NOS2
AC092301.1	AC008109.1
AC092301.1	AC027097.1
AC092301.1	AF129408.1
AC007785.1	IGFL4
AC006262.2	AC022182.1
HIF3A	CCND3
HIF3A	RIDA
HIF3A	AL606807.1
HIF3A	AGBL1
HIF3A	PLIN5
AC007193.2	CELA2B
AC007193.2	AC244517.2
AC007193.2	C6orf99
AC007193.2	MYO1F
AC007193.2	CEACAM1
AC007193.2	AL031846.2
AC007193.3	AC127496.5
CALM3	MLLT11
CALM3	UCHL1
CALM3	SNCB
CALM3	FSCN1
CALM3	MAGEE1
CALM3	LY6E
CALM3	CNIH2
CALM3	JPT1
CALM3	DIRAS1
CALM3	TGFBR3L
CALM3	PNMA8A
GNG8	TMEM209
GNG8	DGCR9
DACT3	SAMD14
SLC1A5	AC004009.1
SLC1A5	AP003472.1
SLC1A5	GNPNAT1
SLC1A5	LINC01749
TMEM160	CDH7
SELENOW	MRPS30
SELENOW	MOCS2
SELENOW	PDAP1
SELENOW	AC022915.2
SELENOW	CDK2AP2
SELENOW	PCBD1
SELENOW	ATP5PF
CRX	AC116312.1
CRX	GTSE1
CARD8-AS1	HEATR9
EMP3	AL136962.1
LMTK3	TCOF1
RPL18	AC012306.2
RPL18	CCDC115
RPL18	ARF5
RPL18	EXOSC4
RPL18	TOLLIP-AS1
RPL18	PSMC3
RPL18	COA3
RPL18	DCXR
RPL18	TSEN34
CA11	RASGRP2
CA11	MRPL11
CA11	FAM216A
CA11	A1BG
FUT1	AC024560.3
FUT1	ENAM
HSD17B14	MED30
HSD17B14	AC145422.1
PLEKHA4	GRID2IP
NUCB1	RBMX2
GYS1	PFKFB4
LIN7B	CYB561D1
LIN7B	AL355338.1
C19orf73	AC145285.6
AC010524.1	CDCA7
AC010524.1	AL450326.1
AC010524.1	TEAD2
SLC17A7	PRKCZ
SLC17A7	FAM84A
SLC17A7	SLC30A3
SLC17A7	PTPRN
SLC17A7	GRM2
SLC17A7	AC116565.1
SLC17A7	LNX1
SLC17A7	PRDM8
SLC17A7	CPLX2
SLC17A7	MAP7D2
SLC17A7	SYN1
SLC17A7	PHYHIP
SLC17A7	RTN4RL2
SLC17A7	TMEM151A
SLC17A7	NEURL1
SLC17A7	DDN
SLC17A7	PDE1B
SLC17A7	RASAL1
SLC17A7	EFNB3
SLC17A7	ST8SIA3
SLC17A7	SLC12A5
SLC17A7	MATK
AC010619.1	LINC01949
AC010619.1	LINC00457
AC010619.1	TLDC2
RPL13A	TDRD7
RPL13A	RPLP0
RPL13A	USP6
RPL13A	SNRPD2
RPS11	RPS4X
PRR12	NOL4L
SCAF1	ATMIN
ADM5	MMP23B
ADM5	AL445524.1
ADM5	FAM155B
ADM5	AC092118.2
ADM5	AOC2
CPT1C	IMPACT
AC006942.1	DHX16
PTOV1	NPIPA1
PTOV1	SLC25A39
PTOV1	U62317.3
AC011452.1	AC013472.3
AC011452.1	SULT6B1
AC011452.1	LINC01010
AC011452.1	AC006511.4
AC011452.1	AC124312.3
AC011452.1	HYPK
AC011452.1	SLC38A8
AC011452.1	CCDC68
AC011452.1	PTGIS
AC011452.1	AC018761.2
AC011452.1	AC008649.1
AC010624.2	ZNF354C
AC010624.2	SCIN
AC010624.2	C9orf139
AC010624.2	HCRT
AC010624.2	PRR19
JOSD2	ZNF14
CLEC11A	ZNF436-AS1
AC010325.1	LINC01402
AC010325.1	PCLAF
AC010325.1	ONECUT2
KLK14	AC016394.2
KLK14	AC090527.2
KLK14	LINC02094
SPACA6	LIX1L
SPACA6	HMGN4
SPACA6	KDM4D
SPACA6	AC011611.4
FPR1	ARSD-AS1
AC011468.5	RAD1
ZNF528	AC020928.1
ZNF347	ACKR1
ZNF347	HERC3
ZNF347	PTOV1-AS1
AC092070.3	AL161729.1
DPRX	COLEC10
CACNG7	SLC35E2A
CACNG7	MAP3K10
MBOAT7	R3HDM4
AC245884.1	BCL2L2
LENG8	TMEM86B
CDC42EP5	GLP2R
NLRP7	SHCBP1L
NLRP7	AC099518.4
NLRP2	CFAP157
NAT14	SOX12
ZNF580	HCG18
U2AF2	WDR43
ZNF787	TTC31
ZNF582-AS1	AC018809.2
AC005498.2	AC078795.2
AC005498.2	LINC00501
ZNF460	EIF2S3B
AC005261.1	EPB41
AC005261.1	AL358075.4
AC005261.1	FNDC7
AC005261.1	RRM2B
AC005261.1	GSG1L
C19orf18	GOLGA8A
C19orf18	AC012435.2
AC020915.5	SMARCE1
A1BG	AC093206.1
A1BG	SLC9A5
A1BG-AS1	CRABP2
A1BG-AS1	TC2N
A1BG-AS1	AC008736.1
AC012313.1	C2
AC012313.1	FAM229B
AC012313.5	ZNF320
TRIM28	IPO13
TRIM28	TESK1
TRIM28	SLC25A25-AS1
TRIM28	PA2G4
TRIM28	PRR14
TRIM28	RRP1
ZFY	RPS4Y1
LINC00278	TTTY14
AC010737.1	LINC01804
AC010737.1	AC097478.1
AC010737.1	VDR
AC010737.1	AC240565.1
AC010737.1	C17orf99
AC010737.1	HCK
AC010737.1	C19orf71
AC010737.1	CREB3L3
TTTY15	UTY
NLGN4Y	TTTY10
TTTY14	XIST
AC010889.1	SAP30L
AC010889.1	ZNF182
AC010889.1	RBM18
AC010889.1	TACO1
AC010889.1	GUCD1
KDM5D	ZFY
KDM5D	ZFY-AS1
KDM5D	LINC00278
KDM5D	TTTY15
KDM5D	USP9Y
KDM5D	DDX3Y
KDM5D	TMSB4Y
KDM5D	NLGN4Y
KDM5D	TTTY10
KDM5D	EIF1AY
EIF1AY	AC006157.1
EIF1AY	AC010889.1
GAB4	STMND1
HDHD5-AS1	PIGZ
CECR3	AL451074.2
CECR3	AL121845.1
CECR3	ZNF534
CECR3	AL022328.2
SLC25A18	PER1
TUBA8	C16orf71
AC007326.4	APBA3
SLC25A1	LAMTOR3
SLC25A1	CDK16
MRPL40	MRPL57
MRPL40	AC027682.4
CLDN5	C1QTNF1
ARVCF	NBEAL2
RANBP1	MRPL14
RANBP1	TCTE3
AIFM3	PCBP4
AIFM3	TNFAIP8
AIFM3	CRACR2B
AIFM3	PACSIN3
AIFM3	LRRC75B
AP000550.1	DNAJC22
CCDC116	OLR1
CCDC116	AL032819.1
TOP3B	IFI27
AC245060.6	AC008708.2
AC245060.5	AC087386.1
LINC02556	AC008695.1
IGLL1	F13A1
IGLL1	AC135050.1
RGL4	RGPD1
VPREB3	LINC01352
VPREB3	AL391095.2
CHCHD10	ELP5
CHCHD10	CISD3
CHCHD10	ICAM3
AP000350.5	Z95115.1
AP000350.7	AL606760.1
AP000350.7	AC107294.2
AP000350.7	AF111169.3
AP000350.7	AC023830.1
AP000350.7	AIPL1
AP000350.7	AC116407.1
AP000350.7	RSPH6A
DDT	PPIF
CABIN1	ABCC1
CABIN1	GPT2
GGT5	JPH2
ADORA2A-AS1	AC017083.3
UPB1	ACPP
PIWIL3	CCL28
AL022323.3	C4orf45
AL022323.1	ABHD14A
GRK3	EAF2
GRK3	AC104806.2
GRK3	EGFR
GRK3	AC019270.1
MIAT	MN1
AL008638.3	LINC01219
CCDC117	OTUD6B
CCDC117	TEX10
XBP1	OSTC
ZNRF3-AS1	AC034206.1
ZNRF3-AS1	AC073571.1
ZNRF3-AS1	AL139300.2
ZNRF3-AS1	RUNDC3A-AS1
C22orf31	AP000943.3
KREMEN1	GPR161
KREMEN1	IL17RD
KREMEN1	AL021707.2
EMID1	CCDC190
EMID1	SCHLAP1
EMID1	ALAS1
EMID1	ANXA5
EMID1	MMD2
EMID1	IGDCC3
EMID1	LINC01563
GAS2L1	UBL4A
GAS2L1	BRD3OS
GAS2L1	AJM1
GAS2L1	RAB3IL1
GAS2L1	ZCCHC3
RASL10A	HES4
UQCR10	SVBP
UQCR10	LAMTOR5
UQCR10	MRPL51
UQCR10	CSTB
CASTOR1	GTPBP4
CASTOR1	USPL1
MTFP1	TNNI3K
SEC14L3	AC079834.2
GAL3ST1	RFPL3S
DUSP18	A2M-AS1
DUSP18	WDR66
DUSP18	AC004805.1
SMTN	CACNA1D
SMTN	SESN1
SMTN	FANCC
SMTN	AC010205.1
SMTN	WFDC3
SMTN	TLE2
SMTN	PNPLA6
SELENOM	NAXE
SELENOM	HNRNPA0
PLA2G3	AC010425.1
PLA2G3	ASB11
PLA2G3	SKOR1
PLA2G3	HOMER3-AS1
LIMK2	FAM189A2
LIMK2	CHST3
LIMK2	ITGB4
PIK3IP1	ERBB2
PIK3IP1	MCM5
YWHAH	HPCA
YWHAH	MFSD4A
YWHAH	KCNK1
YWHAH	TMSB10
YWHAH	TAGLN3
YWHAH	PCSK1N
YWHAH	TCEAL6
YWHAH	TCEAL5
YWHAH	PGRMC1
YWHAH	DUSP26
YWHAH	TMEM246
YWHAH	TUBA1B
YWHAH	NNAT
YWHAH	PIN1
YWHAH	RAB3A
RFPL2	SLC5A4-AS1
SLC5A4	MTAP
APOL6	GBP1
APOL4	KIAA0040
APOL4	SPATA12
APOL1	NGF
APOL1	GIN1
APOL1	MSS51
MYH9	SMIM12
MYH9	TEAD3
MYH9	STAT3
PVALB	CDC42EP3
PVALB	MYO1B
PVALB	AL162497.1
PVALB	ARL4D
CSF2RB	AC068051.1
CSF2RB	CHPF2
Z82188.2	AC133550.1
LGALS1	PCBP1
LGALS1	CLPP
LGALS1	ALKBH7
GALR3	AC092681.3
GALR3	AC093726.2
AL022322.1	HTR2C
AL022322.2	AC010864.1
MAFF	CRY1
TMEM184B	LMOD1
TMEM184B	MARC1
TMEM184B	LRRC4
TMEM184B	ABCD1
TMEM184B	CPM
TMEM184B	COL5A3
TMEM184B	NWD1
CSNK1E	PCNX3
CSNK1E	FBF1
KCNJ4	HAPLN4
KDELR3	C1orf147
KDELR3	AC068759.1
KDELR3	CENPU
KDELR3	SV2C
KDELR3	CATSPER3
KDELR3	SOSTDC1
KDELR3	GRHL2
KDELR3	LINC02237
KDELR3	MS4A4E
KDELR3	FADS6
KDELR3	RIMS4
KDELR3	OR7D2
KDELR3	AC011481.2
KDELR3	ZNF295-AS1
APOBEC3H	DNALI1
APOBEC3H	AL023583.1
APOBEC3H	AL845311.1
APOBEC3H	PLET1
AL031846.2	AC245884.1
PDGFB	AL441883.1
PDGFB	AC084024.3
PDGFB	LINC00443
RPL3	NPM1
RPL3	PPDPF
ATF4	RASSF1
RPS19BP1	LY6G5C
RPS19BP1	C15orf61
ENTHD1	DBF4
GRAP2	EP300-AS1
AL022238.2	LENG1
AL031594.1	ZNF572
ST13	HESX1
ST13	MIER3
RANGAP1	SLC27A4
RANGAP1	SEZ6L
AL008582.1	OR2T12
AL008582.1	ZNF92
PMM1	AC008440.1
SNU13	FBXO45
SNU13	SNRPB
SHISA8	ONECUT1
CENPM	C7orf25
PHETA2	EFNA3
NDUFA6	VBP1
NDUFA6	GON7
MPPED1	FAM57B
EFCAB6	FTCDNL1
EFCAB6	LINC02019
EFCAB6	NOP14-AS1
EFCAB6	BPHL
EFCAB6	AC073878.1
EFCAB6	CENPI
EFCAB6	RAP2C-AS1
EFCAB6	FAM66D
EFCAB6	LRRC6
EFCAB6	WDR31
EFCAB6	SARDH
EFCAB6	AL157832.3
EFCAB6	MLF2
EFCAB6	CASC1
EFCAB6	AC004943.2
EFCAB6	AC011921.1
EFCAB6	MYOM1
EFCAB6	TNFAIP8L1
SULT4A1	UBE2QL1
PNPLA3	VWCE
PRR5-ARHGAP8	LINC02170
ARHGAP8	MATN1-AS1
ARHGAP8	FCER1G
ARHGAP8	SNTN
ARHGAP8	GATA2-AS1
ARHGAP8	LINC02012
ARHGAP8	AC093689.1
ARHGAP8	AL136537.1
ARHGAP8	LINC02233
ARHGAP8	TAS2R1
ARHGAP8	HMGA1P4
ARHGAP8	LINC01219
ARHGAP8	LINC02405
ARHGAP8	SOHLH2
ARHGAP8	CR383656.10
ARHGAP8	AC068234.3
KIAA0930	SNIP1
KIAA0930	AL355488.1
KIAA0930	NNMT
KIAA0930	RCCD1
KIAA0930	ADAMTSL5
KIAA0930	EPOR
BX537318.1	TNFRSF11A
PRR34-AS1	TEKT4
PRR34-AS1	AC131009.2
PRR34-AS1	TMEM253
PRR34-AS1	YBX2
PRR34-AS1	GAS2L2
PRR34-AS1	TCP10L
MIRLET7BHG	TMEM63A
MIRLET7BHG	IBA57
MIRLET7BHG	CAND2
MIRLET7BHG	AL355353.1
MIRLET7BHG	ANKRD16
MIRLET7BHG	SRP14-AS1
MIRLET7BHG	KLHDC4
MIRLET7BHG	AC087741.1
MIRLET7BHG	LDLRAD4
MIRLET7BHG	ZNF341
MIRLET7BHG	CEP250
MIRLET7BHG	ADARB1
PKDREJ	AL139393.2
PKDREJ	AC005229.4
PKDREJ	LINC01456
PKDREJ	AL358781.1
PKDREJ	AC078929.1
AL118516.1	AL050341.2
AL118516.1	FBXO30
AL117329.1	TRIM36
LINC01310	MRPL23
LINC01310	AC110285.2
Z98885.3	AC083805.2
Z98885.3	AC124312.2
Z98885.2	GABRR2
AL671710.1	AL391811.1
TTLL8	AL162254.1
HDAC10	DDX56
HDAC10	TUBGCP6
MAPK11	GLIS2
SBF1	CACTIN
CU633967.1	AC011043.1
U2AF1L5	U2AF1
FP671120.1	ARMC6
FP671120.1	FP236383.1
FP236383.1	PDCD7
TPTE	AC073655.1
TPTE	AC087742.1
AF127577.3	AL354702.2
AF127577.3	KANK4
AF127577.3	LINC01349
AF127577.3	AC246680.1
AF127577.3	AL353708.2
AF127577.3	DTL
AF127577.3	CENPF
AF127577.3	AC092809.4
AF127577.3	LINC00582
AF127577.3	TRIM71
AF127577.3	BFSP2-AS1
AF127577.3	SLCO2A1
AF127577.3	AC104066.2
AF127577.3	AC093725.2
AF127577.3	TIGD2
AF127577.3	HPGDS
AF127577.3	AC096711.3
AF127577.3	LINC00603
AF127577.3	AC008875.1
AF127577.3	ARL14EPL
AF127577.3	AC136628.4
AF127577.3	ZBED9
AF127577.3	KIFC1
AF127577.3	MLIP-AS1
AF127577.3	SIM1
AF127577.3	NCOA7-AS1
AF127577.3	POU6F2-AS2
AF127577.3	INHBA-AS1
AF127577.3	KPNA7
AF127577.3	MXRA5
AF127577.3	TMSB15B-1
AF127577.3	SLC35G5
AF127577.3	AC104051.1
AF127577.3	AC105180.1
AF127577.3	AL669970.1
AF127577.3	RAG1
AF127577.3	AP001547.1
AF127577.3	ST3GAL4
AF127577.3	RTKN2
AF127577.3	AL133417.1
AF127577.3	AC016957.2
AF127577.3	CCDC169-SOHLH2
AF127577.3	AL355974.1
AF127577.3	ARHGAP11A
AF127577.3	AC091167.7
AF127577.3	AC120498.9
AF127577.3	AC006111.3
AF127577.3	AC092718.8
AF127577.3	SPNS3
AF127577.3	FLJ45513
AF127577.3	AC132938.3
AF127577.3	AC019183.1
AF127577.3	ANKRD62
AF127577.3	SIGLEC1
AF127577.3	BFSP1
AF127577.3	AL118523.1
AF127577.3	LINC01754
AF127577.3	NRTN
AF127577.3	OR7C1
AF127577.3	AC020911.1
AF127577.3	SELENOV
AF127577.3	AC004471.1
AF127577.3	AL021707.4
AF127577.3	BRWD1-AS1
NRIP1	UCK2
NRIP1	RALB
NRIP1	SPTY2D1OS
AF127577.2	AC068985.1
AF127577.2	AC036103.1
AP001172.1	ZNF350
AP000962.1	ARPC5
AP000962.1	CCDC144NL-AS1
MIR548XHG	TENT5D
MIR548XHG	AC018512.1
MIR548XHG	PHLDB3
AP000472.1	DNLZ
LINC01684	ESPNL
LINC01684	MYLK-AS2
ATP5PF	CDKN2C
ATP5PF	SPR
ATP5PF	TPRKB
ATP5PF	COA5
ATP5PF	MOB4
ATP5PF	NDUFB4
ATP5PF	CEP19
ATP5PF	NEU1
ATP5PF	RIPPLY2
ATP5PF	NDUFAF4
ATP5PF	GTF3C6
ATP5PF	FAM104B
ATP5PF	OTUD6B-AS1
ATP5PF	CDC26
ATP5PF	CWC15
ATP5PF	NACA
ATP5PF	DYNLL1
ATP5PF	GTF3A
ATP5PF	RTRAF
ATP5PF	RPS27L
ATP5PF	FAM173A
ATP5PF	HSBP1
ATP5PF	NAT9
ATP5PF	CARD14
ATP5PF	FO393400.1
ATP5PF	GAMT
ADAMTS1	TEX26
ADAMTS5	VCAM1
ADAMTS5	AC092958.1
ADAMTS5	AKR1E2
ADAMTS5	AKR1C1
ADAMTS5	AC025265.1
AF165147.1	OVGP1
AF165147.1	ATP1A4
AF165147.1	TTPAL
AF165147.1	LINC01695
CCT8	SUMO1
SOD1	MRPS15
SOD1	CACYBP
SOD1	MRPL18
SOD1	MRPL21
SOD1	UBB
AP000254.1	SOX1-OT
HUNK	MMP16
MRAP	AC005258.1
AP000281.2	AMY2A
AP000281.2	C9orf139
AP000281.2	AC092123.1
AP000282.1	SEL1L2
OLIG1	DENND3
OLIG1	OLIG2
IFNGR2	IL12A-AS1
AP000302.1	LINC01134
AP000302.1	AC093155.3
AP000302.1	AL137784.2
AP000302.1	ELMO3
AP000302.1	AC090241.3
AP000302.1	RGS19
DNAJC28	CHRAC1
DNAJC28	ABCC2
DNAJC28	AC005702.1
AP000311.1	ZMYM4-AS1
AP000311.1	AL138787.2
AP000311.1	AC016723.1
AP000311.1	AC017101.1
AP000311.1	AC007163.1
AP000311.1	AC109587.1
AP000311.1	AC107021.1
AP000311.1	ADAMTS16
AP000311.1	GLRX
AP000311.1	AC004039.1
AP000311.1	AL024474.2
AP000311.1	AC211486.5
AP000311.1	STAG3
AP000311.1	AC106873.1
AP000311.1	ALG13-AS1
AP000311.1	AC027698.1
AP000311.1	AL133480.1
AP000311.1	AL353768.1
AP000311.1	ASTN2-AS1
AP000311.1	KCNC1
AP000311.1	AC087521.2
AP000311.1	APOA1-AS
AP000311.1	AC005871.2
AP000311.1	AC023051.1
AP000311.1	AL139021.1
AP000311.1	AC009690.2
AP000311.1	AC022558.2
AP000311.1	AC087190.1
AP000311.1	AC009060.1
AP000311.1	AC104984.3
AP000311.1	PRKCA-AS1
AP000311.1	AP001011.1
AP000311.1	USHBP1
AP000311.1	BICRA-AS1
AP000311.1	AC007326.4
MRPS6	RPE65
MRPS6	PDE4DIP
MRPS6	AL512328.1
MRPS6	IL17RB
MRPS6	AC095060.1
MRPS6	RANBP3L
MRPS6	RGMB
MRPS6	AC010235.1
MRPS6	ANAPC16
MRPS6	NEK8
MRPS6	ADAM33
LINC00310	LINC00298
AP000317.1	FAAH2
AP000317.1	DIO3OS
AP000317.1	PABPC1L
AP000317.1	LINC00310
AP000322.1	STRC
CLIC6	ASB17
LINC01426	ZNF354A
LINC01426	RPUSD4
LINC01426	SLC35G1
AP000695.2	GPR149
AP000695.2	SUN3
AP000695.2	AC118758.3
AP000695.2	AL353616.2
AP000695.2	AP003733.3
AP000695.2	CCDC153
AP000695.2	PXMP2
AP000695.2	LHX1-DT
AP000695.2	AP001605.1
CLDN14	CDKN3
TTC3-AS1	AL139274.2
ERG	TUBA8
AF064858.1	AC004865.2
HMGN1	THAP9
HMGN1	ZNF469
HMGN1	SLC2A4RG
B3GALT5	IGSF5
MX2	AC245140.3
AP001610.1	TRIM21
C2CD2	SEZ6
UMODL1	PDIK1L
UMODL1	AC007099.1
UMODL1	IL18R1
UMODL1	SNX18
UMODL1	GCNT1
TMPRSS3	OXTR
ERVH48-1	AC005632.4
ERVH48-1	AC145285.3
ERVH48-1	Z95114.4
PWP2	FP565260.1
ICOSLG	AC009229.2
ICOSLG	CDC25A
ICOSLG	AL139398.1
ICOSLG	RHOF
ICOSLG	C15orf48
ICOSLG	AC120114.1
ICOSLG	AC093330.1
ICOSLG	SPAG4
ICOSLG	AC010619.1
ADARB1	AC107214.1
AC004556.1	EAF1-AS1
AC004556.1	CAPSL
AC004556.1	SERF1A
