AL627309.1	AC240565.1
AL669831.5	UCP3
NOC2L	SLC25A19
KLHL17	NBEAL2
KLHL17	TGM1
KLHL17	TEPSIN
KLHL17	FSD1
AGRN	PKDCC
B3GALT6	TTC30A
B3GALT6	C11orf95
SCNN1D	AL390208.1
SCNN1D	PABPN1
SCNN1D	MVD
SCNN1D	IL11
ACAP3	PCBP4
ACAP3	LTC4S
ACAP3	LRCH4
ACAP3	RGS11
ACAP3	EME2
ACAP3	IZUMO4
INTS11	AGER
CPTP	RPUSD1
CPTP	CHMP1A
CPTP	COASY
CPTP	LRFN1
CPTP	ESS2
DVL1	PHF1
DVL1	RNF166
AURKAIP1	CXorf40A
AURKAIP1	SURF2
AURKAIP1	PSMB3
AURKAIP1	PSMD8
TMEM240	AC110285.6
TMEM240	DCAF15
SSU72	YIPF3
SSU72	TCP1
SSU72	DUSP26
AL645728.1	LINC01715
AL645728.1	UBAC2-AS1
FNDC10	AL138976.2
FNDC10	TMEM179
FNDC10	SLC25A10
MIB2	CUL9
MIB2	MICAL1
MIB2	GLI4
MIB2	KIFC2
MIB2	CLCN7
MIB2	REXO1
MIB2	ZDHHC8
MIB2	TUBGCP6
CDK11A	SLC35E2A
FAAP20	LINC01630
PEX10	CIAO1
PEX10	RAB32
PEX10	CCNQ
PEX10	MAN1B1-DT
PEX10	ATP2B1-AS1
PEX10	ANGPTL6
PANK4	TRAF7
PANK4	AC020910.4
AL139246.5	BTNL9
AL139246.5	AC009065.4
TNFRSF14	C10orf142
TNFRSF14	LINC01164
TPRG1L	RHOB
TPRG1L	B3GALT1
TPRG1L	TMEM246
TPRG1L	SCN2B
TPRG1L	NFE2L1
TPRG1L	CBX4
TPRG1L	SSTR3
AJAP1	PPP2R2C
AJAP1	ADRA1B
AJAP1	FAM163B
AJAP1	TUB
AJAP1	MAP6
AJAP1	B3GAT1
AJAP1	AC087741.1
NPHP4	CETN3
NPHP4	NDP
KCNAB2	AC245297.3
CHD5	PRPF38B
CHD5	H3F3A
CHD5	LINC02263
CHD5	NPY5R
CHD5	BHMT2
CHD5	LSM8
CHD5	PDE6H
CHD5	ASPG
CHD5	UTP4
CHD5	AC021683.3
CHD5	ZNF57
CHD5	CELF5
CHD5	KCNK6
RNF207	WDR97
ICMT	NRG4
GPR153	FAM129B
ZBTB48	TRIM17
ZBTB48	TIGD1
ZBTB48	SOD2
ZBTB48	ABCB8
ZBTB48	MVK
KLHL21	PDP2
KLHL21	POLG2
KLHL21	TEF
PER3	AL713851.1
PARK7	MRPL19
AL034417.4	ITGA10
AL034417.4	AC139099.3
AL034417.4	AL034549.1
AL034417.2	AL358075.4
ENO1	RIC8A
ENO1	FARSA
ENO1-AS1	AC009185.1
SLC2A5	GGT5
MIR34AHG	TTC39A
MIR34AHG	AC125618.1
TMEM201	MICA
TMEM201	ZNF512B
TMEM201	AC010632.1
PIK3CD	CLDN4
CTNNBIP1	SHF
NMNAT1	LINC01562
NMNAT1	AC005355.1
NMNAT1	HARBI1
NMNAT1	AC145207.1
AL139424.2	AC008575.1
AL139424.2	AL034550.2
AL139423.1	CASZ1
TARDBP	CALM2
TARDBP	BRD9
AL109811.4	ATP2A1-AS1
MASP2	THAP7-AS1
SRM	SLC4A3
SRM	DMTN
UBIAD1	PUDP
FBXO44	RING1
PLOD1	FAM69C
MIIP	WDR18
VPS13D	STPG2
DHRS3	AQP7
KAZN	AC124254.1
KAZN-AS1	AC087235.1
FHAD1	ROR2
SPEN	KCNK12
SPEN	LINC00987
SPEN	PLAGL2
SPEN	NFIX
SPATA21	AC239803.3
SPATA21	NID1
SPATA21	BANK1
SPATA21	AC008892.1
SPATA21	PHEX
SPATA21	AL731567.1
SPATA21	CCDC38
SPATA21	LINC02137
SPATA21	PROCR
SPATA21	SYCE2
NBPF1	NBPF3
NBPF1	AC240274.1
AL049569.1	VIPR1-AS1
AL049569.1	AP003392.1
ARHGEF10L	LINC01945
ARHGEF10L	OSBPL10
ARHGEF10L	PAX6
ARHGEF10L	AL450322.1
ARHGEF10L	TMEM266
ARHGEF10L	LRP5L
AL357509.1	LINC01654
IFFO2	RAB11FIP5
IFFO2	TBC1D10A
AL035413.1	AC115618.1
AL035413.1	PTGR1
AL035413.1	AC068768.1
AL035413.1	AC009163.4
AL035413.1	AC135178.3
MRTO4	UBXN11
MRTO4	AL359258.2
MRTO4	PYCR3
MRTO4	AL158071.5
MRTO4	AC005280.2
MRTO4	DHRS11
NBL1	CDK5R2
NBL1	BRD3OS
NBL1	GPR137
NBL1	GAL
NBL1	DBNDD1
NBL1	FASN
TMCO4	DNAH2
PINK1	ID2-AS1
PINK1	DNAJC27-AS1
PINK1	TUBA4A
PINK1	NEFL
PINK1	AHCY
KIF17	KIF20B
SH2D5	AL805961.2
HP1BP3	AC114490.3
HP1BP3	AC017101.1
HP1BP3	CXXC4
HP1BP3	AL096711.2
HP1BP3	AC004112.1
HP1BP3	ARSD
HP1BP3	BHLHB9
HP1BP3	ZBTB44
HP1BP3	GOLT1B
HP1BP3	PRKAG1
HP1BP3	UBL3
HP1BP3	AC123768.3
HP1BP3	CERNA1
HP1BP3	AC005393.1
ECE1	GLDC
ALPL	AL162254.1
ZBTB40	AP001318.2
EPHB2	ABLIM2
EPHB2	ZNF462
EPHB2	PLXDC1
EPHB2	CDH4
AL031428.1	AP003174.1
ZNF436-AS1	AC016773.1
ZNF436-AS1	ZNF883
ZNF436-AS1	AC009720.1
ZNF436-AS1	AL118516.1
MDS2	MYBL2
RPL11	RPL5
RPL11	RPS27A
RPL11	RPL32
RPL11	RPL22L1
RPL11	RPS23
RPL11	RPL30
RPL11	RPS13
RPL11	FAU
RPL11	RPL6
RPL11	RPL19
PITHD1	RBM15B
PITHD1	CAMLG
PITHD1	CD83
LYPLA2	ZFP2
LYPLA2	PPP1R18
LYPLA2	TMUB1
LYPLA2	PPP1R15A
PNRC2	AP002884.3
NCMAP	AC007100.1
NCMAP	LINC02384
NCMAP	AC005208.1
CLIC4	CYBRD1
CLIC4	RFTN2
CLIC4	FAM107B
CLIC4	EMP2
SYF2	ZBTB8A
SYF2	H3F3B
RHCE	AL034417.2
LDLRAP1	NECTIN3-AS1
AL606491.1	ENKUR
MAN1C1	RND3
MAN1C1	DNAAF5
MAN1C1	EEPD1
MAN1C1	HHIPL1
SELENON	LINC01521
AL033528.2	AC117503.1
PAQR7	TNNC2
STMN1	SMIM29
STMN1	RWDD2A
DHDDS	NEURL3
DHDDS	LZTFL1
DHDDS	ELP6
DHDDS	MBNL1
DHDDS	ZKSCAN3
DHDDS	MDC1
DHDDS	POLM
DHDDS	ZNF7
DHDDS	PSIP1
DHDDS	HACD1
DHDDS	FGFR1OP2
DHDDS	DNAJC17
DHDDS	MTMR4
DHDDS	ZNF763
DHDDS	ZSCAN1
NUDC	VPS37B
GPR3	TRIB1
AHDC1	BRSK2
AHDC1	BCAR1
AHDC1	RARA
DNAJC8	PPT1
DNAJC8	CNOT7
DNAJC8	ZMYND19
ATP5IF1	ZCRB1
LINC01715	HDAC11-AS1
LINC01715	AL135791.1
OPRD1	ZBTB7C
EPB41	RASAL2-AS1
EPB41	SLC39A8
EPB41	FAXDC2
EPB41	MMS22L
EPB41	NPTX2
EPB41	AC013643.2
EPB41	ANK1
EPB41	TP53INP1
EPB41	PHLDA2
EPB41	AMIGO2
EPB41	PARP4
EPB41	LINC02284
EPB41	SYT5
MECR	TDRKH
MECR	METAP1D
MECR	SLC4A9
MECR	HIST1H2BE
MECR	ARSE
MECR	ERICH1
MECR	CEBPG
PEF1	ATP5F1B
PEF1	VPS4A
COL16A1	TNFRSF18
ADGRB2	RTN4RL2
ADGRB2	PNMT
AL136115.2	WWTR1
AL136115.2	AC104472.3
AL136115.2	AC090527.2
PTP4A2	SLC35B2
PTP4A2	ZNF358
AL445248.1	VAMP8
TMEM39B	IQCN
TMEM39B	GRAMD4
CCDC28B	AC013269.2
AL049795.1	SLC26A10
DCDC2B	AC004034.1
EIF3I	TCEAL3
HDAC1	IRAK3
FAM229A	FGFR4
FAM229A	AL023284.4
FAM229A	NPIPB6
FAM229A	DONSON
ZBTB8OS	TBCE
ZBTB8OS	POMGNT2
ZBTB8OS	KIF9-AS1
ZBTB8OS	AC128685.1
ZBTB8OS	AC008610.1
ZBTB8OS	AL683813.1
ZBTB8OS	AC107375.1
ZBTB8OS	SPESP1
ZBTB8OS	AC093249.2
ZBTB8OS	RBL1
ZBTB8OS	Z93930.2
SYNC	AC015853.2
KIAA1522	PLK5
FNDC5	ASB13
HPCA	GNG13
TMEM54	ZGRF1
TMEM54	ZNF488
AL020995.1	AL513327.1
AL020995.1	SLC51A
AL020995.1	RBPMS
AL020995.1	AP003086.2
AL020995.1	LINC00866
AL020995.1	NLRC3
TRIM62	FAM162B
TRIM62	AC021594.2
AL513327.2	MAL2-AS1
CSMD2	GCK
CSMD2	AUTS2
CSMD2	SLC39A6
CSMD2	LOXHD1
DLGAP3	RPL37A
DLGAP3	PCDH1
DLGAP3	RAI1
DLGAP3	MAPK4
DLGAP3	SYNDIG1
DLGAP3	BCR
AC114490.3	CENPH
AC114490.3	AL845311.1
AC114490.3	AL358234.1
AL590434.1	AL359853.2
AL590434.1	TMEM86A
AL590434.1	MYOM1
AL590434.1	AP000265.1
SFPQ	C4orf46
SFPQ	VDAC3
SFPQ	TMEM218
ZMYM4-AS1	LYG2
NCDN	ZKSCAN7
NCDN	NPTN
NCDN	PRKCSH
TFAP2E	TNXB
TFAP2E	AC119403.1
PSMB2	RTF1
PSMB2	TERF2IP
C1orf216	TMEM54
C1orf216	AC019171.1
C1orf216	AC074387.1
C1orf216	PPP1R11
C1orf216	CITED1
C1orf216	AL161772.1
C1orf216	BTBD6
C1orf216	PAQR4
C1orf216	RND2
AL138787.2	SLC6A1-AS1
AL138787.2	AL391839.1
MAP7D1	MEPCE
MAP7D1	MAP3K7CL
LSM10	HAX1
LSM10	ANKRD36C
LSM10	SERP2
LSM10	POLR3H
MRPS15	ZNF165
GRIK3	WNT4
GRIK3	KCNK2
GRIK3	IQCF3
GRIK3	RYR3
GRIK3	HS3ST2
GRIK3	RAB31
MEAF6	ANP32E
EPHA10	CCDC173
MANEAL	CTU1
C1orf122	PPCDC
FHL3	IRF5
UTP11	HNRNPDL
POU3F1	C14orf132
AL139158.2	LRRC8B
AL139158.2	FAM163A
AL139158.2	MYO1B
AL139158.2	SLCO2A1
AL139158.2	RASGRF2-AS1
AL139158.2	LIX1
AL139158.2	C1R
AL139158.2	LINC00390
AL139158.2	PCSK6
AL139158.2	PDYN
RRAGC	TMEM19
AL139260.1	AC018638.6
AL139260.1	AL356056.2
AL139260.1	AC006581.2
AL139260.1	QRICH2
RHBDL2	AL357055.3
RHBDL2	PLS1
RHBDL2	AC137810.1
RHBDL2	ERAP2
RHBDL2	LINC00513
RHBDL2	ADGRG2
RHBDL2	AP003086.2
RHBDL2	A2ML1
RHBDL2	C17orf78
RHBDL2	DLGAP4-AS1
RHBDL2	AC011476.3
NDUFS5	RBP4
NDUFS5	AC136944.2
MFSD2A	PDIA6
AL050341.2	AC096667.1
AL050341.2	AC004812.2
AL031985.4	ACTA2
AL031985.4	OVCH1-AS1
ZFP69B	PLCD1
ZFP69B	HSPA14-1
AL603839.3	SBF2-AS1
ZNF684	ZMIZ1
ZNF684	TRIM16L
RIMS3	KCNAB2
RIMS3	C3orf67
RIMS3	C11orf87
CITED4	ARL4C
CITED4	EHBP1L1
SLFNL1	THUMPD3-AS1
SLFNL1	SLC12A1
HIVEP3	FLNB
HIVEP3	SLCO3A1
HIVEP3	ZHX3
HIVEP3	ZNF69
ZMYND12	RHCE
CCDC30	NME5
CCDC30	CUL9
CCDC30	NRIP3
CCDC30	METTL21C
YBX1	AC016933.1
SVBP	C18orf21
MED8	TOE1
MED8	SF1
MED8	TIMM23B
MED8	CLEC2A
SZT2	LEMD2
HYI	SRRT
HYI	EEF1D
HYI	PARP10
KDM4A-AS1	AC096576.3
KDM4A-AS1	AP001783.1
KDM4A-AS1	PTRH2
ST3GAL3	C3orf33
ST3GAL3	TAX1BP3
ST3GAL3	ERGIC3
ST3GAL3	SARS2
ST3GAL3	AC007325.4
IPO13	ZNF138
IPO13	TRMT2A
DPH2	P4HTM
ATP6V0B	CLTB
ATP6V0B	BCAP31
ATP6V0B	MT3
ATP6V0B	B9D2
B4GALT2	SIRPA
CCDC24	TMEM234
CCDC24	LINC01719
CCDC24	DLL1
CCDC24	SLC25A37
DMAP1	PTH1R
ARMH1	MYO15A
ARMH1	TULP2
AL592166.1	KLHL11
RPS8	HHIP-AS1
BEST4	BX293535.1
PLK3	GPR3
PTCH2	DHX33
UROD	ASAP2
UROD	AC018523.2
UROD	POC1B
UROD	RABGGTA
UROD	USP18
PRDX1	DNAJC8
PRDX1	SUMO1
PRDX1	GRPEL1
PRDX1	DKC1
PRDX1	CCT2
PRDX1	SERF2
PRDX1	POLR3K
PRDX1	DYNLRB1
PRDX1	CCT8
AKR1A1	TRMT10B
AKR1A1	SWI5
AKR1A1	CYP2R1
AKR1A1	SYT3
IPP	AL021396.1
POMGNT1	ZFP91-CNTF
POMGNT1	AC139530.1
LURAP1	DLG5
UQCRH	MRPS21
MKNK1-AS1	SERHL2
CYP4X1	SPEN
CYP4X1	SMIM4
CYP4X1	KLHL32
CYP4X1	AC124290.1
CYP4X1	NEAT1
CYP4X1	MTSS1L
CYP4Z1	AC037441.1
AL356289.1	KRTCAP2
AL356289.1	USP19
AL356289.1	LPCAT4
AL356289.1	CASTOR1
SPATA6	AC104653.1
AGBL4	AC019211.1
AGBL4	RPL39L
AGBL4	IL1RAP
AGBL4	PACRG
AGBL4	TMEM117
AC099788.1	AC079117.1
AC099788.1	AC010307.2
AC099788.1	KCNMA1-AS3
AL590432.1	AC092378.2
ELAVL4	FAM49A
ELAVL4	PRKAR1B
RNF11	RNF220
RNF11	PTP4A1
RNF11	AC005014.2
RNF11	CHAC1
RNF11	MPND
OSBPL9	BBS9
COA7	AL133406.3
COA7	LINC00672
COA7	CNDP2
CPT2	TRMO
LRP8	RMDN2-AS1
LINC01771	AC098582.1
LINC01771	AL139393.1
LINC01771	AC021683.2
GLIS1	CACNB4
GLIS1	HDAC4
GLIS1	JAKMIP1
GLIS1	PPP2R2C
GLIS1	LRFN2
GLIS1	BMPER
GLIS1	COBL
GLIS1	SLC45A4
GLIS1	SCARB1
GLIS1	AC011474.2
ACOT11	MROH7-TTC4
USP24	ALS2
USP24	AC105383.1
USP24	WWC2
USP24	ELMO1-AS1
USP24	MAP7D3
USP24	TMEM52B
USP24	RPS4Y1
AL603840.1	MIR4422HG
DAB1	SLC4A4
AL136985.3	KCNJ16
FGGY	PTCHD1-AS
FGGY	AC010857.1
FGGY	TPCN1
AC099791.2	TMEM240
AC099791.2	HAPLN2
AC099791.2	AC044849.1
AC099791.2	AC009812.1
AC099791.2	AC174065.1
AC099791.2	NKAIN4
PATJ	DDX59
PATJ	AC106894.1
PATJ	CASC10
USP1	SLU7
ATG4C	ECT2
ATG4C	BORA
ROR1	CPVL
AL139294.1	AL512330.1
AL139294.1	AP4B1-AS1
AL139294.1	SRGAP2-AS1
AL139294.1	IPO9-AS1
AL139294.1	UPK1B
AL139294.1	AC026316.5
AL139294.1	AC114939.1
AL139294.1	AC138956.1
AL139294.1	SCUBE3
AL139294.1	AC009365.3
AL139294.1	AC092666.1
AL139294.1	TRPC5OS
AL139294.1	PCA3
AL139294.1	PTRH1
AL139294.1	AL049629.1
AL139294.1	AP003718.1
AL139294.1	AP000757.1
AL139294.1	AL591684.1
AL139294.1	NEURL1-AS1
AL139294.1	AC008115.2
AL139294.1	AC078778.1
AL139294.1	AL139021.2
AL139294.1	AL157871.4
AL139294.1	FSD2
AL139294.1	AC133550.2
AL139294.1	SLC7A6OS
AL139294.1	AC023389.1
AL139294.1	AC011933.4
AL139294.1	CHST9
AL139294.1	TP53TG5
AL139294.1	ZFAS1
AL139294.1	ZBTB46-AS1
AL139294.1	AC010320.2
AL139294.1	AC008079.2
AL139294.1	AL021707.1
AL139294.1	AL035658.1
LEPR	ATG4C
LEPR	CCDC59
WDR78	LINC01885
SLC35D1	AC006946.3
SERBP1	MMGT1
SERBP1	RAB14
SERBP1	SVIP
SERBP1	TFAM
SERBP1	NOLC1
GADD45A	LINC01951
GADD45A	ABRACL
GADD45A	PCP4
GNG12-AS1	KAZN-AS1
WLS	STEAP1
WLS	CAV2
AL033530.1	LINC01594
LRRC7	SIPA1L2
LRRC7	PEX5L
LRRC7	MARCH1
LRRC7	ERBIN
LRRC7	CSMD3
LRRC7	LRRK2
LRRC7	NELL2
LRRC7	MKL2
AL158840.1	PRR14
ZRANB2-AS1	Z98884.1
ZRANB2-AS1	CEP72
ZRANB2-AS1	AC004969.1
ZRANB2-AS1	MORF4L2-AS1
ZRANB2-AS1	COPS5
ZRANB2-AS1	AC001226.2
ZRANB2-AS1	AC020659.2
ZRANB2-AS1	AC107871.1
ZRANB2-AS1	AC138811.1
ZRANB2-AS1	ETHE1
ZRANB2-AS1	ZNF550
NEGR1	PRKG1
NEGR1	METTL25
AL354949.1	ZMYM4-AS1
AL354949.1	SFTA1P
AL354949.1	AC046130.1
AL354949.1	AC010632.1
AL354949.1	CEACAM19
AL583808.1	AC131009.1
AL583808.2	AL450442.1
ERICH3-AS1	RBP2
ERICH3-AS1	MMP25
ERICH3-AS1	SERPIND1
TYW3	AC135803.1
TYW3	CRYZ
SLC44A5	COBLL1
SLC44A5	CCDC14
MSH4	AC092813.1
MSH4	GYS2
AC092813.1	AC114490.3
AC092813.1	AC092813.2
AC092813.1	AC092809.4
AC092813.1	FAM71D
AC092813.1	CWC25
AC092813.2	ALOX15
ST6GALNAC3	ANTXR2
ST6GALNAC3	WWOX
ST6GALNAC5	GRM7
ST6GALNAC5	FAM19A1
ST6GALNAC5	CNTN3
ST6GALNAC5	ADAMTS3
ST6GALNAC5	LAMA2
ST6GALNAC5	AJ009632.2
AK5	AL391845.2
AK5	SFT2D2
AK5	ADAMTS19
AK5	USH1C
AK5	AKAP13
AK5	PRKCB
AK5	AP001043.1
NEXN	SLC25A31
NEXN	AC010255.3
GIPC2	AC107952.2
ADGRL4	AC090204.1
LINC01781	CYYR1
ADGRL2	SCHLAP1
ADGRL2	CDH12
AL138799.4	AC117944.1
AL138799.4	AC131571.1
AC117944.1	EDN1
AC117944.1	TDRD6
AL359504.2	TDRKH-AS1
AL359504.2	SYNE3
WDR63	MCOLN2
WDR63	MCOLN3
SYDE2	ZBTB10
C1orf52	AC009961.1
C1orf52	SMIM27
C1orf52	AC145422.1
AL078459.1	STX19
AL136382.1	AC011997.1
AL136382.1	PRH1
HS2ST1	ACVR1
AC099062.1	LINC00426
LMO4	FOXG1
LMO4	ZNF28
LRRC8B	CGN
LRRC8B	SORCS2
LRRC8B	LINC00992
LRRC8B	AL035691.1
LRRC8B	PKP2
LRRC8B	SYNE2
LRRC8B	KANK2
LRRC8C-DT	TLE2
LRRC8C-DT	MVB12A
LRRC8D	AC079766.1
LRRC8D	AC015726.1
LRRC8D	AC010618.3
BRDT	SHISAL2A
BRDT	AC096711.3
BRDT	TARID
BRDT	TRIM5
BRDT	AC022400.2
BRDT	AC087473.1
BRDT	CCNB2
BRDT	CRX
EPHX4	CRISPLD1
EPHX4	HRK
RPL5	DDX18
BCAR3	TBL1X
BCAR3	NID2
ARHGAP29	ABCA4
CNN3	FNBP1L
CNN3	NBPF11
CNN3	ELOVL5
CNN3	SNX16
CNN3	WHRN
ALG14	BABAM2
AC092802.1	SLC9A2
DPYD-AS1	AC021504.1
MIR137HG	SNX7
MIR137HG	GUCY1A2
MIR137HG	LHX1-DT
MIR137HG	RAB27B
LINC01776	LINC00964
LINC01776	ALDH1A3
SNX7	TMEM196
SNX7	ARHGAP28
PLPPR5	PLPPR4
PLPPR5	TMEM26
AL445433.2	EPHA5-AS1
AL445433.2	AC097375.2
AL445433.2	STK3
AL445433.2	NUTM2B-AS1
AL445433.2	LINC01252
AL445433.2	ABHD12B
PLPPR4	GDA
PALMD	ANXA5
PALMD	NHSL2
PALMD	AL157955.1
PALMD	AL162457.2
AGL	MST1R
AGL	IL34
AGL	ARFGEF2
AGL	EBI3
AC118553.1	AL928970.1
MFSD14A	CYP51A1
MFSD14A	IFITM10
MFSD14A	LINC00844
MFSD14A	AC093227.1
MFSD14A	SGSM3
AC093019.2	IRF1
AC093019.2	ACSL5
AC093019.2	AC002550.1
AC093019.2	AC092376.1
AC093019.2	ZNF649-AS1
AC093019.2	C21orf62
LRRC39	TACR1
OLFM3	KCNJ3
OLFM3	SLC16A7
AC114485.1	PSG9
AC095032.2	LINC01229
AC095032.2	ISX-AS1
LINC01676	AL627309.1
LINC01676	TNFAIP6
LINC01676	LINC01624
LINC01676	PRKX
LINC01676	LINC01982
GPSM2	ITFG2-AS1
KIAA1324	MIAT
CELSR2	PHF24
CELSR2	CAMK2G
CELSR2	AL139384.2
CELSR2	DISP2
PSRC1	CCDC74A
SORT1	AC079790.1
SORT1	SCN5A
SORT1	LIFR
SORT1	WIPF3
SORT1	PRKAR2B
PSMA5	AC010754.1
ATXN7L2	ACD
CYB561D1	FAM161B
AMIGO1	LRRC8D
AMIGO1	SV2A
AMIGO1	C1orf115
AMIGO1	SOWAHA
AMIGO1	FAM131B
AMIGO1	SLITRK4
AMIGO1	LINC00092
AMIGO1	PI4K2A
AMIGO1	CENPB
AMIGO1	FEM1A
AMIGO1	CEBPA
GPR61	PFN2
AMPD2	DBN1
AMPD2	LIPE-AS1
SLC6A17	GPR3
SLC6A17	SLC7A5
RBM15	TM6SF2
SLC16A4	SNAP23
LAMTOR5	UQCRHL
LAMTOR5	MRPS36
LAMTOR5	COX7C
LAMTOR5	ELOC
LAMTOR5	ATP5MPL
LAMTOR5	COX4I1
LAMTOR5	TMEM11
LAMTOR5	PFDN4
LAMTOR5	NDUFA6
KCNA2	SLC12A5
AL365361.1	SOX9
LRIF1	KIAA1586
CHI3L2	SHBG
WDR77	TP53RK
ATP5PB	OCIAD1
ATP5PB	SLC25A3
ATP5PB	ARPC3
ATP5PB	ATP6V1D
KCND3	C4orf50
KCND3	AL162417.1
KCND3	ZBTB16
KCND3	APOA1
KCND3	GPR179
AL445426.1	AC007923.4
AL445426.1	MMP11
AL354760.1	AC010245.2
ST7L	IWS1
ST7L	RAD18
ST7L	CPEB2-DT
ST7L	RELL2
ST7L	MYLK4
ST7L	ZNF273
ST7L	DMTF1
ST7L	Z68871.1
ST7L	CDK5RAP2
ST7L	ESYT1
ST7L	RAB27A
SLC16A1-AS1	AL390729.1
SLC16A1-AS1	GABPB2
SLC16A1-AS1	RAD9A
SLC16A1-AS1	AL359317.1
SLC16A1-AS1	PPCDC
SLC16A1-AS1	AC087500.1
SLC16A1-AS1	FAM222B
SLC16A1-AS1	SIPA1L3
SLC16A1-AS1	C5AR1
SLC16A1-AS1	YPEL1
AL357055.3	C16orf89
MAGI3	RAB28
MAGI3	AFF1
MAGI3	JAKMIP2
MAGI3	SERPINB1
MAGI3	PRDX4
MAGI3	ADAMTS17
HIPK1-AS1	AL163051.1
SYT6	RAMP3
SYT6	AC079949.2
SLC22A15	ZHX3
ATP1A1	SAP30L
LINC01762	COL10A1
PTGFRN	C5orf63
TTF2	AC104653.1
GDAP2	KCTD3
GDAP2	MAP3K21
GDAP2	TERF2
AC244453.3	NBPF26
SRGAP2C	SRGAP2B
NBPF20	CBWD2
GPR89A	GPR89B
PDZK1	RGPD1
PDZK1	AC005523.1
PIAS3	PRR14
ITGA10	PTPN6
ITGA10	AC007262.2
PEX11B	LINC01372
PEX11B	PRDM12
PEX11B	RPAIN
PEX11B	AC127537.1
PEX11B	AC007952.4
RBM8A	BZW1
RBM8A	RTL5
RBM8A	RSL1D1
LIX1L	AL590235.2
LIX1L	ZNF157
LIX1L	AFMID
POLR3GL	MRPL11
BCL9	SLC26A2
NBPF11	NBPF12
NUDT4B	AGGF1
NUDT4B	POLR3D
NBPF9	NBPF20
NBPF19	NBPF12
NBPF19	NBPF14
SV2A	UBLCP1
SV2A	NUDT3
SV2A	C14orf93
SV2A	MAP1A
SF3B4	LINC01786
PLEKHO1	BRPF1
PLEKHO1	RBM22
PLEKHO1	CD36
PLEKHO1	ATP6V1FNB
PLEKHO1	ECI1
APH1A	SEMA4C
APH1A	AC092171.5
APH1A	CLN6
MRPS21	TMEM14A
MRPS21	MED19
MRPS21	ATP5MG
MRPS21	HCFC1R1
MCL1	TP53I11
HORMAD1	CTSS
MINDY1	TLCD2
C1orf56	AL033528.2
C1orf56	AC092069.1
C1orf56	LENG9
GABPB2	AC008629.1
SEMA6C	AL589765.4
SCNM1	ZNF367
SCNM1	MAPKAPK5-AS1
SCNM1	AC137767.1
SCNM1	AC078909.1
SCNM1	AC025580.3
SCNM1	CNBD2
SCNM1	ZNF302
SCNM1	PIH1D1
SCNM1	AL118516.1
VPS72	USP21
VPS72	RBM22
VPS72	CUL4B
PIP5K1A	KYAT1
ZNF687	E2F5
PSMB4	PCGF1
PSMB4	WDR74
PSMB4	COASY
PSMB4	AMZ2
PSMB4	RBX1
PSMB4	FP565260.6
CELF3	TTYH3
CELF3	DLG4
CELF3	ZNF226
CELF3	SLC17A7
MRPL9	RABGEF1
LOR	ABCC12
LOR	SPEF1
S100A6	MRPL21
SNAPIN	TNRC18
SNAPIN	LINC00310
AL358472.5	MYT1L-AS1
AL358472.5	AL354710.2
AL358472.5	AL031666.1
CRTC2	CERS2
CRTC2	PCNX3
CRTC2	LPCAT4
CRTC2	AC015726.1
JTB	LAMTOR4
RPS27	ACOT2
NUP210L	WNT5B
HAX1	NOP16
HAX1	TMEM9B
HAX1	TMEM186
HAX1	PGLS
HAX1	POP4
IL6R	EFCAB1
IL6R	MC4R
UBE2Q1	KLC1
CHRNB2	AC019131.2
CHRNB2	TMEM151A
KCNN3	KCNG3
KCNN3	COL4A1
KCNN3	CCDC85C
KCNN3	AC021739.2
KCNN3	AC134312.1
PMVK	CCDC28B
PMVK	PPP1R3C
DCST2	AC060809.1
ADAM15	TMEM88
AL713999.1	AC024075.3
FDPS	MMAB
RUSC1	PRMT5
SYT11	RNF141
SYT11	BAIAP2-DT
SSR2	SNHG15
SSR2	AL591441.2
SSR2	ERP29
SSR2	MIEF1
UBQLN4	SH3BP5L
UBQLN4	MED16
LMNA	IDI2-AS1
LMNA	HYPK
LMNA	LIMK2
SEMA4A	LMO1
SLC25A44	MIEF1
CCT3	OSTC
CCT3	CHRNA5
BCAN	C1orf216
BCAN	SERTAD4-AS1
BCAN	AC046136.1
BCAN	AC022113.1
BCAN	C19orf71
MRPL24	MAGOH
MRPL24	USE1
HDGF	FAM57B
HDGF	RTN4R
CADM3	KCTD2
CADM3-AS1	AC093503.2
TAGLN2	CFD
KCNJ10	GPRC5B
KCNJ9	MTHFD1L
KCNJ9	AC254562.3
PEA15	HPCAL4
PEA15	DKK3
PEA15	ZNF487
DCAF8	APH1A
DCAF8	TMEM129
DCAF8	AC027271.1
DCAF8	SLC35A1
DCAF8	AP001432.1
AL139011.2	ANKRD23
AL139011.2	AL162586.1
AL139011.2	AP000487.1
AL139011.2	TMEM106A
AL139011.2	AC011479.1
AL139011.2	AC007326.4
VANGL2	AC239800.2
AL591806.3	F11R
KLHDC9	NIPSNAP3A
KLHDC9	SPACA9
KLHDC9	SUOX
KLHDC9	TUBG2
KLHDC9	AP001178.3
KLHDC9	ZNF426-DT
KLHDC9	TMEM191B
KLHDC9	AP000350.5
PFDN2	PLPBP
NIT1	BOLA1
NIT1	COQ3
UFC1	NDUFA8
UFC1	EMC7
USP21	RRNAD1
B4GALT3	FAM3A
AL592295.4	IPP
AL592295.4	TXNDC15
AL592295.4	IDNK
AL592295.4	TIRAP
AL592295.4	LINC02395
AL592295.4	GINS3
AL592295.4	AC091551.1
AL592295.4	ZNF77
AL592295.3	EVC
OLFML2B	COL19A1
OLFML2B	ITGA11
NOS1AP	AC245014.1
NOS1AP	DPY19L1
NOS1AP	AC105446.1
SH2D1B	SMPDL3B
SH2D1B	MCUB
DDR2	PLCD4
RGS4	KCNF1
RGS4	CREG2
RGS4	SPARCL1
RGS4	ENC1
RGS4	PDP1
RGS4	AC024909.2
RGS5	AC092813.1
ILDR2	RBM24
ILDR2	OSBPL3
ILDR2	AC025366.1
AL451050.2	MANEA-DT
POU2F1	SERTAD2
POU2F1	ALMS1
POU2F1	TFPT
CREG1	SRSF2
RCSD1	C22orf34
ADCY10	ITGB3BP
ADCY10	GPR89A
ADCY10	GPR89B
ADCY10	LINC00862
ADCY10	MAIP1
ADCY10	TBC1D5
ADCY10	DCAF4L1
ADCY10	MGAM
ADCY10	C17orf67
GPR161	RALB
SFT2D2	TBX19
SFT2D2	MOXD1
SFT2D2	MPZL3
SFT2D2	MIR1-1HG-AS1
LINC00970	DPT
LINC00970	AL031275.1
ATP1B1	PPT1
ATP1B1	MEA1
ATP1B1	DNAJB9
CCDC181	SCN3A
C1orf112	COX18
C1orf112	ARAP3
C1orf112	TUBA8
C1orf112	AP001062.1
SELE	AL162718.1
PRRC2C	USP47
PRRC2C	ZNF829
MYOCOS	AC069234.1
METTL13	ZNF416
DNM3	CAMK2D
PIGC	SETD9
PRDX6	LINC00265
PRDX6	SFTPC
PRDX6	ALDH1A2
ANKRD45	SLC9C2
Z99127.1	AL109811.1
Z99127.1	AL451047.1
Z99127.1	DGUOK-AS1
Z99127.1	SNHG27
Z99127.1	AC104803.1
Z99127.1	AC104126.1
Z99127.1	AL354989.1
Z99127.1	AC027097.2
Z99127.1	AL022238.2
CACYBP	CCT4
CACYBP	HSPD1
CACYBP	MOCS2
CACYBP	SNX3
CACYBP	DNAJB6
CACYBP	TCEAL9
CACYBP	AHSA1
CACYBP	ST13
MRPS14	LINC01560
TNR	SFPQ
TNR	AC011747.2
TNR	SH3RF1
TNR	PLXNA4
TNR	TMEM178B
TNR	PVT1
TNR	LDLRAD3
TNR	XYLT1
AL513329.1	HORMAD1
ASTN1	CACNA1E
ASTN1	NR2F1-AS1
ASTN1	PCDHB16
ASTN1	CDYL
ASTN1	PTPRN2
ASTN1	C8orf58
ASTN1	LRRC6
ASTN1	EPB41L4B
ASTN1	ME3
ASTN1	FBXW4
ASTN1	ABLIM1
ASTN1	CYFIP1
ASTN1	ZNF236
BRINP2	E2F3
BRINP2	CDON
AL122019.1	AC090809.1
CLEC20A	AL033379.1
CLEC20A	PCDH9-AS1
RALGPS2	NEK7
RALGPS2	AIDA
RALGPS2	PELI1
RALGPS2	FAM241A
RALGPS2	TENM3
RALGPS2	MCTP1
RALGPS2	SRGAP1
ANGPTL1	LSAMP-AS1
ANGPTL1	TNXB
ANGPTL1	CA1
ANGPTL1	MALAT1
KIAA1614	BMP1
AL162431.2	MIR9-3HG
MR1	STK32A-AS1
CACNA1E	FLG-AS1
CACNA1E	PCP4L1
CACNA1E	AP005901.2
LINC01344	CDC25C
LINC01344	TBXAS1
LINC01344	ICAM1
GLUL	SLC7A2
NPL	ACKR2
ARPC5	UBE2A
ARPC5	ITGA2B
APOBEC4	AL731577.1
TSEN15	LINC01950
TSEN15	ATAD2
C1orf21	ILDR2
C1orf21	EPC2
C1orf21	HIVEP2
C1orf21	CTTNBP2
C1orf21	RAI2
C1orf21	MIR222HG
C1orf21	AC103952.1
C1orf21	C9orf3
C1orf21	FAM45A
C1orf21	CDK8
C1orf21	ZNF774
C1orf21	RPH3AL
C1orf21	CACNG6
RNF2	KDM3A
RNF2	MFAP3L
PDC	AC005154.5
PLA2G4A	WNT7A
PLA2G4A	JAM2
ERVMER61-1	IGF2BP2
ERVMER61-1	CLCN5
ERVMER61-1	SLC16A9
ERVMER61-1	LINC02316
ERVMER61-1	SCNN1B
AL354771.1	SPRYD4
AL954650.1	AC010235.1
AL390957.1	COQ2
AL390957.1	AC003666.1
AL390957.1	AL583839.1
AL390957.1	AL110292.1
AL136454.1	RPL18A
RGS2	TXNRD3
RGS2	H2AFX
B3GALT2	IL6R
B3GALT2	RPRM
B3GALT2	SLC12A8
B3GALT2	ISOC1
B3GALT2	SMIM32
B3GALT2	CTGF
B3GALT2	B4GALT1
B3GALT2	TMOD1
B3GALT2	LRRC55
B3GALT2	BIRC3
B3GALT2	ADRA2A
B3GALT2	SLITRK1
B3GALT2	MYO5C
B3GALT2	CPLX3
B3GALT2	SHISAL1
LINC01031	DDR2
AL357793.1	TLR1
AL356272.1	AL357793.1
AL356272.1	EGF
AL356272.1	ARHGAP12
ZBTB41	RBM15
ZBTB41	TTLL3
ZBTB41	STARD4
ZBTB41	OGFRL1
ZBTB41	UPRT
ZBTB41	C9orf116
ZBTB41	MSANTD4
ZBTB41	PDZD7
ZBTB41	IKZF5
ZBTB41	ALG10B
ZBTB41	PCMTD2
ZBTB41	ZNF681
C1orf53	AL132639.2
C1orf53	FP236315.1
MIR181A1HG	AC114763.1
MIR181A1HG	ARSJ
LINC00862	GPR75-ASB3
LINC00862	AC017074.1
LINC00862	SPATA9
LINC00862	AC004949.1
LINC00862	ZNF680
LINC00862	FANCI
LINC00862	AC110597.1
LINC00862	ITPA
AC104461.1	ECT2L
AC104461.1	AC100771.2
AC104461.1	AC025580.2
AC104461.1	MEP1B
ZNF281	EPM2AIP1
ZNF281	POC1A
ZNF281	UCK1
ZNF281	IFIT5
ZNF281	CHFR
KIF14	LINC01098
KIF21B	SSPO
TMEM9	CSRP1
TMEM9	TMEM127
TMEM9	PPM1M
TMEM9	NUDT10
TMEM9	GAL3ST3
TMEM9	TMBIM6
TMEM9	CKAP4
TMEM9	PHETA1
TMEM9	MLST8
TMEM9	NLE1
TMEM9	BLCAP
TMEM9	PLPPR2
PKP1	PROX1
TNNT2	GMIP
CSRP1	BOK
CSRP1	PLEKHB1
CSRP1	CNP
CSRP1	MAFB
NAV1	C4orf50
NAV1	ABLIM2
NAV1	WWC1
NAV1	RIPOR2
NAV1	GPM6B
NAV1	OSBPL5
IPO9-AS1	DOCK2
IPO9-AS1	POLR1C
IPO9-AS1	AC092747.1
IPO9-AS1	CRLF3
SHISA4	RBM34
SHISA4	SNX17
SHISA4	PRAF2
SHISA4	LY6E
SHISA4	PPP1R1A
SHISA4	AC139149.1
LMOD1	MYO5B
TIMM17A	UBXN10-AS1
GPR37L1	ETNPPL
UBE2T	TRIP13
UBE2T	NPC2
UBE2T	DUT
UBE2T	AC025287.2
SYT2	SV2C
RABIF	CENPN
ADIPOR1	AC005261.3
BTG2	TIPARP
PRELP	PSD2
PPP1R15B	SKIL
PPP1R15B	FAM43A
PPP1R15B	TMEM143
PIK3C2B	TBC1D2
PIK3C2B	AL139353.1
LRRN2	ST3GAL1
LRRN2	GRIK4
LRRN2	MIR9-3HG
LRRN2	VAC14
LRRN2	AC138028.2
NFASC	KLHL29
TMEM81	LINC00637
TMCC2	NHLH2
TMCC2	FANCE
TMCC2	NRIP2
TMCC2	IGLON5
LEMD1	CREB3L4
LEMD1	F13A1
NUCKS1	AL592148.3
NUCKS1	NONO
NUCKS1	CBX1
NUCKS1	GTPBP1
RAB7B	SERPINE2
RAB7B	WNT2
RAB7B	LTK
SRGAP2	SRGAP2C
SRGAP2	SRGAP2B
SRGAP2	TRIM67
SRGAP2	SPHKAP
RASSF5	ANKRD20A3
AL596218.1	ANGPTL1
CR1L	AL023755.1
CR1L	AL357507.1
CR1L	AC015574.1
MIR29B2CHG	OTULIN
MIR29B2CHG	ZSCAN22
PLXNA2	KCND3
AL031316.1	RTN4IP1
AL031316.1	CCDC170
SERTAD4-AS1	SERTAD4
SERTAD4	KCNA1
HHAT	AC022414.1
RCOR3	ARMC8
RCOR3	BMP2K
RCOR3	DERA
RCOR3	UBAC2
RCOR3	ABCA10
RCOR3	C19orf38
RCOR3	TECR
RCOR3	FO393418.1
SLC30A1	KBTBD8
INTS7	APH1A
INTS7	AC078864.2
INTS7	KDELC1
INTS7	METTL4
AL360091.3	CENPO
FLVCR1-DT	SPATA45
RPS6KC1	ELL2
AL592402.1	AC096639.1
AL592287.1	SAMMSON
AL592287.1	CASC17
KCNK2	PRRX1
KCNK2	GNB4
KCNK2	NKAIN3
KCNK2	ABCC9
KCTD3	FBXL17
KCTD3	LINC02525
KCTD3	AL163051.1
USH2A	LINC00534
USH2A	AC084880.2
GPATCH2	FKBP7
GPATCH2	LINC02220
GPATCH2	ERICH5
GPATCH2	GPRC5B
GPATCH2	LINC00320
ZC3H11B	CWF19L2
ZC3H11B	DDX27
C1orf115	CAMKV
C1orf115	EPHB6
C1orf115	TMEM221
AIDA	DISP1
FAM177B	AC010149.1
FAM177B	GNG10
FAM177B	AP006565.1
DEGS1	RNF6
CNIH3	C1orf35
CNIH3	CTNNA2
CNIH3	LIMS1
CNIH3	HIVEP1
CNIH3	XKR4
CNIH3	MTSS1
CNIH3	ZNF438
CNIH3	FAM189A1
CNIH3	ASGR1
CNIH3	SMIM17
DNAH14	SLC26A4
DNAH14	CLEC2D
DNAH14	TC2N
DNAH14	AC020704.1
AC099066.2	LINC01568
AC099066.2	BRCA1
SRP9	MRFAP1L1
SRP9	SCOC
SRP9	MAT2B
SRP9	SBDS
SRP9	CHMP5
SRP9	EIF5AL1
SRP9	MZT1
SRP9	PNMA1
LINC01703	C14orf178
LINC01703	DHDH
STUM	CACNG4
STUM	SULF2
PSEN2	C1orf74
AL451047.1	KNG1
AL451047.1	AP000646.1
ZNF678	ZCCHC4
ARF1	SV2A
ARF1	CHPF
ARF1	WDR1
ARF1	ACTB
ARF1	CENPVL3
ARF1	PGRMC1
ARF1	RTL8A
ARF1	F8A1
ARF1	HYOU1
ARF1	PIANP
MRPL55	DFFB
MRPL55	RPAIN
GUK1	HTRA2
GUK1	C9orf16
OBSCN-AS1	OBSCN
TRIM11	KIAA1614
TRIM11	CTDSP2
TRIM17	NTRK3-AS1
HIST3H2BB	TCTE3
HIST3H2BB	AC106820.5
HIST3H2BB	AC008764.8
RNF187	NRGN
RNF187	SLC2A3
RNF187	DIRAS1
GALNT2	AC078883.1
KCNK1	TLN1
KCNK1	DUSP14
KCNK1	JPT1
SLC35F3	AL355472.3
SLC35F3	FAM135B
SLC35F3	LSS
AL355472.3	SPAG16
AL355472.3	SLC45A2
AL355472.3	AC084816.1
AL355472.3	ADAMTSL3
TARBP1	MEX3A
TARBP1	AC010904.2
TARBP1	LINC01119
TARBP1	LINC01868
TARBP1	RFX8
TARBP1	GPR39
TARBP1	EOGT
TARBP1	NECTIN3-AS1
TARBP1	ALG1L
TARBP1	LINC01182
TARBP1	PRDM5
TARBP1	PSMG3-AS1
TARBP1	INHBA-AS1
TARBP1	CYREN
TARBP1	ZNF449
TARBP1	HGSNAT
TARBP1	LACTB2
TARBP1	AP001528.2
TARBP1	LDB1
TARBP1	CYP2E1
TARBP1	AC068643.1
TARBP1	LINC00596
TARBP1	TTC8
TARBP1	GOLGA8B
TARBP1	LINC00907
TARBP1	LINC01730
TARBP1	TRAPPC5
TARBP1	PLAUR
IRF2BP2	FZD1
IRF2BP2	PKIA
IRF2BP2	AMER2
IRF2BP2	PSPN
TOMM20	ATXN7L3B
TOMM20	C16orf95
AL359921.1	PSMD6-AS1
ACTN2	ANKRD33B
ACTN2	INHBA
MTR	ALG6
MTR	KANSL3
MTR	CCDC69
MTR	COL28A1
MTR	INTS6L
RYR2	TNIK
RYR2	ADK
MTRNR2L11	RGPD4
MTRNR2L11	AC087612.1
MTRNR2L11	TBC1D3
MTRNR2L11	MTRNR2L3
AL359551.1	AL359924.1
CHRM3	LDB2
CHRM3	ASXL3
CHRM3-AS2	LY86
CHRM3-AS2	AC011824.2
FMN2	VPS13D
FMN2	CCDC88A
FMN2	GDF11
RGS7	VLDLR-AS1
RGS7	TRIM9
RGS7	NRXN3
FH	TSFM
KMO	PPEF1
KMO	PLS3
KMO	AL390778.1
KMO	AL359237.1
OPN3	SLC39A10
PLD5	BMP6
AL591885.1	FYB2
AL591885.1	DRC1
AL591885.1	CFAP65
AL591885.1	AC012507.2
AL591885.1	LINC00870
AL591885.1	LINC02043
AL591885.1	P3H2-AS1
AL591885.1	AC079340.1
AL591885.1	LINC00240
AL591885.1	AC005091.1
AL591885.1	AC005999.1
AL591885.1	AC004522.2
AL591885.1	STOM
AL591885.1	AC018716.2
AL591885.1	AP001993.1
AL591885.1	AKR1C3
AL591885.1	ABCC4
AL591885.1	DNAAF4
AL591885.1	ZNF19
AL591885.1	DNAAF1
AL591885.1	TBC1D26
AL591885.1	RSPH1
ZBTB18	BACE1-AS
ZBTB18	BTBD3
AL645465.1	AC121764.1
ADSS	RPE
ADSS	POLA1
ADSS	AL162497.1
DESI2	AL356289.1
DESI2	PDLIM7
DESI2	BX255923.2
DESI2	KLK5
KIF26B	AC137579.1
KIF26B	AL355512.1
AC118555.1	AC022395.1
AL591848.2	ZNF436-AS1
AL591848.2	KIAA1024
ZNF670-ZNF695	THSD1
NLRP3	AMY2A
NLRP3	AC134312.4
TRIM58	OR2AJ1
OR2AJ1	AL390860.1
OR2L3	OR2L8
OR2L3	OR2L5
OR2L3	OR2L2
OR2L3	OR2L13
OR2M3	OR2L5
OR2M3	OR2M2
OR2M3	OR2M4
OR2M4	OR2T6
OR2T12	AC136777.1
OR2T12	RPL18A
OR2T12	LINC00266-4P
OR2T11	OR2G6
OR2T11	OR2T10
OR14I1	AC012508.1
OR14I1	AL136964.1
LYPD8	OR14I1
LYPD8	TMCC1-AS1
SH3BP5L	SNX33
ZNF692	KLHL17
ZNF692	PASK
ZNF692	SLC26A6
ZNF692	AC007370.1
ZNF692	NXF1
ZNF692	DNASE1L2
ZNF692	AC132938.1
ZNF692	CTSA
SH3YL1	ZNF202
SH3YL1	CDC42EP5
ACP1	UNC50
ACP1	MED10
ACP1	ASAH1
ACP1	VDAC3
ACP1	RSRC2
ACP1	NRSN2-AS1
ACP1	EID2B
TMEM18	ITGB1-DT
LINC01115	AC092159.1
SNTG2	AC092159.1
SNTG2	LINC01115
SNTG2	AC116614.1
MYT1L	AC099791.2
MYT1L	AFF3
MYT1L	CFAP44
MYT1L	LINC01003
MYT1L	AC138696.1
MYT1L	YIF1A
MYT1L	KCNJ6
MYT1L-AS1	HIST3H2BB
LINC01250	LY86-AS1
LINC01250	PTPRJ
LINC01250	MOK
LINC01250	CA10
AC231981.1	OSTC
AC231981.1	AC073934.1
AC231981.1	STAM-AS1
AC231981.1	BCDIN3D
AC231981.1	FBXL22
AC231981.1	AC007613.1
AC231981.1	AC091271.1
RPS7	RPL10
ALLC	COLEC11
ALLC	DCDC2C
NRIR	AL117336.1
RSAD2	BTD
RSAD2	BTC
RSAD2	AC009403.1
RSAD2	MRVI1-AS1
RSAD2	C1RL
RNF144A	PPFIA4
LINC00299	LINC00298
LINC00299	AC011747.2
ID2	AC027808.1
ID2	LIG1
MBOAT2	CCDC28B
MBOAT2	AC105760.2
MBOAT2	BMP2K
MBOAT2	SEC24D
MBOAT2	ARHGEF28
MBOAT2	ZSCAN9
MBOAT2	AL445623.2
MBOAT2	PDE3B
MBOAT2	DRAIC
ASAP2	DIP2A
AC073195.1	AL451050.2
AC073195.1	AC233280.1
AC073195.1	AC034236.2
AC073195.1	AC093249.6
AC073195.1	AC116407.2
AC073195.1	AL121832.2
YWHAQ	ZC3H15
HPCAL1	KCNK3
HPCAL1	SERPINE2
ODC1	LGI2
LINC01954	AC092687.1
KCNF1	AC012603.1
KCNF1	CCND1
KCNF1	SCN3B
KCNF1	NXPH3
AC062028.1	C2orf50
AC099344.1	PTAFR
AC099344.1	AC091939.1
MIR3681HG	PKHD1
TRIB2	PDGFRL
TRIB2	ZNF641
LINC00276	MUC19
FAM84A	KDF1
FAM84A	GPR88
FAM84A	STEAP2
FAM84A	LINC00865
FAM84A	FGFR1OP2
FAM84A	TESPA1
FAM84A	EMILIN3
FAM84A	KCNS1
AC068286.1	TLE1
NBAS	CDK5RAP2
NBAS	PRMT3
FAM49A	NUAK1
RDH14	RCN2
LINC01376	AL031316.1
LINC01376	RFT1
LINC01376	LINC02016
LINC01376	ERICH6-AS1
LINC01376	LEKR1
LINC01376	AC053527.1
LINC01376	AC098582.1
LINC01376	LINC02427
LINC01376	AL132996.1
LINC01376	LINC00271
LINC01376	LINC01607
LINC01376	AP002347.1
LINC01376	C12orf60
LINC01376	CRYL1
LINC01376	AC010636.2
LAPTM4A	TMEM99
HS1BP3	FAM78B
HS1BP3	AL117348.2
HS1BP3	LINC01800
HS1BP3	NNMT
HS1BP3	AL451069.2
HS1BP3	AC004076.2
AC018467.1	LINC01830
AC018467.1	TESMIN
KLHL29	LRRN2
KLHL29	SH2B3
KLHL29	TRAF3
MFSD2B	AL033529.1
MFSD2B	ABCC2
MFSD2B	BAZ1A
MFSD2B	PLA2G10
SF3B6	UBE2T
SF3B6	C3orf14
SF3B6	RNF113A
SF3B6	LDB1
SF3B6	CRACR2A
SF3B6	TMCO3
SF3B6	SDR39U1
SF3B6	PCNA
SF3B6	PTPN1
PFN4	AC004596.1
AC008073.3	AC009228.1
AC008073.3	AC138512.1
DNAJC27-AS1	AC008074.1
DNAJC27-AS1	AC079305.3
DNAJC27-AS1	SEC24B-AS1
DNAJC27-AS1	DMGDH
DNAJC27-AS1	AP002495.2
EFR3B	SPON2
EFR3B	CENPW
EFR3B	CHEK1
DNMT3A	TET3
DNMT3A	GNA12
DNMT3A	MICAL3
DNMT3A	SEC14L2
DNMT3A	OSBP2
AC012074.1	LINC02362
AC012074.1	AC092329.3
ADGRF3	AL137856.1
ADGRF3	AC018797.2
ADGRF3	AC035140.1
ADGRF3	INTS6-AS1
ADGRF3	SRP14-AS1
ADGRF3	PARD6G-AS1
ADGRF3	AL121672.2
DRC1	FHAD1
DRC1	SLC41A1
DRC1	BCL6
DRC1	MXD4
DRC1	NRK
DRC1	LPCAT3
DRC1	AC124947.1
AC013472.2	AL117381.1
AC013472.2	PLCG1-AS1
MAPRE3	MAZ
AGBL5	PIGC
AGBL5	TUBA3D
AGBL5	CYSTM1
AGBL5	POMZP3
AGBL5	AL365273.2
AGBL5	GSG1
OST4	NOP10
PREB	APBB3
PREB	PIM2
SLC30A3	PDE1B
DNAJC5G	TCF7L1
DNAJC5G	LINC01106
DNAJC5G	INPP5D
DNAJC5G	LRRIQ4
DNAJC5G	TEAD4
TRIM54	F11R
TRIM54	DNAJC5G
TRIM54	NCAN
UCN	AC022296.3
UCN	MICALL2
UCN	LAT
SNX17	AP2M1
SNX17	ATP6V0D1
SNX17	SLC25A11
SNX17	GPX4
SNX17	DOHH
FNDC4	C3orf18
FNDC4	SPEF1
GCKR	ZSCAN16
C2orf16	GCKR
C2orf16	AADACL2-AS1
RBKS	SLITRK3
RBKS	SLITRK5
BABAM2	FGGY
BABAM2	ZBTB7B
BABAM2	AC016907.2
BABAM2	ZRANB3
BABAM2	CD200R1
BABAM2	SIDT1
BABAM2	TAPT1-AS1
BABAM2	ATP6AP1L
BABAM2	ORC3
BABAM2	ARMC2
BABAM2	PIR
BABAM2	CASC2
BABAM2	BORCS5
FOSL2	RELT
PPP1CB	SPATA6L
SPDYA	FAM19A4
AC016907.2	AC107067.1
AC016907.2	AC078881.1
AC016907.2	RTRAF
AC016907.2	PLA2G4C
AC016907.2	ZNF460-AS1
YPEL5	HENMT1
YPEL5	MSL3
LBH	DUSP5
LBH	MAFF
GALNT14	SRGAP2
GALNT14	MRAP2
EHD3	CACNB1
MEMO1	AL080317.1
MEMO1	AL078612.1
NLRC4	C1QTNF7
LINC00486	KCNS3
LINC00486	USP39
LINC00486	EDAR
LINC00486	IGFBP7-AS1
LINC00486	HAND2-AS1
LINC00486	TRIML2
LINC00486	AC062004.1
LINC00486	IL2RA
LINC00486	AL359094.1
LINC00486	AL161757.4
LINC00486	RPS17
LINC00486	NPIPA3
LINC00486	AC012322.1
LINC00486	AC012313.1
LINC00486	CLIC6
RASGRP3	LAIR1
FAM98A	SFI1
AC068599.1	LINC01317
AC068599.1	LINC01320
AC012593.1	LINC01320
AC009414.2	GGCT
CEBPZ	REXO4
CEBPZ	EIF2S2
PRKD3	MASP2
PRKD3	ZFP69
PRKD3	PCDH9-AS3
PRKD3	AC090510.1
PRKD3	MPRIP-AS1
RMDN2-AS1	EYA4
CYP1B1	MAPKAPK2
CYP1B1	CARTPT
CYP1B1	ADGRF5
CYP1B1	TAF7L
CYP1B1	MSC-AS1
CYP1B1-AS1	RMDN2-AS1
CYP1B1-AS1	CERKL
CYP1B1-AS1	TEK
AC011247.1	YBX1
SRSF7	LINC02241
SRSF7	AC004839.1
SRSF7	SRSF5
SLC8A1-AS1	ZNF385D-AS2
SLC8A1-AS1	AC244517.11
SLC8A1-AS1	ITGBL1
SLC8A1-AS1	AL133453.1
SLC8A1	RBMS1
AC083949.1	HMCN1
AC083949.1	TERB1
KCNG3	TRIM71
MTA3	ZNF330
MTA3	U91328.1
MTA3	MMD2
MTA3	LINC00937
MTA3	Z82190.2
HAAO	MYO1F
ZFP36L2	KIT
ZFP36L2	PREX2
DYNC2LI1	CYP4X1
DYNC2LI1	PQLC3
DYNC2LI1	PLK4
DYNC2LI1	PIP5K1C
ABCG5	CC2D2B
ABCG8	AP001033.1
SLC3A1	AC012464.1
PREPL	AL592166.1
PREPL	AC090559.1
SRBD1	TPRKB
SRBD1	AKAP7
SRBD1	AL596202.1
SRBD1	PHKB
AC018682.1	TMCO4
AC018682.1	PEX11B
AC018682.1	TMPRSS11F
AC018682.1	AC090193.1
AC018682.1	AL356489.2
AC018682.1	PLEKHS1
AC018682.1	FOXM1
LINC01119	AC009228.1
CALM2	HIST1H4C
CALM2	CHURC1
AC092650.1	ENAM
AC092650.1	LINC01194
AC092650.1	AL451048.1
AC092650.1	PRRX2
AC092650.1	COLEC12
FOXN2	AC112229.3
AC093635.1	AC097532.2
AC093635.1	AL451165.2
AC093635.1	AC073934.1
AC093635.1	AL627171.1
STON1-GTF2A1L	AC009975.1
NRXN1	CNTN4
NRXN1	TBC1D5
NRXN1	NLGN1
NRXN1	ADGRB3
NRXN1	LMO2
NRXN1	SOX5
NRXN1	FAM155A
NRXN1	RFX7
GPR75-ASB3	AL034417.3
GPR75-ASB3	TPRKB
GPR75-ASB3	PPEF2
GPR75-ASB3	DAP
GPR75-ASB3	BET1
ERLEC1	ARMC10
ERLEC1	ANKS6
PSME4	ZNF845
C2orf73	CCDC148
AC092839.1	APOBEC4
AC092839.1	SPINK8
AC092839.1	IL18
AC093110.1	ZRANB2-AS1
AC093110.1	CTBP1-AS
AC093110.1	AC034102.4
AC093110.1	AL512791.1
AC093110.1	AC005837.2
EML6	LIN28B
EML6	DENND1A
EML6	HSD17B12
EML6	POC1B
RPS27A	MECOM
RPS27A	RPL10A
RPS27A	RPS12
RPS27A	BAIAP2L1
RPS27A	APOO
RPS27A	RPL12
AC012358.3	AC010226.1
CFAP36	TXNIP
CFAP36	BCO2
CCDC85A	RSAD2
LINC01122	VWDE
LINC01122	EFHC2
LINC01793	LINC01551
LINC01185	PLPP3
LINC01185	AC074351.1
PUS10	OLFM3
AC018462.1	AL139294.1
AC018462.1	GNG12-AS1
AC018462.1	AC068533.3
AC018462.1	AC090589.2
AC018462.1	AP001767.3
AC018462.1	AP003170.3
AC018462.1	AC009690.2
AC018462.1	AC010531.3
AC018462.1	AC024619.3
AC018462.1	RNFT1-DT
TMEM17	B3GALNT1
WDPCP	AC099542.1
WDPCP	TPK1
WDPCP	AC245187.2
WDPCP	ARL6IP4
WDPCP	LINC00430
WDPCP	ARFGEF2
LGALSL	LAMTOR3
LGALSL	GPR12
LINC01800	AC133065.1
LINC02576	AC008892.1
SPRED2	NEDD9
SPRED2	LINC00473
SPRED2	MSANTD3-TMEFF1
SPRED2	ZNF215
SPRED2	FRMD6
SPRED2	SPRED1
SPRED2	AC090617.5
AC007389.3	AC012370.2
AC007389.3	AL355838.1
AC007389.3	NFATC2
AC007389.3	IL12RB1
LINC01798	TMEM51-AS1
LINC01798	GCSAML
LINC01798	AC092957.1
LINC01798	IGF2BP2
LINC01798	Z96074.1
LINC01798	AC104389.4
AC017083.3	AL355312.2
AC017083.1	AC069224.1
ANTXR1	ANAPC10
ANTXR1	AC016598.1
ANTXR1	PATE2
ANXA4	AL390763.2
ANXA4	TTC39C
PCBP1	HNRNPAB
PCBP1	PSMD10
PCBP1	SDCBP
PCBP1	ZFAND5
PCBP1	HNRNPK
PCBP1	IFIT5
PCBP1	UFM1
PCBP1	MORF4L1
PCBP1	AC008741.2
PCBP1	PPP1R9B
PCBP1	PRELID3B
PCBP1	CEBPG
PCBP1	CLIP3
PCYOX1	MAP9
PCYOX1	CMBL
PCYOX1	PURA
PCYOX1	USP27X
PCYOX1	AC120036.4
PCYOX1	ING1
PCYOX1	PNMA8A
ANKRD53	AC004828.1
ANKRD53	AL035681.1
PAIP2B	CFAP73
ZNF638	PTPN4
ZNF638	BAZ2B
ZNF638	MAIP1
ZNF638	XRN1
ZNF638	CEP44
ZNF638	ADGRV1
ZNF638	SOX30
ZNF638	NYAP1
ZNF638	CNKSR2
ZNF638	RBM12B
ZNF638	NDUFAF6
ZNF638	UBR5
ZNF638	AL445623.2
ZNF638	SMC5
ZNF638	ZNF782
ZNF638	LINC01505
ZNF638	USP47
ZNF638	ZC3H12C
ZNF638	SMUG1
ZNF638	RAB3IP
ZNF638	SCARF1
ZNF638	NRIP1
DYSF	AC244453.3
DYSF	ANXA4
DYSF	TOX2
EMX1	NGEF
SFXN5	FGD6
SFXN5	ST8SIA5
CCT7	PARK7
CCT7	METTL13
CCT7	TKT
CCT7	PRELID1
CCT7	MRPS18B
CCT7	CKB
CCT7	MRM3
CCT7	SUPT4H1
EGR4	EGR2
EGR4	DUSP5
EGR4	JUNB
ALMS1	SUPT3H
BOLA3	AL022328.4
DCTN1	ZBTB11-AS1
DCTN1	SAP30
DCTN1	PCDHB3
DCTN1	AL512625.2
DCTN1	RRP8
DCTN1	CHD4
DCTN1	SRSF1
WDR54	LINC02256
CCDC142	DPP9
PCGF1	AC112484.3
PCGF1	HSPA1B
AUP1	WDR45
AUP1	GAS1
AUP1	AAAS
AUP1	DTX3
AUP1	RPUSD1
AUP1	ACADVL
AUP1	SLC25A39
AUP1	RPRD1B
HTRA2	AL133352.1
HTRA2	AC004846.2
HTRA2	GAS2L1
POLE4	FP475955.1
AC007099.1	NPIPB4
AC007099.1	NPIPB12
LRRTM4	AC137770.1
LRRTM4	BICC1
CTNNA2	TEX41
CTNNA2	ERC2
AC016716.2	AC245033.2
AC016716.2	AC243571.2
LRRTM1	PATJ
DNAH6	LINC01902
TMSB10	COPS9
TMSB10	APOD
TMSB10	MYO18A
TMSB10	AC016590.1
TGOLN2	PEG10
TGOLN2	PGM2L1
TGOLN2	APLP2
GGCX	AC113137.1
RNF181	RPL26L1
RNF181	TINCR
USP39	AC017083.3
USP39	TBR1
USP39	RGS7BP
USP39	UPF3B
USP39	EMG1-1
USP39	AC006511.4
USP39	TPTE2
USP39	TLE6
USP39	ZNF730
USP39	YBEY
ATOH8	DOCK10
REEP1	PTGFRN
CHMP3	MRPS10
AC015971.1	NLRC4
AC015971.1	AC006064.2
AC015971.1	EPB41L1
RMND5A	DRC7
RGPD1	RGPD2
SMYD1	OLFML2B
SMYD1	TRPC7-AS1
SMYD1	LAYN
SMYD1	POSTN
ANKRD20A8P	ANKRD20A2
ANKRD20A8P	ANKRD20A1
MAL	FAM107B
MAL	PLLP
MAL	TTYH2
KCNIP3	AC073578.2
ANKRD36C	ANKRD36
DUSP2	BTG2
DUSP2	DEGS1
DUSP2	ODC1
DUSP2	FJX1
DUSP2	SLN
DUSP2	WSB2
DUSP2	AC006449.5
TMEM127	DYRK1B
CIAO1	RPS3A
CIAO1	FOXRED1
CIAO1	GOLGA6L9
CIAO1	MRPS11
CIAO1	MCOLN1
CIAO1	AC000035.1
NEURL3	SYT12
ANKRD23	AC007220.1
SEMA4C	WDR53
SEMA4C	BBC3
AC159540.2	ANKRD36B
AC092683.1	AC022893.1
AC092683.1	AC007376.2
COX5B	UQCR10
TMEM131	SKP2
TMEM131	MED7
TMEM131	RARS2
TMEM131	ZNF407
TMEM131	ZNF337
TMEM131	DYRK1A
COA5	TMEM167A
COA5	LINC00847
UNC50	SLC16A1-AS1
UNC50	AC109347.1
KIAA1211L	NIPAL2
KIAA1211L	IL10RA
AC079447.1	AL139260.1
AC079447.1	AC130324.2
AC079447.1	SLC16A8
LYG2	AC124016.1
LYG1	SLC16A4
LYG1	CFAP157
LYG1	EFCAB13
LYG1	CARD14
EIF5B	ADAMTS13
EIF5B	NDRG2
AFF3	MLLT3
AFF3	SYN3
NPAS2	TPH2
RPL31	MT1E
TBC1D8	PFKFB4
TBC1D8	DENND2A
RFX8	RAB17
RFX8	AC114811.2
RFX8	MAML3
RFX8	CD109
RFX8	COL12A1
RFX8	PALM2-AKAP2
RFX8	SUSD1
RFX8	AMPD3
RFX8	LRRC27
RFX8	CIDEA
MFSD9	ZNF620
LINC01796	AC093801.1
LINC01796	TENT5D
LINC01796	AC124657.1
LINC01796	LMNTD1
LINC01796	AC068473.4
LINC01103	TMEM178A
LINC01103	AC016924.1
C2orf49	ZNF92
NCK2	SNX18
ST6GAL2	TRIM54
ST6GAL2	PHLDB2
ST6GAL2	PLEKHG1
GCC2-AS1	ARMC4
LIMS1	MBOAT2
LIMS1	TEX41
LIMS1	ALPK1
LIMS1	ABLIM3
EDAR	CHI3L2
SH3RF3	CACNB4
SH3RF3	PID1
SH3RF3	JAKMIP1
SH3RF3	RAPGEF1
SH3RF3	FARP1
SH3RF3	SUSD6
SH3RF3	AC016292.1
SH3RF3	CRYBB3
SH3RF3	LARGE1
SEPT10	PTN
RGPD5	AL672277.1
RGPD5	HINT2
RGPD5	FECH
LINC01123	DLL4
NPHP1	INTU
NPHP1	AC019117.3
SMIM37	TRMT10A
SMIM37	WFDC2
LINC01106	LINC01123
LINC01106	AC092368.3
LINC01106	ELMO2
ACOXL	RASGRP3
ACOXL	MORC1
MIR4435-2HG	CYTOR
AC017002.5	REN
AC017002.5	LIPH
AC017002.5	LINC01146
ZC3H6	CTBS
ZC3H6	AGL
ZC3H6	AIDA
ZC3H6	AC106820.2
ZC3H6	AC011491.3
ZC3H6	RASIP1
AC079922.2	AC087239.1
AC016745.2	CBWD5
AC016745.2	CBWD3
AC104653.1	AC093639.1
DPP10	IL12RB2
DPP10	ROBO2
DPP10	RXFP1
DPP10	ZNF804B
DPP10	DMD
DPP10	PCDH11X
DPP10	ANKRD18A
DPP10	PLA2G16
DPP10	AC008127.1
DPP10-AS3	AC113386.1
DPP10-AS3	LINC02253
DPP10-AS3	PKN1
DDX18	ST3GAL6-AS1
DDX18	SON
AC009303.2	ZNF684
C1QL2	ITPRIPL1
C1QL2	ACVR1C
C1QL2	GPR83
C1QL2	TNFRSF1A
C1QL2	ADAM33
DBI	B2M
DBI	MYL12A
DBI	GADD45GIP1
CFAP221	HIST2H2BF
CFAP221	PTH2R
CFAP221	AC073365.1
CFAP221	NLN
CFAP221	MCHR2
CFAP221	RSPH3
CFAP221	SYTL2
CFAP221	LRRC9
CFAP221	LRRK1
PTPN4	ADAM22
EPB41L5	ADGRG1
GLI2	PIK3R6
GLI2	ACER1
AC079154.1	AC005498.3
CNTNAP5	PRELID2
BIN1	ATXN7L2
BIN1	TMC8
IWS1	NOL6
IWS1	ZNF347
IWS1	ZNF525
AC010976.1	AL451062.1
AC010976.1	AC073842.2
AC010976.1	SLC13A4
AC010976.1	EPN2-AS1
AC010976.1	AC091132.2
LIMS2	LDB3
HS6ST1	ZNF787
MZT2B	MRPL27
CCDC115	AL359715.3
CCDC115	C17orf58
IMP4	KCTD2
ARHGEF4	SEMA6C
ARHGEF4	INPPL1
CCDC74A	CCDC74B
AJ239322.1	LINC01945
AC097532.2	LINC01597
TMEM163	ANKRD29
MAP3K19	TMIGD3
MAP3K19	AL591518.1
MAP3K19	ADGB
MAP3K19	TBPL2
ZRANB3	AC019330.1
ZRANB3	NEK10
ZRANB3	SMIM3
ZRANB3	GPR146
ZRANB3	VEZF1
ZRANB3	SSTR2
R3HDM1	AL591686.2
R3HDM1	AC069133.1
MCM6	ECT2
MCM6	HTT-AS
MCM6	AC103681.2
THSD7B	IRAK2
THSD7B	VCAN
THSD7B	FIBCD1
THSD7B	PIEZO2
THSD7B	AL121761.1
NXPH2	FAM89A
NXPH2	KCNIP1
LRP1B	TMEFF2
LRP1B	ROBO2
LRP1B	GBE1
LRP1B	AC107072.1
LRP1B	DKK2
LRP1B	AC090568.2
LRP1B	KLHL1
ARHGAP15	LINC00887
AC079793.1	LINC02068
AC079793.1	AP000146.1
AC092652.2	DYRK3
AC092652.2	AC096558.2
AC092652.2	AC092652.1
AC092652.2	TFPI
AC092652.2	AL358335.2
GTDC1	ULK4
GTDC1	UGGT2
GTDC1	AC004817.4
ZEB2	BEST4
ZEB2	PTCHD1
ZEB2	CELF2
AC009951.2	ANKRD18A
ZEB2-AS1	AL137786.1
TEX41	LINC01903
EPC2	LAMTOR2
EPC2	SOCS5
EPC2	HCN1
EPC2	ICK
EPC2	AC091729.3
EPC2	SP4
EPC2	MXRA5
EPC2	AVEN
EPC2	COX10
EPC2	AC127024.5
EPC2	FAAP24
EPC2	ZNF154
MMADHC	PRPF40B
ARL5A	TBC1D8-AS1
ARL5A	FGF22
CACNB4	WLS
CACNB4	TRMT9B
CACNB4	AC079296.1
CACNB4	HELB
CACNB4	SAMD4A
CACNB4	GABRG3
FMNL2	CAVIN4
RPRM	CBLN1
GALNT13	NKD2
KCNJ3	DNM3
KCNJ3	AL591848.2
KCNJ3	MIER3
KCNJ3	CLVS2
KCNJ3	FADS3
KCNJ3	ABCD2
ERMN	CSRP1
ERMN	OLIG2
ACVR1C	RAMP1
ACVR1C	TPD52L1
ACVR1C	DMRT3
UPP2	LINC01358
UPP2	AL160290.2
PKP4-AS1	AP002075.1
PKP4-AS1	FAM53B-AS1
BAZ2B	ZNF804A
BAZ2B	TMEM134
BAZ2B	NMRAL1
BAZ2B	MPO
RBMS1	TDRD9
TBR1	GDF7
TBR1	SLC25A27
TBR1	GLUD2
TBR1	SUV39H2
TBR1	SACS
TBR1	NME1-NME2
FAP	HTR1F
FAP	PRLR
FAP	SMOX
GCA	C14orf28
KCNH7	NEGR1
KCNH7	SCN3A
KCNH7	CDH20
AC011900.1	AL138831.1
AC016766.1	PARD3B
AC016766.1	PDCL2
AC016766.1	SRL
AC016766.1	EIF3C
COBLL1	NOTCH2
COBLL1	VIPR2
SCN3A	AC098650.1
SCN3A	AL354733.2
SCN1A	AC010127.1
SCN9A	NABP1
XIRP2	CNR2
XIRP2	KIF14
XIRP2	EDARADD
XIRP2	IL20RB-AS1
XIRP2	LINC02365
XIRP2	AL356277.3
XIRP2	AC093655.1
XIRP2	SLC7A7
XIRP2	CORO7
XIRP2	ADORA2B
XIRP2	B4GALNT2
STK39	ERC2
SSB	MRPS14
SSB	HIST3H2A
SSB	BRIX1
SSB	PBDC1
SSB	CWC15
SSB	GTF2A2
MYO3B	SLC2A5
MYO3B	LRRC38
MYO3B	AC246680.1
MYO3B	CR1
MYO3B	AC092650.1
MYO3B	AC093459.1
MYO3B	TGFBR2
MYO3B	AC117473.1
MYO3B	KLHL6
MYO3B	LINC01258
MYO3B	AL138720.1
MYO3B	ABCA13
MYO3B	SEPT14
MYO3B	AL683807.1
MYO3B	GPC3
MYO3B	AC068992.1
MYO3B	NUGGC
MYO3B	AC034114.2
MYO3B	AL162414.1
MYO3B	MMP20
MYO3B	ADAMTS20
MYO3B	VDR
MYO3B	PLUT
MYO3B	TRPM1
MYO3B	DNAH3
MYO3B	EIF3CL
MYO3B	DPEP1
MYO3B	LAMA1
MYO3B	LINC01900
MYO3B	PSMA8
MYO3B	CATSPERD
MYO3B	PLVAP
MYO3B	LGALS4
MYO3B	SULT2A1
MYO3B	MYO18B
GAD1	TAC1
GAD1	GAD2
AC104088.1	SERF1A
AC010894.3	CALM2
AC010894.3	PNRC1
AC010894.3	THSD4-AS1
WIPF1	MOBP
WIPF1	MAP3K8
WIPF1	TSPAN15
WIPF1	PRR5
CHN1	LINC01827
CHN1	PNMA6F
CHN1	BCL3
AC017048.3	LINC01116
LINC01117	LINC01116
HNRNPA3	DR1
HNRNPA3	EPM2AIP1
HNRNPA3	KLF9
HNRNPA3	CBX5
RBM45	CCDC7
RBM45	TRIB3
AC009948.1	AC245884.10
PJVK	FNDC10
PJVK	DSN1
ZNF385B	CTNNA2
ZNF385B	MYRIP
ZNF385B	ANAPC10
ZNF385B	C1QTNF3-AMACR
ZNF385B	BBS9
ZNF385B	CNTRL
ZNF385B	PAX2
ZNF385B	CAPS2
CERKL	SPESP1
CERKL	CSPG4
CERKL	CACNA1H
PDE1A	ITM2C
PDE1A	AC090568.2
DUSP19	SMIM2-AS1
DUSP19	AC005786.3
ZNF804A	AL359921.1
ZNF804A	AL451064.1
ZNF804A	QKI
AC017101.1	PTS
LINC01090	AC009975.2
LINC01090	SCARA3
LINC01090	MS4A8
ASNSD1	GPN3
ORMDL1	HMGN3-AS1
ORMDL1	FIGNL1
C2orf88	AC079594.2
C2orf88	NKAPL
C2orf88	LAMB4
C2orf88	AP000787.1
HIBCH	SMAD1
HIBCH	AC105285.1
HIBCH	ZSCAN31
HIBCH	ACTR3C
HIBCH	MTRF1
HIBCH	ZNF446
AC108047.1	AL157400.3
AC108047.1	DDX11-AS1
AC108047.1	AC005224.1
STAT4	CYP4A22-AS1
STAT4	PLA2G4A
STAT4	ZBBX
STAT4	SOX4
STAT4	CFAP69
STAT4	EPS8L2
STAT4	TSPAN4
STAT4	DAGLA
MYO1B	ADRA1A
MYO1B	RUBCNL
MYO1B	AC025887.2
AC098617.1	TMPRSS11D
AC098617.1	TRIM61
AC098617.1	AC010307.2
TMEFF2	ABO
LINC01821	ANKRD55
AC010983.1	AC064834.1
AC064834.1	LINC01827
SLC39A10	GCNT4
DNAH7	COL24A1
DNAH7	STYK1
COQ10B	KIAA1143
HSPD1	TARS
HSPD1	ZFAND2A
HSPD1	DNAJA1
MOB4	DCK
MOB4	HMGB2
MOB4	EIF1AX
MOB4	HTATSF1
MOB4	MGAT2
RFTN2	NOTCH1
AC011997.1	AP005230.1
PLCL1	ATP10D
PLCL1	PHACTR2
PLCL1	FDXR
LINC01923	LINC01695
SATB2	ATRNL1
FTCDNL1	LDAH
FTCDNL1	FGF13-AS1
C2orf69	KCNQ4
C2orf69	TFAM
C2orf69	AC034102.6
MAIP1	LEPR
MAIP1	CORIN
MAIP1	LINC02224
MAIP1	LVRN
MAIP1	BAALC-AS1
MAIP1	ARHGAP19-SLIT1
MAIP1	LINC00640
BZW1	CNP
PPIL3	SNRPA1
PPIL3	MIF4GD
AC005037.1	C9orf41-AS1
AC005037.1	C11orf65
AC005037.1	SIN3B
AC005037.1	ZNF790
NDUFB3	RPA3
STRADB	FASTKD2
STRADB	COX18
STRADB	AC004982.2
STRADB	DRP2
C2CD6	AL049870.2
ALS2	AL033527.5
ALS2	SLC30A3
ALS2	LINC00882
ALS2	LGR4
CDK15	LINC01231
SUMO1	RIPPLY2
FAM117B	AC104662.2
FAM117B	ZC4H2
FAM117B	LINC00476
FAM117B	LRRC37B
AC007679.1	AL358154.1
AC007679.1	AC243585.2
INO80D	SLC30A10
EEF1B2	SLC1A6
ADAM23	GK
FASTKD2	GOPC
AC008269.1	CPO
AC008269.1	LINC00871
KLF7	CFAP36
AC009226.1	C2orf16
METTL21A	CYP39A1
CCNYL1	ABHD14A-ACY1
CCNYL1	UROC1
CCNYL1	CLGN
CCNYL1	AC024909.1
CCNYL1	DHRS4L2
CCNYL1	DHRS13
C2orf80	OTUB2
PTH2R	CMYA5
PTH2R	CCDC102B
RPE	AKNAD1
RPE	OTULINL
RPE	ZXDA
RPE	AL157392.5
RPE	SETD3
RPE	EFCAB3
RPE	SCAMP4
RPE	SELENOO
RPE	NRIP1
KANSL1L	OLMALINC
CPS1	AC113383.1
IKZF2	SSBP2
SPAG16	EPB41
SPAG16	LRRC17
SPAG16	ABCA1
AC068051.1	AC093535.1
AC068051.1	AC090531.1
AC068051.1	AC012174.1
VWC2L	RORB
VWC2L	TMTC2
VWC2L	TSHZ2
AC072062.1	AC016708.1
AC072062.1	ABCA12
PECR	PANK4
LINC01963	RAD50
LINC01963	RIOX1
LINC01963	ZDHHC22
LINC01963	AP3S2
LINC01963	SNX11
LINC01963	TMEM121B
LINC01963	FOXRED2
MARCH4	AL591806.3
MARCH4	IL1RL2
SMARCAL1	AC009061.2
AC007563.2	DIRC3-AS1
DIRC3	LINC01771
DIRC3	AC004540.1
DIRC3	FRMD4A
AAMP	SLC39A7
AAMP	SUPT4H1
CATIP-AS2	PLG
CATIP-AS2	AC004692.2
CATIP-AS2	AC002563.1
CATIP-AS2	AC005828.3
CTDSP1	KHNYN
STK36	UCN
WNT10A	GSTT2B
LINC01494	AC069503.1
CDK5R2	YWHAZ
RETREG2	ATP1A1
RETREG2	HMGA1
ZFAND2B	ABCF3
ZFAND2B	RHOT2
ZFAND2B	CDK5RAP3
GLB1L	IDNK
STK16	PEX11B
STK16	SLC25A44
STK16	CCNQ
TUBA4A	TUBA1A
DNAJB2	ASPRV1
DNAJB2	BIN1
DNAJB2	ZNF484
DNAJB2	AC025253.1
DNAJB2	MPST
PTPRN	MAP2K2
CHPF	SLC10A3
TMEM198	DAPK3
INHA	SP140
INHA	OR1L8
INHA	RABEPK
INHA	NT5M
INHA	ANKFN1
AC067956.1	AC019211.1
MOGAT1	WDR63
MOGAT1	LURAP1L
SCG2	EPB41
SCG2	CHST2
SCG2	NEUROD6
SCG2	NOV
SCG2	FRMPD2
MRPL44	DNAJB6
MRPL44	SNX12
MRPL44	DKK3
SERPINE2	VLDLR
DOCK10	DISC1
DOCK10	SH3BP4
DOCK10	CHST3
AC010735.2	ZBTB40
AC010735.2	Z84492.1
AC010735.2	AC011466.1
AC010735.2	AP000345.2
COL4A3	COL4A4
PID1	SEMA5A
PID1	AL391117.1
PID1	AP000943.3
AC009950.1	GATA2-AS1
AC009950.1	AC007221.2
SP140	AL390957.1
SP140	LINC01800
SP140	AC009950.1
SP140	SP140L
SP140	AC110751.1
SP140	CR769775.2
SP140	AL356258.1
SP140	AC008758.5
SP140	ZNF534
SP140L	AL390957.1
SP140L	LINC02540
SP140L	AL118523.1
AC010149.1	STRADA
ITM2C	AJ239322.1
ITM2C	FO393415.1
ITM2C	NEFL
ITM2C	TLL2
ITM2C	PPM1D
C2orf72	AC140847.2
PTMA	MMADHC
PTMA	CHCHD6
PTMA	NSA2
PTMA	AL357054.2
PTMA	SRSF3
PTMA	PENK
PTMA	AC006063.2
PTMA	GPS2
PTMA	MRM1
PTMA	DZANK1
PTMA	UBA52
AC019130.1	DNAJC9-AS1
AC019130.1	KCNIP2-AS1
AC019130.1	AC026369.3
AC019130.1	AL157912.1
AC019130.1	AL117209.1
KCNJ13	AP003096.1
DGKD	PADI4
ARL4C	CAMK2N2
AGAP1	MED27
AGAP1	PNPLA7
AGAP1	KSR2
IQCA1	TXLNB
IQCA1	PPP1R42
IQCA1	ANKRD18B
AC105760.2	AC105760.1
COPS8	MRPL9
COPS8	PDZD11
COPS8	VBP1
LRRFIP1	NPAS2
LRRFIP1	SLC7A3
PER2	PGAP1
PER2	DUSP4
PER2	MIDN
HDAC4	NFASC
HDAC4	EMCN
HDAC4	RPS6KA2
HDAC4	AC093627.3
HDAC4	PRKAG2
HDAC4	DSCAML1
HDAC4	PTPRE
HDAC4	MSI2
GPC1	AC013472.3
GPC1	RNPEPL1
GPC1	H1FX-AS1
GPC1	ZNF316
GPC1	CPSF4
GPC1	LRCH4
GPC1	HGH1
GPC1	AC124798.1
GPC1	SUV39H2
GPC1	AC025165.4
GPC1	RHOT2
GPC1	AMDHD2
GPC1	FAAP100
GPC1	PRR22
GPC1	LMF2
GPC1	ARSA
ANKMY1	FAM76A
ANKMY1	TARBP1
RNPEPL1	STK36
RNPEPL1	ZNF205
CAPN10-DT	SF3A2
KIF1A	PTPRN
SNED1	SYTL3
AC005237.1	AC108058.1
AC005237.1	AC026894.1
PASK	ITGA7
BOK-AS1	BOK
AC133528.1	AC104463.2
AC133528.1	ATP6V1E2
AC133528.1	AC010132.3
AC133528.1	SAP25
AC133528.1	AC131009.2
AC133528.1	HOMEZ
AC133528.1	CLDN9
AC133528.1	GDPD3
CNTN6	LINC02505
CNTN6	PTGS1
CNTN6	LINC02346
TRNT1	HMGN1
LRRN1	GALNT3
BHLHE40	RAD51B
AC026202.2	ARHGAP26-AS1
AC026202.2	AL365356.1
AC026202.2	AC135050.4
AC026202.2	AP005059.1
AC026202.2	AC016866.2
EDEM1	SFT2D3
AC026167.1	AC087857.1
GRM7	AL589740.1
GRM7	FAM19A2
CAV3	IGSF10
CAV3	ADAM28
RAD18	SLC15A2
RAD18	VRK1
SRGAP3	ERGIC1
THUMPD3-AS1	C4orf47
THUMPD3-AS1	AL121944.1
THUMPD3-AS1	AC139100.1
OGG1	AL356481.1
CAMK1	AL021368.1
JAGN1	MRM2
JAGN1	C14orf119
JAGN1	MRPS7
PRRT3	GAS2L1
BRK1	PRKAG2-AS1
BRK1	NECAP1
BRK1	TRIAP1
BRK1	DYNLL1
BRK1	TIMM13
AC022384.1	GHRLOS
HRH1	ETAA1
HRH1	TWIST2
HRH1	ADRA1B
HRH1	PPP1R14C
HRH1	TOR1B
HRH1	UNC5B
HRH1	RASAL1
HRH1	AL160191.1
HRH1	AC092384.1
HRH1	LINC01664
ATG7	CDCA3
PPARG	LINC01865
MKRN2OS	AL139300.2
RPL32	RPS27A
RPL32	MECOM
RPL32	RPL35A
RPL32	TOMM7
RPL32	RPL7
RPL32	RPS6
RPL32	PFDN5
NUP210	ANKHD1-EIF4EBP3
FBLN2	AC083949.1
FBLN2	LINC02405
LINC00620	SF3B2
WNT7A	INTS6L
CHCHD4	PHF23
TMEM43	AL137003.2
TMEM43	NEURL2
XPC	AC064807.1
XPC	ANKRD20A4
LSM3	SNRPE
LSM3	SNRPD1
SH3BP5-AS1	RNASEL
METTL6	TYSND1
METTL6	AC026471.4
BTD	FANCB
BTD	LCN15
RFTN1	AL359649.1
RFTN1	SLC24A4
TBC1D5	ST7L
TBC1D5	BTBD9
TBC1D5	GTPBP3
KAT2B	PTGDR
KAT2B	TIAM1
ZNF385D	ROR1
ZNF385D	QRFPR
ZNF385D	NPSR1
ZNF385D	LHFPL3
ZNF385D	SPON1
RPL15	POLR2K
RPL15	SRP14
RPL15	GABARAPL2
RPL15	SELENOM
THRB	MIR3976HG
AC092422.1	FSHR
AC092422.1	TDRD1
RARB	AC092422.1
RARB	GOLIM4
RARB	LINC01202
RARB	BVES-AS1
RARB	KCNH5
LRRC3B	HTR7
NEK10	AC095060.1
NEK10	CCDC158
NEK10	LINC02355
NEK10	ARRDC3-AS1
TGFBR2	SP100
TGFBR2	RNF144B
TGFBR2	SYK
TGFBR2	PIK3AP1
TGFBR2	AXL
OSBPL10	EPHX1
CMTM7	AC009163.1
TRANK1	KYAT1
EPM2AIP1	AL359265.3
EPM2AIP1	TTC7A
EPM2AIP1	AC097534.1
EPM2AIP1	STK10
EPM2AIP1	ZNF770
EPM2AIP1	TRIM28
AC097359.3	LINC01700
ITGA9	SMCO4
ITGA9	SLC4A8
VILL	COL5A3
ACAA1	FBXL6
ACAA1	ULK3
ACAA1	NME4
ACAA1	HSF4
ACAA1	NT5C
SLC22A14	LUC7L2
XYLB	TCTN1
XYLB	VAC14
TTC21A	HIST1H4H
CSRNP1	FOSL2
CSRNP1	SLC2A3
CSRNP1	PDGFB
AC092053.3	NR1I2
RPSA	UBE2L6
MYRIP	RANBP17
MYRIP	SEMA3A
MYRIP	OPCML
EIF1B	DNAJB9
EIF1B	OTUD6B-AS1
EIF1B	ISCA1
EIF1B	SPCS2
RPL14	BCS1L
RPL14	RPL29
RPL14	RPL4
ZNF621	LIX1L
ZNF621	GRAMD1C
ZNF621	STK31
ZNF621	AP003721.1
ZNF621	ZNF43
ULK4	OSTN
ULK4	MAPK13
TRAK1	RAPGEF1
CCK	HOPX
CCK	F12
CCK	PRKAG2-AS1
CCK	RBP4
CCK	AC025159.1
AC018358.1	AL365181.4
AC018358.1	LINC01007
AC018358.1	UBE2Q2L
VIPR1-AS1	AL590822.2
VIPR1-AS1	AP003390.2
VIPR1-AS1	AL157413.1
VIPR1-AS1	TMC4
AC006059.1	GPSM2
AC006059.1	TRAF3IP2
AC092042.3	FAM198A
POMGNT2	ST6GALNAC4
SNRK-AS1	TCAF2
AC006058.3	GAS6-DT
AC006058.1	PDLIM1
AC006058.1	AC013391.3
AC006058.1	ZNF677
TOPAZ1	AC006206.2
TOPAZ1	AC008109.1
TCAIM	ZMYM1
TCAIM	AL606760.2
TCAIM	SLC35D1
TCAIM	RHBDD1
TCAIM	IKBKB
TCAIM	SNHG22
TCAIM	HSCB
ZKSCAN7	RFLNB
ZNF502	ZNF501
KIAA1143	GYG1
KIAA1143	SAYSD1
KIAA1143	CHAMP1
EXOSC7	AC034111.1
TMEM158	NANOS1
LARS2-AS1	AC008781.2
LZTFL1	AC003006.1
CCDC12	AKR1A1
CCDC12	TTF1
CCDC12	SEPT1
CCDC12	MAMSTR
KIF9-AS1	OTOA
KIF9	KIAA1257
KIF9	TRPV3
KIF9	CFAP53
KIF9	C18orf54
AC099778.1	HDAC11-AS1
AC099778.1	AC245140.2
AC099778.1	GALT
ELP6	AL138690.1
ELP6	AL109955.1
ELP6	CCDC117
MAP4	GNG4
NME6	GPX7
PLXNB1	SH3BP2
PLXNB1	HEPACAM
PLXNB1	GPRC5B
PLXNB1	PIEZO1
PLXNB1	SLC9A3R1
PLXNB1	RASSF2
TMA7	BRK1
TMA7	SEC62
TMA7	PFDN6
TMA7	MRPS28
TMA7	TXN
TMA7	CHSY1
TMA7	GABARAP
TMA7	AP005671.1
TMA7	UBL5
SHISA5	NUTF2
PFKFB4	ARHGAP23
PFKFB4	MYH14
SLC26A6	HDAC10
CELSR3	BX255925.3
CELSR3	SOX12
CELSR3	P2RY11
CELSR3	HDAC10
IP6K2	TBCE-1
IP6K2	AC137630.3
IP6K2	BDNF-AS
IP6K2	ADAT1
IP6K2	AC090912.1
IP6K2	GPCPD1
ARIH2OS	AL139289.2
ARIH2OS	BICDL2
P4HTM	RELL2
WDR6	NRM
WDR6	SPOUT1
WDR6	AP006284.1
WDR6	HRH3
DALRD3	NIT1
DALRD3	NFKBIL1
DALRD3	BICDL2
DALRD3	SAT2
IMPDH2	STOML2
AC137630.3	PHKA1
QARS	BAK1
QARS	ASIC3
QARS	NAPRT
QARS	CKMT1B
QARS	POLRMT
QARS	QTRT1
QARS	ZNF497
USP19	C7orf43
USP19	CCAR2
TCTA	AL024498.1
TCTA	C22orf46
APEH	IGSF8
APEH	CHP1
INKA1	ZDHHC12
INKA1	PCYT2
CAMKV	CHST1
CAMKV	DDN
CAMKV	EFNB3
MST1R	MSANTD1
MON1A	GPD1
MON1A	LINC02392
MON1A	SYT17
MON1A	ZNF835
SEMA3F-AS1	AP000721.1
U73166.1	LINC01569
IFRD2	ARRDC1-AS1
HYAL3	CLEC4A
TUSC2	CCDC115
TUSC2	RETREG2
TUSC2	COPG1
TUSC2	PSMG3
TUSC2	NACAD
TUSC2	ATP6AP2
TUSC2	MRPL15
TUSC2	TOR1A
TUSC2	PSMC3
TUSC2	EI24
TUSC2	HPS6
TUSC2	LARP6
TUSC2	POLDIP2
TUSC2	ARL4D
TUSC2	MANBAL
TUSC2	RAD23A
NPRL2	CARD19
NPRL2	REC8
NPRL2	CENPT
TMEM115	MAP1S
CACNA2D2	ARAP1
CYB561D2-1	PPP1R32
C3orf18	GM2A
C3orf18	LRTM2
MANF	AC244131.2
RBM15B	AC009318.2
RBM15B	AC015922.4
RBM15B	SMARCE1
RAD54L2	EIF2B5
TEX264	SAC3D1
TEX264	IGFBP6
GRM2	AC233266.2
GRM2	FZD7
GRM2	SKIL
GRM2	ZNF354C
GRM2	ZNF616
IQCF3	TRABD2A
IQCF3	P2RY6
PCBP4	NPPA-AS1
PCBP4	ADAM15
PCBP4	MST1
PCBP4	RHOXF1
PCBP4	EFEMP2
PCBP4	RGS11
PCBP4	CHTF18
PCBP4	RBCK1
PCBP4	ARHGAP33
ABHD14A	RNF32
RPL29	SYF2
RPL29	SSR2
RPL29	GPANK1
RPL29	AL035587.1
RPL29	RPL10
RPL29	MRPL43
RPL29	EMC6
RPL29	RPRML
RPL29	MISP3
RPL29	MRPL40
RPL29	RPS19BP1
DUSP7	RNASEH2B-AS1
PPM1M	DGAT1
WDR82	DHFR
WDR82	FBLL1
WDR82	PRRT1
WDR82	TSPYL4
WDR82	FAM220A
WDR82	BAG4
WDR82	AC055822.1
WDR82	NUDT21
WDR82	UBTF
WDR82	KHSRP
WDR82	ZNF776
WDR82	CRKL
BAP1	B4GALT2
BAP1	AMPD2
BAP1	LRRC14
BAP1	PI4K2A
PHF7	ZBTB2
PHF7	ZNF32-AS3
PHF7	AL118558.4
PHF7	ZNF710-AS1
SMIM4	BNIPL
SMIM4	THNSL2
SMIM4	RBM11
SPCS1	MRPL2
SPCS1	PRR13
SPCS1	DTD1
SPCS1	NAA20
RFT1	ZNF839
RFT1	AC005288.1
RFT1	HMG20B
TKT	DCTN2
CACNA1D	NPHP4
CACNA1D	SNX9
CACNA1D	AF117829.1
CACNA1D	HIRIP3
CACNA1D	RBFOX3
CACNA1D	EIF4A3
SELENOK	GNL3
SELENOK	PRPF40B
SELENOK	NAA20
SELENOK	APMAP
CACNA2D3	LRRFIP1
CACNA2D3	KALRN
CACNA2D3	DCLK2
CACNA2D3	KHDRBS3
CACNA2D3	TMEM268
CACNA2D3	FAT3
CACNA2D3	FAM171A1
CACNA2D3	LINC00845
CACNA2D3	ABLIM1
CACNA2D3	ASIC2
LRTM1	LINC01327
LRTM1	FGF23
LRTM1	OSCAR
FAM208A	AGMAT
FAM208A	AL355488.1
FAM208A	PIWIL4
FAM208A	AL391684.1
FAM208A	TEN1
HESX1	TTC23
HESX1	AC087762.1
HESX1	C17orf53
ASB14	AL033384.2
ASB14	TSHR
ASB14	AC025580.2
ASB14	AC005920.2
DENND6A-AS1	TMEM246-AS1
DENND6A-AS1	AC023906.5
FLNB	RGCC
FLNB	FAM117A
FLNB	L3MBTL1
KCTD6	KCNK1
FAM107A	GPAT3
FAM107A	SPARC
C3orf67-AS1	AC114400.1
FHIT	WDR78
FHIT	AC026167.1
FHIT	SLC9A9
FHIT	AC023202.1
C3orf14	ARMH3
FEZF2	DIRAS3
FEZF2	NR4A2
FEZF2	DIRAS2
FEZF2	VWA5A
FEZF2	ETS1
FEZF2	CYP26A1
FEZF2	NXPH4
FEZF2	TNFAIP8L3
FEZF2	SHISA8
CADPS	HTR1E
CADPS	EFNB2
C3orf49	MTCP1
C3orf49	AC131571.1
C3orf49	AP001439.1
PRICKLE2	LINC01141
PRICKLE2	AC092691.1
PRICKLE2	CTDSP2
PRICKLE2	WSCD2
PRICKLE2	CABLES1
PRICKLE2-AS3	AL391097.2
ADAMTS9-AS1	ADAMTS9
ADAMTS9-AS1	AC245041.2
ADAMTS9-AS2	ADAMTS9-AS1
ADAMTS9-AS2	HPGD
MAGI1	PAK5
MAGI1-AS1	AP005131.5
FAM19A1	AL158090.1
ARL6IP5	GLRX2
ARL6IP5	REEP5
ARL6IP5	RTRAF
ARL6IP5	TMEM221
FRMD4B	CLIC4
FRMD4B	SHROOM4
FRMD4B	TMCC3
FRMD4B	UACA
FRMD4B	AC087564.1
FRMD4B	BCAS1
MITF	LRRIQ3
MITF	C4orf33
MITF	SRPX
MITF	AR
MITF	AC100768.2
MITF	PYGO1
MITF	AC009158.1
MITF	AL121899.1
MDFIC2	AC096759.2
MDFIC2	LINC02161
GPR27	IER5
GPR27	DUSP7
GPR27	AC120036.4
GPR27	MYC
GPR27	DDN
GPR27	PNMA1
GPR27	FBXL16
GPR27	B3GNT9
GPR27	CDK5R1
GPR27	ANKRD40
GPR27	AXIN2
RYBP	SLC7A14
GXYLT2	PCYT1B
CNTN3	GULP1
ZNF717	TYRO3
ZNF717	AC023024.1
ROBO2	LINC01776
ROBO2	TENM1
ROBO2	PCDH15
ROBO2	MYO16
LINC02027	LINC02050
LINC00971	AL122019.1
LINC00971	LINC01499
LINC00971	C12orf56
CADM2	MYT1L
CADM2	AC009303.2
CADM2	CNKSR2
CADM2	RALYL
CADM2	PACS1
CADM2	CNTN1
CADM2-AS2	AC093390.2
CADM2-AS2	AC090138.1
CADM2-AS2	RFPL1
AC107204.1	CYP4Z1
AC107204.1	SUCLG2-AS1
AC107204.1	EPHA3
AC107204.1	LMO7
AC107204.1	MIPOL1
AC107204.1	DSC2
AC107204.1	AL354993.2
AC107204.1	ZNF77
AC107204.1	C1QTNF6
CGGBP1	FAM200B
CGGBP1	MANEA
CGGBP1	CRNKL1
CGGBP1	LIPE-AS1
CSNKA2IP	MYH15
CSNKA2IP	TAS2R1
CSNKA2IP	CYP3A43
CSNKA2IP	DIO2
PROS1	GRB14
PROS1	FAM114A2
STX19	AC132872.1
NSUN3	BACH1
MTRNR2L12	DHFR
EPHA6	ACVR1C
EPHA6	CERKL
EPHA6	SLIT2
EPHA6	DIAPH2
AC117473.1	AL592287.1
CLDND1	AC135507.1
ST3GAL6	KIAA1958
AC091212.1	AC073878.1
AC091212.1	MAFTRR
CMSS1	SRBD1
CMSS1	GALNT7
CMSS1	RIMS1
CMSS1	ZNF407
IMPG2	AL034347.1
TRMT10C	MPHOSPH10
TRMT10C	SRP19
TRMT10C	MRPL50
TRMT10C	ZNF32
CBLB	PLA2R1
CBLB	LINC01948
CBLB	EZH2
CBLB	AC007614.1
LINC00882	PIGA
DUBR	LINC02478
DUBR	OXTR
DUBR	NME9
DUBR	RNF180
DUBR	AC106786.2
DUBR	RIOK1
DUBR	UBE3D
DUBR	MEOX2
DUBR	AC006148.1
DUBR	SATL1
DUBR	CA3
DUBR	MLLT3
DUBR	ALDH1A1
DUBR	AL137067.1
DUBR	AC006299.1
DUBR	RAG1
AC063944.1	AL031985.4
AC063944.1	AC010127.1
AC063944.1	HTR3E
AC063944.1	C9orf92
AC063944.3	NEK7
AC063944.3	AC097724.1
AC063944.3	MSTN
AC063944.3	MARVELD1
AC063944.3	PLIN1
IFT57	PSD4
CIP2A	CRELD1
CIP2A	MYH15
CIP2A	SECISBP2
CIP2A	AL359232.1
DPPA2	EXOC3L2
AC078980.1	NOL3
NECTIN3-AS1	TRIM45
NECTIN3-AS1	LINC01114
NECTIN3-AS1	THEGL
NECTIN3-AS1	C4orf36
NECTIN3-AS1	C5orf47
NECTIN3-AS1	SFTPC
NECTIN3-AS1	PAPSS2
NECTIN3-AS1	AL158058.1
NECTIN3-AS1	LINC00898
NECTIN3	AC060765.1
PLCXD2	PRELP
PLCXD2	CXXC4
PLCXD2	LRRN3
PHLDB2	LMCD1-AS1
PHLDB2	MYLK
ABHD10	C4orf46
ABHD10	HSPA1L
TAGLN3	KIAA1191
TMPRSS7	C3orf52
CCDC80	PDLIM1
AC074044.1	CAMTA1-DT
CFAP44	SH3YL1
CFAP44	INCA1
SIDT1-AS1	DYNLT1
SIDT1-AS1	MTCP1
ZDHHC23	LINC02330
CCDC191	AL589765.7
QTRT2	HEMGN
DRD3	CCDC33
DRD3	ASF1B
ZBTB20-AS5	ACSF2
LSAMP	CRIM1
LSAMP	CADPS
LSAMP	AC092691.1
LSAMP	LINC02223
LSAMP	MCTP1
LINC00903	DPP10-AS3
LINC00903	CACNA2D3-AS1
LINC00903	AL033379.1
TUSC7	LINC00901
TUSC7	TMEM108-AS1
TUSC7	AC115837.2
TUSC7	BAALC-AS1
TUSC7	AC022469.2
AC092691.1	AC010931.3
AC068633.1	SLC38A4
IGSF11	PLB1
IGSF11	MYOM2
AC092910.3	TMEM202-AS1
AC092910.3	PKNOX1
NDUFB4	H6PD
NDUFB4	AC010894.3
NDUFB4	NDUFV2
STXBP5L	SCAPER
SLC15A2	EAF2
PARP9	NLRC5
SEMA5B	HRH2
SEMA5B	LY86-AS1
SEMA5B	KCNH3
PDIA5	KRT31
AC112503.1	AC007038.2
MYLK-AS1	ATG4C
MYLK-AS1	AC096642.1
MYLK-AS1	AC108047.1
MYLK-AS1	KLRG1
MYLK-AS1	AC055855.2
MYLK-AS1	SERPINB8
MYLK-AS1	KDELR3
KALRN	MARC2
KALRN	FAR2
KALRN	FLT3
KALRN	CALB2
KALRN	AC007785.1
AC092903.2	AC138035.1
ALDH1L1	SLC25A48
CHCHD6	AL590560.2
CHCHD6	NONO
CHCHD6	TLDC1
MCM2	ARRDC3
PODXL2	AC004233.3
PODXL2	INO80E
EEFSEC	RALGPS1
EEFSEC	UBR7
GATA2-AS1	AC002456.1
ISY1-RAB43	AC009690.3
AC108673.3	AL353604.1
AC108673.3	AC084036.1
AC108673.3	AC078795.2
AC108673.3	AC067838.1
AC108673.3	AL391834.2
AC108673.3	ZNF384
CNBP	DNTTIP2
CNBP	TRMT6
COPG1	TMEM39A
H1FX	FAM43B
H1FX	GPRIN1
H1FX	KCNH2
H1FX	TIGD5
H1FX	USF2
H1FX	ZNF579
EFCAB12	THSD1
TMCC1-AS1	AL451164.1
LINC02021	DMRTC1B
AC055733.2	TMPRSS11A
AC055733.2	IL5
AC055733.2	CCDC83
ASTE1	AIMP2
NEK11	SMCO2
CPNE4	IL1RAPL2
CPNE4	NCALD
TMEM108	CDK6
TMEM108	ZNF831
BFSP2-AS1	ZNF843
CDV3	PPP1R15B
TF	PIEZO2
RAB6B	LMO4
RAB6B	TPPP
RAB6B	LINC01482
RYK	SMAD1
RYK	FBXO34
RYK	CEMIP
RYK	SYS1-DBNDD2
ANAPC13	PARP3
EPHB1	PERP
EPHB1	MMD
EPHB1	KLK7
STAG1	CCNT2-AS1
STAG1	MALINC1
STAG1	AL158071.4
NCK1	CCNJ
IL20RB-AS1	AC074117.1
IL20RB-AS1	LINC01592
ARMC8	DRAM2
ARMC8	LINC01886
ARMC8	BOK-AS1
ARMC8	HCFC2
AC097103.2	NMD3
AC097103.2	LINC00578
AC097103.2	Z94721.1
AC097103.2	AC046168.2
AC097103.2	LRRC28
RBP2	AC073575.1
CLSTN2	NMNAT3
CLSTN2	SLC7A14
CLSTN2	GRM4
AC117383.1	AC093227.1
RNF7	SVBP
RNF7	METTL18
RNF7	TRMT10C
RNF7	COMMD2
RNF7	CEP19
RNF7	H2AFZ
RNF7	ARHGAP5-AS1
RNF7	TANGO6
RNF7	MRPL58
RNF7	AC020928.2
TFDP2	RHOBTB2
XRN1	FLAD1
XRN1	TCTA
XRN1	FAM208A
XRN1	AC104806.2
XRN1	WDR46
XRN1	PHF3
XRN1	MIOS
XRN1	CADPS2
XRN1	NDUFB2-AS1
XRN1	PURG
XRN1	CCKBR
XRN1	COA4
XRN1	DPCD
XRN1	SYCP2
XRN1	FBXW9
XRN1	AC011477.4
XRN1	CCDC157
ATR	SUMF1
ATR	EAF2
ATR	AOAH
ATR	WDHD1
ATR	SIRT7
CHST2	AC016152.1
CHST2	MAGEL2
PLOD2	LNCSRLR
PLSCR4	AC018709.1
PLSCR2	NEXN
PLSCR2	ZNF670-ZNF695
PLSCR2	DYTN
PLSCR2	SLC25A31
PLSCR2	GLRA4
PLSCR2	RNF112
AC092957.1	PCAT1
AC092957.1	AL035078.4
LINC02046	PTGFR
CP	STAP2
TM4SF1-AS1	GMFG
COMMD2	SS18L2
COMMD2	AC139795.3
COMMD2	TCTE3
COMMD2	SNHG7
COMMD2	C11orf1
COMMD2	AL355338.1
COMMD2	AL021453.1
ANKUB1	AL031428.1
ANKUB1	DIO1
ANKUB1	NEXN-AS1
ANKUB1	SPATA1
ANKUB1	PDZK1
ANKUB1	AC017101.1
ANKUB1	FAM81B
ANKUB1	TCF7
ANKUB1	PCDH12
ANKUB1	AC092832.2
ANKUB1	GNA14-AS1
ANKUB1	P4HA3
ANKUB1	DUOX1
ANKUB1	AC005695.2
ANKUB1	NAPA-AS1
AC117386.2	NLRP3
AC117386.2	ZNF202
AC117386.2	ZWILCH
AC117386.2	AC105430.1
AC117386.2	AL121721.1
ERICH6	NTRK1
ERICH6	LZTFL1
ERICH6	GUCY2C
ERICH6	ARL5C
ERICH6	C19orf18
ERICH6	KCNE2
CLRN1-AS1	AFAP1L1
MED12L	LRRN1
MED12L	FNDC3B
MED12L	CPNE8
MED12L	SEPT4
MBNL1	RETSAT
MBNL1	TFDP2
MBNL1	XRCC3
MME	LINC01781
MME	GPR149
MME	F11-AS1
MME	AL662899.1
AC104472.3	MFSD2B
LINC00886	STK36
RARRES1	BCL2L14
RARRES1	NUBP1
RARRES1	AC005695.2
IQCJ-SCHIP1	GALNTL6
IQCJ-SCHIP1	FAM201A
IQCJ-SCHIP1	TCERG1L
IQCJ-SCHIP1	SLC2A13
IQCJ-SCHIP1	FLRT2
IQCJ-SCHIP1	CDH8
IL12A-AS1	AC004485.1
IL12A-AS1	LINC01197
C3orf80	ATOH7
B3GALNT1	PDCD2
B3GALNT1	LINC00957
B3GALNT1	KIF1BP
B3GALNT1	NUTM2A-AS1
NMD3	LINC01277
NMD3	LPA
NMD3	AC068675.1
NMD3	AC011481.1
NMD3	ASPHD2
SPTSSB	NEB
LINC01192	AL590432.1
LINC01322	TMEM53
LINC01322	EDIL3
LINC01322	GLRA1
LINC01322	ADAMTS2
LINC01322	MCF2
LINC01322	CCDC178
BCHE	ZFHX4
LINC01327	AC007848.1
SERPINI2	AC010967.1
WDR49	LINC00836
SERPINI1	SLC26A4-AS1
SERPINI1	SLC5A8
SERPINI1	TMCO3
LINC02082	AC026116.1
MECOM	FABP6
MECOM	RPS24
SEC62	ERLEC1
SEC62	UPK2
SEC62	AC107871.2
SKIL	KCND1
SKIL	AC126177.4
SKIL	SGSM2
SKIL	ZNF480
RPL22L1	C1orf159
RPL22L1	BHLHE40-AS1
RPL22L1	ARHGAP39
TNIK	FMNL2
TNIK	NRG1
TNIK	SFTPD-AS1
TNIK	AC009318.3
TNIK	LINC01193
PLD1	TMEM212-AS1
TMEM212-AS1	TMEM212
LINC02068	AC018541.1
ECT2	LINC01934
ECT2	TPX2
NLGN1	NEGR1
NLGN1	AC242426.2
NLGN1	AC093152.1
NLGN1	CYP2U1
NLGN1	HIBADH
NLGN1	IMMP2L
NLGN1	RNLS
NLGN1	FGF14
LINC00578	LINC00501
AC109779.1	PCED1B
KCNMB2-AS1	LINC01931
KCNMB2-AS1	AC116666.1
KCNMB2-AS1	LINC01478
ZMAT3	EHD3
ZMAT3	C5orf24
ZMAT3	IPCEF1
GNB4	PTGER3
GNB4	OLFML2B
GNB4	RASGEF1C
GNB4	KDELC2
GNB4	TEX26
GNB4	PCDH17
NDUFB5	MAML1
USP13	MTR
PEX5L	TMEM150C
PEX5L-AS1	PCDH9-AS4
PEX5L-AS2	CHL1-AS1
PEX5L-AS2	ANGPTL2
PEX5L-AS2	AP000866.5
PEX5L-AS2	Z99774.1
TTC14	RAD51AP2
TTC14	ZMAT1
TTC14	DPY19L2
FXR1	HSPE1-MOB4
FXR1	AC091212.1
FXR1	TPH1
FXR1	CHORDC1
FXR1	LEMD3
FXR1	AC090527.2
FXR1	ETFA
FXR1	Z83844.1
FXR1	TCP10L
DNAJC19	AL050341.2
DNAJC19	IAH1
DNAJC19	ACTR1B
DNAJC19	AC099522.2
DNAJC19	AC100810.1
DNAJC19	TOLLIP-AS1
DNAJC19	ZNF433
MCF2L2	COLQ
MCF2L2	STX18-AS1
MCF2L2	FBXL17
MCF2L2	DGKI
MCF2L2	MIPEP
MCF2L2	NALCN
MCF2L2	ARFGEF2
B3GNT5	AL450998.3
B3GNT5	AC099788.1
B3GNT5	ABHD14A
B3GNT5	AC110296.1
B3GNT5	AC002310.2
B3GNT5	RNF157-AS1
B3GNT5	DLGAP1-AS1
B3GNT5	MACROD2-AS1
AP2M1	ENO1
AP2M1	PHLDA3
AP2M1	MTCH1
AP2M1	YIPF3
AP2M1	POLR2E
VWA5B2	AL049795.1
VWA5B2	THBS3
POLR2H	CIART
THPO	ANLN
THPO	LCN12
LINC02054	AL591896.1
LINC02054	TFEB
LINC02054	ZDHHC4
LINC02054	LONRF3
LINC02054	COL27A1
LINC02054	SLC25A25-AS1
LINC02054	AVIL
LINC02054	AL358334.2
LINC02054	AL391095.1
LINC02054	TUBA8
EPHB3	STK32C
MAGEF1	PDHB
MAGEF1	SLC9A3
MAGEF1	TWISTNB
MAGEF1	ZDHHC24
MAGEF1	FAM241B
MAGEF1	ALKBH2
MAGEF1	ISCA2
MAGEF1	GLRX5
MAGEF1	TM2D3
MAGEF1	C16orf91
MAGEF1	AC018845.3
MAGEF1	ZNF667-AS1
TMEM41A	ARL16
IGF2BP2	ATP1A4
IGF2BP2	LYN
IGF2BP2	CD6
IGF2BP2	AP001157.1
IGF2BP2	ALOX5
IGF2BP2	CDH23
IGF2BP2	LATS2
IGF2BP2	FLT1
IGF2BP2	SEL1L2
IGF2BP2	ZNF556
IGF2BP2	ACP7
IGF2BP2	PLEKHG2
IGF2BP2	SYNGR4
ETV5	KMO
ETV5	NR4A3
ETV5	FLRT1
ETV5	JCAD
ETV5	NR4A1
ETV5	SPRED1
CRYGS	CRIP3
AC068631.1	HHLA2
AC068631.1	AL138767.3
AC068631.2	CLEC12A
AC068631.2	CCL3L1
AC068631.2	UQCR11
AC068631.2	PET100
AC068631.2	PRR34-AS1
EIF4A2	TMEM50A
EIF4A2	TSPAN7
EIF4A2	RTL8A
EIF4A2	LYSMD2
AC112907.1	ZC3H11B
AC112907.1	AC018816.1
RTP1	AC004130.1
RTP1	CLEC14A
SST	NPY
BCL6	LINC00621
TPRG1	SHROOM3
P3H2	TENM2
P3H2	TENT5A
P3H2-AS1	NMRK1
CLDN16	LINC01680
CLDN16	PLD1
CLDN16	TXK
CLDN16	TEC
CLDN16	GABRA6
CLDN16	AC002383.1
CLDN16	CT55
CLDN16	HTR3A
CLDN16	AC024601.1
CLDN16	PHC1
CLDN16	AC084357.2
IL1RAP	NTNG1
IL1RAP	MERTK
IL1RAP	PRSS12
IL1RAP	SPAG6
CCDC50	PCDHB15
CCDC50	LINC02248
HRASLS	AC007285.1
HRASLS	ZNF574
OPA1-AS1	GPR171
TMEM44-AS1	RN7SL832P
TMEM44-AS1	FAM229B
TMEM44-AS1	AC093673.2
TMEM44-AS1	LOH12CR2
TMEM44-AS1	SPART-AS1
TMEM44-AS1	AC011498.1
TMEM44	OSBPL5
FAM43A	SLC38A2
XXYLT1	GNG5
XXYLT1	AC008438.2
XXYLT1	TMEM72-AS1
XXYLT1	ZNF135
APOD	PHGDH
APOD	TPPP3
AC233280.1	AC024560.1
SLC51A	PAPPA2
FBXO45	RNF187
FBXO45	MARCKS
FBXO45	ARF6
CEP19	NUDCD2
CEP19	SMIM10L1
NCBP2-AS2	CHCHD5
NCBP2-AS2	MRPL36
NCBP2-AS2	FAHD1
PIGZ	AP003068.2
PIGZ	SFXN4
PIGZ	KMT5C
MELTF-AS1	SDF4
BDH1	UBIAD1
BDH1	ANKMY1
BDH1	XXYLT1
BDH1	AC116366.3
BDH1	DELE1
BDH1	AL355312.3
BDH1	HIPK2
BDH1	PLGRKT
BDH1	AP001107.9
BDH1	SQOR
BDH1	PARVB
AC024560.1	MUC20-OT1
RPL35A	RPS18
ZNF595	COL16A1
ZNF595	AC092835.1
ZNF595	AC005020.2
ZNF595	PSTPIP1
AC092574.2	STRADB
AC092574.2	CCDC192
AC092574.2	AC244517.11
AC092574.2	AC092647.5
AC092574.2	AC010864.1
AC092574.2	AC025043.1
AC092574.2	ALG1
AC092574.2	CHTF8
AC092574.2	AC008686.1
AC092574.2	LSR
AC116565.1	TMEM158
AC116565.1	RTN4R
AC116565.2	SFPQ
PDE6B	SMC1A
PDE6B	MXI1
PDE6B	KRT81
PDE6B	AC024941.2
PDE6B	MYO16-AS1
ATP5ME	GPR37L1
ATP5ME	CDKN2B-AS1
AC139887.2	LINC01355
AC139887.2	AL033528.2
AC139887.2	AC097376.2
AC139887.2	Z84485.1
AC139887.2	ANKRD34C-AS1
AC139887.2	BANP
DGKQ	ENTR1
DGKQ	TMEM134
DGKQ	RHBDF1
DGKQ	EME2
DGKQ	GAA
RNF212	AC092535.3
C4orf48	NDUFS8
C4orf48	UBA52
C4orf48	AC025809.1
C4orf48	NDUFA3
C4orf48	RPL28
NAT8L	TTC30B
NAT8L	C2CD2L
NAT8L	SLC48A1
NAT8L	ARFGAP1
NAT8L	HAPLN4
POLN	MOV10
POLN	AL513329.1
POLN	SLC22A13
POLN	AC097634.3
POLN	C3orf52
POLN	AC092535.3
POLN	AC108062.1
POLN	DOLK
POLN	KCNT1
POLN	CFAP70
POLN	PYM1
POLN	YEATS4
POLN	AC025265.1
POLN	AC091167.6
POLN	LINC2194
POLN	SPECC1
MXD4	TPRN
MXD4	CCDC88B
ZFYVE28	PNPLA4
ZFYVE28	FNBP1
ZFYVE28	ZWINT
ZFYVE28	SNTB2
ZFYVE28	FCHO1
MFSD10	ZBTB48
MFSD10	MEG9
NOP14	C2orf49
GRK4	VWCE
RGS12	LINC00607
LRPAP1	C11orf80
ADRA2C	CEBPA
STX18-AS1	AL133516.1
STX18-AS1	AC141930.1
STX18-AS1	METTL6
STX18-AS1	SS18L2
STX18-AS1	XXYLT1
STX18-AS1	MTHFD1L
STX18-AS1	PRKN
STX18-AS1	AC009435.1
STX18-AS1	AL157832.3
STX18-AS1	CCT2
STX18-AS1	MTHFS
STX18-AS1	AC036108.1
STX18-AS1	KCNK15-AS1
C4orf50	ERICH2
C4orf50	ALS2CR12
C4orf50	GTF2H2C
JAKMIP1	CTNNBIP1
JAKMIP1	GFRA2
JAKMIP1	CPEB1
JAKMIP1	PARVB
AC113615.1	ARHGAP22
PPP2R2C	RASA3
PPP2R2C	CMIP
MRFAP1	ARL6IP5
MRFAP1	NSG1
MRFAP1	POP7
MRFAP1	TSR2
MRFAP1	PEBP1
AC093323.1	TUSC1
MRFAP1L1	PTMS
AC097382.2	DNMBP-AS1
SORCS2	SARDH
SORCS2	CARS
ABLIM2	MTA3
ABLIM2	AC126768.2
ABLIM2	GSG1L
ABLIM2	SLC38A7
TRMT44	VMO1
ZNF518B	OGFRL1
CLNK	USP39
CLNK	SEMA3F-AS1
CLNK	AL355312.2
CLNK	CXorf58
CLNK	CFAP77
CLNK	AGBL2
CLNK	PROSER2
CLNK	BIRC5
CLNK	SLC5A5
RAB28	TSGA10
RAB28	RPGR
RAB28	CDK8
RAB28	RFX7
RAB28	AC040934.1
RAB28	ZNF780B
AC098829.1	C1QTNF7
TAPT1-AS1	LINC01301
LDB2	AL117329.1
AC006160.1	FGF1
AC006160.1	TSPAN16
SLIT2	R3HDM1
SLIT2	SCN1A
SLIT2	AC087857.1
SLIT2	RSPO2
SLIT2	LINC02055
SLIT2	ELK3
SLIT2	ONECUT2
KCNIP4	RMDN2
KCNIP4	MED12L
KCNIP4	MRPS30-DT
KCNIP4	AC244517.10
KCNIP4	HDAC9
KCNIP4	UNC5D
AC110296.1	AC004054.1
AC110296.1	DLGAP2-AS1
AC110296.1	PANX1
AC110296.1	AL031594.1
AC096576.3	AC092683.2
AC096576.3	AC096576.2
AC096576.3	AC069272.1
AC096576.3	AC097537.1
AC096576.3	AC004039.1
AC096576.3	AC006145.1
AC096576.3	PRSS51
AC096576.3	PDE4A
AC096576.3	CARM1
AC096576.3	PRRG2
AC096576.2	AL158840.1
AC096576.2	LRRC8C-DT
AC096576.2	AL589765.1
AC096576.2	PP2D1
AC096576.2	B3GNT5
AC096576.2	WDFY3-AS1
AC096576.2	AC093297.1
AC096576.2	AC008883.1
AC096576.2	AC073336.1
AC096576.2	RTL9
AC096576.2	AP000857.2
AC096576.2	AP002518.2
AC096576.2	AC117377.1
AC096576.2	PCDH9-AS4
AC096576.2	FGF14-AS1
AC096576.2	AL117190.2
AC096576.2	AC124312.2
AC096576.2	AC005828.1
AC096576.2	DLGAP1-AS5
AC096576.2	AC008735.2
AC097512.1	AC114912.1
AC097512.1	AC093607.1
AC097512.1	PAMR1
AC097512.1	HTR3B
AC114912.1	AC002454.1
AC093607.1	AC092440.1
AC093607.1	AC092834.1
AC093607.1	NACC2
SEL1L3	LINC01600
LINC02364	AC097480.1
LINC02364	AC109349.1
AC097716.1	LOR
AC097716.1	CHRM3-AS2
AC097716.1	PRICKLE2-AS3
AC097716.1	CALCB
AC097716.1	AL356056.1
AC097716.1	AC012184.2
AC016687.3	CCDC148-AS1
AC016687.2	TGFA
AC016687.2	FAP
AC016687.2	LINC01322
AC016687.2	TFEC
AC016687.2	AP003066.1
AC016687.2	NYNRIN
AC016687.2	AC036108.3
ARAP2	AC007966.1
ARAP2	ARHGAP32
NWD2	ATF7IP2
LINC01258	LINC02261
LINC01258	EGFLAM
LINC01258	PXT1
LINC01258	AC103409.1
N4BP2	PLK3
N4BP2	HOMEZ
LINC02265	STARD6
RBM47	SYTL3
RBM47	MRC1
RBM47	LINC00670
RBM47	RHBDF2
RBM47	PSTPIP2
NSUN7	TRABD2B
NSUN7	FNDC1
NSUN7	TNFRSF10A
APBB2	ALG14
UCHL1	ACOT7
UCHL1	C1orf115
UCHL1	CENPVL3
UCHL1	DCAF12L2
UCHL1	RND1
UCHL1	CCNA1
UCHL1	CRIP2
UCHL1	GJD2
BEND4	AC111006.1
ATP8A1	CALCRL
YIPF7	AC109927.1
YIPF7	AC005534.1
YIPF7	AC104248.1
GNPDA2	TRIM58
GNPDA2	PAIP2B
GNPDA2	RMND5A
GNPDA2	FGD5
GNPDA2	YTHDC1
GNPDA2	AC007938.3
GNPDA2	RNF122
GNPDA2	TIAL1
COX7B2	AC018682.1
GABRA4	GABRA2
GABRB1	PLCL1
GABRB1	AC006058.1
GABRB1	AC005162.3
GABRB1	ANO3
GABRB1	ARID5B
GABRB1	COL9A3
CORIN	AP000790.3
CORIN	AP005230.1
AC107068.2	ANGPTL7
AC107068.2	AL513283.1
AC107068.2	AC007383.3
AC107068.2	MKRN2OS
AC107068.2	OSMR
AC107068.2	SFRP4
AC107068.2	PITRM1-AS1
AC107068.2	PZP
AC107068.2	AC007569.1
AC107068.2	G2E3-AS1
AC107068.2	HIF1A-AS2
AC107068.2	MEIOC
AC107068.2	TCF4-AS1
AC107068.2	AC110597.3
AC107068.2	NOVA2
NIPAL1	RCBTB2
TXK	TEC
FRYL	TMEM38B
OCIAD1	CCT6A
OCIAD1-AS1	MCM8-AS1
USP46-AS1	RNASEH1
USP46-AS1	TRAM2-AS1
SCFD2	AC068286.1
SCFD2	GLIDR
SCFD2	PRTFDC1
SCFD2	LINC02449
SCFD2	AC008014.1
SCFD2	CLYBL
AC058822.1	PKP4-AS1
AC058822.1	ISPD-AS1
AC058822.1	FAM227B
LNX1	BRINP2
LNX1	FSTL1
LNX1	LRRC6
LNX1	DAPK1
LNX1	NUP93
LNX1	AC004147.2
LNX1	PREX1
CHIC2	AC093155.3
CHIC2	RYK
CHIC2	ZNF575
SRD5A3	WDR31
HOPX	SDR16C5
IGFBP7-AS1	ATP6V1C2
ADGRL3	EXO5
ADGRL3	PLPPR5
ADGRL3	AC073050.1
ADGRL3	RNF212
ADGRL3	EDIL3
ADGRL3	GALK1
AC020741.1	LINC01609
EPHA5	LINC02232
EPHA5	AC009126.1
EPHA5-AS1	PAH
AC116049.2	LINC01456
AC104806.2	SSUH2
AC104806.2	LCORL
AC104806.2	N4BP2
AC104806.2	CASP6
AC104806.2	BNIP1
AC104806.2	BORCS7-ASMT
TMPRSS11A	TMPRSS11D
YTHDC1	PDE6B
YTHDC1	NOP14
YTHDC1	CHD1
YTHDC1	ZNF707
YTHDC1	PSIP1
YTHDC1	AC008124.1
YTHDC1	NDFIP2
YTHDC1	TRPV2
YTHDC1	AC090772.3
YTHDC1	LRRC74B
UTP3	ZNF22
SLC4A4	MYO1B
SLC4A4	KCNN2
NPFFR2	BSPRY
COX18	AL133216.1
AC053527.1	AC104135.1
AC053527.1	AC090115.1
FAM47E-STBD1	ABCG8
FAM47E-STBD1	LINC00620
FAM47E-STBD1	GLT8D2
FAM47E-STBD1	DACT3
SHROOM3	CRABP1
CCNI	TMEM246
CCNI	SAC3D1
CCNG2	CXCL13
LINC01088	LINC01933
LINC01088	NMUR2
FGF5	CFAP299
PRKG2	LIN28B
PRKG2	STRIP2
PRKG2	AMOT
PRKG2	AC013546.1
RASGEF1B	FAM177B
RASGEF1B	LINGO1
RASGEF1B	MIATNB
AC124016.2	AL121655.1
AC124016.2	CIC
AC124016.1	ATP6V0E2-AS1
THAP9	FO704657.1
THAP9	AL592166.1
THAP9	AC112907.3
THAP9	ZFX-AS1
MAPK10	SLC4A10
MAPK10	FHIT
MAPK10	INPP4B
MAPK10	SEMA6A
MAPK10	PTPRK
MAPK10	SYNE1
MAPK10	MAOB
MAPK10	SLC22A18
MAPK10	LRCH1
MAPK10	GPC5
MAPK10	TCF12
MAPK10	ADAM10
MAPK10	TEDC2
MAPK10	PCSK2
MAPK10	TIMM44
AC104827.1	GRM7-AS1
AC104827.1	LINC02270
AC104827.1	C9orf57
AC104827.1	LINC01586
AC104827.1	AC133919.2
AC104827.1	AC005726.5
AC104827.1	BAIAP2L2
PTPN13	TGFBR3
PTPN13	MAML2
AFF1	BACE2
SPP1	GLUL
SPP1	PDK4
SPP1	CA2
HERC6	SLC19A3
HERC6	ACRV1
PYURF	GON7
AC098582.1	TCTN1
AC098582.1	IQCH
HERC3	ZC3H6
HERC3	AC096733.2
HERC3	AP5Z1
HERC3	NEK8
NAP1L5	BEX5
NAP1L5	CRH
NAP1L5	CCDC184
NAP1L5	NARS
FAM13A-AS1	SH3BP5-AS1
FAM13A-AS1	AL669970.3
FAM13A	DUSP15
GPRIN3	LINC01511
GPRIN3	RAB3IP
AC097478.1	AC016716.2
CCSER1	NKAIN2
CCSER1	IMMP2L
AC004054.1	KRTCAP3
AC004054.1	KCNJ13
AC004054.1	AC074044.1
AC004054.1	GPR87
AC004054.1	LINC00472
AC004054.1	AC022469.2
AC004054.1	AC100839.2
AC004054.1	AP005131.5
GRID2	OLR1
AC096746.1	MARVELD2
AC096746.1	SKA3
AC106881.1	UBL7-AS1
LINC02267	GBP4
LINC02267	LINC01221
LINC02267	LINC01317
LINC02267	RASSF6
LINC02267	TRDN
LINC02267	AC078845.1
LINC02267	XACT
LINC02267	MT4
LINC02267	OR7C1
STPG2	FAP
STPG2-AS1	GPR160
STPG2-AS1	IL33
AC083902.1	C4orf54
H2AFZ	ARF4
H2AFZ	PFKM
H2AFZ	SMDT1
AP001816.1	AC002467.1
BANK1	AC010267.1
AP002075.1	PLD6
AP002075.1	PET117
MANBA	AL645568.1
MANBA	LIFR-AS1
MANBA	FBXL4
MANBA	GK
CISD2	COX20
CISD2	CHCHD4
CISD2	PPP1R11
CISD2	PARVG
CXXC4	RSPO3
CXXC4	LAMB1
CXXC4	KLHL13
TET2	ADGRA3
TET2	CYP7B1
TET2	PTAR1
GSTCD	MATN1
OSTC	WDCP
OSTC	C12orf73
ETNPPL	SLC14A1
SEC24B-AS1	NMD3
SEC24B-AS1	SFRP2
MCUB	SNTG2
MCUB	GPR160
MCUB	TMEM233
MCUB	SMIM36
MCUB	MAPK4
RRH	LRIT3
EGF	AC097467.3
EGF	SLCO4C1
ELOVL6	BCL2
FAM241A	SGCZ
AP1AR	HERC3
AP1AR	AC114284.1
AP1AR	LINC02542
ZGRF1	AGBL3
AC093879.1	AL078459.1
AC093879.1	AC007679.1
AC093879.1	AP001922.5
AC093879.1	SLC5A4
UGT8	EFS
UGT8	TMEM98
NDST4	AC068896.1
LINC01378	THEMIS2
LINC01378	DNALI1
LINC01378	MAP3K20
SYNPO2	MKX
C4orf3	ERLEC1
C4orf3	HMGB3
C4orf3	UBL4A
C4orf3	SRSF8
C4orf3	ORMDL3
PDE5A	GTSCR1
PRDM5	TCTEX1D1
AC079341.1	POPDC3
AC079341.1	LIMK1
AC079341.1	AC005332.5
CCNA2	C8orf88
CCNA2	CLEC18B
BBS12	IGDCC4
BBS12	C20orf204
SPATA5	ZNF33A
SPATA5	ATF7IP
SPRY1	SMURF1
LINC01091	THSD4
LINC02516	TRIM59
INTU	CD96
INTU	CENPE
INTU	AC012254.1
INTU	PLCG1
AC108062.1	PTP4A2
AC108062.1	RGS5
AC108062.1	UPP2
AC108062.1	TMED4
AC108062.1	STYXL1
AC108062.1	AC009812.4
AC108062.1	FAM95B1
AC108062.1	KATNAL2
AC096711.2	ANKRD20A3
AC096711.2	AC023794.1
AC096711.2	FGF7
AC096711.2	CR382287.2
AC115622.1	AL391811.1
AC115622.1	AC110751.1
AC115622.1	AC011374.1
AC115622.1	CNPY1
AC115622.1	XKRX
AC115622.1	AC012560.1
AC115622.1	AC024901.1
AC115622.1	LINC02398
PCDH10	ECHDC2
PCDH10	GUCY1A1
PCDH10	LMO3
PCDH10	FLRT3
PCDH10	ZNF112
AC079380.1	RNF182
AC079380.1	AC090825.1
AC109927.1	AC079193.2
AC109927.1	TEKT5
NOCT	C6orf52
NOCT	AC138904.1
MGARP	NUDT17
NDUFC1	UBL5
AC097376.2	AL451074.2
AC097376.2	ZNF808
SCOC	MOB4
SCOC	UBE2N
SCOC	PRKAR1A
TBC1D9	ELMOD1
TBC1D9	AC023157.3
TBC1D9	LINC00934
TBC1D9	GLCE
TBC1D9	C20orf96
TBC1D9	CHEK2
RNF150	ERVMER34-1
RNF150	CCSER1
RNF150	RGS20
RNF150	PKIA
RNF150	DOK6
ZNF330	NOXRED1
INPP4B	DNAH6
INPP4B	SPOCK1
INPP4B	CNTLN
INPP4B	SOX5
AC139720.1	AC092040.1
AC139720.1	LINC00903
AC139720.1	AC097716.1
AC139720.1	TMEM213
AC139720.1	AC108863.1
AC139720.1	AC009646.2
AC139720.1	AC027701.1
AC139720.1	GRID1-AS1
AC139720.1	ZC2HC1C
AC139720.1	APBA3
GAB1	HSPA12A
FREM3	LINC01090
FREM3	GYPE
FREM3	DRGX
GYPB	DPYD-AS1
GYPB	LINC01828
GYPB	LINC01443
HHIP	LINC00290
HHIP	CPQ
ANAPC10	AL591848.4
ANAPC10	AC020559.1
ANAPC10	EFL1
SMAD1	BMT2
C4orf51	AC092674.1
ZNF827	AP002495.2
SLC10A7	C15orf41
SLC10A7	AC025809.1
EDNRA	TTC29
NR3C2	AFDN-DT
LINC02355	AC108935.1
PRSS48	ASPN
GATB	DNASE2B
TMEM131L	COL5A2
SFRP2	PRELP
SFRP2	AC023154.1
SFRP2	LINC02192
AC079298.3	AC078980.1
AC079298.3	CABCOCO1
DCHS2	NPFFR2
DCHS2	ATP2C2
MAP9	ARRDC1
GUCY1B1	AC017048.3
GUCY1B1	RTP5
GUCY1B1	CDCP1
GUCY1B1	SERPINI1
GUCY1B1	LINC01847
GUCY1B1	DRD1
GUCY1B1	IGFBP3
GUCY1B1	TMEM47
GUCY1B1	MAOA
GUCY1B1	NUDT4
GUCY1B1	GATM
GUCY1B1	MMP24OS
TDO2	ZNF501
FAM198B	NREP
FAM198B-AS1	FAM198B
FAM198B-AS1	TMEM144
RXFP1	STAC
RXFP1	GRAMD2B
RXFP1	ADTRP
RXFP1	ETV1
RXFP1	CA4
ETFDH	OR51M1
PPID	TYW3
PPID	ANKRD44
PPID	AC097461.1
PPID	AL157911.1
C4orf45	AC009495.3
C4orf45	SPC25
LINC02477	LINC01633
LINC02477	LINC01192
LINC02477	AC076966.1
LINC02477	LINC01258
LINC02477	MARCOL
LINC02477	AL357375.1
LINC02477	Z93403.1
LINC02477	ITIH6
LINC02477	ATP6V0D2
LINC02477	TEX36
LINC02477	AC122685.1
LINC02477	AC104574.2
LINC02477	NPIPA7
LINC02477	AC126755.2
FSTL5	PLCXD3
MARCH1	ARAP2
MARCH1	AC004918.1
MARCH1	FAS
FAM218A	AC010491.1
KLHL2	ZNF189
KLHL2	PROSER2-AS1
GK3P	AC004922.1
MSMO1	HMGCS1
MSMO1	HMGCR
MSMO1	INSIG1
MSMO1	FDFT1
MSMO1	DHCR7
SPOCK3	ARHGEF6
DDX60	DDX60L
SH3RF1	BAALC
SH3RF1	ZNF215
SH3RF1	HNF4A
GALNTL6	KLHL4
AC105285.1	CNN3
GALNT7	POPDC2
GALNT7	FAM13A-AS1
GALNT7	MIR3142HG
GALNT7	MARCH8
AC097534.2	HMGN3
AC097534.2	SLC46A3
SAP30	NUDT4B
SAP30	AC069224.1
SAP30	HIST4H4
SAP30	ARGLU1
SAP30	TRMT1
SAP30	ZNF295-AS1
HAND2-AS1	RBMX
HAND2-AS1	DEC1
HAND2-AS1	AC005842.1
HAND2-AS1	RAD9B
HAND2-AS1	C18orf63
FBXO8	ZNF678
GLRA3	AL035409.1
GLRA3	TMEM173
AC095050.1	KLHL14
AC097537.1	MYT1L-AS1
AC097537.1	AC093110.1
AC097537.1	TDRG1
AC097537.1	AL358154.1
AC097537.1	ARNTL2-AS1
AC097537.1	AC026470.2
AC097537.1	AC011824.2
AC093801.1	AL583808.1
LINC01098	AC078881.1
AC098864.1	IQGAP3
AC098864.1	AC023886.1
AC098864.1	AC090403.1
TENM3	LINC01606
WWC2	AC016708.1
WWC2	HLA-DPB1
CDKN2AIP	GAS1
ING2	AL356108.1
ING2	AL024498.2
ING2	B3GNT4
LINC02436	SNTN
LINC02436	LINC02300
SLC25A4	DEGS1
SLC25A4	FAM136A
SLC25A4	CCT7
SLC25A4	SURF6
SLC25A4	HSPA8
SLC25A4	FEZ1
SLC25A4	TWNK
SLC25A4	EIF5
SLC25A4	DCTPP1
SLC25A4	LINC00672
AC112722.1	FKBP9
C4orf47	EIF4E1B
C4orf47	AC117834.1
AC018709.1	F11-AS1
TRIML2	LINC01111
ZDHHC11B	ZDHHC11
MRPL36	DNAJC19
MRPL36	IER3-AS1
MRPL36	AC016065.1
MRPL36	TMEM126B
MRPL36	POP5
MRPL36	LIN7B
NDUFS6	IFI27L1
NDUFS6	HMOX2
AC106799.2	LINC02228
AC106799.2	AC136628.4
AC106799.2	AL589669.1
ADAMTS16	AC022424.1
ADAMTS16	CCDC152
ADAMTS16	CALN1
MED10	WDR54
MED10	LSM5
UBE2QL1	FAM43B
UBE2QL1	RIN3
UBE2QL1	AC020687.1
LINC02102	TLX2
TENT4A	SLC6A6
LINC02196	LINC02465
LINC02196	MEGF10
LINC02196	LPIN3
ADCY2	OR2AG2
TAS2R1	AC093893.1
LINC02112	AC098829.1
LINC02112	TAS2R1
CCT5	CCT3
CCT5	RAD54L2
CCT5	TCP1
CCT5	MMP24
ROPN1L	LINC01513
ANKRD33B	NECAB3
CTNND2	KCNIP4
CTNND2	LINC01611
CTNND2	DOCK4
CTNND2	DLG2
CTNND2	CELF2
CTNND2	SPSB2
CTNND2	ANKS1B
CTNND2	GABRB3
CTNND2	KIAA1328
LINC02220	LINC02008
LINC02220	CFAP58
OTULIN	ZSCAN20
OTULIN	MEF2C
OTULIN	FAM210A
FBXL7	TRPM6
FBXL7	RNF219-AS1
MYO10	LOXL3
BASP1	SEPT3
BASP1-AS1	ECE1
BASP1-AS1	AC009312.1
BASP1-AS1	TRIM14
BASP1-AS1	KRTAP5-11
BASP1-AS1	CTBP2
CDH18	IGFBP2
CDH18	KCTD8
CDH18	LINC02444
CDH18-AS1	TP63
CDH18-AS1	SEMA6A-AS1
LINC02241	AC009779.2
CDH10	UTRN
AC091885.2	SIDT1-AS1
AC091885.2	JAKMIP2-AS1
AC091885.2	AC020661.2
LINC02228	AP005328.2
CDH9	FGF18
CDH9	TTC6
AC113386.1	BHMT
CDH6	AL357793.1
CDH6	AC087672.2
CDH6	CNTNAP3
CDH6	B3GLCT
PDZD2	KIF26B
PDZD2	AC106795.3
PDZD2	AC007091.1
PDZD2	DIAPH2
PDZD2	GALNT6
PDZD2	RFX2
AC025178.1	AC073283.3
SUB1	RHEB
SPEF2	BCL9
SKP2	USE1
SLC1A3	F3
SLC1A3	ZFP36L1
LIFR-AS1	HORMAD1
LIFR-AS1	SEPSECS
LIFR-AS1	THAP6
LIFR-AS1	TAPBP
LIFR-AS1	CCDC15
LIFR-AS1	STN1
LIFR-AS1	NEMP1
LIFR-AS1	RFC3
LIFR-AS1	TEX29
LIFR-AS1	VASN
LIFR-AS1	IL34
FYB1	SYTL4
PLCXD3	GRB7
FBXO4	AC004982.1
FBXO4	APIP
FBXO4	CA12
FBXO4	SLC12A3
GHR	ARHGAP6
SELENOP	EFHD1
SELENOP	HSPA2
SELENOP	PLPP2
NIM1K	AL121790.1
NNT-AS1	AL031289.1
NNT-AS1	AL512380.2
NNT-AS1	AC100830.1
FGF10	FGF10-AS1
MRPS30	CD72
MRPS30	ARL14EP
HCN1	DDAH1
HCN1	IL17RE
HCN1	AC016831.7
HCN1	HDX
HCN1	LRRTM3
HCN1	GTSE1
PARP8	AC091138.1
HSPB3	PACERR
HSPB3	IL20RB
HSPB3	AP000894.3
DDX4	FAM20C
IL6ST	PLCXD2
IL6ST	MTURN
IL6ST	AC008440.1
AC008892.1	ZYG11A
AC008892.1	VEPH1
AC008892.1	AL136418.1
AC008937.2	HBB
MIER3	RMND5A
MIER3	CTNNB1
MIER3	FBXO8
AC008780.2	VASH2
AC008780.2	C2orf80
AC008780.2	MGP
PLK2	EGR3
LINC02108	AC114485.1
LINC02108	AC104088.1
LINC02108	STAB1
LINC02108	MDFIC2
LINC02108	LINC02477
LINC02108	AC106799.2
LINC02108	GJB7
LINC02108	HEPHL1
LINC02108	AL355390.2
LINC02108	AC025272.1
LINC02108	CERS3-AS1
LINC02108	NPIPB11
LINC02108	AC009055.1
LINC02108	AC090282.1
LINC02108	LINC01416
PDE4D	GRID2
PDE4D	TAC3
PDE4D	MGAT4C
PDE4D	PLTP
AC092343.1	AC005759.1
SMIM15	SGCB
SMIM15	UNC119B
RNF180	AC017071.1
RNF180	AC022364.1
RGS7BP	C1orf21
RGS7BP	AC005046.1
NLN	MFSD2A
NLN	AC245100.1
NLN	PTPN14
NLN	RSAD2
NLN	DNAH7
NLN	ATP13A5-AS1
NLN	HERC6
NLN	PKN3
NLN	SLC22A9
NLN	AL392023.2
ERBIN	PIP4K2A
MAST4	PDE1C
MAST4	NPAS3
MAST4	PLCB1
MAST4	LINC01721
AC093523.1	COL8A1
AC093523.1	AC010280.2
AC093523.1	AC010280.1
AC093523.1	LINC02198
AC093523.1	PLS3-AS1
AC093523.1	DPYS
AC093523.1	E2F1
GTF2H2C	OCLN
GTF2H2C	GTF2H2
SERF1B	SMN2
SERF1B	NAIP
SMN1	SERF1B
MCCC2	MCOLN2
MCCC2	ENTPD3
MCCC2	NHLRC3
MAP1B	MAP1A
AC063979.2	LINC02056
FCHO2	XRN1
FCHO2	FRYL
FCHO2	CARMIL1
FCHO2	RAPGEF5
FCHO2	EML5
BTF3	JAGN1
BTF3	RPL15
BTF3	RPL29
BTF3	H2AFZ
BTF3	FAM50B
BTF3	UBXN1
LINC01335	LINC01332
LINC01331	NRP2
LINC01331	LINC01335
LINC01331	ETV7
LINC01331	EXPH5
ENC1	VXN
ENC1	AP003355.2
ENC1	LRRC10B
ENC1	PCDH8
ENC1	VSTM2L
ENC1	KCNJ4
NSA2	ZC3H11B
NSA2	CEBPZ
NSA2	AC013470.2
GCNT4	PTGS2
GCNT4	ARHGEF37
LINC01336	FZD5
LINC01336	TMEM200A
LINC01336	DGKH
F2R	TNIP3
S100Z	MEGF11
S100Z	AP005482.1
DMGDH	AC096759.1
DMGDH	LINC02234
DMGDH	SCML4
AC010260.1	AHR
AC008771.1	SLC12A5-AS1
DHFR	MTRNR2L10
RASGRF2	RCAN3
RASGRF2	CYP1B1-AS1
RASGRF2	TMEM65
RASGRF2	ANKRD42
RASGRF2	NT5DC3
RASGRF2	FBXO34
CKMT2	CKAP2
SSBP2	TSHZ1
ATG10	ATP6AP1L
RPS23	CISD2
EDIL3	LRIG3
TMEM161B-AS1	AL662907.3
TMEM161B-AS1	AC126118.1
TMEM161B-AS1	MBNL1
TMEM161B-AS1	AC069257.3
TMEM161B-AS1	LIFR
TMEM161B-AS1	AC026398.1
TMEM161B-AS1	SESN1
TMEM161B-AS1	SHPRH
TMEM161B-AS1	CACNA2D1
TMEM161B-AS1	AC092681.3
TMEM161B-AS1	DNA2
TMEM161B-AS1	ADD3
TMEM161B-AS1	CENPJ
TMEM161B-AS1	NAA16
TMEM161B-AS1	SLC24A1
TMEM161B-AS1	AC012645.3
TMEM161B-AS1	GSS
TMEM161B-AS1	AF127577.4
AC091826.2	AC007255.1
MEF2C	NECAB1
MEF2C	TRIM65
MEF2C-AS1	STXBP5-AS1
MEF2C-AS1	SLC5A12
CETN3	AC103736.1
CETN3	ZNF404
AC124854.1	LINC01923
AC124854.1	AC063944.3
AC124854.1	AC016687.2
AC124854.1	TMEM232
AC124854.1	AC004852.2
AC124854.1	COL13A1
NR2F1-AS1	NYAP2
NR2F1-AS1	TDRD7
NR2F1	AC018742.1
KIAA0825	UPP2
KIAA0825	MEF2C-AS1
KIAA0825	AL136307.1
KIAA0825	IMMP2L
MCTP1	DGKG
MCTP1	RSPO3
MCTP1	OPRM1
MCTP1	SFMBT2
ARSK	UFM1
GPR150	MARCH9
GPR150	KATNB1
SPATA9	AC008840.1
GLRX	ZNF541
ELL2	SH3GL2
PCSK1	LPL
PCSK1	PDE3A
PCSK1	SMAD9
PCSK1	GACAT2
AC009126.1	AC009961.1
AC009126.1	CPS1
AC009126.1	SMARCAL1
AC009126.1	SLC31A2
AC009126.1	GLYATL2
AC009126.1	SMCO2
LIX1-AS1	LINC01340
CHD1	TOR3A
CHD1	WFDC1
LINC02062	RAB30-AS1
LINC02062	AC008738.2
C5orf30	LINC00958
AC099520.1	TDRD10
AC099520.1	FAM129A
AC099520.1	CR1L
AC099520.1	AC092650.1
AC099520.1	LINC02267
AC099520.1	IQCM
AC099520.1	LINC01592
AC099520.1	HNF4G
AC099520.1	AC044810.3
AC099520.1	AC090833.1
AC099520.1	EXD1
AC099520.1	TMPRSS15
LINC01950	YBX3
LINC01950	LINC02328
EFNA5	SLC8A1
EFNA5	MED13L
EFNA5	DSCAM
FBXL17	WDPCP
FBXL17	ALMS1
FBXL17	KIAA0825
FBXL17	AC005537.1
FBXL17	RAB40A
FBXL17	PDE7A
FER	MAGI3
FER	LSAMP
FER	CDH10
FER	AC093523.1
FER	CCDC146
FER	AC010099.4
FER	RGP1
FER	UBXN1
FER	ZNF428
PJA2	UHMK1
PJA2	TSPYL5
PJA2	ZNF770
MAN2A1	COL11A1
TMEM232	HIBCH
TMEM232	AC120193.1
TMEM232	CFAP54
AC010275.1	PLN
AC010275.1	AL023584.2
AC010275.1	GIF
AC010275.1	LINC01894
AC010275.1	AC003681.1
STARD4-AS1	SGMS2
STARD4-AS1	NRL
STARD4-AS1	GALNT16
AC104126.1	AL391987.3
AC104126.1	AL807761.4
AC104126.1	CD4
AC104126.1	DRAM1
AC104126.1	AC007216.2
AC104126.1	RIPOR3
AC104126.1	VAV1
SRP19	DNTTIP2
SRP19	LYSMD3
SRP19	ITM2B
SRP19	ARG2
REEP5	NEFM
MCC	HDAC2-AS2
MCC	AASS
MCC	TRPM3
KCNN2	TTC34
KCNN2	KITLG
KCNN2	ZNF765
FEM1C	FER1L5
FEM1C	GCH1
FEM1C	AC126696.1
TMED7-TICAM2	CCPG1
LVRN	AC018635.2
AC034236.2	AC211476.2
AC034236.2	AC132192.2
COMMD10	EPC2
COMMD10	FAAH2
SEMA6A	CCDC175
LINC02208	AC093206.1
DTWD2	AL096803.3
DTWD2	NMT1
AC008574.1	ADAMTS9-AS2
AC008574.1	MCHR2-AS1
AC008574.1	THSD7A
AC008574.1	AQP9
AC119150.1	CR1L
AC119150.1	EYS
LINC02201	MYO7B
LINC02201	AC009107.2
CEP120	SPEN
CEP120	PHF3
CEP120	PBX3
CEP120	FAM214A
ZNF608	MATN2
LINC02240	VAV3-AS1
LINC02240	AC018680.1
LINC02240	PIWIL1
LINC02240	AC133919.1
LINC02240	AC068025.1
LINC02240	WFDC10B
LINC02240	LINC01754
PHAX	BOLA3-AS1
PHAX	CHMP3
LMNB1-DT	GTF2IRD2
LMNB1-DT	ARHGAP4
LMNB1	HTR6
LMNB1	GPR6
LMNB1	MYH7
CTXN3	CDC42EP3
CTXN3	PTK7
CTXN3	ENPP1
CTXN3	FAM213A
CTXN3	EDN3
CCDC192	LINC02015
CCDC192	FAM184B
CCDC192	AP003718.1
LINC01184	BCL2L15
LINC01184	AC097103.2
LINC01184	LINC00884
LINC01184	BDH1
LINC01184	AC116366.3
LINC01184	HLA-DMA
LINC01184	HDAC2-AS2
LINC01184	ENOX2
LINC01184	TRAPPC9
LINC01184	INVS
LINC01184	PALM2-AKAP2
LINC01184	AP003059.1
LINC01184	AL359232.1
LINC01184	SPATA7
FBN2	KCNE4
FBN2	RHOH
FBN2	MSN
FBN2	FIRRE
FBN2	LINC00393
FBN2	HCK
FBN2	PLIN3
FBN2	AC024563.1
SLC27A6	INO80D
ISOC1	ZC3HAV1
ISOC1	RAB3IL1
ISOC1	TMEM159
AC008591.1	DYNC2LI1
AC008591.1	AC110079.2
AC008591.1	CCR6
AC008591.1	RIMKLB
AC008591.1	AC131009.2
CHSY3	THRB
CHSY3	NWD2
CHSY3	TRPC5
CHSY3	NELL1
CHSY3	SHISA9
CHSY3	SDCBP2
HINT1	MZT2B
HINT1	FIS1
HINT1	BEX3
HINT1	FTH1
HINT1	MRPL51
HINT1	ZNF428
HINT1	DDT
AC034228.3	ASH1L-AS1
ACSL6	RPF1
ACSL6	GALNT2
ACSL6	SORCS2
ACSL6	AP5B1
ACSL6	MTHFSD
P4HA2	MYT1L-AS1
P4HA2	CXorf56
P4HA2	RAB39A
P4HA2	JAM3
P4HA2	MAPT-AS1
P4HA2	AC007773.1
P4HA2	NFKBID
SLC22A4	OGG1
SLC22A4	WAS
AC116366.3	CENPP
TH2LCRR	AP000787.1
AC004039.1	AL354949.1
AC004039.1	AC239802.2
AC004039.1	AC139491.4
AC004039.1	AL022097.1
AC004039.1	FUCA2
AC004039.1	AC009542.1
AC004039.1	SMIM19
AC004039.1	NANS
AC004039.1	AP001790.1
AC004039.1	AL049840.1
AC004039.1	AC073167.1
AC004039.1	IGSF6
AC004039.1	AC109460.2
AC004039.1	CMIP
AC004039.1	AC015849.3
AC004039.1	CCDC47
SOWAHA	IGFBP4
UQCRQ	NPPA
UQCRQ	MAN1C1
UQCRQ	DPM3
UQCRQ	MRPL24
UQCRQ	RNF181
UQCRQ	AC068631.2
UQCRQ	ZNF727
UQCRQ	RBM33
UQCRQ	AC244090.1
UQCRQ	ATP5MD
UQCRQ	NDUFB1
UQCRQ	TBC1D2B
UQCRQ	SLC35B1
UQCRQ	SNRPB2
UQCRQ	COX7A1
HSPA4	METTL21A
HSPA4	CHORDC1
HSPA4	HSPH1
AC010307.2	TGFB3
FSTL4	AC096564.1
FSTL4	HS6ST2
AC010307.3	AC108451.1
VDAC1	PCMT1
VDAC1	VDAC2
TCF7	CHURC1-FNTB
TCF7	CMTM2
SKP1	SRP9
SKP1	COPS8
SKP1	HNRNPA0
SKP1	FUNDC1
SKP1	CFAP20
SKP1	THAP11
SKP1	EIF1
SKP1	PRKAR1A
SKP1	EIF4A3
SKP1	ATP5F1A
SKP1	CYTH2
AC104109.3	RBM8A
AC104109.3	ZNF275
CDKN2AIPNL	BOD1
AC005355.1	JSRP1
C5orf24	AC016717.2
C5orf24	IL6ST
C5orf24	AC107952.2
C5orf24	AP000766.1
C5orf24	AL157931.1
PCBD2	AC064807.1
PCBD2	AC008758.1
C5orf66	AL122035.1
CXCL14	DLX6-AS1
SPOCK1	AC138647.1
SPOCK1	GFRA1
SPOCK1	FPR2
KLHL3	CRYGA
HNRNPA0	USP1
HNRNPA0	TMEM183A
HNRNPA0	PLK2
HNRNPA0	ATP6V1B2
HNRNPA0	PDCL
HNRNPA0	CFL1
HNRNPA0	ARCN1
HNRNPA0	LCMT2
HNRNPA0	SF3A1
AC106791.1	ALDH1L2
PKD2L2	MYOT
WNT8A	AC073082.1
EGR1	EGR4
EGR1	EGR2
EGR1	ARL4D
AC011405.1	AC138819.1
AC011405.1	AC073912.1
AC011405.1	AC026471.1
AC011405.1	AC006270.1
AC011405.1	AC006116.8
CXXC5	HSPB7
CXXC5	PLEKHO1
CXXC5	SORBS3
AC008667.1	SLC22A4
NRG2	EEFSEC
NRG2	PPP2R2C
NRG2	PHYKPL
NRG2	TCP11L2
PURA	CAMK2N1
PURA	OGFRL1
PURA	AF106564.1
IGIP	PCYOX1
IGIP	HCG11
IGIP	SERINC1
IGIP	HCFC1
IGIP	DIRAS2
IGIP	SIRPA
CYSTM1	AIMP2
CYSTM1	TTPAL
AC008438.2	PSCA
NDUFA2	MRPL20
NDUFA2	CCK
NDUFA2	LSM1
NDUFA2	ATP5MC2
NDUFA2	DAD1
NDUFA2	NDUFB7
IK	AC073073.2
IK	HNRNPA1L2
HARS2	RDH11
AC005609.5	STPG2
PCDHB3	PCDHB2
PCDHB3	AC244517.1
AC244517.11	AP001453.1
PCDHB6	PCDHB4
PCDHB12	PCDHB11
PCDHB13	PCDHB7
TAF7	PCBD1
TAF7	ABCC1
TAF7	ZNF846
RELL2	GALE
RELL2	SLC29A1
RELL2	NUDT22
RELL2	HMBS
FCHSD1	PAQR7
FCHSD1	PAQR6
ARAP3	TFAP2E
ARAP3	AC009226.1
ARAP3	FBLN2
ARAP3	TRAIP
ARAP3	GPR156
ARAP3	BFSP2-AS1
ARAP3	GPR78
ARAP3	FCHSD1
ARAP3	SPDEF
ARAP3	PGC
ARAP3	SPAAR
ARAP3	CR769775.2
ARAP3	AL137145.2
ARAP3	AL117339.5
ARAP3	CDH23
ARAP3	NCKAP1L
ARAP3	LINC00457
ARAP3	LINC02299
ARAP3	TMEM179
ARAP3	FANCA
ARAP3	AC027801.1
ARAP3	DLX4
ARAP3	GATD3A
PCDH1	MCM6
PCDH1	BAHD1
PCDH1	AL049749.1
SPRY4	ZDHHC23
SPRY4-AS1	AC007389.3
SPRY4-AS1	AC007389.5
SPRY4-AS1	AC097487.1
SPRY4-AS1	LINC01844
SPRY4-AS1	COL10A1
SPRY4-AS1	CRH
SPRY4-AS1	AC079098.1
SPRY4-AS1	SHC4
SPRY4-AS1	HSD11B2
SPRY4-AS1	SMAD4
SPRY4-AS1	SPRED3
LINC01844	LINC02133
ARHGAP26	RAPGEF5
ARHGAP26-AS1	AC104827.1
KCTD16	SATB2
KCTD16	CHSY3
KCTD16	TRPS1
KCTD16	KCNC2
PRELID2	AC132803.1
PRELID2	AC137770.1
SH3RF2	C4orf54
AC091887.1	LINC02576
AC091887.1	CP
AC091959.3	AC245140.3
PPP2R2B	CNTNAP5
PPP2R2B	CD2AP
PPP2R2B	TBC1D32
PPP2R2B	FUT8
DPYSL3	ATP11C
JAKMIP2-AS1	AL139147.1
JAKMIP2	ARID1B
JAKMIP2	KIAA1958
AC091948.1	GLIPR1L2
AC091948.1	CPB2-AS1
AC091948.1	FBXO15
SH3TC2	SMOC1
ABLIM3	NEK2
ABLIM3	DNAH14
ABLIM3	CLMN
ABLIM3	LINC01273
GRPEL2	LINC00667
PCYOX1L	AL049795.1
ARHGEF37	KCP
PPARGC1B	NEURL4
RPS14	OOEP
RPS14	RPS25
RPS14	RPS26
NDST1-AS1	LINC01185
NDST1-AS1	EIF4EBP1
NDST1-AS1	AC002310.4
SYNPO	MON1A
SYNPO	CXorf57
SYNPO	FBXO10
SYNPO	NSMF
SYNPO	EPOP
SYNPO	MAST3
SYNPO	ZNF430
SYNPO	STRN4
RBM22	PABPC4
RBM22	RBM15
RBM22	NCL
RBM22	PCIF1
CCDC69	HAP1
SLC36A1	BTG3
GLRA1	LINC01933
LINC01933	AC096719.1
LINC01470	AL033530.1
LINC01470	LINC01968
LINC01470	MYO3A
SAP30L	ARMH1
SAP30L	MAGT1
FAXDC2	SEC14L4
FAXDC2	SEC14L6
SGCD	FAM131C
SGCD	IGSF11
SGCD	AL138694.1
HAVCR1	AL390728.5
HAVCR1	HEG1
HAVCR2	AL390957.1
HAVCR2	BST1
HAVCR2	SPAAR
HAVCR2	AC026786.1
HAVCR2	ACSM1
HAVCR2	AC024592.3
FNDC9	CA11
ADAM19	JRKL
UBLCP1	AC074032.1
ADRA1B	SNRPF
CCNJL	AC012435.2
PTTG1	TXNRD3NB
PTTG1	RANBP10
PTTG1	LGALS1
GABRA6	OR2G6
GABRA6	OR2T10
GABRA6	MYOZ2
GABRA6	TINAG
GABRA6	GSAP
GABRA6	FLNC-AS1
GABRA1	BZW1
GABRA1	TMX4
LINC01202	LINC02217
LINC01202	OTOGL
AC113414.1	AL023495.1
AC113414.1	F13A1
NUDCD2	DDX20
NUDCD2	TMEM243
MAT2B	ANKRD34C
AC008662.1	AMPD1
LINC02143	PRSS23
AC008415.1	AC109466.1
AC008415.1	AC114321.1
TENM2	PDE7B
TENM2	SEMA6D
AC008708.2	NUP43
AC008708.2	AP000350.6
AC011369.1	AC016735.1
AC011369.1	AC019197.1
AC011369.1	PACRG-AS3
AC011369.1	PCLO
AC011369.1	LZTS1-AS1
AC011369.1	AC079061.1
AC011369.1	AP003049.2
AC011369.1	A2M-AS1
AC011369.1	AC007450.1
AC011369.1	AL356515.1
AC011369.1	CHST9
AC011369.1	AC006262.2
AC011369.1	AP001610.1
WWC1	MARCH4
WWC1	CACNG3
FBLL1	CLDND1
FBLL1	TCOF1
FBLL1	MTPN
FBLL1	AL121917.1
FBLL1	WIZ
FBLL1	CSNK1E
SLIT3	WNT9A
AC011389.1	CLIP1-AS1
DOCK2	AC234582.1
FAM196B	KCNN3
FAM196B	GRHL1
FAM196B	FOXN2
FAM196B	KIAA2012
FAM196B	AL160313.1
DUSP1	BTG2
DUSP1	ZNF391
DUSP1	SPRY2
ERGIC1	FBXO31
ERGIC1	PITPNM3
LINC01411	AP003181.1
DRD1	FAM161A
DRD1	LRRN3
DRD1	AL049836.1
DRD1	SNPH
HRH2	DRP2
HRH2	TESC
HRH2	PNPLA5
CPLX2	GCC2-AS1
CPLX2	SCN1B
KIAA1191	LGALSL
KIAA1191	C11orf68
KIAA1191	NCOA4
NOP16	LINC02361
NOP16	NOP56
CLTB	PAFAH1B3
RNF44	CLCN6
RNF44	DUSP7
RNF44	ZNF304
GPRIN1	KLHL21
SNCB	MSS51
EIF4E1B	KANSL2
TSPAN17	BRMS1
TSPAN17	NANOS3
HK3	AL049557.1
UIMC1	AL158152.2
FGFR4	RFPL3S
PRELID1	TBCC
PRELID1	ITM2A
PRELID1	ATG101
PRELID1	PIP4P1
PRELID1	PHB
F12	QPCT
F12	POLB
F12	FREM1
F12	SNCG
F12	SERPINF1
F12	TICAM1
PRR7	GPR162
PRR7	NRAV
PRR7	NNAT
PRR7	RASL10A
PDLIM7	VILL
PDLIM7	TMCO6
PDLIM7	RASGRP2
PDLIM7	RAB26
PDLIM7	RAPGEFL1
DOK3	ITGA10
DOK3	OLFM2
DOK3	VSTM2B
DOK3	CPT1C
DDX41	PIAS3
DDX41	G6PD
DDX41	DNAJC4
DDX41	ESRRA
DDX41	PPP1CA
DDX41	EIF4A1
DDX41	REEP6
DDX41	KXD1
TMED9	GUK1
TMED9	DDX54
TMED9	STARD9
TMED9	MPDU1
TMED9	DLL3
TMED9	FTL
B4GALT7	GYG1
B4GALT7	POLD1
FAM153A	AC140125.2
FAM153C	FAM153A
NHP2	DUSP23
NHP2	TMED9
NHP2	TIMM17B
NHP2	EMC4
NHP2	IMP3
NHP2	CST3
PHYKPL	ATG9A
PHYKPL	METTL27
PHYKPL	AP001462.1
PHYKPL	WDR73
ZNF454	ZNF613
ADAMTS2	HSD11B2
AC136604.2	TM4SF1-AS1
AC136604.2	BOD1L1
AC136604.2	NAA38
AC136604.2	NKPD1
HNRNPH1	SRSF6
MAML1	NFATC3
MGAT4B	MARCH9
MGAT4B	DOK4
MGAT4B	CIC
RASGEF1C	MID1
RASGEF1C	RASSF3
AC008610.1	AL138960.1
RACK1	AL357673.1
RACK1	GSTP1
RACK1	PIGH
TRIM52	LINC01429
AC138035.2	AC093274.1
AC138035.2	AC069287.1
AL357054.2	LIX1-AS1
AL357054.3	AL357054.2
FOXF2	FOXQ1
GMDS	ERC2
GMDS	INSL3
GMDS-DT	AL031275.1
GMDS-DT	LINC00970
GMDS-DT	AC007388.1
GMDS-DT	ZMAT1
GMDS-DT	RAP2C-AS1
GMDS-DT	IFT88
GMDS-DT	AC016705.2
BPHL	URB2
BPHL	STRADB
BPHL	XPC
BPHL	AC079848.1
BPHL	ZNF517
BPHL	YAP1
BPHL	COX15
BPHL	ALG11
BPHL	STARD5
BPHL	TRARG1
TUBB2A	TUBA4A
PRPF4B	CEBPZ
PRPF4B	AC004231.1
PRPF4B	CTAGE1
PRPF4B	ZNF181
PRPF4B	SPECC1L
FAM217A	SRRM2-AS1
AL162718.1	AC090572.3
CDYL	LINC02389
FARS2	AC103923.1
FARS2	ARHGEF33
FARS2	PUS10
FARS2	TTN-AS1
FARS2	LINC00894
FARS2	ACER2
AL136307.1	AL590705.1
AL136307.1	LINC00658
NRN1	GAP43
NRN1	DNA2
NRN1	KIF1BP
NRN1	PSMG1
LY86-AS1	LYPD8
LY86-AS1	C10orf67
LY86-AS1	TMED3
LY86	BATF3
LY86	NT5E
RREB1	ANGPT1
AL139095.4	AC007163.1
AL139095.4	AC012085.2
AL139095.4	PCDH9-AS1
AL139095.4	AC005523.2
SNRNP48	COL6A3
SNRNP48	CRYBB1
GCNT2	LAMC2
GCNT2	EXO1
GCNT2	AC027117.2
GCNT2	LYN
GCNT2	AC037486.1
GCNT2	PLPP4
GCNT2	SINHCAF
GCNT2	RNF135
GCNT2	RHPN2
GCNT2	CECR2
MAK	AL109936.6
MAK	LINC01103
MAK	CFAP44-AS1
MAK	AC011632.1
SYCP2L	AL024498.2
SYCP2L	AC079760.1
SYCP2L	RFC3
SYCP2L	EFCAB11
SYCP2L	CDH3
SYCP2L	AF165147.1
SMIM13	AC011978.2
SMIM13	ANKRD40
NEDD9	CHRM5
ADTRP	C8orf34-AS1
PHACTR1	GRM8
PHACTR1	RHOBTB1
NOL7	ZNF783
NOL7	CDC26
NOL7	ADNP-AS1
RNF182	AL118508.1
AL138720.1	TNFRSF8
AL138720.1	XIRP2
AL138720.1	COX7B2
AL138720.1	AP001458.2
AL138720.1	POU2F3
JARID2	HENMT1
JARID2	LRIG1
JARID2	SHROOM3
JARID2	SNX25
ATXN1	PRKCE
ATXN1	ELOVL6
ATXN1	GALNT17
ATXN1	EXT1
ATXN1	SLC8A3
ATXN1	EFL1
ATXN1	CDH11
CAP2	PLEKHD1
CAP2	C16orf87
FAM8A1	TMEM81
FAM8A1	RAD21
FAM8A1	FADD
KIF13A	AL121768.1
DEK	LYZL4
DEK	COL23A1
DEK	SMC3
DEK	PUS1
E2F3	CRYBG3
E2F3	SKA2
E2F3	AP005121.1
AL512380.2	PCYOX1
AL512380.2	LMNB1-DT
AL512380.2	ZNF232
SOX4	ACTN2
NBAT1	AC118755.2
DCDC2	AL365255.1
DCDC2	PCOLCE
GPLD1	CENPF
RIPOR2	AC096677.1
RIPOR2	PRPS2
RIPOR2	PPP1R3D
RIPOR2	AC005394.1
CARMIL1	TMEM56-RWDD3
CARMIL1	ERFE
CARMIL1	JAK2
HIST1H4C	HEATR9
HIST1H2AC	SPTSSB
HIST1H2AC	HIST1H2BD
HIST1H1E	HIST1H1C
HIST1H2BD	PLA2G12B
HIST1H2BD	C19orf38
BTN3A2	BTN3A1
BTN2A1	AC110995.1
HCG11	GTF3C4
HCG11	AC020911.2
HMGN4	SCRN3
HMGN4	TRNT1
HMGN4	HARS2
HMGN4	HCG25
HMGN4	AGAP3
HMGN4	NUDT2
HMGN4	CCS
HMGN4	AL591767.1
HMGN4	DHX33
HMGN4	ADPRM
HMGN4	ZNF699
HMGN4	ZNF350
HMGN4	LINC01637
ABT1	ADCK2
ZKSCAN8	FBXO8
ZKSCAN8	TMEM161B
ZKSCAN8	AL078639.1
ZKSCAN8	AL353608.2
ZKSCAN8	LEMD3
ZKSCAN4	ZNF485
ZSCAN23	AL603839.3
MOG	TMEM144
MOG	CARNS1
MOG	SLCO1A2
MOG	TMEM235
HLA-A	HLA-F
HCG18	CHKB-DT
MRPS18B	AC008771.1
ATAT1	MON1A
C6orf136	MCRS1
NRM	ERAS
TUBB	TUBB4A
IER3	ANKRD9
BAG6	FASN
BAG6	DDX39A
ABHD16A	ATP6V1G2-DDX39B
ABHD16A	PRC1
ABHD16A	PDXP
AL662899.1	CLDN4
LSM2	POLR3GL
HSPA1A	HSPA1B
HSPA1A	DNAJB1
HSPA1B	PTHLH
C6orf48	PPP1R14A
C2	LINC01800
C2	FO393400.1
DXO	SHROOM1
DXO	DHPS
TNXB	DUOXA1
TNXB	MVP
TNXB	AC002310.5
TNXB	SMARCD2
ATF6B	FAM153C
FKBPL	DDX28
PRRT1	AC011374.2
PRRT1	NR1D1
PRRT1	TUBB4A
AGPAT1	PRMT6
AGPAT1	CHRNB2
AGPAT1	CHRM1
RNF5	PDCL3
RNF5	MRPS10
AGER	AL592211.1
HLA-DQB1	HLA-DRB1
AL645941.2	HLA-DMB
HLA-DMA	AL645941.2
BRD2	ACKR1
BRD2	LINC02170
BRD2	PCGF2
HLA-DPA1	HCG24
RXRB	PREB
RING1	PORCN
RPS18	RPS27
RPS18	PDE6A
RPS18	SMIM27
RPS18	SLIRP
RPS18	AC142472.1
WDR46	SKIV2L
WDR46	RXYLT1
WDR46	TSHZ1
WDR46	PNKP
WDR46	LINC01547
PFDN6	ZNF678
PFDN6	AC231533.1
PFDN6	CORO1A
PFDN6	CTU2
RGL2	SLC5A6
PHF1	PRR14
CUTA	ATRAID
CUTA	POMP
CUTA	ALKBH7
SYNGAP1	BCL9L
SYNGAP1	ICAM5
UQCC2	AC009779.2
LEMD2	PPP2R3B
LEMD2	LTB4R
LEMD2	NPIPB15
LEMD2	HEXDC
GRM4	KIF21B
GRM4	KCNK9
HMGA1	SLC2A1
HMGA1	NAIF1
HMGA1	RAC3
HMGA1	SNAPC2
SMIM29	SYP
SMIM29	YDJC
NUDT3	NPTX1
NUDT3	CBX6
RPS10-NUDT3	GP6
SPDEF	LINC00467
SPDEF	LINC02115
SPDEF	FRS3
SPDEF	GTPBP3
AL451165.2	BX284668.6
AL451165.2	AC002310.1
ANKS1A	REEP3
ANKS1A	LINC01315
SCUBE3	AC017002.5
SCUBE3	AC009120.4
SCUBE3	TAC4
SCUBE3	AL133227.1
RPL10A	SOD2-1
RPL10A	APOO
RPL10A	TFPT
FKBP5	LTBP1
LHFPL5	AC011247.1
SLC26A8	AC104411.1
SLC26A8	AC022915.2
SRSF3	CACNA1F
SRSF3	AC092745.1
CPNE5	ASAP3
CPNE5	PCBP3
PPIL1	LAP3
MTCH1	SLBP
MTCH1	NUCB1
BTBD9	MTUS2
BTBD9	HLCS
DNAH8	UTS2B
DNAH8	TMEM114
DNAH8	KCTD19
DNAH8	NPHS1
DNAH8	PIK3IP1-AS1
DAAM2	LINC01608
DAAM2	BEST1
LINC00951	AP001025.1
AL139275.1	SNRK-AS1
LRFN2	DCLRE1B
LRFN2	ISY1-RAB43
LRFN2	NRG2
LRFN2	LINC00106
LRFN2	ADGRA2
LRFN2	NEK6
LRFN2	AP000487.1
LRFN2	ZIK1
TFEB	MAML2
TFEB	AC004702.1
FRS3	CDK9
FRS3	AC005962.1
MRPS10	CSTF1
TRERF1	AC019118.2
TRERF1	PDIA5
TRERF1	MAP3K5
TRERF1	RAB11FIP1
TRERF1	TMOD1
TBCC	TMED9
TBCC	BYSL
TBCC	SLC25A6
TBCC	RITA1
TBCC	MOCS3
TBCC	FAM32A
RPL7L1	COA7
RPL7L1	SLC35B4
RPL7L1	MED29
C6orf226	AL355353.1
C6orf226	AC073842.1
C6orf226	MRPS26
AL035587.1	GNMT
MEA1	ZDHHC11B
PTK7	HS3ST3B1
SRF	PABPC4
SRF	CELF3
SRF	CSRNP1
SRF	AC124045.1
SRF	AL022069.1
SRF	ZNF316
SRF	AC124242.1
SRF	ZNF395
SRF	FUT11
SRF	R3HDM4
CUL9	OSBPL7
DNPH1	AC064836.3
DNPH1	C6orf226
DNPH1	FAM163B
DNPH1	AC116535.1
DNPH1	ACOT4
DNPH1	AC027682.4
DLK2	LINC01031
DLK2	LIMS1
DLK2	MFSD10
DLK2	AC025539.1
DLK2	CENPK
LRRC73	AC107373.2
YIPF3	PHB2
RSPH9	LINC01498
VEGFA	AL109615.3
MRPL14	CNGB3
HSP90AB1	PEA15
HSP90AB1	RBM18
HSP90AB1	CDK2AP2
NFKBIE	CPLX1
TMEM151B	AC137630.1
TMEM151B	AC234772.2
TMEM151B	AL049780.2
TMEM151B	ZNF543
TMEM151B	SEPT5
CYP39A1	KANSL1L
CYP39A1	MUM1L1
CYP39A1	AK3
CYP39A1	CASP7
CYP39A1	AC015909.2
CYP39A1	NDUFV2-AS1
SLC25A27	CPA4
ADGRF5	PIK3C2G
CD2AP	HTATIP2
CD2AP	ANKRD2
ICK	DGKD
ICK	SPRY3
ICK	SESN3
ELOVL5	STARD4
ELOVL5	LURAP1L-AS1
ELOVL5	INPP5A
TINAG	TGIF1
HMGCLL1	PRR16
AL512422.1	Z99127.1
AL512422.1	AL596218.1
AL512422.1	AGBL5
AL512422.1	CHAC2
AL512422.1	PSMD6-AS2
AL512422.1	AC112196.1
AL512422.1	AC091887.1
AL512422.1	AC073343.2
AL512422.1	CXorf38
AL512422.1	DAO
AL512422.1	AC005480.1
AL512422.1	SNAP25-AS1
AL512422.1	AL109930.1
KIAA1586	CATSPERZ
KIAA1586	RFXAP
ZNF451-AS1	Z99758.1
ZNF451-AS1	AC018682.1
ZNF451-AS1	LXN
ZNF451-AS1	TSTD3
ZNF451-AS1	AL360227.1
ZNF451-AS1	NFE2L3
ZNF451-AS1	CYP51A1-AS1
ZNF451-AS1	AC104316.1
ZNF451-AS1	MUSK
ZNF451-AS1	AC089998.4
ZNF451-AS1	PSMA3
ZNF451-AS1	GNAO1
ZNF451-AS1	AC139769.2
ZNF451-AS1	AC011466.3
BAG2	AL355472.4
BAG2	ADGRF3
AL021368.3	COLCA2
AL021368.3	AC124066.1
AL021368.2	AL021368.1
KHDRBS2	PCDH7
KHDRBS2	CNTN5
KHDRBS2	PCDH9
PTP4A1	CC2D2A
PTP4A1	EGR1
PTP4A1	TSPYL1
PTP4A1	KLF10
PTP4A1	AL021707.2
PHF3	AC068282.1
PHF3	AC020559.1
PHF3	AC018638.7
PHF3	SLC10A5
PHF3	AC003005.1
AL391807.1	IRS1
AL391807.1	NRBP2
AL391807.1	C9orf163
AL391807.1	DNM1P35
AL391807.1	FGF22
ADGRB3	CADM2
ADGRB3	STXBP5L
ADGRB3	ADGRL3
ADGRB3	COMMD10
ADGRB3	MAGI2
ADGRB3	CNTNAP2
ADGRB3	NANS
ADGRB3	CD5
ADGRB3	NBEA
ADGRB3	TCF4
B3GAT2	MAMDC2
OGFRL1	PCDH10
OGFRL1	KLF13
OGFRL1	PROSER3
OGFRL1	CAPN12
RIMS1	LINC01748
RIMS1	SENP7
RIMS1	SPEF2
RIMS1	GRIK2
RIMS1	ZNF704
RIMS1	GPR158
RIMS1	PTPRR
OOEP	AL929472.2
OOEP	GGACT
OOEP	COCH
AL590428.1	OPN4
AL357507.1	ITGAM
COX7A2	NDUFAB1
COX7A2	ATP5F1E
COX7A2	AC010642.2
COX7A2	KLHL22
TMEM30A	PHF13
TMEM30A	CHMP2B
TMEM30A	PHLDA1
IRAK1BP1	AC010884.1
IRAK1BP1	CEP162
IRAK1BP1	CEP126
IRAK1BP1	SAXO2
TPBG	PFKFB2
UBE3D	LINC00882
PGM3	CEP95
AL034347.1	LRRC66
AL034347.1	LSMEM1
AL034347.1	AC092142.1
AL034347.1	AP001099.1
CEP162	CEP135
HTR1E	SLC25A24
HTR1E	SPAG17
HTR1E	FGF10
HTR1E	AC008691.1
HTR1E	AC009812.1
HTR1E	SLITRK5
HTR1E	AL122035.1
AL139274.2	AC104695.2
AL139274.2	ARF4-AS1
AL139274.2	AC104984.2
SLC35A1	AL157700.1
RARS2	RAVER2
RARS2	AC106791.1
RARS2	AL359715.1
RARS2	AL590705.1
ORC3	LINC01829
ORC3	TSEN2
ORC3	TRANK1
ORC3	AL683813.1
ORC3	EFCAB11
ORC3	C19orf57
ORC3	ZNF737
AKIRIN2	LRIF1
AKIRIN2	CRIPT
PNRC1	DEK
PNRC1	RECQL5
PNRC1	AL049650.1
GABRR1	NAA11
GABRR1	LINC01099
GABRR1	CHRNA6
GABRR1	TCF24
GABRR1	LINC00858
ANKRD6	AL031118.1
BACH2	KCNAB1
BACH2	UST
AL132996.1	MROH6
EPHA7	MPL
EPHA7	ACO1
EPHA7	TRPC4
EPHA7	AC087164.1
FUT9	SSBP2
AL033379.1	PCDH9-AS3
GPR63	NAALAD2
NDUFAF4	STUB1
KLHL32	AKAP3
MMS22L	MOGAT1
MMS22L	AC113383.1
MMS22L	AC068722.1
MMS22L	BRIP1
FBXL4	C3orf58
FBXL4	SHKBP1
USP45	HES1
USP45	MCM8
MCHR2	DCT
AL133338.1	AP001816.1
GRIK2	AC093843.1
GRIK2	PDE4D
LIN28B	LIN28B-AS1
LIN28B	TWIST1
LIN28B	SLA
LIN28B	CBLN3
BVES	LYPD6B
BVES-AS1	BVES
BVES-AS1	PKNOX2-AS1
PREP	KCNN2
PREP	NEBL
PREP	CEP131
AL591518.1	AC116049.2
CRYBG1	AC026391.1
RTN4IP1	ZNF717
RTN4IP1	LSG1
RTN4IP1	ATG10
SCML4	FAM71F1
SNX3	ALDH2
SNX3	TRPV1
SNX3	TIMM21
SNX3	SPPL2B
AFG1L	PSME4
AFG1L	LINC01184
AFG1L	FOCAD
ARMC2	LYPD1
ARMC2	AC007563.2
ARMC2	AC243829.1
ARMC2	AC006504.5
SESN1	WDR64
SESN1	ART3
SESN1	KIF13A
SESN1	AL355607.1
SESN1	AC004158.1
PPIL6	DNAJC3-DT
PPIL6	AC020915.3
ZBTB24	AL451085.2
ZBTB24	NME6
ZBTB24	AL022157.1
ZBTB24	AL731569.1
ZBTB24	DCAF11
ZBTB24	AC009053.2
AK9	AL158071.4
AK9	CCDC178
AK9	MIR99AHG
AMD1	ST5
AMD1	C12orf29
TRAF3IP2-AS1	MID2
TRAF3IP2-AS1	AC005225.2
TRAF3IP2-AS1	PARD6G
TRAF3IP2-AS1	PKNOX1
TRAF3IP2	MEF2C-AS2
LAMA4	AC117513.1
LAMA4	VEGFC
LAMA4	LMO7DN
AL513123.1	AC129807.1
AL513123.1	NPIPB13
MARCKS	CDKL4
MARCKS	PJA2
MARCKS	ID4
MARCKS	USP27X
HS3ST5	SMYD2
HS3ST5	CDH6
HS3ST5	DLC1
HS3ST5	TRPM3
COL10A1	BTNL8
COL10A1	LINC00924
TSPYL4	PPP2CB
TSPYL4	KLHL9
TSPYL1	TSPYL4
TSPYL1	VMA21
ROS1	STUM
ROS1	SLC38A11
ROS1	GML
SLC35F1	KCNK2
SLC35F1	VWC2L
SLC35F1	ZNF385D
SLC35F1	CLSTN2
SLC35F1	LINC02082
SLC35F1	FSTL5
SLC35F1	HS3ST5
SLC35F1	SAMD5
SLC35F1	AL033504.1
SLC35F1	POU6F2
SLC35F1	FOXP2
SLC35F1	CHRM2
SLC35F1	SLC24A2
SLC35F1	GSN
SLC35F1	PDZRN4
SLC35F1	TNFRSF19
SLC35F1	HS3ST4
SLC35F1	MATN4
CEP85L	ITGB1
CEP85L	MSRB3
MCM9	DLEU7
MAN1A1	FAM110C
TBC1D32	AL445472.1
GJA1	GPR37L1
GJA1	FGFR3
GJA1	SLC1A3
GJA1	PON2
GJA1	APOE
SERINC1	PJA2
SERINC1	AL139393.2
CLVS2	MUTYH
CLVS2	PDCD4
CLVS2	LINC01992
TRDN-AS1	LINC01470
TRDN-AS1	AC092100.1
TRDN-AS1	POF1B
TRDN-AS1	AL589669.1
TRDN-AS1	AC021733.1
TRDN-AS1	AL691420.1
TRDN-AS1	OTX2-AS1
TRDN-AS1	ADORA2B
NKAIN2	DOK6
RNF217	KIAA0895
RNF217	AC083843.3
RNF217	NARFL
RNF217	GNA13
NCOA7-AS1	AC006160.1
AC020559.1	SNRK-AS1
AC020559.1	AC006148.1
AC020559.1	AP001596.1
RSPO3	EFR3B
RSPO3	ARSK
RSPO3	COL21A1
RSPO3	RASEF
RSPO3	PRMT8
AL096711.2	LPO
THEMIS	DEPDC1-AS1
THEMIS	KCNJ8
THEMIS	MYBPC1
PTPRK	SPOCK3
AL590006.1	AC135371.1
AL590006.1	CDR1
LAMA2	AC112206.2
ARHGAP18	AL356124.1
TMEM244	ARHGAP18
TMEM244	DBX2
TMEM200A	SAMD3
EPB41L2	HHAT
EPB41L2	PRKG2
CTGF	VANGL2
CTGF	THBS2
CTGF	FIBCD1
CTGF	CYP26A1
CTGF	OAS1
AL133346.1	AC022126.1
AL133346.1	AL021408.1
AL133346.1	LINC01013
AL133346.1	ATP4A
LINC01013	GALR1
MOXD1	AC105180.1
MOXD1	ANKRD30A
TARID	AC006305.1
SLC2A12	AC009948.1
AL078590.2	AL078590.3
LINC00271	PLAG1
LINC00271	ZBED5-AS1
PDE7B	SAMD13
PDE7B	LIMD1
PDE7B	GLIS3
PDE7B	COL5A1
PDE7B	MN1
AL138828.1	RAPH1
AL138828.1	ARL9
AL138828.1	AP001825.1
AL023284.4	KCNIP2
AL023284.4	PAN2
AL023284.4	AC078909.2
AL023284.4	AP000322.1
AL024508.2	ZNF260
MAP3K5	MED12L
MAP3K5	MEIS2
MAP3K5	TCF12
AL024508.1	LSM5
AL024508.1	CYP3A5
PEX7	CDC7
PEX7	GSTCD
PEX7	FBXL4
PEX7	METTL24
ABRACL	SIAH3
AL031772.1	AL121983.2
AL031772.1	LINC02436
AL031772.1	MACC1
AL031772.1	AC021736.1
AL031772.1	SLC30A8
AL031772.1	AC135586.2
AL031772.1	GSG1L2
AL031772.1	ACER1
AL031772.1	PRX
AL158850.1	AC009264.1
CITED2	AL161645.1
AL050338.1	ITPR3
FUCA2	NHLRC3
UTRN	IFIH1
UTRN	SCN9A
UTRN	AP001636.3
FBXO30	AC018645.2
FBXO30	AC010132.4
SHPRH	GPA33
SHPRH	CPO
SHPRH	MEOX2
SHPRH	IQUB
SHPRH	GNRH1
SHPRH	USP47
SHPRH	LINC02373
SHPRH	LINC01068
SHPRH	RPS6KA5
SAMD5	AL033504.1
AL513164.1	C1QTNF9B
UST	RPH3A
AL355312.2	MAP3K15
LRP11	CAPN10-DT
LRP11	NPDC1
LRP11	RNF215
AL138733.1	AL592295.3
AL138733.1	CNGA1
AL138733.1	C4orf51
AL138733.1	ZPBP
AL138733.1	PLAT
AL138733.1	AC089983.1
AL138733.1	CCDC92
CCDC170	ESR1
SYNE1	MYOZ3
SYNE1	ANO5
SYNE1	UNC13C
AL355297.4	P4HA2
ARID1B	RRP9
ARID1B	NFKB1
ARID1B	PEX16
ZDHHC14	FAM19A5
SNX9	AF117829.1
AL035634.1	AC008906.2
AL035634.1	MTUS2-AS2
GTF2H5	EBPL
DYNLT1	ARIH2OS
DYNLT1	GNGT1
DYNLT1	FAM200A
DYNLT1	AP4M1
DYNLT1	HILPDA
DYNLT1	PAXIP1-AS1
DYNLT1	AKIP1
DYNLT1	TMEM223
DYNLT1	TMEM179B
DYNLT1	NDUFV1
DYNLT1	AQP11
DYNLT1	MRPS16
DYNLT1	MAPKAPK5-AS1
DYNLT1	AC093525.4
DYNLT1	MIS12
DYNLT1	SLC16A13
DYNLT1	MTMR4
DYNLT1	AC024361.2
DYNLT1	AL353194.1
SYTL3	AC091167.7
SYTL3	SEPT12
SYTL3	AC010643.1
EZR	ACSBG1
EZR	MLC1
C6orf99	TPO
C6orf99	AC019068.1
C6orf99	AC117383.1
C6orf99	RIN3
C6orf99	AC105430.1
AL035530.2	STIL
AL035530.2	EHHADH
AL035530.2	SPRY4-AS1
AL035530.2	AC004834.1
AL035530.2	AP001528.1
AL035530.2	AC106739.1
AL035530.2	AC004943.2
FNDC1	CACNA1S
SOD2-1	C1orf56
SOD2-1	AC106707.1
SOD2-1	PHKG1
SOD2-1	AP001160.1
SOD2-1	AC117503.1
SOD2-1	AC013452.2
ACAT2	FDPS
ACAT2	FADS2
TCP1	NDUFAF4
TCP1	RFK
TCP1	LLPH
TCP1	TPT1
TCP1	GDE1
MAS1	KCNS2
AL109933.1	PLGLB2
AL139393.1	AC062028.1
AL139393.1	AC011472.1
AGPAT4	SHANK1
PRKN	AC018467.1
PRKN	BABAM2
PRKN	AC007388.1
PRKN	ANXA4
PRKN	USP40
PRKN	CXXC4-AS1
PRKN	SNX24
PRKN	HTR5A-AS1
PRKN	AC233296.1
PRKN	RFLNA
PRKN	DGKH
PRKN	NUBPL
PACRG-AS3	E2F7
PACRG-AS3	LMNB2
QKI	SLC7A11
QKI	SGK1
PDE10A	EFR3B
PDE10A	LINC00473
PDE10A	HSD17B12
PDE10A	AC018697.1
AL590302.2	SLC22A4
AL590302.2	LINC00473
LINC00473	LINC01088
LINC00473	AC093227.2
AL022069.1	C21orf58
RPS6KA2	PLET1
PHF10	AL589765.6
PHF10	AC120053.1
PHF10	AC005332.4
TCTE3	ZNF514
TCTE3	HSD17B1
LINC01624	GLI2
PSMB1	ADCY6
DNAAF5	CDYL2
ADAP1	TMEM250
ADAP1	CHRNA4
ADAP1	PFKL
COX19	DPP3
COX19	AC010531.1
COX19	ZNF761
ZFAND2A	PYCR1
MICALL2	ATAD3B
MICALL2	TMEM86B
MAFK	CBARP
MAFK	ARRDC2
PSMG3	PRR7
PSMG3	ZNF630
PSMG3	PSMD3
TTYH3	VEGFA
TTYH3	MEX3D
GNA12	AC124319.2
SDK1	CNGA3
AP5Z1	ZYX
AP5Z1	ALG10
RADIL	ELN
SLC29A4	DSP
TNRC18	ABCB9
AC092171.5	AC245100.7
ACTB	SNCB
ACTB	TSPYL2
ACTB	DDX19A
ACTB	CLIP3
FSCN1	SDC3
FSCN1	FOSB
ZDHHC4	AL139011.2
ZNF316	MAFK
ZNF316	ABCD1
COL28A1	AC018754.1
MIOS	ALPL
RPA3	AL606489.1
RPA3	SAP30
RPA3	MAGOHB
ICA1	PDSS1
ICA1	ZFP14
NDUFA4	KAZN
NDUFA4	ATP5MC3
NDUFA4	NDUFB4
NDUFA4	COX7B
NDUFA4	COX6C
ARL4A	CTXN3
ARL4A	GPR22
ARL4A	BTG1
ARL4A	LINC00854
ARL4A	TSHZ3
AC011287.1	BTN3A1
AC011287.2	CLUL1
ETV1	AC010890.1
ETV1	GRM7-AS3
ETV1	CREB3L1
ETV1	PPP1R36
ETV1	CCDC68
DGKB	IL12A-AS1
DGKB	LINC01378
DGKB	RTKN2
DGKB	PPP4R4
DGKB	CBLN2
MEOX2	AL583808.2
MEOX2	SLC1A6
AC073333.1	AC095032.2
AC073333.1	AC114760.2
AC073333.1	AC097478.1
AC073333.1	MTTP
AC073333.1	AL132671.2
AC073333.1	STAB2
AC073333.1	ALOX5AP
AC073333.1	SMAD6
AC073333.1	AC009163.1
AC073333.1	AC015849.5
AC073333.1	AC015878.1
AC073333.1	ASIP
AHR	AC008662.1
AHR	LINC02388
TWIST1	AC007091.1
ITGB8	ICK
ABCB5	AL355306.2
ABCB5	TEX11
ABCB5	AC239727.1
ABCB5	LINC01169
SP4	AC093899.2
SP4	TET1
DNAH11	RANBP3L
DNAH11	AC008957.1
DNAH11	AL137077.2
RAPGEF5	KIAA1211L
RAPGEF5	REEP3
IGF2BP3	PLCE1
STK31	AL353588.1
MPP6	SYDE2
MPP6	GLRA3
MPP6	MAN1A1
MPP6	RIPK2
MPP6	HSPH1
OSBPL3	PDE4B
OSBPL3	PART1
OSBPL3	MAN2A1
OSBPL3	PTPRZ1
OSBPL3	CDC14B
OSBPL3	TM6SF1
CYCS	SUB1
CYCS	NDUFA5
CYCS	LDHA
NFE2L3	AC016723.1
NFE2L3	AC010333.2
NFE2L3	CPHXL
NFE2L3	OSCAR
HNRNPA2B1	YBX1
SKAP2	AC003006.1
JAZF1	HS2ST1
JAZF1	FMNL2
JAZF1	PECR
JAZF1	PPM1L
JAZF1	ZNF827
JAZF1	GMDS
JAZF1	AUTS2
JAZF1	ST7
JAZF1	RRAS2
JAZF1	SF3B2
JAZF1	PARP11
JAZF1	KCNK10
JAZF1	AC005304.3
JAZF1	DTNA
JAZF1	SETBP1
JAZF1-AS1	FAM173B
AC005162.3	TRIL
WIPF3	FKBP5
MTURN	CBX5
AC006978.2	AL359915.2
AC006978.2	HSD11B1
AC006978.2	SPAG8
CRHR2	GDF6
CRHR2	SLC7A1
AC004691.2	NDST1
NEUROD6	STRC
LSM5	ZNF436-AS1
LSM5	AC097534.2
LSM5	NUDCD2
LSM5	AC008403.3
LSM5	RANBP1
LSM5	CR382287.2
BBS9	PRIM2
BBS9	CEP162
BBS9	TEAD1
BBS9	ZNF438
BBS9	CRADD
BBS9	MAP2K6
BBS9	RTTN
AC009262.1	SYTL1
AC009262.1	LRRC8C-DT
AC009262.1	LINC02355
AC009262.1	TERT
KIAA0895	NPHP3-ACAD11
KIAA0895	ABHD11
KIAA0895	PLCG2
ELMO1-AS1	AL031985.4
AMPH	RAPGEF2
AMPH	CEMIP2
VPS41	RNF157
POU6F2	VWC2L
POU6F2	PTCHD4
POU6F2	LAMA4
YAE1D1	LINC01807
YAE1D1	SEM1
YAE1D1	TMEM9B-AS1
LINC00265	AC073389.2
MPLKIP	GLRX
MPLKIP	THAP1
GLI3	ARHGAP31
MRPL32	RABGGTB
HECW1	KCNQ3
HECW1	CCDC3
HECW1	PTPRT
LUARIS	HACD4
SPDYE1	AL160396.1
AC004951.1	AC093668.2
POLM	EPHX2
POLM	ZNF34
YKT6	PRIMPOL
CAMK2B	PIP5K1C
NPC1L1	AL451070.1
NPC1L1	RAD54L
NPC1L1	AC005487.1
NPC1L1	C9orf153
NPC1L1	TMEM236
NPC1L1	AC022075.1
NPC1L1	AOC2
NPC1L1	CFAP53
DDX56	FSD1
TMED4	CFAP97
TMED4	PANO1
ZMIZ2	IL17RC
PPIA	TMEM30A
PPIA	AMD1
PPIA	NAP1L2
PPIA	OAT
PPIA	RPL4
PPIA	NDRG4
H2AFV	FBXO5
H2AFV	ZBTB33
H2AFV	OCRL
H2AFV	DEPP1
H2AFV	SMAD4
H2AFV	CCDC117
PURB	NUDT3
PURB	SLITRK4
PURB	AL513165.1
SNHG15	AC092803.2
SNHG15	SNHG7
SNHG15	ZNF320
NACAD	AC092295.1
IGFBP3	AC007216.4
SUN3	AC007879.3
SUN3	HIST1H2AC
SUN3	CASC11
SUN3	AC087636.1
GRB10	C3orf70
GRB10	TMOD1
COBL	BOC
COBL	ATXN7L1
COBL	PAK5
VSTM2A	PCDH18
VSTM2A	FGF13
VSTM2A	SLC17A6
VSTM2A	SLFN11
VSTM2A	KCNJ2
VSTM2A	PDE9A
SEC61G	MMADHC
ELDR	TM4SF1-AS1
ELDR	UGT2B7
ELDR	HMCN2
ELDR	AC068898.1
ELDR	LINC01440
SEPT14	OR8A1
SEPT14	LINC01993
SEPT14	ALPK2
PSPH	LINC02056
CCT6A	TCEAL5
CCT6A	SYS1-DBNDD2
SUMF2	AKR1A1
CHCHD2	NUPR2
AC118758.3	OR2T12
ZNF727	AC092634.3
ZNF680	MSTO1
ZNF680	LIN9
ZNF680	ZNF519
ZNF138	ZNF852
ZNF138	CYP4V2
ZNF138	AL360181.3
ZNF138	LLPH-DT
ZNF138	L3HYPDH
ZNF138	ZNF460
ZNF273	AC098850.3
ZNF117	NOMO3
ASL	NDOR1
AC068533.4	AC027644.4
AC068533.4	RILPL2
AC068533.4	SLC27A1
AC068533.4	HSCB
AC068533.3	LHX4
AC068533.3	AC134772.1
AC008267.5	TMEM177
AC008267.5	AC008608.2
AC008267.5	AC023509.4
SBDS	C1orf174
LINC01372	RGP1
AC093655.1	WDR62
AC092100.1	LINC00624
AC092100.1	AXDND1
AC092100.1	SHCBP1L
AC092100.1	AL035401.1
AC092100.1	MEI4
AC092100.1	ARSF
AC092100.1	CCDC26
AC092100.1	AC018512.1
AC092100.1	AC012409.2
AC092100.1	AC010601.1
AC092100.1	AC130456.2
AUTS2	ZDHHC14
GALNT17	IDUA
GALNT17	BACH2
GALNT17	MICAL2
GALNT17	TTC7B
GALNT17	OTUD7A
GALNT17	AXIN1
GALNT17	GSE1
CALN1	FAM110B
NSUN5	RCE1
BCL7B	NUDT11
BCL7B	SRSF8
BCL7B	CEBPB
STX1A	ECM1
STX1A	KLF6
STX1A	DOK4
LIMK1	C2orf27B
LIMK1	AL591222.1
LIMK1	FKRP
LIMK1	ARVCF
EIF4H	SRPRA
LAT2	ZSCAN2
LAT2	ARRDC4
LAT2	PPP1R13L
LAT2	MCM3AP-AS1
CLIP2	PIK3CD
CLIP2	ABCA7
GTF2IRD1	RILPL1
GTF2IRD1	KIF1C
CASTOR2	CRADD
CASTOR2	ZNF785
CASTOR2	LINC02193
CASTOR2	AC004805.1
GTF2IRD2B	GTF2IRD2
AC211486.5	AL031846.2
TRIM73	ZBTB47
TRIM73	CPSF1
TRIM73	CREBZF
TRIM73	PAOX
TRIM73	ZNF649
SPDYE5	PTPN7
SPDYE5	AC099066.2
SPDYE5	AC125613.1
SPDYE5	SPDYE1
SPDYE5	SPDYE2
HIP1	RAI14
HIP1	CREB5
HIP1	CHD7
HIP1	MRC2
RHBDD2	NBL1
RHBDD2	RHOC
RHBDD2	STOML1
RHBDD2	SLC17A7
RHBDD2	MBOAT7
MDH2	YWHAQ
MDH2	WBP11
MDH2	PEBP1
MDH2	AARS
SRRM3	AL358790.1
SRRM3	TMEM120B
SRRM3	RILPL1
SRRM3	AC127024.2
SRRM3	MAP3K3
SRRM3	CACNA1A
SRRM3	AP001628.1
HSPB1	GIPC2
HSPB1	NTSR2
HSPB1	AC099669.1
HSPB1	MFN1
HSPB1	UVSSA
HSPB1	CDKN1A
HSPB1	TPP1
HSPB1	BCL2L2
HSPB1	ZNF266
HSPB1	COQ8B
YWHAG	SLC30A1
YWHAG	SMIM13
YWHAG	FAM199X
YWHAG	PRPS1
YWHAG	AZIN1
YWHAG	GHITM
YWHAG	GSKIP
YWHAG	NORAD
YWHAG	TOMM34
SPDYE16	NR5A2
SPDYE16	SPATA3
SPDYE16	AC107463.1
SPDYE16	PSORS1C1
SPDYE16	AL450332.1
SPDYE16	AC105999.1
SPDYE16	SLC7A13
SPDYE16	LINC02237
SPDYE16	LMX1B
SPDYE16	APOBEC1
SPDYE16	LINC00351
SPDYE16	ABCC6
GSAP	TRPC3
GSAP	AL355974.2
TMEM60	C11orf1
MAGI2	NEGR1
MAGI2	OLFM3
MAGI2	FRMD5
SEMA3C	TACR3
HGF	DCSTAMP
CACNA2D1	AL353743.2
CACNA2D1	PLEKHA5
CACNA2D1	SIPA1L1
PCLO	EPCAM
PCLO	SH3GL2
PCLO	MDGA2
PCLO	CNTNAP4
SEMA3E	TRIM22
SEMA3E	AC092114.1
SEMA3A	ADGRL4
SEMA3A	AC105031.3
GRM3	LINC02360
GRM3	BASP1-AS1
GRM3	EMB
AC005009.2	FALEC
AC005009.2	PCDHB9
AC005009.2	IZUMO3
AC005009.2	AL133523.1
AC005009.2	MKRN3
AC005009.2	AC027045.2
AC005009.2	AP001464.1
KIAA1324L	MTMR10
DMTF1	CCDC50
DMTF1	CPEB2
DMTF1	HBP1
ADAM22	ZNF691
ADAM22	USP24
ADAM22	SLC35F5
ADAM22	FRYL
ADAM22	BRWD3
ADAM22	TTC39B
ADAM22	MRE11
ADAM22	MPP7
ADAM22	KRT86
SRI	CFAP99
SRI	GPR22
AC003991.1	RBM44
ZNF804B	APLF
ZNF804B	TIGAR
AC002383.1	TSPEAR
STEAP2	EPN3
GTPBP10	AL513550.1
GTPBP10	TFB1M
FZD1	SNAI2
AC079760.2	C1orf146
AC079760.2	AC036214.1
AC079760.2	AL137024.1
AC079760.1	OVGP1
AC079760.1	BLOC1S5-TXNDC5
AC079760.1	LINC02551
MTERF1	OTUD3
MTERF1	CPOX
MTERF1	LINC02112
MTERF1	C5orf34
MTERF1	SYCP2L
MTERF1	PIK3C2A
MTERF1	AP001528.2
MTERF1	ZNF248
MTERF1	AL355500.1
MTERF1	AL162377.3
MTERF1	PRKCH
MTERF1	AL357153.2
MTERF1	SIRPG
MTERF1	AC008758.4
MTERF1	ZNF93
MTERF1	ZNF577
CYP51A1	AC012668.3
CYP51A1	ABHD16A
CYP51A1	AL365205.3
CYP51A1	MED17
CYP51A1	AC010624.2
LRRD1	MPP4
GATAD1	SELENON
GATAD1	AC110769.2
GATAD1	AC113382.1
GATAD1	LTV1
GATAD1	TRIM73
GATAD1	CETN2
GATAD1	AC019257.1
GATAD1	NCR3LG1
GATAD1	CD59
GATAD1	AC026471.1
GATAD1	AL117335.1
GATAD1	LINC01428
GATAD1	ESF1
GATAD1	RTF2
GATAD1	ZNF582-AS1
GATAD1	ZNF805
PEG10	NES
PEG10	THRA
AC002429.2	RHBDL2
AC002429.2	AL078459.1
AC002429.2	CADM2-AS1
AC002429.2	AC016642.1
AC002429.2	AC027288.3
AC002429.2	AP000919.2
PON2	KCNJ10
PON2	ZFP36L2
PON2	SOX2
PON2	SLC1A3
PON2	NDRG2
SEM1	CCNA2
SEM1	AP001273.2
SEM1	MEIG1
SEM1	ANAPC16
SEM1	AC036176.1
SDHAF3	AC008966.1
TAC1	SST
TAC1	LHX6
BAIAP2L1	RPS3A
NPTX2	CHI3L1
NPTX2	DUSP5
TMEM130	TOMM40L
TMEM130	DPYSL3
TMEM130	PRRG3
TMEM130	PNMA2
TMEM130	PHF24
TMEM130	AC015712.7
SMURF1	SPRED2
AC004834.1	UCHL1-AS1
AC004834.1	FAM66B
PDAP1	ATP6V0E2
PDAP1	MRPL16
BUD31	NDUFA2
BUD31	AQP3
BUD31	GSTO1
BUD31	CEP192
ZNF789	MAPT-AS1
FAM200A	THUMPD3-AS1
FAM200A	CDC37L1-DT
CYP3A5	AC132192.2
CYP3A5	DCLRE1C
CYP3A5	AC025031.1
COPS6	WDR83
COPS6	DHPS
MCM7	TMEM249
AP4M1	SLC50A1
AP4M1	BCL2L2-PABPN1
TAF6	MRPL10
C7orf43	AL731533.2
STAG3	BACH1
CASTOR3	GK3P
CASTOR3	CASTOR2
CASTOR3	AC037459.3
CASTOR3	SSH1
CASTOR3	FBRSL1
CASTOR3	PRC1-AS1
CASTOR3	AKT2
CASTOR3	SHANK3
SPDYE3	PRRC2C
SPDYE3	RBP5
SPDYE3	FAM90A1
SPDYE3	LINC01567
SPDYE3	AC008878.3
PILRA	AP000350.4
MEPCE	RNF41
MEPCE	GRWD1
MEPCE	GNAZ
PPP1R35	AC099791.2
PPP1R35	CAPN10
PPP1R35	FBXL6
PPP1R35	PANX2
C7orf61	MND1
C7orf61	AC069281.1
NYAP1	RFXAP
AC069281.1	LINC00877
AC069281.1	NWD1
AC069281.1	FCGBP
SAP25	C1orf162
SAP25	TMEM79
SAP25	DNASE1L2
SAP25	AC138932.5
SAP25	AC009021.1
SAP25	UNC13D
SAP25	GGTLC2
SAP25	DERL3
LRCH4	PIDD1
TFR2	HAUS8
GNB2	CTBP1
GNB2	AL080276.2
GNB2	PRPF18
GNB2	NAB2
GNB2	METTL23
POP7	ANKRD65
POP7	COA3
ZAN	TEX49
SLC12A9	PSMA5
SLC12A9	LINC01356
ACHE	KPTN
ACHE	SLC25A1
AC105446.1	ARMC8
AC105446.1	AC023866.2
AC105446.1	AL352984.1
AP1S1	COPS8
AP1S1	AC006450.3
AP1S1	M6PR
AP1S1	C20orf27
AP1S1	FARSA
AP1S1	MCHR1
VGF	PCSK1
VGF	MAFK
VGF	NPTX2
VGF	AF279873.3
VGF	ASCL1
NAT16	AC005482.1
NAT16	WDFY4
PLOD3	DHX34
ZNHIT1	BUD31
FIS1	AURKAIP1
FIS1	FNDC4
FIS1	NDUFS6
FIS1	PSMC1
COL26A1	ZFR2
LINC01007	PAX7
LINC01007	MR1
LINC01007	TPBG
LINC01007	DOCK11
LINC01007	FANCC
LINC01007	OXGR1
LINC01007	AC104024.2
SPDYE6	SPDYE2B
PRKRIP1	AKR7A3
PRKRIP1	C2orf92
PRKRIP1	PLPP7
PRKRIP1	UQCC3
PRKRIP1	TIMM23B
PRKRIP1	LUC7L
PRKRIP1	PDPR
PRKRIP1	DOPEY2
LRWD1	CD151
POLR2J	TCEAL9
POLR2J	NLRP14
POLR2J	AC005304.1
AC093668.2	AC093668.1
AC093668.2	AC105052.1
AC093668.2	AC005943.1
AC105052.1	AC105052.3
SLC26A5	CSRNP3
SLC26A5	PPP1R1C
SLC26A5	FAT2
SLC26A5	SYT7
SLC26A5	AC084032.1
SLC26A5	AL021395.1
RELN	ADAMTS18
RELN	GRIN2C
LINC01004	AC092910.3
LINC01004	AKAP17A
ATXN7L1	HIVEP3
ATXN7L1	CACNG2
CDHR3	ARHGDIB
CCDC71L	RAP2B
PRKAR2B	NECAB1
PRKAR2B	KLF5
PRKAR2B	TMC7
GPR22	RASL11B
GPR22	SLC27A1
DUS4L	TP53TG1
AC004839.1	GK3P
SLC26A4-AS1	EPHB1
SLC26A4-AS1	GDF10
SLC26A3	AL356289.1
SLC26A3	MFSD14A
SLC26A3	INO80D
SLC26A3	RASGEF1B
SLC26A3	SLC27A6
SLC26A3	LINC01609
SLC26A3	AL591368.1
SLC26A3	PTH
SLC26A3	MRPL38
SLC26A3	CPT1B
LAMB1	AL139158.2
LAMB1	NDST3
LAMB1	RGS9
LAMB1	AC025887.2
LAMB4	YAP1
LAMB4	MIP
LAMB4	NOS1
LAMB4	AC140504.1
NRCAM	TDO2
NRCAM	DCLK1
IMMP2L	AC007681.1
IMMP2L	PSMC4
DOCK4	ITGA9
AC004112.1	LINC02060
AC004112.1	AC025287.4
AC004112.1	DUSP18
BMT2	GPATCH3
BMT2	TMEM18
BMT2	ESYT3
BMT2	TMEM128
BMT2	SLC2A12
BMT2	P4HA1
GPR85	AL732292.2
GPR85	C2orf69
GPR85	AC008667.1
SMIM30	SELENON
FOXP2	EPHA5
FOXP2	TLL1
FOXP2	BCAT1
FOXP2	DACH1
MDFIC	ARHGAP25
MDFIC	KLF3
MDFIC	PRKCQ
LINC01392	LINC01796
LINC01392	MDFIC2
LINC01392	LINC02428
LINC01392	AC096773.1
LINC01392	LINC02233
LINC01392	AC008572.1
LINC01392	GLYATL1
LINC01392	DSG1-AS1
AC002066.1	CYP24A1
CAV2	EPB41L4A
CAV2	CAV1
CAV2	TEPP
ST7	C1orf21
ST7	STK39
ST7	CMSS1
ST7	IRF2
ST7	CEP85L
ST7	AL158055.1
ST7	EXT2
ST7	PHF21A
ST7	ATP8A2
ST7	NEO1
ST7	ZNF532
LSM8	TRMT13
LSM8	SMPDL3A
KCND2	MEIS1
KCND2	GALNT13
KCND2	TTN
KCND2	ROBO1
KCND2	PTPN13
KCND2	MAML2
KCND2	HABP2
KCND2	SPTB
KCND2	RAC2
FAM3C	AC090152.1
CADPS2	TRHDE
AC004594.1	AC008534.1
AC004594.1	LINC02231
IQUB	MTRF1
AC006148.1	TNFSF18
AC006148.1	GAB1
AC006148.1	CARMIL1
AC006148.1	STAMBPL1
AC006148.1	AC010175.1
AC010099.4	AC073486.1
ARF5	AL135925.1
ARF5	TRAPPC1
AC073934.1	AC084024.3
LRRC4	EFNA3
AC018638.6	CRYBB2
ATP6V1F	ATP6V1G1
ATP6V1F	LAMTOR1
ATP6V1F	MESP1
ATP6V1F	SOD1
SMKR1	AL441883.1
SMKR1	DHRS4-AS1
AC078846.1	AC093158.1
AC073320.1	TAS1R1
AC073320.1	DNAJC5G
AC073320.1	ASTL
AC073320.1	DPPA2
AC073320.1	AC117465.1
AC073320.1	AC022784.6
AC073320.1	RNF125
AC073320.1	BHMG1
AC073320.1	FPR1
AC073320.1	LINC01643
CEP41	AC010983.1
CEP41	SH2D4B
AC016831.7	AL359764.1
AC016831.7	IMPG2
AC016831.7	FNIP2
AC016831.7	AL139275.1
AC016831.7	RBMX2
AC016831.7	PHF21A
AC016831.7	CADM1
AC016831.7	AC022509.2
AC016831.7	SLCO3A1
AC016831.7	MYH9
LINC00513	OR2H2
LINC00513	TRAF3IP2
LINC00513	AC058791.1
LINC00513	TGFB1
PLXNA4	GRAMD1B
AC009365.3	SLFNL1-AS1
AC009365.3	CMTM3
AC009365.3	LINC02166
LRGUK	SAPCD2
LRGUK	IKBIP
LRGUK	PHLDB3
SLC35B4	CAPN1
SLC35B4	ENDOD1
SLC35B4	KRAS
BPGM	RYR1
CYREN	GPR158-AS1
CYREN	AC022916.1
WDR91	ZNF619
AC009542.1	AL713999.1
MTPN	ZBTB18
MTPN	GUCY1B1
MTPN	LINC01018
MTPN	ST8SIA3
AC009264.1	AC079465.1
DGKI	FMN2
DGKI	EML6
DGKI	FOCAD
DGKI	TNK1
ATP6V0A4	CCDC148-AS1
ATP6V0A4	C2CD6
ATP6V0A4	AC006333.1
ATP6V0A4	AL606516.1
ATP6V0A4	AP000146.1
TMEM213	MGST1
ZC3HAV1L	NANP
LUC7L2	COX19
LUC7L2	EMD
LUC7L2	AC012213.4
LUC7L2	BMPR1A
CLEC2L	AP003400.1
CLEC2L	CABP1
RAB19	AC006974.1
RAB19	DYDC1
RAB19	KNL1
DENND2A	AC135050.3
NDUFB2	SEC11C
MRPS33	C2orf74
MRPS33	ZCCHC14
TMEM178B	AL450992.2
TMEM178B	RNF175
TMEM178B	SKIDA1
TMEM178B	SLC29A3
TMEM178B	KCTD1
MGAM	WEE2-AS1
MGAM2	MGAM
MTRNR2L6	MTRNR2L10
EPHB6	PPP1R26
EPHB6	DPYSL4
EPHB6	C15orf39
EPHB6	TMEM200C
EPHB6	MATK
GSTK1	URB1-AS1
FAM131B	ZNF687
FAM131B	RFX5
FAM131B	RBM15B
FAM131B	AC124016.2
FAM131B	SLC35B2
FAM131B	TMEM250
FAM131B	ALG9
FAM131B	AL356740.1
FAM131B	TRAPPC2L
FAM131B	CADM4
FAM131B	AC003682.1
ZYX	RELL2
ZYX	HAGHL
EPHA1-AS1	AC009318.1
AC006974.1	AC105052.3
ZNF783	AC105345.1
ZNF783	ATP2C2-AS1
ZNF783	LENG8
ATP6V0E2-AS1	RCCD1
ATP6V0E2	KCNF1
ATP6V0E2	CYP26B1
ATP6V0E2	CHMP3
ATP6V0E2	TUSC2
ATP6V0E2	NSG1
ATP6V0E2	ARFGAP2
ATP6V0E2	PELI3
ATP6V0E2	CDIPT
ATP6V0E2	PARD6A
ATP6V0E2	C17orf107
ATP6V0E2	HDHD2
AC073111.3	XYLT2
AC073111.5	KAT2A
ABCB8	EXOC3-AS1
ABCB8	AC091959.3
ABCB8	PHYKPL
ABCB8	ARHGEF7-AS2
ABCB8	VPS9D1
ABCB8	LINC01535
ASIC3	TMEM52
ASIC3	TNNI3K
CDK5	TBRG4
SLC4A2	LY6G5C
FASTK	GMPPA
FASTK	PHF1
FASTK	TMUB1
FASTK	MEG3
FASTK	MTA1
FASTK	PNPLA6
FASTK	ATP13A1
FASTK	SCGB1B2P
TMUB1	MLST8
TMUB1	SDCBP2-AS1
AGAP3	PRKAR1B
AGAP3	FBXL14
AGAP3	FBXL19
AGAP3	BAIAP2
AGAP3	MIER2
AGAP3	PIP5K1C
AGAP3	CARM1
AGAP3	UPF1
AGAP3	CNOT3
AGAP3	RANGAP1
CHPF2	TYRO3
CHPF2	VAT1
SMARCD3	ZNF684
SMARCD3	CARMIL3
AC021097.1	DCTN1
AC021097.1	LUC7L2
PRKAG2	ME1
PRKAG2	SLIT1
PRKAG2	AC007611.1
PRKAG2-AS1	CYR61
PRKAG2-AS1	FP700111.1
PRKAG2-AS1	LRRTM1
PRKAG2-AS1	BHLHE40
PRKAG2-AS1	DRD5
PRKAG2-AS1	TCIM
PRKAG2-AS1	MDK
PRKAG2-AS1	CH25H
PRKAG2-AS1	FXYD1
PRKAG2-AS1	RASL10A
LINC01003	ORMDL1
LINC01003	NT5C
DPP6	JARID2
DPP6	PRAG1
DPP6	NTM
DPP6	INSM2
PAXIP1-AS1	AL359504.2
PAXIP1-AS1	INPP1
PAXIP1-AS1	CSTF2
PAXIP1-AS1	AL035563.1
HTR5A-AS1	KCTD6
HTR5A-AS1	PUS3
HTR5A-AS1	AC091057.6
HTR5A-AS1	WASIR2
INSIG1	SCD
CNPY1	SNX3
AC009403.1	AC137630.2
AC009403.1	PSAT1
RBM33	BRIX1
RBM33	FGF14
RBM33	BCL2L2-PABPN1
PTPRN2	CACNA1D
PTPRN2	AGPAT4
PTPRN2	SERGEF
PTPRN2	CACNA1C
PTPRN2	STX2
PTPRN2	AC016876.1
PTPRN2	CCNE1
PTPRN2	TRPM2
LINC00685	AC105052.3
SLC25A6	MAGED2
SLC25A6	DNASE2
SLC25A6	KDELR1
ASMTL	FP565260.2
P2RY8	AC068413.1
P2RY8	HKDC1
P2RY8	ADGRE2
AKAP17A	AC239803.2
AKAP17A	MOGS
AKAP17A	TULP3
AKAP17A	CWC25
AL683807.1	AC011444.3
AL683807.1	HORMAD2
GYG2	ARSE
ARSE	AC025569.1
ARSF	LINC01098
WWC3-AS1	AC132219.1
FRMPD4	AC111006.1
TMSB4X	ID2
TMSB4X	REM2
TMSB4X	MIMT1
GEMIN8	HIST1H1C
AP1S2	ACOT12
REPS2	COL16A1
REPS2	UBR5
REPS2	ARNTL
REPS2	SETD3
REPS2	RAB11B-AS1
REPS2	GRK3
NHS	TMEM132C
PPEF1	LINC02550
ADGRG2	AP001266.2
ADGRG2	DRC3
ADGRG2	ETV4
MAP3K15	REST
MAP3K15	AC092171.3
MAP3K15	USP50
MAP3K15	AC018618.1
SH3KBP1	RAB33B
EIF1AX	PDP1
EIF1AX	EXD3
EIF1AX	CALM1
EIF1AX	MAP1LC3B
CNKSR2	TRHDE
CNKSR2	TPP2
MBTPS2	TP53I3
MBTPS2	CCNA2
MBTPS2	LIFR-AS1
MBTPS2	TSPAN17
MBTPS2	DOK3
MBTPS2	LINC00951
MBTPS2	PLOD3
MBTPS2	DSCC1
MBTPS2	ESAM
MBTPS2	NUP37
MBTPS2	ZNF287
MBTPS2	ARHGAP45
MBTPS2	PAXBP1-AS1
PHEX	AL139424.3
PHEX	SAXO1
PHEX	AC004551.1
PHEX	ESR2
PHEX	C17orf53
PTCHD1	AC115522.1
APOO	LSM3
APOO	BDNF-AS
APOO	RPL21
APOO	ETFB
ZFX-AS1	AC010547.1
PDK3	TWNK
PDK3	AC084200.1
POLA1	VIT
POLA1	SMPD2
POLA1	NCAPG2
POLA1	ZNF185
POLA1	TMC3-AS1
POLA1	CRLF1
POLA1	XRCC1
AC107419.1	AC112493.1
IL1RAPL1	GNG12-AS1
IL1RAPL1	LRRTM4
IL1RAPL1	TMEM108
IL1RAPL1	CDH18
IL1RAPL1	SGCD
IL1RAPL1	DGKB
IL1RAPL1	KCND2
IL1RAPL1	LINGO2
IL1RAPL1	HS6ST3
IL1RAPL1	TJP1
GK	PDK3
GK	ZHX1-C8orf76
DMD	CACHD1
DMD	CTNNA2
DMD	NEK11
DMD	UNC5C
DMD	SYNPO2
DMD	AC109466.1
DMD	KIAA1217
DMD	AC104151.1
AL591501.1	FBXO40
AL591501.1	LRRC34
AL591501.1	ST8SIA4
AL592043.1	AC095032.2
AL592043.1	CATIP-AS2
AL592043.1	AC010260.1
AL592043.1	AP003781.1
TMEM47	RNF212
TMEM47	VSTM2A
TMEM47	THBS1
CFAP47	STMND1
CFAP47	EYA1
CFAP47	AC073610.3
DYNLT3	MLLT11
DYNLT3	TMSB4X
DYNLT3	UBE2V2
DYNLT3	RFK
MID1IP1	HBA2
BCOR	AC244453.1
BCOR	AC068599.1
ATP6AP2	RTN4
ATP6AP2	MDH1
ATP6AP2	GOT1
GPR34	C3AR1
GPR82	AL023581.1
Z93403.1	SPATA48
KDM6A	ST7
KDM6A	NEBL
KDM6A	IL27RA
MIR222HG	ERMAP
MIR222HG	KIAA1549
MIR222HG	HEMGN
MIR222HG	HPS4
AC234772.2	AC079336.5
ZNF674-AS1	AC008393.1
UBA1	UCK1
UBA1	SUGT1
UBA1	BEAN1
UBA1	TTC9B
CDK16	PIM1
CDK16	AL583856.2
CDK16	MED17
CDK16	ARHGEF25
CDK16	FURIN
CDK16	TRAF7
CDK16	SUN2
USP11	KIF1A
ZNF157	HAUS1
LINC01560	MPZ
LINC01560	HCN2
LINC01560	HAUS5
SYN1	CXXC5
SYN1	FOXP4
SYN1	RNF208
SYN1	RAB4B-EGLN2
ELK1	PRELP
ELK1	SEMA3F
ELK1	IRS2
ELK1	GRAMD2A
RBM3	AC004865.2
RBM3	BEST4
RBM3	NPC1L1
RBM3	PNMA3
RBM3	SGMS1-AS1
RBM3	CEP152
RBM3	E4F1
RBM3	COG1
RBM3	FBXL12
AC231533.1	MYO18A
TIMM17B	TRAPPC3
TIMM17B	SF3B5
TIMM17B	VPS28
TIMM17B	STOML2
TIMM17B	SAP18
TIMM17B	RNF167
TIMM17B	PSMC4
TIMM17B	TOMM22
PQBP1	ZFP69B
PQBP1	UROD
PQBP1	PSMB4
PQBP1	EIF5B
PQBP1	ARAF
PQBP1	PTPDC1
PQBP1	AL157832.1
PQBP1	JAKMIP3
PQBP1	AL357153.2
PQBP1	ACD
PQBP1	MAPK7
PQBP1	SRSF2
PQBP1	ADRM1
PQBP1	TCEA2
SLC35A2	FAM131A
PRAF2	TMEM198
PRAF2	BCAP31
PLP2	CFLAR-AS1
PLP2	LINC01550
SYP	CAMK1
SYP	SAP30L-AS1
SYP	STX1A
SYP	SYT5
GAGE10	GSTM2
USP27X	MAP1B
USP27X	RNF41
USP27X	DYRK2
USP27X	DOC2B
SHROOM4	PADI2
SHROOM4	NINJ2
SHROOM4	ERBB3
LINC01284	AC092683.1
LINC01284	HTR1E
LINC01284	SH3BGRL
LINC01284	PHYH
LINC01284	IFT140
AC233976.1	PCDHB12
AL158055.1	RBM45
AL158055.1	SNHG22
NUDT11	UPF3A
CENPVL3	MYT1
GSPT2	FAM181B
GSPT2	NRBF2
FAM156A	AC008443.6
FAM156A	GVQW3
KANTR	SCGB2B2
SMC1A	HES4
SMC1A	TCHH
SMC1A	TRIM36
SMC1A	PRPF4B
SMC1A	AC100793.2
ITIH6	AL590432.1
TRO	ANKRD20A8P
TRO	PLXNB1
TRO	RNF128
FAM104B	RNF139-AS1
MTRNR2L10	MTRNR2L8
MTRNR2L10	MTRNR2L1
MAGEH1	CKS1B
MAGEH1	CDO1
MAGEH1	HDHD2
UBQLN2	IRF2BP2
UBQLN2	PCBP1
UBQLN2	HNRNPA3
UBQLN2	ADH5
UBQLN2	TSPYL1
UBQLN2	NAP1L2
UBQLN2	NAP1L3
UBQLN2	RAB39B
UBQLN2	BMI1
UBQLN2	FEM1B
UBQLN2	SEPT3
SPIN2B	AL139089.1
SPIN2B	AF129408.1
FAAH2	MTMR8
FAAH2	ZNF155
ZXDB	LAMTOR3
ZXDB	MAT2B
MTMR8	SP4
ZC4H2	AL359921.1
ZC4H2	RAB28
ZC4H2	AC109361.1
ZC4H2	HDX
ZC4H2	PCF11-AS1
ZC4H2	ZNF133
MSN	AC004835.1
MSN	AKAP14
EFNB1	ETFDH
PJA1	SF3B4
PJA1	STX6
PJA1	PSMD10
PJA1	GDI1
PJA1	WDR34
PJA1	VPS9D1-AS1
PJA1	PRNP
PJA1	EHD2
PJA1	SUMO3
EDA	TNS3
EDA	AC007610.1
KIF4A	LINC01060
KIF4A	KCNMB1
KIF4A	ZNF385C
KIF4A	CYP4F22
TEX11	DEUP1
SNX12	AC093627.4
FOXO4	AC008115.4
FOXO4	GPR12
FOXO4	AC005332.6
NLGN3	AC073610.3
NLGN3	ZNF200
ZMYM3	THAP2
NONO	AL121992.1
NONO	LUZP1
NONO	GLUL
NONO	AC108673.3
NONO	AL157834.2
NONO	PCBP2
NONO	AL158196.1
NONO	UBR7
NONO	PIGB
NONO	CASKIN2
NONO	AP000254.1
GCNA	AC093424.1
GCNA	MAB21L3
GCNA	MSANTD1
GCNA	P4HA2
GCNA	GAGE10
GCNA	AC022826.2
GCNA	AC104035.1
GCNA	ZNF689
GCNA	CASS4
GCNA	ZNF554
GCNA	LDLR
NHSL2	LINC00842
NHSL2	DUSP16
RTL5	NLGN2
RPS4X	RPS7
RPS4X	EEF1B2
RPS4X	RPL14
RPS4X	COMMD6
RPS4X	RPL36AL
PHKA1	LINC01088
PHKA1	DNAH11
PHKA1	CDCA7L
PHKA1	CUBN
PHKA1	SLC25A18
DMRTC1B	DMRTC1
NAP1L2	YPEL5
NAP1L2	YWHAG
NAP1L2	ZBTB33
NAP1L2	PNMA2
NAP1L2	SVIP
NAP1L2	AASDHPPT
NAP1L2	INA
NAP1L2	HEXIM1
NAP1L2	PRNP
RLIM	ENPP4
RLIM	VCPIP1
RLIM	ATMIN
MAGEE1	TOMM20
MAGEE1	C4orf3
MAGEE1	TRIL
COX7B	COX5B
TAF9B	FAM118A
ITM2A	PRSS16
TENT5D	HPGDS
TENT5D	AC008568.1
TENT5D	WDR72
BRWD3	TMEM187
SH3BGRL	KLHL4
SH3BGRL	LINC00443
SH3BGRL	AL133372.3
SH3BGRL	TEKT1
KLHL4	FAT4
KLHL4	AP002784.1
KLHL4	WNT3
PCDH11X	PCDH11Y
NAP1L3	TSPYL4
NAP1L3	PABPC1L2B
DIAPH2	CDH9
DIAPH2	ZNF608
DIAPH2	LINC02306
DIAPH2	AL050403.2
DIAPH2-AS1	LINC01205
DIAPH2-AS1	CNMD
SYTL4	AL157838.1
CSTF2	C16orf86
CSTF2	AC139530.1
CSTF2	SEZ6L
NOX1	AC093802.1
TRMT2B	KEL
DRP2	AFAP1L2
TIMM8A	MED8
TIMM8A	AC012508.2
TIMM8A	C9orf147
TIMM8A	PACS1
TIMM8A	TMEM107
TIMM8A	ZNF584
TIMM8A	SMIM11B
HNRNPH2	ARL2BP
ARMCX3	BRF2
ARMCX3	AC017100.1
ARMCX2	AC073111.5
TCEAL6	SMIM10L1
BEX5	MORN2
BEX5	AC092535.3
BEX5	CDCA5
BEX5	C16orf95
BEX5	CHMP4B
GPRASP2	NAT8L
BHLHB9	TMPRSS7
BHLHB9	FAM160A2
BHLHB9	C10orf82
BHLHB9	DMKN
LINC00630	TNFSF4
LINC00630	GPR137B
LINC00630	ADSS
LINC00630	TMEM131
LINC00630	EDEM1
LINC00630	ZNF595
LINC00630	AC244517.6
LINC00630	PGM3
LINC00630	DNAAF5
LINC00630	NSUN5
LINC00630	AL391987.2
LINC00630	TUBGCP3
LINC00630	AC124312.3
LINC00630	CA11
BEX1	EBNA1BP2
BEX1	SPCS1
BEX1	MAGEH1
BEX1	ARPC5L
BEX1	SCG5
BEX1	POLR3K
BEX4	FAM98A
BEX4	NAP1L5
BEX4	TUBB2A
BEX4	NRN1
BEX4	PDAP1
BEX4	TCEAL2
BEX4	BEX2
BEX4	SLC25A5
BEX4	BLOC1S2
BEX4	COPS7A
BEX4	GMPR2
BEX4	SNAPC5
TCEAL8	BCAS2
TCEAL8	LSM3
BEX2	C6orf226
BEX2	FAM71F2
BEX2	TRAPPC4
TCEAL7	STMN1
TCEAL7	LDHA
TCEAL7	TINF2
TCEAL9	SZT2
TCEAL9	HIST2H2BE
TCEAL9	AL391645.1
TCEAL9	RGS2
TCEAL9	DNAH1
TCEAL9	CGGBP1
TCEAL9	STX18-AS1
TCEAL9	SRP19
TCEAL9	CKS2
TCEAL9	CRYL1
BEX3	KLHDC9
BEX3	CYCS
BEX3	IFT22
BEX3	SPIN2B
BEX3	ARMCX3
BEX3	BEX2
BEX3	TCEAL7
BEX3	ANAPC15
BEX3	ISCU
RAB40A	CYP2C8
TCEAL3	TCEAL6
TCEAL3	TCEAL4
TCEAL1	RABIF
TCEAL1	SSB
TCEAL1	AC008525.1
TCEAL1	SRI
TCEAL1	SMIM30
TCEAL1	NEU3
TCEAL1	PFDN4
PLP1	MAL
PLP1	ERMN
PLP1	SPP1
PLP1	OPALIN
PLP1	SCD
PLP1	NKX6-2
PLP1	CD9
PLP1	CNDP1
PLP1	MAG
PLP1	OLIG1
TMSB15B-1	GFM1
TMSB15B-1	ENPP6
TMSB15B-1	AL161457.2
SLC25A53	HMGB1
FAM199X	RNF11
FAM199X	USP22
IL1RAPL2	PKD2L1
MUM1L1	SLC12A7
MUM1L1	TNFRSF10B
MUM1L1	AC130466.1
CXorf57	BCL6
CXorf57	CAP2
CXorf57	KCNG1
TBC1D8B	AL513217.1
TBC1D8B	DUSP19
TBC1D8B	MITF
TBC1D8B	AC112487.1
TBC1D8B	C4orf33
TBC1D8B	ANKRD20A1
TBC1D8B	AL121929.2
TBC1D8B	DSC1
RBM41	AC079447.1
RBM41	FAM117B
RBM41	LINC02102
RBM41	TMEM161B-AS1
RBM41	AC005609.5
RBM41	IRAK1BP1
RBM41	FAAH2
RBM41	AC022893.1
RBM41	LINC00476
RBM41	ZNF782
RBM41	ELP4
RBM41	AL139353.1
RBM41	AC018362.1
RBM41	CCDC9
FRMPD3	MPP3
PRPS1	ZBTB3
TSC22D3	IP6K2
TSC22D3	NT5DC2
TSC22D3	ATP13A4
TSC22D3	EPHB6
TSC22D3	MID1IP1
TSC22D3	CHST1
TSC22D3	SCN4B
TSC22D3	NFKBIA
TSC22D3	SEMA7A
TSC22D3	AC092720.2
TSC22D3	AL035071.1
MID2	RTF1
PSMD10	PSMB4
PSMD10	AC136604.3
PSMD10	LINC00893
PSMD10	AC123567.2
PSMD10	HSPB6
COL4A5	AC012593.1
COL4A5	SEMA3B
COL4A5	ITGA2
COL4A5	ST18
COL4A5	LPAR1
COL4A5	FOLH1
COL4A5	ADAMTS14
COL4A5	C10orf90
COL4A5	FA2H
COL4A5	ASPA
COL4A5	ABCA8
TMEM164	LRRN1
AMMECR1	SLC44A5
AMMECR1	LINC01725
AMMECR1	AC107204.1
AMMECR1	ENOX1
RTL9	DOCK4-AS1
RTL9	ALDOB
CHRDL1	DCLK3
CHRDL1	DHRS4
ALG13-AS1	AL513320.1
ALG13-AS1	AC018511.2
ALG13-AS1	KCNMA1-AS1
ALG13-AS1	AC004253.1
ALG13-AS1	AC048380.1
TRPC5	GRIA1
TRPC5	MCU
TRPC5	AC090630.1
TRPC5	ANKRD24
TRPC5OS	SST
TRPC5OS	LINC02281
AMOT	SEMA4A
AMOT	TSPAN18
HTR2C	NXPH2
HTR2C	PQLC2L
HTR2C	AFAP1-AS1
HTR2C	ADAMTS12
HTR2C	GDNF-AS1
HTR2C	FER1L6-AS2
HTR2C	IFNG-AS1
LRCH2	CYB5R1
LINC01285	FAM122C
PGRMC1	MEAF6
PGRMC1	ARL8A
PGRMC1	SERINC1
PGRMC1	SYNGR3
SLC25A5	NIF3L1
SLC25A5	CCDC51
SLC25A5	PDCD2
SLC25A5	CTSL
SLC25A5	MOAP1
UPF3B	AL133245.1
UPF3B	C12orf66
UPF3B	AC006115.1
RNF113A	HS1BP3
RNF113A	FLOT1
NDUFA1	AC068631.2
NDUFA1	NDUFC1
NDUFA1	SEC61G
AKAP14	CCDC190
ZBTB33	INPP5F
ZBTB33	CDKN1B
CUL4B	RNF146
C1GALT1C1	AC006333.2
C1GALT1C1	PTPRD-AS1
GLUD2	C1QL3
AL359851.1	OPN3
AL359851.1	MEF2C
AL359851.1	AC027307.3
GRIA3	KCNB2
GRIA3	NRP1
TENM1	SYT6
TENM1	C8orf34
TENM1	LUZP2
AL442647.1	MIR4300HG
OCRL	AC023355.1
OCRL	MAPK1
RAB33A	SNAPC4
ENOX2	CPPED1
IGSF1	LINC01837
RAP2C-AS1	PINX1
GPC3	AC016766.1
GPC3	AC010343.3
GPC3	EGFLAM
GPC3	AC109492.1
GPC3	AC244517.5
GPC3	IGF2BP3
GPC3	KPNA7
GPC3	P2RY8
GPC3	TKTL1
GPC3	LINC01239
GPC3	CD44
GPC3	LRP5
GPC3	LINC01515
GPC3	RNF17
GPC3	AL355076.2
GPC3	AC069368.1
GPC3	AC099489.1
GPC3	AC007344.1
GPC3	MLKL
PLAC1	AL033527.4
PLAC1	RGSL1
PLAC1	AC019183.1
PLAC1	OR7D2
RTL8C	PCDHB10
RTL8C	PPIA
RTL8C	CDK5
RTL8C	ATP6V1B2
RTL8C	KLC1
RTL8A	ERAL1
SMIM10L2B	FNDC10
SMIM10L2B	PTP4A1
SMIM10L2B	SMIM10L2A
SMIM10L2B	CARNS1
ZNF75D	CEP83
ZNF449	CTSO
ZNF449	UEVLD
ZNF449	AP001157.1
ZNF449	TTC12
ZNF449	CABCOCO1
ZNF449	GOLT1B
ZNF449	AC092118.2
ZNF449	MC1R
ZNF449	ZNF136
SMIM10L2A	FAM214B
SMIM10L2A	LSM14B
INTS6L	TMEM45A
INTS6L	HSPA14-1
INTS6L	ZNF555
SLC9A6	EFHD2
HTATSF1	MCM2
HTATSF1	CDKN1B
RBMX	KRT19
Z96074.1	ERVMER61-1
Z96074.1	GCNT2
Z96074.1	LINC01591
FGF13	RERG
MCF2	AC092546.1
MCF2	AC026780.2
CDR1	DNPEP
AL078639.1	FDPS
AL078639.1	FBXO30
AL078639.1	ATG9B
AL078639.1	AC103706.1
LDOC1	CNPY3
MAGEC3	AL451048.1
SLITRK4	FAM210B
IDS	PLCXD2
IDS	LRRTM2
IDS	FOXG1
CXorf40B	THBS4
CXorf40B	CXorf40A
LINC00894	AF064858.1
CD99L2	AP001318.2
HMGB3	JUNB
GABRA3	DACH2
GABRA3	PLEKHA2
GABRA3	TMEM26-AS1
GABRA3	CFAP97D2
GABRA3	GNG2
CETN2	GSTM4
CETN2	ANAPC13
CETN2	MID1IP1
CETN2	AC012617.1
CETN2	ABCG1
PNMA5	LIMS2
PNMA5	USP3
PNMA5	KCNAB3
PNMA5	CYP4F3
PNMA3	MTFR1
PNMA3	TEDC1
PNMA3	PDYN-AS1
PNMA3	AC011472.4
PNMA3	P2RX6
PNMA6A	B3GALT6
PNMA6A	NOV
CCNQ	PINK1
CCNQ	CXorf40B
CCNQ	PTGES2
CCNQ	CAPN1
CCNQ	KAT5
DUSP9	TTC22
DUSP9	AC062021.1
PNCK	RTP1
PNCK	PNMA5
PNCK	CALY
SLC6A8	HDGF
SLC6A8	EFNB1
BCAP31	ERMARD
BCAP31	TSSC4
BCAP31	ERG28
BCAP31	TIMM22
BCAP31	AP2S1
IDH3G	IK
SSR4	UQCRC1
SSR4	POLR2G
PDZD4	AL139424.2
PDZD4	MAP4
PDZD4	WDR82
PDZD4	AC024560.3
PDZD4	ZKSCAN4
PDZD4	PLA2G7
PDZD4	AL355297.3
PDZD4	NRXN2
PDZD4	AC006538.2
PDZD4	PPFIA3
PDZD4	PTOV1
PDZD4	U2AF2
PDZD4	CSNK1E
IRAK1	TTPAL
EMD	C11orf24
EMD	IER2
RPL10	RPS21
TAZ	UNC45A
ATP6AP1	RNF187
ATP6AP1	PSMD2
ATP6AP1	ZBTB22
GDI1	CDNF
GDI1	ENTPD7
GDI1	SRCAP
GDI1	YWHAE
FAM50A	NOP2
FAM50A	AL133523.1
FAM50A	TRAF4
FAM50A	TRMT1
LAGE3	ANKRD37
LAGE3	HLA-C
LAGE3	EXOSC4
LAGE3	HBQ1
LAGE3	MIEN1
LAGE3	C19orf24
LAGE3	C19orf53
UBL4A	ICMT
UBL4A	MANEAL
UBL4A	PRRT3
UBL4A	GNPDA1
UBL4A	SLC35C1
UBL4A	INTS5
UBL4A	BAD
UBL4A	RNF26
UBL4A	SNN
UBL4A	GDE1
SLC10A3	MGAT2
G6PD	SHISA5
G6PD	APEH
G6PD	PODXL2
G6PD	WDR13
G6PD	G6PC3
G6PD	MYL9
DKC1	SCN11A
FUNDC2	LINC00886
FUNDC2	MRPL47
MTCP1	AP001266.2
RAB39B	KCNA2
RAB39B	FAM8A1
RAB39B	ZBTB33
ZNF596	AC012358.3
DLGAP2	AGBL4
DLGAP2	LINC01250
DLGAP2	NPAS2
DLGAP2	PDZRN3
DLGAP2	TCF19
DLGAP2	PRKCA
DLGAP2-AS1	PEX5L-AS1
DLGAP2-AS1	PEX5L-AS2
DLGAP2-AS1	AC234772.2
AC245187.2	AC245123.1
AC245123.1	AC246817.2
AC245123.1	AC246817.1
AC246817.2	AC246817.1
CSMD1	CCDC30
CSMD1	ADGRL2
CSMD1	CHRM3
CSMD1	ANKRD30BL
CSMD1	SATB2
CSMD1	IQCJ-SCHIP1
CSMD1	SORBS2
CSMD1	SPANXA2-OT1
CSMD1	ZFPM2
CSMD1	NRG3
CSMD1	PTPRQ
CSMD1	TANC2
AC016065.1	CCDC71
AC016065.1	MINCR
ANGPT2	AC092802.2
ANGPT2	AC239803.1
ANGPT2	AC006059.1
ANGPT2	AC026347.1
ANGPT2	MIR181A2HG
ANGPT2	AC073569.2
ANGPT2	RORA-AS1
ANGPT2	ZNF790
ANGPT2	TTC3-AS1
FAM85B	FAM66D
FAM85B	AC145124.1
ERI1	AC004784.1
AC022784.6	GRXCR2
AC034111.1	TEX22
PRSS51	AC099788.1
XKR6	BMPR1A
CTSB	AMIGO1
CTSB	SYT11
CTSB	LINC01963
CTSB	USP11
CTSB	CNP
CTSB	TNFAIP8L1
AC145124.1	FAM66A
TRMT9B	PLAGL1
TRMT9B	UST
TRMT9B	VWC2
DLC1	DCHS2
DLC1	CNKSR3
DLC1	SEMA3E
DLC1	SGCZ
DLC1	RBM20
DLC1	LINC01479
DLC1	MCTP2
DLC1	SPATA22
DLC1	PTPRM
SGCZ	NRG1
SGCZ	DIP2A
MSR1	EBF1
ZDHHC2	TIE1
CNOT7	ZNF281
CNOT7	CITED2
CNOT7	FER1L6-AS2
CNOT7	AP003390.1
AC027117.2	IQGAP2
ASAH1	SYTL3
ASAH1	SLC7A9
SH2D4A	F5
ATP6V1B2	PREPL
ATP6V1B2	DYNLT3
ATP6V1B2	TOLLIP
ATP6V1B2	PPP1R1B
ATP6V1B2	PRKAR1A
ATP6V1B2	BLCAP
ATP6V1B2	SERINC3
ATP6V1B2	YWHAB
LZTS1	CAMK2A
LZTS1-AS1	LINC01759
LZTS1-AS1	RIIAD1
LZTS1-AS1	AC009951.2
LZTS1-AS1	AC024619.3
LINC02153	ZEB2-AS1
LINC02153	AC008708.2
LINC02153	NBAT1
FGF17	MROH6
FGF17	TONSL
FGF17	KCNT1
FGF17	RBM14-RBM4
FGF17	AP1G2
FGF17	AL135818.2
FGF17	AC005726.1
FGF17	AL035252.3
FGF17	SLC25A41
FGF17	CACNA1I
NUDT18	SLC49A3
HR	SLC6A17
LGI3	PELI3
LGI3	VAMP1
SFTPC	LINC01976
SFTPC	KIAA0930
PHYHIP	WBP2
PHYHIP	CYGB
PHYHIP	SGTA
AC105206.2	AL161757.5
SORBS3	TRIM7
EGR3	ADRB1
EGR3	VSTM2L
PEBP4	C5orf67
PEBP4	AC116337.3
PEBP4	PBLD
PEBP4	AL356020.1
PEBP4	TMEM220-AS1
PEBP4	AC015908.2
PEBP4	AC003006.1
AC037441.1	LINC00327
AC107959.1	ANGPTL2
RHOBTB2	CAMKK2
TNFRSF10A	C17orf99
R3HCC1	TDRD7
SLC25A37	SPDL1
SLC25A37	CCL4L2
ADAM28	ASPM
AC120193.1	LINC01990
AC120193.1	AC023202.1
AC120193.1	AC022858.1
NEFM	RUNDC1
NEFM	NEFH
NEFL	SCG3
DOCK5	ADARB2
BNIP3L	TRIM69
PNMA2	PAQR9
PNMA2	CCDC71L
PNMA2	WASF3
PNMA2	HLF
PTK2B	KCNIP2
CLU	HBA1
CLU	RASD1
SCARA3	ARHGEF26
SCARA3	LPAR2
ZNF395	ZSCAN23
ZNF395	TRDMT1
AC025871.1	SLC28A2
AC025871.1	AC012313.6
KIF13B	AC093206.1
DUSP4	KMO
DUSP4	MIR22HG
SARAF	PITHD1
SARAF	SGPP2
AC026979.2	SUCLA2-AS1
TEX15	SLC26A11
TEX15	ZNF396
TEX15	GAL3ST1
PURG	HMGCLL1
NRG1	ASTN2
DUSP26	AC093323.1
AF279873.3	AC090993.1
UNC5D	GRM7
UNC5D	AL445250.1
UNC5D	ZMAT4
UNC5D	LINC02359
UNC5D	DCC
RAB11FIP1	PNLDC1
BAG4	AMOTL2
BAG4	OCRL
BAG4	FAM84B
BAG4	UBE2Z
FGFR1	ADCYAP1R1
FGFR1	AC087623.4
FGFR1	RERGL
TACC1	RHOQ
TACC1	SEMA6A-AS2
TM2D2	STRAP
TM2D2	AC005921.2
ADAM32	GNLY
ADAM32	CCDC13
ADAM32	PRSS27
ADAM32	GNB1L
ADAM18	AC099753.1
IDO1	GUCA1C
IDO1	AC002375.1
IDO1	CPAMD8
AC105999.1	CFAP57
ZMAT4	PRB2
AC009630.1	AL603839.3
AC009630.1	C16orf74
GPAT4	INPP5J
AP3M2	RUSC1
AP3M2	MPP1
VDAC3	MGST3
VDAC3	RGS7BP
VDAC3	DEF6
SMIM19	CPT2
SMIM19	LINC01763
SMIM19	AC118553.1
SMIM19	GGCX
SMIM19	CIAO1
SMIM19	RBMS3
SMIM19	B3GALNT1
SMIM19	AC096711.2
SMIM19	ZKSCAN4
SMIM19	B3GALT4
SMIM19	PPIL1
SMIM19	SLC35B4
SMIM19	LINC01003
SMIM19	LRRC56
SMIM19	RAD9A
SMIM19	DLST
SMIM19	OSER1
SMIM19	ILF3-DT
SMIM19	KCNK6
SMIM19	GAB4
THAP1	JRKL
THAP1	PPP1CC
HGSNAT	NHLH1
HGSNAT	CYS1
HGSNAT	INHA
HGSNAT	D2HGDH
HGSNAT	CIP2A
HGSNAT	QTRT2
HGSNAT	AC117386.2
HGSNAT	MGARP
HGSNAT	FBXO4
HGSNAT	BPHL
HGSNAT	GPLD1
HGSNAT	SUN3
HGSNAT	SEM1
HGSNAT	AL449403.1
HGSNAT	C9orf106
HGSNAT	NOXA1
HGSNAT	TMPRSS5
HGSNAT	C10orf143
HGSNAT	AL391261.2
HGSNAT	CCT6B
HGSNAT	AC011815.2
HGSNAT	SLC14A2
HGSNAT	BFSP1
HGSNAT	ZNF337-AS1
HGSNAT	MKNK2
HGSNAT	TRMU
MCM4	SAP30L
MCM4	PLPP6
MCM4	CBX7
UBE2V2	VSNL1
AC064807.1	MAP10
AC064807.1	C1QTNF2
AC064807.1	KDM4D
AC064807.1	PARPBP
ST18	UGT8
ST18	FAM107B
ST18	EPS8
ST18	ZNF536
MRPL15	HAR1A
RP1	HMGA2
RP1	CREB3L3
XKR4	PLPPR1
XKR4	EHD4
LYN	ITGB2
RPS20	RPL31
RPS20	B3GAT2
AC107952.2	GUCY1B1
LINC00968	EEF1AKMT4-ECE2
FAM110B	DMKN
AC027698.1	AC093567.1
TOX	FIGN
TOX	GINS2
AC090152.1	SATB2-AS1
AC090152.1	MX1
LINC01301	CCDC24
LINC01301	LINC01376
LINC01301	HCG20
CHD7	PSAT1
CLVS1	MIR181A1HG
CLVS1	KLHL3
CLVS1	AC091948.1
CLVS1	MICAL3
CLVS1	DRICH1
NKAIN3	IFI16
GGH	LAMP3
GGH	AURKA
AC069133.1	AC010266.2
AC069133.1	LINC01289
AC069133.1	CCDC144NL
MTFR1	AC137932.3
PDE7A	AFG1L
CRH	ADRA1D
ADHFE1	AC105942.1
ADHFE1	DNAJC28
VCPIP1	PREPL
SGK3	KIAA0825
SGK3	CFAP43
MCMDC2	AC017083.1
MCMDC2	AC079584.1
MCMDC2	C8orf37
CPA6	LINC02438
CPA6	LINC00603
CPA6	FBN2
CPA6	TRDN-AS1
CPA6	LINC01162
CPA6	TSPAN8
CPA6	PTCSC3
CPA6	FBLN1
PREX2	EFEMP1
C8orf34	C8orf34-AS1
LINC01592	AC025419.1
SULF1	AL357509.1
SULF1	FOXO6
SULF1	S100Z
SULF1	VWA2
SULF1	SLC15A5
SULF1	LOXL1
LACTB2	TBC1D9
LACTB2	HMMR
LACTB2	LYPD5
AC022858.1	XKR9
MSC	SASH1
KCNB2	HNMT
KCNB2	AL034399.2
AC022893.1	SLC25A44
AC022893.1	AC108047.1
AC022893.1	SMC5-AS1
RDH10-AS1	SPATA21
RDH10-AS1	PLAC1
RDH10-AS1	ANPEP
AC022826.2	CYP27A1
ELOC	SPCS1
MIR2052HG	GDAP1
MIR2052HG	PI15
AC011632.1	AC016687.3
CRISPLD1	LURAP1L
AC062004.1	GRXCR1
AC062004.1	FNDC1
AC062004.1	CASC11
AC062004.1	FBXO47
AC062004.1	LINC01899
PKIA-AS1	AC066613.2
PKIA	CBFB
IL7	MAGI1-AS1
IL7	AC034228.3
IL7	AC022395.1
IL7	AC004803.1
IL7	SLC24A5
MRPS28	RAB5IF
AC034114.2	RBP7
AC034114.2	NCMAP
AC034114.2	AL590640.1
AC034114.2	KIF2C
AC034114.2	RBM47
AC034114.2	AC096746.1
AC034114.2	SMIM31
AC034114.2	AC025180.1
AC034114.2	DNAH8
AC034114.2	ABCB5
AC034114.2	SVOPL
AC034114.2	RAB19
AC034114.2	AL157778.1
AC034114.2	AC021242.2
AC034114.2	AC021678.2
AC034114.2	DMRT1
AC034114.2	BNC2
AC034114.2	AL162725.2
AC034114.2	LINC01242
AC034114.2	AL353616.2
AC034114.2	AP001372.1
AC034114.2	NR1H4
AC034114.2	TRPV4
AC034114.2	RPGRIP1
AC034114.2	VRTN
AC034114.2	AC073941.1
AC034114.2	MYH11
AC034114.2	TMC5
AC034114.2	ATP2A3
AC034114.2	LINC00687
AC034114.2	AC005808.1
AC034114.2	CATSPERD
AC034114.2	CD70
AC034114.2	LINC01841
AC034114.2	PGLYRP2
AC034114.2	RSPH6A
AC034114.2	NLRP12
AC034114.2	DNAAF3
AC034114.2	BPIFC
AC034114.2	NFAM1
AC034114.2	CELSR1
AC009812.1	KCNMB3
ZNF704	NPY1R
ZNF704	TOX
ZNF704	VSTM4
FABP5	AC021127.1
FABP5	AC087294.1
PMP2	GFAP
RALYL	BOLA3
RALYL	KCNH7
RALYL	PDE1A
RALYL	FUT9
RALYL	LINC01004
RALYL	LRGUK
RALYL	AC246817.2
RALYL	CNTN1
C8orf59	CSKMT
C8orf59	EXOSC8
CA3	CA13
CA2	SELENOP
CNBD1	NPIPB2
CNBD1	AC010511.1
AF121898.1	AC022031.2
MMP16	BRINP3
MMP16	KCNH7
MMP16	AC009948.1
MMP16	TMEFF2
MMP16	TENM3
MMP16	TRAF3IP2-AS1
MMP16	AC090568.2
MMP16	TRAPPC4
MMP16	FGD4
MMP16	AC010401.1
MMP16	CDH2
MMP16	TCF20
MMP16	NCAM2
AC090568.2	AC114321.1
AC090568.2	FAM126A
AC090568.2	RUNX1T1
AC090568.2	AL353811.1
AC090568.2	MIR4500HG
AC090568.2	LINC01902
AF117829.1	C22orf23
TMEM64	SLC6A11
TMEM64	CCDC80
TMEM64	PABPC5-AS1
NECAB1	SH3BGRL
AC103770.1	LINC01103
AC103770.1	KCNMB2-AS1
AC103770.1	AC016650.1
AC103770.1	AL157896.1
AC103770.1	AC073525.1
C8orf88	AGA
C8orf88	AL034347.1
C8orf88	URGCP-MRPS24
C8orf88	AC138123.1
PIP4P2	RSPH9
LRRC69	SLC26A7
RUNX1T1	LRRC3B
LINC00535	PLA2G4E
RBM12B	ZBED8
RBM12B	TRIM52
RBM12B	ALG10
RBM12B	NOMO2
RBM12B	SLC25A35
PDP1	MORN1
PDP1	EIF5A2
PDP1	AC022893.2
PDP1	AL117372.1
NDUFAF6	SMKR1
RPL30	FMN2
RPL30	NHP2
RPL30	RWDD1
RPL30	RPS16
POP1	TBCCD1
POP1	NOCT
POP1	AL391121.1
POP1	FAM161B
NIPAL2	CRISPLD1
STK3	GPR157
KCNS2	UBXN10
KCNS2	RBM43
AP003355.2	SH3PXD2B
AP003355.2	AL359397.2
RGS22	ERICH6B
POLR2K	UFC1
POLR2K	MRPL18
POLR2K	TMEM60
POLR2K	TCEAL8
POLR2K	ERH
POLR2K	MRPL34
POLR2K	CSTB
SNX31	AC097359.3
SNX31	PPIL6
SNX31	Z84488.2
SNX31	AC069294.1
SNX31	RBM3
SNX31	BNIP3L
SNX31	TEX15
SNX31	AL392046.1
SNX31	LINC00558
YWHAZ	CCKBR
YWHAZ	KLF16
AP003469.4	LINC02572
AP003469.4	AC063944.3
AP003469.4	NNT-AS1
AP003469.4	STARD4-AS1
AP003469.4	TMED7-TICAM2
AP003469.4	Z97989.1
AP003469.4	ZNF706
AP003469.4	WDR31
AP003469.4	PHF19
AP003469.4	PIH1D2
AP003469.4	ATP23
AP003469.4	AC107032.2
AP003469.4	ABHD13
AP003469.4	JMJD6
AP003469.4	ASPSCR1
AP003469.4	KCNE1
ZNF706	RABEPK
ZNF706	ARL14EP
ZNF706	SUGT1
ZNF706	MYHAS
UBR5-AS1	GPR61
UBR5	PTP4A2
UBR5	GAR1
UBR5	LRCH2
UBR5	HERC4
UBR5	SLAIN1
KLF10	TMEM56-RWDD3
KLF10	ANKRD35
KLF10	EGR1
KLF10	EML5
KLF10	MIDN
KLF10	PTTG1IP
AZIN1	HSP90B1
AZIN1-AS1	METTL7A
AZIN1-AS1	CES5A
AP003354.2	AC098484.3
AP003354.2	AC104170.1
AP003354.2	LINC02023
AP003354.2	AL590867.1
AP003354.2	AZIN1-AS1
AP003354.2	TEKT3
BAALC	HSD17B13
BAALC	AC006288.1
BAALC-AS1	AC011124.1
ZFPM2	KDM4C
ZFPM2	SLC25A21
AC103853.1	AL591242.1
AC103853.1	AC006355.2
AC027031.2	MIR7-3HG
AC090579.1	AL139294.1
AC090579.1	AL354771.1
AC090579.1	CHRM3-AS2
AC090579.1	SLC8A1-AS1
AC090579.1	AC018462.1
AC090579.1	CHDH
AC090579.1	AC055733.2
AC090579.1	P2RY14
AC090579.1	RARRES1
AC090579.1	AC107068.2
AC090579.1	MAK
AC090579.1	AL513188.1
AC090579.1	NCOA7-AS1
AC090579.1	AC002429.2
AC090579.1	ANGPT2
AC090579.1	AC027018.1
AC090579.1	ASTN2-AS1
AC090579.1	AP002370.2
AC090579.1	AC024145.1
AC090579.1	C12orf40
AC090579.1	AC073571.1
AC090579.1	AC027288.3
AC090579.1	AC001226.2
AC090579.1	SLC10A1
AC090579.1	AC090971.2
AC090579.1	AC012404.1
AC090579.1	AC100839.1
AC090579.1	ANKS4B
AC090579.1	AC009133.1
AC090579.1	AC005884.1
AC090579.1	ABCA9-AS1
AC090579.1	AC119868.2
AC090579.1	MIR155HG
RSPO2	GRIK1
ENY2	AL662884.4
ENY2	COIL
ENY2	ZFAS1
AC079061.1	SMIM30
AC079061.1	ZNF664
KCNV1	EXTL2
KCNV1	CTSC
LINC01608	AC026316.5
LINC01609	MBNL3
CSMD3	CHL1
TRPS1	NFIB
UTP23	DNAJC9
UTP23	DPH6-DT
RAD21	GATC
EXT1	USP6NL
SAMD12	CCSER1
SAMD12	CTNND2
SAMD12	FARS2
SAMD12	CTTNBP2
SAMD12	ACAP1
AC023590.1	CAV3
AC023590.1	AC011405.1
AC023590.1	PPFIA2-AS1
SAMD12-AS1	FCHSD2
COLEC10	SAMD12-AS1
NOV	CD24
AC021733.1	GPR1
AC021733.1	LINC01470
AC091563.1	DEPTOR
SNTB1	LINC01632
SNTB1	STK32B
SNTB1	SLC17A8
ZHX2	PRR5L
ZHX2	CBFB
AC104316.1	AC018878.1
AC104316.1	AC026202.2
AC104316.1	LINC02158
AC104316.1	PDE5A
AC104316.1	P4HA2-AS1
AC104316.1	RPP38
AC104316.1	LMTK3
ATAD2	C5orf34
ATAD2	MCM7
ATAD2	AC084200.1
ATAD2	FANCI
FER1L6	AC068512.1
FER1L6-AS2	FER1L6-AS1
NDUFB9	AC078795.1
NDUFB9	Z97832.2
NDUFB9	GPKOW
NDUFB9	AC116552.1
NDUFB9	AKT2
MTSS1	VANGL1
MTSS1	MREG
MTSS1	KIAA1211
MTSS1	NINL
CASC11	CFAP57
CASC11	AC092053.3
CASC11	AL035420.1
PVT1	AC092902.3
PVT1	AC083906.3
PVT1	SH3KBP1
PVT1	SMAD3
ASAP1	ADAMTSL1
KCNQ3	TNIP2
KCNQ3	CSGALNACT1
KCNQ3	AACS
KCNQ3	PTPRT
LRRC6	AC072062.1
LRRC6	PKIB
LRRC6	MIR124-2HG
LRRC6	PPFIBP1
LRRC6	IGF1
SLA	GAL
AC103706.1	AC079922.2
AC103706.1	CAHM
AC103706.1	FGFBP3
KHDRBS3	C3orf20
KHDRBS3	PRICKLE2
KHDRBS3	NETO1
LINC02055	AC013546.1
LINC02055	LINC02552
LINC02055	PRKG1-AS1
FAM135B	LINC00511
TRAPPC9	PEX7
TRAPPC9	EPM2A
TRAPPC9	MT2A
PTK2	CTNND2
PTK2	FSTL4
PTK2	BTBD9
PTK2	ABCA6
DENND3	NPHP4
DENND3	RFX8
DENND3	AC020718.1
DENND3	HLA-DQB1
DENND3	EHD1
DENND3	MRGPRF
DENND3	ADIRF
DENND3	AAGAB
DENND3	TNFRSF11A
SLC45A4	NR3C2
SLC45A4	AC245033.1
SLC45A4	SMPD3
PTP4A3	AL121827.1
ADGRB1	GRM2
ADGRB1	PLXNA1
ADGRB1	PLXND1
ADGRB1	PDE2A
ADGRB1	SSPN
ADGRB1	AC090502.1
ADGRB1	JAG2
ADGRB1	CAPN15
ADGRB1	SRC
ADGRB1	AC008397.2
AC108002.1	LRRC39
AC108002.1	DARS-AS1
AC108002.1	GSTZ1
THEM6	AC245060.5
LY6E-DT	LINC01750
LY6E-DT	FAM178B
LY6E-DT	MFAP3L
LY6E-DT	LHFPL2
LY6E	CDKN2AIPNL
LY6E	ARFIP2
LY6H	C5orf49
LY6H	ISLR
AC138696.1	TACC3
AC138696.1	CCDC180
AC138696.1	AC004494.1
RHPN1	TNFRSF14
RHPN1	MTMR11
RHPN1	DGKQ
RHPN1	LCNL1
RHPN1	HSF4
RHPN1	CORO6
RHPN1	TMEM74B
ZC3H3	SLC25A42
ZC3H3	SAMD4B
ZC3H3	ZNF284
MROH6	FAM229A
MROH6	AL645940.1
MROH6	POLE
MROH6	LINC00304
EEF1D	DDX4
EEF1D	AK1
PYCR3	JMJD4
PYCR3	AC023790.2
PYCR3	AL118506.1
PYCR3	AC002472.1
TSTA3	ZNF718
TSTA3	PHKG2
SCRIB	ADGRB1
SCRIB	GOLGA7B
PUF60	TSSC4
PLEC	AGRN
GRINA	RETREG2
GRINA	ATP6AP1
GRINA	LY6E
GRINA	ROGDI
GPAA1	TSTA3
GPAA1	TUFM
GPAA1	PES1
CYC1	DBI
CYC1	PHPT1
CYC1	FAM96B
SHARPIN	AL157955.2
MAF1	TMEM115
MAF1	C9orf3
MAF1	KCNJ11
MAF1	H2AFX
MAF1	AC006449.6
MROH1	PIP5K1A
MROH1	ATP8B2
MROH1	KYAT1
DGAT1	INTS1
DGAT1	DUS1L
DGAT1	ISYNA1
DGAT1	LRRC75B
SCRT1	HR
SCRT1	SAMD10
SCRT1	DGCR9
SCRT1	AP001505.1
SLC52A2	PUSL1
SLC52A2	SLC39A13
SLC52A2	TINF2
ADCK5	LAT
CYHR1	RCE1
CYHR1	ROGDI
KIFC2	SCNN1D
KIFC2	ACAP3
KIFC2	ELOVL1
KIFC2	CYP21A2
KIFC2	GPSM1
KIFC2	B4GALNT4
KIFC2	MAPK11
MFSD3	IQCC
MFSD3	C1orf122
MFSD3	GPAA1
MFSD3	FAM241B
LRRC14	WDR24
RPL8	NDUFS5
RPL8	GUK1
RPL8	RPSA
RPL8	TM2D2
RPL8	BAG1
RPL8	DENND1A
RPL8	EDF1
RPL8	UQCC3
RPL8	PRDX5
RPL8	TUFM
RPL8	RPL13
RPL8	PSMB6
RPL8	RPS15
ZNF517	ZNF696
ZNF7	SPRTN
ZNF7	STARD4-AS1
ZNF7	AL137025.1
ZNF7	SERPINE3
ZNF7	ZNF45
ZNF7	MORC2-AS1
C8orf33	ABCF1
C8orf33	PET117
RFX3	NDST3
RFX3	NR3C2
RFX3	GRIA4
RFX3-AS1	C1orf112
RFX3-AS1	LINC00504
RFX3-AS1	LINC01006
GLIS3	RHEX
GLIS3	FAM13A
GLIS3	EDNRB
GLIS3	LINC02296
JAK2	KCTD3
JAK2	LYAR
JAK2	MTHFD2L
PLGRKT	RAPGEF4-AS1
PLGRKT	FAIM
PLGRKT	SCOC-AS1
PLGRKT	SNX24
PLGRKT	ADAT2
PLGRKT	GEMIN8
PLGRKT	SFTPD
PLGRKT	BCDIN3D-AS1
PLGRKT	PIGB
PLGRKT	SENP8
PLGRKT	BBS4
PLGRKT	RSAD1
PDCD1LG2	ELOVL2
ERMP1	AL139011.2
ERMP1	CFAP161
MLANA	TMEM204
RANBP6	EXOC8
RANBP6	PURB
RANBP6	RLIM
AL133480.1	AL049569.1
AL133480.1	AC008871.1
AL133480.1	AC211486.5
AL133480.1	AP000753.2
AL133480.1	AC087501.1
AL133480.1	FO393401.1
AL162411.1	AC131011.1
KDM4C	ATAD2B
KDM4C	PIP4K2C
PTPRD	TTC14
PTPRD	DNAJC1
AL596451.1	ZBTB20-AS5
AL596451.1	SLC26A5
AL596451.1	LINC02153
AL596451.1	AP000438.1
AL596451.1	UNC93B1
AL596451.1	SEMA4G
AL596451.1	EEF2K
AL596451.1	AP001021.2
AL136366.1	PRRT3-AS1
TTC39B	ELMOD2
PSIP1	MECR
PSIP1	GMNN
PSIP1	VWA7
PSIP1	MED30
PSIP1	SNAI3-AS1
CCDC171	HMGCLL1
C9orf92	ADAM7
BNC2	MDS2
BNC2	IL1R1
BNC2	GLI2
BNC2	TMEM156
BNC2	ABCG2
BNC2	AC004052.1
BNC2	GLI3
BNC2	SYTL4
BNC2	MELK
BNC2	YAP1
BNC2	APBB1IP
BNC2	EYA2
BNC2	RGL3
BNC2	NOTCH3
BNC2	LAIR1
CNTLN	ZFAND4
CNTLN	PELI2
RRAGA	MRFAP1
RRAGA	RNF5
RRAGA	DHRSX
RRAGA	TMEM70
RRAGA	PGAM1
RRAGA	STRAP
RRAGA	ARF6
RRAGA	EID1
RPS6	RPL7
RPS6	PLEKHA7
RPS6	RPS24
SLC24A2	PSRC1
SLC24A2	MAGI3
SLC24A2	C6orf141
SLC24A2	NTN4
SLC24A2	TRIM72
SLC24A2	GRP
SLC24A2	EBF4
MLLT3	FAM117B
MLLT3	TBC1D1
MLLT3	FAM13A
MLLT3	AMPH
MLLT3	CA3
MLLT3	VSIG10L
FOCAD	RASSF1
FOCAD	RRH
CDKN2A	TFAP2D
CDKN2A	CDKN2B-AS1
AL391117.1	LINC00698
AL391117.1	ADTRP
AL391117.1	ATP10A
IZUMO3	GAL
AL353811.1	PLCH1
TOPORS	SCART1
TOPORS	ZNF24
NDUFB6	AC105219.4
NDUFB6	ZNF787
DNAJA1	HSPA4
DNAJA1	HTR5A-AS1
BAG1	SMIM20
BAG1	AP1S2
ANKRD18B	CYP4F26P
AL354989.1	AC025580.2
KIF24	AC109349.1
C9orf24	HIF1A-AS2
ENHO	HES6
ENHO	TUSC1
ENHO	BTBD6
CNTFR	MDGA1
CNTFR	WSCD1
DCTN3	CLIC2
GALT	CNGA4
IL11RA	COL7A1
IL11RA	CCER2
AL162231.1	TRPT1
AL162231.1	POLD4
DNAJB5	FOXJ2
DNAJB5	SEZ6
STOML2	IGFBP6
FAM214B	MRPL41
FAM214B	AC099850.2
FAM214B	CABLES2
CCDC107	FAM95C
TLN1	CSNK1G2
CREB3	HMGA1
RGP1	AC096733.2
NPR2	AC004865.2
NPR2	AC073957.3
SPAG8	AC021097.1
SPAG8	AC090198.1
SPAG8	LINC01001
SPAG8	SCRN2
SPAG8	TMEM191C
HINT2	MYT1L
HINT2	AL080317.2
SPAAR	LINC01471
CLTA	JPT1
FBXO10	GPAT4
FBXO10	FZD8
FRMPD1	ADAMTS6
TRMT10B	TMEM43
TRMT10B	ABRAXAS1
TRMT10B	HMGN4
ANKRD18A	FAM95C
CNTNAP3	ITGA8
BMS1P14	AL845331.2
AL591926.2	EVA1A
AL591926.2	ERCC6L
AL445584.2	HJV
AL445584.2	TNN
AL445584.2	DECR1
AL445584.2	LRRC36
BX088645.1	CLPSL1
BX088645.1	CNTNAP3
AL391987.2	AL136307.1
CR769775.2	AL845311.1
CR769775.2	AC073176.3
CBWD3	CBWD6
APBA1	FBLN2
APBA1	COBL
APBA1	CASTOR3
APBA1	LINC00476
APBA1	ZNF618
APBA1	ZSCAN30
AL353693.1	AC099520.1
AL353693.1	AC119150.1
AL353693.1	AC073957.1
AL353693.1	ZNF777
AL353693.1	TMEM45B
AL353693.1	AL355303.1
PTAR1	STK26
MAMDC2-AS1	SMC5-AS1
SMC5	PER3
SMC5	YIPF7
KLF9	UBL3
TRPM3	TGFBR1
CEMIP2	IDH2-DT
GDA	ANOS1
GDA	CCND2
ZFAND5	NPTN
TMC1	AC012368.1
TMC1	AC068759.1
TMC1	TMEM154
TMC1	AL022068.1
TMC1	LAMC3
ALDH1A1	LINC01474
RORB-AS1	POU3F2
RORB-AS1	PRPS2
RORB	PARM1
C9orf40	ING1
C9orf41-AS1	ZNF665
PCSK5	LRP1B
PCSK5	EDNRA
PCSK5	F2R
PCSK5	FILIP1
PCSK5	SEMA3D
PCSK5	SULF1
PCSK5	RXFP2
PCSK5	GREM1
PCSK5	AC092131.1
PCSK5	ZFHX3
PCSK5	ERG
PCA3	AC091563.1
TLE4	AP003721.1
TLE4	GJC1
TLE4	RAB40B
TLE1	AFAP1
RASEF	BX088645.1
RASEF	TLE4
FRMD3	MCC
FRMD3	FRMPD3
FRMD3	MTSS1
FRMD3	STK33
FRMD3	LRMDA
IDNK	RHCE
IDNK	WDR31
HNRNPK	NUCKS1
HNRNPK	ABHD10
HNRNPK	VMA21
HNRNPK	APBB1
HNRNPK	PAFAH1B2
HNRNPK	DNAJA2
HNRNPK	EXOSC6
HNRNPK	SYT4
C9orf153	ADAM32
ISCA1	TRBC2
DAPK1	IGSF3
DAPK1	AC097515.1
DAPK1	EPB41L2
DAPK1	LINC01289
DAPK1	CPXM2
DAPK1	EML1
CTSL	TTC29
CTSL	MLX
CDK20	TNFRSF4
NXNL2	TTF2
NXNL2	C7orf31
NXNL2	AK7
SHC3	HSD17B12
SHC3	FAM81A
SECISBP2	PLOD1
SECISBP2	DHDDS
SECISBP2	AL592295.4
SECISBP2	STK17B
SECISBP2	AC133528.1
SECISBP2	GFM1
SECISBP2	ZNF596
SECISBP2	TUBB8
SECISBP2	OLMALINC
SECISBP2	OSGEP
SECISBP2	LGALS9
SECISBP2	AC015849.1
SECISBP2	POLR3F
SECISBP2	ZNF441
SECISBP2	ZNF714
SEMA4D	ANO7
SEMA4D	STK32C
DIRAS2	UBE2QL1
AL158071.4	CDK11A
AL158071.4	AC006978.2
OMD	FNIP2
OMD	ASPN
ASPN	OGN
ASPN	ECM2
ASPN	ZNF503-AS1
C9orf129	AL928654.1
AL158152.2	AC116565.2
AL158152.2	OTULIN
FBP2	PCAT7
FBP1	XG
C9orf3	MEG8
C9orf3	SYNDIG1
LINC00476	AP000229.1
ZNF367	AC008764.6
CDC14B	KCNH6
CDC14B	ACAA2
ZNF782	AC007370.2
ZNF782	AC008695.1
ZNF782	AL035701.1
CTSV	AL590705.1
TMOD1	FBLN7
TMOD1	PALLD
TMOD1	LINC01484
NANS	CYP4F26P
CORO2A	MGLL
ANKS6	UMAD1
ANKS6	MOB3B
ANKS6	PRUNE2
ANKS6	ABHD3
GALNT12	RASSF4
ALG2	ARMT1
ALG2	MPLKIP
SEC61B	DDIT3
AL137067.1	AL160290.2
AL358937.1	AL445524.1
AL358937.1	TEX43
AL358937.1	AL589666.1
AL358937.1	OIT3
AL358937.1	DNAJC9
AL358937.1	AC005832.4
AL358937.1	SIX4
AL358937.1	VASP
AL358937.1	AP000550.1
INVS	AC091057.2
MRPL50	ZNF830
TMEM246	RRAGC
TMEM246	PABPC1L2A
TMEM246	KBTBD7
TMEM246	ZNF689
TMEM246	PHF23
GRIN3A	GLRA2
GRIN3A	ZNF98
SMC2-AS1	AC092171.4
PALM2-AKAP2	ST6GAL2
PALM2-AKAP2	AC097480.1
PALM2-AKAP2	MLIP
PALM2-AKAP2	ADAM28
PALM2-AKAP2	LINC02301
PALM2-AKAP2	AL049775.1
PALM2-AKAP2	FAM81A
TXN	ATP5PD
LPAR1	DAAM2
LPAR1	ENPP2
LPAR1	LINC00639
PTGR1	LEAP2
C9orf84	AC104461.1
C9orf84	AC063944.1
C9orf84	NXPE1
C9orf84	ZNF582-AS1
KIAA1958	RALGPS2
KIAA1958	ALKAL2
KIAA1958	LNCSRLR
KIAA1958	PLOD2
KIAA1958	KCNMB2
KIAA1958	BMP3
KIAA1958	LRRC1
KIAA1958	C9orf147
KIAA1958	FCHSD2
KIAA1958	ITGA8
KIAA1958	LAMP5
ZNF883	ZFP37
WDR31	TM4SF19-AS1
WDR31	ADCK1
WDR31	NUDT7
POLE3	KIAA1143
POLE3	C8orf33
POLE3	WBP11
COL27A1	ATOH8
ATP6V1G1	MPC2
ATP6V1G1	ATP6AP2
TMEM268	AC005821.1
TEX48	AL031599.1
AL691420.1	ZPLD1
AL691420.1	LINC02341
ASTN2	TMEFF2
ASTN2	PARVA
ASTN2-AS1	AP002498.1
ASTN2-AS1	AC011503.1
BRINP1	FAM78B
BRINP1	FSTL4
RAB14	TGOLN2
RAB14	CDV3
RAB14	MRPS30
RAB14	HIST1H4C
RAB14	C6orf120
DAB2IP	CTDSP1
DAB2IP	TPM4
TTLL11	NAV2
TTLL11	EVPL
NDUFA8	EMC4
NDUFA8	CHCHD10
PDCL	TERF2IP
DENND1A	NBAS
DENND1A	CACNA1D
DENND1A	ARL15
DENND1A	ARHGAP26
DENND1A	ANKS1A
DENND1A	JAZF1
DENND1A	ZFAT
DENND1A	TTLL11
DENND1A	NR6A1
DENND1A	MVB12B
DENND1A	AC084337.2
DENND1A	VTI1A
DENND1A	AC079385.1
DENND1A	PSME1
DENND1A	IQGAP1
DENND1A	ARHGAP17
DENND1A	AC005972.4
DENND1A	RPTOR
DENND1A	ATP9B
AL390774.2	AC007014.1
AL390774.2	AP005059.2
AC006450.3	AC007405.3
AC006450.3	AC079834.2
AC006450.3	AC018358.1
AC006450.3	AC006058.3
AC006450.3	AARD
AC006450.3	STAT5B
NEK6	HAR1B
NR6A1	KANTR
RPL35	TMA7
RPL35	TRMT44
RPL35	AC008443.5
RPL35	ARPC1B
RPL35	RPL39
RPL35	AC026979.2
RPL35	PSMC3
RPL35	FKBP2
RPL35	AP003392.6
RPL35	RNASE10
RPL35	USP6
RPL35	SLC47A1
RPL35	ROMO1
RPL35	SNRPD2
RPL35	GRAP2
ARPC5L	AL645568.1
ARPC5L	DUSP2
ARPC5L	SCG2
ARPC5L	SLC25A3
ARPC5L	NMB
ARPC5L	AC004805.1
RABEPK	SLC25A33
RABEPK	SRD5A3
RABEPK	PNMA3
RABEPK	TAZ
RABEPK	PAAF1
RABEPK	AL365203.2
RABEPK	NANOG
RABEPK	SVOP
RABEPK	MORN3
RABEPK	ARSG
RABEPK	DSEL
RABEPK	GIPC1
RABEPK	DACT3-AS1
RABEPK	MEI1
HSPA5	AC097347.1
HSPA5	SDF2L1
AL354710.2	AC009779.2
ZBTB34	TRIM25
RALGPS1	WWC3
RALGPS1	TTC7B
RALGPS1	CLEC16A
RALGPS1	VAC14
RALGPS1	LDLRAD4
RALGPS1	HAMP
RALGPS1	TBC1D22A
PTRH1	AP000866.2
TOR2A	CHRD
CDK9	KCNH3
ENG	SPTLC3
ENG	NOP53-AS1
SLC25A25-AS1	TRIM11
SLC25A25-AS1	FGFRL1
SLC25A25-AS1	AC102953.2
PTGES2	HYAL2
PTGES2	TEX264
PTGES2	B4GALT7
PTGES2	DOLK
PTGES2	SRPRA
PTGES2	TUBG1
C9orf16	DUSP14
C9orf16	KIAA1328
COQ4	CYBC1
CERCAM	PHLDB1
SET	SRRD
SPOUT1	AL023284.4
KYAT1	SEC14L5
DOLK	RPS10-NUDT3
DOLK	ST20-AS1
DOLK	EEF2KMT
DOLK	DDX28
DOLK	PIGW
SH3GLB2	TBC1D10B
DOLPP1	C7orf43
PTPA	UBQLN4
PTPA	ADAP1
PTPA	CAMTA2
PTPA	PIP4K2B
PTPA	KLF16
PTPA	CAPNS1
IER5L	POU3F1
IER5L	NRARP
C9orf106	ZNF860
C9orf106	AC108002.1
C9orf106	TLDC1
C9orf106	AC138150.1
C9orf106	AP001029.1
NTMT1	C19orf25
ASB6	IPO13
ASB6	RIC8A
ASB6	B4GALNT1
ASB6	ZNF598
ASB6	NLGN2
ASB6	MRGBP
ASB6	ALKBH6
PRRX2	FGD3
PRRX2	TBXA2R
PTGES	HS6ST1
TOR1B	NBDY
C9orf78	PA2G4
C9orf78	SEZ6L2
C9orf78	PFN1
C9orf78	GTF2F1
FNBP1	BBS12
NCS1	HCN2
FUBP3	NSUN2
FUBP3	ADAM19
FUBP3	PDE7A
FUBP3	PDSS1
FUBP3	AL133352.1
FUBP3	LHPP
FIBCD1	PCOLCE2
FIBCD1	NXPH4
FIBCD1	CPNE2
LAMC3	LGR6
LAMC3	CHRNB3
AL157938.2	AL031280.1
AL157938.2	AC092839.1
AL157938.2	AC010275.1
AL157938.2	MDC1-AS1
AL157938.2	SPDYE3
AL157938.2	AC073342.1
AL157938.2	AL133480.1
AL157938.2	LRRC19
AL157938.2	AL355315.1
AL157938.2	PCDH9-AS2
AL157938.2	AF107885.2
AL157938.2	AC008056.1
AL157938.2	GOLGA6L7
AL157938.2	AC020661.3
AL157938.2	INO80-AS1
AL157938.2	AC015853.3
AL157938.2	RUNDC3A-AS1
AL157938.2	CXCL17
AL157938.3	SPDYE5
AL157938.3	SPDYE6
AL157938.3	PWP1
PLPP7	SARM1
PLPP7	FO393400.1
UCK1	CADM3
RAPGEF1	DGCR8
MED27	CDKN2C
MED27	PTPRG
MED27	MRPL52
NTNG2	RGS12
NTNG2	GDPD5
CFAP77	SPATC1
AK8	CCDC121
AK8	AC009313.1
AK8	ALG2
SPACA9	CCNO
SPACA9	KXD1
CEL	CNKSR1
CEL	AL139011.2
CEL	COX19
CEL	ZBTB1
CEL	LINC00926
CEL	PLK1
CEL	L34079.1
RPL7A	AC009414.2
RPL7A	ZNRD1
RPL7A	DXO
SURF2	CDC37
VAV2	ITGA6
VAV2	AMOTL1
VAV2	MYO1C
VAV2	TRPM4
AL669970.1	AL669970.3
OLFM1	SRSF3
OLFM1	SYT13
PPP1R26-AS1	AL162411.1
PPP1R26-AS1	FAM227A
PPP1R26	PKP1
C9orf116	AL109933.1
MRPS2	RHOB
MRPS2	CHAC1
MRPS2	EEF2
KCNT1	RXRA
TMEM250	CPTP
TMEM250	CSPG5
TMEM250	RBM15B
TMEM250	CEP170B
GPSM1	WFIKKN1
GPSM1	NATD1
GPSM1	PLXNB2
EGFL7	LY6H
EGFL7	AGPAT2
EGFL7	AL121749.1
EGFL7	USB1
EGFL7	MARCH2
EGFL7	KCTD17
SNHG7	AC027031.2
SNHG7	RNASEH2C
SNHG7	NPW
SNHG7	APOE
AJM1	UBTF
PHPT1	CAVIN3
EDF1	AURKAIP1
EDF1	EIF2B4
EDF1	SNRPG
EDF1	RAD18
EDF1	NDUFAF3
EDF1	TIGD6
EDF1	AC004691.2
EDF1	QSER1
EDF1	ANKRD16
EDF1	MYL6
EDF1	NDUFB10
EDF1	ELOF1
FBXW5	RAB26
FBXW5	PSMD3
FBXW5	SBF1
PAXX	LRWD1
PAXX	CENPT
AL807752.6	CPNE6
AL807752.6	PSME2
NPDC1	RIPK1
NPDC1	INCENP
NPDC1	NXF1
NPDC1	OGFOD3
NPDC1	FN3K
GRIN1	CHD5
GRIN1	EML3
GRIN1	SNX32
GRIN1	GAS2L2
GRIN1	AL008718.2
ANAPC2	AC239804.1
ANAPC2	UPRT
SSNA1	SSU72
SSNA1	G0S2
SSNA1	IFRD2
SSNA1	MCF2L2
SSNA1	BLOC1S4
SSNA1	C6orf47
SSNA1	COPS6
SSNA1	CYC1
SSNA1	CCDC107
SSNA1	CREB3
SSNA1	CTSF
SSNA1	FADD
SSNA1	COQ10A
SSNA1	ARL6IP4
SSNA1	PPIB
SSNA1	NUBP2
SSNA1	TMEM11
SSNA1	NT5C3B
SSNA1	MRPS26
SSNA1	ID1
SSNA1	TRIR
SSNA1	PAF1
SSNA1	YDJC
TMEM203	FITM2
BX255925.3	SLC25A25-AS1
BX255925.3	STXBP2
RNF208	DHFR
RNF208	DLG4
RNF208	BSG
RNF208	RASD2
TUBB4B	TUBB
TUBB4B	TUBA1B
TUBB4B	TUBG1
EXD3	IQANK1
EXD3	CERS4
NOXA1	ARL5A
NOXA1	KRBA1
NOXA1	KIF12
NOXA1	PGAP3
NOXA1	SCPEP1
NOXA1	SGSH
NOXA1	DSCAS
NOXA1	CAPS
ZMYND19	PSD
ZMYND19	CARMIL2
ARRDC1	MEGF6
ARRDC1	ZBED9
ARRDC1	VWCE
EHMT1	SLC22A14
EHMT1	BASP1-AS1
EHMT1	ATXN7L1
EHMT1	TRAPPC2L
EHMT1	SGSM1
CACNA1B	AC008269.1
CACNA1B	ZFYVE28
CACNA1B	TSNARE1
CACNA1B	AP000446.1
CACNA1B	LMF1
CACNA1B	HYDIN
B4GALNT4	AQP1
B4GALNT4	PLEC
B4GALNT4	OSBPL7
RNH1	TKT
RNH1	AC025181.2
RNH1	ILK
RNH1	AL137246.1
RNH1	ZSCAN18
DRD4	C2orf88
DRD4	PLS1
DRD4	SKOR1
DRD4	AC110285.2
DRD4	FAAP100
DRD4	FN3KRP
GATD1	SLC25A20
GATD1	CLBA1
CEND1	TPGS1
SLC25A22	RNF44
SLC25A22	VAT1
RPLP2	NENF
RPLP2	PROM2
RPLP2	COX7C
RPLP2	UQCRQ
RPLP2	LINC01574
RPLP2	UXT
RPLP2	NDUFA1
RPLP2	AL117336.3
RPLP2	LINC02175
RPLP2	RPL38
PNPLA2	E2F4
CD151	RGL2
POLR2L	ANKRD13A
POLR2L	ROMO1
POLR2L	RPL28
AP006623.1	AVIL
TOLLIP	ZNF436
TOLLIP	ARPP19
BRSK2	CELSR3
MOB2	GALNT9
DUSP8	NCDN
DUSP8	ZBTB7A
LINC01219	C20orf203
CD81	ARHGDIG
CD81	UBE2S
TSSC4	FBXW5
CDKN1C	BCAM
SLC22A18	SLC22A18AS
CARS	AC126696.3
OSBPL5	NOS2
AC127526.1	ALG1L2
AC127526.1	FAM66E
AC127526.1	AP003716.1
AC127526.1	AC026458.2
CHRNA10	LINC00599
PGAP2	PXMP4
RHOG	BCAS1
TRIM5	AC104389.4
CCKBR	KLHDC1
APBB1	SUV39H1
ARFIP2	EPN1
TPP1	AC009950.1
TPP1	ZNF441
OR2AG2	OR6A2
OR2AG2	AC087280.2
OR6A2	AC087280.2
ZNF215	HCRTR2
PPFIBP2	AC107884.1
TUB	NCOR2
RPL27A	EIF5B
RPL27A	RPS18
RPL27A	SSBP4
TMEM9B	TIMM17A
TMEM9B	EAF1
TMEM9B	BPGM
TMEM9B	RPUSD2
TMEM9B	NIP7
TMEM9B	PLEKHJ1
SCUBE2	AC112493.1
SCUBE2	PTER
AC132192.2	AL353708.3
AC011092.2	AL138787.2
AC011092.2	AL442071.1
AC011092.2	AC079226.2
AC011092.2	PKD2L2
AC011092.2	POLH-AS1
AC011092.2	AL133480.1
AC011092.2	PDE6C
AC011092.2	RFX4
AC011092.2	AL139022.1
AC011092.2	AC116903.2
AC011092.2	KIZ-AS1
AMPD3	TMEM132E
MTRNR2L8	AC105402.3
RNF141	AC007220.1
MRVI1	ATP13A5
EIF4G2	LYSMD1
EIF4G2	FBXO45
EIF4G2	PEX12
ZBED5	ZNF595
ZBED5	GNPDA2
GALNT18	MAN1C1
USP47	CCNH
USP47	PMFBP1
USP47	ZNF345
MICAL2	ST8SIA5
RRAS2	SPON1-AS1
PDE3B	GPAT2
PDE3B	UBA6-AS1
PDE3B	CLIC5
PDE3B	LINC00592
PDE3B	LINC02347
PDE3B	GPR137C
PDE3B	AC009118.3
CALCB	COL19A1
CALCB	HEPHL1
SOX6	RREB1
SOX6	GAD2
SOX6	BLM
SOX6	SLC24A3
PLEKHA7	BDNF-AS
PLEKHA7	RPL23
RPS13	RPL24
RPS13	RPS14
RPS13	RPL23A
RPS13	RPS9
KCNJ11	FRAT1
KCNJ11	FAM110A
SERGEF	SERPINB6
SERGEF	PHACTR3
UEVLD	TMEM150A
UEVLD	TMTC4
SPTY2D1OS	FRZB
IGSF22	SLC6A13
PTPN5	DCHS1
NAV2	SFXN5
NAV2	ZNF879
NAV2	AP003396.3
NAV2	SORBS1
NAV2	PRMT8
NAV2	AC124319.2
PRMT3	LINC01473
PRMT3	SLX4IP
FANCF	THNSL1
AC006299.1	AC090092.1
AC006299.1	ITPR2
AC100768.2	AC092652.1
AC100768.2	LINC01474
LUZP2	COL9A1
LUZP2	SEMA3E
BBOX1-AS1	AC010735.2
BBOX1-AS1	C6orf118
BBOX1-AS1	CCDC34
BBOX1-AS1	AC015961.1
CCDC34	AP002884.1
CCDC34	C17orf97
LIN7C	SLITRK3
LIN7C	CDKN2AIP
LIN7C	C5orf24
LIN7C	SMIM13
LIN7C	H2AFV
LIN7C	AC026979.3
LIN7C	TOB1
LIN7C	MEX3C
LIN7C	LMAN1
LIN7C	UPF1
BDNF-AS	FLVCR1-DT
LINC01616	CMPK2
LINC01616	AC022387.1
KCNA4	PABPC5
AC124657.1	AC090124.1
ARL14EP	C2orf49
ARL14EP	C7orf25
ARL14EP	C12orf29
MPPED2	INKA2
DCDC1	FANK1
ELP4	ANKRD45
ELP4	VAX2
ELP4	PWWP2A
ELP4	SNTG1
ELP4	AC079089.1
ELP4	TAF3
ELP4	ADSSL1
AC131571.1	AC117944.1
AC131571.1	AC096570.1
AC131571.1	AC068051.1
AC131571.1	WNT10A
AC131571.1	AC083798.2
AC131571.1	GYPB
AC131571.1	CPNE5
AC131571.1	SH2D4A
AC131571.1	PGM5
AC131571.1	AC009063.2
RCN1	AC110491.1
RCN1	SPRY1
RCN1	PCDH8
CCDC73	GSDMA
QSER1	ST7L
QSER1	ACVR2B
QSER1	TCAIM
QSER1	AC010280.1
QSER1	ZKSCAN8
QSER1	LINC00222
QSER1	RHOXF1-AS1
QSER1	FUT10
QSER1	INTS4
QSER1	TBRG1
QSER1	AC025034.1
QSER1	AC005332.7
QSER1	ZNF221
KIAA1549L	MAN1A1
KIAA1549L	AL583859.2
KIAA1549L	PRICKLE1
CD59	HIST3H2BB
CAT	ITGA4
CD44	EMP3
LDLRAD3	UBASH3B
LDLRAD3	DPF3
PRR5L	ARHGAP42
TRAF6	CTH
TRAF6	INTU
C11orf74	SDHAF3
C11orf74	SH3BGR
AC090458.1	AC079917.1
AC087276.2	AC004830.1
AC087276.2	AL353693.1
AC087276.2	AL359636.1
AC087276.2	RHOG
AC087276.2	NLRP5
AC068205.1	BDNF
HSD17B12	AC068205.1
EXT2	MSMO1
AC103855.3	FANCC
AC103855.3	RIBC2
CHST1	CDHR1
CHST1	KCNA5
CHST1	ADAD2
MAPK8IP1	USP22
MAPK8IP1	UBALD2
MAPK8IP1	CDC34
MAPK8IP1	FZR1
PHF21A	RNF217
PHF21A	AL731563.3
PHF21A	MESP2
CREB3L1	ARSJ
DGKZ	EXTL1
DGKZ	ARHGEF4
DGKZ	AL158071.1
DGKZ	PSD
DGKZ	ADGRA1
DGKZ	LTBP4
MDK	STAT6
LRP4	TARDBP
LRP4	EVA1A
LRP4	MAP3K19
LRP4	GPR34
LRP4	CLEC12A
LRP4	AC131157.1
ACP2	ZSCAN9
ACP2	THEM6
ACP2	REX1BD
SLC39A13	CHRD
SLC39A13	C7orf43
PSMC3	FIBP
PSMC3	PSMC5
NDUFS3	THYN1
NDUFS3	PSMA7
AGBL2	COL8A2
AGBL2	AC007879.1
AGBL2	RPL36A-HNRNPH2
AGBL2	KRT8
AGBL2	PODNL1
AGBL2	PPARA
PTPRJ	AL356479.1
FOLH1	AL591895.1
FOLH1	KCNH8
LRRC55	RAB3B
TNKS1BP1	SASS6
TNKS1BP1	PRIM1
RTN4RL2	TNKS1BP1
RTN4RL2	CAMKK1
YPEL4	DCAF8
YPEL4	DHRS1
YPEL4	DHX58
LPXN	UBE2L5
GLYAT	SSUH2
GLYAT	LVRN
AP000790.3	AP002347.1
MS4A4E	VWA3B
MS4A5	RGPD3
MS4A5	CD38
MS4A5	LINC01033
MS4A5	AC106798.1
MS4A5	AC118758.3
MS4A5	AL162311.3
MS4A5	AL359682.1
MS4A5	AC144836.1
MS4A13	AL603840.1
MS4A13	MAP3K20-AS1
MS4A13	AC068313.1
MS4A13	AC010319.4
MS4A13	SULT2B1
MS4A8	AC116345.1
PRPF19	CADM3
TMEM109	SLC39A1
TMEM109	FUT1
TMEM109	ZNF784
TMEM138	CREG1
TMEM138	CYB5R1
TMEM138	ASTE1
TMEM138	THEM6
LRRC10B	LINC00349
SYT7	RFPL1S
MYRF	PLXNB1
MYRF	ANLN
MYRF	TMC6
TMEM258	IMPG1
FADS2	LDLR
FTH1	POLE4
FTH1	RPRML
AHNAK	FLT1
AHNAK	CAVIN1
AHNAK	MYO15B
AHNAK	PPARA
MTA2	COG8
B3GAT3	CAMKV
B3GAT3	PUF60
B3GAT3	RASSF7
B3GAT3	NUDT22
B3GAT3	LAMTOR1
B3GAT3	ZNF414
B3GAT3	GCAT
INTS5	ADO
UQCC3	AIP
UBXN1	SLC52A2
UBXN1	NUDT8
UBXN1	APEX1
UBXN1	TOX4
UBXN1	SPSB3
UBXN1	PRR14L
GNG3	OTUB1
GNG3	PRR13
GNG3	RAB3A
GNG3	CCDC106
POLR2G	RCN3
TMEM179B	AC016257.1
TMEM179B	MPG
TMEM179B	COQ7
TMEM179B	PITPNA-AS1
TMEM179B	HOOK2
WDR74	FAM50A
WDR74	AL807752.6
WDR74	RUVBL2
CHRM1	CAMK1G
CHRM1	PDE8B
CHRM1	CX3CL1
CHRM1	EPOP
SLC22A6	LZTS1-AS1
SLC22A6	AC015522.1
SLC22A6	AL353626.1
SLC22A6	SLC22A8
SLC22A6	SLC22A24
SLC22A6	AL157392.2
SLC22A6	TAPBPL
SLC22A6	CCDC196
SLC22A6	AC133565.1
SLC22A6	WISP2
SLC22A6	DOCK6
SLC22A6	SLC25A42
SLC22A8	ARGFX
SLC22A8	AC008883.1
SLC22A8	RBMX
SLC22A10	SLC22A9
SLC22A25	AC009975.1
SLC22A25	CDR1
SPINDOC	RCC2
SPINDOC	APBA3
OTUB1	DNHD1
OTUB1	CDC42EP2
OTUB1	ACTR1A
OTUB1	HSPBP1
MACROD1	ACACB
MACROD1	QRICH2
FLRT1	NBPF14
FLRT1	MGLL
STIP1	SESN2
STIP1	HSPA1A
FERMT3	TSACC
DNAJC4	SEPT4
DNAJC4	MYH7B
FKBP2	ATP5ME
FKBP2	CCDC149
FKBP2	LINC02307
FKBP2	PTPN21
FKBP2	CKMT1A
BAD	CCDC86
BAD	ZBTB45
GPR137	NOC2L
KCNK4	CCDC24
KCNK4	CCDC159
TRMT112	PFDN2
TRMT112	SF3B6
TRMT112	OST4
TRMT112	LRP11
TRMT112	PPIA
TRMT112	CCT6A
TRMT112	TMSB4X
TRMT112	FAM156A
TRMT112	TCEAL1
TRMT112	RPS2
PRDX5	S100A13
PRDX5	LAMTOR2
PRDX5	MAD2L1BP
PRDX5	NEIL2
PRDX5	PVALB
RPS6KA4	MAMDC4
NRXN2	AL445231.1
NRXN2	SYNPO
NRXN2	GPSM1
NRXN2	RPS6KA4
NRXN2	TM7SF3
NRXN2	ANP32A
NRXN2	FBF1
NRXN2	RBM38
MEN1	RNF44
EHD1	AL591845.1
EHD1	TMCC2
EHD1	TSPAN12
EHD1	CDC42EP4
PPP2R5B	SGK3
MAJIN	AL132712.1
SAC3D1	FAM157C
FAU	RPS8
FAU	COPS9
FAU	SNHG8
FAU	EPB41L4A-AS1
FAU	UQCRQ
FAU	RPL7A
FAU	AP003108.2
FAU	RPL41
FAU	IFI27L2
FAU	RPL3
SYVN1	AC004948.1
POLA2	P2RX5-TAX1BP3
POLA2	AC008758.6
POLA2	HAUS8
SLC25A45	FAHD2B
SLC25A45	PJVK
SLC25A45	PPIL3
SLC25A45	MDH1B
SLC25A45	THPO
SLC25A45	AC108002.3
SLC25A45	AL358937.1
SLC25A45	FAM86C1
SLC25A45	AC010198.1
SLC25A45	LINC02340
SLC25A45	LINC02298
SLC25A45	MSLNL
SLC25A45	GLIS2-AS1
SLC25A45	ERI2
SLC25A45	WSB1
SLC25A45	AF038458.3
SLC25A45	TRAPPC6A
SLC25A45	IFT27
FRMD8	AC019257.8
NEAT1	SLC6A12
SSSCA1	HPS6
FAM89B	HSF5
RELA	SNAI1
RELA	PTOV1
KAT5	TIGD3
CFL1	PEF1
CFL1	TAGLN3
CFL1	MRPS2
CFL1	GHITM
CFL1	ENO2
CFL1	UBC
CFL1	PKM
CFL1	BORCS6
CFL1	WBP2
CFL1	YWHAH
SNX32	SNRK
SNX32	AC069439.2
SNX32	MSX1
SNX32	AC096577.1
SNX32	INTU
SNX32	RSPH10B
SNX32	GOLGA6L4
SNX32	AC008105.3
SNX32	AC087289.3
SNX32	LGI4
SNX32	DUSP18
FIBP	NOC4L
CCDC85B	MFSD3
CCDC85B	VPS18
C11orf68	UBE2Q1
C11orf68	PYGO2
C11orf68	H1FX
C11orf68	USP51
C11orf68	ZNF703
C11orf68	MAF1
C11orf68	FNTB
C11orf68	FXR2
C11orf68	ZBTB45
DRAP1	AL591441.1
DRAP1	RANBP1
SF3B2	NDUFS2
SF3B2	GALNT7
SF3B2	AC005165.1
SF3B2	AL157834.1
PACS1	CYTH3
PACS1	KANSL1
PACS1	PPM1E
RAB1B	RAB5B
RAB1B	AC137834.1
RAB1B	EPN1
CNIH2	AC116565.1
CNIH2	ADRA2C
CNIH2	G6PD
CNIH2	C11orf96
CNIH2	RAP2A
CNIH2	FAM171A2
CNIH2	MAFG
YIF1A	POLR3GL
YIF1A	MRPL2
YIF1A	AB015752.1
YIF1A	ARRDC1-AS1
YIF1A	AL162377.1
TMEM151A	NRSN2
RIN1	FAAH
RIN1	SLC27A3
B4GAT1	CCDC85B
B4GAT1	TRAC
B4GAT1	OPRL1
NPAS4	LBH
NPAS4	LMCD1
NPAS4	FOS
CTSF	IRF3
CCS	TCTA
CCS	SCAMP1-AS1
CCS	AC008267.5
CCS	FRMD6-AS1
CCS	AL118558.3
CCS	AC009113.1
CCS	SLC35C2
CCS	ZNF132
RBM14-RBM4	CROCC
RBM14-RBM4	PSMA5
RBM14-RBM4	ARMCX5
RBM14-RBM4	RNF141
RBM14-RBM4	FANK1
RBM14-RBM4	AL355001.2
RBM14-RBM4	ATP5S
RBM14-RBM4	CDKN3
RBM14-RBM4	LINC02556
RBM14-RBM4	DUSP18
RBM4	AL109811.4
RBM4	CCDC181
RBM4	RCOR3
RBM4	PDLIM4
RBM4	PCBD2
RBM4	AC105446.1
RBM4	CCDC34
RBM4	AP001972.3
RBM4	CCDC84
RBM4	CHFR
RBM4	CRYL1
RBM4	AC010542.3
RBM4	STX16-NPEPL1
RBM4	GAMT
RBM4	ZNF418
RBM4B	AC008708.2
RBM4B	ETFBKMT
RBM4B	AC034102.5
AP001157.1	AGL
AP001157.1	KLC3
RCE1	AL159169.2
RCE1	AC007686.3
RCE1	LMF2
SYT12	TNKS1BP1
SYT12	VASH1
SYT12	RAB3D
GRK2	AJM1
GRK2	DUSP8
GRK2	EHD1
GRK2	ATN1
GRK2	ASIC1
GRK2	ZNF358
GRK2	PRR36
GRK2	JUND
GRK2	USF2
GRK2	KCNC3
ANKRD13D	KLHL17
RAD9A	AL590822.1
RAD9A	AC244021.1
RAD9A	AC026333.4
RAD9A	TP53RK
RAD9A	ACER1
CARNS1	AL359091.1
CARNS1	CERCAM
CARNS1	OPALIN
RPS6KB2	Z69706.1
TMEM134	ACP2
AIP	HLA-DPA1
AIP	C19orf24
PITPNM1	GHDC
PITPNM1	PCED1A
CDK2AP2	THAP3
CDK2AP2	PNRC2
CDK2AP2	TMEM81
CDK2AP2	SPR
CDK2AP2	RFT1
CDK2AP2	HSPB1
CDK2AP2	STIP1
CDK2AP2	PFKFB3
CDK2AP2	SHMT2
GSTP1	MAF1
NDUFV1	AL109933.1
NDUFV1	RNH1
NDUFV1	GOLGA8N
NDUFV1	NEIL1
NDUFV1	AC012645.1
NDUFV1	AC008105.1
NDUFV1	DDRGK1
NDUFV1	ILF3-DT
CHKA	VWA5B2
CHKA	ASMTL-AS1
CHKA	AC108002.3
CHKA	SLC25A29
LRP5	TGFBR2
LRP5	AC121154.1
LRP5	AL365259.1
LRP5	AC107373.1
LRP5	FBN3
GAL	BMP8B
GAL	FIBIN
MRGPRF	TRIB1
FADD	DHFR2
AP002336.2	AL929472.2
AP002336.2	LINC01389
AP002336.2	AC093019.2
AP002336.2	AC016722.2
AP002336.2	AC005740.3
AP002336.2	AL138733.1
AP002336.2	WWC3-AS1
AP002336.2	KLHL34
AP002336.2	AC105206.2
AP002336.2	AP001831.1
AP002336.2	AP000892.1
AP002336.2	FAM186A
AP002336.2	AL133297.2
AP002336.2	AC010333.2
AP002336.2	SLC5A10
AP002336.2	AL109935.1
AP002336.2	AC010320.4
AP002336.2	Z82217.1
AP002336.2	AL022322.2
AP000487.1	ZNF789
AP000487.1	FSCN3
AP000487.1	AP001318.2
AP000487.1	AL133353.1
AP000487.1	AC005476.2
AP000487.1	AC010618.3
SHANK2	KIAA1324
SHANK2	DMGDH
SHANK2	AKNA
SHANK2	GSTO2
SHANK2	CD276
SHANK2	JPT2
SHANK2	ADAMTS10
NADSYN1	FAM228B
NADSYN1	LMF1
LAMTOR1	IMP4
LAMTOR1	NABP2
LAMTOR1	EIF1
LAMTOR1	VPS25
LAMTOR1	SNX21
LAMTOR1	LSM4
ANAPC15	STK16
ANAPC15	GMPPB
ANAPC15	DNPH1
ANAPC15	HDDC3
ANAPC15	FAM173A
ANAPC15	CRELD2
FCHSD2	KLHL5
FCHSD2	CXCL14
PLEKHB1	TSPO
COA4	FNDC5
COA4	SLC46A1
PAAF1	AL034417.4
PAAF1	TMCO4
PAAF1	HMGCL
PAAF1	LRRC39
PAAF1	AL592295.4
PAAF1	PHF7
PAAF1	PCYOX1L
PAAF1	RBM48
PAAF1	RBM3
PAAF1	ASAH1
PAAF1	PEBP4
PAAF1	CA8
PAAF1	AP003393.1
PAAF1	FRMD6-AS2
PAAF1	AC051619.5
PAAF1	LINC00930
PAAF1	ALOX12B
PAAF1	ZNF18
PAAF1	SLC6A4
PAAF1	GIPC1
PAAF1	AP000302.1
PGM2L1	SYNM
RNF169	OTULIN
RNF169	PNPLA1
RNF169	ZFX-AS1
RNF169	HMGB3
RNF169	STX17-AS1
RNF169	MFSD13A
NEU3	CCDC32
AP001972.3	EDEM2
AP001972.3	CEBPB-AS1
AP001972.3	AC025809.1
ARRB1	ABCC1
ARRB1	DNM2
GDPD5	SPTBN5
MAP6	PTGFRN
INTS4	NBPF15
NDUFC2-KCTD14	DFFA
NDUFC2-KCTD14	PSPH
NDUFC2-KCTD14	SPTY2D1OS
NDUFC2-KCTD14	RBM14-RBM4
NDUFC2-KCTD14	NFATC3
NDUFC2-KCTD14	AC092115.3
AP003110.1	AC136604.2
AP003110.1	LRP4-AS1
AP001547.1	CR382287.2
AP006295.1	AP001978.1
AP006295.1	AP002759.1
AP001767.3	SLC47A2
PCF11-AS1	CRYGS
ANKRD42	NPHP1
ANKRD42	SPATA18
DLG2	CADPS
DLG2	HCN1
DLG2	PRKAG2
DLG2	EIF2S3B
DLG2	GPR135
DLG2	AC006115.3
AP002370.2	AC063944.1
AP002370.2	AC092343.1
AP002370.2	TAGAP
AP002370.2	TEX48
AP002370.2	AP004147.1
AP002370.2	PCDH9-AS2
AP002370.2	AC104002.3
AP002370.2	AC022613.2
AP002370.2	AC108451.1
AP002370.2	BCO1
AP002370.2	AC006504.2
AP001825.1	AL499616.1
AP001825.1	RBMS3-AS3
AP001825.1	LRTM1
AP001825.1	IGSF10
AP001825.1	AC004053.1
AP001825.1	AC091887.1
AP001825.1	AC073333.1
AP001825.1	AHR
AP001825.1	AC005009.2
AP001825.1	AL592043.1
AP001825.1	C12orf40
AP001825.1	NQO1
AP001825.1	SMCR5
AP001825.1	AC243829.2
AP000857.2	AC026471.2
CREBZF	ZRANB2-AS1
SYTL2	EPHA5-AS1
AP001831.1	AGBL5
AP001831.1	B4GALT4-AS1
AP001831.1	AC007495.2
AP001831.1	AC079336.4
ME3	MAD2L2
ME3	NOS1AP
ME3	AC078785.1
ME3	AC008897.3
ME3	LYRM4
ME3	AFG1L
ME3	JAZF1
ME3	CSTF3-DT
ME3	ALKBH8
ME3	AC025262.1
ME3	DIO2-AS1
ME3	SETBP1
ME3	KIF16B
AP003059.1	AP003059.2
AP001528.2	CSNKA2IP
AP001528.2	AL117339.5
GRM5-AS1	AC016746.1
GRM5	LRRC7
GRM5	DPYD
GRM5	MIR137HG
GRM5	PLPPR5
GRM5	LINC02497
GRM5	GABRB1
GRM5	AC124854.1
GRM5	FRMPD4
GRM5	PRKG1
GRM5	LRFN5
NOX4	AP003400.1
CHORDC1	PLEKHG5
CHORDC1	BAG2
CHORDC1	AC092069.1
CHORDC1	MRPS6
FAT3	LINC01203
FAT3	AMPD3
AP003718.1	ACSM4
SMCO4	SHISA6
TAF1D	RNPC3
TAF1D	SAT1
VSTM5	LYPLAL1-DT
HEPHL1	PYHIN1
HEPHL1	LINC02046
HEPHL1	AC093772.1
HEPHL1	SMN1
HEPHL1	AL513123.1
HEPHL1	GDPD4
HEPHL1	DIAPH3
HEPHL1	AC068875.1
GPR83	PTGES
ANKRD49	DNAJB11
AMOTL1	HIPK2
AMOTL1	GNG7
CWC15	ASNSD1
CWC15	MRPS18C
CWC15	ATP5MG
CWC15	RPS27L
SRSF8	GFER
SESN3	SLC16A1
MAML2	TANC1
MAML2	GPR55
MAML2	DIO3OS
MAML2	AEN
TRPC6	LINC00276
TRPC6	SDK1
TRPC6	SEMA3C
TRPC6	GABRA3
TRPC6	USP44
CEP126	FGF1
CEP126	LONRF3
CEP126	CFAP300
CEP126	ANO2
CEP126	AC046130.2
YAP1	AC079793.1
YAP1	LINC02147
YAP1	CFAP300
YAP1	NFATC1
BIRC3	VAT1L
AP002989.1	HGD
PDGFD	THSD7A
PDGFD	AP002989.1
PDGFD	LINC01500
PDGFD	LIPC
AP003181.1	AC090921.1
GRIA4	DAB1
GRIA4	EPHA6
GRIA4	AC008574.1
GRIA4	KCND2
GRIA4	ZFHX4
MSANTD4	QTRT1
AASDHPPT	BBS10
AASDHPPT	KCTD12
AASDHPPT	GMFB
AASDHPPT	THAP10
GUCY1A2	ALCAM
CWF19L2	UAP1L1
CWF19L2	HCFC2
RAB39A	SLC7A5
RAB39A	ABHD3
AP003049.2	AC092162.2
AP003049.2	C6orf99
AP003049.2	SVIL
AP003049.2	GOLGA7B
AP003049.2	EBF3
AP003049.2	AL356580.1
AP003049.2	VPS9D1-AS1
AP003049.2	KDM6B
AP003049.2	AC127024.6
ZC3H12C	MIOS
PPP2R1B	NMBR
PPP2R1B	CRY1
PPP2R1B	GPR176
ALG9	PDCL
DIXDC1	TSPAN2
DIXDC1	LINC02433
TIMM8B	AC015982.1
TIMM8B	AC012360.3
TIMM8B	AC026304.1
TIMM8B	AL365205.1
TIMM8B	RBM4B
TIMM8B	ORMDL2
TIMM8B	MAPKAPK5-AS1
TIMM8B	PITPNA-AS1
TIMM8B	EMC6
TIMM8B	NDUFAF8
TIMM8B	RINL
PTS	AP002884.1
PLET1	GATB
PLET1	AMDHD1
AP002884.1	AC090907.1
AP002884.1	MRO
AP003063.1	ZNF621
AP003063.1	PRSS55
AP003063.1	FER1L6-AS1
AP003063.1	AP002884.1
AP003063.1	AC110285.1
AP003063.1	LINC00652
ANKK1	TTC12
HTR3B	C4orf45
HTR3B	AC095050.1
HTR3B	SOCS2
ZBTB16	IGF1R
AP002518.2	AL513327.2
AP002518.2	NLGN3
AP002518.2	AC073525.1
CADM1	DGAT2
CADM1	FZD4
CADM1	LHFPL6
AP000462.1	AC087623.2
BUD13	PLEKHG4B
BUD13	NEDD4
ZPR1	C12orf49
PCSK7	RFESD
DSCAML1	GALNT14
SCN4B	SYT2
SCN4B	AMER1
ATP5MG	NPM1
AP001267.3	AL162171.2
AP001267.3	DUOX1
AP001267.3	AC005899.8
AP001267.3	LIPE
AP002954.1	MED18
AP002954.1	AC092718.8
AP002954.1	GRIK5
AP002954.1	DMPK
BCL9L	MTA2
CCDC84	ZC3H12D
CCDC84	PIGL
CCDC84	AP000317.1
AP003392.1	AC010273.1
AP003392.1	AC008537.2
SLC37A4	SLC5A6
HYOU1	AC018557.1
HYOU1	PSME3
H2AFX	AC239868.3
H2AFX	MCL1
H2AFX	DUSP1
H2AFX	DAXX
H2AFX	BCL7B
H2AFX	PPP4C
H2AFX	RNF227
DPAGT1	LIN7B
C2CD2L	AC009549.1
NLRX1	ZBTB48
NLRX1	C1RL
RNF26	MUL1
RNF26	MZT1
RNF26	RPP25
USP2-AS1	USP13
THY1	TFAP2E
THY1	LGI3
AP003393.1	ITGA10
AP003393.1	AC022118.1
AP003393.1	LINC01285
AP003393.1	NEU3
AP003393.1	USP2-AS1
AP003393.1	MARCH10
NECTIN1	LZTS1
NECTIN1	KCNN1
AP003390.2	DLGAP1-AS1
POU2F3	RSPH10B2
GRIK4	CCBE1
UBASH3B	GRK5
HSPA8	ZNF622
HSPA8	EIF1AD
HSPA8	VPS29
CLMP	RUNX2
GRAMD1B	KLHL3
SCN3B	SLC6A17
VWA5A	KL
TBRG1	AC079336.4
TBRG1	RPRML
NRGN	AC008543.1
NRGN	FXYD7
HEPACAM	PON2
HEPACAM	ZCCHC24
HEPACAM	HIF3A
PKNOX2	KCNH1
FEZ1	PARS2
FEZ1	TMEM167A
FEZ1	RPS10-NUDT3
FEZ1	GCC1
FEZ1	CD3EAP
EI24	TMEM160
STT3A-AS1	GAD1
STT3A-AS1	GAS6-AS1
SRPRA	ATP1A1
TIRAP	SYCE1L
KIRREL3	ZNF391
KIRREL3	RCAN2
KIRREL3	TMEM164
KIRREL3	GALNT18
KIRREL3	PHACTR3
AP001783.1	ABTB2
AP001783.1	KIRREL3-AS1
AP001993.1	TPRG1
AP001993.1	AP003121.1
AP001993.1	AGBL1
ARHGAP32	GNA14
ZBTB44	C1orf54
ZBTB44	CFAP36
ZBTB44	CCND3
ZBTB44	GPR143
ZBTB44	KLHL9
ZBTB44	CCS
ZBTB44	SHOC2
ZBTB44	NALCN-AS1
ZBTB44	RDH11
ZBTB44	MAF
ZBTB44	AC073508.2
ZBTB44	SMAD7
ADAMTS8	FHL2
ADAMTS8	CKMT2
ADAMTS8	PODXL
ADAMTS8	MN1
OPCML	RYR2
OPCML	PTK2
AP000911.1	CTSH
JAM3	AC090125.1
JAM3	PARD6G-AS1
THYN1	C8orf59
THYN1	ZFPL1
THYN1	PARP2
THYN1	RANGRF
B3GAT1	CNTFR
B3GAT1	FAM78A
B3GAT1	AC078923.1
TUBB8	AP001005.3
DIP2C	NOS1AP
DIP2C	SRGAP3
DIP2C	ZNF589
DIP2C	TENT4A
DIP2C	MAD1L1
DIP2C	KDM6A
DIP2C	SERGEF
DIP2C	CHST11
DIP2C	CRAMP1
DIP2C	AC093525.7
DIP2C	KSR1
DIP2C	DMAC2
DIP2C	ZNF160
DIP2C	TRAPPC10
IDI1	MSMO1
IDI1	ACAT2
IDI1	NSDHL
IDI1	SQLE
ADARB2	EGFR
ADARB2	PHF21B
PFKP	TTPA
PITRM1-AS1	PKP4-AS1
PITRM1-AS1	AC012349.1
PITRM1-AS1	AP000763.3
AL357833.1	LRRC8C-DT
AL357833.1	CHIT1
AL357833.1	AC004520.1
AL357833.1	AP001330.1
AL357833.1	SLC22A25
AL357833.1	SHANK2-AS1
AL357833.1	TBC1D17
AL355303.1	CHI3L2
AL355303.1	TMEM40
AL355303.1	AC087564.1
AL365356.1	AC009501.1
ANKRD16	TSC22D1-AS1
ANKRD16	HIC2
PFKFB3	AL109615.3
PFKFB3	AMZ1
PFKFB3	FAM167A
PFKFB3	LRRC75A
AL157395.1	AC005828.3
TAF3	NIPAL1
TAF3	PTAR1
AL583859.2	AL160191.1
AL583859.2	DLGAP1-AS4
SFTA1P	AC114316.2
SFTA1P	AP002852.1
SFTA1P	DPCD
SFTA1P	SP1
SFTA1P	AC022613.1
SFTA1P	ACTN4
AL157392.5	AL512625.1
AL157392.5	C9orf43
FRMD4A	AC022424.1
FRMD4A	PHACTR1
AC044781.1	AC069155.1
AC044781.1	AC112907.1
AC044781.1	AC139720.1
AC044781.1	LINC01947
AC044781.1	AC011369.1
AC044781.1	AC103770.1
AC044781.1	AP003419.1
AC044781.1	AP002370.2
AC044781.1	AP003025.2
AC044781.1	AP003025.1
AC044781.1	ITGA5
AC044781.1	LINC02231
AC044781.1	PRKCA-AS1
AC044781.1	AL022323.4
FAM107B	SOX13
FAM107B	FAM114A1
FAM107B	AC107068.1
FAM107B	CRHBP
FAM107B	HIP1
FAM107B	SFRP1
FAM107B	PLEKHG3
FAM107B	LITAF
FAM107B	ACSS1
FAM107B	MICALL1
AC069544.1	FKBP14
AC069544.1	AC144652.1
AC069544.1	LINC00909
AC069544.1	GPR108
SUV39H2	ZNF724
RPP38	HAT1
RPP38	C9orf84
RPP38	SYCP3
RPP38	CPB2
RPP38	AL359317.2
RPP38	CNTD1
ITGA8	SH2D1B
ITGA8	LGR5
CUBN	DDX58
CUBN	TLE4
CUBN	AL049830.3
CUBN	EFCAB5
STAM-AS1	COMMD2
STAM-AS1	AC004241.1
STAM-AS1	KANSL1-AS1
SLC39A12	IGFBP7
SLC39A12	LINC00499
SLC39A12	EZR
SLC39A12	EMX2OS
SLC39A12	CLDN10
SLC39A12	ANGPTL4
AL450384.2	ANKUB1
ARL5B	PTCH2
ARL5B	FBXO30
ARL5B	EIF6
PLXDC2	SLC9C2
PLXDC2	GXYLT2
PLXDC2	IL15
PLXDC2	EDA
NEBL	DAB1
NEBL	GAREM1
DNAJC1	GNA13
BMI1	UBQLN4
BMI1	YOD1
BMI1	AC093297.2
SPAG6	FSTL1
SPAG6	CDKN2B-AS1
C10orf67	AL035416.1
C10orf67	KIF24
C10orf67	SHCBP1
OTUD1	FBXL14
OTUD1	CU633967.1
PRTFDC1	SUSD4
PRTFDC1	TASP1
MYO3A	AC069277.1
MYO3A	AF121898.1
MYO3A	PRR11
APBB1IP	ITGB5
APBB1IP	FREM2
APBB1IP	PIK3R5
APBB1IP	C3
JCAD	EBF2
ZNF438	ACP6
ZNF438	BCKDHB
ZNF438	NT5DC1
ZNF438	AP000229.1
ZEB1-AS1	FYCO1
ZEB1-AS1	FRG1-DT
ZEB1-AS1	RHOBTB3
ZEB1-AS1	AK9
ZEB1-AS1	PBX3
ZEB1-AS1	AP001007.2
ZEB1-AS1	CUZD1
ZEB1-AS1	FBXL19-AS1
ZEB1	LTB
ZEB1	ZEB1-AS1
ZEB1	CDH2
ZEB1	CRELD2
ZEB1	MIR99AHG
AL365203.2	AHSG
AL392046.1	AL354732.1
ZNF248	AF241726.2
ZNF248	NXF5
ZNF248	AL132657.1
AL135791.1	AL451085.2
ZNF33A	ZNF502
ZNF33A	ZNF33B
AL117339.5	SLC11A1
AL117339.5	WDR49
AL117339.5	AC091946.1
AL117339.5	AC092167.1
AL117339.5	ACSS3
AL117339.5	AC004149.1
AL133216.1	AP001005.3
LINC00839	AL358394.1
AC010864.1	AP001269.4
CXCL12	COL6A2
MARCH8	CAPN2
MARCH8	DESI2
MARCH8	MFSD9
MARCH8	LINC01123
MARCH8	TRAK1
MARCH8	AC068633.1
MARCH8	RPN1
MARCH8	AADAT
MARCH8	GIN1
MARCH8	RRAGD
MARCH8	PAXIP1
MARCH8	UBR5-AS1
MARCH8	PTPRD-AS2
MARCH8	PTCH1
MARCH8	DDX31
MARCH8	PPP2R1B
MARCH8	STOX1
MARCH8	DIP2B
MARCH8	AC004817.1
MARCH8	ZNF253
MARCH8	MIRLET7BHG
MARCH8	PAXBP1
MARCH8	ADARB1
ZFAND4	BTBD11
LINC00842	AC245041.2
AL356056.2	AGAP9
AL356056.1	NUTM2A-AS1
AGAP9	PTPN20
ARHGAP22	SMC4
ARHGAP22	SLC39A11
AL138760.1	LINC01709
AL138760.1	TMEM140
ERCC6	AL109811.4
ERCC6	GDAP2
ERCC6	CHIC2
ERCC6	AL021997.3
ERCC6	AC233976.1
ERCC6	LINC00630
ERCC6	AL162231.1
ERCC6	CCDC180
ERCC6	MARCH8
ERCC6	APPL2
ERCC6	ZNF891
ERCC6	ZFPM1
ERCC6	ADGRE5
ERCC6	NECTIN2
ERCC6	MYBPC2
TIMM23B	PIGV
TIMM23B	TP53TG3D
PRKG1	ITGB8
CSTF2T	FBXO48
CSTF2T	PFKM
AC074327.1	KYNU
PCDH15	GRIN3A
ZWINT	FAM111A-DT
TFAM	CCNB1
TFAM	PNRC1
BICC1	ASRGL1
SLC16A9	ZNF880
AL592430.1	AL731569.1
AL592430.1	AL135999.1
AL592430.1	AC126773.1
AL592430.1	CD300LF
RHOBTB1	FRK
TMEM26	TMEM26-AS1
CABCOCO1	AC008164.1
CABCOCO1	HMGN5
CABCOCO1	VSIG1
ARID5B	PRDM1
ARID5B	FBXO32
ADO	TMEM167B
ADO	KBTBD11
NRBF2	CDKN2AIP
REEP3	MAN2B2
REEP3	SHH
REEP3	AC127070.2
LRRTM3	BLVRB
SIRT1	CASP3
HERC4	TRAF6
HERC4	KNTC1
HERC4	CCDC62
HERC4	CDKL1
HERC4	CEP95
HERC4	HRH4
MYPN	LINC02176
MYPN	AP1M2
PBLD	CCNB3
DNA2	LINC00862
DNA2	ABI3BP
DNA2	GLYAT
DNA2	DPY19L2
DNA2	ZNF675
KIF1BP	TRNT1
KIF1BP	POMGNT2
KIF1BP	NIM1K
KIF1BP	MAK16
KIF1BP	TOX4
KIF1BP	RWDD2B
FAM241B	TUBB2B
FAM241B	LINC00535
TYSND1	AIFM2
PPA1	MROH7-TTC4
PCBD1	RACK1
PCBD1	HTR5A
PCBD1	BANF1
PCBD1	FMNL3
PCBD1	EIF5
UNC5B	PRCD
CDH23	NUPR1
PSAP	LRRC47
PSAP	WFS1
PSAP	GRINA
PSAP	TMEM109
PSAP	B4GAT1
PSAP	GABARAPL1
PSAP	MFSD5
PSAP	SF3A1
PSAP	RTL6
CHST3	QKI
SPOCK2	PIK3R3
SPOCK2	L1CAM
ANAPC16	TSPAN1
ANAPC16	TMEM182
ANAPC16	SMIM4
ANAPC16	DSE
ANAPC16	ACTL6B
ANAPC16	TCEANC
ANAPC16	NDE1
MCU	CAMKMT
MCU	GPR150
OIT3	AC025178.1
DNAJC9	AL590434.1
DNAJC9	AC244021.1
DNAJC9	LINC01731
DNAJC9	AC133528.1
DNAJC9	YAE1D1
DNAJC9	TEX15
DNAJC9	APOLD1
DNAJC9	CLDN9
DNAJC9	LINC02094
DNAJC9	CNTD2
MRPS16	RNASEH1-AS1
CFAP70	GOLT1A
MSS51	AC104964.1
AC022400.6	AL513314.2
CHCHD1	RDH14
CHCHD1	SUMO1
CHCHD1	MAGEH1
CHCHD1	NXT1
CAMK2G	AC020637.1
VDAC2	LAPTM4A
VDAC2	VBP1
VDAC2	PPA1
VDAC2	SLC25A3
VDAC2	DHRS7
AC010997.3	ERICH6
AC010997.3	BAG2
AC010997.3	SUN3
AC010997.3	PFKFB1
AC010997.3	DNASE1L1
AC010997.3	AC064807.2
AC010997.3	ZNF503-AS1
AC010997.3	PARPBP
AC010997.3	ESRRB
AC010997.3	PLD6
AC010997.3	CCDC144NL-AS1
KCNMA1	SLC22A5
KCNMA1	DLGAP2
KCNMA1	TENM4
KCNMA1-AS1	AC099788.1
KCNMA1-AS1	DLGAP2-AS1
KCNMA1-AS1	GRIN1
KCNMA1-AS1	RRP8
KCNMA1-AS1	GRM5-AS1
KCNMA1-AS1	AL357833.1
DLG5	AFAP1
DLG5	SMURF1
DLG5	AC007785.3
RPS24	TOMM7
RPS24	NACA
RPS24	AL138686.1
ZMIZ1-AS1	COLEC11
ZMIZ1-AS1	LHPP
ZMIZ1-AS1	AP001496.2
ZMIZ1-AS1	RNF165
ZMIZ1	AK4
ZMIZ1	GALNT9
ZMIZ1	GALNT16
ZCCHC24	TRIM56
EIF5AL1	FMO4
AL135925.1	AC012306.2
AL135925.1	SPIN4
FAM213A	DAW1
TSPAN14	CAPN9
TSPAN14	TSPAN19
NRG3	RASAL2
NRG3	KCNQ5
NRG3	GRIA3
NRG3	DEGS2
NRG3	AC092378.1
GHITM	COQ10B
GHITM	SRPRB
GHITM	SCOC
GHITM	SLU7
GHITM	BCL7B
GHITM	CETN2
GHITM	PRDX3
GHITM	CMAS
GHITM	VPS35
GHITM	ATP6V1E1
GRID1	MIR34AHG
GRID1	ZNF697
GRID1	MAST4
GRID1	CRHR2
GRID1	AL450322.2
GRID1	KCNMA1
GRID1	TMEM132B
GRID1	RIMBP2
OPN4	LDB3
SNCG	AC090152.1
SNCG	QPRT
RNLS	FAM214A
STAMBPL1	FANCL
STAMBPL1	RGPD5
STAMBPL1	C11orf74
LINC00865	LINC01374
HTR7	LINC02424
FGFBP3	SLC16A11
CYP26A1	VANGL2
MYOF	HPN-AS1
FFAR4	CD53
FFAR4	FREM3
FFAR4	B3GAT2
FFAR4	ASB2
RBP4	TSPAN13
RBP4	PNCK
RBP4	SSTR1
AL358154.1	AC104134.1
PLCE1	AC046195.2
HELLS	UHRF2
HELLS	ZBED5
CYP2C8	AL157834.1
SORBS1	MATR3
SORBS1	PREP
SORBS1	ASAP1
ENTPD1	MYO10
AL365273.2	AP003110.1
AL365273.2	AKAP8L
AL365273.2	ZNF565
AL365273.2	A1BG-AS1
CCNJ	PGBD2
OPALIN	SLC6A1
PIK3AP1	MYO10
SLIT1	EPHA8
SLIT1	AC007953.2
SLIT1	AHRR
SLIT1	LINC02196
FRAT1	RAPGEF6
FRAT2	BHLHE41
PGAM1	ANKRD34A
PGAM1	ATP1B1
PGAM1	ARF1
PGAM1	DUSP22
PGAM1	RFK
PGAM1	PSAP
PGAM1	PPIF
PGAM1	SPRYD3
PGAM1	NLRP1
PGAM1	CALM3
PGAM1	SULT4A1
AL355315.1	AL117381.1
HPSE2	CDC14A
HPSE2	PDLIM5
HPSE2	CPED1
HPSE2	GAS2L3
GOT1	UBE2V2
GOT1	IDI1
COX15	KCNJ14
ABCC2	TDRD12
DNMBP	NRG2
DNMBP	ZNF423
DNMBP	NCOA3
DNMBP	HLCS
CPN1	APOH
CPN1	LINC01692
BLOC1S2	PDHA1
OLMALINC	AL355490.2
OLMALINC	C12orf75
AL133352.1	PDCD6
AL133352.1	GFPT2
AL133352.1	LINC02210-CRHR1
MRPL43	GSTM4
MRPL43	C1orf56
MRPL43	AC012615.1
FBXW4	CD52
FBXW4	ABCB10
FBXW4	TNFAIP6
FBXW4	NEMP2
FBXW4	AC034195.1
FBXW4	DZIP1L
FBXW4	ACSL6
FBXW4	MYLIP
FBXW4	MCM9
FBXW4	RBM4
FBXW4	ACADSB
FBXW4	MLYCD
FBXW4	ZNF180
FBXW4	IL4I1
KCNIP2-AS1	LYG2
KCNIP2	STK11IP
ARMH3	PIP5K1A
ARMH3	AC092042.3
ARMH3	USP13
ARMH3	MYORG
ARMH3	GARNL3
LDB1	AL356356.1
LDB1	FAM228A
LDB1	AC097468.2
LDB1	MYLK-AS2
LDB1	AC068987.1
LDB1	KTN1
LDB1	ZNF71
NOLC1	YWHAQ
FBXL15	BCAN
FBXL15	UBL4A
FBXL15	SSNA1
FBXL15	COMTD1
FBXL15	RGS19
CUEDC2	KHK
CUEDC2	NFKBIL1
CUEDC2	GRHPR
CUEDC2	TUBA1A
ACTR1A	NOC2L
ACTR1A	LYPLA2
SUFU	AL365232.1
SUFU	SRRM3
SUFU	MAP3K14
SUFU	IQCN
SFXN2	ASL
BORCS7-ASMT	MAS1
BORCS7-ASMT	F8
BORCS7-ASMT	HELLS
BORCS7-ASMT	ZNF780B
INA	MOCS2
INA	OLFM1
PCGF6	TTLL1
ATP5MD	AC008780.1
ATP5MD	AC005899.7
AL121929.2	EPHA1-AS1
CFAP43	AP003438.1
GSTO1	PSMB1
SORCS3	PXDN
SORCS3	DPP4
SORCS3	SHC3
SORCS3	NOX4
MXI1	HS3ST1
SMNDC1	PCSK7
AL355512.1	KCNN4
DUSP5	ETV3
DUSP5	PER2
DUSP5	CCNH
DUSP5	TRIB1
SMC3	SPSB1
SMC3	CLEC2L
SMC3	AL135924.2
RBM20	WIPF1
RBM20	VAV2
PDCD4	MAIP1
PDCD4	CCDC159
SHOC2	AC096586.1
SHOC2	YTHDC1
SHOC2	SLC25A15
SHOC2	NDFIP2
SHOC2	TCF4
ACSL5	AL157786.1
VTI1A	PPP1CB
VTI1A	ANAPC10
VTI1A	ARID1B
VTI1A	XKR6
VTI1A	SAMD12
VTI1A	EHMT1
VTI1A	CYP17A1-AS1
VTI1A	RALGAPA2
AL592546.1	NRAP
PLEKHS1	NRAP
PLEKHS1	AL592546.1
ADRB1	NDRG1
ABLIM1	CHRNA1
ABLIM1	FAM160A1
HSPA12A	PACSIN3
CASC2	FTCDNL1
CASC2	LINC01266
CASC2	TIGD4
CASC2	ANKRD7
FAM45A	AC012313.5
INPP5F	AC067968.1
FGFR2	GYG2
FGFR2	CHRDL1
FGFR2	MIR503HG
FGFR2	CAT
PLEKHA1	ITGAV
PLEKHA1	NNT-AS1
PLEKHA1	PCK2
PLEKHA1	BCL7C
HTRA1	RHOU
ACADSB	MANBA
ACADSB	AL021368.2
ACADSB	ORC3
ACADSB	PCCA
ACADSB	ZNF624
BUB3	AP1S3
BUB3	CGGBP1
BUB3	ASF1A
BUB3	GPR85
BUB3	TCEAL1
BUB3	MCF2
BUB3	ALG2
BUB3	IFIT1
BUB3	LRRC29
BUB3	AANAT
BUB3	TIMM21
AL160290.2	YPEL1
CHST15	RYK
OAT	RGS2
OAT	UCHL1
LHPP	APBB2
LHPP	AL158151.1
LHPP	AP002754.1
LHPP	IRF2BPL
CTBP2	MCF2L
UROS	PEX10
UROS	MRTO4
UROS	LINC01588
UROS	AHNAK2
UROS	SLC7A4
FANK1	IRGM
FANK1	TULP3
FANK1	LRRIQ1
FANK1	AC013565.1
FANK1	SDR42E2
FANK1	AC106779.1
FANK1	AC091198.1
FANK1	KRTDAP
DOCK1	NCKAP5
FAM196A	LOXL1-AS1
AL157832.1	MGMT
AL157832.3	MGMT
AL157832.3	AL354950.1
C10orf143	TMEM254-AS1
TCERG1L	AC099062.1
TCERG1L	CD58
TCERG1L	LPP
TCERG1L	SYT9
TCERG1L	FAM19A5
LINC01164	AL359233.1
JAKMIP3	C17orf67
PWWP2B	PTPRF
PWWP2B	IER5L
PWWP2B	RTN4RL2
NKX6-2	PRR18
NKX6-2	HTRA1
CFAP46	AC013271.1
ADGRA1	INF2
ADGRA1	TMC2
CALY	USP5
PAOX	AL450998.2
PAOX	KIAA1586
SPRN	B3GALT6
SPRN	CHRNB2
SPRN	STX1A
SPRN	NUAK1
SPRN	CEP170B
SPRN	AP5S1
SPRN	LRFN3
SPRN	NPTXR
B4GALNT3	ELFN2
ERC1	ZBTB20
ERC1	KDM4C
WNT5B	AC080162.1
WNT5B	DNAH10
FBXL14	SLC25A13
FBXL14	XRRA1
LRTM2	SH2D5
LRTM2	PNMA3
LRTM2	RHOBTB2
LRTM2	TPBGL
CACNA1C	CSMD2
CACNA1C	SLC35F3
CACNA1C	ANTXR1
CACNA1C	TBC1D1
CACNA1C	SLC22A23
CACNA1C	HECW1
CACNA1C	ZBTB16
CACNA1C	OPCML
CACNA1C	CAMK1D
CACNA1C	PPP1R16B
CACNA1C-AS1	AC108472.1
CACNA1C-AS1	AC026704.1
FKBP4	JUN
FKBP4	HDGF
FKBP4	AC107214.2
FKBP4	ZFP92
FKBP4	CRYAB
FKBP4	SLC39A6
FKBP4	ISOC2
NRIP2	AC020594.1
NRIP2	RET
TULP3	RADIL
TULP3	ZNF83
PRMT8	AC079340.2
AC005832.4	CTSK
AC005832.4	MYOCOS
AC005832.4	AP002373.1
GALNT8	AL355512.1
KCNA1	RSPH9
ANO2	LINC01484
ANO2	PARD3
ANO2	VWF
ANO2	LINC02378
VWF	AC011444.1
CD9	AC018647.1
VAMP1	EPDR1
VAMP1	PIP4K2C
VAMP1	OMG
MRPL51	GTF3C6
MRPL51	TMEM126A
MRPL51	HAS1
GAPDH	SH3BGRL3
GAPDH	NDUFAF3
IFFO1	DGKQ
NOP2	AL391361.2
NOP2	ZNF286B
AC006064.2	C16orf71
PIANP	FAM213B
PIANP	FAIM2
PIANP	CDK5R1
COPS7A	TOMM40L
COPS7A	TMEM17
COPS7A	EEF1B2
COPS7A	AC009549.1
COPS7A	TKFC
COPS7A	AC067852.2
MLF2	RUSC1
MLF2	CLU
MLF2	FKBP8
PTMS	FLII
GPR162	TMEM132A
TPI1	NHP2
TPI1	MDH2
TPI1	ATP6V1F
TPI1	GNG3
TPI1	CFL1
TPI1	ECHS1
TPI1	GAPDH
TPI1	CKB
TPI1	PKM
TPI1	PPDPF
TPI1	ATP5F1D
TPI1	CALR
TPI1	ASPDH
ENO2	CCDC115
ENO2	ZMAT2
ENO2	TMEM35A
ENO2	PRPS1
ENO2	RTL8B
ENO2	HEY1
ENO2	DAZAP2
ENO2	DCTPP1
ENO2	NORAD
ATN1	LZTS2
ATN1	CACTIN
ATN1	U2AF2
C12orf57	SMARCAL1
C12orf57	SEC61G
C12orf57	ALKBH7
PTPN6	OSGEPL1-AS1
PTPN6	LAT2
PTPN6	PLCXD1
PHB2	CHGA
PHB2	NR1H2
LPCAT3	MORN4
C1RL	PIF1
CD163L1	NKAPL
NANOG	LIX1L
FOXJ2	AC023632.2
NECAP1	OCIAD1
NECAP1	FN3KRP
FAM66C	ZNF334
AC092111.1	FAM66C
A2ML1	AF107885.2
AC006581.2	CCND3
AC006581.2	TAF3
AC006581.2	AC012309.1
PHC1	OBSCN-AS1
PHC1	PILRB
PHC1	KIAA0895L
M6PR	NARS2
KLRG1	TMEM206
KLRG1	ALDH7A1
KLRG1	BAG2
KLRG1	BANP
CLEC2A	LINC02470
CLEC12A	FO681492.1
GABARAPL1	FAM182B
STYK1	AP005433.1
PRB2	L3MBTL3
PRB2	AP003438.1
PRB2	AL136088.1
PRB2	ALOX12-AS1
AC007450.1	BFSP2
AC007450.1	C11orf97
AC007450.1	RFX4
LINC01252	AC013480.1
ETV6	SEC16B
ETV6	MBP
BCL2L14	TRAPPC12-AS1
BCL2L14	LINC00636
BCL2L14	AC058822.1
BCL2L14	RPA3
BCL2L14	SMIM18
BCL2L14	AL596451.1
BCL2L14	IFIT3
BCL2L14	GPR68
BCL2L14	REC114
BCL2L14	AC092287.1
BCL2L14	AC092718.5
BCL2L14	AL133227.1
BCL2L14	PINLYP
LOH12CR2	FAM110D
LOH12CR2	C15orf65
AC008115.2	NECAP2
AC008115.2	ZNF7
AC008115.2	STT3A-AS1
AC008115.2	TDG
AC008115.2	CBR3
CDKN1B	BRD2
CDKN1B	BHLHE41
CDKN1B	TLNRD1
CDKN1B	AC006946.2
GRIN2B	CDH13
AC010168.1	C6orf58
WBP11	SYT11
WBP11	CDHR2
PTPRO	AGTRAP
PTPRO	AC010230.1
PTPRO	CBLN2
STRAP	ZDHHC11B
DERA	AC073529.1
MGST1	AL031283.2
MGST1	AL158840.1
MGST1	ADAM28
LMO3	PCDHB6
LMO3	SESN3
LMO3	ZNF442
LMO3	SYNE4
AC007529.2	SMO
AC007529.2	AP000812.1
PLEKHA5	CTNNAL1
PLEKHA5	ADGRA1-AS1
PLEKHA5	MIR22HG
PLEKHA5	OSBPL1A
PLEKHA5	ZNF343
AC024901.1	AL159163.1
AC024901.1	AEBP2
AC024901.1	LINC02398
SLCO1A2	TMEM63A
SLCO1A2	COL4A5
SLCO1A2	MYRF
SLCO1A2	RIN2
SLCO1A2	CD22
GOLT1B	C1orf112
GOLT1B	TATDN3
GOLT1B	RASSF8-AS1
GOLT1B	AL355075.4
GOLT1B	CBFA2T3
GYS2	AL157786.1
LDHB	SELENOK
AC084816.1	KLHDC8A
AC084816.1	BARD1
AC084816.1	ENPP3
AC084816.1	BRIP1
AC087258.1	AC084816.1
AC087258.1	PRTN3
SOX5	FRAS1
SOX5	ME1
SOX5	GPR63
SOX5	ARHGAP18
SOX5	UTRN
SOX5	SEMA3A
SOX5	PIK3CG
SOX5	AP001978.1
SOX5	AP006295.1
SOX5	AP002759.1
SOX5	PLXDC2
SOX5	TRPC4
SOX5	RIT2
SOX5	NCAM2
CASC1	NPL
CASC1	AC108866.1
CASC1	UFL1-AS1
CASC1	GALNT12
KRAS	MCFD2
KRAS	POLR1E
KRAS	AC090510.1
KRAS	GSDMB
LMNTD1	PLIN5
RASSF8-AS1	WAC-AS1
BHLHE41	LINC02074
AC022509.2	ITPR2
AC024145.1	AC023051.1
FGFR1OP2	ATP1A2
TM7SF3	EFNA1
TM7SF3	AC012447.1
TM7SF3	IP6K2
TM7SF3	CLDN15
ARNTL2-AS1	CA1
SMCO2	LPCAT2
REP15	AC009509.4
REP15	DDN-AS1
REP15	TOB2
AC009509.4	DRD1
AC009509.4	TMEM200C
AC009509.4	BMP2
FAR2	IL17RB
FAR2	ZDHHC2
OVCH1-AS1	SYCP3
OVCH1	ANP32E
OVCH1	WNT5A
OVCH1	BEND4
OVCH1	FGF5
OVCH1	ASB5
OVCH1	MCAM
OVCH1	PRB1
OVCH1	ACTN1
OVCH1	RCVRN
OVCH1	CDC6
OVCH1	AP001099.1
TMTC1	LINC01605
TMTC1	TYRP1
TMTC1	OVCH1
BICD1	OSBPL9
BICD1	POU2F1
BICD1	MGAT5
BICD1	MAGI1
BICD1	TNIK
BICD1	PRR16
BICD1	ADCY8
BICD1	SAMD4A
BICD1	PITPNC1
BICD1	FBXO17
ALG10	PLEKHF2
CPNE8	AL121821.1
ABCD2	CD55
ABCD2	DCTN1-AS1
ABCD2	CFAP299
ABCD2	ZFAND6
C12orf40	CCDC141
C12orf40	AC064871.1
C12orf40	AC099329.1
C12orf40	FILIP1L
C12orf40	ADGRL3-AS1
C12orf40	AC008496.2
C12orf40	NREP-AS1
C12orf40	AP001831.1
C12orf40	LINC02426
C12orf40	AC068831.7
SLC2A13	PAK3
LRRK2	MIS18BP1
MUC19	GPC4
CNTN1	TDRKH-AS1
CNTN1	KCNJ3
CNTN1	IKZF2
CNTN1	CEP120
CNTN1	EPHA7
CNTN1	BMT2
CNTN1	AFF2
CNTN1	ZEB1
PDZRN4	NFIA
PDZRN4	SLC24A2
PDZRN4	AF130359.1
PRICKLE1	CACNG3
TMEM117	TMEM163
TMEM117	GALNT7
TMEM117	MARCH11
TMEM117	PPP2R2B
TMEM117	PALM2
TMEM117	MTCL1
AC025253.1	AC016588.2
NELL2	SYT2
NELL2	GMNC
NELL2	ARAP2
NELL2	ATP8A1
NELL2	INPP4B
NELL2	PARP8
NELL2	BZW2
NELL2	MUC12
NELL2	AC087258.1
AC008127.1	TLR5
AC008127.1	AC116614.1
AC008127.1	CNTNAP3B
AC008127.1	SYNDIG1L
AC008127.1	ONECUT1
ANO6	GYPA
ANO6	LRTM2
ARID2	BX276092.9
ARID2	PAG1
ARID2	KLK10
SLC38A2	FEM1C
SLC38A2	C8orf37-AS1
SLC38A2	PGAP2
SLC38A2	IFIT2
SLC38A2	AC009690.1
SLC38A2	HYKK
SLC38A2	DUS2
SLC38A2	DBF4B
SLC38A2	SLC16A6
SLC38A2	Z93930.2
AC008014.1	CCDC148
AMIGO2	SERTM1
PCED1B	CCNYL1
PCED1B	AC016576.1
PCED1B	DCDC2
PCED1B	WDR86
PFKM	CFL2
ASB8	MIEF2
CCDC184	TAF13
CCDC184	NEUROD6
ZNF641	COL22A1
AC090115.1	MTR
AC090115.1	HS1BP3
AC090115.1	AC097103.2
AC090115.1	AC104596.1
AC090115.1	AL023581.2
AC090115.1	ZNF75D
AC090115.1	SYCE1
AC090115.1	AC138627.1
AC090115.1	LINC00663
AC090115.1	EFCAB6
RND1	HSPB8
AC073610.3	AC009229.2
CCDC65	AGBL5
WNT10B	KIF17
WNT10B	RGN
DDN	RIMS3
PRKAG1	SERPINB9P1
PRKAG1	MIF4GD
RHEBL1	ZKSCAN8
TUBA1B	UBE2T
TUBA1B	TUBB2A
TUBA1A	RPUSD3
TUBA1A	POLD2
TUBA1A	Z95115.1
TUBA1C	LINC01337
TUBA1C	AL136366.1
TUBA1C	AC114689.3
TUBA1C	SRRM5
TUBA1C	BID
AC010173.1	AC099518.4
AC125611.4	AC011921.1
KCNH3	AC107464.1
KCNH3	AC107464.3
KCNH3	AL513548.1
KCNH3	DBH-AS1
KCNH3	CORO6
PRPF40B	AC012363.1
PRPF40B	MAATS1
PRPF40B	AP006621.3
PRPF40B	LINC00551
PRPF40B	ANKRD34C-AS1
PRPF40B	AC009148.1
PRPF40B	LIMK2
FMNL3	MAMLD1
TMBIM6	SERPING1
TMBIM6	CD2BP2
FAIM2	NCKIPSD
FAIM2	IDS
FAIM2	RAB1B
FAIM2	FAM217B
LINC02395	DCST2
ASIC1	PBXIP1
ASIC1	CNTN2
ASIC1	CCDC177
GPD1	ZMYND10
AC074032.1	STAC3
AC074032.1	MYH3
AC074032.1	ZNF490
AC074032.1	ZNF552
LIMA1	CCNJL
LIMA1	PHLDB1
FAM186A	AC091059.1
METTL7A	SMTN
DAZAP2	ELOB
AC068987.3	GGH
AC068987.3	VASH1
AC068987.3	SPINT2
AC068987.3	DSCR9
GRASP	CRB2
GRASP	PTPN5
ATG101	RCN1
AC121757.1	AC068987.1
AC121757.1	SAMD15
AC121757.1	LINC00654
KRT8	AL121983.2
KRT8	HSH2D
AC068888.1	SCNM1
AC068888.1	STT3A-AS1
AC068888.1	FGFBP3
AC068888.1	AC133565.1
SPRYD3	TPRG1L
SPRYD3	MAGEE1
SPRYD3	GPRASP2
SPRYD3	SMIM10
SPRYD3	ZPR1
SPRYD3	GABARAPL1
SPRYD3	ACTG1
SPRYD3	STMN3
SPRYD3	PNMA8A
IGFBP6	PRSS36
IGFBP6	SMIM24
MFSD5	ABCF2
MFSD5	DOLPP1
PFDN5	EMC9
PFDN5	IPO4
C12orf10	PSMD2
C12orf10	AC140125.2
C12orf10	POP7
C12orf10	SPAG7
C12orf10	SCAND1
C12orf10	PIN1
C12orf10	EPOR
SP1	SPATA4
PRR13	HMGN2
PRR13	AC008467.1
PRR13	MRPS18A
CBX5	BTN3A3
CBX5	PEG10
CBX5	ZBTB14
CBX5	PCNA
AC078778.1	ZBTB32
AC078778.1	HIPK4
AC078778.1	AC010320.3
HNRNPA1	AC239868.2
HNRNPA1	PHF5A
AC079313.2	AP000695.2
AC009779.2	LINC01918
AC009779.2	AC093788.1
RAB5B	CPEB1-AS1
RAB5B	RUNDC3A
RPS26	GGACT
RPL41	OOEP
RPL41	ZNF90
ESYT1	CFAP44
MYL6	JARID2
MYL6	DRD2
RNF41	ATF5
COQ10A	MIATNB
AC073896.1	MBLAC1
AC073896.1	ENDOD1
AC073896.1	AC009690.1
AC073896.1	AC005899.5
AC073896.1	ARID3A
SPRYD4	CCDC110
SPRYD4	CLIP2
ATP5F1B	MORF4L1
ATP5F1B	COPE
PTGES3	RSAD2
PTGES3	NSUN3
PTGES3	HSPA4
PTGES3	TCEAL9
PTGES3	TMLHE-AS1
PTGES3	STIP1
PTGES3	ZNF641
PTGES3	AC127164.1
PTGES3	ST13
NAB2	MAT2A
NAB2	TAPBP
NAB2	GTPBP10
NAB2	EHD2
STAT6	AC073311.1
STAT6	CACNA1G
NXPH4	CDH24
NXPH4	CABP7
SHMT2	ZNF717
SHMT2	ACHE
SHMT2	CENPI
SHMT2	AC005410.2
R3HDM2	AC138904.3
R3HDM2	NANOS3
MBD6	PRRT4
MBD6	KANSL2
MBD6	AC106886.5
MBD6	AC092140.2
MBD6	ENKD1
MBD6	RNF112
PIP4K2C	AC012506.4
DTX3	AC017076.1
DTX3	PCGF1
DTX3	CCNYL1
DTX3	AK1
DTX3	B4GALNT1
DTX3	ZFYVE19
DTX3	AC025283.3
DTX3	ZNF688
DTX3	E2F4
ARHGEF25	AL390728.6
ARHGEF25	AC016722.3
ARHGEF25	ZMYM3
ARHGEF25	POP1
ARHGEF25	TOB1
ARHGEF25	SNPH
B4GALNT1	ZNF513
B4GALNT1	UBE2R2-AS1
AC025165.2	SPATA21
AC025165.2	KIF26B-AS1
AC025165.2	FER1L6
AC025165.2	PLET1
AC025165.2	AL354696.2
AC025165.2	JDP2
AC025165.2	SLC24A1
AC025165.2	SMIM22
AC025165.2	AC009139.2
AC025165.2	ZNF850
AC025165.2	SMC1B
AVIL	GCA
AVIL	LINC01934
AVIL	AC079610.1
AVIL	C3orf22
AVIL	U52112.2
AVIL	LOXL2
CTDSP2	BLVRB
LRIG3	AC068305.2
SLC16A7	RNF180
SLC16A7	POT1-AS1
FAM19A2	LINC01102
PPM1H	FAM47E-STBD1
PPM1H	PTPN3
PPM1H	ETV6
PPM1H	AL450423.1
DPY19L2	RNPC3
DPY19L2	AC021205.3
SRGAP1	TENM1
C12orf56	MGAM2
RASSF3	CTXND1
RASSF3	CDH19
RASSF3	PTGIS
LINC02231	AC023906.3
LINC02231	AP001172.1
LEMD3	ZBTB41
LEMD3	AP1AR
LEMD3	DYDC2
LINC02384	KANK3
CCT2	AC097460.1
CCT2	AK6
CCT2	EPDR1
CCT2	APLP2
RAB3IP	LINC01950
CNOT2	HERC3
PTPRB	CNTN4
PTPRR	PTPRB
TSPAN8	MBOAT1
TSPAN8	GRHL2
THAP2	TDP1
THAP2	SNAP23
THAP2	OLIG1
TMEM19	RNF103-CHMP3
TMEM19	LRP2BP
TMEM19	USP2-AS1
ATXN7L3B	ZXDB
ATXN7L3B	BAG5
CSRP2	HSD17B7
AC090709.1	AC139720.1
AC090709.1	LINC00513
AC090709.1	AC058791.1
AC027288.3	AC117944.1
AC027288.3	ACMSD
AC027288.3	AC011900.1
AC027288.3	AC098617.1
AC027288.3	CADM2-AS2
AC027288.3	AC107021.1
AC027288.3	AC093879.1
AC027288.3	AC139720.1
AC027288.3	AC091885.2
AC027288.3	AC103853.1
AC027288.3	AC090709.1
AC027288.3	AP000962.1
PAWR	TIMELESS
OTOGL	AC079154.1
OTOGL	CTSV
OTOGL	AC007656.1
ACSS3	OARD1
ACSS3	LINC02588
PPFIA2	SPATS2L
PPFIA2	AC073332.1
PPFIA2	CACNA2D1
PPFIA2	GRIA4
PPFIA2	SIPA1L1
PPFIA2	CEP112
PPFIA2	HSBP1L1
PPFIA2-AS1	AC016910.1
PPFIA2-AS1	CHL1-AS1
PPFIA2-AS1	AC011287.2
PPFIA2-AS1	AC090772.2
PPFIA2-AS1	BTBD2
PPFIA2-AS1	NFIC
PPFIA2-AS1	PIAS4
AC069228.1	TEX53
AC069228.1	AC024600.1
AC069228.1	AC007192.2
AC069228.1	PRR12
CCDC59	AC079610.3
TMTC2	FOXO1
LRRIQ1	BX890604.1
LRRIQ1	PIK3IP1
C12orf29	MAP9
C12orf29	CALB1
C12orf29	AKAP5
KITLG	LINC00326
KITLG	PCDH19
DUSP6	RBM15-AS1
DUSP6	TRIB2
DUSP6	CAP2
DUSP6	ETV1
DUSP6	VGF
DUSP6	ZNF275
DUSP6	SPRY2
DUSP6	ADCYAP1
POC1B	ASAP2
POC1B	ELOVL7
POC1B	CDC14B
AC025034.1	POC1B-AS1
AC084200.1	AC126178.1
BTG1	AC007402.1
BTG1	SOSTDC1
BTG1	DKK1
BTG1	PABPC1L
NUDT4	BTBD19
NUDT4	GABRG1
NUDT4	PCDH20
NUDT4	NAGPA-AS1
CRADD	CDHR3
CRADD	NHS
NDUFA12	NDUFB3
ELK3	SCUBE2
AC007513.1	TSNAX-DISC1
AC007513.1	LINC00971
AC007513.1	LINC02511
AC007513.1	ZAN
AC007513.1	RP1
AC007513.1	CPN1
AC007513.1	PRTG
CFAP54	SPATA17
CFAP54	DCDC1
CFAP54	ARMC3
AC007656.1	ECHDC3
SLC25A3	COPS3
ANKS1B	AP004609.3
AC069437.1	AP002892.1
AC069437.1	AL591767.1
AC069437.1	GIT1
AC069437.1	AL031587.2
DEPDC4	ENTPD3-AS1
GAS2L3	CRTAC1
ANO4	C8orf87
ARL1	KIAA1143
ARL1	SSR3
ARL1	SEC62
ARL1	TRMT5
SYCP3	EAF1-AS1
SYCP3	AC009053.3
SYCP3	AC005702.1
PARPBP	HESX1
PARPBP	AC092118.2
STAB2	SLC9C1
STAB2	AL158198.1
STAB2	AC009365.1
STAB2	CRLF2
STAB2	AC068025.2
AC025265.2	AL445490.1
AC025265.2	SCN10A
AC025265.2	SLC27A6
AC025265.2	TRGC2
AC025265.2	AL353784.1
AC025265.2	RMI2
AC025265.2	AC005291.2
HSP90B1	DNAJA4
HCFC2	AC125616.1
TXNRD1	HINT1
TXNRD1	AC005070.3
TXNRD1	NDUFB9
TXNRD1	AC006450.3
TXNRD1	CACNA1B
TXNRD1	RPS3
TXNRD1	NAA38
TXNRD1	RPS9
APPL2	MYRIP
NUAK1	SOCS5
AC079385.1	AL442647.1
AC079385.1	LAPTM4B
RFX4	EPAS1
RFX4	CATIP-AS2
RFX4	ANKUB1
RFX4	HHIP
RFX4	AC008728.1
RFX4	CRYBG1
RFX4	DIAPH2-AS1
RFX4	AC022973.2
RFX4	LYVE1
RFX4	NEK5
RFX4	CIITA
RFX4	AC016597.1
RFX4	SCIMP
RFX4	AC005920.2
RFX4	AC090772.1
AC007541.1	AL627171.1
ISCU	SMKR1
ISCU	C9orf116
ISCU	TIMM10
ISCU	MAGEL2
SELPLG	TCEA3
SELPLG	PIGO
SSH1	AC010531.1
DAO	PLAC9
DAO	FAM222A-AS1
ACACB	LMNA
ACACB	STK32A
ACACB	PPFIBP2
ACACB	CUBN
ACACB	RGS9
ANKRD13A	SLC18B1
ANKRD13A	GRIK5
VPS29	LINC00342
VPS29	HSPA5
VPS29	GPN3
TCTN1	DBF4B
PPP1CC	SERINC5
PPP1CC	PIP4P2
PPP1CC	TRIM32
CUX2	GLIS3
LINC02356	STON1-GTF2A1L
LINC02356	LINC01856
LINC02356	TNFAIP8
SH2B3	DLGAP3
SH2B3	LINC002481
SH2B3	ANKRA2
SH2B3	FAM71F2
SH2B3	AC093330.1
AC002996.1	Z98752.3
ALDH2	WDR45
MAPKAPK5-AS1	AL357079.1
MAPKAPK5-AS1	SRSF7
MAPKAPK5-AS1	TMEM44-AS1
MAPKAPK5-AS1	AC244090.1
MAPKAPK5-AS1	HDHD3
MAPKAPK5-AS1	AC023157.3
MAPKAPK5-AS1	AC005726.5
MAPKAPK5-AS1	ABCA9
MAPKAPK5-AS1	NAT9
MAPKAPK5-AS1	ARL16
MAPKAPK5-AS1	DUS3L
MAPKAPK5-AS1	ZNF426
ERP29	AKR7A2
ERP29	CCDC12
ERP29	MRPL14
ERP29	NTMT1
ERP29	KAT5
ERP29	COA4
ERP29	HSPA8
ERP29	MRPS34
ERP29	CRYM
ERP29	TMEM208
ERP29	AC090774.3
ERP29	USP9Y
ERP29	EIF3D
RPL6	DUSP12
RPL6	KRT10
OAS3	DDX60
OAS3	OAS1
RASAL1	GPR153
RASAL1	SLC2A9
RASAL1	ITPRIP
RASAL1	PRKD2
DDX54	KLHDC8B
TPCN1	TRAF5
TPCN1	LINC01234
TPCN1	AC008050.1
TPCN1	LINC02136
TPCN1	RAB37
PLBD2	SRCIN1
SDS	ARHGDIG
AC026765.2	ADGRE3
MED13L	FHL3
MED13L	CBLB
MED13L	PSMA1
MED13L	ARID2
MED13L	PELI2
MAP1LC3B2	WDR66
HRK	KCNK6
FBXW8	WDR27
NOS1	TP53
NOS1	SLA2
KSR2	DEPTOR
KSR2	ATF4
PEBP1	GSTM3
PEBP1	NUDT16
PEBP1	CALM1
PEBP1	SRP68
AC026367.2	AC026367.3
AC084361.1	AC104532.2
AC084361.1	ZNF256
HSPB8	MFGE8
AC002070.1	LINC01088
AC002070.1	LINC02458
AC002070.1	LINC02141
AC002070.1	B3GALT5
TMEM233	AC010931.2
TMEM233	LINC00683
CIT	PROS1
CIT	KLHL2
CIT	ROS1
BICDL1	CCDC57
AC004812.2	DOCK9-DT
RPLP0	AC010528.1
RPLP0	SLC37A1
PXN-AS1	AC087482.1
DYNLL1	C1orf53
DYNLL1	AC009414.2
DYNLL1	DPH3
DYNLL1	ARL6IP5
DYNLL1	RNF5
DYNLL1	GTF2H5
DYNLL1	RDH12
DYNLL1	DGLUCY
DYNLL1	NDN
DYNLL1	RSL24D1
POP5	BCS1L
CABP1	TMEM38A
MORN3	ZDHHC19
MORN3	LINC01503
MORN3	MRLN
MORN3	MIR762HG
MORN3	DACT3-AS1
TMEM120B	PAM16
TMEM120B	ZFR2
TMEM120B	POU2F2
HPD	AC011509.2
WDR66	AC087269.1
WDR66	AC091167.7
ZCCHC8	ORAI3
RSRC2	DDX5
KNTC1	CENPS-CORT
AC026333.3	DNAH12
AC026333.3	AC097658.2
CCDC62	RGPD8
CCDC62	AC019131.1
VPS37B	PDE4DIP
VPS37B	ALOXE3
ABCB9	ISY1-RAB43
ABCB9	SH2B3
ABCB9	ZNF500
ABCB9	SARM1
ABCB9	AC068675.1
ABCB9	TANGO2
ARL6IP4	BRMS1
ARL6IP4	NUDT16L1
PITPNM2	KIAA1324
PITPNM2	GTF2IRD1
PITPNM2	DTX2
PITPNM2	ADCY6
PITPNM2	GSG1L
PITPNM2	RTN4RL1
PITPNM2	AC010422.2
PITPNM2	CRTC1
RILPL2	FLRT3
RILPL1	AC011383.1
TMED2	YIPF5
TMED2	HCCS
TMED2	FAM85B
TMED2	SRSF9
CCDC92	PELI1
ZNF664	ENTR1
RFLNA	SERINC2
RFLNA	AC093580.1
RFLNA	LINC01494
RFLNA	GALNT15
RFLNA	TTC21A
RFLNA	FBXW12
RFLNA	AC008591.1
RFLNA	LINC01219
RFLNA	AP003393.1
RFLNA	C12orf54
RFLNA	AC027808.1
RFLNA	ELMO3
RFLNA	AC027801.3
RFLNA	AC004784.1
RFLNA	MOV10L1
UBC	MARCKSL1
UBC	CKB
UBC	STUB1
UBC	UBB
UBC	ADRM1
UBC	GADD45B
UBC	DEDD2
TMEM132B	DIRC3
TMEM132B	TMEM44
TMEM132B	PPM1H
TMEM132B	SYT16
TMEM132B	FHOD3
AC087894.2	AL139158.2
AC087894.2	AL359633.2
AC087894.2	AC009262.1
AC087894.2	AP005328.1
LINC00507	ZNF469
TMEM132C	FHDC1
TMEM132D	TMEM64
TMEM132D	MGAT5B
RIMBP2	ILDR2
RIMBP2	RFTN1
RIMBP2	MIR222HG
RIMBP2	TSPAN14
RIMBP2	KCNB1
RAN	PRDX1
RAN	VDAC1
RAN	CYCS
RAN	BEX1
RAN	SARAF
RAN	TM2D2
RAN	SAP18
RAN	RSL24D1
RAN	MYL12B
AC073578.2	ADGRD1
MMP17	SOHLH1
MMP17	SNTA1
AC131009.2	ATAD3C
AC131009.2	LINC01762
AC131009.2	AC106881.1
AC131009.2	ADPRHL1
AC131009.2	CCDC113
AC131009.2	SERPINF2
AC131009.2	LLGL2
AC131009.2	FAM83D
AC131009.2	DPF1
AC131009.2	C5AR1
AC131009.2	NAGA
PUS1	NIPAL3
FBRSL1	GPR35
FBRSL1	GIGYF1
FBRSL1	ANO8
CHFR	ACOX3
CHFR	AC008966.2
CHFR	CEP41
CHFR	PABPC1
CHFR	DDIT4
CHFR	BUB3
CHFR	BICDL1
CHFR	LINC02177
ZNF891	PCDHB13
ZNF891	AL080317.3
ZNF891	AC092634.3
ZNF891	ZNF138
ZNF891	ZSCAN25
ZNF891	ALKBH6
LINC00349	AP005901.2
MPHOSPH8	RNPC3
MPHOSPH8	CD163L1
MPHOSPH8	PPM1N
CRYL1	AC008073.3
CRYL1	ATR
CRYL1	AC025470.2
CRYL1	AL451165.2
CRYL1	AC079760.1
CRYL1	AP001972.3
CRYL1	BX248123.1
CRYL1	KLHDC1
CRYL1	AC009119.2
CRYL1	GAS8
CRYL1	FTSJ3
CRYL1	JMJD6
CRYL1	TMEM241
CRYL1	SLC13A3
CRYL1	CEBPB
CRYL1	Z97353.2
AL161772.1	TAF13
AL161772.1	C3orf80
AL161772.1	AP1S1
AL161772.1	ARMCX3
AL161772.1	TMEM121
SAP18	MLLT11
SAP18	SKP1
SAP18	MEA1
SAP18	DCTN6
SAP18	CHMP5
SAP18	VTI1B
SAP18	HSBP1
SAP18	DSTN
SAP18	UQCR10
MRPL57	C1orf122
MRPL57	TXNDC9
MRPL57	TMEM177
MRPL57	ING2
MRPL57	C6orf120
MRPL57	C1GALT1C1
MRPL57	SPRYD4
MRPL57	MCF2L-AS1
MRPL57	SNAPC5
MRPL57	MRPL46
MRPL57	PSMD7
MRPL57	MED11
MRPL57	MRPL27
MIPEP	TRMT2B
MIPEP	ARMH3
MIPEP	CLEC4G
MIPEP	EIF3G
AMER2	ALK
ATP8A2	PCCA
RNF6	PNRC2
RNF6	PHAX
RNF6	THAP1
RNF6	DNAJA1
RNF6	MRPL50
RNF6	ZBTB6
RNF6	FRAT2
CDK8	RALGPS2
CDK8	PCLO
GPR12	KCNA1
GPR12	CHURC1-FNTB
LINC02340	PSIP1
RPL21	AC024230.1
RPL21	RPL41
RPL21	SEPT4-AS1
RPL21	KIZ-AS1
FLT3	SERPINB9
PAN3	AC079298.3
PAN3	ZNF503-AS2
PAN3	AC079385.1
POMP	NDUFB6
POMP	PSMA7
POMP	PES1
MTUS2	KLF12
MTUS2	PLCB4
UBL3	PDE6B
UBL3	CD274
UBL3	ARL5B
UBL3	DPH1
UBL3	AC007114.1
UBL3	AC100863.1
UBL3	FBXL12
UBL3	GEMIN7-AS1
ALOX5AP	EPSTI1
HSPH1	TRIM62
HSPH1	M1AP
HSPH1	IFT57
HSPH1	AC113615.1
HSPH1	SVEP1
HSPH1	OAF
HSPH1	GALNT8
HSPH1	LIMA1
HSPH1	CSRP2
HSPH1	AC051619.4
RFC3	SEPT7-AS1
RFC3	ZNF726
RFC3	ZNF578
LINC02343	AC079362.1
LINC00457	AL591518.1
LINC00457	AL161716.1
NBEA	RYR2
NBEA	SCLT1
NBEA	HHIP-AS1
NBEA	FCHO2
NBEA	FER
NBEA	ISPD
NBEA	Z68871.1
NBEA	CDK4
NBEA	ANKS1B
NBEA	FMN1
DCLK1	AC067956.1
DCLK1	LINC02218
DCLK1	CRTAM
SERTM1	ZDHHC23
SERTM1	C16orf87
RFXAP	IL10RB
POSTN	HGF
POSTN	SNTB1
TRPC4	FGF10
TRPC4	LRGUK
UFM1	RAD21
UFM1	SFXN2
NHLRC3	DNAJC19
NHLRC3	SCPEP1
NHLRC3	AC099850.1
FOXO1	LINC00598
KBTBD6	FGD5-AS1
AL354696.2	CCDC150
KBTBD7	RASL11B
DGKH	SERPINE1
DGKH	CD99
EPSTI1	DDX60L
EPSTI1	OAS3
SERP2	C2orf40
LINC00407	ADAM29
LINC00407	AC134043.1
LINC00407	AC123777.1
LINC00407	USP43
AL356515.1	AHR
AL356515.1	CACNA1C-AS2
AL356515.1	AC008083.1
AL356515.1	LINC02345
AL359706.1	POLQ
AL359706.1	AC011369.1
AL359706.1	AL138828.1
AL359706.1	PDCD1LG2
AL359706.1	AC069228.1
AL359706.1	AL049870.3
KCTD4	ANXA1
KCTD4	ZNF350-AS1
TPT1	TSSK3
TPT1	UQCRB
SLC25A30-AS1	L1TD1
CPB2-AS1	TCAIM
CPB2-AS1	AL356489.3
LRRC63	IL17RD
AL138686.1	COX17
LRCH1	KAT2B
LRCH1	LINC02009
LRCH1	PRPH2
LRCH1	ANO6
NUDT15	LAMB3
ITM2B	LURAP1
ITM2B	LINC02018
ITM2B	AKIRIN2
ITM2B	HNRNPA2B1
ITM2B	MAGEE2
ITM2B	MROH1
ITM2B	DNAJC12
LPAR6	SFTA1P
PHF11	ABCA12
DLEU7-AS1	AL157896.1
INTS6-AS1	LINC02062
INTS6-AS1	AAED1
ALG11	CCNJ
ALG11	MON1B
ALG11	MAP3K14-AS1
ALG11	MRI1
THSD1	AL590999.1
AL359513.1	AL451165.2
AL359513.1	FAM200A
AL139089.1	ZNF674-AS1
AL139089.1	SMC2-AS1
AL139089.1	AC009831.1
SUGT1	AC093423.3
SUGT1	NAGLU
PCDH8	HPCAL1
PCDH8	AC110491.1
PCDH8	SLITRK2
PCDH8	OLFM4
PCDH8	TUNAR
PCDH8	LAMP5
PCDH8	CBLN4
OLFM4	WIPI1
LINC02335	AL390964.1
PCDH9	PDGFC
PCDH9-AS1	TIMM8A
PCDH9-AS1	AC007848.1
PCDH9-AS1	CRTC1
PCDH9-AS2	AC008067.1
PCDH9-AS2	OSBPL10-AS1
PCDH9-AS2	LRTM1
PCDH9-AS2	WNT8A
PCDH9-AS2	ELMO1-AS1
PCDH9-AS2	POU6F2-AS2
PCDH9-AS2	TRPC5OS
PCDH9-AS2	ACSM6
PCDH9-AS2	ARNTL2-AS1
PCDH9-AS2	AL390816.2
PCDH9-AS2	AC087286.2
PCDH9-AS2	MEIOB
PCDH9-AS2	AC109597.1
PCDH9-AS2	AC130650.1
PCDH9-AS2	AC009097.1
PCDH9-AS3	AC005041.1
PCDH9-AS3	AC114947.2
PCDH9-AS3	AC058791.1
PCDH9-AS3	AC027018.1
PCDH9-AS4	TUSC7
KLHL1	AF121898.1
DACH1	NPNT
DACH1	AC079380.1
DACH1	LINC02197
DACH1	THEMIS
DACH1	FRMPD1
DACH1	NKD1
DACH1	RNF152
MZT1	SMIM15
MZT1	MSL3
LINC00393	ELOVL2-AS1
LINC00393	AC100849.1
LINC00393	ISM2
LINC00393	SPC24
KLF12	VAV3
LMO7	ZNF208
AC001226.2	LINC01362
AC001226.2	AC092802.1
AC001226.2	AC012358.3
AC001226.2	AC010978.1
AC001226.2	AC005037.1
AC001226.2	AC109587.1
AC001226.2	TH2LCRR
AC001226.2	AL590302.2
AC001226.2	AL035427.1
AC001226.2	CCNE2
AC001226.2	AC087521.2
AC001226.2	GLIPR1L1
AC001226.2	AC007622.2
AC001226.2	TCHP
AC001226.2	AC084361.1
AC001226.2	WASF3-AS1
AC001226.2	LPAR6
AC001226.2	AC100793.3
AC001226.2	SLC16A3
AC001226.2	AC022098.1
AC001226.2	NUMBL
EDNRB	RNF219-AS1
NDFIP2	C2orf68
NDFIP2	C5orf30
NDFIP2	GUCY1A2
NDFIP2	ASB16-AS1
NDFIP2	ZNF823
SPRY2	ADAMTS1
MIR4500HG	Z82196.2
SLITRK5	SLC8B1
GPC6	AL136985.3
GPC6	AC011287.1
GPC6	SMIM2
ABCC4	SCTR
ABCC4	FERMT1
DNAJC3-DT	ITPR1-DT
UGGT2	PKN2-AS1
UGGT2	LINC01793
UGGT2	DCX
UGGT2	ANKRD62
HS6ST3	NECTIN3
HS6ST3	PPARGC1A
HS6ST3	SH3RF2
HS6ST3	HTR4
HS6ST3	DIAPH2
HS6ST3	KITLG
HS6ST3	CUX2
HS6ST3	DLEU2
HS6ST3	COL4A2
HS6ST3	STXBP6
RAP2A	AJ003147.2
AL356580.1	AL365181.1
AL356580.1	CACNA2D2
AL356580.1	SCGN
AL356580.1	SMARCD3
FARP1	SEL1L3
FARP1	OCA2
FARP1	LINC00923
UBAC2-AS1	AC010327.4
UBAC2	KLHL32
UBAC2	RCL1
UBAC2	ACCS
PCCA	SLC10A7
PCCA	SUPT3H
PCCA	ARMH3
NALCN	CTSS
NALCN	AL596220.1
NALCN	RGS7
NALCN	FTSJ1
NALCN	PPFIA2
NALCN	ZNF577
FGF14	PDE4DIP
FGF14	NYAP2
FGF14	JAKMIP2
FGF14	TRAF3IP2-AS1
FGF14	GRM1
FGF14	MSRA
FGF14	CLVS1
FGF14	APBA1
FGF14	MRPL11
FGF14	PANK1
FGF14	GPR135
FGF14	RORA
FGF14	IGF1R
TPP2	ANKRD36C
EFNB2	AC233723.1
LINC00443	LINC00551
FAM155A	AL139260.1
FAM155A	AC073050.1
FAM155A	OSBPL6
FAM155A	ZNF385B
FAM155A	TET2
FAM155A	CNTNAP2
FAM155A	ZC4H2
FAM155A	PTPRD
FAM155A	ELP4
FAM155A	LRRC4C
FAM155A	DLG2
FAM155A	NAV3
FAM155A	GALNT1
FAM155A	TFIP11
FAM155A	DSCAM
ABHD13	PCBD2
ABHD13	C9orf50
ABHD13	MSANTD4
ABHD13	ZNF365
ABHD13	PXN-AS1
ABHD13	CNTROB
TNFSF13B	CD247
TNFSF13B	GLB1L
TNFSF13B	NOP14-AS1
TNFSF13B	SNX31
TNFSF13B	DNA2
TNFSF13B	AL583836.1
TNFSF13B	RPS6KL1
TNFSF13B	AF127577.4
TNFSF13B	AP001341.1
COL4A2	ATP7B
COL4A2	GPC6
COL4A2	COL4A1
COL4A2	GUCY2D
ING1	AC009630.1
ING1	RBMS2
ING1	AC011511.2
TEX29	FAM167A-AS1
TUBGCP3	ENO1-AS1
TUBGCP3	AL117350.1
TUBGCP3	ZNF736
TUBGCP3	ADAM22
TUBGCP3	MSS51
TUBGCP3	TDP1
TUBGCP3	AC005332.3
AL139384.2	SPA17
ATP11A	EPHB1
ATP11A	GPD1
TMEM255B	KCNG2
GAS6-AS1	CARHSP1
RASA3	CFAP46
AL355075.4	UPK1A
PARP2	DUS1L
APEX1	SLC27A3
APEX1	PDHB
APEX1	PFDN1
APEX1	SLC37A4
APEX1	OCEL1
NDRG2	RTKN
NDRG2	PMP2
NDRG2	S100B
RPGRIP1	AC243967.1
TOX4	FH
TOX4	TMEM41A
TOX4	CXorf40B
SLC7A7	AL121972.1
C14orf119	CCNG1
C14orf119	NADSYN1
C14orf119	ADCY9
RNF212B	LINC01818
RNF212B	AC107973.1
RNF212B	ST6GALNAC2
HOMEZ	MUC20
PABPN1	AP1G2
PABPN1	KHSRP
SLC22A17	VARS
SLC22A17	CYC1
SLC22A17	TMEM59L
MYH7	CCNG2
MYH7	SFRP2
NGDN	FLYWCH2
ZFHX2	LY6E-DT
ZFHX2	AC002996.1
ZFHX2	GGTLC2
AP1G2	AC112503.1
AP1G2	IL11RA
AP1G2	TAGLN
AP1G2	JPH4
DCAF11	FRY-AS1
DCAF11	HNRNPA1L2
DCAF11	FBF1
DCAF11	ZNF324B
EMC9	MOSPD3
EMC9	GPT
TINF2	NEU1
TINF2	CDH26
RABGGTA	TEPSIN
CBLN3	KHNYN
SDR39U1	HTRA2
SDR39U1	NPRL2
SDR39U1	POLR2H
SDR39U1	DXO
SDR39U1	PAXX
SDR39U1	ARRB2
SDR39U1	SOX15
SDR39U1	RSAD1
AL136018.1	STMND1
STXBP6	RAB7B
STXBP6	STEAP3
STXBP6	AC015468.3
STXBP6	GNAL
LINC02306	LINC01965
LINC02306	AP002989.1
LINC02588	LINC02293
LINC02300	LINC02265
LINC02300	AC133919.1
LINC02300	Z95114.4
FOXG1	B3GNT2
FOXG1	SLC26A4-AS1
FOXG1	KCNV1
LINC02281	WNT8A
LINC02281	CTNNA1
AL158058.1	PEX11A
G2E3-AS1	KF456478.1
AL139353.1	PAFAH2
ARHGAP5-AS1	CLP1
AL136298.1	CNTN4-AS2
AL136298.1	LUARIS
AL136298.1	AC105001.1
AL136298.1	ZNF511-PRAP1
AL136298.1	AL157912.1
AL136298.1	AC090236.1
CFL2	MCM3
CFL2	HTATSF1
CFL2	STMN2
CFL2	ATXN7L3B
BAZ1A	TEX101
BAZ1A	SAMSN1
NFKBIA	TAP1
NFKBIA	AP002986.1
AL162311.3	SLC22A2
AL162311.3	ZFP37
AL162311.3	AP001547.1
AL162311.3	ANKRD49
AL162311.3	ARHGAP11A
AL162311.3	FITM2
LINC00609	AL162511.1
LINC00609	AP001099.1
MIPOL1	AL591501.1
AL121790.1	BAAT
AL121790.1	TP53AIP1
TTC6	DENND2C
TTC6	LINC02338
TTC6	AL161751.1
TTC6	GLP2R
AL392023.2	AL359924.1
SSTR1	LINC01616
SSTR1	TIMP2
AL049875.1	ISPD
AL049875.1	AC002064.1
LRFN5	GABRA4
LRFN5	MPP6
LRFN5	CACNA2D1
LRFN5	AL359851.1
LRFN5	AP005357.1
LRFN5	ZNF671
LINC02307	LINC02277
LINC02277	LINC02302
FKBP3	MPHOSPH8
MDGA2	GRM3
MDGA2	GRIP1
MDGA2	STARD13
MDGA2	PRKD1
RPL36AL	SCNM1
RPL36AL	AL136454.1
RPL36AL	TIMM8B
RPL36AL	URB1-AS1
MGAT2	CBX8
KLHDC1	AC072061.1
KLHDC1	LRRC61
KLHDC1	LUC7L
KLHDC2	H1F0
AL627171.1	HIPK1-AS1
AL627171.1	TAF1A-AS1
AL627171.1	AC012360.1
AL627171.1	SLC10A1
AL627171.1	AC093462.1
ARF6	ZNF12
LINC01588	MORC4
CDKL1	USP45
CDKL1	LINC00629
CDKL1	P2RX7
FRMD6-AS2	AC092920.1
FRMD6-AS2	CCDC129
FRMD6-AS2	OR9Q1
FRMD6-AS2	AP003481.1
FRMD6-AS2	AC008083.2
FRMD6-AS2	AC027801.1
RTRAF	PHB2
RTRAF	TMED2
PTGDR	SYT10
PTGDR	LINC02319
AL356020.1	AC005381.1
GMFB	SLFNL1-AS1
GMFB	NRAS
SAMD4A	FAT1
SOCS4	ZMYND12
SOCS4	AP000253.1
AL158801.3	LINC00513
TBPL2	LINC01344
TBPL2	AC004554.2
KTN1	AC093901.1
KTN1	C6
KTN1	CBWD1
KTN1	TAF1D
KTN1	ZNF20
AL355773.1	CRYZ
PELI2	LINC02268
OTX2-AS1	LINC00504
OTX2-AS1	CNBD1
OTX2-AS1	LDHC
AL161757.4	AL445426.1
AL161757.4	LINC02211
PSMA3	GTPBP2
PSMA3	AC091132.5
PSMA3	CACNA1I
AL139021.2	C1orf100
AL139021.2	SPDYA
AL139021.2	MAP3K15
AL139021.2	FBXW10
AL139021.2	TUBB6
AL139021.1	LARS2-AS1
AL139021.1	MUC4
AL139021.1	BUB1B
GPR135	LINC01135
GPR135	INTS7
GPR135	MRPL55
GPR135	MAGI1
GPR135	MYLK-AS1
GPR135	ZNF519
GPR135	ZNF549
L3HYPDH	ST14
LRRC9	LAMA3
DHRS7	CBR1
SLC38A6	CCDC148
SLC38A6	FSIP2-AS1
SLC38A6	LINC01811
SLC38A6	AL662796.1
SLC38A6	CCDC171
SLC38A6	VRK1
PRKCH	LINC01411
PRKCH	LINC02343
HIF1A-AS2	ABCB1
HIF1A-AS2	SIN3B
SYT16	CCDC85A
SYT16	HRASLS
SYT16	LNX1
SYT16	TMEM131L
SYT16	ADCY2
SYT16	SLC36A1
SYT16	AL359643.2
SYT16	AMMECR1
SYT16	AC245164.1
SYT16	FAM124A
SYT16	AC087457.1
SYT16	PLEKHH3
SYT16	FP325330.3
KCNH5	RHOJ
ESR2	PTPN22
ESR2	UPB1
AL122035.1	TMEM269
AL122035.1	AL354809.1
AKAP5	CAMK2N1
ZBTB1	AC005697.2
AL049869.3	NLGN1-AS1
HSPA2	CRYAB
HSPA2	LINC00844
PLEKHG3	CHADL
SPTB	BEND7
SPTB	GPR26
AL139022.1	AC068724.3
AL355076.2	CARD11
AL359232.1	AL160408.1
AL359232.1	AC012254.1
ATP6V1D	H3F3B
ATP6V1D	MED29
TMEM229B	MINDY1
PLEKHH1	CNNM3
PLEKHH1	RASSF8
RDH11	RNASEH1
RDH11	TMEM43
RDH11	PIGZ
RDH11	LENG8-AS1
ACTN1	LEMD1
ACTN1	PDGFRB
ACTN1	KCNC1
AL359317.2	MKNK1-AS1
AL359317.2	AL357055.3
AL359317.2	CAV3
AL359317.2	HIGD1C
AL359317.2	POLE2
AL359317.2	AL049869.3
AL359317.2	AL117209.1
AL359317.2	TOM1L1
ERH	SYF2
ERH	RABGGTB
ERH	TMEM14C
SUSD6	NCK1
SUSD6	LINC02236
SLC10A1	CAGE1
SLC10A1	C10orf95
SLC10A1	LINC02281
SMOC1	ARHGAP24
SLC8A3	KCNIP3
SLC8A3	PPARGC1B
SLC8A3	CREB3L2
SLC8A3	DAB2IP
SLC8A3	GAB2
SLC8A3	BICDL1
SLC8A3	ZNRF1
AL357153.2	LINC02062
AL357153.2	TPCN2
SIPA1L1	RPS6KC1
SIPA1L1	BTBD9
SIPA1L1	COTL1
RGS6	ASB18
RGS6	ARHGAP10
RGS6	TMEM132D
RGS6	ZBTB7C
RIOX1	RXRB
ACOT4	NHLRC1
PNMA1	OR2L13
PNMA1	MYADM
AC005480.1	AL445248.1
AC005480.1	SLFNL1
AC005480.1	NUP210L
AC005480.1	GALM
AC005480.1	GPR75-ASB3
AC005480.1	LYG1
AC005480.1	IL5RA
AC005480.1	DENND6A-AS1
AC005480.1	AL136164.2
AC005480.1	CDK9
AC005480.1	MYRFL
AC005480.1	CASC18
AC005480.1	OIP5
AC005480.1	AC091180.5
AC005480.1	AC007292.3
AC005480.1	AC008764.1
AC005480.1	CARD8
AC005480.1	PTOV1-AS1
AC005480.1	Z82190.2
FAM161B	CD59
ENTPD5	C5
ABCD4	SIRT7
ABCD4	ZNF30
NPC2	PLEKHB1
ISCA2	AL592494.3
ISCA2	DNAJC30
ISCA2	CHCHD7
ISCA2	BMS1P14
ISCA2	AC007541.1
ISCA2	NOB1
RPS6KL1	ZBTB48
RPS6KL1	AC012370.2
RPS6KL1	ARSK
RPS6KL1	WDR55
AL049780.1	CRH
ACYP1	BOLA1
ACYP1	DMAC2
AF107885.2	KCNMB2-AS1
AF107885.2	AC020892.2
IFT43	AC239809.3
IFT43	C1RL-AS1
IFT43	ZNF341
AC008050.1	AC079950.1
AC008050.1	AC007376.2
VASH1	NAA40
VASH1-AS1	LINC02012
AC007686.2	PIWIL2
AC007686.2	LINC02288
AC007686.2	C16orf96
AC007686.2	EFCAB8
AC007686.2	AC005258.1
AHSA1	RAD54L2
AHSA1	PPID
AHSA1	PTTG1
AHSA1	ALDH2
SLIRP	AL035413.1
SLIRP	AL360091.3
SLIRP	SNRPG
SLIRP	CMTM7
SLIRP	PLP2
SLIRP	TMPRSS12
SLIRP	AC073612.1
SLIRP	AC009163.7
SLIRP	AC004448.2
NRXN3	PDE10A
NRXN3	HDAC9
NRXN3	HLCS
AC008056.1	KDM4A-AS1
AC008056.1	AC004470.1
AC008056.1	APOA1-AS
AC008056.1	AL450384.2
AC008056.1	AC008056.2
AF123462.1	MTMR8
AF123462.1	AP001025.1
DIO2-AS1	GFRAL
DIO2-AS1	ENG
DIO2-AS1	AC037487.1
DIO2-AS1	WDR88
CEP128	DIO2
TSHR	RBMS3-AS2
TSHR	COL6A6
TSHR	AC021351.1
AC007262.2	AC114781.2
AC007262.2	AC063979.2
AC007262.2	CPSF4
AC007262.2	TBC1D8B
AC007262.2	MORN5
AC007262.2	BBOX1-AS1
AC007262.2	LINC02288
AC007262.2	CD226
FLRT2	LRRC53
FLRT2	LHX2
LINC02296	MET
LINC02296	AC100818.1
LINC02296	OPRK1
LINC02296	SLC17A9
AL359237.1	LINC02330
AL157955.1	AL157955.2
KCNK10	SH3PXD2A
EML5	DUSP2
EML5	MAP3K5
EML5	ELFN1
EML5	RCOR2
EML5	ABLIM1
EML5	RNASEH2B
EML5	SEZ6
EML5	USP25
TTC8	MAEL
TTC8	AC090004.1
TTC8	FBXO4
TTC8	MCCC2
TTC8	PEX7
TTC8	ERMARD
TTC8	ICA1
TTC8	C7orf61
TTC8	DUS4L
TTC8	SLC6A8
TTC8	ADHFE1
TTC8	AK8
TTC8	FERMT3
TTC8	NEBL-AS1
TTC8	FSIP1
TTC8	RRAD
TTC8	PSMC3IP
TTC8	CHMP6
TTC8	ANKLE1
TTC8	AF038458.2
FOXN3	PACERR
FOXN3	MEST
AL356805.1	CMTM7
AL356805.1	AL133227.1
EFCAB11	BCAR3
EFCAB11	AC115622.1
EFCAB11	LINC02588
EFCAB11	FANCM
EFCAB11	YJEFN3
EFCAB11	ZNF66
EFCAB11	ZNF100
TDP1	AC012213.1
TDP1	TRAF6
KCNK13	TOX3
PSMC1	URM1
PSMC1	TAF4
CALM1	GPATCH11
CALM1	PHAX
CALM1	EIF4H
CALM1	RANBP6
CALM1	IFIT1
TTC7B	AL354872.2
TTC7B	SRRM4
RPS6KA5	C1orf61
RPS6KA5	SPARC
RPS6KA5	DUSP4
RPS6KA5	ABHD4
RPS6KA5	BACE2
DGLUCY	ABCG8
DGLUCY	CTPS2
DGLUCY	AC068473.1
CCDC88C	AL139220.2
CCDC88C	AP001999.1
TC2N	CATSPERB
SLC24A4	AC068286.1
RIN3	AL360270.1
RIN3	LINC01484
RIN3	IMPA2
CHGA	PRDM8
CHGA	GLIPR1
MOAP1	PINK1
MOAP1	TMEM183A
MOAP1	RALB
MOAP1	AC093323.1
MOAP1	SLC39A7
MOAP1	FAM3C
MOAP1	KRAS
MOAP1	USP3-AS1
MOAP1	MRPS23
UBR7	AC104695.3
UBR7	AC140481.1
UBR7	GNL3L
UBR7	AL355574.1
UBR7	AP003392.4
UBR7	MGMT
UBR7	AC026367.2
ASB2	HSD17B11
IFI27L2	AC097662.1
IFI27L2	PYDC1
IFI27L2	A1BG
SNHG10	KMT2E-AS1
GLRX5	AC074387.1
GLRX5	TCEAL7
GLRX5	TSR3
GLRX5	ALYREF
GLRX5	UBE2S
AK7	RAB38
PAPOLA	MSH4
PAPOLA	SLC16A4
PAPOLA	HIBCH
PAPOLA	PGAP1
PAPOLA	SERPINI2
PAPOLA	FXR1
PAPOLA	GNPDA2
PAPOLA	HSPA4L
PAPOLA	AC034243.1
PAPOLA	SNRNP48
PAPOLA	SKAP2
PAPOLA	KIAA0895
PAPOLA	SUMF2
PAPOLA	ZNF117
PAPOLA	SLC25A53
PAPOLA	MUM1L1
PAPOLA	ENO4
PAPOLA	LRRC43
PAPOLA	GPR132
PAPOLA	NUFIP2
PAPOLA	ERBB2
PAPOLA	ZNF837
BCL11B	SYNJ2
BCL11B	CALD1
BCL11B	AIRE
CCDC85C	OBSCN
CCDC85C	KCNK13
DEGS2	AC007319.1
SLC25A29	ALS2CL
SLC25A29	MXD3
SLC25A29	AC127521.1
SLC25A29	AL121895.1
SLC25A29	JAK3
BEGAIN	BCL6
AL117190.2	AC009060.1
AL117190.1	MEG9
AL117190.1	SPACA6
MEG9	AC073655.2
MEG9	TMEM8A
AL359682.1	DEFB131B
AL359682.1	AC130324.1
LINC02320	LINC01310
HSP90AA1	CACYBP
HSP90AA1	TCP1
HSP90AA1	TCF3
HSP90AA1	AL031590.1
EIF5	C1orf43
EIF5	AC010894.3
EIF5	UBC
EIF5	HERPUD1
CKB	RPL34-AS1
CKB	PUF60
TRMT61A	TBL3
TRMT61A	ARFRP1
TRMT61A	MAPK12
AL049840.1	AC023906.4
ATP5MPL	ATP5IF1
ATP5MPL	PFDN1
ATP5MPL	AC139491.1
ATP5MPL	CCDC167
ATP5MPL	BEX1
ATP5MPL	MED31
ATP5MPL	COA3
ATP5MPL	ATP5MC1
ATP5MPL	RPTOR
ATP5MPL	SELENOW
ATP5MPL	ATP5PF
KIF26A	TGM2
TMEM179	AC092574.1
TMEM179	ZIM2
INF2	EXTL1
INF2	YBX2
AKT1	FAM69B
AKT1	BACE1-AS
AKT1	AC027601.4
AKT1	SBF1
CEP170B	PBX2
GPR132	LINC00581
GPR132	RBM12B
JAG2	AL139246.5
NUDT14	CCK
NUDT14	LRRC73
NUDT14	EGFL7
NUDT14	SIGIRR
NUDT14	SDSL
NUDT14	AC007922.3
NUDT14	SYT5
BTBD6	TMEM229A
BTBD6	FAM89B
MTA1	CRTC2
MTA1	SCRT1
MTA1	FAM214B
MTA1	AC103740.1
MTA1	ATP13A1
CRIP2	LMNB1
CRIP2	TMSB15B
CRIP2	ACTC1
AC087386.1	AC012414.5
AC087386.1	AC092070.4
AC087386.1	AC245060.5
TUBGCP5	PCTP
MKRN3	AC022796.1
MKRN3	SLC39A12
PWRN4	AC021439.1
AC087463.4	AC021439.1
AC087463.4	AC087463.1
PWRN1	AC087463.4
PWRN1	PWRN3
PWRN1	NPAP1
NPAP1	PWRN4
AC124312.2	RTCA-AS1
AC124312.2	CADM3-AS1
AC124312.2	AC093110.1
AC124312.2	BIN1
AC124312.2	AC093495.1
AC124312.2	HCG18
AC124312.2	PKIA-AS1
AC124312.2	AL354733.3
AC124312.2	AL162426.1
AC124312.2	AC138811.1
AC124312.2	AC133550.1
AC124312.2	AC126773.4
AC124312.2	AC124283.1
AC124312.2	RGL4
AC124312.2	FAM207A
LINC02346	CAPN8
LINC02346	AC104078.2
LINC02346	GCNT1
GABRB3	AL592402.1
GABRB3	PROCA1
GABRA5	AL606491.1
GABRA5	TMEM255B
GABRA5	CHD3
GABRG3	ESRRG
GABRG3	BCL11A
GABRG3	ST6GAL1
GABRG3	SORCS3
GABRG3	FAM189A1
OCA2	LINC02254
TJP1	LINC01122
TJP1	ITPR1
TJP1	SMC5
TJP1	AC002070.1
TJP1	PLCB4
TJP1	TTC28
TJP1	C2CD2
KLF13	ORAI2
OTUD7A	SLC22A15
OTUD7A	ATP8B2
OTUD7A	POU2F1
OTUD7A	KBTBD12
OTUD7A	ANGPTL5
OTUD7A	DPY19L3
SCG5	ATP5PB
SCG5	ATP6V1D
FMN1	ST6GALNAC3
FMN1	KCNT2
FMN1	CACNA2D3
FMN1	PDE4D
FMN1	VPS41
FMN1	CDKL5
FMN1	ANO4
FMN1	STARD13
FMN1	FBN1
RYR3	PLD5
RYR3	PCSK5
AVEN	TAF1D
AVEN	AC093227.2
NOP10	NDUFB11
LPCAT4	PANK4
LPCAT4	AC146944.4
LPCAT4	FRS3
LPCAT4	TMEM216
LPCAT4	TRPT1
LPCAT4	UCKL1
GOLGA8B	GOLGA8A
DPH6	HFM1
DPH6	CYP20A1
DPH6	NMD3
DPH6	NAALADL2
DPH6	GMDS-DT
DPH6	LINC00271
DPH6	AC021231.1
DPH6-DT	SH3YL1
DPH6-DT	AC098650.1
DPH6-DT	AC108062.1
DPH6-DT	AC008581.2
DPH6-DT	FER
DPH6-DT	AC091948.1
DPH6-DT	SKAP2
DPH6-DT	JAZF1-AS1
DPH6-DT	AC002066.1
DPH6-DT	AC007262.2
DPH6-DT	AC023908.3
DPH6-DT	AC015712.2
AC021351.1	AC079584.1
AC021351.1	LACTB2-AS1
AC021351.1	BBOX1
C15orf41	GAS1RR
AC078909.1	DRAXIN
AC078909.1	AC078909.2
LINC02345	LINC01100
LINC02345	TYR
SPRED1	HOMER1
SPRED1	PKD1L3
SPRED1	AL391095.2
RASGRP1	RGS22
C15orf53	CTNNA3
AC013652.1	AC022196.1
AC013652.1	FSIP1
FSIP1	TMEM51
FSIP1	DPP10-AS1
FSIP1	LINC01117
FSIP1	HMGN5
FSIP1	MEDAG
FSIP1	ZNF85
SRP14	EIF1B
PAK6	IGFBPL1
PAK6	ZNF610
DISP2	ATP1B2
DISP2	KCNJ12
DNAJC17	TK2
VPS18	FICD
CHAC1	AC055713.1
AC020661.3	AC136604.2
AC020661.3	AC025043.1
AC020661.2	CLEC20A
CHP1	CCDC168
NDUFAF1	AC092687.1
NDUFAF1	LINC00685
ITPKA	EMX1
ITPKA	C1QL2
ITPKA	SKIL
ITPKA	CEBPD
ITPKA	CYP46A1
ITPKA	TYRO3
LTK	ASGR2
TYRO3	TMEM116
TYRO3	SAMD14
TMEM62	ABLIM3
TMEM62	ZNF491
MAP1A	DDX24
CATSPER2	AC011330.3
AC018512.1	SLC2A14
SERF2	AC093673.1
SERF2	BANF1
SERF2	FAM96B
SERF2	ERVK3-1
FRMD5	KIF13B
AC025043.1	AC018816.1
AC025043.1	LINC00616
AC025043.1	DDX4
AC025043.1	AL157938.3
AC025043.1	BCL9L
AC025043.1	MYO1H
AC025043.1	ZNF749
AC025043.1	FP671120.1
AC025043.1	FP236383.1
B2M	IFI6
B2M	BTN3A2
B2M	HLA-A
B2M	HLA-B
DUOX1	AL031731.1
DUOX1	AL031963.1
DUOX1	AC025165.2
DUOX1	SERPINE3
DUOX1	MEOX1
DUOX1	TAC4
DUOX1	AC007114.2
DUOX1	TGFB1
DUOX1	PSG2
AC051619.5	SLC28A2
GATM	PLEK
AC025580.3	PMEL
AC025580.2	LINC00266-1
AC073941.1	MX2
AC023905.1	AC211476.2
AC023905.1	AL596451.1
SLC24A5	AC091534.1
DUT	FAM95C
FBN1	CLSPN
FBN1	ARMC7
FBN1	L3MBTL4
CEP152	MYOM1
SHC4	PDLIM3
EID1	MRPL35
EID1	EIF4A2
EID1	DYNLT3
EID1	GSPT2
EID1	TAF9B
EID1	CSTF2T
EID1	PEBP1
ATP8B4	SLC27A2
GLDN	LINC02067
AC090971.2	SLIRP
AC023906.3	AC092040.1
AC023906.3	AL133453.1
AC023906.3	AC008440.2
CERNA1	AKAP17A
MYO5C	AL161734.1
MYO5C	STARD4-AS1
MYO5C	LINC01501
MYO5C	SLC46A2
MYO5C	CCDC122
MYO5C	AC004828.1
MYO5C	SPATA41
MYO5C	ZNF14
FAM214A	ZBTB40
FAM214A	STAG1
FAM214A	AC037459.2
FAM214A	ERMP1
UNC13C	SNCAIP
RSL24D1	ZNF672
RSL24D1	LSM6
RSL24D1	FABP7
RSL24D1	FUNDC2
RSL24D1	NTHL1
PIGB	ZNF214
CCPG1	ITGA1
CCPG1	AL117190.1
C15orf65	SDHAF3
C15orf65	CMTR2
DNAAF4	AL031775.1
MNS1	NAT16
MNS1	AC084782.1
MNS1	CDH7
AC090518.1	AL136115.2
AC090518.1	ADCY10
AC090518.1	AL034347.1
AC090518.1	AC120193.1
AC090518.1	LRRC69
AC090518.1	KLRD1
AC090518.1	LINC00539
AC090518.1	TNFSF13B
AC090518.1	SYNJ2BP-COX16
TCF12	PIP5K1B
LIPC	BCHE
ADAM10	PRRC2C
ADAM10	CFLAR
ADAM10	CNOT2
FAM81A	SUSD5
FAM81A	LRRCC1
FAM81A	MYO1E
GTF2A2	CCT3
GTF2A2	LINC01351
GTF2A2	LINC01238
GTF2A2	NOL7
GTF2A2	REXO2
GTF2A2	DNAAF2
RORA-AS1	LDHAL6A
RORA	CLHC1
RORA	TMEM132C
RORA	MTUS2
RORA	MSI2
RORA	C21orf62-AS1
AC012404.1	EHMT2-AS1
AC012404.1	SYNGAP1-AS1
AC012404.1	ST7-AS2
AC012404.1	AP003096.1
AC012404.1	AP000462.1
AC012404.1	PDZD9
AC012404.1	AC092338.2
AC012404.1	AC009097.1
AC012404.1	AC104984.3
AC012404.1	AC018521.2
AC009554.1	ACKR4
AC009554.1	P2RY12
AC009554.1	AC016493.1
AC087612.1	SPATA16
AC087612.1	AC122694.1
AC087612.1	TRIM56
APH1B	ZC3H6
APH1B	ETFDH
APH1B	IRAK4
APH1B	PHKB
USP3	SLC35F4
FBXL22	AC069185.1
FBXL22	SLC2A11
FBXL22	CBR1
AC073167.1	AL049569.1
AC073167.1	ERICH3-AS1
AC073167.1	FGF12-AS1
AC073167.1	AL035634.1
AC073167.1	AC006004.1
AC073167.1	AC022679.2
AC073167.1	AC022973.3
AC073167.1	AC132192.1
AC073167.1	NAV2-AS3
AC073167.1	CELF2-AS2
AC073167.1	NUDT13
AC073167.1	AC027288.3
AC073167.1	AC069437.1
AC073167.1	AL136298.1
AC073167.1	AC092140.1
AC073167.1	AC046158.1
AC073167.1	AC020917.2
PPIB	STX4
PIF1	LINC00574
AC069368.1	AL122019.1
AC069368.1	LINC01804
AC069368.1	ABHD1
AC069368.1	LINC01185
AC069368.1	LINC02027
AC069368.1	PROM1
AC069368.1	SCNN1A
AC069368.1	AC090001.1
AC069368.1	TBPL2
ANKDD1A	SLC14A2-AS1
MTFMT	SLC26A8
MTFMT	AC003102.1
PDCD7	ANKRD13D
SLC24A1	AL592295.3
SLC24A1	LINC01703
SLC24A1	STAG3
SLC24A1	GAS2L3
RAB11A	SYNC
RAB11A	AC016723.1
RAB11A	LMOD3
RAB11A	RUVBL1
RAB11A	AC106707.1
RAB11A	FRG1
RAB11A	PNOC
RAB11A	MCMDC2
RAB11A	C8orf59
RAB11A	AC087276.2
RAB11A	STARD10
RAB11A	AP002954.1
RAB11A	BLNK
RAB11A	AC020611.2
RAB11A	AC008569.1
RAB11A	ZNF587
RAB11A	CLDN14
SNAPC5	ACP1
SNAPC5	COA5
SNAPC5	COMMD9
RPL4	EEF1A1
RPL4	KARS
SMAD3	SEMA5B
IQCH	PAX8
IQCH	AC027237.3
C15orf61	STAR
C15orf61	PRC1
FEM1B	NCOA4
FEM1B	SMCR8
ANP32A	INSIG1
ANP32A	PLCD3
NOX5	EWSAT1
GLCE	STUM
GLCE	RIMKLB
PAQR5	AL139412.1
PAQR5	DENND5B-AS1
RPLP1	RPS15A
RPLP1	RPS16
RPLP1	RPL18
RPLP1	NUP50-DT
DRAIC	KTN1-AS1
LARP6	RARS2
AC022872.1	AC116616.1
AC022872.1	GK-AS1
AC022872.1	FP325318.1
AC022872.1	LINC01572
AC022872.1	ABHD15-AS1
AC022872.1	LIPI
PKM	MAP7D1
PKM	LRRC59
AC009690.3	FGF20
AC009690.3	PPP1R26-AS1
AC009690.2	C6orf10
AC009690.2	AC095350.1
AC009690.1	AC008946.1
TMEM202-AS1	PSPH
TMEM202-AS1	HIF1A-AS1
NPTN	RYBP
NPTN	IDS
NPTN	NKPD1
CD276	AL022323.1
C15orf59	PMEPA1
LOXL1	WISP1
STOML1	HS2ST1
ISLR2	TESK2
ISLR2	SPATA6
ISLR2	AL359551.1
ISLR2	C4orf19
ISLR2	COL14A1
ISLR2	C15orf59
CPLX3	GRIP2
CPLX3	GABRA5
CPLX3	RGMA
CPLX3	ZNF844
ULK3	PQLC2
ULK3	PDLIM7
ULK3	ZYX
ULK3	SPATA20
ULK3	TEPSIN
SCAMP5	SPRN
AC068338.3	AC073195.1
AC068338.3	AL135925.1
AC068338.3	AC007541.1
AC068338.3	AL359513.1
TMEM266	TSPAN9
TMEM266	KCTD4
TMEM266	ZNF274
TMEM266	Z82188.2
ETFA	GPLD1
ETFA	HPN
LINGO1	INO80D
LINGO1	BCOR
PSMA4	IFI6
PSMA4	EXOSC7
PSMA4	CBX3
PSMA4	ARMCX1
CHRNB4	BRDT
CHRNB4	AC068985.1
CHRNB4	NSUN7
CHRNB4	LINC02240
CHRNB4	FILNC1
CHRNB4	NOX1
CHRNB4	LINC00589
CHRNB4	IDO1
CHRNB4	MS4A4E
CHRNB4	MAJIN
CHRNB4	LRP5
CHRNB4	MYPN
CHRNB4	MYOF
CHRNB4	AC125611.4
CHRNB4	AC007513.1
CHRNB4	AC091691.2
CHRNB4	NLRP7
CHRNB4	TMEM150B
MORF4L1	MRPL44
MORF4L1	HNRNPH2
MORF4L1	RAB1B
MORF4L1	EIF5A
MORF4L1	SNAP25
AC011944.1	EFCAB14-AS1
AC011944.1	AC006042.2
ANKRD34C-AS1	DICER1-AS1
ZFAND6	MTUS1
AC016705.2	AC078881.1
TLNRD1	ZNF286B
IL16	RNF43
AC060809.1	LINC00598
EFL1	SCML2
EFL1	E4F1
RPS17	KRTCAP2
RPS17	RPP21
RPS17	LLGL1
RPS17	AC243967.2
AC105339.3	TEX45
AC022558.2	AL034405.1
AC022558.2	MIRLET7DHG
AC022558.2	LINC02334
AC022558.2	AC008870.4
TM6SF1	OLFML2A
TM6SF1	AC025164.1
ADAMTSL3	PRDM6
ADAMTSL3	PI15
ADAMTSL3	CUBN
ADAMTSL3	SLC14A2-AS1
WDR73	AC011290.1
KLHL25	CENPQ
KLHL25	AC021739.3
KLHL25	GPT2
AGBL1	AC079917.1
AGBL1	AC090458.1
AGBL1	LRR1
AGBL1	LINC01476
MRPL46	AC092329.3
MRPL46	ZNF302
MFGE8	CDKN2A
MFGE8	HAPLN3
MIR9-3HG	BTBD16
MIR9-3HG	AC068987.3
MIR9-3HG	AXIN1
MIR9-3HG	SLCO4A1
KIF7	IFNLR1
PEX11A	C4orf47
WDR93	SP2-AS1
AP3S2	KBTBD6
AC091167.6	ZFHX2
CRTC3-AS1	FAM53A
CRTC3-AS1	AC108471.2
CRTC3-AS1	C8orf86
CRTC3-AS1	AL110118.2
CRTC3-AS1	AC048382.5
FURIN	PLEKHO1
FURIN	FBXW5
FURIN	CBX6
HDDC3	FAM86B1
HDDC3	OXLD1
UNC45A	USF1
UNC45A	ZFAND2B
UNC45A	HIST1H2BN
UNC45A	POMT1
PRC1	FAM131B
LINC00930	MBTPS2
AC110023.1	AC091078.1
LINC01580	AC110023.1
LINC01580	LINC02207
LINC01580	AC103996.2
MCTP2	CDC14A
MCTP2	SMYD1
MCTP2	ANXA3
MCTP2	SWAP70
MCTP2	RASGRP1
LINC00924	AL356270.1
AC012409.2	NR2F2-AS1
NR2F2-AS1	NR2F2
LINC02253	AC093305.1
LINC02253	LINC01901
LINC02254	CNTN6
LINC02254	LINC01435
LINC02254	AC020704.1
LINC02254	AC026523.1
AC026523.1	LINC00923
IGF1R	AC016831.7
AC036108.1	AL359922.1
SYNM	KCNA4
SYNM	DACT1
SYNM	AKAP5
LRRC28	GEN1
LRRC28	DTWD2
LRRC28	MPPED2
LRRC28	CSKMT
LRRC28	AC022196.1
LRRC28	TMEM62
AC015660.4	AC063944.3
AC015660.4	LINC00930
AC015660.4	AC090241.3
AC027020.2	CERS3
LRRK1	AC007743.1
LRRK1	RP2
SELENOS	AC009309.1
SNRPA1	RYBP
SNRPA1	IMPG2
SNRPA1	TFR2
SNRPA1	SCML1
SNRPA1	ORC6
PCSK6	FGFR2
POLR3K	CISD1
SNRNP25	MSRB1
MPG	ALKBH4
MPG	MRPS11
HBA2	HBA1
LUC7L	ASB17
LUC7L	AC022762.2
LUC7L	PCGF6
LUC7L	SDR9C7
LUC7L	ZC2HC1C
LUC7L	NT5M
LUC7L	LINC02210-CRHR1
LUC7L	AKAP8L
FAM234A	NMNAT1
FAM234A	AP003108.2
FAM234A	ZNF487
FAM234A	VSIG10
FAM234A	TMEM120B
FAM234A	PGPEP1
FAM234A	QPCTL
RGS11	SLC25A34
RGS11	MELTF-AS1
RGS11	ACBD4
RGS11	OSBPL7
ARHGDIG	TRNP1
ARHGDIG	CNIH2
ARHGDIG	CALY
ARHGDIG	TEX9
PDIA2	MYL7
PDIA2	TUBGCP6
MRPL28	GPX3
MRPL28	GAMT
MRPL28	YJEFN3
NME4	TMEM150A
NME4	TSNAXIP1
RAB11FIP3	PCSK7
RAB11FIP3	MYO9B
CAPN15	MMP23B
PIGQ	FSTL3
METTL26	CDK5
METTL26	BOP1
METTL26	MLF2
METTL26	HCFC1R1
METTL26	COPE
MCRIP2	FMNL1
MCRIP2	TRABD
RHOT2	SLC52A2
RHOT2	TMEM259
RHBDL1	AP002075.1
STUB1	ENHO
STUB1	HRAS
STUB1	CD81
STUB1	MRPS34
STUB1	DEXI
STUB1	PARD6A
JMJD8	CLRN1-AS1
FAM173A	GLA
FAM173A	MFSD3
FAM173A	TMEM208
FAM173A	RARA-AS1
FAM173A	OXLD1
HAGHL	METRN
RPUSD1	ASB6
CHTF18	IDUA
CHTF18	FANCG
CHTF18	ZNF296
SOX8	TRPC7
SOX8	SAPCD1-AS1
SOX8	CA7
CACNA1H	MEIS3
C16orf91	JHY
C16orf91	AL138762.1
CLCN7	BRSK2
IFT140	SNED1
IFT140	MLXIPL
IFT140	ASMTL
IFT140	CEL
IFT140	MACROD1
IFT140	ZFHX2
IFT140	CAPN15
IFT140	AC015802.4
AL133297.2	AL139424.3
AL133297.2	CDCA8
AL133297.2	Z99758.1
AL133297.2	NCOA7-AS1
AL133297.2	DIO2-AS1
AL133297.2	AC027130.1
AL133297.2	EPX
CRAMP1	IL18BP
NME3	TOR2A
NME3	LINC01971
NME3	STX10
MRPS34	GABRD
MRPS34	ARL6IP4
MRPS34	TSR3
MRPS34	TTC9B
MRPS34	SELENOM
MRPS34	RPS19BP1
EME2	MFSD10
EME2	FLNA
NUBP2	FAAP20
NUBP2	FAM241B
NUBP2	CENPX
FAHD1	HILPDA
FAHD1	AL450326.1
NDUFB10	LAMTOR5
NDUFB10	KY
NDUFB10	USP49
NDUFB10	C12orf57
NDUFB10	TPT1
NDUFB10	AL138963.1
NDUFB10	AC004148.2
NDUFB10	PSMC5
NDUFB10	ANAPC11
NDUFB10	LSM7
NDUFB10	DHPS
NDUFB10	TMEM147
NDUFB10	RPS5
RPS2	MAMDC2-AS1
SNHG9	SNHG25
SNHG9	SYNGR2
AC005363.2	LINC01011
AC005363.2	KMT2E-AS1
TBL3	MHENCR
GFER	TBRG4
SYNGR3	ARL8A
SYNGR3	CLPTM1L
SYNGR3	DHCR7
ZNF598	MGAT4B
ZNF598	FBXW5
ZNF598	JMJD8
SLC9A3R2	ZNF672
SLC9A3R2	AC127526.1
SLC9A3R2	NR2F2
SLC9A3R2	MAP2K2
SLC9A3R2	SAMD1
PKD1	COL11A2
PKD1	SGSM2
PKD1	SELENOO
CASKIN1	CSNK1G2
MLST8	MED22
BRICD5	LENG8
PGP	PLAC8
PGP	ING2
PGP	UBAC1
PGP	PDCD7
DNASE1L2	AC097359.3
DNASE1L2	AC007619.1
DNASE1L2	CCDC154
DNASE1L2	TCAP
DNASE1L2	SRSF6
DNASE1L2	AMH
DNASE1L2	AC007292.1
TEDC2	CCDC189
TBC1D24	SPACA6
AMDHD2	MYL5
AMDHD2	AP5Z1
AMDHD2	SAMD10
AC093525.6	AC093525.4
ELOB	NUDC
ELOB	SMIM37
ELOB	C4orf48
ELOB	PTTG1
ELOB	TGFBR3L
ELOB	RPL18
ELOB	CHMP2A
FLYWCH2	NSMCE1
CLDN9	PKMYT1
CLDN9	AC004233.4
CLDN9	AC139530.3
HCFC1R1	SMIM29
HCFC1R1	ZNF674
HCFC1R1	POMK
HCFC1R1	JOSD2
THOC6	ULK3
BICDL2	GSTK1
BICDL2	CALHM1
TIGD7	TBCCD1
TIGD7	SLC2A11
SLX4	NFKBIZ
SLX4	LRRTM2
ADCY9	CATIP
NMRAL1	C21orf2
CDIP1	RNF11
CDIP1	MTPN
CDIP1	SYN1
CDIP1	PPP2R1A
CDIP1	SUMO3
UBALD1	FBXO44
UBALD1	SLC25A22
UBALD1	ACTR1A
UBALD1	RBM42
UBALD1	TBC1D17
NUDT16L1	OSTC
NUDT16L1	AC136777.1
NUDT16L1	TSPAN31
NUDT16L1	MCRIP2
NUDT16L1	LINGO3
ROGDI	ABTB1
ROGDI	CD320
SEC14L5	CPPED1
NAGPA-AS1	IGSF22
NAGPA-AS1	KIF7
NAGPA-AS1	EFCAB6-AS1
AC026458.2	AC092903.2
AC026458.2	LINC02021
C16orf72	SDE2
AC087190.1	AC097716.1
AC007221.1	LINC02177
AC007221.2	AC007221.1
AC133565.1	AC046143.1
AC133565.1	AC073508.2
AC133565.1	DLGAP1-AS3
EMP2	HSPG2
NUBP1	AL513365.2
TVP23A	BMP8A
TVP23A	COL26A1
TVP23A	SHANK2
TVP23A	AL137026.1
TVP23A	PTPN9
TVP23A	SEC14L5
TVP23A	AC026254.2
DEXI	UTP3
DEXI	PPP1CC
DEXI	BMP4
DEXI	BTBD6
DEXI	DBP
CLEC16A	FUBP3
AC007014.1	AL512306.3
AC007014.1	PM20D1
AC007014.1	PFN4
AC007014.1	ALOX12
AC007014.1	AC055811.1
AC007014.1	AP005131.1
AC007014.1	AL121900.1
AC007014.1	AC008761.1
AC007014.1	AL031846.2
AC007220.1	AC068234.2
SNN	AP003355.2
SNN	MRPL49
RSL1D1	ALAS1
RSL1D1	GRPEL2
RSL1D1	POLE3
RSL1D1	AC145207.5
CPPED1	UBTD2
CPPED1	VSTM5
CPPED1	CHRNA7
CPPED1	LINC01563
CPPED1	PARVB
SHISA9	U91319.1
MKL2	C3orf67-AS1
MKL2	PAN3
MKL2	LINC00571
MKL2	CYB5A
AC130650.1	LINC00626
AC130650.1	TIMP3
MIR193BHG	IKBKE
AC040173.1	AL589843.1
PLA2G10	POU5F1
NPIPA2	NPIPA1
NPIPA2	NPIPA5
PDXDC1	HYAL1
NPIPA5	NPIPA8
MYH11	ZFHX4-AS1
ABCC1	ACOT11
ABCC1	CYTH3
ABCC1	ARL4A
ABCC1	SNHG10
ABCC1	AC007785.3
AC010601.1	AC097382.2
AC010601.1	AC010197.1
AC126755.2	NPIPB4
RPS15A	RPL34
RPS15A	AC087894.2
RPS15A	AC021092.1
AC138811.1	AC139795.2
TMC7	GLIPR2
TMC7	SGF29
COQ7	AL954650.1
SYT17	OSR1
SYT17	MAPK15
GDE1	FZD9
GDE1	AP3M2
GDE1	ALDH1B1
GDE1	PIGT
AC002550.1	KNOP1
IQCK	SUCLG2
IQCK	TIFA
IQCK	GVQW2
IQCK	SNX8
IQCK	AL732314.6
IQCK	NFIL3
IQCK	TMEM106C
IQCK	ENTPD5
IQCK	VASH1
IQCK	CCPG1
IQCK	SULT1A1
IQCK	TANGO6
IQCK	B9D1
IQCK	TSPOAP1-AS1
IQCK	B3GNTL1
IQCK	ENOSF1
AC027130.1	ASB14
AC027130.1	AC079943.2
AC027130.1	LINC01840
AC027130.1	AC089999.1
AC027130.1	PAQR5
AC027130.1	ITGAL
AC027130.1	CRNDE
AC027130.1	CRLF3
AC027130.1	ACSBG2
AC027130.1	THSD8
AC027130.1	AD000090.1
AC027130.1	NLRP8
AC027130.1	AP000282.1
GPRC5B	ITPKB
GPRC5B	ALDH1L1
GPRC5B	DDR1
GPRC5B	TSC22D4
ACSM3	CTHRC1
ERI2	AC079760.2
NPIPB4	NPIPB3
NPIPB4	NPIPB12
PDZD9	ANKEF1
VWA3A	GLB1L2
AC130466.1	FBLN5
HS3ST2	TNS1
HS3ST2	NTNG2
HS3ST2	FAM196A
HS3ST2	BCL11B
HS3ST2	RASGRP1
HS3ST2	SDK2
HS3ST2	CHST8
HS3ST2	C5AR2
CACNG3	IL17D
CACNG3	WDR76
LINC01567	DCDC2B
LINC01567	AC068481.1
LINC01567	AC091045.1
LINC01567	AC091100.1
AC008731.1	AL096855.1
AC008731.1	AC019130.1
AC008731.1	AL158068.2
AC008731.1	SCRG1
AC008731.1	AC091885.2
AC008731.1	ZNF451-AS1
AC008731.1	AL024508.1
AC008731.1	GPR82
AC008731.1	AL136084.2
AC008731.1	AC131934.1
AC008731.1	AC011092.2
AC008731.1	AP001267.3
AC008731.1	ITIH2
AC008731.1	AC068888.1
AC008731.1	AL356805.1
AC008731.1	AC013640.1
SLC5A11	TF
ARHGAP17	UIMC1
ARHGAP17	RCOR1
HS3ST4	GRIK3
HS3ST4	LINC01361
HS3ST4	GYPC
HS3ST4	TGFBI
HS3ST4	MDFIC
HS3ST4	FRMD3
HS3ST4	DIXDC1
AC106739.1	ASB3
AC106739.1	TRAF1
AC106739.1	AC005670.1
KIAA0556	CAPN14
KIAA0556	AC127024.2
GSG1L	TGFB2
AC138904.3	HRH1
AC138904.3	AC005355.1
AC138904.3	SGK1
AC138904.3	AP006623.1
AC138904.3	AP000721.2
AC138904.3	GLIS2
AC138904.3	SBK1
AC138904.3	PITPNC1
SBK1	KCNIP3
SBK1	SH2B2
SBK1	BEGAIN
NUPR1	SULT1A2
TUFM	FBXO6
TUFM	KBTBD4
TUFM	B3GAT3
TUFM	POLR2C
NPIPB11	NPIPB13
KIF22	NGDN
MAZ	PODXL2
MAZ	SF3A2
MAZ	SEMA6B
AC009133.1	PSG11
MVP	SLC9B1
MVP	HAVCR2
MVP	MYBL1
CDIPT	AC024060.1
CDIPT	ABCF3
CDIPT	JMJD8
TMEM219	ESD
TAOK2	TMEM201
TAOK2	AC010969.2
TAOK2	FASTKD2
TAOK2	LRFN4
TAOK2	AGAP2
TAOK2	CSK
TAOK2	CLUH
DOC2A	PLD3
DOC2A	NUMBL
FAM57B	XKR8
FAM57B	NPHP3-AS1
FAM57B	IMPDH1
FAM57B	SYP
FAM57B	REEP4
FAM57B	GOLGA7B
FAM57B	MCRIP2
PPP4C	ULBP2
PPP4C	AC092720.1
YPEL3	VPS37D
YPEL3	PNPLA2
YPEL3	AL139383.1
YPEL3	AC091133.1
YPEL3	GID8
YPEL3	NAT14
GDPD3	HGFAC
GDPD3	HAS3
GDPD3	AC055811.2
GDPD3	AL354836.1
GDPD3	COL20A1
MAPK3	DMTN
CORO1A	RNF144A
CORO1A	AC084782.2
SULT1A3	NOP2
SULT1A3	NPIPA2
CD2BP2	FSCN1
CD2BP2	PDP1
CD2BP2	UBXN6
MYLPF	USP21
MYLPF	HCRT
MYLPF	ZNF776
SEPHS2	ARL4C
SEPHS2	FKBPL
SEPHS2	RPL7L1
SEPHS2	MCM4
SEPHS2	SET
SEPHS2	TMEM203
SEPHS2	MSRB2
SEPHS2	ASB8
SEPHS2	SALL2
SEPHS2	CENPBD1
SEPHS2	GEMIN4
SEPHS2	FAM32A
ITGAL	AUNIP
ITGAL	AL353708.2
ITGAL	AC099344.1
ITGAL	AC012594.1
ITGAL	VIL1
ITGAL	FANCD2OS
ITGAL	DRD3
ITGAL	ACPP
ITGAL	CLNK
ITGAL	LINC02503
ITGAL	LINC02262
ITGAL	LINC01256
ITGAL	LINC02492
ITGAL	FYB1
ITGAL	GABRR1
ITGAL	AL158850.1
ITGAL	AL050338.1
ITGAL	ELDR
ITGAL	AC073320.1
ITGAL	GPR34
ITGAL	DGKK
ITGAL	KIF4A
ITGAL	ADAM18
ITGAL	AC105031.2
ITGAL	FAM83A
ITGAL	FBP1
ITGAL	AL354861.2
ITGAL	CCDC73
ITGAL	MS4A13
ITGAL	AP003110.1
ITGAL	SMIM35
ITGAL	AL136982.2
ITGAL	ENTPD1
ITGAL	LTBR
ITGAL	ESPL1
ITGAL	ERBB3
ITGAL	AC074031.1
ITGAL	LINC02456
ITGAL	SDS
ITGAL	LINC01198
ITGAL	PHF11
ITGAL	AL132780.3
ITGAL	IL27
ITGAL	AC007493.1
ITGAL	CA5A
ITGAL	MYH13
ITGAL	DNAI2
ITGAL	EMILIN2
ITGAL	AP005203.1
ITGAL	ATP8B3
ITGAL	ADORA2A-AS1
ZNF785	AC079447.1
AC093249.2	AL136295.3
AC093249.2	AC130324.2
PRR14	DND1
PHKG2	PIP5KL1
PHKG2	EMC9
CCDC189	SLC2A6
BCL7C	RELL1
BCL7C	LINC01257
FBXL19-AS1	LINC01134
FBXL19	TBKBP1
FBXL19	RIMS4
STX1B	FNDC5
STX1B	RIMS3
STX1B	CASP8
STX1B	CPLX1
AC135050.3	MCM4
BCKDK	UBXN11
BCKDK	TMIE
BCKDK	APEH
BCKDK	B4GALT7
BCKDK	ACP2
BCKDK	TM7SF2
BCKDK	SLC7A4
TRIM72	CATSPERB
AC026471.1	SHC1
AC026471.1	MEMO1
AC026471.1	AC079807.1
AC026471.1	DCTN1
AC026471.1	PRKAR2A-AS1
AC026471.1	AC080013.6
AC026471.1	AC078802.1
AC026471.1	USP46-AS1
AC026471.1	N4BP3
AC026471.1	ZNF454
AC026471.1	ZBTB24
AC026471.1	ABCB8
AC026471.1	AL118558.3
AC145350.2	TP53TG3D
AC141257.2	AC145350.2
VPS35	EBLN3P
VPS35	CHMP4B
ORC6	NIPSNAP3B
ORC6	NCOA5
GPT2	AC091180.2
DNAJA2	HNRNPA3
DNAJA2	CNBP
DNAJA2	SRI
DNAJA2	RAP2C
DNAJA2	YWHAE
AC007533.1	MACROD2-AS1
PHKB	TM7SF3
LINC02192	ARHGEF16
LINC02192	MUCL1
ABCC12	U95743.1
CBLN1	MYCN
ADCY7	AL590079.1
AC007493.1	SPDYE16
AC007493.1	AC025265.2
AC007493.1	OR3A3
AC007493.1	LINC00908
AC087564.1	PARP9
AC087564.1	HAPLN1
AC087564.1	ATP10B
AC087564.1	AL078590.2
AC087564.1	AGMO
AC087564.1	AC074327.1
AC087564.1	YES1
AC087564.1	PPARA
CRNDE	CASC8
AC007495.2	KCNV2
GNAO1	REXO5
GNAO1	ZBTB7A
AC092140.1	AL137779.1
AC092140.1	PGLYRP1
NUDT21	GUCY1B1
NUDT21	C16orf72
AC092140.2	AC018648.1
MT3	RBP1
MT3	POLR2J
MT2A	CD74
MT2A	AL355304.1
MT2A	TRIM66
MT2A	GPR83
MT2A	SVOP
MT1E	GPNMB
MT1E	MT2A
MT1E	MT1F
MT1M	IFITM3
MT1M	MT1E
MT1M	MT1G
AC106779.1	TEX46
AC106779.1	HHLA3
AC106779.1	WDR35
AC106779.1	CD8A
SLC12A3	LAMP3
SLC12A3	LAMB4
HERPUD1	XBP1
ARL2BP	HYAL3
PLLP	RNASE1
PLLP	LGALS3BP
PLLP	SOX10
CX3CL1	SHROOM2
CX3CL1	CALHM2
CX3CL1	TNFAIP2
DOK4	RAP1GAP
KIFC3	CD101
KIFC3	DUSP9
KIFC3	WNT10B
AC092118.2	NCAPH
CNGB1	PALMD
CNGB1	LRRC2
CNGB1	AC008574.1
CNGB1	HHIPL1
CNGB1	LINC01476
CCDC113	AC009495.1
CCDC113	AC112722.1
CCDC113	AC003991.1
CCDC113	LINC00535
CCDC113	COLCA1
CCDC113	AC079630.1
CCDC113	SLA2
AC009118.3	SETD6
SLC38A7	AL512625.3
LINC02141	AC004704.1
CDH11	LRP8
CDH11	CAPN13
CDH11	SMURF1
CDH11	XKR4
CDH11	SLC1A2
CDH11	MKS1
AC009055.1	SYCP1
AC009055.1	TIGIT
AC009055.1	HPGDS
AC009055.1	CSF2RA
AC009055.1	AC008554.1
BEAN1	AC007128.1
AC010542.3	AC007405.1
AC010542.3	ADHFE1
AC010542.3	FUBP3
AC010542.3	PSG8-AS1
AC010542.3	GATD3B
TK2	CCDC181
TK2	WDR91
TK2	NPDC1
TK2	APH1B
TK2	C15orf40
TK2	NFS1
TK2	ZNF682
TERB1	ODAPH
TERB1	AQP8
TERB1	AC026464.3
TERB1	N6AMT1
CA7	COQ8A
CA7	PRSS3
PDP2	AC006480.2
PDP2	SEC14L4
FAM96B	SELENOK
FAM96B	POLR2J
FAM96B	NOP10
CES4A	LINC01132
CES4A	AC068547.1
CES4A	TCTA
CES4A	AC019077.1
CES4A	SPATA24
CES4A	AL391807.1
CES4A	CCZ1B
CES4A	LINC00997
CES4A	AL078639.1
CES4A	ZBTB34
CES4A	TMEM138
CES4A	SIRT1
CES4A	AL138820.1
CES4A	SOCS4
CES4A	IDH2
CES4A	MMP25-AS1
CES4A	AC135050.2
CES4A	MIF4GD
CES4A	ENDOV
HSF4	LEFTY1
HSF4	FOXRED1
HSF4	KAT2A
HSF4	NAT9
KIAA0895L	VWA5B2
KIAA0895L	NDUFA4L2
E2F4	GPR27
LRRC29	FBXO36
LRRC29	U73166.1
LRRC29	AC090114.2
LRRC29	FIGNL2
LRRC29	FAM234A
LRRC29	PEMT
LRRC29	DCAKD
LRRC29	CCDC40
LRRC29	SOGA1
LRRC29	TTLL1
TMEM208	AL669831.5
TMEM208	PPCS
TMEM208	GPATCH4
TMEM208	KIF4B
TMEM208	TIMM8A
TMEM208	CTSL
TMEM208	SF1
TMEM208	EIF2B2
TMEM208	BAX
TMEM208	PMM1
TPPP3	S100A10
TPPP3	DDAH2
TPPP3	KISS1R
ZDHHC1	AC012184.2
HSD11B2	PHKA1
HSD11B2	PLAGL2
AC009061.2	SLC2A1-AS1
AC009061.2	TRIM16
AC009061.2	GGT2
CARMIL2	DPP7
ACD	AUP1
ACD	NELFE
ACD	MTG1
ACD	TARBP2
ACD	SNHG9
ACD	THOC6
ACD	YIF1B
PARD6A	SEPHS2
ENKD1	PCBP4
ENKD1	VASH1-AS1
ENKD1	AC002553.2
RANBP10	NUP210
RANBP10	RAD54L2
RANBP10	LRRC29
RANBP10	TMEM104
RANBP10	CCDC57
RANBP10	VPS16
RANBP10	SHLD1
TSNAXIP1	STKLD1
CENPT	REC8
CENPT	DDX39A
CENPT	TMEM145
THAP11	YRDC
THAP11	MAD2L1
THAP11	ARMCX6
THAP11	PCIF1
EDC4	AC092794.1
DUS2	AL845331.2
DUS2	DLEC1
DUS2	CCDC170
DUS2	AK8
DUS2	LINC00843
DUS2	AC021054.1
DUS2	GOLGA8M
DUS2	LINC00922
DUS2	NUP85
DUS2	WBP2NL
DDX28	AC067852.2
DDX28	THAP7
NFATC3	PPIAL4G
NFATC3	MAP10
NFATC3	AL162411.1
NFATC3	PPP1R26-AS1
NFATC3	AC091167.6
SMPD3	C11orf71
AC126773.1	ATAD5
CDH3	COL25A1
CDH3	LINC01949
CDH3	C2
CDH3	GGT1
CDH3	PRR5-ARHGAP8
CDH3	AP000695.1
CDH1	ITK
CDH1	ITIH5
TANGO6	C1orf52
TANGO6	DHTKD1
TANGO6	PCGF6
TANGO6	ZSCAN5A
UTP4	AC239800.3
NIP7	KIF15
AC009060.1	SYNC
AARS	ANXA6
AC012184.2	AC012074.1
AC012184.2	AC100821.2
AC012184.2	AL049780.1
AC012184.2	RBL1
ST3GAL2	CFP
ST3GAL2	LINC01909
ST3GAL2	CACNG2
IL34	STAT4
IL34	AP003108.1
IL34	MYH9
MTSS1L	ZNF219
VAC14	RAPGEF1
ZNF19	ABCG5
ZNF19	DNAH9
PKD1L3	CCDC36
PKD1L3	LINC00649
AC004158.1	PMFBP1
AC004158.1	LINC01572
AC004943.2	SRBD1
ZFHX3	LINC01654
ZFHX3	SEPT10
ZFHX3	LRAT
ZFHX3	LAMC3
ZFHX3	AC008011.2
ZFHX3	CLTCL1
PSMD7	AL645465.1
PSMD7	CHGB
NPIPB15	CLEC18A
FA2H	RNF220
FA2H	DOCK5
FA2H	KIAA1755
FA2H	ZNF536
ZNRF1	USP1
ZNRF1	NOCT
ZNRF1	AC097534.2
BCAR1	MAP2K3
BCAR1	AL035252.3
BCAR1	ZC3H4
BCAR1	MGAT3
AC009163.1	CASKIN1
GABARAPL2	PDHB
GABARAPL2	NDUFB5
GABARAPL2	MAGEF1
GABARAPL2	NCBP2
GABARAPL2	PYURF
GABARAPL2	TRAM1L1
GABARAPL2	SLC25A4
GABARAPL2	CCDC127
GABARAPL2	CDKN2AIPNL
GABARAPL2	TAF7
GABARAPL2	CHCHD2
GABARAPL2	RAB33A
GABARAPL2	VDAC2
GABARAPL2	CUEDC2
GABARAPL2	MYO1D
GABARAPL2	ZNHIT3
GABARAPL2	RAB5IF
GABARAPL2	UQCRFS1
GABARAPL2	LENG1
CPHXL	PPIL3
CPHXL	CLMAT3
CPHXL	RP1L1
CPHXL	BX547991.1
CPHXL	AC025287.4
CPHXL	AC105430.1
CPHXL	APCDD1L
CPHXL	APOBEC3H
AC105430.1	AL512506.3
CNTNAP4	AC104151.1
AC009139.2	CKAP2L
AC009139.2	UCKL1-AS1
NUDT7	RSPH14
VAT1L	MIR3681HG
VAT1L	MARCH3
VAT1L	FGFR1
WWOX	TEP1
WWOX	SNRPN
MAF	AC092376.2
ATMIN	HPCAL4
ATMIN	AC108488.2
ATMIN	STAT1
ATMIN	IRF2BP1
CMIP	SKI
CMIP	OSGEPL1
CMIP	ABR
PLCG2	HIST1H1E
PLCG2	GLUD2
PLCG2	SPECC1L
HSBP1	NUDT15
HSBP1	RSL24D1
HSBP1	MCRIP1
HSBP1	SNU13
AC009119.2	ATAD3B
AC009119.2	LRRC29
NECAB2	RGS8
NECAB2	ETNK2
NECAB2	PRKCD
NECAB2	ASS1
DNAAF1	HEBP2
DNAAF1	MMRN2
ATP2C2	SAMD3
ATP2C2	AC046195.1
TLDC1	ARRDC3-AS1
TLDC1	ZNF24
TLDC1	RPRD1B
GSE1	KLHL29
GSE1	LINC00511
GSE1	SEPT9
COX4I1	PARK7
COX4I1	NAXE
COX4I1	PTRHD1
COX4I1	NDUFB11
COX4I1	NDUFA8
COX4I1	PRDX5
COX4I1	MYDGF
AC010531.1	C16orf95
FBXO31	IFFO2
FBXO31	RAB5IF
MAP1LC3B	SELENOT
MAP1LC3B	ARMT1
MAP1LC3B	EIF4G2
MAP1LC3B	PPP1CC
MAP1LC3B	RNF6
MAP1LC3B	ITM2B
MAP1LC3B	CFL2
ZCCHC14	SCRG1
ZCCHC14	THG1L
ZCCHC14	AL024507.2
ZCCHC14	UBXN8
ZCCHC14	AL158835.1
ZCCHC14	LINC00642
SLC7A5	AC021188.1
CA5A	FBLIM1
CA5A	LINC01344
CA5A	LINC02484
CA5A	C6orf132
CA5A	KLRG2
CA5A	AC007529.2
CA5A	CPM
CA5A	IFI35
BANP	RGPD5
BANP	PARP2
BANP	OSGIN1
AC134312.1	EFCC1
AC134312.1	AC138512.1
ZFPM1	PPP1R35
ZFPM1	EEF1A2
ZFPM1	CTU1
AC116552.1	AC245884.8
APRT	PREB
APRT	ST3GAL6
APRT	LRRC73
APRT	IKBKG
APRT	GPAA1
APRT	RPP25L
APRT	SURF2
APRT	SSSCA1
APRT	YIF1A
APRT	NEBL-AS1
APRT	AC116913.1
APRT	BCKDK
APRT	LDHD
APRT	MAP1LC3A
CBFA2T3	NRXN2
CBFA2T3	SLC19A1
AC092384.1	HPX
AC092384.1	ASAH2B
AC092384.1	CBFA2T3
AC092384.1	CDH22
AC092384.1	CHKB
ACSF3	AC011337.1
ACSF3	AL133367.1
LINC00304	WNT2B
ANKRD11	PLXNA2
ANKRD11	PFKP
ANKRD11	INPP5A
ANKRD11	PCNT
RPL13	LINC01352
RPL13	RACK1
RPL13	ZNF90
RPL13	NOP53
RPL13	RPS5
DPEP1	MLIP-AS1
DPEP1	AKAP14
DPEP1	CDH1
CHMP1A	RNF41
CHMP1A	ENTPD6
CHMP1A	RRP1
SPATA33	AC069185.1
SPATA33	FAHD1
SPATA2L	AL590483.1
SPATA2L	SLC25A25
TUBB3	AMACR
TUBB3	AL136164.2
CENPBD1	CISD2
FAM157C	AC138035.1
AC133919.1	AC136944.1
AC133919.1	TNNT1
AC133919.2	AC069287.3
GLOD4	MIR29B2CHG
TIMM22	PDK2
AC144836.1	WDR66
PITPNA-AS1	UQCC2
PITPNA-AS1	COA4
PITPNA-AS1	AP002360.1
MIR22HG	KIF11
RTN4RL1	OPRD1
RTN4RL1	NIM1K
RTN4RL1	AKAP12
RTN4RL1	ST3GAL4
RTN4RL1	NET1
RTN4RL1	B4GALNT3
RTN4RL1	MIR193BHG
RTN4RL1	ST3GAL2
RTN4RL1	AC020558.1
RTN4RL1	IMPACT
CLUH	SRF
CLUH	FASTK
CLUH	MEN1
CLUH	ZNF768
CLUH	PER1
CLUH	ARFGAP1
AC005696.4	SCRT1
AC005696.4	AC004466.1
AC090282.1	AC011447.3
OR3A2	SPATA22
OR3A3	AP005329.2
ASPA	COL9A2
ASPA	AL359091.1
ASPA	AIF1L
TAX1BP3	ZNF571
EMC6	DUSP28
EMC6	NCBP2-AS2
EMC6	ENPP5
EMC6	ENY2
EMC6	MRPL57
EMC6	C19orf73
ARRB2	PPP4C
PSMB6	S100A6
PSMB6	NUDT1
PSMB6	RAB33A
AC233723.1	HSD17B14
SLC25A11	NCSTN
SLC25A11	APEX2
SLC25A11	MPI
SLC25A11	ZNF524
RNF167	CNPPD1
RNF167	LINC00630
RNF167	SMPD1
RNF167	FBXL15
RNF167	MRPL4
RNF167	ILVBL
PFN1	C2CD4D
PFN1	ZCCHC12
PFN1	SRSF8
PFN1	SERTAD3
PFN1	GRWD1
CAMTA2	TESK1
CAMTA2	PRKACA
SLC52A1	PYGL
AC087500.1	ZBTB8OS
AC087500.1	LINC01396
AC087500.1	PRR25
RPAIN	BOLA3
RPAIN	PCDHB5
C1QBP	UTP11
DHX33	MMACHC
DHX33	ZNF2
DHX33	POP1
DHX33	NLRX1
NLRP1	PLK2
NLRP1	SARAF
AC007846.2	AL136018.1
WSCD1	HCN4
WSCD1	SLC4A11
PITPNM3	LINC02471
ALOX12-AS1	USH2A
PHF23	IER5
GABARAP	KRTCAP2
GABARAP	RAB24
NLGN2	SLC12A5
EIF4A1	SLC35A2
EIF4A1	PAK6
SOX15	ENO1-AS1
SOX15	RNF113A
SOX15	U47924.2
SOX15	SNRPA
SAT2	SIDT1-AS1
SAT2	IFFO1
SAT2	RHEBL1
SAT2	C19orf66
SAT2	AC008736.1
EFNB3	CDHR1
DNAH2	LINC01708
DNAH2	AC015712.4
DNAH2	SKAP1
NAA38	AC016205.1
ALOX15B	IKZF3
ALOX12B	EFNB2
RANGRF	DPAGT1
RANGRF	AC092111.1
PIK3R6	ANO1
PIK3R6	ODF3L2
NTN1	TMCO4
NTN1	SELE
NTN1	LINC01344
NTN1	AC068631.1
NTN1	LINC02275
NTN1	HAVCR1
NTN1	FBP2
NTN1	CD4
NTN1	AC024257.1
NTN1	AC007686.2
NTN1	SPNS3
AC005695.2	FAM151A
AC005695.2	FN1
AC005695.2	AL359317.2
CFAP52	TNNT2
CFAP52	IQCA1
CFAP52	NRSN1
CFAP52	AC003684.1
CFAP52	LINC00536
CFAP52	FAM169B
USP43	PDPN
USP43	VWA3A
USP43	MYLK3
USP43	AP001021.1
AC027045.2	COA6
GSG1L2	LINC01676
GSG1L2	AC244035.1
GSG1L2	ANXA13
GSG1L2	PAX5
GSG1L2	JPH2
GSG1L2	LINC01749
GSG1L2	TMEM211
AC005291.2	LINC01707
AC005291.2	FAM217A
AC005291.2	C18orf63
TMEM220-AS1	AC015908.2
SHISA6	GMPR
AC005410.2	RIPK1
AC005410.2	AC073111.3
AC005410.2	SMPX
AC005410.2	AC011773.4
MYOCD	CMTM8
MYOCD	LINC00702
MYOCD	LINC00670
AC005304.3	AC005304.1
COX10	AC093157.1
COX10	ZBTB37
COX10	ATG4A
COX10	RBPMS2
TEKT3	AC005703.4
ADORA2B	AC005775.1
PIGL	PRDX6
PIGL	AC074286.1
PIGL	AC091826.2
PIGL	RNF217-AS1
PIGL	SAMD12-AS1
PIGL	AC022400.6
PIGL	TUBGCP5
PIGL	MTFMT
PIGL	IQCK
PIGL	MROH8
PIGL	PIGT
PIGL	SLC9A8
PIGL	PIGP
UBB	ATP6V0B
UBB	CCT5
UBB	WDR11-AS1
UBB	HSP90AA1
UBB	ISOC2
AC104024.2	AP000911.1
MPRIP-AS1	AC012615.1
PLD6	NUDT16L1
COPS3	NIFK
COPS3	BSN-DT
RASD1	ARID5A
RAI1	STK40
RAI1	ERGIC1
RAI1	SEMA4D
RAI1	SMC2
RAI1	PFKFB3
RAI1	NCOR2
RAI1	SBNO2
RAI1	SAMD4B
RAI1	GRAMD4
SMCR5	A3GALT2
SMCR5	AC007389.3
SMCR5	TESC-AS1
DRC3	IQCD
SHMT1	AP002991.1
TRIM16L	TRIM16
B9D1	CFAP61
RNF112	CC2D1B
AC004448.2	AC010173.1
LINC02094	LINC02054
SPECC1	GAB1
SPECC1	AC139491.7
SPECC1	TRERF1
SPECC1	ADAM32
SPECC1	HSPA12A
SPECC1	PRB2
SPECC1	SIPA1L1
SPECC1	FRMD5
SPECC1	AC009093.2
SPECC1	CDPF1
AC004702.1	JDP2
TMEM11	TMED9
TMEM11	LSM2
TMEM11	LHFPL5
TMEM11	MTRF1L
TMEM11	ANKDD1A
KCNJ12	PPL
WSB1	SMC1A
WSB1	SOX7
KSR1	PIK3C2B
KSR1	FLNB
KSR1	RALGPS1
KSR1	ARRB1
KSR1	ERN1
KSR1	CCDC134
LGALS9	CYBA
AC005697.1	LINC01376
AC005697.1	NECTIN3-AS1
AC005697.1	SEC24B-AS1
AC005697.1	LIFR-AS1
AC005697.1	ARAP3
AC005697.1	GABRA6
AC005697.1	PHEX-AS1
AC005697.1	ADHFE1
AC005697.1	AP003354.2
AC005697.1	RFX3-AS1
AC005697.1	DRD4
AC005697.1	ANKK1
AC005697.1	MYO5C
AC005697.1	AC010542.3
AC005697.2	SPDYE5
AC005697.2	SPDYE3
AC005697.2	AC136489.1
AC005697.2	SPI1
AC005697.2	FAM86C1
AC005697.2	CHRFAM7A
AC005697.2	TMEM220
AC005697.2	KLHL10
AC005697.2	PEX11G
NLK	CAMK4
POLDIP2	AL691432.2
POLDIP2	MTX1
POLDIP2	C6orf136
POLDIP2	OXA1L
POLDIP2	CDC37
POLDIP2	CNN1
POLDIP2	TIMM50
POLDIP2	TSEN34
SARM1	SZT2
SARM1	TMEM256-PLSCR3
SARM1	AC005324.4
AC005726.1	HP1BP3
AC005726.1	WDR77
AC005726.1	ELK1
AC005726.1	ARAP1
AC005726.1	AC069209.1
AC005726.1	GALNT16
AC005726.1	MNS1
AC005726.1	PECAM1
AC005726.1	AP001347.1
AC005726.5	AC016716.2
AC005726.5	AC069287.3
AC005726.5	ZNF585B
AC005726.5	ZNF793-AS1
SDF2	AL024508.2
SDF2	PRKAG2-AS1
FAM222B	AC068533.4
FAM222B	FAM234A
FAM222B	CERS4
FAM222B	AC010422.2
ERAL1	C1orf123
SEZ6	EPHX4
SEZ6	EPHB3
MYO18A	CASP9
MYO18A	NT5C1A
MYO18A	IBA57
MYO18A	PPARGC1B
MYO18A	EEF1E1-BLOC1S5
MYO18A	SLC16A2
MYO18A	FXYD6-FXYD2
MYO18A	TBC1D24
MYO18A	AC022167.2
MYO18A	PSKH1
MYO18A	ACSF3
MYO18A	PLEKHM1
MYO18A	FADS6
MYO18A	TAF4
MYO18A	AC011455.2
MYO18A	PVR
MYO18A	ZNF528
MYO18A	AC006547.2
MYO18A	PCAT14
MYO18A	ZNF70
AC024619.3	TYMP
NUFIP2	AC006978.2
NUFIP2	SOCS4
AC068025.2	AC068025.1
GIT1	B4GALT2
GIT1	GNAI2
GIT1	AGAP3
GIT1	SEMA6B
GIT1	TNFAIP8L1
CORO6	AC084125.4
CORO6	PIGQ
CORO6	PCSK4
CORO6	HNRNPL
CORO6	CCER2
CRLF3	AL445685.1
CRLF3	CDK15
CRLF3	ARHGEF38
CRLF3	C4orf51
CRLF3	AC011389.1
CRLF3	IL3RA
CRLF3	MAP3K15
CRLF3	KCNQ1
CRLF3	AC074032.1
CRLF3	SMAGP
CRLF3	F10
CRLF3	AL139317.1
CRLF3	PDXDC1
CRLF3	AC020978.3
CRLF3	AC005899.8
CRLF3	ZNF565
CRLF3	AC022154.1
AC127024.6	AC104184.1
AC127024.6	RECQL4
AC127024.6	COL27A1
ATAD5	MGAT3
AC130324.2	TIPIN
ADAP2	LINC01356
AC007923.4	SLFN5
AC007923.4	TSKS
COPRS	DYNLL1
COPRS	UBE2M
AC004253.1	AL020996.1
AC004253.1	ANKRD53
AC004253.1	AC108159.1
AC004253.1	AC109811.1
AC004253.1	AL049552.1
AC004253.1	AC107959.1
AC004253.1	AL353768.1
AC004253.1	BTBD18
AC004253.1	AP003071.2
AC004253.1	AP001007.1
AC004253.1	LMO7-AS1
AC004253.1	PCCA-AS1
AC004253.1	AL031709.1
AC004253.1	AC026470.2
AC004253.1	ELAVL3
AC004253.1	AC245452.1
AC004253.1	AC245060.6
LRRC37B	EFCAB12
LRRC37B	TFDP2
LRRC37B	PACS1
LRRC37B	KIAA1551
LRRC37B	ZCCHC8
LRRC37B	ZCCHC14
LRRC37B	TBC1D3B
LRRC37B	LINC01598
AC116407.2	GTF2H2
AC116407.2	AC020910.4
AC005899.5	AC073610.3
AC005899.5	AC005899.1
CDK5R1	AC010980.2
CDK5R1	SOWAHA
CDK5R1	SLC9A6
AC079336.4	AC020741.1
AC079336.4	SCUBE3
AC079336.4	AC103843.1
AC079336.4	AL157395.1
AC079336.4	AC025165.2
AC079336.4	RIPOR3
AC025211.1	PAPPA
ASIC2	LINC02519
AC011824.2	AL590006.1
AC011824.2	SFTA1P
AC011824.2	LINC01579
AC011824.2	AC011824.1
LINC01989	CCR3
MMP28	SLC44A3
MMP28	TSNAXIP1
AC015849.3	PDC
AC015849.3	PRKD3
AC015849.3	AC062017.1
AC015849.3	AC092574.2
AC015849.3	FAM153B
AC015849.3	CBY3
AC015849.3	AL024508.1
AC015849.3	AC068389.4
AC015849.3	TRMT10B
HEATR9	TRIOBP
AC015849.1	SELPLG
AC015849.1	AC026333.3
AC015849.1	AC090527.2
TBC1D3B	TBC1D3L
AC243829.1	CCL3L1
AC243829.1	CCL4L2
ZNHIT3	AL596275.2
ZNHIT3	PWP1
ZNHIT3	ELP5
ZNHIT3	SDF2
DUSP14	TTC39C
TBC1D3	TBC1D3D
ARHGAP23	AC025263.1
ARHGAP23	KIF26A
ARHGAP23	CBFA2T3
ARHGAP23	RRBP1
SRCIN1	CHD5
SRCIN1	AHDC1
SRCIN1	TTYH3
SRCIN1	FBRSL1
SRCIN1	CASKIN1
SRCIN1	ARHGAP23
CISD3	HES5
PIP4K2B	NR2F1
PIP4K2B	GABRE
PIP4K2B	ATXN7L3
PIP4K2B	TNPO2
PIP4K2B	NACC1
CWC25	PSMC1
CWC25	RTF1
LINC00672	SMIM10L1
CACNB1	ELAVL4
CACNB1	TP53INP2
CACNB1	MAST3
RPL19	DRAP1
RPL19	NACA2
NEUROD2	ELAVL4
NEUROD2	IFITM10
NEUROD2	TMEM116
PPP1R1B	FSCN1
PPP1R1B	AC073878.1
PPP1R1B	TSPAN6
PPP1R1B	SHD
TCAP	C1orf226
TCAP	AL158151.4
TCAP	ADAM8
TCAP	KCNQ2
PGAP3	TBC1D8B
PGAP3	SLC25A29
MIEN1	TMSB10
MIEN1	SERF2
MIEN1	AC068338.3
MIEN1	RANGRF
MIEN1	AC005703.4
GSDMB	FTCD
PSMD3	KATNB1
PSMD3	RNF126
THRA	KIAA1191
RAPGEFL1	AC005618.1
RAPGEFL1	SLC38A8
RARA	BAHD1
RARA	IGLL1
KRT10	ZCCHC18
KRT10	AP000462.1
KRT10	ACYP1
KRT10	SNHG21
KRT10	AC020765.2
KRT10	ZNF230
EIF1	ARPC5
EIF1	C4orf3
EIF1	ABT1
EIF1	AP002954.1
NT5C3B	THTPA
TTC25	ST8SIA6
TTC25	SMNDC1
CNP	VWA1
KAT2A	CYB561D2-1
KAT2A	EIF2B5
KAT2A	PHF1
KAT2A	TAF1C
STAT5B	GSTK1
NAGLU	MLF1
NAGLU	TNS2
AC067852.2	AC018647.2
AC067852.2	CIB2
COASY	FBXO44
TUBG1	MAGED2
TUBG2	DPH2
COA3	SNRNP25
RUNDC1	RAB29
RPL27	DPY30
VAT1	TAGLN2
VAT1	AC010504.1
RND2	FAM87A
ARL4D	NUDT15
ARL4D	PIM3
ETV4	HAAO
ETV4	STPG4
ETV4	ATP12A
ETV4	SLC52A1
ETV4	DRC3
ETV4	TMPRSS9
AC068675.1	AC096887.1
AC068675.1	PYY
MEOX1	AC005699.1
AC004149.1	IL17RA
DUSP3	NBL1
DUSP3	BASP1
DUSP3	YWHAG
DUSP3	SNX12
DUSP3	EIF4G2
DUSP3	THY1
DUSP3	WSB2
DUSP3	PGBD4
PYY	IZUMO2
PYY	ZNF600
ATXN7L3	SLC9A6
ATXN7L3	SLC25A22
ATXN7L3	GNA11
UBTF	CXXC5
UBTF	FAM155B
RUNDC3A	TMEM214
RUNDC3A	ARMCX2
RUNDC3A	CACNB3
RUNDC3A	AC055855.1
RUNDC3A	SYNGR3
RUNDC3A	ARMC5
FAM171A2	VEGFB
FAM171A2	PPP1R14B
FAM171A2	CAPN5
DBF4B	AC009061.2
GFAP	ZFP36
DCAKD	NDST1-AS1
DCAKD	PGAP2
DCAKD	IQCK
DCAKD	CES3
NMT1	AC104964.4
NMT1	LINC01410
NMT1	VPS33B-DT
NMT1	PDP2
ACBD4	AC079174.2
HEXIM1	ID2
HEXIM1	AC092611.2
HEXIM1	FNDC9
HEXIM1	FAM8A1
HEXIM1	AC004834.1
HEXIM1	FOXO4
HEXIM1	TSC22D3
HEXIM1	DTX3
HEXIM1	KCNS1
HEXIM1	SPINT2
AC138150.1	ZFP2
AC138150.1	LIPA
AC138150.1	AC024257.3
AC138150.1	LINC02352
AC138150.1	SLX4
AC138150.1	AC145285.6
AC138150.1	HDHD5-AS1
AC008105.3	GTF2IRD2B
AC008105.3	PLPP7
AC008105.3	MMP28
MAP3K14	IGDCC3
MAP3K14	XKR7
LINC02210-CRHR1	CD81-AS1
LINC02210-CRHR1	POLA2
LINC02210-CRHR1	CDH3
LINC02210-CRHR1	TGM3
KANSL1	LRRC37A3
ARL17B	KANSL1-AS1
ARL17B	ARL17A
ARL17B	AC103810.2
LRRC37A	NSF
LRRC37A2	LRRC37A
ARL17A	AC103810.2
WNT3	WNT9B
RPRML	IER3
RPRML	CDK20
RPRML	AC005730.2
TBKBP1	AL121583.1
OSBPL7	ENGASE
SCRN2	CCDC24
SP2-AS1	RBKS
SP2-AS1	NAIP
SP2-AS1	TCTE1
SP2-AS1	CRTC3-AS1
SP2-AS1	DHODH
PNPO	AC104794.2
PNPO	SMIM10L2B
CBX1	YJU2
TTLL6	MCHR1
ATP5MC1	OCIAD2
ATP5MC1	C19orf70
ATP5MC1	EXOSC5
UBE2Z	TSPAN33
UBE2Z	A2ML1-AS1
PHB	CISD3
PHB	NR2F6
SLC35B1	CASTOR3
SLC35B1	MTSS1
SLC35B1	QSER1
TAC4	AC023794.4
TAC4	MEOX1
TAC4	DNAH17
AC027801.1	AL445483.1
AC027801.1	LINC02245
AC027801.1	TIGD2
AC027801.1	LINC02107
AC027801.1	AP003498.1
AC027801.1	AL049775.2
AC027801.1	MEOX1
AC027801.3	WDR5B
AC027801.3	MRPL23
AC027801.3	AC027801.1
PDK2	TMEM109
PDK2	SAMD14
SAMD14	SGCG
PPP1R9B	TMCC2
PPP1R9B	CDK16
PPP1R9B	ALG11
PPP1R9B	NEUROD2
PPP1R9B	MBD3
MRPL27	TMEM199
MRPL27	HEXIM2
LRRC59	EIF4G1
LRRC59	CREB3
LRRC59	ARL2BP
LRRC59	GZF1
ABCC3	RAMP2-AS1
AC005921.2	HEATR9
LUC7L3	PM20D2
TOB1	MEX3B
AC005920.2	UBOX5-AS1
CA10	AL359915.1
HLF	SERTAD4
MMD	MSC
PCTP	MMS22L
C17orf67	SLC22A14
AC007114.2	DPP9-AS1
MSI2	LDLRAP1
MSI2	C1orf194
MSI2	MUC20-OT1
MSI2	CCL28
MRPS23	AC073508.3
MRPS23	NARS
VEZF1	PTAR1
SRSF1	ZNF10
SRSF1	CFAP298
DYNLL2	PLEKHB2
DYNLL2	ZFAND5
DYNLL2	HNRNPK
DYNLL2	IRF2BPL
DYNLL2	ACLY
DYNLL2	AP000223.1
EPX	AC105277.1
EPX	AL157938.3
EPX	RPS6KB2-AS1
MKS1	RAD51AP1
SUPT4H1	ITM2C
SUPT4H1	CCNI
SUPT4H1	AP002387.2
SUPT4H1	GCHFR
MTMR4	RGP1
MTMR4	UNC45A
TEX14	MFSD2B
TEX14	HIST1H2BD
TEX14	ZNF20
TEX14	AC240274.1
PPM1E	CALN1
AC091271.1	AC093635.1
AC091271.1	LINC00471
AC091271.1	AL139274.2
AC091271.1	NDUFV2-AS1
PTRH2	CCDC88A
PTRH2	MTERF4
PTRH2	AC073389.1
PTRH2	SWSAP1
AC005702.1	EFCAB10
AC005746.2	AC016747.2
AC005746.2	PGLYRP1
BRIP1	CYSLTR1
MRC2	CRISPLD2
MRC2	NTSR1
MARCH10	AC005972.4
AC068512.1	AL353803.2
AC068512.1	THEG
TANC2	PTPRO
TANC2	NLK
AC006270.1	AC103974.1
AC015923.1	AC006369.1
AC015923.1	AC010307.4
AC015923.1	AC108449.1
AC015923.1	AP002370.2
AC015923.1	AC044781.1
AC015923.1	PPFIA2-AS1
AC015923.1	DLGAP1-AS5
AC015923.1	TTC3-AS1
MAP3K3	SNX29
CCDC47	LINC01534
PSMC5	JTB
PSMC5	IMPDH2
PSMC5	TMEM219
PECAM1	FGF2
PECAM1	LY96
PECAM1	RASEF
PECAM1	LRRC63
LRRC37A3	ARL17B
LRRC37A3	LRRC37A2
LRRC37A3	AC005670.2
GNA13	MAP3K1
GNA13	KIAA1324L
GNA13	ZNF521
RGS9	JUP
AC004805.1	HEATR4
AC004805.1	AC087500.1
AC004805.1	CEP112
CEP112	CEP128
CEP112	SCAPER
PRKCA	PXYLP1
PRKCA	ARNT2
PRKCA	DOK5
PRKCA	HUNK
PRKCA-AS1	AL138799.4
PRKCA-AS1	AC092440.1
PRKCA-AS1	AC091820.2
PRKCA-AS1	TMSB15B-1
PRKCA-AS1	AP000722.1
PRKCA-AS1	LINC00508
PRKCA-AS1	AC125793.1
PRKCA-AS1	TIMP3
PRKCA-AS1	AP001464.1
CACNG4	OTOF
AC005332.7	ZKSCAN8
AC005332.7	STX10
AC005332.3	AC005332.8
AC005332.5	CACNG8
AMZ2	FKBP3
ARSG	KLHL21
ARSG	LURAP1
ARSG	AC104836.1
ARSG	AL592295.4
ARSG	AL591885.1
ARSG	GREB1
ARSG	STEAP1B
ARSG	TOPORS
ARSG	BMI1
ARSG	LPCAT3
ARSG	MYO5C
ARSG	TMC3
ARSG	TMEM231
ARSG	NIPSNAP1
ARSG	EVA1C
SLC16A6	SFT2D2
SLC16A6	AC072039.2
ABCA8	LRP2
ABCA8	SH3TC2
ABCA8	TTYH2
ABCA9-AS1	ARHGAP9
ABCA9	ABCA10
ABCA6	ABCA9
ABCA10	AC007038.1
ABCA10	ZNF248
MAP2K6	LBH
AC005208.1	AL031772.1
AC005208.1	LINC01989
RPL38	ATP5MD
RPL38	AC011468.3
SLC9A3R1	ASIC4
NAT9	ATF6B
NAT9	SUCLA2-AS1
NAT9	LINC01311
HID1	KCNH2
HID1	SSH3
KCTD2	CHN1
KCTD2	RAB6B
KCTD2	SCN4B
KCTD2	FRAT1
ARMC7	SRR
NT5C	AL137802.2
NT5C	SH2D6
NT5C	AL031963.3
NT5C	LINC01004
NT5C	CYB561A3
JPT1	LINC02208
JPT1	NFKBIE
MIF4GD	TMEM134
AC011933.4	GHRL
AC011933.4	AC018946.1
AC011933.4	CRLF3
CASKIN2	EMILIN1
RECQL5	PAQR7
H3F3B	GADD45G
H3F3B	SFR1
H3F3B	CHGB
H3F3B	PDRG1
UNC13D	ARHGAP27
UNC13D	SSC5D
WBP2	PRPF19
WBP2	CD2BP2
WBP2	DYNLL2
WBP2	CAPNS1
AC087289.3	ACTR8
AC087289.3	AC138696.1
FBF1	AKR1E2
FBF1	SPATA33
FBF1	C17orf100
FBF1	ACE
UBALD2	SLC6A8
UBALD2	PPP2CB
QRICH2	AC000403.1
QRICH2	AC138894.1
QRICH2	AC135050.3
QRICH2	ZNF267
QRICH2	LINC02080
QRICH2	TMX4
QRICH2	TTLL9
QRICH2	AC010422.6
CYGB	HRH3
JMJD6	PPP1R15B
JMJD6	CATSPERE
JMJD6	EFHB
JMJD6	XRCC2
JMJD6	COLEC10
JMJD6	TOPORS
JMJD6	RELA
SEPT9	DAB2IP
SEPT9	PALD1
AC021683.3	CD40
TMC6	TTYH2
LINC01993	AC026765.2
LINC01993	AC009107.1
LINC01993	AC006487.1
CANT1	ZGRF1
CANT1	DTWD2
CANT1	PRMT5
RBFOX3	IGSF21
EIF4A3	POLR3G
EIF4A3	KLHDC2
SLC26A11	STS
SLC26A11	GKAP1
AC124319.2	AC246785.3
AC124319.2	NBPF20
AC124319.2	GREB1
AC124319.2	AC008074.1
AC124319.2	TMSB10
AC124319.2	LRFN2
AC124319.2	KIRREL3
AC124319.2	RBM19
AC124319.2	C13orf46
AC124319.2	IFT43
AC124319.2	LDLRAD4
AC124319.2	AL121760.1
AC124319.2	AC010624.3
AC124319.2	ZSCAN5A
ENDOV	ZNF563
NPTX1	SSTR2
RPTOR	AGAP1
RPTOR	MIR4458HG
RPTOR	SNRPC
RPTOR	PTPRN2
RPTOR	DIP2C
RPTOR	OTUD7A
RPTOR	ANKRD11
RPTOR	MAP3K3
CHMP6	FGF9
BAIAP2	AC141928.1
TEPSIN	RNPEPL1
TEPSIN	IFRD2
NDUFAF8	LSM10
ACTG1	DHCR24
ACTG1	AC005229.4
ACTG1	ATP6AP1
ACTG1	CNDP2
ACTG1	LKAAEAR1
FAAP100	INTS1
FAAP100	SYT12
FAAP100	CCDC78
FAAP100	SPPL2B
OXLD1	SCRN2
OXLD1	GSS
OXLD1	REX1BD
SLC25A10	PYCR3
SLC25A10	MAN1B1
MCRIP1	R3HCC1
MCRIP1	CEND1
MCRIP1	BAD
MCRIP1	ARHGDIA
P4HB	PODXL2
P4HB	PORCN
P4HB	HRAS
P4HB	DECR2
P4HB	UBALD1
P4HB	NAPA
ARHGDIA	KIF1A
ARHGDIA	YKT6
ARHGDIA	SIGMAR1
ARHGDIA	ARFGAP2
ARHGDIA	DOC2A
ARHGDIA	PCYT2
ARHGDIA	DIRAS1
ARHGDIA	CTXN1
ARHGDIA	DDA1
AC145207.5	DYRK4
PCYT2	SH3GLB2
PCYT2	EGFL7
SIRT7	AC008708.2
SIRT7	ANKRD13D
ASPSCR1	SLC25A45
CENPX	PMVK
CENPX	CCNDBP1
RAC3	ZNF775
DCXR	TECR
RFNG	RCE1
RFNG	SLC2A4RG
RFNG	SSBP4
DUS1L	MIB2
DUS1L	TMEM259
DUS1L	LRRC75B
SLC16A3	GOLGA6L10
AC132872.1	AC068620.2
FN3KRP	IKBKG
COLEC12	GNG12
COLEC12	STON2
COLEC12	ITGB4
CLUL1	AP001178.3
AP005230.1	DEPDC1B
AP005230.1	C5orf66
AP005230.1	LINC01483
METTL4	C11orf74
AP001011.1	CELA2B
AP001011.1	RHD
AP001011.1	AC118555.1
AP001011.1	AC107081.2
AP001011.1	AC092567.1
AP001011.1	AC010976.1
AP001011.1	C3orf49
AP001011.1	AC008781.1
AP001011.1	AL139095.4
AP001011.1	AC004594.1
AP001011.1	ALG13-AS1
AP001011.1	AC023590.1
AP001011.1	AL390774.2
AP001011.1	C11orf42
AP001011.1	AL592430.1
AP001011.1	AL137779.2
AP001011.1	AC009554.1
AP001011.1	AC011944.1
AP001011.1	AC007610.2
AP001011.1	AC090617.4
AP001011.1	DLGAP1-AS5
AP001011.1	AP005899.1
AP001011.1	AC044840.1
AP001011.1	AC104365.1
AP001011.1	AF127577.2
MYOM1	FAM149A
AP005329.2	KLB
AP005329.2	SBSPON
AP005329.2	AP000442.2
MYL12B	EIF3I
MYL12B	ATP5PB
MYL12B	ILF2
MYL12B	FKBP1B
MYL12B	ATP6V1F
AP001025.1	AL365361.1
AP001025.1	LTBP3
DLGAP1-AS1	AC010307.3
DLGAP1-AS1	DLGAP1-AS2
DLGAP1-AS5	AC112719.2
DLGAP1-AS5	AC103706.1
DLGAP1-AS5	AC110015.1
AP005203.1	AC024022.1
AP005203.1	LINC02201
AP005203.1	AC010609.1
AP005203.1	LINC00243
AP005203.1	RDH10-AS1
AP005203.1	AL162231.2
AP005203.1	AC104009.1
AP005203.1	BIN2
AP005203.1	AL049869.2
AP005203.1	AC092078.2
AP005203.1	MIR4527HG
AP005203.1	ZNF341-AS1
AP005203.1	ADGRE1
AP005059.1	CDH18-AS1
TMEM200C	CXCL12
LAMA1	AL359644.1
NDUFV2	AL137246.2
NDUFV2-AS1	GRPEL2-AS1
AP001099.1	TOGARAM2
AP001099.1	HHLA1
GNAL	SLC29A4
GNAL	LINC00507
ANKRD62	LINC01887
CEP192	ANAPC4
LDLRAD4	XYLB
LDLRAD4	PITPNM3
LDLRAD4	ZNF334
LDLRAD4	MIS18A
AP005131.5	AC008676.1
AP005131.5	MLANA
AP005131.5	PAN3-AS1
FAM210A	C1QTNF12
FAM210A	PGM2
FAM210A	THAP9
FAM210A	TIGD7
FAM210A	KCNJ6
ZNF519	USP45
ZNF519	NMRAL1
ZNF519	PCMTD2
AP005121.1	ANKRD30B
AC015878.1	SP110
AC015878.1	VWF
AC015878.1	ISM1
SNRPD1	TIMM17A
LINC01900	AC007991.3
LINC01900	MMP26
LINC01900	HPD
CABLES1	AC103855.3
CABLES1	DSG2
TMEM241	AL445433.2
TMEM241	AC108866.1
TMEM241	TTC23L
TMEM241	DENND3
TMEM241	GALNT12
TMEM241	GAS2
TMEM241	CASC1
TMEM241	AC005186.1
TMEM241	PDE8A
TMEM241	SHMT1
TMEM241	RSPO4
TMEM241	AC008992.1
ANKRD29	SLC6A9
ANKRD29	GPR161
ANKRD29	SPSB4
ANKRD29	IL15RA
TTC39C	ENPEP
AC090772.2	AC016994.1
AC090772.2	LINC02253
AC090772.1	AC009478.1
AC090772.1	COL4A3
AC090772.1	AL513164.1
AC090772.1	CFTR
AC090772.1	AC068189.1
AC090772.1	AP002336.2
AC090772.1	TEX52
AC090772.1	CCDC60
AC090772.1	C15orf53
AC018697.1	AC073578.2
AC018697.1	LINC01915
KCTD1	ADAMTS16
KCTD1	FAM196B
KCTD1	DPP6
KCTD1	KIAA1549L
KCTD1	CFAP46
KCTD1	GRIN2B
CHST9	Z94057.1
CHST9	MRVI1
CHST9	AC103949.1
LINC01908	AQP4-AS1
AC090403.1	AL583808.1
CDH2	CCDC183
DSG1-AS1	AC087386.1
DSG1-AS1	AC087473.1
DSG1-AS1	ADAMTS7
DSG1-AS1	AC068473.4
RNF125	PPP1R3B
MEP1B	BAALC-AS1
MEP1B	CCDC81
AC025887.2	BMPR1B
CCDC178	LETM2
CCDC178	TG
ASXL3	TMEM181
ASXL3	CDR2L
AC011815.2	MYOCOS
ZNF24	AC005410.2
ZNF24	HSF2BP
SLC39A6	C8orf76
LINC01902	SYNPR
LINC01902	AC012625.1
LINC00907	GPATCH2
LINC00907	SLC6A20
LINC00907	AC113414.1
LINC00907	SLCO5A1
LINC00907	KCNJ1
LINC00907	CFAP58
LINC00907	C12orf42
LINC01478	KCNMB2
SETBP1	ATXN1
SETBP1	ARHGAP22
SLC14A2	AC012213.3
SLC14A2-AS1	AC023421.2
ATP5F1A	PGK1
ATP5F1A	DMAC1
ATP5F1A	ATP5F1B
ATP5F1A	C15orf61
ATP5F1A	C1QBP
AC012254.1	GDF9
AC012254.1	FZD6
SNHG22	AC007563.2
SNHG22	AL513165.2
SNHG22	Z97055.2
CFAP53	NIT2
CFAP53	LRRD1
CFAP53	KLF8
CXXC1	INTS11
CXXC1	CLK1
CXXC1	DDX56
CXXC1	SCRIB
CXXC1	PLCB3
CXXC1	HID1
MAPK4	TRERF1
MAPK4	LAMB1
MAPK4	CDH22
AC091551.1	ZCWPW1
SMAD4	KIF6
SMAD4	CACNG5
DCC	AC092422.1
DCC	CPNE4
DCC	IL1RAPL2
RAB27B	GHR
RAB27B	SPINT1
TCF4	AC016717.2
LINC01416	AC025244.1
LINC01416	AC138035.2
LINC01416	LMNTD1
LINC01416	AC087386.1
ST8SIA3	SESN3
ST8SIA3	TVP23B
ST8SIA3	ZBTB21
FECH	HTR3E-AS1
NARS	SARS
NARS	ZNF853
ATP8B1	CDC14B
ATP8B1	CLMP
AC104365.1	AL606534.1
AC104365.1	CNTN4-AS1
AC104365.1	OPA1-AS1
AC104365.1	AC004039.1
AC104365.1	AL078581.3
AC104365.1	AL049820.1
AC104365.1	IL7
AC104365.1	OMD
AC104365.1	AC087190.1
AC104365.1	AC007533.1
AC104365.1	AC025211.1
ZNF532	SLC16A10
ZNF532	GNA12
ZNF532	GRB10
ZNF532	DNMBP
ZNF532	FBXW4
ZNF532	ZNRF3
LMAN1	RCSD1
RNF152	THSD7B
RNF152	GPRIN3
RNF152	DIXDC1
RNF152	ALOX15B
RNF152	AL020994.2
BCL2	GRK5
SERPINB7	CFAP47
SERPINB7	PHKA1-AS1
SERPINB7	LINC00968
SERPINB7	A2M
SERPINB7	AL162311.3
SERPINB7	HS3ST3A1
SERPINB7	LMTK3
LINC01924	CNR1
LINC01924	TICRR
CDH7	SCN7A
AC110597.3	MGST1
AC110597.3	FAM222B
AC114689.3	AL358075.2
DOK6	ZNF804B
DOK6	AC138305.1
RTTN	CBLB
LINC01899	AC093827.5
LINC01899	SCAF1
LINC01899	MIR548XHG
CBLN2	AC004160.2
CBLN2	TMTC1
FBXO15	ANKRD31
FBXO15	AC021086.1
CNDP2	ASB8
LINC00909	NME6
LINC00909	FAM218A
LINC00909	SLC25A21-AS1
ZNF407	AC007364.1
ZNF407	AC010809.1
TSHZ1	DPH2
GALR1	AC124254.1
ATP9B	EBP
ATP9B	ATP11A
ATP9B	AL049875.1
ATP9B	AC090517.4
AC068473.4	SMCO1
KCNG2	AC021594.2
PARD6G-AS1	PPFIA4
PARD6G-AS1	FAM47E
PARD6G-AS1	SEMA4D
PARD6G-AS1	AL392046.1
PARD6G-AS1	ANXA11
PARD6G-AS1	ZNF516
PARD6G-AS1	ZNF549
ZCCHC3	IRF2BP2
ZCCHC3	WDR82
ZCCHC3	ABHD10
ZCCHC3	AL669970.1
ZCCHC3	OTUD1
ZCCHC3	BBS10
ZCCHC3	INAFM2
ZCCHC3	ZSWIM1
NRSN2-AS1	MGST2
NRSN2-AS1	AF123462.1
NRSN2-AS1	ZNF559-ZNF177
NRSN2	TMED4
RBCK1	FANCG
TMEM74B	ACKR3
SNPH	ARHGEF4
SNPH	LINC00839
SNPH	RASD1
AL117335.1	NFYC-AS1
AL117335.1	TMEM151B
AL117335.1	AL355297.4
AL117335.1	AL158152.2
AL117335.1	ZNF708
AL117335.1	CCDC61
AL117335.1	BRD1
SIRPA	MTURN
SIRPA	LRRC4
SIRPA	NCS1
SIRPA	IRS2
PDYN-AS1	AC107419.1
EBF4	GSN
MRPS26	ARF5
MRPS26	DPM2
MRPS26	PTGES2
MRPS26	DRAP1
MRPS26	MRPL43
MRPS26	NME3
MRPS26	NR2C2AP
UBOX5-AS1	AC010260.1
UBOX5-AS1	CLDN20
UBOX5-AS1	FAM20A
UBOX5-AS1	USHBP1
UBOX5-AS1	AC005253.1
UBOX5-AS1	AC008537.4
LZTS3	PRRT3
C20orf27	MLEC
SPEF1	AC008780.2
SPEF1	KCNK4
SPEF1	FES
SPEF1	NAGPA
SPEF1	AC243830.2
CENPB	AMER3
CENPB	ZNF629
AL353194.1	AL645728.1
AL353194.1	CYB561D1
AL353194.1	AC099778.1
AL353194.1	AC124016.1
AL353194.1	SLC29A2
AL353194.1	AL136038.3
AL353194.1	TIGD7
AL353194.1	SPATA33
AL353194.1	MAFG-DT
AL353194.1	LINC00665
PRNP	MYCL
PRNP	AL365361.1
PRNP	DNAJB2
PRNP	CANX
PRNP	HSP90AB1
PRNP	MTPN
PRNP	CANT1
PRNP	HSPA13
PCNA	AL662844.4
PCNA	SLC26A4-AS1
PCNA	COX16
PCNA	INSM1
CHGB	SCG2
CHGB	MAS1
CHGB	NEDD1
MCM8	ERI1
MCM8	POLA2
TMX4	ZNF597
PLCB4	XKR9
PLCB4	MSI1
LAMP5	MYB
LAMP5	TAF7L
LAMP5	CCDC88C
LAMP5	ATP8B1
PAK5	NAB1
PAK5	NKAIN2
SNAP25-AS1	AC006460.1
SNAP25-AS1	SYNGAP1
SNAP25-AS1	GPER1
SNAP25-AS1	NDUFB2
SNAP25-AS1	Z83844.2
AL354824.1	AC008040.1
SLX4IP	C2orf73
SLX4IP	FBXO15
AL050403.2	LIPC
AL050403.2	GREB1L
AL050403.2	JAG1
LINC00687	LINC01495
BTBD3	ARL5A
TASP1	ZNF496
TASP1	CCDC191
TASP1	NDST3
TASP1	DNAH5
TASP1	TSC22D3
TASP1	RAP2C-AS1
TASP1	PLGRKT
TASP1	SCAI
TASP1	CHKA
TASP1	CEP83
TASP1	ALDH2
TASP1	PLEKHF1
ESF1	RPL31
ESF1	ANKRD49
ESF1	SLC25A30-AS1
ESF1	NDUFAF1
MACROD2	AC011477.4
FLRT3	LRRN3
FLRT3	WTIP
MACROD2-AS1	ITPK1-AS1
KIF16B	PLSCR1
KIF16B	SLC2A8
KIF16B	SLC38A6
SNRPB2	ZC3H15
PCSK2	SYT7
PCSK2	CHST15
PET117	SNRNP27
PET117	AC104051.1
ZNF133	LINC01284
DZANK1	LMLN
DZANK1	RPGRIP1L
POLR3F	LNCSRLR
POLR3F	BUD13
POLR3F	TMEM136
AL121900.1	AC092159.2
AL121900.1	AP000844.2
RIN2	IL4R
RIN2	AL121761.1
RALGAPA2	OSBPL9
RALGAPA2	PDE3B
KIZ-AS1	AL138787.2
KIZ-AS1	FMO5
KIZ-AS1	NUF2
KIZ-AS1	AC073052.2
KIZ-AS1	ABHD14B
KIZ-AS1	DENND6A-AS1
KIZ-AS1	AC008937.2
KIZ-AS1	AC018752.1
KIZ-AS1	AC022101.1
KIZ-AS1	AC027698.1
KIZ-AS1	AP001267.2
KIZ-AS1	SLC18A2
KIZ-AS1	AL158801.3
KIZ-AS1	PROX2
KIZ-AS1	AC025917.1
KIZ-AS1	ZNF213
KIZ-AS1	ASB16
KIZ-AS1	AC005921.2
KIZ-AS1	AC006130.1
KIZ-AS1	DPP9
KIZ-AS1	PSG4
KIZ-AS1	ZFY-AS1
CST3	S100A1
SYNDIG1	NBPF19
SYNDIG1	RNF150
SYNDIG1	MAMLD1
SYNDIG1	BRINP1
SYNDIG1	KCNQ1OT1
SYNDIG1	LDLRAD3
SYNDIG1	SMPD3
APMAP	PITHD1
AL035252.3	CTDSP2
ZNF337-AS1	CARF
ZNF337-AS1	RNF217-AS1
AL117381.1	KAZN-AS1
AL117381.1	LINC01772
AL117381.1	PINK1-AS
AL117381.1	NCDN
AL117381.1	TMBIM1
AL117381.1	LINC02585
AL117381.1	AL365275.1
AL117381.1	AL357093.2
AL117381.1	AC012184.1
AL117381.1	AC092123.1
AL117381.1	AC015961.2
TTLL9	DUSP15
PDRG1	HSPBAP1
PDRG1	COMMD5
XKR7	FAM222A
XKR7	PLBD2
XKR7	CCM2L
XKR7	AC003002.1
HCK	MIR4713HG
HCK	GDF15
NOL4L	NDUFB5
NOL4L	APBA1
NOL4L	SUFU
NOL4L	EPN2
NOL4L	TCF20
FO393400.1	GRID2IP
FO393400.1	AC011330.3
FO393400.1	PRAM1
FO393400.1	ZSWIM4
FO393400.1	AC008537.1
AL035071.2	NEDD9
AL035071.1	MYCBPAP
SNTA1	NCAN
SNTA1	MPPED1
PXMP4	C9orf129
CHMP4B	SHISA5
CHMP4B	GNA15
ASIP	AC139722.1
AHCY	TEX264
DYNLRB1	SSU72
DYNLRB1	RTL8A
DYNLRB1	PAF1
DYNLRB1	RABAC1
DYNLRB1	WRB
GSS	KLF15
GSS	ASMTL
EDEM2	KIAA1522
EDEM2	CABYR
PROCR	ADA2
MMP24OS	AL031595.2
MMP24	RPS6KA1
MMP24	LCP2
MMP24	TANGO2
ROMO1	LINC02145
ROMO1	AC007566.1
SCAND1	GADD45GIP1
SCAND1	AP2S1
SCAND1	CHCHD10
CNBD2	AL133338.1
CNBD2	ZNF367
CNBD2	AC068338.3
NORAD	GPR27
NORAD	CTSB
NORAD	CHMP4B
EPB41L1	ITPK1
DLGAP4	REEP1
DLGAP4	DAB2IP
DLGAP4	ALPK3
DLGAP4	RAI1
DLGAP4	TBC1D16
DLGAP4	KIAA1671
DLGAP4-AS1	OGFRP1
RAB5IF	SNHG22
SLA2	GRK7
SLA2	AL157935.2
SLA2	AC135050.1
SLA2	NXN
SLA2	SRRM5
SLA2	AC010487.3
DSN1	BAZ2B
DSN1	SLC25A21-AS1
SOGA1	MMP24
RBL1	ZNF184
RBL1	DDB2
MROH8	ZGRF1
MANBAL	TIMM17A
MANBAL	TMEM101
MANBAL	MKKS
BLCAP	MAP1S
NNAT	POLA1
NNAT	FMNL1
RPRD1B	LRRC8B
RPRD1B	AC067750.1
RPRD1B	AC005410.2
RPRD1B	C18orf32
RPRD1B	PTPN1
PPP1R16B	RHBDL3
PLCG1	TTC32
ZHX3	LINC02015
ZHX3	CTBP1-DT
ZHX3	AC010809.2
EMILIN3	EPN3
EMILIN3	ZNF229
PTPRT	AC022639.1
SRSF6	UMODL1
Z98752.3	SGK2
JPH2	AC007099.1
FITM2	ODC1
FITM2	MLEC
SERINC3	AMIGO1
SERINC3	MRFAP1L1
SERINC3	HNRNPH2
SERINC3	BHLHE22
SERINC3	EID2
KCNK15-AS1	AL139352.1
RIMS4	C1orf198
YWHAB	CAP1
YWHAB	SERBP1
YWHAB	MAP1B
YWHAB	RAC1
YWHAB	CTSB
YWHAB	BNIP3
YWHAB	DUSP3
YWHAB	NAPB
PABPC1L	AC078980.1
KCNS1	CHGA
KCNS1	HAPLN4
PIGT	HILPDA
ZSWIM1	AC092574.2
CTSA	TTC4
CTSA	AIFM3
PCIF1	AC079148.1
PCIF1	CHRAC1
PCIF1	AL133417.1
NCOA5	CHRNA10
NCOA5	SRSF6
AL133227.1	MUC6
AL133227.1	ZNRF3-AS1
ZNF334	ZFP62
SLC13A3	LINC01494
SLC13A3	AC068658.1
SLC13A3	LINC02320
SLC13A3	LINC00907
EYA2	DOCK8
EYA2	SLC35D2
EYA2	COLEC12
EYA2	BMP7
ZMYND8	PASK
ZMYND8	LINC02150
AL031666.1	AC104695.2
AL031666.1	IFRD1
ARFGEF2	AL355472.3
ARFGEF2	SRA1
ARFGEF2	ATP8B4
ZFAS1	RFC4
KCNB1	AARS2
PTGIS	IGSF1
PTGIS	MYO7A
SPATA2	BAG4
CEBPB-AS1	C2orf72
CEBPB-AS1	PSMG4
CEBPB-AS1	GPR37
CEBPB-AS1	BAHCC1
CEBPB	CRB1
CEBPB	DYSF
CEBPB	EPB41L5
CEBPB	GALNT10
CEBPB	RGS14
CEBPB	BTN2A1
CEBPB	GALNTL5
CEBPB	PIK3C2A
CEBPB	TCF7L2
CEBPB	P2RX4
CEBPB	PLCB2
CEBPB	AC105411.1
PTPN1	NPHP4
PTPN1	CETN3
RIPOR3	AL353803.2
RIPOR3	RNF212B
RIPOR3	GRIN2D
KCNG1	SPRED3
NFATC2	SMOC2
NFATC2	TNC
LINC01429	FANCD2
LINC01429	OCM
LINC01429	CPT1A
LINC01429	AC079313.2
LINC01429	BRCA2
LINC01429	AL121852.1
LINC01429	C14orf39
LINC01429	LINC00910
LINC01429	LINC01924
TSHZ2	GREM2
TSHZ2	BARX2
TSHZ2	LRMP
AL109930.1	AC068051.1
AL109930.1	LINC02143
AL109930.1	AL138689.2
AL109930.1	AC023905.1
AL109930.1	AL391097.1
AL109930.1	AL391097.2
AL354993.2	ARHGAP15
AC005808.1	TPTE
BCAS1	VRK2
BCAS1	SHROOM4
BCAS1	GJB1
BCAS1	SOX6
BCAS1	CD82
BCAS1	TMEM123
BCAS1	DOCK1
BCAS1	NEK3
BCAS1	SLC5A11
BCAS1	PLLP
DOK5	AC083902.1
FAM210B	GRK4
MTRNR2L3	MTRNR2L6
STX16-NPEPL1	AC079760.1
NPEPL1	TMEM129
NPEPL1	WDR90
NPEPL1	CCR10
NPEPL1	DUS1L
ATP5F1E	FKBP1C
ATP5F1E	TOMM7
ATP5F1E	NDUFB2
ATP5F1E	POLR2L
ATP5F1E	LINC00158
PRELID3B	PI4K2B
PRELID3B	AC119396.2
ZNF831	BCL2L11
PHACTR3	AC091959.3
PHACTR3	GALNS
FAM217B	AMIGO1
FAM217B	ZMAT3
FAM217B	PRRT1
FAM217B	AL158211.1
CDH4	MIR646HG
AL162457.2	AP001993.1
TAF4	AC022384.1
LSM14B	AC104109.3
PSMA7	ATOX1
PSMA7	TALDO1
PSMA7	EIF2S2
ADRM1	DEDD
ADRM1	ACTA1
ADRM1	IDH3G
ADRM1	PSMA4
ADRM1	FEM1A
ADRM1	XAB2
ADRM1	FBL
LAMA5	TPM2
LAMA5	CHAD
RPS21	SNHG12
RPS21	AL355472.1
CABLES2	AL022328.3
NTSR1	KIRREL1
NTSR1	SLC35F2
GID8	CITED4
GID8	C9orf40
ARFGAP1	IPO13
ARFGAP1	SLC6A17
ARFGAP1	NEU4
KCNQ2	AC117395.1
KCNQ2	RRP12
EEF1A2	NCDN
EEF1A2	CITED4
EEF1A2	AC103876.1
STMN3	VSNL1
STMN3	SLC35A4
STMN3	KLHDC3
STMN3	TAF6
STMN3	AC114271.1
ARFRP1	ADGRB2
ZBTB46	CIB4
ZBTB46	AC008667.1
ZBTB46	NOL4L
ZNF512B	AL365205.3
ZNF512B	VASH1-AS1
ZNF512B	AC009283.1
C20orf204	CEP19
TCEA2	GLMP
TCEA2	SHARPIN
TCEA2	DOLPP1
TCEA2	ANAPC2
TCEA2	NLGN2
MYT1	AC011462.1
PCMTD2	RABEPK
PCMTD2	SLITRK5
PCMTD2	RELB
C2CD4C	ADGRB2
C2CD4C	NECAB2
C2CD4C	TTYH1
BSG	TMEM9
BSG	CXXC5
BSG	TMUB1
BSG	LRRC8A
BSG	TOLLIP
BSG	INAFM2
BSG	UBALD1
BSG	MFSD12
FGF22	SCARF2
PALM	RIMS4
PALM	KCNQ2
PALM	SH3GL1
PALM	FBXO46
PALM	CPT1C
PALM	CACNA1I
PLPPR3	AL136373.1
R3HDM4	FOXJ2
ARID3A	SCGB1A1
ARID3A	AC010616.2
ARID3A	N6AMT1
TMEM259	OGFR
GPX4	BANF1
GPX4	PSMB5
GPX4	FBXO31
GPX4	DGCR6L
STK11	PCNX3
STK11	CSK
STK11	LRRC45
STK11	AL035461.2
CBARP	NPTXR
ATP5F1D	EIF3I
ATP5F1D	ILF2
ATP5F1D	ZNHIT1
ATP5F1D	AKR1B1
ATP5F1D	PRMT1
MIDN	DNAJB5
CIRBP	MRTO4
CIRBP	AL136382.1
CIRBP	PSEN2
CIRBP	GAL3ST2
CIRBP	LINC02516
CIRBP	KLKB1
CIRBP	AC012636.1
CIRBP	OARD1
CIRBP	BHLHB9
CIRBP	C8orf88
CIRBP	WDYHV1
CIRBP	PTP4A3
CIRBP	LINC00900
CIRBP	ZEB1-AS1
CIRBP	PLEKHA1
CIRBP	OVCH1
CIRBP	PRKAG1
CIRBP	LINC00609
CIRBP	PNN
CIRBP	ZBTB1
CIRBP	AC015660.4
CIRBP	C16orf86
CIRBP	AC015845.2
CIRBP	C19orf48
CIRBP	ZSCAN1
CIRBP	PATZ1
CIRBP	AF064858.1
NDUFS7	RHOF
GAMT	TMEM120A
RPS15	FAU
RPS15	IFI27L2
RPS15	NOX5
RPS15	RPLP1
RPS15	RPS19
C19orf25	ZNF778
PCSK4	SLC6A16
MBD3	STK11
UQCR11	NDUFA13
UQCR11	AC006213.2
REXO1	ZMIZ2
KLF16	SMYD5
KLF16	SMIM10L2B
AC012615.1	LINC00115
AC012615.1	ZNF674-AS1
AC012615.1	SNHG10
ABHD17A	EFHD2
ABHD17A	PURA
SCAMP4	ESR2
CSNK1G2	GALNT9
CSNK1G2	KLF13
CSNK1G2	SBK1
BTBD2	HBEGF
BTBD2	FBXL19
BTBD2	SRCIN1
MKNK2	HNRNPH1
MKNK2	LPXN
MKNK2	TUBA1C
MKNK2	FHOD1
MKNK2	BCAR1
MKNK2	MPPE1
PLEKHJ1	ZFAND2B
PLEKHJ1	ZDHHC4
PLEKHJ1	IRAK1
PLEKHJ1	LRRC24
PLEKHJ1	KCNK7
PLEKHJ1	RHOV
PLEKHJ1	TMUB2
SPPL2B	DGKQ
SPPL2B	LEMD2
SPPL2B	UPP1
SPPL2B	NPEPL1
TMPRSS9	AP000842.2
TMPRSS9	ATP2A1
TIMM13	DNAJC30
TIMM13	HSD17B10
TIMM13	MPG
TIMM13	APRT
TIMM13	TACO1
TIMM13	MACROD2
TIMM13	TMED1
LMNB2	STK11
GADD45B	ATF3
DIRAS1	CDK5R2
DIRAS1	AGPAT1
DIRAS1	CEND1
DIRAS1	USP5
DIRAS1	CCDC184
DIRAS1	PNPO
SGTA	ZNF233
SGTA	NCAPH2
TLE2	ROBO3
AES	ARL8A
AES	ZBTB18
AES	AC012467.2
AES	CPLX2
AES	CDK16
AES	SLC9A3R2
AES	PPP1R1B
AES	H1F0
GNA11	TMEM127
GNA11	LIMK1
GNA11	AC090907.2
GNA11	ZNF205
GNA11	AC005696.4
GNA11	STK11
CELF5	RASAL1
CELF5	PALM
FZR1	TMEM164
FZR1	PALM3
HMG20B	PRDM16
TBXA2R	LINC01446
CACTIN	SDF4
CACTIN	MTA1
PIP5K1C	FBXL13
PIP5K1C	AC087623.4
PIP5K1C	MOB2
MRPL54	DCTN3
ZFR2	AL139423.1
ZFR2	MIR4435-2HG
ZFR2	AC092335.1
ZFR2	ING3
ZFR2	NXNL2
ZFR2	NDOR1
ZFR2	RHCG
ZFR2	CPNE7
ZFR2	TTC25
ZFR2	PYY
ZFR2	OVOL2
ZFR2	AZU1
ZFR2	PBX4
ZFR2	AC022144.1
EEF2	ZNF281
EEF2	ADIPOR1
EEF2	PTCD1
EEF2	GPR85
EEF2	EIF1AX
EEF2	NINJ1
EEF2	C9orf78
EEF2	TRIM68
EEF2	PPP2R5B
EEF2	AIP
EEF2	CCDC84
EEF2	EI24
EEF2	SPOCK2
EEF2	FKBP4
EEF2	HEBP1
EEF2	DDX23
EEF2	DEXI
EEF2	RSL1D1
EEF2	YPEL3
EEF2	KEAP1
EEF2	NR2F6
EEF2	IRF2BP1
PIAS4	AC016957.2
PIAS4	SRCIN1
ZBTB7A	POU3F3
ZBTB7A	TPPP
ZBTB7A	CHD3
ZBTB7A	LZTS3
ZBTB7A	NFIX
SIRT6	URM1
ANKRD24	TMEM39B
AC007292.3	AC112484.1
AC007292.3	LAT2
AC007292.3	PLBD1
AC007292.3	AC135782.1
AC007292.3	TSPAN10
SH3GL1	PTK2B
SH3GL1	RAB11FIP3
SH3GL1	ZMYND8
SH3GL1	USHBP1
SEMA6B	ZNF646
SEMA6B	HCN2
SEMA6B	BRSK1
MYDGF	ZFAND2A
MYDGF	SIVA1
MYDGF	EMC10
DPP9	ZC3H3
MIR7-3HG	FAM27C
FEM1A	LYSMD4
PLIN3	AIF1L
UHRF1	LCP1
KDM4B	AC012074.1
KDM4B	SRRM3
KDM4B	MROH1
KDM4B	IGSF9B
KDM4B	SH3PXD2A
KDM4B	IQSEC3
KDM4B	ANKRD11
KDM4B	DOT1L
RPL36	UQCRB
RPL36	RPL35
RPL36	RPL27
RPL36	POLR2I
C19orf70	ZNF593
C19orf70	MRPL55
C19orf70	AC025178.1
C19orf70	RPP40
C19orf70	BEX5
C19orf70	HINT2
C19orf70	FIBP
C19orf70	NPM3
C19orf70	AC012184.2
C19orf70	AC040169.1
C19orf70	TMEM160
C19orf70	LGALS1
CATSPERD	LMOD1
CATSPERD	AC009299.3
CATSPERD	SHOX
CATSPERD	GFI1B
CATSPERD	MOCOS
CATSPERD	TJP3
CATSPERD	UHRF1
CATSPERD	PLEKHA4
CATSPERD	DMC1
PRR22	LINC02033
CAPS	MROH7-TTC4
ACSBG2	ARHGEF39
ACSBG2	NUSAP1
ACER1	TMEM217
ACER1	CGAS
ALKBH7	SLC22A1
PSPN	VPS37D
GTF2F1	NCL
KHSRP	CACNA1C-AS1
KHSRP	ITFG1-AS1
KHSRP	LINC00470
KHSRP	LMNB2
KHSRP	HNRNPUL1
KHSRP	STRN4
GPR108	ALG12
ADGRE1	ACOXL
AC119396.1	DEPDC4
AC119396.1	WDR93
AC119396.1	AC025627.1
AC119396.1	AC005697.2
AC119396.1	PSG8
PEX11G	HESX1
ZNF358	PCGF2
ZNF358	CENPB
ZNF358	FIZ1
MCOLN1	PGP
PNPLA6	PPP1R9B
PET100	BMX
PET100	LRP4
TRAPPC5	AC003005.2
TGFBR3L	PPDPF
SNAPC2	SERTAD1
CTXN1	AC106869.1
CTXN1	NRGN
CTXN1	PRKCG
CERS4	KIF9-AS1
CERS4	AC004951.1
CERS4	RAB40C
CERS4	GNG7
AC022146.2	CFAP100
AC022146.2	AC073896.2
AC022146.2	AL355001.1
RAB11B	MAPRE3
RAB11B	SNCB
RAB11B	PRRT1
ZNF414	NOXO1
ADAMTS10	ZDHHC1
ADAMTS10	SHC2
ZNF846	ARMH1
FBXL12	PHC1
PIN1	FIS1
PIN1	TRADD
PIN1	NT5C3B
PIN1	MCAT
OLFM2	NCOA3
OLFM2	NANOS3
OLFM2	ZNF492
C19orf66	MRPL24
C19orf66	KLHDC9
C19orf66	LINC00626
C19orf66	AP001781.1
C19orf66	AC016394.2
C19orf66	RHBDL1
C19orf66	AC245060.5
P2RY11	AP006545.2
EIF3G	GPR137
EIF3G	COPRS
MRPL4	ADPRHL2
MRPL4	SCAMP3
MRPL4	SIRT6
ICAM5	CASC15
ICAM5	PLPPR3
ZGLP1	ZNF692
ZGLP1	LINC00951
ZGLP1	CARD9
ZGLP1	DNASE1L2
ZGLP1	CDK10
ZGLP1	AC027796.4
CDC37	UBE3D
CDC37	KSR2
PDE4A	CDH24
PDE4A	STAC2
CDKN2D	PNMA6A
CDKN2D	COPRS
QTRT1	RBMX2
QTRT1	GATD1
DNM2	TNRC18
DNM2	PRKRIP1
DNM2	EXD3
DNM2	BICD1
DNM2	AC011603.2
DNM2	RAB11FIP3
DNM2	KIAA0556
DNM2	RAP1GAP2
DNM2	RAVER1
DNM2	CATSPERG
DNM2	ZNF586
TMED1	AL354822.1
C19orf38	CKM
CARM1	LTBP3
LDLR	STARD4
LDLR	MVD
DOCK6	AC021851.1
DOCK6	CCDC192
DOCK6	SSC4D
DOCK6	SHOC2
DOCK6	ADAM12
DOCK6	TMEM63C
DOCK6	AC119396.1
DOCK6	ELAVL3
RAB3D	NLGN3
RAB3D	MCMDC2
RAB3D	SNAP23
CCDC159	CDC25B
PLPPR2	R3HDM4
PLPPR2	KLF16
PLPPR2	PDGFB
RGL3	NDST4
CCDC151	CPNE9
CCDC151	ZGLP1
PRKCSH	FLOT2
ELAVL3	TCOF1
ELAVL3	SYT7
ELAVL3	HNRNPUL1
ELOF1	UROD
ELOF1	AL359710.1
ELOF1	AC089998.4
ELOF1	SDF2
ELOF1	IDH3B
ZNF441	FBXO4
ZNF441	MUM1L1
ZNF441	ZNF623
ZNF441	CCDC151
ZNF441	ZNF530
ZNF20	METTL7A
ZNF136	AL162274.2
AC008758.4	AC008758.5
WDR83	TSEN54
DHPS	RBM26-AS1
TNPO2	TAOK2
TRIR	TRIM47
ASNA1	GEMIN6
ASNA1	CFC1
ASNA1	SNAPC2
ASNA1	EIF3G
HOOK2	MADCAM1
HOOK2	AC011511.1
FARSA	DNAJC30
CALR	HSP90AB1
CALR	PDIA4
CALR	HSPA5
CALR	HSP90B1
CALR	TMEM97
RAD23A	USP19
RAD23A	CORO1B
RAD23A	PHB2
RAD23A	DHX38
NFIX	ZMIZ1
NFIX	KIF23
NFIX	EPB41L1
NFIX	RRP7A
TRMT1	CCHCR1
TRMT1	DPP7
TRMT1	LINC00941
TRMT1	ACADS
NACC1	TSIX
NACC1	AC093525.6
NACC1	GIT1
NACC1	PLPPR2
STX10	ACAA1
STX10	CYHR1
STX10	MUS81
STX10	METTL3
STX10	SPEF1
STX10	C19orf66
CACNA1A	EFCAB2
CACNA1A	CUX1
CACNA1A	SPI1
CACNA1A	CATSPER2
CACNA1A	AC005670.2
C19orf53	HCG27
C19orf53	MRPS33
C19orf57	DNMT3B
RFX1	CERS5
RFX1	AL627171.2
RFX1	NRSN2-AS1
SAMD1	PTMS
PRKACA	ATAT1
AC011509.2	LINC01091
AC011509.2	PLIN2
AC011509.2	AL445584.2
AC011509.2	AL136962.1
AC011509.2	PRR5
LINC01841	AL691403.1
DDX39A	AC098484.2
DDX39A	FAM50A
DDX39A	WRAP53
GIPC1	C2orf88
GIPC1	CYP39A1
GIPC1	PTP4A3
GIPC1	COQ4
GIPC1	ARRDC1
GIPC1	UEVLD
GIPC1	RPS29
GIPC1	AL122125.1
DNAJB1	EXTL3-AS1
DNAJB1	SERPINH1
DNAJB1	LGMN
DNAJB1	ENGASE
TECR	AL356275.1
TECR	LRIT3
TECR	METTL26
TECR	ALKBH7
NDUFB7	IFI27L2
OR7C1	ADGRG6
OR7C1	AL590764.1
OR7C1	AC007846.2
ILVBL	MIIP
PGLYRP2	AC006974.1
TPM4	TDRD5
TPM4	C9orf129
FAM32A	NEU1
NWD1	PHYHD1
NWD1	LINC02327
SIN3B	ZNF493
USE1	AP001816.1
USE1	DLK2
USE1	NNAT
OCEL1	THAP7
NR2F6	GPR162
NR2F6	ZNF574
MRPL34	DEGS1
MRPL34	SSNA1
MRPL34	TEX30
MRPL34	ZNHIT3
MRPL34	KRT10
MRPL34	C19orf53
DDA1	PNMA6A
DDA1	LRRC14
DDA1	CIB1
DDA1	MPV17L2
DDA1	C21orf2
ANO8	CLCN2
ANO8	SCX
PLVAP	ZNF723
TMEM221	MALL
TMEM221	LY6D
AC010618.3	AL845472.1
AC010618.3	AC025682.1
AC010618.3	AC015795.1
MAP1S	DVL1
MAP1S	ZNF687
MAP1S	FAM107A
MAP1S	NGB
MAP1S	APOL1
AC008761.1	NTRK3-AS1
SLC5A5	ORC1
SLC5A5	AL132780.1
SLC5A5	ABCC11
CCDC124	MRPL28
CCDC124	MCRIP1
KCNN1	CSDC2
ARRDC2	ARC
ARRDC2	FAM83H
ARRDC2	KIFC3
MAST3	NECTIN1
MAST3	MNT
MAST3	AC099850.1
MAST3	CTXN1
AC007192.2	AC010327.3
RAB3A	STMN1
RAB3A	LDOC1
RAB3A	TUBB4B
RAB3A	AVPI1
RAB3A	RBM19
RAB3A	TFAP4
IQCN	KCTD15
JUND	YPEL3
JUND	EEF1A2
JUND	ABHD17A
JUND	SAMD1
LSM4	COMMD8
SSBP4	SYNGAP1
SSBP4	DDX51
SSBP4	CBARP
ISYNA1	FSD1
FKBP8	HPCA
FKBP8	DAXX
FKBP8	MPP1
FKBP8	KLC2
FKBP8	MAPK3
FKBP8	GNAS
FKBP8	GSK3A
KXD1	YPEL4
UBA52	NDUFC1
UBA52	ATP6V0A2
UBA52	FGF7
CRLF1	POLI
REX1BD	POMGNT1
REX1BD	GLMP
REX1BD	NUDT18
REX1BD	APEX1
REX1BD	GALK1
REX1BD	TTLL12
TMEM59L	SRM
TMEM59L	CACFD1
CRTC1	ACAP3
CRTC1	PILRA
CRTC1	ARRB1
CRTC1	SH3GL1
CRTC1	CACNA1A
CRTC1	RFX1
UPF1	KIF9
UPF1	H1FX
UPF1	ZNF518B
UPF1	FOXO4
UPF1	AP003469.4
UPF1	GNAS
COPE	UBL7
COPE	EEF1A2
COPE	RBM42
SLC25A42	CSTF2
SLC25A42	PPP1R26-AS1
SLC25A42	KIF1C
NDUFA13	COX6A1
NDUFA13	SMIM26
YJEFN3	DMAP1
YJEFN3	HSPB1
YJEFN3	EHBP1L1
YJEFN3	LNX2
YJEFN3	AC027682.6
PBX4	TTLL6
ATP13A1	CRABP2
ATP13A1	AC104825.1
ATP13A1	DGAT1
ATP13A1	INPP5E
ATP13A1	SPATA20
AC011477.4	AC006030.1
AC011477.4	GUCA1B
AC011477.4	AC005225.3
ZNF93	FAH
AC008554.1	SLC28A1
ZNF66	ZNF486
ZNF66	ZNF43
ZNF430	GBA
ZNF430	ZNF738
ZNF708	BPHL
ZNF708	AC123912.1
ZNF43	ZNF136
ZNF208	ZNF257
AC024563.1	ZNF99
ZNF730	AC027237.2
ZNF675	AC092835.1
ZNF675	PLSCR2
ZNF675	LINC01618
ZNF675	GSEC
ZNF675	CEP152
ZNF675	ZNF217
ZNF675	AC010615.4
AC005394.1	AC005381.1
UQCRFS1	LRPAP1
UQCRFS1	PTGR1
UQCRFS1	VPS29
UQCRFS1	SELENOS
UQCRFS1	MRPS7
POP4	C1orf56
ZNF536	ERBB4
ZNF536	ZIC1
ZNF536	FBXL7
ZNF536	NXPH1
ZNF536	KANK1
TSHZ3	NKAIN1
TSHZ3	PTGIS
AC025809.1	AC018685.2
AC025809.1	NRIR
AC025809.1	CHN1
AC025809.1	SORCS2
AC025809.1	LINC01336
AC025809.1	ZC3HAV1L
AC025809.1	SLC22A10
AC025809.1	FOXG1-AS1
AC025809.1	PLEKHH1
AC025809.1	GLDN
AC025809.1	DOPEY2
AC008992.1	AC011416.3
PDCD5	SNRPA1
CEBPA	FOXF2
CEBPG	MTHFD2
CEBPG	FAM66C
KIAA0355	ACOT11
KIAA0355	TBC1D8
KIAA0355	ANKRD6
KIAA0355	XKR7
GPI	ITIH4
SCN1B	CAMK2N2
SCN1B	AL391704.2
SCN1B	STX1B
FXYD1	BCAN
FXYD5	NEURL1B
USF2	CPLX2
USF2	CARMIL2
MAG	MOG
MAG	PLLP
MAG	PPP1R14A
DMKN	TP53BP2
DMKN	BAG3
DMKN	AC027020.2
TMEM147	SNAPIN
TMEM147	CUTA
TMEM147	NDUFS3
TMEM147	CD63
TMEM147	MYL6B
TMEM147	TRAPPC1
TMEM147	COX6B1
AD000090.1	DARS2
RBM42	SF3B4
RBM42	PA2G4
COX6B1	NDUFS5
COX6B1	OST4
COX6B1	NDUFA2
COX6B1	COX7A2
COX6B1	TMEM258
COX6B1	ELOB
ZBTB32	AC010307.4
PROSER3	AL157392.5
APLP1	CPTP
APLP1	KCNJ9
APLP1	PEA15
APLP1	ACTB
APLP1	RHBDD2
APLP1	TSPAN7
APLP1	FAM104B
APLP1	RTL8C
APLP1	LDOC1
APLP1	STAR
APLP1	TMEM25
APLP1	RUNDC3A
LRFN3	NACAD
AF038458.3	LINC02356
AF038458.3	AC009690.3
AF038458.3	AC093249.2
SDHAF1	H2AFJ
SYNE4	KLF11
ALKBH6	AL358933.1
ALKBH6	TSTA3
ALKBH6	OGFOD2
CLIP3	SV2A
CLIP3	NUCKS1
CLIP3	TUBB
CLIP3	GDI1
CLIP3	FBXL16
POLR2I	SSR4
POLR2I	KIF22
TBCB	MEAF6
TBCB	TAGLN3
TBCB	IDH3G
TBCB	THAP11
TBCB	PFN1
TBCB	EIF4A1
TBCB	RFXANK
CAPNS1	PEF1
CAPNS1	USP11
CAPNS1	RTL8C
CAPNS1	SMIM10L2A
CAPNS1	OTUB1
CAPNS1	ARHGDIA
CAPNS1	GPS1
ZNF565	CCDC12
ZNF565	AP1AR
ZNF565	GPRC5D-AS1
ZNF790	MZF1-AS1
ZNF345	AL583808.2
ZNF345	AC005899.3
AC010632.1	AL080250.1
AC010632.1	AC066612.1
AC093227.2	AURKC
SIPA1L3	GTF2IRD1
SIPA1L3	ADCY9
DPF1	BAIAP2
YIF1B	C4orf48
YIF1B	RAB30-AS1
KCNK6	KIAA1024L
KCNK6	GRK6
KCNK6	AL662899.1
KCNK6	C9orf72
KCNK6	ABCC3
PSMD8	ANTXR1
PSMD8	ZNF133
PSMD8	CLPP
SPRED3	LOR
SPRED3	SPRED2
SPRED3	PER2
SPRED3	AC109779.1
SPRED3	ETV5
SPRED3	SPRY4
SPRED3	RPS6KL1
SPRED3	RPS6KA5
SPRED3	SPATA2L
SPRED3	BAIAP2-DT
SPRED3	MAFG-DT
RYR1	SGK3
ACTN4	ACTL6A
HNRNPL	AP5Z1
CCER2	AL021368.3
MRPS12	CCDC85B
FBXO17	CUEDC1
SAMD4B	VPS37B
PAF1	ALDH9A1
PAF1	FUZ
MED29	MBNL1-AS1
MED29	TCEAL5
RPS16	CNIH3
RPS16	POLR2L
RPS16	ARNTL2
RPS16	KIAA0556
EID2B	ILF3-DT
AC005393.1	AC104985.2
DYRK1B	DCAF8
PSMC4	NACA
ZNF780B	ANKRD36B
ZNF780B	KANTR
ZNF780B	ZNF155
TTC9B	FAAP20
TTC9B	PSMG3
TTC9B	AF241726.2
CNTD2	BTN2A2
CNTD2	C9orf24
CNTD2	NPR2
CNTD2	PYROXD2
CNTD2	ZNF788P
AKT2	UCP3
HNRNPUL1	PABPC3
HNRNPUL1	AC020779.2
HNRNPUL1	AC015967.1
HNRNPUL1	KRI1
AC243967.1	HDAC1
RPS19	AL022322.1
RABAC1	SLC25A6
RABAC1	PCSK1N
RABAC1	STMN4
RABAC1	GPX4
RABAC1	ASNA1
RABAC1	ECH1
RABAC1	INAFM1
ZNF574	ARFIP2
POU2F2	SLC25A43
POU2F2	EMID1
GSK3A	TESK1
GSK3A	FAM89B
GSK3A	CNIH2
GSK3A	AKT1
GSK3A	STX1B
GSK3A	AL121900.2
GSK3A	SERINC3
GSK3A	SPATA2
GSK3A	AES
GSK3A	SCAF1
CIC	AKT1
CIC	GUCD1
PAFAH1B3	IGFBP5
PAFAH1B3	AL035530.2
PAFAH1B3	PARP12
PAFAH1B3	TIMP1
PAFAH1B3	MOB3B
PAFAH1B3	KIAA0556
PAFAH1B3	TIMM22
PAFAH1B3	ATP5F1D
PAFAH1B3	PRR19
TMEM145	HES7
LIPE-AS1	DNAJC27-AS1
LIPE-AS1	ORC3
CXCL17	CEACAM1
CEACAM1	AC105339.3
AC004784.1	SYCP2L
AC004784.1	CD81-AS1
AC004784.1	AC021752.1
AC004784.1	PSG8-AS1
ZNF428	AAMP
ZNF428	ETFB
CADM4	POLR2M
CADM4	PIM3
AC006213.2	AC104506.1
AC006213.2	ARF5
AC006213.2	AC005363.2
AC006213.2	AC136944.2
AC006213.2	AC005696.1
ZNF155	PCDHGA1
ZNF155	AC006213.3
ZNF226	ZNF234
AC243964.2	AL020995.1
AC243964.2	CACNA1C-AS1
AC243964.2	CCDC65
AC243964.2	AC069437.1
AC243964.2	LINC02250
AC243964.2	C15orf53
AC243964.2	SNAI3
AC243964.2	AC091153.2
AC243964.2	AC024267.4
AC243964.2	UBOX5-AS1
AC243964.2	GCNT7
AC243964.2	AC022146.2
AC243964.2	RASGRP4
AC243964.2	NUCB1-AS1
AC243964.2	AC006547.1
AC243964.2	LCA5L
APOE	AGT
APOE	VIM
APOE	CST3
GEMIN7-AS1	ATRIP
GEMIN7-AS1	SNX16
NKPD1	NOSTRIN
CKM	ASB17
PPP1R13L	AC090844.2
FOSB	PTGS2
SNRPD2	NCK2
SNRPD2	FAM24B
BHMG1	AL133387.2
DMPK	PKD1
RSPH6A	KANK4
IRF2BP1	RAC1
IRF2BP1	KBTBD6
IRF2BP1	ZNF319
CCDC61	SH3D21
CCDC61	ACSL6
PGLYRP1	AL136988.2
PGLYRP1	AC087190.1
AC007785.3	FRMD8
AC007785.3	SREBF1
AC006262.2	IGFL2-AS1
HIF3A	CSF1R
PNMA8A	COA7
PNMA8A	TGOLN2
PNMA8A	REEP5
PNMA8A	GABRA1
PNMA8A	POLE3
PNMA8A	FANCF
PNMA8A	THY1
PNMA8A	ARL1
PNMA8A	C12orf43
PNMA8A	MOAP1
PNMA8A	SEPHS2
PNMA8A	RAB3A
PNMA8A	PNMA8C
CALM3	NSG2
DACT3-AS1	YEATS2-AS1
PRKD2	CACNA2D4
PRKD2	ADCY7
PRKD2	ZNF225
STRN4	NCK1-DT
STRN4	AC026790.1
STRN4	TRO
STRN4	ZNF385A
STRN4	SOX8
AP2S1	LMAN2
AP2S1	RGS3
AP2S1	PAN3
AP2S1	OAZ2
TMEM160	FKBPL
TMEM160	CD99L2
TMEM160	SLC39A4
TMEM160	CHRNB1
TMEM160	DDA1
C5AR1	LY6E-DT
DHX34	PRR7-AS1
DHX34	AC092384.1
NAPA	EMD
NAPA	KLC2
EHD2	BLACE
NOP53	SUMO2
SELENOW	LSM10
SELENOW	C1orf52
SELENOW	FCRLB
SELENOW	TUBA4A
SELENOW	BRK1
SELENOW	PRELID1
SELENOW	AP1S1
SELENOW	BEX3
SELENOW	LAGE3
SELENOW	DCTN3
SELENOW	C1QTNF4
SELENOW	AP001160.2
SELENOW	SNRNP25
SELENOW	MRPS12
TMEM143	AL390838.1
GRWD1	SLC35A4
GRWD1	ARMC6
LMTK3	HSFY2
RPL18	HNRNPA1P48
RPL18	NLRP1
RPL18	NOP53
RPL18	RPL28
NUCB1	NAPA
NUCB1-AS1	AL713999.1
NUCB1-AS1	AP001783.1
BAX	DALRD3
BAX	ALG3
BAX	SURF1
BAX	NPIPB5
BAX	HSPA12B
BAX	CTSZ
GYS1	PFKFB4
LIN7B	PRADC1
LIN7B	C2CD2L
PPFIA3	TMCC2
PPFIA3	AL161716.1
SLC6A16	AL136317.2
SLC17A7	SCAMP5
SLC17A7	CTSA
PIH1D1	WDR83
RPL13A	BX284668.5
RPL13A	CAND2
RPL13A	AC024230.1
RPL13A	LARP7
RPL13A	AC008581.2
RPL13A	C6orf48
RPL13A	ALDH8A1
RPL13A	DANT2
RPL13A	RPS20
RPL13A	AZIN1-AS1
RPL13A	RPL27A
RPL13A	TMEM19
RPL13A	RPLP0
RPL13A	SNHG19
RPL13A	ITGAE
RPL13A	RPL23
RPL13A	RPS16
RPL13A	C19orf81
RPS11	RPL22
RPS11	RBM8A
RPS11	FABP5
RPS11	HNRNPA1
RPS11	RPLP0
RPS11	CLEC16A
RPS11	MT1X
RPS11	AC099521.1
RPS11	RPL36
RPS11	RPS28
NOSIP	SIRT4
SCAF1	ATMIN
IRF3	NGB
PRMT1	DTYMK
PRMT1	NDUFS7
CPT1C	SMARCD3
CPT1C	ADAMTSL2
CPT1C	IL34
PTOV1	HYI
PTOV1	ATXN7L2
PTOV1	AL354760.1
PTOV1	USP21
PTOV1	WDR6
PTOV1	SLC12A9
PTOV1	SLC4A2
PTOV1	MTA2
PTOV1	SPINDOC
PTOV1	CXXC1
PTOV1	PRKCSH
PTOV1	U2AF2
TBC1D17	CCDC39
AC010624.2	ST3GAL3
AC010624.2	FAM177B
AC010624.2	NOMO1
AC010624.2	TUBB3
MYH14	LINC01137
MYBPC2	ACOT1
JOSD2	FABP3
JOSD2	CD320
SHANK1	GPI
KLK14	AC009404.1
ETFB	TIMM10
ETFB	RFX1
SPACA6	NDST1
SPACA6	ARID3B
ZNF577	AC007040.2
ZNF577	AP003063.1
ZNF577	ZNF248
ZNF577	AEBP2
ZNF577	AL136531.2
ZNF649	SLC35E2B
ZNF649	AGPAT1
ZNF649	AC138969.1
ZNF649	EDC4
PPP2R1A	ST3GAL3
PPP2R1A	VPS72
PPP2R1A	SBDS
PPP2R1A	GNB2
PPP2R1A	PSMD10
PPP2R1A	PHYHIP
PPP2R1A	PTPA
PPP2R1A	CS
PPP2R1A	RAB11B
ZNF761	ZNF813
MYADM	C15orf59
NDUFA3	AL807752.6
CNOT3	FLII
CNOT3	U62317.3
LENG1	AC027644.3
MBOAT7	SYNPR-AS1
TSEN34	NFKBIB
RPS9	AC009506.1
LAIR1	DENND1C
AC245884.10	AC245884.8
LENG8	AL391244.3
LENG8	UCN
LENG8	AC090360.1
AC011476.3	NLRP2
SYT5	MAGIX
SYT5	BAIAP3
SYT5	LINC01908
TMEM86B	TAGLN
BRSK1	LANCL1-AS1
BRSK1	LIMK1
BRSK1	BTBD2
BRSK1	ZNF865
RPL28	DCXR
UBE2S	ENDOG
UBE2S	RRAS
SHISA7	KCNH3
SHISA7	MMP17
SHISA7	IL16
SHISA7	SPNS2
ISOC2	BCL2L10
ZNF579	AC022523.1
CCDC106	B4GALT3
CCDC106	RXRB
CCDC106	NUTF2
CCDC106	GPX4
U2AF2	CTBP1
U2AF2	CNOT3
EPN1	THRA
ZNF582-AS1	AC078846.1
ZIM2	TOPAZ1
ZIM2	AL445430.1
ZIM2	ZNF239
ZIM2	SLC35G1
ZIM2	FAM210A
ZNF460	AL021068.1
AC003006.1	AP002812.2
AC003006.1	PLD2
AC003006.1	ATAD5
ZNF776	CCDC163
ZNF776	AC073534.2
ZNF586	FARP2
ZNF586	ZFYVE28
ZNF586	RFWD3
ZNF586	GYS1
ZNF418	TMEM238
ZSCAN1	FAM57A
AC020915.3	AC097461.1
AC020915.3	LINC02482
RPS5	CD14
RPS5	EEF1A1
RPS5	LINC01492
RPS5	RPS29
ZNF324B	USP46-AS1
TRIM28	BAG6
TRIM28	UBA1
TRIM28	AL132709.1
TRIM28	NAA60
TRIM28	P4HB
CHMP2A	LRRC28
CHMP2A	ADM5
UBE2M	SRM
UBE2M	CD81
UBE2M	TAF10
UBE2M	FAM89B
UBE2M	ANKRD9
UBE2M	SLC9A3R2
UBE2M	MXRA7
MZF1-AS1	DYNLRB2
MZF1-AS1	AP000704.1
RPS4Y1	EIF1AY
AC006157.1	TMSB4Y
AC006157.1	AC010889.1
AC006157.1	EIF1AY
ZFY-AS1	TMSB4Y
USP9Y	UTY
TTTY14	ZFY
TTTY14	TTTY15
TTTY14	NLGN4Y
TTTY14	TTTY10
AC010889.1	DDX3Y
AC010889.1	KDM5D
AC010889.1	TTTY10
KDM5D	XIST
KDM5D	DDX3Y
GAB4	AL136018.1
ADA2	AC109454.2
ADA2	AL450306.1
CECR2	RELN
CECR2	MSR1
CECR2	PAWR
SLC25A18	ACAN
ATP6V1E1	PSMB2
ATP6V1E1	ENOPH1
ATP6V1E1	PSMA4
ATP6V1E1	GLOD4
ATP6V1E1	AC245884.1
MICAL3	AC016727.1
MICAL3	GALNT17
MICAL3	KLHDC4
MICAL3	ZBTB46
MICAL3	KDM4B
TUBA8	ORC6
TMEM191B	TMEM191C
AC007326.4	IFI27
CLTCL1	LINC01508
MRPL40	PSMB6
SEPT5	GLYCTK
SEPT5	DMWD
TANGO2	TOP1MT
TANGO2	VPS9D1
AC006547.1	RNF213
TRMT2A	RIN1
TRMT2A	HAGHL
TRMT2A	ARFRP1
RANBP1	NDUFS2
RANBP1	HMGN3
RANBP1	C8orf76
RANBP1	THYN1
RTN4R	FSCN1
RTN4R	IER5L
DGCR6L	BRWD1-AS1
KLHL22	DNMT3A
KLHL22	CCDC142
KLHL22	PSMD6
KLHL22	CCDC125
KLHL22	ATXN7L1
KLHL22	ZNF710
KLHL22	SARM1
KLHL22	PVALEF
KLHL22	C19orf44
KLHL22	AC010522.1
CRKL	DECR1
THAP7	ZNF408
THAP7	ZNF628
YDJC	INKA1
YDJC	STMN3
SDF2L1	MANF
MAPK1	THSD8
AC245060.6	DLEU7-AS1
AC245060.6	AC084756.1
DRICH1	AP000345.2
RGL4	AC079061.1
CHCHD10	ISG15
CHCHD10	AL353759.1
CHCHD10	SNCG
CHCHD10	FAM71E1
AP000350.5	STAG1
AP000350.5	AC023905.1
AP000350.5	Z95115.1
SLC2A11	CDCA4
SPECC1L	TARDBP
LRRC75B	TELO2
SGSM1	AC009690.3
KIAA1671	RASSF5
KIAA1671	ADCY5
KIAA1671	ECI2
AL022323.4	AC245748.1
GRK3	TSEN15
GRK3	MBOAT2
GRK3	ADAM23
GRK3	ANKMY2
GRK3	CDK4
GRK3	SLC38A6
GRK3	SH3GL3
GRK3	NOSIP
GRK3	USP25
GRK3	PCNT
MYO18B	CYP27C1
MYO18B	AC007277.1
MYO18B	AC093895.1
MYO18B	PPP1R3A
MYO18B	ASMT
MYO18B	TMC1
MYO18B	AC024475.4
MYO18B	GRTP1
MYO18B	AC099508.2
MYO18B	GDF5
MYO18B	WFDC3
MYO18B	LINC01524
MYO18B	AC011509.2
MYO18B	PTPRH
Z95115.1	LRRD1
TPST2	KCNH4
MIAT	EPHA10
MIAT	TPST2
MIATNB	AC092119.2
HSCB	TTLL4
CCDC117	AC113346.2
CCDC117	PHF10
CCDC117	ARL5B
CCDC117	IKZF5
CCDC117	RANGAP1
XBP1	HSPA5
GAS2L1	TADA3
GAS2L1	CHPF2
GAS2L1	MCRS1
GAS2L1	GRN
GAS2L1	APOL2
RASL10A	KLHL35
NIPSNAP1	ASL
UQCR10	UQCRH
UQCR10	CHCHD1
UQCR10	LDHB
UQCR10	SRP14
UQCR10	TXNDC17
SF3A1	USP19
SF3A1	CHST2
SF3A1	LSM14B
RNF215	RNF207
SEC14L2	ZNF786
GAL3ST1	SIAE
GAL3ST1	CHST6
DUSP18	ARHGAP29
DUSP18	NBPF9
DUSP18	ATP2B4
DUSP18	MAP1LC3B2
OSBP2	R3HDM2
OSBP2	ABCB9
OSBP2	PITPNM2
OSBP2	NOL4L
MORC2-AS1	TTC14
MORC2-AS1	AL442128.2
SELENOM	ZNHIT2
SELENOM	RILP
SELENOM	COA3
SELENOM	NPB
SELENOM	SNRPB
SELENOM	TXN2
PRR14L	AC006581.2
PRR14L	AC010326.2
Z82190.2	AC079354.1
Z82190.2	ANKDD1B
Z82190.2	AC128707.1
Z82190.2	LTBP2
Z82190.2	FAM129C
Z82190.2	NPAS1
YWHAH	EFNA3
YWHAH	CASQ1
YWHAH	C1orf220
YWHAH	AC100814.1
YWHAH	OLFM1
YWHAH	TUBA1B
YWHAH	AC048341.1
YWHAH	SLC22A17
YWHAH	KPNA2
SLC5A4-AS1	RFPL2
SLC5A4-AS1	AL008723.1
SLC5A4-AS1	AL008723.3
SYN3	MYBPHL
SYN3	ITGA9
SYN3	PDZD2
SYN3	AL512380.1
SYN3	CIT
TIMP3	AL138828.1
TIMP3	ZBTB39
TIMP3	PRR14L
LARGE1	SLIT3
LARGE1	LHFPL5
LARGE1	GRIK4
LARGE1	SLIT1
LARGE1	FOXN3
LINC01643	RDM1
Z82196.2	LINC01821
Z95114.4	MIR4422HG
Z95114.4	ANXA13
Z95114.4	NPW
MYH9	LNP1
TXN2	FBXO2
TXN2	POMC
TXN2	PDAP1
TXN2	NEFM
TXN2	POLR2E
TXN2	TOMM40
TXN2	XRCC6
CACNG2	KIAA1614
CACNG2	PLXNA2
CACNG2	ZDHHC14
CACNG2	AC069120.1
CACNG2	CAMK1D
CACNG2	RBFOX3
CACNG2	GATAD2A
MPST	PMP22
MPST	HMG20B
ELFN2	DISP3
ELFN2	KLF7
ELFN2	NDUFB4
ELFN2	TMEM229B
ELFN2	FXYD5
TRIOBP	Z83844.1
AL031587.2	AC104699.1
AL031587.2	AC073575.1
AL031587.2	SLC24A5
AL031587.2	EDDM13
CSNK1E	ARHGEF25
CSNK1E	PABPN1
CSNK1E	TAOK2
KCNJ4	CDKN1C
KCNJ4	ETS2
TOMM22	KLHDC3
TOMM22	TMED2
SUN2	SEMA4C
AL021707.1	PCDHB14
AL021707.1	HK3
NPTXR	HR
NPTXR	NECTIN1
CBX6	SLC48A1
CBX6	TNFSF9
CBX7	ZNF629
AL031846.2	TCF7
AL031846.2	TSPAN11
AL031846.2	AC009060.1
PDGFB	PDGFA
PDGFB	TLE3
PDGFB	METRNL
AL031590.1	NTN5
RPL3	JAM3
MGAT3	GJC2
MGAT3	ZNF107
MGAT3	ZNF226
MIEF1	MCFD2
MIEF1	ASB1
RPS19BP1	MRPL54
RPS19BP1	SDHAF1
CACNA1I	PTPRU
CACNA1I	SLC43A1
ENTHD1	C1orf141
ENTHD1	AC011306.1
ENTHD1	TENT5D
ENTHD1	TBL1Y
SGSM3	LINC01106
SGSM3	QARS
SGSM3	DPP7
SGSM3	SULT1A3
SGSM3	AC005899.6
SGSM3	HCRT
SGSM3	NDC80
SGSM3	NDUFA3
AL022238.2	AP002336.2
AL022238.2	BCL2L14
AL022238.2	RAB11A
AL022238.2	AC018845.1
AL022238.2	MARVELD3
AL022238.2	HIGD1B
AL022238.2	AC021491.1
ST13	C2orf69
ST13	FKBP4
ST13	HSPH1
ST13	AC093512.2
ST13	ARHGEF1
AL035658.1	FAM217A
AL035681.1	C5orf66
AL035681.1	AC020913.1
AL035681.1	BICRA-AS1
RANGAP1	RAPGEF3
RANGAP1	KIF26A
TEF	TMEM167B
TEF	ELK1
TEF	C14orf132
TOB2	ZFP3
PHF5A	SARNP
CSDC2	AC148477.2
PMM1	NDUFV1
XRCC6	DDX24
XRCC6	MRPS23
XRCC6	KDELR1
XRCC6	SPATC1L
SNU13	CLTA
C22orf46	AC092667.1
MEI1	ZP3
MEI1	CCDC134
CCDC134	KAZN
CCDC134	AC073349.1
AL021453.1	AL356488.3
SEPT3	RAB6B
SEPT3	UBE2QL1
SEPT3	AF111167.2
SMDT1	RPL9
SMDT1	MRPL36
SMDT1	HDDC2
SMDT1	CENPX
NDUFA6	MAGEC3
TCF20	ACP1
TCF20	AC092620.1
TCF20	AC019163.1
TCF20	NUDT12
TCF20	AL512428.1
TCF20	RAI2
TCF20	FGF9
TCF20	AC040173.1
TCF20	PALM
TCF20	ZIM2-AS1
TTLL1	AC068533.4
TTLL1	MAN2B1
TTLL1	NIPSNAP1
TSPO	C1QL1
SCUBE1	THSD7B
SCUBE1	ADGRG6
SULT4A1	AL139807.1
SULT4A1	PGM2L1
SULT4A1	CDKN2D
PARVB	PLA2G2C
PARVB	TMX1
PARVB	RAB36
PRR5	AP002026.1
PRR5	HTR2A
PRR5	AC026458.2
PRR5	AC018554.1
PRR5	ADAP2
PRR5	AC105094.2
PRR5	PNPLA3
KIAA0930	UCKL1
MIRLET7BHG	TRAM2-AS1
MIRLET7BHG	AL354892.1
MIRLET7BHG	ZBED4
PPARA	AC099792.1
PPARA	LINC01170
PPARA	NHSL1
PPARA	CHST7
PPARA	COL15A1
PPARA	HSD17B6
PPARA	TTC38
TRMU	NLRX1
TRMU	FKBP10
TRMU	TMEM147-AS1
AL118516.1	AL031432.3
AL118516.1	AL359504.2
AL118516.1	AC079922.2
AL118516.1	AC010331.1
AL118516.1	CLEC11A
TBC1D22A	ARHGEF10L
TBC1D22A	TRAF3IP1
TBC1D22A	ATG7
TBC1D22A	SCFD2
TBC1D22A	TMED7-TICAM2
TBC1D22A	GMDS-DT
TBC1D22A	TRAM2
TBC1D22A	MED27
TBC1D22A	TECTA
TBC1D22A	PKNOX2
TBC1D22A	ZMIZ1-AS1
TBC1D22A	LHPP
TBC1D22A	AC090115.1
TBC1D22A	UBAC2
TBC1D22A	PMM2
TBC1D22A	AC007495.1
TBC1D22A	OMG
TBC1D22A	MYO19
TBC1D22A	AC025048.4
AL117329.1	P3H2
FP325330.3	DDX20
FAM19A5	ZWILCH
FAM19A5	BCL2
BRD1	AL162431.2
BRD1	MELTF
BRD1	MSANTD3
CRELD2	NIT1
PIM3	NOD1
PIM3	KLF2
MLC1	SLCO1C1
PANX2	MAP3K12
TUBGCP6	ADCK5
TUBGCP6	RPS6KB2
TUBGCP6	BRICD5
TUBGCP6	CDK3
HDAC10	VARS2
HDAC10	CPSF1
HDAC10	GRIN1
HDAC10	PDIA2
PLXNB2	PLCH2
PLXNB2	TNFRSF25
PLXNB2	MAP3K6
PLXNB2	HCN3
PLXNB2	AL359921.1
PLXNB2	SRPK3
PLXNB2	PLXNA3
PLXNB2	PLEC
PLXNB2	GNB3
PLXNB2	MBD6
PLXNB2	PXN
PLXNB2	LAMA5
PLXNB2	COL18A1
PLXNB2	COL6A1
LMF2	RHPN1
LMF2	OGFOD2
LMF2	KIAA0895L
U62317.3	BIN1
U62317.3	DNAJB2
U62317.3	CELSR3
U62317.3	PIAS4
CPT1B	MYLPF
MAPK8IP2	BAP1
MAPK8IP2	CAMK2B
MAPK8IP2	RNF208
MAPK8IP2	ZMYND19
MAPK8IP2	C11orf68
MAPK8IP2	PITPNM1
MAPK8IP2	MMP15
ARSA	GBA
SHANK3	SPEN
SHANK3	PDCD7
FP565260.1	GATD3A
FP565260.6	FP565260.1
FP565260.6	PWP2
CU633967.1	AC011043.1
FP671120.1	AC105402.3
FP671120.1	FP236383.1
CR381653.1	AL121985.1
AP001347.1	ZNF701
LIPI	FSIP2
HSPA13	UBE2Q1
HSPA13	MOB4
HSPA13	TMEM30A
HSPA13	NUDT11
HSPA13	PGAM5
HSPA13	EIF4A1
NRIP1	AC092652.2
NRIP1	AC139887.2
NRIP1	CYB5R4
NRIP1	UMAD1
NRIP1	JPH1
NRIP1	RNF169
NRIP1	AL354824.1
AF127577.2	AC026412.3
USP25	ATP8A1
USP25	ARMC7
MIR99AHG	ZMYND8
MIR99AHG	SLC5A4-AS1
BTG3	CXADR
CHODL	LINC02378
CHODL	C21orf91
TMPRSS15	MALRD1
NCAM2	AK5
NCAM2	ZEB2
NCAM2	BX322234.1
NCAM2	AC140912.1
LINC01692	C9orf152
LINC01692	MAP4K1
AP000146.1	AC106729.1
AP000146.1	RUNX1
AP001341.1	ATP6V0A4
AP001341.1	AP000146.1
AP001341.1	LINC00158
LINC00158	PPARG
ATP5PF	MRPS15
ATP5PF	SEC61B
ATP5PF	AC084033.3
ATP5PF	NDUFA12
ATP5PF	COX5A
ATP5PF	ATP5PD
ATP5PF	AC010325.1
AP000229.1	BUB1B-PAK6
CYYR1-AS1	AP001596.1
CYYR1-AS1	AP001599.1
AP001605.1	AP001604.1
LINC01695	AP001605.1
N6AMT1	AC008966.1
N6AMT1	HCK
CCT8	TAMM41
CCT8	PSMD6
CCT8	AL357054.3
CCT8	PSMB1
CCT8	MAMDC2-AS1
CCT8	FBXW8
CCT8	GTF3A
CCT8	TPT1
CCT8	UBAC2
TIAM1	ESRP1
SOD1	PRDX1
AP000254.1	AC013468.1
AP000254.1	LINC01301
HUNK	CYB561
LINC00159	ZNF124
LINC00159	ESYT3
LINC00159	RPS10-NUDT3
LINC00159	GCNA
LINC00159	SNX31
LINC00159	UTP23
LINC00159	GKAP1
LINC00159	RBM14-RBM4
LINC00159	AL160290.2
LINC00159	AL355773.1
LINC00159	ABCD4
LINC00159	AC090518.1
LINC00159	KLK14
LINC00159	AP001347.1
MIS18A	RCC1
MIS18A	DLG5
URB1-AS1	PEX10
URB1-AS1	AL049597.2
URB1-AS1	AC083880.1
URB1-AS1	LOH12CR2
URB1-AS1	AP000275.2
EVA1C	AC093151.3
EVA1C	SPR
EVA1C	GRK4
EVA1C	AL009179.1
EVA1C	BEND3
EVA1C	SAMD12-AS1
EVA1C	ETFA
EVA1C	PIPOX
EVA1C	TTC25
EVA1C	AC138150.1
PAXBP1-AS1	BACH2
PAXBP1-AS1	AL356599.1
PAXBP1	LINC01954
PAXBP1	S1PR3
OLIG2	HEPACAM
OLIG1	OLIG2
SON	LGALS3
AP000311.1	HSD11B1
AP000311.1	ZNF669
AP000311.1	AC013472.2
AP000311.1	SLC3A1
AP000311.1	AC015971.1
AP000311.1	AC005237.1
AP000311.1	OCIAD1-AS1
AP000311.1	PRSS48
AP000311.1	AC106744.1
AP000311.1	AC244517.2
AP000311.1	AC087071.2
AP000311.1	AC100800.1
AP000311.1	AC025871.1
AP000311.1	AL591926.2
AP000311.1	AL157938.2
AP000311.1	AC100763.1
AP000311.1	AP002433.1
AP000311.1	AL138760.1
AP000311.1	AC010168.1
AP000311.1	HVCN1
AP000311.1	AL359706.1
AP000311.1	AL139353.2
AP000311.1	AL139021.1
AP000311.1	ACOT6
AP000311.1	AC022872.1
AP000311.1	AC022558.2
AP000311.1	AC027130.1
AP000311.1	ACSM3
AP000311.1	AC008731.1
AP000311.1	AC010542.2
AP000311.1	AC009137.1
AP000311.1	AC005746.2
AP000311.1	AP001011.1
AP000311.1	AC104365.1
AP000311.1	AL035071.2
AP000311.1	AC008758.2
AP000311.1	AC002116.2
AP000311.1	FUT2
AP000311.1	AL035681.1
LINC00310	AP000317.1
KCNE2	AL353613.1
CBR3	LINC01703
DOPEY2	METTL6
DOPEY2	LINC00265
DOPEY2	ZNF157
DOPEY2	CORO2A
DOPEY2	NCAPD2
DOPEY2	AQP4
AP000695.1	SLCO2B1
PIGP	DNAJC3-DT
DYRK1A	AC019186.1
DYRK1A	QARS
DYRK1A	AC007620.2
DYRK1A	CHIC2
DYRK1A	CXorf56
DYRK1A	AC015813.2
DYRK1A	MYBPC2
KCNJ6	AC114490.3
KCNJ6	RNF2
KCNJ6	PDCD5
KCNJ6	SEZ6L
ERG	PLEKHH2
ERG	SEPT10
ETS2	FAM189A2
HMGN1	MED8
HMGN1	AC002127.2
HMGN1	AC090229.1
B3GALT5	IGSF5
DSCAM	ROPN1L
DSCAM	SORCS1
DSCAM	MSI2
DSCAM	IGFL4
BACE2	DHRS3
BACE2	TACC1
BACE2	SDC2
BACE2	GLDC
BACE2	DNAI1
ZBTB21	IZUMO1
ABCG1	RARG
RSPH1	C2orf48
RSPH1	AL590428.1
RSPH1	GSDME
RSPH1	BAALC-AS2
RSPH1	HRASLS5
RSPH1	FFAR4
RSPH1	DMKN
PDE9A	DAPL1
PDE9A	HCLS1
PKNOX1	KRTAP5-AS1
PKNOX1	M6PR
PKNOX1	AC116552.1
U2AF1	U2AF1L5
CSTB	TMA7
CSTB	MRPL32
CSTB	MRPL17
CSTB	SYVN1
PWP2	FP565260.1
AIRE	RAP1GAP
C21orf2	AC009652.2
C21orf2	TRMT61A
SUMO3	GMFB
SUMO3	AL035071.1
ADARB1	AC011995.2
ADARB1	LINC01918
ADARB1	AC016745.2
ADARB1	AC079341.1
ADARB1	ZBED3
ADARB1	AC040970.1
ADARB1	AKR1C1
ADARB1	KRT17
ADARB1	LUC7L3
ADARB1	SPAG4
PCBP3	CDK18
PCBP3	PLSCR4
PCBP3	ZHX2
PCBP3	DAPK2
PCBP3	OR3A2
FTCD	SPATC1L
DIP2A	TLE1
AL354822.1	CR381653.1
