AGRN	MAP4K2
SCNN1D	AL159169.2
SCNN1D	LAT
SCNN1D	NCAPH2
ACAP3	RAPGEF3
ACAP3	CLUH
DVL1	THOP1
AURKAIP1	S100A16
AURKAIP1	C6orf47
AURKAIP1	SNRPC
AURKAIP1	SURF2
AURKAIP1	SIVA1
AURKAIP1	STUB1
AURKAIP1	TSR3
AURKAIP1	TUFM
AURKAIP1	TIMM13
AURKAIP1	PAF1
AURKAIP1	ZNF428
TMEM88B	AL022069.1
ATAD3C	ZNF883
ATAD3C	WFIKKN1
ATAD3C	C5AR1
MIB2	TUBGCP6
CDK11B	CDK11A
CDK11B	CNRIP1
PRKCZ	KYAT1
PRKCZ	EPB41L1
PANK4	TRAF7
AL589702.1	AL122034.1
AL589702.1	TMEM229B
LINC01134	AC019118.2
NPHP4	KLKB1
NPHP4	BMP2
CHD5	LINC01106
CHD5	UPP1
CHD5	SRRM3
CHD5	ADGRB1
CHD5	KCNH3
CHD5	MIR9-3HG
TNFRSF25	LINC00599
NOL9	ACBD3
KLHL21	GPATCH11
KLHL21	TMED7-TICAM2
KLHL21	AC244517.10
KLHL21	TRIM8
KLHL21	FAM19A2
KLHL21	IRS2
KLHL21	SIRT7
AL512330.1	LAMB1
AL512330.1	ZBTB7A
AL359881.1	AL359881.3
VAMP3	TLN1
PER3	PER2
ERRFI1	PMP2
AL096855.1	AC068831.7
MIR34AHG	LINC01759
LINC01759	FAS
SPSB1	ZMIZ1
CTNNBIP1	BCORL1
CTNNBIP1	AL138820.1
CTNNBIP1	MOB3A
AL139424.2	CS
TARDBP	ZNF506
TARDBP	SPECC1L
FBXO2	AC046136.1
FBXO2	ZNF219
FBXO2	PGP
FBXO44	SNHG12
MAD2L2	AGTRAP
TNFRSF1B	SLCO2B1
KAZN	PTPRM
TMEM51-AS1	AL355987.3
AL450998.2	LINC00909
SPEN	FABP3
SPEN	RIT1
SPEN	VAMP5
SPEN	LSMEM2
SPEN	HDAC3
SPEN	PCMTD2
SPEN	TMEM160
NECAP2	CYB5A
BX284668.5	TOMM40L
PADI2	GRIA3
PADI2	HHIPL1
PADI4	AC034243.1
PADI4	AKR1D1
PADI4	AMOT
PADI4	RASSF7
PAX7	ERVK-28
FAM43B	GPR85
HP1BP3	CLK1
HP1BP3	PPIL3
HP1BP3	AL391807.1
HP1BP3	AC007406.4
HP1BP3	AC087239.1
HP1BP3	AC068888.1
HP1BP3	LINC02320
HP1BP3	TMEM220-AS1
HP1BP3	QRICH2
HP1BP3	GSS
HP1BP3	AL031587.1
NBPF3	NBPF1
NBPF3	AC240274.1
ZBTB40	PDE6D
ZBTB40	TSNARE1
ZBTB40	NCOA5
ZBTB40	AC008543.1
C1QA	C1QB
C1QA	CD14
C1QA	TNFRSF1A
C1QC	C1QA
C1QC	HLA-DPA1
C1QC	AC068473.1
C1QB	CD74
C1QB	HLA-DRA
C1QB	CYBA
EPHB2	NCK2
EPHB2	RAI14
EPHB2	PI16
AL031428.1	RP1L1
RPL11	SSB
RPL11	MRPL11
RPL11	ORMDL2
RPL11	TXNRD1
RPL11	RPL6
RPL11	TPT1
RPL11	DAD1
RPL11	SNHG21
RPL11	FAM96B
RPL11	RANBP10
RPL11	SAT2
RPL11	AC011468.5
PITHD1	SUMO3
SYF2	AC021351.1
RHCE	PATL2
RHCE	AC010504.1
AL606491.1	MMAA
AL606491.1	ARHGEF6
AL033528.2	DCTD
STMN1	NUDT8
STMN1	PEBP1
STMN1	AC004812.2
STMN1	VPS4A
STMN1	C1QBP
ZNF593	ZNF567
SH3BGRL3	APLP1
HMGN2	SLC35F3
HMGN2	HAVCR2
HMGN2	LRGUK
HMGN2	TRMT2B
HMGN2	GSTO1
HMGN2	SPX
HMGN2	PABPC1L
HMGN2	LDLR
RPS6KA1	ARHGEF40
NUDC	NEIL2
NUDC	SNRPF
AL445490.1	DGKQ
AL445490.1	AC016687.3
AL445490.1	LINC02476
AL445490.1	MMP26
AL445490.1	AP003306.1
AL445490.1	ASAH2B
AL445490.1	HKDC1
AL445490.1	VDR
AL445490.1	AC079313.2
AL445490.1	C12orf42
AL445490.1	STON2
AL445490.1	MYOCD
AL445490.1	PODNL1
AL445490.1	ZNF667
PTAFR	ASZ1
ATP5IF1	UQCRHL
ATP5IF1	CDO1
ATP5IF1	CKB
ATP5IF1	BLVRB
EPB41	STIM1
AL645944.2	AC098820.3
FABP3	AL451070.1
PTP4A2	DNALI1
PTP4A2	SMPD2
PTP4A2	GJC3
PTP4A2	LINC02361
PTP4A2	USPL1
PTP4A2	AC092115.3
PTP4A2	SMARCE1
PTP4A2	PNPO
PTP4A2	TBCD
PTP4A2	ZIK1
MARCKSL1	STMN4
TSSK3	AC010969.2
SYNC	NLGN1-AS1
SYNC	AC084866.1
SYNC	LINC00513
SYNC	PRRG1
SYNC	AL158801.3
SYNC	SEPT4-AS1
SYNC	AC022154.1
YARS	IFNA13
YARS	CARS
YARS	MARS
YARS	SLC7A5
S100PBP	TTL
S100PBP	ANO7
S100PBP	CRTAP
S100PBP	AC117386.2
S100PBP	ZKSCAN1
S100PBP	AC027031.2
S100PBP	WDYHV1
S100PBP	SVIP
S100PBP	AL392046.1
S100PBP	TECPR2
S100PBP	PIGL
S100PBP	EDEM2
AL020995.1	AL117381.1
AL020995.1	AC008649.2
AZIN2	UNC93B1
AZIN2	SINHCAF
AL513327.1	AL117209.1
C1orf94	DCT
ZMYM1	ZNF502
ZMYM1	MPHOSPH6
SFPQ	SLC45A1
SFPQ	SELENOO
TFAP2E	AC092802.1
TFAP2E	LAP3
TFAP2E	PSD2
TFAP2E	CDH3
AGO1	AC021491.1
AL139286.2	SPRY3
CDCA8	EPHA10
C1orf122	FAM181B
C1orf122	GLRX5
AL139260.1	PLK3
AL139260.1	ANP32E
AL139260.1	SPTY2D1OS
RHBDL2	KLHL15
NDUFS5	MRPS21
NDUFS5	PCP4L1
NDUFS5	MLH1
NDUFS5	KIF9
NDUFS5	AL451048.1
AL033527.3	IBA57-DT
COL9A2	WNT9A
COL9A2	SEMA4G
RIMS3	TP53I11
HIVEP3	INPP5F
HIVEP3	WSCD1
HIVEP3	TANC2
HIVEP3	GNG7
CCDC30	CACNB4
CCDC30	UBA6-AS1
CCDC30	CCDC125
CCDC30	AC005833.2
CCDC30	CHAMP1
CCDC30	TMEM106A
CCDC30	LINC00158
TMEM125	TM7SF2
TMEM125	ROGDI
TMEM125	AC005726.1
ELOVL1	GM2A
ELOVL1	YKT6
ELOVL1	SCD
ELOVL1	SPATA2
SZT2	TGFBRAP1
SZT2	ZNF282
SZT2	ZNF610
PTPRF	SLC30A1
AL357079.1	AC099778.1
AL357079.1	PPP1R3E
ATP6V0B	BCAP31
ATP6V0B	ELP5
ATP6V0B	ASNA1
ATP6V0B	LINC00663
B4GALT2	TELO2
SLC6A9	NACC2
ERI3	AL033527.4
ERI3	EXO1
ERI3	AC010967.1
ERI3	DUSP2
ERI3	MGAT4A
ERI3	LINC01934
ERI3	MTMR14
ERI3	AC099753.1
ERI3	MSANTD1
ERI3	AC100849.1
ERI3	FABP5
ERI3	ZC3H3
ERI3	ALKBH8
ERI3	ANKRD16
ERI3	AIFM2
ERI3	VTI1A
ERI3	CLEC12A
ERI3	CRADD
ERI3	AL161757.5
ERI3	AC087286.2
ERI3	AC002310.5
ERI3	PSKH1
ERI3	ABCC3
ERI3	SNAI1
ERI3	PLEKHA4
ERI3	PKNOX1
RPS8	MPZ
RPS8	MT2A
RPS8	FBL
UROD	ARMCX2
TESK2	SLC35D2
TESK2	PLA2G4C
PRDX1	PSMB5
PRDX1	SDHAF1
AKR1A1	NEURL2
CCDC17	RDH16
TSPAN1	HIST1H3E
LURAP1	AL352984.1
ELAVL4	CAMK2B
ELAVL4	HTR2A
AC104170.2	AP001107.1
AC104170.2	ART4
OSBPL9	TMEM127
OSBPL9	MCUR1
OSBPL9	ALKBH4
OSBPL9	TRIQK
OSBPL9	ZNF438
OSBPL9	TMEM116
OSBPL9	KDM8
OSBPL9	PSME3
OSBPL9	LRFN3
LRP8	KCNAB3
TCEANC2	ZNF616
SSBP3	ABLIM2
SSBP3	GALNT8
SSBP3	RAB11FIP4
AC119674.2	FAM71D
PLPP3	CDK7
PLPP3	AAGAB
MYSM1	ZNF736
JUN	BTG2
LINC01135	MFSD4A
LINC01135	MSH2
LINC01135	LINC02062
LINC01135	SYNGAP1-AS1
LINC01135	Z84485.1
LINC01135	PTCD1
LINC01135	PLS3-AS1
LINC01135	ADGRA2
LINC01135	DRAM1
LINC01135	SRP14-AS1
LINC01358	EPHB1
C1orf87	FAM83E
KANK4	TNFRSF21
KANK4	LINC02343
ROR1-AS1	ROR1
AL139294.1	INKA2
AL139294.1	AC104699.1
AL139294.1	AC092839.1
AL139294.1	TACR1
AL139294.1	AC009951.2
AL139294.1	AC098617.1
AL139294.1	MKRN2OS
AL139294.1	ANKUB1
AL139294.1	SGMS2
AL139294.1	AC026704.1
AL139294.1	AC009542.1
AL139294.1	AC023590.1
AL139294.1	OMD
AL139294.1	AL157938.2
AL139294.1	BX255925.3
AL139294.1	APOA1-AS
AL139294.1	AL136298.1
AL139294.1	IGSF6
AL139294.1	AC007533.1
AL139294.1	AC091132.2
AL139294.1	SPINT2
AL139294.1	AL021707.1
PDE4B	NLGN1
PDE4B	RSPH3
PDE4B	DUSP16
PDE4B	AC007495.1
SLC35D1	FAM57A
SLC35D1	PFAS
LINC01707	LINC01192
AL158840.1	ZNF10
AL158840.1	AL512791.1
ZRANB2-AS1	AC008456.1
AL354949.1	AL021393.1
SLC44A5	AC073050.1
SLC44A5	LHFPL3
SLC44A5	PLEKHA5
ST6GALNAC3	AC097634.3
ST6GALNAC3	GALNT7
ST6GALNAC3	PREX2
ST6GALNAC3	GRIA4
ST6GALNAC3	GLCE
ST6GALNAC3	CDH8
ST6GALNAC3	ZNF521
AK5	CSRNP1
AK5	AL354809.1
FUBP1	PQLC2
FUBP1	EXO5
FUBP1	HNRNPU
FUBP1	CAPN10
FUBP1	PRRT3
FUBP1	PLEKHA8
FUBP1	IFT22
FUBP1	ZNF16
FUBP1	NEK8
GIPC2	JMJD4
GIPC2	C2orf69
GIPC2	DAP
GIPC2	SFXN2
GIPC2	KCNJ2-AS1
IFI44	PARP14
ADGRL2	DLGAP3
ADGRL2	CACHD1
ADGRL2	CDH10
ADGRL2	PLAGL1
ADGRL2	DLGAP2
ADGRL2	PIP5K1B
ADGRL2	PRICKLE1
ADGRL2	CHST11
AL359504.2	ZNF436-AS1
AL359504.2	AL033527.3
AL359504.2	AC079922.2
AL359504.2	CAHM
AL359504.2	PAXIP1-AS1
AL359504.2	AC093249.6
SPATA1	ACAP3
CLCA4	HSD17B4
AL049597.2	AC011472.1
LMO4	FLRT3
GBP2	BTN3A3
GBP2	ANXA2
GBP2	APOL3
LRRC8B	AC104170.1
LRRC8B	LCMT2
LRRC8C-DT	AC007038.2
LRRC8C-DT	AL080276.2
LRRC8C-DT	SBK1
AC099568.2	CCDC183-AS1
LRRC8D	RBM15B
LRRC8D	AC135507.1
LRRC8D	DHFR2
BRDT	LINC01206
EPHX4	STYK1
EPHX4	AC091138.1
RPL5	AP003108.2
TMED5	PPP1R15B
FNBP1L	AC120193.1
DPYD	LRRC8B
DPYD	DYSF
DPYD	GPNMB
DPYD	KIAA1324L
DPYD	MAGEC3
DPYD	GDF11
DPYD	PLTP
DPYD-AS1	SRGAP2-AS1
DPYD-AS1	AC017101.1
DPYD-AS1	AC004593.1
DPYD-AS1	AC116535.1
DPYD-AS1	AL157392.2
DPYD-AS1	SH3PXD2A-AS1
DPYD-AS1	PZP
DPYD-AS1	AC107031.1
DPYD-AS1	AF107885.2
DPYD-AS1	AC010503.1
MFSD14A	AC114316.2
MFSD14A	LINC00266-4P
RTCA-AS1	FO704657.1
RTCA-AS1	ZNF572
RTCA	CHMP6
AMY2B	PLEKHA7
AMY2B	FAM118B
AL355306.2	PLGLB2
AL355306.2	AC112493.1
AL355306.2	VPS33B-DT
AKNAD1	BLM
CELSR2	SHROOM1
CELSR2	AL023284.4
CELSR2	ZNF490
SORT1	AL592295.3
SORT1	TCOF1
SORT1	L3MBTL3
SORT1	COX19
SORT1	HBP1
SORT1	SGK3
SORT1	TMEM273
SORT1	CCNJ
SORT1	ESYT1
SORT1	AC090907.2
SORT1	ZCCHC2
SORT1	ZNF57
SORT1	FP565260.2
CYB561D1	MED9
AL355310.3	AC000068.1
CSF1	AL353604.1
CSF1	KHNYN
SLC6A17	SYT12
AL355488.1	AL031775.1
LAMTOR5	SNRPB2
LAMTOR5	DMAC2
AL365361.1	CARMIL3
CHI3L2	OCM
CHI3L2	COLCA2
ATP5PB	ID3
ATP5PB	DTD1
TMIGD3	LINC01445
INKA2	AL133255.1
KCND3	LINC01750
LINC01356	C17orf78
AL390729.1	KLHL26
SLC16A1-AS1	KIF9-AS1
SLC16A1-AS1	TFAM
SLC16A1-AS1	AC009061.2
SLC16A1-AS1	DCAKD
SLC16A1-AS1	MAN2B1
HIPK1-AS1	Z97055.2
NRAS	GTF3C4
SLC22A15	C3orf20
SLC22A15	FLRT1
GDAP2	ZSCAN20
GDAP2	ZNF225
PHGDH	TMEM54
AC244021.1	LINC01632
AC246785.3	AC004854.2
AC246785.3	AC068775.1
POLR3C	ZNF786
NUDT17	AC069234.1
RBM8A	FAM199X
RBM8A	YJU2
NBPF12	GPR89A
FMO5	AL513211.1
NBPF11	NBPF12
AC239809.3	AC007285.1
PDE4DIP	AC245297.3
AC245297.3	NBPF26
AC245297.3	AC245297.2
NBPF19	NBPF14
HIST2H2BF	ARRDC3
HIST2H2BE	SELL
HIST2H2BE	HMGB2
SV2A	AC093835.1
CA14	COL9A2
MRPS21	TMEM14A
MRPS21	AL078639.1
MRPS21	DCTPP1
MCL1	NES
ENSA	BUB1
ENSA	PPIL1
ENSA	AP003469.4
GOLPH3L	HARBI1
CERS2	CRTC2
CERS2	TTC32
CERS2	DUSP7
CERS2	CLDND1
CERS2	SFT2D1
CERS2	SBDS
CERS2	BBS10
CERS2	LAMP1
MLLT11	TPBG
MLLT11	KCNC1
GABPB2	RNF19B
GABPB2	PUS1
GABPB2	AC087500.1
PIP5K1A	ACBD3
PIP5K1A	TSEN2
PIP5K1A	METTL2B
PIP5K1A	IPPK
PIP5K1A	NEU3
PIP5K1A	GPATCH1
PSMB4	CTSA
MRPL9	AC008393.1
S100A6	FBXO2
S100A6	DNAJC27-AS1
S100A6	AC055713.1
S100A13	S100A1
AL162258.2	AC090809.1
SNAPIN	AL162497.1
SNAPIN	AC116407.2
ILF2	MRPS18B
ILF2	SLC39A7
ILF2	PIGO
ILF2	HSPA2
INTS3	TTC30B
INTS3	RRAD
INTS3	AC142472.1
INTS3	ZNF575
CRTC2	AC120053.1
JTB	HTRA2
RPS27	TTC31
RPS27	ARMC9
RPS27	LINC02341
NUP210L	MORC4
NUP210L	C9orf84
NUP210L	SLC47A2
HAX1	IQCC
HAX1	DALRD3
HAX1	AC124016.1
HAX1	AL133338.1
HAX1	FAM200A
HAX1	GLA
HAX1	AC100810.1
HAX1	AC016065.1
HAX1	SRPRA
HAX1	HDDC3
HAX1	AC012184.2
HAX1	SLC2A11
IL6R	GPR155
IL6R	ALAS1
IL6R	TPST1
IL6R	MIDN
CHRNB2	DPP10-AS1
CHRNB2	ANOS1
CHRNB2	AC138647.1
CHRNB2	KCNK4
CHRNB2	PWWP2B
CHRNB2	SPRN
PMVK	KCTD9
PYGO2	PPIL6
PYGO2	TESK1
DCST1	AL121987.2
DCST1	AC104653.1
DCST1	XKRX
DCST1	AC005258.1
EFNA1	LINC02482
FAM189B	SYT3
SCAMP3	CYB5R1
SCAMP3	RGL2
SCAMP3	ARFIP2
FDPS	SNAI3-AS1
FDPS	FASN
SSR2	CDK4
LMNA	OGFR
PAQR6	HERC5
PAQR6	IZUMO4
TMEM79	INO80E
GLMP	AC092117.1
CCT3	HSPE1
CCT3	HERC6
CCT3	AK6
CCT3	CD2AP
CCT3	MMS22L
CCT3	RP9
CCT3	HINFP
CCT3	CLYBL
C1orf61	TSNAX-DISC1
C1orf61	ISY1-RAB43
NAXE	BOLA1
NAXE	AVPI1
HAPLN2	SCAMP4
MRPL24	RNF227
PYHIN1	AC010197.1
CADM3	SH2D5
CADM3	CAMK1G
CADM3	TMEM158
CADM3	SLITRK3
CADM3	PRSS3
CADM3	FAM69B
CADM3	CNIH2
CADM3	NGB
CADM3	NR2F2
CADM3	CORO1A
CADM3	NEUROD2
CADM3	KCNS1
CADM3	KCNJ4
ACKR1	AL355472.4
KCNJ10	CAVIN1
ATP1A2	FGFR3
ATP1A2	GJA1
ATP1A2	SLC1A2
ATP1A2	AQP4
CASQ1	RET
CASQ1	DOC2B
AL121987.2	ZNF296
PEA15	DHCR24
PEA15	NCSTN
PEA15	SDCBP
PEA15	CDKN1C
PEA15	FNTB
PEA15	PPP1R9B
PEA15	ANKRD40
PEA15	AC006538.2
PEA15	PNPLA6
DCAF8	BAP1
DCAF8	ACADS
DCAF8	VASH1-AS1
DCAF8	Z69706.1
DCAF8	LMF2
AL139011.2	CEL
NCSTN	ZMYM3
NCSTN	MYLPF
NCSTN	ARRDC2
F11R	AL591806.3
PFDN2	ASB1
PFDN2	RTL5
PFDN2	ERG28
PFDN2	LINC02177
PFDN2	MAPK7
PFDN2	KPNA2
UFC1	CSTF2
ADAMTS4	B4GALT2
ADAMTS4	FAM214B
ADAMTS4	FBXO7
NDUFS2	CCDC17
NDUFS2	PIDD1
NDUFS2	FLII
NDUFS2	ZNF578
HSPA6	TEX14
HSPA6	AC022144.1
FCRLB	C7orf77
FCRLB	AC011825.2
HSD17B7	ZNF213-AS1
RGS4	HOPX
RGS4	CTXN1
AL451050.2	ZNF79
ADCY10	AC130456.3
SELL	C1orf112
SELE	AL031430.1
SELE	LINC01707
SELE	CHI3L2
SELE	F11R
SELE	RHEX
SELE	TRIM58
SELE	KYNU
SELE	ACPP
SELE	KCNMB2
SELE	HPGD
SELE	PCDHB9
SELE	FGF18
SELE	GRM4
SELE	AL512658.1
SELE	AC007091.1
SELE	TRGC2
SELE	KPNA7
SELE	TFEC
SELE	AC004889.1
SELE	RS1
SELE	AL606516.1
SELE	CACNA1F
SELE	TNFRSF10A
SELE	AC022915.2
SELE	LINC01111
SELE	ESRP1
SELE	AC068413.1
SELE	TG
SELE	SLA
SELE	AL845472.1
SELE	CR769775.2
SELE	FGD3
SELE	CFAP77
SELE	KCNJ11
SELE	AHNAK
SELE	AP003066.1
SELE	AL356157.1
SELE	RBM20
SELE	EEF1AKMT2
SELE	DYRK4
SELE	GPRC5D
SELE	AC023794.1
SELE	AC004551.1
SELE	AL121852.1
SELE	WDR72
SELE	FOXB1
SELE	AC027237.2
SELE	LINC00670
SELE	IKZF3
SELE	AC021504.1
SELE	AL035420.1
SELE	ACER1
SELE	PRODH
SCYL3	AC055855.1
PRRC2C	UBE2F-SCLY
PRRC2C	ADIRF
PRRC2C	DNAH2
PIGC	SRSF7
PIGC	SPART-AS1
ZBTB37	DFFB
ZBTB37	TSC22D2
ZBTB37	ACTR3C
ZBTB37	RBM12B
ZBTB37	SLC22A6
ZBTB37	RAB11FIP2
ZBTB37	SACS
ZBTB37	NAGPA
ZBTB37	AC040934.1
ZBTB37	LINC01429
ZBTB37	AL122058.1
ZBTB37	AL121832.2
ZBTB37	ZNF283
ZBTB37	JOSD1
CACYBP	CCT3
CACYBP	THUMPD3-AS1
CACYBP	ANKRD37
CACYBP	CCT5
CACYBP	TCP1
CACYBP	LINC00265
CACYBP	CDC26
CACYBP	NAA40
CACYBP	PCBD1
CACYBP	EIF5
CACYBP	DEDD2
CACYBP	PIGP
TNR	PID1
TNR	VCAN
PAPPA2	AC069114.1
BRINP2	SYT16
AL122019.1	SPATA17
RASAL2	MSRA
AL359853.2	HRASLS2
AL359853.2	TGM1
AL353708.3	AL451050.2
AL353708.3	AC139795.3
AL353708.3	GCK
AL353708.3	SMC2-AS1
AL353708.3	AC034102.5
AL353708.3	AC012615.1
AL353708.3	AC020910.4
STX6	KIAA1614
STX6	AL162431.2
GLUL	AL603839.3
GLUL	AL592166.1
GLUL	FAM84B
SHCBP1L	C17orf53
ARPC5	PHAX
ARPC5	TRAPPC2
ARPC5	ZNF157
ARPC5	BHLHE41
RGL1	CDYL
RGL1	PTPN12
RGL1	DACH2
TSEN15	AC092835.1
TSEN15	GPR27
TSEN15	TIAM2
TSEN15	ZDHHC2
TSEN15	PURG
TSEN15	AL391987.2
TSEN15	SOCS4
TSEN15	AC007614.1
TSEN15	AC027307.3
C1orf21	CDK14
PLA2G4A	ADAM28
ERVMER61-1	LINC01798
ERVMER61-1	ACOXL
ERVMER61-1	THSD7B
ERVMER61-1	CLNK
ERVMER61-1	LINC02267
ERVMER61-1	AC107463.1
ERVMER61-1	S100Z
ERVMER61-1	FBN2
ERVMER61-1	PKHD1
ERVMER61-1	GABRR1
ERVMER61-1	AL591518.1
ERVMER61-1	ZAN
ERVMER61-1	SHROOM2
ERVMER61-1	AL592043.1
ERVMER61-1	DIAPH2-AS1
ERVMER61-1	Z96074.1
ERVMER61-1	EYA1
ERVMER61-1	AC046195.1
ERVMER61-1	ADAMTSL1
ERVMER61-1	LINC01242
ERVMER61-1	AL845311.1
ERVMER61-1	MALRD1
ERVMER61-1	MYO3A
ERVMER61-1	AC068898.1
ERVMER61-1	AC007529.2
ERVMER61-1	C12orf40
ERVMER61-1	HMGA2
ERVMER61-1	LINC00393
ERVMER61-1	SLC7A7
ERVMER61-1	C15orf53
ERVMER61-1	AGBL1
ERVMER61-1	CFAP52
ERVMER61-1	AC005291.2
ERVMER61-1	SULT2B1
ERVMER61-1	MYO18B
AL390957.1	AL159163.1
AL390957.1	AP003063.1
RGS1	TLR2
RGS1	SRGN
AL136454.1	PPM1G
AL136454.1	RPL18A
KCNT2	NPM2
ZBTB41	MOB1A
ZBTB41	ZNF92
ZBTB41	ASB16-AS1
ZBTB41	ZNF780A
DENND1B	TLL1
DENND1B	RIPOR2
DENND1B	COL9A1
DENND1B	GABRA3
DENND1B	ZNF71
PTPRC	ZFP36L1
MIR181A1HG	KCNJ9
MIR181A1HG	CROT
MIR181A1HG	SLC22A18
MIR181A1HG	RCBTB1
MIR181A1HG	HMSD
LINC01221	AJ006995.1
LINC00862	CD247
LINC00862	AC104461.1
LINC00862	CHST10
LINC00862	CTDSP1
LINC00862	APEH
LINC00862	USP46-AS1
LINC00862	B4GALT7
LINC00862	ECT2L
LINC00862	SLC7A2
LINC00862	CCDC59
LINC00862	AC110597.1
LINC00862	AP5S1
LINC00862	SAFB2
LINC00862	LINC01549
AC104461.1	TCTE3
AC104461.1	AL359397.2
ZNF281	BRINP2
ZNF281	FKBP7
ZNF281	LINC02197
ZNF281	FAM184A
ZNF281	TBXAS1
ZNF281	LINC00893
ZNF281	BUB3
ZNF281	EME2
ZNF281	ZNF24
ZNF281	C19orf71
PHLDA3	NKX6-2
PHLDA3	MYO5C
CSRP1	ANXA5
CSRP1	VAT1
IPO9-AS1	AL031428.1
IPO9-AS1	AL109936.6
IPO9-AS1	LINC01389
IPO9-AS1	GNG12-AS1
IPO9-AS1	AL360091.3
IPO9-AS1	KIF26B-AS1
IPO9-AS1	RAPH1
IPO9-AS1	AC020651.1
IPO9-AS1	CFAP100
IPO9-AS1	AC008937.2
IPO9-AS1	AC112196.1
IPO9-AS1	PCDH12
IPO9-AS1	APOBEC2
IPO9-AS1	SLC26A5
IPO9-AS1	NDP-AS1
IPO9-AS1	AC104316.1
IPO9-AS1	AL354989.1
IPO9-AS1	GNA14-AS1
IPO9-AS1	AP002892.1
IPO9-AS1	ITIH2
IPO9-AS1	FAM196A
IPO9-AS1	TEX52
IPO9-AS1	AC023051.1
IPO9-AS1	CCDC65
IPO9-AS1	AC078778.1
IPO9-AS1	AC025165.2
IPO9-AS1	AC020611.2
IPO9-AS1	ARG2
IPO9-AS1	LINC02345
IPO9-AS1	LINC01195
IPO9-AS1	AC109597.1
IPO9-AS1	AC007495.2
IPO9-AS1	AC009097.1
IPO9-AS1	TOM1L1
IPO9-AS1	MARCH10
IPO9-AS1	TCF4-AS1
IPO9-AS1	AC009704.1
IPO9-AS1	ELAVL3
IPO9-AS1	USHBP1
IPO9-AS1	ZNF565
IPO9-AS1	AC008537.4
SHISA4	APH1A
TIMM17A	LINC02373
PTPN7	AL358472.5
PTPN7	DNAJC21
LGR6	ZNF732
LGR6	LINC02355
LGR6	GDPD4
LGR6	TUBB8
LGR6	AC087482.1
LGR6	AC021683.3
LGR6	LINC01684
UBE2T	CCNB1
PPP1R12B	FCRLA
PPP1R12B	MEIS1
PPP1R12B	PKP4
PPP1R12B	FAM241A
PPP1R12B	SAMD12
PPP1R12B	AL121820.2
PPP1R12B	UBAP1L
PPP1R12B	SH3GL3
PPP1R12B	AC092378.1
PPP1R12B	ADAMTS18
ADORA1	SLC13A3
CHI3L1	ZFP36L1
ATP2B4	PRICKLE2
SNRPE	NDUFAF1
ETNK2	PABPC1L2B
PLEKHA6	IL17RD
PLEKHA6	RADIL
PIK3C2B	AC112484.3
PIK3C2B	FAM104B
PIK3C2B	SEMA4D
PIK3C2B	FRMD4A
PIK3C2B	TMC7
PIK3C2B	HID1
PIK3C2B	MN1
PIK3C2B	SEC14L2
PIK3C2B	SREBF2
NFASC	LIPH
NFASC	RPL39L
NFASC	VSTM5
NFASC	ZBTB16
NFASC	AC100793.3
NFASC	PHF21B
TMEM81	ERAS
TMCC2	ZNF154
CDK18	LLGL2
RAB7B	LINC01748
RAB7B	HLX-AS1
RAB7B	RASGRF2-AS1
RAB7B	MUM1L1
RHEX	LINC01708
RHEX	AC018554.1
RHEX	HS3ST3B1
RHEX	AC087289.5
RHEX	KCNN4
AL596218.1	NAALADL2-AS2
AL596218.1	AC008591.1
AL596218.1	AP000753.2
AL596218.1	Z82217.1
CR1	AL137789.1
CR1L	SLC30A8
MIR29B2CHG	MMP15
PLXNA2	PLXDC1
G0S2	PFKFB2
G0S2	CCNJL
G0S2	LINC00237
HSD11B1	PARD3B
HSD11B1	ITM2A
SERTAD4-AS1	SERTAD4
HHAT	SYT14
LINC00467	AC004865.2
LINC00467	NDST1-AS1
LINC00467	ZNF311
LPGAT1	AL354919.1
LPGAT1	NEMP2
LPGAT1	NABP1
LPGAT1	KLHL5
LPGAT1	ZGRF1
LPGAT1	OSMR-AS1
LPGAT1	RECQL
LPGAT1	AC087241.3
LPGAT1	AL442128.2
LPGAT1	AC002310.1
LPGAT1	TJP3
LPGAT1	MBD3L1
AL445488.1	AC005304.1
INTS7	ZNF613
NENF	SEMA3B-AS1
NENF	TPPP3
NENF	FAM98C
NENF	A1BG
LINC00538	FNDC7
LINC00538	AL132996.1
USH2A	LINC01194
ESRRG	LRP1B
GPATCH2	NIT2
GPATCH2	QTRT2
GPATCH2	VSX1
SLC30A10	GOLGA6L9
MARK1	NLGN4X
LINC02257	AL354732.1
LINC02257	AC093512.2
AL513314.2	NBPF12
DEGS1	KHK
DEGS1	C11orf71
CNIH3	LINC02427
CNIH3	RRM1
AC099066.2	ADAMTS20
EPHX1	CACNA1D
AL591895.1	TAGLN
AL591895.1	STAC3
AL591895.1	ARHGAP27
AL591895.1	CD22
AL591895.1	AP001605.1
TMEM63A	ATG2A
LINC01703	AC023421.2
LINC01703	RDH13
ACBD3	TAF5
ITPKB-AS1	RGS17
ITPKB-AS1	RMC1
ZNF678	LRRC8C-DT
ZNF678	YEATS4
ZNF678	RGMA
ZNF678	ZNF66
ZNF678	ZNF681
MRPL55	ZNF35
GUK1	B4GALT3
GUK1	ZFAND2B
GUK1	MRPL41
GUK1	AC127024.5
GJC2	ADAP1
GJC2	SLC9A3R1
RNF187	TPRG1L
RHOU	ZBED3
RHOU	PPP1R35
RHOU	AC005480.1
AL136988.2	C6orf201
AL136988.2	NUTM2G
PGBD5	NHLH2
DISC1	KIAA1614
IRF2BP2	PCBP1
IRF2BP2	BMI1
IRF2BP2	SALL1
IRF2BP2	EXOSC6
IRF2BP2	TOB1
IRF2BP2	DYNLL2
IRF2BP2	UBALD2
ACTN2	EPHB2
ACTN2	KANK4
ACTN2	ITGAV
ACTN2	C3orf70
ACTN2	PLEKHG1
ACTN2	ARHGAP22
ACTN2	STAT2
ACTN2	JPT2
ACTN2	TLE2
MTR	TTC21A
MTR	SCFD2
MTR	DOPEY1
MTR	FGFR1OP
MTR	GALNT11
MTR	DUSP26
MTR	HAUS2
MTR	BBS4
MTR	RPRD1B
MTR	AC007193.2
MTR	RUVBL2
RYR2	AP1S3
RYR2	AC069544.1
AL359764.1	RGS7
WDR64	IL5
PLD5	AL034405.1
PLD5	ZNF33B
AL606534.1	AC006130.1
AL645465.1	PXDNL
AL645465.1	C21orf91-OT1
ADSS	CLIP4
ADSS	PELI1
ADSS	AP1AR
ADSS	USP38
ADSS	ZNF354B
ADSS	PHF3
ADSS	PDE1C
ADSS	RBM28
ADSS	PRPS2
ADSS	RNF169
ADSS	MSANTD4
ADSS	NSMCE4A
ADSS	AL360181.3
ADSS	C12orf66
ADSS	DHRS1
ADSS	AC022167.2
ADSS	ZNF480
ADSS	PAXBP1
CATSPERE	MCC
HNRNPU	ZBTB48
HNRNPU	ABHD1
HNRNPU	ELOVL5
HNRNPU	MMP25-AS1
HNRNPU	AC133550.2
HNRNPU	AC015813.2
AL356512.1	AC005586.1
SMYD3	CNTLN
ZNF496	AZIN1-AS1
NLRP3	UPK3B
TRIM58	AL162411.1
OR2L5	OR2L2
OR2L5	OR2L3
OR2L5	OR2M4
OR2L3	OR2L13
OR2L13	OR2L8
OR2L13	OR2M3
OR2M3	OR2T6
LYPD8	PTGER3
SNTG2	LINC02043
SNTG2	RRP36
SNTG2	SNTB1
SNTG2	AL353693.1
SNTG2	CREBZF
PXDN	NXPH2
PXDN	PLSCR1
MYT1L	CERS6
MYT1L	MAP3K5
MYT1L	GLB1L3
ADI1	KIAA0513
RPS7	RPL11
RPS7	RPL5
RPS7	SELENOK
AC068481.1	AC136624.2
MBOAT2	SORT1
MBOAT2	GPR137B
MBOAT2	CLASP1
MBOAT2	IWS1
MBOAT2	CLCN2
MBOAT2	PTPN13
MBOAT2	AC019131.1
MBOAT2	C1QTNF3-AMACR
MBOAT2	AC022414.1
MBOAT2	AC008575.1
MBOAT2	WDR46
MBOAT2	AFDN
MBOAT2	CPVL
MBOAT2	MTURN
MBOAT2	TBL2
MBOAT2	RBM33
MBOAT2	KDM6A
MBOAT2	MAK16
MBOAT2	WDR34
MBOAT2	MRVI1-AS1
MBOAT2	KIF18A
MBOAT2	PC
MBOAT2	ARHGAP19-SLIT1
MBOAT2	PPP2R2D
MBOAT2	MANSC1
MBOAT2	LMBR1L
MBOAT2	PYM1
MBOAT2	MYL6B
MBOAT2	ULK1
MBOAT2	ATP11A
MBOAT2	CHURC1-FNTB
MBOAT2	AL357153.2
MBOAT2	COQ6
MBOAT2	MEIS2
MBOAT2	ANP32A
MBOAT2	SLC28A1
MBOAT2	MRC2
MBOAT2	MYOM1
MBOAT2	MMP24OS
MBOAT2	AC024592.3
MBOAT2	AP000547.3
MBOAT2	IL17RA
AC082651.1	AC100847.1
AC082651.4	AC112206.2
AC082651.4	AC026254.2
PDIA6	CRELD1
PDIA6	AP001628.1
AC062028.1	AC109779.1
AC099344.1	AP001092.1
AC099344.1	AP5B1
LINC00276	FHAD1
LINC00276	SLC25A20
LINC00276	BNC2
LINC00276	ANKFN1
AC068286.1	AL021408.1
LINC01804	LINC00927
AC010145.1	AL662907.3
GACAT3	AC010145.1
VSNL1	RGS4
VSNL1	NGEF
VSNL1	BHLHE40
VSNL1	CCK
VSNL1	TAGLN3
VSNL1	NSG1
VSNL1	BASP1
VSNL1	GABRA1
VSNL1	GABRG2
VSNL1	TUBB2A
VSNL1	NAP1L2
VSNL1	STMN2
VSNL1	MAL2
VSNL1	PGM2L1
VSNL1	SNAP25
VSNL1	SULT4A1
AC079148.1	AC090198.1
LINC01376	AL034417.4
LINC01376	IPP
LINC01376	WARS2
LINC01376	BNIPL
LINC01376	SLC22A14
LINC01376	UFL1-AS1
LINC01376	AL365259.1
LINC01376	GSAP
LINC01376	CFAP69
LINC01376	AL358937.1
LINC01376	BTBD16
LINC01376	AL160290.2
LINC01376	LINC01068
LINC01376	AC090527.2
LINC01376	FAM227B
LINC01376	CRTC3-AS1
LINC01376	AC015849.1
RHOB	HAPLN2
RHOB	AC005034.4
RHOB	RAB11B
SF3B6	MRPL44
SF3B6	CWC15
AC009228.1	FAM228A
DNAJC27-AS1	NCAPD3
DNAJC27-AS1	HDHD5-AS1
EFR3B	NEDD4
EFR3B	XYLT1
DNMT3A	MAD1L1
DNMT3A	ZNF710
DNMT3A	VAC14
DNMT3A	VPS9D1
DNMT3A	DPP9
ADGRF3	AC004241.1
ADGRF3	AC090527.3
KCNK3	FKBP9
AGBL5	POLR1C
OST4	AL139089.1
EMILIN1	FAM209A
SLC30A3	PNCK
SLC30A3	EFNB3
DNAJC5G	HCLS1
DNAJC5G	RNF182
DNAJC5G	ZNF215
UCN	CDK3
SNX17	TMEM115
SNX17	ACTB
SNX17	HRAS
SNX17	MMD
SNX17	MANBAL
SNX17	ARFRP1
SNX17	KDELR1
PPM1G	EIF2B2
PPM1G	TPTE
CCDC121	TRANK1
MRPL33	AL365232.1
BABAM2	ZNF362
BABAM2	AL645568.1
BABAM2	HHAT
BABAM2	INTU
BABAM2	ARSI
BABAM2	AIG1
BABAM2	Z94721.1
BABAM2	ARL4A
BABAM2	RAB9A
BABAM2	AMER1
BABAM2	AC233296.1
BABAM2	DANT2
BABAM2	FAM66A
BABAM2	TRIM66
BABAM2	CEP164
BABAM2	ENTPD1-AS1
BABAM2	UNC79
BABAM2	PARP6
BABAM2	MEX3B
BABAM2	HOMER2
BABAM2	CRNDE
BABAM2	PRMT7
BABAM2	CENPN
BABAM2	DBF4B
BABAM2	MYO15B
BABAM2	ENOSF1
BABAM2	TP53TG5
CLIP4	AL589666.1
AC016907.2	ALK
LCLAT1	CYP2R1
LCLAT1	DNAJC15
AL121658.1	ZNF252P-AS1
TTC27	FAM136A
TTC27	PCDHB13
LINC00486	CFAP57
LINC00486	AXDND1
LINC00486	CR1L
LINC00486	AC099066.2
LINC00486	LINC00504
LINC00486	BANK1
LINC00486	HAND2-AS1
LINC00486	AL035401.1
LINC00486	AL590764.1
LINC00486	XACT
LINC00486	AC009630.1
LINC00486	CCDC26
LINC00486	BX088651.4
LINC00486	CDCA5
LINC00486	AL355303.1
LINC00486	EMG1-1
LINC00486	SLC2A14
LINC00486	MIR4713HG
LINC00486	AC091078.1
LINC00486	ITGAL
LINC00486	FANCA
LINC00486	LLGL1
LINC00486	AC046185.1
LINC00486	SLC24A3
AL121656.1	LTBP1
CRIM1	SDSL
CRIM1	ADCY9
CRIM1	ATP2C2
VIT	CDKL4
VIT	FAM20A
CYP1B1	ARHGAP9
SRSF7	MED11
SRSF7	MLX
SLC8A1	OPRD1
SLC8A1	IGSF3
SLC8A1	NMNAT2
SLC8A1	VWC2L
SLC8A1	ROBO2
SLC8A1	ADCY2
SLC8A1	RAB3C
SLC8A1	GPLD1
SLC8A1	KIAA0319
SLC8A1	TRERF1
SLC8A1	GALNT17
SLC8A1	SLC26A4
SLC8A1	FAT3
SLC8A1	FARP1
SLC8A1	KCNH5
SLC8A1	RBFOX3
SLC8A1	TSHZ2
SLC8A1	TPST2
SLC8A1	AJ009632.2
C1GALT1C1L	AC012640.2
C1GALT1C1L	AL133551.1
C1GALT1C1L	ZNF295-AS1
PRKCE	IL12A
EPAS1	GRIN2C
RHOQ	JUN
RHOQ	WDR3
RHOQ	RNASEL
RHOQ	AC079305.3
RHOQ	SGO2
RHOQ	BARD1
RHOQ	ELOVL5
RHOQ	TTC26
RHOQ	ZNF425
RHOQ	ZNF212
RHOQ	ADAM9
RHOQ	CORO1C
RHOQ	DNAL1
RHOQ	GID4
AC018682.1	ZKSCAN8
AC018682.1	ERI1
AC018682.1	CPHXL
AC018682.1	TAC4
AC018682.1	SNAP25-AS1
AC018682.1	ZC3H4
AC018682.1	SHANK1
AC018682.1	ZNF175
CRIPT	AL080250.1
LINC01119	AC003035.1
AC016722.2	SMIM18
TTC7A	PKIG
CALM2	TARDBP
CALM2	BRD9
CALM2	PTGDS
CALM2	CHURC1
AC106869.1	ARHGEF33
AC106869.1	HEMK1
AC106869.1	DNAH12
AC106869.1	SLC2A9
AC106869.1	ZDHHC11
AC106869.1	CXorf36
AC106869.1	ITGB1-DT
AC106869.1	AC007326.4
EPCAM	CD58
MSH2	KBTBD8
MSH2	PHLDA1
KCNK12	SLC41A3
AC092650.1	PGBD2
AC092650.1	GPR17
AC093635.1	AL139274.2
NRXN1	KCNN2
NRXN1	GPR158
AC093110.1	TMEM88B
AC093110.1	AC103831.1
AC093110.1	AL118558.3
AC093110.1	AC018557.1
AC093110.1	AC093330.1
AC093110.1	SYS1-DBNDD2
RPS27A	RPL32
RPS27A	MECOM
RPS27A	RPS23
RPS27A	CNPY3
RPS27A	RPS12
RPS27A	APOO
RPS27A	RPL7
RPS27A	RPS13
RPS27A	RPL41
RPS27A	NGDN
RPS27A	FLYWCH2
RPS27A	RPL19
RPS27A	RPS15
CFAP36	IFI27L1
CFAP36	OGFOD3
VRK2	TSGA10
FANCL	CEP44
FANCL	TMEM161B
FANCL	AC073342.2
FANCL	AC009831.1
FANCL	C21orf91
LINC01122	AP002986.1
LINC01185	AC098582.1
LINC01185	EPHB4
LINC01185	AP001107.4
LINC01185	AC025262.1
XPO1	PLOD1
XPO1	AL031289.1
XPO1	MIR29B2CHG
XPO1	TTC30A
XPO1	RRAGD
XPO1	STS
XPO1	PLEKHF2
XPO1	BDNF-AS
XPO1	CYP17A1-AS1
XPO1	PDS5B
XPO1	PARD6G-AS1
XPO1	ZNF788P
FAM161A	WASHC2A
CCT4	FAM76A
AC093159.1	FAP
AC093159.1	HTR3B
AC093159.1	ITGBL1
AC093159.1	AP001025.1
AC093159.1	LINC01310
MDH1	PINK1
MDH1	NDUFA5
MDH1	TUBB4B
MDH1	SCG5
MDH1	YWHAH
PELI1	ZNF250
AC012368.1	PFKFB1
AC012368.1	SERPINF2
LINC00309	AC010654.1
SPRED2	ERRFI1
SPRED2	TMEM164
SPRED2	ZDHHC2
SPRED2	IGF1R
AC007389.3	AC018648.1
MEIS1	KCTD8
LINC01828	AL121987.1
LINC01829	PLCD3
LINC01829	PRX
AC017083.1	ZNF514
APLF	COTL1
PCBP1	HIST2H2BE
PCBP1	UBE2Q1
PCBP1	SET
PCBP1	TPP1
ADD2	DRP2
ADD2	SLC8A2
DYSF	PTPN18
DYSF	CSTF3-DT
SPR	ZBTB33
SPR	ABCA10
PRADC1	RNF25
ALMS1	NPHP4
ALMS1	PPM1L
ALMS1	MYOM2
ALMS1	AC005899.7
ALMS1	LINC00649
TPRKB	AC112484.1
TET3	VLDLR-AS1
AC006030.1	C1orf162
AC006030.1	AC096887.1
AC006030.1	SRSF3
AC006030.1	PIWIL2
AC006030.1	NOXRED1
AC006030.1	LINS1
AC006030.1	ZFP3
AC006030.1	AC005899.1
DCTN1	HMBS
DCTN1	AXIN2
DCTN1	ZNF699
MOGS	AC002066.1
LBX2-AS1	DNASE2B
LBX2-AS1	PLAC8
LBX2-AS1	TMEM255B
LBX2-AS1	AC090907.1
LBX2-AS1	KLK14
AUP1	AC117465.1
AUP1	MRFAP1L1
AUP1	AAAS
AUP1	DTX3
AUP1	SDR39U1
AUP1	ATP2A1-AS1
AUP1	PPP4C
AUP1	ACADVL
AUP1	SLC25A39
HTRA2	MAGIX
M1AP	C17orf99
AC104135.1	LINC01291
AC007099.1	NPIPB4
LRRTM4	RSPO2
CTNNA2	AC016716.2
CTNNA2	GABRB1
CTNNA2	ARHGAP24
AC016716.2	AC008067.1
AC016716.2	ARHGEF3-AS1
AC016716.2	ITM2A
AC016716.2	SMYD4
LRRTM1	TRIM17
LRRTM1	CD151
LRRTM1	SHD
AC008067.1	CMBL
TMSB10	RND1
TMSB10	COX7A1
TMSB10	CHCHD10
TMSB10	LGALS1
SH2D6	HEBP2
SH2D6	ITFG2-AS1
SH2D6	AC005329.1
SH2D6	AC010636.2
GGCX	CTBP1-AS
GGCX	AP002518.2
GGCX	LENG9
USP39	SHISAL2A
USP39	SNTG2
USP39	LINC00486
USP39	RMDN2-AS1
USP39	RPL31
USP39	RALB
USP39	AC105402.3
USP39	XIRP2
USP39	CDK15
USP39	LINC00971
USP39	TM4SF1-AS1
USP39	AC092920.1
USP39	BOD1L1
USP39	AC097478.1
USP39	AC018680.1
USP39	AC026726.1
USP39	CDHR2
USP39	PGM3
USP39	SPDYE16
USP39	AC005009.2
USP39	AC078845.1
USP39	DGKK
USP39	PEBP4
USP39	AC062004.1
USP39	AL353693.1
USP39	TRIM5
USP39	AC010997.3
USP39	TCERG1L
USP39	A2ML1
USP39	AC025265.2
USP39	KMT5A
USP39	PLUT
USP39	AL161757.4
USP39	CHRNB4
USP39	MYH13
USP39	SMCR5
USP39	AC243571.2
USP39	B4GALNT2
USP39	TSPAN10
USP39	LINC01900
USP39	PTPN1
USP39	AC011509.2
USP39	TMPRSS15
AC015971.1	JAKMIP2-AS1
CYTOR	FP475955.1
SMYD1	LINC01235
SMYD1	SALL4
AC062029.1	AC024361.2
AC092835.1	ZNF808
KCNIP3	WLS
KCNIP3	AP4B1
KCNIP3	ITGA6
KCNIP3	P3H2
KCNIP3	AL080317.2
KCNIP3	AP003049.2
STARD7	FUT11
KANSL3	NBPF3
KANSL3	CSRNP2
SEMA4C	TMEM259
FAM178B	GRM7-AS1
FAM178B	SLC4A9
FAM178B	ASRGL1
FAM178B	PMFBP1
FAM178B	DNAH17
AC092683.1	AC092683.2
AC092683.1	AL157832.3
AC092683.1	AP001062.1
COX5B	S100A13
COX5B	LSM3
COX5B	NDUFAF3
COX5B	AC068631.2
COX5B	PPIA
COX5B	SLC25A6
COX5B	COX7B
COX5B	NDUFB10
COX5B	NDUFAB1
COX5B	PSMB3
COX5B	ATP5PD
COX5B	CYTH1
TMEM131	ALMS1
TMEM131	AC018809.2
TMEM131	NEK10
TMEM131	NAF1
TMEM131	MEGF10
TMEM131	POLA1
TMEM131	UPRT
TMEM131	TIGD5
TMEM131	AL158152.2
TMEM131	FAM76B
TMEM131	USP12
TMEM131	CDK5RAP3
TMEM131	AC005332.7
TMEM131	TMEM145
TMEM131	MORC2
TMEM131	USP25
TMEM131	LINC01692
TSGA10	AC097460.1
TSGA10	AL356481.1
TSGA10	CHODL
MITD1	TAF12
MITD1	TMEM69
MITD1	IL17RB
MITD1	LARP7
MITD1	ALG2
LYG1	LINC01772
AFF3	RANBP17
AFF3	MTHFD1L
AFF3	DNAH10
AFF3	RBFOX1
AFF3	GSE1
AFF3	SETBP1
AFF3	MACROD2
AFF3	PALM
LONRF2	LIN9
LONRF2	GRIA2
LONRF2	SNAP91
TBC1D8	ANKRD6
CREG2	MCM3AP-AS1
LINC01965	PDGFRA
LINC01102	LINC01877
LINC01102	NME9
LINC01102	NIPAL4
LINC01103	AC109492.1
LINC01103	SLC28A2
C2orf49	ZBTB39
LIMS1	MALINC1
LIMS1	KLHL13
EDAR	ABCA12
EDAR	AC116337.3
EDAR	FBN3
SMIM37	MKKS
ACOXL	LINC00623
AC017002.5	AC068481.1
ZC3H6	MATN1-AS1
ZC3H6	PARS2
ZC3H6	TPRKB
ZC3H6	SRA1
ZC3H6	CCDC15
ZC3H6	DCPS
ZC3H6	LINC02588
ZC3H6	AF165147.1
TTL	SPPL2B
AC012442.1	AC127537.1
DPP10	DPP10-AS1
DDX18	LINC01562
DDX18	ZNF304
AC093901.1	LINC01740
AC093901.1	LINC01415
C1QL2	PLCB2
C1QL2	KCNG1
DBI	ICMT
DBI	PHGDH
DBI	S100A6
DBI	CKS1B
DBI	DEGS1
DBI	MMADHC
DBI	ZNF852
DBI	MYOT
DBI	NFKBIE
DBI	MID1IP1
DBI	CTSL
DBI	NINJ1
DBI	CCDC180
DBI	SET
DBI	KBTBD7
DBI	SALL2
DBI	SDR39U1
DBI	NME4
DBI	HEXIM1
DBI	ANKRD24
DBI	C19orf81
TMEM177	B3GNT10
CLASP1	B3GALT6
CLASP1	AGMAT
CLASP1	ERI3
CLASP1	TOE1
CLASP1	INTS3
CLASP1	XPR1
CLASP1	MFSD2B
CLASP1	TTC27
CLASP1	NCBP2
CLASP1	ATP8A1
CLASP1	C5orf22
CLASP1	CAST
CLASP1	APOM
CLASP1	AL359633.2
CLASP1	ADGRB3
CLASP1	RARS2
CLASP1	LINC00222
CLASP1	FUCA2
CLASP1	ANKMY2
CLASP1	GPR34
CLASP1	Z68871.1
CLASP1	ZNF704
CLASP1	TBC1D31
CLASP1	PRPF4
CLASP1	BIN2
CLASP1	NOC4L
CLASP1	AL138966.2
CLASP1	NEO1
CLASP1	CPEB1-AS1
CLASP1	KIF22
CLASP1	ZNF720
CLASP1	AC009139.2
CLASP1	ZNF594
CLASP1	PIK3R5
CLASP1	YPEL2
CLASP1	AC037487.1
CLASP1	TPX2
CLASP1	Z98752.4
CLASP1	MYT1
CLASP1	RANBP3
CLASP1	AC010323.1
CLASP1	CRX
CLASP1	TMEM121B
CLASP1	TCF20
NIFK-AS1	PPOX
NIFK-AS1	EDA2R
CNTNAP5	PTPN14
CNTNAP5	ANTXR1
CNTNAP5	IQCA1
CNTNAP5	CNTN6
CNTNAP5	ZNF385D
CNTNAP5	AC092422.1
CNTNAP5	PRKG2
CNTNAP5	AC008574.1
CNTNAP5	AC008415.1
CNTNAP5	WWC1
CNTNAP5	PLXNA4
CNTNAP5	PTCHD1-AS
CNTNAP5	PCDH11X
CNTNAP5	LYN
CNTNAP5	NKAIN3
CNTNAP5	LINC02055
CNTNAP5	NELL1
CNTNAP5	ITGA8
CNTNAP5	PTPRO
CNTNAP5	MGAT4C
CNTNAP5	CUX2
CNTNAP5	KSR2
CNTNAP5	GPC6
CNTNAP5	RYR3
CNTNAP5	AC013652.1
CNTNAP5	AC110023.1
LINC01889	AC093690.1
LINC01889	KIF15
CYP27C1	CAGE1
IWS1	LINC01725
IWS1	PRMT6
IWS1	B3GNT7
IWS1	PXK
IWS1	MAPK10
IWS1	LRP11
IWS1	EEPD1
IWS1	HSPA12A
IWS1	ALOX12-AS1
IWS1	KATNAL2
IWS1	ZNF160
IWS1	OLIG1
LIMS2	MELTF
SFT2D3	MOCS1
HS6ST1	ZNF623
ARHGEF4	HAGHL
AJ239322.2	LINC00992
AJ239322.2	AC136944.1
AJ239322.2	PRR11
LYPD1	PGBD4
AC016909.2	AL512330.1
AC016909.2	AC107021.1
AC016909.2	CYSTM1
AC016909.2	HEATR4
AC016909.2	AC108451.1
AC016909.2	AC015923.1
MGAT5	IWS1
MGAT5	PKP4
MGAT5	EEPD1
MGAT5	STN1
MGAT5	RCOR1
MGAT5	DUSP15
ACMSD	AC006116.8
MAP3K19	LINC01703
MAP3K19	GRM7-AS3
MAP3K19	CCDC36
MAP3K19	C3orf52
MAP3K19	SAP30
MAP3K19	RDH10-AS1
MAP3K19	AL445584.2
MAP3K19	MYO1H
MAP3K19	DIO2-AS1
MAP3K19	AC068722.1
MAP3K19	FAM169B
MAP3K19	AP005203.1
MAP3K19	LINC01899
MAP3K19	AC010422.2
CXCR4	RCC2
CXCR4	ARMH1
CXCR4	AL512328.1
CXCR4	GPD1L
CXCR4	CPB1
CXCR4	ETV5
CXCR4	HEPH
CXCR4	AC037486.1
CXCR4	SMILR
CXCR4	TEX9
THSD7B	LINC01435
ARHGAP15	RAB3D
AC016910.1	DNM3OS
AC016910.1	AC093495.1
EPC2	INTS7
EPC2	DESI2
EPC2	ZDHHC3
EPC2	CRYGS
EPC2	CEP135
EPC2	CEP120
EPC2	BRPF3
EPC2	ZYX
EPC2	SCML2
EPC2	VPS37A
EPC2	MTFR1
EPC2	KLF10
EPC2	AL592211.1
EPC2	YPEL4
EPC2	PRPF18
EPC2	ERCC6
EPC2	GPAM
EPC2	C12orf4
EPC2	ARMH4
EPC2	AC139149.1
EPC2	C18orf25
EPC2	POLI
EPC2	ID1
EPC2	HAS1
EPC2	AP001432.1
AC105402.3	MTRNR2L8
AC105402.3	PLCG2
KIF5C	MANEAL
KIF5C	KCNN3
KIF5C	NOS1AP
KIF5C	UCK2
KIF5C	MGAT5
KIF5C	IL17RC
KIF5C	MANBA
KIF5C	TBC1D12
KIF5C	PTPRE
KIF5C	TCP11L2
KIF5C	LINC00598
KIF5C	FAM124A
KIF5C	BRMS1L
KIF5C	CORO2B
KIF5C	DTNA
KIF5C	TSHZ1
KIF5C	AC007785.1
MMADHC	UTP15
AC007364.1	AC079148.1
AC007364.1	CYP7B1
AC007364.1	ZNF518A
AC007364.1	SAXO2
AC007364.1	ACSM1
AC007364.1	ZNF471
LINC01818	AC084149.1
LINC01818	AC079465.1
LINC01818	C1QTNF2
LINC01818	HNF4G
CACNB4	PPM1E
GALNT13	KCNH1
GALNT13	ATG4B
GALNT13	ADAMTS19
GALNT13	AUTS2
GALNT13	CERCAM
GALNT13	NOX4
GALNT13	ALDH2
GALNT13	APCDD1
KCNJ3	ANKRD42
KCNJ3	LRRK2
KCNJ3	FMN1
GPD2	LACTB2
ERMN	VAMP3
ERMN	USP1
ERMN	LRRC8D
ERMN	ARPC5
ERMN	NCL
ERMN	FBXO45
ERMN	SGCB
ERMN	HHIP-AS1
ERMN	SMIM15
ERMN	YIPF5
ERMN	FIGNL1
ERMN	PLP1
ERMN	GOLGA7
ERMN	CDC42EP2
ERMN	NCOA4
ERMN	SFR1
ACVR1	ENKD1
PKP4	CCDC148
DAPL1	TDRD9
TANC1	CSF1
TANC1	AC084032.1
TANC1	BACE2
AC008277.1	CCDC39
AC008277.1	AP002449.1
AC008277.1	AC007193.1
AC008277.1	AC092070.3
PLA2R1	MACC1
PLA2R1	PLAGL2
SLC4A10	SLC8A1
SLC4A10	SCN2A
SLC4A10	SCN1A
SLC4A10	UNC80
SLC4A10	CHL1
SLC4A10	KALRN
SLC4A10	GABRG2
SLC4A10	NRCAM
SLC4A10	CNKSR2
SLC4A10	ATP2B3
SLC4A10	NELL2
SCN2A	ADD2
SCN2A	REEP1
CSRNP3	NEDD4L
AC009495.1	GALNT3
SCN1A	TMEM67
NOSTRIN	LAMP3
NOSTRIN	LINC02268
LRP2	TRAIP
SSB	PSMD6-AS2
SSB	TTC1
SSB	RPP40
SSB	SH3BGRL2
SSB	AKIRIN2
MYO3B	AP005717.1
AC007405.3	AC007405.1
ERICH2	AC007405.3
GAD1	NR2F1-AS1
GAD1	SLC32A1
TLK1	THUMPD2
RAPGEF4	PDK1
SCRN3	EXOC3-AS1
SCRN3	SDHAF3
SCRN3	NUDT2
SCRN3	MIS12
SCRN3	CHRNA4
SCRN3	KCNJ14
GPR155	STAT1
AC010894.3	AC093635.1
AC010894.3	AC015982.1
AC010894.3	GK3P
AC010894.3	AC008267.5
AC010894.3	BPGM
AC010894.3	MMGT1
AC010894.3	ENY2
AC010894.3	AP002954.1
AC010894.3	LINC00858
AC010894.3	PCGF6
AC010894.3	MAGOHB
AC010894.3	BCL2L14
AC010894.3	MAP1LC3B2
AC010894.3	PCDH9-AS1
AC010894.3	CDR2
AC010894.3	HEATR9
AC010894.3	AC005921.2
AC010894.3	COIL
AC010894.3	CCDC47
AC010894.3	ZNF236-DT
AC010894.3	AC005597.1
AC010894.3	ZNF880
AC010894.3	LENG1
CHN1	FAM84A
CHN1	NCEH1
CHN1	DBN1
CHN1	CITED2
CHN1	PDP1
CHN1	GPR83
CHN1	TESPA1
CHN1	NUDT4
CHN1	ACTN1
CHN1	GABRA5
CHN1	PKM
CHN1	CAMKK1
CHN1	HAPLN4
CHN1	SEPT3
ATP5MC3	AL445685.1
ATP5MC3	PDHB
ATP5MC3	NDUFA4
RBM45	BCAS2
RBM45	NUDT7
PJVK	LINC01521
ZNF385B	EPB41L4B
ZNF385B	ANKRD30B
AC009478.1	AC008079.2
CERKL	ADTRP
CERKL	SIAH3
CERKL	KIF23
CERKL	GGT5
FRZB	KCNMB2-AS1
AC064871.1	AC009053.3
AC021851.1	AC078795.2
AC021851.1	AC103974.1
ITGAV	FAM171B
CALCRL	ZEB1-AS1
LINC01090	NBPF19
LINC01090	KCNK13
LINC01090	ATP8B4
ORMDL1	CNN2
HIBCH	AC126118.1
HIBCH	VARS
HIBCH	CUL7
HIBCH	UNC13D
HIBCH	LRRC45
STAT1	APOL6
AC098617.1	AL592430.1
AC098617.1	A2M
TMEFF2	PDE4B
TMEFF2	APLF
TMEFF2	AC007681.1
TMEFF2	LINC01608
TMEFF2	CABLES2
DNAH7	ABHD15
PGAP1	NLRX1
HSPD1	ADCY6
HSPD1	AC009065.4
HSPE1	HIST4H4
AC011997.1	TMEM234
AC011997.1	CEP152
PLCL1	TAS1R1
PLCL1	RBP7
PLCL1	FAM19A4
PLCL1	CRYBG3
PLCL1	YIPF7
PLCL1	ABCG2
PLCL1	PTCD2
PLCL1	ATXN1
PLCL1	BCKDHB
PLCL1	ZNF277
PLCL1	GLDC
PLCL1	AGPAT2
PLCL1	ZNF891
PLCL1	DPH6-DT
PLCL1	C15orf41
PLCL1	CERNA1
PLCL1	FAM214A
PLCL1	NRG4
PLCL1	GALNS
PLCL1	RALGAPA2
LINC01877	PDE4D
LINC01877	LPCAT2
FTCDNL1	LINC01266
FTCDNL1	KIAA0825
FTCDNL1	AP003392.4
FTCDNL1	AL136460.1
FTCDNL1	PCBP3
C2orf69	TMX1
MAIP1	AC019117.3
MAIP1	ZNF446
SPATS2L	CENPH
SPATS2L	TAF6L
SPATS2L	AC009318.3
CLK1	EVI2B
NDUFB3	AP000755.2
NDUFB3	CNBD2
CFLAR-AS1	SCGB1B2P
C2CD6	EHHADH
CDK15	CPN1
CDK15	BRCA2
CDK15	AL355838.1
KIAA2012	PGM2
KIAA2012	SMIM31
ICA1L	CDK11A
ICA1L	LRRC34
ICA1L	LMLN
ICA1L	DCLK2
ICA1L	MAP6
ICA1L	CASC2
RAPH1	AL033529.1
RAPH1	SLC35G2
RAPH1	AC097467.3
RAPH1	AL138828.1
RAPH1	AC073320.1
RAPH1	FAM160B2
RAPH1	BDNF
RAPH1	CACNB2
RAPH1	LRRC9
RAPH1	PPL
RAPH1	NRSN2-AS1
RAPH1	NPAS1
RAPH1	LCA5L
RAPH1	PCP4
PARD3B	NRP2
AC007679.1	DOCK9-AS1
INO80D	SLC27A6
INO80D	CSMD1
INO80D	LINC01609
EEF1B2	AL355472.1
AC008269.1	AC036214.3
PTH2R	PSMA1
MAP2	VPS13A
UNC80	MIR137HG
UNC80	TRMT9B
UNC80	MKL2
RPE	C1orf54
RPE	FANCL
RPE	CHRNA7
RPE	C16orf72
KANSL1L	CCDC30
KANSL1L	CBWD2
KANSL1L	NPHP3-ACAD11
KANSL1L	TMEM41A
KANSL1L	CREBRF
KANSL1L	AL355312.2
KANSL1L	GCNA
KANSL1L	SLC25A53
KANSL1L	SMIM10L2B
KANSL1L	NDUFAF6
KANSL1L	AC108002.1
KANSL1L	ACP2
KANSL1L	TKFC
KANSL1L	USP3-AS1
KANSL1L	E4F1
KANSL1L	MIB1
KANSL1L	ZNF701
KANSL1L	DRICH1
KANSL1L	LINC00159
LANCL1-AS1	ERAP1
LANCL1-AS1	AC093227.2
LANCL1	LONRF3
LANCL1	NCS1
LANCL1	CNTD2
IKZF2	SGK1
IKZF2	ITGB8
IKZF2	NDRG1
IKZF2	AL449403.2
IKZF2	HTRA1
IKZF2	ADIPOR2
IKZF2	BBS2
IKZF2	MAP1LC3A
AC079610.3	IFNA6
AC079610.3	AP002992.1
AC079610.3	AL158835.1
BARD1	SMARCA1
BARD1	ATP7B
AC012668.3	FAM129B
AC098820.3	RRS1-AS1
AC098820.3	AC068987.3
RPL37A	AL390957.1
RPL37A	PUDP
RPL37A	BTBD10
RPL37A	AC124319.2
DIRC3-AS1	PSTPIP1
TNS1	TLR1
TNS1	SNX24
PNKD	RPL29
PNKD	MEA1
PNKD	TMEM208
CTDSP1	SLC39A14
AC097468.3	CDH24
STK16	NT5C
TUBA4A	SSFA2
TUBA4A	LDHA
DNAJB2	UCN
DNAJB2	ARHGEF4
DNAJB2	AGER
DNAJB2	FANCB
DNAJB2	VAMP1
DNAJB2	CNMD
DNAJB2	ENGASE
DNAJB2	MGAT3
PTPRN	SPTBN2
PTPRN	ST8SIA3
INHA	LINC01141
INHA	DNAI1
INHA	AL133410.1
INHA	AC008750.4
AC067956.1	PTPN3
EPHA4	CDS1
EPHA4	RNF175
EPHA4	NPTX1
KCNE4	SAAL1
KCNE4	GLYAT
KCNE4	ALOX5
IRS1	ITGA1
AC097662.1	PTDSS1
SPHKAP	ADGRF5
SPHKAP	NLRP2
FBXO36	UHRF1BP1
FBXO36	CBY1
SP140	SP140L
AC010149.1	TOGARAM2
AC010149.1	AC027796.4
AC010149.1	TBC1D29
SPATA3	LINC02477
SPATA3	AC010511.1
SPATA3	RAB4B-EGLN2
C2orf72	AC007952.4
ARMC9	SLC36A1
ARMC9	LMNTD1
ARMC9	TBPL2
PTMA	CSRP1
PTMA	ZNF672
PTMA	KIAA1143
PTMA	IK
PTMA	RBM22
PTMA	EIF1AX
PTMA	POLE3
PTMA	PABPC3
PTMA	FGF7
PTMA	ACADVL
PTMA	EIF5A
PTMA	NAPB
PTMA	RAB8A
AC019130.1	AL139300.2
KCNJ13	LINC00472
SH3BP4	AL031291.1
SH3BP4	AC009478.1
SH3BP4	GPR1
SH3BP4	HLA-F
SH3BP4	PLP2
SH3BP4	KIAA1755
SH3BP4	HNF4A
SH3BP4	DLL3
AGAP1	RPRM
AGAP1	ZHX2
AGAP1	APBA1
AGAP1	DSCAML1
AGAP1	LHFPL6
AGAP1	STK24
AGAP1	OSBP2
AGAP1	PKNOX1
LRRFIP1	PODXL
TRAF3IP1	BCL7C
HDAC4	AL139286.2
HDAC4	MIR29B2CHG
HDAC4	GALNT2
HDAC4	SPRED2
HDAC4	AJ239322.2
HDAC4	ACVR1
HDAC4	XXYLT1
HDAC4	C4orf46
HDAC4	ERGIC1
HDAC4	TRG-AS1
HDAC4	SLC16A2
HDAC4	ASAP1
HDAC4	AL162231.2
HDAC4	CARS
HDAC4	CBL
HDAC4	DOCK1
HDAC4	CHSY1
HDAC4	GNAO1
HDAC4	BCO1
HDAC4	RNF157
HDAC4	FAM19A5
AC062017.1	AC244021.1
AC093802.1	OLAH
AC093802.1	MAP4K1
AC093802.1	ZNF526
COPS9	TAF5L
COPS9	ALMS1
COPS9	CAMLG
COPS9	TCEAL4
COPS9	CISD3
COPS9	SEC11C
COPS9	ATP5F1E
RNPEPL1	TPGS1
CAPN10-DT	TOR1B
AC005237.1	BCAR3
AC005237.1	OVGP1
AC005237.1	AC104794.2
AC005237.1	KLF11
AC005237.1	FBLN2
AC005237.1	CSNKA2IP
AC005237.1	AC063919.1
AC005237.1	AC034226.1
AC005237.1	FAM151B
AC005237.1	CNPY1
AC005237.1	AC013643.2
AC005237.1	AL137145.2
AC005237.1	AC005324.4
AC005237.1	AC005670.2
AC005237.1	AC027801.1
AC005237.1	GGT1
BOK	PYGO2
BOK	GPR137
BOK	ACRBP
BOK	ABHD4
BOK	NLGN2
BOK	FEM1A
BOK	U62317.3
ATG4B	AL133516.1
ATG4B	WDSUB1
ATG4B	C4orf47
ATG4B	SEMA6A-AS2
ATG4B	AL662796.1
ATG4B	PSMG3-AS1
ATG4B	NEAT1
ATG4B	ARRDC4
ATG4B	HERPUD1
ATG4B	YES1
ATG4B	DDRGK1
ATG4B	SERHL2
SUMF1	AC034195.1
SETMAR	DHRS4
ITPR1	SSX2IP
ITPR1	DIRC3-AS1
ITPR1	FAM66B
ITPR1	DGKH
BHLHE40-AS1	COL19A1
BHLHE40-AS1	AC091078.1
AC026202.2	MICAL1
AC026202.2	MSL3
AC026202.2	DUSP8
LMCD1-AS1	MEX3A
LMCD1-AS1	ZNF512
LMCD1-AS1	GALNT13
LMCD1-AS1	PDE4D
LMCD1-AS1	AGPAT4
LMCD1-AS1	SPAG1
LMCD1-AS1	SPATA6L
LMCD1-AS1	CCDC7
LMCD1-AS1	TLL2
LMCD1-AS1	FBXW8
LMCD1-AS1	CCDC168
LMCD1-AS1	NID2
LMCD1-AS1	AC007376.2
LMCD1-AS1	CHEK2
SRGAP3	LYPLA2
SRGAP3	SORCS2
SRGAP3	FAM169A
SRGAP3	AL035530.2
SRGAP3	ZNF630
SRGAP3	NXF1
SRGAP3	RORA-AS1
SRGAP3	AC009061.2
JAGN1	TMEM167B
JAGN1	AC007541.1
CRELD1	AC009318.1
CRELD1	DNAJC3-DT
FANCD2OS	GPAT3
IRAK2	SLC6A6
IRAK2	ERBIN
IRAK2	AC010501.1
IRAK2	SLC17A5
IRAK2	ARRB1
IRAK2	SPRYD4
IRAK2	AC068768.1
IRAK2	EEF2K
IRAK2	ARHGAP17
IRAK2	USP32
IRAK2	SLC39A11
IRAK2	SPACA6
ATP2B2	MGLL
ATP2B2	TBC1D9
ATP2B2	ADCY1
ATP2B2	L1CAM
ATP2B2	JPH4
SLC6A1	LY96
SLC6A1	RAB39A
SLC6A1	AP000924.1
SLC6A1	C15orf40
SLC6A1	PSTPIP2
SYN2	LRP8
SYN2	SLC6A17
SYN2	PLEKHO1
SYN2	PLXNA2
SYN2	PPARGC1A
SYN2	PAM
SYN2	NREP
SYN2	PACSIN1
SYN2	AMPH
SYN2	SYBU
SYN2	ELAVL2
SYN2	NRIP3
SYN2	SRRM4
TSEN2	NPL
TSEN2	C12orf60
TSEN2	TSC22D1-AS1
MKRN2OS	FAM90A1
FBLN2	AL606491.1
FBLN2	LINC02362
AC090004.1	TSPAN17
AC090004.1	HSD3B7
AC093495.1	CR936218.2
SLC6A6	FAM198B
SLC6A6	AL355076.2
FGD5	THEGL
METTL6	LRR1
GALNT15	LINC01137
PLCL2	AC103770.1
KCNH8	NUP210
KCNH8	AC092958.1
KCNH8	GDNF-AS1
KCNH8	AC114956.1
KCNH8	PPP2R2B
KCNH8	LONRF1
KCNH8	ASTN2
KCNH8	ATP8A2
KCNH8	SEMA6D
KCNH8	UACA
KCNH8	CCDC137
KCNH8	TRABD
SGO1	AC018362.1
AC099753.1	AC243967.1
ZNF385D	ARHGAP29
ZNF385D	DNAH14
ZNF385D	PLCXD3
ZNF385D	ETV1
ZNF385D	TENM1
ZNF385D	RBFOX1
RPL15	RPL29
RPL15	DNAJC19
RPL15	ADH5
RPL15	TSR2
RPL15	RPS4X
RPL15	FTH1
RPL15	DNAJC12
RPL15	MRPL40
RPL15	SMDT1
AC092422.1	MIR3976HG
LRRC3B	WNT10B
LINC01967	CPA4
LINC01967	ZSCAN2
LINC01967	NME1-NME2
CMTM7	SATB2-AS1
CMTM7	AC091885.2
CMTM7	RHEBL1
CMTM7	CCDC60
CMTM7	ZNF48
CMTM7	PPP1R12C
ARPP21	EPHA3
ARPP21	THBS4
ARPP21	AL355315.1
ARPP21	ABHD2
MLH1	E2F1
AC097359.3	MMP23B
AC097359.3	LINC01983
AC097359.3	PTPN6
AC097359.3	ADM5
ITGA9	PDK3
ACAA1	PIP4P1
ACAA1	YIPF2
ACVR2B	COQ10B
SCN10A	WDR63
SCN10A	SYCP1
SCN10A	SHCBP1L
SCN10A	LINC01818
SCN10A	AC026167.1
SCN10A	DLG1-AS1
SCN10A	STK32B
SCN10A	DNAH5
SCN10A	PRPH2
SCN10A	ARSF
SCN10A	DCAF8L2
SCN10A	AC021678.2
SCN10A	AC090921.1
SCN10A	MAJIN
SCN10A	ARMC4
SCN10A	AC010998.1
SCN10A	TEAD4
SCN10A	AL132780.3
SCN10A	AL122125.1
SCN10A	VRTN
SCN10A	LINC00637
SCN10A	AC104574.2
SCN10A	NPIPA7
SCN10A	AC009055.1
SCN10A	LRRC36
SCN10A	XKR7
SCN10A	GDF15
SCN10A	MIR548XHG
CSRNP1	AC009107.2
RPSA	MAD2L2
RPSA	RACK1
RPSA	AL662884.4
RPSA	MINCR
RPSA	EIF1
MOBP	AK5
MOBP	TADA1
MOBP	LANCL2
MOBP	AB015752.1
MOBP	AC103706.1
MOBP	OSGIN1
MOBP	PIM3
MYRIP	TNFRSF19
MYRIP	PLIN5
EIF1B	GADD45A
EIF1B	MED10
EIF1B	AL355574.1
EIF1B	DHRS7
EIF1B	B2M
EIF1B	PALB2
ENTPD3-AS1	DARS2
ENTPD3-AS1	LINC01031
ENTPD3-AS1	AC108047.1
ENTPD3-AS1	EIF4EBP1
ENTPD3-AS1	TONSL
ENTPD3-AS1	NAB2
ENTPD3-AS1	LINC01563
ENTPD3-AS1	AC006213.3
ENTPD3	PTK6
RPL14	DDA1
ZNF621	AL139424.2
ZNF621	MKNK1
ZNF621	CC2D1B
ZNF621	CCDC146
ZNF621	AL356056.1
ZNF621	NPW
ZNF621	AC005697.1
ZNF621	EFCAB5
ZNF621	AP005671.1
TRAK1	GSEC
CCK	ID2
CCK	KCNF1
CCK	QPCT
CCK	TUBA4A
CCK	CAMK1
CCK	NSG2
CCK	TSPAN7
CCK	BEX5
CCK	BEX1
CCK	OLFM1
CCK	THY1
CCK	RBP4
CCK	CRYM
CCK	RASL10A
AC006059.1	EN2
AC099329.1	AL512343.2
TCAIM	TCEANC2
TCAIM	ACP6
TCAIM	OXTR
TCAIM	LRRC69
AC099669.1	AL139289.2
ZDHHC3	TSR1
CDCP1	CYYR1-AS1
PTH1R	CHMP7
KIF9-AS1	METTL13
AC099778.1	AC010491.1
AC099778.1	ZNF563
AC099778.1	ZNF665
TMA7	YRDC
TMA7	C1orf61
TMA7	OST4
TMA7	ZNF827
TMA7	MIR4458HG
TMA7	TMSB4X
TMA7	FAM24B
TMA7	POMP
TMA7	RAB5IF
TMA7	UBL5
TMA7	ELOF1
SHISA5	EFNA1
UQCRC1	NAT14
LINC02585	SKAP1-AS1
NDUFAF3	GPR62
NDUFAF3	TOLLIP-AS1
NDUFAF3	HEBP1
NDUFAF3	PRCD
RHOA	RBM8A
RHOA	SF3B4
RHOA	AL138881.1
RHOA	NXT2
RHOA	C9orf78
RHOA	TMBIM6
RHOA	DAZAP2
RHOA	ZSCAN29
TCTA	LINC01715
BSN	LHFPL4
BSN	HRASLS
BSN	SEZ6
CAMKV	NECAB2
U73166.1	CES4A
SEMA3B	ADAMTS4
SEMA3B	RRP15
SEMA3B	SLC26A2
SEMA3B	CA3-AS1
SEMA3B	SDC2
SEMA3B	LINC02393
SEMA3B	AC106886.3
SEMA3B	MYH7B
SEMA3B	APC2
SEMA3B	IZUMO4
SEMA3B	SAMD4B
SEMA3B	DNAJC28
SEMA3B	PFKL
LSMEM2	SRRM5
IFRD2	FBXL6
TMEM115	ZNF513
TMEM115	TMEM250
MANF	DDIT3
MANF	XBP1
TEX264	MFSD10
TEX264	AL450326.1
GPR62	FUZ
PCBP4	NBPF11
PCBP4	DCAF8
PCBP4	ACOT13
PCBP4	AC073335.2
PCBP4	ZDHHC9
PCBP4	RCOR2
PCBP4	AL118506.1
PCBP4	CCER2
RPL29	RPL14
RPL29	LINC02018
RPL29	RPS3A
DUSP7	LIX1L
DUSP7	AC146944.4
DUSP7	SOX8
DUSP7	MRGBP
DNAH1	GABRR2
DNAH1	ARHGEF9
DNAH1	CAVIN4
DNAH1	PHLDB1
DNAH1	FAM66C
DNAH1	METTL2A
GNL3	GPATCH4
CHDH	SRGAP2B
CHDH	RAB29
CHDH	PRKD3
CHDH	KCNIP3
CHDH	LYG1
CHDH	IL17RB
CHDH	JADE2
CHDH	Z84488.2
CHDH	CXorf57
CHDH	ATP23
CHDH	SLC6A15
CHDH	CAB39L
CHDH	CCP110
CHDH	MYO1C
CHDH	SLC39A11
CHDH	CDC42EP4
CHDH	IMPA2
CHDH	UFD1
IL17RB	TSPAN9
SELENOK	TMED9
SELENOK	SMARCA4
CACNA2D3	SLC8A1
CACNA2D3	CNTNAP5
CACNA2D3	FGF12
CACNA2D3	C4orf50
CACNA2D3	CDH10
CACNA2D3	NRG1
CACNA2D3	XKR4
CACNA2D3	AC103855.3
CACNA2D3	CAMK1D
CACNA2D3	PRKG1
CACNA2D3	CNNM1
CACNA2D3	LRMP
CACNA2D3	TMEM132D
CACNA2D3	USP43
CACNA2D3	ITGA3
CACNA2D3	CACNA1G
CACNA2D3	PTPRT
CACNA2D3	AL117329.1
CACNA2D3	TRPM2
IL17RD	ARHGEF3
ASB14	AC046143.1
DNAH12	PSPH
DNAH12	CCDC154
DENND6A-AS1	ZNF350
FLNB	RXRA
PXK	CDC14B
PXK	CHKA
PDHB	WWTR1
KCTD6	CENPK
KCTD6	PRC1-AS1
KCTD6	TCP10L
FHIT	AC108062.1
FHIT	AC068305.2
PTPRG	KCNIP1
PTPRG	TMEM132B
CADPS	ME3
SYNPR	GDA
SYNPR	UNC13A
ADAMTS9-AS2	ADAMTS9
LRIG1	TSSK6
SUCLG2	MGMT
GPR27	AC132938.1
LINC00870	PTPN7
LINC00870	ZBTB2
LINC00870	CFTR
LINC00870	VCPKMT
LINC00870	LINC01550
LINC00870	SRRM2
LINC00870	KLHL36
AC112219.2	AC083843.1
AC112219.2	AL161756.3
AC112219.2	IL21R-AS1
GXYLT2	SEMA3C
LINC02027	AL590399.1
LINC02027	UPK2
LINC02008	ATP6V1C2
LINC02008	TP53INP1
LINC00971	AKIRIN1
LINC00971	SEMA3A
LINC00971	AC034114.2
LINC00971	STAB2
LINC00879	BX323043.1
LINC00879	AL049557.1
LINC00879	HAAO
LINC00879	FANCG
LINC00879	AC024600.1
MTRNR2L12	DHFR
MTRNR2L12	AC104532.1
EPHA6	MARCH4
EPHA6	FSTL1
EPHA6	SLC4A4
EPHA6	BMPR1B
EPHA6	FZD3
EPHA6	AC060765.1
EPHA6	NRP1
EPHA6	BCL11B
EPHA6	AP005328.1
EPHA6	PLCB4
EPHA6	GRIK1
CLDND1	TXNIP
CLDND1	RHOB
CLDND1	SBDS
CLDND1	TWF1
ST3GAL6	SCCPDH
ST3GAL6	ST3GAL6-AS1
ST3GAL6	NLGN1
ST3GAL6	MARCH3
ST3GAL6	FCHSD2
ST3GAL6	PANX1
FILIP1L	LINC00624
FILIP1L	ARHGAP30
FILIP1L	NUF2
FILIP1L	AC092567.1
FILIP1L	ACMSD
FILIP1L	AC125613.1
FILIP1L	AC092574.2
FILIP1L	ADAMTS16
FILIP1L	AC008957.1
FILIP1L	SEMA6A-AS1
FILIP1L	TH2LCRR
FILIP1L	AC008728.1
FILIP1L	AL022097.1
FILIP1L	AL023581.1
FILIP1L	CLDN20
FILIP1L	AC027018.1
FILIP1L	P4HA3
FILIP1L	AC018511.2
FILIP1L	GPRC5D-AS1
FILIP1L	PIGH
FILIP1L	AC008056.2
FILIP1L	AL157912.1
FILIP1L	AL157871.4
FILIP1L	AC018946.1
FILIP1L	AC116903.2
FILIP1L	AC009133.1
FILIP1L	AC005695.2
FILIP1L	ARSG
FILIP1L	GCNT7
FILIP1L	AC008569.1
FILIP1L	CXCL17
FILIP1L	CEACAM1
TRMT10C	UTP3
TRMT10C	ADPRM
TRMT10C	ZNF830
RPL24	GNL3L
AC020651.1	AC135457.1
AC020651.1	SLC25A30
AC020651.1	LINC00519
NFKBIZ	SCRN3
NFKBIZ	AP001781.1
NFKBIZ	SLC43A2
NFKBIZ	DUSP3
LINC00882	ISG20L2
LINC00882	LINC01222
LINC00882	AL031316.1
LINC00882	AC082651.4
LINC00882	LINC01473
LINC00882	ENTPD3-AS1
LINC00882	AC063944.1
LINC00882	AC026316.5
LINC00882	LINC02226
LINC00882	ATP6AP1L
LINC00882	VPS37D
LINC00882	CCDC86
LINC00882	ESAM
LINC00882	CFAP43
LINC00882	CCDC122
LINC00882	AL049870.2
LINC00882	DICER1-AS1
LINC00882	AC016705.2
LINC00882	FITM2
LINC00882	SH3BGR
DUBR	AC007405.3
DUBR	HIBCH
DUBR	POLQ
DUBR	HPS5
DUBR	TMEM86A
DUBR	NUDT22
DUBR	PYROXD2
AC063944.3	AL583810.2
MORC1	INO80D
MORC1	FREM3
NECTIN3-AS1	MDS2
CFAP44	SPICE1
CCDC191	NPHP1
CCDC191	LIX1-AS1
ZBTB20-AS5	AC099329.1
ZBTB20-AS5	AC008040.5
ZBTB20-AS5	STPG2-AS1
ZBTB20-AS5	AC004052.1
ZBTB20-AS5	SCRG1
ZBTB20-AS5	AC008892.1
ZBTB20-AS5	SPRY4-AS1
ZBTB20-AS5	SPINK13
ZBTB20-AS5	NEDD9
ZBTB20-AS5	CRYBG1
ZBTB20-AS5	AL049820.1
ZBTB20-AS5	AC006355.2
ZBTB20-AS5	ZNF630-AS1
ZBTB20-AS5	MTCP1
ZBTB20-AS5	AC067817.2
ZBTB20-AS5	AL390774.2
ZBTB20-AS5	C11orf42
ZBTB20-AS5	AP000462.3
ZBTB20-AS5	AP000462.1
ZBTB20-AS5	AC005833.1
ZBTB20-AS5	ATP11A-AS1
ZBTB20-AS5	POLE2
ZBTB20-AS5	TSHR
ZBTB20-AS5	AC009269.2
ZBTB20-AS5	AC022558.2
ZBTB20-AS5	ACSM3
ZBTB20-AS5	AC007347.1
ZBTB20-AS5	AC020978.3
ZBTB20-AS5	DHODH
ZBTB20-AS5	MEIOC
ZBTB20-AS5	AC048380.1
ZBTB20-AS5	OVOL3
ZBTB20-AS5	AC003681.1
ZBTB20-AS5	OGFRP1
ZBTB20-AS5	TTC3-AS1
ZBTB20-AS2	KIRREL3-AS1
ZBTB20-AS2	WDR73
AC046136.1	USP53
GAP43	SPARCL1
GAP43	TCEAL6
IGSF11	APOL2
STXBP5L	KCNT2
STXBP5L	FMN2
STXBP5L	MED12L
STXBP5L	ZBBX
STXBP5L	KCNIP4
STXBP5L	NPY1R
STXBP5L	NIPAL2
STXBP5L	GLIS3
STXBP5L	LINC01197
STXBP5L	TVP23A
AC083798.2	ZSCAN23
AC083798.2	TMEM236
PARP9	DTX3L
PARP14	ZC3HAV1
SEMA5B	RHCG
SEMA5B	CCR10
ADCY5	LINC01828
ADCY5	AC069200.1
ADCY5	ADGRL3-AS1
ADCY5	AL357060.1
ADCY5	ARAP1
ADCY5	COX16
ADCY5	CBLN1
ADCY5	ANKRD11
ADCY5	MNT
ADCY5	MAP3K14
ADCY5	WFIKKN2
ADCY5	SBNO2
ADCY5	SPRED3
ADCY5	GNB1L
MYLK-AS1	AC092634.3
MYLK-AS1	POMZP3
MYLK-AS1	AC006148.1
MYLK-AS1	SLC29A3
MYLK-AS1	ALG10
MYLK-AS1	CENPJ
MYLK-AS1	CLN6
MYLK-AS1	TMEM202-AS1
MYLK	GPIHBP1
KALRN	CDON
KALRN	GOLGA8B
AC063919.1	ANKK1
AC063919.1	AL162274.1
AC063919.1	AC046168.2
AC063919.1	LINC02073
KLF15	CROCC
KLF15	TOB2
ABTB1	FKBP8
RUVBL1	PROM2
EEFSEC	ATRIP
H1FX	PHLDA3
H1FX	H1F0
EFCAB12	LINC01865
PLXND1	ARRDC2
CPNE4	KCNK2
CPNE4	PPARG
CPNE4	LRRC2
CPNE4	EPHA5
CPNE4	ANKRD55
CPNE4	SLIT3
CPNE4	IL1RAPL2
CPNE4	SULF1
CPNE4	TRPC4
ACPP	WNT2
ACPP	AC011452.1
ACAD11	AC093668.1
ACAD11	STRADA
UBA5	AC025038.1
UBA5	ZNF441
PCCB	CHPF2
PCCB	SAT1
PCCB	GALNT12
AC097103.2	MEF2C-AS2
AC097103.2	LANCL2
AC097103.2	NEK5
AC097103.2	AC004784.1
RBP2	PFN2
RBP2	AC079921.1
RBP2	AC008592.4
RBP2	AL133284.1
RBP1	AL359091.1
ATP1B3	AP002026.1
ATP1B3	HACD1
ATP1B3	SLC7A6
ATP1B3	AC023983.2
ATP1B3	LINC01416
ATP1B3	ACP7
GK5	DPY19L1
GK5	HCN2
TRPC1	MYOCOS
TRPC1	GEMIN8
TRPC1	CCDC82
TRPC1	TWNK
TRPC1	ADPRHL1
TRPC1	UBE2Q2
TRPC1	ADNP2
TRPC1	SLC7A9
PAQR9	DRD1
PLSCR1	PTPRC
TM4SF1-AS1	ZP3
TM4SF1-AS1	FLT3
TM4SF1-AS1	HSF5
COMMD2	PPP1R11
COMMD2	STAM-AS1
COMMD2	ZNF32
COMMD2	CRNKL1
ANKUB1	AL049569.1
ANKUB1	DIO1
ANKUB1	LINC01362
ANKUB1	AC010976.1
ANKUB1	AC016910.1
ANKUB1	KCNJ13
ANKUB1	CADM2-AS1
ANKUB1	AC055733.2
ANKUB1	AC107068.2
ANKUB1	AC108159.1
ANKUB1	C4orf45
ANKUB1	AC016644.1
ANKUB1	AC004039.1
ANKUB1	AL139095.4
ANKUB1	AC002429.2
ANKUB1	GLRA2
ANKUB1	ERCC6L
ANKUB1	AC108449.1
ANKUB1	AP002498.1
ANKUB1	AP001767.3
ANKUB1	PITRM1-AS1
ANKUB1	AL356056.2
ANKUB1	AC022017.1
ANKUB1	AC034102.6
ANKUB1	AC012085.2
ANKUB1	LPAR6
ANKUB1	LMO7-AS1
ANKUB1	AC124312.2
ANKUB1	AC103739.2
ANKUB1	ALOX12
ANKUB1	AC091059.1
ANKUB1	AP001021.2
ANKUB1	MEP1B
ANKUB1	APBA3
ANKUB1	AC020913.1
ANKUB1	AC011443.1
ANKUB1	AC245060.6
ANKUB1	C21orf62
ANKUB1	AP000311.1
AC117386.2	LRRC39
AC117386.2	AC084200.1
TSC22D2	TRIO
TSC22D2	WEE2-AS1
TSC22D2	AC010999.2
TSC22D2	PDK2
TSC22D2	ZNF284
TSC22D2	ZNF280B
ERICH6	GPC2
IGSF10	RAET1E
IGSF10	PNPLA4
IGSF10	NIPSNAP3B
IGSF10	CCDC183-AS1
IGSF10	CTSC
IGSF10	AKR1E2
IGSF10	EMX2OS
IGSF10	AC008115.2
IGSF10	AC006487.1
AADACL2-AS1	ANGPTL5
AC068985.1	FAM167B
AC068985.1	AC098484.2
AC068985.1	AL109659.1
AC068985.1	ASPM
AC068985.1	TEKT4
AC068985.1	LINC01162
AC068985.1	POU6F2-AS2
AC068985.1	FRMPD3
AC068985.1	AC068389.3
AC068985.1	LINC01515
AC068985.1	AC128707.1
AC068985.1	AC026333.3
AC068985.1	ADGRD1
AC068985.1	OR6J1
AC068985.1	AL136038.5
AC068985.1	TBC1D3L
AC068985.1	MYBL2
AC068985.1	AC016590.3
MME	AL122019.1
MME	HTR2C
MME	PLAC1
MME	RERGL
MME	RIN3
AC079943.2	PASD1
AC079943.2	AC090993.1
RARRES1	PDZD9
AC080013.5	C9orf24
TRIM59	CA13
TRIM59	CPT1A
SPTSSB	TMEM191C
LINC01192	LINC02228
LINC01322	PALLD
LINC01322	SH3RF2
LINC01322	ESPL1
LINC01322	AC027288.3
MECOM	POLR3C
MECOM	PJA1
MECOM	PMM2
MECOM	MTCL1
AC008040.1	AP003031.2
SEC62	OAT
SEC62	CEP250
AC008040.5	SPATA12
AC008040.5	AC116914.2
SLC2A2	B3GNT5
FNDC3B	ARHGEF12
FNDC3B	CAPRIN2
AC068759.1	AC091117.2
NLGN1	THEMIS2
NLGN1	ERBB4
NLGN1	CADM2
NLGN1	RNF212
NLGN1	ADGRL3
NLGN1	HS3ST5
NLGN1	LAMC3
NLGN1	LRRC4C
NLGN1	ABCG1
NAALADL2	GACAT3
NAALADL2	BABAM2
NAALADL2	AC007100.1
NAALADL2	ARID5A
NAALADL2	ATG4B
NAALADL2	MAPKAPK3
NAALADL2	SPEF2
NAALADL2	LINC01554
NAALADL2	SLC38A2
NAALADL2	AC090502.1
NAALADL2	CFAP73
NAALADL2	AL157911.1
NAALADL2	ZFHX3
NAALADL2	EFCAB6
KCNMB3	AC016152.1
MRPL47	RPL9
USP13	CPNE9
USP13	AC008731.1
PEX5L	PLB1
PEX5L	GDAP1
PEX5L	RASSF8
PEX5L	ADAM10
PEX5L	IGF1R
PEX5L	USP31
PEX5L-AS1	AL590783.1
PEX5L-AS2	SNX32
AC125618.1	C9orf43
FXR1	XPO1
FXR1	MXD1
FXR1	HSPE1-MOB4
FXR1	ELP6
FXR1	HIST1H4H
FXR1	GNL1
FXR1	ASMTL
FXR1	CHORDC1
FXR1	ZNF487
FXR1	KLRD1
FXR1	SNAP23
FXR1	GINS3
FXR1	MYBBP1A
FXR1	PNKP
AC125613.1	LINC01221
AC125613.1	TAOK2
SOX2	RPF2
AC092953.2	CACNA1C-AS1
LAMP3	AL391069.4
YEATS2	AP003352.1
YEATS2	AL049875.1
AC131235.3	DNAJB4
AC131235.3	ANXA2R
AC131235.3	AL035425.1
AP2M1	AC022382.1
AP2M1	ZFPL1
AP2M1	NR1D1
AP2M1	NR2F6
AP2M1	PRMT1
CLCN2	SHC2
POLR2H	CUBN
CHRD	TNFRSF14
LINC01840	AC007250.1
LINC01840	AC073254.1
LINC01840	LINC02027
LINC01840	SATL1
MAGEF1	NIF3L1
IGF2BP2	AL355432.1
ETV5	SPRED2
ETV5	GK5
ETV5	ADAMTS2
ETV5	ARHGAP12
ETV5	SLC38A1
ETV5	CNDP1
DGKG	CDH6
DGKG	CCDC28A
TBCCD1	ZNF2
AC068631.2	CAND2
AC068631.2	AC090630.1
AC068631.2	PET100
EIF4A2	CCDC85B
EIF4A2	LINC00843
EIF4A2	PNMA1
LINC02043	MIR4422HG
LINC02043	LYPD6B
LINC02043	FAM160A1
SST	NPY
SST	VGF
SST	CRH
BCL6	FRMD8
BCL6	NEAT1
BCL6	KLF6
BCL6	FOS
BCL6	ITPK1
BCL6	ALDH3A2
BCL6	STAT3
BCL6	CDH19
BCL6	TTC38
CLDN16	LINC01793
GMNC	LINC01992
AC073365.1	NOTCH2
FGF12	ATP2B2
FGF12	SLC35F1
FGF12	KLF12
FGF12	FHOD3
TMEM44-AS1	HDAC11-AS1
TMEM44-AS1	AC073389.1
TMEM44-AS1	ZNF688
APOD	LRRD1
AC233280.1	AC024560.1
FBXO45	GRPEL2
NCBP2-AS2	MRPL49
NCBP2-AS2	PARD6A
NCBP2-AS2	MRPL34
DLG1-AS1	CTGF
DLG1-AS1	TNNC2
RPL35A	RPS14
RPL35A	UQCRB
RPL35A	RPS15A
RPL35A	RPL23
RPL35A	RPL38
RPL35A	SNRPB2
ZNF141	CD55
ZNF141	ZXDA
ATP5ME	XKR8
ATP5ME	LRRC40
ATP5ME	AP001547.1
ATP5ME	NMB
ATP5ME	AC005363.2
AC139887.4	LINC02523
AC139887.2	ZMYM1
AC139887.2	AL451074.2
AC139887.2	AC016727.1
AC139887.2	AC114763.1
AC139887.2	CCDC13
AC139887.2	AC108673.3
AC139887.2	DNAJB11
AC139887.2	FAM47E
AC139887.2	AC095055.1
AC139887.2	ANKRD31
AC139887.2	Z97832.2
AC139887.2	HMGN3
AC139887.2	AC073957.3
AC139887.2	LINC00940
AC139887.2	EEF1AKMT1
AC139887.2	LINC00639
AC139887.2	ESR2
AC139887.2	AL583722.1
AC139887.2	AC015795.1
AC139887.2	LINC01483
AC139887.2	SYNDIG1
AC139887.2	ZNF528
AC139887.2	TMEM50B
CPLX1	CLEC2L
CPLX1	HMGB3
CPLX1	NDRG4
CPLX1	C1QL1
GAK	MSANTD3-TMEFF1
GAK	DHRS4-AS1
GAK	PRR14L
RNF212	AC092535.3
UVSSA	SEPSECS
FGFR3	COL5A3
C4orf48	TTC4
C4orf48	ATP5ME
C4orf48	CYP4V2
C4orf48	ZNF75D
C4orf48	THSD1
C4orf48	AC243967.2
C4orf48	TMEM191B
C4orf48	DMC1
NAT8L	FURIN
FAM193A	AC012363.1
FAM193A	AGAP1
FAM193A	ZNF501
FAM193A	RUFY1
FAM193A	MTRF1L
FAM193A	AC138696.1
FAM193A	PFKFB3
FAM193A	DGLUCY
FAM193A	METTL22
FAM193A	ZNF785
FAM193A	ZCCHC14
FAM193A	AL139352.1
FAM193A	DOT1L
FAM193A	MPND
FAM193A	SIPA1L3
LYAR	AC012485.3
NSG1	RASL11B
NSG1	ZCCHC12
NSG1	FAM241B
NSG1	SPOCK2
NSG1	CTSZ
STX18-AS1	CXXC4-AS1
STX18-AS1	ZNF248
PPP2R2C	BCAN
PPP2R2C	NCAPH
PPP2R2C	TTC29
PPP2R2C	ZSCAN31
PPP2R2C	BVES-AS1
PPP2R2C	CHST14
PPP2R2C	SGSM1
MRFAP1	PITHD1
MRFAP1	ZMAT2
MRFAP1	TINF2
MRFAP1	YWHAB
MRFAP1	MIEF1
CLNK	AC096746.1
CLNK	LRRC43
HS3ST1	KLHDC8B
HS3ST1	C1RL
AC005699.1	AC069277.1
BOD1L1	GOLGB1
BOD1L1	PDCD7
BOD1L1	ZNF787
LINC01182	AC092546.1
AC073848.1	LINC01182
LINC00504	SVOPL
CPEB2	AIDA
CPEB2	FANCL
CPEB2	TRABD2A
CPEB2	EPC2
CPEB2	IL17RE
CPEB2	TMEM39A
CPEB2	DNAJC13
CPEB2	NT5DC1
CPEB2	RNF217
CPEB2	DMTF1
CPEB2	TMLHE
CPEB2	CRAMP1
CPEB2	AC135050.2
CPEB2	MAPRE2
CPEB2	UBE2G2
C1QTNF7	AC098829.1
TAPT1-AS1	PAQR3
TAPT1-AS1	LINC00476
LINC02493	AC106894.1
QDPR	RHCE
QDPR	PKN2-AS1
QDPR	CXCR4
QDPR	PLCD4
QDPR	TRPC5
QDPR	RACGAP1
QDPR	DEGS2
QDPR	ADAP2
QDPR	PRAM1
QDPR	NTN5
NCAPG	AC092813.1
SLIT2	NFATC1
PACRGL	FXYD3
KCNIP4	CNTN3
KCNIP4	NTN4
LGI2	ALKAL2
AC016687.3	AP001107.9
DTHD1	LINC00886
DTHD1	KCNK7
DTHD1	ZNF763
C4orf19	MDFI
C4orf19	CDKN3
LINC02278	AC005304.3
KLHL5	RHOU
KLHL5	HIST1H2BG
KLHL5	NET1
NSUN7	C12orf75
APBB2	PLS1
APBB2	ZNF608
APBB2	LINC00324
APBB2	AC020558.1
AC131953.1	AC007193.1
UCHL1	CHN1
UCHL1	PTMS
DCAF4L1	AP001496.2
ATP8A1	COL8A2
ATP8A1	TTC27
ATP8A1	VRK2
ATP8A1	CYBRD1
ATP8A1	DUBR
ATP8A1	ELL2
ATP8A1	GRM3
ATP8A1	QPRT
GABRA2	HES4
AC107068.2	AC013472.2
AC107068.2	AC007679.1
AC107068.2	OCIAD1-AS1
AC107068.2	MAK
AC107068.2	AL078581.3
AC107068.2	AC006378.1
AC107068.2	PTGR1
AC107068.2	AL365356.1
AC107068.2	AL138760.1
AC107068.2	AC046130.1
AC107068.2	LINC02426
AC107068.2	TTC6
AC107068.2	AL118556.1
AC107068.2	AC243585.2
AC107068.2	AP000919.2
AC107068.2	AL035071.2
AC107068.2	AC005523.2
AC107068.2	AC008735.2
TEC	GAL3ST4
TEC	PLEKHD1
SLAIN2	MIOS
SLAIN2	USP12
SLAIN2	ERN1
OCIAD2	MBLAC1
SGCB	CLSTN2
SGCB	ZNF853
USP46-AS1	AL031848.2
USP46-AS1	HMGN3-AS1
USP46-AS1	KLHL7-DT
ERVMER34-1	GTSE1
SCFD2	IFT74
SCFD2	PRDM11
SCFD2	AC048341.1
SCFD2	RNFT2
SCFD2	B3GNTL1
SCFD2	ZSCAN5A
PDGFRA	XAF1
PDGFRA	AL031590.1
KIT	KCNK12
KIT	CTNNA2
KIT	IRS1
KIT	FAM122C
KIT	CACNA2D4
KIT	FRMD6
SRD5A3	SESN2
SRD5A3	DNAJC30
PDCL2	AL592148.3
HOPX	GSTM3
HOPX	FAM92A
IGFBP7-AS1	TNFRSF8
IGFBP7-AS1	EDAR
IGFBP7-AS1	DLEC1
IGFBP7-AS1	AC122694.1
IGFBP7-AS1	LINC02108
IGFBP7-AS1	AC114321.1
IGFBP7-AS1	AGBL2
IGFBP7-AS1	PROSER2
IGFBP7-AS1	AC020637.1
IGFBP7-AS1	LINC01169
IGFBP7-AS1	AC013565.1
IGFBP7-AS1	AC005808.1
IGFBP7-AS1	ZNF730
AC017091.1	PDPN
AC017091.1	AC114550.3
AC017091.1	DUOX2
AC017091.1	AC002553.2
AC017091.1	AC003005.2
ADGRL3	PBX3
ADGRL3-AS1	ESCO2
EPHA5	SLC26A8
EPHA5-AS1	CLDN16
EPHA5-AS1	ACSL6
EPHA5-AS1	LINC00326
EPHA5-AS1	LINC02519
EPHA5-AS1	INHBA-AS1
GNRHR	SPINK9
GNRHR	TSIX
GNRHR	DKFZP434K028
GNRHR	RGL4
TMPRSS11D	TMPRSS11A
TMPRSS11D	EDRF1-AS1
UTP3	AC009113.1
SLC4A4	PLSCR4
SLC4A4	RERG
SLC4A4	ASCL1
SLC4A4	RHOJ
AC053527.1	SEC24B-AS1
AC053527.1	CCDC102B
AC096759.2	AL033527.5
CDKL2	GYG1
CDKL2	AC004690.2
PPEF2	GRK6
SHROOM3	LYPD8
SHROOM3	USP2-AS1
LINC00989	TMEM211
FGF5	AC092902.3
CFAP299	LIN28B-AS1
CFAP299	AKAP13
AC139722.1	AC244517.5
AC139722.1	AC024563.1
RASGEF1B	ADCK5
RASGEF1B	NOP2
RASGEF1B	SGSM3
AC124016.1	AC025181.2
THAP9	AC114490.3
THAP9	ZSCAN32
MAPK10	CEP126
SPARCL1	SCG2
SPARCL1	NEFM
SPARCL1	NEFL
SPARCL1	SNCG
SPARCL1	CALY
SPARCL1	CHGA
SPARCL1	SCG3
SPP1	GDE1
SPP1	AC027130.1
PPM1K	CXXC4
PPM1K	RHOBTB3
PPM1K	ALDH2
PYURF	ARHGAP5-AS1
PYURF	EID1
AC098582.1	ABHD14A
HERC3	FUBP1
HERC3	TOR3A
HERC3	GMPPB
HERC3	LRCH2
HERC3	ATG2B
HERC3	TMEM8A
HERC3	RHOT2
HERC3	CDT1
HERC3	KAT7
NAP1L5	PTRH1
FAM13A-AS1	AL117350.1
FAM13A-AS1	POLN
FAM13A-AS1	PEX5
FAM13A-AS1	AC040934.1
AC097478.1	C2orf16
AC097478.1	ERVMER34-1
AC097478.1	HIST1H2AE
AC097478.1	AC004540.2
AC097478.1	ARPC1B
AC097478.1	AL441992.1
AC097478.1	CASP4
AC097478.1	USP28
AC097478.1	NCKAP5L
AC097478.1	AL133297.2
AC097478.1	IL4R
AC097478.1	AKAP8L
AC097478.1	AC010319.4
AC097478.1	PROSER3
AC097478.1	CAPN12
CCSER1	RPS6KA6
CCSER1	LRRC6
CCSER1	MPPED2
CCSER1	ZEB1
CCSER1	PTPN20
CCSER1	ARHGAP44
PDLIM5	TMEM255A
UNC5C	TRIM2
UNC5C	NKAIN2
UNC5C	AC087623.2
UNC5C	LRRC4C
UNC5C	LPXN
UNC5C	CNTNAP4
UNC5C	GAREM1
AC106881.1	STRADB
AC106881.1	CMYA5
LINC02267	PABPC4
LINC02267	TEX36
STPG2	DRAIC
AC019131.1	GCC2-AS1
AC019131.1	AC093895.1
AC019131.1	LINC02115
AC019131.1	KRTAP5-AS1
TRMT10A	HIPK1-AS1
MTTP	AC083843.3
MTTP	AC006305.1
H2AFZ	C1orf216
H2AFZ	COA6
H2AFZ	LRPAP1
H2AFZ	TMEM70
H2AFZ	NANS
H2AFZ	GOLGA8N
H2AFZ	COPRS
EMCN	LINC01100
BANK1	CATIP-AS2
BANK1	CFAP299
NFKB1	ZBTB34
NFKB1	RHOBTB1
NFKB1	AC079385.1
NFKB1	SORD
NFKB1	AC036108.3
MANBA	PPIAL4G
MANBA	AL024498.1
AC018797.2	GPR156
AC018797.2	TIGD7
AC018797.2	PAM16
AC018797.2	MROH8
AC018797.2	OSER1-DT
CISD2	ZNF346
CISD2	LINC02449
CISD2	TP53RK
SLC9B1	AC092164.1
SLC9B1	IFT122
SLC9B1	AC073878.1
SLC9B1	IMMP1L
SLC9B1	GYS2
SLC9B1	LINC02340
SLC9B1	AC099518.1
AC004052.1	LINC02503
CXXC4	LINC01500
CXXC4	PCMTD2
AC004053.1	AC090833.1
AC004053.1	ACSM6
GSTCD	ZBED5-AS1
SGMS2	FSIP2
SGMS2	PIP
RPL34	ZNF347
RPL34	FOXRED2
ETNPPL	SLC14A1
COL25A1	LINC01933
AC126283.1	GDF9
AC126283.1	AC087623.3
AC126283.1	AC008770.2
EGF	AC244517.6
ELOVL6	NKAPL
AP1AR	TDP1
LARP7	ALG6
LARP7	TXNDC15
LARP7	AC013470.2
LARP7	CBWD5
LARP7	AP001157.1
LARP7	ANKRD49
LARP7	WDR66
LARP7	LINC00517
LARP7	AC093525.6
LARP7	ZNF682
LARP7	ZNF845
ANK2	WDR78
ANK2	AKNAD1
ANK2	TBCE-1
ANK2	KCNH8
ANK2	LINC00882
ANK2	MRPS22
ANK2	THEMIS
ANK2	EXT1
ANK2	MIPEP
ANK2	NUDT15
ANK2	ZNF280D
ANK2	ASPA
ANK2	VASP
ANK2	ASPHD2
AC093879.1	AC012358.3
AC093879.1	TTC23L
AC093879.1	LINC01470
AC093879.1	AC131571.1
AC093879.1	ENO4
AC093879.1	AC108721.1
AC093879.1	C12orf56
AC093879.1	CPB2
AC093879.1	AC009690.2
AC093879.1	SPATA22
AC093879.1	SFI1
AC093879.1	AL031587.2
TRAM1L1	AL928921.2
TRAM1L1	KLHL29
SNHG8	NAGPA-AS1
PRSS12	CYP4A22-AS1
PRSS12	CYP1B1
PRSS12	B3GALT1
PRSS12	EGF
PRSS12	AL136317.2
PRSS12	TMEM200C
PDE5A	ACAP3
PDE5A	SYNC
PDE5A	AC105277.1
PDE5A	AL354949.1
PDE5A	PDZK1
PDE5A	PDC
PDE5A	C4BPA
PDE5A	AL451047.1
PDE5A	NLRC4
PDE5A	MEIS1-AS2
PDE5A	ANKRD53
PDE5A	AC006460.1
PDE5A	COL4A3
PDE5A	AC092053.3
PDE5A	DENND6A-AS1
PDE5A	CFAP44-AS1
PDE5A	RUVBL1
PDE5A	SOX2
PDE5A	AL158068.2
PDE5A	MGST2
PDE5A	C5orf34
PDE5A	AC008496.2
PDE5A	AC244517.2
PDE5A	AC005740.3
PDE5A	JAKMIP2-AS1
PDE5A	AL512422.1
PDE5A	PCOLCE-AS1
PDE5A	ST7-AS2
PDE5A	AC092666.1
PDE5A	PTGR1
PDE5A	ENG
PDE5A	AC069287.3
PDE5A	AP002336.2
PDE5A	IDI2
PDE5A	AL157395.1
PDE5A	CD27
PDE5A	PCDH9-AS2
PDE5A	PRMT5-AS1
PDE5A	G2E3-AS1
PDE5A	SLC24A5
PDE5A	AC023906.4
PDE5A	RAB11A
PDE5A	AC103876.1
PDE5A	AC010542.2
PDE5A	LINC01568
PDE5A	AC087501.1
PDE5A	ETV4
PDE5A	SKAP1
PDE5A	AC016866.2
PDE5A	AL035448.1
PDE5A	PROCR
PDE5A	ACSBG2
PDE5A	AC011503.1
PDE5A	ZBTB32
PDE5A	AC006262.2
PDE5A	ZNF649-AS1
ANXA5	LAMTOR3
CCNA2	GDPD3
FAT4	GADD45G
INTU	ABCA5
HSPA4L	HIBCH
HSPA4L	TIMM44
AC108062.1	LINC02473
AC108062.1	AC011921.1
SNHG27	AL590399.3
AC115622.1	AC110751.1
AC105383.1	ZC3H6
AC105383.1	RARG
AC105383.1	ZFP28
AC107463.1	NR5A2
AC107463.1	IL1R1
AC018680.1	MEI4
AC018680.1	AL358234.1
AC018680.1	TMC5
AC018680.1	LINC01643
LINC00500	LINC00499
AC109927.1	DAB1
SCOC	ENOPH1
SCOC	ZXDB
ELMOD2	AL589765.6
ELMOD2	TRUB1
AC104596.1	FSIP2-AS1
AC104596.1	INPP4B
SMAD1	AC009988.1
ZNF827	NR3C2
ZNF827	MAP3K15
NR3C2	SPATA9
DCLK2	FBXL2
DCLK2	PRDM5
DCLK2	RIMS1
DCLK2	AC004540.1
RPS3A	AL136454.1
PRSS48	AC008957.2
PRSS48	TEK
PRSS48	ASPN
PRSS48	AC127164.1
PRSS48	AC022469.2
PRSS48	AC055811.1
PRSS48	AL121900.1
FAM160A1	TXK
MND1	AL513329.1
MND1	PNPLA1
MND1	AL136366.1
MND1	B3GNT6
MND1	AP002884.3
MND1	AVIL
MND1	KIFC3
MND1	GFOD2
TMEM131L	KIAA1324
TMEM131L	RNF24
AC079298.3	IL15RA
AC104407.1	TIGD4
AC104407.1	AC097467.3
AC104407.1	SPATA24
MAP9	CCDC181
GLRB	PDGFC
GRIA2	MARK1
GRIA2	CSRNP3
GRIA2	PLCL2
FAM198B	FAM198B-AS1
C4orf45	TUBGCP6
LINC02233	AC090510.2
LINC02477	LINC01796
LINC02477	AC096759.2
LINC02477	AC090282.1
NPY1R	GPR63
FAM218A	AL023806.1
FAM218A	TMEM218
MSMO1	FDPS
MSMO1	HSD17B7
MSMO1	HMGCS1
MSMO1	HMGCR
MSMO1	AL355312.3
MSMO1	ACAT2
MSMO1	FDFT1
MSMO1	SQLE
MSMO1	SC5D
MSMO1	IDI1
MSMO1	AC009690.3
MSMO1	LDLR
CPE	RGS14
CPE	RCN1
DDX60	IFI44
PALLD	RAPGEF4-AS1
PALLD	OPRM1
MFAP3L	FANCD2
MFAP3L	DBNDD1
GALNT7	AC105285.1
HMGB2	AC097534.1
HAND2-AS1	BRDT
HAND2-AS1	HAPLN2
HAND2-AS1	LINC00276
HAND2-AS1	AC006480.2
HAND2-AS1	DEC1
HAND2-AS1	LINC02356
HAND2-AS1	DIAPH3
HAND2-AS1	AC133919.1
HAND2-AS1	AC011447.3
LINC02269	AC244035.1
CEP44	DBR1
GPM6A	LUZP1
GPM6A	ERICH3
GPM6A	DDAH1
GPM6A	PTGFRN
GPM6A	CADM3
GPM6A	SCN2A
GPM6A	CHN1
GPM6A	EPHA4
GPM6A	SYNPR
GPM6A	LNX1
GPM6A	PARM1
GPM6A	GLRB
GPM6A	NR2F1
GPM6A	CAP2
GPM6A	FAXC
GPM6A	VSTM2A
GPM6A	MAOB
GPM6A	FHL1
GPM6A	SLITRK4
GPM6A	LY6H
GPM6A	SH3GL2
GPM6A	C9orf129
GPM6A	BRINP1
GPM6A	ELMOD1
GPM6A	C11orf87
GPM6A	ANXA11
GPM6A	LGI1
GPM6A	NELL2
GPM6A	TESPA1
GPM6A	KITLG
GPM6A	CACNG3
GPM6A	FAM171A2
GPM6A	CELF4
AC093801.1	FSHR
AC093801.1	GLYATL1
AC093801.1	LINC02335
AC093801.1	AC025272.1
LINC01099	AC078881.1
LINC01099	LINC01098
LINC01099	TENM3
AC098864.1	LINC01098
AC098864.1	AC104803.1
AC098864.1	LINC00290
AC079226.2	VIL1
AC079226.2	SFRP4
CDKN2AIP	WDCP
ING2	RRP8
AC107214.2	AC002550.2
STOX2	DOK1
STOX2	AC064871.1
STOX2	AC097468.3
STOX2	AC098818.2
STOX2	CISD2
STOX2	ANK2
STOX2	AC012640.1
STOX2	SETD9
STOX2	AC104123.1
STOX2	ORC3
STOX2	DNAH11
STOX2	CTPS2
STOX2	MTMR7
STOX2	TMEM74
STOX2	FAM78A
STOX2	CDCA3
STOX2	USP44
STOX2	AL355075.4
STOX2	AL139099.1
STOX2	UNKL
STOX2	SEC14L5
STOX2	NUP93
STOX2	AC006449.6
STOX2	CNTD1
STOX2	NDUFAF5
STOX2	AL031666.1
STOX2	AC114271.1
STOX2	C19orf12
STOX2	PRRG2
STOX2	AP000704.1
ENPP6	LINC01763
LINC02363	AC021739.2
LINC02427	AC108471.2
LINC02365	AC145285.2
SLC25A4	ATP6AP2
SLC25A4	PGAM1
SLC25A4	LDHB
ANKRD37	DDIT4
C4orf47	TCEANC
CYP4V2	NMRK1
CYP4V2	ZDHHC6
FRG1-DT	AL513365.2
PDCD6	MUC20-OT1
PDCD6	PILRA
MRPL36	TMEM208
MRPL36	AC020928.2
NDUFS6	AL096711.2
NDUFS6	EBP
NDUFS6	TMEM138
NDUFS6	ZNF584
TENT4A	ZDHHC18
TENT4A	HS2ST1
TENT4A	AC239868.2
LINC02199	IMPG2
SEMA5A	SNHG18
LINC02112	CD36
AC034229.4	AL355073.2
FAM173B	SLC25A44
FAM173B	AC092809.4
CCT5	MTFMT
CCT5	AC008758.1
AC012640.2	LINC01424
CTNND2	FIGN
CTNND2	LINC00320
TRIO	ADAM23
TRIO	MFHAS1
RETREG1	MED18
RETREG1	AC104458.1
RETREG1	ILDR2
RETREG1	PRELP
RETREG1	CD38
RETREG1	AP000721.2
RETREG1	RIOX1
MYO10	LTBP4
BASP1	ENC1
BASP1	PNMA2
BASP1	NRGN
BASP1	SYT1
CDH18	NTNG1
CDH18	KCNJ3
CDH18	ADAMTS9-AS2
CDH18	AC124854.1
CDH18	KCND2
CDH18	CADPS2
CDH18	ARNTL2
CDH18	ABCD2
CDH18	RIT2
CDH18	AC025809.1
LINC02241	AC093274.1
AC093274.1	AL158211.1
CDH10	HOOK1
CDH10	VWC2
CDH10	MIR222HG
CDH10	CRISPLD1
AC091885.2	MKNK1-AS1
AC091885.2	FAM129A
AC091885.2	CFAP65
AC091885.2	FER1L6-AS2
AC091885.2	BAAT
PDZD2	AC008991.1
AC025178.1	AL645465.1
AC025178.1	AC073283.3
AC025178.1	RBM18
AC025178.1	AC005702.1
SUB1	BLOC1S2
AC010343.3	CENPO
TARS	SLC7A1
SLC45A2	LRRC66
SLC45A2	AC079950.1
SLC45A2	LINC02204
C1QTNF3-AMACR	DPYD
C1QTNF3-AMACR	UAP1
C1QTNF3-AMACR	RGS5
C1QTNF3-AMACR	TRAF3IP3
C1QTNF3-AMACR	LINC02241
C1QTNF3-AMACR	AC107375.1
C1QTNF3-AMACR	AL512506.3
C1QTNF3-AMACR	AC008764.2
SPEF2	CLUAP1
NADK2	FLVCR1-DT
NADK2	RAD1
NADK2	ZNF221
NADK2	POFUT2
AC008957.2	ENTPD3
AC008957.2	AC010273.1
AC008957.2	AP001267.3
AC008957.2	CCNB2
GDNF-AS1	MIR34AHG
GDNF-AS1	GDNF
GDNF-AS1	SLC2A12
LINC02107	COL25A1
LINC02107	AC034226.1
EGFLAM	RSPH10B2
EGFLAM	LOXHD1
EGFLAM	MX2
LIFR	SHISA5
LIFR	AC020559.1
LIFR	RFC2
LIFR	SLC25A43
LIFR	SNX16
LIFR	STKLD1
LIFR	CEP131
LIFR	PLAUR
LIFR	MEI1
LIFR-AS1	AC106881.1
LIFR-AS1	TRAF2
LIFR-AS1	GSTZ1
LIFR-AS1	PPM1E
OSMR-AS1	RNF122
OSMR-AS1	DEPP1
C6	CNR2
C6	COL4A6
C6	RAD54B
C6	AP001993.1
SELENOP	AL353708.3
SELENOP	SERTAD4-AS1
SELENOP	DNAH6
SELENOP	SS18L2
SELENOP	PCDHB4
SELENOP	FANCF
SELENOP	CDK2AP2
SELENOP	IFIT2
SELENOP	IFIT1
SELENOP	AL161772.1
SELENOP	AC119403.1
HMGCS1	INSIG1
MRPS30-DT	AC078785.1
MRPS30-DT	ZKSCAN3
MRPS30-DT	LRRCC1
MRPS30-DT	FKTN
MRPS30-DT	FANCM
MRPS30	ZNF34
MRPS30	ZNF543
HCN1	LRRN2
AC122694.1	SMN2
AC122694.1	FERMT1
AC025180.1	AC096992.2
AC008966.2	AC022364.1
ARL15	INPP4A
HSPB3	CASQ1
HSPB3	EGR4
HSPB3	FNDC9
HSPB3	CRH
HSPB3	KCNS2
HSPB3	ADRB1
HSPB3	SERTM1
HSPB3	CIDEA
HSPB3	TSPEAR
AC026704.1	HARS2
MIER3	RLIM
AC008780.2	NT5E
LINC02108	LGALS9
LINC02108	AP005328.2
RAB3C	LRRC3B
DEPDC1B	ITGA11
ELOVL7	AL928654.1
ELOVL7	PLA2G10
ELOVL7	CD3EAP
ZSWIM6	ZBTB7B
ZSWIM6	NFKB1
ZSWIM6	AC126283.1
ZSWIM6	ETV7
ZSWIM6	ZDHHC15
ZSWIM6	SPI1
ZSWIM6	AC011611.4
ZSWIM6	LINC02288
ZSWIM6	AC091057.6
ZSWIM6	NDE1
ZSWIM6	EBF4
ZSWIM6	Z95115.1
AC026746.1	AC018832.1
AC026746.1	KRI1
RNF180	RIC3
RNF180	STK33
AC010359.1	AF213884.3
ERBIN	HENMT1
ERBIN	HMGN4
ERBIN	NFIB
ERBIN	GALT
ERBIN	CEMIP2
ERBIN	RMI1
ERBIN	CLMN
ERBIN	NSMCE1
ERBIN	KANK2
GTF2H2C	GTF2H2
AC146944.4	GTF2H2C
GTF2H2	OCLN
AC099522.2	AC004803.1
BTF3	PRDX1
BTF3	PDCL3
BTF3	ERC2
BTF3	C2
BTF3	LSM5
BTF3	GABARAPL2
BTF3	SELENOM
ENC1	LMO4
ENC1	PNMA2
HMGCR	STARD4
S100Z	ARHGEF26
S100Z	SOX7
S100Z	CHST8
LHFPL2	ZNF697
LHFPL2	CREB3L4
LHFPL2	HBEGF
LHFPL2	SH2B2
LHFPL2	TMTC1
LHFPL2	MARS
LHFPL2	TMEM179
LHFPL2	LINC00310
BHMT2	SFTPD
JMY	GMPR
HOMER1	EML6
AC008496.2	AC112719.2
AC008496.2	AC023830.1
AC008496.2	AC011479.1
THBS4	LINC02100
THBS4	AL160272.2
THBS4	IDI2-AS1
AC010260.1	AC016716.2
AC010260.1	PRKAR2A-AS1
AC010260.1	LINC00903
AC010260.1	TMPRSS11A
AC010260.1	AC138956.1
AC010260.1	CA1
AC010260.1	AC103853.1
AC010260.1	NXPE1
AC010260.1	AL031714.1
AC010260.1	WWOX-AS1
AC010260.1	AC005220.1
AC010260.1	CRLF1
AC010260.1	NUMBL
AC010260.1	AC008440.2
AC010260.1	SHISA7
ZFYVE16	LINC02283
ZFYVE16	ABRAXAS1
ZFYVE16	MAFK
ZFYVE16	EPDR1
ZFYVE16	ZFHX4-AS1
ZFYVE16	THNSL1
ZFYVE16	IFNG-AS1
ZFYVE16	EFCAB11
ZFYVE16	ADCY7
ZFYVE16	RHBDF2
ZFYVE16	PLIN4
ZFYVE16	FP565260.2
DHFR	AC105402.3
RASGRF2	AFF3
RASGRF2	TMEM244
RASGRF2	PLAG1
RASGRF2	SMCO4
RASGRF2	AC010997.5
RASGRF2	LINC02470
RASGRF2	FGD4
RASGRF2	LINC00463
RASGRF2	SLC13A3
AC026726.1	AL589765.4
AC026726.1	LINC01633
AC026726.1	SERPINB7
ATG10	ATP6AP1L
RPS23	PCDHB15
RPS23	RPL30
RPS23	RPS6
RPS23	FAU
RPS23	RPS24
RPS23	RPL4
RPS23	RPLP1
RPS23	RPS16
ATP6AP1L	LINC01301
HAPLN1	EOGT
COX7C	COPS9
COX7C	FYCO1
COX7C	SKP2
COX7C	KIAA1324L
COX7C	RBM33
COX7C	NDUFB11
COX7C	GPKOW
COX7C	LAGE3
COX7C	GSR
COX7C	C8orf59
COX7C	UQCC3
COX7C	C12orf57
COX7C	KATNAL1
COX7C	CDC42BPB
COX7C	ATP5MPL
COX7C	AC068338.3
COX7C	POLR3K
COX7C	SLC12A3
COX7C	ZFPM1
COX7C	MYO19
COX7C	ARHGAP23
COX7C	ATP9B
COX7C	COX6B1
COX7C	UQCR10
COX7C	ATP5PF
AC109492.1	LINC01949
TMEM161B	TAB3
AC091826.2	LINC02060
LINC00461	RUNX1T1
LINC00461	GNPTAB
MEF2C	KIAA1211L
MEF2C	NDST3
MEF2C	ICA1
MEF2C	PAK3
LINC02161	AC104041.1
POLR3G	GCLM
ARRDC3	ZNF844
NR2F1-AS1	CYP4X1
NR2F1-AS1	CCDC85A
KIAA0825	DYNC2H1
SLF1	CFAP36
SLF1	ZWILCH
MCTP1	AC067956.1
MCTP1	CPNE4
MCTP1	RXFP1
MCTP1	OCA2
GLRX	AL513283.1
GLRX	ZNF750
GLRX	AL121890.2
AC104123.1	AL160313.1
AC104123.1	SGF29
LIX1-AS1	LINC01340
LIX1-AS1	AEN
LINC02062	RNF166
FAM174A	MED25
SLCO4C1	EPHA5-AS1
SLCO4C1	FGF5
SLCO4C1	ARSJ
SLCO4C1	POSTN
PAM	LINC01551
PAM	MYH10
LINC02115	AL121760.1
AC099520.1	ZPBP
AC099520.1	CXorf58
AC099520.1	AC104389.4
AC099520.1	RUBCNL
AC099520.1	NTN1
FBXL17	RASAL2
FBXL17	LZTFL1
FBXL17	GXYLT2
AC012603.1	AL049597.2
AC012603.1	AC107464.3
AC012603.1	LINC02378
MAN2A1	ST6GALNAC3
MAN2A1	CPEB2-DT
MAN2A1	AC105285.1
MAN2A1	FRG1-DT
MAN2A1	AQP11
AC008572.1	PPT2-EGFL8
AC008572.1	DSG1-AS1
WDR36	TMTC3
CAMK4	GPR176
NREP	CDC42EP3
EPB41L4A-AS1	C1orf194
AC104126.1	HHLA2
TRIM36	SP100
TRIM36	HIST1H2BN
TMED7-TICAM2	AC022762.2
AC034236.2	TIGD1
AC018752.1	TMPRSS11F
SEMA6A-AS1	AL096855.1
SEMA6A-AS1	SLC5A9
SEMA6A-AS1	NEB
SEMA6A-AS1	ZNF451-AS1
SEMA6A-AS1	PACRG
SEMA6A-AS1	AC117834.1
SEMA6A-AS1	CCDC144NL-AS1
SEMA6A-AS1	AC005884.1
SEMA6A-AS1	AC015923.1
DTWD2	ERMAP
DTWD2	LINC02035
DTWD2	EPM2A
DTWD2	MROH6
DTWD2	C10orf143
DTWD2	TUBA1C
DTWD2	AP000229.1
AC119150.1	AL138720.1
AC119150.1	RGS22
AC119150.1	C12orf43
AC119150.1	ATP12A
AC119150.1	NWD1
SNX24	AC106786.2
SNX24	GAS2
AC106786.2	HYKK
CEP120	MINPP1
LINC01170	LINC00970
LINC01170	AC090004.1
LINC01170	AC025465.1
LINC01170	NRXN3
ZNF608	CARD9
LINC02240	AC092155.1
LINC02240	THSD4
LINC02240	AKT2
GRAMD2B	GALNT13
GRAMD2B	LANCL1
GRAMD2B	SRD5A3
GRAMD2B	ZC3HC1
GRAMD2B	ZDHHC9
GRAMD2B	MTBP
GRAMD2B	PHYHD1
GRAMD2B	SIK3
GRAMD2B	OPALIN
GRAMD2B	NAV3
GRAMD2B	SLC7A1
GRAMD2B	LINC00640
GRAMD2B	CCNF
GRAMD2B	CIAPIN1
GRAMD2B	PARD6B
GRAMD2B	IQCN
GRAMD2B	AP001059.3
TEX43	CHRNA5
MEGF10	HTT-AS
MEGF10	AC015712.2
LINC01184	TSSK3
LINC01184	AC105942.1
LINC01184	C2orf92
LINC01184	DIRC2
LINC01184	MFSD8
LINC01184	MAML3
LINC01184	AC078881.1
LINC01184	AIFM1
LINC01184	AC064807.1
LINC01184	FERMT3
LINC01184	RBM4
LINC01184	AC090115.1
LINC01184	POC1B-AS1
LINC01184	ZNF839
LINC01184	MYEF2
LINC01184	LRRC28
LINC01184	LYSMD4
LINC01184	ZDHHC1
LINC01184	AC004943.2
LINC01184	KAT2A
LINC01184	LINC01978
LINC01184	EIF2S2
LINC01184	SLC9A8
LINC01184	ATF4
LINC01184	MAP3K7CL
SLC27A6	SLC30A10
ADAMTS19	AC090403.1
HINT1	AL050341.2
HINT1	UFC1
HINT1	CCT7
HINT1	PNKD
HINT1	EIF1B
HINT1	SPCS1
HINT1	NDUFB5
HINT1	H2AFZ
HINT1	SLC25A4
HINT1	MRPL36
HINT1	GTF3C6
HINT1	PDCD2
HINT1	ATP6V1F
HINT1	TIMM8A
HINT1	BEX4
HINT1	TCEAL3
HINT1	SLC25A5
HINT1	DCTN3
HINT1	CCDC107
HINT1	PTGR1
HINT1	CHCHD1
HINT1	ERP29
HINT1	RAN
HINT1	MRPL46
HINT1	TMEM186
HINT1	CST3
HINT1	UQCRFS1
HINT1	MRPS12
AC116366.3	AC004828.1
TH2LCRR	AC092431.1
TH2LCRR	HVCN1
CCNI2	LINC00407
SEPT8	AL035461.2
SOWAHA	SEPT8
SOWAHA	LETM2
SOWAHA	BAALC
SOWAHA	TMOD1
SOWAHA	HSD17B6
UQCRQ	AC091729.3
UQCRQ	RPL12
UQCRQ	PSMC3
UQCRQ	C12orf57
UQCRQ	NDUFB1
UQCRQ	COX5A
UQCRQ	HBA2
UQCRQ	TCEA2
UQCRQ	FAM71E1
HSPA4	ATG9A
HSPA4	ZNF214
SKP1	SCOC
SKP1	SUB1
SKP1	SLC25A16
SKP1	LINC00672
UBE2B	DTWD2
JADE2	MRPL33
JADE2	HS6ST1
JADE2	KLF15
JADE2	MAN2B2
JADE2	BDH2
JADE2	AL162718.1
JADE2	AC016831.7
JADE2	NDUFAF6
JADE2	EXOSC2
JADE2	AC092757.3
JADE2	LZTS3
JADE2	CASS4
JADE2	TMPRSS9
JADE2	SLC25A23
JADE2	CACNG7
SLC25A48	AC002428.2
AC002428.2	AC093206.1
AC002428.2	DHCR7
SPOCK1	ATXN1
KLHL3	C1QTNF3-AMACR
PKD2L2	TNFAIP6
PKD2L2	AL033384.2
PKD2L2	FAM216A
PKD2L2	AL139021.2
PKD2L2	AL049869.2
PKD2L2	AC245884.8
NME5	MOK
REEP2	AL162231.1
EGR1	ARC
EGR1	GADD45G
HSPA9	SQSTM1
CXXC5	CNN3
CXXC5	PCDH1
AC008667.1	HLA-DMA
PSD2	MICALL2
NRG2	AL591848.4
NRG2	DLG3
NRG2	SPATS2
CYSTM1	AC005920.2
CYSTM1	AC093227.1
AC008438.2	TCN2
NDUFA2	DUS4L
PCDHB11	AC244517.6
AC244517.10	PCDHB14
SPRY4-AS1	AC002310.2
SPRY4-AS1	AC090617.4
ARHGAP26	LRCH1
KCTD16	STXBP5-AS1
AC137770.1	PRELID2
AC091887.1	AC091982.1
AC091887.1	KCNV2
AC091887.1	C9orf57
AC091887.1	AC011451.1
AC011396.2	ORC1
AC011396.2	ZNF705E
AC008728.1	C3orf49
PPP2R2B	KCNAB1
PPP2R2B	GSTA4
PPP2R2B	LINC01299
PPP2R2B	ZNF773
PPP2R2B	AP000282.1
STK32A	RNF207
JAKMIP2-AS1	CCDC129
JAKMIP2-AS1	LYVE1
JAKMIP2-AS1	AC023024.1
JAKMIP2-AS1	ABCA9-AS1
AC091948.1	AC076966.1
AC091948.1	STPG2
AC091948.1	RPL34-AS1
AC091948.1	EPHA1-AS1
AC091948.1	AC034111.1
AC091948.1	AL049780.1
AC091948.1	DPH6-DT
SPINK9	AL354710.2
AC114939.1	ENKUR
SH3TC2	ZSWIM6
SH3TC2-DT	AL121656.1
SH3TC2-DT	ELOVL4
SH3TC2-DT	ZC3H12B
SH3TC2-DT	TMEM106C
SH3TC2-DT	DAPK2
SH3TC2-DT	LMF1
SH3TC2-DT	HYDIN
SH3TC2-DT	SCGB2B2
ARHGEF37	AC093627.3
ARHGEF37	MVB12B
TIGD6	ZNF233
HMGXB3	ALG11
SLC6A7	CHRD
CAMK2A	CREG2
CAMK2A	ZNF813
TCOF1	GRK7
TCOF1	AHR
RPS14	RNF181
RPS14	RPP25L
RPS14	AP001160.1
GPX3	PTP4A3
GPX3	ZNF511-PRAP1
TNIP1	BX322234.1
CCDC69	AC009312.1
CCDC69	AC008147.1
ATOX1	LINC01591
LINC01470	NMUR2
LINC01470	TRDN
GRIA1	KCNC4
GRIA1	ADRA1A
GRIA1	RASGEF1A
GRIA1	SLC2A13
MFAP3	MLF1
GALNT10	CDH1
GALNT10	SARM1
HAVCR2	INPPL1
ITK	GPR157
ITK	TRIM63
ITK	LINC02235
ITK	AC023824.3
AC010609.1	COL8A1
AC010609.1	LINC01256
AC010609.1	CASC8
AC010609.1	AC008870.4
AC010609.1	DUXB
AC010609.1	AC022960.1
AC008676.1	AL357054.2
TTC1	CAMTA1-DT
TTC1	CCDC71
TTC1	EQTN
TTC1	TIMM21
TTC1	SIN3B
AC008456.1	AC100830.1
GABRB2	SCN2A
GABRB2	CLVS2
GABRB2	TUSC3
GABRB2	STAMBPL1
GABRA1	GABRD
GABRA1	GAD1
GABRA1	ARL4C
GABRA1	SNX10
GABRA1	CBLN4
LINC01202	AL591845.1
LINC01202	PLA2G4A
LINC01202	LAMA4
LINC01202	VIPR2
GABRG2	STEAP2
GABRG2	LRRC4
NUDCD2	MROH1
NUDCD2	ZNF585B
AC008415.1	PVT1
AC114321.1	AC063979.2
TENM2	ZNF385B
TENM2	AC019211.1
TENM2	AC073365.1
TENM2	LINC01378
TENM2	BASP1-AS1
TENM2	CDH9
TENM2	MLIP
TENM2	TOX
TENM2	ANO5
TENM2	LIN7A
TENM2	CUX2
TENM2	RGS6
TENM2	SNRPN
TENM2	DLGAP1-AS4
DOCK2	AC104170.2
RANBP17	STK33
RANBP17	PARVB
SH3PXD2B	IL6R
SH3PXD2B	ETV6
SH3PXD2B	TMTC4
SH3PXD2B	TTC5
SH3PXD2B	AC069368.1
SH3PXD2B	PYGB
NEURL1B	PSD2
AC022217.3	TRIM11
AC022217.3	ZNF671
DUSP1	POLR2H
DUSP1	TMEM254
DUSP1	NR4A1
ERGIC1	TMEM38A
RPL26L1	C3orf67
CREBRF	AC008695.1
CREBRF	GKAP1
CREBRF	KLHL35
CREBRF	EIF4EBP2
CREBRF	TMPO
CREBRF	LMLN2
CREBRF	AL355102.2
CREBRF	NMRAL1
CREBRF	LINC00266-1
NSG2	FKBP1B
NSG2	FNDC4
NSG2	CRMP1
NSG2	TMEM35A
NSG2	CCKBR
NSG2	IGF1
NSG2	PCDH8
NSG2	NNAT
NSG2	ATCAY
NSG2	SLC1A6
NSG2	RSPH1
LINC01411	LINC01792
LINC01411	PTPDC1
CPLX2	FGF9
FAM153B	AP001972.3
AC139491.7	PANX2
SNCB	ICAM5
ZNF346	ZKSCAN5
ZNF346	KMT2E-AS1
ZNF346	AC011330.3
ZNF346	AC092329.3
ZNF346	NIPSNAP1
RAB24	C3orf33
PRELID1	TUSC1
PRELID1	ANAPC11
F12	NANOS3
TMED9	AP000350.6
FAM153C	LSM11
NHP2	NAA16
NHP2	POLR2E
PHYKPL	DCHS1
PHYKPL	MZF1-AS1
PHYKPL	MZF1
RUFY1	AC104078.2
RUFY1	TRMT5
RUFY1	C19orf57
AC136604.2	CLSPN
AC136604.2	LINC01830
AC136604.2	AC016723.1
AC136604.2	RP1
AC136604.2	PIK3C2G
AC136604.2	SLC7A6OS
AC136604.2	IFI35
AC136604.2	HEATR6
AC136604.2	ARVCF
RASGEF1C	PTPRU
RASGEF1C	NTM
RASGEF1C	PDZD7
RASGEF1C	SDK2
RASGEF1C	AC110285.6
MGAT1	CCHCR1
MGAT1	WDR81
ZFP62	FAM161B
RACK1	C1orf56
RACK1	IFRD2
RACK1	PBDC1
RACK1	ZPR1
RACK1	ENOX1-AS1
RACK1	SDF2
RACK1	MIEN1
TRIM52	ZFP62
AL357054.3	AL357054.2
AL357054.3	CLTRN
GMDS-DT	SCOC-AS1
GMDS-DT	LIX1-AS1
GMDS-DT	AP002495.2
GMDS-DT	FGF11
AL031963.1	CDCP1
AL031963.1	AMACR
TUBB2A	IGFBP2
TUBB2A	TUBA4A
TUBB2A	NAP1L5
TUBB2A	C1QTNF4
TUBB2A	DDX24
TUBB2A	SERPINF1
TUBB2A	NLRP1
TUBB2A	CHGB
SLC22A23	SPSB1
SLC22A23	KCNQ4
SLC22A23	SLC35A1
SLC22A23	AGO2
SLC22A23	PKP2
CDYL	AL162431.2
CDYL	ZNF619
CDYL	NMNAT3
CDYL	RAB30-AS1
CDYL	ASXL3
CDYL	BID
FARS2	XYLB
NRN1	AC036108.1
LY86	OLR1
AL139095.4	PIGC
AL139095.4	SLC3A1
AL139095.4	CR382287.2
TXNDC5	AC092966.1
TXNDC5	AC015813.4
EEF1E1-BLOC1S5	AL359643.3
EEF1E1-BLOC1S5	ZFP91-CNTF
MAK	NUP210L
MAK	AC007163.1
MAK	AC007383.3
MAK	CAV3
MAK	NOCT
MAK	C9orf84
MAK	ASB16
MAK	AC007192.2
MAK	NOP53-AS1
SYCP2L	FRZB
SYCP2L	AL024498.2
SYCP2L	AP003181.1
ELOVL2-AS1	ANXA13
NEDD9	AL157413.1
HIVEP1	ANKRD50
HIVEP1	LGALS4
NOL7	MPLKIP
NOL7	KRBA1
ATXN1	LRRC1
ATXN1	CHST3
ATXN1	OTUD7A
CAP2	FNDC5
CAP2	GREM2
CAP2	CGREF1
CAP2	FHL2
CAP2	FBLN7
CAP2	MYO1B
CAP2	C2orf80
CAP2	NSG2
CAP2	MRAP2
CAP2	NEUROD6
CAP2	TAC1
CAP2	ARX
CAP2	GFRA2
CAP2	SLC1A1
CAP2	GAD2
CAP2	JCAD
CAP2	SVOP
CAP2	RPH3A
CAP2	TESC
CAP2	TTC9
CAP2	PLPPR3
CAP2	MIR7-3HG
KDM1B	LINC01088
RNF144B	TRPC3
RNF144B	IRAK3
AL022068.1	AC007402.1
AL022068.1	SAMD3
MBOAT1	ACTN2
MBOAT1	ABLIM3
MBOAT1	AL158198.1
MBOAT1	COL18A1
SOX4	AC010207.1
NBAT1	CARD14
DCDC2	AC022784.6
DCDC2	CHEK1
RIPOR2	SPON1
RIPOR2	CHST9
HIST1H4C	AC005618.1
HIST1H4C	PPP1R3D
HIST1H4C	LSM14B
HIST1H4C	CFAP298
HIST1H2AC	WDR77
HIST1H2AC	PHTF1
HIST1H2AC	AC244453.3
HIST1H2AC	HIST2H2BF
HIST1H2AC	HIST1H2BD
HIST1H2AC	C7orf26
HIST1H2AC	NLGN3
HIST1H2AC	AK3
HIST1H2AC	ZSWIM3
HIST1H2AC	CCDC157
HIST1H1E	HIST2H2AC
HIST1H1E	FAM218A
HIST1H1E	GLUD2
HIST1H2BD	HIST1H2BE
HIST1H2BD	HIST1H2BJ
ZSCAN9	AC111152.2
ZBED9	TLR2
ZBED9	LINC01950
MOG	FAHD2B
MOG	TP53INP2
MOG	TP53TG5
PPP1R11	AC018647.2
PPP1R11	ZNF32
HCG18	TAS2R5
HCG18	AC022211.2
RPP21	AC009974.1
RPP21	ABHD16A
RPP21	AC090124.1
RPP21	CATSPERZ
RPP21	AC006511.4
RPP21	PGAM5
RPP21	AJ003147.2
RPP21	AC004771.4
MDC1-AS1	FO393419.2
TUBB	CCNT2-AS1
DDR1	ANKRD65
DDR1	CARD19
HLA-B	HLA-E
BAG6	RNF44
BAG6	SLC39A13
BAG6	CHMP1A
ABHD16A	AC080013.6
SAPCD1-AS1	CYP2C8
LSM2	SLC39A1
LSM2	AC027682.4
HSPA1A	METTL5
HSPA1A	HSP90AA1
HSPA1B	HSPA1A
HSPA1B	TRMO
HSPA1B	LINC01909
DXO	AMMECR1
FKBPL	NRAV
RNF5	TMEM101
HLA-DRA	CSF1R
HLA-DRA	SRGN
TAP1	PSMB9
HLA-DPA1	TMEM176B
HLA-DPA1	CD68
RXRB	DPH2
HSD17B8	AC011825.4
RPS18	ZBTB49
RPS18	FRG1
RPS18	RPS29
RPS18	HNRNPA1P48
RPS18	AC138474.1
PFDN6	AL162713.1
PHF1	TMEM240
PHF1	TNFSF9
PHF1	ZNF30-AS1
PHF1	RRP1
CUTA	MRPL24
CUTA	GRB14
CUTA	EPM2A
CUTA	PRDX5
CUTA	FIBP
CUTA	CD63
CUTA	EMC4
CUTA	NOP10
CUTA	AC087294.1
CUTA	ATP5F1D
IP6K3	PINK1-AS
HMGA1	ZFP36L2
HMGA1	DNAJB5
SMIM29	AC008467.1
SMIM29	B3GAT3
SMIM29	AC012435.2
RPS10-NUDT3	FH
RPS10-NUDT3	RHOF
RPS10-NUDT3	TEX29
PACSIN1	ALDH5A1
SNRPC	ZNF628
SCUBE3	SPDYE3
SCUBE3	AL137779.2
SCUBE3	FUT2
PPARD	RANBP3L
RPL10A	EEF1B2
RPL10A	TMEM126A
FKBP5	IKZF2
FKBP5	SLC25A48
FKBP5	IP6K3
FKBP5	NPTX2
FKBP5	KLF9
FKBP5	ZBTB16
FKBP5	PER1
FKBP5	ZNF652
FKBP5	SMARCD2
FKBP5	WIPI1
FKBP5	UHRF1
FKBP5	TBC1D10A
ETV7	AP001468.1
STK38	AC005229.4
STK38	USP51
STK38	AC025263.1
STK38	C12orf49
STK38	AC005005.3
STK38	CERK
CDKN1A	TNFRSF10B
CDKN1A	ACTA2
CCDC167	AC019257.8
KIF6	MFSD2A
KIF6	SAMD13
KIF6	LARS2-AS1
KIF6	TAPT1-AS1
KIF6	APBA2
KIF6	SPATA2L
KIF6	MAFB
DAAM2	AZIN2
DAAM2	GABPB2
DAAM2	FAM89A
DAAM2	AC016735.1
DAAM2	LMNB1
DAAM2	GPR173
AL590999.1	AL513327.2
NFYA	AC021097.1
MDFI	GNG12
CCND3	USP27X
CCND3	AC018845.3
TAF8	CASP6
TBCC	ASB6
C6orf226	PEX11B
PTK7	C3
DNPH1	DDOST
DNPH1	AC137767.1
DNPH1	MPG
DNPH1	GTSCR1
ZNF318	ZNF77
YIPF3	THEM6
POLH-AS1	CMPK2
VEGFA	AL109615.3
VEGFA	P4HA1
HSP90AB1	GEN1
HSP90AB1	PPM1M
HSP90AB1	HSPB1
HSP90AB1	FKBP4
HSP90AB1	RNASEH2B-AS1
SLC35B2	BAK1
SLC35B2	NIPSNAP3A
SLC35B2	MCRS1
RUNX2	WISP2
AL096865.1	RUNX2
RCAN2	PCYT1B
SLC25A27	PGD
SLC25A27	AL512625.1
SLC25A27	PTCH1
SLC25A27	AL031673.1
SLC25A27	ZNF101
SLC25A27	TTLL1
ADGRF5	ESYT3
TNFRSF21	ARHGEF16
TNFRSF21	AC007319.1
TNFRSF21	CHST2
TNFRSF21	RAMP3
TNFRSF21	AC009902.3
PKHD1	LRRC42
PKHD1	AL583808.1
PKHD1	HPGDS
PKHD1	LINC02428
TMEM14A	PRSS3
GSTA4	USP21
GSTA4	AL512306.3
ICK	LAYN
ELOVL5	NAMPT
LRRC1	ABCC5
LRRC1	LGI2
LRRC1	ZDHHC13
LRRC1	ZDHHC20
LRRC1	AL356020.1
AL033384.2	PRKX-AS1
AL033384.2	AC068189.1
AL033384.2	TMPRSS12
AL033384.2	TLDC2
GFRAL	AC007923.4
ZNF451-AS1	CELA2B
ZNF451-AS1	CFLAR-AS1
ZNF451-AS1	FN1
ZNF451-AS1	AC008781.1
ZNF451-AS1	AC091887.1
ZNF451-AS1	CCDC129
ZNF451-AS1	GK-AS1
ZNF451-AS1	AC105206.2
ZNF451-AS1	AP002433.1
ZNF451-AS1	IL18
ZNF451-AS1	AP000842.2
ZNF451-AS1	PLCE1
ZNF451-AS1	AL359094.1
ZNF451-AS1	AC010168.1
ZNF451-AS1	AL139021.1
ZNF451-AS1	AL139022.1
ZNF451-AS1	AC091045.1
ZNF451-AS1	AC084756.1
ZNF451-AS1	AC008731.1
ZNF451-AS1	AC126773.1
ZNF451-AS1	AC099314.1
ZNF451-AS1	AC044840.1
ZNF451-AS1	AC104365.1
ZNF451-AS1	AC110597.3
BAG2	SNRNP48
BAG2	BET1
BAG2	HMGN5
BAG2	AP003393.1
BAG2	AL157786.1
BAG2	KCNJ2
RAB23	A2M-AS1
FKBP1C	AC025419.1
PHF3	TMEM43
PHF3	MYBL1
PHF3	FAM86C1
PHF3	EMSY
PHF3	NPAT
PHF3	AC003002.2
EYS	AL356270.1
COL19A1	AL354771.1
COL19A1	AC106798.1
COL19A1	AL109933.1
COL19A1	CALCB
KCNQ5	MYT1L
KCNQ5	LINC01250
KCNQ5	COBLL1
KCNQ5	SCN3A
KCNQ5	OSBPL6
KCNQ5	AC109466.1
KCNQ5	TENM2
KCNQ5	POU6F2
KCNQ5	PRKAG2
KCNQ5	LRFN5
KCNQ5	FLRT2
EEF1A1	ADIPOR1
EEF1A1	BZW1
EEF1A1	AAMP
EEF1A1	PTMA
EEF1A1	HNRNPH2
EEF1A1	RTL8B
EEF1A1	ALDH1B1
EEF1A1	THSD4-AS1
EEF1A1	HDHD2
EEF1A1	EIF3G
AL121972.1	SMNDC1
SLC17A5	EPB41L5
SLC17A5	CCDC13-AS1
SLC17A5	ATP1B3
SLC17A5	UBE2D4
SLC17A5	DBF4
SLC17A5	AC003666.1
COX7A2	COX5B
COX7A2	CLASP1
COX7A2	NUP35
COX7A2	UQCRQ
COX7A2	TBC1D22B
COX7A2	NDUFB2
COX7A2	WWC3
COX7A2	NDUFB9
COX7A2	AL117336.3
COX7A2	AL731577.1
COX7A2	COCH
COX7A2	ALKBH1
COX7A2	KIAA0100
COX7A2	ZNF532
COX7A2	AC010642.2
HMGN3	AC011700.1
HMGN3	AC007364.1
HMGN3	ACOT1
HMGN3	UNK
HMGN3	CCDC57
HMGN3-AS1	AC137834.1
BCKDHB	DYSF
BCKDHB	BCL2L11
TPBG	CCDC24
TPBG	FJX1
UBE3D	CFAP44
UBE3D	AC027097.2
DOPEY1	ZFYVE26
PGM3	AC015961.2
SMIM8	DET1
ORC3	CASP9
ORC3	STX6
ORC3	RABIF
ORC3	PCOLCE
ORC3	MTG1
ORC3	TMEM19
ORC3	DOK4
ORC3	ZNF461
ORC3	ZNF460-AS1
PNRC1	CRIPT
GABRR1	AL357507.1
GABRR1	TCF24
RRAGD	MCF2L
RRAGD	SHMT1
AL159174.1	LINC00498
AL159174.1	STRC
LYRM2	SLC25A21
NDUFAF4	COMMD2
MMS22L	TOMM34
AL589740.1	NEGR1
AL589740.1	CRB1
AL589740.1	LINC01182
PNISR	AC092650.1
PNISR	DDX60
PNISR	Z97989.1
PNISR	TMLHE-AS1
PNISR	C9orf139
PNISR	RELA
PNISR	C10orf67
PNISR	LINC01561
PNISR	XRCC3
PNISR	AC123768.3
PNISR	TBX6
PNISR	MLKL
PNISR	PAXBP1-AS1
AL591518.1	AP002347.1
SNX3	AC007040.2
SNX3	C4orf36
SNX3	CMTR1
SNX3	DNAJB6
SNX3	GAS8
AFG1L	AC018523.2
AFG1L	SRRD
FIG4	MIR210HG
FIG4	RFLNB
TRAF3IP2-AS1	AL132671.2
TRAF3IP2-AS1	WEE1
FAM229B	BMT2
FAM229B	CNGA4
AL513123.1	IL4I1
HDAC2-AS2	EDA
NT5DC1	MAN2A1
NT5DC1	FRK
NT5DC1	SH2D3C
NT5DC1	SBF2-AS1
COL10A1	AL590999.1
COL10A1	AL590006.1
COL10A1	AL118556.1
TSPYL1	SCN2B
RSPH4A	AL445488.1
RSPH4A	ERICH6-AS1
RSPH4A	ZNF705G
RSPH4A	EMILIN2
PLN	AC011483.2
MAN1A1	SCN9A
MAN1A1	LINC00507
FABP7	VILL
TRDN-AS1	AC136777.1
TRDN-AS1	FLT1
TRDN-AS1	ZKSCAN2
NKAIN2	MOBP
NKAIN2	ISPD
NKAIN2	LINC01505
NKAIN2	CNTNAP4
RNF217-AS1	JDP2
TPD52L1	AL139220.2
TPD52L1	LYPD6
TPD52L1	RAPGEF4
TPD52L1	PASK
TPD52L1	MRAS
TPD52L1	LINC00251
TPD52L1	COL27A1
TPD52L1	NPFFR1
TPD52L1	TIGAR
TPD52L1	LINC00351
TPD52L1	COL6A1
AL590006.1	AC093110.1
AL590006.1	PEX5L-AS2
AL590006.1	AC103831.1
AL590006.1	AL133481.1
AL590006.1	BCL2L2
AL590006.1	PTCSC3
LINC01010	LAMA2
AL078590.3	AMY2B
AL078590.3	AC074286.1
AL078590.3	SP140
AL078590.3	AC034195.1
AL078590.3	PHF7
AL078590.3	AC091826.2
AL078590.3	AL078590.2
AL078590.3	CLVS1
AL078590.3	LINC00845
AL078590.3	AC025159.1
AL078590.3	AC138627.1
AL078590.3	TMEM256-PLSCR3
AL078590.3	ZNF726
AL023284.4	AC104463.2
AL023284.4	AC004918.1
AL023284.4	AC005332.6
AL023284.4	MAFG
AL023284.4	ANKLE1
AL357060.1	TNFAIP3
REPS1	BDH1
AL158850.1	LINC01076
AL158850.1	SAMSN1
HIVEP2	MON1A
HIVEP2	TMCO6
HIVEP2	CNPY4
HIVEP2	SMARCA2
HIVEP2	SLC37A4
HIVEP2	ZDHHC16
HIVEP2	MFSD13A
HIVEP2	CCDC97
LINC01277	MIR4300HG
AL023581.2	LINC02234
AL023581.2	NLRP14
AL023581.2	AL391261.2
AIG1	AC239809.3
AIG1	FMO4
AIG1	ADRA2B
AIG1	SCLT1
AIG1	AC104596.1
AIG1	AP000755.1
AIG1	METRNL
AIG1	PPP1R16B
AIG1	ZNF334
AIG1	ZNF226
AIG1	KREMEN1
AL023581.1	SFTA3
AL023581.1	AC091153.3
AL023581.1	AC004471.1
FUCA2	ASTE1
SF3B5	SUPT4H1
EPM2A	TMEM62
EPM2A	TGIF1
AL356599.1	LINC00240
ADGB	AQP1
ADGB	NTSR1
AL033504.1	ENPP3
UST	SPC25
UST	GUCY1A2
LRP11	DUSP22
LRP11	CASP2
LRP11	CLBA1
PPP1R14C	VAV1
PLEKHG1	C2CD6
PLEKHG1	AFAP1
PLEKHG1	PSORS1C1
PLEKHG1	MTHFD1L
PLEKHG1	TSPAN8
PLEKHG1	PRTG
PLEKHG1	LIPC
PLEKHG1	ACSBG1
PLEKHG1	ABCC1
PLEKHG1	SLFN5
PLEKHG1	LINC00511
MTHFD1L	CDCA7L
MTHFD1L	SKAP2
MTHFD1L	AC100768.2
AL138733.1	DKK2
AL138733.1	KIF4A
AL138733.1	LINC02137
AL138733.1	ERCC2
VIP	TAC3
VIP	CALB2
OPRM1	PIK3CD
OPRM1	ADCY1
OPRM1	AC027288.3
OPRM1	MYO16
TIAM2	SLC45A2
TIAM2	AC022893.1
TIAM2	ADAL
TIAM2	AC010531.6
CLDN20	AC012309.1
AL035634.1	AC104803.1
AL035634.1	AC122129.1
SYNJ2	TNS1
SYNJ2	TSC22D2
SYNJ2	TRIM56
SYNJ2	SMOC1
SYNJ2	SLC5A11
SYNJ2	TRIM16L
SYNJ2	EPB41L1
SYNJ2	ZNF416
SYNJ2	LIMK2
DYNLT1	UBOX5
FNDC1	TNFRSF1B
FNDC1	LINC01654
FNDC1	PAX7
FNDC1	IFNLR1
FNDC1	C1orf87
FNDC1	SELE
FNDC1	DTL
FNDC1	NID1
FNDC1	AL390860.1
FNDC1	OR2T6
FNDC1	C2orf50
FNDC1	VIT
FNDC1	AC012370.2
FNDC1	LINC01829
FNDC1	M1AP
FNDC1	FER1L5
FNDC1	LINC01965
FNDC1	CERKL
FNDC1	PPP1R1C
FNDC1	AC007383.2
FNDC1	AC010149.1
FNDC1	SPATA3
FNDC1	SCN10A
FNDC1	AC104435.2
FNDC1	ZPLD1
FNDC1	SLCO2A1
FNDC1	PLSCR2
FNDC1	AC092957.1
FNDC1	AGTR1
FNDC1	CP
FNDC1	AC068985.1
FNDC1	GPR160
FNDC1	LINC002481
FNDC1	LINC02438
FNDC1	C4orf19
FNDC1	IGFBP7-AS1
FNDC1	ASB5
FNDC1	LINC00603
FNDC1	SV2C
FNDC1	S100Z
FNDC1	BHMT2
FNDC1	AC104126.1
FNDC1	STK32A
FNDC1	AC010609.1
FNDC1	EBF1
FNDC1	LINC01847
FNDC1	BTNL9
FNDC1	RNF144B
FNDC1	ZBED9
FNDC1	HLA-DOB
FNDC1	C6orf203
FNDC1	ADGRG6
FNDC1	ADGB
FNDC1	ESR1
FNDC1	AC004485.1
FNDC1	LINC01446
FNDC1	LAMB4
FNDC1	AC009365.1
FNDC1	ATP6V0A4
FNDC1	MGAM2
FNDC1	AC074386.1
FNDC1	AC006974.1
FNDC1	AC004470.1
FNDC1	POF1B
FNDC1	NOX1
FNDC1	AC239727.1
FNDC1	SCARA5
FNDC1	AC025871.1
FNDC1	AC007991.3
FNDC1	AC064807.2
FNDC1	AL391117.1
FNDC1	C9orf135
FNDC1	AL035078.4
FNDC1	DDIAS
FNDC1	AP003059.2
FNDC1	JHY
FNDC1	TMEM45B
FNDC1	ECHDC3
FNDC1	TMEM26-AS1
FNDC1	AC005871.2
FNDC1	AC006206.2
FNDC1	AC007848.1
FNDC1	KLRC1
FNDC1	AC087241.1
FNDC1	AC024257.1
FNDC1	AC131157.1
FNDC1	AC034102.2
FNDC1	BEST3
FNDC1	PTPRQ
FNDC1	LRRIQ1
FNDC1	AC084361.1
FNDC1	LINC00934
FNDC1	LINC00349
FNDC1	LINC02327
FNDC1	DLGAP5
FNDC1	FLVCR2
FNDC1	ISM2
FNDC1	AC021439.1
FNDC1	SPTBN5
FNDC1	HDC
FNDC1	SMAD6
FNDC1	LINC02253
FNDC1	CERS3-AS1
FNDC1	AC133565.1
FNDC1	AC012174.1
FNDC1	AC025284.1
FNDC1	LINC01229
FNDC1	DNAAF1
FNDC1	AC134312.4
FNDC1	ATP2A3
FNDC1	HS3ST3A1
FNDC1	TNFRSF13B
FNDC1	SLC5A10
FNDC1	TBC1D3D
FNDC1	AC004585.1
FNDC1	ACSF2
FNDC1	LPO
FNDC1	ST6GALNAC2
FNDC1	PSMA8
FNDC1	AC022031.2
FNDC1	AC009802.1
FNDC1	BPIFB1
FNDC1	JSRP1
FNDC1	SPC24
FNDC1	PLVAP
FNDC1	PLEKHG2
FNDC1	AC008655.2
FNDC1	KLK10
FNDC1	NLRP7
FNDC1	IGLL1
FNDC1	SEC14L4
FNDC1	KDELR3
FNDC1	PDGFB
FNDC1	CLIC6
SOD2-1	AL118558.4
ACAT2	PNPLA3
PNLDC1	HYPK
CAHM	AC092803.2
CAHM	AC073195.1
CAHM	UBXN8
CAHM	AC010864.1
CAHM	GINS2
CAHM	RFX1
PRR18	AL121956.4
PRR18	LIPE
PRR18	TST
RPS6KA2	BMP8A
RPS6KA2	GALNT15
RPS6KA2	CMTM6
RPS6KA2	TRAK1
RPS6KA2	KALRN
RPS6KA2	TMEM150C
RPS6KA2	ELOVL6
RPS6KA2	ELOVL7
RPS6KA2	RTN4IP1
RPS6KA2	GTF2IRD1
RPS6KA2	MBNL3
RPS6KA2	TRPM6
RPS6KA2	HSDL2
RPS6KA2	NPDC1
RPS6KA2	SIDT2
RPS6KA2	VPS37B
RPS6KA2	GPR137C
RPS6KA2	EHD4
RPS6KA2	DUOXA1
RPS6KA2	AC027130.1
Z94721.1	MSTN
Z94721.1	ONECUT1
AFDN	CEP70
AFDN	ZNF708
KIF25-AS1	KIF25
C6orf120	RIOK2
PSMB1	PSMD6
PSMB1	CDKN2B
PRKAR1B	CYP46A1
DNAAF5	AC008875.1
ADAP1	SEMA7A
GPR146	AC093627.5
INTS1	MED16
MAD1L1	STK32C
MRM2	MKRN2
MRM2	RNF139-AS1
NUDT1	ARL16
AMZ1	SHANK2
AP5Z1	ATAD3A
AC092171.3	ALG10B
ACTB	RHOB
ACTB	SPARC
ACTB	FSCN1
ACTB	SLC10A3
ACTB	CCAR2
ACTB	TRMT61A
ACTB	AP3S2
ACTB	NAA60
ACTB	CNP
ACTB	MRPL10
ACTB	WBP2
ACTB	ACTG1
ACTB	ARHGDIA
ACTB	FKBP8
ACTB	CAPNS1
ACTB	EPN1
GRID2IP	SLC22A4
ZNF853	AL365275.1
AC004982.2	AC004982.1
ICA1	PART1
ICA1	STOX1
AC004852.2	AC005162.3
NDUFA4	ATP5IF1
NDUFA4	MDH1
NDUFA4	TMSB10
NDUFA4	GGCT
NDUFA4	SLC25A3
NDUFA4	DSTN
VWDE	OTOF
ARL4A	ATP6V0D2
ARL4A	VSIG10
ARL4A	VIPAS39
ARL4A	RORA
TSPAN13	GPR22
SNX13	ZBTB37
SNX13	DAPL1
SNX13	GUF1
SNX13	NFXL1
SNX13	HERC3
SNX13	NADK2
SNX13	MIER3
SNX13	DMTF1
SNX13	VPS11
SNX13	ARL5B
SNX13	LEMD3
SNX13	PROSER1
SNX13	CEP95
SNX13	GNA13
SNX13	AC011444.3
AC007091.1	PTH1R
ITGB8	POU3F2
LINC01162	ANKRD30A
DNAH11	LINC00115
RAPGEF5	RPGR
RAPGEF5	RBMX2
RAPGEF5	AC092794.1
RAPGEF5	MBOAT7
TOMM7	AC019129.2
TOMM7	NDOR1
IGF2BP3	PECAM1
CCDC126	AL020996.1
STK31	FAM221A
AC004485.1	ETNK2
AC004485.1	NOSTRIN
AC004485.1	AC011396.2
AC004485.1	MUC12
AC004485.1	WDFY4
AC004485.1	TRIB3
AC004485.1	PET117
AC004485.1	AC010616.2
MPP6	GSDME
CYCS	IDI1
NFE2L3	AC010333.2
JAZF1	SCMH1
JAZF1	C1orf100
JAZF1	AC017083.3
JAZF1	FRAT2
JAZF1	FBN1
JAZF1	AC068338.2
JAZF1	RCCD1
TRIL	ALDH1L1
FKBP14	C4orf33
MTURN	AC032011.1
MTURN	PMEPA1
MTURN	EHD2
AC006978.2	AL136040.1
AC006978.2	C22orf46
GARS	YARS
GARS	LRIF1
GARS	ASNS
CCDC129	AC017002.5
CCDC129	AC079760.2
CCDC129	PRR14L
PPP1R17	CENPL
PPP1R17	AC023886.1
PDE1C	NECTIN3
BBS9	BMPER
EEPD1	ATP2B4
EEPD1	DTNBP1
EEPD1	DEPDC7
EEPD1	AK7
EEPD1	SS18L1
EEPD1	AC011483.1
ANLN	HP1BP3
ANLN	CMPK1
ANLN	TMEM45A
ANLN	MAN2A1
ANLN	CCNI2
ANLN	CA3-AS1
ANLN	CUZD1
ANLN	USP31
ANLN	ADGRG1
AOAH	AC009228.1
AOAH	ZNF621
AOAH	AC244131.2
AOAH	LINC01252
AOAH	TMTC4
ELMO1	PDE4B
ELMO1	AC092910.3
ELMO1	LPP
ELMO1	MAD2L1
ELMO1	MAP3K1
ELMO1	HDAC2-AS2
ELMO1	CHD7
ELMO1	KANK1
ELMO1	KIRREL3
ELMO1	LINC00601
ELMO1	DOCK1
ELMO1	GPR135
ELMO1	AC090772.3
ELMO1	PREX1
ELMO1	FBXW9
ELMO1-AS1	AL109811.1
ELMO1-AS1	AC098484.3
ELMO1-AS1	AMPD1
ELMO1-AS1	ITPKB-AS1
ELMO1-AS1	AC016722.2
ELMO1-AS1	GGCX
ELMO1-AS1	RGPD1
ELMO1-AS1	CMTM7
ELMO1-AS1	LSAMP-AS1
ELMO1-AS1	LINC01322
ELMO1-AS1	LINC01098
ELMO1-AS1	AC079226.2
ELMO1-AS1	AC136604.2
ELMO1-AS1	HFE
ELMO1-AS1	B3GAT2
ELMO1-AS1	SPDYE1
ELMO1-AS1	SPDYE5
ELMO1-AS1	SPDYE2
ELMO1-AS1	SMO
ELMO1-AS1	C8orf34
ELMO1-AS1	LRRC19
ELMO1-AS1	AL162414.1
ELMO1-AS1	AP003110.1
ELMO1-AS1	PRSS23
ELMO1-AS1	BLNK
ELMO1-AS1	SLC18A2
ELMO1-AS1	FAM45A
ELMO1-AS1	DDX51
ELMO1-AS1	AC020661.3
ELMO1-AS1	AC025043.1
ELMO1-AS1	PDXDC1
ELMO1-AS1	AC092338.2
ELMO1-AS1	PLK1
ELMO1-AS1	AC005697.2
ELMO1-AS1	AC079336.4
ELMO1-AS1	HIGD1B
ELMO1-AS1	EPX
ELMO1-AS1	RNFT1-DT
ELMO1-AS1	AP005329.2
ELMO1-AS1	ASIP
ELMO1-AS1	ANO8
ELMO1-AS1	AC011477.4
ELMO1-AS1	DMPK
ELMO1-AS1	ZNF587
TRGC2	C18orf63
POU6F2	LINC00923
POU6F2-AS2	NR1I3
POU6F2-AS2	RBM34
POU6F2-AS2	ACOT12
POU6F2-AS2	AL158850.1
POU6F2-AS2	AL355490.2
POU6F2-AS2	ALPK3
POU6F2-AS2	TEKT1
POU6F2-AS2	THSD8
POU6F2-AS2	HORMAD2-AS1
YAE1D1	TIGD7
YAE1D1	NOMO3
YAE1D1	CHAF1B
INHBA-AS1	GAL3ST3
INHBA-AS1	CTXND1
C7orf25	AC096586.1
HECW1	CD164
HECW1	XKR4
HECW1	LRFN5
HECW1	ANKRD34C-AS1
HECW1	TTC39C
STK17A	E2F5
STK17A	AC005837.2
UBE2D4	FAM160A2
SPDYE1	EVA1A
SPDYE1	AC009950.1
SPDYE1	WRNIP1
CAMK2B	IGSF21
CAMK2B	ATP2B2
CAMK2B	PNMA3
CAMK2B	DMTN
CAMK2B	PHYHIP
CAMK2B	DNM1
CAMK2B	SYT7
CAMK2B	CHRM1
CAMK2B	OGDHL
CAMK2B	CLSTN3
CAMK2B	B4GALNT1
CAMK2B	CKMT1B
CAMK2B	CACNB1
CAMK2B	SLC12A5
CAMK2B	PDE4A
NPC1L1	GAGE10
NPC1L1	IFI27
NPC1L1	SLC25A41
NPC1L1	ZNF724
ZMIZ2	RAP1GAP
ZMIZ2	AC008966.1
ZMIZ2	OPLAH
ZMIZ2	ARFGAP1
PPIA	RPN1
PPIA	PRPS1
PPIA	ATP6V1E1
PPIA	CR381653.1
PURB	AC093297.2
PURB	ZNF121
CCM2	CTNNBIP1
CCM2	CYP39A1
ADCY1	PPARGC1B
ADCY1	LZTS1
ADCY1	AC124798.1
ADCY1	ANO3
ADCY1	CHST15
ADCY1	IQSEC3
ADCY1	MYBPC1
ADCY1	RFPL2
ADCY1	ELFN2
SUN3	WAS
ABCA13	POU5F1
GRB10	NCKAP5
COBL	AL031432.3
COBL	PAX6
COBL	WDR76
AC074351.1	AC079145.1
ELDR	AC008878.3
LANCL2	IRF1
LANCL2	CBX2
LANCL2	HOOK2
SEPT14	AC010173.1
CHCHD2	AL138831.1
CHCHD2	PSMD8
AC118758.3	OR2T12
ZNF138	NFYC-AS1
ZNF138	SPNS1
ZNF138	PRR14
ZNF138	ZNF253
AC027644.4	PTPN9
AC027644.4	PISD
AC027644.3	BEND3
AC027644.3	NTM-AS1
SBDS	SDE2
SBDS	NIFK
SBDS	EIF5AL1
SBDS	GZF1
AC006480.2	CETN3
AC006480.2	NPIPB11
AC006480.2	PDP2
AC006480.2	POLR3H
AC092100.1	PTK7
AC092100.1	AL513165.1
AUTS2	TSPAN1
AUTS2	C1orf131
AUTS2	DISC1
AUTS2	ZNF674
AUTS2	MSR1
AUTS2	PDE7A
AUTS2	PRKCQ
AUTS2	CTNNA3
AUTS2	ANO4
AUTS2	KCTD1
GALNT17	FAM153A
GALNT17	FAM153C
GALNT17	FBXO16
GALNT17	GRAMD1B
GALNT17	LINC02389
GALNT17	CELF5
NSUN5	TPRA1
MLXIPL	ASIC4
DNAJC30	HCG25
DNAJC30	AC099850.1
STX1A	RELL2
METTL27	MFSD9
ELN	HMSD
CLIP2	LSM6
CLIP2	AC004951.1
CLIP2	AC068533.4
CLIP2	SLC27A1
GTF2IRD1	SLFNL1-AS1
GTF2IRD1	C16orf74
GTF2IRD1	RHBDL3
GTF2IRD2B	GPR89B
GTF2IRD2B	AC007099.1
GTF2IRD2B	GTF2IRD2
GTF2IRD2B	AC105052.1
AC211486.5	AL451062.1
AC211486.5	KHSRP
AC211486.5	AC243964.2
TRIM73	MEMO1
TRIM73	ST3GAL5-AS1
TRIM73	TBC1D7
TRIM73	PLXNB3
TRIM73	ZNF696
TRIM73	AC026471.1
SPDYE5	SLC51A
SPDYE5	AC138123.1
SPDYE5	TESC-AS1
SPDYE5	MEIOB
SPDYE5	AC099518.2
SPDYE5	AC007493.1
RHBDD2	MLST8
SRRM3	TSPOAP1
SRRM3	HRH3
UPK3B	PCDHB11
SPDYE16	ERVMER61-1
SPDYE16	MME
SPDYE16	DNAH8
SPDYE16	PPP1R14C
SPDYE16	SYTL3
SPDYE16	AC092171.3
SPDYE16	ELDR
SPDYE16	LINC00937
SPDYE16	AC135050.4
SPDYE16	LINC00908
SPDYE16	VAV1
SPDYE16	PBX4
AC006355.2	AC010632.1
AC006145.1	AC007728.1
AC006145.1	AP001469.1
PCLO	MAGI3
PCLO	AL355472.3
PCLO	LRRFIP1
PCLO	ARHGAP26
PCLO	HMGCLL1
GRM3	SPATA21
GRM3	BLZF1
GRM3	PUS10
GRM3	AC107204.1
GRM3	ZFHX4
GRM3	AL158151.1
GRM3	MINDY3
GRM3	MEGF11
GRM3	PKD1L3
GRM3	DCC
GRM3	FBXO15
GRM3	PRKD2
GRM3	ZNF582
AC005009.2	AL929472.2
AC005009.2	SLC41A1
AC005009.2	AL117348.2
AC005009.2	C4orf19
AC005009.2	IGF2BP3
AC005009.2	ENTPD1
KIAA1324L	AFAP1L1
KIAA1324L	ELK1
KIAA1324L	EML1
KIAA1324L	RARA
KIAA1324L	HAP1
KIAA1324L	RUNDC1
DMTF1	ZBTB41
DMTF1	ELMOD2
DMTF1	AADAT
DMTF1	WDR36
DMTF1	RBM12B
DMTF1	AC007686.2
DMTF1	WNT3
DMTF1	STAP2
SRI	ANXA5
SRI	AP000350.4
ZNF804B	PHLDB2
STEAP2	SEC16B
CLDN12	AL359881.1
CLDN12	CFAP161
CLDN12	LINC00310
CDK14	PARD3
FZD1	CD302
FZD1	AC073073.2
AC079760.2	ACKR4
CYP51A1	CRABP2
CYP51A1	AL390728.6
CYP51A1	SFXN4
CYP51A1	SULT1A3
CYP51A1-AS1	AC117383.1
GATAD1	AL354872.2
GATAD1	B3GALNT2
GATAD1	STAB1
GATAD1	B4GALT4
GATAD1	SMN1
GATAD1	ZBTB24
GATAD1	MCM9
GATAD1	ABCB8
GATAD1	PPP1R3F
GATAD1	ARMCX5
GATAD1	AC104561.1
GATAD1	GPT
GATAD1	CBWD6
GATAD1	ZFP37
GATAD1	NXF1
GATAD1	ANKRD49
GATAD1	APOA1
GATAD1	GXYLT1
GATAD1	AL162311.3
GATAD1	TK2
GATAD1	ACD
GATAD1	TLDC1
GATAD1	DHX33
GATAD1	TUBA8
GATAD1	TAB1
AC007566.1	RPF1
AC007566.1	PIP5K1A
AC007566.1	AL121655.1
AC007566.1	POLR3G
AC007566.1	TSPAN6
AC007566.1	CDK5RAP2
AC007566.1	NAT10
AC007566.1	STARD9
AC007566.1	PRR25
AC007566.1	AC068675.1
AC007566.1	PLEKHM1
AC007566.1	RBBP9
AC007566.1	ZNF266
AC007566.1	GPI
AC007566.1	ZNF235
AC007566.1	ERVK3-1
RBM48	LINC01185
RBM48	DNAH1
RBM48	PIGZ
RBM48	COQ2
RBM48	GRPEL2-AS1
RBM48	TDRD6
RBM48	FBXO5
RBM48	ANLN
RBM48	FREM1
RBM48	CCDC90B
RBM48	LINC02453
RBM48	MTRF1
RBM48	SULT1A1
RBM48	CABYR
BET1	IFFO1
BET1	AF127577.4
AC006378.1	AC078777.1
AC002429.2	MAGI1-AS1
AC002429.2	ANGPT2
AC002429.2	AC022973.3
AC002429.2	AC100763.1
AC002429.2	AP000943.3
AC002429.2	AC073571.1
AC002429.2	AC026470.2
AC002429.2	AC009137.1
AC002429.2	AC024619.3
AC002429.2	AC015845.1
PDK4	EFHD1
PDK4	SLITRK1
PDK4	DACT1
SEM1	RTCA
SEM1	ITGA10
SEM1	C1orf105
SEM1	FAM161A
SEM1	LYPD1
SEM1	AC005237.1
SEM1	GAL3ST2
SEM1	AC098650.1
SEM1	AC079594.2
SEM1	AC112722.1
SEM1	AL034347.1
SEM1	BET1
SEM1	NHS
SEM1	SCML1
SEM1	PTS
SEM1	AC005832.4
SEM1	KLRG1
SEM1	PRH1
SEM1	PARP2
SEM1	AC007686.3
SEM1	RHBDF1
SEM1	ZNF821
SEM1	TMEM92-AS1
SEM1	XYLT2
SEM1	COG1
SEM1	AC011815.2
SEM1	CIRBP
SEM1	GPR108
SEM1	ADGRE5
SEM1	FAM129C
BAIAP2L1	GTF2H5
BAIAP2L1	RPS4X
NPTX2	BICC1
NPTX2	NGFR
NPTX2	MIR4527HG
KPNA7	AC002985.1
ARPC1B	REC114
BUD31	IPMK
FAM200A	AC132192.2
FAM200A	LINC01311
CYP3A5	CHKB
AC004522.2	AC011773.4
ZKSCAN1	AL359265.3
ZKSCAN1	GATAD1
ZKSCAN1	AF001548.2
COPS6	RNASEH1-AS1
COPS6	SMIM10L1
COPS6	AC023157.3
COPS6	AC093525.4
COPS6	NAT9
CASTOR3	LMOD3
CASTOR3	LINC02145
CASTOR3	LINC00894
CASTOR3	AL358332.1
CASTOR3	AC027808.1
CASTOR3	ALDH1A3
CASTOR3	AC087564.1
CASTOR3	AC091133.1
CASTOR3	MIATNB
SPDYE3	AL031280.1
SPDYE3	PTAFR
SPDYE3	LINC01103
SPDYE3	SLC7A14
SPDYE3	STAG3
SPDYE3	IL3RA
SPDYE3	AP000892.1
SPDYE3	FAM186A
SPDYE3	AC073896.2
SPDYE3	DUOX1
SPDYE3	AC015914.1
SPDYE3	TMEM266
SPDYE3	AC105339.3
PPP1R35	AC099791.2
PPP1R35	MOGS
PPP1R35	AC016575.1
PPP1R35	ST7-AS1
PPP1R35	DCAF15
TSC22D4	PSRC1
TSC22D4	MYLK
TSC22D4	SFTPC
TSC22D4	HSPA2
TSC22D4	B3GNT9
TSC22D4	LDHD
TSC22D4	ACAA2
SAP25	AC007038.1
SAP25	EHF
SAP25	DNASE1L2
PCOLCE-AS1	TCTE1
PCOLCE	LINC01337
GNB2	PCBP1
GNB2	IRF2BPL
MUC12	AP000911.1
TRIM56	ELF4
TRIM56	CWC25
SERPINE1	GPRC5A
PLOD3	SLF1
PLOD3	CLDN15
PLOD3	BCO2
PLOD3	DNAI2
CLDN15	AC107952.2
FIS1	MPDU1
COL26A1	ANKRD18B
COL26A1	GSG1L
COL26A1	CCBE1
COL26A1	JAK3
COL26A1	WTIP
SH2B2	AC019186.1
POLR2J	JTB
POLR2J	BUD31
POLR2J	PDRG1
AC093668.2	AC105052.1
AC105052.1	AC105052.3
AC105052.3	OR3A2
AC005064.1	RELN
RELN	AC093159.1
RELN	IQCD
RELN	PCLAF
LHFPL3	BEND7
AC004884.2	ARF4-AS1
AC004884.2	AC069224.1
AC004884.2	UBE2R2-AS1
AC004884.2	AC005837.1
PUS7	ZNF124
PUS7	EAF2
PUS7	AC026691.1
PUS7	SLC19A1
ATXN7L1	ZNF329
SYPL1	SELENOP
CCDC71L	AC003682.1
HBP1	JMY
HBP1	HIST1H2BC
HBP1	SLC25A27
HBP1	SLC25A40
HBP1	PRMT3
HBP1	PELI2
HBP1	L3HYPDH
HBP1	ZBTB1
HBP1	ADAM10
HBP1	C16orf87
HBP1	BFSP1
SLC26A4-AS1	CACNA2D2
SLC26A3	MFSD14A
SLC26A3	SLC30A10
SLC26A3	INO80D
SLC26A3	RBMS3
SLC26A3	RP2
SLC26A3	RNF128
SLC26A3	AL591368.1
SLC26A3	HAUS4
SLC26A3	RPS17
LAMB4	MIR217HG
LAMB4	PPEF2
LAMB4	PXT1
LAMB4	GML
LAMB4	TERB1
LAMB4	AC104984.2
LAMB4	NOTCH3
NRCAM	OLFM3
NRCAM	CFAP221
NRCAM	SYN2
NRCAM	SLC18B1
NRCAM	PTPRN2
NRCAM	KCNC2
NRCAM	TM6SF1
NRCAM	NETO1
THAP5	AL512353.1
THAP5	AC110491.3
THAP5	AC009133.4
THAP5	MAFIP
AC005487.1	AL589765.1
AC005487.1	ESPNL
AC005487.1	AC034229.4
AC005487.1	LVRN
AC005487.1	AL137784.2
AC005487.1	AC012213.3
AC005487.1	LINC00382
AC005487.1	CLEC18B
AC005487.1	HRH4
AC005487.1	AC007292.2
DOCK4-AS1	PCSK6-AS1
ZNF277	AC026150.1
MDFIC	TDO2
TFEC	A3GALT2
CAV2	CAV1
CAV1	AC002066.1
CAV1	MET
ST7	CCNG2
ST7	SPAG6
ST7	LINC02133
ST7-AS2	FLNC-AS1
ASZ1	LINC00920
CFTR	AL645944.2
CFTR	AC046130.2
CFTR	USB1
CFTR	WFDC3
CTTNBP2	SFPQ
CTTNBP2	GREB1
CTTNBP2	ICK
CTTNBP2	SHANK3
LINC02476	AC008040.1
KCND2	ZNF804A
KCND2	MAP2
KCND2	CAMK4
AC015983.2	HHLA3
TMEM229A	AL451085.2
TMEM229A	C6orf120
C7orf77	EME1
ARF5	CXorf40B
SND1	ABCC4
SND1	AC018618.1
RBM28	URB2
AC090114.2	AL732314.6
ATP6V1F	C6orf226
ATP6V1F	MDH2
ATP6V1F	AP1S1
ATP6V1F	PCSK1N
ATP6V1F	ENDOG
ATP6V1F	PSMC1
ATP6V1F	NDN
ATP6V1F	EIF4A3
ATP6V1F	CLEC11A
ATP6V1FNB	LY6G5B
SMO	TSKS
AC087071.2	AC239803.1
MEST	AC007938.3
MEST	EBPL
AC016831.7	PSEN2
AC016831.7	SMIM10L2A
AC016831.7	YTHDF3-AS1
AC016831.7	AC009812.1
AC016831.7	INPP5A
AC016831.7	CLEC12B
AC016831.7	AC008736.1
LINC00513	AC093019.2
LINC00513	AC107081.2
LINC00513	AC134772.1
LINC00513	AC026347.1
LINC00513	RARRES1
LINC00513	GLRX
LINC00513	LINC02240
LINC00513	PKD2L2
LINC00513	TRAF3IP2
LINC00513	AC005064.1
LINC00513	LINC00534
LINC00513	AL158071.1
LINC00513	PDE6C
LINC00513	AL365273.2
LINC00513	AC007569.1
LINC00513	SCEL
LINC00513	AL133453.1
LINC00513	AL049869.3
LINC00513	SLC10A1
LINC00513	AC025580.2
LINC00513	AC090971.2
LINC00513	AC025917.1
LINC00513	KIZ-AS1
LINC00513	AL022238.2
PLXNA4	VAV3
PLXNA4	ARHGAP10
PLXNA4	AC005537.1
PLXNA4	RTKN2
PLXNA4	COL4A2
PLXNA4	ATF7IP2
PLXNA4	JPH3
PLXNA4	ABR
PLXNA4	RTN4RL1
PLXNA4	AC005696.4
PLXNA4	CACNG4
PLXNA4	MAPK4
PLXNA4	PTPRT
PLXNA4	BCAS4
PLXNA4	DOK5
PLXNA4	UNC13A
PLXNA4	DMKN
AC009365.1	AL583804.1
AC009365.1	CNNM3-DT
AC009365.1	AC107419.1
AC009365.1	SDS
AC009365.1	TGIF2-RAB5IF
AC009365.3	AC008277.1
AKR1B1	PPIP5K1
AC078845.1	P3H2-AS1
AC078845.1	AC111006.1
AC078845.1	EMCN
AC078845.1	LINC02436
AC078845.1	ZNF184
AC078845.1	GCH1
AC078845.1	CPAMD8
AC078845.1	AC011481.2
AC078845.1	L3MBTL2
ATP6V0A4	GBP4
ATP6V0A4	PALD1
TTC26	DNAL1
UBN2	MPL
UBN2	AL592494.3
UBN2	KIAA1257
UBN2	TMEM44-AS1
UBN2	HTR5A
UBN2	SLC6A13
UBN2	AC084357.2
UBN2	DOCK9
UBN2	TPP2
UBN2	SEPT1
UBN2	KATNB1
UBN2	CHTF8
UBN2	AP000894.4
UBN2	ZNF737
UBN2	ZNF568
UBN2	PRR14L
LUC7L2	SEMA4C
LUC7L2	ZEB2-AS1
LUC7L2	TMEM171
LUC7L2	RAPGEF6
LUC7L2	FRS3
LUC7L2	RABGEF1
LUC7L2	NOL6
LUC7L2	ADSSL1
LUC7L2	FBXL12
DENND2A	AKNA
NDUFB2	CCDC167
MRPS33	NDUFAF4
MRPS33	UFSP1
MRPS33	GTF2A2
MRPS33	SMIM17
TMEM178B	LONRF2
TMEM178B	DCLK2
TMEM178B	GFOD1
KIAA1147	AC004918.1
TAS2R5	AC092326.1
EPHB6	RUSC1
EPHB6	RNF208
EPHB6	KNDC1
EPHB6	BAIAP3
TRPV6	AC007966.1
KEL	TRPV5
KEL	U52111.1
KEL	AL121890.4
AC073342.2	PCDHB12
GSTK1	AL357079.1
GSTK1	HIF1A-AS2
GSTK1	PRKCA-AS1
AC073342.1	KDM7A
AC073342.1	CCDC160
AC074386.1	AC004889.1
PDIA4	AL731566.2
PDIA4	DERL3
ZNF786	TP53
ZNF786	OPA3
ZNF282	RPAP1
ZNF212	UTP25
ZNF212	PRR3
ZNF783	C20orf204
SSPO	SLC38A3
ATP6V0E2	PEX10
ATP6V0E2	IGSF8
ATP6V0E2	OBSCN
ATP6V0E2	STK16
ATP6V0E2	IKBKG
ATP6V0E2	ZDHHC12
ATP6V0E2	SSSCA1
ATP6V0E2	H2AFJ
ATP6V0E2	GAMT
ATP6V0E2	CDPF1
ASIC3	P2RY11
SLC4A2	PNPLA6
FASTK	PIGQ
FASTK	RUNDC3A
TMUB1	PHF13
TMUB1	FBXO44
TMUB1	ATXN7L3
AGAP3	TMCC2
AGAP3	NDUFA5
PRKAG2	C1orf21
PRKAG2	ORAI2
PRKAG2	SLC5A4-AS1
PRKAG2-AS1	SDR16C5
PAXIP1	LYPLA1
PAXIP1-AS1	AL135791.1
INSIG1	FADS2
INSIG1	FADS1
AC008060.3	GOLGA6L10
CNPY1	UNC5CL
CNPY1	LRRC17
CNPY1	AL162385.2
CNPY1	LINC02405
CNPY1	AC007220.1
CNPY1	GATD3B
RBM33	AL353708.1
RBM33	EIF2D
RBM33	ZNF678
RBM33	TMEM131
RBM33	LIMS1
RBM33	TOPBP1
RBM33	ZNF141
RBM33	FAM13A-AS1
RBM33	AC005020.2
RBM33	AC105052.3
RBM33	PRSS3
RBM33	AC084337.2
RBM33	AL157392.5
RBM33	AL353784.1
RBM33	ATE1
RBM33	ZRANB1
RBM33	TUBGCP3
RBM33	BCL2L2-PABPN1
RBM33	AC124312.1
RBM33	REXO5
RBM33	TMEM107
RBM33	FBXO47
RBM33	AC011498.1
RBM33	ADGRE1
RBM33	SLC5A5
RBM33	AC092295.2
RBM33	AC005498.2
RBM33	DGCR6L
RBM33	MCAT
AC073133.1	AL023581.2
AC073133.1	AL590867.1
AC073133.1	AL163636.1
LINC01006	AC097359.3
LINC01006	AL035252.3
LINC01006	CCDC151
DNAJB6	HSD17B7
DNAJB6	DHX57
DNAJB6	FBXO36
DNAJB6	ZNF330
DNAJB6	MRPS30
DNAJB6	WDHD1
DNAJB6	AC048382.5
DNAJB6	IL34
DNAJB6	AC008946.1
SHOX	LINC01768
SHOX	MCM10
SHOX	PMEL
SHOX	AL133372.2
SHOX	TICRR
IL3RA	SYCE2
SLC25A6	AC089998.4
SLC25A6	TMED1
AKAP17A	CREBZF
AL683807.1	LINC01545
AL683807.1	ROR2
AL683807.1	AL137077.2
ARSF	AC011337.1
PRKX	MYRIP
PRKX	BCAT2
PRKX	GRIK1-AS1
PUDP	LINC02493
WWC3	NKRF
AC073529.1	MID1
ARHGAP6	AC004554.2
FRMPD4	ADGRL2
FRMPD4	AC007563.2
FRMPD4	CACNA2D3
FRMPD4	ST6GAL1
FRMPD4	KIAA1549
FRMPD4	SNTG1
FRMPD4	CACNA1B
FRMPD4	DTX1
FRMPD4	ATCAY
TMSB4X	COX6C
RAB9A	DMGDH
GEMIN8	ARRDC3-AS1
GLRA2	AL713999.1
GLRA2	AC099511.1
PIR	ME1
PIR	VEGFD
REPS2	AP000721.1
SCML1	TMIGD3
SCML1	LINC01719
SCML1	AL137003.2
SCML1	ZNF449
SCML1	FADS2
SCML1	C19orf38
SCML1	ZNF471
PPEF1	MMD2
EIF1AX	CAP1
CNKSR2	CNTN1
PTCHD1-AS	KIF2C
PTCHD1-AS	DCHS2
PTCHD1-AS	LCP2
PTCHD1-AS	MDFIC
PTCHD1-AS	ATP10A
PTCHD1-AS	LINC02254
PTCHD1-AS	ZBTB46
AC004470.1	AC090572.3
AC004470.1	AC012339.1
AC004470.1	GSG1L2
PTCHD1	CD109
APOO	ABT1
APOO	HBB
APOO	COX4I1
APOO	RPS9
POLA1	AC017071.1
POLA1	AGPAT5
POLA1	ESRRA
POLA1	BLID
ARX	AC008060.1
AL592043.1	SPAG17
AL592043.1	PWP2
AL606516.1	LINC00502
AL606516.1	PDCD2L
AF241726.2	EIF4E2
TSPAN7	KLHDC9
TSPAN7	ZC3H11B
TSPAN7	MDH1
TSPAN7	LRRTM1
TSPAN7	IGFBP5
TSPAN7	CPE
TSPAN7	TSPAN13
TSPAN7	PCSK1N
TSPAN7	IGFBP6
TSPAN7	MOAP1
TSPAN7	CKMT1A
TSPAN7	PPP1R1B
TSPAN7	RPRML
MID1IP1	SLC2A1
MID1IP1	GNG5
MID1IP1	SLC25A38
MID1IP1	WDR5B
MID1IP1	SPP1
MID1IP1	IQCE
MID1IP1	TMEM178B
MID1IP1	FRRS1L
MID1IP1	ZNF518A
MID1IP1	NRIP2
MID1IP1	METTL7A
MID1IP1	CDK2
MID1IP1	TBC1D30
MID1IP1	CAMKK2
MID1IP1	HPR
MID1IP1	TMEM102
MID1IP1	TRIM47
MID1IP1	SUN2
MID1IP1-AS1	AC009065.8
BCOR	AC244453.1
ATP6AP2	GLT8D1
ATP6AP2	PCDH9-AS1
MED14	MRE11
MED14	DDHD1
MED14	SPATA7
MED14	PTPN21
MED14	NDEL1
MED14	AC011444.1
MED14	FO393418.1
Z93403.1	CCDC141
Z93403.1	KCNE4
Z93403.1	ARHGAP28
MAOB	PKIA
KDM6A	GPATCH3
KDM6A	OSBPL9
KDM6A	STK19
KDM6A	AP5Z1
KDM6A	BCL7B
KDM6A	TSTA3
KDM6A	TMEM117
KDM6A	NLE1
KDM6A	SRC
KDM6A	ZNF254
NDUFB11	AURKAIP1
NDUFB11	NPM3
NDUFB11	BCKDK
NDUFB11	DDT
CDK16	GMPPA
CDK16	R3HDM4
ZNF41	RIOX2
LINC01560	AL353708.3
LINC01560	AC005845.1
ARAF	BACE1-AS
SYN1	SYNPO
TIMP1	IFITM3
SPACA5	AC010531.3
GLOD5	AL035416.1
GLOD5	CAPN8
GLOD5	LINC01119
GLOD5	AC019080.4
GLOD5	AL450332.1
GLOD5	AC114546.1
GLOD5	CYP19A1
GLOD5	AC061992.1
PCSK1N	C1QL2
PCSK1N	DYNLT3
PQBP1	AL136295.2
PQBP1	MTHFS
PRAF2	JMJD8
CACNA1F	AC119396.2
PPP1R3F	CCS
NUDT10	ACKR1
NUDT10	EDN1
AL158055.1	AC079296.1
NUDT11	NUDT10
GPR173	CATSPER2
IQSEC2	KIAA1522
IQSEC2	NEU4
IQSEC2	LINC02054
IQSEC2	MARVELD1
IQSEC2	STAT6
IQSEC2	KCNH4
IQSEC2	HCK
IQSEC2	LAMA5
IQSEC2	PLK5
IQSEC2	PPFIA3
HSD17B10	LAMTOR1
WNK3	ZNF354A
ITIH6	DRC1
ITIH6	SLC20A1
MAGEH1	SVBP
AL354793.1	AL357078.3
AL354793.1	F11
AL354793.1	AC022126.1
AL354793.1	AC073133.1
AL354793.1	SKOR1
AL354793.1	AC012254.1
AL354793.1	LINC01727
ARHGEF9	AC074117.1
EDA	DHX58
EDA	ZNF470
FOXO4	SH3BP5L
AL590764.1	AL121983.2
AL590764.1	AL356108.1
AL590764.1	AC018616.1
GJB1	KCNJ10
GJB1	TMEM121
GJB1	SLC46A1
GJB1	SMIM5
ZMYM3	CC2D2A
GCNA	NEXN
GCNA	LSMEM1
RPS4X	KBTBD4
RPS4X	RPUSD2
RPS4X	COA3
NAP1L2	RAB3C
PBDC1	TMEM263
AC233296.1	RHBDL2
AC233296.1	CATSPERE
AC233296.1	RAMP1
AC233296.1	TMEM232
AC233296.1	SH3TC2-DT
AC233296.1	GMDS-DT
AC233296.1	CCNB3
AC233296.1	AL445472.1
AC233296.1	LINC01285
AC233296.1	SPANXA2-OT1
AC233296.1	WDR11-AS1
AC233296.1	AC107032.2
COX7B	SLC11A1
COX7B	CUL9
ITM2A	TMC3-AS1
DACH2	CCDC40
DIAPH2	SIMC1
DIAPH2-AS1	CRISPLD2
AL157778.1	PCDHB16
AL157778.1	AL121594.1
HNRNPH2	DNAJA2
ARMCX3-AS1	PROB1
ZMAT1	CCDC183
BEX5	CD83
BEX5	MAGEE1
BEX5	TCEAL2
BEX5	TCEAL5
BEX5	SPA17
BEX1	AC009414.2
BEX1	MORN2
BEX1	IGFBP7
BEX1	VDAC1
BEX1	DNPH1
BEX1	GSPT2
BEX1	CTSB
BEX1	GHITM
BEX1	ATP2B1-AS1
BEX1	PNMA8A
BEX1	MX1
BEX4	PSMD7
TCEAL8	ZFYVE1
TCEAL8	LIG1
TCEAL5	BLVRA
TCEAL7	MARCKSL1
TCEAL9	PLPP3
TCEAL9	SCYL3
TCEAL9	RGS2
TCEAL9	ANKMY1
TCEAL9	RAD54L2
TCEAL9	ORAI1
TCEAL9	AC005410.2
TCEAL9	TXNRD2
BEX3	MZT2B
BEX3	ARMCX3
BEX3	BEX1
BEX3	BEX2
BEX3	STYX
BEX3	MESP1
BEX3	SNRNP25
BEX3	FAM173A
BEX3	RILP
BEX3	PIN1
TCEAL1	RCC1
TCEAL1	AC097103.2
PLP1	MYADM
IL1RAPL2	AL591885.1
IL1RAPL2	PLA2R1
IL1RAPL2	LINC02223
IL1RAPL2	MCHR2
IL1RAPL2	AF279873.3
IL1RAPL2	AC022639.1
RNF128	KANSL2
RNF128	NPIPA2
AL035425.1	AC022150.1
ALG13-AS1	AC008761.1
TRPC5	KIT
TRPC5	CNTNAP2
TRPC5	IZUMO1
TRPC5OS	AC008440.1
HTR2C	C3orf67-AS1
PLS3-AS1	CAPN1
DANT2	PCNX2
DOCK11	ACER2
LINC01285	LINC01569
PGRMC1	RNF139
PGRMC1	MFSD3
PGRMC1	SHC3
PGRMC1	AL049650.1
AC004835.1	SAMM50
SLC25A5	WDR54
SLC25A5	PRDM8
SLC25A5	MAGED2
SLC25A5	MID2
SLC25A5	TMEM126B
SLC25A5	ISCU
SLC25A5	HEXIM2
SEPT6	KNG1
RPL39	OSGEPL1-AS1
UPF3B	MYH3
NDUFA1	ZNF41
NDUFA1	SSH1
NDUFA1	AC092718.5
NDUFA1	NAA38
NDUFA1	UBL5
TENM1	SEL1L3
TENM1	GPRIN3
OCRL	COX18
ZDHHC9	GBA
ZDHHC9	TBC1D8
ZDHHC9	TARS
ZDHHC9	ZNF775
ZDHHC9	NDP
ZDHHC9	HR
ZDHHC9	CD59
RAB33A	URM1
ENOX2	FMNL3
ENOX2	FAM69C
FIRRE	AC018742.1
FIRRE	KIT
FIRRE	SIM2
RTL8C	GDI1
RTL8C	GRINA
RTL8C	DPM2
RTL8C	EIF4A1
RTL8C	G6PC3
RTL8A	SH3BGRL3
RTL8A	AL121603.2
FHL1	FXYD7
AL683813.1	TXNDC9
AL683813.1	PSG8-AS1
Z96074.1	RYR1
FGF13	LINC00578
ATP11C	KLHL23
ATP11C	MYLK-AS1
ATP11C	MCM2
ATP11C	AC107068.1
ATP11C	PDLIM5
ATP11C	SOD2
ATP11C	AL035425.2
ATP11C	TMEM65
ATP11C	FRMD3
ATP11C	FANCI
AL078639.1	ZNF217
LINC00894	COA7
LINC00894	MFAP1
PRRG3	SCX
GABRA3	LINC01331
PNMA6F	RHOXF1
CCNQ	TMPRSS5
CCNQ	MMAB
PLXNB3	CEP72
PLXNB3	HIST1H1E
SSR4	ZNF846
SSR4	ZNF579
RENBP	MCOLN1
RENBP	DHX34
FLNA	AC004943.1
RPL10	SRSF8
RPL10	AL513128.2
RPL10	AC078909.1
TAZ	GLI4
ATP6AP1	PSAP
GDI1	BSG
GDI1	CLIP3
FAM50A	DPP7
FAM50A	POLRMT
FAM50A	TRMT1
MTCP1	GNB4
MTCP1	ENTPD7
VBP1	PILRB
ARHGEF10	AC099508.1
AC245519.1	AC245187.2
AC245519.1	AC246817.2
AC245187.2	AC245123.1
AC246817.2	AC246817.1
CSMD1	AC006058.1
FAM66B	FAM66E
ZNF705G	AL157832.1
FAM85B	AC145124.1
FAM85B	AC127526.1
FAM85B	AC026458.2
AC022784.3	PPP1R3B
LINC00599	PPFIA4
LINC00599	SPEG
LINC00599	ALS2CL
LINC00599	BEGAIN
LINC00599	CHD3
MSRA	AC104964.1
FAM167A	FAM167A-AS1
AC069185.1	AC144652.1
DLC1	MCF2L2
SGCZ	LUZP2
ZDHHC2	ITGB5
ZDHHC2	BACH1
CNOT7	AP003390.1
MTMR7	AKAP7
MTMR7	AC008764.1
AC100800.1	SPDYE3
AC100800.1	SVIL
AC100800.1	SMIM22
AC100800.1	ZBED4
GFRA2	MLC1
FGF17	KCNIP2
DMTN	SLC17A7
NUDT18	PAMR1
NUDT18	AL138976.2
NUDT18	VPS9D1-AS1
HR	ABHD17A
PHYHIP	CADM3
PHYHIP	SLC4A3
PHYHIP	TSPYL1
PHYHIP	SYN1
PHYHIP	SCN4B
PHYHIP	PIANP
PHYHIP	ZNF385A
PHYHIP	AGAP2
PHYHIP	CABP1
PHYHIP	CPNE6
PHYHIP	GALNT16
PHYHIP	TMEM63C
PHYHIP	PAK6
PHYHIP	SYNGR3
PHYHIP	RUNDC3A
PHYHIP	CAMSAP3
PHYHIP	TGFBR3L
PHYHIP	MAPK8IP2
POLR3D	BTN2A1
POLR3D	CRCP
AC105206.2	ABI3BP
AC037459.2	SORBS3
C8orf58	SLCO6A1
EGR3	GPR12
SLC25A37	SLC22A1
SLC25A37	FANCB
SLC25A37	AC025423.4
BNIP3L	MGAM
BNIP3L	CLDN14
PNMA2	CAMK2A
PNMA2	SNCB
STMN4	TRIM35
CLU	IER5
CLU	SLC6A12
CLU	SEZ6L2
AC025871.1	GUCA1C
FZD3	GUCY1B1
AC108449.1	ASIC3
AC108449.1	AL117209.1
AC108449.1	AC009554.1
AC108449.1	AC004702.1
AC108449.1	AC024267.4
SARAF	TKT
SARAF	AC093673.1
SARAF	SLC22A17
SARAF	EPOR
SARAF	NFKBIB
SARAF	ZNF586
AC026979.2	FP565260.6
DCTN6	CCDC43
UNC5D	TMEM196
UNC5D	CACNB2
UNC5D	SYCE1
AC137579.1	LINC01605
ADGRA2	OVCH1
DDHD2	AC016700.3
DDHD2	SOX30
DDHD2	AC005224.1
FGFR1	AL354754.1
FGFR1	MTSS1L
AC087623.2	CENPS-CORT
AC087623.2	GBP2
AC087623.2	PPP1R3C
AC087623.2	GPRC5A
AC087623.2	NEMP1
AC087623.2	SHISA8
AC069120.1	LNP1
ADAM18	AL031599.1
ADAM18	AC009229.2
ADAM18	AC096719.1
ADAM18	AC096577.1
ADAM18	LINC02196
ADAM18	NPR3
ADAM18	IMPG1
ADAM18	SEPT14
ADAM18	PHEX
ADAM18	ERICH5
ADAM18	TNC
ADAM18	AC044810.3
ADAM18	SLC22A24
ADAM18	PIK3AP1
ADAM18	AC060809.1
ADAM18	Z69666.1
ADAM18	EIF3CL
ADAM18	AC100863.1
ADAM18	NLRP12
ADAM18	ADORA2A-AS1
ADAM18	NFAM1
IDO1	CARD11
AC007991.3	ITGB6
IDO2	TNN
IDO2	AC095050.1
IDO2	AC126755.2
TCIM	CREG1
AC105999.1	MOGAT1
SMIM19	FASTKD2
SMIM19	PAN3-AS1
SMIM19	MIEF2
SMIM19	FAM104A
SMIM19	ETHE1
CHRNB3	Z93403.1
THAP1	EXOC8
FNTA	SNTB2
HGSNAT	AC135803.1
HGSNAT	NHLH1
HGSNAT	AL359853.2
HGSNAT	RNPEP
HGSNAT	AL732292.2
HGSNAT	AC008269.1
HGSNAT	GSTCD
HGSNAT	TEX43
HGSNAT	AC011416.3
HGSNAT	AC116366.3
HGSNAT	RMND5B
HGSNAT	BPHL
HGSNAT	HIST1H4E
HGSNAT	ZKSCAN1
HGSNAT	AC005487.1
HGSNAT	MCMDC2
HGSNAT	RIDA
HGSNAT	RFX3-AS1
HGSNAT	ST5
HGSNAT	PAK1
HGSNAT	ANKRD2
HGSNAT	COX15
HGSNAT	SH2B3
HGSNAT	GTF3A
HGSNAT	AL355773.1
HGSNAT	KCNK10
HGSNAT	HSPB9
HGSNAT	AC005393.1
SNTG1	COL11A1
SNTG1	HTR1E
SNTG1	RIMBP2
SNTG1	PTPRT
AC064807.1	BCDIN3D-AS1
AC021915.2	AL049637.1
AC021915.2	CDR1
AC021915.2	OLFML1
AC021915.2	AC100786.2
AC021915.2	AP000845.1
AC021915.1	GAPDHS
AC103831.1	RNF157-AS1
XKR4	GRIK3
XKR4	ST8SIA4
RPS20	PLEKHA7
RPS20	ASF1B
AC022182.1	AP002373.1
AC022182.1	SSPN
AC022182.1	AC009271.1
AC022182.1	C20orf96
CLVS1	PLXNA1
CLVS1	ZIC1
CLVS1	AC136489.1
CLVS1	AC022182.1
CLVS1	CRTAC1
AC011978.2	USP12-AS2
AC069133.1	VWDE
AC069133.1	LINC02552
AC069133.1	PAPLN
MIR124-2HG	AC139491.7
CYP7B1	TGFB2
CYP7B1	PRKCD
LINC00251	LINC01299
CRH	DUSP6
CRH	ADCYAP1
ADHFE1	AMZ1
ADHFE1	KCTD21
ADHFE1	LRRC49
ADHFE1	AC012184.1
SGK3	LRP2
SGK3	TMEM198
SGK3	SRPRB
SGK3	TRAM1L1
SGK3	DOLK
SGK3	BORCS7-ASMT
SGK3	EPS8
SGK3	LGR5
SGK3	AC007656.1
SGK3	STOML1
SGK3	LRRC37B
SGK3	SLC39A11
SGK3	PIEZO2
SGK3	AC010615.4
MCMDC2	LYPD5
TCF24	LINC01001
CPA6	AC068672.2
C8orf34	SLC2A5
C8orf34	NCDN
C8orf34	P2RY14
C8orf34	AC105999.1
C8orf34	SLCO5A1
C8orf34	CLMP
C8orf34	KLHL1
C8orf34	RAPGEFL1
AC022858.1	XKR9
RPL7	FANK1
RPL7	PFDN4
RDH10-AS1	MATN1
AC027018.1	AL365318.1
AC027018.1	ZKSCAN4
AC022826.2	AL133216.1
GDAP1	MYLK4
GDAP1	CAPN5
MIR2052HG	PI15
ZFHX4-AS1	AC006504.5
ZFHX4	SMIM1
ZFHX4	PDE4B
ZFHX4	IQCG
ZFHX4	AC079298.3
ZFHX4	SCIN
ZFHX4	PLAT
ZFHX4	NARFL
ZFHX4	AC068234.1
AC062004.1	CCDC58
AC062004.1	CCDC88C
STMN2	TRNP1
STMN2	LRRTM1
STMN2	GAP43
STMN2	SSTR2
STMN2	CHGB
MRPS28	TMCC1-AS1
AC036214.3	LINC02516
AC009686.1	AP002490.1
AC009812.4	SPRY1
AC009812.4	C8orf58
ZNF704	RASSF5
ZNF704	ANKRD20A8P
ZNF704	FANCD2OS
ZNF704	GIN1
ZNF704	PACRG-AS1
ZNF704	RBPMS
ZNF704	AC107884.1
ZNF704	AC125611.4
ZNF704	AL137230.1
ZNF704	KCTD19
ZNF704	ZNF234
PAG1	ICK
PAG1	CDKN2B-AS1
PAG1	RORB
FABP5	PMP2
FABP5	BAMBI
PMP2	GAREM2
AC132219.1	AC026786.2
AC132219.1	TP53TG3D
AC132219.1	AL157838.1
AC132219.1	KF456478.1
AC105031.2	LINC02257
AC105031.2	ITK
AC105031.2	ALDH16A1
AC105031.2	CSDC2
RALYL	KCNH7
RALYL	AC016687.2
RALYL	LINC02217
RALYL	CDH18
RALYL	HECW1
RALYL	SNTG1
RALYL	RIMS2
RALYL	AL445623.2
RALYL	TUB
RALYL	PDE3B
RALYL	CDYL2
C8orf59	LINC01239
CA3-AS1	INSIG2
CA3-AS1	MRPL23
CA3-AS1	ZNF181
CA2	KCNK1
CA2	AC019131.1
CA2	VDAC3
CA2	MYORG
CA2	RCBTB2
CA2	ASPHD1
CA2	TMEM99
AC100801.1	C7orf31
AC100801.1	ATP6V0D2
AC100801.1	NALCN-AS1
DECR1	FAM114A2
DECR1	ZSCAN12
LRRC69	AC079193.2
RUNX1T1	PDLIM3
RBM12B	UPF3B
RBM12B	ERGIC3
RBM12B	ZNF556
TMEM67	STK36
PDP1	PLCXD2
GEM	EMP1
ESRP1	MYCNOS
ESRP1	AC091946.2
ESRP1	AL583856.2
ESRP1	PIK3R6
NDUFAF6	AC106869.1
NDUFAF6	TMEM37
NDUFAF6	FAM117B
NDUFAF6	AL353743.2
NDUFAF6	PNPLA7
NDUFAF6	ARMH4
NDUFAF6	MIR22HG
UQCRB	TDRKH-AS1
UQCRB	ZNF165
UQCRB	IGFBP3
UQCRB	DMAC1
SDC2	IRS1
CPQ	AL359915.2
CPQ	PGBD5
CPQ	SMYD3
CPQ	IFIH1
CPQ	LINC02199
CPQ	EEF1E1-BLOC1S5
CPQ	AL080317.3
CPQ	BBS9
CPQ	SLC2A8
CPQ	ACER3
CPQ	DDX11-AS1
CPQ	CPM
CPQ	EGLN3
CPQ	AC009063.2
CPQ	MAP1LC3A
MATN2	CDH13
RPL30	TNRC18
RPL30	TMEM258
RPL30	RPS3
NIPAL2	MIR124-2HG
KCNS2	BBS12
KCNS2	LINC02198
KCNS2	PNMA6F
KCNS2	TRPV2
COX6C	NDUFS5
COX6C	ANAPC13
COX6C	CETN2
COX6C	MAP3K10
POLR2K	MRPS14
POLR2K	ORAI3
SNX31	AL590434.1
SNX31	NPC1L1
SNX31	CCT6B
AP003469.4	TRABD2B
AP003469.4	AC063944.3
AP003469.4	AC139887.4
AP003469.4	IGIP
AP003469.4	PCSK5
AP003469.4	SOX6
AP003469.4	RELA
AP003469.4	POLE
AP003469.4	SRRM2-AS1
AP003469.4	ERBB2
GRHL2	ADPRH
GRHL2	NUTM2D
AZIN1-AS1	AC093423.3
AZIN1-AS1	DIRC3
AZIN1-AS1	SUMF1
AZIN1-AS1	SLC9B1
AZIN1-AS1	CLPTM1L
AZIN1-AS1	ATG10
AZIN1-AS1	RNF217-AS1
AZIN1-AS1	LINC00997
AZIN1-AS1	CLVS1
AZIN1-AS1	AP003354.2
AZIN1-AS1	ZNF189
AZIN1-AS1	AC073389.2
AZIN1-AS1	SCART1
AZIN1-AS1	LETMD1
AZIN1-AS1	NOS1
AZIN1-AS1	RFLNA
AZIN1-AS1	DLEU7-AS1
AZIN1-AS1	FAM81A
AZIN1-AS1	AC004381.1
AZIN1-AS1	AC092118.2
AZIN1-AS1	PDP2
AZIN1-AS1	CD226
AZIN1-AS1	C19orf18
AP003354.2	PDE1A
BAALC-AS1	LIMS2
BAALC-AS1	ZFX-AS1
BAALC-AS1	SLC25A32
BAALC-AS1	SLC25A10
CTHRC1	FZD6
AC012213.3	NXPE2
SLC25A32	AC005899.6
SLC25A32	MROH8
RIMS2	GULP1
RIMS2	UNC80
RIMS2	PARP8
RIMS2	GRIK2
RIMS2	FOXP2
RIMS2	GRM5
RIMS2	DPY19L2
ZFPM2	PLEKHH2
ZFPM2	PLOD2
ZFPM2	LINC02082
ZFPM2	UST
ZFPM2	ARHGAP42
ZFPM2	TMEM26
ZFPM2	YBX3
ZFPM2	TRHDE
ZFPM2	CHPT1
ZFPM2	SOX21
ZFPM2	SOX21-AS1
AC103853.1	SLC46A2
OXR1	AC027031.2
AC090579.1	OXR1
ENY2	TIMM23B
SYBU	CNR1
SYBU	CYGB
LINC01608	TGFBR1
LINC01608	PPFIA2
LINC01608	MAP2K3
CSMD3	ESRRG
CSMD3	ARPP21
CSMD3	AC092691.1
CSMD3	SLIT2
CSMD3	AL445250.1
CSMD3	ZFPM2
CSMD3	NAALAD2
CSMD3	MAML2
CSMD3	PDZRN4
CSMD3	LRP1
CSMD3	RASSF3
CSMD3	GPR180
CSMD3	MDGA2
UTP23	LEPR
UTP23	MAIP1
UTP23	GTPBP8
UTP23	AL359091.1
UTP23	KCNQ1DN
UTP23	NR1H3
UTP23	DLAT
UTP23	THAP2
UTP23	RNF6
UTP23	TMC2
UTP23	ZNF561
AC023590.1	ZIC4
AC023590.1	AC022087.1
DEPTOR	RGS16
DEPTOR	CNKSR3
DEPTOR	AC091563.1
DEPTOR	PSEN1
DEPTOR	SLC38A7
DEPTOR	AC020916.1
AC091563.1	COL14A1
SMILR	AC104118.1
SMILR	AC037486.1
ZHX2	SPEN
ZHX2	ZFHX4
ZHX2	JRK
ZHX2	PTPRJ
ZHX2	AC007450.1
ZHX2	ABAT
ZHX2	FAAP24
ZHX2	AKT2
AC104316.1	ACSL5
AC104316.1	OIP5
AC104316.1	NOVA2
AC104316.1	SETD4
FAM83A	LINC02471
FAM83A	LINC01198
FAM83A	JPH2
FBXO32	DPYSL4
FER1L6	RAD51AP1
FER1L6-AS2	AC067750.1
NDUFB9	C2CD4D
NDUFB9	SNRPE
NDUFB9	NDUFB3
NDUFB9	ARF4
NDUFB9	UBN2
NDUFB9	JAK2
NDUFB9	TXN
NDUFB9	ACADSB
NDUFB9	TBC1D2B
MTSS1	CYB561D2-1
MTSS1	SRD5A1
MTSS1	WDR27
MTSS1	DEPTOR
MTSS1	RNF214
MTSS1	AL139383.1
MTSS1	EVI5L
SQLE	SLC25A34
CASC11	AC099792.1
CASC11	GPN1
CASC11	LINC00879
CASC11	HAPLN1
CASC11	ITPR3
CASC11	AL391361.2
CASC11	PCAT7
CASC11	FAM25C
CASC11	EPSTI1
CASC11	AC010619.1
CCDC26	LINC02008
CCDC26	SPATA16
CCDC26	AC106799.2
CCDC26	AL022068.1
CCDC26	ABCB5
CCDC26	AC068992.1
CCDC26	CYP4F26P
CCDC26	TMC1
CCDC26	DEUP1
CCDC26	LINC00871
CCDC26	NUSAP1
CCDC26	LINC02176
SLA	AC022730.4
NDRG1	RMND1
NDRG1	AL358216.1
AC046195.1	AC078923.1
COL22A1	AC020704.1
COL22A1	AC009088.1
COL22A1	SPNS3
TRAPPC9	NCAPG2
TRAPPC9	CRAT
TRAPPC9	PRMT5
TRAPPC9	RAD51B
TRAPPC9	RNFT1
CHRAC1	MED30
AGO2	SSBP3
AGO2	TRAF1
PTK2	CSMD2
PTK2	SLC50A1
PTK2	G0S2
PTK2	ZNF496
PTK2	BABAM2
PTK2	GEMIN6
PTK2	B3GNT2
PTK2	TMEM182
PTK2	ASNSD1
PTK2	AC010735.2
PTK2	NPRL2
PTK2	TRPC1
PTK2	NCAPG
PTK2	RELL1
PTK2	STOX2
PTK2	CCDC110
PTK2	AC008897.3
PTK2	LINC01184
PTK2	LEAP2
PTK2	RNF8
PTK2	AL365205.1
PTK2	KLHL32
PTK2	FZD9
PTK2	TMEM243
PTK2	DMD
PTK2	MID1IP1-AS1
PTK2	MOSPD1
PTK2	FOCAD
PTK2	POLR1E
PTK2	PALM2
PTK2	TSPAN4
PTK2	AC100771.2
PTK2	CRY2
PTK2	ARL2-SNX15
PTK2	FZD4
PTK2	NCAM1-AS1
PTK2	SIK3
PTK2	HYLS1
PTK2	AC087257.1
PTK2	SIRT4
PTK2	TRIM9
PTK2	SQOR
PTK2	AC026992.1
PTK2	NUPR1
PTK2	AC020765.2
PTK2	AC109460.1
PTK2	CDH11
PTK2	TIMM22
PTK2	NFE2L1
PTK2	ARMC7
PTK2	SLC25A19
PTK2	AP005329.3
PTK2	LINC01630
PTK2	CD40
PTK2	AC021092.1
PTK2	PPM1N
AC138647.1	KLHDC8B
LY6H	GLIPR1
LY6H	GDAP1L1
AC138696.2	AC127070.1
ZC3H3	AL139011.2
TSTA3	AC145207.5
PUF60	CCDC22
PUF60	GMPR2
PUF60	HIRIP3
NRBP2	GLIS1
NRBP2	SEMA3B
NRBP2	MOG
NRBP2	TBC1D13
NRBP2	AP001318.2
NRBP2	TFDP1
NRBP2	RGS11
PLEC	PLXNB2
GRINA	CALM3
SPATC1	KLB
SPATC1	LINC01611
SPATC1	AKAP14
SPATC1	AP003031.2
SPATC1	LCTL
SPATC1	CYP4F22
CYC1	EMC1
CYC1	AC026801.2
CYC1	TMEM9B
CYC1	YIF1A
CYC1	APRT
CYC1	SPIRE1
CYC1	THAP7
CYC1	MIS18A-AS1
MAF1	SNX12
MAF1	UCK1
MAF1	TSSC4
MAF1	TMEM109
DGAT1	ADGRB2
VPS28	PCYT2
VPS28	PLEKHJ1
VPS28	LRRC75B
CYHR1	ABTB1
CYHR1	GATD1
KIFC2	TRO
KIFC2	FGF17
KIFC2	ITGA7
KIFC2	AP1G2
KIFC2	AC127024.6
KIFC2	NPTXR
KIFC2	HDAC10
GPT	GSTM2
LRRC14	AP001505.1
RPL8	CHPF
RPL8	RACK1
RPL8	PQBP1
RPL8	EI24
RPL8	TOMM22
DOCK8	SYK
SMARCA2	ZNF691
SMARCA2	SGIP1
SMARCA2	TUFT1
SMARCA2	SIPA1L2
SMARCA2	LINC01804
SMARCA2	RHOQ
SMARCA2	AC008691.1
SMARCA2	LCA5
SMARCA2	ZNF680
SMARCA2	ZNF483
SMARCA2	TRAF6
SMARCA2	POLD4
SMARCA2	EFNB2
SMARCA2	DAAM1
SMARCA2	DYRK1B
VLDLR-AS1	VLDLR
KCNV2	TMEM51-AS1
KCNV2	AC068481.1
RFX3-AS1	AMY2B
RFX3-AS1	AC008073.3
RFX3-AS1	AC012593.1
RFX3-AS1	SPR
RFX3-AS1	FAM178B
RFX3-AS1	NECTIN3-AS1
RFX3-AS1	AC097103.2
RFX3-AS1	AC117386.2
RFX3-AS1	AC053527.1
RFX3-AS1	NLN
RFX3-AS1	LINC01184
RFX3-AS1	AC008676.1
RFX3-AS1	AL078590.3
RFX3-AS1	LINC00271
RFX3-AS1	PHACTR2
RFX3-AS1	NUP43
RFX3-AS1	AC079760.1
RFX3-AS1	AP003469.2
RFX3-AS1	AP003354.2
RFX3-AS1	MYO7A
RFX3-AS1	AP002884.1
RFX3-AS1	TMEM72-AS1
RFX3-AS1	CABCOCO1
RFX3-AS1	DEPDC4
RFX3-AS1	ALDH1A2
RFX3-AS1	ZNF771
RFX3-AS1	SREBF1
RFX3-AS1	KPTN
AK3	NEURL1
PLGRKT	LMAN2L
PLGRKT	KDM6B
RANBP6	PIGV
AL162411.1	SYDE1
AL354707.1	AL354707.2
DMAC1	STK35
LURAP1L-AS1	LURAP1L
CCDC171	ARMC3
AL162725.2	ANXA9
AL162725.2	LINC02261
AL162725.2	PABPC1L2A
AL162725.2	LINC02300
SH3GL2	KIAA1211L
SH3GL2	SYN2
SH3GL2	B3GALNT1
SH3GL2	SPTSSB
SH3GL2	PRSS12
SH3GL2	WSCD2
SH3GL2	AHNAK2
SH3GL2	CDH7
SH3GL2	RFPL1S
SAXO1	AC023355.1
RRAGA	AL691432.2
RRAGA	TMEM9
RRAGA	MAGEF1
RRAGA	CCDC127
RRAGA	YIPF3
RRAGA	TBRG4
RRAGA	FBXL15
RRAGA	THTPA
RRAGA	BORCS6
RRAGA	TACO1
RRAGA	TSPO
RPS6	AL731569.1
FOCAD	FBXO48
FOCAD	SGTB
AL353732.1	IFNA2
AL353732.1	CORO2A
CDKN2B-AS1	CDKN2A
CDKN2B	CDKN2A
AL157937.1	LINC01923
AL445623.2	FAM149A
ELAVL2	BSN
ELAVL2	EPHB6
LINGO2	SCHLAP1
LINGO2	DNAH7
LINGO2	EPHA6
LINGO2	NWD2
LINGO2	ADAMTS3
LINGO2	GALNTL6
LINGO2	PDE7B
LINGO2	THSD7A
LINGO2	AC011287.1
LINGO2	GLI3
LINGO2	AFF2
LINGO2	ADCY8
LINGO2	AC087280.2
LINGO2	SOX5
LINGO2	OTOGL
LINGO2	LINC02306
LINGO2	LINC02296
LINGO2	B4GALT6
DNAJA1	CEBPZ
DNAJA1	PPID
DNAJA1	MOCS2
DNAJA1	HSP90AB1
DNAJA1	DNAJB6
DNAJA1	AC073655.2
DNAJA1	ZNF512B
CHMP5	SPIN4
AL356489.3	AL356489.2
PRSS3	DHRS3
PRSS3	AC239800.3
PRSS3	AC006064.4
PRSS3	KCNJ12
PRSS3	SAMD14
RPP25L	AL163051.1
DCTN3	PMM1
STOML2	ERAL1
FAM214B	FAM13A
FAM214B	GNRH1
FAM221B	AC008945.1
FAM221B	AC010336.1
SPAAR	AL137145.1
SPAAR	SLC14A2-AS1
SPAAR	ODF3L2
GLIPR2	PQLC3
ANKRD18A	FAM95C
ANKRD18A	CNTNAP3
CNTNAP3	FAM201A
CNTNAP3	BX088645.1
GLIDR	SNHG27
ANKRD20A4	FAM95B1
CBWD5	CBWD1
ANKRD20A3	ANKRD20A4
AL161457.2	FAM3C
TJP2	NBPF20
TJP2	AC091959.3
TJP2	UCKL1
APBA1	Z99758.1
APBA1	C2orf27B
APBA1	LINC00607
APBA1	EXOSC7
APBA1	GMDS
APBA1	GFRAL
APBA1	GINS4
APBA1	ZNF618
APBA1	REC8
APBA1	AC091132.5
APBA1	NSF
APBA1	AC091062.1
APBA1	ASXL3
APBA1	MFNG
AL353693.1	LINC01317
AL353693.1	MAP3K19
AL353693.1	IL20RB-AS1
AL353693.1	AC025244.1
AL353693.1	AC010343.3
AL353693.1	AC119150.1
AL353693.1	DCDC2
AL353693.1	IL16
AL353693.1	RMI2
AL353693.1	SLC52A1
AL353693.1	BRIP1
AL353693.1	LAMA1
AL353693.1	CATSPERD
AL353693.1	BPIFC
AL353693.1	CELSR1
MAMDC2	STOML2
TRPM3	MARCH11
TRPM3	GABRA6
TRPM3	ABCC9
CEMIP2	B4GALT1
CEMIP2	FAM206A
CEMIP2	PPP1R36
CEMIP2	AC106779.1
CEMIP2	PPDPF
GDA	DPYSL3
GDA	SLIT1
TMC1	PCTP
RORB	RORB-AS1
TRPM6	SPOCD1
TRPM6	DPYD
TRPM6	EIF4E3
TRPM6	PCCB
TRPM6	GRIK4
TRPM6	SLC16A7
TRPM6	ZNF382
PCSK5	SYNE2
PCA3	AC104461.1
PCA3	AC010890.1
PCA3	FOXP1-AS1
PCA3	ZBTB20-AS1
PCA3	SLC2A2
PCA3	TMPRSS11D
PCA3	WDFY3-AS1
PCA3	OSMR
PCA3	AL591242.1
PCA3	AC006145.1
PCA3	SLC13A4
PCA3	AL035427.1
PCA3	PAPPA
PCA3	AP003096.1
PCA3	GRID1-AS1
PCA3	AC012464.1
PCA3	ZC2HC1C
PCA3	AC007014.1
PCA3	AC009060.1
PCA3	AC004253.1
PCA3	AC124283.1
PCA3	AL117381.1
PCA3	AL031663.3
PCA3	SYCP2
GNA14-AS1	GNA14
TLE4	PPP1R2
TLE4	KIF24
TLE4	ZNF32-AS3
TLE4	B3GLCT
TLE4	RPS6KL1
TLE4	AC145285.6
TLE4	DUSP18
AL354733.3	AP002075.1
C9orf153	AC106795.3
C9orf153	GOLM1
C9orf153	C14orf178
GAS1RR	AC083798.2
DAPK1	AL445433.2
DAPK1	GFRA1
DAPK1	RAB26
DAPK1	MGAT5B
SEMA4D	MXD3
SEMA4D	GEMIN2
SEMA4D	OSBPL1A
LINC01508	AL078612.1
SYK	CTSS
AL158071.4	AC119674.2
ASPN	OGN
ASPN	ECM2
PTPDC1	MPZL1
AL158152.2	ZNF571
AL158152.2	MIRLET7BHG
FBP1	AC074031.1
AL353768.1	AL158829.1
FANCC	FBXO2
FANCC	AC104836.1
FANCC	KIF26B
FANCC	E2F6
FANCC	AC005041.1
FANCC	KCNIP3
FANCC	AC009299.3
FANCC	ITIH4
FANCC	CHDH
FANCC	UBE2D4
FANCC	CPQ
FANCC	AL158071.4
FANCC	AL158071.5
FANCC	COL27A1
FANCC	HRASLS5
FANCC	MNS1
FANCC	LINC00926
FANCC	AC087164.1
FANCC	GIPR
FANCC	ZNF211
FANCC	SLC25A18
FANCC	IFT27
PTCH1	MORF4L2-AS1
AL449403.2	AC100801.1
HSD17B3	SARS2
SLC35D2	MCUB
SLC35D2	AIF1L
SLC35D2	VAV2
CDC14B	OSBPL9
CDC14B	CEP19
CDC14B	SH3PXD2B
CDC14B	COQ3
CDC14B	SAMD9
CDC14B	AL683813.1
CDC14B	TCF7L2
CDC14B	GREM1
CDC14B	CPNE2
CDC14B	ZNF792
CDC14B	MRAP
MFSD14C	SLC16A1-AS1
MFSD14C	IDUA
MFSD14C	AC138035.1
MFSD14C	FAM174B
MFSD14C	UNK
MFSD14C	MIR646HG
MFSD14C	BORCS8-MEF2B
MFSD14C	B9D2
MFSD14C	CECR2
GABBR2	EPHX4
GABBR2	MARC2
GABBR2	STAT4
GABBR2	JAKMIP1
GABBR2	ANKRD33B
GABBR2	RGS7BP
GABBR2	CAMK2B
GABBR2	ACTL6B
GABBR2	PCSK2
GABBR2	SEZ6L
ANKS6	AC078850.2
ALG2	KCNK6
AL137067.1	AL358933.1
AL359710.1	LINC02427
AL359710.1	TCIRG1
AL359710.1	HELZ2
MRPL50	MRM3
GRIN3A	TDRD5
GRIN3A	DENND1B
GRIN3A	IQCM
GRIN3A	AL512380.2
GRIN3A	IQANK1
GRIN3A	AL353626.1
GRIN3A	GCNT1
GRIN3A	PCED1B
GRIN3A	ACSS3
GRIN3A	SGCG
SMC2-AS1	AL135999.1
FKTN	WDR35
FKTN	CLHC1
FKTN	MFAP3
FKTN	WARS
FKTN	TTC23
AL807761.4	MDFIC2
AL807761.4	CCDC192
AL807761.4	AC073569.2
AL807761.4	AL137779.1
AL807761.4	ZNF341-AS1
PALM2	ROR1
PALM2	NAAA
PALM2	CTNND2
PALM2	LINC00461
PALM2	FAM196B
PALM2	PALM2-AKAP2
PALM2	CDH23
PALM2	OSBPL1A
PALM2	ASPDH
PALM2-AKAP2	TPRG1
PALM2-AKAP2	ADD1
PALM2-AKAP2	PRR18
PALM2-AKAP2	DENND2A
PALM2-AKAP2	MVK
PALM2-AKAP2	CPB2-AS1
PALM2-AKAP2	ZNF18
SVEP1	OSTF1
MUSK	TRIM61
MUSK	DDX4
MUSK	DLEU7
MUSK	ATAD5
LPAR1	MIR181A1HG
LPAR1	SLC26A9
LPAR1	DUSP10
LPAR1	TMEFF2
LPAR1	VIPR1-AS1
LPAR1	GRAMD2B
LPAR1	POP1
LPAR1	KAT6B
LPAR1	DCLRE1A
LPAR1	LINC02284
LPAR1	AL049839.2
LPAR1	EFL1
LPAR1	SDR42E2
LPAR1	KAT14
LPAR1	DHDH
LPAR1	CBS
ZNF483	AL359921.2
ZNF483	DCAF4
PTGR1	TSACC
PTGR1	AC132192.1
PTGR1	AC034102.4
PTGR1	AL512791.1
PTGR1	AC137932.3
C9orf84	MIRLET7DHG
C9orf84	EML3
C9orf84	LINC01534
SNX30	SPATA6
SNX30	KDM3A
SNX30	LIPT2
SNX30	TUBA1B
SNX30	TGFB3
SNX30	KLF13
SNX30	CNEP1R1
SNX30	CDC6
SLC46A2	GLIS2-AS1
AL139041.1	AL355304.1
AL139041.1	AL513190.1
ZNF883	AC126178.1
ZFP37	AL080317.1
ZFP37	AC010132.3
ZFP37	AC136944.2
ZFP37	AC015967.1
ZFP37	LENG8-AS1
C9orf43	CENPU
COL27A1	CDK2AP1
COL27A1	CCDC175
COL27A1	ADAMTS7
AKNA	ASIC1
WHRN	OSGIN2
ATP6V1G1	PPCS
ATP6V1G1	NIP7
DEC1	DCDC1
AL691420.1	SYTL4
ASTN2	LINC01315
AL133284.1	AC245427.1
AL133284.1	AL158207.2
AL160272.2	AL160272.1
BRINP1	RFTN1
CDK5RAP2	FAM114A1
CDK5RAP2	AL355297.3
CDK5RAP2	ZNF394
CDK5RAP2	MOSPD3
CDK5RAP2	CTTNBP2
CDK5RAP2	ELMO2
CDK5RAP2	AC008764.6
CDK5RAP2	TIAM1
FBXW2	SNRK
FBXW2	AC068896.1
FBXW2	MDM1
FBXW2	NEDD1
FBXW2	TSEN54
FBXW2	ZNF45
B3GNT10	AL139317.3
TRAF1	MYBPHL
C5	AC002451.1
NDUFA8	RFK
NDUFA8	TOR1A
NDUFA8	GOT1
LHX6	C15orf59
AL359636.1	CIB2
ZBTB26	TBCCD1
DENND1A	MATR3
DENND1A	AFG1L
DENND1A	ZFAT
DENND1A	LMO7
DENND1A	AC055855.2
DENND1A	CTNNBL1
DENND1A	TTI1
DENND1A	ZNF433
RPL35	AL445490.1
RPL35	AGO1
RPL35	AL355306.2
RPL35	USP39
RPL35	NSUN7
RPL35	UGT2B7
RPL35	AC099520.1
RPL35	RPP21
RPL35	AL138733.1
RPL35	AC092100.1
RPL35	GATAD1
RPL35	XG
RPL35	CHRNB3
RPL35	CPA6
RPL35	CASC11
RPL35	DAPK1
RPL35	LINC01499
RPL35	TECTB
RPL35	AC089987.2
RPL35	HNRNPA1
RPL35	RNASE10
RPL35	LINC02307
RPL35	AC012322.1
RPL35	ITGAE
RPL35	GABARAP
RPL35	SLC47A1
RPL35	AC005208.1
RPL35	LINC01478
RPL35	AC113137.1
RPL35	CCDC9
RPL35	SCAF1
RPL35	AC012313.1
RPL35	AP000561.1
RPL35	ERG
HSPA5	PDIA6
HSPA5	MANF
HSPA5	HSP90B1
HSPA5	HERPUD1
HSPA5	SDF2L1
HSPA5	CRELD2
MAPKAP1	DPH5
MAPKAP1	EDEM1
MAPKAP1	SLC10A7
MAPKAP1	SENP1
MAPKAP1	SRR
MAPKAP1	AC018761.2
PBX3	GOLIM4
PBX3	RAB3IP
MVB12B	SSBP3
MVB12B	POT1-AS1
MVB12B	ARHGAP22
MVB12B	CHADL
GARNL3	ARHGEF10L
GARNL3	SLC35D1
GARNL3	RFX5
GARNL3	METTL18
GARNL3	DGKD
GARNL3	COLQ
GARNL3	USP13
GARNL3	RGS12
GARNL3	FKBPL
GARNL3	PPARD
GARNL3	ARMC2
GARNL3	HDDC2
GARNL3	THAP5
GARNL3	CCDC136
GARNL3	AC009275.1
GARNL3	AC138696.2
GARNL3	AP000866.2
GARNL3	PPA1
GARNL3	PARP4
GARNL3	ZIC2
GARNL3	CDC42BPB
GARNL3	IQGAP1
GARNL3	MT1F
GARNL3	TSNAXIP1
GARNL3	ZNF350-AS1
GARNL3	CECR2
RPL12	AC012651.1
RPL12	ZNF70
RPL12	AP000350.5
DPM2	GORASP1
PTGES2	L34079.1
C9orf16	ABHD8
DNM1	CELF3
DNM1	ADD2
DNM1	CAMKV
DNM1	SPTAN1
DNM1	STX1B
DNM1	NRSN2
DNM1	TMEM74B
DNM1	PRR36
COQ4	NOMO2
SLC27A4	RPS6KA4
URM1	AC093673.2
AL359091.1	LSG1
AL359091.1	AC104078.1
AL359091.1	LCP1
AL359091.1	AL162377.1
AL359091.1	UTP4
CERCAM	LINC01618
CERCAM	GSN
CERCAM	AC120114.1
CERCAM	TMEM235
SET	HDGF
SET	SOWAHC
SET	ADO
SET	IRF2BP1
TBC1D13	KIAA0895L
ENDOG	USP5
SPOUT1	FAM189B
SPOUT1	ZNF185
SPOUT1	AC055822.1
SH3GLB2	LTC4S
SH3GLB2	AL022341.2
SH3GLB2	TMEM259
SH3GLB2	SBF1
SH3GLB2	ARSA
IER5L	SCN1B
AL158151.1	LINC00658
LINC01503	CKAP2L
FNBP1	TESK2
FNBP1	PLPP3
FNBP1	PIP5K1A
FNBP1	SH2D6
FNBP1	CNNM4
FNBP1	ITPR1-DT
FNBP1	LMCD1-AS1
FNBP1	SGO1
FNBP1	AC131235.3
FNBP1	ELOVL6
FNBP1	SELENOP
FNBP1	GALNT10
FNBP1	CENPQ
FNBP1	PNRC1
FNBP1	GPR146
FNBP1	PMS2
FNBP1	AC027644.4
FNBP1	AZGP1
FNBP1	TRPV6
FNBP1	ASMTL-AS1
FNBP1	PLS3
FNBP1	RAB39B
FNBP1	PSD3
FNBP1	OTUD6B-AS1
FNBP1	PTK2
FNBP1	EXD3
FNBP1	MTCH2
FNBP1	SIK3
FNBP1	VSIR
FNBP1	LDB3
FNBP1	FGFR2
FNBP1	LPCAT3
FNBP1	DNM1L
FNBP1	AC073896.1
FNBP1	GPN3
FNBP1	RASAL1
FNBP1	AL355338.1
FNBP1	AP4S1
FNBP1	PLEKHG3
FNBP1	PSEN1
FNBP1	GLDN
FNBP1	PDE8A
FNBP1	CTF1
FNBP1	AC137723.1
FNBP1	LDLRAD4
FNBP1	DNASE2
FNBP1	AC008537.1
FNBP1	POLR2F
NCS1	CLCA4
NCS1	SMYD2
AIF1L	LAMC3
AL157938.2	EFCAB14-AS1
AL157938.2	DPYD-AS1
AL157938.2	LINC01931
AL157938.2	NFE2L3
AL157938.2	UTP14A
AL157938.2	AC006064.2
AL157938.2	ELK3
AL157938.2	RASGRP1
AL157938.2	AC073167.1
AL157938.2	SLC16A3
AL157938.2	AP001011.1
AL157938.2	TMC4
AL157938.2	AL031846.2
AL157938.2	AP001439.1
AL157938.3	AL445686.2
AL157938.3	LINC01826
AL157938.3	SPDYE6
AL157938.3	AGAP9
UCK1	WDR24
RAPGEF1	UXS1
RAPGEF1	THAP4
RAPGEF1	AC104117.3
RAPGEF1	ZDHHC5
RAPGEF1	DPP3
RAPGEF1	MYPOP
SPACA9	AC007292.1
GFI1B	AC010255.3
GFI1B	LINC00964
GFI1B	LRRC56
RPL7A	RPS8
RPL7A	EEF1A1
RPL7A	AC007566.1
RPL7A	ABCF2
RPL7A	MYL6
RPL7A	RPS2
RPL7A	AC004448.2
RPL7A	KIF16B
RPL7A	RPL28
RPL7A	RPL3
RXRA	SP110
OLFM1	HOPX
OLFM1	GUCY1A1
OLFM1	PLK2
OLFM1	INA
KCNT1	LINC00951
KCNT1	RIPOR1
KCNT1	KCNQ2
NACC2	ZNF646
QSOX2	WRAP53
ENTR1	ANKRD13D
ENTR1	NTAN1
NALT1	AC114781.2
NALT1	AL589826.2
NALT1	AC002064.1
NALT1	NDUFB2-AS1
NALT1	GLOD5
NALT1	AC079209.1
NALT1	LINC02395
NALT1	C17orf64
AGPAT2	CYTOR
AGPAT2	CCDC120
FAM69B	CTSH
PHPT1	LSM4
EDF1	MRPL20
EDF1	IFI6
EDF1	UROD
EDF1	AL606760.2
EDF1	LAMTOR2
EDF1	ADSS
EDF1	PTRHD1
EDF1	IQCJ-SCHIP1
EDF1	TIMM17B
EDF1	TMEM187
EDF1	EXOSC4
EDF1	GPAA1
EDF1	INCENP
EDF1	COA4
EDF1	C12orf10
EDF1	AXIN1
EDF1	TRAPPC2L
EDF1	INCA1
EDF1	OXLD1
EDF1	SCAND1
EDF1	REX1BD
EDF1	ETFB
LCNL1	ERAP2
LCNL1	TMEM86B
PAXX	DXO
NPDC1	PSCA
DPP7	USF1
GRIN1	CHD5
GRIN1	TNNT2
GRIN1	SLC6A7
GRIN1	FBLL1
GRIN1	SLC29A1
GRIN1	EPHB6
GRIN1	SCRT1
GRIN1	KIFC2
GRIN1	KCNT1
GRIN1	PITPNM1
GRIN1	GOLGA7B
GRIN1	ARHGEF25
GRIN1	CEP170B
GRIN1	JAG2
GRIN1	CASKIN1
GRIN1	CPNE7
GRIN1	CORO6
GRIN1	TBKBP1
GRIN1	SEMA6B
GRIN1	ADAMTS10
GRIN1	LRP3
GRIN1	CACNA1I
GRIN1	MAPK12
GRIN1	MAPK11
SSNA1	GUK1
SSNA1	CORO1B
SSNA1	KNTC1
SSNA1	NUP85
SSNA1	DDX39A
SSNA1	ILVBL
SSNA1	PGLS
SSNA1	LIN7B
SSNA1	RPS19BP1
TUBB4B	TUBB
TUBB4B	VDAC3
TUBB4B	LINC01598
TUBB4B	AC245060.5
EXD3	D2HGDH
EXD3	C16orf95
EXD3	EXOC7
NOXA1	ACCS
NOXA1	AC069503.1
NOXA1	AL162377.3
NSMF	IRAK1
PNPLA7	LMF1-AS1
PNPLA7	TFAP4
CACNA1B	SEMA5B
CACNA1B	WNK2
CACNA1B	CFAP46
CACNA1B	KNDC1
CACNA1B	ASIC2
CACNA1B	ZFR2
CACNA1B	SPTBN4
IFITM3	LGALS3
RNH1	AL353194.1
MIR210HG	AL109615.3
CEND1	KIF17
RPLP2	RGL1
RPLP2	SNRPG
RPLP2	POLR1A
RPLP2	KANSL3
RPLP2	AC026979.2
RPLP2	RPS20
RPLP2	AF117829.1
RPLP2	RPL35
RPLP2	PSAP
RPLP2	SNHG9
RPLP2	MLYCD
RPLP2	ACSF3
RPLP2	EFCAB3
RPLP2	SNHG25
RPLP2	RPL38
RPLP2	ESF1
RPLP2	ZNF180
RPLP2	RPL13A
RPLP2	NDUFA3
RPLP2	AC004076.2
RPLP2	BRD1
PNPLA2	ALYREF
MRPL23	ZNF843
CD81	C1orf122
CD81	ATP6AP1
CD81	UBE2M
KCNQ1	AC011944.1
KCNQ1	DRC3
KCNQ1	RUNDC3A-AS1
KCNQ1OT1	PRELID2
KCNQ1OT1	AL392086.1
NAP1L4	IWS1
NAP1L4	LINC02275
NAP1L4	JAKMIP3
NAP1L4	ARGLU1
NAP1L4	ZNF200
NAP1L4	TMEM98
NAP1L4	NINL
CARS	STK40
CARS	HPCAL1
CARS	SLC1A4
CARS	UGCG
CARS	B4GALT5
OSBPL5	GRIA4
ZNF195	AL031772.1
AC127526.1	AP003716.1
PGAP2	HNRNPAB
PGAP2	PLXNA3
PGAP2	SCAMP5
PGAP2	YBEY
RHOG	VWA1
RHOG	PRAF2
TRIM5	LEMD1
TRIM22	AC008764.8
C11orf42	AL158840.1
C11orf42	AC098851.1
C11orf42	AC006449.3
C11orf42	AC008758.2
AC084337.2	ATP8B2
AC084337.2	BOLA3
AC084337.2	TMEM185B
AC084337.2	AL121944.1
AC084337.2	FAM85B
AC084337.2	AL354920.1
AC084337.2	CDK20
AC084337.2	ZBED5
AC084337.2	SERGEF
AC084337.2	KIF11
AC084337.2	C15orf65
AC084337.2	ADNP-AS1
AC084337.2	ZNF555
DNHD1	TBX19
DNHD1	ODAPH
DNHD1	AP002444.1
DNHD1	AC092745.1
DNHD1	ACBD4
DNHD1	AC068234.2
DNHD1	MFSD11
DNHD1	SCARF2
TPP1	SSRP1
SYT9	FBLIM1
SYT9	IGFLR1
SYT9	AP000345.2
CYB5R2	CDC20
RIC3	AC068631.1
TRIM66	CFAP70
RPL27A	ZBTB21
TMEM9B	C1orf53
TMEM9B	AC104187.1
TMEM9B	FAM174A
TMEM9B	ZNF674-AS1
TMEM9B	C13orf46
TMEM9B	APEX1
TMEM9B	MGAT2
AC132192.2	AC233280.1
AC132192.2	EID2B
AC132192.2	AC016027.1
AC011092.2	ZBTB20-AS5
AC011092.2	AC006042.2
AC011092.2	AC009365.3
AC011092.2	AL591684.1
AC011092.2	AC004034.1
AC011092.2	FBXO46
EIF4G2	PIGA
EIF4G2	NOLC1
EIF4G2	ZNF770
ZBED5	FLVCR1
ZBED5	ZC3H6
ZBED5	CCDC150
ZBED5	ZNF621
ZBED5	SYCP2L
ZBED5	ZSCAN9
ZBED5	HCG27
ZBED5	BZW2
ZBED5	AC072061.1
ZBED5	MTERF1
ZBED5	AL121601.1
ZBED5	INTS6L
ZBED5	NAIF1
ZBED5	CHID1
ZBED5	DNHD1
ZBED5	ZNF248
ZBED5	AC027808.1
ZBED5	AC005703.4
ZBED5	NT5M
ZBED5	Z98752.3
ZBED5	CDH26
ZBED5	SIRT6
ZBED5	AC008758.6
ZBED5	ZNF43
ZBED5	ZNF146
ZBED5	PRR34
ZBED5	AF165147.1
ZBED5	DONSON
DKK3	FAM213A
DKK3	RTN4R
MICAL2	NEK6
PARVA	CCDC68
TEAD1	RRBP1
BTBD10	DHDDS
BTBD10	GORAB
BTBD10	POLR1B
BTBD10	ATXN7
BTBD10	RINT1
BTBD10	TEX10
BTBD10	ZNF239
BTBD10	SP2
SOX6	SUSD5
SOX6	AC091212.1
SOX6	AC005332.5
SOX6	AQP4-AS1
PLEKHA7	LRP5
PLEKHA7	AC134312.5
RPS13	RPS7
RPS13	DUSP28
RPS13	RPS4X
RPS13	RPL36AL
RPS13	AC016205.1
AC124798.1	CCDC189
USH1C	TRIM36
USH1C	RANBP17
USH1C	EGFR
USH1C	ITPR2
SERGEF	SLC9C1
SERGEF	ECT2
SERGEF	MALT1
SERGEF	EBF4
LDHA	CHI3L1
LDHA	IER5L
LDHA	PKM
LDHA	JPT1
PRMT3	FAM173B
PRMT3	KIAA0586
PRMT3	PRSS27
PRMT3	LINC01970
PRMT3	TRMT2A
NELL1	GHR
NELL1	PTCHD1
ANO5	CPNE8
AC104009.1	COX7B2
AC104009.1	AC121154.1
AC104009.1	AC093772.1
AC104009.1	PRLR
AC104009.1	C6
AC104009.1	CCDC69
AC104009.1	AL031963.1
AC104009.1	AC093655.1
AC104009.1	ASMT
AC104009.1	NXNL2
AC104009.1	MORN5
AC104009.1	MYOF
AC104009.1	NEURL1-AS1
AC104009.1	KRT8
AC104009.1	RNF17
AC104009.1	AC099508.2
AC104009.1	SHBG
AC104009.1	NLRP5
AC104009.1	SMC1B
SVIP	AL356488.3
SVIP	NOL7
SVIP	REXO4
SVIP	EVI2A
AC006299.1	CCDC171
AC006299.1	AC090092.1
AC006299.1	MFGE8
ANO3	AFAP1L2
LGR4	JADE3
LGR4	JAG1
BDNF-AS	AC021086.1
BDNF-AS	CYB5D1
IMMP1L	CPS1
IMMP1L	AC093827.5
IMMP1L	GSTCD
IMMP1L	TMEM209
IMMP1L	RAP2C-AS1
IMMP1L	CD163L1
IMMP1L	DPF1
AC131571.1	AL136985.1
KIAA1549L	FLRT2
KIAA1549L	ST8SIA3
NAT10	PDCD11
ABTB2	KCNA2
ABTB2	PLD5
ABTB2	AC005821.1
ABTB2	AC020909.2
ABTB2	MRPL39
SLC1A2	ETNPPL
PRR5L	AJAP1
PRR5L	PAFAH2
PRR5L	FAM20B
PRR5L	TMEM169
PRR5L	RPL37A
PRR5L	FAM47E-STBD1
PRR5L	CKMT2-AS1
PRR5L	ARHGEF37
PRR5L	FARS2
PRR5L	RCAN2
PRR5L	PREP
PRR5L	EPB41L2
PRR5L	DNAAF5
PRR5L	MVB12B
PRR5L	FBXW4
PRR5L	APPL2
PRR5L	AC026367.3
PRR5L	ZNF629
PRR5L	NKD1
PRR5L	ZNF728
PRR5L	LRFN1
C11orf74	MYCN
C11orf74	AL162274.2
LRRC4C	ASTN1
LINC01499	AC097382.2
LINC01499	DNAAF4
LINC01499	LIG3
LINC01499	AC021491.1
AC079917.1	AL137793.2
ALKBH3	TCTN1
PRDM11	AURKC
SYT13	PNMA6A
SYT13	KCNA1
SYT13	DDN
CHST1	ANKRD9
CHST1	GNB5
MAPK8IP1	TMEM201
MAPK8IP1	ADAMTS4
MAPK8IP1	FLNC
MAPK8IP1	EHD1
MAPK8IP1	AC099850.2
MAPK8IP1	SLC44A2
LRP4-AS1	GABPB2
LRP4-AS1	RNASEH2C
LRP4-AS1	C19orf47
LRP4	ATOH8
LRP4	AC004520.1
NR1H3	AP001831.1
SLC39A13	ULK3
PSMC3	FAM213B
PSMC3	CHI3L2
PSMC3	ZNF670-ZNF695
PSMC3	SNX17
PSMC3	GTF3C3
PSMC3	PDE6A
PSMC3	DDX41
PSMC3	NELFE
PSMC3	IDH3G
PSMC3	G6PD
PSMC3	LINC02175
PSMC3	SULT2A1
NDUFS3	FUNDC1
NDUFS3	PDZD11
NDUFS3	NT5C
NDUFS3	SNRPD1
NDUFS3	DNTTIP1
AGBL2	MORN3
PTPRJ	PARP10
PTPRJ	NTRK2
PTPRJ	PALM2
FOLH1	RAB11FIP5
FOLH1	AC025627.1
GLYAT	AC073842.1
AP002347.1	UCHL1-AS1
MS4A13	CTH
MS4A13	AC007389.3
MS4A13	LINC02492
MS4A13	FBXL14
MS4A13	SEL1L2
TMEM132A	SMS
AP003108.2	TAMM41
TMEM258	GAK
TMEM258	TXLNB
TMEM258	DDN-AS1
TMEM258	DOCK9
TMEM258	ADAT1
TMEM258	AC023983.1
TMEM258	GYS1
FADS1	FADS2
FTH1	ILF2
FTH1	ARIH2OS
FTH1	SERPINB9P1
FTH1	GPANK1
FTH1	TSC22D4
FTH1	MAGEH1
FTH1	TCEAL7
FTH1	SEC61B
FTH1	CUEDC2
FTH1	CD9
FTH1	MRPL51
FTH1	RNASE1
FTH1	AL627171.1
FTH1	TUFM
FTH1	ZNF426
B3GAT3	MIIP
B3GAT3	LGI4
HNRNPUL2-BSCL2	AC004223.3
GNG3	NBL1
GNG3	ANXA6
GNG3	F12
GNG3	ABRACL
GNG3	SLC26A4-AS1
GNG3	NOV
GNG3	CISD1
GNG3	CCDC184
GNG3	KRT17
GNG3	RAB3A
GNG3	SYT5
GNG3	YWHAH
GNG3	PVALB
GNG3	PCP4
POLR2G	AP004609.3
TMEM179B	CHCHD5
TMEM179B	MRM2
TMEM179B	SURF1
TMEM179B	FAHD1
TMEM179B	MYDGF
TMEM179B	DUS3L
NXF1	HDHD5
SLC3A2	FAAH2
SLC22A24	MARCOL
SLC22A10	AL139393.1
HRASLS5	AC009118.3
SPINDOC	LINC02128
MACROD1	RABL3
AP000721.2	FLRT1
STIP1	AC008074.1
STIP1	AC133528.1
STIP1	NSUN3
STIP1	EEFSEC
STIP1	P4HA2
STIP1	HSPA1B
STIP1	HEY2
STIP1	PLOD3
STIP1	BAG3
STIP1	PTGES3
STIP1	IFT81
STIP1	HSPH1
STIP1	AHSA1
STIP1	PIGB
STIP1	SENP8
STIP1	ETFA
STIP1	CCDC113
STIP1	JMJD6
STIP1	DNAJB1
STIP1	ZNF473
VEGFB	SFRP1
VEGFB	AP001453.1
VEGFB	MARCH9
FKBP2	AC009237.14
FKBP2	C4orf48
FKBP2	AL451165.2
FKBP2	FKBP1C
FKBP2	MS4A5
FKBP2	AC245033.2
FKBP2	CTU1
GPR137	FLAD1
GPR137	WDR45
CATSPERZ	TIRAP
TRMT112	PFDN2
TRMT112	SF3B6
TRMT112	ATRAID
TRMT112	BRK1
TRMT112	BRIX1
TRMT112	ZNRD1
TRMT112	PFDN6
TRMT112	SEC61G
TRMT112	ZNHIT1
TRMT112	SLC35A2
TRMT112	CFL1
TRMT112	ATP5MG
TRMT112	TMED2
TRMT112	ARF6
TRMT112	CYFIP1
TRMT112	ECI1
TRMT112	NXT1
TRMT112	GPX4
PRDX5	ZNF436
PRDX5	AMIGO1
PRDX5	UBL4A
PRDX5	INAFM2
PRDX5	CCDC32
PRDX5	UBL7
PRDX5	AP2S1
MAP4K2	MIGA2
MAJIN	GALNTL5
CDCA5	SERPINI2
FAU	TUSC2
FAU	CUTA
FAU	AC005076.1
FAU	BAG1
FAU	RPL7A
FAU	TAF10
FAU	DRAP1
FAU	RPLP0
FAU	RPLP1
FAU	ELOB
FAU	TMEM219
FAU	NDUFB7
FAU	TSEN34
CAPN1	TMEM220
NEAT1	LIX1
NEAT1	CHST1
MALAT1	WDR92
MALAT1	CNNM3
MALAT1	TBC1D1
SSSCA1	AC026471.2
RELA	CELSR2
RELA	AL355488.1
RELA	TGFBR2
RELA	AL356599.1
RELA	SPOUT1
RELA	LRRC8A
RELA	TMEM216
RELA	SF3B2
RELA	KLC2
RELA	E2F4
RELA	AC132872.1
RELA	SOX12
RELA	FSD1
RELA	PNPLA6
RELA	ZNF558
RELA	SAMD1
RELA	COLGALT1
RELA	GEMIN7-AS1
RNASEH2C	AC104506.1
CFL1	GLUL
CFL1	SNX17
CFL1	CCDC115
CFL1	IMP4
CFL1	RHOA
CFL1	POLH
CFL1	RAC1
CFL1	PPIA
CFL1	RNF26
CFL1	MLF2
CFL1	MRPL28
CFL1	EIF4A1
CFL1	LGALS3BP
CFL1	EEF2
CFL1	RAD23A
CFL1	RBM42
CFL1	SERTAD3
CCDC85B	ISG15
CCDC85B	TUBA1B
CCDC85B	SNU13
DRAP1	RWDD1
DRAP1	AC006333.2
DRAP1	RAB33A
DRAP1	PSMC4
BANF1	PSMG3
BANF1	MAF1
BANF1	FAM89B
BANF1	CTSF
BANF1	ARL6IP4
BANF1	NUDT16L1
BANF1	POLDIP2
BANF1	EIF1
BANF1	AC092069.1
BANF1	ISOC2
GAL3ST3	RTP5
GAL3ST3	PAQR9
GAL3ST3	IGFBP3
SF3B2	FAM53B-AS1
AP001107.1	AC069029.1
YIF1A	AC068282.1
YIF1A	ESM1
YIF1A	AL512598.1
TMEM151A	ELOVL1
TMEM151A	GJC2
TMEM151A	NACAD
TMEM151A	FAM131B
TMEM151A	LHPP
TMEM151A	PAQR4
TMEM151A	CDC42EP1
B4GAT1	CDK5
CTSF	YPEL3
RBM14-RBM4	FUT8-AS1
RBM14-RBM4	ZIM2-AS1
RBM4	ZNF26
RBM4	ZNF232
SYT12	TRIM54
SYT12	ISLR2
GRK2	COL7A1
POLD4	ARID3B
CARNS1	FAAH
CARNS1	SNRNP27
CARNS1	PCBP4
CARNS1	APBB3
CARNS1	TRIP6
CARNS1	APLN
CARNS1	NRBP2
CARNS1	CERCAM
CARNS1	SH3GLB2
CARNS1	EFS
CARNS1	PYGL
CARNS1	SPESP1
CARNS1	CCDC78
CARNS1	FAAP100
CARNS1	AL034549.1
RPS6KB2-AS1	EARS2
CORO1B	ZNF414
AIP	ALDH9A1
AIP	MRPS2
AIP	AC010422.3
CDK2AP2	CDKN2C
CDK2AP2	EPHX1
CDK2AP2	CCDC121
CDK2AP2	POLD2
CDK2AP2	RNASEH2C
CDK2AP2	LLPH
CDK2AP2	DHRS4L2
CDK2AP2	CHRNB1
CDK2AP2	ZNF524
GSTP1	PRDX1
GSTP1	MRPL9
GSTP1	METTL8
GSTP1	LSM2
GSTP1	SF3B5
GSTP1	TCEAL8
GSTP1	CYC1
GSTP1	FTH1
GSTP1	SERF2
GSTP1	PSMB6
GSTP1	CDKN2D
GSTP1	ECH1
GSTP1	RABAC1
GSTP1	RANBP1
NDUFS8	MTX1
CHKA	SLC19A2
CHKA	RNF135
AP002992.1	PPP4R1-AS1
AP003096.1	Z98884.1
AP003096.1	AC133550.1
ORAOV1	FCGR2A
AP002336.2	AGBL5
AP002336.2	AC022146.2
AP002336.2	ELAVL3
SHANK2	AC007388.1
DHCR7	AP002387.2
DHCR7	PICK1
AP002387.2	AL590637.1
LAMTOR1	SNX17
LAMTOR1	POC1A
LAMTOR1	FNTA
LAMTOR1	TSPAN31
LAMTOR1	FGF14-AS2
LAMTOR1	AC078909.1
LAMTOR1	TXN2
INPPL1	WNT2B
ARAP1	STRIP1
FCHSD2	TUBB2B
FCHSD2	AC022075.1
FAM168A	AL358472.2
PGM2L1	HK1
POLD3	MAATS1
RNF169	CLCN6
RNF169	NOP14
RNF169	COPS5
RNF169	MSS51
RNF169	SPATA5L1
ARRB1	PDIA5
ARRB1	PLXND1
ARRB1	AP000802.1
ARRB1	P3H3
ARRB1	GAS6
ARRB1	TMC8
ARRB1	FCHO1
RPS3	RPL15
RPS3	RPL29
RPS3	RPL24
GDPD5	VSIR
SERPINH1	HSPA6
AP002360.1	AC100793.2
EMSY	MRTO4
EMSY	PAPOLG
EMSY	RPP14
EMSY	PUS7
EMSY	SIRT3
EMSY	PATL1
EMSY	NFRKB
EMSY	DNA2
EMSY	RPAP3
EMSY	GPR135
EMSY	PTPN2
MYO7A	AC022826.2
MYO7A	AC015909.3
PAK1	CCNYL1
PAK1	KEAP1
AP003086.2	AL020995.1
AP003086.2	AL513327.1
AP003086.2	ZMYM4-AS1
AP003086.2	AL138787.2
AP003086.2	KDM4A-AS1
AP003086.2	AC095030.1
AP003086.2	AP4B1-AS1
AP003086.2	NIT1
AP003086.2	IPO9-AS1
AP003086.2	STPG4
AP003086.2	DGUOK-AS1
AP003086.2	AC019130.1
AP003086.2	CADM2-AS2
AP003086.2	FILIP1L
AP003086.2	PRMT9
AP003086.2	PRSS48
AP003086.2	AC096741.1
AP003086.2	AC011405.1
AP003086.2	DOCK2
AP003086.2	EHMT2-AS1
AP003086.2	SCUBE3
AP003086.2	AIMP2
AP003086.2	RPA3
AP003086.2	AC068533.3
AP003086.2	AC002429.2
AP003086.2	AC087071.2
AP003086.2	GSTK1
AP003086.2	WWC3-AS1
AP003086.2	ADGRG2
AP003086.2	AL133480.1
AP003086.2	MUSK
AP003086.2	AP003025.2
AP003086.2	AP003025.1
AP003086.2	IFIT3
AP003086.2	CC2D2B
AP003086.2	AC021054.1
AP003086.2	BCL2L14
AP003086.2	SLCO1B1
AP003086.2	PPFIA2-AS1
AP003086.2	FAM222A-AS1
AP003086.2	AC073592.1
AP003086.2	WASF3-AS1
AP003086.2	AL359706.1
AP003086.2	AL359317.2
AP003086.2	INO80-AS1
AP003086.2	AC012404.1
AP003086.2	AC015853.3
AP003086.2	AC091153.2
AP003086.2	AC135178.3
AP003086.2	AC104984.3
AP003086.2	AC011933.4
AP003086.2	ATP8B1
AP003086.2	UBOX5-AS1
AP003086.2	FO393401.1
AP003086.2	AC011478.1
AP003086.2	EDDM13
AP003086.2	SERPIND1
AP003086.2	IFNGR2
AP003110.1	AL023755.1
AP003110.1	AC009303.2
AP003110.1	ITGB5-AS1
AP003110.1	AL356277.3
AP003110.1	FAM221B
AP003110.1	LMX1B
AP003110.1	PRKG1-AS1
AP003110.1	AL731563.3
AP003110.1	ZNF20
TENM4	MMD2
TENM4	PPEF1
RAB30-AS1	LRRC8C-DT
RAB30-AS1	AC242426.2
RAB30-AS1	UMPS
RAB30-AS1	AC107214.1
RAB30-AS1	SAP30L-AS1
RAB30-AS1	AL035701.1
RAB30-AS1	AEBP1
RAB30-AS1	AC078846.1
RAB30-AS1	C5
RAB30-AS1	AL157400.3
RAB30-AS1	SNHG22
AP001767.3	RSPH14
AP002370.2	SYT2
AP002370.2	AC016909.2
AP002370.2	ZBTB20-AS3
AP002370.2	SPINK5
AP002370.2	AL513188.1
AP002370.2	MDC1-AS1
AP002370.2	AL035634.1
AP002370.2	AC004830.1
AP002370.2	GPR82
AP002370.2	ZNF7
AP002370.2	SNAPC4
AP002370.2	AC011092.2
AP002370.2	AP003086.2
AP002370.2	AP001783.1
AP002370.2	LRRTM3
AP002370.2	LINC02394
AP002370.2	AL359706.1
AP002370.2	AC022613.2
AP002370.2	AC099518.4
AP002370.2	AC092140.1
AP002370.2	LINC01572
AP002370.2	AC009163.1
AP002370.2	AC046158.1
AP002370.2	AC023389.1
AP002370.2	CRLF3
AP002370.2	AC015849.3
AP002370.2	AC015878.1
AP002370.2	KIZ-AS1
AP002370.2	AL133227.1
AP002370.2	AC006547.1
AP001825.1	SLC35F4
EED	ACTR8
CTSC	FGD6
GRM5	MAP3K21
GRM5	SLC4A10
GRM5	CIT
NAALAD2	NOX4
CHORDC1	AC093151.3
CHORDC1	ADCY10
CHORDC1	CFAP36
CHORDC1	PGAP1
CHORDC1	AC019068.1
CHORDC1	HSPA4
CHORDC1	POPDC3
CHORDC1	LINC01277
CHORDC1	ZMIZ2
CHORDC1	AL354793.1
CHORDC1	ZC2HC1A
CHORDC1	WDR31
CHORDC1	NFKB2
CHORDC1	CASP7
CHORDC1	PRIM1
CHORDC1	NHLRC3
CHORDC1	SUGT1
CHORDC1	FANCM
CHORDC1	ERI2
CHORDC1	PLCG2
CHORDC1	ABHD3
CHORDC1	CCDC117
CHORDC1	UBE2G2
FAT3	GRM7
FAT3	SORBS2
FAT3	ZNF112
GPR83	AL035409.1
GPR83	C11orf95
ANKRD49	NSA2
ANKRD49	POLM
ANKRD49	AC008741.2
AP001790.1	STIL
AP001790.1	NPIPB12
AP001790.1	AC135050.1
MAML2	EXTL2
AP003066.1	AL365255.1
AP003066.1	AC007091.1
CNTN5	RAVER2
CNTN5	NEXMIF
CNTN5	PRB2
CNTN5	SYT10
CNTN5	PTPRR
CNTN5	SLC24A4
CNTN5	CNGB1
CNTN5	GRIK1
CFAP300	TMEM238
DYNC2H1	ULK4
DYNC2H1	KIAA0753
PDGFD	AP002989.1
GRIA4	DTX4
MSANTD4	SOCS5
MSANTD4	ALG1L2
MSANTD4	LINC00574
MSANTD4	ZBTB10
MSANTD4	EED
GUCY1A2	MSRB3
GUCY1A2	SLITRK5
ALKBH8	ZNF28
ELMOD1	SLC9A7
ELMOD1	GABBR2
ELMOD1	RFPL1S
C11orf65	CAPN9
C11orf65	RNF32
C11orf65	BDNF-AS
C11orf65	AP001830.1
C11orf65	LPCAT4
C11orf65	AL035071.1
AP002444.1	AP003049.2
POU2AF1	SMIM8
POU2AF1	AP000787.1
BTG4	COLEC10
PPP2R1B	AL033530.1
PPP2R1B	AC093525.7
PPP2R1B	TAF4
CRYAB	APLP1
TIMM8B	POMGNT2
BCO2	AC036176.1
PTS	APH1B
PTS	AC138932.5
PTS	AC055811.2
PTS	GATD3A
AP002884.1	AC091946.1
AP002884.1	PTS
AP002884.1	POU2F2
AP000880.1	C1orf74
TMPRSS5	DRD2
AP000462.3	AC103563.7
AP000462.1	RHD
AP000462.1	AC015971.1
AP000462.1	AC092683.2
AP000462.1	LYG2
AP000462.1	AL023581.1
AP000462.1	AC005154.5
AP000462.1	AC092634.5
AP000462.1	CYP3A5
AP000462.1	LINC00513
AP000462.1	AC058791.1
AP000462.1	AC068389.4
AP000462.1	LRP4-AS1
AP000462.1	AC007622.2
AP000462.1	AC135586.2
AP000462.1	PCDH9-AS1
AP000462.1	AC013640.1
AP000462.1	ZNF793-AS1
AP000462.1	AC011481.1
SIK3	AC017083.1
SIK3	SVEP1
SIK3	DNM1L
CEP164	VASH2
CEP164	EFNB1
AP000892.1	AC007114.2
DSCAML1	TDRKH
DSCAML1	DNMT3A
DSCAML1	TTN-AS1
DSCAML1	PHYKPL
DSCAML1	PRR5L
DSCAML1	POU2F3
DSCAML1	SLX4IP
IL10RA	CSNK1A1L
IL10RA	AL136295.5
SCN2B	AC080162.1
PHLDB1	SCARA3
AP002954.1	FAM217A
AP002954.1	AL139393.2
AP003392.4	AARS2
CCDC84	AC012636.1
CCDC84	AL024508.2
CCDC84	OCRL
CCDC84	AC037459.2
CCDC84	ZW10
CCDC84	AL138963.1
CCDC84	L2HGDH
CCDC84	AC011511.1
RPS25	LAMTOR5
RPS25	DDX18
RPS25	NPM1
RPS25	ELOC
RPS25	SMIM27
RPS25	IFI27L2
RPS25	RPL23A
RPS25	RPL27
H2AFX	C1orf226
H2AFX	ZCCHC3
HINFP	CAPN10-DT
MCAM	NR4A2
MCAM	IRAK1BP1
AP003390.1	AL109910.1
ARHGEF12	DNMBP
GRIK4	OMG
AP004147.1	EMC10
SORL1	SCRN1
BLID	NAGA
AP000755.2	AP000755.1
CLMP	DNAH9
SCN3B	HPCAL4
SCN3B	GNG2
ZNF202	RPIA
VWA5A	NMI
VWA5A	PROS1
NRGN	FAM49A
AP000866.1	AC023632.2
HEPN1	ORMDL1
HEPN1	AC093668.2
HEPN1	RNH1
PKNOX2	LASP1
EI24	DOLPP1
EI24	CD2BP2
AP000842.2	DDX25
AP001993.1	IL1RL2
AP001993.1	LY86
AP001993.1	AP002991.1
AP001993.1	CBFA2T3
AP001993.1	AC004805.1
AP001993.1	MYL9
AP003481.1	TIMD4
AP003481.1	P2RY8
AP003481.1	SLC16A6
AP003481.1	PTGIS
ARHGAP32	CTSV
ARHGAP32	ADARB1
TMEM45B	MCHR2-AS1
TMEM45B	SERPINE1
TMEM45B	AC008060.3
TMEM45B	AC105031.2
TMEM45B	AC107973.1
TMEM45B	CLEC4C
TMEM45B	CIITA
TMEM45B	UPB1
AP002986.1	C6orf52
AP003486.1	SNX19
NTM	AP003025.2
NTM	AP003025.1
AP003025.2	AP003025.1
AP003025.2	AP000844.2
OPCML	CACNA1C
OPCML	HS3ST4
THYN1	AL021997.3
DIP2C	OSCP1
DIP2C	NFASC
DIP2C	KCNK3
DIP2C	HDAC4
DIP2C	EAF1
DIP2C	TEC
DIP2C	IRF2
DIP2C	SLC22A23
DIP2C	HIVEP1
DIP2C	HIVEP2
DIP2C	C6orf99
DIP2C	ELMO1
DIP2C	GRB10
DIP2C	AC016831.7
DIP2C	BHLHE22
DIP2C	GALNT18
DIP2C	AP003481.1
DIP2C	SGMS1
DIP2C	AL353719.1
DIP2C	CTBP2
DIP2C	DIP2B
DIP2C	CLMN
DIP2C	PRC1
DIP2C	AC010601.1
DIP2C	ARHGAP17
DIP2C	AC027045.2
DIP2C	MSI2
DIP2C	RPTOR
DIP2C	AL136531.2
DIP2C	PHACTR3
DIP2C	AC020911.1
DIP2C	TRPM4
DIP2C	ZNF749
DIP2C	PIWIL3
DIP2C	DYRK1A
AL358216.1	DLGAP1-AS1
ADARB2	ADARB2-AS1
KLF6	LMNA
KLF6	UCHL3
AKR1E2	AC010132.4
AL355303.1	CDC25C
AL355303.1	AL513123.1
AL355303.1	TP53TG1
AL355303.1	AP001458.2
AL355303.1	AC092131.1
ANKRD16	KMT5C
FBH1	TBC1D16
IL15RA	KPNA7
IL15RA	AC021736.1
PFKFB3	ASL
PFKFB3	CHAF1A
AL137145.2	CD81-AS1
AL137145.2	AC010616.1
AL137145.1	AC000058.1
AL137145.1	RAD21L1
PRKCQ	DHRS11
SFMBT2	TANC1
SFMBT2	FAM135B
SFMBT2	ZADH2
SFMBT2	BMP7
AL583859.2	SLCO4A1
CELF2	GRIA1
CELF2	PTPRZ1
CELF2	DENND3
CELF2	RAB27B
CAMK1D	NPAS2
CAMK1D	OSBPL10
CAMK1D	HRH2
CAMK1D	LRFN2
CAMK1D	SORCS3
CAMK1D	CDH22
CCDC3	ENDOU
AL157392.5	ABHD14A-ACY1
AL157392.5	AL391684.1
AL157392.5	AC010809.1
AC069544.1	ZNF252P-AS1
FAM171A1	SYNJ2
FAM171A1	KCNQ1OT1
AL607028.1	FAT2
HACD1	ADA
STAM-AS1	AL121672.2
CACNB2	GABRG1
CACNB2	CDH12
CACNB2	FAM153B
CACNB2	ZNF391
CACNB2	SLC16A10
CACNB2	NCR3LG1
CACNB2	PRMT8
CACNB2	GLS2
CACNB2	RFX4
PLXDC2	LRRC7
PLXDC2	HCN3
PLXDC2	FAT4
PLXDC2	PDGFRB
NEBL	OSBPL3
NEBL	STRIP2
PIP4K2A	PNO1
PIP4K2A	HADH
PIP4K2A	WDR55
PIP4K2A	AFDN
PIP4K2A	SLC35G5
PIP4K2A	DLG5
GAD2	DLX6-AS1
MKX	DNAJC5G
MKX	LY6E-DT
MKX	TRIM22
MKX	UBE2Q2L
ZNF438	ST7
ZNF438	RIPK2
ARHGAP12	KBTBD2
ARHGAP12	MAMLD1
ARHGAP12	LDLRAD3
CCDC7	AC016907.2
NRP1	TRAF5
CCNY	PPP1R12B
CCNY	SGCD
CCNY	METTL27
CCNY	SLC25A13
CCNY	CSGALNACT2
CCNY	TRAF3
CCNY	CPEB1
CCNY	NATD1
CCNY	BTBD17
CCNY	B4GALT5
CCNY	MCM5
CCNY	AC007325.4
AL117336.3	OTUD3
AL117336.3	CCDC28B
AL117336.3	PXYLP1
AL117336.3	CD4
AL117336.3	ALOX5AP
AL117336.3	RPGRIP1
AL117336.3	KNL1
AL117336.3	HP
AL117336.3	ZNF337
AL132657.1	AC074011.1
AL132657.1	SPAAR
AL132657.1	AP003498.1
AL132657.1	LINC01982
ZNF248	ZC3H6
ZNF248	CNPY1
ZNF248	AC097347.1
ZNF248	GABPB1-AS1
RET	BAALC-AS2
RET	C1R
RET	DNM1P35
ZNF32	AP002360.1
TMEM72-AS1	PCYOX1L
TMEM72-AS1	AC004834.1
TMEM72-AS1	RSPO4
TMEM72-AS1	TP53TG5
TMEM72-AS1	PEX11G
RASSF4	NNMT
ZNF22	AKIP1
ZNF22	ATXN7L3B
MARCH8	METAP1
NCOA4	ATXN7L3B
NCOA4	C12orf29
AL356056.1	NUTM2A-AS1
ZNF488	NSDHL
ARHGAP22	PHACTR1
WDFY4	GNMT
TMEM273	KLHDC8A
ERCC6	TFB2M
ERCC6	PAXIP1
ERCC6	NUDCD1
ERCC6	IL18BP
ERCC6	TMTC3
TIMM23B	AC026464.3
LINC00843	AC022400.6
SGMS1-AS1	SLC35G1
PRKG1	NHSL1
CSTF2T	MANEA
PCDH15	PCDH19
PCDH15	UBAC1
PCDH15	APBB1IP
PCDH15	FAM189A1
LINC00844	AC097534.2
LINC00844	PDGFRL
AL592430.1	AC068481.1
AL592430.1	AC025211.1
TMEM26	TMEM26-AS1
ZNF365	TIE1
ZNF365	YOD1
ZNF365	TM4SF19-AS1
ZNF365	RAB23
ZNF365	AL359715.1
ZNF365	NUDT18
ZNF365	GPR19
ZNF365	TNFSF13B
ZNF365	IQCH
ZNF365	ADAMTSL3
ZNF365	ZNF615
ADO	SLITRK2
ADO	MEX3C
AC024600.1	AC105389.2
AC024600.1	NCF1
CTNNA3	LINC00882
CTNNA3	C1QTNF3-AMACR
CTNNA3	KIF6
CTNNA3	AL589740.1
CTNNA3	PRTFDC1
CTNNA3	AC090517.4
MYPN	CFAP99
HKDC1	CRLF2
HKDC1	AC138904.3
TSPAN15	NQO2
PPA1	OLFML2B
PPA1	CHIT1
PPA1	UPP2
PPA1	DHX16
PPA1	PGRMC1
PPA1	SLC25A37
PPA1	CYB561A3
PPA1	AL049830.3
PPA1	AC009690.1
PPA1	PQLC1
NPFFR1	GOLPH3L
NPFFR1	CCNI2
NPFFR1	PPA1
VSIR	SLC6A9
VSIR	CEBPD
CHST3	ADCY3
CHST3	DCAF13
CHST3	PHF19
CHST3	RAB31
CHST3	BCL2L1
CHST3	BCR
CHST3	TOB2
SPOCK2	GPRIN1
ANAPC16	SLC16A1
ANAPC16	PFN4
ANAPC16	NMD3
ANAPC16	ARSK
ANAPC16	IL13RA1
ANAPC16	CXorf56
ANAPC16	BNIP3L
ANAPC16	DEAF1
ANAPC16	P2RX7
ANAPC16	SGSH
ANAPC16	NAPSA
ANAPC16	FAM118A
DDIT4	NPTX2
DDIT4	NDRG1
DDIT4	BNIP3
DDIT4	MT3
OIT3	AC003991.1
P4HA1	HIF1A-AS2
CHCHD1	COMMD8
CAMK2G	KIF21B
KAT6B	EML4
KAT6B	ABCA1
KAT6B	AP000766.1
KAT6B	AOC3
KAT6B	SHLD1
KAT6B	PHLDB3
RPS24	PRR13
RPS24	WRB
ZMIZ1	UBTD1
ZMIZ1	FGF22
AL132656.2	PIH1D2
AL135925.1	AC012306.2
AL135925.1	MANEA-DT
AL135925.1	CHCHD7
AL135925.1	AC132192.2
AL135925.1	AC025580.3
TSPAN14	CHRM5
SH2D4B	C1QTNF12
NRG3	AGBL4
NRG3	DPP10
NRG3	PDZRN3
NRG3	KCNQ5
NRG3	FRMPD4
NRG3	CSGALNACT1
NRG3	MMP16
NRG3	CELF2
NRG3	FAM155A
NRG3	CBLN2
GRID1	IQSEC1
GRID1	JAZF1
GRID1	COBL
GRID1	NEO1
GRID1	TRAPPC10
LDB3	PADI2
LDB3	TESK2
LDB3	AL591895.1
LDB3	FAM53A
LDB3	FAM111A-DT
LDB3	AL358790.1
LDB3	DMBT1
LDB3	AC008050.1
LDB3	SLC13A3
AC067750.1	AC090510.3
SNCG	HPCA
PAPSS2	SPON2
RNLS	KIAA0825
RNLS	CALN1
RNLS	GAS1RR
RNLS	AC068025.1
RNLS	TASP1
RNLS	PPP5D1
IFIT2	TMEM229A
IFIT3	AC104170.2
IFIT3	LHX4
IFIT3	AL606534.1
IFIT3	AC010894.3
IFIT3	CPO
IFIT3	AC139720.1
IFIT3	AC114939.1
IFIT3	NBAT1
IFIT3	BX890604.1
IFIT3	AC022872.1
IFIT3	FSD2
IFIT3	AC009120.4
IFIT3	AP000962.1
AL157400.3	TMEM9B-AS1
AL365434.2	AC096588.1
AL365434.2	CCDC152
FFAR4	MAS1
FFAR4	GYG2
FFAR4	CA8
RBP4	OCIAD2
RBP4	CTXN3
RBP4	FABP7
RBP4	HEY1
RBP4	CALB1
LGI1	MCF2
TBC1D12	UNC5B
TBC1D12	PCSK6
SORBS1	HOXD1
SORBS1	SPATS2L
SORBS1	ST3GAL1
SORBS1	AL591222.1
SORBS1	PDCL
SORBS1	TPM1
SORBS1	ZIM2
ENTPD1	CCDC178
ENTPD1-AS1	STX18-AS1
ENTPD1-AS1	RFX2
ENTPD1-AS1	ZNF491
AL365273.2	WDR12
AL365273.2	AC131934.1
ZNF518A	CKAP2
ZNF518A	EPOP
OPALIN	SLC7A11
OPALIN	PTN
PIK3AP1	MCTP2
SLIT1	VIPR1
AL355490.2	AL359915.1
PGAM1	PSMD2
PGAM1	PELI3
GOLGA7B	OBSL1
HPSE2	ALDH1A1
GOT1	POLR3F
SLC25A28	LINC00884
COX15	ZNF707
DNMBP-AS1	SH2D4B
DNMBP-AS1	AL034550.2
PKD2L1	LPAR2
SCD	FASN
MRPL43	ASPRV1
MRPL43	SUOX
MRPL43	ISCA2
MRPL43	NME3
MRPL43	AC074138.1
MRPL43	AC010326.2
POLL	ASB13
POLL	ACVR1B
POLL	PEX11A
POLL	PEMT
POLL	PGAP3
FBXW4	AC139887.2
FBXW4	STX18
FBXW4	FARS2
FBXW4	KSR1
CUEDC2	AP001816.1
CUEDC2	COMMD9
TRIM8	TMEM241
BORCS7-ASMT	CRY1
BORCS7-ASMT	DIO2
BORCS7-ASMT	KCNK15-AS1
NEURL1-AS1	CMTM2
NEURL1	SLC25A25
SH3PXD2A	CTDSPL
SH3PXD2A	FLNB
SH3PXD2A	PPP2R2C
SH3PXD2A	FRAT1
SH3PXD2A	FAM222A
SH3PXD2A	DAPK2
SH3PXD2A	ZNF208
SH3PXD2A	MYH9
SH3PXD2A	DIP2A
GSTO2	GVQW2
ITPRIP	RAMP2-AS1
SORCS1	COL24A1
SORCS1	COL21A1
SORCS1	AC004852.2
SORCS1	RGS20
SORCS1	HUNK
RBM20	EXPH5
RBM20	AC020911.2
PDCD4	CCDC61
TECTB	TTC39A
TECTB	RGPD4
TECTB	AC093802.1
TECTB	LINC01967
TECTB	IFT57
TECTB	AC004704.1
TECTB	LINC02365
TECTB	ITK
TECTB	BMP6
TECTB	AL445430.1
TECTB	NPSR1
TECTB	KCP
TECTB	RAB19
TECTB	SHOX
TECTB	RPL36A-HNRNPH2
TECTB	LINC01592
TECTB	AL162725.2
TECTB	AL353616.2
TECTB	GFI1B
TECTB	AC069287.1
TECTB	OR9Q1
TECTB	AP001528.1
TECTB	MMP20
TECTB	FLI1
TECTB	TEX49
TECTB	DAO
TECTB	OTX2-AS1
TECTB	AC087612.1
TECTB	ABCC6
TECTB	SPACA3
TECTB	LINC01524
TECTB	DNAAF3
TECTB	NLRP8
VTI1A	GDAP2
VTI1A	REN
VTI1A	C1orf35
VTI1A	EPC2
VTI1A	ATG16L1
VTI1A	SH3RF1
VTI1A	RAD50
VTI1A	LYRM4
VTI1A	PRIM2
VTI1A	UBE3D
VTI1A	CD99
VTI1A	SYT9
VTI1A	WDR25
VTI1A	AATF
VTI1A	MEOX1
VTI1A	CDH2
VTI1A	GALNT1
VTI1A	SDCBP2
VTI1A	PDCD5
ADRB1	GCNT4
ABLIM1	ARHGAP25
ATRNL1	LDB2
ENO4	PIGC
ENO4	LANCL1-AS1
ENO4	AC069549.1
ENO4	NUDT13
ENO4	AL139353.2
ENO4	EPN2-AS1
AC005871.2	DDR2
AC005871.2	LINC02363
AC005871.2	RNF43
AC005871.2	AP000322.1
RAB11FIP2	VAMP4
RAB11FIP2	BVES
RAB11FIP2	ZNF19
CASC2	C8orf37-AS1
NANOS1	AC090970.2
GRK5	WDR49
GRK5	PITPNC1
BAG3	FLNA
BAG3	NFIL3
BAG3	DACT3-AS1
INPP5F	LNX2
LINC01561	AP000265.1
WDR11-AS1	AL513550.1
FGFR2	SLC22A15
FGFR2	SEPT10
FGFR2	SH3BP5
FGFR2	ZNRF2
FGFR2	DAB2IP
FGFR2	SLC4A8
FGFR2	AC073612.1
FGFR2	SYCP3
FGFR2	AC023908.3
FGFR2	AC027097.1
ATE1	GTPBP10
ATE1	AC254562.3
AL731566.2	AL731566.1
OAT	DUT
ZRANB1	CDCP1
ZRANB1	NMBR
ZRANB1	EHBP1L1
ZRANB1	SLC46A3
ZRANB1	AC005943.1
ZRANB1	AXL
CTBP2	ZSWIM6
CTBP2	NAPRT
CTBP2	PRDM15
ADAM12	ACSL1
LINC00601	AL078639.1
LINC00601	CDC37
DOCK1	AC004594.1
DOCK1	KIAA1147
FAM196A	AC005253.1
TCERG1L	ARHGAP15
TCERG1L	HYAL1
TCERG1L	DGKG
TCERG1L	RCN3
TCERG1L	FAM227A
PPP2R2D	SNIP1
PPP2R2D	AC064836.3
PPP2R2D	ZDHHC11B
PPP2R2D	MRPL13
PPP2R2D	C9orf64
PPP2R2D	LINC02550
PPP2R2D	CFAP58
PPP2R2D	SCARB1
PPP2R2D	C18orf21
PPP2R2D	SS18L1
JAKMIP3	FZD8
JAKMIP3	GPT2
INPP5A	PACRG-AS3
INPP5A	IGF1R
NKX6-2	CAMK2N1
NKX6-2	CITED4
NKX6-2	CDKN1C
NKX6-2	JUND
KNDC1	VWA5B2
CALY	ARHGDIG
CALY	GNAS
CALY	EEF1A2
SCART1	SP140
SCART1	EXTL3-AS1
SCART1	CYP2E1
SCART1	AL355075.4
SCART1	WBP2NL
SCART1	HMGN1
CYP2E1	TMEM231
IQSEC3	EIF4E1B
SLC6A12	AC007406.4
AC021054.1	AC018462.1
AC021054.1	AC005037.1
AC021054.1	AC006160.1
AC021054.1	AC093535.1
AC021054.1	AL035588.1
AC021054.1	AC009686.1
AC021054.1	AP003392.1
AC021054.1	AP003390.2
AC021054.1	MYH11
AC021054.1	NPIPB6
AC021054.1	AC016493.1
AC021054.1	AC016588.2
AC021054.1	LMNB2
ADIPOR2	ABHD5
ADIPOR2	LIFR
ADIPOR2	TSC22D3
ADIPOR2	CTBP2
ADIPOR2	BCL2
CACNA2D4	LTB4R
LRTM2	ID4
LRTM2	CHRDL1
LRTM2	HRK
LINC00940	INTS6-AS1
LINC00940	AL049780.2
LINC00940	TRADD
FKBP4	VAMP3
FKBP4	PNRC2
FKBP4	MCL1
FKBP4	ZNF281
FKBP4	IRF2BP2
FKBP4	SPR
FKBP4	SNX3
FKBP4	TSPYL4
FKBP4	TSPYL2
FKBP4	AJM1
FKBP4	EIF4G2
FKBP4	RAB3IL1
FKBP4	EIF1AD
FKBP4	CDK2AP2
FKBP4	TTC12
FKBP4	TPT1
FKBP4	AHSA1
FKBP4	TRIM69
FKBP4	UBALD1
FKBP4	ARRB2
FKBP4	TOP3A
FKBP4	MPPE1
FKBP4	PTOV1
FKBP4	ST13
FKBP4	HSF2BP
TEX52	SLC16A12-AS1
TEX52	GMEB2
FOXM1	CLK2
TEAD4	TGFBR3
TEAD4	FOSL2
C12orf4	SNTN
C12orf4	WDR53
C12orf4	MTERF3
C12orf4	TGDS
AC007848.1	MRLN
ANO2	VWF
CD9	TUBA1A
TNFRSF1A	FCGRT
MRPL51	NCBP2-AS2
MRPL51	AC027644.3
MRPL51	FIS1
MRPL51	AC004839.1
MRPL51	NDUFAF8
MRPL51	ANAPC11
GAPDH	ENO1
GAPDH	TPI1
AC006064.4	MRVI1
NOP2	DND1
NOP2	AC009021.1
NOP2	AL031587.3
CHD4	AC024060.1
CHD4	RTP4
CHD4	ZNF300
AC006064.2	BICRA-AS1
LPAR5	LEFTY1
ZNF384	INPP5E
ZNF384	SRSF6
MLF2	RNF187
MLF2	AP2M1
MLF2	NAT8L
MLF2	AC098829.1
MLF2	TMEM25
MLF2	VPS18
MLF2	RAD23A
MLF2	MAP1S
MLF2	HSPBP1
MLF2	SLC25A1
PTMS	EFNA3
PTMS	HSPB8
CD4	ALPK1
CD4	AL121900.2
CD4	EFCAB8
GPR162	DLX1
GPR162	DISP2
GPR162	FMNL1
GPR162	BAIAP2
GPR162	SPEF1
GPR162	CEBPB
GPR162	OPRL1
GPR162	C2CD4C
TPI1	PTTG1
TPI1	PGAM1
TPI1	PKM
TPI1	SLC9A5
TPI1	PIN1
ENO2	EHD3
ENO2	CSPG5
ENO2	CRIP2
ENO2	TMEM59L
ATN1	DVL1
ATN1	SLC4A2
ATN1	MED12
ATN1	PCNX3
C12orf57	DNAJB9
C12orf57	THYN1
C12orf57	CBR3
C1R	AEBP1
CLSTN3	TDRP
CLEC4C	ZAP70
CLEC4C	LINC02525
SLC2A3	AK4
SLC2A3	ARC
FAM66C	EFCAB12
FAM66C	BST1
FAM66C	SOX4
FAM66C	AC073529.1
FAM66C	TCEAL1
FAM66C	TMEM254-AS1
FAM66C	GAS2L3
FAM66C	ZSCAN30
FAM66C	SDCBP2-AS1
FAM66C	CA11
FAM66C	AC003006.1
KLRG1	C14orf93
LINC00987	AC010175.1
LINC00987	LINC02367
LINC02470	CLEC2A
CLEC12A	EPAS1
CLEC12A	LINC02147
CLEC12A	MSI1
KLRD1	C7orf61
KLRC4-KLRK1	AC068775.1
STYK1	CD53
STYK1	LINC00839
PRH1	KIAA1024
LINC01252	AC244131.2
BCL2L14	AP001172.1
DUSP16	PAG1
AC008115.2	KY
AC008115.2	VWA8-AS1
CDKN1B	ASF1A
CDKN1B	IFIT5
CDKN1B	SF3A1
GRIN2B	NXPH1
GRIN2B	KCNJ6
H2AFJ	SCUBE2
PTPRO	KBTBD12
PTPRO	AC093607.1
MGST1	F3
AC007529.2	EDARADD
PIK3C2G	AC005775.1
PIK3C2G	RABL2B
AEBP2	AC118553.1
AEBP2	LINC01816
AEBP2	AC104806.2
AEBP2	ZSCAN16
AEBP2	RRAS2
AEBP2	AL365434.2
AEBP2	OGFOD2
AEBP2	AL590787.1
AEBP2	AL110118.2
AEBP2	AC090515.2
AC024901.1	LINC02398
LDHB	CCDC34
LDHB	HPS6
LDHB	KRAS
SOX5	SH3RF3
SOX5	ADGRV1
SOX5	MPP7
BCAT1	AC022294.1
BCAT1	ETS1
AC087239.1	C10orf142
RASSF8-AS1	ADA2
SSPN	SLC9B2
ITPR2	AC023051.1
AC023051.1	AC022509.2
AC023051.1	AC024145.1
FAR2	LINC01344
AC009318.1	AC009318.4
OVCH1-AS1	AC008966.2
OVCH1-AS1	MAP3K8
OVCH1-AS1	EIF3C
OVCH1-AS1	ITGB2
DDX11-AS1	DDX11
DNM1L	KLHL21
DNM1L	CDCA8
DNM1L	GPATCH2
DNM1L	LINC01376
DNM1L	GPR39
DNM1L	ICA1L
DNM1L	HESX1
DNM1L	SAMMSON
DNM1L	GFM1
DNM1L	AC108866.1
DNM1L	ZFYVE16
DNM1L	DTWD2
DNM1L	ZCCHC10
DNM1L	AL353759.1
DNM1L	AL031777.3
DNM1L	STK31
DNM1L	LINC01006
DNM1L	RECQL4
DNM1L	AP000763.3
DNM1L	PBLD
DNM1L	LIMA1
DNM1L	ATG14
DNM1L	UBFD1
DNM1L	FBXL19-AS1
DNM1L	AC138150.1
DNM1L	TRAPPC5
DNM1L	SPACA6P-AS
DNM1L	ASCC2
SYT10	CYS1
C12orf40	KAZN-AS1
C12orf40	AL445426.1
C12orf40	CNGB3
C12orf40	LINC02237
SLC2A13	SLC44A5
SLC2A13	CHSY3
SLC2A13	PKNOX2
SLC2A13	NT5DC3
PDZRN4	ABHD12B
PRICKLE1	GLRA3
TMEM117	WWC2
TMEM117	AL512622.1
NELL2	PLPPR4
NELL2	LMO3
NELL2	FOXG1
NELL2	HLF
SLC38A1	DMRTA2
SLC38A1	AL592287.1
SLC38A1	CADM2
SLC38A1	ST3GAL6
SLC38A1	ABTB2
SLC38A2	PRKAA2
SLC38A2	SLC44A3
SLC38A2	KCND3
SLC38A2	AL450992.2
SLC38A2	MSTO1
SLC38A2	AL590560.2
SLC38A2	RAB7B
SLC38A2	SLC5A6
SLC38A2	PCYOX1
SLC38A2	NFKBIZ
SLC38A2	QDPR
SLC38A2	PRIMPOL
SLC38A2	AC008771.1
SLC38A2	SOWAHA
SLC38A2	NME5
SLC38A2	GMNN
SLC38A2	AC019205.1
SLC38A2	TPD52L1
SLC38A2	HECA
SLC38A2	AC074351.1
SLC38A2	PEG10
SLC38A2	CLCN4
SLC38A2	RDH10
SLC38A2	FAM189A2
SLC38A2	PGAP2
SLC38A2	VEGFB
SLC38A2	SIPA1
SLC38A2	C11orf65
SLC38A2	PDSS1
SLC38A2	GSTO2
SLC38A2	PPTC7
SLC38A2	AL590096.1
SLC38A2	SPRY2
SLC38A2	GRTP1
SLC38A2	LRP10
SLC38A2	TMX1
SLC38A2	LINC02324
SLC38A2	AC005476.2
SLC38A2	TMED8
SLC38A2	GOLGA8M
SLC38A2	AC051619.5
SLC38A2	FEM1B
SLC38A2	TRIM47
SLC38A2	COLEC12
SLC38A2	TRIP10
SLC38A2	AC007666.1
SLC38A2	Z93930.2
PCED1B	PLCH1
AC004466.1	TMEM129
TMEM106C	KCNK9
PFKM	EGR3
PFKM	SSTR1
AC024257.1	AC092979.1
AC089987.2	FUCA1
AC089987.2	AC026412.3
AC089987.2	KLRG2
AC089987.2	DNMBP-AS1
AC089987.2	MAMSTR
CACNB3	AIFM3
TUBA1B	UBE2T
TUBA1B	NUDT6
TUBA1B	TUBB
TUBA1B	TUBB4B
TUBA1B	DBP
TUBA1A	SLC25A3
TUBA1C	RRP12
AC125611.4	AKR7A3
AC125611.4	LINC02046
AC125611.4	AC079949.2
MCRS1	LRRC14
MCRS1	GUCD1
FMNL3	SNX30
TMBIM6	CERS2
TMBIM6	NCSTN
TMBIM6	DUSP7
TMBIM6	SYPL1
TMBIM6	RAP2C
TMBIM6	GAS1
TMBIM6	DAZAP2
TMBIM6	VAT1
TMBIM6	SYNGR2
TMBIM6	PRELID3B
TMBIM6	TRIM28
NCKAP5L	ANKRD13D
BCDIN3D	AL121574.1
AC131157.1	ZC3H12A
AC131157.1	AL356289.1
AC131157.1	AL355310.3
AC131157.1	ERICH2
AC131157.1	AADACL2-AS1
AC131157.1	AC113386.1
AC131157.1	KIF25-AS1
AC131157.1	AC004835.1
AC131157.1	IDO2
AC131157.1	COL22A1
AC131157.1	AL359636.1
AC131157.1	AC079917.1
AC131157.1	C11orf88
AC131157.1	MFAP5
AC131157.1	SLC26A10
AC131157.1	LINC01234
AC131157.1	RBPMS2
AC131157.1	ZFP1
AC131157.1	AC008109.1
AC131157.1	OR7D2
AC131157.1	AC008554.1
AC131157.1	FPR1
LINC02395	AL031727.2
LINC02395	AC096711.3
LINC02395	AL121829.2
AQP6	FRMD6-AS1
GPD1	GMNC
GPD1	SAMD12-AS1
LIMA1	GLIDR
LIMA1	AC023790.2
LIMA1	USP50
LIMA1	TMEM161A
DIP2B	HSPB7
DIP2B	CLCA2
DIP2B	AC099568.2
DIP2B	ANKRD35
DIP2B	FALEC
DIP2B	WDR64
DIP2B	PXK
DIP2B	IGSF11
DIP2B	MBNL1-AS1
DIP2B	TENT4A
DIP2B	MEGF10
DIP2B	ARL10
DIP2B	SYNGAP1
DIP2B	TAF8
DIP2B	SYNCRIP
DIP2B	RRAGD
DIP2B	AC211476.2
DIP2B	CYP51A1-AS1
DIP2B	FAM120AOS
DIP2B	DENND1A
DIP2B	ST6GALNAC4
DIP2B	PPP2R1B
DIP2B	STT3A-AS1
DIP2B	AC025164.1
DIP2B	FBXL19
DIP2B	AL117332.1
DIP2B	BCL2L1
DIP2B	ALKBH6
DIP2B	AC002470.1
DIP2B	CHODL-AS1
METTL7A	AL445524.1
METTL7A	KIAA1211
METTL7A	PGBD1
METTL7A	PDK4
METTL7A	LINC00891
METTL7A	LPL
METTL7A	MICAL2
METTL7A	OR7C1
LETMD1	CCDC191
DAZAP2	NRAS
DAZAP2	BROX
DAZAP2	PDE12
DAZAP2	MAT2B
DAZAP2	PTP4A1
DAZAP2	PSMD10
DAZAP2	ZNF275
DAZAP2	CDKN1B
DAZAP2	RAB5B
DAZAP2	POLR2M
DAZAP2	ZNF768
DAZAP2	ZNF319
DAZAP2	NORAD
SMAGP	ZNF835
SLC4A8	GALNT6
SCN8A	N4BP2
ATG101	ZNF622
ATG101	ISOC1
ATG101	SLC3A2
KRT8	AC117473.1
KRT8	DPYS
KRT8	AL607028.1
KRT8	AC012409.2
KRT8	LINC01754
AC068888.1	ATP6V1E2
AC068888.1	SOD3
AC068888.1	ENTR1
AC068888.1	LINC02256
AC068888.1	AC005786.3
AC068888.1	LIPE-AS1
TNS2	LINC02526
TNS2	AC100786.1
IGFBP6	CIART
MFSD5	PPP1R16A
PFDN5	IPO4
PFDN5	CCDC106
C12orf10	ABHD11
ATF7	HCG18
ATF7	LINC00235
ATF7	AC004596.1
ATF7	ZNF607
AC023509.2	AC110491.2
AC023509.2	RAI1-AS1
AC023509.2	ERVH48-1
ATP5MC2	SATB2
ATP5MC2	TAF4B
CALCOCO1	SEMA4A
CALCOCO1	TRIM67
CALCOCO1	MXD4
CALCOCO1	AC018638.7
CALCOCO1	CA3-AS1
CALCOCO1	AL133342.1
HNRNPA1	FAM177B
HNRNPA1	AC009975.1
HNRNPA1	AC084824.5
HNRNPA1	SARNP
HNRNPA1	HNRNPA1L2
HNRNPA1	TLNRD1
AC079313.2	LINC01605
GTSF1	PPAT
GTSF1	LINC00500
GTSF1	AC106886.5
GTSF1	AL121845.1
GTSF1	FFAR3
PPP1R1A	C9orf116
TESPA1	KCNAB2
TESPA1	KCNV1
AC122685.1	TPTE2
ITGA7	SMYD5
AC009779.3	AC012442.1
AC009779.3	AF111169.3
CD63	SH3BP5-AS1
CD63	PSMA7
CD63	PAFAH1B3
RAB5B	ZNF687
RAB5B	CDK16
RAB5B	RAB1B
RAB5B	AC016957.2
RAB5B	SOX8
RPS26	GGACT
RPL41	SNHG8
RPL41	LINC01023
RPL41	OOEP
RPL41	TOMM7
RPL41	TERF2
RPL41	TINCR
RPL41	PCNT
MYL6	GSTM4
MYL6	WNK3
AC073896.1	TRIM32
PAN2	DEF8
PAN2	CAPS
PAN2	MLLT1
ATP5F1B	MPP1
PTGES3	CCT4
PTGES3	AC113383.1
PTGES3	HSPA9
PTGES3	CHORDC1
PTGES3	KCNE1
PRIM1	SKIL
ARHGAP9	FAM162B
MARS	MTHFD2
MARS	TOP1MT
MARS	DYNLRB2
DDIT3	PHKG1
KIF5A	SSBP4
DTX3	CXXC1
ARHGEF25	PLEC
SLC26A10	KIRREL1
B4GALNT1	KCTD12
B4GALNT1	CYB561
AC025165.2	HIPK4
AGAP2	CARMIL2
AGAP2	CBARP
AC020637.1	ELOVL2-AS1
LINC02388	DOCK8
AC108721.1	PRR26
FAM19A2	FAM102B
FAM19A2	OPN3
FAM19A2	COL5A2
PPM1H	AC105760.2
C12orf56	MIB2
LEMD3	ZBTB14
LLPH-DT	AL355297.4
IFNG-AS1	CREG2
IFNG-AS1	PDGFD
IFNG-AS1	GRIN2A
SLC35E3	GPX7
BEST3	AL359851.1
BEST3	SHISA6
BEST3	ICAM1
MYRFL	AC025263.2
KCNMB4	AC025569.1
KCNMB4	ITGB4
LGR5	SETD7
LGR5	LINC00536
LGR5	SMAD9
TPH2	IL10RA
TPH2	AC023055.1
TPH2	AC025287.3
AC090502.1	LDAH
AC090502.1	AC025180.1
AC090502.1	MID1
AC090502.1	PLPP5
AC090502.1	KDM4D
AC090502.1	POU2AF1
ATXN7L3B	DR1
KCNC2	GABRA4
KCNC2	GRIN2B
SYT1	ELAVL4
SYT1	GPM6A
SYT1	MEF2C
SYT1	GABRB2
SYT1	NRSN1
SYT1	TMEM130
SYT1	SYT13
SYT1	SCN3B
SYT1	CCND2
SYT1	NELL2
SYT1	DCLK1
SYT1	SYT4
SYT1	KCNB1
AC027288.3	IL12A-AS1
AC027288.3	AC093523.1
AC027288.3	PAWR
LIN7A	CACNA1E
LIN7A	RAI2
ACSS3	ZNF836
PPFIA2	RMDN2
PPFIA2	STOM
PPFIA2-AS1	DCDC2B
PPFIA2-AS1	LINC01856
PPFIA2-AS1	AC137630.2
PPFIA2-AS1	AC008883.1
PPFIA2-AS1	IL7
PPFIA2-AS1	AP000755.2
PPFIA2-AS1	PIAS4
CCDC59	KRTCAP3
CCDC59	AC079610.1
CCDC59	BTLA
CCDC59	TPRG1-AS1
CCDC59	MKL2
CCDC59	DGKE
AC089998.4	NLRP3
AC089998.4	PRSS51
AC089998.4	TYR
AC089998.4	LIPI
SLC6A15	FUT9
LRRIQ1	SPHKAP
LRRIQ1	GPR149
LRRIQ1	LINC01284
MGAT4C	LINC00299
MGAT4C	PTH2R
MGAT4C	SHROOM3
MGAT4C	LINC01202
MGAT4C	TRPM3
MGAT4C	RNF219-AS1
MGAT4C	DOK6
TMTC3	NUFIP1
POC1B	FGGY
POC1B	LINC01122
POC1B	LINC01102
POC1B	FTCDNL1
POC1B	NBEAL2
POC1B	MRPS30-DT
POC1B	REPS1
POC1B	CCDC170
POC1B	ZMAT1
POC1B	PLGRKT
POC1B	TMEM8B
POC1B	FOLH1
POC1B	PHYH
POC1B	MCRIP2
POC1B	AC002310.4
POC1B	FHOD1
POC1B	AC025048.4
POC1B	DZANK1
POC1B	CA11
POC1B-AS1	FAM66D
AC025034.1	LPCAT1
AC025034.1	CSRP2
AC025034.1	POC1B-AS1
CRADD	GALE
CRADD	FGD5
CRADD	AC091948.1
CRADD	IMMP2L
CRADD	BHLHB9
CRADD	AC009812.4
CRADD	AP000487.1
CRADD	PCF11-AS1
CRADD	AP000446.1
CRADD	RNF212B
CRADD	TEX22
CRADD	CSNK1G1
CRADD	CXCL16
CRADD	AC025682.1
CRADD	FAM210A
CRADD	AC022098.1
AC012085.2	ZBTB20-AS2
AC012085.2	GLIPR1L1
AC012085.2	AL161751.1
NDUFA12	MRPS18A
NDUFA12	AC130324.2
AC007513.1	CFAP54
LINC02453	MYCBPAP
TMPO-AS1	AL138885.3
SLC25A3	RWDD2A
SLC25A3	TRIL
SLC25A3	ATP5F1B
AC069437.1	RSAD2
AC069437.1	FBXL22
AC025265.2	MIR3681HG
AC025265.2	LINC01258
AC025265.2	LINC02388
AC025265.2	MYH13
AC025265.2	GRAP2
HSP90B1	PDIA4
HSP90B1	HYOU1
HSP90B1	PDIA3
HSP90B1	CALR
HSP90B1	AC012617.1
TXNRD1	LAPTM5
SLC41A2	EPB41
SLC41A2	ZBTB7C
SLC41A2	FBXO17
TCP11L2	ADAMTS5
PRDM4	SPTY2D1
ISCU	CHMP3
ISCU	PRDX3
DAO	LINC02269
DAO	LINC02346
DAO	TBC1D24
DAO	AC009283.1
MMAB	MVK
FAM222A-AS1	TTN
FAM222A-AS1	C1QTNF7
FAM222A-AS1	AC073343.2
ANKRD13A	MOV10
ANKRD13A	AC093901.1
ANKRD13A	EAF1-AS1
ANKRD13A	LARP7
ANKRD13A	AC005355.1
ANKRD13A	WDR91
ANKRD13A	CFAP300
ANKRD13A	C11orf1
ANKRD13A	OIT3
ANKRD13A	MMP21
ANKRD13A	TM7SF3
ANKRD13A	PLA2G15
CUX2	VWCE
CUX2	BTBD11
CUX2	CABLES1
AC002996.1	LGALSL
AC002996.1	URGCP
ALDH2	HS3ST5
RPL6	C4orf3
RPL6	TNKS1BP1
RPL6	COMMD6
RPL6	VTI1B
RPL6	USE1
RPH3A	AC135782.1
AC004551.1	AL691447.2
RASAL1	C7orf25
RASAL1	SLC8B1
RASAL1	HPN
AC089999.1	AC092118.1
PLBD2	CDCA4
SDS	TMEM212
SDS	LINC01410
SDS	GDF5
HRK	LRRC20
FBXW8	TARBP1
FBXW8	AC107214.2
FBXW8	PEX7
FBXW8	SYTL2
FBXW8	AC025283.3
KSR2	MERTK
KSR2	UTRN
KSR2	COL26A1
PEBP1	MRPL35
PEBP1	TMEM246
PEBP1	CKB
PEBP1	H3F3B
SUDS3	SUV39H2
BICDL1	SEC24D
BICDL1	HOMER1
BICDL1	C11orf80
BICDL1	AC024901.1
RPLP0	PES1
SIRT4	AC010487.3
COX6A1	FAM167A
DYNLL1	ATP6V0B
DYNLL1	PRADC1
DYNLL1	C3orf14
DYNLL1	EIF4A2
DYNLL1	AC109322.1
DYNLL1	SMC5-AS1
DYNLL1	PHPT1
DYNLL1	AP001160.2
DYNLL1	TPCN2
DYNLL1	UBB
DYNLL1	SDF2L1
DYNLL1	SOD1
CABP1	RIMS3
CABP1	PTPRN
CABP1	REEP2
CABP1	UNC5A
CABP1	WIPF3
CABP1	STX1A
CABP1	PRRG3
CABP1	ARHGEF17
CABP1	PSD
CABP1	PDE1B
CABP1	GALNT9
CABP1	RAB26
CABP1	STAC2
CABP1	ADAM11
CABP1	MATK
CABP1	GRIK5
P2RX7	NPIPA8
KDM2B	TRMT6
MORN3	SYNE4
HPD	HAS3
WDR66	MRPL16
MLXIP	MC1R
MLXIP	GATAD2A
AC026333.3	AC239798.2
AC026333.3	LINC00989
AC026333.3	RSPH10B
AC026333.3	AL031705.1
CCDC62	PTCH2
CCDC62	AC009404.1
CCDC62	AC139795.2
CCDC62	AC087289.3
CCDC62	SMIM11B
HIP1R	AL356488.2
HIP1R	DPH7
HIP1R	NOL3
HIP1R	ARHGEF1
ARL6IP4	NOA1
ARL6IP4	CYHR1
RILPL1	GRK4
RILPL1	ANKS6
RILPL1	SLC35E3
RILPL1	KDM2B
RILPL1	DNM2
RILPL1	MYO9B
RILPL1	TANGO2
NCOR2	HABP4
NCOR2	AMPD3
NCOR2	PRIMA1
NCOR2	PCSK6
NCOR2	AC092718.8
NCOR2	RAB11FIP4
NCOR2	TMEM104
NCOR2	AC087741.1
AC073592.1	OPN4
AC073592.1	AC087289.2
UBC	PGK1
AC095350.1	SMUG1-AS1
RAN	LAPTM4A
RAN	ITM2C
RAN	BRF2
RAN	TM2D2
RAN	ARPC5L
RAN	CHCHD1
RAN	VDAC2
RAN	NT5C3B
RAN	MYL12B
ADGRD1	TRIM7
ADGRD1	CES3
MMP17	FRY
AC131009.2	LINC00951
AC131009.2	NPR2
ULK1	TMA16
ULK1	WDR5
EP400	PPP1CB
EP400	OTULIN
EP400	SYT9
EP400	AC087294.1
GALNT9	ADGRA1
FBRSL1	ECE1
FBRSL1	PKD1
FBRSL1	GRAMD1A
GOLGA3	SLC26A11
GOLGA3	MIER2
GOLGA3	THAP8
AC127070.1	AL022157.1
ZNF26	PSMB9
ZNF140	PARP12
ZNF891	ZNF155
ZNF10	LBHD1
LINC00349	AP005901.2
AL355001.1	A1BG-AS1
AL355001.2	B3GALT4
CRYL1	TRIM46
CRYL1	AOAH
CRYL1	DNAJC22
SAP18	MED8
SAP18	FAM193A
SAP18	PDCD6
SAP18	EEF2KMT
SAP18	OSER1
SAP18	PPARA
SKA3	AC137579.1
MRPL57	SPRTN
MRPL57	POP5
ZDHHC20	PROM1
ZDHHC20	AC010099.4
ZDHHC20	ADAMTS8
ZDHHC20	LINC00539
AL136962.1	WFDC10B
AL136962.1	CCDC114
SACS	AC066613.2
PARP4	RIMKLA
AL590787.1	BX649632.1
WASF3-AS1	PPP1R17
USP12	ZBTB26
LINC02340	NOP14-AS1
LINC02340	ZNF658
LINC02340	CDNF
LINC02340	WAC-AS1
LINC02340	RBM26-AS1
RPL21	AC024230.1
GTF3A	MRPS15
GTF3A	CCDC84
GTF3A	AC009119.2
GTF3A	ZNF830
GTF3A	SPHK2
POMP	AC098850.3
MTUS2	FAM78B
LINC00427	AC090204.1
HMGB1	BUD13
HMGB1	PLD6
HMGB1	NDUFV2-AS1
USPL1	ZNF829
HSPH1	HSPD1
HSPH1	HSPA4L
HSPH1	SERPINH1
HSPH1	DNAJA4
FRY	FAM43A
FRY	CNTN1
FRY	FRY-AS1
N4BP2L1	GPRASP1
PDS5B	ZMYND12
PDS5B	ENSA
PDS5B	SOAT1
PDS5B	TSEN15
PDS5B	CRIM1
PDS5B	SNX25
PDS5B	ARL15
PDS5B	FEM1C
PDS5B	HSD17B8
PDS5B	STK38
PDS5B	SLC12A9-AS1
PDS5B	TCAF2
PDS5B	RPS6KA3
PDS5B	DOCK11
PDS5B	ATP11C
PDS5B	DNASE1L1
PDS5B	MCM4
PDS5B	MRPL15
PDS5B	PTBP3
PDS5B	PPFIBP2
PDS5B	AEBP2
PDS5B	DYRK2
PDS5B	AL157756.1
PDS5B	ABCC11
PDS5B	SCARF1
PDS5B	MAP2K4
PDS5B	BAHCC1
PDS5B	AP001269.4
PDS5B	MCM8
PDS5B	Z82190.2
AL138820.1	KLHL31
LINC00457	AC013553.4
LINC00457	KLHL11
CCNA1	FAM43B
CCNA1	FRMPD2
SMAD9	SLC10A6
CSNK1A1L	ATP6V1FNB
FREM2	TSPAN18
NHLRC3	RBKS
NHLRC3	AGA
NHLRC3	SLC43A1
NHLRC3	AOC2
AL354809.1	PSG8
MRPS31	ADGRF3
MRPS31	DUSP11
MRPS31	MIPOL1
KBTBD7	MCM7
KBTBD7	AC067838.1
KBTBD7	ZNF703
KBTBD7	KLRC4-KLRK1
NAA16	DDX20
NAA16	TMEM18
RGCC	NKAIN1
RGCC	SNX8
RGCC	IGSF1
RGCC	CCNB1IP1
VWA8-AS1	AC010883.1
VWA8-AS1	AP001059.1
DGKH	CDC14A
DGKH	SNORC
DGKH	SDK1
DGKH	SLC2A13
DGKH	TBC1D4
AL359706.1	AC244517.11
AL359706.1	AC100800.1
AL359706.1	AL139317.1
AL359706.1	ZNF213
AL359706.1	AF130417.1
TPT1	PRDX6
TPT1	CCNG1
TPT1	TCEAL9
TPT1	MRPL50
TPT1	MRPL21
TPT1	SERF2
LRRC63	CYP26B1
LINC01198	AC092903.2
AL138686.1	COX17
AL138686.1	AC091691.2
AL138686.1	ZNF14
SUCLA2-AS1	CEP83-DT
ITM2B	UNC50
ITM2B	TMEM14C
ITM2B	SFT2D1
ITM2B	PGRMC1
RCBTB2	AP001528.2
CAB39L	ADSS
CAB39L	AC011997.1
CAB39L	SPAG8
SETDB2	LRP12
FAM124A	FHIT
FAM124A	GATB
FAM124A	SH3TC2
FAM124A	REPS2
FAM124A	RHOXF1-AS1
FAM124A	PDCD4
FAM124A	TLN2
FAM124A	CA12
FAM124A	MAP2K6
FAM124A	CSTF1
FAM124A	DNM2
SERPINE3	GLRA2
SERPINE3	AP002812.2
SERPINE3	AC007619.1
AL162377.1	AC092142.1
NEK3	AL034417.3
NEK3	LYPLAL1-DT
NEK3	LBX2-AS1
NEK3	TNS2
NEK3	FBLN5
NEK3	AC005261.3
SUGT1	ITGB3BP
SUGT1	EFCAB7
SUGT1	HIST1H2AC
SUGT1	AKAP17A
SUGT1	NXF5
SUGT1	TLE4
SUGT1	SLC2A6
SUGT1	HMGB1
SUGT1	AL162171.2
SUGT1	ABCA8
PCDH8	CARTPT
PCDH8	KCNS2
PCDH8	RTN4RL2
PCDH8	AKAP5
DIAPH3	CASP8
PCDH9-AS1	AC114947.2
PCDH9-AS1	HEPN1
PCDH9-AS1	PCDH9-AS3
PCDH9-AS1	AC020661.2
PCDH9-AS2	IPO9-AS1
PCDH9-AS2	AL596218.1
PCDH9-AS2	AC026202.2
PCDH9-AS2	AC018752.1
PCDH9-AS2	TRIM41
PCDH9-AS2	PDCD1LG2
PCDH9-AS2	GRK2
PCDH9-AS2	DNAJC9-AS1
PCDH9-AS2	AL133523.1
PCDH9-AS2	AL022322.2
PCDH9-AS4	AC093110.1
PCDH9-AS4	AC021915.2
PCDH9-AS4	AL354733.3
PCDH9-AS4	RAB5B
PCDH9-AS4	NAPA-AS1
AL355390.2	LINC02141
TBC1D4	HECTD2
COMMD6	DDO
COMMD6	AC073842.2
COMMD6	REXO2
COMMD6	ZNF440
LMO7	NEK11
LMO7	ALDH8A1
LMO7	POLD3
LMO7	LINC02170
LMO7	GTSE1-DT
RBM26-AS1	LINC02447
LINC00382	PANK1
SLITRK1	PPM1F
GPC5	PPP4R4
SOX21-AS1	SOX21
DZIP1	AC104964.4
DNAJC3-DT	SYCE1L
HS6ST3	LRRTM4
HS6ST3	GABRA2
HS6ST3	CDH18
HS6ST3	LY86-AS1
HS6ST3	DGKB
FARP1	SLC6A11
FARP1	MKX
DOCK9	LINC01355
DOCK9	LINC01135
DOCK9	AL162258.2
DOCK9	ANGPTL1
DOCK9	RND3
DOCK9	ITGA9
DOCK9	ACVR2B
DOCK9	GRAMD1C
DOCK9	CCL28
DOCK9	STARD4-AS1
DOCK9	ARL14EPL
DOCK9	SPOCK1
DOCK9	IER3
DOCK9	ATXN7L1
DOCK9	AC069120.1
DOCK9	AMDHD1
DOCK9	AC016597.1
DOCK9	DHRS13
DOCK9	MMP28
DOCK9	TUBB6
DOCK9	PSMG1
TMTC4	TRIM56
TMTC4	CRB2
TMTC4	SEH1L
FGF14	KHDRBS2
FGF14	KCNQ3
FGF14	KCNMA1
FGF14	CEP112
FGF14	AL391095.2
FGF14-AS2	AL606760.1
FGF14-AS2	TMPO-AS1
TPP2	RELB
CCDC168	AC092681.3
CCDC168	AC005225.2
ARGLU1	PARP3
ARGLU1	TRIM52
ARGLU1	TRIM73
ARGLU1	POLR3D
ARGLU1	AC009779.2
ARGLU1	LACC1
ARGLU1	FBXL8
ARGLU1	SRSF1
FAM155A	ST6GALNAC5
FAM155A	BRINP3
FAM155A	CNTN4
FAM155A	THRB
FAM155A	NR2F1-AS1
FAM155A	EFNA5
FAM155A	KCTD16
FAM155A	CARMIL1
FAM155A	PTCHD4
FAM155A	MPP6
FAM155A	OPCML
FAM155A	NEBL
FAM155A	FGF14
FAM155A	MIAT
IRS2	PCDHGA1
IRS2	ZMAT5
COL4A1	SEMA3D
COL4A2	GP6
ING1	C9orf40
TUBGCP3	ZNF595
TUBGCP3	ZNF141
TUBGCP3	MRS2
TUBGCP3	ZNF484
TUBGCP3	TDRD7
TUBGCP3	ZBTB25
TUBGCP3	ZNF407
AL139384.1	AC117382.2
AL139384.1	AC005091.1
ATP11A	PTP4A2
ATP11A	LINC00582
ATP11A	TMEM237
ATP11A	OXSM
ATP11A	SLC9A9
ATP11A	MAPK10
ATP11A	BYSL
ATP11A	FAM20C
ATP11A	APTX
ATP11A	PRMT3
ATP11A	PI4K2A
ATP11A	AC009318.2
ATP11A	FRMD6-AS2
ATP11A	AC130650.1
ATP11A	HSDL1
ATP11A	RAI1
ATP11A	AC243829.1
ATP11A	PRKCA
ATP11A	CTIF
ATP11A	APCDD1L
F10	AC079174.2
LAMP1	DCK
GRTP1	LOXL3
GRTP1	AC090825.1
TMEM255B	EBF2
GAS6	GAS6-AS1
GAS6	TMC8
AL355075.4	C1orf189
AL355075.4	CENPF
AL355075.4	DISP1
APEX1	SELENBP1
APEX1	SRSF2
APEX1	TIMM50
RNASE10	AC073957.1
RNASE1	SHISA4
RNASE1	GPR37L1
RNASE1	NENF
RNASE1	RETSAT
RNASE1	RAB32
RNASE1	ATP6V0E2
RNASE1	GJB1
RNASE1	RHOG
RNASE1	SMPD1
RNASE1	TMEM134
RNASE1	AL138762.1
RNASE1	TUBA1A
RNASE1	C17orf58
RNASE1	MIF4GD
RNASE1	PPP1R14A
NDRG2	AC009226.1
NDRG2	ADAT2
NDRG2	SLITRK1
RPGRIP1	AC122685.1
DAD1	AKR7A2
DAD1	HIST3H2A
DAD1	AL121658.1
DAD1	AC012360.3
DAD1	PRDX4
DAD1	AC084033.3
DAD1	KCTD4
DAD1	ITM2B
DAD1	SELENOS
DAD1	MED31
DAD1	AC127024.2
DAD1	KRT10
DAD1	PHB
DAD1	ATP9B
DAD1	SDHAF1
DAD1	FTL
DAD1	AL118516.1
HAUS4	MUC20
HAUS4	AC091057.3
C14orf119	NKAPD1
C14orf119	NOB1
LMLN2	AC242988.1
LMLN2	AL121890.3
BCL2L2-PABPN1	AL354707.1
PABPN1	TMEM177
PABPN1	ICOSLG
SLC22A17	LINC02572
EFS	CA14
CMTM5	TMEM125
CMTM5	ADAM15
CMTM5	PAQR6
CMTM5	AC012511.1
CMTM5	RBP1
CMTM5	ZFYVE28
CMTM5	TRMT10A
CMTM5	FAM229B
CMTM5	AC004982.2
CMTM5	AL139041.1
CMTM5	ARRDC1-AS1
CMTM5	CAT
CMTM5	SLC41A2
CMTM5	GPC5
CMTM5	AC007344.1
CMTM5	SEPT4
CMTM5	TYMS
CMTM5	RBBP8
CMTM5	COL9A3
THTPA	TICAM1
AP1G2	BRICD5
PSME1	AC021127.1
PSME2	NPIPA5
RABGGTA	HYI
RABGGTA	PORCN
SDR39U1	UBA5
SDR39U1	POLR2H
SDR39U1	PHF1
SDR39U1	TMUB1
SDR39U1	ARMCX3-AS1
SDR39U1	SLC52A2
SDR39U1	AL391834.2
SDR39U1	MEN1
SDR39U1	H2AFX
SDR39U1	THOC6
SDR39U1	CENPT
SDR39U1	DVL2
SDR39U1	AC026254.2
SDR39U1	DCXR
AL136018.1	AP001790.1
AL139023.1	ZKSCAN7
AL139023.1	DNMT3B
FOXG1-AS1	INHA
FOXG1-AS1	AC016717.2
FOXG1-AS1	SLCO4C1
FOXG1-AS1	AC016598.1
FOXG1-AS1	PKD2L1
FOXG1-AS1	NR2F2-AS1
FOXG1-AS1	C16orf96
FOXG1	AC239804.1
FOXG1	GRASP
LINC02327	FAM86B1
G2E3-AS1	AC012349.1
AL121852.1	SOX11
AL121852.1	ABCA13
AL121852.1	AC022784.7
COCH	AUNIP
COCH	AL033528.2
COCH	LINC01840
COCH	C6
COCH	LMNB1-DT
COCH	FKBP6
COCH	ABCB1
COCH	AP001372.1
COCH	AL355303.1
COCH	FBH1
COCH	AC022387.1
COCH	AC095350.1
COCH	PCK2
COCH	AC018845.1
COCH	AL049812.3
COCH	SLC25A42
AL139353.1	RNF2
AL139353.1	SUCLG2-AS1
AL139353.1	CNKSR3
AL139353.2	AL109761.1
AL136298.1	AL627309.1
AL136298.1	ROR1-AS1
AL136298.1	AC093879.1
AL136298.1	AC026746.1
AL136298.1	AL591767.1
AL136298.1	GPX2
AL136298.1	AC008056.1
AL136298.1	TAOK2
NFKBIA	PHLDA3
NFKBIA	CCNQ
NFKBIA	PLIN2
NFKBIA	FNBP1
NFKBIA	DHCR7
NFKBIA	DDIT4
NFKBIA	METTL7A
NFKBIA	RGCC
NFKBIA	PER1
NFKBIA	ARRDC2
AL162311.3	TMEM40
BRMS1L	ANTXR2
BRMS1L	FAT1
BRMS1L	HDAC9
BRMS1L	FIRRE
BRMS1L	LTBR
BRMS1L	SACS
LINC00609	ACTN2
LINC00609	LINC02511
LINC00609	ITGA2
LINC00609	RASGRF2
LINC00609	AC137770.1
LINC00609	TEAD3
LINC00609	AC027117.2
LINC00609	LURAP1L-AS1
LINC00609	USH1C
LINC00609	NRXN2
LINC00609	AL162511.1
AL162511.1	CDKL2
AL162511.1	TACR3
AL162511.1	AL589669.1
AL162511.1	BRMS1L
AL162511.1	PTCSC3
SLC25A21-AS1	UBAC2-AS1
LINC00517	FEZF1-AS1
LINC00517	LINC02338
AL392023.2	CLEC14A
SSTR1	SOSTDC1
LINC00639	CAV2
LINC00639	IFNA2
LINC00639	PLPPR1
LINC00639	AL392023.2
LRFN5	CPNE8
FANCM	DCAF4L1
LINC00871	CLCN5
LINC00871	ZNF385C
MDGA2	SGCZ
MDGA2	PAK5
RPL36AL	SYF2
RPL36AL	ZNF593
RPL36AL	COX7C
RPL36AL	EPB41L4A-AS1
RPL36AL	AC244090.1
RPL36AL	KAT5
RPL36AL	MRPL51
RPL36AL	ATP5MC1
CDKL1	C1orf94
CDKL1	AC245297.3
CDKL1	LINC00467
CDKL1	AC096642.1
CDKL1	RFX8
CDKL1	AC017074.1
CDKL1	KANSL1L
CDKL1	ATG4B
CDKL1	TCAIM
CDKL1	GLYCTK
CDKL1	AC112219.2
CDKL1	CIP2A
CDKL1	CORIN
CDKL1	PLK4
CDKL1	MAP9
CDKL1	CTSO
CDKL1	SNCAIP
CDKL1	HTR4
CDKL1	AC008610.1
CDKL1	PNISR
CDKL1	NCOA7
CDKL1	CCDC126
CDKL1	CLDN12
CDKL1	ANKRD7
CDKL1	GTPBP6
CDKL1	VEGFD
CDKL1	ADAM32
CDKL1	C8orf88
CDKL1	SLC26A7
CDKL1	C9orf153
CDKL1	MAN1B1-DT
CDKL1	AP002748.3
CDKL1	EMSY
CDKL1	TRDMT1
CDKL1	ST8SIA6
CDKL1	SGMS1-AS1
CDKL1	ZNF365
CDKL1	ANAPC16
CDKL1	HELLS
CDKL1	ABCC2
CDKL1	GRK5
CDKL1	APOLD1
CDKL1	CASC1
CDKL1	ETFBKMT
CDKL1	MARS
CDKL1	RXYLT1
CDKL1	CCDC62
CDKL1	IL17D
CDKL1	LINC01588
CDKL1	AC090518.1
CDKL1	AC245033.1
CDKL1	ADAMTSL3
CDKL1	CLDN9
CDKL1	AC073508.3
CDKL1	HSD17B1
CDKL1	PLEKHH3
CDKL1	AC005920.1
CDKL1	C17orf67
CDKL1	AC007114.1
CDKL1	AC015845.2
CDKL1	IMPACT
CDKL1	TAF4
CDKL1	ZSCAN1
CDKL1	FP565260.2
CDKL1	RUNX1
AL118556.1	PEX5L-AS2
AL118556.1	MLANA
AL118556.1	AC090510.1
AL118556.1	EFCAB13
AL358334.1	KCTD15
PYGL	ABHD12B
TMX1	AC018754.1
LINC00640	DNPEP
AL122125.1	AL732314.4
DDHD1	FBXO4
CDKN3	VEGFC
SOCS4	FBXO30
MAPK1IP1L	SLC27A5
DLGAP5	GNL2
TBPL2	RGPD3
AL355773.1	CLIC5
PELI2	AL139412.1
PELI2	TAGLN2
PELI2	AL353732.1
PELI2	AL157884.2
PELI2	PBX3
PELI2	DOCK6
AL161757.5	EIF6
OTX2-AS1	AC240565.1
AL161757.4	SMAP2
AL161757.4	RIPOR3
AL161757.4	LINC01837
ARMH4	LAPTM4B
PSMA3	MEGF8
DACT1	LINC01500
L3HYPDH	TTC25
AL157756.1	LINC01144
AL157756.1	MCOLN2
SYT16	NCALD
KCNH5	FNBP1L
RHOJ	EMID1
AL136038.3	LINC01952
AL136038.5	DENND2C
ZBTB25	ZNF527
ZBTB1	DRAXIN
ZBTB1	AL603840.1
ZBTB1	LINC01876
ZBTB1	MYO3B
ZBTB1	SLC15A2
ZBTB1	AC008581.2
ZBTB1	RIPK1
ZBTB1	ZNF318
ZBTB1	AL355353.1
ZBTB1	ARHGAP6
ZBTB1	GLOD5
ZBTB1	AC023866.2
ZBTB1	LINC01235
ZBTB1	RAPGEF1
ZBTB1	NALT1
ZBTB1	UCP2
ZBTB1	AC002070.1
ZBTB1	SLC24A1
ZBTB1	TRIM65
ZBTB1	ZNF426-DT
AL049869.3	AL139147.1
AL049869.3	GPSM1
AL049869.3	AC010320.3
HSPA2	ERMN
HSPA2	RGCC
HSPA2	CFL2
HSPA2	MAPRE1
PPP1R36	C1orf146
PPP1R36	AC108058.1
PPP1R36	AC007255.1
PPP1R36	AC121761.1
PPP1R36	AC026367.2
PLEKHG3	C16orf58
CHURC1-FNTB	ULK1
CHURC1-FNTB	AC110285.5
GPX2	AC021915.1
AL139022.1	AC092802.2
AL139022.1	AC008608.2
AL139022.1	ITPK1-AS1
AL139022.1	AC018904.1
AL139022.1	AC109597.2
AL139022.1	AC002116.2
LINC02324	DEF6
AL359232.1	MITD1
AL359232.1	C2orf69
AL359232.1	LIFR-AS1
AL359232.1	PNISR
AL359232.1	NPC1L1
AL359232.1	AC090114.2
AL359232.1	KLF8
AL359232.1	AZIN1-AS1
AL359232.1	SAXO1
AL359232.1	AC010761.2
CCDC196	GHRL
ATP6V1D	AGBL3
PLEKHH1	BX284668.6
PLEKHH1	SZT2
PLEKHH1	ZNF281
PLEKHH1	DDX59
PLEKHH1	LPGAT1
PLEKHH1	CNIH3
PLEKHH1	RHOU
PLEKHH1	MTR
PLEKHH1	SPDYA
PLEKHH1	CAPN13
PLEKHH1	TRAF3IP1
PLEKHH1	SLC6A1
PLEKHH1	LINC02019
PLEKHH1	DNAH1
PLEKHH1	SUCLG2
PLEKHH1	EEFSEC
PLEKHH1	TRIM59
PLEKHH1	AC092953.2
PLEKHH1	UVSSA
PLEKHH1	PACRGL
PLEKHH1	CCDC149
PLEKHH1	SCFD2
PLEKHH1	CXCL13
PLEKHH1	AC105383.1
PLEKHH1	NSUN2
PLEKHH1	LINC01184
PLEKHH1	P4HA2-AS1
PLEKHH1	PCBD2
PLEKHH1	AC022217.3
PLEKHH1	LINC01411
PLEKHH1	MOG
PLEKHH1	CEP57L1
PLEKHH1	ERMARD
PLEKHH1	LAT2
PLEKHH1	CASTOR3
PLEKHH1	TFR2
PLEKHH1	CYREN
PLEKHH1	CLCN1
PLEKHH1	ZNF777
PLEKHH1	AC004877.1
PLEKHH1	CDKL5
PLEKHH1	MED14
PLEKHH1	CHST7
PLEKHH1	LINC01560
PLEKHH1	RTL9
PLEKHH1	ERICH1
PLEKHH1	MTUS1
PLEKHH1	GEM
PLEKHH1	MTSS1
PLEKHH1	AL157937.1
PLEKHH1	NDUFB6
PLEKHH1	CKS2
PLEKHH1	AL359710.1
PLEKHH1	RGS3
PLEKHH1	FBXW2
PLEKHH1	APIP
PLEKHH1	PRR5L
PLEKHH1	ALKBH3
PLEKHH1	CFAP300
PLEKHH1	TECTA
PLEKHH1	CDK1
PLEKHH1	FAM149B1
PLEKHH1	NANOS1
PLEKHH1	BORCS5
PLEKHH1	INTS13
PLEKHH1	SMAGP
PLEKHH1	NDUFA4L2
PLEKHH1	POC1B
PLEKHH1	ANKRD13A
PLEKHH1	AC131009.2
PLEKHH1	ZNF140
PLEKHH1	NEK3
PLEKHH1	PNP
PLEKHH1	ENTPD5
PLEKHH1	SETD3
PLEKHH1	TUBGCP5
PLEKHH1	RPS27L
PLEKHH1	SLX4
PLEKHH1	DNAH3
PLEKHH1	LRRC29
PLEKHH1	NXN
PLEKHH1	NCBP3
PLEKHH1	ELAC2
PLEKHH1	LINC02094
PLEKHH1	C17orf80
PLEKHH1	AC110285.1
PLEKHH1	ZNF236
PLEKHH1	ACTR5
PLEKHH1	BCAS1
PLEKHH1	CD320
PLEKHH1	AC011474.2
PLEKHH1	DPY19L3
PLEKHH1	WDR62
PLEKHH1	ZNF570
PLEKHH1	SERTAD1
PLEKHH1	NECTIN2
PLEKHH1	BBC3
PLEKHH1	ZNF606
PLEKHH1	PCAT14
PLEKHH1	CABIN1
PLEKHH1	JAM2
PIGH	OSGEPL1
PIGH	STX19
PIGH	BBOF1
ARG2	AL031731.1
RAD51B	AC114811.2
RAD51B	SUGCT
PLEKHD1	FAM220A
TTC9	PIK3R3
MAP3K9	ANK1
MAP3K9	SMPD3
MAP3K9	ONECUT2
MAP3K9	TOX2
RGS6	PRRX1
RGS6	CNTNAP3B
RGS6	TRIM14
RGS6	PITPNM2
RGS6	SMAD3
RGS6	LRRK1
DPF3	CENPP
PSEN1	C1orf159
PSEN1	LINC00342
PSEN1	PPP2R2B
PSEN1	HMGA1
PSEN1	DAAM2
PSEN1	FAM71F2
PSEN1	MFSD14C
PSEN1	NTNG2
PSEN1	ING1
PSEN1	TNFRSF12A
PSEN1	ZNF500
PSEN1	AFMID
PSEN1	RNF125
PSEN1	GAREM1
PSEN1	KIF3B
PSEN1	PXMP4
PSEN1	CEBPG
HEATR4	AL139424.3
HEATR4	TMEM53
FAM161B	MFAP1
NPC2	TCEAL9
NPC2	CDKN2A
NPC2	DHX37
NPC2	LAMP1
NPC2	PSME1
NPC2	CIB1
FOS	DTX3L
FOS	NLRC5
FOS	GFAP
FOS	GADD45B
FOS	JUNB
FOS	ZFP36
AC007376.2	AC008050.1
AC007376.2	ZNF710-AS1
AF111169.3	AC016394.2
AF111169.3	AC073655.1
AF111169.3	AC004846.2
LINC02288	IL26
TMED8	NUDT19
AHSA1	CACYBP
AHSA1	LEKR1
AHSA1	ETFA
ISM2	AC011306.1
AC022469.2	AC093158.1
AC022469.2	AP001178.3
AC022469.2	L3MBTL4-AS1
AC008056.1	EDNRA
AC008056.1	AC008056.2
STON2	TMEM163
FLRT2	PRKAR2B
LINC02316	LINC02328
KCNK10	CD200
KCNK10	MMP17
TTC8	EML5
EFCAB11	LTBP1
EFCAB11	TDP1
EFCAB11	TRPM1
TTC7B	OTUD1
CCDC88C	TLE1
CHGA	EMX1
CHGA	RASD1
CHGA	NEFH
ITPK1	PXDC1
UNC79	AC006059.1
PRIMA1	LIMD1
ASB2	AL359764.1
IFI27L2	NOL9
IFI27L2	DUSP23
IFI27L2	SOD2-1
AL049839.2	AL353708.2
AL049839.2	AL354733.1
DICER1-AS1	C2orf73
DICER1-AS1	KCNMB3
DICER1-AS1	FBXO24
CLMN	AC079610.3
CLMN	MST1R
CLMN	AC008443.5
CLMN	AL365226.1
CLMN	AC006978.2
CLMN	ZHX1-C8orf76
CLMN	RPUSD4
CLMN	FBRSL1
CLMN	ARHGAP17
CLMN	AC009063.3
CLMN	FBXW10
CLMN	L3MBTL4
SYNE3	VAX1
SNHG10	DGKA
ATG2B	LINC01508
PAPOLA	SSFA2
PAPOLA	GTF3C3
PAPOLA	FXR1
PAPOLA	HTR3E-AS1
PAPOLA	GNPDA2
PAPOLA	THAP9
PAPOLA	AC018797.2
PAPOLA	SUMF2
PAPOLA	UBE2A
PAPOLA	F8
PAPOLA	PCAT1
PAPOLA	CCDC81
PAPOLA	CHORDC1
PAPOLA	UBE2D1
PAPOLA	NANOG
PAPOLA	MRPS31
PAPOLA	NAA16
PAPOLA	ABHD13
PAPOLA	SLC25A35
PAPOLA	LINC00910
PAPOLA	AC003102.1
PAPOLA	EFTUD2
PAPOLA	METTL4
PAPOLA	ZNF614
SETD3	AL662844.4
SETD3	PML
EML1	CEP85
EML1	PCDHB7
EML1	PIWIL4
AL117190.1	MEG3
AL117190.1	MEG8
AL117190.1	MEG9
MEG9	SAPCD1-AS1
HSP90AA1	CRYZ
HSP90AA1	HAUS1
TECPR2	DUSP12
TECPR2	RIPPLY2
TECPR2	POU6F1
TECPR2	CENPV
TECPR2	PIPOX
TECPR2	ZNF600
CDC42BPB	ANKRD36
CDC42BPB	TRPC5OS
CDC42BPB	AGO2
CDC42BPB	SWAP70
CDC42BPB	SUCLA2-AS1
CDC42BPB	AL359513.1
CDC42BPB	ENO3
CDC42BPB	RECQL5
CDC42BPB	AL035681.1
AL117209.1	AC211486.5
AL117209.1	AC004148.2
AL117209.1	TTPAL
EIF5	PTK2B
EIF5	MRPS16
CKB	AGT
CKB	MAP1LC3A
CKB	MISP3
AL049840.1	SCNN1D
AL049840.1	VASN
ATP5MPL	FABP6
ATP5MPL	PPP1R42
ATP5MPL	EMC9
ATP5MPL	C16orf89
AL590079.1	LINC02161
INF2	DNAJB2
INF2	B4GALNT4
BRF1	TIGD2
BRF1	RELT
BRF1	GNG7
BTBD6	AF106564.1
PACS2	CDK18
PACS2	SLC45A3
PACS2	CYP2U1
PACS2	SLC27A4
PACS2	DGKZ
PACS2	INF2
PACS2	AC135050.3
PACS2	CES5A
PACS2	CPNE2
PACS2	TMC6
MTA1	NPIPB15
CRIP2	CACNB3
AC087386.1	AC245060.5
AC012414.5	AC068446.2
TUBGCP5	BTBD10
NDN	ATP5PB
NDN	ATP6V1D
AC021439.1	GRHL1
AC021439.1	AC012508.1
AC021439.1	ANKRD20A3
AC021439.1	FFAR4
AC021439.1	AC092747.1
PWRN1	AC087463.1
PWRN1	AC087463.4
PWRN1	PWRN3
PWRN1	NPAP1
PWRN1	SNRPN
NPAP1	AC087463.3
AC124312.2	AC008277.1
AC124312.2	FAM186B
AC124312.2	AC023509.2
AC124312.2	DKFZP434H168
LINC02250	RBP2
LINC02250	LSR
LINC02346	AC125616.1
APBA2	AGMO
LINC02352	AC009961.1
KLF13	TADA2B
KLF13	DIAPH2
LINC02256	CCZ1B
SCG5	SLC35E2A
SCG5	AC062017.1
AC010809.1	AC010809.2
AVEN	AC010809.1
CHRM5	AVEN
EMC7	AC093323.1
EMC7	MRPL32
EMC4	ZNF100
EMC4	ZNF256
NOP10	MAD2L1BP
NOP10	TRMT112
NOP10	DPAGT1
NOP10	AL133352.1
NOP10	DYNLL1
NOP10	DNAAF2
NOP10	SOX15
NOP10	DUSP14
NOP10	CSTB
LPCAT4	PANK4
AC021231.1	SCN11A
AC021231.1	AL450384.2
AC021231.1	AC025034.1
AC021231.1	AC006270.1
DPH6	PPIH
DPH6	LCLAT1
DPH6	GPD2
DPH6	NAALADL2
DPH6	LINC01170
DPH6	AC233296.1
DPH6	AL359232.1
DPH6	AC021231.1
DPH6	LINC00907
DPH6-DT	AC010884.1
DPH6-DT	AC097662.1
DPH6-DT	MYLK-AS1
DPH6-DT	NCK1-DT
DPH6-DT	MEIG1
DPH6-DT	AKAP3
DPH6-DT	AC069228.1
DPH6-DT	C1QTNF6
C15orf41	DCST2
C15orf41	ARAP3
C15orf41	SOX3
C15orf41	VTI1A
C15orf41	CEP128
AC013640.1	NMUR2
AC013640.1	NCOA7-AS1
AC013640.1	CTHRC1
AC013640.1	USP12-AS1
AC013640.1	AC011471.2
AC013640.1	AF127577.2
MEIS2	LRP2BP
MEIS2	THG1L
MEIS2	P4HA1
MEIS2	N4BP2L1
AC078909.1	LINC00665
AC087473.1	FREM2
AC087473.1	LINC01852
SPRED1	PMP2
SPRED1	AC087473.1
RASGRP1	SNED1
RASGRP1	SPTB
SRP14	PARK7
SRP14	STMN1
SRP14	LAMTOR5
SRP14	HAX1
SRP14	MPC2
SRP14	ATP5MC3
SRP14	BTF3
SRP14	HINT1
SRP14	NHP2
SRP14	FAM50B
SRP14	CYCS
SRP14	CHCHD2
SRP14	POP7
SRP14	ATP6AP2
SRP14	TRAPPC4
SRP14	GAPDH
SRP14	NDUFA12
SRP14	ARPC3
SRP14	MRPS7
SRP14	MRPL54
SRP14	CLPP
SRP14	GADD45GIP1
SRP14	C19orf53
SRP14	AL118516.1
KNL1	SLC9A2
GCHFR	CYTOR
ZFYVE19	C3orf62
AC020661.3	REL
AC020661.3	AC022523.1
AC020661.2	TRAPPC12-AS1
AC020661.2	ZNF142
MAPKBP1	RAD54L
MAPKBP1	AC109927.1
MAPKBP1	ZNF711
MAPKBP1	KANK3
SNAP23	CFAP221
SNAP23	AC107464.1
SNAP23	CCNA2
SNAP23	AP003469.4
SNAP23	AL512625.3
SNAP23	HTATIP2
SNAP23	AL359232.1
SNAP23	NOL4L
SNAP23	MKNK2
SNAP23	PRR22
SNAP23	ZNF837
AC018362.1	AF186192.1
STARD9	SLC9A3
PPIP5K1	AC011603.2
PPIP5K1	CATSPER2
CATSPER2	ACOT11
CATSPER2	AC011330.3
SERF2	FAAP20
SERF2	AC012074.1
SERF2	POLR2J
SERF2	BANF1
SERF2	AIP
SERF2	PPIB
SERF2	LSM7
SERF2	JOSD2
AC025043.1	AL157938.3
AC025043.1	MS4A13
AC025043.1	AC005726.5
AC025043.1	MYO1F
AC025043.1	C22orf23
AC025043.1	FP671120.1
B2M	AC079790.1
B2M	HLA-A
B2M	HLA-C
B2M	HLA-B
B2M	PSMB8
DUOX1	WDR88
AC025580.3	AP000253.1
SPATA5L1	TOR1B
AC025580.2	CCDC18
AC025580.2	HIGD1C
AC025580.2	AC002550.1
AC090527.1	MDH1B
AC090527.1	AL357054.3
AC090527.1	LINC01620
SQOR	IL5RA
SQOR	MGARP
SQOR	ANKDD1B
SQOR	LTA
SQOR	AC018645.2
SQOR	AC025263.2
SQOR	MYRFL
SQOR	OTUB2
SQOR	UPK1A
SQOR	FCGBP
SQOR	CKM
FBN1	MAST4
FBN1	ALDH3B1
EID1	BHLHE40-AS1
EID1	TRMT10C
EID1	ENHO
EID1	TMEM223
EID1	FADD
EID1	ZNF22
EID1	LOH12CR2
EID1	TCTN2
EID1	BAG5
EID1	CENPBD1
FAM227B	ZNF516
CYP19A1	RINL
GLDN	PRKCZ-AS1
GLDN	LRP4
SCG3	PCSK1
TMOD2	NRG2
TMOD2	GFPT2
TMOD2	SPRED1
TMOD2	RGS9
AC023906.5	RUSC1-AS1
AC023906.4	ZNF750
UNC13C	AL158055.1
RSL24D1	NUDT16
RSL24D1	CNOT7
RSL24D1	RSL1D1
DNAAF4	AC018467.1
TEX9	PKIB
TEX9	ZNF534
MNS1	AC015983.2
AC090518.1	HP1BP3
AC090518.1	AL136115.2
AC090518.1	AC104472.3
AC090518.1	FHDC1
AC090518.1	BAG2
AC090518.1	IPCEF1
AC090518.1	PNLDC1
AC090518.1	YAE1D1
AC090518.1	SEM1
AC090518.1	SMARCD3
AC090518.1	RBM3
AC090518.1	BAALC-AS1
AC090518.1	UTP23
AC090518.1	AL161725.1
AC090518.1	CDC26
AC090518.1	TPH1
AC090518.1	NDUFC2-KCTD14
AC090518.1	BTG4
AC090518.1	PTS
AC090518.1	ZBTB1
AC090518.1	IFT140
AC090518.1	BANP
AC090518.1	AC087645.2
AC090518.1	STARD6
AC090518.1	SERPINB8
ZNF280D	MCEE
ZNF280D	RFC4
ZNF280D	TPK1
ZNF280D	EZH2
ZNF280D	ESYT2
ZNF280D	SURF6
ZNF280D	CDAN1
AC090517.4	ZCCHC18
LINC00926	MTMR8
POLR2M	ASB3
AC018904.1	AC005828.3
AC018904.1	RRAS
ADAM10	LMOD1
ADAM10	U73166.1
ADAM10	KIAA1147
ADAM10	STARD13
AC092757.3	AC022113.1
AC092757.3	LINC01846
MYO1E	CTTNBP2NL
MYO1E	PPP1R12B
MYO1E	TET3
MYO1E	FAM107A
MYO1E	ZDHHC14
MYO1E	TMEM47
MYO1E	PPFIBP1
MYO1E	CHFR
MYO1E	AC026471.4
MYO1E	GEMIN4
MYO1E	FCGRT
FAM81A	HNRNPH1
GTF2A2	ALG3
GTF2A2	ZNF230
FOXB1	AL121652.1
FOXB1	CD6
FOXB1	GGT2
AC009554.1	ZRANB2-AS1
AC009554.1	AL606489.1
AC009554.1	GGCX
AC009554.1	PEX5L-AS1
AC009554.1	COL10A1
AC009554.1	DOCK4-AS1
AC009554.1	ALG13-AS1
AC009554.1	PCDH9-AS4
AC009554.1	AC036103.1
TLN2	ATP10B
TLN2	TENT5A
TLN2	PINX1
AC087612.1	AC013403.2
AC087612.1	MCM6
AC087612.1	DRD3
AC087612.1	AC008572.1
AC087612.1	AC010235.1
AC087612.1	AC118758.3
AC087612.1	LINC01392
AC087612.1	AC021733.1
AC087612.1	ITIH5
AC087612.1	LINC02384
AC087612.1	AL359237.1
AC087612.1	ARHGAP11A
AC087612.1	PAQR5
AC087612.1	ITGAM
AC087612.1	MTRNR2L1
AC087612.1	MMP11
RPS27L	CDKN1A
CA12	AC024257.3
USP3-AS1	FILIP1
AC073167.1	AC087190.1
DAPK2	RAP2B
DAPK2	RGMB
DAPK2	GREB1L
AC015914.1	ACAP1
AC015914.1	AC008537.2
SNX22	DYRK3
SNX22	SRD5A3
SNX22	AC004949.1
SNX22	IQUB
SNX22	RASSF8-AS1
SNX22	SNX21
PPIB	AC091057.2
PPIB	AC067852.2
PPIB	AF129075.2
RBPMS2	GRID2IP
RBPMS2	LRRC61
RBPMS2	TEDC2
UBAP1L	MST1
UBAP1L	WDR97
UBAP1L	TYSND1
PDCD7	GIGYF1
PDCD7	AP001462.1
PDCD7	PGP
CILP	SLC25A30-AS1
RAB11A	AL499616.1
RAB11A	RCSD1
RAB11A	AL136988.2
RAB11A	TP53I3
RAB11A	AC018682.1
RAB11A	LINC00309
RAB11A	SUMO1
RAB11A	SLC6A1-AS1
RAB11A	GNL3
RAB11A	ASB14
RAB11A	LINC00636
RAB11A	LXN
RAB11A	AC058822.1
RAB11A	AC104827.1
RAB11A	AC004053.1
RAB11A	ARHGEF38
RAB11A	LINC00616
RAB11A	C4orf51
RAB11A	LINC01099
RAB11A	AC010260.1
RAB11A	AC008871.1
RAB11A	AC010261.2
RAB11A	GLRA1
RAB11A	POLH-AS1
RAB11A	PLN
RAB11A	AL023584.2
RAB11A	ELMO1-AS1
RAB11A	SPDYE2B
RAB11A	BMX
RAB11A	PCYT1B-AS1
RAB11A	SEPT6
RAB11A	AC090579.1
RAB11A	FP325318.1
RAB11A	AL136084.2
RAB11A	AL807761.4
RAB11A	KCNQ1
RAB11A	AC087276.2
RAB11A	TMEM258
RAB11A	AP001266.2
RAB11A	AP001825.1
RAB11A	AL391839.1
RAB11A	WNT5B
RAB11A	AC083805.2
RAB11A	AL355001.1
RAB11A	PSMA3
RAB11A	LINC02316
RAB11A	AL356805.1
RAB11A	AC020661.3
RAB11A	SLC12A1
RAB11A	AC023906.5
RAB11A	AC133550.1
RAB11A	ITFG1-AS1
RAB11A	MARVELD3
RAB11A	AC133919.2
RAB11A	SCIMP
RAB11A	AC104984.6
RAB11A	TSPOAP1-AS1
RAB11A	AC002546.1
RAB11A	AC139100.1
RAB11A	OVOL2
RAB11A	ITCH-AS1
RAB11A	MMP24
RAB11A	AC020908.1
RAB11A	AC005197.1
RAB11A	AC139769.2
RAB11A	TGFB1
RAB11A	AC011466.3
RAB11A	PRR12
RAB11A	AC010320.2
RAB11A	AC010320.4
RAB11A	BAIAP2L2
AC087482.1	C6orf132
AC087482.1	LINC01993
CORO2B	IFFO2
CORO2B	HIVEP3
CORO2B	EFR3B
CORO2B	FBXO32
CORO2B	MVB12B
CORO2B	SFMBT2
CORO2B	FAM171A1
ANP32A	LINC00987
GLCE	SMAD7
PAQR5	TLE6
PAQR5	SLC6A16
RPLP1	MRPL24
RPLP1	APOD
RPLP1	PHPT1
RPLP1	DRAP1
RPLP1	LINC00844
RPLP1	MFSD5
RPLP1	NABP2
RPLP1	NPC2
RPLP1	PSMA4
RPLP1	PCNA
RPLP1	RPL18
RPLP1	CCDC134
THSD4	VWA3B
PKM	SV2A
PKM	CAMK2N2
PKM	CNTFR
PKM	TMEM132A
PKM	B4GAT1
PKM	PGAM1
PKM	ENO2
PKM	SLC2A3
PKM	SNN
PKM	STMN3
PKM	FXYD1
PARP6	AL162586.1
AC009690.1	ZNF488
AC009690.1	AC021752.1
AC009690.1	ITGA2B
AC009690.1	NANP
AC009690.1	NKPD1
NEO1	BCL9
NEO1	C1GALT1
NEO1	LDHC
NEO1	STXBP6
NEO1	ZNRF1
NEO1	ZNF624
NEO1	GTF2F1
COX5A	EBNA1BP2
PPCDC	Z83844.1
IMP3	NME3
IMP3	NR2C2AP
CSPG4	NFKBID
TMEM266	KHDC1
ETFA	AGFG2
LINGO1	AC068599.1
LINGO1	ACAD11
LINGO1	RASGEF1B
LINGO1	TXNDC5
LINGO1	SEMA3E
LINGO1	CYP51A1
LINGO1	SLC26A3
LINGO1	BCOR
LINGO1	ARHGEF10
LINGO1	TJP2
LINGO1	HSD17B3
LINGO1	AL807752.6
LINGO1	PTH
LINGO1	NOP2
LINGO1	AC138305.1
LINGO1	MRPL38
LINGO1	CFAP61
LINGO1	AC006486.1
LINGO1	CPT1B
LINGO1	IL10RB
DNAJA4	MOB1B
CHRNB4	FBP1
CHRNB4	CCDC73
CHRNB4	SMIM35
CHRNB4	CCDC38
CHRNB4	HPD
RASGRF1	DPYSL5
RASGRF1	HAGLR
RASGRF1	ENPP6
RASGRF1	RASGEF1C
RASGRF1	ELOVL2
RASGRF1	MBOAT1
RASGRF1	SLC25A13
RASGRF1	ARHGAP39
RASGRF1	SORL1
RASGRF1	CPXM2
RASGRF1	AC011944.1
RASGRF1	FAM234A
RASGRF1	PDIA2
RASGRF1	TOX3
RASGRF1	RNF152
RASGRF1	C2CD2
AC011944.1	CKMT2
FAH	AMN
AC108451.1	AL450998.3
AC108451.1	AC084871.2
AC108451.1	AP000857.2
CEMIP	AOX1
CEMIP	AL596188.1
AC027808.1	MAMDC2-AS1
AC027808.1	GRK3
EFL1	NME6
EFL1	NOC3L
EFL1	PRDM4
EFL1	COX10
RPS17	MARVELD2
RPS17	AC026726.1
RPS17	CSF2RA
RPS17	RPL39
RPS17	IDO1
RPS17	MED17
RPS17	DECR2
RPS17	FN3K
RPS17	AP006565.1
RPS17	ZNF831
RPS17	RBX1
CPEB1-AS1	SETD6
AC105339.3	TEX45
AC103876.1	ZNF485
SH3GL3	PDE8A
ADAMTSL3	AC010226.1
ADAMTSL3	MIR2052HG
ADAMTSL3	AL136980.1
ADAMTSL3	SKIDA1
ADAMTSL3	SP7
PDE8A	AC083809.1
AC021739.2	TMSB15B-1
NTRK3	FAR2
NTRK3	RAB15
NTRK3	TMEM132E
NTRK3	TSHZ3
LINC01586	ANKRD45
LINC01586	AMOTL1
ISG20	AL356417.3
ABHD2	HMX1
ABHD2	CPA2
ABHD2	R3HCC1
ABHD2	BCAT1
ABHD2	AC100793.4
ABHD2	LPIN3
TICRR	AC096772.1
SEMA4B	AC107067.1
SEMA4B	DEPDC1B
SEMA4B	LUCAT1
SEMA4B	SERPINB9
SEMA4B	TMEM140
SEMA4B	PRKX
SEMA4B	GDPD5
SEMA4B	PLIN3
IQGAP1	PER3
IQGAP1	C1orf109
IQGAP1	TLK1
IQGAP1	RASGEF1C
IQGAP1	TBL1X
IQGAP1	TRIM3
IQGAP1	FGFR2
IQGAP1	SAMD4A
IQGAP1	SLC23A2
IQGAP1	AL121761.1
IQGAP1	RIN2
IQGAP1	FAM207A
AC103739.2	ZFP57
VPS33B-DT	DNLZ
AC116903.2	AL590822.2
AC116903.2	ASH1L-AS1
AC116903.2	AC006145.1
AC116903.2	AP004147.1
AC091078.1	PATJ
AC091078.1	LINC02233
AC091078.1	STMND1
AC091078.1	PTK7
AC091078.1	HEPHL1
AC091078.1	AL136018.1
AC012409.2	AC140504.1
LINC02253	ADAM29
ARRDC4	TXNIP
AC022523.1	AC105031.2
AC022523.1	PLEKHD1
AC022523.1	STON2
AC022523.1	OR3A3
IGF1R	LRAT
IGF1R	CYP3A43
IGF1R	KCNH2
IGF1R	ARHGAP32
IGF1R	HDAC7
IGF1R	PRKD1
SYNM	MSANTD3
SYNM	RHBDD3
LRRC28	WDR17
LRRC28	NUP37
LRRC28	RSAD1
CERS3-AS1	LINC01889
CERS3-AS1	AL451064.1
CERS3-AS1	GPR143
CERS3-AS1	AC005324.3
CERS3-AS1	AC015802.4
CERS3-AS1	HSD17B14
ALDH1A3	AC015712.4
AC015712.2	AP006623.1
CHSY1	ZNF317
SELENOS	COMMD2
SELENOS	AC105345.1
SELENOS	SPP1
SELENOS	AL133346.1
PCSK6	SEMA5A
PCSK6	NAV2
PCSK6	VSTM4
PCSK6	NUAK1
PCSK6	PACS2
PCSK6	CMIP
PCSK6	PDE9A
HBA2	HBB
LUC7L	ARHGEF28
LUC7L	METTL24
LUC7L	AC022182.2
LUC7L	ANKDD1A
LUC7L	MRPL58
LUC7L	MFSD11
RGS11	LINC01896
RAB11FIP3	PRRT3-AS1
RAB11FIP3	SAYSD1
RAB11FIP3	STYXL1
RAB11FIP3	CCDC71L
RAB11FIP3	PLPP7
RAB11FIP3	SIAE
RAB11FIP3	BCL7A
RAB11FIP3	RAB40C
RAB11FIP3	TRIOBP
LINC00235	AC106820.5
CAPN15	SCRIB
RHOT2	AL121890.5
STUB1	VPS28
STUB1	UBE2S
FAM173A	PUSL1
FAM173A	PRR7
LMF1	AC009126.1
SOX8	DVL1
SOX8	REEP4
SOX8	ZNF395
SOX8	MAPK8IP1
SOX8	AL136295.6
SOX8	MAPK3
SOX8	CASKIN2
SOX8	LIPE
SOX8	CSNK1E
AL031714.1	NEXN-AS1
TSR3	ZBTB22
AL031705.1	LINC02080
AL133297.2	AC112220.4
CRAMP1	AC079807.1
CRAMP1	LTV1
CRAMP1	SRCAP
CRAMP1	AC012313.5
NME3	AKR1A1
NME3	AC139530.1
MRPS34	CDKN2AIPNL
SPSB3	AL359504.2
SPSB3	LINC01003
SPSB3	NME3
SPSB3	C16orf86
SPSB3	AL035563.1
SPSB3	SWSAP1
SPSB3	GTPBP3
NDUFB10	RRP9
NDUFB10	NOP16
NDUFB10	CYB5R2
NDUFB10	SPECC1
NDUFB10	TFPT
RPS2	ZYG11A
RPS2	SSR4
RPS2	GVQW3
RPS2	METTL26
RPS2	CTU2
RPS2	EPG5
RPS2	GID8
RPS2	RPS28
RPS2	ADGRE3
RPS2	NOP53
SNHG9	AC103591.3
SNHG9	AC025171.3
SNHG9	AP000755.1
SYNGR3	LHX6
PKD1	INTS1
PKD1	PPP2R3B
PKD1	PPRC1
PKD1	GNB3
PKD1	AC009163.7
PKD1	SGSM2
PKD1	TYK2
RAB26	CA7
SNHG19	GMFG
MLST8	SPATA20
BRICD5	LRCH4
BRICD5	ABCA7
PGP	ACTR1B
PGP	PJVK
PGP	TNIP1
PGP	ZNF322
PGP	PAOX
PGP	UBL7-AS1
PGP	SCO1
PGP	NAGLU
PGP	FBF1
PGP	ZNF324B
PGP	ZNF324
DNASE1L2	STK11IP
SRRM2-AS1	AC010327.4
SRRM2	CSKMT
SRRM2	CLCN7
SRRM2	HEXDC
ELOB	DPM3
ELOB	MRPL55
ELOB	SMIM37
ELOB	PECR
ELOB	UQCRC1
ELOB	MB21D2
ELOB	NDUFC1
ELOB	UQCRQ
ELOB	ATOX1
ELOB	COX7A2
ELOB	FIG4
ELOB	AF241726.2
ELOB	RNF113A
ELOB	POMK
ELOB	NDUFS8
ELOB	ATP5MD
ELOB	RPS26
ELOB	AL138686.1
ELOB	SETDB2
ELOB	KANSL1
ELOB	SLC35B1
ELOB	IDH3B
ELOB	ROMO1
ELOB	COX6B1
ELOB	CHMP2A
PAQR4	DDR1
CLDN9	AC004233.3
HCFC1R1	CD96
HCFC1R1	SLAIN2
HCFC1R1	NFS1
HCFC1R1	MHENCR
HCFC1R1	INAFM1
AJ003147.2	KLF5
AJ003147.2	HSH2D
TIGD7	RRH
NMRAL1	MXRA7
UBALD1	YPEL3
UBALD1	HMG20B
NUDT16L1	TAF6
SMIM22	SEPT12
ROGDI	TMBIM1
ROGDI	CCNE2
ROGDI	MED22
ROGDI	GPD1
ROGDI	RNASE1
ROGDI	TEDC1
ROGDI	AMDHD2
ROGDI	POLD1
SEC14L5	FZD1
SEC14L5	AC023509.4
NAGPA-AS1	TACC3
RBFOX1	TMEM178A
RBFOX1	RBMS1
RBFOX1	FSTL5
RBFOX1	PCLO
RBFOX1	JPH1
RBFOX1	ABCC8
RBFOX1	TENM4
RBFOX1	SESN3
RBFOX1	MPPED1
AC087190.1	AC087386.1
AC007221.1	LINC02177
AC007221.1	AC007221.2
GRIN2A	AC133565.1
AC007218.2	LINC01396
AC007218.2	AL137067.1
DEXI	BRPF1
CLEC16A	ARHGEF11
CLEC16A	SFXN5
CLEC16A	ATXN7L1
CLEC16A	HSCB
SNN	PPP1R26
SNN	LYSMD2
RSL1D1	NSF
SNX29	TTC7A
SNX29	HEG1
SNX29	MFSD14C
SNX29	ADAMTS13
SNX29	SH3PXD2A
SNX29	MLXIP
SNX29	ABCB9
SNX29	TTLL5
SNX29	TLN2
SNX29	ATP9B
AC109597.1	AC020741.1
AC109597.1	SLC25A25-AS1
AC109597.1	MTA2
SHISA9	CASC15
MKL2	LRMDA
MIR193BHG	CTSK
PDXDC1	AL136295.1
NDE1	NCAPD2
ABCC1	ECHDC2
ABCC1	CGAS
ABCC1	AC022784.3
NPIPA7	FGF10
NPIPA7	AL132656.2
NPIPA7	NDC80
NPIPA7	AC073534.2
AC126755.2	NBPF14
RPS15A	MRPL52
TMC7	RPS6KA1
TMC7	ADAM19
CCP110	ITPR1
CCP110	FAM162A
CCP110	THOC3
CCP110	TBC1D8B
CCP110	CPEB3
CCP110	TNFAIP8L3
CCP110	ACTG1
ACSM3	PP2D1
ACSM3	AC090515.4
ERI2	CDC37L1-DT
LYRM1	PHETA1
CRYM	NDUFA4
CRYM	LRRN3
CRYM	DPCD
CRYM	MGST1
CRYM	TIMP3
NPIPB4	NPIPB3
EEF2K	AC034231.1
AC092338.2	DENND1C
USP31	ITPKB
USP31	MFSD4B
USP31	PGM5
GGA2	AL035587.1
PRKCB	CAMK2G
CACNG3	SLC30A3
CACNG3	OLFM2
CACNG3	NCAN
AC008731.1	AC009501.1
AC008731.1	EIF5A2
AC008731.1	HTR3E
AC008731.1	FAM184B
AC008731.1	LACTB2-AS1
AC008731.1	ATG16L2
AC008731.1	MPRIP-AS1
SLC5A11	EFEMP1
SLC5A11	PRDM6
SLC5A11	STK10
SLC5A11	ELN
SLC5A11	ADGRE2
ARHGAP17	CAPN14
ARHGAP17	C6orf58
ARHGAP17	ZDHHC4
ARHGAP17	ADAM12
LINC02175	NEURL4
AC106739.1	ACKR2
KIAA0556	AC001226.2
AC016597.1	AC092376.2
AC020765.2	STK38L
AC133550.1	AC114488.2
TUFM	CNPPD1
TUFM	TBCC
TUFM	ARMCX6
TUFM	PUF60
TUFM	C16orf91
TUFM	CDIPT
TUFM	SPAG7
TUFM	GCAT
NPIPB11	AC091167.7
NPIPB11	NPIPB13
MAZ	CNKSR1
MAZ	MGAT1
MAZ	SRPK3
MAZ	HCFC1
MAZ	GRK2
MAZ	TEPSIN
MAZ	RFNG
MAZ	ZNF358
MAZ	ATP13A1
MVP	STAT3
TMEM219	MPV17L2
TAOK2	AC069209.1
PPP4C	TMEM214
MAPK3	MAN1B1
SULT1A3	AC012594.1
SULT1A3	TDRD12
MYLPF	PANK4
MYLPF	AL354760.1
MYLPF	NPIPA1
MYLPF	HCRT
SEPT1	LINC01431
ITGAL	AC073332.1
ITGAL	PRKCH
ZNF688	NEIL1
PRR14	AC243830.2
SRCAP	DMWD
BCL7C	VPS37C
BCL7C	RNF121
BCL7C	PITPNA
BCL7C	FBXO27
MIR762HG	LINC01372
FBXL19-AS1	LINC01134
FBXL19-AS1	REP15
STX4	ZNF668
AC026471.1	PRDM16
AC026471.1	AC110769.2
AC026471.1	ZNF664
TP53TG3D	AC237221.1
TP53TG3D	AC021321.1
TP53TG3D	AC141257.2
AC141257.2	AC145350.2
AC018845.1	GLYATL3
AC018845.1	ZSCAN25
AC018845.1	AC020687.1
AC018845.1	SUMO2
NETO2	IL1RAP
AC007533.1	PCCA-AS1
TENT4B	RB1-DT
TENT4B	CANT1
SALL1	METTL7A
SALL1	AC027307.2
SALL1	WIZ
AC087564.1	RABL2A
AC007347.1	AC131953.1
GNAO1	LINC01902
DKFZP434H168	ANGPTL7
DKFZP434H168	STX16
AC092140.1	SPINK8
BBS2	ENOX2
BBS2	RASSF4
BBS2	TANC2
MT3	NDRG2
MT3	DCXR
MT2A	DTYMK
MT2A	ARSB
MT2A	HIST1H1C
MT2A	PDE10A
MT2A	TTLL11
MT2A	MT1E
MT2A	MT1M
MT2A	MT1X
MT1F	MT1G
MT1X	PACSIN2
AC106779.1	AL645728.1
AC106779.1	AC092171.4
HERPUD1	AC024475.4
NLRC5	HELB
NLRC5	ST8SIA5
CPNE2	MTMR11
CPNE2	NUAK2
CPNE2	SH3PXD2B
CPNE2	PM20D2
CPNE2	USP2
CPNE2	SFXN3
CPNE2	RFC5
CPNE2	BRF1
CPNE2	PREX1
CPNE2	NPHS1
RSPRY1	THBS2
PLLP	AC100814.1
PLLP	INSM1
CX3CL1	EFHD2
CX3CL1	AL356479.1
CX3CL1	KIF5A
DOK4	SLC29A4
ADGRG1	CRHBP
AC009107.1	LINC01993
NDRG4	CHRNB2
NDRG4	REEP2
NDRG4	GPX3
NDRG4	LRRC73
NDRG4	PHF24
NDRG4	EGFL7
NDRG4	SLC17A6
NDRG4	PPP1R1A
NDRG4	PITPNM3
NDRG4	DLG4
NDRG4	RNF112
NDRG4	TTC9B
NDRG4	SLC17A7
NDRG4	PRKCG
NDRG4	SHISAL1
AC012322.1	PADI4
AC012322.1	AL445490.1
AC012322.1	C1orf141
AC012322.1	LINC01356
AC012322.1	CTXND2
AC012322.1	RXRG
AC012322.1	KIAA2012
AC012322.1	AC072062.1
AC012322.1	AC079943.2
AC012322.1	AC073848.1
AC012322.1	NIPAL1
AC012322.1	AC093801.1
AC012322.1	F11-AS1
AC012322.1	AL121972.1
AC012322.1	ITIH6
AC012322.1	GRHL2
AC012322.1	SPATC1
AC012322.1	TYRP1
AC012322.1	RASEF
AC012322.1	AC009652.2
AC012322.1	WNT8B
AC012322.1	PRKAB1
AC012322.1	SKA3
AC012322.1	LINC00457
AC012322.1	AL110292.1
AC012322.1	AC073941.1
AC012322.1	KIF7
AC012322.1	CA5A
AC012322.1	AC007846.2
AC012322.1	ADORA2B
AC012322.1	TK1
AC012322.1	AP000894.3
AC012322.1	SLC14A2
AC012322.1	LINC01428
AC012322.1	AL050403.2
AC012322.1	LINC01440
AC012322.1	AC011511.2
AC012322.1	AC006115.1
AC012322.1	FBLN1
CDH11	CBWD3
CDH11	ABHD2
AC009055.1	SLC22A2
AC010542.3	C1S
AC010542.3	AC007221.1
TK2	LINC01963
TK2	ZNF620
CA7	TRIM25
PDP2	SFT2D3
PDP2	STK17B
PDP2	LINC01033
PDP2	PLXNC1
PDP2	SETBP1
PDP2	AC011462.1
PDP2	ZNF497
FAM96B	NOC2L
FAM96B	CHCHD4
FAM96B	ACAA1
FAM96B	MRPS36
FAM96B	ZNF273
FAM96B	FTSJ1
FAM96B	PAXX
FAM96B	CCDC84
FAM96B	C14orf119
FAM96B	POP4
CES4A	C15orf48
CES4A	PIK3IP1
HSF4	AC103770.1
NOL3	HSF4
E2F4	FAM189B
E2F4	PPP1R14B
E2F4	ACAD8
E2F4	MAZ
E2F4	ZNF24
E2F4	DLGAP4-AS1
LRRC29	AC007785.3
TMEM208	AC007881.3
TMEM208	FGFBP3
TMEM208	SLC25A3
TMEM208	DDX28
TMEM208	AC090844.2
TMEM208	AC007663.3
FHOD1	AC116565.2
TPPP3	AC093152.1
TPPP3	ABCC10
TPPP3	TRMT12
TPPP3	THAP10
TPPP3	TAX1BP3
AC009061.2	AC106739.1
AC009061.2	DUS2
ACD	LY6G5C
EDC4	AC137630.1
EDC4	PCDHB3
PRMT7	AC008629.1
PRMT7	AC008443.6
PRMT7	ZNF559-ZNF177
UTP4	DAGLB
SNTB2	SLC25A21-AS1
EXOSC6	CLEC18A
ST3GAL2	TMEM217
ST3GAL2	ALG1
HPR	HP
LINC01572	ATAD3C
LINC01572	Z99127.1
LINC01572	AC012494.1
LINC01572	EYS
LINC01572	AC102953.2
LINC01572	RELN
LINC01572	AC004112.1
LINC01572	NEURL1
LINC01572	GOLGA3
LINC01572	SERPINE3
LINC01572	ATP6V1D
LINC01572	LINC02250
LINC01572	UBTF
LINC01572	CLUL1
LINC01572	DDX27
AC004943.1	AC105760.1
AC138627.1	AC113414.1
AC138627.1	AC006299.1
BCAR1	AC079848.1
AC009163.4	AC073610.3
AC009163.1	MIR762HG
AC009163.1	AC005332.4
GABARAPL2	AC010894.3
GABARAPL2	RPL15
GABARAPL2	MRFAP1
GABARAPL2	GRPEL1
GABARAPL2	PYURF
GABARAPL2	SKP1
GABARAPL2	NUDCD2
GABARAPL2	RNF5
GABARAPL2	TWISTNB
GABARAPL2	SBDS
GABARAPL2	SRI
GABARAPL2	HSD17B10
GABARAPL2	FUNDC2
GABARAPL2	VBP1
GABARAPL2	DCTN6
GABARAPL2	POLR2K
GABARAPL2	RRAGA
GABARAPL2	CHMP5
GABARAPL2	SMC2
GABARAPL2	INTS5
GABARAPL2	CSTF2T
GABARAPL2	ATG101
GABARAPL2	TRIAP1
GABARAPL2	SRSF9
GABARAPL2	ERH
GABARAPL2	PPP1R13B
GABARAPL2	SLC25A11
GABARAPL2	SNRPB
GABARAPL2	ZNRF3
AC025287.4	AC025576.2
DUXB	ZBTB20-AS4
DUXB	AC132219.1
DUXB	AP003071.2
DUXB	AC092718.6
CPHXL	AC007349.1
CPHXL	AAED1
CPHXL	AC025287.4
CPHXL	AC105430.1
AC105430.1	AC090589.2
CNTNAP4	AC104151.1
AC104151.1	AC106729.1
AC025284.1	ADAMTS18
AC046158.1	FP700111.1
AC046158.1	AC069185.1
AC092376.2	MAF
AC092376.1	AC092376.2
LINC01229	AC106052.1
LINC01229	HCRTR2
LINC01229	AL136962.1
PLCG2	C2orf49
PLCG2	AL627171.2
PLCG2	RHOT2
AC009119.2	TMEM87B
AC009119.2	LINC00880
AC009119.2	BEST1
DNAAF1	COL4A1
COX4I1	UQCRH
COX4I1	PRRC2C
COX4I1	NDUFS6
COX4I1	CLTB
COX4I1	BEX3
COX4I1	VPS28
COX4I1	NDUFA8
COX4I1	EDF1
COX4I1	NDUFS3
COX4I1	GAPDH
COX4I1	COPS7A
COX4I1	LDHB
COX4I1	ATP5F1B
COX4I1	ALKBH2
COX4I1	SAP18
COX4I1	NPIPB5
COX4I1	LINC02193
COX4I1	C19orf70
COX4I1	TMEM160
MAP1LC3B	CHMP2B
MAP1LC3B	APEX2
MAP1LC3B	ZBTB6
MAP1LC3B	ZNF677
ZCCHC14	DDB2
JPH3	LHFPL5
JPH3	IQSEC2
CA5A	PHKA1
BANP	ZBTB40
BANP	TMEM79
BANP	ERICH6
BANP	JADE2
BANP	RSPH4A
BANP	FAM133A
BANP	RENBP
BANP	C11orf24
BANP	ALG9
BANP	MRPS31
BANP	KDELC1
BANP	CHRFAM7A
BANP	TXNL4B
BANP	KIF1C
BANP	MAPT
BANP	LINC00904
BANP	ZNF761
ZFPM1	NKX6-2
ZC3H18	AL589678.1
ZC3H18	LEO1
PIEZO1	KBTBD11
ACSF3	B9D1
ACSF3	ZSWIM1
ANKRD11	OR2L13
ANKRD11	CAD
ANKRD11	CCDC142
ANKRD11	OGG1
ANKRD11	FAM193A
ANKRD11	TTBK1
ANKRD11	ADAM18
ANKRD11	ZC3H18
ANKRD11	CSNK1G2
ANKRD11	TSPAN16
RPL13	SMIM20
RPL13	RPL8
CHMP1A	CSK
CHMP1A	MBD3
FANCA	SPIRE2
DEF8	NADK
CENPBD1	FICD
AC133919.1	GNG4
AC133919.1	LINC00276
AC133919.1	MORC1
AC133919.1	GPC3
AC133919.1	AC090709.1
AC133919.1	VAT1L
AC133919.2	AC069287.3
AC133919.2	IGFL2-AS1
AC240565.1	FAM157C
RFLNB	AL359715.3
ABR	FBXO41
ABR	HRH1
ABR	RHOBTB2
ABR	TACC2
ABR	KCNN1
PITPNA-AS1	AC027644.3
SERPINF1	AC092647.5
RTN4RL1	COL5A1
CLUH	NSMF
AC005696.4	PPP1R26-AS1
RAP1GAP2	CFAP74
RAP1GAP2	AL390729.1
RAP1GAP2	LIN28B
RAP1GAP2	CDHR3
RAP1GAP2	IQSEC2
RAP1GAP2	DAGLA
RAP1GAP2	AC008105.3
SPATA22	AL357055.3
SPATA22	KIAA0556
TAX1BP3	HMOX1
EMC6	SCNM1
EMC6	RDH14
EMC6	BCS1L
EMC6	AC099522.2
EMC6	MAML1
EMC6	AL031963.3
EMC6	MRPL14
EMC6	NUDT1
EMC6	TMEM179B
EMC6	TIMM8B
EMC6	EMC7
EMC6	SPSB3
EMC6	PITPNA-AS1
EMC6	MRPL4
AC116914.2	AC089999.1
NCBP3	TARS2
NCBP3	DYNC2LI1
NCBP3	GCNT2
NCBP3	IFT46
NCBP3	PCGF2
ATP2A3	FAM71F1
ATP2A3	LTBP2
ATP2A3	AC018697.1
ATP2A3	ALPK2
AC087742.1	AC062029.1
AC087742.1	HHATL-AS1
SPNS3	ABHD14B
PSMB6	NDUFAF3
PSMB6	QDPR
PSMB6	AKR1B1
PSMB6	RRAGA
PSMB6	ACAD10
PSMB6	EID1
PSMB6	IMP3
PSMB6	MRPS34
PSMB6	EMC6
PSMB6	TRIR
PSMB6	CEP89
PSMB6	WDR4
SLC25A11	C20orf27
PFN1	NT5DC2
PFN1	C6orf136
PFN1	BAG6
PFN1	GNB2
PFN1	BOP1
PFN1	FAM225A
PFN1	BAD
PFN1	TARBP2
PFN1	PA2G4
PFN1	HCFC1R1
PFN1	PPP4C
PFN1	NUTF2
PFN1	ADRM1
PFN1	DOHH
PFN1	XAB2
PFN1	CCDC124
PFN1	TBCB
PFN1	GRWD1
PFN1	PHF5A
ENO3	CD200R1
SPAG7	DDX54
SLC52A1	KIF14
ZFP3	ETV3
ZFP3	AC010420.1
AC087500.1	GCC1
AC087500.1	ZNF627
AC007846.2	EFNA2
XAF1	HNRNPUL2-BSCL2
ACADVL	AK1
GABARAP	KRTCAP2
GABARAP	AC010230.1
GABARAP	AC231533.1
GABARAP	AL807752.7
GABARAP	RNASEH2A
EIF5A	DPH1
FGF11	FGFR4
FGF11	AC100821.2
EIF4A1	PIAS3
SAT2	MUTYH
SAT2	COPS6
SAT2	SWI5
SAT2	AL135925.1
SAT2	STX10
DNAH2	AC092720.1
TRAPPC1	ARF5
TRAPPC1	F8A1
TRAPPC1	AL596094.1
PER1	SLC6A8
PER1	GIT1
LINC00324	LY6G5B
PIK3R5	SYDE2
AC005291.2	AF121898.1
AC005291.2	RAG1
MYH13	AC005699.1
MYH13	LINC01091
MYH13	TEX11
MYH13	PGLYRP2
MYH13	GRIN2D
MAP2K4	DOCK7
MAP2K4	SEMA4F
MAP2K4	NFKB1
MAP2K4	PPP2R5D
MAP2K4	LGR4
MAP2K4	LATS2
MAP2K4	NUFIP2
MAP2K4	AC068025.2
MAP2K4	LPIN2
LINC00670	AC087741.2
LINC00670	ATP8B3
AC005304.1	AC005304.3
COX10	AC093157.1
TEKT3	Z97353.2
TBC1D26	CASQ2
TBC1D26	AC104521.1
ADORA2B	AC017091.1
ADORA2B	SUN3
ADORA2B	AC093567.1
ADORA2B	LINC00687
PIGL	RYR2
PIGL	OSTC
PIGL	AP003486.1
PIGL	CRYL1
PIGL	PRKCB
PIGL	FKRP
UBB	ZFAND2A
UBB	HSPA8
UBB	UBC
UBB	RFWD3
LRRC75A	AC020594.1
TNFRSF13B	AC009506.1
TNFRSF13B	AC069431.1
TNFRSF13B	AC011374.2
TNFRSF13B	CFAP157
TNFRSF13B	AL358334.1
AC055811.2	AC007292.3
RAI1	CGN
DRC3	KCNIP2-AS1
AC087164.1	AC005962.1
TOP3A	SLC9A1
TOP3A	RFT1
TOP3A	ZNF517
SHMT1	CARS
SHMT1	KIF20B
SHMT1	SEMA4B
AC004448.2	FBXO6
LINC02094	AC078927.1
SLC47A1	AC099344.1
SLC47A1	TRDN-AS1
SLC47A1	FAM83A
SLC47A1	FER1L6
SLC47A1	AL354861.2
SLC47A1	AC104009.1
SLC47A1	SLC35F2
SLC47A1	SLC16A9
SLC47A1	LINC01841
ALDH3A2	ZNF143
ALDH3A2	NLRC5
AC087294.1	AC008758.5
KCNJ12	SCN7A
KCNJ12	AL137786.1
KCNJ12	ASGR1
AC026254.2	AL138960.1
KSR1	EMP3
AC005697.1	AC068875.1
AC005697.1	NOS2
AC005697.2	LYRM9
LINC01992	LYRM9
AC005726.5	CRLF3
AC005726.5	KMT2B
KIAA0100	MTIF2
KIAA0100	SEPHS1
RPL23A	AL136454.1
RPL23A	RPS18
RPL23A	SMIM30
RPL23A	MRPS28
RPL23A	POMP
MYO18A	SELENON
MYO18A	DCTN1
MYO18A	MREG
MYO18A	SH3BP4
MYO18A	TRMT44
MYO18A	EXOSC9
MYO18A	SNX30
MYO18A	PHRF1
MYO18A	SERPING1
MYO18A	CHD4
MYO18A	EP400
MYO18A	ANKRD11
MYO18A	ZNF525
MYO18A	AC006547.2
NUFIP2	UBXN11
NUFIP2	CDV3
NUFIP2	NFYA
NUFIP2	PHF10
NUFIP2	BICD2
NUFIP2	ORC6
NUFIP2	SCRN2
NUFIP2	SLC16A8
NUFIP2	DENND6B
AC068025.2	AL160408.1
AC068025.2	TARID
ABHD15-AS1	PKP4-AS1
ABHD15-AS1	LRRC75A
ABHD15-AS1	AC005899.8
ABHD15-AS1	ANGPTL4
CORO6	GPC1
AC104982.1	AL513320.1
AC104982.1	AL161729.1
CRLF3	AL445248.1
CRLF3	AP3B2
CRLF3	MIR762HG
OMG	DCLRE1B
OMG	AC018647.1
EVI2B	AC134669.1
EVI2A	RBM15
EVI2A	LYSMD3
EVI2A	AC134669.1
RAB11FIP4	LRIT3
RHBDL3	CR1
RHBDL3	HSD11B1
RHBDL3	POLA2
RHBDL3	ITPRIP
RHBDL3	MYO5B
AC005899.8	FOXM1
AC005899.8	BEAN1
AC005899.8	AC092123.1
AC005899.1	AC005899.5
AC079336.4	AC007513.1
AC079336.4	ALDH1L2
AC025211.1	AC091932.1
TMEM98	AC015712.1
ASIC2	LAMC1
ASIC2	MCTP1
ASIC2	ZNF804B
ASIC2	DLGAP2
ASIC2	SYN3
ZNF830	AC231981.1
ZNF830	SRSF7
ZNF830	PUS3
ZNF830	TEX30
SLFN5	AC022916.1
AC015849.3	MASP2
AC015849.3	GNGT1
AC015849.3	RDH11
AC015849.3	PINLYP
AC015849.1	GZMM
MYO19	POLG2
AATF	CLMAT3
TBC1D3D	AC104407.1
TBC1D3D	AC245519.1
TBC1D3D	MRM1
TBC1D3D	AC006946.2
TBC1D3D	AC004556.1
ARHGAP23	CHAC2
ARHGAP23	CCDC51
ARHGAP23	PLBD2
ARHGAP23	SAMD4B
ARHGAP23	TEF
SRCIN1	VLDLR-AS1
SRCIN1	ARHGAP22
SRCIN1	CHST6
SRCIN1	MGAT3
AC006449.6	AC026979.3
RPL23	PLEKHA6
RPL23	OAF
RPL23	CTDP1
RPL23	XRCC1
RPL19	RPL22L1
RPL19	BTF3
RPL19	RPL10A
RPL19	BAIAP2L1
RPL19	RPL10
RPL19	TAF1L
RPL19	AC010528.1
TCAP	AC138894.1
MIEN1	POLE4
MIEN1	DYNLT1
MIEN1	TMEM60
MIEN1	POLR2J
MIEN1	NKIRAS2
MIEN1	WFDC2
MIEN1	FAM32A
MIEN1	EXOSC5
IGFBP4	AC110491.1
KRT10	LSM10
KRT10	GLRX2
KRT10	ZNF669
KRT10	C1GALT1C1L
KRT10	DDX18
KRT10	DBI
KRT10	AC012306.2
KRT10	JAGN1
KRT10	TEX264
KRT10	AC073352.1
KRT10	PRELID1
KRT10	RACK1
KRT10	SNHG15
KRT10	AC002467.1
KRT10	SPIN2B
KRT10	C1GALT1C1
KRT10	BRD3OS
KRT10	SSNA1
KRT10	MRPL17
KRT10	MRPL43
KRT10	BTG1
KRT10	MIEN1
KRT10	GRN
KRT10	MRPS26
KRT10	OCEL1
KRT10	C19orf73
KRT10	AL021453.1
EIF1	MAN1C1
EIF1	YBX1
EIF1	MOB4
EIF1	EIF1B
EIF1	MRPL47
EIF1	FAM200B
EIF1	CDKN2AIP
EIF1	TAF7
EIF1	LINC00847
EIF1	NOL7
EIF1	LINC00106
EIF1	SARAF
EIF1	THAP1
EIF1	COMMD5
EIF1	ETFRF1
EIF1	ATG101
EIF1	RTRAF
EIF1	AL138995.1
EIF1	SNHG10
EIF1	BTBD6
EIF1	RSL24D1
EIF1	C15orf61
EIF1	PPCDC
EIF1	DEXI
EIF1	POLR2C
EIF1	THAP11
EIF1	MAP1LC3B
EIF1	TMEM199
EIF1	PEX12
EIF1	MYL12A
EIF1	SNAPC2
EIF1	HPN-AS1
EIF1	ZNF260
EIF1	SELENOW
EIF1	ZNF667-AS1
EIF1	COMT
CNP	ELOVL1
CNP	PRR18
CNP	PPIF
CNP	TPPP3
KAT2A	PIDD1
KAT2A	TAF1C
KAT2A	CDK10
HSPB9	AC118553.2
HSPB9	HEXA-AS1
STAT3	IFI16
STAT3	BTG2
STAT3	PARP9
STAT3	LYAR
STAT3	AC005609.5
STAT3	SLC35D2
STAT3	SHMT1
STAT3	SOCS3
STAT3	FAM182B
HSD17B1	AHDC1
HSD17B1	AC010531.1
HSD17B1	TOP3B
HSD17B1	RWDD2B
COASY	CPTP
COASY	NRM
COASY	RGP1
MLX	HILPDA
COA3	LINC01422
CNTD1	UQCC2
RPL27	TMA7
RPL27	RPS18
RPL27	RPL23
RPL27	ZNF341
VAT1	MEPCE
BRCA1	SLC22A5
MEOX1	HAVCR1
MEOX1	DPP9-AS1
MPP3	CHRNA10
MPP2	PRCP
ASB16	C16orf71
AC003102.1	TMEM147-AS1
RUNDC3A	RIN1
RUNDC3A	CDK5R1
RUNDC3A	AMH
SLC25A39	DAXX
SLC25A39	DRG2
SLC25A39	MVB12A
SLC25A39	HAUS5
ITGA2B	JAZF1-AS1
ADAM11	RHPN1
ADAM11	CORO6
ADAM11	PLPPR2
PLCD3	AP000880.1
AC138150.1	HGSNAT
AC138150.1	SNX31
AC138150.1	IDNK
AC138150.1	ZNF337-AS1
AC008105.3	GPR161
AC008105.3	TRPC6
AC091132.5	NSF
MAPT	GGA2
MAPT	MAPT-AS1
ARL17B	AC091132.5
ARL17B	LINC02210-CRHR1
ARL17B	KANSL1-AS1
ARL17B	LRRC37A
ARL17B	ARL17A
ARL17B	AC005670.2
LRRC37A2	ARL17A
ARL17A	AC103810.2
RPRML	NYAP1
AC068234.1	TMEM51
AC068234.1	AC078883.1
AC068234.1	AL589743.5
AC040934.1	HCG11
AC040934.1	HOMEZ
AC025682.1	AL034417.2
AC025682.1	AL132780.1
AC025682.1	AC010547.1
CDK5RAP3	RNASEH1
CDK5RAP3	GUSB
SKAP1-AS1	MAB21L3
B4GALNT2	AC074327.1
B4GALNT2	TMEM150B
ZNF652	FMO5
ZNF652	KHDRBS3
ZNF652	AC091180.5
ZNF652	KIF19
ZNF652	SAMHD1
ZNF652	HIF3A
AC091180.2	BIRC3
AC091180.5	CTBS
AC091180.5	ARHGAP31
AC091180.5	DTHD1
AC091180.5	OGFRL1
AC091180.5	PRKX
AC091180.5	AC091180.2
AC091180.5	ABCA6
AC091180.5	MKNK2
PHB	TMEM203
PHB	LRRC59
NGFR	HK2
AC015795.1	AC069222.1
AC027801.1	LINC02107
AC027801.1	SNX18
AC027801.1	TNXB
AC027801.1	AL159174.1
AC027801.1	DNAJB13
AC027801.1	AC026786.1
AC027801.1	AC007218.2
AC027801.1	TEKT3
AC027801.1	PYY
AC027801.1	AC020907.4
PDK2	ZBTB18
TMEM92-AS1	LINC00538
TMEM92-AS1	FBXW12
TMEM92-AS1	P2RY1
TMEM92-AS1	AL031118.1
TMEM92-AS1	CLDN4
TMEM92-AS1	AL356258.1
TMEM92-AS1	TBC1D26
TMEM92-AS1	C20orf202
ACSF2	DGAT2
RSAD1	TNIP2
AC021491.1	DMRT1
ABCC3	CNBD1
ANKRD40	TAF13
ANKRD40	RAB33B
ANKRD40	FOXO4
ANKRD40	CHRAC1
ANKRD40	KLHL9
ANKRD40	LIN7C
ANKRD40	GATC
ANKRD40	SALL1
ANKRD40	FTSJ3
AC005921.2	AL136322.1
AC005921.2	B4GALT4-AS1
AC005921.2	AC021088.1
AC005921.2	AP005899.1
AC091062.1	FCRLA
CA10	MARC1
CA10	E2F3
TOM1L1	SNAI3
C17orf67	LINC00862
C17orf67	PKDCC
C17orf67	AC097461.1
C17orf67	LINC02102
C17orf67	LYRM2
C17orf67	PURB
C17orf67	AC004522.2
C17orf67	PRICKLE3
C17orf67	EPHX2
AC007114.1	AL160035.1
AC007114.1	PLEKHG4
MSI2	TIMM17A
MSI2	GAR1
MSI2	TEAD1
MSI2	TMEM120B
MSI2	C19orf48
CUEDC1	H6PD
CUEDC1	AL139807.1
CUEDC1	AP006621.3
CUEDC1	ADCK1
DYNLL2	AC104825.1
SUPT4H1	AP001029.1
SEPT4	MTFR1L
SEPT4	C1orf123
SEPT4	ADI1
SEPT4	ATP10D
SEPT4	AGPAT1
SEPT4	RXRB
SEPT4	FASTK
SEPT4	PLLP
SEPT4	AC087742.1
SEPT4	QTRT1
SEPT4	ZNF784
GDPD1	RBM15-AS1
GDPD1	AP003438.1
YPEL2	BANP
YPEL2	SOCS3
YPEL2	SEC14L6
AC091059.1	RBM5-AS1
AC091059.1	AC072022.1
LINC01476	IL12RB1
AC091271.1	C6orf120
AC091271.1	AL136038.3
AC091271.1	AC007786.1
USP32	SYNJ2
BRIP1	MYO15A
MRC2	RSPH9
AC005821.1	MARCH10
TANC2	PIEZO1
TANC2	AC005821.1
AC006270.1	TMEM156
AC006270.1	SV2B
AC006270.1	AC005972.4
AC015923.1	GOLGA6L7
AC015923.1	AC005920.2
AC015923.1	AP005120.1
AC046185.1	SLC9C2
AC046185.1	LINC02043
AC046185.1	AC139722.1
PSMC5	SIGMAR1
PSMC5	EID2
CEP95	MZT2A
CEP95	AC008840.1
LRRC37A3	KANSL1
LRRC37A3	ARL17B
LRRC37A3	LRRC37A2
AC037487.1	AL158166.2
PITPNC1	CTNNAL1
C17orf58	SMIM19
ABCA6	ABCA9
KCNJ2	PHC1
SOX9	PRR18
SOX9	RRM2B
SLC39A11	CTPS1
SLC39A11	AC096677.1
SLC39A11	TMEM17
SLC39A11	SERPINE2
SLC39A11	SSUH2
SLC39A11	RAD18
SLC39A11	SLC45A2
SLC39A11	CCDC3
SLC39A11	TSPAN14
SLC39A11	TSFM
SLC39A11	MAPKBP1
SLC39A11	AC009163.4
SLC39A11	PIEZO2
SLC39A11	PRELID3A
SLC39A11	LMTK3
SLC39A11	LSS
COG1	LRRC57
RPL38	RPS27
RPL38	ZNF445
RPL38	SNHG19
RPL38	ATP2C2-AS1
RPL38	PCIF1
RPL38	AC011468.3
AC100786.1	AL138689.2
AC100786.1	YPEL1
KIF19	CCNQ
KIF19	KCNMB4
KIF19	STAT5A
KIF19	BTBD17
KIF19	ITGB4
BTBD17	ANGPT1
NT5C	PPP1R35
MRPS7	CLP1
AC022211.2	EDC4
AC022211.2	ZNF607
AC011933.4	ATP2A1
SMIM5	LMCD1
SMIM6	AC034228.1
SMIM6	TSPYL5
ITGB4	CASZ1
ITGB4	LINC01010
H3F3B	RARRES3
H3F3B	BTG3
UNK	LOXL2
UNK	LACTB
UNC13D	BOK-AS1
UNC13D	ADAM8
UNC13D	STX4
WBP2	PEF1
WBP2	H1FX
WBP2	TAF9B
TRIM47	BOLA3-AS1
TRIM47	TMEM150A
TRIM47	SEPT8
TRIM47	AC092111.1
TRIM47	PIM3
EXOC7	C2orf72
EXOC7	MORN4
EXOC7	POLL
UBALD2	PIM1
QRICH2	AL139260.1
QRICH2	CRIP3
AC015802.4	SRL
JMJD6	THAP3
JMJD6	MGME1
MFSD11	AC004884.2
MFSD11	AC005225.3
MFSD11	TMEM143
C17orf99	AL096865.1
SYNGR2	CACFD1
SYNGR2	ARMC5
TMEM235	AC005332.3
SOCS3	MEST
SOCS3	VWA5A
AC061992.1	AC127522.1
CYTH1	USP13
CYTH1	YEATS2
CYTH1	NDST1
CYTH1	ZNF107
CYTH1	TRAPPC9
CYTH1	AL160269.1
CYTH1	GRID1
CYTH1	AL133325.3
LGALS3BP	AC083862.2
RBFOX3	MAP3K9
NPTX1	AC104964.1
RPTOR	VEPH1
RPTOR	AC025171.4
RPTOR	PIM2
RPTOR	THAP12
RPTOR	PPP2R1B
RPTOR	RBM19
RPTOR	AC027682.6
AATK	AC097478.1
AATK	ZMIZ2
AATK	ARRDC1
AATK	CCDC9B
AATK	LCAT
AATK	ARFGAP1
AATK	BRSK1
PVALEF	AL162391.1
AC110285.3	AL031709.1
AC110285.1	SMIM19
AC110285.1	AL157935.2
AC110285.1	AK8
AC110285.1	AP005230.1
AC110285.1	ZNF529-AS1
ACTG1	AL137802.2
ACTG1	RHOC
ACTG1	PCDHB10
ACTG1	EMD
FAAP100	C3orf18
FAAP100	LRRC24
OXLD1	AP001437.1
MCRIP1	DMAP1
MCRIP1	RIC8A
MCRIP1	ADAMTS17
MCRIP1	RPUSD1
MCRIP1	ZNF205
ARHGDIA	FSCN1
ARHGDIA	HGH1
ARHGDIA	C11orf68
ARHGDIA	GSK3A
ARHGDIA	SCAF1
ANAPC11	CMTR2
ANAPC11	WDR83
PCYT2	FASN
SIRT7	SPATA33
MAFG	AC018816.1
MAFG	ZNF778
AC145207.1	VAX2
DCXR	AC092042.3
DCXR	TMEM120A
RFNG	ABTB1
RFNG	MELTF-AS1
RFNG	AC073111.5
FASN	MVD
CCDC57	SLC25A24
LINC01970	AC112907.3
TBCD	SLC35E2B
TBCD	SKI
TBCD	YIPF1
TBCD	PDE4DIP
TBCD	AC124016.2
TBCD	TMEM131L
TBCD	KDM1B
TBCD	TRAM2
TBCD	SLC25A14
TBCD	BIN3
TBCD	FBXO43
TBCD	PRMT3
TBCD	MACROD1
TBCD	SORBS1
TBCD	FUOM
TBCD	AQP6
TBCD	AC145422.1
TBCD	RAB27A
TBCD	LARP6
TBCD	GGA2
TBCD	AC010618.3
TBCD	AL022328.4
TBCD	PDXK
CLUL1	SMIM22
ENOSF1	SLC2A1-AS1
ENOSF1	TTF2
ENOSF1	TMEM81
ENOSF1	STARD7
ENOSF1	LAMB2
ENOSF1	AC012467.2
ENOSF1	AC008667.1
ENOSF1	FKBP14
ENOSF1	AZIN1-AS1
ENOSF1	APLP2
ENOSF1	DCLRE1C
ENOSF1	P2RX4
ENOSF1	LINC02352
ENOSF1	PVALEF
ENOSF1	SGK2
ENOSF1	ZNF418
ENOSF1	AP000302.1
AP000894.3	ADRA1B
AP000894.3	EFHC2
AP000894.3	TENT5D
AP000894.3	HMCN2
AP000894.3	AC124657.1
AP000894.3	RPS6KB2-AS1
AP000894.3	ANO1
AP000894.3	EMP2
AP000894.3	OTOA
AP000894.3	KCTD11
AP000894.3	Z98885.2
AP005328.1	RBM24
METTL4	AL133245.1
METTL4	AC068205.1
AP001011.1	AC093495.1
AP001011.1	OPA1-AS1
AP001011.1	AC078842.2
AP001011.1	PCA3
AP001011.1	BTBD18
AP001011.1	AL049840.1
AP001011.1	TCF4-AS2
AP001011.1	AC245452.1
AP005329.2	FOXJ2
MYL12B	MED19
MYL12B	NRBF2
MYL12B	MRPS23
DLGAP1	TNR
DLGAP1	SUSD4
DLGAP1	CHRM3
DLGAP1	NRXN1
DLGAP1	BCL11A
DLGAP1	ST6GAL2
DLGAP1	ANKRD30BL
DLGAP1	SLC38A11
DLGAP1	PTPRG
DLGAP1	CADPS
DLGAP1	FAM19A1
DLGAP1	STXBP5L
DLGAP1	LINC02232
DLGAP1	CCSER1
DLGAP1	SYNPO2
DLGAP1	RNF150
DLGAP1	HCN1
DLGAP1	MEF2C-AS1
DLGAP1	PRR16
DLGAP1	FSTL4
DLGAP1	GRM1
DLGAP1	RUNDC3B
DLGAP1	KCND2
DLGAP1	AL591501.1
DLGAP1	DCX
DLGAP1	CSMD1
DLGAP1	UNC5D
DLGAP1	ZMAT4
DLGAP1	KCNB2
DLGAP1	RALYL
DLGAP1	AC090568.2
DLGAP1	LINGO2
DLGAP1	GABBR2
DLGAP1	KIAA1549L
DLGAP1	GRM5
DLGAP1	CNTN5
DLGAP1	CAMK1D
DLGAP1	KIAA1217
DLGAP1	ATRNL1
DLGAP1	FAM19A2
DLGAP1	GRIP1
DLGAP1	MTUS2
DLGAP1	DCLK1
DLGAP1	MIR4500HG
DLGAP1	DZIP1
DLGAP1	HS6ST3
DLGAP1	MEG8
DLGAP1	GABRB3
DLGAP1	GABRG3
DLGAP1	UNC13C
DLGAP1	NTRK3
DLGAP1	SHISA9
DLGAP1	ASIC2
DLGAP1	CA10
DLGAP1	NOL4
DLGAP1	AC091138.1
DLGAP1	PLCB1
DLGAP1	CACNA1A
DLGAP1	CACNG8
DLGAP1	DSCAM
DLGAP1-AS1	DLGAP1-AS2
AP005203.1	AC009975.2
AP005203.1	AC104088.1
AP005203.1	AC078980.1
AP005203.1	LINC02201
AP005203.1	TBXA2R
AP005203.1	RGL3
AP005203.1	SSC5D
AP005203.1	IGLV10-54
L3MBTL4	ISG20
AP001021.2	SPATA1
AP001021.2	AL591686.2
AP001021.2	AC093766.1
L3MBTL4-AS1	WDR93
PIEZO2	PRKCE
PIEZO2	RBM43
AP005120.1	EDNRB
GNAL	MAP3K20
GNAL	ADAMTS6
GNAL	MOXD1
GNAL	ANO6
GNAL	PTPRB
IMPA2	TNFAIP8
CIDEA	ACOT9
PRELID3A	AP001029.2
AP002449.1	AL356512.1
AP005901.2	LINC01632
AP005901.2	AP005242.1
GREB1L	ALDH18A1
ABHD3	AC068286.1
ABHD3	KCTD6
ABHD3	FGF2
ABHD3	EDA
ABHD3	OR1L8
ABHD3	PARPBP
ABHD3	LGMN
ABHD3	BAHD1
ABHD3	LINC01572
ABHD3	PDXK
MIB1	MMACHC
MIB1	MSH4
MIB1	CPOX
MIB1	ANKHD1-EIF4EBP3
MIB1	BNIP1
MIB1	PLPP4
MIB1	TENT4B
LINC01900	AC246680.1
LINC01900	AL590079.1
LINC01900	SLC27A2
LINC01900	MYLK3
ANKRD29	SLC6A11
ANKRD29	TMEM44
ANKRD29	ABCG4
LAMA3	AP000688.3
OSBPL1A	DISP3
KCTD1	SMAD1
KCTD1	BEND6
KCTD1	EFCAB10
KCTD1	APBA1
KCTD1	QSOX2
KCTD1	AL731567.1
KCTD1	GPCPD1
AQP4-AS1	AC114689.3
AQP4	ATP1B2
AQP4	APOE
CDH2	DPP6
GAREM1	PLCD1
CCDC178	NAA11
CCDC178	ENPEP
CCDC178	AC007923.4
ASXL3	SPSB2
ASXL3	SMUG1
NOL4	EPHA7
ZSCAN30	AC005070.3
ZSCAN30	RAB40A
ZSCAN30	ZNF596
ZSCAN30	DECR1
ZSCAN30	AC006270.1
ZNF24	TMED5
ZNF24	SIKE1
ZNF24	AC099669.1
AC016493.1	AC119396.1
CELF4	LHX2
RIT2	CHRM2
LINC01478	GAB3
LINC01478	BBOX1-AS1
LINC01478	FAH
LINC01478	MT4
SETBP1	SLC8A1-AS1
SETBP1	ADAMTS12
SETBP1	TENM4
SETBP1	AC024909.1
SLC14A2	TAPBPL
KATNAL2	TNFSF4
KATNAL2	ZFP2
CTIF	A2ML1-AS1
CTIF	LINC01586
CTIF	RRP7A
AC048380.1	MROH9
AC100778.3	AC079610.2
MYO5B	AL024498.2
MYO5B	CFAP53
CXXC1	ATXN7L2
CXXC1	AC090360.1
AC091551.1	AL078459.1
AC091551.1	AC025887.2
LINC01630	CNIH3
LINC01630	AC012447.1
LINC01630	LINC00877
LINC01630	BTN3A2
LINC01630	ASB4
LINC01630	MIR181A2HG
LINC01630	IRF7
LINC01630	AP003733.3
LINC01630	AL358335.2
LINC01630	PYCR1
LINC01630	RPRD1B
LINC01630	AC020907.1
POLI	DELE1
POLI	AC124947.1
STARD6	LINC02278
CCDC68	IGDCC4
CCDC68	SHCBP1
CCDC68	GJC1
CCDC68	RHPN2
TCF4-AS2	SPACA5
TCF4-AS2	AC104982.1
AC022031.2	SMYD1
ST8SIA3	DAPK1
ST8SIA3	ARHGAP20
ATP8B1	NUCB1-AS1
MALT1	FOXO6
ZNF532	NDUFAF7
ZNF532	METTL6
ZNF532	LRIG1
ZNF532	PI4K2B
ZNF532	AL359643.2
ZNF532	HCCS
ZNF532	ATG4A
ZNF532	PLPP6
ZNF532	AP001267.2
ZNF532	F10
ZNF532	ZNF689
ZNF532	RSPRY1
ZNF532	PIGW
ZNF532	TUBG1
ZNF532	RPS6KB1
AC113137.1	KIAA2012
RNF152	AC105094.2
TNFRSF11A	TTC34
TNFRSF11A	AL136382.1
TNFRSF11A	RNF182
TNFRSF11A	AC138512.1
ZCCHC2	CPT2
ZCCHC2	AL592295.4
ZCCHC2	RN7SL832P
ZCCHC2	AC080013.5
ZCCHC2	DIAPH1
ZCCHC2	RPS10-NUDT3
ZCCHC2	AGAP3
ZCCHC2	PACS1
ZCCHC2	RBM14-RBM4
ZCCHC2	ATF1
ZCCHC2	ALKBH2
ZCCHC2	AL139384.1
ZCCHC2	OR4N2
ZCCHC2	AL136295.3
ZCCHC2	AC068724.3
ZCCHC2	AC012170.3
ZCCHC2	GSDMB
ZCCHC2	SMG9
ZCCHC2	THAP7-AS1
SERPINB7	CFAP47
SERPINB8	LINC01924
AC110597.3	AC087521.2
AC110597.3	AC109460.2
CD226	BATF3
CD226	AC097515.1
CD226	SEPT7-AS1
CD226	AC008014.1
CD226	PIK3IP1-AS1
AC091138.1	AL117190.2
C18orf63	AL928970.1
CNDP1	C1orf112
CNDP1	GLUL
CNDP1	TRUB2
CNDP1	C11orf96
ZNF407	AL109811.4
ZNF407	MYSM1
ZNF407	SRBD1
ZNF407	RBM45
ZNF407	NAB1
ZNF407	KCTD18
ZNF407	RPE
ZNF407	CCDC50
ZNF407	CTBP1-DT
ZNF407	ZCCHC4
ZNF407	TBC1D19
ZNF407	CHIC2
ZNF407	CEP120
ZNF407	ZNF354C
ZNF407	MAPK13
ZNF407	AL596202.1
ZNF407	RAPGEF5
ZNF407	FAM156A
ZNF407	C9orf147
ZNF407	MAPKAP1
ZNF407	ZNF195
ZNF407	TMEM135
ZNF407	PARP11
ZNF407	DERA
ZNF407	SUDS3
ZADH2	TSHZ1
ZADH2	MATN4
LINC00908	EXD1
AC093330.1	RTCA-AS1
AC093330.1	CTAGE1
AC093330.1	AC245884.1
LINC01896	SALL3
ATP9B	RAB13
ATP9B	SRGAP3
ATP9B	LIN54
ATP9B	CCND3
ATP9B	RPS6KA2
ATP9B	KIAA1324L
ATP9B	DLC1
ATP9B	GGH
ATP9B	UBE2L6
ATP9B	USP6NL
ATP9B	DHTKD1
ATP9B	SLC39A12
ATP9B	ETFA
CTDP1	AL158063.1
SOX12	UBQLN4
SOX12	LRFN4
SOX12	SP2-AS1
C20orf202	AC068658.1
RAD21L1	ESRRB
SNPH	SLC25A22
SNPH	FAM57B
SNPH	RIMS4
SNPH	IGLON5
SDCBP2-AS1	MORN1
SDCBP2-AS1	AC008438.2
SDCBP2-AS1	AC106038.1
SDCBP2-AS1	C9orf170
AL117335.1	LINC01786
AL117335.1	PSMG4
AL117335.1	UBR5-AS1
AL117335.1	AC073863.1
AL117335.1	C21orf58
TMC2	ZNF343
IDH3B	ABCF3
EBF4	ASAP3
MRPS26	SRM
MRPS26	POLR3GL
MRPS26	NCBP2-AS2
MRPS26	BLOC1S4
MRPS26	NEU1
MRPS26	MAPKAPK5-AS1
MRPS26	MZT1
MRPS26	SEPHS2
MRPS26	FARSA
MRPS26	YDJC
MRPS26	TFIP11
UBOX5-AS1	C5orf66
UBOX5-AS1	AC024075.3
UBOX5-AS1	TYMP
DDRGK1	NDUFS2
DDRGK1	SARAF
DDRGK1	BMS1P14
DDRGK1	SF3B2
DDRGK1	KNOP1
DDRGK1	LINC01476
DDRGK1	AC008403.3
DDRGK1	KMT5C
SPEF1	GRM2
AL353194.1	SNAPC5
SLC23A2	DGKD
SLC23A2	RASA3
SLC23A2	L3MBTL1
GPCPD1	ODC1
GPCPD1	ZNF442
CHGB	SST
CHGB	NRN1
CHGB	AKAP12
PLCB1	ADGRL2
PLCB1	PLPPR5
PLCB1	RALGPS2
PLCB1	ZDBF2
PLCB1	PCDH7
PLCB1	MAN1A1
PLCB1	TTC39B
LAMP5	CXCL14
LAMP5	LRTM2
LAMP5	WIF1
LAMP5	PCDH8
LAMP5	CA4
SNAP25	MLLT11
SNAP25	C3orf80
SNAP25	CPLX1
SNAP25	UBE2QL1
SNAP25	PRKAR1B
SNAP25	GPRASP2
SNAP25	LY6E
SNAP25	DIRAS2
SNAP25	DKK3
SNAP25	NDRG4
SNAP25	DIRAS1
SLX4IP	ATP13A4
SLX4IP	ZDHHC21
AL035448.1	PM20D1
AL035448.1	AC064874.1
AL035448.1	AC069272.1
AL035448.1	AC022973.2
AL035448.1	AC008686.1
TASP1	IER2
MACROD2	GOLGA8A
KIF16B	COL28A1
KIF16B	LINC00630
KIF16B	C9orf152
KIF16B	MRC1
KIF16B	RPGRIP1L
KIF16B	TRPV3
KIF16B	ZNF519
KIF16B	AL390198.1
SNRPB2	ZNF589
SNRPB2	AC106707.1
DSTN	HTATSF1
MGME1	AC090061.1
PET117	KF456478.1
PET117	CHKB-DT
SMIM26	AC005696.1
SMIM26	NDUFA13
AL121900.1	AC016747.2
AL121900.1	AC125793.1
SLC24A3	PLEKHG5
SLC24A3	USH2A
SLC24A3	AC011247.1
SLC24A3	AC019197.1
SLC24A3	LINC01090
SLC24A3	RBM47
SLC24A3	MTTP
SLC24A3	FYB1
SLC24A3	COL23A1
SLC24A3	FAM110B
SLC24A3	DAPK1
SLC24A3	GRIN3A
SLC24A3	YAP1
SLC24A3	MKX
SLC24A3	HPSE2
SLC24A3	NETO2
SLC24A3	RAP1GAP2
SLC24A3	RAB37
SLC24A3	GNAL
SLC24A3	LAMA3
SLC24A3	IL27RA
SLC24A3	PCDH11Y
RIN2	AL121761.1
CRNKL1	ARL14EP
RALGAPA2	TPMT
RALGAPA2	ARMCX1
RALGAPA2	ADARB2
RALGAPA2	AP001347.1
LINC00237	ENPP5
LINC00237	ZNF492
KIZ-AS1	COL6A6
KIZ-AS1	AC002429.2
KIZ-AS1	AP000462.3
KIZ-AS1	AC022395.1
KIZ-AS1	AC090531.1
KIZ-AS1	AL049870.3
KIZ-AS1	AL035658.1
KIZ-AS1	MIR155HG
LINC01727	AC007879.3
CST3	VIM
CST3	GJB6
CST3	CLDN10
CST3	APOE
SYNDIG1	TAF1B
SYNDIG1	RASGRP3
SYNDIG1	EPB41L4A
SYNDIG1	AC007262.2
SYNDIG1	SYNE3
SYNDIG1	ZNF780B
ZNF337	APAF1
ZNF337	AC008758.4
AL031673.1	AC104411.1
ID1	ZNF823
BCL2L1	NDE1
AL117381.1	CBY3
AL117381.1	AC104532.2
XKR7	AC021205.3
XKR7	AC127070.2
EIF2S2	ATP6V1G2
ASIP	CPED1
MAP1LC3A	TMEM139
MAP1LC3A	MDK
ACSS2	LINC02210-CRHR1
GSS	LINC00571
MYH7B	MKS1
MYH7B	HNRNPL
PROCR	AL157871.1
MMP24	AL365356.1
MMP24	TNFAIP8L1
MMP24	AC012313.6
ERGIC3	PAQR7
SCAND1	ZNF593
SCAND1	ZNHIT2
SCAND1	MSRB1
NORAD	DAG1
NORAD	VMA21
NORAD	KBTBD6
NORAD	ORMDL3
NORAD	RTL6
NORAD	HSPA13
EPB41L1	VAMP8
EPB41L1	PDE6B
EPB41L1	VASH1
EPB41L1	AP005329.1
EPB41L1	AL121895.1
MYL9	TAF1A-AS1
SAMHD1	FRMPD1
MROH8	PAPPA2
MROH8	HSPA14-1
NNAT	DLK2
NNAT	SLCO1C1
CTNNBL1	FCRLB
CTNNBL1	MARCH8
RPRD1B	AL589702.1
RPRD1B	FAM126A
RPRD1B	CEP83
RPRD1B	SNX33
RPRD1B	NLRC3
KIAA1755	AC087623.2
KIAA1755	NQO1
KIAA1755	CUEDC1
KIAA1755	PTOV1-AS1
SLC32A1	DIRAS3
SLC32A1	AMER3
SLC32A1	MEPE
SLC32A1	C5orf49
SLC32A1	HSPB3
SLC32A1	VIP
SLC32A1	HTR5A-AS1
SLC32A1	PNOC
SLC32A1	CRH
SLC32A1	ASS1
SLC32A1	AL583859.2
SLC32A1	TMEM233
SLC32A1	B3GNT4
SLC32A1	CCNA1
SLC32A1	ASB2
PPP1R16B	PIK3C2B
PPP1R16B	TMEM63A
PPP1R16B	FAM178B
PPP1R16B	DPH3
PPP1R16B	PRR7-AS1
PPP1R16B	SNX3
PPP1R16B	SERAC1
PPP1R16B	AGPAT4
PPP1R16B	JAZF1
PPP1R16B	TSPAN15
PPP1R16B	ADAMTS14
PPP1R16B	HIP1R
PPP1R16B	TTC7B
PPP1R16B	MYO1E
PPP1R16B	PSMC3IP
PPP1R16B	MPP2
PPP1R16B	ACSS2
PPP1R16B	ZNF135
PPP1R16B	MICALL1
PPP1R16B	EVA1C
PTPRT	PXDN
PTPRT	KCNG3
PTPRT	AC010127.1
PTPRT	SGPP2
PTPRT	NYAP2
PTPRT	LINC01811
PTPRT	FRAS1
PTPRT	EMB
PTPRT	COL12A1
PTPRT	SAMD5
PTPRT	AL033504.1
PTPRT	COL26A1
PTPRT	AL442647.1
PTPRT	HS6ST2
PTPRT	FGF13
PTPRT	AC069133.1
PTPRT	MSC-AS1
PTPRT	SUSD1
PTPRT	ANO3
PTPRT	SLC22A10
PTPRT	PKNOX2
PTPRT	PFKP
PTPRT	PCDH15
PTPRT	PAPSS2
PTPRT	SORCS1
PTPRT	ABLIM1
PTPRT	GLT1D1
PTPRT	DACH1
PTPRT	MAP3K9
PTPRT	U91319.1
PTPRT	HS3ST2
PTPRT	ANKRD29
PTPRT	RNF165
PTPRT	KIAA1671
PTPRT	CACNG2
Z98752.3	TFAP2E
Z98752.3	AC035140.1
Z98752.3	GUCA1B
Z98752.3	AC005332.8
SGK2	AC104135.1
SGK2	AC097532.2
SGK2	TTLL4
SGK2	ZNF879
SGK2	AL136164.2
SGK2	CCM2
SGK2	HGSNAT
SGK2	ANGPTL2
SGK2	ZMIZ1-AS1
SGK2	ANO2
SGK2	SLC15A4
SGK2	MPP3
SGK2	GIPC1
SGK2	ZNF714
SGK2	AF038458.2
SGK2	CLTCL1
GDAP1L1	RASGRP1
HNF4A	VMO1
RIMS4	FES
YWHAB	PRPF19
TP53TG5	ADHFE1
TP53TG5	GLIPR2
TP53TG5	ST8SIA1
TP53TG5	AC005520.2
TP53TG5	AC110285.2
CTSA	FBXO10
SLC12A5	FBXL16
NCOA5	AL359921.1
NCOA5	PLGLB1
NCOA5	ZNF202
NCOA5	RPP30
NCOA5	ST3GAL2
CDH22	HS3ST1
AL133227.1	CNTROB
AL133227.1	CTC1
ELMO2	MAP3K12
SLC13A3	PLCH2
SLC13A3	PTPRF
SLC13A3	LINC01358
SLC13A3	ZNF639
SLC13A3	ELFN1
SLC13A3	SSPO
SLC13A3	SLC25A29
SLC13A3	IDH2-DT
SLC13A3	LRRC4B
SLC13A3	PTPRH
ZFAS1	DMRT2
ZFAS1	DCAF12
KCNB1	CNTNAP1
SLC9A8	AC092794.2
TSHZ2	SLC7A8
AL109930.1	AL513165.2
BCAS1	ATP10B
BCAS1	FAM168A
DOK5	PARVA
LINC01440	PAX8
LINC01440	MPP4
LINC01440	PDCL2
LINC01440	AC002463.1
LINC01440	AR
LINC01440	AL157778.1
LINC01440	AC105180.1
LINC01440	MYPN
LINC01440	LINC00427
LINC01440	AL132712.1
LINC01440	LTK
LINC01440	GRAMD2A
LINC01440	CSPG4
LINC01440	AC005288.1
LINC01440	AC019183.1
LINC01440	AP001099.1
LINC01440	ERVK-28
LINC01440	CRYBB2
RTF2	DCAF11
AL122058.1	SLCO6A1
STX16	AC009779.3
NPEPL1	POMT1
GNAS	MARCKS
ATP5F1E	C4orf48
ATP5F1E	NDUFA2
ATP5F1E	NDUFA1
ATP5F1E	RPS26
ATP5F1E	UQCR11
ATP5F1E	POLR2I
ATP5F1E	PRR34-AS1
ZNF831	RAB11FIP1
ZNF831	AC006581.2
PHACTR3	KAZN
PHACTR3	DNTTIP2
PHACTR3	HJV
PHACTR3	MBOAT2
PHACTR3	NIFK-AS1
PHACTR3	NPPC
PHACTR3	KLHL3
PHACTR3	NEURL1B
PHACTR3	C7orf43
PHACTR3	PIP4K2A
PHACTR3	PPP2R2D
PHACTR3	LRIG3
PHACTR3	DOCK9
PHACTR3	TUFM
PHACTR3	ZNF486
PHACTR3	C21orf62-AS1
PSMA7	FUT10
PSMA7	FABP5
PSMA7	ZFAS1
SS18L1	GTF2E1
SS18L1	PLA2G12A
SS18L1	SPDL1
SS18L1	AC018647.1
SS18L1	AC015726.1
SS18L1	PARD6G
SS18L1	FAM83D
ADRM1	HMGXB3
ADRM1	SUV39H1
ADRM1	TXNDC17
ADRM1	COASY
LAMA5	IMPDH1
SLCO4A1	FSIP1
COL9A3	HES6
COL9A3	TCTA
COL9A3	KDR
COL9A3	TREH
COL9A3	ROGDI
COL9A3	AC233723.1
COL9A3	HSBP1L1
ARFGAP1	PBX2
ARFGAP1	LCNL1
ARFGAP1	RPS6KB2
ARFGAP1	MTA1
ARFGAP1	UBAP1L
ARFGAP1	CHTF18
ARFGAP1	NPEPL1
ARFGAP1	AL121908.1
KCNQ2	TNFRSF25
KCNQ2	EXTL1
KCNQ2	PDLIM7
KCNQ2	MLXIPL
KCNQ2	STX1A
KCNQ2	PDZD4
KCNQ2	MAST1
KCNQ2	RASD2
EEF1A2	NCDN
PPDPF	HMGN2
PPDPF	AL596220.1
PPDPF	HAGLROS
PPDPF	FBXL17
PPDPF	AFDN-DT
PPDPF	FAM111A
PPDPF	TEN1
PPDPF	STX16-NPEPL1
PPDPF	CALR
PPDPF	S100B
STMN3	AC116565.1
AL121845.1	AC104117.5
TCEA2	PHKG2
MYT1	COL20A1
PCMTD2	AC082651.1
PCMTD2	FZD5
PCMTD2	LINC02585
PCMTD2	ZNF117
PCMTD2	AL117339.5
PCMTD2	CALCOCO1
PCMTD2	AC007773.1
PCMTD2	APOBEC3H
PCMTD2	N6AMT1
ODF3L2	SHC2
CDC34	C19orf54
BSG	PODXL2
BSG	UBLCP1
BSG	RHBDD2
BSG	MCRIP1
BSG	CTSA
BSG	CLIP3
HCN2	ART3
HCN2	SCN1B
PALM	AL157834.1
PALM	CEACAM19
PTBP1	ZNF384
PTBP1	ZNF286B
TMEM259	WDR90
TMEM259	RHOT2
TMEM259	GAA
TMEM259	DUS1L
GPX4	DDAH2
GPX4	AC116552.1
GPX4	GNAS-AS1
GPX4	AC010522.1
ATP5F1D	NDUFS8
ATP5F1D	NTHL1
CIRBP	PPIE
CIRBP	TRIM45
CIRBP	NUDT17
CIRBP	AL513217.1
CIRBP	AC092650.1
CIRBP	AC012368.1
CIRBP	TTLL3
CIRBP	AC099329.3
CIRBP	Z84492.1
CIRBP	MYH15
CIRBP	LHFPL2
CIRBP	PNISR
CIRBP	RBM48
CIRBP	CFTR
CIRBP	LUC7L2
CIRBP	ARSD
CIRBP	TAZ
CIRBP	DSCC1
CIRBP	COQ4
CIRBP	SLC25A45
CIRBP	CARNS1
CIRBP	ROBO3
CIRBP	LRRC27
CIRBP	AC004466.1
CIRBP	LIMA1
CIRBP	FAM19A2
CIRBP	RAD9B
CIRBP	TNFAIP2
CIRBP	AC090527.1
CIRBP	AC009090.3
CIRBP	AC105411.1
CIRBP	SEPT9
CIRBP	AC091551.1
CIRBP	AC090771.2
CIRBP	ITPA
CIRBP	NECAB3
CIRBP	ZNF675
CIRBP	AF038458.3
CIRBP	TRAPPC6A
CIRBP	P2RX6
CIRBP	AL031587.4
CIRBP	MRPS6
CIRBP	LINC01678
CIRBP	C21orf2
C19orf24	GPR137
NDUFS7	SIGIRR
NDUFS7	TECR
GAMT	PACSIN3
GAMT	MAG
DAZAP1	AL359317.1
DAZAP1	SNTA1
DAZAP1	AP001059.2
RPS15	SSR2
RPS15	MECOM
RPS15	RPL35A
RPS15	FLOT1
RPS15	LAMTOR4
RPS15	TCEAL8
RPS15	CXorf40A
RPS15	LINC01492
RPS15	POLR2L
RPS15	TIMM10
RPS15	PFDN5
RPS15	NUBP2
RPS15	RPL13
RPS15	NACA2
RPS15	CENPX
RPS15	TMEM147
RPS15	RPS19
RPS15	SNRPD2
RPS15	BAX
RPS15	RPS5
RPS15	NDUFA6
APC2	SH3BP2
APC2	PDE8B
APC2	KLF9
APC2	TMOD3
APC2	CYBC1
MEX3D	AL359233.1
MBD3	SRF
MBD3	ZNF316
MBD3	FIZ1
MBD3	ZNF865
UQCR11	PCOLCE2
UQCR11	SMIM26
UQCR11	AC006213.2
ATP8B3	CCDC190
ATP8B3	AC017076.1
ATP8B3	VWA8-AS1
ATP8B3	CCDC33
AC012615.1	AC108488.2
AC012615.1	ATP6V0E2-AS1
ABHD17A	METRN
ABHD17A	TBC1D10B
ABHD17A	SCAMP4
MKNK2	SLC26A6
MKNK2	PPM1K
MKNK2	TTC8
MKNK2	AC015909.2
IZUMO4	FADS3
DOT1L	BMP1
DOT1L	HAUS8
JSRP1	SH3D21
JSRP1	WNT11
LSM7	RPP25
SPPL2B	SAPCD2
TIMM13	CREB3
TIMM13	SLC35C1
TIMM13	WDR18
GADD45B	ATF3
GADD45B	PPP1R15A
GNG7	SLC25A33
GNG7	SEC14L5
SGTA	RASSF1
SGTA	FGFRL1
TLE6	DACT2
DOHH	ZNF598
DOHH	UBXN6
PIP5K1C	LINC00638
MATK	SYT17
MATK	SNPH
ZFR2	CD276
ATCAY	ABR
ZBTB7A	TPPP
ZBTB7A	SRRT
ZBTB7A	MAZ
ZBTB7A	COG8
ZBTB7A	REXO1
CREB3L3	CA3
ANKRD24	KCNC3
FSD1	KLHL17
FSD1	RIOK1
FSD1	TTYH3
FSD1	ZMYM3
FSD1	PLCB3
FSD1	CCDC88B
FSD1	USP35
FSD1	P3H4
FSD1	KAT2A
FSD1	SMTN
AC007292.2	AC040173.1
PLIN4	SYNJ2BP-COX16
DPP9	TCF3
MIR7-3HG	LBH
MIR7-3HG	TC2N
UHRF1	ZNF738
KDM4B	RNF215
SAFB2	NBPF9
SAFB2	MAP10
SAFB2	TRAM2-AS1
SAFB2	HPRT1
SAFB2	PPP1R32
SAFB2	ZNF641
SAFB2	MAPK1IP1L
SAFB2	AC004158.1
SAFB2	ZNF396
SAFB2	ZNF530
SAFB2	MORC2-AS1
RPL36	RPL34
RPL36	ANKRD49
RPL36	PRDM10
RPL36	ZBTB45
C19orf70	TIGD6
C19orf70	NFKBIL1
C19orf70	HINT2
C19orf70	NDUFS3
C19orf70	THAP7
CATSPERD	KCTD10
DUS3L	MAFG-DT
CAPS	ZFYVE19
ALKBH7	ZNF599
SLC25A23	TFE3
GPR108	BCDIN3D
GPR108	KNSTRN
GPR108	ALG12
TRIP10	AC119674.1
TRIP10	ENPP1
ADGRE1	LINC01676
ADGRE1	ZNF740
ADGRE1	SPNS3
ADGRE1	TTLL6
ADGRE1	C18orf54
ADGRE1	PRR5
ZNF358	RNPEPL1
ZNF358	FBXL13
ZNF358	FBXW5
ZNF358	ATN1
ZNF358	NACC1
MCOLN1	ZNF454
PNPLA6	CDK11B
PNPLA6	WDR6
PNPLA6	FCHSD1
PNPLA6	DGAT1
PNPLA6	USP3-AS1
PNPLA6	STK11
PNPLA6	AC005329.3
PNPLA6	CPT1C
AC022146.2	PLA2G4C-AS1
AC022146.2	AC011476.3
AC010323.1	ZC3H12D
RPS28	RAB24
RPS28	ADCK2
RPS28	DPF3
RPS28	AC009093.2
RPS28	USP6
RPS28	GPS2
RPS28	C18orf32
RPS28	RPS21
RAB11B	ST3GAL3
RAB11B	HECTD3
RAB11B	GLMP
RAB11B	QARS
RAB11B	PCBP4
RAB11B	IL11RA
RAB11B	DNAJC4
RAB11B	SEPT4
RAB11B	KXD1
MUC16	AC115618.1
UBL5	RABGGTB
UBL5	C8orf33
UBL5	AC005261.2
PIN1	ACOT8
EIF3G	NSUN5
EIF3G	PSPN
MRPL4	PMPCA
MRPL4	ZNF408
MRPL4	PIH1D1
ICAM1	HGF
ICAM1	AL691403.1
KEAP1	TNFAIP1
CDKN2D	SLC9A3R2
QTRT1	LINC00685
QTRT1	CHRNA6
QTRT1	ANAPC2
DNM2	PRKCZ
DNM2	TRIM62
DNM2	ARHGAP23
DNM2	SRCIN1
DNM2	NOL4L
DNM2	FCHO1
SMARCA4	TMEM39B
SMARCA4	TMEM268
SMARCA4	MCM8-AS1
SMARCA4	ITPKC
LDLR	CDHR1
LDLR	OLMALINC
LDLR	AACS
LDLR	SREBF2
KANK2	ARID3A
KANK2	QPCTL
TSPAN16	LINC01749
TSPAN16	MUC16
CCDC151	BLOC1S5-TXNDC5
CCDC151	VSIG10L
ELAVL3	CXXC5
ELAVL3	C6orf10
ELAVL3	AC005842.1
ELAVL3	BCAR1
ELAVL3	SLC2A4RG
ELOF1	TFRC
ELOF1	AC019163.1
ELOF1	CENPI
ZNF627	TEX46
TRIR	CUEDC2
ASNA1	PBXIP1
ASNA1	KLHDC3
ASNA1	PHF23
ASNA1	C19orf24
HOOK2	CYB561D1
HOOK2	GALM
HOOK2	SIRT4
HOOK2	PPP1R13L
JUNB	ZNF367
RNASEH2A	SLC39A8
MAST1	INPP5J
CALR	TCIM
CALR	PTPRD-AS1
CALR	NUCB1
RAD23A	PREB
RAD23A	GFER
TRMT1	SKIV2L
TRMT1	CPSF1
STX10	MGAT4B
STX10	KIAA0895
STX10	TOR2A
STX10	MUS81
STX10	AGAP2-AS1
STX10	RITA1
STX10	AC016876.1
STX10	C19orf66
CACNA1A	SCN8A
AC008686.1	AC090227.1
C19orf53	EIF3I
C19orf53	TIMP1
C19orf53	MRPL27
AC020916.1	HOMER3
PODNL1	ROPN1L
MISP3	AC078909.2
AC011509.2	AC021242.2
LINC01841	TMCO4
LINC01841	AL136985.3
LINC01841	TCF7L1
LINC01841	MELK
GIPC1	COL16A1
GIPC1	SETMAR
GIPC1	MYL5
GIPC1	PXN-AS1
GIPC1	PLLP
GIPC1	MARCH2
DNAJB1	SIAH2
DNAJB1	UBE2B
DNAJB1	SDHAF4
DNAJB1	ZNF136
TECR	AC109454.2
TECR	CASTOR1
NDUFB7	TSPYL1
NOTCH3	PYHIN1
NOTCH3	CGNL1
AKAP8L	LIMK1
AKAP8L	AC036214.1
AKAP8L	LENG8
PGLYRP2	AC007879.1
PGLYRP2	SEMA3F-AS1
NWD1	AC130324.1
MYO9B	PFKFB4
MYO9B	CLIP2
MYO9B	MLXIP
MYO9B	MAN2C1
MYO9B	RAB11FIP3
MYO9B	AC099489.1
MYO9B	RNF213
MYO9B	AC100778.3
MYO9B	DNM2
MYO9B	CATSPERG
USE1	AC245140.2
USE1	ANKRD54
OCEL1	EMILIN1
OCEL1	COQ10A
OCEL1	TMEM97
PLVAP	AL354892.1
FAM129C	DOK3
FAM129C	AC018638.6
FAM129C	AL117339.5
UNC13A	ZDHHC23
UNC13A	CPNE5
UNC13A	MEIS3
FCHO1	NUTM2A-AS1
FCHO1	ZNF268
FCHO1	PARP16
FCHO1	UNC45A
JAK3	EPS8L2
SLC5A5	NDST4
SLC5A5	OPRK1
SLC5A5	LINC02456
SLC5A5	ACOT6
SLC5A5	CREB3L3
SLC5A5	NRTN
SLC5A5	EXOC3L2
SLC5A5	RSPH6A
CCDC124	UCK1
ARRDC2	TIMELESS
ARRDC2	PLEKHF1
AC007192.2	SRSF12
AC007192.2	PXN
RAB3A	SYP
RAB3A	SNCG
RAB3A	ISLR
JUND	CBX4
JUND	CIC
GDF15	UBASH3B
KXD1	CDC34
UBA52	LYSMD1
UBA52	DMAC1
UBA52	HSBP1
UBA52	FAM210B
UBA52	TIMM13
CRLF1	DAZAP1
REX1BD	PCAT6
REX1BD	PTGES2
REX1BD	FXYD4
TMEM59L	ACHE
TMEM59L	RHBDL1
TMEM59L	RAC3
TMEM59L	YJEFN3
CRTC1	TBCE
CRTC1	NUDT12
CRTC1	AC124242.1
CRTC1	AC002996.1
AC005197.1	SMCR8
NDUFA13	COX6A1
YJEFN3	ECM1
YJEFN3	ELMO3
AC011447.3	ATAD2
AC008554.1	AC009107.1
ZNF708	TIPARP
AC010615.4	AC123912.1
ZNF43	ZNF85
ZNF208	ZNF257
ZNF728	ZNF676
ZNF254	AC092718.2
ZNF254	LINC00906
ERVK-28	AL121985.1
ERVK-28	BX004987.1
LINC00906	AC008991.1
UQCRFS1	AL513314.2
UQCRFS1	COPS8
AC011474.2	VSTM2B
C19orf12	JRKL
C19orf12	PLD2
C19orf12	COQ8B
ZNF536	LINC01135
ZNF536	APBB2
ZNF536	RETREG1
ZNF536	GRPEL2
ZNF536	TRAF3IP2-AS1
ZNF536	CENPW
ZNF536	AC073333.1
ZNF536	AUTS2
ZNF536	CDCA2
ZNF536	AC011978.2
ZNF536	CDC14B
ZNF536	GARNL3
ZNF536	PPM1H
ZNF536	ACACB
ZNF536	PLBD2
ZNF536	GNPNAT1
ZNF536	CATSPERB
ZNF536	TBC1D22A
DPY19L3	AC007495.1
LINC00904	HEPACAM2
LGI4	FSTL3
MAG	MARCKSL1
MAG	MED29
CD22	MR1
CD22	LGALS8
CD22	SERPINB1
CD22	AL359711.2
CD22	PABPC5
CD22	SEC31B
CD22	STARD3
CD22	TTLL9
CD22	ZNF99
FFAR3	AC027290.1
DMKN	CALCRL
DMKN	PNMA5
GAPDHS	GLB1L2
GAPDHS	Z69720.1
TMEM147	SULF2
UPK1A	CILP
ARHGAP33	AGRN
APLP1	FAM3A
APLP1	S1PR5
APLP1	KLK6
NFKBID	ISYNA1
SDHAF1	LINC00957
CLIP3	PRRT1
POLR2I	MUL1
POLR2I	PCGF1
POLR2I	TMEM31
POLR2I	PEX16
POLR2I	TRPT1
TBCB	VPS72
TBCB	GLS
TBCB	ARAF
TBCB	LDOC1
TBCB	SHARPIN
TBCB	CLEC4A
TBCB	RABGGTA
TBCB	HEATR3
TBCB	COPE
TBCB	RFXANK
TBCB	YIF1B
TBCB	MPST
CAPNS1	OTUB1
CAPNS1	GPS1
CAPNS1	TUBB4A
ZNF565	ZBTB8A
ZNF565	SLFNL1
ZNF565	CXorf38
ZNF565	SETD1B
ZNF146	AC092683.1
ZNF146	ZNF565
AC092295.2	AC068620.1
AC092295.2	AC084125.4
AC092295.2	DOCK9-DT
LINC01535	CS
LINC01535	MADCAM1
ZNF607	SHC1
SIPA1L3	KIF3C
SIPA1L3	CLIP2
SIPA1L3	CASTOR2
SIPA1L3	RAPGEF1
SIPA1L3	CLEC16A
SIPA1L3	AC093249.2
SIPA1L3	DNAJC5
SIPA1L3	PIP5K1C
SIPA1L3	RAVER1
SIPA1L3	PGPEP1
SIPA1L3	CRTC1
SIPA1L3	ZNF552
SIPA1L3	KLHL22
SIPA1L3	HIC2
SPINT2	MIR4435-2HG
SPINT2	VARS2
SPINT2	AL353768.1
SPINT2	ASTN2-AS1
SPINT2	GSN-AS1
SPINT2	ZFHX2
SPINT2	CEMIP
SPINT2	AC024619.3
SPINT2	ABHD15-AS1
SPINT2	AC005746.2
SPINT2	AC110285.3
PPP1R14A	YIF1A
PPP1R14A	ZCRB1
PPP1R14A	NPB
YIF1B	SF3A2
CATSPERG	FBXL18
AC008649.2	AL138921.1
ECH1	PNPLA2
ECH1	PHB2
HNRNPL	AL021368.3
SAMD4B	B3GALT2
SAMD4B	ADORA1
SAMD4B	AC006030.1
SAMD4B	DCTN1-AS1
SAMD4B	LRRTM2
SAMD4B	STK17A
SAMD4B	CA2
SAMD4B	TBC1D2
SAMD4B	DRD4
SAMD4B	OSBPL5
SAMD4B	AP000866.1
SAMD4B	PPA1
SAMD4B	C14orf132
SAMD4B	MIR193BHG
SAMD4B	MVP
SAMD4B	AC007610.1
SAMD4B	AC009108.3
SAMD4B	GAS7
SAMD4B	SMARCD2
SAMD4B	SGTA
SAMD4B	TPM4
SAMD4B	ZNF93
SAMD4B	ZNF577
PLEKHG2	EP300-AS1
RPS16	LSM1
RPS16	MAMDC2
RPS16	EXT2
RPS16	TRMT112
RPS16	MALAT1
RPS16	KLHDC4
RPS16	MYO18A
RPS16	MAP3K3
AC005393.1	AC010245.2
ZNF780B	PTPN22
ZNF780B	AC084036.1
ZNF780B	FGD1
ZNF780B	LRRC63
TTC9B	FEZF2
TTC9B	AC008780.2
TTC9B	TSPAN33
TTC9B	IGFBP4
AKT2	LENG8
AC008537.1	AC083880.1
AC008537.1	ZNF746
AC008537.1	RBMS2
AC008537.1	FO393400.1
AC008537.1	BRSK1
RPS19	ZNF90
ARHGEF1	COL11A2
ARHGEF1	BRSK2
ARHGEF1	AL022322.1
RABAC1	NAXE
RABAC1	AC104417.2
RABAC1	SAC3D1
RABAC1	TMEM11
GSK3A	ZMYND19
CIC	ABCD1
CIC	RBM38
PSG8	PSG8-AS1
PSG1	PSG6
PSG1	PSG11
PSG1	PSG2
PSG1	PSG4
PSG6	PRB1
PSG11	AC004784.1
PSG11	PSG9
ZNF428	MRPL2
SMG9	ELOA
SMG9	CELSR3
SMG9	ZBTB11-AS1
SMG9	AC019077.1
SMG9	NHLRC1
SMG9	AC005165.1
SMG9	SAP25
SMG9	SPINDOC
SMG9	AC069437.1
SMG9	GOLGA3
SMG9	AL355001.2
SMG9	CCDC196
SMG9	AL133367.1
SMG9	LINC02259
SMG9	TBCD
SMG9	NFATC2
SMG9	AC005261.1
SMG9	RANGAP1
SMG9	LINC01547
AC006213.2	ZNF404
AC006213.3	ZNF404
ZNF226	STARD5
NECTIN2	NR4A3
NKPD1	AC009065.1
CKM	AP002748.4
CKM	SULT1A2
CKM	CBSL
FOSB	AC007728.2
GIPR	GABBR1
GIPR	SSH3
GIPR	GDPD1
SNRPD2	TXNRD3
SNRPD2	STARD10
SNRPD2	ZNF774
SNRPD2	MBD2
SNRPD2	CCNE1
RSPH6A	FIGNL2
IRF2BP1	POU3F1
PGLYRP1	AC105001.1
AC007785.1	IGFL4
AC007193.1	AC103740.1
PNMA8A	PNMA8C
PPP5D1	TIPIN
CALM3	UCHL1
CALM3	NAP1L3
CALM3	ATP6V1B2
CALM3	CEND1
CALM3	SPRYD3
CALM3	ZDHHC22
TMEM160	CLGN
TMEM160	GRINA
TMEM160	C9orf16
TMEM160	CCDC85B
TMEM160	COMTD1
TMEM160	RND2
TMEM160	ARL4D
TMEM160	ZNF549
MEIS3	STUM
KPTN	ARMC6
AC010331.1	FDXR
SELENOW	MTCH1
SELENOW	SNHG7
SELENOW	RCE1
SELENOW	ZNHIT3
SELENOW	SLC39A6
CRX	AC068759.1
CRX	C14orf39
PLA2G4C	STX3
AC011466.3	ISPD-AS1
AC011466.3	AC007216.2
AC008403.3	ING2
AC008403.3	HMGN3
AC008403.3	AC016257.1
RPL18	SNAPIN
RPL18	AC009309.1
RPL18	RETREG2
RPL18	RPSA
RPL18	SLC35A4
RPL18	LMAN2
RPL18	SMIM29
RPL18	UBXN1
RPL18	FKBP2
RPL18	TRAPPC1
RPL18	PSMC5
RPL18	NDUFS7
RPL18	ALKBH7
RPL18	ZNF574
CA11	ANKRD34A
CA11	FAIM
CA11	RAB9B
CA11	SLC29A2
CA11	TTLL12
IZUMO1	RASIP1
PPP1R15A	ATF3
FTL	ELL
FTL	ZNF302
FTL	CBR1
PPFIA3	RASGRP2
PPFIA3	RTN2
SLC17A7	FNDC10
SLC17A7	C1orf115
SLC17A7	AC062028.1
SLC17A7	ADCYAP1R1
SLC17A7	PTPN5
SLC17A7	DOC2A
SLC17A7	CX3CL1
RPL13A	F13A1
RPL13A	C6orf48
RPL13A	RPL27A
RPL13A	RPL21
RPL13A	RPS17
RPL13A	RPS11
RPS11	RPL22
RPS11	POLR2G
RPS11	REEP6
RPS11	RPL36
RPS11	UBA52
PRR12	KMT2D
PRR12	ZNF267
ADM5	FITM1
PTOV1	AC239868.3
PTOV1	MAT2A
PTOV1	BOK
PTOV1	AC096711.2
PTOV1	EEF1D
PTOV1	MAMDC4
PTOV1	AC139530.3
PTOV1	ZGLP1
POLD1	TRPV4
MYBPC2	TRIP13
MYBPC2	LINC01484
MYBPC2	PAX5
MYBPC2	LINC01503
MYBPC2	BBOX1
MYBPC2	AL133417.1
MYBPC2	ACOT2
JOSD2	TBL3
JOSD2	MCRIP1
C19orf81	ROM1
C19orf81	PIP4K2C
C19orf81	C19orf44
CLEC11A	HYAL2
CLEC11A	AC010331.1
KLK6	PLPP2
IGLON5	AL365361.1
ETFB	TALDO1
FPR1	MROH7-TTC4
ZNF577	AL355388.2
ZNF577	ZNF649
AC011468.5	FP236315.1
AC011468.3	NOM1
AC011468.3	AP003392.6
AC011468.3	MPI
AC011468.3	LRP5L
ZNF578	AC020928.1
ZNF160	ZNF415
ZNF160	ZNF347
NLRP12	AC103409.1
NDUFA3	WDR74
NDUFA3	PSME2
NDUFA3	ZNF776
RPS9	PRRC2C
LENG8	ATAD3B
LENG8	ZNF783
LENG8	CDK9
LENG8	UAP1L1
LENG8	PABPN1
LENG8	TRPV1
LENG8	ARHGAP33
LENG8	ZDHHC8
NLRP7	AC021851.1
NLRP7	CLRN1-AS1
NLRP7	LINC02265
NLRP7	LINC02334
SYT5	NSG2
BRSK1	NOTCH1
BRSK1	MCAM
BRSK1	POLR2A
BRSK1	LENG8
KMT5C	AP4M1
RPL28	IMPDH2
RPL28	SEC62
RPL28	EEF1A1
RPL28	UXT
RPL28	RTL8C
RPL28	RTL8A
RPL28	CDKN2B-AS1
RPL28	ATP5MC2
RPL28	RNF167
RPL28	PFN1
RPL28	RANGRF
RPL28	AMZ2
RPL28	PPDPF
RPL28	DHPS
ISOC2	HDHD3
NLRP5	MOCOS
EDDM13	SLC25A15
ZNF471	PLEKHA2
ZNF471	AC005498.3
ZNF471	ZNF550
ZNF471	ZNF134
AC005261.1	AL442071.1
AC005261.1	HNMT
AC005261.1	AC016766.1
AC005261.1	AL139023.1
AC005261.1	AF123462.1
AC005261.1	CORO7
AC005261.1	AL022328.2
ZNF587	AC009148.1
RPS5	RPL24
RPS5	FAM124A
ZNF324	C9orf41-AS1
TRIM28	SCAMP3
TRIM28	RWDD4
TRIM28	AL359091.4
TRIM28	SDR39U1
TRIM28	GSK3A
CHMP2A	PSMB4
CHMP2A	MIS18A
ZFY	RPS4Y1
ZFY	TTTY15
ZFY	TTTY10
TMSB4Y	ZFY
TMSB4Y	ZFY-AS1
TMSB4Y	LINC00278
TMSB4Y	AC010889.1
TTTY14	USP9Y
AC010889.1	AC006157.1
KDM5D	XIST
KDM5D	AC006157.1
KDM5D	LINC00279
KDM5D	DDX3Y
KDM5D	UTY
KDM5D	TMSB4Y
KDM5D	NLGN4Y
KDM5D	TTTY14
KDM5D	AC010889.1
KDM5D	EIF1AY
CECR2	UTP11
CECR2	BCL10
CECR2	AC115622.1
CECR2	UNC119B
ATP6V1E1	ESS2
MICAL3	ASAP2
MICAL3	IDH1-AS1
MICAL3	AC016708.1
MICAL3	GLB1L
MICAL3	ADCY5
MICAL3	NPHP3-AS1
MICAL3	MYNN
MICAL3	WHRN
MICAL3	CCNY
MICAL3	RILPL2
MICAL3	RILPL1
MICAL3	AC092376.1
MICAL3	FBXO31
MICAL3	VPS16
MICAL3	KDM4B
MICAL3	NUP50-DT
AC008079.2	AC009948.1
AC008079.2	AL358781.1
TMEM191B	TMEM191C
PRODH	AC007325.2
SLC25A1	CAVIN1
MRPL40	NECAP2
MRPL40	ANAPC15
MRPL40	MRPL57
MRPL40	VPS25
MRPL40	MOCS3
COMT	USP19
COMT	AHCY
AC006547.1	AC025171.2
RANBP1	GALK1
ZDHHC8	GTPBP2
ZDHHC8	CACTIN
THAP7	AC040169.1
P2RX6	THBS3
P2RX6	AC104035.1
GGT2	GPC4
YPEL1	AL021707.2
CHCHD10	NUDT14
CHCHD10	WFDC1
DDT	SMIM6
DDT	URB1-AS1
CABIN1	AC026741.1
CABIN1	FANCE
CABIN1	C14orf28
GGT1	PLAC8L1
PIWIL3	AC246785.3
PIWIL3	AC012510.1
SGSM1	PLEKHA6
SGSM1	MCM3
MYO18B	COL4A4
MYO18B	INPP5D
SEZ6L	MAP7D2
SEZ6L	SLC45A4
MIAT	SLC12A8
MIAT	CSMD1
MIATNB	XKR6
RFPL1S	SLC16A14
UQCR10	NDUFB4
UQCR10	UQCRB
UQCR10	SRP14
ASCC2	CES2
HORMAD2-AS1	RIIAD1
HORMAD2-AS1	GNLY
HORMAD2-AS1	FRMPD3-AS1
HORMAD2-AS1	RCVRN
CASTOR1	DUSP9
SEC14L4	CYP27C1
SEC14L4	EGFLAM
SEC14L4	AL683807.1
SLC35E4	PDZD2
OSBP2	HSPG2
OSBP2	CYTH3
OSBP2	CD22
OSBP2	ZSWIM9
OSBP2	SLC35E4
SELENOM	RGN
SELENOM	AL390067.1
SELENOM	AC091271.1
INPP5J	GRIP2
PIK3IP1-AS1	AL354733.2
PRR14L	AL669831.5
PRR14L	AL139011.2
PRR14L	AC016773.1
PRR14L	AC004130.1
PRR14L	APTR
PRR14L	ZNF182
PRR14L	DDX55
PRR14L	GOLGA3
PRR14L	NRL
PRR14L	WDR89
PRR14L	AC091167.6
YWHAH	TMSB10
YWHAH	PFKM
YWHAH	ITPKA
YWHAH	CALM3
SYN3	IGSF9B
SYN3	SLC37A1
MYH9	ADAMTSL2
MYH9	ST3GAL4
KCTD17	GAS2L1
MFNG	SPATA45
CDC42EP1	B3GAT3
LGALS1	DCN
TRIOBP	P3H1
TRIOBP	CD72
MICALL1	LURAP1
POLR2F	SDC3
POLR2F	KDELC2
AL031587.1	AGAP5
AL031587.4	RANBP6
AL031587.4	C11orf74
AL031587.4	ZNF582-AS1
MAFF	ZSWIM4
CSNK1E	SRGAP2C
CSNK1E	AL161457.2
CSNK1E	AC092140.2
CSNK1E	MEX3D
SUN2	AMPD2
SUN2	SEC61A1
SUN2	ZMAT3
SUN2	WFS1
SUN2	TAPBP
SUN2	CDKN1C
SUN2	SHMT2
SUN2	GHDC
SUN2	CENPB
SUN2	PTBP1
SUN2	SHKBP1
SUN2	KCTD17
AL021707.1	SHF
AL021707.1	GNG8
APOBEC3H	TMEM269
APOBEC3H	CR2
APOBEC3H	AC105053.1
PDGFB	FOSB
RPL3	BX284668.5
RPL3	TMEM183A
RPL3	NHSL2
RPL3	BRMS1
ATF4	RSAD1
ATF4	CYTH2
RPS19BP1	GUK1
RPS19BP1	CCDC167
RPS19BP1	NTMT1
RPS19BP1	ANAPC11
SGSM3	FAM50A
AL022238.2	IL12RB2
AL022238.2	LINC02576
AL022238.2	AL591926.2
AL022238.2	LDHAL6A
AL022238.2	LATS2-AS1
AL022238.2	LINC01476
AL022238.2	SLA2
ST13	HSPA1L
RBX1	AC012668.3
RANGAP1	PTPN7
RANGAP1	ZMYND10
RANGAP1	TMEM63B
RANGAP1	AGAP3
RANGAP1	SYNPO2L
RANGAP1	TCAP
RANGAP1	OSBPL7
RANGAP1	ZNF850
RANGAP1	CNOT3
TOB2	MAT2A
TCF20	LDLRAP1
TCF20	SOX13
TCF20	AL589843.1
TCF20	CCDC85C
TSPO	S100A1
EFCAB6	FAM229A
EFCAB6	EFHB
SULT4A1	RAB3B
SULT4A1	CDK5R2
SULT4A1	RAB6B
SULT4A1	CPLX2
SULT4A1	PRKAG2-AS1
SULT4A1	GPR162
SULT4A1	CHGA
SULT4A1	VSTM2L
SULT4A1	ETS2
SHISAL1	NUDT11
SMC1B	AL096799.1
MIRLET7BHG	EIF2B4
MIRLET7BHG	CMTM8
MIRLET7BHG	ZBTB47
MIRLET7BHG	ACOX3
MIRLET7BHG	RPL26L1
MIRLET7BHG	PDGFA
MIRLET7BHG	ZNF727
MIRLET7BHG	ZNF138
MIRLET7BHG	SND1
MIRLET7BHG	AL160272.1
MIRLET7BHG	DDX31
MIRLET7BHG	NAP1L4
MIRLET7BHG	ORAOV1
MIRLET7BHG	CCDC6
MIRLET7BHG	LDB1
MIRLET7BHG	NCOR2
MIRLET7BHG	LYRM1
MIRLET7BHG	MTHFSD
MIRLET7BHG	KSR1
MIRLET7BHG	SNX11
MIRLET7BHG	METTL23
MIRLET7BHG	AL117335.1
MIRLET7BHG	AL109930.1
MIRLET7BHG	RTF2
MIRLET7BHG	LINC01535
MIRLET7BHG	ZNF274
MIRLET7BHG	AC020915.3
MIRLET7BHG	AP000688.2
AL118516.1	AC109347.1
TBC1D22A	EIPR1
TBC1D22A	BTBD9
TBC1D22A	C8orf76
TBC1D22A	PRDM11
TBC1D22A	PRPF40B
BRD1	AL391244.3
BRD1	TRIM68
BRD1	MON1B
PIM3	AC125618.1
PIM3	DUSP1
PIM3	TAP1
PIM3	DLL1
PIM3	KTN1-AS1
PIM3	MAFF
MLC1	EZR
MLC1	SLCO1C1
SELENOO	SLC25A28
SELENOO	MED24
HDAC10	TPM2
MAPK11	KIFC2
MAPK11	SOHLH1
DENND6B	PIGQ
LMF2	AC138969.1
CPT1B	TNNI3K
CPT1B	AC012668.3
CPT1B	AC138035.2
CPT1B	AC084024.3
FP565260.2	ZBTB3
FP565260.2	ZNF69
FP565260.6	FP565260.1
CU633967.1	AC011043.1
U2AF1L5	U2AF1
FP671120.1	AC019330.1
FP671120.1	FP236383.1
FP236383.1	MTRNR2L12
CR381653.1	BX004987.1
CR381653.1	AL354822.1
LIPI	AC112211.1
LIPI	SSC4D
LIPI	AC145207.1
AJ009632.2	VWA3A
USP25	SLC4A7
LINC01549	AL445470.1
LINC01549	PDE11A
LINC01549	AC004930.1
BTG3	BMP8B
C21orf91	TAF1A
C21orf91	AC068051.1
C21orf91	FBXO8
C21orf91	ZBED8
C21orf91	C10orf88
C21orf91	AC084816.1
C21orf91	LLPH-DT
TMPRSS15	LGR6
TMPRSS15	GLI2
TMPRSS15	AC093459.1
TMPRSS15	AC128685.1
TMPRSS15	AL355512.1
TMPRSS15	AL355390.2
TMPRSS15	AC018512.1
TMPRSS15	MYBPC2
MIR548XHG	IQGAP2
LINC00320	LAMB3
LINC00320	CD44
AP000561.1	TP63
AP000561.1	LINC01989
LINC00158	AP001341.1
MRPL39	ECI2
ATP5PF	LRWD1
ATP5PF	MRPS33
ATP5PF	POLB
ATP5PF	AL122035.1
ATP5PF	LUC7L
AP001439.1	AC109587.1
ADAMTS1	PCDH10
ADAMTS1	MED20
ADAMTS1	FGF22
AF165147.1	LINC01695
N6AMT1	LIG4
AF129075.2	AL358472.4
AF129075.2	AC024575.1
AF129075.2	AC006213.1
AF129075.2	LINC01637
BACH1	MND1
BACH1	IQCH-AS1
GRIK1	CYP1B1-AS1
GRIK1	RARB
GRIK1	SIDT1
GRIK1	SEPT11
GRIK1	VCL
SOD1	NUDC
SOD1	PMVK
SOD1	CACYBP
SOD1	MRPL18
SOD1	PSMB1
SOD1	CCT6A
SOD1	CLU
SOD1	ATP6V1G1
SOD1	CRYAB
SOD1	NACA
SOD1	CCT2
SOD1	RASL11A
SOD1	TPT1
SOD1	GON7
SOD1	TADA2A
SOD1	NOP56
SOD1	SNRPA
SOD1	CCT8
SOD1	AP001412.1
LINC00159	RFC3
URB1-AS1	AC026304.1
URB1-AS1	SCAMP1-AS1
EVA1C	BOD1
EVA1C	DENND2A
EVA1C	TECPR2
EVA1C	AC010542.3
CFAP298	AL450998.2
CFAP298	AGGF1
PAXBP1-AS1	PYCR3
PAXBP1	PCDHB2
PAXBP1	EIF2S3B
PAXBP1	ARGLU1
PAXBP1	TEP1
PAXBP1	SYNM
PAXBP1	ZNF805
PAXBP1	ZNF460
PAXBP1	FP236383.1
C21orf62-AS1	AC044839.5
C21orf62-AS1	FAM234B
C21orf62-AS1	PDE3A
C21orf62-AS1	MTERF2
C21orf62-AS1	AL354696.2
C21orf62	PLCG1-AS1
AP000282.1	VANGL2
AP000282.1	AC068633.1
AP000282.1	ADGRA3
AP000282.1	TRIM26
AP000282.1	TSPAN19
AP000282.1	LINC02338
AP000282.1	FFAR1
OLIG2	AC104109.3
OLIG2	MBD6
OLIG2	TRAF4
OLIG2	SOX9
OLIG2	CBX8
OLIG1	LINC02112
OLIG1	SLC35B2
OLIG1	PPP1CA
OLIG1	TMEM136
OLIG1	OLIG2
AP000302.1	SLC22A13
AP000311.1	ZBTB20-AS5
AP000311.1	TCF7
AP000311.1	AL136979.1
AP000311.1	AL359922.1
AP000311.1	PGLYRP1
MRPS6	SLC16A4
MRPS6	MAEL
MRPS6	EPCAM
MRPS6	GPR75-ASB3
MRPS6	METTL21A
MRPS6	ARL9
MRPS6	DNAJB6
MRPS6	DDHD2
MRPS6	RANBP6
MRPS6	TMEM246-AS1
MRPS6	NOXA1
MRPS6	OSGEP
MRPS6	AC051619.4
MRPS6	SNX22
MRPS6	ZNF287
MRPS6	ZNF554
MRPS6	DOPEY2
LINC00310	DUSP19
LINC00310	LRRN1
LINC00310	CEP41
LINC00310	UCP3
LINC00310	C17orf51
LINC00310	AC090241.3
LINC00310	AP000317.1
AP000317.1	IL20RB
CLIC6	SAMD7
CLIC6	IGF2BP2
CLIC6	AC137810.1
CLIC6	AC114956.2
CLIC6	HMMR
CLIC6	RIBC1
CLIC6	OVCH1-AS1
CLIC6	AC122688.2
CLIC6	MMP14
CLIC6	AC129492.3
CLIC6	LAIR1
CLIC6	TNNT1
CLIC6	USP18
CBR1	AP000688.2
DOPEY2	MBLAC2
DYRK1A	SORT1
DYRK1A	FNDC3B
DYRK1A	CAMK2D
DYRK1A	SNX13
DYRK1A	SPACA9
DYRK1A	BCL9L
DYRK1A	FBXO34
DYRK1A	ZNF541
DYRK1A	NRIP1
PCP4	GCHFR
PCP4	LAMP5
BACE2	LINC00323
C2CD2	VOPP1
PDE9A	MYO10
PKNOX1	MTHFR
PKNOX1	IBA57
PKNOX1	RNF123
PKNOX1	TMEM128
PKNOX1	FASTKD3
PKNOX1	DTX2
PKNOX1	AC006115.3
PDXK	CRELD1
PDXK	FLNA
PDXK	FGFR1
CSTB	RNF7
CSTB	AC010359.1
CSTB	ZNF280C
CSTB	MSRB2
CSTB	DDIT3
CSTB	AF129408.1
TRAPPC10	AC012603.1
TRAPPC10	SH3TC2
TRAPPC10	ARMT1
TRAPPC10	AC009264.1
TRAPPC10	RCL1
TRAPPC10	AL691420.1
TRAPPC10	ARNTL
TRAPPC10	AC090692.1
TRAPPC10	LPAR5
TRAPPC10	GTSF1
TRAPPC10	STX2
TRAPPC10	CMTM3
TRAPPC10	AC005670.1
TRAPPC10	FECH
TRAPPC10	EYA2
PWP2	FP565260.1
PWP2	GATD3A
LINC01678	IGDCC3
UBE2G2	DCST1
UBE2G2	DEDD
UBE2G2	MFAP3L
UBE2G2	FOXP4
UBE2G2	AC037459.3
UBE2G2	LINC00535
UBE2G2	PLET1
UBE2G2	AL136418.1
UBE2G2	CAPN15
FTCD	SPATC1L
LSS	LINC01990
LSS	AC004076.1
LSS	FTCD
AP001469.1	AC072022.1
PCNT	AC034236.2
PCNT	AC103736.1
PCNT	B4GALNT3
PCNT	AC116913.1
PCNT	AC008752.2
DIP2A	UGDH
DIP2A	KEL
DIP2A	AC073342.1
DIP2A	MAOA
DIP2A	MATN2
DIP2A	FAM168A
DIP2A	DENND5B-AS1
DIP2A	UNG
DIP2A	BRCA1
DIP2A	UBE2Z
DIP2A	DAZAP1
DIP2A	GRAMD4
DIP2A	AP000254.1
AC240274.1	NBPF1
