AGRN	PLEC
ACAP3	AGRN
ACAP3	SCNN1D
ACAP3	GBA
ACAP3	AC010890.1
ACAP3	RTP5
ACAP3	NAT8L
ACAP3	PSTPIP1
ACAP3	AATK
ACAP3	MEGF8
ACAP3	ERCC2
ACAP3	DMPK
CPTP	SLC10A3
AURKAIP1	MORN2
VWA1	ZNF598
ATAD3B	RECQL5
AL590822.2	AMPD3
FAAP20	PIGQ
HES5	PDLIM3
AJAP1	ATOH8
AJAP1	LINC02107
AJAP1	NAT16
AJAP1	LRP5
AJAP1	AFAP1L2
AJAP1	ALG1
AJAP1	BCAR1
AJAP1	ZNF469
CHD5	LINC01106
AL031848.2	AC072039.2
AL031848.2	AC008592.4
ESPN	AL121652.1
PER3	PER2
AL034417.3	AC024592.3
AL034417.3	CKM
ENO1	SMIM3
ENO1-AS1	AL512328.1
ENO1-AS1	AC024560.3
ENO1-AS1	AC108067.1
ENO1-AS1	AC004069.1
ENO1-AS1	RGS14
ENO1-AS1	LY6G5B
ENO1-AS1	CACNA1F
ENO1-AS1	AC022762.2
ENO1-AS1	AC009509.4
CA6	LINC00538
CA6	RHOH
CA6	AC073957.3
CA6	ARSH
CA6	HNRNPUL2-BSCL2
CA6	CDCA3
CA6	AL121594.1
CA6	AC005544.1
CA6	AC020915.5
MIR34AHG	MOCS2
MIR34AHG	DDB2
MIR34AHG	COL4A2
TARDBP	ZNF506
AL031291.1	ZNF211
FBXO2	SLC16A11
MAD2L2	LRGUK
C1orf167	Z84488.2
C1orf167	TMEM225B
C1orf167	MEIG1
TNFRSF1B	AC007370.1
TNFRSF1B	LINC01992
TNFRSF1B	LINC00904
DHRS3	POLR3C
AL450998.2	AKR1E2
EPHA2	FAM98C
PADI2	PLEKHG3
PADI4	EDN1
PADI4	C10orf142
PADI4	PPP1R36
PADI4	LRRC57
PAX7	LRRC8C-DT
AL080251.1	AC073111.3
CAMK2N1	ZNF335
DDOST	EAF1
RAP1GAP	PLEKHG5
RAP1GAP	TMEM130
RAP1GAP	GPC2
RAP1GAP	HTR2C
RAP1GAP	POLL
C1QA	C1QB
C1QA	CTXN3
C1QA	HLA-DRA
C1QA	SLCO1C1
ASAP3	TCEA3
ID3	AL592148.3
ID3	AC012065.4
ID3	FAM228A
ID3	MCM2
ID3	KLB
ID3	EMCN
ID3	TRIM60
ID3	AC010132.4
ID3	FLNC-AS1
ID3	AC060234.1
ID3	FOXJ2
ID3	AC006581.1
ID3	TAC3
ID3	AC125603.2
ID3	NIPA2
ID3	AC020917.2
ID3	CENPM
IFNLR1	GJB1
IFNLR1	UPB1
GRHL3	AL138902.1
GRHL3	GYPA
GRHL3	AP003438.1
CLIC4	YBX3
CLIC4	CRY1
STMN1	CHMP3
STMN1	BEX1
STMN1	LY6E
STMN1	DOLK
SLC30A2	AC010425.1
SLC30A2	AC023024.1
FAM110D	PPP1R1B
SH3BGRL3	ZNF672
SH3BGRL3	C9orf78
SH3BGRL3	TINF2
SH3BGRL3	MSRB1
DHDDS	URB2
IFI6	ISG15
IFI6	HERC6
IFI6	IFIT3
IFI6	IFIT1
IFI6	OAS1
IFI6	ATF5
IFI6	USP18
THEMIS2	ELK4
PTAFR	CCDC110
PTAFR	AC006116.8
ATP5IF1	IGSF8
ATP5IF1	TMEM128
ATP5IF1	MRPL2
ATP5IF1	CNPY4
ATP5IF1	HMOX2
AL357500.1	AC124312.3
AL357500.1	KF456478.1
ZCCHC17	AL136115.2
ZCCHC17	GOLPH3L
ZCCHC17	AL365259.1
ZCCHC17	RFX3-AS1
ZCCHC17	AC069209.1
SERINC2	MR1
SERINC2	MAS1
SERINC2	AL161935.1
LCK	FO704657.1
LCK	LINC01141
LCK	IFI44L
LCK	AC104836.1
LCK	ABCA4
LCK	AC114485.1
LCK	TSPAN2
LCK	TENT5C
LCK	FAM72B
LCK	HJV
LCK	C2CD4D
LCK	AL583804.1
LCK	DTL
LCK	LINC01744
LCK	RBM34
LCK	AC104794.2
LCK	AC018467.1
LCK	NEURL3
LCK	EDAR
LCK	LINC01191
LCK	AMER3
LCK	MPP4
LCK	GPR1
LCK	AC012668.3
LCK	AC104184.1
LCK	AC006058.3
LCK	LINC02027
LCK	MUC13
LCK	ACAD11
LCK	AC078788.1
LCK	AC068985.1
LCK	SPATA16
LCK	LINC02015
LCK	KLHL6
LCK	LINC01840
LCK	CYTL1
LCK	AC017091.1
LCK	AC116049.2
LCK	NPFFR2
LCK	PLAC8
LCK	AC004704.1
LCK	TDO2
LCK	AC020551.1
LCK	LINC00290
LCK	ADAMTS12
LCK	AC010359.1
LCK	F2R
LCK	AC010230.1
LCK	AC005592.1
LCK	CCDC69
LCK	FGFR4
LCK	AC008443.6
LCK	POU5F1
LCK	ATP6V1G2-DDX39B
LCK	CYP21A2
LCK	DDX43
LCK	LINC01268
LCK	ELFN1
LCK	AC237221.1
LCK	AC000058.1
LCK	MUC12
LCK	FLNC
LCK	SMKR1
LCK	AC091736.1
LCK	XG
LCK	PLP2
LCK	FRMPD3-AS1
LCK	SOX7
LCK	AC090809.1
LCK	SDR16C5
LCK	AC034114.2
LCK	AC060765.1
LCK	GRHL2
LCK	NOV
LCK	AC016405.3
LCK	CASC11
LCK	SPAAR
LCK	C9orf152
LCK	ZBTB26
LCK	AL157935.2
LCK	AL592211.1
LCK	AL353803.2
LCK	C9orf116
LCK	AP006621.4
LCK	HPX
LCK	ZNF215
LCK	AC044810.3
LCK	AC027779.1
LCK	LDHAL6A
LCK	AC009652.2
LCK	AL078612.1
LCK	AC022796.1
LCK	AC021006.2
LCK	CD5
LCK	SCGB1A1
LCK	MAJIN
LCK	ARL2-SNX15
LCK	THRSP
LCK	AP003066.1
LCK	PGR
LCK	AP002989.1
LCK	AP003390.1
LCK	POU2F3
LCK	SPA17
LCK	AL391427.1
LCK	CABCOCO1
LCK	AC073176.3
LCK	SH2D4B
LCK	AL121929.2
LCK	AC010998.1
LCK	BTBD16
LCK	CPXM2
LCK	NOP2
LCK	CLEC2A
LCK	OVCH1
LCK	MUC19
LCK	AC079313.2
LCK	LLPH-DT
LCK	SDS
LCK	TMEM233
LCK	AL136439.1
LCK	CSNK1A1L
LCK	AL512506.3
LCK	SLC25A30-AS1
LCK	LINC01068
LCK	PCK2
LCK	LINC02327
LCK	C14orf39
LCK	ISM2
LCK	AC093334.1
LCK	ITGA11
LCK	NPW
LCK	AC008915.2
LCK	MT4
LCK	AC009107.1
LCK	CA7
LCK	KCTD19
LCK	VMO1
LCK	ADORA2B
LCK	LINC02086
LCK	CA4
LCK	AP005901.2
LCK	AC103987.2
LCK	RAD21L1
LCK	AL121890.5
LCK	CASC20
LCK	ZNF341-AS1
LCK	AL035420.1
LCK	SLPI
LCK	RBPJL
LCK	AL157838.1
LCK	AL109955.1
LCK	LINC01749
LCK	UCKL1-AS1
LCK	CCL25
LCK	OR7D2
LCK	ICAM1
LCK	GDF15
LCK	ZNF571-AS1
LCK	ACP7
LCK	AC092301.1
LCK	DHDH
LCK	A1BG
LCK	AP000265.1
LCK	DSCR9
LCK	AP001062.1
LCK	COL6A2
MARCKSL1	MANEAL
MARCKSL1	ADI1
MARCKSL1	ANKRD30BL
MARCKSL1	RWDD2A
MARCKSL1	ASF1A
MARCKSL1	SRI
MARCKSL1	FAM3A
MARCKSL1	VBP1
MARCKSL1	MAF1
MARCKSL1	ENHO
MARCKSL1	CD81
MARCKSL1	INTS5
MARCKSL1	CFL1
MARCKSL1	BANF1
MARCKSL1	LAMTOR1
MARCKSL1	CMTM5
MARCKSL1	NUDT16L1
MARCKSL1	DEXI
MARCKSL1	SLC25A11
MARCKSL1	CNP
MARCKSL1	VPS25
MARCKSL1	ISOC2
MARCKSL1	ZNF524
MARCKSL1	TXN2
SYNC	TMEM246-AS1
SYNC	NRG4
SYNC	LENG8
YARS	GPRIN3
AL020995.1	ZNF256
TRIM62	SPRY4
TRIM62	AC008742.1
AL513327.1	FASTKD2
AL513327.1	TCF7
AL513327.1	AL133227.1
SFPQ	ABCB10
SFPQ	TRAF3IP1
SFPQ	FAIM
SFPQ	AC016933.1
SFPQ	SKIL
SFPQ	SNX18
SFPQ	ZNF777
SFPQ	ZNF75D
SFPQ	MAP6
SFPQ	ZNF202
SFPQ	MSANTD2
SFPQ	GDF11
SFPQ	GSKIP
SFPQ	AVEN
SFPQ	EFL1
SFPQ	KAT14
SFPQ	NCOA5
SFPQ	ZC3H4
SFPQ	ZNF154
AGO1	NUP35
AGO1	ALG11
LSM10	LINC01238
LSM10	PALB2
C1orf122	LYSMD3
C1orf122	FAM181B
C1orf122	UBE2S
MYCBP	LINC01031
MYCBP	AC105760.2
MYCBP	AP001033.1
NDUFS5	TMSB10
NDUFS5	TOMM7
NDUFS5	PPIA
NDUFS5	AC087239.1
NDUFS5	COX7A1
AL033527.4	TNFRSF8
AL033527.4	IL1R1
AL033527.4	MICA
AL033527.4	CECR3
MYCL	AC008429.3
MYCL	AC092070.4
PPT1	SRSF8
COL9A2	COL9A3
AL031289.1	KCNQ4
AC098484.2	SPATA45
AC098484.2	NLRP3
TMEM125	KLK6
MED8	GPX7
KDM4A-AS1	AC004130.1
AL357079.1	SPATA33
IPO13	MSL3
ATP6V0B	SCAMP3
ATP6V0B	RASL11B
ATP6V0B	CNIH2
ATP6V0B	GLRX5
ATP6V0B	COPRS
ATP6V0B	MRPL4
ATP6V0B	TMEM59L
AL139220.2	NCAN
RPS8	TCEAL5
RPS8	PLPBP
RPS8	POLE3
RPS8	RSL1D1
RPS8	PDRG1
BTBD19	ZNF268
UROD	GLMP
LINC01144	AC008649.2
PRDX1	MARCKSL1
PRDX1	PHGDH
PRDX1	CCDC121
PRDX1	UBB
PRDX1	ALKBH7
PRDX1	SELENOW
AL358075.4	AC092813.1
AL358075.4	IDO2
AL358075.4	AC023762.1
AL358075.4	GRTP1-AS1
AL358075.4	LINGO1-AS1
AL358075.4	AC139530.3
AL358075.4	AC092364.1
CYP4A22-AS1	KLF17
AGBL4	ULK4
AGBL4	DNAH12
AGBL4	PRDM5
AGBL4	C5orf51
AGBL4	CENPQ
AGBL4	ADAT2
AGBL4	LRRC6
AGBL4	LETMD1
AGBL4	CLYBL
AGBL4	DPH6
AGBL4	EFCAB6
AL596275.2	DEUP1
LRP8	WDR66
TTC4	ENDOD1
PLPP3	CCDC18
PLPP3	GREB1
PLPP3	AC078785.1
PLPP3	SLC7A1
DAB1-AS1	ASCL5
DAB1-AS1	SMAD1-AS2
DAB1-AS1	AC011853.2
DAB1-AS1	AC022903.1
JUN	NES
JUN	KLF6
JUN	TRIM47
JUN	P2RX6
LINC01135	SUCLG2-AS1
LINC01135	DICER1-AS1
LINC01135	AL354824.1
C1orf87	IFNLR1
C1orf87	LINC01707
C1orf87	NUDT4B
C1orf87	CASQ1
C1orf87	LINC01804
C1orf87	EFEMP1
C1orf87	ST3GAL5-AS1
C1orf87	AC012510.1
C1orf87	ACOX2
C1orf87	LINC02054
C1orf87	TEC
C1orf87	AC110751.1
C1orf87	LINC02233
C1orf87	AC114321.1
C1orf87	KIFC1
C1orf87	AL365226.1
C1orf87	GJB7
C1orf87	AL355297.3
C1orf87	TFEC
C1orf87	AL591501.1
C1orf87	SUV39H1
C1orf87	TKTL1
C1orf87	AC022730.4
C1orf87	AL354707.1
C1orf87	AL513165.1
C1orf87	B3GNT10
C1orf87	AGPAT2
C1orf87	OR9Q1
C1orf87	CDC42EP2
C1orf87	MRLN
C1orf87	AC140847.2
C1orf87	LINC02450
C1orf87	SMAGP
C1orf87	AC122685.1
C1orf87	AC131009.2
C1orf87	CDKN3
C1orf87	SMAD6
C1orf87	RPP25
C1orf87	AC013565.1
C1orf87	NR2F2
C1orf87	HBA2
C1orf87	Z69706.1
C1orf87	TMEM114
C1orf87	NUPR1
C1orf87	LINC01568
C1orf87	OR3A3
C1orf87	INCA1
C1orf87	AC005695.1
C1orf87	SLC5A10
C1orf87	AC130324.1
C1orf87	TBC1D3L
C1orf87	IGFBP4
C1orf87	MPO
C1orf87	AC046185.1
C1orf87	CASC17
C1orf87	SPTLC3
C1orf87	INSM1
C1orf87	LINC01431
C1orf87	LBP
C1orf87	SDC4
C1orf87	AC005808.1
C1orf87	JSRP1
C1orf87	AC073534.2
C1orf87	HPN-AS1
C1orf87	ZNF296
C1orf87	ZNF600
C1orf87	SHISAL1
C1orf87	PRR5
LINC01748	AC099792.1
AC099791.2	PABPC5
AL139294.1	AC093305.1
AL139294.1	AL021368.2
AL139294.1	FP325318.1
LEPR	DUBR
LEPR	LYRM2
LEPR	AL732314.6
LEPR	TPH1
LEPR	OLMALINC
LEPR	DRAIC
LEPR	PRR22
LEPR	ZNF497
IL12RB2	NACC1
GADD45A	LINC01170
GADD45A	LFNG
GADD45A	ARC
GADD45A	AL157400.3
GADD45A	IDH3A
GADD45A	EMP2
GADD45A	PMP22
GADD45A	SERPINB8
WLS	DIRAS3
WLS	RUNDC3B
WLS	UNC5B
AL158840.1	AC131953.1
AL354872.2	HTRA3
AL354872.2	AL049870.2
ZRANB2-AS1	AP002075.1
ZRANB2-AS1	AL354733.3
AL354949.1	AC069224.1
FPGT-TNNI3K	FRRS1
FPGT-TNNI3K	FITM1
AC093158.1	ERCC6L
AC093158.1	AC136624.2
AC093158.1	SLC14A2
LRRC53	ELOVL2-AS1
LRRC53	PLG
LRRC53	PCOLCE-AS1
LRRC53	AC074386.1
LRRC53	AC024896.1
LRRC53	AC091117.2
ST6GALNAC5	DLGAP2
ST6GALNAC5	SLC8A2
AL035409.1	AC096677.1
ADGRL2	EPHA3
ADGRL2	SIDT1
ADGRL2	DNAH2
AL359504.2	AC009812.1
RPF1	ZNF184
CYR61	TNFRSF14
LINC01364	ZNF724
GBP2	ATAD3C
GBP2	RPS6KA1
GBP2	GBP1
GBP2	THEGL
GBP2	NPNT
GBP2	AC115622.1
GBP2	PCDHB11
GBP2	ST8SIA6
GBP2	TEAD4
GBP2	GNPNAT1
GBP2	SLC35F4
GBP2	TNFRSF12A
GBP2	HIC1
GBP2	AL121760.1
GBP2	BCL3
LRRC8D	MYADM
TGFBR3	SLC44A3
RPL5	PAQR3
TMED5	CDC26
ABCA4	AL157904.1
ABCA4	AC246785.3
ABCA4	AL451050.2
ABCA4	RAD51AP2
ABCA4	AC010096.1
ABCA4	AC009313.1
ABCA4	CASP10
ABCA4	AC137630.1
ABCA4	TRAIP
ABCA4	AC104078.2
ABCA4	RAD50
ABCA4	AC091563.1
ABCA4	SYK
ABCA4	AP004609.3
ABCA4	SLC5A2
ABCA4	AC090618.1
ABCA4	TJP3
ABCA4	AC005523.1
ABCA4	C5AR1
ABCA4	RRAS
ABCA4	ITGB2
AC095033.1	AC124045.1
AC095033.1	FBXO40
AC092802.2	AC048380.1
DPYD	MIR137HG
MIR137HG	LINC01776
AL589990.1	AL731566.1
AL589990.1	AL355922.5
AL589990.1	SLA2
AC093157.1	AC084816.1
LINC01709	AC079148.1
LINC01709	AC099560.1
LINC01709	AC121764.1
LINC01709	OTOP1
LINC01709	ROPN1L
LINC01709	EMB
LINC01709	AC011396.2
LINC01709	LINC01951
LINC01709	BMP6
LINC01709	SAPCD1-AS1
LINC01709	LINC02526
LINC01709	AC138647.1
LINC01709	AP002347.1
LINC01709	GUCY2C
LINC01709	AC078929.1
LINC01709	PXMP2
LINC01709	SLC7A7
LINC01709	AC020659.2
LINC01709	AC145285.3
LINC01709	MLKL
LINC01709	AC021683.2
LINC01709	TMC8
LINC01709	DSC1
LINC01709	AL022328.3
OLFM3	MOB1A
AC114485.1	AC074117.1
AC114485.1	CNGB3
LINC01677	NOP14-AS1
LINC01677	AC011978.2
LINC01677	MRPL45
LINC01677	ZNF773
VAV3-AS1	EGF
VAV3-AS1	AL513164.1
C1orf194	ID3
PSRC1	AC009831.1
GPR61	AC024575.1
AMPD2	SLC4A2
AMPD2	IL11RA
AMPD2	FIZ1
AMPD2	U2AF2
AMPD2	RASD2
GSTM5	LINC01768
AHCYL1	MTHFD2
AHCYL1	PTH2R
LAMTOR5	ANKRD34A
LAMTOR5	CCDC115
LAMTOR5	SCRG1
LAMTOR5	LMAN2
LAMTOR5	NHP2
LAMTOR5	MRPL50
LAMTOR5	MMP2
AL355816.2	AL590822.2
AL355816.2	CA6
AL355816.2	MCOLN2
AL355816.2	LINC01709
AL355816.2	C1orf194
AL355816.2	AC239803.3
AL355816.2	SH2D1B
AL355816.2	AL353708.1
AL355816.2	AC005034.4
AL355816.2	IL1RL2
AL355816.2	DYTN
AL355816.2	COL6A3
AL355816.2	RBMS3-AS1
AL355816.2	STAC
AL355816.2	AC104435.2
AL355816.2	TMPRSS7
AL355816.2	ROPN1B
AL355816.2	AC016252.1
AL355816.2	NAALADL2-AS1
AL355816.2	AC107294.1
AL355816.2	AC092966.1
AL355816.2	NCAPG
AL355816.2	LINC02506
AL355816.2	SNCA-AS1
AL355816.2	AC019131.2
AL355816.2	AC095050.1
AL355816.2	AC027627.1
AL355816.2	NKD2
AL355816.2	LINC02211
AL355816.2	MED7
AL355816.2	DRD1
AL355816.2	GCM2
AL355816.2	AL158198.1
AL355816.2	HLA-DMB
AL355816.2	KCNK5
AL355816.2	AL353588.1
AL355816.2	GLYATL3
AL355816.2	AC008080.1
AL355816.2	TRIM50
AL355816.2	AC004946.1
AL355816.2	Z69733.1
AL355816.2	GUCY2F
AL355816.2	NUGGC
AL355816.2	LINC00589
AL355816.2	AC138356.1
AL355816.2	AC090735.1
AL355816.2	SLC7A13
AL355816.2	COLEC10
AL355816.2	IL33
AL355816.2	DNAJC25-GNG10
AL355816.2	ZBTB34
AL355816.2	BX649632.1
AL355816.2	MUC6
AL355816.2	MMP3
AL355816.2	IL2RA
AL355816.2	ADIRF
AL355816.2	ITGA5
AL355816.2	AC024941.2
AL355816.2	CEP83-DT
AL355816.2	CLIP1-AS1
AL355816.2	AC026333.4
AL355816.2	AL160035.1
AL355816.2	AL138690.1
AL355816.2	AL356580.1
AL355816.2	CFAP97D2
AL355816.2	AL049775.2
AL355816.2	ZBTB42
AL355816.2	LIPC
AL355816.2	LINC01169
AL355816.2	KIF23
AL355816.2	SLC28A1
AL355816.2	MYOCD
AL355816.2	AC005726.4
AL355816.2	PSTPIP2
AL355816.2	MATN4
AL355816.2	CD40
AL355816.2	LINC01440
AL355816.2	CYP4F12
AL355816.2	AC008738.4
AL355816.2	IGFLR1
AL355816.2	CLC
AL355816.2	TEX101
AL355816.2	LINC01864
AL355816.2	AC012313.8
AL355816.2	CPT1B
AL355816.2	CU638689.4
AL355816.2	AP001464.1
AL355816.2	LINC01424
DENND2D	BST1
CHI3L2	AC245407.2
CHI3L2	AC104472.3
CHI3L2	EEF1AKMT4-ECE2
CHI3L2	AC008572.1
CHI3L2	AC005355.1
CHI3L2	LY6G5C
CHI3L2	ABHD16A
CHI3L2	SLC26A4-AS1
CHI3L2	AL691447.2
CHI3L2	AC026367.3
CHI3L2	ENO3
CHI3L2	AC104984.2
CHI3L2	WFDC10B
CHI3L2	KANK3
CHI3L2	LINC01534
CHI3L2	AC011455.2
TMIGD3	KCNMB3
TMIGD3	THEMIS
TMIGD3	C16orf74
TMIGD3	NOTCH3
RHOC	PREB
RHOC	PNPLA7
AL137856.1	C1orf195
AL137856.1	G6PC2
AL137856.1	AC112719.2
AL137856.1	AL133216.1
AL137856.1	LINC02370
AL137856.1	AC018529.1
SYCP1	MTAP
SYCP1	BIN2
SYCP1	PABPC3
CASQ2	CA14
CASQ2	AC092687.1
CASQ2	ZFP57
CASQ2	PDLIM1
CASQ2	GDF15
CASQ2	BHMG1
AL365318.1	OAZ3
AL365318.1	AL713999.1
AL365318.1	MIR217HG
AL365318.1	RSPO3
AL365318.1	C6orf99
AL365318.1	FAM221B
AL365318.1	AP001107.1
AL365318.1	AP003170.3
AL365318.1	CCNA1
AL365318.1	LCMT1-AS2
AL365318.1	AC134312.4
AL365318.1	AC008133.1
AL365318.1	PRCD
AL365318.1	AP000919.3
AL365318.1	AC008537.2
AL365318.1	LINC01315
MAB21L3	TRPC4
AL157904.1	ZNF239
TENT5C	AC012464.3
FAM72B	ARHGEF16
FAM72B	AC097724.1
FAM72B	AC015982.1
FAM72B	GALNT5
FAM72B	LINC01967
FAM72B	AC069257.3
FAM72B	AC093772.1
FAM72B	AC122694.1
FAM72B	AL390208.1
FAM72B	AC072061.1
FAM72B	AC005009.2
FAM72B	AC073486.1
FAM72B	OPLAH
FAM72B	SLC5A12
FAM72B	AL137145.1
FAM72B	OIT3
FAM72B	AC078927.1
FAM72B	AC020892.1
FAM72B	ISLR2
FAM72B	AP005328.2
FAM72B	AP001496.2
FAM72B	FAM71E1
FAM72B	AC007228.2
AC245014.1	MRPL39
POLR3C	C16orf70
RBM8A	CNNM3
RBM8A	ATF4
TXNIP	NMNAT1
HJV	AC016710.1
HJV	KYNU
HJV	LAMP3
HJV	HINT3
HJV	AC083880.1
HJV	LINC01606
HJV	LINC00588
HJV	AP000880.1
HJV	AL137786.1
HJV	KIF22
HJV	AC007785.3
AC239803.2	FAM131C
AC239803.2	IRGM
AC239803.2	ZNF467
AC239803.2	LINC02288
AC239803.2	AL359237.1
AC239803.2	AC011990.1
AC239803.2	ZNF837
AC239803.3	AC083843.3
LINC01731	AC010501.1
NUDT4B	DCHS1
AC239802.2	AC109811.1
AC239802.2	AC068643.2
AC239802.2	AL118558.3
AC239802.2	AC036103.1
AC239802.2	SWSAP1
AC239802.2	NOP53-AS1
NBPF19	LYSMD4
AC239868.2	CLN6
SF3B4	TPGS1
CA14	GNL2
CA14	CENPF
CA14	AC097460.1
MRPS21	CCDC51
MRPS21	TCTA
MRPS21	SRSF2
MRPS21	RANBP3
MRPS21	FBXL12
MRPS21	SH3BGR
MRPS21	C21orf2
FALEC	AL359643.2
CTXND2	AC092167.1
CTXND2	SMC1A
CTXND2	FER1L6-AS2
CTXND2	SMC2-AS1
CTXND2	LINC02384
CTXND2	AL135999.1
CTXND2	AC106886.3
CTXND2	ZNF426-DT
ANXA9	ADAMTSL4
ANXA9	HDAC11-AS1
ANXA9	AC110491.3
ANXA9	CXorf36
ANXA9	PNMA6F
ANXA9	MEP1B
ANXA9	MMP11
SCNM1	IPO11
RIIAD1	C1orf167
OAZ3	GLYATL3
HRNR	AC092068.1
S100A6	S100A10
S100A6	PAICS
S100A6	AC093673.1
S100A6	WHAMM
S100A16	VWA1
S100A16	PSMB2
S100A16	DNAJC27-AS1
S100A16	FNDC4
S100A16	RBP1
S100A16	FJX1
S100A16	MISP3
S100A1	S100A13
SNAPIN	SMYD4
SNAPIN	AC008403.3
ILF2	PSMD3
AL358472.4	AL359881.3
JTB	ACHE
JTB	LRWD1
JTB	LRP10
JTB	RNFT1
JTB	LSM7
JTB	C19orf66
JTB	SNRPA
RPS27	AC004053.1
RPS27	AC018618.1
NUP210L	ZNF20
C1orf189	SLC22A13
HAX1	CYP2R1
IL6R-AS1	NUP50
IL6R	AC083798.2
IL6R	NT5E
IL6R	ZNF658
SHE	C1RL-AS1
TDRD10	AC010531.3
KCNN3	ABLIM1
EFNA1	AC018557.1
KRTCAP2	AC244453.1
KRTCAP2	DCTN1
KRTCAP2	RNF44
KRTCAP2	CYP51A1
KRTCAP2	LINC01428
KRTCAP2	UCKL1
KRTCAP2	IL10RB
AL355388.2	HSPBAP1
SSR2	B4GALT7
SSR2	COQ3
SSR2	TRMT2B
CCT3	NUDC
CCT3	RAP2C-AS1
CCT3	DNAJA1
CCT3	AP001157.1
CCT3	AHSA1
CCT3	MROH8
CCT3	SLC9A8
CCT3	ZNF66
CCT3	SPHK2
CCT3	DOPEY2
C1orf61	HES5
C1orf61	ADORA1
C1orf61	STRIP2
C1orf61	LHPP
C1orf61	EHD4
C1orf61	ALDH1A3
NAXE	TOR3A
NAXE	ISOC1
AL590666.2	STAT6
NTRK1	CIART
NTRK1	AL356356.1
NTRK1	ADAMTS4
NTRK1	AL391811.1
NTRK1	LINC01819
NTRK1	LINC01800
NTRK1	GPR78
NTRK1	SPDL1
NTRK1	AC137579.1
NTRK1	AL135934.1
NTRK1	AP003733.3
NTRK1	PKD2L1
NTRK1	LINC00596
NTRK1	LTB4R
NTRK1	ZNF774
NTRK1	ZNF850
NTRK1	ACR
PEA15	RRAGC
PEA15	PSMD10
PEA15	VMA21
PEA15	SDCBP
AL354714.1	MYCL
AL354714.1	TMEM61
AL354714.1	AL355388.2
AL354714.1	AC092155.1
AL354714.1	LINC02585
AL354714.1	AC004982.1
AL354714.1	AC083864.2
AL354714.1	PASD1
AL354714.1	SCARA5
AL354714.1	AF186192.1
AL354714.1	AC069287.1
AL354714.1	TUNAR
AL354714.1	CCNB2
AL354714.1	AC016987.1
AL354714.1	AC007906.2
AL354714.1	AC087289.3
AL354714.1	AC011825.4
AL354714.1	TNFRSF11A
AL354714.1	ZNF560
AL354714.1	AP000322.1
F11R	AL591806.3
PFDN2	CHMP7
NR1I3	CGN
NR1I3	TNNT2
NR1I3	AC068633.1
NR1I3	PRLR
NR1I3	TWNK
NR1I3	HEATR9
NR1I3	AC004231.1
NR1I3	GMIP
FCGR2A	FCRLB
FCGR2A	ABCG5
FCGR2A	PEX13
FCGR2A	LINC01091
FCGR2A	LINC01574
FCGR2A	KLHL35
FCGR2A	SYT15
FCGR2A	PMEL
FCGR2A	KCNK13
FCGR2A	MMP28
FCGR2A	PLTP
FCGR2A	AC011468.5
FCRLB	AC016257.1
SH2D1B	AC091685.1
SH2D1B	EIF1AD
SH2D1B	SLC15A5
SH2D1B	TDG
AL499616.1	ITGA6
AL499616.1	GYPB
AL499616.1	AP002373.1
AL499616.1	AC007656.1
AL499616.1	NUSAP1
AL499616.1	AC008440.2
AL626787.1	LINC00502
AL023755.1	TUFT1
AL023755.1	CLK2
AL023755.1	AC005329.1
ATP1B1	GOT1
AL021068.1	AC096639.1
AL021068.1	AC027682.2
AL021068.1	AC004223.3
SELE	FUCA1
SELE	NCMAP
SELE	AC093423.3
SELE	AC245100.7
SELE	CTSS
SELE	AC234582.1
SELE	MYOCOS
SELE	AL031599.1
SELE	AL356272.1
SELE	AL390860.1
SELE	LINC01865
SELE	KCNG3
SELE	NR4A2
SELE	B3GALT1
SELE	AC012594.1
SELE	ABCA12
SELE	INPP5D
SELE	SCN10A
SELE	HHLA2
SELE	ACPP
SELE	AC096992.2
SELE	VEPH1
SELE	GPR160
SELE	TRMT44
SELE	AC016687.3
SELE	AC016687.2
SELE	CDS1
SELE	LINC00499
SELE	CCL28
SELE	AC112206.2
SELE	AC109492.1
SELE	GPX3
SELE	AC010609.1
SELE	FABP6
SELE	HMMR
SELE	CAGE1
SELE	GRM4
SELE	PRSS35
SELE	FRK
SELE	OPRM1
SELE	NPY
SELE	CPVL
SELE	AC018647.1
SELE	TRGC2
SELE	PGAM2
SELE	ABCA13
SELE	LINC01446
SELE	AC093655.1
SELE	FKBP6
SELE	AC078845.1
SELE	AKR1D1
SELE	GPR143
SELE	WWC3-AS1
SELE	AF196972.1
SELE	PHKA1-AS1
SELE	RP1L1
SELE	TNFRSF10A
SELE	AC105999.1
SELE	AC023866.2
SELE	DPYS
SELE	AC068413.1
SELE	FER1L6
SELE	RASEF
SELE	LINC01508
SELE	LAMC3
SELE	AC090791.1
SELE	AP001458.2
SELE	SIPA1
SELE	AP003781.1
SELE	DCUN1D5
SELE	AP002856.2
SELE	ADAM8
SELE	DYRK4
SELE	CD4
SELE	LINC02471
SELE	KRT8
SELE	LINC02341
SELE	AL136295.5
SELE	AL121852.1
SELE	ASB2
SELE	PWRN1
SELE	LTK
SELE	AC084782.1
SELE	CHRNA5
SELE	IDH2-DT
SELE	AC012409.2
SELE	AC005363.2
SELE	EIF3CL
SELE	AC012322.1
SELE	AC009055.1
SELE	CMTM2
SELE	AC106729.1
SELE	LINC01229
SELE	AC007846.2
SELE	AC040977.2
SELE	MTRNR2L1
SELE	AC022916.1
SELE	ASB16
SELE	SKAP1
SELE	PECAM1
SELE	AC132938.1
SELE	IMPA2
SELE	LINC01478
SELE	AC091691.2
SELE	BPIFB1
SELE	LINC01754
SELE	HRH3
SELE	ASF1B
SELE	FAAP24
SELE	ALKBH6
SELE	AC243967.1
SELE	AC243967.2
SELE	TMEM150B
SELE	ZNF304
SELE	AC010737.1
SELE	USP41
SELE	ADORA2A-AS1
SELE	INPP5J
SELE	BPIFC
SELE	FBLN1
SELE	TMPRSS15
SELE	CLIC6
SELE	AP001412.1
MROH9	FMO3
MROH9	STARD4-AS1
MROH9	RHCG
MROH9	ZNF552
AL021026.1	AL445673.1
ZBTB37	LINC01562
ZBTB37	SEMA3B
ZBTB37	LRFN4
ZBTB37	SLC26A10
CACYBP	AC010735.2
CACYBP	PEX7
CACYBP	CD163L1
CACYBP	NDUFV2-AS1
TNN	AC022031.2
KIAA0040	TGFBR3
KIAA0040	BCL2L11
KIAA0040	RELL1
KIAA0040	SRPX
KIAA0040	SULF1
KIAA0040	NANOS1
KIAA0040	HELB
KIAA0040	GFAP
KIAA0040	APOL2
Z94057.1	ZRANB2-AS1
Z94057.1	AL357992.1
Z94057.1	AC037450.1
Z94057.1	AC009060.1
ANGPTL1	AC114760.2
ANGPTL1	SLC6A1-AS1
ANGPTL1	PFKFB4
ANGPTL1	ABI3BP
ANGPTL1	TPPP
ANGPTL1	SMIM18
ANGPTL1	ARHGAP39
ANGPTL1	ZNF883
ANGPTL1	AP002954.1
ANGPTL1	FBXL19
ANGPTL1	PSKH1
AL353708.2	AC103993.1
AL353708.1	SHISAL2A
AL353708.1	CEP41
GLUL	ATF3
GLUL	AGT
GLUL	AL391422.3
GLUL	LINC01563
RGSL1	LINC01482
RGS16	RNF19B
RGS16	FRMPD3
RGS16	ALDH1A2
SHCBP1L	LRAT
LAMC2	AC024022.1
LAMC2	AC009365.1
LAMC2	RPS6KB2-AS1
LAMC2	NEK3
LAMC2	TRPV2
LAMC2	LINC01989
AL354771.1	AC079584.1
AL354771.1	AC010127.1
AL354771.1	AC055733.2
AL354771.1	AC107021.1
AL354771.1	C9orf84
AL354771.1	C12orf40
AL354771.1	SPART-AS1
AL354771.1	AL117190.2
AL354771.1	AC005828.1
UCHL5	AC073655.2
MIR181A1HG	AC093157.1
MIR181A1HG	ZNF804A
MIR181A1HG	AC005237.1
MIR181A1HG	IMPG2
MIR181A1HG	FBXO30
MIR181A1HG	AL136366.1
MIR181A1HG	AC008127.1
MIR181A1HG	KATNAL1
MIR181A1HG	SALL3
MIR181A1HG	GATD3A
LINC01221	SYCP1
LINC01221	ABCG8
LINC01221	AC087857.1
LINC01221	AF213884.3
LINC01221	CSF1R
LINC01221	AL645940.1
LINC01221	AL583856.2
LINC01221	C7orf57
LINC01221	BLACE
LINC01221	AC068992.1
LINC01221	PLAG1
LINC01221	OR1L8
LINC01221	AP000812.1
LINC01221	ADAMTS15
LINC01221	AL390763.2
LINC01221	AC008056.2
LINC01221	AC009063.3
LINC01221	DPEP1
LINC01221	ATP2A3
LINC01221	ST6GALNAC2
AC104461.1	AC005618.1
CSRP1	RAB39B
CSRP1	IGLON5
IPO9-AS1	MASP2
IPO9-AS1	AL138787.2
IPO9-AS1	RHBDL2
IPO9-AS1	SLC5A9
IPO9-AS1	MROH9
IPO9-AS1	FMO2
IPO9-AS1	PRELP
IPO9-AS1	RBKS
IPO9-AS1	AC017083.1
IPO9-AS1	AC092683.2
IPO9-AS1	RBMS3-AS3
IPO9-AS1	LRTM1
IPO9-AS1	AC026347.1
IPO9-AS1	KCNMB2-AS1
IPO9-AS1	AC092343.1
IPO9-AS1	AC010260.1
IPO9-AS1	JAKMIP2-AS1
IPO9-AS1	MAK
IPO9-AS1	APOBEC2
IPO9-AS1	Z99289.1
IPO9-AS1	COL10A1
IPO9-AS1	AL035634.1
IPO9-AS1	SFRP4
IPO9-AS1	AC004830.1
IPO9-AS1	SLC26A5
IPO9-AS1	CFTR
IPO9-AS1	AC007938.3
IPO9-AS1	DIAPH2-AS1
IPO9-AS1	AC023590.1
IPO9-AS1	NDUFB9
IPO9-AS1	AL807761.4
IPO9-AS1	AC103794.1
IPO9-AS1	AP002336.2
IPO9-AS1	AP000943.3
IPO9-AS1	AP002433.1
IPO9-AS1	AP000892.1
IPO9-AS1	AP004147.1
IPO9-AS1	AC044781.1
IPO9-AS1	AL356258.1
IPO9-AS1	CTNNA3
IPO9-AS1	RRP12
IPO9-AS1	FAM90A1
IPO9-AS1	PZP
IPO9-AS1	BCL2L14
IPO9-AS1	CISTR
IPO9-AS1	AC078778.1
IPO9-AS1	AC025165.2
IPO9-AS1	FAM222A-AS1
IPO9-AS1	AC127164.1
IPO9-AS1	FREM2-AS1
IPO9-AS1	AL359706.1
IPO9-AS1	AL136418.1
IPO9-AS1	ZC2HC1C
IPO9-AS1	AL356805.1
IPO9-AS1	AC123768.3
IPO9-AS1	IQCH
IPO9-AS1	AC009690.2
IPO9-AS1	FSD2
IPO9-AS1	AC015712.2
IPO9-AS1	LINC01567
IPO9-AS1	AC009137.1
IPO9-AS1	LINC01572
IPO9-AS1	AC009163.1
IPO9-AS1	CPHXL
IPO9-AS1	AC005695.2
IPO9-AS1	CCDC144NL-AS1
IPO9-AS1	AC005920.2
IPO9-AS1	MARCH10
IPO9-AS1	AC005208.1
IPO9-AS1	LINC02003
IPO9-AS1	AP005329.2
IPO9-AS1	DLGAP1-AS3
IPO9-AS1	AP005131.1
IPO9-AS1	TMEM241
IPO9-AS1	OVOL2
IPO9-AS1	FO393401.1
IPO9-AS1	ZBTB32
IPO9-AS1	SPINT2
IPO9-AS1	CEACAM1
IPO9-AS1	BICRA-AS1
IPO9-AS1	Z83844.2
SHISA4	CPTP
SHISA4	MUL1
SHISA4	SNX17
SHISA4	RXRB
SHISA4	SLC35B2
SHISA4	PORCN
SHISA4	AC021242.3
SHISA4	DCTN6
SHISA4	GRINA
SHISA4	SIGMAR1
SHISA4	SMPD1
SHISA4	FAM89B
SHISA4	EI24
SHISA4	MCRIP2
SHISA4	MLST8
SHISA4	CDIPT
SHISA4	ZNF688
SHISA4	PLLP
SHISA4	CHMP1A
SHISA4	CXCL16
SHISA4	MCRIP1
SHISA4	NDUFS7
SHISA4	KEAP1
GPR37L1	CTDSP1
GPR37L1	CSPG5
GPR37L1	GM2A
GPR37L1	FZD9
GPR37L1	ATP6V0E2
GPR37L1	HGH1
GPR37L1	TMEM151A
GPR37L1	SPRN
GPR37L1	CARMIL3
GPR37L1	CASKIN2
GPR37L1	GAL3ST1
AC104463.2	RDH16
AC105940.1	IGSF21-AS1
AC105940.1	AC008115.4
CHI3L1	AC023644.1
CHI3L1	APOL3
CHIT1	TMSB15B-AS1
PRELP	OPTC
GOLT1A	C13orf46
PPP1R15B	PDIK1L
PIK3C2B	NRAS
SLC45A3	POLR3G
SLC45A3	SCGB3A2
SLC45A3	AMER1
RAB7B	CFAP58
RAB7B	SOCS2
RAB7B	SLC25A19
FAM72A	ZNF514
FAM72A	MCM3
AL445493.2	LINC01364
AL445493.2	CD160
AL445493.2	C4BPA
AL445493.2	AC118555.1
AL445493.2	LINC01618
AL445493.2	PROX2
AL445493.2	AC103808.3
AL445493.2	AC011524.2
AL445493.2	ZNF665
AL445493.2	DSCAM-AS1
MIR29B2CHG	ATXN7
MIR29B2CHG	MFAP3
G0S2	CTSK
G0S2	AC035140.1
G0S2	LIMK1
G0S2	HSPB9
G0S2	TIMM21
G0S2	KIAA1671
SERTAD4-AS1	AL137186.2
SERTAD4-AS1	ADRB1
SERTAD4-AS1	CACNG6
SERTAD4	HSPA1L
DTL	AL121983.2
DTL	MYO1B
AC096639.1	HDAC11-AS1
AC096639.1	TEX101
LINC00538	AL591896.1
LINC00538	TLR2
AL592287.1	GNRH1
AL592287.1	HDGFL2
KCTD3	ABHD1
KCTD3	PDCD10
KCTD3	NELL2
TAF1A-AS1	C15orf65
AC138393.3	MORN1
AC099066.2	HYAL1
ACBD3-AS1	PHYH
ITPKB-AS1	STPG2-AS1
ITPKB-AS1	MYOF
ITPKB-AS1	AC011472.1
ITPKB-AS1	APOBEC3H
AL451047.1	ITPKB-AS1
AL451047.1	AC096741.1
AL451047.1	AL023581.1
AL451047.1	FTSJ1
AL451047.1	AL136979.1
AL451047.1	LRRC19
AL451047.1	SLC17A6
AL451047.1	SFTPD
AL451047.1	ESPL1
AL451047.1	AC103982.1
MRPL55	SYNCRIP
GUK1	INAFM1
TRIM17	CES5A
RHOU	SAP30
RHOU	PBX4
LINC00582	DHX34
SIPA1L2	BTBD11
SIPA1L2	TPST2
LINC01744	AC093772.1
LINC01744	AC009185.1
LINC01744	AL357375.1
LINC01744	C12orf54
LINC01744	AC003002.1
SLC35F3	AL355472.3
IRF2BP2	VAMP3
IRF2BP2	PURB
IRF2BP2	ZBTB33
IRF2BP2	PBLD
IRF2BP2	Z97353.2
RBM34	CLCN6
RBM34	C1orf74
RBM34	KCNG1
ACTN2	SIPA1L2
ACTN2	IGDCC4
ACTN2	BACE2
RYR2	CYP4X1
RYR2	ADGRL2
RYR2	LINC00970
RYR2	CHRM3
RYR2	SATB2
RYR2	AC019211.1
RYR2	ROBO2
RYR2	AC073365.1
RYR2	SYNPO2
RYR2	NPY1R
RYR2	HCN1
RYR2	TENM2
RYR2	CARMIL1
RYR2	MLIP
RYR2	MAN1A1
RYR2	NKAIN2
RYR2	NRG1
RYR2	LINGO2
RYR2	RORB
RYR2	CACNA1B
RYR2	GALNT18
RYR2	SLC22A10
RYR2	SYT1
RYR2	FMN1
RYR2	FAM81A
RYR2	SV2B
RYR2	HS3ST4
RYR2	CDH8
RYR2	RBFOX3
CHRM3	RFTN1
CHRM3	GABRA4
CHRM3	KCNC2
EXO1	SLC22A1
AL606534.1	AC068481.1
AL591885.1	SPEF2
AL591885.1	AC107032.2
KIF26B-AS1	CREG1
AC118555.1	AC023154.1
AC118555.1	AC132219.1
AC118555.1	GPC6-AS1
AL591848.2	CATIP
ZNF496	VPS37B
NLRP3	GRM2
NLRP3	ITIH4
NLRP3	SHROOM3
NLRP3	AC018709.1
OR2L5	OR2L2
OR2L5	OR2L3
OR2M3	OR2M4
OR2M4	OR2L5
OR2M4	OR2L2
OR2T6	OR2L13
OR2T6	ANGPTL6
LYPD8	LINC01202
LYPD8	AL121895.1
LINC01865	HES7
LINC01865	AL118523.1
SNTG2	AL356270.1
SNTG2	EOGT
SNTG2	AC119150.1
SNTG2	ZNF354C
SNTG2	SLC2A14
SNTG2	CATSPERB
SNTG2	TMEM143
TPO	FOXP1-AS1
TPO	IRAK3
MYT1L	TMEM178A
MYT1L	FAM196B
TRAPPC12-AS1	SLC19A2
RPS7	COA6
RPS7	BRIX1
RPS7	ZBTB22
RPS7	GLA
RPS7	EMC7
ALLC	PLCXD1
ALLC	TAF1L
AC107057.1	LINC01847
AC107057.1	AL158063.1
AC010904.2	TXNL4B
ID2	F3
ID2	FLOT1
ID2	RFC2
ID2	HDHD3
ID2	GTPBP3
AC082651.4	ARHGEF37
AC082651.4	NPIPB12
AC082651.4	AC027307.2
AC082651.4	AC010422.6
C2orf48	E2F6
C2orf48	DNAH5
C2orf48	ZNF165
C2orf48	AL136962.1
C2orf48	AC021439.1
C2orf48	MAN2B1
C2orf48	GGT5
C2orf48	MYO18B
AC007249.2	LINC01471
AC007314.1	AC068987.2
AC007314.1	AC004223.3
AC092687.1	MCOLN2
AC099344.1	AL356479.1
AC099344.1	HTT-AS
AC099344.1	COX7B2
AC099344.1	DEPP1
GREB1	TLR1
GREB1	RNF152
MIR3681HG	AC096559.1
MIR3681HG	ENPP2
MIR3681HG	PBX3
MIR3681HG	IDI2-AS1
LINC00276	AL162497.1
LINC01804	PPEF2
LINC01804	AC010235.1
LINC01804	KCND1
LINC01804	RRS1-AS1
LINC01804	CLEC19A
LINC01804	TSPAN16
AC010145.1	MEI4
GACAT3	AC005534.1
AC098828.2	AC005229.4
GDF7	PI16
AC012065.4	GAB3
SF3B6	RPN1
NCOA1	AHCYL1
NCOA1	IFI16
NCOA1	KCTD3
NCOA1	HLX-AS1
NCOA1	COQ8A
NCOA1	C1orf198
NCOA1	NPAS2
NCOA1	ALDH1L1
NCOA1	BCL6
NCOA1	AC022414.1
NCOA1	NEDD9
NCOA1	GNA12
NCOA1	FAM221A
NCOA1	ATP6V0A4
NCOA1	TCAF2
NCOA1	SLC24A2
NCOA1	CD59
NCOA1	UBASH3B
NCOA1	VWA5A
NCOA1	DIP2C
NCOA1	PIP4K2A
NCOA1	DLG5
NCOA1	RGR
NCOA1	PLPP4
NCOA1	RAB3IP
NCOA1	AL355974.2
NCOA1	CDC25B
NCOA1	NUMBL
NCOA1	TIAM1
PTRHD1	ANKRD53
DNAJC27-AS1	RABGGTB
DNMT3A	CCDC142
DNMT3A	PCDH1
DNMT3A	TBP
DNMT3A	PRDM11
DNMT3A	AC009093.2
DRC1	AC078883.1
OST4	ZNF571
ATRAID	COA5
ATRAID	POMK
SLC30A3	TGFBR3L
DNAJC5G	CTXN3
DNAJC5G	AC011369.1
DNAJC5G	HTR7
DNAJC5G	RB1-DT
TRIM54	PPP1R1C
TRIM54	CHRNA7
FNDC4	NUDT22
FNDC4	DNAAF4
PPP1CB	C2CD2L
AC106870.1	MAGI1-AS1
LINC00486	AMPD1
LINC00486	PAPPA2
LINC00486	USH2A
LINC00486	EDARADD
LINC00486	SNTG2
LINC00486	AC009478.1
LINC00486	LINC00971
LINC00486	LINC02267
LINC00486	HAND2-AS1
LINC00486	MARVELD2
LINC00486	PCDHA1
LINC00486	LINC01470
LINC00486	TRIM52
LINC00486	AL138720.1
LINC00486	RRP36
LINC00486	AL357507.1
LINC00486	TRDN-AS1
LINC00486	AC073957.1
LINC00486	ELDR
LINC00486	AC006480.2
LINC00486	GATAD1
LINC00486	DGKK
LINC00486	TEX11
LINC00486	PREX2
LINC00486	AC062004.1
LINC00486	LINC01609
LINC00486	SAMD12-AS1
LINC00486	AL391117.1
LINC00486	AL162231.2
LINC00486	AL445584.2
LINC00486	AL353693.1
LINC00486	AL354861.2
LINC00486	MMP26
LINC00486	LINC01499
LINC00486	AP001547.1
LINC00486	YAP1
LINC00486	AP003181.1
LINC00486	USP6NL
LINC00486	MYO3A
LINC00486	PIK3AP1
LINC00486	TEX36
LINC00486	LINC02388
LINC00486	SSH1
LINC00486	FLT3
LINC00486	FRMD6-AS2
LINC00486	TBPL2
LINC00486	AL161757.4
LINC00486	ESR2
LINC00486	THSD4
LINC00486	RPS17
LINC00486	RMI2
LINC00486	CA5A
LINC00486	FANCA
LINC00486	AC133919.1
LINC00486	AC005291.2
LINC00486	PIEZO2
LINC00486	GREB1L
LINC00486	CCDC178
LINC00486	DNAAF3
LINC00486	ZNF667
LINC00486	CELSR1
LINC00486	RCAN1
AC068599.1	AL035401.1
AC009414.2	ORMDL3
CRIM1	INPP4B
CRIM1	MED22
LINC00211	ERVH48-1
RMDN2-AS1	AC092436.4
RMDN2-AS1	LINC00240
SRSF7	ASTE1
SRSF7	PPP1R11
SRSF7	ENPP5
SRSF7	DYNLT1
SRSF7	COPS6
SRSF7	GSTK1
SRSF7	TMEM179B
SRSF7	TMEM126B
SRSF7	AC007406.4
SRSF7	MAPKAPK5-AS1
SRSF7	EIF5
SRSF7	NAT9
SLC8A1-AS1	TAOK2
AC083949.1	AC093525.2
KCNG3	AP001029.1
AC016735.1	FOXD2
LINC01819	AC007389.5
LINC01819	METTL7B
ZFP36L2	PLK3
C1GALT1C1L	ZFX-AS1
C1GALT1C1L	LPIN3
ABCG5	LINC00606
ABCG5	NCAM1-AS1
ABCG5	PLA2G10
ABCG5	PICK1
ABCG8	RAD51AP1
AC018682.1	AL445248.1
AC018682.1	DPYD-AS1
AC018682.1	LINC01090
AC018682.1	POLQ
AC018682.1	GSR
AC018682.1	CA1
AC018682.1	AL391987.3
CRIPT	ZNF316
CRIPT	TAGLN
AC016722.3	AC090198.1
AC016722.3	ANKRD62
KCNK12	RYR1
AC073082.1	FSHR
AC009975.1	STON1-GTF2A1L
AC009975.1	AC073082.1
CHAC2	SMPD2
RPS27A	PFDN2
RPS27A	RPS23
RPS27A	APOO
RPS27A	MAMDC2
RPS27A	TXN
RPS27A	NDUFS3
RPS27A	MED31
RPS27A	RPS21
AC015982.1	BOD1
AC015982.1	AC018362.1
AC015982.1	HAS3
MIR217HG	AC021054.1
AC016747.2	DBF4
AC016747.2	BX248123.1
AC018462.1	AC015909.2
AC092155.1	POLR2D
AC092155.1	F13A1
AC092567.1	AL118556.1
LINC01800	FAM43A
AC007389.3	AC012313.6
LINC01829	ZNF732
PCBP1	PEA15
PCBP1	BZW1
PCBP1	LAMTOR3
PCBP1	VPS37D
PCBP1	SOX21
PCBP1	PPP2R1A
PAIP2B	CTH
SPR	CPO
SPR	PLEKHG4B
SPR	FAM167A-AS1
SPR	MROH6
SPR	FBXL16
DGUOK-AS1	SPRYD4
AUP1	FBXO44
AUP1	XKR8
AUP1	EIF4E3
AUP1	RAB24
AUP1	DXO
AUP1	DLG3
AUP1	FAM50A
AUP1	TESK1
AUP1	DPP7
AUP1	TRPT1
AUP1	SYVN1
AUP1	COX15
AUP1	PCDH20
AUP1	PTPN21
AUP1	CENPT
AUP1	PKD1L3
AUP1	ACADVL
AUP1	ZNF624
AUP1	DHRS13
AUP1	SLC25A39
AUP1	TECR
AUP1	YIF1B
AUP1	TMEM145
AUP1	BCAM
M1AP	TEP1
AC019069.1	ZBTB20-AS4
AC019069.1	AC007370.1
AC016716.2	NCDN
AC016716.2	EPHA10
AC016716.2	CFAP57
AC016716.2	AC009975.2
AC016716.2	VWA3B
AC016716.2	RPE
AC016716.2	AC068313.1
AC016716.2	CPNE9
AC016716.2	MST1R
AC016716.2	AC046143.1
AC016716.2	CLNK
AC016716.2	AC020741.1
AC016716.2	AC139718.2
AC016716.2	AC010273.2
AC016716.2	AC099520.1
AC016716.2	AC104126.1
AC016716.2	AL031963.1
AC016716.2	CASTOR3
AC016716.2	CLMP
AC016716.2	AC027130.1
AC016716.2	AC133919.2
AC016716.2	VAV1
AC008067.1	MAGOHB
TMSB10	SYNPR
TCF7L1	AL160272.2
USP39	CFAP74
USP39	FHAD1
USP39	CASP9
USP39	OPRD1
USP39	TCEANC2
USP39	ZNF678
USP39	LINC00486
USP39	FAM178B
USP39	RPL31
USP39	ADGRG7
USP39	TM4SF1-AS1
USP39	CTBP1-DT
USP39	STK32B
USP39	ACOX3
USP39	UGT2B7
USP39	MTTP
USP39	BANK1
USP39	CYP4V2
USP39	SKP2
USP39	SLIT3
USP39	PHYKPL
USP39	AC136604.2
USP39	SYNGAP1
USP39	SEMA3A
USP39	ARPC1B
USP39	COL26A1
USP39	CDHR3
USP39	AC073320.1
USP39	PPEF1
USP39	UPRT
USP39	LINC02153
USP39	ENTPD4
USP39	IDO1
USP39	RP1
USP39	SLC45A4
USP39	DOCK8
USP39	AL157937.1
USP39	PTPDC1
USP39	FBP1
USP39	GRIN3A
USP39	DEC1
USP39	MS4A13
USP39	AL117336.3
USP39	JAKMIP3
USP39	CLEC12A
USP39	SLC8B1
USP39	SGCG
USP39	PLUT
USP39	LINC00351
USP39	RNASE10
USP39	AL132780.3
USP39	AL161757.4
USP39	AL355076.2
USP39	NDUFAF1
USP39	AC068722.1
USP39	LINC01197
USP39	MEIOB
USP39	LINC02176
USP39	ZC3H18
USP39	MYH13
USP39	TBC1D3D
USP39	FBXO47
USP39	RAB37
USP39	AC113137.1
USP39	LINC01899
USP39	CFAP61
USP39	ZNF337
USP39	ATP8B3
USP39	LINC01841
USP39	AC011447.3
USP39	ZNF160
USP39	FAM227A
USP39	MIRLET7BHG
USP39	BRD1
ATOH8	ZCWPW1
ATOH8	PITPNM3
AC012511.1	DMBT1
PLGLB2	AC112229.3
PLGLB2	AC093382.1
PLGLB2	AC106786.2
AC104134.1	AL392023.1
AC104134.1	GALNT16
AC104134.1	LINC02097
TEKT4	LY75-CD302
TEKT4	LINC02269
TEKT4	AC060834.2
TEKT4	AC018442.2
TEKT4	RAG1
TEKT4	UCP3
TEKT4	AP005436.1
TEKT4	AC103691.1
TEKT4	TOP2A
TEKT4	FADS6
TEKT4	SMIM26
TEKT4	A1BG-AS1
TEKT4	GGT5
AC009237.14	AC146944.4
AC009237.14	LINC02234
ARID5A	CSF1
ARID5A	CD58
ARID5A	IGSF3
ARID5A	EFNA1
ARID5A	GYPC
ARID5A	TNIP2
ARID5A	GALNT10
ARID5A	DUSP4
ARID5A	UBALD2
ARID5A	FERMT1
ARID5A	GADD45B
ARID5A	ITPKC
COX5B	AURKAIP1
COX5B	NDUFS5
COX5B	MRPL55
COX5B	ATP5MC3
COX5B	COPS9
COX5B	COX7A2
COX5B	CHCHD2
COX5B	LAGE3
COX5B	DMAC1
COX5B	NDUFA8
COX5B	RPS13
COX5B	TMEM258
COX5B	PRDM4
COX5B	SNHG9
COX5B	ATP5PD
COX5B	PIN1
ACTR1B	TEPSIN
KIAA1211L	VCL
AC092667.1	KIF18A
AC092667.1	AC009779.3
NPAS2	IRAK2
NPAS2	AKAP12
NPAS2	ZBTB14
RPL31	LINC02389
IL1RL2	LRRC38
IL1RL2	C8orf48
IL1RL2	MAL2-AS1
IL1RL2	AC091153.3
IL1RL2	AC008752.1
IL18R1	LINC02196
IL18R1	AC012170.3
LINC01796	AC138035.2
LINC01796	STMND1
LINC01796	NR4A1
LINC01796	AC008440.1
LINC01965	MIR124-2HG
LINC01102	AL445433.2
LINC01102	LINC01114
LINC01918	HECTD3
AC012360.1	RAB33B
AC012360.1	PIH1D2
NCK2	MSANTD3
NCK2	ZDHHC5
AC018878.1	AC138956.1
ST6GAL2	DNPEP
ST6GAL2	INHBA-AS1
ST6GAL2	KCNK9
ST6GAL2	RELB
RGPD4	GPATCH3
RGPD4	LINC00663
LINC01594	LINC02036
LINC01594	AC084361.1
EDAR	LAPTM5
EDAR	AC079943.2
EDAR	RBM24
EDAR	CFP
EDAR	LINC00536
EDAR	AC023794.1
EDAR	GREM1
EDAR	ARRDC2
SH3RF3	GFPT2
MALL	AC239803.2
MALL	KBTBD8
MALL	CEBPA
AC112229.3	DDX11-AS1
DDX18	EPB41L4A-AS1
DDX18	BAG1
AC093901.1	ABHD14A-ACY1
DBI	VAMP5
DBI	AC010894.3
DBI	CCDC167
DBI	SEC61G
GPR17	ASB3
GPR17	SOX4
GPR17	WNT7B
CCDC74B	AL590727.1
TUBA3D	FGF12-AS3
TUBA3D	ZNF366
TUBA3D	AC091939.1
AJ239322.1	LINC01945
AJ239322.1	CRHBP
AJ239322.1	SCNN1G
LYPD1	PIK3CD
MAP3K19	TNFAIP3
MAP3K19	WDR62
LCT	AC098828.2
LCT	STAP1
LCT	AL513478.2
LINC01853	AC012640.4
LINC01853	AC090907.1
AC079793.1	AC096558.2
AC092652.1	AC079793.1
AC092652.1	AC092652.2
AC092652.1	AC079584.2
AC092652.1	AC079584.1
AC079584.2	AC096558.2
AC079584.1	ARHGAP15
AC105402.3	MTRNR2L8
AC105402.3	PLCG2
LINC01818	B3GNT6
AC068547.1	AC036214.3
AC079790.1	ATP2A1
KCNJ3	ANTXR2
AC008277.1	AC083864.2
AC008277.1	AC022973.4
LY75-CD302	KCNIP2-AS1
LY75-CD302	AL118558.4
LY75-CD302	SLC14A2-AS1
LY75-CD302	AL031594.1
FAP	ADGRG3
AC019197.1	AC092802.1
AC009495.1	GALNT3
AC009495.1	KCNH5
AC010127.1	Z94057.1
AC010127.1	AC010976.1
AC010127.1	TTN
AC010127.1	STRADB
AC010127.1	LANCL1-AS1
AC010127.1	NLGN1-AS1
AC010127.1	AC093879.1
AC010127.1	AC073342.1
AC010127.1	AL035427.1
AC010127.1	PKIA-AS1
AC010127.1	AC087521.2
AC010127.1	GRM5-AS1
AC010127.1	ENKUR
AC010127.1	AL138760.1
AC010127.1	KCNMA1-AS1
AC010127.1	AC009779.2
AC010127.1	AC073571.1
AC010127.1	LMO7-AS1
AC010127.1	FGF14-AS1
AC010127.1	GOLGA6L7
SCN9A	SCN7A
AC012594.1	AC026786.2
SCRN3	PIF1
SCRN3	AL353194.1
AC010894.3	C1orf122
AC010894.3	ARPC5
AC010894.3	DOK1
AC010894.3	JAGN1
AC010894.3	TRMT10C
AC010894.3	COMMD2
AC010894.3	DNAJC19
AC010894.3	MRPL36
AC010894.3	FAM50B
AC010894.3	HIST1H4C
AC010894.3	SAYSD1
AC010894.3	GTF3C6
AC010894.3	ARL4A
AC010894.3	CLIP2
AC010894.3	C1GALT1C1
AC010894.3	ENY2
AC010894.3	RNASEH2C
AC010894.3	COA4
AC010894.3	TIMM8B
AC010894.3	ZNF22
AC010894.3	TIMM23B
AC010894.3	LINC00987
AC010894.3	DHRS4-AS1
AC010894.3	SNTB2
AC010894.3	MED11
AC010894.3	SDCBP2
AC010894.3	GYS1
AC010894.3	LENG1
AC010894.3	ZNF667-AS1
ATP5MC3	PPP1R14A
ATP5MC3	ZNF575
AC093459.1	LINC00607
AC093459.1	PLSCR2
AC093459.1	AC018648.1
AC093459.1	DNAAF1
AC093459.1	NPHS1
LINC01117	LINC01116
LINC01117	LINC02082
AC074286.1	ABCG2
AC019080.4	AC083805.2
AC019080.4	Z69666.1
AC019080.4	AC068025.1
AC019080.4	AL049646.1
AC019080.4	AC024075.3
AC019080.4	RABL2B
AC073834.1	LINC01349
AC073834.1	TFPI
AC073834.1	ATP13A4-AS1
AC073834.1	LINC02117
AC073834.1	RSPH9
AC073834.1	AC006042.4
AC073834.1	AC073333.1
AC073834.1	AC019155.2
AC073834.1	COL4A6
AC073834.1	AL354707.2
AC073834.1	NLRP10
AC073834.1	AL132656.2
AC073834.1	HPSE2
AC073834.1	MFAP5
AC073834.1	GPRC5D-AS1
AC073834.1	GPX2
AC073834.1	GCHFR
AC073834.1	LINC02568
AC073834.1	C17orf78
AC073834.1	AC005670.1
AC073834.1	AL031673.1
AC073834.1	C19orf71
AC073834.1	ZNF793-AS1
AC073834.1	LINC01684
AC009478.1	AC007920.2
CERKL	AL450992.2
PDE1A	GRM3
NUP35	C11orf1
AC093639.1	AC007285.1
ZNF804A	ANKRD50
ZNF804A	BX890604.1
ZNF804A	AL358234.1
ZNF804A	RPGRIP1L
AC017101.1	AP000757.1
AC017101.1	AC066613.2
TFPI	AC096639.1
TFPI	CENPM
SLC40A1	CRIP3
AC013468.1	AC108935.1
AC013468.1	CGAS
AC013468.1	LINC02338
ORMDL1	STYXL1
ORMDL1	CALCB
ORMDL1	RBM14-RBM4
ORMDL1	COQ10A
ORMDL1	CHTF8
ORMDL1	ARL16
ORMDL1	SHANK1
C2orf88	SGO1
C2orf88	AC022294.1
C2orf88	AC004540.2
C2orf88	MCMDC2
STAT1	PARP14
STAT1	PARP12
TMEFF2	RAB23
STK17B	TMEM51
STK17B	HSD17B11
AC114760.2	AC099522.2
HSPE1	ZNF496
HSPE1	CTF1
RFTN2	CROCC
RFTN2	ZFP36L2
RFTN2	MGST2
RFTN2	BASP1-AS1
RFTN2	FAXDC2
RFTN2	PLAT
RFTN2	CCDC3
RFTN2	TIGAR
RFTN2	GRASP
AC020718.1	ZKSCAN7
AC020718.1	AL358933.1
AC020718.1	WAS
AC020718.1	AC093567.1
AC020718.1	HNF4A
AC020718.1	RAB36
C2orf69	AC090527.2
MAIP1	ERMAP
MAIP1	RETSAT
MAIP1	AC104233.1
NDUFB3	FADD
NDUFB3	CSTF2T
NDUFB3	SUOX
INO80D	SLC30A10
INO80D	SLC27A6
GPR1	CENPE
DYTN	EPHA2
DYTN	EN1
DYTN	AC017048.3
DYTN	MDFIC2
DYTN	LINC02484
DYTN	AC034229.4
DYTN	AC104118.1
DYTN	CFAP47
DYTN	SLC18A1
DYTN	CU633906.2
FASTKD2	SLC25A15
AC007879.3	MARCH4
AC007879.3	HLA-DMB
AC007879.3	AL009178.3
AC007879.3	AC027237.2
CRYGA	TBC1D31
RPE	METTL2A
IKZF2	TIMM17A
IKZF2	PLD5
IKZF2	PIGZ
IKZF2	FBXO8
IKZF2	DCTD
IKZF2	LRRC1
IKZF2	AC020559.1
IKZF2	SNX16
IKZF2	PLEKHF2
IKZF2	FAM86C1
IKZF2	SESN3
IKZF2	PAPOLA
IKZF2	TELO2
IKZF2	AC116552.1
IKZF2	C19orf25
IKZF2	AP001505.1
AC072062.1	AC016708.1
FN1	NADSYN1
RPL37A	RBMX2
RPL37A	AP003352.1
RPL37A	EFS
RPL37A	CCNF
AC007563.2	DIRC3-AS1
DIRC3	LINC00886
DIRC3	MIR4458HG
DIRC3	PRKAG2
DIRC3	LINC01006
DIRC3	VIM
DIRC3	LRMDA
DIRC3	MGMT
DIRC3	POC1B-AS1
DIRC3	ACACB
DIRC3	TESC
DIRC3	AL392023.2
DIRC3	CABLES1
DIRC3	TOMM34
DIRC3	AC011474.2
TNS1	SLC24A4
CTDSP1	ZNF853
STK36	CDK9
AC009974.1	AL669970.1
AC009974.1	AC026333.4
AC009974.1	ATP11AUN
AC009974.1	AC138904.1
AC009974.1	AC137761.1
AC009974.1	AC011498.1
RETREG2	KCTD17
TUBA4A	PCSK1
TUBA4A	VSTM2L
TUBA4A	RAB3A
TUBA4A	SCN1B
DNAJB2	ZNF692
DNAJB2	FLNA
DNAJB2	KLC2
PTPRN	GABRA2
AC053503.1	ANKRD29
OBSL1	FKBP9
OBSL1	UAP1L1
SGPP2	POLD1
AC073052.2	AC108727.2
AC073052.2	AL133417.1
AC073052.2	KF456478.1
AC073052.2	AC011451.1
NYAP2	AL357054.3
COL4A3	COL4A4
COL4A3	HRH1
TM4SF20	AL353708.2
SPHKAP	MAML3
SPHKAP	AC020909.2
SP110	NGF
SP110	NMI
SP110	TRIM69
AC010149.1	AL109659.2
AC010149.1	AC010969.2
ITM2C	PEX10
ITM2C	MARCKSL1
ITM2C	TMEM54
ITM2C	AC073195.1
ITM2C	B3GNT7
ITM2C	POMGNT2
ITM2C	MAGEF1
ITM2C	MFSD10
ITM2C	NUDT12
ITM2C	FABP7
ITM2C	ATP6V0E2
ITM2C	TSPAN7
ITM2C	ATP6AP2
ITM2C	PGRMC1
ITM2C	BAMBI
ITM2C	LINGO3
AC012507.2	AL138966.2
SPATA3	AC006115.1
C2orf72	RABL3
C2orf72	GSN
C2orf72	RPS6KL1
C2orf72	METRN
C2orf72	PGAP3
C2orf72	COL5A3
B3GNT7	RTN4RL2
B3GNT7	FAM57A
NCL	DHDDS
NCL	C8orf33
PTMA	SLC2A1
PTMA	VPS72
PTMA	PIK3C2B
PTMA	AC016907.2
PTMA	SOWAHC
PTMA	COLQ
PTMA	KIAA1143
PTMA	SMIM15
PTMA	ATP6AP1L
PTMA	ZMAT2
PTMA	BAK1
PTMA	RTN4IP1
PTMA	RWDD1
PTMA	NACAD
PTMA	SBDS
PTMA	ZNF674
PTMA	CDK16
PTMA	SYN1
PTMA	ZNF630
PTMA	APEX2
PTMA	BOP1
PTMA	CFL1
PTMA	LZTS2
PTMA	NOLC1
PTMA	TWF1
PTMA	CKAP4
PTMA	PGAM5
PTMA	THSD4-AS1
PTMA	TGFB1I1
PTMA	EIF4A1
PTMA	KPNA2
PTMA	EIF3G
PTMA	IRF2BP1
PTMA	ZNF628
AC019130.1	TACR1
AC073254.1	AC091132.2
KCNJ13	NRAV
TRPM8	AC091212.1
TRPM8	HELQ
ARL4C	WLS
ARL4C	SNED1
ARL4C	GAP43
ARL4C	TIPARP
ARL4C	GDNF
ARL4C	ENPP3
ARL4C	FAM129B
ARL4C	IER5L
ARL4C	LMO2
ARL4C	HAP1
AC064874.1	AL049637.1
AC064874.1	AC093158.1
AC064874.1	AC016910.1
AC064874.1	AL590006.1
AC064874.1	ISPD-AS1
AC064874.1	AC079209.2
AC064874.1	AC007622.2
AC064874.1	LINC01569
AC064874.1	AC007639.1
AC064874.1	AP005131.5
AC064874.1	AL121900.1
ASB18	AL162171.2
RAMP1	AGTRAP
RAMP1	APLF
RAMP1	C3orf58
RAMP1	CCDC149
RAMP1	TRPC3
RAMP1	HDDC2
RAMP1	PRAG1
RAMP1	AL158151.1
RAMP1	DDIT4
RAMP1	CHADL
HDAC4	RHOU
HDAC4	KCNK3
HDAC4	ALDH1L1-AS2
HDAC4	KLF15
HDAC4	JADE2
HDAC4	APBB3
HDAC4	WDR46
HDAC4	FKBP5
HDAC4	GRB10
HDAC4	LPAR4
HDAC4	MTM1
HDAC4	KYAT1
HDAC4	ZBTB16
HDAC4	PARD3
HDAC4	DEPDC4
HDAC4	PITPNM2
HDAC4	LINC00598
HDAC4	LARP6
HDAC4	FBXO31
HDAC4	ZCCHC14
HDAC4	NAA38
HDAC4	CDH26
HDAC4	BCR
AC093802.1	AC093249.2
SNED1	DRAXIN
SNED1	GAS7
AC005237.1	MAP1LC3B2
AC133528.1	AC135803.1
AC133528.1	ATP1A4
AC133528.1	AC008269.1
AC133528.1	EFCAB12
AC133528.1	HGFAC
AC133528.1	HIST1H4E
AC133528.1	AC022826.2
AC133528.1	AC090592.1
AC133528.1	CFAP300
AC133528.1	RECQL
AC133528.1	TUBA1C
AC133528.1	C12orf75
AC133528.1	SELPLG
AC133528.1	AC055811.2
AC133528.1	C17orf99
AC133528.1	SAMSN1
AC133528.1	AF127936.2
D2HGDH	CNNM4
AC114730.2	AC009365.3
AC114730.2	HRASLS5
AC114730.2	AC006547.1
NEU4	TM7SF2
NEU4	FICD
RTP5	FGFR3
RTP5	CXXC1
CHL1-AS1	GPR108
CNTN4	KCNS3
CNTN4	CNTN6
CNTN4	CNTNAP2
CNTN4-AS2	PABPC5-AS1
CNTN4-AS2	MMRN2
CNTN4-AS2	AC078777.1
IL5RA	TECRL
IL5RA	AP000345.2
LRRN1	PODN
LRRN1	MIR181A1HG
LRRN1	PUS10
LRRN1	AL845331.2
LRRN1	BCHE
LRRN1	AL589740.1
LRRN1	VSTM2A
LRRN1	CXCL12
LRRN1	SEMA7A
LRRN1	ATP2C2
LRRN1	ABCC3
LRRN1	AC006115.3
AC026202.2	B4GALT4-AS1
AC026202.2	IQCM
AC026202.2	C9orf41-AS1
AC026202.2	AC132192.1
AC026202.2	CCDC73
AC026202.2	AC009133.1
AC087857.1	AL157756.1
GRM7-AS1	KRI1
AC018832.1	BCL2L2
CAV3	DNAH11
RAD18	PAQR6
RAD18	AIM2
RAD18	LINC00467
RAD18	LINC01185
RAD18	SSUH2
RAD18	OXTR
RAD18	AL590004.4
RAD18	TATDN1
RAD18	PHF19
RAD18	SYT12
RAD18	FAM13C
RAD18	GPD1
RAD18	RASSF3
AC022382.1	LINC02144
CRELD1	CRYZ
CRELD1	TMEM79
CRELD1	AC092809.4
CRELD1	CEL
CRELD1	RPP38
CRELD1	RFX2
PRRT3	KCTD9
BRK1	CLPP
LINC00606	AL390066.1
SLC6A11	KANK4
SLC6A11	FHDC1
SLC6A11	ATP2B3
SLC6A11	ANGPTL2
TMEM40	AC069503.1
RPL32	RPS27
RPL32	MECOM
RPL32	RPL34
RPL32	RPS18
RPL32	RPL30
RPL32	RPLP1
RPL32	AC011468.3
HDAC11-AS1	AL031118.1
HDAC11-AS1	NKAPD1
HDAC11-AS1	C10orf95
HDAC11-AS1	DM1-AS
AC093495.1	AL450998.3
LSM3	LMBR1L
LSM3	PCNA
DAZL	NRIP2
ZNF385D	MIR3681HG
ZNF385D-AS1	AC016575.1
RPL15	HPCA
RPL15	METTL18
RPL15	BCS1L
RPL15	RPL14
RPL15	RPL29
RPL15	SELENOK
RPL15	RPL22L1
RPL15	SLC25A4
RPL15	LSM2
RPL15	PSMG3
RPL15	RPS4X
RPL15	TCEAL3
RPL15	C9orf16
RPL15	MRPL51
RPL15	SLC46A3
RPL15	COMMD6
RPL15	ISCA2
RPL15	SELENOS
RPL15	AC126773.2
RPL15	KRT10
RPL15	TUBG1
RPL15	PSMD8
RPL15	UQCR10
RBMS3-AS1	C1QA
RBMS3-AS1	LINC01885
RBMS3-AS1	OSBPL10-AS1
RBMS3-AS1	AC106864.1
RBMS3-AS1	AC106744.1
RBMS3-AS1	AL441883.1
RBMS3-AS1	AL009178.3
RBMS3-AS1	AC005522.1
RBMS3-AS1	CYP3A4
RBMS3-AS1	AC005586.1
RBMS3-AS1	AC005481.1
RBMS3-AS1	AC021237.1
RBMS3-AS1	CCDC83
RBMS3-AS1	AP001001.1
RBMS3-AS1	AL512770.1
RBMS3-AS1	SLC39A12
RBMS3-AS1	AC024896.1
RBMS3-AS1	AC089998.4
RBMS3-AS1	AC095350.1
RBMS3-AS1	AL138966.2
RBMS3-AS1	DOCK9-DT
RBMS3-AS1	AC027237.2
RBMS3-AS1	AC091153.3
RBMS3-AS1	AC122129.1
RBMS3-AS1	NME1-NME2
RBMS3-AS1	AC019183.1
RBMS3-AS1	AC110015.1
RBMS3-AS1	AC008764.2
RBMS3-AS1	FAM129C
RBMS3-AS1	AC063977.3
RBMS3-AS1	AL022329.1
RBMS3-AS1	MLC1
AC112220.4	AP002784.1
AC112220.4	SPX
AC097359.3	AC027601.3
AC097359.3	AC011815.2
SCN10A	AL645608.7
SCN10A	THEMIS2
SCN10A	TMEM234
SCN10A	CLSPN
SCN10A	COL8A2
SCN10A	CHI3L2
SCN10A	TMIGD3
SCN10A	AL162258.2
SCN10A	RUSC1-AS1
SCN10A	NR1I3
SCN10A	AC244035.1
SCN10A	EXO1
SCN10A	FAM110C
SCN10A	RN7SL832P
SCN10A	CENPO
SCN10A	LYPD6B
SCN10A	CATIP-AS2
SCN10A	VIL1
SCN10A	AC099329.1
SCN10A	AC137630.2
SCN10A	AC117473.1
SCN10A	IL20RB-AS1
SCN10A	AC026304.1
SCN10A	LINC02043
SCN10A	ZDHHC19
SCN10A	AC016773.1
SCN10A	LINC02428
SCN10A	SLC25A31
SCN10A	PLK4
SCN10A	FAM198B-AS1
SCN10A	LINC01194
SCN10A	GCNT4
SCN10A	AC002428.2
SCN10A	GRXCR2
SCN10A	GABRA6
SCN10A	RPL26L1
SCN10A	U91328.1
SCN10A	PXT1
SCN10A	CTGF
SCN10A	AL356417.3
SCN10A	AL391361.2
SCN10A	AC004692.2
SCN10A	AC092634.5
SCN10A	SSC4D
SCN10A	AC002467.1
SCN10A	RAB19
SCN10A	AL683807.1
SCN10A	AL157778.1
SCN10A	BTK
SCN10A	ZNF185
SCN10A	AC022784.6
SCN10A	ADAM18
SCN10A	FAM83A
SCN10A	AC046195.1
SCN10A	AL445623.2
SCN10A	ARHGEF39
SCN10A	MSMP
SCN10A	AL845311.1
SCN10A	LMX1B
SCN10A	LYVE1
SCN10A	LDHC
SCN10A	AGBL2
SCN10A	AL358216.1
SCN10A	IDI2
SCN10A	AL355303.1
SCN10A	PROSER2-AS1
SCN10A	ARMC3
SCN10A	AL591684.1
SCN10A	FO681492.1
SCN10A	HHEX
SCN10A	AL133353.1
SCN10A	CPN1
SCN10A	AL353148.1
SCN10A	RBM20
SCN10A	AC089987.2
SCN10A	PPP1R1A
SCN10A	LINC02456
SCN10A	TESC-AS1
SCN10A	MCF2L-AS1
SCN10A	LINC02346
SCN10A	HYPK
SCN10A	REC114
SCN10A	NMB
SCN10A	AC091167.7
SCN10A	NLRC3
SCN10A	AC007216.2
SCN10A	AC020765.2
SCN10A	ABCC11
SCN10A	SLC12A3
SCN10A	CNGB1
SCN10A	AC092131.1
SCN10A	AC009053.3
SCN10A	AC138761.3
SCN10A	ABCA9-AS1
SCN10A	CEP131
SCN10A	AC110285.3
SCN10A	CLUL1
SCN10A	AP000894.3
SCN10A	AC015878.1
SCN10A	EFCAB8
SCN10A	KCNS1
SCN10A	ADGRE1
SCN10A	PET100
SCN10A	C19orf38
SCN10A	ADGRE2
SCN10A	AC005394.1
SCN10A	AC008736.1
SCN10A	KCNN4
SCN10A	RSPH6A
SCN10A	MIS18A-AS1
SCN10A	AP000704.1
SCN10A	AP001610.1
AC092053.3	AL034417.3
AC092053.3	ALS2CL
AC092053.3	MUC20
AC092053.3	AL445309.1
AC092053.3	AC007938.2
AC092053.3	STARD5
AC092053.3	AC027097.1
RPSA	ZNF513
RPSA	NOL6
RPSA	FERMT3
RPSA	PSMB5
RPSA	CTU2
EIF1B	NME5
EIF1B	SOCS7
ENTPD3-AS1	RFXAP
RPL14	RPS7
RPL14	RDH14
RPL14	PPP1R7
RPL14	LINC01311
ZNF621	AC004828.1
AC099560.1	TEX43
CCK	RGS4
CCK	ATP1B1
CCK	VSNL1
CCK	TUBA4A
CCK	HOPX
CCK	GUCY1A1
CCK	PART1
CCK	CXCL14
CCK	TMSB4X
CCK	L1CAM
CCK	NEFL
CCK	STMN2
CCK	SMC5-AS1
CCK	SYT13
CCK	CHST1
CCK	CALY
CCK	SYT1
CCK	CHGA
CCK	CRYM
CCK	SERPINF1
CCK	RPRML
CCK	SYT5
CCK	NEFH
CCK	YWHAH
CCK	KCNJ4
AC104184.1	ACBD4
AC006058.3	FRAT1
AC006058.3	WDR89
TOPAZ1	IL18R1
TOPAZ1	MACC1
TOPAZ1	TMC1
TOPAZ1	CCL17
TOPAZ1	CATSPERD
AC104187.1	ZBTB8A
ZNF445	C17orf80
CCR3	DNASE2B
CCR3	VEGFC
CCR3	LINC01485
CCR3	DACT2
CCR3	ABCA9
CCR3	AP000221.1
KLHL18	GATAD2A
ELP6	ZNF3
ELP6	ZNF16
CSPG5	RAP1GAP
CSPG5	PTP4A2
CSPG5	COL9A2
CSPG5	FBLN2
CSPG5	PTPN13
CSPG5	HAPLN1
CSPG5	GAL3ST4
CSPG5	AL442647.1
CSPG5	NEAT1
CSPG5	MMP15
CSPG5	ACSF2
CSPG5	FAM69C
CSPG5	NKAIN4
CSPG5	COL20A1
CSPG5	TTC9B
TMA7	ABT1
TMA7	FKBP14
TMA7	AL162231.1
TMA7	CWC15
TMA7	HYLS1
TMA7	ACADS
TMA7	ECI1
UQCRC1	DOHH
LINC02585	NEURL4
PRKAR2A-AS1	JOSD1
TCTA	PPP1R3E
BSN	DLGAP3
LSMEM2	AC118553.2
LSMEM2	AC092117.1
HYAL3	AC138305.1
RAD54L2	CPSF3
RPL29	AL109811.4
RPL29	DPH2
RPL29	MDH1
RPL29	SNHG8
RPL29	AC016065.1
RPL29	DCTN3
RPL29	MRPL51
RPL29	PPIB
RPL29	EEF2KMT
RPL29	NIP7
RPL29	NT5C
RPL29	CENPX
RPL29	SNRPD1
RPL29	RPS15
SPCS1	NIF3L1
SPCS1	TBCC
SPCS1	SLC35A1
SPCS1	PAXIP1-AS1
SPCS1	TCEAL4
SPCS1	TMEM187
SPCS1	AC244090.1
SPCS1	TCF24
SPCS1	TMEM138
SPCS1	MRPL57
SPCS1	DTD1
SPCS1	AC008764.8
SELENOK	PCDHB15
SELENOK	SOD2-1
SELENOK	TCEAL8
SELENOK	MRPS28
SELENOK	MFSD3
SELENOK	PAXX
SELENOK	SEPHS2
SELENOK	COA3
SELENOK	KLHL22
SELENOK	CSTB
LRTM1	LINC02576
AC121764.1	ERAS
ARHGEF3	KCNH1
ARHGEF3	IL17RD
ARHGEF3	TEAD3
ARHGEF3	CCDC126
ARHGEF3	GLIS3
ARHGEF3	HK1
ARHGEF3	UBTD1
ARHGEF3	TMTC2
ARHGEF3	AC087473.1
SPATA12	NUAK2
ASB14	C5orf34
ASB14	AC004803.1
ASB14	LINC02426
ASB14	KIAA0100
ASB14	AC008758.2
SYNPR	TRPC6
C3orf49	AL158071.1
C3orf49	CARD14
AC012557.2	NBPF20
PRICKLE2	CA13
PRICKLE2	WHRN
PRICKLE2	SLC25A10
ADAMTS9-AS2	CDH23
ADAMTS9-AS2	SLC25A28
ADAMTS9-AS2	RNF125
ADAMTS9-AS2	AP5S1
MAGI1-AS1	AL035448.1
FAM19A1	UAP1
FAM19A1	GMPPB
FAM19A1	CACNB1
LMOD3	AL356488.3
LMOD3	PRPH2
LMOD3	AC000068.1
FRMD4B	MAP7D2
FRMD4B	AC007495.1
MDFIC2	AP005328.2
AC104435.2	LEF1
AC104435.2	IRF8
AC104435.2	ANGPTL6
AC104435.2	IL4I1
CNTN3	GPR153
CNTN3	MATN1
CNTN3	STON1-GTF2A1L
CNTN3	MERTK
CNTN3	FAM19A1
CNTN3	NOCT
CNTN3	LIFR
CNTN3	CCND3
CNTN3	EGFR
CNTN3	SYTL4
CNTN3	PLS3
CNTN3	AF279873.3
CNTN3	LAPTM4B
CNTN3	KCNQ3
CNTN3	AL449403.2
CNTN3	SLC43A1
CNTN3	PARD3
CNTN3	SLC29A3
CNTN3	SMOC1
CNTN3	FAM214A
CNTN3	AC016705.2
CNTN3	TMEM132E
CNTN3	MRO
CNTN3	SAMHD1
CNTN3	FBN3
CNTN3	SLC25A18
ROBO2	DNAH6
ROBO2	LINC01811
ROBO2	FRAS1
ROBO2	KCNQ5
ROBO2	EPHA7
ROBO2	LAMA2
ROBO2	RGS20
ROBO2	PALM2-AKAP2
ROBO2	MTUS2
ROBO2	CNTNAP4
ROBO2	LGI4
LINC02027	HJV
LINC02027	SEMA3F-AS1
LINC02027	Z84492.1
LINC02027	AC012557.2
LINC02027	OR2H2
LINC02027	ERICH5
LINC02027	RAG2
LINC02027	DEFB131B
LINC02027	AL389885.1
LINC02027	KCTD12
LINC02027	SCEL
LINC02027	ZKSCAN2
LINC02027	PGLYRP1
AC099542.1	SMN1
AC099542.1	AL161421.1
AC099542.1	AC005324.3
LINC00971	EYA4
CADM2-AS2	ZRANB2-AS1
AC107204.1	MDM1
AC107204.1	GCH1
NSUN3	C2CD4C
LINC00879	ANXA2R
LINC00879	HECA
LINC00879	AC012150.1
LINC00879	SDR42E2
LINC00879	AC126773.4
LINC00879	AC005332.4
LINC00879	AC006486.1
LINC00879	AC010487.3
MTRNR2L12	DHFR
MTRNR2L12	AC007952.4
EPHA6	MIR4500HG
AC110491.1	LMNTD1
AC110491.3	AC092118.1
AC107029.2	AC022784.1
AC107029.2	CD27
AC107029.2	MYO1H
FILIP1L	SPINK8
FILIP1L	SCUBE3
FILIP1L	GPR82
FILIP1L	AC100800.1
FILIP1L	AC006064.2
FILIP1L	AP001011.1
FILIP1L	DLGAP4-AS1
DUBR	PPIH
DUBR	TPM3
DUBR	AC008581.2
DUBR	MEF2C-AS1
DUBR	AL365275.1
DUBR	AL157700.1
DUBR	CA3
DUBR	CCDC81
DUBR	AL357153.2
DUBR	Z83844.1
LINC00636	DAB2
LINC01205	AL031731.1
LINC01205	KAZN-AS1
LINC01205	LINC01137
LINC01205	PARS2
LINC01205	FAM163A
LINC01205	CERKL
LINC01205	AC064836.3
LINC01205	FAM198A
LINC01205	ZPLD1
LINC01205	AC016924.1
LINC01205	AC008040.1
LINC01205	YEATS2-AS1
LINC01205	AC024560.1
LINC01205	LINC02261
LINC01205	AC007001.1
LINC01205	LINC00957
LINC01205	CSF2RA
LINC01205	MUM1L1
LINC01205	MBNL3
LINC01205	CXorf40A
LINC01205	DNASE1L1
LINC01205	AC064807.2
LINC01205	EPS8L2
LINC01205	AP001372.1
LINC01205	TSKU
LINC01205	C10orf67
LINC01205	SCNN1A
LINC01205	PRKAB1
LINC01205	AL358334.2
LINC01205	LINC01193
LINC01205	EXD1
LINC01205	ATP8B4
LINC01205	FAM169B
LINC01205	TERB1
LINC01205	CLEC18B
LINC01205	AC092376.1
LINC01205	KCTD11
LINC01205	SLC47A2
LINC01205	WFDC2
LINC01205	REEP6
LINC01205	AC008878.3
LINC01205	AC005261.3
LINC01205	NFAM1
LINC01205	LINC01549
NECTIN3-AS1	AC074286.1
NECTIN3-AS1	CLDN16
NECTIN3-AS1	SERPINH1
NECTIN3-AS1	DLEU7
NECTIN3-AS1	AC005697.1
NECTIN3-AS1	AC091551.1
TMPRSS7	BTBD19
TMPRSS7	MUC7
TMPRSS7	GGT2
CD200R1	AARD
CD200R1	AC022903.1
CD200R1	TNFRSF11A
AC078785.2	HRNR
AC078785.2	CNTN4-AS1
AC078785.2	AC008781.2
AC078785.2	AC002074.1
AC078785.2	SLC12A9-AS1
AC078785.2	MAGEE2
AC078785.2	AL161630.1
AC078785.2	BX649632.1
AC078785.2	AC023830.1
AC078785.2	HCCAT5
AC078785.2	AC004596.1
AC078785.2	AC022211.2
AC078785.2	AC011825.2
GRAMD1C	ENPP1
GRAMD1C	PDK4
GRAMD1C	HRK
TIGIT	AC138393.3
TIGIT	ALB
TIGIT	MOCS1
TIGIT	AL590617.2
TIGIT	AC002074.1
TIGIT	AC090001.1
TIGIT	MFAP4
TIGIT	AC000068.2
ZBTB20-AS5	Z98884.1
ZBTB20-AS5	AC114488.2
ZBTB20-AS5	AL449266.1
ZBTB20-AS5	AC092803.2
ZBTB20-AS5	AC073082.1
ZBTB20-AS5	AC107081.2
ZBTB20-AS5	AC007163.1
ZBTB20-AS5	DALRD3
ZBTB20-AS5	CCDC36
ZBTB20-AS5	AC008892.1
ZBTB20-AS5	MYOT
ZBTB20-AS5	PLN
ZBTB20-AS5	BPGM
ZBTB20-AS5	CSTF2
ZBTB20-AS5	AP002498.1
ZBTB20-AS5	NXPE1
ZBTB20-AS5	AC046130.1
ZBTB20-AS5	AC011611.4
ZBTB20-AS5	LINC02294
ZBTB20-AS5	AL049870.3
ZBTB20-AS5	AC013640.1
ZBTB20-AS5	BRICD5
ZBTB20-AS5	NAPA-AS1
ZBTB20-AS4	SLC30A2
ZBTB20-AS4	ZNF280C
GAP43	PGM2L1
GAP43	NUAK1
LSAMP-AS1	PLS1
LSAMP-AS1	AP003110.1
LSAMP-AS1	COCH
LSAMP-AS1	HEXDC
LINC00903	PDZD4
LINC00903	ITPK1-AS1
LINC00903	MAPK8IP2
LINC00903	CR382287.2
IGSF11	LINC01250
AC073352.1	AC024243.1
NR1I2	AC118553.1
NR1I2	LCT
NR1I2	AC012507.2
NR1I2	AC112484.3
NR1I2	HLA-DPA1
NR1I2	AC007938.2
NR1I2	DMRTC1
NR1I2	SOCS1
NR1I2	CRYBB2
FBXO40	ELF4
HCLS1	LEF1
HCLS1	AC009088.1
PARP9	KIRREL1
PARP9	STAT1
PARP9	SP110
PARP9	DTX3L
PARP9	PLSCR1
PARP9	AC244517.10
PARP9	NLRC5
PARP9	HELZ2
PARP9	APOL6
ADCY5	PRRX2
ITGB5-AS1	STX2
MUC13	AP003108.1
ROPN1B	AL355607.1
ROPN1B	RNF219
ROPN1B	CIAPIN1
ALDH1L1	RBM15-AS1
ALDH1L1	SEPT10
ALDH1L1	TNIP1
ALDH1L1	ZNRF2
ALDH1L1	AGFG2
ALDH1L1	IQSEC2
ALDH1L1	TOP1MT
ALDH1L1	FADS1
ALDH1L1	CFAP70
ALDH1L1	FAR2
ALDH1L1	STAT5A
ALDH1L1	ZNF708
AC063919.1	CSNKA2IP
AC063919.1	FAM151B
AC063919.1	CNPY1
AC063919.1	ZNF32-AS3
KLF15	SLC41A1
KLF15	AC007277.1
KLF15	PXDC1
LINC01471	FABP1
LINC01471	C9orf106
ABTB1	KLHL17
MGLL	OGFRL1
MGLL	TOB2
GATA2-AS1	ADCYAP1R1
GATA2-AS1	AC104248.1
GATA2-AS1	LINC01516
GATA2-AS1	LINC01924
H1FX	CITED4
H1FX	JUND
LINC02014	OBSCN-AS1
LINC02014	PLGLB2
LINC02014	AL445309.1
LINC02014	AC136475.5
LINC02014	AL139023.1
LINC02014	LINC02313
LINC02014	AL161756.3
LINC02014	C20orf203
LINC02014	VSIG10L
AC116424.1	AL031432.3
AC116424.1	ZNF526
ACAD11	PRKCZ-AS1
ACAD11	AL356289.1
ACAD11	AL159174.1
ACAD11	LPA
ACAD11	MYL7
ACAD11	AC103993.1
ACAD11	LINC00502
ACAD11	GJC1
UBA5	FAAH
TMEM108-AS1	SMAD1-AS2
TMEM108-AS1	CLEC5A
TMEM108-AS1	AC006019.1
TMEM108-AS1	AC005481.1
TMEM108-AS1	AP001007.1
TMEM108-AS1	PLBD1-AS1
TMEM108-AS1	AC091534.1
TMEM108-AS1	AC123912.2
TMEM108-AS1	ERVH48-1
BFSP2	AC129807.1
BFSP2	LINC02360
BFSP2	HLA-DOB
BFSP2	AC090572.2
BFSP2	AP003086.1
BFSP2	LINC00390
BFSP2	AC026471.5
BFSP2	AC006487.1
BFSP2	MUC16
BFSP2	B3GALT5-AS1
AMOTL2	POU3F3
AC072039.2	AC015936.2
IL20RB-AS1	AL355488.1
IL20RB-AS1	RCSD1
IL20RB-AS1	TDRD5
IL20RB-AS1	SMIM31
AC016252.1	LINC01018
AC016252.1	LCMT1-AS2
NME9	MOGAT1
NME9	COPG1
NME9	LAP3
NME9	GAS1RR
NME9	ZNF33B
NME9	DHX37
NME9	LINC01550
NME9	RTN4RL1
NME9	AC068234.1
FAIM	EML1
NMNAT3	ENOPH1
NMNAT3	NKAP
NMNAT3	HCAR1
NMNAT3	PLA2G15
CLSTN2	SEMA5B
AC108727.2	AC108058.1
AC108727.2	CFAP157
AC108727.2	NCS1
RNF7	CFL2
ZIC4	ZIC1
TM4SF1-AS1	ABCC6
TM4SF1-AS1	TUBA8
COMMD2	AC231981.1
COMMD2	ZNF501
COMMD2	STAM-AS1
COMMD2	TIGD7
COMMD2	LINC02210-CRHR1
ANKUB1	LINC00624
ANKUB1	AC005037.1
ANKUB1	AC109587.1
ANKUB1	AC008496.2
ANKUB1	AL139353.2
GPR171	AL139274.2
GPR171	AC003005.2
P2RY14	AC015971.1
P2RY14	AL365273.2
P2RY14	AC051619.4
P2RY14	RUNDC3A-AS1
P2RY14	AC245884.1
P2RY12	AP001025.1
IGSF10	PDZK1
IGSF10	CYP1B1
IGSF10	AFAP1-AS1
IGSF10	AC022973.2
IGSF10	PDCD1LG2
IGSF10	ANAPC15
IGSF10	AC018511.2
IGSF10	PPP1R3C
IGSF10	DNMBP-AS1
IGSF10	ARG2
IGSF10	MARVELD3
IGSF10	CXCL17
AADACL2-AS1	SLC19A3
AADACL2-AS1	GATA2-AS1
AADACL2-AS1	MYH7
AC078788.1	AC022364.1
AC078788.1	WFDC3
AC068985.1	HOXD1
AC068985.1	LINC00879
AC068985.1	AC126283.1
AC068985.1	AC109830.1
AC068985.1	THAP12
AC068985.1	AC015574.1
AC068985.1	AC015712.1
AC068985.1	ZNF557
ARHGEF26	KLHL4
ARHGEF26	AC025038.1
ARHGEF26	PXMP4
AC104472.3	GOLT1A
TIPARP-AS1	TFAM
TIPARP-AS1	ZNF284
LINC00886	AL662796.1
LINC00886	POT1-AS1
GFM1	DGUOK
AC080013.5	AC084871.2
AC080013.5	AC104073.4
AC080013.5	AC078960.1
AC080013.5	AC079907.1
AC080013.5	KCNRG
IQCJ-SCHIP1	LINC01588
LINC01324	LINC01323
LINC01322	SAMD13
LINC01322	COQ10B
LINC01322	SLC15A2
LINC01322	KLRG1
LINC01322	ZDHHC1
LINC01322	MIR22HG
LINC01322	AC110597.1
LINC01322	C22orf34
AC124893.1	RAB11FIP5
AC078795.3	HYAL3
SAMD7	AC093639.1
SAMD7	HGD
SAMD7	TMEM108-AS1
SAMD7	AL031118.1
SAMD7	LINC00574
SAMD7	AC010132.3
SAMD7	GUCY2F
SAMD7	KCNE5
SAMD7	LINC00589
SAMD7	LINC00474
SAMD7	ENG
SAMD7	AL161785.3
SAMD7	ARHGAP11A
SAMD7	AC112693.1
SAMD7	TCFL5
SAMD7	AC008992.1
SAMD7	Z98949.3
GPR160	C9
GPR160	GPC4
GPR160	BLID
AC008040.5	AC108727.2
AC008040.5	AC093323.1
AC008040.5	PTTG1
AC008040.5	MLANA
LINC02068	AC015726.1
NAALADL2-AS2	AC097467.3
NAALADL2-AS2	AC002550.1
NAALADL2-AS2	MOCS3
NAALADL2-AS1	BHMT
NAALADL2-AS1	AC004988.1
NAALADL2-AS1	LINC01591
NAALADL2-AS1	SHANK2-AS1
LINC02015	DCN
KCNMB2-AS1	AC239803.1
KCNMB2-AS1	LYG2
KCNMB2-AS1	AC012360.3
KCNMB2-AS1	AC016909.2
KCNMB2-AS1	AC019197.1
KCNMB2-AS1	AC007319.1
KCNMB2-AS1	RBMS3-AS2
KCNMB2-AS1	CADM2-AS1
KCNMB2-AS1	ZBTB20-AS5
KCNMB2-AS1	FGF12-AS1
KCNMB2-AS1	AC096576.3
KCNMB2-AS1	TMPRSS11A
KCNMB2-AS1	AC010260.1
KCNMB2-AS1	AL513188.1
KCNMB2-AS1	AL138828.1
KCNMB2-AS1	AGBL3
KCNMB2-AS1	MIR503HG
KCNMB2-AS1	SURF1
KCNMB2-AS1	AP003086.2
KCNMB2-AS1	AP000857.2
KCNMB2-AS1	CTNNA3
KCNMB2-AS1	AC090531.1
KCNMB2-AS1	C12orf56
KCNMB2-AS1	AC069228.1
KCNMB2-AS1	LPAR6
KCNMB2-AS1	PCDH9-AS2
KCNMB2-AS1	DLGAP1-AS5
KCNMB2-AS1	AC104365.1
KCNMB2-AS1	CARM1
KCNMB2-AS1	PINLYP
KCNMB2-AS1	AL080273.1
PEX5L-AS1	AC127522.1
FXR1	LINC01355
FXR1	FAM76A
FXR1	ADCY10
FXR1	C2orf69
FXR1	KCTD6
FXR1	DUBR
FXR1	CYP3A43
FXR1	PEBP4
FXR1	C8orf86
FXR1	ADAM32
FXR1	APTX
FXR1	BUD13
FXR1	ZNF641
FXR1	PXN-AS1
FXR1	SUGT1
FXR1	ABHD13
FXR1	TNFSF13B
FXR1	SIX4
FXR1	PAPOLA
FXR1	CCDC113
FXR1	BANP
FXR1	SLC25A35
FXR1	CACNG1
FXR1	AF127577.4
KLHL6	TRIM60
KLHL6	PCDHB1
KLHL6	AC090572.3
KLHL6	AL138767.1
ABCC5-AS1	EAF1-AS1
ABCC5-AS1	NCK1-DT
ABCC5-AS1	AC008676.1
ABCC5-AS1	PTK7
ABCC5-AS1	AC087623.3
AC131235.3	BDH2
THPO	RBP7
THPO	KCNRG
LINC01840	VWF
LINC01840	AC103739.2
MAGEF1	B3GNT9
IGF2BP2	C2CD2
EIF4A2	OSTC
AC112907.1	KLHL34
ST6GAL1	CEP135
SST	RAB3B
SST	RBP4
BCL6	HES5
BCL6	EPHB2
BCL6	CTBS
BCL6	BARD1
BCL6	AC109927.1
BCL6	AC006978.2
BCL6	FAM160A2
BCL6	CTDSP2
BCL6	PYGL
BCL6	AC087457.1
BCL6	ACAN
BCL6	SHMT1
BCL6	ITGB4
BCL6	TTC38
AC022498.1	AC008691.1
AC022498.1	DPP9-AS1
LPP-AS1	AC010974.1
LPP-AS1	SEMA5A-AS1
LPP-AS1	AC114939.1
IL1RAP	OSBPL10
IL1RAP	CLIP2
IL1RAP	CCND2
IL1RAP	ABCC4
FGF12-AS3	AC008040.5
FGF12-AS3	ARNTL2-AS1
HRASLS	CLHC1
HRASLS	HPS3
HRASLS	ATP13A5-AS1
HRASLS	RGS7BP
HRASLS	PTCD2
HRASLS	SH2D4A
HRASLS	INSC
HRASLS	SLC35G1
ATP13A4	ATP13A5
ATP13A4	MAOA
ATP13A4-AS1	MYBPHL
ATP13A4-AS1	AP000842.3
ATP13A4-AS1	AC022613.2
ATP13A4-AS1	PEAK3
APOD	NAXE
APOD	TMEM115
APOD	MUC20-OT1
APOD	NDST1
APOD	DAB2IP
APOD	BRSK2
APOD	CTSF
APOD	TENM4
APOD	ADCY6
APOD	UBL7
APOD	KLHDC4
APOD	MPDU1
APOD	G6PC3
APOD	SERTAD3
TNK2	CYS1
TNK2	FAS
TNK2	VASH1-AS1
TNK2	SNX22
TNK2	CDK5R1
TNK2	FAM171A2
SMCO1	RGS14
DLG1-AS1	ID3
DLG1-AS1	TENT5B
DLG1-AS1	AL445490.1
DLG1-AS1	CYP4Z1
DLG1-AS1	GPR61
DLG1-AS1	FMO4
DLG1-AS1	C2orf48
DLG1-AS1	CCDC74B
DLG1-AS1	AC110491.1
DLG1-AS1	AC073352.1
DLG1-AS1	AC080013.5
DLG1-AS1	AC008040.5
DLG1-AS1	LINC02269
DLG1-AS1	MED7
DLG1-AS1	AF287957.1
DLG1-AS1	AC022784.3
DLG1-AS1	AC087855.2
DLG1-AS1	AC087855.1
DLG1-AS1	EFCAB1
DLG1-AS1	FBXO43
DLG1-AS1	FBP2
DLG1-AS1	LCN12
DLG1-AS1	AP003306.2
DLG1-AS1	AP001783.1
DLG1-AS1	SFTPD-AS1
DLG1-AS1	LAG3
DLG1-AS1	ATF7
DLG1-AS1	MMP19
DLG1-AS1	AC026765.2
DLG1-AS1	POSTN
DLG1-AS1	AL122125.1
DLG1-AS1	AC002310.5
DLG1-AS1	AC006435.2
DLG1-AS1	TMEM238L
DLG1-AS1	CAVIN1
DLG1-AS1	MAP3K14-AS1
DLG1-AS1	ICAM3
DLG1-AS1	AC008569.1
DLG1-AS1	OR7C1
DLG1-AS1	A1BG-AS1
BDH1	TMEM169
BDH1	GTF2H2C
BDH1	FAM66D
RPL35A	NDUFS5
RPL35A	DNMT3A
RPL35A	RPL32
RPL35A	STEAP1B
RPL35A	SMIM27
RPL35A	ATP5MD
RPL35A	PIGW
RPL35A	MTCL1
RPL35A	ATP5F1E
RPL35A	SLC1A6
RPL35A	NDUFA6
ZNF141	PGD
ATP5ME	NAA20
AC139887.2	AL365255.1
AC139887.2	AL139011.2
AC139887.2	FANCD2
AC139887.2	OTULIN
AC139887.2	ECI2
AC139887.2	ZSCAN25
AC139887.2	SMARCD3
AC139887.2	VDAC3
AC139887.2	CYB5R2
AC139887.2	SPTY2D1OS
AC139887.2	PRR5L
AC139887.2	SLC37A4
AC139887.2	AC055855.2
AC139887.2	AC106739.1
AC139887.2	KATNAL2
AC139887.2	DUSP18
RNF212	AC092535.3
SPON2	PRAM1
FGFR3	POLRMT
C4orf48	IDH3G
NAT8L	EHMT2
NAT8L	MBD3
NAT8L	NPTXR
POLN	QRICH2
CYTL1	TMEM40
CYTL1	AC080188.1
CYTL1	AL353613.1
STK32B	ACVR1
STK32B	MATR3
STK32B	GHDC
C4orf50	SMC2
AFAP1-AS1	PRR26
GPR78	LINC02363
GPR78	LINC02211
GPR78	AC004870.3
GPR78	GNA15
CLNK	BRIP1
AC007370.2	MGAM2
AC007370.2	AC037459.3
LINC01182	AC092546.1
CPEB2	NEXN
CPEB2	MELTF-AS1
CPEB2	GUF1
CPEB2	ZNF736
CPEB2	TRPC5
CPEB2	APAF1
CPEB2	AC015813.2
CD38	AP000919.4
LDB2	GRIA1
LDB2	ESR1
LINC02364	AC097480.1
LINC02364	AC109349.1
LINC02506	AC107057.1
LINC02506	MYCNOS
LINC02506	AC022498.1
LINC02506	AC011604.2
LINC02506	AC005280.2
LINC02506	PLCB2
AC016687.2	LINC02232
LINC02484	CAPN8
LINC02484	CCDC68
C4orf19	NWD2
UCHL1	GALNT9
UCHL1	DOC2A
UCHL1	CAMKK1
LIMCH1	GALNTL6
AC106052.1	AC084357.2
AC024022.1	PRR19
GNPDA2	LCA5
AC107068.2	P4HA3
AC107068.2	PIWIL4
AC107068.2	AL137779.2
AC107068.2	MIS12
TXK	OSCP1
TXK	GREM2
TXK	ZDHHC23
TXK	AC068831.7
TXK	AC092720.1
TEC	AL139424.3
TEC	NXNL2
LRRC66	AL513329.1
USP46-AS1	BATF2
USP46-AS1	CDK2AP1
AC023154.1	CHIT1
AC023154.1	IGSF6
AC110792.3	TDP1
PDGFRA	SLC40A1
PDGFRA	FAM84B
PDGFRA	CHAD
AC069200.1	HGD
AC069200.1	AC072039.2
AC069200.1	AC069294.1
AC069200.1	ARHGEF5
AC069200.1	IL21R-AS1
AC024243.1	AC016722.3
AC024243.1	AL133351.1
AC024243.1	TSPAN14
AC024243.1	EEF1AKMT2
AC024243.1	AC008764.2
PDCL2	GRIN2C
IGFBP7-AS1	EFHC2
AC020741.1	AC006460.1
ADGRL3-AS1	TNFSF4
ADGRL3-AS1	PGS1
EPHA5	EPHA5-AS1
GNRHR	SOX5-AS1
GNRHR	C16orf89
UGT2B7	ARHGAP29
MUC7	CASQ2
MUC7	AL021068.1
MUC7	SCRIB
AC009570.1	ZHX1-C8orf76
SLC4A4	FCHSD1
SLC4A4	SIM2
NPFFR2	AP005230.1
ALB	AL137230.1
AC096759.1	CDCA7
AC096759.1	AC133528.1
AC096759.1	TCP11
AC096759.1	SLC7A2
AC096759.1	TMEM250
AC096759.2	AF111167.2
RASGEF1B	PYGO2
RASGEF1B	AL080276.2
RASGEF1B	BCOR
RASGEF1B	RNF128
RASGEF1B	MAMDC4
RASGEF1B	GOLGA6L9
RASGEF1B	NPIPA1
RASGEF1B	MYLPF
RASGEF1B	SGSM3
AC124016.1	AC073842.2
ENOPH1	ATMIN
GPAT3	SDSL
GPAT3	AC005144.1
AC104827.1	ZNF684
AC104827.1	AC016723.1
AC104827.1	TCOF1
AC104827.1	ADAMTS2
AC104827.1	SATL1
AC104827.1	PDCD11
AC104827.1	UBL7-AS1
AC104827.1	PRC1-AS1
AC104827.1	AC016866.2
AC104827.1	PIK3IP1-AS1
PTPN13	FGF9
PTPN13	CEP112
HSD17B11	MEG9
AC093895.1	RNF43
SPP1	RANBP17
HERC6	IFI44
HERC6	DDX60
HERC6	OAS3
HERC6	EPSTI1
HERC3	NADK2
HERC3	CCDC97
NAP1L5	RFK
SNCA-AS1	ALKBH3-AS1
CCSER1	AC073050.1
CCSER1	PRELID2
CCSER1	MSRB3
AC004054.1	AC022087.1
AC108067.1	AC010654.1
LINC02267	RNPEPL1
LINC02267	AC093607.1
LINC02267	AL022068.1
LINC02267	COL14A1
LINC02267	ADAT1
LINC02267	GNAS-AS1
MTTP	LINC01933
MTTP	TEX22
MTTP	IL17RA
DAPP1	SH3RF2
H2AFZ	NEU1
H2AFZ	PRKAG2-AS1
H2AFZ	GON7
H2AFZ	ELP5
H2AFZ	LIN7B
H2AFZ	PMM1
BANK1	AXDND1
BANK1	LINC00504
LINC02503	JHY
AC004052.1	AL589669.1
AC004052.1	AC107973.1
AC004052.1	FOXM1
AC004052.1	AP005671.1
AC004052.1	GEMIN7-AS1
CXXC4	SLC25A33
CXXC4	POLR1B
CXXC4	GFM1
CXXC4	LINC01322
CXXC4	CCDC152
CXXC4	PMS2
CXXC4	LINC01111
CXXC4	ZNF26
CXXC4	MAF
RPL34	PDE6A
AC126283.1	CCDC74B
AC126283.1	LSM11
EGF	SVEP1
EGF	AL162414.1
ENPEP	AC233976.1
AC106864.1	TMEM81
AC106864.1	AC008966.1
AC106864.1	MYLIP
AC106864.1	C8orf48
AC106864.1	AC005837.3
AC106864.1	AC004597.1
AC093879.1	AL513327.2
AC093879.1	ZBTB20-AS2
AC093879.1	FZR1
CAMK2D	ITPKB
CAMK2D	ACTN2
CAMK2D	KIAA1211L
CAMK2D	ADAMTS9
CAMK2D	ARRDC3
CAMK2D	SHROOM2
CAMK2D	TNFRSF10B
CAMK2D	UHRF2
CAMK2D	GLDC
CAMK2D	CAT
CAMK2D	LINC00327
CAMK2D	AL138689.2
CAMK2D	NUDT7
CAMK2D	HEXIM2
CAMK2D	SEPT4
ARSJ	U73166.1
ARSJ	AC112236.1
ARSJ	C15orf59-AS1
ARSJ	C20orf204
LINC02262	CD53
LINC02262	AC246680.1
LINC02262	AL023755.1
LINC02262	AL160408.1
LINC02262	LYPD8
LINC02262	MAP3K19
LINC02262	ADAM29
LINC02262	AC012640.2
LINC02262	GPR150
LINC02262	LINC01950
LINC02262	AC113423.2
LINC02262	AC136604.3
LINC02262	FILNC1
LINC02262	TMEM139
LINC02262	AC004554.2
LINC02262	AC083973.1
LINC02262	DBH-AS1
LINC02262	AP006623.1
LINC02262	COLCA1
LINC02262	CYP17A1-AS1
LINC02262	RBP5
LINC02262	RHEBL1
LINC02262	LINC02343
LINC02262	FOXB1
LINC02262	AC092287.1
LINC02262	CDH5
LINC02262	AC010547.1
LINC02262	SPNS3
LINC02262	MYHAS
LINC02262	SEPT4-AS1
LINC02262	TSPAN16
LINC02262	LGALS4
PRSS12	IL15
PRSS12	MIR3976HG
PDE5A	AL109811.1
PDE5A	AL929472.2
PDE5A	C4orf45
PDE5A	GPR34
PDE5A	GRK2
PRDM5	GEN1
PRDM5	KLHL2
PRDM5	ECT2L
ANXA5	KNDC1
ANXA5	ZSWIM9
AC093772.1	AC004805.1
SLC25A31	KMO
SLC25A31	DNAI1
SLC25A31	AL162274.2
SLC25A31	MNS1
SLC25A31	KCNK6
SLC25A31	CSDC2
MFSD8	ZNF136
LINC02465	LINC02046
AC096711.2	CBWD6
AC096711.2	CBWD3
AC096711.2	NPIPB13
AC105383.1	KLRC4-KLRK1
AC105383.1	ZNF519
PCDH10	ZNF707
PCDH10	AC024563.1
AC109830.1	TMED7
AC107463.1	FKBPL
LINC02511	AL049869.2
LINC00616	ADGRL3-AS1
LINC00616	TXLNB
LINC00616	SLC52A1
AC093766.1	AC134772.1
NDUFC1	RTF2
AC112236.1	AC073111.5
INPP4B	C5
AC104596.1	MAMDC2-AS1
HHIP	CEP76
AC109811.1	AC104134.1
AC109811.1	PRICKLE2-AS3
AC109811.1	GNRHR
AC109811.1	SPINK9
AC109811.1	AL049820.1
AC109811.1	LUARIS
AC109811.1	AC004839.1
AC109811.1	DOCK4-AS1
AC109811.1	AC068189.1
AC109811.1	KCNMA1-AS3
AC109811.1	FAM186B
AC109811.1	ZNF664
AC109811.1	AL357093.2
AC109811.1	AC005523.2
AC109811.1	PSG8
AC109811.1	AL031587.2
AC109811.1	LIPI
SMAD1-AS2	AL021068.1
SMAD1-AS2	AC008522.1
SMAD1-AS2	AC022973.4
SMAD1-AS2	AL353801.1
SMAD1-AS2	C3AR1
AC108156.1	CLDN18
PRSS48	AL049569.1
PRSS48	CHRM5
TLR2	CCL27
AC097467.3	ZNF843
TDO2	MX2
RXFP1	ZBED8
LINC02477	OR2T12
LINC02477	LINC01396
LINC02477	AC106894.1
LINC02477	NAA11
LINC02477	TRAFD1
LINC02477	SYNGR2
LINC02477	AC007292.1
LINC02477	LINC00266-4P
NPY5R	F5
NPY5R	KMT5A
NPY5R	AC007448.3
TRIM60	CCDC17
TRIM60	TRIM54
TRIM60	AC107072.1
TRIM60	AL445430.2
TRIM60	AC018512.1
TRIM60	AC017100.1
TRIM60	AL121845.1
TRIM60	AZU1
KLHL2	SNX19
KLHL2	GLCE
KLHL2	ARRB2
MSMO1	HMGCS1
MSMO1	HMGCR
MSMO1	ACAT2
MSMO1	FDFT1
MSMO1	DHCR7
MSMO1	MMAB
MSMO1	MCM3AP-AS1
DDX60	DDX60L
AC080188.1	GCC1
MFAP3L	C2orf27B
MFAP3L	LINC00870
MFAP3L	AL078590.3
MFAP3L	ABCA1
MFAP3L	SFMBT2
MFAP3L	TLE3
MFAP3L	FGF11
MFAP3L	HUNK
AC105285.1	SGF29
SCRG1	ATP8B2
SCRG1	RPRM
SCRG1	DIAPH1
SCRG1	TTBK1
SCRG1	ARL4A
SCRG1	CCDC136
SCRG1	TSPAN6
SCRG1	SERGEF
SCRG1	AP003059.2
SCRG1	NCOR2
SCRG1	AACS
SCRG1	HHIPL1
SCRG1	PPIB
SCRG1	ARHGAP23
SCRG1	USP36
SCRG1	DOT1L
HAND2-AS1	NBPF19
HAND2-AS1	LINC00276
HAND2-AS1	AC104123.1
HAND2-AS1	LINC02240
HAND2-AS1	GPC3
HAND2-AS1	TRIM22
HAND2-AS1	AC060809.1
HAND2-AS1	NPIPB11
HAND2-AS1	PDP2
LINC02269	IL5RA
LINC02269	AL133375.1
LINC02269	AC099342.1
LINC02269	AP002992.1
AC116616.1	SERPINB9P1
AC116616.1	TEX53
ADAM29	LINC02300
ADAM29	DNM1P35
AC095050.1	AL358472.2
AC095050.1	AL354714.1
AC095050.1	CCDC190
AC095050.1	AC092431.1
AC095050.1	AC092611.2
AC095050.1	AC010343.3
AC095050.1	LINC00491
AC095050.1	HIST1H2BN
AC095050.1	AL591518.1
AC095050.1	AP003733.3
AC095050.1	AP003049.2
AC095050.1	ZWINT
AC095050.1	AL138767.3
AC095050.1	C10orf95
AC095050.1	LINC02315
AC095050.1	TMC5
AC095050.1	AP1M2
AC095050.1	CBLC
SPATA4	SPATA41
AC027627.1	NBEAL2
AC027627.1	AL590235.2
AC027627.1	S100Z
AC027627.1	AC244517.6
AC027627.1	ZNF92
AC027627.1	AL732314.4
AC027627.1	LINC00687
AC027627.1	AL118506.1
AC020551.1	CDKL4
AC020551.1	AL133367.1
TENM3	LINC02306
AC084871.2	VAV3-AS1
AC084871.2	CASQ2
AC084871.2	PYHIN1
AC084871.2	AL513323.1
AC084871.2	C1GALT1C1L
AC084871.2	AC008277.1
AC084871.2	AC116424.1
AC084871.2	LPP-AS1
AC084871.2	PRSS12
AC084871.2	AC137810.1
AC084871.2	AC022101.1
AC084871.2	AC006004.1
AC084871.2	AC124290.1
AC084871.2	LURAP1L-AS1
AC084871.2	HEMGN
AC084871.2	RPS6KB2-AS1
AC084871.2	ORAOV1
AC084871.2	EXPH5
AC084871.2	GRTP1-AS1
AC084871.2	AL132780.2
AC084871.2	DUOXA1
AC084871.2	NOMO3
AC084871.2	AIPL1
AC084871.2	AC023983.1
AC084871.2	LINC01893
AC084871.2	TTLL9
AC084871.2	PLCG1-AS1
AC084871.2	SLC27A5
AC084871.2	GAB4
SLC25A4	MRPL27
SLC25A4	MRPL40
ANKRD37	C4orf47
CYP4V2	ZNF200
F11	THG1L
F11	AC120498.9
AC018709.1	F11-AS1
AC097521.1	RNASEH1-AS1
AC097521.1	AC009974.1
AC097521.1	AC104187.1
AC097521.1	AC096759.1
AC097521.1	F11
AC097521.1	AL445430.2
AC097521.1	MCHR2
AC097521.1	PPP1R3A
AC097521.1	ARSH
AC097521.1	AC068305.2
AC097521.1	AC090970.2
AC097521.1	STAC2
AC097521.1	AC005381.1
PLEKHG4B	ANKDD1B
PLEKHG4B	AL353759.1
PLEKHG4B	CCDC168
PLEKHG4B	AC106779.1
TRIP13	ACSBG1
MRPL36	FP236315.1
IRX2	U2AF1L5
AC093305.1	ZNF582-AS1
LINC02199	VWC2L
LINC02199	AC078923.1
AC021088.1	C6orf120
AC021088.1	AC092069.1
AC034229.4	AL807752.7
AC034229.4	TP53TG3D
AC012640.1	ZBED4
AC012640.2	RNF20
ROPN1L	TRIM21
RETREG1	PLEKHG1
RETREG1	IFFO1
BASP1-AS1	LINC02223
BASP1-AS1	VARS
BASP1-AS1	LGI1
AC091885.2	AL354949.1
AC091885.2	AC016994.1
AC091885.2	BHMT2
AC091885.2	CBY3
AC091885.2	RPA3
AC091885.2	AC004951.1
AC091885.2	FAM200A
AC091885.2	AP003096.1
AC091885.2	AC022075.1
AC091885.2	AC130650.1
AC091885.2	PRKCA-AS1
LINC02211	AL590822.1
LINC02211	AP002784.1
CDH9	RASGRF2
AC010343.3	BFAR
GDNF-AS1	KIAA1614
GDNF-AS1	CCDC85A
GDNF-AS1	CLSTN2
GDNF-AS1	AC034226.1
GDNF-AS1	PDSS1
GDNF-AS1	LINC00844
GDNF-AS1	GALR1
AC034226.1	LINC02107
LIFR	STK17B
LIFR	ATP13A4
LIFR	KLHL3
LIFR	FKBP5
LIFR	DOCK11
LIFR	DOCK5
LIFR	ITGA8
LIFR-AS1	TMEM182
LIFR-AS1	PHF7
LIFR-AS1	AC104389.4
LIFR-AS1	TEX29
LIFR-AS1	CFAP161
AC010425.1	EPCAM
AC010425.1	CKAP2L
AC010425.1	LINC01471
AC010425.1	LINC02023
AC010425.1	NXF5
AC010425.1	ADAM28
AC010425.1	KIF24
AC010425.1	AL449403.1
AC010425.1	LINC00866
AC010425.1	CCNA1
AC010425.1	TOMM20L
AC010425.1	PLD2
AC010425.1	AC004149.1
AC010425.1	AC132872.2
OSMR-AS1	SFT2D2
OSMR	NHSL2
OSMR	RDH10
OSMR	PTP4A3
OSMR	GRIA4
OSMR	C1RL
OSMR	PRICKLE1
OSMR	ISG20
OSMR	SYNM
OSMR	SPRED3
C6	SLC1A4
HMGCS1	HSD17B7
HMGCS1	STARD4
HMGCS1	LDLR
AC114956.2	ZFP57
AC114956.2	AL451064.1
AC114956.2	AC073172.2
AC114956.2	LINC02320
AC114956.2	BAHD1
AC114956.2	AC090125.1
AC114956.1	ZSCAN29
AC114956.1	AC137932.1
AC122694.1	AL159169.3
AC122694.1	AC040173.1
AC122694.1	AP001099.1
ITGA2	RASAL1
AC026704.1	TUSC7
AC026704.1	EIF2S3B
DDX4	ZNF415
AC008892.1	NPIPB2
ANKRD55	LINC02058
MAP3K1	PECR
MAP3K1	ARRB1
MAP3K1	IQCH-AS1
MAP3K1	DET1
AC008937.2	RTCA-AS1
AC008937.2	TMEM206
AC008780.2	ADRA1B
AC008780.2	DUS4L
PLK2	PHF24
LINC02108	NLRP14
LINC02108	AC240274.1
LINC02057	AC012511.1
LINC02057	NPSR1
LINC02057	SORD
LINC02057	NPIPB8
AC026746.1	TTPAL
RGS7BP	DSE
RGS7BP	MAFF
AC010359.1	AC004922.1
AC093523.1	LINC02198
GTF2H2C	GTF2H2
GTF2H2	OCLN
LINC02056	AC093893.1
BTF3	TMEM50A
BTF3	AC100810.1
BTF3	AL049650.1
LINC01331	MLXIPL
ENC1	HES4
AC010501.1	MED18
HMGCR	INSIG1
HMGCR	SCD
BHMT	LCP1
AC010260.1	MKNK1-AS1
AC010260.1	AC092802.2
AC010260.1	AC080162.1
AC010260.1	AC017083.3
AC010260.1	AC093495.1
AC010260.1	ASB14
AC010260.1	MYLK
AC010260.1	CP
AC010260.1	NAALADL2-AS2
AC010260.1	MDC1-AS1
AC010260.1	POLR1C
AC010260.1	AL024508.1
AC010260.1	PACRG-AS3
AC010260.1	AC100818.1
AC010260.1	AP002954.1
AC010260.1	AL592430.1
AC010260.1	DNAJC9-AS1
AC010260.1	A2M
AC010260.1	AC007569.1
AC010260.1	WASF3-AS1
AC010260.1	AL356515.1
AC010260.1	SERPINE3
AC010260.1	AC020661.2
AC010260.1	AC025917.1
AC010260.1	ACSM3
AC010260.1	PDZD9
AC010260.1	AC007533.1
AC010260.1	AC024619.3
AC010260.1	AC005828.3
AC010260.1	AC044840.1
AC010260.1	PROCR
AC010260.1	USHBP1
AC010260.1	AC010320.4
AC010260.1	AC245452.1
AC010260.1	AL022322.2
LINC01337	METTL13
LINC01337	FILIP1
LINC01337	RXYLT1-AS1
LINC01337	LINC02133
DHFR	AC105402.3
AC026726.1	AL928921.2
AC026726.1	TEX46
AC026726.1	TMEM269
AC026726.1	AC245014.1
AC026726.1	TAF1A-AS1
AC026726.1	AC011306.1
AC026726.1	MEIS1-AS3
AC026726.1	LINC01816
AC026726.1	IL5RA
AC026726.1	ZBED9
AC026726.1	AC024084.1
AC026726.1	CDR1
AC026726.1	AC011773.3
AC026726.1	AP000424.1
AC026726.1	AL606807.1
AC026726.1	AL162417.1
AC026726.1	OLFML1
AC026726.1	UCP2
AC026726.1	LINC02551
AC026726.1	AC016394.2
AC026726.1	AL121928.1
AC026726.1	AC089999.1
AC026726.1	LINC00638
AC026726.1	HYKK
AC026726.1	AC120114.1
AC026726.1	AC009159.2
AC026726.1	MYHAS
AC026726.1	AC127537.1
AC026726.1	AC018521.2
AC026726.1	NOG
AC026726.1	AP000845.1
AC026726.1	ODF3L2
AC026726.1	AC006538.2
AC026726.1	MBD3L1
AC026726.1	AC008554.1
AC026726.1	AC003005.1
AC026726.1	CARD10
RPS23	SS18L2
RPS23	CCDC127
RPS23	CLP1
LINC01338	DYTN
VCAN-AS1	LINC01715
VCAN-AS1	AL590666.2
VCAN-AS1	LINC01918
VCAN-AS1	CHL1-AS1
VCAN-AS1	AC096576.2
VCAN-AS1	AC106881.1
VCAN-AS1	SAP30L-AS1
VCAN-AS1	EML3
VCAN-AS1	AL133481.1
VCAN-AS1	PCDH9-AS4
VCAN-AS1	LINC00402
VCAN-AS1	LINC00909
VCAN-AS1	KHSRP
HAPLN1	AL359915.1
HAPLN1	AC007402.1
AC113383.1	AL157911.1
COX7C	TRAM1L1
COX7C	CD36
COX7C	TMEM86A
COX7C	SNHG19
AC109492.1	LINC02282
MEF2C-AS2	FAM133A
MEF2C-AS2	ARMC4
AC008525.1	AC091180.2
MEF2C-AS1	GATB
MEF2C-AS1	LINC02112
MEF2C-AS1	ZNF784
CETN3	TGDS
AC124854.1	AC114316.2
LINC02058	AC124854.1
LINC02058	AC026780.2
LINC02058	AC090630.1
LINC02058	SYNE2
SPATA9	AC008840.1
GLRX	BAALC-AS1
GLRX	KCNH3
AC008592.4	TREX2
AC008592.4	ZNF723
PCSK1	VGF
AC008906.2	DIO1
AC008906.2	AC104506.1
AC008906.2	IER3-AS1
AC008906.2	TEX48
AC008906.2	AC087645.2
LIX1-AS1	AC104596.1
LIX1-AS1	AC073878.1
LINC01846	AC091946.2
LINC00491	AL139120.1
LINC00491	NPIPB8
AC099520.1	FAM124A
EFNA5	AC124947.1
AC008572.1	LRIT3
NREP-AS1	LMF1-AS1
AC104126.1	AC010333.2
KCNN2	PPP2R2C
FEM1C	FCHO1
ARL14EPL	DAGLA
ARL14EPL	AC121761.1
ARL14EPL	SPATA5L1
ARL14EPL	APOH
SEMA6A-AS1	AC010864.1
SEMA6A-AS1	AP000962.1
LINC02147	ALDH1A1
DTWD2	ERICH3
DTWD2	CXXC4-AS1
DTWD2	AC008629.1
DTWD2	TRIP4
AC008568.1	ZBTB7B
AC119150.1	LINC01317
AC119150.1	AC096719.1
AC119150.1	GFRA2
AC106786.2	LRRIQ4
AC106786.2	AL158071.5
AC112196.1	ANGPTL1
AC112196.1	AC008534.1
AC112196.1	AC008781.1
AC112196.1	AL450345.1
AC112196.1	SPIN2B
AC112196.1	ATG16L2
AC112196.1	RERG
AC112196.1	AL139089.1
AC112196.1	FAM20A
AC112196.1	NDUFAF8
AC112196.1	WDR83
AC093535.1	AC008957.1
TEX43	AL034417.3
TEX43	AC005225.3
TEX43	PLIN1
TEX43	ELMO2
TEX43	AC007193.3
MARCH3	CASZ1
MARCH3	SCARA3
MARCH3	SLC35D2
MEGF10	TRIM35
MEGF10	SURF6
HINT1	AL136454.1
HINT1	WDR54
HINT1	NDUFB5
HINT1	AC104117.3
HINT1	TUBB2A
HINT1	NDUFA4
HINT1	BEX5
HINT1	BEX4
HINT1	PRPS1
HINT1	TMEM208
HINT1	PSMD7
HINT1	MRPL54
P4HA2	MFSD9
PDLIM4	NPPA
PDLIM4	DENND2D
PDLIM4	RAB13
PDLIM4	DNAJC5G
PDLIM4	IL1RL2
PDLIM4	TRPM8
PDLIM4	AC124893.1
PDLIM4	CCDC28A
PDLIM4	XKRX
PDLIM4	SEPT6
PDLIM4	EBF2
PDLIM4	AQP7
PDLIM4	PLAU
PDLIM4	RBP5
PDLIM4	METTL7B
PDLIM4	USP12-AS1
PDLIM4	AL049779.1
PDLIM4	SCNN1G
PDLIM4	ADGRG5
PDLIM4	SLCO4A1-AS1
PDLIM4	AC008770.1
PDLIM4	AC020916.1
PDLIM4	PLEKHA4
PDLIM4	MCHR1
AC004039.1	SLFNL1-AS1
AC004039.1	AC091906.1
AC004039.1	PILRA
AC004039.1	AP000844.2
AC004039.1	AC001226.2
AC004039.1	AC015849.3
AC004039.1	AP001021.2
AC004039.1	AC245060.6
UQCRQ	BOLA1
UQCRQ	GLRX2
UQCRQ	NENF
UQCRQ	EDEM1
UQCRQ	CAND2
UQCRQ	CENPVL3
UQCRQ	COX7B
UQCRQ	ARMCX6
UQCRQ	AC026979.2
UQCRQ	ZFAT
UQCRQ	PIGO
UQCRQ	AL158152.2
UQCRQ	AC084337.2
UQCRQ	SSSCA1
UQCRQ	MUS81
UQCRQ	ANKRD13A
UQCRQ	AL138686.1
UQCRQ	ATP5MPL
UQCRQ	STARD9
UQCRQ	C16orf72
UQCRQ	PYCARD
UQCRQ	ITGAE
UQCRQ	COX10
UQCRQ	AC068025.2
UQCRQ	UQCR11
TCF7	ASPHD1
CXCL14	FAHD2B
SLC25A48	DDX21
AC002428.2	AC062028.1
KLHL3	AC106791.1
HNRNPA0	PACSIN3
HNRNPA0	KBTBD6
HNRNPA0	IRF2BPL
HNRNPA0	MAPK7
EGR1	DUSP5
AC135457.1	ERICH3-AS1
CYSTM1	AP001453.1
CD14	LINC01762
AC244517.10	PCDHB13
AC008781.2	AC093797.1
AC008781.2	C8orf82
AC008781.2	KLRF1
SPRY4	KCNA2
SPRY4	MARC1
SPRY4	LRRC4
SPRY4	CREB3L1
SPRY4	ABHD17C
SPRY4	KANK2
FGF1	AC124242.1
FGF1	AC107959.1
ARHGAP26-AS1	AC239868.2
ARHGAP26-AS1	DUSP23
ARHGAP26-AS1	AC079922.2
ARHGAP26-AS1	LINC01484
ARHGAP26-AS1	ZNF503-AS2
ARHGAP26-AS1	AL355490.2
ARHGAP26-AS1	FBXL22
ARHGAP26-AS1	AL133297.2
PRELID2	AC137770.1
SH3RF2	AP001599.1
AC011396.2	PTPRU
AC011396.2	TMEM44
AC011396.2	AC021860.1
AC011396.2	AC093725.2
AC008728.1	AC026333.3
AC008728.1	AC107871.1
SPINK5	AC112211.1
SPINK5	SLC28A2
AC114939.1	ABCC5-AS1
AC114939.1	AC016644.1
AC114939.1	RRS1
ABLIM3	TECTA
ABLIM3	LINC02391
RPS14	PTRHD1
RPS14	PDCL3
RPS14	NPRL2
RPS14	RPL35A
RPS14	NDUFS6
RPS14	BAIAP2L1
RPS14	PQBP1
RPS14	GPKOW
RPS14	EXOSC4
RPS14	RPLP2
RPS14	PRDX5
RPS14	TXNRD1
RPS14	RPL21
RPS14	UTP14C
RPS14	KSR1
RPS14	RPL23A
RPS14	RPS11
RPS14	RPS9
RPS14	FO393418.1
RPS14	RPL3
SYNPO	KCNK4
RBM22	LIX1L
CCDC69	GABRQ
SPARC	TMSB15B
ATOX1	SPSB2
GLRA1	AC100814.1
GLRA1	SIAH3
LINC01470	KCTD18
LINC01470	CARD11
LINC01470	Z96074.1
LINC01470	ADAMTSL1
GRIA1	SNCAIP
GALNT10	GLUL
GALNT10	KCNK2
GALNT10	PARD3B
GALNT10	HDAC11
GALNT10	FRMD4B
GALNT10	ARL6
GALNT10	CFAP44
GALNT10	CDKN1A
GALNT10	AL355312.3
GALNT10	LZTS1
GALNT10	NCALD
GALNT10	GVQW3
GALNT10	NECTIN1
GALNT10	AP000911.1
GALNT10	AL356056.2
GALNT10	VSTM4
GALNT10	SLC8A3
GALNT10	AC007376.2
GALNT10	VASH1
GALNT10	BCL11B
GALNT10	AC048382.5
GALNT10	CPPED1
GALNT10	AC004158.1
GALNT10	TGIF1
GALNT10	ELFN2
GALNT10	B3GALT5
TIMD4	FLVCR1-DT
TIMD4	FGF12-AS3
TIMD4	AC027682.2
HAVCR1	LIN28B-AS1
MED7	LINC02150
MED7	SPDEF
MED7	PATL1
MED7	AL355974.1
MED7	AC115522.1
ITK	AC109454.2
ITK	P2RY8
AC025437.4	FLNC-AS1
AC091939.1	AL596275.2
AC091939.1	AL133516.1
AC091939.1	CYP1B1-AS1
AC091939.1	MYLK-AS2
AC091939.1	AC069200.1
AC091939.1	ALPK1
AC091939.1	PI16
AC091939.1	AC104073.4
AC091939.1	AC011853.2
AC091939.1	AC127526.1
AC091939.1	AL138921.1
AC091939.1	AL160035.1
AC091939.1	AL121890.4
AC091939.1	AC011479.1
AC091939.1	Z98885.2
FABP6	AC069234.1
AC011363.1	AL606534.1
AC011363.1	NAV2-AS4
AC011363.1	AC009053.2
AC011363.1	AC006449.3
LINC01202	MYO3B
LINC01202	DCDC2
GABRG2	SLC6A17
NUDCD2	TBCE
TENM2	ST6GALNAC5
TENM2	STAT4
TENM2	LINC01378
TENM2	CDH9
TENM2	ADGRV1
TENM2	EFNA5
TENM2	HTR1E
TENM2	FRMPD4
TENM2	AC120193.1
TENM2	MGAT4C
TENM2	CACNG3
TENM2	NEDD4L
TENM2	AJ009632.2
AC011369.1	RLIM
AC011369.1	LINC00927
AC011369.1	KCNE2
SLIT3	CDV3
SLIT3	KCNAB3
SLIT3	NPAS1
LCP2	GFRAL
LCP2	AC005064.1
LCP2	HEPH
LCP2	SLC22A18
LCP2	CD44
LCP2	HKDC1
LCP2	SLC17A8
LCP2	TMEM119
LCP2	AC023908.3
LCP2	LINC02254
LCP2	RRAD
LCP2	AC036176.1
LCP2	ZNF541
KCNMB1	AC118758.3
FGF18	DCAF4L1
FGF18	PPIC
FGF18	ATP6V1FNB
FGF18	PIP5KL1
FGF18	NXPE2
FGF18	AL136040.1
FGF18	KCNJ2-AS1
FGF18	TMEM238
DUSP1	CA8
DUSP1	CMTM3
DUSP1	RHBDF2
DUSP1	ZBTB46
DUSP1	PIM3
AC008429.3	GRTP1
LINC01484	AC099788.1
LINC01484	SPAG17
LINC01484	BNIPL
LINC01484	CRYGA
LINC01484	AC073333.1
LINC01484	PDGFRL
LINC01484	AC116535.1
LINC01484	AL358790.1
LINC01484	AL359513.1
LINC01484	AC008770.2
LINC01484	THSD8
LINC01484	AURKC
LINC01484	SLC2A11
C5orf47	SLC9A5
C5orf47	SULT2A1
AC113423.2	AC110491.3
AC113423.2	AP001001.1
LINC01411	STOX1
AC113346.2	AC079296.1
LINC01951	AL118558.4
FAM153B	HSD17B8
AC138956.2	AC022540.1
NOP16	CDK20
NOP16	FBL
SNCB	PHYHIP
EIF4E1B	RNF141
LINC01574	AC002480.2
FGFR4	AC092115.3
RAB24	AC124254.1
PRELID1	SDF2L1
RGS14	CALB1
PRR7	CLEC2D
DDX41	LRRC14
TMED9	TMEM11
TMED9	TMED1
TMED9	NFKBIB
FAM153C	FAM153A
RMND5B	ZNF45
PHYKPL	PRR3
PHYKPL	UQCC2
PHYKPL	TMEM242
PHYKPL	ABCB8
PHYKPL	SLC38A10
PHYKPL	LINC01535
PHYKPL	ZNF808
PHYKPL	MZF1
GRM6	NT5C1A
AC136604.2	DAPP1
AC136604.2	CGRRF1
AC136604.2	AC010319.4
GFPT2	ARHGAP24
RACK1	ANKRD65
RACK1	TMCO6
RACK1	NME4
RACK1	NT5C3B
RACK1	GPRC5C
RACK1	TIMM50
IRF4	AL596275.2
IRF4	AP1M2
IRF4	AC010616.1
RIPK1	RNF14
BPHL	SLC35B3
TUBB2A	CCK
TUBB2A	THOC3
TUBB2A	TUBA1B
TUBB2A	MOAP1
TUBB2A	SCG5
TUBB2A	CHGB
LINC02525	AC130371.2
TUBB2B	MDFI
TUBB2B	TUBA1A
SLC22A23	ACTN1
AL445309.1	AC084824.5
AL445309.1	TMEM92-AS1
AL021328.1	AF279873.4
RREB1	BBOX1-AS1
AL139095.4	TFPT
MAK	AL451062.1
MAK	FAM151A
MAK	HSD11B1
MAK	AC008067.1
MAK	LINC01931
MAK	AC017101.1
MAK	AC107068.2
MAK	OCIAD1-AS1
MAK	ZNF451-AS1
MAK	LINC00472
MAK	AC211486.5
MAK	AC098851.1
MAK	MIRLET7DHG
MAK	PCCA-AS1
MAK	AF107885.2
MAK	AC020892.2
MAK	AC023389.1
MAK	AC005884.1
MAK	AC104532.2
MAK	AC007193.2
MAK	SERHL2
GCM2	LRRC53
GCM2	AHR
GCM2	ANKRD7
GCM2	NUDCD1
GCM2	DCN
GCM2	AF111167.1
SYCP2L	NID1
SYCP2L	AL024498.2
SYCP2L	AC008758.6
AL445430.2	AL133351.1
MIR548A1HG	DRD3
MIR548A1HG	ID4
MIR548A1HG	SAMD14
ID4	C9orf147
ID4	CARMIL2
LINC00581	LINC00393
SOX4	PGBD2
AL035401.1	AC106799.2
NRSN1	ITGA10
U91328.3	AOC2
HIST1H1C	HIST1H1E
HIST1H2AC	KLHL21
HIST1H2AC	AC098650.1
HIST1H2AC	CORIN
HIST1H2AC	LINC02199
HIST1H2AC	LVRN
HIST1H2AC	HIST1H2BD
HIST1H2AC	AL031777.3
HIST1H2AC	CLIC5
HIST1H2AC	RBM48
HIST1H2AC	IQUB
HIST1H2AC	LUC7L2
HIST1H2AC	RBM3
HIST1H2AC	TBC1D8B
HIST1H2AC	LRRC69
HIST1H2AC	AP003469.4
HIST1H2AC	MOB2
HIST1H2AC	AP001273.2
HIST1H2AC	APOLD1
HIST1H2AC	PRIM1
HIST1H2AC	BICDL1
HIST1H2AC	TMEM202-AS1
HIST1H2AC	ARSG
HIST1H2BD	AC063944.3
HIST1H2BD	DNA2
HIST1H2BD	TOP3A
AL031777.3	HIST2H2BF
HIST1H4E	SERTAD4
HIST1H4E	YES1
AL031118.1	LINC01338
AL031118.1	DUXB
AL031118.1	GGN
HIST1H2BN	AC131235.3
HIST1H2BN	TVP23B
ZNF165	AC092159.2
ZBED9	EIF4E1B
ZBED9	AC124290.1
ZBED9	AC007292.2
ZNF311	GDF10
OR2H2	ANGPTL7
OR2H2	AL445231.1
OR2H2	CLMAT3
OR2H2	AL137779.1
ZFP57	HAGLR
HCG9	VPS16
HCG9	AL109761.1
HCG18	PLXNB3
TRIM39	HMBS
MDC1-AS1	AC003681.1
IER3-AS1	C5orf47
IER3-AS1	AC020978.3
IER3-AS1	AC243830.2
LINC00243	GRHL3
LINC00243	TEKT2
LINC00243	AL583808.1
LINC00243	C1orf146
LINC00243	ANXA9
LINC00243	IL6R-AS1
LINC00243	FCGR2A
LINC00243	SERTAD4-AS1
LINC00243	AC082651.4
LINC00243	CCR3
LINC00243	BFSP2
LINC00243	AC078795.2
LINC00243	MUC4
LINC00243	AC006296.2
LINC00243	AC110792.3
LINC00243	NPY5R
LINC00243	AC107214.2
LINC00243	TRIP13
LINC00243	TAS2R1
LINC00243	MARCOL
LINC00243	LST1
LINC00243	CLPSL1
LINC00243	FO393415.1
LINC00243	AL356234.2
LINC00243	C7orf31
LINC00243	AL590764.1
LINC00243	AC105001.1
LINC00243	AL136980.1
LINC00243	AL157884.2
LINC00243	CD6
LINC00243	AP002444.1
LINC00243	AC024600.1
LINC00243	SYT10
LINC00243	GALNT6
LINC00243	AC090709.1
LINC00243	LINC02410
LINC00243	AC079907.2
LINC00243	DOCK9-DT
LINC00243	AL356740.1
LINC00243	LINC02302
LINC00243	BATF
LINC00243	RBPMS2
LINC00243	AC012568.1
LINC00243	AC027045.2
LINC00243	PIRT
LINC00243	LINC01900
LINC00243	SERPINB7
LINC00243	SPEF1
LINC00243	LINC01273
LINC00243	TEX45
LINC00243	CRX
LINC00243	ALDH16A1
LINC00243	AC245884.10
LINC00243	AP001605.1
LINC00243	AP001043.1
SFTA2	AP003469.2
SFTA2	CCDC43
AL662844.4	AC005091.1
LY6G5B	LINC00951
LY6G5B	CLRN3
ABHD16A	AL139424.2
ABHD16A	AL136018.1
AL662899.1	AL359764.1
AL662899.1	ZNF510
AL662899.1	TAF5
AL662899.1	CLDN10-AS1
AL662899.1	MIR4713HG
AL662899.1	LINC02076
AL662899.1	AC018413.1
AL662899.1	HIPK4
AL662899.1	ZNF74
AL662899.1	AC004556.1
HSPA1A	LINC01376
HSPA1A	CRELD1
HSPA1A	MFSD8
HSPA1A	HSPB1
HSPA1A	PTGES3
HSPA1A	HSP90AA1
HSPA1A	PIGL
HSPA1B	DNAJB2
HSPA1B	ANKMY1
HSPA1B	HSPA1A
HSPA1B	TMEM220
HSPA1B	AL080312.2
HSPA1B	DNAJB1
NELFE	CLEC4A
BTNL2	AC012313.8
HLA-DRA	AC093788.1
HLA-DRA	CD74
HLA-DMB	AL049597.2
AL645941.2	LINC02014
AL645941.2	HLA-DMB
AL645941.2	HLA-DMA
AL645941.2	AC123912.2
AL645940.1	PAPLN
RPS18	FKBP1B
RPS18	EFCAB10
RPS18	RPL38
RPS18	RPS19
RPS18	CTU1
CUTA	TAX1BP3
BAK1	ZNF77
ITPR3	DLGAP1-AS2
PACSIN1	HAPLN4
PACSIN1	RTN4R
SPDEF	ZNF79
SNRPC	PERP
TCP11	KCNK5
RPL10A	COA7
RPL10A	MRPS21
RPL10A	AL121987.1
RPL10A	SNAP47
RPL10A	C1orf35
RPL10A	MOGS
RPL10A	FSTL1
RPL10A	ZNF622
RPL10A	DNPH1
RPL10A	PBDC1
RPL10A	MAK16
RPL10A	ZDHHC12
RPL10A	MALAT1
RPL10A	ORMDL2
RPL10A	MYL6B
RPL10A	ATXN7L3B
RPL10A	DUS3L
RPL10A	USE1
FKBP5	GRAMD1C
FKBP5	ANKRD33B
FKBP5	KBTBD11
FKBP5	BEST1
FKBP5	ADIPOR2
FKBP5	FMNL3
FKBP5	TMCC3
FKBP5	RLBP1
FKBP5	EEF2K
FKBP5	PER1
FKBP5	TMEM98
FKBP5	KIF19
FKBP5	BAIAP2
CLPSL1	OR2M3
CLPSL1	BFSP2-AS1
CLPSL1	PCDHB8
CLPSL1	SMIM10L2B-AS1
CLPSL1	ZNF503-AS1
CLPSL1	RFFL
CLPSL1	BRWD1-AS1
PXT1	KCNG2
SRSF3	PPP1R15B
CDKN1A	NFIL3
CDKN1A	PRKCQ
CDKN1A	DAPK2
CDKN1A	CEBPB
CDKN1A	PPP5D1
CDKN1A	PLXNB2
PI16	GJC2
PI16	TMC6
PI16	POLR3F
PIM1	AP001979.2
TDRG1	ZMYM1
TDRG1	POMZP3
TDRG1	PIGA
TDRG1	AL138966.2
UNC5CL	AL162385.2
CCND3	AC107375.1
POLR1C	ZNF7
POLR1C	RMC1
YIPF3	TMEM167B
YIPF3	MAFG-DT
POLH-AS1	OPRL1
MRPS18A	PPIL1
VEGFA	EPAS1
VEGFA	PROM1
VEGFA	AL109615.3
VEGFA	ADM
VEGFA	P4HA1
MRPL14	TWISTNB
HSP90AB1	CCT3
HSP90AB1	CACYBP
HSP90AB1	SLBP
HSP90AB1	MRFAP1L1
HSP90AB1	AOAH
HSP90AB1	CCT6A
HSP90AB1	LINC00843
HSP90AB1	FKBP4
HSP90AB1	SPRYD7
HSP90AB1	CANT1
HSP90AB1	ZNF491
SLC35B2	CERS2
AL353588.1	GNPDA1
TCTE1	PMF1-BGLAP
TCTE1	AC068987.1
RCAN2	MIS18BP1
CYP39A1	SLC2A12
AL355353.1	AGMAT
AL355353.1	SMPDL3B
AL355353.1	PPP1R3G
AL355353.1	ZWINT
AL355353.1	AC005324.1
AL355353.1	AC127024.3
AL355353.1	AC011471.2
GLYATL3	AC116096.1
GLYATL3	FLNC-AS1
GLYATL3	TDRP
GLYATL3	SLC46A2
GLYATL3	AC010504.1
GLYATL3	AP001468.1
AL138826.1	AL020996.1
AL138826.1	ASPM
AL138826.1	LINC00582
AL138826.1	CDC25A
AL138826.1	AC109322.1
AL138826.1	LINC01495
AL138826.1	DDIAS
AL138826.1	AC079601.1
AL590652.1	SMARCE1
LRRC1	MRTO4
LRRC1	PNO1
LRRC1	RAB32
LRRC1	SYPL1
LRRC1	TRMO
LRRC1	GATD1
LRRC1	NEURL1
LRRC1	E4F1
LRRC1	MPPED1
AL033384.2	PPP6R1
MLIP-AS1	FAM167B
MLIP-AS1	AL023581.2
MLIP-AS1	SERPINE1
MLIP-AS1	SLC38A5
HCRTR2	DRC1
HCRTR2	AC024601.1
HCRTR2	DHDH
GFRAL	HCRT
AL512422.1	RAB35
AL512422.1	DDX55
ZNF451-AS1	MUSK
ZNF451-AS1	ALOX12
ZNF451-AS1	AC007114.2
BAG2	NSUN7
BAG2	LINC01277
BAG2	MYO7A
BAG2	AP000229.1
FKBP1C	AL136985.3
FKBP1C	AL445493.3
FKBP1C	AC234781.1
AL391807.1	AC004982.2
AL160262.1	EYS
AL365226.1	AC090559.1
AL365226.1	MANSC4
AL365226.1	PLEKHG4
KCNQ5	GULP1
KCNQ5	GRIN2A
OOEP	ADIPOR1
OOEP	RPL12
OOEP	AC068338.3
EEF1A1	TSSK3
EEF1A1	C1orf123
EEF1A1	AMIGO1
EEF1A1	AC012306.2
EEF1A1	SRSF3
EEF1A1	AL135925.1
EEF1A1	KCNA5
EEF1A1	MYL6
EEF1A1	ARF6
EEF1A1	MOK
EEF1A1	RPL4
EEF1A1	TRAF7
EEF1A1	SOX15
EEF1A1	CEP250
AL356277.3	ZNF71
COX7A2	ADCY5
COX7A2	CNTROB
COX7A2	IGSF5
COX7A2	TRAPPC10
LINC02542	LINC01597
RIPPLY2	AP002884.3
LINC01611	CDHR2
LINC01611	GRAPL
LINC01611	L34079.1
NT5E	LYPD1
NT5E	SLC6A6
AL139274.2	AP003392.4
GJB7	HSPE1
GJB7	SKIV2L
GJB7	PPT2-EGFL8
GJB7	KLHL31
GJB7	AL590399.3
GJB7	AL157895.1
GJB7	KLRC2
GJB7	AC103808.6
GJB7	AC012313.5
GJB7	TSPEAR
PNRC1	NR2F1
PNRC1	CORO2A
PNRC1	KIAA1549L
PNRC1	SLC38A2
PNRC1	FAM189A1
PNRC1	IGDCC3
PNRC1	OSER1-DT
PNRC1	CCDC134
GABRR1	DNAJC27
AL159174.1	SERP2
AL589740.1	LINC01830
AL589740.1	LINC01122
AL589740.1	AC007364.1
AL589740.1	CNTN4
AL589740.1	LDB2
AL589740.1	TLL1
AL589740.1	AC093523.1
AL589740.1	HNF4G
AL589740.1	SLC2A8
AL589740.1	MALRD1
AL589740.1	OTOGL
AL589740.1	LINC02328
AL589740.1	ARHGAP28
AL589740.1	RAB27B
AL590727.1	TECRL
AL590727.1	KCNMB1
AL590727.1	SFTA2
AL590727.1	AL137784.2
POU3F2	C2orf49
POU3F2	LINC00237
POU3F2	SAMD1
AL133338.1	AC073389.1
LIN28B-AS1	ACTR8
AL591518.1	STK32C
MICAL1	TPM2
MICAL1	RGS11
AL109947.1	BTNL2
AL109947.1	AC114550.3
AL109947.1	AC015936.2
AL360227.1	AL645728.1
LINC02518	AC245033.2
MARCKS	TFAP2E
MARCKS	C1QL2
MARCKS	H1FX
MARCKS	LRRTM2
TSPYL4	ZNF770
DSE	TMEM232
TSPYL1	NAP1L2
PLN	AL512598.1
PLN	AC007950.2
FABP7	BORCS6
FABP7	S100B
TRDN-AS1	CNBD1
NKAIN2	DYSF
NKAIN2	ZNF385B
NKAIN2	PDE1A
NKAIN2	AC067956.1
NKAIN2	ROBO2
NKAIN2	AC026316.5
NKAIN2	TENM3
NKAIN2	PRR16
NKAIN2	AC139491.7
NKAIN2	LY86-AS1
NKAIN2	KIAA0319
NKAIN2	SLC26A4
NKAIN2	PTCHD1-AS
NKAIN2	PRKG1
NKAIN2	PTPRB
NKAIN2	PTPRR
NKAIN2	AC090502.1
NKAIN2	SLC6A15
NKAIN2	MGAT4C
NKAIN2	SRRM4
NKAIN2	GABRA5
NKAIN2	GABRG3
NKAIN2	ANKRD34C-AS1
NKAIN2	SEC14L5
NKAIN2	AC104151.1
NKAIN2	ANKRD30B
NKAIN2	AL117329.1
NKAIN2	TRPM2
NCOA7-AS1	C13orf42
NCOA7-AS1	AL021453.1
RSPO3	RTP4
RSPO3	CLEC5A
RSPO3	ARHGAP9
RSPO3	NOP9
RSPO3	AC005381.1
AL590006.1	AL022157.1
AL590006.1	AL512625.2
AL021408.1	LINC01013
AL138828.1	FBXO6
AL138828.1	CISD2
AL138828.1	AP000787.1
AL138828.1	AC016597.1
AL138828.1	AC091271.1
AL024508.2	SMIM10L1
AL024508.2	MYO19
AL356234.2	AL358075.4
AL356234.2	BTLA
AL356234.2	MLIP-AS1
AL356234.2	KLRG2
AL356234.2	RGS3
AL356234.2	ALOXE3
NHSL1	PTCH2
NHSL1	COL13A1
NHSL1	MAP2K6
GVQW2	TRIM7
AL023584.2	LINC01144
AL023584.2	NEXN-AS1
AL023584.2	AC016735.1
AL023584.2	AC012640.1
AL023584.2	AC008914.1
AL023584.2	AC137579.2
AL023584.2	AL513165.2
AL023584.2	DIAPH3-AS1
AL023584.2	LINC02281
AL023584.2	AL359220.1
AL023584.2	AC015914.1
AL023584.2	AC084855.2
AL023584.2	AC138028.2
AL023584.2	AC022960.1
AL023584.2	AC138474.1
AL023584.2	IGSF23
AL023581.1	CENPL
AL023581.1	BLNK
AL023581.1	ARHGAP5-AS1
AL023581.1	ZNF180
SF3B5	SOX3
SF3B5	STOML2
SF3B5	GSE1
ADGB	AL626787.1
ADGB	GNMT
ADGB	MID1IP1-AS1
ADGB	HAUS7
ADGB	MELK
ADGB	LINC02334
AL033504.1	SAMD5
UST-AS1	TRIM32
AL357992.1	MMP25
ZC3H12D	DPP10-AS1
RAET1E	AL445309.1
RAET1E	ADTRP
RAET1E	CHRFAM7A
RAET1E	AC100830.1
MTHFD1L	CHSY3
MTHFD1L	ANKDD1A
VIP	FHL2
VIP	SST
VIP	NEUROD6
VIP	MIR7-3HG
AL355297.3	CAPN14
AL035634.1	C9orf92
AL035634.1	AC100839.1
AL035634.1	TMC4
DYNLT1	FAM200B
DYNLT1	AC069544.1
AL356417.3	AC245140.2
ACAT2	DHCR24
ACAT2	SQLE
ACAT2	SC5D
ACAT2	IDI1
ACAT2	MVD
PNLDC1	AC239804.1
PNLDC1	HIST1H2BC
PNLDC1	PNPLA1
SLC22A3	AC005162.3
PLG	SLC4A9
PLG	AC124066.1
AL391361.2	ZNF589
AL391361.2	KIF25
AL391361.2	CDNF
AL009178.3	AJ239322.1
AL009178.3	HHLA1
DACT2	FAM220A
TCTE3	TRIM26
AL731684.1	IMPACT
FAM20C	ZDHHC18
ELFN1	ZNF740
ELFN1	ZNF121
GNA12	DOCK7
GNA12	HK2
GNA12	TMEM87B
GNA12	WEE2-AS1
GNA12	DRAM1
GNA12	RAB20
GNA12	PYGB
MMD2	TMED5
MMD2	PCDHB4
MMD2	AC069120.1
MMD2	PPP1R26-AS1
MMD2	AC145422.1
MMD2	BMP2
MMD2	AC011509.2
MMD2	DACT3-AS1
MMD2	CACNG8
MMD2	Z93930.2
MMD2	CBY1
TNRC18	MYNN
TNRC18	GTF2IRD1
TNRC18	STX16-NPEPL1
TNRC18	KDM4B
TNRC18	TPM4
FBXL18	AL391261.2
ACTB	PEF1
ACTB	RHOC
ACTB	RNF187
ACTB	RHOB
ACTB	PCBP1
ACTB	RBM15B
ACTB	AGPAT1
ACTB	FSCN1
ACTB	GNB2
ACTB	TAF9B
ACTB	CEND1
ACTB	PRPF19
ACTB	MEN1
ACTB	C11orf68
ACTB	NGB
ACTB	PPP4C
ACTB	EIF5A
ACTB	CNP
ACTB	RND2
ACTB	ACTG1
ACTB	ARHGDIA
ACTB	GPS1
ACTB	RBM42
ACTB	GSK3A
ACTB	PPP2R1A
ACTB	NAT14
CCZ1	PCDHB7
AIMP2	GZF1
RSPH10B2	AC012557.2
RSPH10B2	AL359715.3
RSPH10B2	AP000442.2
AC007128.1	LINC02275
AC060834.2	AC092832.2
AC060834.2	OSGIN2
AC060834.2	AC243829.2
NDUFA4	MPC2
NDUFA4	AC007405.3
NDUFA4	TMEM14C
NDUFA4	TSPAN13
NDUFA4	COX4I1
NDUFA4	Z98752.3
NDUFA4	PKNOX1
THSD7A	PLD1
THSD7A	CDH18
THSD7A	ADAMTS6
THSD7A	GLYATL2
THSD7A	AP001347.1
SCIN	AL033530.1
SCIN	ALLC
SCIN	SH3TC2-DT
SCIN	AL355922.5
SCIN	ANKRD62
ARL4A	TEX30
ARL4A	DHRS4L2
ARL4A	SIN3A
ARL4A	ZBTB7C
ARL4A	RINL
SOSTDC1	AL021328.1
AC073333.1	SLC25A44
AC073333.1	DCAF12L2
AHR	TOP3B
AC019117.1	AC093155.3
HDAC9	TMEFF2
HDAC9	CCSER1
HDAC9	DYNC1I1
HDAC9	GRIA4
HDAC9	TRHDE
HDAC9	RIT2
TMEM196	LINC01965
AC099342.1	STX4
AC099342.1	ALOX12B
LINC01162	GVQW2
DNAH11	AC068051.1
DNAH11	TCF3
AC002480.3	AC002480.2
AC002480.3	PTGIS
TOMM7	RPL22
KLHL7-DT	ZNF596
KLHL7-DT	AC087269.1
KLHL7-DT	TCF15
IGF2BP3	RRP8
FAM221A	LACTB
OSBPL3	SEMA6D
CYCS	FANCF
AC004540.2	AC004540.1
AC007285.2	DAB1-AS1
AC007285.2	LHX4
AC007285.2	RNF25
AC007285.2	AC064874.1
AC007285.2	RBP2
AC007285.2	PEX5L-AS2
AC007285.2	AC108156.1
AC007285.2	AC084871.2
AC007285.2	AC093297.1
AC007285.2	AC025434.1
AC007285.2	AC006145.1
AC007285.2	SPACA5
AC007285.2	AC116666.1
AC007285.2	AC009686.1
AC007285.2	AL355314.2
AC007285.2	AC073592.1
AC007285.2	AL512791.1
AC007285.2	AL157871.1
AC007285.2	TRPV2
AC007285.2	AC008649.2
AC007285.2	Z98885.3
ZNRF2	MOB3B
NEUROD6	GLRA3
NEUROD6	NUDT14
NEUROD6	AC142472.1
AC008080.1	AL031848.2
DPY19L1	GNA14
DPY19L1	FAM227B
EEPD1	ZNF488
AOAH	AC105053.1
TRGC2	LINC01248
TRGC2	AL355390.2
POU6F2	CLVS2
AC004988.1	HCG18
AC004988.1	AL139120.1
AC004988.1	FAM53B-AS1
AC004988.1	SOCS2
AC004988.1	RNF31
INHBA	NFATC2
MRPL32	FAM174A
AC004692.2	BBS12
PPIA	PTMA
PPIA	ZCCHC12
SNHG15	MED8
AC073325.1	VTCN1
AC073325.1	OSTN-AS1
AC073325.1	STAP1
AC073325.1	AC116634.1
AC073325.1	AC097534.1
AC073325.1	IRF4
AC073325.1	AC083843.1
AC073325.1	LINC02291
AC073325.1	ZSCAN32
AC073325.1	MAFTRR
AC073325.1	NOS2
AC073325.1	LINC00671
IGFBP3	WNT9A
IGFBP3	STARD8
IGFBP3	EGR3
IGFBP3	AL160269.1
IGFBP3	ALPK3
AC011294.1	TFCP2L1
AC004870.3	AC011374.1
AC004870.3	CR769775.2
TNS3	GCKR
TNS3	ST6GAL2
TNS3	DIRC3
TNS3	KY
TNS3	MEST
TNS3	PTCH1
TNS3	AFAP1L2
TNS3	ERBB3
TNS3	NKD1
TNS3	CDYL2
TNS3	ABCG1
IKZF1	CRYBG3
IKZF1	PCSK4
GRB10	LINC02362
GRB10	MTURN
GRB10	CENPB
GRB10	MAPRE1
EGFR	AJAP1
EGFR	FBLIM1
EGFR	PCP4L1
EGFR	AL592295.4
EGFR	AL592295.3
EGFR	AC009975.1
EGFR	IKZF2
EGFR	JADE1
EGFR	EGR1
EGFR	AC006148.1
EGFR	LINC01503
EGFR	USP2
EGFR	KCNA1
EGFR	FAM222A
EGFR	FAM214A
EGFR	MON1B
EGFR	DNAH9
EGFR	LRRC75A
EGFR	CHST9
EGFR	CPXM1
ELDR	AC025171.3
SUMF2	RNPEP
CHCHD2	S100A1
CHCHD2	DDX59
CHCHD2	COPS8
CHCHD2	GPANK1
CHCHD2	RANBP1
AC092634.5	Z98259.3
AC092634.5	AC009506.1
AC092634.5	MAGIX
AC092634.5	DSG1-AS1
ZNF680	ATAD2
AC104073.4	AL354714.1
AC104073.4	TOPAZ1
AC104073.4	GXYLT2
AC104073.4	WDR72
AC104073.4	MPP3
TPST1	CLIC4
TPST1	CDC7
TPST1	KIAA0040
TPST1	ARID5A
TPST1	ARHGEF3
TPST1	PROS1
TPST1	PARP9
TPST1	SH3BP2
TPST1	RETREG1
TPST1	OSMR-AS1
TPST1	OSMR
TPST1	MARCH3
TPST1	SLC22A4
TPST1	SLC26A2
TPST1	SLC22A23
TPST1	DPY19L1
TPST1	EEPD1
TPST1	TRIM56
TPST1	KDM7A
TPST1	SLC39A14
TPST1	LOXL2
TPST1	PMP2
TPST1	MATN2
TPST1	STK3
TPST1	BAALC
TPST1	ANKRD20A1
TPST1	EPB41L4B
TPST1	INPP5F
TPST1	FOS
TPST1	SEMA4B
TPST1	STAT3
TPST1	RAB40B
TPST1	ARID3A
AC006480.2	HSDL2
TRIM50	CCDC58
FKBP6	LINC01497
FZD9	TRAF4
FZD9	TMEM121B
CLIP2	FBXO36
CLIP2	IDUA
CLIP2	GRID2IP
CLIP2	AC068533.4
CLIP2	AC009630.1
CLIP2	CD81-AS1
CLIP2	DOCK6
CLIP2	PGPEP1
GTF2IRD1	FBXO48
GTF2IRD1	TTC30B
GTF2IRD1	PDCD6
GTF2IRD1	MANEA
GTF2IRD1	FIGNL1
GTF2IRD1	MMGT1
GTF2IRD1	SLC46A1
GTF2IRD1	PPM1F
TRIM73	BRD9
TRIM73	PGP
TRIM73	LINC02175
TRIM73	AC026471.1
TRIM73	SRSF1
TRIM73	METTL23
TRIM73	AL117335.1
SPDYE5	SPATA21
SPDYE5	Z99127.1
SPDYE5	REN
SPDYE5	HAAO
SPDYE5	KIF9
SPDYE5	EVC
SPDYE5	SLC26A8
SPDYE5	AL138733.1
SPDYE5	ELMO1-AS1
SPDYE5	SPDYE1
SPDYE5	SPDYE2
SPDYE5	SPDYE2B
SPDYE5	IGSF22
SPDYE5	AP003392.1
SPDYE5	HPD
SPDYE5	AL359317.1
SPDYE5	AC025043.1
SPDYE5	SLC12A1
SPDYE5	AC109597.1
SPDYE5	USP6
SPDYE5	AC005697.2
SPDYE5	HIGD1B
SPDYE5	TINCR
SPDYE5	WDR88
SPDYE5	FUT2
SPDYE5	ZNF649-AS1
SPDYE5	AC011476.3
SPDYE5	ZNF749
SPDYE5	AC004076.2
SPDYE5	AL022323.4
SPDYE5	BAIAP2L2
RHBDD2	FASTK
RHBDD2	DOLPP1
RHBDD2	MAP1S
RHBDD2	ESS2
TMEM120A	MIIP
SRRM3	RAB11FIP4
HSPB1	MAP7D1
HSPB1	IRF2BP2
HSPB1	AL591885.1
HSPB1	CCT4
HSPB1	SEC24B-AS1
HSPB1	ZGRF1
HSPB1	SLC12A7
HSPB1	C5orf67
HSPB1	DTWD2
HSPB1	SCUBE2
HSPB1	ACCS
HSPB1	RELA
HSPB1	NFKB2
HSPB1	AC048341.1
HSPB1	GOLGA8B
HSPB1	AC110285.1
HSPB1	PRKCSH
HSPB1	DNAJB1
HSPB1	WIZ
SSC4D	AC012508.1
SPDYE16	AC099791.2
SPDYE16	AC099066.2
SPDYE16	LINC01023
SPDYE16	SLU7
SPDYE16	AC008415.1
SPDYE16	KIAA0895
SPDYE16	CXorf38
SPDYE16	SMIM35
SPDYE16	APBB1IP
SPDYE16	RAPGEFL1
SPDYE16	LINC00908
AC098851.1	AC011773.4
GNAI1	CGNL1
HGF	AC103923.1
HGF	CHI3L1
HGF	LINC00997
HGF	ANKRD20A2
PCLO	DYNC1I1
PCLO	SYBU
SEMA3E	ARHGAP18
SEMA3E	CDH19
AC005076.1	AL450326.1
SLC25A40	KDM6B
SRI	EFR3B
SRI	CHMP2B
SRI	FAM8A1
SRI	CHRAC1
STEAP4	TSIX
STEAP4	AC021546.1
AC002383.1	THPO
GATAD1	ALG6
GATAD1	LRP11
GATAD1	AC015983.2
GATAD1	ZNF484
GATAD1	NPDC1
GATAD1	AL162311.3
GATAD1	SHF
GATAD1	ZNF213-AS1
GATAD1	SCO1
GATAD1	NAGLU
GATAD1	FBF1
GATAD1	ACTR5
GATAD1	ZNF649
GATAD1	ZNF805
GATAD1	TRMU
GNGT1	ENDOV
AC006378.1	AC024243.1
AC006378.1	AL358154.1
AC002074.1	AL031291.1
AC002074.1	AC007879.3
AC002074.1	KLHL7-DT
AC002074.1	ADAM28
AC002074.1	CCNB2
AC002074.1	LINC02165
AC002074.1	FAM209A
AC002429.2	ZMYM4-AS1
AC002429.2	AL442071.1
AC002429.2	AL078459.1
AC002429.2	AC012358.3
AC002429.2	AC079117.1
AC002429.2	AC098617.1
AC002429.2	CFLAR-AS1
AC002429.2	AC117383.1
AC002429.2	ANKUB1
AC002429.2	TMPRSS11D
AC002429.2	AC139720.1
AC002429.2	AC008957.2
AC002429.2	AC016642.1
AC002429.2	AC010261.2
AC002429.2	AC004039.1
AC002429.2	AL078581.3
AC002429.2	ST7-AS2
AC002429.2	AC004594.1
AC002429.2	GK-AS1
AC002429.2	AC108863.1
AC002429.2	ASTN2-AS1
AC002429.2	AC131571.1
AC002429.2	AC024145.1
AC002429.2	AC023051.1
AC002429.2	PPFIA2-AS1
AC002429.2	AC012085.2
AC002429.2	AL136298.1
AC002429.2	AL049840.1
AC002429.2	AC009554.1
AC002429.2	AC105339.3
AC002429.2	AC087190.1
AC002429.2	AC103949.1
AC002429.2	TGFB1
PON3	PON1
PDK4	PSD4
PDK4	WDR19
PDK4	PIM1
PDK4	CCND1
PDK4	TMEM123
PDK4	WSCD2
PDK4	AREL1
PDK4	SNX22
PDK4	KIFC3
PDK4	GINS3
PDK4	AC118755.2
PDK4	TPD52L2
SEM1	ZCCHC17
SEM1	MSH4
SEM1	BCAR3
SEM1	AC019118.2
SEM1	ADGRF3
SEM1	AC092164.1
SEM1	ARHGEF33
SEM1	AC010884.1
SEM1	AC009948.1
SEM1	INHA
SEM1	AC019068.1
SEM1	CRELD1
SEM1	CD96
SEM1	AC063919.1
SEM1	LINC01983
SEM1	POLN
SEM1	HS3ST1
SEM1	CXXC4
SEM1	LINC02516
SEM1	LRP2BP
SEM1	AC112722.1
SEM1	AC063979.2
SEM1	AC008695.1
SEM1	PCDHGA1
SEM1	SNRNP48
SEM1	HIST1H2AC
SEM1	CYP39A1
SEM1	BAG2
SEM1	TENT5A
SEM1	IPCEF1
SEM1	DDX56
SEM1	SAP25
SEM1	SCML1
SEM1	CXorf56
SEM1	ZNF449
SEM1	UTP23
SEM1	AL137024.1
SEM1	RABEPK
SEM1	PTRH1
SEM1	MACROD1
SEM1	ZNF365
SEM1	AL160290.2
SEM1	GYS2
SEM1	AC025265.1
SEM1	SMIM2-AS1
SEM1	KDELC1
SEM1	PARP2
SEM1	WDHD1
SEM1	GPR135
SEM1	DPH6-DT
SEM1	AC090518.1
SEM1	HSD17B1
SEM1	ENOSF1
SEM1	CIRBP
SEM1	LINC01310
SEM1	AP001341.1
SEM1	LINC00159
SEM1	KCNE1
TAC1	KIF17
TAC1	AC022509.2
BAIAP2L1	DGKQ
BAIAP2L1	CDKN2AIPNL
BAIAP2L1	AC084033.3
TMEM130	SVOP
TMEM130	HSDL1
CYP3A5	CNEP1R1
CYP3A4	SGCA
COPS6	HILPDA
COPS6	AC027031.2
LAMTOR4	ASGR1
GAL3ST4	SLC7A10
STAG3	ZBTB24
STAG3	B9D1
CASTOR3	TMEM69
CASTOR3	EIF2D
CASTOR3	AC007389.3
CASTOR3	RALB
CASTOR3	ACVR2B
CASTOR3	FOXP4
CASTOR3	ZNF680
CASTOR3	CASTOR2
CASTOR3	IFT22
CASTOR3	USP51
CASTOR3	LINC00630
CASTOR3	ARNTL
CASTOR3	DIXDC1
CASTOR3	ULK1
CASTOR3	IPO4
CASTOR3	ACSS2
CASTOR3	GNAZ
CASTOR3	Z95115.1
CASTOR3	CBX7
SPDYE3	STAG3
SPDYE3	AL355315.1
SPDYE3	RAPGEF3
SPDYE3	GLS2
SPDYE3	AL355001.1
SPDYE3	SLC24A1
SPDYE3	ETV4
SPDYE3	TP53TG5
SPDYE3	AC010320.3
TSC22D4	CAMTA1-DT
TSC22D4	VAV3
TSC22D4	BTBD17
TSC22D4	ZNF599
SAP25	AJM1
PCOLCE-AS1	AC135782.1
GNB2	ZNF275
UFSP1	AC006030.1
MUC12	NEK10
SERPINE1	LINC02497
SERPINE1	AC079089.1
SERPINE1	AC092364.1
SERPINE1	AC010616.2
ZNHIT1	GPR156
FIS1	ENDOG
COL26A1	NKAIN1
SPDYE6	TYMS
SPDYE2	GCNT7
AC105052.1	AC093668.2
AC105052.1	AC105052.3
SPDYE2B	PLET1
EFCAB10	RND1
HBP1	TMEM39B
HBP1	CRIPT
HBP1	HERC5
HBP1	GAR1
HBP1	BNIP1
HBP1	SPRY3
HBP1	NSMCE1
HBP1	GFOD2
HBP1	KARS
HBP1	YPEL2
HBP1	GDAP1L1
HBP1	ZSWIM3
SLC26A3	MFSD14A
SLC26A3	INO80D
SLC26A3	AL137003.2
SLC26A3	AL591368.1
SLC26A3	ARHGEF25
SLC26A3	LPCAT4
SLC26A3	NPIPA5
SLC26A3	ZNF776
AC092167.1	AC007326.4
LRRN3	NSUN4
LRRN3	PUS7
LRRN3	DIAPH3
FOXP2	VWA3A
CAV1	AC002066.1
CAV1	CAV2
LINC02476	AC009690.3
LINC02476	MKS1
AC004946.1	AC019080.4
AC004946.1	AC008083.1
AC004946.1	WWOX-AS1
AC004946.1	AC037487.1
AC004946.1	SPATC1L
AC015983.2	GDPD3
POT1-AS1	AC010099.4
AC019155.2	TCTEX1D1
AC019155.2	PIFO
AC019155.2	LINC02257
AC019155.2	NLRP3
AC019155.2	AC007249.2
AC019155.2	LINC00954
AC019155.2	AC020718.1
AC019155.2	AC114730.2
AC019155.2	NR1I2
AC019155.2	ALG1L
AC019155.2	CLPTM1L
AC019155.2	AC008897.3
AC019155.2	LINC01846
AC019155.2	AL355353.1
AC019155.2	TPBG
AC019155.2	AL024474.2
AC019155.2	AC073325.1
AC019155.2	AC022858.1
AC019155.2	LY96
AC019155.2	LHX6
AC019155.2	NODAL
AC019155.2	LINC02231
AC019155.2	FGF14-AS2
AC019155.2	PAK6
AC019155.2	STRC
AC019155.2	LINC02259
AC019155.2	SLC38A8
AC019155.2	AC005696.4
AC019155.2	FBXW10
AC019155.2	AC005920.1
AC019155.2	LINC01970
AC019155.2	NRTN
AC019155.2	DMKN
AC019155.2	PGLYRP1
AC019155.2	NLRP7
AC019155.2	NLRP2
AC019155.2	RSPH1
ARF5	AC010997.5
AC018635.2	AC105760.1
HILPDA	BEND3
FLNC-AS1	AL512791.1
FLNC-AS1	AC005899.6
ATP6V1F	BEX3
ATP6V1F	PSMA7
ATP6V1F	THAP7
ATP6V1FNB	SRF
CPA2	PRUNE1
CPA2	DMRTC1B
CPA2	AP003716.1
CPA2	ANO1
CPA2	LINC02440
MESTIT1	LINC01853
AC007938.2	PFN4
AC007938.2	FOPNL
LINC00513	ACAP3
LINC00513	MROH7-TTC4
LINC00513	SPATA1
LINC00513	AL603832.1
LINC00513	AL354771.1
LINC00513	SPDYA
LINC00513	GALM
LINC00513	AC009501.1
LINC00513	C2orf88
LINC00513	ZNF852
LINC00513	SRPX2
LINC00513	PCA3
LINC00513	AP002518.2
LINC00513	G2E3-AS1
LINC00513	AC139100.1
LINC00513	TLDC2
AC058791.1	TMEM243
AC058791.1	LSM8
AC009365.3	CELA2B
AC009365.3	ZNF385D-AS1
AC009365.3	AC092718.6
AC009542.1	AL136988.2
AC009542.1	NLRC4
AC009542.1	ZNF630-AS1
AC009542.1	VWA2
AC091736.1	AC012360.1
AC024084.1	TPO
AC024084.1	AC005699.1
AC024084.1	LINC00707
AKR1D1	AL136295.3
LUC7L2	CCAR2
LUC7L2	ZNF671
CLEC2L	ZMYND15
NDUFB2	SIN3B
NDUFB2	NOSIP
CLEC5A	PLGLB2
CLEC5A	AL451048.1
CLEC5A	DNLZ
CLEC5A	TANGO2
CLEC5A	ERG
GSTK1	ZNF436-AS1
GSTK1	P3H2-AS1
GSTK1	PLPP5
GSTK1	AL355338.1
GSTK1	SNAPC5
FAM131B	FBLL1
FAM131B	R3HDM4
ARHGEF5	KCNE5
CNTNAP2	EPHA6
AC006004.1	EGFLAM
AC006004.1	MYLK3
AC006974.1	MAPK12
ZNF786	CHUK
ZNF425	AP000282.1
ATP6V0E2	APH1A
ATP6V0E2	TIGD6
ATP6V0E2	TOR2A
ATP6V0E2	FIBIN
ATP6V0E2	THY1
ATP6V0E2	MPI
ATP6V0E2	RPUSD1
ATP6V0E2	RPS6KB1
AC092666.1	AL353768.1
RARRES2	TP73
RARRES2	AC233280.1
TMEM176B	TMEM176A
ABCB8	N6AMT1
CDK5	RFXANK
FASTK	ATXN7L2
FASTK	ASIC3
FASTK	ZNF768
ABCF2	FPGT-TNNI3K
ABCF2	ACOT4
PRKAG2	RADIL
GALNTL5	AC093390.2
GALNTL5	LHFPL5
GALNTL5	EIF6
AC073336.1	CCDC39
BLACE	TARDBP
BLACE	PADI4
BLACE	AL354760.1
BLACE	CYB561D2-1
BLACE	LINC02019
BLACE	LINC02068
BLACE	EVC2
BLACE	LINC02438
BLACE	AC004052.1
BLACE	ZNF311
BLACE	AL035425.2
BLACE	AC090186.1
BLACE	AL159169.2
BLACE	CATSPERZ
BLACE	ANGPTL5
BLACE	ANKRD30A
BLACE	AC092111.3
BLACE	LINC02356
BLACE	FZD10
BLACE	FRY-AS1
BLACE	AL136295.6
BLACE	IFI27
BLACE	AC005332.3
AC073133.2	AC073133.1
AC005481.1	LINC02057
AC005481.1	IRGQ
CRLF2	AHSG
CRLF2	CCKAR
CRLF2	AC012339.1
CRLF2	SLCO2B1
CRLF2	AC025569.1
CRLF2	AC090457.1
CRLF2	RGL3
CSF2RA	RTN2
LINC00106	ASMTL-AS1
AKAP17A	PSPH
AKAP17A	MFSD13A
AL683807.1	MYEOV
ARSH	ZNF502
ARSH	LINC01374
ARSH	AC068987.2
ARSH	LINC02397
LINC01546	ZNF114
FAM239B	AL390964.1
FAM239B	AC112693.1
FAM239B	AC002546.1
AC078960.1	SNCA-AS1
TMSB4X	TMSB10
TMSB4X	PDK3
CLTRN	E2F7
REPS2	AP5Z1
REPS2	SLC35F2
REPS2	LINC00601
REPS2	DLK1
REPS2	HAGHL
REPS2	PPP1R9B
SCML1	AL117339.5
SCML1	GOLT1B
SCML1	ZGLP1
RS1	CPLANE2
RS1	LINC01594
RS1	AC104653.1
RS1	AC073254.1
RS1	LINC00620
RS1	AC112484.1
RS1	AC104078.1
RS1	AC008429.3
RS1	LINC01445
RS1	PIM2
RS1	SLC35G5
RS1	MIR210HG
RS1	AL049629.1
RS1	POU2AF1
RS1	AC010173.1
RS1	TMPO-AS1
RS1	SUCLA2-AS1
RS1	AL355075.4
RS1	AL138995.1
RS1	AC008056.2
RS1	AC099518.4
RS1	COX6A2
RS1	AC004771.4
AC092832.2	ZNF835
AC092832.2	AL021707.1
SAT1	ASB13
SAT1	SALL2
SAT1	LINC02284
SAT1	CYB5A
SAT1	AL136531.2
SAT1	ZNF280B
APOO	AR
APOO	AVPI1
APOO	ATP6V1D
PCYT1B-AS1	GLB1L
AC121342.1	DDX51
AC112493.1	AC107419.1
DCAF8L2	M1AP
DCAF8L2	GRM6
DCAF8L2	AL731684.1
DCAF8L2	AC026979.3
DCAF8L2	GFI1B
DCAF8L2	HIST4H4
DCAF8L2	AC092794.2
DCAF8L2	AC073655.1
DCAF8L2	AC092118.2
DCAF8L2	GSDMA
DCAF8L2	AL137077.2
SRPX	SOAT1
SRPX	RPGR
TSPAN7	NAXE
TSPAN7	AC096667.1
TSPAN7	RETREG2
TSPAN7	LGI3
TSPAN7	AP001160.2
TSPAN7	PIANP
TSPAN7	SLC22A17
TSPAN7	ERH
TSPAN7	WRB
BCOR	AC068599.1
ATP6AP2	MUTYH
ATP6AP2	DPH3
ATP6AP2	RAB5IF
GPR82	NFIA-AS2
GPR82	LOR
GPR82	NUF2
GPR82	AFDN-DT
GPR82	GNGT1
GPR82	PGM5
GPR82	AC084855.1
GPR82	AL035658.1
CXorf36	GAS6-AS1
CXorf36	TOMM20L
NDUFB11	STK16
NDUFB11	TSPYL5
NDUFB11	MRPS2
NDUFB11	PIP4P1
TIMP1	ZNF367
TIMP1	ROM1
TIMP1	COMTD1
TIMP1	SERTAD1
TIMP1	ZNF460-AS1
TIMP1	TEF
SLC38A5	AC073332.1
AC115618.1	TDRG1
WAS	ZMYND12
PCSK1N	AC009414.2
PCSK1N	ITM2C
PCSK1N	RPL15
PCSK1N	POP7
PCSK1N	AP1S1
PCSK1N	FIS1
PCSK1N	MAGED2
PCSK1N	BEX3
PCSK1N	SLC25A5
PCSK1N	THEM6
PCSK1N	LY6H
PCSK1N	GPAA1
PCSK1N	VPS28
PCSK1N	PHPT1
PCSK1N	TMEM203
PCSK1N	TMEM132A
PCSK1N	SLC25A3
PCSK1N	APEX1
PCSK1N	STUB1
PCSK1N	NME3
PCSK1N	SNN
PCSK1N	TUFM
PCSK1N	SEZ6L2
PCSK1N	EMC6
PCSK1N	RAMP2
PCSK1N	CST3
PCSK1N	POLR2E
PCSK1N	TTC9B
PCSK1N	ZNF428
PCSK1N	CLEC11A
PCSK1N	SELENOM
CACNA1F	AL359921.2
CACNA1F	AC097521.1
GAGE10	FP565260.2
DGKK	AC087276.2
TSPYL2	CBLN2
ITIH6	CCDC163
MAGEH1	LINC01560
MAGEH1	FAM201A
MAGEH1	TMEM126A
MAGEH1	TSPAN31
MAGEH1	LDHD
MAGEH1	ZNF585B
MAGEH1	AC016590.1
EDA2R	PTCHD4
EDA2R	DDB2
EDA2R	ACTA2
EDA2R	FDXR
DGAT2L6	AL034417.3
DGAT2L6	HTR5A
DGAT2L6	AC006064.1
DLG3	BTN2A1
TEX11	CENPA
GCNA	WWTR1
GCNA	NDUFC2-KCTD14
GCNA	C14orf93
RPS4X	GLT8D1
RPS4X	NANS
RPS4X	PIP4K2C
RPS4X	COPS3
PHKA1-AS1	OSTN
PHKA1-AS1	IER3
PHKA1-AS1	SMIM5
PHKA1-AS1	LAMA1
MAGEE2	THAP10
COX7B	ZNF880
ATP7A	LAMB2
DIAPH2-AS1	AL357079.1
DIAPH2-AS1	AL445193.2
DIAPH2-AS1	AL512638.2
DIAPH2-AS1	ADAMTS16
DIAPH2-AS1	AC114316.2
DIAPH2-AS1	AC005740.3
DIAPH2-AS1	ZPBP
DIAPH2-AS1	WDR93
AL157778.1	AC018697.1
SYTL4	LINC01750
SYTL4	TLE1
SYTL4	CES2
NOX1	AL357078.3
NOX1	DLEC1
NOX1	STX19
NOX1	AC009275.1
NOX1	AP001107.4
NOX1	ZNF181
BTK	FAM66E
RPL36A-HNRNPH2	AL390838.1
ARMCX3	CCZ1B
ARMCX3	NTMT1
BEX1	FAM213B
BEX1	POLR3GL
BEX1	NAP1L5
BEX1	GPRASP2
BEX1	PNMA6A
BEX1	HDDC3
BEX1	TMEM186
BEX1	COQ7
BEX1	SPAG7
BEX1	SNU13
BEX4	BEX2
BEX4	RNH1
BEX4	MRPL16
BEX4	ARL1
BEX4	MLX
TCEAL5	AC005537.1
BEX2	AL359504.2
BEX2	VDAC3
BEX2	ILK
BEX2	FKBP10
TCEAL9	XRCC1
BEX3	UQCRHL
BEX3	TDRKH-AS1
BEX3	UFC1
BEX3	SPCS1
BEX3	PDHB
BEX3	NCBP2-AS2
BEX3	AC025181.2
BEX3	CDO1
BEX3	HINT1
BEX3	TMED9
BEX3	TMEM14A
BEX3	TCEAL2
BEX3	TCEAL7
BEX3	MRPL43
BEX3	PSMC1
BEX3	FAHD1
BEX3	GFER
BEX3	C16orf86
BEX3	COX4I1
BEX3	NLRP1
BEX3	SDF2
BEX3	SCRN2
BEX3	STMN3
BEX3	PLPP2
BEX3	UQCRFS1
BEX3	EXOSC5
BEX3	APOE
BEX3	TMEM160
TCEAL1	ASNSD1
TCEAL1	BCL7C
PLP1	ERMN
PLP1	MOBP
PLP1	SPP1
PLP1	NKX6-2
PLP1	SLCO1A2
PLP1	RNASE1
PLP1	CNDP1
PLP1	MAG
IL1RAPL2	SEL1L2
AL034399.2	POC1A
AL034399.2	AL049552.1
AL034399.2	AP001092.1
COL4A6	SLC4A3
COL4A6	GTPBP10
COL4A5	TMEM144
GUCY2F	OTUD3
GUCY2F	AC116424.1
GUCY2F	PABPC5-AS1
GUCY2F	LRTM2
GUCY2F	PLCB2
GUCY2F	PGLYRP2
KCNE5	RASAL2-AS1
KCNE5	RGSL1
KCNE5	FGL2
KCNE5	AL935212.1
KCNE5	AL356134.1
KCNE5	MCM10
KCNE5	MANSC1
KCNE5	ATF7
KCNE5	AC009065.1
KCNE5	AC099518.5
KCNE5	AC008686.1
KCNE5	LINC00334
CHRDL1	SPHKAP
CHRDL1	AC092958.1
CHRDL1	SLIT2
CHRDL1	PLAGL1
CHRDL1	SEMA3E
CHRDL1	RALYL
ALG13-AS1	CNTD1
HTR2C	XACT
LRCH2	B3GALT6
LRCH2	TRMT1L
LRCH2	FBXO4
LRCH2	CYB561A3
LRCH2	AL391684.1
LINC01285	AC068631.1
PGRMC1	KHK
PGRMC1	SFT2D3
PGRMC1	OXSM
PGRMC1	LRPAP1
PGRMC1	SPRY1
PGRMC1	SCRG1
PGRMC1	QPRT
PGRMC1	TIMM22
PGRMC1	HEXIM1
PGRMC1	LAMP5
PGRMC1	POP4
SLC25A5	RNF139
RPL39	IQCC
UPF3B	AC139887.2
UPF3B	USP38
UPF3B	MIER3
UPF3B	STAMBPL1
UPF3B	TRUB1
UPF3B	LEMD3
UPF3B	CENPJ
UPF3B	LINC02293
UPF3B	LINC01429
UPF3B	LIPE
NDUFA1	LINC01351
NDUFA1	TTLL4
NDUFA1	CLGN
NDUFA1	FRG1
NDUFA1	UXT
NDUFA1	AC010809.1
AKAP14	PRSS27
LINC01402	RHOXF1
ZBTB33	LIN7C
ELF4	H3F3A
ENOX2	FAM241A
ENOX2	GPI
SMIM10	NEBL-AS1
SMIM10	VCPKMT
SMIM10	AC018761.2
RTL8C	PA2G4
RTL8C	CYTH2
RTL8A	CHRNB1
INTS6L	AKAP3
INTS6L	AF038458.3
FGF13	KCNB2
ATP11C	AC007114.1
AL451048.1	AL671710.1
AL500522.1	AL592402.1
AL500522.1	ENAM
AL500522.1	AC114956.1
AL500522.1	KCNMB1
AL500522.1	CXorf36
AL500522.1	NKX3-1
AL500522.1	NDOR1
AL500522.1	ESAM
AL500522.1	ASAH2
AL500522.1	AL133551.1
AL500522.1	AC130456.2
AL500522.1	LINC01977
AL500522.1	PHETA2
FMR1NB	H1FX-AS1
FMR1NB	NOXO1
LINC00893	B3GNT2
MTM1	ZNF205
PASD1	LINC01708
PASD1	AC093901.1
PASD1	OR4N2
PASD1	C14orf178
AC116666.1	C21orf91
PNMA3	SREBF1
TREX2	MORC2
CCNQ	LPL
SLC6A8	LINC01786
BCAP31	ICMT
BCAP31	PSMD2
BCAP31	CHPF2
TKTL1	SERF1A
TKTL1	CETN3
TKTL1	TMPRSS12
TKTL1	AC073508.3
TKTL1	LPO
TKTL1	AC005197.1
TKTL1	SMC1B
FLNA	USP5
RPL10	YRDC
RPL10	HAX1
RPL10	C4orf3
RPL10	MINCR
RPL10	EFEMP2
RPL10	SIVA1
RPL10	AL121832.2
RPL10	ZNF90
LAGE3	ZBTB10
LAGE3	FAM95C
UBL4A	TPRG1L
UBL4A	MGAT4B
MTCP1	AC092040.1
MTCP1	CRYBG1
MTCP1	BTBD18
MTCP1	AC026470.2
MTCP1	PRR12
MTCP1	AP001432.1
ARHGEF10	ASPRV1
ARHGEF10	AC090004.1
ARHGEF10	AC018645.2
ARHGEF10	TIGD5
ARHGEF10	PRSS23
ARHGEF10	PDIA2
ARHGEF10	ABCA7
ARHGEF10	IGLV10-54
AC245519.1	AC245187.2
AC245187.2	AC245123.1
AC245123.1	AC246817.1
AC246817.1	AC246817.2
AF287957.1	SLC10A6
AF287957.1	AC021205.3
AF287957.1	AL132996.1
AF287957.1	TAS2R5
AF287957.1	ATP2A1-AS1
XKR5	PAX7
XKR5	AL392086.1
FAM85B	CHST2
FAM85B	FAM66D
FAM85B	AC145124.1
AC087269.1	AC127522.1
AC087269.1	ZNF681
RP1L1	GRK7
RP1L1	LOXL4
RP1L1	KLRF1
AC105001.1	IMPG1
AC105001.1	AL049647.1
AC105001.1	ZNF57
AC105001.1	NLRP12
FDFT1	LSS
CTSB	TMEM127
AC145124.1	FAM66A
C8orf48	SSH3
MTUS1	MON1A
MTUS1	NUB1
MTUS1	FGL1
MTUS1	ARID5B
MTUS1	CDR2L
AC100800.1	AKAP5
LPL	LINC01117
LPL	UNC5D
LZTS1-AS1	WDR64
LINC02153	AC023403.1
DMTN	ADAP1
DMTN	CACNB3
FAM160B2	SLC25A28
BMP1	ZNF582
EGR3	CCDC173
EGR3	NR4A3
EGR3	NSMCE4A
TNFRSF10A	AL135791.1
TNFRSF10A	AL021396.1
AC104561.1	ITGB6
AC104561.1	FN3KRP
AC104561.1	PLAGL2
AC104561.1	ACP7
NKX3-1	LINC01796
NKX3-1	OAS2
NKX3-1	KIF23
NKX3-1	MC1R
NKX3-1	AC145207.5
NKX3-1	AL121583.1
NKX3-1	AC027307.3
NEFM	PNMA2
NEFL	NEFM
NEFL	NRGN
NEFL	DIRAS1
DOCK5	NPL
DOCK5	ARHGAP26
DOCK5	AC087564.1
BNIP3L	SLC9A1
BNIP3L	METTL5
BNIP3L	MTBP
CLU	LURAP1
CLU	ZNF281
CLU	XYLB
CLU	NSA2
CLU	PNRC1
CLU	GPNMB
CLU	ZNF157
CLU	AC231533.1
CLU	AC092794.1
CLU	TFDP1
CLU	CCDC32
CLU	RPS27L
CLU	AC027808.1
CLU	ZNF440
CLU	LRP5L
NUGGC	TBC1D3B
AC021678.2	AP001107.9
LINC00589	PGBD1
LINC00589	AC004520.1
LINC00589	AC121342.1
LINC00589	AC012560.1
LINC00589	CFAP52
LINC00589	TBC1D3B
LINC00589	ANKRD62
LINC00589	FPR1
SARAF	RPP40
SARAF	RIPPLY2
SARAF	C8orf59
SARAF	C15orf61
SARAF	PCAT14
DCTN6	SS18L1
AC026979.3	ALLC
TEX15	AC096642.1
NRG1	CPNE4
NRG1	AC109466.1
NRG1	RELN
NRG1	LRRC36
FUT10	PLGRKT
AF279873.4	UTS2
AF279873.4	AL445493.2
AF279873.4	CHRNA1
AF279873.4	AC068898.1
AC087855.1	LINC00645
AC087855.1	AC090617.5
AC100818.1	KIF11
AC124290.1	PRRG3
AC124290.1	KBTBD11-OT1
AC137579.2	LINC01605
AC137579.2	XKR7
AC087623.2	NKAPL
AC087623.2	AP4M1
AC108863.1	AC009495.3
ADAM18	DNAJA4
IDO1	AHCY
IDO2	TSACC
IDO2	ZP3
IDO2	AC008870.4
AC105999.1	NDUFAF5
PLAT	CTPS1
PLAT	GLIPR2
PLAT	TNC
PLAT	COL4A1
AC083973.1	CFAP299
AC083973.1	GALNTL5
AC083973.1	AL158154.2
AC083973.1	MYBPC1
AC083973.1	CCDC60
AC083973.1	TNFAIP8L3
AC083973.1	AC090515.4
VDAC3	AL669831.5
VDAC3	MIR181A1HG
VDAC3	IGSF11
VDAC3	CRYGS
VDAC3	SMIM13
VDAC3	BRPF3
VDAC3	YPEL4
VDAC3	ZNF738
VDAC3	PDCD5
CHRNB3	AC084036.1
CEBPD	BTG2
CEBPD	IRF2BP2
CEBPD	ITGA4
CEBPD	FAM107A
CEBPD	LINC00887
CEBPD	LIMCH1
CEBPD	LINC02283
CEBPD	MEF2C-AS2
CEBPD	ADAMTS19
CEBPD	LINC01411
CEBPD	PDK4
CEBPD	NPTX2
CEBPD	FREM1
CEBPD	LRRC8A
CEBPD	CD81
CEBPD	KCNJ11
CEBPD	GPR162
CEBPD	PTPRO
CEBPD	SLC38A2
CEBPD	CPM
CEBPD	RPH3A
CEBPD	RCBTB2
CEBPD	ING1
CEBPD	NFKBIA
CEBPD	MAP1LC3B
CEBPD	SGK2
CEBPD	DOK5
AC090186.1	AC239800.2
AC090186.1	TGM1
AC090186.1	AC126755.2
RPS20	AGO1
RPS20	LINC01798
RPS20	NCK2
RPS20	PPP1R3F
RPS20	FAM156A
RPS20	DVL2
SDR16C5	DHRS3
SDR16C5	PLA2G4A
SDR16C5	OTOF
SDR16C5	NHLRC1
SDR16C5	ARMC12
SDR16C5	HTR5A
SDR16C5	SCN4B
SDR16C5	DCT
SDR16C5	CHRNE
SDR16C5	AL021395.1
SDR16C5	ZNF175
SDR16C5	TMEM211
SDR16C5	AL008718.2
AC027698.1	ZC3H11B
AC027698.1	AC007014.1
AC027698.1	AP000919.2
SDCBP	ARMCX2
SDCBP	BBS10
CA8	DUSP10
CA8	ITGB5
CA8	LRRC66
CA8	LINC01301
AC068389.4	AC005154.5
AC068389.4	AC104051.2
AC068389.4	AL162377.1
AC120042.1	DBNDD1
AC120042.1	C20orf202
AC069133.1	AL353708.2
AC069133.1	CPB1
AC069133.1	AC073578.2
AC069133.1	LINC00868
AC069133.1	RBM11
LINC01299	FOXD2-AS1
LINC01299	LINC02525
LINC01299	HCG20
LINC01299	ERICH1
LINC01299	AC009435.1
LINC01299	LINC01242
LINC01299	DGAT2
LINC01299	ZW10
LINC01299	AL713851.1
LINC01299	EMG1-1
LINC01299	MCTP2
LINC01299	P2RX1
LINC01299	CYP2A7
LINC01299	NOL12
CRH	PQLC2
CRH	NAALADL2-AS1
CRH	SLC26A1
CRH	AC116616.1
CRH	AC008780.2
CRH	LMNB1-DT
CRH	LTB
CRH	VIP
CRH	AC004946.1
CRH	AF233439.1
CRH	FAM241B
CRH	LDB3
CRH	GLIPR1
CRH	TBX5
CRH	TEX26
CRH	CPNE6
CRH	LINC00928
CRH	SHCBP1
CRH	DYNLRB2
CRH	TOP2A
CRH	FADS6
CRH	ADCYAP1
CRH	SLC32A1
CRH	AC092295.2
CRH	PSG4
CRH	CCDC9
CRH	AC004556.1
RRS1	AC025524.2
ADHFE1	HAPLN2
ADHFE1	AC117386.2
ADHFE1	LIFR-AS1
ADHFE1	TSPAN17
ADHFE1	LAMB4
ADHFE1	AC010542.3
AC021321.1	LINC00880
PREX2	GPR158
AC011853.2	AL592166.1
AC011853.2	AC093797.1
AC011853.2	AC008438.2
AC011853.2	ATP7A
AC011853.2	HHLA1
AC011853.2	ZNF546
C8orf34	ZNF639
C8orf34	LINC01060
C8orf34	AC104109.3
C8orf34	AC022098.1
AC090735.1	UBXN10
AC090735.1	LINC01788
AC090735.1	HIST3H2A
AC090735.1	COLEC11
AC090735.1	AC010904.2
AC090735.1	LINC01877
AC090735.1	MORC1
AC090735.1	AC106707.1
AC090735.1	LINC00501
AC090735.1	AC117465.1
AC090735.1	TXK
AC090735.1	AC096577.1
AC090735.1	LINC02262
AC090735.1	LINC02465
AC090735.1	LINC02147
AC090735.1	LINC02201
AC090735.1	AC025437.4
AC090735.1	FGF18
AC090735.1	LINC01600
AC090735.1	AL662844.4
AC090735.1	MCHR2-AS1
AC090735.1	RS1
AC090735.1	IKBKG
AC090735.1	SBSPON
AC090735.1	IQANK1
AC090735.1	MS4A4E
AC090735.1	C10orf25
AC090735.1	MTG1
AC090735.1	C3AR1
AC090735.1	AC009318.4
AC090735.1	AC016957.2
AC090735.1	IFNG-AS1
AC090735.1	ACOT1
AC090735.1	VRTN
AC090735.1	MESP2
AC090735.1	ANPEP
AC090735.1	CERS3-AS1
AC090735.1	AC004233.3
AC090735.1	MT1G
AC090735.1	ADAMTS18
AC090735.1	TRPV3
AC090735.1	TEKT1
AC090735.1	PIK3R5
AC090735.1	NDC80
AC090735.1	THEG
AC090735.1	ACER1
AC090735.1	ADGRE1
AC090735.1	ZNF266
AC090735.1	AC011511.2
AC090735.1	CYP4F22
AC090735.1	PLVAP
AC090735.1	SLC5A5
AC090735.1	LINC01532
AC090735.1	FXYD1
AC090735.1	RASIP1
AC090735.1	AP000561.1
SBSPON	MRPL37
SBSPON	AL161725.1
RPL7	RPL10A
RPL7	BAIAP2L1
RPL7	RPS6
RPL7	AC005332.7
RDH10	CPNE8
RDH10-AS1	ARHGEF3-AS1
RDH10-AS1	SPATA12
RDH10-AS1	SGMS2
RDH10-AS1	IGFBP3
RDH10-AS1	LAT2
RDH10-AS1	FBXL13
ELOC	MTERF3
TMEM70	NEURL2
LY96	AP001528.1
LY96	GMEB2
MIR2052HG	LINC01284
AC115837.2	TMEM204
LINC01109	AL589826.2
ZFHX4	GPATCH4
ZFHX4	RBMS3
ZFHX4	IRX2
ZFHX4	MEGF10
ZFHX4	BTN3A3
ZFHX4	TMEM196
ZFHX4	ZFHX4-AS1
ZFHX4	CSKMT
ZFHX4	ZPR1
ZFHX4	FOXG1-AS1
ZFHX4	LINC01551
ZFHX4	TOX3
AC062004.1	KIF14
AC062004.1	ZNF844
AC062004.1	CHEK2
STMN2	NSG1
STMN2	GABRA1
STMN2	MICAL2
STMN2	SNCG
HEY1	ODC1
HEY1	HES1
AC036214.3	LZTFL1
AC079209.2	AL109659.1
AC079209.2	AL359076.1
FABP5	GNG5
FABP5	TMEM158
FABP5	CITED1
FABP5	FGD3
AC018616.1	LINC02226
PMP2	PDPN
PMP2	JUN
PMP2	TNK2
PMP2	AEBP1
PMP2	AC013643.2
PMP2	HAS2
PMP2	CTSC
PMP2	HNRNPF
PMP2	SMOC1
AC105031.2	AL031714.1
RALYL	PDZRN3
RALYL	IGF2BP2
C8orf59	KMT2E-AS1
C8orf59	GMFB
C8orf59	DBP
CA1	LMOD3
CA1	AC027644.3
CA1	LAMB1
CA1	PRSS3
CA1	AP000866.2
CA1	ATP12A
CA1	LINC01902
AF121898.1	DCAF4L2
AF117829.1	ENTPD3-AS1
AF117829.1	ZNF48
NECAB1	BCL11A
GEM	ATG2A
GEM	CYYR1
ESRP1	MYO1D
UQCRB	FAM20B
UQCRB	NCK2
UQCRB	ACSF3
LAPTM4B	WDR77
MATN2	PMP2
MATN2	COL15A1
ERICH5	GTSE1
STK3	ATL3
STK3	KCNMB4
STK3	TAF4B
AC018442.2	CA14
AC018442.2	CHID1
AC018442.2	SRC
COX6C	CUL9
COX6C	AL160313.1
RGS22	DNAH14
FBXO43	LINC01460
FBXO43	GLYCTK
FBXO43	DOK3
FBXO43	CRB2
POLR2K	FRAT2
SNX31	CD247
SNX31	MAIP1
SNX31	CTSO
SNX31	IK
SNX31	MEOX2
SNX31	AC004112.1
SNX31	LSMEM1
SNX31	BNIP3L
SNX31	C9orf153
SNX31	KLRD1
SNX31	CCDC59
SNX31	FANCM
SNX31	ERI2
SNX31	ITGA2B
SNX31	AC015845.2
SNX31	AC005972.4
SNX31	GAREM1
SNX31	TLE2
SNX31	AC010615.4
NCALD	PLCXD2
NCALD	LNX1
NCALD	NHSL1
AZIN1-AS1	ZNF621
AZIN1-AS1	NECTIN3-AS1
AZIN1-AS1	RNF217-AS1
AZIN1-AS1	AP003354.2
AZIN1-AS1	UNC13B
AZIN1-AS1	RFLNA
AZIN1-AS1	RNF6
AZIN1-AS1	SLC13A3
AP003354.2	HSF2BP
BAALC-AS1	KIAA1586
BAALC-AS1	EFCAB13
AC090579.1	AC018832.1
AC021237.1	AC091982.1
AC021237.1	DUSP14
AC021237.1	GAPDHS
SYBU	SH3GL2
AC103993.1	AF001548.2
UTP23	AC004865.2
UTP23	LEPR
UTP23	JAZF1-AS1
UTP23	C7orf61
UTP23	PARD6G-AS1
AARD	AC109349.1
AARD	TFR2
AARD	TMEM74B
AC023590.1	AL110118.2
MAL2-AS1	DOK4
NOV	NPR1
NOV	FSCN3
NOV	RORB-AS1
NOV	CABP4
NOV	SRGN
NOV	ISLR
NOV	SLC5A4
AC021733.1	TSPAN10
AC016405.3	AL139099.1
AC016405.3	AC107871.2
FAM83A	LINC02475
FAM83A	CXCL13
FAM83A	CPED1
FAM83A	AC005632.4
FAM83A	AC006449.6
FBXO32	CEP152
AC090193.1	CBLC
ANXA13	ERVMER34-1
FER1L6	RNF17
NDUFB9	AL627309.1
NDUFB9	AC239802.2
NDUFB9	SCNM1
NDUFB9	B3GALT4
NDUFB9	CYP51A1-AS1
NDUFB9	SNAPC4
NDUFB9	MRPL21
NDUFB9	ERP29
NDUFB9	AL355001.2
NDUFB9	NEK8
CASC11	AC008574.1
CASC11	GADD45G
CASC11	MKX
CASC11	AC125611.4
PVT1	FSTL4
AC022973.4	SLC45A3
AC022973.4	AC106870.1
AC022973.4	AL512634.1
AC022973.4	EDRF1-AS1
AC022973.3	AL589743.5
AC022973.3	AC007786.1
HHLA1	AC129807.1
HHLA1	LINC01208
HHLA1	MESTIT1
KCNQ3	ARHGEF19
KCNQ3	PLB1
KCNQ3	CRIM1
KCNQ3	AGMO
KCNQ3	AP002991.1
LRRC6	CASC2
ST3GAL1	ELK1
COL22A1	PLXND1
PTP4A3	EBPL
AC138647.1	AL356580.1
AC138647.1	ST20-AS1
AC138647.1	KRT17
ARC	KLF16
GML	LINC02035
GML	AC005696.1
LY6H	TKT
LY6H	AL096711.2
LY6H	PTDSS1
LY6H	PTGES2
LY6H	KDELR1
MROH6	HCN3
MROH6	AL513211.1
MROH6	FBXO5
MROH6	AC102953.2
MROH6	DNASE1L2
PUF60	LRRC47
PUF60	TADA3
GRINA	LYPLA2
GRINA	SLC5A6
GRINA	TPRA1
GRINA	PARP10
GRINA	VPS18
GRINA	ORAI3
CYC1	SSR2
CYC1	CYB5R1
CYC1	CNPY3
CYC1	EBP
CYC1	SLC52A2
CYC1	UBXN1
CYC1	SRPRA
CYC1	FBXL15
CYC1	AC004812.2
CYC1	ROGDI
CYC1	TMEM219
CYC1	SRSF2
CYC1	WDR18
CYC1	PLEKHJ1
CYC1	TRIR
CYC1	STX10
CYC1	ILVBL
CYC1	ANKRD54
MAF1	ZNF687
VPS28	TMEM9
VPS28	ARFIP2
VPS28	ZNF414
KIFC2	HDAC10
MFSD3	C8orf58
RECQL4	AL589765.4
C8orf82	AC009902.2
RPL8	AL021026.1
RPL8	LAMTOR4
RPL8	LSM1
RPL8	PRR13
RPL8	EMC9
RPL8	RAB34
RPL8	NXT1
RPL8	C19orf81
ZNF7	AIMP2
AL359076.1	AC008264.2
VLDLR-AS1	VLDLR
RFX3-AS1	SPR
RFX3-AS1	AC034195.1
RFX3-AS1	NECTIN3-AS1
RFX3-AS1	SLC9B1
RFX3-AS1	LINC00271
RFX3-AS1	NUP43
RFX3-AS1	AC079760.1
RFX3-AS1	RECQL4
RFX3-AS1	AP002884.1
RFX3-AS1	FAM107B
RFX3-AS1	AL157786.1
RFX3-AS1	REP15
RFX3-AS1	TMTC4
RFX3-AS1	CCDC151
RFX3-AS1	LINC02556
RFX3-AS1	U62317.3
AL136980.1	LINC00649
MLANA	AL365205.1
MLANA	AL355297.4
MLANA	AC005702.1
IL33	NTRK1
IL33	MIR217HG
IL33	AC112220.4
IL33	LINC00879
IL33	C3orf22
IL33	TRIM59
IL33	AC097487.1
IL33	BTNL9
IL33	Z84484.1
IL33	VWDE
IL33	AC104073.4
IL33	SMO
IL33	AC087241.1
IL33	C12orf50
IL33	LRRC46
IL33	HMSD
IL33	MBD3L1
IL33	AC092295.2
IL33	ADM5
UHRF2	CTNNAL1
UHRF2	CIC
AL133480.1	PAPPA
AL133480.1	ZFAS1
GLDC	SIPA1L2
GLDC	ELL2
GLDC	FAM111A-DT
GLDC	AC010636.2
AL162411.1	AC005225.2
RRAGA	RNF26
RRAGA	APRT
RPS6	CEP19
RPS6	BYSL
RPS6	PPP1R35
RPS6	AP001160.1
RPS6	AP000487.1
RPS6	AC093525.4
SLC24A2	ZFYVE28
SLC24A2	TLR10
SLC24A2	FAM20C
SLC24A2	INHBA
SLC24A2	CAV1
SLC24A2	TTPA
SLC24A2	FAM95B1
AL591222.1	TMEM56-RWDD3
AL591222.1	AL021396.1
MTAP	SLC27A4
CDKN2B-AS1	CDKN2A
LRRC19	AC062017.1
LRRC19	PCDH12
MOB3B	WNT7A
LINGO2	COL24A1
LINGO2	KCNH7
LINGO2	NDST3
LINGO2	CDH12
SMIM27	MOSPD1
APTX	ZSCAN1
DNAJA1	AZIN2
DNAJA1	PPID
DNAJA1	CCT5
DNAJA1	PALM2
DNAJA1	TTC12
DNAJA1	ZNF473
AQP7	CYP4F11
CYP4F26P	ANKRD18B
ENHO	KCNF1
ENHO	WFS1
ENHO	NINJ1
ENHO	CTSF
CNTFR-AS1	ZNF252P-AS1
CCL27	PRRG4
CCL27	AC009133.4
STOML2	SLC35C1
RMRP	AL445524.1
RMRP	AC106798.1
RMRP	KLHL7-DT
RMRP	AC023200.1
RMRP	AC087752.4
RMRP	CLRN3
RMRP	CDAN1
SPAAR	BEST4
SPAAR	BCL2L15
SPAAR	AL591441.2
SPAAR	POLA2
SPAAR	TNNC2
TRMT10B	FAM229B
TRMT10B	AL078639.1
TRMT10B	RGP1
FAM95C	ANKRD18A
AL845311.1	AP001269.4
AL845311.1	E2F1
FP325318.1	AL353626.1
CBWD6	CBWD3
AL935212.1	ID2-AS1
AL590399.3	SNHG27
ANKRD20A3	AL136317.2
ANKRD20A1	ANKRD20A4
ANKRD20A1	AL136317.2
AL353616.2	UBE2F-SCLY
AL354794.1	CR936218.2
TJP2	C1orf167
TJP2	ZYG11A
TJP2	AL356488.2
TJP2	CHI3L2
TJP2	CRABP2
TJP2	TNN
TJP2	LINC01633
TJP2	LAMB3
TJP2	FAM177B
TJP2	AC016745.2
TJP2	AC104088.1
TJP2	AC010149.1
TJP2	BSN-DT
TJP2	STAB1
TJP2	AC096759.2
TJP2	LINC01256
TJP2	LINC01033
TJP2	LINC02161
TJP2	AL513123.1
TJP2	LINC01010
TJP2	AL023284.4
TJP2	LINC01392
TJP2	ARHGEF10
TJP2	AF131216.3
TJP2	AC084024.3
TJP2	AC055822.1
TJP2	HAUS6
TJP2	AL391834.2
TJP2	AL355432.1
TJP2	FBXO10
TJP2	ZNF169
TJP2	OLFML2A
TJP2	LRRC56
TJP2	PTH
TJP2	TIGD3
TJP2	BACE1-AS
TJP2	AL731567.1
TJP2	TNKS2-AS1
TJP2	AL136295.2
TJP2	FGF7
TJP2	AC025272.1
TJP2	NPIPA2
TJP2	AC009086.2
TJP2	ITGAM
TJP2	AC116667.1
TJP2	AC099508.1
TJP2	GSG1L2
TJP2	LLGL1
TJP2	AC138207.2
TJP2	STRADA
TJP2	MRPL38
TJP2	OGFOD3
TJP2	AP005328.1
TJP2	AL035461.2
TJP2	ADA
TJP2	KLF2
TJP2	LINC01837
TJP2	AC010624.2
TJP2	AC002472.1
TJP2	DERL3
TJP2	MTFP1
TJP2	LINC01547
AL353693.1	PLCH1
AL353693.1	BNC2
AL353693.1	TEX14
MAMDC2	LINC00115
MAMDC2	GEMIN6
MAMDC2	DNAH8
GDA	AC233723.1
ZFAND5	TXNIP
AL512634.1	AC093766.1
AL158154.2	AC079610.1
AL158154.2	CD200R1
AL158154.2	AL445430.1
AL158154.2	LOXL1
RASEF	AC078980.1
RASEF	AC002553.2
IDNK	NBPF14
IDNK	PSMG3-AS1
AL354733.3	AC007106.1
SLC28A3	NUDT18
SLC28A3	AC002310.4
SLC28A3	SPC24
SLC28A3	AC010422.2
SLC28A3	LINC01637
C9orf153	UBXN11
C9orf153	AC068282.1
AL353613.1	TNFRSF25
CTSL	OSER1
NXNL2	DPYD
CKS2	GHRLOS
CKS2	HTR3E
CKS2	AC007370.2
CKS2	GDPD4
AL355607.1	ANP32B
AL158071.1	AL160291.1
NFIL3	AC007344.1
OMD	ASPN
OMD	ECM2
ASPN	ECM2
CARD19	TMEM43
CARD19	C11orf74
PCAT7	FTSJ3
FBP1	JCAD
AL353768.1	AC069185.1
AL353768.1	TM6SF1
HABP4	SLCO5A1
HABP4	SEH1L
CTSV	PAX7
CTSV	FABP1
CTSV	OLFML2A
CTSV	AL137186.2
CTSV	NXPH3
CTSV	SLC32A1
HEMGN	AC121154.1
HEMGN	AL590652.1
HEMGN	LINC02207
GABBR2	PTPN5
COL15A1	JAG1
SEC61B	CKMT2-AS1
AL359710.1	CCDC191
AL359710.1	DDO
AL359710.1	SDCBP2-AS1
MSANTD3-TMEFF1	MTF1
GRIN3A	MME
GRIN3A	SLC30A8
GRIN3A	AC023421.2
LINC01505	TPRG1
AL807761.4	BBOF1
C9orf152	IL18BP
LPAR1	EFHD1
C9orf84	RHD
C9orf84	SLC16A4
C9orf84	AC104461.1
C9orf84	AC093110.1
C9orf84	AC007679.1
C9orf84	CAV3
C9orf84	MAK
C9orf84	SYNGAP1-AS1
C9orf84	GTF2IRD2
C9orf84	SLC13A4
C9orf84	TMEM213
C9orf84	AC103853.1
C9orf84	BCO1
C9orf84	AF127577.2
C9orf84	C21orf62
SNX30	GPR39
SNX30	SCML2
SLC46A2	DNAJC5G
SLC46A2	DMBT1
SLC46A2	MIR7-3HG
SLC46A2	NWD1
ZNF618	LINC01182
ATP6V1G1	LAMTOR5
ATP6V1G1	MYD88
ATP6V1G1	GRPEL2
ATP6V1G1	SHMT2
ATP6V1G1	RSL24D1
ATP6V1G1	SNRPB2
ATP6V1G1	TMEM161A
ATP6V1G1	SDHAF1
TEX48	IL5
DEC1	UBE2A
ASTN2-AS1	AC022679.2
ASTN2-AS1	SP2-AS1
AL133284.1	ARHGEF7-AS2
AL133284.1	LINC02003
AL161630.1	AC084757.3
AL160272.1	NOXRED1
GSN-AS1	ABHD14A
DAB2IP	MAN1C1
NDUFA8	AC027097.2
AL162254.1	ALKBH3-AS1
AL162254.1	CACTIN
AL162254.1	CAMSAP3
AL162254.1	PSG11
NEK6	CARS
OLFML2A	LINC01963
RPL35	TRABD2B
RPL35	TARID
RPL35	HNRNPA1
RPL35	NDRG4
RPL35	SETD6
RPL35	CSTF1
HSPA5	PADI2
HSPA5	PDIA6
HSPA5	MANF
HSPA5	FNTA
HSPA5	DDIT3
HSPA5	HSP90B1
HSPA5	CALR
HSPA5	XBP1
SLC2A8	AP002495.2
PTRH1	SLC2A6
TTC16	C4orf19
TTC16	MOG
TTC16	RCC1L
PTGES2	ABRAXAS1
C9orf16	ARRDC1-AS1
C9orf16	CCDC189
AL359091.1	AC244021.1
AL359091.1	AL162411.1
AL359091.1	AP002387.2
ENDOG	DDX49
KYAT1	TMEM237
KYAT1	BCAT2
PHYHD1	RAP1GAP2
AL158151.4	TBC1D7
AL158151.4	AL158151.3
C9orf106	SPG21
C9orf106	SNUPN
AL353803.2	AP003170.3
AL353803.2	PTER
HMCN2	SKIDA1
AL157938.2	AC079385.1
AL157938.3	A2ML1
AL157938.3	LINC01586
AL358781.2	GLUD2
AL358781.2	AC245140.3
AL358781.2	NUTM2G
AL358781.2	ZNF10
GFI1B	LINC02377
GFI1B	AJ003147.2
RALGDS	UNC5A
RALGDS	TFE3
RALGDS	INPPL1
RALGDS	UBALD2
RALGDS	PLIN3
RPL7A	SNAPIN
RPL7A	AUP1
RPL7A	LNP1
RPL7A	GK3P
RPL7A	AL451165.2
RPL7A	EEF1A1
RPL7A	TBRG4
RPL7A	NSUN5
RPL7A	TBL2
RPL7A	ARAF
RPL7A	LDOC1
RPL7A	AF117829.1
RPL7A	LINC01492
RPL7A	FAM206A
RPL7A	TAF10
RPL7A	PFDN5
RPL7A	RBM19
RPL7A	PSME1
RPL7A	AC025283.3
RPL7A	MYO18A
RPL7A	SNHG25
RPL7A	ZCCHC3
RPL7A	TAF4
RPL7A	DHPS
RPL7A	NR2C2AP
RPL7A	PSMC4
RPL7A	RPL28
VAV2	KLHDC8A
VAV2	EIF4G1
VAV2	LMNB1
VAV2	E2F3
VAV2	TNKS1BP1
VAV2	AC026471.4
VAV2	C19orf12
VAV2	KREMEN1
BX649632.1	SCGB3A2
BX649632.1	AC120498.9
RXRA	PRDM16
RXRA	CDK18
RXRA	RFX8
RXRA	NCBP2
RXRA	LINC00222
RXRA	RINT1
RXRA	CTHRC1
RXRA	MAPT-AS1
RXRA	PSMG1
AL669970.1	LINC02165
DNLZ	AL031432.3
DNLZ	URGCP-MRPS24
NALT1	CYP4A22-AS1
AGPAT2	VIPR1
AGPAT2	CYB561
EDF1	MTX1
EDF1	AC012508.2
EDF1	IL17RE
EDF1	ZNF445
EDF1	TUSC2
EDF1	AP001816.1
EDF1	C6orf47
EDF1	NFKBIE
EDF1	NUDT1
EDF1	DNAJC30
EDF1	PDAP1
EDF1	G6PD
EDF1	GTF2E2
EDF1	CCDC107
EDF1	SET
EDF1	HRAS
EDF1	COMMD9
EDF1	UQCC3
EDF1	SAC3D1
EDF1	TMEM134
EDF1	AP002360.1
EDF1	COPS7A
EDF1	STOML1
EDF1	CORO1A
EDF1	FITM2
EDF1	CD320
EDF1	MPV17L2
EDF1	AP2S1
EDF1	GRWD1
EDF1	ETFB
LCN12	AC117402.1
PAXX	MIPEP
SAPCD2	KCTD15
DPP7	USF1
GRIN1	CHD5
GRIN1	SLC6A7
GRIN1	EPHB6
GRIN1	PTK2B
GRIN1	KIFC2
GRIN1	KCNT1
GRIN1	BAIAP3
GRIN1	CORO6
GRIN1	ADAM11
GRIN1	MAST3
GRIN1	YJEFN3
GRIN1	MAPK11
ANAPC2	MHENCR
SSNA1	ASB6
SSNA1	KAT5
TMEM203	CFAP97
TUBB4B	CDK5R2
TUBB4B	MRPL49
TUBB4B	C19orf48
NSMF	PBX2
NSMF	SPNS2
AC069287.1	NPR1
RASSF7	AC007040.2
MIR210HG	AL358216.1
AP006621.4	CENPS-CORT
AP006621.4	AJ239322.1
AP006621.4	KANSL2
AP006621.4	PRC1
CEND1	EPN1
PANO1	AC005324.4
RPLP2	CEP44
RPLP2	NDUFA2
RPLP2	DBN1
RPLP2	SMIM27
RPLP2	SYT9
RPLP2	PLEKHA7
RPLP2	POLD4
RPLP2	AC090115.1
RPLP2	HNRNPA1P48
RPLP2	TRAPPC2L
RPLP2	SSBP4
RPLP2	PVR
RPLP2	PES1
AP006623.1	HAUS2
CHID1	AC007221.2
MUC6	TBX15
MUC6	ZDHHC16
BRSK2	TTC21A
BRSK2	RPS6KA4
BRSK2	EME2
IFITM10	CPSF1
CD81	PHLDA3
CD81	LGALSL
CD81	C11orf96
CD81	ORAI1
CD81	UBE2M
TSSC4	ENO1
TSSC4	RARA
KCNQ1	STPG4
KCNQ1	SLC51A
KCNQ1	C1QTNF7
KCNQ1	AC114947.2
KCNQ1	OSTM1-AS1
KCNQ1	GNA14-AS1
KCNQ1	AC068888.1
KCNQ1	AC073896.2
KCNQ1	AC007495.2
KCNQ1	AC010551.3
CARS	CACNA1G
CARS	AL136460.1
PGAP2	SLX4
MMP26	AC019330.1
C11orf42	MYT1L-AS1
C11orf42	SEPSECS
C11orf42	SPINK13
C11orf42	AC138956.2
C11orf42	AL928970.1
C11orf42	AC004672.1
C11orf42	AC015845.1
C11orf42	AL031663.3
CCKBR	SH2D5
CCKBR	AL139289.2
HPX	AC011700.1
RPL27A	MTMR14
RPL27A	ANAPC13
RPL27A	AC097478.1
RPL27A	C6orf48
RPL27A	RARRES3
RPL27A	ANKRD16
RPL27A	RFC3
RPL27A	PSMA4
RPL27A	SLC47A1
RPL27A	MEIOC
RPL27A	RAB11B-AS1
RPL27A	SNRPD2
RPL27A	SELENOO
TMEM9B	KLHDC9
TMEM9B	DPM2
TMEM9B	MAN1B1-DT
TMEM9B	PIGH
TMEM9B	C17orf58
AC011092.2	AL031428.1
AC011092.2	AL512306.3
AC011092.2	ZNF669
AC011092.2	AL157392.2
AC011092.2	AL390816.2
AC011092.2	ITFG1-AS1
AC011092.2	COG8
AC011092.2	UNC13D
ADM	AK4
ADM	FUT11
LYVE1	PNOC
LYVE1	AC138904.3
PARVA	C1orf131
PTH	MIR193BHG
AC027779.1	BX284668.6
AC027779.1	AL354872.2
AC027779.1	AL365181.3
AC027779.1	NR5A2
AC027779.1	CAPN9
AC027779.1	LINC01828
AC027779.1	AC009309.1
AC027779.1	GRM7-AS3
AC027779.1	RNF212
AC027779.1	TMPRSS11F
AC027779.1	TTLL2
AC027779.1	Z93403.1
AC027779.1	MMP20
AC027779.1	KLRC1
AC027779.1	VDR
AC027779.1	AC026367.2
AC027779.1	MAB21L1
AC027779.1	LINC00381
AC027779.1	DLGAP5
AC027779.1	WASIR2
AC027779.1	AC010601.1
AC027779.1	AC073508.2
AC027779.1	AL121781.1
AC027779.1	GNG8
AC027779.1	AC245884.8
AC027779.1	GTPBP1
AC027779.1	C21orf91-OT1
AC027779.1	PWP2
PLEKHA7	RAB11FIP2
RPS13	AL691432.2
RPS13	SELENOK
RPS13	ISCU
SERGEF	WDR43
SERGEF	POLB
SERGEF	TARBP2
SERGEF	TSNAXIP1
MRGPRX3	AL121992.1
MRGPRX3	AL031727.2
MRGPRX3	SH3D21
MRGPRX3	AL358472.4
MRGPRX3	ARHGAP30
MRGPRX3	AL096803.3
MRGPRX3	GACAT3
MRGPRX3	SRD5A2
MRGPRX3	AC005041.1
MRGPRX3	AC012511.1
MRGPRX3	AC092667.1
MRGPRX3	CDCA7
MRGPRX3	AC117513.1
MRGPRX3	AC078795.3
MRGPRX3	GPR78
MRGPRX3	AC106772.1
MRGPRX3	TIMD4
MRGPRX3	TRIM39
MRGPRX3	HLA-DOB
MRGPRX3	POLH-AS1
MRGPRX3	AL109947.1
MRGPRX3	ADGRG6
MRGPRX3	PRRT4
MRGPRX3	AC006974.1
MRGPRX3	LINC00589
MRGPRX3	ESRP1
MRGPRX3	AC090193.1
MRGPRX3	GML
MRGPRX3	CCL27
MRGPRX3	PDLIM1
MRGPRX3	PCGF6
MRGPRX3	AC006206.2
MRGPRX3	PLBD1-AS1
MRGPRX3	OASL
MRGPRX3	AC131009.1
MRGPRX3	AL132639.2
MRGPRX3	AC087612.1
MRGPRX3	SLFN12L
MRGPRX3	GZMM
MRGPRX3	TBXA2R
MRGPRX3	CD70
MRGPRX3	AC010422.3
MRGPRX3	OR7C1
MRGPRX3	ERVK-28
MRGPRX3	HSFY2
MRGPRX3	GALR3
MRGPRX3	AF127936.2
MRGPRX3	AF127577.3
NAV2-AS4	AL133284.1
NELL1	SLIT1
NELL1	NCAN
AC100768.2	KLHL7-DT
AC090592.1	LAIR1
KIF18A	AC006064.4
AC090791.1	AC144836.1
AC090124.1	AC124657.1
AC131571.1	LINC01362
LMO2	BATF3
LMO2	DEPTOR
LMO2	FRMD8
LMO2	GRIA4
CD44	MTMR11
CD44	PTCHD1
CD44	ELK3
CD44	AC005186.1
PAMR1	AC090692.1
AL135934.1	C9orf106
RAG2	CCDC74A
RAG2	AC112503.1
RAG2	AC135457.1
RAG2	STEAP4
RAG2	SMIM10
RAG2	ITIH2
RAG2	KCNJ8
RAG2	OVCH1-AS1
RAG2	AC034102.4
RAG2	AL136038.3
RAG2	AC016705.1
RAG2	LINC00920
RAG2	AP005131.3
RAG2	AC020912.1
RAG2	CYYR1
AC022796.1	AC024243.1
AC090138.1	VCAN-AS1
LINC01499	AC093801.1
LINC01499	AC024475.4
LINC01499	RAD9B
LINC01499	LINC00457
LINC01499	AC007494.2
LINC01499	CDH1
LINC01499	AC243571.2
LINC01499	AC012313.1
C11orf96	USP27X
ALX4	TAGAP
ALX4	PHEX-AS1
ALX4	AC023200.1
ALX4	AP003419.1
ALX4	AL132657.1
ALX4	TUBB3
ALX4	AL096799.1
ALX4	AL354813.1
ALX4	LINC01842
ALX4	AL022476.1
CD82	CUX2
PRDM11	XXYLT1
AC103855.3	SLC7A8
LRP4-AS1	AL451085.2
LRP4-AS1	BHLHE40-AS1
LRP4-AS1	ARIH2OS
LRP4-AS1	AC097716.1
LRP4-AS1	HARS2
LRP4-AS1	C6orf226
LRP4-AS1	ATP6V0E2-AS1
LRP4-AS1	ADGRG2
LRP4-AS1	AC027018.1
LRP4-AS1	HEPN1
LRP4-AS1	SP1
LRP4-AS1	AC137767.1
LRP4-AS1	PCDH9-AS1
LRP4-AS1	AC140912.1
LRP4-AS1	AC009063.2
LRP4-AS1	AC139530.1
LRP4-AS1	ACSBG2
LRP4-AS1	TTC3-AS1
PACSIN3	DCLRE1B
PSMC3	AC107884.1
PSMC3	WRAP53
NDUFS3	LRRC73
FOLH1	ITGA2
FOLH1	SH3TC2
FOLH1	COL4A5
FOLH1	LPAR1
FOLH1	OPALIN
FOLH1	SHTN1
FOLH1	GLDN
FOLH1	SLC5A11
FOLH1	ASPA
FOLH1	ABCA8
BTBD18	AP000462.3
BTBD18	AC011443.1
OR9Q1	NSUN2
MS4A4E	WNT4
MS4A4E	MYCBP
MS4A4E	ORC1
MS4A4E	FANCD2OS
MS4A4E	SAMMSON
MS4A4E	TIPARP-AS1
MS4A4E	IL12A
MS4A4E	AC008945.1
MS4A4E	CD14
MS4A4E	TCF19
MS4A4E	AL138826.1
MS4A4E	LINC01611
MS4A4E	AL023806.1
MS4A4E	RSPH10B2
MS4A4E	IGF2BP3
MS4A4E	AC004485.1
MS4A4E	BLACE
MS4A4E	ITIH6
MS4A4E	REEP4
MS4A4E	AC107952.2
MS4A4E	AC011632.1
MS4A4E	RASSF7
MS4A4E	AC090092.1
MS4A4E	AP003032.1
MS4A4E	TMEM45B
MS4A4E	CACNA1C-AS2
MS4A4E	LINC01198
MS4A4E	LINC00519
MS4A4E	AL355838.1
MS4A4E	AL138976.2
MS4A4E	AL031705.1
MS4A4E	C16orf71
MS4A4E	NAGPA-AS1
MS4A4E	EXOC3L1
MS4A4E	AC092718.5
MS4A4E	AC090282.1
MS4A4E	PIK3R6
MS4A4E	ZNF385C
MS4A4E	C17orf53
MS4A4E	UBTF
MS4A4E	DNAI2
MS4A4E	AC008109.1
MS4A4E	SERPINB2
MS4A4E	MYBL2
MS4A4E	NTSR1
MS4A4E	TSKS
MS4A4E	AC007666.1
MS4A4E	AL022322.1
MS4A4E	AP000697.1
MS4A13	C15orf53
TMEM132A	EDNRB
CD6	GPR149
CD6	AL359643.3
CD6	OPRK1
CD6	ALPK2
CD5	AC034102.3
AP003108.2	CITED2
TMEM258	AC009303.2
TMEM258	ZNF787
FADS2	CKAP2
FADS3	TAF1C
FTH1	GSTM3
FTH1	NUDCD2
FTH1	FAM135B
FTH1	TMEM9B
FTH1	SIRT4
FTH1	TRMT5
FTH1	AC135050.3
FTH1	GABARAPL2
FTH1	SAT2
FTH1	MIER2
FTH1	AC012615.1
FTH1	DNASE2
AP003306.2	AC009570.1
B3GAT3	RASSF1
B3GAT3	TIMP3
AP001458.2	KNL1
LBHD1	C19orf57
UQCC3	TERF2
UBXN1	CBLL1
UBXN1	GATC
GNG3	TAF6
GNG3	CCDC184
GNG3	CCDC106
TMEM179B	TSEN54
NXF1	ZNF771
SLC3A2	DDX20
OTUB1	DNAJC4
STIP1	RSAD2
STIP1	CCDC13
STIP1	LINC02427
STIP1	OARD1
STIP1	PLOD3
STIP1	LRRC61
STIP1	MTMR8
STIP1	TMEM72-AS1
STIP1	PTGES3
STIP1	WASHC3
STIP1	C12orf42
STIP1	ABCA10
STIP1	JMJD6
STIP1	ABHD3
STIP1	ZNF337-AS1
STIP1	MKNK2
STIP1	PAXBP1-AS1
VEGFB	ACTR1B
VEGFB	PJVK
VEGFB	MARCH9
VEGFB	LINC01422
FKBP2	MZT2A
FKBP2	FAM114A1
FKBP2	AP1AR
FKBP2	NDUFC1
FKBP2	LIX1-AS1
FKBP2	SLC16A10
FKBP2	RBM4
FKBP2	FBXW4
FKBP2	MRPL52
FKBP2	ZNF780A
PPP1R14B	MAFG
BAD	NTHL1
ESRRA	SLC25A22
CDCA5	AL359921.1
TM7SF2	LINC00092
TM7SF2	JMJD8
TM7SF2	GCAT
FAU	UROD
FAU	GSTM4
FAU	IER5
FAU	IMP4
FAU	TMBIM1
FAU	ANKRA2
FAU	PFDN6
FAU	POLH
FAU	TMEM60
FAU	RARRES2
FAU	PRDX4
FAU	SSR4
FAU	TALDO1
FAU	NDUFS8
FAU	SAP18
FAU	NPC2
FAU	ELOB
FAU	IDH3B
FAU	ROMO1
FAU	DDX39A
NEAT1	ZMAT4
NEAT1	PAPSS2
NEAT1	CLMN
MALAT1	GDAP2
MALAT1	AC010967.1
MALAT1	CPEB2
MALAT1	GTPBP2
MALAT1	AC092171.3
MALAT1	ZFHX4
MALAT1	PODNL1
FAM89B	CAMK2N2
RELA	ADGRA2
RELA	TIRAP
RELA	BMI1
CFL1	SH3BGRL3
CFL1	CHPF
CFL1	AIP
CFL1	CIB1
CFL1	PFN1
CFL1	PEX12
CFL1	SLC9A3R1
CFL1	SCAND1
CFL1	BSG
CFL1	RAB11B
CFL1	COPE
CFL1	TBCB
CFL1	CDC42EP1
FIBP	SAMD10
CCDC85B	CLTB
CCDC85B	MRPS18A
CCDC85B	BCAP31
CCDC85B	SUMO3
DRAP1	PPIF
DRAP1	MAGEL2
DRAP1	MED29
BANF1	ZSWIM4
CTSF	EPHX1
CTSF	TMEM106C
CTSF	YPEL3
CTSF	PDK2
CTSF	PIK3IP1
RBM4	GALNT15
RBM4	ERMARD
RBM4	ZNF418
RHOD	AC022382.1
RHOD	ADPRH
RHOD	KEL
RHOD	PAX5
RHOD	CUZD1
RHOD	IL4R
RHOD	ZNF668
RHOD	AC240565.1
ANKRD13D	TMEM185A
ANKRD13D	RFNG
AP003419.1	AC010255.3
AP003419.1	AC019209.3
AP003419.1	AC021092.1
CARNS1	TMEM144
CARNS1	CERCAM
RPS6KB2-AS1	AL033527.3
RPS6KB2-AS1	AC022540.1
CORO1B	GORASP1
TMEM134	NHS
AIP	EID2
CDK2AP2	GPS2
CDK2AP2	MRGBP
CDK2AP2	HMG20B
CDK2AP2	ERVK3-1
GSTP1	ILF2
GSTP1	AAMP
GSTP1	UQCRC1
GSTP1	TSC22D4
GSTP1	MOSPD3
GSTP1	ARF5
GSTP1	SLC25A6
GSTP1	TIMM17B
GSTP1	HSD17B10
GSTP1	NAPRT
GSTP1	YIF1A
GSTP1	CORO1B
GSTP1	RPLP0
GSTP1	TMEM97
GSTP1	TLCD1
GSTP1	SUPT4H1
GSTP1	LGALS3BP
GSTP1	C20orf27
GSTP1	YIPF2
GSTP1	LSM4
AP003716.1	AC127526.1
NDUFS8	ZNF230
AP002992.1	GNLY
AP002992.1	AC010280.2
LRP5	KLHL29
AP003096.1	LINC00901
MRGPRF	AC068620.2
MRGPRF	ISYNA1
TPCN2	TMEM99
CCND1	MCAM
CCND1	CD276
AP002336.2	CMTM7
AP002336.2	DLD
AP002336.2	ADAMTS13
AP002336.2	ITGAL
AP002336.2	AC091132.5
AP002336.2	CCDC47
AP002336.2	MED25
AP002336.2	ASPHD2
AP002336.2	Z82217.1
AP002336.2	TYMP
SHANK2-AS1	LINC02235
SHANK2-AS1	LRTM2
SHANK2-AS1	CLBA1
SHANK2-AS1	TMC3
SHANK2-AS1	ADCYAP1
SHANK2-AS1	TSSK6
AP002495.2	ZNF846
AP000812.1	AC007966.1
AP000812.1	AC020912.1
UCP2	ADSSL1
SERPINH1	AC239868.3
SERPINH1	KLK14
AP001922.5	TOLLIP
MYO7A	AC244453.3
MYO7A	SUMF2
MYO7A	RANGAP1
AP003032.1	SEMA6A-AS2
AP003032.1	PRR11
AP003086.2	AL096855.1
AP003086.2	AL513327.1
AP003086.2	AL139147.1
AP003086.2	AP4B1-AS1
AP003086.2	AC104699.1
AP003086.2	AC092839.1
AP003086.2	AC092567.1
AP003086.2	CFAP100
AP003086.2	PDE6B
AP003086.2	C4orf51
AP003086.2	AC010275.1
AP003086.2	CYSTM1
AP003086.2	AC091887.1
AP003086.2	AC068533.3
AP003086.2	AC008267.5
AP003086.2	CYP3A5
AP003086.2	SPDYE3
AP003086.2	AC009542.1
AP003086.2	ALG13-AS1
AP003086.2	TMEM70
AP003086.2	AL133480.1
AP003086.2	AC131934.1
AP003086.2	KCNQ1
AP003086.2	AC011092.2
AP003086.2	NAV2-AS3
AP003086.2	AC022395.1
AP003086.2	FAM196A
AP003086.2	CCDC65
AP003086.2	AC012464.1
AP003086.2	AL158801.3
AP003086.2	AL139021.1
AP003086.2	HIF1A-AS2
AP003086.2	AL139022.1
AP003086.2	AL359317.2
AP003086.2	AL157871.4
AP003086.2	INO80-AS1
AP003086.2	AC092338.2
AP003086.2	AC010542.2
AP003086.2	AC125793.1
AP003086.2	AC091153.2
AP003086.2	AC087501.1
AP003086.2	AC005746.2
AP003086.2	PRKCA-AS1
AP003086.2	AP005899.1
AP003086.2	AC090772.2
AP003086.2	AC016493.1
AP003086.2	AL035071.2
AP003086.2	APCDD1L
AP003086.2	AC243964.2
AP003086.2	Z99774.1
AP003086.2	AL022238.2
AP003086.2	AP001439.1
TENM4	AP002759.1
TENM4	GRIP1
AP001547.1	YBEY
AP002759.1	AP001978.1
FAM181B	VEGFB
FAM181B	PPP1R3D
FAM181B	SCAF1
DDIAS	USP1
DDIAS	FEM1A
AP002370.2	GNGT1
AP002370.2	POLE2
AP002370.2	AC139769.2
AP001825.1	CLEC20A
AP001825.1	ERVMER61-1
AP001825.1	LINC00309
AP001825.1	LARS2-AS1
AP001825.1	PSMD6-AS2
AP001825.1	CFAP44-AS1
AP001825.1	ITGB5-AS1
AP001825.1	GPR171
AP001825.1	TRIM61
AP001825.1	AC244517.5
AP001825.1	AC008728.1
AP001825.1	AL133338.1
AP001825.1	POPDC3
AP001825.1	AC093627.5
AP001825.1	RBPMS
AP001825.1	KCNV2
AP001825.1	NIPSNAP3B
AP001825.1	AC104009.1
AP001825.1	IL18
AP001825.1	AP001267.3
AP001825.1	BX547991.1
AP001825.1	WNT5B
AP001825.1	SLC38A4
AP001825.1	AC034102.5
AP001825.1	AC117377.1
AP001825.1	DOCK9-AS1
AP001825.1	NALCN-AS1
AP001825.1	DIO2-AS1
AP001825.1	LINC02316
AP001825.1	MYH11
AP001825.1	AC025211.1
AP001825.1	AC243585.2
AP001825.1	AC006130.1
AP001825.1	MLLT1
AP001825.1	AKAP8L
AP001825.1	ZNF99
AP001825.1	DMC1
AP001831.1	LINC00539
AP001831.1	AC005480.1
AP005436.1	RAB38
CHORDC1	KIAA1522
CHORDC1	SIKE1
CHORDC1	FXR1
CHORDC1	LINC00884
CHORDC1	AC018797.2
CHORDC1	LYN
CHORDC1	C8orf88
CHORDC1	AK8
CHORDC1	UBE2D1
CHORDC1	CASP7
CHORDC1	AP5M1
CHORDC1	AC015908.2
CHORDC1	SELENOV
AP002784.1	B9D2
GPR83	AC007128.1
GPR83	HSPB8
GPR83	HSF5
GPR83	DNMT3B
ANGPTL5	RABL2A
ANGPTL5	DARS-AS1
ANGPTL5	TNFAIP8
ANGPTL5	STEAP1
ANGPTL5	AC103855.3
ANGPTL5	CASP4
ANGPTL5	TSPAN8
ANGPTL5	RHOF
ANGPTL5	AL356020.1
ANGPTL5	MEI1
TMEM123	DISP1
MMP20	AL137856.1
MMP20	AC034231.1
MMP20	ZFP62
MMP3	MPZ
MMP3	TP53TG3D
GRIA4	SCN9A
GRIA4	ANKRD55
GRIA4	THSD7A
GRIA4	SNX10
GRIA4	LGR4
GRIA4	RELT
GRIA4	PCSK2
AP001001.1	DNM3OS
AP001001.1	AC019080.4
AP001001.1	AC116616.1
AP001001.1	ART4
RAB39A	CAP2
NPAT	AC010201.1
POU2AF1	KPNA7
POU2AF1	LINC01435
POU2AF1	C16orf96
POU2AF1	RDM1
POU2AF1	LINC01993
POU2AF1	NLRP5
DIXDC1	TMCC2
IL18	AC100818.1
PLET1	CDC37L1-DT
AP002884.1	AP003063.1
AP003170.3	CKAP2L
AP003170.3	AMBN
AP003170.3	TAF7L
AP003170.3	AC100858.3
AP003170.3	SLC46A2
AP003170.3	SLC43A3
AP003170.3	EVI2A
AP003170.3	AC090227.1
AP003170.3	AC020911.1
NXPE1	AC100839.2
AP000462.3	AC069029.1
AP000462.1	AL136322.1
AP000462.1	AC010894.3
AP000462.1	AL035587.1
AP000462.1	AC058791.1
AP000462.1	MTCP1
AP000462.1	AC132192.2
AP000462.1	PCDH9-AS3
AP000462.1	RPA1
AP000892.1	AC005842.1
AP002954.1	C18orf21
CCDC84	RFC4
RPS25	RPS8
RPS25	RPS7
RPS25	FAM98A
RPS25	FUNDC1
RPS25	RPL7
RPS25	SNX30
RPS25	EHBP1L1
RPS25	RPL36AL
RPS25	AC098850.3
RPS25	CTDP1
SLC37A4	CES4A
H2AFX	AL590705.1
H2AFX	GDE1
THY1	HES6
THY1	NEU4
THY1	PRRT3
THY1	ZNF775
THY1	RITA1
AP003390.2	OGN
SC5D	FGFBP3
UBASH3B	DGKH
UBASH3B	OMG
HSPA8	CCT7
HSPA8	HSPA5
HSPA8	AC008537.1
HSPA8	AF165147.1
ZNF202	RPIA
NRGN	SNCB
NRGN	DMTN
NRGN	INA
NRGN	FXYD7
MSANTD2	NANOS3
HEPN1	TMEM177
HEPN1	ORMDL1
HEPN1	AC124016.1
HEPN1	COL19A1
HEPN1	LINC01003
HEPN1	TMEM223
HEPN1	POP5
HEPN1	LINC01896
HEPN1	EID2B
HEPN1	AC245060.5
PKNOX2	ACAA2
PKNOX2	AXL
PKNOX2	SPACA6
PKNOX2	HIC2
AP001007.1	AC004988.1
AP001007.1	KIF4A
AP001007.1	AC006581.1
FOXRED1	CAPN10-DT
FOXRED1	SMIM19
AP001783.1	AC009962.1
AP001783.1	SPON2
AP001783.1	AC087623.1
AP001783.1	LINC02237
AP001783.1	TMPRSS2
AP003481.1	SLC9C2
AP003481.1	VIT
AP003481.1	SH3BP5-AS1
AP003481.1	UCHL1-AS1
AP003481.1	LINC02436
AP003481.1	LAS1L
AP003481.1	WDFY4
AP003481.1	AC007848.1
AP003481.1	PAQR5
AP003481.1	ZSCAN2
AP003481.1	LINC01692
FLI1	DFFB
FLI1	LINC01126
FLI1	AC022126.1
FLI1	LINC01592
FLI1	GPR83
FLI1	C3
FLI1	AC119396.2
BARX2	FAM43B
BARX2	AL160272.1
BARX2	AC027682.6
BARX2	AC144836.1
BARX2	AC079210.1
TMEM45B	ZCRB1
TMEM45B	TMEM150B
ADAMTS15	AC104411.1
ADAMTS15	TACR3
ADAMTS15	MBLAC1
ADAMTS15	MRC1
ADAMTS15	AC005383.1
ADAMTS15	AC004846.2
LINC02551	AC008771.1
AP003025.2	ANGPT2
AP003025.1	AC069437.1
AP003025.1	AL136298.1
NTM-AS1	AL928654.1
AP000844.1	AC009951.2
IGSF9B	SKI
IGSF9B	FTCDNL1
IGSF9B	C2CD6
IGSF9B	NEK6
IGSF9B	AIF1L
IGSF9B	TSPAN9
IGSF9B	ATP11A
IGSF9B	KCNK10
IGSF9B	GRAMD2A
IGSF9B	RAB40C
IGSF9B	TRIM65
IGSF9B	LAMA5
IGSF9B	BRD4
IGSF9B	MEIS3
IGSF9B	CABIN1
DIP2C	MIR34AHG
DIP2C	ARHGEF10L
DIP2C	GRIK3
DIP2C	MIR4422HG
DIP2C	GNG12
DIP2C	HENMT1
DIP2C	RFX5
DIP2C	CHRNB2
DIP2C	AIDA
DIP2C	TRIM11
DIP2C	PPP1CB
DIP2C	ANKRD20A8P
DIP2C	SH3RF3
DIP2C	MYO7B
DIP2C	EXOSC7
DIP2C	FYCO1
DIP2C	QARS
DIP2C	C3orf14
DIP2C	PRICKLE2
DIP2C	ADAMTS9-AS2
DIP2C	LRIG1
DIP2C	SLC9C1
DIP2C	UBA5
DIP2C	DZIP1L
DIP2C	NMNAT3
DIP2C	ARHGEF26
DIP2C	NOP14
DIP2C	MED28
DIP2C	PTPN13
DIP2C	AC098582.1
DIP2C	AC008840.1
DIP2C	CAST
DIP2C	CCNI2
DIP2C	RPS10-NUDT3
DIP2C	NFYA
DIP2C	GTF2H5
DIP2C	AL354892.1
DIP2C	C7orf26
DIP2C	PLEKHA8
DIP2C	TRIP6
DIP2C	STS
DIP2C	VAMP7
DIP2C	AC104964.1
DIP2C	FAM160B2
DIP2C	SPACA9
DIP2C	CACFD1
DIP2C	SPI1
DIP2C	CHRM1
DIP2C	PPP2R1B
DIP2C	PKNOX2
DIP2C	PFKP
DIP2C	SEPHS1
DIP2C	WAC-AS1
DIP2C	SORBS1
DIP2C	SFXN3
DIP2C	INPP5A
DIP2C	ETFBKMT
DIP2C	PYM1
DIP2C	TMEM19
DIP2C	TMEM132B
DIP2C	FBRSL1
DIP2C	GOLGA3
DIP2C	LINC00621
DIP2C	GSX1
DIP2C	CHURC1-FNTB
DIP2C	SYNE3
DIP2C	ZNF839
DIP2C	LCMT2
DIP2C	RAB27A
DIP2C	ANKDD1A
DIP2C	KLHL25
DIP2C	AC090907.2
DIP2C	CHSY1
DIP2C	PCSK6
DIP2C	PAQR4
DIP2C	CFAP20
DIP2C	SPECC1
DIP2C	CBX4
DIP2C	FN3K
DIP2C	ZNF516
DIP2C	TRIB3
DIP2C	AL121761.1
DIP2C	ANO8
DIP2C	TRAPPC6A
IDI2	AC112907.3
AKR1C3	AKR1C1
AL355303.1	AL356275.1
AL355303.1	AL592287.1
AL355303.1	AL691420.1
AL355303.1	LRRIQ1
AL355303.1	AL590079.1
AL355303.1	AC138932.5
ASB13	POP1
AL137186.2	AC139887.4
AL137186.2	AL159174.1
AL137186.2	AC007991.3
AL137186.2	AC005837.3
IL2RA	HPGDS
IL2RA	LINC00603
IL2RA	LBHD1
IL2RA	AC008147.1
IL2RA	AC128707.1
IL2RA	PRRG2
IL2RA	MIMT1
PFKFB3	SH3BP5
PFKFB3	AC022034.2
PFKFB3	PLXDC1
AL157395.1	ANGPTL4
LINC00707	LINC02026
ITIH5	RND3
AL583859.2	TM4SF19-AS1
AL583859.2	AC106864.1
AL583859.2	AC010999.2
USP6NL	ART3
AL512770.1	AL049597.2
AL512770.1	FAM129A
AL512770.1	AC008592.4
AL512770.1	RSPO3
AL512770.1	LINC01476
AL512770.1	AC008764.1
STAM-AS1	BCDIN3D
TMEM236	TONSL
TMEM236	SMCO2
TMEM236	LTBP2
PLXDC2	MALRD1
PIP4K2A	SH3BP4
PIP4K2A	COQ2
PIP4K2A	AL121944.1
PIP4K2A	ZNF212
PIP4K2A	MIR181A2HG
PIP4K2A	ADAMTSL2
PIP4K2A	DPCD
PIP4K2A	PPP4R4
PIP4K2A	ADAL
PIP4K2A	CX3CL1
PIP4K2A	LINC01909
PIP4K2A	GINS1
PIP4K2A	FBXW9
PIP4K2A	RWDD2B
ARMC3	AC079098.1
MKX	AC026458.2
MKX	HS3ST2
BAMBI	RCCD1
ZEB1-AS1	C1orf105
ZEB1-AS1	SPATA9
ZEB1-AS1	GRM8
ZEB1-AS1	LINC00476
ZEB1-AS1	AL161935.3
PARD3	IGFBP2
PARD3	RAD18
PARD3	MGLL
PARD3	AC104806.2
PARD3	AL359715.1
PARD3	SRSF12
PARD3	EGFR
PARD3	AC011625.1
PARD3	PRKX
PARD3	ARHGEF6
PARD3	LINC00894
PARD3	TTI2
PARD3	MIR2052HG
PARD3	ARPC5L
PARD3	RXRA
PARD3	NRIP3
PARD3	PHYHIPL
PARD3	CHST3
PARD3	NT5DC3
PARD3	LINC00407
PARD3	XRCC3
PARD3	RPL13
PARD3	ERBB2
PARD3	MORC2-AS1
PARD3	CBR3
ANKRD30A	AC010198.1
AL132657.1	ZNF879
AL132657.1	C20orf202
AL117339.5	AP001528.2
AL356056.2	AGAP9
BX547991.1	C9orf57
FAM25C	AC021491.1
FAM25C	ANKLE1
AC060234.1	CES3
TIMM23B	C2orf42
TIMM23B	B4GALNT3
TIMM23B	DNAJC3-DT
AL353784.1	AL358472.5
AL353784.1	PIGC
AL353784.1	AL354771.1
AL353784.1	ZBTB20-AS1
AL353784.1	KCNMB2-AS1
AL353784.1	AC026746.1
AL353784.1	AC090138.1
AL353784.1	APOA1-AS
AL353784.1	NUDT13
AL353784.1	GLIPR1L1
AL353784.1	MYO16-AS1
ZWINT	AC104170.1
ZWINT	FYTTD1
ZWINT	CENPU
ZWINT	AL162254.1
ZWINT	AC023794.4
ZWINT	LRRC74A
ZWINT	AC040934.1
ZWINT	ZNF234
PHYHIPL	PINK1-AS
PHYHIPL	TP53I3
PHYHIPL	PAIP2B
PHYHIPL	PLSCR4
PHYHIPL	GMNN
FAM13C	TRIM71
FAM13C	PDGFRB
FAM13C	MTUS1
FAM13C	TG
FAM13C	OPA3
SLC16A9	SLC16A6
CABCOCO1	CCNB3
ARID5B	ELP6
ARID5B	HSD17B13
ARID5B	GNL1
ARID5B	UBE2D4
ARID5B	AC090114.2
ARID5B	ZNF425
ARID5B	FBXO32
ARID5B	NDRG1
ARID5B	IDNK
ARID5B	TMEM8A
ZNF365	LINC00862
ZNF365	KIF15
ZNF365	TEX15
ZNF365	SLC25A45
AC024600.1	HPDL
AC024600.1	CLEC18C
AC024600.1	NT5M
CTNNA3	RARRES1
CTNNA3	AC110296.1
CTNNA3	AC139722.1
CTNNA3	HHIP
CTNNA3	CCDC192
CTNNA3	CLDN20
CTNNA3	TMEM140
CTNNA3	AC073336.1
CTNNA3	AC012349.1
CTNNA3	PITRM1-AS1
CTNNA3	ACSM6
CTNNA3	DDN-AS1
CTNNA3	ACOT6
CTNNA3	NTRK3-AS1
CTNNA3	AC135178.3
CTNNA3	OSBPL7
CTNNA3	RNFT1-DT
HKDC1	SGPP2
HKDC1	SERPINI2
HKDC1	C5orf30
HKDC1	AL139275.1
HKDC1	ZNF555
HKDC1	SLC7A9
HK1	PLEKHG2
NODAL	AC034228.1
PCBD1	NOL7
PCBD1	ASH2L
PCBD1	LLPH
AC073176.3	TDRD10
AC073176.3	PAX6
AC073176.3	NR1H4
AC073176.3	PTCSC3
AC073176.3	NPIPA7
CHST3	AC012363.1
CHST3	KLF9
CHST3	PHYHD1
CHST3	ANO3
CHST3	PHYHIPL
CHST3	RPL13
CHST3	PVALEF
DDIT4	LMCD1
DDIT4	BSN
DDIT4	AC097534.2
DDIT4	SLC6A8
DDIT4	BNIP3
DDIT4	POLR3B
DDIT4	FAM174B
OIT3	AL365181.2
P4HA1	FRMD3
MRPS16	FHL3
MRPS16	CYB561D1
AC073389.2	DUSP12
PLAU	GRHL3
PLAU	SHC1
PLAU	PCDHB3
PLAU	GLI3
PLAU	AC093673.2
PLAU	CD99
PLAU	HEMGN
PLAU	PLCB3
PLAU	C11orf65
PLAU	EMP1
PLAU	TRPV4
PLAU	TMEM63C
PLAU	LINC01852
PLAU	AJ003147.2
PLAU	GPR139
AC022540.1	AC092747.1
VDAC2	SCG2
AC010997.3	RFLNB
KCNMA1-AS1	B3GNT5
KCNMA1-AS1	AC006019.3
KCNMA1-AS1	SLC16A3
KCNMA1-AS3	AC114546.1
DLG5	TBX19
DLG5	NEMP2
DLG5	C4orf33
DLG5	CDYL
DLG5	TRIL
DLG5	HABP4
DLG5	HDAC7
DLG5	MAP3K14
DLG5	SEPT9
DLG5	STK35
DLG5	SBNO2
DLG5	ZNF274
DLG5	SEC14L2
AC012560.1	EEF1AKMT2
AL132656.2	AL138820.1
SFTPD-AS1	AL121790.1
SFTPD-AS1	CHKB-DT
SFTPD-AS1	LINC01424
MINPP1	L3HYPDH
PAPSS2	AC113383.1
STAMBPL1	NPHP1
IFIT1	EPSTI1
AL391704.2	ADCK5
AL391704.2	HMGA2
LINC00502	AC022211.2
FFAR4	AL590787.1
RBP4	C3orf80
RBP4	CARTPT
RBP4	KCNV1
AL358154.1	AC083805.2
AL358154.1	AL590096.1
SLC35G1	C12orf45
PDLIM1	KRTAP5-11
PDLIM1	LINC00944
SORBS1	BMP8B
SORBS1	YIPF1
SORBS1	MFAP3L
SORBS1	AGA
SORBS1	RNF144B
SORBS1	PDGFA
SORBS1	PPP2CB
SORBS1	ACER2
SORBS1	AL359091.1
SORBS1	TRAF6
SORBS1	COLCA2
SORBS1	AC025263.2
SORBS1	MYRFL
SORBS1	RAB26
SORBS1	MPPE1
SORBS1	NKX2-2
SORBS1	ZBTB21
AL365273.2	ENTPD1
OPALIN	DAAM2
PGAM1	STMN4
PGAM1	DUSP26
PGAM1	ATP7B
UBTD1	SLC6A9
CRTAC1	EXTL1
CRTAC1	TMEM45A
CRTAC1	AGBL1
CPN1	AC005775.1
AL138921.1	AC022601.1
AL138921.1	STAP2
CWF19L1	ELOVL4
OLMALINC	GLI2
FBXW4	FSHR
FBXW4	SNRNP27
C10orf95	PTGER3
C10orf95	TMEM183A
C10orf95	AC008906.2
C10orf95	FAM120AOS
C10orf95	Z69720.1
C10orf95	AC005332.5
C10orf95	AL034549.1
PCGF6	SMNDC1
ATP5MD	AC011477.4
NEURL1-AS1	AC087379.2
NEURL1-AS1	AL138762.1
NEURL1-AS1	C19orf73
CFAP58	SH2D3C
AL139120.1	CSNK1G1
AL139120.1	AL031594.1
AFAP1L2	AC114763.1
AFAP1L2	RAB17
AFAP1L2	FLNB
AFAP1L2	AC107204.1
AFAP1L2	AC092910.3
AFAP1L2	HRASLS
AFAP1L2	CPEB2-DT
AFAP1L2	POU3F2
AFAP1L2	COX19
AFAP1L2	POU6F2
AFAP1L2	AFF2
AFAP1L2	C9orf24
AFAP1L2	CNTFR
AFAP1L2	AAED1
AFAP1L2	DTX4
AFAP1L2	CHST15
AFAP1L2	TNS2
AFAP1L2	JDP2
AFAP1L2	MVP
AFAP1L2	VPS9D1
AFAP1L2	GATD3B
SHTN1	ST18
SLC18A2	PAX8
AL391988.1	HESX1
AL391988.1	SPATA24
AL391988.1	GPR68
AL391988.1	CCDC85C
AL391988.1	VPS33B-DT
AL391988.1	FECH
AL391988.1	ZNF723
EMX2OS	EMX2
BAG3	NFKBIZ
BAG3	ADCK1
PLPP4	ERRFI1
PLPP4	ASAP3
PLPP4	MPP6
PLPP4	AC004522.2
PLPP4	RALGDS
PLPP4	BAG3
PLPP4	AC079950.1
PLPP4	B3GLCT
PLPP4	SUSD6
PLPP4	IFI27L1
PLPP4	TMEM266
LINC01561	UBE2Q2L
AC010998.2	RBM5-AS1
AC010998.1	C1orf141
AC010998.1	AL035409.1
AC010998.1	SATB2-AS1
AC010998.1	AC069277.1
AC010998.1	MYL5
AC010998.1	C5orf49
AC010998.1	NUP62CL
AC010998.1	AC009812.4
AC010998.1	MRVI1
AC010998.1	ITIH5
AC010998.1	AC024257.1
AC010998.1	TDRD12
AC010998.1	SCUBE1
AC010998.1	TCP10L
DMBT1	MIR381HG
CHST15	TSPAN11
FAM53B-AS1	FSIP2-AS1
EEF1AKMT2	AC010501.1
EEF1AKMT2	UFSP1
LINC00601	GCLM
FAM196A	UBXN8
FAM196A	RASGRP1
FAM196A	TUBB6
CLRN3	BX004987.1
JAKMIP3	HS1BP3
JAKMIP3	PCDHB9
DPYSL4	RTN4RL2
LRRC27	UFL1-AS1
INPP5A	C4orf46
INPP5A	CPNE5
INPP5A	TAF6L
ADAM8	AC005393.1
CALY	ARHGDIG
AC004803.1	CACNA1C-AS1
AC004672.1	MNX1
ADIPOR2	TSPYL2
LRTM2	NYAP2
LRTM2	YIPF7
LRTM2	EGFL7
FKBP4	SP140
FKBP4	TSPYL4
FKBP4	KPTN
FKBP4	PTOV1
TEX52	CCDC141
TEX52	C9orf43
TEX52	AC020704.1
TEX52	BFSP1
FOXM1	MYO5B
TULP3	KLC4
TEAD4	SPATA12
TEAD4	CD38
TEAD4	MET
TEAD4	AC007923.4
CCND2	RIMKLA
CCND2	DUSP8
DYRK4	AC112487.1
DYRK4	LINC01323
DYRK4	SUN3
DYRK4	ABCD1
DYRK4	AC067838.1
DYRK4	DCAF4L2
DYRK4	PROSER2
DYRK4	AC103740.1
DYRK4	TEKT5
DYRK4	AC018554.1
DYRK4	AIFM3
KCNA1	AC006063.2
AC006206.2	CPSF4
AC006206.2	RAG1
AC006206.2	TRADD
AC006206.2	AL035448.1
AC006206.2	AC063977.3
AC007848.1	AC008083.2
CD9	M6PR
TNFRSF1A	PODXL
TNFRSF1A	FABP5
MRPL51	RABIF
MRPL51	DLK2
MRPL51	MRM2
GAPDH	TRAPPC3
GAPDH	SLC16A1
GAPDH	SLC39A1
GAPDH	CHCHD5
GAPDH	NDUFAF3
GAPDH	SMIM29
GAPDH	FABP5
GAPDH	TPI1
GAPDH	UBC
GAPDH	THTPA
GAPDH	CKB
GAPDH	SERF2
GAPDH	AC027682.4
GAPDH	RNF126
GAPDH	RAD23A
GAPDH	C19orf53
GAPDH	BAX
IFFO1	KIF18B
NOP2	COX16
NOP2	AC009159.3
ACRBP	AL589765.1
ACRBP	C4orf36
MLF2	AC108673.3
MLF2	ABCF3
MLF2	NUDT11
MLF2	AC110285.6
MLF2	SF3A1
LAG3	AL445493.2
GPR162	FADS3
GPR162	TMEM200C
GPR162	CTSA
CDCA3	AC002454.1
TPI1	PGK1
TPI1	OTUB1
TPI1	PGAM1
ENO2	NBL1
ENO2	CA11
C12orf57	KIAA2013
C12orf57	AC239585.2
C12orf57	OTUB1
C12orf57	AL161772.1
EMG1-1	OSTF1
RBP5	S100A2
RBP5	NCAPH
RBP5	KCNE4
RBP5	LINC02265
RBP5	CXorf58
RBP5	AP002748.4
RBP5	FAM25C
RBP5	GAS6-AS1
CLEC4C	SEMA4A
CLEC4C	AC004690.2
CLEC4C	PSMA8
SLC2A3	CNTNAP1
C3AR1	C1orf109
C3AR1	OR2T6
C3AR1	ACKR4
C3AR1	PKHD1
C3AR1	CHRM2
C3AR1	LACTB2-AS1
C3AR1	CTSV
C3AR1	LINC00944
AC006581.1	CADM3-AS1
AC006581.1	TRIM17
AC006581.1	CLTRN
AC006581.1	AL109761.1
PZP	ITFG2-AS1
KLRF1	LINC01800
KLRF1	AC004816.1
CLEC2A	LINC02470
CLEC12A	TRAPPC12-AS1
CLEC12A	AC098864.1
CLEC12A	HTR4
KLRD1	IQCJ-SCHIP1
KLRD1	MGAM
KLRD1	HRH4
AC022075.2	AC139795.3
KLRC4-KLRK1	AC068775.1
AC068775.1	KLRC2
STYK1	DDN
STYK1	OSGIN1
AC244131.2	LINC01252
BCL2L14	NECAP2
BCL2L14	KDM4A-AS1
BCL2L14	EFCAB14-AS1
BCL2L14	KIF26B-AS1
BCL2L14	AC013472.2
BCL2L14	TMEM17
BCL2L14	AC012370.2
BCL2L14	LINC01103
BCL2L14	PKP4-AS1
BCL2L14	C3orf49
BCL2L14	AC079465.1
BCL2L14	TH2LCRR
BCL2L14	AC008608.2
BCL2L14	AC244517.11
BCL2L14	DOCK2
BCL2L14	NFE2L3
BCL2L14	PCYT1B-AS1
BCL2L14	AC090541.1
BCL2L14	AC090579.1
BCL2L14	PTGR1
BCL2L14	AL390774.2
BCL2L14	AP000842.2
BCL2L14	GRID1-AS1
BCL2L14	AC010168.1
BCL2L14	EXOSC8
BCL2L14	AL157912.1
BCL2L14	LINC02250
BCL2L14	SLC24A5
BCL2L14	AC023906.4
BCL2L14	AC022558.2
BCL2L14	AC092140.1
BCL2L14	AC046158.1
BCL2L14	AC004148.2
BCL2L14	AC024267.4
BCL2L14	TSPOAP1-AS1
BCL2L14	AC006270.1
BCL2L14	DLGAP1-AS4
BCL2L14	CNBD2
BCL2L14	AC119396.1
BCL2L14	EDDM13
BCL2L14	MRAP
APOLD1	QTRT2
APOLD1	PLIN4
GSG1	SLC10A4
GSG1	BX322234.1
GSG1	GHRHR
GSG1	AC090772.1
GSG1	AC011503.1
GSG1	RSPH14
EMP1	WDR55
EMP1	AC244517.1
EMP1	AL139393.1
EMP1	AC027801.1
EMP1	AC123786.1
GUCY2C	ZNF616
PTPRO	CDH6
PTPRO	BMPER
PTPRO	FGF13
PTPRO	CSTF3-DT
PTPRO	PDE3A
MGST1	AC063944.1
MGST1	RANBP3L
LMO3	RBM45
LMO3	RFTN2
LMO3	IRS1
LMO3	CPLX1
LMO3	PCDH10
LMO3	ESRRA
LMO3	LGR5
LMO3	DOCK9
LMO3	LINC00320
LINC02378	AL049830.3
LINC02378	AC136944.2
LINC02378	GALNS
RERGL	PYY
AC024901.1	LINC02398
AC011604.2	AC012213.3
SLCO1A2	SRCIN1
SPX	IMPA1
LDHB	MMADHC
LDHB	GSPT2
LDHB	MRPL13
LDHB	CHMP5
LDHB	ATP8A2
LDHB	C14orf119
LDHB	ZNF500
KCNJ8	C2orf40
KCNJ8	P4HA2-AS1
KCNJ8	N4BP3
KCNJ8	AL158151.4
KCNJ8	AL360181.3
KCNJ8	OR4N2
RASSF8-AS1	EPHX2
RASSF8-AS1	SCPEP1
RASSF8-AS1	ZNF470
AC024145.1	MKRN2OS
AC024145.1	TMLHE-AS1
AC023051.1	MRPL22
AC024896.1	L3MBTL4-AS1
ARNTL2-AS1	ZNF295-AS1
AC009509.4	ZNF441
TSPAN11	FAT1
AC016957.2	NAPSA
AC016957.2	AC254562.3
C12orf40	HVCN1
C12orf40	MIDN
LINC02471	PRICKLE3
AC079601.1	PASK
LINC02450	AC010327.4
SLC38A2	TMEM51-AS1
SLC38A2	YOD1
SLC38A2	ANK1
SLC38A2	VSTM5
SLC38A2	UACA
SLC38A2	AC006504.5
SLC38A2	NIPSNAP1
AC008083.1	ACBD3-AS1
AC008083.1	FBXO40
AC008083.1	AC011369.1
AC008083.1	AC005220.1
AC008083.2	GPN1
VDR	AC099673.1
VDR	AC009242.1
VDR	GPAT3
VDR	DDX4
VDR	TRDN
VDR	AC105031.2
VDR	PCAT7
VDR	LINC02373
VDR	BRCA2
VDR	SOCS4
VDR	LINC01500
VDR	LINC01982
VDR	GTSCR1
VDR	JPH2
VDR	AP000275.2
AC024257.1	TRAF5
AC089987.2	CCDC148-AS1
AC089987.2	EBF1
TEX49	MSTN
TEX49	AC114811.2
TEX49	LINC02542
TEX49	LINC01402
TEX49	AC012213.4
TEX49	AL590705.3
TEX49	CILP
TEX49	VPS9D1-AS1
TEX49	AF038458.2
TEX49	AC011481.2
TEX49	SSC5D
CCDC65	AL109936.6
CCDC65	IRF1
CCDC65	ARMCX3
CCDC65	LTBR
CCDC65	AC005899.8
WNT10B	TCERG1L
WNT10B	GZMM
WNT10B	ZNF383
DDN	C1orf115
DDN	SERPINB9
DDN	CTSH
TUBA1B	PHYHIP
TUBA1B	TUBB4B
TUBA1B	LDHA
TUBA1B	SPRYD3
TUBA1B	SSTR2
TUBA1B	CALM3
TUBA1A	EIF3D
AC010173.1	AL357673.1
AC010173.1	CCDC190
AC010173.1	TMIE
AC010173.1	AL359851.1
AC010173.1	CYP2C8
AC010173.1	LINC01415
FMNL3	TNFAIP6
FMNL3	SMOC1
FMNL3	LCTL
FMNL3	CRISPLD2
FMNL3	MAPK4
METTL7A	SLC16A14
METTL7A	KCNQ1OT1
METTL7A	AL137145.2
METTL7A	DNAJC12
METTL7A	SLC4A8
METTL7A	AC099489.1
METTL7A	DBF4B
METTL7A	PLA2G4C
LETMD1	PIGB
LETMD1	HDHD5-AS1
SLC4A8	SNTA1
AC068987.2	HRNR
AC068987.2	AC093382.1
AC068987.2	NR2E1
AC068888.1	DCAF12
AC068888.1	MALAT1
TNS2	ARAP3
TNS2	ZNF32
TNS2	CDH3
IGFBP6	SUN2
ESPL1	EMILIN1
ESPL1	AC104135.1
ESPL1	AMACR
ESPL1	SPDYE6
ESPL1	ARHGAP4
ESPL1	GDF6
ESPL1	AL359091.4
ESPL1	AC090510.1
ESPL1	ZNF492
PFDN5	FH
PFDN5	AC116565.1
PFDN5	RELL2
PFDN5	ZNF727
PFDN5	SLC35B1
PFDN5	SHD
PFDN5	QTRT1
AAAS	INO80E
ATF7	IMPDH1
ATF7	AP000462.3
HNRNPA1	HDHD2
AC079313.2	LPCAT1
AC079313.2	NOD2
AC079313.2	TMEM191B
ITGA5	KIT
ITGA5	HAPLN3
MUCL1	AC106786.2
MUCL1	HCG9
MUCL1	AC064807.4
TESPA1	HRH2
TESPA1	WIPF3
TESPA1	RASGRF1
TESPA1	ICAM5
AC122685.1	PABPC1L2B
METTL7B	FAP
METTL7B	RS1
CD63	ZNF593
CD63	RCC1
CD63	RPL5
CD63	PM20D1
CD63	GNL3
CD63	MRPL47
CD63	ZDHHC11B
CD63	CAMLG
CD63	SNHG15
CD63	TMEM176B
CD63	TIMP1
CD63	AL158055.1
CD63	RDH10-AS1
CD63	TSNARE1
CD63	CARD19
CD63	GRAMD1B
CD63	CD9
CD63	B2M
CD63	NDUFAB1
CD63	SMPD3
CD63	AC009139.2
CD63	GSS
CD63	ZNF536
CD63	ELFN2
MMP19	NTM-AS1
MMP19	NQO1
PMEL	ZNF525
RPL41	SYF2
RPL41	AL162431.2
RPL41	RPS27A
RPL41	TTN-AS1
RPL41	NDUFB3
RPL41	UQCRQ
RPL41	RPS12
RPL41	NDUFB2
RPL41	UQCRB
RPL41	PSMC3
RPL41	FKBP2
RPL41	RPS25
RPL41	RPS24
RPL41	GRK5
RPL41	NDUFA12
RPL41	LRRC9
RPL41	NDUFB1
RPL41	RPS15A
RPL41	IFI35
RPL41	TMEM101
RPL41	DNTTIP1
RPL41	C19orf70
RPL41	RPS9
MYL6	SSU72
MYL6	MTFR1L
MYL6	TDRKH
MYL6	SNX12
ATP5F1B	FAM210B
PTGES3	GIPC2
PTGES3	CIP2A
PTGES3	LEKR1
PTGES3	SRD5A3
PTGES3	AL590867.1
PTGES3	NEIL2
PTGES3	SNX31
PTGES3	MORN4
PTGES3	LINC02340
PTGES3	TBX6
PTGES3	CCT6B
PTGES3	C19orf18
PTGES3	ST13
NACA	FBXW2
NACA	ZNF432
PRIM1	SLC35E2B
ARHGAP9	TMEM38A
AGAP2	CEP170B
METTL1	EDC4
CTDSP2	TRDMT1
AC083805.2	AC090589.2
AC083805.2	FAM53B-AS1
AC083805.2	AC012404.2
AC068305.2	AL512343.2
AC068305.2	AC018442.2
AC020611.2	AL359504.2
LINC02231	SNTN
LINC02231	AC004854.2
LINC02231	AP000438.1
LINC02231	AL731533.2
LINC02231	MYOZ1
LINC02231	BMP4
LINC02231	AC020779.2
LINC02231	AC009119.1
LINC02231	CBLN4
LINC02231	NUDT19
WIF1	DLX6-AS1
WIF1	KANSL1-AS1
LEMD3	DR1
LEMD3	QPCT
LEMD3	LRCH2
LEMD3	ATP11C
LEMD3	MMP24
LEMD3	THAP7-AS1
LEMD3	NRIP1
MSRB3	SYDE2
MSRB3	COL8A1
AC025419.1	FOXP4-AS1
AC025419.1	AC004160.2
AC078927.1	AC025287.3
GRIP1	FAT3
GRIP1	BICC1
GRIP1	RBFOX1
IFNG-AS1	AC025171.4
IFNG-AS1	AL078590.2
IFNG-AS1	C17orf51
BEST3	VRK2
BEST3	AC018616.1
BEST3	PDE1B
BEST3	CABP1
BEST3	AP005203.1
RAB3IP	AC098829.1
RAB3IP	CAMK2D
RAB3IP	FEM1C
RAB3IP	ARSE
RAB3IP	MAOB
RAB3IP	AC087623.4
RAB3IP	GAS2L3
RAB3IP	AC092123.1
MYRFL	AC025263.2
KCNMB4	ARSF
KCNMB4	MYRF
KCNMB4	RYR3
PTPRB	FAM83E
TRHDE	KCNJ3
TRHDE	PCLO
ATXN7L3B	KIAA1191
KCNC2	LINC02296
AC091534.1	BTNL2
PHLDA1	WDR5B
PHLDA1	C5orf24
PHLDA1	KLHL9
PHLDA1	ABHD4
PHLDA1	MEX3C
E2F7	AL139352.1
AC073571.1	OIP5
AC073571.1	AL035563.1
AC128707.1	AC026786.1
SYT1	GABRD
SYT1	PINK1
SYT1	HPCAL4
SYT1	RIMS3
SYT1	OLFM3
SYT1	MFSD4A
SYT1	CREG2
SYT1	EPHA4
SYT1	NGEF
SYT1	PLK2
SYT1	ENC1
SYT1	CAMK2A
SYT1	GABRB2
SYT1	GABRG2
SYT1	PACSIN1
SYT1	CLEC2L
SYT1	NECAB1
SYT1	PDP1
SYT1	MAL2
SYT1	ELAVL2
SYT1	GDA
SYT1	DIRAS2
SYT1	SYT7
SYT1	C11orf87
SYT1	SCN3B
SYT1	GAD2
SYT1	ANXA11
SYT1	TESPA1
SYT1	DCLK1
SYT1	HTR2A
SYT1	SV2B
SYT1	NPTX1
SYT1	CELF4
SYT1	SYT4
SYT1	SLC12A5
SYT1	SLC17A7
SYT1	PRKCG
SYT1	RFPL1S
SYT1	SULT4A1
PPFIA2-AS1	DLEU7-AS1
AC069228.1	C2orf80
AC069228.1	NBAT1
CCDC59	MAIP1
CCDC59	RPL37A
CCDC59	TULP3
AC089998.4	FABP3
AC089998.4	AL606760.1
AC089998.4	HRNR
AC089998.4	ACKR1
AC089998.4	AC022384.1
AC089998.4	MAGI1-AS1
AC089998.4	LINC02014
AC089998.4	PEX5L-AS1
AC089998.4	AC079921.1
AC089998.4	AC002383.1
AC089998.4	FZD1
AC089998.4	FAM239A
AC089998.4	AP006545.2
AC089998.4	YTHDF3-AS1
AC089998.4	AC084346.1
AC089998.4	ALX4
AC089998.4	SHANK2-AS1
AC089998.4	PARD3-AS1
AC089998.4	AC025031.1
AC089998.4	AMIGO2
AC089998.4	AC125603.2
AC089998.4	GJB6
AC089998.4	AL161421.1
AC089998.4	SAMD15
AC089998.4	AC026495.1
AC089998.4	AC007610.2
AC089998.4	AC138304.1
AC089998.4	AC002546.1
AC089998.4	LINC01887
AC089998.4	AC015967.1
AC089998.4	HMSD
AC089998.4	DPP9-AS1
AC089998.4	AC114271.1
AC089998.4	PVALB
AC089998.4	CHKB-DT
LRRIQ1	SPATC1
MGAT4C	FSTL5
MGAT4C	LINC02217
MGAT4C	PLCXD3
MGAT4C	GRM1
MGAT4C	SKAP2
MGAT4C	LINC02055
MGAT4C	DAPK1
MGAT4C	MGAT5B
AC024941.2	AL137230.1
DCN	AC013652.1
BTG1	SSTR1
SOCS2	AL021707.2
AC012085.2	FAM218A
CEP83-DT	CYP2D6
NDUFA12	AL163051.1
AC007656.1	AC073133.2
SLC25A3	IER2
AC069437.1	RBM43
AC069437.1	AC010127.1
AC069437.1	ENTPD3
AC069437.1	FILIP1L
AC069437.1	CKMT2
AC069437.1	PRSS51
AC069437.1	CC2D2B
AC069437.1	ABHD15-AS1
AC069437.1	AP001172.1
LINC02456	AC073941.1
LINC02456	AC008758.4
LINC02456	GUCD1
PAH	AC009403.1
ASCL1	LITAF
ASCL1	ZMAT5
HSP90B1	LINC00299
HSP90B1	ADHFE1
AC016257.1	AC073335.2
TCP11L2	AC002451.1
RFX4	RGMA
AC007541.1	AC078909.1
AC078929.1	ZC3H12D
AC078929.1	AC079907.1
ISCU	SPAG8
ISCU	MZT1
SELPLG	AL355073.2
ALKBH2	EIF2B2
ACACB	NME9
ACACB	LINC01948
ACACB	HMGN5
MMAB	MVK
SH2B3	RFT1
ALDH2	GPATCH11
ALDH2	KIRREL3
MAPKAPK5-AS1	ZBTB48
MAPKAPK5-AS1	CMTR2
MAPKAPK5-AS1	ZNF426
RPL6	GALE
RPL6	TMEM185B
RPL6	UTP3
RPL6	HCG25
RPL6	BUD31
RPL6	AC012213.1
RASAL1	RHCE
AC089999.1	AL137856.1
AC089999.1	AL121658.1
AC089999.1	PDE11A
AC089999.1	IDH1-AS1
AC089999.1	AC068620.1
AC089999.1	C6orf201
AC089999.1	AL672277.1
AC089999.1	NOX1
AC089999.1	AP001267.2
AC089999.1	CYBA
AC089999.1	AC025627.1
AC089999.1	LSR
AC089999.1	CCDC114
AC089999.1	IL10RB-DT
AC089999.1	LINC01678
SLC8B1	AL122019.1
SLC8B1	LINC01098
SLC8B1	SAMD3
SLC8B1	AL512625.1
SLC8B1	SLC22A6
SLC8B1	NCAPD3
SLC8B1	ADAMTS20
SLC8B1	TIPIN
SLC8B1	MIS18A
SDS	TIMELESS
SDS	AL162511.1
SDS	AC133065.1
SDS	AL354993.2
AC026765.2	AC073842.1
AC125603.2	FILNC1
AC125603.2	AC116003.1
AC127164.1	USP46-AS1
TESC-AS1	C22orf23
PEBP1	STMN1
PEBP1	PGAM1
PEBP1	PRDX3
PEBP1	TUBB4A
PEBP1	CDKN2D
PEBP1	ATP6V1E1
LINC00934	ALG14
LINC00934	AC093899.2
LINC00934	AC025244.1
LINC00934	AL109933.1
LINC00934	AC025164.1
LINC00934	AC092375.2
LINC00934	CBFA2T3
BICDL1	SLC25A25
RPLP0	RBM8A
RPLP0	PPFIA4
RPLP0	SLC30A1
RPLP0	AC024060.1
RPLP0	EIF4EBP1
RPLP0	CDK4
RPLP0	OXA1L
RPLP0	ERG28
RPLP0	NUTF2
RPLP0	COASY
RPLP0	TCEA2
RPLP0	KXD1
DYNLL1	UCHL1
DYNLL1	EDNRA
DYNLL1	MRPL18
DYNLL1	GPR22
DYNLL1	GGH
DYNLL1	DERA
DYNLL1	TSR3
DYNLL1	HERPUD1
DYNLL1	ZNF830
DYNLL1	MKKS
DYNLL1	SIRT6
DYNLL1	CALR
DYNLL1	DEDD2
DYNLL1	TFIP11
DYNLL1	ATP5PF
CABP1	MRAP2
OASL	TNFRSF1B
OASL	LINC01677
OASL	AC068547.1
OASL	AC107029.1
OASL	CD200R1
OASL	SMCO1
OASL	ARSJ
OASL	AC005070.3
OASL	SPX
OASL	FOXJ1
OASL	ADM5
CAMKK2	PANX1
RHOF	SRCAP
CLIP1-AS1	AL591848.4
CLIP1-AS1	AC144652.1
PITPNM2	PIEZO1
ATP6V0A2	ZNF578
NCOR2	SPSB1
NCOR2	GPR161
NCOR2	LOXL3
NCOR2	SPSB4
NCOR2	AKNA
NCOR2	VAV2
NCOR2	CHD4
NCOR2	BEGAIN
NCOR2	CSNK1G2
AC073592.1	AC068286.1
UBC	PMVK
UBC	PTMS
UBC	UBB
UBC	EIF1
TMEM132B	NPHP4
TMEM132B	CCDC28B
TMEM132B	CR1
TMEM132B	TPRKB
TMEM132B	AC009237.14
TMEM132B	TNS1
TMEM132B	INKA1
TMEM132B	AC135507.1
TMEM132B	ZNF141
TMEM132B	SRD5A1
TMEM132B	GDNF-AS1
TMEM132B	NLN
TMEM132B	DND1
TMEM132B	SLC36A1
TMEM132B	RNF182
TMEM132B	AL356277.3
TMEM132B	CDCA7L
TMEM132B	MCM7
TMEM132B	SSPO
TMEM132B	WWC3
TMEM132B	FOXO4
TMEM132B	LINC01109
TMEM132B	CDKN2B-AS1
TMEM132B	WDR34
TMEM132B	DGKZ
TMEM132B	LINC02550
TMEM132B	LINC01515
TMEM132B	LINC00858
TMEM132B	HIF1AN
TMEM132B	ADAM12
TMEM132B	AAAS
TMEM132B	TCTN2
TMEM132B	CDCA4
TMEM132B	ANXA2
TMEM132B	BTBD1
TMEM132B	NR2F2-AS1
TMEM132B	AL022341.2
TMEM132B	PMM2
TMEM132B	HIRIP3
TMEM132B	CRNDE
TMEM132B	AC012184.1
TMEM132B	IL34
TMEM132B	AC040169.1
TMEM132B	AMZ2
TMEM132B	RNF157
TMEM132B	SOCS3
TMEM132B	TBC1D16
TMEM132B	AP005433.1
TMEM132B	L3MBTL4
TMEM132B	AC021504.1
TMEM132B	C18orf54
TMEM132B	PREX1
TMEM132B	C19orf24
TMEM132B	LMNB2
TMEM132B	MFSD12
TMEM132B	FP565260.6
TMEM132B	AP000253.1
TMEM132B	ADARB1
LINC00944	MAB21L3
LINC00944	KLF11
LINC00944	LINC01374
LINC00507	SLC38A11
LINC00507	FAM153C
FZD10	ITM2A
RAN	COMMD8
RAN	MAD2L1BP
RAN	TMEM109
RAN	GOLGA8N
MMP17	FAAP100
AC131009.2	POLE
AC131009.1	AC010145.1
AC131009.1	AC092611.2
AC131009.1	AC113423.2
AC131009.1	AC008083.1
FBRSL1	AC073610.3
FBRSL1	HSD17B14
GJB6	SLC14A1
AL161772.1	AL139393.2
MRPL57	TXNDC9
MRPL57	TACO1
SGCG	ZNF746
LINC00327	AL357054.2
AMER2	ZNF786
AMER2	AAGAB
AMER2	NR1D1
LINC00463	PPP2R5D
LINC00463	SPACA6P-AS
AL138966.2	AC012368.1
AL138966.2	CPOX
AL160035.1	AC104667.2
AL160035.1	HYAL3
AL160035.1	CFAP99
AL160035.1	AC106052.1
AL160035.1	AL023584.2
AL160035.1	AC083805.1
AL160035.1	KCNH4
AL160035.1	AL008718.2
USP12-AS1	AC010978.1
RPL21	RPF1
RPL21	ELOC
RPL21	ZNF34
RPL21	AC007513.1
RPL21	ZNF594
RPL21	SUMO2
AL136439.1	SOD2
POMP	GABRG1
UBE2L5	AC079848.1
UBE2L5	LINC01337
UBE2L5	AC060834.2
UBE2L5	GEMIN8
UBE2L5	JRK
UBE2L5	EARS2
ALOX5AP	RREB1
ALOX5AP	CCDC183
ALOX5AP	UTP18
ALOX5AP	ZNF28
ALOX5AP	TMEM191C
HSPH1	HSPD1
HSPH1	HSPA4L
HSPH1	P4HA2
HSPH1	HSPA4
HSPH1	NKRF
HSPH1	SPINDOC
HSPH1	STIP1
HSPH1	CHORDC1
HSPH1	RAB39A
HSPH1	P4HA1
HSPH1	MGME1
HSPH1	CCDC117
STARD13	AL139383.1
LINC00457	PTPN6
DCLK1	HOOK1
DCLK1	EPHX4
DCLK1	FOXP2
DCLK1	SLC17A7
CCNA1	AL024498.1
CCNA1	CCR6
POSTN	AC013403.2
POSTN	AL162274.1
POSTN	AC106820.3
FREM2	RHOJ
SLC25A15	TBCCD1
RGCC	IGFBP5
RGCC	ETF1
RGCC	ADAM19
RGCC	MTHFD1L
RGCC	LINC01546
RGCC	AKR1C3
RGCC	SGMS1-AS1
RGCC	PPRC1
RGCC	OMG
EPSTI1	IFIH1
EPSTI1	SP100
EPSTI1	MX1
AL359706.1	MTCP1
AL359706.1	CCDC196
AL359706.1	ATAD5
AL359706.1	SYCE2
TPT1	AC091946.1
TPT1	ZFAND2A
TPT1	ACAD8
TPT1	AC073389.2
CPB2	AL591686.2
AL138686.1	TCN2
SUCLA2-AS1	RAD54L
SUCLA2-AS1	LPP-AS2
ITM2B	PPT1
ITM2B	AL050341.2
ITM2B	DEGS1
ITM2B	LAPTM4A
ITM2B	UNC50
ITM2B	NDUFB4
ITM2B	BLOC1S4
ITM2B	SELENOP
ITM2B	TSPAN7
ITM2B	MAGEH1
ITM2B	TCEAL1
ITM2B	SARAF
ITM2B	C8orf59
ITM2B	TMEM199
ITM2B	AC068675.1
ITM2B	AC020910.4
ITM2B	EMC10
AL161421.1	AL391988.1
KCNRG	GACAT2
KCNRG	HIPK4
AL162377.3	GPD1L
AL162377.3	SLC25A48
AL359513.1	PKN2-AS1
SUGT1	LRRC39
SUGT1	STK32A-AS1
SUGT1	PCYOX1L
SUGT1	CLDN15
SUGT1	ST7-AS1
SUGT1	AL355773.1
AL390964.1	TIGIT
AL390964.1	LINC02335
DIAPH3-AS1	SLC50A1
DIAPH3-AS1	TEX52
PCDH9-AS1	CCDC71
PCDH9-AS2	SYNC
PCDH9-AS2	AL031985.4
PCDH9-AS2	AC093019.2
PCDH9-AS2	NUP210L
PCDH9-AS2	AL596218.1
PCDH9-AS2	AL513283.1
PCDH9-AS2	RMDN2-AS1
PCDH9-AS2	CHAC2
PCDH9-AS2	EVA1A
PCDH9-AS2	AC079790.1
PCDH9-AS2	C2orf88
PCDH9-AS2	AC019130.1
PCDH9-AS2	CACNA2D3-AS1
PCDH9-AS2	IGSF10
PCDH9-AS2	LXN
PCDH9-AS2	KNG1
PCDH9-AS2	SORCS2
PCDH9-AS2	WDFY3-AS1
PCDH9-AS2	AC104827.1
PCDH9-AS2	PDE5A
PCDH9-AS2	AC012636.1
PCDH9-AS2	NREP-AS1
PCDH9-AS2	AC018752.1
PCDH9-AS2	AC112196.1
PCDH9-AS2	SPINK5
PCDH9-AS2	FAM217A
PCDH9-AS2	AL591242.1
PCDH9-AS2	AL033384.2
PCDH9-AS2	AC006355.2
PCDH9-AS2	AC087071.2
PCDH9-AS2	LINC00513
PCDH9-AS2	AC025871.1
PCDH9-AS2	AC068389.4
PCDH9-AS2	AC022973.3
PCDH9-AS2	NELFB
PCDH9-AS2	AP001825.1
PCDH9-AS2	AP001831.1
PCDH9-AS2	CELF2-AS2
PCDH9-AS2	PDE6C
PCDH9-AS2	AL158166.2
PCDH9-AS2	MGST1
PCDH9-AS2	FAM186A
PCDH9-AS2	STAB2
PCDH9-AS2	TTC6
PCDH9-AS2	AL591767.1
PCDH9-AS2	AL139021.2
PCDH9-AS2	AL049869.3
PCDH9-AS2	SLC10A1
PCDH9-AS2	AC008056.1
PCDH9-AS2	TSHR
PCDH9-AS2	AC021351.1
PCDH9-AS2	AC090971.2
PCDH9-AS2	AC023906.3
PCDH9-AS2	MAN2C1
PCDH9-AS2	AC087286.2
PCDH9-AS2	TOM1L1
PCDH9-AS2	AC005837.2
PCDH9-AS2	TCF4-AS2
PCDH9-AS2	ATP8B1
PCDH9-AS2	ANKEF1
PCDH9-AS2	STK11
PCDH9-AS2	AC007192.2
PCDH9-AS2	CRLF1
PCDH9-AS2	AC002116.2
PCDH9-AS2	GRIK5
PCDH9-AS2	ZNF404
PCDH9-AS2	NOVA2
PCDH9-AS2	AC008735.2
PCDH9-AS2	MIR155HG
PCDH9-AS4	ADARB2-AS1
PCDH9-AS4	MEG3
KLHL1	ATXN8OS
LINC01068	AC073612.1
LINC01068	LLGL2
SLITRK1	MAT2B
GPC5-AS1	AC011363.1
GPC5-AS1	ACBD7
GPC5-AS1	AC015908.3
GPC6	AC012593.1
GPC6	AC009495.1
GPC6	ZNF385D
GPC6	LRRC3B
GPC6	PEX5L
GPC6	P3H2
GPC6	SLC4A4
GPC6	UTRN
GPC6	OSBPL3
GPC6	SGCZ
GPC6	LMO1
GPC6	NELL1
GPC6	PLXDC2
GPC6	LATS2
GPC6	GPC5
GPC6	NDE1
GPC6	EYA2
GPC6-AS1	AC009951.2
SOX21	SPRY2
CLDN10-AS1	MAB21L3
CLDN10-AS1	C1orf189
CLDN10-AS1	MDFIC2
CLDN10-AS1	LINC01324
CLDN10-AS1	AC092681.3
CLDN10-AS1	RMRP
CLDN10-AS1	AL512634.1
AL356580.1	METTL1
AL356580.1	TC2N
AL356580.1	AC023906.5
AL356580.1	AC110285.5
AL356580.1	KCNJ14
DOCK9	TMEM63A
DOCK9	AC007563.2
DOCK9	MLF1
DOCK9	AC105383.1
DOCK9	AC091932.1
DOCK9	VIPR2
DOCK9	AP1S2
DOCK9	REPS2
DOCK9	IRAK1
DOCK9	RSPO2
DOCK9	FAM27C
DOCK9	RIN1
DOCK9	PWWP2B
DOCK9	AC010175.1
DOCK9	AC068643.1
DOCK9	TBC1D4
DOCK9	TP53
DOCK9	PCSK2
DOCK9	KIAA1755
DOCK9	NECTIN2
DOCK9	YPEL1
DOCK9-AS1	AC004054.1
DOCK9-AS1	AP000844.1
DOCK9-DT	DACT2
DOCK9-DT	SOSTDC1
DOCK9-DT	AC008080.3
MYO16	SYT6
COL4A1	COL4A2
ATP11AUN	TM4SF20
ATP11AUN	UBE2L5
ATP11AUN	KNOP1
ATP11A	AC046168.2
F10	AL121972.1
GRTP1-AS1	C1QTNF12
GRTP1-AS1	AL589990.1
GRTP1-AS1	AC016700.3
GRTP1-AS1	LINC00691
GRTP1-AS1	AGGF1
GRTP1-AS1	AC005486.1
GRTP1-AS1	AC021736.1
GRTP1-AS1	ROBO4
GRTP1-AS1	AC009318.2
GRTP1-AS1	AC079949.2
GRTP1-AS1	LINC00235
GRTP1-AS1	AC007192.1
GAS6-AS1	ARL5B
CR383656.10	AC073283.3
CR383656.10	AC079594.2
CR383656.10	PNLDC1
CR383656.10	MROH6
CR383656.10	FBXL19-AS1
CR383656.10	AC100786.1
CR383656.10	AL035252.3
CR383656.10	AC007292.3
CR383656.10	LINC02556
AL355075.4	AC021739.3
APEX1	FARSA
APEX1	ZNF584
RNASE1	GPR37
DAD1	AP000350.5
PRMT5-AS1	AL354794.1
HAUS4	RRNAD1
HAUS4	AL049779.1
AL132780.2	CTC1
PSMB5	FLYWCH2
C14orf119	MRPS15
C14orf119	BOLA3-AS1
RNF212B	KIAA1257
BCL2L2-PABPN1	ZKSCAN8
SLC22A17	YIPF5
SLC22A17	GPR137
SLC22A17	KBTBD7
SLC22A17	RHBDL1
SLC22A17	RNF167
SLC22A17	GRN
SLC22A17	PIGT
SLC22A17	FCGRT
SLC22A17	PRDM15
EFS	MBD6
CMTM5	SPNS1
MYH7	PLA2G12A
MYH7	SLC43A3
AP1G2	FGF17
LINC00596	ALB
LINC00596	AC012254.1
PCK2	MAFK
PSME1	CNIH4
LINC02293	KCTD2
LINC02293	IL27RA
LINC02293	ZNF528
AL110292.1	GSTM2
AL110292.1	ERGIC3
AL110292.1	PNKP
LINC02281	GSG1
LINC02281	AC010333.2
AL138974.1	AL357793.1
AL138974.1	AC016722.3
AL138974.1	SNRK-AS1
AL138974.1	LINC02262
AL138974.1	MAL2-AS1
AL133372.2	AL132780.2
AL121852.1	MDS2
AL121852.1	AP002490.1
AL139353.1	WASHC2A
LINC02313	AC008080.3
AL136298.1	ZKSCAN4
NFKBIA	FMO5
NFKBIA	TSC22D4
NFKBIA	CCNQ
NFKBIA	LPL
NFKBIA	SLA
NFKBIA	GPIHBP1
NFKBIA	ZFAND5
NFKBIA	GABBR2
NFKBIA	DDIT4
NFKBIA	SLC6A12
NFKBIA	ARNTL2
NFKBIA	CAMKK2
NFKBIA	RASD1
NFKBIA	AC137723.1
NFKBIA	EMILIN3
NFKBIA	PLEKHF1
SFTA3	AL121574.1
SFTA3	ZNF572
TTC6	COL6A6
TTC6	LIPH
AL392023.2	RIT1
AL392023.2	AL031316.1
AL392023.2	LINC01844
AL392023.2	ZBED5-AS1
AL392023.2	AL359233.1
AL392023.2	CLEC14A
AL392023.1	AL360227.1
AL392023.1	AC010998.2
LINC00639	AP4B1
LINC00639	LINC01102
LINC00639	AC021086.1
LINC00639	CA8
LINC00639	PTPRO
LINC00639	AP001025.1
LINC00639	AC008991.1
LINC00639	IGFL4
AL132639.2	TMEM216
LINC02277	LINC02307
LINC02277	LINC02302
RPL36AL	NOC2L
RPL36AL	SVBP
RPL36AL	AL138831.1
RPL36AL	AL024508.2
RPL36AL	GGCT
RPL36AL	MAGEE1
RPL36AL	TCEAL6
RPL36AL	BEX1
RPL36AL	MRPL17
RPL36AL	ZRANB1
RPL36AL	BCL2L2-PABPN1
RPL36AL	NPIPB5
RPL36AL	MRM3
RPL36AL	EIF2S2
RPL36AL	RPL18A
RPL36AL	ETS2
AL139099.1	AL359853.2
AL591767.1	AC108472.1
LINC01588	CASS4
AL118556.1	ASH1L-AS1
AL358334.1	GSDMD
LINC00519	FAM3D-AS1
SAMD4A	CNN3
SAMD4A	ST6GAL1
SAMD4A	IL1RAP
SAMD4A	L3MBTL3
SAMD4A	TMEM164
SAMD4A	CAPN5
SAMD4A	IGSF9B
SAMD4A	NOS1
SAMD4A	RASA3
SAMD4A	TVP23A
SAMD4A	PITPNC1
SAMD4A	COQ8B
DLGAP5	HIST2H2AC
DLGAP5	LINC00471
DLGAP5	TMEM156
DLGAP5	MBOAT1
DLGAP5	AL353616.2
DLGAP5	CKS2
DLGAP5	CDCA5
DLGAP5	NDUFA4L2
DLGAP5	ALOX5AP
DLGAP5	AC116903.2
DLGAP5	AC007347.1
DLGAP5	AC020908.1
AL355073.1	TUBA3D
AL355073.1	AP003390.2
AL355073.1	AC007450.1
AL355073.1	EHD4-AS1
AL355073.1	AC010336.3
AL355073.1	RGL4
AL161757.5	AL358334.1
AL161757.4	ZBTB2
AL161757.4	MAP3K12
AL161757.4	JAG2
AL161757.4	AC104574.2
GPR135	AC021097.1
DHRS7	DNAAF2
AL359220.1	SRD5A2
AL359220.1	AC016747.2
AL359220.1	ABCC5-AS1
AL359220.1	ARHGEF5
AL359220.1	AP001922.5
AL359220.1	AC022400.2
AL359220.1	AL158063.1
AL359220.1	ZBTB46-AS1
AL359220.1	PLK5
AL359220.1	AC016027.1
AL359220.1	MAFIP
HIF1A-AS2	TMSB15B-1
HIF1A-AS2	ZNF790
KCNH5	TLL1
RHOJ	RMDN2
RHOJ	LINC02198
AL136038.3	HSPB9
SYNE2	DACH2
ESR2	GSDME
AL161756.3	AL133255.1
AL049869.3	AC093835.1
CHURC1-FNTB	METTL22
GPX2	GSN-AS1
GPX2	LINC01498
PLEKHH1	NOL9
PLEKHH1	LRP8
PLEKHH1	DCAF1
PLEKHH1	BDH1
PLEKHH1	UVSSA
PLEKHH1	KLHL2
PLEKHH1	HMGXB3
PLEKHH1	ZNF783
PLEKHH1	NOM1
PLEKHH1	TMEM268
PLEKHH1	AC092111.1
PLEKHH1	AL358335.2
PLEKHH1	CARHSP1
PLEKHH1	TADA2A
PLEKHH1	ZSCAN30
PLEKHH1	DGCR8
AL049779.1	TMEM88
ZFP36L1	PPP1R18
ZFP36L1	LITAF
ZFP36L1	PRR36
ERH	HSPA13
PLEKHD1	AC100793.4
SUSD6	FAM89A
SUSD6	DTNBP1
SMOC1	AL355306.2
SMOC1	NRP2
SMOC1	LGI2
SMOC1	TNS3
SMOC1	RASSF4
SMOC1	GPR12
SMOC1	AL162377.3
SMOC1	COLEC12
SMOC1	APCDD1
SMOC1	HIF3A
SMOC1	ADAMTS1
SLC8A3	LTBP1
SLC8A3	RAB40A
SLC8A3	DKC1
SLC8A3	SCARB1
SLC8A3	MIR9-3HG
SLC8A3	RNF165
SLC8A3	SHLD1
SLC8A3	DPP9
SLC8A3	GRAMD4
RGS6	AUNIP
RGS6	SLFNL1
RGS6	AL445426.1
RGS6	ADSS
RGS6	ATP6V1C2
RGS6	SOCS5
RGS6	AC016716.2
RGS6	USP39
RGS6	ACOXL
RGS6	CDK15
RGS6	KIAA2012
RGS6	GRM7-AS1
RGS6	LMOD3
RGS6	LSAMP-AS1
RGS6	LINC00616
RGS6	GABRR1
RGS6	SYTL3
RGS6	SPDYE16
RGS6	GIGYF1
RGS6	ZAN
RGS6	IL1RAPL2
RGS6	C8orf34
RGS6	PHRF1
RGS6	BCL9L
RGS6	AC007529.2
RGS6	LRMP
RGS6	AC025265.2
RGS6	ABHD12B
RGS6	CCDC88C
RGS6	AC020661.3
RGS6	AC018845.1
RGS6	AC007493.1
RGS6	SMCR5
RGS6	AC005726.5
RGS6	EPX
RGS6	ZNF831
RGS6	SLC25A42
RGS6	AD000090.1
RGS6	ZNF260
RGS6	AC011466.3
RGS6	LINC01692
VRTN	EMP3
ISCA2	AL031963.3
PROX2	USP12-AS1
RPS6KL1	INKA2
RPS6KL1	CYBRD1
RPS6KL1	RMND5B
FOS	ATP1B2
JDP2	CNTNAP3
BATF	LINC00498
BATF	AL031775.1
BATF	ASS1
BATF	AL133372.2
BATF	PIWIL3
AC008050.1	JPH3
AC007376.2	ABLIM2
AC007376.2	AC008050.1
VASH1	KIF7
LINC01629	AL080251.1
LINC01629	NTRK1
LINC01629	AL390957.1
LINC01629	FAM72A
LINC01629	CAPN8
LINC01629	AC092650.1
LINC01629	THAP4
LINC01629	AC117402.1
LINC01629	AC093725.2
LINC01629	AC010425.1
LINC01629	AC025437.4
LINC01629	AL513548.3
LINC01629	SPDEF
LINC01629	TCP11
LINC01629	CACNA1F
LINC01629	ALX4
LINC01629	AC012560.1
LINC01629	C12orf50
LINC01629	AC060814.3
LINC01629	C17orf99
LINC01629	LINC01905
LINC01629	LINC00904
LINC02288	AL031289.1
LINC02288	AC097461.1
LINC02288	KCNN1
LINC02288	ZNF550
AHSA1	GPR89B
AHSA1	CCNA2
AHSA1	TCP1
ISM2	AC116913.1
ISM2	DUSP15
TSHR	HIGD1C
AC007262.2	AC125618.1
AC007262.2	ZCCHC10
AC007262.2	BVES-AS1
AC007262.2	AL589843.1
AC007262.2	ITGB1-DT
AC007262.2	AFAP1L2
AC007262.2	FBXO15
AL355838.1	AC099508.2
AL049775.2	BFSP2-AS1
AL049775.2	DIMT1
AL049775.2	ACSM1
AL049775.2	AC092378.2
AL049775.2	AC134312.4
AL049775.2	AC104985.2
LINC02328	LINC01748
LINC02328	AC099792.1
LINC02328	PDK1
LINC02328	MAATS1
LINC02328	GPC6
KCNK10	JPH1
AL357093.2	DCDC2B
AL356805.1	AC103706.1
AL512791.1	AARD
AL512791.1	ASAH2B
CHGA	C1QTNF4
CHGA	ITPKA
CHGA	SULT4A1
IFI27L2	AC097532.2
TCL1B	ANKRD45
TCL1B	LINC01793
TCL1B	IGSF23
PAPOLA	EXO5
PAPOLA	CC2D1B
PAPOLA	AC019186.1
PAPOLA	GTF3C3
PAPOLA	PPIL3
PAPOLA	MDH1B
PAPOLA	MYLK-AS1
PAPOLA	GNPDA2
PAPOLA	PHF10
PAPOLA	AKAP17A
PAPOLA	GCNA
PAPOLA	Z68871.1
PAPOLA	MORC4
PAPOLA	SLC31A1
PAPOLA	NALT1
PAPOLA	NANOG
PAPOLA	PARPBP
PAPOLA	TMEM179
PAPOLA	CKMT1B
PAPOLA	ZWILCH
PAPOLA	NMRAL1
PAPOLA	PLCG2
PAPOLA	AC003102.1
PAPOLA	C17orf67
PAPOLA	DSN1
PAPOLA	ZNF714
PAPOLA	MRPS6
PAPOLA	AP000696.1
LINC02291	SMIM12
LINC02291	VCPIP1
LINC01550	AL357055.3
LINC01550	TTYH3
SETD3	GIN1
AL157871.1	HSPG2
AL359682.1	AL590399.1
LINC02320	TMEM53
LINC02320	SLC22A2
AL118558.4	MID1IP1-AS1
HSP90AA1	C1orf185
HSP90AA1	ANKRD37
HSP90AA1	HSP90AB1
HSP90AA1	FBXL18
HSP90AA1	LINC01285
HSP90AA1	DNAJA1
HSP90AA1	CRYAB
HSP90AA1	CCDC84
HSP90AA1	MRPS16
HSP90AA1	MFGE8
HSP90AA1	AC009119.2
AL138976.2	SYAP1
EIF5	SIRT7
CKB	ACAA1
CKB	HAVCR2
CKB	ATP6AP1
CKB	B4GAT1
CKB	AQP5
CKB	ATP5F1B
CKB	PRMT1
AL590079.1	AC013470.2
AL590079.1	AC002456.1
AL590079.1	GLRA2
AL590079.1	BAAT
AL590079.1	TCAP
AL590079.1	LINC01224
TMEM179	TRNP1
INF2	GPSM1
ZBTB42	CCNJL
LINC00638	AC022384.1
AC087386.1	AC245060.5
NIPA2	LRRK1
NDN	AKR7A2
AC124312.2	KCNJ13
AC124312.2	AC012613.1
LINC02250	CAHM
LINC02346	SINHCAF
OCA2	AC005786.3
AC127522.1	TMEM61
AC127522.1	ARRDC3-AS1
AC127522.1	AL355607.1
AC127522.1	AC068305.2
ARHGAP11A	CLTRN
GREM1	ZNF620
GREM1	EIF5AL1
RYR3	RUNX1
EMC4	POLR3K
NOP10	CDKN2C
NOP10	SERAC1
AC021231.1	HHAT
AC021231.1	AC008014.1
DPH6	AC025465.1
DPH6	GAGE10
DPH6	STK33
DPH6	CSRP2
DPH6	PAH
DPH6	AC021231.1
DPH6	ZNF682
DPH6	NR1H2
DPH6-DT	AC119674.2
DPH6-DT	LINC01135
DPH6-DT	PSMA5
DPH6-DT	LINC01344
DPH6-DT	PLGLB1
DPH6-DT	CFAP221
DPH6-DT	AC108062.1
DPH6-DT	TTC29
DPH6-DT	AC105285.1
DPH6-DT	AC008591.1
DPH6-DT	AL136164.2
DPH6-DT	ZNF117
DPH6-DT	ASMTL
DPH6-DT	RAI2
DPH6-DT	AF121898.1
DPH6-DT	DCAF4L2
DPH6-DT	PYCR3
DPH6-DT	LINC01505
DPH6-DT	C9orf50
DPH6-DT	MYO7A
DPH6-DT	ZEB1-AS1
DPH6-DT	TIMM23B
DPH6-DT	ZNF365
DPH6-DT	CYP2E1
DPH6-DT	PRH1
DPH6-DT	GLIPR1L2
DPH6-DT	INTS6-AS1
DPH6-DT	LIG4
DPH6-DT	LINC00517
DPH6-DT	AC007686.2
DPH6-DT	AC007262.2
DPH6-DT	SRP14-AS1
DPH6-DT	USP50
DPH6-DT	SYCE1L
DPH6-DT	COG1
DPH6-DT	METTL4
DPH6-DT	ZNF788P
DPH6-DT	AC004784.1
DPH6-DT	AC005498.3
DPH6-DT	AL022328.4
DPH6-DT	AF127577.4
DPH6-DT	LINC00310
SRP14	ATP6V0B
SRP14	PRDX1
SRP14	ATRAID
SRP14	CACNB4
SRP14	PSMD6
SRP14	BTF3
SRP14	YIPF3
SRP14	AC090152.1
SRP14	RCN1
SRP14	CCDC86
SRP14	LDHB
SRP14	PEBP1
SRP14	TRIAP1
SRP14	RTRAF
SRP14	SNHG10
SRP14	NOP10
SRP14	PSMB6
SRP14	AC127024.2
SRP14	MYL12B
SRP14	SNHG22
SRP14	ASNA1
SRP14	GADD45GIP1
SRP14	FAM32A
SRP14	SMDT1
CCDC32	AL080317.1
AC020661.3	HSPB11
AC020661.3	RGPD2
AC020661.3	PPP1R12C
EXD1	AL662907.3
EXD1	KIF2C
EXD1	AC124016.2
EXD1	FGF10
EXD1	CCHCR1
EXD1	DMRT1
EXD1	ACSL5
EXD1	TDRD9
EXD1	AC022613.1
EXD1	AC104035.1
EXD1	AC090241.3
EXD1	MIR548XHG
EHD4	SPTBN5
EHD4-AS1	ERICH3-AS1
EHD4-AS1	AC211476.2
EHD4-AS1	AL034399.2
EHD4-AS1	AC009884.1
EHD4-AS1	FGD6
EHD4-AS1	TCL1B
AC012651.1	LINC002481
CCNDBP1	ZNF461
SERF2	PSMB4
SERF2	DPM3
SERF2	ALDH9A1
SERF2	SHISA4
SERF2	OST4
SERF2	SMIM37
SERF2	SLC9A3
SERF2	SPARC
SERF2	PSMB1
SERF2	POLR2J
SERF2	AKR1B1
SERF2	HNRNPH2
SERF2	RTL8A
SERF2	BAD
SERF2	H2AFX
SERF2	PHB2
SERF2	SRSF9
SERF2	METTL26
SERF2	ANAPC11
SERF2	GPX4
SERF2	ATP5F1D
SERF2	ECH1
SERF2	DDT
AC025043.1	PTPN7
AC025043.1	DGUOK-AS1
AC025043.1	UPF3B
AC025043.1	TMEM74
AC025043.1	AL157938.3
AC025043.1	AP002812.2
AC025043.1	ELMSAN1
AC025043.1	LINC01152
AC025043.1	UPF1
AC025043.1	AC006504.2
AC025043.1	CERK
AC025043.1	FP236383.1
B2M	HLA-F
B2M	HLA-A
B2M	HLA-C
B2M	HLA-B
B2M	PSMB8
B2M	PSMB9
B2M	TAP1
B2M	IFITM3
DUOX1	FAT2
DUOX1	KCNC1
DUOX1	PAMR1
DUOX1	AP003071.2
DUOX1	DCAKD
DUOX1	ZNF350
AC073941.1	AC007879.1
AC073941.1	CERS3
AC084757.3	AC141930.1
EID1	FBXO2
EID1	TMEM229A
EID1	TMEM246
EID1	MED19
EID1	PGAM1
EID1	ATP2B1-AS1
EID1	BTBD6
EID1	CCNDBP1
EID1	PARD6A
EID1	CENPBD1
EID1	ZNHIT3
EID1	AC100793.2
EID1	ILF3-DT
SLC27A2	AC018742.1
SLC27A2	NME6
SLC27A2	C6
SLC27A2	CCNB1
SLC27A2	ST8SIA4
SLC27A2	KCP
SLC27A2	SVOPL
SLC27A2	AC245519.1
SLC27A2	AC136475.1
SLC27A2	ZNF511-PRAP1
SLC27A2	LOH12CR2
SLC27A2	RNF135
SLC27A2	MBD1
SLC27A2	CEBPB-AS1
SLC27A2	AL122058.1
SLC27A2	PCP4
AC022087.1	ZNF112
AC090970.2	GBP3
MYO5C	CRTC3-AS1
FAM214A	LRRC42
FAM214A	LBH
FAM214A	RMND5A
FAM214A	HERC3
FAM214A	FAM198B
FAM214A	SLC25A40
FAM214A	HBP1
FAM214A	C8orf89
FAM214A	AC124798.1
FAM214A	IKZF5
FAM214A	LMO3
FAM214A	SPATA2L
AC016044.1	ONECUT1
AC025272.1	RP2
AC025272.1	CPA6
PIGB	AL583808.2
PIGB	NSUN3
PIGB	AC067968.1
AC084782.1	AC087742.1
AC090518.1	ZNF300
AC010999.2	ENO1-AS1
CCNB2	CU638689.4
FOXB1	AC005759.1
FOXB1	IRF3
RORA-AS1	MTRF1L
AC012404.1	PDC
AC012404.1	SYT2
AC012404.1	SLC8A1-AS1
AC012404.1	AC009227.1
AC012404.1	SCRN3
AC012404.1	OSGEPL1
AC012404.1	AC026202.2
AC012404.1	CADM2-AS2
AC012404.1	P2RY14
AC012404.1	AC092574.2
AC012404.1	AC058822.1
AC012404.1	ARHGEF38
AC012404.1	PRSS48
AC012404.1	AC091885.2
AC012404.1	AC008937.2
AC012404.1	SEMA6A-AS1
AC012404.1	AC093535.1
AC012404.1	AC034228.3
AC012404.1	FGF1
AC012404.1	AL139095.4
AC012404.1	AL160262.1
AC012404.1	TCTE3
AC012404.1	AC087623.2
AC012404.1	AC027698.1
AC012404.1	COPS5
AC012404.1	AC117834.1
AC012404.1	LRP4-AS1
AC012404.1	AP002370.2
AC012404.1	AP000462.1
AC012404.1	AP003025.2
AC012404.1	AP003025.1
AC012404.1	AL353784.1
AC012404.1	AL359094.1
AC012404.1	AC005833.1
AC012404.1	AC008115.2
AC012404.1	AC034102.6
AC012404.1	AC020611.2
AC012404.1	AC069437.1
AC012404.1	CPB2
AC012404.1	PCDH9-AS2
AC012404.1	AL161751.1
AC012404.1	AL133453.1
AC012404.1	AC008731.1
AC012404.1	EPN2-AS1
AC012404.1	AC104984.3
AC012404.1	AC015923.1
AC012404.1	AQP4-AS1
AC012404.1	AC110597.3
AC012404.1	AC119868.2
AC012404.1	MACROD2-AS1
AC012404.1	KIZ-AS1
AC009554.1	GGCX
AC009554.1	ARHGAP31-AS1
AC009554.1	CTBP1-AS
AC009554.1	VCAN-AS1
AC009554.1	AL022069.1
AC009554.1	SMIM19
AC009554.1	AC026894.1
AC009554.1	AC024145.1
AC009554.1	RNF157-AS1
RPS27L	TRIM67
RPS27L	BDH1
RPS27L	SLCO3A1
RPS27L	BBC3
AC073167.1	IL7
AC073167.1	RDH11
SNX22	SAPCD2
SNX22	AL136088.1
SNX22	RNF112
PPIB	POLE4
PPIB	RNF7
PPIB	TMEM44-AS1
PPIB	HMGN4
PPIB	FAM85B
PPIB	CTSL
PPIB	AC099850.1
PPIB	MYL12A
RBPMS2	AC093297.2
RBPMS2	KNTC1
RBPMS2	FBXO39
AC069368.1	IQGAP1
ANKDD1A	AC069368.1
AC103691.1	LRRC46
AC103691.1	ZSWIM1
AC103691.1	HORMAD2-AS1
RAB11A	MIB2
RAB11A	GABPB2
RAB11A	CKS1B
RAB11A	Z99758.1
RAB11A	AC018682.1
RAB11A	KCNK12
RAB11A	AC018878.1
RAB11A	AC017002.5
RAB11A	MAP3K20-AS1
RAB11A	AC007383.3
RAB11A	AC009950.1
RAB11A	ARF4
RAB11A	ADAMTS9-AS1
RAB11A	RUVBL1
RAB11A	AC104827.1
RAB11A	ANXA10
RAB11A	TTC23L
RAB11A	PKD2L2
RAB11A	AC022217.3
RAB11A	PHKG1
RAB11A	AC002463.1
RAB11A	PRKX-AS1
RAB11A	LRRCC1
RAB11A	HAS2-AS1
RAB11A	ZC3H3
RAB11A	AL354989.1
RAB11A	AC069287.3
RAB11A	ALKBH3
RAB11A	PC
RAB11A	REXO2
RAB11A	TMEM136
RAB11A	AL157395.1
RAB11A	CLEC12A
RAB11A	GPR19
RAB11A	AL139353.1
RAB11A	AC124312.2
RAB11A	LINC02345
RAB11A	AC022872.1
RAB11A	AC022523.1
RAB11A	DNAH3
RAB11A	AC009097.1
RAB11A	MLYCD
RAB11A	SNAI3
RAB11A	AC090617.4
RAB11A	MPRIP-AS1
RAB11A	TAC4
RAB11A	DDRGK1
RAB11A	GID8
RAB11A	ZBTB7A
RAB11A	ZNF302
RAB11A	AC008537.4
RAB11A	ZNF836
RAB11A	SERPIND1
RAB11A	ZNRF3-AS1
RAB11A	ENTHD1
RAB11A	SHANK3
TIPIN	C6orf203
RPL4	UTP11
LINC01169	TMEM254
LINC01169	LINC00637
AC087482.1	AL117336.1
SMAD3	MFSD2A
SMAD3	SLC35F3
SMAD3	MYT1L
SMAD3	GHR
SMAD3	TOX2
AC012568.1	CNTN4-AS2
AC012568.1	AC011363.1
AC012568.1	AC069133.1
AC012568.1	AC005845.1
AC012568.1	AL139317.1
AC012568.1	PAM16
AC012568.1	AC099518.1
AC012568.1	AL021393.1
PAQR5	WDR63
PAQR5	LINC01192
PAQR5	AC096711.3
PAQR5	LINC02208
PAQR5	HCG11
PAQR5	LINC01162
PAQR5	CASC9
PAQR5	CASC8
PAQR5	TRPM6
PAQR5	AC006305.1
PAQR5	CCBE1
PAQR5	ZNF343
KIF23	AC010531.6
KIF23	MCM8-AS1
RPLP1	PUSL1
RPLP1	MRPL24
RPLP1	IAH1
RPLP1	SNRPG
RPLP1	ATP5ME
RPLP1	AC024230.1
RPLP1	RPS23
RPLP1	NOP16
RPLP1	AC008443.5
RPLP1	OOEP
RPLP1	EEF1A1
RPLP1	NDUFA1
RPLP1	RPLP2
RPLP1	SVIP
RPLP1	RPS26
RPLP1	NACA
RPLP1	DHRS1
RPLP1	IFI27L2
RPLP1	DDX28
RPLP1	LINC00672
RPLP1	RPL19
RPLP1	NACA2
RPLP1	PSMC5
RPLP1	MMP24OS
RPLP1	RPS28
RPLP1	RPL18
RPLP1	GRK3
RPLP1	RPL3
AC027237.2	PDLIM7
AC027237.2	DDX54
AC027237.2	DDX19A
AC022872.1	AC105206.2
AC022872.1	AC004034.1
AC009690.2	DHODH
HEXA-AS1	AC091685.1
HEXA-AS1	AC245033.1
LINC02259	ATXN7L3
CD276	MICALL1
LINGO1	ST3GAL3
LINGO1	CRTC2
LINGO1	RASGEF1B
LINGO1	NRM
LINGO1	SLC26A3
LINGO1	FAM131B
LINGO1	AL807752.6
LINGO1	IFITM10
LINGO1	MED17
LINGO1	AP006565.1
ST20-AS1	AC112220.4
AC016705.1	AC009120.4
AC027808.1	ROCR
MESD	NUTM2A-AS1
CFAP161	AC005832.4
IL16	SV2C
IL16	TRAPPC5
TMC3	AC116096.1
TMC3	TMC3-AS1
AC060809.1	LINC01099
AC060809.1	WARS
GOLGA6L9	GOLGA6L10
RPS17	KRTCAP2
RPS17	C3orf33
RPS17	GAL3ST3
RPS17	SETDB2
RPS17	THOC6
RPS17	GABARAP
RPS17	C18orf32
AC245033.1	AC092718.8
BTBD1	ADA2
ALPK3	ZSCAN22
AC087286.2	AL591926.2
AC087286.2	AC012309.1
AGBL1	AC062021.1
AGBL1	LINC00609
HAPLN3	ETV3
HAPLN3	AC002064.1
HAPLN3	AC010325.1
AC013565.1	ATG16L1
MIR9-3HG	SFPQ
MIR9-3HG	RNF2
MIR9-3HG	KIF21B
MIR9-3HG	IBA57
MIR9-3HG	LINC01954
MIR9-3HG	MRPS30-DT
MIR9-3HG	VLDLR-AS1
MIR9-3HG	SEMA4D
MIR9-3HG	ALKBH8
MIR9-3HG	RIN3
MIR9-3HG	DIS3L
MIR9-3HG	LAMA3
MIR9-3HG	PMEPA1
MIR9-3HG	TXNRD2
MIR9-3HG	GRAP2
PLIN1	LINC01134
PLIN1	HTR3E-AS1
PLIN1	HIST1H4H
PLIN1	ZNF100
PLIN1	AP001596.1
MESP2	FPGT-TNNI3K
MESP2	VEGFC
MESP2	HP
ANPEP	AL139412.1
ANPEP	AC068759.1
ANPEP	AC026741.1
ANPEP	LINC00581
ANPEP	SEMA3C
ANPEP	SLC22A24
ANPEP	AC006064.1
ANPEP	AC087741.1
ANPEP	FAM83D
ANPEP	DDX27
ANPEP	AC010511.1
ANPEP	CAPN12
C15orf38-AP3S2	CMPK2
C15orf38-AP3S2	LINC01238-1
SEMA4B	AC073896.1
IQGAP1	DRD4
AC103739.2	BCDIN3D-AS1
PRC1	AC099568.2
PRC1	AC233266.2
SV2B	CAMK1G
SV2B	SYNGR3
AC091078.1	AC110023.1
AC110023.1	LINC01579
LINC02207	LINC01580
AC020704.1	ABCG4
AC020704.1	AC005288.1
LINC02253	PFKFB2
FAM169B	AC068389.3
FAM169B	AC103409.1
AC084855.2	MYO1F
AC027020.2	LINS1
CHSY1	RIPOR2
CHSY1	AC036108.3
WASIR2	AC009955.4
WASIR2	GAL3ST2
MPG	MRPL15
HBA2	AL445685.1
HBA2	HBB
MRPL28	PEX5
METTL26	REC8
METRN	HMX1
METRN	ABHD17A
SOX8	AL139158.2
SOX8	ZBTB18
SOX8	MYCN
SOX8	DUSP7
SOX8	DLL1
SOX8	PLXNA3
SOX8	EXOSC6
SOX8	FASN
SOX8	ZNF358
SOX8	CSNK1E
TSR3	RAE1
CRAMP1	ANAPC2
NME3	TOE1
NME3	PSRC1
NME3	AL355472.1
NME3	HYAL2
NME3	ZNF674-AS1
NME3	ZCCHC18
NME3	FBXL6
NME3	SIRT3
NME3	TMEM121
NME3	COMMD4
NME3	MPG
NME3	SPSB3
NME3	KATNB1
NME3	MIF4GD
NME3	OXLD1
NME3	CDC37
NME3	REX1BD
NME3	AC010331.1
SPSB3	TMEM240
SPSB3	ING2
SPSB3	ZFYVE21
SPSB3	FGF22
SPSB3	PIH1D1
SPSB3	GSTT2B
NDUFB10	BRD3OS
NDUFB10	C12orf10
NDUFB10	AC138123.1
NDUFB10	FCF1
NDUFB10	TRAPPC1
NDUFB10	BCL2L1
NDUFB10	MANBAL
NDUFB10	GAMT
NDUFB10	NDUFB7
NDUFB10	OCEL1
NDUFB10	AC020928.2
NDUFB10	JOSD2
RPS2	GCK
RPS2	ATP5PD
RPS2	JPT1
RPS2	AC124319.2
RPS2	RUVBL2
SNHG9	ELOVL1
SNHG9	KDM1B
SNHG9	RPL39
AC005363.2	ITPR1-DT
AC005363.2	MAP3K9
AC005363.2	GAS2L1
RAB26	ANKRD9
RAB26	DLL3
SNHG19	PER3
SNHG19	ZRSR2
SNHG19	TSC22D1-AS1
PGP	AL450998.2
PGP	ZNF454
PGP	ABCC10
PGP	ANKRD13D
PGP	FOXRED1
PGP	DCAF11
PGP	PDCD7
PGP	MCOLN1
PGP	ZNF324
TEDC2	AP002748.3
ELOB	FAAP20
AC004233.3	POLR2M
TNFRSF12A	GPR3
TNFRSF12A	TAGLN2
TNFRSF12A	RGS16
TNFRSF12A	PAQR9
TNFRSF12A	BMPR1B
TNFRSF12A	PRR7-AS1
TNFRSF12A	MICAL1
TNFRSF12A	AL355304.1
TNFRSF12A	EPHA1-AS1
TNFRSF12A	SPHK1
TNFRSF12A	SNAI1
TNFRSF12A	AIRE
HCFC1R1	YDJC
AC025283.3	GTF2H2
GLIS2-AS1	AC145285.6
PAM16	AC099778.1
CORO7	ERICH6
AC023830.1	ERICH5
NUDT16L1	PTPRD-AS1
NUDT16L1	TSPAN4
ZNF500	SBK1
NAGPA-AS1	EMX1
NAGPA-AS1	MAD2L1
NAGPA-AS1	ASMT
NAGPA-AS1	AC239727.1
NAGPA-AS1	AL731577.1
NAGPA-AS1	AC123567.2
NAGPA-AS1	AL121603.2
NAGPA-AS1	AL391095.1
NAGPA-AS1	CCDC157
PMM2	LINC01934
PMM2	LINC01088
PMM2	SOWAHA
AC010654.1	AC007314.1
AC010654.1	AC112229.3
AC010654.1	ZBTB20-AS4
AC010654.1	LINC01545
AC010654.1	GEM
AC010654.1	AL157832.1
AC010654.1	AC008105.3
AC010654.1	ADRA1D
AC010654.1	LRFN3
AC010333.2	AC023157.3
AC109597.1	TRAM2-AS1
AC109597.1	BX547991.1
SHISA9	LRP2
SHISA9	U91319.1
NPIPA7	AC114956.2
XYLT1	IFFO2
XYLT1	TRIM62
XYLT1	IPP
XYLT1	C1orf61
XYLT1	STUM
XYLT1	NABP1
XYLT1	AC053503.1
XYLT1	ACKR3
XYLT1	HEG1
XYLT1	AC108866.1
XYLT1	MAP3K1
XYLT1	DMGDH
XYLT1	ABLIM3
XYLT1	GALNT10
XYLT1	HIST1H1C
XYLT1	MMD2
XYLT1	LINC00265
XYLT1	ASB4
XYLT1	AF241726.2
XYLT1	AC037486.1
XYLT1	PCAT1
XYLT1	PARVA
XYLT1	JRKL
XYLT1	LRRC20
XYLT1	PALD1
XYLT1	LRRC27
XYLT1	RBMS2
XYLT1	GPN3
XYLT1	LINC01234
XYLT1	RIMBP2
XYLT1	ZNF710-AS1
XYLT1	AC092378.1
XYLT1	AC009061.2
XYLT1	NXN
XYLT1	LDLRAD4
XYLT1	PTPRT
XYLT1	ZFR2
XYLT1	CACNG2
XYLT1	TRIOBP
XYLT1	CCT8
AC092287.1	AL354710.2
AC092287.1	RAI1-AS1
AC099518.5	AL035071.1
GPR139	MCUB
GPR139	PHKA1
GPR139	RET
DNAH3	KIF3B
CRYM	ACOT2
CRYM	NAGPA
CRYM	MYH7B
EEF2K	SLCO2A1
EEF2K	TPD52L1
EEF2K	CLTCL1
SCNN1G	AC074138.1
SCNN1B	TGFB3
SCNN1B	OTOA
AC008731.1	ACMSD
AC008731.1	FN1
AC008731.1	AL391839.1
LCMT1-AS2	AC105940.1
LCMT1-AS2	AC010145.1
LCMT1-AS2	OCIAD2
LCMT1-AS2	KLHL15
LCMT1-AS2	AL359636.1
LCMT1-AS2	AL162254.1
LCMT1-AS2	ART4
LCMT1-AS2	AC091534.1
LCMT1-AS2	AL590787.1
LCMT1-AS2	CERNA1
LCMT1-AS2	AC092068.1
LCMT1-AS2	SLC16A8
AQP8	SLC18A1
IL4R	MXRA5
IL4R	AC104964.4
AC138904.1	NET1
AC145285.3	FBXO24
AC145285.3	AC007728.2
AC145285.3	AC004943.1
AC145285.3	AC009802.1
TUFM	METRNL
NPIPB11	LINC01719
AC009133.4	NOP9
TMEM219	MCRS1
TMEM219	ULK3
FAM57B	DAXX
PPP4C	HYI
PPP4C	ZNF610
YPEL3	ABTB1
YPEL3	CENPP
YPEL3	ALDH2
YPEL3	AMER2
YPEL3	TMC7
SULT1A3	FANK1
ZNF785	QPCTL
FBXL19	PLPP7
PYCARD-AS1	LINC00893
COX6A2	AC107463.1
TP53TG3D	FAM239B
AC137761.1	MED20
AC137761.1	AC087269.1
AC026470.2	AC006547.2
HEATR3	SSX2IP
AC007493.1	ZBTB5
NKD1	NGFR
NKD1	AL133325.3
TOX3	PIP5K1B
AC007906.2	AP006545.2
CRNDE	AC013468.1
CRNDE	RAD54B
CRNDE	TP53I11
CRNDE	TNFRSF19
CRNDE	C14orf132
MMP2	LPCAT2
MT4	LINC01709
MT4	NKX3-1
MT4	GLIS2
MT3	ATP13A1
MT3	SLC25A1
MT3	MPST
MT2A	SZT2
MT2A	RUSC1
MT2A	MREG
MT2A	PTMA
MT2A	GRPEL1
MT2A	MGARP
MT2A	ZNF41
MT2A	FAM104B
MT2A	INTS6L
MT2A	AZIN1-AS1
MT2A	TPP1
MT2A	CDK2AP2
MT2A	OTUD1
MT2A	LDB1
MT2A	DAZAP2
MT2A	SNRPF
MT2A	TMEM120B
MT2A	MT3
MT2A	MT1E
MT2A	MT1M
MT2A	MT1F
MT2A	MT1X
MT2A	DCXR
MT2A	ZNF14
MT1E	MID2
MT1E	AL137067.1
MT1E	TIMM10
MT1E	UBE2L6
MT1E	MFSD5
MT1E	INAFM2
MT1E	TXNDC17
MT1M	SNHG18
MT1M	CEBPD
MT1G	AC092376.2
MT1X	MCC
MT1X	DUSP1
MT1X	HDAC2-AS2
MT1X	TSC22D4
MT1X	AL359710.1
MT1X	ASCL1
MT1X	MT1M
MT1X	MIR4527HG
SLC12A3	AC092903.2
SLC12A3	C1QTNF6
PLLP	C7orf43
CCDC102A	KLK14
KIFC3	POU2F2
CNGB1	PLAC1
AC009107.1	TPX2
GINS3	TRIM45
GINS3	COL12A1
NDRG4	BAP1
NDRG4	ZNF385A
CDH8	UNC13C
AC012174.1	SERINC2
AC012174.1	TTC4
AC012174.1	TNNI3K
AC012174.1	RHEX
AC012174.1	AC073987.1
AC012174.1	RGPD4
AC012174.1	LINC01818
AC012174.1	LSMEM2
AC012174.1	ZMYND10
AC012174.1	AC023886.1
AC012174.1	ACOT12
AC012174.1	AP001790.1
AC012174.1	AC137834.1
AC012174.1	LINC02444
AC012174.1	AL139317.3
AC012174.1	NLRP8
AC012174.1	AL022328.2
AC012174.1	AP000695.2
LINC02165	SDHAF4
LINC02165	AC100768.2
LINC02165	SNX11
LINC02165	AC015802.4
AC012322.1	CDCA8
AC012322.1	LINC01739
AC012322.1	AL499616.1
AC012322.1	CR1L
AC012322.1	TBCE-1
AC012322.1	SLC11A1
AC012322.1	LINC00636
AC012322.1	LCP2
AC012322.1	HFE
AC012322.1	ABRACL
AC012322.1	CCDC129
AC012322.1	CRLF2
AC012322.1	KCNA4
AC012322.1	ANGPTL5
AC012322.1	SETD1B
AC012322.1	AL138694.1
AC012322.1	AK7
AC012322.1	CHRNB4
AC012322.1	LINC02253
AC012322.1	MYO15A
AC012322.1	AURKA
AC012322.1	CAPS
AC012322.1	CPAMD8
AC009055.1	AC090124.1
AC009055.1	AP006295.1
CDH5	AC034243.1
CDH5	TCTE1
CDH5	LINC01501
CDH5	LINC00934
CDH5	AC126696.1
CDH5	LINC00670
CDH5	HS3ST3B1
CDH5	AC106037.2
CDH5	PRX
CDH5	SULT2A1
CDH5	AC022150.1
LINC00920	AC008667.2
LINC00920	AL512329.2
LINC00920	AL392023.1
BEAN1	TMEM154
AC010542.3	AC106869.1
AC010542.3	SYCP2L
AC010542.3	TK2
AC010542.3	CLTCL1
TK2	TLNRD1
TK2	GSDMB
CA7	MEX3A
CA7	EGF
CA7	LINC02268
CA7	MORN5
CA7	MARVELD1
CA7	NOP53
FAM96B	FKBP7
FAM96B	GPR27
FAM96B	ATG4A
FAM96B	ATG4D
TMEM208	URB1-AS1
SLC9A5	CHD3
PLEKHG4	PPP1R3B
PLEKHG4	PSG8-AS1
ATP6V0D1	PHAX
AC027682.2	AC079807.1
AC020978.3	WDR4
HAS3	LETM2
TERF2	PAQR7
CALB2	CCR10
HP	HPR
LINC01572	NOSTRIN
LINC01572	PLXNA1
LINC01572	AC125613.1
LINC01572	AC010273.1
LINC01572	AL391807.1
LINC01572	BIN3
LINC01572	COL27A1
LINC01572	IL17D
LINC01572	AC091167.6
LINC01572	DEF8
LINC01572	PEX11G
LINC01572	RFX1
LINC01572	MGAT3
AC004158.1	SESN2
AC004158.1	CATSPERE
AC004158.1	AC078881.1
AC004158.1	BTN3A1
AC004158.1	BAG3
AC004158.1	DUSP3
AC009053.3	TLR3
BCAR1	BOK
BCAR1	ZNF614
AC009163.1	PPCS
AC009163.1	OMD
AC009163.1	AC133550.2
GABARAPL2	PARK7
GABARAPL2	MRFAP1
GABARAPL2	SCOC
GABARAPL2	MRPL14
GABARAPL2	LINC00106
GABARAPL2	DYNLT3
GABARAPL2	NAP1L3
GABARAPL2	THAP1
GABARAPL2	FKBP15
AC025287.3	AC092171.1
AC025287.3	AC012651.1
DUXB	AHNAK
DUXB	LINC02405
CPHXL	AC025287.4
CPHXL	AC105430.1
CPHXL	MYH9
WWOX-AS1	PRKAR2A-AS1
WWOX-AS1	RAET1E
WWOX-AS1	DGAT2L6
WWOX-AS1	AC083805.2
MAF	PCOLCE2
MAF	AC109779.1
MAF	FRG1-DT
MAF	HIST1H2BE
MAF	TDRD6
MAF	CXorf57
MAF	FADS2
MAF	CCNJ
MAF	SFXN2
MAF	DHX33
MAFTRR	OR2T6
MAFTRR	FAP
MAFTRR	FAM122B
AC092718.5	EFCC1
AC092718.6	AC078842.1
PLCG2	SEMA4C
PLCG2	AL627171.2
AC125793.1	KLRB1
AC009063.3	SPATA17
HSBP1	PNRC2
HSBP1	MOB4
HSBP1	ARMC5
SLC38A8	FAM118B
SLC38A8	RPGRIP1
ATP2C2	AL606489.1
ATP2C2	WFDC1
ATP2C2	KCNJ6
CRISPLD2	BMP8A
CRISPLD2	PCED1B
CRISPLD2	SMARCD2
CRISPLD2	CHST8
LINC02176	ZNF273
COX4I1	PITHD1
COX4I1	ATP5IF1
COX4I1	UCHL1
COX4I1	H2AFZ
COX4I1	NAF1
COX4I1	NFKBIL1
COX4I1	LSM5
COX4I1	DNAJB9
COX4I1	RAB33A
COX4I1	SURF2
COX4I1	TOLLIP-AS1
COX4I1	ACP2
COX4I1	COX5A
COX4I1	SEC11C
COX4I1	LGALS1
IRF8	C1QA
C16orf95	KRTAP5-AS1
AC010531.1	C16orf95
AC010531.6	RTL6
FBXO31	CPT1A
FBXO31	AC010531.1
FBXO31	IQCN
MAP1LC3B	C2orf72
MAP1LC3B	AZGP1
MAP1LC3B	ANOS1
MAP1LC3B	NFKBIA
MAP1LC3B	RBBP8
AC010531.3	AC126773.1
ZCCHC14	DNTTIP2
ZCCHC14	BCAS2
ZCCHC14	NIFK-AS1
ZCCHC14	GBE1
ZCCHC14	BCL7B
ZCCHC14	MRPS33
ZCCHC14	C11orf24
ZCCHC14	TCP11L2
ZCCHC14	DECR2
ZCCHC14	BAHCC1
AC092720.1	AC018845.3
AC126696.1	AL355512.1
AC126696.1	CABYR
SLC7A5	ZNF395
CA5A	AP003392.6
BANP	ANKHD1-EIF4EBP3
AC134312.4	SLC25A34-AS1
AC134312.4	TIMD4
AC134312.4	AP003469.2
AC134312.4	AC011825.2
MVD	CDHR1
RPL13	FNDC10
RPL13	TMEM18
RPL13	CSPG5
RPL13	IGFBP7
RPL13	FREM3
RPL13	SLF1
RPL13	MDGA1
RPL13	CALN1
RPL13	ABHD11
RPL13	CASTOR3
RPL13	HEY1
RPL13	CHEK1
DPEP1	ZFP69B
DPEP1	LINC02364
DPEP1	LINC02503
DPEP1	LINC02108
DPEP1	AC116337.3
DPEP1	ATP6V1G2
DPEP1	RNF8
DPEP1	NCOA7-AS1
DPEP1	LINC01449
DPEP1	C7orf25
DPEP1	AL133410.1
DPEP1	NAB2
DPEP1	AL359682.1
DPEP1	AC026471.2
DPEP1	AC027796.4
DPEP1	AC005410.2
DPEP1	HPN
DPEP1	EP300-AS1
SPATA33	LYPD5
VPS9D1-AS1	FAM234B
TUBB3	AL359881.1
TUBB3	PIK3CD-AS2
TUBB3	LINC01221
TUBB3	SRBD1
TUBB3	MALL
TUBB3	APEH
TUBB3	CD109
TUBB3	DBNL
TUBB3	CPA2
TUBB3	KCNH2
TUBB3	AL121601.1
TUBB3	TJP2
TUBB3	NPAT
TUBB3	AC009318.3
TUBB3	NECAB3
TUBB3	AC006486.1
TUBB3	AL022337.1
DEF8	ENGASE
GAS8	PRSS55
NXN	PABPC1L
AC144836.1	HCLS1
AC144836.1	GGT5
AC090617.5	PPP1R13L
HIC1	AC245297.2
HIC1	ANO7
HIC1	AC105411.1
RAP1GAP2	TSPAN18
OR3A2	SPATA22
OR3A3	CNR2
OR3A3	AL033527.4
OR3A3	BRDT
OR3A3	CTXND2
OR3A3	CASP8
OR3A3	ETNPPL
OR3A3	SPATA4
OR3A3	FYB1
OR3A3	AC145146.1
OR3A3	GLRA1
OR3A3	FAM153B
OR3A3	POU6F2-AS2
OR3A3	RPL36A-HNRNPH2
OR3A3	AP002852.1
OR3A3	ALDH1B1
OR3A3	AP003174.1
OR3A3	AC010197.1
OR3A3	GPC5-AS1
OR3A3	PRMT5-AS1
OR3A3	AL161757.5
OR3A3	TRPM1
OR3A3	SLC27A2
OR3A3	CCDC33
OR3A3	HCK
OR3A3	ZNF556
OR3A3	AC011444.3
ASPA	RNF220
ASPA	ANLN
ASPA	LINC01608
EMC6	PGLS
P2RX1	SLC20A1
P2RX1	ABCF2
P2RX1	SHOX
P2RX1	C15orf40
ATP2A3	KCNK15-AS1
ATP2A3	HORMAD2
AC091153.3	GBP3
AC091153.3	IL33
AC091153.3	AP005436.1
AC091153.3	AL583859.2
AC091153.3	EFCAB5
PSMB6	CCDC125
SLC25A11	KLHDC8B
SLC25A11	CDK7
RNF167	POLDIP2
PFN1	PRAF2
PFN1	CRAT
PFN1	UBXN6
KIF1C	TPCN2
SLC52A1	GHRL
USP6	ZNF232
C1QBP	GMPPA
FBXO39	ZFP91-CNTF
GABARAP	AC007325.4
EIF5A	PRELID3B
EIF4A1	PABPC4
EIF4A1	EIF2B4
EIF4A1	SHISA5
EIF4A1	SLC38A3
EIF4A1	Z84485.1
EIF4A1	ZYX
EIF4A1	FAAH2
EIF4A1	ZDHHC9
EIF4A1	TRIB1
EIF4A1	MAPK8IP1
EIF4A1	CS
EIF4A1	UBR7
EIF4A1	PRR25
EIF4A1	SPIRE2
EIF4A1	TRMT1
CD68	AL662884.4
CD68	THAP8
SAT2	C1orf216
SAT2	ZFAND2B
SAT2	URM1
SAT2	MRPS7
TP53	YARS
TMEM88	COLEC10
ALOXE3	PLAC8L1
RANGRF	NHLH2
PIK3R5	C1orf54
PIK3R5	SDC1
PIK3R5	AL158068.2
PIK3R5	AC103974.1
PIK3R5	MORN3
AC027045.2	RASGRP3
AC027045.2	THSD7B
AC027045.2	TXNRD3
AC027045.2	DEPDC1B
AC027045.2	MIR548A1HG
AC027045.2	AC002480.3
AC027045.2	LINC02476
AC027045.2	ANXA13
AC027045.2	ARRDC1
AC027045.2	BARX2
AC027045.2	AC025419.1
AC027045.2	LINC00871
AC027045.2	PSMC3IP
AC027045.2	ZNF347
AC027045.2	Z95114.4
GAS7	GALNT17
AC005291.2	SAP30L
AC005291.2	NUDT10
AC005291.2	RNF219-AS1
MYH13	AXIN1
MYHAS	LINC01594
MYHAS	AC115618.1
MYHAS	DMRT2
MYHAS	ACRBP
MYHAS	GUCY2D
MYHAS	AL132655.2
TMEM238L	MUC7
TMEM238L	LINC02277
SHISA6	NDST4
SHISA6	RAPGEF5
SHISA6	SEMA3D
SHISA6	FREM2
SHISA6	SYN3
LINC00670	USP44
COX10	BMP2K
COX10	TMEM25
ADORA2B	ALAD
PIGL	AC093151.3
PIGL	COX17
PIGL	Z97989.1
PIGL	Z94721.1
PIGL	AC007384.1
PIGL	AC027288.3
PIGL	SH2B3
PIGL	P2RX4
PIGL	GABPB1-AS1
PIGL	PLD6
PIGL	AP001021.1
PIGL	AC008758.1
PIGL	ZIM2
PIGL	PNPLA3
PIGL	PIGP
UBB	PEG10
UBB	BCORL1
UBB	PGAP2
UBB	PNMA8A
UBB	SMIM17
UBB	SOD1
TRPV2	HTR2B
TRPV2	ARL14EPL
TRPV2	AC092070.3
RASD1	DUSP1
SMCR5	FALEC
SMCR5	AL360091.3
SMCR5	STK36
SMCR5	ATP6V0D2
SMCR5	PIK3C2G
MYO15A	AC104036.1
TOP3A	TXNDC15
TOP3A	PCBD2
FBXW10	METTL27
EPN2-AS1	ZIC4
EPN2-AS1	AC096711.2
EPN2-AS1	AC093668.2
EPN2-AS1	USP3-AS1
EPN2-AS1	AC109446.3
EPN2-AS1	PIAS4
AC124066.1	C15orf38-AP3S2
MFAP4	AL020996.2
MFAP4	AL033527.5
MFAP4	SLC45A3
MFAP4	SRD5A2
MFAP4	FAM43A
MFAP4	LINC02057
MFAP4	MIR381HG
MFAP4	MTHFSD
MFAP4	AC116003.1
MFAP4	LIG1
MFAP4	AF064858.1
SLC47A1	RBM47
SLC47A1	FAM204A
SPECC1	PLPP6
CCDC144NL-AS1	PFN2
KCNJ12	POU3F1
KCNJ12	CYR61
KCNJ12	PPM1M
KCNJ12	LINC01331
KCNJ12	AHNAK2
KCNJ12	AC243829.2
KCNJ12	FMNL1
KCNJ12	AC005837.1
KCNJ12	TNFAIP8L1
KCNJ12	KLC3
KCNJ12	PPM1N
KCNJ12	SHISA8
KSR1	TAF5L
KSR1	HMGB2
TMEM199	LINC02177
AC005726.4	AC007249.2
AC005726.4	AC104667.2
AC005726.5	LINC02492
AC005726.5	AC010997.3
AC005726.5	NGDN
AC005726.5	SLC30A4
RPL23A	LSM3
RPL23A	RNF217
RPL23A	ZDHHC4
RPL23A	CCDC71L
RPL23A	GNL3L
RPL23A	POLR2K
RPL23A	UBAP1L
RPL23A	EIF4A3
RPL23A	PFDN4
TRAF4	DUSP6
MYO18A	DDX41
MYO18A	TRIM73
MYO18A	USB1
MYO18A	PCNT
AC068025.2	ORC6
AC104984.6	AL606534.1
AC104984.6	PLCD4
AC104984.6	AC133550.1
AC104984.6	AC007728.1
CRLF3	LINC01389
CRLF3	AGBL5
CRLF3	DENND6A-AS1
CRLF3	AC008871.1
CRLF3	IL3RA
CRLF3	AP001266.2
CRLF3	AC025580.3
CRLF3	RAB11A
CRLF3	MIR762HG
CRLF3	DRC3
CRLF3	AC011933.4
CRLF3	AC005258.1
CRLF3	THOP1
CRLF3	AC022146.2
CRLF3	AC005253.1
CRLF3	BLVRB
OMG	KCNAB2
OMG	AL391645.1
OMG	B3GALT2
OMG	KCNMB2
OMG	B3GAT2
OMG	LRRN3
OMG	C8orf37
OMG	MYORG
OMG	VWCE
OMG	SYCP3
OMG	U91319.1
OMG	C17orf100
OMG	FLRT3
OMG	GRIK1-AS1
EVI2A	AC027277.1
AC004253.1	RPUSD3
AC025211.1	SP140L
AC008133.1	AL512288.1
AC008133.1	AL353604.1
AC015849.1	KCNJ2
AC015849.1	RIPOR3
AC015849.1	AP000146.1
AC243829.2	BHMG1
TBC1D3B	AC128685.1
TBC1D3B	LINC02228
TBC1D3B	TMEM88
TBC1D3B	TSSK6
LHX1-DT	VEGFD
LHX1-DT	GLYATL1
LHX1-DT	FAM210A
AC243585.2	AC022710.1
TBC1D3D	MGAT1
PSMB3	ADAM15
PSMB3	ABCF1
FBXO47	MSS51
RPL19	SLC45A1
RPL19	FAM229A
RPL19	FLAD1
RPL19	MRPS14
RPL19	AC093635.1
RPL19	GRB14
RPL19	EEF1B2
RPL19	RPSA
RPL19	POLR2H
RPL19	RABGEF1
RPL19	WDR45
RPL19	RNF113A
RPL19	SSRP1
RPL19	FAU
RPL19	PLBD2
RPL19	BAG5
RPL19	EMC4
RPL19	RGS19
TCAP	DRICH1
MIEN1	AC022182.2
IKZF3	PLAUR
GSDMA	METTL2B
GSDMA	MAP3K15
RAPGEFL1	EPB41
TOP2A	PTTG1
TOP2A	RRS1
TOP2A	RASGRP2
AC073508.2	AC026150.1
AC073508.2	ELMO3
AC073508.2	CTAGE1
KRT10	LINC00847
KRT10	DNMBP
KRT10	POLR2C
KRT10	TP53RK
KRT10	TIMM29
EIF1	SRM
EIF1	YBX1
EIF1	ANKRD35
EIF1	MRPL9
EIF1	JTB
EIF1	TMEM150A
EIF1	DDX18
EIF1	IFRD2
EIF1	RPL24
EIF1	PYURF
EIF1	TAF7
EIF1	RACK1
EIF1	ZNRD1
EIF1	SLC39A7
EIF1	CYCS
EIF1	POLD2
EIF1	ARMCX1
EIF1	R3HCC1
EIF1	TUSC1
EIF1	SEC61B
EIF1	SLC39A13
EIF1	CCDC85B
EIF1	VDAC2
EIF1	CD63
EIF1	TMED2
EIF1	RAN
EIF1	MGAT2
EIF1	DHRS7
EIF1	PNMA1
EIF1	TRMT61A
EIF1	DCTPP1
EIF1	NOB1
EIF1	C1QBP
EIF1	DERL2
EIF1	CWC25
EIF1	H3F3B
EIF1	PYCR1
EIF1	MRPS26
EIF1	RAB8A
EIF1	TOMM40
EIF1	CD3EAP
EIF1	UQCR10
HAP1	ADAMTS3
FKBP10	POLM
FKBP10	KMT5C
KLHL10	AP001007.1
KLHL10	ZNF729
CNP	PRMT6
CNP	CSRP1
CNP	H1FX
CNP	MARCKS
CNP	UBQLN2
CNP	ADO
CNP	IFIT5
CNP	CDKN1B
CNP	PHLDA1
CNP	SOX1
CNP	AC036108.1
CNP	SALL1
CNP	PHF23
CNP	VAT1
CNP	CLIP3
HSPB9	AL034417.4
HSPB9	AL590434.1
HSPB9	BOK-AS1
HSPB9	LINC01063
HSPB9	FAM47E
HSPB9	GLYAT
STAT3	MAP7
STAT3	ARHGEF17
CAVIN1	TNFRSF1B
CAVIN1	HEXA-AS1
NAGLU	PGP
HSD17B1	AC091078.1
COA3	ITPR1
LINC00671	UBAC2-AS1
LINC00671	AC091057.3
LINC00671	AC007906.2
RPL27	F11R
VAT1	RNF208
VAT1	ZFYVE19
AC068675.1	ARMT1
AC068675.1	CPEB1
AC004149.1	KIRREL3-AS1
TMEM101	MVB12A
G6PC3	C6orf136
G6PC3	SLC37A1
C17orf53	LINC01829
C17orf53	STT3A
RUNDC3A	BX255925.3
SLC25A39	RCN3
GFAP	NEURL1B
GFAP	AL356124.1
GFAP	TNFRSF11B
GFAP	AL354754.1
GFAP	RASGEF1A
GFAP	APC2
C1QL1	CDKN1C
C1QL1	AKT1
C1QL1	METRN
C1QL1	CBARP
AC015936.2	AL080251.1
AC015936.2	AC008277.1
AC015936.2	DRD1
AC015936.2	AC011604.2
AC138150.1	AL359265.3
AC138150.1	AC008074.1
AC138150.1	C2orf92
AC008105.3	ACOT8
MAPT-AS1	SMIM10L2B
ARL17B	LRRC37A
ARL17B	LRRC37A2
ARL17B	ARL17A
ARL17B	NSF
ARL17B	AC005670.2
LRRC37A2	LINC02210-CRHR1
ARL17A	AC103810.2
TBKBP1	UCN
TBKBP1	LRRC24
LRRC46	LRRC53
LRRC46	WWOX-AS1
AC018521.2	AL035416.1
AC018521.2	AL450306.1
CDK5RAP3	CHRD
CDK5RAP3	LTV1
CDK5RAP3	CDK10
CDK5RAP3	TRABD
LINC02086	LYAR
LINC02086	FAM86B1
B4GALNT2	AKNAD1
B4GALNT2	OLFML2B
B4GALNT2	FGD5
B4GALNT2	LINC01205
B4GALNT2	FAM162A
B4GALNT2	C6orf132
B4GALNT2	SFTPC
B4GALNT2	AC067773.1
B4GALNT2	ANGPT1
B4GALNT2	AC021733.1
B4GALNT2	COL22A1
B4GALNT2	FAM78A
B4GALNT2	MRGPRF
B4GALNT2	AC016152.1
B4GALNT2	OCA2
B4GALNT2	MOCOS
B4GALNT2	LINC01643
B4GALNT2	AL031590.1
SLC35B1	BOLA3
AC015795.1	AC074351.1
ITGA3	CCDC160
TMEM92-AS1	EAF2
AC021491.1	AC019163.1
AC021491.1	VASN
TOM1L1	AL031772.1
TMEM100	LRRC8B
TMEM100	RAMP1
TMEM100	RAD54L2
TMEM100	STK10
TMEM100	DKK1
TMEM100	METTL7A
TMEM100	RGCC
TMEM100	CLDN10
TMEM100	OMG
TMEM100	ADAM33
TMEM100	AL050403.2
AC090618.1	ACTR3C
NOG	CYREN
NOG	AC138512.1
AC015813.2	KAT7
AC005821.1	AC005165.1
AC005821.1	ENOX2
MARCH10	AC113386.1
AC068512.1	AC007610.1
AC015923.1	AL020995.1
AC015923.1	AL139294.1
AC015923.1	AL158840.1
AC015923.1	AC016722.2
AC015923.1	AC018462.1
AC015923.1	LINC00903
AC015923.1	OPA1-AS1
AC015923.1	AC006160.1
AC015923.1	RPS3A
AC015923.1	AC097537.1
AC015923.1	AC026704.1
AC015923.1	AC008883.1
AC015923.1	AC008456.1
AC015923.1	AC027312.1
AC015923.1	AL022097.1
AC015923.1	C6orf10
AC015923.1	AC002429.2
AC015923.1	AC078842.2
AC015923.1	AC092666.1
AC015923.1	AC103726.2
AC015923.1	AL353768.1
AC015923.1	AP001767.3
AC015923.1	AL117209.1
AC015923.1	DUOX1
AC015923.1	RORA-AS1
AC015923.1	AC073167.1
AC015923.1	AC108451.1
AC015923.1	ZNF213
AC015923.1	AC015853.3
AC015923.1	DLG4
AC015923.1	AC055811.1
AC015923.1	AC004253.1
AC015923.1	TBKBP1
AC015923.1	TCF4-AS1
AC015923.1	AL117381.1
AC015923.1	AL031846.2
AC015923.1	AP000311.1
AC046185.1	AL136382.1
AC046185.1	AC009312.1
AC046185.1	AC068658.1
AC046185.1	EQTN
AC046185.1	AP003393.1
AC046185.1	ABCC9
AC046185.1	AC127070.2
AC046185.1	C15orf48
AC037487.1	AC124283.1
CEP112	MAP3K20
APOH	AL606491.1
APOH	AC100793.3
PRKCA-AS1	AC105277.1
PRKCA-AS1	SRGAP2-AS1
PRKCA-AS1	SRSF7
PRKCA-AS1	AC021088.1
PRKCA-AS1	AC011405.1
PRKCA-AS1	AC244517.2
PRKCA-AS1	SFRP1
PRKCA-AS1	AC104316.1
PRKCA-AS1	AKIP1
PRKCA-AS1	AC100763.1
PRKCA-AS1	A2ML1-AS1
PRKCA-AS1	AC116407.2
PRKCA-AS1	SNAP25-AS1
CACNG5	RRAS2
CACNG5	TBC1D2B
AC005544.1	ASCL5
AC005544.1	GATA2-AS1
AC005544.1	AC097382.2
AC005544.1	DACT2
AC005544.1	AC136489.1
AC005544.1	AC105180.1
AC005544.1	RPS6KB2-AS1
AC005544.1	MEOX1
AC005544.1	AC010320.2
PITPNC1	CHST10
PITPNC1	APTR
PITPNC1	RFX4
PITPNC1	PRIMA1
PITPNC1	SHISA9
PITPNC1	SDK2
ARSG	AC119674.1
ARSG	SLC16A9
SLC16A6	AP001972.3
ABCA8	CD22
MAP2K6	RFTN2
MAP2K6	RARB
MAP2K6	CRTAC1
LINC02097	PRKCD
SDK2	CORO2B
RPL38	AC092100.1
RPL38	DZANK1
KIF19	MGLL
KIF19	MAN2B2
KIF19	CENPK
KIF19	SLC29A2
KIF19	COL18A1
FADS6	BTBD19
FADS6	LINC01731
FADS6	UCHL5
FADS6	LINC00211
FADS6	SCHLAP1
FADS6	AC007879.3
FADS6	AC087430.1
FADS6	AC092957.1
FADS6	AC244517.9
FADS6	AC011294.1
FADS6	WEE2
FADS6	GDPD2
FADS6	AL451048.1
FADS6	TREX2
FADS6	AC025524.2
FADS6	MSC-AS1
FADS6	AC138647.1
FADS6	SWI5
FADS6	AC100768.2
FADS6	FFAR4
FADS6	AC025580.2
FADS6	AC084757.3
FADS6	NPIPB9
FADS6	PHKG2
FADS6	AC116914.2
FADS6	AC005324.3
FADS6	PALM3
FADS6	HMOX1
ATP5PD	NCAPG2
NT5C	FAM136A
NT5C	NRN1
JPT1	RHOXF1-AS1
MRPS7	AC034236.2
AC011933.4	IQCG
AC011933.4	AL034405.1
AC011933.4	AC004551.1
AC011933.4	ZNF490
CASKIN2	DVL1
H3F3B	EIF3I
H3F3B	S100A16
H3F3B	ANXA5
H3F3B	TUBB2B
H3F3B	MRPL32
H3F3B	EMD
H3F3B	CDKN2B
H3F3B	B3GAT3
H3F3B	SLC3A2
H3F3B	SNRPB
H3F3B	FBXO17
H3F3B	BTG3
FOXJ1	ARL14EPL
FOXJ1	SMS
RNF157	ROBO3
UBALD2	PTBP1
AC015802.4	NEB
AC015802.4	GGT2
ST6GALNAC2	AL132671.2
AC005837.1	TMEM47
AC005837.3	TMEM116
SRSF2	PEX11B
SRSF2	SPRTN
SRSF2	PPM1G
SRSF2	ALKBH2
SRSF2	MESD
SRSF2	MMP25-AS1
SRSF2	NKIRAS2
SRSF2	ZNF583
SRSF2	ZNF446
LINC00868	AC095033.1
LINC00868	LINC01842
AC021683.2	FAM72A
AC021683.2	AC036214.3
AC021683.2	TAF1L
AC021683.2	PARVG
C17orf99	SLC30A2
C17orf99	LAMC2
C17orf99	CYTOR
C17orf99	FAM19A4
C17orf99	SAMD7
C17orf99	LINC01208
C17orf99	SFRP2
C17orf99	AL662899.1
C17orf99	LIN28B
C17orf99	IKZF1
C17orf99	TMEM31
C17orf99	HEPHL1
C17orf99	AL512770.1
TMEM235	AC083906.3
AC087645.2	AL049795.1
AC087645.2	AC018635.2
AC087645.2	SRR
SOCS3	ZNF436
SOCS3	MAP3K6
SOCS3	MCL1
SOCS3	ID2
SOCS3	FOSL2
SOCS3	SPC25
SOCS3	FZD5
SOCS3	CDCP1
SOCS3	TM4SF1
SOCS3	GPRIN1
SOCS3	F12
SOCS3	HLA-E
SOCS3	ITPR3
SOCS3	ETV7
SOCS3	HGF
SOCS3	NAMPT
SOCS3	IL13RA1
SOCS3	KLF10
SOCS3	MYC
SOCS3	IRF7
SOCS3	SERPING1
SOCS3	DRD2
SOCS3	TNFRSF1A
SOCS3	AC084032.1
SOCS3	C12orf49
SOCS3	LGALS3
SOCS3	DACT1
SOCS3	KIAA1024
SOCS3	HSD3B7
SOCS3	PLCD3
SOCS3	ITGA3
SOCS3	CYBC1
SOCS3	SLC4A11
SOCS3	TRIP10
SOCS3	SEZ6L
SOCS3	CABP7
SOCS3	APOL4
LGALS3BP	C1R
BAIAP2	SLC7A5
AC110285.1	BPHL
AC110285.1	CLCN5
AC110285.1	RHOBTB2
AC110285.1	GSTZ1
AC110285.1	TLDC1
ACTG1	CAP1
ACTG1	USP19
ACTG1	TUBB
ACTG1	UBL4A
ACTG1	CTSB
ACTG1	PUF60
ACTG1	RIC8A
ACTG1	PPP1CA
ACTG1	BCKDK
ACTG1	AC067852.2
ACTG1	MRPL10
ACTG1	EEF2
ACTG1	PLPPR2
SLC25A10	AC007785.1
MCRIP1	RBM22
MCRIP1	NOC4L
MCRIP1	AP3S2
ARHGDIA	CSK
ARHGDIA	SGTA
ARHGDIA	TRIM28
AC145207.1	STX1A
CENPX	MRPL35
DCXR	MRPL44
DCXR	MRPL41
DCXR	SWAP70
DCXR	STARD13
DCXR	FAM57B
DCXR	CASTOR1
GPS1	OBSL1
GPS1	NT5DC2
GPS1	DGAT1
DUS1L	CELF3
DUS1L	ZDHHC8
DUS1L	PANX2
AC132872.2	CATIP
AC132872.2	XKR5
AC132872.2	EXTL3-AS1
AC130371.2	NPR1
AC130371.2	AQP8
ENOSF1	AGBL4
ENOSF1	BET1
ENOSF1	AL158071.4
ENOSF1	SPOUT1
ENOSF1	ZMIZ1-AS1
ENOSF1	SCART1
ENOSF1	PTPRQ
ENOSF1	CCDC122
ENOSF1	ADAMTS7
ENOSF1	GAS8
AP000894.3	IL12RB2
AP000894.3	LINC01356
AP000894.3	TRIM58
AP000894.3	CGREF1
AP000894.3	LINC01889
AP000894.3	SPATA3
AP000894.3	AC099753.1
AP000894.3	IGFBP7-AS1
AP000894.3	POF1B
AP000894.3	SCRT1
AP000894.3	AP003481.1
AP000894.3	MYPN
AP000894.3	A2M-AS1
AP000894.3	STYK1
AP000894.3	WIF1
AP000894.3	LRRC43
AP000894.3	FLT1
AP000894.3	C15orf39
AP000894.3	CORO7
AP000894.3	LIPG
AP000894.3	GDF5
AP000894.3	MAP4K1
AP000894.3	TNNT1
AP000894.3	APOBEC3F
AP000894.3	NCAPH2
ADCYAP1	BMX
ADCYAP1	ZNF823
AP005328.2	NARFL
METTL4	AC107214.1
AP001011.1	RUNX2
AP001011.1	AC108449.1
MYL12B	SSR3
DLGAP1-AS5	AC079760.2
AP005433.1	DDX58
AP005433.1	AP003059.1
AP005433.1	ADPRHL1
AP005433.1	DRG2
AP005433.1	APBA3
AP005433.1	ZNF606
L3MBTL4	SLC35G2
L3MBTL4	LHX2
L3MBTL4	PKP2
L3MBTL4	MYO16
L3MBTL4	SHISA6
L3MBTL4	CHMP6
L3MBTL4	CXADR
AP001021.2	CEMIP
AP001021.2	BEAN1
GACAT2	C2orf76
APCDD1	SLC22A3
APCDD1	AC004918.1
LINC01887	LINC01352
LINC01887	LINC01853
LINC01887	AL591222.1
LINC01887	SPECC1L
ANKRD62	GDF7
ANKRD62	IL12A-AS1
ANKRD62	LY6G5B
ANKRD62	SFTPD-AS1
LDLRAD4	CDK11A
LDLRAD4	NRSN1
LDLRAD4	TMEM120A
LDLRAD4	EDA
LDLRAD4	RARG
LDLRAD4	AL139383.1
LDLRAD4	AEN
LDLRAD4	AC011474.2
AP005131.5	ZBTB20-AS3
AP005901.2	AL138974.1
AP005901.2	AC008992.1
AC015878.1	IGFBPL1
AC015878.1	AL132712.1
AC015878.1	SCNN1B
AC015878.1	LINC02141
AC103987.2	PIK3R3
AC103987.2	USP21
AC103987.2	IKBKE
AC103987.2	AC083949.1
AC103987.2	DLX1
AC103987.2	AC079610.2
AC103987.2	AC080129.2
AC103987.2	LINC02511
AC103987.2	AC005014.2
AC103987.2	AL606516.1
AC103987.2	USP27X-AS1
AC103987.2	AC104561.1
AC103987.2	RAB11FIP1
AC103987.2	AL354920.1
AC103987.2	BBOX1
AC103987.2	AL391704.2
AC103987.2	AC005840.4
AC103987.2	AC087241.3
AC103987.2	IQCD
AC103987.2	AC125616.1
AC103987.2	LINC00463
AC103987.2	TEDC2
AC103987.2	IRX6
AC103987.2	LHX1-DT
AC103987.2	AC027601.4
AC103987.2	C18orf63
AC103987.2	ISM1
AC103987.2	MYBPC2
AC103987.2	AP001627.1
LINC01900	CLRN1-AS1
LINC01900	AKAP14
LINC01900	CBX8
CABLES1	COL4A3
AC090772.2	AL139300.2
AC090772.1	LCA5L
AC023983.1	RCAN3
HRH4	MGAM2
HRH4	AC103770.1
AC018697.1	RGPD3
AQP4-AS1	SLC3A1
AQP4-AS1	INF2
CHST9	COL4A4
AC110015.1	AL109947.1
DSC1	AL512622.1
AC022960.1	AL513320.1
AC011825.4	FO393419.2
AC011825.2	ASL
AC011825.2	AC092832.2
AC011825.2	AP001468.1
MEP1B	SOHLH1
AC022601.1	AC064871.1
AC022601.1	AC011466.1
CELF4	SLC7A14
CELF4	MARCH11
CELF4	CPLX2
CELF4	NRP1
LINC01478	AC073848.1
LINC01478	AC008525.1
LINC01478	AC091729.3
LINC01478	HMGB3
LINC01478	AC135050.2
LINC01478	LINC00922
SLC14A1	DEGS2
RNF165	TRIM66
RNF165	SHANK2
AC093567.1	AC012485.3
AC093567.1	MFSD4B
AC016866.2	CCDC38
AC090227.1	LINC01992
AC090227.1	CDPF1
CXXC1	SNPH
AC103949.1	NEK5
CCDC68	AL008723.3
ATP8B1	SYNPO2L
ATP8B1	NUCB1-AS1
ALPK2	CBS
AC113137.1	STARD6
TNFRSF11A	AC092053.3
TNFRSF11A	LINC00491
TNFRSF11A	AKIRIN2
SERPINB7	PRSS50-1
SERPINB7	AC097480.1
SERPINB7	PDCL2
SERPINB7	KIF25-AS1
SERPINB7	LINC01538
SERPINB2	AL049557.1
SERPINB2	ACVR1C
SERPINB2	AC093895.1
SERPINB2	ENPEP
SERPINB2	CUL7
SERPINB2	ABCB5
SERPINB2	ABCB4
SERPINB2	NPR2
SERPINB2	AC006511.4
SERPINB2	PQLC1
SERPINB2	ZNF480
SERPINB2	BID
HMSD	CYP4F26P
HMSD	AL137026.1
HMSD	SYNE4
LINC01538	TAS1R1
CDH19	CD82
AC110597.3	CCNE2
AC110597.3	AC109460.2
AC110597.3	AC010632.1
AC091691.2	MEGF6
AC091691.2	AC007100.1
AC091691.2	TTC31
AC091691.2	AL450332.1
AC091691.2	AC087482.1
AC091691.2	SLC52A1
AC091691.2	LINC01858
LINC01899	SEC14L4
C18orf63	DNAAF5
FAM69C	NOX4
CNDP1	CA2
AC116003.1	AC099542.1
AC116003.1	AC078795.3
AC116003.1	AC018680.1
AC116003.1	IKZF4
AC116003.1	SLC38A7
ZNF516	AL137802.2
ZNF516	PTAFR
ZNF516	ZBTB37
ZNF516	PCAT6
ZNF516	KDM3A
ZNF516	AC092042.3
ZNF516	ZNF595
ZNF516	TMEM129
ZNF516	AC096746.1
ZNF516	ELOVL2
ZNF516	GUSB
ZNF516	CCDC22
ZNF516	CXorf40B
ZNF516	AC037459.2
ZNF516	FAM111A
ZNF516	KCNK7
ZNF516	FAM76B
ZNF516	AL157392.5
ZNF516	SETD3
ZNF516	CKMT1A
ZNF516	IL16
ZNF516	SEPT1
ZNF516	ZNF689
ZNF516	TPPP3
ZNF516	GNA13
ZNF516	SMAD7
ZNF516	POLI
ZNF516	ASIP
ZNF516	MAP3K10
ZNF516	SULT2B1
ZNF516	CLDN14
AC009716.1	NFYC-AS1
AC009716.1	AC072022.1
AC018413.1	AL626787.1
AC018413.1	LINC01887
GALR1	AC124254.1
SALL3	CCDC24
SALL3	CCNG2
SALL3	PLA2G16
SALL3	MTRF1
KCNG2	AC021594.2
PARD6G-AS1	ZBTB40
PARD6G-AS1	LINC01727
SNPH	SPEG
IDH3B	ADAMTSL3
IDH3B	ASPDH
MRPS26	PRR7
MRPS26	CREB3
MRPS26	MRPS34
UBOX5-AS1	AP002892.1
UBOX5	RUFY4
DDRGK1	GMPR
DDRGK1	NT5DC1
DDRGK1	FAM219B
DDRGK1	AC114689.3
SLC4A11	JAK3
ADRA1D	ATRIP
SHLD1	UEVLD
SHLD1	FKRP
AL035461.2	MED21
FERMT1	MAL
FERMT1	AL118505.1
LINC01428	ZNF527
AL021396.1	SHOX
SNAP25-AS1	CDH24
AL035448.1	REXO1
ISM1	AC079145.1
SNRPB2	ACTC1
PCSK2	FZD8
PCSK2	ALDH1L2
BFSP1	LINC01336
SMIM26	AC012360.1
SMIM26	LY75-CD302
SMIM26	AC007383.2
SMIM26	EEF1E1-BLOC1S5
SMIM26	ZBED9
SMIM26	HCG9
SMIM26	CENPW
SMIM26	FAM239B
SMIM26	AC087855.1
SMIM26	AC006064.4
SMIM26	UBE2L5
SMIM26	ATP11AUN
SMIM26	AC015917.2
SMIM26	NDUFA13
SMIM26	NFKBID
AL049647.1	AP000802.1
CFAP61	CFAP54
LINC01431	VWA8-AS1
CST3	ATP5PB
CST3	PRADC1
CST3	CNPPD1
CST3	VPS28
CST3	PTGES2
CST3	NUDT8
CST3	FAM173A
CST3	PHB
CST3	GALK1
CST3	TOMM22
ZNF337	ZBTB11
ZNF337	THAP9
AL078587.1	AP000721.1
LINC01597	LINC01598
ID1	UBE2T
ID1	AC104463.2
ID1	RAPGEF6
ID1	C6orf58
ID1	CFAP58
ID1	IGFBP6
ID1	LINC01842
ID1	AC115522.1
XKR7	XKR5
XKR7	PDZD7
ZNF341-AS1	AGAP2-AS1
ZNF341-AS1	AC020637.1
ZNF341-AS1	FAM110A
GDF5	PRODH
ERGIC3	CLUH
SCAND1	NIFK
SCAND1	HEBP1
SCAND1	GXYLT1
SCAND1	TBL3
NORAD	DYNLL2
AL121895.1	C1QTNF2
SAMHD1	RMI1
NNAT	ACTL6B
VSTM2L	TEDC1
SLC32A1	AL031848.2
SLC32A1	CENPF
SLC32A1	AC007314.1
SLC32A1	KRTAP5-11
SLC32A1	DENND5B-AS1
SLC32A1	LINC00507
SLC32A1	CALB2
SLC32A1	NEUROD2
SLC32A1	ADRA1D
SLC32A1	PSG11
SLC32A1	ADAMTS5
FAM83D	SKOR1
PTPRT	CACNA1E
PTPRT	TCF7L1
PTPRT	MASP1
PTPRT	ARHGEF28
PTPRT	KCNN2
PTPRT	CAV2
PTPRT	DCX
PTPRT	SPON1
PTPRT	ANO2
PTPRT	CCDC102A
PTPRT	SERPINF2
ADA	SOX11
RBPJL	AL591845.1
RBPJL	E2F7
SDC4	AC084125.4
NCOA5	GORAB
NCOA5	EIF4E2
NCOA5	PAK1IP1
NCOA5	SRRT
SLC13A3	AC130324.2
LINC01754	PTPN22
LINC01754	LINC01829
LINC01754	LINC01807
LINC01754	AL592043.1
LINC01754	CHRNB3
LINC01754	RDH12
LINC01754	AL590079.1
LINC01754	ZIM2-AS1
AL354813.1	MEIS1-AS2
AL354813.1	AC108159.1
AL354813.1	CNTFR-AS1
AL354813.1	AL583839.1
AL354813.1	AP000547.3
PREX1	STK40
PREX1	B4GALT2
PREX1	TTF2
PREX1	MAPKAPK2
PREX1	WDR91
PREX1	CLPB
PREX1	ATP6V0A2
PREX1	CAPN15
SLC9A8	AL359232.1
LINC01273	AC020911.2
TSHZ2	GRIN2D
AL109930.1	TSHZ2
AL354993.2	AC118757.1
AL157838.1	TSPAN33
AL157838.1	AC004466.1
AC005808.1	ESPN
AC005220.1	RIIAD1
AC005220.1	AL445228.2
AC005220.1	TBC1D8-AS1
AC005220.1	KLHL36
DOK5	SYNDIG1
DOK5	MN1
LINC01440	CD1D
LINC01440	GNLY
LINC01440	NKIRAS1
LINC01440	TBX5
LINC01440	AC138969.1
LINC01440	LINC00470
LINC01440	TGM3
LINC01440	DAND5
LINC01440	IL12RB1
LINC01440	LIMK2
AL109955.1	PTPRC
AL109955.1	GCNT1
AL109955.1	AC009163.4
APCDD1L	CENPH
APCDD1L	EHMT2-AS1
APCDD1L	LZTS1-AS1
APCDD1L	LINC01607
APCDD1L	AC068987.3
ATP5F1E	INTS7
ATP5F1E	CCDC180
ATP5F1E	UBA52
AL137077.2	SLC39A8
PSMA7	ZNF574
SLCO4A1-AS1	SLC25A34-AS1
SLCO4A1-AS1	AC016727.1
SLCO4A1-AS1	DPP4
SLCO4A1-AS1	AC099542.1
SLCO4A1-AS1	STPG2
SLCO4A1-AS1	SCIN
SLCO4A1-AS1	AC011294.1
SLCO4A1-AS1	PHEX
SLCO4A1-AS1	AC100803.3
SLCO4A1-AS1	LINC01374
SLCO4A1-AS1	MYH7
SLCO4A1-AS1	AC127522.1
SLCO4A1-AS1	IRF8
SLCO4A1-AS1	SLCO4A1
SLCO4A1-AS1	CYP2D6
NTSR1	GNB1L
GID8	ENTR1
NKAIN4	AL121827.2
ARFGAP1	MST1
ARFGAP1	ZMIZ2
ARFGAP1	LCNL1
ARFGAP1	NSMF
ARFGAP1	B4GALNT4
ARFGAP1	PIDD1
ARFGAP1	AGAP2
COL20A1	AL603840.1
EEF1A2	CAMK2N1
EEF1A2	NCDN
EEF1A2	SCX
PPDPF	HMGN2
PPDPF	CCNG1
PPDPF	MDK
PPDPF	SLC39A11
AL121845.1	TBX15
AL121845.1	AC100821.2
TCEA2	PNP
THEG	C1orf229
THEG	CNGA1
THEG	BRCC3
THEG	SLC28A3
THEG	TMEM236
THEG	AC025576.2
THEG	MMP14
THEG	CBLN1
THEG	AC099850.2
THEG	LINC01483
THEG	FPR1
ODF3L2	DHX16
ODF3L2	PLA2G7
BSG	IPO13
BSG	BAG6
BSG	RRAGD
BSG	ZMYM3
BSG	BGN
BSG	RAB1B
BSG	FNTB
BSG	UBALD1
AZU1	LINC01885
TMEM259	FAHD2A
TMEM259	TTLL3
TMEM259	SLC29A1
TMEM259	GBA2
TMEM259	FAM69B
TMEM259	NAA40
TMEM259	RHBDF1
TMEM259	STX1B
TMEM259	C1QL1
TMEM259	AC110285.2
TMEM259	DUS1L
TMEM259	SLC35C2
TMEM259	NPEPL1
TMEM259	FSTL3
TMEM259	SF3A2
TMEM259	DCAF15
TMEM259	ARHGEF1
TMEM259	LRRC75B
GPX4	PRR18
GPX4	ZNF408
GPX4	AC021739.2
GPX4	PCYT2
ATP5F1D	TECPR1
ATP5F1D	ARL4D
MIDN	TMEM201
MIDN	PIAS3
MIDN	ACOT13
MIDN	THAP2
CIRBP	FNDC5
CIRBP	MAEL
CIRBP	DYRK3
CIRBP	AC017074.1
CIRBP	COL5A2
CIRBP	D2HGDH
CIRBP	MDC1
CIRBP	NMBR
CIRBP	ARSD
CIRBP	PNMA3
CIRBP	NRBP2
CIRBP	TTC16
CIRBP	NOXA1
CIRBP	TYSND1
CIRBP	ABCC2
CIRBP	RASSF8-AS1
CIRBP	CCDC62
CIRBP	CPNE7
CIRBP	CCDC102B
CIRBP	GIPC1
CIRBP	ZNF675
CIRBP	TMEM147-AS1
CIRBP	CU633967.1
C19orf24	AC105942.1
RPS15	RPL11
RPS15	AL033528.2
RPS15	S100A6
RPS15	GUK1
RPS15	RNF181
RPS15	TMA7
RPS15	AC109347.1
RPS15	COX7C
RPS15	OOEP
RPS15	CETN2
RPS15	RPL10
RPS15	FUT10
RPS15	NDUFB9
RPS15	RPL8
RPS15	EDF1
RPS15	POLR2L
RPS15	C11orf71
RPS15	AL133352.1
RPS15	H2AFJ
RPS15	RPL41
RPS15	RPL6
RPS15	GGACT
RPS15	RPLP1
RPS15	VPS4A
RPS15	PSMB3
RPS15	AC016205.1
RPS15	RPL36
RPS15	COX6B1
RPS15	APLP1
RPS15	RPS16
RPS15	RPS5
AC027307.2	EHHADH
AC027307.2	AL845472.1
AC027307.2	RFWD3
C19orf25	SRA1
UQCR11	AC124657.1
ATP8B3	SBF2-AS1
ATP8B3	RBBP9
SCAMP4	CAPN10
MKNK2	AQP11
MKNK2	PIP5K1C
DOT1L	USP42
DOT1L	P3H3
DOT1L	KMT2B
PLEKHJ1	TMEM198
PLEKHJ1	TSTA3
JSRP1	LINC02115
JSRP1	GABRR2
JSRP1	ZNF792
TIMM13	TMEM176A
TIMM13	PCIF1
GADD45B	GADD45A
GADD45B	BHLHE40
GADD45B	SLC2A3
GADD45B	JUNB
GADD45B	ZFP36
AC092068.1	SEMA5A-AS1
AC006538.2	LINC02203
GNA15	AL590783.1
GNA15	FIP1L1
GNA15	AL162254.1
GNA15	AC091534.1
GNA15	AL390964.1
GNA15	HSBP1L1
GNA15	SEPT5
GNA15	SMTN
MRPL54	KIAA1191
EEF2	ARL8A
EEF2	SLC35A4
EEF2	HMGA1
EEF2	PTP4A1
EEF2	UCK1
EEF2	HYOU1
EEF2	ERAL1
EEF2	NUCB1
EEF2	H1F0
ZBTB7A	PCNX3
ZBTB7A	ZNF384
AC007292.2	MNT
PLIN5	AP000688.2
SEMA6B	LONP1
MYDGF	ST6GALNAC4
MIR7-3HG	ATG9B
MIR7-3HG	PTPN3
AC005523.1	AC239799.2
AC005523.1	SHE
AC005523.1	SHCBP1L
AC005523.1	LINC01703
AC005523.1	AC008875.1
AC005523.1	SPATA48
AC005523.1	FAM167A
AC005523.1	AP003068.2
AC005523.1	JMJD1C-AS1
AC005523.1	NEURL1-AS1
AC005523.1	DAO
KDM4B	GTF2IRD1
KDM4B	AC087294.1
RPL36	RBM8A
RPL36	RGS2
RPL36	MEMO1
RPL36	PACRG
RPL36	WDR74
RPL36	UBL5
RPL36	ZNF382
RPL36	NDUFA3
RPL36	AC010642.2
C19orf70	SNRPE
C19orf70	AC096887.1
C19orf70	MRPL11
PRR22	AMDHD2
AC011444.3	IQCA1
AC011444.3	AL162426.1
AC011471.2	MAPK13
AC011491.3	MMP23B
AC011491.3	AC096586.1
AC011491.3	FMR1NB
AC011491.3	AC084346.1
CD70	AC096733.2
CD70	AC073073.2
CD70	PLBD1
CD70	AL031709.1
CD70	AC005962.1
C3	AC023632.2
ADGRE1	SCAMP1-AS1
ADGRE1	TICRR
ADGRE1	ACAP1
AC119396.2	ZNF30-AS1
ZNF358	UBE2Q1
PET100	CENPN
PRR36	PTPN23
CCL25	AL357500.1
CCL25	UPK1B
CCL25	DISP2
CCL25	WNK4
FBN3	RASGEF1C
FBN3	ELN
FBN3	GPR158
FBN3	EPB41L3
AC022146.2	HS3ST5
AC022146.2	AL359922.1
AC022146.2	PRB2
AC022146.2	UBOX5-AS1
RPS28	LMLN
RPS28	DCK
RPS28	SIGIRR
RAB11B	E2F4
RAB11B	RUNDC3A
RAB11B	NR2F6
MUC16	DNAJB13
MUC16	ZFP1
AC011451.1	AC026412.3
AC011451.1	AC106820.5
AC011451.1	AC093512.2
AC011451.1	SYT3
ZNF560	AC008780.2
ZNF560	AP005901.2
ZNF426-DT	C1orf174
ZNF426-DT	LINC01780
ZNF426-DT	ZSCAN21
ZNF426-DT	ARHGAP36
ZNF426-DT	AL358781.1
ZNF426-DT	LINC02453
ZNF426-DT	AP000254.1
UBL5	PAFAH2
UBL5	PCGF1
UBL5	CHST14
UBL5	AC005899.7
PIN1	CISD3
COL5A3	GNAI1
C19orf66	ADPRHL2
C19orf66	AC091826.2
ANGPTL6	MYO1E
ANGPTL6	DMKN
AC114271.1	ZNF182
CDC37	AKR1A1
CDC37	TSR2
CDC37	MAN1B1
CDC37	LMF2
AP1M2	GPR61
AP1M2	AC138393.3
AP1M2	LINC01337
AP1M2	EBF2
QTRT1	AC107464.3
QTRT1	LINC00685
QTRT1	RHPN1
QTRT1	MINPP1
QTRT1	SPATA20
QTRT1	ARFRP1
QTRT1	SARS2
C19orf38	AL392046.1
TSPAN16	LINC02518
TSPAN16	AQP1
PLPPR2	TRMT2A
RGL3	HOMEZ
ELOF1	RAC3
ELOF1	DMAC2
AC008770.1	AL159163.1
AC008770.1	DCDC1
DHPS	CDK5RAP3
ASNA1	ZBTB45
JUNB	ANP32E
JUNB	CSRNP1
JUNB	HEY2
JUNB	TSSC4
CALR	PDIA4
CALR	ECHS1
CALR	CRELD2
RAD23A	HOMER2
GADD45GIP1	GNG3
GADD45GIP1	ATG101
GADD45GIP1	RNF215
STX10	RCE1
STX10	FES
STX10	RILP
C19orf53	LSM10
C19orf53	MLLT11
C19orf53	MDH2
C19orf53	BRF2
C19orf53	TM2D2
C19orf53	PELI3
C19orf53	RARA-AS1
PALM3	YKT6
SAMD1	MAZ
ASF1B	VAMP8
AC011509.2	PDE4A
LINC01842	ZNF697
LINC01842	PRDM12
LINC01842	CES5A
LINC01842	AC024361.2
AC008569.1	AC026790.1
AC008569.1	AC104590.1
AC008569.1	AC010336.1
GIPC1	RHPN2
DNAJB1	HIST2H2BE
DNAJB1	HSPE1-MOB4
DNAJB1	AC113346.2
DNAJB1	CD2AP
DNAJB1	AL445472.1
DNAJB1	AC064807.1
DNAJB1	TRAF2
DNAJB1	LINC01561
DNAJB1	C10orf143
DNAJB1	MYO5C
DNAJB1	SLC7A6OS
DNAJB1	PIPOX
DNAJB1	AC138150.1
NDUFB7	CMTM6
NDUFB7	SNRPC
NDUFB7	SF3B5
NDUFB7	ZNHIT1
NDUFB7	PPP1R16A
NDUFB7	RPP25L
NDUFB7	POLR2G
NDUFB7	FIBP
NDUFB7	HPS6
NDUFB7	RPUSD2
NDUFB7	MRPL28
NDUFB7	WDR24
NDUFB7	CD2BP2
NDUFB7	ATP6V0D1
OR7C1	AC092620.1
OR7C1	HAVCR1
OR7C1	ADGRF5
OR7C1	AL500522.1
OR7C1	IDO2
OR7C1	LINC01410
OR7C1	APOA1
OR7C1	RPAP3
OR7C1	HAUS4
OR7C1	JMJD7-PLA2G4B
OR7C1	AC015802.4
OR7C1	AL133465.1
OR7C1	XKR7
ILVBL	ALG3
ILVBL	GMPR2
NOTCH3	CCDC181
NOTCH3	C2orf16
BRD4	TXLNA
AKAP8L	ATAD3B
AKAP8L	MICALL2
AKAP8L	ORAI2
AKAP8L	MLXIP
AKAP8L	MMP17
AKAP8L	PLEKHM1
AKAP8L	ARFGAP1
AKAP8L	HIRA
CYP4F12	TRIM36
AC020917.2	AC018541.1
AC020908.1	TTC39A
AC020908.1	ZEB2-AS1
AC020908.1	LINC02060
AC020908.1	GINS2
AC020908.1	AC010531.6
AC020908.1	CFAP298
PLVAP	AL669970.1
FAM129C	BDNF
SLC5A5	AC079305.3
SLC5A5	PROSER1
ARRDC2	CCDC8
IL12RB1	TENT5D
IL12RB1	F10
IL12RB1	GLIS2-AS1
IL12RB1	SETD1A
RAB3A	ZCCHC4
JUND	CAMK2N2
JUND	PPP1R14B
JUND	ZNF579
UBA52	PPARGC1B
UBA52	PCOLCE
CRLF1	MPHOSPH10
CRLF1	GJA1
CRLF1	SH2B2
CRLF1	CHCHD7
CRLF1	AC022154.1
TMEM59L	B4GALNT1
NCAN	UBR5-AS1
TSSK6	AL365318.1
TSSK6	URGCP-MRPS24
NDUFA13	CALM2
NDUFA13	CD248
NDUFA13	AC006213.2
YJEFN3	COL7A1
ZNF506	CHURC1
ZNF90	AL627171.1
ZNF708	ARMCX5
ZNF708	BLOC1S2
ZNF708	ZNF460
AC123912.2	AL035701.1
AC123912.2	LINC00944
AC123912.2	TNFAIP1
AC123912.2	FBXO46
AC092364.1	AC069133.1
AC092364.1	PEPD
ZNF675	PEMT
ZNF681	ZNF354B
AC011503.1	CDC25C
ERVK-28	AL121985.1
AC010511.1	DPYSL4
AC005381.1	RWDD4
AC005381.1	RP1L1
AC008991.1	LINC00906
LINC01532	VILL
UQCRFS1	DDOST
UQCRFS1	ALKBH4
UQCRFS1	MRPS11
AC011474.2	LINC02482
AC011474.2	AL021408.1
AC011474.2	TDRD7
PLEKHF1	TSPYL2
PLEKHF1	UNG
ZNF536	TOGARAM2
AC020912.1	AC010904.2
AC020912.1	AF279873.4
AC020912.1	CCKBR
AC020912.1	AL354811.1
AC020912.1	SLC6A4
AC020912.1	SLC19A1
AC025809.1	TRMT9B
PDCD5	ALS2CR12
AC008736.1	LINC00910
SLC7A9	LINC02094
CHST8	SLC6A11
ZNF302	MED10
ZNF302	TRMT10B
LINC00904	AL121827.1
LSR	AC093330.1
LSR	AP001437.1
MAG	CARNS1
TMEM147	KBTBD4
AD000090.1	DELE1
AD000090.1	EXOC3L2
COX6B1	WDR73
COX6B1	POLR2I
KMT2B	CDK11B
HSPB6	PARP3
HSPB6	ENKD1
NPHS1	AC139149.1
CLIP3	RIPK1
CLIP3	PRRT1
POLR2I	ENOSF1
TBCB	CRIP2
TBCB	HSPBP1
ZNF565	AL031280.1
ZNF565	AC016766.1
ZNF565	MRPS18C
ZNF565	AL512422.1
ZNF565	FUCA2
ZNF565	PDCD2
ZNF565	INTS1
ZNF565	SPDYE5
ZNF565	PPP2R3B
ZNF565	PHF2
ZNF565	STT3A-AS1
ZNF565	AL365356.1
ZNF565	HSPA14-1
ZNF565	SLC18A2
ZNF565	RNF212B
ZNF565	LINC02256
ZNF565	AC091045.1
ZNF565	RAB11A
ZNF565	AC103876.1
ZNF565	ZFPM1
ZNF565	SCIMP
ZNF565	CRLF3
ZNF565	DNAH17
ZNF565	AL109930.1
ZNF565	AC020913.1
ZNF565	ZNF766
ZNF565	FP671120.1
AC092295.2	AL589666.1
AC010632.1	AC010491.1
LINC01535	NPIPB4
SPINT2	AC008741.2
SPRED3	EPHB3
SPRED3	UBTD1
SPRED3	KLHL1
SPRED3	TIMP3
MAP4K1	PLEKHD1
AC008649.2	SACS-AS1
ECH1	PDZD11
MRPS12	MIEF2
MRPS12	MRPS23
ACP7	MUC13
ACP7	HAUS8
ZFP36	SOCS3
RPS16	LYSMD2
RPS16	PHF5A
DLL3	PQLC3
CLC	DCST2
CLC	C10orf88
CLC	AL132780.2
CLC	Z73429.1
PSMC4	DHX40
PSMC4	GTF2F1
TTC9B	SLC27A3
TTC9B	SHARPIN
TTC9B	TMUB2
HIPK4	CHRNA10
HIPK4	CHAF1B
NUMBL	BAALC-AS2
ITPKC	MAP2K3
AC008537.1	FO393400.1
AC008537.1	AP001628.1
AC008537.2	AP000753.2
AC008537.2	TRIM16L
CYP2A7	PLA2R1
CYP2A7	BCO2
B9D2	CPS1
AC243967.2	AC136944.1
RPS19	RPS20
RPS19	COX6C
RPS19	AC012435.2
RPS19	LINC02193
RABAC1	DTYMK
RABAC1	APOD
RABAC1	CD151
RABAC1	MLF2
RABAC1	SCG3
GRIK5	ELMOD2
GRIK5	SNHG21
GRIK5	CATSPERG
AC006486.1	SERF1B
AC006486.1	UFSP1
AC006486.1	FAM214B
AC006486.1	AL807752.7
AC006486.1	AC091057.3
AC006486.1	GCOM1
AC006486.1	SULT1A3
AC006486.1	SCGB1B2P
CXCL17	CNGA4
PSG8-AS1	TP53INP2
PSG11	TLR2
TEX101	EPHA2
TEX101	AC013472.3
TEX101	AL590727.1
TEX101	JMJD7-PLA2G4B
TEX101	PYCARD-AS1
IGSF23	TMEM125
IGSF23	AL390728.5
IGSF23	GPR62
IGSF23	U91328.3
IGSF23	AC019117.1
IGSF23	AL358781.2
IGSF23	AC011442.1
IGSF23	BX324167.1
AC243964.2	PPL
AC243964.2	AC008761.1
CBLC	AC098484.2
CBLC	LINC01990
CBLC	AC112907.1
CBLC	AC025180.1
CBLC	FKBP1C
CBLC	ADGB
CBLC	CFAP46
CBLC	ARNTL2-AS1
CBLC	AC135050.1
CBLC	AC008764.6
PPM1N	AC007620.2
SNRPD2	EBNA1BP2
SNRPD2	FAM117A
AC092301.1	AC138028.1
AC092301.1	MYCBPAP
IRF2BP1	NUDT17
PGLYRP1	FAM110D
PGLYRP1	AC004381.1
HIF3A	AL033529.1
HIF3A	DUSP9
HIF3A	TPCN2
HIF3A	EEF2K
HIF3A	JUP
HIF3A	PLIN5
HIF3A	UHRF1
HIF3A	GCDH
HIF3A	AC007193.2
HIF3A	AC007325.2
AC007193.2	AC009034.1
AC007193.2	AC010531.5
AC007193.2	ZNF444
AC007193.3	AC097359.3
AC007193.3	AC010245.2
AC007193.3	AL358937.1
PPP5D1	AC008438.1
CALM3	TSPYL1
CALM3	SCN2B
CALM3	GHITM
CALM3	NFE2L1
CALM3	NORAD
GNG8	LPAR2
TMEM160	CDK5
ZNF541	AC003666.1
SELENOW	PRDX6
SELENOW	AOX1
SELENOW	AP2M1
SELENOW	FAM13A-AS1
SELENOW	TMED7-TICAM2
SELENOW	LEAP2
SELENOW	NDUFAF4
SELENOW	TCEAL9
SELENOW	CLU
SELENOW	ALG2
SELENOW	SNHG7
SELENOW	HSPA8
SELENOW	PCBD1
SELENOW	BHLHE41
SELENOW	PFKM
SELENOW	GTF3A
SELENOW	AL138963.1
SELENOW	SLC22A17
SELENOW	MRPL46
SELENOW	FAM234A
SELENOW	AC002310.1
SELENOW	HSBP1
SELENOW	CHMP2A
SELENOW	ATP5PF
SELENOW	SOD1
SELENOW	CBR1
TPRX1	APOM
TPRX1	RAET1E
TPRX1	AC091057.6
CRX	SNTB1
CRX	PDCD4-AS1
SULT2A1	LINC02365
SULT2A1	B9D2
PLA2G4C	MAP2K7
AC011466.3	LACTB2
CCDC114	LINC01554
CCDC114	KLF5
RPL18	BX284668.5
RPL18	SNHG12
RPL18	EFCAB2
RPL18	DBI
RPL18	IMPDH2
RPL18	SOD3
RPL18	DDAH2
RPL18	RNF5
RPL18	CUTA
RPL18	MRPS10
RPL18	AC006333.2
RPL18	HCCS
RPL18	PJA1
RPL18	RTL8B
RPL18	CYC1
RPL18	HINT2
RPL18	RPL7A
RPL18	TRMT112
RPL18	ZFPL1
RPL18	THYN1
RPL18	RABGGTA
RPL18	SDR39U1
RPL18	NUBP2
RPL18	NDUFB10
RPL18	RPS2
RPL18	FAM96B
RPL18	RPH3AL
RPL18	GLOD4
RPL18	AC005921.2
RPL18	PPDPF
RPL18	LKAAEAR1
RPL18	CHCHD10
SPHK2	SHKBP1
TULP2	AL139246.5
TULP2	LINC01676
TULP2	LGR6
TULP2	COL21A1
TULP2	AC087645.2
TULP2	CCDC68
DHDH	HSH2D
FTL	C1orf56
FTL	SF3B6
FTL	BRK1
FTL	RPL15
FTL	EIF1B
FTL	TEX264
FTL	H2AFZ
FTL	WWC1
FTL	COPS6
FTL	ATP6V1F
FTL	TMEM35A
FTL	ATP6V1G1
FTL	FTH1
FTL	FAU
FTL	GSTP1
FTL	TRAPPC4
FTL	DPAGT1
FTL	GAPDH
FTL	C12orf57
FTL	BTG1
FTL	POMP
FTL	ITM2B
FTL	SOX21-AS1
FTL	DAD1
FTL	HSPA2
FTL	SRP14
FTL	IMP3
FTL	PITPNA-AS1
FTL	SLC16A13
FTL	AC016876.1
FTL	RANGRF
FTL	AC004448.2
FTL	ATP5MC1
FTL	ATP5F1D
FTL	TIMM13
FTL	ANKRD24
FTL	MYDGF
FTL	TMEM147
FTL	RABAC1
FTL	ZNF677
FTL	TSEN34
FTL	ZNF587
FTL	AL118516.1
SLC17A7	EFHD2
SLC17A7	SLC30A3
SLC17A7	PTPRN
SLC17A7	CAMKV
SLC17A7	RXFP1
SLC17A7	SYNPO
PIH1D1	AC009404.1
PIH1D1	MADCAM1
ALDH16A1	AC013402.1
ALDH16A1	ODAPH
ALDH16A1	FRS3
ALDH16A1	AC009264.1
ALDH16A1	CCDC78
RPL13A	USP39
RPL13A	XIRP2
RPL13A	AC068631.2
RPL13A	WRNIP1
RPL13A	SMIM30
RPL13A	NXT2
RPL13A	ZBTB6
RPL13A	RPL35
RPL13A	HMCN2
RPL13A	RPL27A
RPL13A	PEX16
RPL13A	MS4A5
RPL13A	ANKRD49
RPL13A	ERCC6
RPL13A	AC135586.2
RPL13A	ZNF891
RPL13A	PSME2
RPL13A	PDCD7
RPL13A	SMAD3
RPL13A	AC010528.1
RPL13A	RPL23
RPL13A	RPL27
RPL13A	EFCAB3
RPL13A	RPRD1B
RPL13A	OSBPL2
RPL13A	ZNF737
RPL13A	AC025809.1
RPS11	KIAA1324L
RPS11	IGSF1
RPS11	PSME3
ADM5	AC116096.1
ADM5	HCLS1
TSKS	MSANTD1
TSKS	AC098587.1
TSKS	GDF9
TSKS	ITK
TSKS	DEF6
TSKS	SEPT14
TSKS	AC091013.1
TSKS	LINC02378
TSKS	IGF1
TSKS	C15orf59
TSKS	AC005304.1
TSKS	AC008105.1
TSKS	CREB3L3
TSKS	AC008543.1
TSKS	PEX26
PTOV1	INPP5E
PTOV1	PCED1A
PTOV1	PNPLA6
PTOV1	PRKCSH
AC010624.2	RNF227
NAPSA	PSG9
MYBPC2	LINC01100
MYBPC2	ZNF761
FAM71E1	P2RY1
EMC10	RNF166
C19orf81	TRIM25
AC063977.3	CTSV
AC063977.3	OASL
AC063977.3	LINC00868
ETFB	AL365181.4
SPACA6P-AS	AC103736.1
ZNF649-AS1	LENG9
AC011468.5	AC021752.1
AC011468.3	CRNKL1
PPP2R1A	MEPCE
PPP2R1A	MAPK3
PPP2R1A	PNPO
PPP2R1A	CDC34
PPP2R1A	CAPNS1
AC010320.2	AC011462.1
CACNG8	AL139220.2
CACNG8	DNAH1
CACNG8	MRPS30
CACNG8	CMTR1
CACNG8	SNX8
CACNG8	LRRC29
CACNG8	DUS2
CACNG8	PELP1
CACNG8	TUBD1
CACNG8	NRSN2-AS1
CACNG6	AL133245.1
CNOT3	PNPLA6
RPS9	MRPS18B
RPS9	COMMD5
RPS9	RPS3
RPS9	C16orf91
RPS9	RPS19BP1
LENG8	BORCS7-ASMT
LENG8	SOX12
LENG8	SEMA6B
NLRP7	SKA3
NLRP7	SRL
TMEM150B	AP000763.3
RPL28	MAD2L2
RPL28	HTRA2
RPL28	C4orf48
RPL28	ACSL6
RPL28	HNRNPA0
RPL28	NELFE
RPL28	PDE10A
RPL28	RHBDD2
RPL28	TMUB1
RPL28	MID1IP1
RPL28	SLC35A2
RPL28	RPS6KA6
RPL28	RTL8C
RPL28	NXF1
RPL28	ATP5MC2
RPL28	NABP2
RPL28	SPTB
RPL28	RIOX1
RPL28	CRAMP1
RPL28	HCFC1R1
RPL28	PPP4C
RPL28	ACD
RPL28	ADRM1
RPL28	XAB2
RPL28	ELOF1
RPL28	CCDC124
RPL28	LRFN1
RPL28	RRP1
CCDC106	TMEM214
NLRP8	LOXHD1
C19orf18	CASC1
C19orf18	TIMM9
C19orf18	TTLL1
A1BG-AS1	AC120042.1
A1BG-AS1	AL583859.2
A1BG-AS1	WNT10B
A1BG-AS1	CYGB
RPS5	RPLP0
RPS5	UBL5
AC012313.1	AC026167.1
AC012313.1	METAP1
AC012313.1	AC007091.1
AC012313.1	AC021678.2
AC012313.1	AC135050.4
TRIM28	SF3B4
TRIM28	NAA60
TRIM28	ZNF319
TRIM28	AC015922.4
TRIM28	MED16
RPS4Y1	USP9Y
ZFY	VAMP4
ZFY	RPS4Y1
ZFY	TTTY15
ZFY	UTY
ZFY-AS1	PDCD2L
AC010737.1	A3GALT2
AC010737.1	GBP4
AC010737.1	AL354732.1
AC010737.1	RGPD1
AC010737.1	AC093802.1
AC010737.1	CCDC174
AC010737.1	OCM
AC010737.1	PRPS2
AC010737.1	AC015795.1
AC010737.1	CABLES2
AC010737.1	PSPN
TTTY15	XIST
TTTY15	TTTY10
DDX3Y	ZFY
DDX3Y	LINC00278
DDX3Y	TBL1Y
DDX3Y	TTTY15
DDX3Y	TMSB4Y
DDX3Y	KDM5D
DDX3Y	EIF1AY
UTY	TTTY14
TMSB4Y	AC006157.1
TMSB4Y	ZFY-AS1
NLGN4Y-AS1	AC007193.1
NLGN4Y-AS1	ZFY-AS1
TTTY14	NLGN4Y
AC010889.1	UNC5CL
AC010889.1	NCR3LG1
AC010889.1	TBC1D30
AC010889.1	AC006157.1
AC010889.1	NLGN4Y-AS1
AC010889.1	L3MBTL2
EIF1AY	AC010889.1
GAB4	FAM71F1
GAB4	ABHD8
SLC25A1	PNPLA2
SLC25A1	ZNF143
CLTCL1	CNR1
CLTCL1	THBS2
CLTCL1	MMAB
CLTCL1	BEAN1
AC000068.1	LINC02367
AC000068.2	ACKR2
DGCR8	DUSP11
RANBP1	NREP
DGCR6L	LIMS2
DGCR6L	EPOR
KLHL22	KLHL18
KLHL22	ZKSCAN5
KLHL22	KMT2D
KLHL22	AC093249.6
KLHL22	UBOX5
AIFM3	LINC00900
BCR	KCNN3
BCR	LMOD1
BCR	LIMD1
BCR	OSBPL11
BCR	TUB
BCR	FGD4
BCR	KLF13
BCR	KIF1C
LINC02556	LINC02056
LINC02556	AC015849.1
GGT5	THPO
GGT5	RP9
GGT5	ATP7A
ADORA2A-AS1	NOC3L
PIWIL3	PTGFR
PIWIL3	LINC01206
PIWIL3	LINC02377
PIWIL3	AC008568.1
PIWIL3	PANO1
PIWIL3	CLEC4C
PIWIL3	CD68
PIWIL3	AL078587.1
PIWIL3	OGFRP1
MYO18B	ARRDC4
SEZ6L	DISP3
SEZ6L	GLRX
SEZ6L	DUSP22
SEZ6L	CA8
SEZ6L	ZNF618
SEZ6L	RNLS
SEZ6L	AC027290.1
SEZ6L	LINC00639
SEZ6L	AL160191.1
SEZ6L	AC005821.1
XBP1	AL122035.1
UQCR10	LAMTOR2
UQCR10	ARV1
UQCR10	EIF4A2
UQCR10	ATOX1
UQCR10	PRELID1
UQCR10	MEA1
UQCR10	NDUFB11
UQCR10	TIMM8A
UQCR10	F8A1
UQCR10	FUNDC2
UQCR10	RRAGA
UQCR10	ZNHIT2
UQCR10	DRAP1
UQCR10	CHCHD1
UQCR10	C12orf29
UQCR10	MESP1
UQCR10	SNRNP25
UQCR10	THAP11
UQCR10	MAP1LC3A
UQCR10	SNAPC2
UQCR10	MRPL34
UQCR10	DDA1
UQCR10	MRPS12
UQCR10	FUZ
CASTOR1	EPOP
OSBP2	CD302
SELENOM	COX5B
SELENOM	SLC2A9
SELENOM	AC008667.1
SELENOM	SRRM3
SELENOM	SSNA1
SELENOM	RHOG
SELENOM	AP003108.2
SELENOM	IFIT2
SELENOM	ABCC1
SELENOM	DGCR6L
SELENOM	OSBP2
SELENOM	TSPO
YWHAH	ENO2
YWHAH	CTXN1
AL008723.1	SLC5A4-AS1
AL008723.1	SLC5A4
AL008723.3	RFPL2
AL008723.3	AL008723.1
SYN3	EMILIN2
TIMP3	WNT5A
TIMP3	ARID3B
TIMP3	SLC2A10
Z73429.1	AC007349.1
Z95114.4	TMEM125
Z95114.4	LINC02012
Z95114.4	AC044849.1
Z95114.4	AL354836.1
APOL4	VSIR
APOL4	AL691403.1
APOL4	CIITA
CACNG2	AL049749.1
PVALB	EFNA3
PVALB	TAC1
PVALB	NUDT15
PVALB	MAFB
TST	LRRC45
ELFN2	ZNF362
ELFN2	AL117348.2
ELFN2	TXNRD3NB
ELFN2	FRMPD1
ELFN2	STOM
ELFN2	NTNG2
ELFN2	AP000721.2
ELFN2	CDON
ELFN2	AC008050.1
ELFN2	ADAMTS10
ELFN2	ARVCF
ELFN2	SEZ6L
NOL12	AC003084.1
NOL12	CDH5
TRIOBP	YPEL5
GALR3	HEMK1
GALR3	AC023830.1
GALR3	MAFTRR
C22orf23	EDEM2
BAIAP2L2	ADPRM
AL022322.2	AC074031.1
AL022322.2	AC007216.2
CSNK1E	GNG12-AS1
CSNK1E	AMPD2
CSNK1E	SHROOM1
CSNK1E	GPT
CSNK1E	ZFP37
CSNK1E	AC087386.1
CSNK1E	TOB1
CSNK1E	TBC1D17
CSNK1E	CNOT3
CSNK1E	LENG8-AS1
KCNJ4	RASL10A
FAM227A	TSNAX-DISC1
FAM227A	SCAMP4
TOMM22	TOR1A
NPTXR	GLI4
NPTXR	FLII
NPTXR	ZNF865
APOBEC3H	TRABD2A
APOBEC3H	ASB18
APOBEC3H	ARHGAP26-AS1
APOBEC3H	UST-AS1
APOBEC3H	GJC3
APOBEC3H	AP003498.1
APOBEC3H	AC005871.2
APOBEC3H	AL049775.1
APOBEC3H	AC139099.3
CBX7	UNKL
RPL3	B4GALT3
RPL3	CDKN2AIP
RPL3	STARD10
RPL3	CUEDC2
RPL3	LMO7
RPL3	OTX2-AS1
RPL3	MIEN1
RPL3	CTSZ
RPL3	YJU2
RPL3	PAFAH1B3
ATF4	PRR14
SGSM3	MED12
AL022238.2	AC002310.2
AL022238.2	OGFOD1
AL031594.1	AL136295.1
MCHR1	PLCH2
MCHR1	SERPINI1
MCHR1	AC009126.1
MCHR1	LRRC59
MCHR1	EHD2
MCHR1	PPP1R15A
ST13	PLOD1
TOB2	CDC42EP4
TOB2	SMOX
SNU13	MRPL20
SNU13	C8orf33
NDUFA6	NAGA
CYP2D6	AC008133.1
CYP2D6	PSG4
CYP2D6	LINC01864
SERHL2	ABCB1
SCUBE1	EPHB4
SCUBE1	TMEM235
SULT4A1	PCDH8
SHISAL1	VWA5B2
SHISAL1	C4orf50
SHISAL1	PLPPR3
WNT7B	PCDHB12
MIRLET7BHG	MIR29B2CHG
MIRLET7BHG	BOC
MIRLET7BHG	TRAF1
MIRLET7BHG	DGKA
Z98885.3	CFAP77
Z98885.2	TADA1
Z98885.2	AC090921.1
Z98885.2	LINC01538
Z98885.2	AC008392.1
Z98885.2	AL008638.3
AL671710.1	TSR1
AL022328.3	TADA2B
AL022328.3	AC006017.1
AL022328.3	AC138894.1
HDAC10	VARS2
HDAC10	TRO
HDAC10	AP1G2
HDAC10	AC005726.1
HDAC10	TUBGCP6
CPT1B	CHRNA6
CPT1B	ADGRD1
CPT1B	GOLGA6L4
SHANK3	FLRT1
SHANK3	CASKIN1
CU633967.1	AC011043.1
U2AF1L5	U2AF1
CU638689.4	LINC02477
CU638689.4	COL11A2
CU638689.4	AL161630.1
CU638689.4	TRIM5
CU638689.4	SHBG
CU638689.4	MFAP4
CU638689.4	LINC00334
FP671120.1	WDR92
FP671120.1	AL133523.1
FP671120.1	FP236383.1
FP236383.1	MTRNR2L12
AP001464.1	TMEM61
AP001464.1	DNAJB4
AP001464.1	HIPK1-AS1
AP001464.1	AL591848.2
AP001464.1	AC019069.1
AP001464.1	AC010105.1
AP001464.1	NXPH2
AP001464.1	KLHL41
AP001464.1	AC073834.1
AP001464.1	DAZL
AP001464.1	CX3CR1
AP001464.1	AC107029.2
AP001464.1	TIGIT
AP001464.1	LINC00682
AP001464.1	AL078581.1
AP001464.1	AC005076.1
AP001464.1	SAMD9
AP001464.1	AC004973.1
AP001464.1	AC083973.1
AP001464.1	SNAI2
AP001464.1	AL162385.1
AP001464.1	TAL2
AP001464.1	PKN3
AP001464.1	LINC00941
AP001464.1	AC023509.4
AP001464.1	MUCL1
AP001464.1	SFTA3
AP001464.1	LCAT
AP001464.1	CTDNEP1
AP001464.1	AC104984.6
AP001464.1	KLHL10
AP001464.1	AC068512.1
AP001464.1	AP005329.3
AP001464.1	AC092068.1
AP001464.1	LINC01791
AP001464.1	HSPB6
LIPI	FOXM1
AF127936.2	JMJD4
AF127936.2	ZNF140
AF127577.4	AL138881.1
AF127577.4	DSCC1
AF127577.4	GSTO2
AF127577.3	AC104435.2
AF127577.3	AL049875.1
NRIP1	RCAN2
NRIP1	NLRX1
NRIP1	CINP
NRIP1	WNT3
NRIP1	KAT7
NRIP1	ARSA
AJ009632.2	KIF6
AP000962.1	AC021321.1
CXADR	EMX2OS
CXADR	FOXG1
AL109761.1	AL512343.2
TMPRSS15	DBR1
TMPRSS15	NIPAL1
TMPRSS15	AL162718.1
MIR548XHG	FIGNL2
LINC00320	P2RY12
LINC00320	RPF2
AP000561.1	AC099344.1
AP000561.1	AC012442.1
AP000561.1	C2orf83
AP000561.1	AADACL2-AS1
AP000561.1	GPER1
AP000561.1	AC114737.1
AP000561.1	DCAF8L2
AP000561.1	AL162725.2
AP000561.1	RHOD
AP000561.1	PUS3
AP000561.1	FLI1
AP000561.1	LINC00836
AP000561.1	AC022075.2
AP000561.1	RERGL
AP000561.1	TEX49
AP000561.1	TPH2
AP000561.1	AL133372.3
AP000561.1	FBXL8
AP000561.1	AC025287.3
AP000561.1	ZFP3
AP000561.1	AC087164.1
AP000561.1	IKZF3
AP000561.1	TMEM106A
AP000561.1	AC145207.1
AP000561.1	AC020917.3
AP000561.1	FCGBP
AP000561.1	AC005498.1
LINC01684	AKR7A3
LINC01684	FAM43B
LINC01684	AC092053.3
LINC01684	AC078785.2
LINC01684	AC004835.1
LINC01684	AC074327.1
LINC01692	AL158835.1
ATP5PF	CAMK1
ATP5PF	GPR146
ATP5PF	GPR85
ATP5PF	OTUD6B-AS1
ATP5PF	AC007541.1
ATP5PF	KCTD4
ATP5PF	PLEKHH1
ATP5PF	AL121820.2
AP001439.1	PP2D1
AP001439.1	AC009716.1
CYYR1	GLRA4
CYYR1	AL157834.2
CCT8	FAM71F2
CCT8	DSCAS
TIAM1	IL6R
TIAM1	NPAS2
TIAM1	SLC22A5
TIAM1	SH3PXD2B
TIAM1	ARL4A
TIAM1	TBL1X
TIAM1	SAT1
TIAM1	CHST7
TIAM1	PVT1
TIAM1	ST3GAL1
TIAM1	AL391987.2
TIAM1	ANKRD20A3
TIAM1	PFKFB3
TIAM1	BEST3
TIAM1	SEZ6
TIAM1	PREX1
TIAM1	CCER2
SOD1	G0S2
SOD1	MANEA-DT
SOD1	HTATIP2
SOD1	GSTO1
SOD1	DYNLL1
SOD1	TPT1
SOD1	HSP90AA1
SOD1	CACNG5
SOD1	NNAT
SOD1	AC011511.1
SOD1	AC008537.1
LINC00159	LINC00158
OLIG2	LRRC8D
OLIG2	GPR37L1
OLIG2	CYP26B1
OLIG2	AMOTL2
OLIG2	GAS1
OLIG2	KCTD14
OLIG2	RGCC
OLIG2	SLITRK1
OLIG2	SOX8
OLIG2	FOXRED2
OLIG2	TST
OLIG2	OLIG1
OLIG1	BCAN
OLIG1	HDGF
OLIG1	GPR17
OLIG1	PDGFRA
OLIG1	NR0B1
OLIG1	LONRF3
OLIG1	BMS1P14
OLIG1	CHRNA4
AP000311.1	AL512330.1
AP000311.1	AL451070.1
AP000311.1	FILIP1L
AP000311.1	AL157938.2
AP000311.1	PXN
AP000311.1	NUBP1
AP000311.1	SNAP25-AS1
MRPS6	CEP85
MRPS6	AL513217.1
MRPS6	LINC00877
MRPS6	TMA16
MRPS6	RGS22
MRPS6	RPS6KB2
MRPS6	ENO4
MRPS6	RXYLT1
MRPS6	AL110292.1
MRPS6	NUP93
MRPS6	TMEM231
MRPS6	TMEM220-AS1
MRPS6	ITPA
MRPS6	MARCH2
LINC00310	KLKB1
LINC00310	AP000317.1
CLIC6	NPR3
AP000695.2	GMFG
AP000696.1	AC114490.3
AP000696.1	AC008073.3
PIGP	RIDA
PIGP	C12orf73
TTC3-AS1	SLC25A21-AS1
AP001043.1	WDR47
AP001043.1	HS3ST3A1
AF064858.1	ZFP28
B3GALT5-AS1	LINC01708
B3GALT5-AS1	AL161782.1
B3GALT5-AS1	AL121749.1
B3GALT5-AS1	AC032011.1
DSCAM-AS1	AL136985.1
DSCAM-AS1	USP12-AS1
ABCG1	NPM1
AP001627.1	AL353708.3
PKNOX1	BMP1
PKNOX1	MSANTD3-TMEFF1
PKNOX1	AL117190.1
CSTB	NPM3
CSTB	PAF1
TRAPPC10	PLPP3
TRAPPC10	CCNYL1
TRAPPC10	RENBP
TRAPPC10	HEATR3
TRAPPC10	ELL
LINC01678	TREH
TRPM2	AC100849.1
LINC01424	HSD17B6
LINC00334	AC009974.1
LINC00334	ELF4
LINC00334	SLCO4A1-AS1
LINC00334	AL671710.1
COL6A2	AL353052.1
COL6A2	AC021851.1
COL6A2	UPK3B
COL6A2	ENTPD2
COL6A2	PGGHG
COL6A2	AL136964.1
COL6A2	DNAJA2
COL6A2	PPP4R1-AS1
COL6A2	AL050327.1
COL6A2	AC011491.3
AP001468.1	FRZB
LSS	ZNF730
S100B	LRRTM1
S100B	ORMDL1
S100B	VHL
S100B	TIMP4
S100B	CASTOR2
S100B	C11orf80
S100B	ITGA7
S100B	NDN
S100B	ZNF785
MAFIP	AC131235.3
MAFIP	AC115837.2
MAFIP	ZNF607
AC004556.1	TUBA3D
AC004556.1	AC006487.1
