schema_version	context_id	module_id	test_id	contrast_id	contrast_order	modifier	module_order	module_role	group_1	group_2	group_3	group_4	group_1_donors	group_2_donors	group_3_donors	group_4_donors	group_1_donors_threshold50	group_2_donors_threshold50	group_3_donors_threshold50	group_4_donors_threshold50	minimum_group_donors	coverage_fraction	admitted_genes	coverage_pass	design_rank	residual_df	eligibility_status	model_status	failure_reason	estimate	robust_se	ci_low	ci_high	t_statistic	p_value_score	pc1_estimate.x	pc1_robust_se	pc1_ci_low	pc1_ci_high	pc1_p_value	q_value_score	direction	p_value_camera	q_value_camera	camera_status	primary_estimate	bootstrap_planned	bootstrap_successful	bootstrap_median	bootstrap_ci_low	bootstrap_ci_high	bootstrap_same_direction_fraction	bootstrap_valid	loo_planned	loo_successful	loo_sign_reversals	loo_largest_change_donor	loo_largest_absolute_change	loo_minimum_estimate	loo_maximum_estimate	balance_planned	balance_successful	balance_same_direction_fraction	balance_valid	threshold50_estimate	threshold50_status	threshold50_agrees	pc1_estimate.y	pc1_status	pc1_agrees	qc_adjusted_estimate	qc_adjusted_same_direction	severe_qc_exclusion_estimate	severe_qc_exclusion_status	severe_qc_same_direction	omission_units	omission_successful	omission_sign_reversals	omission_fraction_retain_half_magnitude	most_influential_omission	stability_status	nci_mean_z_pc1_correlation	pc1_reliable	donor_count_confirmatory	module_coverage_pass	score_q_pass	effect_meets_sesoi	interval_excludes_zero	interval_inside_sesoi	camera_testable	camera_direction_compatible	camera_competitive_q_support	bootstrap_direction_pass	loo_pass	pc1_correlation_pass	pc1_sensitivity_pass	threshold50_sensitivity_pass	balance_direction_pass	omission_pass	severe_qc_exclusion_pass	all_non_donor_support_rules_pass	scientific_status	permitted_sentence
phase13_gate_decisions_v1	astrocytes	mtdna_oxphos_13	astrocytes::sex_F_minus_M__e2::mtdna_oxphos_13	sex_F_minus_M__e2	1	sex	1	direct_respiratory	AD__Female__e2	NCI__Female__e2	AD__Male__e2	NCI__Male__e2	7	17	7	6	7	16	6	5	6	1	13	TRUE	15	257	eligible	estimated		0.626425955190596	0.912495744292746	-1.17049487962434	2.42334679000553	0.686497399148009	0.493018413747409	0.646622850291767	0.900795957125549	-1.12725832493557	2.4205040255191	0.473511038467314	0.957817869647846	Up	0.482453167437743	0.944631415335757	estimated	0.626425955190596	1000	1000	0.575450705124702	-0.899275408334145	1.972677608601	0.784	TRUE	272	272	0	50102114	0.481404532501342	0.145021422689254	0.937532758587101	1000	1000	0.93	TRUE	0.289645851307359	estimated	FALSE	0.646622850291767	estimated	TRUE	0.208387039820772	TRUE	0.598179371599943	estimated	TRUE	13	13	0	1	gene:MT-ND4	evaluated	0.997351186690964	TRUE	FALSE	TRUE	FALSE	TRUE	FALSE	FALSE	TRUE	TRUE	FALSE	FALSE	TRUE	TRUE	TRUE	FALSE	TRUE	TRUE	TRUE	FALSE	inconclusive	
phase13_gate_decisions_v1	astrocytes	mtdna_oxphos_13	astrocytes::sex_F_minus_M__e33::mtdna_oxphos_13	sex_F_minus_M__e33	2	sex	1	direct_respiratory	AD__Female__e33	NCI__Female__e33	AD__Male__e33	NCI__Male__e33	37	45	28	53	37	44	25	50	28	1	13	TRUE	15	257	eligible	estimated		0.0841151879388021	0.346979891432875	-0.599170624709906	0.76740100058751	0.242420929903007	0.808647364114753	0.0695218572867258	0.351764450889184	-0.623185889246305	0.762229603819756	0.84348489642663	0.957817869647846	Up	0.655724976829787	0.944631415335757	estimated	0.0841151879388021	1000	1000	0.0889269198976209	-0.600306840419804	0.719047101374548	0.611	TRUE	272	272	0	10102206	0.108795690216635	0.0151411883696247	0.192910878155437	1000	1000	0.663	TRUE	0.263458304005396	estimated	TRUE	0.0695218572867258	estimated	TRUE	0.329589449754022	TRUE	0.133038620818376	estimated	TRUE	13	13	0	1	gene:MT-ND6	evaluated	0.997351186690964	TRUE	TRUE	TRUE	FALSE	FALSE	FALSE	FALSE	TRUE	TRUE	FALSE	FALSE	TRUE	TRUE	TRUE	TRUE	FALSE	TRUE	TRUE	FALSE	inconclusive	
phase13_gate_decisions_v1	astrocytes	mtdna_oxphos_13	astrocytes::sex_F_minus_M__e4::mtdna_oxphos_13	sex_F_minus_M__e4	3	sex	1	direct_respiratory	AD__Female__e4	NCI__Female__e4	AD__Male__e4	NCI__Male__e4	26	11	25	10	25	11	24	9	10	1	13	TRUE	15	257	eligible	estimated		-0.374359408321094	0.538168462861564	-1.43414092467853	0.685422108036338	-0.695617514134032	0.487296921630284	-0.362977623148453	0.544667056471442	-1.43555641371524	0.709601167418336	0.505739765649078	0.957817869647846	Down	0.316805152473221	0.944631415335757	estimated	-0.374359408321094	1000	1000	-0.395819252138292	-1.31258471697701	0.630594264792369	0.771	TRUE	272	272	0	10100862	0.203028651559155	-0.525288292489977	-0.171330756761939	1000	1000	0.815	TRUE	-0.386330814165085	estimated	TRUE	-0.362977623148453	estimated	TRUE	-0.43866853276571	TRUE	-0.54951617764099	estimated	TRUE	13	13	0	1	gene:MT-ND2	evaluated	0.997351186690964	TRUE	TRUE	TRUE	FALSE	TRUE	FALSE	FALSE	TRUE	TRUE	FALSE	FALSE	TRUE	TRUE	TRUE	TRUE	TRUE	TRUE	TRUE	FALSE	inconclusive	
phase13_gate_decisions_v1	astrocytes	mtdna_oxphos_13	astrocytes::apoe_e2_minus_e33__Female::mtdna_oxphos_13	apoe_e2_minus_e33__Female	4	apoe	1	direct_respiratory	AD__Female__e2	NCI__Female__e2	AD__Female__e33	NCI__Female__e33	7	17	37	45	7	16	37	44	7	1	13	TRUE	15	257	eligible	estimated		-0.462414060455081	0.575604354635141	-1.59591573859799	0.671087617687825	-0.803353999550946	0.422512524383104	-0.44000690769679	0.577937751564879	-1.57810359856733	0.698089783173753	0.44715227164438	0.957817869647846	Down	0.258817189570696	0.928715301675688	estimated	-0.462414060455081	1000	1000	-0.450376304097945	-1.52456573832039	0.545388980184961	0.805	TRUE	272	272	0	20532115	0.306892897953499	-0.674130318911081	-0.155521162501582	1000	1000	0.808	TRUE	-0.596400078434659	estimated	TRUE	-0.44000690769679	estimated	TRUE	-0.0854663680889142	TRUE	-0.316801456624079	estimated	TRUE	13	13	0	1	gene:MT-ND6	evaluated	0.997351186690964	TRUE	FALSE	TRUE	FALSE	TRUE	FALSE	FALSE	TRUE	TRUE	FALSE	TRUE	TRUE	TRUE	TRUE	TRUE	TRUE	TRUE	TRUE	FALSE	inconclusive	
phase13_gate_decisions_v1	astrocytes	mtdna_oxphos_13	astrocytes::apoe_e2_minus_e33__Male::mtdna_oxphos_13	apoe_e2_minus_e33__Male	5	apoe	1	direct_respiratory	AD__Male__e2	NCI__Male__e2	AD__Male__e33	NCI__Male__e33	7	6	28	53	6	5	25	50	6	1	13	TRUE	15	257	eligible	estimated		-1.00472482770688	0.791544795526414	-2.56346451900611	0.554014863592359	-1.26932150067222	0.205474685647946	-1.01710790070183	0.777149097295493	-2.54749904326027	0.513283241856608	0.191782034297751	0.957817869647846	Down	0.20639068535227	0.928715301675688	estimated	-1.00472482770688	1000	1000	-0.953572274900262	-2.30355874014691	0.255847690963545	0.936	TRUE	272	272	0	50102114	0.468211660514382	-1.28416111963837	-0.536513167192494	1000	1000	0.931	TRUE	-0.622587625736623	estimated	TRUE	-1.01710790070183	estimated	TRUE	0.0357360418443358	FALSE	-0.781942207405647	estimated	TRUE	13	13	0	1	gene:MT-ND5	evaluated	0.997351186690964	TRUE	FALSE	TRUE	FALSE	TRUE	FALSE	FALSE	TRUE	TRUE	FALSE	TRUE	TRUE	TRUE	TRUE	TRUE	TRUE	TRUE	TRUE	FALSE	inconclusive	
phase13_gate_decisions_v1	astrocytes	mtdna_oxphos_13	astrocytes::apoe_e4_minus_e33__Female::mtdna_oxphos_13	apoe_e4_minus_e33__Female	6	apoe	1	direct_respiratory	AD__Female__e4	NCI__Female__e4	AD__Female__e33	NCI__Female__e33	26	11	37	45	25	11	37	44	11	1	13	TRUE	15	257	eligible	estimated		-0.42606480904586	0.399383800001306	-1.21254636339672	0.360416745305004	-1.06680543638592	0.287060822184986	-0.424347622500509	0.404386848727451	-1.22068136799838	0.371986122997362	0.294997971913665	0.957817869647846	Down	0.220612484328388	0.928715301675688	estimated	-0.42606480904586	1000	1000	-0.447322433640702	-1.20851789279541	0.311200640060794	0.89	TRUE	272	272	0	20947550	0.150511644161012	-0.576576453206872	-0.32809476660876	1000	1000	0.843	TRUE	-0.526185296396714	estimated	TRUE	-0.424347622500509	estimated	TRUE	-0.454960351550285	TRUE	-0.614606557031167	estimated	TRUE	13	13	0	1	gene:MT-ATP6	evaluated	0.997351186690964	TRUE	TRUE	TRUE	FALSE	TRUE	FALSE	FALSE	TRUE	TRUE	FALSE	TRUE	TRUE	TRUE	TRUE	TRUE	TRUE	TRUE	TRUE	FALSE	inconclusive	
phase13_gate_decisions_v1	astrocytes	mtdna_oxphos_13	astrocytes::apoe_e4_minus_e33__Male::mtdna_oxphos_13	apoe_e4_minus_e33__Male	7	apoe	1	direct_respiratory	AD__Male__e4	NCI__Male__e4	AD__Male__e33	NCI__Male__e33	25	10	28	53	24	9	25	50	10	1	13	TRUE	15	257	eligible	estimated		0.0324097872140365	0.49808914953428	-0.94844604251601	1.01326561694408	0.0650682458036682	0.948170247648625	0.00815185793466927	0.504815599460927	-0.98594994920747	1.00225366507681	0.987128697860257	0.963841583731187	Up	0.745886647854029	0.944631415335757	estimated	0.0324097872140365	1000	1000	-0.0103329112006063	-0.925466637523437	1.00050672719182	0.492	TRUE	272	272	19	10100862	0.206326094067105	-0.173916306853068	0.181120437627254	1000	1000	0.54	TRUE	0.123603821773767	estimated	TRUE	0.00815185793466927	estimated	FALSE	0.313297630969447	TRUE	0.0679482414281986	estimated	TRUE	13	13	0	0.846153846153846	gene:MT-ND6	evaluated	0.997351186690964	TRUE	TRUE	TRUE	FALSE	FALSE	FALSE	FALSE	TRUE	TRUE	FALSE	FALSE	FALSE	TRUE	FALSE	TRUE	FALSE	TRUE	TRUE	FALSE	inconclusive	
phase13_gate_decisions_v1	astrocytes	nuclear_oxphos_structural_86	astrocytes::sex_F_minus_M__e2::nuclear_oxphos_structural_86	sex_F_minus_M__e2	1	sex	2	direct_respiratory	AD__Female__e2	NCI__Female__e2	AD__Male__e2	NCI__Male__e2	7	17	7	6	7	16	6	5	6	0.86046511627907	74	TRUE	15	257	eligible	estimated		0.919094627057327	1.05949849379975	-1.16730953413625	3.00549878825091	0.867480824593825	0.386487862591594	0.842323832737791	1.12587982698995	-1.3748009388239	3.05944860429948	0.455055450123746	0.957817869647846	Up	0.362089758010062	0.944631415335757	estimated	0.919094627057327	1000	1000	0.809695359830025	-0.823130415502004	2.67279864383476	0.835	TRUE	272	272	0	34726040	0.602107400018871	0.316987227038456	1.31143918047326	1000	1000	0.98	TRUE	1.01297884698047	estimated	TRUE	0.842323832737791	estimated	TRUE	1.02243212673835	TRUE	0.902415602356035	estimated	TRUE	5	5	0	1	complex_I	evaluated	0.977174114176916	TRUE	FALSE	TRUE	FALSE	TRUE	FALSE	FALSE	TRUE	TRUE	FALSE	TRUE	TRUE	TRUE	TRUE	TRUE	TRUE	TRUE	TRUE	FALSE	inconclusive	
phase13_gate_decisions_v1	astrocytes	nuclear_oxphos_structural_86	astrocytes::sex_F_minus_M__e33::nuclear_oxphos_structural_86	sex_F_minus_M__e33	2	sex	2	direct_respiratory	AD__Female__e33	NCI__Female__e33	AD__Male__e33	NCI__Male__e33	37	45	28	53	37	44	25	50	28	0.86046511627907	74	TRUE	15	257	eligible	estimated		0.298460257553795	0.39749276190356	-0.484297393668182	1.08121790877577	0.750857087622157	0.453425607571671	0.239224973003154	0.370701115007989	-0.49077356256621	0.969223508572518	0.519288318194005	0.957817869647846	Up	0.536216302455313	0.944631415335757	estimated	0.298460257553795	1000	1000	0.291851644784714	-0.487755483758184	1.03931514543121	0.774	TRUE	272	272	0	10102206	0.195443603241281	0.103016654312514	0.44125098497444	1000	1000	0.946	TRUE	0.0606184990240311	estimated	FALSE	0.239224973003154	estimated	TRUE	0.39709864871105	TRUE	0.0468135821360548	estimated	TRUE	5	5	0	1	complex_IV	evaluated	0.977174114176916	TRUE	TRUE	TRUE	FALSE	TRUE	FALSE	FALSE	TRUE	TRUE	FALSE	FALSE	TRUE	TRUE	TRUE	FALSE	TRUE	TRUE	TRUE	FALSE	inconclusive	
phase13_gate_decisions_v1	astrocytes	nuclear_oxphos_structural_86	astrocytes::sex_F_minus_M__e4::nuclear_oxphos_structural_86	sex_F_minus_M__e4	3	sex	2	direct_respiratory	AD__Female__e4	NCI__Female__e4	AD__Male__e4	NCI__Male__e4	26	11	25	10	25	11	24	9	10	0.86046511627907	74	TRUE	15	257	eligible	estimated		-0.0938522086368284	0.47556640876616	-1.03035541272834	0.842650995454687	-0.197348271254744	0.843710997485748	0.10438122172343	0.525958719179378	-0.93135640955564	1.1401188530025	0.842842889550929	0.957817869647846	Down	0.437888195199096	0.944631415335757	estimated	-0.0938522086368284	1000	1000	-0.0355859171674238	-0.921953262496278	0.8485723662376	0.528	TRUE	272	272	3	15218541	0.214463264316061	-0.308315472952889	0.0216587471616254	1000	1000	0.583	TRUE	-0.160442986223653	estimated	TRUE	0.10438122172343	estimated	FALSE	-0.134501754502794	TRUE	-0.0793748758348344	estimated	TRUE	5	5	0	0.6	complex_IV	evaluated	0.977174114176916	TRUE	TRUE	TRUE	FALSE	FALSE	FALSE	FALSE	TRUE	TRUE	FALSE	FALSE	FALSE	TRUE	FALSE	TRUE	FALSE	FALSE	TRUE	FALSE	inconclusive	
phase13_gate_decisions_v1	astrocytes	nuclear_oxphos_structural_86	astrocytes::apoe_e2_minus_e33__Female::nuclear_oxphos_structural_86	apoe_e2_minus_e33__Female	4	apoe	2	direct_respiratory	AD__Female__e2	NCI__Female__e2	AD__Female__e33	NCI__Female__e33	7	17	37	45	7	16	37	44	7	0.86046511627907	74	TRUE	15	257	eligible	estimated		0.106846524506313	0.631892182180683	-1.13749925422081	1.35119230323344	0.169089802848299	0.865859014919862	0.00267844831285974	0.70807617100103	-1.39169169781194	1.39704859443766	0.996984774147205	0.957817869647846	Up	0.969517934639746	0.99386472359731	estimated	0.106846524506313	1000	1000	0.110455154553858	-0.961166426411933	1.32571367821552	0.582	TRUE	272	272	2	21189544	0.440664541007013	-0.3338180165007	0.300846966576354	1000	1000	0.575	TRUE	0.178183774061863	estimated	TRUE	0.00267844831285974	estimated	FALSE	0.187048096020008	TRUE	0.149733467759945	estimated	TRUE	5	5	0	1	complex_III	evaluated	0.977174114176916	TRUE	FALSE	TRUE	FALSE	FALSE	FALSE	FALSE	TRUE	TRUE	FALSE	FALSE	FALSE	TRUE	FALSE	TRUE	FALSE	TRUE	TRUE	FALSE	inconclusive	
phase13_gate_decisions_v1	astrocytes	nuclear_oxphos_structural_86	astrocytes::apoe_e2_minus_e33__Male::nuclear_oxphos_structural_86	apoe_e2_minus_e33__Male	5	apoe	2	direct_respiratory	AD__Male__e2	NCI__Male__e2	AD__Male__e33	NCI__Male__e33	7	6	28	53	6	5	25	50	6	0.86046511627907	74	TRUE	15	257	eligible	estimated		-0.513787844997219	0.936901823549903	-2.3587700462214	1.33119435622696	-0.548390271085701	0.583899999011656	-0.600420411421778	0.950600155146984	-2.47237788086277	1.27153705801921	0.528195010377746	0.957817869647846	Down	0.518928573720856	0.944631415335757	estimated	-0.513787844997219	1000	1000	-0.432838146005948	-1.98842973326914	1.02190275609362	0.697	TRUE	272	272	1	34726040	0.613167401477981	-0.902302292183409	0.0993795564807624	1000	1000	0.812	TRUE	-0.774176573894574	estimated	TRUE	-0.600420411421778	estimated	TRUE	-0.438285382007295	TRUE	-0.705868552460035	estimated	TRUE	5	5	0	1	complex_I	evaluated	0.977174114176916	TRUE	FALSE	TRUE	FALSE	TRUE	FALSE	FALSE	TRUE	TRUE	FALSE	FALSE	FALSE	TRUE	TRUE	TRUE	TRUE	TRUE	TRUE	FALSE	inconclusive	
phase13_gate_decisions_v1	astrocytes	nuclear_oxphos_structural_86	astrocytes::apoe_e4_minus_e33__Female::nuclear_oxphos_structural_86	apoe_e4_minus_e33__Female	6	apoe	2	direct_respiratory	AD__Female__e4	NCI__Female__e4	AD__Female__e33	NCI__Female__e33	26	11	37	45	25	11	37	44	11	0.86046511627907	74	TRUE	15	257	eligible	estimated		-0.0342421363855934	0.378486162961879	-0.779571280295735	0.711087007524549	-0.0904713031452149	0.927983167664062	0.0240940513610703	0.38542486596035	-0.73489904666889	0.783087149391031	0.95020292741961	0.957817869647846	Down	0.880401219883931	0.970903271611309	estimated	-0.0342421363855934	1000	1000	-0.0108610400080482	-0.712337393970947	0.781024839351383	0.513	TRUE	272	272	16	21401399	0.138023415430133	-0.172265551815727	0.0781776703570187	1000	1000	0.504	TRUE	-0.0895221397493604	estimated	TRUE	0.0240940513610703	estimated	FALSE	-0.0808157351393522	TRUE	-0.0804113207427244	estimated	TRUE	5	5	0	1	complex_IV	evaluated	0.977174114176916	TRUE	TRUE	TRUE	FALSE	FALSE	FALSE	FALSE	TRUE	TRUE	FALSE	FALSE	FALSE	TRUE	FALSE	TRUE	FALSE	TRUE	TRUE	FALSE	inconclusive	
phase13_gate_decisions_v1	astrocytes	nuclear_oxphos_structural_86	astrocytes::apoe_e4_minus_e33__Male::nuclear_oxphos_structural_86	apoe_e4_minus_e33__Male	7	apoe	2	direct_respiratory	AD__Male__e4	NCI__Male__e4	AD__Male__e33	NCI__Male__e33	25	10	28	53	24	9	25	50	10	0.86046511627907	74	TRUE	15	257	eligible	estimated		0.35807032980503	0.478545745279447	-0.584299895462348	1.30044055507241	0.748246815141851	0.45499547482443	0.158937802640793	0.505623776421417	-0.836755496875535	1.15463110215712	0.753517809524861	0.957817869647846	Up	0.222281711868517	0.928715301675688	estimated	0.35807032980503	1000	1000	0.28022587869527	-0.570703709319792	1.18205462126051	0.746	TRUE	272	272	0	15218541	0.219597879642273	0.141439142491994	0.577668209447303	1000	1000	0.691	TRUE	0.131539345498324	estimated	FALSE	0.158937802640793	estimated	FALSE	0.450784668074491	TRUE	0.0457771372281647	estimated	TRUE	5	5	0	1	complex_IV	evaluated	0.977174114176916	TRUE	TRUE	TRUE	FALSE	TRUE	FALSE	FALSE	TRUE	TRUE	FALSE	FALSE	TRUE	TRUE	FALSE	FALSE	FALSE	TRUE	TRUE	FALSE	inconclusive	
phase13_gate_decisions_v1	astrocytes	mitochondrial_translation_155	astrocytes::sex_F_minus_M__e2::mitochondrial_translation_155	sex_F_minus_M__e2	1	sex	3	respiration_supporting	AD__Female__e2	NCI__Female__e2	AD__Male__e2	NCI__Male__e2	7	17	7	6	7	16	6	5	6	0.935483870967742	145	TRUE	15	257	eligible	estimated		0.124244522450702	0.824353906647785	-1.49910410068683	1.74759314558824	0.15071745454078	0.880316830911052	-0.0172765764283549	0.788580174959284	-1.57017822574469	1.53562507288798	0.982537977157109	0.957817869647846	Down	0.531955582725989	0.944631415335757	estimated	0.124244522450702	1000	1000	-0.0185971466621753	-1.34970979441297	1.41992455857842	0.492	TRUE	272	272	6	34726040	0.492991263723193	-0.368746741272492	0.524960867545185	1000	1000	0.534	TRUE	-0.0954432141029183	estimated	FALSE	-0.0172765764283549	estimated	FALSE	0.357104281572436	TRUE	0.0866860584141428	estimated	TRUE	6	6	1	1	mitochondrial_ribosome	evaluated	0.985229450024486	TRUE	FALSE	TRUE	FALSE	FALSE	FALSE	FALSE	TRUE	FALSE	FALSE	FALSE	FALSE	TRUE	FALSE	FALSE	FALSE	FALSE	TRUE	FALSE	inconclusive	
phase13_gate_decisions_v1	astrocytes	mitochondrial_translation_155	astrocytes::sex_F_minus_M__e33::mitochondrial_translation_155	sex_F_minus_M__e33	2	sex	3	respiration_supporting	AD__Female__e33	NCI__Female__e33	AD__Male__e33	NCI__Male__e33	37	45	28	53	37	44	25	50	28	0.935483870967742	145	TRUE	15	257	eligible	estimated		0.666305433138647	0.445578315012118	-0.211144092291837	1.54375495856913	1.49537221783454	0.136044230910913	0.471636177254228	0.356140237763822	-0.229688532867866	1.17296088737632	0.186580258860455	0.957817869647846	Up	0.042536443763728	0.671359518075895	estimated	0.666305433138647	1000	1000	0.68129414480391	-0.0876960032567981	1.68294575159747	0.959	TRUE	272	272	0	10102206	0.292666868740111	0.373638564398536	0.80360967039703	1000	1000	1	TRUE	0.163750479960033	estimated	FALSE	0.471636177254228	estimated	TRUE	0.521214650513733	TRUE	0.261699610361523	estimated	TRUE	6	6	0	1	ribosome_assembly	evaluated	0.985229450024486	TRUE	TRUE	TRUE	FALSE	TRUE	FALSE	FALSE	TRUE	TRUE	FALSE	TRUE	TRUE	TRUE	TRUE	FALSE	TRUE	TRUE	TRUE	FALSE	inconclusive	
phase13_gate_decisions_v1	astrocytes	mitochondrial_translation_155	astrocytes::sex_F_minus_M__e4::mitochondrial_translation_155	sex_F_minus_M__e4	3	sex	3	respiration_supporting	AD__Female__e4	NCI__Female__e4	AD__Male__e4	NCI__Male__e4	26	11	25	10	25	11	24	9	10	0.935483870967742	145	TRUE	15	257	eligible	estimated		-0.586607496317914	0.414842971192044	-1.40353183023827	0.230316837602447	-1.41404709023346	0.15855831723428	-0.562997988552021	0.356790414152053	-1.26560305039699	0.139607073292944	0.115806784590247	0.957817869647846	Down	0.31456392235831	0.944631415335757	estimated	-0.586607496317914	1000	1000	-0.520930689892946	-1.31745471293784	0.253228853006677	0.913	TRUE	272	272	0	21159840	0.199125082520303	-0.708577413643442	-0.387482413797611	1000	1000	0.915	TRUE	-0.316347234459596	estimated	TRUE	-0.562997988552021	estimated	TRUE	-0.547820208309886	TRUE	-0.266632988752374	estimated	TRUE	6	6	0	1	mitochondrial_ribosome	evaluated	0.985229450024486	TRUE	TRUE	TRUE	FALSE	TRUE	FALSE	FALSE	TRUE	TRUE	FALSE	TRUE	TRUE	TRUE	TRUE	TRUE	TRUE	TRUE	TRUE	FALSE	inconclusive	
phase13_gate_decisions_v1	astrocytes	mitochondrial_translation_155	astrocytes::apoe_e2_minus_e33__Female::mitochondrial_translation_155	apoe_e2_minus_e33__Female	4	apoe	3	respiration_supporting	AD__Female__e2	NCI__Female__e2	AD__Female__e33	NCI__Female__e33	7	17	37	45	7	16	37	44	7	0.935483870967742	145	TRUE	15	257	eligible	estimated		0.241306104643165	0.431806300468468	-0.609023053349288	1.09163526263562	0.558829513097357	0.576764671529511	0.297003771628196	0.406459465381019	-0.503411448299201	1.09741899155559	0.465622260594724	0.957817869647846	Down	0.486480748519306	0.944631415335757	estimated	0.241306104643165	1000	1000	0.191103274136391	-0.621637690753015	0.970441301151217	0.69	TRUE	272	272	0	51826377	0.22031558243283	0.0209905222103348	0.381547314108348	1000	1000	0.63	TRUE	0.179463753291627	estimated	TRUE	0.297003771628196	estimated	TRUE	0.0222433768256523	TRUE	0.19663090531651	estimated	TRUE	6	6	0	0.833333333333333	mitochondrial_ribosome	evaluated	0.985229450024486	TRUE	FALSE	TRUE	FALSE	FALSE	FALSE	FALSE	TRUE	FALSE	FALSE	FALSE	TRUE	TRUE	TRUE	TRUE	FALSE	TRUE	TRUE	FALSE	inconclusive	
phase13_gate_decisions_v1	astrocytes	mitochondrial_translation_155	astrocytes::apoe_e2_minus_e33__Male::mitochondrial_translation_155	apoe_e2_minus_e33__Male	5	apoe	3	respiration_supporting	AD__Male__e2	NCI__Male__e2	AD__Male__e33	NCI__Male__e33	7	6	28	53	6	5	25	50	6	0.935483870967742	145	TRUE	15	257	eligible	estimated		0.783367015331111	0.822845723247077	-0.837011636502552	2.40374566716477	0.952021737732103	0.341980449534747	0.785916525310779	0.756512881633679	-0.703837007586051	2.27567005820761	0.299842830026939	0.957817869647846	Up	0.250979402730477	0.928715301675688	estimated	0.783367015331111	1000	1000	0.886245496342119	-0.528287014521861	2.33877729063518	0.89	TRUE	272	272	0	34726040	0.499217621942769	0.394201453456114	1.28258463727388	1000	1000	0.84	TRUE	0.438657447354578	estimated	TRUE	0.785916525310779	estimated	TRUE	0.186353745766949	TRUE	0.37164445726389	estimated	TRUE	6	6	0	1	mitochondrial_ribosome	evaluated	0.985229450024486	TRUE	FALSE	TRUE	FALSE	TRUE	FALSE	FALSE	TRUE	TRUE	FALSE	TRUE	TRUE	TRUE	TRUE	TRUE	TRUE	TRUE	TRUE	FALSE	inconclusive	
phase13_gate_decisions_v1	astrocytes	mitochondrial_translation_155	astrocytes::apoe_e4_minus_e33__Female::mitochondrial_translation_155	apoe_e4_minus_e33__Female	6	apoe	3	respiration_supporting	AD__Female__e4	NCI__Female__e4	AD__Female__e33	NCI__Female__e33	26	11	37	45	25	11	37	44	11	0.935483870967742	145	TRUE	15	257	eligible	estimated		-0.692482323655933	0.351298134524994	-1.38427178251949	-0.000692864792372627	-1.97120979475815	0.049772689512111	-0.586986036108402	0.299153877875448	-1.17609106956444	0.00211899734763998	0.05082359203584	0.957817869647846	Down	0.0499919887914368	0.671359518075895	estimated	-0.692482323655933	1000	1000	-0.701745681164917	-1.51514338508701	-0.0617620199406836	0.983	TRUE	272	272	0	21159840	0.204726317784208	-0.78299099380676	-0.487756005871725	1000	1000	0.945	TRUE	-0.522195191816359	estimated	TRUE	-0.586986036108402	estimated	TRUE	-0.673569829068043	TRUE	-0.539812729298832	estimated	TRUE	6	6	0	1	mitochondrial_ribosome	evaluated	0.985229450024486	TRUE	TRUE	TRUE	FALSE	TRUE	TRUE	FALSE	TRUE	TRUE	FALSE	TRUE	TRUE	TRUE	TRUE	TRUE	TRUE	TRUE	TRUE	FALSE	inconclusive	
phase13_gate_decisions_v1	astrocytes	mitochondrial_translation_155	astrocytes::apoe_e4_minus_e33__Male::mitochondrial_translation_155	apoe_e4_minus_e33__Male	7	apoe	3	respiration_supporting	AD__Male__e4	NCI__Male__e4	AD__Male__e33	NCI__Male__e33	25	10	28	53	24	9	25	50	10	0.935483870967742	145	TRUE	15	257	eligible	estimated		0.560430605800628	0.496206450039224	-0.416717741489615	1.53757895309087	1.12943031223461	0.259769425041827	0.447648129697847	0.405649649128753	-0.351172369700528	1.24646862909622	0.270827595659315	0.957817869647846	Up	0.438360663429123	0.944631415335757	estimated	0.560430605800628	1000	1000	0.479588473012612	-0.328533183313904	1.54004772725569	0.865	TRUE	272	272	0	10102206	0.324437160252509	0.235993445548119	0.700614531931548	1000	1000	0.757	TRUE	-0.0420974773967302	estimated	FALSE	0.447648129697847	estimated	TRUE	0.395465029755577	TRUE	-0.0114801301849349	estimated	FALSE	6	6	0	1	ribosome_assembly	evaluated	0.985229450024486	TRUE	TRUE	TRUE	FALSE	TRUE	FALSE	FALSE	TRUE	TRUE	FALSE	TRUE	TRUE	TRUE	TRUE	FALSE	FALSE	TRUE	FALSE	FALSE	inconclusive	
phase13_gate_decisions_v1	astrocytes	mib_micos_inner_membrane_19	astrocytes::sex_F_minus_M__e2::mib_micos_inner_membrane_19	sex_F_minus_M__e2	1	sex	4	respiration_supporting	AD__Female__e2	NCI__Female__e2	AD__Male__e2	NCI__Male__e2	7	17	7	6	7	16	6	5	6	0.947368421052632	18	TRUE	15	257	eligible	estimated		0.535291310018995	0.732387613438353	-0.906953840140905	1.9775364601789	0.730885258293698	0.465515044377344	-0.604966785316467	1.26101857927842	-3.08821185507885	1.87827828444592	0.631817069046292	0.957817869647846	Down	0.924536349064336	0.99386472359731	estimated	0.535291310018995	1000	1000	0.415240629562997	-0.87776049115651	1.71857196453986	0.728	TRUE	272	272	0	34726040	0.326129166107344	0.209162143911651	0.806062124339221	1000	1000	0.907	TRUE	0.223070551781702	estimated	FALSE	-0.604966785316467	estimated	FALSE	0.789788267317465	TRUE	0.488691546013155	estimated	TRUE	18	18	0	0.944444444444444	gene:ATP5ME	evaluated	0.357798886771651	FALSE	FALSE	TRUE	FALSE	TRUE	FALSE	FALSE	TRUE	FALSE	FALSE	FALSE	TRUE	FALSE	FALSE	FALSE	TRUE	TRUE	TRUE	FALSE	inconclusive	
phase13_gate_decisions_v1	astrocytes	mib_micos_inner_membrane_19	astrocytes::sex_F_minus_M__e33::mib_micos_inner_membrane_19	sex_F_minus_M__e33	2	sex	4	respiration_supporting	AD__Female__e33	NCI__Female__e33	AD__Male__e33	NCI__Male__e33	37	45	28	53	37	44	25	50	28	0.947368421052632	18	TRUE	15	257	eligible	estimated		0.439530643376843	0.514090838632671	-0.572836312528828	1.45189759928251	0.854966885902625	0.393365789486155	0.257008278082974	0.328776940345695	-0.390431600742751	0.9044481569087	0.435104480444056	0.957817869647846	Up	0.356128278881496	0.944631415335757	estimated	0.439530643376843	1000	1000	0.436629607116537	-0.466705712884016	1.57223997404039	0.812	TRUE	272	272	0	10102206	0.285982976684679	0.153547666692165	0.530488310883425	1000	1000	0.986	TRUE	-0.194276049947627	estimated	FALSE	0.257008278082974	estimated	TRUE	0.326891355670155	TRUE	-0.0359445285633982	estimated	FALSE	18	18	0	1	gene:DNAJC11	evaluated	0.357798886771651	FALSE	TRUE	TRUE	FALSE	TRUE	FALSE	FALSE	TRUE	TRUE	FALSE	TRUE	TRUE	FALSE	TRUE	FALSE	TRUE	TRUE	FALSE	FALSE	inconclusive	
phase13_gate_decisions_v1	astrocytes	mib_micos_inner_membrane_19	astrocytes::sex_F_minus_M__e4::mib_micos_inner_membrane_19	sex_F_minus_M__e4	3	sex	4	respiration_supporting	AD__Female__e4	NCI__Female__e4	AD__Male__e4	NCI__Male__e4	26	11	25	10	25	11	24	9	10	0.947368421052632	18	TRUE	15	257	eligible	estimated		-0.103925465554847	0.520148897026054	-1.12822217720314	0.920371246093449	-0.199799453866076	0.841795427413572	-0.286685764521991	0.519631825917871	-1.30996424035583	0.736592711311852	0.581626858944174	0.957817869647846	Down	0.803017694183554	0.970088489617716	estimated	-0.103925465554847	1000	1000	-0.00274301220439582	-1.06517225078881	1.01843870714029	0.502	TRUE	272	272	6	15218541	0.162949628128867	-0.266875093683714	0.0528306590284238	1000	1000	0.478	TRUE	0.0858225631111661	estimated	FALSE	-0.286685764521991	estimated	TRUE	-0.0778370398240947	TRUE	0.0834247201685046	estimated	FALSE	18	18	3	0.722222222222222	gene:SAMM50	evaluated	0.357798886771651	FALSE	TRUE	TRUE	FALSE	FALSE	FALSE	FALSE	TRUE	TRUE	FALSE	FALSE	FALSE	FALSE	TRUE	FALSE	FALSE	FALSE	FALSE	FALSE	inconclusive	
phase13_gate_decisions_v1	astrocytes	mib_micos_inner_membrane_19	astrocytes::apoe_e2_minus_e33__Female::mib_micos_inner_membrane_19	apoe_e2_minus_e33__Female	4	apoe	4	respiration_supporting	AD__Female__e2	NCI__Female__e2	AD__Female__e33	NCI__Female__e33	7	17	37	45	7	16	37	44	7	0.947368421052632	18	TRUE	15	257	eligible	estimated		0.395702756717315	0.431566373091263	-0.454153927287574	1.2455594407222	0.916898955502346	0.360055195805171	0.226452317357596	0.652461802793213	-1.05839992956302	1.51130456427822	0.728820004477751	0.957817869647846	Down	0.99349804438603	0.99386472359731	estimated	0.395702756717315	1000	1000	0.350568803047018	-0.478471485463779	1.18863751413278	0.812	TRUE	272	272	0	20906079	0.230581563108745	0.16512119360857	0.476284303852208	1000	1000	0.726	TRUE	0.265449678675238	estimated	TRUE	0.226452317357596	estimated	TRUE	0.206272567281131	TRUE	0.316793220780438	estimated	TRUE	18	18	0	1	gene:ATAD3A	evaluated	0.357798886771651	FALSE	FALSE	TRUE	FALSE	TRUE	FALSE	FALSE	TRUE	FALSE	FALSE	TRUE	TRUE	FALSE	TRUE	TRUE	FALSE	TRUE	TRUE	FALSE	inconclusive	
phase13_gate_decisions_v1	astrocytes	mib_micos_inner_membrane_19	astrocytes::apoe_e2_minus_e33__Male::mib_micos_inner_membrane_19	apoe_e2_minus_e33__Male	5	apoe	4	respiration_supporting	AD__Male__e2	NCI__Male__e2	AD__Male__e33	NCI__Male__e33	7	6	28	53	6	5	25	50	6	0.947368421052632	18	TRUE	15	257	eligible	estimated		0.299942090075163	0.777244436055365	-1.23063679714406	1.83052097729439	0.38590445445633	0.699886688163094	1.08842738075704	1.13934263298645	-1.15520885317749	3.33206361469156	0.340317792227363	0.957817869647846	Up	0.581161750504611	0.944631415335757	estimated	0.299942090075163	1000	1000	0.361900750067912	-0.964898140437771	1.83398189322971	0.711	TRUE	272	272	0	34726040	0.325880519324047	0.0321137395604757	0.62582260939921	1000	1000	0.551	TRUE	-0.151896923054091	estimated	FALSE	1.08842738075704	estimated	TRUE	-0.256624344366178	FALSE	-0.207842853796116	estimated	FALSE	18	18	0	0.888888888888889	gene:DNAJC11	evaluated	0.357798886771651	FALSE	FALSE	TRUE	FALSE	TRUE	FALSE	FALSE	TRUE	TRUE	FALSE	FALSE	TRUE	FALSE	TRUE	FALSE	FALSE	TRUE	FALSE	FALSE	inconclusive	
phase13_gate_decisions_v1	astrocytes	mib_micos_inner_membrane_19	astrocytes::apoe_e4_minus_e33__Female::mib_micos_inner_membrane_19	apoe_e4_minus_e33__Female	6	apoe	4	respiration_supporting	AD__Female__e4	NCI__Female__e4	AD__Female__e33	NCI__Female__e33	26	11	37	45	25	11	37	44	11	0.947368421052632	18	TRUE	15	257	eligible	estimated		-0.25993904985828	0.445650300967214	-1.13753033273074	0.617652233014182	-0.583280319331374	0.560216099904571	-0.279163081781937	0.375813001307896	-1.01922813552956	0.460901971965688	0.458266415845351	0.957817869647846	Down	0.501370805369359	0.944631415335757	estimated	-0.25993904985828	1000	1000	-0.258106544818497	-1.21684554646992	0.671877364619613	0.732	TRUE	272	272	0	83034844	0.179313596712024	-0.439252646570304	-0.0989143474482876	1000	1000	0.674	TRUE	-0.173916172053082	estimated	TRUE	-0.279163081781937	estimated	TRUE	-0.254756241960002	TRUE	-0.274474253313473	estimated	TRUE	18	18	0	1	gene:CHCHD3	evaluated	0.357798886771651	FALSE	TRUE	TRUE	FALSE	TRUE	FALSE	FALSE	TRUE	TRUE	FALSE	FALSE	TRUE	FALSE	TRUE	TRUE	FALSE	TRUE	TRUE	FALSE	inconclusive	
phase13_gate_decisions_v1	astrocytes	mib_micos_inner_membrane_19	astrocytes::apoe_e4_minus_e33__Male::mib_micos_inner_membrane_19	apoe_e4_minus_e33__Male	7	apoe	4	respiration_supporting	AD__Male__e4	NCI__Male__e4	AD__Male__e33	NCI__Male__e33	25	10	28	53	24	9	25	50	10	0.947368421052632	18	TRUE	15	257	eligible	estimated		0.283517059073411	0.586613742851983	-0.871664719156696	1.43869883730352	0.483311314349737	0.629286201007621	0.264530960823028	0.495052261842277	-0.710344515792076	1.23940643743813	0.593561641825858	0.957817869647846	Up	0.760962423298895	0.944631415335757	estimated	0.283517059073411	1000	1000	0.179356004025959	-0.858443532080973	1.2721265007942	0.631	TRUE	272	272	2	50102376	0.345716988638425	-0.0621999295650144	0.448398843381567	1000	1000	0.577	TRUE	-0.454014785111875	estimated	FALSE	0.264530960823028	estimated	TRUE	0.149972153534248	TRUE	-0.393843502045376	estimated	FALSE	18	18	0	1	gene:SAMM50	evaluated	0.357798886771651	FALSE	TRUE	TRUE	FALSE	TRUE	FALSE	FALSE	TRUE	TRUE	FALSE	FALSE	FALSE	FALSE	TRUE	FALSE	FALSE	TRUE	FALSE	FALSE	inconclusive	
phase13_gate_decisions_v1	excitatory_neurons	mtdna_oxphos_13	excitatory_neurons::sex_F_minus_M__e2::mtdna_oxphos_13	sex_F_minus_M__e2	1	sex	1	direct_respiratory	AD__Female__e2	NCI__Female__e2	AD__Male__e2	NCI__Male__e2	8	17	7	6	8	17	7	6	6	1	13	TRUE	15	260	eligible	estimated		0.715711532311683	0.792983666260395	-0.84577639709621	2.27719946171958	0.902555201025619	0.367597394839206	0.701464772197726	0.788845616737398	-0.851874799739044	2.2548043441345	0.374701748423605	0.957817869647846	Up	0.3407586876243	0.944631415335757	estimated	0.715711532311683	1000	1000	0.69474858226299	-0.505576995316665	1.92485369315642	0.85	TRUE	275	275	0	50102114	0.351067888745288	0.364643643566394	1.0368583256132	1000	1000	0.974	TRUE	0.68496566184906	estimated	TRUE	0.701464772197726	estimated	TRUE	0.227344988319269	TRUE	0.69960474026333	estimated	TRUE	13	13	0	1	gene:MT-ATP8	evaluated	0.997140688491182	TRUE	FALSE	TRUE	FALSE	TRUE	FALSE	FALSE	TRUE	TRUE	FALSE	TRUE	TRUE	TRUE	TRUE	TRUE	TRUE	TRUE	TRUE	FALSE	inconclusive	
phase13_gate_decisions_v1	excitatory_neurons	mtdna_oxphos_13	excitatory_neurons::sex_F_minus_M__e33::mtdna_oxphos_13	sex_F_minus_M__e33	2	sex	1	direct_respiratory	AD__Female__e33	NCI__Female__e33	AD__Male__e33	NCI__Male__e33	37	45	28	53	37	45	28	53	28	1	13	TRUE	15	260	eligible	estimated		0.299660756154623	0.32347521421956	-0.337303993508472	0.936625505817717	0.926379342162602	0.355107961033229	0.292908519800647	0.326790032834571	-0.350583538652964	0.936400578254257	0.370910878541618	0.957817869647846	Up	0.392105938360907	0.944631415335757	estimated	0.299660756154623	1000	1000	0.291457724643999	-0.348782246263676	0.907813793840319	0.79	TRUE	275	275	0	83984043	0.0794183065744182	0.223584386681797	0.379079062729041	1000	1000	0.937	TRUE	0.300681527359615	estimated	TRUE	0.292908519800647	estimated	TRUE	0.075182433944301	TRUE	0.273957669946259	estimated	TRUE	13	13	0	1	gene:MT-ATP8	evaluated	0.997140688491182	TRUE	TRUE	TRUE	FALSE	TRUE	FALSE	FALSE	TRUE	TRUE	FALSE	FALSE	TRUE	TRUE	TRUE	TRUE	TRUE	TRUE	TRUE	FALSE	inconclusive	
phase13_gate_decisions_v1	excitatory_neurons	mtdna_oxphos_13	excitatory_neurons::sex_F_minus_M__e4::mtdna_oxphos_13	sex_F_minus_M__e4	3	sex	1	direct_respiratory	AD__Female__e4	NCI__Female__e4	AD__Male__e4	NCI__Male__e4	26	11	27	10	25	11	27	10	10	1	13	TRUE	15	260	eligible	estimated		-0.336493086121122	0.51947300935988	-1.35940297478746	0.686416802545217	-0.647758555417086	0.517712695438018	-0.304506320431902	0.538575182541119	-1.3650308714388	0.756018230574997	0.572294448675914	0.957817869647846	Down	0.286052151141212	0.928715301675688	estimated	-0.336493086121122	1000	1000	-0.359278055207686	-1.36085051882223	0.61822272099115	0.762	TRUE	275	275	0	10100862	0.236299051480685	-0.494000670459592	-0.100194034640437	1000	1000	0.845	TRUE	-0.391331432124721	estimated	TRUE	-0.304506320431902	estimated	TRUE	-0.279348434190749	TRUE	-0.391042099392674	estimated	TRUE	13	13	0	1	gene:MT-ND6	evaluated	0.997140688491182	TRUE	TRUE	TRUE	FALSE	TRUE	FALSE	FALSE	TRUE	TRUE	FALSE	FALSE	TRUE	TRUE	TRUE	TRUE	TRUE	TRUE	TRUE	FALSE	inconclusive	
phase13_gate_decisions_v1	excitatory_neurons	mtdna_oxphos_13	excitatory_neurons::apoe_e2_minus_e33__Female::mtdna_oxphos_13	apoe_e2_minus_e33__Female	4	apoe	1	direct_respiratory	AD__Female__e2	NCI__Female__e2	AD__Female__e33	NCI__Female__e33	8	17	37	45	8	17	37	45	8	1	13	TRUE	15	260	eligible	estimated		-0.365456631410531	0.394571738233436	-1.14241967964397	0.411506416822904	-0.926210866106989	0.355195325482813	-0.35858853504012	0.392268370328323	-1.13101595242282	0.413838882342581	0.361489801080037	0.957817869647846	Down	0.287474726103966	0.928715301675688	estimated	-0.365456631410531	1000	1000	-0.358389985414479	-1.03626937530443	0.367420293760215	0.823	TRUE	275	275	0	09650662	0.141500753866797	-0.506190147999608	-0.223955877543733	1000	1000	0.777	TRUE	-0.369973650979322	estimated	TRUE	-0.35858853504012	estimated	TRUE	0.0226957368568403	FALSE	-0.379079486789354	estimated	TRUE	13	13	0	1	gene:MT-ATP6	evaluated	0.997140688491182	TRUE	FALSE	TRUE	FALSE	TRUE	FALSE	FALSE	TRUE	TRUE	FALSE	TRUE	TRUE	TRUE	TRUE	TRUE	FALSE	TRUE	TRUE	FALSE	inconclusive	
phase13_gate_decisions_v1	excitatory_neurons	mtdna_oxphos_13	excitatory_neurons::apoe_e2_minus_e33__Male::mtdna_oxphos_13	apoe_e2_minus_e33__Male	5	apoe	1	direct_respiratory	AD__Male__e2	NCI__Male__e2	AD__Male__e33	NCI__Male__e33	7	6	28	53	7	6	28	53	6	1	13	TRUE	15	260	eligible	estimated		-0.781507407567591	0.766867596316583	-2.29156940007927	0.728554584944091	-1.01909040272574	0.309107375794444	-0.767144787437199	0.764411455201187	-2.27237031878607	0.738080743911669	0.316516233323553	0.957817869647846	Down	0.242468536308491	0.928715301675688	estimated	-0.781507407567591	1000	1000	-0.748545842756788	-2.02731090860753	0.408653743708795	0.882	TRUE	275	275	0	50102114	0.348101169544674	-1.09981127476835	-0.433406238022917	1000	1000	0.92	TRUE	-0.754257785468766	estimated	TRUE	-0.767144787437199	estimated	TRUE	-0.129466817518128	TRUE	-0.804726557106425	estimated	TRUE	13	13	0	1	gene:MT-ATP8	evaluated	0.997140688491182	TRUE	FALSE	TRUE	FALSE	TRUE	FALSE	FALSE	TRUE	TRUE	FALSE	TRUE	TRUE	TRUE	TRUE	TRUE	TRUE	TRUE	TRUE	FALSE	inconclusive	
phase13_gate_decisions_v1	excitatory_neurons	mtdna_oxphos_13	excitatory_neurons::apoe_e4_minus_e33__Female::mtdna_oxphos_13	apoe_e4_minus_e33__Female	6	apoe	1	direct_respiratory	AD__Female__e4	NCI__Female__e4	AD__Female__e33	NCI__Female__e33	26	11	37	45	25	11	37	45	11	1	13	TRUE	15	260	eligible	estimated		-0.555262742593462	0.369807620600639	-1.28346202378941	0.172936538602492	-1.50149080673786	0.134442121765228	-0.550620418692246	0.380487301257382	-1.2998493794957	0.198608542111205	0.149060819681923	0.957817869647846	Down	0.09206556710506	0.756043206083282	estimated	-0.555262742593462	1000	1000	-0.54607787854582	-1.25713984533564	0.110409897306829	0.94	TRUE	275	275	0	83034844	0.136367965826736	-0.691630708420198	-0.468677805326585	1000	1000	0.929	TRUE	-0.608306723280942	estimated	TRUE	-0.550620418692246	estimated	TRUE	-0.236169096653639	TRUE	-0.625474632980781	estimated	TRUE	13	13	0	1	gene:MT-ATP8	evaluated	0.997140688491182	TRUE	TRUE	TRUE	FALSE	TRUE	FALSE	FALSE	TRUE	TRUE	FALSE	TRUE	TRUE	TRUE	TRUE	TRUE	TRUE	TRUE	TRUE	FALSE	inconclusive	
phase13_gate_decisions_v1	excitatory_neurons	mtdna_oxphos_13	excitatory_neurons::apoe_e4_minus_e33__Male::mtdna_oxphos_13	apoe_e4_minus_e33__Male	7	apoe	1	direct_respiratory	AD__Male__e4	NCI__Male__e4	AD__Male__e33	NCI__Male__e33	27	10	28	53	27	10	28	53	10	1	13	TRUE	15	260	eligible	estimated		0.0808910996822834	0.485834919522252	-0.875781017029059	1.03756321639363	0.166499146997972	0.867893562267483	0.0467944215403031	0.501263388505078	-0.940258356351033	1.03384719943164	0.925695054144935	0.957817869647846	Up	0.871551357066086	0.970903271611309	estimated	0.0808910996822834	1000	1000	0.0612697563122113	-0.733842451057323	1.03262789497544	0.549	TRUE	275	275	2	10100862	0.241460345046747	-0.160569245364464	0.237498687732568	1000	1000	0.575	TRUE	0.0837062362033949	estimated	TRUE	0.0467944215403031	estimated	TRUE	0.11836177148141	TRUE	0.0395251363581525	estimated	TRUE	13	13	0	0.923076923076923	gene:MT-ND6	evaluated	0.997140688491182	TRUE	TRUE	TRUE	FALSE	FALSE	FALSE	FALSE	TRUE	TRUE	FALSE	FALSE	FALSE	TRUE	TRUE	TRUE	FALSE	TRUE	TRUE	FALSE	inconclusive	
phase13_gate_decisions_v1	excitatory_neurons	nuclear_oxphos_structural_86	excitatory_neurons::sex_F_minus_M__e2::nuclear_oxphos_structural_86	sex_F_minus_M__e2	1	sex	2	direct_respiratory	AD__Female__e2	NCI__Female__e2	AD__Male__e2	NCI__Male__e2	8	17	7	6	8	17	7	6	6	0.941860465116279	81	TRUE	15	260	eligible	estimated		0.424965677831021	1.10101144816081	-1.74306899878546	2.5930003544475	0.38597752869955	0.699828952487608	0.484685272795428	1.08206457377468	-1.64604054499744	2.6154110905883	0.654579326231419	0.957817869647846	Up	0.52090768065932	0.944631415335757	estimated	0.424965677831021	1000	1000	0.321258455100823	-1.3834841534041	2.31997775906844	0.642	TRUE	275	275	2	34726040	0.498312632716559	-0.0733469548855377	0.699676496399226	1000	1000	0.713	TRUE	0.371971290970206	estimated	TRUE	0.484685272795428	estimated	TRUE	0.439564173377659	TRUE	0.371377539102901	estimated	TRUE	5	5	0	1	complex_I	evaluated	0.99603805157347	TRUE	FALSE	TRUE	FALSE	TRUE	FALSE	FALSE	TRUE	TRUE	FALSE	FALSE	FALSE	TRUE	TRUE	TRUE	FALSE	TRUE	TRUE	FALSE	inconclusive	
phase13_gate_decisions_v1	excitatory_neurons	nuclear_oxphos_structural_86	excitatory_neurons::sex_F_minus_M__e33::nuclear_oxphos_structural_86	sex_F_minus_M__e33	2	sex	2	direct_respiratory	AD__Female__e33	NCI__Female__e33	AD__Male__e33	NCI__Male__e33	37	45	28	53	37	45	28	53	28	0.941860465116279	81	TRUE	15	260	eligible	estimated		-0.133572033487571	0.298315768686567	-0.720994564083743	0.453850497108601	-0.447753848466226	0.654703692184771	-0.139295340356956	0.300467663293382	-0.730955231187477	0.452364550473565	0.64332571434908	0.957817869647846	Down	0.662025386650148	0.944631415335757	estimated	-0.133572033487571	1000	1000	-0.127878317883968	-0.744712436902684	0.438074422651515	0.675	TRUE	275	275	1	10101327	0.137709591679544	-0.195707872482139	0.00413755819197331	1000	1000	0.797	TRUE	-0.146787241496931	estimated	TRUE	-0.139295340356956	estimated	TRUE	-0.106769597151468	TRUE	-0.129314651719737	estimated	TRUE	5	5	0	1	complex_IV	evaluated	0.99603805157347	TRUE	TRUE	TRUE	FALSE	FALSE	FALSE	FALSE	TRUE	TRUE	FALSE	FALSE	FALSE	TRUE	TRUE	TRUE	FALSE	TRUE	TRUE	FALSE	inconclusive	
phase13_gate_decisions_v1	excitatory_neurons	nuclear_oxphos_structural_86	excitatory_neurons::sex_F_minus_M__e4::nuclear_oxphos_structural_86	sex_F_minus_M__e4	3	sex	2	direct_respiratory	AD__Female__e4	NCI__Female__e4	AD__Male__e4	NCI__Male__e4	26	11	27	10	25	11	27	10	10	0.941860465116279	81	TRUE	15	260	eligible	estimated		-0.0901597278687424	0.598515515136763	-1.26871458620111	1.08839513046363	-0.150638915096697	0.880377363264116	-0.0370306083793964	0.602924444299072	-1.22426722140796	1.15020600464917	0.951073245804588	0.957817869647846	Down	0.872551803756953	0.970903271611309	estimated	-0.0901597278687424	1000	1000	-0.075995938642458	-1.13095593225253	0.980429185001821	0.561	TRUE	275	275	7	10260309	0.285340662553749	-0.375500390422491	0.102900459217459	1000	1000	0.606	TRUE	0.0351611015304528	estimated	FALSE	-0.0370306083793964	estimated	FALSE	0.0131013485589577	FALSE	0.0321823565256976	estimated	FALSE	5	5	0	0.8	complex_II	evaluated	0.99603805157347	TRUE	TRUE	TRUE	FALSE	FALSE	FALSE	FALSE	TRUE	TRUE	FALSE	FALSE	FALSE	TRUE	FALSE	FALSE	FALSE	TRUE	FALSE	FALSE	inconclusive	
phase13_gate_decisions_v1	excitatory_neurons	nuclear_oxphos_structural_86	excitatory_neurons::apoe_e2_minus_e33__Female::nuclear_oxphos_structural_86	apoe_e2_minus_e33__Female	4	apoe	2	direct_respiratory	AD__Female__e2	NCI__Female__e2	AD__Female__e33	NCI__Female__e33	8	17	37	45	8	17	37	45	8	0.941860465116279	81	TRUE	15	260	eligible	estimated		0.10016789928897	0.804828217985297	-1.48464349229678	1.68497929087472	0.12445873175237	0.901048241882958	0.0712955564950531	0.782927212562174	-1.47038990820827	1.61298102119838	0.927512795466801	0.957817869647846	Up	0.942789889018004	0.99386472359731	estimated	0.10016789928897	1000	1000	0.0650431195529857	-1.19226505455907	1.52238042542518	0.546	TRUE	275	275	4	21189544	0.463234139085869	-0.363066239796899	0.348820987497597	1000	1000	0.588	TRUE	0.0943589542482894	estimated	TRUE	0.0712955564950531	estimated	TRUE	0.0542716677752858	TRUE	0.0946146585543742	estimated	TRUE	5	5	0	0.8	complex_I	evaluated	0.99603805157347	TRUE	FALSE	TRUE	FALSE	FALSE	FALSE	FALSE	TRUE	TRUE	FALSE	FALSE	FALSE	TRUE	TRUE	TRUE	FALSE	TRUE	TRUE	FALSE	inconclusive	
phase13_gate_decisions_v1	excitatory_neurons	nuclear_oxphos_structural_86	excitatory_neurons::apoe_e2_minus_e33__Male::nuclear_oxphos_structural_86	apoe_e2_minus_e33__Male	5	apoe	2	direct_respiratory	AD__Male__e2	NCI__Male__e2	AD__Male__e33	NCI__Male__e33	7	6	28	53	7	6	28	53	6	0.941860465116279	81	TRUE	15	260	eligible	estimated		-0.458369812029622	0.801101831201889	-2.03584346359604	1.11910383953679	-0.572174215782197	0.567698336397306	-0.552685056657331	0.800139156767476	-2.12826307711148	1.02289296379681	0.49034754496677	0.957817869647846	Down	0.431149274219908	0.944631415335757	estimated	-0.458369812029622	1000	1000	-0.399700453784967	-1.80903637829071	0.891447659072134	0.729	TRUE	275	275	1	34726040	0.490430772429496	-0.731409156822131	0.0320609603998735	1000	1000	0.734	TRUE	-0.424399578218847	estimated	TRUE	-0.552685056657331	estimated	TRUE	-0.492062102753841	TRUE	-0.406077532268264	estimated	TRUE	5	5	0	1	complex_II	evaluated	0.99603805157347	TRUE	FALSE	TRUE	FALSE	TRUE	FALSE	FALSE	TRUE	TRUE	FALSE	FALSE	FALSE	TRUE	TRUE	TRUE	FALSE	TRUE	TRUE	FALSE	inconclusive	
phase13_gate_decisions_v1	excitatory_neurons	nuclear_oxphos_structural_86	excitatory_neurons::apoe_e4_minus_e33__Female::nuclear_oxphos_structural_86	apoe_e4_minus_e33__Female	6	apoe	2	direct_respiratory	AD__Female__e4	NCI__Female__e4	AD__Female__e33	NCI__Female__e33	26	11	37	45	25	11	37	45	11	0.941860465116279	81	TRUE	15	260	eligible	estimated		0.0494324133428119	0.354992013458192	-0.649593011310953	0.748457837996576	0.139249367503401	0.889360898472193	0.0890526587259607	0.357573526730921	-0.615056101167206	0.793161418619128	0.803520952407592	0.957817869647846	Up	0.703106225733463	0.944631415335757	estimated	0.0494324133428119	1000	1000	0.0618526789488178	-0.684150718551933	0.765442119582978	0.563	TRUE	275	275	6	21159840	0.130016145039325	-0.0727266945492498	0.179448558382136	1000	1000	0.623	TRUE	0.179448558382136	estimated	TRUE	0.0890526587259607	estimated	TRUE	0.231043202668732	TRUE	0.182627760124713	estimated	TRUE	5	5	0	1	complex_II	evaluated	0.99603805157347	TRUE	TRUE	TRUE	FALSE	FALSE	FALSE	FALSE	TRUE	TRUE	FALSE	FALSE	FALSE	TRUE	TRUE	TRUE	FALSE	TRUE	TRUE	FALSE	inconclusive	
phase13_gate_decisions_v1	excitatory_neurons	nuclear_oxphos_structural_86	excitatory_neurons::apoe_e4_minus_e33__Male::nuclear_oxphos_structural_86	apoe_e4_minus_e33__Male	7	apoe	2	direct_respiratory	AD__Male__e4	NCI__Male__e4	AD__Male__e33	NCI__Male__e33	27	10	28	53	27	10	28	53	10	0.941860465116279	81	TRUE	15	260	eligible	estimated		0.00602010772398365	0.564927298392207	-1.10639518525732	1.11843540070528	0.0106564291389653	0.991505732730535	-0.0132120732515987	0.569463708098893	-1.13456014669387	1.10813600019067	0.981507812756714	0.996287655192214	Up	0.801882786730063	0.970088489617716	estimated	0.00602010772398365	1000	1000	0.0174312059047415	-1.03521371037064	1.05697759209148	0.51	TRUE	275	275	54	10260309	0.281105743425117	-0.190436274816538	0.287125851149101	1000	1000	0.5	TRUE	-0.00249978464524696	estimated	FALSE	-0.0132120732515987	estimated	FALSE	0.111172256958306	TRUE	0.0211307518792787	estimated	TRUE	5	5	1	1	complex_II	evaluated	0.99603805157347	TRUE	TRUE	TRUE	FALSE	FALSE	FALSE	FALSE	TRUE	TRUE	FALSE	FALSE	FALSE	TRUE	FALSE	FALSE	FALSE	FALSE	TRUE	FALSE	inconclusive	
phase13_gate_decisions_v1	excitatory_neurons	mitochondrial_translation_155	excitatory_neurons::sex_F_minus_M__e2::mitochondrial_translation_155	sex_F_minus_M__e2	1	sex	3	respiration_supporting	AD__Female__e2	NCI__Female__e2	AD__Male__e2	NCI__Male__e2	8	17	7	6	8	17	7	6	6	0.948387096774194	147	TRUE	15	260	eligible	estimated		-0.369152825376263	1.08502405412786	-2.50570624472693	1.7674005939744	-0.340225476082175	0.733961445452247	0.241639832760448	1.00211443823376	-1.73165377436607	2.21493343988696	0.809644424439407	0.957817869647846	Down	0.563364052216184	0.944631415335757	estimated	-0.369152825376263	1000	1000	-0.495319064871611	-2.18904156573494	1.32737702337279	0.708	TRUE	275	275	0	34726040	0.736417186500903	-1.10557001187717	-0.0544950950407934	1000	1000	0.819	TRUE	-0.422513032654598	estimated	TRUE	0.241639832760448	estimated	FALSE	0.0281765033266164	FALSE	-0.445357824967671	estimated	TRUE	6	6	0	0.833333333333333	mitochondrial_ribosome	evaluated	0.856508904628686	TRUE	FALSE	TRUE	FALSE	TRUE	FALSE	FALSE	TRUE	TRUE	FALSE	FALSE	TRUE	TRUE	FALSE	TRUE	TRUE	TRUE	TRUE	FALSE	inconclusive	
phase13_gate_decisions_v1	excitatory_neurons	mitochondrial_translation_155	excitatory_neurons::sex_F_minus_M__e33::mitochondrial_translation_155	sex_F_minus_M__e33	2	sex	3	respiration_supporting	AD__Female__e33	NCI__Female__e33	AD__Male__e33	NCI__Male__e33	37	45	28	53	37	45	28	53	28	0.948387096774194	147	TRUE	15	260	eligible	estimated		-0.304373703403398	0.282124023736492	-0.859912583211623	0.251165176404827	-1.07886488847078	0.2816478147161	-0.16252842246235	0.297578858453659	-0.748499881009119	0.42344303608442	0.585417942392803	0.957817869647846	Down	0.241975035188275	0.928715301675688	estimated	-0.304373703403398	1000	1000	-0.321119473701989	-0.914328972038093	0.237931851665375	0.87	TRUE	275	275	0	10101327	0.0745851994765308	-0.376378644568519	-0.229788503926867	1000	1000	0.959	TRUE	-0.364584294067239	estimated	TRUE	-0.16252842246235	estimated	TRUE	-0.0672278096969244	TRUE	-0.340363888486103	estimated	TRUE	6	6	0	1	mitochondrial_ribosome	evaluated	0.856508904628686	TRUE	TRUE	TRUE	FALSE	TRUE	FALSE	FALSE	TRUE	TRUE	FALSE	TRUE	TRUE	TRUE	TRUE	TRUE	TRUE	TRUE	TRUE	FALSE	inconclusive	
phase13_gate_decisions_v1	excitatory_neurons	mitochondrial_translation_155	excitatory_neurons::sex_F_minus_M__e4::mitochondrial_translation_155	sex_F_minus_M__e4	3	sex	3	respiration_supporting	AD__Female__e4	NCI__Female__e4	AD__Male__e4	NCI__Male__e4	26	11	27	10	25	11	27	10	10	0.948387096774194	147	TRUE	15	260	eligible	estimated		-0.639121645614376	0.903970859908085	-2.41915778802268	1.14091449679393	-0.707015761193188	0.480189859195427	-0.321791450089845	0.617089149903595	-1.53692020991304	0.893337309733347	0.602485586531117	0.957817869647846	Up	0.869549270185861	0.970903271611309	estimated	-0.639121645614376	1000	1000	-0.573775072277957	-2.63401250779008	0.853349609817316	0.746	TRUE	275	275	1	21159840	0.76141432394937	-0.906767548518666	0.122292678334994	1000	1000	0.644	TRUE	0.122292678334994	estimated	FALSE	-0.321791450089845	estimated	TRUE	-0.400817825347767	TRUE	0.118214714717158	estimated	FALSE	6	6	0	1	mitochondrial_ribosome	evaluated	0.856508904628686	TRUE	TRUE	TRUE	FALSE	TRUE	FALSE	FALSE	TRUE	FALSE	FALSE	FALSE	FALSE	TRUE	TRUE	FALSE	FALSE	TRUE	FALSE	FALSE	inconclusive	
phase13_gate_decisions_v1	excitatory_neurons	mitochondrial_translation_155	excitatory_neurons::apoe_e2_minus_e33__Female::mitochondrial_translation_155	apoe_e2_minus_e33__Female	4	apoe	3	respiration_supporting	AD__Female__e2	NCI__Female__e2	AD__Female__e33	NCI__Female__e33	8	17	37	45	8	17	37	45	8	0.948387096774194	147	TRUE	15	260	eligible	estimated		0.371444476994268	0.674701532507382	-0.957130553979108	1.70001950796764	0.550531544835647	0.582427536023151	0.110777979965414	0.718620641049632	-1.30427948535934	1.52583544529017	0.877608191177599	0.957817869647846	Up	0.692096722827619	0.944631415335757	estimated	0.371444476994268	1000	1000	0.314438744044657	-0.810572116426376	1.5463734200621	0.71	TRUE	275	275	1	21189544	0.388812339655314	-0.0173678626610459	0.551918401128787	1000	1000	0.74	TRUE	0.350885523883477	estimated	TRUE	0.110777979965414	estimated	FALSE	-0.0373944341645399	FALSE	0.362347665775372	estimated	TRUE	6	6	0	1	mitochondrial_ribosome	evaluated	0.856508904628686	TRUE	FALSE	TRUE	FALSE	TRUE	FALSE	FALSE	TRUE	TRUE	FALSE	FALSE	FALSE	TRUE	FALSE	TRUE	FALSE	TRUE	TRUE	FALSE	inconclusive	
phase13_gate_decisions_v1	excitatory_neurons	mitochondrial_translation_155	excitatory_neurons::apoe_e2_minus_e33__Male::mitochondrial_translation_155	apoe_e2_minus_e33__Male	5	apoe	3	respiration_supporting	AD__Male__e2	NCI__Male__e2	AD__Male__e33	NCI__Male__e33	7	6	28	53	7	6	28	53	6	0.948387096774194	147	TRUE	15	260	eligible	estimated		0.436223598967133	0.888571203060402	-1.31348861710095	2.18593581503522	0.49092700445918	0.623892178291939	-0.293390275257383	0.756329234777038	-1.78270086387529	1.19592031336052	0.698397491695293	0.957817869647846	Up	0.754888104967319	0.944631415335757	estimated	0.436223598967133	1000	1000	0.557870140318762	-1.04366057246137	1.76782135379936	0.74	TRUE	275	275	0	34726040	0.727752434500237	0.124305501391678	1.16397603346737	1000	1000	0.862	TRUE	0.408814262470836	estimated	TRUE	-0.293390275257383	estimated	FALSE	-0.132798747188081	FALSE	0.46734160225694	estimated	TRUE	6	6	0	0.833333333333333	mitochondrial_ribosome	evaluated	0.856508904628686	TRUE	FALSE	TRUE	FALSE	TRUE	FALSE	FALSE	TRUE	TRUE	FALSE	FALSE	TRUE	TRUE	FALSE	TRUE	TRUE	TRUE	TRUE	FALSE	inconclusive	
phase13_gate_decisions_v1	excitatory_neurons	mitochondrial_translation_155	excitatory_neurons::apoe_e4_minus_e33__Female::mitochondrial_translation_155	apoe_e4_minus_e33__Female	6	apoe	3	respiration_supporting	AD__Female__e4	NCI__Female__e4	AD__Female__e33	NCI__Female__e33	26	11	37	45	25	11	37	45	11	0.948387096774194	147	TRUE	15	260	eligible	estimated		-0.36104411434932	0.842875053971245	-2.02077467220792	1.29868644350928	-0.428348321199262	0.668752176210512	-0.12422172683303	0.437248044980285	-0.985219971114287	0.736776517448227	0.776560641904654	0.957817869647846	Up	0.247760439720489	0.928715301675688	estimated	-0.36104411434932	1000	1000	-0.271147929978945	-2.19722481669841	0.972174248762702	0.628	TRUE	275	275	1	21159840	0.773712167603037	-0.634166985299145	0.412668053253717	1000	1000	0.503	TRUE	0.412668053253717	estimated	FALSE	-0.12422172683303	estimated	FALSE	-0.102040714452282	TRUE	0.427853719460325	estimated	FALSE	6	6	0	1	mitochondrial_ribosome	evaluated	0.856508904628686	TRUE	TRUE	TRUE	FALSE	TRUE	FALSE	FALSE	TRUE	FALSE	FALSE	FALSE	FALSE	TRUE	FALSE	FALSE	FALSE	TRUE	FALSE	FALSE	inconclusive	
phase13_gate_decisions_v1	excitatory_neurons	mitochondrial_translation_155	excitatory_neurons::apoe_e4_minus_e33__Male::mitochondrial_translation_155	apoe_e4_minus_e33__Male	7	apoe	3	respiration_supporting	AD__Male__e4	NCI__Male__e4	AD__Male__e33	NCI__Male__e33	27	10	28	53	27	10	28	53	10	0.948387096774194	147	TRUE	15	260	eligible	estimated		-0.0262961721383422	0.446981263750675	-0.906460389529643	0.853868045252959	-0.0588305915055316	0.953132232800841	0.0350413007944656	0.524746335829287	-0.998252453240296	1.06833505482923	0.946810076912234	0.963841583731187	Up	0.951566594591783	0.99386472359731	estimated	-0.0262961721383422	1000	1000	-0.0223474285877048	-0.878518932174099	0.817659831049484	0.523	TRUE	275	275	21	10260309	0.190286976276243	-0.196960801804058	0.1639908041379	1000	1000	0.537	TRUE	-0.0742089191485156	estimated	TRUE	0.0350413007944656	estimated	FALSE	0.23154930119856	FALSE	-0.030724883742935	estimated	TRUE	6	6	1	0.833333333333333	mitochondrial_ribosome	evaluated	0.856508904628686	TRUE	TRUE	TRUE	FALSE	FALSE	FALSE	FALSE	TRUE	FALSE	FALSE	FALSE	FALSE	TRUE	FALSE	TRUE	FALSE	FALSE	TRUE	FALSE	inconclusive	
phase13_gate_decisions_v1	excitatory_neurons	mib_micos_inner_membrane_19	excitatory_neurons::sex_F_minus_M__e2::mib_micos_inner_membrane_19	sex_F_minus_M__e2	1	sex	4	respiration_supporting	AD__Female__e2	NCI__Female__e2	AD__Male__e2	NCI__Male__e2	8	17	7	6	8	17	7	6	6	0.947368421052632	18	TRUE	15	260	eligible	estimated		-0.0949864104190365	1.07973518200815	-2.22112535299485	2.03115253215677	-0.0879719509022346	0.929966688164887	0.531135462251814	1.14747556545735	-1.72839310181294	2.79066402631657	0.643842569121194	0.957817869647846	Down	0.561707233287053	0.944631415335757	estimated	-0.0949864104190365	1000	1000	-0.209376565765075	-1.97459043699824	1.59994319099006	0.592	TRUE	275	275	8	50101523	0.50771504785046	-0.53042486584325	0.412728637431423	1000	1000	0.627	TRUE	-0.21412841197283	estimated	TRUE	0.531135462251814	estimated	FALSE	0.307476062934433	FALSE	-0.222038392230804	estimated	TRUE	18	18	4	0.777777777777778	gene:IMMT	evaluated	0.205971811354545	FALSE	FALSE	TRUE	FALSE	FALSE	FALSE	FALSE	TRUE	TRUE	FALSE	FALSE	FALSE	FALSE	FALSE	TRUE	FALSE	FALSE	TRUE	FALSE	inconclusive	
phase13_gate_decisions_v1	excitatory_neurons	mib_micos_inner_membrane_19	excitatory_neurons::sex_F_minus_M__e33::mib_micos_inner_membrane_19	sex_F_minus_M__e33	2	sex	4	respiration_supporting	AD__Female__e33	NCI__Female__e33	AD__Male__e33	NCI__Male__e33	37	45	28	53	37	45	28	53	28	0.947368421052632	18	TRUE	15	260	eligible	estimated		0.300169607065102	0.307069719853353	-0.304490591421538	0.904829805551742	0.977529165716679	0.329215900421938	-0.255953962664761	0.301245251356588	-0.849145025480795	0.337237100151273	0.39629965782161	0.957817869647846	Up	0.278305946478229	0.928715301675688	estimated	0.300169607065102	1000	1000	0.256116959262809	-0.332804371808461	0.880229013275733	0.812	TRUE	275	275	0	15144878	0.136428946691395	0.163740660373707	0.383954320081804	1000	1000	0.959	TRUE	0.205881777150477	estimated	TRUE	-0.255953962664761	estimated	FALSE	0.541464908217491	TRUE	0.234940764812665	estimated	TRUE	18	18	0	1	gene:ATAD3B	evaluated	0.205971811354545	FALSE	TRUE	TRUE	FALSE	TRUE	FALSE	FALSE	TRUE	TRUE	FALSE	TRUE	TRUE	FALSE	FALSE	TRUE	TRUE	TRUE	TRUE	FALSE	inconclusive	
phase13_gate_decisions_v1	excitatory_neurons	mib_micos_inner_membrane_19	excitatory_neurons::sex_F_minus_M__e4::mib_micos_inner_membrane_19	sex_F_minus_M__e4	3	sex	4	respiration_supporting	AD__Female__e4	NCI__Female__e4	AD__Male__e4	NCI__Male__e4	26	11	27	10	25	11	27	10	10	0.947368421052632	18	TRUE	15	260	eligible	estimated		-0.56520508213543	1.06414744342232	-2.66064974097734	1.53023957670648	-0.531134182231101	0.595779227411582	0.064296255760488	0.639896907179218	-1.19574394322349	1.32433645474447	0.920041422248538	0.957817869647846	Up	0.579860067919093	0.944631415335757	estimated	-0.56520508213543	1000	1000	-0.500623505226262	-3.06213904934488	1.13635412533648	0.693	TRUE	275	275	1	21159840	0.932457519496456	-0.955634646375521	0.367252437361027	1000	1000	0.473	TRUE	0.367252437361027	estimated	FALSE	0.064296255760488	estimated	FALSE	-0.318150527412166	TRUE	0.369284347401443	estimated	FALSE	18	18	0	0.944444444444444	gene:IMMT	evaluated	0.205971811354545	FALSE	TRUE	TRUE	FALSE	TRUE	FALSE	FALSE	TRUE	FALSE	FALSE	FALSE	FALSE	FALSE	FALSE	FALSE	FALSE	TRUE	FALSE	FALSE	inconclusive	
phase13_gate_decisions_v1	excitatory_neurons	mib_micos_inner_membrane_19	excitatory_neurons::apoe_e2_minus_e33__Female::mib_micos_inner_membrane_19	apoe_e2_minus_e33__Female	4	apoe	4	respiration_supporting	AD__Female__e2	NCI__Female__e2	AD__Female__e33	NCI__Female__e33	8	17	37	45	8	17	37	45	8	0.947368421052632	18	TRUE	15	260	eligible	estimated		0.354781540431965	0.571239794556594	-0.770063878142726	1.47962695900666	0.621072873095881	0.535095773087599	0.0104443613624388	0.72773995574058	-1.42257022013034	1.44345894285522	0.988560338466398	0.957817869647846	Up	0.601785875959018	0.944631415335757	estimated	0.354781540431965	1000	1000	0.302098677093548	-0.673324062538014	1.4475160367379	0.726	TRUE	275	275	0	21189544	0.308339582656235	0.0464419577757299	0.518906700715599	1000	1000	0.698	TRUE	0.337612901648554	estimated	TRUE	0.0104443613624388	estimated	FALSE	-0.0611922668002844	FALSE	0.337216616860401	estimated	TRUE	18	18	0	1	gene:CHCHD6	evaluated	0.205971811354545	FALSE	FALSE	TRUE	FALSE	TRUE	FALSE	FALSE	TRUE	TRUE	FALSE	FALSE	TRUE	FALSE	FALSE	TRUE	FALSE	TRUE	TRUE	FALSE	inconclusive	
phase13_gate_decisions_v1	excitatory_neurons	mib_micos_inner_membrane_19	excitatory_neurons::apoe_e2_minus_e33__Male::mib_micos_inner_membrane_19	apoe_e2_minus_e33__Male	5	apoe	4	respiration_supporting	AD__Male__e2	NCI__Male__e2	AD__Male__e33	NCI__Male__e33	7	6	28	53	7	6	28	53	6	0.947368421052632	18	TRUE	15	260	eligible	estimated		0.749937557916104	0.974755788502817	-1.1694833111738	2.669358427006	0.769359430086561	0.442378329750351	-0.776645063554136	0.941766288854017	-2.63110531908974	1.07781519198147	0.410315700632466	0.957817869647846	Up	0.180358325106811	0.927557100549314	estimated	0.749937557916104	1000	1000	0.8188543115435	-0.769030739242125	2.46771342331701	0.839	TRUE	275	275	0	50101523	0.477085683461078	0.272851874455026	1.17958549726689	1000	1000	0.946	TRUE	0.757623090771861	estimated	TRUE	-0.776645063554136	estimated	FALSE	0.172796578482774	TRUE	0.794195773903871	estimated	TRUE	18	18	0	1	gene:CHCHD6	evaluated	0.205971811354545	FALSE	FALSE	TRUE	FALSE	TRUE	FALSE	FALSE	TRUE	TRUE	FALSE	TRUE	TRUE	FALSE	FALSE	TRUE	TRUE	TRUE	TRUE	FALSE	inconclusive	
phase13_gate_decisions_v1	excitatory_neurons	mib_micos_inner_membrane_19	excitatory_neurons::apoe_e4_minus_e33__Female::mib_micos_inner_membrane_19	apoe_e4_minus_e33__Female	6	apoe	4	respiration_supporting	AD__Female__e4	NCI__Female__e4	AD__Female__e33	NCI__Female__e33	26	11	37	45	25	11	37	45	11	0.947368421052632	18	TRUE	15	260	eligible	estimated		-0.758158700701466	1.00689792513226	-2.74087161540051	1.22455421399758	-0.752964805843529	0.452152286835805	0.172851851060848	0.396763189439345	-0.608426449493043	0.954130151614739	0.663448551292577	0.957817869647846	Up	0.932320541130792	0.99386472359731	estimated	-0.758158700701466	1000	1000	-0.670560635131772	-3.0751064974201	0.768547662544527	0.745	TRUE	275	275	1	21159840	0.967816217096054	-1.17038198315644	0.209657516394588	1000	1000	0.586	TRUE	0.209657516394588	estimated	FALSE	0.172851851060848	estimated	FALSE	-0.485480371956044	TRUE	0.212443360504472	estimated	FALSE	18	18	0	1	gene:MTX3	evaluated	0.205971811354545	FALSE	TRUE	TRUE	FALSE	TRUE	FALSE	FALSE	TRUE	FALSE	FALSE	FALSE	FALSE	FALSE	FALSE	FALSE	FALSE	TRUE	FALSE	FALSE	inconclusive	
phase13_gate_decisions_v1	excitatory_neurons	mib_micos_inner_membrane_19	excitatory_neurons::apoe_e4_minus_e33__Male::mib_micos_inner_membrane_19	apoe_e4_minus_e33__Male	7	apoe	4	respiration_supporting	AD__Male__e4	NCI__Male__e4	AD__Male__e33	NCI__Male__e33	27	10	28	53	27	10	28	53	10	0.947368421052632	18	TRUE	15	260	eligible	estimated		0.107215988499066	0.485854639800469	-0.849494960003787	1.06392693700192	0.220675032645767	0.825518661465225	-0.147398367364401	0.587940615026917	-1.30512987260794	1.01033313787913	0.802241886500853	0.957817869647846	Up	0.743345932454902	0.944631415335757	estimated	0.107215988499066	1000	1000	0.108077281627907	-0.7991131643581	1.12175483995504	0.574	TRUE	275	275	3	10260309	0.210621245687294	-0.0714567467227503	0.31783723418636	1000	1000	0.58	TRUE	0.0482868561840382	estimated	FALSE	-0.147398367364401	estimated	FALSE	0.374135063673613	TRUE	0.0780997779156943	estimated	TRUE	18	18	0	0.888888888888889	gene:IMMT	evaluated	0.205971811354545	FALSE	TRUE	TRUE	FALSE	FALSE	FALSE	FALSE	TRUE	TRUE	FALSE	FALSE	FALSE	FALSE	FALSE	FALSE	FALSE	TRUE	TRUE	FALSE	inconclusive	
phase13_gate_decisions_v1	inhibitory_neurons	mtdna_oxphos_13	inhibitory_neurons::sex_F_minus_M__e2::mtdna_oxphos_13	sex_F_minus_M__e2	1	sex	1	direct_respiratory	AD__Female__e2	NCI__Female__e2	AD__Male__e2	NCI__Male__e2	8	16	7	6	8	16	7	6	6	1	13	TRUE	15	258	eligible	estimated		0.174453010765047	0.832381876486722	-1.46467453428858	1.81358055581868	0.209582903824589	0.834158621624151	0.211748121780223	0.817952639935197	-1.39896535065385	1.82246159421429	0.795937509950485	0.957817869647846	Up	0.820137631365063	0.970903271611309	estimated	0.174453010765047	1000	1000	0.194038185514501	-1.15265729615129	1.72586983178354	0.612	TRUE	273	273	4	66406040	0.33871308375131	-0.164260072986263	0.478158990581415	1000	1000	0.687	TRUE	0.167692238629874	estimated	TRUE	0.211748121780223	estimated	TRUE	-0.00691987358578983	FALSE	0.174453010765047	estimated	TRUE	13	13	0	1	gene:MT-ND2	evaluated	0.996806504675456	TRUE	FALSE	TRUE	FALSE	FALSE	FALSE	FALSE	TRUE	TRUE	FALSE	FALSE	FALSE	TRUE	TRUE	TRUE	FALSE	TRUE	TRUE	FALSE	inconclusive	
phase13_gate_decisions_v1	inhibitory_neurons	mtdna_oxphos_13	inhibitory_neurons::sex_F_minus_M__e33::mtdna_oxphos_13	sex_F_minus_M__e33	2	sex	1	direct_respiratory	AD__Female__e33	NCI__Female__e33	AD__Male__e33	NCI__Male__e33	37	45	27	53	37	45	27	51	27	1	13	TRUE	15	258	eligible	estimated		0.20759030836546	0.337729280377612	-0.457466658725912	0.872647275456833	0.614664823059924	0.539317791322078	0.232410508661567	0.341784834581768	-0.440632661390576	0.905453678713709	0.497120036453114	0.957817869647846	Up	0.516718931289363	0.944631415335757	estimated	0.20759030836546	1000	1000	0.229490323036682	-0.395824489939289	0.811691131996164	0.762	TRUE	273	273	0	11371707	0.0833474786293716	0.124242829736089	0.281894614587562	1000	1000	0.831	TRUE	0.184069708213151	estimated	TRUE	0.232410508661567	estimated	TRUE	0.106920597734526	TRUE	0.20759030836546	estimated	TRUE	13	13	0	1	gene:MT-ND6	evaluated	0.996806504675456	TRUE	TRUE	TRUE	FALSE	FALSE	FALSE	FALSE	TRUE	TRUE	FALSE	FALSE	TRUE	TRUE	TRUE	TRUE	TRUE	TRUE	TRUE	FALSE	inconclusive	
phase13_gate_decisions_v1	inhibitory_neurons	mtdna_oxphos_13	inhibitory_neurons::sex_F_minus_M__e4::mtdna_oxphos_13	sex_F_minus_M__e4	3	sex	1	direct_respiratory	AD__Female__e4	NCI__Female__e4	AD__Male__e4	NCI__Male__e4	26	11	27	10	24	11	26	10	10	1	13	TRUE	15	258	eligible	estimated		-0.0784551307392182	0.508254497345534	-1.07931059147166	0.922400329993223	-0.154361901663373	0.877445072448149	-0.0587885359149551	0.524122119938775	-1.09089054105424	0.973313469224334	0.910779225421052	0.957817869647846	Down	0.627134245089929	0.944631415335757	estimated	-0.0784551307392182	1000	1000	-0.107054806009035	-1.10974592158815	0.887263198331606	0.584	TRUE	273	273	4	11681508	0.214319474170195	-0.241550904441923	0.135864343430977	1000	1000	0.586	TRUE	-0.213669875355983	estimated	TRUE	-0.0587885359149551	estimated	TRUE	-0.270976226133704	TRUE	-0.0784551307392182	estimated	TRUE	13	13	0	1	gene:MT-ATP6	evaluated	0.996806504675456	TRUE	TRUE	TRUE	FALSE	FALSE	FALSE	FALSE	TRUE	TRUE	FALSE	FALSE	FALSE	TRUE	TRUE	TRUE	FALSE	TRUE	TRUE	FALSE	inconclusive	
phase13_gate_decisions_v1	inhibitory_neurons	mtdna_oxphos_13	inhibitory_neurons::apoe_e2_minus_e33__Female::mtdna_oxphos_13	apoe_e2_minus_e33__Female	4	apoe	1	direct_respiratory	AD__Female__e2	NCI__Female__e2	AD__Female__e33	NCI__Female__e33	8	16	37	45	8	16	37	45	8	1	13	TRUE	15	258	eligible	estimated		-0.511182105733775	0.516607995397515	-1.52848728641008	0.506123074942529	-0.989497085387607	0.323347071407726	-0.490564864394744	0.514546010021524	-1.50380958061025	0.522679851820766	0.341283058866713	0.957817869647846	Down	0.250657995957176	0.928715301675688	estimated	-0.511182105733775	1000	1000	-0.493155343362887	-1.37218444593185	0.436215167582052	0.867	TRUE	273	273	0	09650662	0.310830450475297	-0.708028447549758	-0.200351655258478	1000	1000	0.864	TRUE	-0.509586999444236	estimated	TRUE	-0.490564864394744	estimated	TRUE	-0.0762265719434041	TRUE	-0.511182105733775	estimated	TRUE	13	13	0	1	gene:MT-ATP8	evaluated	0.996806504675456	TRUE	FALSE	TRUE	FALSE	TRUE	FALSE	FALSE	TRUE	TRUE	FALSE	TRUE	TRUE	TRUE	TRUE	TRUE	TRUE	TRUE	TRUE	FALSE	inconclusive	
phase13_gate_decisions_v1	inhibitory_neurons	mtdna_oxphos_13	inhibitory_neurons::apoe_e2_minus_e33__Male::mtdna_oxphos_13	apoe_e2_minus_e33__Male	5	apoe	1	direct_respiratory	AD__Male__e2	NCI__Male__e2	AD__Male__e33	NCI__Male__e33	7	6	27	53	7	6	27	51	6	1	13	TRUE	15	258	eligible	estimated		-0.478044808133362	0.743716721708475	-1.94257280748703	0.986483191220301	-0.64277808227196	0.520938922090583	-0.4699024775134	0.73068357840623	-1.9087655930093	0.968960637982496	0.520730481296176	0.957817869647846	Down	0.5798610022662	0.944631415335757	estimated	-0.478044808133362	1000	1000	-0.474968823332823	-1.73308283388649	0.851226637031518	0.785	TRUE	273	273	0	66406040	0.333434578055525	-0.777075038208792	-0.144610230077837	1000	1000	0.787	TRUE	-0.493209529860959	estimated	TRUE	-0.4699024775134	estimated	TRUE	0.0376138993769122	FALSE	-0.478044808133362	estimated	TRUE	13	13	0	1	gene:MT-ATP8	evaluated	0.996806504675456	TRUE	FALSE	TRUE	FALSE	TRUE	FALSE	FALSE	TRUE	TRUE	FALSE	FALSE	TRUE	TRUE	TRUE	TRUE	FALSE	TRUE	TRUE	FALSE	inconclusive	
phase13_gate_decisions_v1	inhibitory_neurons	mtdna_oxphos_13	inhibitory_neurons::apoe_e4_minus_e33__Female::mtdna_oxphos_13	apoe_e4_minus_e33__Female	6	apoe	1	direct_respiratory	AD__Female__e4	NCI__Female__e4	AD__Female__e33	NCI__Female__e33	26	11	37	45	24	11	37	45	11	1	13	TRUE	15	258	eligible	estimated		-0.483595448756469	0.383882786317455	-1.23953796372413	0.272347066211197	-1.25974767817944	0.20889875992033	-0.490137705679074	0.389836545625547	-1.25780437172954	0.277528960371389	0.209785469654776	0.957817869647846	Down	0.151740041627175	0.881071209448111	estimated	-0.483595448756469	1000	1000	-0.522956210056763	-1.2050836599327	0.226313828437947	0.917	TRUE	273	273	0	20963578	0.105439370862215	-0.589034819618684	-0.380843939004547	1000	1000	0.863	TRUE	-0.560732351232486	estimated	TRUE	-0.490137705679074	estimated	TRUE	-0.238635320343517	TRUE	-0.483595448756469	estimated	TRUE	13	13	0	1	gene:MT-ATP8	evaluated	0.996806504675456	TRUE	TRUE	TRUE	FALSE	TRUE	FALSE	FALSE	TRUE	TRUE	FALSE	TRUE	TRUE	TRUE	TRUE	TRUE	TRUE	TRUE	TRUE	FALSE	inconclusive	
phase13_gate_decisions_v1	inhibitory_neurons	mtdna_oxphos_13	inhibitory_neurons::apoe_e4_minus_e33__Male::mtdna_oxphos_13	apoe_e4_minus_e33__Male	7	apoe	1	direct_respiratory	AD__Male__e4	NCI__Male__e4	AD__Male__e33	NCI__Male__e33	27	10	27	53	26	10	27	51	10	1	13	TRUE	15	258	eligible	estimated		-0.19755000965179	0.469905563127809	-1.12288869596209	0.727788676658514	-0.420403640971705	0.674540541132495	-0.198938661102552	0.486138673866103	-1.15624361158159	0.75836628937649	0.68271623212891	0.957817869647846	Down	0.693296028563756	0.944631415335757	estimated	-0.19755000965179	1000	1000	-0.183891898724757	-1.06083179756883	0.766730109395535	0.647	TRUE	273	273	0	11681508	0.214362728037052	-0.411912737688842	-0.0353938294639679	1000	1000	0.65	TRUE	-0.162992767663352	estimated	TRUE	-0.198938661102552	estimated	TRUE	0.139261503524714	FALSE	-0.19755000965179	estimated	TRUE	13	13	0	1	gene:MT-ATP8	evaluated	0.996806504675456	TRUE	TRUE	TRUE	FALSE	FALSE	FALSE	FALSE	TRUE	TRUE	FALSE	FALSE	TRUE	TRUE	TRUE	TRUE	FALSE	TRUE	TRUE	FALSE	inconclusive	
phase13_gate_decisions_v1	inhibitory_neurons	nuclear_oxphos_structural_86	inhibitory_neurons::sex_F_minus_M__e2::nuclear_oxphos_structural_86	sex_F_minus_M__e2	1	sex	2	direct_respiratory	AD__Female__e2	NCI__Female__e2	AD__Male__e2	NCI__Male__e2	8	16	7	6	8	16	7	6	6	0.906976744186046	78	TRUE	15	258	eligible	estimated		-0.318989875566187	0.904619291725751	-2.10036743884647	1.46238768771409	-0.352623339435584	0.724658734258069	-0.214731258113363	0.905523111255481	-1.99788862406449	1.56842610783777	0.812740215290723	0.957817869647846	Down	0.874358814995196	0.970903271611309	estimated	-0.318989875566187	1000	1000	-0.337227874145742	-1.94084043739973	1.20566052384848	0.649	TRUE	273	273	0	34726040	0.412100368167144	-0.731090243733332	-0.0841517225634365	1000	1000	0.697	TRUE	-0.365983102693193	estimated	TRUE	-0.214731258113363	estimated	TRUE	-0.184282485955597	TRUE	-0.318989875566187	estimated	TRUE	5	5	0	1	complex_I	evaluated	0.995750752641785	TRUE	FALSE	TRUE	FALSE	TRUE	FALSE	FALSE	TRUE	TRUE	FALSE	FALSE	TRUE	TRUE	TRUE	TRUE	FALSE	TRUE	TRUE	FALSE	inconclusive	
phase13_gate_decisions_v1	inhibitory_neurons	nuclear_oxphos_structural_86	inhibitory_neurons::sex_F_minus_M__e33::nuclear_oxphos_structural_86	sex_F_minus_M__e33	2	sex	2	direct_respiratory	AD__Female__e33	NCI__Female__e33	AD__Male__e33	NCI__Male__e33	37	45	27	53	37	45	27	51	27	0.906976744186046	78	TRUE	15	258	eligible	estimated		-0.21415745428984	0.28190403871867	-0.76928327811958	0.340968369539901	-0.759682107653524	0.448138205941044	-0.230514309174032	0.286493347224367	-0.794677405675047	0.333648787326982	0.421787798444559	0.957817869647846	Up	0.748508579269219	0.944631415335757	estimated	-0.21415745428984	1000	1000	-0.209006210234965	-0.778145553651977	0.363238345490934	0.775	TRUE	273	273	0	10101327	0.116904643640551	-0.274855717413492	-0.097252810649289	1000	1000	0.893	TRUE	-0.103377512901238	estimated	FALSE	-0.230514309174032	estimated	TRUE	-0.121821689926073	TRUE	-0.21415745428984	estimated	TRUE	5	5	0	1	complex_V	evaluated	0.995750752641785	TRUE	TRUE	TRUE	FALSE	FALSE	FALSE	FALSE	TRUE	FALSE	FALSE	FALSE	TRUE	TRUE	TRUE	FALSE	TRUE	TRUE	TRUE	FALSE	inconclusive	
phase13_gate_decisions_v1	inhibitory_neurons	nuclear_oxphos_structural_86	inhibitory_neurons::sex_F_minus_M__e4::nuclear_oxphos_structural_86	sex_F_minus_M__e4	3	sex	2	direct_respiratory	AD__Female__e4	NCI__Female__e4	AD__Male__e4	NCI__Male__e4	26	11	27	10	24	11	26	10	10	0.906976744186046	78	TRUE	15	258	eligible	estimated		0.208554794972956	0.583668251915811	-0.940805535800379	1.35791512574629	0.357317353288282	0.721146346165148	0.243626314981304	0.594909534984227	-0.927870365993404	1.41512299595601	0.68249916017132	0.957817869647846	Up	0.504557768471628	0.944631415335757	estimated	0.208554794972956	1000	1000	0.239216353148509	-0.978609742506988	1.32161901282214	0.663	TRUE	273	273	1	10260309	0.277623618753365	-0.0690688237804089	0.419156032839026	1000	1000	0.738	TRUE	0.297938898074705	estimated	TRUE	0.243626314981304	estimated	TRUE	0.190963912970204	TRUE	0.208554794972956	estimated	TRUE	5	5	0	1	complex_I	evaluated	0.995750752641785	TRUE	TRUE	TRUE	FALSE	FALSE	FALSE	FALSE	TRUE	TRUE	FALSE	FALSE	FALSE	TRUE	TRUE	TRUE	FALSE	TRUE	TRUE	FALSE	inconclusive	
phase13_gate_decisions_v1	inhibitory_neurons	nuclear_oxphos_structural_86	inhibitory_neurons::apoe_e2_minus_e33__Female::nuclear_oxphos_structural_86	apoe_e2_minus_e33__Female	4	apoe	2	direct_respiratory	AD__Female__e2	NCI__Female__e2	AD__Female__e33	NCI__Female__e33	8	16	37	45	8	16	37	45	8	0.906976744186046	78	TRUE	15	258	eligible	estimated		-0.166663637073766	0.657952939251526	-1.46230547712454	1.12897820297701	-0.253306318934237	0.80023323872248	-0.177359940510594	0.666465556747641	-1.4897648387352	1.13504495771401	0.790359192408763	0.957817869647846	Down	0.558323172966353	0.944631415335757	estimated	-0.166663637073766	1000	1000	-0.172176201010967	-1.2536182156523	1.09048272289775	0.602	TRUE	273	273	1	21189544	0.330741825640413	-0.497405462714179	0.0559451861050207	1000	1000	0.61	TRUE	-0.165538942811945	estimated	TRUE	-0.177359940510594	estimated	TRUE	-0.208485533805733	TRUE	-0.166663637073766	estimated	TRUE	5	5	0	1	complex_I	evaluated	0.995750752641785	TRUE	FALSE	TRUE	FALSE	FALSE	FALSE	FALSE	TRUE	TRUE	FALSE	FALSE	FALSE	TRUE	TRUE	TRUE	FALSE	TRUE	TRUE	FALSE	inconclusive	
phase13_gate_decisions_v1	inhibitory_neurons	nuclear_oxphos_structural_86	inhibitory_neurons::apoe_e2_minus_e33__Male::nuclear_oxphos_structural_86	apoe_e2_minus_e33__Male	5	apoe	2	direct_respiratory	AD__Male__e2	NCI__Male__e2	AD__Male__e33	NCI__Male__e33	7	6	27	53	7	6	27	51	6	0.906976744186046	78	TRUE	15	258	eligible	estimated		-0.0618312157974183	0.68009712657807	-1.40107942022865	1.27741698863381	-0.0909152728059947	0.927630459248655	-0.193142991571264	0.675823115407672	-1.52397480728097	1.13768882413844	0.775268850910758	0.957817869647846	Up	0.992396811081268	0.99386472359731	estimated	-0.0618312157974183	1000	1000	-0.05176724314191	-1.19701046662503	1.0209740231202	0.527	TRUE	273	273	9	34726040	0.402496089022953	-0.299882817836684	0.340664873225534	1000	1000	0.501	TRUE	0.0970666469800092	estimated	FALSE	-0.193142991571264	estimated	TRUE	-0.146024737776209	TRUE	-0.0618312157974183	estimated	TRUE	5	5	0	0.8	complex_I	evaluated	0.995750752641785	TRUE	FALSE	TRUE	FALSE	FALSE	FALSE	FALSE	TRUE	FALSE	FALSE	FALSE	FALSE	TRUE	TRUE	FALSE	FALSE	TRUE	TRUE	FALSE	inconclusive	
phase13_gate_decisions_v1	inhibitory_neurons	nuclear_oxphos_structural_86	inhibitory_neurons::apoe_e4_minus_e33__Female::nuclear_oxphos_structural_86	apoe_e4_minus_e33__Female	6	apoe	2	direct_respiratory	AD__Female__e4	NCI__Female__e4	AD__Female__e33	NCI__Female__e33	26	11	37	45	24	11	37	45	11	0.906976744186046	78	TRUE	15	258	eligible	estimated		0.200706929897929	0.332188547402652	-0.453439218138401	0.854853077934259	0.604195814296536	0.546244382255453	0.234830230155936	0.342361434291069	-0.439348380843064	0.909008841154936	0.493383739480919	0.957817869647846	Up	0.655932075349557	0.944631415335757	estimated	0.200706929897929	1000	1000	0.201189088713075	-0.388145471201723	0.874418871424821	0.729	TRUE	273	273	0	20112377	0.169816083402013	0.0308908464959163	0.30939098229176	1000	1000	0.778	TRUE	0.226087789308829	estimated	TRUE	0.234830230155936	estimated	TRUE	0.304378246306557	TRUE	0.200706929897929	estimated	TRUE	5	5	0	1	complex_I	evaluated	0.995750752641785	TRUE	TRUE	TRUE	FALSE	FALSE	FALSE	FALSE	TRUE	TRUE	FALSE	FALSE	TRUE	TRUE	TRUE	TRUE	FALSE	TRUE	TRUE	FALSE	inconclusive	
phase13_gate_decisions_v1	inhibitory_neurons	nuclear_oxphos_structural_86	inhibitory_neurons::apoe_e4_minus_e33__Male::nuclear_oxphos_structural_86	apoe_e4_minus_e33__Male	7	apoe	2	direct_respiratory	AD__Male__e4	NCI__Male__e4	AD__Male__e33	NCI__Male__e33	27	10	27	53	26	10	27	51	10	0.906976744186046	78	TRUE	15	258	eligible	estimated		-0.222005319364866	0.55611587942387	-1.31710948003304	0.873098841303305	-0.399206941536828	0.690070971005326	-0.2393103939994	0.563361241584932	-1.3486821318789	0.870061343880101	0.671343585511299	0.957817869647846	Down	0.882994725497624	0.970903271611309	estimated	-0.222005319364866	1000	1000	-0.221405273715642	-1.27456680321515	0.893337142929224	0.669	TRUE	273	273	1	10260309	0.269147687215891	-0.437520482106336	0.0471423678510242	1000	1000	0.68	TRUE	-0.175228621667114	estimated	TRUE	-0.2393103939994	estimated	TRUE	-0.00840735658971969	TRUE	-0.222005319364866	estimated	TRUE	5	5	0	1	complex_I	evaluated	0.995750752641785	TRUE	TRUE	TRUE	FALSE	FALSE	FALSE	FALSE	TRUE	TRUE	FALSE	FALSE	FALSE	TRUE	TRUE	TRUE	FALSE	TRUE	TRUE	FALSE	inconclusive	
phase13_gate_decisions_v1	inhibitory_neurons	mitochondrial_translation_155	inhibitory_neurons::sex_F_minus_M__e2::mitochondrial_translation_155	sex_F_minus_M__e2	1	sex	3	respiration_supporting	AD__Female__e2	NCI__Female__e2	AD__Male__e2	NCI__Male__e2	8	16	7	6	8	16	7	6	6	0.941935483870968	146	TRUE	15	258	eligible	estimated		-1.43219757816699	1.18889471038716	-3.77337068994754	0.908975533613547	-1.20464626989602	0.229443767564133	-1.22489076992933	1.05429027453226	-3.30100064003119	0.851219100172528	0.246384091198152	0.957817869647846	Down	0.0663513996568953	0.746453246140072	estimated	-1.43219757816699	1000	1000	-1.46677827185239	-3.11852683666464	0.219781882270634	0.959	TRUE	273	273	0	50102114	0.854681083029747	-1.94938455518837	-0.577516495137248	1000	1000	1	TRUE	-1.80815870792641	estimated	TRUE	-1.22489076992933	estimated	TRUE	-1.07777522641411	TRUE	-1.43219757816699	estimated	TRUE	6	6	0	1	mitochondrial_ribosome	evaluated	0.989175670875115	TRUE	FALSE	TRUE	FALSE	TRUE	FALSE	FALSE	TRUE	TRUE	FALSE	TRUE	TRUE	TRUE	TRUE	TRUE	TRUE	TRUE	TRUE	FALSE	inconclusive	
phase13_gate_decisions_v1	inhibitory_neurons	mitochondrial_translation_155	inhibitory_neurons::sex_F_minus_M__e33::mitochondrial_translation_155	sex_F_minus_M__e33	2	sex	3	respiration_supporting	AD__Female__e33	NCI__Female__e33	AD__Male__e33	NCI__Male__e33	37	45	27	53	37	45	27	51	27	0.941935483870968	146	TRUE	15	258	eligible	estimated		-0.275050228297649	0.20157956689047	-0.672000990854793	0.121900534259494	-1.36447474583126	0.173607133146284	-0.262561489215563	0.193292773697016	-0.643193887128723	0.118070908697596	0.175535512414994	0.957817869647846	Down	0.766201036883448	0.944631415335757	estimated	-0.275050228297649	1000	1000	-0.289165912894997	-0.672417568366269	0.150642572214324	0.916	TRUE	273	273	0	83984043	0.0557802839137768	-0.330830512211426	-0.219700798783244	1000	1000	0.958	TRUE	-0.228738291764115	estimated	TRUE	-0.262561489215563	estimated	TRUE	-0.0439993751071311	TRUE	-0.275050228297649	estimated	TRUE	6	6	0	1	mitochondrial_ribosome	evaluated	0.989175670875115	TRUE	TRUE	TRUE	FALSE	TRUE	FALSE	FALSE	TRUE	TRUE	FALSE	TRUE	TRUE	TRUE	TRUE	TRUE	TRUE	TRUE	TRUE	FALSE	inconclusive	
phase13_gate_decisions_v1	inhibitory_neurons	mitochondrial_translation_155	inhibitory_neurons::sex_F_minus_M__e4::mitochondrial_translation_155	sex_F_minus_M__e4	3	sex	3	respiration_supporting	AD__Female__e4	NCI__Female__e4	AD__Male__e4	NCI__Male__e4	26	11	27	10	24	11	26	10	10	0.941935483870968	146	TRUE	15	258	eligible	estimated		-0.15010705494652	0.450697048817067	-1.03762030824862	0.737406198355579	-0.333055331381694	0.739363002133146	-0.0421912937681557	0.365991028167178	-0.762901333784134	0.678518746247822	0.908313189426998	0.957817869647846	Up	0.255122659722043	0.928715301675688	estimated	-0.15010705494652	1000	1000	-0.153574549870082	-1.30673940965509	0.734114414363311	0.635	TRUE	273	273	1	21159840	0.238094700918076	-0.28761800415829	0.0879876459715565	1000	1000	0.561	TRUE	0.2481234947847	estimated	FALSE	-0.0421912937681557	estimated	FALSE	-0.0877115129272184	TRUE	-0.15010705494652	estimated	TRUE	6	6	0	1	mitochondrial_ribosome	evaluated	0.989175670875115	TRUE	TRUE	TRUE	FALSE	FALSE	FALSE	FALSE	TRUE	FALSE	FALSE	FALSE	FALSE	TRUE	FALSE	FALSE	FALSE	TRUE	TRUE	FALSE	inconclusive	
phase13_gate_decisions_v1	inhibitory_neurons	mitochondrial_translation_155	inhibitory_neurons::apoe_e2_minus_e33__Female::mitochondrial_translation_155	apoe_e2_minus_e33__Female	4	apoe	3	respiration_supporting	AD__Female__e2	NCI__Female__e2	AD__Female__e33	NCI__Female__e33	8	16	37	45	8	16	37	45	8	0.941935483870968	146	TRUE	15	258	eligible	estimated		0.0669330245626844	0.378472942231106	-0.678356417930833	0.812222467056202	0.176850223870993	0.85976478788436	0.015439770622731	0.34184210868853	-0.657716183679843	0.688595724925305	0.964009630302674	0.957817869647846	Down	0.598113945854885	0.944631415335757	estimated	0.0669330245626844	1000	1000	0.0723850743303941	-0.634424271664398	0.966628158638514	0.585	TRUE	273	273	3	21189544	0.178121592983996	-0.111188568421311	0.1671205287565	1000	1000	0.636	TRUE	0.143374780760138	estimated	TRUE	0.015439770622731	estimated	FALSE	-0.233432768102671	FALSE	0.0669330245626844	estimated	TRUE	6	6	0	0.833333333333333	mitochondrial_ribosome	evaluated	0.989175670875115	TRUE	FALSE	TRUE	FALSE	FALSE	FALSE	FALSE	TRUE	FALSE	FALSE	FALSE	FALSE	TRUE	FALSE	TRUE	FALSE	TRUE	TRUE	FALSE	inconclusive	
phase13_gate_decisions_v1	inhibitory_neurons	mitochondrial_translation_155	inhibitory_neurons::apoe_e2_minus_e33__Male::mitochondrial_translation_155	apoe_e2_minus_e33__Male	5	apoe	3	respiration_supporting	AD__Male__e2	NCI__Male__e2	AD__Male__e33	NCI__Male__e33	7	6	27	53	7	6	27	51	6	0.941935483870968	146	TRUE	15	258	eligible	estimated		1.22408037443203	1.13842367606521	-1.01770510659707	3.46586585546113	1.07524149415346	0.283271124955142	0.977769051336497	1.00893648056383	-1.00903006481175	2.96456816748475	0.333398599747039	0.957817869647846	Up	0.113406480912492	0.756043206083282	estimated	1.22408037443203	1000	1000	1.28083733274672	-0.358515699254788	2.78519462549961	0.933	TRUE	273	273	0	50102114	0.874056935805525	0.350023438626505	1.73359479019078	1000	1000	0.972	TRUE	1.72279519692243	estimated	TRUE	0.977769051336497	estimated	TRUE	0.800343083204312	TRUE	1.22408037443203	estimated	TRUE	6	6	0	1	mitochondrial_ribosome	evaluated	0.989175670875115	TRUE	FALSE	TRUE	FALSE	TRUE	FALSE	FALSE	TRUE	TRUE	FALSE	TRUE	TRUE	TRUE	TRUE	TRUE	TRUE	TRUE	TRUE	FALSE	inconclusive	
phase13_gate_decisions_v1	inhibitory_neurons	mitochondrial_translation_155	inhibitory_neurons::apoe_e4_minus_e33__Female::mitochondrial_translation_155	apoe_e4_minus_e33__Female	6	apoe	3	respiration_supporting	AD__Female__e4	NCI__Female__e4	AD__Female__e33	NCI__Female__e33	26	11	37	45	24	11	37	45	11	0.941935483870968	146	TRUE	15	258	eligible	estimated		-0.131943734104549	0.380090487346734	-0.880418448682059	0.61653098047296	-0.347137690884078	0.728770872008084	-0.0336795573340463	0.271620774423212	-0.568555562858161	0.501196448190069	0.901415957339672	0.957817869647846	Up	0.272920697636738	0.928715301675688	estimated	-0.131943734104549	1000	1000	-0.143278653528849	-1.02394936842035	0.651921855401238	0.645	TRUE	273	273	1	21159840	0.232433601543025	-0.272903583905225	0.100489867438476	1000	1000	0.589	TRUE	0.341239720272977	estimated	FALSE	-0.0336795573340463	estimated	FALSE	-0.0524746614623086	TRUE	-0.131943734104549	estimated	TRUE	6	6	0	1	mitochondrial_ribosome	evaluated	0.989175670875115	TRUE	TRUE	TRUE	FALSE	FALSE	FALSE	FALSE	TRUE	FALSE	FALSE	FALSE	FALSE	TRUE	FALSE	FALSE	FALSE	TRUE	TRUE	FALSE	inconclusive	
phase13_gate_decisions_v1	inhibitory_neurons	mitochondrial_translation_155	inhibitory_neurons::apoe_e4_minus_e33__Male::mitochondrial_translation_155	apoe_e4_minus_e33__Male	7	apoe	3	respiration_supporting	AD__Male__e4	NCI__Male__e4	AD__Male__e33	NCI__Male__e33	27	10	27	53	26	10	27	51	10	0.941935483870968	146	TRUE	15	258	eligible	estimated		-0.256886907455678	0.328021733764857	-0.902827760300283	0.389053945388926	-0.783139899016046	0.434263237279525	-0.254049752781454	0.324542086629026	-0.893138479662576	0.385038974099669	0.434465722388292	0.957817869647846	Down	0.586624611621983	0.944631415335757	estimated	-0.256886907455678	1000	1000	-0.262148978274308	-0.907551112980554	0.515461633650974	0.778	TRUE	273	273	0	11697592	0.14709592600383	-0.403982833459509	-0.127748582349323	1000	1000	0.758	TRUE	-0.135622066275838	estimated	TRUE	-0.254049752781454	estimated	TRUE	-0.00876252364222135	TRUE	-0.256886907455678	estimated	TRUE	6	6	0	1	mitochondrial_ribosome	evaluated	0.989175670875115	TRUE	TRUE	TRUE	FALSE	TRUE	FALSE	FALSE	TRUE	TRUE	FALSE	FALSE	TRUE	TRUE	TRUE	TRUE	FALSE	TRUE	TRUE	FALSE	inconclusive	
phase13_gate_decisions_v1	inhibitory_neurons	mib_micos_inner_membrane_19	inhibitory_neurons::sex_F_minus_M__e2::mib_micos_inner_membrane_19	sex_F_minus_M__e2	1	sex	4	respiration_supporting	AD__Female__e2	NCI__Female__e2	AD__Male__e2	NCI__Male__e2	8	16	7	6	8	16	7	6	6	0.947368421052632	18	TRUE	15	258	eligible	estimated		-1.28027739695352	1.26959549613641	-3.78036660790165	1.21981181399461	-1.00841362532367	0.314200740821708	-0.202969817235087	0.991186671888067	-2.15481598553364	1.74887635106346	0.837909717317753	0.957817869647846	Down	0.113204217328399	0.756043206083282	estimated	-1.28027739695352	1000	1000	-1.28283812565634	-3.10101358740635	0.82261960377403	0.893	TRUE	273	273	0	50102114	0.597447088037042	-1.79455987374433	-0.682830308916474	1000	1000	0.994	TRUE	-1.21360735606515	estimated	TRUE	-0.202969817235087	estimated	FALSE	-0.975890136852212	TRUE	-1.28027739695352	estimated	TRUE	18	18	0	1	gene:CHCHD6	evaluated	0.299066071328554	FALSE	FALSE	TRUE	FALSE	TRUE	FALSE	FALSE	TRUE	TRUE	FALSE	TRUE	TRUE	FALSE	FALSE	TRUE	TRUE	TRUE	TRUE	FALSE	inconclusive	
phase13_gate_decisions_v1	inhibitory_neurons	mib_micos_inner_membrane_19	inhibitory_neurons::sex_F_minus_M__e33::mib_micos_inner_membrane_19	sex_F_minus_M__e33	2	sex	4	respiration_supporting	AD__Female__e33	NCI__Female__e33	AD__Male__e33	NCI__Male__e33	37	45	27	53	37	45	27	51	27	0.947368421052632	18	TRUE	15	258	eligible	estimated		0.332265381603017	0.309684595689271	-0.277565953523581	0.942096716729615	1.07291543146823	0.284311570947452	-0.427266000488213	0.295496177863952	-1.00915748356473	0.154625482588301	0.149411238825405	0.957817869647846	Up	0.0100322520429372	0.601935122576233	estimated	0.332265381603017	1000	1000	0.352405205162913	-0.256671972809934	0.96921904296826	0.869	TRUE	273	273	0	11345331	0.104835051441164	0.246423944063182	0.437100433044181	1000	1000	0.984	TRUE	0.422642919225601	estimated	TRUE	-0.427266000488213	estimated	FALSE	0.531718221017586	TRUE	0.332265381603017	estimated	TRUE	18	18	0	1	gene:OPA1	evaluated	0.299066071328554	FALSE	TRUE	TRUE	FALSE	TRUE	FALSE	FALSE	TRUE	TRUE	FALSE	TRUE	TRUE	FALSE	FALSE	TRUE	TRUE	TRUE	TRUE	FALSE	inconclusive	
phase13_gate_decisions_v1	inhibitory_neurons	mib_micos_inner_membrane_19	inhibitory_neurons::sex_F_minus_M__e4::mib_micos_inner_membrane_19	sex_F_minus_M__e4	3	sex	4	respiration_supporting	AD__Female__e4	NCI__Female__e4	AD__Male__e4	NCI__Male__e4	26	11	27	10	24	11	26	10	10	0.947368421052632	18	TRUE	15	258	eligible	estimated		0.36982504422734	0.643386180826736	-0.897131914940405	1.63678200339509	0.574810363119898	0.565920446657035	0.297317894053176	0.640359984433108	-0.963679874981222	1.55831566308757	0.642825756642334	0.957817869647846	Up	0.0756793540963924	0.756043206083282	estimated	0.36982504422734	1000	1000	0.330114876660316	-0.929439321029754	1.44469581068455	0.696	TRUE	273	273	0	21159840	0.278299878784077	0.11107903147728	0.648124923011418	1000	1000	0.771	TRUE	0.585616453073125	estimated	TRUE	0.297317894053176	estimated	TRUE	0.414085963396644	TRUE	0.36982504422734	estimated	TRUE	18	18	0	1	gene:APOO	evaluated	0.299066071328554	FALSE	TRUE	TRUE	FALSE	TRUE	FALSE	FALSE	TRUE	TRUE	FALSE	FALSE	TRUE	FALSE	TRUE	TRUE	FALSE	TRUE	TRUE	FALSE	inconclusive	
phase13_gate_decisions_v1	inhibitory_neurons	mib_micos_inner_membrane_19	inhibitory_neurons::apoe_e2_minus_e33__Female::mib_micos_inner_membrane_19	apoe_e2_minus_e33__Female	4	apoe	4	respiration_supporting	AD__Female__e2	NCI__Female__e2	AD__Female__e33	NCI__Female__e33	8	16	37	45	8	16	37	45	8	0.947368421052632	18	TRUE	15	258	eligible	estimated		-0.380126743263997	0.417583354745483	-1.20243246429701	0.442178977769013	-0.910301473811579	0.363513198616343	-0.0898297417367266	0.606221986909691	-1.28360291872476	1.10394343525131	0.88231676173946	0.957817869647846	Down	0.0522168514059029	0.671359518075895	estimated	-0.380126743263997	1000	1000	-0.361648643355111	-1.15941937079901	0.511571346133663	0.791	TRUE	273	273	0	08109170	0.194982355619552	-0.560863800375553	-0.185144387644445	1000	1000	0.753	TRUE	-0.345888270677067	estimated	TRUE	-0.0898297417367266	estimated	FALSE	-0.621755962349183	TRUE	-0.380126743263997	estimated	TRUE	18	18	0	1	gene:SAMM50	evaluated	0.299066071328554	FALSE	FALSE	TRUE	FALSE	TRUE	FALSE	FALSE	TRUE	TRUE	FALSE	FALSE	TRUE	FALSE	FALSE	TRUE	FALSE	TRUE	TRUE	FALSE	inconclusive	
phase13_gate_decisions_v1	inhibitory_neurons	mib_micos_inner_membrane_19	inhibitory_neurons::apoe_e2_minus_e33__Male::mib_micos_inner_membrane_19	apoe_e2_minus_e33__Male	5	apoe	4	respiration_supporting	AD__Male__e2	NCI__Male__e2	AD__Male__e33	NCI__Male__e33	7	6	27	53	7	6	27	51	6	0.947368421052632	18	TRUE	15	258	eligible	estimated		1.23241603529254	1.24266431925896	-1.21464026481561	3.67947233540069	0.991752974791671	0.322247250249742	-0.314125924989853	0.845134697674879	-1.97836634320559	1.35011449322589	0.710430673943536	0.957817869647846	Up	0.0958058945171292	0.756043206083282	estimated	1.23241603529254	1000	1000	1.28921502345449	-0.907498829105305	3.06207872593328	0.901	TRUE	273	273	0	50102114	0.592896191850643	0.639519843441894	1.77261071335571	1000	1000	0.974	TRUE	1.29036200461368	estimated	TRUE	-0.314125924989853	estimated	FALSE	0.885852395520616	TRUE	1.23241603529254	estimated	TRUE	18	18	0	1	gene:CHCHD6	evaluated	0.299066071328554	FALSE	FALSE	TRUE	FALSE	TRUE	FALSE	FALSE	TRUE	TRUE	FALSE	TRUE	TRUE	FALSE	FALSE	TRUE	TRUE	TRUE	TRUE	FALSE	inconclusive	
phase13_gate_decisions_v1	inhibitory_neurons	mib_micos_inner_membrane_19	inhibitory_neurons::apoe_e4_minus_e33__Female::mib_micos_inner_membrane_19	apoe_e4_minus_e33__Female	6	apoe	4	respiration_supporting	AD__Female__e4	NCI__Female__e4	AD__Female__e33	NCI__Female__e33	26	11	37	45	24	11	37	45	11	0.947368421052632	18	TRUE	15	258	eligible	estimated		-0.0855626069887577	0.563722084914023	-1.19564491805212	1.0245197040746	-0.151781541434211	0.879477860037435	0.469708229550412	0.386315757574342	-0.291025295788984	1.23044175488981	0.22514725168524	0.957817869647846	Up	0.678341110286644	0.944631415335757	estimated	-0.0855626069887577	1000	1000	-0.101536017349004	-1.242669355895	0.900638498340859	0.572	TRUE	273	273	3	83034844	0.276220554351395	-0.361783161340153	0.183760610089088	1000	1000	0.53	TRUE	0.224339602099788	estimated	FALSE	0.469708229550412	estimated	FALSE	-0.000725144602611416	TRUE	-0.0855626069887577	estimated	TRUE	18	18	3	0.777777777777778	gene:ATAD3A	evaluated	0.299066071328554	FALSE	TRUE	TRUE	FALSE	FALSE	FALSE	FALSE	TRUE	FALSE	FALSE	FALSE	FALSE	FALSE	FALSE	FALSE	FALSE	FALSE	TRUE	FALSE	inconclusive	
phase13_gate_decisions_v1	inhibitory_neurons	mib_micos_inner_membrane_19	inhibitory_neurons::apoe_e4_minus_e33__Male::mib_micos_inner_membrane_19	apoe_e4_minus_e33__Male	7	apoe	4	respiration_supporting	AD__Male__e4	NCI__Male__e4	AD__Male__e33	NCI__Male__e33	27	10	27	53	26	10	27	51	10	0.947368421052632	18	TRUE	15	258	eligible	estimated		-0.123122269613081	0.456314842159054	-1.02169808935179	0.775453550125633	-0.269818682711542	0.787515433989961	-0.254875664990978	0.591441506836476	-1.41954310012964	0.90979177014768	0.666871985108575	0.957817869647846	Up	0.944454853402777	0.99386472359731	estimated	-0.123122269613081	1000	1000	-0.0885665767385007	-0.974804309978586	0.885167342455966	0.574	TRUE	273	273	2	11697592	0.242933235243155	-0.366055504856236	0.108453151022293	1000	1000	0.585	TRUE	0.0613660682522646	estimated	FALSE	-0.254875664990978	estimated	TRUE	0.11690711301833	FALSE	-0.123122269613081	estimated	TRUE	18	18	0	0.944444444444444	gene:SLC25A46	evaluated	0.299066071328554	FALSE	TRUE	TRUE	FALSE	FALSE	FALSE	FALSE	TRUE	FALSE	FALSE	FALSE	FALSE	FALSE	TRUE	FALSE	FALSE	TRUE	TRUE	FALSE	inconclusive	
phase13_gate_decisions_v1	immune_cells	mtdna_oxphos_13	immune_cells::sex_F_minus_M__e2::mtdna_oxphos_13	sex_F_minus_M__e2	1	sex	1	direct_respiratory	AD__Female__e2	NCI__Female__e2	AD__Male__e2	NCI__Male__e2	7	14	7	5	6	12	5	4	5	1	13	TRUE	15	249	eligible	estimated		0.542046576448688	0.800149245805815	-1.03387686278049	2.11797001567786	0.677431840734666	0.498760929286982	0.6745527671733	0.777389761089171	-0.856545027817945	2.20565056216455	0.386385839197469	0.957817869647846	Up	0.519929913884506	0.944631415335757	estimated	0.542046576448688	1000	1000	0.568152931647402	-0.832442322695841	1.91667731250806	0.791	TRUE	264	264	0	50400835	0.47070611512707	0.181388524856855	1.01275269157576	1000	1000	0.84	TRUE	NA	not_testable_threshold50	FALSE	0.6745527671733	estimated	TRUE	0.299678799534503	TRUE	0.522573893136989	estimated	TRUE	13	13	0	1	gene:MT-ND6	evaluated	0.993640148953465	TRUE	FALSE	TRUE	FALSE	TRUE	FALSE	FALSE	TRUE	TRUE	FALSE	FALSE	TRUE	TRUE	TRUE	FALSE	TRUE	TRUE	TRUE	FALSE	inconclusive	
phase13_gate_decisions_v1	immune_cells	mtdna_oxphos_13	immune_cells::sex_F_minus_M__e33::mtdna_oxphos_13	sex_F_minus_M__e33	2	sex	1	direct_respiratory	AD__Female__e33	NCI__Female__e33	AD__Male__e33	NCI__Male__e33	37	45	25	51	32	42	24	48	25	1	13	TRUE	15	249	eligible	estimated		0.182848470565844	0.373081318317747	-0.551948940488824	0.917645881620513	0.490103528609586	0.624492193483229	0.148884383633705	0.373504766340166	-0.586747023912647	0.884515791180056	0.690518944409959	0.957817869647846	Up	0.650048351159128	0.944631415335757	estimated	0.182848470565844	1000	1000	0.163162991319199	-0.539511616407239	0.930400045869909	0.674	TRUE	264	264	0	11444465	0.155503509224002	0.0273449613418418	0.276485773494723	1000	1000	0.812	TRUE	-0.0132999071644627	estimated	FALSE	0.148884383633705	estimated	TRUE	0.0938174188972356	TRUE	0.119060234314087	estimated	TRUE	13	13	0	1	gene:MT-ND6	evaluated	0.993640148953465	TRUE	TRUE	TRUE	FALSE	FALSE	FALSE	FALSE	TRUE	TRUE	FALSE	FALSE	TRUE	TRUE	TRUE	FALSE	TRUE	TRUE	TRUE	FALSE	inconclusive	
phase13_gate_decisions_v1	immune_cells	mtdna_oxphos_13	immune_cells::sex_F_minus_M__e4::mtdna_oxphos_13	sex_F_minus_M__e4	3	sex	1	direct_respiratory	AD__Female__e4	NCI__Female__e4	AD__Male__e4	NCI__Male__e4	26	11	26	10	26	11	23	9	10	1	13	TRUE	15	249	eligible	estimated		0.359848869609836	0.681730473240388	-0.982844431231013	1.70254217045068	0.527846243837992	0.598076114640305	0.427956367463109	0.694623415762256	-0.940130059006925	1.79604279393314	0.538392379004435	0.957817869647846	Up	0.887095639396989	0.970903271611309	estimated	0.359848869609836	1000	1000	0.350232956394337	-1.00406035842597	1.58217562288276	0.7	TRUE	264	264	0	10202345	0.313604171981147	0.0462446976286885	0.595801582608976	1000	1000	0.753	TRUE	0.363675532591252	estimated	TRUE	0.427956367463109	estimated	TRUE	-0.430269595746721	FALSE	0.0644030917191657	estimated	TRUE	13	13	0	1	gene:MT-ATP8	evaluated	0.993640148953465	TRUE	TRUE	TRUE	FALSE	TRUE	FALSE	FALSE	TRUE	TRUE	FALSE	FALSE	TRUE	TRUE	TRUE	TRUE	FALSE	TRUE	TRUE	FALSE	inconclusive	
phase13_gate_decisions_v1	immune_cells	mtdna_oxphos_13	immune_cells::apoe_e2_minus_e33__Female::mtdna_oxphos_13	apoe_e2_minus_e33__Female	4	apoe	1	direct_respiratory	AD__Female__e2	NCI__Female__e2	AD__Female__e33	NCI__Female__e33	7	14	37	45	6	12	32	42	7	1	13	TRUE	15	249	eligible	estimated		-0.563854252126343	0.519375868908329	-1.58678417410404	0.459075669851352	-1.08563813969929	0.278689037889157	-0.454642105607175	0.523258544947107	-1.48521910118835	0.575934889973996	0.385756557045198	0.957817869647846	Down	0.281385170576808	0.928715301675688	estimated	-0.563854252126343	1000	1000	-0.574258989722156	-1.46708753834723	0.42036047066458	0.893	TRUE	264	264	0	20730959	0.255540602417806	-0.819394854544149	-0.340422212939821	1000	1000	0.84	TRUE	-0.622395211246204	estimated	TRUE	-0.454642105607175	estimated	TRUE	0.130150316183064	FALSE	-0.451521206018338	estimated	TRUE	13	13	0	1	gene:MT-ND6	evaluated	0.993640148953465	TRUE	FALSE	TRUE	FALSE	TRUE	FALSE	FALSE	TRUE	TRUE	FALSE	TRUE	TRUE	TRUE	TRUE	TRUE	TRUE	TRUE	TRUE	FALSE	inconclusive	
phase13_gate_decisions_v1	immune_cells	mtdna_oxphos_13	immune_cells::apoe_e2_minus_e33__Male::mtdna_oxphos_13	apoe_e2_minus_e33__Male	5	apoe	1	direct_respiratory	AD__Male__e2	NCI__Male__e2	AD__Male__e33	NCI__Male__e33	7	5	25	51	5	4	24	48	5	1	13	TRUE	15	249	eligible	estimated		-0.923052358009187	0.718560434208367	-2.33828362481022	0.492178908791851	-1.28458556033092	0.200130932113544	-0.980310489146771	0.692564649503767	-2.34434209956886	0.383721121275315	0.158177707065242	0.957817869647846	Down	0.321664149564168	0.944631415335757	estimated	-0.923052358009187	1000	1000	-0.991821947320906	-2.16208096625218	0.309849099461276	0.93	TRUE	264	264	0	50400835	0.468385367264235	-1.39143772527342	-0.567811966129424	1000	1000	0.915	TRUE	NA	not_testable_threshold50	FALSE	-0.980310489146771	estimated	TRUE	-0.0757110644542038	TRUE	-0.855034864841239	estimated	TRUE	13	13	0	1	gene:MT-ND6	evaluated	0.993640148953465	TRUE	FALSE	TRUE	FALSE	TRUE	FALSE	FALSE	TRUE	TRUE	FALSE	TRUE	TRUE	TRUE	TRUE	FALSE	TRUE	TRUE	TRUE	FALSE	inconclusive	
phase13_gate_decisions_v1	immune_cells	mtdna_oxphos_13	immune_cells::apoe_e4_minus_e33__Female::mtdna_oxphos_13	apoe_e4_minus_e33__Female	6	apoe	1	direct_respiratory	AD__Female__e4	NCI__Female__e4	AD__Female__e33	NCI__Female__e33	26	11	37	45	26	11	32	42	11	1	13	TRUE	15	249	eligible	estimated		-0.131183506252015	0.466071369756797	-1.04912825193966	0.786761239435634	-0.281466562343164	0.778586338142929	-0.0931962230692014	0.470667531910585	-1.02019327956839	0.833800833429986	0.843199886242397	0.957817869647846	Down	0.429300007681291	0.944631415335757	estimated	-0.131183506252015	1000	1000	-0.124297488983227	-1.01351146839657	0.75154222986525	0.607	TRUE	264	264	1	21001519	0.184684543087594	-0.283557605655806	0.0535010368355785	1000	1000	0.649	TRUE	0.057945284222239	estimated	FALSE	-0.0931962230692014	estimated	TRUE	-0.35182698778053	TRUE	-0.354312102892067	estimated	TRUE	13	13	0	1	gene:MT-CO1	evaluated	0.993640148953465	TRUE	TRUE	TRUE	FALSE	FALSE	FALSE	FALSE	TRUE	TRUE	FALSE	FALSE	FALSE	TRUE	TRUE	FALSE	FALSE	TRUE	TRUE	FALSE	inconclusive	
phase13_gate_decisions_v1	immune_cells	mtdna_oxphos_13	immune_cells::apoe_e4_minus_e33__Male::mtdna_oxphos_13	apoe_e4_minus_e33__Male	7	apoe	1	direct_respiratory	AD__Male__e4	NCI__Male__e4	AD__Male__e33	NCI__Male__e33	26	10	25	51	23	9	24	48	10	1	13	TRUE	15	249	eligible	estimated		-0.308183905296007	0.619949501675425	-1.52919730492102	0.912829494329006	-0.497111304167733	0.619549206392486	-0.372268206898606	0.630861012121872	-1.61477222862954	0.870235814832326	0.555661787132135	0.957817869647846	Down	0.621483700172654	0.944631415335757	estimated	-0.308183905296007	1000	1000	-0.275368681895714	-1.36354612052654	0.813018397873159	0.692	TRUE	264	264	1	10202345	0.314852293895818	-0.547295167489894	0.00666838859981096	1000	1000	0.684	TRUE	-0.319030155533476	estimated	TRUE	-0.372268206898606	estimated	TRUE	0.172260026863427	FALSE	-0.299654960297146	estimated	TRUE	13	13	0	1	gene:MT-ND6	evaluated	0.993640148953465	TRUE	TRUE	TRUE	FALSE	TRUE	FALSE	FALSE	TRUE	TRUE	FALSE	FALSE	FALSE	TRUE	TRUE	TRUE	FALSE	TRUE	TRUE	FALSE	inconclusive	
phase13_gate_decisions_v1	immune_cells	nuclear_oxphos_structural_86	immune_cells::sex_F_minus_M__e2::nuclear_oxphos_structural_86	sex_F_minus_M__e2	1	sex	2	direct_respiratory	AD__Female__e2	NCI__Female__e2	AD__Male__e2	NCI__Male__e2	7	14	7	5	6	12	5	4	5	0.837209302325581	72	TRUE	15	249	eligible	estimated		0.297705799588375	1.39484319702296	-2.44948930152568	3.04490090070243	0.213433165981505	0.831163764543024	0.671120746632342	1.45295904248777	-2.19053565471875	3.53277714798343	0.644556840966936	0.957817869647846	Up	0.723511611070009	0.944631415335757	estimated	0.297705799588375	1000	1000	0.292056405872871	-1.9093270113165	2.37669165186366	0.603	TRUE	264	264	2	34726040	0.993091718454526	-0.695385918866151	1.08339582914916	1000	1000	0.725	TRUE	NA	not_testable_threshold50	FALSE	0.671120746632342	estimated	TRUE	0.352497624101264	TRUE	0.297948238186839	estimated	TRUE	5	5	0	0.8	complex_I	evaluated	0.945465686747791	TRUE	FALSE	TRUE	FALSE	TRUE	FALSE	FALSE	TRUE	TRUE	FALSE	FALSE	FALSE	TRUE	TRUE	FALSE	FALSE	TRUE	TRUE	FALSE	inconclusive	
phase13_gate_decisions_v1	immune_cells	nuclear_oxphos_structural_86	immune_cells::sex_F_minus_M__e33::nuclear_oxphos_structural_86	sex_F_minus_M__e33	2	sex	2	direct_respiratory	AD__Female__e33	NCI__Female__e33	AD__Male__e33	NCI__Male__e33	37	45	25	51	32	42	24	48	25	0.837209302325581	72	TRUE	15	249	eligible	estimated		0.193456327277797	0.284595617453241	-0.36706523366523	0.753977888220824	0.679758630891716	0.497288759610496	0.215660864052733	0.289390212418429	-0.354303828439636	0.785625556545102	0.456838462637291	0.957817869647846	Up	0.350127587145361	0.944631415335757	estimated	0.193456327277797	1000	1000	0.193282605317215	-0.349481216610352	0.774205301838366	0.758	TRUE	264	264	0	82317494	0.0829352125020229	0.143410571394815	0.27639153977982	1000	1000	0.881	TRUE	0.358652693690842	estimated	TRUE	0.215660864052733	estimated	TRUE	0.19913751557049	TRUE	0.217898784358057	estimated	TRUE	5	5	0	0.8	complex_I	evaluated	0.945465686747791	TRUE	TRUE	TRUE	FALSE	FALSE	FALSE	FALSE	TRUE	TRUE	FALSE	FALSE	TRUE	TRUE	TRUE	TRUE	TRUE	TRUE	TRUE	FALSE	inconclusive	
phase13_gate_decisions_v1	immune_cells	nuclear_oxphos_structural_86	immune_cells::sex_F_minus_M__e4::nuclear_oxphos_structural_86	sex_F_minus_M__e4	3	sex	2	direct_respiratory	AD__Female__e4	NCI__Female__e4	AD__Male__e4	NCI__Male__e4	26	11	26	10	26	11	23	9	10	0.837209302325581	72	TRUE	15	249	eligible	estimated		0.00269605707635688	0.578872905247585	-1.13741547148684	1.14280758563955	0.00465742488880831	0.996287655192214	0.420288090802955	0.576432786953729	-0.715017534819091	1.555593716425	0.466614128753736	0.996287655192214	Up	0.597477039245846	0.944631415335757	estimated	0.00269605707635688	1000	1000	0.0323666326943638	-0.963282969654192	1.08014831532029	0.533	TRUE	264	264	49	10202345	0.268377721156045	-0.265681664079688	0.25715709629945	1000	1000	0.463	TRUE	0.170985150103784	estimated	TRUE	0.420288090802955	estimated	TRUE	-0.0203465508369135	FALSE	0.00901400405610663	estimated	TRUE	5	5	3	1	complex_I	evaluated	0.945465686747791	TRUE	TRUE	TRUE	FALSE	FALSE	FALSE	FALSE	TRUE	TRUE	FALSE	FALSE	FALSE	TRUE	TRUE	TRUE	FALSE	FALSE	TRUE	FALSE	inconclusive	
phase13_gate_decisions_v1	immune_cells	nuclear_oxphos_structural_86	immune_cells::apoe_e2_minus_e33__Female::nuclear_oxphos_structural_86	apoe_e2_minus_e33__Female	4	apoe	2	direct_respiratory	AD__Female__e2	NCI__Female__e2	AD__Female__e33	NCI__Female__e33	7	14	37	45	6	12	32	42	7	0.837209302325581	72	TRUE	15	249	eligible	estimated		0.224089359075058	0.581547850872698	-0.921290573515734	1.36946929166585	0.385332623512887	0.700319960142734	0.272307190963409	0.723431786376296	-1.15251838352762	1.69713276545444	0.706932409942765	0.957817869647846	Down	0.34723224031905	0.944631415335757	estimated	0.224089359075058	1000	1000	0.214455323473272	-0.704616254259663	1.16406065395785	0.663	TRUE	264	264	1	21189544	0.324671866670743	-0.100582507595685	0.470652461247653	1000	1000	0.669	TRUE	-0.0836586822977389	estimated	FALSE	0.272307190963409	estimated	TRUE	0.277052837203341	TRUE	0.195190311934409	estimated	TRUE	5	5	0	0.8	complex_V	evaluated	0.945465686747791	TRUE	FALSE	TRUE	FALSE	FALSE	FALSE	FALSE	TRUE	FALSE	FALSE	FALSE	FALSE	TRUE	TRUE	FALSE	FALSE	TRUE	TRUE	FALSE	inconclusive	
phase13_gate_decisions_v1	immune_cells	nuclear_oxphos_structural_86	immune_cells::apoe_e2_minus_e33__Male::nuclear_oxphos_structural_86	apoe_e2_minus_e33__Male	5	apoe	2	direct_respiratory	AD__Male__e2	NCI__Male__e2	AD__Male__e33	NCI__Male__e33	7	5	25	51	5	4	24	48	5	0.837209302325581	72	TRUE	15	249	eligible	estimated		0.11983988676448	1.2885421020937	-2.41799128881586	2.65767106234482	0.0930042460931289	0.925974974790729	-0.183152691616201	1.28524087274926	-2.71448197429413	2.34817659106173	0.886796715172488	0.957817869647846	Down	0.633963410094764	0.944631415335757	estimated	0.11983988676448	1000	1000	0.142551146465344	-1.78838291485529	1.99387059903205	0.555	TRUE	264	264	3	34726040	1.00297024139782	-0.63793892994527	1.1228101281623	1000	1000	0.58	TRUE	NA	not_testable_threshold50	FALSE	-0.183152691616201	estimated	FALSE	0.123692728672566	TRUE	0.115140858105628	estimated	TRUE	5	5	1	0.8	complex_I	evaluated	0.945465686747791	TRUE	FALSE	TRUE	FALSE	FALSE	FALSE	FALSE	TRUE	FALSE	FALSE	FALSE	FALSE	TRUE	FALSE	FALSE	FALSE	FALSE	TRUE	FALSE	inconclusive	
phase13_gate_decisions_v1	immune_cells	nuclear_oxphos_structural_86	immune_cells::apoe_e4_minus_e33__Female::nuclear_oxphos_structural_86	apoe_e4_minus_e33__Female	6	apoe	2	direct_respiratory	AD__Female__e4	NCI__Female__e4	AD__Female__e33	NCI__Female__e33	26	11	37	45	26	11	32	42	11	0.837209302325581	72	TRUE	15	249	eligible	estimated		0.147551486812177	0.345359385743402	-0.532646555995078	0.827749529619432	0.42724041361889	0.669573439892267	0.289156808777822	0.366100776645238	-0.43189216809674	1.01020578565238	0.430379458714377	0.957817869647846	Up	0.879583304148222	0.970903271611309	estimated	0.147551486812177	1000	1000	0.173424631185057	-0.460295353340981	0.845240909309689	0.693	TRUE	264	264	0	50100932	0.109937451345591	0.0376140354665861	0.247108456670285	1000	1000	0.645	TRUE	-0.00222492170328317	estimated	FALSE	0.289156808777822	estimated	TRUE	0.143464650839582	TRUE	0.132533523901736	estimated	TRUE	5	5	0	0.8	complex_I	evaluated	0.945465686747791	TRUE	TRUE	TRUE	FALSE	FALSE	FALSE	FALSE	TRUE	TRUE	FALSE	FALSE	TRUE	TRUE	TRUE	FALSE	FALSE	TRUE	TRUE	FALSE	inconclusive	
phase13_gate_decisions_v1	immune_cells	nuclear_oxphos_structural_86	immune_cells::apoe_e4_minus_e33__Male::nuclear_oxphos_structural_86	apoe_e4_minus_e33__Male	7	apoe	2	direct_respiratory	AD__Male__e4	NCI__Male__e4	AD__Male__e33	NCI__Male__e33	26	10	25	51	23	9	24	48	10	0.837209302325581	72	TRUE	15	249	eligible	estimated		0.338311757013617	0.546824446587462	-0.73867915066742	1.41530266469465	0.618684404336532	0.536689845423788	0.0845295820276004	0.530508257882414	-0.960325990459469	1.12938515451467	0.873532555941857	0.957817869647846	Up	0.838395447340287	0.970903271611309	estimated	0.338311757013617	1000	1000	0.344742018846216	-0.621044131712944	1.26946652507496	0.735	TRUE	264	264	0	10202345	0.278932984027194	0.0690821052722506	0.617244741040811	1000	1000	0.758	TRUE	0.185442621883774	estimated	TRUE	0.0845295820276004	estimated	FALSE	0.362948717246986	TRUE	0.341418304203687	estimated	TRUE	5	5	0	0.8	complex_I	evaluated	0.945465686747791	TRUE	TRUE	TRUE	FALSE	TRUE	FALSE	FALSE	TRUE	TRUE	FALSE	FALSE	TRUE	TRUE	FALSE	TRUE	FALSE	TRUE	TRUE	FALSE	inconclusive	
phase13_gate_decisions_v1	immune_cells	mitochondrial_translation_155	immune_cells::sex_F_minus_M__e2::mitochondrial_translation_155	sex_F_minus_M__e2	1	sex	3	respiration_supporting	AD__Female__e2	NCI__Female__e2	AD__Male__e2	NCI__Male__e2	7	14	7	5	6	12	5	4	5	0.92258064516129	143	TRUE	15	249	eligible	estimated		-0.59955662115074	1.03790416517899	-2.64374713954824	1.44463389724676	-0.577660868185594	0.564015087594634	-0.669333611422351	0.894445190609625	-2.43097639041161	1.09230916756691	0.454971778562328	0.957817869647846	Down	0.437109509559098	0.944631415335757	estimated	-0.59955662115074	1000	1000	-0.497331752814283	-2.17553180244113	1.16969799943305	0.733	TRUE	264	264	1	50400835	0.64494359461079	-0.962547746208115	0.0453869734600497	1000	1000	0.836	TRUE	NA	not_testable_threshold50	FALSE	-0.669333611422351	estimated	TRUE	-0.611679134071301	TRUE	-0.590631581841059	estimated	TRUE	6	6	0	1	mitochondrial_ribosome	evaluated	0.987648972327049	TRUE	FALSE	TRUE	FALSE	TRUE	FALSE	FALSE	TRUE	TRUE	FALSE	FALSE	FALSE	TRUE	TRUE	FALSE	TRUE	TRUE	TRUE	FALSE	inconclusive	
phase13_gate_decisions_v1	immune_cells	mitochondrial_translation_155	immune_cells::sex_F_minus_M__e33::mitochondrial_translation_155	sex_F_minus_M__e33	2	sex	3	respiration_supporting	AD__Female__e33	NCI__Female__e33	AD__Male__e33	NCI__Male__e33	37	45	25	51	32	42	24	48	25	0.92258064516129	143	TRUE	15	249	eligible	estimated		0.136083785106301	0.293425748259519	-0.441829044005778	0.713996614218379	0.463775881678734	0.643213486588309	0.102658626628858	0.275664018379756	-0.440271820651958	0.645589073909674	0.709908185475904	0.957817869647846	Up	0.234043407064028	0.928715301675688	estimated	0.136083785106301	1000	1000	0.143712233026534	-0.453804359050573	0.705103558137407	0.694	TRUE	264	264	0	29933130	0.112614698852414	0.0251461463099315	0.248698483958715	1000	1000	0.76	TRUE	0.506584176512604	estimated	TRUE	0.102658626628858	estimated	TRUE	0.155827855998008	TRUE	0.18504232189072	estimated	TRUE	6	6	0	0.833333333333333	mitochondrial_ribosome	evaluated	0.987648972327049	TRUE	TRUE	TRUE	FALSE	FALSE	FALSE	FALSE	TRUE	TRUE	FALSE	FALSE	TRUE	TRUE	TRUE	TRUE	FALSE	TRUE	TRUE	FALSE	inconclusive	
phase13_gate_decisions_v1	immune_cells	mitochondrial_translation_155	immune_cells::sex_F_minus_M__e4::mitochondrial_translation_155	sex_F_minus_M__e4	3	sex	3	respiration_supporting	AD__Female__e4	NCI__Female__e4	AD__Male__e4	NCI__Male__e4	26	11	26	10	26	11	23	9	10	0.92258064516129	143	TRUE	15	249	eligible	estimated		-0.4883089742095	0.528204532790888	-1.5286272751959	0.5520093267769	-0.924469488418453	0.356136960473038	-0.528286232432685	0.530114196518921	-1.57236568653624	0.515793221670872	0.319949576696762	0.957817869647846	Up	0.982129828821672	0.99386472359731	estimated	-0.4883089742095	1000	1000	-0.441014286143006	-1.41704670907412	0.406523414812686	0.833	TRUE	264	264	0	11609672	0.314227342842312	-0.679270742071264	-0.174081631367188	1000	1000	0.95	TRUE	-0.512799979922837	estimated	TRUE	-0.528286232432685	estimated	TRUE	-0.190039382687697	TRUE	-0.373659431364456	estimated	TRUE	6	6	0	1	mitochondrial_ribosome	evaluated	0.987648972327049	TRUE	TRUE	TRUE	FALSE	TRUE	FALSE	FALSE	TRUE	FALSE	FALSE	TRUE	TRUE	TRUE	TRUE	TRUE	TRUE	TRUE	TRUE	FALSE	inconclusive	
phase13_gate_decisions_v1	immune_cells	mitochondrial_translation_155	immune_cells::apoe_e2_minus_e33__Female::mitochondrial_translation_155	apoe_e2_minus_e33__Female	4	apoe	3	respiration_supporting	AD__Female__e2	NCI__Female__e2	AD__Female__e33	NCI__Female__e33	7	14	37	45	6	12	32	42	7	0.92258064516129	143	TRUE	15	249	eligible	estimated		0.123514976857683	0.453954684896359	-0.770565511283754	1.01759546499912	0.272086578169982	0.785780923928538	0.044318849509551	0.410312160853137	-0.76380607853188	0.852443777550982	0.914072746388036	0.957817869647846	Down	0.216440788187952	0.928715301675688	estimated	0.123514976857683	1000	1000	0.134756749369941	-0.69979436121069	1.06349151140256	0.614	TRUE	264	264	3	51826377	0.188694204677618	-0.0651792278199348	0.3076030937556	1000	1000	0.58	TRUE	-0.36979926216807	estimated	FALSE	0.044318849509551	estimated	FALSE	-0.193284471385043	FALSE	0.0525629772892694	estimated	TRUE	6	6	1	0.833333333333333	mitochondrial_ribosome	evaluated	0.987648972327049	TRUE	FALSE	TRUE	FALSE	FALSE	FALSE	FALSE	TRUE	FALSE	FALSE	FALSE	FALSE	TRUE	FALSE	FALSE	FALSE	FALSE	TRUE	FALSE	inconclusive	
phase13_gate_decisions_v1	immune_cells	mitochondrial_translation_155	immune_cells::apoe_e2_minus_e33__Male::mitochondrial_translation_155	apoe_e2_minus_e33__Male	5	apoe	3	respiration_supporting	AD__Male__e2	NCI__Male__e2	AD__Male__e33	NCI__Male__e33	7	5	25	51	5	4	24	48	5	0.92258064516129	143	TRUE	15	249	eligible	estimated		0.859155383114724	0.968333216630884	-1.04801258720057	2.76632335343002	0.887251793451822	0.375799529590661	0.81631108756076	0.832253832164317	-0.822843518121826	2.45546569324335	0.327621765954661	0.957817869647846	Up	0.54080374305786	0.944631415335757	estimated	0.859155383114724	1000	1000	0.816114634626825	-0.712567607589771	2.47673622911462	0.853	TRUE	264	264	0	50400835	0.629280410798812	0.229874972315912	1.21267856443835	1000	1000	0.931	TRUE	NA	not_testable_threshold50	FALSE	0.81631108756076	estimated	TRUE	0.574222518684266	TRUE	0.828236881021049	estimated	TRUE	6	6	0	1	mt_trna_synthetases	evaluated	0.987648972327049	TRUE	FALSE	TRUE	FALSE	TRUE	FALSE	FALSE	TRUE	TRUE	FALSE	TRUE	TRUE	TRUE	TRUE	FALSE	TRUE	TRUE	TRUE	FALSE	inconclusive	
phase13_gate_decisions_v1	immune_cells	mitochondrial_translation_155	immune_cells::apoe_e4_minus_e33__Female::mitochondrial_translation_155	apoe_e4_minus_e33__Female	6	apoe	3	respiration_supporting	AD__Female__e4	NCI__Female__e4	AD__Female__e33	NCI__Female__e33	26	11	37	45	26	11	32	42	11	0.92258064516129	143	TRUE	15	249	eligible	estimated		-0.29119363339647	0.347068129961737	-0.974757110939103	0.392369844146163	-0.839010004832691	0.402268446103813	-0.316387243744915	0.316736446255356	-0.940211351970225	0.307436864480395	0.318814071788737	0.957817869647846	Down	0.698474323146031	0.944631415335757	estimated	-0.29119363339647	1000	1000	-0.282645515917836	-0.917892846572997	0.407421764214656	0.785	TRUE	264	264	0	29933130	0.115458060910497	-0.406651694306967	-0.181061668435036	1000	1000	0.761	TRUE	-0.656383915428935	estimated	TRUE	-0.316387243744915	estimated	TRUE	-0.211833505924258	TRUE	-0.226003045009853	estimated	TRUE	6	6	0	1	mt_trna_synthetases	evaluated	0.987648972327049	TRUE	TRUE	TRUE	FALSE	TRUE	FALSE	FALSE	TRUE	TRUE	FALSE	FALSE	TRUE	TRUE	TRUE	TRUE	FALSE	TRUE	TRUE	FALSE	inconclusive	
phase13_gate_decisions_v1	immune_cells	mitochondrial_translation_155	immune_cells::apoe_e4_minus_e33__Male::mitochondrial_translation_155	apoe_e4_minus_e33__Male	7	apoe	3	respiration_supporting	AD__Male__e4	NCI__Male__e4	AD__Male__e33	NCI__Male__e33	26	10	25	51	23	9	24	48	10	0.92258064516129	143	TRUE	15	249	eligible	estimated		0.33319912591933	0.499370260715082	-0.650329013162196	1.31672726500086	0.667238624587296	0.505237592168121	0.314557615316628	0.514274182972468	-0.698324348123266	1.32743957875652	0.541325064414715	0.957817869647846	Up	0.624180575594158	0.944631415335757	estimated	0.33319912591933	1000	1000	0.314149231032333	-0.534341007475556	1.21426068097826	0.761	TRUE	264	264	1	11609672	0.344696345696733	-0.0114972197774026	0.524562610116441	1000	1000	0.8	TRUE	0.363000241006506	estimated	TRUE	0.314557615316628	estimated	TRUE	0.134033732761447	TRUE	0.332698708245324	estimated	TRUE	6	6	0	1	mitochondrial_ribosome	evaluated	0.987648972327049	TRUE	TRUE	TRUE	FALSE	TRUE	FALSE	FALSE	TRUE	TRUE	FALSE	FALSE	FALSE	TRUE	TRUE	TRUE	TRUE	TRUE	TRUE	FALSE	inconclusive	
phase13_gate_decisions_v1	immune_cells	mib_micos_inner_membrane_19	immune_cells::sex_F_minus_M__e2::mib_micos_inner_membrane_19	sex_F_minus_M__e2	1	sex	4	respiration_supporting	AD__Female__e2	NCI__Female__e2	AD__Male__e2	NCI__Male__e2	7	14	7	5	6	12	5	4	5	0.947368421052632	18	TRUE	15	249	eligible	estimated		-0.120426445012092	0.918022825837805	-1.92850624583502	1.68765335581084	-0.131180229535348	0.895738660837105	-0.468009779067722	1.13623495356108	-2.7058664104079	1.76984685227245	0.680770554429248	0.957817869647846	Up	0.98230373898288	0.99386472359731	estimated	-0.120426445012092	1000	1000	-0.0720687309214133	-1.71634975837582	1.47786614320105	0.535	TRUE	264	264	4	50400835	0.588315963001237	-0.395321430725844	0.467889517989145	1000	1000	0.553	TRUE	NA	not_testable_threshold50	FALSE	-0.468009779067722	estimated	TRUE	-0.193043260480818	TRUE	-0.118592090055691	estimated	TRUE	18	18	2	0.666666666666667	gene:ATP5MG	evaluated	0.780901970942988	TRUE	FALSE	TRUE	FALSE	FALSE	FALSE	FALSE	TRUE	FALSE	FALSE	FALSE	FALSE	TRUE	TRUE	FALSE	FALSE	FALSE	TRUE	FALSE	inconclusive	
phase13_gate_decisions_v1	immune_cells	mib_micos_inner_membrane_19	immune_cells::sex_F_minus_M__e33::mib_micos_inner_membrane_19	sex_F_minus_M__e33	2	sex	4	respiration_supporting	AD__Female__e33	NCI__Female__e33	AD__Male__e33	NCI__Male__e33	37	45	25	51	32	42	24	48	25	0.947368421052632	18	TRUE	15	249	eligible	estimated		0.0360110680688496	0.30639125973256	-0.567437813897197	0.639459950034896	0.117532948231887	0.906532485735419	-0.0358669636090729	0.311601568572462	-0.649577740927099	0.577843813708953	0.90845449839452	0.957817869647846	Up	0.496523134886518	0.944631415335757	estimated	0.0360110680688496	1000	1000	0.063446470668283	-0.545619455384806	0.636761535262846	0.594	TRUE	264	264	6	29933130	0.136611919748715	-0.0410263640831616	0.172622987817565	1000	1000	0.565	TRUE	0.245044235464971	estimated	TRUE	-0.0358669636090729	estimated	FALSE	0.034717753577391	TRUE	0.0210128224939718	estimated	TRUE	18	18	6	0.777777777777778	gene:CHCHD6	evaluated	0.780901970942988	TRUE	TRUE	TRUE	FALSE	FALSE	FALSE	FALSE	TRUE	TRUE	FALSE	FALSE	FALSE	TRUE	FALSE	TRUE	FALSE	FALSE	TRUE	FALSE	inconclusive	
phase13_gate_decisions_v1	immune_cells	mib_micos_inner_membrane_19	immune_cells::sex_F_minus_M__e4::mib_micos_inner_membrane_19	sex_F_minus_M__e4	3	sex	4	respiration_supporting	AD__Female__e4	NCI__Female__e4	AD__Male__e4	NCI__Male__e4	26	11	26	10	26	11	23	9	10	0.947368421052632	18	TRUE	15	249	eligible	estimated		-0.0411429784701183	0.51616725307412	-1.05775341326824	0.975467456328008	-0.0797086181370175	0.936533028100116	-0.820781692839075	0.492395528766231	-1.79057284020543	0.149009454527282	0.0967884994811733	0.957817869647846	Up	0.943885807276002	0.99386472359731	estimated	-0.0411429784701183	1000	1000	-0.0545940039289237	-0.941518673175685	0.900111156235115	0.543	TRUE	264	264	10	10202345	0.233027358604692	-0.27417033707481	0.0896855800010689	1000	1000	0.575	TRUE	-0.239368075065181	estimated	TRUE	-0.820781692839075	estimated	TRUE	0.0764509161850555	FALSE	0.0129620547285137	estimated	FALSE	18	18	6	0.944444444444444	gene:MTX3	evaluated	0.780901970942988	TRUE	TRUE	TRUE	FALSE	FALSE	FALSE	FALSE	TRUE	FALSE	FALSE	FALSE	FALSE	TRUE	TRUE	TRUE	FALSE	FALSE	FALSE	FALSE	inconclusive	
phase13_gate_decisions_v1	immune_cells	mib_micos_inner_membrane_19	immune_cells::apoe_e2_minus_e33__Female::mib_micos_inner_membrane_19	apoe_e2_minus_e33__Female	4	apoe	4	respiration_supporting	AD__Female__e2	NCI__Female__e2	AD__Female__e33	NCI__Female__e33	7	14	37	45	6	12	32	42	7	0.947368421052632	18	TRUE	15	249	eligible	estimated		-0.270376631732992	0.516800861046152	-1.28823498079167	0.747481717325681	-0.523173725341079	0.601318612916378	-0.138058856952106	0.576520687446632	-1.27353760583561	0.997419891931394	0.810938898695757	0.957817869647846	Down	0.148604000356841	0.881071209448111	estimated	-0.270376631732992	1000	1000	-0.247068769601129	-1.27598698566211	0.687903530603341	0.714	TRUE	264	264	0	20104101	0.246369623904893	-0.450492206425147	-0.0240070078280995	1000	1000	0.695	TRUE	-0.35104168432513	estimated	TRUE	-0.138058856952106	estimated	TRUE	-0.431161888093007	TRUE	-0.260455755226362	estimated	TRUE	18	18	0	0.944444444444444	gene:ATAD3B	evaluated	0.780901970942988	TRUE	FALSE	TRUE	FALSE	TRUE	FALSE	FALSE	TRUE	TRUE	FALSE	FALSE	TRUE	TRUE	TRUE	TRUE	FALSE	TRUE	TRUE	FALSE	inconclusive	
phase13_gate_decisions_v1	immune_cells	mib_micos_inner_membrane_19	immune_cells::apoe_e2_minus_e33__Male::mib_micos_inner_membrane_19	apoe_e2_minus_e33__Male	5	apoe	4	respiration_supporting	AD__Male__e2	NCI__Male__e2	AD__Male__e33	NCI__Male__e33	7	5	25	51	5	4	24	48	5	0.947368421052632	18	TRUE	15	249	eligible	estimated		-0.11393911865205	0.808831161564399	-1.7069619110495	1.4790836737454	-0.140868853805874	0.888087441116699	0.294083958506543	1.02467241162571	-1.72404613344424	2.31221405045733	0.774348780081482	0.957817869647846	Down	0.666561862215353	0.944631415335757	estimated	-0.11393911865205	1000	1000	-0.167727923440584	-1.43779615436483	1.3396731209773	0.58	TRUE	264	264	5	50400835	0.597024962935195	-0.710964081587246	0.154696188862885	1000	1000	0.608	TRUE	NA	not_testable_threshold50	FALSE	0.294083958506543	estimated	FALSE	-0.203400874034798	TRUE	-0.1208508426767	estimated	TRUE	18	18	2	0.666666666666667	gene:OPA1	evaluated	0.780901970942988	TRUE	FALSE	TRUE	FALSE	FALSE	FALSE	FALSE	TRUE	TRUE	FALSE	FALSE	FALSE	TRUE	FALSE	FALSE	FALSE	FALSE	TRUE	FALSE	inconclusive	
phase13_gate_decisions_v1	immune_cells	mib_micos_inner_membrane_19	immune_cells::apoe_e4_minus_e33__Female::mib_micos_inner_membrane_19	apoe_e4_minus_e33__Female	6	apoe	4	respiration_supporting	AD__Female__e4	NCI__Female__e4	AD__Female__e33	NCI__Female__e33	26	11	37	45	26	11	32	42	11	0.947368421052632	18	TRUE	15	249	eligible	estimated		-0.234204783505384	0.388960896325245	-1.00027760888839	0.531868041877622	-0.602129380403177	0.547635914967098	-0.47590183434042	0.357128865835056	-1.17928030210115	0.227476633420307	0.183888703790435	0.957817869647846	Down	0.491835645591555	0.944631415335757	estimated	-0.234204783505384	1000	1000	-0.234048146323115	-0.970658119373376	0.590307285388065	0.727	TRUE	264	264	0	29933130	0.139901801196951	-0.374106584702335	-0.106018452593622	1000	1000	0.748	TRUE	-0.457961362168291	estimated	TRUE	-0.47590183434042	estimated	TRUE	-0.205491525449337	TRUE	-0.169211436740586	estimated	TRUE	18	18	0	1	gene:CHCHD6	evaluated	0.780901970942988	TRUE	TRUE	TRUE	FALSE	FALSE	FALSE	FALSE	TRUE	TRUE	FALSE	FALSE	TRUE	TRUE	TRUE	TRUE	FALSE	TRUE	TRUE	FALSE	inconclusive	
phase13_gate_decisions_v1	immune_cells	mib_micos_inner_membrane_19	immune_cells::apoe_e4_minus_e33__Male::mib_micos_inner_membrane_19	apoe_e4_minus_e33__Male	7	apoe	4	respiration_supporting	AD__Male__e4	NCI__Male__e4	AD__Male__e33	NCI__Male__e33	26	10	25	51	23	9	24	48	10	0.947368421052632	18	TRUE	15	249	eligible	estimated		-0.157050736966416	0.456766572515983	-1.05666934144237	0.742567867509532	-0.343831502601739	0.731263170359469	0.309012894889582	0.463259878605974	-0.603394515323477	1.22142030510264	0.505364202317489	0.957817869647846	Down	0.883382241454733	0.970903271611309	estimated	-0.157050736966416	1000	1000	-0.115492017099185	-0.944621895314466	0.734911327227935	0.606	TRUE	264	264	1	10202345	0.240345448995071	-0.281565931465126	0.0832947120286543	1000	1000	0.7	TRUE	0.0264509483618608	estimated	FALSE	0.309012894889582	estimated	FALSE	-0.247224688057001	TRUE	-0.161160668975128	estimated	TRUE	18	18	1	0.833333333333333	gene:MICOS13	evaluated	0.780901970942988	TRUE	TRUE	TRUE	FALSE	FALSE	FALSE	FALSE	TRUE	TRUE	FALSE	FALSE	FALSE	TRUE	FALSE	FALSE	FALSE	FALSE	TRUE	FALSE	inconclusive	
phase13_gate_decisions_v1	opcs	mtdna_oxphos_13	opcs::sex_F_minus_M__e2::mtdna_oxphos_13	sex_F_minus_M__e2	1	sex	1	direct_respiratory	AD__Female__e2	NCI__Female__e2	AD__Male__e2	NCI__Male__e2	8	15	7	5	7	14	5	5	5	1	13	TRUE	15	253	eligible	estimated		1.10123262153133	0.936657203767339	-0.743405842331828	2.94587108539449	1.175705068089	0.240817926810013	1.07076962066664	0.916832736045805	-0.73482683771397	2.87636607904725	0.243946228920191	0.957817869647846	Up	0.109747553650445	0.756043206083282	estimated	1.10123262153133	1000	1000	1.09133255612614	-0.517548472778533	2.53108637666075	0.904	TRUE	268	268	0	50400835	0.46706550361522	0.657383116012566	1.56829812514655	1000	1000	0.989	TRUE	1.24011578472147	estimated	TRUE	1.07076962066664	estimated	TRUE	-0.288495584132258	FALSE	1.1477075383484	estimated	TRUE	13	13	0	1	gene:MT-ATP8	evaluated	0.993223209089743	TRUE	FALSE	TRUE	FALSE	TRUE	FALSE	FALSE	TRUE	TRUE	FALSE	TRUE	TRUE	TRUE	TRUE	TRUE	TRUE	TRUE	TRUE	FALSE	inconclusive	
phase13_gate_decisions_v1	opcs	mtdna_oxphos_13	opcs::sex_F_minus_M__e33::mtdna_oxphos_13	sex_F_minus_M__e33	2	sex	1	direct_respiratory	AD__Female__e33	NCI__Female__e33	AD__Male__e33	NCI__Male__e33	37	45	28	53	36	44	24	52	28	1	13	TRUE	15	253	eligible	estimated		0.516039756549468	0.350058543587072	-0.173360219778508	1.20543973287744	1.47415272674558	0.141683660766025	0.506527286364231	0.351828275292338	-0.186357972691642	1.1994125454201	0.151188366639775	0.957817869647846	Up	0.349260376211968	0.944631415335757	estimated	0.516039756549468	1000	1000	0.518357621509576	-0.144090780312739	1.17777246442133	0.929	TRUE	268	268	0	11444465	0.133369309657925	0.382670446891544	0.640171079691374	1000	1000	0.999	TRUE	0.43734956730654	estimated	TRUE	0.506527286364231	estimated	TRUE	0.242400829510314	TRUE	0.495991533225863	estimated	TRUE	13	13	0	1	gene:MT-ND5	evaluated	0.993223209089743	TRUE	TRUE	TRUE	FALSE	TRUE	FALSE	FALSE	TRUE	TRUE	FALSE	TRUE	TRUE	TRUE	TRUE	TRUE	TRUE	TRUE	TRUE	FALSE	inconclusive	
phase13_gate_decisions_v1	opcs	mtdna_oxphos_13	opcs::sex_F_minus_M__e4::mtdna_oxphos_13	sex_F_minus_M__e4	3	sex	1	direct_respiratory	AD__Female__e4	NCI__Female__e4	AD__Male__e4	NCI__Male__e4	24	11	25	10	24	11	25	8	10	1	13	TRUE	15	253	eligible	estimated		-0.218797762017403	0.567104542283121	-1.33564482999426	0.898049305959456	-0.385815569624147	0.699957481948198	-0.176915746195822	0.581881380892672	-1.32286409558475	0.969032603193107	0.761346632373575	0.957817869647846	Down	0.73711827947733	0.944631415335757	estimated	-0.218797762017403	1000	1000	-0.205516542940418	-1.1955213673184	0.849320569856815	0.658	TRUE	268	268	0	20892128	0.198511134158598	-0.376725713215923	-0.0202866278588051	1000	1000	0.644	TRUE	-0.0107704794223118	estimated	FALSE	-0.176915746195822	estimated	TRUE	-0.583625747736809	TRUE	-0.213488453195574	estimated	TRUE	13	13	0	1	gene:MT-CO3	evaluated	0.993223209089743	TRUE	TRUE	TRUE	FALSE	FALSE	FALSE	FALSE	TRUE	TRUE	FALSE	FALSE	TRUE	TRUE	TRUE	FALSE	FALSE	TRUE	TRUE	FALSE	inconclusive	
phase13_gate_decisions_v1	opcs	mtdna_oxphos_13	opcs::apoe_e2_minus_e33__Female::mtdna_oxphos_13	apoe_e2_minus_e33__Female	4	apoe	1	direct_respiratory	AD__Female__e2	NCI__Female__e2	AD__Female__e33	NCI__Female__e33	8	15	37	45	7	14	36	44	8	1	13	TRUE	15	253	eligible	estimated		-0.73308203892808	0.482871723146937	-1.68404227288148	0.217878195025316	-1.51817139788284	0.13021977231915	-0.737396981425529	0.469062376463859	-1.66116129786506	0.186367335014	0.117184979100855	0.957817869647846	Down	0.0564746527370768	0.677695832844921	estimated	-0.73308203892808	1000	1000	-0.727171531564322	-1.59028532814091	0.128539568865998	0.954	TRUE	268	268	0	21189544	0.262658243078232	-0.995740282006313	-0.5975217421826	1000	1000	0.942	TRUE	-0.624344800083526	estimated	TRUE	-0.737396981425529	estimated	TRUE	-0.187861284135363	TRUE	-0.649697558302488	estimated	TRUE	13	13	0	1	gene:MT-CYB	evaluated	0.993223209089743	TRUE	FALSE	TRUE	FALSE	TRUE	FALSE	FALSE	TRUE	TRUE	FALSE	TRUE	TRUE	TRUE	TRUE	TRUE	TRUE	TRUE	TRUE	FALSE	inconclusive	
phase13_gate_decisions_v1	opcs	mtdna_oxphos_13	opcs::apoe_e2_minus_e33__Male::mtdna_oxphos_13	apoe_e2_minus_e33__Male	5	apoe	1	direct_respiratory	AD__Male__e2	NCI__Male__e2	AD__Male__e33	NCI__Male__e33	7	5	28	53	5	5	24	52	5	1	13	TRUE	15	253	eligible	estimated		-1.31827490390994	0.87613545956785	-3.0437227644217	0.407172956601815	-1.50464735733921	0.133662111818526	-1.30163931572794	0.863310491040163	-3.00182987810666	0.398551246650788	0.132871249295496	0.957817869647846	Down	0.0202631935619077	0.671359518075895	estimated	-1.31827490390994	1000	1000	-1.30644073098113	-2.74632224726609	0.10420172943538	0.969	TRUE	268	268	0	50400835	0.462889048835244	-1.78116395274519	-0.875030526040958	1000	1000	0.964	TRUE	-1.42711101749845	estimated	TRUE	-1.30163931572794	estimated	TRUE	0.34303512950721	FALSE	-1.30141356342502	estimated	TRUE	13	13	0	1	gene:MT-ATP8	evaluated	0.993223209089743	TRUE	FALSE	TRUE	FALSE	TRUE	FALSE	FALSE	TRUE	TRUE	FALSE	TRUE	TRUE	TRUE	TRUE	TRUE	TRUE	TRUE	TRUE	FALSE	inconclusive	
phase13_gate_decisions_v1	opcs	mtdna_oxphos_13	opcs::apoe_e4_minus_e33__Female::mtdna_oxphos_13	apoe_e4_minus_e33__Female	6	apoe	1	direct_respiratory	AD__Female__e4	NCI__Female__e4	AD__Female__e33	NCI__Female__e33	24	11	37	45	24	11	36	44	11	1	13	TRUE	15	253	eligible	estimated		-0.224939312806308	0.450087478407954	-1.1113347533529	0.661456127740285	-0.499767986441129	0.617672819500287	-0.268472488593024	0.445513564818717	-1.14586013322116	0.608915156035108	0.547305583956	0.957817869647846	Down	0.693346008778983	0.944631415335757	estimated	-0.224939312806308	1000	1000	-0.208841334786314	-1.0106849866536	0.660536056746975	0.688	TRUE	268	268	0	20892128	0.202253934368745	-0.409319273534424	-0.0226853784375637	1000	1000	0.682	TRUE	-0.161866375776157	estimated	TRUE	-0.268472488593024	estimated	TRUE	-0.296652600841165	TRUE	-0.150471921305048	estimated	TRUE	13	13	0	1	gene:MT-ATP8	evaluated	0.993223209089743	TRUE	TRUE	TRUE	FALSE	FALSE	FALSE	FALSE	TRUE	TRUE	FALSE	FALSE	TRUE	TRUE	TRUE	TRUE	FALSE	TRUE	TRUE	FALSE	inconclusive	
phase13_gate_decisions_v1	opcs	mtdna_oxphos_13	opcs::apoe_e4_minus_e33__Male::mtdna_oxphos_13	apoe_e4_minus_e33__Male	7	apoe	1	direct_respiratory	AD__Male__e4	NCI__Male__e4	AD__Male__e33	NCI__Male__e33	25	10	28	53	25	8	24	52	10	1	13	TRUE	15	253	eligible	estimated		0.509898205760563	0.50445859203739	-0.483574879756394	1.50337129127752	1.01078307280128	0.313085966570746	0.414970543967028	0.52682848197331	-0.622557462861817	1.45249855079587	0.431623131426124	0.957817869647846	Up	0.444975727524616	0.944631415335757	estimated	0.509898205760563	1000	1000	0.511742341503192	-0.406232291234633	1.39121085208452	0.874	TRUE	268	268	0	11609672	0.170958584606736	0.338939621153827	0.651221917089288	1000	1000	0.845	TRUE	0.286253670952694	estimated	TRUE	0.414970543967028	estimated	TRUE	0.529373976405959	TRUE	0.55900806511639	estimated	TRUE	13	13	0	1	gene:MT-ATP8	evaluated	0.993223209089743	TRUE	TRUE	TRUE	FALSE	TRUE	FALSE	FALSE	TRUE	TRUE	FALSE	TRUE	TRUE	TRUE	TRUE	TRUE	TRUE	TRUE	TRUE	FALSE	inconclusive	
phase13_gate_decisions_v1	opcs	nuclear_oxphos_structural_86	opcs::sex_F_minus_M__e2::nuclear_oxphos_structural_86	sex_F_minus_M__e2	1	sex	2	direct_respiratory	AD__Female__e2	NCI__Female__e2	AD__Male__e2	NCI__Male__e2	8	15	7	5	7	14	5	5	5	0.86046511627907	74	TRUE	15	253	eligible	estimated		0.807594603214145	1.14174225155492	-1.44093523733473	3.05612444376302	0.707335304543819	0.480009155167814	0.886879209624577	1.16036165675698	-1.39831940459286	3.17207782384202	0.445393139394558	0.957817869647846	Up	0.558253636020805	0.944631415335757	estimated	0.807594603214145	1000	1000	0.785838928260893	-1.01846177335793	2.67083791351467	0.797	TRUE	268	268	0	34726040	0.668275501544702	0.139319101669442	1.15627194162247	1000	1000	0.885	TRUE	1.24313041523448	estimated	TRUE	0.886879209624577	estimated	TRUE	0.263733157518936	TRUE	0.801762058156116	estimated	TRUE	5	5	0	1	complex_V	evaluated	0.986453088632062	TRUE	FALSE	TRUE	FALSE	TRUE	FALSE	FALSE	TRUE	TRUE	FALSE	FALSE	TRUE	TRUE	TRUE	TRUE	TRUE	TRUE	TRUE	FALSE	inconclusive	
phase13_gate_decisions_v1	opcs	nuclear_oxphos_structural_86	opcs::sex_F_minus_M__e33::nuclear_oxphos_structural_86	sex_F_minus_M__e33	2	sex	2	direct_respiratory	AD__Female__e33	NCI__Female__e33	AD__Male__e33	NCI__Male__e33	37	45	28	53	36	44	24	52	28	0.86046511627907	74	TRUE	15	253	eligible	estimated		0.815475209726173	0.34811732547424	0.129898238851286	1.50105218060106	2.34252980260391	0.019929222764168	0.696457054924331	0.337911468014813	0.0309793446440823	1.36193476520458	0.0403190158665023	0.876056714706422	Up	0.0406431746553948	0.671359518075895	estimated	0.815475209726173	1000	1000	0.808597439143651	0.107204624517866	1.46459081572897	0.989	TRUE	268	268	0	10101327	0.140445929235876	0.696421678861896	0.955921138962049	1000	1000	1	TRUE	0.796869287331559	estimated	TRUE	0.696457054924331	estimated	TRUE	0.72592102438773	TRUE	0.754471625732305	estimated	TRUE	5	5	0	1	complex_I	evaluated	0.986453088632062	TRUE	TRUE	TRUE	FALSE	TRUE	TRUE	FALSE	TRUE	TRUE	FALSE	TRUE	TRUE	TRUE	TRUE	TRUE	TRUE	TRUE	TRUE	FALSE	inconclusive	
phase13_gate_decisions_v1	opcs	nuclear_oxphos_structural_86	opcs::sex_F_minus_M__e4::nuclear_oxphos_structural_86	sex_F_minus_M__e4	3	sex	2	direct_respiratory	AD__Female__e4	NCI__Female__e4	AD__Male__e4	NCI__Male__e4	24	11	25	10	24	11	25	8	10	0.86046511627907	74	TRUE	15	253	eligible	estimated		0.0576535422905475	0.641255167354278	-1.20522463992491	1.320531724506	0.0899073336569236	0.92843198762636	0.238684050218484	0.632664777870077	-1.00727634948445	1.48464444992142	0.70629086368242	0.957817869647846	Down	0.758858605974647	0.944631415335757	estimated	0.0576535422905475	1000	1000	0.111374337797512	-1.03626425250244	1.13906245134336	0.575	TRUE	268	268	4	11697592	0.243189267802181	-0.175039105861935	0.300842810092729	1000	1000	0.57	TRUE	-0.0860028947523413	estimated	FALSE	0.238684050218484	estimated	TRUE	-0.169446653137544	FALSE	0.0519225063863041	estimated	TRUE	5	5	0	1	complex_II	evaluated	0.986453088632062	TRUE	TRUE	TRUE	FALSE	FALSE	FALSE	FALSE	TRUE	FALSE	FALSE	FALSE	FALSE	TRUE	TRUE	FALSE	FALSE	TRUE	TRUE	FALSE	inconclusive	
phase13_gate_decisions_v1	opcs	nuclear_oxphos_structural_86	opcs::apoe_e2_minus_e33__Female::nuclear_oxphos_structural_86	apoe_e2_minus_e33__Female	4	apoe	2	direct_respiratory	AD__Female__e2	NCI__Female__e2	AD__Female__e33	NCI__Female__e33	8	15	37	45	7	14	36	44	8	0.86046511627907	74	TRUE	15	253	eligible	estimated		-0.335997924707694	0.677962852857635	-1.67116766495157	0.999171815536182	-0.495599313873101	0.620607341065563	-0.342729249972274	0.696318280242489	-1.71404788998285	1.02858939003831	0.623003371267288	0.957817869647846	Down	0.408885323281808	0.944631415335757	estimated	-0.335997924707694	1000	1000	-0.351957556248763	-1.5345018950366	0.973789784697186	0.71	TRUE	268	268	0	21189544	0.323932907394681	-0.659930832102375	-0.0865203770828004	1000	1000	0.771	TRUE	-0.110456081916334	estimated	FALSE	-0.342729249972274	estimated	TRUE	-0.205419255029989	TRUE	-0.269750894156253	estimated	TRUE	5	5	0	1	complex_I	evaluated	0.986453088632062	TRUE	FALSE	TRUE	FALSE	TRUE	FALSE	FALSE	TRUE	TRUE	FALSE	FALSE	TRUE	TRUE	TRUE	FALSE	FALSE	TRUE	TRUE	FALSE	inconclusive	
phase13_gate_decisions_v1	opcs	nuclear_oxphos_structural_86	opcs::apoe_e2_minus_e33__Male::nuclear_oxphos_structural_86	apoe_e2_minus_e33__Male	5	apoe	2	direct_respiratory	AD__Male__e2	NCI__Male__e2	AD__Male__e33	NCI__Male__e33	7	5	28	53	5	5	24	52	5	0.86046511627907	74	TRUE	15	253	eligible	estimated		-0.328117318195666	0.9821507643994	-2.26235010905749	1.60611547266616	-0.334080397927822	0.738595643994907	-0.53315140467252	0.990911987152608	-2.48463841449091	1.41833560514587	0.591021647045705	0.957817869647846	Down	0.99386472359731	0.99386472359731	estimated	-0.328117318195666	1000	1000	-0.337192900986771	-1.85660550878779	1.16097096327913	0.651	TRUE	268	268	1	34726040	0.658968545194088	-0.756139000643301	0.330851226998422	1000	1000	0.661	TRUE	-0.55671720981925	estimated	TRUE	-0.53315140467252	estimated	TRUE	0.256768611838805	FALSE	-0.317041326580064	estimated	TRUE	5	5	0	1	complex_V	evaluated	0.986453088632062	TRUE	FALSE	TRUE	FALSE	TRUE	FALSE	FALSE	TRUE	TRUE	FALSE	FALSE	FALSE	TRUE	TRUE	TRUE	FALSE	TRUE	TRUE	FALSE	inconclusive	
phase13_gate_decisions_v1	opcs	nuclear_oxphos_structural_86	opcs::apoe_e4_minus_e33__Female::nuclear_oxphos_structural_86	apoe_e4_minus_e33__Female	6	apoe	2	direct_respiratory	AD__Female__e4	NCI__Female__e4	AD__Female__e33	NCI__Female__e33	24	11	37	45	24	11	36	44	11	0.86046511627907	74	TRUE	15	253	eligible	estimated		-0.280018905532101	0.345919115495704	-0.961266755078772	0.401228944014571	-0.809492430422157	0.418992607437536	-0.22193234107203	0.345736987006644	-0.90282150953993	0.45895682739587	0.521512203991519	0.957817869647846	Down	0.50166190696319	0.944631415335757	estimated	-0.280018905532101	1000	1000	-0.234257354216895	-0.873268472028986	0.407379461626091	0.763	TRUE	268	268	0	20288196	0.126324549408591	-0.406343454940691	-0.177642688667929	1000	1000	0.732	TRUE	-0.220749145632958	estimated	TRUE	-0.22193234107203	estimated	TRUE	-0.375964360232588	TRUE	-0.243393875191749	estimated	TRUE	5	5	0	1	complex_II	evaluated	0.986453088632062	TRUE	TRUE	TRUE	FALSE	TRUE	FALSE	FALSE	TRUE	TRUE	FALSE	FALSE	TRUE	TRUE	TRUE	TRUE	FALSE	TRUE	TRUE	FALSE	inconclusive	
phase13_gate_decisions_v1	opcs	nuclear_oxphos_structural_86	opcs::apoe_e4_minus_e33__Male::nuclear_oxphos_structural_86	apoe_e4_minus_e33__Male	7	apoe	2	direct_respiratory	AD__Male__e4	NCI__Male__e4	AD__Male__e33	NCI__Male__e33	25	10	28	53	25	8	24	52	10	0.86046511627907	74	TRUE	15	253	eligible	estimated		0.477802761903525	0.648320471437197	-0.798989722810029	1.75459524661708	0.736985461594837	0.461814069678938	0.235840663633817	0.633002457445111	-1.01078475709288	1.48246608436052	0.709776967812598	0.957817869647846	Up	0.165833232510172	0.904544904600936	estimated	0.477802761903525	1000	1000	0.509826566395256	-0.619198932698539	1.63889793171621	0.786	TRUE	268	268	0	15218541	0.27962361943937	0.237022865644141	0.757426381342896	1000	1000	0.763	TRUE	0.662123036450942	estimated	TRUE	0.235840663633817	estimated	FALSE	0.519403317292686	TRUE	0.459155244154253	estimated	TRUE	5	5	0	1	complex_I	evaluated	0.986453088632062	TRUE	TRUE	TRUE	FALSE	TRUE	FALSE	FALSE	TRUE	TRUE	FALSE	FALSE	TRUE	TRUE	FALSE	TRUE	FALSE	TRUE	TRUE	FALSE	inconclusive	
phase13_gate_decisions_v1	opcs	mitochondrial_translation_155	opcs::sex_F_minus_M__e2::mitochondrial_translation_155	sex_F_minus_M__e2	1	sex	3	respiration_supporting	AD__Female__e2	NCI__Female__e2	AD__Male__e2	NCI__Male__e2	8	15	7	5	7	14	5	5	5	0.935483870967742	145	TRUE	15	253	eligible	estimated		-0.372038678395748	1.06094432770331	-2.4614463154987	1.7173689587072	-0.350667484316657	0.726129620273228	0.151824684440727	1.06551404491672	-1.94658248430189	2.25023185318335	0.886806691105752	0.957817869647846	Down	0.896300234902633	0.971891820978758	estimated	-0.372038678395748	1000	1000	-0.346915710115266	-2.02336803008873	1.41132342266596	0.67	TRUE	268	268	1	34726040	0.686390824052363	-1.05842950244811	0.0437069011167026	1000	1000	0.771	TRUE	-0.583300410050741	estimated	TRUE	0.151824684440727	estimated	FALSE	-0.483021978368941	TRUE	-0.397441460418099	estimated	TRUE	6	6	0	1	mitochondrial_ribosome	evaluated	0.812156870302547	TRUE	FALSE	TRUE	FALSE	TRUE	FALSE	FALSE	TRUE	TRUE	FALSE	FALSE	FALSE	TRUE	FALSE	TRUE	FALSE	TRUE	TRUE	FALSE	inconclusive	
phase13_gate_decisions_v1	opcs	mitochondrial_translation_155	opcs::sex_F_minus_M__e33::mitochondrial_translation_155	sex_F_minus_M__e33	2	sex	3	respiration_supporting	AD__Female__e33	NCI__Female__e33	AD__Male__e33	NCI__Male__e33	37	45	28	53	36	44	24	52	28	0.935483870967742	145	TRUE	15	253	eligible	estimated		0.894242154480115	0.404459055995064	0.0977066356740265	1.6907776732862	2.21095841773173	0.0279334850335861	0.824081220517764	0.306964986920066	0.21954903984961	1.42861340118592	0.00774120454478435	0.876056714706422	Up	0.0436693168051382	0.671359518075895	estimated	0.894242154480115	1000	1000	0.914447261459174	0.163941523912268	1.74455758488849	0.992	TRUE	268	268	0	51815338	0.242868376306313	0.651373778173802	0.993069243250567	1000	1000	1	TRUE	0.599336905486524	estimated	TRUE	0.824081220517764	estimated	TRUE	0.902667923303935	TRUE	0.861968681605199	estimated	TRUE	6	6	0	1	mitochondrial_ribosome	evaluated	0.812156870302547	TRUE	TRUE	TRUE	FALSE	TRUE	TRUE	FALSE	TRUE	TRUE	FALSE	TRUE	TRUE	TRUE	TRUE	TRUE	TRUE	TRUE	TRUE	FALSE	inconclusive	
phase13_gate_decisions_v1	opcs	mitochondrial_translation_155	opcs::sex_F_minus_M__e4::mitochondrial_translation_155	sex_F_minus_M__e4	3	sex	3	respiration_supporting	AD__Female__e4	NCI__Female__e4	AD__Male__e4	NCI__Male__e4	24	11	25	10	24	11	25	8	10	0.935483870967742	145	TRUE	15	253	eligible	estimated		-0.550286399923887	0.543318470934439	-1.62028954043454	0.51971674058677	-1.01282475999291	0.312111497828926	0.0293780149625331	0.569214869388362	-1.09162509914732	1.15038112907239	0.958879006967638	0.957817869647846	Down	0.658673547700925	0.944631415335757	estimated	-0.550286399923887	1000	1000	-0.44362321415778	-1.46812313616045	0.501202101168504	0.807	TRUE	268	268	0	10260309	0.345915452378366	-0.676278876008467	-0.204370947545521	1000	1000	0.939	TRUE	-0.17375796415794	estimated	FALSE	0.0293780149625331	estimated	FALSE	-0.725051984852415	TRUE	-0.576344436719745	estimated	TRUE	6	6	0	1	mitochondrial_ribosome	evaluated	0.812156870302547	TRUE	TRUE	TRUE	FALSE	TRUE	FALSE	FALSE	TRUE	TRUE	FALSE	TRUE	TRUE	TRUE	FALSE	FALSE	TRUE	TRUE	TRUE	FALSE	inconclusive	
phase13_gate_decisions_v1	opcs	mitochondrial_translation_155	opcs::apoe_e2_minus_e33__Female::mitochondrial_translation_155	apoe_e2_minus_e33__Female	4	apoe	3	respiration_supporting	AD__Female__e2	NCI__Female__e2	AD__Female__e33	NCI__Female__e33	8	15	37	45	7	14	36	44	8	0.935483870967742	145	TRUE	15	253	eligible	estimated		-0.404420783981529	0.587662511117113	-1.56175440338569	0.752912835422634	-0.688185440335045	0.491966506267782	-0.390019405825534	0.616278134175607	-1.6037081984444	0.823669386793332	0.527394934820197	0.957817869647846	Down	0.473641863217492	0.944631415335757	estimated	-0.404420783981529	1000	1000	-0.389996273334257	-1.50247651513819	0.586509738829552	0.785	TRUE	268	268	0	09650662	0.359399242411596	-0.605452317231283	-0.0450215415699328	1000	1000	0.829	TRUE	-0.09893148534842	estimated	FALSE	-0.390019405825534	estimated	TRUE	-0.503855812821315	TRUE	-0.447706130673445	estimated	TRUE	6	6	0	1	mitochondrial_ribosome	evaluated	0.812156870302547	TRUE	FALSE	TRUE	FALSE	TRUE	FALSE	FALSE	TRUE	TRUE	FALSE	FALSE	TRUE	TRUE	TRUE	FALSE	TRUE	TRUE	TRUE	FALSE	inconclusive	
phase13_gate_decisions_v1	opcs	mitochondrial_translation_155	opcs::apoe_e2_minus_e33__Male::mitochondrial_translation_155	apoe_e2_minus_e33__Male	5	apoe	3	respiration_supporting	AD__Male__e2	NCI__Male__e2	AD__Male__e33	NCI__Male__e33	7	5	28	53	5	5	24	52	5	0.935483870967742	145	TRUE	15	253	eligible	estimated		0.861860048894334	0.959758982519459	-1.02827470699371	2.75199480478238	0.897996335113082	0.370041278404616	0.282237130251503	0.917027964202769	-1.52374380749479	2.08821806799779	0.758507719578464	0.957817869647846	Up	0.430591250602936	0.944631415335757	estimated	0.861860048894334	1000	1000	0.878307135351903	-0.789722404513836	2.38871210117071	0.855	TRUE	268	268	0	34726040	0.672745499370067	0.458392041035967	1.5346055482644	1000	1000	0.841	TRUE	1.08370583018884	estimated	TRUE	0.282237130251503	estimated	FALSE	0.881834088851562	TRUE	0.811704011349853	estimated	TRUE	6	6	0	1	mitochondrial_ribosome	evaluated	0.812156870302547	TRUE	FALSE	TRUE	FALSE	TRUE	FALSE	FALSE	TRUE	TRUE	FALSE	TRUE	TRUE	TRUE	FALSE	TRUE	TRUE	TRUE	TRUE	FALSE	inconclusive	
phase13_gate_decisions_v1	opcs	mitochondrial_translation_155	opcs::apoe_e4_minus_e33__Female::mitochondrial_translation_155	apoe_e4_minus_e33__Female	6	apoe	3	respiration_supporting	AD__Female__e4	NCI__Female__e4	AD__Female__e33	NCI__Female__e33	24	11	37	45	24	11	36	44	11	0.935483870967742	145	TRUE	15	253	eligible	estimated		-0.491265877739523	0.319366997222734	-1.12022238903954	0.137690633560492	-1.53824872955455	0.125237512189325	-0.317468201659251	0.329610021083623	-0.966597168500171	0.33166076518167	0.336385363203629	0.957817869647846	Down	0.145292594149286	0.881071209448111	estimated	-0.491265877739523	1000	1000	-0.443786561168381	-1.056790398454	0.181382183801729	0.93	TRUE	268	268	0	20779834	0.157154536906892	-0.620136923378568	-0.334111340832631	1000	1000	0.889	TRUE	-0.450509939278955	estimated	TRUE	-0.317468201659251	estimated	TRUE	-0.614221373527252	TRUE	-0.561936519677059	estimated	TRUE	6	6	0	1	mitochondrial_ribosome	evaluated	0.812156870302547	TRUE	TRUE	TRUE	FALSE	TRUE	FALSE	FALSE	TRUE	TRUE	FALSE	TRUE	TRUE	TRUE	TRUE	TRUE	TRUE	TRUE	TRUE	FALSE	inconclusive	
phase13_gate_decisions_v1	opcs	mitochondrial_translation_155	opcs::apoe_e4_minus_e33__Male::mitochondrial_translation_155	apoe_e4_minus_e33__Male	7	apoe	3	respiration_supporting	AD__Male__e4	NCI__Male__e4	AD__Male__e33	NCI__Male__e33	25	10	28	53	25	8	24	52	10	0.935483870967742	145	TRUE	15	253	eligible	estimated		0.95326267666448	0.604728484563551	-0.23768041151433	2.14420576484329	1.57634823064846	0.116195124086898	0.47723500389598	0.561134046588272	-0.627853860585779	1.58232386837774	0.395860734835005	0.957817869647846	Up	0.426310914906915	0.944631415335757	estimated	0.95326267666448	1000	1000	0.952045488974353	-0.0642975762079503	2.14288958205574	0.957	TRUE	268	268	0	51815338	0.311841031005426	0.641421645659054	1.09748287981604	1000	1000	0.911	TRUE	0.322584930365508	estimated	FALSE	0.47723500389598	estimated	TRUE	1.0134985346291	TRUE	0.876376598647885	estimated	TRUE	6	6	0	1	ribosome_assembly	evaluated	0.812156870302547	TRUE	TRUE	TRUE	FALSE	TRUE	FALSE	FALSE	TRUE	TRUE	FALSE	TRUE	TRUE	TRUE	TRUE	FALSE	TRUE	TRUE	TRUE	FALSE	inconclusive	
phase13_gate_decisions_v1	opcs	mib_micos_inner_membrane_19	opcs::sex_F_minus_M__e2::mib_micos_inner_membrane_19	sex_F_minus_M__e2	1	sex	4	respiration_supporting	AD__Female__e2	NCI__Female__e2	AD__Male__e2	NCI__Male__e2	8	15	7	5	7	14	5	5	5	0.947368421052632	18	TRUE	15	253	eligible	estimated		0.516466301662207	1.17687821134342	-1.80125976417585	2.83419236750027	0.43884430579495	0.661148884714971	1.26873768634151	1.29330128772571	-1.27827021698443	3.81574558966746	0.327526420319864	0.957817869647846	Down	0.367305709608109	0.944631415335757	estimated	0.516466301662207	1000	1000	0.518764902983076	-1.21904314892327	2.44323472659547	0.694	TRUE	268	268	0	11159965	0.498847428052089	0.0176188736101179	0.952747127487792	1000	1000	0.771	TRUE	-1.04029235044047	estimated	FALSE	1.26873768634151	estimated	TRUE	0.581068509888039	TRUE	0.526882367801879	estimated	TRUE	18	18	0	0.833333333333333	gene:SAMM50	evaluated	0.28230887470572	FALSE	FALSE	TRUE	FALSE	TRUE	FALSE	FALSE	TRUE	FALSE	FALSE	FALSE	TRUE	FALSE	TRUE	FALSE	FALSE	TRUE	TRUE	FALSE	inconclusive	
phase13_gate_decisions_v1	opcs	mib_micos_inner_membrane_19	opcs::sex_F_minus_M__e33::mib_micos_inner_membrane_19	sex_F_minus_M__e33	2	sex	4	respiration_supporting	AD__Female__e33	NCI__Female__e33	AD__Male__e33	NCI__Male__e33	37	45	28	53	36	44	24	52	28	0.947368421052632	18	TRUE	15	253	eligible	estimated		1.0110436091619	0.460985607931974	0.10318555793627	1.91890166038752	2.19322163591513	0.0292018904902141	0.477135775886503	0.386213233402617	-0.283466697165515	1.23773824893852	0.217819974382219	0.876056714706422	Up	0.0186899359031123	0.671359518075895	estimated	1.0110436091619	1000	1000	1.02151069586576	0.170312674315552	2.07002141512964	0.988	TRUE	268	268	0	51815338	0.227514216034722	0.783529393127174	1.15679858960484	1000	1000	1	TRUE	0.492369582164621	estimated	FALSE	0.477135775886503	estimated	FALSE	1.05046858090287	TRUE	0.986201782662179	estimated	TRUE	18	18	0	1	gene:ATAD3A	evaluated	0.28230887470572	FALSE	TRUE	TRUE	FALSE	TRUE	TRUE	FALSE	TRUE	TRUE	FALSE	TRUE	TRUE	FALSE	FALSE	FALSE	TRUE	TRUE	TRUE	FALSE	inconclusive	
phase13_gate_decisions_v1	opcs	mib_micos_inner_membrane_19	opcs::sex_F_minus_M__e4::mib_micos_inner_membrane_19	sex_F_minus_M__e4	3	sex	4	respiration_supporting	AD__Female__e4	NCI__Female__e4	AD__Male__e4	NCI__Male__e4	24	11	25	10	24	11	25	8	10	0.947368421052632	18	TRUE	15	253	eligible	estimated		-0.228590271201129	0.58190225433246	-1.37457972842519	0.91739918602293	-0.392832764436289	0.694773783018535	0.578771254120554	0.588278849666773	-0.579776173057566	1.73731868129867	0.326134938829139	0.957817869647846	Down	0.694397276112874	0.944631415335757	estimated	-0.228590271201129	1000	1000	-0.151954038344518	-1.22575514346045	0.868507663347722	0.601	TRUE	268	268	85	11609672	0.456403753289415	-0.378927284764445	0.227813482088287	1000	1000	0.725	TRUE	-0.00748510536967785	estimated	FALSE	0.578771254120554	estimated	FALSE	-0.340072838466724	TRUE	-0.235282077613902	estimated	TRUE	18	18	1	0.833333333333333	gene:OPA1	evaluated	0.28230887470572	FALSE	TRUE	TRUE	FALSE	FALSE	FALSE	FALSE	TRUE	TRUE	FALSE	FALSE	FALSE	FALSE	FALSE	FALSE	FALSE	FALSE	TRUE	FALSE	inconclusive	
phase13_gate_decisions_v1	opcs	mib_micos_inner_membrane_19	opcs::apoe_e2_minus_e33__Female::mib_micos_inner_membrane_19	apoe_e2_minus_e33__Female	4	apoe	4	respiration_supporting	AD__Female__e2	NCI__Female__e2	AD__Female__e33	NCI__Female__e33	8	15	37	45	7	14	36	44	8	0.947368421052632	18	TRUE	15	253	eligible	estimated		-0.197008623485432	0.477686993247737	-1.13775812916135	0.74374088219049	-0.412421996558865	0.680379394974843	-0.353881858530016	0.654726389619269	-1.64329006116842	0.93552634410839	0.589325400682639	0.957817869647846	Down	0.345763228632817	0.944631415335757	estimated	-0.197008623485432	1000	1000	-0.231583575393608	-1.06090603563487	0.678958020274796	0.69	TRUE	268	268	0	18920002	0.216552403417474	-0.413561026902906	-0.0822673032726014	1000	1000	0.648	TRUE	-0.253493145749332	estimated	TRUE	-0.353881858530016	estimated	TRUE	-0.348454227162869	TRUE	-0.275808811612777	estimated	TRUE	18	18	0	0.833333333333333	gene:DNAJC11	evaluated	0.28230887470572	FALSE	FALSE	TRUE	FALSE	FALSE	FALSE	FALSE	TRUE	TRUE	FALSE	FALSE	TRUE	FALSE	TRUE	TRUE	FALSE	TRUE	TRUE	FALSE	inconclusive	
phase13_gate_decisions_v1	opcs	mib_micos_inner_membrane_19	opcs::apoe_e2_minus_e33__Male::mib_micos_inner_membrane_19	apoe_e2_minus_e33__Male	5	apoe	4	respiration_supporting	AD__Male__e2	NCI__Male__e2	AD__Male__e33	NCI__Male__e33	7	5	28	53	5	5	24	52	5	0.947368421052632	18	TRUE	15	253	eligible	estimated		0.297568684014256	1.16523409161395	-1.99722562937006	2.59236299739857	0.255372449326553	0.79864293111176	-1.14548376898503	1.19382383394307	-3.49658228646888	1.20561474849883	0.338218843069736	0.957817869647846	Up	0.0959817924065491	0.756043206083282	estimated	0.297568684014256	1000	1000	0.322579392749708	-1.83024223743584	2.13787027416612	0.606	TRUE	268	268	3	11159965	0.465191324618951	-0.156335853031478	0.762760008633207	1000	1000	0.578	TRUE	1.27916878685576	estimated	TRUE	-1.14548376898503	estimated	FALSE	0.120945843851963	TRUE	0.183510603247522	estimated	TRUE	18	18	2	0.777777777777778	gene:CHCHD6	evaluated	0.28230887470572	FALSE	FALSE	TRUE	FALSE	TRUE	FALSE	FALSE	TRUE	TRUE	FALSE	FALSE	FALSE	FALSE	FALSE	TRUE	FALSE	FALSE	TRUE	FALSE	inconclusive	
phase13_gate_decisions_v1	opcs	mib_micos_inner_membrane_19	opcs::apoe_e4_minus_e33__Female::mib_micos_inner_membrane_19	apoe_e4_minus_e33__Female	6	apoe	4	respiration_supporting	AD__Female__e4	NCI__Female__e4	AD__Female__e33	NCI__Female__e33	24	11	37	45	24	11	36	44	11	0.947368421052632	18	TRUE	15	253	eligible	estimated		0.0489033456516561	0.353784989141254	-0.64783543592448	0.745642127227792	0.138229001095721	0.890169389529124	-0.153195030590234	0.373400769594129	-0.888564832113191	0.582174770932723	0.681955309940298	0.957817869647846	Down	0.861463812146546	0.970903271611309	estimated	0.0489033456516561	1000	1000	0.0812906419635603	-0.495895177425911	0.768896701699746	0.597	TRUE	268	268	2	20779834	0.25127588679395	-0.0114962199829985	0.300179232445606	1000	1000	0.588	TRUE	0.159465697561386	estimated	TRUE	-0.153195030590234	estimated	FALSE	-0.0511550591659824	FALSE	-0.0515686906686387	estimated	FALSE	18	18	3	0.944444444444444	gene:APOOL	evaluated	0.28230887470572	FALSE	TRUE	TRUE	FALSE	FALSE	FALSE	FALSE	TRUE	FALSE	FALSE	FALSE	FALSE	FALSE	FALSE	TRUE	FALSE	FALSE	FALSE	FALSE	inconclusive	
phase13_gate_decisions_v1	opcs	mib_micos_inner_membrane_19	opcs::apoe_e4_minus_e33__Male::mib_micos_inner_membrane_19	apoe_e4_minus_e33__Male	7	apoe	4	respiration_supporting	AD__Male__e4	NCI__Male__e4	AD__Male__e33	NCI__Male__e33	25	10	28	53	25	8	24	52	10	0.947368421052632	18	TRUE	15	253	eligible	estimated		1.28853722601468	0.655164928555216	-0.00173462854023754	2.5788090805696	1.96673718304213	0.0503064590599604	-0.254830508824285	0.59769901481013	-1.43192986608898	0.92226884844041	0.670213487138402	0.957817869647846	Up	0.0283228705786596	0.671359518075895	estimated	1.28853722601468	1000	1000	1.28806892307026	0.0562387059200164	2.57526647209631	0.981	TRUE	268	268	0	11609672	0.369003354554028	0.919533871460653	1.45743201910783	1000	1000	0.975	TRUE	0.659320385095685	estimated	TRUE	-0.254830508824285	estimated	FALSE	1.33938636020361	TRUE	1.16991516960744	estimated	TRUE	18	18	0	1	gene:DNAJC11	evaluated	0.28230887470572	FALSE	TRUE	TRUE	FALSE	TRUE	FALSE	FALSE	TRUE	TRUE	FALSE	TRUE	TRUE	FALSE	FALSE	TRUE	TRUE	TRUE	TRUE	FALSE	inconclusive	
phase13_gate_decisions_v1	oligodendrocytes	mtdna_oxphos_13	oligodendrocytes::sex_F_minus_M__e2::mtdna_oxphos_13	sex_F_minus_M__e2	1	sex	1	direct_respiratory	AD__Female__e2	NCI__Female__e2	AD__Male__e2	NCI__Male__e2	8	17	7	6	8	17	7	6	6	1	13	TRUE	15	260	eligible	estimated		0.95370617158789	0.67841932972115	-0.382189685425525	2.2896020286013	1.40577682534472	0.160984279369818	1.05444960388279	0.67002513386831	-0.264916990222716	2.37381619798829	0.11676213580426	0.957817869647846	Up	0.179686795678225	0.927557100549314	estimated	0.95370617158789	1000	1000	0.929467825512639	-0.318997604430947	2.126274324607	0.932	TRUE	275	275	0	66406040	0.277429102064068	0.676277069523821	1.14809686490028	1000	1000	0.985	TRUE	0.964378492042942	estimated	TRUE	1.05444960388279	estimated	TRUE	-0.0672828711926283	FALSE	0.930854468103236	estimated	TRUE	13	13	0	1	gene:MT-ND6	evaluated	0.994949321683196	TRUE	FALSE	TRUE	FALSE	TRUE	FALSE	FALSE	TRUE	TRUE	FALSE	TRUE	TRUE	TRUE	TRUE	TRUE	TRUE	TRUE	TRUE	FALSE	inconclusive	
phase13_gate_decisions_v1	oligodendrocytes	mtdna_oxphos_13	oligodendrocytes::sex_F_minus_M__e33::mtdna_oxphos_13	sex_F_minus_M__e33	2	sex	1	direct_respiratory	AD__Female__e33	NCI__Female__e33	AD__Male__e33	NCI__Male__e33	37	45	28	53	37	45	28	53	28	1	13	TRUE	15	260	eligible	estimated		0.530339316567134	0.396171544115222	-0.249773957427678	1.31045259056195	1.33866080097083	0.181850448074692	0.523176354255558	0.396024683666516	-0.2566477324234	1.30300044093452	0.18763946713169	0.957817869647846	Up	0.143761862047599	0.881071209448111	estimated	0.530339316567134	1000	1000	0.551829585964445	-0.231713271788075	1.29465186219662	0.916	TRUE	275	275	0	10102206	0.156191136186891	0.382301776074596	0.686530452754026	1000	1000	0.997	TRUE	0.524333865741878	estimated	TRUE	0.523176354255558	estimated	TRUE	0.207715222807304	TRUE	0.619953570040833	estimated	TRUE	13	13	0	1	gene:MT-ND1	evaluated	0.994949321683196	TRUE	TRUE	TRUE	FALSE	TRUE	FALSE	FALSE	TRUE	TRUE	FALSE	TRUE	TRUE	TRUE	TRUE	TRUE	TRUE	TRUE	TRUE	FALSE	inconclusive	
phase13_gate_decisions_v1	oligodendrocytes	mtdna_oxphos_13	oligodendrocytes::sex_F_minus_M__e4::mtdna_oxphos_13	sex_F_minus_M__e4	3	sex	1	direct_respiratory	AD__Female__e4	NCI__Female__e4	AD__Male__e4	NCI__Male__e4	26	11	27	10	26	11	26	10	10	1	13	TRUE	15	260	eligible	estimated		-0.0735122205306224	0.606643675546698	-1.26807248339832	1.12104804233707	-0.121178582244963	0.903643185193865	-0.0716494448263276	0.615531393812674	-1.28371078039297	1.14041189074032	0.907423346246537	0.957817869647846	Down	0.519123665333093	0.944631415335757	estimated	-0.0735122205306224	1000	1000	-0.0523559459451466	-1.17886675050099	1.07401453227134	0.535	TRUE	275	275	9	20288196	0.237185122006967	-0.310697342537589	0.0931386410852491	1000	1000	0.556	TRUE	-0.175368218034614	estimated	TRUE	-0.0716494448263276	estimated	TRUE	-0.287842835143769	TRUE	-0.0181206068206007	estimated	TRUE	13	13	0	0.923076923076923	gene:MT-ATP6	evaluated	0.994949321683196	TRUE	TRUE	TRUE	FALSE	FALSE	FALSE	FALSE	TRUE	TRUE	FALSE	FALSE	FALSE	TRUE	TRUE	TRUE	FALSE	TRUE	TRUE	FALSE	inconclusive	
phase13_gate_decisions_v1	oligodendrocytes	mtdna_oxphos_13	oligodendrocytes::apoe_e2_minus_e33__Female::mtdna_oxphos_13	apoe_e2_minus_e33__Female	4	apoe	1	direct_respiratory	AD__Female__e2	NCI__Female__e2	AD__Female__e33	NCI__Female__e33	8	17	37	45	8	17	37	45	8	1	13	TRUE	15	260	eligible	estimated		-0.46330953885721	0.407774912631234	-1.26627135393695	0.339652276222525	-1.13618941358513	0.256923468408974	-0.478900096078392	0.399813144783571	-1.26618415520951	0.308383963052722	0.232081882990293	0.957817869647846	Down	0.407284948533143	0.944631415335757	estimated	-0.46330953885721	1000	1000	-0.467536002429333	-1.1844643038646	0.272583614039217	0.893	TRUE	275	275	0	96095092	0.121920889651962	-0.585230428509173	-0.355741523713026	1000	1000	0.816	TRUE	-0.465289961873757	estimated	TRUE	-0.478900096078392	estimated	TRUE	0.287853777970158	FALSE	-0.403443874683745	estimated	TRUE	13	13	0	1	gene:MT-CYB	evaluated	0.994949321683196	TRUE	FALSE	TRUE	FALSE	TRUE	FALSE	FALSE	TRUE	TRUE	FALSE	TRUE	TRUE	TRUE	TRUE	TRUE	TRUE	TRUE	TRUE	FALSE	inconclusive	
phase13_gate_decisions_v1	oligodendrocytes	mtdna_oxphos_13	oligodendrocytes::apoe_e2_minus_e33__Male::mtdna_oxphos_13	apoe_e2_minus_e33__Male	5	apoe	1	direct_respiratory	AD__Male__e2	NCI__Male__e2	AD__Male__e33	NCI__Male__e33	7	6	28	53	7	6	28	53	6	1	13	TRUE	15	260	eligible	estimated		-0.886676393877966	0.675839358659186	-2.21749195246547	0.444139164709533	-1.31196323877477	0.190689704676173	-1.01017334570562	0.671981577861908	-2.33339243237882	0.31304574096757	0.133981701515191	0.957817869647846	Down	0.276511930694938	0.928715301675688	estimated	-0.886676393877966	1000	1000	-0.885376122850511	-2.03232115867028	0.336704828483297	0.916	TRUE	275	275	0	66406040	0.27691551344114	-1.06368185757828	-0.609760880436826	1000	1000	0.893	TRUE	-0.90533458817482	estimated	TRUE	-1.01017334570562	estimated	TRUE	0.562851871970091	FALSE	-0.714344772746148	estimated	TRUE	13	13	0	1	gene:MT-ND6	evaluated	0.994949321683196	TRUE	FALSE	TRUE	FALSE	TRUE	FALSE	FALSE	TRUE	TRUE	FALSE	TRUE	TRUE	TRUE	TRUE	TRUE	TRUE	TRUE	TRUE	FALSE	inconclusive	
phase13_gate_decisions_v1	oligodendrocytes	mtdna_oxphos_13	oligodendrocytes::apoe_e4_minus_e33__Female::mtdna_oxphos_13	apoe_e4_minus_e33__Female	6	apoe	1	direct_respiratory	AD__Female__e4	NCI__Female__e4	AD__Female__e33	NCI__Female__e33	26	11	37	45	26	11	37	45	11	1	13	TRUE	15	260	eligible	estimated		-0.649646742567354	0.49016651395317	-1.614848331835	0.315554846700295	-1.32535928929127	0.18621544694401	-0.68130596785207	0.490173396266579	-1.64652110928955	0.283909173585406	0.165739461443519	0.957817869647846	Down	0.109619112235873	0.756043206083282	estimated	-0.649646742567354	1000	1000	-0.664629639279385	-1.50365917688945	0.300842581887572	0.911	TRUE	275	275	0	20288196	0.274267476926971	-0.923914219494325	-0.525020511993313	1000	1000	0.91	TRUE	-0.63749254554525	estimated	TRUE	-0.68130596785207	estimated	TRUE	-0.254812930395869	TRUE	-0.555824868630977	estimated	TRUE	13	13	0	1	gene:MT-ND3	evaluated	0.994949321683196	TRUE	TRUE	TRUE	FALSE	TRUE	FALSE	FALSE	TRUE	TRUE	FALSE	TRUE	TRUE	TRUE	TRUE	TRUE	TRUE	TRUE	TRUE	FALSE	inconclusive	
phase13_gate_decisions_v1	oligodendrocytes	mtdna_oxphos_13	oligodendrocytes::apoe_e4_minus_e33__Male::mtdna_oxphos_13	apoe_e4_minus_e33__Male	7	apoe	1	direct_respiratory	AD__Male__e4	NCI__Male__e4	AD__Male__e33	NCI__Male__e33	27	10	28	53	26	10	28	53	10	1	13	TRUE	15	260	eligible	estimated		-0.0457952054695976	0.535680125823253	-1.10061901343192	1.00902860249272	-0.0854898348136732	0.931937770456072	-0.0864801687701847	0.546548221651605	-1.16270467030751	0.989744332767138	0.874398614551155	0.957817869647846	Up	0.751652365660898	0.944631415335757	estimated	-0.0457952054695976	1000	1000	-0.0529467609167895	-1.07877550300581	0.938617224360397	0.546	TRUE	275	275	13	10202345	0.186897026961316	-0.210846589661096	0.141101821491719	1000	1000	0.519	TRUE	0.0622095382312429	estimated	FALSE	-0.0864801687701847	estimated	TRUE	0.240745127555204	FALSE	0.082249308230457	estimated	FALSE	13	13	0	0.846153846153846	gene:MT-ND6	evaluated	0.994949321683196	TRUE	TRUE	TRUE	FALSE	FALSE	FALSE	FALSE	TRUE	FALSE	FALSE	FALSE	FALSE	TRUE	TRUE	FALSE	FALSE	TRUE	FALSE	FALSE	inconclusive	
phase13_gate_decisions_v1	oligodendrocytes	nuclear_oxphos_structural_86	oligodendrocytes::sex_F_minus_M__e2::nuclear_oxphos_structural_86	sex_F_minus_M__e2	1	sex	2	direct_respiratory	AD__Female__e2	NCI__Female__e2	AD__Male__e2	NCI__Male__e2	8	17	7	6	8	17	7	6	6	0.883720930232558	76	TRUE	15	260	eligible	estimated		0.921248827107397	1.09215471376393	-1.2293457880764	3.07184344229119	0.84351494847508	0.399715879671791	0.887327354543913	1.06783443262484	-1.21537746535875	2.99003217444657	0.406758836617333	0.957817869647846	Up	0.548838508274557	0.944631415335757	estimated	0.921248827107397	1000	1000	0.789782947592713	-0.994508807675	2.61928028414572	0.806	TRUE	275	275	0	34726040	0.673429351966859	0.247819475140538	1.26781870847979	1000	1000	0.948	TRUE	0.921049966756215	estimated	TRUE	0.887327354543913	estimated	TRUE	0.723240374224375	TRUE	0.867738470905128	estimated	TRUE	5	5	0	1	complex_IV	evaluated	0.984631028815933	TRUE	FALSE	TRUE	FALSE	TRUE	FALSE	FALSE	TRUE	TRUE	FALSE	TRUE	TRUE	TRUE	TRUE	TRUE	TRUE	TRUE	TRUE	FALSE	inconclusive	
phase13_gate_decisions_v1	oligodendrocytes	nuclear_oxphos_structural_86	oligodendrocytes::sex_F_minus_M__e33::nuclear_oxphos_structural_86	sex_F_minus_M__e33	2	sex	2	direct_respiratory	AD__Female__e33	NCI__Female__e33	AD__Male__e33	NCI__Male__e33	37	45	28	53	37	45	28	53	28	0.883720930232558	76	TRUE	15	260	eligible	estimated		0.555526690142133	0.339490376119847	-0.112973995327488	1.22402737561175	1.63635475176481	0.102975228711085	0.469139022061018	0.331543058775126	-0.183712362378888	1.12199040650092	0.158260112571184	0.957817869647846	Up	0.0836303668654211	0.756043206083282	estimated	0.555526690142133	1000	1000	0.563134302401838	-0.127622847610582	1.22280861961145	0.949	TRUE	275	275	0	10101327	0.141793229319907	0.481609712454033	0.69731991946204	1000	1000	1	TRUE	0.555698751151073	estimated	TRUE	0.469139022061018	estimated	TRUE	0.447978551591826	TRUE	0.51382100821351	estimated	TRUE	5	5	0	1	complex_IV	evaluated	0.984631028815933	TRUE	TRUE	TRUE	FALSE	TRUE	FALSE	FALSE	TRUE	TRUE	FALSE	TRUE	TRUE	TRUE	TRUE	TRUE	TRUE	TRUE	TRUE	FALSE	inconclusive	
phase13_gate_decisions_v1	oligodendrocytes	nuclear_oxphos_structural_86	oligodendrocytes::sex_F_minus_M__e4::nuclear_oxphos_structural_86	sex_F_minus_M__e4	3	sex	2	direct_respiratory	AD__Female__e4	NCI__Female__e4	AD__Male__e4	NCI__Male__e4	26	11	27	10	26	11	26	10	10	0.883720930232558	76	TRUE	15	260	eligible	estimated		0.462215628898692	0.600878082490919	-0.720991431695705	1.64542268949309	0.769233630527167	0.442452861695451	0.592806813124598	0.592054895391307	-0.573026245026692	1.75863987127589	0.317627226454564	0.957817869647846	Up	0.860834978685023	0.970903271611309	estimated	0.462215628898692	1000	1000	0.471398220836948	-0.603285928599052	1.55189020589223	0.794	TRUE	275	275	0	15218541	0.30947746432395	0.152738164574742	0.638276897755108	1000	1000	0.881	TRUE	0.463183314077268	estimated	TRUE	0.592806813124598	estimated	TRUE	0.429868508538536	TRUE	0.519683093477739	estimated	TRUE	5	5	0	1	complex_I	evaluated	0.984631028815933	TRUE	TRUE	TRUE	FALSE	TRUE	FALSE	FALSE	TRUE	TRUE	FALSE	FALSE	TRUE	TRUE	TRUE	TRUE	TRUE	TRUE	TRUE	FALSE	inconclusive	
phase13_gate_decisions_v1	oligodendrocytes	nuclear_oxphos_structural_86	oligodendrocytes::apoe_e2_minus_e33__Female::nuclear_oxphos_structural_86	apoe_e2_minus_e33__Female	4	apoe	2	direct_respiratory	AD__Female__e2	NCI__Female__e2	AD__Female__e33	NCI__Female__e33	8	17	37	45	8	17	37	45	8	0.883720930232558	76	TRUE	15	260	eligible	estimated		-0.20856864383706	0.665282274211068	-1.51859593068976	1.10145864301564	-0.313503984582174	0.75414915389132	-0.347840487850265	0.658872189475482	-1.64524548452604	0.949564508825514	0.597995984854446	0.957817869647846	Down	0.346917786400657	0.944631415335757	estimated	-0.20856864383706	1000	1000	-0.260088521867943	-1.30430815758735	1.08520028351644	0.675	TRUE	275	275	1	20104101	0.356634009390366	-0.565202653227426	0.0528665646226544	1000	1000	0.665	TRUE	-0.208542806342989	estimated	TRUE	-0.347840487850265	estimated	TRUE	-0.113347119672903	TRUE	-0.178090676795451	estimated	TRUE	5	5	0	1	complex_I	evaluated	0.984631028815933	TRUE	FALSE	TRUE	FALSE	FALSE	FALSE	FALSE	TRUE	TRUE	FALSE	FALSE	FALSE	TRUE	TRUE	TRUE	FALSE	TRUE	TRUE	FALSE	inconclusive	
phase13_gate_decisions_v1	oligodendrocytes	nuclear_oxphos_structural_86	oligodendrocytes::apoe_e2_minus_e33__Male::nuclear_oxphos_structural_86	apoe_e2_minus_e33__Male	5	apoe	2	direct_respiratory	AD__Male__e2	NCI__Male__e2	AD__Male__e33	NCI__Male__e33	7	6	28	53	7	6	28	53	6	0.883720930232558	76	TRUE	15	260	eligible	estimated		-0.574290780802324	0.9265159096867	-2.39872105715695	1.2501394955523	-0.619839092667626	0.535906559859715	-0.76602882033316	0.903720986250608	-2.54557292902548	1.01351528835916	0.397418862981727	0.957817869647846	Down	0.723654461552225	0.944631415335757	estimated	-0.574290780802324	1000	1000	-0.480106746196291	-1.99446657605879	0.969584684321316	0.715	TRUE	275	275	1	34726040	0.658201186351716	-0.870954016532687	0.0839104055493919	1000	1000	0.818	TRUE	-0.573894021948131	estimated	TRUE	-0.76602882033316	estimated	TRUE	-0.388608942305452	TRUE	-0.532008139487068	estimated	TRUE	5	5	0	1	complex_IV	evaluated	0.984631028815933	TRUE	FALSE	TRUE	FALSE	TRUE	FALSE	FALSE	TRUE	TRUE	FALSE	FALSE	FALSE	TRUE	TRUE	TRUE	TRUE	TRUE	TRUE	FALSE	inconclusive	
phase13_gate_decisions_v1	oligodendrocytes	nuclear_oxphos_structural_86	oligodendrocytes::apoe_e4_minus_e33__Female::nuclear_oxphos_structural_86	apoe_e4_minus_e33__Female	6	apoe	2	direct_respiratory	AD__Female__e4	NCI__Female__e4	AD__Female__e33	NCI__Female__e33	26	11	37	45	26	11	37	45	11	0.883720930232558	76	TRUE	15	260	eligible	estimated		-0.29090389582784	0.353656163102387	-0.98729885746599	0.40549106581031	-0.822561363771908	0.411511219838101	-0.0903414921595723	0.355756803659979	-0.790872888145952	0.610189903826807	0.799741293207606	0.957817869647846	Down	0.264782347442654	0.928715301675688	estimated	-0.29090389582784	1000	1000	-0.28457830981669	-0.941474609646554	0.394750373724769	0.8	TRUE	275	275	0	20288196	0.143525305966326	-0.434429201794166	-0.17855183443752	1000	1000	0.73	TRUE	-0.291139949587493	estimated	TRUE	-0.0903414921595723	estimated	FALSE	-0.196236604046039	TRUE	-0.201749324620016	estimated	TRUE	5	5	0	1	complex_I	evaluated	0.984631028815933	TRUE	TRUE	TRUE	FALSE	TRUE	FALSE	FALSE	TRUE	TRUE	FALSE	TRUE	TRUE	TRUE	FALSE	TRUE	FALSE	TRUE	TRUE	FALSE	inconclusive	
phase13_gate_decisions_v1	oligodendrocytes	nuclear_oxphos_structural_86	oligodendrocytes::apoe_e4_minus_e33__Male::nuclear_oxphos_structural_86	apoe_e4_minus_e33__Male	7	apoe	2	direct_respiratory	AD__Male__e4	NCI__Male__e4	AD__Male__e33	NCI__Male__e33	27	10	28	53	26	10	28	53	10	0.883720930232558	76	TRUE	15	260	eligible	estimated		-0.197592834584399	0.594136451006321	-1.36752474635088	0.972339077182079	-0.332571472848914	0.739725761564701	-0.214009283223152	0.580492171558403	-1.35707383495451	0.929055268508201	0.71267470983829	0.957817869647846	Up	0.879253136292274	0.970903271611309	estimated	-0.197592834584399	1000	1000	-0.189095596247095	-1.31860675287426	0.890753999531745	0.637	TRUE	275	275	1	15218541	0.353792370356119	-0.37682230975242	0.15619953577172	1000	1000	0.653	TRUE	-0.198624512513688	estimated	TRUE	-0.214009283223152	estimated	TRUE	-0.178126560992749	TRUE	-0.207611409884245	estimated	TRUE	5	5	0	1	complex_V	evaluated	0.984631028815933	TRUE	TRUE	TRUE	FALSE	FALSE	FALSE	FALSE	TRUE	FALSE	FALSE	FALSE	FALSE	TRUE	TRUE	TRUE	FALSE	TRUE	TRUE	FALSE	inconclusive	
phase13_gate_decisions_v1	oligodendrocytes	mitochondrial_translation_155	oligodendrocytes::sex_F_minus_M__e2::mitochondrial_translation_155	sex_F_minus_M__e2	1	sex	3	respiration_supporting	AD__Female__e2	NCI__Female__e2	AD__Male__e2	NCI__Male__e2	8	17	7	6	8	17	7	6	6	0.941935483870968	146	TRUE	15	260	eligible	estimated		-0.0852232756961076	0.973484888149977	-2.00214157676995	1.83169502537773	-0.0875445286655317	0.930306079548511	0.851570787937007	1.0850726568509	-1.28507833649383	2.98821991236784	0.433282214056769	0.957817869647846	Down	0.633999781265949	0.944631415335757	estimated	-0.0852232756961076	1000	1000	-0.23193993470458	-1.68470877657306	1.48568811898919	0.604	TRUE	275	275	5	34726040	0.705371138896554	-0.790594414592662	0.293284955975431	1000	1000	0.716	TRUE	-0.0575618373311508	estimated	TRUE	0.851570787937007	estimated	FALSE	-0.0382487787796312	TRUE	-0.108109522649643	estimated	TRUE	6	6	3	0.5	mitochondrial_ribosome	evaluated	0.41742397152502	FALSE	FALSE	TRUE	FALSE	FALSE	FALSE	FALSE	TRUE	TRUE	FALSE	FALSE	FALSE	FALSE	FALSE	TRUE	FALSE	FALSE	TRUE	FALSE	inconclusive	
phase13_gate_decisions_v1	oligodendrocytes	mitochondrial_translation_155	oligodendrocytes::sex_F_minus_M__e33::mitochondrial_translation_155	sex_F_minus_M__e33	2	sex	3	respiration_supporting	AD__Female__e33	NCI__Female__e33	AD__Male__e33	NCI__Male__e33	37	45	28	53	37	45	28	53	28	0.941935483870968	146	TRUE	15	260	eligible	estimated		0.931898299114482	0.370908883110446	0.201530488868891	1.66226610936007	2.51247231206644	0.0125948531702732	0.508992662765673	0.330027798533556	-0.140874977269657	1.158860302801	0.124223688778246	0.876056714706422	Up	0.00413306831723309	0.371976148550978	estimated	0.931898299114482	1000	1000	0.989766292020785	0.252403882339011	1.86243890868689	0.997	TRUE	275	275	0	10246987	0.20796516131766	0.766914671082354	1.13986346043214	1000	1000	1	TRUE	0.916210421550953	estimated	TRUE	0.508992662765673	estimated	TRUE	0.874912688644107	TRUE	0.884165617918696	estimated	TRUE	6	6	0	1	mitochondrial_ribosome	evaluated	0.41742397152502	FALSE	TRUE	TRUE	FALSE	TRUE	TRUE	FALSE	TRUE	TRUE	FALSE	TRUE	TRUE	FALSE	TRUE	TRUE	TRUE	TRUE	TRUE	FALSE	inconclusive	
phase13_gate_decisions_v1	oligodendrocytes	mitochondrial_translation_155	oligodendrocytes::sex_F_minus_M__e4::mitochondrial_translation_155	sex_F_minus_M__e4	3	sex	3	respiration_supporting	AD__Female__e4	NCI__Female__e4	AD__Male__e4	NCI__Male__e4	26	11	27	10	26	11	26	10	10	0.941935483870968	146	TRUE	15	260	eligible	estimated		-0.151468292847734	0.651082229803721	-1.43353384620888	1.13059726051342	-0.232640803133878	0.816223366125067	0.551319430497852	0.581857125563386	-0.594432893117919	1.69707175411362	0.344255280006122	0.957817869647846	Up	0.8899946656437	0.970903271611309	estimated	-0.151468292847734	1000	1000	-0.083772338205613	-1.27994587765501	1.15985362255849	0.552	TRUE	275	275	28	21159840	0.369062286671772	-0.419039413096034	0.217593993824038	1000	1000	0.537	TRUE	-0.419039413096034	estimated	TRUE	0.551319430497852	estimated	FALSE	-0.126883831725827	TRUE	0.0302601091125675	estimated	FALSE	6	6	0	0.666666666666667	mt_trna_synthetases	evaluated	0.41742397152502	FALSE	TRUE	TRUE	FALSE	FALSE	FALSE	FALSE	TRUE	FALSE	FALSE	FALSE	FALSE	FALSE	FALSE	TRUE	FALSE	FALSE	FALSE	FALSE	inconclusive	
phase13_gate_decisions_v1	oligodendrocytes	mitochondrial_translation_155	oligodendrocytes::apoe_e2_minus_e33__Female::mitochondrial_translation_155	apoe_e2_minus_e33__Female	4	apoe	3	respiration_supporting	AD__Female__e2	NCI__Female__e2	AD__Female__e33	NCI__Female__e33	8	17	37	45	8	17	37	45	8	0.941935483870968	146	TRUE	15	260	eligible	estimated		0.271236720300438	0.391259639706135	-0.499204375348802	1.04167781594968	0.693239712903068	0.48877792994506	-0.448293066094913	0.593566988491583	-1.61710363213783	0.720517499948004	0.45078099460505	0.957817869647846	Down	0.779508661470273	0.954500401800335	estimated	0.271236720300438	1000	1000	0.202862116309952	-0.563918210298958	0.975595827965329	0.699	TRUE	275	275	0	21189544	0.182031538718453	0.0892051815819855	0.376288223982016	1000	1000	0.732	TRUE	0.265996571741186	estimated	TRUE	-0.448293066094913	estimated	FALSE	0.156098728168616	TRUE	0.167509880258009	estimated	TRUE	6	6	0	0.833333333333333	mt_trna_synthetases	evaluated	0.41742397152502	FALSE	FALSE	TRUE	FALSE	TRUE	FALSE	FALSE	TRUE	FALSE	FALSE	FALSE	TRUE	FALSE	FALSE	TRUE	FALSE	TRUE	TRUE	FALSE	inconclusive	
phase13_gate_decisions_v1	oligodendrocytes	mitochondrial_translation_155	oligodendrocytes::apoe_e2_minus_e33__Male::mitochondrial_translation_155	apoe_e2_minus_e33__Male	5	apoe	3	respiration_supporting	AD__Male__e2	NCI__Male__e2	AD__Male__e33	NCI__Male__e33	7	6	28	53	7	6	28	53	6	0.941935483870968	146	TRUE	15	260	eligible	estimated		1.28835829511103	0.956626074939675	-0.595362811049363	3.17207940127142	1.34677313201218	0.179226064478054	-0.790871191266247	0.969591998395846	-2.70012388632546	1.11838150379296	0.415433096562718	0.957817869647846	Up	0.106368050122646	0.756043206083282	estimated	1.28835829511103	1000	1000	1.4583865341076	-0.300043377929112	2.88947582433844	0.945	TRUE	275	275	0	34726040	0.689977194661033	0.9993196328216	1.97833548977206	1000	1000	0.984	TRUE	1.23976883062329	estimated	TRUE	-0.790871191266247	estimated	FALSE	1.06926019559235	TRUE	1.15978502082635	estimated	TRUE	6	6	0	1	mitochondrial_ribosome	evaluated	0.41742397152502	FALSE	FALSE	TRUE	FALSE	TRUE	FALSE	FALSE	TRUE	TRUE	FALSE	TRUE	TRUE	FALSE	FALSE	TRUE	TRUE	TRUE	TRUE	FALSE	inconclusive	
phase13_gate_decisions_v1	oligodendrocytes	mitochondrial_translation_155	oligodendrocytes::apoe_e4_minus_e33__Female::mitochondrial_translation_155	apoe_e4_minus_e33__Female	6	apoe	3	respiration_supporting	AD__Female__e4	NCI__Female__e4	AD__Female__e33	NCI__Female__e33	26	11	37	45	26	11	37	45	11	0.941935483870968	146	TRUE	15	260	eligible	estimated		-1.22461233992471	0.479736583198125	-2.16927603960963	-0.27994864023979	-2.55267657880275	0.0112619784388474	-0.156557779046974	0.383199050620092	-0.911126526882131	0.598010968788183	0.683202756807735	0.876056714706422	Down	0.0019211308489313	0.345803552807634	estimated	-1.22461233992471	1000	1000	-1.21754567792954	-2.21908225695805	-0.350262363436778	0.998	TRUE	275	275	0	21159840	0.356589207817786	-1.33246603717867	-0.868023132106926	1000	1000	0.997	TRUE	-1.19279823590327	estimated	TRUE	-0.156557779046974	estimated	FALSE	-1.21388295759546	TRUE	-1.15284561128385	estimated	TRUE	6	6	0	1	ribosome_assembly	evaluated	0.41742397152502	FALSE	TRUE	TRUE	FALSE	TRUE	TRUE	FALSE	TRUE	TRUE	FALSE	TRUE	TRUE	FALSE	FALSE	TRUE	TRUE	TRUE	TRUE	FALSE	inconclusive	
phase13_gate_decisions_v1	oligodendrocytes	mitochondrial_translation_155	oligodendrocytes::apoe_e4_minus_e33__Male::mitochondrial_translation_155	apoe_e4_minus_e33__Male	7	apoe	3	respiration_supporting	AD__Male__e4	NCI__Male__e4	AD__Male__e33	NCI__Male__e33	27	10	28	53	26	10	28	53	10	0.941935483870968	146	TRUE	15	260	eligible	estimated		-0.141245747962496	0.589905624482596	-1.30284661228209	1.0203551163571	-0.239437872941764	0.810954709265776	-0.198884546779152	0.551955000011922	-1.28575569780729	0.887986604248988	0.718894807041437	0.957817869647846	Down	0.418097124722156	0.944631415335757	estimated	-0.141245747962496	1000	1000	-0.155552407194948	-1.31688761835419	1.01024652997362	0.591	TRUE	275	275	3	11302830	0.283697346706217	-0.327491568862014	0.142451598743721	1000	1000	0.608	TRUE	0.142451598743721	estimated	FALSE	-0.198884546779152	estimated	TRUE	-0.212086437225525	TRUE	-0.298940102477724	estimated	TRUE	6	6	0	1	mitochondrial_ribosome	evaluated	0.41742397152502	FALSE	TRUE	TRUE	FALSE	FALSE	FALSE	FALSE	TRUE	TRUE	FALSE	FALSE	FALSE	FALSE	TRUE	FALSE	FALSE	TRUE	TRUE	FALSE	inconclusive	
phase13_gate_decisions_v1	oligodendrocytes	mib_micos_inner_membrane_19	oligodendrocytes::sex_F_minus_M__e2::mib_micos_inner_membrane_19	sex_F_minus_M__e2	1	sex	4	respiration_supporting	AD__Female__e2	NCI__Female__e2	AD__Male__e2	NCI__Male__e2	8	17	7	6	8	17	7	6	6	0.947368421052632	18	TRUE	15	260	eligible	estimated		0.24446639460712	0.809437753648397	-1.3494217719544	1.83835456116864	0.302020005250844	0.762878259143169	-1.03142993978714	1.24352244620555	-3.48008729846233	1.41722741888805	0.407615114539586	0.957817869647846	Up	0.97286249654708	0.99386472359731	estimated	0.24446639460712	1000	1000	0.0876381133366363	-1.13567140646458	1.41073994695822	0.559	TRUE	275	275	15	20970441	0.528224242025369	-0.283757847418249	0.398326544616718	1000	1000	0.577	TRUE	0.261358869700148	estimated	TRUE	-1.03142993978714	estimated	FALSE	0.348667644728298	TRUE	0.177375913720859	estimated	TRUE	18	18	1	0.722222222222222	gene:CHCHD6	evaluated	0.0374959110249842	FALSE	FALSE	TRUE	FALSE	FALSE	FALSE	FALSE	TRUE	TRUE	FALSE	FALSE	FALSE	FALSE	FALSE	TRUE	FALSE	FALSE	TRUE	FALSE	inconclusive	
phase13_gate_decisions_v1	oligodendrocytes	mib_micos_inner_membrane_19	oligodendrocytes::sex_F_minus_M__e33::mib_micos_inner_membrane_19	sex_F_minus_M__e33	2	sex	4	respiration_supporting	AD__Female__e33	NCI__Female__e33	AD__Male__e33	NCI__Male__e33	37	45	28	53	37	45	28	53	28	0.947368421052632	18	TRUE	15	260	eligible	estimated		0.659033484821751	0.371733956819067	-0.07295900281847	1.39102597246197	1.77286328766172	0.0774221616694329	-0.162952042545323	0.336387047091524	-0.825341869714974	0.499437784624328	0.628496846479595	0.957817869647846	Up	0.159747199496493	0.898577997167773	estimated	0.659033484821751	1000	1000	0.723358799628915	0.0200124736264604	1.65262225289062	0.977	TRUE	275	275	0	10261026	0.221516700781876	0.526100319131043	0.880550185603626	1000	1000	1	TRUE	0.649410110909508	estimated	TRUE	-0.162952042545323	estimated	FALSE	0.627173316952114	TRUE	0.690019278662729	estimated	TRUE	18	18	0	1	gene:CHCHD6	evaluated	0.0374959110249842	FALSE	TRUE	TRUE	FALSE	TRUE	FALSE	FALSE	TRUE	TRUE	FALSE	TRUE	TRUE	FALSE	FALSE	TRUE	TRUE	TRUE	TRUE	FALSE	inconclusive	
phase13_gate_decisions_v1	oligodendrocytes	mib_micos_inner_membrane_19	oligodendrocytes::sex_F_minus_M__e4::mib_micos_inner_membrane_19	sex_F_minus_M__e4	3	sex	4	respiration_supporting	AD__Female__e4	NCI__Female__e4	AD__Male__e4	NCI__Male__e4	26	11	27	10	26	11	26	10	10	0.947368421052632	18	TRUE	15	260	eligible	estimated		0.506797424529722	0.729393739940153	-0.929473673049521	1.94306852210897	0.694820090684224	0.487788504047548	-0.67277314099988	0.623928987765345	-1.90137043077476	0.555824148775004	0.281906041660595	0.957817869647846	Up	0.0781295364263709	0.756043206083282	estimated	0.506797424529722	1000	1000	0.644187568235461	-0.897313813277109	2.04282865330708	0.817	TRUE	275	275	0	21159840	0.607396794628704	0.343405497221481	1.11419421915843	1000	1000	0.736	TRUE	0.343405497221481	estimated	TRUE	-0.67277314099988	estimated	FALSE	0.541951677885726	TRUE	0.727988910450908	estimated	TRUE	18	18	0	1	gene:CHCHD6	evaluated	0.0374959110249842	FALSE	TRUE	TRUE	FALSE	TRUE	FALSE	FALSE	TRUE	TRUE	FALSE	TRUE	TRUE	FALSE	FALSE	TRUE	FALSE	TRUE	TRUE	FALSE	inconclusive	
phase13_gate_decisions_v1	oligodendrocytes	mib_micos_inner_membrane_19	oligodendrocytes::apoe_e2_minus_e33__Female::mib_micos_inner_membrane_19	apoe_e2_minus_e33__Female	4	apoe	4	respiration_supporting	AD__Female__e2	NCI__Female__e2	AD__Female__e33	NCI__Female__e33	8	17	37	45	8	17	37	45	8	0.947368421052632	18	TRUE	15	260	eligible	estimated		0.312751623599705	0.496601083052979	-0.665120468741074	1.29062371594048	0.62978441705561	0.529388684327858	0.390345944765191	0.65358895280459	-0.896655672067084	1.67734756159747	0.550870501754273	0.957817869647846	Up	0.61980463995173	0.944631415335757	estimated	0.312751623599705	1000	1000	0.24805432530639	-0.655261100344671	1.19417011255573	0.686	TRUE	275	275	0	20970441	0.271664607849397	0.041087015750308	0.468674861302957	1000	1000	0.711	TRUE	0.309523694616882	estimated	TRUE	0.390345944765191	estimated	TRUE	0.163410693853723	TRUE	0.175393906385796	estimated	TRUE	18	18	0	1	gene:SLC25A46	evaluated	0.0374959110249842	FALSE	FALSE	TRUE	FALSE	TRUE	FALSE	FALSE	TRUE	TRUE	FALSE	FALSE	TRUE	FALSE	TRUE	TRUE	FALSE	TRUE	TRUE	FALSE	inconclusive	
phase13_gate_decisions_v1	oligodendrocytes	mib_micos_inner_membrane_19	oligodendrocytes::apoe_e2_minus_e33__Male::mib_micos_inner_membrane_19	apoe_e2_minus_e33__Male	5	apoe	4	respiration_supporting	AD__Male__e2	NCI__Male__e2	AD__Male__e33	NCI__Male__e33	7	6	28	53	7	6	28	53	6	0.947368421052632	18	TRUE	15	260	eligible	estimated		0.727318713814335	0.746963668001818	-0.743549856268013	2.19818728389668	0.97370025473925	0.331110405047304	1.25882384200701	1.11396385788164	-0.934715813206571	3.45236349722058	0.259500732794289	0.957817869647846	Up	0.288933649410214	0.928715301675688	estimated	0.727318713814335	1000	1000	0.873521090273485	-0.267587318385867	2.26443586285112	0.926	TRUE	275	275	0	15844425	0.546664213810351	0.56882763576363	1.27398292762469	1000	1000	0.876	TRUE	0.697574935826241	estimated	TRUE	1.25882384200701	estimated	TRUE	0.441916366077539	TRUE	0.688037271327665	estimated	TRUE	18	18	0	1	gene:CHCHD6	evaluated	0.0374959110249842	FALSE	FALSE	TRUE	FALSE	TRUE	FALSE	FALSE	TRUE	TRUE	FALSE	TRUE	TRUE	FALSE	TRUE	TRUE	TRUE	TRUE	TRUE	FALSE	inconclusive	
phase13_gate_decisions_v1	oligodendrocytes	mib_micos_inner_membrane_19	oligodendrocytes::apoe_e4_minus_e33__Female::mib_micos_inner_membrane_19	apoe_e4_minus_e33__Female	6	apoe	4	respiration_supporting	AD__Female__e4	NCI__Female__e4	AD__Female__e33	NCI__Female__e33	26	11	37	45	26	11	37	45	11	0.947368421052632	18	TRUE	15	260	eligible	estimated		-0.961110001605617	0.640810795107593	-2.22294976472907	0.300729761517831	-1.49983428641249	0.134870610319523	-0.296353289268015	0.38277617337583	-1.05008933683376	0.457382758297727	0.439503650750895	0.957817869647846	Down	0.198458374041061	0.928715301675688	estimated	-0.961110001605617	1000	1000	-0.936409498983799	-2.56166704232352	0.0616149140929082	0.964	TRUE	275	275	0	21159840	0.582049501857968	-1.11417184819756	-0.379060499747649	1000	1000	0.935	TRUE	-0.941902013983773	estimated	TRUE	-0.296353289268015	estimated	FALSE	-0.975344116984925	TRUE	-0.873501305887974	estimated	TRUE	18	18	0	1	gene:MTX1	evaluated	0.0374959110249842	FALSE	TRUE	TRUE	FALSE	TRUE	FALSE	FALSE	TRUE	TRUE	FALSE	TRUE	TRUE	FALSE	FALSE	TRUE	TRUE	TRUE	TRUE	FALSE	inconclusive	
phase13_gate_decisions_v1	oligodendrocytes	mib_micos_inner_membrane_19	oligodendrocytes::apoe_e4_minus_e33__Male::mib_micos_inner_membrane_19	apoe_e4_minus_e33__Male	7	apoe	4	respiration_supporting	AD__Male__e4	NCI__Male__e4	AD__Male__e33	NCI__Male__e33	27	10	28	53	26	10	28	53	10	0.947368421052632	18	TRUE	15	260	eligible	estimated		-0.808873941313589	0.524165759450467	-1.84102446498157	0.223276582354397	-1.54316440311097	0.124007114998787	0.213467809186541	0.600116451259353	-0.968239500498283	1.39517511887137	0.72234570208504	0.957817869647846	Down	0.0261956017561067	0.671359518075895	estimated	-0.808873941313589	1000	1000	-0.844493894799866	-1.88886077093201	0.282427699368185	0.934	TRUE	275	275	0	15218541	0.215944346463224	-0.955523347470298	-0.592929594850365	1000	1000	0.88	TRUE	-0.635897400295747	estimated	TRUE	0.213467809186541	estimated	FALSE	-0.890122477918536	TRUE	-0.911470937676153	estimated	TRUE	18	18	0	1	gene:SAMM50	evaluated	0.0374959110249842	FALSE	TRUE	TRUE	FALSE	TRUE	FALSE	FALSE	TRUE	TRUE	FALSE	TRUE	TRUE	FALSE	FALSE	TRUE	TRUE	TRUE	TRUE	FALSE	inconclusive	
phase13_gate_decisions_v1	vasculature	mtdna_oxphos_13	vasculature::sex_F_minus_M__e2::mtdna_oxphos_13	sex_F_minus_M__e2	1	sex	1	direct_respiratory	AD__Female__e2	NCI__Female__e2	AD__Male__e2	NCI__Male__e2	3	10	4	3	1	4	1	2	3	0.923076923076923	12	TRUE	15	183	not_testable_low_donor_count	not_testable_low_donor_count	not_testable_low_donor_count	NA	NA	NA	NA	NA	NA	NA	NA	NA	NA	NA	NA	NA	NA	NA	not_testable_low_donor_count	NA	0	0	NA	NA	NA	NA	FALSE	0	0	NA	NA	NA	NA	NA	0	0	NA	FALSE	NA	not_run	FALSE	NA	not_run	FALSE	NA	FALSE	NA	not_run	FALSE	0	0	NA	NA	NA	not_applicable_not_testable	0.999085180170822	TRUE	FALSE	TRUE	FALSE	FALSE	FALSE	FALSE	FALSE	FALSE	FALSE	FALSE	FALSE	TRUE	FALSE	FALSE	FALSE	FALSE	FALSE	FALSE	not_testable	
phase13_gate_decisions_v1	vasculature	mtdna_oxphos_13	vasculature::sex_F_minus_M__e33::mtdna_oxphos_13	sex_F_minus_M__e33	2	sex	1	direct_respiratory	AD__Female__e33	NCI__Female__e33	AD__Male__e33	NCI__Male__e33	29	35	20	39	14	16	9	25	20	0.923076923076923	12	TRUE	15	183	eligible	estimated		0.0846611938985212	0.459309576526026	-0.821562073323519	0.990884461120562	0.184322727470334	0.853964381355262	0.0864742885200871	0.45829985819129	-0.817756792396588	0.990705369436763	0.850548827795202	0.957817869647846	Up	0.862071319387681	0.970903271611309	estimated	0.0846611938985212	1000	1000	0.0909046618928785	-0.790191692929306	1.00855442560298	0.58	TRUE	198	198	5	11371707	0.155033298175562	-0.0703721042770405	0.213126925755358	1000	1000	0.683	TRUE	NA	invalid_hc3_variance	FALSE	0.0864742885200871	estimated	TRUE	0.0289778127202047	TRUE	0.0846611938985212	estimated	TRUE	12	12	0	0.916666666666667	gene:MT-ND5	evaluated	0.999085180170822	TRUE	TRUE	TRUE	FALSE	FALSE	FALSE	FALSE	TRUE	TRUE	FALSE	FALSE	FALSE	TRUE	TRUE	FALSE	FALSE	TRUE	TRUE	FALSE	inconclusive	
phase13_gate_decisions_v1	vasculature	mtdna_oxphos_13	vasculature::sex_F_minus_M__e4::mtdna_oxphos_13	sex_F_minus_M__e4	3	sex	1	direct_respiratory	AD__Female__e4	NCI__Female__e4	AD__Male__e4	NCI__Male__e4	19	9	21	6	7	4	4	4	6	0.923076923076923	12	TRUE	15	183	eligible	estimated		-0.196797464732821	0.798085011943194	-1.77142870258841	1.37783377312277	-0.246587095093609	0.805504180648178	-0.201203479905587	0.799327961872276	-1.77828707278117	1.37588011297	0.801543195572202	0.957817869647846	Down	0.744622686539897	0.944631415335757	estimated	-0.196797464732821	1000	1000	-0.249787292718507	-1.61838335451214	1.17176502306321	0.639	TRUE	198	198	4	50101659	0.4432066561944	-0.640004120927221	0.038594244437686	1000	1000	0.618	TRUE	NA	not_testable_threshold50	FALSE	-0.201203479905587	estimated	TRUE	-0.119859845075847	TRUE	-0.196797464732821	estimated	TRUE	12	12	0	1	gene:MT-ND3	evaluated	0.999085180170822	TRUE	FALSE	TRUE	FALSE	FALSE	FALSE	FALSE	TRUE	TRUE	FALSE	FALSE	FALSE	TRUE	TRUE	FALSE	FALSE	TRUE	TRUE	FALSE	inconclusive	
phase13_gate_decisions_v1	vasculature	mtdna_oxphos_13	vasculature::apoe_e2_minus_e33__Female::mtdna_oxphos_13	apoe_e2_minus_e33__Female	4	apoe	1	direct_respiratory	AD__Female__e2	NCI__Female__e2	AD__Female__e33	NCI__Female__e33	3	10	29	35	1	4	14	16	3	0.923076923076923	12	TRUE	15	183	not_testable_low_donor_count	not_testable_low_donor_count	not_testable_low_donor_count	NA	NA	NA	NA	NA	NA	NA	NA	NA	NA	NA	NA	NA	NA	NA	not_testable_low_donor_count	NA	0	0	NA	NA	NA	NA	FALSE	0	0	NA	NA	NA	NA	NA	0	0	NA	FALSE	NA	not_run	FALSE	NA	not_run	FALSE	NA	FALSE	NA	not_run	FALSE	0	0	NA	NA	NA	not_applicable_not_testable	0.999085180170822	TRUE	FALSE	TRUE	FALSE	FALSE	FALSE	FALSE	FALSE	FALSE	FALSE	FALSE	FALSE	TRUE	FALSE	FALSE	FALSE	FALSE	FALSE	FALSE	not_testable	
phase13_gate_decisions_v1	vasculature	mtdna_oxphos_13	vasculature::apoe_e2_minus_e33__Male::mtdna_oxphos_13	apoe_e2_minus_e33__Male	5	apoe	1	direct_respiratory	AD__Male__e2	NCI__Male__e2	AD__Male__e33	NCI__Male__e33	4	3	20	39	1	2	9	25	3	0.923076923076923	12	TRUE	15	183	not_testable_low_donor_count	not_testable_low_donor_count	not_testable_low_donor_count	NA	NA	NA	NA	NA	NA	NA	NA	NA	NA	NA	NA	NA	NA	NA	not_testable_low_donor_count	NA	0	0	NA	NA	NA	NA	FALSE	0	0	NA	NA	NA	NA	NA	0	0	NA	FALSE	NA	not_run	FALSE	NA	not_run	FALSE	NA	FALSE	NA	not_run	FALSE	0	0	NA	NA	NA	not_applicable_not_testable	0.999085180170822	TRUE	FALSE	TRUE	FALSE	FALSE	FALSE	FALSE	FALSE	FALSE	FALSE	FALSE	FALSE	TRUE	FALSE	FALSE	FALSE	FALSE	FALSE	FALSE	not_testable	
phase13_gate_decisions_v1	vasculature	mtdna_oxphos_13	vasculature::apoe_e4_minus_e33__Female::mtdna_oxphos_13	apoe_e4_minus_e33__Female	6	apoe	1	direct_respiratory	AD__Female__e4	NCI__Female__e4	AD__Female__e33	NCI__Female__e33	19	9	29	35	7	4	14	16	9	0.923076923076923	12	TRUE	15	183	eligible	estimated		0.15324285911097	0.626168733046756	-1.08219551207606	1.388681230298	0.244730934368656	0.806938970747164	0.166511915407048	0.627001593592304	-1.07056969955999	1.40359353037409	0.790870428417207	0.957817869647846	Up	0.639387345962915	0.944631415335757	estimated	0.15324285911097	1000	1000	0.146066065913743	-1.06005817848638	1.30818332841011	0.591	TRUE	198	198	2	64493027	0.245619571662079	-0.0538518351647125	0.39886243077305	1000	1000	0.57	TRUE	NA	not_testable_threshold50	FALSE	0.166511915407048	estimated	TRUE	-0.00710386054320633	FALSE	0.15324285911097	estimated	TRUE	12	12	0	0.916666666666667	gene:MT-ND5	evaluated	0.999085180170822	TRUE	FALSE	TRUE	FALSE	FALSE	FALSE	FALSE	TRUE	TRUE	FALSE	FALSE	FALSE	TRUE	TRUE	FALSE	FALSE	TRUE	TRUE	FALSE	inconclusive	
phase13_gate_decisions_v1	vasculature	mtdna_oxphos_13	vasculature::apoe_e4_minus_e33__Male::mtdna_oxphos_13	apoe_e4_minus_e33__Male	7	apoe	1	direct_respiratory	AD__Male__e4	NCI__Male__e4	AD__Male__e33	NCI__Male__e33	21	6	20	39	4	4	9	25	6	0.923076923076923	12	TRUE	15	183	eligible	estimated		0.434701517742312	0.669552501452854	-0.88633354543346	1.75573658091808	0.64924186945618	0.516996060089525	0.454189683832722	0.669741955506309	-0.867219174447887	1.77559854211333	0.498529230383632	0.957817869647846	Up	0.420909052692216	0.944631415335757	estimated	0.434701517742312	1000	1000	0.480815673092381	-0.74011981599904	1.60791910297717	0.781	TRUE	198	198	0	50101659	0.448838857137717	0.205867273038421	0.88354037488003	1000	1000	0.761	TRUE	NA	not_testable_threshold50	FALSE	0.454189683832722	estimated	TRUE	0.141733797252846	TRUE	0.434701517742312	estimated	TRUE	12	12	0	1	gene:MT-ATP8	evaluated	0.999085180170822	TRUE	FALSE	TRUE	FALSE	TRUE	FALSE	FALSE	TRUE	TRUE	FALSE	FALSE	TRUE	TRUE	TRUE	FALSE	FALSE	TRUE	TRUE	FALSE	inconclusive	
phase13_gate_decisions_v1	vasculature	nuclear_oxphos_structural_86	vasculature::sex_F_minus_M__e2::nuclear_oxphos_structural_86	sex_F_minus_M__e2	1	sex	2	direct_respiratory	AD__Female__e2	NCI__Female__e2	AD__Male__e2	NCI__Male__e2	3	10	4	3	1	4	1	2	3	0.790697674418605	68	TRUE	15	183	not_testable_low_donor_count	not_testable_low_donor_count	not_testable_low_donor_count	NA	NA	NA	NA	NA	NA	NA	NA	NA	NA	NA	NA	NA	NA	NA	not_testable_low_donor_count	NA	0	0	NA	NA	NA	NA	FALSE	0	0	NA	NA	NA	NA	NA	0	0	NA	FALSE	NA	not_run	FALSE	NA	not_run	FALSE	NA	FALSE	NA	not_run	FALSE	0	0	NA	NA	NA	not_applicable_not_testable	0.994141836118957	TRUE	FALSE	TRUE	FALSE	FALSE	FALSE	FALSE	FALSE	FALSE	FALSE	FALSE	FALSE	TRUE	FALSE	FALSE	FALSE	FALSE	FALSE	FALSE	not_testable	
phase13_gate_decisions_v1	vasculature	nuclear_oxphos_structural_86	vasculature::sex_F_minus_M__e33::nuclear_oxphos_structural_86	sex_F_minus_M__e33	2	sex	2	direct_respiratory	AD__Female__e33	NCI__Female__e33	AD__Male__e33	NCI__Male__e33	29	35	20	39	14	16	9	25	20	0.790697674418605	68	TRUE	15	183	eligible	estimated		0.214167273124682	0.299924048728929	-0.377586448653406	0.805920994902769	0.714071692591232	0.476092631174801	0.201854476061039	0.296779017455002	-0.383694061540114	0.787403013662192	0.49726854251234	0.957817869647846	Up	0.540261310457202	0.944631415335757	estimated	0.214167273124682	1000	1000	0.228434908142204	-0.344934375763379	0.792203932440947	0.784	TRUE	198	198	0	20993308	0.116920920256676	0.143408595424762	0.331088193381358	1000	1000	0.871	TRUE	NA	invalid_hc3_variance	FALSE	0.201854476061039	estimated	TRUE	-0.04030372373484	FALSE	0.214167273124682	estimated	TRUE	5	5	0	1	complex_V	evaluated	0.994141836118957	TRUE	TRUE	TRUE	FALSE	FALSE	FALSE	FALSE	TRUE	TRUE	FALSE	FALSE	TRUE	TRUE	TRUE	FALSE	TRUE	TRUE	TRUE	FALSE	inconclusive	
phase13_gate_decisions_v1	vasculature	nuclear_oxphos_structural_86	vasculature::sex_F_minus_M__e4::nuclear_oxphos_structural_86	sex_F_minus_M__e4	3	sex	2	direct_respiratory	AD__Female__e4	NCI__Female__e4	AD__Male__e4	NCI__Male__e4	19	9	21	6	7	4	4	4	6	0.790697674418605	68	TRUE	15	183	eligible	estimated		0.317832038739145	0.769640380719244	-1.20067760278993	1.83634168026822	0.412961750320487	0.680118085137563	0.291053627693996	0.820712824347035	-1.32822255364784	1.91032980903583	0.723271266089106	0.957817869647846	Up	0.975719565767298	0.99386472359731	estimated	0.317832038739145	1000	1000	0.278952450490034	-0.949941825018025	1.49963549347368	0.65	TRUE	198	198	1	15218541	0.583351252884387	-0.265519214145242	0.576876219413067	1000	1000	0.789	TRUE	NA	not_testable_threshold50	FALSE	0.291053627693996	estimated	TRUE	0.389975341188546	TRUE	0.317832038739145	estimated	TRUE	5	5	0	1	complex_V	evaluated	0.994141836118957	TRUE	FALSE	TRUE	FALSE	TRUE	FALSE	FALSE	TRUE	TRUE	FALSE	FALSE	FALSE	TRUE	TRUE	FALSE	FALSE	TRUE	TRUE	FALSE	inconclusive	
phase13_gate_decisions_v1	vasculature	nuclear_oxphos_structural_86	vasculature::apoe_e2_minus_e33__Female::nuclear_oxphos_structural_86	apoe_e2_minus_e33__Female	4	apoe	2	direct_respiratory	AD__Female__e2	NCI__Female__e2	AD__Female__e33	NCI__Female__e33	3	10	29	35	1	4	14	16	3	0.790697674418605	68	TRUE	15	183	not_testable_low_donor_count	not_testable_low_donor_count	not_testable_low_donor_count	NA	NA	NA	NA	NA	NA	NA	NA	NA	NA	NA	NA	NA	NA	NA	not_testable_low_donor_count	NA	0	0	NA	NA	NA	NA	FALSE	0	0	NA	NA	NA	NA	NA	0	0	NA	FALSE	NA	not_run	FALSE	NA	not_run	FALSE	NA	FALSE	NA	not_run	FALSE	0	0	NA	NA	NA	not_applicable_not_testable	0.994141836118957	TRUE	FALSE	TRUE	FALSE	FALSE	FALSE	FALSE	FALSE	FALSE	FALSE	FALSE	FALSE	TRUE	FALSE	FALSE	FALSE	FALSE	FALSE	FALSE	not_testable	
phase13_gate_decisions_v1	vasculature	nuclear_oxphos_structural_86	vasculature::apoe_e2_minus_e33__Male::nuclear_oxphos_structural_86	apoe_e2_minus_e33__Male	5	apoe	2	direct_respiratory	AD__Male__e2	NCI__Male__e2	AD__Male__e33	NCI__Male__e33	4	3	20	39	1	2	9	25	3	0.790697674418605	68	TRUE	15	183	not_testable_low_donor_count	not_testable_low_donor_count	not_testable_low_donor_count	NA	NA	NA	NA	NA	NA	NA	NA	NA	NA	NA	NA	NA	NA	NA	not_testable_low_donor_count	NA	0	0	NA	NA	NA	NA	FALSE	0	0	NA	NA	NA	NA	NA	0	0	NA	FALSE	NA	not_run	FALSE	NA	not_run	FALSE	NA	FALSE	NA	not_run	FALSE	0	0	NA	NA	NA	not_applicable_not_testable	0.994141836118957	TRUE	FALSE	TRUE	FALSE	FALSE	FALSE	FALSE	FALSE	FALSE	FALSE	FALSE	FALSE	TRUE	FALSE	FALSE	FALSE	FALSE	FALSE	FALSE	not_testable	
phase13_gate_decisions_v1	vasculature	nuclear_oxphos_structural_86	vasculature::apoe_e4_minus_e33__Female::nuclear_oxphos_structural_86	apoe_e4_minus_e33__Female	6	apoe	2	direct_respiratory	AD__Female__e4	NCI__Female__e4	AD__Female__e33	NCI__Female__e33	19	9	29	35	7	4	14	16	9	0.790697674418605	68	TRUE	15	183	eligible	estimated		0.18701189446679	0.343204477586516	-0.490134629139522	0.864158418073103	0.544899343335776	0.586486182065972	0.2026563687923	0.348220671212515	-0.484387164606741	0.889699902191341	0.561298535485605	0.957817869647846	Up	0.475296372775497	0.944631415335757	estimated	0.18701189446679	1000	1000	0.189756237880623	-0.446206972440817	0.839886103388194	0.72	TRUE	198	198	0	64493027	0.13335604178893	0.0766688855175926	0.32036793625572	1000	1000	0.638	TRUE	NA	not_testable_threshold50	FALSE	0.2026563687923	estimated	TRUE	0.236627426123251	TRUE	0.18701189446679	estimated	TRUE	5	5	0	1	complex_V	evaluated	0.994141836118957	TRUE	FALSE	TRUE	FALSE	FALSE	FALSE	FALSE	TRUE	TRUE	FALSE	FALSE	TRUE	TRUE	TRUE	FALSE	FALSE	TRUE	TRUE	FALSE	inconclusive	
phase13_gate_decisions_v1	vasculature	nuclear_oxphos_structural_86	vasculature::apoe_e4_minus_e33__Male::nuclear_oxphos_structural_86	apoe_e4_minus_e33__Male	7	apoe	2	direct_respiratory	AD__Male__e4	NCI__Male__e4	AD__Male__e33	NCI__Male__e33	21	6	20	39	4	4	9	25	6	0.790697674418605	68	TRUE	15	183	eligible	estimated		0.0833471288523274	0.762304123000209	-1.42068798878459	1.58738224648924	0.109335797010119	0.913055954429258	0.113457217159343	0.812424611866986	-1.48946622220418	1.71638065652286	0.889088049305932	0.957817869647846	Up	0.346388861746377	0.944631415335757	estimated	0.0833471288523274	1000	1000	0.149651062849684	-1.09154170264926	1.42002925848997	0.603	TRUE	198	198	5	15218541	0.617482549053193	-0.176755882932798	0.70082967790552	1000	1000	0.586	TRUE	NA	not_testable_threshold50	FALSE	0.113457217159343	estimated	TRUE	-0.193651638800136	FALSE	0.0833471288523274	estimated	TRUE	5	5	1	0.8	complex_I	evaluated	0.994141836118957	TRUE	FALSE	TRUE	FALSE	FALSE	FALSE	FALSE	TRUE	TRUE	FALSE	FALSE	FALSE	TRUE	TRUE	FALSE	FALSE	FALSE	TRUE	FALSE	inconclusive	
phase13_gate_decisions_v1	vasculature	mitochondrial_translation_155	vasculature::sex_F_minus_M__e2::mitochondrial_translation_155	sex_F_minus_M__e2	1	sex	3	respiration_supporting	AD__Female__e2	NCI__Female__e2	AD__Male__e2	NCI__Male__e2	3	10	4	3	1	4	1	2	3	0.4	62	FALSE	15	183	not_testable_low_donor_count	not_testable_low_donor_count	not_testable_low_donor_count	NA	NA	NA	NA	NA	NA	NA	NA	NA	NA	NA	NA	NA	NA	NA	not_testable_low_donor_count	NA	0	0	NA	NA	NA	NA	FALSE	0	0	NA	NA	NA	NA	NA	0	0	NA	FALSE	NA	not_run	FALSE	NA	not_run	FALSE	NA	FALSE	NA	not_run	FALSE	0	0	NA	NA	NA	not_applicable_not_testable	NA	FALSE	FALSE	FALSE	FALSE	FALSE	FALSE	FALSE	FALSE	FALSE	FALSE	FALSE	FALSE	FALSE	FALSE	FALSE	FALSE	FALSE	FALSE	FALSE	not_testable	
phase13_gate_decisions_v1	vasculature	mitochondrial_translation_155	vasculature::sex_F_minus_M__e33::mitochondrial_translation_155	sex_F_minus_M__e33	2	sex	3	respiration_supporting	AD__Female__e33	NCI__Female__e33	AD__Male__e33	NCI__Male__e33	29	35	20	39	14	16	9	25	20	0.4	62	FALSE	15	183	not_testable_module_coverage	not_testable_module_coverage	not_testable_module_coverage	NA	NA	NA	NA	NA	NA	NA	NA	NA	NA	NA	NA	NA	NA	NA	not_testable_module_coverage	NA	0	0	NA	NA	NA	NA	FALSE	0	0	NA	NA	NA	NA	NA	0	0	NA	FALSE	NA	not_run	FALSE	NA	not_run	FALSE	NA	FALSE	NA	not_run	FALSE	0	0	NA	NA	NA	not_applicable_not_testable	NA	FALSE	TRUE	FALSE	FALSE	FALSE	FALSE	FALSE	FALSE	FALSE	FALSE	FALSE	FALSE	FALSE	FALSE	FALSE	FALSE	FALSE	FALSE	FALSE	not_testable	
phase13_gate_decisions_v1	vasculature	mitochondrial_translation_155	vasculature::sex_F_minus_M__e4::mitochondrial_translation_155	sex_F_minus_M__e4	3	sex	3	respiration_supporting	AD__Female__e4	NCI__Female__e4	AD__Male__e4	NCI__Male__e4	19	9	21	6	7	4	4	4	6	0.4	62	FALSE	15	183	not_testable_module_coverage	not_testable_module_coverage	not_testable_module_coverage	NA	NA	NA	NA	NA	NA	NA	NA	NA	NA	NA	NA	NA	NA	NA	not_testable_module_coverage	NA	0	0	NA	NA	NA	NA	FALSE	0	0	NA	NA	NA	NA	NA	0	0	NA	FALSE	NA	not_run	FALSE	NA	not_run	FALSE	NA	FALSE	NA	not_run	FALSE	0	0	NA	NA	NA	not_applicable_not_testable	NA	FALSE	FALSE	FALSE	FALSE	FALSE	FALSE	FALSE	FALSE	FALSE	FALSE	FALSE	FALSE	FALSE	FALSE	FALSE	FALSE	FALSE	FALSE	FALSE	not_testable	
phase13_gate_decisions_v1	vasculature	mitochondrial_translation_155	vasculature::apoe_e2_minus_e33__Female::mitochondrial_translation_155	apoe_e2_minus_e33__Female	4	apoe	3	respiration_supporting	AD__Female__e2	NCI__Female__e2	AD__Female__e33	NCI__Female__e33	3	10	29	35	1	4	14	16	3	0.4	62	FALSE	15	183	not_testable_low_donor_count	not_testable_low_donor_count	not_testable_low_donor_count	NA	NA	NA	NA	NA	NA	NA	NA	NA	NA	NA	NA	NA	NA	NA	not_testable_low_donor_count	NA	0	0	NA	NA	NA	NA	FALSE	0	0	NA	NA	NA	NA	NA	0	0	NA	FALSE	NA	not_run	FALSE	NA	not_run	FALSE	NA	FALSE	NA	not_run	FALSE	0	0	NA	NA	NA	not_applicable_not_testable	NA	FALSE	FALSE	FALSE	FALSE	FALSE	FALSE	FALSE	FALSE	FALSE	FALSE	FALSE	FALSE	FALSE	FALSE	FALSE	FALSE	FALSE	FALSE	FALSE	not_testable	
phase13_gate_decisions_v1	vasculature	mitochondrial_translation_155	vasculature::apoe_e2_minus_e33__Male::mitochondrial_translation_155	apoe_e2_minus_e33__Male	5	apoe	3	respiration_supporting	AD__Male__e2	NCI__Male__e2	AD__Male__e33	NCI__Male__e33	4	3	20	39	1	2	9	25	3	0.4	62	FALSE	15	183	not_testable_low_donor_count	not_testable_low_donor_count	not_testable_low_donor_count	NA	NA	NA	NA	NA	NA	NA	NA	NA	NA	NA	NA	NA	NA	NA	not_testable_low_donor_count	NA	0	0	NA	NA	NA	NA	FALSE	0	0	NA	NA	NA	NA	NA	0	0	NA	FALSE	NA	not_run	FALSE	NA	not_run	FALSE	NA	FALSE	NA	not_run	FALSE	0	0	NA	NA	NA	not_applicable_not_testable	NA	FALSE	FALSE	FALSE	FALSE	FALSE	FALSE	FALSE	FALSE	FALSE	FALSE	FALSE	FALSE	FALSE	FALSE	FALSE	FALSE	FALSE	FALSE	FALSE	not_testable	
phase13_gate_decisions_v1	vasculature	mitochondrial_translation_155	vasculature::apoe_e4_minus_e33__Female::mitochondrial_translation_155	apoe_e4_minus_e33__Female	6	apoe	3	respiration_supporting	AD__Female__e4	NCI__Female__e4	AD__Female__e33	NCI__Female__e33	19	9	29	35	7	4	14	16	9	0.4	62	FALSE	15	183	not_testable_module_coverage	not_testable_module_coverage	not_testable_module_coverage	NA	NA	NA	NA	NA	NA	NA	NA	NA	NA	NA	NA	NA	NA	NA	not_testable_module_coverage	NA	0	0	NA	NA	NA	NA	FALSE	0	0	NA	NA	NA	NA	NA	0	0	NA	FALSE	NA	not_run	FALSE	NA	not_run	FALSE	NA	FALSE	NA	not_run	FALSE	0	0	NA	NA	NA	not_applicable_not_testable	NA	FALSE	FALSE	FALSE	FALSE	FALSE	FALSE	FALSE	FALSE	FALSE	FALSE	FALSE	FALSE	FALSE	FALSE	FALSE	FALSE	FALSE	FALSE	FALSE	not_testable	
phase13_gate_decisions_v1	vasculature	mitochondrial_translation_155	vasculature::apoe_e4_minus_e33__Male::mitochondrial_translation_155	apoe_e4_minus_e33__Male	7	apoe	3	respiration_supporting	AD__Male__e4	NCI__Male__e4	AD__Male__e33	NCI__Male__e33	21	6	20	39	4	4	9	25	6	0.4	62	FALSE	15	183	not_testable_module_coverage	not_testable_module_coverage	not_testable_module_coverage	NA	NA	NA	NA	NA	NA	NA	NA	NA	NA	NA	NA	NA	NA	NA	not_testable_module_coverage	NA	0	0	NA	NA	NA	NA	FALSE	0	0	NA	NA	NA	NA	NA	0	0	NA	FALSE	NA	not_run	FALSE	NA	not_run	FALSE	NA	FALSE	NA	not_run	FALSE	0	0	NA	NA	NA	not_applicable_not_testable	NA	FALSE	FALSE	FALSE	FALSE	FALSE	FALSE	FALSE	FALSE	FALSE	FALSE	FALSE	FALSE	FALSE	FALSE	FALSE	FALSE	FALSE	FALSE	FALSE	not_testable	
phase13_gate_decisions_v1	vasculature	mib_micos_inner_membrane_19	vasculature::sex_F_minus_M__e2::mib_micos_inner_membrane_19	sex_F_minus_M__e2	1	sex	4	respiration_supporting	AD__Female__e2	NCI__Female__e2	AD__Male__e2	NCI__Male__e2	3	10	4	3	1	4	1	2	3	0.736842105263158	14	TRUE	15	183	not_testable_low_donor_count	not_testable_low_donor_count	not_testable_low_donor_count	NA	NA	NA	NA	NA	NA	NA	NA	NA	NA	NA	NA	NA	NA	NA	not_testable_low_donor_count	NA	0	0	NA	NA	NA	NA	FALSE	0	0	NA	NA	NA	NA	NA	0	0	NA	FALSE	NA	not_run	FALSE	NA	not_run	FALSE	NA	FALSE	NA	not_run	FALSE	0	0	NA	NA	NA	not_applicable_not_testable	0.662781112089987	FALSE	FALSE	TRUE	FALSE	FALSE	FALSE	FALSE	FALSE	FALSE	FALSE	FALSE	FALSE	FALSE	FALSE	FALSE	FALSE	FALSE	FALSE	FALSE	not_testable	
phase13_gate_decisions_v1	vasculature	mib_micos_inner_membrane_19	vasculature::sex_F_minus_M__e33::mib_micos_inner_membrane_19	sex_F_minus_M__e33	2	sex	4	respiration_supporting	AD__Female__e33	NCI__Female__e33	AD__Male__e33	NCI__Male__e33	29	35	20	39	14	16	9	25	20	0.736842105263158	14	TRUE	15	183	eligible	estimated		-0.0315883339616834	0.366240007776424	-0.754184233104166	0.6910075651808	-0.0862503639443097	0.931361691159176	0.121006432612116	0.287744973298079	-0.44671782822556	0.688730693449793	0.674589085365598	0.957817869647846	Down	0.746371705890096	0.944631415335757	estimated	-0.0315883339616834	1000	1000	-0.0154368088983802	-0.7469359997109	0.698980396697178	0.518	TRUE	198	198	17	29933130	0.118809571466731	-0.128503548049615	0.087221237505048	1000	1000	0.501	TRUE	NA	invalid_hc3_variance	FALSE	0.121006432612116	estimated	FALSE	-0.169416792678697	TRUE	-0.0315883339616834	estimated	TRUE	14	14	5	0.785714285714286	gene:ATP5MG	evaluated	0.662781112089987	FALSE	TRUE	TRUE	FALSE	FALSE	FALSE	FALSE	TRUE	TRUE	FALSE	FALSE	FALSE	FALSE	FALSE	FALSE	FALSE	FALSE	TRUE	FALSE	inconclusive	
phase13_gate_decisions_v1	vasculature	mib_micos_inner_membrane_19	vasculature::sex_F_minus_M__e4::mib_micos_inner_membrane_19	sex_F_minus_M__e4	3	sex	4	respiration_supporting	AD__Female__e4	NCI__Female__e4	AD__Male__e4	NCI__Male__e4	19	9	21	6	7	4	4	4	6	0.736842105263158	14	TRUE	15	183	eligible	estimated		0.998008510106179	0.54136850695791	-0.0701180046013072	2.06613502481367	1.84349199718736	0.0668744385314318	0.234753300879013	0.785894137575503	-1.31582519659319	1.78533179835122	0.765501352373594	0.957817869647846	Up	0.0451344380450332	0.671359518075895	estimated	0.998008510106179	1000	1000	0.998662493507865	0.0243346612765643	1.96477537413809	0.978	TRUE	198	198	0	10100862	0.240885162827938	0.842780421873127	1.23889367293412	1000	1000	0.98	TRUE	NA	not_testable_threshold50	FALSE	0.234753300879013	estimated	FALSE	1.04353434787179	TRUE	0.998008510106179	estimated	TRUE	14	14	0	1	gene:MTX2	evaluated	0.662781112089987	FALSE	FALSE	TRUE	FALSE	TRUE	FALSE	FALSE	TRUE	TRUE	FALSE	TRUE	TRUE	FALSE	FALSE	FALSE	TRUE	TRUE	TRUE	FALSE	inconclusive	
phase13_gate_decisions_v1	vasculature	mib_micos_inner_membrane_19	vasculature::apoe_e2_minus_e33__Female::mib_micos_inner_membrane_19	apoe_e2_minus_e33__Female	4	apoe	4	respiration_supporting	AD__Female__e2	NCI__Female__e2	AD__Female__e33	NCI__Female__e33	3	10	29	35	1	4	14	16	3	0.736842105263158	14	TRUE	15	183	not_testable_low_donor_count	not_testable_low_donor_count	not_testable_low_donor_count	NA	NA	NA	NA	NA	NA	NA	NA	NA	NA	NA	NA	NA	NA	NA	not_testable_low_donor_count	NA	0	0	NA	NA	NA	NA	FALSE	0	0	NA	NA	NA	NA	NA	0	0	NA	FALSE	NA	not_run	FALSE	NA	not_run	FALSE	NA	FALSE	NA	not_run	FALSE	0	0	NA	NA	NA	not_applicable_not_testable	0.662781112089987	FALSE	FALSE	TRUE	FALSE	FALSE	FALSE	FALSE	FALSE	FALSE	FALSE	FALSE	FALSE	FALSE	FALSE	FALSE	FALSE	FALSE	FALSE	FALSE	not_testable	
phase13_gate_decisions_v1	vasculature	mib_micos_inner_membrane_19	vasculature::apoe_e2_minus_e33__Male::mib_micos_inner_membrane_19	apoe_e2_minus_e33__Male	5	apoe	4	respiration_supporting	AD__Male__e2	NCI__Male__e2	AD__Male__e33	NCI__Male__e33	4	3	20	39	1	2	9	25	3	0.736842105263158	14	TRUE	15	183	not_testable_low_donor_count	not_testable_low_donor_count	not_testable_low_donor_count	NA	NA	NA	NA	NA	NA	NA	NA	NA	NA	NA	NA	NA	NA	NA	not_testable_low_donor_count	NA	0	0	NA	NA	NA	NA	FALSE	0	0	NA	NA	NA	NA	NA	0	0	NA	FALSE	NA	not_run	FALSE	NA	not_run	FALSE	NA	FALSE	NA	not_run	FALSE	0	0	NA	NA	NA	not_applicable_not_testable	0.662781112089987	FALSE	FALSE	TRUE	FALSE	FALSE	FALSE	FALSE	FALSE	FALSE	FALSE	FALSE	FALSE	FALSE	FALSE	FALSE	FALSE	FALSE	FALSE	FALSE	not_testable	
phase13_gate_decisions_v1	vasculature	mib_micos_inner_membrane_19	vasculature::apoe_e4_minus_e33__Female::mib_micos_inner_membrane_19	apoe_e4_minus_e33__Female	6	apoe	4	respiration_supporting	AD__Female__e4	NCI__Female__e4	AD__Female__e33	NCI__Female__e33	19	9	29	35	7	4	14	16	9	0.736842105263158	14	TRUE	15	183	eligible	estimated		-0.0823818064864276	0.471266014841799	-1.01219526896808	0.847431655995225	-0.174809563796114	0.86142252607345	0.19433355325736	0.342095890748704	-0.480625715308987	0.869292821823708	0.570685486403981	0.957817869647846	Up	0.733461981994723	0.944631415335757	estimated	-0.0823818064864276	1000	1000	-0.106504836177669	-0.97993716168793	0.756427348135673	0.586	TRUE	198	198	4	21401399	0.152165310593005	-0.234547117079433	0.0619094674824592	1000	1000	0.657	TRUE	NA	not_testable_threshold50	FALSE	0.19433355325736	estimated	FALSE	-0.0735695281012712	TRUE	-0.0823818064864276	estimated	TRUE	14	14	6	0.642857142857143	gene:MICOS13	evaluated	0.662781112089987	FALSE	FALSE	TRUE	FALSE	FALSE	FALSE	FALSE	TRUE	FALSE	FALSE	FALSE	FALSE	FALSE	FALSE	FALSE	FALSE	FALSE	TRUE	FALSE	inconclusive	
phase13_gate_decisions_v1	vasculature	mib_micos_inner_membrane_19	vasculature::apoe_e4_minus_e33__Male::mib_micos_inner_membrane_19	apoe_e4_minus_e33__Male	7	apoe	4	respiration_supporting	AD__Male__e4	NCI__Male__e4	AD__Male__e33	NCI__Male__e33	21	6	20	39	4	4	9	25	6	0.736842105263158	14	TRUE	15	183	eligible	estimated		-1.11197865055429	0.46365775814599	-2.0267809319217	-0.197176369186883	-2.39827465629113	0.0174775759093488	0.0805866849904634	0.77358227452746	-1.44570035999043	1.60687372997136	0.917145835509227	0.876056714706422	Down	0.0466826678182352	0.671359518075895	estimated	-1.11197865055429	1000	1000	-1.14582747421682	-2.00473235024791	-0.303747979084029	0.995	TRUE	198	198	0	10100862	0.240507915963148	-1.35248656651744	-0.928611359737606	1000	1000	0.977	TRUE	NA	not_testable_threshold50	FALSE	0.0805866849904634	estimated	FALSE	-1.28652066865176	TRUE	-1.11197865055429	estimated	TRUE	14	14	0	1	gene:MTX2	evaluated	0.662781112089987	FALSE	FALSE	TRUE	FALSE	TRUE	TRUE	FALSE	TRUE	TRUE	FALSE	TRUE	TRUE	FALSE	FALSE	FALSE	TRUE	TRUE	TRUE	FALSE	inconclusive	
