node_order	source_symbol
0	LINC00115
1	FAM41C
2	SAMD11
3	KLHL17
4	HES4
5	ISG15
6	AGRN
7	B3GALT6
8	C1QTNF12
9	LINC01786
10	SCNN1D
11	ACAP3
12	PUSL1
13	CPTP
14	DVL1
15	MXRA8
16	AURKAIP1
17	MRPL20-AS1
18	ANKRD65
19	VWA1
20	ATAD3C
21	ATAD3B
22	TMEM240
23	FNDC10
24	MMP23B
25	CDK11A
26	SLC35E2A
27	NADK
28	CFAP74
29	GABRD
30	PRKCZ
31	FAAP20
32	SKI
33	PEX10
34	PLCH2
35	PANK4
36	HES5
37	TNFRSF14
38	PRXL2B
39	MMEL1
40	TTC34
41	PRDM16-DT
42	ARHGEF16
43	MEGF6
44	TPRG1L
45	C1orf174
46	LINC01134
47	AJAP1
48	CHD5
49	RPL22
50	RNF207
51	ACOT7
52	TNFRSF25
53	PLEKHG5
54	TAS1R1
55	KLHL21
56	THAP3
57	CAMTA1-DT
58	AL512330.1
59	VAMP3
60	RERE-AS1
61	ENO1
62	SLC2A5
63	GPR157
64	MIR34AHG
65	LNCTAM34A
66	SPSB1
67	LINC02606
68	SLC25A33
69	TMEM201
70	PIK3CD
71	PGD
72	CORT
73	CASZ1
74	MASP2
75	ANGPTL7
76	DISP3
77	FBXO2
78	FBXO44
79	MAD2L2
80	DRAXIN
81	AGTRAP
82	PLOD1
83	MIIP
84	TNFRSF1B
85	DHRS3
86	PDPN
87	KAZN
88	KAZN-AS1
89	TMEM51-AS1
90	TMEM51
91	C1orf195
92	FHAD1
93	EFHD2
94	CELA2B
95	AGMAT
96	SLC25A34
97	FBLIM1
98	UQCRHL
99	FAM131C
100	EPHA2
101	ARHGEF19
102	CPLANE2
103	SPATA21
104	LINC01772
105	NBPF1
106	CROCC
107	PADI2
108	RCC2
109	ARHGEF10L
110	IGSF21
111	IFFO2
112	AKR7A3
113	MICOS10
114	TMCO4
115	PLA2G5
116	UBXN10
117	VWA5B1
118	LINC01141
119	CAMK2N1
120	MUL1
121	FAM43B
122	PINK1-AS
123	KIF17
124	SH2D5
125	HP1BP3
126	ECE1
127	ALPL
128	RAP1GAP
129	HSPG2
130	LINC00339
131	CDC42-AS1
132	CDC42-IT1
133	ZBTB40
134	C1QB
135	EPHB2
136	TEX46
137	LINC01355
138	ZNF436
139	ZNF436-AS1
140	TCEA3
141	ASAP3
142	ID3
143	MDS2
144	RPL11
145	LYPLA2
146	CNR2
147	PNRC2
148	IFNLR1
149	GRHL3
150	STPG1
151	NIPAL3
152	RCAN3
153	CLIC4
154	RHD
155	RHCE
156	LDLRAP1
157	MAN1C1
158	SELENON
159	AUNIP
160	PAQR7
161	STMN1
162	EXTL1
163	PDIK1L
164	FAM110D
165	ZNF593
166	CNKSR1
167	SH3BGRL3
168	UBXN11
169	HMGN2
170	RPS6KA1
171	PIGV
172	ZDHHC18
173	SFN
174	GPATCH3
175	TRNP1
176	SYTL1
177	MAP3K6
178	GPR3
179	AHDC1
180	IFI6
181	XKR8
182	PTAFR
183	ATP5IF1
184	SESN2
185	MED18
186	RCC1
187	SNHG3
188	SNHG12
189	LINC01715
190	OPRD1
191	EPB41
192	PTPRU
193	SDC3
194	NKAIN1
195	FABP3
196	SERINC2
197	COL16A1
198	ADGRB2
199	SPOCD1
200	CCDC28B
201	IQCC
202	DCDC2B
203	EIF3I
204	MARCKSL1
205	TSSK3
206	FAM229A
207	ZBTB8B
208	KIAA1522
209	YARS
210	FNDC5
211	HPCA
212	TMEM54
213	RNF19B
214	PHC2
215	ZSCAN20
216	CSMD2
217	DLGAP3
218	TMEM35B
219	ZMYM4-AS1
220	NCDN
221	TFAP2E
222	C1orf216
223	CLSPN
224	SH3D21
225	EVA1B
226	STK40
227	LSM10
228	MRPS15
229	CSF3R
230	GRIK3
231	LINC01137
232	ZC3H12A
233	DNALI1
234	CDCA8
235	EPHA10
236	MANEAL
237	YRDC
238	C1orf122
239	FHL3
240	POU3F1
241	MIR3659HG
242	LINC02786
243	RRAGC
244	MYCBP
245	GJA9
246	RHBDL2
247	NDUFS5
248	MACF1
249	BMP8A
250	PABPC4
251	HEYL
252	NT5C1A
253	HPCAL4
254	PPIE
255	MFSD2A
256	COL9A2
257	ZFP69B
258	ZFP69
259	EXO5
260	RIMS3
261	NFYC-AS1
262	KCNQ4
263	CITED4
264	CTPS1
265	SLFNL1-AS1
266	SLFNL1
267	FOXO6
268	RIMKLA
269	ZMYND12
270	TMEM269
271	SVBP
272	SLC2A1
273	SLC2A1-AS1
274	EBNA1BP2
275	CFAP57
276	ELOVL1
277	MED8
278	HYI
279	HYI-AS1
280	KDM4A-AS1
281	AL357079.1
282	DPH2
283	ATP6V0B
284	B4GALT2
285	SLC6A9
286	RNF220
287	ARMH1
288	KIF2C
289	RPS8
290	PLK3
291	BTBD19
292	PTCH2
293	HECTD3
294	HPDL
295	TOE1
296	TESK2
297	CCDC163
298	PRDX1
299	CCDC17
300	MAST2
301	PIK3R3
302	LURAP1
303	RAD54L
304	MKNK1-AS1
305	MOB3C
306	EFCAB14-AS1
307	CYP4X1
308	CYP4Z1
309	CYP4A22-AS1
310	STIL
311	LINC01389
312	SLC5A9
313	AGBL4
314	BEND5
315	ELAVL4
316	CDKN2C
317	C1orf185
318	LINC01562
319	TTC39A
320	RAB3B
321	SHISAL2A
322	COA7
323	ZYG11A
324	PODN
325	LRP8
326	LINC01771
327	GLIS1
328	DIO1
329	CYB5RL
330	ACOT11
331	FAM151A
332	MROH7
333	PARS2
334	TTC22
335	DHCR24
336	MIR4422HG
337	PLPP3
338	PRKAA2
339	FYB2
340	DAB1
341	JUN
342	LINC01135
343	LINC02777
344	LINC01358
345	FGGY
346	HOOK1
347	CYP2J2
348	C1orf87
349	LINC02778
350	LINC01748
351	NFIA-AS2
352	NFIA-AS1
353	KANK4
354	ANGPTL3
355	ATG4C
356	LINC01739
357	LINC00466
358	ALG6
359	ITGB3BP
360	EFCAB7
361	DLEU2L
362	ROR1
363	ROR1-AS1
364	UBE2U
365	LINC01359
366	AK4
367	DNAJC6
368	AL139294.1
369	LEPR
370	TCTEX1D1
371	WDR78
372	C1orf141
373	IL12RB2
374	GADD45A
375	GNG12-AS1
376	DIRAS3
377	RPE65
378	LRRC7
379	HHLA3
380	CTH
381	ZRANB2-AS1
382	ZRANB2-AS2
383	NEGR1
384	LRRIQ3
385	TNNI3K
386	LRRC53
387	ERICH3
388	CRYZ
389	SLC44A5
390	MSH4
391	ST6GALNAC3
392	ST6GALNAC5
393	AK5
394	NEXN-AS1
395	NEXN
396	DNAJB4
397	GIPC2
398	IFI44L
399	IFI44
400	ADGRL4
401	ADGRL2
402	LINC01362
403	LINC01725
404	TTLL7
405	SAMD13
406	GNG5
407	SPATA1
408	CTBS
409	SSX2IP
410	LPAR3
411	MCOLN2
412	WDR63
413	BCL10
414	CCN1
415	COL24A1
416	LINC02795
417	ODF2L
418	CLCA4-AS1
419	LINC01140
420	LINC01364
421	PKN2-AS1
422	GBP3
423	GBP1
424	GBP2
425	GBP7
426	GBP4
427	LRRC8B
428	LRRC8C-DT
429	LRRC8C
430	LINC02609
431	HFM1
432	CDC7
433	TGFBR3
434	BRDT
435	EPHX4
436	C1orf146
437	RPL5
438	CCDC18
439	BCAR3
440	DNTTIP2
441	GCLM
442	ABCA4
443	ARHGAP29
444	F3
445	SLC44A3
446	CNN3
447	RWDD3
448	LINC02607
449	DPYD
450	DPYD-AS1
451	MIR137HG
452	SNX7
453	PLPPR5
454	PLPPR4
455	PALMD
456	FRRS1
457	LRRC39
458	RTCA-AS1
459	VCAM1
460	S1PR1
461	OLFM3
462	COL11A1
463	AMY2B
464	LINC01676
465	PRMT6
466	NTNG1
467	VAV3
468	SLC25A24
469	HENMT1
470	FNDC7
471	C1orf194
472	KIAA1324
473	SARS
474	PSRC1
475	MYBPHL
476	SYPL2
477	ATXN7L2
478	AMIGO1
479	GPR61
480	AMPD2
481	GSTM4
482	GSTM2
483	GSTM1
484	GSTM5
485	GSTM3
486	LINC01768
487	CSF1
488	AHCYL1
489	SLC6A17
490	RBM15-AS1
491	RBM15
492	LAMTOR5-AS1
493	SLC16A4
494	LAMTOR5
495	KCNA2
496	CD53
497	LRIF1
498	DENND2D
499	CHI3L2
500	PIFO
501	OVGP1
502	WDR77
503	C1orf162
504	INKA2
505	INKA2-AS1
506	DDX20
507	KCND3
508	LINC01750
509	CTTNBP2NL
510	WNT2B
511	RHOC
512	SLC16A1
513	LRIG2-DT
514	PTPN22
515	AP4B1-AS1
516	BCL2L15
517	AP4B1
518	DCLRE1B
519	HIPK1-AS1
520	DENND2C
521	NGF
522	VANGL1
523	LINC01649
524	ATP1A1
525	ATP1A1-AS1
526	LINC01762
527	CD58
528	IGSF3
529	PTGFRN
530	CD101
531	TTF2
532	TRIM45
533	TENT5C
534	WDR3
535	SPAG17
536	TBX15
537	WARS2-IT1
538	LINC01780
539	ZNF697
540	PHGDH
541	NBPF26
542	LINC00623
543	LINC02798
544	LINC02591
545	HIST2H3PS2
546	LINC02802
547	NBPF15
548	SRGAP2B
549	NBPF20
550	PDZK1
551	CD160
552	NUDT17
553	ANKRD35
554	ITGA10
555	LIX1L-AS1
556	LIX1L
557	ANKRD34A
558	TXNIP
559	HJV
560	LINC01719
561	NBPF10
562	NOTCH2NLA
563	FMO5
564	CHD1L
565	LINC00624
566	LINC02805
567	LINC01731
568	PPIAL4G
569	NBPF14
570	PDE4DIP
571	NOTCH2NLC
572	NBPF19
573	HIST2H2BF
574	HIST2H2AA4
575	HIST2H2BE
576	HIST2H2AC
577	BOLA1
578	SV2A
579	SF3B4
580	MTMR11
581	OTUD7B
582	CA14
583	APH1A
584	C1orf54
585	CIART
586	ECM1
587	FALEC
588	ADAMTSL4
589	ADAMTSL4-AS1
590	MCL1
591	CTSS
592	CTSK
593	MINDY1
594	BNIPL
595	C1orf56
596	MLLT11
597	GABPB2
598	SEMA6C
599	SCNM1
600	ZNF687
601	RFX5
602	SELENBP1
603	PSMB4
604	CGN
605	TUFT1
606	CELF3
607	MRPL9
608	TDRKH
609	TDRKH-AS1
610	C2CD4D-AS1
611	S100A10
612	FLG-AS1
613	HRNR
614	FLG
615	FLG2
616	S100A6
617	S100A2
618	S100A16
619	S100A14
620	S100A13
621	S100A1
622	SNAPIN
623	SLC27A3
624	SLC39A1
625	CREB3L4
626	JTB
627	RAB13
628	RPS27
629	NUP210L
630	HAX1
631	ATP8B2
632	IL6R-AS1
633	IL6R
634	SHE
635	TDRD10
636	UBE2Q1
637	CHRNB2
638	KCNN3
639	PMVK
640	PBXIP1
641	PYGO2
642	AL451085.2
643	SHC1
644	CKS1B
645	ZBTB7B
646	DCST2
647	ADAM15
648	EFNA4
649	EFNA3
650	EFNA1
651	SLC50A1
652	DPM3
653	KRTCAP2
654	TRIM46
655	MUC1
656	THBS3
657	MTX1
658	FAM189B
659	HCN3
660	FDPS
661	RUSC1-AS1
662	RUSC1
663	ASH1L-AS1
664	MSTO1
665	DAP3
666	ARHGEF2
667	UBQLN4
668	LAMTOR2
669	MEX3A
670	LMNA
671	SEMA4A
672	BGLAP
673	PAQR6
674	TMEM79
675	GLMP
676	CCT3
677	TSACC
678	RHBG
679	C1orf61
680	NAXE
681	GPATCH4
682	HAPLN2
683	BCAN
684	AL590666.2
685	NES
686	CRABP2
687	MRPL24
688	NTRK1
689	KIRREL1
690	IFI16
691	AIM2
692	CADM3
693	CADM3-AS1
694	ACKR1
695	DUSP23
696	VSIG8
697	TAGLN2
698	LINC01133
699	KCNJ10
700	PIGM
701	KCNJ9
702	IGSF8
703	ATP1A2
704	ATP1A4
705	CASQ1
706	PEA15
707	VANGL2
708	F11R
709	TSTD1
710	ARHGAP30
711	KLHDC9
712	UFC1
713	USP21
714	B4GALT3
715	ADAMTS4
716	NDUFS2
717	TOMM40L
718	PCP4L1
719	MPZ
720	NOS1AP
721	UAP1
722	DDR2
723	HSD17B7
724	CCDC190
725	RGS4
726	RGS5
727	NUF2
728	PBX1
729	RXRG
730	TMCO1-AS1
731	UCK2
732	FAM78B
733	POGK
734	ILDR2
735	MAEL
736	CD247
737	RCSD1
738	ADCY10
739	GPR161
740	TBX19
741	LINC00970
742	ATP1B1
743	CCDC181
744	SLC19A2
745	F5
746	SELP
747	C1orf112
748	SELL
749	METTL18
750	GORAB-AS1
751	PRRX1
752	MROH9
753	FMO2
754	FMO4
755	DNM3
756	DNM3-IT1
757	DNM3OS
758	PIGC
759	C1orf105
760	TNFSF18
761	TNFSF4
762	PRDX6
763	SLC9C2
764	ANKRD45
765	CENPL
766	CACYBP
767	KIAA0040
768	TNR
769	LINC02803
770	PAPPA2
771	BRINP2
772	SEC16B
773	C1orf220
774	ANGPTL1
775	SOAT1
776	AXDND1
777	TDRD5
778	FAM163A
779	LINC02818
780	CEP350
781	QSOX1
782	LHX4
783	IER5
784	CACNA1E
785	LINC01344
786	GLUL
787	RNASEL
788	RGS16
789	NPL
790	LAMC1
791	NMNAT2
792	RGL1
793	APOBEC4
794	COLGALT2
795	TSEN15
796	NIBAN1
797	PRG4
798	PDC
799	PLA2G4A
800	BRINP3
801	LINC01351
802	RGS2
803	GLRX2
804	B3GALT2
805	LINC01031
806	KCNT2
807	CRB1
808	C1orf53
809	PTPRC
810	MIR181A1HG
811	LINC00862
812	ZNF281
813	KIF14
814	DDX59-AS1
815	INAVA
816	KIF21B
817	CACNA1S
818	IGFN1
819	TNNT2
820	PHLDA3
821	CSRP1
822	AC096677.1
823	NAV1
824	IPO9-AS1
825	SHISA4
826	LMOD1
827	ELF3-AS1
828	GPR37L1
829	PTPN7
830	LGR6
831	UBE2T
832	SYT2
833	PCAT6
834	RABIF
835	PPFIA4
836	ADORA1
837	MYBPH
838	CHI3L1
839	CHIT1
840	BTG2
841	PRELP
842	ATP2B4
843	ZC3H11A
844	ZBED6
845	SNRPE
846	SOX13
847	ETNK2
848	REN
849	GOLT1A
850	PLEKHA6
851	AL606489.1
852	PPP1R15B
853	PIK3C2B
854	LRRN2
855	NFASC
856	CNTN2
857	TMEM81
858	TMCC2
859	NUAK2
860	KLHDC8A
861	LEMD1
862	CDK18
863	MFSD4A
864	SLC45A3
865	PM20D1
866	SLC26A9
867	RAB7B
868	IKBKE
869	C1orf147
870	RASSF5
871	DYRK3
872	MAPKAPK2
873	PFKFB2
874	YOD1
875	C4BPA
876	CD55
877	CR1L
878	LINC02767
879	PLXNA2
880	LINC01717
881	CAMK1G
882	LAMB3
883	HSD11B1-AS1
884	G0S2
885	HSD11B1
886	TRAF3IP3
887	C1orf74
888	SYT14
889	SERTAD4
890	HHAT
891	KCNH1
892	TRAF5
893	LINC00467
894	SLC30A1
895	INTS7
896	LINC02608
897	PACC1
898	ATF3
899	BATF3
900	SPATA45
901	FLVCR1-DT
902	VASH2
903	PROX1-AS1
904	PROX1
905	SMYD2
906	KCNK2
907	KCTD3
908	USH2A
909	ESRRG
910	SPATA17
911	TGFB2
912	C1orf143
913	LYPLAL1-DT
914	LYPLAL1-AS1
915	ZC3H11B
916	SLC30A10
917	C1orf115
918	MARC2
919	MARC1
920	HLX-AS1
921	DUSP10
922	TAF1A-AS1
923	DISP1
924	TLR5
925	SUSD4
926	CAPN8
927	CAPN2
928	CNIH3
929	LINC02813
930	DNAH14
931	EPHX1
932	LEFTY1
933	SDE2
934	H3F3A
935	LINC01703
936	ACBD3-AS1
937	STUM
938	ITPKB
939	ITPKB-IT1
940	ITPKB-AS1
941	ZNF678
942	WNT9A
943	C1orf35
944	MRPL55
945	GUK1
946	GJC2
947	OBSCN
948	TRIM11
949	TRIM17
950	RNF187
951	RHOU
952	GALNT2
953	AGT
954	CAPN9
955	FAM89A
956	C1orf131
957	EXOC8
958	SPRTN
959	DISC1
960	SIPA1L2
961	MAP10
962	PCNX2
963	MAP3K21
964	KCNK1
965	SLC35F3
966	COA6-AS1
967	COA6
968	TARBP1
969	LINC01354
970	RBM34
971	TBCE
972	GNG4
973	LINC02768
974	NID1
975	EDARADD
976	ACTN2
977	RYR2
978	CHRM3
979	CHRM3-AS2
980	GREM2
981	RGS7
982	KMO
983	WDR64
984	PLD5
985	AKT3-IT1
986	LINC02774
987	CATSPERE
988	EFCAB2
989	KIF26B
990	KIF26B-AS1
991	LINC01341
992	ZNF695
993	ZNF669
994	NLRP3
995	TRIM58
996	OR2L5
997	OR2L2
998	OR2L3
999	OR2M4
1000	ZNF672
1001	PGBD2
1002	FAM110C
1003	ALKAL2
1004	TMEM18
1005	AC092159.2
1006	SNTG2
1007	PXDN
1008	MYT1L
1009	LINC01250
1010	TRAPPC12-AS1
1011	ADI1
1012	RPS7
1013	COLEC11
1014	SOX11
1015	SILC1
1016	NRIR
1017	CMPK2
1018	RSAD2
1019	RNF144A-AS1
1020	LINC00298
1021	LINC00299
1022	LINC01814
1023	ID2-AS1
1024	ID2
1025	GRHL1
1026	KLF11
1027	CYS1
1028	RRM2
1029	HPCAL1
1030	ODC1
1031	ODC1-DT
1032	RN7SL832P
1033	ATP6V1C2
1034	PDIA6
1035	LINC01954
1036	KCNF1
1037	C2orf50
1038	SLC66A3
1039	ROCK2
1040	NTSR2
1041	MIR3681HG
1042	TRIB2
1043	LINC00276
1044	LRATD1
1045	GACAT3
1046	FAM49A
1047	VSNL1
1048	GEN1
1049	KCNS3
1050	RDH14
1051	NT5C1B
1052	LINC01376
1053	LINC00954
1054	WDR35
1055	LAPTM4A
1056	LAPTM4A-DT
1057	RHOB
1058	KLHL29
1059	MFSD2B
1060	FKBP1B
1061	SF3B6
1062	TP53I3
1063	PFN4
1064	FAM228A
1065	PTRHD1
1066	ADCY3
1067	DNAJC27-AS1
1068	GAREM2
1069	ADGRF3
1070	DRC1
1071	KCNK3
1072	CENPA
1073	DPYSL5
1074	TMEM214
1075	AGBL5
1076	OST4
1077	EMILIN1
1078	KHK
1079	CGREF1
1080	ABHD1
1081	PREB
1082	SLC5A6
1083	ATRAID
1084	SLC30A3
1085	TRIM54
1086	UCN
1087	AC074117.1
1088	SNX17
1089	ZNF513
1090	KRTCAP3
1091	FNDC4
1092	GCKR
1093	C2orf16
1094	CCDC121
1095	GPN1
1096	RBKS
1097	FOSL2
1098	PLB1
1099	SPDYA
1100	TOGARAM2
1101	PCARE
1102	ALK
1103	GALNT14
1104	CAPN14
1105	EHD3
1106	NLRC4
1107	LINC00486
1108	LTBP1
1109	RASGRP3
1110	LINC01320
1111	CRIM1-DT
1112	QPCT
1113	CDC42EP3
1114	RMDN2-AS1
1115	CYP1B1
1116	CYP1B1-AS1
1117	ATL2
1118	LINC02613
1119	GALM
1120	SRSF7
1121	MORN2
1122	ARHGEF33
1123	SOS1-IT1
1124	CDKL4
1125	TMEM178A
1126	SLC8A1-AS1
1127	SLC8A1
1128	PKDCC
1129	KCNG3
1130	HAAO
1131	LINC02580
1132	ZFP36L2
1133	PLEKHH2
1134	C1GALT1C1L
1135	ABCG5
1136	ABCG8
1137	SLC3A1
1138	LINC01833
1139	SIX3
1140	LINC01121
1141	EPAS1
1142	ATP6V1E2
1143	RHOQ
1144	CRIPT
1145	LINC01118
1146	SOCS5
1147	LINC01119
1148	STPG4
1149	CALM2
1150	EPCAM-DT
1151	EPCAM
1152	KCNK12
1153	FOXN2
1154	STON1
1155	STON1-GTF2A1L
1156	AC009975.1
1157	NRXN1
1158	ASB3
1159	CHAC2
1160	ERLEC1
1161	GPR75
1162	C2orf73
1163	RPS27A
1164	EFEMP1
1165	CCDC85A
1166	VRK2
1167	LINC01122
1168	BCL11A
1169	LINC01185
1170	AC016747.2
1171	AC016727.1
1172	XPO1
1173	FAM161A
1174	CCT4
1175	TMEM17
1176	OTX1
1177	PELI1
1178	LGALSL-DT
1179	LGALSL
1180	LINC02576
1181	SPRED2
1182	AC007389.3
1183	MEIS1-AS3
1184	MEIS1
1185	MEIS1-AS2
1186	LINC01798
1187	LINC01829
1188	PNO1
1189	PLEK
1190	FBXO48
1191	ARHGAP25
1192	ANTXR1
1193	MXD1
1194	ASPRV1
1195	PCBP1
1196	ADD2
1197	VAX2
1198	ANKRD53
1199	PAIP2B
1200	DYSF
1201	SPR
1202	EMX1
1203	PRADC1
1204	FBXO41
1205	ALMS1-IT1
1206	DGUOK-AS1
1207	TET3
1208	BOLA3
1209	BOLA3-AS1
1210	MTHFD2
1211	SLC4A5
1212	C2orf81
1213	WDR54
1214	INO80B
1215	WBP1
1216	MOGS
1217	PCGF1
1218	AUP1
1219	HTRA2
1220	DOK1
1221	SEMA4F
1222	HK2
1223	LINC01291
1224	POLE4
1225	TACR1
1226	EVA1A
1227	LRRTM4
1228	CTNNA2
1229	LRRTM1
1230	DNAH6
1231	TRABD2A
1232	TMSB10
1233	CAPG
1234	SH2D6
1235	PARTICL
1236	MAT2A
1237	GGCX
1238	VAMP8
1239	VAMP5
1240	RNF181
1241	TMEM150A
1242	GNLY
1243	ATOH8
1244	ST3GAL5-AS1
1245	REEP1
1246	RMND5A
1247	RGPD1
1248	PLGLB1
1249	CYTOR
1250	PLGLB2
1251	RGPD2
1252	FABP1
1253	THNSL2
1254	EIF2AK3-DT
1255	PROM2
1256	KCNIP3
1257	GPAT2
1258	NEURL3
1259	ARID5A
1260	FER1L5
1261	SEMA4C
1262	FAM178B
1263	AC092683.1
1264	COX5B
1265	C2orf92
1266	VWA3B
1267	CNGA3
1268	KIAA1211L
1269	C2orf15
1270	LIPT1
1271	LYG2
1272	LYG1
1273	AFF3
1274	NPAS2
1275	CREG2
1276	RFX8
1277	IL1R1
1278	IL1RL2
1279	SLC9A2
1280	MFSD9
1281	TMEM182
1282	LINC01965
1283	LINC01102
1284	LINC01103
1285	PANTR1
1286	LINC01114
1287	LINC01159
1288	AC012360.1
1289	FHL2
1290	NCK2
1291	ECRG4
1292	ST6GAL2
1293	LINC01885
1294	LINC01594
1295	SULT1C2
1296	SULT1C4
1297	GCC2-AS1
1298	EDAR
1299	SH3RF3
1300	SOWAHC
1301	MTLN
1302	LINC01106
1303	ACOXL
1304	MIR4435-2HG
1305	BCL2L11
1306	MERTK
1307	FBLN7
1308	ZC3H6
1309	RGPD8
1310	CHCHD5
1311	PSD4
1312	PAX8-AS1
1313	PAX8
1314	AC017074.1
1315	AC104653.1
1316	LINC01191
1317	DPP10
1318	DPP10-AS3
1319	DPP10-AS2
1320	DPP10-AS1
1321	DDX18
1322	C1QL2
1323	STEAP3
1324	STEAP3-AS1
1325	DBI
1326	CFAP221
1327	TMEM177
1328	TMEM185B
1329	INHBB
1330	GLI2
1331	TFCP2L1
1332	NIFK
1333	CNTNAP5
1334	GYPC
1335	BIN1
1336	MAP3K2-DT
1337	LIMS2
1338	SFT2D3
1339	HS6ST1
1340	LINC02572
1341	CCDC74B
1342	MZT2B
1343	CCDC115
1344	IMP4
1345	AMER3
1346	ARHGEF4
1347	CCDC74A
1348	ANKRD30BL
1349	GPR39
1350	LYPD1
1351	NCKAP5
1352	NCKAP5-AS1
1353	NCKAP5-AS2
1354	MGAT5
1355	TMEM163
1356	ACMSD
1357	MAP3K19
1358	ZRANB3
1359	MCM6
1360	DARS-AS1
1361	CXCR4
1362	THSD7B
1363	HNMT
1364	NXPH2
1365	LRP1B
1366	ARHGAP15
1367	LINC01412
1368	TEX41
1369	KIF5C
1370	LYPD6B
1371	LYPD6
1372	LINC01931
1373	RND3
1374	NMI
1375	TNFAIP6
1376	NEB
1377	GALNT13
1378	KCNJ3
1379	LINC01876
1380	NR4A2
1381	ERMN
1382	ACVR1C
1383	ACVR1
1384	UPP2
1385	CCDC148-AS1
1386	CCDC148
1387	DAPL1
1388	TANC1
1389	CD302
1390	PLA2R1
1391	RBMS1
1392	TBR1
1393	SLC4A10
1394	FAP
1395	IFIH1
1396	GCA
1397	KCNH7
1398	FIGN
1399	GRB14
1400	COBLL1
1401	SLC38A11
1402	SCN3A
1403	SCN2A
1404	GALNT3
1405	TTC21B-AS1
1406	SCN1A-AS1
1407	SCN1A
1408	SCN9A
1409	SCN7A
1410	XIRP2
1411	B3GALT1
1412	STK39
1413	CERS6
1414	ABCB11
1415	LRP2
1416	KLHL41
1417	CCDC173
1418	PHOSPHO2
1419	MYO3B
1420	ERICH2
1421	GAD1
1422	CYBRD1
1423	METAP1D
1424	DLX1
1425	PDK1
1426	RAPGEF4-AS1
1427	RAPGEF4
1428	MAP3K20
1429	MAP3K20-AS1
1430	CDCA7
1431	SCRN3
1432	WIPF1
1433	ATP5MC3
1434	LINC01117
1435	LINC01116
1436	TTC30B
1437	TTC30A
1438	PDE11A
1439	CHROMR
1440	PJVK
1441	FKBP7
1442	TTN
1443	CCDC141
1444	ZNF385B
1445	SCHLAP1
1446	LINC01934
1447	ITGA4
1448	CERKL
1449	NEUROD1
1450	PPP1R1C
1451	PDE1A
1452	FRZB
1453	DUSP19
1454	ZNF804A
1455	FSIP2
1456	ITGAV
1457	FAM171B
1458	CALCRL
1459	TFPI
1460	LINC01090
1461	GULP1
1462	COL5A2
1463	SLC40A1
1464	OSGEPL1
1465	OSGEPL1-AS1
1466	ORMDL1
1467	C2orf88
1468	MSTN
1469	INPP1
1470	MFSD6
1471	NEMP2
1472	STAT1
1473	STAT4
1474	MYO1B
1475	NABP1
1476	TMEFF2
1477	LINC01821
1478	DNAH7
1479	STK17B
1480	HECW2
1481	CCDC150
1482	C2orf66
1483	HSPD1
1484	HSPE1
1485	RFTN2
1486	MARS2
1487	PLCL1
1488	SATB2-AS1
1489	LINC01877
1490	FTCDNL1
1491	MAIP1
1492	SGO2
1493	AOX1
1494	NIF3L1
1495	NDUFB3
1496	CFLAR-AS1
1497	CASP10
1498	CASP8
1499	FLACC1
1500	STRADB
1501	C2CD6
1502	MPP4
1503	CDK15
1504	FZD7
1505	KIAA2012
1506	KIAA2012-AS1
1507	WDR12
1508	RAPH1
1509	NRP2
1510	AC007383.2
1511	EEF1B2
1512	ADAM23
1513	DYTN
1514	MDH1B
1515	CPO
1516	KLF7
1517	KLF7-IT1
1518	MYOSLID
1519	FZD5
1520	C2orf80
1521	IDH1-AS1
1522	PTH2R
1523	MAP2
1524	UNC80
1525	ACADL
1526	LANCL1-AS1
1527	CPS1
1528	ERBB4
1529	LINC01878
1530	SPAG16-DT
1531	SPAG16
1532	VWC2L
1533	BARD1
1534	SNHG31
1535	ABCA12
1536	FN1
1537	PECR
1538	TMEM169
1539	LINC01963
1540	MARCH4
1541	RPL37A
1542	LINC01280
1543	IGFBP2
1544	IGFBP5
1545	DIRC3-AS1
1546	DIRC3
1547	TNS1
1548	RUFY4
1549	AAMP
1550	PNKD
1551	TMBIM1
1552	CATIP-AS2
1553	CATIP
1554	SLC11A1
1555	VIL1
1556	PLCD4
1557	BCS1L
1558	CDK5R2
1559	NHEJ1
1560	CNPPD1
1561	ZFAND2B
1562	ABCB6
1563	ANKZF1
1564	GLB1L
1565	STK16
1566	TUBA4A
1567	DNAJB2
1568	PTPRN
1569	SPEGNB
1570	GMPPA
1571	ASIC4
1572	CHPF
1573	TMEM198
1574	INHA
1575	SLC4A3
1576	LINC02832
1577	EPHA4
1578	SGPP2
1579	MOGAT1
1580	KCNE4
1581	SCG2
1582	AP1S3
1583	DOCK10
1584	NYAP2
1585	IRS1
1586	COL4A4
1587	COL4A3
1588	SLC19A3
1589	SPHKAP
1590	LINC01807
1591	PID1
1592	DNER
1593	SLC16A14
1594	SP110
1595	SP140
1596	SP140L
1597	SP100
1598	ITM2C
1599	GCSIR
1600	SPATA3
1601	C2orf72
1602	HTR2B
1603	LINC00471
1604	PTMA
1605	TIGD1
1606	EFHD1
1607	KCNJ13
1608	SNORC
1609	NGEF
1610	INPP5D
1611	DGKD
1612	ARL4C
1613	SH3BP4
1614	IQCA1
1615	IQCA1-AS1
1616	ACKR3
1617	COL6A3
1618	RBM44
1619	RAMP1
1620	LINC02610
1621	HES6
1622	PER2
1623	LINC01107
1624	LINC01937
1625	HDAC4-AS1
1626	COPS9
1627	OTOS
1628	ANKMY1
1629	DUSP28
1630	RNPEPL1
1631	GPR35
1632	SNED1
1633	PASK
1634	ANO7
1635	BOK
1636	D2HGDH
1637	GAL3ST2
1638	NEU4
1639	RTP5
1640	LINC01237
1641	FAM240C
1642	LINC01238
1643	CHL1-AS2
1644	CHL1
1645	CHL1-AS1
1646	LINC01266
1647	CNTN6
1648	CNTN4
1649	SUMF1
1650	LRRN1
1651	SETMAR
1652	ITPR1-DT
1653	EGOT
1654	BHLHE40-AS1
1655	BHLHE40
1656	GRM7-AS3
1657	GRM7
1658	GRM7-AS1
1659	LMCD1-AS1
1660	LMCD1
1661	SSUH2
1662	CAV3
1663	OXTR
1664	RAD18
1665	SRGAP3
1666	SRGAP3-AS3
1667	SRGAP3-AS4
1668	LHFPL4
1669	CPNE9
1670	CAMK1
1671	JAGN1
1672	IL17RE
1673	CRELD1
1674	PRRT3-AS1
1675	FANCD2
1676	IRAK2
1677	GHRL
1678	GHRLOS
1679	ATP2B2
1680	ATP2B2-IT2
1681	SLC6A11
1682	SLC6A1
1683	SLC6A1-AS1
1684	HRH1
1685	SYN2
1686	PPARG
1687	MKRN2OS
1688	CAND2
1689	RPL32
1690	NUP210
1691	HDAC11-AS1
1692	FBLN2
1693	LINC00620
1694	WNT7A
1695	CHCHD4
1696	LSM3
1697	SLC6A6
1698	GRIP2
1699	C3orf20
1700	FGD5
1701	SH3BP5-AS1
1702	SH3BP5
1703	EAF1-AS1
1704	COLQ
1705	BTD
1706	ANKRD28
1707	GALNT15
1708	RFTN1
1709	PLCL2
1710	SATB1-AS1
1711	KCNH8
1712	EFHB
1713	PP2D1
1714	SGO1-AS1
1715	ZNF385D
1716	RPL15
1717	LINC00691
1718	THRB
1719	THRB-IT1
1720	THRB-AS1
1721	RARB
1722	OXSM
1723	LRRC3B
1724	NEK10
1725	SLC4A7
1726	LINC01967
1727	RBMS3-AS3
1728	RBMS3-AS2
1729	RBMS3-AS1
1730	TGFBR2
1731	OSBPL10
1732	GPD1L
1733	CMTM8
1734	CMTM7
1735	CMTM6
1736	CNOT10-AS1
1737	TRIM71
1738	TMPPE
1739	CRTAP
1740	SUSD5
1741	FBXL2
1742	LINC01811
1743	ARPP21
1744	TRANK1
1745	C3orf35
1746	ITGA9
1747	ITGA9-AS1
1748	CTDSPL
1749	VILL
1750	PLCD1
1751	DLEC1
1752	MYD88
1753	SLC22A13
1754	SLC22A14
1755	XYLB
1756	SCN11A
1757	GORASP1
1758	TTC21A
1759	CSRNP1
1760	RPSA
1761	MOBP
1762	MYRIP
1763	EIF1B
1764	ENTPD3
1765	RPL14
1766	ZNF619
1767	ZNF620
1768	ZNF621
1769	TRAK1
1770	CCK
1771	VIPR1
1772	SS18L2
1773	HHATL
1774	CCDC13
1775	HIGD1A
1776	ACKR2
1777	KRBOX1
1778	GASK1A
1779	SNRK-AS1
1780	ZKSCAN7
1781	ZNF502
1782	ZNF501
1783	KIF15
1784	ZDHHC3
1785	CDCP1
1786	TMEM158
1787	LARS2-AS1
1788	LIMD1
1789	LIMD1-AS1
1790	LINC02009
1791	LTF
1792	LRRC2
1793	ALS2CL
1794	TMIE
1795	PRSS45P
1796	MYL3
1797	PTH1R
1798	NBEAL2
1799	KIF9
1800	CSPG5
1801	CDC25A
1802	ZNF589
1803	SPINK8
1804	FBXW12
1805	CCDC51
1806	TMA7
1807	SHISA5
1808	PFKFB4
1809	COL7A1
1810	SLC26A6
1811	CELSR3
1812	LINC02585
1813	PRKAR2A-AS1
1814	SLC25A20
1815	ARIH2OS
1816	DALRD3
1817	NDUFAF3
1818	IMPDH2
1819	LAMB2
1820	CCDC71
1821	KLHDC8B
1822	CCDC36
1823	AMT
1824	NICN1
1825	BSN-DT
1826	APEH
1827	MST1
1828	GMPPB
1829	UBA7
1830	TRAIP
1831	CAMKV
1832	MON1A
1833	RBM5-AS1
1834	SEMA3F
1835	SLC38A3
1836	SEMA3B
1837	LSMEM2
1838	IFRD2
1839	NAA80
1840	HYAL1
1841	HYAL2
1842	TUSC2
1843	RASSF1
1844	ZMYND10
1845	NPRL2
1846	CYB561D2
1847	TMEM115
1848	CACNA2D2
1849	MAPKAPK3
1850	LINC02019
1851	MANF
1852	RBM15B
1853	GRM2
1854	RRP9
1855	PARP3
1856	ABHD14A
1857	ACY1
1858	RPL29
1859	DUSP7
1860	POC1A
1861	ALAS1
1862	TWF2
1863	PPM1M
1864	GLYCTK
1865	BAP1
1866	PHF7
1867	NT5DC2
1868	GNL3
1869	GLT8D1
1870	SPCS1
1871	ITIH4
1872	MUSTN1
1873	PRKCD
1874	TKT
1875	CACNA1D
1876	CHDH
1877	IL17RB
1878	SELENOK
1879	CACNA2D3
1880	CACNA2D3-AS1
1881	LRTM1
1882	WNT5A
1883	ERC2
1884	ARHGEF3
1885	ARHGEF3-AS1
1886	SPATA12
1887	IL17RD
1888	HESX1
1889	ASB14
1890	DNAH12
1891	ARF4-AS1
1892	DENND6A-AS1
1893	FLNB
1894	ACOX2
1895	FAM107A
1896	FAM3D-AS1
1897	C3orf67
1898	C3orf67-AS1
1899	PTPRG-AS1
1900	FEZF2
1901	CADPS
1902	LINC00698
1903	SYNPR
1904	SNTN
1905	C3orf49
1906	PSMD6-AS2
1907	PSMD6-AS1
1908	PRICKLE2
1909	PRICKLE2-AS3
1910	ADAMTS9
1911	ADAMTS9-AS1
1912	ADAMTS9-AS2
1913	MAGI1
1914	MAGI1-IT1
1915	MAGI1-AS1
1916	LRIG1
1917	KBTBD8
1918	SUCLG2-AS1
1919	TAFA1
1920	TAFA4
1921	EOGT
1922	LMOD3
1923	FRMD4B
1924	MITF
1925	SAMMSON
1926	FOXP1
1927	FOXP1-AS1
1928	FOXP1-IT1
1929	GPR27
1930	LINC00877
1931	LINC00870
1932	SHQ1
1933	GXYLT2
1934	EBLN2
1935	PDZRN3
1936	CNTN3
1937	LINC02018
1938	LINC00960
1939	ROBO2
1940	GBE1
1941	LINC02008
1942	LINC00971
1943	CADM2
1944	CADM2-AS2
1945	CADM2-AS1
1946	CGGBP1
1947	CSNKA2IP
1948	EPHA3
1949	PROS1
1950	STX19
1951	DHFR2
1952	EPHA6
1953	ST3GAL6-AS1
1954	ST3GAL6
1955	COL8A1
1956	FILIP1L
1957	TMEM45A
1958	ABI3BP
1959	IMPG2
1960	TRMT10C
1961	ZBTB11-AS1
1962	RPL24
1963	NFKBIZ
1964	ALCAM
1965	LINC01990
1966	HHLA2
1967	MYH15
1968	CIP2A
1969	NECTIN3-AS1
1970	NECTIN3
1971	CD96
1972	PLCXD2
1973	PHLDB2
1974	TAGLN3
1975	SLC9C1
1976	CD200
1977	BTLA
1978	CCDC80
1979	CD200R1
1980	BOC
1981	CFAP44
1982	CFAP44-AS1
1983	SIDT1
1984	GRAMD1C
1985	ZDHHC23
1986	QTRT2
1987	ZBTB20-AS1
1988	ZBTB20-AS5
1989	ZBTB20-AS2
1990	ZBTB20-AS3
1991	ZBTB20-AS4
1992	GAP43
1993	LSAMP-AS1
1994	LINC00903
1995	TUSC7
1996	LINC00901
1997	LINC02024
1998	IGSF11-AS1
1999	UPK1B
2000	B4GALT4-AS1
2001	ARHGAP31-AS1
2002	POPDC2
2003	COX17
2004	NR1I2
2005	GPR156
2006	NDUFB4
2007	HGD
2008	STXBP5L
2009	POLQ
2010	HCLS1
2011	GOLGB1
2012	EAF2
2013	SLC15A2
2014	ILDR1
2015	FAM162A
2016	WDR5B
2017	PARP9
2018	DTX3L
2019	PARP14
2020	LINC02035
2021	SEMA5B
2022	PDIA5
2023	ADCY5
2024	MYLK
2025	CCDC14
2026	ITGB5
2027	ITGB5-AS1
2028	HEG1
2029	SLC12A8
2030	OSBPL11
2031	LINC02614
2032	ALG1L
2033	ROPN1B
2034	SLC41A3
2035	ALDH1L1
2036	ALDH1L1-AS2
2037	KLF15
2038	CFAP100
2039	C3orf22
2040	PLXNA1
2041	PODXL2
2042	ABTB1
2043	MGLL
2044	KBTBD12
2045	SEC61A1
2046	RPN1
2047	KIAA1257
2048	RAB43
2049	H1FX
2050	H1FX-AS1
2051	EFCAB12
2052	PLXND1
2053	ALG1L2
2054	LINC02021
2055	COL6A6
2056	ATP2C1
2057	ASTE1
2058	NUDT16
2059	CPNE4
2060	ACPP
2061	ACKR4
2062	NPHP3-AS1
2063	TMEM108
2064	TMEM108-AS1
2065	TF
2066	SLCO2A1
2067	LINC02004
2068	AMOTL2
2069	ANAPC13
2070	EPHB1
2071	KY
2072	SLC35G2
2073	NCK1-DT
2074	IL20RB
2075	IL20RB-AS1
2076	CLDN18
2077	NME9
2078	MRAS
2079	ESYT3
2080	FAIM
2081	RBP2
2082	RBP1
2083	NMNAT3
2084	CLSTN2
2085	SPSB4
2086	PXYLP1
2087	RNF7
2088	GRK7
2089	ATP1B3
2090	TFDP2
2091	PLS1
2092	CHST2
2093	SLC9A9
2094	SLC9A9-AS1
2095	DIPK2A
2096	LNCSRLR
2097	PLOD2
2098	PLSCR4
2099	PLSCR2
2100	PLSCR1
2101	ZIC4
2102	ZIC1
2103	GYG1
2104	CP
2105	WWTR1
2106	WWTR1-AS1
2107	COMMD2
2108	ANKUB1
2109	LINC01214
2110	EIF2A
2111	ERICH6
2112	ERICH6-AS1
2113	SIAH2-AS1
2114	CLRN1-AS1
2115	GPR171
2116	P2RY14
2117	GPR87
2118	P2RY13
2119	P2RY12
2120	IGSF10
2121	AADACL2-AS1
2122	P2RY1
2123	RAP2B
2124	AC078788.1
2125	LINC02006
2126	C3orf79
2127	ARHGEF26-AS1
2128	GPR149
2129	MME
2130	PLCH1
2131	KCNAB1
2132	TIPARP-AS1
2133	TIPARP
2134	LINC00886
2135	LEKR1
2136	LINC00880
2137	LINC00881
2138	VEPH1
2139	PTX3
2140	MLF1
2141	LXN
2142	RARRES1
2143	IQCJ-SCHIP1
2144	IL12A-AS1
2145	IL12A
2146	C3orf80
2147	TRIM59
2148	NMD3
2149	SPTSSB
2150	LINC02067
2151	SLITRK3
2152	BCHE
2153	ZBBX
2154	SERPINI2
2155	WDR49
2156	LINC02082
2157	MECOM
2158	TERC
2159	LRRIQ4
2160	SEC62-AS1
2161	GPR160
2162	CLDN11
2163	SLC7A14-AS1
2164	SLC7A14
2165	RPL22L1
2166	TNIK
2167	PLD1
2168	FNDC3B
2169	ECT2
2170	SPATA16
2171	NLGN1
2172	NAALADL2
2173	NAALADL2-AS3
2174	NAALADL2-AS2
2175	LINC01208
2176	TBL1XR1-AS1
2177	KCNMB2
2178	KCNMB2-AS1
2179	ZMAT3
2180	KCNMB3
2181	GNB4
2182	PEX5L
2183	PEX5L-AS2
2184	LINC02053
2185	CCDC39
2186	SOX2-OT
2187	SOX2
2188	LINC01206
2189	LINC01994
2190	LINC01995
2191	DCUN1D1
2192	MCF2L2
2193	B3GNT5
2194	MAP6D1
2195	HTR3E
2196	AP2M1
2197	VWA5B2
2198	CAMK2N2
2199	ECE2
2200	THPO
2201	CHRD
2202	LINC02054
2203	EPHB3
2204	MAGEF1
2205	LINC02069
2206	C3orf70
2207	TMEM41A
2208	LIPH
2209	IGF2BP2
2210	ETV5
2211	DGKG
2212	CRYGS
2213	TBCCD1
2214	DNAJB11
2215	RFC4
2216	LINC02043
2217	ST6GAL1
2218	RPL39L
2219	MASP1
2220	SST
2221	BCL6
2222	LPP-AS2
2223	LPP-AS1
2224	TPRG1-AS1
2225	TPRG1
2226	TP63
2227	P3H2
2228	P3H2-AS1
2229	CLDN16
2230	IL1RAP
2231	GMNC
2232	OSTN
2233	UTS2B
2234	FGF12
2235	FGF12-AS1
2236	MB21D2
2237	PLAAT1
2238	ATP13A5
2239	ATP13A4
2240	ATP13A4-AS1
2241	OPA1-AS1
2242	LINC02026
2243	LINC02028
2244	HES1
2245	LINC00884
2246	TMEM44-AS1
2247	TMEM44
2248	ACAP2-IT1
2249	APOD
2250	MUC20
2251	MUC4
2252	LINC01983
2253	TFRC
2254	ZDHHC19
2255	SLC51A
2256	TM4SF19-AS1
2257	TM4SF19
2258	UBXN7-AS1
2259	LINC01063
2260	CEP19
2261	NCBP2AS2
2262	PIGZ
2263	MELTF
2264	MELTF-AS1
2265	BDH1
2266	RPL35A
2267	ZNF732
2268	TMEM271
2269	PDE6B
2270	ATP5ME
2271	MYL5
2272	SLC49A3
2273	CPLX1
2274	SLC26A1
2275	IDUA
2276	FGFRL1
2277	RNF212
2278	AC092535.4
2279	SPON2
2280	CTBP1-AS
2281	CTBP1-DT
2282	UVSSA
2283	FAM53A
2284	TACC3
2285	TMEM129
2286	FGFR3
2287	C4orf48
2288	NAT8L
2289	POLN
2290	MXD4
2291	ZFYVE28
2292	CFAP99
2293	TNIP2
2294	SH3BP2
2295	MFSD10
2296	HTT-AS
2297	MSANTD1
2298	DOK7
2299	ADRA2C
2300	LYAR
2301	NSG1
2302	LINC01396
2303	MSX1
2304	STK32B
2305	EVC2
2306	C4orf50
2307	JAKMIP1
2308	WFS1
2309	PPP2R2C
2310	MAN2B2
2311	MRFAP1
2312	LINC02482
2313	LINC002481
2314	BLOC1S4
2315	KIAA0232
2316	LINC02447
2317	SORCS2
2318	AFAP1
2319	ABLIM2
2320	SH3TC1
2321	SLC2A9
2322	WDR1
2323	CLNK
2324	HS3ST1
2325	LINC01182
2326	LINC00504
2327	CPEB2
2328	C1QTNF7
2329	CC2D2A
2330	BST1
2331	CD38
2332	PROM1
2333	TAPT1-AS1
2334	LDB2
2335	AC006160.1
2336	FAM184B
2337	LCORL
2338	SLIT2
2339	KCNIP4
2340	KCNIP4-IT1
2341	PPARGC1A
2342	SOD3
2343	SEPSECS-AS1
2344	SEL1L3
2345	PCDH7
2346	LINC02497
2347	LINC02506
2348	DTHD1
2349	NWD2
2350	C4orf19
2351	RELL1
2352	PGM2
2353	LINC01258
2354	KLF3-AS1
2355	FAM114A1
2356	TMEM156
2357	RPL9
2358	UGDH
2359	RBM47
2360	NSUN7
2361	APBB2
2362	UCHL1
2363	DCAF4L1
2364	LINC02475
2365	KCTD8
2366	YIPF7
2367	GABRG1
2368	GABRA4
2369	GABRB1
2370	COMMD8
2371	CORIN
2372	NIPAL1
2373	TXK
2374	TEC
2375	OCIAD1-AS1
2376	OCIAD2
2377	LRRC66
2378	SPATA18
2379	USP46-AS1
2380	LINC01618
2381	DANCR
2382	ERVMER34-1
2383	LNX1
2384	LNX1-AS1
2385	PDGFRA
2386	KIT
2387	SRD5A3
2388	SRD5A3-AS1
2389	KIAA1211
2390	ARL9
2391	HOPX
2392	IGFBP7
2393	IGFBP7-AS1
2394	LINC02271
2395	ADGRL3
2396	ADGRL3-AS1
2397	LINC02232
2398	EPHA5
2399	EPHA5-AS1
2400	UBA6-AS1
2401	GNRHR
2402	TMPRSS11D
2403	TMPRSS11A
2404	TMPRSS11F
2405	UTP3
2406	MOB1B
2407	DCK
2408	SLC4A4
2409	GC
2410	ADAMTS3
2411	ALB
2412	CXCL3
2413	CXCL2
2414	BTC
2415	PARM1
2416	ODAPH
2417	CDKL2
2418	ART3
2419	FAM47E
2420	STBD1
2421	CCDC158
2422	SHROOM3
2423	CCNG2
2424	CXCL13
2425	FRAS1
2426	LINC01094
2427	PAQR3
2428	LINC01088
2429	NAA11
2430	ANTXR2
2431	PRDM8
2432	FGF5
2433	CFAP299
2434	PRKG2
2435	RASGEF1B
2436	HNRNPDL
2437	TMEM150C
2438	THAP9-AS1
2439	THAP9
2440	PLAC8
2441	COQ2
2442	ABRAXAS1
2443	GPAT3
2444	CDS1
2445	WDFY3-AS1
2446	ARHGAP24
2447	PTPN13
2448	SLC10A6
2449	C4orf36
2450	HSD17B13
2451	HSD17B11
2452	SPARCL1
2453	AC093895.1
2454	MEPE
2455	SPP1
2456	ABCG2
2457	PPM1K
2458	PPM1K-DT
2459	HERC6
2460	HERC5
2461	PYURF
2462	PIGY-DT
2463	HERC3
2464	NAP1L5
2465	FAM13A-AS1
2466	FAM13A
2467	TIGD2
2468	GPRIN3
2469	SNCA
2470	CCSER1
2471	GRID2
2472	UNC5C
2473	LINC02267
2474	STPG2
2475	STPG2-AS1
2476	ADH4
2477	ADH6
2478	TRMT10A
2479	MTTP
2480	H2AFZ
2481	DDIT4L
2482	EMCN
2483	BANK1
2484	SLC39A8
2485	SLC9B1
2486	SLC9B2
2487	BDH2
2488	CENPE
2489	LINC02428
2490	CXXC4
2491	CXXC4-AS1
2492	ARHGEF38
2493	NPNT
2494	DKK2
2495	SGMS2
2496	CYP2U1
2497	RPL34-AS1
2498	RPL34
2499	ETNPPL
2500	COL25A1
2501	SEC24B-AS1
2502	MCUB
2503	CFI
2504	RRH
2505	LRIT3
2506	EGF
2507	ENPEP
2508	FAM241A
2509	ALPK1
2510	ZGRF1
2511	ARSJ
2512	UGT8
2513	NDST4
2514	TRAM1L1
2515	LINC02263
2516	LINC01378
2517	NDST3
2518	SNHG8
2519	PRSS12
2520	METTL14-DT
2521	SEC24D
2522	SYNPO2
2523	MYOZ2
2524	C4orf3
2525	PDE5A
2526	MAD2L1
2527	NDNF
2528	ANXA5
2529	CCNA2
2530	TRPC3
2531	BBS12
2532	FGF2
2533	SPRY1
2534	LINC01091
2535	LINC02516
2536	ANKRD50
2537	FAT4
2538	SLC25A31
2539	HSPA4L
2540	PLK4
2541	LINC02615
2542	C4orf33
2543	LINC02479
2544	PCDH10
2545	LINC00616
2546	SLC7A11-AS1
2547	SLC7A11
2548	LINC00498
2549	LINC00499
2550	LINC00500
2551	NOCT
2552	NDUFC1
2553	RAB33B
2554	MGST2
2555	MAML3
2556	SCOC-AS1
2557	CLGN
2558	MGAT4D
2559	TBC1D9
2560	RNF150
2561	IL15
2562	INPP4B
2563	USP38
2564	FREM3
2565	GYPE
2566	HHIP-AS1
2567	HHIP
2568	LINC02266
2569	SMAD1
2570	SMAD1-AS2
2571	SMAD1-AS1
2572	MMAA
2573	C4orf51
2574	LSM6
2575	REELD1
2576	TTC29
2577	EDNRA
2578	LINC02507
2579	ARHGAP10
2580	LINC02355
2581	IQCM
2582	RPS3A
2583	SH3D19
2584	PRSS48
2585	FAM160A1
2586	MIR4453HG
2587	TMEM154
2588	FHDC1
2589	MND1
2590	TMEM131L
2591	TLR2
2592	RNF175
2593	SFRP2
2594	DCHS2
2595	PLRG1
2596	LRAT
2597	GUCY1A1
2598	GUCY1B1
2599	TDO2
2600	CTSO
2601	GLRB
2602	GRIA2
2603	GASK1B
2604	FAM198B-AS1
2605	TMEM144
2606	RXFP1
2607	C4orf46
2608	PPID
2609	C4orf45
2610	FSTL5
2611	NPY1R
2612	TMA16
2613	MARCH1
2614	TRIM61
2615	FAM218A
2616	MSMO1
2617	CPE
2618	TLL1
2619	SPOCK3
2620	DDX60
2621	DDX60L
2622	PALLD
2623	SH3RF1
2624	LINC02275
2625	MFAP3L
2626	AADAT
2627	GALNTL6
2628	HMGB2
2629	SAP30
2630	SCRG1
2631	HAND2-AS1
2632	GLRA3
2633	SPATA4
2634	VEGFC
2635	LINC02509
2636	AGA
2637	LINC01098
2638	LINC01099
2639	LINC00290
2640	TENM3-AS1
2641	TENM3
2642	CDKN2AIP
2643	ING2
2644	ENPP6
2645	LINC02363
2646	LINC02362
2647	LINC02427
2648	SLC25A4
2649	LRP2BP
2650	ANKRD37
2651	C4orf47
2652	CCDC110
2653	PDLIM3
2654	SORBS2
2655	TLR3
2656	FAM149A
2657	CYP4V2
2658	KLKB1
2659	F11
2660	F11-AS1
2661	MTNR1A
2662	LINC01060
2663	FRG1-DT
2664	FRG1
2665	PLEKHG4B
2666	CCDC127
2667	AHRR
2668	EXOC3-AS1
2669	SLC9A3-AS1
2670	CEP72
2671	TPPP
2672	ZDHHC11B
2673	ZDHHC11
2674	SLC12A7
2675	AC026412.3
2676	MRPL36
2677	ADAMTS16
2678	LINC02145
2679	MED10
2680	UBE2QL1
2681	NSUN2
2682	LINC02102
2683	LINC02236
2684	LINC02196
2685	LINC02123
2686	ADCY2
2687	C5orf49
2688	LINC02226
2689	MIR4458HG
2690	SEMA5A
2691	SNHG18
2692	LINC02112
2693	ATPSCKMT
2694	CCT5
2695	CMBL
2696	ROPN1L
2697	ANKRD33B
2698	DAP
2699	DNAH5
2700	TRIO
2701	OTULINL
2702	LINC02149
2703	MARCH11
2704	LINC02150
2705	ZNF622
2706	RETREG1
2707	MYO10
2708	BASP1
2709	BASP1-AS1
2710	LINC02217
2711	LINC02223
2712	LINC02100
2713	CDH18
2714	LINC02241
2715	CDH12
2716	C5orf17
2717	CDH10
2718	CDH9
2719	CDH6
2720	PDZD2
2721	TARS
2722	ADAMTS12
2723	SLC45A2
2724	AMACR
2725	C1QTNF3
2726	TTC23L
2727	BRIX1
2728	PRLR
2729	SPEF2
2730	RANBP3L
2731	SLC1A3
2732	AC008957.1
2733	GDNF-AS1
2734	EGFLAM
2735	LIFR-AS1
2736	OSMR-AS1
2737	OSMR
2738	FYB1
2739	DAB2
2740	RPL37
2741	C6
2742	PLCXD3
2743	OXCT1-AS1
2744	GHR
2745	CCDC152
2746	SELENOP
2747	HMGCS1
2748	CCL28
2749	C5orf34
2750	LINC02224
2751	MRPS30-DT
2752	HCN1
2753	EMB
2754	PARP8
2755	PELO
2756	ITGA1
2757	ITGA2
2758	LINC01033
2759	PLPP1
2760	IL6ST
2761	ANKRD55
2762	LINC01948
2763	SETD9
2764	PLK2
2765	RAB3C
2766	PDE4D
2767	PART1
2768	ELOVL7
2769	SMIM15
2770	ZSWIM6
2771	RGS7BP
2772	ADAMTS6
2773	SHLD3
2774	ERBIN
2775	MAST4-IT1
2776	MAST4-AS1
2777	CD180
2778	PIK3R1
2779	LINC02198
2780	CCNB1
2781	CENPH
2782	TAF9
2783	MARVELD2
2784	OCLN
2785	SMN2
2786	SERF1A
2787	SMN1
2788	NAIP
2789	GTF2H2
2790	LINC02197
2791	CARTPT
2792	MAP1B
2793	LINC02056
2794	BTF3
2795	UTP15
2796	ARHGEF28
2797	LINC01331
2798	ENC1
2799	GCNT4
2800	ANKRD31
2801	HMGCR
2802	ANKDD1B
2803	SV2C
2804	IQGAP2
2805	F2R
2806	F2RL1
2807	ZBED3-AS1
2808	PDE8B
2809	SCAMP1-AS1
2810	LHFPL2
2811	DMGDH
2812	BHMT2
2813	BHMT
2814	FAM151B
2815	RASGRF2
2816	CKMT2
2817	SSBP2
2818	ATG10
2819	RPS23
2820	ATP6AP1L
2821	LINC01338
2822	VCAN
2823	VCAN-AS1
2824	EDIL3
2825	COX7C
2826	LINC01949
2827	LINC02488
2828	LINC02144
2829	TMEM161B-AS1
2830	LINC02060
2831	LINC00461
2832	MEF2C-AS2
2833	MEF2C-AS1
2834	ADGRV1
2835	LUCAT1
2836	ARRDC3
2837	ARRDC3-AS1
2838	NR2F1
2839	KIAA0825
2840	SLF1
2841	MCTP1
2842	FAM81B
2843	RFESD
2844	SPATA9
2845	GLRX
2846	LINC01554
2847	ELL2
2848	PCSK1
2849	ERAP2
2850	LIX1-AS1
2851	LIX1
2852	LINC01340
2853	LINC02234
2854	RGMB
2855	LINC02062
2856	ST8SIA4
2857	SLCO4C1
2858	PAM
2859	LINC02115
2860	NUDT12
2861	LINC02163
2862	LINC01950
2863	LINC01023
2864	TMEM232
2865	CAMK4
2866	STARD4
2867	STARD4-AS1
2868	NREP
2869	NREP-AS1
2870	EPB41L4A
2871	EPB41L4A-AS1
2872	LINC02200
2873	MCC
2874	KCNN2
2875	TRIM36
2876	FEM1C
2877	TICAM2
2878	TMED7
2879	CDO1
2880	LVRN
2881	SEMA6A
2882	SEMA6A-AS1
2883	SEMA6A-AS2
2884	LINC00992
2885	LINC02147
2886	LINC02208
2887	TNFAIP8
2888	PRR16
2889	SNCAIP
2890	LINC02201
2891	PPIC
2892	PRDM6
2893	LINC01170
2894	LINC02240
2895	GRAMD2B
2896	ALDH7A1
2897	LMNB1-DT
2898	LMNB1
2899	MARCH3
2900	C5orf63
2901	MEGF10
2902	CTXN3
2903	CCDC192
2904	SLC12A2
2905	FBN2
2906	SLC27A6
2907	ISOC1
2908	ADAMTS19
2909	CHSY3
2910	HINT1
2911	MEIKIN
2912	ACSL6
2913	P4HA2-AS1
2914	P4HA2
2915	PDLIM4
2916	SLC22A4
2917	IRF1
2918	IL5
2919	TH2LCRR
2920	CCNI2
2921	SEPTIN8
2922	SOWAHA
2923	SHROOM1
2924	GDF9
2925	UQCRQ
2926	LEAP2
2927	HSPA4
2928	FSTL4
2929	UBE2B
2930	CDKN2AIPNL
2931	TXNDC15
2932	C5orf66
2933	CXCL14
2934	SLC25A48
2935	SPOCK1
2936	MYOT
2937	PKD2L2
2938	WNT8A
2939	NME5
2940	CDC25C
2941	EGR1
2942	HSPA9
2943	LRRTM2
2944	MATR3
2945	SNHG4
2946	PROB1
2947	PSD2
2948	MALINC1
2949	IGIP
2950	CYSTM1
2951	HBEGF
2952	SLC4A9
2953	EIF4EBP3
2954	APBB3
2955	SLC35A4
2956	CD14
2957	NDUFA2
2958	TMCO6
2959	IK
2960	DND1
2961	PCDHA1
2962	PCDHA4
2963	PCDHA5
2964	PCDHA9
2965	PCDHA10
2966	PCDHA11
2967	PCDHA12
2968	PCDHA13
2969	PCDHAC1
2970	PCDHB1
2971	PCDHB2
2972	PCDHB3
2973	PCDHB4
2974	PCDHB5
2975	PCDHB6
2976	PCDHB7
2977	PCDHB16
2978	PCDHB9
2979	PCDHB10
2980	PCDHB11
2981	PCDHB12
2982	PCDHB13
2983	PCDHB14
2984	PCDHB15
2985	TAF7
2986	PCDHGA1
2987	PCDHGA2
2988	PCDHGA3
2989	PCDHGB1
2990	PCDHGA4
2991	PCDHGB2
2992	PCDHGA5
2993	PCDHGB3
2994	PCDHGA6
2995	PCDHGA7
2996	PCDHGB4
2997	PCDHGA8
2998	PCDHGB5
2999	PCDHGA9
3000	PCDHGB7
3001	PCDHGA11
3002	PCDHGA12
3003	PCDHGC4
3004	PCDHGC5
3005	RELL2
3006	FCHSD1
3007	ARAP3
3008	PCDH1
3009	PCDH12
3010	SPRY4
3011	FGF1
3012	LINC01844
3013	ARHGAP26
3014	ARHGAP26-AS1
3015	ARHGAP26-IT1
3016	PRELID2
3017	SH3RF2
3018	PLAC8L1
3019	PPP2R2B
3020	PPP2R2B-IT1
3021	STK32A-AS1
3022	STK32A
3023	DPYSL3
3024	JAKMIP2-AS1
3025	SPINK5
3026	MARCOL
3027	SPINK13
3028	SPINK9
3029	HTR4
3030	ADRB2
3031	SH3TC2
3032	SH3TC2-DT
3033	ABLIM3
3034	AFAP1L1
3035	GRPEL2
3036	GRPEL2-AS1
3037	PCYOX1L
3038	ARHGEF37
3039	PPARGC1B
3040	PDE6A
3041	TIGD6
3042	CSF1R
3043	PDGFRB
3044	SLC6A7
3045	CAMK2A
3046	ARSI
3047	CD74
3048	RPS14
3049	NDST1-AS1
3050	SYNPO
3051	SMIM3
3052	ZNF300
3053	GPX3
3054	TNIP1
3055	CCDC69
3056	GM2A
3057	SLC36A1
3058	FAT2
3059	SPARC
3060	CLMAT3
3061	GLRA1
3062	LINC01933
3063	LINC01470
3064	GRIA1
3065	MFAP3
3066	GALNT10
3067	FAXDC2
3068	SGCD
3069	HAVCR2
3070	MED7
3071	FNDC9
3072	ADAM19
3073	SOX30
3074	THG1L
3075	LSM11
3076	EBF1
3077	LINC01847
3078	ADRA1B
3079	FABP6
3080	CCNJL
3081	C1QTNF2
3082	ATP10B
3083	GABRB2
3084	GABRA6
3085	GABRA1
3086	LINC01202
3087	GABRG2
3088	CCNG1
3089	NUDCD2
3090	HMMR
3091	TENM2
3092	FBLL1
3093	SLIT3
3094	SPDL1
3095	DOCK2
3096	INSYN2B
3097	LCP2
3098	KCNIP1
3099	KCNMB1
3100	RANBP17
3101	STK10
3102	SH3PXD2B
3103	NEURL1B
3104	DUSP1
3105	RPL26L1
3106	LINC01485
3107	C5orf47
3108	NSG2
3109	LINC01411
3110	MSX2
3111	LINC01951
3112	DRD1
3113	HRH2
3114	CPLX2
3115	THOC3
3116	NOP16
3117	HIGD2A
3118	CLTB
3119	CDHR2
3120	GPRIN1
3121	SNCB
3122	EIF4E1B
3123	TSPAN17
3124	UNC5A
3125	ZNF346-IT1
3126	FGFR4
3127	RAB24
3128	MXD3
3129	PRELID1
3130	RGS14
3131	PRR7-AS1
3132	PRR7
3133	DBN1
3134	PDLIM7
3135	DOK3
3136	DDX41
3137	TMED9
3138	B4GALT7
3139	FAM153A
3140	FAM153CP
3141	NHP2
3142	HNRNPAB
3143	COL23A1
3144	ZNF454
3145	GRM6
3146	ADAMTS2
3147	CBY3
3148	LTC4S
3149	MGAT4B
3150	SQSTM1
3151	RASGEF1C
3152	GFPT2
3153	HEIH
3154	LINC00847
3155	BTNL9
3156	TRIM7
3157	RACK1
3158	DUSP22
3159	LINC01622
3160	LINC02521
3161	LINC01600
3162	MYLK4
3163	SERPINB1
3164	SERPINB9P1
3165	SERPINB9
3166	LINC01011
3167	TUBB2A
3168	LINC02525
3169	TUBB2B
3170	PSMG4
3171	SLC22A23
3172	PXDC1
3173	FAM50B
3174	FAM217A
3175	C6orf201
3176	ECI2
3177	RPP40
3178	PPP1R3G
3179	NRN1
3180	F13A1
3181	LY86-AS1
3182	LY86
3183	CAGE1
3184	BMP6
3185	TXNDC5
3186	HULC
3187	GCNT2
3188	C6orf52
3189	TMEM14C
3190	TMEM14B
3191	MAK
3192	GCM2
3193	SYCP2L
3194	ELOVL2
3195	ELOVL2-AS1
3196	NEDD9
3197	ADTRP
3198	GFOD1
3199	RNF182
3200	CD83
3201	MYLIP
3202	GMPR
3203	RBM24
3204	CAP2
3205	RNF144B
3206	MIR548A1HG
3207	ID4
3208	MBOAT1
3209	E2F3-IT1
3210	SOX4
3211	CASC15
3212	NRSN1
3213	DCDC2
3214	C6orf62
3215	LINC02828
3216	GMNN
3217	RIPOR2
3218	HIST1H1C
3219	HFE
3220	HIST1H4C
3221	HIST1H2BC
3222	HIST1H2AC
3223	HIST1H1E
3224	HIST1H2BD
3225	AL353759.1
3226	HIST1H2BE
3227	HIST1H4H
3228	BTN3A2
3229	BTN2A2
3230	BTN3A1
3231	BTN3A3
3232	HMGN4
3233	ABT1
3234	LINC00240
3235	ZNF391
3236	ZNF184
3237	HIST1H2BN
3238	ZSCAN16
3239	ZKSCAN4
3240	NKAPL
3241	ZSCAN31
3242	ZSCAN23
3243	ZBED9
3244	ZNF311
3245	GABBR1
3246	OR2H2
3247	MOG
3248	HLA-F
3249	HLA-F-AS1
3250	HLA-A
3251	HCG9
3252	ZNRD1
3253	PPP1R11
3254	HCG17
3255	RPP21
3256	HLA-E
3257	PPP1R18
3258	MDC1-AS1
3259	TUBB
3260	FLOT1
3261	IER3
3262	HCG20
3263	LINC00243
3264	GTF2H4
3265	PSORS1C1
3266	CDSN
3267	CCHCR1
3268	TCF19
3269	POU5F1
3270	HCG27
3271	HLA-C
3272	HLA-B
3273	MICA
3274	HCP5
3275	ATP6V1G2
3276	LTB
3277	APOM
3278	C6orf47
3279	GPANK1
3280	CSNK2B
3281	LY6G5B
3282	LY6G5C
3283	DDAH2
3284	CLIC1
3285	MSH5
3286	SAPCD1
3287	SAPCD1-AS1
3288	VARS
3289	LSM2
3290	HSPA1L
3291	HSPA1A
3292	HSPA1B
3293	SNHG32
3294	NEU1
3295	EHMT2-AS1
3296	C2
3297	NELFE
3298	SKIV2L
3299	DXO
3300	C4A
3301	C4B
3302	CYP21A2
3303	TNXB
3304	PRRT1
3305	RNF5
3306	AGER
3307	NOTCH4
3308	TSBP1-AS1
3309	TSBP1
3310	HLA-DRA
3311	HLA-DRB1
3312	HLA-DOB
3313	TAP2
3314	PSMB8
3315	PSMB9
3316	TAP1
3317	HLA-DMB
3318	HLA-DMA
3319	HLA-DPA1
3320	HLA-DPB1
3321	COL11A2
3322	RXRB
3323	SLC39A7
3324	HSD17B8
3325	HCG25
3326	RPS18
3327	B3GALT4
3328	WDR46
3329	PFDN6
3330	ZBTB22
3331	DAXX
3332	CUTA
3333	SYNGAP1-AS1
3334	ZBTB9
3335	BAK1
3336	ITPR3
3337	IP6K3
3338	GRM4
3339	HMGA1
3340	SMIM29
3341	NUDT3
3342	RPS10-NUDT3
3343	RPS10
3344	PACSIN1
3345	SCUBE3
3346	Z97832.2
3347	DEF6
3348	FANCE
3349	RPL10A
3350	TEAD3
3351	FKBP5
3352	ARMC12
3353	LHFPL5
3354	SLC26A8
3355	MAPK13
3356	BRPF3
3357	PNPLA1
3358	PXT1
3359	CDKN1A
3360	CPNE5
3361	PPIL1
3362	PI16
3363	MTCH1
3364	PIM1
3365	CCDC167
3366	MDGA1
3367	DNAH8
3368	GLP1R
3369	KIF6
3370	DAAM2
3371	TDRG1
3372	LINC00951
3373	LRFN2
3374	UNC5CL
3375	OARD1
3376	APOBEC2
3377	FOXP4-AS1
3378	FOXP4
3379	TFEB
3380	FRS3
3381	PRICKLE4
3382	TOMM6
3383	MED20
3384	BYSL
3385	CCND3
3386	C6orf132
3387	GUCA1B
3388	TBCC
3389	C6orf226
3390	GNMT
3391	MEA1
3392	SRF
3393	DNPH1
3394	CRIP3
3395	LRRC73
3396	YIPF3
3397	POLH-AS1
3398	GTPBP2
3399	MAD2L1BP
3400	RSPH9
3401	VEGFA
3402	AL109615.3
3403	C6orf223
3404	SLC29A1
3405	HSP90AB1
3406	SLC35B2
3407	NFKBIE
3408	TMEM151B
3409	TCTE1
3410	SPATS1
3411	RUNX2
3412	CLIC5
3413	ENPP4
3414	ENPP5
3415	RCAN2
3416	CYP39A1
3417	TDRD6
3418	ADGRF5
3419	TNFRSF21
3420	PTCHD4
3421	CENPQ
3422	PKHD1
3423	PAQR8
3424	TRAM2
3425	TRAM2-AS1
3426	TMEM14A
3427	ELOVL5
3428	KLHL31
3429	LRRC1
3430	MLIP
3431	HCRTR2
3432	GFRAL
3433	HMGCLL1
3434	COL21A1
3435	DST
3436	ZNF451-AS1
3437	BAG2
3438	RAB23
3439	EYS
3440	LINC02549
3441	AL391807.1
3442	ADGRB3
3443	COL19A1
3444	COL9A1
3445	B3GAT2
3446	OGFRL1
3447	LINC00472
3448	RIMS1
3449	KCNQ5
3450	KHDC1
3451	DDX43
3452	CGAS
3453	EEF1A1
3454	SLC17A5
3455	CD109
3456	COL12A1
3457	COX7A2
3458	FILIP1
3459	IMPG1
3460	MEI4
3461	HMGN3
3462	HMGN3-AS1
3463	LINC01621
3464	BCKDHB
3465	TENT5A
3466	LINC02542
3467	TPBG
3468	ME1
3469	PRSS35
3470	RIPPLY2
3471	MRAP2
3472	NT5E
3473	HTR1E
3474	GJB7
3475	SMIM8
3476	C6orf163
3477	CFAP206
3478	CNR1
3479	PNRC1
3480	GABRR1
3481	GABRR2
3482	RRAGD
3483	ANKRD6
3484	BACH2
3485	CASC6
3486	EPHA7
3487	MANEA-DT
3488	MANEA
3489	UFL1-AS1
3490	GPR63
3491	NDUFAF4
3492	KLHL32
3493	POU3F2
3494	FAXC
3495	CCNC
3496	MCHR2
3497	GRIK2
3498	LIN28B-AS1
3499	LIN28B
3500	BVES
3501	BVES-AS1
3502	POPDC3
3503	PREP
3504	PRDM1
3505	CRYBG1
3506	LINC02526
3507	CD24
3508	BEND3
3509	OSTM1-AS1
3510	NR2E1
3511	SNX3
3512	LINC00222
3513	ARMC2-AS1
3514	SESN1
3515	SMPD2
3516	MICAL1
3517	METTL24
3518	DDO
3519	SLC22A16
3520	GTF3C6
3521	SLC16A10
3522	MFSD4B
3523	FYN
3524	LAMA4
3525	MARCKS
3526	HDAC2-AS2
3527	HS3ST5
3528	FRK
3529	COL10A1
3530	DSE
3531	TSPYL1
3532	RSPH4A
3533	FAM162B
3534	ROS1
3535	SLC35F1
3536	PLN
3537	ASF1A
3538	MAN1A1
3539	GJA1
3540	PKIB
3541	FABP7
3542	CLVS2
3543	TRDN
3544	TRDN-AS1
3545	NKAIN2
3546	RNF217-AS1
3547	TPD52L1
3548	HDDC2
3549	LINC02523
3550	HEY2
3551	NCOA7-AS1
3552	RSPO3
3553	KIAA0408
3554	SOGA3
3555	C6orf58
3556	THEMIS
3557	LAMA2
3558	ARHGAP18
3559	L3MBTL3
3560	SAMD3
3561	TMEM200A
3562	ENPP3
3563	ENPP1
3564	CCN2
3565	LINC01013
3566	MOXD1
3567	RPS12
3568	LINC00326
3569	EYA4
3570	TARID
3571	SLC2A12
3572	SGK1
3573	LINC01010
3574	ALDH8A1
3575	LINC00271
3576	PDE7B
3577	MTFR2
3578	MAP7
3579	IL20RA
3580	WAKMAR2
3581	TNFAIP3
3582	PERP
3583	HEBP2
3584	NHSL1
3585	GVQW2
3586	CCDC28A
3587	ECT2L
3588	ABRACL
3589	TXLNB
3590	CITED2
3591	LINC01625
3592	NMBR
3593	LINC01277
3594	ADAT2
3595	FUCA2
3596	LTV1
3597	ZC2HC1B
3598	PLAGL1
3599	HYMAI
3600	SF3B5
3601	EPM2A
3602	GRM1
3603	RAB32
3604	ADGB
3605	SAMD5
3606	SASH1
3607	UST
3608	TAB2
3609	TAB2-AS1
3610	SUMO4
3611	ZC3H12D
3612	RAET1E
3613	PPP1R14C
3614	MTHFD1L
3615	AKAP12
3616	ZBTB2
3617	CCDC170
3618	ESR1
3619	SYNE1
3620	VIP
3621	FBXO5
3622	MTRF1L
3623	RGS17
3624	OPRM1
3625	IPCEF1
3626	CNKSR3
3627	TIAM2
3628	CLDN20
3629	ZDHHC14
3630	SYNJ2
3631	DYNLT1
3632	SYTL3
3633	EZR-AS1
3634	C6orf99
3635	TAGAP
3636	SOD2
3637	WTAP
3638	ACAT2
3639	TCP1
3640	MRPL18
3641	PNLDC1
3642	MAS1
3643	SLC22A1
3644	SLC22A3
3645	AGPAT4
3646	PACRG
3647	PACRG-AS2
3648	PACRG-AS3
3649	CAHM
3650	C6orf118
3651	PDE10A
3652	PRR18
3653	RPS6KA2
3654	RPS6KA2-IT1
3655	RAMACL
3656	RNASET2
3657	CCR6
3658	AFDN-DT
3659	KIF25
3660	THBS2
3661	LINC02519
3662	WDR27
3663	C6orf120
3664	TCTE3
3665	ERMARD
3666	LINC00574
3667	DLL1
3668	FAM20C
3669	PDGFA
3670	GET4
3671	ADAP1
3672	COX19
3673	GPR146
3674	GPER1
3675	ZFAND2A
3676	MAFK
3677	PSMG3
3678	PSMG3-AS1
3679	ELFN1
3680	MRM2
3681	NUDT1
3682	SNX8
3683	CHST12
3684	LFNG
3685	TTYH3
3686	AMZ1
3687	GNA12
3688	CARD11
3689	SDK1
3690	RADIL
3691	PAPOLB
3692	MMD2
3693	SLC29A4
3694	ACTB
3695	FSCN1
3696	OCM
3697	AIMP2
3698	GRID2IP
3699	ZNF853
3700	COL28A1
3701	RPA3
3702	GLCCI1
3703	ICA1
3704	NXPH1
3705	NDUFA4
3706	VWDE
3707	ARL4A
3708	ETV1
3709	DGKB
3710	AGMO
3711	MEOX2
3712	CRPPA
3713	CRPPA-AS1
3714	TSPAN13
3715	AHR
3716	HDAC9
3717	TWISTNB
3718	TMEM196
3719	MACC1
3720	ITGB8
3721	ABCB5
3722	DNAH11
3723	CDCA7L
3724	RAPGEF5
3725	STEAP1B
3726	TOMM7
3727	SNHG26
3728	KLHL7-DT
3729	GPNMB
3730	IGF2BP3
3731	STK31
3732	NPY
3733	MPP6
3734	GSDME
3735	OSBPL3
3736	CYCS
3737	C7orf31
3738	AC005165.1
3739	NFE2L3
3740	SNX10
3741	SKAP2
3742	JAZF1-AS1
3743	CREB5
3744	TRIL
3745	CPVL
3746	WIPF3
3747	ZNRF2
3748	LINC01176
3749	NOD1
3750	GGCT
3751	GARS
3752	CRHR2
3753	MINDY4
3754	AQP1
3755	GHRHR
3756	ADCYAP1R1
3757	NEUROD6
3758	ITPRID1
3759	PDE1C
3760	LINC00997
3761	BBS9
3762	BMPER
3763	NPSR1-AS1
3764	NPSR1
3765	SEPTIN7-AS1
3766	EEPD1
3767	ANLN
3768	AOAH
3769	ELMO1
3770	EPDR1
3771	SFRP4
3772	AMPH
3773	POU6F2
3774	YAE1
3775	LINC00265
3776	SUGCT
3777	LINC01449
3778	INHBA
3779	INHBA-AS1
3780	C7orf25
3781	MRPL32
3782	HECW1
3783	STK17A
3784	MRPS24
3785	SPDYE1
3786	LINC00957
3787	PGAM2
3788	POLM
3789	AEBP1
3790	POLD2
3791	MYL7
3792	GCK
3793	CAMK2B
3794	DDX56
3795	PPIA
3796	LINC01952
3797	SNHG15
3798	NACAD
3799	TBRG4
3800	RAMP3
3801	ADCY1
3802	TNS3
3803	PKD1L1
3804	UPP1
3805	ABCA13
3806	VWC2
3807	ZPBP
3808	FIGNL1
3809	GRB10
3810	COBL
3811	LINC01445
3812	VSTM2A
3813	VSTM2A-OT1
3814	SEC61G
3815	EGFR
3816	EGFR-AS1
3817	LANCL2
3818	ZNF713
3819	MRPS17
3820	CCT6A
3821	PHKG1
3822	CHCHD2
3823	LINC02848
3824	ZNF727
3825	ZNF273
3826	ERV3-1
3827	TPST1
3828	LINC00174
3829	LINC02604
3830	SBDS
3831	SPDYE21P
3832	CT66
3833	GALNT17
3834	CALN1
3835	SPDYE9P
3836	FKBP6
3837	FZD9
3838	MLXIPL
3839	VPS37D
3840	DNAJC30
3841	STX1A
3842	ABHD11
3843	CLDN4
3844	METTL27
3845	ELN
3846	LAT2
3847	RFC2
3848	CLIP2
3849	GTF2IRD1
3850	GTF2IRD2
3851	TRIM73
3852	SPDYE5
3853	HIP1
3854	RHBDD2
3855	TMEM120A
3856	SRRM3
3857	HSPB1
3858	YWHAG
3859	SSC4D
3860	ZP3
3861	SPDYE16
3862	POMZP3
3863	TMEM60
3864	CD36
3865	SEMA3C
3866	HGF
3867	PCLO
3868	SEMA3E
3869	SEMA3A
3870	SEMA3D
3871	LINC00972
3872	GRM3
3873	KIAA1324L
3874	TMEM243
3875	TP53TG1
3876	ABCB1
3877	RUNDC3B
3878	DBF4
3879	SRI
3880	STEAP4
3881	ZNF804B
3882	STEAP2-AS1
3883	STEAP1
3884	FZD1
3885	MTERF1
3886	CYP51A1
3887	CYP51A1-AS1
3888	LRRD1
3889	ERVW-1
3890	RBM48
3891	CDK6
3892	SAMD9
3893	SAMD9L
3894	GNG11
3895	BET1
3896	PEG10
3897	PON1
3898	PON3
3899	PON2
3900	ASB4
3901	PDK4
3902	DYNC1I1
3903	SEM1
3904	DLX6-AS1
3905	TAC1
3906	ASNS
3907	BAIAP2L1
3908	NPTX2
3909	TMEM130
3910	KPNA7
3911	ARPC1B
3912	BUD31
3913	PTCD1
3914	CPSF4
3915	ATP5MF
3916	FAM200A
3917	TMEM225B
3918	CYP3A5
3919	CYP3A7
3920	CYP3A4
3921	CYP3A43
3922	AZGP1
3923	COPS6
3924	MCM7
3925	MBLAC1
3926	MAP11
3927	GAL3ST4
3928	GPC2
3929	STAG3
3930	CASTOR3
3931	SPDYE3
3932	PILRB
3933	ZCWPW1
3934	MEPCE
3935	PPP1R35
3936	C7orf61
3937	NYAP1
3938	AGFG2
3939	SAP25
3940	LRCH4
3941	FBXO24
3942	PCOLCE-AS1
3943	PCOLCE
3944	MOSPD3
3945	TFR2
3946	ACTL6B
3947	GNB2
3948	POP7
3949	ZAN
3950	EPHB4
3951	SLC12A9-AS1
3952	TRIP6
3953	ACHE
3954	TRIM56
3955	AP1S1
3956	VGF
3957	PLOD3
3958	ZNHIT1
3959	CLDN15
3960	FIS1
3961	COL26A1
3962	SH2B2
3963	SPDYE6
3964	ORAI2
3965	LRWD1
3966	POLR2J
3967	RASA4B
3968	UPK3BL2
3969	SPDYE2
3970	POLR2J3
3971	RASA4
3972	UPK3BL1
3973	SPDYE2B
3974	POLR2J2
3975	FBXL13
3976	LRRC17
3977	NFE4
3978	DNAJC2
3979	SLC26A5
3980	RELN
3981	LHFPL3
3982	EFCAB10
3983	NAMPT
3984	CCDC71L
3985	PRKAR2B
3986	GPR22
3987	SLC26A4-AS1
3988	SLC26A4
3989	SLC26A3
3990	LAMB1
3991	LAMB4
3992	DNAJB9
3993	LRRN3
3994	DOCK4-AS1
3995	IFRD1
3996	LSMEM1
3997	GPR85
3998	SMIM30
3999	FOXP2
4000	MDFIC
4001	AC002066.1
4002	CAV2
4003	MET
4004	ST7-AS1
4005	ST7-OT4
4006	ST7-AS2
4007	CFTR
4008	CTTNBP2
4009	ANKRD7
4010	KCND2
4011	TSPAN12
4012	CPED1
4013	FEZF1-AS1
4014	CADPS2
4015	IQUB
4016	TMEM229A
4017	GPR37
4018	POT1-AS1
4019	GRM8
4020	GCC1
4021	ARF5
4022	FSCN3
4023	PRRT4
4024	IMPDH1
4025	HILPDA
4026	METTL2B
4027	FAM71F2
4028	FAM71F1
4029	CCDC136
4030	FLNC
4031	FLNC-AS1
4032	KCP
4033	ATP6V1F
4034	IRF5
4035	TSPAN33
4036	AHCYL2
4037	STRIP2
4038	MEST
4039	LINC-PINT
4040	MKLN1-AS
4041	PODXL
4042	PLXNA4
4043	LRGUK
4044	AKR1B1
4045	BPGM
4046	CALD1
4047	AGBL3
4048	CYREN
4049	TMEM140
4050	SLC13A4
4051	CHRM2
4052	PTN
4053	DGKI
4054	CREB3L2
4055	SVOPL
4056	ATP6V0A4
4057	KIAA1549
4058	TTC26
4059	FMC1
4060	CLEC2L
4061	PARP12
4062	KDM7A-DT
4063	DENND2A
4064	NDUFB2
4065	DENND11
4066	WEE2-AS1
4067	WEE2
4068	TAS2R4
4069	TAS2R5
4070	MGAM
4071	OR9A4
4072	CLEC5A
4073	MGAM2
4074	EPHB6
4075	KEL
4076	TMEM139
4077	FAM131B
4078	ZYX
4079	EPHA1-AS1
4080	TCAF2
4081	OR2A1-AS1
4082	TPK1
4083	CNTNAP2
4084	EZH2
4085	PDIA4
4086	ZNF212
4087	ZNF467
4088	SSPO
4089	ATP6V0E2-AS1
4090	ATP6V0E2
4091	ACTR3C
4092	LRRC61
4093	RARRES2
4094	GIMAP2
4095	TMEM176B
4096	TMEM176A
4097	KCNH2
4098	ASIC3
4099	CDK5
4100	SLC4A2
4101	FASTK
4102	TMUB1
4103	CHPF2
4104	SMARCD3
4105	WDR86
4106	PRKAG2-AS1
4107	LINC01003
4108	XRCC2
4109	DPP6
4110	PAXIP1-AS1
4111	HTR5A
4112	INSIG1
4113	LINC01006
4114	RNF32
4115	DNAJB6
4116	LINC00689
4117	VIPR2
4118	ZNF596
4119	DLGAP2
4120	ARHGEF10
4121	KBTBD11-OT1
4122	MYOM2
4123	CSMD1
4124	MCPH1
4125	ANGPT2
4126	FAM66B
4127	FAM66E
4128	FAM85B
4129	PRAG1
4130	MFHAS1
4131	PPP1R3B
4132	LINC00599
4133	MSRA
4134	PRSS51
4135	PRSS55
4136	XKR6
4137	LINC00529
4138	AF131216.3
4139	FAM167A-AS1
4140	FAM167A
4141	NEIL2
4142	FDFT1
4143	FAM66D
4144	FAM86B1
4145	FAM66A
4146	FAM86B2
4147	TRMT9B
4148	DLC1
4149	C8orf48
4150	SGCZ
4151	TUSC3
4152	MSR1
4153	MTMR7
4154	SLC7A2
4155	PDGFRL
4156	MTUS1
4157	FGL1
4158	SH2D4A
4159	LPL
4160	LZTS1
4161	GFRA2
4162	NPM2
4163	FGF17
4164	DMTN
4165	NUDT18
4166	HR
4167	REEP4
4168	LGI3
4169	BMP1
4170	PHYHIP
4171	POLR3D
4172	PIWIL2
4173	SLC39A14
4174	PPP3CC
4175	SORBS3
4176	PDLIM2
4177	C8orf58
4178	BIN3
4179	EGR3
4180	PEBP4
4181	RHOBTB2
4182	TNFRSF10B
4183	TNFRSF10C
4184	LOXL2
4185	AC090197.1
4186	SLC25A37
4187	ADAM28
4188	NEFM
4189	NEFL
4190	DOCK5
4191	GNRH1
4192	BNIP3L
4193	PNMA2
4194	ADRA1A
4195	STMN4
4196	CLU
4197	SCARA3
4198	PNOC
4199	ZNF395
4200	FBXO16
4201	EXTL3-AS1
4202	HMBOX1
4203	RBPMS-AS1
4204	RBPMS
4205	SMIM18
4206	UBXN8
4207	TEX15
4208	PURG
4209	NRG1
4210	MAK16
4211	RNF122
4212	DUSP26
4213	UNC5D
4214	LINC01605
4215	ZNF703
4216	ADGRA2
4217	BRF2
4218	RAB11FIP1
4219	EIF4EBP1
4220	STAR
4221	LETM2
4222	FGFR1
4223	C8orf86
4224	HTRA4
4225	TM2D2
4226	ADAM32
4227	ADAM18
4228	IDO1
4229	ZMAT4
4230	SFRP1
4231	GINS4
4232	ANK1
4233	PLAT
4234	VDAC3
4235	SLC20A2
4236	THAP1
4237	CEBPD
4238	MCM4
4239	EFCAB1
4240	SNTG1
4241	PXDNL
4242	ST18
4243	OPRK1
4244	RGS20
4245	RP1
4246	XKR4
4247	LYN
4248	RPS20
4249	PLAG1
4250	CHCHD7
4251	LINC01602
4252	FAM110B
4253	SDCBP
4254	TOX
4255	CA8
4256	LINC01301
4257	CLVS1
4258	GGH
4259	TTPA
4260	YTHDF3-AS1
4261	LINC01414
4262	LINC01289
4263	MIR124-2HG
4264	CYP7B1
4265	RRS1-AS1
4266	RRS1
4267	ADHFE1
4268	VXN
4269	MYBL1
4270	MCMDC2
4271	SNHG6
4272	TCF24
4273	PPP1R42
4274	AC021321.1
4275	CPA6
4276	C8orf34-AS1
4277	C8orf34
4278	SULF1
4279	SLCO5A1
4280	LACTB2-AS1
4281	XKR9
4282	EYA1
4283	MSC-AS1
4284	KCNB2
4285	SBSPON
4286	C8orf89
4287	RPL7
4288	RDH10
4289	RDH10-AS1
4290	TMEM70
4291	GDAP1
4292	MIR2052HG
4293	AC115837.2
4294	PI15
4295	CRISPLD1
4296	CASC9
4297	HNF4G
4298	LINC01111
4299	ZFHX4-AS1
4300	ZFHX4
4301	PKIA-AS1
4302	PKIA
4303	ZC2HC1A
4304	IL7
4305	STMN2
4306	HEY1
4307	LINC01607
4308	TPD52
4309	FABP5
4310	PMP2
4311	SNX16
4312	LINC02235
4313	RALYL
4314	LRRCC1
4315	E2F5
4316	RBIS
4317	CA13
4318	CA1
4319	CA3
4320	CA3-AS1
4321	CA2
4322	CNGB3
4323	CNBD1
4324	MMP16
4325	RIPK2
4326	OSGIN2
4327	DECR1
4328	CALB1
4329	LINC00534
4330	NECAB1
4331	C8orf88
4332	OTUD6B-AS1
4333	LRRC69
4334	SLC26A7
4335	PDP1
4336	CDH17
4337	GEM
4338	RAD54B
4339	FSBP
4340	ESRP1
4341	CCNE2
4342	C8orf37-AS1
4343	C8orf37
4344	UQCRB
4345	TSPYL5
4346	MATN2
4347	RPL30
4348	ERICH5
4349	RIDA
4350	NIPAL2
4351	COX6C
4352	RGS22
4353	FBXO43
4354	POLR2K
4355	SPAG1
4356	RNF19A
4357	SNX31
4358	AP003469.4
4359	NCALD
4360	RRM2B
4361	UBR5-AS1
4362	KLF10
4363	AZIN1-AS1
4364	BAALC-AS2
4365	BAALC
4366	BAALC-AS1
4367	FZD6
4368	CTHRC1
4369	RIMS2
4370	DPYS
4371	ZFPM2
4372	ZFPM2-AS1
4373	ANGPT1
4374	RSPO2
4375	EIF3E
4376	TMEM74
4377	PKHD1L1
4378	SYBU
4379	KCNV1
4380	LINC01608
4381	LINC01609
4382	LINC02237
4383	CSMD3
4384	TRPS1
4385	LINC00536
4386	UTP23
4387	SLC30A8
4388	SAMD12
4389	SAMD12-AS1
4390	TNFRSF11B
4391	MAL2
4392	ENPP2
4393	DSCC1
4394	DEPTOR
4395	COL14A1
4396	MTBP
4397	SNTB1
4398	HAS2-AS1
4399	LINC01151
4400	AC016405.3
4401	ZHX2
4402	TBC1D31
4403	FBXO32
4404	FER1L6
4405	FER1L6-AS2
4406	RNF139
4407	NDUFB9
4408	MTSS1
4409	LINC00964
4410	ZNF572
4411	SQLE
4412	WASHC5-AS1
4413	TRIB1
4414	LINC00861
4415	LRATD2
4416	PCAT1
4417	CASC19
4418	PRNCR1
4419	CASC8
4420	MYC
4421	PVT1
4422	LINC00824
4423	CCDC26
4424	ASAP1-IT2
4425	ADCY8
4426	KCNQ3
4427	HPYR1
4428	TG
4429	CCN4
4430	NDRG1
4431	ST3GAL1
4432	KHDRBS3
4433	LINC02055
4434	FAM135B
4435	COL22A1
4436	KCNK9
4437	PEG13
4438	CHRAC1
4439	ERICD
4440	DENND3
4441	PTP4A3
4442	TSNARE1
4443	ADGRB1
4444	ARC
4445	PSCA
4446	LNCOC1
4447	THEM6
4448	LYNX1
4449	LY6E-DT
4450	LY6E
4451	LY6H
4452	ZFP41
4453	GLI4
4454	MINCR
4455	TOP1MT
4456	RHPN1
4457	GSDMD
4458	MROH6
4459	NAPRT
4460	TIGD5
4461	PYCR3
4462	TSTA3
4463	ZNF707
4464	FAM83H
4465	IQANK1
4466	NRBP2
4467	SPATC1
4468	OPLAH
4469	EXOSC4
4470	GPAA1
4471	CYC1
4472	MAF1
4473	WDR97
4474	HGH1
4475	BOP1
4476	SCX
4477	HSF1
4478	SCRT1
4479	TMEM249
4480	SLC52A2
4481	FBXL6
4482	CPSF1
4483	VPS28
4484	TONSL
4485	KIFC2
4486	PPP1R16A
4487	GPT
4488	MFSD3
4489	RECQL4
4490	LRRC14
4491	LRRC24
4492	C8orf82
4493	ARHGAP39
4494	RPL8
4495	ZNF252P-AS1
4496	C8orf33
4497	WASHC1
4498	DOCK8
4499	VLDLR-AS1
4500	VLDLR
4501	KCNV2
4502	RFX3-AS1
4503	GLIS3-AS1
4504	SLC1A1
4505	SPATA6L
4506	PLPP6
4507	CDC37L1-DT
4508	AK3
4509	INSL6
4510	CD274
4511	PDCD1LG2
4512	MLANA
4513	IL33
4514	GLDC
4515	DMAC1
4516	PTPRD
4517	PTPRD-AS1
4518	LURAP1L-AS1
4519	LURAP1L
4520	NFIB
4521	AL136366.1
4522	FREM1
4523	CCDC171
4524	C9orf92
4525	BNC2
4526	SH3GL2
4527	ADAMTSL1
4528	SAXO1
4529	RRAGA
4530	PLIN2
4531	RPS6
4532	ACER2
4533	SLC24A2
4534	HACD4
4535	MIR31HG
4536	CDKN2A
4537	CDKN2B-AS1
4538	CDKN2B
4539	DMRTA1
4540	LINC01239
4541	ELAVL2
4542	TUSC1
4543	LINC01241
4544	LRRC19
4545	TEK
4546	MOB3B
4547	LINGO2
4548	SMIM27
4549	DNAJA1
4550	B4GALT1
4551	BAG1
4552	NOL6
4553	ANKRD18B
4554	CYP4F26P
4555	PTENP1-AS
4556	PRSS3
4557	AL354989.1
4558	KIF24
4559	NUDT2
4560	MYORG
4561	C9orf24
4562	FAM219A
4563	DNAI1
4564	ENHO
4565	CNTFR
4566	CNTFR-AS1
4567	RPP25L
4568	DCTN3
4569	SIGMAR1
4570	GALT
4571	IL11RA
4572	PHF24
4573	DNAJB5
4574	C9orf131
4575	FANCG
4576	PIGO
4577	STOML2
4578	TESK1
4579	CD72
4580	RMRP
4581	CCDC107
4582	ARHGEF39
4583	TPM2
4584	CREB3
4585	SPAG8
4586	HINT2
4587	FAM221B
4588	SPAAR
4589	GLIPR2
4590	MELK
4591	POLR1E
4592	TOMM5
4593	FRMPD1
4594	SHB
4595	ANKRD18A
4596	CNTNAP3
4597	GLIDR
4598	BMS1P14
4599	CBWD6
4600	FAM242F
4601	CNTNAP3B
4602	CNTNAP3C
4603	FAM27C
4604	LINC01410
4605	LERFS
4606	ANKRD20A4
4607	ANKRD20A3
4608	ZNF658
4609	FAM27E3
4610	ANKRD20A1
4611	PGM5
4612	TMEM252-DT
4613	PIP5K1B
4614	FAM122A
4615	TJP2
4616	FAM189A2
4617	PTAR1
4618	MAMDC2-AS1
4619	MAMDC2
4620	KLF9
4621	TRPM3
4622	CEMIP2
4623	C9orf57
4624	GDA
4625	LINC01504
4626	ZFAND5
4627	TMC1
4628	LINC01474
4629	ALDH1A1
4630	ANXA1
4631	RORB-AS1
4632	TRPM6
4633	C9orf40
4634	CARNMT1-AS1
4635	NMRK1
4636	OSTF1
4637	RFK
4638	GCNT1
4639	PRUNE2
4640	PCA3
4641	GNA14
4642	GNA14-AS1
4643	PSAT1
4644	TLE1
4645	RASEF
4646	FRMD3
4647	IDNK
4648	SLC28A3
4649	NTRK2
4650	C9orf153
4651	GAS1
4652	GAS1RR
4653	C9orf170
4654	DAPK1
4655	DAPK1-IT1
4656	CTSL
4657	CDK20
4658	NXNL2
4659	S1PR3
4660	SHC3
4661	CKS2
4662	SEMA4D
4663	GADD45G
4664	LINC01508
4665	DIRAS2
4666	SYK
4667	NFIL3
4668	ROR2
4669	IARS
4670	CENPP
4671	OGN
4672	OMD
4673	ASPN
4674	ECM2
4675	BICD2
4676	NINJ1
4677	WNK2
4678	C9orf129
4679	PTPDC1
4680	LINC02603
4681	PCAT7
4682	FANCC
4683	PTCH1
4684	LINC00476
4685	LINC00092
4686	SLC35D2
4687	ZNF367
4688	TMOD1
4689	PTCSC2
4690	TRMO
4691	NANS
4692	TRIM14
4693	CORO2A
4694	GABBR2
4695	GALNT12
4696	SEC61B
4697	NR4A3
4698	CAVIN4
4699	PLPPR1
4700	BAAT
4701	MRPL50
4702	ALDOB
4703	TMEM246-AS1
4704	TMEM246
4705	GRIN3A
4706	SMC2
4707	NIPSNAP3A
4708	NIPSNAP3B
4709	ABCA1
4710	LINC01505
4711	KLF4
4712	FRRS1L
4713	EPB41L4B
4714	PTPN3
4715	PALM2-AKAP2
4716	TXN
4717	SVEP1
4718	MUSK
4719	LPAR1
4720	SHOC1
4721	UGCG
4722	SUSD1
4723	C9orf147
4724	ZNF883
4725	ZFP37
4726	FAM225B
4727	SLC31A2
4728	PRPF4
4729	RNF183
4730	WDR31
4731	BSPRY
4732	HDHD3
4733	ALAD
4734	POLE3
4735	C9orf43
4736	RGS3
4737	ZNF618
4738	COL27A1
4739	AKNA
4740	WHRN
4741	TEX53
4742	TEX48
4743	DEC1
4744	TNC
4745	PAPPA
4746	PAPPA-AS1
4747	ASTN2
4748	ASTN2-AS1
4749	TRIM32
4750	TLR4
4751	BRINP1
4752	B3GNT10
4753	PHF19
4754	TRAF1
4755	C5
4756	GSN
4757	GSN-AS1
4758	STOM
4759	DAB2IP
4760	MORN5
4761	LHX6
4762	ZBTB6
4763	MIR600HG
4764	CRB2
4765	LHX2
4766	NEK6
4767	MIR181A2HG
4768	RPL35
4769	ARPC5L
4770	HSPA5
4771	ZBTB34
4772	ANGPTL2
4773	ZNF79
4774	RPL12
4775	NIBAN2
4776	CFAP157
4777	TOR2A
4778	SH2D3C
4779	ENG
4780	ST6GALNAC6
4781	PIP5KL1
4782	DPM2
4783	NAIF1
4784	SLC25A25-AS1
4785	PTGES2
4786	C9orf16
4787	DNM1
4788	SLC27A4
4789	CERCAM
4790	HMGA1P4
4791	PKN3
4792	ZDHHC12
4793	ENDOG
4794	SPOUT1
4795	PHYHD1
4796	DOLK
4797	DOLPP1
4798	CRAT
4799	PTPA
4800	IER5L
4801	AL161785.1
4802	LINC01503
4803	LINC00963
4804	NTMT1
4805	C9orf50
4806	ASB6
4807	NCS1
4808	HMCN2
4809	ASS1
4810	LAMC3
4811	AIF1L
4812	FAM78A
4813	NTNG2
4814	CFAP77
4815	AK8
4816	CEL
4817	RALGDS
4818	GBGT1
4819	ABO
4820	RPL7A
4821	SURF1
4822	SURF2
4823	STKLD1
4824	REXO4
4825	SLC2A6
4826	ADAMTSL2
4827	DBH-AS1
4828	SARDH
4829	VAV2
4830	BRD3OS
4831	RXRA
4832	COL5A1
4833	OLFM1
4834	PPP1R26-AS1
4835	C9orf116
4836	MRPS2
4837	SOHLH1
4838	KCNT1
4839	NACC2
4840	CARD9
4841	INPP5E
4842	NALT1
4843	EGFL7
4844	AGPAT2
4845	DIPK1B
4846	SNHG7
4847	TMEM141
4848	CCDC183
4849	CCDC183-AS1
4850	AJM1
4851	PHPT1
4852	MAMDC4
4853	EDF1
4854	TRAF2
4855	FBXW5
4856	LCN12
4857	PTGDS
4858	LCNL1
4859	PAXX
4860	C9orf139
4861	NPDC1
4862	ENTPD2
4863	UAP1L1
4864	MAN1B1-DT
4865	DPP7
4866	GRIN1
4867	ANAPC2
4868	SSNA1
4869	TMEM203
4870	RNF208
4871	TUBB4B
4872	NRARP
4873	NOXA1
4874	PNPLA7
4875	MRPL41
4876	ZMYND19
4877	CACNA1B
4878	TUBB8
4879	PRR26
4880	IDI2-AS1
4881	IDI1
4882	LINC00200
4883	ADARB2
4884	PFKP
4885	PITRM1-AS1
4886	LINC02669
4887	KLF6
4888	AKR1E2
4889	AKR1C1
4890	AKR1C3
4891	NET1
4892	IL15RA
4893	IL2RA
4894	PFKFB3
4895	LINC02649
4896	LINC02656
4897	PRKCQ
4898	PRKCQ-AS1
4899	LINC00707
4900	ITIH5
4901	ITIH2
4902	CELF2-DT
4903	LINC00710
4904	CELF2-AS2
4905	ECHDC3
4906	PROSER2
4907	PROSER2-AS1
4908	CCDC3
4909	FRMD4A
4910	AL157392.2
4911	FAM107B
4912	CDNF
4913	HSPA14
4914	MEIG1
4915	OLAH
4916	ACBD7
4917	RPP38-DT
4918	RPP38
4919	FAM171A1
4920	ITGA8
4921	PTER
4922	C1QL3
4923	CUBN
4924	TRDMT1
4925	VIM-AS1
4926	VIM
4927	ST8SIA6
4928	HACD1
4929	STAM-AS1
4930	MRC1
4931	SLC39A12
4932	SLC39A12-AS1
4933	CACNB2
4934	MALRD1
4935	PLXDC2
4936	NEBL-AS1
4937	MIR1915HG
4938	SKIDA1
4939	COMMD3
4940	SPAG6
4941	ARMC3
4942	C10orf67
4943	OTUD1
4944	KIAA1217
4945	ENKUR
4946	THNSL1
4947	GPR158
4948	LINC00836
4949	MYO3A
4950	GAD2
4951	APBB1IP
4952	MASTL
4953	LINC02680
4954	MKX
4955	ARMC4
4956	MPP7
4957	LINC02652
4958	BAMBI
4959	LINC01517
4960	SVIL
4961	JCAD
4962	MAP3K8
4963	LINC02664
4964	ZEB1-AS1
4965	CCDC7
4966	ITGB1
4967	ITGB1-DT
4968	NRP1
4969	PARD3
4970	PARD3-AS1
4971	LINC02634
4972	FZD8
4973	ANKRD30A
4974	LINC00839
4975	ZNF33B
4976	RET
4977	RASGEF1A
4978	HNRNPF
4979	ZNF239
4980	ZNF485
4981	ZNF32-AS3
4982	CXCL12
4983	TMEM72-AS1
4984	TMEM72
4985	RASSF4
4986	DEPP1
4987	C10orf25
4988	ZNF22
4989	ALOX5
4990	LINC00842
4991	SYT15
4992	PTPN20
4993	GDF10
4994	ANXA8
4995	FAM25G
4996	AGAP9
4997	FRMPD2
4998	ARHGAP22
4999	WDFY4
5000	OGDHL
5001	SGMS1-AS1
5002	ASAH2B
5003	PRKG1
5004	CSTF2T
5005	PRKG1-AS1
5006	LNCAROD
5007	PCDH15
5008	BICC1
5009	LINC00844
5010	PHYHIPL
5011	FAM13C
5012	SLC16A9
5013	ANK3
5014	RHOBTB1
5015	CABCOCO1
5016	ARID5B
5017	RTKN2
5018	ZNF365
5019	ADO
5020	LINC01515
5021	CTNNA3
5022	LRRTM3
5023	DNAJC12
5024	PBLD
5025	DNA2
5026	TET1
5027	SRGN
5028	HKDC1
5029	TSPAN15
5030	FAM241B
5031	COL13A1
5032	LINC02636
5033	H2AFY2
5034	AIFM2
5035	PPA1
5036	NPFFR1
5037	LRRC20
5038	NODAL
5039	PALD1
5040	PCBD1
5041	UNC5B
5042	SLC29A3
5043	CDH23
5044	C10orf105
5045	VSIR
5046	CHST3
5047	ANAPC16
5048	DDIT4
5049	P4HA1
5050	NUDT13
5051	DNAJC9-AS1
5052	CFAP70
5053	PPP3CB-AS1
5054	MYOZ1
5055	SYNPO2L
5056	FUT11
5057	CHCHD1
5058	ZSWIM8-AS1
5059	CAMK2G
5060	COMTD1
5061	ZNF503-AS1
5062	ZNF503
5063	ZNF503-AS2
5064	LRMDA
5065	KCNMA1-AS1
5066	KCNMA1-AS3
5067	RPS24
5068	LINC00595
5069	ZMIZ1-AS1
5070	ZMIZ1
5071	PPIF
5072	ZCCHC24
5073	LINC02679
5074	NUTM2B-AS1
5075	SFTPD
5076	SFTPD-AS1
5077	TMEM254-AS1
5078	PLAC9
5079	ANXA11
5080	SH2D4B
5081	CDHR1
5082	RGR
5083	GRID1-AS1
5084	LDB3
5085	MMRN2
5086	SNCG
5087	ADIRF-AS1
5088	ADIRF
5089	GLUD1
5090	LINC00863
5091	PAPSS2
5092	RNLS
5093	STAMBPL1
5094	ACTA2
5095	FAS
5096	CH25H
5097	IFIT2
5098	IFIT3
5099	IFIT1
5100	IFIT5
5101	SLC16A12
5102	KIF20B
5103	LINC01374
5104	LINC00502
5105	PPP1R3C
5106	TNKS2-AS1
5107	FGFBP3
5108	CPEB3
5109	KIF11
5110	MYOF
5111	RBP4
5112	PDE6C
5113	LGI1
5114	SLC35G1
5115	PLCE1
5116	PLCE1-AS2
5117	PLCE1-AS1
5118	HELLS
5119	CYP2C8
5120	ACSM6
5121	SORBS1
5122	ALDH18A1
5123	ENTPD1
5124	ENTPD1-AS1
5125	CC2D2B
5126	CCNJ
5127	ZNF518A
5128	BLNK
5129	OPALIN
5130	TLL2
5131	PIK3AP1
5132	LCOR
5133	SLIT1
5134	FRAT2
5135	RRP12
5136	PGAM1
5137	ANKRD2
5138	HOGA1
5139	AVPI1
5140	MARVELD1
5141	LINC00866
5142	GOLGA7B
5143	CRTAC1
5144	LOXL4
5145	HPSE2
5146	CNNM1
5147	SLC25A28
5148	ENTPD7
5149	ABCC2
5150	DNMBP-AS1
5151	SCD
5152	OLMALINC
5153	MRPL43
5154	TWNK
5155	LZTS2
5156	PDZD7
5157	SFXN3
5158	DPCD
5159	NPM3
5160	KCNIP2-AS1
5161	KCNIP2
5162	HPS6
5163	PPRC1
5164	NFKB2
5165	PSD
5166	FBXL15
5167	SFXN2
5168	AS3MT
5169	INA
5170	TAF5
5171	ATP5MD
5172	CALHM2
5173	NEURL1
5174	SH3PXD2A
5175	SH3PXD2A-AS1
5176	STN1
5177	SFR1
5178	CFAP43
5179	GSTO2
5180	ITPRIP
5181	CFAP58
5182	SORCS3
5183	SORCS1
5184	LINC01435
5185	ADD3-AS1
5186	MXI1
5187	RBM20
5188	PDCD4
5189	GPAM
5190	ACSL5
5191	AL158212.1
5192	HABP2
5193	NRAP
5194	CASP7
5195	ADRB1
5196	AFAP1L2
5197	ATRNL1
5198	GFRA1
5199	ENO4
5200	SHTN1
5201	SLC18A2
5202	LINC02674
5203	CASC2
5204	LINC00867
5205	NANOS1
5206	GRK5
5207	RGS10
5208	BAG3
5209	PLPP4
5210	WDR11-AS1
5211	TACC2
5212	HTRA1
5213	CUZD1
5214	FAM24B
5215	LINC02641
5216	GPR26
5217	CPXM2
5218	CHST15
5219	FAM53B-AS1
5220	EDRF1-DT
5221	EDRF1-AS1
5222	MMP21
5223	FANK1
5224	ADAM12
5225	LINC00601
5226	C10orf90
5227	INSYN2A
5228	PTPRE
5229	MGMT
5230	LINC02666
5231	EBF3
5232	C10orf143
5233	LINC02646
5234	TCERG1L
5235	BNIP3
5236	JAKMIP3
5237	DPYSL4
5238	PWWP2B
5239	NKX6-2
5240	CFAP46
5241	ADGRA1
5242	KNDC1
5243	ADAM8
5244	ZNF511
5245	CALY
5246	SPRN
5247	SCART1
5248	CYP2E1
5249	SYCE1
5250	LINC01001
5251	PGGHG
5252	IFITM2
5253	IFITM1
5254	IFITM3
5255	B4GALNT4
5256	SIGIRR
5257	RNH1
5258	HRAS
5259	LRRC56
5260	RASSF7
5261	MIR210HG
5262	IRF7
5263	DRD4
5264	DEAF1
5265	EPS8L2
5266	TMEM80
5267	CEND1
5268	SLC25A22
5269	PANO1
5270	PIDD1
5271	RPLP2
5272	PNPLA2
5273	CRACR2B
5274	CD151
5275	POLR2L
5276	TSPAN4
5277	MUC6
5278	TOLLIP-AS1
5279	DUSP8
5280	KRTAP5-AS1
5281	IFITM10
5282	CTSD
5283	MRPL23
5284	TSPAN32
5285	CD81-AS1
5286	CD81
5287	TSSC4
5288	KCNQ1
5289	KCNQ1OT1
5290	CDKN1C
5291	SLC22A18
5292	CARS
5293	CARS-AS1
5294	CHRNA10
5295	PGAP2
5296	TRIM21
5297	OR52I1
5298	TRIM68
5299	MMP26
5300	OR51I2
5301	UBQLNL
5302	TRIM6
5303	TRIM34
5304	TRIM5
5305	TRIM22
5306	C11orf42
5307	FAM160A2
5308	CNGA4
5309	CCKBR
5310	SMPD1
5311	HPX
5312	TIMM10B
5313	RRP8
5314	ILK
5315	TAF10
5316	TPP1
5317	DCHS1
5318	MRPL17
5319	ZNF215
5320	ZNF214
5321	NLRP14
5322	OLFML1
5323	PPFIBP2
5324	TUB
5325	LMO1
5326	STK33
5327	TRIM66
5328	RPL27A
5329	TMEM9B-AS1
5330	NRIP3
5331	SCUBE2
5332	WEE1
5333	ADM
5334	AMPD3
5335	MRVI1-AS1
5336	LYVE1
5337	MRVI1
5338	ZBED5
5339	ZBED5-AS1
5340	LINC02752
5341	GALNT18
5342	PARVA
5343	TEAD1
5344	LINC00958
5345	RASSF10-DT
5346	RASSF10
5347	ARNTL
5348	SPON1
5349	SPON1-AS1
5350	PDE3B
5351	CALCB
5352	INSC
5353	PLEKHA7
5354	RPS13
5355	PIK3C2A
5356	NCR3LG1
5357	KCNJ11
5358	ABCC8
5359	USH1C
5360	OTOG
5361	KCNC1
5362	SERGEF
5363	TPH1
5364	LDHA
5365	LDHC
5366	LDHAL6A
5367	TMEM86A
5368	IGSF22
5369	PTPN5
5370	CSRP3-AS1
5371	NAV2
5372	NAV2-IT1
5373	NAV2-AS4
5374	NAV2-AS3
5375	NAV2-AS2
5376	NAV2-AS1
5377	HTATIP2
5378	PRMT3
5379	NELL1
5380	ANO5
5381	FANCF
5382	GAS2
5383	SVIP
5384	LINC02718
5385	LUZP2
5386	ANO3
5387	SLC5A12
5388	FIBIN
5389	BBOX1-AS1
5390	CCDC34
5391	BDNF-AS
5392	BDNF
5393	LINC02742
5394	LINC02755
5395	KCNA4
5396	MPPED2
5397	MPPED2-AS1
5398	DCDC1
5399	RCN1
5400	CCDC73
5401	PRRG4
5402	LINC00294
5403	CSTF3-DT
5404	KIAA1549L
5405	CD59
5406	LMO2
5407	ABTB2
5408	EHF
5409	APIP
5410	CD44
5411	CD44-AS1
5412	SLC1A2
5413	AC090625.2
5414	PAMR1
5415	FJX1
5416	LDLRAD3
5417	PRR5L
5418	TRAF6
5419	RAG1
5420	C11orf74
5421	LRRC4C
5422	LINC02745
5423	LINC02740
5424	ALKBH3-AS1
5425	C11orf96
5426	ACCS
5427	CD82
5428	TSPAN18
5429	TP53I11
5430	SYT13
5431	CHST1
5432	LINC02716
5433	SLC35C1
5434	CRY2
5435	MAPK8IP1
5436	CREB3L1
5437	DGKZ
5438	MDK
5439	HARBI1
5440	ARHGAP1
5441	ZNF408
5442	LRP4-AS1
5443	LRP4
5444	PACSIN3
5445	DDB2
5446	ACP2
5447	MYBPC3
5448	SPI1
5449	AC090559.1
5450	SLC39A13
5451	PSMC3
5452	PTPMT1
5453	KBTBD4
5454	C1QTNF4
5455	AGBL2
5456	PTPRJ
5457	FOLH1
5458	LRRC55
5459	APLNR
5460	TNKS1BP1
5461	SLC43A3
5462	RTN4RL2
5463	SLC43A1
5464	TIMM10
5465	SMTNL1
5466	UBE2L6
5467	SERPING1
5468	YPEL4
5469	CLP1
5470	MED19
5471	BTBD18
5472	LPXN
5473	GLYATL2
5474	FAM111A-DT
5475	FAM111A
5476	DTX4
5477	STX3
5478	MRPL16
5479	CCDC86
5480	TMEM109
5481	TMEM132A
5482	SLC15A3
5483	CD6
5484	CD5
5485	VWCE
5486	TKFC
5487	CYB561A3
5488	PPP1R32
5489	SYT7
5490	DAGLA
5491	MYRF
5492	TMEM258
5493	FEN1
5494	FADS2
5495	FADS1
5496	FADS3
5497	RAB3IL1
5498	BEST1
5499	FTH1
5500	LINC02733
5501	INCENP
5502	SCGB1D2
5503	ASRGL1
5504	AHNAK
5505	MTA2
5506	ROM1
5507	INTS5
5508	LBHD1
5509	CSKMT
5510	UQCC3
5511	UBXN1
5512	GNG3
5513	ZBTB3
5514	POLR2G
5515	TAF6L
5516	TMEM179B
5517	NXF1
5518	WDR74
5519	SNHG1
5520	SLC3A2
5521	CHRM1
5522	SLC22A6
5523	SLC22A10
5524	PLAAT5
5525	PLAAT4
5526	C11orf95
5527	SPINDOC
5528	RCOR2
5529	COX8A
5530	MACROD1
5531	FLRT1
5532	STIP1
5533	FERMT3
5534	TRPT1
5535	DNAJC4
5536	VEGFB
5537	FKBP2
5538	PPP1R14B
5539	PLCB3
5540	BAD
5541	KCNK4
5542	CATSPERZ
5543	ESRRA
5544	TRMT112
5545	PRDX5
5546	CCDC88B
5547	RPS6KA4
5548	RASGRP2
5549	PYGM
5550	MEN1
5551	EHD1
5552	BATF2
5553	ARL2
5554	SAC3D1
5555	TM7SF2
5556	ZNHIT2
5557	FAU
5558	SYVN1
5559	MRPL49
5560	POLA2
5561	SLC25A45
5562	FRMD8
5563	NEAT1
5564	MALAT1
5565	SSSCA1-AS1
5566	ZNRD2
5567	FAM89B
5568	EHBP1L1
5569	SIPA1
5570	RELA
5571	RELA-DT
5572	RNASEH2C
5573	CFL1
5574	MUS81
5575	FIBP
5576	CCDC85B
5577	FOSL1
5578	C11orf68
5579	DRAP1
5580	EIF1AD
5581	BANF1
5582	GAL3ST3
5583	SF3B2
5584	KLC2
5585	CNIH2
5586	YIF1A
5587	TMEM151A
5588	RIN1
5589	B4GAT1
5590	SLC29A2
5591	PELI3
5592	DPP3
5593	CTSF
5594	CCS
5595	RBM14
5596	SPTBN2
5597	C11orf80
5598	RCE1
5599	LRFN4
5600	SYT12
5601	RHOD
5602	SSH3
5603	POLD4
5604	CLCF1
5605	PPP1CA
5606	CARNS1
5607	CORO1B
5608	CABP4
5609	TMEM134
5610	AIP
5611	PITPNM1
5612	CDK2AP2
5613	GSTP1
5614	NUDT8
5615	LINC02754
5616	UNC93B1
5617	ALDH3B1
5618	NDUFS8
5619	C11orf24
5620	MRPL21
5621	MRGPRF
5622	ANO1
5623	FADD
5624	SHANK2
5625	SHANK2-AS1
5626	DHCR7
5627	AP002387.2
5628	KRTAP5-10
5629	KRTAP5-11
5630	FAM86C1
5631	DEFB131B
5632	IL18BP
5633	LRTOMT
5634	ANAPC15
5635	CLPB
5636	PDE2A
5637	ARAP1
5638	ARAP1-AS2
5639	STARD10
5640	ATG16L2
5641	P2RY2
5642	P2RY6
5643	ARHGEF17
5644	RELT
5645	COA4
5646	DNAJB13
5647	UCP2
5648	UCP3
5649	P4HA3
5650	PGM2L1
5651	POLD3
5652	XRRA1
5653	SLCO2B1
5654	ARRB1
5655	KLHL35
5656	GDPD5
5657	SERPINH1
5658	GVQW3
5659	TSKU
5660	ACER3
5661	CAPN5
5662	AQP11
5663	KCTD14
5664	NDUFC2
5665	KCTD21-AS1
5666	GAB2
5667	TENM4
5668	LINC02720
5669	MIR4300HG
5670	FAM181B
5671	PRCP
5672	DDIAS
5673	PCF11-AS1
5674	TMEM126A
5675	SYTL2
5676	CCDC83
5677	CCDC81
5678	PRSS23
5679	FZD4
5680	FZD4-DT
5681	CTSC
5682	GRM5-AS1
5683	GRM5
5684	NOX4
5685	NAALAD2
5686	CHORDC1
5687	DISC1FP1
5688	FAT3
5689	DEUP1
5690	SMCO4
5691	SCARNA9
5692	VSTM5
5693	PANX1
5694	GPR83
5695	FUT4
5696	PIWIL4
5697	AMOTL1
5698	KDM4D
5699	SRSF8
5700	SESN3
5701	MAML2
5702	JRKL-AS1
5703	CNTN5
5704	PGR
5705	PGR-AS1
5706	TRPC6
5707	ANGPTL5
5708	CEP126
5709	CFAP300
5710	BIRC3
5711	PDGFD
5712	LINC02552
5713	CARD18
5714	GRIA4
5715	MSANTD4
5716	GUCY1A2
5717	ALKBH8
5718	ELMOD1
5719	SLC35F2
5720	RAB39A
5721	C11orf65
5722	EXPH5
5723	C11orf87
5724	LINC02715
5725	RDX
5726	ZC3H12C
5727	ARHGAP20
5728	COLCA1
5729	COLCA2
5730	POU2AF1
5731	C11orf1
5732	CRYAB
5733	HSPB2
5734	C11orf52
5735	DIXDC1
5736	PIH1D2
5737	TIMM8B
5738	IL18
5739	BCO2
5740	PTS
5741	PLET1
5742	LINC02762
5743	LINC02763
5744	NCAM1-AS1
5745	ANKK1
5746	DRD2
5747	HTR3B
5748	ZBTB16
5749	NNMT
5750	C11orf71
5751	NXPE1
5752	NXPE2
5753	CADM1
5754	LINC02698
5755	LINC00900
5756	LINC02703
5757	LINC02151
5758	LINC02702
5759	ZPR1
5760	APOA1
5761	APOA1-AS
5762	TAGLN
5763	DSCAML1
5764	FXYD2
5765	FXYD6
5766	SCN4B
5767	SCN2B
5768	PHLDB1
5769	TREH
5770	BCL9L
5771	UPK2
5772	CCDC84-DT
5773	AP003392.1
5774	RPS25
5775	SLC37A4
5776	HYOU1
5777	HMBS
5778	H2AFX
5779	DPAGT1
5780	ABCG4
5781	MCAM
5782	RNF26
5783	USP2
5784	USP2-AS1
5785	THY1
5786	NECTIN1
5787	TRIM29
5788	OAF
5789	POU2F3
5790	ARHGEF12
5791	GRIK4
5792	TBCEL
5793	TECTA
5794	SC5D
5795	BLID
5796	UBASH3B
5797	JHY
5798	HSPA8
5799	CLMP
5800	SCN3B
5801	ZNF202
5802	VWA5A
5803	SPA17
5804	NRGN
5805	ROBO3
5806	ROBO4
5807	HEPACAM
5808	HEPN1
5809	CCDC15-DT
5810	CCDC15
5811	SLC37A2
5812	PKNOX2
5813	CHEK1
5814	HYLS1
5815	PUS3
5816	DDX25
5817	CDON
5818	SRPRA
5819	GSEC
5820	KIRREL3
5821	KIRREL3-AS1
5822	ETS1
5823	FLI1
5824	BARX2
5825	ZBTB44-DT
5826	ADAMTS8
5827	LINC02551
5828	SNX19
5829	NTM-AS1
5830	OPCML
5831	IGSF9B
5832	LINC02731
5833	JAM3
5834	THYN1
5835	GLB1L3
5836	GLB1L2
5837	B3GAT1
5838	AP004608.1
5839	IQSEC3
5840	SLC6A12
5841	SLC6A13
5842	B4GALNT3
5843	NINJ2
5844	WNT5B
5845	FBXL14
5846	LRTM2
5847	CACNA1C-AS2
5848	CACNA1C-AS1
5849	LINC02371
5850	FKBP4
5851	ITFG2-AS1
5852	NRIP2
5853	TEX52
5854	FOXM1
5855	RHNO1
5856	TEAD4
5857	PRMT8
5858	CRACR2A
5859	CCND2-AS1
5860	CCND2
5861	TIGAR
5862	C12orf4
5863	RAD51AP1
5864	DYRK4
5865	AKAP3
5866	GAU1
5867	GALNT8
5868	KCNA1
5869	ANO2
5870	VWF
5871	CD9
5872	TNFRSF1A
5873	LTBR
5874	CD27-AS1
5875	CD27
5876	MRPL51
5877	GAPDH
5878	IFFO1
5879	NOP2
5880	PIANP
5881	MLF2
5882	PTMS
5883	CD4
5884	GPR162
5885	P3H3
5886	GNB3
5887	CDCA3
5888	TPI1
5889	SPSB2
5890	ENO2
5891	C12orf57
5892	PTPN6
5893	PHB2
5894	EMG1
5895	C1S
5896	C1R
5897	C1RL
5898	C1RL-AS1
5899	RBP5
5900	CLSTN3
5901	CD163L1
5902	NANOG
5903	SLC2A14
5904	SLC2A3
5905	CLEC4A
5906	FAM66C
5907	FAM90A1
5908	LINC02449
5909	LINC00937
5910	MFAP5
5911	A2ML1-AS1
5912	A2ML1
5913	KLRG1
5914	LINC00612
5915	A2M-AS1
5916	A2M
5917	PZP
5918	LINC00987
5919	CLEC2D
5920	GABARAPL1
5921	KLRD1
5922	MAGOHB
5923	STYK1
5924	YBX3
5925	PRR4
5926	TAS2R13
5927	TAS2R14
5928	TAS2R19
5929	TAS2R31
5930	TAS2R30
5931	SMIM10L1
5932	PRB1
5933	PRB2
5934	LINC01252
5935	ETV6
5936	BCL2L14
5937	LOH12CR2
5938	GPR19
5939	CDKN1B
5940	APOLD1
5941	DDX47
5942	GPRC5D-AS1
5943	HEBP1
5944	GSG1
5945	EMP1
5946	GRIN2B
5947	PLBD1
5948	PLBD1-AS1
5949	GUCY2C
5950	H2AFJ
5951	C12orf60
5952	ART4
5953	MGP
5954	RERG
5955	RERG-AS1
5956	PTPRO
5957	DERA
5958	SLC15A5
5959	MGST1
5960	LMO3
5961	RERGL
5962	PIK3C2G
5963	PLEKHA5
5964	LINC02398
5965	PDE3A
5966	SLCO1C1
5967	SLCO1A2
5968	GOLT1B
5969	SPX
5970	GYS2
5971	KCNJ8
5972	ABCC9
5973	ST8SIA1
5974	SOX5
5975	SOX5-AS1
5976	BCAT1
5977	LRMP
5978	CASC1
5979	LMNTD1
5980	RASSF8-AS1
5981	RASSF8
5982	BHLHE41
5983	SSPN
5984	MED21
5985	ARNTL2
5986	PPFIBP1
5987	FAR2
5988	OVCH1-AS1
5989	OVCH1
5990	TMTC1
5991	TSPAN11
5992	DDX11-AS1
5993	DDX11
5994	DENND5B-AS1
5995	ETFBKMT
5996	AC023157.3
5997	LINC02422
5998	PKP2
5999	SYT10
6000	ALG10
6001	ALG10B
6002	CPNE8
6003	CPNE8-AS1
6004	LINC02406
6005	ABCD2
6006	C12orf40
6007	SLC2A13
6008	LRRK2
6009	CNTN1
6010	PDZRN4
6011	PRICKLE1
6012	IRAK4
6013	NELL2
6014	DBX2
6015	ANO6
6016	SLC38A1
6017	SLC38A2
6018	SLC38A4
6019	AMIGO2
6020	PCED1B
6021	LINC02156
6022	ENDOU
6023	RAPGEF3
6024	HDAC7
6025	TMEM106C
6026	CCDC184
6027	C12orf54
6028	CACNB3
6029	RND1
6030	CCDC65
6031	FKBP11
6032	WNT10B
6033	DDN
6034	DDN-AS1
6035	TUBA1B
6036	TUBA1A
6037	TUBA1C
6038	DNAJC22
6039	KCNH3
6040	FAM186B
6041	FMNL3
6042	TMBIM6
6043	BCDIN3D-AS1
6044	FAIM2
6045	LINC02395
6046	AQP6
6047	RACGAP1
6048	ASIC1
6049	COX14
6050	FAM186A
6051	LARP4
6052	TMPRSS12
6053	METTL7A
6054	HIGD1C
6055	SLC4A8
6056	GRASP
6057	NR4A1
6058	ATG101
6059	KRT8
6060	TNS2
6061	SPRYD3
6062	ITGB7
6063	MFSD5
6064	PFDN5
6065	C12orf10
6066	PRR13
6067	TARBP2
6068	NPFF
6069	ATP5MC2
6070	LINC02381
6071	ZNF385A
6072	ITGA5
6073	NCKAP1L
6074	PDE1B
6075	PPP1R1A
6076	TESPA1
6077	METTL7B
6078	BLOC1S1
6079	RDH5
6080	CD63
6081	GDF11
6082	ORMDL2
6083	MMP19
6084	PMEL
6085	CDK2
6086	RPS26
6087	ERBB3
6088	RPL41
6089	ESYT1
6090	ZC3H10
6091	MYL6
6092	COQ10A
6093	TIMELESS
6094	GLS2
6095	ATP5F1B
6096	PTGES3
6097	NACA
6098	PRIM1
6099	HSD17B6
6100	RDH16
6101	ZBTB39
6102	TAC3
6103	NAB2
6104	STAT6
6105	SHMT2
6106	NDUFA4L2
6107	STAC3
6108	GLI1
6109	ARHGAP9
6110	MARS
6111	DDIT3
6112	MBD6
6113	DTX3
6114	ARHGEF25
6115	SLC26A10
6116	B4GALNT1
6117	AGAP2
6118	METTL1
6119	EEF1AKMT3
6120	AVIL
6121	ATP23
6122	LINC02388
6123	SLC16A7
6124	DPY19L2
6125	RXYLT1
6126	RXYLT1-AS1
6127	C12orf56
6128	RASSF3
6129	TBC1D30
6130	LINC02389
6131	LINC02231
6132	WIF1
6133	HMGA2
6134	HMGA2-AS1
6135	LLPH-DT
6136	IRAK3
6137	HELB
6138	GRIP1
6139	IFNG-AS1
6140	LINC02384
6141	CPM
6142	LINC02373
6143	BEST3
6144	RAB3IP
6145	MYRFL
6146	LINC02821
6147	KCNMB4
6148	PTPRB
6149	PTPRR
6150	TSPAN8
6151	LGR5
6152	TMEM19
6153	TRHDE
6154	TRHDE-AS1
6155	KCNC2
6156	GLIPR1L1
6157	GLIPR1L2
6158	GLIPR1
6159	PHLDA1
6160	BBS10
6161	CSRP2
6162	E2F7
6163	LINC02464
6164	SYT1
6165	AC027288.3
6166	PAWR
6167	PPP1R12A-AS1
6168	OTOGL
6169	PTPRQ
6170	LIN7A
6171	PPFIA2
6172	PPFIA2-AS1
6173	LINC02426
6174	CCDC59
6175	SLC6A15
6176	TSPAN19
6177	LRRIQ1
6178	RASSF9
6179	MGAT4C
6180	C12orf50
6181	C12orf29
6182	KITLG
6183	LINC02458
6184	DUSP6
6185	GALNT4
6186	ATP2B1-AS1
6187	LINC02822
6188	DCN
6189	LINC01619
6190	BTG1
6191	LINC02413
6192	LINC02412
6193	NUDT4
6194	SOCS2-AS1
6195	SOCS2
6196	PLXNC1
6197	TMCC3
6198	NDUFA12
6199	USP44
6200	NTN4
6201	CCDC38
6202	ELK3
6203	CFAP54
6204	RMST
6205	LINC02453
6206	TMPO-AS1
6207	IKBIP
6208	DEPDC4
6209	GAS2L3
6210	ANO4
6211	MYBPC1
6212	SYCP3
6213	GNPTAB
6214	PARPBP
6215	HELLPAR
6216	IGF1
6217	PAH
6218	ASCL1
6219	C12orf42
6220	STAB2
6221	NT5DC3
6222	HSP90B1
6223	GLT8D2
6224	TXNRD1
6225	EID3
6226	CHST11
6227	ALDH1L2
6228	C12orf75
6229	TCP11L2
6230	CRY1
6231	BTBD11
6232	WSCD2
6233	FICD
6234	ISCU
6235	DAO
6236	SVOP
6237	ALKBH2
6238	UNG
6239	ACACB
6240	MYO1H
6241	MMAB
6242	MVK
6243	FAM222A
6244	FAM222A-AS1
6245	TRPV4
6246	GLTP
6247	FAM216A
6248	RAD9B
6249	PPTC7
6250	HVCN1
6251	CUX2
6252	PHETA1
6253	LINC02356
6254	SH2B3
6255	MAPKAPK5-AS1
6256	ERP29
6257	RPL6
6258	RPH3A
6259	OAS3
6260	OAS2
6261	DTX1
6262	RASAL1
6263	CFAP73
6264	RITA1
6265	IQCD
6266	TPCN1
6267	SLC8B1
6268	SDS
6269	SDSL
6270	LINC01234
6271	TBX5
6272	LINC02457
6273	LINC00173
6274	MAP1LC3B2
6275	C12orf49
6276	HRK
6277	TESC
6278	TESC-AS1
6279	NOS1
6280	KSR2
6281	RFC5
6282	VSIG10
6283	PEBP1
6284	SRRM4
6285	HSPB8
6286	LINC00934
6287	CCDC60
6288	TMEM233
6289	CIT
6290	BICDL1
6291	AC004812.2
6292	RPLP0
6293	SIRT4
6294	MSI1
6295	COX6A1
6296	TRIAP1
6297	DYNLL1
6298	NRAV
6299	POP5
6300	AC125616.1
6301	CABP1
6302	HNF1A-AS1
6303	C12orf43
6304	P2RX7
6305	ORAI1
6306	MORN3
6307	RHOF
6308	LINC01089
6309	HPD
6310	WDR66
6311	AC156455.1
6312	LRRC43
6313	B3GNT4
6314	DIABLO
6315	CLIP1
6316	CLIP1-AS1
6317	KNTC1
6318	CCDC62
6319	HIP1R
6320	OGFOD2
6321	ARL6IP4
6322	PITPNM2
6323	CDK2AP1
6324	SBNO1-AS1
6325	RILPL2
6326	TMED2-DT
6327	EIF2B1
6328	DNAH10
6329	DNAH10OS
6330	RFLNA
6331	UBC
6332	TMEM132B
6333	LINC02826
6334	LINC02347
6335	LINC00943
6336	LINC00944
6337	LINC02405
6338	LINC00507
6339	TMEM132C
6340	GLT1D1
6341	TMEM132D
6342	RIMBP2
6343	RAN
6344	MMP17
6345	AC131009.1
6346	NOC4L
6347	GALNT9
6348	POLE
6349	PGAM5
6350	TPTE2
6351	GJB2
6352	GJB6
6353	CRYL1
6354	IFT88
6355	IL17D
6356	LATS2-AS1
6357	SAP18
6358	MRPL57
6359	LINC00539
6360	FGF9
6361	LINC00621
6362	SGCG
6363	SACS
6364	SACS-AS1
6365	LINC00327
6366	TNFRSF19
6367	SPATA13
6368	PABPC3
6369	AMER2
6370	LINC00463
6371	ATP8A2
6372	RNF6
6373	WASF3
6374	WASF3-AS1
6375	GPR12
6376	LINC02340
6377	RPL21
6378	FLT3
6379	PAN3-AS1
6380	FLT1
6381	SLC46A3
6382	MTUS2
6383	SLC7A1
6384	LINC00544
6385	LINC00427
6386	LINC00426
6387	UBE2L5
6388	HMGB1
6389	TEX26
6390	HSPH1
6391	B3GLCT
6392	FRY
6393	FRY-AS1
6394	BRCA2
6395	N4BP2L1
6396	N4BP2L2-IT2
6397	STARD13
6398	STARD13-AS
6399	RFC3
6400	LINC02343
6401	DCLK1
6402	SOHLH2
6403	CCDC169
6404	SPART-AS1
6405	SERTM1
6406	SMAD9
6407	SMAD9-IT1
6408	EXOSC8
6409	POSTN
6410	TRPC4
6411	LINC02334
6412	LINC00571
6413	LINC00366
6414	FREM2
6415	FREM2-AS1
6416	LHFPL6
6417	LINC00598
6418	LINC00332
6419	KBTBD6
6420	AL354696.2
6421	KBTBD7
6422	RGCC
6423	VWA8-AS1
6424	DGKH
6425	EPSTI1
6426	ENOX1
6427	CCDC122
6428	LACC1
6429	NRAD1
6430	LINC00390
6431	SMIM2-AS1
6432	TSC22D1-AS1
6433	LINC00407
6434	TPT1
6435	SLC25A30-AS1
6436	SIAH3
6437	CPB2-AS1
6438	CPB2
6439	LRRC63
6440	RUBCNL
6441	LRCH1
6442	HTR2A
6443	SUCLA2-AS1
6444	NUDT15
6445	MED4-AS1
6446	ITM2B
6447	RB1-DT
6448	LPAR6
6449	RCBTB2
6450	CAB39L
6451	EBPL
6452	SPRYD7
6453	DLEU1
6454	DLEU7
6455	RNASEH2B-AS1
6456	RNASEH2B
6457	FAM124A
6458	SERPINE3
6459	DHRS12
6460	TMEM272
6461	ALG11
6462	NEK5
6463	NEK3
6464	THSD1
6465	CKAP2
6466	LINC00345
6467	HNRNPA1L2
6468	SUGT1
6469	CNMD
6470	PCDH8
6471	LINC00558
6472	PCDH17
6473	DIAPH3
6474	LINC00378
6475	PCDH20
6476	PCDH9-AS1
6477	PCDH9-AS2
6478	PCDH9-AS3
6479	PCDH9-AS4
6480	KLHL1
6481	DACH1
6482	BORA
6483	KLF5
6484	LINC00393
6485	KLF12
6486	LINC00381
6487	TBC1D4
6488	COMMD6
6489	LMO7-AS1
6490	KCTD12
6491	MYCBP2-AS1
6492	EDNRB-AS1
6493	EDNRB
6494	OBI1-AS1
6495	LINC01069
6496	POU4F1
6497	RBM26-AS1
6498	LINC01080
6499	SLITRK1
6500	MIR4500HG
6501	SLITRK5
6502	LINC02336
6503	MIR17HG
6504	GPC5
6505	GPC5-AS2
6506	GPC5-IT1
6507	GPC5-AS1
6508	LINC00363
6509	GPC6
6510	DCT
6511	LINC00391
6512	SOX21-AS1
6513	SOX21
6514	ABCC4
6515	CLDN10
6516	CLDN10-AS1
6517	DNAJC3-DT
6518	HS6ST3
6519	FARP1
6520	STK24
6521	STK24-AS1
6522	SLC15A1
6523	UBAC2-AS1
6524	GPR18
6525	GPR183
6526	LINC01232
6527	CLYBL
6528	CLYBL-AS1
6529	ZIC5
6530	ZIC2
6531	PCCA-DT
6532	PCCA-AS1
6533	GGACT
6534	TMTC4
6535	NALCN-AS1
6536	NALCN
6537	ITGBL1
6538	FGF14-IT1
6539	FGF14-AS1
6540	FGF14-AS2
6541	CCDC168
6542	TEX30
6543	POGLUT2
6544	LINC00343
6545	LINC00551
6546	FAM155A
6547	FAM155A-IT1
6548	LIG4
6549	TNFSF13B
6550	MYO16
6551	MYO16-AS1
6552	IRS2
6553	COL4A1
6554	COL4A2
6555	RAB20
6556	ARHGEF7-AS2
6557	TEX29
6558	LINC00354
6559	SOX1-OT
6560	SOX1
6561	ATP11A
6562	MCF2L
6563	F10
6564	GRTP1
6565	GRTP1-AS1
6566	ADPRHL1
6567	DCUN1D2-AS
6568	TMEM255B
6569	GAS6-AS1
6570	GAS6
6571	GAS6-DT
6572	C13orf46
6573	RASA3
6574	CFAP97D2
6575	POTEG
6576	PARP2
6577	OSGEP
6578	APEX1
6579	PNP
6580	RNASE4
6581	RNASE1
6582	NDRG2
6583	ARHGEF40
6584	ZNF219
6585	TMEM253
6586	RPGRIP1
6587	SALL2
6588	ABHD4
6589	OR6J1
6590	OXA1L
6591	SLC7A7
6592	MMP14
6593	LRP10
6594	PRMT5-AS1
6595	HAUS4
6596	AJUBA
6597	C14orf93
6598	CDH24
6599	C14orf119
6600	SLC7A8
6601	RNF212B
6602	PPP1R3E
6603	SLC22A17
6604	EFS
6605	CMTM5
6606	ZFHX2-AS1
6607	AP1G2
6608	JPH4
6609	LINC00596
6610	DHRS4-AS1
6611	DHRS4
6612	DHRS4L2
6613	CARMIL3
6614	CPNE6
6615	PCK2
6616	FITM1
6617	PSME1
6618	EMC9
6619	PSME2
6620	IRF9
6621	REC8
6622	IPO4
6623	MDP1
6624	TINF2
6625	TGM1
6626	RABGGTA
6627	DHRS1
6628	NOP9
6629	LTB4R
6630	NFATC4
6631	NYNRIN
6632	SDR39U1
6633	AL136018.1
6634	STXBP6
6635	LINC02306
6636	LINC00645
6637	LINC02300
6638	FOXG1-AS1
6639	FOXG1
6640	LINC01551
6641	LINC02282
6642	LINC02281
6643	LINC02327
6644	LINC02326
6645	G2E3-AS1
6646	COCH
6647	ARHGAP5-AS1
6648	AKAP6
6649	EGLN3
6650	EGLN3-AS1
6651	SPTSSA
6652	NFKBIA
6653	LINC00609
6654	PTCSC3
6655	SFTA3
6656	SLC25A21
6657	SLC25A21-AS1
6658	MIPOL1
6659	TTC6
6660	LINC00639
6661	PNN
6662	LINC02315
6663	LRFN5
6664	LINC02307
6665	LINC02277
6666	C14orf28
6667	KLHL28
6668	FANCM
6669	MIS18BP1
6670	LINC00871
6671	MDGA2
6672	LRR1
6673	RPL36AL
6674	MGAT2
6675	POLE2
6676	ARF6
6677	LINC01588
6678	CDKL1
6679	PYGL
6680	ABHD12B
6681	LINC00519
6682	LINC00640
6683	FRMD6-AS2
6684	FRMD6
6685	GNG2
6686	GPR137C
6687	ERO1A
6688	LINC02331
6689	BMP4
6690	CDKN3
6691	SAMD4A
6692	GCH1
6693	WDHD1
6694	LGALS3
6695	TBPL2
6696	KTN1-AS1
6697	PELI2
6698	LINC02284
6699	CCDC198
6700	SLC35F4
6701	PSMA3
6702	DACT1
6703	LINC01500
6704	DAAM1
6705	GPR135
6706	CCDC175
6707	RTN1
6708	LRRC9
6709	DHRS7
6710	SIX4
6711	PRKCH
6712	LINC01303
6713	HIF1A
6714	SYT16
6715	KCNH5
6716	RHOJ
6717	SYNE2
6718	ESR2
6719	AKAP5
6720	ZBTB1
6721	HSPA2
6722	PPP1R36
6723	PLEKHG3
6724	SPTB
6725	GPX2
6726	RAB15
6727	LINC02324
6728	FUT8-AS1
6729	CCDC196
6730	FAM71D
6731	TMEM229B
6732	ARG2
6733	ZFP36L1
6734	ACTN1
6735	GALNT16
6736	PLEKHD1
6737	SUSD6
6738	SLC10A1
6739	SMOC1
6740	SLC8A3
6741	ADAM21
6742	ADAM20
6743	TTC9
6744	RGS6
6745	DCAF4
6746	PAPLN
6747	HEATR4
6748	RIOX1
6749	ACOT1
6750	ACOT2
6751	ACOT4
6752	ACOT6
6753	PNMA1
6754	ELMSAN1
6755	ABCD4
6756	VRTN
6757	SYNDIG1L
6758	NPC2
6759	ISCA2
6760	LTBP2
6761	RPS6KL1
6762	PGF
6763	EIF2B2
6764	ZC2HC1C
6765	FOS
6766	LINC01220
6767	JDP2
6768	FLVCR2
6769	TGFB3
6770	ESRRB
6771	VASH1
6772	VASH1-AS1
6773	IRF2BPL
6774	CIPC
6775	TMEM63C
6776	ZDHHC22
6777	NGB
6778	SAMD15
6779	AHSA1
6780	C14orf178
6781	ADCK1
6782	NRXN3
6783	DIO2
6784	DIO2-AS1
6785	CEP128
6786	TSHR
6787	LINC02301
6788	AL049775.1
6789	FLRT2
6790	LINC02328
6791	LINC02316
6792	LINC02296
6793	KCNK10
6794	FOXN3-AS1
6795	EFCAB11
6796	KCNK13
6797	GPR68
6798	CCDC88C
6799	CATSPERB
6800	TC2N
6801	FBLN5
6802	SLC24A4
6803	RIN3
6804	LGMN
6805	CHGA
6806	ITPK1-AS1
6807	MOAP1
6808	TMEM251
6809	GON7
6810	UNC79
6811	PRIMA1
6812	FAM181A-AS1
6813	FAM181A
6814	OTUB2
6815	IFI27
6816	IFI27L2
6817	PPP4R4
6818	SERPINA3
6819	DICER1-AS1
6820	CLMN
6821	SYNE3
6822	GLRX5
6823	TUNAR
6824	C14orf132
6825	GSKIP
6826	AK7
6827	PAPOLA
6828	LINC01550
6829	BCL11B
6830	CCDC85C
6831	DEGS2
6832	SLC25A29
6833	WARS
6834	MEG3
6835	MEG9
6836	DIO3OS
6837	LINC02320
6838	HSP90AA1
6839	ANKRD9
6840	TNFAIP2
6841	CKB
6842	TRMT61A
6843	XRCC3
6844	ZFYVE21
6845	LINC00637
6846	ATP5MPL
6847	TDRD9
6848	TMEM179
6849	INF2
6850	ADSSL1
6851	LINC00638
6852	AHNAK2
6853	CDCA4
6854	JAG2
6855	NUDT14
6856	BTBD6
6857	AL928654.1
6858	CRIP2
6859	TEDC1
6860	TMEM121
6861	IGHG4
6862	IGHG2
6863	IGHG1
6864	IGHG3
6865	GOLGA8S
6866	MKRN3
6867	NDN
6868	PWRN4
6869	PWRN1
6870	SNRPN
6871	SNURF
6872	LINC02250
6873	ATP10A
6874	LINC02346
6875	GABRA5
6876	GABRG3
6877	GABRG3-AS1
6878	OCA2
6879	GOLGA8M
6880	GOLGA6L7
6881	APBA2
6882	FAM189A1
6883	NSMCE3
6884	CHRFAM7A
6885	GOLGA8R
6886	GOLGA8Q
6887	GOLGA8H
6888	ARHGAP11B
6889	MTMR10
6890	TRPM1
6891	LINC02352
6892	CHRNA7
6893	GOLGA8O
6894	LINC02256
6895	GOLGA8N
6896	SCG5
6897	GREM1
6898	FMN1
6899	CHRM5
6900	EMC7
6901	PGBD4
6902	NOP10
6903	NUTM1
6904	LPCAT4
6905	GOLGA8A
6906	GOLGA8B
6907	DPH6
6908	DPH6-DT
6909	LINC02853
6910	LINC02345
6911	LINC01852
6912	SPRED1
6913	RASGRP1
6914	LINC02694
6915	FSIP1
6916	GPR176
6917	SRP14
6918	SRP14-AS1
6919	PAK6
6920	INAFM2
6921	CCDC9B
6922	DISP2
6923	KNSTRN
6924	CHST14
6925	RPUSD2
6926	KNL1
6927	RAD51
6928	GCHFR
6929	ZFYVE19
6930	VPS18
6931	INO80-AS1
6932	EXD1
6933	OIP5
6934	NUSAP1
6935	LTK
6936	JMJD7
6937	SPTBN5
6938	EHD4
6939	CAPN3
6940	LCMT2
6941	MAP1A
6942	CKMT1B
6943	STRC
6944	CATSPER2
6945	CKMT1A
6946	SERF2
6947	HYPK
6948	WDR76
6949	FRMD5
6950	PATL2
6951	B2M
6952	TRIM69
6953	SORD
6954	DUOXA1
6955	DUOX1
6956	SHF
6957	AC051619.4
6958	SLC28A2
6959	SQOR
6960	SLC24A5
6961	CTXN2
6962	SLC12A1
6963	FBN1
6964	CEP152
6965	SHC4
6966	EID1
6967	FAM227B
6968	FGF7
6969	ATP8B4
6970	SLC27A2
6971	GABPB1
6972	GABPB1-AS1
6973	USP50
6974	MIR4713HG
6975	TNFAIP8L3
6976	GLDN
6977	SCG3
6978	CERNA1
6979	MYO5C
6980	FAM214A
6981	ONECUT1
6982	UNC13C
6983	RSL24D1
6984	PIGBOS1
6985	C15orf65
6986	DNAAF4
6987	PRTG
6988	NEDD4
6989	TEX9
6990	MNS1
6991	LINC00926
6992	CGNL1
6993	POLR2M
6994	ALDH1A2
6995	LIPC
6996	CCNB2
6997	MYO1E
6998	FAM81A
6999	ANXA2
7000	RORA-AS1
7001	RORA
7002	TLN2
7003	TPM1
7004	RPS27L
7005	CA12
7006	LINC02568
7007	USP3-AS1
7008	FBXL22
7009	DAPK2
7010	PPIB
7011	PCLAF
7012	RBPMS2
7013	PIF1
7014	PLEKHO2
7015	ANKDD1A
7016	SLC51B
7017	RASL12
7018	IGDCC3
7019	IGDCC4
7020	SLC24A1
7021	RAB11A
7022	MEGF11
7023	SNAPC5
7024	RPL4
7025	ZWILCH
7026	LCTL
7027	SMAD6
7028	LINC02206
7029	SMAD3
7030	AC012568.1
7031	IQCH
7032	C15orf61
7033	SKOR1
7034	CALML4
7035	ITGA11
7036	CORO2B
7037	NOX5
7038	GLCE
7039	RPLP1
7040	DRAIC
7041	UACA
7042	LARP6
7043	THAP10
7044	THSD4
7045	THSD4-AS1
7046	GRAMD2A
7047	HEXA-AS1
7048	TMEM202-AS1
7049	LINC02259
7050	ADPGK-AS1
7051	REC114
7052	NPTN-IT1
7053	INSYN1
7054	LOXL1-AS1
7055	LOXL1
7056	STOML1
7057	PML
7058	ISLR2
7059	ISLR
7060	CYP11A1
7061	SEMA7A
7062	UBL7-AS1
7063	CSK
7064	LMAN1L
7065	CPLX3
7066	ULK3
7067	COX5A
7068	RPP25
7069	PPCDC
7070	C15orf39
7071	PTPN9
7072	SNX33
7073	CSPG4
7074	DNM1P35
7075	NRG4
7076	TMEM266
7077	PSTPIP1
7078	LINGO1
7079	CIB2
7080	DNAJA4
7081	HYKK
7082	CHRNA5
7083	ADAMTS7
7084	CTSH
7085	RASGRF1
7086	ANKRD34C-AS1
7087	MINAR1
7088	ST20-AS1
7089	CTXND1
7090	LINC00927
7091	CEMIP
7092	TLNRD1
7093	CFAP161
7094	IL16
7095	STARD5
7096	TMC3-AS1
7097	AC104041.1
7098	SAXO2
7099	GOLGA6L10
7100	GOLGA6L9
7101	RPS17
7102	CPEB1
7103	CPEB1-AS1
7104	AP3B2
7105	SNHG21
7106	FSD2
7107	RAMAC
7108	TM6SF1
7109	SH3GL3
7110	ADAMTSL3
7111	UBE2Q2L
7112	GOLGA6L4
7113	ZSCAN2
7114	NMB
7115	ALPK3
7116	SLC28A1
7117	AKAP13
7118	KLHL25
7119	LINC01584
7120	AGBL1
7121	NTRK3-AS1
7122	MRPL46
7123	DET1
7124	LINC01586
7125	AEN
7126	HAPLN3
7127	MFGE8
7128	ABHD2
7129	RLBP1
7130	FANCI
7131	MIR9-3HG
7132	RHCG
7133	TICRR
7134	PLIN1
7135	WDR93
7136	MESP1
7137	ZNF710-AS1
7138	IDH2
7139	IDH2-DT
7140	CIB1
7141	TTLL13P
7142	IQGAP1
7143	CRTC3-AS1
7144	BLM
7145	FURIN
7146	FES
7147	HDDC3
7148	RCCD1
7149	PRC1
7150	PRC1-AS1
7151	VPS33B-DT
7152	SV2B
7153	SLCO3A1
7154	FAM174B
7155	RGMA
7156	LINC01579
7157	LINC02207
7158	LINC01580
7159	MCTP2
7160	LINC01197
7161	LINC00924
7162	NR2F2-AS1
7163	NR2F2
7164	LINC02253
7165	LINC02254
7166	LINC00923
7167	ARRDC4
7168	LINC02251
7169	LINC02351
7170	FAM169B
7171	SYNM
7172	AC036108.3
7173	ADAMTS17
7174	SPATA41
7175	CERS3
7176	LINS1
7177	LRRK1
7178	CHSY1
7179	SELENOS
7180	PCSK6
7181	POLR3K
7182	SNRNP25
7183	RHBDF1
7184	MPG
7185	HBZ
7186	RGS11
7187	ARHGDIG
7188	PDIA2
7189	MRPL28
7190	NME4
7191	DECR2
7192	CAPN15
7193	WFIKKN1
7194	METTL26
7195	MCRIP2
7196	WDR90
7197	RHBDL1
7198	STUB1
7199	JMJD8
7200	WDR24
7201	FBXL16
7202	METRN
7203	ANTKMT
7204	CCDC78
7205	HAGHL
7206	CIAO3
7207	RPUSD1
7208	CHTF18
7209	LMF1-AS1
7210	SOX8
7211	CACNA1H
7212	TPSD1
7213	BAIAP3
7214	TSR3
7215	C16orf91
7216	CCDC154
7217	CLCN7
7218	TMEM204
7219	NME3
7220	MRPS34
7221	EME2
7222	SPSB3
7223	NUBP2
7224	IGFALS
7225	MEIOB
7226	MSRB1
7227	NDUFB10
7228	RPS2
7229	SNHG9
7230	TBL3
7231	GFER
7232	SYNGR3
7233	NPW
7234	SLC9A3R2
7235	NTHL1
7236	PKD1
7237	RAB26
7238	SNHG19
7239	TRAF7
7240	CASKIN1
7241	MLST8
7242	BRICD5
7243	PGP
7244	E4F1
7245	DNASE1L2
7246	ABCA3
7247	CCNF
7248	TBC1D24
7249	ATP6V0C
7250	AMDHD2
7251	PRSS27
7252	SRRM2-AS1
7253	SRRM2
7254	ELOB
7255	PAQR4
7256	TNFRSF12A
7257	HCFC1R1
7258	THOC6
7259	MMP25-AS1
7260	MMP25
7261	ZNF213
7262	ZNF200
7263	LINC00921
7264	ZNF174
7265	ZNF597
7266	NLRC3
7267	SRL
7268	LINC01569
7269	TFAP4
7270	GLIS2
7271	GLIS2-AS1
7272	VASN
7273	CDIP1
7274	C16orf96
7275	UBALD1
7276	NUDT16L1
7277	C16orf71
7278	ROGDI
7279	PPL
7280	SEC14L5
7281	EEF2KMT
7282	RBFOX1
7283	ABAT
7284	CARHSP1
7285	LINC02177
7286	GRIN2A
7287	ATF7IP2
7288	LINC01290
7289	EMP2
7290	TEKT5
7291	TVP23A
7292	CIITA
7293	DEXI
7294	RMI2
7295	SOCS1
7296	LITAF
7297	SNN
7298	AC007613.1
7299	NPIPB2
7300	CPPED1
7301	SHISA9
7302	MRTFB
7303	NPIPA3
7304	NPIPA2
7305	NPIPA1
7306	PDXDC1
7307	NPIPA5
7308	MPV17L
7309	MYH11
7310	ABCC1
7311	ABCC6
7312	NPIPA7
7313	XYLT1
7314	NPIPA8
7315	RPS15A
7316	ARL6IP1
7317	TMC7
7318	ITPRIPL2
7319	SYT17
7320	CLEC19A
7321	TMC5
7322	KNOP1
7323	ACSM5
7324	ACSM3
7325	ACSM1
7326	ERI2
7327	REXO5
7328	DNAH3
7329	CRYM
7330	NPIPB3
7331	IGSF6
7332	OTOA
7333	NPIPB4
7334	PDZD9
7335	VWA3A
7336	SDR42E2
7337	EEF2K
7338	CDR2
7339	NPIPB5
7340	HS3ST2
7341	PLK1
7342	PRKCB
7343	CACNG3
7344	LINC01567
7345	SLC5A11
7346	LCMT1-AS1
7347	HS3ST4
7348	NSMCE1-DT
7349	IL4R
7350	IL21R-AS1
7351	GSG1L
7352	SBK1
7353	NPIPB6
7354	NPIPB7
7355	NUPR1
7356	SULT1A2
7357	SULT1A1
7358	EIF3C
7359	TUFM
7360	ATP2A1
7361	ATP2A1-AS1
7362	NPIPB11
7363	BOLA2
7364	NPIPB12
7365	SPN
7366	QPRT
7367	KIF22
7368	MAZ
7369	PRRT2
7370	PAGR1
7371	MVP
7372	SEZ6L2
7373	ASPHD1
7374	KCTD13
7375	HIRIP3
7376	DOC2A
7377	TLCD3B
7378	ALDOA
7379	TBX6
7380	YPEL3
7381	GDPD3
7382	CORO1A
7383	BOLA2B
7384	SULT1A3
7385	NPIPB13
7386	CD2BP2
7387	MYLPF
7388	ZNF48
7389	SEPTIN1
7390	DCTPP1
7391	SEPHS2
7392	ITGAL
7393	ZNF768
7394	ZNF747
7395	ZNF688
7396	ZNF689
7397	PRR14
7398	CCDC189
7399	CTF1
7400	FBXL19-AS1
7401	ORAI3
7402	HSD3B7
7403	STX1B
7404	ZNF646
7405	PRSS53
7406	VKORC1
7407	BCKDK
7408	TRIM72
7409	ZNF843
7410	ZNF267
7411	SHCBP1
7412	ORC6
7413	MYLK3
7414	GPT2
7415	NETO2
7416	ITFG1-AS1
7417	ABCC11
7418	ZNF423
7419	TENT4B
7420	ADCY7
7421	NKD1
7422	SALL1
7423	TOX3
7424	RPGRIP1L
7425	CRNDE
7426	LPCAT2
7427	OGFOD1
7428	MT3
7429	MT2A
7430	MT1E
7431	MT1M
7432	MT1A
7433	MT1F
7434	MT1G
7435	MT1H
7436	MT1X
7437	HERPUD1
7438	NLRC5
7439	CPNE2
7440	PLLP
7441	CX3CL1
7442	DOK4
7443	CCDC102A
7444	ADGRG1
7445	DRC7
7446	KATNB1
7447	CNGB1
7448	ZNF319
7449	MMP15
7450	CFAP20
7451	GINS3
7452	LINC02141
7453	CDH8
7454	LINC00922
7455	BEAN1
7456	CMTM1
7457	CMTM2
7458	CMTM3
7459	TERB1
7460	CA7
7461	RRAD
7462	CIAO2B
7463	CES3
7464	CES4A
7465	CBFB
7466	B3GNT9
7467	TRADD
7468	FBXL8
7469	HSF4
7470	NOL3
7471	KIAA0895L
7472	E2F4
7473	ELMO3
7474	TMEM208
7475	FHOD1
7476	SLC9A5
7477	PLEKHG4
7478	KCTD19
7479	LRRC36
7480	TPPP3
7481	CARMIL2
7482	ACD
7483	PARD6A
7484	ENKD1
7485	C16orf86
7486	TSNAXIP1
7487	CENPT
7488	THAP11
7489	EDC4
7490	NRN1L
7491	CTRL
7492	PSMB10
7493	LCAT
7494	DDX28
7495	SMPD3
7496	CDH3
7497	CDH1
7498	HAS3
7499	SNTB2
7500	NIP7
7501	TMED6
7502	NFAT5
7503	NQO1
7504	NOB1
7505	PDPR
7506	EXOSC6
7507	AARS
7508	ST3GAL2
7509	IL34
7510	MTSS2
7511	VAC14-AS1
7512	HYDIN
7513	CALB2
7514	ZNF19
7515	CHST4
7516	MARVELD3
7517	PKD1L3
7518	DHODH
7519	HP
7520	HPR
7521	PMFBP1
7522	LINC01572
7523	AC004943.2
7524	LINC01568
7525	NPIPB15
7526	CLEC18B
7527	FA2H
7528	ZNRF1
7529	LDHD
7530	BCAR1
7531	CHST6
7532	GABARAPL2
7533	TERF2IP
7534	DUXB
7535	CPHXL
7536	CNTNAP4
7537	SYCE1L
7538	ADAMTS18
7539	NUDT7
7540	VAT1L
7541	WWOX
7542	WWOX-AS1
7543	MAF
7544	LINC01229
7545	MAFTRR
7546	DYNLRB2
7547	CDYL2
7548	ARLNC1
7549	CENPN
7550	BCO1
7551	CMIP
7552	PLCG2
7553	CDH13
7554	HSBP1
7555	MLYCD
7556	OSGIN1
7557	NECAB2
7558	AC040169.1
7559	DNAAF1
7560	TAF1C
7561	WFDC1
7562	ATP2C2
7563	ATP2C2-AS1
7564	COTL1
7565	CRISPLD2
7566	ZDHHC7
7567	KIAA0513
7568	GSE1
7569	LINC00311
7570	GINS2
7571	C16orf74
7572	COX4I1
7573	C16orf95
7574	JPH3
7575	KLHDC4
7576	SLC7A5
7577	CA5A
7578	BANP
7579	ZNF469
7580	ZFPM1
7581	CYBA
7582	MVD
7583	SNAI3
7584	CTU2
7585	PIEZO1
7586	APRT
7587	TRAPPC2L
7588	CBFA2T3
7589	RPL13
7590	CPNE7
7591	CHMP1A
7592	SPATA2L
7593	FANCA
7594	MC1R
7595	TUBB3
7596	CENPBD1
7597	DBNDD1
7598	PRDM7
7599	FAM157C
7600	LINC02193
7601	DOC2B
7602	RPH3AL
7603	C17orf97
7604	RFLNB
7605	TLCD3A
7606	GEMIN4
7607	MRM3
7608	NXN
7609	TIMM22
7610	CRK
7611	MYO1C
7612	PITPNA-AS1
7613	SLC43A2
7614	SCARF1
7615	RILP
7616	TLCD2
7617	MIR22HG
7618	SERPINF2
7619	SERPINF1
7620	RTN4RL1
7621	DPH1
7622	HIC1
7623	OR3A2
7624	OR3A3
7625	SPATA22
7626	ASPA
7627	TRPV3
7628	CTNS
7629	TAX1BP3
7630	EMC6
7631	P2RX5
7632	CAMKK1
7633	P2RX1
7634	SPNS2
7635	ARRB2
7636	MED11
7637	CXCL16
7638	ZMYND15
7639	PSMB6
7640	PLD2
7641	CHRNE
7642	GP1BA
7643	SLC25A11
7644	PFN1
7645	ENO3
7646	INCA1
7647	SLC52A1
7648	ZFP3
7649	USP6
7650	SCIMP
7651	C1QBP
7652	MIS12
7653	NLRP1
7654	WSCD1
7655	PITPNM3
7656	TXNDC17
7657	C17orf100
7658	SLC13A5
7659	XAF1
7660	FBXO39
7661	TEKT1
7662	ALOX12
7663	RNASEK
7664	C17orf49
7665	MIR497HG
7666	SLC16A13
7667	SLC16A11
7668	ASGR1
7669	ACADVL
7670	PHF23
7671	GABARAP
7672	ELP5
7673	SLC2A4
7674	YBX2
7675	EIF5A
7676	GPS2
7677	ACAP1
7678	KCTD11
7679	TNK1
7680	PLSCR3
7681	TMEM256
7682	FGF11
7683	CHRNB1
7684	TNFSF13
7685	SENP3
7686	EIF4A1
7687	CD68
7688	AC016876.1
7689	MPDU1
7690	SOX15
7691	SHBG
7692	SAT2
7693	ATP1B2
7694	TP53
7695	WRAP53
7696	EFNB3
7697	DNAH2
7698	KDM6B
7699	NAA38
7700	CHD3
7701	RNF227
7702	KCNAB3
7703	TRAPPC1
7704	HES7
7705	PER1
7706	TMEM107
7707	BORCS6
7708	LINC00324
7709	PFAS
7710	SLC25A35
7711	RANGRF
7712	RPL26
7713	NTN1
7714	CFAP52
7715	USP43
7716	GSG1L2
7717	GLP2R
7718	GAS7
7719	MYH3
7720	ADPRM
7721	TMEM220-AS1
7722	TMEM238L
7723	PIRT
7724	SHISA6
7725	DNAH9
7726	MYOCD
7727	HS3ST3A1
7728	COX10-AS1
7729	COX10
7730	HS3ST3B1
7731	AC022816.1
7732	PMP22
7733	TEKT3
7734	CDRT1
7735	ADORA2B
7736	CENPV
7737	UBB
7738	ZNF624
7739	CCDC144A
7740	FAM106C
7741	MPRIP-AS1
7742	PLD6
7743	FLCN
7744	RASD1
7745	RAI1
7746	RAI1-AS1
7747	SMCR5
7748	SREBF1
7749	DRC3
7750	MYO15A
7751	LLGL1
7752	FLII
7753	SHMT1
7754	FOXO3B
7755	TRIM16L
7756	FBXW10
7757	EPN2-AS1
7758	MAPK7
7759	RNF112
7760	LINC02094
7761	SLC47A1
7762	ALDH3A2
7763	SLC47A2
7764	ULK2
7765	AKAP10
7766	CCDC144NL
7767	CCDC144NL-AS1
7768	LINC01563
7769	NATD1
7770	MAP2K3
7771	KSR1
7772	LGALS9
7773	NOS2
7774	LYRM9
7775	TMEM97
7776	VTN
7777	UNC119
7778	ALDOC
7779	SPAG5
7780	PROCA1
7781	RAB34
7782	RPL23A
7783	TLCD1
7784	NEK8
7785	TRAF4
7786	FLOT2
7787	DHRS13
7788	PIPOX
7789	SEZ6
7790	CRYBA1
7791	ABHD15
7792	ABHD15-AS1
7793	GIT1
7794	ANKRD13B
7795	CORO6
7796	EFCAB5
7797	CRLF3
7798	ATAD5
7799	ADAP2
7800	OMG
7801	EVI2B
7802	EVI2A
7803	COPRS
7804	RHOT1
7805	RHBDL3
7806	CDK5R1
7807	MYO1D
7808	TMEM98
7809	ASIC2
7810	CCL2
7811	TMEM132E
7812	CCT6B
7813	ZNF830
7814	RFFL
7815	NLE1
7816	SLFN5
7817	SLFN11
7818	SLFN12
7819	PEX12
7820	RASL10B
7821	GAS2L2
7822	MMP28
7823	PIGW
7824	DHRS11
7825	C17orf78
7826	DUSP14
7827	TBC1D3L
7828	ARHGAP23
7829	SRCIN1
7830	EPOP
7831	CISD3
7832	PCGF2
7833	CWC25
7834	RPL23
7835	LASP1
7836	LINC00672
7837	FBXO47
7838	PLXDC1
7839	CACNB1
7840	RPL19
7841	STAC2
7842	NEUROD2
7843	PPP1R1B
7844	STARD3
7845	TCAP
7846	PNMT
7847	ERBB2
7848	MIEN1
7849	IKZF3
7850	ORMDL3
7851	NR1D1
7852	CDC6
7853	RARA
7854	RARA-AS1
7855	IGFBP4
7856	KRT222
7857	KRT10
7858	TMEM99
7859	EIF1
7860	HAP1
7861	JUP
7862	P3H4
7863	FKBP10
7864	KLHL11
7865	ACLY
7866	CNP
7867	ZNF385C
7868	C17orf113
7869	KAT2A
7870	KCNH4
7871	HCRT
7872	GHDC
7873	STAT5A
7874	STAT3
7875	CAVIN1
7876	NAGLU
7877	HSD17B1
7878	COASY
7879	PSMC3IP
7880	TUBG1
7881	CCR10
7882	CNTNAP1
7883	RAMP2-AS1
7884	RAMP2
7885	VPS25
7886	COA3
7887	CNTD1
7888	AOC2
7889	PTGES3L
7890	RPL27
7891	IFI35
7892	VAT1
7893	RND2
7894	TMEM106A
7895	CCDC200
7896	LINC00910
7897	ETV4
7898	MEOX1
7899	LINC02594
7900	DUSP3
7901	MPP3
7902	PYY
7903	G6PC3
7904	HDAC5
7905	C17orf53
7906	ASB16
7907	RUNDC3A-AS1
7908	RUNDC3A
7909	SLC25A39
7910	GRN
7911	FAM171A2
7912	ITGA2B
7913	FZD2
7914	MEIOC
7915	DBF4B
7916	ADAM11
7917	GJC1
7918	GFAP
7919	C1QL1
7920	PLCD3
7921	HEXIM1
7922	HEXIM2
7923	FMNL1
7924	MAP3K14-AS1
7925	MAP3K14
7926	ARHGAP27
7927	PLEKHM1
7928	CRHR1
7929	MAPT-AS1
7930	MAPT-IT1
7931	STH
7932	KANSL1
7933	KANSL1-AS1
7934	ARL17B
7935	LRRC37A
7936	LRRC37A2
7937	ARL17A
7938	FAM215B
7939	WNT3
7940	RPRML
7941	ITGB3
7942	EFCAB13
7943	TBKBP1
7944	MRPL10
7945	SCRN2
7946	SP2-AS1
7947	PNPO
7948	CDK5RAP3
7949	SKAP1
7950	TTLL6
7951	ATP5MC1
7952	PHB
7953	NXPH3
7954	FAM117A
7955	TAC4
7956	ITGA3
7957	SAMD14
7958	PPP1R9B
7959	COL1A1
7960	TMEM92-AS1
7961	MRPL27
7962	ACSF2
7963	CHAD
7964	RSAD1
7965	MYCBPAP
7966	SPATA20
7967	CACNA1G
7968	ABCC3
7969	TOB1
7970	TOB1-AS1
7971	NME1
7972	NME2
7973	LINC02073
7974	CA10
7975	LINC01982
7976	TOM1L1
7977	HLF
7978	MMD
7979	TMEM100
7980	PCTP
7981	ANKFN1
7982	NOG
7983	C17orf67
7984	SCPEP1
7985	CUEDC1
7986	EPX
7987	MPO
7988	TSPOAP1
7989	TSPOAP1-AS1
7990	RNF43
7991	HSF5
7992	SEPTIN4-AS1
7993	SEPTIN4
7994	TEX14
7995	PPM1E
7996	PRR11
7997	LINC01476
7998	PTRH2
7999	RNFT1
8000	RNFT1-DT
8001	AC025048.4
8002	CA4
8003	PPM1D
8004	AC005884.1
8005	TBX2-AS1
8006	TBX2
8007	C17orf82
8008	BRIP1
8009	EFCAB3
8010	MRC2
8011	MARCH10
8012	CYB561
8013	ACE
8014	LIMD2
8015	PSMC5
8016	SNHG25
8017	TEX2
8018	PECAM1
8019	DDX5
8020	RGS9
8021	PRKCA-AS1
8022	CACNG4
8023	C17orf58
8024	KPNA2
8025	AMZ2
8026	ARSG
8027	SLC16A6
8028	FAM20A
8029	LINC01482
8030	ABCA8
8031	ABCA9-AS1
8032	ABCA9
8033	ABCA6
8034	ABCA10
8035	ABCA5
8036	MAP2K6
8037	LINC01483
8038	KCNJ16
8039	KCNJ2
8040	CASC17
8041	ROCR
8042	LINC01152
8043	LINC02097
8044	SOX9
8045	LINC00511
8046	LINC02003
8047	SLC39A11
8048	SSTR2
8049	CPSF4L
8050	SDK2
8051	LINC02074
8052	RPL38
8053	DNAI2
8054	KIF19
8055	BTBD17
8056	GPRC5C
8057	RAB37
8058	SLC9A3R1
8059	GRIN2C
8060	FDXR
8061	FADS6
8062	HID1
8063	CDR2L
8064	ATP5PD
8065	ARMC7
8066	NT5C
8067	MRPS7
8068	MIF4GD
8069	AC022211.2
8070	SLC25A19
8071	LLGL2
8072	MYO15B
8073	SMIM5
8074	ITGB4
8075	GALK1
8076	H3F3B
8077	UNC13D
8078	TRIM47
8079	TEN1
8080	CDK3
8081	FOXJ1
8082	RNF157-AS1
8083	UBALD2
8084	QRICH2
8085	SPHK1
8086	RHBDF2
8087	CYGB
8088	PRCD
8089	SNHG16
8090	ST6GALNAC2
8091	JMJD6
8092	SRSF2
8093	LINC02080
8094	MGAT5B
8095	SEC14L1
8096	SEPTIN9
8097	C17orf99
8098	SYNGR2
8099	AFMID
8100	LINC01993
8101	SOCS3
8102	DNAH17
8103	TIMP2
8104	LGALS3BP
8105	CANT1
8106	C1QTNF1
8107	RBFOX3
8108	CBX8
8109	CBX4
8110	EIF4A3
8111	CARD14
8112	NPTX1
8113	CHMP6
8114	BAIAP2-DT
8115	BAIAP2
8116	PVALEF
8117	CEP131
8118	TEPSIN
8119	NDUFAF8
8120	ACTG1
8121	FAAP100
8122	TSPAN10
8123	OXLD1
8124	CCDC137
8125	ARL16
8126	MRPL12
8127	SLC25A10
8128	MCRIP1
8129	P4HB
8130	ARHGDIA
8131	AC145207.5
8132	ALYREF
8133	ANAPC11
8134	PCYT2
8135	MAFG
8136	MAFG-DT
8137	PYCR1
8138	MYADML2
8139	NOTUM
8140	CENPX
8141	LRRC45
8142	RAC3
8143	DCXR
8144	DCXR-DT
8145	DUS1L
8146	FASN
8147	SLC16A3
8148	LINC01970
8149	HEXD-IT1
8150	CYBC1
8151	NARF
8152	FN3K
8153	ZNF750
8154	B3GNTL1
8155	METRNL
8156	COLEC12
8157	CLUL1
8158	TYMSOS
8159	TYMS
8160	ENOSF1
8161	LINC00470
8162	EMILIN2
8163	LPIN2
8164	MYOM1
8165	MYL12A
8166	DLGAP1
8167	DLGAP1-AS1
8168	DLGAP1-AS2
8169	DLGAP1-AS3
8170	DLGAP1-AS4
8171	DLGAP1-AS5
8172	LINC00526
8173	ZBTB14
8174	EPB41L3
8175	MIR3976HG
8176	TMEM200C
8177	L3MBTL4
8178	ARHGAP28
8179	LAMA1
8180	MTCL1
8181	NDUFV2-AS1
8182	PPP4R1-AS1
8183	APCDD1
8184	PIEZO2
8185	GNAL
8186	CHMP1B
8187	ANKRD62
8188	TUBB6
8189	CEP76
8190	LDLRAD4
8191	ANKRD30B
8192	GREB1L
8193	ABHD3
8194	MIB1
8195	MIR133A1HG
8196	LINC01900
8197	AC090912.1
8198	CABLES1
8199	TMEM241
8200	ANKRD29
8201	LAMA3
8202	TTC39C-AS1
8203	CABYR
8204	IMPACT
8205	HRH4
8206	LINC01894
8207	TAF4B
8208	AQP4-AS1
8209	CHST9
8210	LINC01908
8211	DSC2
8212	DSCAS
8213	DSC1
8214	RNF125
8215	MEP1B
8216	CCDC178
8217	ASXL3
8218	MAPRE2
8219	ZNF396
8220	INO80C
8221	MOCOS
8222	FHOD3
8223	CELF4
8224	MIR924HG
8225	LINC01902
8226	LINC00907
8227	RIT2
8228	SYT4
8229	LINC01478
8230	SETBP1
8231	SLC14A2
8232	SLC14A1
8233	PSTPIP2
8234	RNF165
8235	ST8SIA5
8236	ZBTB7C
8237	SMAD7
8238	C18orf32
8239	RPL17
8240	ACAA2
8241	MYO5B
8242	CFAP53
8243	MAPK4
8244	MRO
8245	ELAC1
8246	LINC01630
8247	DCC
8248	STARD6
8249	C18orf54
8250	RAB27B
8251	CCDC68
8252	TCF4-AS1
8253	TCF4-AS2
8254	LINC01416
8255	ST8SIA3
8256	ONECUT2
8257	ATP8B1
8258	NEDD4L
8259	SEC11C
8260	CCBE1
8261	CDH20
8262	RNF152
8263	PHLPP1
8264	HMSD
8265	LINC01924
8266	CDH7
8267	CDH19
8268	DSEL
8269	CCDC102B
8270	DOK6
8271	CD226
8272	LINC01909
8273	CBLN2
8274	NETO1
8275	FBXO15
8276	CYB5A
8277	DIPK1C
8278	CNDP1
8279	ZADH2
8280	TSHZ1
8281	ZNF516
8282	LINC00683
8283	MBP
8284	LINC01896
8285	SALL3
8286	NFATC1
8287	KCNG2
8288	RBFA
8289	RBFADN
8290	PARD6G-AS1
8291	PARD6G
8292	LINC01002
8293	PLPP2
8294	C2CD4C
8295	SHC2
8296	MADCAM1
8297	BSG
8298	HCN2
8299	POLRMT
8300	FGF22
8301	FSTL3
8302	PLPPR3
8303	MED16
8304	R3HDM4
8305	ARID3A
8306	WDR18
8307	TMEM259
8308	ABCA7
8309	GPX4
8310	SBNO2
8311	CBARP
8312	ATP5F1D
8313	MIDN
8314	CIRBP
8315	FAM174C
8316	EFNA2
8317	NDUFS7
8318	GAMT
8319	RPS15
8320	APC2
8321	PCSK4
8322	REEP6
8323	ADAMTSL5
8324	PLK5
8325	MEX3D
8326	UQCR11
8327	KLF16
8328	MKNK2
8329	IZUMO4
8330	DOT1L
8331	PLEKHJ1
8332	AMH
8333	OAZ1
8334	LSM7
8335	TMPRSS9
8336	TIMM13
8337	LMNB2
8338	GADD45B
8339	GNG7
8340	DIRAS1
8341	SLC39A3
8342	ZNF555
8343	ZNF556
8344	ZNF57
8345	ZNF77
8346	TLE6
8347	TLE2
8348	TLE5
8349	CELF5
8350	NFIC
8351	DOHH
8352	C19orf71
8353	HMG20B
8354	CACTIN
8355	TJP3
8356	MRPL54
8357	MATK
8358	ZFR2
8359	ATCAY
8360	DAPK3
8361	EEF2
8362	ZBTB7A
8363	ANKRD24
8364	YJU2
8365	FSD1
8366	STAP2
8367	MPND
8368	SH3GL1
8369	CHAF1A
8370	PLIN4
8371	PLIN5
8372	SEMA6B
8373	TNFAIP8L1
8374	MYDGF
8375	DPP9-AS1
8376	MIR7-3HG
8377	FEM1A
8378	TICAM1
8379	UHRF1
8380	TINCR
8381	SAFB2
8382	RPL36
8383	MICOS13
8384	HSD11B1L
8385	CATSPERD
8386	PRR22
8387	DUS3L
8388	FUT6
8389	FUT3
8390	NDUFA11
8391	VMAC
8392	CAPS
8393	RFX2
8394	ACSBG2
8395	ACER1
8396	ALKBH7
8397	PSPN
8398	SLC25A41
8399	TUBB4A
8400	TNFSF14
8401	C3
8402	TRIP10
8403	SH2D3A
8404	VAV1
8405	PEX11G
8406	TEX45
8407	ZNF358
8408	MCOLN1
8409	PNPLA6
8410	CAMSAP3
8411	XAB2
8412	PET100
8413	STXBP2
8414	TRAPPC5
8415	PRR36
8416	TGFBR3L
8417	SNAPC2
8418	CTXN1
8419	TIMM44
8420	CD320
8421	NDUFA7
8422	RPS28
8423	KANK3
8424	ANGPTL4
8425	PRAM1
8426	ZNF414
8427	MYO1F
8428	ADAMTS10
8429	MBD3L1
8430	ZNF426-DT
8431	UBL5
8432	OLFM2
8433	COL5A3
8434	PPAN
8435	P2RY11
8436	EIF3G
8437	AC011511.2
8438	ICAM1
8439	ICAM5
8440	ZGLP1
8441	FDX2
8442	ICAM3
8443	CDC37
8444	PDE4A
8445	KEAP1
8446	CDKN2D
8447	ILF3-DT
8448	QTRT1
8449	TMED1
8450	C19orf38
8451	CARM1
8452	LDLR
8453	KANK2
8454	DOCK6
8455	TSPAN16
8456	TMEM205
8457	SWSAP1
8458	EPOR
8459	CCDC151
8460	PRKCSH
8461	ZNF653
8462	ZNF441
8463	ZNF440
8464	ZNF69
8465	ZNF763
8466	ZNF433-AS1
8467	ZNF433
8468	ZNF20
8469	ZNF625
8470	ZNF442
8471	ZNF799
8472	ZNF443
8473	WDR83OS
8474	DHPS
8475	FBXW9
8476	GET3
8477	HOOK2
8478	JUNB
8479	PRDX2
8480	THSD8
8481	MAST1
8482	DNASE2
8483	SYCE2
8484	CALR
8485	GADD45GIP1
8486	DAND5
8487	TRMT1
8488	NACC1
8489	STX10
8490	IER2
8491	CACNA1A
8492	C19orf53
8493	ZSWIM4
8494	AC020916.1
8495	NANOS3
8496	C19orf57
8497	CC2D1A
8498	PODNL1
8499	DCAF15
8500	RFX1
8501	IL27RA
8502	MISP3
8503	SAMD1
8504	LINC01841
8505	ADGRE5
8506	DDX39A
8507	GIPC1
8508	DNAJB1
8509	TECR
8510	NDUFB7
8511	ADGRE3
8512	ADGRE2
8513	OR7A17
8514	SLC1A6
8515	SYDE1
8516	ILVBL
8517	NOTCH3
8518	WIZ
8519	CYP4F3
8520	CYP4F12
8521	CYP4F11
8522	TPM4
8523	HSH2D
8524	FAM32A
8525	KLF2
8526	TMEM38A
8527	NWD1
8528	CPAMD8
8529	HAUS8
8530	MYO9B
8531	USE1
8532	OCEL1
8533	USHBP1
8534	ANKLE1
8535	MRPL34
8536	DDA1
8537	CCDC194
8538	BST2
8539	BISPR
8540	TMEM221
8541	NXNL1
8542	NIBAN3
8543	COLGALT1
8544	UNC13A
8545	MAP1S
8546	FCHO1
8547	JAK3
8548	RPL18A
8549	CCDC124
8550	ARRDC2
8551	MPV17L2
8552	RAB3A
8553	PDE4C
8554	IQCN
8555	JUND
8556	LSM4
8557	GDF15
8558	ISYNA1
8559	AC005253.1
8560	UBA52
8561	CRLF1
8562	REX1BD
8563	TMEM59L
8564	KLHL26
8565	HOMER3
8566	HOMER3-AS1
8567	BORCS8
8568	RFXANK
8569	NR2C2AP
8570	NCAN
8571	HAPLN4
8572	TM6SF2
8573	NDUFA13
8574	YJEFN3
8575	PBX4
8576	LPAR2
8577	GMIP
8578	ATP13A1
8579	ZNF101
8580	ZNF93
8581	ZNF682
8582	ZNF90
8583	ZNF486
8584	ZNF85
8585	ZNF714
8586	ZNF738
8587	LINC00664
8588	ZNF208
8589	ZNF257
8590	ZNF676
8591	ZNF98
8592	LINC01785
8593	ZNF492
8594	ZNF99
8595	ZNF728
8596	LINC01858
8597	ZNF730
8598	ZNF724
8599	ZNF681
8600	ZNF726
8601	AC073534.2
8602	ERVK-28
8603	LINC00906
8604	LINC01532
8605	UQCRFS1
8606	VSTM2B
8607	PLEKHF1
8608	CCNE1
8609	ZNF536
8610	TSHZ3
8611	LINC01791
8612	PDCD5
8613	TDRD12
8614	SLC7A9
8615	FAAP24
8616	RHPN2
8617	WDR88
8618	LRP3
8619	SLC7A10
8620	CEBPA
8621	CEBPA-DT
8622	CEBPG
8623	CHST8
8624	GPI
8625	WTIP
8626	SCGB1B2P
8627	ZNF30-AS1
8628	ZNF792
8629	SCN1B
8630	HPN
8631	HPN-AS1
8632	FXYD3
8633	LGI4
8634	FXYD1
8635	FXYD7
8636	LSR
8637	MAG
8638	CD22
8639	DMKN
8640	TMEM147-AS1
8641	TMEM147
8642	HAUS5
8643	RBM42
8644	COX6B1
8645	ZBTB32
8646	IGFLR1
8647	U2AF1L4
8648	PSENEN
8649	HSPB6
8650	PROSER3
8651	ARHGAP33
8652	NPHS1
8653	APLP1
8654	NFKBID
8655	LRFN3
8656	SDHAF1
8657	ALKBH6
8658	THAP8
8659	WDR62
8660	POLR2I
8661	COX7A1
8662	ZNF565
8663	ZNF850
8664	ZNF790-AS1
8665	ZNF829
8666	ZNF793-AS1
8667	ZNF781
8668	WDR87
8669	SIPA1L3
8670	DPF1
8671	SPINT2
8672	PPP1R14A
8673	KCNK6
8674	CATSPERG
8675	SPRED3
8676	RYR1
8677	MAP4K1
8678	ACTN4
8679	LGALS4
8680	RINL
8681	NFKBIB
8682	CCER2
8683	MRPS12
8684	ERVK9-11
8685	FBXO27
8686	PAK4
8687	AC011443.1
8688	LRFN1
8689	GMFG
8690	PAF1
8691	ZFP36
8692	PLEKHG2
8693	RPS16
8694	SELENOV
8695	EID2B
8696	EID2
8697	FCGBP
8698	ZNF546
8699	TTC9B
8700	CNTD2
8701	HIPK4
8702	PRX
8703	SERTAD1
8704	SERTAD3
8705	SHKBP1
8706	LTBP4
8707	NUMBL
8708	ITPKC
8709	C19orf54
8710	MIA
8711	TGFB1
8712	B9D2
8713	EXOSC5
8714	RPS19
8715	ERFL
8716	RABAC1
8717	ATP1A3
8718	ZNF574
8719	POU2F2
8720	DEDD2
8721	ZNF526
8722	ERF
8723	CIC
8724	PAFAH1B3
8725	LIPE
8726	CXCL17
8727	CEACAM1
8728	PSG8
8729	PSG8-AS1
8730	AC004784.1
8731	PSG2
8732	PSG4
8733	PSG9
8734	ETHE1
8735	ZNF575
8736	PINLYP
8737	SRRM5
8738	ZNF428
8739	PLAUR
8740	SMG9
8741	LYPD5
8742	ZNF404
8743	ZNF230
8744	ZNF222
8745	ZNF284
8746	ZNF233
8747	ZNF285
8748	IGSF23
8749	PVR
8750	CEACAM19
8751	BCL3
8752	BCAM
8753	NECTIN2
8754	TOMM40
8755	APOE
8756	APOC1
8757	APOC2
8758	RELB
8759	ZNF296
8760	GEMIN7
8761	PPP1R37
8762	TRAPPC6A
8763	BLOC1S3
8764	EXOC3L2
8765	CKM
8766	PPP1R13L
8767	CD3EAP
8768	FOSB
8769	RTN2
8770	PPM1N
8771	VASP
8772	SNRPD2
8773	QPCTL
8774	SIX5
8775	IRF2BP1
8776	MYPOP
8777	NOVA2
8778	PGLYRP1
8779	IGFL4
8780	IGFL2
8781	IGFL2-AS1
8782	HIF3A
8783	CCDC8
8784	PNMA8C
8785	PNMA8A
8786	PNMA8B
8787	CALM3
8788	DACT3
8789	DACT3-AS1
8790	PRKD2
8791	FKRP
8792	AP2S1
8793	NPAS1
8794	TMEM160
8795	BBC3
8796	CCDC9
8797	INAFM1
8798	C5AR1
8799	C5AR2
8800	MEIS3
8801	SLC8A2
8802	KPTN
8803	NAPA-AS1
8804	AC010331.1
8805	BICRA-AS1
8806	EHD2
8807	NOP53
8808	NOP53-AS1
8809	SELENOW
8810	PLA2G4C
8811	PLA2G4C-AS1
8812	LIG1
8813	ZNF114-AS1
8814	ZNF114
8815	CCDC114
8816	EMP3
8817	TMEM143
8818	GRIN2D
8819	GRWD1
8820	KCNJ14
8821	LMTK3
8822	SULT2B1
8823	RPL18
8824	DBP
8825	CA11
8826	NTN5
8827	FUT2
8828	MAMSTR
8829	RASIP1
8830	HSD17B14
8831	PLEKHA4
8832	PPP1R15A
8833	NUCB1-AS1
8834	BAX
8835	FTL
8836	GYS1
8837	RUVBL2
8838	LIN7B
8839	C19orf73
8840	PPFIA3
8841	TRPM4
8842	SLC6A16
8843	CD37
8844	TEAD2
8845	SLC17A7
8846	PIH1D1
8847	ALDH16A1
8848	FLT3LG
8849	RPL13A
8850	RPS11
8851	RCN3
8852	PRRG2
8853	RRAS
8854	PRMT1
8855	CPT1C
8856	FUZ
8857	PTOV1
8858	AKT1S1
8859	IL4I1
8860	NUP62
8861	ATF5
8862	ZNF473
8863	KCNC3
8864	NAPSA
8865	POLD1
8866	FAM71E1
8867	JOSD2
8868	ASPDH
8869	LRRC4B
8870	SYT3
8871	C19orf81
8872	SHANK1
8873	CLEC11A
8874	C19orf48
8875	KLK14
8876	CTU1
8877	IGLON5
8878	VSIG10L
8879	ETFB
8880	CLDND2
8881	SPACA6P-AS
8882	SPACA6
8883	FPR3
8884	ZNF649-AS1
8885	ZNF613
8886	ZNF350
8887	ZNF836
8888	ZNF610
8889	ZNF528-AS1
8890	ZNF528
8891	ZNF534
8892	ZNF578
8893	ZNF600
8894	ZNF468
8895	ZNF320
8896	ZNF888
8897	ZNF816
8898	ZNF845
8899	ZNF525
8900	ZNF765
8901	ZNF761
8902	ZNF813
8903	ZNF331
8904	NLRP12
8905	MYADM
8906	PRKCG
8907	CACNG7
8908	CACNG8
8909	OSCAR
8910	NDUFA3
8911	TFPT
8912	CNOT3
8913	LENG1
8914	TMC4
8915	TSEN34
8916	RPS9
8917	LAIR1
8918	TTYH1
8919	LENG9
8920	GP6
8921	TNNT1
8922	SYT5
8923	TMEM86B
8924	KMT5C
8925	TMEM238
8926	RPL28
8927	UBE2S
8928	SHISA7
8929	ISOC2
8930	ZNF628
8931	NAT14
8932	SSC5D
8933	ZNF579
8934	FIZ1
8935	ZNF524
8936	ZNF865
8937	ZNF784
8938	ZNF580
8939	ZNF581
8940	CCDC106
8941	U2AF2
8942	EDDM13
8943	ZNF582
8944	ZNF582-AS1
8945	ZNF470
8946	SMIM17
8947	ZNF835
8948	ZIM2
8949	PEG3
8950	AURKC
8951	ZNF460
8952	ZNF543
8953	ZNF547
8954	TRAPPC2B
8955	ZNF749
8956	VN1R1
8957	ZNF550
8958	ZNF416
8959	ZIK1
8960	ZNF530
8961	ZNF211
8962	ZNF552
8963	ZNF256
8964	C19orf18
8965	ZSCAN1
8966	ZSCAN18
8967	ZSCAN22
8968	A1BG
8969	A1BG-AS1
8970	ZNF497
8971	ZNF837
8972	RPS5
8973	ZNF584
8974	ZNF132
8975	ZNF324B
8976	ZNF446
8977	ZBTB45
8978	TRIM28
8979	CHMP2A
8980	UBE2M
8981	MZF1-AS1
8982	C20orf96
8983	ZCCHC3
8984	NRSN2-AS1
8985	SOX12
8986	TRIB3
8987	SRXN1
8988	RSPO4
8989	TMEM74B
8990	RAD21L1
8991	SDCBP2
8992	PDYN-AS1
8993	TMC2
8994	NOP56
8995	IDH3B
8996	EBF4
8997	PCED1A
8998	MRPS26
8999	UBOX5-AS1
9000	FASTKD5
9001	LZTS3
9002	DDRGK1
9003	SLC4A11
9004	ADAM33
9005	SIGLEC1
9006	C20orf27
9007	SPEF1
9008	CENPB
9009	AP5S1
9010	RNF24
9011	SMOX
9012	LINC01433
9013	ADRA1D
9014	PRNP
9015	RASSF2
9016	PCNA
9017	LINC00658
9018	LINC00654
9019	GPCPD1
9020	CHGB
9021	TRMT6
9022	MCM8
9023	FERMT1
9024	BMP2
9025	PLCB1
9026	PLCB4
9027	LAMP5
9028	PAK5
9029	ANKEF1
9030	SNAP25-AS1
9031	SNAP25
9032	SLX4IP
9033	JAG1
9034	SPTLC3
9035	ISM1
9036	SEL1L2
9037	MACROD2
9038	FLRT3
9039	MACROD2-AS1
9040	PCSK2
9041	RRBP1
9042	OVOL2
9043	PET117
9044	RBBP9
9045	SMIM26
9046	LINC00653
9047	SLC24A3
9048	CFAP61
9049	KIZ-AS1
9050	LINC01727
9051	LINC01726
9052	NXT1
9053	LINC01431
9054	GZF1
9055	CST3
9056	SYNDIG1
9057	ACSS1
9058	VSX1
9059	GINS1
9060	NANP
9061	ZNF337-AS1
9062	FAM182B
9063	FAM182A
9064	MIR663AHG
9065	LINC01597
9066	FAM242A
9067	ID1
9068	TPX2
9069	DUSP15
9070	XKR7
9071	HCK
9072	PLAGL2
9073	NOL4L
9074	C20orf203
9075	MAPRE1
9076	EFCAB8
9077	SNTA1
9078	E2F1
9079	RALY-AS1
9080	EIF2S2
9081	ASIP
9082	DYNLRB1
9083	MAP1LC3A
9084	TP53INP2
9085	ACSS2
9086	MYH7B
9087	PROCR
9088	MMP24
9089	EIF6
9090	GDF5
9091	SPAG4
9092	ROMO1
9093	SCAND1
9094	CNBD2
9095	AL121895.1
9096	DLGAP4
9097	MYL9
9098	TGIF2
9099	RAB5IF
9100	SLA2
9101	DSN1
9102	SAMHD1
9103	NNAT
9104	VSTM2L
9105	KIAA1755
9106	LBP
9107	SNHG17
9108	SNHG11
9109	SLC32A1
9110	PPP1R16B
9111	MAFB
9112	PLCG1-AS1
9113	LPIN3
9114	PTPRT
9115	SRSF6
9116	SGK2
9117	TOX2
9118	JPH2
9119	GDAP1L1
9120	ADA
9121	LINC01260
9122	KCNK15-AS1
9123	CCN5
9124	RIMS4
9125	PABPC1L
9126	TOMM34
9127	KCNS1
9128	SDC4
9129	SYS1
9130	TP53TG5
9131	DBNDD2
9132	WFDC2
9133	WFDC10B
9134	WFDC3
9135	TNNC2
9136	ZSWIM1
9137	NEURL2
9138	PLTP
9139	PCIF1
9140	SLC12A5
9141	CD40
9142	CDH22
9143	SLC13A3
9144	TP53RK
9145	SLC2A10
9146	EYA2
9147	ZMYND8
9148	SULF2
9149	DDX27
9150	KCNB1
9151	PTGIS
9152	SPATA2
9153	SNAI1
9154	LINC01273
9155	CEBPB-AS1
9156	CEBPB
9157	LINC01270
9158	RIPOR3
9159	PARD6B
9160	ADNP-AS1
9161	MOCS3
9162	KCNG1
9163	NFATC2
9164	ATP9A
9165	LINC01429
9166	LINC01524
9167	TSHZ2
9168	BCAS1
9169	DOK5
9170	LINC01440
9171	CBLN4
9172	AURKA
9173	CASS4
9174	GCNT7
9175	TFAP2C
9176	BMP7
9177	RBM38
9178	PMEPA1
9179	APCDD1L
9180	APCDD1L-DT
9181	CTSZ
9182	TUBB1
9183	ATP5F1E
9184	PRELID3B
9185	ZNF831
9186	PPP1R3D
9187	CDH26
9188	CDH4
9189	PSMA7
9190	HRH3
9191	ADRM1
9192	LAMA5
9193	AL121832.2
9194	RPS21
9195	CABLES2
9196	SLCO4A1
9197	MRGBP
9198	OGFR
9199	COL9A3
9200	YTHDF1
9201	NKAIN4
9202	ARFGAP1
9203	CHRNA4
9204	KCNQ2
9205	EEF1A2
9206	PPDPF
9207	PTK6
9208	HELZ2
9209	MHENCR
9210	STMN3
9211	TNFRSF6B
9212	LIME1
9213	SLC2A4RG
9214	ZBTB46
9215	ZBTB46-AS1
9216	TPD52L2
9217	UCKL1
9218	UCKL1-AS1
9219	SAMD10
9220	C20orf204
9221	TCEA2
9222	RGS19
9223	OPRL1
9224	MYT1
9225	PCMTD2
9226	TPTE
9227	LIPI
9228	RBM11
9229	HSPA13
9230	SAMSN1
9231	LINC02246
9232	CXADR
9233	BTG3
9234	C21orf91-OT1
9235	C21orf91
9236	CHODL
9237	LINC00320
9238	LINC01684
9239	LINC00158
9240	MIR155HG
9241	JAM2
9242	ATP5PF
9243	CYYR1-AS1
9244	CYYR1
9245	ADAMTS1
9246	ADAMTS5
9247	LINC01697
9248	LINC01695
9249	RWDD2B
9250	CCT8
9251	MAP3K7CL
9252	BACH1
9253	GRIK1
9254	GRIK1-AS1
9255	TIAM1
9256	SOD1
9257	HUNK
9258	LINC00159
9259	MIS18A
9260	MIS18A-AS1
9261	MRAP
9262	URB1-AS1
9263	EVA1C
9264	TCP10L
9265	PAXBP1-AS1
9266	C21orf62-AS1
9267	C21orf62
9268	OLIG2
9269	OLIG1
9270	IFNAR2
9271	IFNGR2
9272	DNAJC28
9273	LINC00649
9274	MRPS6
9275	SLC5A3
9276	LINC00310
9277	KCNE2
9278	SMIM11A
9279	KCNE1
9280	RCAN1
9281	RUNX1
9282	CBR1
9283	CBR3-AS1
9284	CBR3
9285	CHAF1B
9286	CLDN14
9287	PIGP
9288	TTC3-AS1
9289	DSCR9
9290	KCNJ6
9291	ERG
9292	ETS2
9293	BRWD1-AS1
9294	HMGN1
9295	LCA5L
9296	SH3BGR
9297	B3GALT5
9298	B3GALT5-AS1
9299	IGSF5
9300	PCP4
9301	DSCAM
9302	BACE2
9303	MX2
9304	MX1
9305	C2CD2
9306	ZBTB21
9307	ZNF295-AS1
9308	UMODL1-AS1
9309	ABCG1
9310	TMPRSS3
9311	RSPH1
9312	PDE9A
9313	ERVH48-1
9314	CBS
9315	U2AF1
9316	HSF2BP
9317	CSTB
9318	RRP1
9319	PWP2
9320	GATD3A
9321	ICOSLG
9322	AIRE
9323	CFAP410
9324	TRPM2
9325	LRRC3
9326	TSPEAR-AS2
9327	SUMO3
9328	LINC01547
9329	COL18A1
9330	SLC19A1
9331	PCBP3
9332	COL6A1
9333	COL6A2
9334	FTCD
9335	SPATC1L
9336	MCM3AP-AS1
9337	C21orf58
9338	S100B
9339	HDHD5
9340	HDHD5-AS1
9341	ADA2
9342	CECR3
9343	SLC25A18
9344	BID
9345	TUBA8
9346	USP18
9347	TMEM191B
9348	DGCR6
9349	PRODH
9350	DGCR11
9351	ESS2
9352	LINC01311
9353	SLC25A1
9354	MRPL40
9355	UFD1
9356	SEPTIN5
9357	GP1BB
9358	GNB1L
9359	RTL10
9360	RANBP1
9361	RTN4R
9362	DGCR6L
9363	SCARF2
9364	SERPIND1
9365	LINC01637
9366	AIFM3
9367	THAP7
9368	THAP7-AS1
9369	P2RX6
9370	LRRC74B
9371	HIC2
9372	TMEM191C
9373	YDJC
9374	SDF2L1
9375	YPEL1
9376	PPM1F
9377	TOP3B
9378	RSPH14
9379	RAB36
9380	LINC02556
9381	LINC01659
9382	PCAT14
9383	IGLL1
9384	DRICH1
9385	RGL4
9386	CHCHD10
9387	MMP11
9388	DERL3
9389	MIF
9390	GSTT2B
9391	DDTL
9392	DDT
9393	CABIN1
9394	GGT5
9395	ADORA2A
9396	UPB1
9397	GGT1
9398	LRRC75B
9399	SGSM1
9400	TMEM211
9401	CRYBB3
9402	CRYBB2
9403	LRP5L
9404	GRK3
9405	MYO18B
9406	SEZ6L
9407	ASPHD2
9408	MIAT
9409	LINC01422
9410	MN1
9411	CHEK2
9412	CCDC117
9413	XBP1
9414	ZNRF3-IT1
9415	ZNRF3-AS1
9416	C22orf31
9417	KREMEN1
9418	EMID1
9419	GAS2L1
9420	RASL10A
9421	RFPL1S
9422	NEFH
9423	UQCR10
9424	HORMAD2-AS1
9425	HORMAD2
9426	CASTOR1
9427	TBC1D10A
9428	CCDC157
9429	SEC14L2
9430	MTFP1
9431	SEC14L4
9432	SEC14L6
9433	GAL3ST1
9434	TCN2
9435	DUSP18
9436	MORC2-AS1
9437	SMTN
9438	SELENOM
9439	INPP5J
9440	LIMK2
9441	PIK3IP1
9442	PIK3IP1-AS1
9443	LINC01521
9444	YWHAH
9445	LINC02558
9446	RFPL2
9447	SLC5A4-AS1
9448	SLC5A4
9449	RFPL3S
9450	BPIFC
9451	FBXO7
9452	SYN3
9453	LINC01640
9454	LARGE-AS1
9455	HMOX1
9456	MCM5
9457	RASD2
9458	APOL6
9459	APOL3
9460	APOL4
9461	APOL2
9462	MYH9
9463	FOXRED2
9464	CACNG2
9465	IFT27
9466	PVALB
9467	TST
9468	KCTD17
9469	C1QTNF6
9470	ELFN2
9471	CDC42EP1
9472	SH3BP1
9473	PDXP
9474	LGALS1
9475	NOL12
9476	H1F0
9477	GCAT
9478	MICALL1
9479	C22orf23
9480	SOX10
9481	BAIAP2L2
9482	MAFF
9483	TMEM184B
9484	KCNJ4
9485	KDELR3
9486	DMC1
9487	FAM227A
9488	TOMM22
9489	SUN2
9490	DNAL4
9491	NPTXR
9492	APOBEC3F
9493	APOBEC3G
9494	APOBEC3H
9495	RPL3
9496	MGAT3
9497	ATF4
9498	RPS19BP1
9499	CACNA1I
9500	MRTFA
9501	MRTFA-AS1
9502	ST13
9503	DNAJB7
9504	EP300-AS1
9505	CHADL
9506	RANGAP1
9507	TEF
9508	TOB2
9509	POLR3H
9510	CSDC2
9511	PMM1
9512	MEI1
9513	SREBF2-AS1
9514	SREBF2
9515	SHISA8
9516	LINC00634
9517	SEPTIN3
9518	WBP2NL
9519	SMDT1
9520	NDUFA6
9521	CYP2D6
9522	OGFRP1
9523	LINC01315
9524	NFAM1
9525	RRP7A
9526	SERHL2
9527	ATP5MGL
9528	A4GALT
9529	TTLL1
9530	TSPO
9531	MPPED1
9532	EFCAB6-AS1
9533	EFCAB6
9534	SULT4A1
9535	PNPLA3
9536	PARVB
9537	SHISAL1
9538	RTL6
9539	PRR5
9540	ARHGAP8
9541	NUP50-DT
9542	KIAA0930
9543	FAM118A
9544	SMC1B
9545	RIBC2
9546	FBLN1
9547	WNT7B
9548	LINC00899
9549	PRR34
9550	PRR34-AS1
9551	MIRLET7BHG
9552	CDPF1
9553	GTSE1
9554	CELSR1
9555	TAFA5
9556	LINC01310
9557	C22orf34
9558	CRELD2
9559	PIM3
9560	MOV10L1
9561	PANX2
9562	TRABD
9563	HDAC10
9564	MAPK12
9565	MAPK11
9566	NCAPH2
9567	SCO2
9568	TYMP
9569	CPT1B
9570	CHKB-DT
9571	MAPK8IP2
9572	PLCXD1
9573	LINC00685
9574	PPP2R3B
9575	CSF2RA
9576	IL3RA
9577	SLC25A6
9578	ASMTL-AS1
9579	ASMTL
9580	AKAP17A
9581	AL683807.1
9582	DHRSX
9583	ZBED1
9584	CD99
9585	XG
9586	GYG2
9587	ARSD
9588	ARSE
9589	ARSF
9590	PRKX
9591	PRKX-AS1
9592	AC110995.1
9593	NLGN4X
9594	PUDP
9595	STS
9596	ANOS1
9597	FAM9B
9598	SHROOM2
9599	WWC3-AS1
9600	CLCN4
9601	MID1
9602	HCCS
9603	ARHGAP6
9604	FRMPD4
9605	PRPS2
9606	TMSB4X
9607	TCEANC
9608	GEMIN8
9609	GLRA2
9610	FANCB
9611	PIGA
9612	VEGFD
9613	PIR
9614	BMX
9615	ACE2
9616	CLTRN
9617	AP1S2
9618	REPS2
9619	NHS
9620	SCML1
9621	RAI2
9622	PPEF1
9623	ADGRG2
9624	MAP3K15
9625	SH3KBP1
9626	MAP7D2
9627	RPS6KA3
9628	CNKSR2
9629	KLHL34
9630	YY2
9631	SMS
9632	PHEX
9633	PHEX-AS1
9634	PTCHD1-AS
9635	DDX53
9636	PTCHD1
9637	PRDX4
9638	SAT1
9639	CXorf58
9640	KLHL15
9641	ZFX-AS1
9642	PDK3
9643	PCYT1B
9644	PCYT1B-AS1
9645	ARX
9646	IL1RAPL1
9647	GK-AS1
9648	TMEM47
9649	CFAP47
9650	LANCL3
9651	XK
9652	CYBB
9653	DYNLT3
9654	SYTL5
9655	SRPX
9656	TSPAN7
9657	MID1IP1
9658	BCOR
9659	GPR34
9660	GPR82
9661	MAOB
9662	NDP
9663	NDP-AS1
9664	EFHC2
9665	FUNDC1
9666	KDM6A
9667	DIPK2B
9668	ZNF674-AS1
9669	CHST7
9670	SLC9A7
9671	RP2
9672	JADE3
9673	RGN
9674	NDUFB11
9675	INE1
9676	CDK16
9677	ZNF157
9678	LINC01560
9679	SYN1
9680	TIMP1
9681	CFP
9682	UXT-AS1
9683	ZNF630
9684	ZNF630-AS1
9685	PORCN
9686	EBP
9687	RBM3
9688	WAS
9689	SUV39H1
9690	GLOD5
9691	GATA1
9692	ERAS
9693	PCSK1N
9694	PQBP1
9695	TIMM17B
9696	SLC35A2
9697	PIM2
9698	KCND1
9699	TFE3
9700	CCDC120
9701	PRAF2
9702	WDR45
9703	GPKOW
9704	MAGIX
9705	PLP2
9706	PRICKLE3
9707	SYP
9708	GAGE10
9709	USP27X-AS1
9710	USP27X
9711	CCNB3
9712	SHROOM4
9713	LINC01284
9714	NUDT10
9715	NUDT11
9716	GSPT2
9717	MAGED1
9718	TSPYL2
9719	RIBC1
9720	HSD17B10
9721	TSR2
9722	MAGED2
9723	TRO
9724	PFKFB1
9725	APEX2
9726	FAM104B
9727	MAGEH1
9728	USP51
9729	KLF8
9730	UBQLN2
9731	SPIN2B
9732	SPIN2A
9733	ZXDB
9734	ZXDA
9735	SPIN4
9736	AMER1
9737	MTMR8
9738	ZC4H2
9739	ZC3H12B
9740	MSN
9741	HEPH
9742	EDA2R
9743	AR
9744	OPHN1
9745	STARD8
9746	EFNB1
9747	PJA1
9748	FAM155B
9749	EDA
9750	DGAT2L6
9751	AWAT1
9752	ARR3
9753	PDZD11
9754	KIF4A
9755	GDPD2
9756	TEX11
9757	FOXO4
9758	NLGN3
9759	ZMYM3
9760	NONO
9761	GCNA
9762	NHSL2
9763	RTL5
9764	ERCC6L
9765	RPS4X
9766	PHKA1
9767	PHKA1-AS1
9768	FAM226B
9769	NAP1L2
9770	TSIX
9771	XIST
9772	JPX
9773	NEXMIF
9774	ZDHHC15
9775	PBDC1
9776	MAGEE1
9777	COX7B
9778	ATP7A
9779	PGK1
9780	TAF9B
9781	CYSLTR1
9782	LPAR4
9783	HMGN5
9784	POU3F4
9785	RPS6KA6
9786	SATL1
9787	ZNF711
9788	DACH2
9789	KLHL4
9790	PABPC5
9791	PCDH11X
9792	NAP1L3
9793	FAM133A
9794	DIAPH2-AS1
9795	PCDH19
9796	TSPAN6
9797	SRPX2
9798	SYTL4
9799	CSTF2
9800	XKRX
9801	ARL13A
9802	TRMT2B-AS1
9803	TMEM35A
9804	CENPI
9805	DRP2
9806	TAF7L
9807	TIMM8A
9808	RPL36A
9809	GLA
9810	HNRNPH2
9811	ARMCX1
9812	ARMCX6
9813	NXF5
9814	ZMAT1
9815	TCEAL2
9816	TCEAL6
9817	BEX5
9818	ARMCX5
9819	GPRASP1
9820	GPRASP2
9821	BEX1
9822	BEX4
9823	TCEAL8
9824	TCEAL5
9825	BEX2
9826	TCEAL7
9827	TCEAL9
9828	BEX3
9829	RAB40A
9830	TCEAL4
9831	TCEAL3
9832	TCEAL1
9833	MORF4L2-AS1
9834	PLP1
9835	RAB9B
9836	TMSB15B-AS1
9837	TMSB15B
9838	ZCCHC18
9839	FAM199X
9840	IL1RAPL2
9841	PWWP3B
9842	RADX
9843	RNF128
9844	TBC1D8B
9845	NUP62CL
9846	FRMPD3-AS1
9847	FRMPD3
9848	PRPS1
9849	TSC22D3
9850	PSMD10
9851	COL4A6
9852	NXT2
9853	AMMECR1
9854	RTL9
9855	CHRDL1
9856	PAK3
9857	DCX
9858	ALG13-AS1
9859	TRPC5
9860	TRPC5OS
9861	LHFPL1
9862	XACT
9863	HTR2C
9864	PLS3-AS1
9865	KLHL13
9866	DOCK11
9867	IL13RA1
9868	ZCCHC12
9869	LINC01285
9870	LONRF3
9871	PGRMC1
9872	SLC25A5-AS1
9873	SLC25A5
9874	RPL39
9875	RNF113A
9876	NDUFA1
9877	AKAP14
9878	RHOXF1-AS1
9879	RHOXF1
9880	ZBTB33
9881	TMEM255A
9882	C1GALT1C1
9883	GRIA3
9884	TENM1
9885	APLN
9886	ZDHHC9
9887	IGSF1
9888	FIRRE
9889	RAP2C-AS1
9890	MBNL3
9891	HS6ST2
9892	GPC4
9893	GPC3
9894	CCDC160
9895	HPRT1
9896	PLAC1
9897	SMIM10
9898	RTL8B
9899	RTL8C
9900	RTL8A
9901	SMIM10L2B
9902	ZNF449
9903	SMIM10L2A
9904	MAP7D3
9905	FGF13
9906	MCF2
9907	ATP11C
9908	LINC00632
9909	CDR1
9910	LDOC1
9911	SPANXA2-OT1
9912	MAGEC3
9913	SLITRK4
9914	SLITRK2
9915	FMR1-AS1
9916	FMR1-IT1
9917	AFF2
9918	LINC00893
9919	CXorf40B
9920	HMGB3
9921	PRRG3
9922	GABRE
9923	GABRA3
9924	CETN2
9925	NSDHL
9926	ZNF185
9927	PNMA3
9928	PNMA6A
9929	PNMA6F
9930	ZFP92
9931	HAUS7
9932	BGN
9933	ATP2B3
9934	CCNQ
9935	DUSP9
9936	PNCK
9937	SLC6A8
9938	BCAP31
9939	ABCD1
9940	PLXNB3
9941	SRPK3
9942	IDH3G
9943	SSR4
9944	PDZD4
9945	L1CAM
9946	ARHGAP4
9947	NAA10
9948	RENBP
9949	HCFC1
9950	IRAK1
9951	FLNA
9952	EMD
9953	RPL10
9954	DNASE1L1
9955	ATP6AP1
9956	FAM50A
9957	PLXNA3
9958	LAGE3
9959	UBL4A
9960	SLC10A3
9961	G6PD
9962	IKBKG
9963	GAB3
9964	F8
9965	F8A1
9966	CMC4
9967	MTCP1
9968	RAB39B
9969	CLIC2
9970	TMLHE-AS1
9971	SPRY3
9972	RPS4Y1
9973	ZFY
9974	ZFY-AS1
9975	LINC00278
9976	PCDH11Y
9977	PRKY
9978	USP9Y
9979	DDX3Y
9980	UTY
9981	TMSB4Y
9982	NLGN4Y
9983	TTTY14
9984	KDM5D
9985	TTTY10
9986	EIF1AY
9987	MT-ND1
9988	MT-ND2
9989	MT-CO1
9990	MT-CO2
9991	MT-ATP8
9992	MT-ATP6
9993	MT-CO3
9994	MT-ND3
9995	MT-ND4L
9996	MT-ND4
9997	MT-ND5
9998	MT-ND6
9999	MT-CYB
