schema_version	contrast_index	kda_run_id	source_contrast_id	fine_cell_type	broad_cell_type	signature_group	sex	apoe_group	query_mode	cells_ad	cells_nci	donors_ad	donors_nci	phase08_terminal_status	minimum_cells_per_deg_arm	passes_cell_floor	candidate_query_genes	effective_query_genes	minimum_effective_query_genes	passes_query_floor	phase12_eligibility_status	phase12_terminal_status	phase12_returned_driver_count	included_at_thresholds	exclusion_reason
phase20_sexapoe_kda_simple_aggr_combo_v1_run_manifest	1	primary_Ast_CHI3L1_F_e2_AD_both_mito	astrocytes::Ast CHI3L1::AD_vs_NCI__Female__e2	Ast CHI3L1	Astrocytes	F_e2	Female	e2	AD_both_mito	105	1104	6	16	validated_complete	3	TRUE	10	9	3	TRUE	eligible	completed_significant	1	TRUE	NA
phase20_sexapoe_kda_simple_aggr_combo_v1_run_manifest	2	primary_Ast_DPP10_F_e2_AD_both_mito	astrocytes::Ast DPP10::AD_vs_NCI__Female__e2	Ast DPP10	Astrocytes	F_e2	Female	e2	AD_both_mito	560	936	8	17	validated_complete	3	TRUE	18	16	3	TRUE	eligible	completed_significant	2	TRUE	NA
phase20_sexapoe_kda_simple_aggr_combo_v1_run_manifest	3	primary_Ast_GRM3_F_e2_AD_both_mito	astrocytes::Ast GRM3::AD_vs_NCI__Female__e2	Ast GRM3	Astrocytes	F_e2	Female	e2	AD_both_mito	957	2720	8	17	validated_complete	3	TRUE	98	82	3	TRUE	eligible	completed_significant	9	TRUE	NA
phase20_sexapoe_kda_simple_aggr_combo_v1_run_manifest	4	primary_CAMs_F_e2_AD_both_mito	immune::CAMs::AD_vs_NCI__Female__e2	CAMs	CAMs	F_e2	Female	e2	AD_both_mito	23	85	6	12	validated_complete	3	TRUE	0	0	3	FALSE	effective_query_below_minimum	skipped_effective_query_below_minimum	0	FALSE	minimum_effective_query_genes_not_met
phase20_sexapoe_kda_simple_aggr_combo_v1_run_manifest	5	primary_Exc_L2_3_CBLN2_LINC02306_F_e2_AD_both_mito	excitatory_set1::Exc L2-3 CBLN2 LINC02306::AD_vs_NCI__Female__e2	Exc L2-3 CBLN2 LINC02306	Excitatory_neurons	F_e2	Female	e2	AD_both_mito	3671	12562	8	17	validated_complete	3	TRUE	59	53	3	TRUE	eligible	completed_significant	8	TRUE	NA
phase20_sexapoe_kda_simple_aggr_combo_v1_run_manifest	6	primary_Exc_L3_4_RORB_CUX2_F_e2_AD_both_mito	excitatory_set2::Exc L3-4 RORB CUX2::AD_vs_NCI__Female__e2	Exc L3-4 RORB CUX2	Excitatory_neurons	F_e2	Female	e2	AD_both_mito	2049	7715	8	16	validated_complete	3	TRUE	114	91	3	TRUE	eligible	completed_significant	37	TRUE	NA
phase20_sexapoe_kda_simple_aggr_combo_v1_run_manifest	7	primary_Exc_L3_5_RORB_PLCH1_F_e2_AD_both_mito	excitatory_set2::Exc L3-5 RORB PLCH1::AD_vs_NCI__Female__e2	Exc L3-5 RORB PLCH1	Excitatory_neurons	F_e2	Female	e2	AD_both_mito	519	1284	8	16	validated_complete	3	TRUE	49	44	3	TRUE	eligible	completed_significant	16	TRUE	NA
phase20_sexapoe_kda_simple_aggr_combo_v1_run_manifest	8	primary_Exc_L4_5_RORB_GABRG1_F_e2_AD_both_mito	excitatory_set2::Exc L4-5 RORB GABRG1::AD_vs_NCI__Female__e2	Exc L4-5 RORB GABRG1	Excitatory_neurons	F_e2	Female	e2	AD_both_mito	991	2612	8	16	validated_complete	3	TRUE	53	48	3	TRUE	eligible	completed_significant	8	TRUE	NA
phase20_sexapoe_kda_simple_aggr_combo_v1_run_manifest	9	primary_Exc_L4_5_RORB_IL1RAPL2_F_e2_AD_both_mito	excitatory_set2::Exc L4-5 RORB IL1RAPL2::AD_vs_NCI__Female__e2	Exc L4-5 RORB IL1RAPL2	Excitatory_neurons	F_e2	Female	e2	AD_both_mito	1430	4990	8	17	validated_complete	3	TRUE	124	104	3	TRUE	eligible	completed_significant	38	TRUE	NA
phase20_sexapoe_kda_simple_aggr_combo_v1_run_manifest	10	primary_Exc_L5_ET_F_e2_AD_both_mito	excitatory_set3::Exc L5 ET::AD_vs_NCI__Female__e2	Exc L5 ET	Excitatory_neurons	F_e2	Female	e2	AD_both_mito	26	140	6	16	validated_complete	3	TRUE	0	0	3	FALSE	effective_query_below_minimum	skipped_effective_query_below_minimum	0	FALSE	minimum_effective_query_genes_not_met
phase20_sexapoe_kda_simple_aggr_combo_v1_run_manifest	11	primary_Exc_L5_6_RORB_LINC02196_F_e2_AD_both_mito	excitatory_set3::Exc L5-6 RORB LINC02196::AD_vs_NCI__Female__e2	Exc L5-6 RORB LINC02196	Excitatory_neurons	F_e2	Female	e2	AD_both_mito	266	899	8	16	validated_complete	3	TRUE	72	64	3	TRUE	eligible	completed_significant	30	TRUE	NA
phase20_sexapoe_kda_simple_aggr_combo_v1_run_manifest	12	primary_Exc_L5_6_IT_Car3_F_e2_AD_both_mito	excitatory_set3::Exc L5/6 IT Car3::AD_vs_NCI__Female__e2	Exc L5/6 IT Car3	Excitatory_neurons	F_e2	Female	e2	AD_both_mito	174	699	8	16	validated_complete	3	TRUE	111	102	3	TRUE	eligible	completed_significant	50	TRUE	NA
phase20_sexapoe_kda_simple_aggr_combo_v1_run_manifest	13	primary_Exc_L5_6_NP_F_e2_AD_both_mito	excitatory_set3::Exc L5/6 NP::AD_vs_NCI__Female__e2	Exc L5/6 NP	Excitatory_neurons	F_e2	Female	e2	AD_both_mito	201	637	8	17	validated_complete	3	TRUE	24	22	3	TRUE	eligible	completed_significant	10	TRUE	NA
phase20_sexapoe_kda_simple_aggr_combo_v1_run_manifest	14	primary_Exc_L6_CT_F_e2_AD_both_mito	excitatory_set3::Exc L6 CT::AD_vs_NCI__Female__e2	Exc L6 CT	Excitatory_neurons	F_e2	Female	e2	AD_both_mito	298	712	8	16	validated_complete	3	TRUE	12	11	3	TRUE	eligible	completed_significant	11	TRUE	NA
phase20_sexapoe_kda_simple_aggr_combo_v1_run_manifest	15	primary_Exc_L6_THEMIS_NFIA_F_e2_AD_both_mito	excitatory_set3::Exc L6 THEMIS NFIA::AD_vs_NCI__Female__e2	Exc L6 THEMIS NFIA	Excitatory_neurons	F_e2	Female	e2	AD_both_mito	839	2594	8	16	validated_complete	3	TRUE	139	106	3	TRUE	eligible	completed_significant	48	TRUE	NA
phase20_sexapoe_kda_simple_aggr_combo_v1_run_manifest	16	primary_Exc_L6b_F_e2_AD_both_mito	excitatory_set3::Exc L6b::AD_vs_NCI__Female__e2	Exc L6b	Excitatory_neurons	F_e2	Female	e2	AD_both_mito	247	749	8	16	validated_complete	3	TRUE	18	15	3	TRUE	eligible	completed_significant	1	TRUE	NA
phase20_sexapoe_kda_simple_aggr_combo_v1_run_manifest	17	primary_Exc_NRGN_F_e2_AD_both_mito	excitatory_set3::Exc NRGN::AD_vs_NCI__Female__e2	Exc NRGN	Excitatory_neurons	F_e2	Female	e2	AD_both_mito	332	782	8	17	validated_complete	3	TRUE	1	1	3	FALSE	effective_query_below_minimum	skipped_effective_query_below_minimum	0	FALSE	minimum_effective_query_genes_not_met
phase20_sexapoe_kda_simple_aggr_combo_v1_run_manifest	18	primary_Exc_RELN_CHD7_F_e2_AD_both_mito	excitatory_set3::Exc RELN CHD7::AD_vs_NCI__Female__e2	Exc RELN CHD7	Excitatory_neurons	F_e2	Female	e2	AD_both_mito	160	6923	8	17	validated_complete	3	TRUE	28	23	3	TRUE	eligible	completed_significant	4	TRUE	NA
phase20_sexapoe_kda_simple_aggr_combo_v1_run_manifest	19	primary_Inh_ALCAM_TRPM3_F_e2_AD_both_mito	inhibitory::Inh ALCAM TRPM3::AD_vs_NCI__Female__e2	Inh ALCAM TRPM3	Inhibitory_neurons	F_e2	Female	e2	AD_both_mito	132	451	8	15	validated_complete	3	TRUE	10	10	3	TRUE	eligible	completed_significant	4	TRUE	NA
phase20_sexapoe_kda_simple_aggr_combo_v1_run_manifest	20	primary_Inh_CUX2_MSR1_F_e2_AD_both_mito	inhibitory::Inh CUX2 MSR1::AD_vs_NCI__Female__e2	Inh CUX2 MSR1	Inhibitory_neurons	F_e2	Female	e2	AD_both_mito	142	967	8	16	validated_complete	3	TRUE	4	4	3	TRUE	eligible	completed_significant	10	TRUE	NA
phase20_sexapoe_kda_simple_aggr_combo_v1_run_manifest	21	primary_Inh_ENOX2_SPHKAP_F_e2_AD_both_mito	inhibitory::Inh ENOX2 SPHKAP::AD_vs_NCI__Female__e2	Inh ENOX2 SPHKAP	Inhibitory_neurons	F_e2	Female	e2	AD_both_mito	119	524	8	16	validated_complete	3	TRUE	1	1	3	FALSE	effective_query_below_minimum	skipped_effective_query_below_minimum	0	FALSE	minimum_effective_query_genes_not_met
phase20_sexapoe_kda_simple_aggr_combo_v1_run_manifest	22	primary_Inh_FBN2_EPB41L4A_F_e2_AD_both_mito	inhibitory::Inh FBN2 EPB41L4A::AD_vs_NCI__Female__e2	Inh FBN2 EPB41L4A	Inhibitory_neurons	F_e2	Female	e2	AD_both_mito	95	216	8	15	validated_complete	3	TRUE	0	0	3	FALSE	effective_query_below_minimum	skipped_effective_query_below_minimum	0	FALSE	minimum_effective_query_genes_not_met
phase20_sexapoe_kda_simple_aggr_combo_v1_run_manifest	23	primary_Inh_GPC5_RIT2_F_e2_AD_both_mito	inhibitory::Inh GPC5 RIT2::AD_vs_NCI__Female__e2	Inh GPC5 RIT2	Inhibitory_neurons	F_e2	Female	e2	AD_both_mito	65	186	8	16	validated_complete	3	TRUE	0	0	3	FALSE	effective_query_below_minimum	skipped_effective_query_below_minimum	0	FALSE	minimum_effective_query_genes_not_met
phase20_sexapoe_kda_simple_aggr_combo_v1_run_manifest	24	primary_Inh_L1_PAX6_CA4_F_e2_AD_both_mito	inhibitory::Inh L1 PAX6 CA4::AD_vs_NCI__Female__e2	Inh L1 PAX6 CA4	Inhibitory_neurons	F_e2	Female	e2	AD_both_mito	62	180	8	15	validated_complete	3	TRUE	0	0	3	FALSE	effective_query_below_minimum	skipped_effective_query_below_minimum	0	FALSE	minimum_effective_query_genes_not_met
phase20_sexapoe_kda_simple_aggr_combo_v1_run_manifest	25	primary_Inh_L1_2_PAX6_SCGN_F_e2_AD_both_mito	inhibitory::Inh L1-2 PAX6 SCGN::AD_vs_NCI__Female__e2	Inh L1-2 PAX6 SCGN	Inhibitory_neurons	F_e2	Female	e2	AD_both_mito	19	59	5	13	validated_complete	3	TRUE	0	0	3	FALSE	effective_query_below_minimum	skipped_effective_query_below_minimum	0	FALSE	minimum_effective_query_genes_not_met
phase20_sexapoe_kda_simple_aggr_combo_v1_run_manifest	26	primary_Inh_L1_6_LAMP5_CA13_F_e2_AD_both_mito	inhibitory::Inh L1-6 LAMP5 CA13::AD_vs_NCI__Female__e2	Inh L1-6 LAMP5 CA13	Inhibitory_neurons	F_e2	Female	e2	AD_both_mito	173	621	8	16	validated_complete	3	TRUE	5	5	3	TRUE	eligible	completed_significant	9	TRUE	NA
phase20_sexapoe_kda_simple_aggr_combo_v1_run_manifest	27	primary_Inh_L3_5_SST_MAFB_F_e2_AD_both_mito	inhibitory::Inh L3-5 SST MAFB::AD_vs_NCI__Female__e2	Inh L3-5 SST MAFB	Inhibitory_neurons	F_e2	Female	e2	AD_both_mito	168	916	8	16	validated_complete	3	TRUE	8	8	3	TRUE	eligible	completed_significant	8	TRUE	NA
phase20_sexapoe_kda_simple_aggr_combo_v1_run_manifest	28	primary_Inh_L5_6_PVALB_STON2_F_e2_AD_both_mito	inhibitory::Inh L5-6 PVALB STON2::AD_vs_NCI__Female__e2	Inh L5-6 PVALB STON2	Inhibitory_neurons	F_e2	Female	e2	AD_both_mito	68	205	8	16	validated_complete	3	TRUE	0	0	3	FALSE	effective_query_below_minimum	skipped_effective_query_below_minimum	0	FALSE	minimum_effective_query_genes_not_met
phase20_sexapoe_kda_simple_aggr_combo_v1_run_manifest	29	primary_Inh_L5_6_SST_TH_F_e2_AD_both_mito	inhibitory::Inh L5-6 SST TH::AD_vs_NCI__Female__e2	Inh L5-6 SST TH	Inhibitory_neurons	F_e2	Female	e2	AD_both_mito	59	164	8	16	validated_complete	3	TRUE	0	0	3	FALSE	effective_query_below_minimum	skipped_effective_query_below_minimum	0	FALSE	minimum_effective_query_genes_not_met
phase20_sexapoe_kda_simple_aggr_combo_v1_run_manifest	30	primary_Inh_L6_SST_NPY_F_e2_AD_both_mito	inhibitory::Inh L6 SST NPY::AD_vs_NCI__Female__e2	Inh L6 SST NPY	Inhibitory_neurons	F_e2	Female	e2	AD_both_mito	15	32	7	13	validated_complete	3	TRUE	0	0	3	FALSE	effective_query_below_minimum	skipped_effective_query_below_minimum	0	FALSE	minimum_effective_query_genes_not_met
phase20_sexapoe_kda_simple_aggr_combo_v1_run_manifest	31	primary_Inh_LAMP5_NRG1_Rosehip_F_e2_AD_both_mito	inhibitory::Inh LAMP5 NRG1 (Rosehip)::AD_vs_NCI__Female__e2	Inh LAMP5 NRG1 (Rosehip)	Inhibitory_neurons	F_e2	Female	e2	AD_both_mito	299	965	8	17	validated_complete	3	TRUE	10	9	3	TRUE	eligible	completed_significant	14	TRUE	NA
phase20_sexapoe_kda_simple_aggr_combo_v1_run_manifest	32	primary_Inh_LAMP5_RELN_F_e2_AD_both_mito	inhibitory::Inh LAMP5 RELN::AD_vs_NCI__Female__e2	Inh LAMP5 RELN	Inhibitory_neurons	F_e2	Female	e2	AD_both_mito	70	339	7	14	validated_complete	3	TRUE	0	0	3	FALSE	effective_query_below_minimum	skipped_effective_query_below_minimum	0	FALSE	minimum_effective_query_genes_not_met
phase20_sexapoe_kda_simple_aggr_combo_v1_run_manifest	33	primary_Inh_PTPRK_FAM19A1_F_e2_AD_both_mito	inhibitory::Inh PTPRK FAM19A1::AD_vs_NCI__Female__e2	Inh PTPRK FAM19A1	Inhibitory_neurons	F_e2	Female	e2	AD_both_mito	111	427	8	15	validated_complete	3	TRUE	1	1	3	FALSE	effective_query_below_minimum	skipped_effective_query_below_minimum	0	FALSE	minimum_effective_query_genes_not_met
phase20_sexapoe_kda_simple_aggr_combo_v1_run_manifest	34	primary_Inh_PVALB_CA8_Chandelier_F_e2_AD_both_mito	inhibitory::Inh PVALB CA8 (Chandelier)::AD_vs_NCI__Female__e2	Inh PVALB CA8 (Chandelier)	Inhibitory_neurons	F_e2	Female	e2	AD_both_mito	173	596	8	16	validated_complete	3	TRUE	3	3	3	TRUE	eligible	completed_significant	9	TRUE	NA
phase20_sexapoe_kda_simple_aggr_combo_v1_run_manifest	35	primary_Inh_PVALB_HTR4_F_e2_AD_both_mito	inhibitory::Inh PVALB HTR4::AD_vs_NCI__Female__e2	Inh PVALB HTR4	Inhibitory_neurons	F_e2	Female	e2	AD_both_mito	484	1654	8	16	validated_complete	3	TRUE	64	50	3	TRUE	eligible	completed_significant	13	TRUE	NA
phase20_sexapoe_kda_simple_aggr_combo_v1_run_manifest	36	primary_Inh_PVALB_SULF1_F_e2_AD_both_mito	inhibitory::Inh PVALB SULF1::AD_vs_NCI__Female__e2	Inh PVALB SULF1	Inhibitory_neurons	F_e2	Female	e2	AD_both_mito	310	766	8	16	validated_complete	3	TRUE	15	12	3	TRUE	eligible	completed_significant	9	TRUE	NA
phase20_sexapoe_kda_simple_aggr_combo_v1_run_manifest	37	primary_Inh_RYR3_TSHZ2_F_e2_AD_both_mito	inhibitory::Inh RYR3 TSHZ2::AD_vs_NCI__Female__e2	Inh RYR3 TSHZ2	Inhibitory_neurons	F_e2	Female	e2	AD_both_mito	294	919	8	16	validated_complete	3	TRUE	4	4	3	TRUE	eligible	completed_significant	10	TRUE	NA
phase20_sexapoe_kda_simple_aggr_combo_v1_run_manifest	38	primary_Inh_SGCD_PDE3A_F_e2_AD_both_mito	inhibitory::Inh SGCD PDE3A::AD_vs_NCI__Female__e2	Inh SGCD PDE3A	Inhibitory_neurons	F_e2	Female	e2	AD_both_mito	51	133	8	16	validated_complete	3	TRUE	0	0	3	FALSE	effective_query_below_minimum	skipped_effective_query_below_minimum	0	FALSE	minimum_effective_query_genes_not_met
phase20_sexapoe_kda_simple_aggr_combo_v1_run_manifest	39	primary_Inh_SORCS1_TTN_F_e2_AD_both_mito	inhibitory::Inh SORCS1 TTN::AD_vs_NCI__Female__e2	Inh SORCS1 TTN	Inhibitory_neurons	F_e2	Female	e2	AD_both_mito	115	377	8	14	validated_complete	3	TRUE	1	1	3	FALSE	effective_query_below_minimum	skipped_effective_query_below_minimum	0	FALSE	minimum_effective_query_genes_not_met
phase20_sexapoe_kda_simple_aggr_combo_v1_run_manifest	40	primary_Inh_VIP_ABI3BP_F_e2_AD_both_mito	inhibitory::Inh VIP ABI3BP::AD_vs_NCI__Female__e2	Inh VIP ABI3BP	Inhibitory_neurons	F_e2	Female	e2	AD_both_mito	174	487	8	16	validated_complete	3	TRUE	3	3	3	TRUE	eligible	completed_significant	12	TRUE	NA
phase20_sexapoe_kda_simple_aggr_combo_v1_run_manifest	41	primary_Inh_VIP_CLSTN2_F_e2_AD_both_mito	inhibitory::Inh VIP CLSTN2::AD_vs_NCI__Female__e2	Inh VIP CLSTN2	Inhibitory_neurons	F_e2	Female	e2	AD_both_mito	196	714	8	16	validated_complete	3	TRUE	2	2	3	FALSE	effective_query_below_minimum	skipped_effective_query_below_minimum	0	FALSE	minimum_effective_query_genes_not_met
phase20_sexapoe_kda_simple_aggr_combo_v1_run_manifest	42	primary_Inh_VIP_THSD7B_F_e2_AD_both_mito	inhibitory::Inh VIP THSD7B::AD_vs_NCI__Female__e2	Inh VIP THSD7B	Inhibitory_neurons	F_e2	Female	e2	AD_both_mito	57	319	8	14	validated_complete	3	TRUE	0	0	3	FALSE	effective_query_below_minimum	skipped_effective_query_below_minimum	0	FALSE	minimum_effective_query_genes_not_met
phase20_sexapoe_kda_simple_aggr_combo_v1_run_manifest	43	primary_Inh_VIP_TSHZ2_F_e2_AD_both_mito	inhibitory::Inh VIP TSHZ2::AD_vs_NCI__Female__e2	Inh VIP TSHZ2	Inhibitory_neurons	F_e2	Female	e2	AD_both_mito	139	517	8	16	validated_complete	3	TRUE	3	3	3	TRUE	eligible	completed_significant	9	TRUE	NA
phase20_sexapoe_kda_simple_aggr_combo_v1_run_manifest	44	primary_Mic_MKI67_F_e2_AD_both_mito	immune::Mic MKI67::AD_vs_NCI__Female__e2	Mic MKI67	Microglia	F_e2	Female	e2	AD_both_mito	16	8	5	3	validated_complete	3	TRUE	0	0	3	FALSE	effective_query_below_minimum	skipped_effective_query_below_minimum	0	FALSE	minimum_effective_query_genes_not_met
phase20_sexapoe_kda_simple_aggr_combo_v1_run_manifest	45	primary_Mic_P2RY12_F_e2_AD_both_mito	immune::Mic P2RY12::AD_vs_NCI__Female__e2	Mic P2RY12	Microglia	F_e2	Female	e2	AD_both_mito	1012	2370	8	17	validated_complete	3	TRUE	25	25	3	TRUE	eligible	completed_significant	1	TRUE	NA
phase20_sexapoe_kda_simple_aggr_combo_v1_run_manifest	46	primary_Mic_TPT1_F_e2_AD_both_mito	immune::Mic TPT1::AD_vs_NCI__Female__e2	Mic TPT1	Microglia	F_e2	Female	e2	AD_both_mito	71	176	7	16	validated_complete	3	TRUE	0	0	3	FALSE	effective_query_below_minimum	skipped_effective_query_below_minimum	0	FALSE	minimum_effective_query_genes_not_met
phase20_sexapoe_kda_simple_aggr_combo_v1_run_manifest	47	primary_OPC_F_e2_AD_both_mito	opcs::OPC::AD_vs_NCI__Female__e2	OPC	OPCs	F_e2	Female	e2	AD_both_mito	1325	3748	8	17	validated_complete	3	TRUE	27	16	3	TRUE	eligible	completed_no_significant	0	TRUE	NA
phase20_sexapoe_kda_simple_aggr_combo_v1_run_manifest	48	primary_Oli_F_e2_AD_both_mito	oligodendrocytes::Oli::AD_vs_NCI__Female__e2	Oli	Oligodendrocytes	F_e2	Female	e2	AD_both_mito	11733	21373	8	17	validated_complete	3	TRUE	12	8	3	TRUE	eligible	completed_no_significant	0	TRUE	NA
phase20_sexapoe_kda_simple_aggr_combo_v1_run_manifest	49	primary_T_cells_F_e2_AD_both_mito	immune::T cells::AD_vs_NCI__Female__e2	T cells	T_cells	F_e2	Female	e2	AD_both_mito	38	83	7	14	validated_complete	3	TRUE	0	0	3	FALSE	effective_query_below_minimum	skipped_effective_query_below_minimum	0	FALSE	minimum_effective_query_genes_not_met
phase20_sexapoe_kda_simple_aggr_combo_v1_run_manifest	50	primary_End_F_e2_AD_both_mito	vasculature::End::AD_vs_NCI__Female__e2	End	Vasculature_cells	F_e2	Female	e2	AD_both_mito	51	215	7	15	validated_complete	3	TRUE	0	0	3	FALSE	effective_query_below_minimum	skipped_effective_query_below_minimum	0	FALSE	minimum_effective_query_genes_not_met
phase20_sexapoe_kda_simple_aggr_combo_v1_run_manifest	51	primary_Fib_FLRT2_F_e2_AD_both_mito	vasculature::Fib FLRT2::AD_vs_NCI__Female__e2	Fib FLRT2	Vasculature_cells	F_e2	Female	e2	AD_both_mito	84	141	6	17	validated_complete	3	TRUE	0	0	3	FALSE	effective_query_below_minimum	skipped_effective_query_below_minimum	0	FALSE	minimum_effective_query_genes_not_met
phase20_sexapoe_kda_simple_aggr_combo_v1_run_manifest	52	primary_Fib_SLC4A4_F_e2_AD_both_mito	vasculature::Fib SLC4A4::AD_vs_NCI__Female__e2	Fib SLC4A4	Vasculature_cells	F_e2	Female	e2	AD_both_mito	36	7	3	4	validated_complete	3	TRUE	0	0	3	FALSE	effective_query_below_minimum	skipped_effective_query_below_minimum	0	FALSE	minimum_effective_query_genes_not_met
phase20_sexapoe_kda_simple_aggr_combo_v1_run_manifest	53	primary_Per_F_e2_AD_both_mito	vasculature::Per::AD_vs_NCI__Female__e2	Per	Vasculature_cells	F_e2	Female	e2	AD_both_mito	63	167	8	13	validated_complete	3	TRUE	0	0	3	FALSE	effective_query_below_minimum	skipped_effective_query_below_minimum	0	FALSE	minimum_effective_query_genes_not_met
phase20_sexapoe_kda_simple_aggr_combo_v1_run_manifest	54	primary_SMC_F_e2_AD_both_mito	vasculature::SMC::AD_vs_NCI__Female__e2	SMC	Vasculature_cells	F_e2	Female	e2	AD_both_mito	16	53	5	11	validated_complete	3	TRUE	0	0	3	FALSE	effective_query_below_minimum	skipped_effective_query_below_minimum	0	FALSE	minimum_effective_query_genes_not_met
phase20_sexapoe_kda_simple_aggr_combo_v1_run_manifest	55	primary_Ast_CHI3L1_F_e33_AD_both_mito	astrocytes::Ast CHI3L1::AD_vs_NCI__Female__e33	Ast CHI3L1	Astrocytes	F_e33	Female	e33	AD_both_mito	1974	3186	35	43	validated_complete	3	TRUE	58	45	3	TRUE	eligible	completed_significant	1	TRUE	NA
phase20_sexapoe_kda_simple_aggr_combo_v1_run_manifest	56	primary_Ast_DPP10_F_e33_AD_both_mito	astrocytes::Ast DPP10::AD_vs_NCI__Female__e33	Ast DPP10	Astrocytes	F_e33	Female	e33	AD_both_mito	2867	4084	37	45	validated_complete	3	TRUE	13	9	3	TRUE	eligible	completed_no_significant	0	TRUE	NA
phase20_sexapoe_kda_simple_aggr_combo_v1_run_manifest	57	primary_Ast_GRM3_F_e33_AD_both_mito	astrocytes::Ast GRM3::AD_vs_NCI__Female__e33	Ast GRM3	Astrocytes	F_e33	Female	e33	AD_both_mito	9577	10462	37	45	validated_complete	3	TRUE	7	6	3	TRUE	eligible	completed_significant	4	TRUE	NA
phase20_sexapoe_kda_simple_aggr_combo_v1_run_manifest	58	primary_CAMs_F_e33_AD_both_mito	immune::CAMs::AD_vs_NCI__Female__e33	CAMs	CAMs	F_e33	Female	e33	AD_both_mito	185	255	29	38	validated_complete	3	TRUE	0	0	3	FALSE	effective_query_below_minimum	skipped_effective_query_below_minimum	0	FALSE	minimum_effective_query_genes_not_met
phase20_sexapoe_kda_simple_aggr_combo_v1_run_manifest	59	primary_Exc_L2_3_CBLN2_LINC02306_F_e33_AD_both_mito	excitatory_set1::Exc L2-3 CBLN2 LINC02306::AD_vs_NCI__Female__e33	Exc L2-3 CBLN2 LINC02306	Excitatory_neurons	F_e33	Female	e33	AD_both_mito	26574	34425	37	45	validated_complete	3	TRUE	17	15	3	TRUE	eligible	completed_significant	11	TRUE	NA
phase20_sexapoe_kda_simple_aggr_combo_v1_run_manifest	60	primary_Exc_L3_4_RORB_CUX2_F_e33_AD_both_mito	excitatory_set2::Exc L3-4 RORB CUX2::AD_vs_NCI__Female__e33	Exc L3-4 RORB CUX2	Excitatory_neurons	F_e33	Female	e33	AD_both_mito	18264	20834	37	45	validated_complete	3	TRUE	31	24	3	TRUE	eligible	completed_significant	14	TRUE	NA
phase20_sexapoe_kda_simple_aggr_combo_v1_run_manifest	61	primary_Exc_L3_5_RORB_PLCH1_F_e33_AD_both_mito	excitatory_set2::Exc L3-5 RORB PLCH1::AD_vs_NCI__Female__e33	Exc L3-5 RORB PLCH1	Excitatory_neurons	F_e33	Female	e33	AD_both_mito	3926	3978	37	45	validated_complete	3	TRUE	34	30	3	TRUE	eligible	completed_significant	11	TRUE	NA
phase20_sexapoe_kda_simple_aggr_combo_v1_run_manifest	62	primary_Exc_L4_5_RORB_GABRG1_F_e33_AD_both_mito	excitatory_set2::Exc L4-5 RORB GABRG1::AD_vs_NCI__Female__e33	Exc L4-5 RORB GABRG1	Excitatory_neurons	F_e33	Female	e33	AD_both_mito	8766	9737	37	45	validated_complete	3	TRUE	22	18	3	TRUE	eligible	completed_significant	8	TRUE	NA
phase20_sexapoe_kda_simple_aggr_combo_v1_run_manifest	63	primary_Exc_L4_5_RORB_IL1RAPL2_F_e33_AD_both_mito	excitatory_set2::Exc L4-5 RORB IL1RAPL2::AD_vs_NCI__Female__e33	Exc L4-5 RORB IL1RAPL2	Excitatory_neurons	F_e33	Female	e33	AD_both_mito	12683	13885	37	45	validated_complete	3	TRUE	19	14	3	TRUE	eligible	completed_significant	8	TRUE	NA
phase20_sexapoe_kda_simple_aggr_combo_v1_run_manifest	64	primary_Exc_L5_ET_F_e33_AD_both_mito	excitatory_set3::Exc L5 ET::AD_vs_NCI__Female__e33	Exc L5 ET	Excitatory_neurons	F_e33	Female	e33	AD_both_mito	322	364	35	41	validated_complete	3	TRUE	12	12	3	TRUE	eligible	completed_significant	12	TRUE	NA
phase20_sexapoe_kda_simple_aggr_combo_v1_run_manifest	65	primary_Exc_L5_6_RORB_LINC02196_F_e33_AD_both_mito	excitatory_set3::Exc L5-6 RORB LINC02196::AD_vs_NCI__Female__e33	Exc L5-6 RORB LINC02196	Excitatory_neurons	F_e33	Female	e33	AD_both_mito	2433	2664	37	45	validated_complete	3	TRUE	28	24	3	TRUE	eligible	completed_significant	9	TRUE	NA
phase20_sexapoe_kda_simple_aggr_combo_v1_run_manifest	66	primary_Exc_L5_6_IT_Car3_F_e33_AD_both_mito	excitatory_set3::Exc L5/6 IT Car3::AD_vs_NCI__Female__e33	Exc L5/6 IT Car3	Excitatory_neurons	F_e33	Female	e33	AD_both_mito	1964	2051	37	45	validated_complete	3	TRUE	38	25	3	TRUE	eligible	completed_significant	5	TRUE	NA
phase20_sexapoe_kda_simple_aggr_combo_v1_run_manifest	67	primary_Exc_L5_6_NP_F_e33_AD_both_mito	excitatory_set3::Exc L5/6 NP::AD_vs_NCI__Female__e33	Exc L5/6 NP	Excitatory_neurons	F_e33	Female	e33	AD_both_mito	1752	2067	36	45	validated_complete	3	TRUE	49	43	3	TRUE	eligible	completed_significant	15	TRUE	NA
phase20_sexapoe_kda_simple_aggr_combo_v1_run_manifest	68	primary_Exc_L6_CT_F_e33_AD_both_mito	excitatory_set3::Exc L6 CT::AD_vs_NCI__Female__e33	Exc L6 CT	Excitatory_neurons	F_e33	Female	e33	AD_both_mito	2273	3016	36	45	validated_complete	3	TRUE	64	59	3	TRUE	eligible	completed_significant	16	TRUE	NA
phase20_sexapoe_kda_simple_aggr_combo_v1_run_manifest	69	primary_Exc_L6_THEMIS_NFIA_F_e33_AD_both_mito	excitatory_set3::Exc L6 THEMIS NFIA::AD_vs_NCI__Female__e33	Exc L6 THEMIS NFIA	Excitatory_neurons	F_e33	Female	e33	AD_both_mito	7459	7539	37	45	validated_complete	3	TRUE	26	20	3	TRUE	eligible	completed_significant	11	TRUE	NA
phase20_sexapoe_kda_simple_aggr_combo_v1_run_manifest	70	primary_Exc_L6b_F_e33_AD_both_mito	excitatory_set3::Exc L6b::AD_vs_NCI__Female__e33	Exc L6b	Excitatory_neurons	F_e33	Female	e33	AD_both_mito	2695	3137	36	45	validated_complete	3	TRUE	56	47	3	TRUE	eligible	completed_significant	19	TRUE	NA
phase20_sexapoe_kda_simple_aggr_combo_v1_run_manifest	71	primary_Exc_NRGN_F_e33_AD_both_mito	excitatory_set3::Exc NRGN::AD_vs_NCI__Female__e33	Exc NRGN	Excitatory_neurons	F_e33	Female	e33	AD_both_mito	2965	4875	37	45	validated_complete	3	TRUE	14	14	3	TRUE	eligible	completed_no_significant	0	TRUE	NA
phase20_sexapoe_kda_simple_aggr_combo_v1_run_manifest	72	primary_Exc_RELN_CHD7_F_e33_AD_both_mito	excitatory_set3::Exc RELN CHD7::AD_vs_NCI__Female__e33	Exc RELN CHD7	Excitatory_neurons	F_e33	Female	e33	AD_both_mito	2001	4024	35	44	validated_complete	3	TRUE	117	103	3	TRUE	eligible	completed_no_significant	0	TRUE	NA
phase20_sexapoe_kda_simple_aggr_combo_v1_run_manifest	73	primary_Inh_ALCAM_TRPM3_F_e33_AD_both_mito	inhibitory::Inh ALCAM TRPM3::AD_vs_NCI__Female__e33	Inh ALCAM TRPM3	Inhibitory_neurons	F_e33	Female	e33	AD_both_mito	939	1309	36	45	validated_complete	3	TRUE	8	8	3	TRUE	eligible	completed_significant	10	TRUE	NA
phase20_sexapoe_kda_simple_aggr_combo_v1_run_manifest	74	primary_Inh_CUX2_MSR1_F_e33_AD_both_mito	inhibitory::Inh CUX2 MSR1::AD_vs_NCI__Female__e33	Inh CUX2 MSR1	Inhibitory_neurons	F_e33	Female	e33	AD_both_mito	1801	3417	35	45	validated_complete	3	TRUE	2	1	3	FALSE	effective_query_below_minimum	skipped_effective_query_below_minimum	0	FALSE	minimum_effective_query_genes_not_met
phase20_sexapoe_kda_simple_aggr_combo_v1_run_manifest	75	primary_Inh_ENOX2_SPHKAP_F_e33_AD_both_mito	inhibitory::Inh ENOX2 SPHKAP::AD_vs_NCI__Female__e33	Inh ENOX2 SPHKAP	Inhibitory_neurons	F_e33	Female	e33	AD_both_mito	1059	1545	35	45	validated_complete	3	TRUE	3	3	3	TRUE	eligible	completed_significant	14	TRUE	NA
phase20_sexapoe_kda_simple_aggr_combo_v1_run_manifest	76	primary_Inh_FBN2_EPB41L4A_F_e33_AD_both_mito	inhibitory::Inh FBN2 EPB41L4A::AD_vs_NCI__Female__e33	Inh FBN2 EPB41L4A	Inhibitory_neurons	F_e33	Female	e33	AD_both_mito	786	797	37	45	validated_complete	3	TRUE	9	9	3	TRUE	eligible	completed_significant	10	TRUE	NA
phase20_sexapoe_kda_simple_aggr_combo_v1_run_manifest	77	primary_Inh_GPC5_RIT2_F_e33_AD_both_mito	inhibitory::Inh GPC5 RIT2::AD_vs_NCI__Female__e33	Inh GPC5 RIT2	Inhibitory_neurons	F_e33	Female	e33	AD_both_mito	505	659	35	45	validated_complete	3	TRUE	2	2	3	FALSE	effective_query_below_minimum	skipped_effective_query_below_minimum	0	FALSE	minimum_effective_query_genes_not_met
phase20_sexapoe_kda_simple_aggr_combo_v1_run_manifest	78	primary_Inh_L1_PAX6_CA4_F_e33_AD_both_mito	inhibitory::Inh L1 PAX6 CA4::AD_vs_NCI__Female__e33	Inh L1 PAX6 CA4	Inhibitory_neurons	F_e33	Female	e33	AD_both_mito	436	650	36	44	validated_complete	3	TRUE	0	0	3	FALSE	effective_query_below_minimum	skipped_effective_query_below_minimum	0	FALSE	minimum_effective_query_genes_not_met
phase20_sexapoe_kda_simple_aggr_combo_v1_run_manifest	79	primary_Inh_L1_2_PAX6_SCGN_F_e33_AD_both_mito	inhibitory::Inh L1-2 PAX6 SCGN::AD_vs_NCI__Female__e33	Inh L1-2 PAX6 SCGN	Inhibitory_neurons	F_e33	Female	e33	AD_both_mito	141	206	33	40	validated_complete	3	TRUE	0	0	3	FALSE	effective_query_below_minimum	skipped_effective_query_below_minimum	0	FALSE	minimum_effective_query_genes_not_met
phase20_sexapoe_kda_simple_aggr_combo_v1_run_manifest	80	primary_Inh_L1_6_LAMP5_CA13_F_e33_AD_both_mito	inhibitory::Inh L1-6 LAMP5 CA13::AD_vs_NCI__Female__e33	Inh L1-6 LAMP5 CA13	Inhibitory_neurons	F_e33	Female	e33	AD_both_mito	1540	1741	37	45	validated_complete	3	TRUE	24	19	3	TRUE	eligible	completed_significant	7	TRUE	NA
phase20_sexapoe_kda_simple_aggr_combo_v1_run_manifest	81	primary_Inh_L3_5_SST_MAFB_F_e33_AD_both_mito	inhibitory::Inh L3-5 SST MAFB::AD_vs_NCI__Female__e33	Inh L3-5 SST MAFB	Inhibitory_neurons	F_e33	Female	e33	AD_both_mito	1924	3338	35	45	validated_complete	3	TRUE	9	8	3	TRUE	eligible	completed_no_significant	0	TRUE	NA
phase20_sexapoe_kda_simple_aggr_combo_v1_run_manifest	82	primary_Inh_L5_6_PVALB_STON2_F_e33_AD_both_mito	inhibitory::Inh L5-6 PVALB STON2::AD_vs_NCI__Female__e33	Inh L5-6 PVALB STON2	Inhibitory_neurons	F_e33	Female	e33	AD_both_mito	568	685	32	45	validated_complete	3	TRUE	5	4	3	TRUE	eligible	completed_significant	16	TRUE	NA
phase20_sexapoe_kda_simple_aggr_combo_v1_run_manifest	83	primary_Inh_L5_6_SST_TH_F_e33_AD_both_mito	inhibitory::Inh L5-6 SST TH::AD_vs_NCI__Female__e33	Inh L5-6 SST TH	Inhibitory_neurons	F_e33	Female	e33	AD_both_mito	405	590	35	45	validated_complete	3	TRUE	1	1	3	FALSE	effective_query_below_minimum	skipped_effective_query_below_minimum	0	FALSE	minimum_effective_query_genes_not_met
phase20_sexapoe_kda_simple_aggr_combo_v1_run_manifest	84	primary_Inh_L6_SST_NPY_F_e33_AD_both_mito	inhibitory::Inh L6 SST NPY::AD_vs_NCI__Female__e33	Inh L6 SST NPY	Inhibitory_neurons	F_e33	Female	e33	AD_both_mito	128	189	30	42	validated_complete	3	TRUE	0	0	3	FALSE	effective_query_below_minimum	skipped_effective_query_below_minimum	0	FALSE	minimum_effective_query_genes_not_met
phase20_sexapoe_kda_simple_aggr_combo_v1_run_manifest	85	primary_Inh_LAMP5_NRG1_Rosehip_F_e33_AD_both_mito	inhibitory::Inh LAMP5 NRG1 (Rosehip)::AD_vs_NCI__Female__e33	Inh LAMP5 NRG1 (Rosehip)	Inhibitory_neurons	F_e33	Female	e33	AD_both_mito	2462	3211	37	45	validated_complete	3	TRUE	10	8	3	TRUE	eligible	completed_significant	11	TRUE	NA
phase20_sexapoe_kda_simple_aggr_combo_v1_run_manifest	86	primary_Inh_LAMP5_RELN_F_e33_AD_both_mito	inhibitory::Inh LAMP5 RELN::AD_vs_NCI__Female__e33	Inh LAMP5 RELN	Inhibitory_neurons	F_e33	Female	e33	AD_both_mito	625	1354	34	44	validated_complete	3	TRUE	0	0	3	FALSE	effective_query_below_minimum	skipped_effective_query_below_minimum	0	FALSE	minimum_effective_query_genes_not_met
phase20_sexapoe_kda_simple_aggr_combo_v1_run_manifest	87	primary_Inh_PTPRK_FAM19A1_F_e33_AD_both_mito	inhibitory::Inh PTPRK FAM19A1::AD_vs_NCI__Female__e33	Inh PTPRK FAM19A1	Inhibitory_neurons	F_e33	Female	e33	AD_both_mito	843	1500	36	45	validated_complete	3	TRUE	3	3	3	TRUE	eligible	completed_significant	14	TRUE	NA
phase20_sexapoe_kda_simple_aggr_combo_v1_run_manifest	88	primary_Inh_PVALB_CA8_Chandelier_F_e33_AD_both_mito	inhibitory::Inh PVALB CA8 (Chandelier)::AD_vs_NCI__Female__e33	Inh PVALB CA8 (Chandelier)	Inhibitory_neurons	F_e33	Female	e33	AD_both_mito	1493	1771	37	45	validated_complete	3	TRUE	15	15	3	TRUE	eligible	completed_significant	13	TRUE	NA
phase20_sexapoe_kda_simple_aggr_combo_v1_run_manifest	89	primary_Inh_PVALB_HTR4_F_e33_AD_both_mito	inhibitory::Inh PVALB HTR4::AD_vs_NCI__Female__e33	Inh PVALB HTR4	Inhibitory_neurons	F_e33	Female	e33	AD_both_mito	3965	4963	37	45	validated_complete	3	TRUE	13	9	3	TRUE	eligible	completed_significant	15	TRUE	NA
phase20_sexapoe_kda_simple_aggr_combo_v1_run_manifest	90	primary_Inh_PVALB_SULF1_F_e33_AD_both_mito	inhibitory::Inh PVALB SULF1::AD_vs_NCI__Female__e33	Inh PVALB SULF1	Inhibitory_neurons	F_e33	Female	e33	AD_both_mito	2133	2480	37	45	validated_complete	3	TRUE	11	9	3	TRUE	eligible	completed_significant	8	TRUE	NA
phase20_sexapoe_kda_simple_aggr_combo_v1_run_manifest	91	primary_Inh_RYR3_TSHZ2_F_e33_AD_both_mito	inhibitory::Inh RYR3 TSHZ2::AD_vs_NCI__Female__e33	Inh RYR3 TSHZ2	Inhibitory_neurons	F_e33	Female	e33	AD_both_mito	2197	3115	37	45	validated_complete	3	TRUE	12	11	3	TRUE	eligible	completed_significant	12	TRUE	NA
phase20_sexapoe_kda_simple_aggr_combo_v1_run_manifest	92	primary_Inh_SGCD_PDE3A_F_e33_AD_both_mito	inhibitory::Inh SGCD PDE3A::AD_vs_NCI__Female__e33	Inh SGCD PDE3A	Inhibitory_neurons	F_e33	Female	e33	AD_both_mito	392	441	35	43	validated_complete	3	TRUE	0	0	3	FALSE	effective_query_below_minimum	skipped_effective_query_below_minimum	0	FALSE	minimum_effective_query_genes_not_met
phase20_sexapoe_kda_simple_aggr_combo_v1_run_manifest	93	primary_Inh_SORCS1_TTN_F_e33_AD_both_mito	inhibitory::Inh SORCS1 TTN::AD_vs_NCI__Female__e33	Inh SORCS1 TTN	Inhibitory_neurons	F_e33	Female	e33	AD_both_mito	774	1233	37	44	validated_complete	3	TRUE	11	11	3	TRUE	eligible	completed_significant	7	TRUE	NA
phase20_sexapoe_kda_simple_aggr_combo_v1_run_manifest	94	primary_Inh_VIP_ABI3BP_F_e33_AD_both_mito	inhibitory::Inh VIP ABI3BP::AD_vs_NCI__Female__e33	Inh VIP ABI3BP	Inhibitory_neurons	F_e33	Female	e33	AD_both_mito	1318	1765	37	45	validated_complete	3	TRUE	8	8	3	TRUE	eligible	completed_significant	15	TRUE	NA
phase20_sexapoe_kda_simple_aggr_combo_v1_run_manifest	95	primary_Inh_VIP_CLSTN2_F_e33_AD_both_mito	inhibitory::Inh VIP CLSTN2::AD_vs_NCI__Female__e33	Inh VIP CLSTN2	Inhibitory_neurons	F_e33	Female	e33	AD_both_mito	1645	2181	37	45	validated_complete	3	TRUE	11	11	3	TRUE	eligible	completed_significant	12	TRUE	NA
phase20_sexapoe_kda_simple_aggr_combo_v1_run_manifest	96	primary_Inh_VIP_THSD7B_F_e33_AD_both_mito	inhibitory::Inh VIP THSD7B::AD_vs_NCI__Female__e33	Inh VIP THSD7B	Inhibitory_neurons	F_e33	Female	e33	AD_both_mito	742	1057	37	45	validated_complete	3	TRUE	7	7	3	TRUE	eligible	completed_significant	10	TRUE	NA
phase20_sexapoe_kda_simple_aggr_combo_v1_run_manifest	97	primary_Inh_VIP_TSHZ2_F_e33_AD_both_mito	inhibitory::Inh VIP TSHZ2::AD_vs_NCI__Female__e33	Inh VIP TSHZ2	Inhibitory_neurons	F_e33	Female	e33	AD_both_mito	1054	1640	37	45	validated_complete	3	TRUE	4	4	3	TRUE	eligible	completed_significant	10	TRUE	NA
phase20_sexapoe_kda_simple_aggr_combo_v1_run_manifest	98	primary_Mic_MKI67_F_e33_AD_both_mito	immune::Mic MKI67::AD_vs_NCI__Female__e33	Mic MKI67	Microglia	F_e33	Female	e33	AD_both_mito	62	120	13	23	validated_complete	3	TRUE	0	0	3	FALSE	effective_query_below_minimum	skipped_effective_query_below_minimum	0	FALSE	minimum_effective_query_genes_not_met
phase20_sexapoe_kda_simple_aggr_combo_v1_run_manifest	99	primary_Mic_P2RY12_F_e33_AD_both_mito	immune::Mic P2RY12::AD_vs_NCI__Female__e33	Mic P2RY12	Microglia	F_e33	Female	e33	AD_both_mito	6469	8698	37	45	validated_complete	3	TRUE	3	2	3	FALSE	effective_query_below_minimum	skipped_effective_query_below_minimum	0	FALSE	minimum_effective_query_genes_not_met
phase20_sexapoe_kda_simple_aggr_combo_v1_run_manifest	100	primary_Mic_TPT1_F_e33_AD_both_mito	immune::Mic TPT1::AD_vs_NCI__Female__e33	Mic TPT1	Microglia	F_e33	Female	e33	AD_both_mito	537	869	33	43	validated_complete	3	TRUE	1	0	3	FALSE	effective_query_below_minimum	skipped_effective_query_below_minimum	0	FALSE	minimum_effective_query_genes_not_met
phase20_sexapoe_kda_simple_aggr_combo_v1_run_manifest	101	primary_OPC_F_e33_AD_both_mito	opcs::OPC::AD_vs_NCI__Female__e33	OPC	OPCs	F_e33	Female	e33	AD_both_mito	8923	10650	37	45	validated_complete	3	TRUE	28	22	3	TRUE	eligible	completed_significant	9	TRUE	NA
phase20_sexapoe_kda_simple_aggr_combo_v1_run_manifest	102	primary_Oli_F_e33_AD_both_mito	oligodendrocytes::Oli::AD_vs_NCI__Female__e33	Oli	Oligodendrocytes	F_e33	Female	e33	AD_both_mito	67094	75904	37	45	validated_complete	3	TRUE	11	10	3	TRUE	eligible	completed_significant	2	TRUE	NA
phase20_sexapoe_kda_simple_aggr_combo_v1_run_manifest	103	primary_T_cells_F_e33_AD_both_mito	immune::T cells::AD_vs_NCI__Female__e33	T cells	T_cells	F_e33	Female	e33	AD_both_mito	236	310	30	37	validated_complete	3	TRUE	1	0	3	FALSE	effective_query_below_minimum	skipped_effective_query_below_minimum	0	FALSE	minimum_effective_query_genes_not_met
phase20_sexapoe_kda_simple_aggr_combo_v1_run_manifest	104	primary_End_F_e33_AD_both_mito	vasculature::End::AD_vs_NCI__Female__e33	End	Vasculature_cells	F_e33	Female	e33	AD_both_mito	730	747	36	44	validated_complete	3	TRUE	3	2	3	FALSE	effective_query_below_minimum	skipped_effective_query_below_minimum	0	FALSE	minimum_effective_query_genes_not_met
phase20_sexapoe_kda_simple_aggr_combo_v1_run_manifest	105	primary_Fib_FLRT2_F_e33_AD_both_mito	vasculature::Fib FLRT2::AD_vs_NCI__Female__e33	Fib FLRT2	Vasculature_cells	F_e33	Female	e33	AD_both_mito	341	423	36	45	validated_complete	3	TRUE	0	0	3	FALSE	effective_query_below_minimum	skipped_effective_query_below_minimum	0	FALSE	minimum_effective_query_genes_not_met
phase20_sexapoe_kda_simple_aggr_combo_v1_run_manifest	106	primary_Fib_SLC4A4_F_e33_AD_both_mito	vasculature::Fib SLC4A4::AD_vs_NCI__Female__e33	Fib SLC4A4	Vasculature_cells	F_e33	Female	e33	AD_both_mito	57	55	9	8	validated_complete	3	TRUE	0	0	3	FALSE	effective_query_below_minimum	skipped_effective_query_below_minimum	0	FALSE	minimum_effective_query_genes_not_met
phase20_sexapoe_kda_simple_aggr_combo_v1_run_manifest	107	primary_Per_F_e33_AD_both_mito	vasculature::Per::AD_vs_NCI__Female__e33	Per	Vasculature_cells	F_e33	Female	e33	AD_both_mito	638	613	35	44	validated_complete	3	TRUE	1	0	3	FALSE	effective_query_below_minimum	skipped_effective_query_below_minimum	0	FALSE	minimum_effective_query_genes_not_met
phase20_sexapoe_kda_simple_aggr_combo_v1_run_manifest	108	primary_SMC_F_e33_AD_both_mito	vasculature::SMC::AD_vs_NCI__Female__e33	SMC	Vasculature_cells	F_e33	Female	e33	AD_both_mito	282	151	30	34	validated_complete	3	TRUE	0	0	3	FALSE	effective_query_below_minimum	skipped_effective_query_below_minimum	0	FALSE	minimum_effective_query_genes_not_met
phase20_sexapoe_kda_simple_aggr_combo_v1_run_manifest	109	primary_Ast_CHI3L1_F_e4_AD_both_mito	astrocytes::Ast CHI3L1::AD_vs_NCI__Female__e4	Ast CHI3L1	Astrocytes	F_e4	Female	e4	AD_both_mito	1193	1298	22	11	validated_complete	3	TRUE	89	80	3	TRUE	eligible	completed_significant	3	TRUE	NA
phase20_sexapoe_kda_simple_aggr_combo_v1_run_manifest	110	primary_Ast_DPP10_F_e4_AD_both_mito	astrocytes::Ast DPP10::AD_vs_NCI__Female__e4	Ast DPP10	Astrocytes	F_e4	Female	e4	AD_both_mito	1824	916	26	11	validated_complete	3	TRUE	35	30	3	TRUE	eligible	completed_significant	7	TRUE	NA
phase20_sexapoe_kda_simple_aggr_combo_v1_run_manifest	111	primary_Ast_GRM3_F_e4_AD_both_mito	astrocytes::Ast GRM3::AD_vs_NCI__Female__e4	Ast GRM3	Astrocytes	F_e4	Female	e4	AD_both_mito	5204	1797	26	11	validated_complete	3	TRUE	45	34	3	TRUE	eligible	completed_significant	1	TRUE	NA
phase20_sexapoe_kda_simple_aggr_combo_v1_run_manifest	112	primary_CAMs_F_e4_AD_both_mito	immune::CAMs::AD_vs_NCI__Female__e4	CAMs	CAMs	F_e4	Female	e4	AD_both_mito	139	65	24	11	validated_complete	3	TRUE	0	0	3	FALSE	effective_query_below_minimum	skipped_effective_query_below_minimum	0	FALSE	minimum_effective_query_genes_not_met
phase20_sexapoe_kda_simple_aggr_combo_v1_run_manifest	113	primary_Exc_L2_3_CBLN2_LINC02306_F_e4_AD_both_mito	excitatory_set1::Exc L2-3 CBLN2 LINC02306::AD_vs_NCI__Female__e4	Exc L2-3 CBLN2 LINC02306	Excitatory_neurons	F_e4	Female	e4	AD_both_mito	15950	14571	26	11	validated_complete	3	TRUE	281	258	3	TRUE	eligible	completed_significant	51	TRUE	NA
phase20_sexapoe_kda_simple_aggr_combo_v1_run_manifest	114	primary_Exc_L3_4_RORB_CUX2_F_e4_AD_both_mito	excitatory_set2::Exc L3-4 RORB CUX2::AD_vs_NCI__Female__e4	Exc L3-4 RORB CUX2	Excitatory_neurons	F_e4	Female	e4	AD_both_mito	9664	4753	26	11	validated_complete	3	TRUE	39	27	3	TRUE	eligible	completed_no_significant	0	TRUE	NA
phase20_sexapoe_kda_simple_aggr_combo_v1_run_manifest	115	primary_Exc_L3_5_RORB_PLCH1_F_e4_AD_both_mito	excitatory_set2::Exc L3-5 RORB PLCH1::AD_vs_NCI__Female__e4	Exc L3-5 RORB PLCH1	Excitatory_neurons	F_e4	Female	e4	AD_both_mito	2439	1115	26	11	validated_complete	3	TRUE	55	45	3	TRUE	eligible	completed_significant	3	TRUE	NA
phase20_sexapoe_kda_simple_aggr_combo_v1_run_manifest	116	primary_Exc_L4_5_RORB_GABRG1_F_e4_AD_both_mito	excitatory_set2::Exc L4-5 RORB GABRG1::AD_vs_NCI__Female__e4	Exc L4-5 RORB GABRG1	Excitatory_neurons	F_e4	Female	e4	AD_both_mito	4249	2234	25	11	validated_complete	3	TRUE	83	72	3	TRUE	eligible	completed_significant	2	TRUE	NA
phase20_sexapoe_kda_simple_aggr_combo_v1_run_manifest	117	primary_Exc_L4_5_RORB_IL1RAPL2_F_e4_AD_both_mito	excitatory_set2::Exc L4-5 RORB IL1RAPL2::AD_vs_NCI__Female__e4	Exc L4-5 RORB IL1RAPL2	Excitatory_neurons	F_e4	Female	e4	AD_both_mito	6768	4054	26	11	validated_complete	3	TRUE	123	99	3	TRUE	eligible	completed_significant	31	TRUE	NA
phase20_sexapoe_kda_simple_aggr_combo_v1_run_manifest	118	primary_Exc_L5_ET_F_e4_AD_both_mito	excitatory_set3::Exc L5 ET::AD_vs_NCI__Female__e4	Exc L5 ET	Excitatory_neurons	F_e4	Female	e4	AD_both_mito	173	119	24	11	validated_complete	3	TRUE	1	1	3	FALSE	effective_query_below_minimum	skipped_effective_query_below_minimum	0	FALSE	minimum_effective_query_genes_not_met
phase20_sexapoe_kda_simple_aggr_combo_v1_run_manifest	119	primary_Exc_L5_6_RORB_LINC02196_F_e4_AD_both_mito	excitatory_set3::Exc L5-6 RORB LINC02196::AD_vs_NCI__Female__e4	Exc L5-6 RORB LINC02196	Excitatory_neurons	F_e4	Female	e4	AD_both_mito	1237	683	26	11	validated_complete	3	TRUE	41	31	3	TRUE	eligible	completed_no_significant	0	TRUE	NA
phase20_sexapoe_kda_simple_aggr_combo_v1_run_manifest	120	primary_Exc_L5_6_IT_Car3_F_e4_AD_both_mito	excitatory_set3::Exc L5/6 IT Car3::AD_vs_NCI__Female__e4	Exc L5/6 IT Car3	Excitatory_neurons	F_e4	Female	e4	AD_both_mito	1113	561	25	11	validated_complete	3	TRUE	111	94	3	TRUE	eligible	completed_significant	22	TRUE	NA
phase20_sexapoe_kda_simple_aggr_combo_v1_run_manifest	121	primary_Exc_L5_6_NP_F_e4_AD_both_mito	excitatory_set3::Exc L5/6 NP::AD_vs_NCI__Female__e4	Exc L5/6 NP	Excitatory_neurons	F_e4	Female	e4	AD_both_mito	967	561	24	11	validated_complete	3	TRUE	8	5	3	TRUE	eligible	completed_no_significant	0	TRUE	NA
phase20_sexapoe_kda_simple_aggr_combo_v1_run_manifest	122	primary_Exc_L6_CT_F_e4_AD_both_mito	excitatory_set3::Exc L6 CT::AD_vs_NCI__Female__e4	Exc L6 CT	Excitatory_neurons	F_e4	Female	e4	AD_both_mito	1402	835	25	11	validated_complete	3	TRUE	29	21	3	TRUE	eligible	completed_no_significant	0	TRUE	NA
phase20_sexapoe_kda_simple_aggr_combo_v1_run_manifest	123	primary_Exc_L6_THEMIS_NFIA_F_e4_AD_both_mito	excitatory_set3::Exc L6 THEMIS NFIA::AD_vs_NCI__Female__e4	Exc L6 THEMIS NFIA	Excitatory_neurons	F_e4	Female	e4	AD_both_mito	4415	1837	25	11	validated_complete	3	TRUE	35	15	3	TRUE	eligible	completed_no_significant	0	TRUE	NA
phase20_sexapoe_kda_simple_aggr_combo_v1_run_manifest	124	primary_Exc_L6b_F_e4_AD_both_mito	excitatory_set3::Exc L6b::AD_vs_NCI__Female__e4	Exc L6b	Excitatory_neurons	F_e4	Female	e4	AD_both_mito	1520	846	25	11	validated_complete	3	TRUE	58	42	3	TRUE	eligible	completed_significant	2	TRUE	NA
phase20_sexapoe_kda_simple_aggr_combo_v1_run_manifest	125	primary_Exc_NRGN_F_e4_AD_both_mito	excitatory_set3::Exc NRGN::AD_vs_NCI__Female__e4	Exc NRGN	Excitatory_neurons	F_e4	Female	e4	AD_both_mito	1585	1156	26	11	validated_complete	3	TRUE	6	5	3	TRUE	eligible	completed_significant	5	TRUE	NA
phase20_sexapoe_kda_simple_aggr_combo_v1_run_manifest	126	primary_Exc_RELN_CHD7_F_e4_AD_both_mito	excitatory_set3::Exc RELN CHD7::AD_vs_NCI__Female__e4	Exc RELN CHD7	Excitatory_neurons	F_e4	Female	e4	AD_both_mito	884	736	24	11	validated_complete	3	TRUE	210	189	3	TRUE	eligible	completed_significant	12	TRUE	NA
phase20_sexapoe_kda_simple_aggr_combo_v1_run_manifest	127	primary_Inh_ALCAM_TRPM3_F_e4_AD_both_mito	inhibitory::Inh ALCAM TRPM3::AD_vs_NCI__Female__e4	Inh ALCAM TRPM3	Inhibitory_neurons	F_e4	Female	e4	AD_both_mito	605	329	24	11	validated_complete	3	TRUE	5	4	3	TRUE	eligible	completed_significant	6	TRUE	NA
phase20_sexapoe_kda_simple_aggr_combo_v1_run_manifest	128	primary_Inh_CUX2_MSR1_F_e4_AD_both_mito	inhibitory::Inh CUX2 MSR1::AD_vs_NCI__Female__e4	Inh CUX2 MSR1	Inhibitory_neurons	F_e4	Female	e4	AD_both_mito	1105	666	26	11	validated_complete	3	TRUE	10	9	3	TRUE	eligible	completed_significant	15	TRUE	NA
phase20_sexapoe_kda_simple_aggr_combo_v1_run_manifest	129	primary_Inh_ENOX2_SPHKAP_F_e4_AD_both_mito	inhibitory::Inh ENOX2 SPHKAP::AD_vs_NCI__Female__e4	Inh ENOX2 SPHKAP	Inhibitory_neurons	F_e4	Female	e4	AD_both_mito	552	423	24	11	validated_complete	3	TRUE	0	0	3	FALSE	effective_query_below_minimum	skipped_effective_query_below_minimum	0	FALSE	minimum_effective_query_genes_not_met
phase20_sexapoe_kda_simple_aggr_combo_v1_run_manifest	130	primary_Inh_FBN2_EPB41L4A_F_e4_AD_both_mito	inhibitory::Inh FBN2 EPB41L4A::AD_vs_NCI__Female__e4	Inh FBN2 EPB41L4A	Inhibitory_neurons	F_e4	Female	e4	AD_both_mito	395	239	24	11	validated_complete	3	TRUE	1	1	3	FALSE	effective_query_below_minimum	skipped_effective_query_below_minimum	0	FALSE	minimum_effective_query_genes_not_met
phase20_sexapoe_kda_simple_aggr_combo_v1_run_manifest	131	primary_Inh_GPC5_RIT2_F_e4_AD_both_mito	inhibitory::Inh GPC5 RIT2::AD_vs_NCI__Female__e4	Inh GPC5 RIT2	Inhibitory_neurons	F_e4	Female	e4	AD_both_mito	289	161	25	11	validated_complete	3	TRUE	1	1	3	FALSE	effective_query_below_minimum	skipped_effective_query_below_minimum	0	FALSE	minimum_effective_query_genes_not_met
phase20_sexapoe_kda_simple_aggr_combo_v1_run_manifest	132	primary_Inh_L1_PAX6_CA4_F_e4_AD_both_mito	inhibitory::Inh L1 PAX6 CA4::AD_vs_NCI__Female__e4	Inh L1 PAX6 CA4	Inhibitory_neurons	F_e4	Female	e4	AD_both_mito	294	224	23	11	validated_complete	3	TRUE	2	2	3	FALSE	effective_query_below_minimum	skipped_effective_query_below_minimum	0	FALSE	minimum_effective_query_genes_not_met
phase20_sexapoe_kda_simple_aggr_combo_v1_run_manifest	133	primary_Inh_L1_2_PAX6_SCGN_F_e4_AD_both_mito	inhibitory::Inh L1-2 PAX6 SCGN::AD_vs_NCI__Female__e4	Inh L1-2 PAX6 SCGN	Inhibitory_neurons	F_e4	Female	e4	AD_both_mito	104	59	22	10	validated_complete	3	TRUE	0	0	3	FALSE	effective_query_below_minimum	skipped_effective_query_below_minimum	0	FALSE	minimum_effective_query_genes_not_met
phase20_sexapoe_kda_simple_aggr_combo_v1_run_manifest	134	primary_Inh_L1_6_LAMP5_CA13_F_e4_AD_both_mito	inhibitory::Inh L1-6 LAMP5 CA13::AD_vs_NCI__Female__e4	Inh L1-6 LAMP5 CA13	Inhibitory_neurons	F_e4	Female	e4	AD_both_mito	941	505	26	11	validated_complete	3	TRUE	9	8	3	TRUE	eligible	completed_no_significant	0	TRUE	NA
phase20_sexapoe_kda_simple_aggr_combo_v1_run_manifest	135	primary_Inh_L3_5_SST_MAFB_F_e4_AD_both_mito	inhibitory::Inh L3-5 SST MAFB::AD_vs_NCI__Female__e4	Inh L3-5 SST MAFB	Inhibitory_neurons	F_e4	Female	e4	AD_both_mito	1075	850	25	11	validated_complete	3	TRUE	21	19	3	TRUE	eligible	completed_significant	4	TRUE	NA
phase20_sexapoe_kda_simple_aggr_combo_v1_run_manifest	136	primary_Inh_L5_6_PVALB_STON2_F_e4_AD_both_mito	inhibitory::Inh L5-6 PVALB STON2::AD_vs_NCI__Female__e4	Inh L5-6 PVALB STON2	Inhibitory_neurons	F_e4	Female	e4	AD_both_mito	323	175	22	11	validated_complete	3	TRUE	0	0	3	FALSE	effective_query_below_minimum	skipped_effective_query_below_minimum	0	FALSE	minimum_effective_query_genes_not_met
phase20_sexapoe_kda_simple_aggr_combo_v1_run_manifest	137	primary_Inh_L5_6_SST_TH_F_e4_AD_both_mito	inhibitory::Inh L5-6 SST TH::AD_vs_NCI__Female__e4	Inh L5-6 SST TH	Inhibitory_neurons	F_e4	Female	e4	AD_both_mito	280	201	24	11	validated_complete	3	TRUE	0	0	3	FALSE	effective_query_below_minimum	skipped_effective_query_below_minimum	0	FALSE	minimum_effective_query_genes_not_met
phase20_sexapoe_kda_simple_aggr_combo_v1_run_manifest	138	primary_Inh_L6_SST_NPY_F_e4_AD_both_mito	inhibitory::Inh L6 SST NPY::AD_vs_NCI__Female__e4	Inh L6 SST NPY	Inhibitory_neurons	F_e4	Female	e4	AD_both_mito	85	51	20	10	validated_complete	3	TRUE	0	0	3	FALSE	effective_query_below_minimum	skipped_effective_query_below_minimum	0	FALSE	minimum_effective_query_genes_not_met
phase20_sexapoe_kda_simple_aggr_combo_v1_run_manifest	139	primary_Inh_LAMP5_NRG1_Rosehip_F_e4_AD_both_mito	inhibitory::Inh LAMP5 NRG1 (Rosehip)::AD_vs_NCI__Female__e4	Inh LAMP5 NRG1 (Rosehip)	Inhibitory_neurons	F_e4	Female	e4	AD_both_mito	1329	914	24	11	validated_complete	3	TRUE	68	58	3	TRUE	eligible	completed_significant	22	TRUE	NA
phase20_sexapoe_kda_simple_aggr_combo_v1_run_manifest	140	primary_Inh_LAMP5_RELN_F_e4_AD_both_mito	inhibitory::Inh LAMP5 RELN::AD_vs_NCI__Female__e4	Inh LAMP5 RELN	Inhibitory_neurons	F_e4	Female	e4	AD_both_mito	457	386	23	10	validated_complete	3	TRUE	9	9	3	TRUE	eligible	completed_significant	10	TRUE	NA
phase20_sexapoe_kda_simple_aggr_combo_v1_run_manifest	141	primary_Inh_PTPRK_FAM19A1_F_e4_AD_both_mito	inhibitory::Inh PTPRK FAM19A1::AD_vs_NCI__Female__e4	Inh PTPRK FAM19A1	Inhibitory_neurons	F_e4	Female	e4	AD_both_mito	536	376	24	11	validated_complete	3	TRUE	1	1	3	FALSE	effective_query_below_minimum	skipped_effective_query_below_minimum	0	FALSE	minimum_effective_query_genes_not_met
phase20_sexapoe_kda_simple_aggr_combo_v1_run_manifest	142	primary_Inh_PVALB_CA8_Chandelier_F_e4_AD_both_mito	inhibitory::Inh PVALB CA8 (Chandelier)::AD_vs_NCI__Female__e4	Inh PVALB CA8 (Chandelier)	Inhibitory_neurons	F_e4	Female	e4	AD_both_mito	812	488	25	11	validated_complete	3	TRUE	13	13	3	TRUE	eligible	completed_significant	6	TRUE	NA
phase20_sexapoe_kda_simple_aggr_combo_v1_run_manifest	143	primary_Inh_PVALB_HTR4_F_e4_AD_both_mito	inhibitory::Inh PVALB HTR4::AD_vs_NCI__Female__e4	Inh PVALB HTR4	Inhibitory_neurons	F_e4	Female	e4	AD_both_mito	2139	1553	25	11	validated_complete	3	TRUE	101	81	3	TRUE	eligible	completed_significant	8	TRUE	NA
phase20_sexapoe_kda_simple_aggr_combo_v1_run_manifest	144	primary_Inh_PVALB_SULF1_F_e4_AD_both_mito	inhibitory::Inh PVALB SULF1::AD_vs_NCI__Female__e4	Inh PVALB SULF1	Inhibitory_neurons	F_e4	Female	e4	AD_both_mito	1169	639	24	11	validated_complete	3	TRUE	22	19	3	TRUE	eligible	completed_significant	8	TRUE	NA
phase20_sexapoe_kda_simple_aggr_combo_v1_run_manifest	145	primary_Inh_RYR3_TSHZ2_F_e4_AD_both_mito	inhibitory::Inh RYR3 TSHZ2::AD_vs_NCI__Female__e4	Inh RYR3 TSHZ2	Inhibitory_neurons	F_e4	Female	e4	AD_both_mito	1239	679	26	11	validated_complete	3	TRUE	9	7	3	TRUE	eligible	completed_significant	14	TRUE	NA
phase20_sexapoe_kda_simple_aggr_combo_v1_run_manifest	146	primary_Inh_SGCD_PDE3A_F_e4_AD_both_mito	inhibitory::Inh SGCD PDE3A::AD_vs_NCI__Female__e4	Inh SGCD PDE3A	Inhibitory_neurons	F_e4	Female	e4	AD_both_mito	229	154	24	11	validated_complete	3	TRUE	0	0	3	FALSE	effective_query_below_minimum	skipped_effective_query_below_minimum	0	FALSE	minimum_effective_query_genes_not_met
phase20_sexapoe_kda_simple_aggr_combo_v1_run_manifest	147	primary_Inh_SORCS1_TTN_F_e4_AD_both_mito	inhibitory::Inh SORCS1 TTN::AD_vs_NCI__Female__e4	Inh SORCS1 TTN	Inhibitory_neurons	F_e4	Female	e4	AD_both_mito	479	426	23	10	validated_complete	3	TRUE	1	1	3	FALSE	effective_query_below_minimum	skipped_effective_query_below_minimum	0	FALSE	minimum_effective_query_genes_not_met
phase20_sexapoe_kda_simple_aggr_combo_v1_run_manifest	148	primary_Inh_VIP_ABI3BP_F_e4_AD_both_mito	inhibitory::Inh VIP ABI3BP::AD_vs_NCI__Female__e4	Inh VIP ABI3BP	Inhibitory_neurons	F_e4	Female	e4	AD_both_mito	743	480	26	11	validated_complete	3	TRUE	5	5	3	TRUE	eligible	completed_no_significant	0	TRUE	NA
phase20_sexapoe_kda_simple_aggr_combo_v1_run_manifest	149	primary_Inh_VIP_CLSTN2_F_e4_AD_both_mito	inhibitory::Inh VIP CLSTN2::AD_vs_NCI__Female__e4	Inh VIP CLSTN2	Inhibitory_neurons	F_e4	Female	e4	AD_both_mito	912	608	26	11	validated_complete	3	TRUE	6	5	3	TRUE	eligible	completed_significant	14	TRUE	NA
phase20_sexapoe_kda_simple_aggr_combo_v1_run_manifest	150	primary_Inh_VIP_THSD7B_F_e4_AD_both_mito	inhibitory::Inh VIP THSD7B::AD_vs_NCI__Female__e4	Inh VIP THSD7B	Inhibitory_neurons	F_e4	Female	e4	AD_both_mito	473	269	25	11	validated_complete	3	TRUE	0	0	3	FALSE	effective_query_below_minimum	skipped_effective_query_below_minimum	0	FALSE	minimum_effective_query_genes_not_met
phase20_sexapoe_kda_simple_aggr_combo_v1_run_manifest	151	primary_Inh_VIP_TSHZ2_F_e4_AD_both_mito	inhibitory::Inh VIP TSHZ2::AD_vs_NCI__Female__e4	Inh VIP TSHZ2	Inhibitory_neurons	F_e4	Female	e4	AD_both_mito	650	377	26	11	validated_complete	3	TRUE	3	2	3	FALSE	effective_query_below_minimum	skipped_effective_query_below_minimum	0	FALSE	minimum_effective_query_genes_not_met
phase20_sexapoe_kda_simple_aggr_combo_v1_run_manifest	152	primary_Mic_MKI67_F_e4_AD_both_mito	immune::Mic MKI67::AD_vs_NCI__Female__e4	Mic MKI67	Microglia	F_e4	Female	e4	AD_both_mito	54	45	8	8	validated_complete	3	TRUE	1	0	3	FALSE	effective_query_below_minimum	skipped_effective_query_below_minimum	0	FALSE	minimum_effective_query_genes_not_met
phase20_sexapoe_kda_simple_aggr_combo_v1_run_manifest	153	primary_Mic_P2RY12_F_e4_AD_both_mito	immune::Mic P2RY12::AD_vs_NCI__Female__e4	Mic P2RY12	Microglia	F_e4	Female	e4	AD_both_mito	5261	2621	26	11	validated_complete	3	TRUE	19	15	3	TRUE	eligible	completed_significant	2	TRUE	NA
phase20_sexapoe_kda_simple_aggr_combo_v1_run_manifest	154	primary_Mic_TPT1_F_e4_AD_both_mito	immune::Mic TPT1::AD_vs_NCI__Female__e4	Mic TPT1	Microglia	F_e4	Female	e4	AD_both_mito	339	171	24	10	validated_complete	3	TRUE	10	7	3	TRUE	eligible	completed_significant	1	TRUE	NA
phase20_sexapoe_kda_simple_aggr_combo_v1_run_manifest	155	primary_OPC_F_e4_AD_both_mito	opcs::OPC::AD_vs_NCI__Female__e4	OPC	OPCs	F_e4	Female	e4	AD_both_mito	5248	2760	26	11	validated_complete	3	TRUE	50	39	3	TRUE	eligible	completed_significant	5	TRUE	NA
phase20_sexapoe_kda_simple_aggr_combo_v1_run_manifest	156	primary_Oli_F_e4_AD_both_mito	oligodendrocytes::Oli::AD_vs_NCI__Female__e4	Oli	Oligodendrocytes	F_e4	Female	e4	AD_both_mito	45666	27181	26	11	validated_complete	3	TRUE	4	4	3	TRUE	eligible	completed_significant	23	TRUE	NA
phase20_sexapoe_kda_simple_aggr_combo_v1_run_manifest	157	primary_T_cells_F_e4_AD_both_mito	immune::T cells::AD_vs_NCI__Female__e4	T cells	T_cells	F_e4	Female	e4	AD_both_mito	112	78	23	11	validated_complete	3	TRUE	0	0	3	FALSE	effective_query_below_minimum	skipped_effective_query_below_minimum	0	FALSE	minimum_effective_query_genes_not_met
phase20_sexapoe_kda_simple_aggr_combo_v1_run_manifest	158	primary_End_F_e4_AD_both_mito	vasculature::End::AD_vs_NCI__Female__e4	End	Vasculature_cells	F_e4	Female	e4	AD_both_mito	445	220	25	11	validated_complete	3	TRUE	8	7	3	TRUE	eligible	completed_significant	8	TRUE	NA
phase20_sexapoe_kda_simple_aggr_combo_v1_run_manifest	159	primary_Fib_FLRT2_F_e4_AD_both_mito	vasculature::Fib FLRT2::AD_vs_NCI__Female__e4	Fib FLRT2	Vasculature_cells	F_e4	Female	e4	AD_both_mito	170	111	26	10	validated_complete	3	TRUE	0	0	3	FALSE	effective_query_below_minimum	skipped_effective_query_below_minimum	0	FALSE	minimum_effective_query_genes_not_met
phase20_sexapoe_kda_simple_aggr_combo_v1_run_manifest	160	primary_Fib_SLC4A4_F_e4_AD_both_mito	vasculature::Fib SLC4A4::AD_vs_NCI__Female__e4	Fib SLC4A4	Vasculature_cells	F_e4	Female	e4	AD_both_mito	15	37	9	3	validated_complete	3	TRUE	0	0	3	FALSE	effective_query_below_minimum	skipped_effective_query_below_minimum	0	FALSE	minimum_effective_query_genes_not_met
phase20_sexapoe_kda_simple_aggr_combo_v1_run_manifest	161	primary_Per_F_e4_AD_both_mito	vasculature::Per::AD_vs_NCI__Female__e4	Per	Vasculature_cells	F_e4	Female	e4	AD_both_mito	308	217	22	11	validated_complete	3	TRUE	5	5	3	TRUE	eligible	completed_significant	5	TRUE	NA
phase20_sexapoe_kda_simple_aggr_combo_v1_run_manifest	162	primary_SMC_F_e4_AD_both_mito	vasculature::SMC::AD_vs_NCI__Female__e4	SMC	Vasculature_cells	F_e4	Female	e4	AD_both_mito	66	43	18	9	validated_complete	3	TRUE	0	0	3	FALSE	effective_query_below_minimum	skipped_effective_query_below_minimum	0	FALSE	minimum_effective_query_genes_not_met
phase20_sexapoe_kda_simple_aggr_combo_v1_run_manifest	163	primary_Ast_CHI3L1_M_e2_AD_both_mito	astrocytes::Ast CHI3L1::AD_vs_NCI__Male__e2	Ast CHI3L1	Astrocytes	M_e2	Male	e2	AD_both_mito	262	466	6	5	validated_complete	3	TRUE	18	16	3	TRUE	eligible	completed_no_significant	0	TRUE	NA
phase20_sexapoe_kda_simple_aggr_combo_v1_run_manifest	164	primary_Ast_DPP10_M_e2_AD_both_mito	astrocytes::Ast DPP10::AD_vs_NCI__Male__e2	Ast DPP10	Astrocytes	M_e2	Male	e2	AD_both_mito	659	305	7	6	validated_complete	3	TRUE	102	93	3	TRUE	eligible	completed_no_significant	0	TRUE	NA
phase20_sexapoe_kda_simple_aggr_combo_v1_run_manifest	165	primary_Ast_GRM3_M_e2_AD_both_mito	astrocytes::Ast GRM3::AD_vs_NCI__Male__e2	Ast GRM3	Astrocytes	M_e2	Male	e2	AD_both_mito	1411	1186	7	6	validated_complete	3	TRUE	215	189	3	TRUE	eligible	completed_significant	16	TRUE	NA
phase20_sexapoe_kda_simple_aggr_combo_v1_run_manifest	166	primary_CAMs_M_e2_AD_both_mito	immune::CAMs::AD_vs_NCI__Male__e2	CAMs	CAMs	M_e2	Male	e2	AD_both_mito	45	1	5	1	not_estimable	3	FALSE	0	0	3	FALSE	source_contrast_not_validated	skipped_source_contrast_not_validated	0	FALSE	minimum_cells_per_deg_arm_not_met
phase20_sexapoe_kda_simple_aggr_combo_v1_run_manifest	167	primary_Exc_L2_3_CBLN2_LINC02306_M_e2_AD_both_mito	excitatory_set1::Exc L2-3 CBLN2 LINC02306::AD_vs_NCI__Male__e2	Exc L2-3 CBLN2 LINC02306	Excitatory_neurons	M_e2	Male	e2	AD_both_mito	4010	3277	7	6	validated_complete	3	TRUE	226	210	3	TRUE	eligible	completed_significant	54	TRUE	NA
phase20_sexapoe_kda_simple_aggr_combo_v1_run_manifest	168	primary_Exc_L3_4_RORB_CUX2_M_e2_AD_both_mito	excitatory_set2::Exc L3-4 RORB CUX2::AD_vs_NCI__Male__e2	Exc L3-4 RORB CUX2	Excitatory_neurons	M_e2	Male	e2	AD_both_mito	2069	3140	7	6	validated_complete	3	TRUE	282	235	3	TRUE	eligible	completed_significant	68	TRUE	NA
phase20_sexapoe_kda_simple_aggr_combo_v1_run_manifest	169	primary_Exc_L3_5_RORB_PLCH1_M_e2_AD_both_mito	excitatory_set2::Exc L3-5 RORB PLCH1::AD_vs_NCI__Male__e2	Exc L3-5 RORB PLCH1	Excitatory_neurons	M_e2	Male	e2	AD_both_mito	732	581	7	6	validated_complete	3	TRUE	287	255	3	TRUE	eligible	completed_significant	54	TRUE	NA
phase20_sexapoe_kda_simple_aggr_combo_v1_run_manifest	170	primary_Exc_L4_5_RORB_GABRG1_M_e2_AD_both_mito	excitatory_set2::Exc L4-5 RORB GABRG1::AD_vs_NCI__Male__e2	Exc L4-5 RORB GABRG1	Excitatory_neurons	M_e2	Male	e2	AD_both_mito	1249	1339	7	6	validated_complete	3	TRUE	245	216	3	TRUE	eligible	completed_significant	69	TRUE	NA
phase20_sexapoe_kda_simple_aggr_combo_v1_run_manifest	171	primary_Exc_L4_5_RORB_IL1RAPL2_M_e2_AD_both_mito	excitatory_set2::Exc L4-5 RORB IL1RAPL2::AD_vs_NCI__Male__e2	Exc L4-5 RORB IL1RAPL2	Excitatory_neurons	M_e2	Male	e2	AD_both_mito	1690	1874	7	6	validated_complete	3	TRUE	175	153	3	TRUE	eligible	completed_significant	26	TRUE	NA
phase20_sexapoe_kda_simple_aggr_combo_v1_run_manifest	172	primary_Exc_L5_ET_M_e2_AD_both_mito	excitatory_set3::Exc L5 ET::AD_vs_NCI__Male__e2	Exc L5 ET	Excitatory_neurons	M_e2	Male	e2	AD_both_mito	51	43	7	5	validated_complete	3	TRUE	7	7	3	TRUE	eligible	completed_no_significant	0	TRUE	NA
phase20_sexapoe_kda_simple_aggr_combo_v1_run_manifest	173	primary_Exc_L5_6_RORB_LINC02196_M_e2_AD_both_mito	excitatory_set3::Exc L5-6 RORB LINC02196::AD_vs_NCI__Male__e2	Exc L5-6 RORB LINC02196	Excitatory_neurons	M_e2	Male	e2	AD_both_mito	363	318	7	6	validated_complete	3	TRUE	46	40	3	TRUE	eligible	completed_significant	14	TRUE	NA
phase20_sexapoe_kda_simple_aggr_combo_v1_run_manifest	174	primary_Exc_L5_6_IT_Car3_M_e2_AD_both_mito	excitatory_set3::Exc L5/6 IT Car3::AD_vs_NCI__Male__e2	Exc L5/6 IT Car3	Excitatory_neurons	M_e2	Male	e2	AD_both_mito	297	298	7	6	validated_complete	3	TRUE	118	107	3	TRUE	eligible	completed_significant	9	TRUE	NA
phase20_sexapoe_kda_simple_aggr_combo_v1_run_manifest	175	primary_Exc_L5_6_NP_M_e2_AD_both_mito	excitatory_set3::Exc L5/6 NP::AD_vs_NCI__Male__e2	Exc L5/6 NP	Excitatory_neurons	M_e2	Male	e2	AD_both_mito	295	285	7	6	validated_complete	3	TRUE	59	50	3	TRUE	eligible	completed_significant	11	TRUE	NA
phase20_sexapoe_kda_simple_aggr_combo_v1_run_manifest	176	primary_Exc_L6_CT_M_e2_AD_both_mito	excitatory_set3::Exc L6 CT::AD_vs_NCI__Male__e2	Exc L6 CT	Excitatory_neurons	M_e2	Male	e2	AD_both_mito	390	337	7	6	validated_complete	3	TRUE	88	80	3	TRUE	eligible	completed_no_significant	0	TRUE	NA
phase20_sexapoe_kda_simple_aggr_combo_v1_run_manifest	177	primary_Exc_L6_THEMIS_NFIA_M_e2_AD_both_mito	excitatory_set3::Exc L6 THEMIS NFIA::AD_vs_NCI__Male__e2	Exc L6 THEMIS NFIA	Excitatory_neurons	M_e2	Male	e2	AD_both_mito	1323	1024	7	6	validated_complete	3	TRUE	152	120	3	TRUE	eligible	completed_significant	9	TRUE	NA
phase20_sexapoe_kda_simple_aggr_combo_v1_run_manifest	178	primary_Exc_L6b_M_e2_AD_both_mito	excitatory_set3::Exc L6b::AD_vs_NCI__Male__e2	Exc L6b	Excitatory_neurons	M_e2	Male	e2	AD_both_mito	363	383	7	6	validated_complete	3	TRUE	183	161	3	TRUE	eligible	completed_significant	2	TRUE	NA
phase20_sexapoe_kda_simple_aggr_combo_v1_run_manifest	179	primary_Exc_NRGN_M_e2_AD_both_mito	excitatory_set3::Exc NRGN::AD_vs_NCI__Male__e2	Exc NRGN	Excitatory_neurons	M_e2	Male	e2	AD_both_mito	545	1905	7	6	validated_complete	3	TRUE	181	155	3	TRUE	eligible	completed_significant	7	TRUE	NA
phase20_sexapoe_kda_simple_aggr_combo_v1_run_manifest	180	primary_Exc_RELN_CHD7_M_e2_AD_both_mito	excitatory_set3::Exc RELN CHD7::AD_vs_NCI__Male__e2	Exc RELN CHD7	Excitatory_neurons	M_e2	Male	e2	AD_both_mito	202	673	7	6	validated_complete	3	TRUE	69	62	3	TRUE	eligible	completed_significant	15	TRUE	NA
phase20_sexapoe_kda_simple_aggr_combo_v1_run_manifest	181	primary_Inh_ALCAM_TRPM3_M_e2_AD_both_mito	inhibitory::Inh ALCAM TRPM3::AD_vs_NCI__Male__e2	Inh ALCAM TRPM3	Inhibitory_neurons	M_e2	Male	e2	AD_both_mito	155	106	7	5	validated_complete	3	TRUE	2	2	3	FALSE	effective_query_below_minimum	skipped_effective_query_below_minimum	0	FALSE	minimum_effective_query_genes_not_met
phase20_sexapoe_kda_simple_aggr_combo_v1_run_manifest	182	primary_Inh_CUX2_MSR1_M_e2_AD_both_mito	inhibitory::Inh CUX2 MSR1::AD_vs_NCI__Male__e2	Inh CUX2 MSR1	Inhibitory_neurons	M_e2	Male	e2	AD_both_mito	342	322	7	6	validated_complete	3	TRUE	216	191	3	TRUE	eligible	completed_significant	5	TRUE	NA
phase20_sexapoe_kda_simple_aggr_combo_v1_run_manifest	183	primary_Inh_ENOX2_SPHKAP_M_e2_AD_both_mito	inhibitory::Inh ENOX2 SPHKAP::AD_vs_NCI__Male__e2	Inh ENOX2 SPHKAP	Inhibitory_neurons	M_e2	Male	e2	AD_both_mito	196	198	7	6	validated_complete	3	TRUE	37	32	3	TRUE	eligible	completed_significant	3	TRUE	NA
phase20_sexapoe_kda_simple_aggr_combo_v1_run_manifest	184	primary_Inh_FBN2_EPB41L4A_M_e2_AD_both_mito	inhibitory::Inh FBN2 EPB41L4A::AD_vs_NCI__Male__e2	Inh FBN2 EPB41L4A	Inhibitory_neurons	M_e2	Male	e2	AD_both_mito	125	101	7	6	validated_complete	3	TRUE	0	0	3	FALSE	effective_query_below_minimum	skipped_effective_query_below_minimum	0	FALSE	minimum_effective_query_genes_not_met
phase20_sexapoe_kda_simple_aggr_combo_v1_run_manifest	185	primary_Inh_GPC5_RIT2_M_e2_AD_both_mito	inhibitory::Inh GPC5 RIT2::AD_vs_NCI__Male__e2	Inh GPC5 RIT2	Inhibitory_neurons	M_e2	Male	e2	AD_both_mito	50	77	5	5	validated_complete	3	TRUE	0	0	3	FALSE	effective_query_below_minimum	skipped_effective_query_below_minimum	0	FALSE	minimum_effective_query_genes_not_met
phase20_sexapoe_kda_simple_aggr_combo_v1_run_manifest	186	primary_Inh_L1_PAX6_CA4_M_e2_AD_both_mito	inhibitory::Inh L1 PAX6 CA4::AD_vs_NCI__Male__e2	Inh L1 PAX6 CA4	Inhibitory_neurons	M_e2	Male	e2	AD_both_mito	71	65	6	4	validated_complete	3	TRUE	0	0	3	FALSE	effective_query_below_minimum	skipped_effective_query_below_minimum	0	FALSE	minimum_effective_query_genes_not_met
phase20_sexapoe_kda_simple_aggr_combo_v1_run_manifest	187	primary_Inh_L1_2_PAX6_SCGN_M_e2_AD_both_mito	inhibitory::Inh L1-2 PAX6 SCGN::AD_vs_NCI__Male__e2	Inh L1-2 PAX6 SCGN	Inhibitory_neurons	M_e2	Male	e2	AD_both_mito	34	13	6	4	validated_complete	3	TRUE	0	0	3	FALSE	effective_query_below_minimum	skipped_effective_query_below_minimum	0	FALSE	minimum_effective_query_genes_not_met
phase20_sexapoe_kda_simple_aggr_combo_v1_run_manifest	188	primary_Inh_L1_6_LAMP5_CA13_M_e2_AD_both_mito	inhibitory::Inh L1-6 LAMP5 CA13::AD_vs_NCI__Male__e2	Inh L1-6 LAMP5 CA13	Inhibitory_neurons	M_e2	Male	e2	AD_both_mito	265	220	7	6	validated_complete	3	TRUE	14	14	3	TRUE	eligible	completed_significant	8	TRUE	NA
phase20_sexapoe_kda_simple_aggr_combo_v1_run_manifest	189	primary_Inh_L3_5_SST_MAFB_M_e2_AD_both_mito	inhibitory::Inh L3-5 SST MAFB::AD_vs_NCI__Male__e2	Inh L3-5 SST MAFB	Inhibitory_neurons	M_e2	Male	e2	AD_both_mito	364	292	7	6	validated_complete	3	TRUE	209	177	3	TRUE	eligible	completed_significant	19	TRUE	NA
phase20_sexapoe_kda_simple_aggr_combo_v1_run_manifest	190	primary_Inh_L5_6_PVALB_STON2_M_e2_AD_both_mito	inhibitory::Inh L5-6 PVALB STON2::AD_vs_NCI__Male__e2	Inh L5-6 PVALB STON2	Inhibitory_neurons	M_e2	Male	e2	AD_both_mito	76	90	5	5	validated_complete	3	TRUE	0	0	3	FALSE	effective_query_below_minimum	skipped_effective_query_below_minimum	0	FALSE	minimum_effective_query_genes_not_met
phase20_sexapoe_kda_simple_aggr_combo_v1_run_manifest	191	primary_Inh_L5_6_SST_TH_M_e2_AD_both_mito	inhibitory::Inh L5-6 SST TH::AD_vs_NCI__Male__e2	Inh L5-6 SST TH	Inhibitory_neurons	M_e2	Male	e2	AD_both_mito	70	63	6	5	validated_complete	3	TRUE	0	0	3	FALSE	effective_query_below_minimum	skipped_effective_query_below_minimum	0	FALSE	minimum_effective_query_genes_not_met
phase20_sexapoe_kda_simple_aggr_combo_v1_run_manifest	192	primary_Inh_L6_SST_NPY_M_e2_AD_both_mito	inhibitory::Inh L6 SST NPY::AD_vs_NCI__Male__e2	Inh L6 SST NPY	Inhibitory_neurons	M_e2	Male	e2	AD_both_mito	25	16	7	4	validated_complete	3	TRUE	0	0	3	FALSE	effective_query_below_minimum	skipped_effective_query_below_minimum	0	FALSE	minimum_effective_query_genes_not_met
phase20_sexapoe_kda_simple_aggr_combo_v1_run_manifest	193	primary_Inh_LAMP5_NRG1_Rosehip_M_e2_AD_both_mito	inhibitory::Inh LAMP5 NRG1 (Rosehip)::AD_vs_NCI__Male__e2	Inh LAMP5 NRG1 (Rosehip)	Inhibitory_neurons	M_e2	Male	e2	AD_both_mito	420	333	7	6	validated_complete	3	TRUE	150	129	3	TRUE	eligible	completed_significant	4	TRUE	NA
phase20_sexapoe_kda_simple_aggr_combo_v1_run_manifest	194	primary_Inh_LAMP5_RELN_M_e2_AD_both_mito	inhibitory::Inh LAMP5 RELN::AD_vs_NCI__Male__e2	Inh LAMP5 RELN	Inhibitory_neurons	M_e2	Male	e2	AD_both_mito	128	92	6	4	validated_complete	3	TRUE	0	0	3	FALSE	effective_query_below_minimum	skipped_effective_query_below_minimum	0	FALSE	minimum_effective_query_genes_not_met
phase20_sexapoe_kda_simple_aggr_combo_v1_run_manifest	195	primary_Inh_PTPRK_FAM19A1_M_e2_AD_both_mito	inhibitory::Inh PTPRK FAM19A1::AD_vs_NCI__Male__e2	Inh PTPRK FAM19A1	Inhibitory_neurons	M_e2	Male	e2	AD_both_mito	134	111	7	5	validated_complete	3	TRUE	0	0	3	FALSE	effective_query_below_minimum	skipped_effective_query_below_minimum	0	FALSE	minimum_effective_query_genes_not_met
phase20_sexapoe_kda_simple_aggr_combo_v1_run_manifest	196	primary_Inh_PVALB_CA8_Chandelier_M_e2_AD_both_mito	inhibitory::Inh PVALB CA8 (Chandelier)::AD_vs_NCI__Male__e2	Inh PVALB CA8 (Chandelier)	Inhibitory_neurons	M_e2	Male	e2	AD_both_mito	226	206	7	6	validated_complete	3	TRUE	14	13	3	TRUE	eligible	completed_no_significant	0	TRUE	NA
phase20_sexapoe_kda_simple_aggr_combo_v1_run_manifest	197	primary_Inh_PVALB_HTR4_M_e2_AD_both_mito	inhibitory::Inh PVALB HTR4::AD_vs_NCI__Male__e2	Inh PVALB HTR4	Inhibitory_neurons	M_e2	Male	e2	AD_both_mito	612	545	7	6	validated_complete	3	TRUE	225	160	3	TRUE	eligible	completed_significant	11	TRUE	NA
phase20_sexapoe_kda_simple_aggr_combo_v1_run_manifest	198	primary_Inh_PVALB_SULF1_M_e2_AD_both_mito	inhibitory::Inh PVALB SULF1::AD_vs_NCI__Male__e2	Inh PVALB SULF1	Inhibitory_neurons	M_e2	Male	e2	AD_both_mito	331	368	7	6	validated_complete	3	TRUE	56	47	3	TRUE	eligible	completed_significant	3	TRUE	NA
phase20_sexapoe_kda_simple_aggr_combo_v1_run_manifest	199	primary_Inh_RYR3_TSHZ2_M_e2_AD_both_mito	inhibitory::Inh RYR3 TSHZ2::AD_vs_NCI__Male__e2	Inh RYR3 TSHZ2	Inhibitory_neurons	M_e2	Male	e2	AD_both_mito	362	297	7	6	validated_complete	3	TRUE	39	35	3	TRUE	eligible	completed_significant	8	TRUE	NA
phase20_sexapoe_kda_simple_aggr_combo_v1_run_manifest	200	primary_Inh_SGCD_PDE3A_M_e2_AD_both_mito	inhibitory::Inh SGCD PDE3A::AD_vs_NCI__Male__e2	Inh SGCD PDE3A	Inhibitory_neurons	M_e2	Male	e2	AD_both_mito	45	50	6	5	validated_complete	3	TRUE	0	0	3	FALSE	effective_query_below_minimum	skipped_effective_query_below_minimum	0	FALSE	minimum_effective_query_genes_not_met
phase20_sexapoe_kda_simple_aggr_combo_v1_run_manifest	201	primary_Inh_SORCS1_TTN_M_e2_AD_both_mito	inhibitory::Inh SORCS1 TTN::AD_vs_NCI__Male__e2	Inh SORCS1 TTN	Inhibitory_neurons	M_e2	Male	e2	AD_both_mito	145	92	6	6	validated_complete	3	TRUE	0	0	3	FALSE	effective_query_below_minimum	skipped_effective_query_below_minimum	0	FALSE	minimum_effective_query_genes_not_met
phase20_sexapoe_kda_simple_aggr_combo_v1_run_manifest	202	primary_Inh_VIP_ABI3BP_M_e2_AD_both_mito	inhibitory::Inh VIP ABI3BP::AD_vs_NCI__Male__e2	Inh VIP ABI3BP	Inhibitory_neurons	M_e2	Male	e2	AD_both_mito	200	178	7	6	validated_complete	3	TRUE	3	3	3	TRUE	eligible	completed_significant	10	TRUE	NA
phase20_sexapoe_kda_simple_aggr_combo_v1_run_manifest	203	primary_Inh_VIP_CLSTN2_M_e2_AD_both_mito	inhibitory::Inh VIP CLSTN2::AD_vs_NCI__Male__e2	Inh VIP CLSTN2	Inhibitory_neurons	M_e2	Male	e2	AD_both_mito	249	209	7	6	validated_complete	3	TRUE	15	15	3	TRUE	eligible	completed_significant	7	TRUE	NA
phase20_sexapoe_kda_simple_aggr_combo_v1_run_manifest	204	primary_Inh_VIP_THSD7B_M_e2_AD_both_mito	inhibitory::Inh VIP THSD7B::AD_vs_NCI__Male__e2	Inh VIP THSD7B	Inhibitory_neurons	M_e2	Male	e2	AD_both_mito	131	88	7	5	validated_complete	3	TRUE	0	0	3	FALSE	effective_query_below_minimum	skipped_effective_query_below_minimum	0	FALSE	minimum_effective_query_genes_not_met
phase20_sexapoe_kda_simple_aggr_combo_v1_run_manifest	205	primary_Inh_VIP_TSHZ2_M_e2_AD_both_mito	inhibitory::Inh VIP TSHZ2::AD_vs_NCI__Male__e2	Inh VIP TSHZ2	Inhibitory_neurons	M_e2	Male	e2	AD_both_mito	172	162	7	5	validated_complete	3	TRUE	0	0	3	FALSE	effective_query_below_minimum	skipped_effective_query_below_minimum	0	FALSE	minimum_effective_query_genes_not_met
phase20_sexapoe_kda_simple_aggr_combo_v1_run_manifest	206	primary_Mic_MKI67_M_e2_AD_both_mito	immune::Mic MKI67::AD_vs_NCI__Male__e2	Mic MKI67	Microglia	M_e2	Male	e2	AD_both_mito	2	9	2	3	not_estimable	3	FALSE	0	0	3	FALSE	source_contrast_not_validated	skipped_source_contrast_not_validated	0	FALSE	minimum_cells_per_deg_arm_not_met
phase20_sexapoe_kda_simple_aggr_combo_v1_run_manifest	207	primary_Mic_P2RY12_M_e2_AD_both_mito	immune::Mic P2RY12::AD_vs_NCI__Male__e2	Mic P2RY12	Microglia	M_e2	Male	e2	AD_both_mito	1175	390	7	6	validated_complete	3	TRUE	88	85	3	TRUE	eligible	completed_significant	3	TRUE	NA
phase20_sexapoe_kda_simple_aggr_combo_v1_run_manifest	208	primary_Mic_TPT1_M_e2_AD_both_mito	immune::Mic TPT1::AD_vs_NCI__Male__e2	Mic TPT1	Microglia	M_e2	Male	e2	AD_both_mito	34	21	6	4	validated_complete	3	TRUE	0	0	3	FALSE	effective_query_below_minimum	skipped_effective_query_below_minimum	0	FALSE	minimum_effective_query_genes_not_met
phase20_sexapoe_kda_simple_aggr_combo_v1_run_manifest	209	primary_OPC_M_e2_AD_both_mito	opcs::OPC::AD_vs_NCI__Male__e2	OPC	OPCs	M_e2	Male	e2	AD_both_mito	1320	1404	7	6	validated_complete	3	TRUE	151	133	3	TRUE	eligible	completed_significant	14	TRUE	NA
phase20_sexapoe_kda_simple_aggr_combo_v1_run_manifest	210	primary_Oli_M_e2_AD_both_mito	oligodendrocytes::Oli::AD_vs_NCI__Male__e2	Oli	Oligodendrocytes	M_e2	Male	e2	AD_both_mito	9717	5807	7	6	validated_complete	3	TRUE	49	43	3	TRUE	eligible	completed_significant	8	TRUE	NA
phase20_sexapoe_kda_simple_aggr_combo_v1_run_manifest	211	primary_T_cells_M_e2_AD_both_mito	immune::T cells::AD_vs_NCI__Male__e2	T cells	T_cells	M_e2	Male	e2	AD_both_mito	33	6	6	3	validated_complete	3	TRUE	0	0	3	FALSE	effective_query_below_minimum	skipped_effective_query_below_minimum	0	FALSE	minimum_effective_query_genes_not_met
phase20_sexapoe_kda_simple_aggr_combo_v1_run_manifest	212	primary_End_M_e2_AD_both_mito	vasculature::End::AD_vs_NCI__Male__e2	End	Vasculature_cells	M_e2	Male	e2	AD_both_mito	87	126	7	5	validated_complete	3	TRUE	19	19	3	TRUE	eligible	completed_significant	6	TRUE	NA
phase20_sexapoe_kda_simple_aggr_combo_v1_run_manifest	213	primary_Fib_FLRT2_M_e2_AD_both_mito	vasculature::Fib FLRT2::AD_vs_NCI__Male__e2	Fib FLRT2	Vasculature_cells	M_e2	Male	e2	AD_both_mito	72	16	6	5	validated_complete	3	TRUE	0	0	3	FALSE	effective_query_below_minimum	skipped_effective_query_below_minimum	0	FALSE	minimum_effective_query_genes_not_met
phase20_sexapoe_kda_simple_aggr_combo_v1_run_manifest	214	primary_Fib_SLC4A4_M_e2_AD_both_mito	vasculature::Fib SLC4A4::AD_vs_NCI__Male__e2	Fib SLC4A4	Vasculature_cells	M_e2	Male	e2	AD_both_mito	0	11	0	2	not_estimable	3	FALSE	0	0	3	FALSE	source_contrast_not_validated	skipped_source_contrast_not_validated	0	FALSE	minimum_cells_per_deg_arm_not_met
phase20_sexapoe_kda_simple_aggr_combo_v1_run_manifest	215	primary_Per_M_e2_AD_both_mito	vasculature::Per::AD_vs_NCI__Male__e2	Per	Vasculature_cells	M_e2	Male	e2	AD_both_mito	81	99	6	5	validated_complete	3	TRUE	13	12	3	TRUE	eligible	completed_significant	4	TRUE	NA
phase20_sexapoe_kda_simple_aggr_combo_v1_run_manifest	216	primary_SMC_M_e2_AD_both_mito	vasculature::SMC::AD_vs_NCI__Male__e2	SMC	Vasculature_cells	M_e2	Male	e2	AD_both_mito	12	32	3	6	validated_complete	3	TRUE	0	0	3	FALSE	effective_query_below_minimum	skipped_effective_query_below_minimum	0	FALSE	minimum_effective_query_genes_not_met
phase20_sexapoe_kda_simple_aggr_combo_v1_run_manifest	217	primary_Ast_CHI3L1_M_e33_AD_both_mito	astrocytes::Ast CHI3L1::AD_vs_NCI__Male__e33	Ast CHI3L1	Astrocytes	M_e33	Male	e33	AD_both_mito	466	4424	25	52	validated_complete	3	TRUE	32	28	3	TRUE	eligible	completed_significant	1	TRUE	NA
phase20_sexapoe_kda_simple_aggr_combo_v1_run_manifest	218	primary_Ast_DPP10_M_e33_AD_both_mito	astrocytes::Ast DPP10::AD_vs_NCI__Male__e33	Ast DPP10	Astrocytes	M_e33	Male	e33	AD_both_mito	1859	5177	27	53	validated_complete	3	TRUE	10	7	3	TRUE	eligible	completed_significant	6	TRUE	NA
phase20_sexapoe_kda_simple_aggr_combo_v1_run_manifest	219	primary_Ast_GRM3_M_e33_AD_both_mito	astrocytes::Ast GRM3::AD_vs_NCI__Male__e33	Ast GRM3	Astrocytes	M_e33	Male	e33	AD_both_mito	5946	14440	29	53	validated_complete	3	TRUE	10	9	3	TRUE	eligible	completed_significant	13	TRUE	NA
phase20_sexapoe_kda_simple_aggr_combo_v1_run_manifest	220	primary_CAMs_M_e33_AD_both_mito	immune::CAMs::AD_vs_NCI__Male__e33	CAMs	CAMs	M_e33	Male	e33	AD_both_mito	119	397	24	50	validated_complete	3	TRUE	0	0	3	FALSE	effective_query_below_minimum	skipped_effective_query_below_minimum	0	FALSE	minimum_effective_query_genes_not_met
phase20_sexapoe_kda_simple_aggr_combo_v1_run_manifest	221	primary_Exc_L2_3_CBLN2_LINC02306_M_e33_AD_both_mito	excitatory_set1::Exc L2-3 CBLN2 LINC02306::AD_vs_NCI__Male__e33	Exc L2-3 CBLN2 LINC02306	Excitatory_neurons	M_e33	Male	e33	AD_both_mito	19824	46703	29	53	validated_complete	3	TRUE	2	1	3	FALSE	effective_query_below_minimum	skipped_effective_query_below_minimum	0	FALSE	minimum_effective_query_genes_not_met
phase20_sexapoe_kda_simple_aggr_combo_v1_run_manifest	222	primary_Exc_L3_4_RORB_CUX2_M_e33_AD_both_mito	excitatory_set2::Exc L3-4 RORB CUX2::AD_vs_NCI__Male__e33	Exc L3-4 RORB CUX2	Excitatory_neurons	M_e33	Male	e33	AD_both_mito	12039	30614	27	53	validated_complete	3	TRUE	6	5	3	TRUE	eligible	completed_significant	9	TRUE	NA
phase20_sexapoe_kda_simple_aggr_combo_v1_run_manifest	223	primary_Exc_L3_5_RORB_PLCH1_M_e33_AD_both_mito	excitatory_set2::Exc L3-5 RORB PLCH1::AD_vs_NCI__Male__e33	Exc L3-5 RORB PLCH1	Excitatory_neurons	M_e33	Male	e33	AD_both_mito	2425	6074	28	53	validated_complete	3	TRUE	15	13	3	TRUE	eligible	completed_no_significant	0	TRUE	NA
phase20_sexapoe_kda_simple_aggr_combo_v1_run_manifest	224	primary_Exc_L4_5_RORB_GABRG1_M_e33_AD_both_mito	excitatory_set2::Exc L4-5 RORB GABRG1::AD_vs_NCI__Male__e33	Exc L4-5 RORB GABRG1	Excitatory_neurons	M_e33	Male	e33	AD_both_mito	5291	12067	27	53	validated_complete	3	TRUE	7	6	3	TRUE	eligible	completed_significant	7	TRUE	NA
phase20_sexapoe_kda_simple_aggr_combo_v1_run_manifest	225	primary_Exc_L4_5_RORB_IL1RAPL2_M_e33_AD_both_mito	excitatory_set2::Exc L4-5 RORB IL1RAPL2::AD_vs_NCI__Male__e33	Exc L4-5 RORB IL1RAPL2	Excitatory_neurons	M_e33	Male	e33	AD_both_mito	7405	17997	27	53	validated_complete	3	TRUE	5	5	3	TRUE	eligible	completed_significant	11	TRUE	NA
phase20_sexapoe_kda_simple_aggr_combo_v1_run_manifest	226	primary_Exc_L5_ET_M_e33_AD_both_mito	excitatory_set3::Exc L5 ET::AD_vs_NCI__Male__e33	Exc L5 ET	Excitatory_neurons	M_e33	Male	e33	AD_both_mito	280	511	24	50	validated_complete	3	TRUE	199	171	3	TRUE	eligible	completed_no_significant	0	TRUE	NA
phase20_sexapoe_kda_simple_aggr_combo_v1_run_manifest	227	primary_Exc_L5_6_RORB_LINC02196_M_e33_AD_both_mito	excitatory_set3::Exc L5-6 RORB LINC02196::AD_vs_NCI__Male__e33	Exc L5-6 RORB LINC02196	Excitatory_neurons	M_e33	Male	e33	AD_both_mito	1537	3343	27	53	validated_complete	3	TRUE	20	18	3	TRUE	eligible	completed_significant	7	TRUE	NA
phase20_sexapoe_kda_simple_aggr_combo_v1_run_manifest	228	primary_Exc_L5_6_IT_Car3_M_e33_AD_both_mito	excitatory_set3::Exc L5/6 IT Car3::AD_vs_NCI__Male__e33	Exc L5/6 IT Car3	Excitatory_neurons	M_e33	Male	e33	AD_both_mito	1386	2592	27	53	validated_complete	3	TRUE	39	30	3	TRUE	eligible	completed_no_significant	0	TRUE	NA
phase20_sexapoe_kda_simple_aggr_combo_v1_run_manifest	229	primary_Exc_L5_6_NP_M_e33_AD_both_mito	excitatory_set3::Exc L5/6 NP::AD_vs_NCI__Male__e33	Exc L5/6 NP	Excitatory_neurons	M_e33	Male	e33	AD_both_mito	975	2667	27	53	validated_complete	3	TRUE	18	14	3	TRUE	eligible	completed_significant	5	TRUE	NA
phase20_sexapoe_kda_simple_aggr_combo_v1_run_manifest	230	primary_Exc_L6_CT_M_e33_AD_both_mito	excitatory_set3::Exc L6 CT::AD_vs_NCI__Male__e33	Exc L6 CT	Excitatory_neurons	M_e33	Male	e33	AD_both_mito	1546	3559	27	53	validated_complete	3	TRUE	38	32	3	TRUE	eligible	completed_significant	11	TRUE	NA
phase20_sexapoe_kda_simple_aggr_combo_v1_run_manifest	231	primary_Exc_L6_THEMIS_NFIA_M_e33_AD_both_mito	excitatory_set3::Exc L6 THEMIS NFIA::AD_vs_NCI__Male__e33	Exc L6 THEMIS NFIA	Excitatory_neurons	M_e33	Male	e33	AD_both_mito	4552	9666	27	53	validated_complete	3	TRUE	3	1	3	FALSE	effective_query_below_minimum	skipped_effective_query_below_minimum	0	FALSE	minimum_effective_query_genes_not_met
phase20_sexapoe_kda_simple_aggr_combo_v1_run_manifest	232	primary_Exc_L6b_M_e33_AD_both_mito	excitatory_set3::Exc L6b::AD_vs_NCI__Male__e33	Exc L6b	Excitatory_neurons	M_e33	Male	e33	AD_both_mito	2241	3581	28	53	validated_complete	3	TRUE	39	31	3	TRUE	eligible	completed_no_significant	0	TRUE	NA
phase20_sexapoe_kda_simple_aggr_combo_v1_run_manifest	233	primary_Exc_NRGN_M_e33_AD_both_mito	excitatory_set3::Exc NRGN::AD_vs_NCI__Male__e33	Exc NRGN	Excitatory_neurons	M_e33	Male	e33	AD_both_mito	4383	6868	28	52	validated_complete	3	TRUE	204	181	3	TRUE	eligible	completed_significant	24	TRUE	NA
phase20_sexapoe_kda_simple_aggr_combo_v1_run_manifest	234	primary_Exc_RELN_CHD7_M_e33_AD_both_mito	excitatory_set3::Exc RELN CHD7::AD_vs_NCI__Male__e33	Exc RELN CHD7	Excitatory_neurons	M_e33	Male	e33	AD_both_mito	22508	8393	28	51	validated_complete	3	TRUE	67	53	3	TRUE	eligible	completed_significant	21	TRUE	NA
phase20_sexapoe_kda_simple_aggr_combo_v1_run_manifest	235	primary_Inh_ALCAM_TRPM3_M_e33_AD_both_mito	inhibitory::Inh ALCAM TRPM3::AD_vs_NCI__Male__e33	Inh ALCAM TRPM3	Inhibitory_neurons	M_e33	Male	e33	AD_both_mito	712	1792	27	51	validated_complete	3	TRUE	9	7	3	TRUE	eligible	completed_significant	2	TRUE	NA
phase20_sexapoe_kda_simple_aggr_combo_v1_run_manifest	236	primary_Inh_CUX2_MSR1_M_e33_AD_both_mito	inhibitory::Inh CUX2 MSR1::AD_vs_NCI__Male__e33	Inh CUX2 MSR1	Inhibitory_neurons	M_e33	Male	e33	AD_both_mito	1592	5009	26	51	validated_complete	3	TRUE	3	3	3	TRUE	eligible	completed_significant	12	TRUE	NA
phase20_sexapoe_kda_simple_aggr_combo_v1_run_manifest	237	primary_Inh_ENOX2_SPHKAP_M_e33_AD_both_mito	inhibitory::Inh ENOX2 SPHKAP::AD_vs_NCI__Male__e33	Inh ENOX2 SPHKAP	Inhibitory_neurons	M_e33	Male	e33	AD_both_mito	700	2076	27	52	validated_complete	3	TRUE	9	8	3	TRUE	eligible	completed_no_significant	0	TRUE	NA
phase20_sexapoe_kda_simple_aggr_combo_v1_run_manifest	238	primary_Inh_FBN2_EPB41L4A_M_e33_AD_both_mito	inhibitory::Inh FBN2 EPB41L4A::AD_vs_NCI__Male__e33	Inh FBN2 EPB41L4A	Inhibitory_neurons	M_e33	Male	e33	AD_both_mito	412	986	27	52	validated_complete	3	TRUE	16	15	3	TRUE	eligible	completed_significant	7	TRUE	NA
phase20_sexapoe_kda_simple_aggr_combo_v1_run_manifest	239	primary_Inh_GPC5_RIT2_M_e33_AD_both_mito	inhibitory::Inh GPC5 RIT2::AD_vs_NCI__Male__e33	Inh GPC5 RIT2	Inhibitory_neurons	M_e33	Male	e33	AD_both_mito	297	748	26	52	validated_complete	3	TRUE	0	0	3	FALSE	effective_query_below_minimum	skipped_effective_query_below_minimum	0	FALSE	minimum_effective_query_genes_not_met
phase20_sexapoe_kda_simple_aggr_combo_v1_run_manifest	240	primary_Inh_L1_PAX6_CA4_M_e33_AD_both_mito	inhibitory::Inh L1 PAX6 CA4::AD_vs_NCI__Male__e33	Inh L1 PAX6 CA4	Inhibitory_neurons	M_e33	Male	e33	AD_both_mito	320	853	25	49	validated_complete	3	TRUE	0	0	3	FALSE	effective_query_below_minimum	skipped_effective_query_below_minimum	0	FALSE	minimum_effective_query_genes_not_met
phase20_sexapoe_kda_simple_aggr_combo_v1_run_manifest	241	primary_Inh_L1_2_PAX6_SCGN_M_e33_AD_both_mito	inhibitory::Inh L1-2 PAX6 SCGN::AD_vs_NCI__Male__e33	Inh L1-2 PAX6 SCGN	Inhibitory_neurons	M_e33	Male	e33	AD_both_mito	97	254	23	49	validated_complete	3	TRUE	0	0	3	FALSE	effective_query_below_minimum	skipped_effective_query_below_minimum	0	FALSE	minimum_effective_query_genes_not_met
phase20_sexapoe_kda_simple_aggr_combo_v1_run_manifest	242	primary_Inh_L1_6_LAMP5_CA13_M_e33_AD_both_mito	inhibitory::Inh L1-6 LAMP5 CA13::AD_vs_NCI__Male__e33	Inh L1-6 LAMP5 CA13	Inhibitory_neurons	M_e33	Male	e33	AD_both_mito	924	2302	27	53	validated_complete	3	TRUE	8	7	3	TRUE	eligible	completed_significant	6	TRUE	NA
phase20_sexapoe_kda_simple_aggr_combo_v1_run_manifest	243	primary_Inh_L3_5_SST_MAFB_M_e33_AD_both_mito	inhibitory::Inh L3-5 SST MAFB::AD_vs_NCI__Male__e33	Inh L3-5 SST MAFB	Inhibitory_neurons	M_e33	Male	e33	AD_both_mito	1276	4114	27	52	validated_complete	3	TRUE	2	2	3	FALSE	effective_query_below_minimum	skipped_effective_query_below_minimum	0	FALSE	minimum_effective_query_genes_not_met
phase20_sexapoe_kda_simple_aggr_combo_v1_run_manifest	244	primary_Inh_L5_6_PVALB_STON2_M_e33_AD_both_mito	inhibitory::Inh L5-6 PVALB STON2::AD_vs_NCI__Male__e33	Inh L5-6 PVALB STON2	Inhibitory_neurons	M_e33	Male	e33	AD_both_mito	304	767	26	52	validated_complete	3	TRUE	1	0	3	FALSE	effective_query_below_minimum	skipped_effective_query_below_minimum	0	FALSE	minimum_effective_query_genes_not_met
phase20_sexapoe_kda_simple_aggr_combo_v1_run_manifest	245	primary_Inh_L5_6_SST_TH_M_e33_AD_both_mito	inhibitory::Inh L5-6 SST TH::AD_vs_NCI__Male__e33	Inh L5-6 SST TH	Inhibitory_neurons	M_e33	Male	e33	AD_both_mito	269	704	26	52	validated_complete	3	TRUE	0	0	3	FALSE	effective_query_below_minimum	skipped_effective_query_below_minimum	0	FALSE	minimum_effective_query_genes_not_met
phase20_sexapoe_kda_simple_aggr_combo_v1_run_manifest	246	primary_Inh_L6_SST_NPY_M_e33_AD_both_mito	inhibitory::Inh L6 SST NPY::AD_vs_NCI__Male__e33	Inh L6 SST NPY	Inhibitory_neurons	M_e33	Male	e33	AD_both_mito	122	222	20	46	validated_complete	3	TRUE	5	5	3	TRUE	eligible	completed_significant	8	TRUE	NA
phase20_sexapoe_kda_simple_aggr_combo_v1_run_manifest	247	primary_Inh_LAMP5_NRG1_Rosehip_M_e33_AD_both_mito	inhibitory::Inh LAMP5 NRG1 (Rosehip)::AD_vs_NCI__Male__e33	Inh LAMP5 NRG1 (Rosehip)	Inhibitory_neurons	M_e33	Male	e33	AD_both_mito	1647	4297	27	53	validated_complete	3	TRUE	20	17	3	TRUE	eligible	completed_no_significant	0	TRUE	NA
phase20_sexapoe_kda_simple_aggr_combo_v1_run_manifest	248	primary_Inh_LAMP5_RELN_M_e33_AD_both_mito	inhibitory::Inh LAMP5 RELN::AD_vs_NCI__Male__e33	Inh LAMP5 RELN	Inhibitory_neurons	M_e33	Male	e33	AD_both_mito	579	1573	25	50	validated_complete	3	TRUE	0	0	3	FALSE	effective_query_below_minimum	skipped_effective_query_below_minimum	0	FALSE	minimum_effective_query_genes_not_met
phase20_sexapoe_kda_simple_aggr_combo_v1_run_manifest	249	primary_Inh_PTPRK_FAM19A1_M_e33_AD_both_mito	inhibitory::Inh PTPRK FAM19A1::AD_vs_NCI__Male__e33	Inh PTPRK FAM19A1	Inhibitory_neurons	M_e33	Male	e33	AD_both_mito	642	1791	27	51	validated_complete	3	TRUE	1	1	3	FALSE	effective_query_below_minimum	skipped_effective_query_below_minimum	0	FALSE	minimum_effective_query_genes_not_met
phase20_sexapoe_kda_simple_aggr_combo_v1_run_manifest	250	primary_Inh_PVALB_CA8_Chandelier_M_e33_AD_both_mito	inhibitory::Inh PVALB CA8 (Chandelier)::AD_vs_NCI__Male__e33	Inh PVALB CA8 (Chandelier)	Inhibitory_neurons	M_e33	Male	e33	AD_both_mito	838	2277	27	52	validated_complete	3	TRUE	8	7	3	TRUE	eligible	completed_significant	14	TRUE	NA
phase20_sexapoe_kda_simple_aggr_combo_v1_run_manifest	251	primary_Inh_PVALB_HTR4_M_e33_AD_both_mito	inhibitory::Inh PVALB HTR4::AD_vs_NCI__Male__e33	Inh PVALB HTR4	Inhibitory_neurons	M_e33	Male	e33	AD_both_mito	2488	6929	27	52	validated_complete	3	TRUE	11	4	3	TRUE	eligible	completed_significant	4	TRUE	NA
phase20_sexapoe_kda_simple_aggr_combo_v1_run_manifest	252	primary_Inh_PVALB_SULF1_M_e33_AD_both_mito	inhibitory::Inh PVALB SULF1::AD_vs_NCI__Male__e33	Inh PVALB SULF1	Inhibitory_neurons	M_e33	Male	e33	AD_both_mito	1228	3381	27	52	validated_complete	3	TRUE	14	10	3	TRUE	eligible	completed_significant	13	TRUE	NA
phase20_sexapoe_kda_simple_aggr_combo_v1_run_manifest	253	primary_Inh_RYR3_TSHZ2_M_e33_AD_both_mito	inhibitory::Inh RYR3 TSHZ2::AD_vs_NCI__Male__e33	Inh RYR3 TSHZ2	Inhibitory_neurons	M_e33	Male	e33	AD_both_mito	1463	3874	27	53	validated_complete	3	TRUE	3	2	3	FALSE	effective_query_below_minimum	skipped_effective_query_below_minimum	0	FALSE	minimum_effective_query_genes_not_met
phase20_sexapoe_kda_simple_aggr_combo_v1_run_manifest	254	primary_Inh_SGCD_PDE3A_M_e33_AD_both_mito	inhibitory::Inh SGCD PDE3A::AD_vs_NCI__Male__e33	Inh SGCD PDE3A	Inhibitory_neurons	M_e33	Male	e33	AD_both_mito	241	651	26	51	validated_complete	3	TRUE	0	0	3	FALSE	effective_query_below_minimum	skipped_effective_query_below_minimum	0	FALSE	minimum_effective_query_genes_not_met
phase20_sexapoe_kda_simple_aggr_combo_v1_run_manifest	255	primary_Inh_SORCS1_TTN_M_e33_AD_both_mito	inhibitory::Inh SORCS1 TTN::AD_vs_NCI__Male__e33	Inh SORCS1 TTN	Inhibitory_neurons	M_e33	Male	e33	AD_both_mito	586	1612	28	50	validated_complete	3	TRUE	1	1	3	FALSE	effective_query_below_minimum	skipped_effective_query_below_minimum	0	FALSE	minimum_effective_query_genes_not_met
phase20_sexapoe_kda_simple_aggr_combo_v1_run_manifest	256	primary_Inh_VIP_ABI3BP_M_e33_AD_both_mito	inhibitory::Inh VIP ABI3BP::AD_vs_NCI__Male__e33	Inh VIP ABI3BP	Inhibitory_neurons	M_e33	Male	e33	AD_both_mito	873	2403	27	53	validated_complete	3	TRUE	1	1	3	FALSE	effective_query_below_minimum	skipped_effective_query_below_minimum	0	FALSE	minimum_effective_query_genes_not_met
phase20_sexapoe_kda_simple_aggr_combo_v1_run_manifest	257	primary_Inh_VIP_CLSTN2_M_e33_AD_both_mito	inhibitory::Inh VIP CLSTN2::AD_vs_NCI__Male__e33	Inh VIP CLSTN2	Inhibitory_neurons	M_e33	Male	e33	AD_both_mito	1110	2848	27	52	validated_complete	3	TRUE	3	3	3	TRUE	eligible	completed_significant	5	TRUE	NA
phase20_sexapoe_kda_simple_aggr_combo_v1_run_manifest	258	primary_Inh_VIP_THSD7B_M_e33_AD_both_mito	inhibitory::Inh VIP THSD7B::AD_vs_NCI__Male__e33	Inh VIP THSD7B	Inhibitory_neurons	M_e33	Male	e33	AD_both_mito	481	1353	27	52	validated_complete	3	TRUE	0	0	3	FALSE	effective_query_below_minimum	skipped_effective_query_below_minimum	0	FALSE	minimum_effective_query_genes_not_met
phase20_sexapoe_kda_simple_aggr_combo_v1_run_manifest	259	primary_Inh_VIP_TSHZ2_M_e33_AD_both_mito	inhibitory::Inh VIP TSHZ2::AD_vs_NCI__Male__e33	Inh VIP TSHZ2	Inhibitory_neurons	M_e33	Male	e33	AD_both_mito	737	2077	27	52	validated_complete	3	TRUE	1	1	3	FALSE	effective_query_below_minimum	skipped_effective_query_below_minimum	0	FALSE	minimum_effective_query_genes_not_met
phase20_sexapoe_kda_simple_aggr_combo_v1_run_manifest	260	primary_Mic_MKI67_M_e33_AD_both_mito	immune::Mic MKI67::AD_vs_NCI__Male__e33	Mic MKI67	Microglia	M_e33	Male	e33	AD_both_mito	52	120	12	20	validated_complete	3	TRUE	0	0	3	FALSE	effective_query_below_minimum	skipped_effective_query_below_minimum	0	FALSE	minimum_effective_query_genes_not_met
phase20_sexapoe_kda_simple_aggr_combo_v1_run_manifest	261	primary_Mic_P2RY12_M_e33_AD_both_mito	immune::Mic P2RY12::AD_vs_NCI__Male__e33	Mic P2RY12	Microglia	M_e33	Male	e33	AD_both_mito	4009	11074	29	52	validated_complete	3	TRUE	11	11	3	TRUE	eligible	completed_significant	3	TRUE	NA
phase20_sexapoe_kda_simple_aggr_combo_v1_run_manifest	262	primary_Mic_TPT1_M_e33_AD_both_mito	immune::Mic TPT1::AD_vs_NCI__Male__e33	Mic TPT1	Microglia	M_e33	Male	e33	AD_both_mito	237	494	25	45	validated_complete	3	TRUE	3	3	3	TRUE	eligible	completed_no_significant	0	TRUE	NA
phase20_sexapoe_kda_simple_aggr_combo_v1_run_manifest	263	primary_OPC_M_e33_AD_both_mito	opcs::OPC::AD_vs_NCI__Male__e33	OPC	OPCs	M_e33	Male	e33	AD_both_mito	4876	14431	29	53	validated_complete	3	TRUE	7	7	3	TRUE	eligible	completed_significant	9	TRUE	NA
phase20_sexapoe_kda_simple_aggr_combo_v1_run_manifest	264	primary_Oli_M_e33_AD_both_mito	oligodendrocytes::Oli::AD_vs_NCI__Male__e33	Oli	Oligodendrocytes	M_e33	Male	e33	AD_both_mito	35873	94184	29	53	validated_complete	3	TRUE	8	6	3	TRUE	eligible	completed_no_significant	0	TRUE	NA
phase20_sexapoe_kda_simple_aggr_combo_v1_run_manifest	265	primary_T_cells_M_e33_AD_both_mito	immune::T cells::AD_vs_NCI__Male__e33	T cells	T_cells	M_e33	Male	e33	AD_both_mito	176	392	24	50	validated_complete	3	TRUE	0	0	3	FALSE	effective_query_below_minimum	skipped_effective_query_below_minimum	0	FALSE	minimum_effective_query_genes_not_met
phase20_sexapoe_kda_simple_aggr_combo_v1_run_manifest	266	primary_End_M_e33_AD_both_mito	vasculature::End::AD_vs_NCI__Male__e33	End	Vasculature_cells	M_e33	Male	e33	AD_both_mito	390	1170	27	51	validated_complete	3	TRUE	9	9	3	TRUE	eligible	completed_significant	8	TRUE	NA
phase20_sexapoe_kda_simple_aggr_combo_v1_run_manifest	267	primary_Fib_FLRT2_M_e33_AD_both_mito	vasculature::Fib FLRT2::AD_vs_NCI__Male__e33	Fib FLRT2	Vasculature_cells	M_e33	Male	e33	AD_both_mito	225	666	26	48	validated_complete	3	TRUE	0	0	3	FALSE	effective_query_below_minimum	skipped_effective_query_below_minimum	0	FALSE	minimum_effective_query_genes_not_met
phase20_sexapoe_kda_simple_aggr_combo_v1_run_manifest	268	primary_Fib_SLC4A4_M_e33_AD_both_mito	vasculature::Fib SLC4A4::AD_vs_NCI__Male__e33	Fib SLC4A4	Vasculature_cells	M_e33	Male	e33	AD_both_mito	52	280	11	16	validated_complete	3	TRUE	0	0	3	FALSE	effective_query_below_minimum	skipped_effective_query_below_minimum	0	FALSE	minimum_effective_query_genes_not_met
phase20_sexapoe_kda_simple_aggr_combo_v1_run_manifest	269	primary_Per_M_e33_AD_both_mito	vasculature::Per::AD_vs_NCI__Male__e33	Per	Vasculature_cells	M_e33	Male	e33	AD_both_mito	302	855	24	49	validated_complete	3	TRUE	1	1	3	FALSE	effective_query_below_minimum	skipped_effective_query_below_minimum	0	FALSE	minimum_effective_query_genes_not_met
phase20_sexapoe_kda_simple_aggr_combo_v1_run_manifest	270	primary_SMC_M_e33_AD_both_mito	vasculature::SMC::AD_vs_NCI__Male__e33	SMC	Vasculature_cells	M_e33	Male	e33	AD_both_mito	70	282	22	36	validated_complete	3	TRUE	0	0	3	FALSE	effective_query_below_minimum	skipped_effective_query_below_minimum	0	FALSE	minimum_effective_query_genes_not_met
phase20_sexapoe_kda_simple_aggr_combo_v1_run_manifest	271	primary_Ast_CHI3L1_M_e4_AD_both_mito	astrocytes::Ast CHI3L1::AD_vs_NCI__Male__e4	Ast CHI3L1	Astrocytes	M_e4	Male	e4	AD_both_mito	1655	412	24	9	validated_complete	3	TRUE	62	58	3	TRUE	eligible	completed_significant	9	TRUE	NA
phase20_sexapoe_kda_simple_aggr_combo_v1_run_manifest	272	primary_Ast_DPP10_M_e4_AD_both_mito	astrocytes::Ast DPP10::AD_vs_NCI__Male__e4	Ast DPP10	Astrocytes	M_e4	Male	e4	AD_both_mito	1565	979	27	10	validated_complete	3	TRUE	63	60	3	TRUE	eligible	completed_significant	8	TRUE	NA
phase20_sexapoe_kda_simple_aggr_combo_v1_run_manifest	273	primary_Ast_GRM3_M_e4_AD_both_mito	astrocytes::Ast GRM3::AD_vs_NCI__Male__e4	Ast GRM3	Astrocytes	M_e4	Male	e4	AD_both_mito	4914	2144	27	10	validated_complete	3	TRUE	24	21	3	TRUE	eligible	completed_no_significant	0	TRUE	NA
phase20_sexapoe_kda_simple_aggr_combo_v1_run_manifest	274	primary_CAMs_M_e4_AD_both_mito	immune::CAMs::AD_vs_NCI__Male__e4	CAMs	CAMs	M_e4	Male	e4	AD_both_mito	137	65	22	9	validated_complete	3	TRUE	0	0	3	FALSE	effective_query_below_minimum	skipped_effective_query_below_minimum	0	FALSE	minimum_effective_query_genes_not_met
phase20_sexapoe_kda_simple_aggr_combo_v1_run_manifest	275	primary_Exc_L2_3_CBLN2_LINC02306_M_e4_AD_both_mito	excitatory_set1::Exc L2-3 CBLN2 LINC02306::AD_vs_NCI__Male__e4	Exc L2-3 CBLN2 LINC02306	Excitatory_neurons	M_e4	Male	e4	AD_both_mito	15661	6766	27	10	validated_complete	3	TRUE	21	17	3	TRUE	eligible	completed_significant	3	TRUE	NA
phase20_sexapoe_kda_simple_aggr_combo_v1_run_manifest	276	primary_Exc_L3_4_RORB_CUX2_M_e4_AD_both_mito	excitatory_set2::Exc L3-4 RORB CUX2::AD_vs_NCI__Male__e4	Exc L3-4 RORB CUX2	Excitatory_neurons	M_e4	Male	e4	AD_both_mito	11378	4290	27	10	validated_complete	3	TRUE	28	22	3	TRUE	eligible	completed_significant	5	TRUE	NA
phase20_sexapoe_kda_simple_aggr_combo_v1_run_manifest	277	primary_Exc_L3_5_RORB_PLCH1_M_e4_AD_both_mito	excitatory_set2::Exc L3-5 RORB PLCH1::AD_vs_NCI__Male__e4	Exc L3-5 RORB PLCH1	Excitatory_neurons	M_e4	Male	e4	AD_both_mito	2238	987	26	10	validated_complete	3	TRUE	42	38	3	TRUE	eligible	completed_significant	3	TRUE	NA
phase20_sexapoe_kda_simple_aggr_combo_v1_run_manifest	278	primary_Exc_L4_5_RORB_GABRG1_M_e4_AD_both_mito	excitatory_set2::Exc L4-5 RORB GABRG1::AD_vs_NCI__Male__e4	Exc L4-5 RORB GABRG1	Excitatory_neurons	M_e4	Male	e4	AD_both_mito	4614	2201	26	10	validated_complete	3	TRUE	21	18	3	TRUE	eligible	completed_significant	3	TRUE	NA
phase20_sexapoe_kda_simple_aggr_combo_v1_run_manifest	279	primary_Exc_L4_5_RORB_IL1RAPL2_M_e4_AD_both_mito	excitatory_set2::Exc L4-5 RORB IL1RAPL2::AD_vs_NCI__Male__e4	Exc L4-5 RORB IL1RAPL2	Excitatory_neurons	M_e4	Male	e4	AD_both_mito	6930	2820	27	10	validated_complete	3	TRUE	34	27	3	TRUE	eligible	completed_significant	1	TRUE	NA
phase20_sexapoe_kda_simple_aggr_combo_v1_run_manifest	280	primary_Exc_L5_ET_M_e4_AD_both_mito	excitatory_set3::Exc L5 ET::AD_vs_NCI__Male__e4	Exc L5 ET	Excitatory_neurons	M_e4	Male	e4	AD_both_mito	203	75	25	10	validated_complete	3	TRUE	4	3	3	TRUE	eligible	completed_no_significant	0	TRUE	NA
phase20_sexapoe_kda_simple_aggr_combo_v1_run_manifest	281	primary_Exc_L5_6_RORB_LINC02196_M_e4_AD_both_mito	excitatory_set3::Exc L5-6 RORB LINC02196::AD_vs_NCI__Male__e4	Exc L5-6 RORB LINC02196	Excitatory_neurons	M_e4	Male	e4	AD_both_mito	1275	493	27	10	validated_complete	3	TRUE	55	48	3	TRUE	eligible	completed_significant	4	TRUE	NA
phase20_sexapoe_kda_simple_aggr_combo_v1_run_manifest	282	primary_Exc_L5_6_IT_Car3_M_e4_AD_both_mito	excitatory_set3::Exc L5/6 IT Car3::AD_vs_NCI__Male__e4	Exc L5/6 IT Car3	Excitatory_neurons	M_e4	Male	e4	AD_both_mito	1124	427	27	10	validated_complete	3	TRUE	21	21	3	TRUE	eligible	completed_significant	5	TRUE	NA
phase20_sexapoe_kda_simple_aggr_combo_v1_run_manifest	283	primary_Exc_L5_6_NP_M_e4_AD_both_mito	excitatory_set3::Exc L5/6 NP::AD_vs_NCI__Male__e4	Exc L5/6 NP	Excitatory_neurons	M_e4	Male	e4	AD_both_mito	920	413	26	9	validated_complete	3	TRUE	13	11	3	TRUE	eligible	completed_significant	2	TRUE	NA
phase20_sexapoe_kda_simple_aggr_combo_v1_run_manifest	284	primary_Exc_L6_CT_M_e4_AD_both_mito	excitatory_set3::Exc L6 CT::AD_vs_NCI__Male__e4	Exc L6 CT	Excitatory_neurons	M_e4	Male	e4	AD_both_mito	1116	523	27	10	validated_complete	3	TRUE	26	23	3	TRUE	eligible	completed_significant	8	TRUE	NA
phase20_sexapoe_kda_simple_aggr_combo_v1_run_manifest	285	primary_Exc_L6_THEMIS_NFIA_M_e4_AD_both_mito	excitatory_set3::Exc L6 THEMIS NFIA::AD_vs_NCI__Male__e4	Exc L6 THEMIS NFIA	Excitatory_neurons	M_e4	Male	e4	AD_both_mito	3580	1566	27	10	validated_complete	3	TRUE	39	28	3	TRUE	eligible	completed_significant	4	TRUE	NA
phase20_sexapoe_kda_simple_aggr_combo_v1_run_manifest	286	primary_Exc_L6b_M_e4_AD_both_mito	excitatory_set3::Exc L6b::AD_vs_NCI__Male__e4	Exc L6b	Excitatory_neurons	M_e4	Male	e4	AD_both_mito	1260	480	27	10	validated_complete	3	TRUE	37	31	3	TRUE	eligible	completed_significant	1	TRUE	NA
phase20_sexapoe_kda_simple_aggr_combo_v1_run_manifest	287	primary_Exc_NRGN_M_e4_AD_both_mito	excitatory_set3::Exc NRGN::AD_vs_NCI__Male__e4	Exc NRGN	Excitatory_neurons	M_e4	Male	e4	AD_both_mito	4828	461	27	10	validated_complete	3	TRUE	115	105	3	TRUE	eligible	completed_significant	10	TRUE	NA
phase20_sexapoe_kda_simple_aggr_combo_v1_run_manifest	288	primary_Exc_RELN_CHD7_M_e4_AD_both_mito	excitatory_set3::Exc RELN CHD7::AD_vs_NCI__Male__e4	Exc RELN CHD7	Excitatory_neurons	M_e4	Male	e4	AD_both_mito	5746	397	26	10	validated_complete	3	TRUE	219	185	3	TRUE	eligible	completed_significant	2	TRUE	NA
phase20_sexapoe_kda_simple_aggr_combo_v1_run_manifest	289	primary_Inh_ALCAM_TRPM3_M_e4_AD_both_mito	inhibitory::Inh ALCAM TRPM3::AD_vs_NCI__Male__e4	Inh ALCAM TRPM3	Inhibitory_neurons	M_e4	Male	e4	AD_both_mito	683	270	26	10	validated_complete	3	TRUE	3	2	3	FALSE	effective_query_below_minimum	skipped_effective_query_below_minimum	0	FALSE	minimum_effective_query_genes_not_met
phase20_sexapoe_kda_simple_aggr_combo_v1_run_manifest	290	primary_Inh_CUX2_MSR1_M_e4_AD_both_mito	inhibitory::Inh CUX2 MSR1::AD_vs_NCI__Male__e4	Inh CUX2 MSR1	Inhibitory_neurons	M_e4	Male	e4	AD_both_mito	1387	534	27	10	validated_complete	3	TRUE	6	6	3	TRUE	eligible	completed_significant	7	TRUE	NA
phase20_sexapoe_kda_simple_aggr_combo_v1_run_manifest	291	primary_Inh_ENOX2_SPHKAP_M_e4_AD_both_mito	inhibitory::Inh ENOX2 SPHKAP::AD_vs_NCI__Male__e4	Inh ENOX2 SPHKAP	Inhibitory_neurons	M_e4	Male	e4	AD_both_mito	711	240	25	10	validated_complete	3	TRUE	5	4	3	TRUE	eligible	completed_significant	9	TRUE	NA
phase20_sexapoe_kda_simple_aggr_combo_v1_run_manifest	292	primary_Inh_FBN2_EPB41L4A_M_e4_AD_both_mito	inhibitory::Inh FBN2 EPB41L4A::AD_vs_NCI__Male__e4	Inh FBN2 EPB41L4A	Inhibitory_neurons	M_e4	Male	e4	AD_both_mito	395	145	26	10	validated_complete	3	TRUE	2	2	3	FALSE	effective_query_below_minimum	skipped_effective_query_below_minimum	0	FALSE	minimum_effective_query_genes_not_met
phase20_sexapoe_kda_simple_aggr_combo_v1_run_manifest	293	primary_Inh_GPC5_RIT2_M_e4_AD_both_mito	inhibitory::Inh GPC5 RIT2::AD_vs_NCI__Male__e4	Inh GPC5 RIT2	Inhibitory_neurons	M_e4	Male	e4	AD_both_mito	260	94	26	10	validated_complete	3	TRUE	0	0	3	FALSE	effective_query_below_minimum	skipped_effective_query_below_minimum	0	FALSE	minimum_effective_query_genes_not_met
phase20_sexapoe_kda_simple_aggr_combo_v1_run_manifest	294	primary_Inh_L1_PAX6_CA4_M_e4_AD_both_mito	inhibitory::Inh L1 PAX6 CA4::AD_vs_NCI__Male__e4	Inh L1 PAX6 CA4	Inhibitory_neurons	M_e4	Male	e4	AD_both_mito	250	116	24	10	validated_complete	3	TRUE	0	0	3	FALSE	effective_query_below_minimum	skipped_effective_query_below_minimum	0	FALSE	minimum_effective_query_genes_not_met
phase20_sexapoe_kda_simple_aggr_combo_v1_run_manifest	295	primary_Inh_L1_2_PAX6_SCGN_M_e4_AD_both_mito	inhibitory::Inh L1-2 PAX6 SCGN::AD_vs_NCI__Male__e4	Inh L1-2 PAX6 SCGN	Inhibitory_neurons	M_e4	Male	e4	AD_both_mito	106	39	23	9	validated_complete	3	TRUE	0	0	3	FALSE	effective_query_below_minimum	skipped_effective_query_below_minimum	0	FALSE	minimum_effective_query_genes_not_met
phase20_sexapoe_kda_simple_aggr_combo_v1_run_manifest	296	primary_Inh_L1_6_LAMP5_CA13_M_e4_AD_both_mito	inhibitory::Inh L1-6 LAMP5 CA13::AD_vs_NCI__Male__e4	Inh L1-6 LAMP5 CA13	Inhibitory_neurons	M_e4	Male	e4	AD_both_mito	892	335	26	10	validated_complete	3	TRUE	4	4	3	TRUE	eligible	completed_significant	7	TRUE	NA
phase20_sexapoe_kda_simple_aggr_combo_v1_run_manifest	297	primary_Inh_L3_5_SST_MAFB_M_e4_AD_both_mito	inhibitory::Inh L3-5 SST MAFB::AD_vs_NCI__Male__e4	Inh L3-5 SST MAFB	Inhibitory_neurons	M_e4	Male	e4	AD_both_mito	1267	410	26	10	validated_complete	3	TRUE	9	8	3	TRUE	eligible	completed_significant	4	TRUE	NA
phase20_sexapoe_kda_simple_aggr_combo_v1_run_manifest	298	primary_Inh_L5_6_PVALB_STON2_M_e4_AD_both_mito	inhibitory::Inh L5-6 PVALB STON2::AD_vs_NCI__Male__e4	Inh L5-6 PVALB STON2	Inhibitory_neurons	M_e4	Male	e4	AD_both_mito	302	105	26	10	validated_complete	3	TRUE	0	0	3	FALSE	effective_query_below_minimum	skipped_effective_query_below_minimum	0	FALSE	minimum_effective_query_genes_not_met
phase20_sexapoe_kda_simple_aggr_combo_v1_run_manifest	299	primary_Inh_L5_6_SST_TH_M_e4_AD_both_mito	inhibitory::Inh L5-6 SST TH::AD_vs_NCI__Male__e4	Inh L5-6 SST TH	Inhibitory_neurons	M_e4	Male	e4	AD_both_mito	238	86	23	10	validated_complete	3	TRUE	0	0	3	FALSE	effective_query_below_minimum	skipped_effective_query_below_minimum	0	FALSE	minimum_effective_query_genes_not_met
phase20_sexapoe_kda_simple_aggr_combo_v1_run_manifest	300	primary_Inh_L6_SST_NPY_M_e4_AD_both_mito	inhibitory::Inh L6 SST NPY::AD_vs_NCI__Male__e4	Inh L6 SST NPY	Inhibitory_neurons	M_e4	Male	e4	AD_both_mito	82	23	24	8	validated_complete	3	TRUE	0	0	3	FALSE	effective_query_below_minimum	skipped_effective_query_below_minimum	0	FALSE	minimum_effective_query_genes_not_met
phase20_sexapoe_kda_simple_aggr_combo_v1_run_manifest	301	primary_Inh_LAMP5_NRG1_Rosehip_M_e4_AD_both_mito	inhibitory::Inh LAMP5 NRG1 (Rosehip)::AD_vs_NCI__Male__e4	Inh LAMP5 NRG1 (Rosehip)	Inhibitory_neurons	M_e4	Male	e4	AD_both_mito	1537	575	26	10	validated_complete	3	TRUE	48	45	3	TRUE	eligible	completed_significant	17	TRUE	NA
phase20_sexapoe_kda_simple_aggr_combo_v1_run_manifest	302	primary_Inh_LAMP5_RELN_M_e4_AD_both_mito	inhibitory::Inh LAMP5 RELN::AD_vs_NCI__Male__e4	Inh LAMP5 RELN	Inhibitory_neurons	M_e4	Male	e4	AD_both_mito	411	206	25	10	validated_complete	3	TRUE	0	0	3	FALSE	effective_query_below_minimum	skipped_effective_query_below_minimum	0	FALSE	minimum_effective_query_genes_not_met
phase20_sexapoe_kda_simple_aggr_combo_v1_run_manifest	303	primary_Inh_PTPRK_FAM19A1_M_e4_AD_both_mito	inhibitory::Inh PTPRK FAM19A1::AD_vs_NCI__Male__e4	Inh PTPRK FAM19A1	Inhibitory_neurons	M_e4	Male	e4	AD_both_mito	603	240	24	10	validated_complete	3	TRUE	0	0	3	FALSE	effective_query_below_minimum	skipped_effective_query_below_minimum	0	FALSE	minimum_effective_query_genes_not_met
phase20_sexapoe_kda_simple_aggr_combo_v1_run_manifest	304	primary_Inh_PVALB_CA8_Chandelier_M_e4_AD_both_mito	inhibitory::Inh PVALB CA8 (Chandelier)::AD_vs_NCI__Male__e4	Inh PVALB CA8 (Chandelier)	Inhibitory_neurons	M_e4	Male	e4	AD_both_mito	815	333	26	10	validated_complete	3	TRUE	9	8	3	TRUE	eligible	completed_significant	7	TRUE	NA
phase20_sexapoe_kda_simple_aggr_combo_v1_run_manifest	305	primary_Inh_PVALB_HTR4_M_e4_AD_both_mito	inhibitory::Inh PVALB HTR4::AD_vs_NCI__Male__e4	Inh PVALB HTR4	Inhibitory_neurons	M_e4	Male	e4	AD_both_mito	2593	877	27	10	validated_complete	3	TRUE	47	41	3	TRUE	eligible	completed_significant	7	TRUE	NA
phase20_sexapoe_kda_simple_aggr_combo_v1_run_manifest	306	primary_Inh_PVALB_SULF1_M_e4_AD_both_mito	inhibitory::Inh PVALB SULF1::AD_vs_NCI__Male__e4	Inh PVALB SULF1	Inhibitory_neurons	M_e4	Male	e4	AD_both_mito	1324	462	27	10	validated_complete	3	TRUE	5	4	3	TRUE	eligible	completed_no_significant	0	TRUE	NA
phase20_sexapoe_kda_simple_aggr_combo_v1_run_manifest	307	primary_Inh_RYR3_TSHZ2_M_e4_AD_both_mito	inhibitory::Inh RYR3 TSHZ2::AD_vs_NCI__Male__e4	Inh RYR3 TSHZ2	Inhibitory_neurons	M_e4	Male	e4	AD_both_mito	1414	587	27	10	validated_complete	3	TRUE	5	3	3	TRUE	eligible	completed_significant	7	TRUE	NA
phase20_sexapoe_kda_simple_aggr_combo_v1_run_manifest	308	primary_Inh_SGCD_PDE3A_M_e4_AD_both_mito	inhibitory::Inh SGCD PDE3A::AD_vs_NCI__Male__e4	Inh SGCD PDE3A	Inhibitory_neurons	M_e4	Male	e4	AD_both_mito	255	103	26	9	validated_complete	3	TRUE	0	0	3	FALSE	effective_query_below_minimum	skipped_effective_query_below_minimum	0	FALSE	minimum_effective_query_genes_not_met
phase20_sexapoe_kda_simple_aggr_combo_v1_run_manifest	309	primary_Inh_SORCS1_TTN_M_e4_AD_both_mito	inhibitory::Inh SORCS1 TTN::AD_vs_NCI__Male__e4	Inh SORCS1 TTN	Inhibitory_neurons	M_e4	Male	e4	AD_both_mito	537	193	25	10	validated_complete	3	TRUE	1	1	3	FALSE	effective_query_below_minimum	skipped_effective_query_below_minimum	0	FALSE	minimum_effective_query_genes_not_met
phase20_sexapoe_kda_simple_aggr_combo_v1_run_manifest	310	primary_Inh_VIP_ABI3BP_M_e4_AD_both_mito	inhibitory::Inh VIP ABI3BP::AD_vs_NCI__Male__e4	Inh VIP ABI3BP	Inhibitory_neurons	M_e4	Male	e4	AD_both_mito	840	352	27	10	validated_complete	3	TRUE	5	4	3	TRUE	eligible	completed_significant	4	TRUE	NA
phase20_sexapoe_kda_simple_aggr_combo_v1_run_manifest	311	primary_Inh_VIP_CLSTN2_M_e4_AD_both_mito	inhibitory::Inh VIP CLSTN2::AD_vs_NCI__Male__e4	Inh VIP CLSTN2	Inhibitory_neurons	M_e4	Male	e4	AD_both_mito	1021	472	27	10	validated_complete	3	TRUE	3	2	3	FALSE	effective_query_below_minimum	skipped_effective_query_below_minimum	0	FALSE	minimum_effective_query_genes_not_met
phase20_sexapoe_kda_simple_aggr_combo_v1_run_manifest	312	primary_Inh_VIP_THSD7B_M_e4_AD_both_mito	inhibitory::Inh VIP THSD7B::AD_vs_NCI__Male__e4	Inh VIP THSD7B	Inhibitory_neurons	M_e4	Male	e4	AD_both_mito	507	179	25	10	validated_complete	3	TRUE	0	0	3	FALSE	effective_query_below_minimum	skipped_effective_query_below_minimum	0	FALSE	minimum_effective_query_genes_not_met
phase20_sexapoe_kda_simple_aggr_combo_v1_run_manifest	313	primary_Inh_VIP_TSHZ2_M_e4_AD_both_mito	inhibitory::Inh VIP TSHZ2::AD_vs_NCI__Male__e4	Inh VIP TSHZ2	Inhibitory_neurons	M_e4	Male	e4	AD_both_mito	730	299	27	10	validated_complete	3	TRUE	1	0	3	FALSE	effective_query_below_minimum	skipped_effective_query_below_minimum	0	FALSE	minimum_effective_query_genes_not_met
phase20_sexapoe_kda_simple_aggr_combo_v1_run_manifest	314	primary_Mic_MKI67_M_e4_AD_both_mito	immune::Mic MKI67::AD_vs_NCI__Male__e4	Mic MKI67	Microglia	M_e4	Male	e4	AD_both_mito	29	7	9	4	validated_complete	3	TRUE	0	0	3	FALSE	effective_query_below_minimum	skipped_effective_query_below_minimum	0	FALSE	minimum_effective_query_genes_not_met
phase20_sexapoe_kda_simple_aggr_combo_v1_run_manifest	315	primary_Mic_P2RY12_M_e4_AD_both_mito	immune::Mic P2RY12::AD_vs_NCI__Male__e4	Mic P2RY12	Microglia	M_e4	Male	e4	AD_both_mito	4158	1439	27	10	validated_complete	3	TRUE	34	29	3	TRUE	eligible	completed_significant	4	TRUE	NA
phase20_sexapoe_kda_simple_aggr_combo_v1_run_manifest	316	primary_Mic_TPT1_M_e4_AD_both_mito	immune::Mic TPT1::AD_vs_NCI__Male__e4	Mic TPT1	Microglia	M_e4	Male	e4	AD_both_mito	217	283	24	8	validated_complete	3	TRUE	15	14	3	TRUE	eligible	completed_significant	6	TRUE	NA
phase20_sexapoe_kda_simple_aggr_combo_v1_run_manifest	317	primary_OPC_M_e4_AD_both_mito	opcs::OPC::AD_vs_NCI__Male__e4	OPC	OPCs	M_e4	Male	e4	AD_both_mito	5115	2083	27	10	validated_complete	3	TRUE	14	10	3	TRUE	eligible	completed_significant	3	TRUE	NA
phase20_sexapoe_kda_simple_aggr_combo_v1_run_manifest	318	primary_Oli_M_e4_AD_both_mito	oligodendrocytes::Oli::AD_vs_NCI__Male__e4	Oli	Oligodendrocytes	M_e4	Male	e4	AD_both_mito	37526	15559	27	10	validated_complete	3	TRUE	14	12	3	TRUE	eligible	completed_no_significant	0	TRUE	NA
phase20_sexapoe_kda_simple_aggr_combo_v1_run_manifest	319	primary_T_cells_M_e4_AD_both_mito	immune::T cells::AD_vs_NCI__Male__e4	T cells	T_cells	M_e4	Male	e4	AD_both_mito	169	107	24	10	validated_complete	3	TRUE	1	0	3	FALSE	effective_query_below_minimum	skipped_effective_query_below_minimum	0	FALSE	minimum_effective_query_genes_not_met
phase20_sexapoe_kda_simple_aggr_combo_v1_run_manifest	320	primary_End_M_e4_AD_both_mito	vasculature::End::AD_vs_NCI__Male__e4	End	Vasculature_cells	M_e4	Male	e4	AD_both_mito	432	143	25	10	validated_complete	3	TRUE	0	0	3	FALSE	effective_query_below_minimum	skipped_effective_query_below_minimum	0	FALSE	minimum_effective_query_genes_not_met
phase20_sexapoe_kda_simple_aggr_combo_v1_run_manifest	321	primary_Fib_FLRT2_M_e4_AD_both_mito	vasculature::Fib FLRT2::AD_vs_NCI__Male__e4	Fib FLRT2	Vasculature_cells	M_e4	Male	e4	AD_both_mito	212	131	27	10	validated_complete	3	TRUE	2	2	3	FALSE	effective_query_below_minimum	skipped_effective_query_below_minimum	0	FALSE	minimum_effective_query_genes_not_met
phase20_sexapoe_kda_simple_aggr_combo_v1_run_manifest	322	primary_Fib_SLC4A4_M_e4_AD_both_mito	vasculature::Fib SLC4A4::AD_vs_NCI__Male__e4	Fib SLC4A4	Vasculature_cells	M_e4	Male	e4	AD_both_mito	16	22	8	5	validated_complete	3	TRUE	0	0	3	FALSE	effective_query_below_minimum	skipped_effective_query_below_minimum	0	FALSE	minimum_effective_query_genes_not_met
phase20_sexapoe_kda_simple_aggr_combo_v1_run_manifest	323	primary_Per_M_e4_AD_both_mito	vasculature::Per::AD_vs_NCI__Male__e4	Per	Vasculature_cells	M_e4	Male	e4	AD_both_mito	322	135	24	9	validated_complete	3	TRUE	1	0	3	FALSE	effective_query_below_minimum	skipped_effective_query_below_minimum	0	FALSE	minimum_effective_query_genes_not_met
phase20_sexapoe_kda_simple_aggr_combo_v1_run_manifest	324	primary_SMC_M_e4_AD_both_mito	vasculature::SMC::AD_vs_NCI__Male__e4	SMC	Vasculature_cells	M_e4	Male	e4	AD_both_mito	99	62	19	7	validated_complete	3	TRUE	0	0	3	FALSE	effective_query_below_minimum	skipped_effective_query_below_minimum	0	FALSE	minimum_effective_query_genes_not_met
