schema_version	kda_run_id	analysis_tier	fine_cell_type	broad_network	signature_group	signature_direction	effective_query_genes	effective_background_genes	eligibility_status	terminal_status	phase18_included	phase18_exclusion_reason	phase20_included	phase20_exclusion_reason
phase20_sex_apoe_kda_source_v1_run_manifest_v1	primary_Ast_CHI3L1_F_e2_AD_up_mito	primary	Ast CHI3L1	Astrocytes	F_e2	AD_up_mito	6	6943	eligible	completed_significant	FALSE	effective_query_below_10	TRUE	NA
phase20_sex_apoe_kda_source_v1_run_manifest_v1	primary_Ast_CHI3L1_F_e2_AD_down_mito	primary	Ast CHI3L1	Astrocytes	F_e2	AD_down_mito	3	6943	eligible	completed_significant	FALSE	effective_query_below_10	TRUE	NA
phase20_sex_apoe_kda_source_v1_run_manifest_v1	primary_Ast_CHI3L1_F_e33_AD_up_mito	primary	Ast CHI3L1	Astrocytes	F_e33	AD_up_mito	25	7172	eligible	completed_significant	TRUE	NA	TRUE	NA
phase20_sex_apoe_kda_source_v1_run_manifest_v1	primary_Ast_CHI3L1_F_e33_AD_down_mito	primary	Ast CHI3L1	Astrocytes	F_e33	AD_down_mito	20	7172	eligible	completed_no_significant	TRUE	NA	TRUE	NA
phase20_sex_apoe_kda_source_v1_run_manifest_v1	primary_Ast_CHI3L1_F_e4_AD_up_mito	primary	Ast CHI3L1	Astrocytes	F_e4	AD_up_mito	34	7096	eligible	completed_no_significant	TRUE	NA	TRUE	NA
phase20_sex_apoe_kda_source_v1_run_manifest_v1	primary_Ast_CHI3L1_F_e4_AD_down_mito	primary	Ast CHI3L1	Astrocytes	F_e4	AD_down_mito	46	7096	eligible	completed_significant	TRUE	NA	TRUE	NA
phase20_sex_apoe_kda_source_v1_run_manifest_v1	primary_Ast_CHI3L1_M_e2_AD_up_mito	primary	Ast CHI3L1	Astrocytes	M_e2	AD_up_mito	10	5947	eligible	completed_no_significant	TRUE	NA	TRUE	NA
phase20_sex_apoe_kda_source_v1_run_manifest_v1	primary_Ast_CHI3L1_M_e2_AD_down_mito	primary	Ast CHI3L1	Astrocytes	M_e2	AD_down_mito	6	5947	eligible	completed_significant	FALSE	effective_query_below_10	TRUE	NA
phase20_sex_apoe_kda_source_v1_run_manifest_v1	primary_Ast_CHI3L1_M_e33_AD_up_mito	primary	Ast CHI3L1	Astrocytes	M_e33	AD_up_mito	17	7152	eligible	completed_significant	TRUE	NA	TRUE	NA
phase20_sex_apoe_kda_source_v1_run_manifest_v1	primary_Ast_CHI3L1_M_e33_AD_down_mito	primary	Ast CHI3L1	Astrocytes	M_e33	AD_down_mito	11	7152	eligible	completed_no_significant	TRUE	NA	TRUE	NA
phase20_sex_apoe_kda_source_v1_run_manifest_v1	primary_Ast_CHI3L1_M_e4_AD_up_mito	primary	Ast CHI3L1	Astrocytes	M_e4	AD_up_mito	22	6266	eligible	completed_significant	TRUE	NA	TRUE	NA
phase20_sex_apoe_kda_source_v1_run_manifest_v1	primary_Ast_CHI3L1_M_e4_AD_down_mito	primary	Ast CHI3L1	Astrocytes	M_e4	AD_down_mito	36	6266	eligible	completed_significant	TRUE	NA	TRUE	NA
phase20_sex_apoe_kda_source_v1_run_manifest_v1	primary_Ast_DPP10_F_e2_AD_up_mito	primary	Ast DPP10	Astrocytes	F_e2	AD_up_mito	9	5601	eligible	completed_no_significant	FALSE	effective_query_below_10	TRUE	NA
phase20_sex_apoe_kda_source_v1_run_manifest_v1	primary_Ast_DPP10_F_e2_AD_down_mito	primary	Ast DPP10	Astrocytes	F_e2	AD_down_mito	7	5601	eligible	completed_significant	FALSE	effective_query_below_10	TRUE	NA
phase20_sex_apoe_kda_source_v1_run_manifest_v1	primary_Ast_DPP10_F_e33_AD_up_mito	primary	Ast DPP10	Astrocytes	F_e33	AD_up_mito	5	5882	eligible	completed_no_significant	FALSE	effective_query_below_10	TRUE	NA
phase20_sex_apoe_kda_source_v1_run_manifest_v1	primary_Ast_DPP10_F_e33_AD_down_mito	primary	Ast DPP10	Astrocytes	F_e33	AD_down_mito	4	5882	eligible	completed_no_significant	FALSE	effective_query_below_10	TRUE	NA
phase20_sex_apoe_kda_source_v1_run_manifest_v1	primary_Ast_DPP10_F_e4_AD_up_mito	primary	Ast DPP10	Astrocytes	F_e4	AD_up_mito	5	6099	eligible	completed_no_significant	FALSE	effective_query_below_10	TRUE	NA
phase20_sex_apoe_kda_source_v1_run_manifest_v1	primary_Ast_DPP10_F_e4_AD_down_mito	primary	Ast DPP10	Astrocytes	F_e4	AD_down_mito	25	6099	eligible	completed_significant	TRUE	NA	TRUE	NA
phase20_sex_apoe_kda_source_v1_run_manifest_v1	primary_Ast_DPP10_M_e2_AD_up_mito	primary	Ast DPP10	Astrocytes	M_e2	AD_up_mito	65	5562	eligible	completed_no_significant	TRUE	NA	TRUE	NA
phase20_sex_apoe_kda_source_v1_run_manifest_v1	primary_Ast_DPP10_M_e2_AD_down_mito	primary	Ast DPP10	Astrocytes	M_e2	AD_down_mito	28	5562	eligible	completed_significant	TRUE	NA	TRUE	NA
phase20_sex_apoe_kda_source_v1_run_manifest_v1	primary_Ast_DPP10_M_e33_AD_up_mito	primary	Ast DPP10	Astrocytes	M_e33	AD_up_mito	5	5774	eligible	completed_significant	FALSE	effective_query_below_10	TRUE	NA
phase20_sex_apoe_kda_source_v1_run_manifest_v1	primary_Ast_DPP10_M_e33_AD_down_mito	primary	Ast DPP10	Astrocytes	M_e33	AD_down_mito	2	5774	effective_query_below_minimum	skipped_effective_query_below_minimum	FALSE	effective_query_below_minimum	FALSE	effective_query_below_minimum
phase20_sex_apoe_kda_source_v1_run_manifest_v1	primary_Ast_DPP10_M_e4_AD_up_mito	primary	Ast DPP10	Astrocytes	M_e4	AD_up_mito	31	5979	eligible	completed_significant	TRUE	NA	TRUE	NA
phase20_sex_apoe_kda_source_v1_run_manifest_v1	primary_Ast_DPP10_M_e4_AD_down_mito	primary	Ast DPP10	Astrocytes	M_e4	AD_down_mito	29	5979	eligible	completed_no_significant	TRUE	NA	TRUE	NA
phase20_sex_apoe_kda_source_v1_run_manifest_v1	primary_Ast_GRM3_F_e2_AD_up_mito	primary	Ast GRM3	Astrocytes	F_e2	AD_up_mito	59	6593	eligible	completed_significant	TRUE	NA	TRUE	NA
phase20_sex_apoe_kda_source_v1_run_manifest_v1	primary_Ast_GRM3_F_e2_AD_down_mito	primary	Ast GRM3	Astrocytes	F_e2	AD_down_mito	23	6593	eligible	completed_no_significant	TRUE	NA	TRUE	NA
phase20_sex_apoe_kda_source_v1_run_manifest_v1	primary_Ast_GRM3_F_e33_AD_up_mito	primary	Ast GRM3	Astrocytes	F_e33	AD_up_mito	6	6492	eligible	completed_significant	FALSE	effective_query_below_10	TRUE	NA
phase20_sex_apoe_kda_source_v1_run_manifest_v1	primary_Ast_GRM3_F_e33_AD_down_mito	primary	Ast GRM3	Astrocytes	F_e33	AD_down_mito	0	6492	effective_query_below_minimum	skipped_effective_query_below_minimum	FALSE	effective_query_below_minimum	FALSE	effective_query_below_minimum
phase20_sex_apoe_kda_source_v1_run_manifest_v1	primary_Ast_GRM3_F_e4_AD_up_mito	primary	Ast GRM3	Astrocytes	F_e4	AD_up_mito	13	7150	eligible	completed_significant	TRUE	NA	TRUE	NA
phase20_sex_apoe_kda_source_v1_run_manifest_v1	primary_Ast_GRM3_F_e4_AD_down_mito	primary	Ast GRM3	Astrocytes	F_e4	AD_down_mito	21	7150	eligible	completed_no_significant	TRUE	NA	TRUE	NA
phase20_sex_apoe_kda_source_v1_run_manifest_v1	primary_Ast_GRM3_M_e2_AD_up_mito	primary	Ast GRM3	Astrocytes	M_e2	AD_up_mito	95	6117	eligible	completed_no_significant	TRUE	NA	TRUE	NA
phase20_sex_apoe_kda_source_v1_run_manifest_v1	primary_Ast_GRM3_M_e2_AD_down_mito	primary	Ast GRM3	Astrocytes	M_e2	AD_down_mito	94	6117	eligible	completed_significant	TRUE	NA	TRUE	NA
phase20_sex_apoe_kda_source_v1_run_manifest_v1	primary_Ast_GRM3_M_e33_AD_up_mito	primary	Ast GRM3	Astrocytes	M_e33	AD_up_mito	5	6030	eligible	completed_significant	FALSE	effective_query_below_10	TRUE	NA
phase20_sex_apoe_kda_source_v1_run_manifest_v1	primary_Ast_GRM3_M_e33_AD_down_mito	primary	Ast GRM3	Astrocytes	M_e33	AD_down_mito	4	6030	eligible	completed_significant	FALSE	effective_query_below_10	TRUE	NA
phase20_sex_apoe_kda_source_v1_run_manifest_v1	primary_Ast_GRM3_M_e4_AD_up_mito	primary	Ast GRM3	Astrocytes	M_e4	AD_up_mito	17	6016	eligible	completed_no_significant	TRUE	NA	TRUE	NA
phase20_sex_apoe_kda_source_v1_run_manifest_v1	primary_Ast_GRM3_M_e4_AD_down_mito	primary	Ast GRM3	Astrocytes	M_e4	AD_down_mito	4	6016	eligible	completed_significant	FALSE	effective_query_below_10	TRUE	NA
phase20_sex_apoe_kda_source_v1_run_manifest_v1	primary_CAMs_F_e2_AD_up_mito	primary	CAMs	CAMs	F_e2	AD_up_mito	0	224	effective_query_below_minimum	skipped_effective_query_below_minimum	FALSE	effective_query_below_minimum	FALSE	effective_query_below_minimum
phase20_sex_apoe_kda_source_v1_run_manifest_v1	primary_CAMs_F_e2_AD_down_mito	primary	CAMs	CAMs	F_e2	AD_down_mito	0	224	effective_query_below_minimum	skipped_effective_query_below_minimum	FALSE	effective_query_below_minimum	FALSE	effective_query_below_minimum
phase20_sex_apoe_kda_source_v1_run_manifest_v1	primary_CAMs_F_e33_AD_up_mito	primary	CAMs	CAMs	F_e33	AD_up_mito	0	240	effective_query_below_minimum	skipped_effective_query_below_minimum	FALSE	effective_query_below_minimum	FALSE	effective_query_below_minimum
phase20_sex_apoe_kda_source_v1_run_manifest_v1	primary_CAMs_F_e33_AD_down_mito	primary	CAMs	CAMs	F_e33	AD_down_mito	0	240	effective_query_below_minimum	skipped_effective_query_below_minimum	FALSE	effective_query_below_minimum	FALSE	effective_query_below_minimum
phase20_sex_apoe_kda_source_v1_run_manifest_v1	primary_CAMs_F_e4_AD_up_mito	primary	CAMs	CAMs	F_e4	AD_up_mito	0	228	effective_query_below_minimum	skipped_effective_query_below_minimum	FALSE	effective_query_below_minimum	FALSE	effective_query_below_minimum
phase20_sex_apoe_kda_source_v1_run_manifest_v1	primary_CAMs_F_e4_AD_down_mito	primary	CAMs	CAMs	F_e4	AD_down_mito	0	228	effective_query_below_minimum	skipped_effective_query_below_minimum	FALSE	effective_query_below_minimum	FALSE	effective_query_below_minimum
phase20_sex_apoe_kda_source_v1_run_manifest_v1	primary_CAMs_M_e2_AD_up_mito	primary	CAMs	CAMs	M_e2	AD_up_mito	0	0	source_contrast_not_validated	skipped_source_contrast_not_validated	FALSE	source_contrast_not_validated	FALSE	source_contrast_not_validated
phase20_sex_apoe_kda_source_v1_run_manifest_v1	primary_CAMs_M_e2_AD_down_mito	primary	CAMs	CAMs	M_e2	AD_down_mito	0	0	source_contrast_not_validated	skipped_source_contrast_not_validated	FALSE	source_contrast_not_validated	FALSE	source_contrast_not_validated
phase20_sex_apoe_kda_source_v1_run_manifest_v1	primary_CAMs_M_e33_AD_up_mito	primary	CAMs	CAMs	M_e33	AD_up_mito	0	250	effective_query_below_minimum	skipped_effective_query_below_minimum	FALSE	effective_query_below_minimum	FALSE	effective_query_below_minimum
phase20_sex_apoe_kda_source_v1_run_manifest_v1	primary_CAMs_M_e33_AD_down_mito	primary	CAMs	CAMs	M_e33	AD_down_mito	0	250	effective_query_below_minimum	skipped_effective_query_below_minimum	FALSE	effective_query_below_minimum	FALSE	effective_query_below_minimum
phase20_sex_apoe_kda_source_v1_run_manifest_v1	primary_CAMs_M_e4_AD_up_mito	primary	CAMs	CAMs	M_e4	AD_up_mito	0	267	effective_query_below_minimum	skipped_effective_query_below_minimum	FALSE	effective_query_below_minimum	FALSE	effective_query_below_minimum
phase20_sex_apoe_kda_source_v1_run_manifest_v1	primary_CAMs_M_e4_AD_down_mito	primary	CAMs	CAMs	M_e4	AD_down_mito	0	267	effective_query_below_minimum	skipped_effective_query_below_minimum	FALSE	effective_query_below_minimum	FALSE	effective_query_below_minimum
phase20_sex_apoe_kda_source_v1_run_manifest_v1	primary_End_F_e2_AD_up_mito	primary	End	Vasculature_cells	F_e2	AD_up_mito	0	3719	effective_query_below_minimum	skipped_effective_query_below_minimum	FALSE	effective_query_below_minimum	FALSE	effective_query_below_minimum
phase20_sex_apoe_kda_source_v1_run_manifest_v1	primary_End_F_e2_AD_down_mito	primary	End	Vasculature_cells	F_e2	AD_down_mito	0	3719	effective_query_below_minimum	skipped_effective_query_below_minimum	FALSE	effective_query_below_minimum	FALSE	effective_query_below_minimum
phase20_sex_apoe_kda_source_v1_run_manifest_v1	primary_End_F_e33_AD_up_mito	primary	End	Vasculature_cells	F_e33	AD_up_mito	1	3862	effective_query_below_minimum	skipped_effective_query_below_minimum	FALSE	effective_query_below_minimum	FALSE	effective_query_below_minimum
phase20_sex_apoe_kda_source_v1_run_manifest_v1	primary_End_F_e33_AD_down_mito	primary	End	Vasculature_cells	F_e33	AD_down_mito	1	3862	effective_query_below_minimum	skipped_effective_query_below_minimum	FALSE	effective_query_below_minimum	FALSE	effective_query_below_minimum
phase20_sex_apoe_kda_source_v1_run_manifest_v1	primary_End_F_e4_AD_up_mito	primary	End	Vasculature_cells	F_e4	AD_up_mito	3	3995	eligible	completed_significant	FALSE	effective_query_below_10	TRUE	NA
phase20_sex_apoe_kda_source_v1_run_manifest_v1	primary_End_F_e4_AD_down_mito	primary	End	Vasculature_cells	F_e4	AD_down_mito	4	3995	eligible	completed_significant	FALSE	effective_query_below_10	TRUE	NA
phase20_sex_apoe_kda_source_v1_run_manifest_v1	primary_End_M_e2_AD_up_mito	primary	End	Vasculature_cells	M_e2	AD_up_mito	1	3686	effective_query_below_minimum	skipped_effective_query_below_minimum	FALSE	effective_query_below_minimum	FALSE	effective_query_below_minimum
phase20_sex_apoe_kda_source_v1_run_manifest_v1	primary_End_M_e2_AD_down_mito	primary	End	Vasculature_cells	M_e2	AD_down_mito	18	3686	eligible	completed_significant	TRUE	NA	TRUE	NA
phase20_sex_apoe_kda_source_v1_run_manifest_v1	primary_End_M_e33_AD_up_mito	primary	End	Vasculature_cells	M_e33	AD_up_mito	7	3838	eligible	completed_significant	FALSE	effective_query_below_10	TRUE	NA
phase20_sex_apoe_kda_source_v1_run_manifest_v1	primary_End_M_e33_AD_down_mito	primary	End	Vasculature_cells	M_e33	AD_down_mito	2	3838	effective_query_below_minimum	skipped_effective_query_below_minimum	FALSE	effective_query_below_minimum	FALSE	effective_query_below_minimum
phase20_sex_apoe_kda_source_v1_run_manifest_v1	primary_End_M_e4_AD_up_mito	primary	End	Vasculature_cells	M_e4	AD_up_mito	0	3951	effective_query_below_minimum	skipped_effective_query_below_minimum	FALSE	effective_query_below_minimum	FALSE	effective_query_below_minimum
phase20_sex_apoe_kda_source_v1_run_manifest_v1	primary_End_M_e4_AD_down_mito	primary	End	Vasculature_cells	M_e4	AD_down_mito	0	3951	effective_query_below_minimum	skipped_effective_query_below_minimum	FALSE	effective_query_below_minimum	FALSE	effective_query_below_minimum
phase20_sex_apoe_kda_source_v1_run_manifest_v1	primary_Exc_L2_3_CBLN2_LINC02306_F_e2_AD_up_mito	primary	Exc L2-3 CBLN2 LINC02306	Excitatory_neurons	F_e2	AD_up_mito	38	8912	eligible	completed_significant	TRUE	NA	TRUE	NA
phase20_sex_apoe_kda_source_v1_run_manifest_v1	primary_Exc_L2_3_CBLN2_LINC02306_F_e2_AD_down_mito	primary	Exc L2-3 CBLN2 LINC02306	Excitatory_neurons	F_e2	AD_down_mito	15	8912	eligible	completed_no_significant	TRUE	NA	TRUE	NA
phase20_sex_apoe_kda_source_v1_run_manifest_v1	primary_Exc_L2_3_CBLN2_LINC02306_F_e33_AD_up_mito	primary	Exc L2-3 CBLN2 LINC02306	Excitatory_neurons	F_e33	AD_up_mito	11	8971	eligible	completed_significant	TRUE	NA	TRUE	NA
phase20_sex_apoe_kda_source_v1_run_manifest_v1	primary_Exc_L2_3_CBLN2_LINC02306_F_e33_AD_down_mito	primary	Exc L2-3 CBLN2 LINC02306	Excitatory_neurons	F_e33	AD_down_mito	4	8971	eligible	completed_significant	FALSE	effective_query_below_10	TRUE	NA
phase20_sex_apoe_kda_source_v1_run_manifest_v1	primary_Exc_L2_3_CBLN2_LINC02306_F_e4_AD_up_mito	primary	Exc L2-3 CBLN2 LINC02306	Excitatory_neurons	F_e4	AD_up_mito	34	9040	eligible	completed_significant	TRUE	NA	TRUE	NA
phase20_sex_apoe_kda_source_v1_run_manifest_v1	primary_Exc_L2_3_CBLN2_LINC02306_F_e4_AD_down_mito	primary	Exc L2-3 CBLN2 LINC02306	Excitatory_neurons	F_e4	AD_down_mito	224	9040	eligible	completed_significant	TRUE	NA	TRUE	NA
phase20_sex_apoe_kda_source_v1_run_manifest_v1	primary_Exc_L2_3_CBLN2_LINC02306_M_e2_AD_up_mito	primary	Exc L2-3 CBLN2 LINC02306	Excitatory_neurons	M_e2	AD_up_mito	49	9111	eligible	completed_significant	TRUE	NA	TRUE	NA
phase20_sex_apoe_kda_source_v1_run_manifest_v1	primary_Exc_L2_3_CBLN2_LINC02306_M_e2_AD_down_mito	primary	Exc L2-3 CBLN2 LINC02306	Excitatory_neurons	M_e2	AD_down_mito	161	9111	eligible	completed_significant	TRUE	NA	TRUE	NA
phase20_sex_apoe_kda_source_v1_run_manifest_v1	primary_Exc_L2_3_CBLN2_LINC02306_M_e33_AD_up_mito	primary	Exc L2-3 CBLN2 LINC02306	Excitatory_neurons	M_e33	AD_up_mito	0	8842	effective_query_below_minimum	skipped_effective_query_below_minimum	FALSE	effective_query_below_minimum	FALSE	effective_query_below_minimum
phase20_sex_apoe_kda_source_v1_run_manifest_v1	primary_Exc_L2_3_CBLN2_LINC02306_M_e33_AD_down_mito	primary	Exc L2-3 CBLN2 LINC02306	Excitatory_neurons	M_e33	AD_down_mito	1	8842	effective_query_below_minimum	skipped_effective_query_below_minimum	FALSE	effective_query_below_minimum	FALSE	effective_query_below_minimum
phase20_sex_apoe_kda_source_v1_run_manifest_v1	primary_Exc_L2_3_CBLN2_LINC02306_M_e4_AD_up_mito	primary	Exc L2-3 CBLN2 LINC02306	Excitatory_neurons	M_e4	AD_up_mito	7	8794	eligible	completed_significant	FALSE	effective_query_below_10	TRUE	NA
phase20_sex_apoe_kda_source_v1_run_manifest_v1	primary_Exc_L2_3_CBLN2_LINC02306_M_e4_AD_down_mito	primary	Exc L2-3 CBLN2 LINC02306	Excitatory_neurons	M_e4	AD_down_mito	10	8794	eligible	completed_no_significant	TRUE	NA	TRUE	NA
phase20_sex_apoe_kda_source_v1_run_manifest_v1	primary_Exc_L3_4_RORB_CUX2_F_e2_AD_up_mito	primary	Exc L3-4 RORB CUX2	Excitatory_neurons	F_e2	AD_up_mito	85	9688	eligible	completed_significant	TRUE	NA	TRUE	NA
phase20_sex_apoe_kda_source_v1_run_manifest_v1	primary_Exc_L3_4_RORB_CUX2_F_e2_AD_down_mito	primary	Exc L3-4 RORB CUX2	Excitatory_neurons	F_e2	AD_down_mito	6	9688	eligible	completed_significant	FALSE	effective_query_below_10	TRUE	NA
phase20_sex_apoe_kda_source_v1_run_manifest_v1	primary_Exc_L3_4_RORB_CUX2_F_e33_AD_up_mito	primary	Exc L3-4 RORB CUX2	Excitatory_neurons	F_e33	AD_up_mito	11	9730	eligible	completed_significant	TRUE	NA	TRUE	NA
phase20_sex_apoe_kda_source_v1_run_manifest_v1	primary_Exc_L3_4_RORB_CUX2_F_e33_AD_down_mito	primary	Exc L3-4 RORB CUX2	Excitatory_neurons	F_e33	AD_down_mito	13	9730	eligible	completed_significant	TRUE	NA	TRUE	NA
phase20_sex_apoe_kda_source_v1_run_manifest_v1	primary_Exc_L3_4_RORB_CUX2_F_e4_AD_up_mito	primary	Exc L3-4 RORB CUX2	Excitatory_neurons	F_e4	AD_up_mito	1	9809	effective_query_below_minimum	skipped_effective_query_below_minimum	FALSE	effective_query_below_minimum	FALSE	effective_query_below_minimum
phase20_sex_apoe_kda_source_v1_run_manifest_v1	primary_Exc_L3_4_RORB_CUX2_F_e4_AD_down_mito	primary	Exc L3-4 RORB CUX2	Excitatory_neurons	F_e4	AD_down_mito	26	9809	eligible	completed_no_significant	TRUE	NA	TRUE	NA
phase20_sex_apoe_kda_source_v1_run_manifest_v1	primary_Exc_L3_4_RORB_CUX2_M_e2_AD_up_mito	primary	Exc L3-4 RORB CUX2	Excitatory_neurons	M_e2	AD_up_mito	29	9722	eligible	completed_significant	TRUE	NA	TRUE	NA
phase20_sex_apoe_kda_source_v1_run_manifest_v1	primary_Exc_L3_4_RORB_CUX2_M_e2_AD_down_mito	primary	Exc L3-4 RORB CUX2	Excitatory_neurons	M_e2	AD_down_mito	206	9722	eligible	completed_significant	TRUE	NA	TRUE	NA
phase20_sex_apoe_kda_source_v1_run_manifest_v1	primary_Exc_L3_4_RORB_CUX2_M_e33_AD_up_mito	primary	Exc L3-4 RORB CUX2	Excitatory_neurons	M_e33	AD_up_mito	4	9618	eligible	completed_significant	FALSE	effective_query_below_10	TRUE	NA
phase20_sex_apoe_kda_source_v1_run_manifest_v1	primary_Exc_L3_4_RORB_CUX2_M_e33_AD_down_mito	primary	Exc L3-4 RORB CUX2	Excitatory_neurons	M_e33	AD_down_mito	1	9618	effective_query_below_minimum	skipped_effective_query_below_minimum	FALSE	effective_query_below_minimum	FALSE	effective_query_below_minimum
phase20_sex_apoe_kda_source_v1_run_manifest_v1	primary_Exc_L3_4_RORB_CUX2_M_e4_AD_up_mito	primary	Exc L3-4 RORB CUX2	Excitatory_neurons	M_e4	AD_up_mito	15	9614	eligible	completed_significant	TRUE	NA	TRUE	NA
phase20_sex_apoe_kda_source_v1_run_manifest_v1	primary_Exc_L3_4_RORB_CUX2_M_e4_AD_down_mito	primary	Exc L3-4 RORB CUX2	Excitatory_neurons	M_e4	AD_down_mito	7	9614	eligible	completed_significant	FALSE	effective_query_below_10	TRUE	NA
phase20_sex_apoe_kda_source_v1_run_manifest_v1	primary_Exc_L3_5_RORB_PLCH1_F_e2_AD_up_mito	primary	Exc L3-5 RORB PLCH1	Excitatory_neurons	F_e2	AD_up_mito	42	9717	eligible	completed_significant	TRUE	NA	TRUE	NA
phase20_sex_apoe_kda_source_v1_run_manifest_v1	primary_Exc_L3_5_RORB_PLCH1_F_e2_AD_down_mito	primary	Exc L3-5 RORB PLCH1	Excitatory_neurons	F_e2	AD_down_mito	2	9717	effective_query_below_minimum	skipped_effective_query_below_minimum	FALSE	effective_query_below_minimum	FALSE	effective_query_below_minimum
phase20_sex_apoe_kda_source_v1_run_manifest_v1	primary_Exc_L3_5_RORB_PLCH1_F_e33_AD_up_mito	primary	Exc L3-5 RORB PLCH1	Excitatory_neurons	F_e33	AD_up_mito	28	9538	eligible	completed_significant	TRUE	NA	TRUE	NA
phase20_sex_apoe_kda_source_v1_run_manifest_v1	primary_Exc_L3_5_RORB_PLCH1_F_e33_AD_down_mito	primary	Exc L3-5 RORB PLCH1	Excitatory_neurons	F_e33	AD_down_mito	2	9538	effective_query_below_minimum	skipped_effective_query_below_minimum	FALSE	effective_query_below_minimum	FALSE	effective_query_below_minimum
phase20_sex_apoe_kda_source_v1_run_manifest_v1	primary_Exc_L3_5_RORB_PLCH1_F_e4_AD_up_mito	primary	Exc L3-5 RORB PLCH1	Excitatory_neurons	F_e4	AD_up_mito	5	9580	eligible	completed_significant	FALSE	effective_query_below_10	TRUE	NA
phase20_sex_apoe_kda_source_v1_run_manifest_v1	primary_Exc_L3_5_RORB_PLCH1_F_e4_AD_down_mito	primary	Exc L3-5 RORB PLCH1	Excitatory_neurons	F_e4	AD_down_mito	40	9580	eligible	completed_significant	TRUE	NA	TRUE	NA
phase20_sex_apoe_kda_source_v1_run_manifest_v1	primary_Exc_L3_5_RORB_PLCH1_M_e2_AD_up_mito	primary	Exc L3-5 RORB PLCH1	Excitatory_neurons	M_e2	AD_up_mito	61	9445	eligible	completed_significant	TRUE	NA	TRUE	NA
phase20_sex_apoe_kda_source_v1_run_manifest_v1	primary_Exc_L3_5_RORB_PLCH1_M_e2_AD_down_mito	primary	Exc L3-5 RORB PLCH1	Excitatory_neurons	M_e2	AD_down_mito	194	9445	eligible	completed_significant	TRUE	NA	TRUE	NA
phase20_sex_apoe_kda_source_v1_run_manifest_v1	primary_Exc_L3_5_RORB_PLCH1_M_e33_AD_up_mito	primary	Exc L3-5 RORB PLCH1	Excitatory_neurons	M_e33	AD_up_mito	4	9293	eligible	completed_significant	FALSE	effective_query_below_10	TRUE	NA
phase20_sex_apoe_kda_source_v1_run_manifest_v1	primary_Exc_L3_5_RORB_PLCH1_M_e33_AD_down_mito	primary	Exc L3-5 RORB PLCH1	Excitatory_neurons	M_e33	AD_down_mito	9	9293	eligible	completed_no_significant	FALSE	effective_query_below_10	TRUE	NA
phase20_sex_apoe_kda_source_v1_run_manifest_v1	primary_Exc_L3_5_RORB_PLCH1_M_e4_AD_up_mito	primary	Exc L3-5 RORB PLCH1	Excitatory_neurons	M_e4	AD_up_mito	35	9341	eligible	completed_significant	TRUE	NA	TRUE	NA
phase20_sex_apoe_kda_source_v1_run_manifest_v1	primary_Exc_L3_5_RORB_PLCH1_M_e4_AD_down_mito	primary	Exc L3-5 RORB PLCH1	Excitatory_neurons	M_e4	AD_down_mito	3	9341	eligible	completed_significant	FALSE	effective_query_below_10	TRUE	NA
phase20_sex_apoe_kda_source_v1_run_manifest_v1	primary_Exc_L4_5_RORB_GABRG1_F_e2_AD_up_mito	primary	Exc L4-5 RORB GABRG1	Excitatory_neurons	F_e2	AD_up_mito	28	9319	eligible	completed_significant	TRUE	NA	TRUE	NA
phase20_sex_apoe_kda_source_v1_run_manifest_v1	primary_Exc_L4_5_RORB_GABRG1_F_e2_AD_down_mito	primary	Exc L4-5 RORB GABRG1	Excitatory_neurons	F_e2	AD_down_mito	20	9319	eligible	completed_significant	TRUE	NA	TRUE	NA
phase20_sex_apoe_kda_source_v1_run_manifest_v1	primary_Exc_L4_5_RORB_GABRG1_F_e33_AD_up_mito	primary	Exc L4-5 RORB GABRG1	Excitatory_neurons	F_e33	AD_up_mito	16	9276	eligible	completed_significant	TRUE	NA	TRUE	NA
phase20_sex_apoe_kda_source_v1_run_manifest_v1	primary_Exc_L4_5_RORB_GABRG1_F_e33_AD_down_mito	primary	Exc L4-5 RORB GABRG1	Excitatory_neurons	F_e33	AD_down_mito	2	9276	effective_query_below_minimum	skipped_effective_query_below_minimum	FALSE	effective_query_below_minimum	FALSE	effective_query_below_minimum
phase20_sex_apoe_kda_source_v1_run_manifest_v1	primary_Exc_L4_5_RORB_GABRG1_F_e4_AD_up_mito	primary	Exc L4-5 RORB GABRG1	Excitatory_neurons	F_e4	AD_up_mito	1	9260	effective_query_below_minimum	skipped_effective_query_below_minimum	FALSE	effective_query_below_minimum	FALSE	effective_query_below_minimum
phase20_sex_apoe_kda_source_v1_run_manifest_v1	primary_Exc_L4_5_RORB_GABRG1_F_e4_AD_down_mito	primary	Exc L4-5 RORB GABRG1	Excitatory_neurons	F_e4	AD_down_mito	71	9260	eligible	completed_significant	TRUE	NA	TRUE	NA
phase20_sex_apoe_kda_source_v1_run_manifest_v1	primary_Exc_L4_5_RORB_GABRG1_M_e2_AD_up_mito	primary	Exc L4-5 RORB GABRG1	Excitatory_neurons	M_e2	AD_up_mito	32	9109	eligible	completed_significant	TRUE	NA	TRUE	NA
phase20_sex_apoe_kda_source_v1_run_manifest_v1	primary_Exc_L4_5_RORB_GABRG1_M_e2_AD_down_mito	primary	Exc L4-5 RORB GABRG1	Excitatory_neurons	M_e2	AD_down_mito	184	9109	eligible	completed_significant	TRUE	NA	TRUE	NA
phase20_sex_apoe_kda_source_v1_run_manifest_v1	primary_Exc_L4_5_RORB_GABRG1_M_e33_AD_up_mito	primary	Exc L4-5 RORB GABRG1	Excitatory_neurons	M_e33	AD_up_mito	1	8865	effective_query_below_minimum	skipped_effective_query_below_minimum	FALSE	effective_query_below_minimum	FALSE	effective_query_below_minimum
phase20_sex_apoe_kda_source_v1_run_manifest_v1	primary_Exc_L4_5_RORB_GABRG1_M_e33_AD_down_mito	primary	Exc L4-5 RORB GABRG1	Excitatory_neurons	M_e33	AD_down_mito	5	8865	eligible	completed_significant	FALSE	effective_query_below_10	TRUE	NA
phase20_sex_apoe_kda_source_v1_run_manifest_v1	primary_Exc_L4_5_RORB_GABRG1_M_e4_AD_up_mito	primary	Exc L4-5 RORB GABRG1	Excitatory_neurons	M_e4	AD_up_mito	7	8955	eligible	completed_significant	FALSE	effective_query_below_10	TRUE	NA
phase20_sex_apoe_kda_source_v1_run_manifest_v1	primary_Exc_L4_5_RORB_GABRG1_M_e4_AD_down_mito	primary	Exc L4-5 RORB GABRG1	Excitatory_neurons	M_e4	AD_down_mito	11	8955	eligible	completed_significant	TRUE	NA	TRUE	NA
phase20_sex_apoe_kda_source_v1_run_manifest_v1	primary_Exc_L4_5_RORB_IL1RAPL2_F_e2_AD_up_mito	primary	Exc L4-5 RORB IL1RAPL2	Excitatory_neurons	F_e2	AD_up_mito	99	9695	eligible	completed_significant	TRUE	NA	TRUE	NA
phase20_sex_apoe_kda_source_v1_run_manifest_v1	primary_Exc_L4_5_RORB_IL1RAPL2_F_e2_AD_down_mito	primary	Exc L4-5 RORB IL1RAPL2	Excitatory_neurons	F_e2	AD_down_mito	5	9695	eligible	completed_significant	FALSE	effective_query_below_10	TRUE	NA
phase20_sex_apoe_kda_source_v1_run_manifest_v1	primary_Exc_L4_5_RORB_IL1RAPL2_F_e33_AD_up_mito	primary	Exc L4-5 RORB IL1RAPL2	Excitatory_neurons	F_e33	AD_up_mito	12	9697	eligible	completed_significant	TRUE	NA	TRUE	NA
phase20_sex_apoe_kda_source_v1_run_manifest_v1	primary_Exc_L4_5_RORB_IL1RAPL2_F_e33_AD_down_mito	primary	Exc L4-5 RORB IL1RAPL2	Excitatory_neurons	F_e33	AD_down_mito	2	9697	effective_query_below_minimum	skipped_effective_query_below_minimum	FALSE	effective_query_below_minimum	FALSE	effective_query_below_minimum
phase20_sex_apoe_kda_source_v1_run_manifest_v1	primary_Exc_L4_5_RORB_IL1RAPL2_F_e4_AD_up_mito	primary	Exc L4-5 RORB IL1RAPL2	Excitatory_neurons	F_e4	AD_up_mito	0	9715	effective_query_below_minimum	skipped_effective_query_below_minimum	FALSE	effective_query_below_minimum	FALSE	effective_query_below_minimum
phase20_sex_apoe_kda_source_v1_run_manifest_v1	primary_Exc_L4_5_RORB_IL1RAPL2_F_e4_AD_down_mito	primary	Exc L4-5 RORB IL1RAPL2	Excitatory_neurons	F_e4	AD_down_mito	99	9715	eligible	completed_significant	TRUE	NA	TRUE	NA
phase20_sex_apoe_kda_source_v1_run_manifest_v1	primary_Exc_L4_5_RORB_IL1RAPL2_M_e2_AD_up_mito	primary	Exc L4-5 RORB IL1RAPL2	Excitatory_neurons	M_e2	AD_up_mito	41	9653	eligible	completed_significant	TRUE	NA	TRUE	NA
phase20_sex_apoe_kda_source_v1_run_manifest_v1	primary_Exc_L4_5_RORB_IL1RAPL2_M_e2_AD_down_mito	primary	Exc L4-5 RORB IL1RAPL2	Excitatory_neurons	M_e2	AD_down_mito	112	9653	eligible	completed_significant	TRUE	NA	TRUE	NA
phase20_sex_apoe_kda_source_v1_run_manifest_v1	primary_Exc_L4_5_RORB_IL1RAPL2_M_e33_AD_up_mito	primary	Exc L4-5 RORB IL1RAPL2	Excitatory_neurons	M_e33	AD_up_mito	3	9559	eligible	completed_significant	FALSE	effective_query_below_10	TRUE	NA
phase20_sex_apoe_kda_source_v1_run_manifest_v1	primary_Exc_L4_5_RORB_IL1RAPL2_M_e33_AD_down_mito	primary	Exc L4-5 RORB IL1RAPL2	Excitatory_neurons	M_e33	AD_down_mito	2	9559	effective_query_below_minimum	skipped_effective_query_below_minimum	FALSE	effective_query_below_minimum	FALSE	effective_query_below_minimum
phase20_sex_apoe_kda_source_v1_run_manifest_v1	primary_Exc_L4_5_RORB_IL1RAPL2_M_e4_AD_up_mito	primary	Exc L4-5 RORB IL1RAPL2	Excitatory_neurons	M_e4	AD_up_mito	19	9605	eligible	completed_significant	TRUE	NA	TRUE	NA
phase20_sex_apoe_kda_source_v1_run_manifest_v1	primary_Exc_L4_5_RORB_IL1RAPL2_M_e4_AD_down_mito	primary	Exc L4-5 RORB IL1RAPL2	Excitatory_neurons	M_e4	AD_down_mito	8	9605	eligible	completed_significant	FALSE	effective_query_below_10	TRUE	NA
phase20_sex_apoe_kda_source_v1_run_manifest_v1	primary_Exc_L5_ET_F_e2_AD_up_mito	primary	Exc L5 ET	Excitatory_neurons	F_e2	AD_up_mito	0	9850	effective_query_below_minimum	skipped_effective_query_below_minimum	FALSE	effective_query_below_minimum	FALSE	effective_query_below_minimum
phase20_sex_apoe_kda_source_v1_run_manifest_v1	primary_Exc_L5_ET_F_e2_AD_down_mito	primary	Exc L5 ET	Excitatory_neurons	F_e2	AD_down_mito	0	9850	effective_query_below_minimum	skipped_effective_query_below_minimum	FALSE	effective_query_below_minimum	FALSE	effective_query_below_minimum
phase20_sex_apoe_kda_source_v1_run_manifest_v1	primary_Exc_L5_ET_F_e33_AD_up_mito	primary	Exc L5 ET	Excitatory_neurons	F_e33	AD_up_mito	11	9805	eligible	completed_significant	TRUE	NA	TRUE	NA
phase20_sex_apoe_kda_source_v1_run_manifest_v1	primary_Exc_L5_ET_F_e33_AD_down_mito	primary	Exc L5 ET	Excitatory_neurons	F_e33	AD_down_mito	1	9805	effective_query_below_minimum	skipped_effective_query_below_minimum	FALSE	effective_query_below_minimum	FALSE	effective_query_below_minimum
phase20_sex_apoe_kda_source_v1_run_manifest_v1	primary_Exc_L5_ET_F_e4_AD_up_mito	primary	Exc L5 ET	Excitatory_neurons	F_e4	AD_up_mito	0	9846	effective_query_below_minimum	skipped_effective_query_below_minimum	FALSE	effective_query_below_minimum	FALSE	effective_query_below_minimum
phase20_sex_apoe_kda_source_v1_run_manifest_v1	primary_Exc_L5_ET_F_e4_AD_down_mito	primary	Exc L5 ET	Excitatory_neurons	F_e4	AD_down_mito	1	9846	effective_query_below_minimum	skipped_effective_query_below_minimum	FALSE	effective_query_below_minimum	FALSE	effective_query_below_minimum
phase20_sex_apoe_kda_source_v1_run_manifest_v1	primary_Exc_L5_ET_M_e2_AD_up_mito	primary	Exc L5 ET	Excitatory_neurons	M_e2	AD_up_mito	4	9788	eligible	completed_significant	FALSE	effective_query_below_10	TRUE	NA
phase20_sex_apoe_kda_source_v1_run_manifest_v1	primary_Exc_L5_ET_M_e2_AD_down_mito	primary	Exc L5 ET	Excitatory_neurons	M_e2	AD_down_mito	3	9788	eligible	completed_significant	FALSE	effective_query_below_10	TRUE	NA
phase20_sex_apoe_kda_source_v1_run_manifest_v1	primary_Exc_L5_ET_M_e33_AD_up_mito	primary	Exc L5 ET	Excitatory_neurons	M_e33	AD_up_mito	86	9784	eligible	completed_no_significant	TRUE	NA	TRUE	NA
phase20_sex_apoe_kda_source_v1_run_manifest_v1	primary_Exc_L5_ET_M_e33_AD_down_mito	primary	Exc L5 ET	Excitatory_neurons	M_e33	AD_down_mito	85	9784	eligible	completed_no_significant	TRUE	NA	TRUE	NA
phase20_sex_apoe_kda_source_v1_run_manifest_v1	primary_Exc_L5_ET_M_e4_AD_up_mito	primary	Exc L5 ET	Excitatory_neurons	M_e4	AD_up_mito	1	9831	effective_query_below_minimum	skipped_effective_query_below_minimum	FALSE	effective_query_below_minimum	FALSE	effective_query_below_minimum
phase20_sex_apoe_kda_source_v1_run_manifest_v1	primary_Exc_L5_ET_M_e4_AD_down_mito	primary	Exc L5 ET	Excitatory_neurons	M_e4	AD_down_mito	2	9831	effective_query_below_minimum	skipped_effective_query_below_minimum	FALSE	effective_query_below_minimum	FALSE	effective_query_below_minimum
phase20_sex_apoe_kda_source_v1_run_manifest_v1	primary_Exc_L5_6_RORB_LINC02196_F_e2_AD_up_mito	primary	Exc L5-6 RORB LINC02196	Excitatory_neurons	F_e2	AD_up_mito	59	9669	eligible	completed_significant	TRUE	NA	TRUE	NA
phase20_sex_apoe_kda_source_v1_run_manifest_v1	primary_Exc_L5_6_RORB_LINC02196_F_e2_AD_down_mito	primary	Exc L5-6 RORB LINC02196	Excitatory_neurons	F_e2	AD_down_mito	5	9669	eligible	completed_no_significant	FALSE	effective_query_below_10	TRUE	NA
phase20_sex_apoe_kda_source_v1_run_manifest_v1	primary_Exc_L5_6_RORB_LINC02196_F_e33_AD_up_mito	primary	Exc L5-6 RORB LINC02196	Excitatory_neurons	F_e33	AD_up_mito	20	9655	eligible	completed_significant	TRUE	NA	TRUE	NA
phase20_sex_apoe_kda_source_v1_run_manifest_v1	primary_Exc_L5_6_RORB_LINC02196_F_e33_AD_down_mito	primary	Exc L5-6 RORB LINC02196	Excitatory_neurons	F_e33	AD_down_mito	4	9655	eligible	completed_no_significant	FALSE	effective_query_below_10	TRUE	NA
phase20_sex_apoe_kda_source_v1_run_manifest_v1	primary_Exc_L5_6_RORB_LINC02196_F_e4_AD_up_mito	primary	Exc L5-6 RORB LINC02196	Excitatory_neurons	F_e4	AD_up_mito	4	9724	eligible	completed_significant	FALSE	effective_query_below_10	TRUE	NA
phase20_sex_apoe_kda_source_v1_run_manifest_v1	primary_Exc_L5_6_RORB_LINC02196_F_e4_AD_down_mito	primary	Exc L5-6 RORB LINC02196	Excitatory_neurons	F_e4	AD_down_mito	27	9724	eligible	completed_no_significant	TRUE	NA	TRUE	NA
phase20_sex_apoe_kda_source_v1_run_manifest_v1	primary_Exc_L5_6_RORB_LINC02196_M_e2_AD_up_mito	primary	Exc L5-6 RORB LINC02196	Excitatory_neurons	M_e2	AD_up_mito	2	9552	effective_query_below_minimum	skipped_effective_query_below_minimum	FALSE	effective_query_below_minimum	FALSE	effective_query_below_minimum
phase20_sex_apoe_kda_source_v1_run_manifest_v1	primary_Exc_L5_6_RORB_LINC02196_M_e2_AD_down_mito	primary	Exc L5-6 RORB LINC02196	Excitatory_neurons	M_e2	AD_down_mito	38	9552	eligible	completed_significant	TRUE	NA	TRUE	NA
phase20_sex_apoe_kda_source_v1_run_manifest_v1	primary_Exc_L5_6_RORB_LINC02196_M_e33_AD_up_mito	primary	Exc L5-6 RORB LINC02196	Excitatory_neurons	M_e33	AD_up_mito	14	9510	eligible	completed_significant	TRUE	NA	TRUE	NA
phase20_sex_apoe_kda_source_v1_run_manifest_v1	primary_Exc_L5_6_RORB_LINC02196_M_e33_AD_down_mito	primary	Exc L5-6 RORB LINC02196	Excitatory_neurons	M_e33	AD_down_mito	4	9510	eligible	completed_significant	FALSE	effective_query_below_10	TRUE	NA
phase20_sex_apoe_kda_source_v1_run_manifest_v1	primary_Exc_L5_6_RORB_LINC02196_M_e4_AD_up_mito	primary	Exc L5-6 RORB LINC02196	Excitatory_neurons	M_e4	AD_up_mito	27	9543	eligible	completed_significant	TRUE	NA	TRUE	NA
phase20_sex_apoe_kda_source_v1_run_manifest_v1	primary_Exc_L5_6_RORB_LINC02196_M_e4_AD_down_mito	primary	Exc L5-6 RORB LINC02196	Excitatory_neurons	M_e4	AD_down_mito	21	9543	eligible	completed_significant	TRUE	NA	TRUE	NA
phase20_sex_apoe_kda_source_v1_run_manifest_v1	primary_Exc_L5_6_IT_Car3_F_e2_AD_up_mito	primary	Exc L5/6 IT Car3	Excitatory_neurons	F_e2	AD_up_mito	101	9731	eligible	completed_significant	TRUE	NA	TRUE	NA
phase20_sex_apoe_kda_source_v1_run_manifest_v1	primary_Exc_L5_6_IT_Car3_F_e2_AD_down_mito	primary	Exc L5/6 IT Car3	Excitatory_neurons	F_e2	AD_down_mito	1	9731	effective_query_below_minimum	skipped_effective_query_below_minimum	FALSE	effective_query_below_minimum	FALSE	effective_query_below_minimum
phase20_sex_apoe_kda_source_v1_run_manifest_v1	primary_Exc_L5_6_IT_Car3_F_e33_AD_up_mito	primary	Exc L5/6 IT Car3	Excitatory_neurons	F_e33	AD_up_mito	16	9705	eligible	completed_significant	TRUE	NA	TRUE	NA
phase20_sex_apoe_kda_source_v1_run_manifest_v1	primary_Exc_L5_6_IT_Car3_F_e33_AD_down_mito	primary	Exc L5/6 IT Car3	Excitatory_neurons	F_e33	AD_down_mito	9	9705	eligible	completed_no_significant	FALSE	effective_query_below_10	TRUE	NA
phase20_sex_apoe_kda_source_v1_run_manifest_v1	primary_Exc_L5_6_IT_Car3_F_e4_AD_up_mito	primary	Exc L5/6 IT Car3	Excitatory_neurons	F_e4	AD_up_mito	2	9758	effective_query_below_minimum	skipped_effective_query_below_minimum	FALSE	effective_query_below_minimum	FALSE	effective_query_below_minimum
phase20_sex_apoe_kda_source_v1_run_manifest_v1	primary_Exc_L5_6_IT_Car3_F_e4_AD_down_mito	primary	Exc L5/6 IT Car3	Excitatory_neurons	F_e4	AD_down_mito	92	9758	eligible	completed_significant	TRUE	NA	TRUE	NA
phase20_sex_apoe_kda_source_v1_run_manifest_v1	primary_Exc_L5_6_IT_Car3_M_e2_AD_up_mito	primary	Exc L5/6 IT Car3	Excitatory_neurons	M_e2	AD_up_mito	69	9678	eligible	completed_significant	TRUE	NA	TRUE	NA
phase20_sex_apoe_kda_source_v1_run_manifest_v1	primary_Exc_L5_6_IT_Car3_M_e2_AD_down_mito	primary	Exc L5/6 IT Car3	Excitatory_neurons	M_e2	AD_down_mito	38	9678	eligible	completed_significant	TRUE	NA	TRUE	NA
phase20_sex_apoe_kda_source_v1_run_manifest_v1	primary_Exc_L5_6_IT_Car3_M_e33_AD_up_mito	primary	Exc L5/6 IT Car3	Excitatory_neurons	M_e33	AD_up_mito	14	9537	eligible	completed_significant	TRUE	NA	TRUE	NA
phase20_sex_apoe_kda_source_v1_run_manifest_v1	primary_Exc_L5_6_IT_Car3_M_e33_AD_down_mito	primary	Exc L5/6 IT Car3	Excitatory_neurons	M_e33	AD_down_mito	16	9537	eligible	completed_significant	TRUE	NA	TRUE	NA
phase20_sex_apoe_kda_source_v1_run_manifest_v1	primary_Exc_L5_6_IT_Car3_M_e4_AD_up_mito	primary	Exc L5/6 IT Car3	Excitatory_neurons	M_e4	AD_up_mito	13	9694	eligible	completed_significant	TRUE	NA	TRUE	NA
phase20_sex_apoe_kda_source_v1_run_manifest_v1	primary_Exc_L5_6_IT_Car3_M_e4_AD_down_mito	primary	Exc L5/6 IT Car3	Excitatory_neurons	M_e4	AD_down_mito	8	9694	eligible	completed_significant	FALSE	effective_query_below_10	TRUE	NA
phase20_sex_apoe_kda_source_v1_run_manifest_v1	primary_Exc_L5_6_NP_F_e2_AD_up_mito	primary	Exc L5/6 NP	Excitatory_neurons	F_e2	AD_up_mito	21	9313	eligible	completed_significant	TRUE	NA	TRUE	NA
phase20_sex_apoe_kda_source_v1_run_manifest_v1	primary_Exc_L5_6_NP_F_e2_AD_down_mito	primary	Exc L5/6 NP	Excitatory_neurons	F_e2	AD_down_mito	1	9313	effective_query_below_minimum	skipped_effective_query_below_minimum	FALSE	effective_query_below_minimum	FALSE	effective_query_below_minimum
phase20_sex_apoe_kda_source_v1_run_manifest_v1	primary_Exc_L5_6_NP_F_e33_AD_up_mito	primary	Exc L5/6 NP	Excitatory_neurons	F_e33	AD_up_mito	38	9131	eligible	completed_significant	TRUE	NA	TRUE	NA
phase20_sex_apoe_kda_source_v1_run_manifest_v1	primary_Exc_L5_6_NP_F_e33_AD_down_mito	primary	Exc L5/6 NP	Excitatory_neurons	F_e33	AD_down_mito	5	9131	eligible	completed_no_significant	FALSE	effective_query_below_10	TRUE	NA
phase20_sex_apoe_kda_source_v1_run_manifest_v1	primary_Exc_L5_6_NP_F_e4_AD_up_mito	primary	Exc L5/6 NP	Excitatory_neurons	F_e4	AD_up_mito	2	9357	effective_query_below_minimum	skipped_effective_query_below_minimum	FALSE	effective_query_below_minimum	FALSE	effective_query_below_minimum
phase20_sex_apoe_kda_source_v1_run_manifest_v1	primary_Exc_L5_6_NP_F_e4_AD_down_mito	primary	Exc L5/6 NP	Excitatory_neurons	F_e4	AD_down_mito	3	9357	eligible	completed_no_significant	FALSE	effective_query_below_10	TRUE	NA
phase20_sex_apoe_kda_source_v1_run_manifest_v1	primary_Exc_L5_6_NP_M_e2_AD_up_mito	primary	Exc L5/6 NP	Excitatory_neurons	M_e2	AD_up_mito	13	9089	eligible	completed_no_significant	TRUE	NA	TRUE	NA
phase20_sex_apoe_kda_source_v1_run_manifest_v1	primary_Exc_L5_6_NP_M_e2_AD_down_mito	primary	Exc L5/6 NP	Excitatory_neurons	M_e2	AD_down_mito	37	9089	eligible	completed_significant	TRUE	NA	TRUE	NA
phase20_sex_apoe_kda_source_v1_run_manifest_v1	primary_Exc_L5_6_NP_M_e33_AD_up_mito	primary	Exc L5/6 NP	Excitatory_neurons	M_e33	AD_up_mito	12	9077	eligible	completed_significant	TRUE	NA	TRUE	NA
phase20_sex_apoe_kda_source_v1_run_manifest_v1	primary_Exc_L5_6_NP_M_e33_AD_down_mito	primary	Exc L5/6 NP	Excitatory_neurons	M_e33	AD_down_mito	2	9077	effective_query_below_minimum	skipped_effective_query_below_minimum	FALSE	effective_query_below_minimum	FALSE	effective_query_below_minimum
phase20_sex_apoe_kda_source_v1_run_manifest_v1	primary_Exc_L5_6_NP_M_e4_AD_up_mito	primary	Exc L5/6 NP	Excitatory_neurons	M_e4	AD_up_mito	3	9037	eligible	completed_significant	FALSE	effective_query_below_10	TRUE	NA
phase20_sex_apoe_kda_source_v1_run_manifest_v1	primary_Exc_L5_6_NP_M_e4_AD_down_mito	primary	Exc L5/6 NP	Excitatory_neurons	M_e4	AD_down_mito	8	9037	eligible	completed_no_significant	FALSE	effective_query_below_10	TRUE	NA
phase20_sex_apoe_kda_source_v1_run_manifest_v1	primary_Exc_L6_CT_F_e2_AD_up_mito	primary	Exc L6 CT	Excitatory_neurons	F_e2	AD_up_mito	10	9169	eligible	completed_significant	TRUE	NA	TRUE	NA
phase20_sex_apoe_kda_source_v1_run_manifest_v1	primary_Exc_L6_CT_F_e2_AD_down_mito	primary	Exc L6 CT	Excitatory_neurons	F_e2	AD_down_mito	1	9169	effective_query_below_minimum	skipped_effective_query_below_minimum	FALSE	effective_query_below_minimum	FALSE	effective_query_below_minimum
phase20_sex_apoe_kda_source_v1_run_manifest_v1	primary_Exc_L6_CT_F_e33_AD_up_mito	primary	Exc L6 CT	Excitatory_neurons	F_e33	AD_up_mito	50	9218	eligible	completed_significant	TRUE	NA	TRUE	NA
phase20_sex_apoe_kda_source_v1_run_manifest_v1	primary_Exc_L6_CT_F_e33_AD_down_mito	primary	Exc L6 CT	Excitatory_neurons	F_e33	AD_down_mito	9	9218	eligible	completed_significant	FALSE	effective_query_below_10	TRUE	NA
phase20_sex_apoe_kda_source_v1_run_manifest_v1	primary_Exc_L6_CT_F_e4_AD_up_mito	primary	Exc L6 CT	Excitatory_neurons	F_e4	AD_up_mito	2	9414	effective_query_below_minimum	skipped_effective_query_below_minimum	FALSE	effective_query_below_minimum	FALSE	effective_query_below_minimum
phase20_sex_apoe_kda_source_v1_run_manifest_v1	primary_Exc_L6_CT_F_e4_AD_down_mito	primary	Exc L6 CT	Excitatory_neurons	F_e4	AD_down_mito	19	9414	eligible	completed_no_significant	TRUE	NA	TRUE	NA
phase20_sex_apoe_kda_source_v1_run_manifest_v1	primary_Exc_L6_CT_M_e2_AD_up_mito	primary	Exc L6 CT	Excitatory_neurons	M_e2	AD_up_mito	37	9203	eligible	completed_no_significant	TRUE	NA	TRUE	NA
phase20_sex_apoe_kda_source_v1_run_manifest_v1	primary_Exc_L6_CT_M_e2_AD_down_mito	primary	Exc L6 CT	Excitatory_neurons	M_e2	AD_down_mito	43	9203	eligible	completed_no_significant	TRUE	NA	TRUE	NA
phase20_sex_apoe_kda_source_v1_run_manifest_v1	primary_Exc_L6_CT_M_e33_AD_up_mito	primary	Exc L6 CT	Excitatory_neurons	M_e33	AD_up_mito	28	9017	eligible	completed_significant	TRUE	NA	TRUE	NA
phase20_sex_apoe_kda_source_v1_run_manifest_v1	primary_Exc_L6_CT_M_e33_AD_down_mito	primary	Exc L6 CT	Excitatory_neurons	M_e33	AD_down_mito	4	9017	eligible	completed_significant	FALSE	effective_query_below_10	TRUE	NA
phase20_sex_apoe_kda_source_v1_run_manifest_v1	primary_Exc_L6_CT_M_e4_AD_up_mito	primary	Exc L6 CT	Excitatory_neurons	M_e4	AD_up_mito	11	9324	eligible	completed_significant	TRUE	NA	TRUE	NA
phase20_sex_apoe_kda_source_v1_run_manifest_v1	primary_Exc_L6_CT_M_e4_AD_down_mito	primary	Exc L6 CT	Excitatory_neurons	M_e4	AD_down_mito	12	9324	eligible	completed_no_significant	TRUE	NA	TRUE	NA
phase20_sex_apoe_kda_source_v1_run_manifest_v1	primary_Exc_L6_THEMIS_NFIA_F_e2_AD_up_mito	primary	Exc L6 THEMIS NFIA	Excitatory_neurons	F_e2	AD_up_mito	101	9785	eligible	completed_significant	TRUE	NA	TRUE	NA
phase20_sex_apoe_kda_source_v1_run_manifest_v1	primary_Exc_L6_THEMIS_NFIA_F_e2_AD_down_mito	primary	Exc L6 THEMIS NFIA	Excitatory_neurons	F_e2	AD_down_mito	5	9785	eligible	completed_no_significant	FALSE	effective_query_below_10	TRUE	NA
phase20_sex_apoe_kda_source_v1_run_manifest_v1	primary_Exc_L6_THEMIS_NFIA_F_e33_AD_up_mito	primary	Exc L6 THEMIS NFIA	Excitatory_neurons	F_e33	AD_up_mito	18	9772	eligible	completed_significant	TRUE	NA	TRUE	NA
phase20_sex_apoe_kda_source_v1_run_manifest_v1	primary_Exc_L6_THEMIS_NFIA_F_e33_AD_down_mito	primary	Exc L6 THEMIS NFIA	Excitatory_neurons	F_e33	AD_down_mito	2	9772	effective_query_below_minimum	skipped_effective_query_below_minimum	FALSE	effective_query_below_minimum	FALSE	effective_query_below_minimum
phase20_sex_apoe_kda_source_v1_run_manifest_v1	primary_Exc_L6_THEMIS_NFIA_F_e4_AD_up_mito	primary	Exc L6 THEMIS NFIA	Excitatory_neurons	F_e4	AD_up_mito	0	9832	effective_query_below_minimum	skipped_effective_query_below_minimum	FALSE	effective_query_below_minimum	FALSE	effective_query_below_minimum
phase20_sex_apoe_kda_source_v1_run_manifest_v1	primary_Exc_L6_THEMIS_NFIA_F_e4_AD_down_mito	primary	Exc L6 THEMIS NFIA	Excitatory_neurons	F_e4	AD_down_mito	15	9832	eligible	completed_no_significant	TRUE	NA	TRUE	NA
phase20_sex_apoe_kda_source_v1_run_manifest_v1	primary_Exc_L6_THEMIS_NFIA_M_e2_AD_up_mito	primary	Exc L6 THEMIS NFIA	Excitatory_neurons	M_e2	AD_up_mito	109	9768	eligible	completed_significant	TRUE	NA	TRUE	NA
phase20_sex_apoe_kda_source_v1_run_manifest_v1	primary_Exc_L6_THEMIS_NFIA_M_e2_AD_down_mito	primary	Exc L6 THEMIS NFIA	Excitatory_neurons	M_e2	AD_down_mito	11	9768	eligible	completed_no_significant	TRUE	NA	TRUE	NA
phase20_sex_apoe_kda_source_v1_run_manifest_v1	primary_Exc_L6_THEMIS_NFIA_M_e33_AD_up_mito	primary	Exc L6 THEMIS NFIA	Excitatory_neurons	M_e33	AD_up_mito	1	9709	effective_query_below_minimum	skipped_effective_query_below_minimum	FALSE	effective_query_below_minimum	FALSE	effective_query_below_minimum
phase20_sex_apoe_kda_source_v1_run_manifest_v1	primary_Exc_L6_THEMIS_NFIA_M_e33_AD_down_mito	primary	Exc L6 THEMIS NFIA	Excitatory_neurons	M_e33	AD_down_mito	0	9709	effective_query_below_minimum	skipped_effective_query_below_minimum	FALSE	effective_query_below_minimum	FALSE	effective_query_below_minimum
phase20_sex_apoe_kda_source_v1_run_manifest_v1	primary_Exc_L6_THEMIS_NFIA_M_e4_AD_up_mito	primary	Exc L6 THEMIS NFIA	Excitatory_neurons	M_e4	AD_up_mito	24	9764	eligible	completed_significant	TRUE	NA	TRUE	NA
phase20_sex_apoe_kda_source_v1_run_manifest_v1	primary_Exc_L6_THEMIS_NFIA_M_e4_AD_down_mito	primary	Exc L6 THEMIS NFIA	Excitatory_neurons	M_e4	AD_down_mito	4	9764	eligible	completed_no_significant	FALSE	effective_query_below_10	TRUE	NA
phase20_sex_apoe_kda_source_v1_run_manifest_v1	primary_Exc_L6b_F_e2_AD_up_mito	primary	Exc L6b	Excitatory_neurons	F_e2	AD_up_mito	10	9771	eligible	completed_significant	TRUE	NA	TRUE	NA
phase20_sex_apoe_kda_source_v1_run_manifest_v1	primary_Exc_L6b_F_e2_AD_down_mito	primary	Exc L6b	Excitatory_neurons	F_e2	AD_down_mito	5	9771	eligible	completed_no_significant	FALSE	effective_query_below_10	TRUE	NA
phase20_sex_apoe_kda_source_v1_run_manifest_v1	primary_Exc_L6b_F_e33_AD_up_mito	primary	Exc L6b	Excitatory_neurons	F_e33	AD_up_mito	42	9686	eligible	completed_significant	TRUE	NA	TRUE	NA
phase20_sex_apoe_kda_source_v1_run_manifest_v1	primary_Exc_L6b_F_e33_AD_down_mito	primary	Exc L6b	Excitatory_neurons	F_e33	AD_down_mito	5	9686	eligible	completed_no_significant	FALSE	effective_query_below_10	TRUE	NA
phase20_sex_apoe_kda_source_v1_run_manifest_v1	primary_Exc_L6b_F_e4_AD_up_mito	primary	Exc L6b	Excitatory_neurons	F_e4	AD_up_mito	0	9799	effective_query_below_minimum	skipped_effective_query_below_minimum	FALSE	effective_query_below_minimum	FALSE	effective_query_below_minimum
phase20_sex_apoe_kda_source_v1_run_manifest_v1	primary_Exc_L6b_F_e4_AD_down_mito	primary	Exc L6b	Excitatory_neurons	F_e4	AD_down_mito	42	9799	eligible	completed_significant	TRUE	NA	TRUE	NA
phase20_sex_apoe_kda_source_v1_run_manifest_v1	primary_Exc_L6b_M_e2_AD_up_mito	primary	Exc L6b	Excitatory_neurons	M_e2	AD_up_mito	123	9707	eligible	completed_significant	TRUE	NA	TRUE	NA
phase20_sex_apoe_kda_source_v1_run_manifest_v1	primary_Exc_L6b_M_e2_AD_down_mito	primary	Exc L6b	Excitatory_neurons	M_e2	AD_down_mito	38	9707	eligible	completed_significant	TRUE	NA	TRUE	NA
phase20_sex_apoe_kda_source_v1_run_manifest_v1	primary_Exc_L6b_M_e33_AD_up_mito	primary	Exc L6b	Excitatory_neurons	M_e33	AD_up_mito	21	9566	eligible	completed_no_significant	TRUE	NA	TRUE	NA
phase20_sex_apoe_kda_source_v1_run_manifest_v1	primary_Exc_L6b_M_e33_AD_down_mito	primary	Exc L6b	Excitatory_neurons	M_e33	AD_down_mito	10	9566	eligible	completed_no_significant	TRUE	NA	TRUE	NA
phase20_sex_apoe_kda_source_v1_run_manifest_v1	primary_Exc_L6b_M_e4_AD_up_mito	primary	Exc L6b	Excitatory_neurons	M_e4	AD_up_mito	14	9726	eligible	completed_significant	TRUE	NA	TRUE	NA
phase20_sex_apoe_kda_source_v1_run_manifest_v1	primary_Exc_L6b_M_e4_AD_down_mito	primary	Exc L6b	Excitatory_neurons	M_e4	AD_down_mito	17	9726	eligible	completed_no_significant	TRUE	NA	TRUE	NA
phase20_sex_apoe_kda_source_v1_run_manifest_v1	primary_Exc_NRGN_F_e2_AD_up_mito	primary	Exc NRGN	Excitatory_neurons	F_e2	AD_up_mito	0	3956	effective_query_below_minimum	skipped_effective_query_below_minimum	FALSE	effective_query_below_minimum	FALSE	effective_query_below_minimum
phase20_sex_apoe_kda_source_v1_run_manifest_v1	primary_Exc_NRGN_F_e2_AD_down_mito	primary	Exc NRGN	Excitatory_neurons	F_e2	AD_down_mito	1	3956	effective_query_below_minimum	skipped_effective_query_below_minimum	FALSE	effective_query_below_minimum	FALSE	effective_query_below_minimum
phase20_sex_apoe_kda_source_v1_run_manifest_v1	primary_Exc_NRGN_F_e33_AD_up_mito	primary	Exc NRGN	Excitatory_neurons	F_e33	AD_up_mito	5	3661	eligible	completed_no_significant	FALSE	effective_query_below_10	TRUE	NA
phase20_sex_apoe_kda_source_v1_run_manifest_v1	primary_Exc_NRGN_F_e33_AD_down_mito	primary	Exc NRGN	Excitatory_neurons	F_e33	AD_down_mito	9	3661	eligible	completed_no_significant	FALSE	effective_query_below_10	TRUE	NA
phase20_sex_apoe_kda_source_v1_run_manifest_v1	primary_Exc_NRGN_F_e4_AD_up_mito	primary	Exc NRGN	Excitatory_neurons	F_e4	AD_up_mito	0	3720	effective_query_below_minimum	skipped_effective_query_below_minimum	FALSE	effective_query_below_minimum	FALSE	effective_query_below_minimum
phase20_sex_apoe_kda_source_v1_run_manifest_v1	primary_Exc_NRGN_F_e4_AD_down_mito	primary	Exc NRGN	Excitatory_neurons	F_e4	AD_down_mito	5	3720	eligible	completed_significant	FALSE	effective_query_below_10	TRUE	NA
phase20_sex_apoe_kda_source_v1_run_manifest_v1	primary_Exc_NRGN_M_e2_AD_up_mito	primary	Exc NRGN	Excitatory_neurons	M_e2	AD_up_mito	91	4239	eligible	completed_significant	TRUE	NA	TRUE	NA
phase20_sex_apoe_kda_source_v1_run_manifest_v1	primary_Exc_NRGN_M_e2_AD_down_mito	primary	Exc NRGN	Excitatory_neurons	M_e2	AD_down_mito	64	4239	eligible	completed_significant	TRUE	NA	TRUE	NA
phase20_sex_apoe_kda_source_v1_run_manifest_v1	primary_Exc_NRGN_M_e33_AD_up_mito	primary	Exc NRGN	Excitatory_neurons	M_e33	AD_up_mito	45	3823	eligible	completed_no_significant	TRUE	NA	TRUE	NA
phase20_sex_apoe_kda_source_v1_run_manifest_v1	primary_Exc_NRGN_M_e33_AD_down_mito	primary	Exc NRGN	Excitatory_neurons	M_e33	AD_down_mito	136	3823	eligible	completed_significant	TRUE	NA	TRUE	NA
phase20_sex_apoe_kda_source_v1_run_manifest_v1	primary_Exc_NRGN_M_e4_AD_up_mito	primary	Exc NRGN	Excitatory_neurons	M_e4	AD_up_mito	30	5306	eligible	completed_significant	TRUE	NA	TRUE	NA
phase20_sex_apoe_kda_source_v1_run_manifest_v1	primary_Exc_NRGN_M_e4_AD_down_mito	primary	Exc NRGN	Excitatory_neurons	M_e4	AD_down_mito	75	5306	eligible	completed_significant	TRUE	NA	TRUE	NA
phase20_sex_apoe_kda_source_v1_run_manifest_v1	primary_Exc_RELN_CHD7_F_e2_AD_up_mito	primary	Exc RELN CHD7	Excitatory_neurons	F_e2	AD_up_mito	18	8024	eligible	completed_significant	TRUE	NA	TRUE	NA
phase20_sex_apoe_kda_source_v1_run_manifest_v1	primary_Exc_RELN_CHD7_F_e2_AD_down_mito	primary	Exc RELN CHD7	Excitatory_neurons	F_e2	AD_down_mito	5	8024	eligible	completed_significant	FALSE	effective_query_below_10	TRUE	NA
phase20_sex_apoe_kda_source_v1_run_manifest_v1	primary_Exc_RELN_CHD7_F_e33_AD_up_mito	primary	Exc RELN CHD7	Excitatory_neurons	F_e33	AD_up_mito	48	6458	eligible	completed_significant	TRUE	NA	TRUE	NA
phase20_sex_apoe_kda_source_v1_run_manifest_v1	primary_Exc_RELN_CHD7_F_e33_AD_down_mito	primary	Exc RELN CHD7	Excitatory_neurons	F_e33	AD_down_mito	55	6458	eligible	completed_significant	TRUE	NA	TRUE	NA
phase20_sex_apoe_kda_source_v1_run_manifest_v1	primary_Exc_RELN_CHD7_F_e4_AD_up_mito	primary	Exc RELN CHD7	Excitatory_neurons	F_e4	AD_up_mito	63	7514	eligible	completed_no_significant	TRUE	NA	TRUE	NA
phase20_sex_apoe_kda_source_v1_run_manifest_v1	primary_Exc_RELN_CHD7_F_e4_AD_down_mito	primary	Exc RELN CHD7	Excitatory_neurons	F_e4	AD_down_mito	126	7514	eligible	completed_significant	TRUE	NA	TRUE	NA
phase20_sex_apoe_kda_source_v1_run_manifest_v1	primary_Exc_RELN_CHD7_M_e2_AD_up_mito	primary	Exc RELN CHD7	Excitatory_neurons	M_e2	AD_up_mito	24	6472	eligible	completed_significant	TRUE	NA	TRUE	NA
phase20_sex_apoe_kda_source_v1_run_manifest_v1	primary_Exc_RELN_CHD7_M_e2_AD_down_mito	primary	Exc RELN CHD7	Excitatory_neurons	M_e2	AD_down_mito	38	6472	eligible	completed_significant	TRUE	NA	TRUE	NA
phase20_sex_apoe_kda_source_v1_run_manifest_v1	primary_Exc_RELN_CHD7_M_e33_AD_up_mito	primary	Exc RELN CHD7	Excitatory_neurons	M_e33	AD_up_mito	11	4676	eligible	completed_no_significant	TRUE	NA	TRUE	NA
phase20_sex_apoe_kda_source_v1_run_manifest_v1	primary_Exc_RELN_CHD7_M_e33_AD_down_mito	primary	Exc RELN CHD7	Excitatory_neurons	M_e33	AD_down_mito	42	4676	eligible	completed_significant	TRUE	NA	TRUE	NA
phase20_sex_apoe_kda_source_v1_run_manifest_v1	primary_Exc_RELN_CHD7_M_e4_AD_up_mito	primary	Exc RELN CHD7	Excitatory_neurons	M_e4	AD_up_mito	122	5873	eligible	completed_significant	TRUE	NA	TRUE	NA
phase20_sex_apoe_kda_source_v1_run_manifest_v1	primary_Exc_RELN_CHD7_M_e4_AD_down_mito	primary	Exc RELN CHD7	Excitatory_neurons	M_e4	AD_down_mito	63	5873	eligible	completed_no_significant	TRUE	NA	TRUE	NA
phase20_sex_apoe_kda_source_v1_run_manifest_v1	primary_Fib_FLRT2_F_e2_AD_up_mito	primary	Fib FLRT2	Vasculature_cells	F_e2	AD_up_mito	0	3587	effective_query_below_minimum	skipped_effective_query_below_minimum	FALSE	effective_query_below_minimum	FALSE	effective_query_below_minimum
phase20_sex_apoe_kda_source_v1_run_manifest_v1	primary_Fib_FLRT2_F_e2_AD_down_mito	primary	Fib FLRT2	Vasculature_cells	F_e2	AD_down_mito	0	3587	effective_query_below_minimum	skipped_effective_query_below_minimum	FALSE	effective_query_below_minimum	FALSE	effective_query_below_minimum
phase20_sex_apoe_kda_source_v1_run_manifest_v1	primary_Fib_FLRT2_F_e33_AD_up_mito	primary	Fib FLRT2	Vasculature_cells	F_e33	AD_up_mito	0	3791	effective_query_below_minimum	skipped_effective_query_below_minimum	FALSE	effective_query_below_minimum	FALSE	effective_query_below_minimum
phase20_sex_apoe_kda_source_v1_run_manifest_v1	primary_Fib_FLRT2_F_e33_AD_down_mito	primary	Fib FLRT2	Vasculature_cells	F_e33	AD_down_mito	0	3791	effective_query_below_minimum	skipped_effective_query_below_minimum	FALSE	effective_query_below_minimum	FALSE	effective_query_below_minimum
phase20_sex_apoe_kda_source_v1_run_manifest_v1	primary_Fib_FLRT2_F_e4_AD_up_mito	primary	Fib FLRT2	Vasculature_cells	F_e4	AD_up_mito	0	3744	effective_query_below_minimum	skipped_effective_query_below_minimum	FALSE	effective_query_below_minimum	FALSE	effective_query_below_minimum
phase20_sex_apoe_kda_source_v1_run_manifest_v1	primary_Fib_FLRT2_F_e4_AD_down_mito	primary	Fib FLRT2	Vasculature_cells	F_e4	AD_down_mito	0	3744	effective_query_below_minimum	skipped_effective_query_below_minimum	FALSE	effective_query_below_minimum	FALSE	effective_query_below_minimum
phase20_sex_apoe_kda_source_v1_run_manifest_v1	primary_Fib_FLRT2_M_e2_AD_up_mito	primary	Fib FLRT2	Vasculature_cells	M_e2	AD_up_mito	0	3334	effective_query_below_minimum	skipped_effective_query_below_minimum	FALSE	effective_query_below_minimum	FALSE	effective_query_below_minimum
phase20_sex_apoe_kda_source_v1_run_manifest_v1	primary_Fib_FLRT2_M_e2_AD_down_mito	primary	Fib FLRT2	Vasculature_cells	M_e2	AD_down_mito	0	3334	effective_query_below_minimum	skipped_effective_query_below_minimum	FALSE	effective_query_below_minimum	FALSE	effective_query_below_minimum
phase20_sex_apoe_kda_source_v1_run_manifest_v1	primary_Fib_FLRT2_M_e33_AD_up_mito	primary	Fib FLRT2	Vasculature_cells	M_e33	AD_up_mito	0	3699	effective_query_below_minimum	skipped_effective_query_below_minimum	FALSE	effective_query_below_minimum	FALSE	effective_query_below_minimum
phase20_sex_apoe_kda_source_v1_run_manifest_v1	primary_Fib_FLRT2_M_e33_AD_down_mito	primary	Fib FLRT2	Vasculature_cells	M_e33	AD_down_mito	0	3699	effective_query_below_minimum	skipped_effective_query_below_minimum	FALSE	effective_query_below_minimum	FALSE	effective_query_below_minimum
phase20_sex_apoe_kda_source_v1_run_manifest_v1	primary_Fib_FLRT2_M_e4_AD_up_mito	primary	Fib FLRT2	Vasculature_cells	M_e4	AD_up_mito	0	3620	effective_query_below_minimum	skipped_effective_query_below_minimum	FALSE	effective_query_below_minimum	FALSE	effective_query_below_minimum
phase20_sex_apoe_kda_source_v1_run_manifest_v1	primary_Fib_FLRT2_M_e4_AD_down_mito	primary	Fib FLRT2	Vasculature_cells	M_e4	AD_down_mito	2	3620	effective_query_below_minimum	skipped_effective_query_below_minimum	FALSE	effective_query_below_minimum	FALSE	effective_query_below_minimum
phase20_sex_apoe_kda_source_v1_run_manifest_v1	primary_Fib_SLC4A4_F_e2_AD_up_mito	primary	Fib SLC4A4	Vasculature_cells	F_e2	AD_up_mito	0	3346	effective_query_below_minimum	skipped_effective_query_below_minimum	FALSE	effective_query_below_minimum	FALSE	effective_query_below_minimum
phase20_sex_apoe_kda_source_v1_run_manifest_v1	primary_Fib_SLC4A4_F_e2_AD_down_mito	primary	Fib SLC4A4	Vasculature_cells	F_e2	AD_down_mito	0	3346	effective_query_below_minimum	skipped_effective_query_below_minimum	FALSE	effective_query_below_minimum	FALSE	effective_query_below_minimum
phase20_sex_apoe_kda_source_v1_run_manifest_v1	primary_Fib_SLC4A4_F_e33_AD_up_mito	primary	Fib SLC4A4	Vasculature_cells	F_e33	AD_up_mito	0	3754	effective_query_below_minimum	skipped_effective_query_below_minimum	FALSE	effective_query_below_minimum	FALSE	effective_query_below_minimum
phase20_sex_apoe_kda_source_v1_run_manifest_v1	primary_Fib_SLC4A4_F_e33_AD_down_mito	primary	Fib SLC4A4	Vasculature_cells	F_e33	AD_down_mito	0	3754	effective_query_below_minimum	skipped_effective_query_below_minimum	FALSE	effective_query_below_minimum	FALSE	effective_query_below_minimum
phase20_sex_apoe_kda_source_v1_run_manifest_v1	primary_Fib_SLC4A4_F_e4_AD_up_mito	primary	Fib SLC4A4	Vasculature_cells	F_e4	AD_up_mito	0	3791	effective_query_below_minimum	skipped_effective_query_below_minimum	FALSE	effective_query_below_minimum	FALSE	effective_query_below_minimum
phase20_sex_apoe_kda_source_v1_run_manifest_v1	primary_Fib_SLC4A4_F_e4_AD_down_mito	primary	Fib SLC4A4	Vasculature_cells	F_e4	AD_down_mito	0	3791	effective_query_below_minimum	skipped_effective_query_below_minimum	FALSE	effective_query_below_minimum	FALSE	effective_query_below_minimum
phase20_sex_apoe_kda_source_v1_run_manifest_v1	primary_Fib_SLC4A4_M_e2_AD_up_mito	primary	Fib SLC4A4	Vasculature_cells	M_e2	AD_up_mito	0	0	source_contrast_not_validated	skipped_source_contrast_not_validated	FALSE	source_contrast_not_validated	FALSE	source_contrast_not_validated
phase20_sex_apoe_kda_source_v1_run_manifest_v1	primary_Fib_SLC4A4_M_e2_AD_down_mito	primary	Fib SLC4A4	Vasculature_cells	M_e2	AD_down_mito	0	0	source_contrast_not_validated	skipped_source_contrast_not_validated	FALSE	source_contrast_not_validated	FALSE	source_contrast_not_validated
phase20_sex_apoe_kda_source_v1_run_manifest_v1	primary_Fib_SLC4A4_M_e33_AD_up_mito	primary	Fib SLC4A4	Vasculature_cells	M_e33	AD_up_mito	0	3227	effective_query_below_minimum	skipped_effective_query_below_minimum	FALSE	effective_query_below_minimum	FALSE	effective_query_below_minimum
phase20_sex_apoe_kda_source_v1_run_manifest_v1	primary_Fib_SLC4A4_M_e33_AD_down_mito	primary	Fib SLC4A4	Vasculature_cells	M_e33	AD_down_mito	0	3227	effective_query_below_minimum	skipped_effective_query_below_minimum	FALSE	effective_query_below_minimum	FALSE	effective_query_below_minimum
phase20_sex_apoe_kda_source_v1_run_manifest_v1	primary_Fib_SLC4A4_M_e4_AD_up_mito	primary	Fib SLC4A4	Vasculature_cells	M_e4	AD_up_mito	0	3528	effective_query_below_minimum	skipped_effective_query_below_minimum	FALSE	effective_query_below_minimum	FALSE	effective_query_below_minimum
phase20_sex_apoe_kda_source_v1_run_manifest_v1	primary_Fib_SLC4A4_M_e4_AD_down_mito	primary	Fib SLC4A4	Vasculature_cells	M_e4	AD_down_mito	0	3528	effective_query_below_minimum	skipped_effective_query_below_minimum	FALSE	effective_query_below_minimum	FALSE	effective_query_below_minimum
phase20_sex_apoe_kda_source_v1_run_manifest_v1	primary_Inh_ALCAM_TRPM3_F_e2_AD_up_mito	primary	Inh ALCAM TRPM3	Inhibitory_neurons	F_e2	AD_up_mito	5	8600	eligible	completed_significant	FALSE	effective_query_below_10	TRUE	NA
phase20_sex_apoe_kda_source_v1_run_manifest_v1	primary_Inh_ALCAM_TRPM3_F_e2_AD_down_mito	primary	Inh ALCAM TRPM3	Inhibitory_neurons	F_e2	AD_down_mito	5	8600	eligible	completed_no_significant	FALSE	effective_query_below_10	TRUE	NA
phase20_sex_apoe_kda_source_v1_run_manifest_v1	primary_Inh_ALCAM_TRPM3_F_e33_AD_up_mito	primary	Inh ALCAM TRPM3	Inhibitory_neurons	F_e33	AD_up_mito	3	8673	eligible	completed_significant	FALSE	effective_query_below_10	TRUE	NA
phase20_sex_apoe_kda_source_v1_run_manifest_v1	primary_Inh_ALCAM_TRPM3_F_e33_AD_down_mito	primary	Inh ALCAM TRPM3	Inhibitory_neurons	F_e33	AD_down_mito	5	8673	eligible	completed_no_significant	FALSE	effective_query_below_10	TRUE	NA
phase20_sex_apoe_kda_source_v1_run_manifest_v1	primary_Inh_ALCAM_TRPM3_F_e4_AD_up_mito	primary	Inh ALCAM TRPM3	Inhibitory_neurons	F_e4	AD_up_mito	0	8569	effective_query_below_minimum	skipped_effective_query_below_minimum	FALSE	effective_query_below_minimum	FALSE	effective_query_below_minimum
phase20_sex_apoe_kda_source_v1_run_manifest_v1	primary_Inh_ALCAM_TRPM3_F_e4_AD_down_mito	primary	Inh ALCAM TRPM3	Inhibitory_neurons	F_e4	AD_down_mito	4	8569	eligible	completed_significant	FALSE	effective_query_below_10	TRUE	NA
phase20_sex_apoe_kda_source_v1_run_manifest_v1	primary_Inh_ALCAM_TRPM3_M_e2_AD_up_mito	primary	Inh ALCAM TRPM3	Inhibitory_neurons	M_e2	AD_up_mito	0	8427	effective_query_below_minimum	skipped_effective_query_below_minimum	FALSE	effective_query_below_minimum	FALSE	effective_query_below_minimum
phase20_sex_apoe_kda_source_v1_run_manifest_v1	primary_Inh_ALCAM_TRPM3_M_e2_AD_down_mito	primary	Inh ALCAM TRPM3	Inhibitory_neurons	M_e2	AD_down_mito	2	8427	effective_query_below_minimum	skipped_effective_query_below_minimum	FALSE	effective_query_below_minimum	FALSE	effective_query_below_minimum
phase20_sex_apoe_kda_source_v1_run_manifest_v1	primary_Inh_ALCAM_TRPM3_M_e33_AD_up_mito	primary	Inh ALCAM TRPM3	Inhibitory_neurons	M_e33	AD_up_mito	4	8519	eligible	completed_significant	FALSE	effective_query_below_10	TRUE	NA
phase20_sex_apoe_kda_source_v1_run_manifest_v1	primary_Inh_ALCAM_TRPM3_M_e33_AD_down_mito	primary	Inh ALCAM TRPM3	Inhibitory_neurons	M_e33	AD_down_mito	3	8519	eligible	completed_significant	FALSE	effective_query_below_10	TRUE	NA
phase20_sex_apoe_kda_source_v1_run_manifest_v1	primary_Inh_ALCAM_TRPM3_M_e4_AD_up_mito	primary	Inh ALCAM TRPM3	Inhibitory_neurons	M_e4	AD_up_mito	0	8451	effective_query_below_minimum	skipped_effective_query_below_minimum	FALSE	effective_query_below_minimum	FALSE	effective_query_below_minimum
phase20_sex_apoe_kda_source_v1_run_manifest_v1	primary_Inh_ALCAM_TRPM3_M_e4_AD_down_mito	primary	Inh ALCAM TRPM3	Inhibitory_neurons	M_e4	AD_down_mito	2	8451	effective_query_below_minimum	skipped_effective_query_below_minimum	FALSE	effective_query_below_minimum	FALSE	effective_query_below_minimum
phase20_sex_apoe_kda_source_v1_run_manifest_v1	primary_Inh_CUX2_MSR1_F_e2_AD_up_mito	primary	Inh CUX2 MSR1	Inhibitory_neurons	F_e2	AD_up_mito	4	6840	eligible	completed_significant	FALSE	effective_query_below_10	TRUE	NA
phase20_sex_apoe_kda_source_v1_run_manifest_v1	primary_Inh_CUX2_MSR1_F_e2_AD_down_mito	primary	Inh CUX2 MSR1	Inhibitory_neurons	F_e2	AD_down_mito	0	6840	effective_query_below_minimum	skipped_effective_query_below_minimum	FALSE	effective_query_below_minimum	FALSE	effective_query_below_minimum
phase20_sex_apoe_kda_source_v1_run_manifest_v1	primary_Inh_CUX2_MSR1_F_e33_AD_up_mito	primary	Inh CUX2 MSR1	Inhibitory_neurons	F_e33	AD_up_mito	0	6631	effective_query_below_minimum	skipped_effective_query_below_minimum	FALSE	effective_query_below_minimum	FALSE	effective_query_below_minimum
phase20_sex_apoe_kda_source_v1_run_manifest_v1	primary_Inh_CUX2_MSR1_F_e33_AD_down_mito	primary	Inh CUX2 MSR1	Inhibitory_neurons	F_e33	AD_down_mito	1	6631	effective_query_below_minimum	skipped_effective_query_below_minimum	FALSE	effective_query_below_minimum	FALSE	effective_query_below_minimum
phase20_sex_apoe_kda_source_v1_run_manifest_v1	primary_Inh_CUX2_MSR1_F_e4_AD_up_mito	primary	Inh CUX2 MSR1	Inhibitory_neurons	F_e4	AD_up_mito	1	6728	effective_query_below_minimum	skipped_effective_query_below_minimum	FALSE	effective_query_below_minimum	FALSE	effective_query_below_minimum
phase20_sex_apoe_kda_source_v1_run_manifest_v1	primary_Inh_CUX2_MSR1_F_e4_AD_down_mito	primary	Inh CUX2 MSR1	Inhibitory_neurons	F_e4	AD_down_mito	8	6728	eligible	completed_significant	FALSE	effective_query_below_10	TRUE	NA
phase20_sex_apoe_kda_source_v1_run_manifest_v1	primary_Inh_CUX2_MSR1_M_e2_AD_up_mito	primary	Inh CUX2 MSR1	Inhibitory_neurons	M_e2	AD_up_mito	94	7268	eligible	completed_no_significant	TRUE	NA	TRUE	NA
phase20_sex_apoe_kda_source_v1_run_manifest_v1	primary_Inh_CUX2_MSR1_M_e2_AD_down_mito	primary	Inh CUX2 MSR1	Inhibitory_neurons	M_e2	AD_down_mito	97	7268	eligible	completed_significant	TRUE	NA	TRUE	NA
phase20_sex_apoe_kda_source_v1_run_manifest_v1	primary_Inh_CUX2_MSR1_M_e33_AD_up_mito	primary	Inh CUX2 MSR1	Inhibitory_neurons	M_e33	AD_up_mito	1	6928	effective_query_below_minimum	skipped_effective_query_below_minimum	FALSE	effective_query_below_minimum	FALSE	effective_query_below_minimum
phase20_sex_apoe_kda_source_v1_run_manifest_v1	primary_Inh_CUX2_MSR1_M_e33_AD_down_mito	primary	Inh CUX2 MSR1	Inhibitory_neurons	M_e33	AD_down_mito	2	6928	effective_query_below_minimum	skipped_effective_query_below_minimum	FALSE	effective_query_below_minimum	FALSE	effective_query_below_minimum
phase20_sex_apoe_kda_source_v1_run_manifest_v1	primary_Inh_CUX2_MSR1_M_e4_AD_up_mito	primary	Inh CUX2 MSR1	Inhibitory_neurons	M_e4	AD_up_mito	2	6107	effective_query_below_minimum	skipped_effective_query_below_minimum	FALSE	effective_query_below_minimum	FALSE	effective_query_below_minimum
phase20_sex_apoe_kda_source_v1_run_manifest_v1	primary_Inh_CUX2_MSR1_M_e4_AD_down_mito	primary	Inh CUX2 MSR1	Inhibitory_neurons	M_e4	AD_down_mito	4	6107	eligible	completed_significant	FALSE	effective_query_below_10	TRUE	NA
phase20_sex_apoe_kda_source_v1_run_manifest_v1	primary_Inh_ENOX2_SPHKAP_F_e2_AD_up_mito	primary	Inh ENOX2 SPHKAP	Inhibitory_neurons	F_e2	AD_up_mito	1	7968	effective_query_below_minimum	skipped_effective_query_below_minimum	FALSE	effective_query_below_minimum	FALSE	effective_query_below_minimum
phase20_sex_apoe_kda_source_v1_run_manifest_v1	primary_Inh_ENOX2_SPHKAP_F_e2_AD_down_mito	primary	Inh ENOX2 SPHKAP	Inhibitory_neurons	F_e2	AD_down_mito	0	7968	effective_query_below_minimum	skipped_effective_query_below_minimum	FALSE	effective_query_below_minimum	FALSE	effective_query_below_minimum
phase20_sex_apoe_kda_source_v1_run_manifest_v1	primary_Inh_ENOX2_SPHKAP_F_e33_AD_up_mito	primary	Inh ENOX2 SPHKAP	Inhibitory_neurons	F_e33	AD_up_mito	1	7593	effective_query_below_minimum	skipped_effective_query_below_minimum	FALSE	effective_query_below_minimum	FALSE	effective_query_below_minimum
phase20_sex_apoe_kda_source_v1_run_manifest_v1	primary_Inh_ENOX2_SPHKAP_F_e33_AD_down_mito	primary	Inh ENOX2 SPHKAP	Inhibitory_neurons	F_e33	AD_down_mito	2	7593	effective_query_below_minimum	skipped_effective_query_below_minimum	FALSE	effective_query_below_minimum	FALSE	effective_query_below_minimum
phase20_sex_apoe_kda_source_v1_run_manifest_v1	primary_Inh_ENOX2_SPHKAP_F_e4_AD_up_mito	primary	Inh ENOX2 SPHKAP	Inhibitory_neurons	F_e4	AD_up_mito	0	7580	effective_query_below_minimum	skipped_effective_query_below_minimum	FALSE	effective_query_below_minimum	FALSE	effective_query_below_minimum
phase20_sex_apoe_kda_source_v1_run_manifest_v1	primary_Inh_ENOX2_SPHKAP_F_e4_AD_down_mito	primary	Inh ENOX2 SPHKAP	Inhibitory_neurons	F_e4	AD_down_mito	0	7580	effective_query_below_minimum	skipped_effective_query_below_minimum	FALSE	effective_query_below_minimum	FALSE	effective_query_below_minimum
phase20_sex_apoe_kda_source_v1_run_manifest_v1	primary_Inh_ENOX2_SPHKAP_M_e2_AD_up_mito	primary	Inh ENOX2 SPHKAP	Inhibitory_neurons	M_e2	AD_up_mito	22	8308	eligible	completed_significant	TRUE	NA	TRUE	NA
phase20_sex_apoe_kda_source_v1_run_manifest_v1	primary_Inh_ENOX2_SPHKAP_M_e2_AD_down_mito	primary	Inh ENOX2 SPHKAP	Inhibitory_neurons	M_e2	AD_down_mito	10	8308	eligible	completed_significant	TRUE	NA	TRUE	NA
phase20_sex_apoe_kda_source_v1_run_manifest_v1	primary_Inh_ENOX2_SPHKAP_M_e33_AD_up_mito	primary	Inh ENOX2 SPHKAP	Inhibitory_neurons	M_e33	AD_up_mito	3	7573	eligible	completed_significant	FALSE	effective_query_below_10	TRUE	NA
phase20_sex_apoe_kda_source_v1_run_manifest_v1	primary_Inh_ENOX2_SPHKAP_M_e33_AD_down_mito	primary	Inh ENOX2 SPHKAP	Inhibitory_neurons	M_e33	AD_down_mito	5	7573	eligible	completed_significant	FALSE	effective_query_below_10	TRUE	NA
phase20_sex_apoe_kda_source_v1_run_manifest_v1	primary_Inh_ENOX2_SPHKAP_M_e4_AD_up_mito	primary	Inh ENOX2 SPHKAP	Inhibitory_neurons	M_e4	AD_up_mito	2	7289	effective_query_below_minimum	skipped_effective_query_below_minimum	FALSE	effective_query_below_minimum	FALSE	effective_query_below_minimum
phase20_sex_apoe_kda_source_v1_run_manifest_v1	primary_Inh_ENOX2_SPHKAP_M_e4_AD_down_mito	primary	Inh ENOX2 SPHKAP	Inhibitory_neurons	M_e4	AD_down_mito	2	7289	effective_query_below_minimum	skipped_effective_query_below_minimum	FALSE	effective_query_below_minimum	FALSE	effective_query_below_minimum
phase20_sex_apoe_kda_source_v1_run_manifest_v1	primary_Inh_FBN2_EPB41L4A_F_e2_AD_up_mito	primary	Inh FBN2 EPB41L4A	Inhibitory_neurons	F_e2	AD_up_mito	0	8659	effective_query_below_minimum	skipped_effective_query_below_minimum	FALSE	effective_query_below_minimum	FALSE	effective_query_below_minimum
phase20_sex_apoe_kda_source_v1_run_manifest_v1	primary_Inh_FBN2_EPB41L4A_F_e2_AD_down_mito	primary	Inh FBN2 EPB41L4A	Inhibitory_neurons	F_e2	AD_down_mito	0	8659	effective_query_below_minimum	skipped_effective_query_below_minimum	FALSE	effective_query_below_minimum	FALSE	effective_query_below_minimum
phase20_sex_apoe_kda_source_v1_run_manifest_v1	primary_Inh_FBN2_EPB41L4A_F_e33_AD_up_mito	primary	Inh FBN2 EPB41L4A	Inhibitory_neurons	F_e33	AD_up_mito	9	8615	eligible	completed_significant	FALSE	effective_query_below_10	TRUE	NA
phase20_sex_apoe_kda_source_v1_run_manifest_v1	primary_Inh_FBN2_EPB41L4A_F_e33_AD_down_mito	primary	Inh FBN2 EPB41L4A	Inhibitory_neurons	F_e33	AD_down_mito	0	8615	effective_query_below_minimum	skipped_effective_query_below_minimum	FALSE	effective_query_below_minimum	FALSE	effective_query_below_minimum
phase20_sex_apoe_kda_source_v1_run_manifest_v1	primary_Inh_FBN2_EPB41L4A_F_e4_AD_up_mito	primary	Inh FBN2 EPB41L4A	Inhibitory_neurons	F_e4	AD_up_mito	0	8599	effective_query_below_minimum	skipped_effective_query_below_minimum	FALSE	effective_query_below_minimum	FALSE	effective_query_below_minimum
phase20_sex_apoe_kda_source_v1_run_manifest_v1	primary_Inh_FBN2_EPB41L4A_F_e4_AD_down_mito	primary	Inh FBN2 EPB41L4A	Inhibitory_neurons	F_e4	AD_down_mito	1	8599	effective_query_below_minimum	skipped_effective_query_below_minimum	FALSE	effective_query_below_minimum	FALSE	effective_query_below_minimum
phase20_sex_apoe_kda_source_v1_run_manifest_v1	primary_Inh_FBN2_EPB41L4A_M_e2_AD_up_mito	primary	Inh FBN2 EPB41L4A	Inhibitory_neurons	M_e2	AD_up_mito	0	8648	effective_query_below_minimum	skipped_effective_query_below_minimum	FALSE	effective_query_below_minimum	FALSE	effective_query_below_minimum
phase20_sex_apoe_kda_source_v1_run_manifest_v1	primary_Inh_FBN2_EPB41L4A_M_e2_AD_down_mito	primary	Inh FBN2 EPB41L4A	Inhibitory_neurons	M_e2	AD_down_mito	0	8648	effective_query_below_minimum	skipped_effective_query_below_minimum	FALSE	effective_query_below_minimum	FALSE	effective_query_below_minimum
phase20_sex_apoe_kda_source_v1_run_manifest_v1	primary_Inh_FBN2_EPB41L4A_M_e33_AD_up_mito	primary	Inh FBN2 EPB41L4A	Inhibitory_neurons	M_e33	AD_up_mito	15	8502	eligible	completed_significant	TRUE	NA	TRUE	NA
phase20_sex_apoe_kda_source_v1_run_manifest_v1	primary_Inh_FBN2_EPB41L4A_M_e33_AD_down_mito	primary	Inh FBN2 EPB41L4A	Inhibitory_neurons	M_e33	AD_down_mito	0	8502	effective_query_below_minimum	skipped_effective_query_below_minimum	FALSE	effective_query_below_minimum	FALSE	effective_query_below_minimum
phase20_sex_apoe_kda_source_v1_run_manifest_v1	primary_Inh_FBN2_EPB41L4A_M_e4_AD_up_mito	primary	Inh FBN2 EPB41L4A	Inhibitory_neurons	M_e4	AD_up_mito	2	8549	effective_query_below_minimum	skipped_effective_query_below_minimum	FALSE	effective_query_below_minimum	FALSE	effective_query_below_minimum
phase20_sex_apoe_kda_source_v1_run_manifest_v1	primary_Inh_FBN2_EPB41L4A_M_e4_AD_down_mito	primary	Inh FBN2 EPB41L4A	Inhibitory_neurons	M_e4	AD_down_mito	0	8549	effective_query_below_minimum	skipped_effective_query_below_minimum	FALSE	effective_query_below_minimum	FALSE	effective_query_below_minimum
phase20_sex_apoe_kda_source_v1_run_manifest_v1	primary_Inh_GPC5_RIT2_F_e2_AD_up_mito	primary	Inh GPC5 RIT2	Inhibitory_neurons	F_e2	AD_up_mito	0	8635	effective_query_below_minimum	skipped_effective_query_below_minimum	FALSE	effective_query_below_minimum	FALSE	effective_query_below_minimum
phase20_sex_apoe_kda_source_v1_run_manifest_v1	primary_Inh_GPC5_RIT2_F_e2_AD_down_mito	primary	Inh GPC5 RIT2	Inhibitory_neurons	F_e2	AD_down_mito	0	8635	effective_query_below_minimum	skipped_effective_query_below_minimum	FALSE	effective_query_below_minimum	FALSE	effective_query_below_minimum
phase20_sex_apoe_kda_source_v1_run_manifest_v1	primary_Inh_GPC5_RIT2_F_e33_AD_up_mito	primary	Inh GPC5 RIT2	Inhibitory_neurons	F_e33	AD_up_mito	2	8503	effective_query_below_minimum	skipped_effective_query_below_minimum	FALSE	effective_query_below_minimum	FALSE	effective_query_below_minimum
phase20_sex_apoe_kda_source_v1_run_manifest_v1	primary_Inh_GPC5_RIT2_F_e33_AD_down_mito	primary	Inh GPC5 RIT2	Inhibitory_neurons	F_e33	AD_down_mito	0	8503	effective_query_below_minimum	skipped_effective_query_below_minimum	FALSE	effective_query_below_minimum	FALSE	effective_query_below_minimum
phase20_sex_apoe_kda_source_v1_run_manifest_v1	primary_Inh_GPC5_RIT2_F_e4_AD_up_mito	primary	Inh GPC5 RIT2	Inhibitory_neurons	F_e4	AD_up_mito	0	8630	effective_query_below_minimum	skipped_effective_query_below_minimum	FALSE	effective_query_below_minimum	FALSE	effective_query_below_minimum
phase20_sex_apoe_kda_source_v1_run_manifest_v1	primary_Inh_GPC5_RIT2_F_e4_AD_down_mito	primary	Inh GPC5 RIT2	Inhibitory_neurons	F_e4	AD_down_mito	1	8630	effective_query_below_minimum	skipped_effective_query_below_minimum	FALSE	effective_query_below_minimum	FALSE	effective_query_below_minimum
phase20_sex_apoe_kda_source_v1_run_manifest_v1	primary_Inh_GPC5_RIT2_M_e2_AD_up_mito	primary	Inh GPC5 RIT2	Inhibitory_neurons	M_e2	AD_up_mito	0	8627	effective_query_below_minimum	skipped_effective_query_below_minimum	FALSE	effective_query_below_minimum	FALSE	effective_query_below_minimum
phase20_sex_apoe_kda_source_v1_run_manifest_v1	primary_Inh_GPC5_RIT2_M_e2_AD_down_mito	primary	Inh GPC5 RIT2	Inhibitory_neurons	M_e2	AD_down_mito	0	8627	effective_query_below_minimum	skipped_effective_query_below_minimum	FALSE	effective_query_below_minimum	FALSE	effective_query_below_minimum
phase20_sex_apoe_kda_source_v1_run_manifest_v1	primary_Inh_GPC5_RIT2_M_e33_AD_up_mito	primary	Inh GPC5 RIT2	Inhibitory_neurons	M_e33	AD_up_mito	0	8363	effective_query_below_minimum	skipped_effective_query_below_minimum	FALSE	effective_query_below_minimum	FALSE	effective_query_below_minimum
phase20_sex_apoe_kda_source_v1_run_manifest_v1	primary_Inh_GPC5_RIT2_M_e33_AD_down_mito	primary	Inh GPC5 RIT2	Inhibitory_neurons	M_e33	AD_down_mito	0	8363	effective_query_below_minimum	skipped_effective_query_below_minimum	FALSE	effective_query_below_minimum	FALSE	effective_query_below_minimum
phase20_sex_apoe_kda_source_v1_run_manifest_v1	primary_Inh_GPC5_RIT2_M_e4_AD_up_mito	primary	Inh GPC5 RIT2	Inhibitory_neurons	M_e4	AD_up_mito	0	8533	effective_query_below_minimum	skipped_effective_query_below_minimum	FALSE	effective_query_below_minimum	FALSE	effective_query_below_minimum
phase20_sex_apoe_kda_source_v1_run_manifest_v1	primary_Inh_GPC5_RIT2_M_e4_AD_down_mito	primary	Inh GPC5 RIT2	Inhibitory_neurons	M_e4	AD_down_mito	0	8533	effective_query_below_minimum	skipped_effective_query_below_minimum	FALSE	effective_query_below_minimum	FALSE	effective_query_below_minimum
phase20_sex_apoe_kda_source_v1_run_manifest_v1	primary_Inh_L1_PAX6_CA4_F_e2_AD_up_mito	primary	Inh L1 PAX6 CA4	Inhibitory_neurons	F_e2	AD_up_mito	0	7790	effective_query_below_minimum	skipped_effective_query_below_minimum	FALSE	effective_query_below_minimum	FALSE	effective_query_below_minimum
phase20_sex_apoe_kda_source_v1_run_manifest_v1	primary_Inh_L1_PAX6_CA4_F_e2_AD_down_mito	primary	Inh L1 PAX6 CA4	Inhibitory_neurons	F_e2	AD_down_mito	0	7790	effective_query_below_minimum	skipped_effective_query_below_minimum	FALSE	effective_query_below_minimum	FALSE	effective_query_below_minimum
phase20_sex_apoe_kda_source_v1_run_manifest_v1	primary_Inh_L1_PAX6_CA4_F_e33_AD_up_mito	primary	Inh L1 PAX6 CA4	Inhibitory_neurons	F_e33	AD_up_mito	0	7802	effective_query_below_minimum	skipped_effective_query_below_minimum	FALSE	effective_query_below_minimum	FALSE	effective_query_below_minimum
phase20_sex_apoe_kda_source_v1_run_manifest_v1	primary_Inh_L1_PAX6_CA4_F_e33_AD_down_mito	primary	Inh L1 PAX6 CA4	Inhibitory_neurons	F_e33	AD_down_mito	0	7802	effective_query_below_minimum	skipped_effective_query_below_minimum	FALSE	effective_query_below_minimum	FALSE	effective_query_below_minimum
phase20_sex_apoe_kda_source_v1_run_manifest_v1	primary_Inh_L1_PAX6_CA4_F_e4_AD_up_mito	primary	Inh L1 PAX6 CA4	Inhibitory_neurons	F_e4	AD_up_mito	0	7470	effective_query_below_minimum	skipped_effective_query_below_minimum	FALSE	effective_query_below_minimum	FALSE	effective_query_below_minimum
phase20_sex_apoe_kda_source_v1_run_manifest_v1	primary_Inh_L1_PAX6_CA4_F_e4_AD_down_mito	primary	Inh L1 PAX6 CA4	Inhibitory_neurons	F_e4	AD_down_mito	2	7470	effective_query_below_minimum	skipped_effective_query_below_minimum	FALSE	effective_query_below_minimum	FALSE	effective_query_below_minimum
phase20_sex_apoe_kda_source_v1_run_manifest_v1	primary_Inh_L1_PAX6_CA4_M_e2_AD_up_mito	primary	Inh L1 PAX6 CA4	Inhibitory_neurons	M_e2	AD_up_mito	0	7372	effective_query_below_minimum	skipped_effective_query_below_minimum	FALSE	effective_query_below_minimum	FALSE	effective_query_below_minimum
phase20_sex_apoe_kda_source_v1_run_manifest_v1	primary_Inh_L1_PAX6_CA4_M_e2_AD_down_mito	primary	Inh L1 PAX6 CA4	Inhibitory_neurons	M_e2	AD_down_mito	0	7372	effective_query_below_minimum	skipped_effective_query_below_minimum	FALSE	effective_query_below_minimum	FALSE	effective_query_below_minimum
phase20_sex_apoe_kda_source_v1_run_manifest_v1	primary_Inh_L1_PAX6_CA4_M_e33_AD_up_mito	primary	Inh L1 PAX6 CA4	Inhibitory_neurons	M_e33	AD_up_mito	0	7673	effective_query_below_minimum	skipped_effective_query_below_minimum	FALSE	effective_query_below_minimum	FALSE	effective_query_below_minimum
phase20_sex_apoe_kda_source_v1_run_manifest_v1	primary_Inh_L1_PAX6_CA4_M_e33_AD_down_mito	primary	Inh L1 PAX6 CA4	Inhibitory_neurons	M_e33	AD_down_mito	0	7673	effective_query_below_minimum	skipped_effective_query_below_minimum	FALSE	effective_query_below_minimum	FALSE	effective_query_below_minimum
phase20_sex_apoe_kda_source_v1_run_manifest_v1	primary_Inh_L1_PAX6_CA4_M_e4_AD_up_mito	primary	Inh L1 PAX6 CA4	Inhibitory_neurons	M_e4	AD_up_mito	0	6964	effective_query_below_minimum	skipped_effective_query_below_minimum	FALSE	effective_query_below_minimum	FALSE	effective_query_below_minimum
phase20_sex_apoe_kda_source_v1_run_manifest_v1	primary_Inh_L1_PAX6_CA4_M_e4_AD_down_mito	primary	Inh L1 PAX6 CA4	Inhibitory_neurons	M_e4	AD_down_mito	0	6964	effective_query_below_minimum	skipped_effective_query_below_minimum	FALSE	effective_query_below_minimum	FALSE	effective_query_below_minimum
phase20_sex_apoe_kda_source_v1_run_manifest_v1	primary_Inh_L1_2_PAX6_SCGN_F_e2_AD_up_mito	primary	Inh L1-2 PAX6 SCGN	Inhibitory_neurons	F_e2	AD_up_mito	0	8748	effective_query_below_minimum	skipped_effective_query_below_minimum	FALSE	effective_query_below_minimum	FALSE	effective_query_below_minimum
phase20_sex_apoe_kda_source_v1_run_manifest_v1	primary_Inh_L1_2_PAX6_SCGN_F_e2_AD_down_mito	primary	Inh L1-2 PAX6 SCGN	Inhibitory_neurons	F_e2	AD_down_mito	0	8748	effective_query_below_minimum	skipped_effective_query_below_minimum	FALSE	effective_query_below_minimum	FALSE	effective_query_below_minimum
phase20_sex_apoe_kda_source_v1_run_manifest_v1	primary_Inh_L1_2_PAX6_SCGN_F_e33_AD_up_mito	primary	Inh L1-2 PAX6 SCGN	Inhibitory_neurons	F_e33	AD_up_mito	0	8666	effective_query_below_minimum	skipped_effective_query_below_minimum	FALSE	effective_query_below_minimum	FALSE	effective_query_below_minimum
phase20_sex_apoe_kda_source_v1_run_manifest_v1	primary_Inh_L1_2_PAX6_SCGN_F_e33_AD_down_mito	primary	Inh L1-2 PAX6 SCGN	Inhibitory_neurons	F_e33	AD_down_mito	0	8666	effective_query_below_minimum	skipped_effective_query_below_minimum	FALSE	effective_query_below_minimum	FALSE	effective_query_below_minimum
phase20_sex_apoe_kda_source_v1_run_manifest_v1	primary_Inh_L1_2_PAX6_SCGN_F_e4_AD_up_mito	primary	Inh L1-2 PAX6 SCGN	Inhibitory_neurons	F_e4	AD_up_mito	0	8646	effective_query_below_minimum	skipped_effective_query_below_minimum	FALSE	effective_query_below_minimum	FALSE	effective_query_below_minimum
phase20_sex_apoe_kda_source_v1_run_manifest_v1	primary_Inh_L1_2_PAX6_SCGN_F_e4_AD_down_mito	primary	Inh L1-2 PAX6 SCGN	Inhibitory_neurons	F_e4	AD_down_mito	0	8646	effective_query_below_minimum	skipped_effective_query_below_minimum	FALSE	effective_query_below_minimum	FALSE	effective_query_below_minimum
phase20_sex_apoe_kda_source_v1_run_manifest_v1	primary_Inh_L1_2_PAX6_SCGN_M_e2_AD_up_mito	primary	Inh L1-2 PAX6 SCGN	Inhibitory_neurons	M_e2	AD_up_mito	0	8546	effective_query_below_minimum	skipped_effective_query_below_minimum	FALSE	effective_query_below_minimum	FALSE	effective_query_below_minimum
phase20_sex_apoe_kda_source_v1_run_manifest_v1	primary_Inh_L1_2_PAX6_SCGN_M_e2_AD_down_mito	primary	Inh L1-2 PAX6 SCGN	Inhibitory_neurons	M_e2	AD_down_mito	0	8546	effective_query_below_minimum	skipped_effective_query_below_minimum	FALSE	effective_query_below_minimum	FALSE	effective_query_below_minimum
phase20_sex_apoe_kda_source_v1_run_manifest_v1	primary_Inh_L1_2_PAX6_SCGN_M_e33_AD_up_mito	primary	Inh L1-2 PAX6 SCGN	Inhibitory_neurons	M_e33	AD_up_mito	0	8576	effective_query_below_minimum	skipped_effective_query_below_minimum	FALSE	effective_query_below_minimum	FALSE	effective_query_below_minimum
phase20_sex_apoe_kda_source_v1_run_manifest_v1	primary_Inh_L1_2_PAX6_SCGN_M_e33_AD_down_mito	primary	Inh L1-2 PAX6 SCGN	Inhibitory_neurons	M_e33	AD_down_mito	0	8576	effective_query_below_minimum	skipped_effective_query_below_minimum	FALSE	effective_query_below_minimum	FALSE	effective_query_below_minimum
phase20_sex_apoe_kda_source_v1_run_manifest_v1	primary_Inh_L1_2_PAX6_SCGN_M_e4_AD_up_mito	primary	Inh L1-2 PAX6 SCGN	Inhibitory_neurons	M_e4	AD_up_mito	0	8589	effective_query_below_minimum	skipped_effective_query_below_minimum	FALSE	effective_query_below_minimum	FALSE	effective_query_below_minimum
phase20_sex_apoe_kda_source_v1_run_manifest_v1	primary_Inh_L1_2_PAX6_SCGN_M_e4_AD_down_mito	primary	Inh L1-2 PAX6 SCGN	Inhibitory_neurons	M_e4	AD_down_mito	0	8589	effective_query_below_minimum	skipped_effective_query_below_minimum	FALSE	effective_query_below_minimum	FALSE	effective_query_below_minimum
phase20_sex_apoe_kda_source_v1_run_manifest_v1	primary_Inh_L1_6_LAMP5_CA13_F_e2_AD_up_mito	primary	Inh L1-6 LAMP5 CA13	Inhibitory_neurons	F_e2	AD_up_mito	2	8538	effective_query_below_minimum	skipped_effective_query_below_minimum	FALSE	effective_query_below_minimum	FALSE	effective_query_below_minimum
phase20_sex_apoe_kda_source_v1_run_manifest_v1	primary_Inh_L1_6_LAMP5_CA13_F_e2_AD_down_mito	primary	Inh L1-6 LAMP5 CA13	Inhibitory_neurons	F_e2	AD_down_mito	3	8538	eligible	completed_significant	FALSE	effective_query_below_10	TRUE	NA
phase20_sex_apoe_kda_source_v1_run_manifest_v1	primary_Inh_L1_6_LAMP5_CA13_F_e33_AD_up_mito	primary	Inh L1-6 LAMP5 CA13	Inhibitory_neurons	F_e33	AD_up_mito	10	8459	eligible	completed_significant	TRUE	NA	TRUE	NA
phase20_sex_apoe_kda_source_v1_run_manifest_v1	primary_Inh_L1_6_LAMP5_CA13_F_e33_AD_down_mito	primary	Inh L1-6 LAMP5 CA13	Inhibitory_neurons	F_e33	AD_down_mito	9	8459	eligible	completed_no_significant	FALSE	effective_query_below_10	TRUE	NA
phase20_sex_apoe_kda_source_v1_run_manifest_v1	primary_Inh_L1_6_LAMP5_CA13_F_e4_AD_up_mito	primary	Inh L1-6 LAMP5 CA13	Inhibitory_neurons	F_e4	AD_up_mito	0	8473	effective_query_below_minimum	skipped_effective_query_below_minimum	FALSE	effective_query_below_minimum	FALSE	effective_query_below_minimum
phase20_sex_apoe_kda_source_v1_run_manifest_v1	primary_Inh_L1_6_LAMP5_CA13_F_e4_AD_down_mito	primary	Inh L1-6 LAMP5 CA13	Inhibitory_neurons	F_e4	AD_down_mito	8	8473	eligible	completed_no_significant	FALSE	effective_query_below_10	TRUE	NA
phase20_sex_apoe_kda_source_v1_run_manifest_v1	primary_Inh_L1_6_LAMP5_CA13_M_e2_AD_up_mito	primary	Inh L1-6 LAMP5 CA13	Inhibitory_neurons	M_e2	AD_up_mito	6	8526	eligible	completed_no_significant	FALSE	effective_query_below_10	TRUE	NA
phase20_sex_apoe_kda_source_v1_run_manifest_v1	primary_Inh_L1_6_LAMP5_CA13_M_e2_AD_down_mito	primary	Inh L1-6 LAMP5 CA13	Inhibitory_neurons	M_e2	AD_down_mito	8	8526	eligible	completed_significant	FALSE	effective_query_below_10	TRUE	NA
phase20_sex_apoe_kda_source_v1_run_manifest_v1	primary_Inh_L1_6_LAMP5_CA13_M_e33_AD_up_mito	primary	Inh L1-6 LAMP5 CA13	Inhibitory_neurons	M_e33	AD_up_mito	3	8400	eligible	completed_significant	FALSE	effective_query_below_10	TRUE	NA
phase20_sex_apoe_kda_source_v1_run_manifest_v1	primary_Inh_L1_6_LAMP5_CA13_M_e33_AD_down_mito	primary	Inh L1-6 LAMP5 CA13	Inhibitory_neurons	M_e33	AD_down_mito	4	8400	eligible	completed_significant	FALSE	effective_query_below_10	TRUE	NA
phase20_sex_apoe_kda_source_v1_run_manifest_v1	primary_Inh_L1_6_LAMP5_CA13_M_e4_AD_up_mito	primary	Inh L1-6 LAMP5 CA13	Inhibitory_neurons	M_e4	AD_up_mito	0	8261	effective_query_below_minimum	skipped_effective_query_below_minimum	FALSE	effective_query_below_minimum	FALSE	effective_query_below_minimum
phase20_sex_apoe_kda_source_v1_run_manifest_v1	primary_Inh_L1_6_LAMP5_CA13_M_e4_AD_down_mito	primary	Inh L1-6 LAMP5 CA13	Inhibitory_neurons	M_e4	AD_down_mito	4	8261	eligible	completed_significant	FALSE	effective_query_below_10	TRUE	NA
phase20_sex_apoe_kda_source_v1_run_manifest_v1	primary_Inh_L3_5_SST_MAFB_F_e2_AD_up_mito	primary	Inh L3-5 SST MAFB	Inhibitory_neurons	F_e2	AD_up_mito	8	7012	eligible	completed_significant	FALSE	effective_query_below_10	TRUE	NA
phase20_sex_apoe_kda_source_v1_run_manifest_v1	primary_Inh_L3_5_SST_MAFB_F_e2_AD_down_mito	primary	Inh L3-5 SST MAFB	Inhibitory_neurons	F_e2	AD_down_mito	0	7012	effective_query_below_minimum	skipped_effective_query_below_minimum	FALSE	effective_query_below_minimum	FALSE	effective_query_below_minimum
phase20_sex_apoe_kda_source_v1_run_manifest_v1	primary_Inh_L3_5_SST_MAFB_F_e33_AD_up_mito	primary	Inh L3-5 SST MAFB	Inhibitory_neurons	F_e33	AD_up_mito	6	6778	eligible	completed_no_significant	FALSE	effective_query_below_10	TRUE	NA
phase20_sex_apoe_kda_source_v1_run_manifest_v1	primary_Inh_L3_5_SST_MAFB_F_e33_AD_down_mito	primary	Inh L3-5 SST MAFB	Inhibitory_neurons	F_e33	AD_down_mito	2	6778	effective_query_below_minimum	skipped_effective_query_below_minimum	FALSE	effective_query_below_minimum	FALSE	effective_query_below_minimum
phase20_sex_apoe_kda_source_v1_run_manifest_v1	primary_Inh_L3_5_SST_MAFB_F_e4_AD_up_mito	primary	Inh L3-5 SST MAFB	Inhibitory_neurons	F_e4	AD_up_mito	6	6776	eligible	completed_significant	FALSE	effective_query_below_10	TRUE	NA
phase20_sex_apoe_kda_source_v1_run_manifest_v1	primary_Inh_L3_5_SST_MAFB_F_e4_AD_down_mito	primary	Inh L3-5 SST MAFB	Inhibitory_neurons	F_e4	AD_down_mito	13	6776	eligible	completed_no_significant	TRUE	NA	TRUE	NA
phase20_sex_apoe_kda_source_v1_run_manifest_v1	primary_Inh_L3_5_SST_MAFB_M_e2_AD_up_mito	primary	Inh L3-5 SST MAFB	Inhibitory_neurons	M_e2	AD_up_mito	87	7756	eligible	completed_significant	TRUE	NA	TRUE	NA
phase20_sex_apoe_kda_source_v1_run_manifest_v1	primary_Inh_L3_5_SST_MAFB_M_e2_AD_down_mito	primary	Inh L3-5 SST MAFB	Inhibitory_neurons	M_e2	AD_down_mito	90	7756	eligible	completed_significant	TRUE	NA	TRUE	NA
phase20_sex_apoe_kda_source_v1_run_manifest_v1	primary_Inh_L3_5_SST_MAFB_M_e33_AD_up_mito	primary	Inh L3-5 SST MAFB	Inhibitory_neurons	M_e33	AD_up_mito	0	6964	effective_query_below_minimum	skipped_effective_query_below_minimum	FALSE	effective_query_below_minimum	FALSE	effective_query_below_minimum
phase20_sex_apoe_kda_source_v1_run_manifest_v1	primary_Inh_L3_5_SST_MAFB_M_e33_AD_down_mito	primary	Inh L3-5 SST MAFB	Inhibitory_neurons	M_e33	AD_down_mito	2	6964	effective_query_below_minimum	skipped_effective_query_below_minimum	FALSE	effective_query_below_minimum	FALSE	effective_query_below_minimum
phase20_sex_apoe_kda_source_v1_run_manifest_v1	primary_Inh_L3_5_SST_MAFB_M_e4_AD_up_mito	primary	Inh L3-5 SST MAFB	Inhibitory_neurons	M_e4	AD_up_mito	5	5977	eligible	completed_significant	FALSE	effective_query_below_10	TRUE	NA
phase20_sex_apoe_kda_source_v1_run_manifest_v1	primary_Inh_L3_5_SST_MAFB_M_e4_AD_down_mito	primary	Inh L3-5 SST MAFB	Inhibitory_neurons	M_e4	AD_down_mito	3	5977	eligible	completed_significant	FALSE	effective_query_below_10	TRUE	NA
phase20_sex_apoe_kda_source_v1_run_manifest_v1	primary_Inh_L5_6_PVALB_STON2_F_e2_AD_up_mito	primary	Inh L5-6 PVALB STON2	Inhibitory_neurons	F_e2	AD_up_mito	0	8644	effective_query_below_minimum	skipped_effective_query_below_minimum	FALSE	effective_query_below_minimum	FALSE	effective_query_below_minimum
phase20_sex_apoe_kda_source_v1_run_manifest_v1	primary_Inh_L5_6_PVALB_STON2_F_e2_AD_down_mito	primary	Inh L5-6 PVALB STON2	Inhibitory_neurons	F_e2	AD_down_mito	0	8644	effective_query_below_minimum	skipped_effective_query_below_minimum	FALSE	effective_query_below_minimum	FALSE	effective_query_below_minimum
phase20_sex_apoe_kda_source_v1_run_manifest_v1	primary_Inh_L5_6_PVALB_STON2_F_e33_AD_up_mito	primary	Inh L5-6 PVALB STON2	Inhibitory_neurons	F_e33	AD_up_mito	2	8540	effective_query_below_minimum	skipped_effective_query_below_minimum	FALSE	effective_query_below_minimum	FALSE	effective_query_below_minimum
phase20_sex_apoe_kda_source_v1_run_manifest_v1	primary_Inh_L5_6_PVALB_STON2_F_e33_AD_down_mito	primary	Inh L5-6 PVALB STON2	Inhibitory_neurons	F_e33	AD_down_mito	2	8540	effective_query_below_minimum	skipped_effective_query_below_minimum	FALSE	effective_query_below_minimum	FALSE	effective_query_below_minimum
phase20_sex_apoe_kda_source_v1_run_manifest_v1	primary_Inh_L5_6_PVALB_STON2_F_e4_AD_up_mito	primary	Inh L5-6 PVALB STON2	Inhibitory_neurons	F_e4	AD_up_mito	0	8656	effective_query_below_minimum	skipped_effective_query_below_minimum	FALSE	effective_query_below_minimum	FALSE	effective_query_below_minimum
phase20_sex_apoe_kda_source_v1_run_manifest_v1	primary_Inh_L5_6_PVALB_STON2_F_e4_AD_down_mito	primary	Inh L5-6 PVALB STON2	Inhibitory_neurons	F_e4	AD_down_mito	0	8656	effective_query_below_minimum	skipped_effective_query_below_minimum	FALSE	effective_query_below_minimum	FALSE	effective_query_below_minimum
phase20_sex_apoe_kda_source_v1_run_manifest_v1	primary_Inh_L5_6_PVALB_STON2_M_e2_AD_up_mito	primary	Inh L5-6 PVALB STON2	Inhibitory_neurons	M_e2	AD_up_mito	0	8640	effective_query_below_minimum	skipped_effective_query_below_minimum	FALSE	effective_query_below_minimum	FALSE	effective_query_below_minimum
phase20_sex_apoe_kda_source_v1_run_manifest_v1	primary_Inh_L5_6_PVALB_STON2_M_e2_AD_down_mito	primary	Inh L5-6 PVALB STON2	Inhibitory_neurons	M_e2	AD_down_mito	0	8640	effective_query_below_minimum	skipped_effective_query_below_minimum	FALSE	effective_query_below_minimum	FALSE	effective_query_below_minimum
phase20_sex_apoe_kda_source_v1_run_manifest_v1	primary_Inh_L5_6_PVALB_STON2_M_e33_AD_up_mito	primary	Inh L5-6 PVALB STON2	Inhibitory_neurons	M_e33	AD_up_mito	0	8499	effective_query_below_minimum	skipped_effective_query_below_minimum	FALSE	effective_query_below_minimum	FALSE	effective_query_below_minimum
phase20_sex_apoe_kda_source_v1_run_manifest_v1	primary_Inh_L5_6_PVALB_STON2_M_e33_AD_down_mito	primary	Inh L5-6 PVALB STON2	Inhibitory_neurons	M_e33	AD_down_mito	0	8499	effective_query_below_minimum	skipped_effective_query_below_minimum	FALSE	effective_query_below_minimum	FALSE	effective_query_below_minimum
phase20_sex_apoe_kda_source_v1_run_manifest_v1	primary_Inh_L5_6_PVALB_STON2_M_e4_AD_up_mito	primary	Inh L5-6 PVALB STON2	Inhibitory_neurons	M_e4	AD_up_mito	0	8477	effective_query_below_minimum	skipped_effective_query_below_minimum	FALSE	effective_query_below_minimum	FALSE	effective_query_below_minimum
phase20_sex_apoe_kda_source_v1_run_manifest_v1	primary_Inh_L5_6_PVALB_STON2_M_e4_AD_down_mito	primary	Inh L5-6 PVALB STON2	Inhibitory_neurons	M_e4	AD_down_mito	0	8477	effective_query_below_minimum	skipped_effective_query_below_minimum	FALSE	effective_query_below_minimum	FALSE	effective_query_below_minimum
phase20_sex_apoe_kda_source_v1_run_manifest_v1	primary_Inh_L5_6_SST_TH_F_e2_AD_up_mito	primary	Inh L5-6 SST TH	Inhibitory_neurons	F_e2	AD_up_mito	0	8627	effective_query_below_minimum	skipped_effective_query_below_minimum	FALSE	effective_query_below_minimum	FALSE	effective_query_below_minimum
phase20_sex_apoe_kda_source_v1_run_manifest_v1	primary_Inh_L5_6_SST_TH_F_e2_AD_down_mito	primary	Inh L5-6 SST TH	Inhibitory_neurons	F_e2	AD_down_mito	0	8627	effective_query_below_minimum	skipped_effective_query_below_minimum	FALSE	effective_query_below_minimum	FALSE	effective_query_below_minimum
phase20_sex_apoe_kda_source_v1_run_manifest_v1	primary_Inh_L5_6_SST_TH_F_e33_AD_up_mito	primary	Inh L5-6 SST TH	Inhibitory_neurons	F_e33	AD_up_mito	0	8490	effective_query_below_minimum	skipped_effective_query_below_minimum	FALSE	effective_query_below_minimum	FALSE	effective_query_below_minimum
phase20_sex_apoe_kda_source_v1_run_manifest_v1	primary_Inh_L5_6_SST_TH_F_e33_AD_down_mito	primary	Inh L5-6 SST TH	Inhibitory_neurons	F_e33	AD_down_mito	1	8490	effective_query_below_minimum	skipped_effective_query_below_minimum	FALSE	effective_query_below_minimum	FALSE	effective_query_below_minimum
phase20_sex_apoe_kda_source_v1_run_manifest_v1	primary_Inh_L5_6_SST_TH_F_e4_AD_up_mito	primary	Inh L5-6 SST TH	Inhibitory_neurons	F_e4	AD_up_mito	0	8545	effective_query_below_minimum	skipped_effective_query_below_minimum	FALSE	effective_query_below_minimum	FALSE	effective_query_below_minimum
phase20_sex_apoe_kda_source_v1_run_manifest_v1	primary_Inh_L5_6_SST_TH_F_e4_AD_down_mito	primary	Inh L5-6 SST TH	Inhibitory_neurons	F_e4	AD_down_mito	0	8545	effective_query_below_minimum	skipped_effective_query_below_minimum	FALSE	effective_query_below_minimum	FALSE	effective_query_below_minimum
phase20_sex_apoe_kda_source_v1_run_manifest_v1	primary_Inh_L5_6_SST_TH_M_e2_AD_up_mito	primary	Inh L5-6 SST TH	Inhibitory_neurons	M_e2	AD_up_mito	0	8621	effective_query_below_minimum	skipped_effective_query_below_minimum	FALSE	effective_query_below_minimum	FALSE	effective_query_below_minimum
phase20_sex_apoe_kda_source_v1_run_manifest_v1	primary_Inh_L5_6_SST_TH_M_e2_AD_down_mito	primary	Inh L5-6 SST TH	Inhibitory_neurons	M_e2	AD_down_mito	0	8621	effective_query_below_minimum	skipped_effective_query_below_minimum	FALSE	effective_query_below_minimum	FALSE	effective_query_below_minimum
phase20_sex_apoe_kda_source_v1_run_manifest_v1	primary_Inh_L5_6_SST_TH_M_e33_AD_up_mito	primary	Inh L5-6 SST TH	Inhibitory_neurons	M_e33	AD_up_mito	0	8385	effective_query_below_minimum	skipped_effective_query_below_minimum	FALSE	effective_query_below_minimum	FALSE	effective_query_below_minimum
phase20_sex_apoe_kda_source_v1_run_manifest_v1	primary_Inh_L5_6_SST_TH_M_e33_AD_down_mito	primary	Inh L5-6 SST TH	Inhibitory_neurons	M_e33	AD_down_mito	0	8385	effective_query_below_minimum	skipped_effective_query_below_minimum	FALSE	effective_query_below_minimum	FALSE	effective_query_below_minimum
phase20_sex_apoe_kda_source_v1_run_manifest_v1	primary_Inh_L5_6_SST_TH_M_e4_AD_up_mito	primary	Inh L5-6 SST TH	Inhibitory_neurons	M_e4	AD_up_mito	0	8469	effective_query_below_minimum	skipped_effective_query_below_minimum	FALSE	effective_query_below_minimum	FALSE	effective_query_below_minimum
phase20_sex_apoe_kda_source_v1_run_manifest_v1	primary_Inh_L5_6_SST_TH_M_e4_AD_down_mito	primary	Inh L5-6 SST TH	Inhibitory_neurons	M_e4	AD_down_mito	0	8469	effective_query_below_minimum	skipped_effective_query_below_minimum	FALSE	effective_query_below_minimum	FALSE	effective_query_below_minimum
phase20_sex_apoe_kda_source_v1_run_manifest_v1	primary_Inh_L6_SST_NPY_F_e2_AD_up_mito	primary	Inh L6 SST NPY	Inhibitory_neurons	F_e2	AD_up_mito	0	8538	effective_query_below_minimum	skipped_effective_query_below_minimum	FALSE	effective_query_below_minimum	FALSE	effective_query_below_minimum
phase20_sex_apoe_kda_source_v1_run_manifest_v1	primary_Inh_L6_SST_NPY_F_e2_AD_down_mito	primary	Inh L6 SST NPY	Inhibitory_neurons	F_e2	AD_down_mito	0	8538	effective_query_below_minimum	skipped_effective_query_below_minimum	FALSE	effective_query_below_minimum	FALSE	effective_query_below_minimum
phase20_sex_apoe_kda_source_v1_run_manifest_v1	primary_Inh_L6_SST_NPY_F_e33_AD_up_mito	primary	Inh L6 SST NPY	Inhibitory_neurons	F_e33	AD_up_mito	0	8606	effective_query_below_minimum	skipped_effective_query_below_minimum	FALSE	effective_query_below_minimum	FALSE	effective_query_below_minimum
phase20_sex_apoe_kda_source_v1_run_manifest_v1	primary_Inh_L6_SST_NPY_F_e33_AD_down_mito	primary	Inh L6 SST NPY	Inhibitory_neurons	F_e33	AD_down_mito	0	8606	effective_query_below_minimum	skipped_effective_query_below_minimum	FALSE	effective_query_below_minimum	FALSE	effective_query_below_minimum
phase20_sex_apoe_kda_source_v1_run_manifest_v1	primary_Inh_L6_SST_NPY_F_e4_AD_up_mito	primary	Inh L6 SST NPY	Inhibitory_neurons	F_e4	AD_up_mito	0	8466	effective_query_below_minimum	skipped_effective_query_below_minimum	FALSE	effective_query_below_minimum	FALSE	effective_query_below_minimum
phase20_sex_apoe_kda_source_v1_run_manifest_v1	primary_Inh_L6_SST_NPY_F_e4_AD_down_mito	primary	Inh L6 SST NPY	Inhibitory_neurons	F_e4	AD_down_mito	0	8466	effective_query_below_minimum	skipped_effective_query_below_minimum	FALSE	effective_query_below_minimum	FALSE	effective_query_below_minimum
phase20_sex_apoe_kda_source_v1_run_manifest_v1	primary_Inh_L6_SST_NPY_M_e2_AD_up_mito	primary	Inh L6 SST NPY	Inhibitory_neurons	M_e2	AD_up_mito	0	8327	effective_query_below_minimum	skipped_effective_query_below_minimum	FALSE	effective_query_below_minimum	FALSE	effective_query_below_minimum
phase20_sex_apoe_kda_source_v1_run_manifest_v1	primary_Inh_L6_SST_NPY_M_e2_AD_down_mito	primary	Inh L6 SST NPY	Inhibitory_neurons	M_e2	AD_down_mito	0	8327	effective_query_below_minimum	skipped_effective_query_below_minimum	FALSE	effective_query_below_minimum	FALSE	effective_query_below_minimum
phase20_sex_apoe_kda_source_v1_run_manifest_v1	primary_Inh_L6_SST_NPY_M_e33_AD_up_mito	primary	Inh L6 SST NPY	Inhibitory_neurons	M_e33	AD_up_mito	3	8330	eligible	completed_significant	FALSE	effective_query_below_10	TRUE	NA
phase20_sex_apoe_kda_source_v1_run_manifest_v1	primary_Inh_L6_SST_NPY_M_e33_AD_down_mito	primary	Inh L6 SST NPY	Inhibitory_neurons	M_e33	AD_down_mito	2	8330	effective_query_below_minimum	skipped_effective_query_below_minimum	FALSE	effective_query_below_minimum	FALSE	effective_query_below_minimum
phase20_sex_apoe_kda_source_v1_run_manifest_v1	primary_Inh_L6_SST_NPY_M_e4_AD_up_mito	primary	Inh L6 SST NPY	Inhibitory_neurons	M_e4	AD_up_mito	0	8399	effective_query_below_minimum	skipped_effective_query_below_minimum	FALSE	effective_query_below_minimum	FALSE	effective_query_below_minimum
phase20_sex_apoe_kda_source_v1_run_manifest_v1	primary_Inh_L6_SST_NPY_M_e4_AD_down_mito	primary	Inh L6 SST NPY	Inhibitory_neurons	M_e4	AD_down_mito	0	8399	effective_query_below_minimum	skipped_effective_query_below_minimum	FALSE	effective_query_below_minimum	FALSE	effective_query_below_minimum
phase20_sex_apoe_kda_source_v1_run_manifest_v1	primary_Inh_LAMP5_NRG1_Rosehip_F_e2_AD_up_mito	primary	Inh LAMP5 NRG1 (Rosehip)	Inhibitory_neurons	F_e2	AD_up_mito	6	8159	eligible	completed_significant	FALSE	effective_query_below_10	TRUE	NA
phase20_sex_apoe_kda_source_v1_run_manifest_v1	primary_Inh_LAMP5_NRG1_Rosehip_F_e2_AD_down_mito	primary	Inh LAMP5 NRG1 (Rosehip)	Inhibitory_neurons	F_e2	AD_down_mito	3	8159	eligible	completed_significant	FALSE	effective_query_below_10	TRUE	NA
phase20_sex_apoe_kda_source_v1_run_manifest_v1	primary_Inh_LAMP5_NRG1_Rosehip_F_e33_AD_up_mito	primary	Inh LAMP5 NRG1 (Rosehip)	Inhibitory_neurons	F_e33	AD_up_mito	5	8165	eligible	completed_significant	FALSE	effective_query_below_10	TRUE	NA
phase20_sex_apoe_kda_source_v1_run_manifest_v1	primary_Inh_LAMP5_NRG1_Rosehip_F_e33_AD_down_mito	primary	Inh LAMP5 NRG1 (Rosehip)	Inhibitory_neurons	F_e33	AD_down_mito	3	8165	eligible	completed_significant	FALSE	effective_query_below_10	TRUE	NA
phase20_sex_apoe_kda_source_v1_run_manifest_v1	primary_Inh_LAMP5_NRG1_Rosehip_F_e4_AD_up_mito	primary	Inh LAMP5 NRG1 (Rosehip)	Inhibitory_neurons	F_e4	AD_up_mito	3	7917	eligible	completed_significant	FALSE	effective_query_below_10	TRUE	NA
phase20_sex_apoe_kda_source_v1_run_manifest_v1	primary_Inh_LAMP5_NRG1_Rosehip_F_e4_AD_down_mito	primary	Inh LAMP5 NRG1 (Rosehip)	Inhibitory_neurons	F_e4	AD_down_mito	55	7917	eligible	completed_significant	TRUE	NA	TRUE	NA
phase20_sex_apoe_kda_source_v1_run_manifest_v1	primary_Inh_LAMP5_NRG1_Rosehip_M_e2_AD_up_mito	primary	Inh LAMP5 NRG1 (Rosehip)	Inhibitory_neurons	M_e2	AD_up_mito	64	8084	eligible	completed_no_significant	TRUE	NA	TRUE	NA
phase20_sex_apoe_kda_source_v1_run_manifest_v1	primary_Inh_LAMP5_NRG1_Rosehip_M_e2_AD_down_mito	primary	Inh LAMP5 NRG1 (Rosehip)	Inhibitory_neurons	M_e2	AD_down_mito	65	8084	eligible	completed_significant	TRUE	NA	TRUE	NA
phase20_sex_apoe_kda_source_v1_run_manifest_v1	primary_Inh_LAMP5_NRG1_Rosehip_M_e33_AD_up_mito	primary	Inh LAMP5 NRG1 (Rosehip)	Inhibitory_neurons	M_e33	AD_up_mito	1	8106	effective_query_below_minimum	skipped_effective_query_below_minimum	FALSE	effective_query_below_minimum	FALSE	effective_query_below_minimum
phase20_sex_apoe_kda_source_v1_run_manifest_v1	primary_Inh_LAMP5_NRG1_Rosehip_M_e33_AD_down_mito	primary	Inh LAMP5 NRG1 (Rosehip)	Inhibitory_neurons	M_e33	AD_down_mito	16	8106	eligible	completed_no_significant	TRUE	NA	TRUE	NA
phase20_sex_apoe_kda_source_v1_run_manifest_v1	primary_Inh_LAMP5_NRG1_Rosehip_M_e4_AD_up_mito	primary	Inh LAMP5 NRG1 (Rosehip)	Inhibitory_neurons	M_e4	AD_up_mito	1	7835	effective_query_below_minimum	skipped_effective_query_below_minimum	FALSE	effective_query_below_minimum	FALSE	effective_query_below_minimum
phase20_sex_apoe_kda_source_v1_run_manifest_v1	primary_Inh_LAMP5_NRG1_Rosehip_M_e4_AD_down_mito	primary	Inh LAMP5 NRG1 (Rosehip)	Inhibitory_neurons	M_e4	AD_down_mito	44	7835	eligible	completed_significant	TRUE	NA	TRUE	NA
phase20_sex_apoe_kda_source_v1_run_manifest_v1	primary_Inh_LAMP5_RELN_F_e2_AD_up_mito	primary	Inh LAMP5 RELN	Inhibitory_neurons	F_e2	AD_up_mito	0	7735	effective_query_below_minimum	skipped_effective_query_below_minimum	FALSE	effective_query_below_minimum	FALSE	effective_query_below_minimum
phase20_sex_apoe_kda_source_v1_run_manifest_v1	primary_Inh_LAMP5_RELN_F_e2_AD_down_mito	primary	Inh LAMP5 RELN	Inhibitory_neurons	F_e2	AD_down_mito	0	7735	effective_query_below_minimum	skipped_effective_query_below_minimum	FALSE	effective_query_below_minimum	FALSE	effective_query_below_minimum
phase20_sex_apoe_kda_source_v1_run_manifest_v1	primary_Inh_LAMP5_RELN_F_e33_AD_up_mito	primary	Inh LAMP5 RELN	Inhibitory_neurons	F_e33	AD_up_mito	0	6990	effective_query_below_minimum	skipped_effective_query_below_minimum	FALSE	effective_query_below_minimum	FALSE	effective_query_below_minimum
phase20_sex_apoe_kda_source_v1_run_manifest_v1	primary_Inh_LAMP5_RELN_F_e33_AD_down_mito	primary	Inh LAMP5 RELN	Inhibitory_neurons	F_e33	AD_down_mito	0	6990	effective_query_below_minimum	skipped_effective_query_below_minimum	FALSE	effective_query_below_minimum	FALSE	effective_query_below_minimum
phase20_sex_apoe_kda_source_v1_run_manifest_v1	primary_Inh_LAMP5_RELN_F_e4_AD_up_mito	primary	Inh LAMP5 RELN	Inhibitory_neurons	F_e4	AD_up_mito	1	6573	effective_query_below_minimum	skipped_effective_query_below_minimum	FALSE	effective_query_below_minimum	FALSE	effective_query_below_minimum
phase20_sex_apoe_kda_source_v1_run_manifest_v1	primary_Inh_LAMP5_RELN_F_e4_AD_down_mito	primary	Inh LAMP5 RELN	Inhibitory_neurons	F_e4	AD_down_mito	8	6573	eligible	completed_significant	FALSE	effective_query_below_10	TRUE	NA
phase20_sex_apoe_kda_source_v1_run_manifest_v1	primary_Inh_LAMP5_RELN_M_e2_AD_up_mito	primary	Inh LAMP5 RELN	Inhibitory_neurons	M_e2	AD_up_mito	0	6815	effective_query_below_minimum	skipped_effective_query_below_minimum	FALSE	effective_query_below_minimum	FALSE	effective_query_below_minimum
phase20_sex_apoe_kda_source_v1_run_manifest_v1	primary_Inh_LAMP5_RELN_M_e2_AD_down_mito	primary	Inh LAMP5 RELN	Inhibitory_neurons	M_e2	AD_down_mito	0	6815	effective_query_below_minimum	skipped_effective_query_below_minimum	FALSE	effective_query_below_minimum	FALSE	effective_query_below_minimum
phase20_sex_apoe_kda_source_v1_run_manifest_v1	primary_Inh_LAMP5_RELN_M_e33_AD_up_mito	primary	Inh LAMP5 RELN	Inhibitory_neurons	M_e33	AD_up_mito	0	7252	effective_query_below_minimum	skipped_effective_query_below_minimum	FALSE	effective_query_below_minimum	FALSE	effective_query_below_minimum
phase20_sex_apoe_kda_source_v1_run_manifest_v1	primary_Inh_LAMP5_RELN_M_e33_AD_down_mito	primary	Inh LAMP5 RELN	Inhibitory_neurons	M_e33	AD_down_mito	0	7252	effective_query_below_minimum	skipped_effective_query_below_minimum	FALSE	effective_query_below_minimum	FALSE	effective_query_below_minimum
phase20_sex_apoe_kda_source_v1_run_manifest_v1	primary_Inh_LAMP5_RELN_M_e4_AD_up_mito	primary	Inh LAMP5 RELN	Inhibitory_neurons	M_e4	AD_up_mito	0	6318	effective_query_below_minimum	skipped_effective_query_below_minimum	FALSE	effective_query_below_minimum	FALSE	effective_query_below_minimum
phase20_sex_apoe_kda_source_v1_run_manifest_v1	primary_Inh_LAMP5_RELN_M_e4_AD_down_mito	primary	Inh LAMP5 RELN	Inhibitory_neurons	M_e4	AD_down_mito	0	6318	effective_query_below_minimum	skipped_effective_query_below_minimum	FALSE	effective_query_below_minimum	FALSE	effective_query_below_minimum
phase20_sex_apoe_kda_source_v1_run_manifest_v1	primary_Inh_PTPRK_FAM19A1_F_e2_AD_up_mito	primary	Inh PTPRK FAM19A1	Inhibitory_neurons	F_e2	AD_up_mito	1	6518	effective_query_below_minimum	skipped_effective_query_below_minimum	FALSE	effective_query_below_minimum	FALSE	effective_query_below_minimum
phase20_sex_apoe_kda_source_v1_run_manifest_v1	primary_Inh_PTPRK_FAM19A1_F_e2_AD_down_mito	primary	Inh PTPRK FAM19A1	Inhibitory_neurons	F_e2	AD_down_mito	0	6518	effective_query_below_minimum	skipped_effective_query_below_minimum	FALSE	effective_query_below_minimum	FALSE	effective_query_below_minimum
phase20_sex_apoe_kda_source_v1_run_manifest_v1	primary_Inh_PTPRK_FAM19A1_F_e33_AD_up_mito	primary	Inh PTPRK FAM19A1	Inhibitory_neurons	F_e33	AD_up_mito	2	7019	effective_query_below_minimum	skipped_effective_query_below_minimum	FALSE	effective_query_below_minimum	FALSE	effective_query_below_minimum
phase20_sex_apoe_kda_source_v1_run_manifest_v1	primary_Inh_PTPRK_FAM19A1_F_e33_AD_down_mito	primary	Inh PTPRK FAM19A1	Inhibitory_neurons	F_e33	AD_down_mito	1	7019	effective_query_below_minimum	skipped_effective_query_below_minimum	FALSE	effective_query_below_minimum	FALSE	effective_query_below_minimum
phase20_sex_apoe_kda_source_v1_run_manifest_v1	primary_Inh_PTPRK_FAM19A1_F_e4_AD_up_mito	primary	Inh PTPRK FAM19A1	Inhibitory_neurons	F_e4	AD_up_mito	0	6748	effective_query_below_minimum	skipped_effective_query_below_minimum	FALSE	effective_query_below_minimum	FALSE	effective_query_below_minimum
phase20_sex_apoe_kda_source_v1_run_manifest_v1	primary_Inh_PTPRK_FAM19A1_F_e4_AD_down_mito	primary	Inh PTPRK FAM19A1	Inhibitory_neurons	F_e4	AD_down_mito	1	6748	effective_query_below_minimum	skipped_effective_query_below_minimum	FALSE	effective_query_below_minimum	FALSE	effective_query_below_minimum
phase20_sex_apoe_kda_source_v1_run_manifest_v1	primary_Inh_PTPRK_FAM19A1_M_e2_AD_up_mito	primary	Inh PTPRK FAM19A1	Inhibitory_neurons	M_e2	AD_up_mito	0	6560	effective_query_below_minimum	skipped_effective_query_below_minimum	FALSE	effective_query_below_minimum	FALSE	effective_query_below_minimum
phase20_sex_apoe_kda_source_v1_run_manifest_v1	primary_Inh_PTPRK_FAM19A1_M_e2_AD_down_mito	primary	Inh PTPRK FAM19A1	Inhibitory_neurons	M_e2	AD_down_mito	0	6560	effective_query_below_minimum	skipped_effective_query_below_minimum	FALSE	effective_query_below_minimum	FALSE	effective_query_below_minimum
phase20_sex_apoe_kda_source_v1_run_manifest_v1	primary_Inh_PTPRK_FAM19A1_M_e33_AD_up_mito	primary	Inh PTPRK FAM19A1	Inhibitory_neurons	M_e33	AD_up_mito	1	7133	effective_query_below_minimum	skipped_effective_query_below_minimum	FALSE	effective_query_below_minimum	FALSE	effective_query_below_minimum
phase20_sex_apoe_kda_source_v1_run_manifest_v1	primary_Inh_PTPRK_FAM19A1_M_e33_AD_down_mito	primary	Inh PTPRK FAM19A1	Inhibitory_neurons	M_e33	AD_down_mito	0	7133	effective_query_below_minimum	skipped_effective_query_below_minimum	FALSE	effective_query_below_minimum	FALSE	effective_query_below_minimum
phase20_sex_apoe_kda_source_v1_run_manifest_v1	primary_Inh_PTPRK_FAM19A1_M_e4_AD_up_mito	primary	Inh PTPRK FAM19A1	Inhibitory_neurons	M_e4	AD_up_mito	0	6480	effective_query_below_minimum	skipped_effective_query_below_minimum	FALSE	effective_query_below_minimum	FALSE	effective_query_below_minimum
phase20_sex_apoe_kda_source_v1_run_manifest_v1	primary_Inh_PTPRK_FAM19A1_M_e4_AD_down_mito	primary	Inh PTPRK FAM19A1	Inhibitory_neurons	M_e4	AD_down_mito	0	6480	effective_query_below_minimum	skipped_effective_query_below_minimum	FALSE	effective_query_below_minimum	FALSE	effective_query_below_minimum
phase20_sex_apoe_kda_source_v1_run_manifest_v1	primary_Inh_PVALB_CA8_Chandelier_F_e2_AD_up_mito	primary	Inh PVALB CA8 (Chandelier)	Inhibitory_neurons	F_e2	AD_up_mito	3	7554	eligible	completed_significant	FALSE	effective_query_below_10	TRUE	NA
phase20_sex_apoe_kda_source_v1_run_manifest_v1	primary_Inh_PVALB_CA8_Chandelier_F_e2_AD_down_mito	primary	Inh PVALB CA8 (Chandelier)	Inhibitory_neurons	F_e2	AD_down_mito	0	7554	effective_query_below_minimum	skipped_effective_query_below_minimum	FALSE	effective_query_below_minimum	FALSE	effective_query_below_minimum
phase20_sex_apoe_kda_source_v1_run_manifest_v1	primary_Inh_PVALB_CA8_Chandelier_F_e33_AD_up_mito	primary	Inh PVALB CA8 (Chandelier)	Inhibitory_neurons	F_e33	AD_up_mito	6	7894	eligible	completed_significant	FALSE	effective_query_below_10	TRUE	NA
phase20_sex_apoe_kda_source_v1_run_manifest_v1	primary_Inh_PVALB_CA8_Chandelier_F_e33_AD_down_mito	primary	Inh PVALB CA8 (Chandelier)	Inhibitory_neurons	F_e33	AD_down_mito	9	7894	eligible	completed_significant	FALSE	effective_query_below_10	TRUE	NA
phase20_sex_apoe_kda_source_v1_run_manifest_v1	primary_Inh_PVALB_CA8_Chandelier_F_e4_AD_up_mito	primary	Inh PVALB CA8 (Chandelier)	Inhibitory_neurons	F_e4	AD_up_mito	0	7640	effective_query_below_minimum	skipped_effective_query_below_minimum	FALSE	effective_query_below_minimum	FALSE	effective_query_below_minimum
phase20_sex_apoe_kda_source_v1_run_manifest_v1	primary_Inh_PVALB_CA8_Chandelier_F_e4_AD_down_mito	primary	Inh PVALB CA8 (Chandelier)	Inhibitory_neurons	F_e4	AD_down_mito	13	7640	eligible	completed_significant	TRUE	NA	TRUE	NA
phase20_sex_apoe_kda_source_v1_run_manifest_v1	primary_Inh_PVALB_CA8_Chandelier_M_e2_AD_up_mito	primary	Inh PVALB CA8 (Chandelier)	Inhibitory_neurons	M_e2	AD_up_mito	5	7873	eligible	completed_no_significant	FALSE	effective_query_below_10	TRUE	NA
phase20_sex_apoe_kda_source_v1_run_manifest_v1	primary_Inh_PVALB_CA8_Chandelier_M_e2_AD_down_mito	primary	Inh PVALB CA8 (Chandelier)	Inhibitory_neurons	M_e2	AD_down_mito	8	7873	eligible	completed_no_significant	FALSE	effective_query_below_10	TRUE	NA
phase20_sex_apoe_kda_source_v1_run_manifest_v1	primary_Inh_PVALB_CA8_Chandelier_M_e33_AD_up_mito	primary	Inh PVALB CA8 (Chandelier)	Inhibitory_neurons	M_e33	AD_up_mito	0	7577	effective_query_below_minimum	skipped_effective_query_below_minimum	FALSE	effective_query_below_minimum	FALSE	effective_query_below_minimum
phase20_sex_apoe_kda_source_v1_run_manifest_v1	primary_Inh_PVALB_CA8_Chandelier_M_e33_AD_down_mito	primary	Inh PVALB CA8 (Chandelier)	Inhibitory_neurons	M_e33	AD_down_mito	7	7577	eligible	completed_significant	FALSE	effective_query_below_10	TRUE	NA
phase20_sex_apoe_kda_source_v1_run_manifest_v1	primary_Inh_PVALB_CA8_Chandelier_M_e4_AD_up_mito	primary	Inh PVALB CA8 (Chandelier)	Inhibitory_neurons	M_e4	AD_up_mito	1	7366	effective_query_below_minimum	skipped_effective_query_below_minimum	FALSE	effective_query_below_minimum	FALSE	effective_query_below_minimum
phase20_sex_apoe_kda_source_v1_run_manifest_v1	primary_Inh_PVALB_CA8_Chandelier_M_e4_AD_down_mito	primary	Inh PVALB CA8 (Chandelier)	Inhibitory_neurons	M_e4	AD_down_mito	7	7366	eligible	completed_significant	FALSE	effective_query_below_10	TRUE	NA
phase20_sex_apoe_kda_source_v1_run_manifest_v1	primary_Inh_PVALB_HTR4_F_e2_AD_up_mito	primary	Inh PVALB HTR4	Inhibitory_neurons	F_e2	AD_up_mito	37	8606	eligible	completed_significant	TRUE	NA	TRUE	NA
phase20_sex_apoe_kda_source_v1_run_manifest_v1	primary_Inh_PVALB_HTR4_F_e2_AD_down_mito	primary	Inh PVALB HTR4	Inhibitory_neurons	F_e2	AD_down_mito	13	8606	eligible	completed_significant	TRUE	NA	TRUE	NA
phase20_sex_apoe_kda_source_v1_run_manifest_v1	primary_Inh_PVALB_HTR4_F_e33_AD_up_mito	primary	Inh PVALB HTR4	Inhibitory_neurons	F_e33	AD_up_mito	5	8496	eligible	completed_significant	FALSE	effective_query_below_10	TRUE	NA
phase20_sex_apoe_kda_source_v1_run_manifest_v1	primary_Inh_PVALB_HTR4_F_e33_AD_down_mito	primary	Inh PVALB HTR4	Inhibitory_neurons	F_e33	AD_down_mito	4	8496	eligible	completed_significant	FALSE	effective_query_below_10	TRUE	NA
phase20_sex_apoe_kda_source_v1_run_manifest_v1	primary_Inh_PVALB_HTR4_F_e4_AD_up_mito	primary	Inh PVALB HTR4	Inhibitory_neurons	F_e4	AD_up_mito	9	8499	eligible	completed_no_significant	FALSE	effective_query_below_10	TRUE	NA
phase20_sex_apoe_kda_source_v1_run_manifest_v1	primary_Inh_PVALB_HTR4_F_e4_AD_down_mito	primary	Inh PVALB HTR4	Inhibitory_neurons	F_e4	AD_down_mito	72	8499	eligible	completed_significant	TRUE	NA	TRUE	NA
phase20_sex_apoe_kda_source_v1_run_manifest_v1	primary_Inh_PVALB_HTR4_M_e2_AD_up_mito	primary	Inh PVALB HTR4	Inhibitory_neurons	M_e2	AD_up_mito	100	8668	eligible	completed_significant	TRUE	NA	TRUE	NA
phase20_sex_apoe_kda_source_v1_run_manifest_v1	primary_Inh_PVALB_HTR4_M_e2_AD_down_mito	primary	Inh PVALB HTR4	Inhibitory_neurons	M_e2	AD_down_mito	60	8668	eligible	completed_significant	TRUE	NA	TRUE	NA
phase20_sex_apoe_kda_source_v1_run_manifest_v1	primary_Inh_PVALB_HTR4_M_e33_AD_up_mito	primary	Inh PVALB HTR4	Inhibitory_neurons	M_e33	AD_up_mito	1	8463	effective_query_below_minimum	skipped_effective_query_below_minimum	FALSE	effective_query_below_minimum	FALSE	effective_query_below_minimum
phase20_sex_apoe_kda_source_v1_run_manifest_v1	primary_Inh_PVALB_HTR4_M_e33_AD_down_mito	primary	Inh PVALB HTR4	Inhibitory_neurons	M_e33	AD_down_mito	3	8463	eligible	completed_significant	FALSE	effective_query_below_10	TRUE	NA
phase20_sex_apoe_kda_source_v1_run_manifest_v1	primary_Inh_PVALB_HTR4_M_e4_AD_up_mito	primary	Inh PVALB HTR4	Inhibitory_neurons	M_e4	AD_up_mito	3	8396	eligible	completed_significant	FALSE	effective_query_below_10	TRUE	NA
phase20_sex_apoe_kda_source_v1_run_manifest_v1	primary_Inh_PVALB_HTR4_M_e4_AD_down_mito	primary	Inh PVALB HTR4	Inhibitory_neurons	M_e4	AD_down_mito	38	8396	eligible	completed_significant	TRUE	NA	TRUE	NA
phase20_sex_apoe_kda_source_v1_run_manifest_v1	primary_Inh_PVALB_SULF1_F_e2_AD_up_mito	primary	Inh PVALB SULF1	Inhibitory_neurons	F_e2	AD_up_mito	10	8512	eligible	completed_significant	TRUE	NA	TRUE	NA
phase20_sex_apoe_kda_source_v1_run_manifest_v1	primary_Inh_PVALB_SULF1_F_e2_AD_down_mito	primary	Inh PVALB SULF1	Inhibitory_neurons	F_e2	AD_down_mito	2	8512	effective_query_below_minimum	skipped_effective_query_below_minimum	FALSE	effective_query_below_minimum	FALSE	effective_query_below_minimum
phase20_sex_apoe_kda_source_v1_run_manifest_v1	primary_Inh_PVALB_SULF1_F_e33_AD_up_mito	primary	Inh PVALB SULF1	Inhibitory_neurons	F_e33	AD_up_mito	4	8435	eligible	completed_significant	FALSE	effective_query_below_10	TRUE	NA
phase20_sex_apoe_kda_source_v1_run_manifest_v1	primary_Inh_PVALB_SULF1_F_e33_AD_down_mito	primary	Inh PVALB SULF1	Inhibitory_neurons	F_e33	AD_down_mito	5	8435	eligible	completed_no_significant	FALSE	effective_query_below_10	TRUE	NA
phase20_sex_apoe_kda_source_v1_run_manifest_v1	primary_Inh_PVALB_SULF1_F_e4_AD_up_mito	primary	Inh PVALB SULF1	Inhibitory_neurons	F_e4	AD_up_mito	2	8438	effective_query_below_minimum	skipped_effective_query_below_minimum	FALSE	effective_query_below_minimum	FALSE	effective_query_below_minimum
phase20_sex_apoe_kda_source_v1_run_manifest_v1	primary_Inh_PVALB_SULF1_F_e4_AD_down_mito	primary	Inh PVALB SULF1	Inhibitory_neurons	F_e4	AD_down_mito	17	8438	eligible	completed_significant	TRUE	NA	TRUE	NA
phase20_sex_apoe_kda_source_v1_run_manifest_v1	primary_Inh_PVALB_SULF1_M_e2_AD_up_mito	primary	Inh PVALB SULF1	Inhibitory_neurons	M_e2	AD_up_mito	18	8529	eligible	completed_no_significant	TRUE	NA	TRUE	NA
phase20_sex_apoe_kda_source_v1_run_manifest_v1	primary_Inh_PVALB_SULF1_M_e2_AD_down_mito	primary	Inh PVALB SULF1	Inhibitory_neurons	M_e2	AD_down_mito	29	8529	eligible	completed_significant	TRUE	NA	TRUE	NA
phase20_sex_apoe_kda_source_v1_run_manifest_v1	primary_Inh_PVALB_SULF1_M_e33_AD_up_mito	primary	Inh PVALB SULF1	Inhibitory_neurons	M_e33	AD_up_mito	5	8332	eligible	completed_significant	FALSE	effective_query_below_10	TRUE	NA
phase20_sex_apoe_kda_source_v1_run_manifest_v1	primary_Inh_PVALB_SULF1_M_e33_AD_down_mito	primary	Inh PVALB SULF1	Inhibitory_neurons	M_e33	AD_down_mito	5	8332	eligible	completed_significant	FALSE	effective_query_below_10	TRUE	NA
phase20_sex_apoe_kda_source_v1_run_manifest_v1	primary_Inh_PVALB_SULF1_M_e4_AD_up_mito	primary	Inh PVALB SULF1	Inhibitory_neurons	M_e4	AD_up_mito	0	8348	effective_query_below_minimum	skipped_effective_query_below_minimum	FALSE	effective_query_below_minimum	FALSE	effective_query_below_minimum
phase20_sex_apoe_kda_source_v1_run_manifest_v1	primary_Inh_PVALB_SULF1_M_e4_AD_down_mito	primary	Inh PVALB SULF1	Inhibitory_neurons	M_e4	AD_down_mito	4	8348	eligible	completed_no_significant	FALSE	effective_query_below_10	TRUE	NA
phase20_sex_apoe_kda_source_v1_run_manifest_v1	primary_Inh_RYR3_TSHZ2_F_e2_AD_up_mito	primary	Inh RYR3 TSHZ2	Inhibitory_neurons	F_e2	AD_up_mito	4	7169	eligible	completed_significant	FALSE	effective_query_below_10	TRUE	NA
phase20_sex_apoe_kda_source_v1_run_manifest_v1	primary_Inh_RYR3_TSHZ2_F_e2_AD_down_mito	primary	Inh RYR3 TSHZ2	Inhibitory_neurons	F_e2	AD_down_mito	0	7169	effective_query_below_minimum	skipped_effective_query_below_minimum	FALSE	effective_query_below_minimum	FALSE	effective_query_below_minimum
phase20_sex_apoe_kda_source_v1_run_manifest_v1	primary_Inh_RYR3_TSHZ2_F_e33_AD_up_mito	primary	Inh RYR3 TSHZ2	Inhibitory_neurons	F_e33	AD_up_mito	9	7508	eligible	completed_significant	FALSE	effective_query_below_10	TRUE	NA
phase20_sex_apoe_kda_source_v1_run_manifest_v1	primary_Inh_RYR3_TSHZ2_F_e33_AD_down_mito	primary	Inh RYR3 TSHZ2	Inhibitory_neurons	F_e33	AD_down_mito	2	7508	effective_query_below_minimum	skipped_effective_query_below_minimum	FALSE	effective_query_below_minimum	FALSE	effective_query_below_minimum
phase20_sex_apoe_kda_source_v1_run_manifest_v1	primary_Inh_RYR3_TSHZ2_F_e4_AD_up_mito	primary	Inh RYR3 TSHZ2	Inhibitory_neurons	F_e4	AD_up_mito	0	7492	effective_query_below_minimum	skipped_effective_query_below_minimum	FALSE	effective_query_below_minimum	FALSE	effective_query_below_minimum
phase20_sex_apoe_kda_source_v1_run_manifest_v1	primary_Inh_RYR3_TSHZ2_F_e4_AD_down_mito	primary	Inh RYR3 TSHZ2	Inhibitory_neurons	F_e4	AD_down_mito	7	7492	eligible	completed_significant	FALSE	effective_query_below_10	TRUE	NA
phase20_sex_apoe_kda_source_v1_run_manifest_v1	primary_Inh_RYR3_TSHZ2_M_e2_AD_up_mito	primary	Inh RYR3 TSHZ2	Inhibitory_neurons	M_e2	AD_up_mito	8	7023	eligible	completed_no_significant	FALSE	effective_query_below_10	TRUE	NA
phase20_sex_apoe_kda_source_v1_run_manifest_v1	primary_Inh_RYR3_TSHZ2_M_e2_AD_down_mito	primary	Inh RYR3 TSHZ2	Inhibitory_neurons	M_e2	AD_down_mito	27	7023	eligible	completed_significant	TRUE	NA	TRUE	NA
phase20_sex_apoe_kda_source_v1_run_manifest_v1	primary_Inh_RYR3_TSHZ2_M_e33_AD_up_mito	primary	Inh RYR3 TSHZ2	Inhibitory_neurons	M_e33	AD_up_mito	1	7226	effective_query_below_minimum	skipped_effective_query_below_minimum	FALSE	effective_query_below_minimum	FALSE	effective_query_below_minimum
phase20_sex_apoe_kda_source_v1_run_manifest_v1	primary_Inh_RYR3_TSHZ2_M_e33_AD_down_mito	primary	Inh RYR3 TSHZ2	Inhibitory_neurons	M_e33	AD_down_mito	1	7226	effective_query_below_minimum	skipped_effective_query_below_minimum	FALSE	effective_query_below_minimum	FALSE	effective_query_below_minimum
phase20_sex_apoe_kda_source_v1_run_manifest_v1	primary_Inh_RYR3_TSHZ2_M_e4_AD_up_mito	primary	Inh RYR3 TSHZ2	Inhibitory_neurons	M_e4	AD_up_mito	0	6831	effective_query_below_minimum	skipped_effective_query_below_minimum	FALSE	effective_query_below_minimum	FALSE	effective_query_below_minimum
phase20_sex_apoe_kda_source_v1_run_manifest_v1	primary_Inh_RYR3_TSHZ2_M_e4_AD_down_mito	primary	Inh RYR3 TSHZ2	Inhibitory_neurons	M_e4	AD_down_mito	3	6831	eligible	completed_significant	FALSE	effective_query_below_10	TRUE	NA
phase20_sex_apoe_kda_source_v1_run_manifest_v1	primary_Inh_SGCD_PDE3A_F_e2_AD_up_mito	primary	Inh SGCD PDE3A	Inhibitory_neurons	F_e2	AD_up_mito	0	8758	effective_query_below_minimum	skipped_effective_query_below_minimum	FALSE	effective_query_below_minimum	FALSE	effective_query_below_minimum
phase20_sex_apoe_kda_source_v1_run_manifest_v1	primary_Inh_SGCD_PDE3A_F_e2_AD_down_mito	primary	Inh SGCD PDE3A	Inhibitory_neurons	F_e2	AD_down_mito	0	8758	effective_query_below_minimum	skipped_effective_query_below_minimum	FALSE	effective_query_below_minimum	FALSE	effective_query_below_minimum
phase20_sex_apoe_kda_source_v1_run_manifest_v1	primary_Inh_SGCD_PDE3A_F_e33_AD_up_mito	primary	Inh SGCD PDE3A	Inhibitory_neurons	F_e33	AD_up_mito	0	8737	effective_query_below_minimum	skipped_effective_query_below_minimum	FALSE	effective_query_below_minimum	FALSE	effective_query_below_minimum
phase20_sex_apoe_kda_source_v1_run_manifest_v1	primary_Inh_SGCD_PDE3A_F_e33_AD_down_mito	primary	Inh SGCD PDE3A	Inhibitory_neurons	F_e33	AD_down_mito	0	8737	effective_query_below_minimum	skipped_effective_query_below_minimum	FALSE	effective_query_below_minimum	FALSE	effective_query_below_minimum
phase20_sex_apoe_kda_source_v1_run_manifest_v1	primary_Inh_SGCD_PDE3A_F_e4_AD_up_mito	primary	Inh SGCD PDE3A	Inhibitory_neurons	F_e4	AD_up_mito	0	8717	effective_query_below_minimum	skipped_effective_query_below_minimum	FALSE	effective_query_below_minimum	FALSE	effective_query_below_minimum
phase20_sex_apoe_kda_source_v1_run_manifest_v1	primary_Inh_SGCD_PDE3A_F_e4_AD_down_mito	primary	Inh SGCD PDE3A	Inhibitory_neurons	F_e4	AD_down_mito	0	8717	effective_query_below_minimum	skipped_effective_query_below_minimum	FALSE	effective_query_below_minimum	FALSE	effective_query_below_minimum
phase20_sex_apoe_kda_source_v1_run_manifest_v1	primary_Inh_SGCD_PDE3A_M_e2_AD_up_mito	primary	Inh SGCD PDE3A	Inhibitory_neurons	M_e2	AD_up_mito	0	8529	effective_query_below_minimum	skipped_effective_query_below_minimum	FALSE	effective_query_below_minimum	FALSE	effective_query_below_minimum
phase20_sex_apoe_kda_source_v1_run_manifest_v1	primary_Inh_SGCD_PDE3A_M_e2_AD_down_mito	primary	Inh SGCD PDE3A	Inhibitory_neurons	M_e2	AD_down_mito	0	8529	effective_query_below_minimum	skipped_effective_query_below_minimum	FALSE	effective_query_below_minimum	FALSE	effective_query_below_minimum
phase20_sex_apoe_kda_source_v1_run_manifest_v1	primary_Inh_SGCD_PDE3A_M_e33_AD_up_mito	primary	Inh SGCD PDE3A	Inhibitory_neurons	M_e33	AD_up_mito	0	8699	effective_query_below_minimum	skipped_effective_query_below_minimum	FALSE	effective_query_below_minimum	FALSE	effective_query_below_minimum
phase20_sex_apoe_kda_source_v1_run_manifest_v1	primary_Inh_SGCD_PDE3A_M_e33_AD_down_mito	primary	Inh SGCD PDE3A	Inhibitory_neurons	M_e33	AD_down_mito	0	8699	effective_query_below_minimum	skipped_effective_query_below_minimum	FALSE	effective_query_below_minimum	FALSE	effective_query_below_minimum
phase20_sex_apoe_kda_source_v1_run_manifest_v1	primary_Inh_SGCD_PDE3A_M_e4_AD_up_mito	primary	Inh SGCD PDE3A	Inhibitory_neurons	M_e4	AD_up_mito	0	8668	effective_query_below_minimum	skipped_effective_query_below_minimum	FALSE	effective_query_below_minimum	FALSE	effective_query_below_minimum
phase20_sex_apoe_kda_source_v1_run_manifest_v1	primary_Inh_SGCD_PDE3A_M_e4_AD_down_mito	primary	Inh SGCD PDE3A	Inhibitory_neurons	M_e4	AD_down_mito	0	8668	effective_query_below_minimum	skipped_effective_query_below_minimum	FALSE	effective_query_below_minimum	FALSE	effective_query_below_minimum
phase20_sex_apoe_kda_source_v1_run_manifest_v1	primary_Inh_SORCS1_TTN_F_e2_AD_up_mito	primary	Inh SORCS1 TTN	Inhibitory_neurons	F_e2	AD_up_mito	1	6578	effective_query_below_minimum	skipped_effective_query_below_minimum	FALSE	effective_query_below_minimum	FALSE	effective_query_below_minimum
phase20_sex_apoe_kda_source_v1_run_manifest_v1	primary_Inh_SORCS1_TTN_F_e2_AD_down_mito	primary	Inh SORCS1 TTN	Inhibitory_neurons	F_e2	AD_down_mito	0	6578	effective_query_below_minimum	skipped_effective_query_below_minimum	FALSE	effective_query_below_minimum	FALSE	effective_query_below_minimum
phase20_sex_apoe_kda_source_v1_run_manifest_v1	primary_Inh_SORCS1_TTN_F_e33_AD_up_mito	primary	Inh SORCS1 TTN	Inhibitory_neurons	F_e33	AD_up_mito	10	6806	eligible	completed_significant	TRUE	NA	TRUE	NA
phase20_sex_apoe_kda_source_v1_run_manifest_v1	primary_Inh_SORCS1_TTN_F_e33_AD_down_mito	primary	Inh SORCS1 TTN	Inhibitory_neurons	F_e33	AD_down_mito	1	6806	effective_query_below_minimum	skipped_effective_query_below_minimum	FALSE	effective_query_below_minimum	FALSE	effective_query_below_minimum
phase20_sex_apoe_kda_source_v1_run_manifest_v1	primary_Inh_SORCS1_TTN_F_e4_AD_up_mito	primary	Inh SORCS1 TTN	Inhibitory_neurons	F_e4	AD_up_mito	0	6314	effective_query_below_minimum	skipped_effective_query_below_minimum	FALSE	effective_query_below_minimum	FALSE	effective_query_below_minimum
phase20_sex_apoe_kda_source_v1_run_manifest_v1	primary_Inh_SORCS1_TTN_F_e4_AD_down_mito	primary	Inh SORCS1 TTN	Inhibitory_neurons	F_e4	AD_down_mito	1	6314	effective_query_below_minimum	skipped_effective_query_below_minimum	FALSE	effective_query_below_minimum	FALSE	effective_query_below_minimum
phase20_sex_apoe_kda_source_v1_run_manifest_v1	primary_Inh_SORCS1_TTN_M_e2_AD_up_mito	primary	Inh SORCS1 TTN	Inhibitory_neurons	M_e2	AD_up_mito	0	6667	effective_query_below_minimum	skipped_effective_query_below_minimum	FALSE	effective_query_below_minimum	FALSE	effective_query_below_minimum
phase20_sex_apoe_kda_source_v1_run_manifest_v1	primary_Inh_SORCS1_TTN_M_e2_AD_down_mito	primary	Inh SORCS1 TTN	Inhibitory_neurons	M_e2	AD_down_mito	0	6667	effective_query_below_minimum	skipped_effective_query_below_minimum	FALSE	effective_query_below_minimum	FALSE	effective_query_below_minimum
phase20_sex_apoe_kda_source_v1_run_manifest_v1	primary_Inh_SORCS1_TTN_M_e33_AD_up_mito	primary	Inh SORCS1 TTN	Inhibitory_neurons	M_e33	AD_up_mito	0	6886	effective_query_below_minimum	skipped_effective_query_below_minimum	FALSE	effective_query_below_minimum	FALSE	effective_query_below_minimum
phase20_sex_apoe_kda_source_v1_run_manifest_v1	primary_Inh_SORCS1_TTN_M_e33_AD_down_mito	primary	Inh SORCS1 TTN	Inhibitory_neurons	M_e33	AD_down_mito	1	6886	effective_query_below_minimum	skipped_effective_query_below_minimum	FALSE	effective_query_below_minimum	FALSE	effective_query_below_minimum
phase20_sex_apoe_kda_source_v1_run_manifest_v1	primary_Inh_SORCS1_TTN_M_e4_AD_up_mito	primary	Inh SORCS1 TTN	Inhibitory_neurons	M_e4	AD_up_mito	0	6534	effective_query_below_minimum	skipped_effective_query_below_minimum	FALSE	effective_query_below_minimum	FALSE	effective_query_below_minimum
phase20_sex_apoe_kda_source_v1_run_manifest_v1	primary_Inh_SORCS1_TTN_M_e4_AD_down_mito	primary	Inh SORCS1 TTN	Inhibitory_neurons	M_e4	AD_down_mito	1	6534	effective_query_below_minimum	skipped_effective_query_below_minimum	FALSE	effective_query_below_minimum	FALSE	effective_query_below_minimum
phase20_sex_apoe_kda_source_v1_run_manifest_v1	primary_Inh_VIP_ABI3BP_F_e2_AD_up_mito	primary	Inh VIP ABI3BP	Inhibitory_neurons	F_e2	AD_up_mito	2	8322	effective_query_below_minimum	skipped_effective_query_below_minimum	FALSE	effective_query_below_minimum	FALSE	effective_query_below_minimum
phase20_sex_apoe_kda_source_v1_run_manifest_v1	primary_Inh_VIP_ABI3BP_F_e2_AD_down_mito	primary	Inh VIP ABI3BP	Inhibitory_neurons	F_e2	AD_down_mito	1	8322	effective_query_below_minimum	skipped_effective_query_below_minimum	FALSE	effective_query_below_minimum	FALSE	effective_query_below_minimum
phase20_sex_apoe_kda_source_v1_run_manifest_v1	primary_Inh_VIP_ABI3BP_F_e33_AD_up_mito	primary	Inh VIP ABI3BP	Inhibitory_neurons	F_e33	AD_up_mito	6	8422	eligible	completed_significant	FALSE	effective_query_below_10	TRUE	NA
phase20_sex_apoe_kda_source_v1_run_manifest_v1	primary_Inh_VIP_ABI3BP_F_e33_AD_down_mito	primary	Inh VIP ABI3BP	Inhibitory_neurons	F_e33	AD_down_mito	2	8422	effective_query_below_minimum	skipped_effective_query_below_minimum	FALSE	effective_query_below_minimum	FALSE	effective_query_below_minimum
phase20_sex_apoe_kda_source_v1_run_manifest_v1	primary_Inh_VIP_ABI3BP_F_e4_AD_up_mito	primary	Inh VIP ABI3BP	Inhibitory_neurons	F_e4	AD_up_mito	2	8420	effective_query_below_minimum	skipped_effective_query_below_minimum	FALSE	effective_query_below_minimum	FALSE	effective_query_below_minimum
phase20_sex_apoe_kda_source_v1_run_manifest_v1	primary_Inh_VIP_ABI3BP_F_e4_AD_down_mito	primary	Inh VIP ABI3BP	Inhibitory_neurons	F_e4	AD_down_mito	3	8420	eligible	completed_significant	FALSE	effective_query_below_10	TRUE	NA
phase20_sex_apoe_kda_source_v1_run_manifest_v1	primary_Inh_VIP_ABI3BP_M_e2_AD_up_mito	primary	Inh VIP ABI3BP	Inhibitory_neurons	M_e2	AD_up_mito	1	8427	effective_query_below_minimum	skipped_effective_query_below_minimum	FALSE	effective_query_below_minimum	FALSE	effective_query_below_minimum
phase20_sex_apoe_kda_source_v1_run_manifest_v1	primary_Inh_VIP_ABI3BP_M_e2_AD_down_mito	primary	Inh VIP ABI3BP	Inhibitory_neurons	M_e2	AD_down_mito	2	8427	effective_query_below_minimum	skipped_effective_query_below_minimum	FALSE	effective_query_below_minimum	FALSE	effective_query_below_minimum
phase20_sex_apoe_kda_source_v1_run_manifest_v1	primary_Inh_VIP_ABI3BP_M_e33_AD_up_mito	primary	Inh VIP ABI3BP	Inhibitory_neurons	M_e33	AD_up_mito	0	8251	effective_query_below_minimum	skipped_effective_query_below_minimum	FALSE	effective_query_below_minimum	FALSE	effective_query_below_minimum
phase20_sex_apoe_kda_source_v1_run_manifest_v1	primary_Inh_VIP_ABI3BP_M_e33_AD_down_mito	primary	Inh VIP ABI3BP	Inhibitory_neurons	M_e33	AD_down_mito	1	8251	effective_query_below_minimum	skipped_effective_query_below_minimum	FALSE	effective_query_below_minimum	FALSE	effective_query_below_minimum
phase20_sex_apoe_kda_source_v1_run_manifest_v1	primary_Inh_VIP_ABI3BP_M_e4_AD_up_mito	primary	Inh VIP ABI3BP	Inhibitory_neurons	M_e4	AD_up_mito	1	8069	effective_query_below_minimum	skipped_effective_query_below_minimum	FALSE	effective_query_below_minimum	FALSE	effective_query_below_minimum
phase20_sex_apoe_kda_source_v1_run_manifest_v1	primary_Inh_VIP_ABI3BP_M_e4_AD_down_mito	primary	Inh VIP ABI3BP	Inhibitory_neurons	M_e4	AD_down_mito	3	8069	eligible	completed_significant	FALSE	effective_query_below_10	TRUE	NA
phase20_sex_apoe_kda_source_v1_run_manifest_v1	primary_Inh_VIP_CLSTN2_F_e2_AD_up_mito	primary	Inh VIP CLSTN2	Inhibitory_neurons	F_e2	AD_up_mito	2	8307	effective_query_below_minimum	skipped_effective_query_below_minimum	FALSE	effective_query_below_minimum	FALSE	effective_query_below_minimum
phase20_sex_apoe_kda_source_v1_run_manifest_v1	primary_Inh_VIP_CLSTN2_F_e2_AD_down_mito	primary	Inh VIP CLSTN2	Inhibitory_neurons	F_e2	AD_down_mito	0	8307	effective_query_below_minimum	skipped_effective_query_below_minimum	FALSE	effective_query_below_minimum	FALSE	effective_query_below_minimum
phase20_sex_apoe_kda_source_v1_run_manifest_v1	primary_Inh_VIP_CLSTN2_F_e33_AD_up_mito	primary	Inh VIP CLSTN2	Inhibitory_neurons	F_e33	AD_up_mito	8	8213	eligible	completed_significant	FALSE	effective_query_below_10	TRUE	NA
phase20_sex_apoe_kda_source_v1_run_manifest_v1	primary_Inh_VIP_CLSTN2_F_e33_AD_down_mito	primary	Inh VIP CLSTN2	Inhibitory_neurons	F_e33	AD_down_mito	3	8213	eligible	completed_significant	FALSE	effective_query_below_10	TRUE	NA
phase20_sex_apoe_kda_source_v1_run_manifest_v1	primary_Inh_VIP_CLSTN2_F_e4_AD_up_mito	primary	Inh VIP CLSTN2	Inhibitory_neurons	F_e4	AD_up_mito	1	8143	effective_query_below_minimum	skipped_effective_query_below_minimum	FALSE	effective_query_below_minimum	FALSE	effective_query_below_minimum
phase20_sex_apoe_kda_source_v1_run_manifest_v1	primary_Inh_VIP_CLSTN2_F_e4_AD_down_mito	primary	Inh VIP CLSTN2	Inhibitory_neurons	F_e4	AD_down_mito	4	8143	eligible	completed_significant	FALSE	effective_query_below_10	TRUE	NA
phase20_sex_apoe_kda_source_v1_run_manifest_v1	primary_Inh_VIP_CLSTN2_M_e2_AD_up_mito	primary	Inh VIP CLSTN2	Inhibitory_neurons	M_e2	AD_up_mito	1	8157	effective_query_below_minimum	skipped_effective_query_below_minimum	FALSE	effective_query_below_minimum	FALSE	effective_query_below_minimum
phase20_sex_apoe_kda_source_v1_run_manifest_v1	primary_Inh_VIP_CLSTN2_M_e2_AD_down_mito	primary	Inh VIP CLSTN2	Inhibitory_neurons	M_e2	AD_down_mito	14	8157	eligible	completed_significant	TRUE	NA	TRUE	NA
phase20_sex_apoe_kda_source_v1_run_manifest_v1	primary_Inh_VIP_CLSTN2_M_e33_AD_up_mito	primary	Inh VIP CLSTN2	Inhibitory_neurons	M_e33	AD_up_mito	2	7855	effective_query_below_minimum	skipped_effective_query_below_minimum	FALSE	effective_query_below_minimum	FALSE	effective_query_below_minimum
phase20_sex_apoe_kda_source_v1_run_manifest_v1	primary_Inh_VIP_CLSTN2_M_e33_AD_down_mito	primary	Inh VIP CLSTN2	Inhibitory_neurons	M_e33	AD_down_mito	1	7855	effective_query_below_minimum	skipped_effective_query_below_minimum	FALSE	effective_query_below_minimum	FALSE	effective_query_below_minimum
phase20_sex_apoe_kda_source_v1_run_manifest_v1	primary_Inh_VIP_CLSTN2_M_e4_AD_up_mito	primary	Inh VIP CLSTN2	Inhibitory_neurons	M_e4	AD_up_mito	1	7943	effective_query_below_minimum	skipped_effective_query_below_minimum	FALSE	effective_query_below_minimum	FALSE	effective_query_below_minimum
phase20_sex_apoe_kda_source_v1_run_manifest_v1	primary_Inh_VIP_CLSTN2_M_e4_AD_down_mito	primary	Inh VIP CLSTN2	Inhibitory_neurons	M_e4	AD_down_mito	1	7943	effective_query_below_minimum	skipped_effective_query_below_minimum	FALSE	effective_query_below_minimum	FALSE	effective_query_below_minimum
phase20_sex_apoe_kda_source_v1_run_manifest_v1	primary_Inh_VIP_THSD7B_F_e2_AD_up_mito	primary	Inh VIP THSD7B	Inhibitory_neurons	F_e2	AD_up_mito	0	7883	effective_query_below_minimum	skipped_effective_query_below_minimum	FALSE	effective_query_below_minimum	FALSE	effective_query_below_minimum
phase20_sex_apoe_kda_source_v1_run_manifest_v1	primary_Inh_VIP_THSD7B_F_e2_AD_down_mito	primary	Inh VIP THSD7B	Inhibitory_neurons	F_e2	AD_down_mito	0	7883	effective_query_below_minimum	skipped_effective_query_below_minimum	FALSE	effective_query_below_minimum	FALSE	effective_query_below_minimum
phase20_sex_apoe_kda_source_v1_run_manifest_v1	primary_Inh_VIP_THSD7B_F_e33_AD_up_mito	primary	Inh VIP THSD7B	Inhibitory_neurons	F_e33	AD_up_mito	7	7817	eligible	completed_significant	FALSE	effective_query_below_10	TRUE	NA
phase20_sex_apoe_kda_source_v1_run_manifest_v1	primary_Inh_VIP_THSD7B_F_e33_AD_down_mito	primary	Inh VIP THSD7B	Inhibitory_neurons	F_e33	AD_down_mito	0	7817	effective_query_below_minimum	skipped_effective_query_below_minimum	FALSE	effective_query_below_minimum	FALSE	effective_query_below_minimum
phase20_sex_apoe_kda_source_v1_run_manifest_v1	primary_Inh_VIP_THSD7B_F_e4_AD_up_mito	primary	Inh VIP THSD7B	Inhibitory_neurons	F_e4	AD_up_mito	0	7757	effective_query_below_minimum	skipped_effective_query_below_minimum	FALSE	effective_query_below_minimum	FALSE	effective_query_below_minimum
phase20_sex_apoe_kda_source_v1_run_manifest_v1	primary_Inh_VIP_THSD7B_F_e4_AD_down_mito	primary	Inh VIP THSD7B	Inhibitory_neurons	F_e4	AD_down_mito	0	7757	effective_query_below_minimum	skipped_effective_query_below_minimum	FALSE	effective_query_below_minimum	FALSE	effective_query_below_minimum
phase20_sex_apoe_kda_source_v1_run_manifest_v1	primary_Inh_VIP_THSD7B_M_e2_AD_up_mito	primary	Inh VIP THSD7B	Inhibitory_neurons	M_e2	AD_up_mito	0	7923	effective_query_below_minimum	skipped_effective_query_below_minimum	FALSE	effective_query_below_minimum	FALSE	effective_query_below_minimum
phase20_sex_apoe_kda_source_v1_run_manifest_v1	primary_Inh_VIP_THSD7B_M_e2_AD_down_mito	primary	Inh VIP THSD7B	Inhibitory_neurons	M_e2	AD_down_mito	0	7923	effective_query_below_minimum	skipped_effective_query_below_minimum	FALSE	effective_query_below_minimum	FALSE	effective_query_below_minimum
phase20_sex_apoe_kda_source_v1_run_manifest_v1	primary_Inh_VIP_THSD7B_M_e33_AD_up_mito	primary	Inh VIP THSD7B	Inhibitory_neurons	M_e33	AD_up_mito	0	7959	effective_query_below_minimum	skipped_effective_query_below_minimum	FALSE	effective_query_below_minimum	FALSE	effective_query_below_minimum
phase20_sex_apoe_kda_source_v1_run_manifest_v1	primary_Inh_VIP_THSD7B_M_e33_AD_down_mito	primary	Inh VIP THSD7B	Inhibitory_neurons	M_e33	AD_down_mito	0	7959	effective_query_below_minimum	skipped_effective_query_below_minimum	FALSE	effective_query_below_minimum	FALSE	effective_query_below_minimum
phase20_sex_apoe_kda_source_v1_run_manifest_v1	primary_Inh_VIP_THSD7B_M_e4_AD_up_mito	primary	Inh VIP THSD7B	Inhibitory_neurons	M_e4	AD_up_mito	0	7692	effective_query_below_minimum	skipped_effective_query_below_minimum	FALSE	effective_query_below_minimum	FALSE	effective_query_below_minimum
phase20_sex_apoe_kda_source_v1_run_manifest_v1	primary_Inh_VIP_THSD7B_M_e4_AD_down_mito	primary	Inh VIP THSD7B	Inhibitory_neurons	M_e4	AD_down_mito	0	7692	effective_query_below_minimum	skipped_effective_query_below_minimum	FALSE	effective_query_below_minimum	FALSE	effective_query_below_minimum
phase20_sex_apoe_kda_source_v1_run_manifest_v1	primary_Inh_VIP_TSHZ2_F_e2_AD_up_mito	primary	Inh VIP TSHZ2	Inhibitory_neurons	F_e2	AD_up_mito	3	7664	eligible	completed_significant	FALSE	effective_query_below_10	TRUE	NA
phase20_sex_apoe_kda_source_v1_run_manifest_v1	primary_Inh_VIP_TSHZ2_F_e2_AD_down_mito	primary	Inh VIP TSHZ2	Inhibitory_neurons	F_e2	AD_down_mito	0	7664	effective_query_below_minimum	skipped_effective_query_below_minimum	FALSE	effective_query_below_minimum	FALSE	effective_query_below_minimum
phase20_sex_apoe_kda_source_v1_run_manifest_v1	primary_Inh_VIP_TSHZ2_F_e33_AD_up_mito	primary	Inh VIP TSHZ2	Inhibitory_neurons	F_e33	AD_up_mito	4	7708	eligible	completed_significant	FALSE	effective_query_below_10	TRUE	NA
phase20_sex_apoe_kda_source_v1_run_manifest_v1	primary_Inh_VIP_TSHZ2_F_e33_AD_down_mito	primary	Inh VIP TSHZ2	Inhibitory_neurons	F_e33	AD_down_mito	0	7708	effective_query_below_minimum	skipped_effective_query_below_minimum	FALSE	effective_query_below_minimum	FALSE	effective_query_below_minimum
phase20_sex_apoe_kda_source_v1_run_manifest_v1	primary_Inh_VIP_TSHZ2_F_e4_AD_up_mito	primary	Inh VIP TSHZ2	Inhibitory_neurons	F_e4	AD_up_mito	1	7658	effective_query_below_minimum	skipped_effective_query_below_minimum	FALSE	effective_query_below_minimum	FALSE	effective_query_below_minimum
phase20_sex_apoe_kda_source_v1_run_manifest_v1	primary_Inh_VIP_TSHZ2_F_e4_AD_down_mito	primary	Inh VIP TSHZ2	Inhibitory_neurons	F_e4	AD_down_mito	1	7658	effective_query_below_minimum	skipped_effective_query_below_minimum	FALSE	effective_query_below_minimum	FALSE	effective_query_below_minimum
phase20_sex_apoe_kda_source_v1_run_manifest_v1	primary_Inh_VIP_TSHZ2_M_e2_AD_up_mito	primary	Inh VIP TSHZ2	Inhibitory_neurons	M_e2	AD_up_mito	0	7269	effective_query_below_minimum	skipped_effective_query_below_minimum	FALSE	effective_query_below_minimum	FALSE	effective_query_below_minimum
phase20_sex_apoe_kda_source_v1_run_manifest_v1	primary_Inh_VIP_TSHZ2_M_e2_AD_down_mito	primary	Inh VIP TSHZ2	Inhibitory_neurons	M_e2	AD_down_mito	0	7269	effective_query_below_minimum	skipped_effective_query_below_minimum	FALSE	effective_query_below_minimum	FALSE	effective_query_below_minimum
phase20_sex_apoe_kda_source_v1_run_manifest_v1	primary_Inh_VIP_TSHZ2_M_e33_AD_up_mito	primary	Inh VIP TSHZ2	Inhibitory_neurons	M_e33	AD_up_mito	1	7499	effective_query_below_minimum	skipped_effective_query_below_minimum	FALSE	effective_query_below_minimum	FALSE	effective_query_below_minimum
phase20_sex_apoe_kda_source_v1_run_manifest_v1	primary_Inh_VIP_TSHZ2_M_e33_AD_down_mito	primary	Inh VIP TSHZ2	Inhibitory_neurons	M_e33	AD_down_mito	0	7499	effective_query_below_minimum	skipped_effective_query_below_minimum	FALSE	effective_query_below_minimum	FALSE	effective_query_below_minimum
phase20_sex_apoe_kda_source_v1_run_manifest_v1	primary_Inh_VIP_TSHZ2_M_e4_AD_up_mito	primary	Inh VIP TSHZ2	Inhibitory_neurons	M_e4	AD_up_mito	0	6978	effective_query_below_minimum	skipped_effective_query_below_minimum	FALSE	effective_query_below_minimum	FALSE	effective_query_below_minimum
phase20_sex_apoe_kda_source_v1_run_manifest_v1	primary_Inh_VIP_TSHZ2_M_e4_AD_down_mito	primary	Inh VIP TSHZ2	Inhibitory_neurons	M_e4	AD_down_mito	0	6978	effective_query_below_minimum	skipped_effective_query_below_minimum	FALSE	effective_query_below_minimum	FALSE	effective_query_below_minimum
phase20_sex_apoe_kda_source_v1_run_manifest_v1	primary_Mic_MKI67_F_e2_AD_up_mito	primary	Mic MKI67	Microglia	F_e2	AD_up_mito	0	5875	effective_query_below_minimum	skipped_effective_query_below_minimum	FALSE	effective_query_below_minimum	FALSE	effective_query_below_minimum
phase20_sex_apoe_kda_source_v1_run_manifest_v1	primary_Mic_MKI67_F_e2_AD_down_mito	primary	Mic MKI67	Microglia	F_e2	AD_down_mito	0	5875	effective_query_below_minimum	skipped_effective_query_below_minimum	FALSE	effective_query_below_minimum	FALSE	effective_query_below_minimum
phase20_sex_apoe_kda_source_v1_run_manifest_v1	primary_Mic_MKI67_F_e33_AD_up_mito	primary	Mic MKI67	Microglia	F_e33	AD_up_mito	0	5994	effective_query_below_minimum	skipped_effective_query_below_minimum	FALSE	effective_query_below_minimum	FALSE	effective_query_below_minimum
phase20_sex_apoe_kda_source_v1_run_manifest_v1	primary_Mic_MKI67_F_e33_AD_down_mito	primary	Mic MKI67	Microglia	F_e33	AD_down_mito	0	5994	effective_query_below_minimum	skipped_effective_query_below_minimum	FALSE	effective_query_below_minimum	FALSE	effective_query_below_minimum
phase20_sex_apoe_kda_source_v1_run_manifest_v1	primary_Mic_MKI67_F_e4_AD_up_mito	primary	Mic MKI67	Microglia	F_e4	AD_up_mito	0	5873	effective_query_below_minimum	skipped_effective_query_below_minimum	FALSE	effective_query_below_minimum	FALSE	effective_query_below_minimum
phase20_sex_apoe_kda_source_v1_run_manifest_v1	primary_Mic_MKI67_F_e4_AD_down_mito	primary	Mic MKI67	Microglia	F_e4	AD_down_mito	0	5873	effective_query_below_minimum	skipped_effective_query_below_minimum	FALSE	effective_query_below_minimum	FALSE	effective_query_below_minimum
phase20_sex_apoe_kda_source_v1_run_manifest_v1	primary_Mic_MKI67_M_e2_AD_up_mito	primary	Mic MKI67	Microglia	M_e2	AD_up_mito	0	0	source_contrast_not_validated	skipped_source_contrast_not_validated	FALSE	source_contrast_not_validated	FALSE	source_contrast_not_validated
phase20_sex_apoe_kda_source_v1_run_manifest_v1	primary_Mic_MKI67_M_e2_AD_down_mito	primary	Mic MKI67	Microglia	M_e2	AD_down_mito	0	0	source_contrast_not_validated	skipped_source_contrast_not_validated	FALSE	source_contrast_not_validated	FALSE	source_contrast_not_validated
phase20_sex_apoe_kda_source_v1_run_manifest_v1	primary_Mic_MKI67_M_e33_AD_up_mito	primary	Mic MKI67	Microglia	M_e33	AD_up_mito	0	5604	effective_query_below_minimum	skipped_effective_query_below_minimum	FALSE	effective_query_below_minimum	FALSE	effective_query_below_minimum
phase20_sex_apoe_kda_source_v1_run_manifest_v1	primary_Mic_MKI67_M_e33_AD_down_mito	primary	Mic MKI67	Microglia	M_e33	AD_down_mito	0	5604	effective_query_below_minimum	skipped_effective_query_below_minimum	FALSE	effective_query_below_minimum	FALSE	effective_query_below_minimum
phase20_sex_apoe_kda_source_v1_run_manifest_v1	primary_Mic_MKI67_M_e4_AD_up_mito	primary	Mic MKI67	Microglia	M_e4	AD_up_mito	0	5682	effective_query_below_minimum	skipped_effective_query_below_minimum	FALSE	effective_query_below_minimum	FALSE	effective_query_below_minimum
phase20_sex_apoe_kda_source_v1_run_manifest_v1	primary_Mic_MKI67_M_e4_AD_down_mito	primary	Mic MKI67	Microglia	M_e4	AD_down_mito	0	5682	effective_query_below_minimum	skipped_effective_query_below_minimum	FALSE	effective_query_below_minimum	FALSE	effective_query_below_minimum
phase20_sex_apoe_kda_source_v1_run_manifest_v1	primary_Mic_P2RY12_F_e2_AD_up_mito	primary	Mic P2RY12	Microglia	F_e2	AD_up_mito	5	4335	eligible	completed_significant	FALSE	effective_query_below_10	TRUE	NA
phase20_sex_apoe_kda_source_v1_run_manifest_v1	primary_Mic_P2RY12_F_e2_AD_down_mito	primary	Mic P2RY12	Microglia	F_e2	AD_down_mito	20	4335	eligible	completed_significant	TRUE	NA	TRUE	NA
phase20_sex_apoe_kda_source_v1_run_manifest_v1	primary_Mic_P2RY12_F_e33_AD_up_mito	primary	Mic P2RY12	Microglia	F_e33	AD_up_mito	2	4764	effective_query_below_minimum	skipped_effective_query_below_minimum	FALSE	effective_query_below_minimum	FALSE	effective_query_below_minimum
phase20_sex_apoe_kda_source_v1_run_manifest_v1	primary_Mic_P2RY12_F_e33_AD_down_mito	primary	Mic P2RY12	Microglia	F_e33	AD_down_mito	0	4764	effective_query_below_minimum	skipped_effective_query_below_minimum	FALSE	effective_query_below_minimum	FALSE	effective_query_below_minimum
phase20_sex_apoe_kda_source_v1_run_manifest_v1	primary_Mic_P2RY12_F_e4_AD_up_mito	primary	Mic P2RY12	Microglia	F_e4	AD_up_mito	8	4963	eligible	completed_significant	FALSE	effective_query_below_10	TRUE	NA
phase20_sex_apoe_kda_source_v1_run_manifest_v1	primary_Mic_P2RY12_F_e4_AD_down_mito	primary	Mic P2RY12	Microglia	F_e4	AD_down_mito	7	4963	eligible	completed_no_significant	FALSE	effective_query_below_10	TRUE	NA
phase20_sex_apoe_kda_source_v1_run_manifest_v1	primary_Mic_P2RY12_M_e2_AD_up_mito	primary	Mic P2RY12	Microglia	M_e2	AD_up_mito	40	4022	eligible	completed_no_significant	TRUE	NA	TRUE	NA
phase20_sex_apoe_kda_source_v1_run_manifest_v1	primary_Mic_P2RY12_M_e2_AD_down_mito	primary	Mic P2RY12	Microglia	M_e2	AD_down_mito	45	4022	eligible	completed_significant	TRUE	NA	TRUE	NA
phase20_sex_apoe_kda_source_v1_run_manifest_v1	primary_Mic_P2RY12_M_e33_AD_up_mito	primary	Mic P2RY12	Microglia	M_e33	AD_up_mito	7	4372	eligible	completed_significant	FALSE	effective_query_below_10	TRUE	NA
phase20_sex_apoe_kda_source_v1_run_manifest_v1	primary_Mic_P2RY12_M_e33_AD_down_mito	primary	Mic P2RY12	Microglia	M_e33	AD_down_mito	4	4372	eligible	completed_significant	FALSE	effective_query_below_10	TRUE	NA
phase20_sex_apoe_kda_source_v1_run_manifest_v1	primary_Mic_P2RY12_M_e4_AD_up_mito	primary	Mic P2RY12	Microglia	M_e4	AD_up_mito	12	4607	eligible	completed_significant	TRUE	NA	TRUE	NA
phase20_sex_apoe_kda_source_v1_run_manifest_v1	primary_Mic_P2RY12_M_e4_AD_down_mito	primary	Mic P2RY12	Microglia	M_e4	AD_down_mito	17	4607	eligible	completed_significant	TRUE	NA	TRUE	NA
phase20_sex_apoe_kda_source_v1_run_manifest_v1	primary_Mic_TPT1_F_e2_AD_up_mito	primary	Mic TPT1	Microglia	F_e2	AD_up_mito	0	5044	effective_query_below_minimum	skipped_effective_query_below_minimum	FALSE	effective_query_below_minimum	FALSE	effective_query_below_minimum
phase20_sex_apoe_kda_source_v1_run_manifest_v1	primary_Mic_TPT1_F_e2_AD_down_mito	primary	Mic TPT1	Microglia	F_e2	AD_down_mito	0	5044	effective_query_below_minimum	skipped_effective_query_below_minimum	FALSE	effective_query_below_minimum	FALSE	effective_query_below_minimum
phase20_sex_apoe_kda_source_v1_run_manifest_v1	primary_Mic_TPT1_F_e33_AD_up_mito	primary	Mic TPT1	Microglia	F_e33	AD_up_mito	0	5161	effective_query_below_minimum	skipped_effective_query_below_minimum	FALSE	effective_query_below_minimum	FALSE	effective_query_below_minimum
phase20_sex_apoe_kda_source_v1_run_manifest_v1	primary_Mic_TPT1_F_e33_AD_down_mito	primary	Mic TPT1	Microglia	F_e33	AD_down_mito	0	5161	effective_query_below_minimum	skipped_effective_query_below_minimum	FALSE	effective_query_below_minimum	FALSE	effective_query_below_minimum
phase20_sex_apoe_kda_source_v1_run_manifest_v1	primary_Mic_TPT1_F_e4_AD_up_mito	primary	Mic TPT1	Microglia	F_e4	AD_up_mito	5	5165	eligible	completed_significant	FALSE	effective_query_below_10	TRUE	NA
phase20_sex_apoe_kda_source_v1_run_manifest_v1	primary_Mic_TPT1_F_e4_AD_down_mito	primary	Mic TPT1	Microglia	F_e4	AD_down_mito	2	5165	effective_query_below_minimum	skipped_effective_query_below_minimum	FALSE	effective_query_below_minimum	FALSE	effective_query_below_minimum
phase20_sex_apoe_kda_source_v1_run_manifest_v1	primary_Mic_TPT1_M_e2_AD_up_mito	primary	Mic TPT1	Microglia	M_e2	AD_up_mito	0	4039	effective_query_below_minimum	skipped_effective_query_below_minimum	FALSE	effective_query_below_minimum	FALSE	effective_query_below_minimum
phase20_sex_apoe_kda_source_v1_run_manifest_v1	primary_Mic_TPT1_M_e2_AD_down_mito	primary	Mic TPT1	Microglia	M_e2	AD_down_mito	0	4039	effective_query_below_minimum	skipped_effective_query_below_minimum	FALSE	effective_query_below_minimum	FALSE	effective_query_below_minimum
phase20_sex_apoe_kda_source_v1_run_manifest_v1	primary_Mic_TPT1_M_e33_AD_up_mito	primary	Mic TPT1	Microglia	M_e33	AD_up_mito	1	4861	effective_query_below_minimum	skipped_effective_query_below_minimum	FALSE	effective_query_below_minimum	FALSE	effective_query_below_minimum
phase20_sex_apoe_kda_source_v1_run_manifest_v1	primary_Mic_TPT1_M_e33_AD_down_mito	primary	Mic TPT1	Microglia	M_e33	AD_down_mito	2	4861	effective_query_below_minimum	skipped_effective_query_below_minimum	FALSE	effective_query_below_minimum	FALSE	effective_query_below_minimum
phase20_sex_apoe_kda_source_v1_run_manifest_v1	primary_Mic_TPT1_M_e4_AD_up_mito	primary	Mic TPT1	Microglia	M_e4	AD_up_mito	2	5101	effective_query_below_minimum	skipped_effective_query_below_minimum	FALSE	effective_query_below_minimum	FALSE	effective_query_below_minimum
phase20_sex_apoe_kda_source_v1_run_manifest_v1	primary_Mic_TPT1_M_e4_AD_down_mito	primary	Mic TPT1	Microglia	M_e4	AD_down_mito	12	5101	eligible	completed_significant	TRUE	NA	TRUE	NA
phase20_sex_apoe_kda_source_v1_run_manifest_v1	primary_Oli_F_e2_AD_up_mito	primary	Oli	Oligodendrocytes	F_e2	AD_up_mito	8	5751	eligible	completed_no_significant	FALSE	effective_query_below_10	TRUE	NA
phase20_sex_apoe_kda_source_v1_run_manifest_v1	primary_Oli_F_e2_AD_down_mito	primary	Oli	Oligodendrocytes	F_e2	AD_down_mito	0	5751	effective_query_below_minimum	skipped_effective_query_below_minimum	FALSE	effective_query_below_minimum	FALSE	effective_query_below_minimum
phase20_sex_apoe_kda_source_v1_run_manifest_v1	primary_Oli_F_e33_AD_up_mito	primary	Oli	Oligodendrocytes	F_e33	AD_up_mito	9	5269	eligible	completed_significant	FALSE	effective_query_below_10	TRUE	NA
phase20_sex_apoe_kda_source_v1_run_manifest_v1	primary_Oli_F_e33_AD_down_mito	primary	Oli	Oligodendrocytes	F_e33	AD_down_mito	1	5269	effective_query_below_minimum	skipped_effective_query_below_minimum	FALSE	effective_query_below_minimum	FALSE	effective_query_below_minimum
phase20_sex_apoe_kda_source_v1_run_manifest_v1	primary_Oli_F_e4_AD_up_mito	primary	Oli	Oligodendrocytes	F_e4	AD_up_mito	0	5568	effective_query_below_minimum	skipped_effective_query_below_minimum	FALSE	effective_query_below_minimum	FALSE	effective_query_below_minimum
phase20_sex_apoe_kda_source_v1_run_manifest_v1	primary_Oli_F_e4_AD_down_mito	primary	Oli	Oligodendrocytes	F_e4	AD_down_mito	4	5568	eligible	completed_significant	FALSE	effective_query_below_10	TRUE	NA
phase20_sex_apoe_kda_source_v1_run_manifest_v1	primary_Oli_M_e2_AD_up_mito	primary	Oli	Oligodendrocytes	M_e2	AD_up_mito	12	4632	eligible	completed_no_significant	TRUE	NA	TRUE	NA
phase20_sex_apoe_kda_source_v1_run_manifest_v1	primary_Oli_M_e2_AD_down_mito	primary	Oli	Oligodendrocytes	M_e2	AD_down_mito	31	4632	eligible	completed_significant	TRUE	NA	TRUE	NA
phase20_sex_apoe_kda_source_v1_run_manifest_v1	primary_Oli_M_e33_AD_up_mito	primary	Oli	Oligodendrocytes	M_e33	AD_up_mito	0	5099	effective_query_below_minimum	skipped_effective_query_below_minimum	FALSE	effective_query_below_minimum	FALSE	effective_query_below_minimum
phase20_sex_apoe_kda_source_v1_run_manifest_v1	primary_Oli_M_e33_AD_down_mito	primary	Oli	Oligodendrocytes	M_e33	AD_down_mito	6	5099	eligible	completed_no_significant	FALSE	effective_query_below_10	TRUE	NA
phase20_sex_apoe_kda_source_v1_run_manifest_v1	primary_Oli_M_e4_AD_up_mito	primary	Oli	Oligodendrocytes	M_e4	AD_up_mito	5	5199	eligible	completed_significant	FALSE	effective_query_below_10	TRUE	NA
phase20_sex_apoe_kda_source_v1_run_manifest_v1	primary_Oli_M_e4_AD_down_mito	primary	Oli	Oligodendrocytes	M_e4	AD_down_mito	7	5199	eligible	completed_no_significant	FALSE	effective_query_below_10	TRUE	NA
phase20_sex_apoe_kda_source_v1_run_manifest_v1	primary_OPC_F_e2_AD_up_mito	primary	OPC	OPCs	F_e2	AD_up_mito	16	7474	eligible	completed_no_significant	TRUE	NA	TRUE	NA
phase20_sex_apoe_kda_source_v1_run_manifest_v1	primary_OPC_F_e2_AD_down_mito	primary	OPC	OPCs	F_e2	AD_down_mito	0	7474	effective_query_below_minimum	skipped_effective_query_below_minimum	FALSE	effective_query_below_minimum	FALSE	effective_query_below_minimum
phase20_sex_apoe_kda_source_v1_run_manifest_v1	primary_OPC_F_e33_AD_up_mito	primary	OPC	OPCs	F_e33	AD_up_mito	22	7128	eligible	completed_significant	TRUE	NA	TRUE	NA
phase20_sex_apoe_kda_source_v1_run_manifest_v1	primary_OPC_F_e33_AD_down_mito	primary	OPC	OPCs	F_e33	AD_down_mito	0	7128	effective_query_below_minimum	skipped_effective_query_below_minimum	FALSE	effective_query_below_minimum	FALSE	effective_query_below_minimum
phase20_sex_apoe_kda_source_v1_run_manifest_v1	primary_OPC_F_e4_AD_up_mito	primary	OPC	OPCs	F_e4	AD_up_mito	16	7365	eligible	completed_significant	TRUE	NA	TRUE	NA
phase20_sex_apoe_kda_source_v1_run_manifest_v1	primary_OPC_F_e4_AD_down_mito	primary	OPC	OPCs	F_e4	AD_down_mito	23	7365	eligible	completed_significant	TRUE	NA	TRUE	NA
phase20_sex_apoe_kda_source_v1_run_manifest_v1	primary_OPC_M_e2_AD_up_mito	primary	OPC	OPCs	M_e2	AD_up_mito	52	6791	eligible	completed_no_significant	TRUE	NA	TRUE	NA
phase20_sex_apoe_kda_source_v1_run_manifest_v1	primary_OPC_M_e2_AD_down_mito	primary	OPC	OPCs	M_e2	AD_down_mito	81	6791	eligible	completed_significant	TRUE	NA	TRUE	NA
phase20_sex_apoe_kda_source_v1_run_manifest_v1	primary_OPC_M_e33_AD_up_mito	primary	OPC	OPCs	M_e33	AD_up_mito	0	6810	effective_query_below_minimum	skipped_effective_query_below_minimum	FALSE	effective_query_below_minimum	FALSE	effective_query_below_minimum
phase20_sex_apoe_kda_source_v1_run_manifest_v1	primary_OPC_M_e33_AD_down_mito	primary	OPC	OPCs	M_e33	AD_down_mito	7	6810	eligible	completed_significant	FALSE	effective_query_below_10	TRUE	NA
phase20_sex_apoe_kda_source_v1_run_manifest_v1	primary_OPC_M_e4_AD_up_mito	primary	OPC	OPCs	M_e4	AD_up_mito	6	7002	eligible	completed_significant	FALSE	effective_query_below_10	TRUE	NA
phase20_sex_apoe_kda_source_v1_run_manifest_v1	primary_OPC_M_e4_AD_down_mito	primary	OPC	OPCs	M_e4	AD_down_mito	4	7002	eligible	completed_no_significant	FALSE	effective_query_below_10	TRUE	NA
phase20_sex_apoe_kda_source_v1_run_manifest_v1	primary_Per_F_e2_AD_up_mito	primary	Per	Vasculature_cells	F_e2	AD_up_mito	0	3886	effective_query_below_minimum	skipped_effective_query_below_minimum	FALSE	effective_query_below_minimum	FALSE	effective_query_below_minimum
phase20_sex_apoe_kda_source_v1_run_manifest_v1	primary_Per_F_e2_AD_down_mito	primary	Per	Vasculature_cells	F_e2	AD_down_mito	0	3886	effective_query_below_minimum	skipped_effective_query_below_minimum	FALSE	effective_query_below_minimum	FALSE	effective_query_below_minimum
phase20_sex_apoe_kda_source_v1_run_manifest_v1	primary_Per_F_e33_AD_up_mito	primary	Per	Vasculature_cells	F_e33	AD_up_mito	0	3932	effective_query_below_minimum	skipped_effective_query_below_minimum	FALSE	effective_query_below_minimum	FALSE	effective_query_below_minimum
phase20_sex_apoe_kda_source_v1_run_manifest_v1	primary_Per_F_e33_AD_down_mito	primary	Per	Vasculature_cells	F_e33	AD_down_mito	0	3932	effective_query_below_minimum	skipped_effective_query_below_minimum	FALSE	effective_query_below_minimum	FALSE	effective_query_below_minimum
phase20_sex_apoe_kda_source_v1_run_manifest_v1	primary_Per_F_e4_AD_up_mito	primary	Per	Vasculature_cells	F_e4	AD_up_mito	4	4033	eligible	completed_significant	FALSE	effective_query_below_10	TRUE	NA
phase20_sex_apoe_kda_source_v1_run_manifest_v1	primary_Per_F_e4_AD_down_mito	primary	Per	Vasculature_cells	F_e4	AD_down_mito	1	4033	effective_query_below_minimum	skipped_effective_query_below_minimum	FALSE	effective_query_below_minimum	FALSE	effective_query_below_minimum
phase20_sex_apoe_kda_source_v1_run_manifest_v1	primary_Per_M_e2_AD_up_mito	primary	Per	Vasculature_cells	M_e2	AD_up_mito	3	3640	eligible	completed_no_significant	FALSE	effective_query_below_10	TRUE	NA
phase20_sex_apoe_kda_source_v1_run_manifest_v1	primary_Per_M_e2_AD_down_mito	primary	Per	Vasculature_cells	M_e2	AD_down_mito	9	3640	eligible	completed_significant	FALSE	effective_query_below_10	TRUE	NA
phase20_sex_apoe_kda_source_v1_run_manifest_v1	primary_Per_M_e33_AD_up_mito	primary	Per	Vasculature_cells	M_e33	AD_up_mito	1	3905	effective_query_below_minimum	skipped_effective_query_below_minimum	FALSE	effective_query_below_minimum	FALSE	effective_query_below_minimum
phase20_sex_apoe_kda_source_v1_run_manifest_v1	primary_Per_M_e33_AD_down_mito	primary	Per	Vasculature_cells	M_e33	AD_down_mito	0	3905	effective_query_below_minimum	skipped_effective_query_below_minimum	FALSE	effective_query_below_minimum	FALSE	effective_query_below_minimum
phase20_sex_apoe_kda_source_v1_run_manifest_v1	primary_Per_M_e4_AD_up_mito	primary	Per	Vasculature_cells	M_e4	AD_up_mito	0	3915	effective_query_below_minimum	skipped_effective_query_below_minimum	FALSE	effective_query_below_minimum	FALSE	effective_query_below_minimum
phase20_sex_apoe_kda_source_v1_run_manifest_v1	primary_Per_M_e4_AD_down_mito	primary	Per	Vasculature_cells	M_e4	AD_down_mito	0	3915	effective_query_below_minimum	skipped_effective_query_below_minimum	FALSE	effective_query_below_minimum	FALSE	effective_query_below_minimum
phase20_sex_apoe_kda_source_v1_run_manifest_v1	primary_SMC_F_e2_AD_up_mito	primary	SMC	Vasculature_cells	F_e2	AD_up_mito	0	3452	effective_query_below_minimum	skipped_effective_query_below_minimum	FALSE	effective_query_below_minimum	FALSE	effective_query_below_minimum
phase20_sex_apoe_kda_source_v1_run_manifest_v1	primary_SMC_F_e2_AD_down_mito	primary	SMC	Vasculature_cells	F_e2	AD_down_mito	0	3452	effective_query_below_minimum	skipped_effective_query_below_minimum	FALSE	effective_query_below_minimum	FALSE	effective_query_below_minimum
phase20_sex_apoe_kda_source_v1_run_manifest_v1	primary_SMC_F_e33_AD_up_mito	primary	SMC	Vasculature_cells	F_e33	AD_up_mito	0	3573	effective_query_below_minimum	skipped_effective_query_below_minimum	FALSE	effective_query_below_minimum	FALSE	effective_query_below_minimum
phase20_sex_apoe_kda_source_v1_run_manifest_v1	primary_SMC_F_e33_AD_down_mito	primary	SMC	Vasculature_cells	F_e33	AD_down_mito	0	3573	effective_query_below_minimum	skipped_effective_query_below_minimum	FALSE	effective_query_below_minimum	FALSE	effective_query_below_minimum
phase20_sex_apoe_kda_source_v1_run_manifest_v1	primary_SMC_F_e4_AD_up_mito	primary	SMC	Vasculature_cells	F_e4	AD_up_mito	0	3799	effective_query_below_minimum	skipped_effective_query_below_minimum	FALSE	effective_query_below_minimum	FALSE	effective_query_below_minimum
phase20_sex_apoe_kda_source_v1_run_manifest_v1	primary_SMC_F_e4_AD_down_mito	primary	SMC	Vasculature_cells	F_e4	AD_down_mito	0	3799	effective_query_below_minimum	skipped_effective_query_below_minimum	FALSE	effective_query_below_minimum	FALSE	effective_query_below_minimum
phase20_sex_apoe_kda_source_v1_run_manifest_v1	primary_SMC_M_e2_AD_up_mito	primary	SMC	Vasculature_cells	M_e2	AD_up_mito	0	2942	effective_query_below_minimum	skipped_effective_query_below_minimum	FALSE	effective_query_below_minimum	FALSE	effective_query_below_minimum
phase20_sex_apoe_kda_source_v1_run_manifest_v1	primary_SMC_M_e2_AD_down_mito	primary	SMC	Vasculature_cells	M_e2	AD_down_mito	0	2942	effective_query_below_minimum	skipped_effective_query_below_minimum	FALSE	effective_query_below_minimum	FALSE	effective_query_below_minimum
phase20_sex_apoe_kda_source_v1_run_manifest_v1	primary_SMC_M_e33_AD_up_mito	primary	SMC	Vasculature_cells	M_e33	AD_up_mito	0	3738	effective_query_below_minimum	skipped_effective_query_below_minimum	FALSE	effective_query_below_minimum	FALSE	effective_query_below_minimum
phase20_sex_apoe_kda_source_v1_run_manifest_v1	primary_SMC_M_e33_AD_down_mito	primary	SMC	Vasculature_cells	M_e33	AD_down_mito	0	3738	effective_query_below_minimum	skipped_effective_query_below_minimum	FALSE	effective_query_below_minimum	FALSE	effective_query_below_minimum
phase20_sex_apoe_kda_source_v1_run_manifest_v1	primary_SMC_M_e4_AD_up_mito	primary	SMC	Vasculature_cells	M_e4	AD_up_mito	0	3536	effective_query_below_minimum	skipped_effective_query_below_minimum	FALSE	effective_query_below_minimum	FALSE	effective_query_below_minimum
phase20_sex_apoe_kda_source_v1_run_manifest_v1	primary_SMC_M_e4_AD_down_mito	primary	SMC	Vasculature_cells	M_e4	AD_down_mito	0	3536	effective_query_below_minimum	skipped_effective_query_below_minimum	FALSE	effective_query_below_minimum	FALSE	effective_query_below_minimum
phase20_sex_apoe_kda_source_v1_run_manifest_v1	primary_T_cells_F_e2_AD_up_mito	primary	T cells	T_cells	F_e2	AD_up_mito	0	379	effective_query_below_minimum	skipped_effective_query_below_minimum	FALSE	effective_query_below_minimum	FALSE	effective_query_below_minimum
phase20_sex_apoe_kda_source_v1_run_manifest_v1	primary_T_cells_F_e2_AD_down_mito	primary	T cells	T_cells	F_e2	AD_down_mito	0	379	effective_query_below_minimum	skipped_effective_query_below_minimum	FALSE	effective_query_below_minimum	FALSE	effective_query_below_minimum
phase20_sex_apoe_kda_source_v1_run_manifest_v1	primary_T_cells_F_e33_AD_up_mito	primary	T cells	T_cells	F_e33	AD_up_mito	0	421	effective_query_below_minimum	skipped_effective_query_below_minimum	FALSE	effective_query_below_minimum	FALSE	effective_query_below_minimum
phase20_sex_apoe_kda_source_v1_run_manifest_v1	primary_T_cells_F_e33_AD_down_mito	primary	T cells	T_cells	F_e33	AD_down_mito	0	421	effective_query_below_minimum	skipped_effective_query_below_minimum	FALSE	effective_query_below_minimum	FALSE	effective_query_below_minimum
phase20_sex_apoe_kda_source_v1_run_manifest_v1	primary_T_cells_F_e4_AD_up_mito	primary	T cells	T_cells	F_e4	AD_up_mito	0	444	effective_query_below_minimum	skipped_effective_query_below_minimum	FALSE	effective_query_below_minimum	FALSE	effective_query_below_minimum
phase20_sex_apoe_kda_source_v1_run_manifest_v1	primary_T_cells_F_e4_AD_down_mito	primary	T cells	T_cells	F_e4	AD_down_mito	0	444	effective_query_below_minimum	skipped_effective_query_below_minimum	FALSE	effective_query_below_minimum	FALSE	effective_query_below_minimum
phase20_sex_apoe_kda_source_v1_run_manifest_v1	primary_T_cells_M_e2_AD_up_mito	primary	T cells	T_cells	M_e2	AD_up_mito	0	536	effective_query_below_minimum	skipped_effective_query_below_minimum	FALSE	effective_query_below_minimum	FALSE	effective_query_below_minimum
phase20_sex_apoe_kda_source_v1_run_manifest_v1	primary_T_cells_M_e2_AD_down_mito	primary	T cells	T_cells	M_e2	AD_down_mito	0	536	effective_query_below_minimum	skipped_effective_query_below_minimum	FALSE	effective_query_below_minimum	FALSE	effective_query_below_minimum
phase20_sex_apoe_kda_source_v1_run_manifest_v1	primary_T_cells_M_e33_AD_up_mito	primary	T cells	T_cells	M_e33	AD_up_mito	0	403	effective_query_below_minimum	skipped_effective_query_below_minimum	FALSE	effective_query_below_minimum	FALSE	effective_query_below_minimum
phase20_sex_apoe_kda_source_v1_run_manifest_v1	primary_T_cells_M_e33_AD_down_mito	primary	T cells	T_cells	M_e33	AD_down_mito	0	403	effective_query_below_minimum	skipped_effective_query_below_minimum	FALSE	effective_query_below_minimum	FALSE	effective_query_below_minimum
phase20_sex_apoe_kda_source_v1_run_manifest_v1	primary_T_cells_M_e4_AD_up_mito	primary	T cells	T_cells	M_e4	AD_up_mito	0	408	effective_query_below_minimum	skipped_effective_query_below_minimum	FALSE	effective_query_below_minimum	FALSE	effective_query_below_minimum
phase20_sex_apoe_kda_source_v1_run_manifest_v1	primary_T_cells_M_e4_AD_down_mito	primary	T cells	T_cells	M_e4	AD_down_mito	0	408	effective_query_below_minimum	skipped_effective_query_below_minimum	FALSE	effective_query_below_minimum	FALSE	effective_query_below_minimum
