schema_version	network	target_gene	null_model	control_rank	control_gene	matching_distance	caliper_pass	control_aggregate_acat_p	control_conservative_support_count	control_supporting_fine_cell_type_count	control_is_cytosolic_ribosomal	target_out_degree	target_total_degree	target_log_layer1_size	target_log_layer2_size	target_log_layer3_size	target_coverage_fraction	control_out_degree	control_total_degree	control_log_layer1_size	control_log_layer2_size	control_log_layer3_size	control_coverage_fraction	target_log1p_counts_per_nucleus	target_detected_fraction	control_log1p_counts_per_nucleus	control_detected_fraction
phase18_rpl11_deep_dive_v1	Excitatory_neurons	RPL11	topology	1	NRXN1	0.280137204797682	FALSE	0.986626991632161	0	0	FALSE	9	9	2.39789527279837	3.8286413964891	4.75359019110636	1	9	9	2.39789527279837	3.78418963391826	5.03695260241363	1	NA	NA	NA	NA
phase18_rpl11_deep_dive_v1	Excitatory_neurons	RPL11	topology	2	GIGYF2	0.425068359711584	FALSE	0.795938170155728	0	0	FALSE	9	9	2.39789527279837	3.8286413964891	4.75359019110636	1	9	9	2.39789527279837	3.80666248977032	4.31748811353631	1	NA	NA	NA	NA
phase18_rpl11_deep_dive_v1	Excitatory_neurons	RPL11	topology	3	ACIN1	0.730681478171367	TRUE	0.607477725720494	0	0	FALSE	9	9	2.39789527279837	3.8286413964891	4.75359019110636	1	8	9	2.30258509299405	3.68887945411394	4.68213122712422	1	NA	NA	NA	NA
phase18_rpl11_deep_dive_v1	Excitatory_neurons	RPL11	topology	4	VTI1A	0.768143519909587	FALSE	0.793772081575419	0	0	FALSE	9	9	2.39789527279837	3.8286413964891	4.75359019110636	1	8	9	2.30258509299405	3.68887945411394	4.49980967033027	1	NA	NA	NA	NA
phase18_rpl11_deep_dive_v1	Excitatory_neurons	RPL11	topology	5	RPTOR	0.788193646142143	FALSE	0.761850853817527	0	0	FALSE	9	9	2.39789527279837	3.8286413964891	4.75359019110636	1	8	9	2.30258509299405	3.78418963391826	4.40671924726425	1	NA	NA	NA	NA
phase18_rpl11_deep_dive_v1	Excitatory_neurons	RPL11	topology	6	SAMD12	0.836377997326876	FALSE	0.000784653345418254	1	1	FALSE	9	9	2.39789527279837	3.8286413964891	4.75359019110636	1	9	10	2.39789527279837	3.71357206670431	4.26267987704132	1	NA	NA	NA	NA
phase18_rpl11_deep_dive_v1	Excitatory_neurons	RPL11	topology	7	MAP1LC3B	0.878418378945644	FALSE	0.429264734381362	0	0	FALSE	9	9	2.39789527279837	3.8286413964891	4.75359019110636	1	9	10	2.39789527279837	3.49650756146648	4.31748811353631	1	NA	NA	NA	NA
phase18_rpl11_deep_dive_v1	Excitatory_neurons	RPL11	topology	8	RPS15	0.912584413766014	FALSE	0.000142844120229429	10	8	TRUE	9	9	2.39789527279837	3.8286413964891	4.75359019110636	1	8	9	2.30258509299405	3.49650756146648	4.30406509320417	1	NA	NA	NA	NA
phase18_rpl11_deep_dive_v1	Excitatory_neurons	RPL11	topology	9	CDC42BPA	0.920889331226038	FALSE	0.896271193938597	0	0	FALSE	9	9	2.39789527279837	3.8286413964891	4.75359019110636	1	8	9	2.30258509299405	3.46573590279973	4.31748811353631	1	NA	NA	NA	NA
phase18_rpl11_deep_dive_v1	Excitatory_neurons	RPL11	topology	10	BABAM2	0.956121166768273	FALSE	0.0372274073398521	0	0	FALSE	9	9	2.39789527279837	3.8286413964891	4.75359019110636	1	8	9	2.30258509299405	3.58351893845611	4.15888308335967	1	NA	NA	NA	NA
phase18_rpl11_deep_dive_v1	Excitatory_neurons	RPL11	topology	11	RHBDD2	0.98232059768663	TRUE	0.844177257151767	0	0	FALSE	9	9	2.39789527279837	3.8286413964891	4.75359019110636	1	10	10	2.484906649788	3.93182563272433	4.77068462446567	1	NA	NA	NA	NA
phase18_rpl11_deep_dive_v1	Excitatory_neurons	RPL11	topology	12	SNX13	0.984161310583534	FALSE	0.322591829588725	0	0	FALSE	9	9	2.39789527279837	3.8286413964891	4.75359019110636	1	9	10	2.39789527279837	3.61091791264422	4.06044301054642	1	NA	NA	NA	NA
phase18_rpl11_deep_dive_v1	Excitatory_neurons	RPL11	topology	13	TTLL11	1.0100823612966	TRUE	0.601925686267166	0	0	FALSE	9	9	2.39789527279837	3.8286413964891	4.75359019110636	1	10	10	2.484906649788	4.02535169073515	4.60517018598809	1	NA	NA	NA	NA
phase18_rpl11_deep_dive_v1	Excitatory_neurons	RPL11	topology	14	PRKRIP1	1.04407578314404	FALSE	0.858606968811508	0	0	FALSE	9	9	2.39789527279837	3.8286413964891	4.75359019110636	1	9	10	2.39789527279837	3.36729582998647	4.12713438504509	1	NA	NA	NA	NA
phase18_rpl11_deep_dive_v1	Excitatory_neurons	RPL11	topology	15	DNMT3A	1.06045196884117	FALSE	0.835918475906433	0	0	FALSE	9	9	2.39789527279837	3.8286413964891	4.75359019110636	1	8	10	2.30258509299405	3.55534806148941	4.47733681447821	1	NA	NA	NA	NA
phase18_rpl11_deep_dive_v1	Excitatory_neurons	RPL11	topology	16	CACNA1B	1.07778210788192	FALSE	0.673987152032682	0	0	FALSE	9	9	2.39789527279837	3.8286413964891	4.75359019110636	1	9	9	2.39789527279837	3.29583686600433	3.8286413964891	1	NA	NA	NA	NA
phase18_rpl11_deep_dive_v1	Excitatory_neurons	RPL11	topology	17	LRRC37B	1.07932344246395	FALSE	0.0929229433060953	0	0	FALSE	9	9	2.39789527279837	3.8286413964891	4.75359019110636	1	8	9	2.30258509299405	3.58351893845611	4.38202663467388	0.979381443298969	NA	NA	NA	NA
phase18_rpl11_deep_dive_v1	Excitatory_neurons	RPL11	topology	18	CACYBP	1.11755291762392	FALSE	0.0311733951568669	0	0	FALSE	9	9	2.39789527279837	3.8286413964891	4.75359019110636	1	8	9	2.30258509299405	3.46573590279973	3.97029191355212	1	NA	NA	NA	NA
phase18_rpl11_deep_dive_v1	Excitatory_neurons	RPL11	topology	19	MCF2L2	1.12471304075406	FALSE	0.00422981030660761	1	1	FALSE	9	9	2.39789527279837	3.8286413964891	4.75359019110636	1	8	9	2.30258509299405	3.3322045101752	4.06044301054642	1	NA	NA	NA	NA
phase18_rpl11_deep_dive_v1	Excitatory_neurons	RPL11	topology	20	TUBGCP3	1.12674958479152	FALSE	0.585629943238555	0	0	FALSE	9	9	2.39789527279837	3.8286413964891	4.75359019110636	1	9	10	2.39789527279837	3.58351893845611	4.20469261939097	0.979381443298969	NA	NA	NA	NA
phase18_rpl11_deep_dive_v1	Excitatory_neurons	RPL11	topology	21	CRTC1	1.15787968864057	FALSE	0.579083570902572	0	0	FALSE	9	9	2.39789527279837	3.8286413964891	4.75359019110636	1	8	9	2.30258509299405	3.40119738166216	3.95124371858143	1	NA	NA	NA	NA
phase18_rpl11_deep_dive_v1	Excitatory_neurons	RPL11	topology	22	EIF4G2	1.16529959396933	FALSE	0.518441170566464	0	0	FALSE	9	9	2.39789527279837	3.8286413964891	4.75359019110636	1	9	10	2.39789527279837	3.36729582998647	3.93182563272433	1	NA	NA	NA	NA
phase18_rpl11_deep_dive_v1	Excitatory_neurons	RPL11	topology	23	DLG2	1.191727039271	FALSE	0.677862258499558	0	0	FALSE	9	9	2.39789527279837	3.8286413964891	4.75359019110636	1	8	9	2.30258509299405	3.2188758248682	4.06044301054642	1	NA	NA	NA	NA
phase18_rpl11_deep_dive_v1	Excitatory_neurons	RPL11	topology	24	PITPNM2	1.22323867795233	FALSE	0.602838423882058	0	0	FALSE	9	9	2.39789527279837	3.8286413964891	4.75359019110636	1	9	10	2.39789527279837	3.2188758248682	3.97029191355212	1	NA	NA	NA	NA
phase18_rpl11_deep_dive_v1	Excitatory_neurons	RPL11	topology	25	AHSA1	1.25492928550427	FALSE	0.0306700325946945	0	0	FALSE	9	9	2.39789527279837	3.8286413964891	4.75359019110636	1	8	9	2.30258509299405	3.2188758248682	3.95124371858143	1	NA	NA	NA	NA
phase18_rpl11_deep_dive_v1	Excitatory_neurons	RPL11	topology	26	AL139260.1	1.27929073279057	FALSE	0.27615604296065	0	0	FALSE	9	9	2.39789527279837	3.8286413964891	4.75359019110636	1	8	10	2.30258509299405	3.3322045101752	4.12713438504509	1	NA	NA	NA	NA
phase18_rpl11_deep_dive_v1	Excitatory_neurons	RPL11	topology	27	WNK1	1.3292943624636	FALSE	0.755290302880421	0	0	FALSE	9	9	2.39789527279837	3.8286413964891	4.75359019110636	1	8	10	2.30258509299405	3.40119738166216	3.97029191355212	1	NA	NA	NA	NA
phase18_rpl11_deep_dive_v1	Excitatory_neurons	RPL11	topology	28	GNAO1	1.41934377043003	FALSE	1	0	0	FALSE	9	9	2.39789527279837	3.8286413964891	4.75359019110636	1	8	10	2.30258509299405	3.29583686600433	3.89182029811063	1	NA	NA	NA	NA
phase18_rpl11_deep_dive_v1	Excitatory_neurons	RPL11	topology	29	TCF20	1.4206258115804	FALSE	0.546459845254454	0	0	FALSE	9	9	2.39789527279837	3.8286413964891	4.75359019110636	1	9	11	2.39789527279837	3.61091791264422	4.36944785246702	1	NA	NA	NA	NA
phase18_rpl11_deep_dive_v1	Excitatory_neurons	RPL11	topology	30	ATP6V1B2	1.44093864246845	FALSE	0.568390907896644	0	0	FALSE	9	9	2.39789527279837	3.8286413964891	4.75359019110636	1	8	9	2.30258509299405	3.04452243772342	3.8286413964891	1	NA	NA	NA	NA
phase18_rpl11_deep_dive_v1	Excitatory_neurons	RPL11	topology	31	SHOC2	1.44602160195571	FALSE	0.928316635397866	0	0	FALSE	9	9	2.39789527279837	3.8286413964891	4.75359019110636	1	9	11	2.39789527279837	3.43398720448515	4.46590811865458	1	NA	NA	NA	NA
phase18_rpl11_deep_dive_v1	Excitatory_neurons	RPL11	topology	32	GPBP1L1	1.44634067556721	FALSE	0.566982803006081	0	0	FALSE	9	9	2.39789527279837	3.8286413964891	4.75359019110636	1	9	11	2.39789527279837	3.52636052461616	4.34380542185368	1	NA	NA	NA	NA
phase18_rpl11_deep_dive_v1	Excitatory_neurons	RPL11	topology	33	NCDN	1.46766726303869	FALSE	1	0	0	FALSE	9	9	2.39789527279837	3.8286413964891	4.75359019110636	1	8	9	2.30258509299405	3.17805383034795	3.66356164612965	1	NA	NA	NA	NA
phase18_rpl11_deep_dive_v1	Excitatory_neurons	RPL11	topology	34	RPAP2	1.47889481803261	FALSE	1	0	0	FALSE	9	9	2.39789527279837	3.8286413964891	4.75359019110636	1	8	10	2.30258509299405	3.17805383034795	3.89182029811063	1	NA	NA	NA	NA
phase18_rpl11_deep_dive_v1	Excitatory_neurons	RPL11	topology	35	LRP1B	1.48914498938544	FALSE	0.400131331242282	0	0	FALSE	9	9	2.39789527279837	3.8286413964891	4.75359019110636	1	9	10	2.39789527279837	3.25809653802148	3.55534806148941	1	NA	NA	NA	NA
phase18_rpl11_deep_dive_v1	Excitatory_neurons	RPL11	topology	36	CALM1	1.5020221779938	FALSE	0.0643644741821441	0	0	FALSE	9	9	2.39789527279837	3.8286413964891	4.75359019110636	1	7	9	2.19722457733622	3.49650756146648	4.46590811865458	1	NA	NA	NA	NA
phase18_rpl11_deep_dive_v1	Excitatory_neurons	RPL11	topology	37	MON2	1.51707730554654	FALSE	0.542112835946071	0	0	FALSE	9	9	2.39789527279837	3.8286413964891	4.75359019110636	1	9	11	2.39789527279837	3.40119738166216	4.23410650459726	1	NA	NA	NA	NA
phase18_rpl11_deep_dive_v1	Excitatory_neurons	RPL11	topology	38	SHPRH	1.52968363988002	TRUE	0.598598646852096	0	0	FALSE	9	9	2.39789527279837	3.8286413964891	4.75359019110636	1	10	11	2.484906649788	3.73766961828337	4.63472898822964	1	NA	NA	NA	NA
phase18_rpl11_deep_dive_v1	Excitatory_neurons	RPL11	topology	39	PIP4K2B	1.53549552955853	TRUE	0.744053339208153	0	0	FALSE	9	9	2.39789527279837	3.8286413964891	4.75359019110636	1	10	11	2.484906649788	3.66356164612965	4.66343909411207	1	NA	NA	NA	NA
phase18_rpl11_deep_dive_v1	Excitatory_neurons	RPL11	topology	40	CNTN1	1.53761936077695	TRUE	0.94245072237984	0	0	FALSE	9	9	2.39789527279837	3.8286413964891	4.75359019110636	1	10	11	2.484906649788	3.68887945411394	4.59511985013459	1	NA	NA	NA	NA
phase18_rpl11_deep_dive_v1	Excitatory_neurons	RPL11	topology	41	FAIM2	1.54068128974509	FALSE	0.911532718753307	0	0	FALSE	9	9	2.39789527279837	3.8286413964891	4.75359019110636	1	7	9	2.19722457733622	3.43398720448515	4.36944785246702	1	NA	NA	NA	NA
phase18_rpl11_deep_dive_v1	Excitatory_neurons	RPL11	topology	42	CEP192	1.55819786244273	FALSE	0.69488583552843	0	0	FALSE	9	9	2.39789527279837	3.8286413964891	4.75359019110636	1	10	10	2.484906649788	3.25809653802148	3.68887945411394	1	NA	NA	NA	NA
phase18_rpl11_deep_dive_v1	Excitatory_neurons	RPL11	topology	43	CALM3	1.55950076041669	FALSE	0.0511776271551301	0	0	FALSE	9	9	2.39789527279837	3.8286413964891	4.75359019110636	1	10	11	2.484906649788	3.68887945411394	4.44265125649032	1	NA	NA	NA	NA
phase18_rpl11_deep_dive_v1	Excitatory_neurons	RPL11	topology	44	METTL6	1.57817978983053	FALSE	0.609987965811142	0	0	FALSE	9	9	2.39789527279837	3.8286413964891	4.75359019110636	1	8	9	2.30258509299405	3.29583686600433	3.63758615972639	0.979381443298969	NA	NA	NA	NA
phase18_rpl11_deep_dive_v1	Excitatory_neurons	RPL11	topology	45	TRMT112	1.57873130896234	FALSE	0.234633281022651	0	0	FALSE	9	9	2.39789527279837	3.8286413964891	4.75359019110636	1	9	10	2.39789527279837	3.61091791264422	4.34380542185368	0.958762886597938	NA	NA	NA	NA
phase18_rpl11_deep_dive_v1	Excitatory_neurons	RPL11	topology	46	TNRC6B	1.5893105754986	FALSE	1	0	0	FALSE	9	9	2.39789527279837	3.8286413964891	4.75359019110636	1	8	9	2.30258509299405	3.13549421592915	3.52636052461616	1	NA	NA	NA	NA
phase18_rpl11_deep_dive_v1	Excitatory_neurons	RPL11	topology	47	VPS35L	1.5989316959585	FALSE	0.0245646810232819	1	1	FALSE	9	9	2.39789527279837	3.8286413964891	4.75359019110636	1	7	8	2.19722457733622	3.61091791264422	4.70953020131233	1	NA	NA	NA	NA
phase18_rpl11_deep_dive_v1	Excitatory_neurons	RPL11	topology	48	APBA1	1.59907895607273	FALSE	0.587450577656229	0	0	FALSE	9	9	2.39789527279837	3.8286413964891	4.75359019110636	1	7	9	2.19722457733622	3.46573590279973	4.14313472639153	1	NA	NA	NA	NA
phase18_rpl11_deep_dive_v1	Excitatory_neurons	RPL11	topology	49	UBR1	1.60318397370191	FALSE	0.718372150476701	0	0	FALSE	9	9	2.39789527279837	3.8286413964891	4.75359019110636	1	8	10	2.30258509299405	3.04452243772342	3.80666248977032	1	NA	NA	NA	NA
phase18_rpl11_deep_dive_v1	Excitatory_neurons	RPL11	topology	50	REV1	1.60946627896777	FALSE	0.707464555704892	0	0	FALSE	9	9	2.39789527279837	3.8286413964891	4.75359019110636	1	10	11	2.484906649788	3.61091791264422	4.27666611901606	1	NA	NA	NA	NA
phase18_rpl11_deep_dive_v1	Excitatory_neurons	RPL11	topology	51	ENO2	1.61830226107036	FALSE	0.42761929736351	0	0	FALSE	9	9	2.39789527279837	3.8286413964891	4.75359019110636	1	10	11	2.484906649788	3.58351893845611	4.26267987704132	1	NA	NA	NA	NA
phase18_rpl11_deep_dive_v1	Excitatory_neurons	RPL11	topology	52	FAM135A	1.63227546939721	FALSE	0.00691394699828747	0	0	FALSE	9	9	2.39789527279837	3.8286413964891	4.75359019110636	1	10	11	2.484906649788	3.55534806148941	4.23410650459726	1	NA	NA	NA	NA
phase18_rpl11_deep_dive_v1	Excitatory_neurons	RPL11	topology	53	CSNK1E	1.63672652851182	FALSE	0.602674956978865	0	0	FALSE	9	9	2.39789527279837	3.8286413964891	4.75359019110636	1	7	9	2.19722457733622	3.40119738166216	4.0943445622221	1	NA	NA	NA	NA
phase18_rpl11_deep_dive_v1	Excitatory_neurons	RPL11	topology	54	AC124319.2	1.63796445674562	FALSE	0.559603507262842	0	0	FALSE	9	9	2.39789527279837	3.8286413964891	4.75359019110636	1	9	11	2.39789527279837	3.43398720448515	4.27666611901606	0.979381443298969	NA	NA	NA	NA
phase18_rpl11_deep_dive_v1	Excitatory_neurons	RPL11	topology	55	PCBP1	1.65898817110985	FALSE	0.446056356891878	0	0	FALSE	9	9	2.39789527279837	3.8286413964891	4.75359019110636	1	9	11	2.39789527279837	3.29583686600433	3.97029191355212	1	NA	NA	NA	NA
phase18_rpl11_deep_dive_v1	Excitatory_neurons	RPL11	topology	56	KIAA1958	1.67033232059523	FALSE	0.558952977737654	0	0	FALSE	9	9	2.39789527279837	3.8286413964891	4.75359019110636	1	8	9	2.30258509299405	2.99573227355399	3.52636052461616	1	NA	NA	NA	NA
phase18_rpl11_deep_dive_v1	Excitatory_neurons	RPL11	topology	57	EHMT1	1.67065716080927	FALSE	0.327229381461205	0	0	FALSE	9	9	2.39789527279837	3.8286413964891	4.75359019110636	1	8	10	2.30258509299405	3.13549421592915	3.61091791264422	1	NA	NA	NA	NA
phase18_rpl11_deep_dive_v1	Excitatory_neurons	RPL11	topology	58	ELAVL3	1.67661577344255	FALSE	0.923290680908307	0	0	FALSE	9	9	2.39789527279837	3.8286413964891	4.75359019110636	1	7	8	2.19722457733622	3.43398720448515	4.39444915467244	1	NA	NA	NA	NA
phase18_rpl11_deep_dive_v1	Excitatory_neurons	RPL11	topology	59	EFR3A	1.67758161902484	FALSE	0.654696629122016	0	0	FALSE	9	9	2.39789527279837	3.8286413964891	4.75359019110636	1	10	11	2.484906649788	3.46573590279973	4.15888308335967	1	NA	NA	NA	NA
phase18_rpl11_deep_dive_v1	Excitatory_neurons	RPL11	topology	60	MICAL3	1.69871483348785	FALSE	0.571601556432647	0	0	FALSE	9	9	2.39789527279837	3.8286413964891	4.75359019110636	1	7	9	2.19722457733622	3.36729582998647	3.97029191355212	1	NA	NA	NA	NA
phase18_rpl11_deep_dive_v1	Excitatory_neurons	RPL11	topology	61	SCFD2	1.7010158529629	FALSE	0.25383132696558	0	0	FALSE	9	9	2.39789527279837	3.8286413964891	4.75359019110636	1	9	11	2.39789527279837	3.25809653802148	3.91202300542815	1	NA	NA	NA	NA
phase18_rpl11_deep_dive_v1	Excitatory_neurons	RPL11	topology	62	TNFSF13B	1.70767614703772	FALSE	0.702062744962964	0	0	FALSE	9	9	2.39789527279837	3.8286413964891	4.75359019110636	1	8	9	2.30258509299405	3.49650756146648	4.06044301054642	0.958762886597938	NA	NA	NA	NA
phase18_rpl11_deep_dive_v1	Excitatory_neurons	RPL11	topology	63	ADCY9	1.70945692698056	FALSE	0.582546123877973	0	0	FALSE	9	9	2.39789527279837	3.8286413964891	4.75359019110636	1	7	9	2.19722457733622	3.25809653802148	4.04305126783455	1	NA	NA	NA	NA
phase18_rpl11_deep_dive_v1	Excitatory_neurons	RPL11	topology	64	OSBP2	1.71037608476571	FALSE	0.709400024805518	0	0	FALSE	9	9	2.39789527279837	3.8286413964891	4.75359019110636	1	7	8	2.19722457733622	3.40119738166216	4.29045944114839	1	NA	NA	NA	NA
phase18_rpl11_deep_dive_v1	Excitatory_neurons	RPL11	topology	65	SELENOW	1.71769663214259	FALSE	4.74305122867583e-09	14	9	FALSE	9	9	2.39789527279837	3.8286413964891	4.75359019110636	1	7	8	2.19722457733622	3.40119738166216	4.26267987704132	1	NA	NA	NA	NA
phase18_rpl11_deep_dive_v1	Excitatory_neurons	RPL11	topology	66	RAD9A	1.72106256554003	FALSE	0.543684549980126	0	0	FALSE	9	9	2.39789527279837	3.8286413964891	4.75359019110636	1	7	9	2.19722457733622	3.52636052461616	4.14313472639153	0.979381443298969	NA	NA	NA	NA
phase18_rpl11_deep_dive_v1	Excitatory_neurons	RPL11	topology	67	UBC	1.721586304132	FALSE	0.0157032544995245	0	0	FALSE	9	9	2.39789527279837	3.8286413964891	4.75359019110636	1	7	8	2.19722457733622	3.40119738166216	4.24849524204936	1	NA	NA	NA	NA
phase18_rpl11_deep_dive_v1	Excitatory_neurons	RPL11	topology	68	SECISBP2	1.73812679941622	FALSE	0.247206838141821	0	0	FALSE	9	9	2.39789527279837	3.8286413964891	4.75359019110636	1	8	9	2.30258509299405	2.89037175789616	3.52636052461616	1	NA	NA	NA	NA
phase18_rpl11_deep_dive_v1	Excitatory_neurons	RPL11	topology	69	ATXN7L3B	1.74128149558686	FALSE	0.706422312524302	0	0	FALSE	9	9	2.39789527279837	3.8286413964891	4.75359019110636	1	7	9	2.19722457733622	3.29583686600433	3.93182563272433	1	NA	NA	NA	NA
phase18_rpl11_deep_dive_v1	Excitatory_neurons	RPL11	topology	70	CMIP	1.7424191098882	FALSE	0.497056710189949	0	0	FALSE	9	9	2.39789527279837	3.8286413964891	4.75359019110636	1	9	10	2.39789527279837	3.04452243772342	3.36729582998647	1	NA	NA	NA	NA
phase18_rpl11_deep_dive_v1	Excitatory_neurons	RPL11	topology	71	SLMAP	1.74455410279666	FALSE	0.662250602363241	0	0	FALSE	9	9	2.39789527279837	3.8286413964891	4.75359019110636	1	7	8	2.19722457733622	3.55534806148941	4.06044301054642	1	NA	NA	NA	NA
phase18_rpl11_deep_dive_v1	Excitatory_neurons	RPL11	topology	72	SOS1	1.74917073827298	FALSE	0.146378781548536	0	0	FALSE	9	9	2.39789527279837	3.8286413964891	4.75359019110636	1	8	10	2.30258509299405	3.09104245335832	3.52636052461616	1	NA	NA	NA	NA
phase18_rpl11_deep_dive_v1	Excitatory_neurons	RPL11	topology	73	KRAS	1.76080447300809	FALSE	0.584306265304192	0	0	FALSE	9	9	2.39789527279837	3.8286413964891	4.75359019110636	1	7	8	2.19722457733622	3.43398720448515	4.0943445622221	1	NA	NA	NA	NA
phase18_rpl11_deep_dive_v1	Excitatory_neurons	RPL11	topology	74	LAMTOR5	1.76272013106743	FALSE	4.08298782697999e-06	12	8	FALSE	9	9	2.39789527279837	3.8286413964891	4.75359019110636	1	9	10	2.39789527279837	3.3322045101752	4.00733318523247	0.958762886597938	NA	NA	NA	NA
phase18_rpl11_deep_dive_v1	Excitatory_neurons	RPL11	topology	75	BEX4	1.76467806949676	FALSE	0.00444941649058789	3	3	FALSE	9	9	2.39789527279837	3.8286413964891	4.75359019110636	1	7	9	2.19722457733622	3.13549421592915	4.04305126783455	1	NA	NA	NA	NA
phase18_rpl11_deep_dive_v1	Excitatory_neurons	RPL11	topology	76	CIRBP	1.78044519332491	FALSE	0.544366634274329	0	0	FALSE	9	9	2.39789527279837	3.8286413964891	4.75359019110636	1	9	11	2.39789527279837	3.2188758248682	3.78418963391826	1	NA	NA	NA	NA
phase18_rpl11_deep_dive_v1	Excitatory_neurons	RPL11	topology	77	DST	1.78888656620299	FALSE	1	0	0	FALSE	9	9	2.39789527279837	3.8286413964891	4.75359019110636	1	9	11	2.39789527279837	3.25809653802148	3.73766961828337	1	NA	NA	NA	NA
phase18_rpl11_deep_dive_v1	Excitatory_neurons	RPL11	topology	78	CCAR1	1.79671133475226	FALSE	0.351358799069299	0	0	FALSE	9	9	2.39789527279837	3.8286413964891	4.75359019110636	1	8	9	2.30258509299405	2.83321334405622	3.49650756146648	1	NA	NA	NA	NA
phase18_rpl11_deep_dive_v1	Excitatory_neurons	RPL11	topology	79	PHAX	1.80332811507085	FALSE	0.86092620072214	0	0	FALSE	9	9	2.39789527279837	3.8286413964891	4.75359019110636	1	7	8	2.19722457733622	3.25809653802148	4.14313472639153	1	NA	NA	NA	NA
phase18_rpl11_deep_dive_v1	Excitatory_neurons	RPL11	topology	80	HIVEP3	1.81087525564879	FALSE	0.67728219009218	0	0	FALSE	9	9	2.39789527279837	3.8286413964891	4.75359019110636	1	7	8	2.19722457733622	3.3322045101752	4.04305126783455	1	NA	NA	NA	NA
phase18_rpl11_deep_dive_v1	Excitatory_neurons	RPL11	topology	81	SPEN	1.82972526453169	FALSE	0.572092995416451	0	0	FALSE	9	9	2.39789527279837	3.8286413964891	4.75359019110636	1	9	11	2.39789527279837	3.25809653802148	3.66356164612965	1	NA	NA	NA	NA
phase18_rpl11_deep_dive_v1	Excitatory_neurons	RPL11	topology	82	CRLF3	1.84789792072464	FALSE	0.0458235255063807	0	0	FALSE	9	9	2.39789527279837	3.8286413964891	4.75359019110636	1	8	9	2.30258509299405	2.89037175789616	3.36729582998647	1	NA	NA	NA	NA
phase18_rpl11_deep_dive_v1	Excitatory_neurons	RPL11	topology	83	GPR135	1.85417479986079	FALSE	0.240168681398793	0	0	FALSE	9	9	2.39789527279837	3.8286413964891	4.75359019110636	1	10	10	2.484906649788	3.52636052461616	3.98898404656427	0.958762886597938	NA	NA	NA	NA
phase18_rpl11_deep_dive_v1	Excitatory_neurons	RPL11	topology	84	GABARAPL2	1.85965247533635	FALSE	1.60672901885777e-05	14	10	FALSE	9	9	2.39789527279837	3.8286413964891	4.75359019110636	1	8	11	2.30258509299405	3.17805383034795	3.95124371858143	1	NA	NA	NA	NA
phase18_rpl11_deep_dive_v1	Excitatory_neurons	RPL11	topology	85	SLC38A2	1.90201889368115	FALSE	1	0	0	FALSE	9	9	2.39789527279837	3.8286413964891	4.75359019110636	1	8	9	2.30258509299405	2.77258872223978	3.40119738166216	1	NA	NA	NA	NA
phase18_rpl11_deep_dive_v1	Excitatory_neurons	RPL11	topology	86	FXR1	1.92101095724456	FALSE	0.415964520988396	0	0	FALSE	9	9	2.39789527279837	3.8286413964891	4.75359019110636	1	7	9	2.19722457733622	3.17805383034795	3.66356164612965	1	NA	NA	NA	NA
phase18_rpl11_deep_dive_v1	Excitatory_neurons	RPL11	topology	87	DPH6-DT	1.93179048951636	FALSE	0.531006143599475	0	0	FALSE	9	9	2.39789527279837	3.8286413964891	4.75359019110636	1	9	10	2.39789527279837	2.89037175789616	3.40119738166216	0.979381443298969	NA	NA	NA	NA
phase18_rpl11_deep_dive_v1	Excitatory_neurons	RPL11	topology	88	TTC17	1.94240952701982	FALSE	0.660014184243017	0	0	FALSE	9	9	2.39789527279837	3.8286413964891	4.75359019110636	1	10	11	2.484906649788	3.17805383034795	3.76120011569356	1	NA	NA	NA	NA
phase18_rpl11_deep_dive_v1	Excitatory_neurons	RPL11	topology	89	BSG	1.96289689964861	FALSE	0.190218310603519	0	0	FALSE	9	9	2.39789527279837	3.8286413964891	4.75359019110636	1	9	11	2.39789527279837	3.09104245335832	3.55534806148941	1	NA	NA	NA	NA
phase18_rpl11_deep_dive_v1	Excitatory_neurons	RPL11	topology	90	GRIA4	1.96886019636503	FALSE	0.495869638437531	0	0	FALSE	9	9	2.39789527279837	3.8286413964891	4.75359019110636	1	7	8	2.19722457733622	3.25809653802148	3.73766961828337	1	NA	NA	NA	NA
phase18_rpl11_deep_dive_v1	Excitatory_neurons	RPL11	topology	91	RRAGA	1.97453178728156	FALSE	0.000814043198287422	3	3	FALSE	9	9	2.39789527279837	3.8286413964891	4.75359019110636	1	7	8	2.19722457733622	3.13549421592915	4.14313472639153	0.979381443298969	NA	NA	NA	NA
phase18_rpl11_deep_dive_v1	Excitatory_neurons	RPL11	topology	92	SKP1	1.97978252553142	FALSE	0.250166254841325	0	0	FALSE	9	9	2.39789527279837	3.8286413964891	4.75359019110636	1	9	11	2.39789527279837	3.09104245335832	3.52636052461616	1	NA	NA	NA	NA
phase18_rpl11_deep_dive_v1	Excitatory_neurons	RPL11	topology	93	SRCIN1	1.98494973976193	FALSE	0.629650367868545	0	0	FALSE	9	9	2.39789527279837	3.8286413964891	4.75359019110636	1	7	8	2.19722457733622	3.13549421592915	3.80666248977032	1	NA	NA	NA	NA
phase18_rpl11_deep_dive_v1	Excitatory_neurons	RPL11	topology	94	VPS54	1.98800184830608	FALSE	1	0	0	FALSE	9	9	2.39789527279837	3.8286413964891	4.75359019110636	1	8	9	2.30258509299405	2.94443897916644	3.13549421592915	1	NA	NA	NA	NA
phase18_rpl11_deep_dive_v1	Excitatory_neurons	RPL11	topology	95	CERS4	1.99071780254143	FALSE	0.080568181255007	0	0	FALSE	9	9	2.39789527279837	3.8286413964891	4.75359019110636	1	8	10	2.30258509299405	2.89037175789616	3.3322045101752	1	NA	NA	NA	NA
phase18_rpl11_deep_dive_v1	Excitatory_neurons	RPL11	topology	96	AGPAT1	1.99837407597743	FALSE	0.60154279157036	0	0	FALSE	9	9	2.39789527279837	3.8286413964891	4.75359019110636	1	7	8	2.19722457733622	3.25809653802148	3.93182563272433	0.979381443298969	NA	NA	NA	NA
phase18_rpl11_deep_dive_v1	Excitatory_neurons	RPL11	topology	97	ATP6V0E2	2.00326435612547	FALSE	0.25478459271143	0	0	FALSE	9	9	2.39789527279837	3.8286413964891	4.75359019110636	1	10	11	2.484906649788	3.2188758248682	3.61091791264422	1	NA	NA	NA	NA
phase18_rpl11_deep_dive_v1	Excitatory_neurons	RPL11	topology	98	NELL2	2.01679891383258	FALSE	0.269773991102901	0	0	FALSE	9	9	2.39789527279837	3.8286413964891	4.75359019110636	1	7	8	2.19722457733622	3.04452243772342	3.8286413964891	1	NA	NA	NA	NA
phase18_rpl11_deep_dive_v1	Excitatory_neurons	RPL11	topology	99	MTMR3	2.02243348142915	FALSE	0.512106848142274	0	0	FALSE	9	9	2.39789527279837	3.8286413964891	4.75359019110636	1	8	9	2.30258509299405	2.94443897916644	3.09104245335832	1	NA	NA	NA	NA
phase18_rpl11_deep_dive_v1	Excitatory_neurons	RPL11	topology	100	MAPKAP1	2.03047786627295	FALSE	0.763537555420959	0	0	FALSE	9	9	2.39789527279837	3.8286413964891	4.75359019110636	1	11	11	2.56494935746154	3.58351893845611	4.23410650459726	1	NA	NA	NA	NA
phase18_rpl11_deep_dive_v1	Excitatory_neurons	RPL11	topology	101	API5	2.05098087220349	FALSE	0.612758820834299	0	0	FALSE	9	9	2.39789527279837	3.8286413964891	4.75359019110636	1	7	9	2.19722457733622	3.13549421592915	3.46573590279973	1	NA	NA	NA	NA
phase18_rpl11_deep_dive_v1	Excitatory_neurons	RPL11	topology	102	KIFC2	2.05114431508849	FALSE	0.758836932415744	0	0	FALSE	9	9	2.39789527279837	3.8286413964891	4.75359019110636	1	7	7	2.19722457733622	3.63758615972639	4.18965474202643	1	NA	NA	NA	NA
phase18_rpl11_deep_dive_v1	Excitatory_neurons	RPL11	topology	103	TNR	2.05175830524317	FALSE	0.724119844190523	0	0	FALSE	9	9	2.39789527279837	3.8286413964891	4.75359019110636	1	11	11	2.56494935746154	3.63758615972639	4.12713438504509	1	NA	NA	NA	NA
phase18_rpl11_deep_dive_v1	Excitatory_neurons	RPL11	topology	104	NDFIP2	2.0523767819623	FALSE	0.524743737197682	0	0	FALSE	9	9	2.39789527279837	3.8286413964891	4.75359019110636	1	8	9	2.30258509299405	2.89037175789616	3.09104245335832	1	NA	NA	NA	NA
phase18_rpl11_deep_dive_v1	Excitatory_neurons	RPL11	topology	105	GRAMD1B	2.06658350467499	FALSE	0.483386265025932	0	0	FALSE	9	9	2.39789527279837	3.8286413964891	4.75359019110636	1	10	11	2.484906649788	3.13549421592915	3.55534806148941	1	NA	NA	NA	NA
phase18_rpl11_deep_dive_v1	Excitatory_neurons	RPL11	topology	106	LRRC28	2.07334965113764	FALSE	0.169142133242567	0	0	FALSE	9	9	2.39789527279837	3.8286413964891	4.75359019110636	1	7	9	2.19722457733622	3.04452243772342	3.49650756146648	1	NA	NA	NA	NA
phase18_rpl11_deep_dive_v1	Excitatory_neurons	RPL11	topology	107	CHORDC1	2.08893799573853	FALSE	0.12853989314484	0	0	FALSE	9	9	2.39789527279837	3.8286413964891	4.75359019110636	1	7	9	2.19722457733622	3.09104245335832	3.43398720448515	1	NA	NA	NA	NA
phase18_rpl11_deep_dive_v1	Excitatory_neurons	RPL11	topology	108	MYT1L	2.09781736773284	FALSE	1	0	0	FALSE	9	9	2.39789527279837	3.8286413964891	4.75359019110636	1	9	11	2.39789527279837	3.04452243772342	3.36729582998647	1	NA	NA	NA	NA
phase18_rpl11_deep_dive_v1	Excitatory_neurons	RPL11	topology	109	PPP1CC	2.09965969166805	FALSE	0.489176011687675	0	0	FALSE	9	9	2.39789527279837	3.8286413964891	4.75359019110636	1	9	10	2.39789527279837	2.77258872223978	3.25809653802148	0.979381443298969	NA	NA	NA	NA
phase18_rpl11_deep_dive_v1	Excitatory_neurons	RPL11	topology	110	ATXN1	2.10278980198192	FALSE	0.824825362985642	0	0	FALSE	9	9	2.39789527279837	3.8286413964891	4.75359019110636	1	7	7	2.19722457733622	3.61091791264422	4.02535169073515	1	NA	NA	NA	NA
phase18_rpl11_deep_dive_v1	Excitatory_neurons	RPL11	topology	111	TBC1D8	2.10601695277477	FALSE	0.335976917251435	0	0	FALSE	9	9	2.39789527279837	3.8286413964891	4.75359019110636	1	7	9	2.19722457733622	2.94443897916644	3.52636052461616	1	NA	NA	NA	NA
phase18_rpl11_deep_dive_v1	Excitatory_neurons	RPL11	topology	112	RPL36	2.12153780631028	FALSE	0.00501224197297369	2	2	TRUE	9	9	2.39789527279837	3.8286413964891	4.75359019110636	1	7	7	2.19722457733622	3.3322045101752	4.15888308335967	1	NA	NA	NA	NA
phase18_rpl11_deep_dive_v1	Excitatory_neurons	RPL11	topology	113	YWHAB	2.13544083311035	FALSE	0.60443208252561	0	0	FALSE	9	9	2.39789527279837	3.8286413964891	4.75359019110636	1	10	11	2.484906649788	3.13549421592915	3.43398720448515	1	NA	NA	NA	NA
phase18_rpl11_deep_dive_v1	Excitatory_neurons	RPL11	topology	114	DYNLRB1	2.14378967589841	FALSE	0.272384604346394	0	0	FALSE	9	9	2.39789527279837	3.8286413964891	4.75359019110636	1	7	8	2.19722457733622	3.09104245335832	3.52636052461616	1	NA	NA	NA	NA
phase18_rpl11_deep_dive_v1	Excitatory_neurons	RPL11	topology	115	TMEM132B	2.14812125580367	FALSE	0.624690492973631	0	0	FALSE	9	9	2.39789527279837	3.8286413964891	4.75359019110636	1	7	7	2.19722457733622	3.40119738166216	4.00733318523247	1	NA	NA	NA	NA
phase18_rpl11_deep_dive_v1	Excitatory_neurons	RPL11	topology	116	SCRN1	2.14992912669959	FALSE	1	0	0	FALSE	9	9	2.39789527279837	3.8286413964891	4.75359019110636	1	7	9	2.19722457733622	3.04452243772342	3.36729582998647	1	NA	NA	NA	NA
phase18_rpl11_deep_dive_v1	Excitatory_neurons	RPL11	topology	117	KIF5C	2.15123945755848	FALSE	0.649063213965372	0	0	FALSE	9	9	2.39789527279837	3.8286413964891	4.75359019110636	1	7	9	2.19722457733622	3.09104245335832	3.3322045101752	1	NA	NA	NA	NA
phase18_rpl11_deep_dive_v1	Excitatory_neurons	RPL11	topology	118	MARK4	2.1600842045595	FALSE	1	0	0	FALSE	9	9	2.39789527279837	3.8286413964891	4.75359019110636	1	8	10	2.30258509299405	2.83321334405622	3.13549421592915	1	NA	NA	NA	NA
phase18_rpl11_deep_dive_v1	Excitatory_neurons	RPL11	topology	119	ORC3	2.16413749098365	FALSE	0.441049505224745	0	0	FALSE	9	9	2.39789527279837	3.8286413964891	4.75359019110636	1	7	9	2.19722457733622	3.04452243772342	3.52636052461616	0.979381443298969	NA	NA	NA	NA
phase18_rpl11_deep_dive_v1	Excitatory_neurons	RPL11	topology	120	TMEM106B	2.16586474166901	FALSE	0.467281074784822	0	0	FALSE	9	9	2.39789527279837	3.8286413964891	4.75359019110636	1	9	11	2.39789527279837	2.99573227355399	3.29583686600433	1	NA	NA	NA	NA
phase18_rpl11_deep_dive_v1	Excitatory_neurons	RPL11	topology	121	MAP2	2.16609878615767	FALSE	0.51176822462063	0	0	FALSE	9	9	2.39789527279837	3.8286413964891	4.75359019110636	1	10	12	2.484906649788	3.63758615972639	4.51085950651685	1	NA	NA	NA	NA
phase18_rpl11_deep_dive_v1	Excitatory_neurons	RPL11	topology	122	SETD2	2.16685889612587	FALSE	0.669495661192941	0	0	FALSE	9	9	2.39789527279837	3.8286413964891	4.75359019110636	1	10	12	2.484906649788	3.76120011569356	4.43081679884331	1	NA	NA	NA	NA
phase18_rpl11_deep_dive_v1	Excitatory_neurons	RPL11	topology	123	SLC8A3	2.19009303723525	FALSE	0.216752211094414	0	0	FALSE	9	9	2.39789527279837	3.8286413964891	4.75359019110636	1	9	11	2.39789527279837	2.99573227355399	3.25809653802148	1	NA	NA	NA	NA
phase18_rpl11_deep_dive_v1	Excitatory_neurons	RPL11	topology	124	SUGT1	2.19422764358057	FALSE	0.523572337410611	0	0	FALSE	9	9	2.39789527279837	3.8286413964891	4.75359019110636	1	7	9	2.19722457733622	3.04452243772342	3.29583686600433	1	NA	NA	NA	NA
phase18_rpl11_deep_dive_v1	Excitatory_neurons	RPL11	topology	125	MAP4K3	2.19610972998266	FALSE	0.622589474393019	0	0	FALSE	9	9	2.39789527279837	3.8286413964891	4.75359019110636	1	9	11	2.39789527279837	2.89037175789616	3.3322045101752	1	NA	NA	NA	NA
phase18_rpl11_deep_dive_v1	Excitatory_neurons	RPL11	topology	126	KCNJ3	2.21861267896448	FALSE	0.143871460762504	0	0	FALSE	9	9	2.39789527279837	3.8286413964891	4.75359019110636	1	7	9	2.19722457733622	2.94443897916644	3.3322045101752	1	NA	NA	NA	NA
phase18_rpl11_deep_dive_v1	Excitatory_neurons	RPL11	topology	127	BICRAL	2.22071476705713	FALSE	0.483095114348074	0	0	FALSE	9	9	2.39789527279837	3.8286413964891	4.75359019110636	1	9	11	2.39789527279837	3.04452243772342	3.17805383034795	1	NA	NA	NA	NA
phase18_rpl11_deep_dive_v1	Excitatory_neurons	RPL11	topology	128	SCAF8	2.22166919566275	FALSE	0.485237406963991	0	0	FALSE	9	9	2.39789527279837	3.8286413964891	4.75359019110636	1	9	10	2.39789527279837	2.70805020110221	2.99573227355399	1	NA	NA	NA	NA
phase18_rpl11_deep_dive_v1	Excitatory_neurons	RPL11	topology	129	DEXI	2.23309493355017	FALSE	0.0191404790172005	0	0	FALSE	9	9	2.39789527279837	3.8286413964891	4.75359019110636	1	7	8	2.19722457733622	3.43398720448515	4.04305126783455	0.958762886597938	NA	NA	NA	NA
phase18_rpl11_deep_dive_v1	Excitatory_neurons	RPL11	topology	130	YIPF3	2.2340262123409	FALSE	0.204421027258854	0	0	FALSE	9	9	2.39789527279837	3.8286413964891	4.75359019110636	1	7	7	2.19722457733622	3.36729582998647	4.0943445622221	0.979381443298969	NA	NA	NA	NA
phase18_rpl11_deep_dive_v1	Excitatory_neurons	RPL11	topology	131	HNRNPUL1	2.2369508954989	FALSE	0.558103723927752	0	0	FALSE	9	9	2.39789527279837	3.8286413964891	4.75359019110636	1	7	9	2.19722457733622	2.99573227355399	3.43398720448515	0.979381443298969	NA	NA	NA	NA
phase18_rpl11_deep_dive_v1	Excitatory_neurons	RPL11	topology	132	RALYL	2.24837921332787	FALSE	0.681974648744219	0	0	FALSE	9	9	2.39789527279837	3.8286413964891	4.75359019110636	1	10	12	2.484906649788	3.46573590279973	4.18965474202643	1	NA	NA	NA	NA
phase18_rpl11_deep_dive_v1	Excitatory_neurons	RPL11	topology	133	TCEAL1	2.24910263991794	FALSE	0.0376996711018433	0	0	FALSE	9	9	2.39789527279837	3.8286413964891	4.75359019110636	1	7	8	2.19722457733622	3.29583686600433	4.11087386417331	0.958762886597938	NA	NA	NA	NA
phase18_rpl11_deep_dive_v1	Excitatory_neurons	RPL11	topology	134	QRICH1	2.25814017817223	FALSE	0.400856765534622	0	0	FALSE	9	9	2.39789527279837	3.8286413964891	4.75359019110636	1	10	12	2.484906649788	3.49650756146648	4.12713438504509	1	NA	NA	NA	NA
phase18_rpl11_deep_dive_v1	Excitatory_neurons	RPL11	topology	135	MAST1	2.27943915389154	FALSE	0.515623850171106	0	0	FALSE	9	9	2.39789527279837	3.8286413964891	4.75359019110636	1	8	11	2.30258509299405	2.99573227355399	3.29583686600433	1	NA	NA	NA	NA
phase18_rpl11_deep_dive_v1	Excitatory_neurons	RPL11	topology	136	SLC38A6	2.29237198227422	FALSE	0.567069616502868	0	0	FALSE	9	9	2.39789527279837	3.8286413964891	4.75359019110636	1	9	11	2.39789527279837	2.94443897916644	3.29583686600433	0.979381443298969	NA	NA	NA	NA
phase18_rpl11_deep_dive_v1	Excitatory_neurons	RPL11	topology	137	GNA11	2.29354342777087	FALSE	1	0	0	FALSE	9	9	2.39789527279837	3.8286413964891	4.75359019110636	1	9	11	2.39789527279837	2.89037175789616	3.17805383034795	1	NA	NA	NA	NA
phase18_rpl11_deep_dive_v1	Excitatory_neurons	RPL11	topology	138	TMEM9	2.29752222293146	FALSE	0.532447559386627	0	0	FALSE	9	9	2.39789527279837	3.8286413964891	4.75359019110636	1	7	10	2.19722457733622	2.94443897916644	3.55534806148941	0.979381443298969	NA	NA	NA	NA
phase18_rpl11_deep_dive_v1	Excitatory_neurons	RPL11	topology	139	SPRYD3	2.30318517851697	FALSE	0.86255197479316	0	0	FALSE	9	9	2.39789527279837	3.8286413964891	4.75359019110636	1	10	12	2.484906649788	3.49650756146648	4.39444915467244	0.979381443298969	NA	NA	NA	NA
phase18_rpl11_deep_dive_v1	Excitatory_neurons	RPL11	topology	140	C1orf216	2.30355095752899	FALSE	0.355565823345868	0	0	FALSE	9	9	2.39789527279837	3.8286413964891	4.75359019110636	1	7	8	2.19722457733622	2.99573227355399	3.49650756146648	0.979381443298969	NA	NA	NA	NA
phase18_rpl11_deep_dive_v1	Excitatory_neurons	RPL11	topology	141	TRIM23	2.30384219548297	FALSE	1	0	0	FALSE	9	9	2.39789527279837	3.8286413964891	4.75359019110636	1	10	12	2.484906649788	3.3322045101752	4.0943445622221	1	NA	NA	NA	NA
phase18_rpl11_deep_dive_v1	Excitatory_neurons	RPL11	topology	142	RAB11A	2.30388926178852	FALSE	0.365532564286207	0	0	FALSE	9	9	2.39789527279837	3.8286413964891	4.75359019110636	1	10	11	2.484906649788	3.04452243772342	3.2188758248682	1	NA	NA	NA	NA
phase18_rpl11_deep_dive_v1	Excitatory_neurons	RPL11	topology	143	AVL9	2.30388926178852	FALSE	0.524549056912356	0	0	FALSE	9	9	2.39789527279837	3.8286413964891	4.75359019110636	1	10	11	2.484906649788	3.04452243772342	3.2188758248682	1	NA	NA	NA	NA
phase18_rpl11_deep_dive_v1	Excitatory_neurons	RPL11	topology	144	MTR	2.30978779464223	FALSE	0.402066006015633	0	0	FALSE	9	9	2.39789527279837	3.8286413964891	4.75359019110636	1	7	9	2.19722457733622	2.77258872223978	3.3322045101752	1	NA	NA	NA	NA
phase18_rpl11_deep_dive_v1	Excitatory_neurons	RPL11	topology	145	HP1BP3	2.3154859372787	FALSE	0.606384799285849	0	0	FALSE	9	9	2.39789527279837	3.8286413964891	4.75359019110636	1	7	9	2.19722457733622	2.89037175789616	3.2188758248682	1	NA	NA	NA	NA
phase18_rpl11_deep_dive_v1	Excitatory_neurons	RPL11	topology	146	ZFC3H1	2.34015530394578	FALSE	1	0	0	FALSE	9	9	2.39789527279837	3.8286413964891	4.75359019110636	1	7	8	2.19722457733622	2.94443897916644	3.29583686600433	1	NA	NA	NA	NA
phase18_rpl11_deep_dive_v1	Excitatory_neurons	RPL11	topology	147	DNM2	2.3471402361107	FALSE	1	0	0	FALSE	9	9	2.39789527279837	3.8286413964891	4.75359019110636	1	7	9	2.19722457733622	2.70805020110221	3.3322045101752	1	NA	NA	NA	NA
phase18_rpl11_deep_dive_v1	Excitatory_neurons	RPL11	topology	148	RBM14-RBM4	2.34772696710433	FALSE	0.51718311401218	0	0	FALSE	9	9	2.39789527279837	3.8286413964891	4.75359019110636	1	7	9	2.19722457733622	3.09104245335832	3.73766961828337	0.958762886597938	NA	NA	NA	NA
phase18_rpl11_deep_dive_v1	Excitatory_neurons	RPL11	topology	149	FGF17	2.35068941570418	FALSE	0.5285038885717	0	0	FALSE	9	9	2.39789527279837	3.8286413964891	4.75359019110636	1	8	10	2.30258509299405	3.49650756146648	4.15888308335967	0.938144329896907	NA	NA	NA	NA
phase18_rpl11_deep_dive_v1	Excitatory_neurons	RPL11	topology	150	POLR2K	2.35324658242709	FALSE	0.00865708551370615	4	4	FALSE	9	9	2.39789527279837	3.8286413964891	4.75359019110636	1	8	9	2.30258509299405	3.2188758248682	4.04305126783455	0.938144329896907	NA	NA	NA	NA
phase18_rpl11_deep_dive_v1	Excitatory_neurons	RPL11	topology	151	DMD	2.36333201237806	FALSE	1	0	0	FALSE	9	9	2.39789527279837	3.8286413964891	4.75359019110636	1	7	8	2.19722457733622	2.99573227355399	3.2188758248682	1	NA	NA	NA	NA
phase18_rpl11_deep_dive_v1	Excitatory_neurons	RPL11	topology	152	C1orf21	2.36629928716023	FALSE	1	0	0	FALSE	9	9	2.39789527279837	3.8286413964891	4.75359019110636	1	10	12	2.484906649788	3.3322045101752	3.89182029811063	1	NA	NA	NA	NA
phase18_rpl11_deep_dive_v1	Excitatory_neurons	RPL11	topology	153	USP47	2.38452317631839	FALSE	0.847043217549995	0	0	FALSE	9	9	2.39789527279837	3.8286413964891	4.75359019110636	1	6	8	2.07944154167984	3.40119738166216	4.14313472639153	1	NA	NA	NA	NA
phase18_rpl11_deep_dive_v1	Excitatory_neurons	RPL11	topology	154	IGF1R	2.38678959725819	FALSE	1	0	0	FALSE	9	9	2.39789527279837	3.8286413964891	4.75359019110636	1	7	8	2.19722457733622	2.77258872223978	3.36729582998647	1	NA	NA	NA	NA
phase18_rpl11_deep_dive_v1	Excitatory_neurons	RPL11	topology	155	WDFY3	2.38827920215774	FALSE	0.581843168507225	0	0	FALSE	9	9	2.39789527279837	3.8286413964891	4.75359019110636	1	7	8	2.19722457733622	2.89037175789616	3.25809653802148	1	NA	NA	NA	NA
phase18_rpl11_deep_dive_v1	Excitatory_neurons	RPL11	topology	156	LHPP	2.38929634652726	FALSE	0.720375093020029	0	0	FALSE	9	9	2.39789527279837	3.8286413964891	4.75359019110636	1	7	8	2.19722457733622	3.2188758248682	3.76120011569356	0.958762886597938	NA	NA	NA	NA
phase18_rpl11_deep_dive_v1	Excitatory_neurons	RPL11	topology	157	MAPK14	2.39482806979651	FALSE	0.684778339850245	0	0	FALSE	9	9	2.39789527279837	3.8286413964891	4.75359019110636	1	7	8	2.19722457733622	2.83321334405622	3.29583686600433	1	NA	NA	NA	NA
phase18_rpl11_deep_dive_v1	Excitatory_neurons	RPL11	topology	158	PKD1	2.4106627383304	FALSE	0.0866586965687306	0	0	FALSE	9	9	2.39789527279837	3.8286413964891	4.75359019110636	1	8	10	2.30258509299405	2.63905732961526	2.94443897916644	1	NA	NA	NA	NA
phase18_rpl11_deep_dive_v1	Excitatory_neurons	RPL11	topology	159	STIP1	2.42559256313587	FALSE	0.600019158684735	0	0	FALSE	9	9	2.39789527279837	3.8286413964891	4.75359019110636	1	7	7	2.19722457733622	2.89037175789616	3.76120011569356	1	NA	NA	NA	NA
phase18_rpl11_deep_dive_v1	Excitatory_neurons	RPL11	topology	160	NORAD	2.4290844409322	FALSE	0.400665433685004	0	0	FALSE	9	9	2.39789527279837	3.8286413964891	4.75359019110636	1	10	12	2.484906649788	3.2188758248682	3.80666248977032	1	NA	NA	NA	NA
phase18_rpl11_deep_dive_v1	Excitatory_neurons	RPL11	topology	161	CSMD1	2.42925187840677	FALSE	1	0	0	FALSE	9	9	2.39789527279837	3.8286413964891	4.75359019110636	1	7	9	2.19722457733622	2.77258872223978	3.13549421592915	1	NA	NA	NA	NA
phase18_rpl11_deep_dive_v1	Excitatory_neurons	RPL11	topology	162	ADGRL3	2.42943234400352	FALSE	0.663517274765547	0	0	FALSE	9	9	2.39789527279837	3.8286413964891	4.75359019110636	1	6	8	2.07944154167984	3.2188758248682	4.15888308335967	1	NA	NA	NA	NA
phase18_rpl11_deep_dive_v1	Excitatory_neurons	RPL11	topology	163	ATRX	2.43707572598744	FALSE	0.787577678461733	0	0	FALSE	9	9	2.39789527279837	3.8286413964891	4.75359019110636	1	6	8	2.07944154167984	3.3322045101752	4.00733318523247	1	NA	NA	NA	NA
phase18_rpl11_deep_dive_v1	Excitatory_neurons	RPL11	topology	164	TRIM28	2.43828812049802	FALSE	0.75456602871636	0	0	FALSE	9	9	2.39789527279837	3.8286413964891	4.75359019110636	1	11	11	2.56494935746154	3.43398720448515	4.36944785246702	0.958762886597938	NA	NA	NA	NA
phase18_rpl11_deep_dive_v1	Excitatory_neurons	RPL11	topology	165	BICD1	2.43993325304653	FALSE	1	0	0	FALSE	9	9	2.39789527279837	3.8286413964891	4.75359019110636	1	7	8	2.19722457733622	2.83321334405622	3.2188758248682	1	NA	NA	NA	NA
phase18_rpl11_deep_dive_v1	Excitatory_neurons	RPL11	topology	166	SSB	2.44251793461009	FALSE	0.0530326866408163	2	2	FALSE	9	9	2.39789527279837	3.8286413964891	4.75359019110636	1	11	11	2.56494935746154	3.17805383034795	3.43398720448515	1	NA	NA	NA	NA
phase18_rpl11_deep_dive_v1	Excitatory_neurons	RPL11	topology	167	GABRB3	2.44383907673798	FALSE	1	0	0	FALSE	9	9	2.39789527279837	3.8286413964891	4.75359019110636	1	7	8	2.19722457733622	2.99573227355399	3.09104245335832	1	NA	NA	NA	NA
phase18_rpl11_deep_dive_v1	Excitatory_neurons	RPL11	topology	168	TGOLN2	2.44515274456642	FALSE	0.691616558402994	0	0	FALSE	9	9	2.39789527279837	3.8286413964891	4.75359019110636	1	6	8	2.07944154167984	3.2188758248682	4.0943445622221	1	NA	NA	NA	NA
phase18_rpl11_deep_dive_v1	Excitatory_neurons	RPL11	topology	169	UBB	2.44949435926825	FALSE	0.0484329159270205	0	0	FALSE	9	9	2.39789527279837	3.8286413964891	4.75359019110636	1	6	8	2.07944154167984	3.2188758248682	4.07753744390572	1	NA	NA	NA	NA
phase18_rpl11_deep_dive_v1	Excitatory_neurons	RPL11	topology	170	APLP1	2.46246447588956	FALSE	0.772218769857947	0	0	FALSE	9	9	2.39789527279837	3.8286413964891	4.75359019110636	1	6	8	2.07944154167984	3.17805383034795	4.07753744390572	1	NA	NA	NA	NA
phase18_rpl11_deep_dive_v1	Excitatory_neurons	RPL11	topology	171	RABAC1	2.46279075535827	FALSE	0.000430490910454161	11	8	FALSE	9	9	2.39789527279837	3.8286413964891	4.75359019110636	1	7	8	2.19722457733622	2.89037175789616	3.13549421592915	1	NA	NA	NA	NA
phase18_rpl11_deep_dive_v1	Excitatory_neurons	RPL11	topology	172	GRIN2A	2.47202668738255	FALSE	0.653185679942053	0	0	FALSE	9	9	2.39789527279837	3.8286413964891	4.75359019110636	1	11	12	2.56494935746154	3.71357206670431	4.58496747867057	1	NA	NA	NA	NA
phase18_rpl11_deep_dive_v1	Excitatory_neurons	RPL11	topology	173	PNMA8A	2.47568532758853	FALSE	0.0191492674047059	1	1	FALSE	9	9	2.39789527279837	3.8286413964891	4.75359019110636	1	11	12	2.56494935746154	3.76120011569356	4.51085950651685	1	NA	NA	NA	NA
phase18_rpl11_deep_dive_v1	Excitatory_neurons	RPL11	topology	174	BEX1	2.47956041173485	FALSE	0.000689806626129783	7	6	FALSE	9	9	2.39789527279837	3.8286413964891	4.75359019110636	1	6	8	2.07944154167984	3.2188758248682	3.97029191355212	1	NA	NA	NA	NA
phase18_rpl11_deep_dive_v1	Excitatory_neurons	RPL11	topology	175	RPS11	2.48331323661708	FALSE	0.0073857113234203	3	3	TRUE	9	9	2.39789527279837	3.8286413964891	4.75359019110636	1	11	12	2.56494935746154	3.80666248977032	4.43081679884331	1	NA	NA	NA	NA
phase18_rpl11_deep_dive_v1	Excitatory_neurons	RPL11	topology	176	MACF1	2.48532080250234	FALSE	0.770146520623958	0	0	FALSE	9	9	2.39789527279837	3.8286413964891	4.75359019110636	1	6	8	2.07944154167984	3.2188758248682	3.95124371858143	1	NA	NA	NA	NA
phase18_rpl11_deep_dive_v1	Excitatory_neurons	RPL11	topology	177	MED27	2.49488075179563	FALSE	1	0	0	FALSE	9	9	2.39789527279837	3.8286413964891	4.75359019110636	1	8	10	2.30258509299405	2.56494935746154	2.89037175789616	1	NA	NA	NA	NA
phase18_rpl11_deep_dive_v1	Excitatory_neurons	RPL11	topology	178	CHFR	2.49840371565278	FALSE	0.409127406931311	0	0	FALSE	9	9	2.39789527279837	3.8286413964891	4.75359019110636	1	10	12	2.484906649788	3.36729582998647	3.76120011569356	0.979381443298969	NA	NA	NA	NA
phase18_rpl11_deep_dive_v1	Excitatory_neurons	RPL11	topology	179	UGGT2	2.50210169466526	FALSE	0.290489833441527	0	0	FALSE	9	9	2.39789527279837	3.8286413964891	4.75359019110636	1	7	8	2.19722457733622	2.63905732961526	3.29583686600433	1	NA	NA	NA	NA
phase18_rpl11_deep_dive_v1	Excitatory_neurons	RPL11	topology	180	TMEM178B	2.50623716170883	FALSE	0.464395441495626	0	0	FALSE	9	9	2.39789527279837	3.8286413964891	4.75359019110636	1	7	8	2.19722457733622	2.70805020110221	3.2188758248682	1	NA	NA	NA	NA
phase18_rpl11_deep_dive_v1	Excitatory_neurons	RPL11	topology	181	BAG4	2.51145693302718	FALSE	1	0	0	FALSE	9	9	2.39789527279837	3.8286413964891	4.75359019110636	1	6	8	2.07944154167984	3.29583686600433	3.80666248977032	1	NA	NA	NA	NA
phase18_rpl11_deep_dive_v1	Excitatory_neurons	RPL11	topology	182	PJA2	2.51216733027225	FALSE	0.512481335347412	0	0	FALSE	9	9	2.39789527279837	3.8286413964891	4.75359019110636	1	10	12	2.484906649788	3.13549421592915	3.66356164612965	1	NA	NA	NA	NA
phase18_rpl11_deep_dive_v1	Excitatory_neurons	RPL11	topology	183	NBEA	2.51947585981356	FALSE	0.70119125163413	0	0	FALSE	9	9	2.39789527279837	3.8286413964891	4.75359019110636	1	10	12	2.484906649788	3.2188758248682	3.58351893845611	1	NA	NA	NA	NA
phase18_rpl11_deep_dive_v1	Excitatory_neurons	RPL11	topology	184	GRK3	2.52168393152627	FALSE	0.744901297360524	0	0	FALSE	9	9	2.39789527279837	3.8286413964891	4.75359019110636	1	9	12	2.39789527279837	2.94443897916644	3.58351893845611	1	NA	NA	NA	NA
phase18_rpl11_deep_dive_v1	Excitatory_neurons	RPL11	topology	185	DIS3L2	2.53376351314737	FALSE	0.324041241150763	0	0	FALSE	9	9	2.39789527279837	3.8286413964891	4.75359019110636	1	6	8	2.07944154167984	3.09104245335832	3.93182563272433	1	NA	NA	NA	NA
phase18_rpl11_deep_dive_v1	Excitatory_neurons	RPL11	topology	186	OTUD7A	2.54838935629927	FALSE	1	0	0	FALSE	9	9	2.39789527279837	3.8286413964891	4.75359019110636	1	7	8	2.19722457733622	2.77258872223978	3.09104245335832	1	NA	NA	NA	NA
phase18_rpl11_deep_dive_v1	Excitatory_neurons	RPL11	topology	187	ST7	2.55069004079724	FALSE	0.438088189107554	0	0	FALSE	9	9	2.39789527279837	3.8286413964891	4.75359019110636	1	6	7	2.07944154167984	3.66356164612965	4.77912349311153	1	NA	NA	NA	NA
phase18_rpl11_deep_dive_v1	Excitatory_neurons	RPL11	topology	188	FAM169A	2.55368054959279	FALSE	0.502319548563545	0	0	FALSE	9	9	2.39789527279837	3.8286413964891	4.75359019110636	1	7	9	2.19722457733622	2.77258872223978	2.94443897916644	1	NA	NA	NA	NA
phase18_rpl11_deep_dive_v1	Excitatory_neurons	RPL11	topology	189	PGAM1	2.55465383150718	FALSE	0.000172634735270189	4	3	FALSE	9	9	2.39789527279837	3.8286413964891	4.75359019110636	1	6	7	2.07944154167984	3.63758615972639	4.65396035015752	1	NA	NA	NA	NA
phase18_rpl11_deep_dive_v1	Excitatory_neurons	RPL11	topology	190	NIPBL	2.55840894012105	FALSE	0.580747910837698	0	0	FALSE	9	9	2.39789527279837	3.8286413964891	4.75359019110636	1	10	12	2.484906649788	3.13549421592915	3.55534806148941	1	NA	NA	NA	NA
phase18_rpl11_deep_dive_v1	Excitatory_neurons	RPL11	topology	191	RNF208	2.56202026912669	FALSE	1	0	0	FALSE	9	9	2.39789527279837	3.8286413964891	4.75359019110636	1	6	8	2.07944154167984	3.17805383034795	4.04305126783455	0.979381443298969	NA	NA	NA	NA
phase18_rpl11_deep_dive_v1	Excitatory_neurons	RPL11	topology	192	ASTN1	2.57329026765259	FALSE	0.666620011771427	0	0	FALSE	9	9	2.39789527279837	3.8286413964891	4.75359019110636	1	11	12	2.56494935746154	3.46573590279973	4.11087386417331	1	NA	NA	NA	NA
phase18_rpl11_deep_dive_v1	Excitatory_neurons	RPL11	topology	193	BAZ2B	2.57571496002218	FALSE	0.190051775428778	0	0	FALSE	9	9	2.39789527279837	3.8286413964891	4.75359019110636	1	6	8	2.07944154167984	3.13549421592915	3.76120011569356	1	NA	NA	NA	NA
phase18_rpl11_deep_dive_v1	Excitatory_neurons	RPL11	topology	194	TJP1	2.57736421030386	FALSE	0.422618303026046	0	0	FALSE	9	9	2.39789527279837	3.8286413964891	4.75359019110636	1	7	8	2.19722457733622	2.77258872223978	3.04452243772342	1	NA	NA	NA	NA
phase18_rpl11_deep_dive_v1	Excitatory_neurons	RPL11	topology	195	MIRLET7BHG	2.5774894088654	FALSE	0.278150033188229	0	0	FALSE	9	9	2.39789527279837	3.8286413964891	4.75359019110636	1	10	12	2.484906649788	3.17805383034795	3.68887945411394	0.979381443298969	NA	NA	NA	NA
phase18_rpl11_deep_dive_v1	Excitatory_neurons	RPL11	topology	196	HNRNPK	2.57762773282907	FALSE	0.699827779592109	0	0	FALSE	9	9	2.39789527279837	3.8286413964891	4.75359019110636	1	11	12	2.56494935746154	3.58351893845611	4.02535169073515	1	NA	NA	NA	NA
phase18_rpl11_deep_dive_v1	Excitatory_neurons	RPL11	topology	197	CAPNS1	2.58592463621212	FALSE	0.782873586373983	0	0	FALSE	9	9	2.39789527279837	3.8286413964891	4.75359019110636	1	11	12	2.56494935746154	3.66356164612965	4.38202663467388	0.979381443298969	NA	NA	NA	NA
phase18_rpl11_deep_dive_v1	Excitatory_neurons	RPL11	topology	198	CFL1	2.58866953640976	FALSE	0.0211705240437728	1	1	FALSE	9	9	2.39789527279837	3.8286413964891	4.75359019110636	1	6	7	2.07944154167984	3.46573590279973	4.48863636973214	1	NA	NA	NA	NA
phase18_rpl11_deep_dive_v1	Excitatory_neurons	RPL11	topology	199	PPIA	2.5889675631197	FALSE	0.593261418099607	0	0	FALSE	9	9	2.39789527279837	3.8286413964891	4.75359019110636	1	11	12	2.56494935746154	3.36729582998647	4.12713438504509	1	NA	NA	NA	NA
phase18_rpl11_deep_dive_v1	Excitatory_neurons	RPL11	topology	200	ZNF532	2.59140808939079	FALSE	0.607583343320781	0	0	FALSE	9	9	2.39789527279837	3.8286413964891	4.75359019110636	1	11	12	2.56494935746154	3.43398720448515	4.06044301054642	1	NA	NA	NA	NA
phase18_rpl11_deep_dive_v1	Excitatory_neurons	RPL11	topology	201	IDS	2.59957820626118	FALSE	1	0	0	FALSE	9	9	2.39789527279837	3.8286413964891	4.75359019110636	1	6	8	2.07944154167984	3.09104245335832	3.73766961828337	1	NA	NA	NA	NA
phase18_rpl11_deep_dive_v1	Excitatory_neurons	RPL11	topology	202	RAB3A	2.60858560793604	FALSE	0.0924377332944002	0	0	FALSE	9	9	2.39789527279837	3.8286413964891	4.75359019110636	1	6	8	2.07944154167984	3.09104245335832	3.71357206670431	1	NA	NA	NA	NA
phase18_rpl11_deep_dive_v1	Excitatory_neurons	RPL11	topology	203	RPS27A	2.61298741549034	FALSE	0.0211138751635046	2	2	TRUE	9	9	2.39789527279837	3.8286413964891	4.75359019110636	1	11	12	2.56494935746154	3.3322045101752	4.06044301054642	1	NA	NA	NA	NA
phase18_rpl11_deep_dive_v1	Excitatory_neurons	RPL11	topology	204	GSK3B	2.6175849973284	FALSE	0.854770721929412	0	0	FALSE	9	9	2.39789527279837	3.8286413964891	4.75359019110636	1	6	7	2.07944154167984	3.63758615972639	4.15888308335967	1	NA	NA	NA	NA
phase18_rpl11_deep_dive_v1	Excitatory_neurons	RPL11	topology	205	PICALM	2.63358087668521	FALSE	0.856611758397138	0	0	FALSE	9	9	2.39789527279837	3.8286413964891	4.75359019110636	1	6	7	2.07944154167984	3.55534806148941	4.12713438504509	1	NA	NA	NA	NA
phase18_rpl11_deep_dive_v1	Excitatory_neurons	RPL11	topology	206	ZNF704	2.64125389426837	FALSE	1	0	0	FALSE	9	9	2.39789527279837	3.8286413964891	4.75359019110636	1	7	8	2.19722457733622	2.77258872223978	2.94443897916644	1	NA	NA	NA	NA
phase18_rpl11_deep_dive_v1	Excitatory_neurons	RPL11	topology	207	PRPF40B	2.64138650994203	FALSE	0.43044578385236	0	0	FALSE	9	9	2.39789527279837	3.8286413964891	4.75359019110636	1	7	9	2.19722457733622	2.70805020110221	2.99573227355399	0.979381443298969	NA	NA	NA	NA
phase18_rpl11_deep_dive_v1	Excitatory_neurons	RPL11	topology	208	USP33	2.64841742922073	FALSE	0.495095716093185	0	0	FALSE	9	9	2.39789527279837	3.8286413964891	4.75359019110636	1	7	8	2.19722457733622	2.63905732961526	3.04452243772342	1	NA	NA	NA	NA
phase18_rpl11_deep_dive_v1	Excitatory_neurons	RPL11	topology	209	TM7SF3	2.64915711049204	FALSE	0.548486908295359	0	0	FALSE	9	9	2.39789527279837	3.8286413964891	4.75359019110636	1	8	9	2.30258509299405	2.56494935746154	2.56494935746154	1	NA	NA	NA	NA
phase18_rpl11_deep_dive_v1	Excitatory_neurons	RPL11	topology	210	ATP6V0B	2.662343816537	FALSE	0.00637110376005565	2	2	FALSE	9	9	2.39789527279837	3.8286413964891	4.75359019110636	1	6	7	2.07944154167984	3.36729582998647	4.14313472639153	1	NA	NA	NA	NA
phase18_rpl11_deep_dive_v1	Excitatory_neurons	RPL11	topology	211	BRD1	2.66415916513532	FALSE	0.348641896806893	0	0	FALSE	9	9	2.39789527279837	3.8286413964891	4.75359019110636	1	7	8	2.19722457733622	2.77258872223978	3.04452243772342	0.979381443298969	NA	NA	NA	NA
phase18_rpl11_deep_dive_v1	Excitatory_neurons	RPL11	topology	212	SH3GL1	2.67080773095196	FALSE	0.646805564304485	0	0	FALSE	9	9	2.39789527279837	3.8286413964891	4.75359019110636	1	6	8	2.07944154167984	3.04452243772342	3.8286413964891	0.979381443298969	NA	NA	NA	NA
phase18_rpl11_deep_dive_v1	Excitatory_neurons	RPL11	topology	213	RPLP2	2.67398013561795	FALSE	2.48662660138138e-05	16	10	TRUE	9	9	2.39789527279837	3.8286413964891	4.75359019110636	1	7	8	2.19722457733622	2.70805020110221	2.94443897916644	1	NA	NA	NA	NA
phase18_rpl11_deep_dive_v1	Excitatory_neurons	RPL11	topology	214	TNPO2	2.67666591782657	FALSE	0.480698921419733	0	0	FALSE	9	9	2.39789527279837	3.8286413964891	4.75359019110636	1	6	8	2.07944154167984	3.04452243772342	3.58351893845611	1	NA	NA	NA	NA
phase18_rpl11_deep_dive_v1	Excitatory_neurons	RPL11	topology	215	ZMYND8	2.67730915228151	FALSE	0.690362819209043	0	0	FALSE	9	9	2.39789527279837	3.8286413964891	4.75359019110636	1	6	7	2.07944154167984	3.36729582998647	4.07753744390572	1	NA	NA	NA	NA
phase18_rpl11_deep_dive_v1	Excitatory_neurons	RPL11	topology	216	BBS9	2.67787366644141	FALSE	0.42746278374547	0	0	FALSE	9	9	2.39789527279837	3.8286413964891	4.75359019110636	1	8	10	2.30258509299405	2.56494935746154	2.63905732961526	1	NA	NA	NA	NA
phase18_rpl11_deep_dive_v1	Excitatory_neurons	RPL11	topology	217	TPI1	2.6787785471942	FALSE	0.00209785926828088	7	5	FALSE	9	9	2.39789527279837	3.8286413964891	4.75359019110636	1	6	7	2.07944154167984	3.17805383034795	4.31748811353631	1	NA	NA	NA	NA
phase18_rpl11_deep_dive_v1	Excitatory_neurons	RPL11	topology	218	RNF44	2.68507708845284	FALSE	0.677519463951796	0	0	FALSE	9	9	2.39789527279837	3.8286413964891	4.75359019110636	1	8	10	2.30258509299405	2.99573227355399	3.58351893845611	0.938144329896907	NA	NA	NA	NA
phase18_rpl11_deep_dive_v1	Excitatory_neurons	RPL11	topology	219	DUBR	2.69914476213515	FALSE	1	0	0	FALSE	9	9	2.39789527279837	3.8286413964891	4.75359019110636	1	7	9	2.19722457733622	2.63905732961526	2.83321334405622	1	NA	NA	NA	NA
phase18_rpl11_deep_dive_v1	Excitatory_neurons	RPL11	topology	220	RAB11FIP3	2.70291103884666	FALSE	0.621389277681303	0	0	FALSE	9	9	2.39789527279837	3.8286413964891	4.75359019110636	1	7	9	2.19722457733622	2.56494935746154	2.89037175789616	1	NA	NA	NA	NA
phase18_rpl11_deep_dive_v1	Excitatory_neurons	RPL11	topology	221	NEGR1	2.70519641305029	FALSE	0.521357335986221	0	0	FALSE	9	9	2.39789527279837	3.8286413964891	4.75359019110636	1	7	7	2.19722457733622	2.83321334405622	3.2188758248682	1	NA	NA	NA	NA
phase18_rpl11_deep_dive_v1	Excitatory_neurons	RPL11	topology	222	SYN1	2.70654898925	FALSE	0.542668226911029	0	0	FALSE	9	9	2.39789527279837	3.8286413964891	4.75359019110636	1	6	8	2.07944154167984	2.99573227355399	3.55534806148941	1	NA	NA	NA	NA
phase18_rpl11_deep_dive_v1	Excitatory_neurons	RPL11	topology	223	MED14	2.71047756216818	FALSE	0.339315234145802	0	0	FALSE	9	9	2.39789527279837	3.8286413964891	4.75359019110636	1	10	11	2.484906649788	3.46573590279973	3.85014760171006	0.938144329896907	NA	NA	NA	NA
phase18_rpl11_deep_dive_v1	Excitatory_neurons	RPL11	topology	224	STX18	2.71284999032404	FALSE	0.481167554486116	0	0	FALSE	9	9	2.39789527279837	3.8286413964891	4.75359019110636	1	7	9	2.19722457733622	2.77258872223978	3.25809653802148	0.958762886597938	NA	NA	NA	NA
phase18_rpl11_deep_dive_v1	Excitatory_neurons	RPL11	topology	225	LDLRAD4	2.71604598050174	FALSE	0.701207965033318	0	0	FALSE	9	9	2.39789527279837	3.8286413964891	4.75359019110636	1	6	7	2.07944154167984	3.25809653802148	4.02535169073515	1	NA	NA	NA	NA
phase18_rpl11_deep_dive_v1	Excitatory_neurons	RPL11	topology	226	SMG6	2.73177793343595	FALSE	0.698911106254892	0	0	FALSE	9	9	2.39789527279837	3.8286413964891	4.75359019110636	1	6	7	2.07944154167984	3.29583686600433	3.93182563272433	1	NA	NA	NA	NA
phase18_rpl11_deep_dive_v1	Excitatory_neurons	RPL11	topology	227	NOXA1	2.73453851675209	FALSE	0.00518577727543528	1	1	FALSE	9	9	2.39789527279837	3.8286413964891	4.75359019110636	1	9	11	2.39789527279837	3.09104245335832	3.78418963391826	0.938144329896907	NA	NA	NA	NA
phase18_rpl11_deep_dive_v1	Excitatory_neurons	RPL11	topology	228	CACNG2	2.73768839503123	FALSE	1	0	0	FALSE	9	9	2.39789527279837	3.8286413964891	4.75359019110636	1	10	12	2.484906649788	3.09104245335832	3.2188758248682	1	NA	NA	NA	NA
phase18_rpl11_deep_dive_v1	Excitatory_neurons	RPL11	topology	229	HOOK3	2.74482241915049	FALSE	0.529762638409971	0	0	FALSE	9	9	2.39789527279837	3.8286413964891	4.75359019110636	1	9	11	2.39789527279837	2.63905732961526	2.70805020110221	1	NA	NA	NA	NA
phase18_rpl11_deep_dive_v1	Excitatory_neurons	RPL11	topology	230	TMEM131	2.74919018603434	FALSE	0.527424357573588	0	0	FALSE	9	9	2.39789527279837	3.8286413964891	4.75359019110636	1	7	9	2.19722457733622	2.70805020110221	2.70805020110221	1	NA	NA	NA	NA
phase18_rpl11_deep_dive_v1	Excitatory_neurons	RPL11	topology	231	EP400	2.74976700174093	FALSE	0.641342761717832	0	0	FALSE	9	9	2.39789527279837	3.8286413964891	4.75359019110636	1	6	8	2.07944154167984	2.77258872223978	3.68887945411394	1	NA	NA	NA	NA
phase18_rpl11_deep_dive_v1	Excitatory_neurons	RPL11	topology	232	TPRG1L	2.74986406057267	FALSE	0.807838967354518	0	0	FALSE	9	9	2.39789527279837	3.8286413964891	4.75359019110636	1	6	7	2.07944154167984	3.36729582998647	4.12713438504509	0.979381443298969	NA	NA	NA	NA
phase18_rpl11_deep_dive_v1	Excitatory_neurons	RPL11	topology	233	PHTF2	2.75948321269227	FALSE	0.4897189171533	0	0	FALSE	9	9	2.39789527279837	3.8286413964891	4.75359019110636	1	6	8	2.07944154167984	2.99573227355399	3.43398720448515	1	NA	NA	NA	NA
phase18_rpl11_deep_dive_v1	Excitatory_neurons	RPL11	topology	234	CCPG1	2.77790486837277	FALSE	0.613870649962089	0	0	FALSE	9	9	2.39789527279837	3.8286413964891	4.75359019110636	1	7	9	2.19722457733622	2.89037175789616	3.04452243772342	0.958762886597938	NA	NA	NA	NA
phase18_rpl11_deep_dive_v1	Excitatory_neurons	RPL11	topology	235	PIAS4	2.79453751859017	TRUE	0.918143168507973	0	0	FALSE	9	9	2.39789527279837	3.8286413964891	4.75359019110636	1	9	10	2.39789527279837	3.63758615972639	4.57471097850338	0.917525773195876	NA	NA	NA	NA
phase18_rpl11_deep_dive_v1	Excitatory_neurons	RPL11	topology	236	PDS5A	2.80019319782857	FALSE	0.439323110563437	0	0	FALSE	9	9	2.39789527279837	3.8286413964891	4.75359019110636	1	6	8	2.07944154167984	2.70805020110221	3.63758615972639	1	NA	NA	NA	NA
phase18_rpl11_deep_dive_v1	Excitatory_neurons	RPL11	topology	237	NUDT3	2.80974828709277	FALSE	0.700760189834649	0	0	FALSE	9	9	2.39789527279837	3.8286413964891	4.75359019110636	1	6	8	2.07944154167984	2.94443897916644	3.36729582998647	1	NA	NA	NA	NA
phase18_rpl11_deep_dive_v1	Excitatory_neurons	RPL11	topology	238	ZBTB8OS	2.8101220989664	FALSE	0.440699829542585	0	0	FALSE	9	9	2.39789527279837	3.8286413964891	4.75359019110636	1	11	12	2.56494935746154	3.25809653802148	3.52636052461616	1	NA	NA	NA	NA
phase18_rpl11_deep_dive_v1	Excitatory_neurons	RPL11	topology	239	VPS13A	2.81580959636312	FALSE	0.616454994529842	0	0	FALSE	9	9	2.39789527279837	3.8286413964891	4.75359019110636	1	6	8	2.07944154167984	2.89037175789616	3.40119738166216	1	NA	NA	NA	NA
phase18_rpl11_deep_dive_v1	Excitatory_neurons	RPL11	topology	240	RAB18	2.82210543104711	FALSE	1	0	0	FALSE	9	9	2.39789527279837	3.8286413964891	4.75359019110636	1	7	8	2.19722457733622	2.63905732961526	2.77258872223978	1	NA	NA	NA	NA
phase18_rpl11_deep_dive_v1	Excitatory_neurons	RPL11	topology	241	FBXW2	2.82235276793308	FALSE	0.126933669088322	0	0	FALSE	9	9	2.39789527279837	3.8286413964891	4.75359019110636	1	9	11	2.39789527279837	2.83321334405622	2.94443897916644	0.958762886597938	NA	NA	NA	NA
phase18_rpl11_deep_dive_v1	Excitatory_neurons	RPL11	topology	242	CSDE1	2.82365952828311	FALSE	0.336389192778895	0	0	FALSE	9	9	2.39789527279837	3.8286413964891	4.75359019110636	1	6	7	2.07944154167984	3.17805383034795	3.73766961828337	1	NA	NA	NA	NA
phase18_rpl11_deep_dive_v1	Excitatory_neurons	RPL11	topology	243	PCYOX1	2.82498363402826	FALSE	0.0166084185404942	1	1	FALSE	9	9	2.39789527279837	3.8286413964891	4.75359019110636	1	7	9	2.19722457733622	2.56494935746154	2.70805020110221	1	NA	NA	NA	NA
phase18_rpl11_deep_dive_v1	Excitatory_neurons	RPL11	topology	244	EIF1	2.82630116868999	FALSE	0.534026897601472	0	0	FALSE	9	9	2.39789527279837	3.8286413964891	4.75359019110636	1	6	8	2.07944154167984	2.94443897916644	3.3322045101752	1	NA	NA	NA	NA
phase18_rpl11_deep_dive_v1	Excitatory_neurons	RPL11	topology	245	RGS11	2.85807709461702	FALSE	1	0	0	FALSE	9	9	2.39789527279837	3.8286413964891	4.75359019110636	1	8	9	2.30258509299405	2.89037175789616	3.13549421592915	0.938144329896907	NA	NA	NA	NA
phase18_rpl11_deep_dive_v1	Excitatory_neurons	RPL11	topology	246	SRRM3	2.86288953558953	FALSE	0.482853376844	0	0	FALSE	9	9	2.39789527279837	3.8286413964891	4.75359019110636	1	6	8	2.07944154167984	2.99573227355399	3.2188758248682	1	NA	NA	NA	NA
phase18_rpl11_deep_dive_v1	Excitatory_neurons	RPL11	topology	247	ZNF428	2.86514368317976	FALSE	0.00671716971455579	4	4	FALSE	9	9	2.39789527279837	3.8286413964891	4.75359019110636	1	6	7	2.07944154167984	3.3322045101752	3.73766961828337	0.979381443298969	NA	NA	NA	NA
phase18_rpl11_deep_dive_v1	Excitatory_neurons	RPL11	topology	248	CLASRP	2.87128656675251	FALSE	1	0	0	FALSE	9	9	2.39789527279837	3.8286413964891	4.75359019110636	1	10	12	2.484906649788	2.94443897916644	3.2188758248682	0.979381443298969	NA	NA	NA	NA
phase18_rpl11_deep_dive_v1	Excitatory_neurons	RPL11	topology	249	AC005726.1	2.87226883297062	FALSE	0.698813261308113	0	0	FALSE	9	9	2.39789527279837	3.8286413964891	4.75359019110636	1	11	12	2.56494935746154	3.55534806148941	4.21950770517611	0.958762886597938	NA	NA	NA	NA
phase18_rpl11_deep_dive_v1	Excitatory_neurons	RPL11	topology	250	NNT-AS1	2.8726826298182	FALSE	1	0	0	FALSE	9	9	2.39789527279837	3.8286413964891	4.75359019110636	1	7	9	2.19722457733622	2.56494935746154	2.63905732961526	1	NA	NA	NA	NA
phase18_rpl11_deep_dive_v1	Excitatory_neurons	RPL11	topology_expression	1	MAP1LC3B	1.02789500760593	FALSE	0.429264734381362	0	0	FALSE	9	9	2.39789527279837	3.8286413964891	4.75359019110636	1	9	10	2.39789527279837	3.49650756146648	4.31748811353631	1	0.429179587795415	0.326139969134323	0.589939511391812	0.42827180966805
phase18_rpl11_deep_dive_v1	Excitatory_neurons	RPL11	topology_expression	2	CACYBP	1.12388817920526	FALSE	0.0311733951568669	0	0	FALSE	9	9	2.39789527279837	3.8286413964891	4.75359019110636	1	8	9	2.30258509299405	3.46573590279973	3.97029191355212	1	0.429179587795415	0.326139969134323	0.465538762481154	0.348697794350239
phase18_rpl11_deep_dive_v1	Excitatory_neurons	RPL11	topology_expression	3	RPS15	1.23056707960788	FALSE	0.000142844120229429	10	8	TRUE	9	9	2.39789527279837	3.8286413964891	4.75359019110636	1	8	9	2.30258509299405	3.49650756146648	4.30406509320417	1	0.429179587795415	0.326139969134323	0.711297650717854	0.464819838386549
phase18_rpl11_deep_dive_v1	Excitatory_neurons	RPL11	topology_expression	4	AHSA1	1.26549881684372	FALSE	0.0306700325946945	0	0	FALSE	9	9	2.39789527279837	3.8286413964891	4.75359019110636	1	8	9	2.30258509299405	3.2188758248682	3.95124371858143	1	0.429179587795415	0.326139969134323	0.37318023442453	0.298866021874371
phase18_rpl11_deep_dive_v1	Excitatory_neurons	RPL11	topology_expression	5	ACIN1	1.34874509175194	FALSE	0.607477725720494	0	0	FALSE	9	9	2.39789527279837	3.8286413964891	4.75359019110636	1	8	9	2.30258509299405	3.68887945411394	4.68213122712422	1	0.429179587795415	0.326139969134323	0.747478425410866	0.554059986771853
phase18_rpl11_deep_dive_v1	Excitatory_neurons	RPL11	topology_expression	6	RHBDD2	1.38019103746569	FALSE	0.844177257151767	0	0	FALSE	9	9	2.39789527279837	3.8286413964891	4.75359019110636	1	10	10	2.484906649788	3.93182563272433	4.77068462446567	1	0.429179587795415	0.326139969134323	0.75067401349999	0.4952263642725
phase18_rpl11_deep_dive_v1	Excitatory_neurons	RPL11	topology_expression	7	TUBGCP3	1.42773154653611	FALSE	0.585629943238555	0	0	FALSE	9	9	2.39789527279837	3.8286413964891	4.75359019110636	1	9	10	2.39789527279837	3.58351893845611	4.20469261939097	0.979381443298969	0.429179587795415	0.326139969134323	0.692678813653753	0.49419111797015
phase18_rpl11_deep_dive_v1	Excitatory_neurons	RPL11	topology_expression	8	EIF4G2	1.44276578158058	FALSE	0.518441170566464	0	0	FALSE	9	9	2.39789527279837	3.8286413964891	4.75359019110636	1	9	10	2.39789527279837	3.36729582998647	3.93182563272433	1	0.429179587795415	0.326139969134323	0.703995593233636	0.478820586064435
phase18_rpl11_deep_dive_v1	Excitatory_neurons	RPL11	topology_expression	9	TRMT112	1.65990081405029	FALSE	0.234633281022651	0	0	FALSE	9	9	2.39789527279837	3.8286413964891	4.75359019110636	1	9	10	2.39789527279837	3.61091791264422	4.34380542185368	0.958762886597938	0.429179587795415	0.326139969134323	0.279594424407808	0.225670274052702
phase18_rpl11_deep_dive_v1	Excitatory_neurons	RPL11	topology_expression	10	CSNK1E	1.67289430564928	FALSE	0.602674956978865	0	0	FALSE	9	9	2.39789527279837	3.8286413964891	4.75359019110636	1	7	9	2.19722457733622	3.40119738166216	4.0943445622221	1	0.429179587795415	0.326139969134323	0.510317840753308	0.402001476184542
phase18_rpl11_deep_dive_v1	Excitatory_neurons	RPL11	topology_expression	11	PCBP1	1.69090144222624	FALSE	0.446056356891878	0	0	FALSE	9	9	2.39789527279837	3.8286413964891	4.75359019110636	1	9	11	2.39789527279837	3.29583686600433	3.97029191355212	1	0.429179587795415	0.326139969134323	0.525655634804468	0.389686837993539
phase18_rpl11_deep_dive_v1	Excitatory_neurons	RPL11	topology_expression	12	TNFSF13B	1.71041925365696	FALSE	0.702062744962964	0	0	FALSE	9	9	2.39789527279837	3.8286413964891	4.75359019110636	1	8	9	2.30258509299405	3.49650756146648	4.06044301054642	0.958762886597938	0.429179587795415	0.326139969134323	0.472030727936921	0.331280733874601
phase18_rpl11_deep_dive_v1	Excitatory_neurons	RPL11	topology_expression	13	GPBP1L1	1.79216674400318	FALSE	0.566982803006081	0	0	FALSE	9	9	2.39789527279837	3.8286413964891	4.75359019110636	1	9	11	2.39789527279837	3.52636052461616	4.34380542185368	1	0.429179587795415	0.326139969134323	0.743510429752457	0.530806245986024
phase18_rpl11_deep_dive_v1	Excitatory_neurons	RPL11	topology_expression	14	ATXN7L3B	1.79423187583129	FALSE	0.706422312524302	0	0	FALSE	9	9	2.39789527279837	3.8286413964891	4.75359019110636	1	7	9	2.19722457733622	3.29583686600433	3.93182563272433	1	0.429179587795415	0.326139969134323	0.577013725862314	0.398844933523768
phase18_rpl11_deep_dive_v1	Excitatory_neurons	RPL11	topology_expression	15	PHAX	1.80643492381875	FALSE	0.86092620072214	0	0	FALSE	9	9	2.39789527279837	3.8286413964891	4.75359019110636	1	7	8	2.19722457733622	3.25809653802148	4.14313472639153	1	0.429179587795415	0.326139969134323	0.389089899003678	0.31127651620448
phase18_rpl11_deep_dive_v1	Excitatory_neurons	RPL11	topology_expression	16	KRAS	1.82893443411666	FALSE	0.584306265304192	0	0	FALSE	9	9	2.39789527279837	3.8286413964891	4.75359019110636	1	7	8	2.19722457733622	3.43398720448515	4.0943445622221	1	0.429179587795415	0.326139969134323	0.587876659116457	0.415513357552984
phase18_rpl11_deep_dive_v1	Excitatory_neurons	RPL11	topology_expression	17	LAMTOR5	1.83069815447614	FALSE	4.08298782697999e-06	12	8	FALSE	9	9	2.39789527279837	3.8286413964891	4.75359019110636	1	9	10	2.39789527279837	3.3322045101752	4.00733318523247	0.958762886597938	0.429179587795415	0.326139969134323	0.286748237408982	0.228455853455135
phase18_rpl11_deep_dive_v1	Excitatory_neurons	RPL11	topology_expression	18	PRKRIP1	1.84966866277688	FALSE	0.858606968811508	0	0	FALSE	9	9	2.39789527279837	3.8286413964891	4.75359019110636	1	9	10	2.39789527279837	3.36729582998647	4.12713438504509	1	0.429179587795415	0.326139969134323	0.903504563427885	0.61070904786097
phase18_rpl11_deep_dive_v1	Excitatory_neurons	RPL11	topology_expression	19	METTL6	1.89098759193875	FALSE	0.609987965811142	0	0	FALSE	9	9	2.39789527279837	3.8286413964891	4.75359019110636	1	8	9	2.30258509299405	3.29583686600433	3.63758615972639	0.979381443298969	0.429179587795415	0.326139969134323	0.742790100667704	0.52550636005483
phase18_rpl11_deep_dive_v1	Excitatory_neurons	RPL11	topology_expression	20	GABARAPL2	1.90578850592843	FALSE	1.60672901885777e-05	14	10	FALSE	9	9	2.39789527279837	3.8286413964891	4.75359019110636	1	8	11	2.30258509299405	3.17805383034795	3.95124371858143	1	0.429179587795415	0.326139969134323	0.58254078169288	0.388304592467625
phase18_rpl11_deep_dive_v1	Excitatory_neurons	RPL11	topology_expression	21	LRRC37B	1.92452230795334	FALSE	0.0929229433060953	0	0	FALSE	9	9	2.39789527279837	3.8286413964891	4.75359019110636	1	8	9	2.30258509299405	3.58351893845611	4.38202663467388	0.979381443298969	0.429179587795415	0.326139969134323	0.934821046631628	0.617296281740364
phase18_rpl11_deep_dive_v1	Excitatory_neurons	RPL11	topology_expression	22	GPR135	1.9435649265326	FALSE	0.240168681398793	0	0	FALSE	9	9	2.39789527279837	3.8286413964891	4.75359019110636	1	10	10	2.484906649788	3.52636052461616	3.98898404656427	0.958762886597938	0.429179587795415	0.326139969134323	0.612781425463478	0.433325345321741
phase18_rpl11_deep_dive_v1	Excitatory_neurons	RPL11	topology_expression	23	SNX13	1.9476791118469	FALSE	0.322591829588725	0	0	FALSE	9	9	2.39789527279837	3.8286413964891	4.75359019110636	1	9	10	2.39789527279837	3.61091791264422	4.06044301054642	1	0.429179587795415	0.326139969134323	0.982805888710928	0.621512993299656
phase18_rpl11_deep_dive_v1	Excitatory_neurons	RPL11	topology_expression	24	SHOC2	1.97655515744668	FALSE	0.928316635397866	0	0	FALSE	9	9	2.39789527279837	3.8286413964891	4.75359019110636	1	9	11	2.39789527279837	3.43398720448515	4.46590811865458	1	0.429179587795415	0.326139969134323	0.852951329190203	0.574498432752126
phase18_rpl11_deep_dive_v1	Excitatory_neurons	RPL11	topology_expression	25	RRAGA	1.99222606888781	FALSE	0.000814043198287422	3	3	FALSE	9	9	2.39789527279837	3.8286413964891	4.75359019110636	1	7	8	2.19722457733622	3.13549421592915	4.14313472639153	0.979381443298969	0.429179587795415	0.326139969134323	0.355651443624391	0.272495998006192
phase18_rpl11_deep_dive_v1	Excitatory_neurons	RPL11	topology_expression	26	SECISBP2	1.9978291940481	FALSE	0.247206838141821	0	0	FALSE	9	9	2.39789527279837	3.8286413964891	4.75359019110636	1	8	9	2.30258509299405	2.89037175789616	3.52636052461616	1	0.429179587795415	0.326139969134323	0.728197578878696	0.513388226948995
phase18_rpl11_deep_dive_v1	Excitatory_neurons	RPL11	topology_expression	27	AGPAT1	2.01573923725772	FALSE	0.60154279157036	0	0	FALSE	9	9	2.39789527279837	3.8286413964891	4.75359019110636	1	7	8	2.19722457733622	3.25809653802148	3.93182563272433	0.979381443298969	0.429179587795415	0.326139969134323	0.346498341118545	0.277288804961514
phase18_rpl11_deep_dive_v1	Excitatory_neurons	RPL11	topology_expression	28	GIGYF2	2.02034020777593	FALSE	0.795938170155728	0	0	FALSE	9	9	2.39789527279837	3.8286413964891	4.75359019110636	1	9	9	2.39789527279837	3.80666248977032	4.31748811353631	1	0.429179587795415	0.326139969134323	1.09191127017783	0.665787985391524
phase18_rpl11_deep_dive_v1	Excitatory_neurons	RPL11	topology_expression	29	PIP4K2B	2.03860184623489	FALSE	0.744053339208153	0	0	FALSE	9	9	2.39789527279837	3.8286413964891	4.75359019110636	1	10	11	2.484906649788	3.66356164612965	4.66343909411207	1	0.429179587795415	0.326139969134323	0.846191616629226	0.575836584454051
phase18_rpl11_deep_dive_v1	Excitatory_neurons	RPL11	topology_expression	30	SLC38A2	2.03863109113203	FALSE	1	0	0	FALSE	9	9	2.39789527279837	3.8286413964891	4.75359019110636	1	8	9	2.30258509299405	2.77258872223978	3.40119738166216	1	0.429179587795415	0.326139969134323	0.649194682035332	0.466998648428439
phase18_rpl11_deep_dive_v1	Excitatory_neurons	RPL11	topology_expression	31	BEX4	2.10066700319739	FALSE	0.00444941649058789	3	3	FALSE	9	9	2.39789527279837	3.8286413964891	4.75359019110636	1	7	9	2.19722457733622	3.13549421592915	4.04305126783455	1	0.429179587795415	0.326139969134323	0.837078496372806	0.504816770990098
phase18_rpl11_deep_dive_v1	Excitatory_neurons	RPL11	topology_expression	32	PITPNM2	2.10104801471635	FALSE	0.602838423882058	0	0	FALSE	9	9	2.39789527279837	3.8286413964891	4.75359019110636	1	9	10	2.39789527279837	3.2188758248682	3.97029191355212	1	0.429179587795415	0.326139969134323	0.991753164751167	0.626414117692168
phase18_rpl11_deep_dive_v1	Excitatory_neurons	RPL11	topology_expression	33	ATP6V0E2	2.10836004303537	FALSE	0.25478459271143	0	0	FALSE	9	9	2.39789527279837	3.8286413964891	4.75359019110636	1	10	11	2.484906649788	3.2188758248682	3.61091791264422	1	0.429179587795415	0.326139969134323	0.667187422007405	0.427176173998064
phase18_rpl11_deep_dive_v1	Excitatory_neurons	RPL11	topology_expression	34	CHORDC1	2.12808159979459	FALSE	0.12853989314484	0	0	FALSE	9	9	2.39789527279837	3.8286413964891	4.75359019110636	1	7	9	2.19722457733622	3.09104245335832	3.43398720448515	1	0.429179587795415	0.326139969134323	0.553499851594755	0.402866098559282
phase18_rpl11_deep_dive_v1	Excitatory_neurons	RPL11	topology_expression	35	CIRBP	2.12878012433765	FALSE	0.544366634274329	0	0	FALSE	9	9	2.39789527279837	3.8286413964891	4.75359019110636	1	9	11	2.39789527279837	3.2188758248682	3.78418963391826	1	0.429179587795415	0.326139969134323	0.792209615334262	0.543358607402011
phase18_rpl11_deep_dive_v1	Excitatory_neurons	RPL11	topology_expression	36	PPP1CC	2.13500634394054	FALSE	0.489176011687675	0	0	FALSE	9	9	2.39789527279837	3.8286413964891	4.75359019110636	1	9	10	2.39789527279837	2.77258872223978	3.25809653802148	0.979381443298969	0.429179587795415	0.326139969134323	0.304989470599524	0.256243589620697
phase18_rpl11_deep_dive_v1	Excitatory_neurons	RPL11	topology_expression	37	RPL36	2.13518247256632	FALSE	0.00501224197297369	2	2	TRUE	9	9	2.39789527279837	3.8286413964891	4.75359019110636	1	7	7	2.19722457733622	3.3322045101752	4.15888308335967	1	0.429179587795415	0.326139969134323	0.353115324784506	0.281871686972192
phase18_rpl11_deep_dive_v1	Excitatory_neurons	RPL11	topology_expression	38	CRTC1	2.15547084632753	FALSE	0.579083570902572	0	0	FALSE	9	9	2.39789527279837	3.8286413964891	4.75359019110636	1	8	9	2.30258509299405	3.40119738166216	3.95124371858143	1	0.429179587795415	0.326139969134323	0.996814816427529	0.663468266825149
phase18_rpl11_deep_dive_v1	Excitatory_neurons	RPL11	topology_expression	39	KIAA1958	2.1804367489531	FALSE	0.558952977737654	0	0	FALSE	9	9	2.39789527279837	3.8286413964891	4.75359019110636	1	8	9	2.30258509299405	2.99573227355399	3.52636052461616	1	0.429179587795415	0.326139969134323	0.962316513140851	0.520603318539536
phase18_rpl11_deep_dive_v1	Excitatory_neurons	RPL11	topology_expression	40	RPTOR	2.19117900344297	FALSE	0.761850853817527	0	0	FALSE	9	9	2.39789527279837	3.8286413964891	4.75359019110636	1	8	9	2.30258509299405	3.78418963391826	4.40671924726425	1	0.429179587795415	0.326139969134323	1.12548329297001	0.671159763427049
phase18_rpl11_deep_dive_v1	Excitatory_neurons	RPL11	topology_expression	41	API5	2.19796735503752	FALSE	0.612758820834299	0	0	FALSE	9	9	2.39789527279837	3.8286413964891	4.75359019110636	1	7	9	2.19722457733622	3.13549421592915	3.46573590279973	1	0.429179587795415	0.326139969134323	0.644503066516638	0.487896245315031
phase18_rpl11_deep_dive_v1	Excitatory_neurons	RPL11	topology_expression	42	VPS35L	2.20235646766601	FALSE	0.0245646810232819	1	1	FALSE	9	9	2.39789527279837	3.8286413964891	4.75359019110636	1	7	8	2.19722457733622	3.61091791264422	4.70953020131233	1	0.429179587795415	0.326139969134323	0.916375465111163	0.599167968712556
phase18_rpl11_deep_dive_v1	Excitatory_neurons	RPL11	topology_expression	43	DPH6-DT	2.20440748292163	FALSE	0.531006143599475	0	0	FALSE	9	9	2.39789527279837	3.8286413964891	4.75359019110636	1	9	10	2.39789527279837	2.89037175789616	3.40119738166216	0.979381443298969	0.429179587795415	0.326139969134323	0.850989032531066	0.456391208074921
phase18_rpl11_deep_dive_v1	Excitatory_neurons	RPL11	topology_expression	44	CRLF3	2.22003098383659	FALSE	0.0458235255063807	0	0	FALSE	9	9	2.39789527279837	3.8286413964891	4.75359019110636	1	8	9	2.30258509299405	2.89037175789616	3.36729582998647	1	0.429179587795415	0.326139969134323	0.814142621980733	0.553982343299177
phase18_rpl11_deep_dive_v1	Excitatory_neurons	RPL11	topology_expression	45	DNMT3A	2.23407474315259	FALSE	0.835918475906433	0	0	FALSE	9	9	2.39789527279837	3.8286413964891	4.75359019110636	1	8	10	2.30258509299405	3.55534806148941	4.47733681447821	1	0.429179587795415	0.326139969134323	1.08915560051149	0.66416322383367
phase18_rpl11_deep_dive_v1	Excitatory_neurons	RPL11	topology_expression	46	HNRNPUL1	2.24187052717058	FALSE	0.558103723927752	0	0	FALSE	9	9	2.39789527279837	3.8286413964891	4.75359019110636	1	7	9	2.19722457733622	2.99573227355399	3.43398720448515	0.979381443298969	0.429179587795415	0.326139969134323	0.437489334891192	0.363910163626429
phase18_rpl11_deep_dive_v1	Excitatory_neurons	RPL11	topology_expression	47	TCEAL1	2.25423386309692	FALSE	0.0376996711018433	0	0	FALSE	9	9	2.39789527279837	3.8286413964891	4.75359019110636	1	7	8	2.19722457733622	3.29583686600433	4.11087386417331	0.958762886597938	0.429179587795415	0.326139969134323	0.374093269848947	0.302811460559992
phase18_rpl11_deep_dive_v1	Excitatory_neurons	RPL11	topology_expression	48	ATP6V1B2	2.25918625419058	FALSE	0.568390907896644	0	0	FALSE	9	9	2.39789527279837	3.8286413964891	4.75359019110636	1	8	9	2.30258509299405	3.04452243772342	3.8286413964891	1	0.429179587795415	0.326139969134323	1.0353335458099	0.610742597509658
phase18_rpl11_deep_dive_v1	Excitatory_neurons	RPL11	topology_expression	49	TCF20	2.26633285619476	FALSE	0.546459845254454	0	0	FALSE	9	9	2.39789527279837	3.8286413964891	4.75359019110636	1	9	11	2.39789527279837	3.61091791264422	4.36944785246702	1	0.429179587795415	0.326139969134323	1.0069060284167	0.63880927504002
phase18_rpl11_deep_dive_v1	Excitatory_neurons	RPL11	topology_expression	50	YIPF3	2.27882416909563	FALSE	0.204421027258854	0	0	FALSE	9	9	2.39789527279837	3.8286413964891	4.75359019110636	1	7	7	2.19722457733622	3.36729582998647	4.0943445622221	0.979381443298969	0.429179587795415	0.326139969134323	0.292144270192959	0.240944949819311
phase18_rpl11_deep_dive_v1	Excitatory_neurons	RPL11	topology_expression	51	TBC1D8	2.29003746119787	FALSE	0.335976917251435	0	0	FALSE	9	9	2.39789527279837	3.8286413964891	4.75359019110636	1	7	9	2.19722457733622	2.94443897916644	3.52636052461616	1	0.429179587795415	0.326139969134323	0.705666380410349	0.495328930341344
phase18_rpl11_deep_dive_v1	Excitatory_neurons	RPL11	topology_expression	52	GNA11	2.29596178025253	FALSE	1	0	0	FALSE	9	9	2.39789527279837	3.8286413964891	4.75359019110636	1	9	11	2.39789527279837	2.89037175789616	3.17805383034795	1	0.429179587795415	0.326139969134323	0.423383359040039	0.352953806926565
phase18_rpl11_deep_dive_v1	Excitatory_neurons	RPL11	topology_expression	53	TMEM9	2.29854973595342	FALSE	0.532447559386627	0	0	FALSE	9	9	2.39789527279837	3.8286413964891	4.75359019110636	1	7	10	2.19722457733622	2.94443897916644	3.55534806148941	0.979381443298969	0.429179587795415	0.326139969134323	0.398103163608844	0.325727787736166
phase18_rpl11_deep_dive_v1	Excitatory_neurons	RPL11	topology_expression	54	SUGT1	2.30218113376248	FALSE	0.523572337410611	0	0	FALSE	9	9	2.39789527279837	3.8286413964891	4.75359019110636	1	7	9	2.19722457733622	3.04452243772342	3.29583686600433	1	0.429179587795415	0.326139969134323	0.625551291923771	0.465868504548374
phase18_rpl11_deep_dive_v1	Excitatory_neurons	RPL11	topology_expression	55	C1orf216	2.31277943823238	FALSE	0.355565823345868	0	0	FALSE	9	9	2.39789527279837	3.8286413964891	4.75359019110636	1	7	8	2.19722457733622	2.99573227355399	3.49650756146648	0.979381443298969	0.429179587795415	0.326139969134323	0.364403977183418	0.288024692541434
phase18_rpl11_deep_dive_v1	Excitatory_neurons	RPL11	topology_expression	56	SPRYD3	2.314835314373	FALSE	0.86255197479316	0	0	FALSE	9	9	2.39789527279837	3.8286413964891	4.75359019110636	1	10	12	2.484906649788	3.49650756146648	4.39444915467244	0.979381443298969	0.429179587795415	0.326139969134323	0.51600471613934	0.359530496630657
phase18_rpl11_deep_dive_v1	Excitatory_neurons	RPL11	topology_expression	57	SPEN	2.32775961586604	FALSE	0.572092995416451	0	0	FALSE	9	9	2.39789527279837	3.8286413964891	4.75359019110636	1	9	11	2.39789527279837	3.25809653802148	3.66356164612965	1	0.429179587795415	0.326139969134323	0.868144935077277	0.59857653633427
phase18_rpl11_deep_dive_v1	Excitatory_neurons	RPL11	topology_expression	58	DEXI	2.33333131405118	FALSE	0.0191404790172005	0	0	FALSE	9	9	2.39789527279837	3.8286413964891	4.75359019110636	1	7	8	2.19722457733622	3.43398720448515	4.04305126783455	0.958762886597938	0.429179587795415	0.326139969134323	0.231131652755577	0.19388437832501
phase18_rpl11_deep_dive_v1	Excitatory_neurons	RPL11	topology_expression	59	SLC8A3	2.34914137758065	FALSE	0.216752211094414	0	0	FALSE	9	9	2.39789527279837	3.8286413964891	4.75359019110636	1	9	11	2.39789527279837	2.99573227355399	3.25809653802148	1	0.429179587795415	0.326139969134323	0.757768224437184	0.439159149947758
phase18_rpl11_deep_dive_v1	Excitatory_neurons	RPL11	topology_expression	60	RBM14-RBM4	2.35218210538002	FALSE	0.51718311401218	0	0	FALSE	9	9	2.39789527279837	3.8286413964891	4.75359019110636	1	7	9	2.19722457733622	3.09104245335832	3.73766961828337	0.958762886597938	0.429179587795415	0.326139969134323	0.442666626793936	0.362448357505056
phase18_rpl11_deep_dive_v1	Excitatory_neurons	RPL11	topology_expression	61	FGF17	2.35226894486387	FALSE	0.5285038885717	0	0	FALSE	9	9	2.39789527279837	3.8286413964891	4.75359019110636	1	8	10	2.30258509299405	3.49650756146648	4.15888308335967	0.938144329896907	0.429179587795415	0.326139969134323	0.39194791116164	0.332695570487812
phase18_rpl11_deep_dive_v1	Excitatory_neurons	RPL11	topology_expression	62	CCAR1	2.37157094350724	FALSE	0.351358799069299	0	0	FALSE	9	9	2.39789527279837	3.8286413964891	4.75359019110636	1	8	9	2.30258509299405	2.83321334405622	3.49650756146648	1	0.429179587795415	0.326139969134323	0.898855607432463	0.620526633628251
phase18_rpl11_deep_dive_v1	Excitatory_neurons	RPL11	topology_expression	63	MTMR3	2.39016972795623	FALSE	0.512106848142274	0	0	FALSE	9	9	2.39789527279837	3.8286413964891	4.75359019110636	1	8	9	2.30258509299405	2.94443897916644	3.09104245335832	1	0.429179587795415	0.326139969134323	0.818816118641634	0.566778179308494
phase18_rpl11_deep_dive_v1	Excitatory_neurons	RPL11	topology_expression	64	UBC	2.40691445630823	FALSE	0.0157032544995245	0	0	FALSE	9	9	2.39789527279837	3.8286413964891	4.75359019110636	1	7	8	2.19722457733622	3.40119738166216	4.24849524204936	1	0.429179587795415	0.326139969134323	1.03008044738817	0.590718250050325
phase18_rpl11_deep_dive_v1	Excitatory_neurons	RPL11	topology_expression	65	REV1	2.41287717531383	FALSE	0.707464555704892	0	0	FALSE	9	9	2.39789527279837	3.8286413964891	4.75359019110636	1	10	11	2.484906649788	3.61091791264422	4.27666611901606	1	0.429179587795415	0.326139969134323	1.00545827121456	0.651351092280705
phase18_rpl11_deep_dive_v1	Excitatory_neurons	RPL11	topology_expression	66	ORC3	2.41557115261978	FALSE	0.441049505224745	0	0	FALSE	9	9	2.39789527279837	3.8286413964891	4.75359019110636	1	7	9	2.19722457733622	3.04452243772342	3.52636052461616	0.979381443298969	0.429179587795415	0.326139969134323	0.759744487932779	0.527627656413255
phase18_rpl11_deep_dive_v1	Excitatory_neurons	RPL11	topology_expression	67	DYNLRB1	2.41742259371032	FALSE	0.272384604346394	0	0	FALSE	9	9	2.39789527279837	3.8286413964891	4.75359019110636	1	7	8	2.19722457733622	3.09104245335832	3.52636052461616	1	0.429179587795415	0.326139969134323	0.783666603036282	0.530303959817107
phase18_rpl11_deep_dive_v1	Excitatory_neurons	RPL11	topology_expression	68	MARK4	2.43031059860877	FALSE	1	0	0	FALSE	9	9	2.39789527279837	3.8286413964891	4.75359019110636	1	8	10	2.30258509299405	2.83321334405622	3.13549421592915	1	0.429179587795415	0.326139969134323	0.774589293066482	0.534037556435302
phase18_rpl11_deep_dive_v1	Excitatory_neurons	RPL11	topology_expression	69	STIP1	2.43265917894921	FALSE	0.600019158684735	0	0	FALSE	9	9	2.39789527279837	3.8286413964891	4.75359019110636	1	7	7	2.19722457733622	2.89037175789616	3.76120011569356	1	0.429179587795415	0.326139969134323	0.363178771371821	0.2968568771987
phase18_rpl11_deep_dive_v1	Excitatory_neurons	RPL11	topology_expression	70	QRICH1	2.43983449255233	FALSE	0.400856765534622	0	0	FALSE	9	9	2.39789527279837	3.8286413964891	4.75359019110636	1	10	12	2.484906649788	3.49650756146648	4.12713438504509	1	0.429179587795415	0.326139969134323	0.687053288361572	0.512568656959635
phase18_rpl11_deep_dive_v1	Excitatory_neurons	RPL11	topology_expression	71	POLR2K	2.44493320895635	FALSE	0.00865708551370615	4	4	FALSE	9	9	2.39789527279837	3.8286413964891	4.75359019110636	1	8	9	2.30258509299405	3.2188758248682	4.04305126783455	0.938144329896907	0.429179587795415	0.326139969134323	0.237819038262962	0.195149679361215
phase18_rpl11_deep_dive_v1	Excitatory_neurons	RPL11	topology_expression	72	TMEM106B	2.45621984499131	FALSE	0.467281074784822	0	0	FALSE	9	9	2.39789527279837	3.8286413964891	4.75359019110636	1	9	11	2.39789527279837	2.99573227355399	3.29583686600433	1	0.429179587795415	0.326139969134323	0.77909162897615	0.547263786509207
phase18_rpl11_deep_dive_v1	Excitatory_neurons	RPL11	topology_expression	73	CERS4	2.45934682670752	FALSE	0.080568181255007	0	0	FALSE	9	9	2.39789527279837	3.8286413964891	4.75359019110636	1	8	10	2.30258509299405	2.89037175789616	3.3322045101752	1	0.429179587795415	0.326139969134323	0.899373226684166	0.583190667446297
phase18_rpl11_deep_dive_v1	Excitatory_neurons	RPL11	topology_expression	74	SSB	2.46281644604033	FALSE	0.0530326866408163	2	2	FALSE	9	9	2.39789527279837	3.8286413964891	4.75359019110636	1	11	11	2.56494935746154	3.17805383034795	3.43398720448515	1	0.429179587795415	0.326139969134323	0.503379471537742	0.395260872482578
phase18_rpl11_deep_dive_v1	Excitatory_neurons	RPL11	topology_expression	75	VPS54	2.46536586633587	FALSE	1	0	0	FALSE	9	9	2.39789527279837	3.8286413964891	4.75359019110636	1	8	9	2.30258509299405	2.94443897916644	3.13549421592915	1	0.429179587795415	0.326139969134323	0.900993393473848	0.587375746479683
phase18_rpl11_deep_dive_v1	Excitatory_neurons	RPL11	topology_expression	76	RABAC1	2.4653683830517	FALSE	0.000430490910454161	11	8	FALSE	9	9	2.39789527279837	3.8286413964891	4.75359019110636	1	7	8	2.19722457733622	2.89037175789616	3.13549421592915	1	0.429179587795415	0.326139969134323	0.410046108348915	0.299352012499641
phase18_rpl11_deep_dive_v1	Excitatory_neurons	RPL11	topology_expression	77	CEP192	2.4670038708397	FALSE	0.69488583552843	0	0	FALSE	9	9	2.39789527279837	3.8286413964891	4.75359019110636	1	10	10	2.484906649788	3.25809653802148	3.68887945411394	1	0.429179587795415	0.326139969134323	1.07700981980122	0.651195805335353
phase18_rpl11_deep_dive_v1	Excitatory_neurons	RPL11	topology_expression	78	TRIM23	2.46715421009304	FALSE	1	0	0	FALSE	9	9	2.39789527279837	3.8286413964891	4.75359019110636	1	10	12	2.484906649788	3.3322045101752	4.0943445622221	1	0.429179587795415	0.326139969134323	0.69813171762032	0.493430020225645
phase18_rpl11_deep_dive_v1	Excitatory_neurons	RPL11	topology_expression	79	TRIM28	2.4691838674899	FALSE	0.75456602871636	0	0	FALSE	9	9	2.39789527279837	3.8286413964891	4.75359019110636	1	11	11	2.56494935746154	3.43398720448515	4.36944785246702	0.958762886597938	0.429179587795415	0.326139969134323	0.299517567599986	0.258563308187073
phase18_rpl11_deep_dive_v1	Excitatory_neurons	RPL11	topology_expression	80	NCDN	2.46965907394093	FALSE	1	0	0	FALSE	9	9	2.39789527279837	3.8286413964891	4.75359019110636	1	8	9	2.30258509299405	3.17805383034795	3.66356164612965	1	0.429179587795415	0.326139969134323	1.16118082430178	0.621457396738974
phase18_rpl11_deep_dive_v1	Excitatory_neurons	RPL11	topology_expression	81	BSG	2.48442955206869	FALSE	0.190218310603519	0	0	FALSE	9	9	2.39789527279837	3.8286413964891	4.75359019110636	1	9	11	2.39789527279837	3.09104245335832	3.55534806148941	1	0.429179587795415	0.326139969134323	0.918150910314959	0.601226958580562
phase18_rpl11_deep_dive_v1	Excitatory_neurons	RPL11	topology_expression	82	FXR1	2.48917196487778	FALSE	0.415964520988396	0	0	FALSE	9	9	2.39789527279837	3.8286413964891	4.75359019110636	1	7	9	2.19722457733622	3.17805383034795	3.66356164612965	1	0.429179587795415	0.326139969134323	0.93980062223133	0.610685083826194
phase18_rpl11_deep_dive_v1	Excitatory_neurons	RPL11	topology_expression	83	LHPP	2.49131343360185	FALSE	0.720375093020029	0	0	FALSE	9	9	2.39789527279837	3.8286413964891	4.75359019110636	1	7	8	2.19722457733622	3.2188758248682	3.76120011569356	0.958762886597938	0.429179587795415	0.326139969134323	0.634161941816475	0.464832299684633
phase18_rpl11_deep_dive_v1	Excitatory_neurons	RPL11	topology_expression	84	PNMA8A	2.50164549361392	FALSE	0.0191492674047059	1	1	FALSE	9	9	2.39789527279837	3.8286413964891	4.75359019110636	1	11	12	2.56494935746154	3.76120011569356	4.51085950651685	1	0.429179587795415	0.326139969134323	0.557517625380782	0.382735350785541
phase18_rpl11_deep_dive_v1	Excitatory_neurons	RPL11	topology_expression	85	SKP1	2.50314362849972	FALSE	0.250166254841325	0	0	FALSE	9	9	2.39789527279837	3.8286413964891	4.75359019110636	1	9	11	2.39789527279837	3.09104245335832	3.52636052461616	1	0.429179587795415	0.326139969134323	0.935913095791705	0.594000364253329
phase18_rpl11_deep_dive_v1	Excitatory_neurons	RPL11	topology_expression	86	RPS11	2.50516612831772	FALSE	0.0073857113234203	3	3	TRUE	9	9	2.39789527279837	3.8286413964891	4.75359019110636	1	11	12	2.56494935746154	3.80666248977032	4.43081679884331	1	0.429179587795415	0.326139969134323	0.323347306654401	0.266403381804588
phase18_rpl11_deep_dive_v1	Excitatory_neurons	RPL11	topology_expression	87	DNM2	2.52808901012002	FALSE	1	0	0	FALSE	9	9	2.39789527279837	3.8286413964891	4.75359019110636	1	7	9	2.19722457733622	2.70805020110221	3.3322045101752	1	0.429179587795415	0.326139969134323	0.698521267113885	0.512396115909243
phase18_rpl11_deep_dive_v1	Excitatory_neurons	RPL11	topology_expression	88	TGOLN2	2.53514019802854	FALSE	0.691616558402994	0	0	FALSE	9	9	2.39789527279837	3.8286413964891	4.75359019110636	1	6	8	2.07944154167984	3.2188758248682	4.0943445622221	1	0.429179587795415	0.326139969134323	0.639351434950836	0.449722496477287
phase18_rpl11_deep_dive_v1	Excitatory_neurons	RPL11	topology_expression	89	RNF208	2.56379197583579	FALSE	1	0	0	FALSE	9	9	2.39789527279837	3.8286413964891	4.75359019110636	1	6	8	2.07944154167984	3.17805383034795	4.04305126783455	0.979381443298969	0.429179587795415	0.326139969134323	0.448936963259943	0.347858094571667
phase18_rpl11_deep_dive_v1	Excitatory_neurons	RPL11	topology_expression	90	CAPNS1	2.58852175059937	FALSE	0.782873586373983	0	0	FALSE	9	9	2.39789527279837	3.8286413964891	4.75359019110636	1	11	12	2.56494935746154	3.66356164612965	4.38202663467388	0.979381443298969	0.429179587795415	0.326139969134323	0.470727680008829	0.344274992091869
phase18_rpl11_deep_dive_v1	Excitatory_neurons	RPL11	topology_expression	91	SCFD2	2.58981534412426	FALSE	0.25383132696558	0	0	FALSE	9	9	2.39789527279837	3.8286413964891	4.75359019110636	1	9	11	2.39789527279837	3.25809653802148	3.91202300542815	1	0.429179587795415	0.326139969134323	1.12586581001768	0.634004965348006
phase18_rpl11_deep_dive_v1	Excitatory_neurons	RPL11	topology_expression	92	RPS27A	2.61531607042851	FALSE	0.0211138751635046	2	2	TRUE	9	9	2.39789527279837	3.8286413964891	4.75359019110636	1	11	12	2.56494935746154	3.3322045101752	4.06044301054642	1	0.429179587795415	0.326139969134323	0.476420932183231	0.335269307822819
phase18_rpl11_deep_dive_v1	Excitatory_neurons	RPL11	topology_expression	93	TTLL11	2.6200447044653	FALSE	0.601925686267166	0	0	FALSE	9	9	2.39789527279837	3.8286413964891	4.75359019110636	1	10	10	2.484906649788	4.02535169073515	4.60517018598809	1	0.429179587795415	0.326139969134323	1.29418747009954	0.705387115017781
phase18_rpl11_deep_dive_v1	Excitatory_neurons	RPL11	topology_expression	94	SCRN1	2.63000045588913	FALSE	1	0	0	FALSE	9	9	2.39789527279837	3.8286413964891	4.75359019110636	1	7	9	2.19722457733622	3.04452243772342	3.36729582998647	1	0.429179587795415	0.326139969134323	0.920975159906656	0.596616278289543
phase18_rpl11_deep_dive_v1	Excitatory_neurons	RPL11	topology_expression	95	MIRLET7BHG	2.63120016936134	FALSE	0.278150033188229	0	0	FALSE	9	9	2.39789527279837	3.8286413964891	4.75359019110636	1	10	12	2.484906649788	3.17805383034795	3.68887945411394	0.979381443298969	0.429179587795415	0.326139969134323	0.560714790663525	0.439431381382821
phase18_rpl11_deep_dive_v1	Excitatory_neurons	RPL11	topology_expression	96	SELENOW	2.63142158867821	FALSE	4.74305122867583e-09	14	9	FALSE	9	9	2.39789527279837	3.8286413964891	4.75359019110636	1	7	8	2.19722457733622	3.40119738166216	4.26267987704132	1	0.429179587795415	0.326139969134323	1.16358925551073	0.622731324827699
phase18_rpl11_deep_dive_v1	Excitatory_neurons	RPL11	topology_expression	97	KIFC2	2.63632144899841	FALSE	0.758836932415744	0	0	FALSE	9	9	2.39789527279837	3.8286413964891	4.75359019110636	1	7	7	2.19722457733622	3.63758615972639	4.18965474202643	1	0.429179587795415	0.326139969134323	0.93577096744581	0.63900769724797
phase18_rpl11_deep_dive_v1	Excitatory_neurons	RPL11	topology_expression	98	MAPKAP1	2.65107032267786	FALSE	0.763537555420959	0	0	FALSE	9	9	2.39789527279837	3.8286413964891	4.75359019110636	1	11	11	2.56494935746154	3.58351893845611	4.23410650459726	1	0.429179587795415	0.326139969134323	0.993828163790786	0.623754109831964
phase18_rpl11_deep_dive_v1	Excitatory_neurons	RPL11	topology_expression	99	ZFC3H1	2.65545095221017	FALSE	1	0	0	FALSE	9	9	2.39789527279837	3.8286413964891	4.75359019110636	1	7	8	2.19722457733622	2.94443897916644	3.29583686600433	1	0.429179587795415	0.326139969134323	0.803619985997125	0.568027184801051
phase18_rpl11_deep_dive_v1	Excitatory_neurons	RPL11	topology_expression	100	RAD9A	2.65794899597921	FALSE	0.543684549980126	0	0	FALSE	9	9	2.39789527279837	3.8286413964891	4.75359019110636	1	7	9	2.19722457733622	3.52636052461616	4.14313472639153	0.979381443298969	0.429179587795415	0.326139969134323	1.10754346279207	0.675247069198547
phase18_rpl11_deep_dive_v1	Excitatory_neurons	RPL11	topology_expression	101	SLMAP	2.66219854099173	FALSE	0.662250602363241	0	0	FALSE	9	9	2.39789527279837	3.8286413964891	4.75359019110636	1	7	8	2.19722457733622	3.55534806148941	4.06044301054642	1	0.429179587795415	0.326139969134323	1.10646205122451	0.670349779051599
phase18_rpl11_deep_dive_v1	Excitatory_neurons	RPL11	topology_expression	102	UBB	2.67112895567541	FALSE	0.0484329159270205	0	0	FALSE	9	9	2.39789527279837	3.8286413964891	4.75359019110636	1	6	8	2.07944154167984	3.2188758248682	4.07753744390572	1	0.429179587795415	0.326139969134323	0.816287829589758	0.488825091302973
phase18_rpl11_deep_dive_v1	Excitatory_neurons	RPL11	topology_expression	103	BAG4	2.67470243722125	FALSE	1	0	0	FALSE	9	9	2.39789527279837	3.8286413964891	4.75359019110636	1	6	8	2.07944154167984	3.29583686600433	3.80666248977032	1	0.429179587795415	0.326139969134323	0.707642894587957	0.501491521524496
phase18_rpl11_deep_dive_v1	Excitatory_neurons	RPL11	topology_expression	104	RPLP2	2.67576319118444	FALSE	2.48662660138138e-05	16	10	TRUE	9	9	2.39789527279837	3.8286413964891	4.75359019110636	1	7	8	2.19722457733622	2.70805020110221	2.94443897916644	1	0.429179587795415	0.326139969134323	0.389903506090643	0.314673657774412
phase18_rpl11_deep_dive_v1	Excitatory_neurons	RPL11	topology_expression	105	MTR	2.69584074209121	FALSE	0.402066006015633	0	0	FALSE	9	9	2.39789527279837	3.8286413964891	4.75359019110636	1	7	9	2.19722457733622	2.77258872223978	3.3322045101752	1	0.429179587795415	0.326139969134323	0.892221861910957	0.567304429512188
phase18_rpl11_deep_dive_v1	Excitatory_neurons	RPL11	topology_expression	106	BRD1	2.69677955430295	FALSE	0.348641896806893	0	0	FALSE	9	9	2.39789527279837	3.8286413964891	4.75359019110636	1	7	8	2.19722457733622	2.77258872223978	3.04452243772342	0.979381443298969	0.429179587795415	0.326139969134323	0.531237597645615	0.416423990874496
phase18_rpl11_deep_dive_v1	Excitatory_neurons	RPL11	topology_expression	107	MED14	2.71079737924024	FALSE	0.339315234145802	0	0	FALSE	9	9	2.39789527279837	3.8286413964891	4.75359019110636	1	10	11	2.484906649788	3.46573590279973	3.85014760171006	0.938144329896907	0.429179587795415	0.326139969134323	0.421997081456405	0.336010275778112
phase18_rpl11_deep_dive_v1	Excitatory_neurons	RPL11	topology_expression	108	SLC38A6	2.71320274602047	FALSE	0.567069616502868	0	0	FALSE	9	9	2.39789527279837	3.8286413964891	4.75359019110636	1	9	11	2.39789527279837	2.94443897916644	3.29583686600433	0.979381443298969	0.429179587795415	0.326139969134323	0.923833316223943	0.57083672823826
phase18_rpl11_deep_dive_v1	Excitatory_neurons	RPL11	topology_expression	109	RAB11A	2.72297064988365	FALSE	0.365532564286207	0	0	FALSE	9	9	2.39789527279837	3.8286413964891	4.75359019110636	1	10	11	2.484906649788	3.04452243772342	3.2188758248682	1	0.429179587795415	0.326139969134323	0.895456544070109	0.588151222645054
phase18_rpl11_deep_dive_v1	Excitatory_neurons	RPL11	topology_expression	110	RNF44	2.72435697456237	FALSE	0.677519463951796	0	0	FALSE	9	9	2.39789527279837	3.8286413964891	4.75359019110636	1	8	10	2.30258509299405	2.99573227355399	3.58351893845611	0.938144329896907	0.429179587795415	0.326139969134323	0.27924430452623	0.244000843534024
phase18_rpl11_deep_dive_v1	Excitatory_neurons	RPL11	topology_expression	111	CHFR	2.74836348657208	FALSE	0.409127406931311	0	0	FALSE	9	9	2.39789527279837	3.8286413964891	4.75359019110636	1	10	12	2.484906649788	3.36729582998647	3.76120011569356	0.979381443298969	0.429179587795415	0.326139969134323	0.788376315071672	0.537729934913682
phase18_rpl11_deep_dive_v1	Excitatory_neurons	RPL11	topology_expression	112	TPRG1L	2.75029936552462	FALSE	0.807838967354518	0	0	FALSE	9	9	2.39789527279837	3.8286413964891	4.75359019110636	1	6	7	2.07944154167984	3.36729582998647	4.12713438504509	0.979381443298969	0.429179587795415	0.326139969134323	0.437345120711222	0.314478111250635
phase18_rpl11_deep_dive_v1	Excitatory_neurons	RPL11	topology_expression	113	NOXA1	2.757909887576	FALSE	0.00518577727543528	1	1	FALSE	9	9	2.39789527279837	3.8286413964891	4.75359019110636	1	9	11	2.39789527279837	3.09104245335832	3.78418963391826	0.938144329896907	0.429179587795415	0.326139969134323	0.530955799864091	0.397635229048244
phase18_rpl11_deep_dive_v1	Excitatory_neurons	RPL11	topology_expression	114	ATP6V0B	2.76125734159904	FALSE	0.00637110376005565	2	2	FALSE	9	9	2.39789527279837	3.8286413964891	4.75359019110636	1	6	7	2.07944154167984	3.36729582998647	4.14313472639153	1	0.429179587795415	0.326139969134323	0.6559732388	0.463051292620036
phase18_rpl11_deep_dive_v1	Excitatory_neurons	RPL11	topology_expression	115	SH3GL1	2.76280120066193	FALSE	0.646805564304485	0	0	FALSE	9	9	2.39789527279837	3.8286413964891	4.75359019110636	1	6	8	2.07944154167984	3.04452243772342	3.8286413964891	0.979381443298969	0.429179587795415	0.326139969134323	0.619693912677175	0.471751195805335
phase18_rpl11_deep_dive_v1	Excitatory_neurons	RPL11	topology_expression	116	SRCIN1	2.76535486346087	FALSE	0.629650367868545	0	0	FALSE	9	9	2.39789527279837	3.8286413964891	4.75359019110636	1	7	8	2.19722457733622	3.13549421592915	3.80666248977032	1	0.429179587795415	0.326139969134323	1.04557440515578	0.674932661062278
phase18_rpl11_deep_dive_v1	Excitatory_neurons	RPL11	topology_expression	117	STX18	2.7828483597636	FALSE	0.481167554486116	0	0	FALSE	9	9	2.39789527279837	3.8286413964891	4.75359019110636	1	7	9	2.19722457733622	2.77258872223978	3.25809653802148	0.958762886597938	0.429179587795415	0.326139969134323	0.609738377281233	0.447866721624186
phase18_rpl11_deep_dive_v1	Excitatory_neurons	RPL11	topology_expression	118	HNRNPK	2.78772785622708	FALSE	0.699827779592109	0	0	FALSE	9	9	2.39789527279837	3.8286413964891	4.75359019110636	1	11	12	2.56494935746154	3.58351893845611	4.02535169073515	1	0.429179587795415	0.326139969134323	0.751722329281023	0.527851959778764
phase18_rpl11_deep_dive_v1	Excitatory_neurons	RPL11	topology_expression	119	TNPO2	2.7936076205674	FALSE	0.480698921419733	0	0	FALSE	9	9	2.39789527279837	3.8286413964891	4.75359019110636	1	6	8	2.07944154167984	3.04452243772342	3.58351893845611	1	0.429179587795415	0.326139969134323	0.649996667718669	0.488596953691899
phase18_rpl11_deep_dive_v1	Excitatory_neurons	RPL11	topology_expression	120	EFR3A	2.79999282392562	FALSE	0.654696629122016	0	0	FALSE	9	9	2.39789527279837	3.8286413964891	4.75359019110636	1	10	11	2.484906649788	3.46573590279973	4.15888308335967	1	0.429179587795415	0.326139969134323	1.20982367979096	0.693036051493918
phase18_rpl11_deep_dive_v1	Excitatory_neurons	RPL11	topology_expression	121	EHMT1	2.80195336013182	FALSE	0.327229381461205	0	0	FALSE	9	9	2.39789527279837	3.8286413964891	4.75359019110636	1	8	10	2.30258509299405	3.13549421592915	3.61091791264422	1	0.429179587795415	0.326139969134323	1.202109831416	0.701253798299512
phase18_rpl11_deep_dive_v1	Excitatory_neurons	RPL11	topology_expression	122	UBR1	2.8023878118917	FALSE	0.718372150476701	0	0	FALSE	9	9	2.39789527279837	3.8286413964891	4.75359019110636	1	8	10	2.30258509299405	3.04452243772342	3.80666248977032	1	0.429179587795415	0.326139969134323	1.22154315900096	0.707741341794235
phase18_rpl11_deep_dive_v1	Excitatory_neurons	RPL11	topology_expression	123	PIAS4	2.80340210299678	TRUE	0.918143168507973	0	0	FALSE	9	9	2.39789527279837	3.8286413964891	4.75359019110636	1	9	10	2.39789527279837	3.63758615972639	4.57471097850338	0.917525773195876	0.429179587795415	0.326139969134323	0.341115938170669	0.29837907268771
phase18_rpl11_deep_dive_v1	Excitatory_neurons	RPL11	topology_expression	124	RAB3A	2.80488239943358	FALSE	0.0924377332944002	0	0	FALSE	9	9	2.39789527279837	3.8286413964891	4.75359019110636	1	6	8	2.07944154167984	3.09104245335832	3.71357206670431	1	0.429179587795415	0.326139969134323	0.816444605132416	0.473368288872061
phase18_rpl11_deep_dive_v1	Excitatory_neurons	RPL11	topology_expression	125	SCAF8	2.81855448407397	FALSE	0.485237406963991	0	0	FALSE	9	9	2.39789527279837	3.8286413964891	4.75359019110636	1	9	10	2.39789527279837	2.70805020110221	2.99573227355399	1	0.429179587795415	0.326139969134323	1.00122425082292	0.630527304621224
phase18_rpl11_deep_dive_v1	Excitatory_neurons	RPL11	topology_expression	126	RPAP2	2.8199807657121	FALSE	1	0	0	FALSE	9	9	2.39789527279837	3.8286413964891	4.75359019110636	1	8	10	2.30258509299405	3.17805383034795	3.89182029811063	1	0.429179587795415	0.326139969134323	1.26795790270047	0.717268483460023
phase18_rpl11_deep_dive_v1	Excitatory_neurons	RPL11	topology_expression	127	FBXW2	2.82481926866652	FALSE	0.126933669088322	0	0	FALSE	9	9	2.39789527279837	3.8286413964891	4.75359019110636	1	9	11	2.39789527279837	2.83321334405622	2.94443897916644	0.958762886597938	0.429179587795415	0.326139969134323	0.44044577957412	0.355721173662567
phase18_rpl11_deep_dive_v1	Excitatory_neurons	RPL11	topology_expression	128	PGAM1	2.8328362911618	FALSE	0.000172634735270189	4	3	FALSE	9	9	2.39789527279837	3.8286413964891	4.75359019110636	1	6	7	2.07944154167984	3.63758615972639	4.65396035015752	1	0.429179587795415	0.326139969134323	0.859034494879018	0.524039761126501
phase18_rpl11_deep_dive_v1	Excitatory_neurons	RPL11	topology_expression	129	PCYOX1	2.83673078482535	FALSE	0.0166084185404942	1	1	FALSE	9	9	2.39789527279837	3.8286413964891	4.75359019110636	1	7	9	2.19722457733622	2.56494935746154	2.70805020110221	1	0.429179587795415	0.326139969134323	0.509318972816444	0.374194568791158
phase18_rpl11_deep_dive_v1	Excitatory_neurons	RPL11	topology_expression	130	FAM135A	2.85342739712126	FALSE	0.00691394699828747	0	0	FALSE	9	9	2.39789527279837	3.8286413964891	4.75359019110636	1	10	11	2.484906649788	3.55534806148941	4.23410650459726	1	0.429179587795415	0.326139969134323	1.25867293992729	0.699047189977282
phase18_rpl11_deep_dive_v1	Excitatory_neurons	RPL11	topology_expression	131	TPI1	2.8619856183429	FALSE	0.00209785926828088	7	5	FALSE	9	9	2.39789527279837	3.8286413964891	4.75359019110636	1	6	7	2.07944154167984	3.17805383034795	4.31748811353631	1	0.429179587795415	0.326139969134323	0.789068038894116	0.48464384651515
phase18_rpl11_deep_dive_v1	Excitatory_neurons	RPL11	topology_expression	132	ZNF428	2.86939181947927	FALSE	0.00671716971455579	4	4	FALSE	9	9	2.39789527279837	3.8286413964891	4.75359019110636	1	6	7	2.07944154167984	3.3322045101752	3.73766961828337	0.979381443298969	0.429179587795415	0.326139969134323	0.372134233400701	0.302559358914142
phase18_rpl11_deep_dive_v1	Excitatory_neurons	RPL11	topology_expression	133	PRPF40B	2.87563316926838	FALSE	0.43044578385236	0	0	FALSE	9	9	2.39789527279837	3.8286413964891	4.75359019110636	1	7	9	2.19722457733622	2.70805020110221	2.99573227355399	0.979381443298969	0.429179587795415	0.326139969134323	0.779714645110964	0.539417961523346
phase18_rpl11_deep_dive_v1	Excitatory_neurons	RPL11	topology_expression	134	ARHGDIA	2.88138779333533	FALSE	0.616857715787874	0	0	FALSE	9	9	2.39789527279837	3.8286413964891	4.75359019110636	1	6	8	2.07944154167984	2.89037175789616	3.43398720448515	0.979381443298969	0.429179587795415	0.326139969134323	0.443416888943878	0.332651476663823
phase18_rpl11_deep_dive_v1	Excitatory_neurons	RPL11	topology_expression	135	RGS11	2.91356049333517	FALSE	1	0	0	FALSE	9	9	2.39789527279837	3.8286413964891	4.75359019110636	1	8	9	2.30258509299405	2.89037175789616	3.13549421592915	0.938144329896907	0.429179587795415	0.326139969134323	0.575699405454074	0.445122360361569
phase18_rpl11_deep_dive_v1	Excitatory_neurons	RPL11	topology_expression	136	NNT-AS1	2.91403886957949	FALSE	1	0	0	FALSE	9	9	2.39789527279837	3.8286413964891	4.75359019110636	1	7	9	2.19722457733622	2.56494935746154	2.63905732961526	1	0.429179587795415	0.326139969134323	0.579123795448303	0.418391917410351
phase18_rpl11_deep_dive_v1	Excitatory_neurons	RPL11	topology_expression	137	LIN7C	2.9368487247582	FALSE	0.722023039574928	0	0	FALSE	9	9	2.39789527279837	3.8286413964891	4.75359019110636	1	12	12	2.63905732961526	4.0943445622221	4.87519732320115	1	0.429179587795415	0.326139969134323	0.44927281569358	0.355493036051494
phase18_rpl11_deep_dive_v1	Excitatory_neurons	RPL11	topology_expression	138	CLASRP	2.94364336060699	FALSE	1	0	0	FALSE	9	9	2.39789527279837	3.8286413964891	4.75359019110636	1	10	12	2.484906649788	2.94443897916644	3.2188758248682	0.979381443298969	0.429179587795415	0.326139969134323	0.596630642808775	0.462720588940119
phase18_rpl11_deep_dive_v1	Excitatory_neurons	RPL11	topology_expression	139	GIPC2	2.94550491403737	FALSE	0.269557687076772	0	0	FALSE	9	9	2.39789527279837	3.8286413964891	4.75359019110636	1	6	8	2.07944154167984	2.94443897916644	3.17805383034795	1	0.429179587795415	0.326139969134323	0.584365144414206	0.419611207499784
phase18_rpl11_deep_dive_v1	Excitatory_neurons	RPL11	topology_expression	140	PPP1R9B	2.9617734494083	FALSE	0.565041981120542	0	0	FALSE	9	9	2.39789527279837	3.8286413964891	4.75359019110636	1	7	10	2.19722457733622	2.56494935746154	2.77258872223978	0.979381443298969	0.429179587795415	0.326139969134323	0.315221997044536	0.261122667101215
phase18_rpl11_deep_dive_v1	Excitatory_neurons	RPL11	topology_expression	141	PURB	2.97962877242929	FALSE	0.158431041688184	0	0	FALSE	9	9	2.39789527279837	3.8286413964891	4.75359019110636	1	6	8	2.07944154167984	2.83321334405622	3.13549421592915	1	0.429179587795415	0.326139969134323	0.494548238357171	0.38011368538098
phase18_rpl11_deep_dive_v1	Excitatory_neurons	RPL11	topology_expression	142	ABHD13	2.99157585847827	FALSE	0.654187955918853	0	0	FALSE	9	9	2.39789527279837	3.8286413964891	4.75359019110636	1	7	8	2.19722457733622	2.77258872223978	3.76120011569356	0.938144329896907	0.429179587795415	0.326139969134323	0.352843239946237	0.292651668376101
phase18_rpl11_deep_dive_v1	Excitatory_neurons	RPL11	topology_expression	143	TM7SF3	3.0166244413172	FALSE	0.548486908295359	0	0	FALSE	9	9	2.39789527279837	3.8286413964891	4.75359019110636	1	8	9	2.30258509299405	2.56494935746154	2.56494935746154	1	0.429179587795415	0.326139969134323	0.927731605710389	0.564930072946522
phase18_rpl11_deep_dive_v1	Excitatory_neurons	RPL11	topology_expression	144	ZBTB41	3.01790811028908	FALSE	0.484578767773401	0	0	FALSE	9	9	2.39789527279837	3.8286413964891	4.75359019110636	1	6	7	2.07944154167984	2.94443897916644	3.46573590279973	1	0.429179587795415	0.326139969134323	0.502070829998438	0.394737497963057
phase18_rpl11_deep_dive_v1	Excitatory_neurons	RPL11	topology_expression	145	SHPRH	3.02108885560562	FALSE	0.598598646852096	0	0	FALSE	9	9	2.39789527279837	3.8286413964891	4.75359019110636	1	10	11	2.484906649788	3.73766961828337	4.63472898822964	1	0.429179587795415	0.326139969134323	1.33929376253768	0.750498931204049
phase18_rpl11_deep_dive_v1	Excitatory_neurons	RPL11	topology_expression	146	PTOV1	3.0263862136813	FALSE	0.763036773874877	0	0	FALSE	9	9	2.39789527279837	3.8286413964891	4.75359019110636	1	6	7	2.07944154167984	3.25809653802148	4.06044301054642	0.958762886597938	0.429179587795415	0.326139969134323	0.412719960238751	0.349447389358051
phase18_rpl11_deep_dive_v1	Excitatory_neurons	RPL11	topology_expression	147	ENO2	3.03189219673621	FALSE	0.42761929736351	0	0	FALSE	9	9	2.39789527279837	3.8286413964891	4.75359019110636	1	10	11	2.484906649788	3.58351893845611	4.26267987704132	1	0.429179587795415	0.326139969134323	1.33808464107675	0.734483287482147
phase18_rpl11_deep_dive_v1	Excitatory_neurons	RPL11	topology_expression	148	WDR82	3.03706495393368	FALSE	9.62537889595236e-06	19	12	FALSE	9	9	2.39789527279837	3.8286413964891	4.75359019110636	1	12	12	2.63905732961526	3.89182029811063	4.58496747867057	1	0.429179587795415	0.326139969134323	0.675319079506621	0.485702098290885
phase18_rpl11_deep_dive_v1	Excitatory_neurons	RPL11	topology_expression	149	NONO	3.04816284187513	FALSE	1	0	0	FALSE	9	9	2.39789527279837	3.8286413964891	4.75359019110636	1	7	9	2.19722457733622	2.484906649788	2.56494935746154	0.979381443298969	0.429179587795415	0.326139969134323	0.365221943740318	0.310615108844646
phase18_rpl11_deep_dive_v1	Excitatory_neurons	RPL11	topology_expression	150	RAB18	3.05493687953287	FALSE	1	0	0	FALSE	9	9	2.39789527279837	3.8286413964891	4.75359019110636	1	7	8	2.19722457733622	2.63905732961526	2.77258872223978	1	0.429179587795415	0.326139969134323	0.781099102863688	0.550133719314053
phase18_rpl11_deep_dive_v1	Excitatory_neurons	RPL11	topology_expression	151	BEX1	3.06637071926648	FALSE	0.000689806626129783	7	6	FALSE	9	9	2.39789527279837	3.8286413964891	4.75359019110636	1	6	8	2.07944154167984	3.2188758248682	3.97029191355212	1	0.429179587795415	0.326139969134323	1.09762256369631	0.591464969373964
phase18_rpl11_deep_dive_v1	Excitatory_neurons	RPL11	topology_expression	152	NBL1	3.06909043011785	FALSE	0.81547518103147	0	0	FALSE	9	9	2.39789527279837	3.8286413964891	4.75359019110636	1	6	7	2.07944154167984	3.25809653802148	3.93182563272433	0.958762886597938	0.429179587795415	0.326139969134323	0.351725164240708	0.265420856378747
phase18_rpl11_deep_dive_v1	Excitatory_neurons	RPL11	topology_expression	153	AVL9	3.07017677147922	FALSE	0.524549056912356	0	0	FALSE	9	9	2.39789527279837	3.8286413964891	4.75359019110636	1	10	11	2.484906649788	3.04452243772342	3.2188758248682	1	0.429179587795415	0.326139969134323	1.11803304743321	0.67006221063428
phase18_rpl11_deep_dive_v1	Excitatory_neurons	RPL11	topology_expression	154	DNAJC17	3.07298305606309	FALSE	0.0482034133718844	0	0	FALSE	9	9	2.39789527279837	3.8286413964891	4.75359019110636	1	9	10	2.39789527279837	3.17805383034795	3.63758615972639	0.917525773195876	0.429179587795415	0.326139969134323	0.395129712920543	0.329600375756065
phase18_rpl11_deep_dive_v1	Excitatory_neurons	RPL11	topology_expression	155	CFL1	3.08343170510369	FALSE	0.0211705240437728	1	1	FALSE	9	9	2.39789527279837	3.8286413964891	4.75359019110636	1	6	7	2.07944154167984	3.46573590279973	4.48863636973214	1	0.429179587795415	0.326139969134323	1.03149643480736	0.586791982592525
phase18_rpl11_deep_dive_v1	Excitatory_neurons	RPL11	topology_expression	156	GRAMD1B	3.09444663006514	FALSE	0.483386265025932	0	0	FALSE	9	9	2.39789527279837	3.8286413964891	4.75359019110636	1	10	11	2.484906649788	3.13549421592915	3.55534806148941	1	0.429179587795415	0.326139969134323	1.22294113528346	0.708672104904959
phase18_rpl11_deep_dive_v1	Excitatory_neurons	RPL11	topology_expression	157	GOLT1B	3.09925932377682	FALSE	0.457443576384496	0	0	FALSE	9	9	2.39789527279837	3.8286413964891	4.75359019110636	1	6	8	2.07944154167984	2.99573227355399	3.63758615972639	0.958762886597938	0.429179587795415	0.326139969134323	0.680720664550605	0.473715288095626
phase18_rpl11_deep_dive_v1	Excitatory_neurons	RPL11	topology_expression	158	GPC1	3.10447947922908	FALSE	0.407355379352312	0	0	FALSE	9	9	2.39789527279837	3.8286413964891	4.75359019110636	1	6	7	2.07944154167984	2.99573227355399	3.58351893845611	1	0.429179587795415	0.326139969134323	0.733457018797908	0.517727634366343
phase18_rpl11_deep_dive_v1	Excitatory_neurons	RPL11	topology_expression	159	TENM1	3.1059389440018	FALSE	0.345215625006051	0	0	FALSE	9	9	2.39789527279837	3.8286413964891	4.75359019110636	1	7	9	2.19722457733622	2.484906649788	2.56494935746154	0.979381443298969	0.429179587795415	0.326139969134323	0.705073610762114	0.347904105518438
phase18_rpl11_deep_dive_v1	Excitatory_neurons	RPL11	topology_expression	160	EP400	3.13031117546204	FALSE	0.641342761717832	0	0	FALSE	9	9	2.39789527279837	3.8286413964891	4.75359019110636	1	6	8	2.07944154167984	2.77258872223978	3.68887945411394	1	0.429179587795415	0.326139969134323	0.898529373584682	0.60243187024913
phase18_rpl11_deep_dive_v1	Excitatory_neurons	RPL11	topology_expression	161	NDFIP2	3.13577880724213	FALSE	0.524743737197682	0	0	FALSE	9	9	2.39789527279837	3.8286413964891	4.75359019110636	1	8	9	2.30258509299405	2.89037175789616	3.09104245335832	1	0.429179587795415	0.326139969134323	1.27670645369754	0.698635008579124
phase18_rpl11_deep_dive_v1	Excitatory_neurons	RPL11	topology_expression	162	ADCY9	3.14090007213087	FALSE	0.582546123877973	0	0	FALSE	9	9	2.39789527279837	3.8286413964891	4.75359019110636	1	7	9	2.19722457733622	3.25809653802148	4.04305126783455	1	0.429179587795415	0.326139969134323	1.37923823768674	0.734132454013017
phase18_rpl11_deep_dive_v1	Excitatory_neurons	RPL11	topology_expression	163	LRRC28	3.14332690105712	FALSE	0.169142133242567	0	0	FALSE	9	9	2.39789527279837	3.8286413964891	4.75359019110636	1	7	9	2.19722457733622	3.04452243772342	3.49650756146648	1	0.429179587795415	0.326139969134323	1.27489856688651	0.696495499554269
phase18_rpl11_deep_dive_v1	Excitatory_neurons	RPL11	topology_expression	164	SAP18	3.1545499961233	FALSE	0.00473364601975674	3	3	FALSE	9	9	2.39789527279837	3.8286413964891	4.75359019110636	1	6	7	2.07944154167984	2.70805020110221	3.3322045101752	1	0.429179587795415	0.326139969134323	0.462145582651012	0.346424086730635
phase18_rpl11_deep_dive_v1	Excitatory_neurons	RPL11	topology_expression	165	TUSC2	3.16181054854555	FALSE	0.114583315123755	0	0	FALSE	9	9	2.39789527279837	3.8286413964891	4.75359019110636	1	8	10	2.30258509299405	3.2188758248682	3.78418963391826	0.917525773195876	0.429179587795415	0.326139969134323	0.242781330054993	0.200994986723925
phase18_rpl11_deep_dive_v1	Excitatory_neurons	RPL11	topology_expression	166	DIS3L2	3.16416270185858	FALSE	0.324041241150763	0	0	FALSE	9	9	2.39789527279837	3.8286413964891	4.75359019110636	1	6	8	2.07944154167984	3.09104245335832	3.93182563272433	1	0.429179587795415	0.326139969134323	1.06418041278462	0.652636523106122
phase18_rpl11_deep_dive_v1	Excitatory_neurons	RPL11	topology_expression	167	MAST1	3.17474496537557	FALSE	0.515623850171106	0	0	FALSE	9	9	2.39789527279837	3.8286413964891	4.75359019110636	1	8	11	2.30258509299405	2.99573227355399	3.29583686600433	1	0.429179587795415	0.326139969134323	1.18061694155168	0.699799660669268
phase18_rpl11_deep_dive_v1	Excitatory_neurons	RPL11	topology_expression	168	APBA1	3.17711139631667	FALSE	0.587450577656229	0	0	FALSE	9	9	2.39789527279837	3.8286413964891	4.75359019110636	1	7	9	2.19722457733622	3.46573590279973	4.14313472639153	1	0.429179587795415	0.326139969134323	1.41937812533225	0.750975336215408
phase18_rpl11_deep_dive_v1	Excitatory_neurons	RPL11	topology_expression	169	ABCB9	3.181222466467	FALSE	0.516526148109707	0	0	FALSE	9	9	2.39789527279837	3.8286413964891	4.75359019110636	1	6	8	2.07944154167984	3.04452243772342	3.63758615972639	0.958762886597938	0.429179587795415	0.326139969134323	0.767097628130168	0.539884780920794
phase18_rpl11_deep_dive_v1	Excitatory_neurons	RPL11	topology_expression	170	CXXC1	3.18534292081688	FALSE	0.667685483422158	0	0	FALSE	9	9	2.39789527279837	3.8286413964891	4.75359019110636	1	8	10	2.30258509299405	3.13549421592915	3.71357206670431	0.917525773195876	0.429179587795415	0.326139969134323	0.251916862375557	0.231959395339475
phase18_rpl11_deep_dive_v1	Excitatory_neurons	RPL11	topology_expression	171	FAM169A	3.19072524457528	FALSE	0.502319548563545	0	0	FALSE	9	9	2.39789527279837	3.8286413964891	4.75359019110636	1	7	9	2.19722457733622	2.77258872223978	2.94443897916644	1	0.429179587795415	0.326139969134323	1.08261214831033	0.647706641871879
phase18_rpl11_deep_dive_v1	Excitatory_neurons	RPL11	topology_expression	172	SUFU	3.20917667643195	FALSE	0.608840305816908	0	0	FALSE	9	9	2.39789527279837	3.8286413964891	4.75359019110636	1	6	8	2.07944154167984	3.25809653802148	4.11087386417331	0.938144329896907	0.429179587795415	0.326139969134323	0.582234523147238	0.437561228108854
phase18_rpl11_deep_dive_v1	Excitatory_neurons	RPL11	topology_expression	173	APLP1	3.21382974144012	FALSE	0.772218769857947	0	0	FALSE	9	9	2.39789527279837	3.8286413964891	4.75359019110636	1	6	8	2.07944154167984	3.17805383034795	4.07753744390572	1	0.429179587795415	0.326139969134323	1.15708211277796	0.65804760215868
phase18_rpl11_deep_dive_v1	Excitatory_neurons	RPL11	topology_expression	174	NUDT3	3.21447174699236	FALSE	0.700760189834649	0	0	FALSE	9	9	2.39789527279837	3.8286413964891	4.75359019110636	1	6	8	2.07944154167984	2.94443897916644	3.36729582998647	1	0.429179587795415	0.326139969134323	0.959428702764153	0.590637730893475
phase18_rpl11_deep_dive_v1	Excitatory_neurons	RPL11	topology_expression	175	PPIA	3.21908757614835	FALSE	0.593261418099607	0	0	FALSE	9	9	2.39789527279837	3.8286413964891	4.75359019110636	1	11	12	2.56494935746154	3.36729582998647	4.12713438504509	1	0.429179587795415	0.326139969134323	1.09893271635076	0.636763705031489
phase18_rpl11_deep_dive_v1	Excitatory_neurons	RPL11	topology_expression	176	MED27	3.22069578597092	FALSE	1	0	0	FALSE	9	9	2.39789527279837	3.8286413964891	4.75359019110636	1	8	10	2.30258509299405	2.56494935746154	2.89037175789616	1	0.429179587795415	0.326139969134323	1.14809161874671	0.652761136086961
phase18_rpl11_deep_dive_v1	Excitatory_neurons	RPL11	topology_expression	177	DUBR	3.22104565706819	FALSE	1	0	0	FALSE	9	9	2.39789527279837	3.8286413964891	4.75359019110636	1	7	9	2.19722457733622	2.63905732961526	2.83321334405622	1	0.429179587795415	0.326139969134323	1.05443823795666	0.604571379273986
phase18_rpl11_deep_dive_v1	Excitatory_neurons	RPL11	topology_expression	178	PPP2R1A	3.22716507256937	FALSE	0.534103286322304	0	0	FALSE	9	9	2.39789527279837	3.8286413964891	4.75359019110636	1	12	12	2.63905732961526	3.76120011569356	4.72738781871234	1	0.429179587795415	0.326139969134323	0.876240480803688	0.572480661023935
phase18_rpl11_deep_dive_v1	Excitatory_neurons	RPL11	topology_expression	179	TTC9B	3.22839468225836	FALSE	0.528551144079978	0	0	FALSE	9	9	2.39789527279837	3.8286413964891	4.75359019110636	1	6	8	2.07944154167984	2.56494935746154	2.89037175789616	1	0.429179587795415	0.326139969134323	0.513367562506089	0.359006163549745
phase18_rpl11_deep_dive_v1	Excitatory_neurons	RPL11	topology_expression	180	EIF4A1	3.22920912494655	FALSE	0.453027093048477	0	0	FALSE	9	9	2.39789527279837	3.8286413964891	4.75359019110636	1	6	8	2.07944154167984	2.99573227355399	3.17805383034795	0.958762886597938	0.429179587795415	0.326139969134323	0.258892677370013	0.226842594633973
phase18_rpl11_deep_dive_v1	Excitatory_neurons	RPL11	topology_expression	181	CSDE1	3.2314822275777	FALSE	0.336389192778895	0	0	FALSE	9	9	2.39789527279837	3.8286413964891	4.75359019110636	1	6	7	2.07944154167984	3.17805383034795	3.73766961828337	1	0.429179587795415	0.326139969134323	0.935696887257545	0.608845604516741
phase18_rpl11_deep_dive_v1	Excitatory_neurons	RPL11	topology_expression	182	ATP6V1F	3.23274548159054	FALSE	0.305653585487287	0	0	FALSE	9	9	2.39789527279837	3.8286413964891	4.75359019110636	1	6	6	2.07944154167984	3.09104245335832	3.80666248977032	1	0.429179587795415	0.326139969134323	0.591444865239033	0.385105873105643
phase18_rpl11_deep_dive_v1	Excitatory_neurons	RPL11	topology_expression	183	MTPN	3.24322963319306	FALSE	0.757933671088669	0	0	FALSE	9	9	2.39789527279837	3.8286413964891	4.75359019110636	1	11	13	2.56494935746154	3.73766961828337	4.35670882668959	1	0.429179587795415	0.326139969134323	0.768971591973085	0.515038869664408
phase18_rpl11_deep_dive_v1	Excitatory_neurons	RPL11	topology_expression	184	BABAM2	3.25225223112863	FALSE	0.0372274073398521	0	0	FALSE	9	9	2.39789527279837	3.8286413964891	4.75359019110636	1	8	9	2.30258509299405	3.58351893845611	4.15888308335967	1	0.429179587795415	0.326139969134323	1.60368536686111	0.764389444321962
phase18_rpl11_deep_dive_v1	Excitatory_neurons	RPL11	topology_expression	185	BICRAL	3.25662464965489	FALSE	0.483095114348074	0	0	FALSE	9	9	2.39789527279837	3.8286413964891	4.75359019110636	1	9	11	2.39789527279837	3.04452243772342	3.17805383034795	1	0.429179587795415	0.326139969134323	1.25641825816538	0.717506206685007
phase18_rpl11_deep_dive_v1	Excitatory_neurons	RPL11	topology_expression	186	MFSD8	3.26016333026926	FALSE	0.67487291465854	0	0	FALSE	9	9	2.39789527279837	3.8286413964891	4.75359019110636	1	10	11	2.484906649788	3.2188758248682	3.98898404656427	0.917525773195876	0.429179587795415	0.326139969134323	0.448307777593922	0.36014589304372
phase18_rpl11_deep_dive_v1	Excitatory_neurons	RPL11	topology_expression	187	PIGL	3.26165089857988	FALSE	0.662165137973005	0	0	FALSE	9	9	2.39789527279837	3.8286413964891	4.75359019110636	1	11	13	2.56494935746154	3.85014760171006	4.67282883446191	0.979381443298969	0.429179587795415	0.326139969134323	0.730253414449935	0.50407101022785
phase18_rpl11_deep_dive_v1	Excitatory_neurons	RPL11	topology_expression	188	UBE2Q1	3.26320211224909	FALSE	0.61192367357683	0	0	FALSE	9	9	2.39789527279837	3.8286413964891	4.75359019110636	1	6	8	2.07944154167984	2.484906649788	3.04452243772342	0.979381443298969	0.429179587795415	0.326139969134323	0.337942546920358	0.272110656326984
phase18_rpl11_deep_dive_v1	Excitatory_neurons	RPL11	topology_expression	189	HOOK3	3.26542305215619	FALSE	0.529762638409971	0	0	FALSE	9	9	2.39789527279837	3.8286413964891	4.75359019110636	1	9	11	2.39789527279837	2.63905732961526	2.70805020110221	1	0.429179587795415	0.326139969134323	1.00921822883468	0.638574427499209
phase18_rpl11_deep_dive_v1	Excitatory_neurons	RPL11	topology_expression	190	FKBP4	3.26708976979581	FALSE	1	0	0	FALSE	9	9	2.39789527279837	3.8286413964891	4.75359019110636	1	6	8	2.07944154167984	2.484906649788	2.89037175789616	1	0.429179587795415	0.326139969134323	0.368132306872688	0.284980301563414
phase18_rpl11_deep_dive_v1	Excitatory_neurons	RPL11	topology_expression	191	MBTD1	3.27027287952197	FALSE	0.861026726343776	0	0	FALSE	9	9	2.39789527279837	3.8286413964891	4.75359019110636	1	12	12	2.63905732961526	3.78418963391826	4.31748811353631	1	0.429179587795415	0.326139969134323	0.873945862159562	0.587231962271024
phase18_rpl11_deep_dive_v1	Excitatory_neurons	RPL11	topology_expression	192	FAM131B	3.27065458650108	FALSE	1	0	0	FALSE	9	9	2.39789527279837	3.8286413964891	4.75359019110636	1	6	7	2.07944154167984	2.77258872223978	3.17805383034795	0.979381443298969	0.429179587795415	0.326139969134323	0.368331291784982	0.288949704283811
phase18_rpl11_deep_dive_v1	Excitatory_neurons	RPL11	topology_expression	193	CES4A	3.27695358252015	FALSE	0.72963065657259	0	0	FALSE	9	9	2.39789527279837	3.8286413964891	4.75359019110636	1	6	7	2.07944154167984	3.17805383034795	3.63758615972639	0.958762886597938	0.429179587795415	0.326139969134323	0.737585148086913	0.461515677271551
phase18_rpl11_deep_dive_v1	Excitatory_neurons	RPL11	topology_expression	194	MAPK14	3.28364654954116	FALSE	0.684778339850245	0	0	FALSE	9	9	2.39789527279837	3.8286413964891	4.75359019110636	1	7	8	2.19722457733622	2.83321334405622	3.29583686600433	1	0.429179587795415	0.326139969134323	1.20992402242827	0.694885116417281
phase18_rpl11_deep_dive_v1	Excitatory_neurons	RPL11	topology_expression	195	RPL8	3.28594395471957	FALSE	0.00381016275816697	3	3	TRUE	9	9	2.39789527279837	3.8286413964891	4.75359019110636	1	6	7	2.07944154167984	2.70805020110221	3.04452243772342	1	0.429179587795415	0.326139969134323	0.454322065039081	0.337528637021558
phase18_rpl11_deep_dive_v1	Excitatory_neurons	RPL11	topology_expression	196	HP1BP3	3.28629794949959	FALSE	0.606384799285849	0	0	FALSE	9	9	2.39789527279837	3.8286413964891	4.75359019110636	1	7	9	2.19722457733622	2.89037175789616	3.2188758248682	1	0.429179587795415	0.326139969134323	1.21279110751484	0.72645246014781
phase18_rpl11_deep_dive_v1	Excitatory_neurons	RPL11	topology_expression	197	RRAGB	3.2898927520026	FALSE	0.458695556808721	0	0	FALSE	9	9	2.39789527279837	3.8286413964891	4.75359019110636	1	8	8	2.30258509299405	2.63905732961526	2.70805020110221	0.938144329896907	0.429179587795415	0.326139969134323	0.482353011885911	0.37807770098636
phase18_rpl11_deep_dive_v1	Excitatory_neurons	RPL11	topology_expression	198	ZBTB8OS	3.29143600025216	FALSE	0.440699829542585	0	0	FALSE	9	9	2.39789527279837	3.8286413964891	4.75359019110636	1	11	12	2.56494935746154	3.25809653802148	3.52636052461616	1	0.429179587795415	0.326139969134323	0.984574041814092	0.632687901996683
phase18_rpl11_deep_dive_v1	Excitatory_neurons	RPL11	topology_expression	199	GSK3A	3.30509629063185	FALSE	0.594007819809314	0	0	FALSE	9	9	2.39789527279837	3.8286413964891	4.75359019110636	1	5	7	1.94591014905531	3.2188758248682	4.27666611901606	1	0.429179587795415	0.326139969134323	0.48226247036768	0.354656211957095
phase18_rpl11_deep_dive_v1	Excitatory_neurons	RPL11	topology_expression	200	SARM1	3.30828147125957	FALSE	1	0	0	FALSE	9	9	2.39789527279837	3.8286413964891	4.75359019110636	1	7	9	2.19722457733622	2.56494935746154	2.56494935746154	0.958762886597938	0.429179587795415	0.326139969134323	0.632142566739353	0.481982880093556
phase18_rpl11_deep_dive_v1	Excitatory_neurons	RPL11	topology_expression	201	LAGE3	3.31289489221324	FALSE	4.5581810948326e-05	9	7	FALSE	9	9	2.39789527279837	3.8286413964891	4.75359019110636	1	8	9	2.30258509299405	3.3322045101752	4.14313472639153	0.907216494845361	0.429179587795415	0.326139969134323	0.211783970887332	0.170398665682544
phase18_rpl11_deep_dive_v1	Excitatory_neurons	RPL11	topology_expression	202	ELAVL3	3.31485323982266	FALSE	0.923290680908307	0	0	FALSE	9	9	2.39789527279837	3.8286413964891	4.75359019110636	1	7	8	2.19722457733622	3.43398720448515	4.39444915467244	1	0.429179587795415	0.326139969134323	1.44880421744176	0.777333857346894
phase18_rpl11_deep_dive_v1	Excitatory_neurons	RPL11	topology_expression	203	SMG6	3.31886622371247	FALSE	0.698911106254892	0	0	FALSE	9	9	2.39789527279837	3.8286413964891	4.75359019110636	1	6	7	2.07944154167984	3.29583686600433	3.93182563272433	1	0.429179587795415	0.326139969134323	1.05856935426604	0.652129444130249
phase18_rpl11_deep_dive_v1	Excitatory_neurons	RPL11	topology_expression	204	AHDC1	3.3200282327203	FALSE	0.511658472386632	0	0	FALSE	9	9	2.39789527279837	3.8286413964891	4.75359019110636	1	6	8	2.07944154167984	2.70805020110221	2.89037175789616	1	0.429179587795415	0.326139969134323	0.731300740621572	0.529263920707802
phase18_rpl11_deep_dive_v1	Excitatory_neurons	RPL11	topology_expression	205	BEX5	3.34153626469208	FALSE	0.00907947074434449	1	1	FALSE	9	9	2.39789527279837	3.8286413964891	4.75359019110636	1	5	8	1.94591014905531	3.04452243772342	3.73766961828337	0.979381443298969	0.429179587795415	0.326139969134323	0.338433992597308	0.255854413695925
phase18_rpl11_deep_dive_v1	Excitatory_neurons	RPL11	topology_expression	206	SETD2	3.34865982325503	FALSE	0.669495661192941	0	0	FALSE	9	9	2.39789527279837	3.8286413964891	4.75359019110636	1	10	12	2.484906649788	3.76120011569356	4.43081679884331	1	0.429179587795415	0.326139969134323	1.31758790441373	0.744412066370791
phase18_rpl11_deep_dive_v1	Excitatory_neurons	RPL11	topology_expression	207	KDM4B	3.35078976079247	FALSE	0.85858321036185	0	0	FALSE	9	9	2.39789527279837	3.8286413964891	4.75359019110636	1	12	12	2.63905732961526	3.85014760171006	4.76217393479776	1	0.429179587795415	0.326139969134323	0.959346805765192	0.623503925308896
phase18_rpl11_deep_dive_v1	Excitatory_neurons	RPL11	topology_expression	208	PHTF2	3.35547820115768	FALSE	0.4897189171533	0	0	FALSE	9	9	2.39789527279837	3.8286413964891	4.75359019110636	1	6	8	2.07944154167984	2.99573227355399	3.43398720448515	1	0.429179587795415	0.326139969134323	1.0871534252505	0.643169770807971
phase18_rpl11_deep_dive_v1	Excitatory_neurons	RPL11	topology_expression	209	TKT	3.36749018118707	FALSE	0.104477760997542	0	0	FALSE	9	9	2.39789527279837	3.8286413964891	4.75359019110636	1	6	7	2.07944154167984	2.63905732961526	3.09104245335832	0.979381443298969	0.429179587795415	0.326139969134323	0.3619066741847	0.288344852046049
phase18_rpl11_deep_dive_v1	Excitatory_neurons	RPL11	topology_expression	210	FAIM2	3.37772131953129	FALSE	0.911532718753307	0	0	FALSE	9	9	2.39789527279837	3.8286413964891	4.75359019110636	1	7	9	2.19722457733622	3.43398720448515	4.36944785246702	1	0.429179587795415	0.326139969134323	1.55616125563709	0.757347852343203
phase18_rpl11_deep_dive_v1	Excitatory_neurons	RPL11	topology_expression	211	ENY2	3.37786401304208	FALSE	0.556284364081171	0	0	FALSE	9	9	2.39789527279837	3.8286413964891	4.75359019110636	1	6	7	2.07944154167984	2.70805020110221	2.99573227355399	0.979381443298969	0.429179587795415	0.326139969134323	0.422100789001222	0.338298361818583
phase18_rpl11_deep_dive_v1	Excitatory_neurons	RPL11	topology_expression	212	C1orf21	3.38307377520769	FALSE	1	0	0	FALSE	9	9	2.39789527279837	3.8286413964891	4.75359019110636	1	10	12	2.484906649788	3.3322045101752	3.89182029811063	1	0.429179587795415	0.326139969134323	1.28960652294603	0.708845604516741
phase18_rpl11_deep_dive_v1	Excitatory_neurons	RPL11	topology_expression	213	WNK1	3.384257094718	FALSE	0.755290302880421	0	0	FALSE	9	9	2.39789527279837	3.8286413964891	4.75359019110636	1	8	10	2.30258509299405	3.40119738166216	3.97029191355212	1	0.429179587795415	0.326139969134323	1.56210571121332	0.799868677089424
phase18_rpl11_deep_dive_v1	Excitatory_neurons	RPL11	topology_expression	214	DPH6	3.38973826640354	FALSE	1	0	0	FALSE	9	9	2.39789527279837	3.8286413964891	4.75359019110636	1	6	7	2.07944154167984	2.89037175789616	3.43398720448515	0.958762886597938	0.429179587795415	0.326139969134323	0.699442326926616	0.408417127574936
phase18_rpl11_deep_dive_v1	Excitatory_neurons	RPL11	topology_expression	215	VTI1A	3.39702957226157	FALSE	0.793772081575419	0	0	FALSE	9	9	2.39789527279837	3.8286413964891	4.75359019110636	1	8	9	2.30258509299405	3.68887945411394	4.49980967033027	1	0.429179587795415	0.326139969134323	1.68381068634336	0.788875895056699
phase18_rpl11_deep_dive_v1	Excitatory_neurons	RPL11	topology_expression	216	SYN1	3.40151316089408	FALSE	0.542668226911029	0	0	FALSE	9	9	2.39789527279837	3.8286413964891	4.75359019110636	1	6	8	2.07944154167984	2.99573227355399	3.55534806148941	1	0.429179587795415	0.326139969134323	1.14866133150712	0.661935527160837
phase18_rpl11_deep_dive_v1	Excitatory_neurons	RPL11	topology_expression	217	RTN4RL1	3.40579940119231	FALSE	0.390678533157252	0	0	FALSE	9	9	2.39789527279837	3.8286413964891	4.75359019110636	1	6	9	2.07944154167984	2.63905732961526	2.94443897916644	1	0.429179587795415	0.326139969134323	0.932248536534577	0.563822934539843
phase18_rpl11_deep_dive_v1	Excitatory_neurons	RPL11	topology_expression	218	ARFGAP1	3.40612883835447	FALSE	0.568815386547517	0	0	FALSE	9	9	2.39789527279837	3.8286413964891	4.75359019110636	1	6	8	2.07944154167984	2.70805020110221	2.94443897916644	0.958762886597938	0.429179587795415	0.326139969134323	0.366115683829188	0.316021395090249
phase18_rpl11_deep_dive_v1	Excitatory_neurons	RPL11	topology_expression	219	EIF1	3.40782337689389	FALSE	0.534026897601472	0	0	FALSE	9	9	2.39789527279837	3.8286413964891	4.75359019110636	1	6	8	2.07944154167984	2.94443897916644	3.3322045101752	1	0.429179587795415	0.326139969134323	1.09860334205511	0.633322469637568
phase18_rpl11_deep_dive_v1	Excitatory_neurons	RPL11	topology_expression	220	SPRED2	3.4103075155565	FALSE	0.479291995968203	0	0	FALSE	9	9	2.39789527279837	3.8286413964891	4.75359019110636	1	6	7	2.07944154167984	2.77258872223978	3.2188758248682	1	0.429179587795415	0.326139969134323	0.86968349247795	0.52458805824219
phase18_rpl11_deep_dive_v1	Excitatory_neurons	RPL11	topology_expression	221	TMEM131	3.41564845009499	FALSE	0.527424357573588	0	0	FALSE	9	9	2.39789527279837	3.8286413964891	4.75359019110636	1	7	9	2.19722457733622	2.70805020110221	2.70805020110221	1	0.429179587795415	0.326139969134323	1.11566677575601	0.670676648485952
phase18_rpl11_deep_dive_v1	Excitatory_neurons	RPL11	topology_expression	222	MON2	3.41945427965139	FALSE	0.542112835946071	0	0	FALSE	9	9	2.39789527279837	3.8286413964891	4.75359019110636	1	9	11	2.39789527279837	3.40119738166216	4.23410650459726	1	0.429179587795415	0.326139969134323	1.54482993791671	0.792512676974397
phase18_rpl11_deep_dive_v1	Excitatory_neurons	RPL11	topology_expression	223	PLXNB2	3.43026456476106	FALSE	0.72178503547727	0	0	FALSE	9	9	2.39789527279837	3.8286413964891	4.75359019110636	1	9	11	2.39789527279837	2.99573227355399	3.40119738166216	0.917525773195876	0.429179587795415	0.326139969134323	0.325081520513735	0.286305033405864
phase18_rpl11_deep_dive_v1	Excitatory_neurons	RPL11	topology_expression	224	TSEN2	3.43285429229821	FALSE	0.268834505749573	0	0	FALSE	9	9	2.39789527279837	3.8286413964891	4.75359019110636	1	6	8	2.07944154167984	2.83321334405622	3.04452243772342	0.958762886597938	0.429179587795415	0.326139969134323	0.709723938031043	0.503881215072419
phase18_rpl11_deep_dive_v1	Excitatory_neurons	RPL11	topology_expression	225	ATG4C	3.43732068997968	FALSE	0.330057687216361	0	0	FALSE	9	9	2.39789527279837	3.8286413964891	4.75359019110636	1	6	8	2.07944154167984	2.63905732961526	2.63905732961526	0.979381443298969	0.429179587795415	0.326139969134323	0.590775567888664	0.421978854135713
phase18_rpl11_deep_dive_v1	Excitatory_neurons	RPL11	topology_expression	226	ZNF532	3.43833960599001	FALSE	0.607583343320781	0	0	FALSE	9	9	2.39789527279837	3.8286413964891	4.75359019110636	1	11	12	2.56494935746154	3.43398720448515	4.06044301054642	1	0.429179587795415	0.326139969134323	1.21524261142322	0.69656835021999
phase18_rpl11_deep_dive_v1	Excitatory_neurons	RPL11	topology_expression	227	CACNG2	3.43926760902907	FALSE	1	0	0	FALSE	9	9	2.39789527279837	3.8286413964891	4.75359019110636	1	10	12	2.484906649788	3.09104245335832	3.2188758248682	1	0.429179587795415	0.326139969134323	1.15040129202722	0.669342331029591
phase18_rpl11_deep_dive_v1	Excitatory_neurons	RPL11	topology_expression	228	KANSL1L	3.44872075042297	FALSE	0.644251799341562	0	0	FALSE	9	9	2.39789527279837	3.8286413964891	4.75359019110636	1	6	7	2.07944154167984	2.63905732961526	3.13549421592915	1	0.429179587795415	0.326139969134323	0.793560421142945	0.514855784438714
phase18_rpl11_deep_dive_v1	Excitatory_neurons	RPL11	topology_expression	229	OSBP2	3.4584406263519	FALSE	0.709400024805518	0	0	FALSE	9	9	2.39789527279837	3.8286413964891	4.75359019110636	1	7	8	2.19722457733622	3.40119738166216	4.29045944114839	1	0.429179587795415	0.326139969134323	1.52304564412932	0.7839412210155
phase18_rpl11_deep_dive_v1	Excitatory_neurons	RPL11	topology_expression	230	METTL26	3.4667644994229	FALSE	0.557556608230081	0	0	FALSE	9	9	2.39789527279837	3.8286413964891	4.75359019110636	1	6	8	2.07944154167984	2.63905732961526	2.89037175789616	0.958762886597938	0.429179587795415	0.326139969134323	0.348462871192744	0.289405020944566
phase18_rpl11_deep_dive_v1	Excitatory_neurons	RPL11	topology_expression	231	RPS4X	3.5030346498898	FALSE	0.0146822183989533	3	2	TRUE	9	9	2.39789527279837	3.8286413964891	4.75359019110636	1	5	8	1.94591014905531	2.56494935746154	3.52636052461616	1	0.429179587795415	0.326139969134323	0.471536750740728	0.337733769159246
phase18_rpl11_deep_dive_v1	Excitatory_neurons	RPL11	topology_expression	232	RAB11FIP3	3.50308829570438	FALSE	0.621389277681303	0	0	FALSE	9	9	2.39789527279837	3.8286413964891	4.75359019110636	1	7	9	2.19722457733622	2.56494935746154	2.89037175789616	1	0.429179587795415	0.326139969134323	1.19180529384261	0.699794867862312
phase18_rpl11_deep_dive_v1	Excitatory_neurons	RPL11	topology_expression	233	ZNF704	3.51083407389636	FALSE	1	0	0	FALSE	9	9	2.39789527279837	3.8286413964891	4.75359019110636	1	7	8	2.19722457733622	2.77258872223978	2.94443897916644	1	0.429179587795415	0.326139969134323	1.27943843719441	0.671733941700296
phase18_rpl11_deep_dive_v1	Excitatory_neurons	RPL11	topology_expression	234	COPS2	3.5132719138115	FALSE	1	0	0	FALSE	9	9	2.39789527279837	3.8286413964891	4.75359019110636	1	5	7	1.94591014905531	2.99573227355399	3.73766961828337	1	0.429179587795415	0.326139969134323	0.567945950041346	0.438179500206091
phase18_rpl11_deep_dive_v1	Excitatory_neurons	RPL11	topology_expression	235	P4HB	3.51665034003448	FALSE	0.498237721021778	0	0	FALSE	9	9	2.39789527279837	3.8286413964891	4.75359019110636	1	5	8	1.94591014905531	2.77258872223978	3.25809653802148	1	0.429179587795415	0.326139969134323	0.381529376653788	0.323473251344382
phase18_rpl11_deep_dive_v1	Excitatory_neurons	RPL11	topology_expression	236	BBS9	3.526187482081	FALSE	0.42746278374547	0	0	FALSE	9	9	2.39789527279837	3.8286413964891	4.75359019110636	1	8	10	2.30258509299405	2.56494935746154	2.63905732961526	1	0.429179587795415	0.326139969134323	1.25359301195331	0.683408260882068
phase18_rpl11_deep_dive_v1	Excitatory_neurons	RPL11	topology_expression	237	FARSA	3.52794709556371	FALSE	0.201543671568732	0	0	FALSE	9	9	2.39789527279837	3.8286413964891	4.75359019110636	1	6	8	2.07944154167984	2.484906649788	2.56494935746154	0.979381443298969	0.429179587795415	0.326139969134323	0.319324596967302	0.266523201978471
phase18_rpl11_deep_dive_v1	Excitatory_neurons	RPL11	topology_expression	238	PDZD8	3.53071348018505	FALSE	1	0	0	FALSE	9	9	2.39789527279837	3.8286413964891	4.75359019110636	1	6	8	2.07944154167984	2.39789527279837	2.56494935746154	1	0.429179587795415	0.326139969134323	0.584514219547548	0.432064837092492
phase18_rpl11_deep_dive_v1	Excitatory_neurons	RPL11	topology_expression	239	NRXN2	3.53525915182852	FALSE	0.494759374638442	0	0	FALSE	9	9	2.39789527279837	3.8286413964891	4.75359019110636	1	6	7	2.07944154167984	2.83321334405622	3.58351893845611	1	0.429179587795415	0.326139969134323	1.01772510471318	0.67113388226949
phase18_rpl11_deep_dive_v1	Excitatory_neurons	RPL11	topology_expression	240	SOS1	3.53644806897202	FALSE	0.146378781548536	0	0	FALSE	9	9	2.39789527279837	3.8286413964891	4.75359019110636	1	8	10	2.30258509299405	3.09104245335832	3.52636052461616	1	0.429179587795415	0.326139969134323	1.56425013963556	0.781245746383827
phase18_rpl11_deep_dive_v1	Excitatory_neurons	RPL11	topology_expression	241	NORAD	3.54107449700837	FALSE	0.400665433685004	0	0	FALSE	9	9	2.39789527279837	3.8286413964891	4.75359019110636	1	10	12	2.484906649788	3.2188758248682	3.80666248977032	1	0.429179587795415	0.326139969134323	1.3836711752926	0.705270170528072
phase18_rpl11_deep_dive_v1	Excitatory_neurons	RPL11	topology_expression	242	MIB2	3.54139936338675	FALSE	0.656159554489291	0	0	FALSE	9	9	2.39789527279837	3.8286413964891	4.75359019110636	1	6	7	2.07944154167984	2.94443897916644	3.78418963391826	0.938144329896907	0.429179587795415	0.326139969134323	0.48883879290832	0.407265895344267
phase18_rpl11_deep_dive_v1	Excitatory_neurons	RPL11	topology_expression	243	POLN	3.54196986944304	FALSE	0.513191391297946	0	0	FALSE	9	9	2.39789527279837	3.8286413964891	4.75359019110636	1	11	13	2.56494935746154	3.3322045101752	3.97029191355212	1	0.429179587795415	0.326139969134323	0.965194912703197	0.582951027098531
phase18_rpl11_deep_dive_v1	Excitatory_neurons	RPL11	topology_expression	244	ATXN7L3	3.54410234274715	FALSE	1	0	0	FALSE	9	9	2.39789527279837	3.8286413964891	4.75359019110636	1	5	7	1.94591014905531	3.17805383034795	3.55534806148941	0.979381443298969	0.429179587795415	0.326139969134323	0.421255730749435	0.327500167748243
phase18_rpl11_deep_dive_v1	Excitatory_neurons	RPL11	topology_expression	245	YWHAB	3.54437982630596	FALSE	0.60443208252561	0	0	FALSE	9	9	2.39789527279837	3.8286413964891	4.75359019110636	1	10	11	2.484906649788	3.13549421592915	3.43398720448515	1	0.429179587795415	0.326139969134323	1.49075018481503	0.731154203770981
phase18_rpl11_deep_dive_v1	Excitatory_neurons	RPL11	topology_expression	246	CNOT4	3.5547145018019	FALSE	0.447720704453656	0	0	FALSE	9	9	2.39789527279837	3.8286413964891	4.75359019110636	1	6	7	2.07944154167984	2.94443897916644	3.49650756146648	1	0.429179587795415	0.326139969134323	1.05982835405278	0.665945189459659
phase18_rpl11_deep_dive_v1	Excitatory_neurons	RPL11	topology_expression	247	PAAF1	3.55534521464893	FALSE	0.699325752802918	0	0	FALSE	9	9	2.39789527279837	3.8286413964891	4.75359019110636	1	10	12	2.484906649788	3.36729582998647	4.02535169073515	0.917525773195876	0.429179587795415	0.326139969134323	0.400792404447452	0.318784927580687
phase18_rpl11_deep_dive_v1	Excitatory_neurons	RPL11	topology_expression	248	CNIH2	3.56081937885226	FALSE	0.602015825660499	0	0	FALSE	9	9	2.39789527279837	3.8286413964891	4.75359019110636	1	6	7	2.07944154167984	2.63905732961526	2.70805020110221	0.979381443298969	0.429179587795415	0.326139969134323	0.38282318259203	0.283204087305772
phase18_rpl11_deep_dive_v1	Excitatory_neurons	RPL11	topology_expression	249	ZC4H2	3.56682452609884	FALSE	1	0	0	FALSE	9	9	2.39789527279837	3.8286413964891	4.75359019110636	1	6	8	2.07944154167984	2.63905732961526	2.77258872223978	0.958762886597938	0.429179587795415	0.326139969134323	0.618799613093284	0.426005770539574
phase18_rpl11_deep_dive_v1	Excitatory_neurons	RPL11	topology_expression	250	SUGP1	3.57495919849134	FALSE	0.779484995656954	0	0	FALSE	9	9	2.39789527279837	3.8286413964891	4.75359019110636	1	6	8	2.07944154167984	3.40119738166216	4.34380542185368	0.917525773195876	0.429179587795415	0.326139969134323	0.385940923298609	0.328707955100984
phase18_rpl11_deep_dive_v1	Excitatory_neurons	RPL11	ribosomal	1	RPL36	2.01941873450715	FALSE	0.00501224197297369	2	2	TRUE	9	9	2.39789527279837	3.8286413964891	4.75359019110636	1	7	7	2.19722457733622	3.3322045101752	4.15888308335967	1	0.429179587795415	0.326139969134323	0.353115324784506	0.281871686972192
phase18_rpl11_deep_dive_v1	Excitatory_neurons	RPL11	ribosomal	2	RPS27A	2.4394617310027	FALSE	0.0211138751635046	2	2	TRUE	9	9	2.39789527279837	3.8286413964891	4.75359019110636	1	11	12	2.56494935746154	3.3322045101752	4.06044301054642	1	0.429179587795415	0.326139969134323	0.476420932183231	0.335269307822819
phase18_rpl11_deep_dive_v1	Excitatory_neurons	RPL11	ribosomal	3	RPLP2	2.47304350223286	FALSE	2.48662660138138e-05	16	10	TRUE	9	9	2.39789527279837	3.8286413964891	4.75359019110636	1	7	8	2.19722457733622	2.70805020110221	2.94443897916644	1	0.429179587795415	0.326139969134323	0.389903506090643	0.314673657774412
phase18_rpl11_deep_dive_v1	Excitatory_neurons	RPL11	ribosomal	4	RPS11	2.48169810215405	FALSE	0.0073857113234203	3	3	TRUE	9	9	2.39789527279837	3.8286413964891	4.75359019110636	1	11	12	2.56494935746154	3.80666248977032	4.43081679884331	1	0.429179587795415	0.326139969134323	0.323347306654401	0.266403381804588
phase18_rpl11_deep_dive_v1	Excitatory_neurons	RPL11	ribosomal	5	RPS15	2.64028820182493	FALSE	0.000142844120229429	10	8	TRUE	9	9	2.39789527279837	3.8286413964891	4.75359019110636	1	8	9	2.30258509299405	3.49650756146648	4.30406509320417	1	0.429179587795415	0.326139969134323	0.711297650717854	0.464819838386549
phase18_rpl11_deep_dive_v1	Excitatory_neurons	RPL11	ribosomal	6	RPL8	2.92290284775207	FALSE	0.00381016275816697	3	3	TRUE	9	9	2.39789527279837	3.8286413964891	4.75359019110636	1	6	7	2.07944154167984	2.70805020110221	3.04452243772342	1	0.429179587795415	0.326139969134323	0.454322065039081	0.337528637021558
phase18_rpl11_deep_dive_v1	Excitatory_neurons	RPL11	ribosomal	7	RPS4X	2.96197936497609	FALSE	0.0146822183989533	3	2	TRUE	9	9	2.39789527279837	3.8286413964891	4.75359019110636	1	5	8	1.94591014905531	2.56494935746154	3.52636052461616	1	0.429179587795415	0.326139969134323	0.471536750740728	0.337733769159246
phase18_rpl11_deep_dive_v1	Excitatory_neurons	RPL11	ribosomal	8	RPL18	3.11253958546801	FALSE	0.123306051925875	0	0	TRUE	9	9	2.39789527279837	3.8286413964891	4.75359019110636	1	5	6	1.94591014905531	3.29583686600433	4.45434729625351	1	0.429179587795415	0.326139969134323	0.51103054319398	0.373999980828772
phase18_rpl11_deep_dive_v1	Excitatory_neurons	RPL11	ribosomal	9	RPS13	3.7584365685047	FALSE	3.81074631066291e-09	10	8	TRUE	9	9	2.39789527279837	3.8286413964891	4.75359019110636	1	5	6	1.94591014905531	3.29583686600433	4.02535169073515	0.979381443298969	0.429179587795415	0.326139969134323	0.272815294549941	0.212329016611869
phase18_rpl11_deep_dive_v1	Excitatory_neurons	RPL11	ribosomal	10	RPL30	3.84138897849499	FALSE	0.183875287514504	0	0	TRUE	9	9	2.39789527279837	3.8286413964891	4.75359019110636	1	5	6	1.94591014905531	2.484906649788	2.70805020110221	1	0.429179587795415	0.326139969134323	0.446288406271062	0.353473347200521
phase18_rpl11_deep_dive_v1	Excitatory_neurons	RPL11	ribosomal	11	RPL13A	3.93314158928482	FALSE	0.41468877323092	0	0	TRUE	9	9	2.39789527279837	3.8286413964891	4.75359019110636	1	12	14	2.63905732961526	3.25809653802148	3.52636052461616	1	0.429179587795415	0.326139969134323	0.471874667080045	0.363700238681786
phase18_rpl11_deep_dive_v1	Excitatory_neurons	RPL11	ribosomal	12	RPL6	3.98689844217778	FALSE	1.66827836642219e-05	10	8	TRUE	9	9	2.39789527279837	3.8286413964891	4.75359019110636	1	5	6	1.94591014905531	2.63905732961526	2.83321334405622	1	0.429179587795415	0.326139969134323	0.582497953971131	0.418646894740374
phase18_rpl11_deep_dive_v1	Excitatory_neurons	RPL11	ribosomal	13	RPL29	4.24608934687213	FALSE	6.96409559917628e-06	7	7	TRUE	9	9	2.39789527279837	3.8286413964891	4.75359019110636	1	4	5	1.79175946922805	2.83321334405622	3.76120011569356	1	0.429179587795415	0.326139969134323	0.54757499007376	0.38715623592113
phase18_rpl11_deep_dive_v1	Excitatory_neurons	RPL11	ribosomal	14	RPL35A	4.34821118259592	FALSE	0.463449081687408	0	0	TRUE	9	9	2.39789527279837	3.8286413964891	4.75359019110636	1	4	5	1.79175946922805	2.63905732961526	3.09104245335832	1	0.429179587795415	0.326139969134323	0.445516352373056	0.333380941882423
phase18_rpl11_deep_dive_v1	Excitatory_neurons	RPL11	ribosomal	15	RPL7L1	4.45059581461279	FALSE	0.373515093361338	0	0	TRUE	9	9	2.39789527279837	3.8286413964891	4.75359019110636	1	4	6	1.79175946922805	2.39789527279837	2.83321334405622	1	0.429179587795415	0.326139969134323	0.582932035070825	0.421703747016478
phase18_rpl11_deep_dive_v1	Excitatory_neurons	RPL11	ribosomal	16	RPS18	4.90178530441839	FALSE	0.510010341088972	0	0	TRUE	9	9	2.39789527279837	3.8286413964891	4.75359019110636	1	4	6	1.79175946922805	2.19722457733622	2.56494935746154	0.979381443298969	0.429179587795415	0.326139969134323	0.2599627676385	0.219073454559397
phase18_rpl11_deep_dive_v1	Excitatory_neurons	RPL11	ribosomal	17	RPL23A	4.95415337600492	FALSE	0.243857649204699	0	0	TRUE	9	9	2.39789527279837	3.8286413964891	4.75359019110636	1	3	5	1.6094379124341	2.56494935746154	2.89037175789616	1	0.429179587795415	0.326139969134323	0.322747742153419	0.260274340270123
phase18_rpl11_deep_dive_v1	Excitatory_neurons	RPL11	ribosomal	18	RPL28	5.05588995357493	FALSE	0.619564807836377	0	0	TRUE	9	9	2.39789527279837	3.8286413964891	4.75359019110636	1	3	5	1.6094379124341	2.63905732961526	3.46573590279973	1	0.429179587795415	0.326139969134323	0.622787596736434	0.447867680185577
phase18_rpl11_deep_dive_v1	Excitatory_neurons	RPL11	ribosomal	19	RPL32	5.21963245976623	FALSE	1	0	0	TRUE	9	9	2.39789527279837	3.8286413964891	4.75359019110636	1	3	4	1.6094379124341	2.70805020110221	3.36729582998647	1	0.429179587795415	0.326139969134323	0.56100145497611	0.394161402567027
phase18_rpl11_deep_dive_v1	Excitatory_neurons	RPL11	ribosomal	20	RPS6	5.37307023353251	FALSE	0.0258626634979736	1	1	TRUE	9	9	2.39789527279837	3.8286413964891	4.75359019110636	1	3	4	1.6094379124341	2.30258509299405	2.89037175789616	1	0.429179587795415	0.326139969134323	0.387424259161267	0.307377088465631
phase18_rpl11_deep_dive_v1	Excitatory_neurons	RPL11	ribosomal	21	RPL36AL	5.37919924490721	FALSE	0.000291855575899433	6	4	TRUE	9	9	2.39789527279837	3.8286413964891	4.75359019110636	1	3	4	1.6094379124341	2.83321334405622	3.58351893845611	0.979381443298969	0.429179587795415	0.326139969134323	0.287536600180109	0.231214593138618
phase18_rpl11_deep_dive_v1	Excitatory_neurons	RPL11	ribosomal	22	RPL21	5.82062138800466	FALSE	0.476150414916867	0	0	TRUE	9	9	2.39789527279837	3.8286413964891	4.75359019110636	1	5	6	1.94591014905531	2.56494935746154	3.13549421592915	0.938144329896907	0.429179587795415	0.326139969134323	0.23376189966276	0.188969834073023
phase18_rpl11_deep_dive_v1	Excitatory_neurons	RPL11	ribosomal	23	RPL15	5.91583789040328	FALSE	0.000602604548643839	5	5	TRUE	9	9	2.39789527279837	3.8286413964891	4.75359019110636	1	5	6	1.94591014905531	3.29583686600433	4.0943445622221	1	0.429179587795415	0.326139969134323	1.02840473021445	0.579065977780547
phase18_rpl11_deep_dive_v1	Excitatory_neurons	RPL11	ribosomal	24	RPL31	6.02325423910501	FALSE	1	0	0	TRUE	9	9	2.39789527279837	3.8286413964891	4.75359019110636	1	3	4	1.6094379124341	1.94591014905531	2.19722457733622	0.979381443298969	0.429179587795415	0.326139969134323	0.520487300567514	0.412675057274043
phase18_rpl11_deep_dive_v1	Excitatory_neurons	RPL11	ribosomal	25	RPS7	6.1091814010278	FALSE	0.413005356978734	0	0	TRUE	9	9	2.39789527279837	3.8286413964891	4.75359019110636	1	2	3	1.38629436111989	2.484906649788	3.13549421592915	1	0.429179587795415	0.326139969134323	0.468465753590883	0.345625605091878
phase18_rpl11_deep_dive_v1	Excitatory_neurons	RPL11	ribosomal	26	RPL35	6.23598273106223	FALSE	1	0	0	TRUE	9	9	2.39789527279837	3.8286413964891	4.75359019110636	1	3	4	1.6094379124341	1.79175946922805	1.94591014905531	0.979381443298969	0.429179587795415	0.326139969134323	0.283932107522118	0.239839728535414
phase18_rpl11_deep_dive_v1	Excitatory_neurons	RPL11	ribosomal	27	RPL7A	6.24515713605273	FALSE	0.642048232186699	0	0	TRUE	9	9	2.39789527279837	3.8286413964891	4.75359019110636	1	2	3	1.38629436111989	2.19722457733622	2.99573227355399	1	0.429179587795415	0.326139969134323	0.446644773767616	0.319962040968914
phase18_rpl11_deep_dive_v1	Excitatory_neurons	RPL11	ribosomal	28	RPL7	6.25895793914778	FALSE	0.0828404284737239	0	0	TRUE	9	9	2.39789527279837	3.8286413964891	4.75359019110636	1	2	3	1.38629436111989	2.19722457733622	2.94443897916644	1	0.429179587795415	0.326139969134323	0.460369962923678	0.335086222597126
phase18_rpl11_deep_dive_v1	Excitatory_neurons	RPL11	ribosomal	29	RPL34	6.44948221935501	FALSE	0.334394093104814	0	0	TRUE	9	9	2.39789527279837	3.8286413964891	4.75359019110636	1	2	5	1.38629436111989	1.38629436111989	1.38629436111989	1	0.429179587795415	0.326139969134323	0.450060311186919	0.345022669976899
phase18_rpl11_deep_dive_v1	Excitatory_neurons	RPL11	ribosomal	30	RPS20	6.47073399105075	FALSE	1	0	0	TRUE	9	9	2.39789527279837	3.8286413964891	4.75359019110636	1	2	3	1.38629436111989	2.07944154167984	2.30258509299405	1	0.429179587795415	0.326139969134323	0.420770631497488	0.346949378372938
phase18_rpl11_deep_dive_v1	Excitatory_neurons	RPL11	ribosomal	31	RPS19BP1	6.47380229750714	FALSE	0.167271346628335	0	0	TRUE	9	9	2.39789527279837	3.8286413964891	4.75359019110636	1	4	5	1.79175946922805	2.56494935746154	3.04452243772342	0.938144329896907	0.429179587795415	0.326139969134323	0.193554872184919	0.163617802402155
phase18_rpl11_deep_dive_v1	Excitatory_neurons	RPL11	ribosomal	32	RPLP0	6.57828927168656	FALSE	1	0	0	TRUE	9	9	2.39789527279837	3.8286413964891	4.75359019110636	1	2	4	1.38629436111989	1.79175946922805	1.94591014905531	0.979381443298969	0.429179587795415	0.326139969134323	0.305197891585234	0.253990011790305
phase18_rpl11_deep_dive_v1	Excitatory_neurons	RPL11	ribosomal	33	RPS25	6.67434751704651	FALSE	0.44760941102517	0	0	TRUE	9	9	2.39789527279837	3.8286413964891	4.75359019110636	1	2	3	1.38629436111989	1.79175946922805	2.07944154167984	1	0.429179587795415	0.326139969134323	0.456482586349729	0.341090651150753
phase18_rpl11_deep_dive_v1	Excitatory_neurons	RPL11	ribosomal	34	RPL10A	6.71128488982512	FALSE	0.418304427321475	0	0	TRUE	9	9	2.39789527279837	3.8286413964891	4.75359019110636	1	2	3	1.38629436111989	2.07944154167984	2.07944154167984	0.979381443298969	0.429179587795415	0.326139969134323	0.354988947656772	0.278631749470395
phase18_rpl11_deep_dive_v1	Excitatory_neurons	RPL11	ribosomal	35	RPS9	6.76042014449088	FALSE	0.103187143356501	0	0	TRUE	9	9	2.39789527279837	3.8286413964891	4.75359019110636	1	2	3	1.38629436111989	1.79175946922805	1.79175946922805	1	0.429179587795415	0.326139969134323	0.407143737020055	0.32605561573191
phase18_rpl11_deep_dive_v1	Excitatory_neurons	RPL11	ribosomal	36	RPS19	6.8281809292772	FALSE	1	0	0	TRUE	9	9	2.39789527279837	3.8286413964891	4.75359019110636	1	2	3	1.38629436111989	1.79175946922805	1.79175946922805	1	0.429179587795415	0.326139969134323	0.517663764448182	0.391018279765728
phase18_rpl11_deep_dive_v1	Excitatory_neurons	RPL11	ribosomal	37	RPS16	7.02313963893276	FALSE	1	0	0	TRUE	9	9	2.39789527279837	3.8286413964891	4.75359019110636	1	2	4	1.38629436111989	1.38629436111989	1.38629436111989	0.979381443298969	0.429179587795415	0.326139969134323	0.290589949980943	0.241515293846994
phase18_rpl11_deep_dive_v1	Excitatory_neurons	RPL11	ribosomal	38	RPS6KL1	7.11399667790504	FALSE	0.505930467677803	0	0	TRUE	9	9	2.39789527279837	3.8286413964891	4.75359019110636	1	7	9	2.19722457733622	2.83321334405622	2.99573227355399	0.896907216494845	0.429179587795415	0.326139969134323	0.384749667249949	0.311273640520307
phase18_rpl11_deep_dive_v1	Excitatory_neurons	RPL11	ribosomal	39	RPL3	7.11825881280685	FALSE	1	0	0	TRUE	9	9	2.39789527279837	3.8286413964891	4.75359019110636	1	2	3	1.38629436111989	1.38629436111989	1.38629436111989	1	0.429179587795415	0.326139969134323	0.456320435758845	0.334463157692934
phase18_rpl11_deep_dive_v1	Excitatory_neurons	RPL11	ribosomal	40	RPL38	7.13077577572015	FALSE	0.148813834882021	0	0	TRUE	9	9	2.39789527279837	3.8286413964891	4.75359019110636	1	2	3	1.38629436111989	2.07944154167984	2.39789527279837	0.958762886597938	0.429179587795415	0.326139969134323	0.287246790858949	0.234378804290521
phase18_rpl11_deep_dive_v1	Excitatory_neurons	RPL11	ribosomal	41	RPS24	7.17499914008185	FALSE	0.154600099891641	0	0	TRUE	9	9	2.39789527279837	3.8286413964891	4.75359019110636	1	2	3	1.38629436111989	1.38629436111989	1.38629436111989	1	0.429179587795415	0.326139969134323	0.508697847626501	0.390031920094322
phase18_rpl11_deep_dive_v1	Excitatory_neurons	RPL11	ribosomal	42	RPL27A	7.26948940491267	FALSE	1	0	0	TRUE	9	9	2.39789527279837	3.8286413964891	4.75359019110636	1	1	3	1.09861228866811	1.6094379124341	2.39789527279837	1	0.429179587795415	0.326139969134323	0.306850297425237	0.257401531781103
phase18_rpl11_deep_dive_v1	Excitatory_neurons	RPL11	ribosomal	43	RPLP1	7.45167303303176	FALSE	1	0	0	TRUE	9	9	2.39789527279837	3.8286413964891	4.75359019110636	1	1	3	1.09861228866811	1.38629436111989	1.94591014905531	1	0.429179587795415	0.326139969134323	0.508859215937919	0.369971147302129
phase18_rpl11_deep_dive_v1	Excitatory_neurons	RPL11	ribosomal	44	RPSA	7.51027178856839	FALSE	1	0	0	TRUE	9	9	2.39789527279837	3.8286413964891	4.75359019110636	1	1	3	1.09861228866811	1.38629436111989	2.07944154167984	1	0.429179587795415	0.326139969134323	0.589404791246061	0.401158900721797
phase18_rpl11_deep_dive_v1	Excitatory_neurons	RPL11	ribosomal	45	RPS14	7.56077926124807	FALSE	1	0	0	TRUE	9	9	2.39789527279837	3.8286413964891	4.75359019110636	1	1	4	1.09861228866811	1.09861228866811	1.09861228866811	1	0.429179587795415	0.326139969134323	0.515894854261931	0.373255178627915
phase18_rpl11_deep_dive_v1	Excitatory_neurons	RPL11	ribosomal	46	RPL10	8.1215864872305	FALSE	1	0	0	TRUE	9	9	2.39789527279837	3.8286413964891	4.75359019110636	1	1	2	1.09861228866811	1.38629436111989	1.6094379124341	1	0.429179587795415	0.326139969134323	0.638087222516262	0.432343778457291
phase18_rpl11_deep_dive_v1	Excitatory_neurons	RPL11	ribosomal	47	RPS23	8.21727468681675	FALSE	1	0	0	TRUE	9	9	2.39789527279837	3.8286413964891	4.75359019110636	1	1	2	1.09861228866811	1.09861228866811	1.09861228866811	1	0.429179587795415	0.326139969134323	0.463993999746683	0.343333684805843
phase18_rpl11_deep_dive_v1	Excitatory_neurons	RPL11	ribosomal	48	RPS27	10.9048756711138	FALSE	1	0	0	TRUE	9	9	2.39789527279837	3.8286413964891	4.75359019110636	1	1	2	1.09861228866811	1.09861228866811	1.09861228866811	0.896907216494845	0.429179587795415	0.326139969134323	0.196084808534653	0.167556531158038
phase18_rpl11_deep_dive_v1	Excitatory_neurons	RPL11	ribosomal	49	RPS6KB2	11.4973020269709	FALSE	1	0	0	TRUE	9	9	2.39789527279837	3.8286413964891	4.75359019110636	1	1	2	1.09861228866811	1.38629436111989	1.94591014905531	0.876288659793814	0.429179587795415	0.326139969134323	0.188455868700932	0.176373378833047
phase18_rpl11_deep_dive_v1	Excitatory_neurons	RPL11	ribosomal	50	RPS6KA5	12.2198145286796	FALSE	1	0	0	TRUE	9	9	2.39789527279837	3.8286413964891	4.75359019110636	1	1	2	1.09861228866811	1.6094379124341	1.79175946922805	0.938144329896907	0.429179587795415	0.326139969134323	1.45070871089333	0.744491626966249
phase18_rpl11_deep_dive_v1	Excitatory_neurons	RPL11	ribosomal	51	RPS15A	12.572398602572	FALSE	1	0	0	TRUE	9	9	2.39789527279837	3.8286413964891	4.75359019110636	1	1	3	1.09861228866811	1.09861228866811	1.09861228866811	0.855670103092783	0.429179587795415	0.326139969134323	0.168981662300376	0.150936993759765
phase18_rpl11_deep_dive_v1	Excitatory_neurons	RPL11	ribosomal	52	RPS6KC1	12.7937364937271	FALSE	0.468425854073858	0	0	TRUE	9	9	2.39789527279837	3.8286413964891	4.75359019110636	1	3	5	1.6094379124341	2.30258509299405	2.63905732961526	1	0.429179587795415	0.326139969134323	1.92464228464093	0.815556492815582
phase18_rpl11_deep_dive_v1	Excitatory_neurons	RPL11	ribosomal	53	RPS6KA2	13.0140857791049	FALSE	1	0	0	TRUE	9	9	2.39789527279837	3.8286413964891	4.75359019110636	1	1	3	1.09861228866811	1.09861228866811	1.09861228866811	1	0.429179587795415	0.326139969134323	1.7872530385398	0.716119168352137
phase18_rpl11_deep_dive_v1	Astrocytes	RPL11	topology	1	NDRG1	0.498385885165447	FALSE	0.469108230733071	0	0	FALSE	3	4	1.6094379124341	3.25809653802148	4.68213122712422	0.952380952380952	3	4	1.6094379124341	3.04452243772342	4.26267987704132	1	NA	NA	NA	NA
phase18_rpl11_deep_dive_v1	Astrocytes	RPL11	topology	2	LINC00882	0.67814985642108	FALSE	0.61444292080266	0	0	FALSE	3	4	1.6094379124341	3.25809653802148	4.68213122712422	0.952380952380952	3	4	1.6094379124341	3.2188758248682	3.98898404656427	1	NA	NA	NA	NA
phase18_rpl11_deep_dive_v1	Astrocytes	RPL11	topology	3	SORCS2	0.712807658274271	FALSE	0.195308909552042	0	0	FALSE	3	4	1.6094379124341	3.25809653802148	4.68213122712422	0.952380952380952	3	4	1.6094379124341	3.25809653802148	3.95124371858143	1	NA	NA	NA	NA
phase18_rpl11_deep_dive_v1	Astrocytes	RPL11	topology	4	FGF2	0.713449653233037	FALSE	0.574876625542583	0	0	FALSE	3	4	1.6094379124341	3.25809653802148	4.68213122712422	0.952380952380952	3	4	1.6094379124341	2.99573227355399	4.04305126783455	1	NA	NA	NA	NA
phase18_rpl11_deep_dive_v1	Astrocytes	RPL11	topology	5	MGAT4C	0.838568513543644	FALSE	0.440561308725201	0	0	FALSE	3	4	1.6094379124341	3.25809653802148	4.68213122712422	0.952380952380952	3	4	1.6094379124341	3.17805383034795	3.8286413964891	1	NA	NA	NA	NA
phase18_rpl11_deep_dive_v1	Astrocytes	RPL11	topology	6	AC079385.1	1.00643694555696	FALSE	0.0587240181312955	0	0	FALSE	3	4	1.6094379124341	3.25809653802148	4.68213122712422	0.952380952380952	4	5	1.79175946922805	3.25809653802148	4.15888308335967	1	NA	NA	NA	NA
phase18_rpl11_deep_dive_v1	Astrocytes	RPL11	topology	7	ZBTB16	1.055577515004	FALSE	0.786801985837242	0	0	FALSE	3	4	1.6094379124341	3.25809653802148	4.68213122712422	0.952380952380952	2	3	1.38629436111989	3.04452243772342	4.23410650459726	1	NA	NA	NA	NA
phase18_rpl11_deep_dive_v1	Astrocytes	RPL11	topology	8	TNRC6B	1.08267021418663	FALSE	1	0	0	FALSE	3	4	1.6094379124341	3.25809653802148	4.68213122712422	0.952380952380952	3	4	1.6094379124341	2.89037175789616	3.68887945411394	1	NA	NA	NA	NA
phase18_rpl11_deep_dive_v1	Astrocytes	RPL11	topology	9	SH3RF1	1.13720091339159	FALSE	0.521288360580798	0	0	FALSE	3	4	1.6094379124341	3.25809653802148	4.68213122712422	0.952380952380952	3	4	1.6094379124341	2.70805020110221	3.78418963391826	1	NA	NA	NA	NA
phase18_rpl11_deep_dive_v1	Astrocytes	RPL11	topology	10	SMTN	1.19562280401449	FALSE	0.396067124112984	0	0	FALSE	3	4	1.6094379124341	3.25809653802148	4.68213122712422	0.952380952380952	3	4	1.6094379124341	3.13549421592915	3.46573590279973	0.904761904761905	NA	NA	NA	NA
phase18_rpl11_deep_dive_v1	Astrocytes	RPL11	topology	11	MEIS2	1.27687702406574	FALSE	0.159801235217495	0	0	FALSE	3	4	1.6094379124341	3.25809653802148	4.68213122712422	0.952380952380952	4	6	1.79175946922805	3.29583686600433	3.93182563272433	1	NA	NA	NA	NA
phase18_rpl11_deep_dive_v1	Astrocytes	RPL11	topology	12	LAMA5	1.29457785778293	FALSE	0.251053605263823	0	0	FALSE	3	4	1.6094379124341	3.25809653802148	4.68213122712422	0.952380952380952	3	4	1.6094379124341	2.99573227355399	3.40119738166216	1	NA	NA	NA	NA
phase18_rpl11_deep_dive_v1	Astrocytes	RPL11	topology	13	PARD3B	1.29541227166975	FALSE	0.615067762678576	0	0	FALSE	3	4	1.6094379124341	3.25809653802148	4.68213122712422	0.952380952380952	3	4	1.6094379124341	2.77258872223978	3.52636052461616	1	NA	NA	NA	NA
phase18_rpl11_deep_dive_v1	Astrocytes	RPL11	topology	14	TUBB4B	1.30007008159482	FALSE	0.652599655595102	0	0	FALSE	3	4	1.6094379124341	3.25809653802148	4.68213122712422	0.952380952380952	2	3	1.38629436111989	2.83321334405622	3.93182563272433	0.952380952380952	NA	NA	NA	NA
phase18_rpl11_deep_dive_v1	Astrocytes	RPL11	topology	15	AP000311.1	1.30920957082184	FALSE	0.331565964638675	0	0	FALSE	3	4	1.6094379124341	3.25809653802148	4.68213122712422	0.952380952380952	4	5	1.79175946922805	3.13549421592915	3.68887945411394	1	NA	NA	NA	NA
phase18_rpl11_deep_dive_v1	Astrocytes	RPL11	topology	16	HEPACAM	1.4219270348487	FALSE	0.172982303696983	0	0	FALSE	3	4	1.6094379124341	3.25809653802148	4.68213122712422	0.952380952380952	2	4	1.38629436111989	2.70805020110221	3.78418963391826	1	NA	NA	NA	NA
phase18_rpl11_deep_dive_v1	Astrocytes	RPL11	topology	17	FOXO1	1.4348121225115	FALSE	0.518261774448415	0	0	FALSE	3	4	1.6094379124341	3.25809653802148	4.68213122712422	0.952380952380952	2	3	1.38629436111989	2.77258872223978	3.76120011569356	1	NA	NA	NA	NA
phase18_rpl11_deep_dive_v1	Astrocytes	RPL11	topology	18	SPAG9	1.49431532645728	FALSE	0.636328818508148	0	0	FALSE	3	4	1.6094379124341	3.25809653802148	4.68213122712422	0.952380952380952	3	4	1.6094379124341	2.77258872223978	3.29583686600433	1	NA	NA	NA	NA
phase18_rpl11_deep_dive_v1	Astrocytes	RPL11	topology	19	KCNMB2-AS1	1.53258179438434	FALSE	0.042260750631639	0	0	FALSE	3	4	1.6094379124341	3.25809653802148	4.68213122712422	0.952380952380952	4	5	1.79175946922805	2.99573227355399	3.43398720448515	1	NA	NA	NA	NA
phase18_rpl11_deep_dive_v1	Astrocytes	RPL11	topology	20	RAPGEF2	1.53280715049669	FALSE	1	0	0	FALSE	3	4	1.6094379124341	3.25809653802148	4.68213122712422	0.952380952380952	3	4	1.6094379124341	2.70805020110221	3.29583686600433	1	NA	NA	NA	NA
phase18_rpl11_deep_dive_v1	Astrocytes	RPL11	topology	21	FER	1.53378789548742	FALSE	0.612419437810577	0	0	FALSE	3	4	1.6094379124341	3.25809653802148	4.68213122712422	0.952380952380952	3	5	1.6094379124341	4.31748811353631	5.2257466737132	1	NA	NA	NA	NA
phase18_rpl11_deep_dive_v1	Astrocytes	RPL11	topology	22	DST	1.55472784727391	FALSE	1	0	0	FALSE	3	4	1.6094379124341	3.25809653802148	4.68213122712422	0.952380952380952	4	6	1.79175946922805	2.89037175789616	3.61091791264422	1	NA	NA	NA	NA
phase18_rpl11_deep_dive_v1	Astrocytes	RPL11	topology	23	OPHN1	1.56292568379811	FALSE	0.686520667394345	0	0	FALSE	3	4	1.6094379124341	3.25809653802148	4.68213122712422	0.952380952380952	4	6	1.79175946922805	2.83321334405622	3.63758615972639	1	NA	NA	NA	NA
phase18_rpl11_deep_dive_v1	Astrocytes	RPL11	topology	24	LMO3	1.59959919230074	FALSE	0.605729280560372	0	0	FALSE	3	4	1.6094379124341	3.25809653802148	4.68213122712422	0.952380952380952	4	5	1.79175946922805	3.04452243772342	3.3322045101752	1	NA	NA	NA	NA
phase18_rpl11_deep_dive_v1	Astrocytes	RPL11	topology	25	GPC5	1.600677942104	FALSE	0.564239731559813	0	0	FALSE	3	4	1.6094379124341	3.25809653802148	4.68213122712422	0.952380952380952	4	5	1.79175946922805	2.94443897916644	3.36729582998647	1	NA	NA	NA	NA
phase18_rpl11_deep_dive_v1	Astrocytes	RPL11	topology	26	SLC1A2	1.61738052227608	FALSE	0.0306025398509798	0	0	FALSE	3	4	1.6094379124341	3.25809653802148	4.68213122712422	0.952380952380952	4	6	1.79175946922805	2.99573227355399	3.46573590279973	1	NA	NA	NA	NA
phase18_rpl11_deep_dive_v1	Astrocytes	RPL11	topology	27	ST3GAL1	1.66356515850012	FALSE	0.538931231937978	0	0	FALSE	3	4	1.6094379124341	3.25809653802148	4.68213122712422	0.952380952380952	3	4	1.6094379124341	2.39789527279837	3.43398720448515	1	NA	NA	NA	NA
phase18_rpl11_deep_dive_v1	Astrocytes	RPL11	topology	28	FAM193A	1.66900854564709	FALSE	1	0	0	FALSE	3	4	1.6094379124341	3.25809653802148	4.68213122712422	0.952380952380952	3	5	1.6094379124341	2.70805020110221	3.17805383034795	1	NA	NA	NA	NA
phase18_rpl11_deep_dive_v1	Astrocytes	RPL11	topology	29	ATP1B2	1.67190037636503	FALSE	1	0	0	FALSE	3	4	1.6094379124341	3.25809653802148	4.68213122712422	0.952380952380952	3	5	1.6094379124341	2.484906649788	3.36729582998647	1	NA	NA	NA	NA
phase18_rpl11_deep_dive_v1	Astrocytes	RPL11	topology	30	KLF7	1.67605734902679	FALSE	0.445386565159682	0	0	FALSE	3	4	1.6094379124341	3.25809653802148	4.68213122712422	0.952380952380952	4	5	1.79175946922805	2.89037175789616	3.29583686600433	1	NA	NA	NA	NA
phase18_rpl11_deep_dive_v1	Astrocytes	RPL11	topology	31	ETNPPL	1.67640922681673	FALSE	0.138351380019927	0	0	FALSE	3	4	1.6094379124341	3.25809653802148	4.68213122712422	0.952380952380952	3	4	1.6094379124341	2.77258872223978	3.09104245335832	1	NA	NA	NA	NA
phase18_rpl11_deep_dive_v1	Astrocytes	RPL11	topology	32	FBXO2	1.70392875813597	FALSE	0.203660317806649	0	0	FALSE	3	4	1.6094379124341	3.25809653802148	4.68213122712422	0.952380952380952	4	6	1.79175946922805	2.94443897916644	3.36729582998647	1	NA	NA	NA	NA
phase18_rpl11_deep_dive_v1	Astrocytes	RPL11	topology	33	CADM1	1.70666428110134	FALSE	0.467392471837298	0	0	FALSE	3	4	1.6094379124341	3.25809653802148	4.68213122712422	0.952380952380952	5	5	1.94591014905531	3.04452243772342	4.14313472639153	1	NA	NA	NA	NA
phase18_rpl11_deep_dive_v1	Astrocytes	RPL11	topology	34	EEF1D	1.70825278474067	FALSE	0.428453712375295	0	0	FALSE	3	4	1.6094379124341	3.25809653802148	4.68213122712422	0.952380952380952	4	5	1.79175946922805	2.70805020110221	3.36729582998647	1	NA	NA	NA	NA
phase18_rpl11_deep_dive_v1	Astrocytes	RPL11	topology	35	CNN3	1.7249416362065	FALSE	1	0	0	FALSE	3	4	1.6094379124341	3.25809653802148	4.68213122712422	0.952380952380952	4	5	1.79175946922805	2.63905732961526	3.40119738166216	1	NA	NA	NA	NA
phase18_rpl11_deep_dive_v1	Astrocytes	RPL11	topology	36	TPD52L1	1.7461829236967	FALSE	1	0	0	FALSE	3	4	1.6094379124341	3.25809653802148	4.68213122712422	0.952380952380952	3	5	1.6094379124341	2.63905732961526	3.13549421592915	1	NA	NA	NA	NA
phase18_rpl11_deep_dive_v1	Astrocytes	RPL11	topology	37	KMT2C	1.78584100479547	FALSE	0.543755792006818	0	0	FALSE	3	4	1.6094379124341	3.25809653802148	4.68213122712422	0.952380952380952	2	3	1.38629436111989	3.04452243772342	3.13549421592915	1	NA	NA	NA	NA
phase18_rpl11_deep_dive_v1	Astrocytes	RPL11	topology	38	TOM1L1	1.79662286332371	FALSE	0.335780994817735	0	0	FALSE	3	4	1.6094379124341	3.25809653802148	4.68213122712422	0.952380952380952	3	4	1.6094379124341	2.63905732961526	3.04452243772342	0.80952380952381	NA	NA	NA	NA
phase18_rpl11_deep_dive_v1	Astrocytes	RPL11	topology	39	OTUD7B	1.82188769395679	FALSE	1	0	0	FALSE	3	4	1.6094379124341	3.25809653802148	4.68213122712422	0.952380952380952	2	5	1.38629436111989	2.56494935746154	3.36729582998647	1	NA	NA	NA	NA
phase18_rpl11_deep_dive_v1	Astrocytes	RPL11	topology	40	SESN1	1.83082090233284	FALSE	0.0739187755925834	0	0	FALSE	3	4	1.6094379124341	3.25809653802148	4.68213122712422	0.952380952380952	5	6	1.94591014905531	3.52636052461616	4.0943445622221	1	NA	NA	NA	NA
phase18_rpl11_deep_dive_v1	Astrocytes	RPL11	topology	41	TCF7L2	1.84329070814382	FALSE	0.514821879967899	0	0	FALSE	3	4	1.6094379124341	3.25809653802148	4.68213122712422	0.952380952380952	2	3	1.38629436111989	2.77258872223978	3.17805383034795	1	NA	NA	NA	NA
phase18_rpl11_deep_dive_v1	Astrocytes	RPL11	topology	42	RPS27A	1.84406156527613	FALSE	0.430091747546007	0	0	TRUE	3	4	1.6094379124341	3.25809653802148	4.68213122712422	0.952380952380952	5	6	1.94591014905531	2.77258872223978	4.36944785246702	0.952380952380952	NA	NA	NA	NA
phase18_rpl11_deep_dive_v1	Astrocytes	RPL11	topology	43	PCDH7	1.87463065707834	FALSE	1	0	0	FALSE	3	4	1.6094379124341	3.25809653802148	4.68213122712422	0.952380952380952	2	3	1.38629436111989	2.70805020110221	3.17805383034795	1	NA	NA	NA	NA
phase18_rpl11_deep_dive_v1	Astrocytes	RPL11	topology	44	PPFIA1	1.88216107792585	FALSE	1	0	0	FALSE	3	4	1.6094379124341	3.25809653802148	4.68213122712422	0.952380952380952	4	6	1.79175946922805	2.70805020110221	3.25809653802148	1	NA	NA	NA	NA
phase18_rpl11_deep_dive_v1	Astrocytes	RPL11	topology	45	DAAM2	1.8994066057096	FALSE	1	0	0	FALSE	3	4	1.6094379124341	3.25809653802148	4.68213122712422	0.952380952380952	4	5	1.79175946922805	2.83321334405622	3.04452243772342	1	NA	NA	NA	NA
phase18_rpl11_deep_dive_v1	Astrocytes	RPL11	topology	46	PIK3R1	1.90127539478992	FALSE	0.0892310572618461	0	0	FALSE	3	4	1.6094379124341	3.25809653802148	4.68213122712422	0.952380952380952	5	6	1.94591014905531	2.89037175789616	3.97029191355212	1	NA	NA	NA	NA
phase18_rpl11_deep_dive_v1	Astrocytes	RPL11	topology	47	CAMK2G	1.91259933669636	FALSE	0.346164081249824	0	0	FALSE	3	4	1.6094379124341	3.25809653802148	4.68213122712422	0.952380952380952	4	6	1.79175946922805	2.56494935746154	3.3322045101752	1	NA	NA	NA	NA
phase18_rpl11_deep_dive_v1	Astrocytes	RPL11	topology	48	AC138627.1	1.92190863725765	FALSE	0.464656540172352	0	0	FALSE	3	4	1.6094379124341	3.25809653802148	4.68213122712422	0.952380952380952	5	7	1.94591014905531	3.40119738166216	4.23410650459726	1	NA	NA	NA	NA
phase18_rpl11_deep_dive_v1	Astrocytes	RPL11	topology	49	KIF1B	1.94847529392409	FALSE	0.647866405353983	0	0	FALSE	3	4	1.6094379124341	3.25809653802148	4.68213122712422	0.952380952380952	5	6	1.94591014905531	2.94443897916644	3.80666248977032	1	NA	NA	NA	NA
phase18_rpl11_deep_dive_v1	Astrocytes	RPL11	topology	50	ITM2C	1.9628274532487	FALSE	0.292466501590572	0	0	FALSE	3	4	1.6094379124341	3.25809653802148	4.68213122712422	0.952380952380952	4	6	1.79175946922805	2.56494935746154	3.25809653802148	1	NA	NA	NA	NA
phase18_rpl11_deep_dive_v1	Astrocytes	RPL11	topology	51	LINC02427	1.98679223943185	FALSE	0.478871313441435	0	0	FALSE	3	4	1.6094379124341	3.25809653802148	4.68213122712422	0.952380952380952	2	3	1.38629436111989	2.56494935746154	3.13549421592915	0.904761904761905	NA	NA	NA	NA
phase18_rpl11_deep_dive_v1	Astrocytes	RPL11	topology	52	PFKFB3	1.99838704843677	FALSE	1	0	0	FALSE	3	4	1.6094379124341	3.25809653802148	4.68213122712422	0.952380952380952	3	5	1.6094379124341	2.56494935746154	2.89037175789616	1	NA	NA	NA	NA
phase18_rpl11_deep_dive_v1	Astrocytes	RPL11	topology	53	ENTPD1	2.01770325939923	FALSE	0.154226397442551	0	0	FALSE	3	4	1.6094379124341	3.25809653802148	4.68213122712422	0.952380952380952	4	5	1.79175946922805	2.39789527279837	3.2188758248682	1	NA	NA	NA	NA
phase18_rpl11_deep_dive_v1	Astrocytes	RPL11	topology	54	PEAK1	2.02689680421284	FALSE	1	0	0	FALSE	3	4	1.6094379124341	3.25809653802148	4.68213122712422	0.952380952380952	4	5	1.79175946922805	2.83321334405622	2.89037175789616	1	NA	NA	NA	NA
phase18_rpl11_deep_dive_v1	Astrocytes	RPL11	topology	55	MYLK	2.04180827873429	FALSE	0.483409902826182	0	0	FALSE	3	4	1.6094379124341	3.25809653802148	4.68213122712422	0.952380952380952	1	2	1.09861228866811	3.2188758248682	3.98898404656427	1	NA	NA	NA	NA
phase18_rpl11_deep_dive_v1	Astrocytes	RPL11	topology	56	POU2F1	2.05049621112286	FALSE	1	0	0	FALSE	3	4	1.6094379124341	3.25809653802148	4.68213122712422	0.952380952380952	4	5	1.79175946922805	2.77258872223978	2.89037175789616	1	NA	NA	NA	NA
phase18_rpl11_deep_dive_v1	Astrocytes	RPL11	topology	57	MEGF9	2.07049271379454	FALSE	1	0	0	FALSE	3	4	1.6094379124341	3.25809653802148	4.68213122712422	0.952380952380952	3	4	1.6094379124341	2.30258509299405	2.99573227355399	1	NA	NA	NA	NA
phase18_rpl11_deep_dive_v1	Astrocytes	RPL11	topology	58	GRM3	2.07049271379454	FALSE	0.569157599894519	0	0	FALSE	3	4	1.6094379124341	3.25809653802148	4.68213122712422	0.952380952380952	3	4	1.6094379124341	2.30258509299405	2.99573227355399	1	NA	NA	NA	NA
phase18_rpl11_deep_dive_v1	Astrocytes	RPL11	topology	59	ELL2	2.0737854765554	FALSE	0.0681633140198926	0	0	FALSE	3	4	1.6094379124341	3.25809653802148	4.68213122712422	0.952380952380952	5	6	1.94591014905531	2.83321334405622	3.61091791264422	1	NA	NA	NA	NA
phase18_rpl11_deep_dive_v1	Astrocytes	RPL11	topology	60	CPEB4	2.10048567774384	FALSE	1	0	0	FALSE	3	4	1.6094379124341	3.25809653802148	4.68213122712422	0.952380952380952	2	3	1.38629436111989	2.70805020110221	2.89037175789616	1	NA	NA	NA	NA
phase18_rpl11_deep_dive_v1	Astrocytes	RPL11	topology	61	FTX	2.10048567774384	FALSE	1	0	0	FALSE	3	4	1.6094379124341	3.25809653802148	4.68213122712422	0.952380952380952	2	3	1.38629436111989	2.70805020110221	2.89037175789616	1	NA	NA	NA	NA
phase18_rpl11_deep_dive_v1	Astrocytes	RPL11	topology	62	SOX5	2.10386854232225	FALSE	1	0	0	FALSE	3	4	1.6094379124341	3.25809653802148	4.68213122712422	0.952380952380952	2	3	1.38629436111989	2.484906649788	3.04452243772342	1	NA	NA	NA	NA
phase18_rpl11_deep_dive_v1	Astrocytes	RPL11	topology	63	ADGRG1	2.11223136195166	FALSE	1	0	0	FALSE	3	4	1.6094379124341	3.25809653802148	4.68213122712422	0.952380952380952	5	7	1.94591014905531	3.17805383034795	3.66356164612965	1	NA	NA	NA	NA
phase18_rpl11_deep_dive_v1	Astrocytes	RPL11	topology	64	CTXND1	2.11331363278174	FALSE	0.480086471748933	0	0	FALSE	3	4	1.6094379124341	3.25809653802148	4.68213122712422	0.952380952380952	2	4	1.38629436111989	2.484906649788	2.99573227355399	1	NA	NA	NA	NA
phase18_rpl11_deep_dive_v1	Astrocytes	RPL11	topology	65	GABRB1	2.11462114368402	FALSE	0.547922554981033	0	0	FALSE	3	4	1.6094379124341	3.25809653802148	4.68213122712422	0.952380952380952	4	7	1.79175946922805	2.77258872223978	3.09104245335832	1	NA	NA	NA	NA
phase18_rpl11_deep_dive_v1	Astrocytes	RPL11	topology	66	ARHGAP35	2.11521724654353	FALSE	1	0	0	FALSE	3	4	1.6094379124341	3.25809653802148	4.68213122712422	0.952380952380952	3	5	1.6094379124341	2.63905732961526	2.70805020110221	1	NA	NA	NA	NA
phase18_rpl11_deep_dive_v1	Astrocytes	RPL11	topology	67	DPH6	2.11816152849327	FALSE	0.523109040616947	0	0	FALSE	3	4	1.6094379124341	3.25809653802148	4.68213122712422	0.952380952380952	5	5	1.94591014905531	2.70805020110221	3.46573590279973	1	NA	NA	NA	NA
phase18_rpl11_deep_dive_v1	Astrocytes	RPL11	topology	68	ZBTB20	2.12067011803918	FALSE	0.480086471748933	0	0	FALSE	3	4	1.6094379124341	3.25809653802148	4.68213122712422	0.952380952380952	3	4	1.6094379124341	2.484906649788	2.77258872223978	1	NA	NA	NA	NA
phase18_rpl11_deep_dive_v1	Astrocytes	RPL11	topology	69	SLC9A9	2.12363049058675	FALSE	0.396626203029265	0	0	FALSE	3	4	1.6094379124341	3.25809653802148	4.68213122712422	0.952380952380952	5	5	1.94591014905531	2.83321334405622	3.36729582998647	1	NA	NA	NA	NA
phase18_rpl11_deep_dive_v1	Astrocytes	RPL11	topology	70	ZFHX3	2.14005349387719	FALSE	0.382104100235128	0	0	FALSE	3	4	1.6094379124341	3.25809653802148	4.68213122712422	0.952380952380952	2	3	1.38629436111989	2.484906649788	2.99573227355399	1	NA	NA	NA	NA
phase18_rpl11_deep_dive_v1	Astrocytes	RPL11	topology	71	HSPA8	2.15757936157576	FALSE	0.164523724744093	0	0	FALSE	3	4	1.6094379124341	3.25809653802148	4.68213122712422	0.952380952380952	4	5	1.79175946922805	2.484906649788	2.94443897916644	1	NA	NA	NA	NA
phase18_rpl11_deep_dive_v1	Astrocytes	RPL11	topology	72	GABARAPL2	2.17055111285701	FALSE	0.212562719613444	0	0	FALSE	3	4	1.6094379124341	3.25809653802148	4.68213122712422	0.952380952380952	5	6	1.94591014905531	2.77258872223978	3.46573590279973	1	NA	NA	NA	NA
phase18_rpl11_deep_dive_v1	Astrocytes	RPL11	topology	73	SLC4A4	2.17129572481156	FALSE	0.398201376126237	0	0	FALSE	3	4	1.6094379124341	3.25809653802148	4.68213122712422	0.952380952380952	4	4	1.79175946922805	2.56494935746154	2.83321334405622	1	NA	NA	NA	NA
phase18_rpl11_deep_dive_v1	Astrocytes	RPL11	topology	74	SUGT1	2.17938235538127	FALSE	0.468988886329097	0	0	FALSE	3	4	1.6094379124341	3.25809653802148	4.68213122712422	0.952380952380952	2	3	1.38629436111989	2.63905732961526	2.83321334405622	1	NA	NA	NA	NA
phase18_rpl11_deep_dive_v1	Astrocytes	RPL11	topology	75	ZHX2	2.19733010054015	FALSE	0.548659243939416	0	0	FALSE	3	4	1.6094379124341	3.25809653802148	4.68213122712422	0.952380952380952	4	5	1.79175946922805	2.56494935746154	2.83321334405622	1	NA	NA	NA	NA
phase18_rpl11_deep_dive_v1	Astrocytes	RPL11	topology	76	C3orf70	2.22249483487676	FALSE	0.31916715908271	0	0	FALSE	3	4	1.6094379124341	3.25809653802148	4.68213122712422	0.952380952380952	5	6	1.94591014905531	2.99573227355399	3.25809653802148	1	NA	NA	NA	NA
phase18_rpl11_deep_dive_v1	Astrocytes	RPL11	topology	77	HIP1R	2.22461521362425	FALSE	0.0670719672869351	0	0	FALSE	3	4	1.6094379124341	3.25809653802148	4.68213122712422	0.952380952380952	2	3	1.38629436111989	2.19722457733622	3.17805383034795	1	NA	NA	NA	NA
phase18_rpl11_deep_dive_v1	Astrocytes	RPL11	topology	78	ASPH	2.2296155289455	FALSE	0.384418609216755	0	0	FALSE	3	4	1.6094379124341	3.25809653802148	4.68213122712422	0.952380952380952	4	5	1.79175946922805	2.70805020110221	2.70805020110221	1	NA	NA	NA	NA
phase18_rpl11_deep_dive_v1	Astrocytes	RPL11	topology	79	VEGFA	2.23539941433594	FALSE	0.00583501418389732	1	1	FALSE	3	4	1.6094379124341	3.25809653802148	4.68213122712422	0.952380952380952	3	4	1.6094379124341	2.484906649788	2.63905732961526	1	NA	NA	NA	NA
phase18_rpl11_deep_dive_v1	Astrocytes	RPL11	topology	80	TRIM47	2.23539941433594	FALSE	0.464441730615384	0	0	FALSE	3	4	1.6094379124341	3.25809653802148	4.68213122712422	0.952380952380952	3	4	1.6094379124341	2.484906649788	2.63905732961526	1	NA	NA	NA	NA
phase18_rpl11_deep_dive_v1	Astrocytes	RPL11	topology	81	AGBL4	2.24588828567933	FALSE	1	0	0	FALSE	3	4	1.6094379124341	3.25809653802148	4.68213122712422	0.952380952380952	4	5	1.79175946922805	2.56494935746154	2.77258872223978	1	NA	NA	NA	NA
phase18_rpl11_deep_dive_v1	Astrocytes	RPL11	topology	82	TOM1L2	2.25468976472717	FALSE	0.539119204138321	0	0	FALSE	3	4	1.6094379124341	3.25809653802148	4.68213122712422	0.952380952380952	4	5	1.79175946922805	2.39789527279837	2.89037175789616	1	NA	NA	NA	NA
phase18_rpl11_deep_dive_v1	Astrocytes	RPL11	topology	83	AC025159.1	2.26798885791873	FALSE	0.622388976151046	0	0	FALSE	3	4	1.6094379124341	3.25809653802148	4.68213122712422	0.952380952380952	5	6	1.94591014905531	2.484906649788	3.55534806148941	1	NA	NA	NA	NA
phase18_rpl11_deep_dive_v1	Astrocytes	RPL11	topology	84	ARHGAP26	2.28136907226511	FALSE	1	0	0	FALSE	3	4	1.6094379124341	3.25809653802148	4.68213122712422	0.952380952380952	4	5	1.79175946922805	2.30258509299405	2.94443897916644	1	NA	NA	NA	NA
phase18_rpl11_deep_dive_v1	Astrocytes	RPL11	topology	85	MTMR1	2.2901515969778	FALSE	0.15386955579278	0	0	FALSE	3	4	1.6094379124341	3.25809653802148	4.68213122712422	0.952380952380952	3	4	1.6094379124341	2.39789527279837	2.63905732961526	1	NA	NA	NA	NA
phase18_rpl11_deep_dive_v1	Astrocytes	RPL11	topology	86	EMID1	2.2909912408966	FALSE	0.298263045901339	0	0	FALSE	3	4	1.6094379124341	3.25809653802148	4.68213122712422	0.952380952380952	4	5	1.79175946922805	2.484906649788	2.77258872223978	1	NA	NA	NA	NA
phase18_rpl11_deep_dive_v1	Astrocytes	RPL11	topology	87	FAM168A	2.30026568892211	FALSE	0.341112335525763	0	0	FALSE	3	4	1.6094379124341	3.25809653802148	4.68213122712422	0.952380952380952	1	2	1.09861228866811	3.13549421592915	3.40119738166216	1	NA	NA	NA	NA
phase18_rpl11_deep_dive_v1	Astrocytes	RPL11	topology	88	SLC9B1	2.35148219937061	FALSE	0.252438920252772	0	0	FALSE	3	4	1.6094379124341	3.25809653802148	4.68213122712422	0.952380952380952	2	3	1.38629436111989	2.07944154167984	3.13549421592915	0.952380952380952	NA	NA	NA	NA
phase18_rpl11_deep_dive_v1	Astrocytes	RPL11	topology	89	FGFRL1	2.35177825949825	FALSE	1	0	0	FALSE	3	4	1.6094379124341	3.25809653802148	4.68213122712422	0.952380952380952	3	5	1.6094379124341	2.19722457733622	2.77258872223978	1	NA	NA	NA	NA
phase18_rpl11_deep_dive_v1	Astrocytes	RPL11	topology	90	ARIH1	2.36979800233712	FALSE	1	0	0	FALSE	3	4	1.6094379124341	3.25809653802148	4.68213122712422	0.952380952380952	3	4	1.6094379124341	2.484906649788	2.484906649788	1	NA	NA	NA	NA
phase18_rpl11_deep_dive_v1	Astrocytes	RPL11	topology	91	HMGCS1	2.37791064567717	FALSE	0.0564932581268162	0	0	FALSE	3	4	1.6094379124341	3.25809653802148	4.68213122712422	0.952380952380952	3	4	1.6094379124341	2.19722457733622	2.70805020110221	1	NA	NA	NA	NA
phase18_rpl11_deep_dive_v1	Astrocytes	RPL11	topology	92	PFDN5	2.37933880719109	FALSE	0.0055772076720301	0	0	FALSE	3	4	1.6094379124341	3.25809653802148	4.68213122712422	0.952380952380952	3	4	1.6094379124341	2.07944154167984	2.83321334405622	1	NA	NA	NA	NA
phase18_rpl11_deep_dive_v1	Astrocytes	RPL11	topology	93	GPCPD1	2.39861860221313	FALSE	0.168536241301051	0	0	FALSE	3	4	1.6094379124341	3.25809653802148	4.68213122712422	0.952380952380952	5	6	1.94591014905531	2.83321334405622	3.04452243772342	1	NA	NA	NA	NA
phase18_rpl11_deep_dive_v1	Astrocytes	RPL11	topology	94	AL365273.2	2.40384639615988	FALSE	0.284099425034258	0	0	FALSE	3	4	1.6094379124341	3.25809653802148	4.68213122712422	0.952380952380952	5	5	1.94591014905531	2.70805020110221	2.99573227355399	1	NA	NA	NA	NA
phase18_rpl11_deep_dive_v1	Astrocytes	RPL11	topology	95	MYH9	2.41628673888733	FALSE	0.250399922775094	0	0	FALSE	3	4	1.6094379124341	3.25809653802148	4.68213122712422	0.952380952380952	3	4	1.6094379124341	2.30258509299405	2.56494935746154	1	NA	NA	NA	NA
phase18_rpl11_deep_dive_v1	Astrocytes	RPL11	topology	96	ERI3	2.41628673888733	FALSE	0.318300536914939	0	0	FALSE	3	4	1.6094379124341	3.25809653802148	4.68213122712422	0.952380952380952	3	4	1.6094379124341	2.30258509299405	2.56494935746154	1	NA	NA	NA	NA
phase18_rpl11_deep_dive_v1	Astrocytes	RPL11	topology	97	NWD1	2.41628673888733	FALSE	1	0	0	FALSE	3	4	1.6094379124341	3.25809653802148	4.68213122712422	0.952380952380952	3	4	1.6094379124341	2.30258509299405	2.56494935746154	1	NA	NA	NA	NA
phase18_rpl11_deep_dive_v1	Astrocytes	RPL11	topology	98	WDR6	2.42151323915595	FALSE	0.0394261802978695	0	0	FALSE	3	4	1.6094379124341	3.25809653802148	4.68213122712422	0.952380952380952	3	4	1.6094379124341	2.39789527279837	2.484906649788	1	NA	NA	NA	NA
phase18_rpl11_deep_dive_v1	Astrocytes	RPL11	topology	99	PLOD3	2.42525606008452	FALSE	0.324409376832098	0	0	FALSE	3	4	1.6094379124341	3.25809653802148	4.68213122712422	0.952380952380952	3	4	1.6094379124341	2.39789527279837	2.484906649788	0.80952380952381	NA	NA	NA	NA
phase18_rpl11_deep_dive_v1	Astrocytes	RPL11	topology	100	KIAA1671	2.4258990750411	FALSE	0.211400988106247	0	0	FALSE	3	4	1.6094379124341	3.25809653802148	4.68213122712422	0.952380952380952	4	6	1.79175946922805	2.56494935746154	2.63905732961526	1	NA	NA	NA	NA
phase18_rpl11_deep_dive_v1	Astrocytes	RPL11	topology	101	CACHD1	2.44488462172806	FALSE	0.157965780863256	0	0	FALSE	3	4	1.6094379124341	3.25809653802148	4.68213122712422	0.952380952380952	3	5	1.6094379124341	2.39789527279837	2.484906649788	1	NA	NA	NA	NA
phase18_rpl11_deep_dive_v1	Astrocytes	RPL11	topology	102	EPB41L2	2.45391202765698	FALSE	1	0	0	FALSE	3	4	1.6094379124341	3.25809653802148	4.68213122712422	0.952380952380952	4	7	1.79175946922805	2.63905732961526	2.70805020110221	1	NA	NA	NA	NA
phase18_rpl11_deep_dive_v1	Astrocytes	RPL11	topology	103	NCAM1	2.4541500893846	FALSE	1	0	0	FALSE	3	4	1.6094379124341	3.25809653802148	4.68213122712422	0.952380952380952	5	7	1.94591014905531	2.70805020110221	3.2188758248682	1	NA	NA	NA	NA
phase18_rpl11_deep_dive_v1	Astrocytes	RPL11	topology	104	LYPD6	2.45441080226593	FALSE	1	0	0	FALSE	3	4	1.6094379124341	3.25809653802148	4.68213122712422	0.952380952380952	1	2	1.09861228866811	2.56494935746154	3.43398720448515	1	NA	NA	NA	NA
phase18_rpl11_deep_dive_v1	Astrocytes	RPL11	topology	105	RALGAPA2	2.46474349638801	FALSE	0.270774917748491	0	0	FALSE	3	4	1.6094379124341	3.25809653802148	4.68213122712422	0.952380952380952	4	6	1.79175946922805	2.39789527279837	2.70805020110221	1	NA	NA	NA	NA
phase18_rpl11_deep_dive_v1	Astrocytes	RPL11	topology	106	RPS25	2.47234484743131	FALSE	0.00229036130889655	1	1	TRUE	3	4	1.6094379124341	3.25809653802148	4.68213122712422	0.952380952380952	6	6	2.07944154167984	3.2188758248682	4.07753744390572	0.952380952380952	NA	NA	NA	NA
phase18_rpl11_deep_dive_v1	Astrocytes	RPL11	topology	107	FBXL7	2.47379886708587	FALSE	0.536797097237685	0	0	FALSE	3	4	1.6094379124341	3.25809653802148	4.68213122712422	0.952380952380952	5	6	1.94591014905531	2.70805020110221	2.99573227355399	1	NA	NA	NA	NA
phase18_rpl11_deep_dive_v1	Astrocytes	RPL11	topology	108	ATXN7L1	2.47615235462248	FALSE	1	0	0	FALSE	3	4	1.6094379124341	3.25809653802148	4.68213122712422	0.952380952380952	2	3	1.38629436111989	2.484906649788	2.56494935746154	1	NA	NA	NA	NA
phase18_rpl11_deep_dive_v1	Astrocytes	RPL11	topology	109	GPR75-ASB3	2.48534127290489	FALSE	1	0	0	FALSE	3	4	1.6094379124341	3.25809653802148	4.68213122712422	0.952380952380952	4	6	1.79175946922805	2.56494935746154	2.56494935746154	1	NA	NA	NA	NA
phase18_rpl11_deep_dive_v1	Astrocytes	RPL11	topology	110	CREBBP	2.48534127290489	FALSE	1	0	0	FALSE	3	4	1.6094379124341	3.25809653802148	4.68213122712422	0.952380952380952	4	6	1.79175946922805	2.56494935746154	2.56494935746154	1	NA	NA	NA	NA
phase18_rpl11_deep_dive_v1	Astrocytes	RPL11	topology	111	RPL18	2.50761407995326	FALSE	0.039210758888588	0	0	TRUE	3	4	1.6094379124341	3.25809653802148	4.68213122712422	0.952380952380952	4	5	1.79175946922805	2.39789527279837	2.56494935746154	0.904761904761905	NA	NA	NA	NA
phase18_rpl11_deep_dive_v1	Astrocytes	RPL11	topology	112	MAPK10	2.52835212216361	FALSE	0.469000759749603	0	0	FALSE	3	4	1.6094379124341	3.25809653802148	4.68213122712422	0.952380952380952	5	7	1.94591014905531	2.70805020110221	3.09104245335832	1	NA	NA	NA	NA
phase18_rpl11_deep_dive_v1	Astrocytes	RPL11	topology	113	MIR99AHG	2.54132398427489	FALSE	1	0	0	FALSE	3	4	1.6094379124341	3.25809653802148	4.68213122712422	0.952380952380952	2	3	1.38629436111989	2.484906649788	2.484906649788	1	NA	NA	NA	NA
phase18_rpl11_deep_dive_v1	Astrocytes	RPL11	topology	114	AC021231.1	2.54608863392127	FALSE	0.725508718472916	0	0	FALSE	3	4	1.6094379124341	3.25809653802148	4.68213122712422	0.952380952380952	6	7	2.07944154167984	3.2188758248682	4.29045944114839	1	NA	NA	NA	NA
phase18_rpl11_deep_dive_v1	Astrocytes	RPL11	topology	115	PGK1	2.5476481347787	FALSE	0.000134474427760896	3	2	FALSE	3	4	1.6094379124341	3.25809653802148	4.68213122712422	0.952380952380952	3	3	1.6094379124341	2.07944154167984	2.63905732961526	1	NA	NA	NA	NA
phase18_rpl11_deep_dive_v1	Astrocytes	RPL11	topology	116	RNF19A	2.55022316289679	FALSE	0.125606019144701	0	0	FALSE	3	4	1.6094379124341	3.25809653802148	4.68213122712422	0.952380952380952	2	3	1.38629436111989	2.07944154167984	2.83321334405622	1	NA	NA	NA	NA
phase18_rpl11_deep_dive_v1	Astrocytes	RPL11	topology	117	HSPA1A	2.55256260530917	FALSE	0.162661927422822	0	0	FALSE	3	4	1.6094379124341	3.25809653802148	4.68213122712422	0.952380952380952	1	3	1.09861228866811	2.30258509299405	3.40119738166216	1	NA	NA	NA	NA
phase18_rpl11_deep_dive_v1	Astrocytes	RPL11	topology	118	PITPNC1	2.56125801858946	FALSE	0.528690637496665	0	0	FALSE	3	4	1.6094379124341	3.25809653802148	4.68213122712422	0.952380952380952	6	7	2.07944154167984	3.3322045101752	4.20469261939097	1	NA	NA	NA	NA
phase18_rpl11_deep_dive_v1	Astrocytes	RPL11	topology	119	SEC61A1	2.57198862433879	FALSE	1	0	0	FALSE	3	4	1.6094379124341	3.25809653802148	4.68213122712422	0.952380952380952	4	5	1.79175946922805	2.39789527279837	2.484906649788	1	NA	NA	NA	NA
phase18_rpl11_deep_dive_v1	Astrocytes	RPL11	topology	120	ZCCHC24	2.57198862433879	FALSE	1	0	0	FALSE	3	4	1.6094379124341	3.25809653802148	4.68213122712422	0.952380952380952	4	5	1.79175946922805	2.39789527279837	2.484906649788	1	NA	NA	NA	NA
phase18_rpl11_deep_dive_v1	Astrocytes	RPL11	topology	121	PDXDC1	2.57198862433879	FALSE	0.275213986917928	0	0	FALSE	3	4	1.6094379124341	3.25809653802148	4.68213122712422	0.952380952380952	4	5	1.79175946922805	2.39789527279837	2.484906649788	1	NA	NA	NA	NA
phase18_rpl11_deep_dive_v1	Astrocytes	RPL11	topology	122	AL357153.2	2.57474886395631	FALSE	0.219310545643672	0	0	FALSE	3	4	1.6094379124341	3.25809653802148	4.68213122712422	0.952380952380952	4	6	1.79175946922805	2.39789527279837	2.56494935746154	1	NA	NA	NA	NA
phase18_rpl11_deep_dive_v1	Astrocytes	RPL11	topology	123	CDH2	2.58368152364271	FALSE	1	0	0	FALSE	3	4	1.6094379124341	3.25809653802148	4.68213122712422	0.952380952380952	5	7	1.94591014905531	2.63905732961526	3.04452243772342	1	NA	NA	NA	NA
phase18_rpl11_deep_dive_v1	Astrocytes	RPL11	topology	124	ATP9A	2.58472950725846	FALSE	1	0	0	FALSE	3	4	1.6094379124341	3.25809653802148	4.68213122712422	0.952380952380952	2	3	1.38629436111989	2.30258509299405	2.56494935746154	1	NA	NA	NA	NA
phase18_rpl11_deep_dive_v1	Astrocytes	RPL11	topology	125	CLASP2	2.59217916078098	FALSE	1	0	0	FALSE	3	4	1.6094379124341	3.25809653802148	4.68213122712422	0.952380952380952	2	3	1.38629436111989	2.07944154167984	2.77258872223978	1	NA	NA	NA	NA
phase18_rpl11_deep_dive_v1	Astrocytes	RPL11	topology	126	NTRK3	2.59986160188051	FALSE	1	0	0	FALSE	3	4	1.6094379124341	3.25809653802148	4.68213122712422	0.952380952380952	2	3	1.38629436111989	2.19722457733622	2.63905732961526	1	NA	NA	NA	NA
phase18_rpl11_deep_dive_v1	Astrocytes	RPL11	topology	127	KCTD3	2.60295422839129	FALSE	0.141209134960739	0	0	FALSE	3	4	1.6094379124341	3.25809653802148	4.68213122712422	0.952380952380952	6	7	2.07944154167984	3.3322045101752	4.00733318523247	1	NA	NA	NA	NA
phase18_rpl11_deep_dive_v1	Astrocytes	RPL11	topology	128	PRDX1	2.60359001223074	FALSE	0.0375272061086557	0	0	FALSE	3	4	1.6094379124341	3.25809653802148	4.68213122712422	0.952380952380952	6	7	2.07944154167984	3.76120011569356	4.7361984483945	1	NA	NA	NA	NA
phase18_rpl11_deep_dive_v1	Astrocytes	RPL11	topology	129	PSD2	2.61252086114766	FALSE	0.332091646757214	0	0	FALSE	3	4	1.6094379124341	3.25809653802148	4.68213122712422	0.952380952380952	6	7	2.07944154167984	3.40119738166216	3.98898404656427	1	NA	NA	NA	NA
phase18_rpl11_deep_dive_v1	Astrocytes	RPL11	topology	130	NUFIP2	2.6149985911165	FALSE	0.409669813068935	0	0	FALSE	3	4	1.6094379124341	3.25809653802148	4.68213122712422	0.952380952380952	6	7	2.07944154167984	3.09104245335832	3.98898404656427	1	NA	NA	NA	NA
phase18_rpl11_deep_dive_v1	Astrocytes	RPL11	topology	131	ARHGAP24	2.61884475227123	FALSE	1	0	0	FALSE	3	4	1.6094379124341	3.25809653802148	4.68213122712422	0.952380952380952	2	3	1.38629436111989	1.79175946922805	3.13549421592915	1	NA	NA	NA	NA
phase18_rpl11_deep_dive_v1	Astrocytes	RPL11	topology	132	PALLD	2.62273098115887	FALSE	0.523587340733472	0	0	FALSE	3	4	1.6094379124341	3.25809653802148	4.68213122712422	0.952380952380952	6	6	2.07944154167984	3.13549421592915	3.61091791264422	1	NA	NA	NA	NA
phase18_rpl11_deep_dive_v1	Astrocytes	RPL11	topology	133	HIF3A	2.62989382238132	FALSE	0.260237187541368	0	0	FALSE	3	4	1.6094379124341	3.25809653802148	4.68213122712422	0.952380952380952	6	7	2.07944154167984	3.09104245335832	3.93182563272433	1	NA	NA	NA	NA
phase18_rpl11_deep_dive_v1	Astrocytes	RPL11	topology	134	ESRRG	2.62998818069431	FALSE	1	0	0	FALSE	3	4	1.6094379124341	3.25809653802148	4.68213122712422	0.952380952380952	4	5	1.79175946922805	2.30258509299405	2.484906649788	1	NA	NA	NA	NA
phase18_rpl11_deep_dive_v1	Astrocytes	RPL11	topology	135	BCAN	2.6344099610821	FALSE	0.316555502592805	0	0	FALSE	3	4	1.6094379124341	3.25809653802148	4.68213122712422	0.952380952380952	5	8	1.94591014905531	2.77258872223978	3.13549421592915	1	NA	NA	NA	NA
phase18_rpl11_deep_dive_v1	Astrocytes	RPL11	topology	136	LRCH4	2.63691118819525	FALSE	0.310784909646104	0	0	FALSE	3	4	1.6094379124341	3.25809653802148	4.68213122712422	0.952380952380952	3	4	1.6094379124341	2.30258509299405	2.30258509299405	0.952380952380952	NA	NA	NA	NA
phase18_rpl11_deep_dive_v1	Astrocytes	RPL11	topology	137	PRTFDC1	2.63734112092566	FALSE	0.00388969347918	1	1	FALSE	3	4	1.6094379124341	3.25809653802148	4.68213122712422	0.952380952380952	3	4	1.6094379124341	2.30258509299405	2.30258509299405	1	NA	NA	NA	NA
phase18_rpl11_deep_dive_v1	Astrocytes	RPL11	topology	138	KAT6B	2.63756048361327	FALSE	0.277775414716936	0	0	FALSE	3	4	1.6094379124341	3.25809653802148	4.68213122712422	0.952380952380952	2	3	1.38629436111989	2.07944154167984	2.70805020110221	1	NA	NA	NA	NA
phase18_rpl11_deep_dive_v1	Astrocytes	RPL11	topology	139	BRINP3	2.64754561481913	FALSE	1	0	0	FALSE	3	4	1.6094379124341	3.25809653802148	4.68213122712422	0.952380952380952	4	6	1.79175946922805	2.19722457733622	2.63905732961526	1	NA	NA	NA	NA
phase18_rpl11_deep_dive_v1	Astrocytes	RPL11	topology	140	WFS1	2.65659200969607	FALSE	0.532386567440892	0	0	FALSE	3	4	1.6094379124341	3.25809653802148	4.68213122712422	0.952380952380952	6	7	2.07944154167984	3.61091791264422	3.95124371858143	1	NA	NA	NA	NA
phase18_rpl11_deep_dive_v1	Astrocytes	RPL11	topology	141	GLG1	2.6614874573103	FALSE	1	0	0	FALSE	3	4	1.6094379124341	3.25809653802148	4.68213122712422	0.952380952380952	2	3	1.38629436111989	1.94591014905531	2.83321334405622	1	NA	NA	NA	NA
phase18_rpl11_deep_dive_v1	Astrocytes	RPL11	topology	142	BCL6	2.6681256514428	FALSE	0.331439301820685	0	0	FALSE	3	4	1.6094379124341	3.25809653802148	4.68213122712422	0.952380952380952	6	7	2.07944154167984	3.36729582998647	3.78418963391826	1	NA	NA	NA	NA
phase18_rpl11_deep_dive_v1	Astrocytes	RPL11	topology	143	TPCN1	2.67373692821871	FALSE	0.125917261167486	0	0	FALSE	3	4	1.6094379124341	3.25809653802148	4.68213122712422	0.952380952380952	6	7	2.07944154167984	3.17805383034795	3.76120011569356	1	NA	NA	NA	NA
phase18_rpl11_deep_dive_v1	Astrocytes	RPL11	topology	144	SFPQ	2.68135039426428	FALSE	1	0	0	FALSE	3	4	1.6094379124341	3.25809653802148	4.68213122712422	0.952380952380952	5	6	1.94591014905531	2.56494935746154	2.77258872223978	1	NA	NA	NA	NA
phase18_rpl11_deep_dive_v1	Astrocytes	RPL11	topology	145	PCDH9	2.68993042115637	FALSE	0.626233079187173	0	0	FALSE	3	4	1.6094379124341	3.25809653802148	4.68213122712422	0.952380952380952	1	3	1.09861228866811	1.79175946922805	4.33073334028633	1	NA	NA	NA	NA
phase18_rpl11_deep_dive_v1	Astrocytes	RPL11	topology	146	MAP7	2.69232033715354	FALSE	1	0	0	FALSE	3	4	1.6094379124341	3.25809653802148	4.68213122712422	0.952380952380952	3	4	1.6094379124341	1.94591014905531	2.56494935746154	1	NA	NA	NA	NA
phase18_rpl11_deep_dive_v1	Astrocytes	RPL11	topology	147	KAZN	2.69401352025773	FALSE	1	0	0	FALSE	3	4	1.6094379124341	3.25809653802148	4.68213122712422	0.952380952380952	6	7	2.07944154167984	2.99573227355399	3.76120011569356	1	NA	NA	NA	NA
phase18_rpl11_deep_dive_v1	Astrocytes	RPL11	topology	148	CYFIP2	2.69927167872771	FALSE	0.294080117479153	0	0	FALSE	3	4	1.6094379124341	3.25809653802148	4.68213122712422	0.952380952380952	4	5	1.79175946922805	2.30258509299405	2.39789527279837	1	NA	NA	NA	NA
phase18_rpl11_deep_dive_v1	Astrocytes	RPL11	topology	149	FGFR1	2.69948633527771	FALSE	1	0	0	FALSE	3	4	1.6094379124341	3.25809653802148	4.68213122712422	0.952380952380952	4	5	1.79175946922805	2.19722457733622	2.484906649788	1	NA	NA	NA	NA
phase18_rpl11_deep_dive_v1	Astrocytes	RPL11	topology	150	LGALS3	2.69948633527771	FALSE	1	0	0	FALSE	3	4	1.6094379124341	3.25809653802148	4.68213122712422	0.952380952380952	4	5	1.79175946922805	2.19722457733622	2.484906649788	1	NA	NA	NA	NA
phase18_rpl11_deep_dive_v1	Astrocytes	RPL11	topology	151	FKBP5	2.69948633527771	FALSE	0.0898026274278605	0	0	FALSE	3	4	1.6094379124341	3.25809653802148	4.68213122712422	0.952380952380952	4	5	1.79175946922805	2.19722457733622	2.484906649788	1	NA	NA	NA	NA
phase18_rpl11_deep_dive_v1	Astrocytes	RPL11	topology	152	TTC7A	2.70171614098001	FALSE	1	0	0	FALSE	3	4	1.6094379124341	3.25809653802148	4.68213122712422	0.952380952380952	2	3	1.38629436111989	1.94591014905531	2.77258872223978	1	NA	NA	NA	NA
phase18_rpl11_deep_dive_v1	Astrocytes	RPL11	topology	153	PRRC2C	2.70665048203213	FALSE	0.275213986917928	0	0	FALSE	3	4	1.6094379124341	3.25809653802148	4.68213122712422	0.952380952380952	3	4	1.6094379124341	2.19722457733622	2.30258509299405	1	NA	NA	NA	NA
phase18_rpl11_deep_dive_v1	Astrocytes	RPL11	topology	154	MFHAS1	2.70749579738865	FALSE	0.222521884467817	0	0	FALSE	3	4	1.6094379124341	3.25809653802148	4.68213122712422	0.952380952380952	1	2	1.09861228866811	2.30258509299405	3.2188758248682	1	NA	NA	NA	NA
phase18_rpl11_deep_dive_v1	Astrocytes	RPL11	topology	155	CLCN7	2.71485517046588	FALSE	0.0690339652017337	0	0	FALSE	3	4	1.6094379124341	3.25809653802148	4.68213122712422	0.952380952380952	6	7	2.07944154167984	3.2188758248682	3.63758615972639	1	NA	NA	NA	NA
phase18_rpl11_deep_dive_v1	Astrocytes	RPL11	topology	156	VPS8	2.71607317656036	FALSE	0.478076123433403	0	0	FALSE	3	4	1.6094379124341	3.25809653802148	4.68213122712422	0.952380952380952	2	3	1.38629436111989	2.30258509299405	2.39789527279837	1	NA	NA	NA	NA
phase18_rpl11_deep_dive_v1	Astrocytes	RPL11	topology	157	UTP23	2.71924007967935	FALSE	1	0	0	FALSE	3	4	1.6094379124341	3.25809653802148	4.68213122712422	0.952380952380952	5	6	1.94591014905531	2.484906649788	2.77258872223978	1	NA	NA	NA	NA
phase18_rpl11_deep_dive_v1	Astrocytes	RPL11	topology	158	WASF3	2.72261002727801	FALSE	0.146249917947036	0	0	FALSE	3	4	1.6094379124341	3.25809653802148	4.68213122712422	0.952380952380952	6	6	2.07944154167984	2.94443897916644	3.43398720448515	1	NA	NA	NA	NA
phase18_rpl11_deep_dive_v1	Astrocytes	RPL11	topology	159	VAV3	2.72524722547374	FALSE	1	0	0	FALSE	3	4	1.6094379124341	3.25809653802148	4.68213122712422	0.952380952380952	5	6	1.94591014905531	2.56494935746154	2.70805020110221	1	NA	NA	NA	NA
phase18_rpl11_deep_dive_v1	Astrocytes	RPL11	topology	160	TTC28	2.7292336155087	FALSE	0.656150892885207	0	0	FALSE	3	4	1.6094379124341	3.25809653802148	4.68213122712422	0.952380952380952	6	7	2.07944154167984	2.484906649788	4.40671924726425	1	NA	NA	NA	NA
phase18_rpl11_deep_dive_v1	Astrocytes	RPL11	topology	161	CST3	2.73310045347715	FALSE	0.246505228435688	0	0	FALSE	3	4	1.6094379124341	3.25809653802148	4.68213122712422	0.952380952380952	6	7	2.07944154167984	3.09104245335832	3.61091791264422	1	NA	NA	NA	NA
phase18_rpl11_deep_dive_v1	Astrocytes	RPL11	topology	162	CTNND2	2.75556812969184	FALSE	0.464818279459277	0	0	FALSE	3	4	1.6094379124341	3.25809653802148	4.68213122712422	0.952380952380952	6	8	2.07944154167984	3.43398720448515	4.02535169073515	1	NA	NA	NA	NA
phase18_rpl11_deep_dive_v1	Astrocytes	RPL11	topology	163	ENHO	2.76175142510075	FALSE	1	0	0	FALSE	3	4	1.6094379124341	3.25809653802148	4.68213122712422	0.952380952380952	4	6	1.79175946922805	2.30258509299405	2.39789527279837	1	NA	NA	NA	NA
phase18_rpl11_deep_dive_v1	Astrocytes	RPL11	topology	164	MLLT3	2.76291652027983	FALSE	0.10064477171929	0	0	FALSE	3	4	1.6094379124341	3.25809653802148	4.68213122712422	0.952380952380952	2	4	1.38629436111989	2.19722457733622	2.39789527279837	1	NA	NA	NA	NA
phase18_rpl11_deep_dive_v1	Astrocytes	RPL11	topology	165	SERGEF	2.76703022017124	FALSE	1	0	0	FALSE	3	4	1.6094379124341	3.25809653802148	4.68213122712422	0.952380952380952	4	5	1.79175946922805	2.19722457733622	2.39789527279837	1	NA	NA	NA	NA
phase18_rpl11_deep_dive_v1	Astrocytes	RPL11	topology	166	TMBIM1	2.7902843103804	FALSE	0.0132370147339786	0	0	FALSE	3	4	1.6094379124341	3.25809653802148	4.68213122712422	0.952380952380952	6	7	2.07944154167984	2.99573227355399	3.49650756146648	1	NA	NA	NA	NA
phase18_rpl11_deep_dive_v1	Astrocytes	RPL11	topology	167	TSC22D2	2.79031146587767	FALSE	1	0	0	FALSE	3	4	1.6094379124341	3.25809653802148	4.68213122712422	0.952380952380952	3	4	1.6094379124341	2.07944154167984	2.30258509299405	1	NA	NA	NA	NA
phase18_rpl11_deep_dive_v1	Astrocytes	RPL11	topology	168	SORBS3	2.79031146587767	FALSE	1	0	0	FALSE	3	4	1.6094379124341	3.25809653802148	4.68213122712422	0.952380952380952	3	4	1.6094379124341	2.07944154167984	2.30258509299405	1	NA	NA	NA	NA
phase18_rpl11_deep_dive_v1	Astrocytes	RPL11	topology	169	INSIG1	2.79445741552722	FALSE	0.0757731967826702	0	0	FALSE	3	4	1.6094379124341	3.25809653802148	4.68213122712422	0.952380952380952	3	4	1.6094379124341	2.19722457733622	2.19722457733622	0.952380952380952	NA	NA	NA	NA
phase18_rpl11_deep_dive_v1	Astrocytes	RPL11	topology	170	PNPLA7	2.79486311308644	FALSE	1	0	0	FALSE	3	4	1.6094379124341	3.25809653802148	4.68213122712422	0.952380952380952	3	4	1.6094379124341	2.19722457733622	2.19722457733622	1	NA	NA	NA	NA
phase18_rpl11_deep_dive_v1	Astrocytes	RPL11	topology	171	EIF4A2	2.79486311308644	FALSE	0.00193119502844623	1	1	FALSE	3	4	1.6094379124341	3.25809653802148	4.68213122712422	0.952380952380952	3	4	1.6094379124341	2.19722457733622	2.19722457733622	1	NA	NA	NA	NA
phase18_rpl11_deep_dive_v1	Astrocytes	RPL11	topology	172	ARAP2	2.79486311308644	FALSE	0.38545409124264	0	0	FALSE	3	4	1.6094379124341	3.25809653802148	4.68213122712422	0.952380952380952	3	4	1.6094379124341	2.19722457733622	2.19722457733622	1	NA	NA	NA	NA
phase18_rpl11_deep_dive_v1	Astrocytes	RPL11	topology	173	STK33	2.7976263867483	FALSE	1	0	0	FALSE	3	4	1.6094379124341	3.25809653802148	4.68213122712422	0.952380952380952	4	7	1.79175946922805	2.30258509299405	2.484906649788	1	NA	NA	NA	NA
phase18_rpl11_deep_dive_v1	Astrocytes	RPL11	topology	174	CTSF	2.80702385269383	FALSE	1	0	0	FALSE	3	4	1.6094379124341	3.25809653802148	4.68213122712422	0.952380952380952	5	6	1.94591014905531	2.39789527279837	2.70805020110221	1	NA	NA	NA	NA
phase18_rpl11_deep_dive_v1	Astrocytes	RPL11	topology	175	PAFAH1B1	2.80963260996944	FALSE	1	0	0	FALSE	3	4	1.6094379124341	3.25809653802148	4.68213122712422	0.952380952380952	5	6	1.94591014905531	2.484906649788	2.63905732961526	1	NA	NA	NA	NA
phase18_rpl11_deep_dive_v1	Astrocytes	RPL11	topology	176	MED13L	2.8140616233003	FALSE	0.144711534829429	0	0	FALSE	3	4	1.6094379124341	3.25809653802148	4.68213122712422	0.952380952380952	5	7	1.94591014905531	2.30258509299405	2.94443897916644	1	NA	NA	NA	NA
phase18_rpl11_deep_dive_v1	Astrocytes	RPL11	topology	177	CHST11	2.82098184267428	FALSE	0.546624911048544	0	0	FALSE	3	4	1.6094379124341	3.25809653802148	4.68213122712422	0.952380952380952	6	8	2.07944154167984	2.89037175789616	3.89182029811063	1	NA	NA	NA	NA
phase18_rpl11_deep_dive_v1	Astrocytes	RPL11	topology	178	KCNMA1	2.82626574107514	FALSE	0.49792620706291	0	0	FALSE	3	4	1.6094379124341	3.25809653802148	4.68213122712422	0.952380952380952	6	8	2.07944154167984	3.43398720448515	3.76120011569356	1	NA	NA	NA	NA
phase18_rpl11_deep_dive_v1	Astrocytes	RPL11	topology	179	RPS11	2.83614826071145	FALSE	0.469773638529327	0	0	TRUE	3	4	1.6094379124341	3.25809653802148	4.68213122712422	0.952380952380952	2	3	1.38629436111989	1.79175946922805	2.77258872223978	0.952380952380952	NA	NA	NA	NA
phase18_rpl11_deep_dive_v1	Astrocytes	RPL11	topology	180	SMURF2	2.83692979167806	FALSE	0.183243280515368	0	0	FALSE	3	4	1.6094379124341	3.25809653802148	4.68213122712422	0.952380952380952	4	6	1.79175946922805	2.30258509299405	2.30258509299405	1	NA	NA	NA	NA
phase18_rpl11_deep_dive_v1	Astrocytes	RPL11	topology	181	MYO9A	2.83875855238579	FALSE	0.174116219850187	0	0	FALSE	3	4	1.6094379124341	3.25809653802148	4.68213122712422	0.952380952380952	3	5	1.6094379124341	1.94591014905531	2.39789527279837	1	NA	NA	NA	NA
phase18_rpl11_deep_dive_v1	Astrocytes	RPL11	topology	182	CFAP70	2.84206895556835	FALSE	0.241212358199176	0	0	FALSE	3	4	1.6094379124341	3.25809653802148	4.68213122712422	0.952380952380952	4	5	1.79175946922805	2.19722457733622	2.30258509299405	1	NA	NA	NA	NA
phase18_rpl11_deep_dive_v1	Astrocytes	RPL11	topology	183	LRBA	2.85338732010399	FALSE	0.335518189798307	0	0	FALSE	3	4	1.6094379124341	3.25809653802148	4.68213122712422	0.952380952380952	5	6	1.94591014905531	2.39789527279837	2.63905732961526	1	NA	NA	NA	NA
phase18_rpl11_deep_dive_v1	Astrocytes	RPL11	topology	184	RPS14	2.85560032121563	FALSE	0.0114936631356289	1	1	TRUE	3	4	1.6094379124341	3.25809653802148	4.68213122712422	0.952380952380952	6	7	2.07944154167984	4.26267987704132	4.91998092582813	0.857142857142857	NA	NA	NA	NA
phase18_rpl11_deep_dive_v1	Astrocytes	RPL11	topology	185	PROS1	2.9026474136137	FALSE	1	0	0	FALSE	3	4	1.6094379124341	3.25809653802148	4.68213122712422	0.952380952380952	4	6	1.79175946922805	2.19722457733622	2.30258509299405	0.857142857142857	NA	NA	NA	NA
phase18_rpl11_deep_dive_v1	Astrocytes	RPL11	topology	186	MRAS	2.91769899634476	FALSE	0.253188955420656	0	0	FALSE	3	4	1.6094379124341	3.25809653802148	4.68213122712422	0.952380952380952	5	6	1.94591014905531	2.484906649788	2.484906649788	1	NA	NA	NA	NA
phase18_rpl11_deep_dive_v1	Astrocytes	RPL11	topology	187	PFKP	2.92620213539869	FALSE	1	0	0	FALSE	3	4	1.6094379124341	3.25809653802148	4.68213122712422	0.952380952380952	4	5	1.79175946922805	2.19722457733622	2.19722457733622	1	NA	NA	NA	NA
phase18_rpl11_deep_dive_v1	Astrocytes	RPL11	topology	188	SACS	2.92620213539869	FALSE	1	0	0	FALSE	3	4	1.6094379124341	3.25809653802148	4.68213122712422	0.952380952380952	4	5	1.79175946922805	2.19722457733622	2.19722457733622	1	NA	NA	NA	NA
phase18_rpl11_deep_dive_v1	Astrocytes	RPL11	topology	189	TNPO2	2.92620213539869	FALSE	0.265906673656562	0	0	FALSE	3	4	1.6094379124341	3.25809653802148	4.68213122712422	0.952380952380952	4	5	1.79175946922805	2.19722457733622	2.19722457733622	1	NA	NA	NA	NA
phase18_rpl11_deep_dive_v1	Astrocytes	RPL11	topology	190	FAIM2	2.92736428520611	FALSE	0.40160172230848	0	0	FALSE	3	4	1.6094379124341	3.25809653802148	4.68213122712422	0.952380952380952	4	5	1.79175946922805	2.19722457733622	2.19722457733622	0.857142857142857	NA	NA	NA	NA
phase18_rpl11_deep_dive_v1	Astrocytes	RPL11	topology	191	AP2M1	2.95317798942036	FALSE	0.230663201945959	0	0	FALSE	3	4	1.6094379124341	3.25809653802148	4.68213122712422	0.952380952380952	5	5	1.94591014905531	2.30258509299405	2.484906649788	0.904761904761905	NA	NA	NA	NA
phase18_rpl11_deep_dive_v1	Astrocytes	RPL11	topology	192	INPP5F	2.95985662301365	FALSE	0.269174110939923	0	0	FALSE	3	4	1.6094379124341	3.25809653802148	4.68213122712422	0.952380952380952	5	6	1.94591014905531	2.39789527279837	2.484906649788	1	NA	NA	NA	NA
phase18_rpl11_deep_dive_v1	Astrocytes	RPL11	topology	193	FAM171B	2.96504124277141	FALSE	1	0	0	FALSE	3	4	1.6094379124341	3.25809653802148	4.68213122712422	0.952380952380952	6	7	2.07944154167984	2.83321334405622	3.17805383034795	1	NA	NA	NA	NA
phase18_rpl11_deep_dive_v1	Astrocytes	RPL11	topology	194	P4HB	2.97296996272349	FALSE	1	0	0	FALSE	3	4	1.6094379124341	3.25809653802148	4.68213122712422	0.952380952380952	3	4	1.6094379124341	2.07944154167984	2.07944154167984	1	NA	NA	NA	NA
phase18_rpl11_deep_dive_v1	Astrocytes	RPL11	topology	195	SOX9	2.97296996272349	FALSE	1	0	0	FALSE	3	4	1.6094379124341	3.25809653802148	4.68213122712422	0.952380952380952	3	4	1.6094379124341	2.07944154167984	2.07944154167984	1	NA	NA	NA	NA
phase18_rpl11_deep_dive_v1	Astrocytes	RPL11	topology	196	TECPR2	2.97296996272349	FALSE	0.107132009024476	0	0	FALSE	3	4	1.6094379124341	3.25809653802148	4.68213122712422	0.952380952380952	3	4	1.6094379124341	2.07944154167984	2.07944154167984	1	NA	NA	NA	NA
phase18_rpl11_deep_dive_v1	Astrocytes	RPL11	topology	197	SCAF8	2.97296996272349	FALSE	1	0	0	FALSE	3	4	1.6094379124341	3.25809653802148	4.68213122712422	0.952380952380952	3	4	1.6094379124341	2.07944154167984	2.07944154167984	1	NA	NA	NA	NA
phase18_rpl11_deep_dive_v1	Astrocytes	RPL11	topology	198	AC002429.2	2.9750661119477	FALSE	1	0	0	FALSE	3	4	1.6094379124341	3.25809653802148	4.68213122712422	0.952380952380952	3	4	1.6094379124341	1.94591014905531	2.19722457733622	1	NA	NA	NA	NA
phase18_rpl11_deep_dive_v1	Astrocytes	RPL11	topology	199	EYA2	2.98393402669636	FALSE	1	0	0	FALSE	3	4	1.6094379124341	3.25809653802148	4.68213122712422	0.952380952380952	4	6	1.79175946922805	2.19722457733622	2.19722457733622	1	NA	NA	NA	NA
phase18_rpl11_deep_dive_v1	Astrocytes	RPL11	topology	200	BCAR3	2.99411970646039	FALSE	1	0	0	FALSE	3	4	1.6094379124341	3.25809653802148	4.68213122712422	0.952380952380952	3	5	1.6094379124341	1.94591014905531	2.19722457733622	1	NA	NA	NA	NA
phase18_rpl11_deep_dive_v1	Astrocytes	RPL11	topology	201	ANKRD9	2.99411970646039	FALSE	0.180539456106319	0	0	FALSE	3	4	1.6094379124341	3.25809653802148	4.68213122712422	0.952380952380952	3	3	1.6094379124341	1.94591014905531	2.19722457733622	1	NA	NA	NA	NA
phase18_rpl11_deep_dive_v1	Astrocytes	RPL11	topology	202	SMARCD3	2.99996527323731	FALSE	0.247385366785549	0	0	FALSE	3	4	1.6094379124341	3.25809653802148	4.68213122712422	0.952380952380952	2	4	1.38629436111989	2.07944154167984	2.19722457733622	1	NA	NA	NA	NA
phase18_rpl11_deep_dive_v1	Astrocytes	RPL11	topology	203	IRS2	3.0004043643855	FALSE	0.278357351454355	0	0	FALSE	3	4	1.6094379124341	3.25809653802148	4.68213122712422	0.952380952380952	5	7	1.94591014905531	2.39789527279837	2.56494935746154	1	NA	NA	NA	NA
phase18_rpl11_deep_dive_v1	Astrocytes	RPL11	topology	204	HSP90AB1	3.0004043643855	FALSE	0.0528446511950975	0	0	FALSE	3	4	1.6094379124341	3.25809653802148	4.68213122712422	0.952380952380952	5	7	1.94591014905531	2.39789527279837	2.56494935746154	1	NA	NA	NA	NA
phase18_rpl11_deep_dive_v1	Astrocytes	RPL11	topology	205	LINC01748	3.00375434780135	FALSE	1	0	0	FALSE	3	4	1.6094379124341	3.25809653802148	4.68213122712422	0.952380952380952	4	5	1.79175946922805	2.07944154167984	2.19722457733622	1	NA	NA	NA	NA
phase18_rpl11_deep_dive_v1	Astrocytes	RPL11	topology	206	NCOR2	3.00602014783698	FALSE	1	0	0	FALSE	3	4	1.6094379124341	3.25809653802148	4.68213122712422	0.952380952380952	2	3	1.38629436111989	1.6094379124341	2.77258872223978	1	NA	NA	NA	NA
phase18_rpl11_deep_dive_v1	Astrocytes	RPL11	topology	207	GRINA	3.01039259493863	FALSE	0.0699726524795299	0	0	FALSE	3	4	1.6094379124341	3.25809653802148	4.68213122712422	0.952380952380952	5	6	1.94591014905531	2.30258509299405	2.484906649788	1	NA	NA	NA	NA
phase18_rpl11_deep_dive_v1	Astrocytes	RPL11	topology	208	GRIA2	3.01886172038148	FALSE	0.490616617226439	0	0	FALSE	3	4	1.6094379124341	3.25809653802148	4.68213122712422	0.952380952380952	2	5	1.38629436111989	2.07944154167984	2.19722457733622	1	NA	NA	NA	NA
phase18_rpl11_deep_dive_v1	Astrocytes	RPL11	topology	209	SASH1	3.02158584087686	FALSE	1	0	0	FALSE	3	4	1.6094379124341	3.25809653802148	4.68213122712422	0.952380952380952	5	6	1.94591014905531	2.39789527279837	2.39789527279837	1	NA	NA	NA	NA
phase18_rpl11_deep_dive_v1	Astrocytes	RPL11	topology	210	SEM1	3.02158584087686	FALSE	1	0	0	FALSE	3	4	1.6094379124341	3.25809653802148	4.68213122712422	0.952380952380952	5	6	1.94591014905531	2.39789527279837	2.39789527279837	1	NA	NA	NA	NA
phase18_rpl11_deep_dive_v1	Astrocytes	RPL11	topology	211	ZBTB8OS	3.02158584087686	FALSE	1	0	0	FALSE	3	4	1.6094379124341	3.25809653802148	4.68213122712422	0.952380952380952	5	6	1.94591014905531	2.39789527279837	2.39789527279837	1	NA	NA	NA	NA
phase18_rpl11_deep_dive_v1	Astrocytes	RPL11	topology	212	HGSNAT	3.02158584087686	FALSE	1	0	0	FALSE	3	4	1.6094379124341	3.25809653802148	4.68213122712422	0.952380952380952	5	6	1.94591014905531	2.39789527279837	2.39789527279837	1	NA	NA	NA	NA
phase18_rpl11_deep_dive_v1	Astrocytes	RPL11	topology	213	SLC44A3	3.02874608931408	FALSE	0.0754606654410006	0	0	FALSE	3	4	1.6094379124341	3.25809653802148	4.68213122712422	0.952380952380952	1	2	1.09861228866811	2.07944154167984	2.89037175789616	1	NA	NA	NA	NA
phase18_rpl11_deep_dive_v1	Astrocytes	RPL11	topology	214	SRSF5	3.03448519565065	FALSE	1	0	0	FALSE	3	4	1.6094379124341	3.25809653802148	4.68213122712422	0.952380952380952	2	3	1.38629436111989	1.94591014905531	2.30258509299405	1	NA	NA	NA	NA
phase18_rpl11_deep_dive_v1	Astrocytes	RPL11	topology	215	CEBPD	3.03448519565065	FALSE	1	0	0	FALSE	3	4	1.6094379124341	3.25809653802148	4.68213122712422	0.952380952380952	2	3	1.38629436111989	1.94591014905531	2.30258509299405	1	NA	NA	NA	NA
phase18_rpl11_deep_dive_v1	Astrocytes	RPL11	topology	216	YTHDF1	3.05026862697159	FALSE	1	0	0	FALSE	3	4	1.6094379124341	3.25809653802148	4.68213122712422	0.952380952380952	5	7	1.94591014905531	2.30258509299405	2.56494935746154	1	NA	NA	NA	NA
phase18_rpl11_deep_dive_v1	Astrocytes	RPL11	topology	217	ARL6IP4	3.05999229707671	FALSE	0.254938834599102	0	0	FALSE	3	4	1.6094379124341	3.25809653802148	4.68213122712422	0.952380952380952	1	2	1.09861228866811	2.19722457733622	2.70805020110221	1	NA	NA	NA	NA
phase18_rpl11_deep_dive_v1	Astrocytes	RPL11	topology	218	HSPB1	3.065917259074	FALSE	0.22685917330516	0	0	FALSE	3	4	1.6094379124341	3.25809653802148	4.68213122712422	0.952380952380952	6	7	2.07944154167984	2.63905732961526	3.09104245335832	1	NA	NA	NA	NA
phase18_rpl11_deep_dive_v1	Astrocytes	RPL11	topology	219	LTN1	3.06894569911246	FALSE	1	0	0	FALSE	3	4	1.6094379124341	3.25809653802148	4.68213122712422	0.952380952380952	3	4	1.6094379124341	1.94591014905531	2.07944154167984	1	NA	NA	NA	NA
phase18_rpl11_deep_dive_v1	Astrocytes	RPL11	topology	220	STAT3	3.07774828510235	FALSE	0.210815955193964	0	0	FALSE	3	4	1.6094379124341	3.25809653802148	4.68213122712422	0.952380952380952	4	7	1.79175946922805	2.19722457733622	2.19722457733622	1	NA	NA	NA	NA
phase18_rpl11_deep_dive_v1	Astrocytes	RPL11	topology	221	TEAD1	3.08741998281019	FALSE	1	0	0	FALSE	3	4	1.6094379124341	3.25809653802148	4.68213122712422	0.952380952380952	3	5	1.6094379124341	1.94591014905531	2.07944154167984	1	NA	NA	NA	NA
phase18_rpl11_deep_dive_v1	Astrocytes	RPL11	topology	222	SLC35F1	3.08741998281019	FALSE	0.219544903560031	0	0	FALSE	3	4	1.6094379124341	3.25809653802148	4.68213122712422	0.952380952380952	3	5	1.6094379124341	1.94591014905531	2.07944154167984	1	NA	NA	NA	NA
phase18_rpl11_deep_dive_v1	Astrocytes	RPL11	topology	223	NAV2	3.0951040282153	FALSE	1	0	0	FALSE	3	4	1.6094379124341	3.25809653802148	4.68213122712422	0.952380952380952	2	4	1.38629436111989	1.94591014905531	2.19722457733622	1	NA	NA	NA	NA
phase18_rpl11_deep_dive_v1	Astrocytes	RPL11	topology	224	CPEB3	3.09676436229441	FALSE	1	0	0	FALSE	3	4	1.6094379124341	3.25809653802148	4.68213122712422	0.952380952380952	4	5	1.79175946922805	2.07944154167984	2.07944154167984	1	NA	NA	NA	NA
phase18_rpl11_deep_dive_v1	Astrocytes	RPL11	topology	225	AKAP8L	3.09676436229441	FALSE	1	0	0	FALSE	3	4	1.6094379124341	3.25809653802148	4.68213122712422	0.952380952380952	4	5	1.79175946922805	2.07944154167984	2.07944154167984	1	NA	NA	NA	NA
phase18_rpl11_deep_dive_v1	Astrocytes	RPL11	topology	226	TRPC1	3.09676436229441	FALSE	1	0	0	FALSE	3	4	1.6094379124341	3.25809653802148	4.68213122712422	0.952380952380952	4	5	1.79175946922805	2.07944154167984	2.07944154167984	1	NA	NA	NA	NA
phase18_rpl11_deep_dive_v1	Astrocytes	RPL11	topology	227	KCNA2	3.0987767726605	FALSE	0.400828333850576	0	0	FALSE	3	4	1.6094379124341	3.25809653802148	4.68213122712422	0.952380952380952	4	5	1.79175946922805	1.94591014905531	2.19722457733622	1	NA	NA	NA	NA
phase18_rpl11_deep_dive_v1	Astrocytes	RPL11	topology	228	FP671120.1	3.09916120459137	FALSE	0.194251188744843	0	0	FALSE	3	4	1.6094379124341	3.25809653802148	4.68213122712422	0.952380952380952	6	7	2.07944154167984	2.77258872223978	2.94443897916644	1	NA	NA	NA	NA
phase18_rpl11_deep_dive_v1	Astrocytes	RPL11	topology	229	DAAM1	3.1025778228929	FALSE	1	0	0	FALSE	3	4	1.6094379124341	3.25809653802148	4.68213122712422	0.952380952380952	1	2	1.09861228866811	2.19722457733622	2.63905732961526	1	NA	NA	NA	NA
phase18_rpl11_deep_dive_v1	Astrocytes	RPL11	topology	230	PALM	3.10316291960918	FALSE	0.164243364844922	0	0	FALSE	3	4	1.6094379124341	3.25809653802148	4.68213122712422	0.952380952380952	6	6	2.07944154167984	2.77258872223978	2.77258872223978	1	NA	NA	NA	NA
phase18_rpl11_deep_dive_v1	Astrocytes	RPL11	topology	231	SRP14	3.10340712869509	FALSE	0.396626203029265	0	0	FALSE	3	4	1.6094379124341	3.25809653802148	4.68213122712422	0.952380952380952	5	7	1.94591014905531	2.30258509299405	2.484906649788	1	NA	NA	NA	NA
phase18_rpl11_deep_dive_v1	Astrocytes	RPL11	topology	232	ANKRD28	3.10340712869509	FALSE	1	0	0	FALSE	3	4	1.6094379124341	3.25809653802148	4.68213122712422	0.952380952380952	5	7	1.94591014905531	2.30258509299405	2.484906649788	1	NA	NA	NA	NA
phase18_rpl11_deep_dive_v1	Astrocytes	RPL11	topology	233	FGF14	3.10340712869509	FALSE	1	0	0	FALSE	3	4	1.6094379124341	3.25809653802148	4.68213122712422	0.952380952380952	5	7	1.94591014905531	2.30258509299405	2.484906649788	1	NA	NA	NA	NA
phase18_rpl11_deep_dive_v1	Astrocytes	RPL11	topology	234	UBB	3.11142016134528	FALSE	0.21174173329258	0	0	FALSE	3	4	1.6094379124341	3.25809653802148	4.68213122712422	0.952380952380952	2	3	1.38629436111989	2.07944154167984	2.07944154167984	1	NA	NA	NA	NA
phase18_rpl11_deep_dive_v1	Astrocytes	RPL11	topology	235	RBM26	3.11142016134528	FALSE	1	0	0	FALSE	3	4	1.6094379124341	3.25809653802148	4.68213122712422	0.952380952380952	2	3	1.38629436111989	2.07944154167984	2.07944154167984	1	NA	NA	NA	NA
phase18_rpl11_deep_dive_v1	Astrocytes	RPL11	topology	236	CTNNA2	3.11142016134528	FALSE	1	0	0	FALSE	3	4	1.6094379124341	3.25809653802148	4.68213122712422	0.952380952380952	2	3	1.38629436111989	2.07944154167984	2.07944154167984	1	NA	NA	NA	NA
phase18_rpl11_deep_dive_v1	Astrocytes	RPL11	topology	237	FGF1	3.11142016134528	FALSE	1	0	0	FALSE	3	4	1.6094379124341	3.25809653802148	4.68213122712422	0.952380952380952	2	3	1.38629436111989	2.07944154167984	2.07944154167984	1	NA	NA	NA	NA
phase18_rpl11_deep_dive_v1	Astrocytes	RPL11	topology	238	RPL32	3.11390199763344	FALSE	0.0836871373378571	0	0	TRUE	3	4	1.6094379124341	3.25809653802148	4.68213122712422	0.952380952380952	5	7	1.94591014905531	2.39789527279837	2.39789527279837	0.952380952380952	NA	NA	NA	NA
phase18_rpl11_deep_dive_v1	Astrocytes	RPL11	topology	239	CLIC4	3.11634548193344	FALSE	1	0	0	FALSE	3	4	1.6094379124341	3.25809653802148	4.68213122712422	0.952380952380952	6	7	2.07944154167984	2.56494935746154	3.04452243772342	1	NA	NA	NA	NA
phase18_rpl11_deep_dive_v1	Astrocytes	RPL11	topology	240	FLNA	3.13888404524851	FALSE	0.226509561412683	0	0	FALSE	3	4	1.6094379124341	3.25809653802148	4.68213122712422	0.952380952380952	5	6	1.94591014905531	2.30258509299405	2.30258509299405	1	NA	NA	NA	NA
phase18_rpl11_deep_dive_v1	Astrocytes	RPL11	topology	241	AC012593.1	3.13888404524851	FALSE	1	0	0	FALSE	3	4	1.6094379124341	3.25809653802148	4.68213122712422	0.952380952380952	5	6	1.94591014905531	2.30258509299405	2.30258509299405	1	NA	NA	NA	NA
phase18_rpl11_deep_dive_v1	Astrocytes	RPL11	topology	242	GPHN	3.13888404524851	FALSE	1	0	0	FALSE	3	4	1.6094379124341	3.25809653802148	4.68213122712422	0.952380952380952	5	6	1.94591014905531	2.30258509299405	2.30258509299405	1	NA	NA	NA	NA
phase18_rpl11_deep_dive_v1	Astrocytes	RPL11	topology	243	MLLT6	3.13888404524851	FALSE	1	0	0	FALSE	3	4	1.6094379124341	3.25809653802148	4.68213122712422	0.952380952380952	5	6	1.94591014905531	2.30258509299405	2.30258509299405	1	NA	NA	NA	NA
phase18_rpl11_deep_dive_v1	Astrocytes	RPL11	topology	244	BRINP2	3.14432231723977	FALSE	0.557626404033956	0	0	FALSE	3	4	1.6094379124341	3.25809653802148	4.68213122712422	0.952380952380952	6	6	2.07944154167984	2.63905732961526	2.77258872223978	1	NA	NA	NA	NA
phase18_rpl11_deep_dive_v1	Astrocytes	RPL11	topology	245	TMEM9	3.1450764821049	FALSE	0.325772231493008	0	0	FALSE	3	4	1.6094379124341	3.25809653802148	4.68213122712422	0.952380952380952	3	6	1.6094379124341	1.94591014905531	2.07944154167984	0.80952380952381	NA	NA	NA	NA
phase18_rpl11_deep_dive_v1	Astrocytes	RPL11	topology	246	IFT140	3.15137316959468	FALSE	1	0	0	FALSE	3	4	1.6094379124341	3.25809653802148	4.68213122712422	0.952380952380952	4	6	1.79175946922805	2.07944154167984	2.07944154167984	1	NA	NA	NA	NA
phase18_rpl11_deep_dive_v1	Astrocytes	RPL11	topology	247	SLC6A1	3.15137316959468	FALSE	1	0	0	FALSE	3	4	1.6094379124341	3.25809653802148	4.68213122712422	0.952380952380952	4	6	1.79175946922805	2.07944154167984	2.07944154167984	1	NA	NA	NA	NA
phase18_rpl11_deep_dive_v1	Astrocytes	RPL11	topology	248	ATG4B	3.15137316959468	FALSE	1	0	0	FALSE	3	4	1.6094379124341	3.25809653802148	4.68213122712422	0.952380952380952	4	6	1.79175946922805	2.07944154167984	2.07944154167984	1	NA	NA	NA	NA
phase18_rpl11_deep_dive_v1	Astrocytes	RPL11	topology	249	FAM13A	3.15137316959468	FALSE	1	0	0	FALSE	3	4	1.6094379124341	3.25809653802148	4.68213122712422	0.952380952380952	4	6	1.79175946922805	2.07944154167984	2.07944154167984	1	NA	NA	NA	NA
phase18_rpl11_deep_dive_v1	Astrocytes	RPL11	topology	250	ADORA1	3.15512833758371	FALSE	0.281533640325773	0	0	FALSE	3	4	1.6094379124341	3.25809653802148	4.68213122712422	0.952380952380952	2	3	1.38629436111989	1.79175946922805	2.30258509299405	0.904761904761905	NA	NA	NA	NA
phase18_rpl11_deep_dive_v1	Astrocytes	RPL11	topology_expression	1	NDRG1	0.784127609629302	FALSE	0.469108230733071	0	0	FALSE	3	4	1.6094379124341	3.25809653802148	4.68213122712422	0.952380952380952	3	4	1.6094379124341	3.04452243772342	4.26267987704132	1	0.159282174635067	0.146190775485096	0.331491882931197	0.23768705117747
phase18_rpl11_deep_dive_v1	Astrocytes	RPL11	topology_expression	2	SMTN	1.2778971067265	FALSE	0.396067124112984	0	0	FALSE	3	4	1.6094379124341	3.25809653802148	4.68213122712422	0.952380952380952	3	4	1.6094379124341	3.13549421592915	3.46573590279973	0.904761904761905	0.159282174635067	0.146190775485096	0.28323579645757	0.217748298319047
phase18_rpl11_deep_dive_v1	Astrocytes	RPL11	topology_expression	3	TUBB4B	1.30233387679804	FALSE	0.652599655595102	0	0	FALSE	3	4	1.6094379124341	3.25809653802148	4.68213122712422	0.952380952380952	2	3	1.38629436111989	2.83321334405622	3.93182563272433	0.952380952380952	0.159282174635067	0.146190775485096	0.141953250215905	0.131701413498442
phase18_rpl11_deep_dive_v1	Astrocytes	RPL11	topology_expression	4	LAMA5	1.30823957434783	FALSE	0.251053605263823	0	0	FALSE	3	4	1.6094379124341	3.25809653802148	4.68213122712422	0.952380952380952	3	4	1.6094379124341	2.99573227355399	3.40119738166216	1	0.159282174635067	0.146190775485096	0.200511425622841	0.182457641851322
phase18_rpl11_deep_dive_v1	Astrocytes	RPL11	topology_expression	5	FBXO2	1.78594127862013	FALSE	0.203660317806649	0	0	FALSE	3	4	1.6094379124341	3.25809653802148	4.68213122712422	0.952380952380952	4	6	1.79175946922805	2.94443897916644	3.36729582998647	1	0.159282174635067	0.146190775485096	0.290358051268611	0.241545086187299
phase18_rpl11_deep_dive_v1	Astrocytes	RPL11	topology_expression	6	TOM1L1	1.80573850859846	FALSE	0.335780994817735	0	0	FALSE	3	4	1.6094379124341	3.25809653802148	4.68213122712422	0.952380952380952	3	4	1.6094379124341	2.63905732961526	3.04452243772342	0.80952380952381	0.159282174635067	0.146190775485096	0.121468597263239	0.110492250498135
phase18_rpl11_deep_dive_v1	Astrocytes	RPL11	topology_expression	7	RPS27A	1.847796913028	FALSE	0.430091747546007	0	0	TRUE	3	4	1.6094379124341	3.25809653802148	4.68213122712422	0.952380952380952	5	6	1.94591014905531	2.77258872223978	4.36944785246702	0.952380952380952	0.159282174635067	0.146190775485096	0.132961217133811	0.123925166156274
phase18_rpl11_deep_dive_v1	Astrocytes	RPL11	topology_expression	8	EEF1D	1.87965896454806	FALSE	0.428453712375295	0	0	FALSE	3	4	1.6094379124341	3.25809653802148	4.68213122712422	0.952380952380952	4	5	1.79175946922805	2.70805020110221	3.36729582998647	1	0.159282174635067	0.146190775485096	0.329132388238655	0.297790823626954
phase18_rpl11_deep_dive_v1	Astrocytes	RPL11	topology_expression	9	ST3GAL1	1.90614571699244	FALSE	0.538931231937978	0	0	FALSE	3	4	1.6094379124341	3.25809653802148	4.68213122712422	0.952380952380952	3	4	1.6094379124341	2.39789527279837	3.43398720448515	1	0.159282174635067	0.146190775485096	0.396321051129452	0.306543280867623
phase18_rpl11_deep_dive_v1	Astrocytes	RPL11	topology_expression	10	LINC02427	1.9920175728043	FALSE	0.478871313441435	0	0	FALSE	3	4	1.6094379124341	3.25809653802148	4.68213122712422	0.952380952380952	2	3	1.38629436111989	2.56494935746154	3.13549421592915	0.904761904761905	0.159282174635067	0.146190775485096	0.133288982363196	0.116108800599099
phase18_rpl11_deep_dive_v1	Astrocytes	RPL11	topology_expression	11	LINC00882	2.06907025899469	FALSE	0.61444292080266	0	0	FALSE	3	4	1.6094379124341	3.25809653802148	4.68213122712422	0.952380952380952	3	4	1.6094379124341	3.2188758248682	3.98898404656427	1	0.159282174635067	0.146190775485096	0.680185593936154	0.467858623410316
phase18_rpl11_deep_dive_v1	Astrocytes	RPL11	topology_expression	12	CTXND1	2.16696504051812	FALSE	0.480086471748933	0	0	FALSE	3	4	1.6094379124341	3.25809653802148	4.68213122712422	0.952380952380952	2	4	1.38629436111989	2.484906649788	2.99573227355399	1	0.159282174635067	0.146190775485096	0.301241619122184	0.213836772355875
phase18_rpl11_deep_dive_v1	Astrocytes	RPL11	topology_expression	13	GABARAPL2	2.17061147055549	FALSE	0.212562719613444	0	0	FALSE	3	4	1.6094379124341	3.25809653802148	4.68213122712422	0.952380952380952	5	6	1.94591014905531	2.77258872223978	3.46573590279973	1	0.159282174635067	0.146190775485096	0.162759944059932	0.149333368993969
phase18_rpl11_deep_dive_v1	Astrocytes	RPL11	topology_expression	14	SUGT1	2.21412938613808	FALSE	0.468988886329097	0	0	FALSE	3	4	1.6094379124341	3.25809653802148	4.68213122712422	0.952380952380952	2	3	1.38629436111989	2.63905732961526	2.83321334405622	1	0.159282174635067	0.146190775485096	0.252063763735658	0.217514275398173
phase18_rpl11_deep_dive_v1	Astrocytes	RPL11	topology_expression	15	HSPA8	2.22593610470837	FALSE	0.164523724744093	0	0	FALSE	3	4	1.6094379124341	3.25809653802148	4.68213122712422	0.952380952380952	4	5	1.79175946922805	2.484906649788	2.94443897916644	1	0.159282174635067	0.146190775485096	0.299835615652795	0.239806630203667
phase18_rpl11_deep_dive_v1	Astrocytes	RPL11	topology_expression	16	ELL2	2.23198329701656	FALSE	0.0681633140198926	0	0	FALSE	3	4	1.6094379124341	3.25809653802148	4.68213122712422	0.952380952380952	5	6	1.94591014905531	2.83321334405622	3.61091791264422	1	0.159282174635067	0.146190775485096	0.434296108011911	0.22866045280092
phase18_rpl11_deep_dive_v1	Astrocytes	RPL11	topology_expression	17	MYLK	2.25538344250685	FALSE	0.483409902826182	0	0	FALSE	3	4	1.6094379124341	3.25809653802148	4.68213122712422	0.952380952380952	1	2	1.09861228866811	3.2188758248682	3.98898404656427	1	0.159282174635067	0.146190775485096	0.40145864417693	0.312433972104468
phase18_rpl11_deep_dive_v1	Astrocytes	RPL11	topology_expression	18	TRIM47	2.25940933821481	FALSE	0.464441730615384	0	0	FALSE	3	4	1.6094379124341	3.25809653802148	4.68213122712422	0.952380952380952	3	4	1.6094379124341	2.484906649788	2.63905732961526	1	0.159282174635067	0.146190775485096	0.238276071252519	0.205605851910296
phase18_rpl11_deep_dive_v1	Astrocytes	RPL11	topology_expression	19	ENTPD1	2.32441076581714	FALSE	0.154226397442551	0	0	FALSE	3	4	1.6094379124341	3.25809653802148	4.68213122712422	0.952380952380952	4	5	1.79175946922805	2.39789527279837	3.2188758248682	1	0.159282174635067	0.146190775485096	0.476535726153145	0.329123149547333
phase18_rpl11_deep_dive_v1	Astrocytes	RPL11	topology_expression	20	FAM193A	2.35285879093488	FALSE	1	0	0	FALSE	3	4	1.6094379124341	3.25809653802148	4.68213122712422	0.952380952380952	3	5	1.6094379124341	2.70805020110221	3.17805383034795	1	0.159282174635067	0.146190775485096	0.547571119679225	0.451958437529253
phase18_rpl11_deep_dive_v1	Astrocytes	RPL11	topology_expression	21	SLC9B1	2.35313860400258	FALSE	0.252438920252772	0	0	FALSE	3	4	1.6094379124341	3.25809653802148	4.68213122712422	0.952380952380952	2	3	1.38629436111989	2.07944154167984	3.13549421592915	0.952380952380952	0.159282174635067	0.146190775485096	0.158386584926397	0.125048476176467
phase18_rpl11_deep_dive_v1	Astrocytes	RPL11	topology_expression	22	PFDN5	2.37941499211037	FALSE	0.0055772076720301	0	0	FALSE	3	4	1.6094379124341	3.25809653802148	4.68213122712422	0.952380952380952	3	4	1.6094379124341	2.07944154167984	2.83321334405622	1	0.159282174635067	0.146190775485096	0.152439416334979	0.145288115647441
phase18_rpl11_deep_dive_v1	Astrocytes	RPL11	topology_expression	23	HMGCS1	2.39175292189111	FALSE	0.0564932581268162	0	0	FALSE	3	4	1.6094379124341	3.25809653802148	4.68213122712422	0.952380952380952	3	4	1.6094379124341	2.19722457733622	2.70805020110221	1	0.159282174635067	0.146190775485096	0.242298571096125	0.175289854103425
phase18_rpl11_deep_dive_v1	Astrocytes	RPL11	topology_expression	24	FGFRL1	2.3956513363099	FALSE	1	0	0	FALSE	3	4	1.6094379124341	3.25809653802148	4.68213122712422	0.952380952380952	3	5	1.6094379124341	2.19722457733622	2.77258872223978	1	0.159282174635067	0.146190775485096	0.264391777882818	0.231268136776368
phase18_rpl11_deep_dive_v1	Astrocytes	RPL11	topology_expression	25	GPCPD1	2.40650894382328	FALSE	0.168536241301051	0	0	FALSE	3	4	1.6094379124341	3.25809653802148	4.68213122712422	0.952380952380952	5	6	1.94591014905531	2.83321334405622	3.04452243772342	1	0.159282174635067	0.146190775485096	0.21496621016263	0.175383463271774
phase18_rpl11_deep_dive_v1	Astrocytes	RPL11	topology_expression	26	PLOD3	2.42593776738226	FALSE	0.324409376832098	0	0	FALSE	3	4	1.6094379124341	3.25809653802148	4.68213122712422	0.952380952380952	3	4	1.6094379124341	2.39789527279837	2.484906649788	0.80952380952381	0.159282174635067	0.146190775485096	0.151394009996053	0.133413124005403
phase18_rpl11_deep_dive_v1	Astrocytes	RPL11	topology_expression	27	MYH9	2.46841164591042	FALSE	0.250399922775094	0	0	FALSE	3	4	1.6094379124341	3.25809653802148	4.68213122712422	0.952380952380952	3	4	1.6094379124341	2.30258509299405	2.56494935746154	1	0.159282174635067	0.146190775485096	0.295670380605313	0.227871461239118
phase18_rpl11_deep_dive_v1	Astrocytes	RPL11	topology_expression	28	RPS25	2.47234837805152	FALSE	0.00229036130889655	1	1	TRUE	3	4	1.6094379124341	3.25809653802148	4.68213122712422	0.952380952380952	6	6	2.07944154167984	3.2188758248682	4.07753744390572	0.952380952380952	0.159282174635067	0.146190775485096	0.160809101251844	0.14627101191511
phase18_rpl11_deep_dive_v1	Astrocytes	RPL11	topology_expression	29	KLF7	2.49520472506383	FALSE	0.445386565159682	0	0	FALSE	3	4	1.6094379124341	3.25809653802148	4.68213122712422	0.952380952380952	4	5	1.79175946922805	2.89037175789616	3.29583686600433	1	0.159282174635067	0.146190775485096	0.642387949240415	0.456785996068415
phase18_rpl11_deep_dive_v1	Astrocytes	RPL11	topology_expression	30	RPL18	2.50861360401425	FALSE	0.039210758888588	0	0	TRUE	3	4	1.6094379124341	3.25809653802148	4.68213122712422	0.952380952380952	4	5	1.79175946922805	2.39789527279837	2.56494935746154	0.904761904761905	0.159282174635067	0.146190775485096	0.141570277413899	0.1337875606788
phase18_rpl11_deep_dive_v1	Astrocytes	RPL11	topology_expression	31	SESN1	2.5246472858608	FALSE	0.0739187755925834	0	0	FALSE	3	4	1.6094379124341	3.25809653802148	4.68213122712422	0.952380952380952	5	6	1.94591014905531	3.52636052461616	4.0943445622221	1	0.159282174635067	0.146190775485096	0.620303675411745	0.433771513392797
phase18_rpl11_deep_dive_v1	Astrocytes	RPL11	topology_expression	32	VEGFA	2.53956852088734	FALSE	0.00583501418389732	1	1	FALSE	3	4	1.6094379124341	3.25809653802148	4.68213122712422	0.952380952380952	3	4	1.6094379124341	2.484906649788	2.63905732961526	1	0.159282174635067	0.146190775485096	0.496182772001207	0.333007930033833
phase18_rpl11_deep_dive_v1	Astrocytes	RPL11	topology_expression	33	PGK1	2.56555974160675	FALSE	0.000134474427760896	3	2	FALSE	3	4	1.6094379124341	3.25809653802148	4.68213122712422	0.952380952380952	3	3	1.6094379124341	2.07944154167984	2.63905732961526	1	0.159282174635067	0.146190775485096	0.236139943791675	0.198484868746573
phase18_rpl11_deep_dive_v1	Astrocytes	RPL11	topology_expression	34	LYPD6	2.57139661251704	FALSE	1	0	0	FALSE	3	4	1.6094379124341	3.25809653802148	4.68213122712422	0.952380952380952	1	2	1.09861228866811	2.56494935746154	3.43398720448515	1	0.159282174635067	0.146190775485096	0.36754783285617	0.269587718477113
phase18_rpl11_deep_dive_v1	Astrocytes	RPL11	topology_expression	35	RAPGEF2	2.58218325084816	FALSE	1	0	0	FALSE	3	4	1.6094379124341	3.25809653802148	4.68213122712422	0.952380952380952	3	4	1.6094379124341	2.70805020110221	3.29583686600433	1	0.159282174635067	0.146190775485096	0.694683864165272	0.500394495780901
phase18_rpl11_deep_dive_v1	Astrocytes	RPL11	topology_expression	36	SEC61A1	2.58430640495583	FALSE	1	0	0	FALSE	3	4	1.6094379124341	3.25809653802148	4.68213122712422	0.952380952380952	4	5	1.79175946922805	2.39789527279837	2.484906649788	1	0.159282174635067	0.146190775485096	0.212314727208745	0.195636475481084
phase18_rpl11_deep_dive_v1	Astrocytes	RPL11	topology_expression	37	C3orf70	2.63055104431411	FALSE	0.31916715908271	0	0	FALSE	3	4	1.6094379124341	3.25809653802148	4.68213122712422	0.952380952380952	5	6	1.94591014905531	2.99573227355399	3.25809653802148	1	0.159282174635067	0.146190775485096	0.538356075856629	0.374904719239359
phase18_rpl11_deep_dive_v1	Astrocytes	RPL11	topology_expression	38	LRCH4	2.63779686968632	FALSE	0.310784909646104	0	0	FALSE	3	4	1.6094379124341	3.25809653802148	4.68213122712422	0.952380952380952	3	4	1.6094379124341	2.30258509299405	2.30258509299405	0.952380952380952	0.159282174635067	0.146190775485096	0.140606393934325	0.135271934634055
phase18_rpl11_deep_dive_v1	Astrocytes	RPL11	topology_expression	39	PRDX1	2.63851740838047	FALSE	0.0375272061086557	0	0	FALSE	3	4	1.6094379124341	3.25809653802148	4.68213122712422	0.952380952380952	6	7	2.07944154167984	3.76120011569356	4.7361984483945	1	0.159282174635067	0.146190775485096	0.259735641260167	0.224936145174447
phase18_rpl11_deep_dive_v1	Astrocytes	RPL11	topology_expression	40	WDR6	2.64494098101276	FALSE	0.0394261802978695	0	0	FALSE	3	4	1.6094379124341	3.25809653802148	4.68213122712422	0.952380952380952	3	4	1.6094379124341	2.39789527279837	2.484906649788	1	0.159282174635067	0.146190775485096	0.392634469161932	0.350459353561829
phase18_rpl11_deep_dive_v1	Astrocytes	RPL11	topology_expression	41	KCNMB2-AS1	2.66276611961443	FALSE	0.042260750631639	0	0	FALSE	3	4	1.6094379124341	3.25809653802148	4.68213122712422	0.952380952380952	4	5	1.79175946922805	2.99573227355399	3.43398720448515	1	0.159282174635067	0.146190775485096	0.812861453795379	0.445780232418192
phase18_rpl11_deep_dive_v1	Astrocytes	RPL11	topology_expression	42	KCTD3	2.71412693223394	FALSE	0.141209134960739	0	0	FALSE	3	4	1.6094379124341	3.25809653802148	4.68213122712422	0.952380952380952	6	7	2.07944154167984	3.3322045101752	4.00733318523247	1	0.159282174635067	0.146190775485096	0.362507139323763	0.273840249267843
phase18_rpl11_deep_dive_v1	Astrocytes	RPL11	topology_expression	43	CLCN7	2.73411040399571	FALSE	0.0690339652017337	0	0	FALSE	3	4	1.6094379124341	3.25809653802148	4.68213122712422	0.952380952380952	6	7	2.07944154167984	3.2188758248682	3.63758615972639	1	0.159282174635067	0.146190775485096	0.224060500637479	0.211235774749595
phase18_rpl11_deep_dive_v1	Astrocytes	RPL11	topology_expression	44	SH3RF1	2.73809706415885	FALSE	0.521288360580798	0	0	FALSE	3	4	1.6094379124341	3.25809653802148	4.68213122712422	0.952380952380952	3	4	1.6094379124341	2.70805020110221	3.78418963391826	1	0.159282174635067	0.146190775485096	0.844009452233449	0.541034247582878
phase18_rpl11_deep_dive_v1	Astrocytes	RPL11	topology_expression	45	MTMR1	2.73906504252011	FALSE	0.15386955579278	0	0	FALSE	3	4	1.6094379124341	3.25809653802148	4.68213122712422	0.952380952380952	3	4	1.6094379124341	2.39789527279837	2.63905732961526	1	0.159282174635067	0.146190775485096	0.522906833053812	0.416620976477353
phase18_rpl11_deep_dive_v1	Astrocytes	RPL11	topology_expression	46	UTP23	2.7480158541671	FALSE	1	0	0	FALSE	3	4	1.6094379124341	3.25809653802148	4.68213122712422	0.952380952380952	5	6	1.94591014905531	2.484906649788	2.77258872223978	1	0.159282174635067	0.146190775485096	0.259818148234631	0.214853100469383
phase18_rpl11_deep_dive_v1	Astrocytes	RPL11	topology_expression	47	LGALS3	2.76716721546349	FALSE	1	0	0	FALSE	3	4	1.6094379124341	3.25809653802148	4.68213122712422	0.952380952380952	4	5	1.79175946922805	2.19722457733622	2.484906649788	1	0.159282174635067	0.146190775485096	0.322795295646306	0.245289452921275
phase18_rpl11_deep_dive_v1	Astrocytes	RPL11	topology_expression	48	ARHGAP35	2.79440616508146	FALSE	1	0	0	FALSE	3	4	1.6094379124341	3.25809653802148	4.68213122712422	0.952380952380952	3	5	1.6094379124341	2.63905732961526	2.70805020110221	1	0.159282174635067	0.146190775485096	0.61567597307097	0.466287326655879
phase18_rpl11_deep_dive_v1	Astrocytes	RPL11	topology_expression	49	INSIG1	2.79488939452886	FALSE	0.0757731967826702	0	0	FALSE	3	4	1.6094379124341	3.25809653802148	4.68213122712422	0.952380952380952	3	4	1.6094379124341	2.19722457733622	2.19722457733622	0.952380952380952	0.159282174635067	0.146190775485096	0.176842697210965	0.143563032402145
phase18_rpl11_deep_dive_v1	Astrocytes	RPL11	topology_expression	50	FGF2	2.80869646674987	FALSE	0.574876625542583	0	0	FALSE	3	4	1.6094379124341	3.25809653802148	4.68213122712422	0.952380952380952	3	4	1.6094379124341	2.99573227355399	4.04305126783455	1	0.159282174635067	0.146190775485096	0.903475444291282	0.578752056058519
phase18_rpl11_deep_dive_v1	Astrocytes	RPL11	topology_expression	51	RPS11	2.83616429529821	FALSE	0.469773638529327	0	0	TRUE	3	4	1.6094379124341	3.25809653802148	4.68213122712422	0.952380952380952	2	3	1.38629436111989	1.79175946922805	2.77258872223978	0.952380952380952	0.159282174635067	0.146190775485096	0.156793077416992	0.144586046884821
phase18_rpl11_deep_dive_v1	Astrocytes	RPL11	topology_expression	52	ZCCHC24	2.85058125543951	FALSE	1	0	0	FALSE	3	4	1.6094379124341	3.25809653802148	4.68213122712422	0.952380952380952	4	5	1.79175946922805	2.39789527279837	2.484906649788	1	0.159282174635067	0.146190775485096	0.475875376392977	0.35574827157357
phase18_rpl11_deep_dive_v1	Astrocytes	RPL11	topology_expression	53	EIF4A2	2.85145721364991	FALSE	0.00193119502844623	1	1	FALSE	3	4	1.6094379124341	3.25809653802148	4.68213122712422	0.952380952380952	3	4	1.6094379124341	2.19722457733622	2.19722457733622	1	0.159282174635067	0.146190775485096	0.280567601604607	0.256014389066449
phase18_rpl11_deep_dive_v1	Astrocytes	RPL11	topology_expression	54	RPS14	2.85769775397096	FALSE	0.0114936631356289	1	1	TRUE	3	4	1.6094379124341	3.25809653802148	4.68213122712422	0.952380952380952	6	7	2.07944154167984	4.26267987704132	4.91998092582813	0.857142857142857	0.159282174635067	0.146190775485096	0.133523034628135	0.12607817702831
phase18_rpl11_deep_dive_v1	Astrocytes	RPL11	topology_expression	55	PDXDC1	2.85977061482311	FALSE	0.275213986917928	0	0	FALSE	3	4	1.6094379124341	3.25809653802148	4.68213122712422	0.952380952380952	4	5	1.79175946922805	2.39789527279837	2.484906649788	1	0.159282174635067	0.146190775485096	0.446362522028518	0.379718905040185
phase18_rpl11_deep_dive_v1	Astrocytes	RPL11	topology_expression	56	CTSF	2.86860778943593	FALSE	1	0	0	FALSE	3	4	1.6094379124341	3.25809653802148	4.68213122712422	0.952380952380952	5	6	1.94591014905531	2.39789527279837	2.70805020110221	1	0.159282174635067	0.146190775485096	0.290818071977655	0.258775859532757
phase18_rpl11_deep_dive_v1	Astrocytes	RPL11	topology_expression	57	PIK3R1	2.87411200320483	FALSE	0.0892310572618461	0	0	FALSE	3	4	1.6094379124341	3.25809653802148	4.68213122712422	0.952380952380952	5	6	1.94591014905531	2.89037175789616	3.97029191355212	1	0.159282174635067	0.146190775485096	0.721148469395993	0.509314112250766
phase18_rpl11_deep_dive_v1	Astrocytes	RPL11	topology_expression	58	TTC7A	2.88655607467437	FALSE	1	0	0	FALSE	3	4	1.6094379124341	3.25809653802148	4.68213122712422	0.952380952380952	2	3	1.38629436111989	1.94591014905531	2.77258872223978	1	0.159282174635067	0.146190775485096	0.402286264368892	0.330788055470119
phase18_rpl11_deep_dive_v1	Astrocytes	RPL11	topology_expression	59	PEAK1	2.89547148098269	FALSE	1	0	0	FALSE	3	4	1.6094379124341	3.25809653802148	4.68213122712422	0.952380952380952	4	5	1.79175946922805	2.83321334405622	2.89037175789616	1	0.159282174635067	0.146190775485096	0.69609153050732	0.495994864868479
phase18_rpl11_deep_dive_v1	Astrocytes	RPL11	topology_expression	60	ATP9A	2.89881214699589	FALSE	1	0	0	FALSE	3	4	1.6094379124341	3.25809653802148	4.68213122712422	0.952380952380952	2	3	1.38629436111989	2.30258509299405	2.56494935746154	1	0.159282174635067	0.146190775485096	0.488737767870829	0.375346019604434
phase18_rpl11_deep_dive_v1	Astrocytes	RPL11	topology_expression	61	NWD1	2.9052240275493	FALSE	1	0	0	FALSE	3	4	1.6094379124341	3.25809653802148	4.68213122712422	0.952380952380952	3	4	1.6094379124341	2.30258509299405	2.56494935746154	1	0.159282174635067	0.146190775485096	0.579189778950487	0.418326000615146
phase18_rpl11_deep_dive_v1	Astrocytes	RPL11	topology_expression	62	PROS1	2.90620900491222	FALSE	1	0	0	FALSE	3	4	1.6094379124341	3.25809653802148	4.68213122712422	0.952380952380952	4	6	1.79175946922805	2.19722457733622	2.30258509299405	0.857142857142857	0.159282174635067	0.146190775485096	0.21201187061984	0.146625389481004
phase18_rpl11_deep_dive_v1	Astrocytes	RPL11	topology_expression	63	NUFIP2	2.90850099254236	FALSE	0.409669813068935	0	0	FALSE	3	4	1.6094379124341	3.25809653802148	4.68213122712422	0.952380952380952	6	7	2.07944154167984	3.09104245335832	3.98898404656427	1	0.159282174635067	0.146190775485096	0.466391488740324	0.375934420091202
phase18_rpl11_deep_dive_v1	Astrocytes	RPL11	topology_expression	64	TMBIM1	2.9270305004301	FALSE	0.0132370147339786	0	0	FALSE	3	4	1.6094379124341	3.25809653802148	4.68213122712422	0.952380952380952	6	7	2.07944154167984	2.99573227355399	3.49650756146648	1	0.159282174635067	0.146190775485096	0.38556137779943	0.297891119164471
phase18_rpl11_deep_dive_v1	Astrocytes	RPL11	topology_expression	65	EMID1	2.93319026557061	FALSE	0.298263045901339	0	0	FALSE	3	4	1.6094379124341	3.25809653802148	4.68213122712422	0.952380952380952	4	5	1.79175946922805	2.484906649788	2.77258872223978	1	0.159282174635067	0.146190775485096	0.606906262699967	0.473328073389588
phase18_rpl11_deep_dive_v1	Astrocytes	RPL11	topology_expression	66	CNN3	2.93430737941005	FALSE	1	0	0	FALSE	3	4	1.6094379124341	3.25809653802148	4.68213122712422	0.952380952380952	4	5	1.79175946922805	2.63905732961526	3.40119738166216	1	0.159282174635067	0.146190775485096	0.808196959791598	0.525167493547654
phase18_rpl11_deep_dive_v1	Astrocytes	RPL11	topology_expression	67	SORBS3	2.94539730546102	FALSE	1	0	0	FALSE	3	4	1.6094379124341	3.25809653802148	4.68213122712422	0.952380952380952	3	4	1.6094379124341	2.07944154167984	2.30258509299405	1	0.159282174635067	0.146190775485096	0.385202085192672	0.31726153064363
phase18_rpl11_deep_dive_v1	Astrocytes	RPL11	topology_expression	68	SERGEF	2.96456121476684	FALSE	1	0	0	FALSE	3	4	1.6094379124341	3.25809653802148	4.68213122712422	0.952380952380952	4	5	1.79175946922805	2.19722457733622	2.39789527279837	1	0.159282174635067	0.146190775485096	0.431950343077933	0.328508003583894
phase18_rpl11_deep_dive_v1	Astrocytes	RPL11	topology_expression	69	WFS1	2.96810753856499	FALSE	0.532386567440892	0	0	FALSE	3	4	1.6094379124341	3.25809653802148	4.68213122712422	0.952380952380952	6	7	2.07944154167984	3.61091791264422	3.95124371858143	1	0.159282174635067	0.146190775485096	0.469218508538045	0.390236563741157
phase18_rpl11_deep_dive_v1	Astrocytes	RPL11	topology_expression	70	FAIM2	2.97669615012957	FALSE	0.40160172230848	0	0	FALSE	3	4	1.6094379124341	3.25809653802148	4.68213122712422	0.952380952380952	4	5	1.79175946922805	2.19722457733622	2.19722457733622	0.857142857142857	0.159282174635067	0.146190775485096	0.281123011309269	0.248070982495086
phase18_rpl11_deep_dive_v1	Astrocytes	RPL11	topology_expression	71	AP2M1	2.97795007176275	FALSE	0.230663201945959	0	0	FALSE	3	4	1.6094379124341	3.25809653802148	4.68213122712422	0.952380952380952	5	5	1.94591014905531	2.30258509299405	2.484906649788	0.904761904761905	0.159282174635067	0.146190775485096	0.238797542445153	0.221913906310595
phase18_rpl11_deep_dive_v1	Astrocytes	RPL11	topology_expression	72	DAAM2	2.97967208208226	FALSE	1	0	0	FALSE	3	4	1.6094379124341	3.25809653802148	4.68213122712422	0.952380952380952	4	5	1.79175946922805	2.83321334405622	3.04452243772342	1	0.159282174635067	0.146190775485096	0.770621083261248	0.524278206448334
phase18_rpl11_deep_dive_v1	Astrocytes	RPL11	topology_expression	73	TNPO2	2.98158138260979	FALSE	0.265906673656562	0	0	FALSE	3	4	1.6094379124341	3.25809653802148	4.68213122712422	0.952380952380952	4	5	1.79175946922805	2.19722457733622	2.19722457733622	1	0.159282174635067	0.146190775485096	0.280916031024664	0.257826395110927
phase18_rpl11_deep_dive_v1	Astrocytes	RPL11	topology_expression	74	BCAN	2.99905235767818	FALSE	0.316555502592805	0	0	FALSE	3	4	1.6094379124341	3.25809653802148	4.68213122712422	0.952380952380952	5	8	1.94591014905531	2.77258872223978	3.13549421592915	1	0.159282174635067	0.146190775485096	0.508233304466105	0.402933978790837
phase18_rpl11_deep_dive_v1	Astrocytes	RPL11	topology_expression	75	P4HB	2.99996162320448	FALSE	1	0	0	FALSE	3	4	1.6094379124341	3.25809653802148	4.68213122712422	0.952380952380952	3	4	1.6094379124341	2.07944154167984	2.07944154167984	1	0.159282174635067	0.146190775485096	0.246284048513854	0.223792776046751
phase18_rpl11_deep_dive_v1	Astrocytes	RPL11	topology_expression	76	OTUD7B	3.00564693457159	FALSE	1	0	0	FALSE	3	4	1.6094379124341	3.25809653802148	4.68213122712422	0.952380952380952	2	5	1.38629436111989	2.56494935746154	3.36729582998647	1	0.159282174635067	0.146190775485096	0.789913320566473	0.543936131801709
phase18_rpl11_deep_dive_v1	Astrocytes	RPL11	topology_expression	77	ANKRD9	3.00901576906581	FALSE	0.180539456106319	0	0	FALSE	3	4	1.6094379124341	3.25809653802148	4.68213122712422	0.952380952380952	3	3	1.6094379124341	1.94591014905531	2.19722457733622	1	0.159282174635067	0.146190775485096	0.224669553098927	0.203700236697469
phase18_rpl11_deep_dive_v1	Astrocytes	RPL11	topology_expression	78	ENHO	3.01424561919205	FALSE	1	0	0	FALSE	3	4	1.6094379124341	3.25809653802148	4.68213122712422	0.952380952380952	4	6	1.79175946922805	2.30258509299405	2.39789527279837	1	0.159282174635067	0.146190775485096	0.465325618717509	0.355280225731823
phase18_rpl11_deep_dive_v1	Astrocytes	RPL11	topology_expression	79	HSPA1A	3.05010700881322	FALSE	0.162661927422822	0	0	FALSE	3	4	1.6094379124341	3.25809653802148	4.68213122712422	0.952380952380952	1	3	1.09861228866811	2.30258509299405	3.40119738166216	1	0.159282174635067	0.146190775485096	0.712181498064377	0.31784324476123
phase18_rpl11_deep_dive_v1	Astrocytes	RPL11	topology_expression	80	SMARCD3	3.05027397971634	FALSE	0.247385366785549	0	0	FALSE	3	4	1.6094379124341	3.25809653802148	4.68213122712422	0.952380952380952	2	4	1.38629436111989	2.07944154167984	2.19722457733622	1	0.159282174635067	0.146190775485096	0.281274433160741	0.251628130892363
phase18_rpl11_deep_dive_v1	Astrocytes	RPL11	topology_expression	81	KAZN	3.05122858121117	FALSE	1	0	0	FALSE	3	4	1.6094379124341	3.25809653802148	4.68213122712422	0.952380952380952	6	7	2.07944154167984	2.99573227355399	3.76120011569356	1	0.159282174635067	0.146190775485096	0.623158260572036	0.30716511320023
phase18_rpl11_deep_dive_v1	Astrocytes	RPL11	topology_expression	82	PRTFDC1	3.05470803523034	FALSE	0.00388969347918	1	1	FALSE	3	4	1.6094379124341	3.25809653802148	4.68213122712422	0.952380952380952	3	4	1.6094379124341	2.30258509299405	2.30258509299405	1	0.159282174635067	0.146190775485096	0.549332955534718	0.413398146538467
phase18_rpl11_deep_dive_v1	Astrocytes	RPL11	topology_expression	83	CEBPD	3.05557257349104	FALSE	1	0	0	FALSE	3	4	1.6094379124341	3.25809653802148	4.68213122712422	0.952380952380952	2	3	1.38629436111989	1.94591014905531	2.30258509299405	1	0.159282174635067	0.146190775485096	0.268484612437546	0.193931451343292
phase18_rpl11_deep_dive_v1	Astrocytes	RPL11	topology_expression	84	SACS	3.06555051685873	FALSE	1	0	0	FALSE	3	4	1.6094379124341	3.25809653802148	4.68213122712422	0.952380952380952	4	5	1.79175946922805	2.19722457733622	2.19722457733622	1	0.159282174635067	0.146190775485096	0.376448334330569	0.312888645207879
phase18_rpl11_deep_dive_v1	Astrocytes	RPL11	topology_expression	85	ARL6IP4	3.06636016186797	FALSE	0.254938834599102	0	0	FALSE	3	4	1.6094379124341	3.25809653802148	4.68213122712422	0.952380952380952	1	2	1.09861228866811	2.19722457733622	2.70805020110221	1	0.159282174635067	0.146190775485096	0.196520192254331	0.18677703633373
phase18_rpl11_deep_dive_v1	Astrocytes	RPL11	topology_expression	86	YTHDF1	3.07525218566068	FALSE	1	0	0	FALSE	3	4	1.6094379124341	3.25809653802148	4.68213122712422	0.952380952380952	5	7	1.94591014905531	2.30258509299405	2.56494935746154	1	0.159282174635067	0.146190775485096	0.26508448524167	0.209470573289292
phase18_rpl11_deep_dive_v1	Astrocytes	RPL11	topology_expression	87	LTN1	3.07671664315423	FALSE	1	0	0	FALSE	3	4	1.6094379124341	3.25809653802148	4.68213122712422	0.952380952380952	3	4	1.6094379124341	1.94591014905531	2.07944154167984	1	0.159282174635067	0.146190775485096	0.208500699549426	0.187505850573022
phase18_rpl11_deep_dive_v1	Astrocytes	RPL11	topology_expression	88	ATXN7L1	3.08229669180474	FALSE	1	0	0	FALSE	3	4	1.6094379124341	3.25809653802148	4.68213122712422	0.952380952380952	2	3	1.38629436111989	2.484906649788	2.56494935746154	1	0.159282174635067	0.146190775485096	0.634063206276677	0.457862501504433
phase18_rpl11_deep_dive_v1	Astrocytes	RPL11	topology_expression	89	CFAP70	3.09243431699426	FALSE	0.241212358199176	0	0	FALSE	3	4	1.6094379124341	3.25809653802148	4.68213122712422	0.952380952380952	4	5	1.79175946922805	2.19722457733622	2.30258509299405	1	0.159282174635067	0.146190775485096	0.45824278859946	0.363263750518194
phase18_rpl11_deep_dive_v1	Astrocytes	RPL11	topology_expression	90	DPH6	3.1048074698382	FALSE	0.523109040616947	0	0	FALSE	3	4	1.6094379124341	3.25809653802148	4.68213122712422	0.952380952380952	5	5	1.94591014905531	2.70805020110221	3.46573590279973	1	0.159282174635067	0.146190775485096	0.789977050110449	0.50106981906685
phase18_rpl11_deep_dive_v1	Astrocytes	RPL11	topology_expression	91	GRINA	3.11071648207322	FALSE	0.0699726524795299	0	0	FALSE	3	4	1.6094379124341	3.25809653802148	4.68213122712422	0.952380952380952	5	6	1.94591014905531	2.30258509299405	2.484906649788	1	0.159282174635067	0.146190775485096	0.335854989808958	0.294300538921355
phase18_rpl11_deep_dive_v1	Astrocytes	RPL11	topology_expression	92	RPL32	3.11394113836051	FALSE	0.0836871373378571	0	0	TRUE	3	4	1.6094379124341	3.25809653802148	4.68213122712422	0.952380952380952	5	7	1.94591014905531	2.39789527279837	2.39789527279837	0.952380952380952	0.159282174635067	0.146190775485096	0.164854423405452	0.147046630738576
phase18_rpl11_deep_dive_v1	Astrocytes	RPL11	topology_expression	93	KCNA2	3.13006745942376	FALSE	0.400828333850576	0	0	FALSE	3	4	1.6094379124341	3.25809653802148	4.68213122712422	0.952380952380952	4	5	1.79175946922805	1.94591014905531	2.19722457733622	1	0.159282174635067	0.146190775485096	0.259802678695443	0.229095066796828
phase18_rpl11_deep_dive_v1	Astrocytes	RPL11	topology_expression	94	UBB	3.13625577946835	FALSE	0.21174173329258	0	0	FALSE	3	4	1.6094379124341	3.25809653802148	4.68213122712422	0.952380952380952	2	3	1.38629436111989	2.07944154167984	2.07944154167984	1	0.159282174635067	0.146190775485096	0.253528136134804	0.217701493734872
phase18_rpl11_deep_dive_v1	Astrocytes	RPL11	topology_expression	95	TMEM9	3.14623790550756	FALSE	0.325772231493008	0	0	FALSE	3	4	1.6094379124341	3.25809653802148	4.68213122712422	0.952380952380952	3	6	1.6094379124341	1.94591014905531	2.07944154167984	0.80952380952381	0.159282174635067	0.146190775485096	0.137819847824309	0.131266799502534
phase18_rpl11_deep_dive_v1	Astrocytes	RPL11	topology_expression	96	SLC44A3	3.14790426058321	FALSE	0.0754606654410006	0	0	FALSE	3	4	1.6094379124341	3.25809653802148	4.68213122712422	0.952380952380952	1	2	1.09861228866811	2.07944154167984	2.89037175789616	1	0.159282174635067	0.146190775485096	0.39825803897837	0.279831236042204
phase18_rpl11_deep_dive_v1	Astrocytes	RPL11	topology_expression	97	ZBTB16	3.14997449376177	FALSE	0.786801985837242	0	0	FALSE	3	4	1.6094379124341	3.25809653802148	4.68213122712422	0.952380952380952	2	3	1.38629436111989	3.04452243772342	4.23410650459726	1	0.159282174635067	0.146190775485096	0.966038816671807	0.623330079300338
phase18_rpl11_deep_dive_v1	Astrocytes	RPL11	topology_expression	98	PNPLA7	3.15166259007433	FALSE	1	0	0	FALSE	3	4	1.6094379124341	3.25809653802148	4.68213122712422	0.952380952380952	3	4	1.6094379124341	2.19722457733622	2.19722457733622	1	0.159282174635067	0.146190775485096	0.50945933423332	0.409680525281162
phase18_rpl11_deep_dive_v1	Astrocytes	RPL11	topology_expression	99	ADORA1	3.1551706701814	FALSE	0.281533640325773	0	0	FALSE	3	4	1.6094379124341	3.25809653802148	4.68213122712422	0.952380952380952	2	3	1.38629436111989	1.79175946922805	2.30258509299405	0.904761904761905	0.159282174635067	0.146190775485096	0.165273926923529	0.146237580069271
phase18_rpl11_deep_dive_v1	Astrocytes	RPL11	topology_expression	100	ARIH1	3.15654673801755	FALSE	1	0	0	FALSE	3	4	1.6094379124341	3.25809653802148	4.68213122712422	0.952380952380952	3	4	1.6094379124341	2.484906649788	2.484906649788	1	0.159282174635067	0.146190775485096	0.683536292484054	0.509795530830848
phase18_rpl11_deep_dive_v1	Astrocytes	RPL11	topology_expression	101	IFT140	3.16134138104616	FALSE	1	0	0	FALSE	3	4	1.6094379124341	3.25809653802148	4.68213122712422	0.952380952380952	4	6	1.79175946922805	2.07944154167984	2.07944154167984	1	0.159282174635067	0.146190775485096	0.21329837814605	0.194834111180947
phase18_rpl11_deep_dive_v1	Astrocytes	RPL11	topology_expression	102	VPS8	3.16566833451912	FALSE	0.478076123433403	0	0	FALSE	3	4	1.6094379124341	3.25809653802148	4.68213122712422	0.952380952380952	2	3	1.38629436111989	2.30258509299405	2.39789527279837	1	0.159282174635067	0.146190775485096	0.553993011569703	0.438191203412723
phase18_rpl11_deep_dive_v1	Astrocytes	RPL11	topology_expression	103	SRP14	3.17462694797583	FALSE	0.396626203029265	0	0	FALSE	3	4	1.6094379124341	3.25809653802148	4.68213122712422	0.952380952380952	5	7	1.94591014905531	2.30258509299405	2.484906649788	1	0.159282174635067	0.146190775485096	0.321947630670229	0.266050629187339
phase18_rpl11_deep_dive_v1	Astrocytes	RPL11	topology_expression	104	FLNA	3.18071904004449	FALSE	0.226509561412683	0	0	FALSE	3	4	1.6094379124341	3.25809653802148	4.68213122712422	0.952380952380952	5	6	1.94591014905531	2.30258509299405	2.30258509299405	1	0.159282174635067	0.146190775485096	0.280198841165897	0.240702603672154
phase18_rpl11_deep_dive_v1	Astrocytes	RPL11	topology_expression	105	EBF4	3.18124798192359	FALSE	1	0	0	FALSE	3	4	1.6094379124341	3.25809653802148	4.68213122712422	0.952380952380952	3	4	1.6094379124341	1.94591014905531	1.94591014905531	0.80952380952381	0.159282174635067	0.146190775485096	0.144062772241196	0.126151727089156
phase18_rpl11_deep_dive_v1	Astrocytes	RPL11	topology_expression	106	ZBTB8OS	3.18130782643223	FALSE	1	0	0	FALSE	3	4	1.6094379124341	3.25809653802148	4.68213122712422	0.952380952380952	5	6	1.94591014905531	2.39789527279837	2.39789527279837	1	0.159282174635067	0.146190775485096	0.385743248889703	0.333195148370532
phase18_rpl11_deep_dive_v1	Astrocytes	RPL11	topology_expression	107	DNAJA1	3.18180266535779	FALSE	0.3581332806185	0	0	FALSE	3	4	1.6094379124341	3.25809653802148	4.68213122712422	0.952380952380952	6	7	2.07944154167984	2.70805020110221	2.83321334405622	1	0.159282174635067	0.146190775485096	0.204579435153428	0.169599753941615
phase18_rpl11_deep_dive_v1	Astrocytes	RPL11	topology_expression	108	AP3B2	3.18885046230316	FALSE	1	0	0	FALSE	3	4	1.6094379124341	3.25809653802148	4.68213122712422	0.952380952380952	3	4	1.6094379124341	1.94591014905531	1.94591014905531	1	0.159282174635067	0.146190775485096	0.237089897157075	0.187860228138916
phase18_rpl11_deep_dive_v1	Astrocytes	RPL11	topology_expression	109	HGSNAT	3.19785114299353	FALSE	1	0	0	FALSE	3	4	1.6094379124341	3.25809653802148	4.68213122712422	0.952380952380952	5	6	1.94591014905531	2.39789527279837	2.39789527279837	1	0.159282174635067	0.146190775485096	0.406837100964511	0.337915725003009
phase18_rpl11_deep_dive_v1	Astrocytes	RPL11	topology_expression	110	MAP2K6	3.20037718052544	FALSE	1	0	0	FALSE	3	4	1.6094379124341	3.25809653802148	4.68213122712422	0.952380952380952	3	5	1.6094379124341	1.94591014905531	1.94591014905531	0.80952380952381	0.159282174635067	0.146190775485096	0.206892720150147	0.142840904532021
phase18_rpl11_deep_dive_v1	Astrocytes	RPL11	topology_expression	111	HMGN1	3.21455238238465	FALSE	1	0	0	FALSE	3	4	1.6094379124341	3.25809653802148	4.68213122712422	0.952380952380952	3	4	1.6094379124341	1.94591014905531	1.94591014905531	1	0.159282174635067	0.146190775485096	0.270251794396178	0.238442610893433
phase18_rpl11_deep_dive_v1	Astrocytes	RPL11	topology_expression	112	AGRN	3.23052566638337	FALSE	0.055067035444402	0	0	FALSE	3	4	1.6094379124341	3.25809653802148	4.68213122712422	0.952380952380952	6	7	2.07944154167984	2.484906649788	2.89037175789616	0.857142857142857	0.159282174635067	0.146190775485096	0.13166666549167	0.126118295243317
phase18_rpl11_deep_dive_v1	Astrocytes	RPL11	topology_expression	113	CASTOR2	3.23319724171742	FALSE	0.3581332806185	0	0	FALSE	3	4	1.6094379124341	3.25809653802148	4.68213122712422	0.952380952380952	6	7	2.07944154167984	2.484906649788	2.94443897916644	1	0.159282174635067	0.146190775485096	0.266289165698528	0.233327538480055
phase18_rpl11_deep_dive_v1	Astrocytes	RPL11	topology_expression	114	MLLT6	3.24277512156141	FALSE	1	0	0	FALSE	3	4	1.6094379124341	3.25809653802148	4.68213122712422	0.952380952380952	5	6	1.94591014905531	2.30258509299405	2.30258509299405	1	0.159282174635067	0.146190775485096	0.339218470386134	0.301856136080985
phase18_rpl11_deep_dive_v1	Astrocytes	RPL11	topology_expression	115	FGF1	3.24547383242971	FALSE	1	0	0	FALSE	3	4	1.6094379124341	3.25809653802148	4.68213122712422	0.952380952380952	2	3	1.38629436111989	2.07944154167984	2.07944154167984	1	0.159282174635067	0.146190775485096	0.423830050796782	0.284137257786277
phase18_rpl11_deep_dive_v1	Astrocytes	RPL11	topology_expression	116	ADGRG1	3.24570465476818	FALSE	1	0	0	FALSE	3	4	1.6094379124341	3.25809653802148	4.68213122712422	0.952380952380952	5	7	1.94591014905531	3.17805383034795	3.66356164612965	1	0.159282174635067	0.146190775485096	0.787798840150262	0.570353976383744
phase18_rpl11_deep_dive_v1	Astrocytes	RPL11	topology_expression	117	CLIC4	3.24696441575245	FALSE	1	0	0	FALSE	3	4	1.6094379124341	3.25809653802148	4.68213122712422	0.952380952380952	6	7	2.07944154167984	2.56494935746154	3.04452243772342	1	0.159282174635067	0.146190775485096	0.431372814147439	0.273057944075208
phase18_rpl11_deep_dive_v1	Astrocytes	RPL11	topology_expression	118	ERI3	3.2503772796466	FALSE	0.318300536914939	0	0	FALSE	3	4	1.6094379124341	3.25809653802148	4.68213122712422	0.952380952380952	3	4	1.6094379124341	2.30258509299405	2.56494935746154	1	0.159282174635067	0.146190775485096	0.704142422154166	0.52637103999786
phase18_rpl11_deep_dive_v1	Astrocytes	RPL11	topology_expression	119	HSPH1	3.25813142165804	FALSE	0.0110540936778505	0	0	FALSE	3	4	1.6094379124341	3.25809653802148	4.68213122712422	0.952380952380952	6	7	2.07944154167984	2.77258872223978	2.77258872223978	1	0.159282174635067	0.146190775485096	0.370885005645108	0.215635405662017
phase18_rpl11_deep_dive_v1	Astrocytes	RPL11	topology_expression	120	PFKP	3.26022443249736	FALSE	1	0	0	FALSE	3	4	1.6094379124341	3.25809653802148	4.68213122712422	0.952380952380952	4	5	1.79175946922805	2.19722457733622	2.19722457733622	1	0.159282174635067	0.146190775485096	0.53321841828639	0.388892603538427
phase18_rpl11_deep_dive_v1	Astrocytes	RPL11	topology_expression	121	NUMBL	3.26044209375434	FALSE	1	0	0	FALSE	3	4	1.6094379124341	3.25809653802148	4.68213122712422	0.952380952380952	1	2	1.09861228866811	2.19722457733622	2.39789527279837	1	0.159282174635067	0.146190775485096	0.19216542968739	0.168001711710507
phase18_rpl11_deep_dive_v1	Astrocytes	RPL11	topology_expression	122	TECPR2	3.26815713574822	FALSE	0.107132009024476	0	0	FALSE	3	4	1.6094379124341	3.25809653802148	4.68213122712422	0.952380952380952	3	4	1.6094379124341	2.07944154167984	2.07944154167984	1	0.159282174635067	0.146190775485096	0.475825520973683	0.397116837614838
phase18_rpl11_deep_dive_v1	Astrocytes	RPL11	topology_expression	123	SPAG9	3.27197447024751	FALSE	0.636328818508148	0	0	FALSE	3	4	1.6094379124341	3.25809653802148	4.68213122712422	0.952380952380952	3	4	1.6094379124341	2.77258872223978	3.29583686600433	1	0.159282174635067	0.146190775485096	0.910410870835665	0.641597239866808
phase18_rpl11_deep_dive_v1	Astrocytes	RPL11	topology_expression	124	INPP5F	3.28298870569165	FALSE	0.269174110939923	0	0	FALSE	3	4	1.6094379124341	3.25809653802148	4.68213122712422	0.952380952380952	5	6	1.94591014905531	2.39789527279837	2.484906649788	1	0.159282174635067	0.146190775485096	0.533230187169072	0.383001912301582
phase18_rpl11_deep_dive_v1	Astrocytes	RPL11	topology_expression	125	PFKFB3	3.29311542633875	FALSE	1	0	0	FALSE	3	4	1.6094379124341	3.25809653802148	4.68213122712422	0.952380952380952	3	5	1.6094379124341	2.56494935746154	2.89037175789616	1	0.159282174635067	0.146190775485096	0.859350191269813	0.575114671231228
phase18_rpl11_deep_dive_v1	Astrocytes	RPL11	topology_expression	126	SDS	3.2934092293183	FALSE	1	0	0	FALSE	3	4	1.6094379124341	3.25809653802148	4.68213122712422	0.952380952380952	3	4	1.6094379124341	1.79175946922805	1.94591014905531	0.904761904761905	0.159282174635067	0.146190775485096	0.159242260962633	0.127127936987657
phase18_rpl11_deep_dive_v1	Astrocytes	RPL11	topology_expression	127	MIB2	3.2939261684745	FALSE	1	0	0	FALSE	3	4	1.6094379124341	3.25809653802148	4.68213122712422	0.952380952380952	4	5	1.79175946922805	1.94591014905531	1.94591014905531	1	0.159282174635067	0.146190775485096	0.167860752544075	0.162304925179529
phase18_rpl11_deep_dive_v1	Astrocytes	RPL11	topology_expression	128	B4GAT1	3.29416884399463	FALSE	1	0	0	FALSE	3	4	1.6094379124341	3.25809653802148	4.68213122712422	0.952380952380952	2	4	1.38629436111989	1.94591014905531	1.94591014905531	1	0.159282174635067	0.146190775485096	0.196020166143649	0.179542384894155
phase18_rpl11_deep_dive_v1	Astrocytes	RPL11	topology_expression	129	DPP7	3.29999535655283	FALSE	0.162597972206483	0	0	FALSE	3	4	1.6094379124341	3.25809653802148	4.68213122712422	0.952380952380952	5	7	1.94591014905531	2.30258509299405	2.30258509299405	1	0.159282174635067	0.146190775485096	0.303386418560645	0.280493186589818
phase18_rpl11_deep_dive_v1	Astrocytes	RPL11	topology_expression	130	TMEM59L	3.30017696690432	FALSE	0.345257884530587	0	0	FALSE	3	4	1.6094379124341	3.25809653802148	4.68213122712422	0.952380952380952	4	5	1.79175946922805	1.94591014905531	1.94591014905531	1	0.159282174635067	0.146190775485096	0.202064136070056	0.189498388585031
phase18_rpl11_deep_dive_v1	Astrocytes	RPL11	topology_expression	131	PRRC2C	3.30573934443825	FALSE	0.275213986917928	0	0	FALSE	3	4	1.6094379124341	3.25809653802148	4.68213122712422	0.952380952380952	3	4	1.6094379124341	2.19722457733622	2.30258509299405	1	0.159282174635067	0.146190775485096	0.601072976787099	0.49749261156207
phase18_rpl11_deep_dive_v1	Astrocytes	RPL11	topology_expression	132	RFTN1	3.30720509398779	FALSE	1	0	0	FALSE	3	4	1.6094379124341	3.25809653802148	4.68213122712422	0.952380952380952	4	5	1.79175946922805	1.94591014905531	1.94591014905531	0.904761904761905	0.159282174635067	0.146190775485096	0.266237932253323	0.16710573824202
phase18_rpl11_deep_dive_v1	Astrocytes	RPL11	topology_expression	133	FBXW5	3.30996597293023	FALSE	0.235666116667872	0	0	FALSE	3	4	1.6094379124341	3.25809653802148	4.68213122712422	0.952380952380952	6	7	2.07944154167984	2.63905732961526	2.63905732961526	1	0.159282174635067	0.146190775485096	0.159749616199133	0.15238903970366
phase18_rpl11_deep_dive_v1	Astrocytes	RPL11	topology_expression	134	ST13	3.31520865381099	FALSE	0.449765413599969	0	0	FALSE	3	4	1.6094379124341	3.25809653802148	4.68213122712422	0.952380952380952	4	5	1.79175946922805	1.94591014905531	1.94591014905531	1	0.159282174635067	0.146190775485096	0.251075919339591	0.215234223511949
phase18_rpl11_deep_dive_v1	Astrocytes	RPL11	topology_expression	135	EID1	3.31608735581168	FALSE	0.0116333093973253	0	0	FALSE	3	4	1.6094379124341	3.25809653802148	4.68213122712422	0.952380952380952	4	5	1.79175946922805	1.94591014905531	1.94591014905531	1	0.159282174635067	0.146190775485096	0.243662019362596	0.221419114992177
phase18_rpl11_deep_dive_v1	Astrocytes	RPL11	topology_expression	136	ETNPPL	3.31721749153039	FALSE	0.138351380019927	0	0	FALSE	3	4	1.6094379124341	3.25809653802148	4.68213122712422	0.952380952380952	3	4	1.6094379124341	2.77258872223978	3.09104245335832	1	0.159282174635067	0.146190775485096	0.968877269550739	0.582569972853341
phase18_rpl11_deep_dive_v1	Astrocytes	RPL11	topology_expression	137	RPL10	3.31982159094072	FALSE	0.417978754441401	0	0	TRUE	3	4	1.6094379124341	3.25809653802148	4.68213122712422	0.952380952380952	4	5	1.79175946922805	1.94591014905531	1.94591014905531	1	0.159282174635067	0.146190775485096	0.251746720035545	0.226634482943072
phase18_rpl11_deep_dive_v1	Astrocytes	RPL11	topology_expression	138	ARAP1	3.32414434312151	FALSE	0.214636634552612	0	0	FALSE	3	4	1.6094379124341	3.25809653802148	4.68213122712422	0.952380952380952	4	5	1.79175946922805	1.94591014905531	1.94591014905531	1	0.159282174635067	0.146190775485096	0.256248662226214	0.234256943794381
phase18_rpl11_deep_dive_v1	Astrocytes	RPL11	topology_expression	139	FLOT2	3.32787522732972	FALSE	1	0	0	FALSE	3	4	1.6094379124341	3.25809653802148	4.68213122712422	0.952380952380952	3	4	1.6094379124341	1.79175946922805	1.94591014905531	1	0.159282174635067	0.146190775485096	0.27706140905795	0.233019965498335
phase18_rpl11_deep_dive_v1	Astrocytes	RPL11	topology_expression	140	SAT2	3.33169522472139	FALSE	0.116907099646405	0	0	FALSE	3	4	1.6094379124341	3.25809653802148	4.68213122712422	0.952380952380952	4	6	1.79175946922805	1.94591014905531	2.07944154167984	1	0.159282174635067	0.146190775485096	0.327230171221732	0.293752256649594
phase18_rpl11_deep_dive_v1	Astrocytes	RPL11	topology_expression	141	SORCS2	3.33225665719613	FALSE	0.195308909552042	0	0	FALSE	3	4	1.6094379124341	3.25809653802148	4.68213122712422	0.952380952380952	3	4	1.6094379124341	3.25809653802148	3.95124371858143	1	0.159282174635067	0.146190775485096	1.0346919912459	0.67625269126359
phase18_rpl11_deep_dive_v1	Astrocytes	RPL11	topology_expression	142	FGFR1	3.33721373464354	FALSE	1	0	0	FALSE	3	4	1.6094379124341	3.25809653802148	4.68213122712422	0.952380952380952	4	5	1.79175946922805	2.19722457733622	2.484906649788	1	0.159282174635067	0.146190775485096	0.650452085310462	0.489649500528223
phase18_rpl11_deep_dive_v1	Astrocytes	RPL11	topology_expression	143	ATG4B	3.33821179256265	FALSE	1	0	0	FALSE	3	4	1.6094379124341	3.25809653802148	4.68213122712422	0.952380952380952	4	6	1.79175946922805	2.07944154167984	2.07944154167984	1	0.159282174635067	0.146190775485096	0.405340288094005	0.355347089423501
phase18_rpl11_deep_dive_v1	Astrocytes	RPL11	topology_expression	144	EEF2	3.34457266307227	FALSE	1	0	0	FALSE	3	4	1.6094379124341	3.25809653802148	4.68213122712422	0.952380952380952	4	6	1.79175946922805	1.94591014905531	1.94591014905531	1	0.159282174635067	0.146190775485096	0.157358806265107	0.147996095160406
phase18_rpl11_deep_dive_v1	Astrocytes	RPL11	topology_expression	145	AKAP8L	3.34790859567231	FALSE	1	0	0	FALSE	3	4	1.6094379124341	3.25809653802148	4.68213122712422	0.952380952380952	4	5	1.79175946922805	2.07944154167984	2.07944154167984	1	0.159282174635067	0.146190775485096	0.443010769508928	0.388123671084128
phase18_rpl11_deep_dive_v1	Astrocytes	RPL11	topology_expression	146	HSP90AB1	3.34918907705671	FALSE	0.0528446511950975	0	0	FALSE	3	4	1.6094379124341	3.25809653802148	4.68213122712422	0.952380952380952	5	7	1.94591014905531	2.39789527279837	2.56494935746154	1	0.159282174635067	0.146190775485096	0.523180287197455	0.411853595260702
phase18_rpl11_deep_dive_v1	Astrocytes	RPL11	topology_expression	147	LMO3	3.3497149470596	FALSE	0.605729280560372	0	0	FALSE	3	4	1.6094379124341	3.25809653802148	4.68213122712422	0.952380952380952	4	5	1.79175946922805	3.04452243772342	3.3322045101752	1	0.159282174635067	0.146190775485096	0.983475223126031	0.60129849289239
phase18_rpl11_deep_dive_v1	Astrocytes	RPL11	topology_expression	148	TBCD	3.35123740875289	FALSE	1	0	0	FALSE	3	4	1.6094379124341	3.25809653802148	4.68213122712422	0.952380952380952	3	4	1.6094379124341	1.94591014905531	1.94591014905531	1	0.159282174635067	0.146190775485096	0.40765583579802	0.343525588734805
phase18_rpl11_deep_dive_v1	Astrocytes	RPL11	topology_expression	149	TPT1	3.35649205367223	FALSE	1	0	0	FALSE	3	4	1.6094379124341	3.25809653802148	4.68213122712422	0.952380952380952	4	6	1.79175946922805	1.94591014905531	1.94591014905531	1	0.159282174635067	0.146190775485096	0.227224595894994	0.19736155872638
phase18_rpl11_deep_dive_v1	Astrocytes	RPL11	topology_expression	150	DRAIC	3.38172052507779	FALSE	0.490616617226439	0	0	FALSE	3	4	1.6094379124341	3.25809653802148	4.68213122712422	0.952380952380952	5	7	1.94591014905531	2.19722457733622	2.19722457733622	1	0.159282174635067	0.146190775485096	0.27667614245884	0.203165327164043
phase18_rpl11_deep_dive_v1	Astrocytes	RPL11	topology_expression	151	ANKRD28	3.3865473508347	FALSE	1	0	0	FALSE	3	4	1.6094379124341	3.25809653802148	4.68213122712422	0.952380952380952	5	7	1.94591014905531	2.30258509299405	2.484906649788	1	0.159282174635067	0.146190775485096	0.516480980376333	0.372009521389695
phase18_rpl11_deep_dive_v1	Astrocytes	RPL11	topology_expression	152	PITPNA	3.38706325449085	FALSE	1	0	0	FALSE	3	4	1.6094379124341	3.25809653802148	4.68213122712422	0.952380952380952	2	4	1.38629436111989	1.94591014905531	1.94591014905531	1	0.159282174635067	0.146190775485096	0.348576472536499	0.2945613073189
phase18_rpl11_deep_dive_v1	Astrocytes	RPL11	topology_expression	153	YY1AP1	3.39529676499362	FALSE	1	0	0	FALSE	3	4	1.6094379124341	3.25809653802148	4.68213122712422	0.952380952380952	3	4	1.6094379124341	1.79175946922805	1.94591014905531	1	0.159282174635067	0.146190775485096	0.350739929820164	0.300558980462429
phase18_rpl11_deep_dive_v1	Astrocytes	RPL11	topology_expression	154	SEM1	3.39675959909051	FALSE	1	0	0	FALSE	3	4	1.6094379124341	3.25809653802148	4.68213122712422	0.952380952380952	5	6	1.94591014905531	2.39789527279837	2.39789527279837	1	0.159282174635067	0.146190775485096	0.590067086369325	0.389039703660118
phase18_rpl11_deep_dive_v1	Astrocytes	RPL11	topology_expression	155	HIP1R	3.39775606311319	FALSE	0.0670719672869351	0	0	FALSE	3	4	1.6094379124341	3.25809653802148	4.68213122712422	0.952380952380952	2	3	1.38629436111989	2.19722457733622	3.17805383034795	1	0.159282174635067	0.146190775485096	0.818740518488563	0.585398307011327
phase18_rpl11_deep_dive_v1	Astrocytes	RPL11	topology_expression	156	ITM2C	3.39812218090264	FALSE	0.292466501590572	0	0	FALSE	3	4	1.6094379124341	3.25809653802148	4.68213122712422	0.952380952380952	4	6	1.79175946922805	2.56494935746154	3.25809653802148	1	0.159282174635067	0.146190775485096	0.928640111876039	0.580831516869709
phase18_rpl11_deep_dive_v1	Astrocytes	RPL11	topology_expression	157	NPEPL1	3.41493288570055	FALSE	1	0	0	FALSE	3	4	1.6094379124341	3.25809653802148	4.68213122712422	0.952380952380952	3	4	1.6094379124341	1.79175946922805	1.79175946922805	1	0.159282174635067	0.146190775485096	0.153260041031333	0.146471602990144
phase18_rpl11_deep_dive_v1	Astrocytes	RPL11	topology_expression	158	RANGAP1	3.41742990638115	FALSE	1	0	0	FALSE	3	4	1.6094379124341	3.25809653802148	4.68213122712422	0.952380952380952	3	4	1.6094379124341	1.79175946922805	1.79175946922805	1	0.159282174635067	0.146190775485096	0.129366316490977	0.121437836825847
phase18_rpl11_deep_dive_v1	Astrocytes	RPL11	topology_expression	159	CWC25	3.41800963697149	FALSE	0.131764793389215	0	0	FALSE	3	4	1.6094379124341	3.25809653802148	4.68213122712422	0.952380952380952	2	3	1.38629436111989	1.79175946922805	1.94591014905531	1	0.159282174635067	0.146190775485096	0.160934342483699	0.149319996255633
phase18_rpl11_deep_dive_v1	Astrocytes	RPL11	topology_expression	160	FAM13A	3.4310207642482	FALSE	1	0	0	FALSE	3	4	1.6094379124341	3.25809653802148	4.68213122712422	0.952380952380952	4	6	1.79175946922805	2.07944154167984	2.07944154167984	1	0.159282174635067	0.146190775485096	0.502711648545268	0.381343692747964
phase18_rpl11_deep_dive_v1	Astrocytes	RPL11	topology_expression	161	CGGBP1	3.43446122560925	FALSE	1	0	0	FALSE	3	4	1.6094379124341	3.25809653802148	4.68213122712422	0.952380952380952	3	4	1.6094379124341	1.79175946922805	1.79175946922805	1	0.159282174635067	0.146190775485096	0.247015523932322	0.212573048583158
phase18_rpl11_deep_dive_v1	Astrocytes	RPL11	topology_expression	162	SHROOM2	3.43504733937305	FALSE	1	0	0	FALSE	3	4	1.6094379124341	3.25809653802148	4.68213122712422	0.952380952380952	3	4	1.6094379124341	1.79175946922805	1.79175946922805	1	0.159282174635067	0.146190775485096	0.251257964013857	0.211857607082202
phase18_rpl11_deep_dive_v1	Astrocytes	RPL11	topology_expression	163	KAT6B	3.43526874029869	FALSE	0.277775414716936	0	0	FALSE	3	4	1.6094379124341	3.25809653802148	4.68213122712422	0.952380952380952	2	3	1.38629436111989	2.07944154167984	2.70805020110221	1	0.159282174635067	0.146190775485096	0.723856025907256	0.522967678091443
phase18_rpl11_deep_dive_v1	Astrocytes	RPL11	topology_expression	164	CHST1	3.43631990153217	FALSE	1	0	0	FALSE	3	4	1.6094379124341	3.25809653802148	4.68213122712422	0.952380952380952	3	4	1.6094379124341	1.79175946922805	1.79175946922805	1	0.159282174635067	0.146190775485096	0.242702555330495	0.220048409312775
phase18_rpl11_deep_dive_v1	Astrocytes	RPL11	topology_expression	165	HSPB1	3.43911351552136	FALSE	0.22685917330516	0	0	FALSE	3	4	1.6094379124341	3.25809653802148	4.68213122712422	0.952380952380952	6	7	2.07944154167984	2.63905732961526	3.09104245335832	1	0.159282174635067	0.146190775485096	0.638638561522931	0.349229061634951
phase18_rpl11_deep_dive_v1	Astrocytes	RPL11	topology_expression	166	SCAF8	3.43954913628305	FALSE	1	0	0	FALSE	3	4	1.6094379124341	3.25809653802148	4.68213122712422	0.952380952380952	3	4	1.6094379124341	2.07944154167984	2.07944154167984	1	0.159282174635067	0.146190775485096	0.583015348335617	0.454526003289694
phase18_rpl11_deep_dive_v1	Astrocytes	RPL11	topology_expression	167	ACTN1	3.44132057646957	FALSE	1	0	0	FALSE	3	4	1.6094379124341	3.25809653802148	4.68213122712422	0.952380952380952	6	7	2.07944154167984	2.484906649788	2.56494935746154	1	0.159282174635067	0.146190775485096	0.303228433657748	0.208313831423261
phase18_rpl11_deep_dive_v1	Astrocytes	RPL11	topology_expression	168	PDZRN4	3.44440531754735	FALSE	1	0	0	FALSE	3	4	1.6094379124341	3.25809653802148	4.68213122712422	0.952380952380952	6	7	2.07944154167984	2.39789527279837	2.63905732961526	0.80952380952381	0.159282174635067	0.146190775485096	0.348746324718328	0.136682758528464
phase18_rpl11_deep_dive_v1	Astrocytes	RPL11	topology_expression	169	FBRSL1	3.44583024977698	FALSE	0.185605066418592	0	0	FALSE	3	4	1.6094379124341	3.25809653802148	4.68213122712422	0.952380952380952	4	7	1.79175946922805	1.94591014905531	1.94591014905531	1	0.159282174635067	0.146190775485096	0.230431815147251	0.214518782010992
phase18_rpl11_deep_dive_v1	Astrocytes	RPL11	topology_expression	170	NCOR2	3.44773070324602	FALSE	1	0	0	FALSE	3	4	1.6094379124341	3.25809653802148	4.68213122712422	0.952380952380952	2	3	1.38629436111989	1.6094379124341	2.77258872223978	1	0.159282174635067	0.146190775485096	0.571637918286501	0.447893125075222
phase18_rpl11_deep_dive_v1	Astrocytes	RPL11	topology_expression	171	ARL17B	3.44908124737246	FALSE	1	0	0	FALSE	3	4	1.6094379124341	3.25809653802148	4.68213122712422	0.952380952380952	3	4	1.6094379124341	1.79175946922805	1.79175946922805	1	0.159282174635067	0.146190775485096	0.284549622270184	0.228466548095053
phase18_rpl11_deep_dive_v1	Astrocytes	RPL11	topology_expression	172	CDC42BPB	3.4507040372426	FALSE	1	0	0	FALSE	3	4	1.6094379124341	3.25809653802148	4.68213122712422	0.952380952380952	5	6	1.94591014905531	2.19722457733622	2.19722457733622	1	0.159282174635067	0.146190775485096	0.407606908528396	0.352338223297985
phase18_rpl11_deep_dive_v1	Astrocytes	RPL11	topology_expression	173	PPFIA1	3.45733420419144	FALSE	1	0	0	FALSE	3	4	1.6094379124341	3.25809653802148	4.68213122712422	0.952380952380952	4	6	1.79175946922805	2.70805020110221	3.25809653802148	1	0.159282174635067	0.146190775485096	0.913961164066494	0.63565305767662
phase18_rpl11_deep_dive_v1	Astrocytes	RPL11	topology_expression	174	SPSB3	3.45914874698077	FALSE	1	0	0	FALSE	3	4	1.6094379124341	3.25809653802148	4.68213122712422	0.952380952380952	5	6	1.94591014905531	2.07944154167984	2.07944154167984	1	0.159282174635067	0.146190775485096	0.261466859779662	0.239739766511989
phase18_rpl11_deep_dive_v1	Astrocytes	RPL11	topology_expression	175	WDR27	3.46213913629207	FALSE	1	0	0	FALSE	3	4	1.6094379124341	3.25809653802148	4.68213122712422	0.952380952380952	3	4	1.6094379124341	1.79175946922805	1.79175946922805	1	0.159282174635067	0.146190775485096	0.305112750977821	0.244012356410222
phase18_rpl11_deep_dive_v1	Astrocytes	RPL11	topology_expression	176	CLASRP	3.46588953982211	FALSE	1	0	0	FALSE	3	4	1.6094379124341	3.25809653802148	4.68213122712422	0.952380952380952	3	4	1.6094379124341	1.79175946922805	1.79175946922805	1	0.159282174635067	0.146190775485096	0.286981429888766	0.260989047727303
phase18_rpl11_deep_dive_v1	Astrocytes	RPL11	topology_expression	177	VCL	3.48368784266338	FALSE	1	0	0	FALSE	3	4	1.6094379124341	3.25809653802148	4.68213122712422	0.952380952380952	4	5	1.79175946922805	1.94591014905531	1.94591014905531	1	0.159282174635067	0.146190775485096	0.443839037082398	0.345036708166731
phase18_rpl11_deep_dive_v1	Astrocytes	RPL11	topology_expression	178	ZBTB7C	3.48417639934054	FALSE	1	0	0	FALSE	3	4	1.6094379124341	3.25809653802148	4.68213122712422	0.952380952380952	3	5	1.6094379124341	1.94591014905531	1.94591014905531	1	0.159282174635067	0.146190775485096	0.536907057791109	0.369843137779323
phase18_rpl11_deep_dive_v1	Astrocytes	RPL11	topology_expression	179	YBX3	3.48720988056873	FALSE	1	0	0	FALSE	3	4	1.6094379124341	3.25809653802148	4.68213122712422	0.952380952380952	1	2	1.09861228866811	1.94591014905531	2.30258509299405	0.904761904761905	0.159282174635067	0.146190775485096	0.25463796811438	0.178492624934808
phase18_rpl11_deep_dive_v1	Astrocytes	RPL11	topology_expression	180	SMURF2	3.49150991121822	FALSE	0.183243280515368	0	0	FALSE	3	4	1.6094379124341	3.25809653802148	4.68213122712422	0.952380952380952	4	6	1.79175946922805	2.30258509299405	2.30258509299405	1	0.159282174635067	0.146190775485096	0.690579664734424	0.488599740568876
phase18_rpl11_deep_dive_v1	Astrocytes	RPL11	topology_expression	181	LAMB2	3.49469850632646	FALSE	1	0	0	FALSE	3	4	1.6094379124341	3.25809653802148	4.68213122712422	0.952380952380952	6	8	2.07944154167984	2.56494935746154	2.56494935746154	0.904761904761905	0.159282174635067	0.146190775485096	0.156530104564565	0.1477687586087
phase18_rpl11_deep_dive_v1	Astrocytes	RPL11	topology_expression	182	SFPQ	3.49981100961114	FALSE	1	0	0	FALSE	3	4	1.6094379124341	3.25809653802148	4.68213122712422	0.952380952380952	5	6	1.94591014905531	2.56494935746154	2.77258872223978	1	0.159282174635067	0.146190775485096	0.724151011638245	0.538801000280828
phase18_rpl11_deep_dive_v1	Astrocytes	RPL11	topology_expression	183	MEGF9	3.50225988184145	FALSE	1	0	0	FALSE	3	4	1.6094379124341	3.25809653802148	4.68213122712422	0.952380952380952	3	4	1.6094379124341	2.30258509299405	2.99573227355399	1	0.159282174635067	0.146190775485096	0.926532440045866	0.600743524251461
phase18_rpl11_deep_dive_v1	Astrocytes	RPL11	topology_expression	184	SCRG1	3.50300646167789	FALSE	0.449765413599969	0	0	FALSE	3	4	1.6094379124341	3.25809653802148	4.68213122712422	0.952380952380952	1	2	1.09861228866811	1.94591014905531	2.30258509299405	1	0.159282174635067	0.146190775485096	0.265730579470834	0.226353655438024
phase18_rpl11_deep_dive_v1	Astrocytes	RPL11	topology_expression	185	FER	3.5069838006102	FALSE	0.612419437810577	0	0	FALSE	3	4	1.6094379124341	3.25809653802148	4.68213122712422	0.952380952380952	3	5	1.6094379124341	4.31748811353631	5.2257466737132	1	0.159282174635067	0.146190775485096	1.01385592858736	0.655190628384974
phase18_rpl11_deep_dive_v1	Astrocytes	RPL11	topology_expression	186	CREBBP	3.5088375256265	FALSE	1	0	0	FALSE	3	4	1.6094379124341	3.25809653802148	4.68213122712422	0.952380952380952	4	6	1.79175946922805	2.56494935746154	2.56494935746154	1	0.159282174635067	0.146190775485096	0.774937103668661	0.582429559100817
phase18_rpl11_deep_dive_v1	Astrocytes	RPL11	topology_expression	187	FTCDNL1	3.51165722841748	FALSE	1	0	0	FALSE	3	4	1.6094379124341	3.25809653802148	4.68213122712422	0.952380952380952	5	6	1.94591014905531	2.07944154167984	2.07944154167984	1	0.159282174635067	0.146190775485096	0.363139779874793	0.274542318030463
phase18_rpl11_deep_dive_v1	Astrocytes	RPL11	topology_expression	188	ANO5	3.5130233681674	FALSE	0.325416736252332	0	0	FALSE	3	4	1.6094379124341	3.25809653802148	4.68213122712422	0.952380952380952	1	3	1.09861228866811	1.94591014905531	2.484906649788	1	0.159282174635067	0.146190775485096	0.475651007429742	0.339834712954172
phase18_rpl11_deep_dive_v1	Astrocytes	RPL11	topology_expression	189	GJB6	3.51697658703028	FALSE	1	0	0	FALSE	3	4	1.6094379124341	3.25809653802148	4.68213122712422	0.952380952380952	6	8	2.07944154167984	2.70805020110221	2.77258872223978	0.952380952380952	0.159282174635067	0.146190775485096	0.446649170827946	0.338771580256489
phase18_rpl11_deep_dive_v1	Astrocytes	RPL11	topology_expression	190	NFATC1	3.52343226151209	FALSE	1	0	0	FALSE	3	4	1.6094379124341	3.25809653802148	4.68213122712422	0.952380952380952	4	5	1.79175946922805	1.79175946922805	1.79175946922805	0.904761904761905	0.159282174635067	0.146190775485096	0.172029717047759	0.151392770697656
phase18_rpl11_deep_dive_v1	Astrocytes	RPL11	topology_expression	191	PCTP	3.52538151825245	FALSE	1	0	0	FALSE	3	4	1.6094379124341	3.25809653802148	4.68213122712422	0.952380952380952	4	5	1.79175946922805	1.79175946922805	1.79175946922805	0.857142857142857	0.159282174635067	0.146190775485096	0.18912624958381	0.156882279784431
phase18_rpl11_deep_dive_v1	Astrocytes	RPL11	topology_expression	192	ABCA3	3.52561312527382	FALSE	1	0	0	FALSE	3	4	1.6094379124341	3.25809653802148	4.68213122712422	0.952380952380952	3	5	1.6094379124341	1.79175946922805	1.79175946922805	1	0.159282174635067	0.146190775485096	0.351826960615821	0.29367202021958
phase18_rpl11_deep_dive_v1	Astrocytes	RPL11	topology_expression	193	PKN2-AS1	3.52817065793282	FALSE	1	0	0	FALSE	3	4	1.6094379124341	3.25809653802148	4.68213122712422	0.952380952380952	4	5	1.79175946922805	1.79175946922805	1.79175946922805	1	0.159282174635067	0.146190775485096	0.227773158329029	0.142854277270357
phase18_rpl11_deep_dive_v1	Astrocytes	RPL11	topology_expression	194	TRPC1	3.53146737813139	FALSE	1	0	0	FALSE	3	4	1.6094379124341	3.25809653802148	4.68213122712422	0.952380952380952	4	5	1.79175946922805	2.07944154167984	2.07944154167984	1	0.159282174635067	0.146190775485096	0.58503254928735	0.44281817087685
phase18_rpl11_deep_dive_v1	Astrocytes	RPL11	topology_expression	195	STK17B	3.5356876756568	FALSE	1	0	0	FALSE	3	4	1.6094379124341	3.25809653802148	4.68213122712422	0.952380952380952	1	2	1.09861228866811	1.79175946922805	2.63905732961526	1	0.159282174635067	0.146190775485096	0.448764407080782	0.309598951577314
phase18_rpl11_deep_dive_v1	Astrocytes	RPL11	topology_expression	196	SYT14	3.53651281372911	FALSE	1	0	0	FALSE	3	4	1.6094379124341	3.25809653802148	4.68213122712422	0.952380952380952	2	3	1.38629436111989	1.79175946922805	1.79175946922805	1	0.159282174635067	0.146190775485096	0.172378692358484	0.136121103518367
phase18_rpl11_deep_dive_v1	Astrocytes	RPL11	topology_expression	197	BRINP2	3.53855120713482	FALSE	0.557626404033956	0	0	FALSE	3	4	1.6094379124341	3.25809653802148	4.68213122712422	0.952380952380952	6	6	2.07944154167984	2.63905732961526	2.77258872223978	1	0.159282174635067	0.146190775485096	0.600721015147284	0.406985918506533
phase18_rpl11_deep_dive_v1	Astrocytes	RPL11	topology_expression	198	SRP9	3.54172066381686	FALSE	1	0	0	FALSE	3	4	1.6094379124341	3.25809653802148	4.68213122712422	0.952380952380952	2	3	1.38629436111989	1.79175946922805	1.79175946922805	1	0.159282174635067	0.146190775485096	0.202970591074213	0.18460396635419
phase18_rpl11_deep_dive_v1	Astrocytes	RPL11	topology_expression	199	ULK2	3.54311269524825	FALSE	0.324185325191649	0	0	FALSE	3	4	1.6094379124341	3.25809653802148	4.68213122712422	0.952380952380952	3	4	1.6094379124341	1.79175946922805	1.79175946922805	1	0.159282174635067	0.146190775485096	0.395979104640745	0.311377525775953
phase18_rpl11_deep_dive_v1	Astrocytes	RPL11	topology_expression	200	SRSF2	3.55142014371972	FALSE	1	0	0	FALSE	3	4	1.6094379124341	3.25809653802148	4.68213122712422	0.952380952380952	2	5	1.38629436111989	1.79175946922805	1.79175946922805	1	0.159282174635067	0.146190775485096	0.228624697804099	0.210894769922037
phase18_rpl11_deep_dive_v1	Astrocytes	RPL11	topology_expression	201	ZNF334	3.5519739997559	FALSE	1	0	0	FALSE	3	4	1.6094379124341	3.25809653802148	4.68213122712422	0.952380952380952	4	5	1.79175946922805	1.79175946922805	1.79175946922805	1	0.159282174635067	0.146190775485096	0.260792247077024	0.231562337019752
phase18_rpl11_deep_dive_v1	Astrocytes	RPL11	topology_expression	202	TMEM106B	3.55354350719516	FALSE	1	0	0	FALSE	3	4	1.6094379124341	3.25809653802148	4.68213122712422	0.952380952380952	4	5	1.79175946922805	1.79175946922805	1.79175946922805	1	0.159282174635067	0.146190775485096	0.264838244262849	0.233200497465866
phase18_rpl11_deep_dive_v1	Astrocytes	RPL11	topology_expression	203	SOX9	3.55598682019785	FALSE	1	0	0	FALSE	3	4	1.6094379124341	3.25809653802148	4.68213122712422	0.952380952380952	3	4	1.6094379124341	2.07944154167984	2.07944154167984	1	0.159282174635067	0.146190775485096	0.663640430347642	0.477660840610332
phase18_rpl11_deep_dive_v1	Astrocytes	RPL11	topology_expression	204	FBXL3	3.5581923110004	FALSE	0.2799322059451	0	0	FALSE	3	4	1.6094379124341	3.25809653802148	4.68213122712422	0.952380952380952	4	5	1.79175946922805	1.79175946922805	1.79175946922805	1	0.159282174635067	0.146190775485096	0.273909018170591	0.239010952272697
phase18_rpl11_deep_dive_v1	Astrocytes	RPL11	topology_expression	205	IFT88	3.55935292724903	FALSE	0.357850070534202	0	0	FALSE	3	4	1.6094379124341	3.25809653802148	4.68213122712422	0.952380952380952	6	7	2.07944154167984	2.484906649788	2.77258872223978	1	0.159282174635067	0.146190775485096	0.508189058903224	0.377706307920673
phase18_rpl11_deep_dive_v1	Astrocytes	RPL11	topology_expression	206	NMD3	3.56619686102387	FALSE	0.315914146516498	0	0	FALSE	3	4	1.6094379124341	3.25809653802148	4.68213122712422	0.952380952380952	6	7	2.07944154167984	2.484906649788	2.63905732961526	1	0.159282174635067	0.146190775485096	0.476357184011535	0.337929097741344
phase18_rpl11_deep_dive_v1	Astrocytes	RPL11	topology_expression	207	ENO2	3.56709253006606	FALSE	0.222202810568427	0	0	FALSE	3	4	1.6094379124341	3.25809653802148	4.68213122712422	0.952380952380952	4	5	1.79175946922805	1.79175946922805	1.79175946922805	1	0.159282174635067	0.146190775485096	0.280436277861085	0.253888123671084
phase18_rpl11_deep_dive_v1	Astrocytes	RPL11	topology_expression	208	FNDC3A	3.56929423235148	FALSE	1	0	0	FALSE	3	4	1.6094379124341	3.25809653802148	4.68213122712422	0.952380952380952	2	3	1.38629436111989	1.94591014905531	1.94591014905531	1	0.159282174635067	0.146190775485096	0.489168324258838	0.385108118589444
phase18_rpl11_deep_dive_v1	Astrocytes	RPL11	topology_expression	209	BAG3	3.56956311425958	FALSE	1	0	0	FALSE	3	4	1.6094379124341	3.25809653802148	4.68213122712422	0.952380952380952	5	7	1.94591014905531	2.07944154167984	2.19722457733622	1	0.159282174635067	0.146190775485096	0.443019356111252	0.298853956324637
phase18_rpl11_deep_dive_v1	Astrocytes	RPL11	topology_expression	210	RGS11	3.57040100637481	FALSE	1	0	0	FALSE	3	4	1.6094379124341	3.25809653802148	4.68213122712422	0.952380952380952	2	3	1.38629436111989	1.79175946922805	1.79175946922805	1	0.159282174635067	0.146190775485096	0.269823054527522	0.239900239372016
phase18_rpl11_deep_dive_v1	Astrocytes	RPL11	topology_expression	211	TMCO1	3.57809914478401	FALSE	0.472179757602087	0	0	FALSE	3	4	1.6094379124341	3.25809653802148	4.68213122712422	0.952380952380952	4	6	1.79175946922805	1.79175946922805	1.79175946922805	1	0.159282174635067	0.146190775485096	0.208120667513581	0.188341646718999
phase18_rpl11_deep_dive_v1	Astrocytes	RPL11	topology_expression	212	IL17RB	3.5847703650802	FALSE	1	0	0	FALSE	3	4	1.6094379124341	3.25809653802148	4.68213122712422	0.952380952380952	4	5	1.79175946922805	1.94591014905531	1.94591014905531	1	0.159282174635067	0.146190775485096	0.516185736199276	0.392636970272403
phase18_rpl11_deep_dive_v1	Astrocytes	RPL11	topology_expression	213	KIF1A	3.58541759779465	FALSE	0.476451017511816	0	0	FALSE	3	4	1.6094379124341	3.25809653802148	4.68213122712422	0.952380952380952	1	2	1.09861228866811	2.30258509299405	2.30258509299405	1	0.159282174635067	0.146190775485096	0.495918122100942	0.42431030102034
phase18_rpl11_deep_dive_v1	Astrocytes	RPL11	topology_expression	214	SETD3	3.59850318795991	FALSE	0.355065388112989	0	0	FALSE	3	4	1.6094379124341	3.25809653802148	4.68213122712422	0.952380952380952	4	5	1.79175946922805	1.79175946922805	1.79175946922805	1	0.159282174635067	0.146190775485096	0.329844186810483	0.281703419409192
phase18_rpl11_deep_dive_v1	Astrocytes	RPL11	topology_expression	215	MLLT3	3.60010262188638	FALSE	0.10064477171929	0	0	FALSE	3	4	1.6094379124341	3.25809653802148	4.68213122712422	0.952380952380952	2	4	1.38629436111989	2.19722457733622	2.39789527279837	1	0.159282174635067	0.146190775485096	0.786072956804904	0.517692132818037
phase18_rpl11_deep_dive_v1	Astrocytes	RPL11	topology_expression	216	HOOK2	3.60117417524428	FALSE	0.355553416750906	0	0	FALSE	3	4	1.6094379124341	3.25809653802148	4.68213122712422	0.952380952380952	4	5	1.79175946922805	1.79175946922805	1.79175946922805	1	0.159282174635067	0.146190775485096	0.327673542586241	0.286838550930074
phase18_rpl11_deep_dive_v1	Astrocytes	RPL11	topology_expression	217	MCPH1	3.6015880318571	FALSE	1	0	0	FALSE	3	4	1.6094379124341	3.25809653802148	4.68213122712422	0.952380952380952	3	5	1.6094379124341	1.79175946922805	1.79175946922805	1	0.159282174635067	0.146190775485096	0.444923759116218	0.330099359445834
phase18_rpl11_deep_dive_v1	Astrocytes	RPL11	topology_expression	218	BANP	3.60404987556247	FALSE	1	0	0	FALSE	3	4	1.6094379124341	3.25809653802148	4.68213122712422	0.952380952380952	2	4	1.38629436111989	1.79175946922805	1.79175946922805	1	0.159282174635067	0.146190775485096	0.354804355295779	0.280580109389
phase18_rpl11_deep_dive_v1	Astrocytes	RPL11	topology_expression	219	C2CD2	3.604793382755	FALSE	1	0	0	FALSE	3	4	1.6094379124341	3.25809653802148	4.68213122712422	0.952380952380952	3	5	1.6094379124341	1.79175946922805	1.79175946922805	1	0.159282174635067	0.146190775485096	0.438009446347023	0.338062825124701
phase18_rpl11_deep_dive_v1	Astrocytes	RPL11	topology_expression	220	ZNF565	3.60605994025554	FALSE	0.107564787988878	0	0	FALSE	3	4	1.6094379124341	3.25809653802148	4.68213122712422	0.952380952380952	5	6	1.94591014905531	1.94591014905531	1.94591014905531	1	0.159282174635067	0.146190775485096	0.183376332256336	0.168723839580631
phase18_rpl11_deep_dive_v1	Astrocytes	RPL11	topology_expression	221	CTTN	3.60650054805639	FALSE	0.246434276664588	0	0	FALSE	3	4	1.6094379124341	3.25809653802148	4.68213122712422	0.952380952380952	1	2	1.09861228866811	2.07944154167984	2.39789527279837	1	0.159282174635067	0.146190775485096	0.481133606805198	0.404478530068602
phase18_rpl11_deep_dive_v1	Astrocytes	RPL11	topology_expression	222	LIX1-AS1	3.60681429783369	FALSE	0.392097661618467	0	0	FALSE	3	4	1.6094379124341	3.25809653802148	4.68213122712422	0.952380952380952	4	5	1.79175946922805	1.79175946922805	1.79175946922805	1	0.159282174635067	0.146190775485096	0.378085202272541	0.263576672595247
phase18_rpl11_deep_dive_v1	Astrocytes	RPL11	topology_expression	223	KIAA1671	3.61007777501253	FALSE	0.211400988106247	0	0	FALSE	3	4	1.6094379124341	3.25809653802148	4.68213122712422	0.952380952380952	4	6	1.79175946922805	2.56494935746154	2.63905732961526	1	0.159282174635067	0.146190775485096	0.845164545114103	0.603792508591984
phase18_rpl11_deep_dive_v1	Astrocytes	RPL11	topology_expression	224	FGF14	3.61153553328891	FALSE	1	0	0	FALSE	3	4	1.6094379124341	3.25809653802148	4.68213122712422	0.952380952380952	5	7	1.94591014905531	2.30258509299405	2.484906649788	1	0.159282174635067	0.146190775485096	0.731365593459134	0.383035344147421
phase18_rpl11_deep_dive_v1	Astrocytes	RPL11	topology_expression	225	JDP2	3.61326688356676	FALSE	1	0	0	FALSE	3	4	1.6094379124341	3.25809653802148	4.68213122712422	0.952380952380952	4	6	1.79175946922805	1.79175946922805	1.79175946922805	1	0.159282174635067	0.146190775485096	0.303341987829382	0.23811497880421
phase18_rpl11_deep_dive_v1	Astrocytes	RPL11	topology_expression	226	LAMP1	3.61613947864907	FALSE	1	0	0	FALSE	3	4	1.6094379124341	3.25809653802148	4.68213122712422	0.952380952380952	4	6	1.79175946922805	1.79175946922805	1.79175946922805	1	0.159282174635067	0.146190775485096	0.284735733821961	0.254743978924564
phase18_rpl11_deep_dive_v1	Astrocytes	RPL11	topology_expression	227	IRF2BP2	3.61632179822893	FALSE	0.449765413599969	0	0	FALSE	3	4	1.6094379124341	3.25809653802148	4.68213122712422	0.952380952380952	5	6	1.94591014905531	1.94591014905531	1.94591014905531	1	0.159282174635067	0.146190775485096	0.225913218174264	0.201995212559676
phase18_rpl11_deep_dive_v1	Astrocytes	RPL11	topology_expression	228	CASC2	3.6230633115843	FALSE	0.4140720447442	0	0	FALSE	3	4	1.6094379124341	3.25809653802148	4.68213122712422	0.952380952380952	3	4	1.6094379124341	1.79175946922805	1.79175946922805	1	0.159282174635067	0.146190775485096	0.50079271284396	0.331376455956886
phase18_rpl11_deep_dive_v1	Astrocytes	RPL11	topology_expression	229	TPI1	3.62486267455525	FALSE	1	0	0	FALSE	3	4	1.6094379124341	3.25809653802148	4.68213122712422	0.952380952380952	1	2	1.09861228866811	1.94591014905531	2.07944154167984	1	0.159282174635067	0.146190775485096	0.183654598547841	0.167199347410369
phase18_rpl11_deep_dive_v1	Astrocytes	RPL11	topology_expression	230	DGKZ	3.62503790792961	FALSE	1	0	0	FALSE	3	4	1.6094379124341	3.25809653802148	4.68213122712422	0.952380952380952	5	6	1.94591014905531	2.19722457733622	2.19722457733622	1	0.159282174635067	0.146190775485096	0.56481190150208	0.409647093435323
phase18_rpl11_deep_dive_v1	Astrocytes	RPL11	topology_expression	231	RPS24	3.62845459268103	FALSE	1	0	0	TRUE	3	4	1.6094379124341	3.25809653802148	4.68213122712422	0.952380952380952	1	2	1.09861228866811	1.94591014905531	2.07944154167984	1	0.159282174635067	0.146190775485096	0.203205261758645	0.183159710613942
phase18_rpl11_deep_dive_v1	Astrocytes	RPL11	topology_expression	232	HEPACAM	3.62862489762286	FALSE	0.172982303696983	0	0	FALSE	3	4	1.6094379124341	3.25809653802148	4.68213122712422	0.952380952380952	2	4	1.38629436111989	2.70805020110221	3.78418963391826	1	0.159282174635067	0.146190775485096	1.050321471581	0.694553283675898
phase18_rpl11_deep_dive_v1	Astrocytes	RPL11	topology_expression	233	PCNX2	3.63028929993469	FALSE	0.512637435212719	0	0	FALSE	3	4	1.6094379124341	3.25809653802148	4.68213122712422	0.952380952380952	7	8	2.19722457733622	3.13549421592915	3.52636052461616	1	0.159282174635067	0.146190775485096	0.400849794347044	0.307552922611963
phase18_rpl11_deep_dive_v1	Astrocytes	RPL11	topology_expression	234	PAFAH1B1	3.63312904188667	FALSE	1	0	0	FALSE	3	4	1.6094379124341	3.25809653802148	4.68213122712422	0.952380952380952	5	6	1.94591014905531	2.484906649788	2.63905732961526	1	0.159282174635067	0.146190775485096	0.721083449890118	0.558224902713329
phase18_rpl11_deep_dive_v1	Astrocytes	RPL11	topology_expression	235	LIMK2	3.63427782397788	FALSE	1	0	0	FALSE	3	4	1.6094379124341	3.25809653802148	4.68213122712422	0.952380952380952	7	8	2.19722457733622	2.83321334405622	3.49650756146648	1	0.159282174635067	0.146190775485096	0.361664547909776	0.267715535110125
phase18_rpl11_deep_dive_v1	Astrocytes	RPL11	topology_expression	236	LRRC4B	3.63601909268391	FALSE	1	0	0	FALSE	3	4	1.6094379124341	3.25809653802148	4.68213122712422	0.952380952380952	5	6	1.94591014905531	1.94591014905531	1.94591014905531	1	0.159282174635067	0.146190775485096	0.262233614566347	0.239378702576927
phase18_rpl11_deep_dive_v1	Astrocytes	RPL11	topology_expression	237	ATL2	3.63838814896043	FALSE	0.539119204138321	0	0	FALSE	3	4	1.6094379124341	3.25809653802148	4.68213122712422	0.952380952380952	6	7	2.07944154167984	2.30258509299405	2.63905732961526	1	0.159282174635067	0.146190775485096	0.445326478764526	0.353722301715722
phase18_rpl11_deep_dive_v1	Astrocytes	RPL11	topology_expression	238	ZNF207	3.64645018704831	FALSE	1	0	0	FALSE	3	4	1.6094379124341	3.25809653802148	4.68213122712422	0.952380952380952	5	6	1.94591014905531	2.19722457733622	2.19722457733622	1	0.159282174635067	0.146190775485096	0.534492575995609	0.443607162438653
phase18_rpl11_deep_dive_v1	Astrocytes	RPL11	topology_expression	239	PHF20L1	3.64653874028004	FALSE	1	0	0	FALSE	3	4	1.6094379124341	3.25809653802148	4.68213122712422	0.952380952380952	4	5	1.79175946922805	1.79175946922805	1.79175946922805	1	0.159282174635067	0.146190775485096	0.375631190798376	0.321621043341045
phase18_rpl11_deep_dive_v1	Astrocytes	RPL11	topology_expression	240	CYFIP2	3.64678835182367	FALSE	0.294080117479153	0	0	FALSE	3	4	1.6094379124341	3.25809653802148	4.68213122712422	0.952380952380952	4	5	1.79175946922805	2.30258509299405	2.39789527279837	1	0.159282174635067	0.146190775485096	0.779961290203201	0.571216518006392
phase18_rpl11_deep_dive_v1	Astrocytes	RPL11	topology_expression	241	HS2ST1	3.64825767350602	FALSE	0.271383238401143	0	0	FALSE	3	4	1.6094379124341	3.25809653802148	4.68213122712422	0.952380952380952	5	7	1.94591014905531	2.30258509299405	2.30258509299405	1	0.159282174635067	0.146190775485096	0.600159820117288	0.433945358991161
phase18_rpl11_deep_dive_v1	Astrocytes	RPL11	topology_expression	242	EPB41L2	3.65138725459869	FALSE	1	0	0	FALSE	3	4	1.6094379124341	3.25809653802148	4.68213122712422	0.952380952380952	4	7	1.79175946922805	2.63905732961526	2.70805020110221	1	0.159282174635067	0.146190775485096	0.881495574356637	0.589951724414608
phase18_rpl11_deep_dive_v1	Astrocytes	RPL11	topology_expression	243	ANAPC16	3.66298634170981	FALSE	1	0	0	FALSE	3	4	1.6094379124341	3.25809653802148	4.68213122712422	0.952380952380952	4	6	1.79175946922805	1.94591014905531	1.94591014905531	1	0.159282174635067	0.146190775485096	0.521732905218665	0.414494711081988
phase18_rpl11_deep_dive_v1	Astrocytes	RPL11	topology_expression	244	RAB11FIP2	3.67346793227102	FALSE	0.380725347200481	0	0	FALSE	3	4	1.6094379124341	3.25809653802148	4.68213122712422	0.952380952380952	2	3	1.38629436111989	1.94591014905531	1.94591014905531	1	0.159282174635067	0.146190775485096	0.557984895066575	0.427225557977507
phase18_rpl11_deep_dive_v1	Astrocytes	RPL11	topology_expression	245	C2orf72	3.67922882913905	FALSE	1	0	0	FALSE	3	4	1.6094379124341	3.25809653802148	4.68213122712422	0.952380952380952	3	4	1.6094379124341	1.94591014905531	1.94591014905531	1	0.159282174635067	0.146190775485096	0.624738240658345	0.470432875539924
phase18_rpl11_deep_dive_v1	Astrocytes	RPL11	topology_expression	246	NEK7	3.68257264391266	FALSE	1	0	0	FALSE	3	4	1.6094379124341	3.25809653802148	4.68213122712422	0.952380952380952	3	4	1.6094379124341	1.79175946922805	1.79175946922805	1	0.159282174635067	0.146190775485096	0.506836614032592	0.385923855627917
phase18_rpl11_deep_dive_v1	Astrocytes	RPL11	topology_expression	247	CRYAB	3.6829469520281	FALSE	0.140385296978169	0	0	FALSE	3	4	1.6094379124341	3.25809653802148	4.68213122712422	0.952380952380952	7	8	2.19722457733622	3.36729582998647	3.76120011569356	1	0.159282174635067	0.146190775485096	0.5782639102265	0.304035892429693
phase18_rpl11_deep_dive_v1	Astrocytes	RPL11	topology_expression	248	CCND3	3.68636018833989	FALSE	0.00342536845137442	1	1	FALSE	3	4	1.6094379124341	3.25809653802148	4.68213122712422	0.952380952380952	2	3	1.38629436111989	1.94591014905531	1.94591014905531	1	0.159282174635067	0.146190775485096	0.584578008905534	0.420178124874631
phase18_rpl11_deep_dive_v1	Astrocytes	RPL11	topology_expression	249	CC2D2B	3.686363584208	FALSE	0.450873680188446	0	0	FALSE	3	4	1.6094379124341	3.25809653802148	4.68213122712422	0.952380952380952	4	7	1.79175946922805	1.79175946922805	1.79175946922805	1	0.159282174635067	0.146190775485096	0.300776470612664	0.228339507080865
phase18_rpl11_deep_dive_v1	Astrocytes	RPL11	topology_expression	250	TMEM47	3.69026911708721	FALSE	1	0	0	FALSE	3	4	1.6094379124341	3.25809653802148	4.68213122712422	0.952380952380952	7	8	2.19722457733622	3.04452243772342	3.43398720448515	1	0.159282174635067	0.146190775485096	0.407771472556406	0.332372724962891
phase18_rpl11_deep_dive_v1	Astrocytes	RPL11	ribosomal	1	RPS25	0.97745140286116	FALSE	0.00229036130889655	1	1	TRUE	3	4	1.6094379124341	3.25809653802148	4.68213122712422	0.952380952380952	6	6	2.07944154167984	3.2188758248682	4.07753744390572	0.952380952380952	0.159282174635067	0.146190775485096	0.160809101251844	0.14627101191511
phase18_rpl11_deep_dive_v1	Astrocytes	RPL11	ribosomal	2	RPS27A	1.25642292086616	FALSE	0.430091747546007	0	0	TRUE	3	4	1.6094379124341	3.25809653802148	4.68213122712422	0.952380952380952	5	6	1.94591014905531	2.77258872223978	4.36944785246702	0.952380952380952	0.159282174635067	0.146190775485096	0.132961217133811	0.123925166156274
phase18_rpl11_deep_dive_v1	Astrocytes	RPL11	ribosomal	3	RPS11	1.65997032645075	FALSE	0.469773638529327	0	0	TRUE	3	4	1.6094379124341	3.25809653802148	4.68213122712422	0.952380952380952	2	3	1.38629436111989	1.79175946922805	2.77258872223978	0.952380952380952	0.159282174635067	0.146190775485096	0.156793077416992	0.144586046884821
phase18_rpl11_deep_dive_v1	Astrocytes	RPL11	ribosomal	4	RPL18	1.74336338734239	FALSE	0.039210758888588	0	0	TRUE	3	4	1.6094379124341	3.25809653802148	4.68213122712422	0.952380952380952	4	5	1.79175946922805	2.39789527279837	2.56494935746154	0.904761904761905	0.159282174635067	0.146190775485096	0.141570277413899	0.1337875606788
phase18_rpl11_deep_dive_v1	Astrocytes	RPL11	ribosomal	5	RPL32	1.7481108470724	FALSE	0.0836871373378571	0	0	TRUE	3	4	1.6094379124341	3.25809653802148	4.68213122712422	0.952380952380952	5	7	1.94591014905531	2.39789527279837	2.39789527279837	0.952380952380952	0.159282174635067	0.146190775485096	0.164854423405452	0.147046630738576
phase18_rpl11_deep_dive_v1	Astrocytes	RPL11	ribosomal	6	RPLP1	1.79944367813528	FALSE	2.45949956854975e-06	3	2	TRUE	3	4	1.6094379124341	3.25809653802148	4.68213122712422	0.952380952380952	8	9	2.30258509299405	3.58351893845611	4.24849524204936	1	0.159282174635067	0.146190775485096	0.167346184896763	0.151586675403522
phase18_rpl11_deep_dive_v1	Astrocytes	RPL11	ribosomal	7	RPL19	2.0096883493286	FALSE	0.0512002090195155	0	0	TRUE	3	4	1.6094379124341	3.25809653802148	4.68213122712422	0.952380952380952	8	9	2.30258509299405	3.61091791264422	4.12713438504509	0.952380952380952	0.159282174635067	0.146190775485096	0.128625793389256	0.120321213174822
phase18_rpl11_deep_dive_v1	Astrocytes	RPL11	ribosomal	8	RPS14	2.06127352624112	FALSE	0.0114936631356289	1	1	TRUE	3	4	1.6094379124341	3.25809653802148	4.68213122712422	0.952380952380952	6	7	2.07944154167984	4.26267987704132	4.91998092582813	0.857142857142857	0.159282174635067	0.146190775485096	0.133523034628135	0.12607817702831
phase18_rpl11_deep_dive_v1	Astrocytes	RPL11	ribosomal	9	RPL29	2.31780474525513	FALSE	1	0	0	TRUE	3	4	1.6094379124341	3.25809653802148	4.68213122712422	0.952380952380952	2	3	1.38629436111989	1.6094379124341	1.6094379124341	0.952380952380952	0.159282174635067	0.146190775485096	0.149576308771945	0.138267428021236
phase18_rpl11_deep_dive_v1	Astrocytes	RPL11	ribosomal	10	RPL13A	2.52623686183321	FALSE	0.233434045065501	0	0	TRUE	3	4	1.6094379124341	3.25809653802148	4.68213122712422	0.952380952380952	10	11	2.484906649788	4.11087386417331	4.4188406077966	0.952380952380952	0.159282174635067	0.146190775485096	0.129207679126845	0.122393987616844
phase18_rpl11_deep_dive_v1	Astrocytes	RPL11	ribosomal	11	RPS24	2.69722836231725	FALSE	1	0	0	TRUE	3	4	1.6094379124341	3.25809653802148	4.68213122712422	0.952380952380952	1	2	1.09861228866811	1.94591014905531	2.07944154167984	1	0.159282174635067	0.146190775485096	0.203205261758645	0.183159710613942
phase18_rpl11_deep_dive_v1	Astrocytes	RPL11	ribosomal	12	RPS19	2.86189475829102	FALSE	1	0	0	TRUE	3	4	1.6094379124341	3.25809653802148	4.68213122712422	0.952380952380952	1	2	1.09861228866811	1.09861228866811	1.09861228866811	0.952380952380952	0.159282174635067	0.146190775485096	0.155317248139355	0.145782906965859
phase18_rpl11_deep_dive_v1	Astrocytes	RPL11	ribosomal	13	RPL28	2.95841935982113	FALSE	1	0	0	TRUE	3	4	1.6094379124341	3.25809653802148	4.68213122712422	0.952380952380952	1	2	1.09861228866811	1.09861228866811	1.09861228866811	1	0.159282174635067	0.146190775485096	0.166112406378919	0.155498201366694
phase18_rpl11_deep_dive_v1	Astrocytes	RPL11	ribosomal	14	RPS15	2.99633989343795	FALSE	0.000591956952966052	1	1	TRUE	3	4	1.6094379124341	3.25809653802148	4.68213122712422	0.952380952380952	11	11	2.56494935746154	3.49650756146648	4.47733681447821	1	0.159282174635067	0.146190775485096	0.2057666827305	0.185165621364287
phase18_rpl11_deep_dive_v1	Astrocytes	RPL11	ribosomal	15	RPS27L	3.00852971963069	FALSE	1	0	0	TRUE	3	4	1.6094379124341	3.25809653802148	4.68213122712422	0.952380952380952	1	2	1.09861228866811	1.09861228866811	1.09861228866811	0.904761904761905	0.159282174635067	0.146190775485096	0.143871707692641	0.129969643883978
phase18_rpl11_deep_dive_v1	Astrocytes	RPL11	ribosomal	16	RPL15	3.07367379542157	FALSE	5.11728522358795e-06	3	2	TRUE	3	4	1.6094379124341	3.25809653802148	4.68213122712422	0.952380952380952	12	13	2.63905732961526	3.55534806148941	4.18965474202643	1	0.159282174635067	0.146190775485096	0.188317931616179	0.172568501852124
phase18_rpl11_deep_dive_v1	Astrocytes	RPL11	ribosomal	17	RPS7	3.25219764583699	FALSE	0.415977677820247	0	0	TRUE	3	4	1.6094379124341	3.25809653802148	4.68213122712422	0.952380952380952	10	12	2.484906649788	2.63905732961526	2.63905732961526	0.857142857142857	0.159282174635067	0.146190775485096	0.124306921247316	0.117272228834298
phase18_rpl11_deep_dive_v1	Astrocytes	RPL11	ribosomal	18	RPL23A	3.42872556588129	FALSE	0.280792143394121	0	0	TRUE	3	4	1.6094379124341	3.25809653802148	4.68213122712422	0.952380952380952	1	2	1.09861228866811	1.09861228866811	1.09861228866811	1	0.159282174635067	0.146190775485096	0.20710473025132	0.186897390978751
phase18_rpl11_deep_dive_v1	Astrocytes	RPL11	ribosomal	19	RPL10	4.03999123857716	FALSE	0.417978754441401	0	0	TRUE	3	4	1.6094379124341	3.25809653802148	4.68213122712422	0.952380952380952	4	5	1.79175946922805	1.94591014905531	1.94591014905531	1	0.159282174635067	0.146190775485096	0.251746720035545	0.226634482943072
phase18_rpl11_deep_dive_v1	Astrocytes	RPL11	ribosomal	20	RPL41	5.08077611717712	FALSE	0.139522145993402	0	0	TRUE	3	4	1.6094379124341	3.25809653802148	4.68213122712422	0.952380952380952	19	21	3.04452243772342	3.61091791264422	4.57471097850338	1	0.159282174635067	0.146190775485096	0.198660333881478	0.176974819133714
phase18_rpl11_deep_dive_v1	Astrocytes	RPL11	ribosomal	21	RPS6KA2	55.1730634093617	FALSE	0.904737682156345	0	0	TRUE	3	4	1.6094379124341	3.25809653802148	4.68213122712422	0.952380952380952	69	70	4.26267987704132	5.2040066870768	5.77455154554441	1	0.159282174635067	0.146190775485096	2.00438236701436	0.88502788215943
