metric	rds_id	cell_type	contrast	gene	yu_logFC	current_logFC	abs_logFC_difference	yu_p_value	current_p_value	abs_raw_p_difference	yu_fdr	current_fdr	abs_adjusted_p_difference
"logFC"	"astrocytes"	"Ast GRM3"	"F_e2x_AD_vs_F_e2x_NCI"	"FRG1-DT"	0.420439869309545	0.420439869309546	9.99200722162641e-16	0.000590453130202286	0.000590453130202487	2.01011082778813e-16	0.00116068526279491	0.0011606852627953	3.89879101225787e-16
"raw_p"	"excitatory_set3"	"Exc RELN CHD7"	"M_e2x_AD_vs_M_e2x_NCI"	"FAM19A1"	0.624387811784904	0.624387811784904	0	0.000386949153683796	0.00038694923001503	7.63312340309845e-11	0.00574016862274543	0.00574016862274478	6.50521303491303e-16
"adjusted_p"	"excitatory_set3"	"Exc RELN CHD7"	"M_e2x_AD_vs_M_e2x_NCI"	"SNPH"	1.09431347293818	1.09431347293818	0	0.00158982012976669	0.00158982012976669	0	0.0157909590075706	0.0157909589410809	6.64896991631192e-11
