schema_version	query_order	query_id	background_id	contrast_id	broad_cell_type	group_id	sex	apoe_group	deg_tier	tier_order	tier_role	query_mode	query_mode_order	structural_status	structurally_available	query_size	upregulated_query_genes	downregulated_query_genes	query_status
broad_deg_pathway_ora_query_manifest_v1	1	Astrocytes::AD_vs_NCI__Female__e2::strict::AD_any_mito	Astrocytes::AD_vs_NCI__Female__e2	Astrocytes::AD_vs_NCI__Female__e2	Astrocytes	F_e2	Female	e2	strict	1	confirmatory_thresholded_companion	AD_any_mito	1	validated_complete	TRUE	0	0	0	empty_query
broad_deg_pathway_ora_query_manifest_v1	2	Astrocytes::AD_vs_NCI__Female__e2::strict::AD_up_mito	Astrocytes::AD_vs_NCI__Female__e2	Astrocytes::AD_vs_NCI__Female__e2	Astrocytes	F_e2	Female	e2	strict	1	confirmatory_thresholded_companion	AD_up_mito	2	validated_complete	TRUE	0	0	0	empty_query
broad_deg_pathway_ora_query_manifest_v1	3	Astrocytes::AD_vs_NCI__Female__e2::strict::AD_down_mito	Astrocytes::AD_vs_NCI__Female__e2	Astrocytes::AD_vs_NCI__Female__e2	Astrocytes	F_e2	Female	e2	strict	1	confirmatory_thresholded_companion	AD_down_mito	3	validated_complete	TRUE	0	0	0	empty_query
broad_deg_pathway_ora_query_manifest_v1	4	Astrocytes::AD_vs_NCI__Female__e2::relaxed::AD_any_mito	Astrocytes::AD_vs_NCI__Female__e2	Astrocytes::AD_vs_NCI__Female__e2	Astrocytes	F_e2	Female	e2	relaxed	2	prespecified_sensitivity	AD_any_mito	1	validated_complete	TRUE	0	0	0	empty_query
broad_deg_pathway_ora_query_manifest_v1	5	Astrocytes::AD_vs_NCI__Female__e2::relaxed::AD_up_mito	Astrocytes::AD_vs_NCI__Female__e2	Astrocytes::AD_vs_NCI__Female__e2	Astrocytes	F_e2	Female	e2	relaxed	2	prespecified_sensitivity	AD_up_mito	2	validated_complete	TRUE	0	0	0	empty_query
broad_deg_pathway_ora_query_manifest_v1	6	Astrocytes::AD_vs_NCI__Female__e2::relaxed::AD_down_mito	Astrocytes::AD_vs_NCI__Female__e2	Astrocytes::AD_vs_NCI__Female__e2	Astrocytes	F_e2	Female	e2	relaxed	2	prespecified_sensitivity	AD_down_mito	3	validated_complete	TRUE	0	0	0	empty_query
broad_deg_pathway_ora_query_manifest_v1	7	Astrocytes::AD_vs_NCI__Female__e2::exploratory::AD_any_mito	Astrocytes::AD_vs_NCI__Female__e2	Astrocytes::AD_vs_NCI__Female__e2	Astrocytes	F_e2	Female	e2	exploratory	3	hypothesis_generation_only	AD_any_mito	1	validated_complete	TRUE	0	0	0	empty_query
broad_deg_pathway_ora_query_manifest_v1	8	Astrocytes::AD_vs_NCI__Female__e2::exploratory::AD_up_mito	Astrocytes::AD_vs_NCI__Female__e2	Astrocytes::AD_vs_NCI__Female__e2	Astrocytes	F_e2	Female	e2	exploratory	3	hypothesis_generation_only	AD_up_mito	2	validated_complete	TRUE	0	0	0	empty_query
broad_deg_pathway_ora_query_manifest_v1	9	Astrocytes::AD_vs_NCI__Female__e2::exploratory::AD_down_mito	Astrocytes::AD_vs_NCI__Female__e2	Astrocytes::AD_vs_NCI__Female__e2	Astrocytes	F_e2	Female	e2	exploratory	3	hypothesis_generation_only	AD_down_mito	3	validated_complete	TRUE	0	0	0	empty_query
broad_deg_pathway_ora_query_manifest_v1	10	Astrocytes::AD_vs_NCI__Female__e33::strict::AD_any_mito	Astrocytes::AD_vs_NCI__Female__e33	Astrocytes::AD_vs_NCI__Female__e33	Astrocytes	F_e33	Female	e33	strict	1	confirmatory_thresholded_companion	AD_any_mito	1	validated_complete	TRUE	1	1	0	query_below_minimum
broad_deg_pathway_ora_query_manifest_v1	11	Astrocytes::AD_vs_NCI__Female__e33::strict::AD_up_mito	Astrocytes::AD_vs_NCI__Female__e33	Astrocytes::AD_vs_NCI__Female__e33	Astrocytes	F_e33	Female	e33	strict	1	confirmatory_thresholded_companion	AD_up_mito	2	validated_complete	TRUE	1	1	0	query_below_minimum
broad_deg_pathway_ora_query_manifest_v1	12	Astrocytes::AD_vs_NCI__Female__e33::strict::AD_down_mito	Astrocytes::AD_vs_NCI__Female__e33	Astrocytes::AD_vs_NCI__Female__e33	Astrocytes	F_e33	Female	e33	strict	1	confirmatory_thresholded_companion	AD_down_mito	3	validated_complete	TRUE	0	0	0	empty_query
broad_deg_pathway_ora_query_manifest_v1	13	Astrocytes::AD_vs_NCI__Female__e33::relaxed::AD_any_mito	Astrocytes::AD_vs_NCI__Female__e33	Astrocytes::AD_vs_NCI__Female__e33	Astrocytes	F_e33	Female	e33	relaxed	2	prespecified_sensitivity	AD_any_mito	1	validated_complete	TRUE	2	1	1	query_below_minimum
broad_deg_pathway_ora_query_manifest_v1	14	Astrocytes::AD_vs_NCI__Female__e33::relaxed::AD_up_mito	Astrocytes::AD_vs_NCI__Female__e33	Astrocytes::AD_vs_NCI__Female__e33	Astrocytes	F_e33	Female	e33	relaxed	2	prespecified_sensitivity	AD_up_mito	2	validated_complete	TRUE	1	1	0	query_below_minimum
broad_deg_pathway_ora_query_manifest_v1	15	Astrocytes::AD_vs_NCI__Female__e33::relaxed::AD_down_mito	Astrocytes::AD_vs_NCI__Female__e33	Astrocytes::AD_vs_NCI__Female__e33	Astrocytes	F_e33	Female	e33	relaxed	2	prespecified_sensitivity	AD_down_mito	3	validated_complete	TRUE	1	0	1	query_below_minimum
broad_deg_pathway_ora_query_manifest_v1	16	Astrocytes::AD_vs_NCI__Female__e33::exploratory::AD_any_mito	Astrocytes::AD_vs_NCI__Female__e33	Astrocytes::AD_vs_NCI__Female__e33	Astrocytes	F_e33	Female	e33	exploratory	3	hypothesis_generation_only	AD_any_mito	1	validated_complete	TRUE	9	5	4	eligible_for_pathway_testing
broad_deg_pathway_ora_query_manifest_v1	17	Astrocytes::AD_vs_NCI__Female__e33::exploratory::AD_up_mito	Astrocytes::AD_vs_NCI__Female__e33	Astrocytes::AD_vs_NCI__Female__e33	Astrocytes	F_e33	Female	e33	exploratory	3	hypothesis_generation_only	AD_up_mito	2	validated_complete	TRUE	5	5	0	eligible_for_pathway_testing
broad_deg_pathway_ora_query_manifest_v1	18	Astrocytes::AD_vs_NCI__Female__e33::exploratory::AD_down_mito	Astrocytes::AD_vs_NCI__Female__e33	Astrocytes::AD_vs_NCI__Female__e33	Astrocytes	F_e33	Female	e33	exploratory	3	hypothesis_generation_only	AD_down_mito	3	validated_complete	TRUE	4	0	4	eligible_for_pathway_testing
broad_deg_pathway_ora_query_manifest_v1	19	Astrocytes::AD_vs_NCI__Female__e4::strict::AD_any_mito	Astrocytes::AD_vs_NCI__Female__e4	Astrocytes::AD_vs_NCI__Female__e4	Astrocytes	F_e4	Female	e4	strict	1	confirmatory_thresholded_companion	AD_any_mito	1	validated_complete	TRUE	11	0	11	eligible_for_pathway_testing
broad_deg_pathway_ora_query_manifest_v1	20	Astrocytes::AD_vs_NCI__Female__e4::strict::AD_up_mito	Astrocytes::AD_vs_NCI__Female__e4	Astrocytes::AD_vs_NCI__Female__e4	Astrocytes	F_e4	Female	e4	strict	1	confirmatory_thresholded_companion	AD_up_mito	2	validated_complete	TRUE	0	0	0	empty_query
broad_deg_pathway_ora_query_manifest_v1	21	Astrocytes::AD_vs_NCI__Female__e4::strict::AD_down_mito	Astrocytes::AD_vs_NCI__Female__e4	Astrocytes::AD_vs_NCI__Female__e4	Astrocytes	F_e4	Female	e4	strict	1	confirmatory_thresholded_companion	AD_down_mito	3	validated_complete	TRUE	11	0	11	eligible_for_pathway_testing
broad_deg_pathway_ora_query_manifest_v1	22	Astrocytes::AD_vs_NCI__Female__e4::relaxed::AD_any_mito	Astrocytes::AD_vs_NCI__Female__e4	Astrocytes::AD_vs_NCI__Female__e4	Astrocytes	F_e4	Female	e4	relaxed	2	prespecified_sensitivity	AD_any_mito	1	validated_complete	TRUE	20	2	18	eligible_for_pathway_testing
broad_deg_pathway_ora_query_manifest_v1	23	Astrocytes::AD_vs_NCI__Female__e4::relaxed::AD_up_mito	Astrocytes::AD_vs_NCI__Female__e4	Astrocytes::AD_vs_NCI__Female__e4	Astrocytes	F_e4	Female	e4	relaxed	2	prespecified_sensitivity	AD_up_mito	2	validated_complete	TRUE	2	2	0	query_below_minimum
broad_deg_pathway_ora_query_manifest_v1	24	Astrocytes::AD_vs_NCI__Female__e4::relaxed::AD_down_mito	Astrocytes::AD_vs_NCI__Female__e4	Astrocytes::AD_vs_NCI__Female__e4	Astrocytes	F_e4	Female	e4	relaxed	2	prespecified_sensitivity	AD_down_mito	3	validated_complete	TRUE	18	0	18	eligible_for_pathway_testing
broad_deg_pathway_ora_query_manifest_v1	25	Astrocytes::AD_vs_NCI__Female__e4::exploratory::AD_any_mito	Astrocytes::AD_vs_NCI__Female__e4	Astrocytes::AD_vs_NCI__Female__e4	Astrocytes	F_e4	Female	e4	exploratory	3	hypothesis_generation_only	AD_any_mito	1	validated_complete	TRUE	35	2	33	eligible_for_pathway_testing
broad_deg_pathway_ora_query_manifest_v1	26	Astrocytes::AD_vs_NCI__Female__e4::exploratory::AD_up_mito	Astrocytes::AD_vs_NCI__Female__e4	Astrocytes::AD_vs_NCI__Female__e4	Astrocytes	F_e4	Female	e4	exploratory	3	hypothesis_generation_only	AD_up_mito	2	validated_complete	TRUE	2	2	0	query_below_minimum
broad_deg_pathway_ora_query_manifest_v1	27	Astrocytes::AD_vs_NCI__Female__e4::exploratory::AD_down_mito	Astrocytes::AD_vs_NCI__Female__e4	Astrocytes::AD_vs_NCI__Female__e4	Astrocytes	F_e4	Female	e4	exploratory	3	hypothesis_generation_only	AD_down_mito	3	validated_complete	TRUE	33	0	33	eligible_for_pathway_testing
broad_deg_pathway_ora_query_manifest_v1	28	Astrocytes::AD_vs_NCI__Male__e2::strict::AD_any_mito	Astrocytes::AD_vs_NCI__Male__e2	Astrocytes::AD_vs_NCI__Male__e2	Astrocytes	M_e2	Male	e2	strict	1	confirmatory_thresholded_companion	AD_any_mito	1	validated_complete	TRUE	1	0	1	query_below_minimum
broad_deg_pathway_ora_query_manifest_v1	29	Astrocytes::AD_vs_NCI__Male__e2::strict::AD_up_mito	Astrocytes::AD_vs_NCI__Male__e2	Astrocytes::AD_vs_NCI__Male__e2	Astrocytes	M_e2	Male	e2	strict	1	confirmatory_thresholded_companion	AD_up_mito	2	validated_complete	TRUE	0	0	0	empty_query
broad_deg_pathway_ora_query_manifest_v1	30	Astrocytes::AD_vs_NCI__Male__e2::strict::AD_down_mito	Astrocytes::AD_vs_NCI__Male__e2	Astrocytes::AD_vs_NCI__Male__e2	Astrocytes	M_e2	Male	e2	strict	1	confirmatory_thresholded_companion	AD_down_mito	3	validated_complete	TRUE	1	0	1	query_below_minimum
broad_deg_pathway_ora_query_manifest_v1	31	Astrocytes::AD_vs_NCI__Male__e2::relaxed::AD_any_mito	Astrocytes::AD_vs_NCI__Male__e2	Astrocytes::AD_vs_NCI__Male__e2	Astrocytes	M_e2	Male	e2	relaxed	2	prespecified_sensitivity	AD_any_mito	1	validated_complete	TRUE	1	0	1	query_below_minimum
broad_deg_pathway_ora_query_manifest_v1	32	Astrocytes::AD_vs_NCI__Male__e2::relaxed::AD_up_mito	Astrocytes::AD_vs_NCI__Male__e2	Astrocytes::AD_vs_NCI__Male__e2	Astrocytes	M_e2	Male	e2	relaxed	2	prespecified_sensitivity	AD_up_mito	2	validated_complete	TRUE	0	0	0	empty_query
broad_deg_pathway_ora_query_manifest_v1	33	Astrocytes::AD_vs_NCI__Male__e2::relaxed::AD_down_mito	Astrocytes::AD_vs_NCI__Male__e2	Astrocytes::AD_vs_NCI__Male__e2	Astrocytes	M_e2	Male	e2	relaxed	2	prespecified_sensitivity	AD_down_mito	3	validated_complete	TRUE	1	0	1	query_below_minimum
broad_deg_pathway_ora_query_manifest_v1	34	Astrocytes::AD_vs_NCI__Male__e2::exploratory::AD_any_mito	Astrocytes::AD_vs_NCI__Male__e2	Astrocytes::AD_vs_NCI__Male__e2	Astrocytes	M_e2	Male	e2	exploratory	3	hypothesis_generation_only	AD_any_mito	1	validated_complete	TRUE	1	0	1	query_below_minimum
broad_deg_pathway_ora_query_manifest_v1	35	Astrocytes::AD_vs_NCI__Male__e2::exploratory::AD_up_mito	Astrocytes::AD_vs_NCI__Male__e2	Astrocytes::AD_vs_NCI__Male__e2	Astrocytes	M_e2	Male	e2	exploratory	3	hypothesis_generation_only	AD_up_mito	2	validated_complete	TRUE	0	0	0	empty_query
broad_deg_pathway_ora_query_manifest_v1	36	Astrocytes::AD_vs_NCI__Male__e2::exploratory::AD_down_mito	Astrocytes::AD_vs_NCI__Male__e2	Astrocytes::AD_vs_NCI__Male__e2	Astrocytes	M_e2	Male	e2	exploratory	3	hypothesis_generation_only	AD_down_mito	3	validated_complete	TRUE	1	0	1	query_below_minimum
broad_deg_pathway_ora_query_manifest_v1	37	Astrocytes::AD_vs_NCI__Male__e33::strict::AD_any_mito	Astrocytes::AD_vs_NCI__Male__e33	Astrocytes::AD_vs_NCI__Male__e33	Astrocytes	M_e33	Male	e33	strict	1	confirmatory_thresholded_companion	AD_any_mito	1	validated_complete	TRUE	4	1	3	eligible_for_pathway_testing
broad_deg_pathway_ora_query_manifest_v1	38	Astrocytes::AD_vs_NCI__Male__e33::strict::AD_up_mito	Astrocytes::AD_vs_NCI__Male__e33	Astrocytes::AD_vs_NCI__Male__e33	Astrocytes	M_e33	Male	e33	strict	1	confirmatory_thresholded_companion	AD_up_mito	2	validated_complete	TRUE	1	1	0	query_below_minimum
broad_deg_pathway_ora_query_manifest_v1	39	Astrocytes::AD_vs_NCI__Male__e33::strict::AD_down_mito	Astrocytes::AD_vs_NCI__Male__e33	Astrocytes::AD_vs_NCI__Male__e33	Astrocytes	M_e33	Male	e33	strict	1	confirmatory_thresholded_companion	AD_down_mito	3	validated_complete	TRUE	3	0	3	eligible_for_pathway_testing
broad_deg_pathway_ora_query_manifest_v1	40	Astrocytes::AD_vs_NCI__Male__e33::relaxed::AD_any_mito	Astrocytes::AD_vs_NCI__Male__e33	Astrocytes::AD_vs_NCI__Male__e33	Astrocytes	M_e33	Male	e33	relaxed	2	prespecified_sensitivity	AD_any_mito	1	validated_complete	TRUE	6	1	5	eligible_for_pathway_testing
broad_deg_pathway_ora_query_manifest_v1	41	Astrocytes::AD_vs_NCI__Male__e33::relaxed::AD_up_mito	Astrocytes::AD_vs_NCI__Male__e33	Astrocytes::AD_vs_NCI__Male__e33	Astrocytes	M_e33	Male	e33	relaxed	2	prespecified_sensitivity	AD_up_mito	2	validated_complete	TRUE	1	1	0	query_below_minimum
broad_deg_pathway_ora_query_manifest_v1	42	Astrocytes::AD_vs_NCI__Male__e33::relaxed::AD_down_mito	Astrocytes::AD_vs_NCI__Male__e33	Astrocytes::AD_vs_NCI__Male__e33	Astrocytes	M_e33	Male	e33	relaxed	2	prespecified_sensitivity	AD_down_mito	3	validated_complete	TRUE	5	0	5	eligible_for_pathway_testing
broad_deg_pathway_ora_query_manifest_v1	43	Astrocytes::AD_vs_NCI__Male__e33::exploratory::AD_any_mito	Astrocytes::AD_vs_NCI__Male__e33	Astrocytes::AD_vs_NCI__Male__e33	Astrocytes	M_e33	Male	e33	exploratory	3	hypothesis_generation_only	AD_any_mito	1	validated_complete	TRUE	12	2	10	eligible_for_pathway_testing
broad_deg_pathway_ora_query_manifest_v1	44	Astrocytes::AD_vs_NCI__Male__e33::exploratory::AD_up_mito	Astrocytes::AD_vs_NCI__Male__e33	Astrocytes::AD_vs_NCI__Male__e33	Astrocytes	M_e33	Male	e33	exploratory	3	hypothesis_generation_only	AD_up_mito	2	validated_complete	TRUE	2	2	0	query_below_minimum
broad_deg_pathway_ora_query_manifest_v1	45	Astrocytes::AD_vs_NCI__Male__e33::exploratory::AD_down_mito	Astrocytes::AD_vs_NCI__Male__e33	Astrocytes::AD_vs_NCI__Male__e33	Astrocytes	M_e33	Male	e33	exploratory	3	hypothesis_generation_only	AD_down_mito	3	validated_complete	TRUE	10	0	10	eligible_for_pathway_testing
broad_deg_pathway_ora_query_manifest_v1	46	Astrocytes::AD_vs_NCI__Male__e4::strict::AD_any_mito	Astrocytes::AD_vs_NCI__Male__e4	Astrocytes::AD_vs_NCI__Male__e4	Astrocytes	M_e4	Male	e4	strict	1	confirmatory_thresholded_companion	AD_any_mito	1	validated_complete	TRUE	0	0	0	empty_query
broad_deg_pathway_ora_query_manifest_v1	47	Astrocytes::AD_vs_NCI__Male__e4::strict::AD_up_mito	Astrocytes::AD_vs_NCI__Male__e4	Astrocytes::AD_vs_NCI__Male__e4	Astrocytes	M_e4	Male	e4	strict	1	confirmatory_thresholded_companion	AD_up_mito	2	validated_complete	TRUE	0	0	0	empty_query
broad_deg_pathway_ora_query_manifest_v1	48	Astrocytes::AD_vs_NCI__Male__e4::strict::AD_down_mito	Astrocytes::AD_vs_NCI__Male__e4	Astrocytes::AD_vs_NCI__Male__e4	Astrocytes	M_e4	Male	e4	strict	1	confirmatory_thresholded_companion	AD_down_mito	3	validated_complete	TRUE	0	0	0	empty_query
broad_deg_pathway_ora_query_manifest_v1	49	Astrocytes::AD_vs_NCI__Male__e4::relaxed::AD_any_mito	Astrocytes::AD_vs_NCI__Male__e4	Astrocytes::AD_vs_NCI__Male__e4	Astrocytes	M_e4	Male	e4	relaxed	2	prespecified_sensitivity	AD_any_mito	1	validated_complete	TRUE	0	0	0	empty_query
broad_deg_pathway_ora_query_manifest_v1	50	Astrocytes::AD_vs_NCI__Male__e4::relaxed::AD_up_mito	Astrocytes::AD_vs_NCI__Male__e4	Astrocytes::AD_vs_NCI__Male__e4	Astrocytes	M_e4	Male	e4	relaxed	2	prespecified_sensitivity	AD_up_mito	2	validated_complete	TRUE	0	0	0	empty_query
broad_deg_pathway_ora_query_manifest_v1	51	Astrocytes::AD_vs_NCI__Male__e4::relaxed::AD_down_mito	Astrocytes::AD_vs_NCI__Male__e4	Astrocytes::AD_vs_NCI__Male__e4	Astrocytes	M_e4	Male	e4	relaxed	2	prespecified_sensitivity	AD_down_mito	3	validated_complete	TRUE	0	0	0	empty_query
broad_deg_pathway_ora_query_manifest_v1	52	Astrocytes::AD_vs_NCI__Male__e4::exploratory::AD_any_mito	Astrocytes::AD_vs_NCI__Male__e4	Astrocytes::AD_vs_NCI__Male__e4	Astrocytes	M_e4	Male	e4	exploratory	3	hypothesis_generation_only	AD_any_mito	1	validated_complete	TRUE	0	0	0	empty_query
broad_deg_pathway_ora_query_manifest_v1	53	Astrocytes::AD_vs_NCI__Male__e4::exploratory::AD_up_mito	Astrocytes::AD_vs_NCI__Male__e4	Astrocytes::AD_vs_NCI__Male__e4	Astrocytes	M_e4	Male	e4	exploratory	3	hypothesis_generation_only	AD_up_mito	2	validated_complete	TRUE	0	0	0	empty_query
broad_deg_pathway_ora_query_manifest_v1	54	Astrocytes::AD_vs_NCI__Male__e4::exploratory::AD_down_mito	Astrocytes::AD_vs_NCI__Male__e4	Astrocytes::AD_vs_NCI__Male__e4	Astrocytes	M_e4	Male	e4	exploratory	3	hypothesis_generation_only	AD_down_mito	3	validated_complete	TRUE	0	0	0	empty_query
broad_deg_pathway_ora_query_manifest_v1	55	Excitatory_neurons::AD_vs_NCI__Female__e2::strict::AD_any_mito	Excitatory_neurons::AD_vs_NCI__Female__e2	Excitatory_neurons::AD_vs_NCI__Female__e2	Excitatory_neurons	F_e2	Female	e2	strict	1	confirmatory_thresholded_companion	AD_any_mito	1	validated_complete	TRUE	0	0	0	empty_query
broad_deg_pathway_ora_query_manifest_v1	56	Excitatory_neurons::AD_vs_NCI__Female__e2::strict::AD_up_mito	Excitatory_neurons::AD_vs_NCI__Female__e2	Excitatory_neurons::AD_vs_NCI__Female__e2	Excitatory_neurons	F_e2	Female	e2	strict	1	confirmatory_thresholded_companion	AD_up_mito	2	validated_complete	TRUE	0	0	0	empty_query
broad_deg_pathway_ora_query_manifest_v1	57	Excitatory_neurons::AD_vs_NCI__Female__e2::strict::AD_down_mito	Excitatory_neurons::AD_vs_NCI__Female__e2	Excitatory_neurons::AD_vs_NCI__Female__e2	Excitatory_neurons	F_e2	Female	e2	strict	1	confirmatory_thresholded_companion	AD_down_mito	3	validated_complete	TRUE	0	0	0	empty_query
broad_deg_pathway_ora_query_manifest_v1	58	Excitatory_neurons::AD_vs_NCI__Female__e2::relaxed::AD_any_mito	Excitatory_neurons::AD_vs_NCI__Female__e2	Excitatory_neurons::AD_vs_NCI__Female__e2	Excitatory_neurons	F_e2	Female	e2	relaxed	2	prespecified_sensitivity	AD_any_mito	1	validated_complete	TRUE	1	0	1	query_below_minimum
broad_deg_pathway_ora_query_manifest_v1	59	Excitatory_neurons::AD_vs_NCI__Female__e2::relaxed::AD_up_mito	Excitatory_neurons::AD_vs_NCI__Female__e2	Excitatory_neurons::AD_vs_NCI__Female__e2	Excitatory_neurons	F_e2	Female	e2	relaxed	2	prespecified_sensitivity	AD_up_mito	2	validated_complete	TRUE	0	0	0	empty_query
broad_deg_pathway_ora_query_manifest_v1	60	Excitatory_neurons::AD_vs_NCI__Female__e2::relaxed::AD_down_mito	Excitatory_neurons::AD_vs_NCI__Female__e2	Excitatory_neurons::AD_vs_NCI__Female__e2	Excitatory_neurons	F_e2	Female	e2	relaxed	2	prespecified_sensitivity	AD_down_mito	3	validated_complete	TRUE	1	0	1	query_below_minimum
broad_deg_pathway_ora_query_manifest_v1	61	Excitatory_neurons::AD_vs_NCI__Female__e2::exploratory::AD_any_mito	Excitatory_neurons::AD_vs_NCI__Female__e2	Excitatory_neurons::AD_vs_NCI__Female__e2	Excitatory_neurons	F_e2	Female	e2	exploratory	3	hypothesis_generation_only	AD_any_mito	1	validated_complete	TRUE	1	0	1	query_below_minimum
broad_deg_pathway_ora_query_manifest_v1	62	Excitatory_neurons::AD_vs_NCI__Female__e2::exploratory::AD_up_mito	Excitatory_neurons::AD_vs_NCI__Female__e2	Excitatory_neurons::AD_vs_NCI__Female__e2	Excitatory_neurons	F_e2	Female	e2	exploratory	3	hypothesis_generation_only	AD_up_mito	2	validated_complete	TRUE	0	0	0	empty_query
broad_deg_pathway_ora_query_manifest_v1	63	Excitatory_neurons::AD_vs_NCI__Female__e2::exploratory::AD_down_mito	Excitatory_neurons::AD_vs_NCI__Female__e2	Excitatory_neurons::AD_vs_NCI__Female__e2	Excitatory_neurons	F_e2	Female	e2	exploratory	3	hypothesis_generation_only	AD_down_mito	3	validated_complete	TRUE	1	0	1	query_below_minimum
broad_deg_pathway_ora_query_manifest_v1	64	Excitatory_neurons::AD_vs_NCI__Female__e33::strict::AD_any_mito	Excitatory_neurons::AD_vs_NCI__Female__e33	Excitatory_neurons::AD_vs_NCI__Female__e33	Excitatory_neurons	F_e33	Female	e33	strict	1	confirmatory_thresholded_companion	AD_any_mito	1	validated_complete	TRUE	2	2	0	query_below_minimum
broad_deg_pathway_ora_query_manifest_v1	65	Excitatory_neurons::AD_vs_NCI__Female__e33::strict::AD_up_mito	Excitatory_neurons::AD_vs_NCI__Female__e33	Excitatory_neurons::AD_vs_NCI__Female__e33	Excitatory_neurons	F_e33	Female	e33	strict	1	confirmatory_thresholded_companion	AD_up_mito	2	validated_complete	TRUE	2	2	0	query_below_minimum
broad_deg_pathway_ora_query_manifest_v1	66	Excitatory_neurons::AD_vs_NCI__Female__e33::strict::AD_down_mito	Excitatory_neurons::AD_vs_NCI__Female__e33	Excitatory_neurons::AD_vs_NCI__Female__e33	Excitatory_neurons	F_e33	Female	e33	strict	1	confirmatory_thresholded_companion	AD_down_mito	3	validated_complete	TRUE	0	0	0	empty_query
broad_deg_pathway_ora_query_manifest_v1	67	Excitatory_neurons::AD_vs_NCI__Female__e33::relaxed::AD_any_mito	Excitatory_neurons::AD_vs_NCI__Female__e33	Excitatory_neurons::AD_vs_NCI__Female__e33	Excitatory_neurons	F_e33	Female	e33	relaxed	2	prespecified_sensitivity	AD_any_mito	1	validated_complete	TRUE	2	2	0	query_below_minimum
broad_deg_pathway_ora_query_manifest_v1	68	Excitatory_neurons::AD_vs_NCI__Female__e33::relaxed::AD_up_mito	Excitatory_neurons::AD_vs_NCI__Female__e33	Excitatory_neurons::AD_vs_NCI__Female__e33	Excitatory_neurons	F_e33	Female	e33	relaxed	2	prespecified_sensitivity	AD_up_mito	2	validated_complete	TRUE	2	2	0	query_below_minimum
broad_deg_pathway_ora_query_manifest_v1	69	Excitatory_neurons::AD_vs_NCI__Female__e33::relaxed::AD_down_mito	Excitatory_neurons::AD_vs_NCI__Female__e33	Excitatory_neurons::AD_vs_NCI__Female__e33	Excitatory_neurons	F_e33	Female	e33	relaxed	2	prespecified_sensitivity	AD_down_mito	3	validated_complete	TRUE	0	0	0	empty_query
broad_deg_pathway_ora_query_manifest_v1	70	Excitatory_neurons::AD_vs_NCI__Female__e33::exploratory::AD_any_mito	Excitatory_neurons::AD_vs_NCI__Female__e33	Excitatory_neurons::AD_vs_NCI__Female__e33	Excitatory_neurons	F_e33	Female	e33	exploratory	3	hypothesis_generation_only	AD_any_mito	1	validated_complete	TRUE	7	7	0	eligible_for_pathway_testing
broad_deg_pathway_ora_query_manifest_v1	71	Excitatory_neurons::AD_vs_NCI__Female__e33::exploratory::AD_up_mito	Excitatory_neurons::AD_vs_NCI__Female__e33	Excitatory_neurons::AD_vs_NCI__Female__e33	Excitatory_neurons	F_e33	Female	e33	exploratory	3	hypothesis_generation_only	AD_up_mito	2	validated_complete	TRUE	7	7	0	eligible_for_pathway_testing
broad_deg_pathway_ora_query_manifest_v1	72	Excitatory_neurons::AD_vs_NCI__Female__e33::exploratory::AD_down_mito	Excitatory_neurons::AD_vs_NCI__Female__e33	Excitatory_neurons::AD_vs_NCI__Female__e33	Excitatory_neurons	F_e33	Female	e33	exploratory	3	hypothesis_generation_only	AD_down_mito	3	validated_complete	TRUE	0	0	0	empty_query
broad_deg_pathway_ora_query_manifest_v1	73	Excitatory_neurons::AD_vs_NCI__Female__e4::strict::AD_any_mito	Excitatory_neurons::AD_vs_NCI__Female__e4	Excitatory_neurons::AD_vs_NCI__Female__e4	Excitatory_neurons	F_e4	Female	e4	strict	1	confirmatory_thresholded_companion	AD_any_mito	1	validated_complete	TRUE	3	0	3	eligible_for_pathway_testing
broad_deg_pathway_ora_query_manifest_v1	74	Excitatory_neurons::AD_vs_NCI__Female__e4::strict::AD_up_mito	Excitatory_neurons::AD_vs_NCI__Female__e4	Excitatory_neurons::AD_vs_NCI__Female__e4	Excitatory_neurons	F_e4	Female	e4	strict	1	confirmatory_thresholded_companion	AD_up_mito	2	validated_complete	TRUE	0	0	0	empty_query
broad_deg_pathway_ora_query_manifest_v1	75	Excitatory_neurons::AD_vs_NCI__Female__e4::strict::AD_down_mito	Excitatory_neurons::AD_vs_NCI__Female__e4	Excitatory_neurons::AD_vs_NCI__Female__e4	Excitatory_neurons	F_e4	Female	e4	strict	1	confirmatory_thresholded_companion	AD_down_mito	3	validated_complete	TRUE	3	0	3	eligible_for_pathway_testing
broad_deg_pathway_ora_query_manifest_v1	76	Excitatory_neurons::AD_vs_NCI__Female__e4::relaxed::AD_any_mito	Excitatory_neurons::AD_vs_NCI__Female__e4	Excitatory_neurons::AD_vs_NCI__Female__e4	Excitatory_neurons	F_e4	Female	e4	relaxed	2	prespecified_sensitivity	AD_any_mito	1	validated_complete	TRUE	3	0	3	eligible_for_pathway_testing
broad_deg_pathway_ora_query_manifest_v1	77	Excitatory_neurons::AD_vs_NCI__Female__e4::relaxed::AD_up_mito	Excitatory_neurons::AD_vs_NCI__Female__e4	Excitatory_neurons::AD_vs_NCI__Female__e4	Excitatory_neurons	F_e4	Female	e4	relaxed	2	prespecified_sensitivity	AD_up_mito	2	validated_complete	TRUE	0	0	0	empty_query
broad_deg_pathway_ora_query_manifest_v1	78	Excitatory_neurons::AD_vs_NCI__Female__e4::relaxed::AD_down_mito	Excitatory_neurons::AD_vs_NCI__Female__e4	Excitatory_neurons::AD_vs_NCI__Female__e4	Excitatory_neurons	F_e4	Female	e4	relaxed	2	prespecified_sensitivity	AD_down_mito	3	validated_complete	TRUE	3	0	3	eligible_for_pathway_testing
broad_deg_pathway_ora_query_manifest_v1	79	Excitatory_neurons::AD_vs_NCI__Female__e4::exploratory::AD_any_mito	Excitatory_neurons::AD_vs_NCI__Female__e4	Excitatory_neurons::AD_vs_NCI__Female__e4	Excitatory_neurons	F_e4	Female	e4	exploratory	3	hypothesis_generation_only	AD_any_mito	1	validated_complete	TRUE	3	0	3	eligible_for_pathway_testing
broad_deg_pathway_ora_query_manifest_v1	80	Excitatory_neurons::AD_vs_NCI__Female__e4::exploratory::AD_up_mito	Excitatory_neurons::AD_vs_NCI__Female__e4	Excitatory_neurons::AD_vs_NCI__Female__e4	Excitatory_neurons	F_e4	Female	e4	exploratory	3	hypothesis_generation_only	AD_up_mito	2	validated_complete	TRUE	0	0	0	empty_query
broad_deg_pathway_ora_query_manifest_v1	81	Excitatory_neurons::AD_vs_NCI__Female__e4::exploratory::AD_down_mito	Excitatory_neurons::AD_vs_NCI__Female__e4	Excitatory_neurons::AD_vs_NCI__Female__e4	Excitatory_neurons	F_e4	Female	e4	exploratory	3	hypothesis_generation_only	AD_down_mito	3	validated_complete	TRUE	3	0	3	eligible_for_pathway_testing
broad_deg_pathway_ora_query_manifest_v1	82	Excitatory_neurons::AD_vs_NCI__Male__e2::strict::AD_any_mito	Excitatory_neurons::AD_vs_NCI__Male__e2	Excitatory_neurons::AD_vs_NCI__Male__e2	Excitatory_neurons	M_e2	Male	e2	strict	1	confirmatory_thresholded_companion	AD_any_mito	1	validated_complete	TRUE	2	0	2	query_below_minimum
broad_deg_pathway_ora_query_manifest_v1	83	Excitatory_neurons::AD_vs_NCI__Male__e2::strict::AD_up_mito	Excitatory_neurons::AD_vs_NCI__Male__e2	Excitatory_neurons::AD_vs_NCI__Male__e2	Excitatory_neurons	M_e2	Male	e2	strict	1	confirmatory_thresholded_companion	AD_up_mito	2	validated_complete	TRUE	0	0	0	empty_query
broad_deg_pathway_ora_query_manifest_v1	84	Excitatory_neurons::AD_vs_NCI__Male__e2::strict::AD_down_mito	Excitatory_neurons::AD_vs_NCI__Male__e2	Excitatory_neurons::AD_vs_NCI__Male__e2	Excitatory_neurons	M_e2	Male	e2	strict	1	confirmatory_thresholded_companion	AD_down_mito	3	validated_complete	TRUE	2	0	2	query_below_minimum
broad_deg_pathway_ora_query_manifest_v1	85	Excitatory_neurons::AD_vs_NCI__Male__e2::relaxed::AD_any_mito	Excitatory_neurons::AD_vs_NCI__Male__e2	Excitatory_neurons::AD_vs_NCI__Male__e2	Excitatory_neurons	M_e2	Male	e2	relaxed	2	prespecified_sensitivity	AD_any_mito	1	validated_complete	TRUE	3	0	3	eligible_for_pathway_testing
broad_deg_pathway_ora_query_manifest_v1	86	Excitatory_neurons::AD_vs_NCI__Male__e2::relaxed::AD_up_mito	Excitatory_neurons::AD_vs_NCI__Male__e2	Excitatory_neurons::AD_vs_NCI__Male__e2	Excitatory_neurons	M_e2	Male	e2	relaxed	2	prespecified_sensitivity	AD_up_mito	2	validated_complete	TRUE	0	0	0	empty_query
broad_deg_pathway_ora_query_manifest_v1	87	Excitatory_neurons::AD_vs_NCI__Male__e2::relaxed::AD_down_mito	Excitatory_neurons::AD_vs_NCI__Male__e2	Excitatory_neurons::AD_vs_NCI__Male__e2	Excitatory_neurons	M_e2	Male	e2	relaxed	2	prespecified_sensitivity	AD_down_mito	3	validated_complete	TRUE	3	0	3	eligible_for_pathway_testing
broad_deg_pathway_ora_query_manifest_v1	88	Excitatory_neurons::AD_vs_NCI__Male__e2::exploratory::AD_any_mito	Excitatory_neurons::AD_vs_NCI__Male__e2	Excitatory_neurons::AD_vs_NCI__Male__e2	Excitatory_neurons	M_e2	Male	e2	exploratory	3	hypothesis_generation_only	AD_any_mito	1	validated_complete	TRUE	6	2	4	eligible_for_pathway_testing
broad_deg_pathway_ora_query_manifest_v1	89	Excitatory_neurons::AD_vs_NCI__Male__e2::exploratory::AD_up_mito	Excitatory_neurons::AD_vs_NCI__Male__e2	Excitatory_neurons::AD_vs_NCI__Male__e2	Excitatory_neurons	M_e2	Male	e2	exploratory	3	hypothesis_generation_only	AD_up_mito	2	validated_complete	TRUE	2	2	0	query_below_minimum
broad_deg_pathway_ora_query_manifest_v1	90	Excitatory_neurons::AD_vs_NCI__Male__e2::exploratory::AD_down_mito	Excitatory_neurons::AD_vs_NCI__Male__e2	Excitatory_neurons::AD_vs_NCI__Male__e2	Excitatory_neurons	M_e2	Male	e2	exploratory	3	hypothesis_generation_only	AD_down_mito	3	validated_complete	TRUE	4	0	4	eligible_for_pathway_testing
broad_deg_pathway_ora_query_manifest_v1	91	Excitatory_neurons::AD_vs_NCI__Male__e33::strict::AD_any_mito	Excitatory_neurons::AD_vs_NCI__Male__e33	Excitatory_neurons::AD_vs_NCI__Male__e33	Excitatory_neurons	M_e33	Male	e33	strict	1	confirmatory_thresholded_companion	AD_any_mito	1	validated_complete	TRUE	7	7	0	eligible_for_pathway_testing
broad_deg_pathway_ora_query_manifest_v1	92	Excitatory_neurons::AD_vs_NCI__Male__e33::strict::AD_up_mito	Excitatory_neurons::AD_vs_NCI__Male__e33	Excitatory_neurons::AD_vs_NCI__Male__e33	Excitatory_neurons	M_e33	Male	e33	strict	1	confirmatory_thresholded_companion	AD_up_mito	2	validated_complete	TRUE	7	7	0	eligible_for_pathway_testing
broad_deg_pathway_ora_query_manifest_v1	93	Excitatory_neurons::AD_vs_NCI__Male__e33::strict::AD_down_mito	Excitatory_neurons::AD_vs_NCI__Male__e33	Excitatory_neurons::AD_vs_NCI__Male__e33	Excitatory_neurons	M_e33	Male	e33	strict	1	confirmatory_thresholded_companion	AD_down_mito	3	validated_complete	TRUE	0	0	0	empty_query
broad_deg_pathway_ora_query_manifest_v1	94	Excitatory_neurons::AD_vs_NCI__Male__e33::relaxed::AD_any_mito	Excitatory_neurons::AD_vs_NCI__Male__e33	Excitatory_neurons::AD_vs_NCI__Male__e33	Excitatory_neurons	M_e33	Male	e33	relaxed	2	prespecified_sensitivity	AD_any_mito	1	validated_complete	TRUE	13	12	1	eligible_for_pathway_testing
broad_deg_pathway_ora_query_manifest_v1	95	Excitatory_neurons::AD_vs_NCI__Male__e33::relaxed::AD_up_mito	Excitatory_neurons::AD_vs_NCI__Male__e33	Excitatory_neurons::AD_vs_NCI__Male__e33	Excitatory_neurons	M_e33	Male	e33	relaxed	2	prespecified_sensitivity	AD_up_mito	2	validated_complete	TRUE	12	12	0	eligible_for_pathway_testing
broad_deg_pathway_ora_query_manifest_v1	96	Excitatory_neurons::AD_vs_NCI__Male__e33::relaxed::AD_down_mito	Excitatory_neurons::AD_vs_NCI__Male__e33	Excitatory_neurons::AD_vs_NCI__Male__e33	Excitatory_neurons	M_e33	Male	e33	relaxed	2	prespecified_sensitivity	AD_down_mito	3	validated_complete	TRUE	1	0	1	query_below_minimum
broad_deg_pathway_ora_query_manifest_v1	97	Excitatory_neurons::AD_vs_NCI__Male__e33::exploratory::AD_any_mito	Excitatory_neurons::AD_vs_NCI__Male__e33	Excitatory_neurons::AD_vs_NCI__Male__e33	Excitatory_neurons	M_e33	Male	e33	exploratory	3	hypothesis_generation_only	AD_any_mito	1	validated_complete	TRUE	19	17	2	eligible_for_pathway_testing
broad_deg_pathway_ora_query_manifest_v1	98	Excitatory_neurons::AD_vs_NCI__Male__e33::exploratory::AD_up_mito	Excitatory_neurons::AD_vs_NCI__Male__e33	Excitatory_neurons::AD_vs_NCI__Male__e33	Excitatory_neurons	M_e33	Male	e33	exploratory	3	hypothesis_generation_only	AD_up_mito	2	validated_complete	TRUE	17	17	0	eligible_for_pathway_testing
broad_deg_pathway_ora_query_manifest_v1	99	Excitatory_neurons::AD_vs_NCI__Male__e33::exploratory::AD_down_mito	Excitatory_neurons::AD_vs_NCI__Male__e33	Excitatory_neurons::AD_vs_NCI__Male__e33	Excitatory_neurons	M_e33	Male	e33	exploratory	3	hypothesis_generation_only	AD_down_mito	3	validated_complete	TRUE	2	0	2	query_below_minimum
broad_deg_pathway_ora_query_manifest_v1	100	Excitatory_neurons::AD_vs_NCI__Male__e4::strict::AD_any_mito	Excitatory_neurons::AD_vs_NCI__Male__e4	Excitatory_neurons::AD_vs_NCI__Male__e4	Excitatory_neurons	M_e4	Male	e4	strict	1	confirmatory_thresholded_companion	AD_any_mito	1	validated_complete	TRUE	0	0	0	empty_query
broad_deg_pathway_ora_query_manifest_v1	101	Excitatory_neurons::AD_vs_NCI__Male__e4::strict::AD_up_mito	Excitatory_neurons::AD_vs_NCI__Male__e4	Excitatory_neurons::AD_vs_NCI__Male__e4	Excitatory_neurons	M_e4	Male	e4	strict	1	confirmatory_thresholded_companion	AD_up_mito	2	validated_complete	TRUE	0	0	0	empty_query
broad_deg_pathway_ora_query_manifest_v1	102	Excitatory_neurons::AD_vs_NCI__Male__e4::strict::AD_down_mito	Excitatory_neurons::AD_vs_NCI__Male__e4	Excitatory_neurons::AD_vs_NCI__Male__e4	Excitatory_neurons	M_e4	Male	e4	strict	1	confirmatory_thresholded_companion	AD_down_mito	3	validated_complete	TRUE	0	0	0	empty_query
broad_deg_pathway_ora_query_manifest_v1	103	Excitatory_neurons::AD_vs_NCI__Male__e4::relaxed::AD_any_mito	Excitatory_neurons::AD_vs_NCI__Male__e4	Excitatory_neurons::AD_vs_NCI__Male__e4	Excitatory_neurons	M_e4	Male	e4	relaxed	2	prespecified_sensitivity	AD_any_mito	1	validated_complete	TRUE	0	0	0	empty_query
broad_deg_pathway_ora_query_manifest_v1	104	Excitatory_neurons::AD_vs_NCI__Male__e4::relaxed::AD_up_mito	Excitatory_neurons::AD_vs_NCI__Male__e4	Excitatory_neurons::AD_vs_NCI__Male__e4	Excitatory_neurons	M_e4	Male	e4	relaxed	2	prespecified_sensitivity	AD_up_mito	2	validated_complete	TRUE	0	0	0	empty_query
broad_deg_pathway_ora_query_manifest_v1	105	Excitatory_neurons::AD_vs_NCI__Male__e4::relaxed::AD_down_mito	Excitatory_neurons::AD_vs_NCI__Male__e4	Excitatory_neurons::AD_vs_NCI__Male__e4	Excitatory_neurons	M_e4	Male	e4	relaxed	2	prespecified_sensitivity	AD_down_mito	3	validated_complete	TRUE	0	0	0	empty_query
broad_deg_pathway_ora_query_manifest_v1	106	Excitatory_neurons::AD_vs_NCI__Male__e4::exploratory::AD_any_mito	Excitatory_neurons::AD_vs_NCI__Male__e4	Excitatory_neurons::AD_vs_NCI__Male__e4	Excitatory_neurons	M_e4	Male	e4	exploratory	3	hypothesis_generation_only	AD_any_mito	1	validated_complete	TRUE	0	0	0	empty_query
broad_deg_pathway_ora_query_manifest_v1	107	Excitatory_neurons::AD_vs_NCI__Male__e4::exploratory::AD_up_mito	Excitatory_neurons::AD_vs_NCI__Male__e4	Excitatory_neurons::AD_vs_NCI__Male__e4	Excitatory_neurons	M_e4	Male	e4	exploratory	3	hypothesis_generation_only	AD_up_mito	2	validated_complete	TRUE	0	0	0	empty_query
broad_deg_pathway_ora_query_manifest_v1	108	Excitatory_neurons::AD_vs_NCI__Male__e4::exploratory::AD_down_mito	Excitatory_neurons::AD_vs_NCI__Male__e4	Excitatory_neurons::AD_vs_NCI__Male__e4	Excitatory_neurons	M_e4	Male	e4	exploratory	3	hypothesis_generation_only	AD_down_mito	3	validated_complete	TRUE	0	0	0	empty_query
broad_deg_pathway_ora_query_manifest_v1	109	Inhibitory_neurons::AD_vs_NCI__Female__e2::strict::AD_any_mito	Inhibitory_neurons::AD_vs_NCI__Female__e2	Inhibitory_neurons::AD_vs_NCI__Female__e2	Inhibitory_neurons	F_e2	Female	e2	strict	1	confirmatory_thresholded_companion	AD_any_mito	1	validated_complete	TRUE	0	0	0	empty_query
broad_deg_pathway_ora_query_manifest_v1	110	Inhibitory_neurons::AD_vs_NCI__Female__e2::strict::AD_up_mito	Inhibitory_neurons::AD_vs_NCI__Female__e2	Inhibitory_neurons::AD_vs_NCI__Female__e2	Inhibitory_neurons	F_e2	Female	e2	strict	1	confirmatory_thresholded_companion	AD_up_mito	2	validated_complete	TRUE	0	0	0	empty_query
broad_deg_pathway_ora_query_manifest_v1	111	Inhibitory_neurons::AD_vs_NCI__Female__e2::strict::AD_down_mito	Inhibitory_neurons::AD_vs_NCI__Female__e2	Inhibitory_neurons::AD_vs_NCI__Female__e2	Inhibitory_neurons	F_e2	Female	e2	strict	1	confirmatory_thresholded_companion	AD_down_mito	3	validated_complete	TRUE	0	0	0	empty_query
broad_deg_pathway_ora_query_manifest_v1	112	Inhibitory_neurons::AD_vs_NCI__Female__e2::relaxed::AD_any_mito	Inhibitory_neurons::AD_vs_NCI__Female__e2	Inhibitory_neurons::AD_vs_NCI__Female__e2	Inhibitory_neurons	F_e2	Female	e2	relaxed	2	prespecified_sensitivity	AD_any_mito	1	validated_complete	TRUE	0	0	0	empty_query
broad_deg_pathway_ora_query_manifest_v1	113	Inhibitory_neurons::AD_vs_NCI__Female__e2::relaxed::AD_up_mito	Inhibitory_neurons::AD_vs_NCI__Female__e2	Inhibitory_neurons::AD_vs_NCI__Female__e2	Inhibitory_neurons	F_e2	Female	e2	relaxed	2	prespecified_sensitivity	AD_up_mito	2	validated_complete	TRUE	0	0	0	empty_query
broad_deg_pathway_ora_query_manifest_v1	114	Inhibitory_neurons::AD_vs_NCI__Female__e2::relaxed::AD_down_mito	Inhibitory_neurons::AD_vs_NCI__Female__e2	Inhibitory_neurons::AD_vs_NCI__Female__e2	Inhibitory_neurons	F_e2	Female	e2	relaxed	2	prespecified_sensitivity	AD_down_mito	3	validated_complete	TRUE	0	0	0	empty_query
broad_deg_pathway_ora_query_manifest_v1	115	Inhibitory_neurons::AD_vs_NCI__Female__e2::exploratory::AD_any_mito	Inhibitory_neurons::AD_vs_NCI__Female__e2	Inhibitory_neurons::AD_vs_NCI__Female__e2	Inhibitory_neurons	F_e2	Female	e2	exploratory	3	hypothesis_generation_only	AD_any_mito	1	validated_complete	TRUE	0	0	0	empty_query
broad_deg_pathway_ora_query_manifest_v1	116	Inhibitory_neurons::AD_vs_NCI__Female__e2::exploratory::AD_up_mito	Inhibitory_neurons::AD_vs_NCI__Female__e2	Inhibitory_neurons::AD_vs_NCI__Female__e2	Inhibitory_neurons	F_e2	Female	e2	exploratory	3	hypothesis_generation_only	AD_up_mito	2	validated_complete	TRUE	0	0	0	empty_query
broad_deg_pathway_ora_query_manifest_v1	117	Inhibitory_neurons::AD_vs_NCI__Female__e2::exploratory::AD_down_mito	Inhibitory_neurons::AD_vs_NCI__Female__e2	Inhibitory_neurons::AD_vs_NCI__Female__e2	Inhibitory_neurons	F_e2	Female	e2	exploratory	3	hypothesis_generation_only	AD_down_mito	3	validated_complete	TRUE	0	0	0	empty_query
broad_deg_pathway_ora_query_manifest_v1	118	Inhibitory_neurons::AD_vs_NCI__Female__e33::strict::AD_any_mito	Inhibitory_neurons::AD_vs_NCI__Female__e33	Inhibitory_neurons::AD_vs_NCI__Female__e33	Inhibitory_neurons	F_e33	Female	e33	strict	1	confirmatory_thresholded_companion	AD_any_mito	1	validated_complete	TRUE	0	0	0	empty_query
broad_deg_pathway_ora_query_manifest_v1	119	Inhibitory_neurons::AD_vs_NCI__Female__e33::strict::AD_up_mito	Inhibitory_neurons::AD_vs_NCI__Female__e33	Inhibitory_neurons::AD_vs_NCI__Female__e33	Inhibitory_neurons	F_e33	Female	e33	strict	1	confirmatory_thresholded_companion	AD_up_mito	2	validated_complete	TRUE	0	0	0	empty_query
broad_deg_pathway_ora_query_manifest_v1	120	Inhibitory_neurons::AD_vs_NCI__Female__e33::strict::AD_down_mito	Inhibitory_neurons::AD_vs_NCI__Female__e33	Inhibitory_neurons::AD_vs_NCI__Female__e33	Inhibitory_neurons	F_e33	Female	e33	strict	1	confirmatory_thresholded_companion	AD_down_mito	3	validated_complete	TRUE	0	0	0	empty_query
broad_deg_pathway_ora_query_manifest_v1	121	Inhibitory_neurons::AD_vs_NCI__Female__e33::relaxed::AD_any_mito	Inhibitory_neurons::AD_vs_NCI__Female__e33	Inhibitory_neurons::AD_vs_NCI__Female__e33	Inhibitory_neurons	F_e33	Female	e33	relaxed	2	prespecified_sensitivity	AD_any_mito	1	validated_complete	TRUE	0	0	0	empty_query
broad_deg_pathway_ora_query_manifest_v1	122	Inhibitory_neurons::AD_vs_NCI__Female__e33::relaxed::AD_up_mito	Inhibitory_neurons::AD_vs_NCI__Female__e33	Inhibitory_neurons::AD_vs_NCI__Female__e33	Inhibitory_neurons	F_e33	Female	e33	relaxed	2	prespecified_sensitivity	AD_up_mito	2	validated_complete	TRUE	0	0	0	empty_query
broad_deg_pathway_ora_query_manifest_v1	123	Inhibitory_neurons::AD_vs_NCI__Female__e33::relaxed::AD_down_mito	Inhibitory_neurons::AD_vs_NCI__Female__e33	Inhibitory_neurons::AD_vs_NCI__Female__e33	Inhibitory_neurons	F_e33	Female	e33	relaxed	2	prespecified_sensitivity	AD_down_mito	3	validated_complete	TRUE	0	0	0	empty_query
broad_deg_pathway_ora_query_manifest_v1	124	Inhibitory_neurons::AD_vs_NCI__Female__e33::exploratory::AD_any_mito	Inhibitory_neurons::AD_vs_NCI__Female__e33	Inhibitory_neurons::AD_vs_NCI__Female__e33	Inhibitory_neurons	F_e33	Female	e33	exploratory	3	hypothesis_generation_only	AD_any_mito	1	validated_complete	TRUE	1	1	0	query_below_minimum
broad_deg_pathway_ora_query_manifest_v1	125	Inhibitory_neurons::AD_vs_NCI__Female__e33::exploratory::AD_up_mito	Inhibitory_neurons::AD_vs_NCI__Female__e33	Inhibitory_neurons::AD_vs_NCI__Female__e33	Inhibitory_neurons	F_e33	Female	e33	exploratory	3	hypothesis_generation_only	AD_up_mito	2	validated_complete	TRUE	1	1	0	query_below_minimum
broad_deg_pathway_ora_query_manifest_v1	126	Inhibitory_neurons::AD_vs_NCI__Female__e33::exploratory::AD_down_mito	Inhibitory_neurons::AD_vs_NCI__Female__e33	Inhibitory_neurons::AD_vs_NCI__Female__e33	Inhibitory_neurons	F_e33	Female	e33	exploratory	3	hypothesis_generation_only	AD_down_mito	3	validated_complete	TRUE	0	0	0	empty_query
broad_deg_pathway_ora_query_manifest_v1	127	Inhibitory_neurons::AD_vs_NCI__Female__e4::strict::AD_any_mito	Inhibitory_neurons::AD_vs_NCI__Female__e4	Inhibitory_neurons::AD_vs_NCI__Female__e4	Inhibitory_neurons	F_e4	Female	e4	strict	1	confirmatory_thresholded_companion	AD_any_mito	1	validated_complete	TRUE	3	0	3	eligible_for_pathway_testing
broad_deg_pathway_ora_query_manifest_v1	128	Inhibitory_neurons::AD_vs_NCI__Female__e4::strict::AD_up_mito	Inhibitory_neurons::AD_vs_NCI__Female__e4	Inhibitory_neurons::AD_vs_NCI__Female__e4	Inhibitory_neurons	F_e4	Female	e4	strict	1	confirmatory_thresholded_companion	AD_up_mito	2	validated_complete	TRUE	0	0	0	empty_query
broad_deg_pathway_ora_query_manifest_v1	129	Inhibitory_neurons::AD_vs_NCI__Female__e4::strict::AD_down_mito	Inhibitory_neurons::AD_vs_NCI__Female__e4	Inhibitory_neurons::AD_vs_NCI__Female__e4	Inhibitory_neurons	F_e4	Female	e4	strict	1	confirmatory_thresholded_companion	AD_down_mito	3	validated_complete	TRUE	3	0	3	eligible_for_pathway_testing
broad_deg_pathway_ora_query_manifest_v1	130	Inhibitory_neurons::AD_vs_NCI__Female__e4::relaxed::AD_any_mito	Inhibitory_neurons::AD_vs_NCI__Female__e4	Inhibitory_neurons::AD_vs_NCI__Female__e4	Inhibitory_neurons	F_e4	Female	e4	relaxed	2	prespecified_sensitivity	AD_any_mito	1	validated_complete	TRUE	3	0	3	eligible_for_pathway_testing
broad_deg_pathway_ora_query_manifest_v1	131	Inhibitory_neurons::AD_vs_NCI__Female__e4::relaxed::AD_up_mito	Inhibitory_neurons::AD_vs_NCI__Female__e4	Inhibitory_neurons::AD_vs_NCI__Female__e4	Inhibitory_neurons	F_e4	Female	e4	relaxed	2	prespecified_sensitivity	AD_up_mito	2	validated_complete	TRUE	0	0	0	empty_query
broad_deg_pathway_ora_query_manifest_v1	132	Inhibitory_neurons::AD_vs_NCI__Female__e4::relaxed::AD_down_mito	Inhibitory_neurons::AD_vs_NCI__Female__e4	Inhibitory_neurons::AD_vs_NCI__Female__e4	Inhibitory_neurons	F_e4	Female	e4	relaxed	2	prespecified_sensitivity	AD_down_mito	3	validated_complete	TRUE	3	0	3	eligible_for_pathway_testing
broad_deg_pathway_ora_query_manifest_v1	133	Inhibitory_neurons::AD_vs_NCI__Female__e4::exploratory::AD_any_mito	Inhibitory_neurons::AD_vs_NCI__Female__e4	Inhibitory_neurons::AD_vs_NCI__Female__e4	Inhibitory_neurons	F_e4	Female	e4	exploratory	3	hypothesis_generation_only	AD_any_mito	1	validated_complete	TRUE	3	0	3	eligible_for_pathway_testing
broad_deg_pathway_ora_query_manifest_v1	134	Inhibitory_neurons::AD_vs_NCI__Female__e4::exploratory::AD_up_mito	Inhibitory_neurons::AD_vs_NCI__Female__e4	Inhibitory_neurons::AD_vs_NCI__Female__e4	Inhibitory_neurons	F_e4	Female	e4	exploratory	3	hypothesis_generation_only	AD_up_mito	2	validated_complete	TRUE	0	0	0	empty_query
broad_deg_pathway_ora_query_manifest_v1	135	Inhibitory_neurons::AD_vs_NCI__Female__e4::exploratory::AD_down_mito	Inhibitory_neurons::AD_vs_NCI__Female__e4	Inhibitory_neurons::AD_vs_NCI__Female__e4	Inhibitory_neurons	F_e4	Female	e4	exploratory	3	hypothesis_generation_only	AD_down_mito	3	validated_complete	TRUE	3	0	3	eligible_for_pathway_testing
broad_deg_pathway_ora_query_manifest_v1	136	Inhibitory_neurons::AD_vs_NCI__Male__e2::strict::AD_any_mito	Inhibitory_neurons::AD_vs_NCI__Male__e2	Inhibitory_neurons::AD_vs_NCI__Male__e2	Inhibitory_neurons	M_e2	Male	e2	strict	1	confirmatory_thresholded_companion	AD_any_mito	1	validated_complete	TRUE	0	0	0	empty_query
broad_deg_pathway_ora_query_manifest_v1	137	Inhibitory_neurons::AD_vs_NCI__Male__e2::strict::AD_up_mito	Inhibitory_neurons::AD_vs_NCI__Male__e2	Inhibitory_neurons::AD_vs_NCI__Male__e2	Inhibitory_neurons	M_e2	Male	e2	strict	1	confirmatory_thresholded_companion	AD_up_mito	2	validated_complete	TRUE	0	0	0	empty_query
broad_deg_pathway_ora_query_manifest_v1	138	Inhibitory_neurons::AD_vs_NCI__Male__e2::strict::AD_down_mito	Inhibitory_neurons::AD_vs_NCI__Male__e2	Inhibitory_neurons::AD_vs_NCI__Male__e2	Inhibitory_neurons	M_e2	Male	e2	strict	1	confirmatory_thresholded_companion	AD_down_mito	3	validated_complete	TRUE	0	0	0	empty_query
broad_deg_pathway_ora_query_manifest_v1	139	Inhibitory_neurons::AD_vs_NCI__Male__e2::relaxed::AD_any_mito	Inhibitory_neurons::AD_vs_NCI__Male__e2	Inhibitory_neurons::AD_vs_NCI__Male__e2	Inhibitory_neurons	M_e2	Male	e2	relaxed	2	prespecified_sensitivity	AD_any_mito	1	validated_complete	TRUE	0	0	0	empty_query
broad_deg_pathway_ora_query_manifest_v1	140	Inhibitory_neurons::AD_vs_NCI__Male__e2::relaxed::AD_up_mito	Inhibitory_neurons::AD_vs_NCI__Male__e2	Inhibitory_neurons::AD_vs_NCI__Male__e2	Inhibitory_neurons	M_e2	Male	e2	relaxed	2	prespecified_sensitivity	AD_up_mito	2	validated_complete	TRUE	0	0	0	empty_query
broad_deg_pathway_ora_query_manifest_v1	141	Inhibitory_neurons::AD_vs_NCI__Male__e2::relaxed::AD_down_mito	Inhibitory_neurons::AD_vs_NCI__Male__e2	Inhibitory_neurons::AD_vs_NCI__Male__e2	Inhibitory_neurons	M_e2	Male	e2	relaxed	2	prespecified_sensitivity	AD_down_mito	3	validated_complete	TRUE	0	0	0	empty_query
broad_deg_pathway_ora_query_manifest_v1	142	Inhibitory_neurons::AD_vs_NCI__Male__e2::exploratory::AD_any_mito	Inhibitory_neurons::AD_vs_NCI__Male__e2	Inhibitory_neurons::AD_vs_NCI__Male__e2	Inhibitory_neurons	M_e2	Male	e2	exploratory	3	hypothesis_generation_only	AD_any_mito	1	validated_complete	TRUE	1	0	1	query_below_minimum
broad_deg_pathway_ora_query_manifest_v1	143	Inhibitory_neurons::AD_vs_NCI__Male__e2::exploratory::AD_up_mito	Inhibitory_neurons::AD_vs_NCI__Male__e2	Inhibitory_neurons::AD_vs_NCI__Male__e2	Inhibitory_neurons	M_e2	Male	e2	exploratory	3	hypothesis_generation_only	AD_up_mito	2	validated_complete	TRUE	0	0	0	empty_query
broad_deg_pathway_ora_query_manifest_v1	144	Inhibitory_neurons::AD_vs_NCI__Male__e2::exploratory::AD_down_mito	Inhibitory_neurons::AD_vs_NCI__Male__e2	Inhibitory_neurons::AD_vs_NCI__Male__e2	Inhibitory_neurons	M_e2	Male	e2	exploratory	3	hypothesis_generation_only	AD_down_mito	3	validated_complete	TRUE	1	0	1	query_below_minimum
broad_deg_pathway_ora_query_manifest_v1	145	Inhibitory_neurons::AD_vs_NCI__Male__e33::strict::AD_any_mito	Inhibitory_neurons::AD_vs_NCI__Male__e33	Inhibitory_neurons::AD_vs_NCI__Male__e33	Inhibitory_neurons	M_e33	Male	e33	strict	1	confirmatory_thresholded_companion	AD_any_mito	1	validated_complete	TRUE	0	0	0	empty_query
broad_deg_pathway_ora_query_manifest_v1	146	Inhibitory_neurons::AD_vs_NCI__Male__e33::strict::AD_up_mito	Inhibitory_neurons::AD_vs_NCI__Male__e33	Inhibitory_neurons::AD_vs_NCI__Male__e33	Inhibitory_neurons	M_e33	Male	e33	strict	1	confirmatory_thresholded_companion	AD_up_mito	2	validated_complete	TRUE	0	0	0	empty_query
broad_deg_pathway_ora_query_manifest_v1	147	Inhibitory_neurons::AD_vs_NCI__Male__e33::strict::AD_down_mito	Inhibitory_neurons::AD_vs_NCI__Male__e33	Inhibitory_neurons::AD_vs_NCI__Male__e33	Inhibitory_neurons	M_e33	Male	e33	strict	1	confirmatory_thresholded_companion	AD_down_mito	3	validated_complete	TRUE	0	0	0	empty_query
broad_deg_pathway_ora_query_manifest_v1	148	Inhibitory_neurons::AD_vs_NCI__Male__e33::relaxed::AD_any_mito	Inhibitory_neurons::AD_vs_NCI__Male__e33	Inhibitory_neurons::AD_vs_NCI__Male__e33	Inhibitory_neurons	M_e33	Male	e33	relaxed	2	prespecified_sensitivity	AD_any_mito	1	validated_complete	TRUE	0	0	0	empty_query
broad_deg_pathway_ora_query_manifest_v1	149	Inhibitory_neurons::AD_vs_NCI__Male__e33::relaxed::AD_up_mito	Inhibitory_neurons::AD_vs_NCI__Male__e33	Inhibitory_neurons::AD_vs_NCI__Male__e33	Inhibitory_neurons	M_e33	Male	e33	relaxed	2	prespecified_sensitivity	AD_up_mito	2	validated_complete	TRUE	0	0	0	empty_query
broad_deg_pathway_ora_query_manifest_v1	150	Inhibitory_neurons::AD_vs_NCI__Male__e33::relaxed::AD_down_mito	Inhibitory_neurons::AD_vs_NCI__Male__e33	Inhibitory_neurons::AD_vs_NCI__Male__e33	Inhibitory_neurons	M_e33	Male	e33	relaxed	2	prespecified_sensitivity	AD_down_mito	3	validated_complete	TRUE	0	0	0	empty_query
broad_deg_pathway_ora_query_manifest_v1	151	Inhibitory_neurons::AD_vs_NCI__Male__e33::exploratory::AD_any_mito	Inhibitory_neurons::AD_vs_NCI__Male__e33	Inhibitory_neurons::AD_vs_NCI__Male__e33	Inhibitory_neurons	M_e33	Male	e33	exploratory	3	hypothesis_generation_only	AD_any_mito	1	validated_complete	TRUE	0	0	0	empty_query
broad_deg_pathway_ora_query_manifest_v1	152	Inhibitory_neurons::AD_vs_NCI__Male__e33::exploratory::AD_up_mito	Inhibitory_neurons::AD_vs_NCI__Male__e33	Inhibitory_neurons::AD_vs_NCI__Male__e33	Inhibitory_neurons	M_e33	Male	e33	exploratory	3	hypothesis_generation_only	AD_up_mito	2	validated_complete	TRUE	0	0	0	empty_query
broad_deg_pathway_ora_query_manifest_v1	153	Inhibitory_neurons::AD_vs_NCI__Male__e33::exploratory::AD_down_mito	Inhibitory_neurons::AD_vs_NCI__Male__e33	Inhibitory_neurons::AD_vs_NCI__Male__e33	Inhibitory_neurons	M_e33	Male	e33	exploratory	3	hypothesis_generation_only	AD_down_mito	3	validated_complete	TRUE	0	0	0	empty_query
broad_deg_pathway_ora_query_manifest_v1	154	Inhibitory_neurons::AD_vs_NCI__Male__e4::strict::AD_any_mito	Inhibitory_neurons::AD_vs_NCI__Male__e4	Inhibitory_neurons::AD_vs_NCI__Male__e4	Inhibitory_neurons	M_e4	Male	e4	strict	1	confirmatory_thresholded_companion	AD_any_mito	1	validated_complete	TRUE	0	0	0	empty_query
broad_deg_pathway_ora_query_manifest_v1	155	Inhibitory_neurons::AD_vs_NCI__Male__e4::strict::AD_up_mito	Inhibitory_neurons::AD_vs_NCI__Male__e4	Inhibitory_neurons::AD_vs_NCI__Male__e4	Inhibitory_neurons	M_e4	Male	e4	strict	1	confirmatory_thresholded_companion	AD_up_mito	2	validated_complete	TRUE	0	0	0	empty_query
broad_deg_pathway_ora_query_manifest_v1	156	Inhibitory_neurons::AD_vs_NCI__Male__e4::strict::AD_down_mito	Inhibitory_neurons::AD_vs_NCI__Male__e4	Inhibitory_neurons::AD_vs_NCI__Male__e4	Inhibitory_neurons	M_e4	Male	e4	strict	1	confirmatory_thresholded_companion	AD_down_mito	3	validated_complete	TRUE	0	0	0	empty_query
broad_deg_pathway_ora_query_manifest_v1	157	Inhibitory_neurons::AD_vs_NCI__Male__e4::relaxed::AD_any_mito	Inhibitory_neurons::AD_vs_NCI__Male__e4	Inhibitory_neurons::AD_vs_NCI__Male__e4	Inhibitory_neurons	M_e4	Male	e4	relaxed	2	prespecified_sensitivity	AD_any_mito	1	validated_complete	TRUE	0	0	0	empty_query
broad_deg_pathway_ora_query_manifest_v1	158	Inhibitory_neurons::AD_vs_NCI__Male__e4::relaxed::AD_up_mito	Inhibitory_neurons::AD_vs_NCI__Male__e4	Inhibitory_neurons::AD_vs_NCI__Male__e4	Inhibitory_neurons	M_e4	Male	e4	relaxed	2	prespecified_sensitivity	AD_up_mito	2	validated_complete	TRUE	0	0	0	empty_query
broad_deg_pathway_ora_query_manifest_v1	159	Inhibitory_neurons::AD_vs_NCI__Male__e4::relaxed::AD_down_mito	Inhibitory_neurons::AD_vs_NCI__Male__e4	Inhibitory_neurons::AD_vs_NCI__Male__e4	Inhibitory_neurons	M_e4	Male	e4	relaxed	2	prespecified_sensitivity	AD_down_mito	3	validated_complete	TRUE	0	0	0	empty_query
broad_deg_pathway_ora_query_manifest_v1	160	Inhibitory_neurons::AD_vs_NCI__Male__e4::exploratory::AD_any_mito	Inhibitory_neurons::AD_vs_NCI__Male__e4	Inhibitory_neurons::AD_vs_NCI__Male__e4	Inhibitory_neurons	M_e4	Male	e4	exploratory	3	hypothesis_generation_only	AD_any_mito	1	validated_complete	TRUE	0	0	0	empty_query
broad_deg_pathway_ora_query_manifest_v1	161	Inhibitory_neurons::AD_vs_NCI__Male__e4::exploratory::AD_up_mito	Inhibitory_neurons::AD_vs_NCI__Male__e4	Inhibitory_neurons::AD_vs_NCI__Male__e4	Inhibitory_neurons	M_e4	Male	e4	exploratory	3	hypothesis_generation_only	AD_up_mito	2	validated_complete	TRUE	0	0	0	empty_query
broad_deg_pathway_ora_query_manifest_v1	162	Inhibitory_neurons::AD_vs_NCI__Male__e4::exploratory::AD_down_mito	Inhibitory_neurons::AD_vs_NCI__Male__e4	Inhibitory_neurons::AD_vs_NCI__Male__e4	Inhibitory_neurons	M_e4	Male	e4	exploratory	3	hypothesis_generation_only	AD_down_mito	3	validated_complete	TRUE	0	0	0	empty_query
broad_deg_pathway_ora_query_manifest_v1	163	Microglia::AD_vs_NCI__Female__e2::strict::AD_any_mito	Microglia::AD_vs_NCI__Female__e2	Microglia::AD_vs_NCI__Female__e2	Microglia	F_e2	Female	e2	strict	1	confirmatory_thresholded_companion	AD_any_mito	1	validated_complete	TRUE	0	0	0	empty_query
broad_deg_pathway_ora_query_manifest_v1	164	Microglia::AD_vs_NCI__Female__e2::strict::AD_up_mito	Microglia::AD_vs_NCI__Female__e2	Microglia::AD_vs_NCI__Female__e2	Microglia	F_e2	Female	e2	strict	1	confirmatory_thresholded_companion	AD_up_mito	2	validated_complete	TRUE	0	0	0	empty_query
broad_deg_pathway_ora_query_manifest_v1	165	Microglia::AD_vs_NCI__Female__e2::strict::AD_down_mito	Microglia::AD_vs_NCI__Female__e2	Microglia::AD_vs_NCI__Female__e2	Microglia	F_e2	Female	e2	strict	1	confirmatory_thresholded_companion	AD_down_mito	3	validated_complete	TRUE	0	0	0	empty_query
broad_deg_pathway_ora_query_manifest_v1	166	Microglia::AD_vs_NCI__Female__e2::relaxed::AD_any_mito	Microglia::AD_vs_NCI__Female__e2	Microglia::AD_vs_NCI__Female__e2	Microglia	F_e2	Female	e2	relaxed	2	prespecified_sensitivity	AD_any_mito	1	validated_complete	TRUE	0	0	0	empty_query
broad_deg_pathway_ora_query_manifest_v1	167	Microglia::AD_vs_NCI__Female__e2::relaxed::AD_up_mito	Microglia::AD_vs_NCI__Female__e2	Microglia::AD_vs_NCI__Female__e2	Microglia	F_e2	Female	e2	relaxed	2	prespecified_sensitivity	AD_up_mito	2	validated_complete	TRUE	0	0	0	empty_query
broad_deg_pathway_ora_query_manifest_v1	168	Microglia::AD_vs_NCI__Female__e2::relaxed::AD_down_mito	Microglia::AD_vs_NCI__Female__e2	Microglia::AD_vs_NCI__Female__e2	Microglia	F_e2	Female	e2	relaxed	2	prespecified_sensitivity	AD_down_mito	3	validated_complete	TRUE	0	0	0	empty_query
broad_deg_pathway_ora_query_manifest_v1	169	Microglia::AD_vs_NCI__Female__e2::exploratory::AD_any_mito	Microglia::AD_vs_NCI__Female__e2	Microglia::AD_vs_NCI__Female__e2	Microglia	F_e2	Female	e2	exploratory	3	hypothesis_generation_only	AD_any_mito	1	validated_complete	TRUE	0	0	0	empty_query
broad_deg_pathway_ora_query_manifest_v1	170	Microglia::AD_vs_NCI__Female__e2::exploratory::AD_up_mito	Microglia::AD_vs_NCI__Female__e2	Microglia::AD_vs_NCI__Female__e2	Microglia	F_e2	Female	e2	exploratory	3	hypothesis_generation_only	AD_up_mito	2	validated_complete	TRUE	0	0	0	empty_query
broad_deg_pathway_ora_query_manifest_v1	171	Microglia::AD_vs_NCI__Female__e2::exploratory::AD_down_mito	Microglia::AD_vs_NCI__Female__e2	Microglia::AD_vs_NCI__Female__e2	Microglia	F_e2	Female	e2	exploratory	3	hypothesis_generation_only	AD_down_mito	3	validated_complete	TRUE	0	0	0	empty_query
broad_deg_pathway_ora_query_manifest_v1	172	Microglia::AD_vs_NCI__Female__e33::strict::AD_any_mito	Microglia::AD_vs_NCI__Female__e33	Microglia::AD_vs_NCI__Female__e33	Microglia	F_e33	Female	e33	strict	1	confirmatory_thresholded_companion	AD_any_mito	1	validated_complete	TRUE	0	0	0	empty_query
broad_deg_pathway_ora_query_manifest_v1	173	Microglia::AD_vs_NCI__Female__e33::strict::AD_up_mito	Microglia::AD_vs_NCI__Female__e33	Microglia::AD_vs_NCI__Female__e33	Microglia	F_e33	Female	e33	strict	1	confirmatory_thresholded_companion	AD_up_mito	2	validated_complete	TRUE	0	0	0	empty_query
broad_deg_pathway_ora_query_manifest_v1	174	Microglia::AD_vs_NCI__Female__e33::strict::AD_down_mito	Microglia::AD_vs_NCI__Female__e33	Microglia::AD_vs_NCI__Female__e33	Microglia	F_e33	Female	e33	strict	1	confirmatory_thresholded_companion	AD_down_mito	3	validated_complete	TRUE	0	0	0	empty_query
broad_deg_pathway_ora_query_manifest_v1	175	Microglia::AD_vs_NCI__Female__e33::relaxed::AD_any_mito	Microglia::AD_vs_NCI__Female__e33	Microglia::AD_vs_NCI__Female__e33	Microglia	F_e33	Female	e33	relaxed	2	prespecified_sensitivity	AD_any_mito	1	validated_complete	TRUE	0	0	0	empty_query
broad_deg_pathway_ora_query_manifest_v1	176	Microglia::AD_vs_NCI__Female__e33::relaxed::AD_up_mito	Microglia::AD_vs_NCI__Female__e33	Microglia::AD_vs_NCI__Female__e33	Microglia	F_e33	Female	e33	relaxed	2	prespecified_sensitivity	AD_up_mito	2	validated_complete	TRUE	0	0	0	empty_query
broad_deg_pathway_ora_query_manifest_v1	177	Microglia::AD_vs_NCI__Female__e33::relaxed::AD_down_mito	Microglia::AD_vs_NCI__Female__e33	Microglia::AD_vs_NCI__Female__e33	Microglia	F_e33	Female	e33	relaxed	2	prespecified_sensitivity	AD_down_mito	3	validated_complete	TRUE	0	0	0	empty_query
broad_deg_pathway_ora_query_manifest_v1	178	Microglia::AD_vs_NCI__Female__e33::exploratory::AD_any_mito	Microglia::AD_vs_NCI__Female__e33	Microglia::AD_vs_NCI__Female__e33	Microglia	F_e33	Female	e33	exploratory	3	hypothesis_generation_only	AD_any_mito	1	validated_complete	TRUE	1	1	0	query_below_minimum
broad_deg_pathway_ora_query_manifest_v1	179	Microglia::AD_vs_NCI__Female__e33::exploratory::AD_up_mito	Microglia::AD_vs_NCI__Female__e33	Microglia::AD_vs_NCI__Female__e33	Microglia	F_e33	Female	e33	exploratory	3	hypothesis_generation_only	AD_up_mito	2	validated_complete	TRUE	1	1	0	query_below_minimum
broad_deg_pathway_ora_query_manifest_v1	180	Microglia::AD_vs_NCI__Female__e33::exploratory::AD_down_mito	Microglia::AD_vs_NCI__Female__e33	Microglia::AD_vs_NCI__Female__e33	Microglia	F_e33	Female	e33	exploratory	3	hypothesis_generation_only	AD_down_mito	3	validated_complete	TRUE	0	0	0	empty_query
broad_deg_pathway_ora_query_manifest_v1	181	Microglia::AD_vs_NCI__Female__e4::strict::AD_any_mito	Microglia::AD_vs_NCI__Female__e4	Microglia::AD_vs_NCI__Female__e4	Microglia	F_e4	Female	e4	strict	1	confirmatory_thresholded_companion	AD_any_mito	1	validated_complete	TRUE	0	0	0	empty_query
broad_deg_pathway_ora_query_manifest_v1	182	Microglia::AD_vs_NCI__Female__e4::strict::AD_up_mito	Microglia::AD_vs_NCI__Female__e4	Microglia::AD_vs_NCI__Female__e4	Microglia	F_e4	Female	e4	strict	1	confirmatory_thresholded_companion	AD_up_mito	2	validated_complete	TRUE	0	0	0	empty_query
broad_deg_pathway_ora_query_manifest_v1	183	Microglia::AD_vs_NCI__Female__e4::strict::AD_down_mito	Microglia::AD_vs_NCI__Female__e4	Microglia::AD_vs_NCI__Female__e4	Microglia	F_e4	Female	e4	strict	1	confirmatory_thresholded_companion	AD_down_mito	3	validated_complete	TRUE	0	0	0	empty_query
broad_deg_pathway_ora_query_manifest_v1	184	Microglia::AD_vs_NCI__Female__e4::relaxed::AD_any_mito	Microglia::AD_vs_NCI__Female__e4	Microglia::AD_vs_NCI__Female__e4	Microglia	F_e4	Female	e4	relaxed	2	prespecified_sensitivity	AD_any_mito	1	validated_complete	TRUE	0	0	0	empty_query
broad_deg_pathway_ora_query_manifest_v1	185	Microglia::AD_vs_NCI__Female__e4::relaxed::AD_up_mito	Microglia::AD_vs_NCI__Female__e4	Microglia::AD_vs_NCI__Female__e4	Microglia	F_e4	Female	e4	relaxed	2	prespecified_sensitivity	AD_up_mito	2	validated_complete	TRUE	0	0	0	empty_query
broad_deg_pathway_ora_query_manifest_v1	186	Microglia::AD_vs_NCI__Female__e4::relaxed::AD_down_mito	Microglia::AD_vs_NCI__Female__e4	Microglia::AD_vs_NCI__Female__e4	Microglia	F_e4	Female	e4	relaxed	2	prespecified_sensitivity	AD_down_mito	3	validated_complete	TRUE	0	0	0	empty_query
broad_deg_pathway_ora_query_manifest_v1	187	Microglia::AD_vs_NCI__Female__e4::exploratory::AD_any_mito	Microglia::AD_vs_NCI__Female__e4	Microglia::AD_vs_NCI__Female__e4	Microglia	F_e4	Female	e4	exploratory	3	hypothesis_generation_only	AD_any_mito	1	validated_complete	TRUE	0	0	0	empty_query
broad_deg_pathway_ora_query_manifest_v1	188	Microglia::AD_vs_NCI__Female__e4::exploratory::AD_up_mito	Microglia::AD_vs_NCI__Female__e4	Microglia::AD_vs_NCI__Female__e4	Microglia	F_e4	Female	e4	exploratory	3	hypothesis_generation_only	AD_up_mito	2	validated_complete	TRUE	0	0	0	empty_query
broad_deg_pathway_ora_query_manifest_v1	189	Microglia::AD_vs_NCI__Female__e4::exploratory::AD_down_mito	Microglia::AD_vs_NCI__Female__e4	Microglia::AD_vs_NCI__Female__e4	Microglia	F_e4	Female	e4	exploratory	3	hypothesis_generation_only	AD_down_mito	3	validated_complete	TRUE	0	0	0	empty_query
broad_deg_pathway_ora_query_manifest_v1	190	Microglia::AD_vs_NCI__Male__e2::strict::AD_any_mito	Microglia::AD_vs_NCI__Male__e2	Microglia::AD_vs_NCI__Male__e2	Microglia	M_e2	Male	e2	strict	1	confirmatory_thresholded_companion	AD_any_mito	1	validated_complete	TRUE	0	0	0	empty_query
broad_deg_pathway_ora_query_manifest_v1	191	Microglia::AD_vs_NCI__Male__e2::strict::AD_up_mito	Microglia::AD_vs_NCI__Male__e2	Microglia::AD_vs_NCI__Male__e2	Microglia	M_e2	Male	e2	strict	1	confirmatory_thresholded_companion	AD_up_mito	2	validated_complete	TRUE	0	0	0	empty_query
broad_deg_pathway_ora_query_manifest_v1	192	Microglia::AD_vs_NCI__Male__e2::strict::AD_down_mito	Microglia::AD_vs_NCI__Male__e2	Microglia::AD_vs_NCI__Male__e2	Microglia	M_e2	Male	e2	strict	1	confirmatory_thresholded_companion	AD_down_mito	3	validated_complete	TRUE	0	0	0	empty_query
broad_deg_pathway_ora_query_manifest_v1	193	Microglia::AD_vs_NCI__Male__e2::relaxed::AD_any_mito	Microglia::AD_vs_NCI__Male__e2	Microglia::AD_vs_NCI__Male__e2	Microglia	M_e2	Male	e2	relaxed	2	prespecified_sensitivity	AD_any_mito	1	validated_complete	TRUE	0	0	0	empty_query
broad_deg_pathway_ora_query_manifest_v1	194	Microglia::AD_vs_NCI__Male__e2::relaxed::AD_up_mito	Microglia::AD_vs_NCI__Male__e2	Microglia::AD_vs_NCI__Male__e2	Microglia	M_e2	Male	e2	relaxed	2	prespecified_sensitivity	AD_up_mito	2	validated_complete	TRUE	0	0	0	empty_query
broad_deg_pathway_ora_query_manifest_v1	195	Microglia::AD_vs_NCI__Male__e2::relaxed::AD_down_mito	Microglia::AD_vs_NCI__Male__e2	Microglia::AD_vs_NCI__Male__e2	Microglia	M_e2	Male	e2	relaxed	2	prespecified_sensitivity	AD_down_mito	3	validated_complete	TRUE	0	0	0	empty_query
broad_deg_pathway_ora_query_manifest_v1	196	Microglia::AD_vs_NCI__Male__e2::exploratory::AD_any_mito	Microglia::AD_vs_NCI__Male__e2	Microglia::AD_vs_NCI__Male__e2	Microglia	M_e2	Male	e2	exploratory	3	hypothesis_generation_only	AD_any_mito	1	validated_complete	TRUE	2	1	1	query_below_minimum
broad_deg_pathway_ora_query_manifest_v1	197	Microglia::AD_vs_NCI__Male__e2::exploratory::AD_up_mito	Microglia::AD_vs_NCI__Male__e2	Microglia::AD_vs_NCI__Male__e2	Microglia	M_e2	Male	e2	exploratory	3	hypothesis_generation_only	AD_up_mito	2	validated_complete	TRUE	1	1	0	query_below_minimum
broad_deg_pathway_ora_query_manifest_v1	198	Microglia::AD_vs_NCI__Male__e2::exploratory::AD_down_mito	Microglia::AD_vs_NCI__Male__e2	Microglia::AD_vs_NCI__Male__e2	Microglia	M_e2	Male	e2	exploratory	3	hypothesis_generation_only	AD_down_mito	3	validated_complete	TRUE	1	0	1	query_below_minimum
broad_deg_pathway_ora_query_manifest_v1	199	Microglia::AD_vs_NCI__Male__e33::strict::AD_any_mito	Microglia::AD_vs_NCI__Male__e33	Microglia::AD_vs_NCI__Male__e33	Microglia	M_e33	Male	e33	strict	1	confirmatory_thresholded_companion	AD_any_mito	1	validated_complete	TRUE	0	0	0	empty_query
broad_deg_pathway_ora_query_manifest_v1	200	Microglia::AD_vs_NCI__Male__e33::strict::AD_up_mito	Microglia::AD_vs_NCI__Male__e33	Microglia::AD_vs_NCI__Male__e33	Microglia	M_e33	Male	e33	strict	1	confirmatory_thresholded_companion	AD_up_mito	2	validated_complete	TRUE	0	0	0	empty_query
broad_deg_pathway_ora_query_manifest_v1	201	Microglia::AD_vs_NCI__Male__e33::strict::AD_down_mito	Microglia::AD_vs_NCI__Male__e33	Microglia::AD_vs_NCI__Male__e33	Microglia	M_e33	Male	e33	strict	1	confirmatory_thresholded_companion	AD_down_mito	3	validated_complete	TRUE	0	0	0	empty_query
broad_deg_pathway_ora_query_manifest_v1	202	Microglia::AD_vs_NCI__Male__e33::relaxed::AD_any_mito	Microglia::AD_vs_NCI__Male__e33	Microglia::AD_vs_NCI__Male__e33	Microglia	M_e33	Male	e33	relaxed	2	prespecified_sensitivity	AD_any_mito	1	validated_complete	TRUE	0	0	0	empty_query
broad_deg_pathway_ora_query_manifest_v1	203	Microglia::AD_vs_NCI__Male__e33::relaxed::AD_up_mito	Microglia::AD_vs_NCI__Male__e33	Microglia::AD_vs_NCI__Male__e33	Microglia	M_e33	Male	e33	relaxed	2	prespecified_sensitivity	AD_up_mito	2	validated_complete	TRUE	0	0	0	empty_query
broad_deg_pathway_ora_query_manifest_v1	204	Microglia::AD_vs_NCI__Male__e33::relaxed::AD_down_mito	Microglia::AD_vs_NCI__Male__e33	Microglia::AD_vs_NCI__Male__e33	Microglia	M_e33	Male	e33	relaxed	2	prespecified_sensitivity	AD_down_mito	3	validated_complete	TRUE	0	0	0	empty_query
broad_deg_pathway_ora_query_manifest_v1	205	Microglia::AD_vs_NCI__Male__e33::exploratory::AD_any_mito	Microglia::AD_vs_NCI__Male__e33	Microglia::AD_vs_NCI__Male__e33	Microglia	M_e33	Male	e33	exploratory	3	hypothesis_generation_only	AD_any_mito	1	validated_complete	TRUE	0	0	0	empty_query
broad_deg_pathway_ora_query_manifest_v1	206	Microglia::AD_vs_NCI__Male__e33::exploratory::AD_up_mito	Microglia::AD_vs_NCI__Male__e33	Microglia::AD_vs_NCI__Male__e33	Microglia	M_e33	Male	e33	exploratory	3	hypothesis_generation_only	AD_up_mito	2	validated_complete	TRUE	0	0	0	empty_query
broad_deg_pathway_ora_query_manifest_v1	207	Microglia::AD_vs_NCI__Male__e33::exploratory::AD_down_mito	Microglia::AD_vs_NCI__Male__e33	Microglia::AD_vs_NCI__Male__e33	Microglia	M_e33	Male	e33	exploratory	3	hypothesis_generation_only	AD_down_mito	3	validated_complete	TRUE	0	0	0	empty_query
broad_deg_pathway_ora_query_manifest_v1	208	Microglia::AD_vs_NCI__Male__e4::strict::AD_any_mito	Microglia::AD_vs_NCI__Male__e4	Microglia::AD_vs_NCI__Male__e4	Microglia	M_e4	Male	e4	strict	1	confirmatory_thresholded_companion	AD_any_mito	1	validated_complete	TRUE	0	0	0	empty_query
broad_deg_pathway_ora_query_manifest_v1	209	Microglia::AD_vs_NCI__Male__e4::strict::AD_up_mito	Microglia::AD_vs_NCI__Male__e4	Microglia::AD_vs_NCI__Male__e4	Microglia	M_e4	Male	e4	strict	1	confirmatory_thresholded_companion	AD_up_mito	2	validated_complete	TRUE	0	0	0	empty_query
broad_deg_pathway_ora_query_manifest_v1	210	Microglia::AD_vs_NCI__Male__e4::strict::AD_down_mito	Microglia::AD_vs_NCI__Male__e4	Microglia::AD_vs_NCI__Male__e4	Microglia	M_e4	Male	e4	strict	1	confirmatory_thresholded_companion	AD_down_mito	3	validated_complete	TRUE	0	0	0	empty_query
broad_deg_pathway_ora_query_manifest_v1	211	Microglia::AD_vs_NCI__Male__e4::relaxed::AD_any_mito	Microglia::AD_vs_NCI__Male__e4	Microglia::AD_vs_NCI__Male__e4	Microglia	M_e4	Male	e4	relaxed	2	prespecified_sensitivity	AD_any_mito	1	validated_complete	TRUE	0	0	0	empty_query
broad_deg_pathway_ora_query_manifest_v1	212	Microglia::AD_vs_NCI__Male__e4::relaxed::AD_up_mito	Microglia::AD_vs_NCI__Male__e4	Microglia::AD_vs_NCI__Male__e4	Microglia	M_e4	Male	e4	relaxed	2	prespecified_sensitivity	AD_up_mito	2	validated_complete	TRUE	0	0	0	empty_query
broad_deg_pathway_ora_query_manifest_v1	213	Microglia::AD_vs_NCI__Male__e4::relaxed::AD_down_mito	Microglia::AD_vs_NCI__Male__e4	Microglia::AD_vs_NCI__Male__e4	Microglia	M_e4	Male	e4	relaxed	2	prespecified_sensitivity	AD_down_mito	3	validated_complete	TRUE	0	0	0	empty_query
broad_deg_pathway_ora_query_manifest_v1	214	Microglia::AD_vs_NCI__Male__e4::exploratory::AD_any_mito	Microglia::AD_vs_NCI__Male__e4	Microglia::AD_vs_NCI__Male__e4	Microglia	M_e4	Male	e4	exploratory	3	hypothesis_generation_only	AD_any_mito	1	validated_complete	TRUE	0	0	0	empty_query
broad_deg_pathway_ora_query_manifest_v1	215	Microglia::AD_vs_NCI__Male__e4::exploratory::AD_up_mito	Microglia::AD_vs_NCI__Male__e4	Microglia::AD_vs_NCI__Male__e4	Microglia	M_e4	Male	e4	exploratory	3	hypothesis_generation_only	AD_up_mito	2	validated_complete	TRUE	0	0	0	empty_query
broad_deg_pathway_ora_query_manifest_v1	216	Microglia::AD_vs_NCI__Male__e4::exploratory::AD_down_mito	Microglia::AD_vs_NCI__Male__e4	Microglia::AD_vs_NCI__Male__e4	Microglia	M_e4	Male	e4	exploratory	3	hypothesis_generation_only	AD_down_mito	3	validated_complete	TRUE	0	0	0	empty_query
broad_deg_pathway_ora_query_manifest_v1	217	OPCs::AD_vs_NCI__Female__e2::strict::AD_any_mito	OPCs::AD_vs_NCI__Female__e2	OPCs::AD_vs_NCI__Female__e2	OPCs	F_e2	Female	e2	strict	1	confirmatory_thresholded_companion	AD_any_mito	1	validated_complete	TRUE	0	0	0	empty_query
broad_deg_pathway_ora_query_manifest_v1	218	OPCs::AD_vs_NCI__Female__e2::strict::AD_up_mito	OPCs::AD_vs_NCI__Female__e2	OPCs::AD_vs_NCI__Female__e2	OPCs	F_e2	Female	e2	strict	1	confirmatory_thresholded_companion	AD_up_mito	2	validated_complete	TRUE	0	0	0	empty_query
broad_deg_pathway_ora_query_manifest_v1	219	OPCs::AD_vs_NCI__Female__e2::strict::AD_down_mito	OPCs::AD_vs_NCI__Female__e2	OPCs::AD_vs_NCI__Female__e2	OPCs	F_e2	Female	e2	strict	1	confirmatory_thresholded_companion	AD_down_mito	3	validated_complete	TRUE	0	0	0	empty_query
broad_deg_pathway_ora_query_manifest_v1	220	OPCs::AD_vs_NCI__Female__e2::relaxed::AD_any_mito	OPCs::AD_vs_NCI__Female__e2	OPCs::AD_vs_NCI__Female__e2	OPCs	F_e2	Female	e2	relaxed	2	prespecified_sensitivity	AD_any_mito	1	validated_complete	TRUE	0	0	0	empty_query
broad_deg_pathway_ora_query_manifest_v1	221	OPCs::AD_vs_NCI__Female__e2::relaxed::AD_up_mito	OPCs::AD_vs_NCI__Female__e2	OPCs::AD_vs_NCI__Female__e2	OPCs	F_e2	Female	e2	relaxed	2	prespecified_sensitivity	AD_up_mito	2	validated_complete	TRUE	0	0	0	empty_query
broad_deg_pathway_ora_query_manifest_v1	222	OPCs::AD_vs_NCI__Female__e2::relaxed::AD_down_mito	OPCs::AD_vs_NCI__Female__e2	OPCs::AD_vs_NCI__Female__e2	OPCs	F_e2	Female	e2	relaxed	2	prespecified_sensitivity	AD_down_mito	3	validated_complete	TRUE	0	0	0	empty_query
broad_deg_pathway_ora_query_manifest_v1	223	OPCs::AD_vs_NCI__Female__e2::exploratory::AD_any_mito	OPCs::AD_vs_NCI__Female__e2	OPCs::AD_vs_NCI__Female__e2	OPCs	F_e2	Female	e2	exploratory	3	hypothesis_generation_only	AD_any_mito	1	validated_complete	TRUE	0	0	0	empty_query
broad_deg_pathway_ora_query_manifest_v1	224	OPCs::AD_vs_NCI__Female__e2::exploratory::AD_up_mito	OPCs::AD_vs_NCI__Female__e2	OPCs::AD_vs_NCI__Female__e2	OPCs	F_e2	Female	e2	exploratory	3	hypothesis_generation_only	AD_up_mito	2	validated_complete	TRUE	0	0	0	empty_query
broad_deg_pathway_ora_query_manifest_v1	225	OPCs::AD_vs_NCI__Female__e2::exploratory::AD_down_mito	OPCs::AD_vs_NCI__Female__e2	OPCs::AD_vs_NCI__Female__e2	OPCs	F_e2	Female	e2	exploratory	3	hypothesis_generation_only	AD_down_mito	3	validated_complete	TRUE	0	0	0	empty_query
broad_deg_pathway_ora_query_manifest_v1	226	OPCs::AD_vs_NCI__Female__e33::strict::AD_any_mito	OPCs::AD_vs_NCI__Female__e33	OPCs::AD_vs_NCI__Female__e33	OPCs	F_e33	Female	e33	strict	1	confirmatory_thresholded_companion	AD_any_mito	1	validated_complete	TRUE	0	0	0	empty_query
broad_deg_pathway_ora_query_manifest_v1	227	OPCs::AD_vs_NCI__Female__e33::strict::AD_up_mito	OPCs::AD_vs_NCI__Female__e33	OPCs::AD_vs_NCI__Female__e33	OPCs	F_e33	Female	e33	strict	1	confirmatory_thresholded_companion	AD_up_mito	2	validated_complete	TRUE	0	0	0	empty_query
broad_deg_pathway_ora_query_manifest_v1	228	OPCs::AD_vs_NCI__Female__e33::strict::AD_down_mito	OPCs::AD_vs_NCI__Female__e33	OPCs::AD_vs_NCI__Female__e33	OPCs	F_e33	Female	e33	strict	1	confirmatory_thresholded_companion	AD_down_mito	3	validated_complete	TRUE	0	0	0	empty_query
broad_deg_pathway_ora_query_manifest_v1	229	OPCs::AD_vs_NCI__Female__e33::relaxed::AD_any_mito	OPCs::AD_vs_NCI__Female__e33	OPCs::AD_vs_NCI__Female__e33	OPCs	F_e33	Female	e33	relaxed	2	prespecified_sensitivity	AD_any_mito	1	validated_complete	TRUE	0	0	0	empty_query
broad_deg_pathway_ora_query_manifest_v1	230	OPCs::AD_vs_NCI__Female__e33::relaxed::AD_up_mito	OPCs::AD_vs_NCI__Female__e33	OPCs::AD_vs_NCI__Female__e33	OPCs	F_e33	Female	e33	relaxed	2	prespecified_sensitivity	AD_up_mito	2	validated_complete	TRUE	0	0	0	empty_query
broad_deg_pathway_ora_query_manifest_v1	231	OPCs::AD_vs_NCI__Female__e33::relaxed::AD_down_mito	OPCs::AD_vs_NCI__Female__e33	OPCs::AD_vs_NCI__Female__e33	OPCs	F_e33	Female	e33	relaxed	2	prespecified_sensitivity	AD_down_mito	3	validated_complete	TRUE	0	0	0	empty_query
broad_deg_pathway_ora_query_manifest_v1	232	OPCs::AD_vs_NCI__Female__e33::exploratory::AD_any_mito	OPCs::AD_vs_NCI__Female__e33	OPCs::AD_vs_NCI__Female__e33	OPCs	F_e33	Female	e33	exploratory	3	hypothesis_generation_only	AD_any_mito	1	validated_complete	TRUE	0	0	0	empty_query
broad_deg_pathway_ora_query_manifest_v1	233	OPCs::AD_vs_NCI__Female__e33::exploratory::AD_up_mito	OPCs::AD_vs_NCI__Female__e33	OPCs::AD_vs_NCI__Female__e33	OPCs	F_e33	Female	e33	exploratory	3	hypothesis_generation_only	AD_up_mito	2	validated_complete	TRUE	0	0	0	empty_query
broad_deg_pathway_ora_query_manifest_v1	234	OPCs::AD_vs_NCI__Female__e33::exploratory::AD_down_mito	OPCs::AD_vs_NCI__Female__e33	OPCs::AD_vs_NCI__Female__e33	OPCs	F_e33	Female	e33	exploratory	3	hypothesis_generation_only	AD_down_mito	3	validated_complete	TRUE	0	0	0	empty_query
broad_deg_pathway_ora_query_manifest_v1	235	OPCs::AD_vs_NCI__Female__e4::strict::AD_any_mito	OPCs::AD_vs_NCI__Female__e4	OPCs::AD_vs_NCI__Female__e4	OPCs	F_e4	Female	e4	strict	1	confirmatory_thresholded_companion	AD_any_mito	1	validated_complete	TRUE	5	0	5	eligible_for_pathway_testing
broad_deg_pathway_ora_query_manifest_v1	236	OPCs::AD_vs_NCI__Female__e4::strict::AD_up_mito	OPCs::AD_vs_NCI__Female__e4	OPCs::AD_vs_NCI__Female__e4	OPCs	F_e4	Female	e4	strict	1	confirmatory_thresholded_companion	AD_up_mito	2	validated_complete	TRUE	0	0	0	empty_query
broad_deg_pathway_ora_query_manifest_v1	237	OPCs::AD_vs_NCI__Female__e4::strict::AD_down_mito	OPCs::AD_vs_NCI__Female__e4	OPCs::AD_vs_NCI__Female__e4	OPCs	F_e4	Female	e4	strict	1	confirmatory_thresholded_companion	AD_down_mito	3	validated_complete	TRUE	5	0	5	eligible_for_pathway_testing
broad_deg_pathway_ora_query_manifest_v1	238	OPCs::AD_vs_NCI__Female__e4::relaxed::AD_any_mito	OPCs::AD_vs_NCI__Female__e4	OPCs::AD_vs_NCI__Female__e4	OPCs	F_e4	Female	e4	relaxed	2	prespecified_sensitivity	AD_any_mito	1	validated_complete	TRUE	7	1	6	eligible_for_pathway_testing
broad_deg_pathway_ora_query_manifest_v1	239	OPCs::AD_vs_NCI__Female__e4::relaxed::AD_up_mito	OPCs::AD_vs_NCI__Female__e4	OPCs::AD_vs_NCI__Female__e4	OPCs	F_e4	Female	e4	relaxed	2	prespecified_sensitivity	AD_up_mito	2	validated_complete	TRUE	1	1	0	query_below_minimum
broad_deg_pathway_ora_query_manifest_v1	240	OPCs::AD_vs_NCI__Female__e4::relaxed::AD_down_mito	OPCs::AD_vs_NCI__Female__e4	OPCs::AD_vs_NCI__Female__e4	OPCs	F_e4	Female	e4	relaxed	2	prespecified_sensitivity	AD_down_mito	3	validated_complete	TRUE	6	0	6	eligible_for_pathway_testing
broad_deg_pathway_ora_query_manifest_v1	241	OPCs::AD_vs_NCI__Female__e4::exploratory::AD_any_mito	OPCs::AD_vs_NCI__Female__e4	OPCs::AD_vs_NCI__Female__e4	OPCs	F_e4	Female	e4	exploratory	3	hypothesis_generation_only	AD_any_mito	1	validated_complete	TRUE	24	3	21	eligible_for_pathway_testing
broad_deg_pathway_ora_query_manifest_v1	242	OPCs::AD_vs_NCI__Female__e4::exploratory::AD_up_mito	OPCs::AD_vs_NCI__Female__e4	OPCs::AD_vs_NCI__Female__e4	OPCs	F_e4	Female	e4	exploratory	3	hypothesis_generation_only	AD_up_mito	2	validated_complete	TRUE	3	3	0	eligible_for_pathway_testing
broad_deg_pathway_ora_query_manifest_v1	243	OPCs::AD_vs_NCI__Female__e4::exploratory::AD_down_mito	OPCs::AD_vs_NCI__Female__e4	OPCs::AD_vs_NCI__Female__e4	OPCs	F_e4	Female	e4	exploratory	3	hypothesis_generation_only	AD_down_mito	3	validated_complete	TRUE	21	0	21	eligible_for_pathway_testing
broad_deg_pathway_ora_query_manifest_v1	244	OPCs::AD_vs_NCI__Male__e2::strict::AD_any_mito	OPCs::AD_vs_NCI__Male__e2	OPCs::AD_vs_NCI__Male__e2	OPCs	M_e2	Male	e2	strict	1	confirmatory_thresholded_companion	AD_any_mito	1	validated_complete	TRUE	0	0	0	empty_query
broad_deg_pathway_ora_query_manifest_v1	245	OPCs::AD_vs_NCI__Male__e2::strict::AD_up_mito	OPCs::AD_vs_NCI__Male__e2	OPCs::AD_vs_NCI__Male__e2	OPCs	M_e2	Male	e2	strict	1	confirmatory_thresholded_companion	AD_up_mito	2	validated_complete	TRUE	0	0	0	empty_query
broad_deg_pathway_ora_query_manifest_v1	246	OPCs::AD_vs_NCI__Male__e2::strict::AD_down_mito	OPCs::AD_vs_NCI__Male__e2	OPCs::AD_vs_NCI__Male__e2	OPCs	M_e2	Male	e2	strict	1	confirmatory_thresholded_companion	AD_down_mito	3	validated_complete	TRUE	0	0	0	empty_query
broad_deg_pathway_ora_query_manifest_v1	247	OPCs::AD_vs_NCI__Male__e2::relaxed::AD_any_mito	OPCs::AD_vs_NCI__Male__e2	OPCs::AD_vs_NCI__Male__e2	OPCs	M_e2	Male	e2	relaxed	2	prespecified_sensitivity	AD_any_mito	1	validated_complete	TRUE	0	0	0	empty_query
broad_deg_pathway_ora_query_manifest_v1	248	OPCs::AD_vs_NCI__Male__e2::relaxed::AD_up_mito	OPCs::AD_vs_NCI__Male__e2	OPCs::AD_vs_NCI__Male__e2	OPCs	M_e2	Male	e2	relaxed	2	prespecified_sensitivity	AD_up_mito	2	validated_complete	TRUE	0	0	0	empty_query
broad_deg_pathway_ora_query_manifest_v1	249	OPCs::AD_vs_NCI__Male__e2::relaxed::AD_down_mito	OPCs::AD_vs_NCI__Male__e2	OPCs::AD_vs_NCI__Male__e2	OPCs	M_e2	Male	e2	relaxed	2	prespecified_sensitivity	AD_down_mito	3	validated_complete	TRUE	0	0	0	empty_query
broad_deg_pathway_ora_query_manifest_v1	250	OPCs::AD_vs_NCI__Male__e2::exploratory::AD_any_mito	OPCs::AD_vs_NCI__Male__e2	OPCs::AD_vs_NCI__Male__e2	OPCs	M_e2	Male	e2	exploratory	3	hypothesis_generation_only	AD_any_mito	1	validated_complete	TRUE	0	0	0	empty_query
broad_deg_pathway_ora_query_manifest_v1	251	OPCs::AD_vs_NCI__Male__e2::exploratory::AD_up_mito	OPCs::AD_vs_NCI__Male__e2	OPCs::AD_vs_NCI__Male__e2	OPCs	M_e2	Male	e2	exploratory	3	hypothesis_generation_only	AD_up_mito	2	validated_complete	TRUE	0	0	0	empty_query
broad_deg_pathway_ora_query_manifest_v1	252	OPCs::AD_vs_NCI__Male__e2::exploratory::AD_down_mito	OPCs::AD_vs_NCI__Male__e2	OPCs::AD_vs_NCI__Male__e2	OPCs	M_e2	Male	e2	exploratory	3	hypothesis_generation_only	AD_down_mito	3	validated_complete	TRUE	0	0	0	empty_query
broad_deg_pathway_ora_query_manifest_v1	253	OPCs::AD_vs_NCI__Male__e33::strict::AD_any_mito	OPCs::AD_vs_NCI__Male__e33	OPCs::AD_vs_NCI__Male__e33	OPCs	M_e33	Male	e33	strict	1	confirmatory_thresholded_companion	AD_any_mito	1	validated_complete	TRUE	0	0	0	empty_query
broad_deg_pathway_ora_query_manifest_v1	254	OPCs::AD_vs_NCI__Male__e33::strict::AD_up_mito	OPCs::AD_vs_NCI__Male__e33	OPCs::AD_vs_NCI__Male__e33	OPCs	M_e33	Male	e33	strict	1	confirmatory_thresholded_companion	AD_up_mito	2	validated_complete	TRUE	0	0	0	empty_query
broad_deg_pathway_ora_query_manifest_v1	255	OPCs::AD_vs_NCI__Male__e33::strict::AD_down_mito	OPCs::AD_vs_NCI__Male__e33	OPCs::AD_vs_NCI__Male__e33	OPCs	M_e33	Male	e33	strict	1	confirmatory_thresholded_companion	AD_down_mito	3	validated_complete	TRUE	0	0	0	empty_query
broad_deg_pathway_ora_query_manifest_v1	256	OPCs::AD_vs_NCI__Male__e33::relaxed::AD_any_mito	OPCs::AD_vs_NCI__Male__e33	OPCs::AD_vs_NCI__Male__e33	OPCs	M_e33	Male	e33	relaxed	2	prespecified_sensitivity	AD_any_mito	1	validated_complete	TRUE	0	0	0	empty_query
broad_deg_pathway_ora_query_manifest_v1	257	OPCs::AD_vs_NCI__Male__e33::relaxed::AD_up_mito	OPCs::AD_vs_NCI__Male__e33	OPCs::AD_vs_NCI__Male__e33	OPCs	M_e33	Male	e33	relaxed	2	prespecified_sensitivity	AD_up_mito	2	validated_complete	TRUE	0	0	0	empty_query
broad_deg_pathway_ora_query_manifest_v1	258	OPCs::AD_vs_NCI__Male__e33::relaxed::AD_down_mito	OPCs::AD_vs_NCI__Male__e33	OPCs::AD_vs_NCI__Male__e33	OPCs	M_e33	Male	e33	relaxed	2	prespecified_sensitivity	AD_down_mito	3	validated_complete	TRUE	0	0	0	empty_query
broad_deg_pathway_ora_query_manifest_v1	259	OPCs::AD_vs_NCI__Male__e33::exploratory::AD_any_mito	OPCs::AD_vs_NCI__Male__e33	OPCs::AD_vs_NCI__Male__e33	OPCs	M_e33	Male	e33	exploratory	3	hypothesis_generation_only	AD_any_mito	1	validated_complete	TRUE	0	0	0	empty_query
broad_deg_pathway_ora_query_manifest_v1	260	OPCs::AD_vs_NCI__Male__e33::exploratory::AD_up_mito	OPCs::AD_vs_NCI__Male__e33	OPCs::AD_vs_NCI__Male__e33	OPCs	M_e33	Male	e33	exploratory	3	hypothesis_generation_only	AD_up_mito	2	validated_complete	TRUE	0	0	0	empty_query
broad_deg_pathway_ora_query_manifest_v1	261	OPCs::AD_vs_NCI__Male__e33::exploratory::AD_down_mito	OPCs::AD_vs_NCI__Male__e33	OPCs::AD_vs_NCI__Male__e33	OPCs	M_e33	Male	e33	exploratory	3	hypothesis_generation_only	AD_down_mito	3	validated_complete	TRUE	0	0	0	empty_query
broad_deg_pathway_ora_query_manifest_v1	262	OPCs::AD_vs_NCI__Male__e4::strict::AD_any_mito	OPCs::AD_vs_NCI__Male__e4	OPCs::AD_vs_NCI__Male__e4	OPCs	M_e4	Male	e4	strict	1	confirmatory_thresholded_companion	AD_any_mito	1	validated_complete	TRUE	0	0	0	empty_query
broad_deg_pathway_ora_query_manifest_v1	263	OPCs::AD_vs_NCI__Male__e4::strict::AD_up_mito	OPCs::AD_vs_NCI__Male__e4	OPCs::AD_vs_NCI__Male__e4	OPCs	M_e4	Male	e4	strict	1	confirmatory_thresholded_companion	AD_up_mito	2	validated_complete	TRUE	0	0	0	empty_query
broad_deg_pathway_ora_query_manifest_v1	264	OPCs::AD_vs_NCI__Male__e4::strict::AD_down_mito	OPCs::AD_vs_NCI__Male__e4	OPCs::AD_vs_NCI__Male__e4	OPCs	M_e4	Male	e4	strict	1	confirmatory_thresholded_companion	AD_down_mito	3	validated_complete	TRUE	0	0	0	empty_query
broad_deg_pathway_ora_query_manifest_v1	265	OPCs::AD_vs_NCI__Male__e4::relaxed::AD_any_mito	OPCs::AD_vs_NCI__Male__e4	OPCs::AD_vs_NCI__Male__e4	OPCs	M_e4	Male	e4	relaxed	2	prespecified_sensitivity	AD_any_mito	1	validated_complete	TRUE	0	0	0	empty_query
broad_deg_pathway_ora_query_manifest_v1	266	OPCs::AD_vs_NCI__Male__e4::relaxed::AD_up_mito	OPCs::AD_vs_NCI__Male__e4	OPCs::AD_vs_NCI__Male__e4	OPCs	M_e4	Male	e4	relaxed	2	prespecified_sensitivity	AD_up_mito	2	validated_complete	TRUE	0	0	0	empty_query
broad_deg_pathway_ora_query_manifest_v1	267	OPCs::AD_vs_NCI__Male__e4::relaxed::AD_down_mito	OPCs::AD_vs_NCI__Male__e4	OPCs::AD_vs_NCI__Male__e4	OPCs	M_e4	Male	e4	relaxed	2	prespecified_sensitivity	AD_down_mito	3	validated_complete	TRUE	0	0	0	empty_query
broad_deg_pathway_ora_query_manifest_v1	268	OPCs::AD_vs_NCI__Male__e4::exploratory::AD_any_mito	OPCs::AD_vs_NCI__Male__e4	OPCs::AD_vs_NCI__Male__e4	OPCs	M_e4	Male	e4	exploratory	3	hypothesis_generation_only	AD_any_mito	1	validated_complete	TRUE	0	0	0	empty_query
broad_deg_pathway_ora_query_manifest_v1	269	OPCs::AD_vs_NCI__Male__e4::exploratory::AD_up_mito	OPCs::AD_vs_NCI__Male__e4	OPCs::AD_vs_NCI__Male__e4	OPCs	M_e4	Male	e4	exploratory	3	hypothesis_generation_only	AD_up_mito	2	validated_complete	TRUE	0	0	0	empty_query
broad_deg_pathway_ora_query_manifest_v1	270	OPCs::AD_vs_NCI__Male__e4::exploratory::AD_down_mito	OPCs::AD_vs_NCI__Male__e4	OPCs::AD_vs_NCI__Male__e4	OPCs	M_e4	Male	e4	exploratory	3	hypothesis_generation_only	AD_down_mito	3	validated_complete	TRUE	0	0	0	empty_query
broad_deg_pathway_ora_query_manifest_v1	271	Oligodendrocytes::AD_vs_NCI__Female__e2::strict::AD_any_mito	Oligodendrocytes::AD_vs_NCI__Female__e2	Oligodendrocytes::AD_vs_NCI__Female__e2	Oligodendrocytes	F_e2	Female	e2	strict	1	confirmatory_thresholded_companion	AD_any_mito	1	validated_complete	TRUE	0	0	0	empty_query
broad_deg_pathway_ora_query_manifest_v1	272	Oligodendrocytes::AD_vs_NCI__Female__e2::strict::AD_up_mito	Oligodendrocytes::AD_vs_NCI__Female__e2	Oligodendrocytes::AD_vs_NCI__Female__e2	Oligodendrocytes	F_e2	Female	e2	strict	1	confirmatory_thresholded_companion	AD_up_mito	2	validated_complete	TRUE	0	0	0	empty_query
broad_deg_pathway_ora_query_manifest_v1	273	Oligodendrocytes::AD_vs_NCI__Female__e2::strict::AD_down_mito	Oligodendrocytes::AD_vs_NCI__Female__e2	Oligodendrocytes::AD_vs_NCI__Female__e2	Oligodendrocytes	F_e2	Female	e2	strict	1	confirmatory_thresholded_companion	AD_down_mito	3	validated_complete	TRUE	0	0	0	empty_query
broad_deg_pathway_ora_query_manifest_v1	274	Oligodendrocytes::AD_vs_NCI__Female__e2::relaxed::AD_any_mito	Oligodendrocytes::AD_vs_NCI__Female__e2	Oligodendrocytes::AD_vs_NCI__Female__e2	Oligodendrocytes	F_e2	Female	e2	relaxed	2	prespecified_sensitivity	AD_any_mito	1	validated_complete	TRUE	0	0	0	empty_query
broad_deg_pathway_ora_query_manifest_v1	275	Oligodendrocytes::AD_vs_NCI__Female__e2::relaxed::AD_up_mito	Oligodendrocytes::AD_vs_NCI__Female__e2	Oligodendrocytes::AD_vs_NCI__Female__e2	Oligodendrocytes	F_e2	Female	e2	relaxed	2	prespecified_sensitivity	AD_up_mito	2	validated_complete	TRUE	0	0	0	empty_query
broad_deg_pathway_ora_query_manifest_v1	276	Oligodendrocytes::AD_vs_NCI__Female__e2::relaxed::AD_down_mito	Oligodendrocytes::AD_vs_NCI__Female__e2	Oligodendrocytes::AD_vs_NCI__Female__e2	Oligodendrocytes	F_e2	Female	e2	relaxed	2	prespecified_sensitivity	AD_down_mito	3	validated_complete	TRUE	0	0	0	empty_query
broad_deg_pathway_ora_query_manifest_v1	277	Oligodendrocytes::AD_vs_NCI__Female__e2::exploratory::AD_any_mito	Oligodendrocytes::AD_vs_NCI__Female__e2	Oligodendrocytes::AD_vs_NCI__Female__e2	Oligodendrocytes	F_e2	Female	e2	exploratory	3	hypothesis_generation_only	AD_any_mito	1	validated_complete	TRUE	0	0	0	empty_query
broad_deg_pathway_ora_query_manifest_v1	278	Oligodendrocytes::AD_vs_NCI__Female__e2::exploratory::AD_up_mito	Oligodendrocytes::AD_vs_NCI__Female__e2	Oligodendrocytes::AD_vs_NCI__Female__e2	Oligodendrocytes	F_e2	Female	e2	exploratory	3	hypothesis_generation_only	AD_up_mito	2	validated_complete	TRUE	0	0	0	empty_query
broad_deg_pathway_ora_query_manifest_v1	279	Oligodendrocytes::AD_vs_NCI__Female__e2::exploratory::AD_down_mito	Oligodendrocytes::AD_vs_NCI__Female__e2	Oligodendrocytes::AD_vs_NCI__Female__e2	Oligodendrocytes	F_e2	Female	e2	exploratory	3	hypothesis_generation_only	AD_down_mito	3	validated_complete	TRUE	0	0	0	empty_query
broad_deg_pathway_ora_query_manifest_v1	280	Oligodendrocytes::AD_vs_NCI__Female__e33::strict::AD_any_mito	Oligodendrocytes::AD_vs_NCI__Female__e33	Oligodendrocytes::AD_vs_NCI__Female__e33	Oligodendrocytes	F_e33	Female	e33	strict	1	confirmatory_thresholded_companion	AD_any_mito	1	validated_complete	TRUE	1	1	0	query_below_minimum
broad_deg_pathway_ora_query_manifest_v1	281	Oligodendrocytes::AD_vs_NCI__Female__e33::strict::AD_up_mito	Oligodendrocytes::AD_vs_NCI__Female__e33	Oligodendrocytes::AD_vs_NCI__Female__e33	Oligodendrocytes	F_e33	Female	e33	strict	1	confirmatory_thresholded_companion	AD_up_mito	2	validated_complete	TRUE	1	1	0	query_below_minimum
broad_deg_pathway_ora_query_manifest_v1	282	Oligodendrocytes::AD_vs_NCI__Female__e33::strict::AD_down_mito	Oligodendrocytes::AD_vs_NCI__Female__e33	Oligodendrocytes::AD_vs_NCI__Female__e33	Oligodendrocytes	F_e33	Female	e33	strict	1	confirmatory_thresholded_companion	AD_down_mito	3	validated_complete	TRUE	0	0	0	empty_query
broad_deg_pathway_ora_query_manifest_v1	283	Oligodendrocytes::AD_vs_NCI__Female__e33::relaxed::AD_any_mito	Oligodendrocytes::AD_vs_NCI__Female__e33	Oligodendrocytes::AD_vs_NCI__Female__e33	Oligodendrocytes	F_e33	Female	e33	relaxed	2	prespecified_sensitivity	AD_any_mito	1	validated_complete	TRUE	1	1	0	query_below_minimum
broad_deg_pathway_ora_query_manifest_v1	284	Oligodendrocytes::AD_vs_NCI__Female__e33::relaxed::AD_up_mito	Oligodendrocytes::AD_vs_NCI__Female__e33	Oligodendrocytes::AD_vs_NCI__Female__e33	Oligodendrocytes	F_e33	Female	e33	relaxed	2	prespecified_sensitivity	AD_up_mito	2	validated_complete	TRUE	1	1	0	query_below_minimum
broad_deg_pathway_ora_query_manifest_v1	285	Oligodendrocytes::AD_vs_NCI__Female__e33::relaxed::AD_down_mito	Oligodendrocytes::AD_vs_NCI__Female__e33	Oligodendrocytes::AD_vs_NCI__Female__e33	Oligodendrocytes	F_e33	Female	e33	relaxed	2	prespecified_sensitivity	AD_down_mito	3	validated_complete	TRUE	0	0	0	empty_query
broad_deg_pathway_ora_query_manifest_v1	286	Oligodendrocytes::AD_vs_NCI__Female__e33::exploratory::AD_any_mito	Oligodendrocytes::AD_vs_NCI__Female__e33	Oligodendrocytes::AD_vs_NCI__Female__e33	Oligodendrocytes	F_e33	Female	e33	exploratory	3	hypothesis_generation_only	AD_any_mito	1	validated_complete	TRUE	13	12	1	eligible_for_pathway_testing
broad_deg_pathway_ora_query_manifest_v1	287	Oligodendrocytes::AD_vs_NCI__Female__e33::exploratory::AD_up_mito	Oligodendrocytes::AD_vs_NCI__Female__e33	Oligodendrocytes::AD_vs_NCI__Female__e33	Oligodendrocytes	F_e33	Female	e33	exploratory	3	hypothesis_generation_only	AD_up_mito	2	validated_complete	TRUE	12	12	0	eligible_for_pathway_testing
broad_deg_pathway_ora_query_manifest_v1	288	Oligodendrocytes::AD_vs_NCI__Female__e33::exploratory::AD_down_mito	Oligodendrocytes::AD_vs_NCI__Female__e33	Oligodendrocytes::AD_vs_NCI__Female__e33	Oligodendrocytes	F_e33	Female	e33	exploratory	3	hypothesis_generation_only	AD_down_mito	3	validated_complete	TRUE	1	0	1	query_below_minimum
broad_deg_pathway_ora_query_manifest_v1	289	Oligodendrocytes::AD_vs_NCI__Female__e4::strict::AD_any_mito	Oligodendrocytes::AD_vs_NCI__Female__e4	Oligodendrocytes::AD_vs_NCI__Female__e4	Oligodendrocytes	F_e4	Female	e4	strict	1	confirmatory_thresholded_companion	AD_any_mito	1	validated_complete	TRUE	2	0	2	query_below_minimum
broad_deg_pathway_ora_query_manifest_v1	290	Oligodendrocytes::AD_vs_NCI__Female__e4::strict::AD_up_mito	Oligodendrocytes::AD_vs_NCI__Female__e4	Oligodendrocytes::AD_vs_NCI__Female__e4	Oligodendrocytes	F_e4	Female	e4	strict	1	confirmatory_thresholded_companion	AD_up_mito	2	validated_complete	TRUE	0	0	0	empty_query
broad_deg_pathway_ora_query_manifest_v1	291	Oligodendrocytes::AD_vs_NCI__Female__e4::strict::AD_down_mito	Oligodendrocytes::AD_vs_NCI__Female__e4	Oligodendrocytes::AD_vs_NCI__Female__e4	Oligodendrocytes	F_e4	Female	e4	strict	1	confirmatory_thresholded_companion	AD_down_mito	3	validated_complete	TRUE	2	0	2	query_below_minimum
broad_deg_pathway_ora_query_manifest_v1	292	Oligodendrocytes::AD_vs_NCI__Female__e4::relaxed::AD_any_mito	Oligodendrocytes::AD_vs_NCI__Female__e4	Oligodendrocytes::AD_vs_NCI__Female__e4	Oligodendrocytes	F_e4	Female	e4	relaxed	2	prespecified_sensitivity	AD_any_mito	1	validated_complete	TRUE	2	0	2	query_below_minimum
broad_deg_pathway_ora_query_manifest_v1	293	Oligodendrocytes::AD_vs_NCI__Female__e4::relaxed::AD_up_mito	Oligodendrocytes::AD_vs_NCI__Female__e4	Oligodendrocytes::AD_vs_NCI__Female__e4	Oligodendrocytes	F_e4	Female	e4	relaxed	2	prespecified_sensitivity	AD_up_mito	2	validated_complete	TRUE	0	0	0	empty_query
broad_deg_pathway_ora_query_manifest_v1	294	Oligodendrocytes::AD_vs_NCI__Female__e4::relaxed::AD_down_mito	Oligodendrocytes::AD_vs_NCI__Female__e4	Oligodendrocytes::AD_vs_NCI__Female__e4	Oligodendrocytes	F_e4	Female	e4	relaxed	2	prespecified_sensitivity	AD_down_mito	3	validated_complete	TRUE	2	0	2	query_below_minimum
broad_deg_pathway_ora_query_manifest_v1	295	Oligodendrocytes::AD_vs_NCI__Female__e4::exploratory::AD_any_mito	Oligodendrocytes::AD_vs_NCI__Female__e4	Oligodendrocytes::AD_vs_NCI__Female__e4	Oligodendrocytes	F_e4	Female	e4	exploratory	3	hypothesis_generation_only	AD_any_mito	1	validated_complete	TRUE	2	0	2	query_below_minimum
broad_deg_pathway_ora_query_manifest_v1	296	Oligodendrocytes::AD_vs_NCI__Female__e4::exploratory::AD_up_mito	Oligodendrocytes::AD_vs_NCI__Female__e4	Oligodendrocytes::AD_vs_NCI__Female__e4	Oligodendrocytes	F_e4	Female	e4	exploratory	3	hypothesis_generation_only	AD_up_mito	2	validated_complete	TRUE	0	0	0	empty_query
broad_deg_pathway_ora_query_manifest_v1	297	Oligodendrocytes::AD_vs_NCI__Female__e4::exploratory::AD_down_mito	Oligodendrocytes::AD_vs_NCI__Female__e4	Oligodendrocytes::AD_vs_NCI__Female__e4	Oligodendrocytes	F_e4	Female	e4	exploratory	3	hypothesis_generation_only	AD_down_mito	3	validated_complete	TRUE	2	0	2	query_below_minimum
broad_deg_pathway_ora_query_manifest_v1	298	Oligodendrocytes::AD_vs_NCI__Male__e2::strict::AD_any_mito	Oligodendrocytes::AD_vs_NCI__Male__e2	Oligodendrocytes::AD_vs_NCI__Male__e2	Oligodendrocytes	M_e2	Male	e2	strict	1	confirmatory_thresholded_companion	AD_any_mito	1	validated_complete	TRUE	0	0	0	empty_query
broad_deg_pathway_ora_query_manifest_v1	299	Oligodendrocytes::AD_vs_NCI__Male__e2::strict::AD_up_mito	Oligodendrocytes::AD_vs_NCI__Male__e2	Oligodendrocytes::AD_vs_NCI__Male__e2	Oligodendrocytes	M_e2	Male	e2	strict	1	confirmatory_thresholded_companion	AD_up_mito	2	validated_complete	TRUE	0	0	0	empty_query
broad_deg_pathway_ora_query_manifest_v1	300	Oligodendrocytes::AD_vs_NCI__Male__e2::strict::AD_down_mito	Oligodendrocytes::AD_vs_NCI__Male__e2	Oligodendrocytes::AD_vs_NCI__Male__e2	Oligodendrocytes	M_e2	Male	e2	strict	1	confirmatory_thresholded_companion	AD_down_mito	3	validated_complete	TRUE	0	0	0	empty_query
broad_deg_pathway_ora_query_manifest_v1	301	Oligodendrocytes::AD_vs_NCI__Male__e2::relaxed::AD_any_mito	Oligodendrocytes::AD_vs_NCI__Male__e2	Oligodendrocytes::AD_vs_NCI__Male__e2	Oligodendrocytes	M_e2	Male	e2	relaxed	2	prespecified_sensitivity	AD_any_mito	1	validated_complete	TRUE	0	0	0	empty_query
broad_deg_pathway_ora_query_manifest_v1	302	Oligodendrocytes::AD_vs_NCI__Male__e2::relaxed::AD_up_mito	Oligodendrocytes::AD_vs_NCI__Male__e2	Oligodendrocytes::AD_vs_NCI__Male__e2	Oligodendrocytes	M_e2	Male	e2	relaxed	2	prespecified_sensitivity	AD_up_mito	2	validated_complete	TRUE	0	0	0	empty_query
broad_deg_pathway_ora_query_manifest_v1	303	Oligodendrocytes::AD_vs_NCI__Male__e2::relaxed::AD_down_mito	Oligodendrocytes::AD_vs_NCI__Male__e2	Oligodendrocytes::AD_vs_NCI__Male__e2	Oligodendrocytes	M_e2	Male	e2	relaxed	2	prespecified_sensitivity	AD_down_mito	3	validated_complete	TRUE	0	0	0	empty_query
broad_deg_pathway_ora_query_manifest_v1	304	Oligodendrocytes::AD_vs_NCI__Male__e2::exploratory::AD_any_mito	Oligodendrocytes::AD_vs_NCI__Male__e2	Oligodendrocytes::AD_vs_NCI__Male__e2	Oligodendrocytes	M_e2	Male	e2	exploratory	3	hypothesis_generation_only	AD_any_mito	1	validated_complete	TRUE	0	0	0	empty_query
broad_deg_pathway_ora_query_manifest_v1	305	Oligodendrocytes::AD_vs_NCI__Male__e2::exploratory::AD_up_mito	Oligodendrocytes::AD_vs_NCI__Male__e2	Oligodendrocytes::AD_vs_NCI__Male__e2	Oligodendrocytes	M_e2	Male	e2	exploratory	3	hypothesis_generation_only	AD_up_mito	2	validated_complete	TRUE	0	0	0	empty_query
broad_deg_pathway_ora_query_manifest_v1	306	Oligodendrocytes::AD_vs_NCI__Male__e2::exploratory::AD_down_mito	Oligodendrocytes::AD_vs_NCI__Male__e2	Oligodendrocytes::AD_vs_NCI__Male__e2	Oligodendrocytes	M_e2	Male	e2	exploratory	3	hypothesis_generation_only	AD_down_mito	3	validated_complete	TRUE	0	0	0	empty_query
broad_deg_pathway_ora_query_manifest_v1	307	Oligodendrocytes::AD_vs_NCI__Male__e33::strict::AD_any_mito	Oligodendrocytes::AD_vs_NCI__Male__e33	Oligodendrocytes::AD_vs_NCI__Male__e33	Oligodendrocytes	M_e33	Male	e33	strict	1	confirmatory_thresholded_companion	AD_any_mito	1	validated_complete	TRUE	0	0	0	empty_query
broad_deg_pathway_ora_query_manifest_v1	308	Oligodendrocytes::AD_vs_NCI__Male__e33::strict::AD_up_mito	Oligodendrocytes::AD_vs_NCI__Male__e33	Oligodendrocytes::AD_vs_NCI__Male__e33	Oligodendrocytes	M_e33	Male	e33	strict	1	confirmatory_thresholded_companion	AD_up_mito	2	validated_complete	TRUE	0	0	0	empty_query
broad_deg_pathway_ora_query_manifest_v1	309	Oligodendrocytes::AD_vs_NCI__Male__e33::strict::AD_down_mito	Oligodendrocytes::AD_vs_NCI__Male__e33	Oligodendrocytes::AD_vs_NCI__Male__e33	Oligodendrocytes	M_e33	Male	e33	strict	1	confirmatory_thresholded_companion	AD_down_mito	3	validated_complete	TRUE	0	0	0	empty_query
broad_deg_pathway_ora_query_manifest_v1	310	Oligodendrocytes::AD_vs_NCI__Male__e33::relaxed::AD_any_mito	Oligodendrocytes::AD_vs_NCI__Male__e33	Oligodendrocytes::AD_vs_NCI__Male__e33	Oligodendrocytes	M_e33	Male	e33	relaxed	2	prespecified_sensitivity	AD_any_mito	1	validated_complete	TRUE	0	0	0	empty_query
broad_deg_pathway_ora_query_manifest_v1	311	Oligodendrocytes::AD_vs_NCI__Male__e33::relaxed::AD_up_mito	Oligodendrocytes::AD_vs_NCI__Male__e33	Oligodendrocytes::AD_vs_NCI__Male__e33	Oligodendrocytes	M_e33	Male	e33	relaxed	2	prespecified_sensitivity	AD_up_mito	2	validated_complete	TRUE	0	0	0	empty_query
broad_deg_pathway_ora_query_manifest_v1	312	Oligodendrocytes::AD_vs_NCI__Male__e33::relaxed::AD_down_mito	Oligodendrocytes::AD_vs_NCI__Male__e33	Oligodendrocytes::AD_vs_NCI__Male__e33	Oligodendrocytes	M_e33	Male	e33	relaxed	2	prespecified_sensitivity	AD_down_mito	3	validated_complete	TRUE	0	0	0	empty_query
broad_deg_pathway_ora_query_manifest_v1	313	Oligodendrocytes::AD_vs_NCI__Male__e33::exploratory::AD_any_mito	Oligodendrocytes::AD_vs_NCI__Male__e33	Oligodendrocytes::AD_vs_NCI__Male__e33	Oligodendrocytes	M_e33	Male	e33	exploratory	3	hypothesis_generation_only	AD_any_mito	1	validated_complete	TRUE	0	0	0	empty_query
broad_deg_pathway_ora_query_manifest_v1	314	Oligodendrocytes::AD_vs_NCI__Male__e33::exploratory::AD_up_mito	Oligodendrocytes::AD_vs_NCI__Male__e33	Oligodendrocytes::AD_vs_NCI__Male__e33	Oligodendrocytes	M_e33	Male	e33	exploratory	3	hypothesis_generation_only	AD_up_mito	2	validated_complete	TRUE	0	0	0	empty_query
broad_deg_pathway_ora_query_manifest_v1	315	Oligodendrocytes::AD_vs_NCI__Male__e33::exploratory::AD_down_mito	Oligodendrocytes::AD_vs_NCI__Male__e33	Oligodendrocytes::AD_vs_NCI__Male__e33	Oligodendrocytes	M_e33	Male	e33	exploratory	3	hypothesis_generation_only	AD_down_mito	3	validated_complete	TRUE	0	0	0	empty_query
broad_deg_pathway_ora_query_manifest_v1	316	Oligodendrocytes::AD_vs_NCI__Male__e4::strict::AD_any_mito	Oligodendrocytes::AD_vs_NCI__Male__e4	Oligodendrocytes::AD_vs_NCI__Male__e4	Oligodendrocytes	M_e4	Male	e4	strict	1	confirmatory_thresholded_companion	AD_any_mito	1	validated_complete	TRUE	0	0	0	empty_query
broad_deg_pathway_ora_query_manifest_v1	317	Oligodendrocytes::AD_vs_NCI__Male__e4::strict::AD_up_mito	Oligodendrocytes::AD_vs_NCI__Male__e4	Oligodendrocytes::AD_vs_NCI__Male__e4	Oligodendrocytes	M_e4	Male	e4	strict	1	confirmatory_thresholded_companion	AD_up_mito	2	validated_complete	TRUE	0	0	0	empty_query
broad_deg_pathway_ora_query_manifest_v1	318	Oligodendrocytes::AD_vs_NCI__Male__e4::strict::AD_down_mito	Oligodendrocytes::AD_vs_NCI__Male__e4	Oligodendrocytes::AD_vs_NCI__Male__e4	Oligodendrocytes	M_e4	Male	e4	strict	1	confirmatory_thresholded_companion	AD_down_mito	3	validated_complete	TRUE	0	0	0	empty_query
broad_deg_pathway_ora_query_manifest_v1	319	Oligodendrocytes::AD_vs_NCI__Male__e4::relaxed::AD_any_mito	Oligodendrocytes::AD_vs_NCI__Male__e4	Oligodendrocytes::AD_vs_NCI__Male__e4	Oligodendrocytes	M_e4	Male	e4	relaxed	2	prespecified_sensitivity	AD_any_mito	1	validated_complete	TRUE	0	0	0	empty_query
broad_deg_pathway_ora_query_manifest_v1	320	Oligodendrocytes::AD_vs_NCI__Male__e4::relaxed::AD_up_mito	Oligodendrocytes::AD_vs_NCI__Male__e4	Oligodendrocytes::AD_vs_NCI__Male__e4	Oligodendrocytes	M_e4	Male	e4	relaxed	2	prespecified_sensitivity	AD_up_mito	2	validated_complete	TRUE	0	0	0	empty_query
broad_deg_pathway_ora_query_manifest_v1	321	Oligodendrocytes::AD_vs_NCI__Male__e4::relaxed::AD_down_mito	Oligodendrocytes::AD_vs_NCI__Male__e4	Oligodendrocytes::AD_vs_NCI__Male__e4	Oligodendrocytes	M_e4	Male	e4	relaxed	2	prespecified_sensitivity	AD_down_mito	3	validated_complete	TRUE	0	0	0	empty_query
broad_deg_pathway_ora_query_manifest_v1	322	Oligodendrocytes::AD_vs_NCI__Male__e4::exploratory::AD_any_mito	Oligodendrocytes::AD_vs_NCI__Male__e4	Oligodendrocytes::AD_vs_NCI__Male__e4	Oligodendrocytes	M_e4	Male	e4	exploratory	3	hypothesis_generation_only	AD_any_mito	1	validated_complete	TRUE	0	0	0	empty_query
broad_deg_pathway_ora_query_manifest_v1	323	Oligodendrocytes::AD_vs_NCI__Male__e4::exploratory::AD_up_mito	Oligodendrocytes::AD_vs_NCI__Male__e4	Oligodendrocytes::AD_vs_NCI__Male__e4	Oligodendrocytes	M_e4	Male	e4	exploratory	3	hypothesis_generation_only	AD_up_mito	2	validated_complete	TRUE	0	0	0	empty_query
broad_deg_pathway_ora_query_manifest_v1	324	Oligodendrocytes::AD_vs_NCI__Male__e4::exploratory::AD_down_mito	Oligodendrocytes::AD_vs_NCI__Male__e4	Oligodendrocytes::AD_vs_NCI__Male__e4	Oligodendrocytes	M_e4	Male	e4	exploratory	3	hypothesis_generation_only	AD_down_mito	3	validated_complete	TRUE	0	0	0	empty_query
broad_deg_pathway_ora_query_manifest_v1	325	Vasculature_cells::AD_vs_NCI__Female__e2::strict::AD_any_mito	Vasculature_cells::AD_vs_NCI__Female__e2	Vasculature_cells::AD_vs_NCI__Female__e2	Vasculature_cells	F_e2	Female	e2	strict	1	confirmatory_thresholded_companion	AD_any_mito	1	contrast_not_estimable	FALSE	0	0	0	contrast_not_estimable
broad_deg_pathway_ora_query_manifest_v1	326	Vasculature_cells::AD_vs_NCI__Female__e2::strict::AD_up_mito	Vasculature_cells::AD_vs_NCI__Female__e2	Vasculature_cells::AD_vs_NCI__Female__e2	Vasculature_cells	F_e2	Female	e2	strict	1	confirmatory_thresholded_companion	AD_up_mito	2	contrast_not_estimable	FALSE	0	0	0	contrast_not_estimable
broad_deg_pathway_ora_query_manifest_v1	327	Vasculature_cells::AD_vs_NCI__Female__e2::strict::AD_down_mito	Vasculature_cells::AD_vs_NCI__Female__e2	Vasculature_cells::AD_vs_NCI__Female__e2	Vasculature_cells	F_e2	Female	e2	strict	1	confirmatory_thresholded_companion	AD_down_mito	3	contrast_not_estimable	FALSE	0	0	0	contrast_not_estimable
broad_deg_pathway_ora_query_manifest_v1	328	Vasculature_cells::AD_vs_NCI__Female__e2::relaxed::AD_any_mito	Vasculature_cells::AD_vs_NCI__Female__e2	Vasculature_cells::AD_vs_NCI__Female__e2	Vasculature_cells	F_e2	Female	e2	relaxed	2	prespecified_sensitivity	AD_any_mito	1	contrast_not_estimable	FALSE	0	0	0	contrast_not_estimable
broad_deg_pathway_ora_query_manifest_v1	329	Vasculature_cells::AD_vs_NCI__Female__e2::relaxed::AD_up_mito	Vasculature_cells::AD_vs_NCI__Female__e2	Vasculature_cells::AD_vs_NCI__Female__e2	Vasculature_cells	F_e2	Female	e2	relaxed	2	prespecified_sensitivity	AD_up_mito	2	contrast_not_estimable	FALSE	0	0	0	contrast_not_estimable
broad_deg_pathway_ora_query_manifest_v1	330	Vasculature_cells::AD_vs_NCI__Female__e2::relaxed::AD_down_mito	Vasculature_cells::AD_vs_NCI__Female__e2	Vasculature_cells::AD_vs_NCI__Female__e2	Vasculature_cells	F_e2	Female	e2	relaxed	2	prespecified_sensitivity	AD_down_mito	3	contrast_not_estimable	FALSE	0	0	0	contrast_not_estimable
broad_deg_pathway_ora_query_manifest_v1	331	Vasculature_cells::AD_vs_NCI__Female__e2::exploratory::AD_any_mito	Vasculature_cells::AD_vs_NCI__Female__e2	Vasculature_cells::AD_vs_NCI__Female__e2	Vasculature_cells	F_e2	Female	e2	exploratory	3	hypothesis_generation_only	AD_any_mito	1	contrast_not_estimable	FALSE	0	0	0	contrast_not_estimable
broad_deg_pathway_ora_query_manifest_v1	332	Vasculature_cells::AD_vs_NCI__Female__e2::exploratory::AD_up_mito	Vasculature_cells::AD_vs_NCI__Female__e2	Vasculature_cells::AD_vs_NCI__Female__e2	Vasculature_cells	F_e2	Female	e2	exploratory	3	hypothesis_generation_only	AD_up_mito	2	contrast_not_estimable	FALSE	0	0	0	contrast_not_estimable
broad_deg_pathway_ora_query_manifest_v1	333	Vasculature_cells::AD_vs_NCI__Female__e2::exploratory::AD_down_mito	Vasculature_cells::AD_vs_NCI__Female__e2	Vasculature_cells::AD_vs_NCI__Female__e2	Vasculature_cells	F_e2	Female	e2	exploratory	3	hypothesis_generation_only	AD_down_mito	3	contrast_not_estimable	FALSE	0	0	0	contrast_not_estimable
broad_deg_pathway_ora_query_manifest_v1	334	Vasculature_cells::AD_vs_NCI__Female__e33::strict::AD_any_mito	Vasculature_cells::AD_vs_NCI__Female__e33	Vasculature_cells::AD_vs_NCI__Female__e33	Vasculature_cells	F_e33	Female	e33	strict	1	confirmatory_thresholded_companion	AD_any_mito	1	validated_complete	TRUE	0	0	0	empty_query
broad_deg_pathway_ora_query_manifest_v1	335	Vasculature_cells::AD_vs_NCI__Female__e33::strict::AD_up_mito	Vasculature_cells::AD_vs_NCI__Female__e33	Vasculature_cells::AD_vs_NCI__Female__e33	Vasculature_cells	F_e33	Female	e33	strict	1	confirmatory_thresholded_companion	AD_up_mito	2	validated_complete	TRUE	0	0	0	empty_query
broad_deg_pathway_ora_query_manifest_v1	336	Vasculature_cells::AD_vs_NCI__Female__e33::strict::AD_down_mito	Vasculature_cells::AD_vs_NCI__Female__e33	Vasculature_cells::AD_vs_NCI__Female__e33	Vasculature_cells	F_e33	Female	e33	strict	1	confirmatory_thresholded_companion	AD_down_mito	3	validated_complete	TRUE	0	0	0	empty_query
broad_deg_pathway_ora_query_manifest_v1	337	Vasculature_cells::AD_vs_NCI__Female__e33::relaxed::AD_any_mito	Vasculature_cells::AD_vs_NCI__Female__e33	Vasculature_cells::AD_vs_NCI__Female__e33	Vasculature_cells	F_e33	Female	e33	relaxed	2	prespecified_sensitivity	AD_any_mito	1	validated_complete	TRUE	0	0	0	empty_query
broad_deg_pathway_ora_query_manifest_v1	338	Vasculature_cells::AD_vs_NCI__Female__e33::relaxed::AD_up_mito	Vasculature_cells::AD_vs_NCI__Female__e33	Vasculature_cells::AD_vs_NCI__Female__e33	Vasculature_cells	F_e33	Female	e33	relaxed	2	prespecified_sensitivity	AD_up_mito	2	validated_complete	TRUE	0	0	0	empty_query
broad_deg_pathway_ora_query_manifest_v1	339	Vasculature_cells::AD_vs_NCI__Female__e33::relaxed::AD_down_mito	Vasculature_cells::AD_vs_NCI__Female__e33	Vasculature_cells::AD_vs_NCI__Female__e33	Vasculature_cells	F_e33	Female	e33	relaxed	2	prespecified_sensitivity	AD_down_mito	3	validated_complete	TRUE	0	0	0	empty_query
broad_deg_pathway_ora_query_manifest_v1	340	Vasculature_cells::AD_vs_NCI__Female__e33::exploratory::AD_any_mito	Vasculature_cells::AD_vs_NCI__Female__e33	Vasculature_cells::AD_vs_NCI__Female__e33	Vasculature_cells	F_e33	Female	e33	exploratory	3	hypothesis_generation_only	AD_any_mito	1	validated_complete	TRUE	0	0	0	empty_query
broad_deg_pathway_ora_query_manifest_v1	341	Vasculature_cells::AD_vs_NCI__Female__e33::exploratory::AD_up_mito	Vasculature_cells::AD_vs_NCI__Female__e33	Vasculature_cells::AD_vs_NCI__Female__e33	Vasculature_cells	F_e33	Female	e33	exploratory	3	hypothesis_generation_only	AD_up_mito	2	validated_complete	TRUE	0	0	0	empty_query
broad_deg_pathway_ora_query_manifest_v1	342	Vasculature_cells::AD_vs_NCI__Female__e33::exploratory::AD_down_mito	Vasculature_cells::AD_vs_NCI__Female__e33	Vasculature_cells::AD_vs_NCI__Female__e33	Vasculature_cells	F_e33	Female	e33	exploratory	3	hypothesis_generation_only	AD_down_mito	3	validated_complete	TRUE	0	0	0	empty_query
broad_deg_pathway_ora_query_manifest_v1	343	Vasculature_cells::AD_vs_NCI__Female__e4::strict::AD_any_mito	Vasculature_cells::AD_vs_NCI__Female__e4	Vasculature_cells::AD_vs_NCI__Female__e4	Vasculature_cells	F_e4	Female	e4	strict	1	confirmatory_thresholded_companion	AD_any_mito	1	validated_complete	TRUE	1	0	1	query_below_minimum
broad_deg_pathway_ora_query_manifest_v1	344	Vasculature_cells::AD_vs_NCI__Female__e4::strict::AD_up_mito	Vasculature_cells::AD_vs_NCI__Female__e4	Vasculature_cells::AD_vs_NCI__Female__e4	Vasculature_cells	F_e4	Female	e4	strict	1	confirmatory_thresholded_companion	AD_up_mito	2	validated_complete	TRUE	0	0	0	empty_query
broad_deg_pathway_ora_query_manifest_v1	345	Vasculature_cells::AD_vs_NCI__Female__e4::strict::AD_down_mito	Vasculature_cells::AD_vs_NCI__Female__e4	Vasculature_cells::AD_vs_NCI__Female__e4	Vasculature_cells	F_e4	Female	e4	strict	1	confirmatory_thresholded_companion	AD_down_mito	3	validated_complete	TRUE	1	0	1	query_below_minimum
broad_deg_pathway_ora_query_manifest_v1	346	Vasculature_cells::AD_vs_NCI__Female__e4::relaxed::AD_any_mito	Vasculature_cells::AD_vs_NCI__Female__e4	Vasculature_cells::AD_vs_NCI__Female__e4	Vasculature_cells	F_e4	Female	e4	relaxed	2	prespecified_sensitivity	AD_any_mito	1	validated_complete	TRUE	1	0	1	query_below_minimum
broad_deg_pathway_ora_query_manifest_v1	347	Vasculature_cells::AD_vs_NCI__Female__e4::relaxed::AD_up_mito	Vasculature_cells::AD_vs_NCI__Female__e4	Vasculature_cells::AD_vs_NCI__Female__e4	Vasculature_cells	F_e4	Female	e4	relaxed	2	prespecified_sensitivity	AD_up_mito	2	validated_complete	TRUE	0	0	0	empty_query
broad_deg_pathway_ora_query_manifest_v1	348	Vasculature_cells::AD_vs_NCI__Female__e4::relaxed::AD_down_mito	Vasculature_cells::AD_vs_NCI__Female__e4	Vasculature_cells::AD_vs_NCI__Female__e4	Vasculature_cells	F_e4	Female	e4	relaxed	2	prespecified_sensitivity	AD_down_mito	3	validated_complete	TRUE	1	0	1	query_below_minimum
broad_deg_pathway_ora_query_manifest_v1	349	Vasculature_cells::AD_vs_NCI__Female__e4::exploratory::AD_any_mito	Vasculature_cells::AD_vs_NCI__Female__e4	Vasculature_cells::AD_vs_NCI__Female__e4	Vasculature_cells	F_e4	Female	e4	exploratory	3	hypothesis_generation_only	AD_any_mito	1	validated_complete	TRUE	1	0	1	query_below_minimum
broad_deg_pathway_ora_query_manifest_v1	350	Vasculature_cells::AD_vs_NCI__Female__e4::exploratory::AD_up_mito	Vasculature_cells::AD_vs_NCI__Female__e4	Vasculature_cells::AD_vs_NCI__Female__e4	Vasculature_cells	F_e4	Female	e4	exploratory	3	hypothesis_generation_only	AD_up_mito	2	validated_complete	TRUE	0	0	0	empty_query
broad_deg_pathway_ora_query_manifest_v1	351	Vasculature_cells::AD_vs_NCI__Female__e4::exploratory::AD_down_mito	Vasculature_cells::AD_vs_NCI__Female__e4	Vasculature_cells::AD_vs_NCI__Female__e4	Vasculature_cells	F_e4	Female	e4	exploratory	3	hypothesis_generation_only	AD_down_mito	3	validated_complete	TRUE	1	0	1	query_below_minimum
broad_deg_pathway_ora_query_manifest_v1	352	Vasculature_cells::AD_vs_NCI__Male__e2::strict::AD_any_mito	Vasculature_cells::AD_vs_NCI__Male__e2	Vasculature_cells::AD_vs_NCI__Male__e2	Vasculature_cells	M_e2	Male	e2	strict	1	confirmatory_thresholded_companion	AD_any_mito	1	contrast_not_estimable	FALSE	0	0	0	contrast_not_estimable
broad_deg_pathway_ora_query_manifest_v1	353	Vasculature_cells::AD_vs_NCI__Male__e2::strict::AD_up_mito	Vasculature_cells::AD_vs_NCI__Male__e2	Vasculature_cells::AD_vs_NCI__Male__e2	Vasculature_cells	M_e2	Male	e2	strict	1	confirmatory_thresholded_companion	AD_up_mito	2	contrast_not_estimable	FALSE	0	0	0	contrast_not_estimable
broad_deg_pathway_ora_query_manifest_v1	354	Vasculature_cells::AD_vs_NCI__Male__e2::strict::AD_down_mito	Vasculature_cells::AD_vs_NCI__Male__e2	Vasculature_cells::AD_vs_NCI__Male__e2	Vasculature_cells	M_e2	Male	e2	strict	1	confirmatory_thresholded_companion	AD_down_mito	3	contrast_not_estimable	FALSE	0	0	0	contrast_not_estimable
broad_deg_pathway_ora_query_manifest_v1	355	Vasculature_cells::AD_vs_NCI__Male__e2::relaxed::AD_any_mito	Vasculature_cells::AD_vs_NCI__Male__e2	Vasculature_cells::AD_vs_NCI__Male__e2	Vasculature_cells	M_e2	Male	e2	relaxed	2	prespecified_sensitivity	AD_any_mito	1	contrast_not_estimable	FALSE	0	0	0	contrast_not_estimable
broad_deg_pathway_ora_query_manifest_v1	356	Vasculature_cells::AD_vs_NCI__Male__e2::relaxed::AD_up_mito	Vasculature_cells::AD_vs_NCI__Male__e2	Vasculature_cells::AD_vs_NCI__Male__e2	Vasculature_cells	M_e2	Male	e2	relaxed	2	prespecified_sensitivity	AD_up_mito	2	contrast_not_estimable	FALSE	0	0	0	contrast_not_estimable
broad_deg_pathway_ora_query_manifest_v1	357	Vasculature_cells::AD_vs_NCI__Male__e2::relaxed::AD_down_mito	Vasculature_cells::AD_vs_NCI__Male__e2	Vasculature_cells::AD_vs_NCI__Male__e2	Vasculature_cells	M_e2	Male	e2	relaxed	2	prespecified_sensitivity	AD_down_mito	3	contrast_not_estimable	FALSE	0	0	0	contrast_not_estimable
broad_deg_pathway_ora_query_manifest_v1	358	Vasculature_cells::AD_vs_NCI__Male__e2::exploratory::AD_any_mito	Vasculature_cells::AD_vs_NCI__Male__e2	Vasculature_cells::AD_vs_NCI__Male__e2	Vasculature_cells	M_e2	Male	e2	exploratory	3	hypothesis_generation_only	AD_any_mito	1	contrast_not_estimable	FALSE	0	0	0	contrast_not_estimable
broad_deg_pathway_ora_query_manifest_v1	359	Vasculature_cells::AD_vs_NCI__Male__e2::exploratory::AD_up_mito	Vasculature_cells::AD_vs_NCI__Male__e2	Vasculature_cells::AD_vs_NCI__Male__e2	Vasculature_cells	M_e2	Male	e2	exploratory	3	hypothesis_generation_only	AD_up_mito	2	contrast_not_estimable	FALSE	0	0	0	contrast_not_estimable
broad_deg_pathway_ora_query_manifest_v1	360	Vasculature_cells::AD_vs_NCI__Male__e2::exploratory::AD_down_mito	Vasculature_cells::AD_vs_NCI__Male__e2	Vasculature_cells::AD_vs_NCI__Male__e2	Vasculature_cells	M_e2	Male	e2	exploratory	3	hypothesis_generation_only	AD_down_mito	3	contrast_not_estimable	FALSE	0	0	0	contrast_not_estimable
broad_deg_pathway_ora_query_manifest_v1	361	Vasculature_cells::AD_vs_NCI__Male__e33::strict::AD_any_mito	Vasculature_cells::AD_vs_NCI__Male__e33	Vasculature_cells::AD_vs_NCI__Male__e33	Vasculature_cells	M_e33	Male	e33	strict	1	confirmatory_thresholded_companion	AD_any_mito	1	validated_complete	TRUE	0	0	0	empty_query
broad_deg_pathway_ora_query_manifest_v1	362	Vasculature_cells::AD_vs_NCI__Male__e33::strict::AD_up_mito	Vasculature_cells::AD_vs_NCI__Male__e33	Vasculature_cells::AD_vs_NCI__Male__e33	Vasculature_cells	M_e33	Male	e33	strict	1	confirmatory_thresholded_companion	AD_up_mito	2	validated_complete	TRUE	0	0	0	empty_query
broad_deg_pathway_ora_query_manifest_v1	363	Vasculature_cells::AD_vs_NCI__Male__e33::strict::AD_down_mito	Vasculature_cells::AD_vs_NCI__Male__e33	Vasculature_cells::AD_vs_NCI__Male__e33	Vasculature_cells	M_e33	Male	e33	strict	1	confirmatory_thresholded_companion	AD_down_mito	3	validated_complete	TRUE	0	0	0	empty_query
broad_deg_pathway_ora_query_manifest_v1	364	Vasculature_cells::AD_vs_NCI__Male__e33::relaxed::AD_any_mito	Vasculature_cells::AD_vs_NCI__Male__e33	Vasculature_cells::AD_vs_NCI__Male__e33	Vasculature_cells	M_e33	Male	e33	relaxed	2	prespecified_sensitivity	AD_any_mito	1	validated_complete	TRUE	0	0	0	empty_query
broad_deg_pathway_ora_query_manifest_v1	365	Vasculature_cells::AD_vs_NCI__Male__e33::relaxed::AD_up_mito	Vasculature_cells::AD_vs_NCI__Male__e33	Vasculature_cells::AD_vs_NCI__Male__e33	Vasculature_cells	M_e33	Male	e33	relaxed	2	prespecified_sensitivity	AD_up_mito	2	validated_complete	TRUE	0	0	0	empty_query
broad_deg_pathway_ora_query_manifest_v1	366	Vasculature_cells::AD_vs_NCI__Male__e33::relaxed::AD_down_mito	Vasculature_cells::AD_vs_NCI__Male__e33	Vasculature_cells::AD_vs_NCI__Male__e33	Vasculature_cells	M_e33	Male	e33	relaxed	2	prespecified_sensitivity	AD_down_mito	3	validated_complete	TRUE	0	0	0	empty_query
broad_deg_pathway_ora_query_manifest_v1	367	Vasculature_cells::AD_vs_NCI__Male__e33::exploratory::AD_any_mito	Vasculature_cells::AD_vs_NCI__Male__e33	Vasculature_cells::AD_vs_NCI__Male__e33	Vasculature_cells	M_e33	Male	e33	exploratory	3	hypothesis_generation_only	AD_any_mito	1	validated_complete	TRUE	0	0	0	empty_query
broad_deg_pathway_ora_query_manifest_v1	368	Vasculature_cells::AD_vs_NCI__Male__e33::exploratory::AD_up_mito	Vasculature_cells::AD_vs_NCI__Male__e33	Vasculature_cells::AD_vs_NCI__Male__e33	Vasculature_cells	M_e33	Male	e33	exploratory	3	hypothesis_generation_only	AD_up_mito	2	validated_complete	TRUE	0	0	0	empty_query
broad_deg_pathway_ora_query_manifest_v1	369	Vasculature_cells::AD_vs_NCI__Male__e33::exploratory::AD_down_mito	Vasculature_cells::AD_vs_NCI__Male__e33	Vasculature_cells::AD_vs_NCI__Male__e33	Vasculature_cells	M_e33	Male	e33	exploratory	3	hypothesis_generation_only	AD_down_mito	3	validated_complete	TRUE	0	0	0	empty_query
broad_deg_pathway_ora_query_manifest_v1	370	Vasculature_cells::AD_vs_NCI__Male__e4::strict::AD_any_mito	Vasculature_cells::AD_vs_NCI__Male__e4	Vasculature_cells::AD_vs_NCI__Male__e4	Vasculature_cells	M_e4	Male	e4	strict	1	confirmatory_thresholded_companion	AD_any_mito	1	validated_complete	TRUE	0	0	0	empty_query
broad_deg_pathway_ora_query_manifest_v1	371	Vasculature_cells::AD_vs_NCI__Male__e4::strict::AD_up_mito	Vasculature_cells::AD_vs_NCI__Male__e4	Vasculature_cells::AD_vs_NCI__Male__e4	Vasculature_cells	M_e4	Male	e4	strict	1	confirmatory_thresholded_companion	AD_up_mito	2	validated_complete	TRUE	0	0	0	empty_query
broad_deg_pathway_ora_query_manifest_v1	372	Vasculature_cells::AD_vs_NCI__Male__e4::strict::AD_down_mito	Vasculature_cells::AD_vs_NCI__Male__e4	Vasculature_cells::AD_vs_NCI__Male__e4	Vasculature_cells	M_e4	Male	e4	strict	1	confirmatory_thresholded_companion	AD_down_mito	3	validated_complete	TRUE	0	0	0	empty_query
broad_deg_pathway_ora_query_manifest_v1	373	Vasculature_cells::AD_vs_NCI__Male__e4::relaxed::AD_any_mito	Vasculature_cells::AD_vs_NCI__Male__e4	Vasculature_cells::AD_vs_NCI__Male__e4	Vasculature_cells	M_e4	Male	e4	relaxed	2	prespecified_sensitivity	AD_any_mito	1	validated_complete	TRUE	0	0	0	empty_query
broad_deg_pathway_ora_query_manifest_v1	374	Vasculature_cells::AD_vs_NCI__Male__e4::relaxed::AD_up_mito	Vasculature_cells::AD_vs_NCI__Male__e4	Vasculature_cells::AD_vs_NCI__Male__e4	Vasculature_cells	M_e4	Male	e4	relaxed	2	prespecified_sensitivity	AD_up_mito	2	validated_complete	TRUE	0	0	0	empty_query
broad_deg_pathway_ora_query_manifest_v1	375	Vasculature_cells::AD_vs_NCI__Male__e4::relaxed::AD_down_mito	Vasculature_cells::AD_vs_NCI__Male__e4	Vasculature_cells::AD_vs_NCI__Male__e4	Vasculature_cells	M_e4	Male	e4	relaxed	2	prespecified_sensitivity	AD_down_mito	3	validated_complete	TRUE	0	0	0	empty_query
broad_deg_pathway_ora_query_manifest_v1	376	Vasculature_cells::AD_vs_NCI__Male__e4::exploratory::AD_any_mito	Vasculature_cells::AD_vs_NCI__Male__e4	Vasculature_cells::AD_vs_NCI__Male__e4	Vasculature_cells	M_e4	Male	e4	exploratory	3	hypothesis_generation_only	AD_any_mito	1	validated_complete	TRUE	0	0	0	empty_query
broad_deg_pathway_ora_query_manifest_v1	377	Vasculature_cells::AD_vs_NCI__Male__e4::exploratory::AD_up_mito	Vasculature_cells::AD_vs_NCI__Male__e4	Vasculature_cells::AD_vs_NCI__Male__e4	Vasculature_cells	M_e4	Male	e4	exploratory	3	hypothesis_generation_only	AD_up_mito	2	validated_complete	TRUE	0	0	0	empty_query
broad_deg_pathway_ora_query_manifest_v1	378	Vasculature_cells::AD_vs_NCI__Male__e4::exploratory::AD_down_mito	Vasculature_cells::AD_vs_NCI__Male__e4	Vasculature_cells::AD_vs_NCI__Male__e4	Vasculature_cells	M_e4	Male	e4	exploratory	3	hypothesis_generation_only	AD_down_mito	3	validated_complete	TRUE	0	0	0	empty_query
