schema_version	context_id	module_id	test_id	contrast_id	contrast_order	modifier	module_order	module_role	group_1	group_2	group_3	group_4	group_1_donors	group_2_donors	group_3_donors	group_4_donors	group_1_donors_threshold50	group_2_donors_threshold50	group_3_donors_threshold50	group_4_donors_threshold50	minimum_group_donors	coverage_fraction	admitted_genes	coverage_pass	design_rank	residual_df	eligibility_status	model_status	failure_reason	estimate	robust_se	ci_low	ci_high	t_statistic	p_value_score	pc1_estimate.x	pc1_robust_se	pc1_ci_low	pc1_ci_high	pc1_p_value	q_value_score	direction	p_value_camera	q_value_camera	camera_status	primary_estimate	bootstrap_planned	bootstrap_successful	bootstrap_median	bootstrap_ci_low	bootstrap_ci_high	bootstrap_same_direction_fraction	bootstrap_valid	loo_planned	loo_successful	loo_sign_reversals	loo_largest_change_donor	loo_largest_absolute_change	loo_minimum_estimate	loo_maximum_estimate	balance_planned	balance_successful	balance_same_direction_fraction	balance_valid	threshold50_estimate	threshold50_status	threshold50_agrees	pc1_estimate.y	pc1_status	pc1_agrees	qc_adjusted_estimate	qc_adjusted_same_direction	severe_qc_exclusion_estimate	severe_qc_exclusion_status	severe_qc_same_direction	omission_units	omission_successful	omission_sign_reversals	omission_fraction_retain_half_magnitude	most_influential_omission	stability_status	nci_mean_z_pc1_correlation	pc1_reliable	donor_count_confirmatory	module_coverage_pass	score_q_pass	effect_meets_sesoi	interval_excludes_zero	interval_inside_sesoi	camera_testable	camera_direction_compatible	camera_competitive_q_support	bootstrap_direction_pass	loo_pass	pc1_correlation_pass	pc1_sensitivity_pass	threshold50_sensitivity_pass	balance_direction_pass	omission_pass	severe_qc_exclusion_pass	all_non_donor_support_rules_pass	scientific_status	permitted_sentence	context_order	contrast_order_display	module_order_display	context_label	contrast_label	module_label	ci_width	display_estimate	display_clipped	display_ci_low	display_ci_high	ci_clipped_low	ci_clipped_high	panel_id	display_limit
phase13_direct_respiratory_forest_plot_v1	astrocytes	mtdna_oxphos_13	astrocytes::sex_F_minus_M__e2::mtdna_oxphos_13	sex_F_minus_M__e2	1	sex	1	direct_respiratory	AD__Female__e2	NCI__Female__e2	AD__Male__e2	NCI__Male__e2	7	17	7	6	7	16	6	5	6	1	13	TRUE	15	257	eligible	estimated		0.626425955190596	0.912495744292746	-1.17049487962434	2.42334679000553	0.686497399148009	0.493018413747409	0.646622850291767	0.900795957125549	-1.12725832493557	2.4205040255191	0.473511038467314	0.957817869647846	Up	0.482453167437743	0.944631415335757	estimated	0.626425955190596	1000	1000	0.575450705124702	-0.899275408334145	1.972677608601	0.784	TRUE	272	272	0	50102114	0.481404532501342	0.145021422689254	0.937532758587101	1000	1000	0.93	TRUE	0.289645851307359	estimated	FALSE	0.646622850291767	estimated	TRUE	0.208387039820772	TRUE	0.598179371599943	estimated	TRUE	13	13	0	1	gene:MT-ND4	evaluated	0.997351186690964	TRUE	FALSE	TRUE	FALSE	TRUE	FALSE	FALSE	TRUE	TRUE	FALSE	FALSE	TRUE	TRUE	TRUE	FALSE	TRUE	TRUE	TRUE	FALSE	inconclusive	NA	1	1	1	Astrocytes	F−M | ε2	mtDNA OXPHOS	3.59384166962987	0.626425955190596	FALSE	-1.17049487962434	2.42334679000553	FALSE	FALSE	module_1	3.25
phase13_direct_respiratory_forest_plot_v1	astrocytes	mtdna_oxphos_13	astrocytes::sex_F_minus_M__e33::mtdna_oxphos_13	sex_F_minus_M__e33	2	sex	1	direct_respiratory	AD__Female__e33	NCI__Female__e33	AD__Male__e33	NCI__Male__e33	37	45	28	53	37	44	25	50	28	1	13	TRUE	15	257	eligible	estimated		0.0841151879388021	0.346979891432875	-0.599170624709906	0.76740100058751	0.242420929903007	0.808647364114753	0.0695218572867258	0.351764450889184	-0.623185889246305	0.762229603819756	0.84348489642663	0.957817869647846	Up	0.655724976829787	0.944631415335757	estimated	0.0841151879388021	1000	1000	0.0889269198976209	-0.600306840419804	0.719047101374548	0.611	TRUE	272	272	0	10102206	0.108795690216635	0.0151411883696247	0.192910878155437	1000	1000	0.663	TRUE	0.263458304005396	estimated	TRUE	0.0695218572867258	estimated	TRUE	0.329589449754022	TRUE	0.133038620818376	estimated	TRUE	13	13	0	1	gene:MT-ND6	evaluated	0.997351186690964	TRUE	TRUE	TRUE	FALSE	FALSE	FALSE	FALSE	TRUE	TRUE	FALSE	FALSE	TRUE	TRUE	TRUE	TRUE	FALSE	TRUE	TRUE	FALSE	inconclusive	NA	1	2	1	Astrocytes	F−M | ε3/3	mtDNA OXPHOS	1.36657162529742	0.0841151879388021	FALSE	-0.599170624709906	0.76740100058751	FALSE	FALSE	module_1	3.25
phase13_direct_respiratory_forest_plot_v1	astrocytes	mtdna_oxphos_13	astrocytes::sex_F_minus_M__e4::mtdna_oxphos_13	sex_F_minus_M__e4	3	sex	1	direct_respiratory	AD__Female__e4	NCI__Female__e4	AD__Male__e4	NCI__Male__e4	26	11	25	10	25	11	24	9	10	1	13	TRUE	15	257	eligible	estimated		-0.374359408321094	0.538168462861564	-1.43414092467853	0.685422108036338	-0.695617514134032	0.487296921630284	-0.362977623148453	0.544667056471442	-1.43555641371524	0.709601167418336	0.505739765649078	0.957817869647846	Down	0.316805152473221	0.944631415335757	estimated	-0.374359408321094	1000	1000	-0.395819252138292	-1.31258471697701	0.630594264792369	0.771	TRUE	272	272	0	10100862	0.203028651559155	-0.525288292489977	-0.171330756761939	1000	1000	0.815	TRUE	-0.386330814165085	estimated	TRUE	-0.362977623148453	estimated	TRUE	-0.43866853276571	TRUE	-0.54951617764099	estimated	TRUE	13	13	0	1	gene:MT-ND2	evaluated	0.997351186690964	TRUE	TRUE	TRUE	FALSE	TRUE	FALSE	FALSE	TRUE	TRUE	FALSE	FALSE	TRUE	TRUE	TRUE	TRUE	TRUE	TRUE	TRUE	FALSE	inconclusive	NA	1	3	1	Astrocytes	F−M | ε4	mtDNA OXPHOS	2.11956303271487	-0.374359408321094	FALSE	-1.43414092467853	0.685422108036338	FALSE	FALSE	module_1	3.25
phase13_direct_respiratory_forest_plot_v1	astrocytes	mtdna_oxphos_13	astrocytes::apoe_e2_minus_e33__Female::mtdna_oxphos_13	apoe_e2_minus_e33__Female	4	apoe	1	direct_respiratory	AD__Female__e2	NCI__Female__e2	AD__Female__e33	NCI__Female__e33	7	17	37	45	7	16	37	44	7	1	13	TRUE	15	257	eligible	estimated		-0.462414060455081	0.575604354635141	-1.59591573859799	0.671087617687825	-0.803353999550946	0.422512524383104	-0.44000690769679	0.577937751564879	-1.57810359856733	0.698089783173753	0.44715227164438	0.957817869647846	Down	0.258817189570696	0.928715301675688	estimated	-0.462414060455081	1000	1000	-0.450376304097945	-1.52456573832039	0.545388980184961	0.805	TRUE	272	272	0	20532115	0.306892897953499	-0.674130318911081	-0.155521162501582	1000	1000	0.808	TRUE	-0.596400078434659	estimated	TRUE	-0.44000690769679	estimated	TRUE	-0.0854663680889142	TRUE	-0.316801456624079	estimated	TRUE	13	13	0	1	gene:MT-ND6	evaluated	0.997351186690964	TRUE	FALSE	TRUE	FALSE	TRUE	FALSE	FALSE	TRUE	TRUE	FALSE	TRUE	TRUE	TRUE	TRUE	TRUE	TRUE	TRUE	TRUE	FALSE	inconclusive	NA	1	4	1	Astrocytes	ε2−ε3/3 | F	mtDNA OXPHOS	2.26700335628581	-0.462414060455081	FALSE	-1.59591573859799	0.671087617687825	FALSE	FALSE	module_1	3.25
phase13_direct_respiratory_forest_plot_v1	astrocytes	mtdna_oxphos_13	astrocytes::apoe_e2_minus_e33__Male::mtdna_oxphos_13	apoe_e2_minus_e33__Male	5	apoe	1	direct_respiratory	AD__Male__e2	NCI__Male__e2	AD__Male__e33	NCI__Male__e33	7	6	28	53	6	5	25	50	6	1	13	TRUE	15	257	eligible	estimated		-1.00472482770688	0.791544795526414	-2.56346451900611	0.554014863592359	-1.26932150067222	0.205474685647946	-1.01710790070183	0.777149097295493	-2.54749904326027	0.513283241856608	0.191782034297751	0.957817869647846	Down	0.20639068535227	0.928715301675688	estimated	-1.00472482770688	1000	1000	-0.953572274900262	-2.30355874014691	0.255847690963545	0.936	TRUE	272	272	0	50102114	0.468211660514382	-1.28416111963837	-0.536513167192494	1000	1000	0.931	TRUE	-0.622587625736623	estimated	TRUE	-1.01710790070183	estimated	TRUE	0.0357360418443358	FALSE	-0.781942207405647	estimated	TRUE	13	13	0	1	gene:MT-ND5	evaluated	0.997351186690964	TRUE	FALSE	TRUE	FALSE	TRUE	FALSE	FALSE	TRUE	TRUE	FALSE	TRUE	TRUE	TRUE	TRUE	TRUE	TRUE	TRUE	TRUE	FALSE	inconclusive	NA	1	5	1	Astrocytes	ε2−ε3/3 | M	mtDNA OXPHOS	3.11747938259847	-1.00472482770688	FALSE	-2.56346451900611	0.554014863592359	FALSE	FALSE	module_1	3.25
phase13_direct_respiratory_forest_plot_v1	astrocytes	mtdna_oxphos_13	astrocytes::apoe_e4_minus_e33__Female::mtdna_oxphos_13	apoe_e4_minus_e33__Female	6	apoe	1	direct_respiratory	AD__Female__e4	NCI__Female__e4	AD__Female__e33	NCI__Female__e33	26	11	37	45	25	11	37	44	11	1	13	TRUE	15	257	eligible	estimated		-0.42606480904586	0.399383800001306	-1.21254636339672	0.360416745305004	-1.06680543638592	0.287060822184986	-0.424347622500509	0.404386848727451	-1.22068136799838	0.371986122997362	0.294997971913665	0.957817869647846	Down	0.220612484328388	0.928715301675688	estimated	-0.42606480904586	1000	1000	-0.447322433640702	-1.20851789279541	0.311200640060794	0.89	TRUE	272	272	0	20947550	0.150511644161012	-0.576576453206872	-0.32809476660876	1000	1000	0.843	TRUE	-0.526185296396714	estimated	TRUE	-0.424347622500509	estimated	TRUE	-0.454960351550285	TRUE	-0.614606557031167	estimated	TRUE	13	13	0	1	gene:MT-ATP6	evaluated	0.997351186690964	TRUE	TRUE	TRUE	FALSE	TRUE	FALSE	FALSE	TRUE	TRUE	FALSE	TRUE	TRUE	TRUE	TRUE	TRUE	TRUE	TRUE	TRUE	FALSE	inconclusive	NA	1	6	1	Astrocytes	ε4−ε3/3 | F	mtDNA OXPHOS	1.57296310870172	-0.42606480904586	FALSE	-1.21254636339672	0.360416745305004	FALSE	FALSE	module_1	3.25
phase13_direct_respiratory_forest_plot_v1	astrocytes	mtdna_oxphos_13	astrocytes::apoe_e4_minus_e33__Male::mtdna_oxphos_13	apoe_e4_minus_e33__Male	7	apoe	1	direct_respiratory	AD__Male__e4	NCI__Male__e4	AD__Male__e33	NCI__Male__e33	25	10	28	53	24	9	25	50	10	1	13	TRUE	15	257	eligible	estimated		0.0324097872140365	0.49808914953428	-0.94844604251601	1.01326561694408	0.0650682458036682	0.948170247648625	0.00815185793466927	0.504815599460927	-0.98594994920747	1.00225366507681	0.987128697860257	0.963841583731187	Up	0.745886647854029	0.944631415335757	estimated	0.0324097872140365	1000	1000	-0.0103329112006063	-0.925466637523437	1.00050672719182	0.492	TRUE	272	272	19	10100862	0.206326094067105	-0.173916306853068	0.181120437627254	1000	1000	0.54	TRUE	0.123603821773767	estimated	TRUE	0.00815185793466927	estimated	FALSE	0.313297630969447	TRUE	0.0679482414281986	estimated	TRUE	13	13	0	0.846153846153846	gene:MT-ND6	evaluated	0.997351186690964	TRUE	TRUE	TRUE	FALSE	FALSE	FALSE	FALSE	TRUE	TRUE	FALSE	FALSE	FALSE	TRUE	FALSE	TRUE	FALSE	TRUE	TRUE	FALSE	inconclusive	NA	1	7	1	Astrocytes	ε4−ε3/3 | M	mtDNA OXPHOS	1.96171165946009	0.0324097872140365	FALSE	-0.94844604251601	1.01326561694408	FALSE	FALSE	module_1	3.25
phase13_direct_respiratory_forest_plot_v1	excitatory_neurons	mtdna_oxphos_13	excitatory_neurons::sex_F_minus_M__e2::mtdna_oxphos_13	sex_F_minus_M__e2	1	sex	1	direct_respiratory	AD__Female__e2	NCI__Female__e2	AD__Male__e2	NCI__Male__e2	8	17	7	6	8	17	7	6	6	1	13	TRUE	15	260	eligible	estimated		0.715711532311683	0.792983666260395	-0.84577639709621	2.27719946171958	0.902555201025619	0.367597394839206	0.701464772197726	0.788845616737398	-0.851874799739044	2.2548043441345	0.374701748423605	0.957817869647846	Up	0.3407586876243	0.944631415335757	estimated	0.715711532311683	1000	1000	0.69474858226299	-0.505576995316665	1.92485369315642	0.85	TRUE	275	275	0	50102114	0.351067888745288	0.364643643566394	1.0368583256132	1000	1000	0.974	TRUE	0.68496566184906	estimated	TRUE	0.701464772197726	estimated	TRUE	0.227344988319269	TRUE	0.69960474026333	estimated	TRUE	13	13	0	1	gene:MT-ATP8	evaluated	0.997140688491182	TRUE	FALSE	TRUE	FALSE	TRUE	FALSE	FALSE	TRUE	TRUE	FALSE	TRUE	TRUE	TRUE	TRUE	TRUE	TRUE	TRUE	TRUE	FALSE	inconclusive	NA	2	1	1	Excitatory neurons	F−M | ε2	mtDNA OXPHOS	3.12297585881579	0.715711532311683	FALSE	-0.84577639709621	2.27719946171958	FALSE	FALSE	module_1	3.25
phase13_direct_respiratory_forest_plot_v1	excitatory_neurons	mtdna_oxphos_13	excitatory_neurons::sex_F_minus_M__e33::mtdna_oxphos_13	sex_F_minus_M__e33	2	sex	1	direct_respiratory	AD__Female__e33	NCI__Female__e33	AD__Male__e33	NCI__Male__e33	37	45	28	53	37	45	28	53	28	1	13	TRUE	15	260	eligible	estimated		0.299660756154623	0.32347521421956	-0.337303993508472	0.936625505817717	0.926379342162602	0.355107961033229	0.292908519800647	0.326790032834571	-0.350583538652964	0.936400578254257	0.370910878541618	0.957817869647846	Up	0.392105938360907	0.944631415335757	estimated	0.299660756154623	1000	1000	0.291457724643999	-0.348782246263676	0.907813793840319	0.79	TRUE	275	275	0	83984043	0.0794183065744182	0.223584386681797	0.379079062729041	1000	1000	0.937	TRUE	0.300681527359615	estimated	TRUE	0.292908519800647	estimated	TRUE	0.075182433944301	TRUE	0.273957669946259	estimated	TRUE	13	13	0	1	gene:MT-ATP8	evaluated	0.997140688491182	TRUE	TRUE	TRUE	FALSE	TRUE	FALSE	FALSE	TRUE	TRUE	FALSE	FALSE	TRUE	TRUE	TRUE	TRUE	TRUE	TRUE	TRUE	FALSE	inconclusive	NA	2	2	1	Excitatory neurons	F−M | ε3/3	mtDNA OXPHOS	1.27392949932619	0.299660756154623	FALSE	-0.337303993508472	0.936625505817717	FALSE	FALSE	module_1	3.25
phase13_direct_respiratory_forest_plot_v1	excitatory_neurons	mtdna_oxphos_13	excitatory_neurons::sex_F_minus_M__e4::mtdna_oxphos_13	sex_F_minus_M__e4	3	sex	1	direct_respiratory	AD__Female__e4	NCI__Female__e4	AD__Male__e4	NCI__Male__e4	26	11	27	10	25	11	27	10	10	1	13	TRUE	15	260	eligible	estimated		-0.336493086121122	0.51947300935988	-1.35940297478746	0.686416802545217	-0.647758555417086	0.517712695438018	-0.304506320431902	0.538575182541119	-1.3650308714388	0.756018230574997	0.572294448675914	0.957817869647846	Down	0.286052151141212	0.928715301675688	estimated	-0.336493086121122	1000	1000	-0.359278055207686	-1.36085051882223	0.61822272099115	0.762	TRUE	275	275	0	10100862	0.236299051480685	-0.494000670459592	-0.100194034640437	1000	1000	0.845	TRUE	-0.391331432124721	estimated	TRUE	-0.304506320431902	estimated	TRUE	-0.279348434190749	TRUE	-0.391042099392674	estimated	TRUE	13	13	0	1	gene:MT-ND6	evaluated	0.997140688491182	TRUE	TRUE	TRUE	FALSE	TRUE	FALSE	FALSE	TRUE	TRUE	FALSE	FALSE	TRUE	TRUE	TRUE	TRUE	TRUE	TRUE	TRUE	FALSE	inconclusive	NA	2	3	1	Excitatory neurons	F−M | ε4	mtDNA OXPHOS	2.04581977733268	-0.336493086121122	FALSE	-1.35940297478746	0.686416802545217	FALSE	FALSE	module_1	3.25
phase13_direct_respiratory_forest_plot_v1	excitatory_neurons	mtdna_oxphos_13	excitatory_neurons::apoe_e2_minus_e33__Female::mtdna_oxphos_13	apoe_e2_minus_e33__Female	4	apoe	1	direct_respiratory	AD__Female__e2	NCI__Female__e2	AD__Female__e33	NCI__Female__e33	8	17	37	45	8	17	37	45	8	1	13	TRUE	15	260	eligible	estimated		-0.365456631410531	0.394571738233436	-1.14241967964397	0.411506416822904	-0.926210866106989	0.355195325482813	-0.35858853504012	0.392268370328323	-1.13101595242282	0.413838882342581	0.361489801080037	0.957817869647846	Down	0.287474726103966	0.928715301675688	estimated	-0.365456631410531	1000	1000	-0.358389985414479	-1.03626937530443	0.367420293760215	0.823	TRUE	275	275	0	9650662	0.141500753866797	-0.506190147999608	-0.223955877543733	1000	1000	0.777	TRUE	-0.369973650979322	estimated	TRUE	-0.35858853504012	estimated	TRUE	0.0226957368568403	FALSE	-0.379079486789354	estimated	TRUE	13	13	0	1	gene:MT-ATP6	evaluated	0.997140688491182	TRUE	FALSE	TRUE	FALSE	TRUE	FALSE	FALSE	TRUE	TRUE	FALSE	TRUE	TRUE	TRUE	TRUE	TRUE	FALSE	TRUE	TRUE	FALSE	inconclusive	NA	2	4	1	Excitatory neurons	ε2−ε3/3 | F	mtDNA OXPHOS	1.55392609646687	-0.365456631410531	FALSE	-1.14241967964397	0.411506416822904	FALSE	FALSE	module_1	3.25
phase13_direct_respiratory_forest_plot_v1	excitatory_neurons	mtdna_oxphos_13	excitatory_neurons::apoe_e2_minus_e33__Male::mtdna_oxphos_13	apoe_e2_minus_e33__Male	5	apoe	1	direct_respiratory	AD__Male__e2	NCI__Male__e2	AD__Male__e33	NCI__Male__e33	7	6	28	53	7	6	28	53	6	1	13	TRUE	15	260	eligible	estimated		-0.781507407567591	0.766867596316583	-2.29156940007927	0.728554584944091	-1.01909040272574	0.309107375794444	-0.767144787437199	0.764411455201187	-2.27237031878607	0.738080743911669	0.316516233323553	0.957817869647846	Down	0.242468536308491	0.928715301675688	estimated	-0.781507407567591	1000	1000	-0.748545842756788	-2.02731090860753	0.408653743708795	0.882	TRUE	275	275	0	50102114	0.348101169544674	-1.09981127476835	-0.433406238022917	1000	1000	0.92	TRUE	-0.754257785468766	estimated	TRUE	-0.767144787437199	estimated	TRUE	-0.129466817518128	TRUE	-0.804726557106425	estimated	TRUE	13	13	0	1	gene:MT-ATP8	evaluated	0.997140688491182	TRUE	FALSE	TRUE	FALSE	TRUE	FALSE	FALSE	TRUE	TRUE	FALSE	TRUE	TRUE	TRUE	TRUE	TRUE	TRUE	TRUE	TRUE	FALSE	inconclusive	NA	2	5	1	Excitatory neurons	ε2−ε3/3 | M	mtDNA OXPHOS	3.02012398502336	-0.781507407567591	FALSE	-2.29156940007927	0.728554584944091	FALSE	FALSE	module_1	3.25
phase13_direct_respiratory_forest_plot_v1	excitatory_neurons	mtdna_oxphos_13	excitatory_neurons::apoe_e4_minus_e33__Female::mtdna_oxphos_13	apoe_e4_minus_e33__Female	6	apoe	1	direct_respiratory	AD__Female__e4	NCI__Female__e4	AD__Female__e33	NCI__Female__e33	26	11	37	45	25	11	37	45	11	1	13	TRUE	15	260	eligible	estimated		-0.555262742593462	0.369807620600639	-1.28346202378941	0.172936538602492	-1.50149080673786	0.134442121765228	-0.550620418692246	0.380487301257382	-1.2998493794957	0.198608542111205	0.149060819681923	0.957817869647846	Down	0.09206556710506	0.756043206083282	estimated	-0.555262742593462	1000	1000	-0.54607787854582	-1.25713984533564	0.110409897306829	0.94	TRUE	275	275	0	83034844	0.136367965826736	-0.691630708420198	-0.468677805326585	1000	1000	0.929	TRUE	-0.608306723280942	estimated	TRUE	-0.550620418692246	estimated	TRUE	-0.236169096653639	TRUE	-0.625474632980781	estimated	TRUE	13	13	0	1	gene:MT-ATP8	evaluated	0.997140688491182	TRUE	TRUE	TRUE	FALSE	TRUE	FALSE	FALSE	TRUE	TRUE	FALSE	TRUE	TRUE	TRUE	TRUE	TRUE	TRUE	TRUE	TRUE	FALSE	inconclusive	NA	2	6	1	Excitatory neurons	ε4−ε3/3 | F	mtDNA OXPHOS	1.4563985623919	-0.555262742593462	FALSE	-1.28346202378941	0.172936538602492	FALSE	FALSE	module_1	3.25
phase13_direct_respiratory_forest_plot_v1	excitatory_neurons	mtdna_oxphos_13	excitatory_neurons::apoe_e4_minus_e33__Male::mtdna_oxphos_13	apoe_e4_minus_e33__Male	7	apoe	1	direct_respiratory	AD__Male__e4	NCI__Male__e4	AD__Male__e33	NCI__Male__e33	27	10	28	53	27	10	28	53	10	1	13	TRUE	15	260	eligible	estimated		0.0808910996822834	0.485834919522252	-0.875781017029059	1.03756321639363	0.166499146997972	0.867893562267483	0.0467944215403031	0.501263388505078	-0.940258356351033	1.03384719943164	0.925695054144935	0.957817869647846	Up	0.871551357066086	0.970903271611309	estimated	0.0808910996822834	1000	1000	0.0612697563122113	-0.733842451057323	1.03262789497544	0.549	TRUE	275	275	2	10100862	0.241460345046747	-0.160569245364464	0.237498687732568	1000	1000	0.575	TRUE	0.0837062362033949	estimated	TRUE	0.0467944215403031	estimated	TRUE	0.11836177148141	TRUE	0.0395251363581525	estimated	TRUE	13	13	0	0.923076923076923	gene:MT-ND6	evaluated	0.997140688491182	TRUE	TRUE	TRUE	FALSE	FALSE	FALSE	FALSE	TRUE	TRUE	FALSE	FALSE	FALSE	TRUE	TRUE	TRUE	FALSE	TRUE	TRUE	FALSE	inconclusive	NA	2	7	1	Excitatory neurons	ε4−ε3/3 | M	mtDNA OXPHOS	1.91334423342269	0.0808910996822834	FALSE	-0.875781017029059	1.03756321639363	FALSE	FALSE	module_1	3.25
phase13_direct_respiratory_forest_plot_v1	inhibitory_neurons	mtdna_oxphos_13	inhibitory_neurons::sex_F_minus_M__e2::mtdna_oxphos_13	sex_F_minus_M__e2	1	sex	1	direct_respiratory	AD__Female__e2	NCI__Female__e2	AD__Male__e2	NCI__Male__e2	8	16	7	6	8	16	7	6	6	1	13	TRUE	15	258	eligible	estimated		0.174453010765047	0.832381876486722	-1.46467453428858	1.81358055581868	0.209582903824589	0.834158621624151	0.211748121780223	0.817952639935197	-1.39896535065385	1.82246159421429	0.795937509950485	0.957817869647846	Up	0.820137631365063	0.970903271611309	estimated	0.174453010765047	1000	1000	0.194038185514501	-1.15265729615129	1.72586983178354	0.612	TRUE	273	273	4	66406040	0.33871308375131	-0.164260072986263	0.478158990581415	1000	1000	0.687	TRUE	0.167692238629874	estimated	TRUE	0.211748121780223	estimated	TRUE	-0.00691987358578983	FALSE	0.174453010765047	estimated	TRUE	13	13	0	1	gene:MT-ND2	evaluated	0.996806504675456	TRUE	FALSE	TRUE	FALSE	FALSE	FALSE	FALSE	TRUE	TRUE	FALSE	FALSE	FALSE	TRUE	TRUE	TRUE	FALSE	TRUE	TRUE	FALSE	inconclusive	NA	3	1	1	Inhibitory neurons	F−M | ε2	mtDNA OXPHOS	3.27825509010726	0.174453010765047	FALSE	-1.46467453428858	1.81358055581868	FALSE	FALSE	module_1	3.25
phase13_direct_respiratory_forest_plot_v1	inhibitory_neurons	mtdna_oxphos_13	inhibitory_neurons::sex_F_minus_M__e33::mtdna_oxphos_13	sex_F_minus_M__e33	2	sex	1	direct_respiratory	AD__Female__e33	NCI__Female__e33	AD__Male__e33	NCI__Male__e33	37	45	27	53	37	45	27	51	27	1	13	TRUE	15	258	eligible	estimated		0.20759030836546	0.337729280377612	-0.457466658725912	0.872647275456833	0.614664823059924	0.539317791322078	0.232410508661567	0.341784834581768	-0.440632661390576	0.905453678713709	0.497120036453114	0.957817869647846	Up	0.516718931289363	0.944631415335757	estimated	0.20759030836546	1000	1000	0.229490323036682	-0.395824489939289	0.811691131996164	0.762	TRUE	273	273	0	11371707	0.0833474786293716	0.124242829736089	0.281894614587562	1000	1000	0.831	TRUE	0.184069708213151	estimated	TRUE	0.232410508661567	estimated	TRUE	0.106920597734526	TRUE	0.20759030836546	estimated	TRUE	13	13	0	1	gene:MT-ND6	evaluated	0.996806504675456	TRUE	TRUE	TRUE	FALSE	FALSE	FALSE	FALSE	TRUE	TRUE	FALSE	FALSE	TRUE	TRUE	TRUE	TRUE	TRUE	TRUE	TRUE	FALSE	inconclusive	NA	3	2	1	Inhibitory neurons	F−M | ε3/3	mtDNA OXPHOS	1.33011393418275	0.20759030836546	FALSE	-0.457466658725912	0.872647275456833	FALSE	FALSE	module_1	3.25
phase13_direct_respiratory_forest_plot_v1	inhibitory_neurons	mtdna_oxphos_13	inhibitory_neurons::sex_F_minus_M__e4::mtdna_oxphos_13	sex_F_minus_M__e4	3	sex	1	direct_respiratory	AD__Female__e4	NCI__Female__e4	AD__Male__e4	NCI__Male__e4	26	11	27	10	24	11	26	10	10	1	13	TRUE	15	258	eligible	estimated		-0.0784551307392182	0.508254497345534	-1.07931059147166	0.922400329993223	-0.154361901663373	0.877445072448149	-0.0587885359149551	0.524122119938775	-1.09089054105424	0.973313469224334	0.910779225421052	0.957817869647846	Down	0.627134245089929	0.944631415335757	estimated	-0.0784551307392182	1000	1000	-0.107054806009035	-1.10974592158815	0.887263198331606	0.584	TRUE	273	273	4	11681508	0.214319474170195	-0.241550904441923	0.135864343430977	1000	1000	0.586	TRUE	-0.213669875355983	estimated	TRUE	-0.0587885359149551	estimated	TRUE	-0.270976226133704	TRUE	-0.0784551307392182	estimated	TRUE	13	13	0	1	gene:MT-ATP6	evaluated	0.996806504675456	TRUE	TRUE	TRUE	FALSE	FALSE	FALSE	FALSE	TRUE	TRUE	FALSE	FALSE	FALSE	TRUE	TRUE	TRUE	FALSE	TRUE	TRUE	FALSE	inconclusive	NA	3	3	1	Inhibitory neurons	F−M | ε4	mtDNA OXPHOS	2.00171092146488	-0.0784551307392182	FALSE	-1.07931059147166	0.922400329993223	FALSE	FALSE	module_1	3.25
phase13_direct_respiratory_forest_plot_v1	inhibitory_neurons	mtdna_oxphos_13	inhibitory_neurons::apoe_e2_minus_e33__Female::mtdna_oxphos_13	apoe_e2_minus_e33__Female	4	apoe	1	direct_respiratory	AD__Female__e2	NCI__Female__e2	AD__Female__e33	NCI__Female__e33	8	16	37	45	8	16	37	45	8	1	13	TRUE	15	258	eligible	estimated		-0.511182105733775	0.516607995397515	-1.52848728641008	0.506123074942529	-0.989497085387607	0.323347071407726	-0.490564864394744	0.514546010021524	-1.50380958061025	0.522679851820766	0.341283058866713	0.957817869647846	Down	0.250657995957176	0.928715301675688	estimated	-0.511182105733775	1000	1000	-0.493155343362887	-1.37218444593185	0.436215167582052	0.867	TRUE	273	273	0	9650662	0.310830450475297	-0.708028447549758	-0.200351655258478	1000	1000	0.864	TRUE	-0.509586999444236	estimated	TRUE	-0.490564864394744	estimated	TRUE	-0.0762265719434041	TRUE	-0.511182105733775	estimated	TRUE	13	13	0	1	gene:MT-ATP8	evaluated	0.996806504675456	TRUE	FALSE	TRUE	FALSE	TRUE	FALSE	FALSE	TRUE	TRUE	FALSE	TRUE	TRUE	TRUE	TRUE	TRUE	TRUE	TRUE	TRUE	FALSE	inconclusive	NA	3	4	1	Inhibitory neurons	ε2−ε3/3 | F	mtDNA OXPHOS	2.03461036135261	-0.511182105733775	FALSE	-1.52848728641008	0.506123074942529	FALSE	FALSE	module_1	3.25
phase13_direct_respiratory_forest_plot_v1	inhibitory_neurons	mtdna_oxphos_13	inhibitory_neurons::apoe_e2_minus_e33__Male::mtdna_oxphos_13	apoe_e2_minus_e33__Male	5	apoe	1	direct_respiratory	AD__Male__e2	NCI__Male__e2	AD__Male__e33	NCI__Male__e33	7	6	27	53	7	6	27	51	6	1	13	TRUE	15	258	eligible	estimated		-0.478044808133362	0.743716721708475	-1.94257280748703	0.986483191220301	-0.64277808227196	0.520938922090583	-0.4699024775134	0.73068357840623	-1.9087655930093	0.968960637982496	0.520730481296176	0.957817869647846	Down	0.5798610022662	0.944631415335757	estimated	-0.478044808133362	1000	1000	-0.474968823332823	-1.73308283388649	0.851226637031518	0.785	TRUE	273	273	0	66406040	0.333434578055525	-0.777075038208792	-0.144610230077837	1000	1000	0.787	TRUE	-0.493209529860959	estimated	TRUE	-0.4699024775134	estimated	TRUE	0.0376138993769122	FALSE	-0.478044808133362	estimated	TRUE	13	13	0	1	gene:MT-ATP8	evaluated	0.996806504675456	TRUE	FALSE	TRUE	FALSE	TRUE	FALSE	FALSE	TRUE	TRUE	FALSE	FALSE	TRUE	TRUE	TRUE	TRUE	FALSE	TRUE	TRUE	FALSE	inconclusive	NA	3	5	1	Inhibitory neurons	ε2−ε3/3 | M	mtDNA OXPHOS	2.92905599870733	-0.478044808133362	FALSE	-1.94257280748703	0.986483191220301	FALSE	FALSE	module_1	3.25
phase13_direct_respiratory_forest_plot_v1	inhibitory_neurons	mtdna_oxphos_13	inhibitory_neurons::apoe_e4_minus_e33__Female::mtdna_oxphos_13	apoe_e4_minus_e33__Female	6	apoe	1	direct_respiratory	AD__Female__e4	NCI__Female__e4	AD__Female__e33	NCI__Female__e33	26	11	37	45	24	11	37	45	11	1	13	TRUE	15	258	eligible	estimated		-0.483595448756469	0.383882786317455	-1.23953796372413	0.272347066211197	-1.25974767817944	0.20889875992033	-0.490137705679074	0.389836545625547	-1.25780437172954	0.277528960371389	0.209785469654776	0.957817869647846	Down	0.151740041627175	0.881071209448111	estimated	-0.483595448756469	1000	1000	-0.522956210056763	-1.2050836599327	0.226313828437947	0.917	TRUE	273	273	0	20963578	0.105439370862215	-0.589034819618684	-0.380843939004547	1000	1000	0.863	TRUE	-0.560732351232486	estimated	TRUE	-0.490137705679074	estimated	TRUE	-0.238635320343517	TRUE	-0.483595448756469	estimated	TRUE	13	13	0	1	gene:MT-ATP8	evaluated	0.996806504675456	TRUE	TRUE	TRUE	FALSE	TRUE	FALSE	FALSE	TRUE	TRUE	FALSE	TRUE	TRUE	TRUE	TRUE	TRUE	TRUE	TRUE	TRUE	FALSE	inconclusive	NA	3	6	1	Inhibitory neurons	ε4−ε3/3 | F	mtDNA OXPHOS	1.51188502993533	-0.483595448756469	FALSE	-1.23953796372413	0.272347066211197	FALSE	FALSE	module_1	3.25
phase13_direct_respiratory_forest_plot_v1	inhibitory_neurons	mtdna_oxphos_13	inhibitory_neurons::apoe_e4_minus_e33__Male::mtdna_oxphos_13	apoe_e4_minus_e33__Male	7	apoe	1	direct_respiratory	AD__Male__e4	NCI__Male__e4	AD__Male__e33	NCI__Male__e33	27	10	27	53	26	10	27	51	10	1	13	TRUE	15	258	eligible	estimated		-0.19755000965179	0.469905563127809	-1.12288869596209	0.727788676658514	-0.420403640971705	0.674540541132495	-0.198938661102552	0.486138673866103	-1.15624361158159	0.75836628937649	0.68271623212891	0.957817869647846	Down	0.693296028563756	0.944631415335757	estimated	-0.19755000965179	1000	1000	-0.183891898724757	-1.06083179756883	0.766730109395535	0.647	TRUE	273	273	0	11681508	0.214362728037052	-0.411912737688842	-0.0353938294639679	1000	1000	0.65	TRUE	-0.162992767663352	estimated	TRUE	-0.198938661102552	estimated	TRUE	0.139261503524714	FALSE	-0.19755000965179	estimated	TRUE	13	13	0	1	gene:MT-ATP8	evaluated	0.996806504675456	TRUE	TRUE	TRUE	FALSE	FALSE	FALSE	FALSE	TRUE	TRUE	FALSE	FALSE	TRUE	TRUE	TRUE	TRUE	FALSE	TRUE	TRUE	FALSE	inconclusive	NA	3	7	1	Inhibitory neurons	ε4−ε3/3 | M	mtDNA OXPHOS	1.8506773726206	-0.19755000965179	FALSE	-1.12288869596209	0.727788676658514	FALSE	FALSE	module_1	3.25
phase13_direct_respiratory_forest_plot_v1	immune_cells	mtdna_oxphos_13	immune_cells::sex_F_minus_M__e2::mtdna_oxphos_13	sex_F_minus_M__e2	1	sex	1	direct_respiratory	AD__Female__e2	NCI__Female__e2	AD__Male__e2	NCI__Male__e2	7	14	7	5	6	12	5	4	5	1	13	TRUE	15	249	eligible	estimated		0.542046576448688	0.800149245805815	-1.03387686278049	2.11797001567786	0.677431840734666	0.498760929286982	0.6745527671733	0.777389761089171	-0.856545027817945	2.20565056216455	0.386385839197469	0.957817869647846	Up	0.519929913884506	0.944631415335757	estimated	0.542046576448688	1000	1000	0.568152931647402	-0.832442322695841	1.91667731250806	0.791	TRUE	264	264	0	50400835	0.47070611512707	0.181388524856855	1.01275269157576	1000	1000	0.84	TRUE	NA	not_testable_threshold50	FALSE	0.6745527671733	estimated	TRUE	0.299678799534503	TRUE	0.522573893136989	estimated	TRUE	13	13	0	1	gene:MT-ND6	evaluated	0.993640148953465	TRUE	FALSE	TRUE	FALSE	TRUE	FALSE	FALSE	TRUE	TRUE	FALSE	FALSE	TRUE	TRUE	TRUE	FALSE	TRUE	TRUE	TRUE	FALSE	inconclusive	NA	4	1	1	Immune cells	F−M | ε2	mtDNA OXPHOS	3.15184687845835	0.542046576448688	FALSE	-1.03387686278049	2.11797001567786	FALSE	FALSE	module_1	3.25
phase13_direct_respiratory_forest_plot_v1	immune_cells	mtdna_oxphos_13	immune_cells::sex_F_minus_M__e33::mtdna_oxphos_13	sex_F_minus_M__e33	2	sex	1	direct_respiratory	AD__Female__e33	NCI__Female__e33	AD__Male__e33	NCI__Male__e33	37	45	25	51	32	42	24	48	25	1	13	TRUE	15	249	eligible	estimated		0.182848470565844	0.373081318317747	-0.551948940488824	0.917645881620513	0.490103528609586	0.624492193483229	0.148884383633705	0.373504766340166	-0.586747023912647	0.884515791180056	0.690518944409959	0.957817869647846	Up	0.650048351159128	0.944631415335757	estimated	0.182848470565844	1000	1000	0.163162991319199	-0.539511616407239	0.930400045869909	0.674	TRUE	264	264	0	11444465	0.155503509224002	0.0273449613418418	0.276485773494723	1000	1000	0.812	TRUE	-0.0132999071644627	estimated	FALSE	0.148884383633705	estimated	TRUE	0.0938174188972356	TRUE	0.119060234314087	estimated	TRUE	13	13	0	1	gene:MT-ND6	evaluated	0.993640148953465	TRUE	TRUE	TRUE	FALSE	FALSE	FALSE	FALSE	TRUE	TRUE	FALSE	FALSE	TRUE	TRUE	TRUE	FALSE	TRUE	TRUE	TRUE	FALSE	inconclusive	NA	4	2	1	Immune cells	F−M | ε3/3	mtDNA OXPHOS	1.46959482210934	0.182848470565844	FALSE	-0.551948940488824	0.917645881620513	FALSE	FALSE	module_1	3.25
phase13_direct_respiratory_forest_plot_v1	immune_cells	mtdna_oxphos_13	immune_cells::sex_F_minus_M__e4::mtdna_oxphos_13	sex_F_minus_M__e4	3	sex	1	direct_respiratory	AD__Female__e4	NCI__Female__e4	AD__Male__e4	NCI__Male__e4	26	11	26	10	26	11	23	9	10	1	13	TRUE	15	249	eligible	estimated		0.359848869609836	0.681730473240388	-0.982844431231013	1.70254217045068	0.527846243837992	0.598076114640305	0.427956367463109	0.694623415762256	-0.940130059006925	1.79604279393314	0.538392379004435	0.957817869647846	Up	0.887095639396989	0.970903271611309	estimated	0.359848869609836	1000	1000	0.350232956394337	-1.00406035842597	1.58217562288276	0.7	TRUE	264	264	0	10202345	0.313604171981147	0.0462446976286885	0.595801582608976	1000	1000	0.753	TRUE	0.363675532591252	estimated	TRUE	0.427956367463109	estimated	TRUE	-0.430269595746721	FALSE	0.0644030917191657	estimated	TRUE	13	13	0	1	gene:MT-ATP8	evaluated	0.993640148953465	TRUE	TRUE	TRUE	FALSE	TRUE	FALSE	FALSE	TRUE	TRUE	FALSE	FALSE	TRUE	TRUE	TRUE	TRUE	FALSE	TRUE	TRUE	FALSE	inconclusive	NA	4	3	1	Immune cells	F−M | ε4	mtDNA OXPHOS	2.68538660168169	0.359848869609836	FALSE	-0.982844431231013	1.70254217045068	FALSE	FALSE	module_1	3.25
phase13_direct_respiratory_forest_plot_v1	immune_cells	mtdna_oxphos_13	immune_cells::apoe_e2_minus_e33__Female::mtdna_oxphos_13	apoe_e2_minus_e33__Female	4	apoe	1	direct_respiratory	AD__Female__e2	NCI__Female__e2	AD__Female__e33	NCI__Female__e33	7	14	37	45	6	12	32	42	7	1	13	TRUE	15	249	eligible	estimated		-0.563854252126343	0.519375868908329	-1.58678417410404	0.459075669851352	-1.08563813969929	0.278689037889157	-0.454642105607175	0.523258544947107	-1.48521910118835	0.575934889973996	0.385756557045198	0.957817869647846	Down	0.281385170576808	0.928715301675688	estimated	-0.563854252126343	1000	1000	-0.574258989722156	-1.46708753834723	0.42036047066458	0.893	TRUE	264	264	0	20730959	0.255540602417806	-0.819394854544149	-0.340422212939821	1000	1000	0.84	TRUE	-0.622395211246204	estimated	TRUE	-0.454642105607175	estimated	TRUE	0.130150316183064	FALSE	-0.451521206018338	estimated	TRUE	13	13	0	1	gene:MT-ND6	evaluated	0.993640148953465	TRUE	FALSE	TRUE	FALSE	TRUE	FALSE	FALSE	TRUE	TRUE	FALSE	TRUE	TRUE	TRUE	TRUE	TRUE	TRUE	TRUE	TRUE	FALSE	inconclusive	NA	4	4	1	Immune cells	ε2−ε3/3 | F	mtDNA OXPHOS	2.04585984395539	-0.563854252126343	FALSE	-1.58678417410404	0.459075669851352	FALSE	FALSE	module_1	3.25
phase13_direct_respiratory_forest_plot_v1	immune_cells	mtdna_oxphos_13	immune_cells::apoe_e2_minus_e33__Male::mtdna_oxphos_13	apoe_e2_minus_e33__Male	5	apoe	1	direct_respiratory	AD__Male__e2	NCI__Male__e2	AD__Male__e33	NCI__Male__e33	7	5	25	51	5	4	24	48	5	1	13	TRUE	15	249	eligible	estimated		-0.923052358009187	0.718560434208367	-2.33828362481022	0.492178908791851	-1.28458556033092	0.200130932113544	-0.980310489146771	0.692564649503767	-2.34434209956886	0.383721121275315	0.158177707065242	0.957817869647846	Down	0.321664149564168	0.944631415335757	estimated	-0.923052358009187	1000	1000	-0.991821947320906	-2.16208096625218	0.309849099461276	0.93	TRUE	264	264	0	50400835	0.468385367264235	-1.39143772527342	-0.567811966129424	1000	1000	0.915	TRUE	NA	not_testable_threshold50	FALSE	-0.980310489146771	estimated	TRUE	-0.0757110644542038	TRUE	-0.855034864841239	estimated	TRUE	13	13	0	1	gene:MT-ND6	evaluated	0.993640148953465	TRUE	FALSE	TRUE	FALSE	TRUE	FALSE	FALSE	TRUE	TRUE	FALSE	TRUE	TRUE	TRUE	TRUE	FALSE	TRUE	TRUE	TRUE	FALSE	inconclusive	NA	4	5	1	Immune cells	ε2−ε3/3 | M	mtDNA OXPHOS	2.83046253360207	-0.923052358009187	FALSE	-2.33828362481022	0.492178908791851	FALSE	FALSE	module_1	3.25
phase13_direct_respiratory_forest_plot_v1	immune_cells	mtdna_oxphos_13	immune_cells::apoe_e4_minus_e33__Female::mtdna_oxphos_13	apoe_e4_minus_e33__Female	6	apoe	1	direct_respiratory	AD__Female__e4	NCI__Female__e4	AD__Female__e33	NCI__Female__e33	26	11	37	45	26	11	32	42	11	1	13	TRUE	15	249	eligible	estimated		-0.131183506252015	0.466071369756797	-1.04912825193966	0.786761239435634	-0.281466562343164	0.778586338142929	-0.0931962230692014	0.470667531910585	-1.02019327956839	0.833800833429986	0.843199886242397	0.957817869647846	Down	0.429300007681291	0.944631415335757	estimated	-0.131183506252015	1000	1000	-0.124297488983227	-1.01351146839657	0.75154222986525	0.607	TRUE	264	264	1	21001519	0.184684543087594	-0.283557605655806	0.0535010368355785	1000	1000	0.649	TRUE	0.057945284222239	estimated	FALSE	-0.0931962230692014	estimated	TRUE	-0.35182698778053	TRUE	-0.354312102892067	estimated	TRUE	13	13	0	1	gene:MT-CO1	evaluated	0.993640148953465	TRUE	TRUE	TRUE	FALSE	FALSE	FALSE	FALSE	TRUE	TRUE	FALSE	FALSE	FALSE	TRUE	TRUE	FALSE	FALSE	TRUE	TRUE	FALSE	inconclusive	NA	4	6	1	Immune cells	ε4−ε3/3 | F	mtDNA OXPHOS	1.83588949137529	-0.131183506252015	FALSE	-1.04912825193966	0.786761239435634	FALSE	FALSE	module_1	3.25
phase13_direct_respiratory_forest_plot_v1	immune_cells	mtdna_oxphos_13	immune_cells::apoe_e4_minus_e33__Male::mtdna_oxphos_13	apoe_e4_minus_e33__Male	7	apoe	1	direct_respiratory	AD__Male__e4	NCI__Male__e4	AD__Male__e33	NCI__Male__e33	26	10	25	51	23	9	24	48	10	1	13	TRUE	15	249	eligible	estimated		-0.308183905296007	0.619949501675425	-1.52919730492102	0.912829494329006	-0.497111304167733	0.619549206392486	-0.372268206898606	0.630861012121872	-1.61477222862954	0.870235814832326	0.555661787132135	0.957817869647846	Down	0.621483700172654	0.944631415335757	estimated	-0.308183905296007	1000	1000	-0.275368681895714	-1.36354612052654	0.813018397873159	0.692	TRUE	264	264	1	10202345	0.314852293895818	-0.547295167489894	0.00666838859981096	1000	1000	0.684	TRUE	-0.319030155533476	estimated	TRUE	-0.372268206898606	estimated	TRUE	0.172260026863427	FALSE	-0.299654960297146	estimated	TRUE	13	13	0	1	gene:MT-ND6	evaluated	0.993640148953465	TRUE	TRUE	TRUE	FALSE	TRUE	FALSE	FALSE	TRUE	TRUE	FALSE	FALSE	FALSE	TRUE	TRUE	TRUE	FALSE	TRUE	TRUE	FALSE	inconclusive	NA	4	7	1	Immune cells	ε4−ε3/3 | M	mtDNA OXPHOS	2.44202679925003	-0.308183905296007	FALSE	-1.52919730492102	0.912829494329006	FALSE	FALSE	module_1	3.25
phase13_direct_respiratory_forest_plot_v1	opcs	mtdna_oxphos_13	opcs::sex_F_minus_M__e2::mtdna_oxphos_13	sex_F_minus_M__e2	1	sex	1	direct_respiratory	AD__Female__e2	NCI__Female__e2	AD__Male__e2	NCI__Male__e2	8	15	7	5	7	14	5	5	5	1	13	TRUE	15	253	eligible	estimated		1.10123262153133	0.936657203767339	-0.743405842331828	2.94587108539449	1.175705068089	0.240817926810013	1.07076962066664	0.916832736045805	-0.73482683771397	2.87636607904725	0.243946228920191	0.957817869647846	Up	0.109747553650445	0.756043206083282	estimated	1.10123262153133	1000	1000	1.09133255612614	-0.517548472778533	2.53108637666075	0.904	TRUE	268	268	0	50400835	0.46706550361522	0.657383116012566	1.56829812514655	1000	1000	0.989	TRUE	1.24011578472147	estimated	TRUE	1.07076962066664	estimated	TRUE	-0.288495584132258	FALSE	1.1477075383484	estimated	TRUE	13	13	0	1	gene:MT-ATP8	evaluated	0.993223209089743	TRUE	FALSE	TRUE	FALSE	TRUE	FALSE	FALSE	TRUE	TRUE	FALSE	TRUE	TRUE	TRUE	TRUE	TRUE	TRUE	TRUE	TRUE	FALSE	inconclusive	NA	5	1	1	Oligodendrocyte precursor cells	F−M | ε2	mtDNA OXPHOS	3.68927692772632	1.10123262153133	FALSE	-0.743405842331828	2.94587108539449	FALSE	FALSE	module_1	3.25
phase13_direct_respiratory_forest_plot_v1	opcs	mtdna_oxphos_13	opcs::sex_F_minus_M__e33::mtdna_oxphos_13	sex_F_minus_M__e33	2	sex	1	direct_respiratory	AD__Female__e33	NCI__Female__e33	AD__Male__e33	NCI__Male__e33	37	45	28	53	36	44	24	52	28	1	13	TRUE	15	253	eligible	estimated		0.516039756549468	0.350058543587072	-0.173360219778508	1.20543973287744	1.47415272674558	0.141683660766025	0.506527286364231	0.351828275292338	-0.186357972691642	1.1994125454201	0.151188366639775	0.957817869647846	Up	0.349260376211968	0.944631415335757	estimated	0.516039756549468	1000	1000	0.518357621509576	-0.144090780312739	1.17777246442133	0.929	TRUE	268	268	0	11444465	0.133369309657925	0.382670446891544	0.640171079691374	1000	1000	0.999	TRUE	0.43734956730654	estimated	TRUE	0.506527286364231	estimated	TRUE	0.242400829510314	TRUE	0.495991533225863	estimated	TRUE	13	13	0	1	gene:MT-ND5	evaluated	0.993223209089743	TRUE	TRUE	TRUE	FALSE	TRUE	FALSE	FALSE	TRUE	TRUE	FALSE	TRUE	TRUE	TRUE	TRUE	TRUE	TRUE	TRUE	TRUE	FALSE	inconclusive	NA	5	2	1	Oligodendrocyte precursor cells	F−M | ε3/3	mtDNA OXPHOS	1.37879995265595	0.516039756549468	FALSE	-0.173360219778508	1.20543973287744	FALSE	FALSE	module_1	3.25
phase13_direct_respiratory_forest_plot_v1	opcs	mtdna_oxphos_13	opcs::sex_F_minus_M__e4::mtdna_oxphos_13	sex_F_minus_M__e4	3	sex	1	direct_respiratory	AD__Female__e4	NCI__Female__e4	AD__Male__e4	NCI__Male__e4	24	11	25	10	24	11	25	8	10	1	13	TRUE	15	253	eligible	estimated		-0.218797762017403	0.567104542283121	-1.33564482999426	0.898049305959456	-0.385815569624147	0.699957481948198	-0.176915746195822	0.581881380892672	-1.32286409558475	0.969032603193107	0.761346632373575	0.957817869647846	Down	0.73711827947733	0.944631415335757	estimated	-0.218797762017403	1000	1000	-0.205516542940418	-1.1955213673184	0.849320569856815	0.658	TRUE	268	268	0	20892128	0.198511134158598	-0.376725713215923	-0.0202866278588051	1000	1000	0.644	TRUE	-0.0107704794223118	estimated	FALSE	-0.176915746195822	estimated	TRUE	-0.583625747736809	TRUE	-0.213488453195574	estimated	TRUE	13	13	0	1	gene:MT-CO3	evaluated	0.993223209089743	TRUE	TRUE	TRUE	FALSE	FALSE	FALSE	FALSE	TRUE	TRUE	FALSE	FALSE	TRUE	TRUE	TRUE	FALSE	FALSE	TRUE	TRUE	FALSE	inconclusive	NA	5	3	1	Oligodendrocyte precursor cells	F−M | ε4	mtDNA OXPHOS	2.23369413595372	-0.218797762017403	FALSE	-1.33564482999426	0.898049305959456	FALSE	FALSE	module_1	3.25
phase13_direct_respiratory_forest_plot_v1	opcs	mtdna_oxphos_13	opcs::apoe_e2_minus_e33__Female::mtdna_oxphos_13	apoe_e2_minus_e33__Female	4	apoe	1	direct_respiratory	AD__Female__e2	NCI__Female__e2	AD__Female__e33	NCI__Female__e33	8	15	37	45	7	14	36	44	8	1	13	TRUE	15	253	eligible	estimated		-0.73308203892808	0.482871723146937	-1.68404227288148	0.217878195025316	-1.51817139788284	0.13021977231915	-0.737396981425529	0.469062376463859	-1.66116129786506	0.186367335014	0.117184979100855	0.957817869647846	Down	0.0564746527370768	0.677695832844921	estimated	-0.73308203892808	1000	1000	-0.727171531564322	-1.59028532814091	0.128539568865998	0.954	TRUE	268	268	0	21189544	0.262658243078232	-0.995740282006313	-0.5975217421826	1000	1000	0.942	TRUE	-0.624344800083526	estimated	TRUE	-0.737396981425529	estimated	TRUE	-0.187861284135363	TRUE	-0.649697558302488	estimated	TRUE	13	13	0	1	gene:MT-CYB	evaluated	0.993223209089743	TRUE	FALSE	TRUE	FALSE	TRUE	FALSE	FALSE	TRUE	TRUE	FALSE	TRUE	TRUE	TRUE	TRUE	TRUE	TRUE	TRUE	TRUE	FALSE	inconclusive	NA	5	4	1	Oligodendrocyte precursor cells	ε2−ε3/3 | F	mtDNA OXPHOS	1.9019204679068	-0.73308203892808	FALSE	-1.68404227288148	0.217878195025316	FALSE	FALSE	module_1	3.25
phase13_direct_respiratory_forest_plot_v1	opcs	mtdna_oxphos_13	opcs::apoe_e2_minus_e33__Male::mtdna_oxphos_13	apoe_e2_minus_e33__Male	5	apoe	1	direct_respiratory	AD__Male__e2	NCI__Male__e2	AD__Male__e33	NCI__Male__e33	7	5	28	53	5	5	24	52	5	1	13	TRUE	15	253	eligible	estimated		-1.31827490390994	0.87613545956785	-3.0437227644217	0.407172956601815	-1.50464735733921	0.133662111818526	-1.30163931572794	0.863310491040163	-3.00182987810666	0.398551246650788	0.132871249295496	0.957817869647846	Down	0.0202631935619077	0.671359518075895	estimated	-1.31827490390994	1000	1000	-1.30644073098113	-2.74632224726609	0.10420172943538	0.969	TRUE	268	268	0	50400835	0.462889048835244	-1.78116395274519	-0.875030526040958	1000	1000	0.964	TRUE	-1.42711101749845	estimated	TRUE	-1.30163931572794	estimated	TRUE	0.34303512950721	FALSE	-1.30141356342502	estimated	TRUE	13	13	0	1	gene:MT-ATP8	evaluated	0.993223209089743	TRUE	FALSE	TRUE	FALSE	TRUE	FALSE	FALSE	TRUE	TRUE	FALSE	TRUE	TRUE	TRUE	TRUE	TRUE	TRUE	TRUE	TRUE	FALSE	inconclusive	NA	5	5	1	Oligodendrocyte precursor cells	ε2−ε3/3 | M	mtDNA OXPHOS	3.45089572102352	-1.31827490390994	FALSE	-3.0437227644217	0.407172956601815	FALSE	FALSE	module_1	3.25
phase13_direct_respiratory_forest_plot_v1	opcs	mtdna_oxphos_13	opcs::apoe_e4_minus_e33__Female::mtdna_oxphos_13	apoe_e4_minus_e33__Female	6	apoe	1	direct_respiratory	AD__Female__e4	NCI__Female__e4	AD__Female__e33	NCI__Female__e33	24	11	37	45	24	11	36	44	11	1	13	TRUE	15	253	eligible	estimated		-0.224939312806308	0.450087478407954	-1.1113347533529	0.661456127740285	-0.499767986441129	0.617672819500287	-0.268472488593024	0.445513564818717	-1.14586013322116	0.608915156035108	0.547305583956	0.957817869647846	Down	0.693346008778983	0.944631415335757	estimated	-0.224939312806308	1000	1000	-0.208841334786314	-1.0106849866536	0.660536056746975	0.688	TRUE	268	268	0	20892128	0.202253934368745	-0.409319273534424	-0.0226853784375637	1000	1000	0.682	TRUE	-0.161866375776157	estimated	TRUE	-0.268472488593024	estimated	TRUE	-0.296652600841165	TRUE	-0.150471921305048	estimated	TRUE	13	13	0	1	gene:MT-ATP8	evaluated	0.993223209089743	TRUE	TRUE	TRUE	FALSE	FALSE	FALSE	FALSE	TRUE	TRUE	FALSE	FALSE	TRUE	TRUE	TRUE	TRUE	FALSE	TRUE	TRUE	FALSE	inconclusive	NA	5	6	1	Oligodendrocyte precursor cells	ε4−ε3/3 | F	mtDNA OXPHOS	1.77279088109319	-0.224939312806308	FALSE	-1.1113347533529	0.661456127740285	FALSE	FALSE	module_1	3.25
phase13_direct_respiratory_forest_plot_v1	opcs	mtdna_oxphos_13	opcs::apoe_e4_minus_e33__Male::mtdna_oxphos_13	apoe_e4_minus_e33__Male	7	apoe	1	direct_respiratory	AD__Male__e4	NCI__Male__e4	AD__Male__e33	NCI__Male__e33	25	10	28	53	25	8	24	52	10	1	13	TRUE	15	253	eligible	estimated		0.509898205760563	0.50445859203739	-0.483574879756394	1.50337129127752	1.01078307280128	0.313085966570746	0.414970543967028	0.52682848197331	-0.622557462861817	1.45249855079587	0.431623131426124	0.957817869647846	Up	0.444975727524616	0.944631415335757	estimated	0.509898205760563	1000	1000	0.511742341503192	-0.406232291234633	1.39121085208452	0.874	TRUE	268	268	0	11609672	0.170958584606736	0.338939621153827	0.651221917089288	1000	1000	0.845	TRUE	0.286253670952694	estimated	TRUE	0.414970543967028	estimated	TRUE	0.529373976405959	TRUE	0.55900806511639	estimated	TRUE	13	13	0	1	gene:MT-ATP8	evaluated	0.993223209089743	TRUE	TRUE	TRUE	FALSE	TRUE	FALSE	FALSE	TRUE	TRUE	FALSE	TRUE	TRUE	TRUE	TRUE	TRUE	TRUE	TRUE	TRUE	FALSE	inconclusive	NA	5	7	1	Oligodendrocyte precursor cells	ε4−ε3/3 | M	mtDNA OXPHOS	1.98694617103391	0.509898205760563	FALSE	-0.483574879756394	1.50337129127752	FALSE	FALSE	module_1	3.25
phase13_direct_respiratory_forest_plot_v1	oligodendrocytes	mtdna_oxphos_13	oligodendrocytes::sex_F_minus_M__e2::mtdna_oxphos_13	sex_F_minus_M__e2	1	sex	1	direct_respiratory	AD__Female__e2	NCI__Female__e2	AD__Male__e2	NCI__Male__e2	8	17	7	6	8	17	7	6	6	1	13	TRUE	15	260	eligible	estimated		0.95370617158789	0.67841932972115	-0.382189685425525	2.2896020286013	1.40577682534472	0.160984279369818	1.05444960388279	0.67002513386831	-0.264916990222716	2.37381619798829	0.11676213580426	0.957817869647846	Up	0.179686795678225	0.927557100549314	estimated	0.95370617158789	1000	1000	0.929467825512639	-0.318997604430947	2.126274324607	0.932	TRUE	275	275	0	66406040	0.277429102064068	0.676277069523821	1.14809686490028	1000	1000	0.985	TRUE	0.964378492042942	estimated	TRUE	1.05444960388279	estimated	TRUE	-0.0672828711926283	FALSE	0.930854468103236	estimated	TRUE	13	13	0	1	gene:MT-ND6	evaluated	0.994949321683196	TRUE	FALSE	TRUE	FALSE	TRUE	FALSE	FALSE	TRUE	TRUE	FALSE	TRUE	TRUE	TRUE	TRUE	TRUE	TRUE	TRUE	TRUE	FALSE	inconclusive	NA	6	1	1	Oligodendrocytes	F−M | ε2	mtDNA OXPHOS	2.67179171402683	0.95370617158789	FALSE	-0.382189685425525	2.2896020286013	FALSE	FALSE	module_1	3.25
phase13_direct_respiratory_forest_plot_v1	oligodendrocytes	mtdna_oxphos_13	oligodendrocytes::sex_F_minus_M__e33::mtdna_oxphos_13	sex_F_minus_M__e33	2	sex	1	direct_respiratory	AD__Female__e33	NCI__Female__e33	AD__Male__e33	NCI__Male__e33	37	45	28	53	37	45	28	53	28	1	13	TRUE	15	260	eligible	estimated		0.530339316567134	0.396171544115222	-0.249773957427678	1.31045259056195	1.33866080097083	0.181850448074692	0.523176354255558	0.396024683666516	-0.2566477324234	1.30300044093452	0.18763946713169	0.957817869647846	Up	0.143761862047599	0.881071209448111	estimated	0.530339316567134	1000	1000	0.551829585964445	-0.231713271788075	1.29465186219662	0.916	TRUE	275	275	0	10102206	0.156191136186891	0.382301776074596	0.686530452754026	1000	1000	0.997	TRUE	0.524333865741878	estimated	TRUE	0.523176354255558	estimated	TRUE	0.207715222807304	TRUE	0.619953570040833	estimated	TRUE	13	13	0	1	gene:MT-ND1	evaluated	0.994949321683196	TRUE	TRUE	TRUE	FALSE	TRUE	FALSE	FALSE	TRUE	TRUE	FALSE	TRUE	TRUE	TRUE	TRUE	TRUE	TRUE	TRUE	TRUE	FALSE	inconclusive	NA	6	2	1	Oligodendrocytes	F−M | ε3/3	mtDNA OXPHOS	1.56022654798963	0.530339316567134	FALSE	-0.249773957427678	1.31045259056195	FALSE	FALSE	module_1	3.25
phase13_direct_respiratory_forest_plot_v1	oligodendrocytes	mtdna_oxphos_13	oligodendrocytes::sex_F_minus_M__e4::mtdna_oxphos_13	sex_F_minus_M__e4	3	sex	1	direct_respiratory	AD__Female__e4	NCI__Female__e4	AD__Male__e4	NCI__Male__e4	26	11	27	10	26	11	26	10	10	1	13	TRUE	15	260	eligible	estimated		-0.0735122205306224	0.606643675546698	-1.26807248339832	1.12104804233707	-0.121178582244963	0.903643185193865	-0.0716494448263276	0.615531393812674	-1.28371078039297	1.14041189074032	0.907423346246537	0.957817869647846	Down	0.519123665333093	0.944631415335757	estimated	-0.0735122205306224	1000	1000	-0.0523559459451466	-1.17886675050099	1.07401453227134	0.535	TRUE	275	275	9	20288196	0.237185122006967	-0.310697342537589	0.0931386410852491	1000	1000	0.556	TRUE	-0.175368218034614	estimated	TRUE	-0.0716494448263276	estimated	TRUE	-0.287842835143769	TRUE	-0.0181206068206007	estimated	TRUE	13	13	0	0.923076923076923	gene:MT-ATP6	evaluated	0.994949321683196	TRUE	TRUE	TRUE	FALSE	FALSE	FALSE	FALSE	TRUE	TRUE	FALSE	FALSE	FALSE	TRUE	TRUE	TRUE	FALSE	TRUE	TRUE	FALSE	inconclusive	NA	6	3	1	Oligodendrocytes	F−M | ε4	mtDNA OXPHOS	2.38912052573539	-0.0735122205306224	FALSE	-1.26807248339832	1.12104804233707	FALSE	FALSE	module_1	3.25
phase13_direct_respiratory_forest_plot_v1	oligodendrocytes	mtdna_oxphos_13	oligodendrocytes::apoe_e2_minus_e33__Female::mtdna_oxphos_13	apoe_e2_minus_e33__Female	4	apoe	1	direct_respiratory	AD__Female__e2	NCI__Female__e2	AD__Female__e33	NCI__Female__e33	8	17	37	45	8	17	37	45	8	1	13	TRUE	15	260	eligible	estimated		-0.46330953885721	0.407774912631234	-1.26627135393695	0.339652276222525	-1.13618941358513	0.256923468408974	-0.478900096078392	0.399813144783571	-1.26618415520951	0.308383963052722	0.232081882990293	0.957817869647846	Down	0.407284948533143	0.944631415335757	estimated	-0.46330953885721	1000	1000	-0.467536002429333	-1.1844643038646	0.272583614039217	0.893	TRUE	275	275	0	96095092	0.121920889651962	-0.585230428509173	-0.355741523713026	1000	1000	0.816	TRUE	-0.465289961873757	estimated	TRUE	-0.478900096078392	estimated	TRUE	0.287853777970158	FALSE	-0.403443874683745	estimated	TRUE	13	13	0	1	gene:MT-CYB	evaluated	0.994949321683196	TRUE	FALSE	TRUE	FALSE	TRUE	FALSE	FALSE	TRUE	TRUE	FALSE	TRUE	TRUE	TRUE	TRUE	TRUE	TRUE	TRUE	TRUE	FALSE	inconclusive	NA	6	4	1	Oligodendrocytes	ε2−ε3/3 | F	mtDNA OXPHOS	1.60592363015947	-0.46330953885721	FALSE	-1.26627135393695	0.339652276222525	FALSE	FALSE	module_1	3.25
phase13_direct_respiratory_forest_plot_v1	oligodendrocytes	mtdna_oxphos_13	oligodendrocytes::apoe_e2_minus_e33__Male::mtdna_oxphos_13	apoe_e2_minus_e33__Male	5	apoe	1	direct_respiratory	AD__Male__e2	NCI__Male__e2	AD__Male__e33	NCI__Male__e33	7	6	28	53	7	6	28	53	6	1	13	TRUE	15	260	eligible	estimated		-0.886676393877966	0.675839358659186	-2.21749195246547	0.444139164709533	-1.31196323877477	0.190689704676173	-1.01017334570562	0.671981577861908	-2.33339243237882	0.31304574096757	0.133981701515191	0.957817869647846	Down	0.276511930694938	0.928715301675688	estimated	-0.886676393877966	1000	1000	-0.885376122850511	-2.03232115867028	0.336704828483297	0.916	TRUE	275	275	0	66406040	0.27691551344114	-1.06368185757828	-0.609760880436826	1000	1000	0.893	TRUE	-0.90533458817482	estimated	TRUE	-1.01017334570562	estimated	TRUE	0.562851871970091	FALSE	-0.714344772746148	estimated	TRUE	13	13	0	1	gene:MT-ND6	evaluated	0.994949321683196	TRUE	FALSE	TRUE	FALSE	TRUE	FALSE	FALSE	TRUE	TRUE	FALSE	TRUE	TRUE	TRUE	TRUE	TRUE	TRUE	TRUE	TRUE	FALSE	inconclusive	NA	6	5	1	Oligodendrocytes	ε2−ε3/3 | M	mtDNA OXPHOS	2.661631117175	-0.886676393877966	FALSE	-2.21749195246547	0.444139164709533	FALSE	FALSE	module_1	3.25
phase13_direct_respiratory_forest_plot_v1	oligodendrocytes	mtdna_oxphos_13	oligodendrocytes::apoe_e4_minus_e33__Female::mtdna_oxphos_13	apoe_e4_minus_e33__Female	6	apoe	1	direct_respiratory	AD__Female__e4	NCI__Female__e4	AD__Female__e33	NCI__Female__e33	26	11	37	45	26	11	37	45	11	1	13	TRUE	15	260	eligible	estimated		-0.649646742567354	0.49016651395317	-1.614848331835	0.315554846700295	-1.32535928929127	0.18621544694401	-0.68130596785207	0.490173396266579	-1.64652110928955	0.283909173585406	0.165739461443519	0.957817869647846	Down	0.109619112235873	0.756043206083282	estimated	-0.649646742567354	1000	1000	-0.664629639279385	-1.50365917688945	0.300842581887572	0.911	TRUE	275	275	0	20288196	0.274267476926971	-0.923914219494325	-0.525020511993313	1000	1000	0.91	TRUE	-0.63749254554525	estimated	TRUE	-0.68130596785207	estimated	TRUE	-0.254812930395869	TRUE	-0.555824868630977	estimated	TRUE	13	13	0	1	gene:MT-ND3	evaluated	0.994949321683196	TRUE	TRUE	TRUE	FALSE	TRUE	FALSE	FALSE	TRUE	TRUE	FALSE	TRUE	TRUE	TRUE	TRUE	TRUE	TRUE	TRUE	TRUE	FALSE	inconclusive	NA	6	6	1	Oligodendrocytes	ε4−ε3/3 | F	mtDNA OXPHOS	1.9304031785353	-0.649646742567354	FALSE	-1.614848331835	0.315554846700295	FALSE	FALSE	module_1	3.25
phase13_direct_respiratory_forest_plot_v1	oligodendrocytes	mtdna_oxphos_13	oligodendrocytes::apoe_e4_minus_e33__Male::mtdna_oxphos_13	apoe_e4_minus_e33__Male	7	apoe	1	direct_respiratory	AD__Male__e4	NCI__Male__e4	AD__Male__e33	NCI__Male__e33	27	10	28	53	26	10	28	53	10	1	13	TRUE	15	260	eligible	estimated		-0.0457952054695976	0.535680125823253	-1.10061901343192	1.00902860249272	-0.0854898348136732	0.931937770456072	-0.0864801687701847	0.546548221651605	-1.16270467030751	0.989744332767138	0.874398614551155	0.957817869647846	Up	0.751652365660898	0.944631415335757	estimated	-0.0457952054695976	1000	1000	-0.0529467609167895	-1.07877550300581	0.938617224360397	0.546	TRUE	275	275	13	10202345	0.186897026961316	-0.210846589661096	0.141101821491719	1000	1000	0.519	TRUE	0.0622095382312429	estimated	FALSE	-0.0864801687701847	estimated	TRUE	0.240745127555204	FALSE	0.082249308230457	estimated	FALSE	13	13	0	0.846153846153846	gene:MT-ND6	evaluated	0.994949321683196	TRUE	TRUE	TRUE	FALSE	FALSE	FALSE	FALSE	TRUE	FALSE	FALSE	FALSE	FALSE	TRUE	TRUE	FALSE	FALSE	TRUE	FALSE	FALSE	inconclusive	NA	6	7	1	Oligodendrocytes	ε4−ε3/3 | M	mtDNA OXPHOS	2.10964761592464	-0.0457952054695976	FALSE	-1.10061901343192	1.00902860249272	FALSE	FALSE	module_1	3.25
phase13_direct_respiratory_forest_plot_v1	vasculature	mtdna_oxphos_13	vasculature::sex_F_minus_M__e2::mtdna_oxphos_13	sex_F_minus_M__e2	1	sex	1	direct_respiratory	AD__Female__e2	NCI__Female__e2	AD__Male__e2	NCI__Male__e2	3	10	4	3	1	4	1	2	3	0.923076923076923	12	TRUE	15	183	not_testable_low_donor_count	not_testable_low_donor_count	not_testable_low_donor_count	NA	NA	NA	NA	NA	NA	NA	NA	NA	NA	NA	NA	NA	NA	NA	not_testable_low_donor_count	NA	0	0	NA	NA	NA	NA	FALSE	0	0	NA	NA	NA	NA	NA	0	0	NA	FALSE	NA	not_run	FALSE	NA	not_run	FALSE	NA	FALSE	NA	not_run	FALSE	0	0	NA	NA	NA	not_applicable_not_testable	0.999085180170822	TRUE	FALSE	TRUE	FALSE	FALSE	FALSE	FALSE	FALSE	FALSE	FALSE	FALSE	FALSE	TRUE	FALSE	FALSE	FALSE	FALSE	FALSE	FALSE	not_testable	NA	7	1	1	Vasculature cells	F−M | ε2	mtDNA OXPHOS	NA	NA	FALSE	NA	NA	FALSE	FALSE	module_1	3.25
phase13_direct_respiratory_forest_plot_v1	vasculature	mtdna_oxphos_13	vasculature::sex_F_minus_M__e33::mtdna_oxphos_13	sex_F_minus_M__e33	2	sex	1	direct_respiratory	AD__Female__e33	NCI__Female__e33	AD__Male__e33	NCI__Male__e33	29	35	20	39	14	16	9	25	20	0.923076923076923	12	TRUE	15	183	eligible	estimated		0.0846611938985212	0.459309576526026	-0.821562073323519	0.990884461120562	0.184322727470334	0.853964381355262	0.0864742885200871	0.45829985819129	-0.817756792396588	0.990705369436763	0.850548827795202	0.957817869647846	Up	0.862071319387681	0.970903271611309	estimated	0.0846611938985212	1000	1000	0.0909046618928785	-0.790191692929306	1.00855442560298	0.58	TRUE	198	198	5	11371707	0.155033298175562	-0.0703721042770405	0.213126925755358	1000	1000	0.683	TRUE	NA	invalid_hc3_variance	FALSE	0.0864742885200871	estimated	TRUE	0.0289778127202047	TRUE	0.0846611938985212	estimated	TRUE	12	12	0	0.916666666666667	gene:MT-ND5	evaluated	0.999085180170822	TRUE	TRUE	TRUE	FALSE	FALSE	FALSE	FALSE	TRUE	TRUE	FALSE	FALSE	FALSE	TRUE	TRUE	FALSE	FALSE	TRUE	TRUE	FALSE	inconclusive	NA	7	2	1	Vasculature cells	F−M | ε3/3	mtDNA OXPHOS	1.81244653444408	0.0846611938985212	FALSE	-0.821562073323519	0.990884461120562	FALSE	FALSE	module_1	3.25
phase13_direct_respiratory_forest_plot_v1	vasculature	mtdna_oxphos_13	vasculature::sex_F_minus_M__e4::mtdna_oxphos_13	sex_F_minus_M__e4	3	sex	1	direct_respiratory	AD__Female__e4	NCI__Female__e4	AD__Male__e4	NCI__Male__e4	19	9	21	6	7	4	4	4	6	0.923076923076923	12	TRUE	15	183	eligible	estimated		-0.196797464732821	0.798085011943194	-1.77142870258841	1.37783377312277	-0.246587095093609	0.805504180648178	-0.201203479905587	0.799327961872276	-1.77828707278117	1.37588011297	0.801543195572202	0.957817869647846	Down	0.744622686539897	0.944631415335757	estimated	-0.196797464732821	1000	1000	-0.249787292718507	-1.61838335451214	1.17176502306321	0.639	TRUE	198	198	4	50101659	0.4432066561944	-0.640004120927221	0.038594244437686	1000	1000	0.618	TRUE	NA	not_testable_threshold50	FALSE	-0.201203479905587	estimated	TRUE	-0.119859845075847	TRUE	-0.196797464732821	estimated	TRUE	12	12	0	1	gene:MT-ND3	evaluated	0.999085180170822	TRUE	FALSE	TRUE	FALSE	FALSE	FALSE	FALSE	TRUE	TRUE	FALSE	FALSE	FALSE	TRUE	TRUE	FALSE	FALSE	TRUE	TRUE	FALSE	inconclusive	NA	7	3	1	Vasculature cells	F−M | ε4	mtDNA OXPHOS	3.14926247571118	-0.196797464732821	FALSE	-1.77142870258841	1.37783377312277	FALSE	FALSE	module_1	3.25
phase13_direct_respiratory_forest_plot_v1	vasculature	mtdna_oxphos_13	vasculature::apoe_e2_minus_e33__Female::mtdna_oxphos_13	apoe_e2_minus_e33__Female	4	apoe	1	direct_respiratory	AD__Female__e2	NCI__Female__e2	AD__Female__e33	NCI__Female__e33	3	10	29	35	1	4	14	16	3	0.923076923076923	12	TRUE	15	183	not_testable_low_donor_count	not_testable_low_donor_count	not_testable_low_donor_count	NA	NA	NA	NA	NA	NA	NA	NA	NA	NA	NA	NA	NA	NA	NA	not_testable_low_donor_count	NA	0	0	NA	NA	NA	NA	FALSE	0	0	NA	NA	NA	NA	NA	0	0	NA	FALSE	NA	not_run	FALSE	NA	not_run	FALSE	NA	FALSE	NA	not_run	FALSE	0	0	NA	NA	NA	not_applicable_not_testable	0.999085180170822	TRUE	FALSE	TRUE	FALSE	FALSE	FALSE	FALSE	FALSE	FALSE	FALSE	FALSE	FALSE	TRUE	FALSE	FALSE	FALSE	FALSE	FALSE	FALSE	not_testable	NA	7	4	1	Vasculature cells	ε2−ε3/3 | F	mtDNA OXPHOS	NA	NA	FALSE	NA	NA	FALSE	FALSE	module_1	3.25
phase13_direct_respiratory_forest_plot_v1	vasculature	mtdna_oxphos_13	vasculature::apoe_e2_minus_e33__Male::mtdna_oxphos_13	apoe_e2_minus_e33__Male	5	apoe	1	direct_respiratory	AD__Male__e2	NCI__Male__e2	AD__Male__e33	NCI__Male__e33	4	3	20	39	1	2	9	25	3	0.923076923076923	12	TRUE	15	183	not_testable_low_donor_count	not_testable_low_donor_count	not_testable_low_donor_count	NA	NA	NA	NA	NA	NA	NA	NA	NA	NA	NA	NA	NA	NA	NA	not_testable_low_donor_count	NA	0	0	NA	NA	NA	NA	FALSE	0	0	NA	NA	NA	NA	NA	0	0	NA	FALSE	NA	not_run	FALSE	NA	not_run	FALSE	NA	FALSE	NA	not_run	FALSE	0	0	NA	NA	NA	not_applicable_not_testable	0.999085180170822	TRUE	FALSE	TRUE	FALSE	FALSE	FALSE	FALSE	FALSE	FALSE	FALSE	FALSE	FALSE	TRUE	FALSE	FALSE	FALSE	FALSE	FALSE	FALSE	not_testable	NA	7	5	1	Vasculature cells	ε2−ε3/3 | M	mtDNA OXPHOS	NA	NA	FALSE	NA	NA	FALSE	FALSE	module_1	3.25
phase13_direct_respiratory_forest_plot_v1	vasculature	mtdna_oxphos_13	vasculature::apoe_e4_minus_e33__Female::mtdna_oxphos_13	apoe_e4_minus_e33__Female	6	apoe	1	direct_respiratory	AD__Female__e4	NCI__Female__e4	AD__Female__e33	NCI__Female__e33	19	9	29	35	7	4	14	16	9	0.923076923076923	12	TRUE	15	183	eligible	estimated		0.15324285911097	0.626168733046756	-1.08219551207606	1.388681230298	0.244730934368656	0.806938970747164	0.166511915407048	0.627001593592304	-1.07056969955999	1.40359353037409	0.790870428417207	0.957817869647846	Up	0.639387345962915	0.944631415335757	estimated	0.15324285911097	1000	1000	0.146066065913743	-1.06005817848638	1.30818332841011	0.591	TRUE	198	198	2	64493027	0.245619571662079	-0.0538518351647125	0.39886243077305	1000	1000	0.57	TRUE	NA	not_testable_threshold50	FALSE	0.166511915407048	estimated	TRUE	-0.00710386054320633	FALSE	0.15324285911097	estimated	TRUE	12	12	0	0.916666666666667	gene:MT-ND5	evaluated	0.999085180170822	TRUE	FALSE	TRUE	FALSE	FALSE	FALSE	FALSE	TRUE	TRUE	FALSE	FALSE	FALSE	TRUE	TRUE	FALSE	FALSE	TRUE	TRUE	FALSE	inconclusive	NA	7	6	1	Vasculature cells	ε4−ε3/3 | F	mtDNA OXPHOS	2.47087674237406	0.15324285911097	FALSE	-1.08219551207606	1.388681230298	FALSE	FALSE	module_1	3.25
phase13_direct_respiratory_forest_plot_v1	vasculature	mtdna_oxphos_13	vasculature::apoe_e4_minus_e33__Male::mtdna_oxphos_13	apoe_e4_minus_e33__Male	7	apoe	1	direct_respiratory	AD__Male__e4	NCI__Male__e4	AD__Male__e33	NCI__Male__e33	21	6	20	39	4	4	9	25	6	0.923076923076923	12	TRUE	15	183	eligible	estimated		0.434701517742312	0.669552501452854	-0.88633354543346	1.75573658091808	0.64924186945618	0.516996060089525	0.454189683832722	0.669741955506309	-0.867219174447887	1.77559854211333	0.498529230383632	0.957817869647846	Up	0.420909052692216	0.944631415335757	estimated	0.434701517742312	1000	1000	0.480815673092381	-0.74011981599904	1.60791910297717	0.781	TRUE	198	198	0	50101659	0.448838857137717	0.205867273038421	0.88354037488003	1000	1000	0.761	TRUE	NA	not_testable_threshold50	FALSE	0.454189683832722	estimated	TRUE	0.141733797252846	TRUE	0.434701517742312	estimated	TRUE	12	12	0	1	gene:MT-ATP8	evaluated	0.999085180170822	TRUE	FALSE	TRUE	FALSE	TRUE	FALSE	FALSE	TRUE	TRUE	FALSE	FALSE	TRUE	TRUE	TRUE	FALSE	FALSE	TRUE	TRUE	FALSE	inconclusive	NA	7	7	1	Vasculature cells	ε4−ε3/3 | M	mtDNA OXPHOS	2.64207012635154	0.434701517742312	FALSE	-0.88633354543346	1.75573658091808	FALSE	FALSE	module_1	3.25
phase13_direct_respiratory_forest_plot_v1	astrocytes	nuclear_oxphos_structural_86	astrocytes::sex_F_minus_M__e2::nuclear_oxphos_structural_86	sex_F_minus_M__e2	1	sex	2	direct_respiratory	AD__Female__e2	NCI__Female__e2	AD__Male__e2	NCI__Male__e2	7	17	7	6	7	16	6	5	6	0.86046511627907	74	TRUE	15	257	eligible	estimated		0.919094627057327	1.05949849379975	-1.16730953413625	3.00549878825091	0.867480824593825	0.386487862591594	0.842323832737791	1.12587982698995	-1.3748009388239	3.05944860429948	0.455055450123746	0.957817869647846	Up	0.362089758010062	0.944631415335757	estimated	0.919094627057327	1000	1000	0.809695359830025	-0.823130415502004	2.67279864383476	0.835	TRUE	272	272	0	34726040	0.602107400018871	0.316987227038456	1.31143918047326	1000	1000	0.98	TRUE	1.01297884698047	estimated	TRUE	0.842323832737791	estimated	TRUE	1.02243212673835	TRUE	0.902415602356035	estimated	TRUE	5	5	0	1	complex_I	evaluated	0.977174114176916	TRUE	FALSE	TRUE	FALSE	TRUE	FALSE	FALSE	TRUE	TRUE	FALSE	TRUE	TRUE	TRUE	TRUE	TRUE	TRUE	TRUE	TRUE	FALSE	inconclusive	NA	1	1	2	Astrocytes	F−M | ε2	Nuclear OXPHOS structural	4.17280832238716	0.919094627057327	FALSE	-1.16730953413625	3.00549878825091	FALSE	FALSE	module_2	3.25
phase13_direct_respiratory_forest_plot_v1	astrocytes	nuclear_oxphos_structural_86	astrocytes::sex_F_minus_M__e33::nuclear_oxphos_structural_86	sex_F_minus_M__e33	2	sex	2	direct_respiratory	AD__Female__e33	NCI__Female__e33	AD__Male__e33	NCI__Male__e33	37	45	28	53	37	44	25	50	28	0.86046511627907	74	TRUE	15	257	eligible	estimated		0.298460257553795	0.39749276190356	-0.484297393668182	1.08121790877577	0.750857087622157	0.453425607571671	0.239224973003154	0.370701115007989	-0.49077356256621	0.969223508572518	0.519288318194005	0.957817869647846	Up	0.536216302455313	0.944631415335757	estimated	0.298460257553795	1000	1000	0.291851644784714	-0.487755483758184	1.03931514543121	0.774	TRUE	272	272	0	10102206	0.195443603241281	0.103016654312514	0.44125098497444	1000	1000	0.946	TRUE	0.0606184990240311	estimated	FALSE	0.239224973003154	estimated	TRUE	0.39709864871105	TRUE	0.0468135821360548	estimated	TRUE	5	5	0	1	complex_IV	evaluated	0.977174114176916	TRUE	TRUE	TRUE	FALSE	TRUE	FALSE	FALSE	TRUE	TRUE	FALSE	FALSE	TRUE	TRUE	TRUE	FALSE	TRUE	TRUE	TRUE	FALSE	inconclusive	NA	1	2	2	Astrocytes	F−M | ε3/3	Nuclear OXPHOS structural	1.56551530244395	0.298460257553795	FALSE	-0.484297393668182	1.08121790877577	FALSE	FALSE	module_2	3.25
phase13_direct_respiratory_forest_plot_v1	astrocytes	nuclear_oxphos_structural_86	astrocytes::sex_F_minus_M__e4::nuclear_oxphos_structural_86	sex_F_minus_M__e4	3	sex	2	direct_respiratory	AD__Female__e4	NCI__Female__e4	AD__Male__e4	NCI__Male__e4	26	11	25	10	25	11	24	9	10	0.86046511627907	74	TRUE	15	257	eligible	estimated		-0.0938522086368284	0.47556640876616	-1.03035541272834	0.842650995454687	-0.197348271254744	0.843710997485748	0.10438122172343	0.525958719179378	-0.93135640955564	1.1401188530025	0.842842889550929	0.957817869647846	Down	0.437888195199096	0.944631415335757	estimated	-0.0938522086368284	1000	1000	-0.0355859171674238	-0.921953262496278	0.8485723662376	0.528	TRUE	272	272	3	15218541	0.214463264316061	-0.308315472952889	0.0216587471616254	1000	1000	0.583	TRUE	-0.160442986223653	estimated	TRUE	0.10438122172343	estimated	FALSE	-0.134501754502794	TRUE	-0.0793748758348344	estimated	TRUE	5	5	0	0.6	complex_IV	evaluated	0.977174114176916	TRUE	TRUE	TRUE	FALSE	FALSE	FALSE	FALSE	TRUE	TRUE	FALSE	FALSE	FALSE	TRUE	FALSE	TRUE	FALSE	FALSE	TRUE	FALSE	inconclusive	NA	1	3	2	Astrocytes	F−M | ε4	Nuclear OXPHOS structural	1.87300640818303	-0.0938522086368284	FALSE	-1.03035541272834	0.842650995454687	FALSE	FALSE	module_2	3.25
phase13_direct_respiratory_forest_plot_v1	astrocytes	nuclear_oxphos_structural_86	astrocytes::apoe_e2_minus_e33__Female::nuclear_oxphos_structural_86	apoe_e2_minus_e33__Female	4	apoe	2	direct_respiratory	AD__Female__e2	NCI__Female__e2	AD__Female__e33	NCI__Female__e33	7	17	37	45	7	16	37	44	7	0.86046511627907	74	TRUE	15	257	eligible	estimated		0.106846524506313	0.631892182180683	-1.13749925422081	1.35119230323344	0.169089802848299	0.865859014919862	0.00267844831285974	0.70807617100103	-1.39169169781194	1.39704859443766	0.996984774147205	0.957817869647846	Up	0.969517934639746	0.99386472359731	estimated	0.106846524506313	1000	1000	0.110455154553858	-0.961166426411933	1.32571367821552	0.582	TRUE	272	272	2	21189544	0.440664541007013	-0.3338180165007	0.300846966576354	1000	1000	0.575	TRUE	0.178183774061863	estimated	TRUE	0.00267844831285974	estimated	FALSE	0.187048096020008	TRUE	0.149733467759945	estimated	TRUE	5	5	0	1	complex_III	evaluated	0.977174114176916	TRUE	FALSE	TRUE	FALSE	FALSE	FALSE	FALSE	TRUE	TRUE	FALSE	FALSE	FALSE	TRUE	FALSE	TRUE	FALSE	TRUE	TRUE	FALSE	inconclusive	NA	1	4	2	Astrocytes	ε2−ε3/3 | F	Nuclear OXPHOS structural	2.48869155745425	0.106846524506313	FALSE	-1.13749925422081	1.35119230323344	FALSE	FALSE	module_2	3.25
phase13_direct_respiratory_forest_plot_v1	astrocytes	nuclear_oxphos_structural_86	astrocytes::apoe_e2_minus_e33__Male::nuclear_oxphos_structural_86	apoe_e2_minus_e33__Male	5	apoe	2	direct_respiratory	AD__Male__e2	NCI__Male__e2	AD__Male__e33	NCI__Male__e33	7	6	28	53	6	5	25	50	6	0.86046511627907	74	TRUE	15	257	eligible	estimated		-0.513787844997219	0.936901823549903	-2.3587700462214	1.33119435622696	-0.548390271085701	0.583899999011656	-0.600420411421778	0.950600155146984	-2.47237788086277	1.27153705801921	0.528195010377746	0.957817869647846	Down	0.518928573720856	0.944631415335757	estimated	-0.513787844997219	1000	1000	-0.432838146005948	-1.98842973326914	1.02190275609362	0.697	TRUE	272	272	1	34726040	0.613167401477981	-0.902302292183409	0.0993795564807624	1000	1000	0.812	TRUE	-0.774176573894574	estimated	TRUE	-0.600420411421778	estimated	TRUE	-0.438285382007295	TRUE	-0.705868552460035	estimated	TRUE	5	5	0	1	complex_I	evaluated	0.977174114176916	TRUE	FALSE	TRUE	FALSE	TRUE	FALSE	FALSE	TRUE	TRUE	FALSE	FALSE	FALSE	TRUE	TRUE	TRUE	TRUE	TRUE	TRUE	FALSE	inconclusive	NA	1	5	2	Astrocytes	ε2−ε3/3 | M	Nuclear OXPHOS structural	3.68996440244836	-0.513787844997219	FALSE	-2.3587700462214	1.33119435622696	FALSE	FALSE	module_2	3.25
phase13_direct_respiratory_forest_plot_v1	astrocytes	nuclear_oxphos_structural_86	astrocytes::apoe_e4_minus_e33__Female::nuclear_oxphos_structural_86	apoe_e4_minus_e33__Female	6	apoe	2	direct_respiratory	AD__Female__e4	NCI__Female__e4	AD__Female__e33	NCI__Female__e33	26	11	37	45	25	11	37	44	11	0.86046511627907	74	TRUE	15	257	eligible	estimated		-0.0342421363855934	0.378486162961879	-0.779571280295735	0.711087007524549	-0.0904713031452149	0.927983167664062	0.0240940513610703	0.38542486596035	-0.73489904666889	0.783087149391031	0.95020292741961	0.957817869647846	Down	0.880401219883931	0.970903271611309	estimated	-0.0342421363855934	1000	1000	-0.0108610400080482	-0.712337393970947	0.781024839351383	0.513	TRUE	272	272	16	21401399	0.138023415430133	-0.172265551815727	0.0781776703570187	1000	1000	0.504	TRUE	-0.0895221397493604	estimated	TRUE	0.0240940513610703	estimated	FALSE	-0.0808157351393522	TRUE	-0.0804113207427244	estimated	TRUE	5	5	0	1	complex_IV	evaluated	0.977174114176916	TRUE	TRUE	TRUE	FALSE	FALSE	FALSE	FALSE	TRUE	TRUE	FALSE	FALSE	FALSE	TRUE	FALSE	TRUE	FALSE	TRUE	TRUE	FALSE	inconclusive	NA	1	6	2	Astrocytes	ε4−ε3/3 | F	Nuclear OXPHOS structural	1.49065828782028	-0.0342421363855934	FALSE	-0.779571280295735	0.711087007524549	FALSE	FALSE	module_2	3.25
phase13_direct_respiratory_forest_plot_v1	astrocytes	nuclear_oxphos_structural_86	astrocytes::apoe_e4_minus_e33__Male::nuclear_oxphos_structural_86	apoe_e4_minus_e33__Male	7	apoe	2	direct_respiratory	AD__Male__e4	NCI__Male__e4	AD__Male__e33	NCI__Male__e33	25	10	28	53	24	9	25	50	10	0.86046511627907	74	TRUE	15	257	eligible	estimated		0.35807032980503	0.478545745279447	-0.584299895462348	1.30044055507241	0.748246815141851	0.45499547482443	0.158937802640793	0.505623776421417	-0.836755496875535	1.15463110215712	0.753517809524861	0.957817869647846	Up	0.222281711868517	0.928715301675688	estimated	0.35807032980503	1000	1000	0.28022587869527	-0.570703709319792	1.18205462126051	0.746	TRUE	272	272	0	15218541	0.219597879642273	0.141439142491994	0.577668209447303	1000	1000	0.691	TRUE	0.131539345498324	estimated	FALSE	0.158937802640793	estimated	FALSE	0.450784668074491	TRUE	0.0457771372281647	estimated	TRUE	5	5	0	1	complex_IV	evaluated	0.977174114176916	TRUE	TRUE	TRUE	FALSE	TRUE	FALSE	FALSE	TRUE	TRUE	FALSE	FALSE	TRUE	TRUE	FALSE	FALSE	FALSE	TRUE	TRUE	FALSE	inconclusive	NA	1	7	2	Astrocytes	ε4−ε3/3 | M	Nuclear OXPHOS structural	1.88474045053476	0.35807032980503	FALSE	-0.584299895462348	1.30044055507241	FALSE	FALSE	module_2	3.25
phase13_direct_respiratory_forest_plot_v1	excitatory_neurons	nuclear_oxphos_structural_86	excitatory_neurons::sex_F_minus_M__e2::nuclear_oxphos_structural_86	sex_F_minus_M__e2	1	sex	2	direct_respiratory	AD__Female__e2	NCI__Female__e2	AD__Male__e2	NCI__Male__e2	8	17	7	6	8	17	7	6	6	0.941860465116279	81	TRUE	15	260	eligible	estimated		0.424965677831021	1.10101144816081	-1.74306899878546	2.5930003544475	0.38597752869955	0.699828952487608	0.484685272795428	1.08206457377468	-1.64604054499744	2.6154110905883	0.654579326231419	0.957817869647846	Up	0.52090768065932	0.944631415335757	estimated	0.424965677831021	1000	1000	0.321258455100823	-1.3834841534041	2.31997775906844	0.642	TRUE	275	275	2	34726040	0.498312632716559	-0.0733469548855377	0.699676496399226	1000	1000	0.713	TRUE	0.371971290970206	estimated	TRUE	0.484685272795428	estimated	TRUE	0.439564173377659	TRUE	0.371377539102901	estimated	TRUE	5	5	0	1	complex_I	evaluated	0.99603805157347	TRUE	FALSE	TRUE	FALSE	TRUE	FALSE	FALSE	TRUE	TRUE	FALSE	FALSE	FALSE	TRUE	TRUE	TRUE	FALSE	TRUE	TRUE	FALSE	inconclusive	NA	2	1	2	Excitatory neurons	F−M | ε2	Nuclear OXPHOS structural	4.33606935323296	0.424965677831021	FALSE	-1.74306899878546	2.5930003544475	FALSE	FALSE	module_2	3.25
phase13_direct_respiratory_forest_plot_v1	excitatory_neurons	nuclear_oxphos_structural_86	excitatory_neurons::sex_F_minus_M__e33::nuclear_oxphos_structural_86	sex_F_minus_M__e33	2	sex	2	direct_respiratory	AD__Female__e33	NCI__Female__e33	AD__Male__e33	NCI__Male__e33	37	45	28	53	37	45	28	53	28	0.941860465116279	81	TRUE	15	260	eligible	estimated		-0.133572033487571	0.298315768686567	-0.720994564083743	0.453850497108601	-0.447753848466226	0.654703692184771	-0.139295340356956	0.300467663293382	-0.730955231187477	0.452364550473565	0.64332571434908	0.957817869647846	Down	0.662025386650148	0.944631415335757	estimated	-0.133572033487571	1000	1000	-0.127878317883968	-0.744712436902684	0.438074422651515	0.675	TRUE	275	275	1	10101327	0.137709591679544	-0.195707872482139	0.00413755819197331	1000	1000	0.797	TRUE	-0.146787241496931	estimated	TRUE	-0.139295340356956	estimated	TRUE	-0.106769597151468	TRUE	-0.129314651719737	estimated	TRUE	5	5	0	1	complex_IV	evaluated	0.99603805157347	TRUE	TRUE	TRUE	FALSE	FALSE	FALSE	FALSE	TRUE	TRUE	FALSE	FALSE	FALSE	TRUE	TRUE	TRUE	FALSE	TRUE	TRUE	FALSE	inconclusive	NA	2	2	2	Excitatory neurons	F−M | ε3/3	Nuclear OXPHOS structural	1.17484506119234	-0.133572033487571	FALSE	-0.720994564083743	0.453850497108601	FALSE	FALSE	module_2	3.25
phase13_direct_respiratory_forest_plot_v1	excitatory_neurons	nuclear_oxphos_structural_86	excitatory_neurons::sex_F_minus_M__e4::nuclear_oxphos_structural_86	sex_F_minus_M__e4	3	sex	2	direct_respiratory	AD__Female__e4	NCI__Female__e4	AD__Male__e4	NCI__Male__e4	26	11	27	10	25	11	27	10	10	0.941860465116279	81	TRUE	15	260	eligible	estimated		-0.0901597278687424	0.598515515136763	-1.26871458620111	1.08839513046363	-0.150638915096697	0.880377363264116	-0.0370306083793964	0.602924444299072	-1.22426722140796	1.15020600464917	0.951073245804588	0.957817869647846	Down	0.872551803756953	0.970903271611309	estimated	-0.0901597278687424	1000	1000	-0.075995938642458	-1.13095593225253	0.980429185001821	0.561	TRUE	275	275	7	10260309	0.285340662553749	-0.375500390422491	0.102900459217459	1000	1000	0.606	TRUE	0.0351611015304528	estimated	FALSE	-0.0370306083793964	estimated	FALSE	0.0131013485589577	FALSE	0.0321823565256976	estimated	FALSE	5	5	0	0.8	complex_II	evaluated	0.99603805157347	TRUE	TRUE	TRUE	FALSE	FALSE	FALSE	FALSE	TRUE	TRUE	FALSE	FALSE	FALSE	TRUE	FALSE	FALSE	FALSE	TRUE	FALSE	FALSE	inconclusive	NA	2	3	2	Excitatory neurons	F−M | ε4	Nuclear OXPHOS structural	2.35710971666474	-0.0901597278687424	FALSE	-1.26871458620111	1.08839513046363	FALSE	FALSE	module_2	3.25
phase13_direct_respiratory_forest_plot_v1	excitatory_neurons	nuclear_oxphos_structural_86	excitatory_neurons::apoe_e2_minus_e33__Female::nuclear_oxphos_structural_86	apoe_e2_minus_e33__Female	4	apoe	2	direct_respiratory	AD__Female__e2	NCI__Female__e2	AD__Female__e33	NCI__Female__e33	8	17	37	45	8	17	37	45	8	0.941860465116279	81	TRUE	15	260	eligible	estimated		0.10016789928897	0.804828217985297	-1.48464349229678	1.68497929087472	0.12445873175237	0.901048241882958	0.0712955564950531	0.782927212562174	-1.47038990820827	1.61298102119838	0.927512795466801	0.957817869647846	Up	0.942789889018004	0.99386472359731	estimated	0.10016789928897	1000	1000	0.0650431195529857	-1.19226505455907	1.52238042542518	0.546	TRUE	275	275	4	21189544	0.463234139085869	-0.363066239796899	0.348820987497597	1000	1000	0.588	TRUE	0.0943589542482894	estimated	TRUE	0.0712955564950531	estimated	TRUE	0.0542716677752858	TRUE	0.0946146585543742	estimated	TRUE	5	5	0	0.8	complex_I	evaluated	0.99603805157347	TRUE	FALSE	TRUE	FALSE	FALSE	FALSE	FALSE	TRUE	TRUE	FALSE	FALSE	FALSE	TRUE	TRUE	TRUE	FALSE	TRUE	TRUE	FALSE	inconclusive	NA	2	4	2	Excitatory neurons	ε2−ε3/3 | F	Nuclear OXPHOS structural	3.1696227831715	0.10016789928897	FALSE	-1.48464349229678	1.68497929087472	FALSE	FALSE	module_2	3.25
phase13_direct_respiratory_forest_plot_v1	excitatory_neurons	nuclear_oxphos_structural_86	excitatory_neurons::apoe_e2_minus_e33__Male::nuclear_oxphos_structural_86	apoe_e2_minus_e33__Male	5	apoe	2	direct_respiratory	AD__Male__e2	NCI__Male__e2	AD__Male__e33	NCI__Male__e33	7	6	28	53	7	6	28	53	6	0.941860465116279	81	TRUE	15	260	eligible	estimated		-0.458369812029622	0.801101831201889	-2.03584346359604	1.11910383953679	-0.572174215782197	0.567698336397306	-0.552685056657331	0.800139156767476	-2.12826307711148	1.02289296379681	0.49034754496677	0.957817869647846	Down	0.431149274219908	0.944631415335757	estimated	-0.458369812029622	1000	1000	-0.399700453784967	-1.80903637829071	0.891447659072134	0.729	TRUE	275	275	1	34726040	0.490430772429496	-0.731409156822131	0.0320609603998735	1000	1000	0.734	TRUE	-0.424399578218847	estimated	TRUE	-0.552685056657331	estimated	TRUE	-0.492062102753841	TRUE	-0.406077532268264	estimated	TRUE	5	5	0	1	complex_II	evaluated	0.99603805157347	TRUE	FALSE	TRUE	FALSE	TRUE	FALSE	FALSE	TRUE	TRUE	FALSE	FALSE	FALSE	TRUE	TRUE	TRUE	FALSE	TRUE	TRUE	FALSE	inconclusive	NA	2	5	2	Excitatory neurons	ε2−ε3/3 | M	Nuclear OXPHOS structural	3.15494730313283	-0.458369812029622	FALSE	-2.03584346359604	1.11910383953679	FALSE	FALSE	module_2	3.25
phase13_direct_respiratory_forest_plot_v1	excitatory_neurons	nuclear_oxphos_structural_86	excitatory_neurons::apoe_e4_minus_e33__Female::nuclear_oxphos_structural_86	apoe_e4_minus_e33__Female	6	apoe	2	direct_respiratory	AD__Female__e4	NCI__Female__e4	AD__Female__e33	NCI__Female__e33	26	11	37	45	25	11	37	45	11	0.941860465116279	81	TRUE	15	260	eligible	estimated		0.0494324133428119	0.354992013458192	-0.649593011310953	0.748457837996576	0.139249367503401	0.889360898472193	0.0890526587259607	0.357573526730921	-0.615056101167206	0.793161418619128	0.803520952407592	0.957817869647846	Up	0.703106225733463	0.944631415335757	estimated	0.0494324133428119	1000	1000	0.0618526789488178	-0.684150718551933	0.765442119582978	0.563	TRUE	275	275	6	21159840	0.130016145039325	-0.0727266945492498	0.179448558382136	1000	1000	0.623	TRUE	0.179448558382136	estimated	TRUE	0.0890526587259607	estimated	TRUE	0.231043202668732	TRUE	0.182627760124713	estimated	TRUE	5	5	0	1	complex_II	evaluated	0.99603805157347	TRUE	TRUE	TRUE	FALSE	FALSE	FALSE	FALSE	TRUE	TRUE	FALSE	FALSE	FALSE	TRUE	TRUE	TRUE	FALSE	TRUE	TRUE	FALSE	inconclusive	NA	2	6	2	Excitatory neurons	ε4−ε3/3 | F	Nuclear OXPHOS structural	1.39805084930753	0.0494324133428119	FALSE	-0.649593011310953	0.748457837996576	FALSE	FALSE	module_2	3.25
phase13_direct_respiratory_forest_plot_v1	excitatory_neurons	nuclear_oxphos_structural_86	excitatory_neurons::apoe_e4_minus_e33__Male::nuclear_oxphos_structural_86	apoe_e4_minus_e33__Male	7	apoe	2	direct_respiratory	AD__Male__e4	NCI__Male__e4	AD__Male__e33	NCI__Male__e33	27	10	28	53	27	10	28	53	10	0.941860465116279	81	TRUE	15	260	eligible	estimated		0.00602010772398365	0.564927298392207	-1.10639518525732	1.11843540070528	0.0106564291389653	0.991505732730535	-0.0132120732515987	0.569463708098893	-1.13456014669387	1.10813600019067	0.981507812756714	0.996287655192214	Up	0.801882786730063	0.970088489617716	estimated	0.00602010772398365	1000	1000	0.0174312059047415	-1.03521371037064	1.05697759209148	0.51	TRUE	275	275	54	10260309	0.281105743425117	-0.190436274816538	0.287125851149101	1000	1000	0.5	TRUE	-0.00249978464524696	estimated	FALSE	-0.0132120732515987	estimated	FALSE	0.111172256958306	TRUE	0.0211307518792787	estimated	TRUE	5	5	1	1	complex_II	evaluated	0.99603805157347	TRUE	TRUE	TRUE	FALSE	FALSE	FALSE	FALSE	TRUE	TRUE	FALSE	FALSE	FALSE	TRUE	FALSE	FALSE	FALSE	FALSE	TRUE	FALSE	inconclusive	NA	2	7	2	Excitatory neurons	ε4−ε3/3 | M	Nuclear OXPHOS structural	2.2248305859626	0.00602010772398365	FALSE	-1.10639518525732	1.11843540070528	FALSE	FALSE	module_2	3.25
phase13_direct_respiratory_forest_plot_v1	inhibitory_neurons	nuclear_oxphos_structural_86	inhibitory_neurons::sex_F_minus_M__e2::nuclear_oxphos_structural_86	sex_F_minus_M__e2	1	sex	2	direct_respiratory	AD__Female__e2	NCI__Female__e2	AD__Male__e2	NCI__Male__e2	8	16	7	6	8	16	7	6	6	0.906976744186046	78	TRUE	15	258	eligible	estimated		-0.318989875566187	0.904619291725751	-2.10036743884647	1.46238768771409	-0.352623339435584	0.724658734258069	-0.214731258113363	0.905523111255481	-1.99788862406449	1.56842610783777	0.812740215290723	0.957817869647846	Down	0.874358814995196	0.970903271611309	estimated	-0.318989875566187	1000	1000	-0.337227874145742	-1.94084043739973	1.20566052384848	0.649	TRUE	273	273	0	34726040	0.412100368167144	-0.731090243733332	-0.0841517225634365	1000	1000	0.697	TRUE	-0.365983102693193	estimated	TRUE	-0.214731258113363	estimated	TRUE	-0.184282485955597	TRUE	-0.318989875566187	estimated	TRUE	5	5	0	1	complex_I	evaluated	0.995750752641785	TRUE	FALSE	TRUE	FALSE	TRUE	FALSE	FALSE	TRUE	TRUE	FALSE	FALSE	TRUE	TRUE	TRUE	TRUE	FALSE	TRUE	TRUE	FALSE	inconclusive	NA	3	1	2	Inhibitory neurons	F−M | ε2	Nuclear OXPHOS structural	3.56275512656056	-0.318989875566187	FALSE	-2.10036743884647	1.46238768771409	FALSE	FALSE	module_2	3.25
phase13_direct_respiratory_forest_plot_v1	inhibitory_neurons	nuclear_oxphos_structural_86	inhibitory_neurons::sex_F_minus_M__e33::nuclear_oxphos_structural_86	sex_F_minus_M__e33	2	sex	2	direct_respiratory	AD__Female__e33	NCI__Female__e33	AD__Male__e33	NCI__Male__e33	37	45	27	53	37	45	27	51	27	0.906976744186046	78	TRUE	15	258	eligible	estimated		-0.21415745428984	0.28190403871867	-0.76928327811958	0.340968369539901	-0.759682107653524	0.448138205941044	-0.230514309174032	0.286493347224367	-0.794677405675047	0.333648787326982	0.421787798444559	0.957817869647846	Up	0.748508579269219	0.944631415335757	estimated	-0.21415745428984	1000	1000	-0.209006210234965	-0.778145553651977	0.363238345490934	0.775	TRUE	273	273	0	10101327	0.116904643640551	-0.274855717413492	-0.097252810649289	1000	1000	0.893	TRUE	-0.103377512901238	estimated	FALSE	-0.230514309174032	estimated	TRUE	-0.121821689926073	TRUE	-0.21415745428984	estimated	TRUE	5	5	0	1	complex_V	evaluated	0.995750752641785	TRUE	TRUE	TRUE	FALSE	FALSE	FALSE	FALSE	TRUE	FALSE	FALSE	FALSE	TRUE	TRUE	TRUE	FALSE	TRUE	TRUE	TRUE	FALSE	inconclusive	NA	3	2	2	Inhibitory neurons	F−M | ε3/3	Nuclear OXPHOS structural	1.11025164765948	-0.21415745428984	FALSE	-0.76928327811958	0.340968369539901	FALSE	FALSE	module_2	3.25
phase13_direct_respiratory_forest_plot_v1	inhibitory_neurons	nuclear_oxphos_structural_86	inhibitory_neurons::sex_F_minus_M__e4::nuclear_oxphos_structural_86	sex_F_minus_M__e4	3	sex	2	direct_respiratory	AD__Female__e4	NCI__Female__e4	AD__Male__e4	NCI__Male__e4	26	11	27	10	24	11	26	10	10	0.906976744186046	78	TRUE	15	258	eligible	estimated		0.208554794972956	0.583668251915811	-0.940805535800379	1.35791512574629	0.357317353288282	0.721146346165148	0.243626314981304	0.594909534984227	-0.927870365993404	1.41512299595601	0.68249916017132	0.957817869647846	Up	0.504557768471628	0.944631415335757	estimated	0.208554794972956	1000	1000	0.239216353148509	-0.978609742506988	1.32161901282214	0.663	TRUE	273	273	1	10260309	0.277623618753365	-0.0690688237804089	0.419156032839026	1000	1000	0.738	TRUE	0.297938898074705	estimated	TRUE	0.243626314981304	estimated	TRUE	0.190963912970204	TRUE	0.208554794972956	estimated	TRUE	5	5	0	1	complex_I	evaluated	0.995750752641785	TRUE	TRUE	TRUE	FALSE	FALSE	FALSE	FALSE	TRUE	TRUE	FALSE	FALSE	FALSE	TRUE	TRUE	TRUE	FALSE	TRUE	TRUE	FALSE	inconclusive	NA	3	3	2	Inhibitory neurons	F−M | ε4	Nuclear OXPHOS structural	2.29872066154667	0.208554794972956	FALSE	-0.940805535800379	1.35791512574629	FALSE	FALSE	module_2	3.25
phase13_direct_respiratory_forest_plot_v1	inhibitory_neurons	nuclear_oxphos_structural_86	inhibitory_neurons::apoe_e2_minus_e33__Female::nuclear_oxphos_structural_86	apoe_e2_minus_e33__Female	4	apoe	2	direct_respiratory	AD__Female__e2	NCI__Female__e2	AD__Female__e33	NCI__Female__e33	8	16	37	45	8	16	37	45	8	0.906976744186046	78	TRUE	15	258	eligible	estimated		-0.166663637073766	0.657952939251526	-1.46230547712454	1.12897820297701	-0.253306318934237	0.80023323872248	-0.177359940510594	0.666465556747641	-1.4897648387352	1.13504495771401	0.790359192408763	0.957817869647846	Down	0.558323172966353	0.944631415335757	estimated	-0.166663637073766	1000	1000	-0.172176201010967	-1.2536182156523	1.09048272289775	0.602	TRUE	273	273	1	21189544	0.330741825640413	-0.497405462714179	0.0559451861050207	1000	1000	0.61	TRUE	-0.165538942811945	estimated	TRUE	-0.177359940510594	estimated	TRUE	-0.208485533805733	TRUE	-0.166663637073766	estimated	TRUE	5	5	0	1	complex_I	evaluated	0.995750752641785	TRUE	FALSE	TRUE	FALSE	FALSE	FALSE	FALSE	TRUE	TRUE	FALSE	FALSE	FALSE	TRUE	TRUE	TRUE	FALSE	TRUE	TRUE	FALSE	inconclusive	NA	3	4	2	Inhibitory neurons	ε2−ε3/3 | F	Nuclear OXPHOS structural	2.59128368010155	-0.166663637073766	FALSE	-1.46230547712454	1.12897820297701	FALSE	FALSE	module_2	3.25
phase13_direct_respiratory_forest_plot_v1	inhibitory_neurons	nuclear_oxphos_structural_86	inhibitory_neurons::apoe_e2_minus_e33__Male::nuclear_oxphos_structural_86	apoe_e2_minus_e33__Male	5	apoe	2	direct_respiratory	AD__Male__e2	NCI__Male__e2	AD__Male__e33	NCI__Male__e33	7	6	27	53	7	6	27	51	6	0.906976744186046	78	TRUE	15	258	eligible	estimated		-0.0618312157974183	0.68009712657807	-1.40107942022865	1.27741698863381	-0.0909152728059947	0.927630459248655	-0.193142991571264	0.675823115407672	-1.52397480728097	1.13768882413844	0.775268850910758	0.957817869647846	Up	0.992396811081268	0.99386472359731	estimated	-0.0618312157974183	1000	1000	-0.05176724314191	-1.19701046662503	1.0209740231202	0.527	TRUE	273	273	9	34726040	0.402496089022953	-0.299882817836684	0.340664873225534	1000	1000	0.501	TRUE	0.0970666469800092	estimated	FALSE	-0.193142991571264	estimated	TRUE	-0.146024737776209	TRUE	-0.0618312157974183	estimated	TRUE	5	5	0	0.8	complex_I	evaluated	0.995750752641785	TRUE	FALSE	TRUE	FALSE	FALSE	FALSE	FALSE	TRUE	FALSE	FALSE	FALSE	FALSE	TRUE	TRUE	FALSE	FALSE	TRUE	TRUE	FALSE	inconclusive	NA	3	5	2	Inhibitory neurons	ε2−ε3/3 | M	Nuclear OXPHOS structural	2.67849640886246	-0.0618312157974183	FALSE	-1.40107942022865	1.27741698863381	FALSE	FALSE	module_2	3.25
phase13_direct_respiratory_forest_plot_v1	inhibitory_neurons	nuclear_oxphos_structural_86	inhibitory_neurons::apoe_e4_minus_e33__Female::nuclear_oxphos_structural_86	apoe_e4_minus_e33__Female	6	apoe	2	direct_respiratory	AD__Female__e4	NCI__Female__e4	AD__Female__e33	NCI__Female__e33	26	11	37	45	24	11	37	45	11	0.906976744186046	78	TRUE	15	258	eligible	estimated		0.200706929897929	0.332188547402652	-0.453439218138401	0.854853077934259	0.604195814296536	0.546244382255453	0.234830230155936	0.342361434291069	-0.439348380843064	0.909008841154936	0.493383739480919	0.957817869647846	Up	0.655932075349557	0.944631415335757	estimated	0.200706929897929	1000	1000	0.201189088713075	-0.388145471201723	0.874418871424821	0.729	TRUE	273	273	0	20112377	0.169816083402013	0.0308908464959163	0.30939098229176	1000	1000	0.778	TRUE	0.226087789308829	estimated	TRUE	0.234830230155936	estimated	TRUE	0.304378246306557	TRUE	0.200706929897929	estimated	TRUE	5	5	0	1	complex_I	evaluated	0.995750752641785	TRUE	TRUE	TRUE	FALSE	FALSE	FALSE	FALSE	TRUE	TRUE	FALSE	FALSE	TRUE	TRUE	TRUE	TRUE	FALSE	TRUE	TRUE	FALSE	inconclusive	NA	3	6	2	Inhibitory neurons	ε4−ε3/3 | F	Nuclear OXPHOS structural	1.30829229607266	0.200706929897929	FALSE	-0.453439218138401	0.854853077934259	FALSE	FALSE	module_2	3.25
phase13_direct_respiratory_forest_plot_v1	inhibitory_neurons	nuclear_oxphos_structural_86	inhibitory_neurons::apoe_e4_minus_e33__Male::nuclear_oxphos_structural_86	apoe_e4_minus_e33__Male	7	apoe	2	direct_respiratory	AD__Male__e4	NCI__Male__e4	AD__Male__e33	NCI__Male__e33	27	10	27	53	26	10	27	51	10	0.906976744186046	78	TRUE	15	258	eligible	estimated		-0.222005319364866	0.55611587942387	-1.31710948003304	0.873098841303305	-0.399206941536828	0.690070971005326	-0.2393103939994	0.563361241584932	-1.3486821318789	0.870061343880101	0.671343585511299	0.957817869647846	Down	0.882994725497624	0.970903271611309	estimated	-0.222005319364866	1000	1000	-0.221405273715642	-1.27456680321515	0.893337142929224	0.669	TRUE	273	273	1	10260309	0.269147687215891	-0.437520482106336	0.0471423678510242	1000	1000	0.68	TRUE	-0.175228621667114	estimated	TRUE	-0.2393103939994	estimated	TRUE	-0.00840735658971969	TRUE	-0.222005319364866	estimated	TRUE	5	5	0	1	complex_I	evaluated	0.995750752641785	TRUE	TRUE	TRUE	FALSE	FALSE	FALSE	FALSE	TRUE	TRUE	FALSE	FALSE	FALSE	TRUE	TRUE	TRUE	FALSE	TRUE	TRUE	FALSE	inconclusive	NA	3	7	2	Inhibitory neurons	ε4−ε3/3 | M	Nuclear OXPHOS structural	2.19020832133635	-0.222005319364866	FALSE	-1.31710948003304	0.873098841303305	FALSE	FALSE	module_2	3.25
phase13_direct_respiratory_forest_plot_v1	immune_cells	nuclear_oxphos_structural_86	immune_cells::sex_F_minus_M__e2::nuclear_oxphos_structural_86	sex_F_minus_M__e2	1	sex	2	direct_respiratory	AD__Female__e2	NCI__Female__e2	AD__Male__e2	NCI__Male__e2	7	14	7	5	6	12	5	4	5	0.837209302325581	72	TRUE	15	249	eligible	estimated		0.297705799588375	1.39484319702296	-2.44948930152568	3.04490090070243	0.213433165981505	0.831163764543024	0.671120746632342	1.45295904248777	-2.19053565471875	3.53277714798343	0.644556840966936	0.957817869647846	Up	0.723511611070009	0.944631415335757	estimated	0.297705799588375	1000	1000	0.292056405872871	-1.9093270113165	2.37669165186366	0.603	TRUE	264	264	2	34726040	0.993091718454526	-0.695385918866151	1.08339582914916	1000	1000	0.725	TRUE	NA	not_testable_threshold50	FALSE	0.671120746632342	estimated	TRUE	0.352497624101264	TRUE	0.297948238186839	estimated	TRUE	5	5	0	0.8	complex_I	evaluated	0.945465686747791	TRUE	FALSE	TRUE	FALSE	TRUE	FALSE	FALSE	TRUE	TRUE	FALSE	FALSE	FALSE	TRUE	TRUE	FALSE	FALSE	TRUE	TRUE	FALSE	inconclusive	NA	4	1	2	Immune cells	F−M | ε2	Nuclear OXPHOS structural	5.49439020222811	0.297705799588375	FALSE	-2.44948930152568	3.04490090070243	FALSE	FALSE	module_2	3.25
phase13_direct_respiratory_forest_plot_v1	immune_cells	nuclear_oxphos_structural_86	immune_cells::sex_F_minus_M__e33::nuclear_oxphos_structural_86	sex_F_minus_M__e33	2	sex	2	direct_respiratory	AD__Female__e33	NCI__Female__e33	AD__Male__e33	NCI__Male__e33	37	45	25	51	32	42	24	48	25	0.837209302325581	72	TRUE	15	249	eligible	estimated		0.193456327277797	0.284595617453241	-0.36706523366523	0.753977888220824	0.679758630891716	0.497288759610496	0.215660864052733	0.289390212418429	-0.354303828439636	0.785625556545102	0.456838462637291	0.957817869647846	Up	0.350127587145361	0.944631415335757	estimated	0.193456327277797	1000	1000	0.193282605317215	-0.349481216610352	0.774205301838366	0.758	TRUE	264	264	0	82317494	0.0829352125020229	0.143410571394815	0.27639153977982	1000	1000	0.881	TRUE	0.358652693690842	estimated	TRUE	0.215660864052733	estimated	TRUE	0.19913751557049	TRUE	0.217898784358057	estimated	TRUE	5	5	0	0.8	complex_I	evaluated	0.945465686747791	TRUE	TRUE	TRUE	FALSE	FALSE	FALSE	FALSE	TRUE	TRUE	FALSE	FALSE	TRUE	TRUE	TRUE	TRUE	TRUE	TRUE	TRUE	FALSE	inconclusive	NA	4	2	2	Immune cells	F−M | ε3/3	Nuclear OXPHOS structural	1.12104312188605	0.193456327277797	FALSE	-0.36706523366523	0.753977888220824	FALSE	FALSE	module_2	3.25
phase13_direct_respiratory_forest_plot_v1	immune_cells	nuclear_oxphos_structural_86	immune_cells::sex_F_minus_M__e4::nuclear_oxphos_structural_86	sex_F_minus_M__e4	3	sex	2	direct_respiratory	AD__Female__e4	NCI__Female__e4	AD__Male__e4	NCI__Male__e4	26	11	26	10	26	11	23	9	10	0.837209302325581	72	TRUE	15	249	eligible	estimated		0.00269605707635688	0.578872905247585	-1.13741547148684	1.14280758563955	0.00465742488880831	0.996287655192214	0.420288090802955	0.576432786953729	-0.715017534819091	1.555593716425	0.466614128753736	0.996287655192214	Up	0.597477039245846	0.944631415335757	estimated	0.00269605707635688	1000	1000	0.0323666326943638	-0.963282969654192	1.08014831532029	0.533	TRUE	264	264	49	10202345	0.268377721156045	-0.265681664079688	0.25715709629945	1000	1000	0.463	TRUE	0.170985150103784	estimated	TRUE	0.420288090802955	estimated	TRUE	-0.0203465508369135	FALSE	0.00901400405610663	estimated	TRUE	5	5	3	1	complex_I	evaluated	0.945465686747791	TRUE	TRUE	TRUE	FALSE	FALSE	FALSE	FALSE	TRUE	TRUE	FALSE	FALSE	FALSE	TRUE	TRUE	TRUE	FALSE	FALSE	TRUE	FALSE	inconclusive	NA	4	3	2	Immune cells	F−M | ε4	Nuclear OXPHOS structural	2.28022305712639	0.00269605707635688	FALSE	-1.13741547148684	1.14280758563955	FALSE	FALSE	module_2	3.25
phase13_direct_respiratory_forest_plot_v1	immune_cells	nuclear_oxphos_structural_86	immune_cells::apoe_e2_minus_e33__Female::nuclear_oxphos_structural_86	apoe_e2_minus_e33__Female	4	apoe	2	direct_respiratory	AD__Female__e2	NCI__Female__e2	AD__Female__e33	NCI__Female__e33	7	14	37	45	6	12	32	42	7	0.837209302325581	72	TRUE	15	249	eligible	estimated		0.224089359075058	0.581547850872698	-0.921290573515734	1.36946929166585	0.385332623512887	0.700319960142734	0.272307190963409	0.723431786376296	-1.15251838352762	1.69713276545444	0.706932409942765	0.957817869647846	Down	0.34723224031905	0.944631415335757	estimated	0.224089359075058	1000	1000	0.214455323473272	-0.704616254259663	1.16406065395785	0.663	TRUE	264	264	1	21189544	0.324671866670743	-0.100582507595685	0.470652461247653	1000	1000	0.669	TRUE	-0.0836586822977389	estimated	FALSE	0.272307190963409	estimated	TRUE	0.277052837203341	TRUE	0.195190311934409	estimated	TRUE	5	5	0	0.8	complex_V	evaluated	0.945465686747791	TRUE	FALSE	TRUE	FALSE	FALSE	FALSE	FALSE	TRUE	FALSE	FALSE	FALSE	FALSE	TRUE	TRUE	FALSE	FALSE	TRUE	TRUE	FALSE	inconclusive	NA	4	4	2	Immune cells	ε2−ε3/3 | F	Nuclear OXPHOS structural	2.29075986518158	0.224089359075058	FALSE	-0.921290573515734	1.36946929166585	FALSE	FALSE	module_2	3.25
phase13_direct_respiratory_forest_plot_v1	immune_cells	nuclear_oxphos_structural_86	immune_cells::apoe_e2_minus_e33__Male::nuclear_oxphos_structural_86	apoe_e2_minus_e33__Male	5	apoe	2	direct_respiratory	AD__Male__e2	NCI__Male__e2	AD__Male__e33	NCI__Male__e33	7	5	25	51	5	4	24	48	5	0.837209302325581	72	TRUE	15	249	eligible	estimated		0.11983988676448	1.2885421020937	-2.41799128881586	2.65767106234482	0.0930042460931289	0.925974974790729	-0.183152691616201	1.28524087274926	-2.71448197429413	2.34817659106173	0.886796715172488	0.957817869647846	Down	0.633963410094764	0.944631415335757	estimated	0.11983988676448	1000	1000	0.142551146465344	-1.78838291485529	1.99387059903205	0.555	TRUE	264	264	3	34726040	1.00297024139782	-0.63793892994527	1.1228101281623	1000	1000	0.58	TRUE	NA	not_testable_threshold50	FALSE	-0.183152691616201	estimated	FALSE	0.123692728672566	TRUE	0.115140858105628	estimated	TRUE	5	5	1	0.8	complex_I	evaluated	0.945465686747791	TRUE	FALSE	TRUE	FALSE	FALSE	FALSE	FALSE	TRUE	FALSE	FALSE	FALSE	FALSE	TRUE	FALSE	FALSE	FALSE	FALSE	TRUE	FALSE	inconclusive	NA	4	5	2	Immune cells	ε2−ε3/3 | M	Nuclear OXPHOS structural	5.07566235116068	0.11983988676448	FALSE	-2.41799128881586	2.65767106234482	FALSE	FALSE	module_2	3.25
phase13_direct_respiratory_forest_plot_v1	immune_cells	nuclear_oxphos_structural_86	immune_cells::apoe_e4_minus_e33__Female::nuclear_oxphos_structural_86	apoe_e4_minus_e33__Female	6	apoe	2	direct_respiratory	AD__Female__e4	NCI__Female__e4	AD__Female__e33	NCI__Female__e33	26	11	37	45	26	11	32	42	11	0.837209302325581	72	TRUE	15	249	eligible	estimated		0.147551486812177	0.345359385743402	-0.532646555995078	0.827749529619432	0.42724041361889	0.669573439892267	0.289156808777822	0.366100776645238	-0.43189216809674	1.01020578565238	0.430379458714377	0.957817869647846	Up	0.879583304148222	0.970903271611309	estimated	0.147551486812177	1000	1000	0.173424631185057	-0.460295353340981	0.845240909309689	0.693	TRUE	264	264	0	50100932	0.109937451345591	0.0376140354665861	0.247108456670285	1000	1000	0.645	TRUE	-0.00222492170328317	estimated	FALSE	0.289156808777822	estimated	TRUE	0.143464650839582	TRUE	0.132533523901736	estimated	TRUE	5	5	0	0.8	complex_I	evaluated	0.945465686747791	TRUE	TRUE	TRUE	FALSE	FALSE	FALSE	FALSE	TRUE	TRUE	FALSE	FALSE	TRUE	TRUE	TRUE	FALSE	FALSE	TRUE	TRUE	FALSE	inconclusive	NA	4	6	2	Immune cells	ε4−ε3/3 | F	Nuclear OXPHOS structural	1.36039608561451	0.147551486812177	FALSE	-0.532646555995078	0.827749529619432	FALSE	FALSE	module_2	3.25
phase13_direct_respiratory_forest_plot_v1	immune_cells	nuclear_oxphos_structural_86	immune_cells::apoe_e4_minus_e33__Male::nuclear_oxphos_structural_86	apoe_e4_minus_e33__Male	7	apoe	2	direct_respiratory	AD__Male__e4	NCI__Male__e4	AD__Male__e33	NCI__Male__e33	26	10	25	51	23	9	24	48	10	0.837209302325581	72	TRUE	15	249	eligible	estimated		0.338311757013617	0.546824446587462	-0.73867915066742	1.41530266469465	0.618684404336532	0.536689845423788	0.0845295820276004	0.530508257882414	-0.960325990459469	1.12938515451467	0.873532555941857	0.957817869647846	Up	0.838395447340287	0.970903271611309	estimated	0.338311757013617	1000	1000	0.344742018846216	-0.621044131712944	1.26946652507496	0.735	TRUE	264	264	0	10202345	0.278932984027194	0.0690821052722506	0.617244741040811	1000	1000	0.758	TRUE	0.185442621883774	estimated	TRUE	0.0845295820276004	estimated	FALSE	0.362948717246986	TRUE	0.341418304203687	estimated	TRUE	5	5	0	0.8	complex_I	evaluated	0.945465686747791	TRUE	TRUE	TRUE	FALSE	TRUE	FALSE	FALSE	TRUE	TRUE	FALSE	FALSE	TRUE	TRUE	FALSE	TRUE	FALSE	TRUE	TRUE	FALSE	inconclusive	NA	4	7	2	Immune cells	ε4−ε3/3 | M	Nuclear OXPHOS structural	2.15398181536207	0.338311757013617	FALSE	-0.73867915066742	1.41530266469465	FALSE	FALSE	module_2	3.25
phase13_direct_respiratory_forest_plot_v1	opcs	nuclear_oxphos_structural_86	opcs::sex_F_minus_M__e2::nuclear_oxphos_structural_86	sex_F_minus_M__e2	1	sex	2	direct_respiratory	AD__Female__e2	NCI__Female__e2	AD__Male__e2	NCI__Male__e2	8	15	7	5	7	14	5	5	5	0.86046511627907	74	TRUE	15	253	eligible	estimated		0.807594603214145	1.14174225155492	-1.44093523733473	3.05612444376302	0.707335304543819	0.480009155167814	0.886879209624577	1.16036165675698	-1.39831940459286	3.17207782384202	0.445393139394558	0.957817869647846	Up	0.558253636020805	0.944631415335757	estimated	0.807594603214145	1000	1000	0.785838928260893	-1.01846177335793	2.67083791351467	0.797	TRUE	268	268	0	34726040	0.668275501544702	0.139319101669442	1.15627194162247	1000	1000	0.885	TRUE	1.24313041523448	estimated	TRUE	0.886879209624577	estimated	TRUE	0.263733157518936	TRUE	0.801762058156116	estimated	TRUE	5	5	0	1	complex_V	evaluated	0.986453088632062	TRUE	FALSE	TRUE	FALSE	TRUE	FALSE	FALSE	TRUE	TRUE	FALSE	FALSE	TRUE	TRUE	TRUE	TRUE	TRUE	TRUE	TRUE	FALSE	inconclusive	NA	5	1	2	Oligodendrocyte precursor cells	F−M | ε2	Nuclear OXPHOS structural	4.49705968109775	0.807594603214145	FALSE	-1.44093523733473	3.05612444376302	FALSE	FALSE	module_2	3.25
phase13_direct_respiratory_forest_plot_v1	opcs	nuclear_oxphos_structural_86	opcs::sex_F_minus_M__e33::nuclear_oxphos_structural_86	sex_F_minus_M__e33	2	sex	2	direct_respiratory	AD__Female__e33	NCI__Female__e33	AD__Male__e33	NCI__Male__e33	37	45	28	53	36	44	24	52	28	0.86046511627907	74	TRUE	15	253	eligible	estimated		0.815475209726173	0.34811732547424	0.129898238851286	1.50105218060106	2.34252980260391	0.019929222764168	0.696457054924331	0.337911468014813	0.0309793446440823	1.36193476520458	0.0403190158665023	0.876056714706422	Up	0.0406431746553948	0.671359518075895	estimated	0.815475209726173	1000	1000	0.808597439143651	0.107204624517866	1.46459081572897	0.989	TRUE	268	268	0	10101327	0.140445929235876	0.696421678861896	0.955921138962049	1000	1000	1	TRUE	0.796869287331559	estimated	TRUE	0.696457054924331	estimated	TRUE	0.72592102438773	TRUE	0.754471625732305	estimated	TRUE	5	5	0	1	complex_I	evaluated	0.986453088632062	TRUE	TRUE	TRUE	FALSE	TRUE	TRUE	FALSE	TRUE	TRUE	FALSE	TRUE	TRUE	TRUE	TRUE	TRUE	TRUE	TRUE	TRUE	FALSE	inconclusive	NA	5	2	2	Oligodendrocyte precursor cells	F−M | ε3/3	Nuclear OXPHOS structural	1.37115394174977	0.815475209726173	FALSE	0.129898238851286	1.50105218060106	FALSE	FALSE	module_2	3.25
phase13_direct_respiratory_forest_plot_v1	opcs	nuclear_oxphos_structural_86	opcs::sex_F_minus_M__e4::nuclear_oxphos_structural_86	sex_F_minus_M__e4	3	sex	2	direct_respiratory	AD__Female__e4	NCI__Female__e4	AD__Male__e4	NCI__Male__e4	24	11	25	10	24	11	25	8	10	0.86046511627907	74	TRUE	15	253	eligible	estimated		0.0576535422905475	0.641255167354278	-1.20522463992491	1.320531724506	0.0899073336569236	0.92843198762636	0.238684050218484	0.632664777870077	-1.00727634948445	1.48464444992142	0.70629086368242	0.957817869647846	Down	0.758858605974647	0.944631415335757	estimated	0.0576535422905475	1000	1000	0.111374337797512	-1.03626425250244	1.13906245134336	0.575	TRUE	268	268	4	11697592	0.243189267802181	-0.175039105861935	0.300842810092729	1000	1000	0.57	TRUE	-0.0860028947523413	estimated	FALSE	0.238684050218484	estimated	TRUE	-0.169446653137544	FALSE	0.0519225063863041	estimated	TRUE	5	5	0	1	complex_II	evaluated	0.986453088632062	TRUE	TRUE	TRUE	FALSE	FALSE	FALSE	FALSE	TRUE	FALSE	FALSE	FALSE	FALSE	TRUE	TRUE	FALSE	FALSE	TRUE	TRUE	FALSE	inconclusive	NA	5	3	2	Oligodendrocyte precursor cells	F−M | ε4	Nuclear OXPHOS structural	2.52575636443091	0.0576535422905475	FALSE	-1.20522463992491	1.320531724506	FALSE	FALSE	module_2	3.25
phase13_direct_respiratory_forest_plot_v1	opcs	nuclear_oxphos_structural_86	opcs::apoe_e2_minus_e33__Female::nuclear_oxphos_structural_86	apoe_e2_minus_e33__Female	4	apoe	2	direct_respiratory	AD__Female__e2	NCI__Female__e2	AD__Female__e33	NCI__Female__e33	8	15	37	45	7	14	36	44	8	0.86046511627907	74	TRUE	15	253	eligible	estimated		-0.335997924707694	0.677962852857635	-1.67116766495157	0.999171815536182	-0.495599313873101	0.620607341065563	-0.342729249972274	0.696318280242489	-1.71404788998285	1.02858939003831	0.623003371267288	0.957817869647846	Down	0.408885323281808	0.944631415335757	estimated	-0.335997924707694	1000	1000	-0.351957556248763	-1.5345018950366	0.973789784697186	0.71	TRUE	268	268	0	21189544	0.323932907394681	-0.659930832102375	-0.0865203770828004	1000	1000	0.771	TRUE	-0.110456081916334	estimated	FALSE	-0.342729249972274	estimated	TRUE	-0.205419255029989	TRUE	-0.269750894156253	estimated	TRUE	5	5	0	1	complex_I	evaluated	0.986453088632062	TRUE	FALSE	TRUE	FALSE	TRUE	FALSE	FALSE	TRUE	TRUE	FALSE	FALSE	TRUE	TRUE	TRUE	FALSE	FALSE	TRUE	TRUE	FALSE	inconclusive	NA	5	4	2	Oligodendrocyte precursor cells	ε2−ε3/3 | F	Nuclear OXPHOS structural	2.67033948048775	-0.335997924707694	FALSE	-1.67116766495157	0.999171815536182	FALSE	FALSE	module_2	3.25
phase13_direct_respiratory_forest_plot_v1	opcs	nuclear_oxphos_structural_86	opcs::apoe_e2_minus_e33__Male::nuclear_oxphos_structural_86	apoe_e2_minus_e33__Male	5	apoe	2	direct_respiratory	AD__Male__e2	NCI__Male__e2	AD__Male__e33	NCI__Male__e33	7	5	28	53	5	5	24	52	5	0.86046511627907	74	TRUE	15	253	eligible	estimated		-0.328117318195666	0.9821507643994	-2.26235010905749	1.60611547266616	-0.334080397927822	0.738595643994907	-0.53315140467252	0.990911987152608	-2.48463841449091	1.41833560514587	0.591021647045705	0.957817869647846	Down	0.99386472359731	0.99386472359731	estimated	-0.328117318195666	1000	1000	-0.337192900986771	-1.85660550878779	1.16097096327913	0.651	TRUE	268	268	1	34726040	0.658968545194088	-0.756139000643301	0.330851226998422	1000	1000	0.661	TRUE	-0.55671720981925	estimated	TRUE	-0.53315140467252	estimated	TRUE	0.256768611838805	FALSE	-0.317041326580064	estimated	TRUE	5	5	0	1	complex_V	evaluated	0.986453088632062	TRUE	FALSE	TRUE	FALSE	TRUE	FALSE	FALSE	TRUE	TRUE	FALSE	FALSE	FALSE	TRUE	TRUE	TRUE	FALSE	TRUE	TRUE	FALSE	inconclusive	NA	5	5	2	Oligodendrocyte precursor cells	ε2−ε3/3 | M	Nuclear OXPHOS structural	3.86846558172365	-0.328117318195666	FALSE	-2.26235010905749	1.60611547266616	FALSE	FALSE	module_2	3.25
phase13_direct_respiratory_forest_plot_v1	opcs	nuclear_oxphos_structural_86	opcs::apoe_e4_minus_e33__Female::nuclear_oxphos_structural_86	apoe_e4_minus_e33__Female	6	apoe	2	direct_respiratory	AD__Female__e4	NCI__Female__e4	AD__Female__e33	NCI__Female__e33	24	11	37	45	24	11	36	44	11	0.86046511627907	74	TRUE	15	253	eligible	estimated		-0.280018905532101	0.345919115495704	-0.961266755078772	0.401228944014571	-0.809492430422157	0.418992607437536	-0.22193234107203	0.345736987006644	-0.90282150953993	0.45895682739587	0.521512203991519	0.957817869647846	Down	0.50166190696319	0.944631415335757	estimated	-0.280018905532101	1000	1000	-0.234257354216895	-0.873268472028986	0.407379461626091	0.763	TRUE	268	268	0	20288196	0.126324549408591	-0.406343454940691	-0.177642688667929	1000	1000	0.732	TRUE	-0.220749145632958	estimated	TRUE	-0.22193234107203	estimated	TRUE	-0.375964360232588	TRUE	-0.243393875191749	estimated	TRUE	5	5	0	1	complex_II	evaluated	0.986453088632062	TRUE	TRUE	TRUE	FALSE	TRUE	FALSE	FALSE	TRUE	TRUE	FALSE	FALSE	TRUE	TRUE	TRUE	TRUE	FALSE	TRUE	TRUE	FALSE	inconclusive	NA	5	6	2	Oligodendrocyte precursor cells	ε4−ε3/3 | F	Nuclear OXPHOS structural	1.36249569909334	-0.280018905532101	FALSE	-0.961266755078772	0.401228944014571	FALSE	FALSE	module_2	3.25
phase13_direct_respiratory_forest_plot_v1	opcs	nuclear_oxphos_structural_86	opcs::apoe_e4_minus_e33__Male::nuclear_oxphos_structural_86	apoe_e4_minus_e33__Male	7	apoe	2	direct_respiratory	AD__Male__e4	NCI__Male__e4	AD__Male__e33	NCI__Male__e33	25	10	28	53	25	8	24	52	10	0.86046511627907	74	TRUE	15	253	eligible	estimated		0.477802761903525	0.648320471437197	-0.798989722810029	1.75459524661708	0.736985461594837	0.461814069678938	0.235840663633817	0.633002457445111	-1.01078475709288	1.48246608436052	0.709776967812598	0.957817869647846	Up	0.165833232510172	0.904544904600936	estimated	0.477802761903525	1000	1000	0.509826566395256	-0.619198932698539	1.63889793171621	0.786	TRUE	268	268	0	15218541	0.27962361943937	0.237022865644141	0.757426381342896	1000	1000	0.763	TRUE	0.662123036450942	estimated	TRUE	0.235840663633817	estimated	FALSE	0.519403317292686	TRUE	0.459155244154253	estimated	TRUE	5	5	0	1	complex_I	evaluated	0.986453088632062	TRUE	TRUE	TRUE	FALSE	TRUE	FALSE	FALSE	TRUE	TRUE	FALSE	FALSE	TRUE	TRUE	FALSE	TRUE	FALSE	TRUE	TRUE	FALSE	inconclusive	NA	5	7	2	Oligodendrocyte precursor cells	ε4−ε3/3 | M	Nuclear OXPHOS structural	2.55358496942711	0.477802761903525	FALSE	-0.798989722810029	1.75459524661708	FALSE	FALSE	module_2	3.25
phase13_direct_respiratory_forest_plot_v1	oligodendrocytes	nuclear_oxphos_structural_86	oligodendrocytes::sex_F_minus_M__e2::nuclear_oxphos_structural_86	sex_F_minus_M__e2	1	sex	2	direct_respiratory	AD__Female__e2	NCI__Female__e2	AD__Male__e2	NCI__Male__e2	8	17	7	6	8	17	7	6	6	0.883720930232558	76	TRUE	15	260	eligible	estimated		0.921248827107397	1.09215471376393	-1.2293457880764	3.07184344229119	0.84351494847508	0.399715879671791	0.887327354543913	1.06783443262484	-1.21537746535875	2.99003217444657	0.406758836617333	0.957817869647846	Up	0.548838508274557	0.944631415335757	estimated	0.921248827107397	1000	1000	0.789782947592713	-0.994508807675	2.61928028414572	0.806	TRUE	275	275	0	34726040	0.673429351966859	0.247819475140538	1.26781870847979	1000	1000	0.948	TRUE	0.921049966756215	estimated	TRUE	0.887327354543913	estimated	TRUE	0.723240374224375	TRUE	0.867738470905128	estimated	TRUE	5	5	0	1	complex_IV	evaluated	0.984631028815933	TRUE	FALSE	TRUE	FALSE	TRUE	FALSE	FALSE	TRUE	TRUE	FALSE	TRUE	TRUE	TRUE	TRUE	TRUE	TRUE	TRUE	TRUE	FALSE	inconclusive	NA	6	1	2	Oligodendrocytes	F−M | ε2	Nuclear OXPHOS structural	4.30118923036759	0.921248827107397	FALSE	-1.2293457880764	3.07184344229119	FALSE	FALSE	module_2	3.25
phase13_direct_respiratory_forest_plot_v1	oligodendrocytes	nuclear_oxphos_structural_86	oligodendrocytes::sex_F_minus_M__e33::nuclear_oxphos_structural_86	sex_F_minus_M__e33	2	sex	2	direct_respiratory	AD__Female__e33	NCI__Female__e33	AD__Male__e33	NCI__Male__e33	37	45	28	53	37	45	28	53	28	0.883720930232558	76	TRUE	15	260	eligible	estimated		0.555526690142133	0.339490376119847	-0.112973995327488	1.22402737561175	1.63635475176481	0.102975228711085	0.469139022061018	0.331543058775126	-0.183712362378888	1.12199040650092	0.158260112571184	0.957817869647846	Up	0.0836303668654211	0.756043206083282	estimated	0.555526690142133	1000	1000	0.563134302401838	-0.127622847610582	1.22280861961145	0.949	TRUE	275	275	0	10101327	0.141793229319907	0.481609712454033	0.69731991946204	1000	1000	1	TRUE	0.555698751151073	estimated	TRUE	0.469139022061018	estimated	TRUE	0.447978551591826	TRUE	0.51382100821351	estimated	TRUE	5	5	0	1	complex_IV	evaluated	0.984631028815933	TRUE	TRUE	TRUE	FALSE	TRUE	FALSE	FALSE	TRUE	TRUE	FALSE	TRUE	TRUE	TRUE	TRUE	TRUE	TRUE	TRUE	TRUE	FALSE	inconclusive	NA	6	2	2	Oligodendrocytes	F−M | ε3/3	Nuclear OXPHOS structural	1.33700137093924	0.555526690142133	FALSE	-0.112973995327488	1.22402737561175	FALSE	FALSE	module_2	3.25
phase13_direct_respiratory_forest_plot_v1	oligodendrocytes	nuclear_oxphos_structural_86	oligodendrocytes::sex_F_minus_M__e4::nuclear_oxphos_structural_86	sex_F_minus_M__e4	3	sex	2	direct_respiratory	AD__Female__e4	NCI__Female__e4	AD__Male__e4	NCI__Male__e4	26	11	27	10	26	11	26	10	10	0.883720930232558	76	TRUE	15	260	eligible	estimated		0.462215628898692	0.600878082490919	-0.720991431695705	1.64542268949309	0.769233630527167	0.442452861695451	0.592806813124598	0.592054895391307	-0.573026245026692	1.75863987127589	0.317627226454564	0.957817869647846	Up	0.860834978685023	0.970903271611309	estimated	0.462215628898692	1000	1000	0.471398220836948	-0.603285928599052	1.55189020589223	0.794	TRUE	275	275	0	15218541	0.30947746432395	0.152738164574742	0.638276897755108	1000	1000	0.881	TRUE	0.463183314077268	estimated	TRUE	0.592806813124598	estimated	TRUE	0.429868508538536	TRUE	0.519683093477739	estimated	TRUE	5	5	0	1	complex_I	evaluated	0.984631028815933	TRUE	TRUE	TRUE	FALSE	TRUE	FALSE	FALSE	TRUE	TRUE	FALSE	FALSE	TRUE	TRUE	TRUE	TRUE	TRUE	TRUE	TRUE	FALSE	inconclusive	NA	6	3	2	Oligodendrocytes	F−M | ε4	Nuclear OXPHOS structural	2.36641412118879	0.462215628898692	FALSE	-0.720991431695705	1.64542268949309	FALSE	FALSE	module_2	3.25
phase13_direct_respiratory_forest_plot_v1	oligodendrocytes	nuclear_oxphos_structural_86	oligodendrocytes::apoe_e2_minus_e33__Female::nuclear_oxphos_structural_86	apoe_e2_minus_e33__Female	4	apoe	2	direct_respiratory	AD__Female__e2	NCI__Female__e2	AD__Female__e33	NCI__Female__e33	8	17	37	45	8	17	37	45	8	0.883720930232558	76	TRUE	15	260	eligible	estimated		-0.20856864383706	0.665282274211068	-1.51859593068976	1.10145864301564	-0.313503984582174	0.75414915389132	-0.347840487850265	0.658872189475482	-1.64524548452604	0.949564508825514	0.597995984854446	0.957817869647846	Down	0.346917786400657	0.944631415335757	estimated	-0.20856864383706	1000	1000	-0.260088521867943	-1.30430815758735	1.08520028351644	0.675	TRUE	275	275	1	20104101	0.356634009390366	-0.565202653227426	0.0528665646226544	1000	1000	0.665	TRUE	-0.208542806342989	estimated	TRUE	-0.347840487850265	estimated	TRUE	-0.113347119672903	TRUE	-0.178090676795451	estimated	TRUE	5	5	0	1	complex_I	evaluated	0.984631028815933	TRUE	FALSE	TRUE	FALSE	FALSE	FALSE	FALSE	TRUE	TRUE	FALSE	FALSE	FALSE	TRUE	TRUE	TRUE	FALSE	TRUE	TRUE	FALSE	inconclusive	NA	6	4	2	Oligodendrocytes	ε2−ε3/3 | F	Nuclear OXPHOS structural	2.6200545737054	-0.20856864383706	FALSE	-1.51859593068976	1.10145864301564	FALSE	FALSE	module_2	3.25
phase13_direct_respiratory_forest_plot_v1	oligodendrocytes	nuclear_oxphos_structural_86	oligodendrocytes::apoe_e2_minus_e33__Male::nuclear_oxphos_structural_86	apoe_e2_minus_e33__Male	5	apoe	2	direct_respiratory	AD__Male__e2	NCI__Male__e2	AD__Male__e33	NCI__Male__e33	7	6	28	53	7	6	28	53	6	0.883720930232558	76	TRUE	15	260	eligible	estimated		-0.574290780802324	0.9265159096867	-2.39872105715695	1.2501394955523	-0.619839092667626	0.535906559859715	-0.76602882033316	0.903720986250608	-2.54557292902548	1.01351528835916	0.397418862981727	0.957817869647846	Down	0.723654461552225	0.944631415335757	estimated	-0.574290780802324	1000	1000	-0.480106746196291	-1.99446657605879	0.969584684321316	0.715	TRUE	275	275	1	34726040	0.658201186351716	-0.870954016532687	0.0839104055493919	1000	1000	0.818	TRUE	-0.573894021948131	estimated	TRUE	-0.76602882033316	estimated	TRUE	-0.388608942305452	TRUE	-0.532008139487068	estimated	TRUE	5	5	0	1	complex_IV	evaluated	0.984631028815933	TRUE	FALSE	TRUE	FALSE	TRUE	FALSE	FALSE	TRUE	TRUE	FALSE	FALSE	FALSE	TRUE	TRUE	TRUE	TRUE	TRUE	TRUE	FALSE	inconclusive	NA	6	5	2	Oligodendrocytes	ε2−ε3/3 | M	Nuclear OXPHOS structural	3.64886055270925	-0.574290780802324	FALSE	-2.39872105715695	1.2501394955523	FALSE	FALSE	module_2	3.25
phase13_direct_respiratory_forest_plot_v1	oligodendrocytes	nuclear_oxphos_structural_86	oligodendrocytes::apoe_e4_minus_e33__Female::nuclear_oxphos_structural_86	apoe_e4_minus_e33__Female	6	apoe	2	direct_respiratory	AD__Female__e4	NCI__Female__e4	AD__Female__e33	NCI__Female__e33	26	11	37	45	26	11	37	45	11	0.883720930232558	76	TRUE	15	260	eligible	estimated		-0.29090389582784	0.353656163102387	-0.98729885746599	0.40549106581031	-0.822561363771908	0.411511219838101	-0.0903414921595723	0.355756803659979	-0.790872888145952	0.610189903826807	0.799741293207606	0.957817869647846	Down	0.264782347442654	0.928715301675688	estimated	-0.29090389582784	1000	1000	-0.28457830981669	-0.941474609646554	0.394750373724769	0.8	TRUE	275	275	0	20288196	0.143525305966326	-0.434429201794166	-0.17855183443752	1000	1000	0.73	TRUE	-0.291139949587493	estimated	TRUE	-0.0903414921595723	estimated	FALSE	-0.196236604046039	TRUE	-0.201749324620016	estimated	TRUE	5	5	0	1	complex_I	evaluated	0.984631028815933	TRUE	TRUE	TRUE	FALSE	TRUE	FALSE	FALSE	TRUE	TRUE	FALSE	TRUE	TRUE	TRUE	FALSE	TRUE	FALSE	TRUE	TRUE	FALSE	inconclusive	NA	6	6	2	Oligodendrocytes	ε4−ε3/3 | F	Nuclear OXPHOS structural	1.3927899232763	-0.29090389582784	FALSE	-0.98729885746599	0.40549106581031	FALSE	FALSE	module_2	3.25
phase13_direct_respiratory_forest_plot_v1	oligodendrocytes	nuclear_oxphos_structural_86	oligodendrocytes::apoe_e4_minus_e33__Male::nuclear_oxphos_structural_86	apoe_e4_minus_e33__Male	7	apoe	2	direct_respiratory	AD__Male__e4	NCI__Male__e4	AD__Male__e33	NCI__Male__e33	27	10	28	53	26	10	28	53	10	0.883720930232558	76	TRUE	15	260	eligible	estimated		-0.197592834584399	0.594136451006321	-1.36752474635088	0.972339077182079	-0.332571472848914	0.739725761564701	-0.214009283223152	0.580492171558403	-1.35707383495451	0.929055268508201	0.71267470983829	0.957817869647846	Up	0.879253136292274	0.970903271611309	estimated	-0.197592834584399	1000	1000	-0.189095596247095	-1.31860675287426	0.890753999531745	0.637	TRUE	275	275	1	15218541	0.353792370356119	-0.37682230975242	0.15619953577172	1000	1000	0.653	TRUE	-0.198624512513688	estimated	TRUE	-0.214009283223152	estimated	TRUE	-0.178126560992749	TRUE	-0.207611409884245	estimated	TRUE	5	5	0	1	complex_V	evaluated	0.984631028815933	TRUE	TRUE	TRUE	FALSE	FALSE	FALSE	FALSE	TRUE	FALSE	FALSE	FALSE	FALSE	TRUE	TRUE	TRUE	FALSE	TRUE	TRUE	FALSE	inconclusive	NA	6	7	2	Oligodendrocytes	ε4−ε3/3 | M	Nuclear OXPHOS structural	2.33986382353296	-0.197592834584399	FALSE	-1.36752474635088	0.972339077182079	FALSE	FALSE	module_2	3.25
phase13_direct_respiratory_forest_plot_v1	vasculature	nuclear_oxphos_structural_86	vasculature::sex_F_minus_M__e2::nuclear_oxphos_structural_86	sex_F_minus_M__e2	1	sex	2	direct_respiratory	AD__Female__e2	NCI__Female__e2	AD__Male__e2	NCI__Male__e2	3	10	4	3	1	4	1	2	3	0.790697674418605	68	TRUE	15	183	not_testable_low_donor_count	not_testable_low_donor_count	not_testable_low_donor_count	NA	NA	NA	NA	NA	NA	NA	NA	NA	NA	NA	NA	NA	NA	NA	not_testable_low_donor_count	NA	0	0	NA	NA	NA	NA	FALSE	0	0	NA	NA	NA	NA	NA	0	0	NA	FALSE	NA	not_run	FALSE	NA	not_run	FALSE	NA	FALSE	NA	not_run	FALSE	0	0	NA	NA	NA	not_applicable_not_testable	0.994141836118957	TRUE	FALSE	TRUE	FALSE	FALSE	FALSE	FALSE	FALSE	FALSE	FALSE	FALSE	FALSE	TRUE	FALSE	FALSE	FALSE	FALSE	FALSE	FALSE	not_testable	NA	7	1	2	Vasculature cells	F−M | ε2	Nuclear OXPHOS structural	NA	NA	FALSE	NA	NA	FALSE	FALSE	module_2	3.25
phase13_direct_respiratory_forest_plot_v1	vasculature	nuclear_oxphos_structural_86	vasculature::sex_F_minus_M__e33::nuclear_oxphos_structural_86	sex_F_minus_M__e33	2	sex	2	direct_respiratory	AD__Female__e33	NCI__Female__e33	AD__Male__e33	NCI__Male__e33	29	35	20	39	14	16	9	25	20	0.790697674418605	68	TRUE	15	183	eligible	estimated		0.214167273124682	0.299924048728929	-0.377586448653406	0.805920994902769	0.714071692591232	0.476092631174801	0.201854476061039	0.296779017455002	-0.383694061540114	0.787403013662192	0.49726854251234	0.957817869647846	Up	0.540261310457202	0.944631415335757	estimated	0.214167273124682	1000	1000	0.228434908142204	-0.344934375763379	0.792203932440947	0.784	TRUE	198	198	0	20993308	0.116920920256676	0.143408595424762	0.331088193381358	1000	1000	0.871	TRUE	NA	invalid_hc3_variance	FALSE	0.201854476061039	estimated	TRUE	-0.04030372373484	FALSE	0.214167273124682	estimated	TRUE	5	5	0	1	complex_V	evaluated	0.994141836118957	TRUE	TRUE	TRUE	FALSE	FALSE	FALSE	FALSE	TRUE	TRUE	FALSE	FALSE	TRUE	TRUE	TRUE	FALSE	TRUE	TRUE	TRUE	FALSE	inconclusive	NA	7	2	2	Vasculature cells	F−M | ε3/3	Nuclear OXPHOS structural	1.18350744355617	0.214167273124682	FALSE	-0.377586448653406	0.805920994902769	FALSE	FALSE	module_2	3.25
phase13_direct_respiratory_forest_plot_v1	vasculature	nuclear_oxphos_structural_86	vasculature::sex_F_minus_M__e4::nuclear_oxphos_structural_86	sex_F_minus_M__e4	3	sex	2	direct_respiratory	AD__Female__e4	NCI__Female__e4	AD__Male__e4	NCI__Male__e4	19	9	21	6	7	4	4	4	6	0.790697674418605	68	TRUE	15	183	eligible	estimated		0.317832038739145	0.769640380719244	-1.20067760278993	1.83634168026822	0.412961750320487	0.680118085137563	0.291053627693996	0.820712824347035	-1.32822255364784	1.91032980903583	0.723271266089106	0.957817869647846	Up	0.975719565767298	0.99386472359731	estimated	0.317832038739145	1000	1000	0.278952450490034	-0.949941825018025	1.49963549347368	0.65	TRUE	198	198	1	15218541	0.583351252884387	-0.265519214145242	0.576876219413067	1000	1000	0.789	TRUE	NA	not_testable_threshold50	FALSE	0.291053627693996	estimated	TRUE	0.389975341188546	TRUE	0.317832038739145	estimated	TRUE	5	5	0	1	complex_V	evaluated	0.994141836118957	TRUE	FALSE	TRUE	FALSE	TRUE	FALSE	FALSE	TRUE	TRUE	FALSE	FALSE	FALSE	TRUE	TRUE	FALSE	FALSE	TRUE	TRUE	FALSE	inconclusive	NA	7	3	2	Vasculature cells	F−M | ε4	Nuclear OXPHOS structural	3.03701928305815	0.317832038739145	FALSE	-1.20067760278993	1.83634168026822	FALSE	FALSE	module_2	3.25
phase13_direct_respiratory_forest_plot_v1	vasculature	nuclear_oxphos_structural_86	vasculature::apoe_e2_minus_e33__Female::nuclear_oxphos_structural_86	apoe_e2_minus_e33__Female	4	apoe	2	direct_respiratory	AD__Female__e2	NCI__Female__e2	AD__Female__e33	NCI__Female__e33	3	10	29	35	1	4	14	16	3	0.790697674418605	68	TRUE	15	183	not_testable_low_donor_count	not_testable_low_donor_count	not_testable_low_donor_count	NA	NA	NA	NA	NA	NA	NA	NA	NA	NA	NA	NA	NA	NA	NA	not_testable_low_donor_count	NA	0	0	NA	NA	NA	NA	FALSE	0	0	NA	NA	NA	NA	NA	0	0	NA	FALSE	NA	not_run	FALSE	NA	not_run	FALSE	NA	FALSE	NA	not_run	FALSE	0	0	NA	NA	NA	not_applicable_not_testable	0.994141836118957	TRUE	FALSE	TRUE	FALSE	FALSE	FALSE	FALSE	FALSE	FALSE	FALSE	FALSE	FALSE	TRUE	FALSE	FALSE	FALSE	FALSE	FALSE	FALSE	not_testable	NA	7	4	2	Vasculature cells	ε2−ε3/3 | F	Nuclear OXPHOS structural	NA	NA	FALSE	NA	NA	FALSE	FALSE	module_2	3.25
phase13_direct_respiratory_forest_plot_v1	vasculature	nuclear_oxphos_structural_86	vasculature::apoe_e2_minus_e33__Male::nuclear_oxphos_structural_86	apoe_e2_minus_e33__Male	5	apoe	2	direct_respiratory	AD__Male__e2	NCI__Male__e2	AD__Male__e33	NCI__Male__e33	4	3	20	39	1	2	9	25	3	0.790697674418605	68	TRUE	15	183	not_testable_low_donor_count	not_testable_low_donor_count	not_testable_low_donor_count	NA	NA	NA	NA	NA	NA	NA	NA	NA	NA	NA	NA	NA	NA	NA	not_testable_low_donor_count	NA	0	0	NA	NA	NA	NA	FALSE	0	0	NA	NA	NA	NA	NA	0	0	NA	FALSE	NA	not_run	FALSE	NA	not_run	FALSE	NA	FALSE	NA	not_run	FALSE	0	0	NA	NA	NA	not_applicable_not_testable	0.994141836118957	TRUE	FALSE	TRUE	FALSE	FALSE	FALSE	FALSE	FALSE	FALSE	FALSE	FALSE	FALSE	TRUE	FALSE	FALSE	FALSE	FALSE	FALSE	FALSE	not_testable	NA	7	5	2	Vasculature cells	ε2−ε3/3 | M	Nuclear OXPHOS structural	NA	NA	FALSE	NA	NA	FALSE	FALSE	module_2	3.25
phase13_direct_respiratory_forest_plot_v1	vasculature	nuclear_oxphos_structural_86	vasculature::apoe_e4_minus_e33__Female::nuclear_oxphos_structural_86	apoe_e4_minus_e33__Female	6	apoe	2	direct_respiratory	AD__Female__e4	NCI__Female__e4	AD__Female__e33	NCI__Female__e33	19	9	29	35	7	4	14	16	9	0.790697674418605	68	TRUE	15	183	eligible	estimated		0.18701189446679	0.343204477586516	-0.490134629139522	0.864158418073103	0.544899343335776	0.586486182065972	0.2026563687923	0.348220671212515	-0.484387164606741	0.889699902191341	0.561298535485605	0.957817869647846	Up	0.475296372775497	0.944631415335757	estimated	0.18701189446679	1000	1000	0.189756237880623	-0.446206972440817	0.839886103388194	0.72	TRUE	198	198	0	64493027	0.13335604178893	0.0766688855175926	0.32036793625572	1000	1000	0.638	TRUE	NA	not_testable_threshold50	FALSE	0.2026563687923	estimated	TRUE	0.236627426123251	TRUE	0.18701189446679	estimated	TRUE	5	5	0	1	complex_V	evaluated	0.994141836118957	TRUE	FALSE	TRUE	FALSE	FALSE	FALSE	FALSE	TRUE	TRUE	FALSE	FALSE	TRUE	TRUE	TRUE	FALSE	FALSE	TRUE	TRUE	FALSE	inconclusive	NA	7	6	2	Vasculature cells	ε4−ε3/3 | F	Nuclear OXPHOS structural	1.35429304721263	0.18701189446679	FALSE	-0.490134629139522	0.864158418073103	FALSE	FALSE	module_2	3.25
phase13_direct_respiratory_forest_plot_v1	vasculature	nuclear_oxphos_structural_86	vasculature::apoe_e4_minus_e33__Male::nuclear_oxphos_structural_86	apoe_e4_minus_e33__Male	7	apoe	2	direct_respiratory	AD__Male__e4	NCI__Male__e4	AD__Male__e33	NCI__Male__e33	21	6	20	39	4	4	9	25	6	0.790697674418605	68	TRUE	15	183	eligible	estimated		0.0833471288523274	0.762304123000209	-1.42068798878459	1.58738224648924	0.109335797010119	0.913055954429258	0.113457217159343	0.812424611866986	-1.48946622220418	1.71638065652286	0.889088049305932	0.957817869647846	Up	0.346388861746377	0.944631415335757	estimated	0.0833471288523274	1000	1000	0.149651062849684	-1.09154170264926	1.42002925848997	0.603	TRUE	198	198	5	15218541	0.617482549053193	-0.176755882932798	0.70082967790552	1000	1000	0.586	TRUE	NA	not_testable_threshold50	FALSE	0.113457217159343	estimated	TRUE	-0.193651638800136	FALSE	0.0833471288523274	estimated	TRUE	5	5	1	0.8	complex_I	evaluated	0.994141836118957	TRUE	FALSE	TRUE	FALSE	FALSE	FALSE	FALSE	TRUE	TRUE	FALSE	FALSE	FALSE	TRUE	TRUE	FALSE	FALSE	FALSE	TRUE	FALSE	inconclusive	NA	7	7	2	Vasculature cells	ε4−ε3/3 | M	Nuclear OXPHOS structural	3.00807023527383	0.0833471288523274	FALSE	-1.42068798878459	1.58738224648924	FALSE	FALSE	module_2	3.25
