node_order	source_symbol
0	LINC00115
1	FAM41C
2	SAMD11
3	NOC2L
4	KLHL17
5	PERM1
6	HES4
7	ISG15
8	AGRN
9	TNFRSF4
10	B3GALT6
11	C1QTNF12
12	LINC01786
13	SCNN1D
14	PUSL1
15	INTS11
16	CPTP
17	MXRA8
18	AURKAIP1
19	MRPL20-AS1
20	ANKRD65
21	VWA1
22	ATAD3C
23	ATAD3B
24	TMEM240
25	FNDC10
26	MMP23B
27	CDK11B
28	SLC35E2B
29	CDK11A
30	SLC35E2A
31	CFAP74
32	GABRD
33	PRKCZ
34	MORN1
35	PEX10
36	PLCH2
37	PANK4
38	TNFRSF14-AS1
39	PRXL2B
40	TTC34
41	PRDM16-DT
42	PRDM16
43	ARHGEF16
44	MEGF6
45	WRAP73
46	SMIM1
47	LRRC47
48	C1orf174
49	LINC01134
50	AJAP1
51	CHD5
52	RNF207
53	GPR153
54	ACOT7
55	TNFRSF25
56	PLEKHG5
57	ZBTB48
58	KLHL21
59	PHF13
60	THAP3
61	CAMTA1-DT
62	AL512330.1
63	ERRFI1
64	SLC45A1
65	RERE-AS1
66	SLC2A5
67	GPR157
68	LNCTAM34A
69	SPSB1
70	TMEM201
71	PIK3CD
72	PIK3CD-AS2
73	RBP7
74	PGD
75	CENPS
76	CORT
77	CASZ1
78	MASP2
79	SRM
80	MTOR-AS1
81	ANGPTL7
82	UBIAD1
83	DISP3
84	FBXO2
85	FBXO44
86	FBXO6
87	MAD2L2
88	DRAXIN
89	AGTRAP
90	C1orf167
91	NPPA
92	KIAA2013
93	MIIP
94	TNFRSF8
95	DHRS3
96	LRRC38
97	PDPN
98	KAZN-AS1
99	TMEM51-AS1
100	TMEM51
101	C1orf195
102	FHAD1
103	CELA2B
104	CASP9
105	AGMAT
106	SLC25A34
107	FBLIM1
108	UQCRHL
109	SRARP
110	HSPB7
111	FAM131C
112	EPHA2
113	ARHGEF19
114	CPLANE2
115	SPATA21
116	LINC01772
117	NBPF1
118	MFAP2
119	PADI2
120	IGSF21
121	ALDH4A1
122	EMC1-AS1
123	MRTO4
124	AKR7A3
125	AKR7A2
126	SLC66A1
127	OTUD3
128	PLA2G5
129	LINC01141
130	MUL1
131	FAM43B
132	CDA
133	PINK1-AS
134	KIF17
135	SH2D5
136	NBPF3
137	ALPL
138	RAP1GAP
139	HSPG2
140	LINC00339
141	CDC42-AS1
142	CDC42-IT1
143	WNT4
144	C1QA
145	C1QC
146	C1QB
147	EPHB2
148	ZNF436
149	ZNF436-AS1
150	TCEA3
151	ASAP3
152	ID3
153	MDS2
154	LYPLA2
155	GALE
156	FUCA1
157	IFNLR1
158	STPG1
159	NIPAL3
160	RCAN3
161	RUNX3
162	RHD
163	RHCE
164	AUNIP
165	PAQR7
166	STMN1
167	PAFAH2
168	EXTL1
169	PDIK1L
170	FAM110D
171	ZNF593
172	CNKSR1
173	CEP85
174	SH3BGRL3
175	UBXN11
176	RPS6KA1
177	PIGV
178	GPATCH3
179	TRNP1
180	TMEM222
181	SYTL1
182	MAP3K6
183	FCN3
184	FGR
185	IFI6
186	FAM76A
187	PPP1R8
188	THEMIS2
189	XKR8
190	PTAFR
191	ATP5IF1
192	SESN2
193	MED18
194	RCC1
195	SNHG3
196	SNHG12
197	LINC01715
198	OPRD1
199	TMEM200B
200	PTPRU
201	MATN1-AS1
202	LAPTM5
203	NKAIN1
204	FABP3
205	SERINC2
206	TINAGL1
207	PEF1
208	COL16A1
209	ADGRB2
210	SPOCD1
211	TMEM39B
212	CCDC28B
213	IQCC
214	DCDC2B
215	TMEM234
216	FAM167B
217	MARCKSL1
218	TSSK3
219	FAM229A
220	ZBTB8B
221	KIAA1522
222	YARS
223	FNDC5
224	HPCA
225	TMEM54
226	AZIN2
227	A3GALT2
228	ZSCAN20
229	CSMD2
230	GJA4
231	DLGAP3
232	ZMYM4-AS1
233	TFAP2E
234	C1orf216
235	CLSPN
236	ADPRHL2
237	COL8A2
238	MAP7D1
239	EVA1B
240	LSM10
241	OSCP1
242	MRPS15
243	CSF3R
244	GRIK3
245	LINC01137
246	ZC3H12A
247	SNIP1
248	DNALI1
249	C1orf109
250	CDCA8
251	EPHA10
252	MANEAL
253	YRDC
254	C1orf122
255	MTF1
256	POU3F1
257	MIR3659HG
258	MYCBP
259	GJA9
260	RHBDL2
261	BMP8A
262	PABPC4
263	PABPC4-AS1
264	HEYL
265	HPCAL4
266	BMP8B
267	OXCT2
268	MFSD2A
269	COL9A2
270	ZFP69B
271	ZFP69
272	EXO5
273	ZNF684
274	RIMS3
275	NFYC-AS1
276	KCNQ4
277	CITED4
278	CTPS1
279	SLFNL1-AS1
280	SLFNL1
281	FOXO6
282	RIMKLA
283	ZMYND12
284	PPCS
285	C1orf50
286	TMEM269
287	SVBP
288	ERMAP
289	ZNF691
290	SLC2A1
291	SLC2A1-AS1
292	EBNA1BP2
293	CFAP57
294	TIE1
295	MED8
296	HYI-AS1
297	KDM4A-AS1
298	AL357079.1
299	IPO13
300	DPH2
301	B4GALT2
302	CCDC24
303	SLC6A9
304	DMAP1
305	RNF220
306	TMEM53
307	ARMH1
308	KIF2C
309	PLK3
310	BTBD19
311	PTCH2
312	HECTD3
313	UROD
314	MUTYH
315	TOE1
316	CCDC163
317	MMACHC
318	PRDX1
319	CCDC17
320	TMEM69
321	IPP
322	PIK3R3
323	TSPAN1
324	POMGNT1
325	LURAP1
326	RAD54L
327	FAAH
328	MKNK1-AS1
329	MOB3C
330	EFCAB14-AS1
331	CYP4B1
332	CYP4Z1
333	CYP4A22-AS1
334	TAL1
335	STIL
336	LINC01389
337	FOXD2-AS1
338	FOXD2
339	TRABD2B
340	SLC5A9
341	AGBL4
342	BEND5
343	CDKN2C
344	LINC01562
345	TTC39A
346	RAB3B
347	KTI12
348	CC2D1B
349	ORC1
350	GPX7
351	SHISAL2A
352	COA7
353	ZYG11A
354	SLC1A7
355	CPT2
356	LINC01771
357	GLIS1
358	DIO1
359	LRRC42
360	TCEANC2
361	CYB5RL
362	MRPL37
363	ACOT11
364	MROH7
365	TTC4
366	PARS2
367	DHCR24
368	MIR4422HG
369	PLPP3
370	PRKAA2
371	DAB1
372	DAB1-AS1
373	OMA1
374	JUN
375	LINC01135
376	LINC02777
377	LINC01358
378	FGGY
379	HOOK1
380	CYP2J2
381	LINC01748
382	NFIA-AS2
383	L1TD1
384	KANK4
385	LINC01739
386	ALG6
387	EFCAB7
388	DLEU2L
389	ROR1
390	ROR1-AS1
391	UBE2U
392	CACHD1
393	LINC01359
394	AK4
395	AL139294.1
396	TCTEX1D1
397	IL12RB2
398	GADD45A
399	DIRAS3
400	HHLA3
401	CTH
402	PTGER3
403	ZRANB2-AS1
404	ZRANB2-AS2
405	LRRIQ3
406	FPGT
407	TNNI3K
408	LRRC53
409	ERICH3
410	CRYZ
411	MSH4
412	ST6GALNAC5
413	NEXN-AS1
414	NEXN
415	DNAJB4
416	GIPC2
417	PTGFR
418	IFI44L
419	LINC01362
420	LINC01725
421	TTLL7-IT1
422	SAMD13
423	RPF1
424	SPATA1
425	SSX2IP
426	MCOLN2
427	WDR63
428	MCOLN3
429	SYDE2
430	BCL10
431	CCN1
432	COL24A1
433	LINC02795
434	CLCA4-AS1
435	LINC01140
436	KYAT3
437	RBMXL1
438	GBP3
439	GBP1
440	GBP2
441	GBP7
442	GBP4
443	GBP6
444	LRRC8C-DT
445	LINC02609
446	LINC02788
447	HFM1
448	CDC7
449	EPHX4
450	CCDC18
451	DR1
452	DNTTIP2
453	ABCA4
454	ARHGAP29-AS1
455	F3
456	SLC44A3
457	ALG14
458	TLCD4
459	LINC02607
460	DPYD-AS1
461	MIR137HG
462	LINC01776
463	SNX7
464	PLPPR5
465	PLPPR4
466	LINC01708
467	FRRS1
468	SASS6
469	LRRC39
470	RTCA-AS1
471	GPR88
472	VCAM1
473	DPH5
474	S1PR1
475	OLFM3
476	COL11A1
477	LINC01676
478	PRMT6
479	NTNG1
480	VAV3
481	HENMT1
482	AKNAD1
483	GPSM2
484	TMEM167B
485	KIAA1324
486	CELSR2
487	PSRC1
488	MYBPHL
489	SYPL2
490	ATXN7L2
491	CYB561D1
492	AMIGO1
493	GPR61
494	AMPD2
495	GSTM4
496	GSTM2
497	GSTM5
498	GSTM3
499	CSF1
500	ALX3
501	LINC01397
502	SLC6A17
503	KCNC4
504	RBM15-AS1
505	KCNA2
506	CD53
507	LRIF1
508	DENND2D
509	OVGP1
510	WDR77
511	C1orf162
512	TMIGD3
513	INKA2-AS1
514	DDX20
515	LINC01750
516	WNT2B
517	RHOC
518	PPM1J
519	LINC01356
520	SLC16A1
521	LRIG2-DT
522	PTPN22
523	AP4B1-AS1
524	BCL2L15
525	AP4B1
526	DCLRE1B
527	HIPK1-AS1
528	OLFML3
529	SYT6
530	BCAS2
531	DENND2C
532	NRAS
533	TSPAN2
534	NGF-AS1
535	NGF
536	VANGL1
537	CASQ2
538	SLC22A15
539	ATP1A1-AS1
540	LINC01762
541	IGSF3
542	PTGFRN
543	CD101
544	TTF2
545	TRIM45
546	TENT5C
547	WDR3
548	SPAG17
549	WARS2
550	WARS2-IT1
551	LINC01780
552	LINC00622
553	ZNF697
554	PHGDH
555	NBPF26
556	LINC00623
557	SRGAP2-AS1
558	LINC02798
559	LINC02591
560	HIST2H3PS2
561	LINC02802
562	NBPF20
563	GPR89A
564	PDZK1
565	CD160
566	NUDT17
567	ANKRD35
568	PEX11B
569	LIX1L-AS1
570	ANKRD34A
571	POLR3GL
572	TXNIP
573	LINC01719
574	NBPF10
575	NOTCH2NLA
576	NBPF12
577	FMO5
578	CHD1L
579	LINC00624
580	BCL9
581	GJA5
582	GPR89B
583	NBPF14
584	NOTCH2NLC
585	NBPF19
586	HIST2H2BF
587	HIST2H2AA4
588	HIST2H2BE
589	HIST2H2AC
590	BOLA1
591	SV2A
592	SF3B4
593	MTMR11
594	PLEKHO1
595	APH1A
596	C1orf54
597	CIART
598	TARS2
599	ECM1
600	FALEC
601	ADAMTSL4
602	HORMAD1
603	CTSS
604	CTSK
605	CERS2
606	ANXA9
607	MINDY1
608	PRUNE1
609	BNIPL
610	C1orf56
611	MLLT11
612	SEMA6C
613	SCNM1
614	LYSMD1
615	VPS72
616	ZNF687
617	RFX5
618	SELENBP1
619	PSMB4
620	CGN
621	TUFT1
622	CELF3
623	RIIAD1
624	MRPL9
625	TDRKH
626	C2CD4D-AS1
627	S100A10
628	S100A11
629	FLG-AS1
630	HRNR
631	FLG
632	FLG2
633	S100A9
634	S100A8
635	S100A6
636	S100A4
637	S100A16
638	S100A13
639	S100A1
640	SNAPIN
641	ILF2
642	NPR1
643	SLC27A3
644	CRTC2
645	CREB3L4
646	RAB13
647	RPS27
648	NUP210L
649	C1orf189
650	HAX1
651	SHE
652	TDRD10
653	UBE2Q1
654	CHRNB2
655	KCNN3
656	PMVK
657	PBXIP1
658	PYGO2
659	AL451085.2
660	SHC1
661	CKS1B
662	FLAD1
663	ZBTB7B
664	DCST2
665	ADAM15
666	EFNA4
667	EFNA3
668	EFNA1
669	SLC50A1
670	DPM3
671	KRTCAP2
672	TRIM46
673	MUC1
674	THBS3
675	MTX1
676	GBA
677	HCN3
678	RUSC1-AS1
679	ASH1L-AS1
680	MSTO1
681	LAMTOR2
682	MEX3A
683	SEMA4A
684	SLC25A44
685	BGLAP
686	PAQR6
687	TMEM79
688	GLMP
689	TSACC
690	C1orf61
691	NAXE
692	GPATCH4
693	HAPLN2
694	BCAN
695	AL590666.2
696	NES
697	CRABP2
698	ISG20L2
699	RRNAD1
700	MRPL24
701	SH2D2A
702	NTRK1
703	INSRR
704	LRRC71
705	CD5L
706	MNDA
707	AIM2
708	CADM3
709	CADM3-AS1
710	ACKR1
711	DUSP23
712	VSIG8
713	TAGLN2
714	KCNJ10
715	PIGM
716	KCNJ9
717	IGSF8
718	ATP1A2
719	ATP1A4
720	CASQ1
721	PEX19
722	VANGL2
723	CD84
724	F11R
725	TSTD1
726	USF1
727	ARHGAP30
728	KLHDC9
729	NIT1
730	UFC1
731	USP21
732	PPOX
733	B4GALT3
734	ADAMTS4
735	FCER1G
736	TOMM40L
737	NR1I3
738	PCP4L1
739	MPZ
740	FCGR2A
741	FCGR3A
742	OLFML2B
743	C1orf226
744	SH2D1B
745	UAP1
746	HSD17B7
747	RGS4
748	RGS5
749	NUF2
750	RXRG
751	TMCO1-AS1
752	FAM78B
753	ILDR2
754	MAEL
755	CD247
756	ADCY10
757	MPC2
758	GPR161
759	TBX19
760	DPT
761	LINC00970
762	ATP1B1
763	CCDC181
764	SLC19A2
765	F5
766	SELL
767	SELE
768	METTL18
769	GORAB-AS1
770	MROH9
771	FMO3
772	FMO2
773	FMO1
774	FMO4
775	MYOCOS
776	EEF1AKNMT
777	DNM3-IT1
778	DNM3OS
779	PIGC
780	C1orf105
781	TNFSF4
782	SLC9C2
783	ANKRD45
784	CENPL
785	DARS2
786	GAS5-AS1
787	RC3H1-IT1
788	RABGAP1L-DT
789	GPR52
790	CACYBP
791	TNN
792	KIAA0040
793	TNR
794	LINC02803
795	PAPPA2
796	ASTN1
797	BRINP2
798	SEC16B
799	RASAL2-AS1
800	C1orf220
801	RALGPS2
802	ANGPTL1
803	TOR3A
804	AXDND1
805	TDRD5
806	FAM163A
807	LINC02818
808	LHX4
809	KIAA1614
810	MR1
811	IER5
812	CACNA1E
813	LINC01344
814	RGSL1
815	RNASEL
816	RGS16
817	RGS8
818	NPL
819	SHCBP1L
820	LAMC1-AS1
821	LAMC2
822	NMNAT2
823	NCF2
824	APOBEC4
825	COLGALT2
826	NIBAN1
827	SWT1
828	IVNS1ABP
829	HMCN1
830	PRG4
831	PDC
832	PTGS2
833	PACERR
834	PLA2G4A
835	BRINP3
836	RGS1
837	RGS2
838	B3GALT2
839	LINC01031
840	CFHR3
841	CRB1
842	PTPRC
843	NR5A2
844	LINC00862
845	KIF14
846	DDX59-AS1
847	KIF21B
848	TMEM9
849	TNNT2
850	PHLDA3
851	CSRP1
852	AC096677.1
853	IPO9-AS1
854	SHISA4
855	LMOD1
856	RNPEP
857	ELF3-AS1
858	GPR37L1
859	UBE2T
860	SYT2
861	RABIF
862	KLHL12
863	ADIPOR1
864	CYB5R1
865	PPFIA4
866	ADORA1
867	CHI3L1
868	FMOD
869	ZC3H11A
870	ZBED6
871	SOX13
872	ETNK2
873	REN
874	AL606489.1
875	PIK3C2B
876	LRRN2
877	CNTN2
878	TMEM81
879	TMCC2
880	NUAK2
881	KLHDC8A
882	CDK18
883	MFSD4A
884	SLC45A3
885	RAB29
886	PM20D1
887	RAB7B
888	RHEX
889	IKBKE
890	C1orf147
891	RASSF5
892	EIF2D
893	DYRK3
894	IL19
895	PFKFB2
896	YOD1
897	CD55
898	CR1
899	CR1L
900	CD34
901	LINC02767
902	CAMK1G
903	LAMB3
904	HSD11B1-AS1
905	G0S2
906	HSD11B1
907	TRAF3IP3
908	C1orf74
909	IRF6
910	UTP25
911	SYT14
912	SERTAD4-AS1
913	SERTAD4
914	HHAT
915	LINC00467
916	SLC30A1
917	LINC01693
918	PACC1
919	ATF3
920	BATF3
921	TATDN3
922	SPATA45
923	FLVCR1-DT
924	VASH2
925	PROX1-AS1
926	PROX1
927	SMYD2
928	CENPF
929	KCNK2
930	USH2A
931	ESRRG
932	SPATA17
933	C1orf143
934	LYPLAL1-DT
935	LYPLAL1-AS1
936	ZC3H11B
937	BPNT1
938	C1orf115
939	MARC1
940	HLX-AS1
941	HLX
942	DUSP10
943	TAF1A
944	FAM177B
945	TLR5
946	SUSD4
947	DNAH14
948	LINC02765
949	LEFTY1
950	PYCR2
951	SDE2
952	LINC01703
953	ACBD3-AS1
954	LIN9
955	STUM
956	ITPKB-AS1
957	COQ8A
958	SNAP47
959	JMJD4
960	WNT9A
961	C1orf35
962	MRPL55
963	GJC2
964	IBA57
965	OBSCN-AS1
966	OBSCN
967	TRIM11
968	TRIM17
969	HIST3H2A
970	HIST3H2BB
971	RNF187
972	RHOU
973	CCSAP
974	TAF5L
975	URB2
976	PGBD5
977	AGT
978	CAPN9
979	C1orf198
980	ARV1
981	FAM89A
982	TRIM67
983	EXOC8
984	SPRTN
985	LINC00582
986	DISC1-IT1
987	MAP10
988	MAP3K21
989	KCNK1
990	SLC35F3
991	COA6-AS1
992	COA6
993	TARBP1
994	LINC01348
995	RBM34
996	GGPS1
997	TBCE
998	LINC02768
999	GPR137B
1000	EDARADD
1001	ACTN2
1002	LINC01139
1003	CHRM3-AS2
1004	GREM2
1005	FH
1006	KMO
1007	OPN3
1008	CHML
1009	WDR64
1010	MAP1LC3C
1011	PLD5
1012	AKT3-IT1
1013	LINC02774
1014	ZBTB18
1015	C1orf100
1016	CATSPERE
1017	KIF26B
1018	KIF26B-AS1
1019	TFB2M
1020	LINC01341
1021	ZNF695
1022	ZNF670
1023	ZNF669
1024	ZNF496
1025	NLRP3
1026	TRIM58
1027	OR2L5
1028	OR2L2
1029	OR2L3
1030	OR2M4
1031	SH3BP5L
1032	ZNF672
1033	PGBD2
1034	FAM110C
1035	ALKAL2
1036	AC092159.2
1037	LINC01115
1038	SNTG2-AS1
1039	SNTG2
1040	TPO
1041	LINC01250
1042	TRAPPC12-AS1
1043	RNASEH1-AS1
1044	RPS7
1045	COLEC11
1046	ALLC
1047	DCDC2C
1048	SILC1
1049	LINC00487
1050	NRIR
1051	CMPK2
1052	RSAD2
1053	RNF144A-AS1
1054	LINC00298
1055	LINC00299
1056	LINC01814
1057	ID2-AS1
1058	ID2
1059	CPSF3
1060	GRHL1
1061	CYS1
1062	RRM2
1063	ODC1
1064	RN7SL832P
1065	ATP6V1C2
1066	LINC01954
1067	KCNF1
1068	SLC66A3
1069	LINC00570
1070	E2F6
1071	GREB1
1072	NTSR2
1073	MIR3681HG
1074	LINC00276
1075	LRATD1
1076	MYCN
1077	RAD51AP2
1078	VSNL1
1079	GEN1
1080	KCNS3
1081	LINC01376
1082	OSR1
1083	LINC00954
1084	MATN3
1085	HS1BP3
1086	GDF7
1087	KLHL29
1088	MFSD2B
1089	WDCP
1090	FKBP1B
1091	TP53I3
1092	PFN4
1093	FAM228A
1094	PTRHD1
1095	CENPO
1096	DNAJC27
1097	DNAJC27-AS1
1098	POMC
1099	GAREM2
1100	ADGRF3
1101	DRC1
1102	OTOF
1103	CIB4
1104	KCNK3
1105	SLC35F6
1106	CENPA
1107	DPYSL5
1108	TMEM214
1109	AGBL5
1110	OST4
1111	EMILIN1
1112	KHK
1113	CGREF1
1114	ABHD1
1115	PREB
1116	SLC5A6
1117	CAD
1118	SLC30A3
1119	DNAJC5G
1120	TRIM54
1121	UCN
1122	MPV17
1123	GTF3C2-AS1
1124	AC074117.1
1125	EIF2B4
1126	SNX17
1127	ZNF513
1128	KRTCAP3
1129	IFT172
1130	FNDC4
1131	CCDC121
1132	GPN1
1133	RBKS
1134	FOSL2
1135	PLB1
1136	SPDYA
1137	TOGARAM2
1138	ALK
1139	LBH
1140	GALNT14
1141	CAPN14
1142	EHD3
1143	MEMO1
1144	NLRC4
1145	RASGRP3
1146	LINC01320
1147	CRIM1-DT
1148	VIT
1149	GPATCH11
1150	QPCT
1151	AC006369.1
1152	RMDN2-AS1
1153	CYP1B1
1154	CYP1B1-AS1
1155	LINC02613
1156	GEMIN6
1157	MORN2
1158	ARHGEF33
1159	SOS1-IT1
1160	CDKL4
1161	TMEM178A
1162	SLC8A1-AS1
1163	PKDCC
1164	KCNG3
1165	OXER1
1166	HAAO
1167	LINC02580
1168	LINC01126
1169	ABCG5
1170	ABCG8
1171	SLC3A1
1172	SIX2
1173	ATP6V1E2
1174	LINC01118
1175	SOCS5
1176	LINC01119
1177	STPG4
1178	EPCAM-DT
1179	EPCAM
1180	KCNK12
1181	STON1
1182	STON1-GTF2A1L
1183	LHCGR
1184	AC009975.1
1185	FSHR
1186	CHAC2
1187	GPR75
1188	C2orf73
1189	CLHC1
1190	RPS27A
1191	MTIF2
1192	EFEMP1
1193	LINC01122
1194	LINC01793
1195	BCL11A
1196	LINC01185
1197	PUS10
1198	C2orf74
1199	AC016747.2
1200	AC016727.1
1201	FAM161A
1202	TMEM17
1203	LGALSL-DT
1204	LGALSL
1205	LINC02245
1206	SLC1A4
1207	LINC02576
1208	AC007389.3
1209	MEIS1
1210	LINC01828
1211	LINC01829
1212	ETAA1
1213	PNO1
1214	PLEK
1215	FBXO48
1216	ARHGAP25
1217	ASPRV1
1218	C2orf42
1219	SNRPG
1220	FAM136A
1221	TGFA
1222	VAX2
1223	ANKRD53
1224	MCEE
1225	MPHOSPH10
1226	PAIP2B
1227	DYSF
1228	CYP26B1
1229	SPR
1230	EMX1
1231	RAB11FIP5
1232	SMYD5
1233	PRADC1
1234	FBXO41
1235	ALMS1-IT1
1236	DGUOK-AS1
1237	BOLA3
1238	BOLA3-AS1
1239	MTHFD2
1240	SLC4A5
1241	DCTN1-AS1
1242	C2orf81
1243	WDR54
1244	RTKN
1245	INO80B
1246	MRPL53
1247	CCDC142
1248	TTC31
1249	LBX2
1250	LBX2-AS1
1251	PCGF1
1252	AUP1
1253	HTRA2
1254	LOXL3
1255	DOK1
1256	M1AP
1257	SEMA4F
1258	HK2
1259	LINC01291
1260	POLE4
1261	TACR1
1262	EVA1A
1263	LRRTM1
1264	DNAH6
1265	TRABD2A
1266	TMSB10
1267	RETSAT
1268	CAPG
1269	PARTICL
1270	GGCX
1271	VAMP8
1272	VAMP5
1273	RNF181
1274	TMEM150A
1275	GNLY
1276	ATOH8
1277	ST3GAL5
1278	ST3GAL5-AS1
1279	MRPL35
1280	REEP1
1281	CD8A
1282	RGPD1
1283	PLGLB1
1284	LINC01943
1285	CYTOR
1286	PLGLB2
1287	RGPD2
1288	THNSL2
1289	EIF2AK3-DT
1290	RPIA
1291	MAL
1292	ZNF2
1293	PROM2
1294	KCNIP3
1295	GPAT2
1296	ADRA2B
1297	STARD7-AS1
1298	ARID5A
1299	FER1L5
1300	CNNM4
1301	CNNM3
1302	ANKRD23
1303	ANKRD39
1304	FAM178B
1305	FAHD2B
1306	ZAP70
1307	VWA3B
1308	LINC02611
1309	LIPT1
1310	MRPL30
1311	LYG2
1312	LYG1
1313	AFF3
1314	CHST10
1315	PDCL3
1316	NPAS2
1317	CREG2
1318	RFX8
1319	IL1R1-AS1
1320	IL1RL2
1321	IL1RL1
1322	IL18R1
1323	IL18RAP
1324	SLC9A2
1325	MFSD9
1326	TMEM182
1327	LINC01965
1328	LINC01102
1329	PANTR1
1330	LINC01114
1331	POU3F3
1332	FHL2
1333	ECRG4
1334	RGPD3
1335	CD8B2
1336	ST6GAL2
1337	LINC01885
1338	RGPD4
1339	SULT1C2
1340	SULT1C4
1341	GCC2-AS1
1342	SOWAHC
1343	RGPD5
1344	MALL
1345	MTLN
1346	LINC01106
1347	RGPD6
1348	ACOXL
1349	MIR4435-2HG
1350	BCL2L11
1351	FBLN7
1352	POLR1B
1353	CHCHD5
1354	PSD4
1355	PAX8-AS1
1356	PAX8
1357	RABL2A
1358	AC017074.1
1359	LINC01191
1360	DPP10-AS3
1361	DPP10-AS1
1362	C1QL2
1363	STEAP3
1364	STEAP3-AS1
1365	DBI
1366	TMEM37
1367	CFAP221
1368	TMEM177
1369	TMEM185B
1370	RALB
1371	INHBB
1372	GLI2
1373	TFCP2L1
1374	NIFK
1375	CNTNAP5
1376	CYP27C1
1377	MAP3K2-DT
1378	MYO7B
1379	LIMS2
1380	GPR17
1381	SFT2D3
1382	LINC02572
1383	LINC01856
1384	CCDC74B
1385	CCDC115
1386	IMP4
1387	AMER3
1388	ARHGEF4
1389	CCDC74A
1390	ANKRD30BL
1391	GPR39
1392	LYPD1
1393	NCKAP5
1394	NCKAP5-AS2
1395	TMEM163
1396	CCNT2-AS1
1397	ACMSD
1398	MAP3K19
1399	MCM6
1400	DARS-AS1
1401	CXCR4
1402	THSD7B
1403	HNMT
1404	NXPH2
1405	KYNU
1406	ARHGAP15
1407	ZEB2-AS1
1408	LINC01412
1409	TEX41
1410	LYPD6B
1411	LYPD6
1412	LINC01931
1413	RBM43
1414	NMI
1415	TNFAIP6
1416	NEB
1417	RPRM
1418	GALNT13
1419	LINC01876
1420	NR4A2
1421	ERMN
1422	CYTIP
1423	ACVR1C
1424	UPP2
1425	CCDC148-AS1
1426	CCDC148
1427	PKP4-AS1
1428	DAPL1
1429	LY75
1430	TBR1
1431	DPP4
1432	FAP
1433	IFIH1
1434	KCNH7
1435	GRB14
1436	GALNT3
1437	TTC21B-AS1
1438	SCN1A-AS1
1439	SCN9A
1440	SCN7A
1441	XIRP2
1442	B3GALT1
1443	CERS6-AS1
1444	SPC25
1445	LRP2
1446	KLHL41
1447	CCDC173
1448	PHOSPHO2
1449	MYO3B
1450	SP5
1451	ERICH2
1452	GAD1
1453	METAP1D
1454	DLX1
1455	ITGA6
1456	PDK1
1457	RAPGEF4-AS1
1458	MAP3K20-AS1
1459	CDCA7
1460	SCRN3
1461	LINC01117
1462	LINC01116
1463	TTC30B
1464	TTC30A
1465	PDE11A
1466	PJVK
1467	FKBP7
1468	TTN
1469	CCDC141
1470	SCHLAP1
1471	LINC01934
1472	ITGA4
1473	CERKL
1474	NEUROD1
1475	PPP1R1C
1476	FRZB
1477	DUSP19
1478	ZNF804A
1479	FSIP2
1480	LINC01090
1481	COL3A1
1482	SLC40A1
1483	ASNSD1
1484	OSGEPL1
1485	OSGEPL1-AS1
1486	C2orf88
1487	NEMP2
1488	STAT4
1489	NABP1
1490	CAVIN2
1491	LINC01821
1492	SLC39A10
1493	DNAH7
1494	STK17B
1495	CCDC150
1496	ANKRD44-IT1
1497	HSPD1
1498	HSPE1
1499	MARS2
1500	PLCL1
1501	LINC01923
1502	SATB2-AS1
1503	LINC01877
1504	FTCDNL1
1505	MAIP1
1506	KCTD18
1507	SGO2
1508	AOX1
1509	LINC01792
1510	PPIL3
1511	NIF3L1
1512	NDUFB3
1513	CFLAR-AS1
1514	CASP10
1515	CASP8
1516	FLACC1
1517	C2CD6
1518	TMEM237
1519	MPP4
1520	CDK15
1521	FZD7
1522	KIAA2012
1523	FAM117B
1524	AC007383.2
1525	GPR1
1526	MDH1B
1527	CPO
1528	KLF7-IT1
1529	MYOSLID
1530	FZD5
1531	C2orf80
1532	IDH1
1533	PTH2R
1534	UNC80
1535	ACADL
1536	LANCL1-AS1
1537	CPS1
1538	VWC2L
1539	SNHG31
1540	ABCA12
1541	ATIC
1542	LINC00607
1543	MREG
1544	PECR
1545	TMEM169
1546	LINC01963
1547	MARCH4
1548	IGFBP2
1549	IGFBP5
1550	DIRC3-AS1
1551	DIRC3
1552	CATIP-AS2
1553	CATIP
1554	SLC11A1
1555	PLCD4
1556	BCS1L
1557	RNF25
1558	STK36
1559	TTLL4
1560	WNT6
1561	LINC01494
1562	CDK5R2
1563	NHEJ1
1564	SLC23A3
1565	CNPPD1
1566	ZFAND2B
1567	ATG9A
1568	ANKZF1
1569	GLB1L
1570	STK16
1571	TUBA4A
1572	PTPRN
1573	SPEG
1574	GMPPA
1575	ASIC4
1576	CHPF
1577	TMEM198
1578	INHA
1579	STK11IP
1580	SLC4A3
1581	PAX3
1582	SGPP2
1583	KCNE4
1584	SCG2
1585	AP1S3
1586	MRPL44
1587	SERPINE2
1588	FAM124B
1589	NYAP2
1590	IRS1
1591	COL4A4
1592	C2orf83
1593	SLC19A3
1594	DAW1
1595	SPHKAP
1596	LINC01807
1597	DNER
1598	FBXO36
1599	SLC16A14
1600	SP140
1601	ITM2C
1602	GPR55
1603	C2orf72
1604	HTR2B
1605	LINC00471
1606	COPS7B
1607	NPPC
1608	TIGD1
1609	KCNJ13
1610	SNORC
1611	NGEF
1612	INPP5D
1613	ATG16L1
1614	ARL4C
1615	IQCA1
1616	ACKR3
1617	COL6A3
1618	MLPH
1619	RAB17
1620	RBM44
1621	RAMP1
1622	SCLY
1623	LINC02610
1624	HES6
1625	PER2
1626	ASB1
1627	LINC01937
1628	TWIST2
1629	HDAC4-AS1
1630	COPS9
1631	DUSP28
1632	RNPEPL1
1633	CAPN10-DT
1634	CAPN10
1635	GPR35
1636	KIF1A
1637	PASK
1638	ANO7
1639	BOK-AS1
1640	BOK
1641	D2HGDH
1642	RTP5
1643	LINC01237
1644	FAM240C
1645	LINC01238
1646	CHL1-AS2
1647	CHL1-AS1
1648	LINC01266
1649	CNTN6
1650	CNTN4-AS2
1651	CNTN4-AS1
1652	IL5RA
1653	LRRN1
1654	SETMAR
1655	ITPR1-DT
1656	EGOT
1657	BHLHE40-AS1
1658	BHLHE40
1659	GRM7-AS3
1660	GRM7-AS1
1661	LMCD1-AS1
1662	SSUH2
1663	CAV3
1664	OXTR
1665	RAD18
1666	LHFPL4
1667	CPNE9
1668	BRPF1
1669	CAMK1
1670	RPUSD3
1671	JAGN1
1672	IL17RE
1673	IL17RC
1674	PRRT3
1675	PRRT3-AS1
1676	FANCD2
1677	IRAK2
1678	LINC00852
1679	GHRL
1680	GHRLOS
1681	ATP2B2
1682	SLC6A11
1683	SLC6A1
1684	SLC6A1-AS1
1685	HRH1
1686	TIMP4
1687	PPARG
1688	MKRN2OS
1689	CAND2
1690	NUP210
1691	HDAC11-AS1
1692	HDAC11
1693	FBLN2
1694	LINC00620
1695	CHCHD4
1696	LSM3
1697	SLC6A6
1698	GRIP2
1699	C3orf20
1700	SH3BP5-AS1
1701	EAF1-AS1
1702	COLQ
1703	BTD
1704	DPH3
1705	SATB1
1706	SATB1-AS1
1707	KCNH8
1708	EFHB
1709	PP2D1
1710	SGO1-AS1
1711	ZNF385D-AS1
1712	ZNF385D-AS2
1713	NKIRAS1
1714	THRB-IT1
1715	THRB-AS1
1716	OXSM
1717	LRRC3B
1718	NEK10
1719	SLC4A7
1720	ZCWPW2
1721	RBMS3-AS3
1722	RBMS3-AS2
1723	RBMS3-AS1
1724	OSBPL10-AS1
1725	ZNF860
1726	CMTM7
1727	CNOT10-AS1
1728	TRIM71
1729	TMPPE
1730	SUSD5
1731	LINC01811
1732	STAC
1733	C3orf35
1734	VILL
1735	PLCD1
1736	DLEC1
1737	ACAA1
1738	MYD88
1739	SLC22A13
1740	SLC22A14
1741	XYLB
1742	SCN5A
1743	SCN11A
1744	GORASP1
1745	TTC21A
1746	CSRNP1
1747	CX3CR1
1748	SLC25A38
1749	MOBP
1750	MYRIP
1751	ENTPD3
1752	ZNF619
1753	ZNF620
1754	CCK
1755	VIPR1
1756	VIPR1-AS1
1757	SS18L2
1758	ZBTB47
1759	HHATL
1760	CCDC13
1761	HIGD1A
1762	ACKR2
1763	KRBOX1
1764	ZNF662
1765	GASK1A
1766	POMGNT2
1767	SNRK-AS1
1768	ABHD5
1769	ZNF852
1770	ZKSCAN7
1771	ZNF660
1772	ZNF35
1773	ZNF502
1774	ZNF501
1775	KIAA1143
1776	KIF15
1777	TMEM42
1778	CLEC3B
1779	CDCP1
1780	TMEM158
1781	LARS2-AS1
1782	LIMD1
1783	LIMD1-AS1
1784	SLC6A20
1785	LZTFL1
1786	CCR9
1787	CCR5AS
1788	CCRL2
1789	LTF
1790	LRRC2
1791	TDGF1
1792	ALS2CL
1793	TMIE
1794	PRSS45P
1795	MYL3
1796	NBEAL2
1797	KIF9
1798	ELP6
1799	CSPG5
1800	CDC25A
1801	ZNF589
1802	SPINK8
1803	FBXW12
1804	PLXNB1
1805	CCDC51
1806	ATRIP
1807	PFKFB4
1808	COL7A1
1809	SLC26A6
1810	CELSR3
1811	LINC02585
1812	SLC25A20
1813	ARIH2OS
1814	DALRD3
1815	NDUFAF3
1816	IMPDH2
1817	USP19
1818	CCDC71
1819	KLHDC8B
1820	C3orf84
1821	C3orf62
1822	AMT
1823	NICN1
1824	BSN-DT
1825	BSN
1826	APEH
1827	MST1
1828	RNF123
1829	GMPPB
1830	INKA1
1831	UBA7
1832	TRAIP
1833	CAMKV
1834	MST1R
1835	MON1A
1836	RBM5-AS1
1837	SEMA3F-AS1
1838	SEMA3F
1839	SLC38A3
1840	SEMA3B
1841	LSMEM2
1842	IFRD2
1843	HYAL3
1844	NAA80
1845	HYAL1
1846	HYAL2
1847	TUSC2
1848	ZMYND10
1849	NPRL2
1850	CYB561D2
1851	TMEM115
1852	CACNA2D2
1853	C3orf18
1854	HEMK1
1855	CISH
1856	MAPKAPK3
1857	MANF
1858	RBM15B
1859	GRM2
1860	RRP9
1861	PARP3
1862	ABHD14B
1863	ABHD14A
1864	ACY1
1865	RPL29
1866	DUSP7
1867	POC1A
1868	ALAS1
1869	TWF2
1870	PPM1M
1871	GLYCTK
1872	DNAH1
1873	BAP1
1874	PHF7
1875	SEMA3G
1876	STAB1
1877	NT5DC2
1878	GNL3
1879	GLT8D1
1880	ITIH4
1881	MUSTN1
1882	RFT1
1883	PRKCD
1884	CHDH
1885	IL17RB
1886	ACTR8
1887	SELENOK
1888	CACNA2D3-AS1
1889	LRTM1
1890	WNT5A
1891	ERC2-IT1
1892	ARHGEF3-AS1
1893	SPATA12
1894	IL17RD
1895	HESX1
1896	ASB14
1897	DNAH12
1898	ARF4-AS1
1899	DENND6A-AS1
1900	KCTD6
1901	ACOX2
1902	FAM107A
1903	FAM3D-AS1
1904	C3orf67
1905	C3orf67-AS1
1906	PTPRG-AS1
1907	C3orf14
1908	FEZF2
1909	LINC00698
1910	SYNPR
1911	SYNPR-AS1
1912	C3orf49
1913	PSMD6-AS2
1914	PSMD6-AS1
1915	PRICKLE2-AS3
1916	ADAMTS9
1917	ADAMTS9-AS1
1918	MAGI1-IT1
1919	MAGI1-AS1
1920	KBTBD8
1921	SUCLG2-AS1
1922	TAFA4
1923	LMOD3
1924	FRMD4B
1925	SAMMSON
1926	FOXP1-AS1
1927	FOXP1-IT1
1928	GPR27
1929	LINC00877
1930	LINC00870
1931	GXYLT2
1932	EBLN2
1933	LINC02005
1934	LINC02018
1935	LINC00960
1936	LINC02008
1937	CADM2-AS1
1938	VGLL3
1939	HTR1F
1940	CSNKA2IP
1941	STX19
1942	DHFR2
1943	RIOX2
1944	ST3GAL6-AS1
1945	COL8A1
1946	LNP1
1947	TMEM45A
1948	ABI3BP
1949	IMPG2
1950	TRMT10C
1951	ZBTB11-AS1
1952	NFKBIZ
1953	LINC01990
1954	LINC00636
1955	MYH15
1956	CIP2A
1957	LINC00488
1958	DPPA4
1959	LINC01205
1960	NECTIN3-AS1
1961	CD96
1962	PLCXD2
1963	ABHD10
1964	TAGLN3
1965	C3orf52
1966	SLC9C1
1967	CD200
1968	CCDC80
1969	GTPBP8
1970	CFAP44-AS1
1971	SIDT1
1972	GRAMD1C
1973	ZDHHC23
1974	CCDC191
1975	QTRT2
1976	ZBTB20-AS1
1977	ZBTB20-AS5
1978	ZBTB20-AS2
1979	ZBTB20-AS3
1980	ZBTB20-AS4
1981	GAP43
1982	LSAMP-AS1
1983	LINC00903
1984	TUSC7
1985	LINC02024
1986	IGSF11
1987	B4GALT4
1988	B4GALT4-AS1
1989	ARHGAP31-AS1
1990	POGLUT1
1991	ADPRH
1992	PLA1A
1993	POPDC2
1994	COX17
1995	MAATS1
1996	GPR156
1997	HGD
1998	RABL3
1999	GTF2E1
2000	POLQ
2001	ARGFX
2002	FBXO40
2003	HCLS1
2004	EAF2
2005	SLC15A2
2006	CD86
2007	CCDC58
2008	WDR5B
2009	PARP15
2010	LINC02035
2011	SEMA5B
2012	PDIA5
2013	MYLK-AS1
2014	MYLK
2015	UMPS
2016	ITGB5-AS1
2017	HEG1
2018	SLC12A8
2019	LINC02614
2020	ALDH1L1
2021	ALDH1L1-AS2
2022	KLF15
2023	CFAP100
2024	TXNRD3
2025	PLXNA1
2026	TPRA1
2027	MCM2
2028	PODXL2
2029	ABTB1
2030	KBTBD12
2031	GATA2
2032	GATA2-AS1
2033	KIAA1257
2034	EFCC1
2035	ISY1
2036	HMCES
2037	H1FX-AS1
2038	EFCAB12
2039	TMCC1-AS1
2040	ALG1L2
2041	LINC02021
2042	COL6A6
2043	ASTE1
2044	NUDT16
2045	ACKR4
2046	NPHP3-AS1
2047	TMEM108
2048	TMEM108-AS1
2049	TF
2050	SRPRB
2051	SLCO2A1
2052	LINC02004
2053	ANAPC13
2054	EPHB1
2055	KY
2056	NCK1-DT
2057	IL20RB
2058	IL20RB-AS1
2059	CLDN18
2060	DBR1
2061	NME9
2062	MRAS
2063	ESYT3
2064	FOXL2
2065	FOXL2NB
2066	RBP2
2067	RBP1
2068	NMNAT3
2069	SPSB4
2070	PXYLP1
2071	GRK7
2072	ATP1B3
2073	ATP1B3-AS1
2074	GK5
2075	PLS1
2076	PCOLCE2
2077	PAQR9
2078	PAQR9-AS1
2079	CHST2
2080	LNCSRLR
2081	PLOD2
2082	PLSCR2
2083	LINC02032
2084	AGTR1
2085	CP
2086	AC093001.1
2087	TM4SF18
2088	TM4SF1
2089	ANKUB1
2090	ERICH6
2091	ERICH6-AS1
2092	SIAH2-AS1
2093	GPR171
2094	P2RY14
2095	P2RY12
2096	IGSF10
2097	AADACL2-AS1
2098	MBNL1-AS1
2099	P2RY1
2100	RAP2B
2101	LINC02006
2102	C3orf79
2103	ARHGEF26-AS1
2104	ARHGEF26
2105	GPR149
2106	MME
2107	PLCH1
2108	C3orf33
2109	KCNAB1
2110	SSR3
2111	TIPARP
2112	LINC00886
2113	LEKR1
2114	LINC00880
2115	VEPH1
2116	SHOX2
2117	MLF1
2118	LXN
2119	RARRES1
2120	SCHIP1
2121	IL12A-AS1
2122	IL12A
2123	C3orf80
2124	SMC4
2125	TRIM59
2126	SPTSSB
2127	LINC02067
2128	LINC01324
2129	SLITRK3
2130	LINC01322
2131	BCHE
2132	ZBBX
2133	SERPINI2
2134	WDR49
2135	LINC02082
2136	MYNN
2137	LRRC34
2138	LRRIQ4
2139	SEC62-AS1
2140	GPR160
2141	CLDN11
2142	SLC7A14-AS1
2143	SLC7A14
2144	RPL22L1
2145	EIF5A2
2146	SLC2A2
2147	PLD1
2148	TMEM212-AS1
2149	TNFSF10
2150	ECT2
2151	SPATA16
2152	NAALADL2
2153	LINC01208
2154	TBL1XR1-AS1
2155	LINC00501
2156	LINC02015
2157	KCNMB2-AS1
2158	KCNMB3
2159	ACTL6A
2160	MRPL47
2161	CCDC39
2162	SOX2-OT
2163	SOX2
2164	B3GNT5
2165	KLHL6
2166	MAP6D1
2167	ABCF3
2168	VWA5B2
2169	ALG3
2170	EEF1AKMT4
2171	CAMK2N2
2172	ECE2
2173	CLCN2
2174	THPO
2175	LINC02054
2176	EPHB3
2177	MAGEF1
2178	C3orf70
2179	EHHADH
2180	TMEM41A
2181	LIPH
2182	IGF2BP2
2183	CRYGS
2184	TBCCD1
2185	DNAJB11
2186	RFC4
2187	LINC02043
2188	RPL39L
2189	MASP1
2190	RTP4
2191	SST
2192	BCL6
2193	LPP-AS2
2194	LPP-AS1
2195	TPRG1-AS1
2196	TPRG1
2197	TP63
2198	P3H2
2199	P3H2-AS1
2200	CLDN1
2201	CLDN16
2202	IL1RAP
2203	UTS2B
2204	FGF12-AS1
2205	MB21D2
2206	PLAAT1
2207	ATP13A5
2208	ATP13A4
2209	OPA1-AS1
2210	LINC02026
2211	LINC02028
2212	HES1
2213	LINC00887
2214	LINC00884
2215	TMEM44-AS1
2216	FAM43A
2217	XXYLT1-AS2
2218	ACAP2-IT1
2219	APOD
2220	MUC20
2221	MUC4
2222	ZDHHC19
2223	SLC51A
2224	WDR53
2225	FBXO45
2226	CEP19
2227	NCBP2AS2
2228	PIGZ
2229	MELTF
2230	MELTF-AS1
2231	BDH1
2232	LMLN
2233	ZNF732
2234	TMEM271
2235	PDE6B
2236	MYL5
2237	SLC49A3
2238	CPLX1
2239	DGKQ
2240	IDUA
2241	FGFRL1
2242	RNF212
2243	AC092535.4
2244	SPON2
2245	CTBP1-AS
2246	UVSSA
2247	FAM53A
2248	TACC3
2249	TMEM129
2250	FGFR3
2251	LETM1
2252	C4orf48
2253	NAT8L
2254	POLN
2255	HAUS3
2256	CFAP99
2257	TNIP2
2258	MFSD10
2259	NOP14-AS1
2260	GRK4
2261	HTT-AS
2262	MSANTD1
2263	HGFAC
2264	LINC02600
2265	ADRA2C
2266	TMEM128
2267	LYAR
2268	NSG1
2269	STX18-AS1
2270	MSX1
2271	CYTL1
2272	STK32B
2273	EVC
2274	C4orf50
2275	JAKMIP1
2276	PPP2R2C
2277	MAN2B2
2278	MRFAP1
2279	LINC02482
2280	BLOC1S4
2281	TADA2B
2282	GRPEL1
2283	LINC02447
2284	SORCS2
2285	ABLIM2
2286	SH3TC1
2287	HTRA3
2288	SLC2A9
2289	ZNF518B
2290	CLNK
2291	HS3ST1
2292	LINC02360
2293	LINC01182
2294	LINC00504
2295	CPEB2-DT
2296	C1QTNF7
2297	BST1
2298	CD38
2299	PROM1
2300	AC006160.1
2301	FAM184B
2302	NCAPG
2303	KCNIP4-IT1
2304	PPARGC1A
2305	SOD3
2306	LGI2
2307	SEPSECS
2308	SEPSECS-AS1
2309	SEL1L3
2310	SMIM20
2311	NWD2
2312	C4orf19
2313	LINC01258
2314	KLF3-AS1
2315	TLR10
2316	TLR1
2317	TLR6
2318	TMEM156
2319	KLB
2320	LIAS
2321	UGDH
2322	RHOH
2323	RBM47
2324	NSUN7
2325	UCHL1
2326	DCAF4L1
2327	BEND4
2328	SHISA3
2329	LINC02475
2330	KCTD8
2331	YIPF7
2332	GUF1
2333	GABRG1
2334	GABRA2
2335	GABRA4
2336	COMMD8
2337	CORIN
2338	NIPAL1
2339	CNGA1
2340	TXK
2341	TEC
2342	OCIAD1-AS1
2343	OCIAD2
2344	LRRC66
2345	SPATA18
2346	USP46-AS1
2347	LINC01618
2348	ERVMER34-1
2349	LNX1
2350	LNX1-AS1
2351	PDGFRA
2352	KIT
2353	KDR
2354	SRD5A3
2355	SRD5A3-AS1
2356	KIAA1211
2357	AASDH
2358	PPAT
2359	PAICS
2360	ARL9
2361	THEGL
2362	HOPX
2363	NOA1
2364	IGFBP7-AS1
2365	LINC02232
2366	EPHA5
2367	EPHA5-AS1
2368	GNRHR
2369	TMPRSS11D
2370	TMPRSS11A
2371	SULT1B1
2372	UTP3
2373	DCK
2374	SLC4A4
2375	NPFFR2
2376	ADAMTS3
2377	COX18
2378	CXCL8
2379	CXCL6
2380	CXCL1
2381	CXCL3
2382	CXCL2
2383	BTC
2384	PARM1
2385	CDKL2
2386	NAAA
2387	ART3
2388	CXCL11
2389	FAM47E
2390	STBD1
2391	CCDC158
2392	SHROOM3
2393	CCNG2
2394	CXCL13
2395	ANXA3
2396	LINC01094
2397	PAQR3
2398	LINC01088
2399	NAA11
2400	PRDM8
2401	FGF5
2402	CFAP299
2403	PRKG2
2404	RASGEF1B
2405	THAP9-AS1
2406	THAP9
2407	COQ2
2408	MRPS18C
2409	GPAT3
2410	NKX6-1
2411	CDS1
2412	WDFY3-AS1
2413	WDFY3-AS2
2414	ARHGAP24
2415	SLC10A6
2416	C4orf36
2417	HSD17B13
2418	AC093895.1
2419	MEPE
2420	SPP1
2421	ABCG2
2422	PPM1K-DT
2423	HERC6
2424	HERC5
2425	NAP1L5
2426	FAM13A
2427	TIGD2
2428	GPRIN3
2429	SNCA
2430	MMRN1
2431	HPGDS
2432	BMPR1B
2433	LINC02267
2434	STPG2
2435	STPG2-AS1
2436	ADH4
2437	ADH6
2438	ADH1B
2439	TRMT10A
2440	H2AFZ
2441	DDIT4L
2442	BANK1
2443	UBE2D3-AS1
2444	SLC9B1
2445	SLC9B2
2446	CENPE
2447	LINC02428
2448	TACR3
2449	CXXC4
2450	CXXC4-AS1
2451	ARHGEF38
2452	GSTCD
2453	NPNT
2454	DKK2
2455	SGMS2
2456	CYP2U1
2457	HADH
2458	LEF1-AS1
2459	RPL34-AS1
2460	ETNPPL
2461	COL25A1
2462	SEC24B-AS1
2463	MCUB
2464	CASP6
2465	CFI
2466	GAR1
2467	RRH
2468	LRIT3
2469	EGF
2470	ENPEP
2471	AC004704.1
2472	TIFA
2473	ZGRF1
2474	ARSJ
2475	UGT8
2476	NDST4
2477	TRAM1L1
2478	LINC02263
2479	LINC01378
2480	NDST3
2481	SNHG8
2482	PRSS12
2483	METTL14-DT
2484	MYOZ2
2485	USP53
2486	MAD2L1
2487	NDNF
2488	QRFPR
2489	EXOSC9
2490	CCNA2
2491	TRPC3
2492	BBS12
2493	FGF2
2494	NUDT6
2495	SPRY1
2496	LINC01091
2497	LINC02516
2498	FAT4
2499	HSPA4L
2500	PLK4
2501	LINC02615
2502	C4orf33
2503	LINC02479
2504	SNHG27
2505	PCDH10
2506	PABPC4L
2507	LINC02511
2508	LINC02172
2509	SLC7A11-AS1
2510	LINC00499
2511	NOCT
2512	MGARP
2513	RAB33B
2514	SCOC-AS1
2515	CLGN
2516	IL15
2517	INPP4B
2518	FREM3
2519	GYPE
2520	HHIP-AS1
2521	HHIP
2522	SMAD1-AS2
2523	MMAA
2524	C4orf51
2525	TTC29
2526	EDNRA
2527	LINC02507
2528	LINC02355
2529	PRSS48
2530	FAM160A1
2531	GATB
2532	MIR4453HG
2533	TMEM154
2534	TIGD4
2535	FHDC1
2536	MND1
2537	TMEM131L
2538	TLR2
2539	RNF175
2540	DCHS2
2541	LRAT
2542	MAP9
2543	GUCY1A1
2544	TDO2
2545	CTSO
2546	GLRB
2547	GASK1B
2548	FAM198B-AS1
2549	TMEM144
2550	RXFP1
2551	C4orf46
2552	C4orf45
2553	FSTL5
2554	NPY1R
2555	NPY5R
2556	SMIM31
2557	TRIM61
2558	FAM218A
2559	MSMO1
2560	TLL1
2561	ANXA10
2562	DDX60
2563	MFAP3L
2564	AADAT
2565	GALNTL6
2566	HMGB2
2567	SAP30
2568	SCRG1
2569	HAND2-AS1
2570	LINC02268
2571	HPGD
2572	GLRA3
2573	ADAM29
2574	VEGFC
2575	AGA
2576	LINC01098
2577	LINC01099
2578	LINC00290
2579	TENM3-AS1
2580	TENM3
2581	WWC2-AS2
2582	WWC2-AS1
2583	CDKN2AIP
2584	ING2
2585	RWDD4
2586	ENPP6
2587	LINC02362
2588	LINC02427
2589	ACSL1
2590	SLC25A4
2591	LRP2BP
2592	ANKRD37
2593	C4orf47
2594	CCDC110
2595	PDLIM3
2596	AC093797.1
2597	TLR3
2598	FAM149A
2599	KLKB1
2600	F11-AS1
2601	FAT1
2602	LINC01060
2603	FRG1-DT
2604	PLEKHG4B
2605	CCDC127
2606	AHRR
2607	EXOC3-AS1
2608	SLC9A3
2609	SLC9A3-AS1
2610	CEP72
2611	ZDHHC11B
2612	ZDHHC11
2613	TRIP13
2614	NKD2
2615	SLC12A7
2616	AC026412.3
2617	MRPL36
2618	IRX2
2619	C5orf38
2620	ADAMTS16
2621	LINC02145
2622	UBE2QL1
2623	LINC01018
2624	SRD5A1
2625	LINC02102
2626	LINC02236
2627	LINC02196
2628	C5orf49
2629	FASTKD3
2630	MIR4458HG
2631	SEMA5A-AS1
2632	SNHG18
2633	LINC02112
2634	CMBL
2635	ROPN1L
2636	DNAH5
2637	OTULINL
2638	MARCH11
2639	LINC02150
2640	ZNF622
2641	BASP1-AS1
2642	LINC02217
2643	LINC02218
2644	LINC02223
2645	LINC02100
2646	LINC02241
2647	CDH12
2648	C5orf17
2649	CDH10
2650	LINC02211
2651	CDH9
2652	PURPL
2653	LINC02109
2654	NPR3
2655	ADAMTS12
2656	SLC45A2
2657	AMACR
2658	C1QTNF3
2659	TTC23L
2660	RAD1
2661	BRIX1
2662	PRLR
2663	SPEF2
2664	SKP2
2665	RANBP3L
2666	AC008957.1
2667	GDNF-AS1
2668	EGFLAM
2669	LIFR-AS1
2670	FYB1
2671	C9
2672	PTGER4
2673	CARD6
2674	C7
2675	C6
2676	PLCXD3
2677	C5orf51
2678	FBXO4
2679	CCDC152
2680	ANXA2R
2681	NIM1K
2682	CCL28
2683	C5orf34
2684	FGF10
2685	FGF10-AS1
2686	LINC02224
2687	MRPS30-DT
2688	MRPS30
2689	HCN1
2690	EMB
2691	ITGA2
2692	MOCS2
2693	LINC01033
2694	SNX18
2695	GPX8
2696	ANKRD55
2697	LINC01948
2698	C5orf67
2699	SETD9
2700	PLK2
2701	RAB3C
2702	PART1
2703	DEPDC1B
2704	SMIM15
2705	SMIM15-AS1
2706	DIMT1
2707	LRRC70
2708	RGS7BP
2709	ADAMTS6
2710	CENPK
2711	SHLD3
2712	SGTB
2713	NLN
2714	MAST4-IT1
2715	LINC02198
2716	CCNB1
2717	CENPH
2718	CCDC125
2719	TAF9
2720	MARVELD2
2721	GTF2H2C
2722	SERF1B
2723	SMN2
2724	SERF1A
2725	SMN1
2726	GTF2H2
2727	LINC02197
2728	MCCC2
2729	CARTPT
2730	PTCD2
2731	ZNF366
2732	LINC02056
2733	TMEM171
2734	BTF3
2735	UTP15
2736	ARHGEF28
2737	LINC01331
2738	ENC1
2739	GFM2
2740	GCNT4
2741	ANKRD31
2742	ANKDD1B
2743	POC5
2744	SV2C
2745	IQGAP2
2746	F2R
2747	S100Z
2748	CRHBP
2749	ZBED3
2750	ZBED3-AS1
2751	SCAMP1-AS1
2752	DMGDH
2753	BHMT2
2754	BHMT
2755	CMYA5
2756	MTX3
2757	THBS4
2758	FAM151B
2759	DHFR
2760	RASGRF2-AS1
2761	CKMT2
2762	ZCCHC9
2763	ACOT12
2764	RPS23
2765	VCAN
2766	VCAN-AS1
2767	HAPLN1
2768	LINC01949
2769	LINC02144
2770	LINC02060
2771	MEF2C-AS2
2772	CETN3
2773	MBLAC2
2774	POLR3G
2775	ADGRV1
2776	LUCAT1
2777	ARRDC3
2778	ARRDC3-AS1
2779	LINC02058
2780	POU5F2
2781	MCTP1
2782	ARSK
2783	RFESD
2784	SPATA9
2785	LINC01554
2786	ELL2
2787	PCSK1
2788	ERAP2
2789	LIX1-AS1
2790	RIOK2
2791	LINC01340
2792	LINC02234
2793	RGMB
2794	ST8SIA4
2795	SLCO4C1
2796	GIN1
2797	C5orf30
2798	LINC02115
2799	NUDT12
2800	LINC02163
2801	LINC01950
2802	LINC01023
2803	TSLP
2804	STARD4
2805	STARD4-AS1
2806	NREP
2807	NREP-AS1
2808	EPB41L4A-AS1
2809	EPB41L4A-DT
2810	KCNN2
2811	TRIM36
2812	CCDC112
2813	TICAM2
2814	CDO1
2815	LVRN
2816	SEMA6A-AS2
2817	LINC00992
2818	LINC02147
2819	LINC02208
2820	TNFAIP8
2821	PRR16
2822	LOX
2823	SNCAIP
2824	LINC02201
2825	PPIC
2826	PRDM6
2827	LINC01170
2828	LINC02240
2829	LMNB1-DT
2830	LMNB1
2831	C5orf63
2832	MEGF10
2833	CTXN3
2834	CCDC192
2835	FBN2
2836	SLC27A6
2837	ISOC1
2838	ADAMTS19-AS1
2839	ADAMTS19
2840	CHSY3
2841	MEIKIN
2842	ACSL6
2843	P4HA2-AS1
2844	PDLIM4
2845	SLC22A4
2846	SLC22A5
2847	IRF1
2848	IL5
2849	TH2LCRR
2850	SOWAHA
2851	UQCRQ
2852	LEAP2
2853	FSTL4
2854	TCF7
2855	CDKN2AIPNL
2856	LINC01843
2857	C5orf66
2858	CXCL14
2859	SLC25A48
2860	TGFBI
2861	SMAD5-AS1
2862	SPOCK1
2863	MYOT
2864	PKD2L2
2865	NME5
2866	CDC25C
2867	REEP2
2868	EGR1
2869	LRRTM2
2870	MATR3
2871	SNHG4
2872	PROB1
2873	SPATA24
2874	ECSCR
2875	PSD2
2876	MALINC1
2877	HBEGF
2878	SLC4A9
2879	EIF4EBP3
2880	APBB3
2881	SLC35A4
2882	CD14
2883	NDUFA2
2884	TMCO6
2885	WDR55
2886	DND1
2887	HARS2
2888	ZMAT2
2889	PCDHA4
2890	PCDHA9
2891	PCDHA10
2892	PCDHA12
2893	PCDHA13
2894	PCDHB2
2895	PCDHB3
2896	PCDHB4
2897	PCDHB5
2898	PCDHB6
2899	PCDHB7
2900	PCDHB16
2901	PCDHB9
2902	PCDHB10
2903	PCDHB11
2904	PCDHB12
2905	PCDHB13
2906	PCDHB14
2907	PCDHB15
2908	PCDHGA1
2909	PCDHGA2
2910	PCDHGA3
2911	PCDHGA4
2912	PCDHGB2
2913	PCDHGA5
2914	PCDHGB3
2915	PCDHGA6
2916	PCDHGA7
2917	PCDHGB4
2918	PCDHGA8
2919	PCDHGB5
2920	PCDHGA9
2921	PCDHGB6
2922	PCDHGA10
2923	PCDHGB7
2924	PCDHGA11
2925	PCDHGA12
2926	PCDHGC3
2927	RELL2
2928	FCHSD1
2929	PCDH12
2930	GNPDA1
2931	FGF1
2932	LINC01844
2933	ARHGAP26-AS1
2934	ARHGAP26-IT1
2935	SH3RF2
2936	PLAC8L1
2937	PPP2R2B
2938	STK32A-AS1
2939	STK32A
2940	DPYSL3
2941	JAKMIP2-AS1
2942	SPINK9
2943	HTR4
2944	ADRB2
2945	SH3TC2
2946	SH3TC2-DT
2947	AFAP1L1
2948	GRPEL2
2949	PCYOX1L
2950	ARHGEF37
2951	PDE6A
2952	SLC26A2
2953	TIGD6
2954	CSF1R
2955	SLC6A7
2956	TCOF1
2957	CD74
2958	NDST1-AS1
2959	MYOZ3
2960	IRGM
2961	ZNF300
2962	GPX3
2963	CCDC69
2964	GM2A
2965	SLC36A1
2966	FAT2
2967	CLMAT3
2968	GLRA1
2969	LINC01933
2970	NMUR2
2971	LINC01470
2972	FAM114A2
2973	SAP30L
2974	SGCD
2975	HAVCR2
2976	MED7
2977	ITK
2978	FNDC9
2979	ADAM19
2980	THG1L
2981	LSM11
2982	LINC02227
2983	LINC02202
2984	LINC01847
2985	ADRA1B
2986	FABP6
2987	CCNJL
2988	C1QTNF2
2989	ZBED8
2990	PTTG1
2991	MIR3142HG
2992	ATP10B
2993	GABRA6
2994	GABRA1
2995	LINC01202
2996	GABRG2
2997	CCNG1
2998	NUDCD2
2999	WWC1
3000	FBLL1
3001	SLIT3
3002	SPDL1
3003	DOCK2
3004	INSYN2B
3005	C5orf58
3006	KCNIP1
3007	KCNMB1
3008	RANBP17
3009	FGF18
3010	SH3PXD2B
3011	NEURL1B
3012	DUSP1
3013	RPL26L1
3014	BNIP1
3015	STC2
3016	NSG2
3017	LINC01411
3018	LINC01951
3019	DRD1
3020	HRH2
3021	CPLX2
3022	THOC3
3023	NOP16
3024	HIGD2A
3025	CDHR2
3026	GPRIN1
3027	SNCB
3028	EIF4E1B
3029	TSPAN17
3030	UNC5A
3031	ZNF346-IT1
3032	FGFR4
3033	RAB24
3034	MXD3
3035	PRELID1
3036	RGS14
3037	F12
3038	GRK6
3039	PRR7-AS1
3040	PRR7
3041	DBN1
3042	DOK3
3043	DDX41
3044	B4GALT7
3045	FAM153A
3046	FAM153CP
3047	N4BP3
3048	NHP2
3049	COL23A1
3050	ZNF354B
3051	ZFP2
3052	ZNF454
3053	GRM6
3054	ZNF879
3055	ZNF354C
3056	ADAMTS2
3057	LTC4S
3058	MGAT4B
3059	RASGEF1C
3060	GFPT2
3061	FLT4
3062	HEIH
3063	LINC00847
3064	ZFP62
3065	BTNL8
3066	BTNL3
3067	BTNL9
3068	TRIM7
3069	TRIM41
3070	TRIM52-AS1
3071	LINC01622
3072	LINC01394
3073	FOXCUT
3074	LINC01600
3075	MYLK4
3076	SERPINB1
3077	SERPINB9P1
3078	LINC01011
3079	BPHL
3080	TUBB2A
3081	TUBB2B
3082	FAM50B
3083	FAM217A
3084	C6orf201
3085	RPP40
3086	PPP1R3G
3087	F13A1
3088	LY86-AS1
3089	LY86
3090	CAGE1
3091	RIOK1
3092	DSP
3093	HULC
3094	TFAP2A
3095	TFAP2A-AS2
3096	TFAP2A-AS1
3097	GCNT2
3098	C6orf52
3099	PAK1IP1
3100	TMEM14C
3101	MAK
3102	SYCP2L
3103	ELOVL2
3104	ELOVL2-AS1
3105	ADTRP
3106	EDN1
3107	SIRT5
3108	RNF182
3109	CD83
3110	MYLIP
3111	GMPR
3112	RBM24
3113	TPMT
3114	KDM1B
3115	RNF144B
3116	MIR548A1HG
3117	ID4
3118	MBOAT1
3119	SOX4
3120	NBAT1
3121	NRSN1
3122	DCDC2
3123	GPLD1
3124	ALDH5A1
3125	KIAA0319
3126	ACOT13
3127	GMNN
3128	RIPOR2
3129	CARMIL1
3130	HIST1H1C
3131	HFE
3132	HIST1H4C
3133	HIST1H2BC
3134	HIST1H2AC
3135	HIST1H1E
3136	HIST1H2BD
3137	AL353759.1
3138	HIST1H2BE
3139	HIST1H4E
3140	HIST1H2BG
3141	HIST1H3E
3142	HIST1H1D
3143	HIST1H4H
3144	BTN3A2
3145	BTN2A2
3146	BTN3A1
3147	BTN3A3
3148	HCG11
3149	HMGN4
3150	ABT1
3151	LINC00240
3152	HIST1H2BJ
3153	ZNF391
3154	ZNF184
3155	HIST1H2BN
3156	ZNF165
3157	ZSCAN16
3158	ZSCAN9
3159	ZKSCAN4
3160	NKAPL
3161	ZSCAN31
3162	ZKSCAN3
3163	ZSCAN23
3164	ZBED9
3165	ZNF311
3166	MOG
3167	HLA-F
3168	HLA-F-AS1
3169	HLA-A
3170	ZNRD1
3171	PPP1R11
3172	TRIM39
3173	RPP21
3174	HLA-E
3175	MRPS18B
3176	ATAT1
3177	C6orf136
3178	NRM
3179	MDC1-AS1
3180	IER3
3181	HCG20
3182	DDR1
3183	GTF2H4
3184	VARS2
3185	HCG22
3186	PSORS1C1
3187	CDSN
3188	CCHCR1
3189	TCF19
3190	POU5F1
3191	HCG27
3192	HLA-B
3193	MICA
3194	HCP5
3195	MICB
3196	ATP6V1G2
3197	NFKBIL1
3198	LST1
3199	AIF1
3200	APOM
3201	C6orf47
3202	GPANK1
3203	CSNK2B
3204	LY6G5B
3205	LY6G5C
3206	DDAH2
3207	CLIC1
3208	MSH5
3209	SAPCD1
3210	SAPCD1-AS1
3211	VARS
3212	LSM2
3213	HSPA1L
3214	HSPA1A
3215	HSPA1B
3216	SNHG32
3217	NEU1
3218	EHMT2-AS1
3219	EHMT2
3220	C2
3221	ZBTB12
3222	CFB
3223	NELFE
3224	SKIV2L
3225	DXO
3226	STK19
3227	FKBPL
3228	PRRT1
3229	PPT2
3230	EGFL8
3231	RNF5
3232	AGER
3233	GPSM3
3234	TSBP1-AS1
3235	TSBP1
3236	HLA-DRA
3237	HLA-DRB5
3238	HLA-DRB1
3239	HLA-DQB1
3240	HLA-DOB
3241	TAP2
3242	PSMB8
3243	PSMB8-AS1
3244	PSMB9
3245	TAP1
3246	HLA-DMB
3247	HLA-DMA
3248	HLA-DPA1
3249	COL11A2
3250	RXRB
3251	HSD17B8
3252	HCG25
3253	VPS52
3254	RPS18
3255	B3GALT4
3256	WDR46
3257	PFDN6
3258	RGL2
3259	ZBTB22
3260	DAXX
3261	CUTA
3262	SYNGAP1-AS1
3263	ZBTB9
3264	BAK1
3265	IP6K3
3266	GRM4
3267	HMGA1
3268	SMIM29
3269	RPS10-NUDT3
3270	RPS10
3271	PACSIN1
3272	SCUBE3
3273	Z97832.2
3274	DEF6
3275	FANCE
3276	TEAD3
3277	TULP1
3278	FKBP5
3279	ARMC12
3280	LHFPL5
3281	SLC26A8
3282	MAPK13
3283	PNPLA1
3284	ETV7
3285	PXT1
3286	CDKN1A
3287	CPNE5
3288	PPIL1
3289	PI16
3290	FGD2
3291	PIM1
3292	TMEM217
3293	CCDC167
3294	MDGA1
3295	DNAH8
3296	SAYSD1
3297	KCNK17
3298	KIF6
3299	LINC00951
3300	LRFN2
3301	UNC5CL
3302	APOBEC2
3303	TREM1
3304	FOXP4
3305	MDFI
3306	FRS3
3307	PRICKLE4
3308	TOMM6
3309	MED20
3310	BYSL
3311	C6orf132
3312	GUCA1B
3313	MRPS10
3314	TRERF1
3315	PRPH2
3316	TBCC
3317	C6orf226
3318	CNPY3
3319	MEA1
3320	CUL7
3321	KLC4
3322	MRPL2
3323	PTK7
3324	SRF
3325	DNPH1
3326	TTBK1
3327	CRIP3
3328	ABCC10
3329	DLK2
3330	LRRC73
3331	POLH
3332	POLH-AS1
3333	MAD2L1BP
3334	RSPH9
3335	MRPS18A
3336	VEGFA
3337	AL109615.3
3338	MRPL14
3339	SLC29A1
3340	SLC35B2
3341	NFKBIE
3342	TMEM151B
3343	TCTE1
3344	AARS2
3345	SPATS1
3346	CLIC5
3347	ENPP5
3348	RCAN2
3349	CYP39A1
3350	TDRD6
3351	PLA2G7
3352	MEP1A
3353	PTCHD4
3354	CENPQ
3355	C6orf141
3356	PKHD1
3357	PAQR8
3358	TRAM2-AS1
3359	LRRC1
3360	MLIP
3361	HCRTR2
3362	HMGCLL1
3363	BMP5
3364	COL21A1
3365	BEND6
3366	ZNF451-AS1
3367	BAG2
3368	FKBP1C
3369	EYS
3370	AL391807.1
3371	COL19A1
3372	COL9A1
3373	SDHAF4
3374	B3GAT2
3375	KHDC1
3376	OOEP
3377	DDX43
3378	CGAS
3379	CD109
3380	COL12A1
3381	FILIP1
3382	IMPG1
3383	HTR1B
3384	MEI4
3385	HMGN3-AS1
3386	ELOVL4
3387	TENT5A
3388	LINC02542
3389	TPBG
3390	RWDD2A
3391	RIPPLY2
3392	MRAP2
3393	LINC01611
3394	TBX18-AS1
3395	NT5E
3396	HTR1E
3397	GJB7
3398	C6orf163
3399	CFAP206
3400	CNR1
3401	SRSF12
3402	GABRR2
3403	RRAGD
3404	ANKRD6
3405	MANEA-DT
3406	UFL1-AS1
3407	FHL5
3408	GPR63
3409	NDUFAF4
3410	KLHL32
3411	POU3F2
3412	FAXC
3413	COQ3
3414	MCHR2
3415	LIN28B-AS1
3416	LIN28B
3417	BVES
3418	BVES-AS1
3419	POPDC3
3420	CRYBG1
3421	RTN4IP1
3422	CD24
3423	BEND3
3424	SCML4
3425	NR2E1
3426	LINC00222
3427	PPIL6
3428	SMPD2
3429	MICAL1
3430	ZBTB24
3431	METTL24
3432	SLC22A16
3433	GTF3C6
3434	SLC16A10
3435	FAM229B
3436	MARCKS
3437	LINC01268
3438	HDAC2-AS2
3439	HS3ST5
3440	FRK
3441	COL10A1
3442	CALHM6
3443	TRAPPC3L
3444	CALHM5
3445	FAM162B
3446	ROS1
3447	SLC35F1
3448	PLN
3449	ASF1A
3450	FAM184A
3451	GJA1
3452	PKIB
3453	FABP7
3454	SMPDL3A
3455	CLVS2
3456	TRDN
3457	RNF217-AS1
3458	TPD52L1
3459	NCOA7-AS1
3460	CENPW
3461	RSPO3
3462	KIAA0408
3463	SOGA3
3464	THEMIS
3465	ARHGAP18
3466	TMEM244
3467	L3MBTL3
3468	SAMD3
3469	TMEM200A
3470	ENPP3
3471	ENPP1
3472	CCN2
3473	LINC01013
3474	MOXD1
3475	VNN2
3476	SLC18B1
3477	LINC00326
3478	EYA4
3479	TARID
3480	SGK1
3481	LINC01010
3482	CT69
3483	ALDH8A1
3484	LINC00271
3485	PEX7
3486	IL20RA
3487	WAKMAR2
3488	TNFAIP3
3489	PERP
3490	GVQW2
3491	ECT2L
3492	ABRACL
3493	TXLNB
3494	CITED2
3495	ADGRG6
3496	LINC01277
3497	ADAT2
3498	PHACTR2-AS1
3499	LTV1
3500	ZC2HC1B
3501	HYMAI
3502	SF3B5
3503	STX11
3504	EPM2A
3505	GRM1
3506	RAB32
3507	SAMD5
3508	UST-AS1
3509	SUMO4
3510	ZC3H12D
3511	RAET1E
3512	RAET1G
3513	ULBP2
3514	PPP1R14C
3515	MTHFD1L
3516	AKAP12
3517	ZBTB2
3518	CCDC170
3519	ESR1
3520	MYCT1
3521	VIP
3522	LINC02840
3523	FBXO5
3524	RGS17
3525	OPRM1
3526	IPCEF1
3527	CNKSR3
3528	CLDN20
3529	SYNJ2
3530	SERAC1
3531	GTF2H5
3532	SYTL3
3533	C6orf99
3534	RSPH3
3535	SOD2
3536	ACAT2
3537	TCP1
3538	MRPL18
3539	PNLDC1
3540	MAS1
3541	SLC22A1
3542	SLC22A2
3543	SLC22A3
3544	PACRG
3545	PACRG-AS3
3546	CAHM
3547	PDE10A
3548	PRR18
3549	RPS6KA2-IT1
3550	RAMACL
3551	RNASET2
3552	CCR6
3553	TTLL2
3554	AFDN-DT
3555	KIF25-AS1
3556	KIF25
3557	DACT2
3558	SMOC2
3559	THBS2
3560	LINC02519
3561	C6orf120
3562	TCTE3
3563	ERMARD
3564	LINC00574
3565	DLL1
3566	TBP
3567	PDGFA
3568	GET4
3569	ADAP1
3570	GPR146
3571	GPER1
3572	ZFAND2A
3573	MAFK
3574	TMEM184A
3575	PSMG3
3576	PSMG3-AS1
3577	ELFN1
3578	MRM2
3579	NUDT1
3580	SNX8
3581	LFNG
3582	BRAT1
3583	IQCE
3584	TTYH3
3585	AMZ1
3586	CARD11
3587	AC073316.3
3588	AP5Z1
3589	PAPOLB
3590	MMD2
3591	SLC29A4
3592	OCM
3593	GRID2IP
3594	ZDHHC4
3595	ZNF853
3596	ZNF316
3597	CCZ1B
3598	COL28A1
3599	RPA3
3600	ICA1
3601	NXPH1
3602	NDUFA4
3603	THSD7A
3604	VWDE
3605	SCIN
3606	ETV1
3607	DGKB
3608	AGMO
3609	MEOX2
3610	CRPPA-AS1
3611	ANKMY2
3612	BZW2
3613	TSPAN13
3614	TWIST1
3615	TWISTNB
3616	TMEM196
3617	MACC1
3618	ITGB8
3619	DNAH11
3620	CDCA7L
3621	STEAP1B
3622	IL6
3623	SNHG26
3624	GPNMB
3625	IGF2BP3
3626	FAM221A
3627	STK31
3628	NPY
3629	MPP6
3630	GSDME
3631	CYCS
3632	C7orf31
3633	AC005165.1
3634	NFE2L3
3635	SNX10
3636	JAZF1-AS1
3637	CREB5
3638	TRIL
3639	CPVL
3640	CHN2
3641	WIPF3
3642	FKBP14
3643	LINC01176
3644	GGCT
3645	CRHR2
3646	INMT
3647	AQP1
3648	GHRHR
3649	ADCYAP1R1
3650	NEUROD6
3651	ITPRID1
3652	PPP1R17
3653	PDE1C
3654	LSM5
3655	LINC00997
3656	FKBP9
3657	RP9
3658	NPSR1-AS1
3659	NPSR1
3660	SEPTIN7-AS1
3661	ANLN
3662	AOAH
3663	ELMO1-AS1
3664	SFRP4
3665	TRGC2
3666	TRGJP2
3667	TRGC1
3668	POU6F2-AS2
3669	LINC00265
3670	AC072061.1
3671	SUGCT
3672	INHBA
3673	INHBA-AS1
3674	C7orf25
3675	MRPL32
3676	BLVRA
3677	MRPS24
3678	UBE2D4
3679	SPDYE1
3680	LINC00957
3681	POLM
3682	AEBP1
3683	POLD2
3684	GCK
3685	NPC1L1
3686	SNHG15
3687	NACAD
3688	TBRG4
3689	RAMP3
3690	IGFBP1
3691	IGFBP3
3692	PKD1L1
3693	HUS1
3694	UPP1
3695	ABCA13
3696	VWC2
3697	ZPBP
3698	IKZF1
3699	FIGNL1
3700	COBL
3701	LINC01445
3702	VSTM2A
3703	VSTM2A-OT1
3704	SEC61G
3705	EGFR-AS1
3706	ZNF713
3707	MRPS17
3708	PSPH
3709	PHKG1
3710	CHCHD2
3711	LINC02848
3712	ZNF727
3713	ZNF117
3714	ERV3-1
3715	ZNF92
3716	ASL
3717	LINC02604
3718	SPDYE21P
3719	GALNT17
3720	NSUN5
3721	FKBP6
3722	FZD9
3723	BCL7B
3724	TBL2
3725	MLXIPL
3726	VPS37D
3727	DNAJC30
3728	BUD23
3729	STX1A
3730	ABHD11
3731	CLDN4
3732	METTL27
3733	ELN
3734	LIMK1
3735	LAT2
3736	RFC2
3737	GTF2IRD2
3738	GTF2IRD2B
3739	TRIM73
3740	SPDYE5
3741	TMEM120A
3742	SRRM3
3743	HSPB1
3744	SSC4D
3745	ZP3
3746	DTX2
3747	SPDYE16
3748	POMZP3
3749	FGL2
3750	GSAP
3751	APTR
3752	TMEM60
3753	CD36
3754	SEMA3C
3755	HGF
3756	SEMA3E
3757	SEMA3A
3758	SEMA3D
3759	GRM3
3760	TP53TG1
3761	ABCB4
3762	DBF4
3763	STEAP4
3764	ZNF804B
3765	STEAP2-AS1
3766	STEAP1
3767	STEAP2
3768	CFAP69
3769	FZD1
3770	CYP51A1-AS1
3771	LRRD1
3772	ERVW-1
3773	AC002454.1
3774	SAMD9
3775	GNGT1
3776	TFPI2
3777	GNG11
3778	PEG10
3779	PON3
3780	ASB4
3781	PDK4
3782	DLX6-AS1
3783	DLX5
3784	SDHAF3
3785	TAC1
3786	ASNS
3787	TECPR1
3788	BAIAP2L1
3789	NPTX2
3790	TMEM130
3791	BUD31
3792	CPSF4
3793	TMEM225B
3794	ZSCAN25
3795	CYP3A5
3796	CYP3A7
3797	CYP3A43
3798	ZSCAN21
3799	ZNF3
3800	MCM7
3801	AP4M1
3802	TAF6
3803	CNPY4
3804	MBLAC1
3805	MAP11
3806	GAL3ST4
3807	GPC2
3808	STAG3
3809	SPDYE3
3810	PILRA
3811	ZCWPW1
3812	MEPCE
3813	PPP1R35
3814	C7orf61
3815	NYAP1
3816	AGFG2
3817	SAP25
3818	LRCH4
3819	FBXO24
3820	PCOLCE-AS1
3821	PCOLCE
3822	MOSPD3
3823	TFR2
3824	ACTL6B
3825	POP7
3826	EPHB4
3827	SLC12A9
3828	SLC12A9-AS1
3829	ACHE
3830	MUC12
3831	SERPINE1
3832	AP1S1
3833	VGF
3834	CLDN15
3835	IFT22
3836	COL26A1
3837	SH2B2
3838	SPDYE6
3839	ALKBH4
3840	LRWD1
3841	POLR2J
3842	RASA4B
3843	UPK3BL2
3844	SPDYE2
3845	RASA4
3846	UPK3BL1
3847	SPDYE2B
3848	POLR2J2
3849	FBXL13
3850	LRRC17
3851	SLC26A5
3852	RELN
3853	LHFPL3
3854	LHFPL3-AS1
3855	EFCAB10
3856	CDHR3
3857	NAMPT
3858	AC007032.1
3859	CCDC71L
3860	PIK3CG
3861	GPR22
3862	DUS4L
3863	SLC26A4-AS1
3864	SLC26A4
3865	SLC26A3
3866	LAMB1
3867	LAMB4
3868	THAP5
3869	DNAJB9
3870	LRRN3
3871	DOCK4-AS1
3872	LSMEM1
3873	GPR85
3874	SMIM30
3875	MDFIC
3876	LINC01393
3877	TFEC
3878	TES
3879	AC002066.1
3880	CAV1
3881	MET
3882	ST7-AS1
3883	ST7-OT4
3884	ST7-AS2
3885	CFTR
3886	ANKRD7
3887	LINC02476
3888	TSPAN12
3889	CPED1
3890	WNT16
3891	PTPRZ1
3892	IQUB
3893	GPR37
3894	POT1-AS1
3895	GRM8
3896	GCC1
3897	ARF5
3898	SND1-IT1
3899	LRRC4
3900	PRRT4
3901	HILPDA
3902	AC090114.2
3903	FAM71F2
3904	CCDC136
3905	FLNC
3906	KCP
3907	ATP6V1F
3908	TSPAN33
3909	SMO
3910	STRIP2
3911	SMKR1
3912	CEP41
3913	MEST
3914	MKLN1-AS
3915	PODXL
3916	PLXNA4
3917	LRGUK
3918	SLC35B4
3919	AKR1B1
3920	BPGM
3921	CYREN
3922	TMEM140
3923	SLC13A4
3924	FAM180A
3925	CHRM2
3926	SVOPL
3927	ATP6V0A4
3928	TMEM213
3929	ZC3HAV1L
3930	FMC1
3931	CLEC2L
3932	HIPK2
3933	TBXAS1
3934	KDM7A-DT
3935	ADCK2
3936	NDUFB2
3937	MRPS33
3938	WEE2-AS1
3939	TAS2R4
3940	TAS2R5
3941	MGAM
3942	CLEC5A
3943	MGAM2
3944	TRBC2
3945	EPHB6
3946	KEL
3947	CLCN1
3948	FAM131B
3949	EPHA1-AS1
3950	TCAF2
3951	OR2F1
3952	OR2A5
3953	ARHGEF35
3954	OR2A42
3955	OR2A7
3956	ARHGEF5
3957	EZH2
3958	PDIA4
3959	ZNF786
3960	ZNF425
3961	ZNF212
3962	ZNF777
3963	ZNF746
3964	KRBA1
3965	ZNF467
3966	SSPO
3967	ATP6V0E2-AS1
3968	ATP6V0E2
3969	ACTR3C
3970	LRRC61
3971	RARRES2
3972	REPIN1
3973	ZNF775
3974	GIMAP8
3975	GIMAP7
3976	GIMAP4
3977	GIMAP6
3978	GIMAP2
3979	GIMAP1
3980	GIMAP5
3981	TMEM176B
3982	TMEM176A
3983	KCNH2
3984	NOS3
3985	ATG9B
3986	ABCB8
3987	ASIC3
3988	CDK5
3989	TMUB1
3990	ABCF2
3991	CHPF2
3992	WDR86
3993	WDR86-AS1
3994	CRYGN
3995	PRKAG2-AS1
3996	GALNTL5
3997	LINC01003
3998	XRCC2
3999	PAXIP1
4000	PAXIP1-AS1
4001	HTR5A-AS1
4002	HTR5A
4003	INSIG1
4004	LINC01006
4005	RNF32
4006	NOM1
4007	NCAPG2
4008	LINC00689
4009	VIPR2
4010	ZNF596
4011	DLGAP2-AS1
4012	KBTBD11-OT1
4013	KBTBD11
4014	MYOM2
4015	ANGPT2
4016	FAM66B
4017	FAM66E
4018	FAM85B
4019	PRAG1
4020	MFHAS1
4021	PPP1R3B
4022	LINC00599
4023	PRSS51
4024	SOX7
4025	FAM167A-AS1
4026	FAM167A
4027	NEIL2
4028	FAM66D
4029	FAM86B1
4030	FAM66A
4031	SGCZ
4032	MSR1
4033	MTMR7
4034	SLC7A2
4035	PDGFRL
4036	FGL1
4037	NAT1
4038	SH2D4A
4039	CSGALNACT1
4040	LPL
4041	LZTS1-AS1
4042	LINC02153
4043	GFRA2
4044	NPM2
4045	FGF17
4046	NUDT18
4047	HR
4048	REEP4
4049	LGI3
4050	BMP1
4051	PHYHIP
4052	POLR3D
4053	PIWIL2
4054	SLC39A14
4055	PDLIM2
4056	C8orf58
4057	CCAR2
4058	EGR3
4059	PEBP4
4060	TNFRSF10C
4061	TNFRSF10D
4062	TNFRSF10A
4063	CHMP7
4064	R3HCC1
4065	LOXL2
4066	AC090197.1
4067	NKX3-1
4068	STC1
4069	ADAM28
4070	NEFM
4071	NEFL
4072	DOCK5
4073	GNRH1
4074	EBF2
4075	PNMA2
4076	ADRA1A
4077	STMN4
4078	TRIM35
4079	CHRNA2
4080	EPHX2
4081	SCARA3
4082	SCARA5
4083	PNOC
4084	ZNF395
4085	EXTL3-AS1
4086	DUSP4
4087	LEPROTL1
4088	DCTN6
4089	RBPMS-AS1
4090	SMIM18
4091	UBXN8
4092	TEX15
4093	MAK16
4094	RNF122
4095	DUSP26
4096	LINC01605
4097	ZNF703
4098	ERLIN2
4099	BRF2
4100	RAB11FIP1
4101	EIF4EBP1
4102	STAR
4103	LETM2
4104	C8orf86
4105	HTRA4
4106	TM2D2
4107	ADAM32
4108	ADAM18
4109	IDO1
4110	TCIM
4111	ZMAT4
4112	SFRP1
4113	GINS4
4114	ANK1
4115	PLAT
4116	SMIM19
4117	CHRNB3
4118	CHRNA6
4119	THAP1
4120	POMK
4121	CEBPD
4122	MCM4
4123	EFCAB1
4124	SNAI2
4125	PXDNL
4126	ST18
4127	OPRK1
4128	RGS20
4129	MRPL15
4130	SOX17
4131	RP1
4132	XKR4
4133	TGS1
4134	PLAG1
4135	CHCHD7
4136	SDR16C5
4137	TOX
4138	CA8
4139	LINC01301
4140	CLVS1
4141	GGH
4142	TTPA
4143	YTHDF3-AS1
4144	LINC01414
4145	LINC01289
4146	MIR124-2HG
4147	LINC01299
4148	ARMC1
4149	RRS1-AS1
4150	RRS1
4151	ADHFE1
4152	VXN
4153	MYBL1
4154	MCMDC2
4155	PPP1R42
4156	CPA6
4157	C8orf34-AS1
4158	C8orf34
4159	SULF1
4160	SLCO5A1
4161	LACTB2-AS1
4162	LACTB2
4163	XKR9
4164	EYA1
4165	MSC
4166	TRPA1
4167	KCNB2
4168	SBSPON
4169	RDH10
4170	RDH10-AS1
4171	TMEM70
4172	LY96
4173	JPH1
4174	MIR2052HG
4175	PI15
4176	CRISPLD1
4177	HNF4G
4178	ZFHX4-AS1
4179	ZFHX4
4180	PKIA-AS1
4181	PKIA
4182	IL7
4183	STMN2
4184	HEY1
4185	LINC01607
4186	FABP5
4187	PMP2
4188	FABP4
4189	CHMP4C
4190	SNX16
4191	LINC02235
4192	LRRCC1
4193	E2F5
4194	CA13
4195	CA1
4196	CA3
4197	CA3-AS1
4198	CA2
4199	LINC02849
4200	CNGB3
4201	CNBD1
4202	RIPK2
4203	OSGIN2
4204	CALB1
4205	LINC00534
4206	C8orf88
4207	SLC26A7
4208	LINC00535
4209	GEM
4210	RAD54B
4211	FSBP
4212	ESRP1
4213	CCNE2
4214	PLEKHF2
4215	C8orf37-AS1
4216	C8orf37
4217	MTERF3
4218	SDC2
4219	TSPYL5
4220	MATN2
4221	RPL30
4222	AP003352.1
4223	RIDA
4224	POP1
4225	KCNS2
4226	RGS22
4227	POLR2K
4228	ANKRD46
4229	SNX31
4230	AP003469.4
4231	NCALD
4232	UBR5-AS1
4233	KLF10
4234	AZIN1-AS1
4235	BAALC-AS1
4236	CTHRC1
4237	AC012213.3
4238	DCAF13
4239	DPYS
4240	ANGPT1
4241	RSPO2
4242	TMEM74
4243	TRHR
4244	PKHD1L1
4245	KCNV1
4246	LINC01608
4247	LINC01609
4248	LINC02237
4249	LINC00536
4250	AARD
4251	SLC30A8
4252	MED30
4253	SAMD12-AS1
4254	TNFRSF11B
4255	COLEC10
4256	MAL2
4257	MAL2-AS1
4258	CCN3
4259	ENPP2
4260	DSCC1
4261	DEPTOR
4262	COL14A1
4263	HAS2-AS1
4264	LINC01151
4265	TBC1D31
4266	FER1L6
4267	FER1L6-AS2
4268	TRMT12
4269	RNF139-AS1
4270	RNF139
4271	LINC00964
4272	ZNF572
4273	SQLE
4274	WASHC5-AS1
4275	TRIB1
4276	LINC00861
4277	LRATD2
4278	PCAT1
4279	CASC19
4280	PRNCR1
4281	CASC8
4282	MYC
4283	PVT1
4284	LINC00824
4285	CCDC26
4286	ASAP1-IT2
4287	ADCY8
4288	HPYR1
4289	TMEM71
4290	TG
4291	SLA
4292	CCN4
4293	NDRG1
4294	LINC02055
4295	FAM135B
4296	COL22A1
4297	KCNK9
4298	PEG13
4299	CHRAC1
4300	SLC45A4
4301	GPR20
4302	PTP4A3
4303	ADGRB1
4304	ARC
4305	JRK
4306	PSCA
4307	LY6K
4308	LNCOC1
4309	THEM6
4310	LYNX1
4311	LY6E-DT
4312	LY6E
4313	LY6H
4314	GPIHBP1
4315	ZFP41
4316	GLI4
4317	MINCR
4318	ZNF696
4319	TOP1MT
4320	RHPN1
4321	MAFA
4322	GSDMD
4323	MROH6
4324	NAPRT
4325	TIGD5
4326	PYCR3
4327	TSTA3
4328	ZNF707
4329	FAM83H
4330	IQANK1
4331	SCRIB
4332	PUF60
4333	PARP10
4334	SPATC1
4335	OPLAH
4336	EXOSC4
4337	GPAA1
4338	CYC1
4339	MAF1
4340	WDR97
4341	HGH1
4342	BOP1
4343	SCX
4344	SCRT1
4345	TMEM249
4346	SLC52A2
4347	FBXL6
4348	ADCK5
4349	CPSF1
4350	SLC39A4
4351	TONSL
4352	KIFC2
4353	PPP1R16A
4354	GPT
4355	MFSD3
4356	RECQL4
4357	LRRC14
4358	LRRC24
4359	C8orf82
4360	ARHGAP39
4361	ZNF34
4362	RPL8
4363	ZNF517
4364	ZNF7
4365	COMMD5
4366	ZNF16
4367	ZNF252P-AS1
4368	LINC01388
4369	DOCK8
4370	VLDLR-AS1
4371	VLDLR
4372	KCNV2
4373	RFX3-AS1
4374	SLC1A1
4375	SPATA6L
4376	PLPP6
4377	CDC37L1-DT
4378	INSL6
4379	PLGRKT
4380	CD274
4381	PDCD1LG2
4382	MLANA
4383	RANBP6
4384	IL33
4385	GLDC
4386	DMAC1
4387	PTPRD-AS1
4388	LURAP1L-AS1
4389	LURAP1L
4390	AL136366.1
4391	FREM1
4392	C9orf92
4393	BNC2
4394	BNC2-AS1
4395	SH3GL2
4396	ADAMTSL1
4397	SAXO1
4398	RRAGA
4399	PLIN2
4400	ACER2
4401	HACD4
4402	MIR31HG
4403	CDKN2A
4404	CDKN2B-AS1
4405	CDKN2B
4406	LINC01239
4407	ELAVL2
4408	IZUMO3
4409	TUSC1
4410	LRRC19
4411	EQTN
4412	LINC01242
4413	SMIM27
4414	TMEM215
4415	DNAJA1
4416	B4GALT1
4417	BAG1
4418	AQP7
4419	NOL6
4420	ANKRD18B
4421	CYP4F26P
4422	PTENP1-AS
4423	PRSS3
4424	AL354989.1
4425	KIF24
4426	NUDT2
4427	MYORG
4428	C9orf24
4429	DNAI1
4430	ENHO
4431	CNTFR
4432	RPP25L
4433	DCTN3
4434	SIGMAR1
4435	GALT
4436	IL11RA
4437	PHF24
4438	DNAJB5
4439	FANCG
4440	PIGO
4441	STOML2
4442	FAM214B
4443	FAM166B
4444	TESK1
4445	CD72
4446	RMRP
4447	ARHGEF39
4448	TPM2
4449	CREB3
4450	RGP1
4451	SPAG8
4452	HINT2
4453	TMEM8B
4454	HRCT1
4455	SPAAR
4456	GLIPR2
4457	MELK
4458	PAX5
4459	EBLN3P
4460	GRHPR
4461	POLR1E
4462	FBXO10
4463	TOMM5
4464	FRMPD1
4465	SHB
4466	ALDH1B1
4467	IGFBPL1
4468	ANKRD18A
4469	CNTNAP3
4470	GLIDR
4471	BMS1P14
4472	CBWD6
4473	FAM242F
4474	CNTNAP3C
4475	FAM27C
4476	LINC01410
4477	LERFS
4478	ANKRD20A4
4479	ANKRD20A3
4480	ZNF658
4481	FAM27E3
4482	ANKRD20A1
4483	CBWD3
4484	PGM5
4485	TMEM252-DT
4486	PIP5K1B
4487	FAM122A
4488	FXN
4489	TJP2
4490	FAM189A2
4491	MAMDC2-AS1
4492	MAMDC2
4493	TRPM3
4494	GDA
4495	LINC01504
4496	TMC1
4497	LINC01474
4498	ALDH1A1
4499	ANXA1
4500	RORB-AS1
4501	RORB
4502	TRPM6
4503	C9orf40
4504	CARNMT1-AS1
4505	CARNMT1
4506	NMRK1
4507	RFK
4508	GCNT1
4509	PCA3
4510	GNA14
4511	GNA14-AS1
4512	PSAT1
4513	RASEF
4514	IDNK
4515	C9orf64
4516	RMI1
4517	C9orf153
4518	GAS1
4519	GAS1RR
4520	CDK20
4521	NXNL2
4522	S1PR3
4523	CKS2
4524	GADD45G
4525	LINC01508
4526	DIRAS2
4527	SYK
4528	NFIL3
4529	ROR2
4530	CENPP
4531	OGN
4532	OMD
4533	ASPN
4534	ECM2
4535	ZNF484
4536	FGD3
4537	CARD19
4538	NINJ1
4539	C9orf129
4540	LINC02603
4541	ZNF169
4542	PCAT7
4543	FBP1
4544	PTCH1
4545	LINC00092
4546	SLC35D2
4547	ZNF367
4548	NUTM2G
4549	CCDC180
4550	PTCSC2
4551	TRMO
4552	NANS
4553	TRIM14
4554	CORO2A
4555	TBC1D2
4556	ANKS6
4557	GALNT12
4558	COL15A1
4559	ALG2
4560	NR4A3
4561	MSANTD3
4562	CAVIN4
4563	PLPPR1
4564	BAAT
4565	ALDOB
4566	TMEM246-AS1
4567	TMEM246
4568	GRIN3A
4569	SMC2
4570	NIPSNAP3A
4571	NIPSNAP3B
4572	FSD1L
4573	LINC01505
4574	KLF4
4575	ABITRAM
4576	EPB41L4B
4577	PTPN3
4578	SVEP1
4579	MUSK
4580	LPAR1
4581	DNAJC25
4582	SHOC1
4583	UGCG
4584	C9orf147
4585	SNX30
4586	ZNF883
4587	ZFP37
4588	SLC31A2
4589	CDC26
4590	PRPF4
4591	WDR31
4592	HDHD3
4593	ALAD
4594	POLE3
4595	C9orf43
4596	RGS3
4597	COL27A1
4598	AKNA
4599	WHRN
4600	TMEM268
4601	TEX53
4602	TEX48
4603	DEC1
4604	TNC
4605	PAPPA
4606	PAPPA-AS1
4607	ASTN2-AS1
4608	TRIM32
4609	TLR4
4610	BRINP1
4611	B3GNT10
4612	PHF19
4613	TRAF1
4614	C5
4615	GSN-AS1
4616	NDUFA8
4617	MORN5
4618	LHX6
4619	PDCL
4620	ZBTB6
4621	ZBTB26
4622	MIR600HG
4623	CRB2
4624	LHX2
4625	NEK6
4626	NR6A1
4627	MIR181A2HG
4628	OLFML2A
4629	HSPA5
4630	LMX1B
4631	ZBTB34
4632	ANGPTL2
4633	SLC2A8
4634	ZNF79
4635	PTRH1
4636	CFAP157
4637	TOR2A
4638	ST6GALNAC4
4639	PIP5KL1
4640	DPM2
4641	NAIF1
4642	SLC25A25-AS1
4643	PTGES2
4644	C9orf16
4645	TRUB2
4646	CERCAM
4647	WDR34
4648	HMGA1P4
4649	PKN3
4650	ZDHHC12
4651	ENDOG
4652	SPOUT1
4653	PHYHD1
4654	DOLK
4655	DOLPP1
4656	CRAT
4657	IER5L
4658	AL161785.1
4659	LINC01503
4660	C9orf50
4661	ASB6
4662	PTGES
4663	TOR1A
4664	NCS1
4665	HMCN2
4666	ASS1
4667	EXOSC2
4668	AIF1L
4669	FAM78A
4670	PLPP7
4671	POMT1
4672	UCK1
4673	NTNG2
4674	CFAP77
4675	DDX31
4676	GTF3C4
4677	AK8
4678	SPACA9
4679	CEL
4680	GBGT1
4681	SURF6
4682	MED22
4683	RPL7A
4684	SURF1
4685	SURF2
4686	STKLD1
4687	REXO4
4688	ADAMTS13
4689	CACFD1
4690	SLC2A6
4691	ADAMTSL2
4692	SARDH
4693	BRD3OS
4694	BRD3
4695	COL5A1
4696	OLFM1
4697	PPP1R26-AS1
4698	PPP1R26
4699	MRPS2
4700	SOHLH1
4701	KCNT1
4702	UBAC1
4703	TMEM250
4704	QSOX2
4705	GPSM1
4706	DNLZ
4707	CARD9
4708	ENTR1
4709	INPP5E
4710	NALT1
4711	AGPAT2
4712	DIPK1B
4713	SNHG7
4714	LCN10
4715	LCN6
4716	TMEM141
4717	CCDC183
4718	AJM1
4719	PHPT1
4720	MAMDC4
4721	TRAF2
4722	FBXW5
4723	PTGDS
4724	LCNL1
4725	PAXX
4726	CLIC3
4727	ABCA2
4728	UAP1L1
4729	MAN1B1-DT
4730	MAN1B1
4731	GRIN1
4732	ANAPC2
4733	TPRN
4734	TMEM203
4735	NDOR1
4736	RNF208
4737	TUBB4B
4738	TOR4A
4739	NRARP
4740	NOXA1
4741	PNPLA7
4742	DPH7
4743	ZMYND19
4744	ARRDC1
4745	ARRDC1-AS1
4746	PRR26
4747	IDI2-AS1
4748	IDI1
4749	LINC00200
4750	ADARB2
4751	ADARB2-AS1
4752	LINC02645
4753	PFKP
4754	PITRM1-AS1
4755	LINC02668
4756	LINC02669
4757	LINC00702
4758	AKR1E2
4759	AKR1C1
4760	AKR1C2
4761	AKR1C3
4762	TUBAL3
4763	NET1
4764	ASB13
4765	ANKRD16
4766	IL15RA
4767	IL2RA
4768	LINC02649
4769	LINC02656
4770	PRKCQ
4771	PRKCQ-AS1
4772	LINC02642
4773	ITIH2
4774	CELF2-DT
4775	SFTA1P
4776	LINC00710
4777	CELF2-AS2
4778	ECHDC3
4779	PROSER2
4780	PROSER2-AS1
4781	SEC61A2
4782	PHYH
4783	AL157392.2
4784	CDNF
4785	HSPA14
4786	SUV39H2
4787	MEIG1
4788	OLAH
4789	ACBD7
4790	ITGA8
4791	PTER
4792	C1QL3
4793	CUBN
4794	TRDMT1
4795	VIM-AS1
4796	ST8SIA6
4797	ST8SIA6-AS1
4798	HACD1
4799	STAM-AS1
4800	TMEM236
4801	MRC1
4802	SLC39A12
4803	MALRD1
4804	MIR1915HG
4805	SKIDA1
4806	SPAG6
4807	ARMC3
4808	MSRB2
4809	C10orf67
4810	OTUD1
4811	PRTFDC1
4812	ENKUR
4813	THNSL1
4814	GPR158
4815	LINC00836
4816	MYO3A
4817	GAD2
4818	APBB1IP
4819	PDSS1
4820	MASTL
4821	LINC02680
4822	MKX
4823	ARMC4
4824	MPP7
4825	LINC02652
4826	WAC-AS1
4827	BAMBI
4828	LINC01517
4829	LINC02664
4830	ZEB1-AS1
4831	MACORIS
4832	ITGB1-DT
4833	NRP1
4834	PARD3-AS1
4835	FZD8
4836	ANKRD30A
4837	LINC00839
4838	RET
4839	RASGEF1A
4840	ZNF487
4841	ZNF239
4842	ZNF485
4843	ZNF32-AS3
4844	ZNF32
4845	LINC00840
4846	LINC00841
4847	CXCL12
4848	TMEM72-AS1
4849	DEPP1
4850	C10orf25
4851	ALOX5
4852	AGAP4
4853	SYT15
4854	PTPN20
4855	ZNF488
4856	FAM25G
4857	AGAP9
4858	FRMPD2
4859	ARHGAP22
4860	WDFY4
4861	VSTM4
4862	TMEM273
4863	ERCC6
4864	OGDHL
4865	TIMM23B
4866	TIMM23B-AGAP6
4867	SGMS1-AS1
4868	ASAH2B
4869	CSTF2T
4870	PRKG1-AS1
4871	LNCAROD
4872	PCDH15
4873	BICC1
4874	LINC00844
4875	FAM13C
4876	SLC16A9
4877	CDK1
4878	RHOBTB1
4879	TMEM26
4880	CABCOCO1
4881	RTKN2
4882	ZNF365
4883	ADO
4884	NRBF2
4885	LINC01515
4886	CTNNA3
4887	DNAJC12
4888	MYPN
4889	PBLD
4890	DNA2
4891	TET1
4892	STOX1
4893	SRGN
4894	TSPAN15
4895	FAM241B
4896	COL13A1
4897	LINC02636
4898	H2AFY2
4899	TYSND1
4900	NPFFR1
4901	LRRC20
4902	NODAL
4903	ADAMTS14
4904	PCBD1
4905	SLC29A3
4906	CDH23
4907	VSIR
4908	CHST3
4909	SPOCK2
4910	DDIT4
4911	NUDT13
4912	DNAJC9-AS1
4913	CFAP70
4914	MSS51
4915	PPP3CB-AS1
4916	SYNPO2L
4917	AGAP5
4918	CHCHD1
4919	ZSWIM8-AS1
4920	NDST2
4921	PLAU
4922	COMTD1
4923	ZNF503-AS1
4924	ZNF503
4925	ZNF503-AS2
4926	KCNMA1-AS1
4927	ZMIZ1-AS1
4928	PPIF
4929	EIF5AL1
4930	SFTPD
4931	SFTPD-AS1
4932	TMEM254-AS1
4933	TMEM254
4934	MAT1A
4935	DYDC2
4936	SH2D4B
4937	CDHR1
4938	GRID1-AS1
4939	OPN4
4940	LDB3
4941	MMRN2
4942	SNCG
4943	ADIRF-AS1
4944	ADIRF
4945	LINC00863
4946	KLLN
4947	ACTA2-AS1
4948	ACTA2
4949	CH25H
4950	IFIT2
4951	IFIT3
4952	IFIT1
4953	IFIT5
4954	SLC16A12
4955	SLC16A12-AS1
4956	PANK1
4957	KIF20B
4958	LINC00865
4959	LINC01374
4960	HTR7
4961	PPP1R3C
4962	TNKS2-AS1
4963	FGFBP3
4964	KIF11
4965	HHEX
4966	FFAR4
4967	RBP4
4968	PDE6C
4969	LGI1
4970	SLC35G1
4971	PLCE1
4972	PLCE1-AS2
4973	PLCE1-AS1
4974	HELLS
4975	CYP2C8
4976	ACSM6
4977	PDLIM1
4978	ALDH18A1
4979	ENTPD1
4980	CC2D2B
4981	CCNJ
4982	BLNK
4983	OPALIN
4984	TLL2
4985	PIK3AP1
4986	SLIT1
4987	FRAT1
4988	FRAT2
4989	RRP12
4990	ZDHHC16
4991	UBTD1
4992	HOGA1
4993	MORN4
4994	AVPI1
4995	MARVELD1
4996	GOLGA7B
4997	CRTAC1
4998	LOXL4
4999	PYROXD2
5000	HPSE2
5001	CNNM1
5002	GOT1
5003	ENTPD7
5004	ABCC2
5005	DNMBP-AS1
5006	CHUK
5007	PKD2L1
5008	SCD
5009	OLMALINC
5010	MRPL43
5011	SEMA4G
5012	TWNK
5013	PDZD7
5014	SFXN3
5015	KAZALD1
5016	DPCD
5017	NPM3
5018	KCNIP2-AS1
5019	KCNIP2
5020	HPS6
5021	PPRC1
5022	NFKB2
5023	PSD
5024	FBXL15
5025	RPARP-AS1
5026	MFSD13A
5027	SFXN2
5028	AS3MT
5029	INA
5030	TAF5
5031	CALHM2
5032	NEURL1
5033	SH3PXD2A-AS1
5034	STN1
5035	SFR1
5036	CFAP43
5037	GSTO2
5038	ITPRIP
5039	CFAP58
5040	SORCS3
5041	LINC02627
5042	LINC01435
5043	ADD3-AS1
5044	DUSP5
5045	RBM20
5046	BBIP1
5047	ADRA2A
5048	GPAM
5049	ACSL5
5050	AL158212.1
5051	DCLRE1A
5052	ADRB1
5053	TDRD1
5054	VWA2
5055	TRUB1
5056	GFRA1
5057	ENO4
5058	SHTN1
5059	SLC18A2
5060	EMX2OS
5061	EMX2
5062	CASC2
5063	LINC00867
5064	PRLHR
5065	NANOS1
5066	SFXN4
5067	GRK5-IT1
5068	RGS10
5069	BAG3
5070	PLPP4
5071	WDR11-AS1
5072	FGFR2
5073	BTBD16
5074	HTRA1
5075	CUZD1
5076	FAM24B
5077	PSTK
5078	BUB3
5079	LINC02641
5080	GPR26
5081	CPXM2
5082	FAM53B-AS1
5083	EDRF1-DT
5084	EDRF1-AS1
5085	MMP21
5086	UROS
5087	FANK1
5088	ADAM12
5089	C10orf90
5090	INSYN2A
5091	PTPRE
5092	LINC02666
5093	EBF3
5094	C10orf143
5095	LINC02646
5096	TCERG1L
5097	JAKMIP3
5098	DPYSL4
5099	LRRC27
5100	PWWP2B
5101	NKX6-2
5102	CFAP46
5103	LINC01166
5104	ADGRA1
5105	ADGRA1-AS1
5106	KNDC1
5107	ADAM8
5108	ZNF511
5109	CALY
5110	FUOM
5111	PAOX
5112	SPRN
5113	SCART1
5114	CYP2E1
5115	SYCE1
5116	LINC01001
5117	RIC8A
5118	SIRT3
5119	PGGHG
5120	IFITM2
5121	IFITM1
5122	IFITM3
5123	B4GALNT4
5124	SIGIRR
5125	HRAS
5126	LRRC56
5127	RASSF7
5128	MIR210HG
5129	IRF7
5130	DRD4
5131	EPS8L2
5132	TMEM80
5133	CEND1
5134	SLC25A22
5135	PANO1
5136	PIDD1
5137	PNPLA2
5138	CRACR2B
5139	CD151
5140	POLR2L
5141	MUC6
5142	TOLLIP-AS1
5143	BRSK2
5144	DUSP8
5145	KRTAP5-AS1
5146	IFITM10
5147	LSP1
5148	MRPL23
5149	IGF2
5150	IGF2-AS
5151	TH
5152	CD81-AS1
5153	TSSC4
5154	KCNQ1
5155	CDKN1C
5156	SLC22A18
5157	PHLDA2
5158	CARS-AS1
5159	ART5
5160	ART1
5161	CHRNA10
5162	PGAP2
5163	RHOG
5164	RRM1
5165	TRIM21
5166	TRIM68
5167	MMP26
5168	HBB
5169	OR51B5
5170	UBQLNL
5171	TRIM6
5172	TRIM34
5173	TRIM5
5174	C11orf42
5175	FAM160A2
5176	CNGA4
5177	CCKBR
5178	CAVIN3
5179	SMPD1
5180	HPX
5181	TIMM10B
5182	RRP8
5183	TAF10
5184	DCHS1
5185	MRPL17
5186	OR2AG2
5187	ZNF215
5188	ZNF214
5189	SYT9
5190	OLFML1
5191	PPFIBP2
5192	CYB5R2
5193	TUB
5194	STK33
5195	TRIM66
5196	TMEM9B-AS1
5197	NRIP3
5198	SCUBE2
5199	WEE1
5200	LINC02709
5201	SBF2-AS1
5202	ADM
5203	AMPD3
5204	RNF141
5205	MRVI1-AS1
5206	LYVE1
5207	MRVI1
5208	ZBED5-AS1
5209	CSNK2A3
5210	FAR1-IT1
5211	SPON1
5212	SPON1-AS1
5213	PDE3B
5214	CYP2R1
5215	CALCB
5216	PLEKHA7
5217	RPS13
5218	NCR3LG1
5219	KCNJ11
5220	ABCC8
5221	USH1C
5222	KCNC1
5223	TPH1
5224	LDHC
5225	LDHAL6A
5226	SPTY2D1OS
5227	TMEM86A
5228	IGSF22
5229	PTPN5
5230	ZDHHC13
5231	CSRP3-AS1
5232	NAV2-IT1
5233	NAV2-AS4
5234	NAV2-AS3
5235	HTATIP2
5236	NELL1
5237	SLC17A6
5238	FANCF
5239	GAS2
5240	LINC02718
5241	LINC02726
5242	LUZP2
5243	ANO3
5244	ANO3-AS1
5245	MUC15
5246	FIBIN
5247	BBOX1
5248	BBOX1-AS1
5249	CCDC34
5250	LGR4
5251	BDNF-AS
5252	BDNF
5253	KIF18A
5254	LINC02742
5255	LINC02755
5256	KCNA4
5257	MPPED2
5258	MPPED2-AS1
5259	DCDC1
5260	PAX6
5261	PAUPAR
5262	CCDC73
5263	PRRG4
5264	LINC00294
5265	CSTF3-DT
5266	C11orf91
5267	CD59
5268	CD44
5269	SLC1A2
5270	PAMR1
5271	FJX1
5272	COMMD9
5273	RAG1
5274	ALKBH3-AS1
5275	C11orf96
5276	ACCS
5277	ALX4
5278	CD82
5279	TSPAN18
5280	TP53I11
5281	PRDM11
5282	SYT13
5283	CHST1
5284	LINC02716
5285	SLC35C1
5286	MAPK8IP1
5287	PEX16
5288	CREB3L1
5289	MDK
5290	HARBI1
5291	ZNF408
5292	LRP4-AS1
5293	LRP4
5294	ARFGAP2
5295	PACSIN3
5296	DDB2
5297	ACP2
5298	SPI1
5299	AC090559.1
5300	SLC39A13
5301	PSMC3
5302	NDUFS3
5303	PTPMT1
5304	KBTBD4
5305	C1QTNF4
5306	AGBL2
5307	FOLH1
5308	LRRC55
5309	APLNR
5310	SSRP1
5311	P2RX3
5312	RTN4RL2
5313	SLC43A1
5314	TIMM10
5315	UBE2L6
5316	YPEL4
5317	CLP1
5318	MED19
5319	BTBD18
5320	OR9Q1
5321	LPXN
5322	GLYAT
5323	GLYATL2
5324	FAM111A-DT
5325	DTX4
5326	OR4D9
5327	MRPL16
5328	MS4A6A
5329	MS4A4A
5330	MS4A4E
5331	MS4A7
5332	CCDC86
5333	PTGDR2
5334	ZP1
5335	TMEM132A
5336	SLC15A3
5337	VWCE
5338	TKFC
5339	TMEM138
5340	TMEM216
5341	PPP1R32
5342	LRRC10B
5343	SYT7
5344	DAGLA
5345	MYRF
5346	TMEM258
5347	FEN1
5348	FADS2
5349	RAB3IL1
5350	BEST1
5351	INCENP
5352	ASRGL1
5353	EEF1G
5354	TUT1
5355	MTA2
5356	EML3
5357	ROM1
5358	B3GAT3
5359	INTS5
5360	C11orf98
5361	LBHD1
5362	CSKMT
5363	UQCC3
5364	UBXN1
5365	LRRN4CL
5366	GNG3
5367	ZBTB3
5368	POLR2G
5369	TAF6L
5370	TMEM223
5371	TMEM179B
5372	WDR74
5373	SNHG1
5374	CHRM1
5375	SLC22A6
5376	SLC22A8
5377	SLC22A24
5378	SLC22A10
5379	SLC22A25
5380	PLAAT5
5381	PLAAT4
5382	C11orf95
5383	SPINDOC
5384	RCOR2
5385	NAA40
5386	COX8A
5387	OTUB1
5388	FLRT1
5389	STIP1
5390	FERMT3
5391	TRPT1
5392	NUDT22
5393	DNAJC4
5394	VEGFB
5395	FKBP2
5396	PPP1R14B
5397	PLCB3
5398	BAD
5399	KCNK4
5400	CATSPERZ
5401	TRMT112
5402	PRDX5
5403	CCDC88B
5404	RPS6KA4
5405	PYGM
5406	MAP4K2
5407	MEN1
5408	EHD1
5409	ATG2A
5410	PPP2R5B
5411	MAJIN
5412	BATF2
5413	ARL2
5414	SNX15
5415	SAC3D1
5416	NAALADL1
5417	ZFPL1
5418	TM7SF2
5419	ZNHIT2
5420	FAU
5421	MRPL49
5422	POLA2
5423	CDC42EP2
5424	SLC25A45
5425	SSSCA1-AS1
5426	ZNRD2
5427	FAM89B
5428	KCNK7
5429	PCNX3
5430	RELA-DT
5431	AP5B1
5432	SNX32
5433	FIBP
5434	FOSL1
5435	C11orf68
5436	DRAP1
5437	SART1
5438	EIF1AD
5439	BANF1
5440	GAL3ST3
5441	CNIH2
5442	YIF1A
5443	TMEM151A
5444	CD248
5445	RIN1
5446	BRMS1
5447	SLC29A2
5448	MRPL11
5449	PELI3
5450	DPP3
5451	SPTBN2
5452	RCE1
5453	PC
5454	LRFN4
5455	SYT12
5456	RHOD
5457	SSH3
5458	POLD4
5459	CLCF1
5460	CARNS1
5461	RPS6KB2
5462	CORO1B
5463	CABP4
5464	TMEM134
5465	AIP
5466	CDK2AP2
5467	GSTP1
5468	NUDT8
5469	LINC02754
5470	UNC93B1
5471	ALDH3B1
5472	TCIRG1
5473	C11orf24
5474	GAL
5475	TESMIN
5476	LINC02701
5477	MRPL21
5478	MRGPRF
5479	CCND1
5480	LTO1
5481	ANO1
5482	FADD
5483	SHANK2
5484	SHANK2-AS1
5485	DHCR7
5486	AP002387.2
5487	FAM86C1
5488	DEFB131B
5489	IL18BP
5490	LRTOMT
5491	LAMTOR1
5492	ANAPC15
5493	LINC01537
5494	STARD10
5495	RELT
5496	PLEKHB1
5497	MRPL48
5498	PAAF1
5499	UCP2
5500	UCP3
5501	P4HA3
5502	KCNE3
5503	LIPT2
5504	NEU3
5505	KLHL35
5506	GDPD5
5507	SERPINH1
5508	DGAT2
5509	WNT11
5510	GVQW3
5511	LINC02757
5512	TSKU
5513	CAPN5
5514	MYO7A
5515	AQP11
5516	RSF1-IT2
5517	KCTD14
5518	NDUFC2
5519	KCTD21-AS1
5520	KCTD21
5521	USP35
5522	LINC02728
5523	LINC02720
5524	MIR4300HG
5525	FAM181B
5526	DDIAS
5527	PCF11-AS1
5528	ANKRD42
5529	TMEM126A
5530	CCDC83
5531	CCDC81
5532	PRSS23
5533	FZD4
5534	FZD4-DT
5535	RAB38
5536	CTSC
5537	GRM5-AS1
5538	GRM5
5539	NOX4
5540	NAALAD2
5541	CHORDC1
5542	DISC1FP1
5543	FAT3
5544	DEUP1
5545	SCARNA9
5546	VSTM5
5547	PANX1
5548	GPR83
5549	FUT4
5550	PIWIL4
5551	CWC15
5552	KDM4D
5553	JRKL
5554	PGR-AS1
5555	TRPC6
5556	ANGPTL5
5557	CFAP300
5558	BIRC3
5559	AP002989.1
5560	PDGFD
5561	LINC02552
5562	CASP5
5563	CASP1
5564	CARD16
5565	CARD18
5566	ALKBH8
5567	ELMOD1
5568	SLC35F2
5569	RAB39A
5570	C11orf65
5571	EXPH5
5572	C11orf87
5573	COLCA1
5574	COLCA2
5575	POU2AF1
5576	ALG9-IT1
5577	FDXACB1
5578	C11orf1
5579	CRYAB
5580	HSPB2
5581	C11orf52
5582	DLAT
5583	PIH1D2
5584	NKAPD1
5585	TIMM8B
5586	IL18
5587	TEX12
5588	BCO2
5589	PLET1
5590	LINC02762
5591	LINC02763
5592	TTC12
5593	ANKK1
5594	DRD2
5595	TMPRSS5
5596	ZW10
5597	HTR3B
5598	NNMT
5599	C11orf71
5600	RBM7
5601	NXPE1
5602	LINC02698
5603	BUD13
5604	ZPR1
5605	APOA1
5606	APOA1-AS
5607	TAGLN
5608	BACE1-AS
5609	FXYD2
5610	IL10RA
5611	SCN4B
5612	SCN2B
5613	JAML
5614	MPZL3
5615	MPZL2
5616	TMEM25
5617	IFT46
5618	TREH
5619	UPK2
5620	CCDC84-DT
5621	AP003392.1
5622	SLC37A4
5623	HYOU1
5624	VPS11
5625	HMBS
5626	H2AFX
5627	DPAGT1
5628	C2CD2L
5629	ABCG4
5630	NLRX1
5631	CCDC153
5632	MCAM
5633	RNF26
5634	USP2
5635	USP2-AS1
5636	THY1
5637	NECTIN1
5638	TRIM29
5639	POU2F3
5640	TLCD5
5641	GRIK4
5642	TECTA
5643	BLID
5644	UBASH3B
5645	JHY
5646	HSPA8
5647	CLMP
5648	SCN3B
5649	ZNF202
5650	VWA5A
5651	SIAE
5652	SPA17
5653	NRGN
5654	VSIG2
5655	ROBO3
5656	ROBO4
5657	HEPACAM
5658	HEPN1
5659	CCDC15
5660	TMEM218
5661	PKNOX2
5662	CHEK1
5663	HYLS1
5664	PUS3
5665	DDX25
5666	CDON
5667	RPUSD4
5668	TIRAP
5669	DCPS
5670	GSEC
5671	ST3GAL4
5672	KIRREL3
5673	KIRREL3-AS1
5674	LINC02725
5675	SENCR
5676	KCNJ1
5677	KCNJ5
5678	TMEM45B
5679	ZBTB44-DT
5680	ADAMTS8
5681	ADAMTS15
5682	LINC02551
5683	NTM-AS1
5684	IGSF9B
5685	LINC02731
5686	NCAPD3
5687	THYN1
5688	GLB1L3
5689	GLB1L2
5690	B3GAT1
5691	AP004608.1
5692	LINC02714
5693	IQSEC3
5694	SLC6A13
5695	CCDC77
5696	B4GALNT3
5697	NINJ2
5698	WNT5B
5699	LRTM2
5700	CACNA1C-AS2
5701	CACNA1C-AS1
5702	LINC02371
5703	FKBP4
5704	ITFG2-AS1
5705	NRIP2
5706	TEX52
5707	FOXM1
5708	RHNO1
5709	TEAD4
5710	PRMT8
5711	CCND2-AS1
5712	RAD51AP1
5713	AKAP3
5714	GAU1
5715	GALNT8
5716	KCNA1
5717	NTF3
5718	ANO2
5719	VWF
5720	PLEKHG6
5721	SCNN1A
5722	CD27-AS1
5723	TAPBPL
5724	VAMP1
5725	IFFO1
5726	NOP2
5727	LPAR5
5728	PIANP
5729	CD4
5730	GPR162
5731	P3H3
5732	GNB3
5733	CDCA3
5734	USP5
5735	TPI1
5736	SPSB2
5737	C12orf57
5738	PTPN6
5739	PHB2
5740	EMG1
5741	C1S
5742	C1R
5743	C1RL
5744	C1RL-AS1
5745	RBP5
5746	CLSTN3
5747	PEX5
5748	ACSM4
5749	CD163L1
5750	CD163
5751	SLC2A14
5752	SLC2A3
5753	FOXJ2
5754	C3AR1
5755	NECAP1
5756	CLEC4A
5757	FAM66C
5758	FAM90A1
5759	LINC02449
5760	LINC00937
5761	CLEC4E
5762	RIMKLB
5763	A2ML1-AS1
5764	A2ML1
5765	M6PR
5766	KLRG1
5767	LINC00612
5768	A2M-AS1
5769	PZP
5770	LINC00987
5771	KLRB1
5772	CLEC2D
5773	KLRF1
5774	CLEC2B
5775	CLEC9A
5776	CLEC1A
5777	CLEC7A
5778	OLR1
5779	KLRD1
5780	KLRK1
5781	KLRC3
5782	KLRC2
5783	MAGOHB
5784	STYK1
5785	YBX3
5786	PRR4
5787	TAS2R13
5788	PRH2
5789	TAS2R14
5790	TAS2R20
5791	TAS2R19
5792	TAS2R31
5793	TAS2R30
5794	PRB1
5795	PRB2
5796	LINC01252
5797	BCL2L14
5798	MANSC1
5799	LOH12CR2
5800	GPR19
5801	APOLD1
5802	DDX47
5803	GPRC5A
5804	GPRC5D-AS1
5805	FAM234B
5806	GSG1
5807	EMP1
5808	PLBD1
5809	PLBD1-AS1
5810	GUCY2C
5811	HIST4H4
5812	H2AFJ
5813	C12orf60
5814	ART4
5815	MGP
5816	ARHGDIB
5817	MGST1
5818	RERGL
5819	PIK3C2G
5820	LINC02398
5821	PDE3A
5822	SLCO1C1
5823	SLCO1B1
5824	SLCO1A2
5825	SPX
5826	GYS2
5827	KCNJ8
5828	ABCC9
5829	SOX5-AS1
5830	BCAT1
5831	LRMP
5832	CASC1
5833	ETFRF1
5834	LMNTD1
5835	RASSF8-AS1
5836	BHLHE41
5837	SSPN
5838	INTS13
5839	ARNTL2
5840	ARNTL2-AS1
5841	SMCO2
5842	REP15
5843	PTHLH
5844	OVCH1-AS1
5845	OVCH1
5846	TSPAN11
5847	DDX11-AS1
5848	DDX11
5849	SINHCAF
5850	DENND5B-AS1
5851	ETFBKMT
5852	AC023157.3
5853	LINC02422
5854	PKP2
5855	SYT10
5856	ALG10
5857	ALG10B
5858	CPNE8-AS1
5859	LINC02406
5860	ABCD2
5861	C12orf40
5862	LINC02471
5863	PDZRN4
5864	ZCRB1
5865	LINC02450
5866	ADAMTS20
5867	TWF1
5868	SLC38A4
5869	AMIGO2
5870	PCED1B
5871	PCED1B-AS1
5872	RAPGEF3
5873	TMEM106C
5874	CCDC184
5875	C12orf54
5876	CACNB3
5877	DDX23
5878	RND1
5879	CCDC65
5880	FKBP11
5881	WNT10B
5882	DDN
5883	DDN-AS1
5884	RHEBL1
5885	DHH
5886	TUBA1C
5887	DNAJC22
5888	KCNH3
5889	MCRS1
5890	BCDIN3D-AS1
5891	BCDIN3D
5892	FAIM2
5893	RACGAP1
5894	ASIC1
5895	COX14
5896	FAM186A
5897	TMPRSS12
5898	HIGD1C
5899	SMAGP
5900	BIN2
5901	GALNT6
5902	FIGNL2
5903	ACVRL1
5904	GRASP
5905	NR4A1
5906	ATG101
5907	KRT8
5908	KRT18
5909	SPRYD3
5910	IGFBP6
5911	ZNF740
5912	RARG
5913	MFSD5
5914	AAAS
5915	PRR13
5916	PCBP2-OT1
5917	TARBP2
5918	NPFF
5919	SMUG1
5920	LINC02381
5921	COPZ1
5922	ZNF385A
5923	ITGA5
5924	NCKAP1L
5925	PDE1B
5926	PPP1R1A
5927	TESPA1
5928	RDH5
5929	GDF11
5930	ORMDL2
5931	DNAJC14
5932	MMP19
5933	PYM1
5934	PMEL
5935	CDK2
5936	SUOX
5937	RPS26
5938	ERBB3
5939	RPL41
5940	ESYT1
5941	ZC3H10
5942	NABP2
5943	COQ10A
5944	PAN2
5945	TIMELESS
5946	SPRYD4
5947	GLS2
5948	PRIM1
5949	HSD17B6
5950	ZBTB39
5951	TAC3
5952	NEMP1
5953	NXPH4
5954	SHMT2
5955	NDUFA4L2
5956	STAC3
5957	GLI1
5958	ARHGAP9
5959	DDIT3
5960	KIF5A
5961	PIP4K2C
5962	ARHGEF25
5963	SLC26A10
5964	B4GALNT1
5965	AGAP2
5966	AGAP2-AS1
5967	CDK4
5968	MARCH9
5969	METTL1
5970	EEF1AKMT3
5971	TSFM
5972	AVIL
5973	ATP23
5974	GIHCG
5975	LINC02388
5976	SLC16A7
5977	AVPR1A
5978	RXYLT1
5979	C12orf66
5980	C12orf56
5981	TBC1D30
5982	LINC02389
5983	LINC02231
5984	WIF1
5985	HMGA2
5986	HMGA2-AS1
5987	LLPH
5988	LLPH-DT
5989	HELB
5990	LINC02408
5991	IFNG-AS1
5992	MDM1
5993	CPM
5994	YEATS4
5995	BEST3
5996	MYRFL
5997	LINC02821
5998	KCNMB4
5999	PTPRR
6000	TSPAN8
6001	LGR5
6002	THAP2
6003	TMEM19
6004	TRHDE
6005	TRHDE-AS1
6006	GLIPR1L1
6007	GLIPR1L2
6008	GLIPR1
6009	PHLDA1
6010	LNCOG
6011	BBS10
6012	CSRP2
6013	E2F7
6014	AC027288.3
6015	PPP1R12A-AS1
6016	OTOGL
6017	PTPRQ
6018	PPFIA2-AS1
6019	SLC6A15
6020	LRRIQ1
6021	ALX1
6022	RASSF9
6023	MGAT4C
6024	C12orf29
6025	LINC02458
6026	GALNT4
6027	ATP2B1-AS1
6028	LINC02822
6029	LUM
6030	LINC01619
6031	LINC02391
6032	SOCS2-AS1
6033	SOCS2
6034	PLXNC1
6035	TMCC3
6036	USP44
6037	CCDC38
6038	AMDHD1
6039	HAL
6040	CFAP54
6041	RMST
6042	TMPO-AS1
6043	DEPDC4
6044	SLC17A8
6045	NR1H4
6046	GAS2L3
6047	ANO4
6048	SLC5A8
6049	MYBPC1
6050	SYCP3
6051	NUP37
6052	PARPBP
6053	HELLPAR
6054	IGF1
6055	PAH
6056	ASCL1
6057	C12orf42
6058	STAB2
6059	NT5DC3
6060	GLT8D2
6061	NFYB
6062	EID3
6063	ALDH1L2
6064	C12orf75
6065	CKAP4
6066	POLR3B
6067	RFX4
6068	MTERF2
6069	CRY1
6070	BTBD11
6071	WSCD2
6072	CMKLR1
6073	FICD
6074	DAO
6075	SVOP
6076	USP30
6077	ALKBH2
6078	UNG
6079	MYO1H
6080	MVK
6081	FAM222A
6082	FAM222A-AS1
6083	TRPV4
6084	C12orf76
6085	GPN3
6086	RAD9B
6087	HVCN1
6088	CUX2
6089	PHETA1
6090	LINC02356
6091	MAPKAPK5-AS1
6092	TMEM116
6093	TRAFD1
6094	RPH3A
6095	OAS1
6096	OAS3
6097	OAS2
6098	DTX1
6099	RASAL1
6100	DDX54
6101	RITA1
6102	IQCD
6103	TPCN1
6104	SDS
6105	SDSL
6106	LINC01234
6107	LINC02457
6108	LINC00173
6109	MAP1LC3B2
6110	C12orf49
6111	RNFT2
6112	HRK
6113	TESC
6114	TESC-AS1
6115	NOS1
6116	RFC5
6117	SRRM4
6118	HSPB8
6119	CCDC60
6120	TMEM233
6121	PRKAB1
6122	BICDL1
6123	AC004812.2
6124	RPLP0
6125	PXN-AS1
6126	SIRT4
6127	MSI1
6128	TRIAP1
6129	GATC
6130	NRAV
6131	COQ5
6132	AC125616.1
6133	CABP1
6134	ACADS
6135	HNF1A-AS1
6136	C12orf43
6137	OASL
6138	P2RX7
6139	P2RX4
6140	KDM2B-DT
6141	ORAI1
6142	MORN3
6143	RHOF
6144	HPD
6145	WDR66
6146	BCL7A
6147	AC156455.1
6148	LRRC43
6149	DIABLO
6150	VPS33A
6151	CLIP1-AS1
6152	KNTC1
6153	HCAR1
6154	CCDC62
6155	HIP1R
6156	ABCB9
6157	OGFOD2
6158	CDK2AP1
6159	SBNO1-AS1
6160	RILPL2
6161	TMED2-DT
6162	GTF2H3
6163	TCTN2
6164	DNAH10
6165	DNAH10OS
6166	RFLNA
6167	DHX37
6168	BRI3BP
6169	TMEM132B
6170	LINC02359
6171	LINC02347
6172	LINC02405
6173	LINC00507
6174	GLT1D1
6175	TMEM132D
6176	LINC02418
6177	FZD10-AS1
6178	FZD10
6179	RIMBP2
6180	RAN
6181	ADGRD1-AS1
6182	LINC01257
6183	MMP17
6184	PUS1
6185	NOC4L
6186	GALNT9
6187	LRCOL1
6188	POLE
6189	PXMP2
6190	PGAM5
6191	ZNF26
6192	ZNF140
6193	ZNF268
6194	TPTE2
6195	GJB6
6196	IL17D
6197	LATS2-AS1
6198	MRPL57
6199	LINC00539
6200	FGF9
6201	LINC00621
6202	SGCG
6203	LINC00327
6204	TNFRSF19
6205	RNF17
6206	AMER2
6207	WASF3
6208	WASF3-AS1
6209	GPR12
6210	LINC02340
6211	RASL11A
6212	FLT3
6213	PAN3-AS1
6214	MTUS2
6215	SLC7A1
6216	LINC00544
6217	LINC00426
6218	UBE2L5
6219	MEDAG
6220	TEX26
6221	HSPH1
6222	FRY-AS1
6223	BRCA2
6224	N4BP2L2-IT2
6225	KL
6226	STARD13-AS
6227	RFC3
6228	LINC02343
6229	LINC00457
6230	MAB21L1
6231	CCDC169
6232	SPART-AS1
6233	CCNA1
6234	SERTM1
6235	SMAD9
6236	SMAD9-IT1
6237	POSTN
6238	TRPC4
6239	LINC02334
6240	LINC00571
6241	FREM2
6242	LINC00598
6243	SLC25A15
6244	KBTBD6
6245	AL354696.2
6246	KBTBD7
6247	MTRF1
6248	RGCC
6249	CCDC122
6250	LACC1
6251	NRAD1
6252	LINC00390
6253	SMIM2-AS1
6254	TSC22D1-AS1
6255	LINC00407
6256	NUFIP1
6257	KCTD4
6258	SLC25A30
6259	SLC25A30-AS1
6260	SIAH3
6261	CPB2-AS1
6262	CPB2
6263	LCP1
6264	LRRC63
6265	RUBCNL
6266	HTR2A
6267	LINC00562
6268	NUDT15
6269	MED4-AS1
6270	RB1-DT
6271	CYSLTR2
6272	EBPL
6273	DLEU7
6274	RNASEH2B-AS1
6275	FAM124A
6276	SERPINE3
6277	INTS6-AS1
6278	DHRS12
6279	TMEM272
6280	ATP7B
6281	NEK5
6282	THSD1
6283	CKAP2
6284	HNRNPA1L2
6285	CNMD
6286	PCDH8
6287	LINC00558
6288	PCDH17
6289	DIAPH3
6290	LINC00378
6291	PCDH20
6292	PCDH9-AS2
6293	PCDH9-AS4
6294	KLHL1
6295	DACH1
6296	MZT1
6297	BORA
6298	KLF5
6299	LINC00393
6300	LMO7-AS1
6301	KCTD12
6302	EDNRB
6303	OBI1-AS1
6304	RBM26-AS1
6305	LINC01068
6306	SLITRK1
6307	MIR4500HG
6308	SLITRK5
6309	LINC00440
6310	LINC02336
6311	MIR17HG
6312	GPC5
6313	GPC5-AS2
6314	GPC5-AS1
6315	GPC6
6316	DCT
6317	TGDS
6318	GPR180
6319	SOX21-AS1
6320	ABCC4
6321	CLDN10
6322	DNAJC3-DT
6323	SLC15A1
6324	DOCK9-AS1
6325	DOCK9-DT
6326	UBAC2-AS1
6327	GPR18
6328	GPR183
6329	LINC01232
6330	PCCA-DT
6331	PCCA-AS1
6332	GGACT
6333	NALCN-AS1
6334	ITGBL1
6335	FGF14-IT1
6336	FGF14-AS2
6337	CCDC168
6338	TEX30
6339	POGLUT2
6340	LINC01309
6341	LINC00343
6342	LINC00551
6343	FAM155A-IT1
6344	LIG4
6345	TNFSF13B
6346	MYO16
6347	IRS2
6348	COL4A1
6349	COL4A2
6350	COL4A2-AS2
6351	RAB20
6352	AL139385.1
6353	LINC00346
6354	ARHGEF7-AS2
6355	TEX29
6356	LINC00354
6357	SOX1-OT
6358	SOX1
6359	ATP11A-AS1
6360	MCF2L-AS1
6361	F10
6362	GRTP1
6363	ADPRHL1
6364	DCUN1D2-AS
6365	TMEM255B
6366	GAS6-AS1
6367	GAS6-DT
6368	C13orf46
6369	RASA3
6370	CHAMP1
6371	POTEG
6372	TTC5
6373	CCNB1IP1
6374	PARP2
6375	KLHL33
6376	APEX1
6377	PIP4P1
6378	PNP
6379	ANG
6380	RNASE4
6381	RNASE1
6382	METTL17
6383	ZNF219
6384	LINC00641
6385	RPGRIP1
6386	SALL2
6387	ABHD4
6388	OXA1L
6389	SLC7A7
6390	MMP14
6391	PRMT5-AS1
6392	PRMT5
6393	AJUBA
6394	C14orf93
6395	CDH24
6396	C14orf119
6397	SLC7A8
6398	RNF212B
6399	HOMEZ
6400	PPP1R3E
6401	BCL2L2
6402	BCL2L2-PABPN1
6403	EFS
6404	CMTM5
6405	ZFHX2-AS1
6406	AP1G2
6407	JPH4
6408	DHRS4
6409	DHRS4L2
6410	CARMIL3
6411	CPNE6
6412	NRL
6413	PCK2
6414	DCAF11
6415	FITM1
6416	PSME1
6417	EMC9
6418	PSME2
6419	RNF31
6420	REC8
6421	IPO4
6422	TM9SF1
6423	MDP1
6424	GMPR2
6425	TINF2
6426	TGM1
6427	RABGGTA
6428	DHRS1
6429	NOP9
6430	CIDEB
6431	LTB4R
6432	ADCY4
6433	RIPK3
6434	NYNRIN
6435	CBLN3
6436	LINC02306
6437	FOXG1-AS1
6438	FOXG1
6439	LINC01551
6440	LINC02327
6441	LINC02326
6442	G2E3-AS1
6443	COCH
6444	DTD2
6445	ARHGAP5-AS1
6446	EGLN3
6447	SPTSSA
6448	CFL2
6449	NFKBIA
6450	LINC00609
6451	SLC25A21
6452	SLC25A21-AS1
6453	TTC6
6454	SSTR1
6455	CLEC14A
6456	LINC00639
6457	GEMIN2
6458	LINC02315
6459	LINC02307
6460	LINC02302
6461	C14orf28
6462	FANCM
6463	LINC00871
6464	LRR1
6465	RPL36AL
6466	MGAT2
6467	DNAAF2
6468	POLE2
6469	ARF6
6470	LINC01588
6471	PYGL
6472	ABHD12B
6473	LINC00519
6474	LINC00640
6475	FRMD6-AS2
6476	GNG2
6477	NID2
6478	PTGDR
6479	LINC02331
6480	BMP4
6481	CDKN3
6482	GCH1
6483	WDHD1
6484	TBPL2
6485	KTN1-AS1
6486	LINC02284
6487	OTX2-AS1
6488	CCDC198
6489	SLC35F4
6490	DACT1
6491	LINC01500
6492	GPR135
6493	L3HYPDH
6494	CCDC175
6495	LRRC9
6496	C14orf39
6497	SIX1
6498	SIX4
6499	TRMT5
6500	TMEM30B
6501	LINC01303
6502	KCNH5
6503	WDR89
6504	ESR2
6505	AKAP5
6506	HSPA2
6507	PPP1R36
6508	PLEKHG3
6509	SPTB
6510	GPX2
6511	RAB15
6512	CCDC196
6513	FAM71D
6514	PLEK2
6515	TMEM229B
6516	PLEKHH1
6517	ARG2
6518	PLEKHD1
6519	SLC10A1
6520	SMOC1
6521	SLC8A3
6522	ADAM20
6523	TTC9
6524	MAP3K9
6525	RGS6
6526	DPF3
6527	DCAF4
6528	PAPLN
6529	HEATR4
6530	RIOX1
6531	ACOT1
6532	ACOT2
6533	ACOT4
6534	ACOT6
6535	PNMA1
6536	PTGR2
6537	FAM161B
6538	COQ6
6539	ENTPD5
6540	BBOF1
6541	SYNDIG1L
6542	NPC2
6543	ISCA2
6544	LTBP2
6545	FCF1
6546	RPS6KL1
6547	PGF
6548	EIF2B2
6549	ZC2HC1C
6550	FOS
6551	LINC01220
6552	FLVCR2
6553	ERG28
6554	TGFB3
6555	ESRRB
6556	VASH1
6557	VASH1-AS1
6558	LRRC74A
6559	LINC02289
6560	CIPC
6561	TMEM63C
6562	ZDHHC22
6563	NGB
6564	POMT2
6565	GSTZ1
6566	SAMD15
6567	NOXRED1
6568	AHSA1
6569	C14orf178
6570	ADCK1
6571	DIO2
6572	DIO2-AS1
6573	TSHR
6574	STON2
6575	LINC02301
6576	AL049775.1
6577	FLRT2
6578	LINC02328
6579	LINC02316
6580	LINC02296
6581	GPR65
6582	KCNK10
6583	EML5
6584	FOXN3-AS1
6585	EFCAB11
6586	TDP1
6587	KCNK13
6588	GPR68
6589	CCDC88C
6590	CATSPERB
6591	TC2N
6592	FBLN5
6593	SLC24A4
6594	CHGA
6595	ITPK1
6596	ITPK1-AS1
6597	MOAP1
6598	TMEM251
6599	GON7
6600	ASB2
6601	OTUB2
6602	IFI27L1
6603	IFI27
6604	IFI27L2
6605	PPP4R4
6606	SERPINA3
6607	DICER1-AS1
6608	SYNE3
6609	SNHG10
6610	TUNAR
6611	C14orf132
6612	BDKRB2
6613	GSKIP
6614	AK7
6615	LINC01550
6616	BCL11B
6617	CCDC85C
6618	HHIPL1
6619	EML1
6620	DEGS2
6621	WARS
6622	BEGAIN
6623	RTL1
6624	MEG9
6625	DIO3OS
6626	DIO3
6627	LINC02320
6628	HSP90AA1
6629	CINP
6630	ANKRD9
6631	TNFAIP2
6632	CKB
6633	TRMT61A
6634	XRCC3
6635	LINC00637
6636	TDRD9
6637	KIF26A
6638	LINC02691
6639	TMEM179
6640	ADSSL1
6641	SIVA1
6642	ZBTB42
6643	LINC00638
6644	CEP170B
6645	PLD4
6646	AHNAK2
6647	CLBA1
6648	CDCA4
6649	GPR132
6650	LINC02298
6651	JAG2
6652	NUDT14
6653	BTBD6
6654	TEX22
6655	AL928654.1
6656	CRIP2
6657	CRIP1
6658	TEDC1
6659	TMEM121
6660	MKRN3
6661	NDN
6662	PWRN4
6663	PWRN1
6664	SNURF
6665	LINC02250
6666	ATP10A
6667	LINC02346
6668	GABRA5
6669	GABRG3
6670	GABRG3-AS1
6671	OCA2
6672	GOLGA8M
6673	GOLGA6L7
6674	FAM189A1
6675	LINC02249
6676	CHRFAM7A
6677	GOLGA8R
6678	GOLGA8Q
6679	GOLGA8H
6680	ARHGAP11B
6681	TRPM1
6682	LINC02352
6683	CHRNA7
6684	GOLGA8O
6685	GOLGA8N
6686	SCG5
6687	GREM1
6688	RYR3
6689	CHRM5
6690	EMC7
6691	PGBD4
6692	EMC4
6693	NOP10
6694	NUTM1
6695	LPCAT4
6696	GOLGA8B
6697	DPH6
6698	DPH6-DT
6699	LINC02853
6700	C15orf41
6701	LINC01852
6702	RASGRP1
6703	LINC02694
6704	THBS1
6705	FSIP1
6706	GPR176
6707	SRP14-AS1
6708	BMF
6709	PAK6
6710	PLCB2
6711	INAFM2
6712	CCDC9B
6713	DISP2
6714	KNSTRN
6715	BAHD1
6716	CHST14
6717	RPUSD2
6718	KNL1
6719	RAD51-AS1
6720	RAD51
6721	GCHFR
6722	ZFYVE19
6723	VPS18
6724	DLL4
6725	CHAC1
6726	INO80-AS1
6727	OIP5
6728	NUSAP1
6729	NDUFAF1
6730	ITPKA
6731	LTK
6732	TYRO3
6733	JMJD7
6734	PLA2G4B
6735	SPTBN5
6736	EHD4
6737	LRRC57
6738	HAUS2
6739	CDAN1
6740	LCMT2
6741	ADAL
6742	ZSCAN29
6743	CKMT1B
6744	STRC
6745	CATSPER2
6746	CKMT1A
6747	ELL3
6748	HYPK
6749	MFAP1
6750	WDR76
6751	PATL2
6752	SORD
6753	DUOX1
6754	SHF
6755	AC051619.4
6756	SLC28A2
6757	GATM
6758	SPATA5L1
6759	SEMA6D
6760	SLC24A5
6761	CTXN2
6762	SLC12A1
6763	CEP152
6764	SHC4
6765	FAM227B
6766	FGF7
6767	ATP8B4
6768	SLC27A2
6769	USP50
6770	MIR4713HG
6771	TNFAIP8L3
6772	GLDN
6773	SCG3
6774	CERNA1
6775	MYO5C
6776	ONECUT1
6777	UNC13C
6778	PIGBOS1
6779	C15orf65
6780	DNAAF4
6781	PYGO1
6782	PRTG
6783	TEX9
6784	MNS1
6785	LINC00926
6786	CGNL1
6787	GCOM1
6788	ALDH1A2
6789	AQP9
6790	LIPC
6791	RORA-AS1
6792	C2CD4B
6793	TPM1-AS
6794	CA12
6795	FBXL22
6796	DAPK2
6797	CIAO2A
6798	SNX22
6799	PCLAF
6800	RBPMS2
6801	PIF1
6802	PLEKHO2
6803	SPG21
6804	SLC51B
6805	RASL12
6806	PARP16
6807	IGDCC3
6808	IGDCC4
6809	SLC24A1
6810	MEGF11
6811	TIPIN
6812	SNAPC5
6813	ZWILCH
6814	LINC01169
6815	SMAD6
6816	LINC02206
6817	AC012568.1
6818	IQCH
6819	C15orf61
6820	SKOR1
6821	CALML4
6822	CLN6
6823	SPESP1
6824	NOX5
6825	PAQR5
6826	KIF23
6827	RPLP1
6828	DRAIC
6829	TLE3
6830	LINC02204
6831	SALRNA2
6832	THAP10
6833	THSD4-AS1
6834	NR2E3
6835	SENP8
6836	GRAMD2A
6837	TMEM202-AS1
6838	LINC02259
6839	REC114
6840	NPTN-IT1
6841	CD276
6842	INSYN1
6843	LOXL1-AS1
6844	LOXL1
6845	STOML1
6846	ISLR2
6847	ISLR
6848	STRA6
6849	CYP11A1
6850	SEMA7A
6851	UBL7
6852	UBL7-AS1
6853	ARID3B
6854	CLK3
6855	CSK
6856	CPLX3
6857	ULK3
6858	MPI
6859	RPP25
6860	C15orf39
6861	COMMD4
6862	IMP3
6863	SNX33
6864	CSPG4
6865	DNM1P35
6866	NRG4
6867	TMEM266
6868	LINGO1
6869	CIB2
6870	ACSBG1
6871	DNAJA4
6872	HYKK
6873	PSMA4
6874	CHRNA5
6875	CHRNB4
6876	ADAMTS7
6877	CTSH
6878	RASGRF1
6879	ANKRD34C-AS1
6880	TMED3
6881	MINAR1
6882	MTHFS
6883	ST20-AS1
6884	FAH
6885	CTXND1
6886	ABHD17C
6887	CEMIP
6888	TLNRD1
6889	CFAP161
6890	IL16
6891	STARD5
6892	TMC3-AS1
6893	AC104041.1
6894	MEX3B
6895	SAXO2
6896	GOLGA6L10
6897	GOLGA6L9
6898	RPS17
6899	CPEB1-AS1
6900	AP3B2
6901	SNHG21
6902	FSD2
6903	RAMAC
6904	TM6SF1
6905	BNC1
6906	SH3GL3
6907	ADAMTSL3
6908	UBE2Q2L
6909	GOLGA6L4
6910	AC048382.5
6911	ZSCAN2
6912	NMB
6913	ALPK3
6914	KLHL25
6915	AGBL1
6916	NTRK3
6917	NTRK3-AS1
6918	MRPL46
6919	DET1
6920	LINC01586
6921	AEN
6922	ISG20
6923	ACAN
6924	HAPLN3
6925	FANCI
6926	MIR9-3HG
6927	RHCG
6928	KIF7
6929	PLIN1
6930	PEX11A
6931	WDR93
6932	MESP1
6933	ANPEP
6934	ZNF710
6935	ZNF710-AS1
6936	IDH2
6937	IDH2-DT
6938	CIB1
6939	GDPGP1
6940	TTLL13P
6941	ZNF774
6942	CRTC3-AS1
6943	BLM
6944	FURIN
6945	FES
6946	HDDC3
6947	RCCD1
6948	PRC1
6949	PRC1-AS1
6950	VPS33B
6951	SV2B
6952	LINC00930
6953	RGMA
6954	LINC01579
6955	LINC02207
6956	LINC01580
6957	MCTP2
6958	LINC00924
6959	AC103746.1
6960	LINC02253
6961	LINC02254
6962	LINC00923
6963	ARRDC4
6964	LINC02251
6965	LINC02351
6966	FAM169B
6967	AC036108.3
6968	LYSMD4
6969	ADAMTS17
6970	SPATA41
6971	CERS3
6972	LINS1
6973	ALDH1A3
6974	LRRK1
6975	PCSK6
6976	POLR3K
6977	SNRNP25
6978	RHBDF1
6979	HBZ
6980	HBA2
6981	HBA1
6982	RGS11
6983	ARHGDIG
6984	PDIA2
6985	MRPL28
6986	TMEM8A
6987	DECR2
6988	CAPN15
6989	WFIKKN1
6990	METTL26
6991	MCRIP2
6992	WDR90
6993	RHBDL1
6994	JMJD8
6995	WDR24
6996	FBXL16
6997	ANTKMT
6998	HAGHL
6999	CIAO3
7000	RPUSD1
7001	CHTF18
7002	LMF1-AS1
7003	SOX8
7004	CACNA1H
7005	BAIAP3
7006	TSR3
7007	C16orf91
7008	CCDC154
7009	TELO2
7010	JPT2
7011	MRPS34
7012	EME2
7013	SPSB3
7014	NUBP2
7015	FAHD1
7016	MEIOB
7017	MSRB1
7018	NDUFB10
7019	RPS2
7020	TBL3
7021	GFER
7022	SYNGR3
7023	ZNF598
7024	NPW
7025	SLC9A3R2
7026	NTHL1
7027	RAB26
7028	SNHG19
7029	TRAF7
7030	CASKIN1
7031	MLST8
7032	BRICD5
7033	E4F1
7034	DNASE1L2
7035	CCNF
7036	TEDC2
7037	TBC1D24
7038	AMDHD2
7039	KCTD5
7040	PRSS27
7041	SRRM2-AS1
7042	PAQR4
7043	TNFRSF12A
7044	HCFC1R1
7045	THOC6
7046	MMP25-AS1
7047	MMP25
7048	IL32
7049	ZNF205
7050	ZNF213
7051	ZNF200
7052	LINC00921
7053	TIGD7
7054	ZSCAN32
7055	ZNF174
7056	ZNF597
7057	NLRC3
7058	SLX4
7059	SRL
7060	LINC01569
7061	TFAP4
7062	GLIS2
7063	GLIS2-AS1
7064	VASN
7065	C16orf96
7066	UBALD1
7067	NUDT16L1
7068	C16orf71
7069	ZNF500
7070	ROGDI
7071	PPL
7072	SEC14L5
7073	NAGPA
7074	ALG1
7075	C16orf89
7076	EEF2KMT
7077	TMEM114
7078	METTL22
7079	TMEM186
7080	LINC02177
7081	LINC01290
7082	TEKT5
7083	NUBP1
7084	TVP23A
7085	CIITA
7086	RMI2
7087	SOCS1
7088	LITAF
7089	SNN
7090	RSL1D1
7091	NPIPB2
7092	SHISA9
7093	LINC02185
7094	MIR193BHG
7095	NPIPA3
7096	NPIPA2
7097	NOMO1
7098	RRN3
7099	NPIPA5
7100	MPV17L
7101	MYH11
7102	ABCC1
7103	ABCC6
7104	NOMO3
7105	NPIPA7
7106	XYLT1
7107	NPIPA8
7108	NOMO2
7109	TMC7
7110	COQ7
7111	SYT17
7112	TMC5
7113	GDE1
7114	KNOP1
7115	ACSM5
7116	ACSM3
7117	ACSM1
7118	ERI2
7119	REXO5
7120	DCUN1D3
7121	DNAH3
7122	TMEM159
7123	CRYM
7124	NPIPB3
7125	IGSF6
7126	OTOA
7127	PDZD9
7128	VWA3A
7129	SDR42E2
7130	NPIPB5
7131	HS3ST2
7132	EARS2
7133	UBFD1
7134	NDUFAB1
7135	PALB2
7136	PLK1
7137	CACNG3
7138	LINC01567
7139	SLC5A11
7140	LINC02175
7141	LCMT1-AS1
7142	ZKSCAN2
7143	ZKSCAN2-DT
7144	HS3ST4
7145	KDM8
7146	NSMCE1-DT
7147	IL4R
7148	IL21R
7149	GSG1L
7150	SBK1
7151	NPIPB6
7152	EIF3CL
7153	NPIPB7
7154	CLN3
7155	NUPR1
7156	SGF29
7157	SULT1A2
7158	SULT1A1
7159	NPIPB8
7160	EIF3C
7161	TUFM
7162	ATP2A1
7163	RABEP2
7164	SPNS1
7165	LAT
7166	NPIPB11
7167	BOLA2
7168	NPIPB12
7169	QPRT
7170	KIF22
7171	CDIPT
7172	SEZ6L2
7173	ASPHD1
7174	HIRIP3
7175	DOC2A
7176	TLCD3B
7177	ALDOA
7178	PPP4C
7179	TBX6
7180	GDPD3
7181	CORO1A
7182	BOLA2B
7183	SULT1A3
7184	NPIPB13
7185	CD2BP2
7186	MYLPF
7187	ZNF48
7188	SEPTIN1
7189	ZNF771
7190	DCTPP1
7191	SEPHS2
7192	ITGAL
7193	ZNF768
7194	ZNF747
7195	ZNF764
7196	ZNF688
7197	ZNF689
7198	PRR14
7199	FBRS
7200	TMEM265
7201	PHKG2
7202	CCDC189
7203	RNF40
7204	ZNF629
7205	MIR762HG
7206	CTF1
7207	FBXL19-AS1
7208	FBXL19
7209	ORAI3
7210	SETD1A
7211	HSD3B7
7212	STX1B
7213	ZNF668
7214	ZNF646
7215	PRSS53
7216	VKORC1
7217	BCKDK
7218	PYCARD
7219	TRIM72
7220	ITGAM
7221	ITGAX
7222	ZNF843
7223	ARMC5
7224	ZNF267
7225	ORC6
7226	MYLK3
7227	C16orf87
7228	GPT2
7229	DNAJA2
7230	NETO2
7231	ITFG1-AS1
7232	LINC02133
7233	LINC02192
7234	ABCC12
7235	ABCC11
7236	ADCY7
7237	NOD2
7238	SALL1
7239	HNRNPA1P48
7240	TOX3
7241	IRX3
7242	CRNDE
7243	MMP2
7244	LPCAT2
7245	CES1
7246	MT3
7247	MT2A
7248	MT1E
7249	MT1M
7250	MT1A
7251	MT1F
7252	MT1G
7253	MT1X
7254	SLC12A3
7255	CETP
7256	NLRC5
7257	PLLP
7258	CX3CL1
7259	COQ9
7260	DOK4
7261	CCDC102A
7262	ADGRG1
7263	KATNB1
7264	CNGB1
7265	TEPP
7266	ZNF319
7267	USB1
7268	MMP15
7269	CFAP20
7270	CCDC113
7271	GINS3
7272	SETD6
7273	SLC38A7
7274	CDH8
7275	LINC00922
7276	BEAN1
7277	CMTM1
7278	CMTM2
7279	CMTM3
7280	TERB1
7281	CA7
7282	PDP2
7283	RRAD
7284	CIAO2B
7285	CES2
7286	CES3
7287	CES4A
7288	B3GNT9
7289	TRADD
7290	FBXL8
7291	HSF4
7292	NOL3
7293	KIAA0895L
7294	ELMO3
7295	LRRC29
7296	TMEM208
7297	SLC9A5
7298	PLEKHG4
7299	KCTD19
7300	LRRC36
7301	TPPP3
7302	ZDHHC1
7303	HSD11B2
7304	CARMIL2
7305	ACD
7306	PARD6A
7307	ENKD1
7308	C16orf86
7309	TSNAXIP1
7310	THAP11
7311	NUTF2
7312	NRN1L
7313	CTRL
7314	PSMB10
7315	DPEP2
7316	DDX28
7317	PLA2G15
7318	PRMT7
7319	SMPD3
7320	CDH3
7321	CDH1
7322	HAS3
7323	UTP4
7324	COG8
7325	NIP7
7326	TMED6
7327	NOB1
7328	FCSK
7329	IL34
7330	VAC14-AS1
7331	HYDIN
7332	CMTR2
7333	CALB2
7334	ZNF23
7335	ZNF19
7336	MARVELD3
7337	ATXN1L
7338	ZNF821
7339	PKD1L3
7340	DHODH
7341	TXNL4B
7342	PMFBP1
7343	LINC01572
7344	AC004943.2
7345	LINC01568
7346	NPIPB15
7347	RFWD3
7348	MLKL
7349	FA2H
7350	LDHD
7351	ZFP1
7352	TMEM170A
7353	CHST6
7354	CHST5
7355	TMEM231
7356	ADAT1
7357	KARS
7358	DUXB
7359	CPHXL
7360	CNTNAP4
7361	SYCE1L
7362	ADAMTS18
7363	NUDT7
7364	VAT1L
7365	MAF
7366	LINC01229
7367	MAFTRR
7368	DYNLRB2
7369	CDYL2
7370	ARLNC1
7371	CENPN
7372	ATMIN
7373	C16orf46
7374	GCSH
7375	BCO1
7376	CMIP
7377	PLCG2
7378	CDH13
7379	OSGIN1
7380	NECAB2
7381	AC040169.1
7382	HSDL1
7383	DNAAF1
7384	TAF1C
7385	ADAD2
7386	WFDC1
7387	ATP2C2
7388	ATP2C2-AS1
7389	COTL1
7390	CRISPLD2
7391	C16orf74
7392	IRF8
7393	FENDRR
7394	FOXF1
7395	MTHFSD
7396	FOXC2
7397	FOXL1
7398	LINC02188
7399	C16orf95
7400	JPH3
7401	KLHDC4
7402	SLC7A5
7403	CA5A
7404	ZNF469
7405	ZFPM1
7406	CYBA
7407	SNAI3-AS1
7408	SNAI3
7409	RNF166
7410	CTU2
7411	PIEZO1
7412	APRT
7413	TRAPPC2L
7414	ACSF3
7415	ZNF778
7416	CPNE7
7417	SPATA33
7418	SPATA2L
7419	ZNF276
7420	FANCA
7421	SPIRE2
7422	MC1R
7423	TUBB3
7424	CENPBD1
7425	DBNDD1
7426	GAS8
7427	FAM157C
7428	LINC02193
7429	DOC2B
7430	LINC02091
7431	AC129507.1
7432	C17orf97
7433	RFLNB
7434	TLCD3A
7435	GEMIN4
7436	GLOD4
7437	MRM3
7438	TIMM22
7439	INPP5K
7440	PITPNA-AS1
7441	SLC43A2
7442	SCARF1
7443	RILP
7444	TLCD2
7445	MIR22HG
7446	WDR81
7447	SERPINF2
7448	SERPINF1
7449	SMYD4
7450	RTN4RL1
7451	DPH1
7452	HIC1
7453	SRR
7454	TSR1
7455	MNT
7456	CLUH
7457	RAP1GAP2
7458	OR3A2
7459	OR3A3
7460	SPATA22
7461	ASPA
7462	TRPV3
7463	TRPV1
7464	SHPK
7465	CTNS
7466	TAX1BP3
7467	EMC6
7468	P2RX5
7469	ITGAE
7470	CAMKK1
7471	ATP2A3
7472	SPNS3
7473	SPNS2
7474	MYBBP1A
7475	SMTNL2
7476	ARRB2
7477	MED11
7478	CXCL16
7479	PSMB6
7480	PLD2
7481	CHRNE
7482	RNF167
7483	PFN1
7484	ENO3
7485	SPAG7
7486	INCA1
7487	SLC52A1
7488	ZFP3
7489	ZNF232
7490	USP6
7491	ZNF594
7492	SCIMP
7493	C1QBP
7494	DHX33
7495	MIS12
7496	NLRP1
7497	WSCD1
7498	PITPNM3
7499	TXNDC17
7500	C17orf100
7501	SLC13A5
7502	FBXO39
7503	ALOX12
7504	RNASEK
7505	C17orf49
7506	MIR497HG
7507	BCL6B
7508	SLC16A13
7509	SLC16A11
7510	ASGR1
7511	DVL2
7512	PHF23
7513	ELP5
7514	CLDN7
7515	SLC2A4
7516	EIF5A
7517	GPS2
7518	NEURL4
7519	ACAP1
7520	KCTD11
7521	PLSCR3
7522	TMEM256
7523	FGF11
7524	CHRNB1
7525	TNFSF12
7526	TNFSF13
7527	SENP3
7528	CD68
7529	AC016876.1
7530	MPDU1
7531	SOX15
7532	SHBG
7533	TP53
7534	WRAP53
7535	EFNB3
7536	DNAH2
7537	KDM6B
7538	TMEM88
7539	CYB5D1
7540	RNF227
7541	KCNAB3
7542	TRAPPC1
7543	CNTROB
7544	HES7
7545	TMEM107
7546	BORCS6
7547	LINC00324
7548	CTC1
7549	PFAS
7550	SLC25A35
7551	RANGRF
7552	ARHGEF15
7553	KRBA2
7554	PIK3R6
7555	PIK3R5
7556	NTN1
7557	CFAP52
7558	USP43
7559	GSG1L2
7560	GLP2R
7561	MYH13
7562	MYH3
7563	ADPRM
7564	TMEM220-AS1
7565	SHISA6
7566	DNAH9
7567	ZNF18
7568	LINC00670
7569	MYOCD
7570	HS3ST3A1
7571	COX10-AS1
7572	HS3ST3B1
7573	TEKT3
7574	CDRT1
7575	TRIM16
7576	LINC02087
7577	ADORA2B
7578	PIGL
7579	CENPV
7580	TRPV2
7581	LRRC75A
7582	ZNF287
7583	ZNF624
7584	FAM106C
7585	MPRIP-AS1
7586	PLD6
7587	COPS3
7588	NT5M
7589	RASD1
7590	PEMT
7591	RAI1-AS1
7592	SMCR5
7593	DRC3
7594	ATPAF2
7595	DRG2
7596	MYO15A
7597	LLGL1
7598	MIEF2
7599	SHMT1
7600	LINC02076
7601	FOXO3B
7602	TRIM16L
7603	TVP23B
7604	FAM83G
7605	GRAP
7606	GRAPL
7607	EPN2-AS1
7608	B9D1
7609	MAPK7
7610	MFAP4
7611	RNF112
7612	SLC47A1
7613	SLC47A2
7614	CCDC144NL
7615	CCDC144NL-AS1
7616	LINC01563
7617	TMEM11
7618	NATD1
7619	MAP2K3
7620	KCNJ12
7621	LGALS9
7622	NOS2
7623	LYRM9
7624	TMEM97
7625	POLDIP2
7626	TMEM199
7627	SARM1
7628	VTN
7629	SLC46A1
7630	UNC119
7631	PIGS
7632	ALDOC
7633	SPAG5
7634	SPAG5-AS1
7635	RSKR
7636	PROCA1
7637	RAB34
7638	NEK8
7639	TRAF4
7640	ERAL1
7641	DHRS13
7642	PIPOX
7643	SEZ6
7644	CRYBA1
7645	ABHD15
7646	ABHD15-AS1
7647	TP53I13
7648	ANKRD13B
7649	CORO6
7650	EFCAB5
7651	ATAD5
7652	OMG
7653	EVI2B
7654	EVI2A
7655	RAB11FIP4
7656	COPRS
7657	RHBDL3
7658	C17orf75
7659	CDK5R1
7660	TMEM98
7661	CCL2
7662	TMEM132E
7663	CCT6B
7664	ZNF830
7665	LIG3
7666	NLE1
7667	SLFN5
7668	SLFN12
7669	SLFN13
7670	SLFN12L
7671	SNHG30
7672	PEX12
7673	RASL10B
7674	MMP28
7675	ZNHIT3
7676	PIGW
7677	DHRS11
7678	MRM1
7679	C17orf78
7680	DUSP14
7681	MRPL45
7682	SRCIN1
7683	EPOP
7684	CISD3
7685	LINC00672
7686	CACNB1
7687	RPL19
7688	STAC2
7689	NEUROD2
7690	PPP1R1B
7691	TCAP
7692	PNMT
7693	PGAP3
7694	ERBB2
7695	MIEN1
7696	IKZF3
7697	GSDMB
7698	ORMDL3
7699	CSF3
7700	NR1D1
7701	RAPGEFL1
7702	CDC6
7703	RARA
7704	RARA-AS1
7705	IGFBP4
7706	CCR7
7707	KRT222
7708	KRT10
7709	TMEM99
7710	KRT19
7711	KRT17
7712	HAP1
7713	JUP
7714	P3H4
7715	NT5C3B
7716	KLHL11
7717	TTC25
7718	ZNF385C
7719	C17orf113
7720	DHX58
7721	KCNH4
7722	HCRT
7723	GHDC
7724	STAT5A
7725	NAGLU
7726	HSD17B1
7727	MLX
7728	PSMC3IP
7729	TUBG1
7730	PLEKHH3
7731	CCR10
7732	RAMP2-AS1
7733	RAMP2
7734	VPS25
7735	WNK4
7736	COA3
7737	CNTD1
7738	PSME3
7739	AOC2
7740	AOC3
7741	PTGES3L
7742	RUNDC1
7743	IFI35
7744	VAT1
7745	RND2
7746	BRCA1
7747	AC060780.1
7748	TMEM106A
7749	CCDC200
7750	LINC00910
7751	ARL4D
7752	ETV4
7753	MPP3
7754	MPP2
7755	PYY
7756	NAGS
7757	TMEM101
7758	G6PC3
7759	C17orf53
7760	ASB16
7761	ASB16-AS1
7762	RUNDC3A-AS1
7763	RUNDC3A
7764	FAM171A2
7765	ITGA2B
7766	FZD2
7767	MEIOC
7768	CCDC43
7769	DBF4B
7770	ADAM11
7771	HIGD1B
7772	GFAP
7773	C1QL1
7774	PLCD3
7775	ACBD4
7776	HEXIM2
7777	FMNL1
7778	ARHGAP27
7779	CRHR1
7780	MAPT-AS1
7781	MAPT-IT1
7782	KANSL1-AS1
7783	ARL17B
7784	LRRC37A
7785	ARL17A
7786	FAM215B
7787	WNT3
7788	WNT9B
7789	RPRML
7790	MYL4
7791	ITGB3
7792	EFCAB13
7793	TBKBP1
7794	OSBPL7
7795	MRPL10
7796	SCRN2
7797	SP2-AS1
7798	PNPO
7799	CDK5RAP3
7800	COPZ2
7801	SNX11
7802	SKAP1
7803	HOXB2
7804	HOXB-AS1
7805	HOXB3
7806	TTLL6
7807	ATP5MC1
7808	IGF2BP1
7809	GNGT2
7810	ABI3
7811	NXPH3
7812	SLC35B1
7813	FAM117A
7814	TAC4
7815	ITGA3
7816	PDK2
7817	SAMD14
7818	PPP1R9B
7819	SGCA
7820	COL1A1
7821	TMEM92
7822	TMEM92-AS1
7823	XYLT2
7824	MRPL27
7825	LRRC59
7826	ACSF2
7827	CHAD
7828	MYCBPAP
7829	SPATA20
7830	CACNA1G
7831	ABCC3
7832	TOB1
7833	TOB1-AS1
7834	NME1
7835	LINC02073
7836	CA10
7837	LINC01982
7838	HLF
7839	TMEM100
7840	ANKFN1
7841	C17orf67
7842	MRPS23
7843	DYNLL2
7844	MKS1
7845	TSPOAP1
7846	TSPOAP1-AS1
7847	SUPT4H1
7848	RNF43
7849	HSF5
7850	SEPTIN4-AS1
7851	TEX14
7852	PPM1E
7853	PRR11
7854	SMG8
7855	LINC01476
7856	RNFT1
7857	RNFT1-DT
7858	HEATR6
7859	AC025048.4
7860	CA4
7861	AC005884.1
7862	TBX2-AS1
7863	C17orf82
7864	BRIP1
7865	EFCAB3
7866	METTL2A
7867	MARCH10
7868	CYB561
7869	ACE
7870	TACO1
7871	LIMD2
7872	FTSJ3
7873	PSMC5
7874	SMARCD2
7875	CD79B
7876	SCN4A
7877	PRR29-AS1
7878	ICAM2
7879	SNHG25
7880	PECAM1
7881	MILR1
7882	POLG2
7883	RGS9
7884	PRKCA-AS1
7885	CACNG5
7886	CACNG4
7887	PITPNC1
7888	C17orf58
7889	KPNA2
7890	AMZ2
7891	SLC16A6
7892	FAM20A
7893	LINC01482
7894	ABCA8
7895	ABCA9-AS1
7896	ABCA9
7897	ABCA6
7898	ABCA10
7899	MAP2K6
7900	LINC01483
7901	KCNJ16
7902	KCNJ2-AS1
7903	KCNJ2
7904	SOX9-AS1
7905	SOX9
7906	LINC00511
7907	SSTR2
7908	CPSF4L
7909	SDK2
7910	DNAI2
7911	KIF19
7912	GPRC5C
7913	CD300A
7914	RAB37
7915	SLC9A3R1
7916	TMEM104
7917	GRIN2C
7918	FDXR
7919	FADS6
7920	HID1
7921	CDR2L
7922	MRPL58
7923	SLC16A5
7924	ARMC7
7925	NT5C
7926	JPT1
7927	MRPS7
7928	MIF4GD
7929	SLC25A19
7930	CASKIN2
7931	TSEN54
7932	LLGL2
7933	RECQL5
7934	SMIM5
7935	ITGB4
7936	GALK1
7937	UNC13D
7938	TRIM47
7939	MRPL38
7940	FBF1
7941	TEN1
7942	CDK3
7943	RNF157
7944	QRICH2
7945	SPHK1
7946	RHBDF2
7947	CYGB
7948	PRCD
7949	SNHG16
7950	ST6GALNAC2
7951	ST6GALNAC1
7952	JMJD6
7953	METTL23
7954	LINC02080
7955	MGAT5B
7956	AC021683.2
7957	TMC8
7958	C17orf99
7959	TK1
7960	TMEM235
7961	LINC01993
7962	SOCS3
7963	DNAH17
7964	CEP295NL
7965	LGALS3BP
7966	CANT1
7967	C1QTNF1-AS1
7968	ENGASE
7969	RBFOX3
7970	CBX2
7971	CBX4
7972	CCDC40
7973	GAA
7974	EIF4A3
7975	CARD14
7976	SGSH
7977	SLC26A11
7978	NPTX1
7979	CHMP6
7980	BAIAP2-DT
7981	AATK
7982	PVALEF
7983	CEP131
7984	TEPSIN
7985	NDUFAF8
7986	LINC00482
7987	BAHCC1
7988	FAAP100
7989	TSPAN10
7990	OXLD1
7991	CCDC137
7992	ARL16
7993	MRPL12
7994	SLC25A10
7995	MCRIP1
7996	AC145207.5
7997	ALYREF
7998	ANAPC11
7999	PCYT2
8000	SIRT7
8001	MAFG-DT
8002	PYCR1
8003	NOTUM
8004	CENPX
8005	LRRC45
8006	RAC3
8007	DCXR
8008	GPS1
8009	SLC16A3
8010	SECTM1
8011	OGFOD3
8012	HEXD
8013	HEXD-IT1
8014	FN3KRP
8015	FN3K
8016	ZNF750
8017	B3GNTL1
8018	METRNL
8019	CLUL1
8020	TYMSOS
8021	TYMS
8022	ADCYAP1
8023	LINC00470
8024	METTL4
8025	NDC80
8026	EMILIN2
8027	MYOM1
8028	MYL12A
8029	TGIF1
8030	DLGAP1-AS1
8031	DLGAP1-AS2
8032	DLGAP1-AS4
8033	DLGAP1-AS5
8034	AKAIN1
8035	LINC00526
8036	ZBTB14
8037	AP005671.1
8038	MIR3976HG
8039	TMEM200C
8040	L3MBTL4-AS1
8041	ARHGAP28
8042	LAMA1
8043	GACAT2
8044	MTCL1
8045	NDUFV2-AS1
8046	PIEZO2
8047	CHMP1B
8048	IMPA2
8049	ANKRD62
8050	PRELID3A
8051	CEP76
8052	LDLRAD4-AS1
8053	ZNF519
8054	ANKRD30B
8055	GREB1L
8056	ABHD3
8057	MIR133A1HG
8058	GATA6
8059	AC090912.1
8060	CABLES1
8061	ANKRD29
8062	LAMA3
8063	CABYR
8064	IMPACT
8065	HRH4
8066	LINC01915
8067	PSMA8
8068	TAF4B
8069	AQP4-AS1
8070	AQP4
8071	CHST9
8072	DSC2
8073	DSCAS
8074	B4GALT6
8075	RNF125
8076	MEP1B
8077	CCDC178
8078	NOL4
8079	ZNF396
8080	C18orf21
8081	MOCOS
8082	FHOD3
8083	MIR924HG
8084	LINC01902
8085	LINC00907
8086	RIT2
8087	SYT4
8088	LINC01478
8089	SLC14A2
8090	SLC14A2-AS1
8091	SLC14A1
8092	PSTPIP2
8093	RNF165
8094	ST8SIA5
8095	KATNAL2
8096	ZBTB7C
8097	SMAD7
8098	LIPG
8099	SNHG22
8100	MYO5B
8101	CFAP53
8102	CXXC1
8103	MAPK4
8104	MRO
8105	ELAC1
8106	MEX3C
8107	LINC01630
8108	DCC
8109	LINC01917
8110	LINC01919
8111	POLI
8112	C18orf54
8113	RAB27B
8114	CCDC68
8115	TCF4-AS1
8116	TCF4-AS2
8117	LINC01415
8118	LINC01416
8119	ST8SIA3
8120	ONECUT2
8121	FECH
8122	ALPK2
8123	GRP
8124	CCBE1
8125	PMAIP1
8126	RNF152
8127	TNFRSF11A
8128	HMSD
8129	SERPINB8
8130	LINC01924
8131	CDH7
8132	CDH19
8133	CCDC102B
8134	CD226
8135	LINC01909
8136	CBLN2
8137	NETO1
8138	LINC02582
8139	FBXO15
8140	TIMM21
8141	DIPK1C
8142	CNDP1
8143	LINC00683
8144	ZNF236-DT
8145	MBP
8146	GALR1
8147	LINC01896
8148	SALL3
8149	NFATC1
8150	SLC66A2
8151	HSBP1L1
8152	RBFADN
8153	PARD6G-AS1
8154	LINC01002
8155	PLPP2
8156	C2CD4C
8157	ODF3L2
8158	MADCAM1
8159	TPGS1
8160	CDC34
8161	GZMM
8162	BSG
8163	HCN2
8164	POLRMT
8165	FGF22
8166	RNF126
8167	FSTL3
8168	LINC01836
8169	PLPPR3
8170	CFD
8171	MED16
8172	R3HDM4
8173	WDR18
8174	CNN2
8175	ABCA7
8176	ARHGAP45
8177	POLR2E
8178	GPX4
8179	SBNO2
8180	CBARP
8181	FAM174C
8182	GAMT
8183	APC2
8184	PCSK4
8185	ADAMTSL5
8186	PLK5
8187	MEX3D
8188	ATP8B3
8189	KLF16
8190	SCAMP4
8191	CSNK1G2
8192	IZUMO4
8193	DOT1L
8194	AMH
8195	OAZ1
8196	PEAK3
8197	LSM7
8198	TMPRSS9
8199	TIMM13
8200	LMNB2
8201	GADD45B
8202	DIRAS1
8203	SLC39A3
8204	SGTA
8205	THOP1
8206	ZNF554
8207	ZNF555
8208	ZNF556
8209	ZNF57
8210	ZNF77
8211	TLE6
8212	TLE2
8213	GNA15
8214	S1PR4
8215	NCLN
8216	CELF5
8217	DOHH
8218	FZR1
8219	C19orf71
8220	HMG20B
8221	GIPC3
8222	TBXA2R
8223	CACTIN
8224	TJP3
8225	APBA3
8226	MRPL54
8227	MATK
8228	ZFR2
8229	ATCAY
8230	SIRT6
8231	ANKRD24
8232	EBI3
8233	YJU2
8234	SHD
8235	FSD1
8236	STAP2
8237	MPND
8238	CHAF1A
8239	UBXN6
8240	PLIN5
8241	LRG1
8242	SEMA6B
8243	DPP9-AS1
8244	MIR7-3HG
8245	FEM1A
8246	TICAM1
8247	PLIN3
8248	UHRF1
8249	TINCR
8250	MICOS13
8251	HSD11B1L
8252	CATSPERD
8253	PRR22
8254	DUS3L
8255	NDUFA11
8256	VMAC
8257	CAPS
8258	RFX2
8259	ACSBG2
8260	ACER1
8261	ALKBH7
8262	PSPN
8263	SLC25A41
8264	DENND1C
8265	TUBB4A
8266	TNFSF9
8267	C3
8268	GPR108
8269	SH2D3A
8270	VAV1
8271	ZNF557
8272	PEX11G
8273	MCOLN1
8274	PNPLA6
8275	CAMSAP3
8276	XAB2
8277	PET100
8278	STXBP2
8279	EVI5L
8280	PRR36
8281	MAP2K7
8282	TGFBR3L
8283	SNAPC2
8284	CTXN1
8285	FBN3
8286	CD320
8287	NDUFA7
8288	ANGPTL4
8289	RAB11B-AS1
8290	PRAM1
8291	ZNF414
8292	MYO1F
8293	ZNF558
8294	ZNF317
8295	ZNF699
8296	ZNF177
8297	ZNF426
8298	ZNF561
8299	ZNF561-AS1
8300	FBXL12
8301	UBL5
8302	OLFM2
8303	SHFL
8304	PPAN
8305	P2RY11
8306	EIF3G
8307	S1PR2
8308	MRPL4
8309	AC011511.2
8310	ICAM1
8311	ICAM5
8312	ZGLP1
8313	FDX2
8314	RAVER1
8315	ICAM3
8316	TYK2
8317	KEAP1
8318	ATG4D
8319	CDKN2D
8320	TMED1
8321	C19orf38
8322	YIPF2
8323	TIMM29
8324	LDLR
8325	SPC24
8326	ANGPTL8
8327	TSPAN16
8328	CCDC159
8329	SWSAP1
8330	EPOR
8331	RGL3
8332	CCDC151
8333	ZNF653
8334	CNN1
8335	ELOF1
8336	ZNF823
8337	ZNF441
8338	ZNF491
8339	ZNF440
8340	ZNF439
8341	ZNF69
8342	ZNF763
8343	ZNF433-AS1
8344	ZNF433
8345	ZNF878
8346	ZNF844
8347	ZNF20
8348	ZNF625
8349	ZNF563
8350	ZNF442
8351	ZNF799
8352	ZNF443
8353	MAN2B1
8354	WDR83
8355	FBXW9
8356	GET3
8357	JUNB
8358	PRDX2
8359	THSD8
8360	RNASEH2A
8361	MAST1
8362	DNASE2
8363	GCDH
8364	SYCE2
8365	FARSA
8366	GADD45GIP1
8367	LYL1
8368	TRMT1
8369	NACC1
8370	STX10
8371	IER2
8372	CCDC130
8373	MRI1
8374	C19orf53
8375	ZSWIM4
8376	NANOS3
8377	C19orf57
8378	CC2D1A
8379	PODNL1
8380	DCAF15
8381	IL27RA
8382	PALM3
8383	MISP3
8384	SAMD1
8385	ASF1B
8386	LINC01841
8387	LINC01842
8388	PTGER1
8389	DNAJB1
8390	NDUFB7
8391	ADGRE2
8392	OR7C1
8393	OR7A5
8394	OR7A17
8395	SLC1A6
8396	SYDE1
8397	ILVBL
8398	EPHX3
8399	WIZ
8400	CYP4F12
8401	RAB8A
8402	HSH2D
8403	KLF2
8404	C19orf44
8405	SLC35E1
8406	MED26
8407	TMEM38A
8408	NWD1
8409	F2RL3
8410	CPAMD8
8411	HAUS8
8412	USE1
8413	OCEL1
8414	NR2F6
8415	USHBP1
8416	BABAM1
8417	ANKLE1
8418	ABHD8
8419	MRPL34
8420	DDA1
8421	ANO8
8422	GTPBP3
8423	CCDC194
8424	BST2
8425	BISPR
8426	MVB12A
8427	TMEM221
8428	PGLS
8429	NIBAN3
8430	UNC13A
8431	MAP1S
8432	FCHO1
8433	JAK3
8434	RPL18A
8435	CCDC124
8436	KCNN1
8437	ARRDC2
8438	IL12RB1
8439	PIK3R2
8440	IFI30
8441	MPV17L2
8442	RAB3A
8443	PDE4C
8444	IQCN
8445	LSM4
8446	GDF15
8447	ISYNA1
8448	KXD1
8449	AC005253.1
8450	UBA52
8451	CRLF1
8452	REX1BD
8453	TMEM59L
8454	KLHL26
8455	CERS1
8456	DDX49
8457	HOMER3
8458	ARMC6
8459	BORCS8
8460	RFXANK
8461	NR2C2AP
8462	NCAN
8463	HAPLN4
8464	TM6SF2
8465	YJEFN3
8466	PBX4
8467	LPAR2
8468	GMIP
8469	ATP13A1
8470	ZNF101
8471	LINC00663
8472	ZNF93
8473	ZNF682
8474	ZNF90
8475	ZNF486
8476	ZNF66
8477	ZNF85
8478	ZNF714
8479	ZNF738
8480	ZNF100
8481	ZNF208
8482	ZNF257
8483	ZNF676
8484	ZNF98
8485	ZNF492
8486	ZNF99
8487	ZNF728
8488	ZNF730
8489	ZNF724
8490	ZNF681
8491	ZNF726
8492	AC073534.2
8493	VSTM2B
8494	POP4
8495	PLEKHF1
8496	CCNE1
8497	ZNF536
8498	LINC01791
8499	LINC01837
8500	NUDT19
8501	TDRD12
8502	SLC7A9
8503	CEP89
8504	FAAP24
8505	RHPN2
8506	GPATCH1
8507	WDR88
8508	LRP3
8509	CEBPA
8510	CHST8
8511	PDCD2L
8512	WTIP
8513	SCGB1B2P
8514	ZNF181
8515	ZNF599
8516	LINC01801
8517	ZNF30
8518	ZNF792
8519	SCN1B
8520	HPN
8521	HPN-AS1
8522	LGI4
8523	FXYD1
8524	FXYD7
8525	FXYD5
8526	LSR
8527	HAMP
8528	MAG
8529	CD22
8530	DMKN
8531	TMEM147-AS1
8532	TMEM147
8533	HAUS5
8534	RBM42
8535	ZBTB32
8536	KMT2B
8537	IGFLR1
8538	U2AF1L4
8539	PSENEN
8540	LIN37
8541	HSPB6
8542	PROSER3
8543	ARHGAP33
8544	NPHS1
8545	APLP1
8546	NFKBID
8547	TYROBP
8548	LRFN3
8549	SDHAF1
8550	SYNE4
8551	ALKBH6
8552	THAP8
8553	WDR62
8554	POLR2I
8555	COX7A1
8556	LINC00665
8557	ZFP82
8558	ZNF260
8559	ZNF529-AS1
8560	ZNF382
8561	ZNF461
8562	LINC01534
8563	ZNF850
8564	ZNF829
8565	ZNF585A
8566	LINC01535
8567	ZNF527
8568	ZNF569
8569	ZNF570
8570	ZNF793-AS1
8571	ZNF571-AS1
8572	ZNF571
8573	ZFP30
8574	ZNF781
8575	ZNF607
8576	ZNF573
8577	DPF1
8578	PPP1R14A
8579	YIF1B
8580	C19orf33
8581	KCNK6
8582	CATSPERG
8583	SPRED3
8584	FAM98C
8585	RYR1
8586	MAP4K1
8587	CAPN12
8588	LGALS4
8589	ECH1
8590	RINL
8591	NFKBIB
8592	CCER2
8593	SARS2
8594	MRPS12
8595	FBXO27
8596	ACP7
8597	AC011443.1
8598	LRFN1
8599	GMFG
8600	PAF1
8601	MED29
8602	ZFP36
8603	EID2B
8604	EID2
8605	DYRK1B
8606	FBL
8607	FCGBP
8608	PSMC4
8609	TTC9B
8610	C19orf47
8611	HIPK4
8612	PRX
8613	SERTAD1
8614	SERTAD3
8615	BLVRB
8616	SHKBP1
8617	LTBP4
8618	NUMBL
8619	COQ8B
8620	ITPKC
8621	C19orf54
8622	SNRPA
8623	MIA
8624	CYP2S1
8625	CCDC97
8626	TMEM91
8627	B9D2
8628	EXOSC5
8629	BCKDHA
8630	B3GNT8
8631	DMAC2
8632	ERICH4
8633	PCAT19
8634	LINC01480
8635	ERFL
8636	ATP1A3
8637	GRIK5
8638	ZNF574
8639	POU2F2
8640	DEDD2
8641	ZNF526
8642	GSK3A
8643	PAFAH1B3
8644	TMEM145
8645	LIPE
8646	CXCL17
8647	CEACAM1
8648	PSG8
8649	AC004784.1
8650	PSG2
8651	LYPD3
8652	ETHE1
8653	ZNF575
8654	PINLYP
8655	IRGQ
8656	ZNF576
8657	SRRM5
8658	CADM4
8659	PLAUR
8660	LYPD5
8661	ZNF283
8662	ZNF404
8663	ZNF45
8664	ZNF221
8665	ZNF155
8666	ZNF230
8667	ZNF222
8668	ZNF223
8669	ZNF284
8670	ZNF225
8671	ZNF234
8672	ZNF226
8673	ZNF233
8674	ZNF112
8675	ZNF285
8676	ZNF229
8677	ZNF180
8678	IGSF23
8679	PVR
8680	CEACAM19
8681	BCL3
8682	BCAM
8683	APOE
8684	APOC1
8685	RELB
8686	GEMIN7-AS1
8687	GEMIN7
8688	PPP1R37
8689	TRAPPC6A
8690	BLOC1S3
8691	EXOC3L2
8692	ERCC2
8693	PPP1R13L
8694	CD3EAP
8695	FOSB
8696	RTN2
8697	PPM1N
8698	VASP
8699	OPA3
8700	GPR4
8701	QPCTL
8702	SIX5
8703	DMWD
8704	IRF2BP1
8705	MYPOP
8706	CCDC61
8707	IGFL4
8708	HIF3A
8709	CCDC8
8710	PNMA8C
8711	PNMA8A
8712	PPP5D1
8713	PNMA8B
8714	PTGIR
8715	DACT3
8716	DACT3-AS1
8717	FKRP
8718	SLC1A5
8719	AP2S1
8720	NPAS1
8721	TMEM160
8722	BBC3
8723	CCDC9
8724	INAFM1
8725	C5AR1
8726	C5AR2
8727	MEIS3
8728	SLC8A2
8729	KPTN
8730	NAPA-AS1
8731	AC010331.1
8732	BICRA
8733	BICRA-AS1
8734	EHD2
8735	NOP53
8736	NOP53-AS1
8737	CRX
8738	PLA2G4C-AS1
8739	LIG1
8740	CARD8-AS1
8741	ZNF114
8742	EMP3
8743	TMEM143
8744	GRIN2D
8745	GRWD1
8746	KCNJ14
8747	CYTH2
8748	LMTK3
8749	SULT2B1
8750	RPL18
8751	SPHK2
8752	DBP
8753	CA11
8754	NTN5
8755	FUT2
8756	MAMSTR
8757	RASIP1
8758	IZUMO1
8759	FUT1
8760	HSD17B14
8761	PLEKHA4
8762	PPP1R15A
8763	TULP2
8764	NUCB1-AS1
8765	DHDH
8766	FTL
8767	LIN7B
8768	C19orf73
8769	PPFIA3
8770	HRC
8771	CD37
8772	DKKL1
8773	SLC17A7
8774	ALDH16A1
8775	FLT3LG
8776	RCN3
8777	PRRG2
8778	RRAS
8779	BCL2L12
8780	PRMT1
8781	ADM5
8782	CPT1C
8783	TSKS
8784	FUZ
8785	PTOV1-AS1
8786	PNKP
8787	AKT1S1
8788	TBC1D17
8789	IL4I1
8790	NUP62
8791	ATF5
8792	ZNF473
8793	IZUMO2
8794	MYH14
8795	KCNC3
8796	NR1H2
8797	NAPSA
8798	POLD1
8799	MYBPC2
8800	FAM71E1
8801	JOSD2
8802	ASPDH
8803	LRRC4B
8804	SYT3
8805	C19orf81
8806	SHANK1
8807	CLEC11A
8808	C19orf48
8809	KLK6
8810	KLK7
8811	KLK14
8812	CTU1
8813	IGLON5
8814	VSIG10L
8815	ETFB
8816	CLDND2
8817	SIGLEC10
8818	SIGLEC5
8819	SPACA6P-AS
8820	FPR1
8821	FPR3
8822	ZNF649-AS1
8823	ZNF649
8824	ZNF613
8825	ZNF350-AS1
8826	ZNF350
8827	ZNF614
8828	ZNF432
8829	ZNF841
8830	ZNF616
8831	ZNF836
8832	ZNF766
8833	ZNF480
8834	ZNF610
8835	ZNF880
8836	ZNF528-AS1
8837	ZNF534
8838	ZNF578
8839	ZNF808
8840	ZNF600
8841	ZNF28
8842	ZNF468
8843	ZNF320
8844	ZNF888
8845	ZNF816
8846	ZNF415
8847	ZNF665
8848	ZNF845
8849	ZNF525
8850	ZNF761
8851	ZNF813
8852	ZNF331
8853	NLRP12
8854	MYADM
8855	PRKCG
8856	CACNG7
8857	CACNG8
8858	OSCAR
8859	TFPT
8860	PRPF31
8861	LENG1
8862	TMC4
8863	TSEN34
8864	RPS9
8865	LILRB3
8866	LAIR1
8867	TTYH1
8868	LENG8-AS1
8869	LENG9
8870	CDC42EP5
8871	NLRP2
8872	GP6
8873	RDH13
8874	EPS8L1
8875	SYT5
8876	TMEM86B
8877	HSPBP1
8878	KMT5C
8879	UBE2S
8880	SHISA7
8881	ISOC2
8882	ZNF628
8883	NAT14
8884	SSC5D
8885	ZNF579
8886	FIZ1
8887	ZNF524
8888	ZNF865
8889	ZNF784
8890	ZNF581
8891	CCDC106
8892	EPN1
8893	ZNF787
8894	ZNF444
8895	EDDM13
8896	ZNF582
8897	ZNF582-AS1
8898	ZNF583
8899	ZNF667
8900	ZFP28
8901	ZNF470
8902	ZNF71
8903	SMIM17
8904	ZNF835
8905	ZIM2
8906	AURKC
8907	ZNF805
8908	ZNF460-AS1
8909	ZNF460
8910	ZNF543
8911	ZNF304
8912	ZNF547
8913	TRAPPC2B
8914	ZNF548
8915	ZNF17
8916	ZNF749
8917	VN1R1
8918	ZNF772
8919	ZNF419
8920	ZNF773
8921	ZNF550
8922	ZNF416
8923	ZIK1
8924	ZNF530
8925	ZNF134
8926	ZNF211
8927	ZNF551
8928	ZNF154
8929	ZNF671
8930	ZNF776
8931	ZNF552
8932	ZNF418
8933	ZNF256
8934	C19orf18
8935	ZNF606
8936	ZSCAN1
8937	ZNF135
8938	ZNF8
8939	ZSCAN22
8940	A1BG
8941	A1BG-AS1
8942	ZNF497
8943	ZNF837
8944	RPS5
8945	ZNF584
8946	ZNF132
8947	ZNF324B
8948	ZNF324
8949	ZNF446
8950	SLC27A5
8951	ZBTB45
8952	TRIM28
8953	CHMP2A
8954	MZF1-AS1
8955	C20orf96
8956	ZCCHC3
8957	SOX12
8958	NRSN2
8959	TRIB3
8960	TCF15
8961	SRXN1
8962	SLC52A3
8963	FAM110A
8964	RSPO4
8965	TMEM74B
8966	SNPH
8967	SDCBP2
8968	SIRPB2
8969	SIRPG
8970	PDYN-AS1
8971	TGM6
8972	ZNF343
8973	TMC2
8974	IDH3B
8975	CPXM1
8976	PCED1A
8977	MRPS26
8978	UBOX5-AS1
8979	UBOX5
8980	FASTKD5
8981	DDRGK1
8982	ITPA
8983	SLC4A11
8984	SPEF1
8985	CENPB
8986	LINC01730
8987	AP5S1
8988	SMOX
8989	ADRA1D
8990	RASSF2
8991	PCNA
8992	LINC00658
8993	LINC00654
8994	GPCPD1
8995	CHGB
8996	TRMT6
8997	MCM8
8998	FERMT1
8999	BMP2
9000	LAMP5
9001	PAK5
9002	ANKEF1
9003	SNAP25-AS1
9004	SNAP25
9005	JAG1
9006	LINC01722
9007	SPTLC3
9008	ISM1
9009	SEL1L2
9010	FLRT3
9011	MACROD2-AS1
9012	PCSK2
9013	BFSP1
9014	OVOL2
9015	MGME1
9016	PET117
9017	KAT14
9018	DZANK1
9019	POLR3F
9020	RBBP9
9021	SMIM26
9022	LINC00653
9023	SLC24A3
9024	CRNKL1
9025	CFAP61
9026	KIZ-AS1
9027	NKX2-2
9028	LINC01727
9029	THBD
9030	CD93
9031	NXT1
9032	GZF1
9033	LINC01721
9034	SYNDIG1
9035	ACSS1
9036	VSX1
9037	GINS1
9038	NANP
9039	ZNF337-AS1
9040	FAM182B
9041	FAM182A
9042	LINC01597
9043	FAM242A
9044	REM1
9045	LINC00028
9046	ID1
9047	COX4I2
9048	TPX2
9049	MYLK2
9050	FOXS1
9051	DUSP15
9052	TTLL9
9053	PDRG1
9054	XKR7
9055	CCM2L
9056	HCK
9057	PLAGL2
9058	POFUT1
9059	C20orf203
9060	DNMT3B
9061	EFCAB8
9062	SNTA1
9063	NECAB3
9064	E2F1
9065	PXMP4
9066	ZNF341
9067	ZNF341-AS1
9068	RALY-AS1
9069	ASIP
9070	AHCY
9071	ITCH-AS1
9072	TP53INP2
9073	GSS
9074	MYH7B
9075	PROCR
9076	MMP24
9077	GDF5
9078	ERGIC3
9079	SPAG4
9080	NFS1
9081	ROMO1
9082	CNBD2
9083	AL121895.1
9084	AAR2
9085	DLGAP4-AS1
9086	MYL9
9087	TGIF2
9088	RAB5IF
9089	SLA2
9090	NDRG3
9091	DSN1
9092	MROH8
9093	NNAT
9094	VSTM2L
9095	TGM2
9096	KIAA1755
9097	BPI
9098	SNHG17
9099	SNHG11
9100	SLC32A1
9101	ACTR5
9102	FAM83D
9103	MAFB
9104	PLCG1-AS1
9105	LPIN3
9106	EMILIN3
9107	SGK2
9108	TOX2
9109	JPH2
9110	OSER1-DT
9111	GDAP1L1
9112	FITM2
9113	HNF4A
9114	LINC01620
9115	TTPAL
9116	ADA
9117	KCNK15-AS1
9118	KCNK15
9119	RIMS4
9120	PABPC1L
9121	TOMM34
9122	KCNS1
9123	SLPI
9124	MATN4
9125	SDC4
9126	SYS1
9127	TP53TG5
9128	WFDC2
9129	TNNC2
9130	ACOT8
9131	ZSWIM3
9132	ZSWIM1
9133	NEURL2
9134	PLTP
9135	PCIF1
9136	SLC12A5
9137	CDH22
9138	ZNF334
9139	SLC13A3
9140	TP53RK
9141	SLC2A10
9142	EYA2
9143	LINC01754
9144	PTGIS
9145	SPATA2
9146	SNAI1
9147	LINC01273
9148	CEBPB-AS1
9149	LINC01270
9150	PARD6B
9151	BCAS4
9152	ADNP-AS1
9153	MOCS3
9154	KCNG1
9155	NFATC2
9156	LINC01429
9157	LINC01524
9158	TSHZ2
9159	BCAS1
9160	PFDN4
9161	DOK5
9162	LINC01440
9163	CBLN4
9164	FAM210B
9165	AURKA
9166	CSTF1
9167	CASS4
9168	GCNT7
9169	FAM209A
9170	LINC01716
9171	TFAP2C
9172	BMP7
9173	RBM38
9174	PCK1
9175	NKILA
9176	APCDD1L
9177	APCDD1L-DT
9178	NPEPL1
9179	GNAS-AS1
9180	NELFCD
9181	CTSZ
9182	TUBB1
9183	ATP5F1E
9184	PRELID3B
9185	ZNF831
9186	EDN3
9187	PPP1R3D
9188	CDH26
9189	CDH4
9190	HRH3
9191	ADRM1
9192	AL121832.2
9193	RPS21
9194	CABLES2
9195	SLCO4A1
9196	SLCO4A1-AS1
9197	MRGBP
9198	COL9A3
9199	TCFL5
9200	SLC17A9
9201	HAR1B
9202	HAR1A
9203	NKAIN4
9204	COL20A1
9205	CHRNA4
9206	KCNQ2
9207	EEF1A2
9208	PPDPF
9209	HELZ2
9210	MHENCR
9211	STMN3
9212	TNFRSF6B
9213	ZGPAT
9214	LIME1
9215	ZBTB46-AS1
9216	UCKL1-AS1
9217	ZNF512B
9218	SAMD10
9219	SOX18
9220	TCEA2
9221	RGS19
9222	OPRL1
9223	MYT1
9224	TPTE
9225	LIPI
9226	RBM11
9227	SAMSN1
9228	LINC02246
9229	CXADR
9230	BTG3-AS1
9231	C21orf91-OT1
9232	C21orf91
9233	CHODL
9234	LINC00320
9235	LINC01684
9236	LINC00158
9237	MIR155HG
9238	JAM2
9239	CYYR1-AS1
9240	CYYR1
9241	ADAMTS1
9242	ADAMTS5
9243	LINC01695
9244	N6AMT1
9245	RWDD2B
9246	MAP3K7CL
9247	BACH1-IT1
9248	BACH1-AS1
9249	BACH1-IT2
9250	GRIK1
9251	GRIK1-AS1
9252	TIAM1
9253	HUNK
9254	LINC00159
9255	MIS18A
9256	MIS18A-AS1
9257	MRAP
9258	URB1-AS1
9259	TCP10L
9260	PAXBP1-AS1
9261	C21orf62-AS1
9262	C21orf62
9263	OLIG2
9264	OLIG1
9265	IL10RB-DT
9266	DNAJC28
9267	DONSON
9268	LINC00649
9269	MRPS6
9270	SLC5A3
9271	LINC00310
9272	KCNE2
9273	SMIM11A
9274	KCNE1
9275	RCAN1
9276	CLIC6
9277	LINC01426
9278	RUNX1
9279	CBR1
9280	CBR3-AS1
9281	CBR3
9282	CHAF1B
9283	AP000695.1
9284	CLDN14
9285	SIM2
9286	PIGP
9287	TTC3-AS1
9288	DSCR9
9289	KCNJ15
9290	PSMG1
9291	LCA5L
9292	SH3BGR
9293	B3GALT5
9294	B3GALT5-AS1
9295	IGSF5
9296	PCP4
9297	BACE2
9298	PLAC4
9299	MX2
9300	MX1
9301	ZNF295-AS1
9302	UMODL1
9303	UMODL1-AS1
9304	TFF3
9305	RSPH1
9306	CBS
9307	U2AF1
9308	LINC00322
9309	LINC01679
9310	SIK1
9311	LINC00313
9312	HSF2BP
9313	RRP1
9314	PWP2
9315	GATD3A
9316	ICOSLG
9317	AIRE
9318	CFAP410
9319	TRPM2
9320	LRRC3
9321	TSPEAR
9322	SUMO3
9323	ITGB2
9324	FAM207A
9325	LINC00334
9326	POFUT2
9327	COL18A1-AS1
9328	SLC19A1
9329	PCBP3
9330	FTCD
9331	SPATC1L
9332	MCM3AP-AS1
9333	YBEY
9334	C21orf58
9335	S100B
9336	TMEM121B
9337	LINC01664
9338	HDHD5-AS1
9339	ADA2
9340	CECR3
9341	SLC25A18
9342	BID
9343	PEX26
9344	TUBA8
9345	USP18
9346	TMEM191B
9347	DGCR6
9348	PRODH
9349	DGCR11
9350	ESS2
9351	LINC01311
9352	SLC25A1
9353	CLTCL1
9354	MRPL40
9355	CDC45
9356	CLDN5
9357	SEPTIN5
9358	TBX1
9359	GNB1L
9360	RTL10
9361	TXNRD2
9362	ARVCF
9363	TANGO2
9364	TRMT2A
9365	ZDHHC8
9366	LINC00896
9367	RTN4R
9368	DGCR6L
9369	ZNF74
9370	SCARF2
9371	SERPIND1
9372	AIFM3
9373	THAP7
9374	THAP7-AS1
9375	P2RX6
9376	HIC2
9377	TMEM191C
9378	YDJC
9379	SDF2L1
9380	TOP3B
9381	ZNF280B
9382	RSPH14
9383	GNAZ
9384	RAB36
9385	DRICH1
9386	RGL4
9387	ZNF70
9388	MMP11
9389	DERL3
9390	SLC2A11
9391	MIF
9392	GSTT2B
9393	DDTL
9394	DDT
9395	SUSD2
9396	ADORA2A
9397	ADORA2A-AS1
9398	UPB1
9399	GUCD1
9400	SNRPD3
9401	GGT1
9402	LRRC75B
9403	TMEM211
9404	CRYBB2
9405	LRP5L
9406	GRK3
9407	MYO18B
9408	SEZ6L
9409	ASPHD2
9410	SRRD
9411	TFIP11
9412	LINC01422
9413	MN1
9414	CHEK2
9415	HSCB
9416	XBP1
9417	ZNRF3-IT1
9418	ZNRF3-AS1
9419	EMID1
9420	GAS2L1
9421	RASL10A
9422	RFPL1S
9423	NEFH
9424	THOC5
9425	NIPSNAP1
9426	ZMAT5
9427	UQCR10
9428	HORMAD2-AS1
9429	LIF
9430	CASTOR1
9431	CCDC157
9432	SEC14L2
9433	MTFP1
9434	SEC14L4
9435	SEC14L6
9436	GAL3ST1
9437	TCN2
9438	SLC35E4
9439	DUSP18
9440	MORC2-AS1
9441	SELENOM
9442	INPP5J
9443	PIK3IP1
9444	PIK3IP1-AS1
9445	PATZ1
9446	LINC01521
9447	LINC02558
9448	RFPL2
9449	SLC5A4-AS1
9450	SLC5A4
9451	RFPL3S
9452	BPIFC
9453	LINC01640
9454	LARGE-AS1
9455	LINC01643
9456	HMOX1
9457	MCM5
9458	RASD2
9459	APOL6
9460	APOL4
9461	APOL1
9462	TXN2
9463	FOXRED2
9464	CACNG2
9465	PVALB
9466	TST
9467	MPST
9468	KCTD17
9469	C1QTNF6
9470	SSTR3
9471	CYTH4
9472	ELFN2
9473	MFNG
9474	CARD10
9475	CDC42EP1
9476	SH3BP1
9477	PDXP
9478	LGALS1
9479	NOL12
9480	H1F0
9481	GCAT
9482	ANKRD54
9483	C22orf23
9484	SOX10
9485	PICK1
9486	SLC16A8
9487	BAIAP2L2
9488	PLA2G6
9489	MAFF
9490	KCNJ4
9491	KDELR3
9492	DMC1
9493	FAM227A
9494	CBY1
9495	TOMM22
9496	DNAL4
9497	NPTXR
9498	APOBEC3C
9499	APOBEC3D
9500	APOBEC3F
9501	APOBEC3G
9502	PDGFB
9503	MGAT3
9504	MIEF1
9505	RPS19BP1
9506	CACNA1I
9507	GRAP2
9508	FAM83F
9509	MRTFA-AS1
9510	DNAJB7
9511	L3MBTL2
9512	CHADL
9513	TEF
9514	PHF5A
9515	POLR3H
9516	CSDC2
9517	PMM1
9518	DESI1
9519	MEI1
9520	CCDC134
9521	SREBF2-AS1
9522	SHISA8
9523	LINC00634
9524	SEPTIN3
9525	WBP2NL
9526	NAGA
9527	PHETA2
9528	NDUFA6
9529	NDUFA6-DT
9530	CYP2D6
9531	OGFRP1
9532	LINC01315
9533	NFAM1
9534	RRP7A
9535	SERHL2
9536	ATP5MGL
9537	TTLL1
9538	MCAT
9539	TSPO
9540	TTLL12
9541	SCUBE1
9542	MPPED1
9543	EFCAB6-AS1
9544	EFCAB6
9545	SULT4A1
9546	PNPLA3
9547	PARVG
9548	SHISAL1
9549	RTL6
9550	ARHGAP8
9551	PHF21B
9552	FAM118A
9553	SMC1B
9554	FBLN1
9555	LINC00899
9556	PRR34
9557	PRR34-AS1
9558	CDPF1
9559	CELSR1
9560	GRAMD4
9561	CERK
9562	LINC01644
9563	LINC01310
9564	C22orf34
9565	ALG12
9566	CRELD2
9567	PIM3
9568	MLC1
9569	MOV10L1
9570	PANX2
9571	TRABD
9572	TUBGCP6
9573	HDAC10
9574	MAPK12
9575	MAPK11
9576	DENND6B
9577	SBF1
9578	NCAPH2
9579	SCO2
9580	TYMP
9581	ODF3B
9582	CPT1B
9583	CHKB-DT
9584	MAPK8IP2
9585	ARSA
9586	PLCXD1
9587	GTPBP6
9588	LINC00685
9589	PPP2R3B
9590	SHOX
9591	CSF2RA
9592	IL3RA
9593	LINC00106
9594	ASMTL-AS1
9595	ASMTL
9596	P2RY8
9597	AKAP17A
9598	XG
9599	GYG2
9600	ARSD
9601	ARSE
9602	ARSF
9603	MXRA5
9604	PRKX-AS1
9605	NLGN4X
9606	STS
9607	PNPLA4
9608	ANOS1
9609	FAM9B
9610	GPR143
9611	WWC3-AS1
9612	CLCN4
9613	MID1
9614	HCCS
9615	MSL3
9616	PRPS2
9617	TCEANC
9618	GEMIN8
9619	GLRA2
9620	FANCB
9621	ASB9
9622	PIGA
9623	VEGFD
9624	BMX
9625	CLTRN
9626	REPS2
9627	NHS-AS1
9628	RAI2
9629	SCML2
9630	PPEF1
9631	ADGRG2
9632	MAP3K15
9633	MAP7D2
9634	YY2
9635	PHEX
9636	PTCHD1-AS
9637	PTCHD1
9638	PRDX4
9639	SAT1
9640	APOO
9641	KLHL15
9642	ZFX-AS1
9643	PCYT1B
9644	ARX
9645	CXorf21
9646	GK
9647	GK-AS1
9648	TAB3
9649	CFAP47
9650	LANCL3
9651	XK
9652	CYBB
9653	DYNLT3
9654	SYTL5
9655	SRPX
9656	RPGR
9657	MID1IP1
9658	BCOR
9659	GPR34
9660	GPR82
9661	MAOB
9662	NDP
9663	EFHC2
9664	FUNDC1
9665	DIPK2B
9666	LINC01186
9667	ZNF674-AS1
9668	CHST7
9669	SLC9A7
9670	JADE3
9671	RGN
9672	NDUFB11
9673	INE1
9674	ZNF157
9675	LINC01560
9676	ARAF
9677	SYN1
9678	TIMP1
9679	ELK1
9680	UXT
9681	UXT-AS1
9682	ZNF182
9683	ZNF630
9684	ZNF630-AS1
9685	SLC38A5
9686	FTSJ1
9687	PORCN
9688	EBP
9689	WAS
9690	SUV39H1
9691	PCSK1N
9692	PQBP1
9693	TIMM17B
9694	SLC35A2
9695	PIM2
9696	KCND1
9697	CCDC120
9698	PRAF2
9699	WDR45
9700	GPKOW
9701	MAGIX
9702	PLP2
9703	PRICKLE3
9704	CACNA1F
9705	CCDC22
9706	PPP1R3F
9707	GAGE10
9708	USP27X
9709	CCNB3
9710	LINC01284
9711	NUDT10
9712	NUDT11
9713	GSPT2
9714	FAM156A
9715	KDM5C-IT1
9716	IQSEC2
9717	RIBC1
9718	HSD17B10
9719	FAM120C
9720	WNK3
9721	TSR2
9722	FGD1
9723	MAGED2
9724	TRO
9725	PFKFB1
9726	APEX2
9727	FAM104B
9728	MAGEH1
9729	USP51
9730	KLF8
9731	SPIN2B
9732	SPIN2A
9733	FAAH2
9734	ZXDB
9735	ZXDA
9736	SPIN4
9737	AMER1
9738	MTMR8
9739	LAS1L
9740	VSIG4
9741	HEPH
9742	EDA2R
9743	AR
9744	EFNB1
9745	PJA1
9746	EDA
9747	DGAT2L6
9748	AWAT1
9749	PDZD11
9750	KIF4A
9751	DLG3
9752	TEX11
9753	SNX12
9754	FOXO4
9755	IL2RG
9756	MED12
9757	NLGN3
9758	ZMYM3
9759	GCNA
9760	LINC00891
9761	RTL5
9762	ERCC6L
9763	RPS4X
9764	PHKA1
9765	PHKA1-AS1
9766	FAM226B
9767	NAP1L2
9768	TSIX
9769	XIST
9770	NEXMIF
9771	ZDHHC15
9772	PBDC1
9773	MAGEE1
9774	COX7B
9775	ATP7A
9776	TAF9B
9777	CYSLTR1
9778	LPAR4
9779	ITM2A
9780	HMGN5
9781	RPS6KA6
9782	SATL1
9783	ZNF711
9784	DACH2
9785	KLHL4
9786	PABPC5
9787	PCDH11X
9788	NAP1L3
9789	FAM133A
9790	RPA4
9791	DIAPH2-AS1
9792	PCDH19
9793	TSPAN6
9794	SRPX2
9795	CSTF2
9796	XKRX
9797	ARL13A
9798	TRMT2B-AS1
9799	TMEM35A
9800	CENPI
9801	DRP2
9802	TIMM8A
9803	BTK
9804	RPL36A
9805	GLA
9806	ARMCX1
9807	ARMCX6
9808	ARMCX2
9809	TCEAL2
9810	TCEAL6
9811	BEX5
9812	ARMCX5
9813	GPRASP2
9814	BEX1
9815	TCEAL8
9816	TCEAL5
9817	BEX2
9818	TCEAL7
9819	TCEAL9
9820	RAB40A
9821	TCEAL3
9822	TCEAL3-AS1
9823	TCEAL1
9824	MORF4L2-AS1
9825	PLP1
9826	RAB9B
9827	TMSB15B-AS1
9828	TMSB15B
9829	ZCCHC18
9830	IL1RAPL2
9831	NRK
9832	PWWP3B
9833	RADX
9834	RNF128
9835	TBC1D8B
9836	NUP62CL
9837	FRMPD3
9838	PRPS1
9839	PSMD10
9840	COL4A6
9841	COL4A5
9842	GUCY2F
9843	NXT2
9844	AMMECR1
9845	RTL9
9846	CHRDL1
9847	DCX
9848	ALG13-AS1
9849	TRPC5
9850	AMOT
9851	XACT
9852	HTR2C
9853	PLS3-AS1
9854	KLHL13
9855	ZCCHC12
9856	LINC01285
9857	LONRF3
9858	SLC25A5-AS1
9859	SLC25A5
9860	CXorf56
9861	NKRF
9862	RPL39
9863	RNF113A
9864	RHOXF1-AS1
9865	RHOXF1
9866	ZBTB33
9867	TMEM255A
9868	MCTS1
9869	C1GALT1C1
9870	GLUD2
9871	XIAP-AS1
9872	TENM1
9873	APLN
9874	XPNPEP2
9875	ZDHHC9
9876	UTP14A
9877	ELF4
9878	AIFM1
9879	RAB33A
9880	SLC25A14
9881	RBMX2
9882	IGSF1
9883	FIRRE
9884	STK26
9885	RAP2C-AS1
9886	MBNL3
9887	HS6ST2
9888	GPC4
9889	GPC3
9890	CCDC160
9891	MIR503HG
9892	LINC00629
9893	PLAC1
9894	FAM122B
9895	MOSPD1
9896	SMIM10
9897	RTL8B
9898	RTL8A
9899	SMIM10L2B
9900	ZNF449
9901	SMIM10L2A
9902	MMGT1
9903	MAP7D3
9904	HTATSF1
9905	ZIC3
9906	FGF13
9907	MCF2
9908	LDOC1
9909	SPANXA2-OT1
9910	MAGEC3
9911	SLITRK4
9912	SLITRK2
9913	FMR1-IT1
9914	AFF2
9915	LINC00893
9916	CXorf40A
9917	CXorf40B
9918	MAMLD1
9919	HMGB3
9920	VMA21
9921	PRRG3
9922	GABRE
9923	GABRA3
9924	CSAG1
9925	MAGEA12
9926	CETN2
9927	NSDHL
9928	ZNF185
9929	PNMA5
9930	PNMA3
9931	PNMA6A
9932	PNMA6F
9933	ZNF275
9934	ZFP92
9935	HAUS7
9936	ATP2B3
9937	CCNQ
9938	PNCK
9939	SLC6A8
9940	ABCD1
9941	IDH3G
9942	SSR4
9943	PDZD4
9944	L1CAM
9945	ARHGAP4
9946	RENBP
9947	HCFC1
9948	TMEM187
9949	IRAK1
9950	TKTL1
9951	EMD
9952	RPL10
9953	DNASE1L1
9954	FAM50A
9955	PLXNA3
9956	LAGE3
9957	UBL4A
9958	SLC10A3
9959	G6PD
9960	IKBKG
9961	GAB3
9962	DKC1
9963	MPP1
9964	F8
9965	F8A1
9966	FUNDC2
9967	CMC4
9968	MTCP1
9969	RAB39B
9970	CLIC2
9971	TMLHE-AS1
9972	SPRY3
9973	RPS4Y1
9974	ZFY
9975	ZFY-AS1
9976	LINC00278
9977	PCDH11Y
9978	TBL1Y
9979	PRKY
9980	USP9Y
9981	DDX3Y
9982	UTY
9983	NLGN4Y
9984	TTTY14
9985	KDM5D
9986	TTTY10
9987	EIF1AY
9988	MT-ND1
9989	MT-ND2
9990	MT-CO2
9991	MT-ATP8
9992	MT-ATP6
9993	MT-CO3
9994	MT-ND3
9995	MT-ND4L
9996	MT-ND4
9997	MT-ND5
9998	MT-ND6
9999	MT-CYB
