schema_version	kda_run_id	analysis_tier	fine_cell_type	broad_network	signature_group	source_groups	source_contrast_ids	source_terminal_statuses	signature_direction	candidate_query_genes	effective_query_genes	exact_tested_genes	induced_network_edges	effective_background_genes	eligibility_status	terminal_status	significant_key_drivers	elapsed_seconds	message
mitochondrial_kda_run_manifest_v1	primary_Ast_CHI3L1_F_e2_AD_up_mito	primary	Ast CHI3L1	Astrocytes	F_e2	F_e2	astrocytes::Ast CHI3L1::AD_vs_NCI__Female__e2	validated_complete	AD_up_mito	7	6	8295	7384	6943	eligible	completed_significant	5	0.364000000000004	
mitochondrial_kda_run_manifest_v1	primary_Ast_CHI3L1_F_e2_AD_down_mito	primary	Ast CHI3L1	Astrocytes	F_e2	F_e2	astrocytes::Ast CHI3L1::AD_vs_NCI__Female__e2	validated_complete	AD_down_mito	3	3	8295	7384	6943	eligible	completed_significant	10	0.241999999999997	
mitochondrial_kda_run_manifest_v1	primary_Ast_CHI3L1_F_e2_AD_both_mito	primary	Ast CHI3L1	Astrocytes	F_e2	F_e2	astrocytes::Ast CHI3L1::AD_vs_NCI__Female__e2	validated_complete	AD_both_mito	10	9	8295	7384	6943	eligible	completed_significant	1	0.485999999999997	
mitochondrial_kda_run_manifest_v1	primary_Ast_CHI3L1_F_e33_AD_up_mito	primary	Ast CHI3L1	Astrocytes	F_e33	F_e33	astrocytes::Ast CHI3L1::AD_vs_NCI__Female__e33	validated_complete	AD_up_mito	33	25	8461	7627	7172	eligible	completed_significant	4	1.249	
mitochondrial_kda_run_manifest_v1	primary_Ast_CHI3L1_F_e33_AD_down_mito	primary	Ast CHI3L1	Astrocytes	F_e33	F_e33	astrocytes::Ast CHI3L1::AD_vs_NCI__Female__e33	validated_complete	AD_down_mito	25	20	8461	7627	7172	eligible	completed_no_significant	0	0.701000000000001	
mitochondrial_kda_run_manifest_v1	primary_Ast_CHI3L1_F_e33_AD_both_mito	primary	Ast CHI3L1	Astrocytes	F_e33	F_e33	astrocytes::Ast CHI3L1::AD_vs_NCI__Female__e33	validated_complete	AD_both_mito	58	45	8461	7627	7172	eligible	completed_significant	1	1.954	
mitochondrial_kda_run_manifest_v1	primary_Ast_CHI3L1_F_e4_AD_up_mito	primary	Ast CHI3L1	Astrocytes	F_e4	F_e4	astrocytes::Ast CHI3L1::AD_vs_NCI__Female__e4	validated_complete	AD_up_mito	36	34	8444	7544	7096	eligible	completed_no_significant	0	1.283	
mitochondrial_kda_run_manifest_v1	primary_Ast_CHI3L1_F_e4_AD_down_mito	primary	Ast CHI3L1	Astrocytes	F_e4	F_e4	astrocytes::Ast CHI3L1::AD_vs_NCI__Female__e4	validated_complete	AD_down_mito	53	46	8444	7544	7096	eligible	completed_significant	5	1.42399999999999	
mitochondrial_kda_run_manifest_v1	primary_Ast_CHI3L1_F_e4_AD_both_mito	primary	Ast CHI3L1	Astrocytes	F_e4	F_e4	astrocytes::Ast CHI3L1::AD_vs_NCI__Female__e4	validated_complete	AD_both_mito	89	80	8444	7544	7096	eligible	completed_significant	3	2.271	
mitochondrial_kda_run_manifest_v1	primary_Ast_CHI3L1_M_e2_AD_up_mito	primary	Ast CHI3L1	Astrocytes	M_e2	M_e2	astrocytes::Ast CHI3L1::AD_vs_NCI__Male__e2	validated_complete	AD_up_mito	11	10	6839	6301	5947	eligible	completed_no_significant	0	0.438000000000002	
mitochondrial_kda_run_manifest_v1	primary_Ast_CHI3L1_M_e2_AD_down_mito	primary	Ast CHI3L1	Astrocytes	M_e2	M_e2	astrocytes::Ast CHI3L1::AD_vs_NCI__Male__e2	validated_complete	AD_down_mito	7	6	6839	6301	5947	eligible	completed_significant	16	0.134	
mitochondrial_kda_run_manifest_v1	primary_Ast_CHI3L1_M_e2_AD_both_mito	primary	Ast CHI3L1	Astrocytes	M_e2	M_e2	astrocytes::Ast CHI3L1::AD_vs_NCI__Male__e2	validated_complete	AD_both_mito	18	16	6839	6301	5947	eligible	completed_no_significant	0	0.570999999999998	
mitochondrial_kda_run_manifest_v1	primary_Ast_CHI3L1_M_e33_AD_up_mito	primary	Ast CHI3L1	Astrocytes	M_e33	M_e33	astrocytes::Ast CHI3L1::AD_vs_NCI__Male__e33	validated_complete	AD_up_mito	20	17	8434	7601	7152	eligible	completed_significant	2	0.649000000000001	
mitochondrial_kda_run_manifest_v1	primary_Ast_CHI3L1_M_e33_AD_down_mito	primary	Ast CHI3L1	Astrocytes	M_e33	M_e33	astrocytes::Ast CHI3L1::AD_vs_NCI__Male__e33	validated_complete	AD_down_mito	12	11	8434	7601	7152	eligible	completed_no_significant	0	0.435000000000002	
mitochondrial_kda_run_manifest_v1	primary_Ast_CHI3L1_M_e33_AD_both_mito	primary	Ast CHI3L1	Astrocytes	M_e33	M_e33	astrocytes::Ast CHI3L1::AD_vs_NCI__Male__e33	validated_complete	AD_both_mito	32	28	8434	7601	7152	eligible	completed_significant	1	0.962000000000003	
mitochondrial_kda_run_manifest_v1	primary_Ast_CHI3L1_M_e4_AD_up_mito	primary	Ast CHI3L1	Astrocytes	M_e4	M_e4	astrocytes::Ast CHI3L1::AD_vs_NCI__Male__e4	validated_complete	AD_up_mito	23	22	7181	6682	6266	eligible	completed_significant	3	0.608000000000004	
mitochondrial_kda_run_manifest_v1	primary_Ast_CHI3L1_M_e4_AD_down_mito	primary	Ast CHI3L1	Astrocytes	M_e4	M_e4	astrocytes::Ast CHI3L1::AD_vs_NCI__Male__e4	validated_complete	AD_down_mito	39	36	7181	6682	6266	eligible	completed_significant	5	0.965000000000003	
mitochondrial_kda_run_manifest_v1	primary_Ast_CHI3L1_M_e4_AD_both_mito	primary	Ast CHI3L1	Astrocytes	M_e4	M_e4	astrocytes::Ast CHI3L1::AD_vs_NCI__Male__e4	validated_complete	AD_both_mito	62	58	7181	6682	6266	eligible	completed_significant	9	1.387	
mitochondrial_kda_run_manifest_v1	secondary_Ast_CHI3L1_female_pool_AD_up_mito	secondary	Ast CHI3L1	Astrocytes	female_pool	F_e2;F_e33;F_e4	astrocytes::Ast CHI3L1::AD_vs_NCI__Female__e2;astrocytes::Ast CHI3L1::AD_vs_NCI__Female__e33;astrocytes::Ast CHI3L1::AD_vs_NCI__Female__e4	validated_complete;validated_complete;validated_complete	AD_up_mito	72	59	7604	7070	6648	eligible	completed_no_significant	0	2.10900000000001	
mitochondrial_kda_run_manifest_v1	secondary_Ast_CHI3L1_female_pool_AD_down_mito	secondary	Ast CHI3L1	Astrocytes	female_pool	F_e2;F_e33;F_e4	astrocytes::Ast CHI3L1::AD_vs_NCI__Female__e2;astrocytes::Ast CHI3L1::AD_vs_NCI__Female__e33;astrocytes::Ast CHI3L1::AD_vs_NCI__Female__e4	validated_complete;validated_complete;validated_complete	AD_down_mito	76	63	7604	7070	6648	eligible	completed_significant	8	1.694	
mitochondrial_kda_run_manifest_v1	secondary_Ast_CHI3L1_female_pool_AD_both_mito	secondary	Ast CHI3L1	Astrocytes	female_pool	F_e2;F_e33;F_e4	astrocytes::Ast CHI3L1::AD_vs_NCI__Female__e2;astrocytes::Ast CHI3L1::AD_vs_NCI__Female__e33;astrocytes::Ast CHI3L1::AD_vs_NCI__Female__e4	validated_complete;validated_complete;validated_complete	AD_both_mito	140	115	7604	7070	6648	eligible	completed_significant	3	2.55499999999999	
mitochondrial_kda_run_manifest_v1	secondary_Ast_CHI3L1_male_pool_AD_up_mito	secondary	Ast CHI3L1	Astrocytes	male_pool	M_e2;M_e33;M_e4	astrocytes::Ast CHI3L1::AD_vs_NCI__Male__e2;astrocytes::Ast CHI3L1::AD_vs_NCI__Male__e33;astrocytes::Ast CHI3L1::AD_vs_NCI__Male__e4	validated_complete;validated_complete;validated_complete	AD_up_mito	48	40	6520	6091	5744	eligible	completed_significant	3	1.07900000000001	
mitochondrial_kda_run_manifest_v1	secondary_Ast_CHI3L1_male_pool_AD_down_mito	secondary	Ast CHI3L1	Astrocytes	male_pool	M_e2;M_e33;M_e4	astrocytes::Ast CHI3L1::AD_vs_NCI__Male__e2;astrocytes::Ast CHI3L1::AD_vs_NCI__Male__e33;astrocytes::Ast CHI3L1::AD_vs_NCI__Male__e4	validated_complete;validated_complete;validated_complete	AD_down_mito	55	44	6520	6091	5744	eligible	completed_no_significant	0	1.146	
mitochondrial_kda_run_manifest_v1	secondary_Ast_CHI3L1_male_pool_AD_both_mito	secondary	Ast CHI3L1	Astrocytes	male_pool	M_e2;M_e33;M_e4	astrocytes::Ast CHI3L1::AD_vs_NCI__Male__e2;astrocytes::Ast CHI3L1::AD_vs_NCI__Male__e33;astrocytes::Ast CHI3L1::AD_vs_NCI__Male__e4	validated_complete;validated_complete;validated_complete	AD_both_mito	98	79	6520	6091	5744	eligible	completed_significant	4	1.601	
mitochondrial_kda_run_manifest_v1	secondary_Ast_CHI3L1_e2_pool_AD_up_mito	secondary	Ast CHI3L1	Astrocytes	e2_pool	F_e2;M_e2	astrocytes::Ast CHI3L1::AD_vs_NCI__Female__e2;astrocytes::Ast CHI3L1::AD_vs_NCI__Male__e2	validated_complete;validated_complete	AD_up_mito	17	15	6689	6210	5859	eligible	completed_no_significant	0	0.528999999999996	
mitochondrial_kda_run_manifest_v1	secondary_Ast_CHI3L1_e2_pool_AD_down_mito	secondary	Ast CHI3L1	Astrocytes	e2_pool	F_e2;M_e2	astrocytes::Ast CHI3L1::AD_vs_NCI__Female__e2;astrocytes::Ast CHI3L1::AD_vs_NCI__Male__e2	validated_complete;validated_complete	AD_down_mito	10	8	6689	6210	5859	eligible	completed_no_significant	0	0.216000000000008	
mitochondrial_kda_run_manifest_v1	secondary_Ast_CHI3L1_e2_pool_AD_both_mito	secondary	Ast CHI3L1	Astrocytes	e2_pool	F_e2;M_e2	astrocytes::Ast CHI3L1::AD_vs_NCI__Female__e2;astrocytes::Ast CHI3L1::AD_vs_NCI__Male__e2	validated_complete;validated_complete	AD_both_mito	27	23	6689	6210	5859	eligible	completed_no_significant	0	0.73599999999999	
mitochondrial_kda_run_manifest_v1	secondary_Ast_CHI3L1_e33_pool_AD_up_mito	secondary	Ast CHI3L1	Astrocytes	e33_pool	F_e33;M_e33	astrocytes::Ast CHI3L1::AD_vs_NCI__Female__e33;astrocytes::Ast CHI3L1::AD_vs_NCI__Male__e33	validated_complete;validated_complete	AD_up_mito	49	37	8160	7457	7015	eligible	completed_significant	3	1.44999999999999	
mitochondrial_kda_run_manifest_v1	secondary_Ast_CHI3L1_e33_pool_AD_down_mito	secondary	Ast CHI3L1	Astrocytes	e33_pool	F_e33;M_e33	astrocytes::Ast CHI3L1::AD_vs_NCI__Female__e33;astrocytes::Ast CHI3L1::AD_vs_NCI__Male__e33	validated_complete;validated_complete	AD_down_mito	34	29	8160	7457	7015	eligible	completed_no_significant	0	0.935999999999993	
mitochondrial_kda_run_manifest_v1	secondary_Ast_CHI3L1_e33_pool_AD_both_mito	secondary	Ast CHI3L1	Astrocytes	e33_pool	F_e33;M_e33	astrocytes::Ast CHI3L1::AD_vs_NCI__Female__e33;astrocytes::Ast CHI3L1::AD_vs_NCI__Male__e33	validated_complete;validated_complete	AD_both_mito	82	66	8160	7457	7015	eligible	completed_significant	1	1.926	
mitochondrial_kda_run_manifest_v1	secondary_Ast_CHI3L1_e4_pool_AD_up_mito	secondary	Ast CHI3L1	Astrocytes	e4_pool	F_e4;M_e4	astrocytes::Ast CHI3L1::AD_vs_NCI__Female__e4;astrocytes::Ast CHI3L1::AD_vs_NCI__Male__e4	validated_complete;validated_complete	AD_up_mito	57	52	7116	6646	6233	eligible	completed_significant	3	1.494	
mitochondrial_kda_run_manifest_v1	secondary_Ast_CHI3L1_e4_pool_AD_down_mito	secondary	Ast CHI3L1	Astrocytes	e4_pool	F_e4;M_e4	astrocytes::Ast CHI3L1::AD_vs_NCI__Female__e4;astrocytes::Ast CHI3L1::AD_vs_NCI__Male__e4	validated_complete;validated_complete	AD_down_mito	89	76	7116	6646	6233	eligible	completed_significant	5	1.73099999999999	
mitochondrial_kda_run_manifest_v1	secondary_Ast_CHI3L1_e4_pool_AD_both_mito	secondary	Ast CHI3L1	Astrocytes	e4_pool	F_e4;M_e4	astrocytes::Ast CHI3L1::AD_vs_NCI__Female__e4;astrocytes::Ast CHI3L1::AD_vs_NCI__Male__e4	validated_complete;validated_complete	AD_both_mito	142	124	7116	6646	6233	eligible	completed_significant	4	2.495	
mitochondrial_kda_run_manifest_v1	primary_Ast_DPP10_F_e2_AD_up_mito	primary	Ast DPP10	Astrocytes	F_e2	F_e2	astrocytes::Ast DPP10::AD_vs_NCI__Female__e2	validated_complete	AD_up_mito	9	9	6377	5983	5601	eligible	completed_no_significant	0	0.387999999999991	
mitochondrial_kda_run_manifest_v1	primary_Ast_DPP10_F_e2_AD_down_mito	primary	Ast DPP10	Astrocytes	F_e2	F_e2	astrocytes::Ast DPP10::AD_vs_NCI__Female__e2	validated_complete	AD_down_mito	9	7	6377	5983	5601	eligible	completed_significant	4	0.345999999999989	
mitochondrial_kda_run_manifest_v1	primary_Ast_DPP10_F_e2_AD_both_mito	primary	Ast DPP10	Astrocytes	F_e2	F_e2	astrocytes::Ast DPP10::AD_vs_NCI__Female__e2	validated_complete	AD_both_mito	18	16	6377	5983	5601	eligible	completed_significant	2	0.728999999999999	
mitochondrial_kda_run_manifest_v1	primary_Ast_DPP10_F_e33_AD_up_mito	primary	Ast DPP10	Astrocytes	F_e33	F_e33	astrocytes::Ast DPP10::AD_vs_NCI__Female__e33	validated_complete	AD_up_mito	6	5	6646	6289	5882	eligible	completed_no_significant	0	0.467999999999989	
mitochondrial_kda_run_manifest_v1	primary_Ast_DPP10_F_e33_AD_down_mito	primary	Ast DPP10	Astrocytes	F_e33	F_e33	astrocytes::Ast DPP10::AD_vs_NCI__Female__e33	validated_complete	AD_down_mito	7	4	6646	6289	5882	eligible	completed_no_significant	0	0.185000000000002	
mitochondrial_kda_run_manifest_v1	primary_Ast_DPP10_F_e33_AD_both_mito	primary	Ast DPP10	Astrocytes	F_e33	F_e33	astrocytes::Ast DPP10::AD_vs_NCI__Female__e33	validated_complete	AD_both_mito	13	9	6646	6289	5882	eligible	completed_no_significant	0	0.753	
mitochondrial_kda_run_manifest_v1	primary_Ast_DPP10_F_e4_AD_up_mito	primary	Ast DPP10	Astrocytes	F_e4	F_e4	astrocytes::Ast DPP10::AD_vs_NCI__Female__e4	validated_complete	AD_up_mito	6	5	6976	6507	6099	eligible	completed_no_significant	0	0.521000000000001	
mitochondrial_kda_run_manifest_v1	primary_Ast_DPP10_F_e4_AD_down_mito	primary	Ast DPP10	Astrocytes	F_e4	F_e4	astrocytes::Ast DPP10::AD_vs_NCI__Female__e4	validated_complete	AD_down_mito	29	25	6976	6507	6099	eligible	completed_significant	7	0.504999999999996	
mitochondrial_kda_run_manifest_v1	primary_Ast_DPP10_F_e4_AD_both_mito	primary	Ast DPP10	Astrocytes	F_e4	F_e4	astrocytes::Ast DPP10::AD_vs_NCI__Female__e4	validated_complete	AD_both_mito	35	30	6976	6507	6099	eligible	completed_significant	7	0.921000000000006	
mitochondrial_kda_run_manifest_v1	primary_Ast_DPP10_M_e2_AD_up_mito	primary	Ast DPP10	Astrocytes	M_e2	M_e2	astrocytes::Ast DPP10::AD_vs_NCI__Male__e2	validated_complete	AD_up_mito	71	65	6332	5915	5562	eligible	completed_no_significant	0	1.437	
mitochondrial_kda_run_manifest_v1	primary_Ast_DPP10_M_e2_AD_down_mito	primary	Ast DPP10	Astrocytes	M_e2	M_e2	astrocytes::Ast DPP10::AD_vs_NCI__Male__e2	validated_complete	AD_down_mito	31	28	6332	5915	5562	eligible	completed_significant	9	0.632000000000005	
mitochondrial_kda_run_manifest_v1	primary_Ast_DPP10_M_e2_AD_both_mito	primary	Ast DPP10	Astrocytes	M_e2	M_e2	astrocytes::Ast DPP10::AD_vs_NCI__Male__e2	validated_complete	AD_both_mito	102	93	6332	5915	5562	eligible	completed_no_significant	0	1.809	
mitochondrial_kda_run_manifest_v1	primary_Ast_DPP10_M_e33_AD_up_mito	primary	Ast DPP10	Astrocytes	M_e33	M_e33	astrocytes::Ast DPP10::AD_vs_NCI__Male__e33	validated_complete	AD_up_mito	6	5	6563	6160	5774	eligible	completed_significant	9	0.144000000000005	
mitochondrial_kda_run_manifest_v1	primary_Ast_DPP10_M_e33_AD_down_mito	primary	Ast DPP10	Astrocytes	M_e33	M_e33	astrocytes::Ast DPP10::AD_vs_NCI__Male__e33	validated_complete	AD_down_mito	4	2	6563	6160	5774	effective_query_below_minimum	skipped_effective_query_below_minimum	0	0	
mitochondrial_kda_run_manifest_v1	primary_Ast_DPP10_M_e33_AD_both_mito	primary	Ast DPP10	Astrocytes	M_e33	M_e33	astrocytes::Ast DPP10::AD_vs_NCI__Male__e33	validated_complete	AD_both_mito	10	7	6563	6160	5774	eligible	completed_significant	6	0.224000000000004	
mitochondrial_kda_run_manifest_v1	primary_Ast_DPP10_M_e4_AD_up_mito	primary	Ast DPP10	Astrocytes	M_e4	M_e4	astrocytes::Ast DPP10::AD_vs_NCI__Male__e4	validated_complete	AD_up_mito	32	31	6832	6374	5979	eligible	completed_significant	11	0.814999999999998	
mitochondrial_kda_run_manifest_v1	primary_Ast_DPP10_M_e4_AD_down_mito	primary	Ast DPP10	Astrocytes	M_e4	M_e4	astrocytes::Ast DPP10::AD_vs_NCI__Male__e4	validated_complete	AD_down_mito	31	29	6832	6374	5979	eligible	completed_no_significant	0	0.802000000000007	
mitochondrial_kda_run_manifest_v1	primary_Ast_DPP10_M_e4_AD_both_mito	primary	Ast DPP10	Astrocytes	M_e4	M_e4	astrocytes::Ast DPP10::AD_vs_NCI__Male__e4	validated_complete	AD_both_mito	63	60	6832	6374	5979	eligible	completed_significant	8	1.486	
mitochondrial_kda_run_manifest_v1	secondary_Ast_DPP10_female_pool_AD_up_mito	secondary	Ast DPP10	Astrocytes	female_pool	F_e2;F_e33;F_e4	astrocytes::Ast DPP10::AD_vs_NCI__Female__e2;astrocytes::Ast DPP10::AD_vs_NCI__Female__e33;astrocytes::Ast DPP10::AD_vs_NCI__Female__e4	validated_complete;validated_complete;validated_complete	AD_up_mito	20	15	6156	5801	5432	eligible	completed_significant	2	0.754999999999996	
mitochondrial_kda_run_manifest_v1	secondary_Ast_DPP10_female_pool_AD_down_mito	secondary	Ast DPP10	Astrocytes	female_pool	F_e2;F_e33;F_e4	astrocytes::Ast DPP10::AD_vs_NCI__Female__e2;astrocytes::Ast DPP10::AD_vs_NCI__Female__e33;astrocytes::Ast DPP10::AD_vs_NCI__Female__e4	validated_complete;validated_complete;validated_complete	AD_down_mito	43	29	6156	5801	5432	eligible	completed_significant	10	0.736000000000004	
mitochondrial_kda_run_manifest_v1	secondary_Ast_DPP10_female_pool_AD_both_mito	secondary	Ast DPP10	Astrocytes	female_pool	F_e2;F_e33;F_e4	astrocytes::Ast DPP10::AD_vs_NCI__Female__e2;astrocytes::Ast DPP10::AD_vs_NCI__Female__e33;astrocytes::Ast DPP10::AD_vs_NCI__Female__e4	validated_complete;validated_complete;validated_complete	AD_both_mito	63	44	6156	5801	5432	eligible	completed_significant	10	1.474	
mitochondrial_kda_run_manifest_v1	secondary_Ast_DPP10_male_pool_AD_up_mito	secondary	Ast DPP10	Astrocytes	male_pool	M_e2;M_e33;M_e4	astrocytes::Ast DPP10::AD_vs_NCI__Male__e2;astrocytes::Ast DPP10::AD_vs_NCI__Male__e33;astrocytes::Ast DPP10::AD_vs_NCI__Male__e4	validated_complete;validated_complete;validated_complete	AD_up_mito	99	86	6079	5731	5384	eligible	completed_significant	6	1.654	
mitochondrial_kda_run_manifest_v1	secondary_Ast_DPP10_male_pool_AD_down_mito	secondary	Ast DPP10	Astrocytes	male_pool	M_e2;M_e33;M_e4	astrocytes::Ast DPP10::AD_vs_NCI__Male__e2;astrocytes::Ast DPP10::AD_vs_NCI__Male__e33;astrocytes::Ast DPP10::AD_vs_NCI__Male__e4	validated_complete;validated_complete;validated_complete	AD_down_mito	62	53	6079	5731	5384	eligible	completed_significant	5	1.185	
mitochondrial_kda_run_manifest_v1	secondary_Ast_DPP10_male_pool_AD_both_mito	secondary	Ast DPP10	Astrocytes	male_pool	M_e2;M_e33;M_e4	astrocytes::Ast DPP10::AD_vs_NCI__Male__e2;astrocytes::Ast DPP10::AD_vs_NCI__Male__e33;astrocytes::Ast DPP10::AD_vs_NCI__Male__e4	validated_complete;validated_complete;validated_complete	AD_both_mito	151	130	6079	5731	5384	eligible	completed_significant	5	2.179	
mitochondrial_kda_run_manifest_v1	secondary_Ast_DPP10_e2_pool_AD_up_mito	secondary	Ast DPP10	Astrocytes	e2_pool	F_e2;M_e2	astrocytes::Ast DPP10::AD_vs_NCI__Female__e2;astrocytes::Ast DPP10::AD_vs_NCI__Male__e2	validated_complete;validated_complete	AD_up_mito	79	70	6004	5652	5306	eligible	completed_no_significant	0	1.52800000000001	
mitochondrial_kda_run_manifest_v1	secondary_Ast_DPP10_e2_pool_AD_down_mito	secondary	Ast DPP10	Astrocytes	e2_pool	F_e2;M_e2	astrocytes::Ast DPP10::AD_vs_NCI__Female__e2;astrocytes::Ast DPP10::AD_vs_NCI__Male__e2	validated_complete;validated_complete	AD_down_mito	39	33	6004	5652	5306	eligible	completed_significant	11	0.807000000000002	
mitochondrial_kda_run_manifest_v1	secondary_Ast_DPP10_e2_pool_AD_both_mito	secondary	Ast DPP10	Astrocytes	e2_pool	F_e2;M_e2	astrocytes::Ast DPP10::AD_vs_NCI__Female__e2;astrocytes::Ast DPP10::AD_vs_NCI__Male__e2	validated_complete;validated_complete	AD_both_mito	112	97	6004	5652	5306	eligible	completed_significant	8	1.941	
mitochondrial_kda_run_manifest_v1	secondary_Ast_DPP10_e33_pool_AD_up_mito	secondary	Ast DPP10	Astrocytes	e33_pool	F_e33;M_e33	astrocytes::Ast DPP10::AD_vs_NCI__Female__e33;astrocytes::Ast DPP10::AD_vs_NCI__Male__e33	validated_complete;validated_complete	AD_up_mito	11	7	6370	6015	5635	eligible	completed_no_significant	0	0.519999999999996	
mitochondrial_kda_run_manifest_v1	secondary_Ast_DPP10_e33_pool_AD_down_mito	secondary	Ast DPP10	Astrocytes	e33_pool	F_e33;M_e33	astrocytes::Ast DPP10::AD_vs_NCI__Female__e33;astrocytes::Ast DPP10::AD_vs_NCI__Male__e33	validated_complete;validated_complete	AD_down_mito	10	6	6370	6015	5635	eligible	completed_no_significant	0	0.422000000000011	
mitochondrial_kda_run_manifest_v1	secondary_Ast_DPP10_e33_pool_AD_both_mito	secondary	Ast DPP10	Astrocytes	e33_pool	F_e33;M_e33	astrocytes::Ast DPP10::AD_vs_NCI__Female__e33;astrocytes::Ast DPP10::AD_vs_NCI__Male__e33	validated_complete;validated_complete	AD_both_mito	21	13	6370	6015	5635	eligible	completed_no_significant	0	0.653999999999996	
mitochondrial_kda_run_manifest_v1	secondary_Ast_DPP10_e4_pool_AD_up_mito	secondary	Ast DPP10	Astrocytes	e4_pool	F_e4;M_e4	astrocytes::Ast DPP10::AD_vs_NCI__Female__e4;astrocytes::Ast DPP10::AD_vs_NCI__Male__e4	validated_complete;validated_complete	AD_up_mito	35	34	6598	6200	5821	eligible	completed_significant	11	0.893999999999991	
mitochondrial_kda_run_manifest_v1	secondary_Ast_DPP10_e4_pool_AD_down_mito	secondary	Ast DPP10	Astrocytes	e4_pool	F_e4;M_e4	astrocytes::Ast DPP10::AD_vs_NCI__Female__e4;astrocytes::Ast DPP10::AD_vs_NCI__Male__e4	validated_complete;validated_complete	AD_down_mito	59	50	6598	6200	5821	eligible	completed_significant	7	1.02499999999999	
mitochondrial_kda_run_manifest_v1	secondary_Ast_DPP10_e4_pool_AD_both_mito	secondary	Ast DPP10	Astrocytes	e4_pool	F_e4;M_e4	astrocytes::Ast DPP10::AD_vs_NCI__Female__e4;astrocytes::Ast DPP10::AD_vs_NCI__Male__e4	validated_complete;validated_complete	AD_both_mito	91	81	6598	6200	5821	eligible	completed_significant	13	1.59899999999999	
mitochondrial_kda_run_manifest_v1	primary_Ast_GRM3_F_e2_AD_up_mito	primary	Ast GRM3	Astrocytes	F_e2	F_e2	astrocytes::Ast GRM3::AD_vs_NCI__Female__e2	validated_complete	AD_up_mito	70	59	7458	7026	6593	eligible	completed_significant	10	1.181	
mitochondrial_kda_run_manifest_v1	primary_Ast_GRM3_F_e2_AD_down_mito	primary	Ast GRM3	Astrocytes	F_e2	F_e2	astrocytes::Ast GRM3::AD_vs_NCI__Female__e2	validated_complete	AD_down_mito	28	23	7458	7026	6593	eligible	completed_no_significant	0	0.843000000000004	
mitochondrial_kda_run_manifest_v1	primary_Ast_GRM3_F_e2_AD_both_mito	primary	Ast GRM3	Astrocytes	F_e2	F_e2	astrocytes::Ast GRM3::AD_vs_NCI__Female__e2	validated_complete	AD_both_mito	98	82	7458	7026	6593	eligible	completed_significant	9	1.76400000000001	
mitochondrial_kda_run_manifest_v1	primary_Ast_GRM3_F_e33_AD_up_mito	primary	Ast GRM3	Astrocytes	F_e33	F_e33	astrocytes::Ast GRM3::AD_vs_NCI__Female__e33	validated_complete	AD_up_mito	6	6	7331	6920	6492	eligible	completed_significant	4	0.605999999999995	
mitochondrial_kda_run_manifest_v1	primary_Ast_GRM3_F_e33_AD_down_mito	primary	Ast GRM3	Astrocytes	F_e33	F_e33	astrocytes::Ast GRM3::AD_vs_NCI__Female__e33	validated_complete	AD_down_mito	1	0	7331	6920	6492	effective_query_below_minimum	skipped_effective_query_below_minimum	0	0	
mitochondrial_kda_run_manifest_v1	primary_Ast_GRM3_F_e33_AD_both_mito	primary	Ast GRM3	Astrocytes	F_e33	F_e33	astrocytes::Ast GRM3::AD_vs_NCI__Female__e33	validated_complete	AD_both_mito	7	6	7331	6920	6492	eligible	completed_significant	4	0.586000000000013	
mitochondrial_kda_run_manifest_v1	primary_Ast_GRM3_F_e4_AD_up_mito	primary	Ast GRM3	Astrocytes	F_e4	F_e4	astrocytes::Ast GRM3::AD_vs_NCI__Female__e4	validated_complete	AD_up_mito	15	13	8345	7591	7150	eligible	completed_significant	3	0.460999999999984	
mitochondrial_kda_run_manifest_v1	primary_Ast_GRM3_F_e4_AD_down_mito	primary	Ast GRM3	Astrocytes	F_e4	F_e4	astrocytes::Ast GRM3::AD_vs_NCI__Female__e4	validated_complete	AD_down_mito	30	21	8345	7591	7150	eligible	completed_no_significant	0	0.738	
mitochondrial_kda_run_manifest_v1	primary_Ast_GRM3_F_e4_AD_both_mito	primary	Ast GRM3	Astrocytes	F_e4	F_e4	astrocytes::Ast GRM3::AD_vs_NCI__Female__e4	validated_complete	AD_both_mito	45	34	8345	7591	7150	eligible	completed_significant	1	1.126	
mitochondrial_kda_run_manifest_v1	primary_Ast_GRM3_M_e2_AD_up_mito	primary	Ast GRM3	Astrocytes	M_e2	M_e2	astrocytes::Ast GRM3::AD_vs_NCI__Male__e2	validated_complete	AD_up_mito	106	95	6979	6500	6117	eligible	completed_no_significant	0	2.18099999999998	
mitochondrial_kda_run_manifest_v1	primary_Ast_GRM3_M_e2_AD_down_mito	primary	Ast GRM3	Astrocytes	M_e2	M_e2	astrocytes::Ast GRM3::AD_vs_NCI__Male__e2	validated_complete	AD_down_mito	109	94	6979	6500	6117	eligible	completed_significant	24	1.37899999999999	
mitochondrial_kda_run_manifest_v1	primary_Ast_GRM3_M_e2_AD_both_mito	primary	Ast GRM3	Astrocytes	M_e2	M_e2	astrocytes::Ast GRM3::AD_vs_NCI__Male__e2	validated_complete	AD_both_mito	215	189	6979	6500	6117	eligible	completed_significant	16	2.75100000000001	
mitochondrial_kda_run_manifest_v1	primary_Ast_GRM3_M_e33_AD_up_mito	primary	Ast GRM3	Astrocytes	M_e33	M_e33	astrocytes::Ast GRM3::AD_vs_NCI__Male__e33	validated_complete	AD_up_mito	6	5	6787	6442	6030	eligible	completed_significant	7	0.0509999999999877	
mitochondrial_kda_run_manifest_v1	primary_Ast_GRM3_M_e33_AD_down_mito	primary	Ast GRM3	Astrocytes	M_e33	M_e33	astrocytes::Ast GRM3::AD_vs_NCI__Male__e33	validated_complete	AD_down_mito	4	4	6787	6442	6030	eligible	completed_significant	7	0.105999999999995	
mitochondrial_kda_run_manifest_v1	primary_Ast_GRM3_M_e33_AD_both_mito	primary	Ast GRM3	Astrocytes	M_e33	M_e33	astrocytes::Ast GRM3::AD_vs_NCI__Male__e33	validated_complete	AD_both_mito	10	9	6787	6442	6030	eligible	completed_significant	13	0.164999999999992	
mitochondrial_kda_run_manifest_v1	primary_Ast_GRM3_M_e4_AD_up_mito	primary	Ast GRM3	Astrocytes	M_e4	M_e4	astrocytes::Ast GRM3::AD_vs_NCI__Male__e4	validated_complete	AD_up_mito	18	17	6755	6425	6016	eligible	completed_no_significant	0	0.724999999999994	
mitochondrial_kda_run_manifest_v1	primary_Ast_GRM3_M_e4_AD_down_mito	primary	Ast GRM3	Astrocytes	M_e4	M_e4	astrocytes::Ast GRM3::AD_vs_NCI__Male__e4	validated_complete	AD_down_mito	6	4	6755	6425	6016	eligible	completed_significant	6	0.10899999999998	
mitochondrial_kda_run_manifest_v1	primary_Ast_GRM3_M_e4_AD_both_mito	primary	Ast GRM3	Astrocytes	M_e4	M_e4	astrocytes::Ast GRM3::AD_vs_NCI__Male__e4	validated_complete	AD_both_mito	24	21	6755	6425	6016	eligible	completed_no_significant	0	0.830000000000013	
mitochondrial_kda_run_manifest_v1	secondary_Ast_GRM3_female_pool_AD_up_mito	secondary	Ast GRM3	Astrocytes	female_pool	F_e2;F_e33;F_e4	astrocytes::Ast GRM3::AD_vs_NCI__Female__e2;astrocytes::Ast GRM3::AD_vs_NCI__Female__e33;astrocytes::Ast GRM3::AD_vs_NCI__Female__e4	validated_complete;validated_complete;validated_complete	AD_up_mito	85	65	7133	6765	6348	eligible	completed_significant	13	1.53	
mitochondrial_kda_run_manifest_v1	secondary_Ast_GRM3_female_pool_AD_down_mito	secondary	Ast GRM3	Astrocytes	female_pool	F_e2;F_e33;F_e4	astrocytes::Ast GRM3::AD_vs_NCI__Female__e2;astrocytes::Ast GRM3::AD_vs_NCI__Female__e33;astrocytes::Ast GRM3::AD_vs_NCI__Female__e4	validated_complete;validated_complete;validated_complete	AD_down_mito	52	36	7133	6765	6348	eligible	completed_no_significant	0	1.15599999999998	
mitochondrial_kda_run_manifest_v1	secondary_Ast_GRM3_female_pool_AD_both_mito	secondary	Ast GRM3	Astrocytes	female_pool	F_e2;F_e33;F_e4	astrocytes::Ast GRM3::AD_vs_NCI__Female__e2;astrocytes::Ast GRM3::AD_vs_NCI__Female__e33;astrocytes::Ast GRM3::AD_vs_NCI__Female__e4	validated_complete;validated_complete;validated_complete	AD_both_mito	135	100	7133	6765	6348	eligible	completed_significant	9	2.46100000000001	
mitochondrial_kda_run_manifest_v1	secondary_Ast_GRM3_male_pool_AD_up_mito	secondary	Ast GRM3	Astrocytes	male_pool	M_e2;M_e33;M_e4	astrocytes::Ast GRM3::AD_vs_NCI__Male__e2;astrocytes::Ast GRM3::AD_vs_NCI__Male__e33;astrocytes::Ast GRM3::AD_vs_NCI__Male__e4	validated_complete;validated_complete;validated_complete	AD_up_mito	124	103	6443	6116	5743	eligible	completed_no_significant	0	2.01600000000002	
mitochondrial_kda_run_manifest_v1	secondary_Ast_GRM3_male_pool_AD_down_mito	secondary	Ast GRM3	Astrocytes	male_pool	M_e2;M_e33;M_e4	astrocytes::Ast GRM3::AD_vs_NCI__Male__e2;astrocytes::Ast GRM3::AD_vs_NCI__Male__e33;astrocytes::Ast GRM3::AD_vs_NCI__Male__e4	validated_complete;validated_complete;validated_complete	AD_down_mito	115	91	6443	6116	5743	eligible	completed_significant	22	1.29600000000002	
mitochondrial_kda_run_manifest_v1	secondary_Ast_GRM3_male_pool_AD_both_mito	secondary	Ast GRM3	Astrocytes	male_pool	M_e2;M_e33;M_e4	astrocytes::Ast GRM3::AD_vs_NCI__Male__e2;astrocytes::Ast GRM3::AD_vs_NCI__Male__e33;astrocytes::Ast GRM3::AD_vs_NCI__Male__e4	validated_complete;validated_complete;validated_complete	AD_both_mito	230	187	6443	6116	5743	eligible	completed_significant	16	2.673	
mitochondrial_kda_run_manifest_v1	secondary_Ast_GRM3_e2_pool_AD_up_mito	secondary	Ast GRM3	Astrocytes	e2_pool	F_e2;M_e2	astrocytes::Ast GRM3::AD_vs_NCI__Female__e2;astrocytes::Ast GRM3::AD_vs_NCI__Male__e2	validated_complete;validated_complete	AD_up_mito	172	134	6841	6436	6055	eligible	completed_significant	6	2.46299999999999	
mitochondrial_kda_run_manifest_v1	secondary_Ast_GRM3_e2_pool_AD_down_mito	secondary	Ast GRM3	Astrocytes	e2_pool	F_e2;M_e2	astrocytes::Ast GRM3::AD_vs_NCI__Female__e2;astrocytes::Ast GRM3::AD_vs_NCI__Male__e2	validated_complete;validated_complete	AD_down_mito	133	109	6841	6436	6055	eligible	completed_significant	23	1.922	
mitochondrial_kda_run_manifest_v1	secondary_Ast_GRM3_e2_pool_AD_both_mito	secondary	Ast GRM3	Astrocytes	e2_pool	F_e2;M_e2	astrocytes::Ast GRM3::AD_vs_NCI__Female__e2;astrocytes::Ast GRM3::AD_vs_NCI__Male__e2	validated_complete;validated_complete	AD_both_mito	272	215	6841	6436	6055	eligible	completed_significant	15	2.94399999999999	
mitochondrial_kda_run_manifest_v1	secondary_Ast_GRM3_e33_pool_AD_up_mito	secondary	Ast GRM3	Astrocytes	e33_pool	F_e33;M_e33	astrocytes::Ast GRM3::AD_vs_NCI__Female__e33;astrocytes::Ast GRM3::AD_vs_NCI__Male__e33	validated_complete;validated_complete	AD_up_mito	10	9	6745	6420	6010	eligible	completed_significant	4	0.526000000000011	
mitochondrial_kda_run_manifest_v1	secondary_Ast_GRM3_e33_pool_AD_down_mito	secondary	Ast GRM3	Astrocytes	e33_pool	F_e33;M_e33	astrocytes::Ast GRM3::AD_vs_NCI__Female__e33;astrocytes::Ast GRM3::AD_vs_NCI__Male__e33	validated_complete;validated_complete	AD_down_mito	5	4	6745	6420	6010	eligible	completed_significant	7	0.108000000000004	
mitochondrial_kda_run_manifest_v1	secondary_Ast_GRM3_e33_pool_AD_both_mito	secondary	Ast GRM3	Astrocytes	e33_pool	F_e33;M_e33	astrocytes::Ast GRM3::AD_vs_NCI__Female__e33;astrocytes::Ast GRM3::AD_vs_NCI__Male__e33	validated_complete;validated_complete	AD_both_mito	13	12	6745	6420	6010	eligible	completed_significant	4	0.578000000000003	
mitochondrial_kda_run_manifest_v1	secondary_Ast_GRM3_e4_pool_AD_up_mito	secondary	Ast GRM3	Astrocytes	e4_pool	F_e4;M_e4	astrocytes::Ast GRM3::AD_vs_NCI__Female__e4;astrocytes::Ast GRM3::AD_vs_NCI__Male__e4	validated_complete;validated_complete	AD_up_mito	33	27	6735	6420	6011	eligible	completed_no_significant	0	0.920999999999992	
mitochondrial_kda_run_manifest_v1	secondary_Ast_GRM3_e4_pool_AD_down_mito	secondary	Ast GRM3	Astrocytes	e4_pool	F_e4;M_e4	astrocytes::Ast GRM3::AD_vs_NCI__Female__e4;astrocytes::Ast GRM3::AD_vs_NCI__Male__e4	validated_complete;validated_complete	AD_down_mito	35	19	6735	6420	6011	eligible	completed_no_significant	0	0.613	
mitochondrial_kda_run_manifest_v1	secondary_Ast_GRM3_e4_pool_AD_both_mito	secondary	Ast GRM3	Astrocytes	e4_pool	F_e4;M_e4	astrocytes::Ast GRM3::AD_vs_NCI__Female__e4;astrocytes::Ast GRM3::AD_vs_NCI__Male__e4	validated_complete;validated_complete	AD_both_mito	68	46	6735	6420	6011	eligible	completed_no_significant	0	1.464	
mitochondrial_kda_run_manifest_v1	primary_CAMs_F_e2_AD_up_mito	primary	CAMs	CAMs	F_e2	F_e2	immune::CAMs::AD_vs_NCI__Female__e2	validated_complete	AD_up_mito	0	0	4213	192	224	effective_query_below_minimum	skipped_effective_query_below_minimum	0	0	
mitochondrial_kda_run_manifest_v1	primary_CAMs_F_e2_AD_down_mito	primary	CAMs	CAMs	F_e2	F_e2	immune::CAMs::AD_vs_NCI__Female__e2	validated_complete	AD_down_mito	0	0	4213	192	224	effective_query_below_minimum	skipped_effective_query_below_minimum	0	0	
mitochondrial_kda_run_manifest_v1	primary_CAMs_F_e2_AD_both_mito	primary	CAMs	CAMs	F_e2	F_e2	immune::CAMs::AD_vs_NCI__Female__e2	validated_complete	AD_both_mito	0	0	4213	192	224	effective_query_below_minimum	skipped_effective_query_below_minimum	0	0	
mitochondrial_kda_run_manifest_v1	primary_CAMs_F_e33_AD_up_mito	primary	CAMs	CAMs	F_e33	F_e33	immune::CAMs::AD_vs_NCI__Female__e33	validated_complete	AD_up_mito	0	0	4381	205	240	effective_query_below_minimum	skipped_effective_query_below_minimum	0	0	
mitochondrial_kda_run_manifest_v1	primary_CAMs_F_e33_AD_down_mito	primary	CAMs	CAMs	F_e33	F_e33	immune::CAMs::AD_vs_NCI__Female__e33	validated_complete	AD_down_mito	0	0	4381	205	240	effective_query_below_minimum	skipped_effective_query_below_minimum	0	0	
mitochondrial_kda_run_manifest_v1	primary_CAMs_F_e33_AD_both_mito	primary	CAMs	CAMs	F_e33	F_e33	immune::CAMs::AD_vs_NCI__Female__e33	validated_complete	AD_both_mito	0	0	4381	205	240	effective_query_below_minimum	skipped_effective_query_below_minimum	0	0	
mitochondrial_kda_run_manifest_v1	primary_CAMs_F_e4_AD_up_mito	primary	CAMs	CAMs	F_e4	F_e4	immune::CAMs::AD_vs_NCI__Female__e4	validated_complete	AD_up_mito	0	0	4232	196	228	effective_query_below_minimum	skipped_effective_query_below_minimum	0	0	
mitochondrial_kda_run_manifest_v1	primary_CAMs_F_e4_AD_down_mito	primary	CAMs	CAMs	F_e4	F_e4	immune::CAMs::AD_vs_NCI__Female__e4	validated_complete	AD_down_mito	0	0	4232	196	228	effective_query_below_minimum	skipped_effective_query_below_minimum	0	0	
mitochondrial_kda_run_manifest_v1	primary_CAMs_F_e4_AD_both_mito	primary	CAMs	CAMs	F_e4	F_e4	immune::CAMs::AD_vs_NCI__Female__e4	validated_complete	AD_both_mito	0	0	4232	196	228	effective_query_below_minimum	skipped_effective_query_below_minimum	0	0	
mitochondrial_kda_run_manifest_v1	primary_CAMs_M_e2_AD_up_mito	primary	CAMs	CAMs	M_e2	M_e2	immune::CAMs::AD_vs_NCI__Male__e2	not_estimable	AD_up_mito	0	0	0	0	0	source_contrast_not_validated	skipped_source_contrast_not_validated	0	0	
mitochondrial_kda_run_manifest_v1	primary_CAMs_M_e2_AD_down_mito	primary	CAMs	CAMs	M_e2	M_e2	immune::CAMs::AD_vs_NCI__Male__e2	not_estimable	AD_down_mito	0	0	0	0	0	source_contrast_not_validated	skipped_source_contrast_not_validated	0	0	
mitochondrial_kda_run_manifest_v1	primary_CAMs_M_e2_AD_both_mito	primary	CAMs	CAMs	M_e2	M_e2	immune::CAMs::AD_vs_NCI__Male__e2	not_estimable	AD_both_mito	0	0	0	0	0	source_contrast_not_validated	skipped_source_contrast_not_validated	0	0	
mitochondrial_kda_run_manifest_v1	primary_CAMs_M_e33_AD_up_mito	primary	CAMs	CAMs	M_e33	M_e33	immune::CAMs::AD_vs_NCI__Male__e33	validated_complete	AD_up_mito	0	0	4037	218	250	effective_query_below_minimum	skipped_effective_query_below_minimum	0	0	
mitochondrial_kda_run_manifest_v1	primary_CAMs_M_e33_AD_down_mito	primary	CAMs	CAMs	M_e33	M_e33	immune::CAMs::AD_vs_NCI__Male__e33	validated_complete	AD_down_mito	0	0	4037	218	250	effective_query_below_minimum	skipped_effective_query_below_minimum	0	0	
mitochondrial_kda_run_manifest_v1	primary_CAMs_M_e33_AD_both_mito	primary	CAMs	CAMs	M_e33	M_e33	immune::CAMs::AD_vs_NCI__Male__e33	validated_complete	AD_both_mito	0	0	4037	218	250	effective_query_below_minimum	skipped_effective_query_below_minimum	0	0	
mitochondrial_kda_run_manifest_v1	primary_CAMs_M_e4_AD_up_mito	primary	CAMs	CAMs	M_e4	M_e4	immune::CAMs::AD_vs_NCI__Male__e4	validated_complete	AD_up_mito	0	0	4492	229	267	effective_query_below_minimum	skipped_effective_query_below_minimum	0	0	
mitochondrial_kda_run_manifest_v1	primary_CAMs_M_e4_AD_down_mito	primary	CAMs	CAMs	M_e4	M_e4	immune::CAMs::AD_vs_NCI__Male__e4	validated_complete	AD_down_mito	0	0	4492	229	267	effective_query_below_minimum	skipped_effective_query_below_minimum	0	0	
mitochondrial_kda_run_manifest_v1	primary_CAMs_M_e4_AD_both_mito	primary	CAMs	CAMs	M_e4	M_e4	immune::CAMs::AD_vs_NCI__Male__e4	validated_complete	AD_both_mito	0	0	4492	229	267	effective_query_below_minimum	skipped_effective_query_below_minimum	0	0	
mitochondrial_kda_run_manifest_v1	secondary_CAMs_female_pool_AD_up_mito	secondary	CAMs	CAMs	female_pool	F_e2;F_e33;F_e4	immune::CAMs::AD_vs_NCI__Female__e2;immune::CAMs::AD_vs_NCI__Female__e33;immune::CAMs::AD_vs_NCI__Female__e4	validated_complete;validated_complete;validated_complete	AD_up_mito	0	0	3428	183	212	effective_query_below_minimum	skipped_effective_query_below_minimum	0	0	
mitochondrial_kda_run_manifest_v1	secondary_CAMs_female_pool_AD_down_mito	secondary	CAMs	CAMs	female_pool	F_e2;F_e33;F_e4	immune::CAMs::AD_vs_NCI__Female__e2;immune::CAMs::AD_vs_NCI__Female__e33;immune::CAMs::AD_vs_NCI__Female__e4	validated_complete;validated_complete;validated_complete	AD_down_mito	0	0	3428	183	212	effective_query_below_minimum	skipped_effective_query_below_minimum	0	0	
mitochondrial_kda_run_manifest_v1	secondary_CAMs_female_pool_AD_both_mito	secondary	CAMs	CAMs	female_pool	F_e2;F_e33;F_e4	immune::CAMs::AD_vs_NCI__Female__e2;immune::CAMs::AD_vs_NCI__Female__e33;immune::CAMs::AD_vs_NCI__Female__e4	validated_complete;validated_complete;validated_complete	AD_both_mito	0	0	3428	183	212	effective_query_below_minimum	skipped_effective_query_below_minimum	0	0	
mitochondrial_kda_run_manifest_v1	secondary_CAMs_male_pool_AD_up_mito	secondary	CAMs	CAMs	male_pool	M_e2;M_e33;M_e4	immune::CAMs::AD_vs_NCI__Male__e2;immune::CAMs::AD_vs_NCI__Male__e33;immune::CAMs::AD_vs_NCI__Male__e4	not_estimable;validated_complete;validated_complete	AD_up_mito	0	0	0	0	0	source_contrast_not_validated	skipped_source_contrast_not_validated	0	0	
mitochondrial_kda_run_manifest_v1	secondary_CAMs_male_pool_AD_down_mito	secondary	CAMs	CAMs	male_pool	M_e2;M_e33;M_e4	immune::CAMs::AD_vs_NCI__Male__e2;immune::CAMs::AD_vs_NCI__Male__e33;immune::CAMs::AD_vs_NCI__Male__e4	not_estimable;validated_complete;validated_complete	AD_down_mito	0	0	0	0	0	source_contrast_not_validated	skipped_source_contrast_not_validated	0	0	
mitochondrial_kda_run_manifest_v1	secondary_CAMs_male_pool_AD_both_mito	secondary	CAMs	CAMs	male_pool	M_e2;M_e33;M_e4	immune::CAMs::AD_vs_NCI__Male__e2;immune::CAMs::AD_vs_NCI__Male__e33;immune::CAMs::AD_vs_NCI__Male__e4	not_estimable;validated_complete;validated_complete	AD_both_mito	0	0	0	0	0	source_contrast_not_validated	skipped_source_contrast_not_validated	0	0	
mitochondrial_kda_run_manifest_v1	secondary_CAMs_e2_pool_AD_up_mito	secondary	CAMs	CAMs	e2_pool	F_e2;M_e2	immune::CAMs::AD_vs_NCI__Female__e2;immune::CAMs::AD_vs_NCI__Male__e2	validated_complete;not_estimable	AD_up_mito	0	0	0	0	0	source_contrast_not_validated	skipped_source_contrast_not_validated	0	0	
mitochondrial_kda_run_manifest_v1	secondary_CAMs_e2_pool_AD_down_mito	secondary	CAMs	CAMs	e2_pool	F_e2;M_e2	immune::CAMs::AD_vs_NCI__Female__e2;immune::CAMs::AD_vs_NCI__Male__e2	validated_complete;not_estimable	AD_down_mito	0	0	0	0	0	source_contrast_not_validated	skipped_source_contrast_not_validated	0	0	
mitochondrial_kda_run_manifest_v1	secondary_CAMs_e2_pool_AD_both_mito	secondary	CAMs	CAMs	e2_pool	F_e2;M_e2	immune::CAMs::AD_vs_NCI__Female__e2;immune::CAMs::AD_vs_NCI__Male__e2	validated_complete;not_estimable	AD_both_mito	0	0	0	0	0	source_contrast_not_validated	skipped_source_contrast_not_validated	0	0	
mitochondrial_kda_run_manifest_v1	secondary_CAMs_e33_pool_AD_up_mito	secondary	CAMs	CAMs	e33_pool	F_e33;M_e33	immune::CAMs::AD_vs_NCI__Female__e33;immune::CAMs::AD_vs_NCI__Male__e33	validated_complete;validated_complete	AD_up_mito	0	0	3754	196	227	effective_query_below_minimum	skipped_effective_query_below_minimum	0	0	
mitochondrial_kda_run_manifest_v1	secondary_CAMs_e33_pool_AD_down_mito	secondary	CAMs	CAMs	e33_pool	F_e33;M_e33	immune::CAMs::AD_vs_NCI__Female__e33;immune::CAMs::AD_vs_NCI__Male__e33	validated_complete;validated_complete	AD_down_mito	0	0	3754	196	227	effective_query_below_minimum	skipped_effective_query_below_minimum	0	0	
mitochondrial_kda_run_manifest_v1	secondary_CAMs_e33_pool_AD_both_mito	secondary	CAMs	CAMs	e33_pool	F_e33;M_e33	immune::CAMs::AD_vs_NCI__Female__e33;immune::CAMs::AD_vs_NCI__Male__e33	validated_complete;validated_complete	AD_both_mito	0	0	3754	196	227	effective_query_below_minimum	skipped_effective_query_below_minimum	0	0	
mitochondrial_kda_run_manifest_v1	secondary_CAMs_e4_pool_AD_up_mito	secondary	CAMs	CAMs	e4_pool	F_e4;M_e4	immune::CAMs::AD_vs_NCI__Female__e4;immune::CAMs::AD_vs_NCI__Male__e4	validated_complete;validated_complete	AD_up_mito	0	0	3793	195	227	effective_query_below_minimum	skipped_effective_query_below_minimum	0	0	
mitochondrial_kda_run_manifest_v1	secondary_CAMs_e4_pool_AD_down_mito	secondary	CAMs	CAMs	e4_pool	F_e4;M_e4	immune::CAMs::AD_vs_NCI__Female__e4;immune::CAMs::AD_vs_NCI__Male__e4	validated_complete;validated_complete	AD_down_mito	0	0	3793	195	227	effective_query_below_minimum	skipped_effective_query_below_minimum	0	0	
mitochondrial_kda_run_manifest_v1	secondary_CAMs_e4_pool_AD_both_mito	secondary	CAMs	CAMs	e4_pool	F_e4;M_e4	immune::CAMs::AD_vs_NCI__Female__e4;immune::CAMs::AD_vs_NCI__Male__e4	validated_complete;validated_complete	AD_both_mito	0	0	3793	195	227	effective_query_below_minimum	skipped_effective_query_below_minimum	0	0	
mitochondrial_kda_run_manifest_v1	primary_End_F_e2_AD_up_mito	primary	End	Vasculature_cells	F_e2	F_e2	vasculature::End::AD_vs_NCI__Female__e2	validated_complete	AD_up_mito	0	0	4981	3674	3719	effective_query_below_minimum	skipped_effective_query_below_minimum	0	0	
mitochondrial_kda_run_manifest_v1	primary_End_F_e2_AD_down_mito	primary	End	Vasculature_cells	F_e2	F_e2	vasculature::End::AD_vs_NCI__Female__e2	validated_complete	AD_down_mito	0	0	4981	3674	3719	effective_query_below_minimum	skipped_effective_query_below_minimum	0	0	
mitochondrial_kda_run_manifest_v1	primary_End_F_e2_AD_both_mito	primary	End	Vasculature_cells	F_e2	F_e2	vasculature::End::AD_vs_NCI__Female__e2	validated_complete	AD_both_mito	0	0	4981	3674	3719	effective_query_below_minimum	skipped_effective_query_below_minimum	0	0	
mitochondrial_kda_run_manifest_v1	primary_End_F_e33_AD_up_mito	primary	End	Vasculature_cells	F_e33	F_e33	vasculature::End::AD_vs_NCI__Female__e33	validated_complete	AD_up_mito	2	1	5185	3812	3862	effective_query_below_minimum	skipped_effective_query_below_minimum	0	0	
mitochondrial_kda_run_manifest_v1	primary_End_F_e33_AD_down_mito	primary	End	Vasculature_cells	F_e33	F_e33	vasculature::End::AD_vs_NCI__Female__e33	validated_complete	AD_down_mito	1	1	5185	3812	3862	effective_query_below_minimum	skipped_effective_query_below_minimum	0	0	
mitochondrial_kda_run_manifest_v1	primary_End_F_e33_AD_both_mito	primary	End	Vasculature_cells	F_e33	F_e33	vasculature::End::AD_vs_NCI__Female__e33	validated_complete	AD_both_mito	3	2	5185	3812	3862	effective_query_below_minimum	skipped_effective_query_below_minimum	0	0	
mitochondrial_kda_run_manifest_v1	primary_End_F_e4_AD_up_mito	primary	End	Vasculature_cells	F_e4	F_e4	vasculature::End::AD_vs_NCI__Female__e4	validated_complete	AD_up_mito	3	3	5929	3940	3995	eligible	completed_significant	4	0.021000000000015	
mitochondrial_kda_run_manifest_v1	primary_End_F_e4_AD_down_mito	primary	End	Vasculature_cells	F_e4	F_e4	vasculature::End::AD_vs_NCI__Female__e4	validated_complete	AD_down_mito	5	4	5929	3940	3995	eligible	completed_significant	5	0.0649999999999977	
mitochondrial_kda_run_manifest_v1	primary_End_F_e4_AD_both_mito	primary	End	Vasculature_cells	F_e4	F_e4	vasculature::End::AD_vs_NCI__Female__e4	validated_complete	AD_both_mito	8	7	5929	3940	3995	eligible	completed_significant	8	0.0759999999999934	
mitochondrial_kda_run_manifest_v1	primary_End_M_e2_AD_up_mito	primary	End	Vasculature_cells	M_e2	M_e2	vasculature::End::AD_vs_NCI__Male__e2	validated_complete	AD_up_mito	1	1	4924	3641	3686	effective_query_below_minimum	skipped_effective_query_below_minimum	0	0	
mitochondrial_kda_run_manifest_v1	primary_End_M_e2_AD_down_mito	primary	End	Vasculature_cells	M_e2	M_e2	vasculature::End::AD_vs_NCI__Male__e2	validated_complete	AD_down_mito	18	18	4924	3641	3686	eligible	completed_significant	6	0.14500000000001	
mitochondrial_kda_run_manifest_v1	primary_End_M_e2_AD_both_mito	primary	End	Vasculature_cells	M_e2	M_e2	vasculature::End::AD_vs_NCI__Male__e2	validated_complete	AD_both_mito	19	19	4924	3641	3686	eligible	completed_significant	6	0.176999999999993	
mitochondrial_kda_run_manifest_v1	primary_End_M_e33_AD_up_mito	primary	End	Vasculature_cells	M_e33	M_e33	vasculature::End::AD_vs_NCI__Male__e33	validated_complete	AD_up_mito	7	7	5089	3795	3838	eligible	completed_significant	6	0.0229999999999961	
mitochondrial_kda_run_manifest_v1	primary_End_M_e33_AD_down_mito	primary	End	Vasculature_cells	M_e33	M_e33	vasculature::End::AD_vs_NCI__Male__e33	validated_complete	AD_down_mito	2	2	5089	3795	3838	effective_query_below_minimum	skipped_effective_query_below_minimum	0	0	
mitochondrial_kda_run_manifest_v1	primary_End_M_e33_AD_both_mito	primary	End	Vasculature_cells	M_e33	M_e33	vasculature::End::AD_vs_NCI__Male__e33	validated_complete	AD_both_mito	9	9	5089	3795	3838	eligible	completed_significant	8	0.0519999999999925	
mitochondrial_kda_run_manifest_v1	primary_End_M_e4_AD_up_mito	primary	End	Vasculature_cells	M_e4	M_e4	vasculature::End::AD_vs_NCI__Male__e4	validated_complete	AD_up_mito	0	0	5540	3907	3951	effective_query_below_minimum	skipped_effective_query_below_minimum	0	0	
mitochondrial_kda_run_manifest_v1	primary_End_M_e4_AD_down_mito	primary	End	Vasculature_cells	M_e4	M_e4	vasculature::End::AD_vs_NCI__Male__e4	validated_complete	AD_down_mito	0	0	5540	3907	3951	effective_query_below_minimum	skipped_effective_query_below_minimum	0	0	
mitochondrial_kda_run_manifest_v1	primary_End_M_e4_AD_both_mito	primary	End	Vasculature_cells	M_e4	M_e4	vasculature::End::AD_vs_NCI__Male__e4	validated_complete	AD_both_mito	0	0	5540	3907	3951	effective_query_below_minimum	skipped_effective_query_below_minimum	0	0	
mitochondrial_kda_run_manifest_v1	secondary_End_female_pool_AD_up_mito	secondary	End	Vasculature_cells	female_pool	F_e2;F_e33;F_e4	vasculature::End::AD_vs_NCI__Female__e2;vasculature::End::AD_vs_NCI__Female__e33;vasculature::End::AD_vs_NCI__Female__e4	validated_complete;validated_complete;validated_complete	AD_up_mito	5	4	4596	3569	3611	eligible	completed_significant	7	0.0409999999999968	
mitochondrial_kda_run_manifest_v1	secondary_End_female_pool_AD_down_mito	secondary	End	Vasculature_cells	female_pool	F_e2;F_e33;F_e4	vasculature::End::AD_vs_NCI__Female__e2;vasculature::End::AD_vs_NCI__Female__e33;vasculature::End::AD_vs_NCI__Female__e4	validated_complete;validated_complete;validated_complete	AD_down_mito	6	4	4596	3569	3611	eligible	completed_significant	5	0.0579999999999927	
mitochondrial_kda_run_manifest_v1	secondary_End_female_pool_AD_both_mito	secondary	End	Vasculature_cells	female_pool	F_e2;F_e33;F_e4	vasculature::End::AD_vs_NCI__Female__e2;vasculature::End::AD_vs_NCI__Female__e33;vasculature::End::AD_vs_NCI__Female__e4	validated_complete;validated_complete;validated_complete	AD_both_mito	11	8	4596	3569	3611	eligible	completed_significant	10	0.0980000000000132	
mitochondrial_kda_run_manifest_v1	secondary_End_male_pool_AD_up_mito	secondary	End	Vasculature_cells	male_pool	M_e2;M_e33;M_e4	vasculature::End::AD_vs_NCI__Male__e2;vasculature::End::AD_vs_NCI__Male__e33;vasculature::End::AD_vs_NCI__Male__e4	validated_complete;validated_complete;validated_complete	AD_up_mito	8	8	4376	3468	3506	eligible	completed_significant	6	0.0649999999999977	
mitochondrial_kda_run_manifest_v1	secondary_End_male_pool_AD_down_mito	secondary	End	Vasculature_cells	male_pool	M_e2;M_e33;M_e4	vasculature::End::AD_vs_NCI__Male__e2;vasculature::End::AD_vs_NCI__Male__e33;vasculature::End::AD_vs_NCI__Male__e4	validated_complete;validated_complete;validated_complete	AD_down_mito	20	20	4376	3468	3506	eligible	completed_significant	6	0.146999999999991	
mitochondrial_kda_run_manifest_v1	secondary_End_male_pool_AD_both_mito	secondary	End	Vasculature_cells	male_pool	M_e2;M_e33;M_e4	vasculature::End::AD_vs_NCI__Male__e2;vasculature::End::AD_vs_NCI__Male__e33;vasculature::End::AD_vs_NCI__Male__e4	validated_complete;validated_complete;validated_complete	AD_both_mito	21	21	4376	3468	3506	eligible	completed_significant	6	0.189999999999998	
mitochondrial_kda_run_manifest_v1	secondary_End_e2_pool_AD_up_mito	secondary	End	Vasculature_cells	e2_pool	F_e2;M_e2	vasculature::End::AD_vs_NCI__Female__e2;vasculature::End::AD_vs_NCI__Male__e2	validated_complete;validated_complete	AD_up_mito	1	1	4306	3408	3444	effective_query_below_minimum	skipped_effective_query_below_minimum	0	0	
mitochondrial_kda_run_manifest_v1	secondary_End_e2_pool_AD_down_mito	secondary	End	Vasculature_cells	e2_pool	F_e2;M_e2	vasculature::End::AD_vs_NCI__Female__e2;vasculature::End::AD_vs_NCI__Male__e2	validated_complete;validated_complete	AD_down_mito	18	17	4306	3408	3444	eligible	completed_significant	7	0.129999999999995	
mitochondrial_kda_run_manifest_v1	secondary_End_e2_pool_AD_both_mito	secondary	End	Vasculature_cells	e2_pool	F_e2;M_e2	vasculature::End::AD_vs_NCI__Female__e2;vasculature::End::AD_vs_NCI__Male__e2	validated_complete;validated_complete	AD_both_mito	19	18	4306	3408	3444	eligible	completed_significant	6	0.161000000000001	
mitochondrial_kda_run_manifest_v1	secondary_End_e33_pool_AD_up_mito	secondary	End	Vasculature_cells	e33_pool	F_e33;M_e33	vasculature::End::AD_vs_NCI__Female__e33;vasculature::End::AD_vs_NCI__Male__e33	validated_complete;validated_complete	AD_up_mito	9	8	4870	3713	3753	eligible	completed_significant	8	0.0439999999999827	
mitochondrial_kda_run_manifest_v1	secondary_End_e33_pool_AD_down_mito	secondary	End	Vasculature_cells	e33_pool	F_e33;M_e33	vasculature::End::AD_vs_NCI__Female__e33;vasculature::End::AD_vs_NCI__Male__e33	validated_complete;validated_complete	AD_down_mito	3	3	4870	3713	3753	eligible	completed_significant	5	0.0490000000000066	
mitochondrial_kda_run_manifest_v1	secondary_End_e33_pool_AD_both_mito	secondary	End	Vasculature_cells	e33_pool	F_e33;M_e33	vasculature::End::AD_vs_NCI__Female__e33;vasculature::End::AD_vs_NCI__Male__e33	validated_complete;validated_complete	AD_both_mito	12	11	4870	3713	3753	eligible	completed_significant	9	0.0900000000000034	
mitochondrial_kda_run_manifest_v1	secondary_End_e4_pool_AD_up_mito	secondary	End	Vasculature_cells	e4_pool	F_e4;M_e4	vasculature::End::AD_vs_NCI__Female__e4;vasculature::End::AD_vs_NCI__Male__e4	validated_complete;validated_complete	AD_up_mito	3	3	5290	3826	3871	eligible	completed_significant	4	0.0199999999999818	
mitochondrial_kda_run_manifest_v1	secondary_End_e4_pool_AD_down_mito	secondary	End	Vasculature_cells	e4_pool	F_e4;M_e4	vasculature::End::AD_vs_NCI__Female__e4;vasculature::End::AD_vs_NCI__Male__e4	validated_complete;validated_complete	AD_down_mito	5	4	5290	3826	3871	eligible	completed_significant	5	0.0560000000000116	
mitochondrial_kda_run_manifest_v1	secondary_End_e4_pool_AD_both_mito	secondary	End	Vasculature_cells	e4_pool	F_e4;M_e4	vasculature::End::AD_vs_NCI__Female__e4;vasculature::End::AD_vs_NCI__Male__e4	validated_complete;validated_complete	AD_both_mito	8	7	5290	3826	3871	eligible	completed_significant	8	0.0749999999999886	
mitochondrial_kda_run_manifest_v1	primary_Exc_L2_3_CBLN2_LINC02306_F_e2_AD_up_mito	primary	Exc L2-3 CBLN2 LINC02306	Excitatory_neurons	F_e2	F_e2	excitatory_set1::Exc L2-3 CBLN2 LINC02306::AD_vs_NCI__Female__e2	validated_complete	AD_up_mito	42	38	10461	11435	8912	eligible	completed_significant	14	1.59700000000001	
mitochondrial_kda_run_manifest_v1	primary_Exc_L2_3_CBLN2_LINC02306_F_e2_AD_down_mito	primary	Exc L2-3 CBLN2 LINC02306	Excitatory_neurons	F_e2	F_e2	excitatory_set1::Exc L2-3 CBLN2 LINC02306::AD_vs_NCI__Female__e2	validated_complete	AD_down_mito	17	15	10461	11435	8912	eligible	completed_no_significant	0	1.06999999999999	
mitochondrial_kda_run_manifest_v1	primary_Exc_L2_3_CBLN2_LINC02306_F_e2_AD_both_mito	primary	Exc L2-3 CBLN2 LINC02306	Excitatory_neurons	F_e2	F_e2	excitatory_set1::Exc L2-3 CBLN2 LINC02306::AD_vs_NCI__Female__e2	validated_complete	AD_both_mito	59	53	10461	11435	8912	eligible	completed_significant	8	2.21899999999999	
mitochondrial_kda_run_manifest_v1	primary_Exc_L2_3_CBLN2_LINC02306_F_e33_AD_up_mito	primary	Exc L2-3 CBLN2 LINC02306	Excitatory_neurons	F_e33	F_e33	excitatory_set1::Exc L2-3 CBLN2 LINC02306::AD_vs_NCI__Female__e33	validated_complete	AD_up_mito	12	11	10579	11499	8971	eligible	completed_significant	12	0.216000000000008	
mitochondrial_kda_run_manifest_v1	primary_Exc_L2_3_CBLN2_LINC02306_F_e33_AD_down_mito	primary	Exc L2-3 CBLN2 LINC02306	Excitatory_neurons	F_e33	F_e33	excitatory_set1::Exc L2-3 CBLN2 LINC02306::AD_vs_NCI__Female__e33	validated_complete	AD_down_mito	5	4	10579	11499	8971	eligible	completed_significant	7	0.183000000000021	
mitochondrial_kda_run_manifest_v1	primary_Exc_L2_3_CBLN2_LINC02306_F_e33_AD_both_mito	primary	Exc L2-3 CBLN2 LINC02306	Excitatory_neurons	F_e33	F_e33	excitatory_set1::Exc L2-3 CBLN2 LINC02306::AD_vs_NCI__Female__e33	validated_complete	AD_both_mito	17	15	10579	11499	8971	eligible	completed_significant	11	0.380000000000024	
mitochondrial_kda_run_manifest_v1	primary_Exc_L2_3_CBLN2_LINC02306_F_e4_AD_up_mito	primary	Exc L2-3 CBLN2 LINC02306	Excitatory_neurons	F_e4	F_e4	excitatory_set1::Exc L2-3 CBLN2 LINC02306::AD_vs_NCI__Female__e4	validated_complete	AD_up_mito	38	34	10673	11626	9040	eligible	completed_significant	5	1.89600000000002	
mitochondrial_kda_run_manifest_v1	primary_Exc_L2_3_CBLN2_LINC02306_F_e4_AD_down_mito	primary	Exc L2-3 CBLN2 LINC02306	Excitatory_neurons	F_e4	F_e4	excitatory_set1::Exc L2-3 CBLN2 LINC02306::AD_vs_NCI__Female__e4	validated_complete	AD_down_mito	243	224	10673	11626	9040	eligible	completed_significant	55	5.82700000000003	
mitochondrial_kda_run_manifest_v1	primary_Exc_L2_3_CBLN2_LINC02306_F_e4_AD_both_mito	primary	Exc L2-3 CBLN2 LINC02306	Excitatory_neurons	F_e4	F_e4	excitatory_set1::Exc L2-3 CBLN2 LINC02306::AD_vs_NCI__Female__e4	validated_complete	AD_both_mito	281	258	10673	11626	9040	eligible	completed_significant	51	6.81100000000001	
mitochondrial_kda_run_manifest_v1	primary_Exc_L2_3_CBLN2_LINC02306_M_e2_AD_up_mito	primary	Exc L2-3 CBLN2 LINC02306	Excitatory_neurons	M_e2	M_e2	excitatory_set1::Exc L2-3 CBLN2 LINC02306::AD_vs_NCI__Male__e2	validated_complete	AD_up_mito	54	49	10839	11694	9111	eligible	completed_significant	4	2.75999999999999	
mitochondrial_kda_run_manifest_v1	primary_Exc_L2_3_CBLN2_LINC02306_M_e2_AD_down_mito	primary	Exc L2-3 CBLN2 LINC02306	Excitatory_neurons	M_e2	M_e2	excitatory_set1::Exc L2-3 CBLN2 LINC02306::AD_vs_NCI__Male__e2	validated_complete	AD_down_mito	172	161	10839	11694	9111	eligible	completed_significant	70	4.27699999999999	
mitochondrial_kda_run_manifest_v1	primary_Exc_L2_3_CBLN2_LINC02306_M_e2_AD_both_mito	primary	Exc L2-3 CBLN2 LINC02306	Excitatory_neurons	M_e2	M_e2	excitatory_set1::Exc L2-3 CBLN2 LINC02306::AD_vs_NCI__Male__e2	validated_complete	AD_both_mito	226	210	10839	11694	9111	eligible	completed_significant	54	6.20499999999998	
mitochondrial_kda_run_manifest_v1	primary_Exc_L2_3_CBLN2_LINC02306_M_e33_AD_up_mito	primary	Exc L2-3 CBLN2 LINC02306	Excitatory_neurons	M_e33	M_e33	excitatory_set1::Exc L2-3 CBLN2 LINC02306::AD_vs_NCI__Male__e33	validated_complete	AD_up_mito	1	0	10421	11291	8842	effective_query_below_minimum	skipped_effective_query_below_minimum	0	0	
mitochondrial_kda_run_manifest_v1	primary_Exc_L2_3_CBLN2_LINC02306_M_e33_AD_down_mito	primary	Exc L2-3 CBLN2 LINC02306	Excitatory_neurons	M_e33	M_e33	excitatory_set1::Exc L2-3 CBLN2 LINC02306::AD_vs_NCI__Male__e33	validated_complete	AD_down_mito	1	1	10421	11291	8842	effective_query_below_minimum	skipped_effective_query_below_minimum	0	0	
mitochondrial_kda_run_manifest_v1	primary_Exc_L2_3_CBLN2_LINC02306_M_e33_AD_both_mito	primary	Exc L2-3 CBLN2 LINC02306	Excitatory_neurons	M_e33	M_e33	excitatory_set1::Exc L2-3 CBLN2 LINC02306::AD_vs_NCI__Male__e33	validated_complete	AD_both_mito	2	1	10421	11291	8842	effective_query_below_minimum	skipped_effective_query_below_minimum	0	0	
mitochondrial_kda_run_manifest_v1	primary_Exc_L2_3_CBLN2_LINC02306_M_e4_AD_up_mito	primary	Exc L2-3 CBLN2 LINC02306	Excitatory_neurons	M_e4	M_e4	excitatory_set1::Exc L2-3 CBLN2 LINC02306::AD_vs_NCI__Male__e4	validated_complete	AD_up_mito	8	7	10318	11238	8794	eligible	completed_significant	11	0.324000000000012	
mitochondrial_kda_run_manifest_v1	primary_Exc_L2_3_CBLN2_LINC02306_M_e4_AD_down_mito	primary	Exc L2-3 CBLN2 LINC02306	Excitatory_neurons	M_e4	M_e4	excitatory_set1::Exc L2-3 CBLN2 LINC02306::AD_vs_NCI__Male__e4	validated_complete	AD_down_mito	13	10	10318	11238	8794	eligible	completed_no_significant	0	0.566000000000003	
mitochondrial_kda_run_manifest_v1	primary_Exc_L2_3_CBLN2_LINC02306_M_e4_AD_both_mito	primary	Exc L2-3 CBLN2 LINC02306	Excitatory_neurons	M_e4	M_e4	excitatory_set1::Exc L2-3 CBLN2 LINC02306::AD_vs_NCI__Male__e4	validated_complete	AD_both_mito	21	17	10318	11238	8794	eligible	completed_significant	3	0.88900000000001	
mitochondrial_kda_run_manifest_v1	secondary_Exc_L2_3_CBLN2_LINC02306_female_pool_AD_up_mito	secondary	Exc L2-3 CBLN2 LINC02306	Excitatory_neurons	female_pool	F_e2;F_e33;F_e4	excitatory_set1::Exc L2-3 CBLN2 LINC02306::AD_vs_NCI__Female__e2;excitatory_set1::Exc L2-3 CBLN2 LINC02306::AD_vs_NCI__Female__e33;excitatory_set1::Exc L2-3 CBLN2 LINC02306::AD_vs_NCI__Female__e4	validated_complete;validated_complete;validated_complete	AD_up_mito	83	72	10224	11203	8762	eligible	completed_significant	13	2.91600000000003	
mitochondrial_kda_run_manifest_v1	secondary_Exc_L2_3_CBLN2_LINC02306_female_pool_AD_down_mito	secondary	Exc L2-3 CBLN2 LINC02306	Excitatory_neurons	female_pool	F_e2;F_e33;F_e4	excitatory_set1::Exc L2-3 CBLN2 LINC02306::AD_vs_NCI__Female__e2;excitatory_set1::Exc L2-3 CBLN2 LINC02306::AD_vs_NCI__Female__e33;excitatory_set1::Exc L2-3 CBLN2 LINC02306::AD_vs_NCI__Female__e4	validated_complete;validated_complete;validated_complete	AD_down_mito	259	226	10224	11203	8762	eligible	completed_significant	44	5.74500000000001	
mitochondrial_kda_run_manifest_v1	secondary_Exc_L2_3_CBLN2_LINC02306_female_pool_AD_both_mito	secondary	Exc L2-3 CBLN2 LINC02306	Excitatory_neurons	female_pool	F_e2;F_e33;F_e4	excitatory_set1::Exc L2-3 CBLN2 LINC02306::AD_vs_NCI__Female__e2;excitatory_set1::Exc L2-3 CBLN2 LINC02306::AD_vs_NCI__Female__e33;excitatory_set1::Exc L2-3 CBLN2 LINC02306::AD_vs_NCI__Female__e4	validated_complete;validated_complete;validated_complete	AD_both_mito	311	271	10224	11203	8762	eligible	completed_significant	47	6.32999999999998	
mitochondrial_kda_run_manifest_v1	secondary_Exc_L2_3_CBLN2_LINC02306_male_pool_AD_up_mito	secondary	Exc L2-3 CBLN2 LINC02306	Excitatory_neurons	male_pool	M_e2;M_e33;M_e4	excitatory_set1::Exc L2-3 CBLN2 LINC02306::AD_vs_NCI__Male__e2;excitatory_set1::Exc L2-3 CBLN2 LINC02306::AD_vs_NCI__Male__e33;excitatory_set1::Exc L2-3 CBLN2 LINC02306::AD_vs_NCI__Male__e4	validated_complete;validated_complete;validated_complete	AD_up_mito	61	54	10204	11129	8725	eligible	completed_significant	5	2.76400000000001	
mitochondrial_kda_run_manifest_v1	secondary_Exc_L2_3_CBLN2_LINC02306_male_pool_AD_down_mito	secondary	Exc L2-3 CBLN2 LINC02306	Excitatory_neurons	male_pool	M_e2;M_e33;M_e4	excitatory_set1::Exc L2-3 CBLN2 LINC02306::AD_vs_NCI__Male__e2;excitatory_set1::Exc L2-3 CBLN2 LINC02306::AD_vs_NCI__Male__e33;excitatory_set1::Exc L2-3 CBLN2 LINC02306::AD_vs_NCI__Male__e4	validated_complete;validated_complete;validated_complete	AD_down_mito	186	159	10204	11129	8725	eligible	completed_significant	52	4.37100000000001	
mitochondrial_kda_run_manifest_v1	secondary_Exc_L2_3_CBLN2_LINC02306_male_pool_AD_both_mito	secondary	Exc L2-3 CBLN2 LINC02306	Excitatory_neurons	male_pool	M_e2;M_e33;M_e4	excitatory_set1::Exc L2-3 CBLN2 LINC02306::AD_vs_NCI__Male__e2;excitatory_set1::Exc L2-3 CBLN2 LINC02306::AD_vs_NCI__Male__e33;excitatory_set1::Exc L2-3 CBLN2 LINC02306::AD_vs_NCI__Male__e4	validated_complete;validated_complete;validated_complete	AD_both_mito	243	209	10204	11129	8725	eligible	completed_significant	43	5.62299999999999	
mitochondrial_kda_run_manifest_v1	secondary_Exc_L2_3_CBLN2_LINC02306_e2_pool_AD_up_mito	secondary	Exc L2-3 CBLN2 LINC02306	Excitatory_neurons	e2_pool	F_e2;M_e2	excitatory_set1::Exc L2-3 CBLN2 LINC02306::AD_vs_NCI__Female__e2;excitatory_set1::Exc L2-3 CBLN2 LINC02306::AD_vs_NCI__Male__e2	validated_complete;validated_complete	AD_up_mito	95	82	10353	11342	8852	eligible	completed_significant	6	3.577	
mitochondrial_kda_run_manifest_v1	secondary_Exc_L2_3_CBLN2_LINC02306_e2_pool_AD_down_mito	secondary	Exc L2-3 CBLN2 LINC02306	Excitatory_neurons	e2_pool	F_e2;M_e2	excitatory_set1::Exc L2-3 CBLN2 LINC02306::AD_vs_NCI__Female__e2;excitatory_set1::Exc L2-3 CBLN2 LINC02306::AD_vs_NCI__Male__e2	validated_complete;validated_complete	AD_down_mito	184	162	10353	11342	8852	eligible	completed_significant	62	4.38499999999999	
mitochondrial_kda_run_manifest_v1	secondary_Exc_L2_3_CBLN2_LINC02306_e2_pool_AD_both_mito	secondary	Exc L2-3 CBLN2 LINC02306	Excitatory_neurons	e2_pool	F_e2;M_e2	excitatory_set1::Exc L2-3 CBLN2 LINC02306::AD_vs_NCI__Female__e2;excitatory_set1::Exc L2-3 CBLN2 LINC02306::AD_vs_NCI__Male__e2	validated_complete;validated_complete	AD_both_mito	252	218	10353	11342	8852	eligible	completed_significant	51	5.79399999999998	
mitochondrial_kda_run_manifest_v1	secondary_Exc_L2_3_CBLN2_LINC02306_e33_pool_AD_up_mito	secondary	Exc L2-3 CBLN2 LINC02306	Excitatory_neurons	e33_pool	F_e33;M_e33	excitatory_set1::Exc L2-3 CBLN2 LINC02306::AD_vs_NCI__Female__e33;excitatory_set1::Exc L2-3 CBLN2 LINC02306::AD_vs_NCI__Male__e33	validated_complete;validated_complete	AD_up_mito	12	11	10357	11262	8822	eligible	completed_significant	12	0.218999999999994	
mitochondrial_kda_run_manifest_v1	secondary_Exc_L2_3_CBLN2_LINC02306_e33_pool_AD_down_mito	secondary	Exc L2-3 CBLN2 LINC02306	Excitatory_neurons	e33_pool	F_e33;M_e33	excitatory_set1::Exc L2-3 CBLN2 LINC02306::AD_vs_NCI__Female__e33;excitatory_set1::Exc L2-3 CBLN2 LINC02306::AD_vs_NCI__Male__e33	validated_complete;validated_complete	AD_down_mito	6	5	10357	11262	8822	eligible	completed_no_significant	0	0.305000000000007	
mitochondrial_kda_run_manifest_v1	secondary_Exc_L2_3_CBLN2_LINC02306_e33_pool_AD_both_mito	secondary	Exc L2-3 CBLN2 LINC02306	Excitatory_neurons	e33_pool	F_e33;M_e33	excitatory_set1::Exc L2-3 CBLN2 LINC02306::AD_vs_NCI__Female__e33;excitatory_set1::Exc L2-3 CBLN2 LINC02306::AD_vs_NCI__Male__e33	validated_complete;validated_complete	AD_both_mito	18	16	10357	11262	8822	eligible	completed_significant	8	0.939999999999998	
mitochondrial_kda_run_manifest_v1	secondary_Exc_L2_3_CBLN2_LINC02306_e4_pool_AD_up_mito	secondary	Exc L2-3 CBLN2 LINC02306	Excitatory_neurons	e4_pool	F_e4;M_e4	excitatory_set1::Exc L2-3 CBLN2 LINC02306::AD_vs_NCI__Female__e4;excitatory_set1::Exc L2-3 CBLN2 LINC02306::AD_vs_NCI__Male__e4	validated_complete;validated_complete	AD_up_mito	45	41	10192	11170	8737	eligible	completed_significant	8	2.685	
mitochondrial_kda_run_manifest_v1	secondary_Exc_L2_3_CBLN2_LINC02306_e4_pool_AD_down_mito	secondary	Exc L2-3 CBLN2 LINC02306	Excitatory_neurons	e4_pool	F_e4;M_e4	excitatory_set1::Exc L2-3 CBLN2 LINC02306::AD_vs_NCI__Female__e4;excitatory_set1::Exc L2-3 CBLN2 LINC02306::AD_vs_NCI__Male__e4	validated_complete;validated_complete	AD_down_mito	251	213	10192	11170	8737	eligible	completed_significant	41	5.55099999999999	
mitochondrial_kda_run_manifest_v1	secondary_Exc_L2_3_CBLN2_LINC02306_e4_pool_AD_both_mito	secondary	Exc L2-3 CBLN2 LINC02306	Excitatory_neurons	e4_pool	F_e4;M_e4	excitatory_set1::Exc L2-3 CBLN2 LINC02306::AD_vs_NCI__Female__e4;excitatory_set1::Exc L2-3 CBLN2 LINC02306::AD_vs_NCI__Male__e4	validated_complete;validated_complete	AD_both_mito	293	251	10192	11170	8737	eligible	completed_significant	40	6.26500000000002	
mitochondrial_kda_run_manifest_v1	primary_Exc_L3_4_RORB_CUX2_F_e2_AD_up_mito	primary	Exc L3-4 RORB CUX2	Excitatory_neurons	F_e2	F_e2	excitatory_set2::Exc L3-4 RORB CUX2::AD_vs_NCI__Female__e2	validated_complete	AD_up_mito	105	85	11863	12536	9688	eligible	completed_significant	39	3.49200000000002	
mitochondrial_kda_run_manifest_v1	primary_Exc_L3_4_RORB_CUX2_F_e2_AD_down_mito	primary	Exc L3-4 RORB CUX2	Excitatory_neurons	F_e2	F_e2	excitatory_set2::Exc L3-4 RORB CUX2::AD_vs_NCI__Female__e2	validated_complete	AD_down_mito	9	6	11863	12536	9688	eligible	completed_significant	13	0.313000000000045	
mitochondrial_kda_run_manifest_v1	primary_Exc_L3_4_RORB_CUX2_F_e2_AD_both_mito	primary	Exc L3-4 RORB CUX2	Excitatory_neurons	F_e2	F_e2	excitatory_set2::Exc L3-4 RORB CUX2::AD_vs_NCI__Female__e2	validated_complete	AD_both_mito	114	91	11863	12536	9688	eligible	completed_significant	37	3.46800000000002	
mitochondrial_kda_run_manifest_v1	primary_Exc_L3_4_RORB_CUX2_F_e33_AD_up_mito	primary	Exc L3-4 RORB CUX2	Excitatory_neurons	F_e33	F_e33	excitatory_set2::Exc L3-4 RORB CUX2::AD_vs_NCI__Female__e33	validated_complete	AD_up_mito	13	11	12069	12579	9730	eligible	completed_significant	10	0.238999999999976	
mitochondrial_kda_run_manifest_v1	primary_Exc_L3_4_RORB_CUX2_F_e33_AD_down_mito	primary	Exc L3-4 RORB CUX2	Excitatory_neurons	F_e33	F_e33	excitatory_set2::Exc L3-4 RORB CUX2::AD_vs_NCI__Female__e33	validated_complete	AD_down_mito	18	13	12069	12579	9730	eligible	completed_significant	7	0.868999999999971	
mitochondrial_kda_run_manifest_v1	primary_Exc_L3_4_RORB_CUX2_F_e33_AD_both_mito	primary	Exc L3-4 RORB CUX2	Excitatory_neurons	F_e33	F_e33	excitatory_set2::Exc L3-4 RORB CUX2::AD_vs_NCI__Female__e33	validated_complete	AD_both_mito	31	24	12069	12579	9730	eligible	completed_significant	14	1.10299999999995	
mitochondrial_kda_run_manifest_v1	primary_Exc_L3_4_RORB_CUX2_F_e4_AD_up_mito	primary	Exc L3-4 RORB CUX2	Excitatory_neurons	F_e4	F_e4	excitatory_set2::Exc L3-4 RORB CUX2::AD_vs_NCI__Female__e4	validated_complete	AD_up_mito	2	1	12364	12683	9809	effective_query_below_minimum	skipped_effective_query_below_minimum	0	0	
mitochondrial_kda_run_manifest_v1	primary_Exc_L3_4_RORB_CUX2_F_e4_AD_down_mito	primary	Exc L3-4 RORB CUX2	Excitatory_neurons	F_e4	F_e4	excitatory_set2::Exc L3-4 RORB CUX2::AD_vs_NCI__Female__e4	validated_complete	AD_down_mito	37	26	12364	12683	9809	eligible	completed_no_significant	0	2.42699999999996	
mitochondrial_kda_run_manifest_v1	primary_Exc_L3_4_RORB_CUX2_F_e4_AD_both_mito	primary	Exc L3-4 RORB CUX2	Excitatory_neurons	F_e4	F_e4	excitatory_set2::Exc L3-4 RORB CUX2::AD_vs_NCI__Female__e4	validated_complete	AD_both_mito	39	27	12364	12683	9809	eligible	completed_no_significant	0	2.64600000000002	
mitochondrial_kda_run_manifest_v1	primary_Exc_L3_4_RORB_CUX2_M_e2_AD_up_mito	primary	Exc L3-4 RORB CUX2	Excitatory_neurons	M_e2	M_e2	excitatory_set2::Exc L3-4 RORB CUX2::AD_vs_NCI__Male__e2	validated_complete	AD_up_mito	41	29	12109	12574	9722	eligible	completed_significant	3	2.09999999999997	
mitochondrial_kda_run_manifest_v1	primary_Exc_L3_4_RORB_CUX2_M_e2_AD_down_mito	primary	Exc L3-4 RORB CUX2	Excitatory_neurons	M_e2	M_e2	excitatory_set2::Exc L3-4 RORB CUX2::AD_vs_NCI__Male__e2	validated_complete	AD_down_mito	241	206	12109	12574	9722	eligible	completed_significant	81	5.20799999999997	
mitochondrial_kda_run_manifest_v1	primary_Exc_L3_4_RORB_CUX2_M_e2_AD_both_mito	primary	Exc L3-4 RORB CUX2	Excitatory_neurons	M_e2	M_e2	excitatory_set2::Exc L3-4 RORB CUX2::AD_vs_NCI__Male__e2	validated_complete	AD_both_mito	282	235	12109	12574	9722	eligible	completed_significant	68	6.654	
mitochondrial_kda_run_manifest_v1	primary_Exc_L3_4_RORB_CUX2_M_e33_AD_up_mito	primary	Exc L3-4 RORB CUX2	Excitatory_neurons	M_e33	M_e33	excitatory_set2::Exc L3-4 RORB CUX2::AD_vs_NCI__Male__e33	validated_complete	AD_up_mito	5	4	11776	12427	9618	eligible	completed_significant	4	0.0550000000000068	
mitochondrial_kda_run_manifest_v1	primary_Exc_L3_4_RORB_CUX2_M_e33_AD_down_mito	primary	Exc L3-4 RORB CUX2	Excitatory_neurons	M_e33	M_e33	excitatory_set2::Exc L3-4 RORB CUX2::AD_vs_NCI__Male__e33	validated_complete	AD_down_mito	1	1	11776	12427	9618	effective_query_below_minimum	skipped_effective_query_below_minimum	0	0	
mitochondrial_kda_run_manifest_v1	primary_Exc_L3_4_RORB_CUX2_M_e33_AD_both_mito	primary	Exc L3-4 RORB CUX2	Excitatory_neurons	M_e33	M_e33	excitatory_set2::Exc L3-4 RORB CUX2::AD_vs_NCI__Male__e33	validated_complete	AD_both_mito	6	5	11776	12427	9618	eligible	completed_significant	9	0.0840000000000032	
mitochondrial_kda_run_manifest_v1	primary_Exc_L3_4_RORB_CUX2_M_e4_AD_up_mito	primary	Exc L3-4 RORB CUX2	Excitatory_neurons	M_e4	M_e4	excitatory_set2::Exc L3-4 RORB CUX2::AD_vs_NCI__Male__e4	validated_complete	AD_up_mito	18	15	11786	12416	9614	eligible	completed_significant	4	0.941000000000031	
mitochondrial_kda_run_manifest_v1	primary_Exc_L3_4_RORB_CUX2_M_e4_AD_down_mito	primary	Exc L3-4 RORB CUX2	Excitatory_neurons	M_e4	M_e4	excitatory_set2::Exc L3-4 RORB CUX2::AD_vs_NCI__Male__e4	validated_complete	AD_down_mito	10	7	11786	12416	9614	eligible	completed_significant	16	0.394000000000005	
mitochondrial_kda_run_manifest_v1	primary_Exc_L3_4_RORB_CUX2_M_e4_AD_both_mito	primary	Exc L3-4 RORB CUX2	Excitatory_neurons	M_e4	M_e4	excitatory_set2::Exc L3-4 RORB CUX2::AD_vs_NCI__Male__e4	validated_complete	AD_both_mito	28	22	11786	12416	9614	eligible	completed_significant	5	1.31600000000003	
mitochondrial_kda_run_manifest_v1	secondary_Exc_L3_4_RORB_CUX2_female_pool_AD_up_mito	secondary	Exc L3-4 RORB CUX2	Excitatory_neurons	female_pool	F_e2;F_e33;F_e4	excitatory_set2::Exc L3-4 RORB CUX2::AD_vs_NCI__Female__e2;excitatory_set2::Exc L3-4 RORB CUX2::AD_vs_NCI__Female__e33;excitatory_set2::Exc L3-4 RORB CUX2::AD_vs_NCI__Female__e4	validated_complete;validated_complete;validated_complete	AD_up_mito	111	88	11711	12483	9651	eligible	completed_significant	40	3.20499999999998	
mitochondrial_kda_run_manifest_v1	secondary_Exc_L3_4_RORB_CUX2_female_pool_AD_down_mito	secondary	Exc L3-4 RORB CUX2	Excitatory_neurons	female_pool	F_e2;F_e33;F_e4	excitatory_set2::Exc L3-4 RORB CUX2::AD_vs_NCI__Female__e2;excitatory_set2::Exc L3-4 RORB CUX2::AD_vs_NCI__Female__e33;excitatory_set2::Exc L3-4 RORB CUX2::AD_vs_NCI__Female__e4	validated_complete;validated_complete;validated_complete	AD_down_mito	61	44	11711	12483	9651	eligible	completed_significant	3	3.202	
mitochondrial_kda_run_manifest_v1	secondary_Exc_L3_4_RORB_CUX2_female_pool_AD_both_mito	secondary	Exc L3-4 RORB CUX2	Excitatory_neurons	female_pool	F_e2;F_e33;F_e4	excitatory_set2::Exc L3-4 RORB CUX2::AD_vs_NCI__Female__e2;excitatory_set2::Exc L3-4 RORB CUX2::AD_vs_NCI__Female__e33;excitatory_set2::Exc L3-4 RORB CUX2::AD_vs_NCI__Female__e4	validated_complete;validated_complete;validated_complete	AD_both_mito	155	119	11711	12483	9651	eligible	completed_significant	34	4.72700000000003	
mitochondrial_kda_run_manifest_v1	secondary_Exc_L3_4_RORB_CUX2_male_pool_AD_up_mito	secondary	Exc L3-4 RORB CUX2	Excitatory_neurons	male_pool	M_e2;M_e33;M_e4	excitatory_set2::Exc L3-4 RORB CUX2::AD_vs_NCI__Male__e2;excitatory_set2::Exc L3-4 RORB CUX2::AD_vs_NCI__Male__e33;excitatory_set2::Exc L3-4 RORB CUX2::AD_vs_NCI__Male__e4	validated_complete;validated_complete;validated_complete	AD_up_mito	59	43	11621	12363	9576	eligible	completed_significant	3	2.91800000000001	
mitochondrial_kda_run_manifest_v1	secondary_Exc_L3_4_RORB_CUX2_male_pool_AD_down_mito	secondary	Exc L3-4 RORB CUX2	Excitatory_neurons	male_pool	M_e2;M_e33;M_e4	excitatory_set2::Exc L3-4 RORB CUX2::AD_vs_NCI__Male__e2;excitatory_set2::Exc L3-4 RORB CUX2::AD_vs_NCI__Male__e33;excitatory_set2::Exc L3-4 RORB CUX2::AD_vs_NCI__Male__e4	validated_complete;validated_complete;validated_complete	AD_down_mito	251	210	11621	12363	9576	eligible	completed_significant	82	5.33499999999998	
mitochondrial_kda_run_manifest_v1	secondary_Exc_L3_4_RORB_CUX2_male_pool_AD_both_mito	secondary	Exc L3-4 RORB CUX2	Excitatory_neurons	male_pool	M_e2;M_e33;M_e4	excitatory_set2::Exc L3-4 RORB CUX2::AD_vs_NCI__Male__e2;excitatory_set2::Exc L3-4 RORB CUX2::AD_vs_NCI__Male__e33;excitatory_set2::Exc L3-4 RORB CUX2::AD_vs_NCI__Male__e4	validated_complete;validated_complete;validated_complete	AD_both_mito	302	247	11621	12363	9576	eligible	completed_significant	72	6.685	
mitochondrial_kda_run_manifest_v1	secondary_Exc_L3_4_RORB_CUX2_e2_pool_AD_up_mito	secondary	Exc L3-4 RORB CUX2	Excitatory_neurons	e2_pool	F_e2;M_e2	excitatory_set2::Exc L3-4 RORB CUX2::AD_vs_NCI__Female__e2;excitatory_set2::Exc L3-4 RORB CUX2::AD_vs_NCI__Male__e2	validated_complete;validated_complete	AD_up_mito	145	113	11723	12487	9652	eligible	completed_significant	29	4.83800000000002	
mitochondrial_kda_run_manifest_v1	secondary_Exc_L3_4_RORB_CUX2_e2_pool_AD_down_mito	secondary	Exc L3-4 RORB CUX2	Excitatory_neurons	e2_pool	F_e2;M_e2	excitatory_set2::Exc L3-4 RORB CUX2::AD_vs_NCI__Female__e2;excitatory_set2::Exc L3-4 RORB CUX2::AD_vs_NCI__Male__e2	validated_complete;validated_complete	AD_down_mito	248	211	11723	12487	9652	eligible	completed_significant	82	5.565	
mitochondrial_kda_run_manifest_v1	secondary_Exc_L3_4_RORB_CUX2_e2_pool_AD_both_mito	secondary	Exc L3-4 RORB CUX2	Excitatory_neurons	e2_pool	F_e2;M_e2	excitatory_set2::Exc L3-4 RORB CUX2::AD_vs_NCI__Female__e2;excitatory_set2::Exc L3-4 RORB CUX2::AD_vs_NCI__Male__e2	validated_complete;validated_complete	AD_both_mito	313	256	11723	12487	9652	eligible	completed_significant	70	6.721	
mitochondrial_kda_run_manifest_v1	secondary_Exc_L3_4_RORB_CUX2_e33_pool_AD_up_mito	secondary	Exc L3-4 RORB CUX2	Excitatory_neurons	e33_pool	F_e33;M_e33	excitatory_set2::Exc L3-4 RORB CUX2::AD_vs_NCI__Female__e33;excitatory_set2::Exc L3-4 RORB CUX2::AD_vs_NCI__Male__e33	validated_complete;validated_complete	AD_up_mito	13	11	11741	12423	9615	eligible	completed_significant	12	0.236000000000047	
mitochondrial_kda_run_manifest_v1	secondary_Exc_L3_4_RORB_CUX2_e33_pool_AD_down_mito	secondary	Exc L3-4 RORB CUX2	Excitatory_neurons	e33_pool	F_e33;M_e33	excitatory_set2::Exc L3-4 RORB CUX2::AD_vs_NCI__Female__e33;excitatory_set2::Exc L3-4 RORB CUX2::AD_vs_NCI__Male__e33	validated_complete;validated_complete	AD_down_mito	19	14	11741	12423	9615	eligible	completed_significant	7	0.906000000000006	
mitochondrial_kda_run_manifest_v1	secondary_Exc_L3_4_RORB_CUX2_e33_pool_AD_both_mito	secondary	Exc L3-4 RORB CUX2	Excitatory_neurons	e33_pool	F_e33;M_e33	excitatory_set2::Exc L3-4 RORB CUX2::AD_vs_NCI__Female__e33;excitatory_set2::Exc L3-4 RORB CUX2::AD_vs_NCI__Male__e33	validated_complete;validated_complete	AD_both_mito	32	25	11741	12423	9615	eligible	completed_significant	14	1.14100000000002	
mitochondrial_kda_run_manifest_v1	secondary_Exc_L3_4_RORB_CUX2_e4_pool_AD_up_mito	secondary	Exc L3-4 RORB CUX2	Excitatory_neurons	e4_pool	F_e4;M_e4	excitatory_set2::Exc L3-4 RORB CUX2::AD_vs_NCI__Female__e4;excitatory_set2::Exc L3-4 RORB CUX2::AD_vs_NCI__Male__e4	validated_complete;validated_complete	AD_up_mito	20	16	11699	12406	9607	eligible	completed_significant	4	1.01499999999999	
mitochondrial_kda_run_manifest_v1	secondary_Exc_L3_4_RORB_CUX2_e4_pool_AD_down_mito	secondary	Exc L3-4 RORB CUX2	Excitatory_neurons	e4_pool	F_e4;M_e4	excitatory_set2::Exc L3-4 RORB CUX2::AD_vs_NCI__Female__e4;excitatory_set2::Exc L3-4 RORB CUX2::AD_vs_NCI__Male__e4	validated_complete;validated_complete	AD_down_mito	44	29	11699	12406	9607	eligible	completed_significant	1	2.50200000000001	
mitochondrial_kda_run_manifest_v1	secondary_Exc_L3_4_RORB_CUX2_e4_pool_AD_both_mito	secondary	Exc L3-4 RORB CUX2	Excitatory_neurons	e4_pool	F_e4;M_e4	excitatory_set2::Exc L3-4 RORB CUX2::AD_vs_NCI__Female__e4;excitatory_set2::Exc L3-4 RORB CUX2::AD_vs_NCI__Male__e4	validated_complete;validated_complete	AD_both_mito	61	42	11699	12406	9607	eligible	completed_significant	5	2.75099999999998	
mitochondrial_kda_run_manifest_v1	primary_Exc_L3_5_RORB_PLCH1_F_e2_AD_up_mito	primary	Exc L3-5 RORB PLCH1	Excitatory_neurons	F_e2	F_e2	excitatory_set2::Exc L3-5 RORB PLCH1::AD_vs_NCI__Female__e2	validated_complete	AD_up_mito	47	42	12269	12559	9717	eligible	completed_significant	22	1.95699999999999	
mitochondrial_kda_run_manifest_v1	primary_Exc_L3_5_RORB_PLCH1_F_e2_AD_down_mito	primary	Exc L3-5 RORB PLCH1	Excitatory_neurons	F_e2	F_e2	excitatory_set2::Exc L3-5 RORB PLCH1::AD_vs_NCI__Female__e2	validated_complete	AD_down_mito	2	2	12269	12559	9717	effective_query_below_minimum	skipped_effective_query_below_minimum	0	0	
mitochondrial_kda_run_manifest_v1	primary_Exc_L3_5_RORB_PLCH1_F_e2_AD_both_mito	primary	Exc L3-5 RORB PLCH1	Excitatory_neurons	F_e2	F_e2	excitatory_set2::Exc L3-5 RORB PLCH1::AD_vs_NCI__Female__e2	validated_complete	AD_both_mito	49	44	12269	12559	9717	eligible	completed_significant	16	2.22999999999996	
mitochondrial_kda_run_manifest_v1	primary_Exc_L3_5_RORB_PLCH1_F_e33_AD_up_mito	primary	Exc L3-5 RORB PLCH1	Excitatory_neurons	F_e33	F_e33	excitatory_set2::Exc L3-5 RORB PLCH1::AD_vs_NCI__Female__e33	validated_complete	AD_up_mito	31	28	11708	12337	9538	eligible	completed_significant	11	1.32900000000001	
mitochondrial_kda_run_manifest_v1	primary_Exc_L3_5_RORB_PLCH1_F_e33_AD_down_mito	primary	Exc L3-5 RORB PLCH1	Excitatory_neurons	F_e33	F_e33	excitatory_set2::Exc L3-5 RORB PLCH1::AD_vs_NCI__Female__e33	validated_complete	AD_down_mito	3	2	11708	12337	9538	effective_query_below_minimum	skipped_effective_query_below_minimum	0	0	
mitochondrial_kda_run_manifest_v1	primary_Exc_L3_5_RORB_PLCH1_F_e33_AD_both_mito	primary	Exc L3-5 RORB PLCH1	Excitatory_neurons	F_e33	F_e33	excitatory_set2::Exc L3-5 RORB PLCH1::AD_vs_NCI__Female__e33	validated_complete	AD_both_mito	34	30	11708	12337	9538	eligible	completed_significant	11	1.59399999999999	
mitochondrial_kda_run_manifest_v1	primary_Exc_L3_5_RORB_PLCH1_F_e4_AD_up_mito	primary	Exc L3-5 RORB PLCH1	Excitatory_neurons	F_e4	F_e4	excitatory_set2::Exc L3-5 RORB PLCH1::AD_vs_NCI__Female__e4	validated_complete	AD_up_mito	6	5	11822	12394	9580	eligible	completed_significant	15	0.278999999999996	
mitochondrial_kda_run_manifest_v1	primary_Exc_L3_5_RORB_PLCH1_F_e4_AD_down_mito	primary	Exc L3-5 RORB PLCH1	Excitatory_neurons	F_e4	F_e4	excitatory_set2::Exc L3-5 RORB PLCH1::AD_vs_NCI__Female__e4	validated_complete	AD_down_mito	49	40	11822	12394	9580	eligible	completed_significant	3	2.863	
mitochondrial_kda_run_manifest_v1	primary_Exc_L3_5_RORB_PLCH1_F_e4_AD_both_mito	primary	Exc L3-5 RORB PLCH1	Excitatory_neurons	F_e4	F_e4	excitatory_set2::Exc L3-5 RORB PLCH1::AD_vs_NCI__Female__e4	validated_complete	AD_both_mito	55	45	11822	12394	9580	eligible	completed_significant	3	2.81800000000004	
mitochondrial_kda_run_manifest_v1	primary_Exc_L3_5_RORB_PLCH1_M_e2_AD_up_mito	primary	Exc L3-5 RORB PLCH1	Excitatory_neurons	M_e2	M_e2	excitatory_set2::Exc L3-5 RORB PLCH1::AD_vs_NCI__Male__e2	validated_complete	AD_up_mito	71	61	11638	12196	9445	eligible	completed_significant	3	3.28399999999999	
mitochondrial_kda_run_manifest_v1	primary_Exc_L3_5_RORB_PLCH1_M_e2_AD_down_mito	primary	Exc L3-5 RORB PLCH1	Excitatory_neurons	M_e2	M_e2	excitatory_set2::Exc L3-5 RORB PLCH1::AD_vs_NCI__Male__e2	validated_complete	AD_down_mito	216	194	11638	12196	9445	eligible	completed_significant	66	5.19199999999995	
mitochondrial_kda_run_manifest_v1	primary_Exc_L3_5_RORB_PLCH1_M_e2_AD_both_mito	primary	Exc L3-5 RORB PLCH1	Excitatory_neurons	M_e2	M_e2	excitatory_set2::Exc L3-5 RORB PLCH1::AD_vs_NCI__Male__e2	validated_complete	AD_both_mito	287	255	11638	12196	9445	eligible	completed_significant	54	7.19800000000004	
mitochondrial_kda_run_manifest_v1	primary_Exc_L3_5_RORB_PLCH1_M_e33_AD_up_mito	primary	Exc L3-5 RORB PLCH1	Excitatory_neurons	M_e33	M_e33	excitatory_set2::Exc L3-5 RORB PLCH1::AD_vs_NCI__Male__e33	validated_complete	AD_up_mito	4	4	11213	11969	9293	eligible	completed_significant	11	0.173000000000002	
mitochondrial_kda_run_manifest_v1	primary_Exc_L3_5_RORB_PLCH1_M_e33_AD_down_mito	primary	Exc L3-5 RORB PLCH1	Excitatory_neurons	M_e33	M_e33	excitatory_set2::Exc L3-5 RORB PLCH1::AD_vs_NCI__Male__e33	validated_complete	AD_down_mito	11	9	11213	11969	9293	eligible	completed_no_significant	0	0.714999999999975	
mitochondrial_kda_run_manifest_v1	primary_Exc_L3_5_RORB_PLCH1_M_e33_AD_both_mito	primary	Exc L3-5 RORB PLCH1	Excitatory_neurons	M_e33	M_e33	excitatory_set2::Exc L3-5 RORB PLCH1::AD_vs_NCI__Male__e33	validated_complete	AD_both_mito	15	13	11213	11969	9293	eligible	completed_no_significant	0	0.899000000000001	
mitochondrial_kda_run_manifest_v1	primary_Exc_L3_5_RORB_PLCH1_M_e4_AD_up_mito	primary	Exc L3-5 RORB PLCH1	Excitatory_neurons	M_e4	M_e4	excitatory_set2::Exc L3-5 RORB PLCH1::AD_vs_NCI__Male__e4	validated_complete	AD_up_mito	39	35	11253	12071	9341	eligible	completed_significant	3	2.05500000000001	
mitochondrial_kda_run_manifest_v1	primary_Exc_L3_5_RORB_PLCH1_M_e4_AD_down_mito	primary	Exc L3-5 RORB PLCH1	Excitatory_neurons	M_e4	M_e4	excitatory_set2::Exc L3-5 RORB PLCH1::AD_vs_NCI__Male__e4	validated_complete	AD_down_mito	3	3	11253	12071	9341	eligible	completed_significant	3	0.283999999999992	
mitochondrial_kda_run_manifest_v1	primary_Exc_L3_5_RORB_PLCH1_M_e4_AD_both_mito	primary	Exc L3-5 RORB PLCH1	Excitatory_neurons	M_e4	M_e4	excitatory_set2::Exc L3-5 RORB PLCH1::AD_vs_NCI__Male__e4	validated_complete	AD_both_mito	42	38	11253	12071	9341	eligible	completed_significant	3	2.30500000000001	
mitochondrial_kda_run_manifest_v1	secondary_Exc_L3_5_RORB_PLCH1_female_pool_AD_up_mito	secondary	Exc L3-5 RORB PLCH1	Excitatory_neurons	female_pool	F_e2;F_e33;F_e4	excitatory_set2::Exc L3-5 RORB PLCH1::AD_vs_NCI__Female__e2;excitatory_set2::Exc L3-5 RORB PLCH1::AD_vs_NCI__Female__e33;excitatory_set2::Exc L3-5 RORB PLCH1::AD_vs_NCI__Female__e4	validated_complete;validated_complete;validated_complete	AD_up_mito	74	66	11551	12279	9497	eligible	completed_significant	26	2.78699999999998	
mitochondrial_kda_run_manifest_v1	secondary_Exc_L3_5_RORB_PLCH1_female_pool_AD_down_mito	secondary	Exc L3-5 RORB PLCH1	Excitatory_neurons	female_pool	F_e2;F_e33;F_e4	excitatory_set2::Exc L3-5 RORB PLCH1::AD_vs_NCI__Female__e2;excitatory_set2::Exc L3-5 RORB PLCH1::AD_vs_NCI__Female__e33;excitatory_set2::Exc L3-5 RORB PLCH1::AD_vs_NCI__Female__e4	validated_complete;validated_complete;validated_complete	AD_down_mito	52	43	11551	12279	9497	eligible	completed_significant	3	2.80099999999999	
mitochondrial_kda_run_manifest_v1	secondary_Exc_L3_5_RORB_PLCH1_female_pool_AD_both_mito	secondary	Exc L3-5 RORB PLCH1	Excitatory_neurons	female_pool	F_e2;F_e33;F_e4	excitatory_set2::Exc L3-5 RORB PLCH1::AD_vs_NCI__Female__e2;excitatory_set2::Exc L3-5 RORB PLCH1::AD_vs_NCI__Female__e33;excitatory_set2::Exc L3-5 RORB PLCH1::AD_vs_NCI__Female__e4	validated_complete;validated_complete;validated_complete	AD_both_mito	117	101	11551	12279	9497	eligible	completed_significant	17	4.32900000000001	
mitochondrial_kda_run_manifest_v1	secondary_Exc_L3_5_RORB_PLCH1_male_pool_AD_up_mito	secondary	Exc L3-5 RORB PLCH1	Excitatory_neurons	male_pool	M_e2;M_e33;M_e4	excitatory_set2::Exc L3-5 RORB PLCH1::AD_vs_NCI__Male__e2;excitatory_set2::Exc L3-5 RORB PLCH1::AD_vs_NCI__Male__e33;excitatory_set2::Exc L3-5 RORB PLCH1::AD_vs_NCI__Male__e4	validated_complete;validated_complete;validated_complete	AD_up_mito	108	92	11016	11841	9190	eligible	completed_significant	4	4.721	
mitochondrial_kda_run_manifest_v1	secondary_Exc_L3_5_RORB_PLCH1_male_pool_AD_down_mito	secondary	Exc L3-5 RORB PLCH1	Excitatory_neurons	male_pool	M_e2;M_e33;M_e4	excitatory_set2::Exc L3-5 RORB PLCH1::AD_vs_NCI__Male__e2;excitatory_set2::Exc L3-5 RORB PLCH1::AD_vs_NCI__Male__e33;excitatory_set2::Exc L3-5 RORB PLCH1::AD_vs_NCI__Male__e4	validated_complete;validated_complete;validated_complete	AD_down_mito	227	196	11016	11841	9190	eligible	completed_significant	63	5.16400000000004	
mitochondrial_kda_run_manifest_v1	secondary_Exc_L3_5_RORB_PLCH1_male_pool_AD_both_mito	secondary	Exc L3-5 RORB PLCH1	Excitatory_neurons	male_pool	M_e2;M_e33;M_e4	excitatory_set2::Exc L3-5 RORB PLCH1::AD_vs_NCI__Male__e2;excitatory_set2::Exc L3-5 RORB PLCH1::AD_vs_NCI__Male__e33;excitatory_set2::Exc L3-5 RORB PLCH1::AD_vs_NCI__Male__e4	validated_complete;validated_complete;validated_complete	AD_both_mito	310	265	11016	11841	9190	eligible	completed_significant	55	7.05000000000001	
mitochondrial_kda_run_manifest_v1	secondary_Exc_L3_5_RORB_PLCH1_e2_pool_AD_up_mito	secondary	Exc L3-5 RORB PLCH1	Excitatory_neurons	e2_pool	F_e2;M_e2	excitatory_set2::Exc L3-5 RORB PLCH1::AD_vs_NCI__Female__e2;excitatory_set2::Exc L3-5 RORB PLCH1::AD_vs_NCI__Male__e2	validated_complete;validated_complete	AD_up_mito	118	102	11537	12179	9432	eligible	completed_significant	11	4.62399999999997	
mitochondrial_kda_run_manifest_v1	secondary_Exc_L3_5_RORB_PLCH1_e2_pool_AD_down_mito	secondary	Exc L3-5 RORB PLCH1	Excitatory_neurons	e2_pool	F_e2;M_e2	excitatory_set2::Exc L3-5 RORB PLCH1::AD_vs_NCI__Female__e2;excitatory_set2::Exc L3-5 RORB PLCH1::AD_vs_NCI__Male__e2	validated_complete;validated_complete	AD_down_mito	218	196	11537	12179	9432	eligible	completed_significant	65	5.363	
mitochondrial_kda_run_manifest_v1	secondary_Exc_L3_5_RORB_PLCH1_e2_pool_AD_both_mito	secondary	Exc L3-5 RORB PLCH1	Excitatory_neurons	e2_pool	F_e2;M_e2	excitatory_set2::Exc L3-5 RORB PLCH1::AD_vs_NCI__Female__e2;excitatory_set2::Exc L3-5 RORB PLCH1::AD_vs_NCI__Male__e2	validated_complete;validated_complete	AD_both_mito	302	268	11537	12179	9432	eligible	completed_significant	55	7.27800000000002	
mitochondrial_kda_run_manifest_v1	secondary_Exc_L3_5_RORB_PLCH1_e33_pool_AD_up_mito	secondary	Exc L3-5 RORB PLCH1	Excitatory_neurons	e33_pool	F_e33;M_e33	excitatory_set2::Exc L3-5 RORB PLCH1::AD_vs_NCI__Female__e33;excitatory_set2::Exc L3-5 RORB PLCH1::AD_vs_NCI__Male__e33	validated_complete;validated_complete	AD_up_mito	34	29	11182	11964	9288	eligible	completed_significant	12	1.23400000000004	
mitochondrial_kda_run_manifest_v1	secondary_Exc_L3_5_RORB_PLCH1_e33_pool_AD_down_mito	secondary	Exc L3-5 RORB PLCH1	Excitatory_neurons	e33_pool	F_e33;M_e33	excitatory_set2::Exc L3-5 RORB PLCH1::AD_vs_NCI__Female__e33;excitatory_set2::Exc L3-5 RORB PLCH1::AD_vs_NCI__Male__e33	validated_complete;validated_complete	AD_down_mito	13	11	11182	11964	9288	eligible	completed_significant	7	0.935999999999979	
mitochondrial_kda_run_manifest_v1	secondary_Exc_L3_5_RORB_PLCH1_e33_pool_AD_both_mito	secondary	Exc L3-5 RORB PLCH1	Excitatory_neurons	e33_pool	F_e33;M_e33	excitatory_set2::Exc L3-5 RORB PLCH1::AD_vs_NCI__Female__e33;excitatory_set2::Exc L3-5 RORB PLCH1::AD_vs_NCI__Male__e33	validated_complete;validated_complete	AD_both_mito	47	40	11182	11964	9288	eligible	completed_significant	11	2.08499999999998	
mitochondrial_kda_run_manifest_v1	secondary_Exc_L3_5_RORB_PLCH1_e4_pool_AD_up_mito	secondary	Exc L3-5 RORB PLCH1	Excitatory_neurons	e4_pool	F_e4;M_e4	excitatory_set2::Exc L3-5 RORB PLCH1::AD_vs_NCI__Female__e4;excitatory_set2::Exc L3-5 RORB PLCH1::AD_vs_NCI__Male__e4	validated_complete;validated_complete	AD_up_mito	43	39	11197	12052	9325	eligible	completed_significant	3	2.23500000000001	
mitochondrial_kda_run_manifest_v1	secondary_Exc_L3_5_RORB_PLCH1_e4_pool_AD_down_mito	secondary	Exc L3-5 RORB PLCH1	Excitatory_neurons	e4_pool	F_e4;M_e4	excitatory_set2::Exc L3-5 RORB PLCH1::AD_vs_NCI__Female__e4;excitatory_set2::Exc L3-5 RORB PLCH1::AD_vs_NCI__Male__e4	validated_complete;validated_complete	AD_down_mito	51	42	11197	12052	9325	eligible	completed_significant	3	2.85300000000001	
mitochondrial_kda_run_manifest_v1	secondary_Exc_L3_5_RORB_PLCH1_e4_pool_AD_both_mito	secondary	Exc L3-5 RORB PLCH1	Excitatory_neurons	e4_pool	F_e4;M_e4	excitatory_set2::Exc L3-5 RORB PLCH1::AD_vs_NCI__Female__e4;excitatory_set2::Exc L3-5 RORB PLCH1::AD_vs_NCI__Male__e4	validated_complete;validated_complete	AD_both_mito	91	78	11197	12052	9325	eligible	completed_significant	3	4.01400000000001	
mitochondrial_kda_run_manifest_v1	primary_Exc_L4_5_RORB_GABRG1_F_e2_AD_up_mito	primary	Exc L4-5 RORB GABRG1	Excitatory_neurons	F_e2	F_e2	excitatory_set2::Exc L4-5 RORB GABRG1::AD_vs_NCI__Female__e2	validated_complete	AD_up_mito	29	28	11074	12046	9319	eligible	completed_significant	7	1.30400000000003	
mitochondrial_kda_run_manifest_v1	primary_Exc_L4_5_RORB_GABRG1_F_e2_AD_down_mito	primary	Exc L4-5 RORB GABRG1	Excitatory_neurons	F_e2	F_e2	excitatory_set2::Exc L4-5 RORB GABRG1::AD_vs_NCI__Female__e2	validated_complete	AD_down_mito	24	20	11074	12046	9319	eligible	completed_significant	5	0.988	
mitochondrial_kda_run_manifest_v1	primary_Exc_L4_5_RORB_GABRG1_F_e2_AD_both_mito	primary	Exc L4-5 RORB GABRG1	Excitatory_neurons	F_e2	F_e2	excitatory_set2::Exc L4-5 RORB GABRG1::AD_vs_NCI__Female__e2	validated_complete	AD_both_mito	53	48	11074	12046	9319	eligible	completed_significant	8	2.25399999999996	
mitochondrial_kda_run_manifest_v1	primary_Exc_L4_5_RORB_GABRG1_F_e33_AD_up_mito	primary	Exc L4-5 RORB GABRG1	Excitatory_neurons	F_e33	F_e33	excitatory_set2::Exc L4-5 RORB GABRG1::AD_vs_NCI__Female__e33	validated_complete	AD_up_mito	17	16	10991	11995	9276	eligible	completed_significant	8	0.682999999999993	
mitochondrial_kda_run_manifest_v1	primary_Exc_L4_5_RORB_GABRG1_F_e33_AD_down_mito	primary	Exc L4-5 RORB GABRG1	Excitatory_neurons	F_e33	F_e33	excitatory_set2::Exc L4-5 RORB GABRG1::AD_vs_NCI__Female__e33	validated_complete	AD_down_mito	5	2	10991	11995	9276	effective_query_below_minimum	skipped_effective_query_below_minimum	0	0	
mitochondrial_kda_run_manifest_v1	primary_Exc_L4_5_RORB_GABRG1_F_e33_AD_both_mito	primary	Exc L4-5 RORB GABRG1	Excitatory_neurons	F_e33	F_e33	excitatory_set2::Exc L4-5 RORB GABRG1::AD_vs_NCI__Female__e33	validated_complete	AD_both_mito	22	18	10991	11995	9276	eligible	completed_significant	8	0.815999999999974	
mitochondrial_kda_run_manifest_v1	primary_Exc_L4_5_RORB_GABRG1_F_e4_AD_up_mito	primary	Exc L4-5 RORB GABRG1	Excitatory_neurons	F_e4	F_e4	excitatory_set2::Exc L4-5 RORB GABRG1::AD_vs_NCI__Female__e4	validated_complete	AD_up_mito	3	1	10990	11949	9260	effective_query_below_minimum	skipped_effective_query_below_minimum	0	0	
mitochondrial_kda_run_manifest_v1	primary_Exc_L4_5_RORB_GABRG1_F_e4_AD_down_mito	primary	Exc L4-5 RORB GABRG1	Excitatory_neurons	F_e4	F_e4	excitatory_set2::Exc L4-5 RORB GABRG1::AD_vs_NCI__Female__e4	validated_complete	AD_down_mito	80	71	10990	11949	9260	eligible	completed_significant	2	3.53399999999999	
mitochondrial_kda_run_manifest_v1	primary_Exc_L4_5_RORB_GABRG1_F_e4_AD_both_mito	primary	Exc L4-5 RORB GABRG1	Excitatory_neurons	F_e4	F_e4	excitatory_set2::Exc L4-5 RORB GABRG1::AD_vs_NCI__Female__e4	validated_complete	AD_both_mito	83	72	10990	11949	9260	eligible	completed_significant	2	3.30500000000001	
mitochondrial_kda_run_manifest_v1	primary_Exc_L4_5_RORB_GABRG1_M_e2_AD_up_mito	primary	Exc L4-5 RORB GABRG1	Excitatory_neurons	M_e2	M_e2	excitatory_set2::Exc L4-5 RORB GABRG1::AD_vs_NCI__Male__e2	validated_complete	AD_up_mito	41	32	10774	11743	9109	eligible	completed_significant	3	1.75100000000003	
mitochondrial_kda_run_manifest_v1	primary_Exc_L4_5_RORB_GABRG1_M_e2_AD_down_mito	primary	Exc L4-5 RORB GABRG1	Excitatory_neurons	M_e2	M_e2	excitatory_set2::Exc L4-5 RORB GABRG1::AD_vs_NCI__Male__e2	validated_complete	AD_down_mito	204	184	10774	11743	9109	eligible	completed_significant	74	4.72000000000003	
mitochondrial_kda_run_manifest_v1	primary_Exc_L4_5_RORB_GABRG1_M_e2_AD_both_mito	primary	Exc L4-5 RORB GABRG1	Excitatory_neurons	M_e2	M_e2	excitatory_set2::Exc L4-5 RORB GABRG1::AD_vs_NCI__Male__e2	validated_complete	AD_both_mito	245	216	10774	11743	9109	eligible	completed_significant	69	5.82400000000001	
mitochondrial_kda_run_manifest_v1	primary_Exc_L4_5_RORB_GABRG1_M_e33_AD_up_mito	primary	Exc L4-5 RORB GABRG1	Excitatory_neurons	M_e33	M_e33	excitatory_set2::Exc L4-5 RORB GABRG1::AD_vs_NCI__Male__e33	validated_complete	AD_up_mito	1	1	10399	11404	8865	effective_query_below_minimum	skipped_effective_query_below_minimum	0	0	
mitochondrial_kda_run_manifest_v1	primary_Exc_L4_5_RORB_GABRG1_M_e33_AD_down_mito	primary	Exc L4-5 RORB GABRG1	Excitatory_neurons	M_e33	M_e33	excitatory_set2::Exc L4-5 RORB GABRG1::AD_vs_NCI__Male__e33	validated_complete	AD_down_mito	6	5	10399	11404	8865	eligible	completed_significant	6	0.257000000000005	
mitochondrial_kda_run_manifest_v1	primary_Exc_L4_5_RORB_GABRG1_M_e33_AD_both_mito	primary	Exc L4-5 RORB GABRG1	Excitatory_neurons	M_e33	M_e33	excitatory_set2::Exc L4-5 RORB GABRG1::AD_vs_NCI__Male__e33	validated_complete	AD_both_mito	7	6	10399	11404	8865	eligible	completed_significant	7	0.274000000000001	
mitochondrial_kda_run_manifest_v1	primary_Exc_L4_5_RORB_GABRG1_M_e4_AD_up_mito	primary	Exc L4-5 RORB GABRG1	Excitatory_neurons	M_e4	M_e4	excitatory_set2::Exc L4-5 RORB GABRG1::AD_vs_NCI__Male__e4	validated_complete	AD_up_mito	8	7	10459	11546	8955	eligible	completed_significant	7	0.328000000000031	
mitochondrial_kda_run_manifest_v1	primary_Exc_L4_5_RORB_GABRG1_M_e4_AD_down_mito	primary	Exc L4-5 RORB GABRG1	Excitatory_neurons	M_e4	M_e4	excitatory_set2::Exc L4-5 RORB GABRG1::AD_vs_NCI__Male__e4	validated_complete	AD_down_mito	13	11	10459	11546	8955	eligible	completed_significant	13	0.632999999999981	
mitochondrial_kda_run_manifest_v1	primary_Exc_L4_5_RORB_GABRG1_M_e4_AD_both_mito	primary	Exc L4-5 RORB GABRG1	Excitatory_neurons	M_e4	M_e4	excitatory_set2::Exc L4-5 RORB GABRG1::AD_vs_NCI__Male__e4	validated_complete	AD_both_mito	21	18	10459	11546	8955	eligible	completed_significant	3	0.944999999999993	
mitochondrial_kda_run_manifest_v1	secondary_Exc_L4_5_RORB_GABRG1_female_pool_AD_up_mito	secondary	Exc L4-5 RORB GABRG1	Excitatory_neurons	female_pool	F_e2;F_e33;F_e4	excitatory_set2::Exc L4-5 RORB GABRG1::AD_vs_NCI__Female__e2;excitatory_set2::Exc L4-5 RORB GABRG1::AD_vs_NCI__Female__e33;excitatory_set2::Exc L4-5 RORB GABRG1::AD_vs_NCI__Female__e4	validated_complete;validated_complete;validated_complete	AD_up_mito	38	33	10735	11788	9138	eligible	completed_significant	10	1.22500000000002	
mitochondrial_kda_run_manifest_v1	secondary_Exc_L4_5_RORB_GABRG1_female_pool_AD_down_mito	secondary	Exc L4-5 RORB GABRG1	Excitatory_neurons	female_pool	F_e2;F_e33;F_e4	excitatory_set2::Exc L4-5 RORB GABRG1::AD_vs_NCI__Female__e2;excitatory_set2::Exc L4-5 RORB GABRG1::AD_vs_NCI__Female__e33;excitatory_set2::Exc L4-5 RORB GABRG1::AD_vs_NCI__Female__e4	validated_complete;validated_complete;validated_complete	AD_down_mito	101	87	10735	11788	9138	eligible	completed_significant	10	3.72399999999999	
mitochondrial_kda_run_manifest_v1	secondary_Exc_L4_5_RORB_GABRG1_female_pool_AD_both_mito	secondary	Exc L4-5 RORB GABRG1	Excitatory_neurons	female_pool	F_e2;F_e33;F_e4	excitatory_set2::Exc L4-5 RORB GABRG1::AD_vs_NCI__Female__e2;excitatory_set2::Exc L4-5 RORB GABRG1::AD_vs_NCI__Female__e33;excitatory_set2::Exc L4-5 RORB GABRG1::AD_vs_NCI__Female__e4	validated_complete;validated_complete;validated_complete	AD_both_mito	133	115	10735	11788	9138	eligible	completed_significant	21	4.34799999999996	
mitochondrial_kda_run_manifest_v1	secondary_Exc_L4_5_RORB_GABRG1_male_pool_AD_up_mito	secondary	Exc L4-5 RORB GABRG1	Excitatory_neurons	male_pool	M_e2;M_e33;M_e4	excitatory_set2::Exc L4-5 RORB GABRG1::AD_vs_NCI__Male__e2;excitatory_set2::Exc L4-5 RORB GABRG1::AD_vs_NCI__Male__e33;excitatory_set2::Exc L4-5 RORB GABRG1::AD_vs_NCI__Male__e4	validated_complete;validated_complete;validated_complete	AD_up_mito	50	36	10217	11274	8770	eligible	completed_significant	3	1.80700000000002	
mitochondrial_kda_run_manifest_v1	secondary_Exc_L4_5_RORB_GABRG1_male_pool_AD_down_mito	secondary	Exc L4-5 RORB GABRG1	Excitatory_neurons	male_pool	M_e2;M_e33;M_e4	excitatory_set2::Exc L4-5 RORB GABRG1::AD_vs_NCI__Male__e2;excitatory_set2::Exc L4-5 RORB GABRG1::AD_vs_NCI__Male__e33;excitatory_set2::Exc L4-5 RORB GABRG1::AD_vs_NCI__Male__e4	validated_complete;validated_complete;validated_complete	AD_down_mito	218	182	10217	11274	8770	eligible	completed_significant	62	4.75200000000001	
mitochondrial_kda_run_manifest_v1	secondary_Exc_L4_5_RORB_GABRG1_male_pool_AD_both_mito	secondary	Exc L4-5 RORB GABRG1	Excitatory_neurons	male_pool	M_e2;M_e33;M_e4	excitatory_set2::Exc L4-5 RORB GABRG1::AD_vs_NCI__Male__e2;excitatory_set2::Exc L4-5 RORB GABRG1::AD_vs_NCI__Male__e33;excitatory_set2::Exc L4-5 RORB GABRG1::AD_vs_NCI__Male__e4	validated_complete;validated_complete;validated_complete	AD_both_mito	262	214	10217	11274	8770	eligible	completed_significant	50	5.61700000000002	
mitochondrial_kda_run_manifest_v1	secondary_Exc_L4_5_RORB_GABRG1_e2_pool_AD_up_mito	secondary	Exc L4-5 RORB GABRG1	Excitatory_neurons	e2_pool	F_e2;M_e2	excitatory_set2::Exc L4-5 RORB GABRG1::AD_vs_NCI__Female__e2;excitatory_set2::Exc L4-5 RORB GABRG1::AD_vs_NCI__Male__e2	validated_complete;validated_complete	AD_up_mito	69	58	10655	11698	9073	eligible	completed_significant	9	2.738	
mitochondrial_kda_run_manifest_v1	secondary_Exc_L4_5_RORB_GABRG1_e2_pool_AD_down_mito	secondary	Exc L4-5 RORB GABRG1	Excitatory_neurons	e2_pool	F_e2;M_e2	excitatory_set2::Exc L4-5 RORB GABRG1::AD_vs_NCI__Female__e2;excitatory_set2::Exc L4-5 RORB GABRG1::AD_vs_NCI__Male__e2	validated_complete;validated_complete	AD_down_mito	225	202	10655	11698	9073	eligible	completed_significant	79	4.993	
mitochondrial_kda_run_manifest_v1	secondary_Exc_L4_5_RORB_GABRG1_e2_pool_AD_both_mito	secondary	Exc L4-5 RORB GABRG1	Excitatory_neurons	e2_pool	F_e2;M_e2	excitatory_set2::Exc L4-5 RORB GABRG1::AD_vs_NCI__Female__e2;excitatory_set2::Exc L4-5 RORB GABRG1::AD_vs_NCI__Male__e2	validated_complete;validated_complete	AD_both_mito	277	245	10655	11698	9073	eligible	completed_significant	65	6.23899999999998	
mitochondrial_kda_run_manifest_v1	secondary_Exc_L4_5_RORB_GABRG1_e33_pool_AD_up_mito	secondary	Exc L4-5 RORB GABRG1	Excitatory_neurons	e33_pool	F_e33;M_e33	excitatory_set2::Exc L4-5 RORB GABRG1::AD_vs_NCI__Female__e33;excitatory_set2::Exc L4-5 RORB GABRG1::AD_vs_NCI__Male__e33	validated_complete;validated_complete	AD_up_mito	17	15	10377	11398	8859	eligible	completed_significant	8	0.567999999999984	
mitochondrial_kda_run_manifest_v1	secondary_Exc_L4_5_RORB_GABRG1_e33_pool_AD_down_mito	secondary	Exc L4-5 RORB GABRG1	Excitatory_neurons	e33_pool	F_e33;M_e33	excitatory_set2::Exc L4-5 RORB GABRG1::AD_vs_NCI__Female__e33;excitatory_set2::Exc L4-5 RORB GABRG1::AD_vs_NCI__Male__e33	validated_complete;validated_complete	AD_down_mito	9	6	10377	11398	8859	eligible	completed_significant	4	0.286000000000001	
mitochondrial_kda_run_manifest_v1	secondary_Exc_L4_5_RORB_GABRG1_e33_pool_AD_both_mito	secondary	Exc L4-5 RORB GABRG1	Excitatory_neurons	e33_pool	F_e33;M_e33	excitatory_set2::Exc L4-5 RORB GABRG1::AD_vs_NCI__Female__e33;excitatory_set2::Exc L4-5 RORB GABRG1::AD_vs_NCI__Male__e33	validated_complete;validated_complete	AD_both_mito	26	21	10377	11398	8859	eligible	completed_significant	9	0.819999999999993	
mitochondrial_kda_run_manifest_v1	secondary_Exc_L4_5_RORB_GABRG1_e4_pool_AD_up_mito	secondary	Exc L4-5 RORB GABRG1	Excitatory_neurons	e4_pool	F_e4;M_e4	excitatory_set2::Exc L4-5 RORB GABRG1::AD_vs_NCI__Female__e4;excitatory_set2::Exc L4-5 RORB GABRG1::AD_vs_NCI__Male__e4	validated_complete;validated_complete	AD_up_mito	11	6	10421	11521	8936	eligible	completed_significant	5	0.263999999999953	
mitochondrial_kda_run_manifest_v1	secondary_Exc_L4_5_RORB_GABRG1_e4_pool_AD_down_mito	secondary	Exc L4-5 RORB GABRG1	Excitatory_neurons	e4_pool	F_e4;M_e4	excitatory_set2::Exc L4-5 RORB GABRG1::AD_vs_NCI__Female__e4;excitatory_set2::Exc L4-5 RORB GABRG1::AD_vs_NCI__Male__e4	validated_complete;validated_complete	AD_down_mito	89	69	10421	11521	8936	eligible	completed_significant	4	3.125	
mitochondrial_kda_run_manifest_v1	secondary_Exc_L4_5_RORB_GABRG1_e4_pool_AD_both_mito	secondary	Exc L4-5 RORB GABRG1	Excitatory_neurons	e4_pool	F_e4;M_e4	excitatory_set2::Exc L4-5 RORB GABRG1::AD_vs_NCI__Female__e4;excitatory_set2::Exc L4-5 RORB GABRG1::AD_vs_NCI__Male__e4	validated_complete;validated_complete	AD_both_mito	99	74	10421	11521	8936	eligible	completed_significant	3	3.41899999999998	
mitochondrial_kda_run_manifest_v1	primary_Exc_L4_5_RORB_IL1RAPL2_F_e2_AD_up_mito	primary	Exc L4-5 RORB IL1RAPL2	Excitatory_neurons	F_e2	F_e2	excitatory_set2::Exc L4-5 RORB IL1RAPL2::AD_vs_NCI__Female__e2	validated_complete	AD_up_mito	118	99	11866	12533	9695	eligible	completed_significant	39	3.37099999999998	
mitochondrial_kda_run_manifest_v1	primary_Exc_L4_5_RORB_IL1RAPL2_F_e2_AD_down_mito	primary	Exc L4-5 RORB IL1RAPL2	Excitatory_neurons	F_e2	F_e2	excitatory_set2::Exc L4-5 RORB IL1RAPL2::AD_vs_NCI__Female__e2	validated_complete	AD_down_mito	6	5	11866	12533	9695	eligible	completed_significant	9	0.259000000000015	
mitochondrial_kda_run_manifest_v1	primary_Exc_L4_5_RORB_IL1RAPL2_F_e2_AD_both_mito	primary	Exc L4-5 RORB IL1RAPL2	Excitatory_neurons	F_e2	F_e2	excitatory_set2::Exc L4-5 RORB IL1RAPL2::AD_vs_NCI__Female__e2	validated_complete	AD_both_mito	124	104	11866	12533	9695	eligible	completed_significant	38	3.58199999999999	
mitochondrial_kda_run_manifest_v1	primary_Exc_L4_5_RORB_IL1RAPL2_F_e33_AD_up_mito	primary	Exc L4-5 RORB IL1RAPL2	Excitatory_neurons	F_e33	F_e33	excitatory_set2::Exc L4-5 RORB IL1RAPL2::AD_vs_NCI__Female__e33	validated_complete	AD_up_mito	13	12	11849	12534	9697	eligible	completed_significant	11	0.411999999999921	
mitochondrial_kda_run_manifest_v1	primary_Exc_L4_5_RORB_IL1RAPL2_F_e33_AD_down_mito	primary	Exc L4-5 RORB IL1RAPL2	Excitatory_neurons	F_e33	F_e33	excitatory_set2::Exc L4-5 RORB IL1RAPL2::AD_vs_NCI__Female__e33	validated_complete	AD_down_mito	6	2	11849	12534	9697	effective_query_below_minimum	skipped_effective_query_below_minimum	0	0	
mitochondrial_kda_run_manifest_v1	primary_Exc_L4_5_RORB_IL1RAPL2_F_e33_AD_both_mito	primary	Exc L4-5 RORB IL1RAPL2	Excitatory_neurons	F_e33	F_e33	excitatory_set2::Exc L4-5 RORB IL1RAPL2::AD_vs_NCI__Female__e33	validated_complete	AD_both_mito	19	14	11849	12534	9697	eligible	completed_significant	8	0.543999999999983	
mitochondrial_kda_run_manifest_v1	primary_Exc_L4_5_RORB_IL1RAPL2_F_e4_AD_up_mito	primary	Exc L4-5 RORB IL1RAPL2	Excitatory_neurons	F_e4	F_e4	excitatory_set2::Exc L4-5 RORB IL1RAPL2::AD_vs_NCI__Female__e4	validated_complete	AD_up_mito	1	0	11926	12563	9715	effective_query_below_minimum	skipped_effective_query_below_minimum	0	0	
mitochondrial_kda_run_manifest_v1	primary_Exc_L4_5_RORB_IL1RAPL2_F_e4_AD_down_mito	primary	Exc L4-5 RORB IL1RAPL2	Excitatory_neurons	F_e4	F_e4	excitatory_set2::Exc L4-5 RORB IL1RAPL2::AD_vs_NCI__Female__e4	validated_complete	AD_down_mito	122	99	11926	12563	9715	eligible	completed_significant	31	4.34199999999998	
mitochondrial_kda_run_manifest_v1	primary_Exc_L4_5_RORB_IL1RAPL2_F_e4_AD_both_mito	primary	Exc L4-5 RORB IL1RAPL2	Excitatory_neurons	F_e4	F_e4	excitatory_set2::Exc L4-5 RORB IL1RAPL2::AD_vs_NCI__Female__e4	validated_complete	AD_both_mito	123	99	11926	12563	9715	eligible	completed_significant	31	4.14299999999992	
mitochondrial_kda_run_manifest_v1	primary_Exc_L4_5_RORB_IL1RAPL2_M_e2_AD_up_mito	primary	Exc L4-5 RORB IL1RAPL2	Excitatory_neurons	M_e2	M_e2	excitatory_set2::Exc L4-5 RORB IL1RAPL2::AD_vs_NCI__Male__e2	validated_complete	AD_up_mito	46	41	11803	12479	9653	eligible	completed_significant	1	2.46900000000005	
mitochondrial_kda_run_manifest_v1	primary_Exc_L4_5_RORB_IL1RAPL2_M_e2_AD_down_mito	primary	Exc L4-5 RORB IL1RAPL2	Excitatory_neurons	M_e2	M_e2	excitatory_set2::Exc L4-5 RORB IL1RAPL2::AD_vs_NCI__Male__e2	validated_complete	AD_down_mito	129	112	11803	12479	9653	eligible	completed_significant	46	3.88499999999999	
mitochondrial_kda_run_manifest_v1	primary_Exc_L4_5_RORB_IL1RAPL2_M_e2_AD_both_mito	primary	Exc L4-5 RORB IL1RAPL2	Excitatory_neurons	M_e2	M_e2	excitatory_set2::Exc L4-5 RORB IL1RAPL2::AD_vs_NCI__Male__e2	validated_complete	AD_both_mito	175	153	11803	12479	9653	eligible	completed_significant	26	5.63	
mitochondrial_kda_run_manifest_v1	primary_Exc_L4_5_RORB_IL1RAPL2_M_e33_AD_up_mito	primary	Exc L4-5 RORB IL1RAPL2	Excitatory_neurons	M_e33	M_e33	excitatory_set2::Exc L4-5 RORB IL1RAPL2::AD_vs_NCI__Male__e33	validated_complete	AD_up_mito	3	3	11540	12353	9559	eligible	completed_significant	3	0.04200000000003	
mitochondrial_kda_run_manifest_v1	primary_Exc_L4_5_RORB_IL1RAPL2_M_e33_AD_down_mito	primary	Exc L4-5 RORB IL1RAPL2	Excitatory_neurons	M_e33	M_e33	excitatory_set2::Exc L4-5 RORB IL1RAPL2::AD_vs_NCI__Male__e33	validated_complete	AD_down_mito	2	2	11540	12353	9559	effective_query_below_minimum	skipped_effective_query_below_minimum	0	0	
mitochondrial_kda_run_manifest_v1	primary_Exc_L4_5_RORB_IL1RAPL2_M_e33_AD_both_mito	primary	Exc L4-5 RORB IL1RAPL2	Excitatory_neurons	M_e33	M_e33	excitatory_set2::Exc L4-5 RORB IL1RAPL2::AD_vs_NCI__Male__e33	validated_complete	AD_both_mito	5	5	11540	12353	9559	eligible	completed_significant	11	0.186000000000035	
mitochondrial_kda_run_manifest_v1	primary_Exc_L4_5_RORB_IL1RAPL2_M_e4_AD_up_mito	primary	Exc L4-5 RORB IL1RAPL2	Excitatory_neurons	M_e4	M_e4	excitatory_set2::Exc L4-5 RORB IL1RAPL2::AD_vs_NCI__Male__e4	validated_complete	AD_up_mito	24	19	11587	12423	9605	eligible	completed_significant	1	1.61099999999999	
mitochondrial_kda_run_manifest_v1	primary_Exc_L4_5_RORB_IL1RAPL2_M_e4_AD_down_mito	primary	Exc L4-5 RORB IL1RAPL2	Excitatory_neurons	M_e4	M_e4	excitatory_set2::Exc L4-5 RORB IL1RAPL2::AD_vs_NCI__Male__e4	validated_complete	AD_down_mito	10	8	11587	12423	9605	eligible	completed_significant	7	0.567000000000007	
mitochondrial_kda_run_manifest_v1	primary_Exc_L4_5_RORB_IL1RAPL2_M_e4_AD_both_mito	primary	Exc L4-5 RORB IL1RAPL2	Excitatory_neurons	M_e4	M_e4	excitatory_set2::Exc L4-5 RORB IL1RAPL2::AD_vs_NCI__Male__e4	validated_complete	AD_both_mito	34	27	11587	12423	9605	eligible	completed_significant	1	2.14800000000002	
mitochondrial_kda_run_manifest_v1	secondary_Exc_L4_5_RORB_IL1RAPL2_female_pool_AD_up_mito	secondary	Exc L4-5 RORB IL1RAPL2	Excitatory_neurons	female_pool	F_e2;F_e33;F_e4	excitatory_set2::Exc L4-5 RORB IL1RAPL2::AD_vs_NCI__Female__e2;excitatory_set2::Exc L4-5 RORB IL1RAPL2::AD_vs_NCI__Female__e33;excitatory_set2::Exc L4-5 RORB IL1RAPL2::AD_vs_NCI__Female__e4	validated_complete;validated_complete;validated_complete	AD_up_mito	122	100	11592	12451	9630	eligible	completed_significant	42	3.33300000000008	
mitochondrial_kda_run_manifest_v1	secondary_Exc_L4_5_RORB_IL1RAPL2_female_pool_AD_down_mito	secondary	Exc L4-5 RORB IL1RAPL2	Excitatory_neurons	female_pool	F_e2;F_e33;F_e4	excitatory_set2::Exc L4-5 RORB IL1RAPL2::AD_vs_NCI__Female__e2;excitatory_set2::Exc L4-5 RORB IL1RAPL2::AD_vs_NCI__Female__e33;excitatory_set2::Exc L4-5 RORB IL1RAPL2::AD_vs_NCI__Female__e4	validated_complete;validated_complete;validated_complete	AD_down_mito	130	103	11592	12451	9630	eligible	completed_significant	28	4.33600000000001	
mitochondrial_kda_run_manifest_v1	secondary_Exc_L4_5_RORB_IL1RAPL2_female_pool_AD_both_mito	secondary	Exc L4-5 RORB IL1RAPL2	Excitatory_neurons	female_pool	F_e2;F_e33;F_e4	excitatory_set2::Exc L4-5 RORB IL1RAPL2::AD_vs_NCI__Female__e2;excitatory_set2::Exc L4-5 RORB IL1RAPL2::AD_vs_NCI__Female__e33;excitatory_set2::Exc L4-5 RORB IL1RAPL2::AD_vs_NCI__Female__e4	validated_complete;validated_complete;validated_complete	AD_both_mito	203	161	11592	12451	9630	eligible	completed_significant	41	5.02699999999993	
mitochondrial_kda_run_manifest_v1	secondary_Exc_L4_5_RORB_IL1RAPL2_male_pool_AD_up_mito	secondary	Exc L4-5 RORB IL1RAPL2	Excitatory_neurons	male_pool	M_e2;M_e33;M_e4	excitatory_set2::Exc L4-5 RORB IL1RAPL2::AD_vs_NCI__Male__e2;excitatory_set2::Exc L4-5 RORB IL1RAPL2::AD_vs_NCI__Male__e33;excitatory_set2::Exc L4-5 RORB IL1RAPL2::AD_vs_NCI__Male__e4	validated_complete;validated_complete;validated_complete	AD_up_mito	70	57	11369	12292	9510	eligible	completed_significant	2	3.47300000000007	
mitochondrial_kda_run_manifest_v1	secondary_Exc_L4_5_RORB_IL1RAPL2_male_pool_AD_down_mito	secondary	Exc L4-5 RORB IL1RAPL2	Excitatory_neurons	male_pool	M_e2;M_e33;M_e4	excitatory_set2::Exc L4-5 RORB IL1RAPL2::AD_vs_NCI__Male__e2;excitatory_set2::Exc L4-5 RORB IL1RAPL2::AD_vs_NCI__Male__e33;excitatory_set2::Exc L4-5 RORB IL1RAPL2::AD_vs_NCI__Male__e4	validated_complete;validated_complete;validated_complete	AD_down_mito	139	121	11369	12292	9510	eligible	completed_significant	39	4.41800000000001	
mitochondrial_kda_run_manifest_v1	secondary_Exc_L4_5_RORB_IL1RAPL2_male_pool_AD_both_mito	secondary	Exc L4-5 RORB IL1RAPL2	Excitatory_neurons	male_pool	M_e2;M_e33;M_e4	excitatory_set2::Exc L4-5 RORB IL1RAPL2::AD_vs_NCI__Male__e2;excitatory_set2::Exc L4-5 RORB IL1RAPL2::AD_vs_NCI__Male__e33;excitatory_set2::Exc L4-5 RORB IL1RAPL2::AD_vs_NCI__Male__e4	validated_complete;validated_complete;validated_complete	AD_both_mito	199	169	11369	12292	9510	eligible	completed_significant	27	5.68799999999999	
mitochondrial_kda_run_manifest_v1	secondary_Exc_L4_5_RORB_IL1RAPL2_e2_pool_AD_up_mito	secondary	Exc L4-5 RORB IL1RAPL2	Excitatory_neurons	e2_pool	F_e2;M_e2	excitatory_set2::Exc L4-5 RORB IL1RAPL2::AD_vs_NCI__Female__e2;excitatory_set2::Exc L4-5 RORB IL1RAPL2::AD_vs_NCI__Male__e2	validated_complete;validated_complete	AD_up_mito	163	137	11595	12432	9615	eligible	completed_significant	32	5.26700000000005	
mitochondrial_kda_run_manifest_v1	secondary_Exc_L4_5_RORB_IL1RAPL2_e2_pool_AD_down_mito	secondary	Exc L4-5 RORB IL1RAPL2	Excitatory_neurons	e2_pool	F_e2;M_e2	excitatory_set2::Exc L4-5 RORB IL1RAPL2::AD_vs_NCI__Female__e2;excitatory_set2::Exc L4-5 RORB IL1RAPL2::AD_vs_NCI__Male__e2	validated_complete;validated_complete	AD_down_mito	135	117	11595	12432	9615	eligible	completed_significant	42	4.06799999999998	
mitochondrial_kda_run_manifest_v1	secondary_Exc_L4_5_RORB_IL1RAPL2_e2_pool_AD_both_mito	secondary	Exc L4-5 RORB IL1RAPL2	Excitatory_neurons	e2_pool	F_e2;M_e2	excitatory_set2::Exc L4-5 RORB IL1RAPL2::AD_vs_NCI__Female__e2;excitatory_set2::Exc L4-5 RORB IL1RAPL2::AD_vs_NCI__Male__e2	validated_complete;validated_complete	AD_both_mito	232	196	11595	12432	9615	eligible	completed_significant	38	6.11500000000001	
mitochondrial_kda_run_manifest_v1	secondary_Exc_L4_5_RORB_IL1RAPL2_e33_pool_AD_up_mito	secondary	Exc L4-5 RORB IL1RAPL2	Excitatory_neurons	e33_pool	F_e33;M_e33	excitatory_set2::Exc L4-5 RORB IL1RAPL2::AD_vs_NCI__Female__e33;excitatory_set2::Exc L4-5 RORB IL1RAPL2::AD_vs_NCI__Male__e33	validated_complete;validated_complete	AD_up_mito	14	13	11503	12350	9556	eligible	completed_significant	11	0.389999999999986	
mitochondrial_kda_run_manifest_v1	secondary_Exc_L4_5_RORB_IL1RAPL2_e33_pool_AD_down_mito	secondary	Exc L4-5 RORB IL1RAPL2	Excitatory_neurons	e33_pool	F_e33;M_e33	excitatory_set2::Exc L4-5 RORB IL1RAPL2::AD_vs_NCI__Female__e33;excitatory_set2::Exc L4-5 RORB IL1RAPL2::AD_vs_NCI__Male__e33	validated_complete;validated_complete	AD_down_mito	8	4	11503	12350	9556	eligible	completed_significant	4	0.296000000000049	
mitochondrial_kda_run_manifest_v1	secondary_Exc_L4_5_RORB_IL1RAPL2_e33_pool_AD_both_mito	secondary	Exc L4-5 RORB IL1RAPL2	Excitatory_neurons	e33_pool	F_e33;M_e33	excitatory_set2::Exc L4-5 RORB IL1RAPL2::AD_vs_NCI__Female__e33;excitatory_set2::Exc L4-5 RORB IL1RAPL2::AD_vs_NCI__Male__e33	validated_complete;validated_complete	AD_both_mito	22	17	11503	12350	9556	eligible	completed_significant	8	0.875	
mitochondrial_kda_run_manifest_v1	secondary_Exc_L4_5_RORB_IL1RAPL2_e4_pool_AD_up_mito	secondary	Exc L4-5 RORB IL1RAPL2	Excitatory_neurons	e4_pool	F_e4;M_e4	excitatory_set2::Exc L4-5 RORB IL1RAPL2::AD_vs_NCI__Female__e4;excitatory_set2::Exc L4-5 RORB IL1RAPL2::AD_vs_NCI__Male__e4	validated_complete;validated_complete	AD_up_mito	24	19	11521	12412	9596	eligible	completed_significant	1	1.61000000000001	
mitochondrial_kda_run_manifest_v1	secondary_Exc_L4_5_RORB_IL1RAPL2_e4_pool_AD_down_mito	secondary	Exc L4-5 RORB IL1RAPL2	Excitatory_neurons	e4_pool	F_e4;M_e4	excitatory_set2::Exc L4-5 RORB IL1RAPL2::AD_vs_NCI__Female__e4;excitatory_set2::Exc L4-5 RORB IL1RAPL2::AD_vs_NCI__Male__e4	validated_complete;validated_complete	AD_down_mito	127	102	11521	12412	9596	eligible	completed_significant	29	4.20699999999999	
mitochondrial_kda_run_manifest_v1	secondary_Exc_L4_5_RORB_IL1RAPL2_e4_pool_AD_both_mito	secondary	Exc L4-5 RORB IL1RAPL2	Excitatory_neurons	e4_pool	F_e4;M_e4	excitatory_set2::Exc L4-5 RORB IL1RAPL2::AD_vs_NCI__Female__e4;excitatory_set2::Exc L4-5 RORB IL1RAPL2::AD_vs_NCI__Male__e4	validated_complete;validated_complete	AD_both_mito	146	117	11521	12412	9596	eligible	completed_significant	25	4.76599999999996	
mitochondrial_kda_run_manifest_v1	primary_Exc_L5_ET_F_e2_AD_up_mito	primary	Exc L5 ET	Excitatory_neurons	F_e2	F_e2	excitatory_set3::Exc L5 ET::AD_vs_NCI__Female__e2	validated_complete	AD_up_mito	0	0	14163	12733	9850	effective_query_below_minimum	skipped_effective_query_below_minimum	0	0	
mitochondrial_kda_run_manifest_v1	primary_Exc_L5_ET_F_e2_AD_down_mito	primary	Exc L5 ET	Excitatory_neurons	F_e2	F_e2	excitatory_set3::Exc L5 ET::AD_vs_NCI__Female__e2	validated_complete	AD_down_mito	0	0	14163	12733	9850	effective_query_below_minimum	skipped_effective_query_below_minimum	0	0	
mitochondrial_kda_run_manifest_v1	primary_Exc_L5_ET_F_e2_AD_both_mito	primary	Exc L5 ET	Excitatory_neurons	F_e2	F_e2	excitatory_set3::Exc L5 ET::AD_vs_NCI__Female__e2	validated_complete	AD_both_mito	0	0	14163	12733	9850	effective_query_below_minimum	skipped_effective_query_below_minimum	0	0	
mitochondrial_kda_run_manifest_v1	primary_Exc_L5_ET_F_e33_AD_up_mito	primary	Exc L5 ET	Excitatory_neurons	F_e33	F_e33	excitatory_set3::Exc L5 ET::AD_vs_NCI__Female__e33	validated_complete	AD_up_mito	11	11	13161	12667	9805	eligible	completed_significant	13	0.317999999999984	
mitochondrial_kda_run_manifest_v1	primary_Exc_L5_ET_F_e33_AD_down_mito	primary	Exc L5 ET	Excitatory_neurons	F_e33	F_e33	excitatory_set3::Exc L5 ET::AD_vs_NCI__Female__e33	validated_complete	AD_down_mito	1	1	13161	12667	9805	effective_query_below_minimum	skipped_effective_query_below_minimum	0	0	
mitochondrial_kda_run_manifest_v1	primary_Exc_L5_ET_F_e33_AD_both_mito	primary	Exc L5 ET	Excitatory_neurons	F_e33	F_e33	excitatory_set3::Exc L5 ET::AD_vs_NCI__Female__e33	validated_complete	AD_both_mito	12	12	13161	12667	9805	eligible	completed_significant	12	0.356999999999971	
mitochondrial_kda_run_manifest_v1	primary_Exc_L5_ET_F_e4_AD_up_mito	primary	Exc L5 ET	Excitatory_neurons	F_e4	F_e4	excitatory_set3::Exc L5 ET::AD_vs_NCI__Female__e4	validated_complete	AD_up_mito	0	0	13649	12715	9846	effective_query_below_minimum	skipped_effective_query_below_minimum	0	0	
mitochondrial_kda_run_manifest_v1	primary_Exc_L5_ET_F_e4_AD_down_mito	primary	Exc L5 ET	Excitatory_neurons	F_e4	F_e4	excitatory_set3::Exc L5 ET::AD_vs_NCI__Female__e4	validated_complete	AD_down_mito	1	1	13649	12715	9846	effective_query_below_minimum	skipped_effective_query_below_minimum	0	0	
mitochondrial_kda_run_manifest_v1	primary_Exc_L5_ET_F_e4_AD_both_mito	primary	Exc L5 ET	Excitatory_neurons	F_e4	F_e4	excitatory_set3::Exc L5 ET::AD_vs_NCI__Female__e4	validated_complete	AD_both_mito	1	1	13649	12715	9846	effective_query_below_minimum	skipped_effective_query_below_minimum	0	0	
mitochondrial_kda_run_manifest_v1	primary_Exc_L5_ET_M_e2_AD_up_mito	primary	Exc L5 ET	Excitatory_neurons	M_e2	M_e2	excitatory_set3::Exc L5 ET::AD_vs_NCI__Male__e2	validated_complete	AD_up_mito	4	4	13647	12652	9788	eligible	completed_significant	10	0.229000000000042	
mitochondrial_kda_run_manifest_v1	primary_Exc_L5_ET_M_e2_AD_down_mito	primary	Exc L5 ET	Excitatory_neurons	M_e2	M_e2	excitatory_set3::Exc L5 ET::AD_vs_NCI__Male__e2	validated_complete	AD_down_mito	3	3	13647	12652	9788	eligible	completed_significant	5	0.254999999999995	
mitochondrial_kda_run_manifest_v1	primary_Exc_L5_ET_M_e2_AD_both_mito	primary	Exc L5 ET	Excitatory_neurons	M_e2	M_e2	excitatory_set3::Exc L5 ET::AD_vs_NCI__Male__e2	validated_complete	AD_both_mito	7	7	13647	12652	9788	eligible	completed_no_significant	0	0.461999999999989	
mitochondrial_kda_run_manifest_v1	primary_Exc_L5_ET_M_e33_AD_up_mito	primary	Exc L5 ET	Excitatory_neurons	M_e33	M_e33	excitatory_set3::Exc L5 ET::AD_vs_NCI__Male__e33	validated_complete	AD_up_mito	101	86	13042	12641	9784	eligible	completed_no_significant	0	4.31099999999992	
mitochondrial_kda_run_manifest_v1	primary_Exc_L5_ET_M_e33_AD_down_mito	primary	Exc L5 ET	Excitatory_neurons	M_e33	M_e33	excitatory_set3::Exc L5 ET::AD_vs_NCI__Male__e33	validated_complete	AD_down_mito	98	85	13042	12641	9784	eligible	completed_no_significant	0	4.57399999999996	
mitochondrial_kda_run_manifest_v1	primary_Exc_L5_ET_M_e33_AD_both_mito	primary	Exc L5 ET	Excitatory_neurons	M_e33	M_e33	excitatory_set3::Exc L5 ET::AD_vs_NCI__Male__e33	validated_complete	AD_both_mito	199	171	13042	12641	9784	eligible	completed_no_significant	0	6.65099999999995	
mitochondrial_kda_run_manifest_v1	primary_Exc_L5_ET_M_e4_AD_up_mito	primary	Exc L5 ET	Excitatory_neurons	M_e4	M_e4	excitatory_set3::Exc L5 ET::AD_vs_NCI__Male__e4	validated_complete	AD_up_mito	2	1	13633	12700	9831	effective_query_below_minimum	skipped_effective_query_below_minimum	0	0	
mitochondrial_kda_run_manifest_v1	primary_Exc_L5_ET_M_e4_AD_down_mito	primary	Exc L5 ET	Excitatory_neurons	M_e4	M_e4	excitatory_set3::Exc L5 ET::AD_vs_NCI__Male__e4	validated_complete	AD_down_mito	2	2	13633	12700	9831	effective_query_below_minimum	skipped_effective_query_below_minimum	0	0	
mitochondrial_kda_run_manifest_v1	primary_Exc_L5_ET_M_e4_AD_both_mito	primary	Exc L5 ET	Excitatory_neurons	M_e4	M_e4	excitatory_set3::Exc L5 ET::AD_vs_NCI__Male__e4	validated_complete	AD_both_mito	4	3	13633	12700	9831	eligible	completed_no_significant	0	0.328999999999951	
mitochondrial_kda_run_manifest_v1	secondary_Exc_L5_ET_female_pool_AD_up_mito	secondary	Exc L5 ET	Excitatory_neurons	female_pool	F_e2;F_e33;F_e4	excitatory_set3::Exc L5 ET::AD_vs_NCI__Female__e2;excitatory_set3::Exc L5 ET::AD_vs_NCI__Female__e33;excitatory_set3::Exc L5 ET::AD_vs_NCI__Female__e4	validated_complete;validated_complete;validated_complete	AD_up_mito	11	11	12828	12633	9777	eligible	completed_significant	13	0.308999999999969	
mitochondrial_kda_run_manifest_v1	secondary_Exc_L5_ET_female_pool_AD_down_mito	secondary	Exc L5 ET	Excitatory_neurons	female_pool	F_e2;F_e33;F_e4	excitatory_set3::Exc L5 ET::AD_vs_NCI__Female__e2;excitatory_set3::Exc L5 ET::AD_vs_NCI__Female__e33;excitatory_set3::Exc L5 ET::AD_vs_NCI__Female__e4	validated_complete;validated_complete;validated_complete	AD_down_mito	2	2	12828	12633	9777	effective_query_below_minimum	skipped_effective_query_below_minimum	0	0	
mitochondrial_kda_run_manifest_v1	secondary_Exc_L5_ET_female_pool_AD_both_mito	secondary	Exc L5 ET	Excitatory_neurons	female_pool	F_e2;F_e33;F_e4	excitatory_set3::Exc L5 ET::AD_vs_NCI__Female__e2;excitatory_set3::Exc L5 ET::AD_vs_NCI__Female__e33;excitatory_set3::Exc L5 ET::AD_vs_NCI__Female__e4	validated_complete;validated_complete;validated_complete	AD_both_mito	13	13	12828	12633	9777	eligible	completed_significant	12	0.392999999999915	
mitochondrial_kda_run_manifest_v1	secondary_Exc_L5_ET_male_pool_AD_up_mito	secondary	Exc L5 ET	Excitatory_neurons	male_pool	M_e2;M_e33;M_e4	excitatory_set3::Exc L5 ET::AD_vs_NCI__Male__e2;excitatory_set3::Exc L5 ET::AD_vs_NCI__Male__e33;excitatory_set3::Exc L5 ET::AD_vs_NCI__Male__e4	validated_complete;validated_complete;validated_complete	AD_up_mito	105	89	12654	12558	9716	eligible	completed_no_significant	0	4.22199999999998	
mitochondrial_kda_run_manifest_v1	secondary_Exc_L5_ET_male_pool_AD_down_mito	secondary	Exc L5 ET	Excitatory_neurons	male_pool	M_e2;M_e33;M_e4	excitatory_set3::Exc L5 ET::AD_vs_NCI__Male__e2;excitatory_set3::Exc L5 ET::AD_vs_NCI__Male__e33;excitatory_set3::Exc L5 ET::AD_vs_NCI__Male__e4	validated_complete;validated_complete;validated_complete	AD_down_mito	102	89	12654	12558	9716	eligible	completed_no_significant	0	4.87099999999998	
mitochondrial_kda_run_manifest_v1	secondary_Exc_L5_ET_male_pool_AD_both_mito	secondary	Exc L5 ET	Excitatory_neurons	male_pool	M_e2;M_e33;M_e4	excitatory_set3::Exc L5 ET::AD_vs_NCI__Male__e2;excitatory_set3::Exc L5 ET::AD_vs_NCI__Male__e33;excitatory_set3::Exc L5 ET::AD_vs_NCI__Male__e4	validated_complete;validated_complete;validated_complete	AD_both_mito	207	178	12654	12558	9716	eligible	completed_no_significant	0	6.81499999999994	
mitochondrial_kda_run_manifest_v1	secondary_Exc_L5_ET_e2_pool_AD_up_mito	secondary	Exc L5 ET	Excitatory_neurons	e2_pool	F_e2;M_e2	excitatory_set3::Exc L5 ET::AD_vs_NCI__Female__e2;excitatory_set3::Exc L5 ET::AD_vs_NCI__Male__e2	validated_complete;validated_complete	AD_up_mito	4	4	13115	12623	9763	eligible	completed_significant	10	0.22300000000007	
mitochondrial_kda_run_manifest_v1	secondary_Exc_L5_ET_e2_pool_AD_down_mito	secondary	Exc L5 ET	Excitatory_neurons	e2_pool	F_e2;M_e2	excitatory_set3::Exc L5 ET::AD_vs_NCI__Female__e2;excitatory_set3::Exc L5 ET::AD_vs_NCI__Male__e2	validated_complete;validated_complete	AD_down_mito	3	3	13115	12623	9763	eligible	completed_significant	5	0.255999999999972	
mitochondrial_kda_run_manifest_v1	secondary_Exc_L5_ET_e2_pool_AD_both_mito	secondary	Exc L5 ET	Excitatory_neurons	e2_pool	F_e2;M_e2	excitatory_set3::Exc L5 ET::AD_vs_NCI__Female__e2;excitatory_set3::Exc L5 ET::AD_vs_NCI__Male__e2	validated_complete;validated_complete	AD_both_mito	7	7	13115	12623	9763	eligible	completed_no_significant	0	0.466000000000008	
mitochondrial_kda_run_manifest_v1	secondary_Exc_L5_ET_e33_pool_AD_up_mito	secondary	Exc L5 ET	Excitatory_neurons	e33_pool	F_e33;M_e33	excitatory_set3::Exc L5 ET::AD_vs_NCI__Female__e33;excitatory_set3::Exc L5 ET::AD_vs_NCI__Male__e33	validated_complete;validated_complete	AD_up_mito	111	95	12815	12613	9762	eligible	completed_significant	7	4.32000000000005	
mitochondrial_kda_run_manifest_v1	secondary_Exc_L5_ET_e33_pool_AD_down_mito	secondary	Exc L5 ET	Excitatory_neurons	e33_pool	F_e33;M_e33	excitatory_set3::Exc L5 ET::AD_vs_NCI__Female__e33;excitatory_set3::Exc L5 ET::AD_vs_NCI__Male__e33	validated_complete;validated_complete	AD_down_mito	99	85	12815	12613	9762	eligible	completed_no_significant	0	4.71500000000003	
mitochondrial_kda_run_manifest_v1	secondary_Exc_L5_ET_e33_pool_AD_both_mito	secondary	Exc L5 ET	Excitatory_neurons	e33_pool	F_e33;M_e33	excitatory_set3::Exc L5 ET::AD_vs_NCI__Female__e33;excitatory_set3::Exc L5 ET::AD_vs_NCI__Male__e33	validated_complete;validated_complete	AD_both_mito	210	180	12815	12613	9762	eligible	completed_significant	3	6.60800000000006	
mitochondrial_kda_run_manifest_v1	secondary_Exc_L5_ET_e4_pool_AD_up_mito	secondary	Exc L5 ET	Excitatory_neurons	e4_pool	F_e4;M_e4	excitatory_set3::Exc L5 ET::AD_vs_NCI__Female__e4;excitatory_set3::Exc L5 ET::AD_vs_NCI__Male__e4	validated_complete;validated_complete	AD_up_mito	2	1	13130	12666	9806	effective_query_below_minimum	skipped_effective_query_below_minimum	0	0	
mitochondrial_kda_run_manifest_v1	secondary_Exc_L5_ET_e4_pool_AD_down_mito	secondary	Exc L5 ET	Excitatory_neurons	e4_pool	F_e4;M_e4	excitatory_set3::Exc L5 ET::AD_vs_NCI__Female__e4;excitatory_set3::Exc L5 ET::AD_vs_NCI__Male__e4	validated_complete;validated_complete	AD_down_mito	2	2	13130	12666	9806	effective_query_below_minimum	skipped_effective_query_below_minimum	0	0	
mitochondrial_kda_run_manifest_v1	secondary_Exc_L5_ET_e4_pool_AD_both_mito	secondary	Exc L5 ET	Excitatory_neurons	e4_pool	F_e4;M_e4	excitatory_set3::Exc L5 ET::AD_vs_NCI__Female__e4;excitatory_set3::Exc L5 ET::AD_vs_NCI__Male__e4	validated_complete;validated_complete	AD_both_mito	4	3	13130	12666	9806	eligible	completed_no_significant	0	0.34599999999989	
mitochondrial_kda_run_manifest_v1	primary_Exc_L5_6_RORB_LINC02196_F_e2_AD_up_mito	primary	Exc L5-6 RORB LINC02196	Excitatory_neurons	F_e2	F_e2	excitatory_set3::Exc L5-6 RORB LINC02196::AD_vs_NCI__Female__e2	validated_complete	AD_up_mito	66	59	12021	12512	9669	eligible	completed_significant	31	2.875	
mitochondrial_kda_run_manifest_v1	primary_Exc_L5_6_RORB_LINC02196_F_e2_AD_down_mito	primary	Exc L5-6 RORB LINC02196	Excitatory_neurons	F_e2	F_e2	excitatory_set3::Exc L5-6 RORB LINC02196::AD_vs_NCI__Female__e2	validated_complete	AD_down_mito	6	5	12021	12512	9669	eligible	completed_no_significant	0	0.351999999999975	
mitochondrial_kda_run_manifest_v1	primary_Exc_L5_6_RORB_LINC02196_F_e2_AD_both_mito	primary	Exc L5-6 RORB LINC02196	Excitatory_neurons	F_e2	F_e2	excitatory_set3::Exc L5-6 RORB LINC02196::AD_vs_NCI__Female__e2	validated_complete	AD_both_mito	72	64	12021	12512	9669	eligible	completed_significant	30	3.25900000000001	
mitochondrial_kda_run_manifest_v1	primary_Exc_L5_6_RORB_LINC02196_F_e33_AD_up_mito	primary	Exc L5-6 RORB LINC02196	Excitatory_neurons	F_e33	F_e33	excitatory_set3::Exc L5-6 RORB LINC02196::AD_vs_NCI__Female__e33	validated_complete	AD_up_mito	23	20	11853	12482	9655	eligible	completed_significant	10	0.765999999999963	
mitochondrial_kda_run_manifest_v1	primary_Exc_L5_6_RORB_LINC02196_F_e33_AD_down_mito	primary	Exc L5-6 RORB LINC02196	Excitatory_neurons	F_e33	F_e33	excitatory_set3::Exc L5-6 RORB LINC02196::AD_vs_NCI__Female__e33	validated_complete	AD_down_mito	5	4	11853	12482	9655	eligible	completed_no_significant	0	0.411000000000058	
mitochondrial_kda_run_manifest_v1	primary_Exc_L5_6_RORB_LINC02196_F_e33_AD_both_mito	primary	Exc L5-6 RORB LINC02196	Excitatory_neurons	F_e33	F_e33	excitatory_set3::Exc L5-6 RORB LINC02196::AD_vs_NCI__Female__e33	validated_complete	AD_both_mito	28	24	11853	12482	9655	eligible	completed_significant	9	1.18299999999999	
mitochondrial_kda_run_manifest_v1	primary_Exc_L5_6_RORB_LINC02196_F_e4_AD_up_mito	primary	Exc L5-6 RORB LINC02196	Excitatory_neurons	F_e4	F_e4	excitatory_set3::Exc L5-6 RORB LINC02196::AD_vs_NCI__Female__e4	validated_complete	AD_up_mito	6	4	12181	12581	9724	eligible	completed_significant	23	0.302999999999997	
mitochondrial_kda_run_manifest_v1	primary_Exc_L5_6_RORB_LINC02196_F_e4_AD_down_mito	primary	Exc L5-6 RORB LINC02196	Excitatory_neurons	F_e4	F_e4	excitatory_set3::Exc L5-6 RORB LINC02196::AD_vs_NCI__Female__e4	validated_complete	AD_down_mito	35	27	12181	12581	9724	eligible	completed_no_significant	0	1.88599999999997	
mitochondrial_kda_run_manifest_v1	primary_Exc_L5_6_RORB_LINC02196_F_e4_AD_both_mito	primary	Exc L5-6 RORB LINC02196	Excitatory_neurons	F_e4	F_e4	excitatory_set3::Exc L5-6 RORB LINC02196::AD_vs_NCI__Female__e4	validated_complete	AD_both_mito	41	31	12181	12581	9724	eligible	completed_no_significant	0	2.08200000000011	
mitochondrial_kda_run_manifest_v1	primary_Exc_L5_6_RORB_LINC02196_M_e2_AD_up_mito	primary	Exc L5-6 RORB LINC02196	Excitatory_neurons	M_e2	M_e2	excitatory_set3::Exc L5-6 RORB LINC02196::AD_vs_NCI__Male__e2	validated_complete	AD_up_mito	3	2	11679	12342	9552	effective_query_below_minimum	skipped_effective_query_below_minimum	0	0	
mitochondrial_kda_run_manifest_v1	primary_Exc_L5_6_RORB_LINC02196_M_e2_AD_down_mito	primary	Exc L5-6 RORB LINC02196	Excitatory_neurons	M_e2	M_e2	excitatory_set3::Exc L5-6 RORB LINC02196::AD_vs_NCI__Male__e2	validated_complete	AD_down_mito	43	38	11679	12342	9552	eligible	completed_significant	14	2.12599999999998	
mitochondrial_kda_run_manifest_v1	primary_Exc_L5_6_RORB_LINC02196_M_e2_AD_both_mito	primary	Exc L5-6 RORB LINC02196	Excitatory_neurons	M_e2	M_e2	excitatory_set3::Exc L5-6 RORB LINC02196::AD_vs_NCI__Male__e2	validated_complete	AD_both_mito	46	40	11679	12342	9552	eligible	completed_significant	14	2.37400000000002	
mitochondrial_kda_run_manifest_v1	primary_Exc_L5_6_RORB_LINC02196_M_e33_AD_up_mito	primary	Exc L5-6 RORB LINC02196	Excitatory_neurons	M_e33	M_e33	excitatory_set3::Exc L5-6 RORB LINC02196::AD_vs_NCI__Male__e33	validated_complete	AD_up_mito	16	14	11504	12284	9510	eligible	completed_significant	13	0.571000000000026	
mitochondrial_kda_run_manifest_v1	primary_Exc_L5_6_RORB_LINC02196_M_e33_AD_down_mito	primary	Exc L5-6 RORB LINC02196	Excitatory_neurons	M_e33	M_e33	excitatory_set3::Exc L5-6 RORB LINC02196::AD_vs_NCI__Male__e33	validated_complete	AD_down_mito	4	4	11504	12284	9510	eligible	completed_significant	1	0.343000000000075	
mitochondrial_kda_run_manifest_v1	primary_Exc_L5_6_RORB_LINC02196_M_e33_AD_both_mito	primary	Exc L5-6 RORB LINC02196	Excitatory_neurons	M_e33	M_e33	excitatory_set3::Exc L5-6 RORB LINC02196::AD_vs_NCI__Male__e33	validated_complete	AD_both_mito	20	18	11504	12284	9510	eligible	completed_significant	7	0.925000000000068	
mitochondrial_kda_run_manifest_v1	primary_Exc_L5_6_RORB_LINC02196_M_e4_AD_up_mito	primary	Exc L5-6 RORB LINC02196	Excitatory_neurons	M_e4	M_e4	excitatory_set3::Exc L5-6 RORB LINC02196::AD_vs_NCI__Male__e4	validated_complete	AD_up_mito	30	27	11599	12342	9543	eligible	completed_significant	11	1.76200000000006	
mitochondrial_kda_run_manifest_v1	primary_Exc_L5_6_RORB_LINC02196_M_e4_AD_down_mito	primary	Exc L5-6 RORB LINC02196	Excitatory_neurons	M_e4	M_e4	excitatory_set3::Exc L5-6 RORB LINC02196::AD_vs_NCI__Male__e4	validated_complete	AD_down_mito	25	21	11599	12342	9543	eligible	completed_significant	4	1.50400000000002	
mitochondrial_kda_run_manifest_v1	primary_Exc_L5_6_RORB_LINC02196_M_e4_AD_both_mito	primary	Exc L5-6 RORB LINC02196	Excitatory_neurons	M_e4	M_e4	excitatory_set3::Exc L5-6 RORB LINC02196::AD_vs_NCI__Male__e4	validated_complete	AD_both_mito	55	48	11599	12342	9543	eligible	completed_significant	4	3.06900000000007	
mitochondrial_kda_run_manifest_v1	secondary_Exc_L5_6_RORB_LINC02196_female_pool_AD_up_mito	secondary	Exc L5-6 RORB LINC02196	Excitatory_neurons	female_pool	F_e2;F_e33;F_e4	excitatory_set3::Exc L5-6 RORB LINC02196::AD_vs_NCI__Female__e2;excitatory_set3::Exc L5-6 RORB LINC02196::AD_vs_NCI__Female__e33;excitatory_set3::Exc L5-6 RORB LINC02196::AD_vs_NCI__Female__e4	validated_complete;validated_complete;validated_complete	AD_up_mito	88	76	11620	12384	9570	eligible	completed_significant	33	3.16700000000003	
mitochondrial_kda_run_manifest_v1	secondary_Exc_L5_6_RORB_LINC02196_female_pool_AD_down_mito	secondary	Exc L5-6 RORB LINC02196	Excitatory_neurons	female_pool	F_e2;F_e33;F_e4	excitatory_set3::Exc L5-6 RORB LINC02196::AD_vs_NCI__Female__e2;excitatory_set3::Exc L5-6 RORB LINC02196::AD_vs_NCI__Female__e33;excitatory_set3::Exc L5-6 RORB LINC02196::AD_vs_NCI__Female__e4	validated_complete;validated_complete;validated_complete	AD_down_mito	44	34	11620	12384	9570	eligible	completed_no_significant	0	2.50599999999997	
mitochondrial_kda_run_manifest_v1	secondary_Exc_L5_6_RORB_LINC02196_female_pool_AD_both_mito	secondary	Exc L5-6 RORB LINC02196	Excitatory_neurons	female_pool	F_e2;F_e33;F_e4	excitatory_set3::Exc L5-6 RORB LINC02196::AD_vs_NCI__Female__e2;excitatory_set3::Exc L5-6 RORB LINC02196::AD_vs_NCI__Female__e33;excitatory_set3::Exc L5-6 RORB LINC02196::AD_vs_NCI__Female__e4	validated_complete;validated_complete;validated_complete	AD_both_mito	132	110	11620	12384	9570	eligible	completed_significant	25	4.51300000000003	
mitochondrial_kda_run_manifest_v1	secondary_Exc_L5_6_RORB_LINC02196_male_pool_AD_up_mito	secondary	Exc L5-6 RORB LINC02196	Excitatory_neurons	male_pool	M_e2;M_e33;M_e4	excitatory_set3::Exc L5-6 RORB LINC02196::AD_vs_NCI__Male__e2;excitatory_set3::Exc L5-6 RORB LINC02196::AD_vs_NCI__Male__e33;excitatory_set3::Exc L5-6 RORB LINC02196::AD_vs_NCI__Male__e4	validated_complete;validated_complete;validated_complete	AD_up_mito	42	36	11245	12142	9401	eligible	completed_significant	13	2.09299999999996	
mitochondrial_kda_run_manifest_v1	secondary_Exc_L5_6_RORB_LINC02196_male_pool_AD_down_mito	secondary	Exc L5-6 RORB LINC02196	Excitatory_neurons	male_pool	M_e2;M_e33;M_e4	excitatory_set3::Exc L5-6 RORB LINC02196::AD_vs_NCI__Male__e2;excitatory_set3::Exc L5-6 RORB LINC02196::AD_vs_NCI__Male__e33;excitatory_set3::Exc L5-6 RORB LINC02196::AD_vs_NCI__Male__e4	validated_complete;validated_complete;validated_complete	AD_down_mito	72	63	11245	12142	9401	eligible	completed_significant	13	3.29500000000007	
mitochondrial_kda_run_manifest_v1	secondary_Exc_L5_6_RORB_LINC02196_male_pool_AD_both_mito	secondary	Exc L5-6 RORB LINC02196	Excitatory_neurons	male_pool	M_e2;M_e33;M_e4	excitatory_set3::Exc L5-6 RORB LINC02196::AD_vs_NCI__Male__e2;excitatory_set3::Exc L5-6 RORB LINC02196::AD_vs_NCI__Male__e33;excitatory_set3::Exc L5-6 RORB LINC02196::AD_vs_NCI__Male__e4	validated_complete;validated_complete;validated_complete	AD_both_mito	106	94	11245	12142	9401	eligible	completed_significant	19	4.60000000000002	
mitochondrial_kda_run_manifest_v1	secondary_Exc_L5_6_RORB_LINC02196_e2_pool_AD_up_mito	secondary	Exc L5-6 RORB LINC02196	Excitatory_neurons	e2_pool	F_e2;M_e2	excitatory_set3::Exc L5-6 RORB LINC02196::AD_vs_NCI__Female__e2;excitatory_set3::Exc L5-6 RORB LINC02196::AD_vs_NCI__Male__e2	validated_complete;validated_complete	AD_up_mito	69	61	11475	12273	9495	eligible	completed_significant	31	2.83500000000004	
mitochondrial_kda_run_manifest_v1	secondary_Exc_L5_6_RORB_LINC02196_e2_pool_AD_down_mito	secondary	Exc L5-6 RORB LINC02196	Excitatory_neurons	e2_pool	F_e2;M_e2	excitatory_set3::Exc L5-6 RORB LINC02196::AD_vs_NCI__Female__e2;excitatory_set3::Exc L5-6 RORB LINC02196::AD_vs_NCI__Male__e2	validated_complete;validated_complete	AD_down_mito	49	43	11475	12273	9495	eligible	completed_significant	13	2.37400000000002	
mitochondrial_kda_run_manifest_v1	secondary_Exc_L5_6_RORB_LINC02196_e2_pool_AD_both_mito	secondary	Exc L5-6 RORB LINC02196	Excitatory_neurons	e2_pool	F_e2;M_e2	excitatory_set3::Exc L5-6 RORB LINC02196::AD_vs_NCI__Female__e2;excitatory_set3::Exc L5-6 RORB LINC02196::AD_vs_NCI__Male__e2	validated_complete;validated_complete	AD_both_mito	105	92	11475	12273	9495	eligible	completed_significant	37	3.89499999999998	
mitochondrial_kda_run_manifest_v1	secondary_Exc_L5_6_RORB_LINC02196_e33_pool_AD_up_mito	secondary	Exc L5-6 RORB LINC02196	Excitatory_neurons	e33_pool	F_e33;M_e33	excitatory_set3::Exc L5-6 RORB LINC02196::AD_vs_NCI__Female__e33;excitatory_set3::Exc L5-6 RORB LINC02196::AD_vs_NCI__Male__e33	validated_complete;validated_complete	AD_up_mito	29	25	11464	12279	9505	eligible	completed_significant	9	1.33699999999999	
mitochondrial_kda_run_manifest_v1	secondary_Exc_L5_6_RORB_LINC02196_e33_pool_AD_down_mito	secondary	Exc L5-6 RORB LINC02196	Excitatory_neurons	e33_pool	F_e33;M_e33	excitatory_set3::Exc L5-6 RORB LINC02196::AD_vs_NCI__Female__e33;excitatory_set3::Exc L5-6 RORB LINC02196::AD_vs_NCI__Male__e33	validated_complete;validated_complete	AD_down_mito	9	8	11464	12279	9505	eligible	completed_no_significant	0	0.722999999999956	
mitochondrial_kda_run_manifest_v1	secondary_Exc_L5_6_RORB_LINC02196_e33_pool_AD_both_mito	secondary	Exc L5-6 RORB LINC02196	Excitatory_neurons	e33_pool	F_e33;M_e33	excitatory_set3::Exc L5-6 RORB LINC02196::AD_vs_NCI__Female__e33;excitatory_set3::Exc L5-6 RORB LINC02196::AD_vs_NCI__Male__e33	validated_complete;validated_complete	AD_both_mito	38	33	11464	12279	9505	eligible	completed_significant	9	1.79199999999992	
mitochondrial_kda_run_manifest_v1	secondary_Exc_L5_6_RORB_LINC02196_e4_pool_AD_up_mito	secondary	Exc L5-6 RORB LINC02196	Excitatory_neurons	e4_pool	F_e4;M_e4	excitatory_set3::Exc L5-6 RORB LINC02196::AD_vs_NCI__Female__e4;excitatory_set3::Exc L5-6 RORB LINC02196::AD_vs_NCI__Male__e4	validated_complete;validated_complete	AD_up_mito	36	31	11531	12319	9523	eligible	completed_significant	10	1.93900000000008	
mitochondrial_kda_run_manifest_v1	secondary_Exc_L5_6_RORB_LINC02196_e4_pool_AD_down_mito	secondary	Exc L5-6 RORB LINC02196	Excitatory_neurons	e4_pool	F_e4;M_e4	excitatory_set3::Exc L5-6 RORB LINC02196::AD_vs_NCI__Female__e4;excitatory_set3::Exc L5-6 RORB LINC02196::AD_vs_NCI__Male__e4	validated_complete;validated_complete	AD_down_mito	59	47	11531	12319	9523	eligible	completed_significant	2	3.03399999999999	
mitochondrial_kda_run_manifest_v1	secondary_Exc_L5_6_RORB_LINC02196_e4_pool_AD_both_mito	secondary	Exc L5-6 RORB LINC02196	Excitatory_neurons	e4_pool	F_e4;M_e4	excitatory_set3::Exc L5-6 RORB LINC02196::AD_vs_NCI__Female__e4;excitatory_set3::Exc L5-6 RORB LINC02196::AD_vs_NCI__Male__e4	validated_complete;validated_complete	AD_both_mito	95	78	11531	12319	9523	eligible	completed_significant	3	4.37800000000004	
mitochondrial_kda_run_manifest_v1	primary_Exc_L5_6_IT_Car3_F_e2_AD_up_mito	primary	Exc L5/6 IT Car3	Excitatory_neurons	F_e2	F_e2	excitatory_set3::Exc L5/6 IT Car3::AD_vs_NCI__Female__e2	validated_complete	AD_up_mito	110	101	12581	12575	9731	eligible	completed_significant	51	4.25400000000002	
mitochondrial_kda_run_manifest_v1	primary_Exc_L5_6_IT_Car3_F_e2_AD_down_mito	primary	Exc L5/6 IT Car3	Excitatory_neurons	F_e2	F_e2	excitatory_set3::Exc L5/6 IT Car3::AD_vs_NCI__Female__e2	validated_complete	AD_down_mito	1	1	12581	12575	9731	effective_query_below_minimum	skipped_effective_query_below_minimum	0	0	
mitochondrial_kda_run_manifest_v1	primary_Exc_L5_6_IT_Car3_F_e2_AD_both_mito	primary	Exc L5/6 IT Car3	Excitatory_neurons	F_e2	F_e2	excitatory_set3::Exc L5/6 IT Car3::AD_vs_NCI__Female__e2	validated_complete	AD_both_mito	111	102	12581	12575	9731	eligible	completed_significant	50	4.11099999999999	
mitochondrial_kda_run_manifest_v1	primary_Exc_L5_6_IT_Car3_F_e33_AD_up_mito	primary	Exc L5/6 IT Car3	Excitatory_neurons	F_e33	F_e33	excitatory_set3::Exc L5/6 IT Car3::AD_vs_NCI__Female__e33	validated_complete	AD_up_mito	21	16	12284	12536	9705	eligible	completed_significant	5	1.18999999999994	
mitochondrial_kda_run_manifest_v1	primary_Exc_L5_6_IT_Car3_F_e33_AD_down_mito	primary	Exc L5/6 IT Car3	Excitatory_neurons	F_e33	F_e33	excitatory_set3::Exc L5/6 IT Car3::AD_vs_NCI__Female__e33	validated_complete	AD_down_mito	17	9	12284	12536	9705	eligible	completed_no_significant	0	0.687000000000012	
mitochondrial_kda_run_manifest_v1	primary_Exc_L5_6_IT_Car3_F_e33_AD_both_mito	primary	Exc L5/6 IT Car3	Excitatory_neurons	F_e33	F_e33	excitatory_set3::Exc L5/6 IT Car3::AD_vs_NCI__Female__e33	validated_complete	AD_both_mito	38	25	12284	12536	9705	eligible	completed_significant	5	1.851	
mitochondrial_kda_run_manifest_v1	primary_Exc_L5_6_IT_Car3_F_e4_AD_up_mito	primary	Exc L5/6 IT Car3	Excitatory_neurons	F_e4	F_e4	excitatory_set3::Exc L5/6 IT Car3::AD_vs_NCI__Female__e4	validated_complete	AD_up_mito	4	2	12571	12614	9758	effective_query_below_minimum	skipped_effective_query_below_minimum	0	0	
mitochondrial_kda_run_manifest_v1	primary_Exc_L5_6_IT_Car3_F_e4_AD_down_mito	primary	Exc L5/6 IT Car3	Excitatory_neurons	F_e4	F_e4	excitatory_set3::Exc L5/6 IT Car3::AD_vs_NCI__Female__e4	validated_complete	AD_down_mito	107	92	12571	12614	9758	eligible	completed_significant	22	4.64100000000008	
mitochondrial_kda_run_manifest_v1	primary_Exc_L5_6_IT_Car3_F_e4_AD_both_mito	primary	Exc L5/6 IT Car3	Excitatory_neurons	F_e4	F_e4	excitatory_set3::Exc L5/6 IT Car3::AD_vs_NCI__Female__e4	validated_complete	AD_both_mito	111	94	12571	12614	9758	eligible	completed_significant	22	4.44899999999996	
mitochondrial_kda_run_manifest_v1	primary_Exc_L5_6_IT_Car3_M_e2_AD_up_mito	primary	Exc L5/6 IT Car3	Excitatory_neurons	M_e2	M_e2	excitatory_set3::Exc L5/6 IT Car3::AD_vs_NCI__Male__e2	validated_complete	AD_up_mito	78	69	12405	12499	9678	eligible	completed_significant	15	3.61700000000008	
mitochondrial_kda_run_manifest_v1	primary_Exc_L5_6_IT_Car3_M_e2_AD_down_mito	primary	Exc L5/6 IT Car3	Excitatory_neurons	M_e2	M_e2	excitatory_set3::Exc L5/6 IT Car3::AD_vs_NCI__Male__e2	validated_complete	AD_down_mito	40	38	12405	12499	9678	eligible	completed_significant	2	2.90700000000004	
mitochondrial_kda_run_manifest_v1	primary_Exc_L5_6_IT_Car3_M_e2_AD_both_mito	primary	Exc L5/6 IT Car3	Excitatory_neurons	M_e2	M_e2	excitatory_set3::Exc L5/6 IT Car3::AD_vs_NCI__Male__e2	validated_complete	AD_both_mito	118	107	12405	12499	9678	eligible	completed_significant	9	5.15499999999997	
mitochondrial_kda_run_manifest_v1	primary_Exc_L5_6_IT_Car3_M_e33_AD_up_mito	primary	Exc L5/6 IT Car3	Excitatory_neurons	M_e33	M_e33	excitatory_set3::Exc L5/6 IT Car3::AD_vs_NCI__Male__e33	validated_complete	AD_up_mito	16	14	11776	12304	9537	eligible	completed_significant	1	0.998000000000047	
mitochondrial_kda_run_manifest_v1	primary_Exc_L5_6_IT_Car3_M_e33_AD_down_mito	primary	Exc L5/6 IT Car3	Excitatory_neurons	M_e33	M_e33	excitatory_set3::Exc L5/6 IT Car3::AD_vs_NCI__Male__e33	validated_complete	AD_down_mito	23	16	11776	12304	9537	eligible	completed_significant	7	1.14999999999998	
mitochondrial_kda_run_manifest_v1	primary_Exc_L5_6_IT_Car3_M_e33_AD_both_mito	primary	Exc L5/6 IT Car3	Excitatory_neurons	M_e33	M_e33	excitatory_set3::Exc L5/6 IT Car3::AD_vs_NCI__Male__e33	validated_complete	AD_both_mito	39	30	11776	12304	9537	eligible	completed_no_significant	0	2.02799999999991	
mitochondrial_kda_run_manifest_v1	primary_Exc_L5_6_IT_Car3_M_e4_AD_up_mito	primary	Exc L5/6 IT Car3	Excitatory_neurons	M_e4	M_e4	excitatory_set3::Exc L5/6 IT Car3::AD_vs_NCI__Male__e4	validated_complete	AD_up_mito	13	13	12272	12528	9694	eligible	completed_significant	4	0.694999999999936	
mitochondrial_kda_run_manifest_v1	primary_Exc_L5_6_IT_Car3_M_e4_AD_down_mito	primary	Exc L5/6 IT Car3	Excitatory_neurons	M_e4	M_e4	excitatory_set3::Exc L5/6 IT Car3::AD_vs_NCI__Male__e4	validated_complete	AD_down_mito	8	8	12272	12528	9694	eligible	completed_significant	16	0.468999999999937	
mitochondrial_kda_run_manifest_v1	primary_Exc_L5_6_IT_Car3_M_e4_AD_both_mito	primary	Exc L5/6 IT Car3	Excitatory_neurons	M_e4	M_e4	excitatory_set3::Exc L5/6 IT Car3::AD_vs_NCI__Male__e4	validated_complete	AD_both_mito	21	21	12272	12528	9694	eligible	completed_significant	5	1.09799999999996	
mitochondrial_kda_run_manifest_v1	secondary_Exc_L5_6_IT_Car3_female_pool_AD_up_mito	secondary	Exc L5/6 IT Car3	Excitatory_neurons	female_pool	F_e2;F_e33;F_e4	excitatory_set3::Exc L5/6 IT Car3::AD_vs_NCI__Female__e2;excitatory_set3::Exc L5/6 IT Car3::AD_vs_NCI__Female__e33;excitatory_set3::Exc L5/6 IT Car3::AD_vs_NCI__Female__e4	validated_complete;validated_complete;validated_complete	AD_up_mito	123	109	12092	12486	9661	eligible	completed_significant	56	4.46699999999998	
mitochondrial_kda_run_manifest_v1	secondary_Exc_L5_6_IT_Car3_female_pool_AD_down_mito	secondary	Exc L5/6 IT Car3	Excitatory_neurons	female_pool	F_e2;F_e33;F_e4	excitatory_set3::Exc L5/6 IT Car3::AD_vs_NCI__Female__e2;excitatory_set3::Exc L5/6 IT Car3::AD_vs_NCI__Female__e33;excitatory_set3::Exc L5/6 IT Car3::AD_vs_NCI__Female__e4	validated_complete;validated_complete;validated_complete	AD_down_mito	123	101	12092	12486	9661	eligible	completed_significant	21	4.52599999999995	
mitochondrial_kda_run_manifest_v1	secondary_Exc_L5_6_IT_Car3_female_pool_AD_both_mito	secondary	Exc L5/6 IT Car3	Excitatory_neurons	female_pool	F_e2;F_e33;F_e4	excitatory_set3::Exc L5/6 IT Car3::AD_vs_NCI__Female__e2;excitatory_set3::Exc L5/6 IT Car3::AD_vs_NCI__Female__e33;excitatory_set3::Exc L5/6 IT Car3::AD_vs_NCI__Female__e4	validated_complete;validated_complete;validated_complete	AD_both_mito	206	173	12092	12486	9661	eligible	completed_significant	43	6.42899999999997	
mitochondrial_kda_run_manifest_v1	secondary_Exc_L5_6_IT_Car3_male_pool_AD_up_mito	secondary	Exc L5/6 IT Car3	Excitatory_neurons	male_pool	M_e2;M_e33;M_e4	excitatory_set3::Exc L5/6 IT Car3::AD_vs_NCI__Male__e2;excitatory_set3::Exc L5/6 IT Car3::AD_vs_NCI__Male__e33;excitatory_set3::Exc L5/6 IT Car3::AD_vs_NCI__Male__e4	validated_complete;validated_complete;validated_complete	AD_up_mito	105	92	11671	12260	9505	eligible	completed_significant	13	4.40800000000002	
mitochondrial_kda_run_manifest_v1	secondary_Exc_L5_6_IT_Car3_male_pool_AD_down_mito	secondary	Exc L5/6 IT Car3	Excitatory_neurons	male_pool	M_e2;M_e33;M_e4	excitatory_set3::Exc L5/6 IT Car3::AD_vs_NCI__Male__e2;excitatory_set3::Exc L5/6 IT Car3::AD_vs_NCI__Male__e33;excitatory_set3::Exc L5/6 IT Car3::AD_vs_NCI__Male__e4	validated_complete;validated_complete;validated_complete	AD_down_mito	69	59	11671	12260	9505	eligible	completed_significant	7	3.548	
mitochondrial_kda_run_manifest_v1	secondary_Exc_L5_6_IT_Car3_male_pool_AD_both_mito	secondary	Exc L5/6 IT Car3	Excitatory_neurons	male_pool	M_e2;M_e33;M_e4	excitatory_set3::Exc L5/6 IT Car3::AD_vs_NCI__Male__e2;excitatory_set3::Exc L5/6 IT Car3::AD_vs_NCI__Male__e33;excitatory_set3::Exc L5/6 IT Car3::AD_vs_NCI__Male__e4	validated_complete;validated_complete;validated_complete	AD_both_mito	172	149	11671	12260	9505	eligible	completed_significant	16	6.25900000000002	
mitochondrial_kda_run_manifest_v1	secondary_Exc_L5_6_IT_Car3_e2_pool_AD_up_mito	secondary	Exc L5/6 IT Car3	Excitatory_neurons	e2_pool	F_e2;M_e2	excitatory_set3::Exc L5/6 IT Car3::AD_vs_NCI__Female__e2;excitatory_set3::Exc L5/6 IT Car3::AD_vs_NCI__Male__e2	validated_complete;validated_complete	AD_up_mito	175	158	12122	12452	9640	eligible	completed_significant	65	5.19099999999992	
mitochondrial_kda_run_manifest_v1	secondary_Exc_L5_6_IT_Car3_e2_pool_AD_down_mito	secondary	Exc L5/6 IT Car3	Excitatory_neurons	e2_pool	F_e2;M_e2	excitatory_set3::Exc L5/6 IT Car3::AD_vs_NCI__Female__e2;excitatory_set3::Exc L5/6 IT Car3::AD_vs_NCI__Male__e2	validated_complete;validated_complete	AD_down_mito	41	39	12122	12452	9640	eligible	completed_significant	2	2.68299999999999	
mitochondrial_kda_run_manifest_v1	secondary_Exc_L5_6_IT_Car3_e2_pool_AD_both_mito	secondary	Exc L5/6 IT Car3	Excitatory_neurons	e2_pool	F_e2;M_e2	excitatory_set3::Exc L5/6 IT Car3::AD_vs_NCI__Female__e2;excitatory_set3::Exc L5/6 IT Car3::AD_vs_NCI__Male__e2	validated_complete;validated_complete	AD_both_mito	213	194	12122	12452	9640	eligible	completed_significant	50	6.67100000000005	
mitochondrial_kda_run_manifest_v1	secondary_Exc_L5_6_IT_Car3_e33_pool_AD_up_mito	secondary	Exc L5/6 IT Car3	Excitatory_neurons	e33_pool	F_e33;M_e33	excitatory_set3::Exc L5/6 IT Car3::AD_vs_NCI__Female__e33;excitatory_set3::Exc L5/6 IT Car3::AD_vs_NCI__Male__e33	validated_complete;validated_complete	AD_up_mito	36	27	11756	12302	9536	eligible	completed_significant	6	1.87	
mitochondrial_kda_run_manifest_v1	secondary_Exc_L5_6_IT_Car3_e33_pool_AD_down_mito	secondary	Exc L5/6 IT Car3	Excitatory_neurons	e33_pool	F_e33;M_e33	excitatory_set3::Exc L5/6 IT Car3::AD_vs_NCI__Female__e33;excitatory_set3::Exc L5/6 IT Car3::AD_vs_NCI__Male__e33	validated_complete;validated_complete	AD_down_mito	38	24	11756	12302	9536	eligible	completed_no_significant	0	1.649	
mitochondrial_kda_run_manifest_v1	secondary_Exc_L5_6_IT_Car3_e33_pool_AD_both_mito	secondary	Exc L5/6 IT Car3	Excitatory_neurons	e33_pool	F_e33;M_e33	excitatory_set3::Exc L5/6 IT Car3::AD_vs_NCI__Female__e33;excitatory_set3::Exc L5/6 IT Car3::AD_vs_NCI__Male__e33	validated_complete;validated_complete	AD_both_mito	74	51	11756	12302	9536	eligible	completed_significant	4	3.21699999999998	
mitochondrial_kda_run_manifest_v1	secondary_Exc_L5_6_IT_Car3_e4_pool_AD_up_mito	secondary	Exc L5/6 IT Car3	Excitatory_neurons	e4_pool	F_e4;M_e4	excitatory_set3::Exc L5/6 IT Car3::AD_vs_NCI__Female__e4;excitatory_set3::Exc L5/6 IT Car3::AD_vs_NCI__Male__e4	validated_complete;validated_complete	AD_up_mito	15	13	12147	12508	9678	eligible	completed_significant	4	0.715000000000032	
mitochondrial_kda_run_manifest_v1	secondary_Exc_L5_6_IT_Car3_e4_pool_AD_down_mito	secondary	Exc L5/6 IT Car3	Excitatory_neurons	e4_pool	F_e4;M_e4	excitatory_set3::Exc L5/6 IT Car3::AD_vs_NCI__Female__e4;excitatory_set3::Exc L5/6 IT Car3::AD_vs_NCI__Male__e4	validated_complete;validated_complete	AD_down_mito	113	98	12147	12508	9678	eligible	completed_significant	21	4.65600000000006	
mitochondrial_kda_run_manifest_v1	secondary_Exc_L5_6_IT_Car3_e4_pool_AD_both_mito	secondary	Exc L5/6 IT Car3	Excitatory_neurons	e4_pool	F_e4;M_e4	excitatory_set3::Exc L5/6 IT Car3::AD_vs_NCI__Female__e4;excitatory_set3::Exc L5/6 IT Car3::AD_vs_NCI__Male__e4	validated_complete;validated_complete	AD_both_mito	127	110	12147	12508	9678	eligible	completed_significant	18	4.86599999999999	
mitochondrial_kda_run_manifest_v1	primary_Exc_L5_6_NP_F_e2_AD_up_mito	primary	Exc L5/6 NP	Excitatory_neurons	F_e2	F_e2	excitatory_set3::Exc L5/6 NP::AD_vs_NCI__Female__e2	validated_complete	AD_up_mito	22	21	11420	12006	9313	eligible	completed_significant	10	1.17700000000002	
mitochondrial_kda_run_manifest_v1	primary_Exc_L5_6_NP_F_e2_AD_down_mito	primary	Exc L5/6 NP	Excitatory_neurons	F_e2	F_e2	excitatory_set3::Exc L5/6 NP::AD_vs_NCI__Female__e2	validated_complete	AD_down_mito	2	1	11420	12006	9313	effective_query_below_minimum	skipped_effective_query_below_minimum	0	0	
mitochondrial_kda_run_manifest_v1	primary_Exc_L5_6_NP_F_e2_AD_both_mito	primary	Exc L5/6 NP	Excitatory_neurons	F_e2	F_e2	excitatory_set3::Exc L5/6 NP::AD_vs_NCI__Female__e2	validated_complete	AD_both_mito	24	22	11420	12006	9313	eligible	completed_significant	10	1.245	
mitochondrial_kda_run_manifest_v1	primary_Exc_L5_6_NP_F_e33_AD_up_mito	primary	Exc L5/6 NP	Excitatory_neurons	F_e33	F_e33	excitatory_set3::Exc L5/6 NP::AD_vs_NCI__Female__e33	validated_complete	AD_up_mito	42	38	11012	11726	9131	eligible	completed_significant	18	2.42999999999995	
mitochondrial_kda_run_manifest_v1	primary_Exc_L5_6_NP_F_e33_AD_down_mito	primary	Exc L5/6 NP	Excitatory_neurons	F_e33	F_e33	excitatory_set3::Exc L5/6 NP::AD_vs_NCI__Female__e33	validated_complete	AD_down_mito	7	5	11012	11726	9131	eligible	completed_no_significant	0	0.379000000000019	
mitochondrial_kda_run_manifest_v1	primary_Exc_L5_6_NP_F_e33_AD_both_mito	primary	Exc L5/6 NP	Excitatory_neurons	F_e33	F_e33	excitatory_set3::Exc L5/6 NP::AD_vs_NCI__Female__e33	validated_complete	AD_both_mito	49	43	11012	11726	9131	eligible	completed_significant	15	2.45200000000011	
mitochondrial_kda_run_manifest_v1	primary_Exc_L5_6_NP_F_e4_AD_up_mito	primary	Exc L5/6 NP	Excitatory_neurons	F_e4	F_e4	excitatory_set3::Exc L5/6 NP::AD_vs_NCI__Female__e4	validated_complete	AD_up_mito	4	2	11453	12055	9357	effective_query_below_minimum	skipped_effective_query_below_minimum	0	0	
mitochondrial_kda_run_manifest_v1	primary_Exc_L5_6_NP_F_e4_AD_down_mito	primary	Exc L5/6 NP	Excitatory_neurons	F_e4	F_e4	excitatory_set3::Exc L5/6 NP::AD_vs_NCI__Female__e4	validated_complete	AD_down_mito	4	3	11453	12055	9357	eligible	completed_no_significant	0	0.484000000000037	
mitochondrial_kda_run_manifest_v1	primary_Exc_L5_6_NP_F_e4_AD_both_mito	primary	Exc L5/6 NP	Excitatory_neurons	F_e4	F_e4	excitatory_set3::Exc L5/6 NP::AD_vs_NCI__Female__e4	validated_complete	AD_both_mito	8	5	11453	12055	9357	eligible	completed_no_significant	0	0.662000000000035	
mitochondrial_kda_run_manifest_v1	primary_Exc_L5_6_NP_M_e2_AD_up_mito	primary	Exc L5/6 NP	Excitatory_neurons	M_e2	M_e2	excitatory_set3::Exc L5/6 NP::AD_vs_NCI__Male__e2	validated_complete	AD_up_mito	18	13	11063	11684	9089	eligible	completed_no_significant	0	1.24400000000003	
mitochondrial_kda_run_manifest_v1	primary_Exc_L5_6_NP_M_e2_AD_down_mito	primary	Exc L5/6 NP	Excitatory_neurons	M_e2	M_e2	excitatory_set3::Exc L5/6 NP::AD_vs_NCI__Male__e2	validated_complete	AD_down_mito	41	37	11063	11684	9089	eligible	completed_significant	12	1.71199999999999	
mitochondrial_kda_run_manifest_v1	primary_Exc_L5_6_NP_M_e2_AD_both_mito	primary	Exc L5/6 NP	Excitatory_neurons	M_e2	M_e2	excitatory_set3::Exc L5/6 NP::AD_vs_NCI__Male__e2	validated_complete	AD_both_mito	59	50	11063	11684	9089	eligible	completed_significant	11	2.70600000000002	
mitochondrial_kda_run_manifest_v1	primary_Exc_L5_6_NP_M_e33_AD_up_mito	primary	Exc L5/6 NP	Excitatory_neurons	M_e33	M_e33	excitatory_set3::Exc L5/6 NP::AD_vs_NCI__Male__e33	validated_complete	AD_up_mito	15	12	10936	11661	9077	eligible	completed_significant	5	0.75	
mitochondrial_kda_run_manifest_v1	primary_Exc_L5_6_NP_M_e33_AD_down_mito	primary	Exc L5/6 NP	Excitatory_neurons	M_e33	M_e33	excitatory_set3::Exc L5/6 NP::AD_vs_NCI__Male__e33	validated_complete	AD_down_mito	3	2	10936	11661	9077	effective_query_below_minimum	skipped_effective_query_below_minimum	0	0	
mitochondrial_kda_run_manifest_v1	primary_Exc_L5_6_NP_M_e33_AD_both_mito	primary	Exc L5/6 NP	Excitatory_neurons	M_e33	M_e33	excitatory_set3::Exc L5/6 NP::AD_vs_NCI__Male__e33	validated_complete	AD_both_mito	18	14	10936	11661	9077	eligible	completed_significant	5	0.903999999999996	
mitochondrial_kda_run_manifest_v1	primary_Exc_L5_6_NP_M_e4_AD_up_mito	primary	Exc L5/6 NP	Excitatory_neurons	M_e4	M_e4	excitatory_set3::Exc L5/6 NP::AD_vs_NCI__Male__e4	validated_complete	AD_up_mito	4	3	10828	11634	9037	eligible	completed_significant	14	0.145000000000096	
mitochondrial_kda_run_manifest_v1	primary_Exc_L5_6_NP_M_e4_AD_down_mito	primary	Exc L5/6 NP	Excitatory_neurons	M_e4	M_e4	excitatory_set3::Exc L5/6 NP::AD_vs_NCI__Male__e4	validated_complete	AD_down_mito	9	8	10828	11634	9037	eligible	completed_no_significant	0	0.486999999999966	
mitochondrial_kda_run_manifest_v1	primary_Exc_L5_6_NP_M_e4_AD_both_mito	primary	Exc L5/6 NP	Excitatory_neurons	M_e4	M_e4	excitatory_set3::Exc L5/6 NP::AD_vs_NCI__Male__e4	validated_complete	AD_both_mito	13	11	10828	11634	9037	eligible	completed_significant	2	0.774999999999977	
mitochondrial_kda_run_manifest_v1	secondary_Exc_L5_6_NP_female_pool_AD_up_mito	secondary	Exc L5/6 NP	Excitatory_neurons	female_pool	F_e2;F_e33;F_e4	excitatory_set3::Exc L5/6 NP::AD_vs_NCI__Female__e2;excitatory_set3::Exc L5/6 NP::AD_vs_NCI__Female__e33;excitatory_set3::Exc L5/6 NP::AD_vs_NCI__Female__e4	validated_complete;validated_complete;validated_complete	AD_up_mito	56	49	10813	11587	9023	eligible	completed_significant	18	2.51499999999999	
mitochondrial_kda_run_manifest_v1	secondary_Exc_L5_6_NP_female_pool_AD_down_mito	secondary	Exc L5/6 NP	Excitatory_neurons	female_pool	F_e2;F_e33;F_e4	excitatory_set3::Exc L5/6 NP::AD_vs_NCI__Female__e2;excitatory_set3::Exc L5/6 NP::AD_vs_NCI__Female__e33;excitatory_set3::Exc L5/6 NP::AD_vs_NCI__Female__e4	validated_complete;validated_complete;validated_complete	AD_down_mito	12	8	10813	11587	9023	eligible	completed_no_significant	0	0.759000000000015	
mitochondrial_kda_run_manifest_v1	secondary_Exc_L5_6_NP_female_pool_AD_both_mito	secondary	Exc L5/6 NP	Excitatory_neurons	female_pool	F_e2;F_e33;F_e4	excitatory_set3::Exc L5/6 NP::AD_vs_NCI__Female__e2;excitatory_set3::Exc L5/6 NP::AD_vs_NCI__Female__e33;excitatory_set3::Exc L5/6 NP::AD_vs_NCI__Female__e4	validated_complete;validated_complete;validated_complete	AD_both_mito	68	57	10813	11587	9023	eligible	completed_significant	18	3.15600000000006	
mitochondrial_kda_run_manifest_v1	secondary_Exc_L5_6_NP_male_pool_AD_up_mito	secondary	Exc L5/6 NP	Excitatory_neurons	male_pool	M_e2;M_e33;M_e4	excitatory_set3::Exc L5/6 NP::AD_vs_NCI__Male__e2;excitatory_set3::Exc L5/6 NP::AD_vs_NCI__Male__e33;excitatory_set3::Exc L5/6 NP::AD_vs_NCI__Male__e4	validated_complete;validated_complete;validated_complete	AD_up_mito	37	27	10513	11349	8843	eligible	completed_significant	6	1.82600000000002	
mitochondrial_kda_run_manifest_v1	secondary_Exc_L5_6_NP_male_pool_AD_down_mito	secondary	Exc L5/6 NP	Excitatory_neurons	male_pool	M_e2;M_e33;M_e4	excitatory_set3::Exc L5/6 NP::AD_vs_NCI__Male__e2;excitatory_set3::Exc L5/6 NP::AD_vs_NCI__Male__e33;excitatory_set3::Exc L5/6 NP::AD_vs_NCI__Male__e4	validated_complete;validated_complete;validated_complete	AD_down_mito	53	47	10513	11349	8843	eligible	completed_significant	12	2.07099999999991	
mitochondrial_kda_run_manifest_v1	secondary_Exc_L5_6_NP_male_pool_AD_both_mito	secondary	Exc L5/6 NP	Excitatory_neurons	male_pool	M_e2;M_e33;M_e4	excitatory_set3::Exc L5/6 NP::AD_vs_NCI__Male__e2;excitatory_set3::Exc L5/6 NP::AD_vs_NCI__Male__e33;excitatory_set3::Exc L5/6 NP::AD_vs_NCI__Male__e4	validated_complete;validated_complete;validated_complete	AD_both_mito	83	69	10513	11349	8843	eligible	completed_significant	10	3.35899999999992	
mitochondrial_kda_run_manifest_v1	secondary_Exc_L5_6_NP_e2_pool_AD_up_mito	secondary	Exc L5/6 NP	Excitatory_neurons	e2_pool	F_e2;M_e2	excitatory_set3::Exc L5/6 NP::AD_vs_NCI__Female__e2;excitatory_set3::Exc L5/6 NP::AD_vs_NCI__Male__e2	validated_complete;validated_complete	AD_up_mito	40	33	10833	11565	9004	eligible	completed_significant	12	2.18299999999999	
mitochondrial_kda_run_manifest_v1	secondary_Exc_L5_6_NP_e2_pool_AD_down_mito	secondary	Exc L5/6 NP	Excitatory_neurons	e2_pool	F_e2;M_e2	excitatory_set3::Exc L5/6 NP::AD_vs_NCI__Female__e2;excitatory_set3::Exc L5/6 NP::AD_vs_NCI__Male__e2	validated_complete;validated_complete	AD_down_mito	43	38	10833	11565	9004	eligible	completed_significant	12	1.72699999999998	
mitochondrial_kda_run_manifest_v1	secondary_Exc_L5_6_NP_e2_pool_AD_both_mito	secondary	Exc L5/6 NP	Excitatory_neurons	e2_pool	F_e2;M_e2	excitatory_set3::Exc L5/6 NP::AD_vs_NCI__Female__e2;excitatory_set3::Exc L5/6 NP::AD_vs_NCI__Male__e2	validated_complete;validated_complete	AD_both_mito	73	61	10833	11565	9004	eligible	completed_significant	12	3.255	
mitochondrial_kda_run_manifest_v1	secondary_Exc_L5_6_NP_e33_pool_AD_up_mito	secondary	Exc L5/6 NP	Excitatory_neurons	e33_pool	F_e33;M_e33	excitatory_set3::Exc L5/6 NP::AD_vs_NCI__Female__e33;excitatory_set3::Exc L5/6 NP::AD_vs_NCI__Male__e33	validated_complete;validated_complete	AD_up_mito	54	48	10789	11567	9013	eligible	completed_significant	13	2.51100000000008	
mitochondrial_kda_run_manifest_v1	secondary_Exc_L5_6_NP_e33_pool_AD_down_mito	secondary	Exc L5/6 NP	Excitatory_neurons	e33_pool	F_e33;M_e33	excitatory_set3::Exc L5/6 NP::AD_vs_NCI__Female__e33;excitatory_set3::Exc L5/6 NP::AD_vs_NCI__Male__e33	validated_complete;validated_complete	AD_down_mito	10	7	10789	11567	9013	eligible	completed_no_significant	0	0.493000000000052	
mitochondrial_kda_run_manifest_v1	secondary_Exc_L5_6_NP_e33_pool_AD_both_mito	secondary	Exc L5/6 NP	Excitatory_neurons	e33_pool	F_e33;M_e33	excitatory_set3::Exc L5/6 NP::AD_vs_NCI__Female__e33;excitatory_set3::Exc L5/6 NP::AD_vs_NCI__Male__e33	validated_complete;validated_complete	AD_both_mito	64	55	10789	11567	9013	eligible	completed_significant	15	2.98500000000001	
mitochondrial_kda_run_manifest_v1	secondary_Exc_L5_6_NP_e4_pool_AD_up_mito	secondary	Exc L5/6 NP	Excitatory_neurons	e4_pool	F_e4;M_e4	excitatory_set3::Exc L5/6 NP::AD_vs_NCI__Female__e4;excitatory_set3::Exc L5/6 NP::AD_vs_NCI__Male__e4	validated_complete;validated_complete	AD_up_mito	8	5	10752	11577	9004	eligible	completed_significant	22	0.287000000000035	
mitochondrial_kda_run_manifest_v1	secondary_Exc_L5_6_NP_e4_pool_AD_down_mito	secondary	Exc L5/6 NP	Excitatory_neurons	e4_pool	F_e4;M_e4	excitatory_set3::Exc L5/6 NP::AD_vs_NCI__Female__e4;excitatory_set3::Exc L5/6 NP::AD_vs_NCI__Male__e4	validated_complete;validated_complete	AD_down_mito	13	11	10752	11577	9004	eligible	completed_no_significant	0	0.850000000000023	
mitochondrial_kda_run_manifest_v1	secondary_Exc_L5_6_NP_e4_pool_AD_both_mito	secondary	Exc L5/6 NP	Excitatory_neurons	e4_pool	F_e4;M_e4	excitatory_set3::Exc L5/6 NP::AD_vs_NCI__Female__e4;excitatory_set3::Exc L5/6 NP::AD_vs_NCI__Male__e4	validated_complete;validated_complete	AD_both_mito	21	16	10752	11577	9004	eligible	completed_significant	2	1.11200000000008	
mitochondrial_kda_run_manifest_v1	primary_Exc_L6_CT_F_e2_AD_up_mito	primary	Exc L6 CT	Excitatory_neurons	F_e2	F_e2	excitatory_set3::Exc L6 CT::AD_vs_NCI__Female__e2	validated_complete	AD_up_mito	11	10	10945	11808	9169	eligible	completed_significant	9	0.249000000000024	
mitochondrial_kda_run_manifest_v1	primary_Exc_L6_CT_F_e2_AD_down_mito	primary	Exc L6 CT	Excitatory_neurons	F_e2	F_e2	excitatory_set3::Exc L6 CT::AD_vs_NCI__Female__e2	validated_complete	AD_down_mito	1	1	10945	11808	9169	effective_query_below_minimum	skipped_effective_query_below_minimum	0	0	
mitochondrial_kda_run_manifest_v1	primary_Exc_L6_CT_F_e2_AD_both_mito	primary	Exc L6 CT	Excitatory_neurons	F_e2	F_e2	excitatory_set3::Exc L6 CT::AD_vs_NCI__Female__e2	validated_complete	AD_both_mito	12	11	10945	11808	9169	eligible	completed_significant	11	0.355999999999995	
mitochondrial_kda_run_manifest_v1	primary_Exc_L6_CT_F_e33_AD_up_mito	primary	Exc L6 CT	Excitatory_neurons	F_e33	F_e33	excitatory_set3::Exc L6 CT::AD_vs_NCI__Female__e33	validated_complete	AD_up_mito	54	50	11004	11849	9218	eligible	completed_significant	18	2.399	
mitochondrial_kda_run_manifest_v1	primary_Exc_L6_CT_F_e33_AD_down_mito	primary	Exc L6 CT	Excitatory_neurons	F_e33	F_e33	excitatory_set3::Exc L6 CT::AD_vs_NCI__Female__e33	validated_complete	AD_down_mito	10	9	11004	11849	9218	eligible	completed_significant	22	0.752000000000066	
mitochondrial_kda_run_manifest_v1	primary_Exc_L6_CT_F_e33_AD_both_mito	primary	Exc L6 CT	Excitatory_neurons	F_e33	F_e33	excitatory_set3::Exc L6 CT::AD_vs_NCI__Female__e33	validated_complete	AD_both_mito	64	59	11004	11849	9218	eligible	completed_significant	16	2.99799999999993	
mitochondrial_kda_run_manifest_v1	primary_Exc_L6_CT_F_e4_AD_up_mito	primary	Exc L6 CT	Excitatory_neurons	F_e4	F_e4	excitatory_set3::Exc L6 CT::AD_vs_NCI__Female__e4	validated_complete	AD_up_mito	3	2	11364	12140	9414	effective_query_below_minimum	skipped_effective_query_below_minimum	0	0	
mitochondrial_kda_run_manifest_v1	primary_Exc_L6_CT_F_e4_AD_down_mito	primary	Exc L6 CT	Excitatory_neurons	F_e4	F_e4	excitatory_set3::Exc L6 CT::AD_vs_NCI__Female__e4	validated_complete	AD_down_mito	26	19	11364	12140	9414	eligible	completed_no_significant	0	1.45100000000002	
mitochondrial_kda_run_manifest_v1	primary_Exc_L6_CT_F_e4_AD_both_mito	primary	Exc L6 CT	Excitatory_neurons	F_e4	F_e4	excitatory_set3::Exc L6 CT::AD_vs_NCI__Female__e4	validated_complete	AD_both_mito	29	21	11364	12140	9414	eligible	completed_no_significant	0	1.67999999999995	
mitochondrial_kda_run_manifest_v1	primary_Exc_L6_CT_M_e2_AD_up_mito	primary	Exc L6 CT	Excitatory_neurons	M_e2	M_e2	excitatory_set3::Exc L6 CT::AD_vs_NCI__Male__e2	validated_complete	AD_up_mito	42	37	11032	11851	9203	eligible	completed_no_significant	0	2.1640000000001	
mitochondrial_kda_run_manifest_v1	primary_Exc_L6_CT_M_e2_AD_down_mito	primary	Exc L6 CT	Excitatory_neurons	M_e2	M_e2	excitatory_set3::Exc L6 CT::AD_vs_NCI__Male__e2	validated_complete	AD_down_mito	46	43	11032	11851	9203	eligible	completed_no_significant	0	2.34299999999996	
mitochondrial_kda_run_manifest_v1	primary_Exc_L6_CT_M_e2_AD_both_mito	primary	Exc L6 CT	Excitatory_neurons	M_e2	M_e2	excitatory_set3::Exc L6 CT::AD_vs_NCI__Male__e2	validated_complete	AD_both_mito	88	80	11032	11851	9203	eligible	completed_no_significant	0	3.84399999999994	
mitochondrial_kda_run_manifest_v1	primary_Exc_L6_CT_M_e33_AD_up_mito	primary	Exc L6 CT	Excitatory_neurons	M_e33	M_e33	excitatory_set3::Exc L6 CT::AD_vs_NCI__Male__e33	validated_complete	AD_up_mito	32	28	10702	11532	9017	eligible	completed_significant	11	1.26299999999992	
mitochondrial_kda_run_manifest_v1	primary_Exc_L6_CT_M_e33_AD_down_mito	primary	Exc L6 CT	Excitatory_neurons	M_e33	M_e33	excitatory_set3::Exc L6 CT::AD_vs_NCI__Male__e33	validated_complete	AD_down_mito	6	4	10702	11532	9017	eligible	completed_significant	4	0.158999999999992	
mitochondrial_kda_run_manifest_v1	primary_Exc_L6_CT_M_e33_AD_both_mito	primary	Exc L6 CT	Excitatory_neurons	M_e33	M_e33	excitatory_set3::Exc L6 CT::AD_vs_NCI__Male__e33	validated_complete	AD_both_mito	38	32	10702	11532	9017	eligible	completed_significant	11	1.42000000000007	
mitochondrial_kda_run_manifest_v1	primary_Exc_L6_CT_M_e4_AD_up_mito	primary	Exc L6 CT	Excitatory_neurons	M_e4	M_e4	excitatory_set3::Exc L6 CT::AD_vs_NCI__Male__e4	validated_complete	AD_up_mito	14	11	11165	12012	9324	eligible	completed_significant	10	0.240000000000009	
mitochondrial_kda_run_manifest_v1	primary_Exc_L6_CT_M_e4_AD_down_mito	primary	Exc L6 CT	Excitatory_neurons	M_e4	M_e4	excitatory_set3::Exc L6 CT::AD_vs_NCI__Male__e4	validated_complete	AD_down_mito	12	12	11165	12012	9324	eligible	completed_no_significant	0	1.39799999999991	
mitochondrial_kda_run_manifest_v1	primary_Exc_L6_CT_M_e4_AD_both_mito	primary	Exc L6 CT	Excitatory_neurons	M_e4	M_e4	excitatory_set3::Exc L6 CT::AD_vs_NCI__Male__e4	validated_complete	AD_both_mito	26	23	11165	12012	9324	eligible	completed_significant	8	1.43999999999994	
mitochondrial_kda_run_manifest_v1	secondary_Exc_L6_CT_female_pool_AD_up_mito	secondary	Exc L6 CT	Excitatory_neurons	female_pool	F_e2;F_e33;F_e4	excitatory_set3::Exc L6 CT::AD_vs_NCI__Female__e2;excitatory_set3::Exc L6 CT::AD_vs_NCI__Female__e33;excitatory_set3::Exc L6 CT::AD_vs_NCI__Female__e4	validated_complete;validated_complete;validated_complete	AD_up_mito	58	53	10712	11614	9052	eligible	completed_significant	17	2.39999999999998	
mitochondrial_kda_run_manifest_v1	secondary_Exc_L6_CT_female_pool_AD_down_mito	secondary	Exc L6 CT	Excitatory_neurons	female_pool	F_e2;F_e33;F_e4	excitatory_set3::Exc L6 CT::AD_vs_NCI__Female__e2;excitatory_set3::Exc L6 CT::AD_vs_NCI__Female__e33;excitatory_set3::Exc L6 CT::AD_vs_NCI__Female__e4	validated_complete;validated_complete;validated_complete	AD_down_mito	35	25	10712	11614	9052	eligible	completed_no_significant	0	1.77200000000005	
mitochondrial_kda_run_manifest_v1	secondary_Exc_L6_CT_female_pool_AD_both_mito	secondary	Exc L6 CT	Excitatory_neurons	female_pool	F_e2;F_e33;F_e4	excitatory_set3::Exc L6 CT::AD_vs_NCI__Female__e2;excitatory_set3::Exc L6 CT::AD_vs_NCI__Female__e33;excitatory_set3::Exc L6 CT::AD_vs_NCI__Female__e4	validated_complete;validated_complete;validated_complete	AD_both_mito	91	77	10712	11614	9052	eligible	completed_significant	16	3.63299999999992	
mitochondrial_kda_run_manifest_v1	secondary_Exc_L6_CT_male_pool_AD_up_mito	secondary	Exc L6 CT	Excitatory_neurons	male_pool	M_e2;M_e33;M_e4	excitatory_set3::Exc L6 CT::AD_vs_NCI__Male__e2;excitatory_set3::Exc L6 CT::AD_vs_NCI__Male__e33;excitatory_set3::Exc L6 CT::AD_vs_NCI__Male__e4	validated_complete;validated_complete;validated_complete	AD_up_mito	76	64	10547	11432	8943	eligible	completed_significant	7	3.13800000000003	
mitochondrial_kda_run_manifest_v1	secondary_Exc_L6_CT_male_pool_AD_down_mito	secondary	Exc L6 CT	Excitatory_neurons	male_pool	M_e2;M_e33;M_e4	excitatory_set3::Exc L6 CT::AD_vs_NCI__Male__e2;excitatory_set3::Exc L6 CT::AD_vs_NCI__Male__e33;excitatory_set3::Exc L6 CT::AD_vs_NCI__Male__e4	validated_complete;validated_complete;validated_complete	AD_down_mito	64	51	10547	11432	8943	eligible	completed_no_significant	0	2.74300000000005	
mitochondrial_kda_run_manifest_v1	secondary_Exc_L6_CT_male_pool_AD_both_mito	secondary	Exc L6 CT	Excitatory_neurons	male_pool	M_e2;M_e33;M_e4	excitatory_set3::Exc L6 CT::AD_vs_NCI__Male__e2;excitatory_set3::Exc L6 CT::AD_vs_NCI__Male__e33;excitatory_set3::Exc L6 CT::AD_vs_NCI__Male__e4	validated_complete;validated_complete;validated_complete	AD_both_mito	138	113	10547	11432	8943	eligible	completed_significant	9	4.63699999999994	
mitochondrial_kda_run_manifest_v1	secondary_Exc_L6_CT_e2_pool_AD_up_mito	secondary	Exc L6 CT	Excitatory_neurons	e2_pool	F_e2;M_e2	excitatory_set3::Exc L6 CT::AD_vs_NCI__Female__e2;excitatory_set3::Exc L6 CT::AD_vs_NCI__Male__e2	validated_complete;validated_complete	AD_up_mito	53	47	10633	11584	9011	eligible	completed_significant	10	2.34899999999993	
mitochondrial_kda_run_manifest_v1	secondary_Exc_L6_CT_e2_pool_AD_down_mito	secondary	Exc L6 CT	Excitatory_neurons	e2_pool	F_e2;M_e2	excitatory_set3::Exc L6 CT::AD_vs_NCI__Female__e2;excitatory_set3::Exc L6 CT::AD_vs_NCI__Male__e2	validated_complete;validated_complete	AD_down_mito	47	43	10633	11584	9011	eligible	completed_no_significant	0	2.57499999999993	
mitochondrial_kda_run_manifest_v1	secondary_Exc_L6_CT_e2_pool_AD_both_mito	secondary	Exc L6 CT	Excitatory_neurons	e2_pool	F_e2;M_e2	excitatory_set3::Exc L6 CT::AD_vs_NCI__Female__e2;excitatory_set3::Exc L6 CT::AD_vs_NCI__Male__e2	validated_complete;validated_complete	AD_both_mito	100	90	10633	11584	9011	eligible	completed_significant	6	3.82299999999998	
mitochondrial_kda_run_manifest_v1	secondary_Exc_L6_CT_e33_pool_AD_up_mito	secondary	Exc L6 CT	Excitatory_neurons	e33_pool	F_e33;M_e33	excitatory_set3::Exc L6 CT::AD_vs_NCI__Female__e33;excitatory_set3::Exc L6 CT::AD_vs_NCI__Male__e33	validated_complete;validated_complete	AD_up_mito	70	60	10657	11508	9000	eligible	completed_significant	15	2.50599999999997	
mitochondrial_kda_run_manifest_v1	secondary_Exc_L6_CT_e33_pool_AD_down_mito	secondary	Exc L6 CT	Excitatory_neurons	e33_pool	F_e33;M_e33	excitatory_set3::Exc L6 CT::AD_vs_NCI__Female__e33;excitatory_set3::Exc L6 CT::AD_vs_NCI__Male__e33	validated_complete;validated_complete	AD_down_mito	16	12	10657	11508	9000	eligible	completed_significant	9	0.841999999999985	
mitochondrial_kda_run_manifest_v1	secondary_Exc_L6_CT_e33_pool_AD_both_mito	secondary	Exc L6 CT	Excitatory_neurons	e33_pool	F_e33;M_e33	excitatory_set3::Exc L6 CT::AD_vs_NCI__Female__e33;excitatory_set3::Exc L6 CT::AD_vs_NCI__Male__e33	validated_complete;validated_complete	AD_both_mito	86	72	10657	11508	9000	eligible	completed_significant	13	3.20299999999997	
mitochondrial_kda_run_manifest_v1	secondary_Exc_L6_CT_e4_pool_AD_up_mito	secondary	Exc L6 CT	Excitatory_neurons	e4_pool	F_e4;M_e4	excitatory_set3::Exc L6 CT::AD_vs_NCI__Female__e4;excitatory_set3::Exc L6 CT::AD_vs_NCI__Male__e4	validated_complete;validated_complete	AD_up_mito	16	13	11007	11923	9255	eligible	completed_significant	11	0.338999999999942	
mitochondrial_kda_run_manifest_v1	secondary_Exc_L6_CT_e4_pool_AD_down_mito	secondary	Exc L6 CT	Excitatory_neurons	e4_pool	F_e4;M_e4	excitatory_set3::Exc L6 CT::AD_vs_NCI__Female__e4;excitatory_set3::Exc L6 CT::AD_vs_NCI__Male__e4	validated_complete;validated_complete	AD_down_mito	37	30	11007	11923	9255	eligible	completed_no_significant	0	2.51400000000001	
mitochondrial_kda_run_manifest_v1	secondary_Exc_L6_CT_e4_pool_AD_both_mito	secondary	Exc L6 CT	Excitatory_neurons	e4_pool	F_e4;M_e4	excitatory_set3::Exc L6 CT::AD_vs_NCI__Female__e4;excitatory_set3::Exc L6 CT::AD_vs_NCI__Male__e4	validated_complete;validated_complete	AD_both_mito	53	43	11007	11923	9255	eligible	completed_significant	8	2.51999999999998	
mitochondrial_kda_run_manifest_v1	primary_Exc_L6_THEMIS_NFIA_F_e2_AD_up_mito	primary	Exc L6 THEMIS NFIA	Excitatory_neurons	F_e2	F_e2	excitatory_set3::Exc L6 THEMIS NFIA::AD_vs_NCI__Female__e2	validated_complete	AD_up_mito	131	101	12440	12653	9785	eligible	completed_significant	50	3.75	
mitochondrial_kda_run_manifest_v1	primary_Exc_L6_THEMIS_NFIA_F_e2_AD_down_mito	primary	Exc L6 THEMIS NFIA	Excitatory_neurons	F_e2	F_e2	excitatory_set3::Exc L6 THEMIS NFIA::AD_vs_NCI__Female__e2	validated_complete	AD_down_mito	8	5	12440	12653	9785	eligible	completed_no_significant	0	0.231999999999971	
mitochondrial_kda_run_manifest_v1	primary_Exc_L6_THEMIS_NFIA_F_e2_AD_both_mito	primary	Exc L6 THEMIS NFIA	Excitatory_neurons	F_e2	F_e2	excitatory_set3::Exc L6 THEMIS NFIA::AD_vs_NCI__Female__e2	validated_complete	AD_both_mito	139	106	12440	12653	9785	eligible	completed_significant	48	3.92700000000002	
mitochondrial_kda_run_manifest_v1	primary_Exc_L6_THEMIS_NFIA_F_e33_AD_up_mito	primary	Exc L6 THEMIS NFIA	Excitatory_neurons	F_e33	F_e33	excitatory_set3::Exc L6 THEMIS NFIA::AD_vs_NCI__Female__e33	validated_complete	AD_up_mito	20	18	12330	12630	9772	eligible	completed_significant	11	0.890999999999963	
mitochondrial_kda_run_manifest_v1	primary_Exc_L6_THEMIS_NFIA_F_e33_AD_down_mito	primary	Exc L6 THEMIS NFIA	Excitatory_neurons	F_e33	F_e33	excitatory_set3::Exc L6 THEMIS NFIA::AD_vs_NCI__Female__e33	validated_complete	AD_down_mito	6	2	12330	12630	9772	effective_query_below_minimum	skipped_effective_query_below_minimum	0	0	
mitochondrial_kda_run_manifest_v1	primary_Exc_L6_THEMIS_NFIA_F_e33_AD_both_mito	primary	Exc L6 THEMIS NFIA	Excitatory_neurons	F_e33	F_e33	excitatory_set3::Exc L6 THEMIS NFIA::AD_vs_NCI__Female__e33	validated_complete	AD_both_mito	26	20	12330	12630	9772	eligible	completed_significant	11	1.21199999999999	
mitochondrial_kda_run_manifest_v1	primary_Exc_L6_THEMIS_NFIA_F_e4_AD_up_mito	primary	Exc L6 THEMIS NFIA	Excitatory_neurons	F_e4	F_e4	excitatory_set3::Exc L6 THEMIS NFIA::AD_vs_NCI__Female__e4	validated_complete	AD_up_mito	3	0	12765	12714	9832	effective_query_below_minimum	skipped_effective_query_below_minimum	0	0	
mitochondrial_kda_run_manifest_v1	primary_Exc_L6_THEMIS_NFIA_F_e4_AD_down_mito	primary	Exc L6 THEMIS NFIA	Excitatory_neurons	F_e4	F_e4	excitatory_set3::Exc L6 THEMIS NFIA::AD_vs_NCI__Female__e4	validated_complete	AD_down_mito	32	15	12765	12714	9832	eligible	completed_no_significant	0	1.19400000000007	
mitochondrial_kda_run_manifest_v1	primary_Exc_L6_THEMIS_NFIA_F_e4_AD_both_mito	primary	Exc L6 THEMIS NFIA	Excitatory_neurons	F_e4	F_e4	excitatory_set3::Exc L6 THEMIS NFIA::AD_vs_NCI__Female__e4	validated_complete	AD_both_mito	35	15	12765	12714	9832	eligible	completed_no_significant	0	1.20100000000002	
mitochondrial_kda_run_manifest_v1	primary_Exc_L6_THEMIS_NFIA_M_e2_AD_up_mito	primary	Exc L6 THEMIS NFIA	Excitatory_neurons	M_e2	M_e2	excitatory_set3::Exc L6 THEMIS NFIA::AD_vs_NCI__Male__e2	validated_complete	AD_up_mito	137	109	12434	12642	9768	eligible	completed_significant	14	4.46299999999997	
mitochondrial_kda_run_manifest_v1	primary_Exc_L6_THEMIS_NFIA_M_e2_AD_down_mito	primary	Exc L6 THEMIS NFIA	Excitatory_neurons	M_e2	M_e2	excitatory_set3::Exc L6 THEMIS NFIA::AD_vs_NCI__Male__e2	validated_complete	AD_down_mito	15	11	12434	12642	9768	eligible	completed_no_significant	0	0.586999999999989	
mitochondrial_kda_run_manifest_v1	primary_Exc_L6_THEMIS_NFIA_M_e2_AD_both_mito	primary	Exc L6 THEMIS NFIA	Excitatory_neurons	M_e2	M_e2	excitatory_set3::Exc L6 THEMIS NFIA::AD_vs_NCI__Male__e2	validated_complete	AD_both_mito	152	120	12434	12642	9768	eligible	completed_significant	9	4.92899999999997	
mitochondrial_kda_run_manifest_v1	primary_Exc_L6_THEMIS_NFIA_M_e33_AD_up_mito	primary	Exc L6 THEMIS NFIA	Excitatory_neurons	M_e33	M_e33	excitatory_set3::Exc L6 THEMIS NFIA::AD_vs_NCI__Male__e33	validated_complete	AD_up_mito	2	1	12098	12551	9709	effective_query_below_minimum	skipped_effective_query_below_minimum	0	0	
mitochondrial_kda_run_manifest_v1	primary_Exc_L6_THEMIS_NFIA_M_e33_AD_down_mito	primary	Exc L6 THEMIS NFIA	Excitatory_neurons	M_e33	M_e33	excitatory_set3::Exc L6 THEMIS NFIA::AD_vs_NCI__Male__e33	validated_complete	AD_down_mito	1	0	12098	12551	9709	effective_query_below_minimum	skipped_effective_query_below_minimum	0	0	
mitochondrial_kda_run_manifest_v1	primary_Exc_L6_THEMIS_NFIA_M_e33_AD_both_mito	primary	Exc L6 THEMIS NFIA	Excitatory_neurons	M_e33	M_e33	excitatory_set3::Exc L6 THEMIS NFIA::AD_vs_NCI__Male__e33	validated_complete	AD_both_mito	3	1	12098	12551	9709	effective_query_below_minimum	skipped_effective_query_below_minimum	0	0	
mitochondrial_kda_run_manifest_v1	primary_Exc_L6_THEMIS_NFIA_M_e4_AD_up_mito	primary	Exc L6 THEMIS NFIA	Excitatory_neurons	M_e4	M_e4	excitatory_set3::Exc L6 THEMIS NFIA::AD_vs_NCI__Male__e4	validated_complete	AD_up_mito	30	24	12331	12624	9764	eligible	completed_significant	5	1.74699999999996	
mitochondrial_kda_run_manifest_v1	primary_Exc_L6_THEMIS_NFIA_M_e4_AD_down_mito	primary	Exc L6 THEMIS NFIA	Excitatory_neurons	M_e4	M_e4	excitatory_set3::Exc L6 THEMIS NFIA::AD_vs_NCI__Male__e4	validated_complete	AD_down_mito	9	4	12331	12624	9764	eligible	completed_no_significant	0	0.836000000000013	
mitochondrial_kda_run_manifest_v1	primary_Exc_L6_THEMIS_NFIA_M_e4_AD_both_mito	primary	Exc L6 THEMIS NFIA	Excitatory_neurons	M_e4	M_e4	excitatory_set3::Exc L6 THEMIS NFIA::AD_vs_NCI__Male__e4	validated_complete	AD_both_mito	39	28	12331	12624	9764	eligible	completed_significant	4	2.38800000000003	
mitochondrial_kda_run_manifest_v1	secondary_Exc_L6_THEMIS_NFIA_female_pool_AD_up_mito	secondary	Exc L6 THEMIS NFIA	Excitatory_neurons	female_pool	F_e2;F_e33;F_e4	excitatory_set3::Exc L6 THEMIS NFIA::AD_vs_NCI__Female__e2;excitatory_set3::Exc L6 THEMIS NFIA::AD_vs_NCI__Female__e33;excitatory_set3::Exc L6 THEMIS NFIA::AD_vs_NCI__Female__e4	validated_complete;validated_complete;validated_complete	AD_up_mito	145	111	12140	12599	9745	eligible	completed_significant	55	3.86199999999997	
mitochondrial_kda_run_manifest_v1	secondary_Exc_L6_THEMIS_NFIA_female_pool_AD_down_mito	secondary	Exc L6 THEMIS NFIA	Excitatory_neurons	female_pool	F_e2;F_e33;F_e4	excitatory_set3::Exc L6 THEMIS NFIA::AD_vs_NCI__Female__e2;excitatory_set3::Exc L6 THEMIS NFIA::AD_vs_NCI__Female__e33;excitatory_set3::Exc L6 THEMIS NFIA::AD_vs_NCI__Female__e4	validated_complete;validated_complete;validated_complete	AD_down_mito	41	22	12140	12599	9745	eligible	completed_no_significant	0	1.55100000000004	
mitochondrial_kda_run_manifest_v1	secondary_Exc_L6_THEMIS_NFIA_female_pool_AD_both_mito	secondary	Exc L6 THEMIS NFIA	Excitatory_neurons	female_pool	F_e2;F_e33;F_e4	excitatory_set3::Exc L6 THEMIS NFIA::AD_vs_NCI__Female__e2;excitatory_set3::Exc L6 THEMIS NFIA::AD_vs_NCI__Female__e33;excitatory_set3::Exc L6 THEMIS NFIA::AD_vs_NCI__Female__e4	validated_complete;validated_complete;validated_complete	AD_both_mito	182	132	12140	12599	9745	eligible	completed_significant	49	4.85699999999997	
mitochondrial_kda_run_manifest_v1	secondary_Exc_L6_THEMIS_NFIA_male_pool_AD_up_mito	secondary	Exc L6 THEMIS NFIA	Excitatory_neurons	male_pool	M_e2;M_e33;M_e4	excitatory_set3::Exc L6 THEMIS NFIA::AD_vs_NCI__Male__e2;excitatory_set3::Exc L6 THEMIS NFIA::AD_vs_NCI__Male__e33;excitatory_set3::Exc L6 THEMIS NFIA::AD_vs_NCI__Male__e4	validated_complete;validated_complete;validated_complete	AD_up_mito	160	124	11986	12526	9689	eligible	completed_significant	12	4.75400000000002	
mitochondrial_kda_run_manifest_v1	secondary_Exc_L6_THEMIS_NFIA_male_pool_AD_down_mito	secondary	Exc L6 THEMIS NFIA	Excitatory_neurons	male_pool	M_e2;M_e33;M_e4	excitatory_set3::Exc L6 THEMIS NFIA::AD_vs_NCI__Male__e2;excitatory_set3::Exc L6 THEMIS NFIA::AD_vs_NCI__Male__e33;excitatory_set3::Exc L6 THEMIS NFIA::AD_vs_NCI__Male__e4	validated_complete;validated_complete;validated_complete	AD_down_mito	23	15	11986	12526	9689	eligible	completed_no_significant	0	1.31600000000003	
mitochondrial_kda_run_manifest_v1	secondary_Exc_L6_THEMIS_NFIA_male_pool_AD_both_mito	secondary	Exc L6 THEMIS NFIA	Excitatory_neurons	male_pool	M_e2;M_e33;M_e4	excitatory_set3::Exc L6 THEMIS NFIA::AD_vs_NCI__Male__e2;excitatory_set3::Exc L6 THEMIS NFIA::AD_vs_NCI__Male__e33;excitatory_set3::Exc L6 THEMIS NFIA::AD_vs_NCI__Male__e4	validated_complete;validated_complete;validated_complete	AD_both_mito	180	138	11986	12526	9689	eligible	completed_significant	13	5.58199999999999	
mitochondrial_kda_run_manifest_v1	secondary_Exc_L6_THEMIS_NFIA_e2_pool_AD_up_mito	secondary	Exc L6 THEMIS NFIA	Excitatory_neurons	e2_pool	F_e2;M_e2	excitatory_set3::Exc L6 THEMIS NFIA::AD_vs_NCI__Female__e2;excitatory_set3::Exc L6 THEMIS NFIA::AD_vs_NCI__Male__e2	validated_complete;validated_complete	AD_up_mito	248	194	12164	12607	9745	eligible	completed_significant	42	5.93799999999999	
mitochondrial_kda_run_manifest_v1	secondary_Exc_L6_THEMIS_NFIA_e2_pool_AD_down_mito	secondary	Exc L6 THEMIS NFIA	Excitatory_neurons	e2_pool	F_e2;M_e2	excitatory_set3::Exc L6 THEMIS NFIA::AD_vs_NCI__Female__e2;excitatory_set3::Exc L6 THEMIS NFIA::AD_vs_NCI__Male__e2	validated_complete;validated_complete	AD_down_mito	23	16	12164	12607	9745	eligible	completed_no_significant	0	0.812999999999988	
mitochondrial_kda_run_manifest_v1	secondary_Exc_L6_THEMIS_NFIA_e2_pool_AD_both_mito	secondary	Exc L6 THEMIS NFIA	Excitatory_neurons	e2_pool	F_e2;M_e2	excitatory_set3::Exc L6 THEMIS NFIA::AD_vs_NCI__Female__e2;excitatory_set3::Exc L6 THEMIS NFIA::AD_vs_NCI__Male__e2	validated_complete;validated_complete	AD_both_mito	269	209	12164	12607	9745	eligible	completed_significant	38	6.63400000000002	
mitochondrial_kda_run_manifest_v1	secondary_Exc_L6_THEMIS_NFIA_e33_pool_AD_up_mito	secondary	Exc L6 THEMIS NFIA	Excitatory_neurons	e33_pool	F_e33;M_e33	excitatory_set3::Exc L6 THEMIS NFIA::AD_vs_NCI__Female__e33;excitatory_set3::Exc L6 THEMIS NFIA::AD_vs_NCI__Male__e33	validated_complete;validated_complete	AD_up_mito	21	17	12060	12545	9706	eligible	completed_significant	11	0.773000000000025	
mitochondrial_kda_run_manifest_v1	secondary_Exc_L6_THEMIS_NFIA_e33_pool_AD_down_mito	secondary	Exc L6 THEMIS NFIA	Excitatory_neurons	e33_pool	F_e33;M_e33	excitatory_set3::Exc L6 THEMIS NFIA::AD_vs_NCI__Female__e33;excitatory_set3::Exc L6 THEMIS NFIA::AD_vs_NCI__Male__e33	validated_complete;validated_complete	AD_down_mito	7	2	12060	12545	9706	effective_query_below_minimum	skipped_effective_query_below_minimum	0	0	
mitochondrial_kda_run_manifest_v1	secondary_Exc_L6_THEMIS_NFIA_e33_pool_AD_both_mito	secondary	Exc L6 THEMIS NFIA	Excitatory_neurons	e33_pool	F_e33;M_e33	excitatory_set3::Exc L6 THEMIS NFIA::AD_vs_NCI__Female__e33;excitatory_set3::Exc L6 THEMIS NFIA::AD_vs_NCI__Male__e33	validated_complete;validated_complete	AD_both_mito	28	19	12060	12545	9706	eligible	completed_significant	11	0.918000000000006	
mitochondrial_kda_run_manifest_v1	secondary_Exc_L6_THEMIS_NFIA_e4_pool_AD_up_mito	secondary	Exc L6 THEMIS NFIA	Excitatory_neurons	e4_pool	F_e4;M_e4	excitatory_set3::Exc L6 THEMIS NFIA::AD_vs_NCI__Female__e4;excitatory_set3::Exc L6 THEMIS NFIA::AD_vs_NCI__Male__e4	validated_complete;validated_complete	AD_up_mito	32	24	12256	12620	9760	eligible	completed_significant	5	1.59399999999994	
mitochondrial_kda_run_manifest_v1	secondary_Exc_L6_THEMIS_NFIA_e4_pool_AD_down_mito	secondary	Exc L6 THEMIS NFIA	Excitatory_neurons	e4_pool	F_e4;M_e4	excitatory_set3::Exc L6 THEMIS NFIA::AD_vs_NCI__Female__e4;excitatory_set3::Exc L6 THEMIS NFIA::AD_vs_NCI__Male__e4	validated_complete;validated_complete	AD_down_mito	35	16	12256	12620	9760	eligible	completed_no_significant	0	1.51499999999999	
mitochondrial_kda_run_manifest_v1	secondary_Exc_L6_THEMIS_NFIA_e4_pool_AD_both_mito	secondary	Exc L6 THEMIS NFIA	Excitatory_neurons	e4_pool	F_e4;M_e4	excitatory_set3::Exc L6 THEMIS NFIA::AD_vs_NCI__Female__e4;excitatory_set3::Exc L6 THEMIS NFIA::AD_vs_NCI__Male__e4	validated_complete;validated_complete	AD_both_mito	67	40	12256	12620	9760	eligible	completed_significant	4	2.94899999999996	
mitochondrial_kda_run_manifest_v1	primary_Exc_L6b_F_e2_AD_up_mito	primary	Exc L6b	Excitatory_neurons	F_e2	F_e2	excitatory_set3::Exc L6b::AD_vs_NCI__Female__e2	validated_complete	AD_up_mito	11	10	12681	12641	9771	eligible	completed_significant	1	0.649000000000001	
mitochondrial_kda_run_manifest_v1	primary_Exc_L6b_F_e2_AD_down_mito	primary	Exc L6b	Excitatory_neurons	F_e2	F_e2	excitatory_set3::Exc L6b::AD_vs_NCI__Female__e2	validated_complete	AD_down_mito	7	5	12681	12641	9771	eligible	completed_no_significant	0	0.390999999999963	
mitochondrial_kda_run_manifest_v1	primary_Exc_L6b_F_e2_AD_both_mito	primary	Exc L6b	Excitatory_neurons	F_e2	F_e2	excitatory_set3::Exc L6b::AD_vs_NCI__Female__e2	validated_complete	AD_both_mito	18	15	12681	12641	9771	eligible	completed_significant	1	1.01600000000008	
mitochondrial_kda_run_manifest_v1	primary_Exc_L6b_F_e33_AD_up_mito	primary	Exc L6b	Excitatory_neurons	F_e33	F_e33	excitatory_set3::Exc L6b::AD_vs_NCI__Female__e33	validated_complete	AD_up_mito	44	42	12189	12532	9686	eligible	completed_significant	23	2.33400000000006	
mitochondrial_kda_run_manifest_v1	primary_Exc_L6b_F_e33_AD_down_mito	primary	Exc L6b	Excitatory_neurons	F_e33	F_e33	excitatory_set3::Exc L6b::AD_vs_NCI__Female__e33	validated_complete	AD_down_mito	12	5	12189	12532	9686	eligible	completed_no_significant	0	0.503000000000043	
mitochondrial_kda_run_manifest_v1	primary_Exc_L6b_F_e33_AD_both_mito	primary	Exc L6b	Excitatory_neurons	F_e33	F_e33	excitatory_set3::Exc L6b::AD_vs_NCI__Female__e33	validated_complete	AD_both_mito	56	47	12189	12532	9686	eligible	completed_significant	19	2.51200000000006	
mitochondrial_kda_run_manifest_v1	primary_Exc_L6b_F_e4_AD_up_mito	primary	Exc L6b	Excitatory_neurons	F_e4	F_e4	excitatory_set3::Exc L6b::AD_vs_NCI__Female__e4	validated_complete	AD_up_mito	2	0	12789	12677	9799	effective_query_below_minimum	skipped_effective_query_below_minimum	0	0	
mitochondrial_kda_run_manifest_v1	primary_Exc_L6b_F_e4_AD_down_mito	primary	Exc L6b	Excitatory_neurons	F_e4	F_e4	excitatory_set3::Exc L6b::AD_vs_NCI__Female__e4	validated_complete	AD_down_mito	56	42	12789	12677	9799	eligible	completed_significant	2	3.00099999999998	
mitochondrial_kda_run_manifest_v1	primary_Exc_L6b_F_e4_AD_both_mito	primary	Exc L6b	Excitatory_neurons	F_e4	F_e4	excitatory_set3::Exc L6b::AD_vs_NCI__Female__e4	validated_complete	AD_both_mito	58	42	12789	12677	9799	eligible	completed_significant	2	3.01800000000003	
mitochondrial_kda_run_manifest_v1	primary_Exc_L6b_M_e2_AD_up_mito	primary	Exc L6b	Excitatory_neurons	M_e2	M_e2	excitatory_set3::Exc L6b::AD_vs_NCI__Male__e2	validated_complete	AD_up_mito	140	123	12430	12546	9707	eligible	completed_significant	3	5.16599999999994	
mitochondrial_kda_run_manifest_v1	primary_Exc_L6b_M_e2_AD_down_mito	primary	Exc L6b	Excitatory_neurons	M_e2	M_e2	excitatory_set3::Exc L6b::AD_vs_NCI__Male__e2	validated_complete	AD_down_mito	43	38	12430	12546	9707	eligible	completed_significant	4	2.29899999999998	
mitochondrial_kda_run_manifest_v1	primary_Exc_L6b_M_e2_AD_both_mito	primary	Exc L6b	Excitatory_neurons	M_e2	M_e2	excitatory_set3::Exc L6b::AD_vs_NCI__Male__e2	validated_complete	AD_both_mito	183	161	12430	12546	9707	eligible	completed_significant	2	6.07900000000007	
mitochondrial_kda_run_manifest_v1	primary_Exc_L6b_M_e33_AD_up_mito	primary	Exc L6b	Excitatory_neurons	M_e33	M_e33	excitatory_set3::Exc L6b::AD_vs_NCI__Male__e33	validated_complete	AD_up_mito	27	21	11757	12370	9566	eligible	completed_no_significant	0	0.928999999999974	
mitochondrial_kda_run_manifest_v1	primary_Exc_L6b_M_e33_AD_down_mito	primary	Exc L6b	Excitatory_neurons	M_e33	M_e33	excitatory_set3::Exc L6b::AD_vs_NCI__Male__e33	validated_complete	AD_down_mito	12	10	11757	12370	9566	eligible	completed_no_significant	0	0.560999999999922	
mitochondrial_kda_run_manifest_v1	primary_Exc_L6b_M_e33_AD_both_mito	primary	Exc L6b	Excitatory_neurons	M_e33	M_e33	excitatory_set3::Exc L6b::AD_vs_NCI__Male__e33	validated_complete	AD_both_mito	39	31	11757	12370	9566	eligible	completed_no_significant	0	1.67599999999993	
mitochondrial_kda_run_manifest_v1	primary_Exc_L6b_M_e4_AD_up_mito	primary	Exc L6b	Excitatory_neurons	M_e4	M_e4	excitatory_set3::Exc L6b::AD_vs_NCI__Male__e4	validated_complete	AD_up_mito	15	14	12439	12585	9726	eligible	completed_significant	1	1.154	
mitochondrial_kda_run_manifest_v1	primary_Exc_L6b_M_e4_AD_down_mito	primary	Exc L6b	Excitatory_neurons	M_e4	M_e4	excitatory_set3::Exc L6b::AD_vs_NCI__Male__e4	validated_complete	AD_down_mito	22	17	12439	12585	9726	eligible	completed_no_significant	0	1.07199999999989	
mitochondrial_kda_run_manifest_v1	primary_Exc_L6b_M_e4_AD_both_mito	primary	Exc L6b	Excitatory_neurons	M_e4	M_e4	excitatory_set3::Exc L6b::AD_vs_NCI__Male__e4	validated_complete	AD_both_mito	37	31	12439	12585	9726	eligible	completed_significant	1	2.22799999999984	
mitochondrial_kda_run_manifest_v1	secondary_Exc_L6b_female_pool_AD_up_mito	secondary	Exc L6b	Excitatory_neurons	female_pool	F_e2;F_e33;F_e4	excitatory_set3::Exc L6b::AD_vs_NCI__Female__e2;excitatory_set3::Exc L6b::AD_vs_NCI__Female__e33;excitatory_set3::Exc L6b::AD_vs_NCI__Female__e4	validated_complete;validated_complete;validated_complete	AD_up_mito	54	50	12069	12498	9663	eligible	completed_significant	18	2.46499999999992	
mitochondrial_kda_run_manifest_v1	secondary_Exc_L6b_female_pool_AD_down_mito	secondary	Exc L6b	Excitatory_neurons	female_pool	F_e2;F_e33;F_e4	excitatory_set3::Exc L6b::AD_vs_NCI__Female__e2;excitatory_set3::Exc L6b::AD_vs_NCI__Female__e33;excitatory_set3::Exc L6b::AD_vs_NCI__Female__e4	validated_complete;validated_complete;validated_complete	AD_down_mito	72	51	12069	12498	9663	eligible	completed_significant	1	3.33900000000017	
mitochondrial_kda_run_manifest_v1	secondary_Exc_L6b_female_pool_AD_both_mito	secondary	Exc L6b	Excitatory_neurons	female_pool	F_e2;F_e33;F_e4	excitatory_set3::Exc L6b::AD_vs_NCI__Female__e2;excitatory_set3::Exc L6b::AD_vs_NCI__Female__e33;excitatory_set3::Exc L6b::AD_vs_NCI__Female__e4	validated_complete;validated_complete;validated_complete	AD_both_mito	121	96	12069	12498	9663	eligible	completed_significant	14	4.87599999999998	
mitochondrial_kda_run_manifest_v1	secondary_Exc_L6b_male_pool_AD_up_mito	secondary	Exc L6b	Excitatory_neurons	male_pool	M_e2;M_e33;M_e4	excitatory_set3::Exc L6b::AD_vs_NCI__Male__e2;excitatory_set3::Exc L6b::AD_vs_NCI__Male__e33;excitatory_set3::Exc L6b::AD_vs_NCI__Male__e4	validated_complete;validated_complete;validated_complete	AD_up_mito	177	150	11693	12326	9535	eligible	completed_significant	2	5.45699999999988	
mitochondrial_kda_run_manifest_v1	secondary_Exc_L6b_male_pool_AD_down_mito	secondary	Exc L6b	Excitatory_neurons	male_pool	M_e2;M_e33;M_e4	excitatory_set3::Exc L6b::AD_vs_NCI__Male__e2;excitatory_set3::Exc L6b::AD_vs_NCI__Male__e33;excitatory_set3::Exc L6b::AD_vs_NCI__Male__e4	validated_complete;validated_complete;validated_complete	AD_down_mito	76	63	11693	12326	9535	eligible	completed_significant	1	3.3159999999998	
mitochondrial_kda_run_manifest_v1	secondary_Exc_L6b_male_pool_AD_both_mito	secondary	Exc L6b	Excitatory_neurons	male_pool	M_e2;M_e33;M_e4	excitatory_set3::Exc L6b::AD_vs_NCI__Male__e2;excitatory_set3::Exc L6b::AD_vs_NCI__Male__e33;excitatory_set3::Exc L6b::AD_vs_NCI__Male__e4	validated_complete;validated_complete;validated_complete	AD_both_mito	242	203	11693	12326	9535	eligible	completed_significant	4	6.84399999999982	
mitochondrial_kda_run_manifest_v1	secondary_Exc_L6b_e2_pool_AD_up_mito	secondary	Exc L6b	Excitatory_neurons	e2_pool	F_e2;M_e2	excitatory_set3::Exc L6b::AD_vs_NCI__Female__e2;excitatory_set3::Exc L6b::AD_vs_NCI__Male__e2	validated_complete;validated_complete	AD_up_mito	148	131	12178	12505	9673	eligible	completed_significant	3	5.07099999999991	
mitochondrial_kda_run_manifest_v1	secondary_Exc_L6b_e2_pool_AD_down_mito	secondary	Exc L6b	Excitatory_neurons	e2_pool	F_e2;M_e2	excitatory_set3::Exc L6b::AD_vs_NCI__Female__e2;excitatory_set3::Exc L6b::AD_vs_NCI__Male__e2	validated_complete;validated_complete	AD_down_mito	50	43	12178	12505	9673	eligible	completed_significant	3	2.79100000000017	
mitochondrial_kda_run_manifest_v1	secondary_Exc_L6b_e2_pool_AD_both_mito	secondary	Exc L6b	Excitatory_neurons	e2_pool	F_e2;M_e2	excitatory_set3::Exc L6b::AD_vs_NCI__Female__e2;excitatory_set3::Exc L6b::AD_vs_NCI__Male__e2	validated_complete;validated_complete	AD_both_mito	196	173	12178	12505	9673	eligible	completed_significant	4	6.18900000000008	
mitochondrial_kda_run_manifest_v1	secondary_Exc_L6b_e33_pool_AD_up_mito	secondary	Exc L6b	Excitatory_neurons	e33_pool	F_e33;M_e33	excitatory_set3::Exc L6b::AD_vs_NCI__Female__e33;excitatory_set3::Exc L6b::AD_vs_NCI__Male__e33	validated_complete;validated_complete	AD_up_mito	71	62	11724	12364	9560	eligible	completed_significant	14	2.68200000000002	
mitochondrial_kda_run_manifest_v1	secondary_Exc_L6b_e33_pool_AD_down_mito	secondary	Exc L6b	Excitatory_neurons	e33_pool	F_e33;M_e33	excitatory_set3::Exc L6b::AD_vs_NCI__Female__e33;excitatory_set3::Exc L6b::AD_vs_NCI__Male__e33	validated_complete;validated_complete	AD_down_mito	23	15	11724	12364	9560	eligible	completed_no_significant	0	1.03999999999996	
mitochondrial_kda_run_manifest_v1	secondary_Exc_L6b_e33_pool_AD_both_mito	secondary	Exc L6b	Excitatory_neurons	e33_pool	F_e33;M_e33	excitatory_set3::Exc L6b::AD_vs_NCI__Female__e33;excitatory_set3::Exc L6b::AD_vs_NCI__Male__e33	validated_complete;validated_complete	AD_both_mito	94	77	11724	12364	9560	eligible	completed_significant	11	3.60799999999995	
mitochondrial_kda_run_manifest_v1	secondary_Exc_L6b_e4_pool_AD_up_mito	secondary	Exc L6b	Excitatory_neurons	e4_pool	F_e4;M_e4	excitatory_set3::Exc L6b::AD_vs_NCI__Female__e4;excitatory_set3::Exc L6b::AD_vs_NCI__Male__e4	validated_complete;validated_complete	AD_up_mito	16	14	12306	12563	9709	eligible	completed_significant	1	1.17200000000003	
mitochondrial_kda_run_manifest_v1	secondary_Exc_L6b_e4_pool_AD_down_mito	secondary	Exc L6b	Excitatory_neurons	e4_pool	F_e4;M_e4	excitatory_set3::Exc L6b::AD_vs_NCI__Female__e4;excitatory_set3::Exc L6b::AD_vs_NCI__Male__e4	validated_complete;validated_complete	AD_down_mito	71	54	12306	12563	9709	eligible	completed_significant	1	3.40300000000002	
mitochondrial_kda_run_manifest_v1	secondary_Exc_L6b_e4_pool_AD_both_mito	secondary	Exc L6b	Excitatory_neurons	e4_pool	F_e4;M_e4	excitatory_set3::Exc L6b::AD_vs_NCI__Female__e4;excitatory_set3::Exc L6b::AD_vs_NCI__Male__e4	validated_complete;validated_complete	AD_both_mito	86	67	12306	12563	9709	eligible	completed_significant	2	3.94399999999996	
mitochondrial_kda_run_manifest_v1	primary_Exc_NRGN_F_e2_AD_up_mito	primary	Exc NRGN	Excitatory_neurons	F_e2	F_e2	excitatory_set3::Exc NRGN::AD_vs_NCI__Female__e2	validated_complete	AD_up_mito	0	0	4830	4763	3956	effective_query_below_minimum	skipped_effective_query_below_minimum	0	0	
mitochondrial_kda_run_manifest_v1	primary_Exc_NRGN_F_e2_AD_down_mito	primary	Exc NRGN	Excitatory_neurons	F_e2	F_e2	excitatory_set3::Exc NRGN::AD_vs_NCI__Female__e2	validated_complete	AD_down_mito	1	1	4830	4763	3956	effective_query_below_minimum	skipped_effective_query_below_minimum	0	0	
mitochondrial_kda_run_manifest_v1	primary_Exc_NRGN_F_e2_AD_both_mito	primary	Exc NRGN	Excitatory_neurons	F_e2	F_e2	excitatory_set3::Exc NRGN::AD_vs_NCI__Female__e2	validated_complete	AD_both_mito	1	1	4830	4763	3956	effective_query_below_minimum	skipped_effective_query_below_minimum	0	0	
mitochondrial_kda_run_manifest_v1	primary_Exc_NRGN_F_e33_AD_up_mito	primary	Exc NRGN	Excitatory_neurons	F_e33	F_e33	excitatory_set3::Exc NRGN::AD_vs_NCI__Female__e33	validated_complete	AD_up_mito	5	5	4461	4379	3661	eligible	completed_no_significant	0	0.163999999999987	
mitochondrial_kda_run_manifest_v1	primary_Exc_NRGN_F_e33_AD_down_mito	primary	Exc NRGN	Excitatory_neurons	F_e33	F_e33	excitatory_set3::Exc NRGN::AD_vs_NCI__Female__e33	validated_complete	AD_down_mito	9	9	4461	4379	3661	eligible	completed_no_significant	0	0.330000000000155	
mitochondrial_kda_run_manifest_v1	primary_Exc_NRGN_F_e33_AD_both_mito	primary	Exc NRGN	Excitatory_neurons	F_e33	F_e33	excitatory_set3::Exc NRGN::AD_vs_NCI__Female__e33	validated_complete	AD_both_mito	14	14	4461	4379	3661	eligible	completed_no_significant	0	0.476999999999862	
mitochondrial_kda_run_manifest_v1	primary_Exc_NRGN_F_e4_AD_up_mito	primary	Exc NRGN	Excitatory_neurons	F_e4	F_e4	excitatory_set3::Exc NRGN::AD_vs_NCI__Female__e4	validated_complete	AD_up_mito	1	0	4552	4442	3720	effective_query_below_minimum	skipped_effective_query_below_minimum	0	0	
mitochondrial_kda_run_manifest_v1	primary_Exc_NRGN_F_e4_AD_down_mito	primary	Exc NRGN	Excitatory_neurons	F_e4	F_e4	excitatory_set3::Exc NRGN::AD_vs_NCI__Female__e4	validated_complete	AD_down_mito	5	5	4552	4442	3720	eligible	completed_significant	5	0.130999999999858	
mitochondrial_kda_run_manifest_v1	primary_Exc_NRGN_F_e4_AD_both_mito	primary	Exc NRGN	Excitatory_neurons	F_e4	F_e4	excitatory_set3::Exc NRGN::AD_vs_NCI__Female__e4	validated_complete	AD_both_mito	6	5	4552	4442	3720	eligible	completed_significant	5	0.130000000000109	
mitochondrial_kda_run_manifest_v1	primary_Exc_NRGN_M_e2_AD_up_mito	primary	Exc NRGN	Excitatory_neurons	M_e2	M_e2	excitatory_set3::Exc NRGN::AD_vs_NCI__Male__e2	validated_complete	AD_up_mito	107	91	5154	5116	4239	eligible	completed_significant	18	1.98800000000006	
mitochondrial_kda_run_manifest_v1	primary_Exc_NRGN_M_e2_AD_down_mito	primary	Exc NRGN	Excitatory_neurons	M_e2	M_e2	excitatory_set3::Exc NRGN::AD_vs_NCI__Male__e2	validated_complete	AD_down_mito	74	64	5154	5116	4239	eligible	completed_significant	10	1.30500000000006	
mitochondrial_kda_run_manifest_v1	primary_Exc_NRGN_M_e2_AD_both_mito	primary	Exc NRGN	Excitatory_neurons	M_e2	M_e2	excitatory_set3::Exc NRGN::AD_vs_NCI__Male__e2	validated_complete	AD_both_mito	181	155	5154	5116	4239	eligible	completed_significant	7	2.69600000000014	
mitochondrial_kda_run_manifest_v1	primary_Exc_NRGN_M_e33_AD_up_mito	primary	Exc NRGN	Excitatory_neurons	M_e33	M_e33	excitatory_set3::Exc NRGN::AD_vs_NCI__Male__e33	validated_complete	AD_up_mito	46	45	4636	4557	3823	eligible	completed_no_significant	0	1.08600000000001	
mitochondrial_kda_run_manifest_v1	primary_Exc_NRGN_M_e33_AD_down_mito	primary	Exc NRGN	Excitatory_neurons	M_e33	M_e33	excitatory_set3::Exc NRGN::AD_vs_NCI__Male__e33	validated_complete	AD_down_mito	158	136	4636	4557	3823	eligible	completed_significant	51	1.45000000000005	
mitochondrial_kda_run_manifest_v1	primary_Exc_NRGN_M_e33_AD_both_mito	primary	Exc NRGN	Excitatory_neurons	M_e33	M_e33	excitatory_set3::Exc NRGN::AD_vs_NCI__Male__e33	validated_complete	AD_both_mito	204	181	4636	4557	3823	eligible	completed_significant	24	2.36699999999996	
mitochondrial_kda_run_manifest_v1	primary_Exc_NRGN_M_e4_AD_up_mito	primary	Exc NRGN	Excitatory_neurons	M_e4	M_e4	excitatory_set3::Exc NRGN::AD_vs_NCI__Male__e4	validated_complete	AD_up_mito	33	30	6307	6526	5306	eligible	completed_significant	3	1.18200000000002	
mitochondrial_kda_run_manifest_v1	primary_Exc_NRGN_M_e4_AD_down_mito	primary	Exc NRGN	Excitatory_neurons	M_e4	M_e4	excitatory_set3::Exc NRGN::AD_vs_NCI__Male__e4	validated_complete	AD_down_mito	82	75	6307	6526	5306	eligible	completed_significant	15	1.9190000000001	
mitochondrial_kda_run_manifest_v1	primary_Exc_NRGN_M_e4_AD_both_mito	primary	Exc NRGN	Excitatory_neurons	M_e4	M_e4	excitatory_set3::Exc NRGN::AD_vs_NCI__Male__e4	validated_complete	AD_both_mito	115	105	6307	6526	5306	eligible	completed_significant	10	2.74900000000002	
mitochondrial_kda_run_manifest_v1	secondary_Exc_NRGN_female_pool_AD_up_mito	secondary	Exc NRGN	Excitatory_neurons	female_pool	F_e2;F_e33;F_e4	excitatory_set3::Exc NRGN::AD_vs_NCI__Female__e2;excitatory_set3::Exc NRGN::AD_vs_NCI__Female__e33;excitatory_set3::Exc NRGN::AD_vs_NCI__Female__e4	validated_complete;validated_complete;validated_complete	AD_up_mito	6	3	4203	4061	3430	eligible	completed_significant	5	0.130000000000109	
mitochondrial_kda_run_manifest_v1	secondary_Exc_NRGN_female_pool_AD_down_mito	secondary	Exc NRGN	Excitatory_neurons	female_pool	F_e2;F_e33;F_e4	excitatory_set3::Exc NRGN::AD_vs_NCI__Female__e2;excitatory_set3::Exc NRGN::AD_vs_NCI__Female__e33;excitatory_set3::Exc NRGN::AD_vs_NCI__Female__e4	validated_complete;validated_complete;validated_complete	AD_down_mito	15	14	4203	4061	3430	eligible	completed_no_significant	0	0.394999999999982	
mitochondrial_kda_run_manifest_v1	secondary_Exc_NRGN_female_pool_AD_both_mito	secondary	Exc NRGN	Excitatory_neurons	female_pool	F_e2;F_e33;F_e4	excitatory_set3::Exc NRGN::AD_vs_NCI__Female__e2;excitatory_set3::Exc NRGN::AD_vs_NCI__Female__e33;excitatory_set3::Exc NRGN::AD_vs_NCI__Female__e4	validated_complete;validated_complete;validated_complete	AD_both_mito	21	17	4203	4061	3430	eligible	completed_no_significant	0	0.510999999999967	
mitochondrial_kda_run_manifest_v1	secondary_Exc_NRGN_male_pool_AD_up_mito	secondary	Exc NRGN	Excitatory_neurons	male_pool	M_e2;M_e33;M_e4	excitatory_set3::Exc NRGN::AD_vs_NCI__Male__e2;excitatory_set3::Exc NRGN::AD_vs_NCI__Male__e33;excitatory_set3::Exc NRGN::AD_vs_NCI__Male__e4	validated_complete;validated_complete;validated_complete	AD_up_mito	170	115	4353	4243	3580	eligible	completed_significant	6	1.95500000000015	
mitochondrial_kda_run_manifest_v1	secondary_Exc_NRGN_male_pool_AD_down_mito	secondary	Exc NRGN	Excitatory_neurons	male_pool	M_e2;M_e33;M_e4	excitatory_set3::Exc NRGN::AD_vs_NCI__Male__e2;excitatory_set3::Exc NRGN::AD_vs_NCI__Male__e33;excitatory_set3::Exc NRGN::AD_vs_NCI__Male__e4	validated_complete;validated_complete;validated_complete	AD_down_mito	246	182	4353	4243	3580	eligible	completed_significant	25	2.42699999999991	
mitochondrial_kda_run_manifest_v1	secondary_Exc_NRGN_male_pool_AD_both_mito	secondary	Exc NRGN	Excitatory_neurons	male_pool	M_e2;M_e33;M_e4	excitatory_set3::Exc NRGN::AD_vs_NCI__Male__e2;excitatory_set3::Exc NRGN::AD_vs_NCI__Male__e33;excitatory_set3::Exc NRGN::AD_vs_NCI__Male__e4	validated_complete;validated_complete;validated_complete	AD_both_mito	303	199	4353	4243	3580	eligible	completed_significant	24	2.25099999999998	
mitochondrial_kda_run_manifest_v1	secondary_Exc_NRGN_e2_pool_AD_up_mito	secondary	Exc NRGN	Excitatory_neurons	e2_pool	F_e2;M_e2	excitatory_set3::Exc NRGN::AD_vs_NCI__Female__e2;excitatory_set3::Exc NRGN::AD_vs_NCI__Male__e2	validated_complete;validated_complete	AD_up_mito	107	89	4345	4235	3539	eligible	completed_significant	16	1.55600000000004	
mitochondrial_kda_run_manifest_v1	secondary_Exc_NRGN_e2_pool_AD_down_mito	secondary	Exc NRGN	Excitatory_neurons	e2_pool	F_e2;M_e2	excitatory_set3::Exc NRGN::AD_vs_NCI__Female__e2;excitatory_set3::Exc NRGN::AD_vs_NCI__Male__e2	validated_complete;validated_complete	AD_down_mito	75	41	4345	4235	3539	eligible	completed_significant	7	0.797000000000026	
mitochondrial_kda_run_manifest_v1	secondary_Exc_NRGN_e2_pool_AD_both_mito	secondary	Exc NRGN	Excitatory_neurons	e2_pool	F_e2;M_e2	excitatory_set3::Exc NRGN::AD_vs_NCI__Female__e2;excitatory_set3::Exc NRGN::AD_vs_NCI__Male__e2	validated_complete;validated_complete	AD_both_mito	181	129	4345	4235	3539	eligible	completed_significant	7	2.07600000000002	
mitochondrial_kda_run_manifest_v1	secondary_Exc_NRGN_e33_pool_AD_up_mito	secondary	Exc NRGN	Excitatory_neurons	e33_pool	F_e33;M_e33	excitatory_set3::Exc NRGN::AD_vs_NCI__Female__e33;excitatory_set3::Exc NRGN::AD_vs_NCI__Male__e33	validated_complete;validated_complete	AD_up_mito	47	22	4059	3880	3301	eligible	completed_no_significant	0	0.603000000000066	
mitochondrial_kda_run_manifest_v1	secondary_Exc_NRGN_e33_pool_AD_down_mito	secondary	Exc NRGN	Excitatory_neurons	e33_pool	F_e33;M_e33	excitatory_set3::Exc NRGN::AD_vs_NCI__Female__e33;excitatory_set3::Exc NRGN::AD_vs_NCI__Male__e33	validated_complete;validated_complete	AD_down_mito	162	137	4059	3880	3301	eligible	completed_significant	35	1.29700000000003	
mitochondrial_kda_run_manifest_v1	secondary_Exc_NRGN_e33_pool_AD_both_mito	secondary	Exc NRGN	Excitatory_neurons	e33_pool	F_e33;M_e33	excitatory_set3::Exc NRGN::AD_vs_NCI__Female__e33;excitatory_set3::Exc NRGN::AD_vs_NCI__Male__e33	validated_complete;validated_complete	AD_both_mito	209	159	4059	3880	3301	eligible	completed_significant	24	2.01800000000003	
mitochondrial_kda_run_manifest_v1	secondary_Exc_NRGN_e4_pool_AD_up_mito	secondary	Exc NRGN	Excitatory_neurons	e4_pool	F_e4;M_e4	excitatory_set3::Exc NRGN::AD_vs_NCI__Female__e4;excitatory_set3::Exc NRGN::AD_vs_NCI__Male__e4	validated_complete;validated_complete	AD_up_mito	34	11	4503	4383	3681	eligible	completed_no_significant	0	0.295000000000073	
mitochondrial_kda_run_manifest_v1	secondary_Exc_NRGN_e4_pool_AD_down_mito	secondary	Exc NRGN	Excitatory_neurons	e4_pool	F_e4;M_e4	excitatory_set3::Exc NRGN::AD_vs_NCI__Female__e4;excitatory_set3::Exc NRGN::AD_vs_NCI__Male__e4	validated_complete;validated_complete	AD_down_mito	85	70	4503	4383	3681	eligible	completed_significant	13	1.31200000000013	
mitochondrial_kda_run_manifest_v1	secondary_Exc_NRGN_e4_pool_AD_both_mito	secondary	Exc NRGN	Excitatory_neurons	e4_pool	F_e4;M_e4	excitatory_set3::Exc NRGN::AD_vs_NCI__Female__e4;excitatory_set3::Exc NRGN::AD_vs_NCI__Male__e4	validated_complete;validated_complete	AD_both_mito	119	81	4503	4383	3681	eligible	completed_significant	12	1.60199999999986	
mitochondrial_kda_run_manifest_v1	primary_Exc_RELN_CHD7_F_e2_AD_up_mito	primary	Exc RELN CHD7	Excitatory_neurons	F_e2	F_e2	excitatory_set3::Exc RELN CHD7::AD_vs_NCI__Female__e2	validated_complete	AD_up_mito	20	18	9435	10161	8024	eligible	completed_significant	4	0.914999999999964	
mitochondrial_kda_run_manifest_v1	primary_Exc_RELN_CHD7_F_e2_AD_down_mito	primary	Exc RELN CHD7	Excitatory_neurons	F_e2	F_e2	excitatory_set3::Exc RELN CHD7::AD_vs_NCI__Female__e2	validated_complete	AD_down_mito	8	5	9435	10161	8024	eligible	completed_significant	12	0.182999999999993	
mitochondrial_kda_run_manifest_v1	primary_Exc_RELN_CHD7_F_e2_AD_both_mito	primary	Exc RELN CHD7	Excitatory_neurons	F_e2	F_e2	excitatory_set3::Exc RELN CHD7::AD_vs_NCI__Female__e2	validated_complete	AD_both_mito	28	23	9435	10161	8024	eligible	completed_significant	4	1.05899999999997	
mitochondrial_kda_run_manifest_v1	primary_Exc_RELN_CHD7_F_e33_AD_up_mito	primary	Exc RELN CHD7	Excitatory_neurons	F_e33	F_e33	excitatory_set3::Exc RELN CHD7::AD_vs_NCI__Female__e33	validated_complete	AD_up_mito	56	48	7582	7944	6458	eligible	completed_significant	4	1.58699999999999	
mitochondrial_kda_run_manifest_v1	primary_Exc_RELN_CHD7_F_e33_AD_down_mito	primary	Exc RELN CHD7	Excitatory_neurons	F_e33	F_e33	excitatory_set3::Exc RELN CHD7::AD_vs_NCI__Female__e33	validated_complete	AD_down_mito	61	55	7582	7944	6458	eligible	completed_significant	2	1.83500000000004	
mitochondrial_kda_run_manifest_v1	primary_Exc_RELN_CHD7_F_e33_AD_both_mito	primary	Exc RELN CHD7	Excitatory_neurons	F_e33	F_e33	excitatory_set3::Exc RELN CHD7::AD_vs_NCI__Female__e33	validated_complete	AD_both_mito	117	103	7582	7944	6458	eligible	completed_no_significant	0	3.32100000000014	
mitochondrial_kda_run_manifest_v1	primary_Exc_RELN_CHD7_F_e4_AD_up_mito	primary	Exc RELN CHD7	Excitatory_neurons	F_e4	F_e4	excitatory_set3::Exc RELN CHD7::AD_vs_NCI__Female__e4	validated_complete	AD_up_mito	70	63	8695	9435	7514	eligible	completed_no_significant	0	2.70100000000002	
mitochondrial_kda_run_manifest_v1	primary_Exc_RELN_CHD7_F_e4_AD_down_mito	primary	Exc RELN CHD7	Excitatory_neurons	F_e4	F_e4	excitatory_set3::Exc RELN CHD7::AD_vs_NCI__Female__e4	validated_complete	AD_down_mito	140	126	8695	9435	7514	eligible	completed_significant	17	3.1400000000001	
mitochondrial_kda_run_manifest_v1	primary_Exc_RELN_CHD7_F_e4_AD_both_mito	primary	Exc RELN CHD7	Excitatory_neurons	F_e4	F_e4	excitatory_set3::Exc RELN CHD7::AD_vs_NCI__Female__e4	validated_complete	AD_both_mito	210	189	8695	9435	7514	eligible	completed_significant	12	4.86699999999996	
mitochondrial_kda_run_manifest_v1	primary_Exc_RELN_CHD7_M_e2_AD_up_mito	primary	Exc RELN CHD7	Excitatory_neurons	M_e2	M_e2	excitatory_set3::Exc RELN CHD7::AD_vs_NCI__Male__e2	validated_complete	AD_up_mito	28	24	7644	7955	6472	eligible	completed_significant	4	0.988000000000056	
mitochondrial_kda_run_manifest_v1	primary_Exc_RELN_CHD7_M_e2_AD_down_mito	primary	Exc RELN CHD7	Excitatory_neurons	M_e2	M_e2	excitatory_set3::Exc RELN CHD7::AD_vs_NCI__Male__e2	validated_complete	AD_down_mito	41	38	7644	7955	6472	eligible	completed_significant	18	1.11000000000013	
mitochondrial_kda_run_manifest_v1	primary_Exc_RELN_CHD7_M_e2_AD_both_mito	primary	Exc RELN CHD7	Excitatory_neurons	M_e2	M_e2	excitatory_set3::Exc RELN CHD7::AD_vs_NCI__Male__e2	validated_complete	AD_both_mito	69	62	7644	7955	6472	eligible	completed_significant	15	2.0139999999999	
mitochondrial_kda_run_manifest_v1	primary_Exc_RELN_CHD7_M_e33_AD_up_mito	primary	Exc RELN CHD7	Excitatory_neurons	M_e33	M_e33	excitatory_set3::Exc RELN CHD7::AD_vs_NCI__Male__e33	validated_complete	AD_up_mito	13	11	5605	5515	4676	eligible	completed_no_significant	0	0.437999999999875	
mitochondrial_kda_run_manifest_v1	primary_Exc_RELN_CHD7_M_e33_AD_down_mito	primary	Exc RELN CHD7	Excitatory_neurons	M_e33	M_e33	excitatory_set3::Exc RELN CHD7::AD_vs_NCI__Male__e33	validated_complete	AD_down_mito	54	42	5605	5515	4676	eligible	completed_significant	24	0.722000000000207	
mitochondrial_kda_run_manifest_v1	primary_Exc_RELN_CHD7_M_e33_AD_both_mito	primary	Exc RELN CHD7	Excitatory_neurons	M_e33	M_e33	excitatory_set3::Exc RELN CHD7::AD_vs_NCI__Male__e33	validated_complete	AD_both_mito	67	53	5605	5515	4676	eligible	completed_significant	21	1.08600000000001	
mitochondrial_kda_run_manifest_v1	primary_Exc_RELN_CHD7_M_e4_AD_up_mito	primary	Exc RELN CHD7	Excitatory_neurons	M_e4	M_e4	excitatory_set3::Exc RELN CHD7::AD_vs_NCI__Male__e4	validated_complete	AD_up_mito	142	122	6935	7199	5873	eligible	completed_significant	23	2.53400000000011	
mitochondrial_kda_run_manifest_v1	primary_Exc_RELN_CHD7_M_e4_AD_down_mito	primary	Exc RELN CHD7	Excitatory_neurons	M_e4	M_e4	excitatory_set3::Exc RELN CHD7::AD_vs_NCI__Male__e4	validated_complete	AD_down_mito	77	63	6935	7199	5873	eligible	completed_no_significant	0	1.90700000000015	
mitochondrial_kda_run_manifest_v1	primary_Exc_RELN_CHD7_M_e4_AD_both_mito	primary	Exc RELN CHD7	Excitatory_neurons	M_e4	M_e4	excitatory_set3::Exc RELN CHD7::AD_vs_NCI__Male__e4	validated_complete	AD_both_mito	219	185	6935	7199	5873	eligible	completed_significant	2	3.59099999999989	
mitochondrial_kda_run_manifest_v1	secondary_Exc_RELN_CHD7_female_pool_AD_up_mito	secondary	Exc RELN CHD7	Excitatory_neurons	female_pool	F_e2;F_e33;F_e4	excitatory_set3::Exc RELN CHD7::AD_vs_NCI__Female__e2;excitatory_set3::Exc RELN CHD7::AD_vs_NCI__Female__e33;excitatory_set3::Exc RELN CHD7::AD_vs_NCI__Female__e4	validated_complete;validated_complete;validated_complete	AD_up_mito	139	104	7418	7824	6366	eligible	completed_significant	9	3.02699999999982	
mitochondrial_kda_run_manifest_v1	secondary_Exc_RELN_CHD7_female_pool_AD_down_mito	secondary	Exc RELN CHD7	Excitatory_neurons	female_pool	F_e2;F_e33;F_e4	excitatory_set3::Exc RELN CHD7::AD_vs_NCI__Female__e2;excitatory_set3::Exc RELN CHD7::AD_vs_NCI__Female__e33;excitatory_set3::Exc RELN CHD7::AD_vs_NCI__Female__e4	validated_complete;validated_complete;validated_complete	AD_down_mito	199	142	7418	7824	6366	eligible	completed_significant	7	3.40999999999985	
mitochondrial_kda_run_manifest_v1	secondary_Exc_RELN_CHD7_female_pool_AD_both_mito	secondary	Exc RELN CHD7	Excitatory_neurons	female_pool	F_e2;F_e33;F_e4	excitatory_set3::Exc RELN CHD7::AD_vs_NCI__Female__e2;excitatory_set3::Exc RELN CHD7::AD_vs_NCI__Female__e33;excitatory_set3::Exc RELN CHD7::AD_vs_NCI__Female__e4	validated_complete;validated_complete;validated_complete	AD_both_mito	307	220	7418	7824	6366	eligible	completed_significant	10	4.34800000000018	
mitochondrial_kda_run_manifest_v1	secondary_Exc_RELN_CHD7_male_pool_AD_up_mito	secondary	Exc RELN CHD7	Excitatory_neurons	male_pool	M_e2;M_e33;M_e4	excitatory_set3::Exc RELN CHD7::AD_vs_NCI__Male__e2;excitatory_set3::Exc RELN CHD7::AD_vs_NCI__Male__e33;excitatory_set3::Exc RELN CHD7::AD_vs_NCI__Male__e4	validated_complete;validated_complete;validated_complete	AD_up_mito	177	90	5396	5325	4512	eligible	completed_significant	12	1.74500000000012	
mitochondrial_kda_run_manifest_v1	secondary_Exc_RELN_CHD7_male_pool_AD_down_mito	secondary	Exc RELN CHD7	Excitatory_neurons	male_pool	M_e2;M_e33;M_e4	excitatory_set3::Exc RELN CHD7::AD_vs_NCI__Male__e2;excitatory_set3::Exc RELN CHD7::AD_vs_NCI__Male__e33;excitatory_set3::Exc RELN CHD7::AD_vs_NCI__Male__e4	validated_complete;validated_complete;validated_complete	AD_down_mito	155	101	5396	5325	4512	eligible	completed_significant	4	2.01600000000008	
mitochondrial_kda_run_manifest_v1	secondary_Exc_RELN_CHD7_male_pool_AD_both_mito	secondary	Exc RELN CHD7	Excitatory_neurons	male_pool	M_e2;M_e33;M_e4	excitatory_set3::Exc RELN CHD7::AD_vs_NCI__Male__e2;excitatory_set3::Exc RELN CHD7::AD_vs_NCI__Male__e33;excitatory_set3::Exc RELN CHD7::AD_vs_NCI__Male__e4	validated_complete;validated_complete;validated_complete	AD_both_mito	269	147	5396	5325	4512	eligible	completed_significant	5	2.74900000000002	
mitochondrial_kda_run_manifest_v1	secondary_Exc_RELN_CHD7_e2_pool_AD_up_mito	secondary	Exc RELN CHD7	Excitatory_neurons	e2_pool	F_e2;M_e2	excitatory_set3::Exc RELN CHD7::AD_vs_NCI__Female__e2;excitatory_set3::Exc RELN CHD7::AD_vs_NCI__Male__e2	validated_complete;validated_complete	AD_up_mito	48	36	7436	7795	6350	eligible	completed_significant	4	1.28800000000001	
mitochondrial_kda_run_manifest_v1	secondary_Exc_RELN_CHD7_e2_pool_AD_down_mito	secondary	Exc RELN CHD7	Excitatory_neurons	e2_pool	F_e2;M_e2	excitatory_set3::Exc RELN CHD7::AD_vs_NCI__Female__e2;excitatory_set3::Exc RELN CHD7::AD_vs_NCI__Male__e2	validated_complete;validated_complete	AD_down_mito	49	38	7436	7795	6350	eligible	completed_significant	18	1.096	
mitochondrial_kda_run_manifest_v1	secondary_Exc_RELN_CHD7_e2_pool_AD_both_mito	secondary	Exc RELN CHD7	Excitatory_neurons	e2_pool	F_e2;M_e2	excitatory_set3::Exc RELN CHD7::AD_vs_NCI__Female__e2;excitatory_set3::Exc RELN CHD7::AD_vs_NCI__Male__e2	validated_complete;validated_complete	AD_both_mito	94	72	7436	7795	6350	eligible	completed_significant	16	2.10799999999995	
mitochondrial_kda_run_manifest_v1	secondary_Exc_RELN_CHD7_e33_pool_AD_up_mito	secondary	Exc RELN CHD7	Excitatory_neurons	e33_pool	F_e33;M_e33	excitatory_set3::Exc RELN CHD7::AD_vs_NCI__Female__e33;excitatory_set3::Exc RELN CHD7::AD_vs_NCI__Male__e33	validated_complete;validated_complete	AD_up_mito	69	41	5571	5503	4664	eligible	completed_significant	7	1.02099999999996	
mitochondrial_kda_run_manifest_v1	secondary_Exc_RELN_CHD7_e33_pool_AD_down_mito	secondary	Exc RELN CHD7	Excitatory_neurons	e33_pool	F_e33;M_e33	excitatory_set3::Exc RELN CHD7::AD_vs_NCI__Female__e33;excitatory_set3::Exc RELN CHD7::AD_vs_NCI__Male__e33	validated_complete;validated_complete	AD_down_mito	115	86	5571	5503	4664	eligible	completed_significant	10	1.75199999999995	
mitochondrial_kda_run_manifest_v1	secondary_Exc_RELN_CHD7_e33_pool_AD_both_mito	secondary	Exc RELN CHD7	Excitatory_neurons	e33_pool	F_e33;M_e33	excitatory_set3::Exc RELN CHD7::AD_vs_NCI__Female__e33;excitatory_set3::Exc RELN CHD7::AD_vs_NCI__Male__e33	validated_complete;validated_complete	AD_both_mito	148	98	5571	5503	4664	eligible	completed_significant	9	1.94000000000005	
mitochondrial_kda_run_manifest_v1	secondary_Exc_RELN_CHD7_e4_pool_AD_up_mito	secondary	Exc RELN CHD7	Excitatory_neurons	e4_pool	F_e4;M_e4	excitatory_set3::Exc RELN CHD7::AD_vs_NCI__Female__e4;excitatory_set3::Exc RELN CHD7::AD_vs_NCI__Male__e4	validated_complete;validated_complete	AD_up_mito	199	155	6854	7161	5841	eligible	completed_significant	12	3.38000000000011	
mitochondrial_kda_run_manifest_v1	secondary_Exc_RELN_CHD7_e4_pool_AD_down_mito	secondary	Exc RELN CHD7	Excitatory_neurons	e4_pool	F_e4;M_e4	excitatory_set3::Exc RELN CHD7::AD_vs_NCI__Female__e4;excitatory_set3::Exc RELN CHD7::AD_vs_NCI__Male__e4	validated_complete;validated_complete	AD_down_mito	209	148	6854	7161	5841	eligible	completed_significant	5	2.97399999999993	
mitochondrial_kda_run_manifest_v1	secondary_Exc_RELN_CHD7_e4_pool_AD_both_mito	secondary	Exc RELN CHD7	Excitatory_neurons	e4_pool	F_e4;M_e4	excitatory_set3::Exc RELN CHD7::AD_vs_NCI__Female__e4;excitatory_set3::Exc RELN CHD7::AD_vs_NCI__Male__e4	validated_complete;validated_complete	AD_both_mito	348	252	6854	7161	5841	eligible	completed_significant	5	4.18799999999987	
mitochondrial_kda_run_manifest_v1	primary_Fib_FLRT2_F_e2_AD_up_mito	primary	Fib FLRT2	Vasculature_cells	F_e2	F_e2	vasculature::Fib FLRT2::AD_vs_NCI__Female__e2	validated_complete	AD_up_mito	0	0	5416	3528	3587	effective_query_below_minimum	skipped_effective_query_below_minimum	0	0	
mitochondrial_kda_run_manifest_v1	primary_Fib_FLRT2_F_e2_AD_down_mito	primary	Fib FLRT2	Vasculature_cells	F_e2	F_e2	vasculature::Fib FLRT2::AD_vs_NCI__Female__e2	validated_complete	AD_down_mito	0	0	5416	3528	3587	effective_query_below_minimum	skipped_effective_query_below_minimum	0	0	
mitochondrial_kda_run_manifest_v1	primary_Fib_FLRT2_F_e2_AD_both_mito	primary	Fib FLRT2	Vasculature_cells	F_e2	F_e2	vasculature::Fib FLRT2::AD_vs_NCI__Female__e2	validated_complete	AD_both_mito	0	0	5416	3528	3587	effective_query_below_minimum	skipped_effective_query_below_minimum	0	0	
mitochondrial_kda_run_manifest_v1	primary_Fib_FLRT2_F_e33_AD_up_mito	primary	Fib FLRT2	Vasculature_cells	F_e33	F_e33	vasculature::Fib FLRT2::AD_vs_NCI__Female__e33	validated_complete	AD_up_mito	0	0	5637	3735	3791	effective_query_below_minimum	skipped_effective_query_below_minimum	0	0	
mitochondrial_kda_run_manifest_v1	primary_Fib_FLRT2_F_e33_AD_down_mito	primary	Fib FLRT2	Vasculature_cells	F_e33	F_e33	vasculature::Fib FLRT2::AD_vs_NCI__Female__e33	validated_complete	AD_down_mito	0	0	5637	3735	3791	effective_query_below_minimum	skipped_effective_query_below_minimum	0	0	
mitochondrial_kda_run_manifest_v1	primary_Fib_FLRT2_F_e33_AD_both_mito	primary	Fib FLRT2	Vasculature_cells	F_e33	F_e33	vasculature::Fib FLRT2::AD_vs_NCI__Female__e33	validated_complete	AD_both_mito	0	0	5637	3735	3791	effective_query_below_minimum	skipped_effective_query_below_minimum	0	0	
mitochondrial_kda_run_manifest_v1	primary_Fib_FLRT2_F_e4_AD_up_mito	primary	Fib FLRT2	Vasculature_cells	F_e4	F_e4	vasculature::Fib FLRT2::AD_vs_NCI__Female__e4	validated_complete	AD_up_mito	0	0	5582	3683	3744	effective_query_below_minimum	skipped_effective_query_below_minimum	0	0	
mitochondrial_kda_run_manifest_v1	primary_Fib_FLRT2_F_e4_AD_down_mito	primary	Fib FLRT2	Vasculature_cells	F_e4	F_e4	vasculature::Fib FLRT2::AD_vs_NCI__Female__e4	validated_complete	AD_down_mito	0	0	5582	3683	3744	effective_query_below_minimum	skipped_effective_query_below_minimum	0	0	
mitochondrial_kda_run_manifest_v1	primary_Fib_FLRT2_F_e4_AD_both_mito	primary	Fib FLRT2	Vasculature_cells	F_e4	F_e4	vasculature::Fib FLRT2::AD_vs_NCI__Female__e4	validated_complete	AD_both_mito	0	0	5582	3683	3744	effective_query_below_minimum	skipped_effective_query_below_minimum	0	0	
mitochondrial_kda_run_manifest_v1	primary_Fib_FLRT2_M_e2_AD_up_mito	primary	Fib FLRT2	Vasculature_cells	M_e2	M_e2	vasculature::Fib FLRT2::AD_vs_NCI__Male__e2	validated_complete	AD_up_mito	0	0	4900	3273	3334	effective_query_below_minimum	skipped_effective_query_below_minimum	0	0	
mitochondrial_kda_run_manifest_v1	primary_Fib_FLRT2_M_e2_AD_down_mito	primary	Fib FLRT2	Vasculature_cells	M_e2	M_e2	vasculature::Fib FLRT2::AD_vs_NCI__Male__e2	validated_complete	AD_down_mito	0	0	4900	3273	3334	effective_query_below_minimum	skipped_effective_query_below_minimum	0	0	
mitochondrial_kda_run_manifest_v1	primary_Fib_FLRT2_M_e2_AD_both_mito	primary	Fib FLRT2	Vasculature_cells	M_e2	M_e2	vasculature::Fib FLRT2::AD_vs_NCI__Male__e2	validated_complete	AD_both_mito	0	0	4900	3273	3334	effective_query_below_minimum	skipped_effective_query_below_minimum	0	0	
mitochondrial_kda_run_manifest_v1	primary_Fib_FLRT2_M_e33_AD_up_mito	primary	Fib FLRT2	Vasculature_cells	M_e33	M_e33	vasculature::Fib FLRT2::AD_vs_NCI__Male__e33	validated_complete	AD_up_mito	0	0	5448	3642	3699	effective_query_below_minimum	skipped_effective_query_below_minimum	0	0	
mitochondrial_kda_run_manifest_v1	primary_Fib_FLRT2_M_e33_AD_down_mito	primary	Fib FLRT2	Vasculature_cells	M_e33	M_e33	vasculature::Fib FLRT2::AD_vs_NCI__Male__e33	validated_complete	AD_down_mito	0	0	5448	3642	3699	effective_query_below_minimum	skipped_effective_query_below_minimum	0	0	
mitochondrial_kda_run_manifest_v1	primary_Fib_FLRT2_M_e33_AD_both_mito	primary	Fib FLRT2	Vasculature_cells	M_e33	M_e33	vasculature::Fib FLRT2::AD_vs_NCI__Male__e33	validated_complete	AD_both_mito	0	0	5448	3642	3699	effective_query_below_minimum	skipped_effective_query_below_minimum	0	0	
mitochondrial_kda_run_manifest_v1	primary_Fib_FLRT2_M_e4_AD_up_mito	primary	Fib FLRT2	Vasculature_cells	M_e4	M_e4	vasculature::Fib FLRT2::AD_vs_NCI__Male__e4	validated_complete	AD_up_mito	0	0	5298	3567	3620	effective_query_below_minimum	skipped_effective_query_below_minimum	0	0	
mitochondrial_kda_run_manifest_v1	primary_Fib_FLRT2_M_e4_AD_down_mito	primary	Fib FLRT2	Vasculature_cells	M_e4	M_e4	vasculature::Fib FLRT2::AD_vs_NCI__Male__e4	validated_complete	AD_down_mito	2	2	5298	3567	3620	effective_query_below_minimum	skipped_effective_query_below_minimum	0	0	
mitochondrial_kda_run_manifest_v1	primary_Fib_FLRT2_M_e4_AD_both_mito	primary	Fib FLRT2	Vasculature_cells	M_e4	M_e4	vasculature::Fib FLRT2::AD_vs_NCI__Male__e4	validated_complete	AD_both_mito	2	2	5298	3567	3620	effective_query_below_minimum	skipped_effective_query_below_minimum	0	0	
mitochondrial_kda_run_manifest_v1	secondary_Fib_FLRT2_female_pool_AD_up_mito	secondary	Fib FLRT2	Vasculature_cells	female_pool	F_e2;F_e33;F_e4	vasculature::Fib FLRT2::AD_vs_NCI__Female__e2;vasculature::Fib FLRT2::AD_vs_NCI__Female__e33;vasculature::Fib FLRT2::AD_vs_NCI__Female__e4	validated_complete;validated_complete;validated_complete	AD_up_mito	0	0	4711	3336	3392	effective_query_below_minimum	skipped_effective_query_below_minimum	0	0	
mitochondrial_kda_run_manifest_v1	secondary_Fib_FLRT2_female_pool_AD_down_mito	secondary	Fib FLRT2	Vasculature_cells	female_pool	F_e2;F_e33;F_e4	vasculature::Fib FLRT2::AD_vs_NCI__Female__e2;vasculature::Fib FLRT2::AD_vs_NCI__Female__e33;vasculature::Fib FLRT2::AD_vs_NCI__Female__e4	validated_complete;validated_complete;validated_complete	AD_down_mito	0	0	4711	3336	3392	effective_query_below_minimum	skipped_effective_query_below_minimum	0	0	
mitochondrial_kda_run_manifest_v1	secondary_Fib_FLRT2_female_pool_AD_both_mito	secondary	Fib FLRT2	Vasculature_cells	female_pool	F_e2;F_e33;F_e4	vasculature::Fib FLRT2::AD_vs_NCI__Female__e2;vasculature::Fib FLRT2::AD_vs_NCI__Female__e33;vasculature::Fib FLRT2::AD_vs_NCI__Female__e4	validated_complete;validated_complete;validated_complete	AD_both_mito	0	0	4711	3336	3392	effective_query_below_minimum	skipped_effective_query_below_minimum	0	0	
mitochondrial_kda_run_manifest_v1	secondary_Fib_FLRT2_male_pool_AD_up_mito	secondary	Fib FLRT2	Vasculature_cells	male_pool	M_e2;M_e33;M_e4	vasculature::Fib FLRT2::AD_vs_NCI__Male__e2;vasculature::Fib FLRT2::AD_vs_NCI__Male__e33;vasculature::Fib FLRT2::AD_vs_NCI__Male__e4	validated_complete;validated_complete;validated_complete	AD_up_mito	0	0	4163	3060	3114	effective_query_below_minimum	skipped_effective_query_below_minimum	0	0	
mitochondrial_kda_run_manifest_v1	secondary_Fib_FLRT2_male_pool_AD_down_mito	secondary	Fib FLRT2	Vasculature_cells	male_pool	M_e2;M_e33;M_e4	vasculature::Fib FLRT2::AD_vs_NCI__Male__e2;vasculature::Fib FLRT2::AD_vs_NCI__Male__e33;vasculature::Fib FLRT2::AD_vs_NCI__Male__e4	validated_complete;validated_complete;validated_complete	AD_down_mito	2	1	4163	3060	3114	effective_query_below_minimum	skipped_effective_query_below_minimum	0	0	
mitochondrial_kda_run_manifest_v1	secondary_Fib_FLRT2_male_pool_AD_both_mito	secondary	Fib FLRT2	Vasculature_cells	male_pool	M_e2;M_e33;M_e4	vasculature::Fib FLRT2::AD_vs_NCI__Male__e2;vasculature::Fib FLRT2::AD_vs_NCI__Male__e33;vasculature::Fib FLRT2::AD_vs_NCI__Male__e4	validated_complete;validated_complete;validated_complete	AD_both_mito	2	1	4163	3060	3114	effective_query_below_minimum	skipped_effective_query_below_minimum	0	0	
mitochondrial_kda_run_manifest_v1	secondary_Fib_FLRT2_e2_pool_AD_up_mito	secondary	Fib FLRT2	Vasculature_cells	e2_pool	F_e2;M_e2	vasculature::Fib FLRT2::AD_vs_NCI__Female__e2;vasculature::Fib FLRT2::AD_vs_NCI__Male__e2	validated_complete;validated_complete	AD_up_mito	0	0	4245	3061	3118	effective_query_below_minimum	skipped_effective_query_below_minimum	0	0	
mitochondrial_kda_run_manifest_v1	secondary_Fib_FLRT2_e2_pool_AD_down_mito	secondary	Fib FLRT2	Vasculature_cells	e2_pool	F_e2;M_e2	vasculature::Fib FLRT2::AD_vs_NCI__Female__e2;vasculature::Fib FLRT2::AD_vs_NCI__Male__e2	validated_complete;validated_complete	AD_down_mito	0	0	4245	3061	3118	effective_query_below_minimum	skipped_effective_query_below_minimum	0	0	
mitochondrial_kda_run_manifest_v1	secondary_Fib_FLRT2_e2_pool_AD_both_mito	secondary	Fib FLRT2	Vasculature_cells	e2_pool	F_e2;M_e2	vasculature::Fib FLRT2::AD_vs_NCI__Female__e2;vasculature::Fib FLRT2::AD_vs_NCI__Male__e2	validated_complete;validated_complete	AD_both_mito	0	0	4245	3061	3118	effective_query_below_minimum	skipped_effective_query_below_minimum	0	0	
mitochondrial_kda_run_manifest_v1	secondary_Fib_FLRT2_e33_pool_AD_up_mito	secondary	Fib FLRT2	Vasculature_cells	e33_pool	F_e33;M_e33	vasculature::Fib FLRT2::AD_vs_NCI__Female__e33;vasculature::Fib FLRT2::AD_vs_NCI__Male__e33	validated_complete;validated_complete	AD_up_mito	0	0	5187	3568	3622	effective_query_below_minimum	skipped_effective_query_below_minimum	0	0	
mitochondrial_kda_run_manifest_v1	secondary_Fib_FLRT2_e33_pool_AD_down_mito	secondary	Fib FLRT2	Vasculature_cells	e33_pool	F_e33;M_e33	vasculature::Fib FLRT2::AD_vs_NCI__Female__e33;vasculature::Fib FLRT2::AD_vs_NCI__Male__e33	validated_complete;validated_complete	AD_down_mito	0	0	5187	3568	3622	effective_query_below_minimum	skipped_effective_query_below_minimum	0	0	
mitochondrial_kda_run_manifest_v1	secondary_Fib_FLRT2_e33_pool_AD_both_mito	secondary	Fib FLRT2	Vasculature_cells	e33_pool	F_e33;M_e33	vasculature::Fib FLRT2::AD_vs_NCI__Female__e33;vasculature::Fib FLRT2::AD_vs_NCI__Male__e33	validated_complete;validated_complete	AD_both_mito	0	0	5187	3568	3622	effective_query_below_minimum	skipped_effective_query_below_minimum	0	0	
mitochondrial_kda_run_manifest_v1	secondary_Fib_FLRT2_e4_pool_AD_up_mito	secondary	Fib FLRT2	Vasculature_cells	e4_pool	F_e4;M_e4	vasculature::Fib FLRT2::AD_vs_NCI__Female__e4;vasculature::Fib FLRT2::AD_vs_NCI__Male__e4	validated_complete;validated_complete	AD_up_mito	0	0	4866	3441	3492	effective_query_below_minimum	skipped_effective_query_below_minimum	0	0	
mitochondrial_kda_run_manifest_v1	secondary_Fib_FLRT2_e4_pool_AD_down_mito	secondary	Fib FLRT2	Vasculature_cells	e4_pool	F_e4;M_e4	vasculature::Fib FLRT2::AD_vs_NCI__Female__e4;vasculature::Fib FLRT2::AD_vs_NCI__Male__e4	validated_complete;validated_complete	AD_down_mito	2	1	4866	3441	3492	effective_query_below_minimum	skipped_effective_query_below_minimum	0	0	
mitochondrial_kda_run_manifest_v1	secondary_Fib_FLRT2_e4_pool_AD_both_mito	secondary	Fib FLRT2	Vasculature_cells	e4_pool	F_e4;M_e4	vasculature::Fib FLRT2::AD_vs_NCI__Female__e4;vasculature::Fib FLRT2::AD_vs_NCI__Male__e4	validated_complete;validated_complete	AD_both_mito	2	1	4866	3441	3492	effective_query_below_minimum	skipped_effective_query_below_minimum	0	0	
mitochondrial_kda_run_manifest_v1	primary_Fib_SLC4A4_F_e2_AD_up_mito	primary	Fib SLC4A4	Vasculature_cells	F_e2	F_e2	vasculature::Fib SLC4A4::AD_vs_NCI__Female__e2	validated_complete	AD_up_mito	0	0	6135	3254	3346	effective_query_below_minimum	skipped_effective_query_below_minimum	0	0	
mitochondrial_kda_run_manifest_v1	primary_Fib_SLC4A4_F_e2_AD_down_mito	primary	Fib SLC4A4	Vasculature_cells	F_e2	F_e2	vasculature::Fib SLC4A4::AD_vs_NCI__Female__e2	validated_complete	AD_down_mito	0	0	6135	3254	3346	effective_query_below_minimum	skipped_effective_query_below_minimum	0	0	
mitochondrial_kda_run_manifest_v1	primary_Fib_SLC4A4_F_e2_AD_both_mito	primary	Fib SLC4A4	Vasculature_cells	F_e2	F_e2	vasculature::Fib SLC4A4::AD_vs_NCI__Female__e2	validated_complete	AD_both_mito	0	0	6135	3254	3346	effective_query_below_minimum	skipped_effective_query_below_minimum	0	0	
mitochondrial_kda_run_manifest_v1	primary_Fib_SLC4A4_F_e33_AD_up_mito	primary	Fib SLC4A4	Vasculature_cells	F_e33	F_e33	vasculature::Fib SLC4A4::AD_vs_NCI__Female__e33	validated_complete	AD_up_mito	0	0	6167	3677	3754	effective_query_below_minimum	skipped_effective_query_below_minimum	0	0	
mitochondrial_kda_run_manifest_v1	primary_Fib_SLC4A4_F_e33_AD_down_mito	primary	Fib SLC4A4	Vasculature_cells	F_e33	F_e33	vasculature::Fib SLC4A4::AD_vs_NCI__Female__e33	validated_complete	AD_down_mito	0	0	6167	3677	3754	effective_query_below_minimum	skipped_effective_query_below_minimum	0	0	
mitochondrial_kda_run_manifest_v1	primary_Fib_SLC4A4_F_e33_AD_both_mito	primary	Fib SLC4A4	Vasculature_cells	F_e33	F_e33	vasculature::Fib SLC4A4::AD_vs_NCI__Female__e33	validated_complete	AD_both_mito	0	0	6167	3677	3754	effective_query_below_minimum	skipped_effective_query_below_minimum	0	0	
mitochondrial_kda_run_manifest_v1	primary_Fib_SLC4A4_F_e4_AD_up_mito	primary	Fib SLC4A4	Vasculature_cells	F_e4	F_e4	vasculature::Fib SLC4A4::AD_vs_NCI__Female__e4	validated_complete	AD_up_mito	0	0	6689	3727	3791	effective_query_below_minimum	skipped_effective_query_below_minimum	0	0	
mitochondrial_kda_run_manifest_v1	primary_Fib_SLC4A4_F_e4_AD_down_mito	primary	Fib SLC4A4	Vasculature_cells	F_e4	F_e4	vasculature::Fib SLC4A4::AD_vs_NCI__Female__e4	validated_complete	AD_down_mito	0	0	6689	3727	3791	effective_query_below_minimum	skipped_effective_query_below_minimum	0	0	
mitochondrial_kda_run_manifest_v1	primary_Fib_SLC4A4_F_e4_AD_both_mito	primary	Fib SLC4A4	Vasculature_cells	F_e4	F_e4	vasculature::Fib SLC4A4::AD_vs_NCI__Female__e4	validated_complete	AD_both_mito	0	0	6689	3727	3791	effective_query_below_minimum	skipped_effective_query_below_minimum	0	0	
mitochondrial_kda_run_manifest_v1	primary_Fib_SLC4A4_M_e2_AD_up_mito	primary	Fib SLC4A4	Vasculature_cells	M_e2	M_e2	vasculature::Fib SLC4A4::AD_vs_NCI__Male__e2	not_estimable	AD_up_mito	0	0	0	0	0	source_contrast_not_validated	skipped_source_contrast_not_validated	0	0	
mitochondrial_kda_run_manifest_v1	primary_Fib_SLC4A4_M_e2_AD_down_mito	primary	Fib SLC4A4	Vasculature_cells	M_e2	M_e2	vasculature::Fib SLC4A4::AD_vs_NCI__Male__e2	not_estimable	AD_down_mito	0	0	0	0	0	source_contrast_not_validated	skipped_source_contrast_not_validated	0	0	
mitochondrial_kda_run_manifest_v1	primary_Fib_SLC4A4_M_e2_AD_both_mito	primary	Fib SLC4A4	Vasculature_cells	M_e2	M_e2	vasculature::Fib SLC4A4::AD_vs_NCI__Male__e2	not_estimable	AD_both_mito	0	0	0	0	0	source_contrast_not_validated	skipped_source_contrast_not_validated	0	0	
mitochondrial_kda_run_manifest_v1	primary_Fib_SLC4A4_M_e33_AD_up_mito	primary	Fib SLC4A4	Vasculature_cells	M_e33	M_e33	vasculature::Fib SLC4A4::AD_vs_NCI__Male__e33	validated_complete	AD_up_mito	0	0	4695	3146	3227	effective_query_below_minimum	skipped_effective_query_below_minimum	0	0	
mitochondrial_kda_run_manifest_v1	primary_Fib_SLC4A4_M_e33_AD_down_mito	primary	Fib SLC4A4	Vasculature_cells	M_e33	M_e33	vasculature::Fib SLC4A4::AD_vs_NCI__Male__e33	validated_complete	AD_down_mito	0	0	4695	3146	3227	effective_query_below_minimum	skipped_effective_query_below_minimum	0	0	
mitochondrial_kda_run_manifest_v1	primary_Fib_SLC4A4_M_e33_AD_both_mito	primary	Fib SLC4A4	Vasculature_cells	M_e33	M_e33	vasculature::Fib SLC4A4::AD_vs_NCI__Male__e33	validated_complete	AD_both_mito	0	0	4695	3146	3227	effective_query_below_minimum	skipped_effective_query_below_minimum	0	0	
mitochondrial_kda_run_manifest_v1	primary_Fib_SLC4A4_M_e4_AD_up_mito	primary	Fib SLC4A4	Vasculature_cells	M_e4	M_e4	vasculature::Fib SLC4A4::AD_vs_NCI__Male__e4	validated_complete	AD_up_mito	0	0	6230	3437	3528	effective_query_below_minimum	skipped_effective_query_below_minimum	0	0	
mitochondrial_kda_run_manifest_v1	primary_Fib_SLC4A4_M_e4_AD_down_mito	primary	Fib SLC4A4	Vasculature_cells	M_e4	M_e4	vasculature::Fib SLC4A4::AD_vs_NCI__Male__e4	validated_complete	AD_down_mito	0	0	6230	3437	3528	effective_query_below_minimum	skipped_effective_query_below_minimum	0	0	
mitochondrial_kda_run_manifest_v1	primary_Fib_SLC4A4_M_e4_AD_both_mito	primary	Fib SLC4A4	Vasculature_cells	M_e4	M_e4	vasculature::Fib SLC4A4::AD_vs_NCI__Male__e4	validated_complete	AD_both_mito	0	0	6230	3437	3528	effective_query_below_minimum	skipped_effective_query_below_minimum	0	0	
mitochondrial_kda_run_manifest_v1	secondary_Fib_SLC4A4_female_pool_AD_up_mito	secondary	Fib SLC4A4	Vasculature_cells	female_pool	F_e2;F_e33;F_e4	vasculature::Fib SLC4A4::AD_vs_NCI__Female__e2;vasculature::Fib SLC4A4::AD_vs_NCI__Female__e33;vasculature::Fib SLC4A4::AD_vs_NCI__Female__e4	validated_complete;validated_complete;validated_complete	AD_up_mito	0	0	4185	2847	2929	effective_query_below_minimum	skipped_effective_query_below_minimum	0	0	
mitochondrial_kda_run_manifest_v1	secondary_Fib_SLC4A4_female_pool_AD_down_mito	secondary	Fib SLC4A4	Vasculature_cells	female_pool	F_e2;F_e33;F_e4	vasculature::Fib SLC4A4::AD_vs_NCI__Female__e2;vasculature::Fib SLC4A4::AD_vs_NCI__Female__e33;vasculature::Fib SLC4A4::AD_vs_NCI__Female__e4	validated_complete;validated_complete;validated_complete	AD_down_mito	0	0	4185	2847	2929	effective_query_below_minimum	skipped_effective_query_below_minimum	0	0	
mitochondrial_kda_run_manifest_v1	secondary_Fib_SLC4A4_female_pool_AD_both_mito	secondary	Fib SLC4A4	Vasculature_cells	female_pool	F_e2;F_e33;F_e4	vasculature::Fib SLC4A4::AD_vs_NCI__Female__e2;vasculature::Fib SLC4A4::AD_vs_NCI__Female__e33;vasculature::Fib SLC4A4::AD_vs_NCI__Female__e4	validated_complete;validated_complete;validated_complete	AD_both_mito	0	0	4185	2847	2929	effective_query_below_minimum	skipped_effective_query_below_minimum	0	0	
mitochondrial_kda_run_manifest_v1	secondary_Fib_SLC4A4_male_pool_AD_up_mito	secondary	Fib SLC4A4	Vasculature_cells	male_pool	M_e2;M_e33;M_e4	vasculature::Fib SLC4A4::AD_vs_NCI__Male__e2;vasculature::Fib SLC4A4::AD_vs_NCI__Male__e33;vasculature::Fib SLC4A4::AD_vs_NCI__Male__e4	not_estimable;validated_complete;validated_complete	AD_up_mito	0	0	0	0	0	source_contrast_not_validated	skipped_source_contrast_not_validated	0	0	
mitochondrial_kda_run_manifest_v1	secondary_Fib_SLC4A4_male_pool_AD_down_mito	secondary	Fib SLC4A4	Vasculature_cells	male_pool	M_e2;M_e33;M_e4	vasculature::Fib SLC4A4::AD_vs_NCI__Male__e2;vasculature::Fib SLC4A4::AD_vs_NCI__Male__e33;vasculature::Fib SLC4A4::AD_vs_NCI__Male__e4	not_estimable;validated_complete;validated_complete	AD_down_mito	0	0	0	0	0	source_contrast_not_validated	skipped_source_contrast_not_validated	0	0	
mitochondrial_kda_run_manifest_v1	secondary_Fib_SLC4A4_male_pool_AD_both_mito	secondary	Fib SLC4A4	Vasculature_cells	male_pool	M_e2;M_e33;M_e4	vasculature::Fib SLC4A4::AD_vs_NCI__Male__e2;vasculature::Fib SLC4A4::AD_vs_NCI__Male__e33;vasculature::Fib SLC4A4::AD_vs_NCI__Male__e4	not_estimable;validated_complete;validated_complete	AD_both_mito	0	0	0	0	0	source_contrast_not_validated	skipped_source_contrast_not_validated	0	0	
mitochondrial_kda_run_manifest_v1	secondary_Fib_SLC4A4_e2_pool_AD_up_mito	secondary	Fib SLC4A4	Vasculature_cells	e2_pool	F_e2;M_e2	vasculature::Fib SLC4A4::AD_vs_NCI__Female__e2;vasculature::Fib SLC4A4::AD_vs_NCI__Male__e2	validated_complete;not_estimable	AD_up_mito	0	0	0	0	0	source_contrast_not_validated	skipped_source_contrast_not_validated	0	0	
mitochondrial_kda_run_manifest_v1	secondary_Fib_SLC4A4_e2_pool_AD_down_mito	secondary	Fib SLC4A4	Vasculature_cells	e2_pool	F_e2;M_e2	vasculature::Fib SLC4A4::AD_vs_NCI__Female__e2;vasculature::Fib SLC4A4::AD_vs_NCI__Male__e2	validated_complete;not_estimable	AD_down_mito	0	0	0	0	0	source_contrast_not_validated	skipped_source_contrast_not_validated	0	0	
mitochondrial_kda_run_manifest_v1	secondary_Fib_SLC4A4_e2_pool_AD_both_mito	secondary	Fib SLC4A4	Vasculature_cells	e2_pool	F_e2;M_e2	vasculature::Fib SLC4A4::AD_vs_NCI__Female__e2;vasculature::Fib SLC4A4::AD_vs_NCI__Male__e2	validated_complete;not_estimable	AD_both_mito	0	0	0	0	0	source_contrast_not_validated	skipped_source_contrast_not_validated	0	0	
mitochondrial_kda_run_manifest_v1	secondary_Fib_SLC4A4_e33_pool_AD_up_mito	secondary	Fib SLC4A4	Vasculature_cells	e33_pool	F_e33;M_e33	vasculature::Fib SLC4A4::AD_vs_NCI__Female__e33;vasculature::Fib SLC4A4::AD_vs_NCI__Male__e33	validated_complete;validated_complete	AD_up_mito	0	0	4440	3063	3140	effective_query_below_minimum	skipped_effective_query_below_minimum	0	0	
mitochondrial_kda_run_manifest_v1	secondary_Fib_SLC4A4_e33_pool_AD_down_mito	secondary	Fib SLC4A4	Vasculature_cells	e33_pool	F_e33;M_e33	vasculature::Fib SLC4A4::AD_vs_NCI__Female__e33;vasculature::Fib SLC4A4::AD_vs_NCI__Male__e33	validated_complete;validated_complete	AD_down_mito	0	0	4440	3063	3140	effective_query_below_minimum	skipped_effective_query_below_minimum	0	0	
mitochondrial_kda_run_manifest_v1	secondary_Fib_SLC4A4_e33_pool_AD_both_mito	secondary	Fib SLC4A4	Vasculature_cells	e33_pool	F_e33;M_e33	vasculature::Fib SLC4A4::AD_vs_NCI__Female__e33;vasculature::Fib SLC4A4::AD_vs_NCI__Male__e33	validated_complete;validated_complete	AD_both_mito	0	0	4440	3063	3140	effective_query_below_minimum	skipped_effective_query_below_minimum	0	0	
mitochondrial_kda_run_manifest_v1	secondary_Fib_SLC4A4_e4_pool_AD_up_mito	secondary	Fib SLC4A4	Vasculature_cells	e4_pool	F_e4;M_e4	vasculature::Fib SLC4A4::AD_vs_NCI__Female__e4;vasculature::Fib SLC4A4::AD_vs_NCI__Male__e4	validated_complete;validated_complete	AD_up_mito	0	0	4974	3147	3229	effective_query_below_minimum	skipped_effective_query_below_minimum	0	0	
mitochondrial_kda_run_manifest_v1	secondary_Fib_SLC4A4_e4_pool_AD_down_mito	secondary	Fib SLC4A4	Vasculature_cells	e4_pool	F_e4;M_e4	vasculature::Fib SLC4A4::AD_vs_NCI__Female__e4;vasculature::Fib SLC4A4::AD_vs_NCI__Male__e4	validated_complete;validated_complete	AD_down_mito	0	0	4974	3147	3229	effective_query_below_minimum	skipped_effective_query_below_minimum	0	0	
mitochondrial_kda_run_manifest_v1	secondary_Fib_SLC4A4_e4_pool_AD_both_mito	secondary	Fib SLC4A4	Vasculature_cells	e4_pool	F_e4;M_e4	vasculature::Fib SLC4A4::AD_vs_NCI__Female__e4;vasculature::Fib SLC4A4::AD_vs_NCI__Male__e4	validated_complete;validated_complete	AD_both_mito	0	0	4974	3147	3229	effective_query_below_minimum	skipped_effective_query_below_minimum	0	0	
mitochondrial_kda_run_manifest_v1	primary_Inh_ALCAM_TRPM3_F_e2_AD_up_mito	primary	Inh ALCAM TRPM3	Inhibitory_neurons	F_e2	F_e2	inhibitory::Inh ALCAM TRPM3::AD_vs_NCI__Female__e2	validated_complete	AD_up_mito	5	5	10491	9344	8600	eligible	completed_significant	9	0.365000000000009	
mitochondrial_kda_run_manifest_v1	primary_Inh_ALCAM_TRPM3_F_e2_AD_down_mito	primary	Inh ALCAM TRPM3	Inhibitory_neurons	F_e2	F_e2	inhibitory::Inh ALCAM TRPM3::AD_vs_NCI__Female__e2	validated_complete	AD_down_mito	5	5	10491	9344	8600	eligible	completed_no_significant	0	0.200000000000045	
mitochondrial_kda_run_manifest_v1	primary_Inh_ALCAM_TRPM3_F_e2_AD_both_mito	primary	Inh ALCAM TRPM3	Inhibitory_neurons	F_e2	F_e2	inhibitory::Inh ALCAM TRPM3::AD_vs_NCI__Female__e2	validated_complete	AD_both_mito	10	10	10491	9344	8600	eligible	completed_significant	4	0.542000000000144	
mitochondrial_kda_run_manifest_v1	primary_Inh_ALCAM_TRPM3_F_e33_AD_up_mito	primary	Inh ALCAM TRPM3	Inhibitory_neurons	F_e33	F_e33	inhibitory::Inh ALCAM TRPM3::AD_vs_NCI__Female__e33	validated_complete	AD_up_mito	3	3	10619	9420	8673	eligible	completed_significant	10	0.123999999999796	
mitochondrial_kda_run_manifest_v1	primary_Inh_ALCAM_TRPM3_F_e33_AD_down_mito	primary	Inh ALCAM TRPM3	Inhibitory_neurons	F_e33	F_e33	inhibitory::Inh ALCAM TRPM3::AD_vs_NCI__Female__e33	validated_complete	AD_down_mito	5	5	10619	9420	8673	eligible	completed_no_significant	0	0.462999999999965	
mitochondrial_kda_run_manifest_v1	primary_Inh_ALCAM_TRPM3_F_e33_AD_both_mito	primary	Inh ALCAM TRPM3	Inhibitory_neurons	F_e33	F_e33	inhibitory::Inh ALCAM TRPM3::AD_vs_NCI__Female__e33	validated_complete	AD_both_mito	8	8	10619	9420	8673	eligible	completed_significant	10	0.358999999999924	
mitochondrial_kda_run_manifest_v1	primary_Inh_ALCAM_TRPM3_F_e4_AD_up_mito	primary	Inh ALCAM TRPM3	Inhibitory_neurons	F_e4	F_e4	inhibitory::Inh ALCAM TRPM3::AD_vs_NCI__Female__e4	validated_complete	AD_up_mito	0	0	10310	9312	8569	effective_query_below_minimum	skipped_effective_query_below_minimum	0	0	
mitochondrial_kda_run_manifest_v1	primary_Inh_ALCAM_TRPM3_F_e4_AD_down_mito	primary	Inh ALCAM TRPM3	Inhibitory_neurons	F_e4	F_e4	inhibitory::Inh ALCAM TRPM3::AD_vs_NCI__Female__e4	validated_complete	AD_down_mito	5	4	10310	9312	8569	eligible	completed_significant	6	0.243999999999915	
mitochondrial_kda_run_manifest_v1	primary_Inh_ALCAM_TRPM3_F_e4_AD_both_mito	primary	Inh ALCAM TRPM3	Inhibitory_neurons	F_e4	F_e4	inhibitory::Inh ALCAM TRPM3::AD_vs_NCI__Female__e4	validated_complete	AD_both_mito	5	4	10310	9312	8569	eligible	completed_significant	6	0.248000000000047	
mitochondrial_kda_run_manifest_v1	primary_Inh_ALCAM_TRPM3_M_e2_AD_up_mito	primary	Inh ALCAM TRPM3	Inhibitory_neurons	M_e2	M_e2	inhibitory::Inh ALCAM TRPM3::AD_vs_NCI__Male__e2	validated_complete	AD_up_mito	0	0	10205	9156	8427	effective_query_below_minimum	skipped_effective_query_below_minimum	0	0	
mitochondrial_kda_run_manifest_v1	primary_Inh_ALCAM_TRPM3_M_e2_AD_down_mito	primary	Inh ALCAM TRPM3	Inhibitory_neurons	M_e2	M_e2	inhibitory::Inh ALCAM TRPM3::AD_vs_NCI__Male__e2	validated_complete	AD_down_mito	2	2	10205	9156	8427	effective_query_below_minimum	skipped_effective_query_below_minimum	0	0	
mitochondrial_kda_run_manifest_v1	primary_Inh_ALCAM_TRPM3_M_e2_AD_both_mito	primary	Inh ALCAM TRPM3	Inhibitory_neurons	M_e2	M_e2	inhibitory::Inh ALCAM TRPM3::AD_vs_NCI__Male__e2	validated_complete	AD_both_mito	2	2	10205	9156	8427	effective_query_below_minimum	skipped_effective_query_below_minimum	0	0	
mitochondrial_kda_run_manifest_v1	primary_Inh_ALCAM_TRPM3_M_e33_AD_up_mito	primary	Inh ALCAM TRPM3	Inhibitory_neurons	M_e33	M_e33	inhibitory::Inh ALCAM TRPM3::AD_vs_NCI__Male__e33	validated_complete	AD_up_mito	5	4	10134	9253	8519	eligible	completed_significant	3	0.197000000000116	
mitochondrial_kda_run_manifest_v1	primary_Inh_ALCAM_TRPM3_M_e33_AD_down_mito	primary	Inh ALCAM TRPM3	Inhibitory_neurons	M_e33	M_e33	inhibitory::Inh ALCAM TRPM3::AD_vs_NCI__Male__e33	validated_complete	AD_down_mito	4	3	10134	9253	8519	eligible	completed_significant	2	0.214999999999918	
mitochondrial_kda_run_manifest_v1	primary_Inh_ALCAM_TRPM3_M_e33_AD_both_mito	primary	Inh ALCAM TRPM3	Inhibitory_neurons	M_e33	M_e33	inhibitory::Inh ALCAM TRPM3::AD_vs_NCI__Male__e33	validated_complete	AD_both_mito	9	7	10134	9253	8519	eligible	completed_significant	2	0.40300000000002	
mitochondrial_kda_run_manifest_v1	primary_Inh_ALCAM_TRPM3_M_e4_AD_up_mito	primary	Inh ALCAM TRPM3	Inhibitory_neurons	M_e4	M_e4	inhibitory::Inh ALCAM TRPM3::AD_vs_NCI__Male__e4	validated_complete	AD_up_mito	0	0	10019	9171	8451	effective_query_below_minimum	skipped_effective_query_below_minimum	0	0	
mitochondrial_kda_run_manifest_v1	primary_Inh_ALCAM_TRPM3_M_e4_AD_down_mito	primary	Inh ALCAM TRPM3	Inhibitory_neurons	M_e4	M_e4	inhibitory::Inh ALCAM TRPM3::AD_vs_NCI__Male__e4	validated_complete	AD_down_mito	3	2	10019	9171	8451	effective_query_below_minimum	skipped_effective_query_below_minimum	0	0	
mitochondrial_kda_run_manifest_v1	primary_Inh_ALCAM_TRPM3_M_e4_AD_both_mito	primary	Inh ALCAM TRPM3	Inhibitory_neurons	M_e4	M_e4	inhibitory::Inh ALCAM TRPM3::AD_vs_NCI__Male__e4	validated_complete	AD_both_mito	3	2	10019	9171	8451	effective_query_below_minimum	skipped_effective_query_below_minimum	0	0	
mitochondrial_kda_run_manifest_v1	secondary_Inh_ALCAM_TRPM3_female_pool_AD_up_mito	secondary	Inh ALCAM TRPM3	Inhibitory_neurons	female_pool	F_e2;F_e33;F_e4	inhibitory::Inh ALCAM TRPM3::AD_vs_NCI__Female__e2;inhibitory::Inh ALCAM TRPM3::AD_vs_NCI__Female__e33;inhibitory::Inh ALCAM TRPM3::AD_vs_NCI__Female__e4	validated_complete;validated_complete;validated_complete	AD_up_mito	7	7	10005	9190	8458	eligible	completed_significant	9	0.359000000000151	
mitochondrial_kda_run_manifest_v1	secondary_Inh_ALCAM_TRPM3_female_pool_AD_down_mito	secondary	Inh ALCAM TRPM3	Inhibitory_neurons	female_pool	F_e2;F_e33;F_e4	inhibitory::Inh ALCAM TRPM3::AD_vs_NCI__Female__e2;inhibitory::Inh ALCAM TRPM3::AD_vs_NCI__Female__e33;inhibitory::Inh ALCAM TRPM3::AD_vs_NCI__Female__e4	validated_complete;validated_complete;validated_complete	AD_down_mito	15	13	10005	9190	8458	eligible	completed_no_significant	0	0.644000000000006	
mitochondrial_kda_run_manifest_v1	secondary_Inh_ALCAM_TRPM3_female_pool_AD_both_mito	secondary	Inh ALCAM TRPM3	Inhibitory_neurons	female_pool	F_e2;F_e33;F_e4	inhibitory::Inh ALCAM TRPM3::AD_vs_NCI__Female__e2;inhibitory::Inh ALCAM TRPM3::AD_vs_NCI__Female__e33;inhibitory::Inh ALCAM TRPM3::AD_vs_NCI__Female__e4	validated_complete;validated_complete;validated_complete	AD_both_mito	21	19	10005	9190	8458	eligible	completed_significant	7	0.870000000000118	
mitochondrial_kda_run_manifest_v1	secondary_Inh_ALCAM_TRPM3_male_pool_AD_up_mito	secondary	Inh ALCAM TRPM3	Inhibitory_neurons	male_pool	M_e2;M_e33;M_e4	inhibitory::Inh ALCAM TRPM3::AD_vs_NCI__Male__e2;inhibitory::Inh ALCAM TRPM3::AD_vs_NCI__Male__e33;inhibitory::Inh ALCAM TRPM3::AD_vs_NCI__Male__e4	validated_complete;validated_complete;validated_complete	AD_up_mito	5	4	9585	8937	8237	eligible	completed_significant	4	0.17899999999986	
mitochondrial_kda_run_manifest_v1	secondary_Inh_ALCAM_TRPM3_male_pool_AD_down_mito	secondary	Inh ALCAM TRPM3	Inhibitory_neurons	male_pool	M_e2;M_e33;M_e4	inhibitory::Inh ALCAM TRPM3::AD_vs_NCI__Male__e2;inhibitory::Inh ALCAM TRPM3::AD_vs_NCI__Male__e33;inhibitory::Inh ALCAM TRPM3::AD_vs_NCI__Male__e4	validated_complete;validated_complete;validated_complete	AD_down_mito	9	7	9585	8937	8237	eligible	completed_significant	8	0.401000000000067	
mitochondrial_kda_run_manifest_v1	secondary_Inh_ALCAM_TRPM3_male_pool_AD_both_mito	secondary	Inh ALCAM TRPM3	Inhibitory_neurons	male_pool	M_e2;M_e33;M_e4	inhibitory::Inh ALCAM TRPM3::AD_vs_NCI__Male__e2;inhibitory::Inh ALCAM TRPM3::AD_vs_NCI__Male__e33;inhibitory::Inh ALCAM TRPM3::AD_vs_NCI__Male__e4	validated_complete;validated_complete;validated_complete	AD_both_mito	14	11	9585	8937	8237	eligible	completed_significant	4	0.548000000000002	
mitochondrial_kda_run_manifest_v1	secondary_Inh_ALCAM_TRPM3_e2_pool_AD_up_mito	secondary	Inh ALCAM TRPM3	Inhibitory_neurons	e2_pool	F_e2;M_e2	inhibitory::Inh ALCAM TRPM3::AD_vs_NCI__Female__e2;inhibitory::Inh ALCAM TRPM3::AD_vs_NCI__Male__e2	validated_complete;validated_complete	AD_up_mito	5	5	9887	9057	8339	eligible	completed_significant	9	0.332000000000107	
mitochondrial_kda_run_manifest_v1	secondary_Inh_ALCAM_TRPM3_e2_pool_AD_down_mito	secondary	Inh ALCAM TRPM3	Inhibitory_neurons	e2_pool	F_e2;M_e2	inhibitory::Inh ALCAM TRPM3::AD_vs_NCI__Female__e2;inhibitory::Inh ALCAM TRPM3::AD_vs_NCI__Male__e2	validated_complete;validated_complete	AD_down_mito	7	7	9887	9057	8339	eligible	completed_no_significant	0	0.240000000000009	
mitochondrial_kda_run_manifest_v1	secondary_Inh_ALCAM_TRPM3_e2_pool_AD_both_mito	secondary	Inh ALCAM TRPM3	Inhibitory_neurons	e2_pool	F_e2;M_e2	inhibitory::Inh ALCAM TRPM3::AD_vs_NCI__Female__e2;inhibitory::Inh ALCAM TRPM3::AD_vs_NCI__Male__e2	validated_complete;validated_complete	AD_both_mito	12	12	9887	9057	8339	eligible	completed_significant	4	0.561999999999898	
mitochondrial_kda_run_manifest_v1	secondary_Inh_ALCAM_TRPM3_e33_pool_AD_up_mito	secondary	Inh ALCAM TRPM3	Inhibitory_neurons	e33_pool	F_e33;M_e33	inhibitory::Inh ALCAM TRPM3::AD_vs_NCI__Female__e33;inhibitory::Inh ALCAM TRPM3::AD_vs_NCI__Male__e33	validated_complete;validated_complete	AD_up_mito	8	7	10091	9229	8498	eligible	completed_significant	8	0.255000000000109	
mitochondrial_kda_run_manifest_v1	secondary_Inh_ALCAM_TRPM3_e33_pool_AD_down_mito	secondary	Inh ALCAM TRPM3	Inhibitory_neurons	e33_pool	F_e33;M_e33	inhibitory::Inh ALCAM TRPM3::AD_vs_NCI__Female__e33;inhibitory::Inh ALCAM TRPM3::AD_vs_NCI__Male__e33	validated_complete;validated_complete	AD_down_mito	9	8	10091	9229	8498	eligible	completed_significant	9	0.396999999999935	
mitochondrial_kda_run_manifest_v1	secondary_Inh_ALCAM_TRPM3_e33_pool_AD_both_mito	secondary	Inh ALCAM TRPM3	Inhibitory_neurons	e33_pool	F_e33;M_e33	inhibitory::Inh ALCAM TRPM3::AD_vs_NCI__Female__e33;inhibitory::Inh ALCAM TRPM3::AD_vs_NCI__Male__e33	validated_complete;validated_complete	AD_both_mito	17	15	10091	9229	8498	eligible	completed_significant	9	0.623000000000047	
mitochondrial_kda_run_manifest_v1	secondary_Inh_ALCAM_TRPM3_e4_pool_AD_up_mito	secondary	Inh ALCAM TRPM3	Inhibitory_neurons	e4_pool	F_e4;M_e4	inhibitory::Inh ALCAM TRPM3::AD_vs_NCI__Female__e4;inhibitory::Inh ALCAM TRPM3::AD_vs_NCI__Male__e4	validated_complete;validated_complete	AD_up_mito	0	0	9834	9098	8383	effective_query_below_minimum	skipped_effective_query_below_minimum	0	0	
mitochondrial_kda_run_manifest_v1	secondary_Inh_ALCAM_TRPM3_e4_pool_AD_down_mito	secondary	Inh ALCAM TRPM3	Inhibitory_neurons	e4_pool	F_e4;M_e4	inhibitory::Inh ALCAM TRPM3::AD_vs_NCI__Female__e4;inhibitory::Inh ALCAM TRPM3::AD_vs_NCI__Male__e4	validated_complete;validated_complete	AD_down_mito	8	6	9834	9098	8383	eligible	completed_significant	5	0.410000000000082	
mitochondrial_kda_run_manifest_v1	secondary_Inh_ALCAM_TRPM3_e4_pool_AD_both_mito	secondary	Inh ALCAM TRPM3	Inhibitory_neurons	e4_pool	F_e4;M_e4	inhibitory::Inh ALCAM TRPM3::AD_vs_NCI__Female__e4;inhibitory::Inh ALCAM TRPM3::AD_vs_NCI__Male__e4	validated_complete;validated_complete	AD_both_mito	8	6	9834	9098	8383	eligible	completed_significant	5	0.411999999999807	
mitochondrial_kda_run_manifest_v1	primary_Inh_CUX2_MSR1_F_e2_AD_up_mito	primary	Inh CUX2 MSR1	Inhibitory_neurons	F_e2	F_e2	inhibitory::Inh CUX2 MSR1::AD_vs_NCI__Female__e2	validated_complete	AD_up_mito	4	4	7642	7424	6840	eligible	completed_significant	10	0.170000000000073	
mitochondrial_kda_run_manifest_v1	primary_Inh_CUX2_MSR1_F_e2_AD_down_mito	primary	Inh CUX2 MSR1	Inhibitory_neurons	F_e2	F_e2	inhibitory::Inh CUX2 MSR1::AD_vs_NCI__Female__e2	validated_complete	AD_down_mito	0	0	7642	7424	6840	effective_query_below_minimum	skipped_effective_query_below_minimum	0	0	
mitochondrial_kda_run_manifest_v1	primary_Inh_CUX2_MSR1_F_e2_AD_both_mito	primary	Inh CUX2 MSR1	Inhibitory_neurons	F_e2	F_e2	inhibitory::Inh CUX2 MSR1::AD_vs_NCI__Female__e2	validated_complete	AD_both_mito	4	4	7642	7424	6840	eligible	completed_significant	10	0.156999999999925	
mitochondrial_kda_run_manifest_v1	primary_Inh_CUX2_MSR1_F_e33_AD_up_mito	primary	Inh CUX2 MSR1	Inhibitory_neurons	F_e33	F_e33	inhibitory::Inh CUX2 MSR1::AD_vs_NCI__Female__e33	validated_complete	AD_up_mito	0	0	7388	7152	6631	effective_query_below_minimum	skipped_effective_query_below_minimum	0	0	
mitochondrial_kda_run_manifest_v1	primary_Inh_CUX2_MSR1_F_e33_AD_down_mito	primary	Inh CUX2 MSR1	Inhibitory_neurons	F_e33	F_e33	inhibitory::Inh CUX2 MSR1::AD_vs_NCI__Female__e33	validated_complete	AD_down_mito	2	1	7388	7152	6631	effective_query_below_minimum	skipped_effective_query_below_minimum	0	0	
mitochondrial_kda_run_manifest_v1	primary_Inh_CUX2_MSR1_F_e33_AD_both_mito	primary	Inh CUX2 MSR1	Inhibitory_neurons	F_e33	F_e33	inhibitory::Inh CUX2 MSR1::AD_vs_NCI__Female__e33	validated_complete	AD_both_mito	2	1	7388	7152	6631	effective_query_below_minimum	skipped_effective_query_below_minimum	0	0	
mitochondrial_kda_run_manifest_v1	primary_Inh_CUX2_MSR1_F_e4_AD_up_mito	primary	Inh CUX2 MSR1	Inhibitory_neurons	F_e4	F_e4	inhibitory::Inh CUX2 MSR1::AD_vs_NCI__Female__e4	validated_complete	AD_up_mito	1	1	7563	7249	6728	effective_query_below_minimum	skipped_effective_query_below_minimum	0	0	
mitochondrial_kda_run_manifest_v1	primary_Inh_CUX2_MSR1_F_e4_AD_down_mito	primary	Inh CUX2 MSR1	Inhibitory_neurons	F_e4	F_e4	inhibitory::Inh CUX2 MSR1::AD_vs_NCI__Female__e4	validated_complete	AD_down_mito	9	8	7563	7249	6728	eligible	completed_significant	17	0.292999999999893	
mitochondrial_kda_run_manifest_v1	primary_Inh_CUX2_MSR1_F_e4_AD_both_mito	primary	Inh CUX2 MSR1	Inhibitory_neurons	F_e4	F_e4	inhibitory::Inh CUX2 MSR1::AD_vs_NCI__Female__e4	validated_complete	AD_both_mito	10	9	7563	7249	6728	eligible	completed_significant	15	0.338000000000193	
mitochondrial_kda_run_manifest_v1	primary_Inh_CUX2_MSR1_M_e2_AD_up_mito	primary	Inh CUX2 MSR1	Inhibitory_neurons	M_e2	M_e2	inhibitory::Inh CUX2 MSR1::AD_vs_NCI__Male__e2	validated_complete	AD_up_mito	107	94	8200	7865	7268	eligible	completed_no_significant	0	2.17499999999995	
mitochondrial_kda_run_manifest_v1	primary_Inh_CUX2_MSR1_M_e2_AD_down_mito	primary	Inh CUX2 MSR1	Inhibitory_neurons	M_e2	M_e2	inhibitory::Inh CUX2 MSR1::AD_vs_NCI__Male__e2	validated_complete	AD_down_mito	109	97	8200	7865	7268	eligible	completed_significant	13	2.19399999999996	
mitochondrial_kda_run_manifest_v1	primary_Inh_CUX2_MSR1_M_e2_AD_both_mito	primary	Inh CUX2 MSR1	Inhibitory_neurons	M_e2	M_e2	inhibitory::Inh CUX2 MSR1::AD_vs_NCI__Male__e2	validated_complete	AD_both_mito	216	191	8200	7865	7268	eligible	completed_significant	5	3.30299999999988	
mitochondrial_kda_run_manifest_v1	primary_Inh_CUX2_MSR1_M_e33_AD_up_mito	primary	Inh CUX2 MSR1	Inhibitory_neurons	M_e33	M_e33	inhibitory::Inh CUX2 MSR1::AD_vs_NCI__Male__e33	validated_complete	AD_up_mito	1	1	7782	7484	6928	effective_query_below_minimum	skipped_effective_query_below_minimum	0	0	
mitochondrial_kda_run_manifest_v1	primary_Inh_CUX2_MSR1_M_e33_AD_down_mito	primary	Inh CUX2 MSR1	Inhibitory_neurons	M_e33	M_e33	inhibitory::Inh CUX2 MSR1::AD_vs_NCI__Male__e33	validated_complete	AD_down_mito	2	2	7782	7484	6928	effective_query_below_minimum	skipped_effective_query_below_minimum	0	0	
mitochondrial_kda_run_manifest_v1	primary_Inh_CUX2_MSR1_M_e33_AD_both_mito	primary	Inh CUX2 MSR1	Inhibitory_neurons	M_e33	M_e33	inhibitory::Inh CUX2 MSR1::AD_vs_NCI__Male__e33	validated_complete	AD_both_mito	3	3	7782	7484	6928	eligible	completed_significant	12	0.164999999999964	
mitochondrial_kda_run_manifest_v1	primary_Inh_CUX2_MSR1_M_e4_AD_up_mito	primary	Inh CUX2 MSR1	Inhibitory_neurons	M_e4	M_e4	inhibitory::Inh CUX2 MSR1::AD_vs_NCI__Male__e4	validated_complete	AD_up_mito	2	2	6779	6574	6107	effective_query_below_minimum	skipped_effective_query_below_minimum	0	0	
mitochondrial_kda_run_manifest_v1	primary_Inh_CUX2_MSR1_M_e4_AD_down_mito	primary	Inh CUX2 MSR1	Inhibitory_neurons	M_e4	M_e4	inhibitory::Inh CUX2 MSR1::AD_vs_NCI__Male__e4	validated_complete	AD_down_mito	4	4	6779	6574	6107	eligible	completed_significant	5	0.0889999999999418	
mitochondrial_kda_run_manifest_v1	primary_Inh_CUX2_MSR1_M_e4_AD_both_mito	primary	Inh CUX2 MSR1	Inhibitory_neurons	M_e4	M_e4	inhibitory::Inh CUX2 MSR1::AD_vs_NCI__Male__e4	validated_complete	AD_both_mito	6	6	6779	6574	6107	eligible	completed_significant	7	0.169999999999845	
mitochondrial_kda_run_manifest_v1	secondary_Inh_CUX2_MSR1_female_pool_AD_up_mito	secondary	Inh CUX2 MSR1	Inhibitory_neurons	female_pool	F_e2;F_e33;F_e4	inhibitory::Inh CUX2 MSR1::AD_vs_NCI__Female__e2;inhibitory::Inh CUX2 MSR1::AD_vs_NCI__Female__e33;inhibitory::Inh CUX2 MSR1::AD_vs_NCI__Female__e4	validated_complete;validated_complete;validated_complete	AD_up_mito	5	5	7046	6811	6316	eligible	completed_significant	9	0.133000000000038	
mitochondrial_kda_run_manifest_v1	secondary_Inh_CUX2_MSR1_female_pool_AD_down_mito	secondary	Inh CUX2 MSR1	Inhibitory_neurons	female_pool	F_e2;F_e33;F_e4	inhibitory::Inh CUX2 MSR1::AD_vs_NCI__Female__e2;inhibitory::Inh CUX2 MSR1::AD_vs_NCI__Female__e33;inhibitory::Inh CUX2 MSR1::AD_vs_NCI__Female__e4	validated_complete;validated_complete;validated_complete	AD_down_mito	11	9	7046	6811	6316	eligible	completed_significant	2	0.365999999999985	
mitochondrial_kda_run_manifest_v1	secondary_Inh_CUX2_MSR1_female_pool_AD_both_mito	secondary	Inh CUX2 MSR1	Inhibitory_neurons	female_pool	F_e2;F_e33;F_e4	inhibitory::Inh CUX2 MSR1::AD_vs_NCI__Female__e2;inhibitory::Inh CUX2 MSR1::AD_vs_NCI__Female__e33;inhibitory::Inh CUX2 MSR1::AD_vs_NCI__Female__e4	validated_complete;validated_complete;validated_complete	AD_both_mito	16	14	7046	6811	6316	eligible	completed_significant	8	0.476999999999862	
mitochondrial_kda_run_manifest_v1	secondary_Inh_CUX2_MSR1_male_pool_AD_up_mito	secondary	Inh CUX2 MSR1	Inhibitory_neurons	male_pool	M_e2;M_e33;M_e4	inhibitory::Inh CUX2 MSR1::AD_vs_NCI__Male__e2;inhibitory::Inh CUX2 MSR1::AD_vs_NCI__Male__e33;inhibitory::Inh CUX2 MSR1::AD_vs_NCI__Male__e4	validated_complete;validated_complete;validated_complete	AD_up_mito	109	79	6753	6546	6079	eligible	completed_no_significant	0	1.68100000000004	
mitochondrial_kda_run_manifest_v1	secondary_Inh_CUX2_MSR1_male_pool_AD_down_mito	secondary	Inh CUX2 MSR1	Inhibitory_neurons	male_pool	M_e2;M_e33;M_e4	inhibitory::Inh CUX2 MSR1::AD_vs_NCI__Male__e2;inhibitory::Inh CUX2 MSR1::AD_vs_NCI__Male__e33;inhibitory::Inh CUX2 MSR1::AD_vs_NCI__Male__e4	validated_complete;validated_complete;validated_complete	AD_down_mito	112	81	6753	6546	6079	eligible	completed_significant	14	1.44799999999987	
mitochondrial_kda_run_manifest_v1	secondary_Inh_CUX2_MSR1_male_pool_AD_both_mito	secondary	Inh CUX2 MSR1	Inhibitory_neurons	male_pool	M_e2;M_e33;M_e4	inhibitory::Inh CUX2 MSR1::AD_vs_NCI__Male__e2;inhibitory::Inh CUX2 MSR1::AD_vs_NCI__Male__e33;inhibitory::Inh CUX2 MSR1::AD_vs_NCI__Male__e4	validated_complete;validated_complete;validated_complete	AD_both_mito	219	158	6753	6546	6079	eligible	completed_significant	3	2.84300000000007	
mitochondrial_kda_run_manifest_v1	secondary_Inh_CUX2_MSR1_e2_pool_AD_up_mito	secondary	Inh CUX2 MSR1	Inhibitory_neurons	e2_pool	F_e2;M_e2	inhibitory::Inh CUX2 MSR1::AD_vs_NCI__Female__e2;inhibitory::Inh CUX2 MSR1::AD_vs_NCI__Male__e2	validated_complete;validated_complete	AD_up_mito	111	87	7398	7204	6652	eligible	completed_significant	6	1.86000000000013	
mitochondrial_kda_run_manifest_v1	secondary_Inh_CUX2_MSR1_e2_pool_AD_down_mito	secondary	Inh CUX2 MSR1	Inhibitory_neurons	e2_pool	F_e2;M_e2	inhibitory::Inh CUX2 MSR1::AD_vs_NCI__Female__e2;inhibitory::Inh CUX2 MSR1::AD_vs_NCI__Male__e2	validated_complete;validated_complete	AD_down_mito	109	85	7398	7204	6652	eligible	completed_significant	15	1.58699999999999	
mitochondrial_kda_run_manifest_v1	secondary_Inh_CUX2_MSR1_e2_pool_AD_both_mito	secondary	Inh CUX2 MSR1	Inhibitory_neurons	e2_pool	F_e2;M_e2	inhibitory::Inh CUX2 MSR1::AD_vs_NCI__Female__e2;inhibitory::Inh CUX2 MSR1::AD_vs_NCI__Male__e2	validated_complete;validated_complete	AD_both_mito	219	171	7398	7204	6652	eligible	completed_significant	10	2.94900000000007	
mitochondrial_kda_run_manifest_v1	secondary_Inh_CUX2_MSR1_e33_pool_AD_up_mito	secondary	Inh CUX2 MSR1	Inhibitory_neurons	e33_pool	F_e33;M_e33	inhibitory::Inh CUX2 MSR1::AD_vs_NCI__Female__e33;inhibitory::Inh CUX2 MSR1::AD_vs_NCI__Male__e33	validated_complete;validated_complete	AD_up_mito	1	1	7351	7115	6598	effective_query_below_minimum	skipped_effective_query_below_minimum	0	0	
mitochondrial_kda_run_manifest_v1	secondary_Inh_CUX2_MSR1_e33_pool_AD_down_mito	secondary	Inh CUX2 MSR1	Inhibitory_neurons	e33_pool	F_e33;M_e33	inhibitory::Inh CUX2 MSR1::AD_vs_NCI__Female__e33;inhibitory::Inh CUX2 MSR1::AD_vs_NCI__Male__e33	validated_complete;validated_complete	AD_down_mito	4	3	7351	7115	6598	eligible	completed_significant	2	0.243000000000166	
mitochondrial_kda_run_manifest_v1	secondary_Inh_CUX2_MSR1_e33_pool_AD_both_mito	secondary	Inh CUX2 MSR1	Inhibitory_neurons	e33_pool	F_e33;M_e33	inhibitory::Inh CUX2 MSR1::AD_vs_NCI__Female__e33;inhibitory::Inh CUX2 MSR1::AD_vs_NCI__Male__e33	validated_complete;validated_complete	AD_both_mito	5	4	7351	7115	6598	eligible	completed_no_significant	0	0.252999999999929	
mitochondrial_kda_run_manifest_v1	secondary_Inh_CUX2_MSR1_e4_pool_AD_up_mito	secondary	Inh CUX2 MSR1	Inhibitory_neurons	e4_pool	F_e4;M_e4	inhibitory::Inh CUX2 MSR1::AD_vs_NCI__Female__e4;inhibitory::Inh CUX2 MSR1::AD_vs_NCI__Male__e4	validated_complete;validated_complete	AD_up_mito	3	3	6725	6521	6063	eligible	completed_significant	5	0.0960000000000036	
mitochondrial_kda_run_manifest_v1	secondary_Inh_CUX2_MSR1_e4_pool_AD_down_mito	secondary	Inh CUX2 MSR1	Inhibitory_neurons	e4_pool	F_e4;M_e4	inhibitory::Inh CUX2 MSR1::AD_vs_NCI__Female__e4;inhibitory::Inh CUX2 MSR1::AD_vs_NCI__Male__e4	validated_complete;validated_complete	AD_down_mito	12	11	6725	6521	6063	eligible	completed_significant	4	0.29300000000012	
mitochondrial_kda_run_manifest_v1	secondary_Inh_CUX2_MSR1_e4_pool_AD_both_mito	secondary	Inh CUX2 MSR1	Inhibitory_neurons	e4_pool	F_e4;M_e4	inhibitory::Inh CUX2 MSR1::AD_vs_NCI__Female__e4;inhibitory::Inh CUX2 MSR1::AD_vs_NCI__Male__e4	validated_complete;validated_complete	AD_both_mito	15	14	6725	6521	6063	eligible	completed_significant	7	0.378999999999905	
mitochondrial_kda_run_manifest_v1	primary_Inh_ENOX2_SPHKAP_F_e2_AD_up_mito	primary	Inh ENOX2 SPHKAP	Inhibitory_neurons	F_e2	F_e2	inhibitory::Inh ENOX2 SPHKAP::AD_vs_NCI__Female__e2	validated_complete	AD_up_mito	1	1	9290	8641	7968	effective_query_below_minimum	skipped_effective_query_below_minimum	0	0	
mitochondrial_kda_run_manifest_v1	primary_Inh_ENOX2_SPHKAP_F_e2_AD_down_mito	primary	Inh ENOX2 SPHKAP	Inhibitory_neurons	F_e2	F_e2	inhibitory::Inh ENOX2 SPHKAP::AD_vs_NCI__Female__e2	validated_complete	AD_down_mito	0	0	9290	8641	7968	effective_query_below_minimum	skipped_effective_query_below_minimum	0	0	
mitochondrial_kda_run_manifest_v1	primary_Inh_ENOX2_SPHKAP_F_e2_AD_both_mito	primary	Inh ENOX2 SPHKAP	Inhibitory_neurons	F_e2	F_e2	inhibitory::Inh ENOX2 SPHKAP::AD_vs_NCI__Female__e2	validated_complete	AD_both_mito	1	1	9290	8641	7968	effective_query_below_minimum	skipped_effective_query_below_minimum	0	0	
mitochondrial_kda_run_manifest_v1	primary_Inh_ENOX2_SPHKAP_F_e33_AD_up_mito	primary	Inh ENOX2 SPHKAP	Inhibitory_neurons	F_e33	F_e33	inhibitory::Inh ENOX2 SPHKAP::AD_vs_NCI__Female__e33	validated_complete	AD_up_mito	1	1	8632	8219	7593	effective_query_below_minimum	skipped_effective_query_below_minimum	0	0	
mitochondrial_kda_run_manifest_v1	primary_Inh_ENOX2_SPHKAP_F_e33_AD_down_mito	primary	Inh ENOX2 SPHKAP	Inhibitory_neurons	F_e33	F_e33	inhibitory::Inh ENOX2 SPHKAP::AD_vs_NCI__Female__e33	validated_complete	AD_down_mito	2	2	8632	8219	7593	effective_query_below_minimum	skipped_effective_query_below_minimum	0	0	
mitochondrial_kda_run_manifest_v1	primary_Inh_ENOX2_SPHKAP_F_e33_AD_both_mito	primary	Inh ENOX2 SPHKAP	Inhibitory_neurons	F_e33	F_e33	inhibitory::Inh ENOX2 SPHKAP::AD_vs_NCI__Female__e33	validated_complete	AD_both_mito	3	3	8632	8219	7593	eligible	completed_significant	14	0.111000000000104	
mitochondrial_kda_run_manifest_v1	primary_Inh_ENOX2_SPHKAP_F_e4_AD_up_mito	primary	Inh ENOX2 SPHKAP	Inhibitory_neurons	F_e4	F_e4	inhibitory::Inh ENOX2 SPHKAP::AD_vs_NCI__Female__e4	validated_complete	AD_up_mito	0	0	8673	8191	7580	effective_query_below_minimum	skipped_effective_query_below_minimum	0	0	
mitochondrial_kda_run_manifest_v1	primary_Inh_ENOX2_SPHKAP_F_e4_AD_down_mito	primary	Inh ENOX2 SPHKAP	Inhibitory_neurons	F_e4	F_e4	inhibitory::Inh ENOX2 SPHKAP::AD_vs_NCI__Female__e4	validated_complete	AD_down_mito	0	0	8673	8191	7580	effective_query_below_minimum	skipped_effective_query_below_minimum	0	0	
mitochondrial_kda_run_manifest_v1	primary_Inh_ENOX2_SPHKAP_F_e4_AD_both_mito	primary	Inh ENOX2 SPHKAP	Inhibitory_neurons	F_e4	F_e4	inhibitory::Inh ENOX2 SPHKAP::AD_vs_NCI__Female__e4	validated_complete	AD_both_mito	0	0	8673	8191	7580	effective_query_below_minimum	skipped_effective_query_below_minimum	0	0	
mitochondrial_kda_run_manifest_v1	primary_Inh_ENOX2_SPHKAP_M_e2_AD_up_mito	primary	Inh ENOX2 SPHKAP	Inhibitory_neurons	M_e2	M_e2	inhibitory::Inh ENOX2 SPHKAP::AD_vs_NCI__Male__e2	validated_complete	AD_up_mito	27	22	9941	9016	8308	eligible	completed_significant	2	0.957000000000107	
mitochondrial_kda_run_manifest_v1	primary_Inh_ENOX2_SPHKAP_M_e2_AD_down_mito	primary	Inh ENOX2 SPHKAP	Inhibitory_neurons	M_e2	M_e2	inhibitory::Inh ENOX2 SPHKAP::AD_vs_NCI__Male__e2	validated_complete	AD_down_mito	10	10	9941	9016	8308	eligible	completed_significant	7	0.606999999999971	
mitochondrial_kda_run_manifest_v1	primary_Inh_ENOX2_SPHKAP_M_e2_AD_both_mito	primary	Inh ENOX2 SPHKAP	Inhibitory_neurons	M_e2	M_e2	inhibitory::Inh ENOX2 SPHKAP::AD_vs_NCI__Male__e2	validated_complete	AD_both_mito	37	32	9941	9016	8308	eligible	completed_significant	3	1.67000000000007	
mitochondrial_kda_run_manifest_v1	primary_Inh_ENOX2_SPHKAP_M_e33_AD_up_mito	primary	Inh ENOX2 SPHKAP	Inhibitory_neurons	M_e33	M_e33	inhibitory::Inh ENOX2 SPHKAP::AD_vs_NCI__Male__e33	validated_complete	AD_up_mito	3	3	8616	8187	7573	eligible	completed_significant	9	0.18100000000004	
mitochondrial_kda_run_manifest_v1	primary_Inh_ENOX2_SPHKAP_M_e33_AD_down_mito	primary	Inh ENOX2 SPHKAP	Inhibitory_neurons	M_e33	M_e33	inhibitory::Inh ENOX2 SPHKAP::AD_vs_NCI__Male__e33	validated_complete	AD_down_mito	6	5	8616	8187	7573	eligible	completed_significant	6	0.227000000000089	
mitochondrial_kda_run_manifest_v1	primary_Inh_ENOX2_SPHKAP_M_e33_AD_both_mito	primary	Inh ENOX2 SPHKAP	Inhibitory_neurons	M_e33	M_e33	inhibitory::Inh ENOX2 SPHKAP::AD_vs_NCI__Male__e33	validated_complete	AD_both_mito	9	8	8616	8187	7573	eligible	completed_no_significant	0	0.389000000000124	
mitochondrial_kda_run_manifest_v1	primary_Inh_ENOX2_SPHKAP_M_e4_AD_up_mito	primary	Inh ENOX2 SPHKAP	Inhibitory_neurons	M_e4	M_e4	inhibitory::Inh ENOX2 SPHKAP::AD_vs_NCI__Male__e4	validated_complete	AD_up_mito	2	2	8217	7902	7289	effective_query_below_minimum	skipped_effective_query_below_minimum	0	0	
mitochondrial_kda_run_manifest_v1	primary_Inh_ENOX2_SPHKAP_M_e4_AD_down_mito	primary	Inh ENOX2 SPHKAP	Inhibitory_neurons	M_e4	M_e4	inhibitory::Inh ENOX2 SPHKAP::AD_vs_NCI__Male__e4	validated_complete	AD_down_mito	3	2	8217	7902	7289	effective_query_below_minimum	skipped_effective_query_below_minimum	0	0	
mitochondrial_kda_run_manifest_v1	primary_Inh_ENOX2_SPHKAP_M_e4_AD_both_mito	primary	Inh ENOX2 SPHKAP	Inhibitory_neurons	M_e4	M_e4	inhibitory::Inh ENOX2 SPHKAP::AD_vs_NCI__Male__e4	validated_complete	AD_both_mito	5	4	8217	7902	7289	eligible	completed_significant	9	0.228000000000066	
mitochondrial_kda_run_manifest_v1	secondary_Inh_ENOX2_SPHKAP_female_pool_AD_up_mito	secondary	Inh ENOX2 SPHKAP	Inhibitory_neurons	female_pool	F_e2;F_e33;F_e4	inhibitory::Inh ENOX2 SPHKAP::AD_vs_NCI__Female__e2;inhibitory::Inh ENOX2 SPHKAP::AD_vs_NCI__Female__e33;inhibitory::Inh ENOX2 SPHKAP::AD_vs_NCI__Female__e4	validated_complete;validated_complete;validated_complete	AD_up_mito	2	2	8264	7905	7319	effective_query_below_minimum	skipped_effective_query_below_minimum	0	0	
mitochondrial_kda_run_manifest_v1	secondary_Inh_ENOX2_SPHKAP_female_pool_AD_down_mito	secondary	Inh ENOX2 SPHKAP	Inhibitory_neurons	female_pool	F_e2;F_e33;F_e4	inhibitory::Inh ENOX2 SPHKAP::AD_vs_NCI__Female__e2;inhibitory::Inh ENOX2 SPHKAP::AD_vs_NCI__Female__e33;inhibitory::Inh ENOX2 SPHKAP::AD_vs_NCI__Female__e4	validated_complete;validated_complete;validated_complete	AD_down_mito	2	2	8264	7905	7319	effective_query_below_minimum	skipped_effective_query_below_minimum	0	0	
mitochondrial_kda_run_manifest_v1	secondary_Inh_ENOX2_SPHKAP_female_pool_AD_both_mito	secondary	Inh ENOX2 SPHKAP	Inhibitory_neurons	female_pool	F_e2;F_e33;F_e4	inhibitory::Inh ENOX2 SPHKAP::AD_vs_NCI__Female__e2;inhibitory::Inh ENOX2 SPHKAP::AD_vs_NCI__Female__e33;inhibitory::Inh ENOX2 SPHKAP::AD_vs_NCI__Female__e4	validated_complete;validated_complete;validated_complete	AD_both_mito	4	4	8264	7905	7319	eligible	completed_significant	15	0.127999999999929	
mitochondrial_kda_run_manifest_v1	secondary_Inh_ENOX2_SPHKAP_male_pool_AD_up_mito	secondary	Inh ENOX2 SPHKAP	Inhibitory_neurons	male_pool	M_e2;M_e33;M_e4	inhibitory::Inh ENOX2 SPHKAP::AD_vs_NCI__Male__e2;inhibitory::Inh ENOX2 SPHKAP::AD_vs_NCI__Male__e33;inhibitory::Inh ENOX2 SPHKAP::AD_vs_NCI__Male__e4	validated_complete;validated_complete;validated_complete	AD_up_mito	32	25	8074	7779	7182	eligible	completed_no_significant	0	1.00999999999999	
mitochondrial_kda_run_manifest_v1	secondary_Inh_ENOX2_SPHKAP_male_pool_AD_down_mito	secondary	Inh ENOX2 SPHKAP	Inhibitory_neurons	male_pool	M_e2;M_e33;M_e4	inhibitory::Inh ENOX2 SPHKAP::AD_vs_NCI__Male__e2;inhibitory::Inh ENOX2 SPHKAP::AD_vs_NCI__Male__e33;inhibitory::Inh ENOX2 SPHKAP::AD_vs_NCI__Male__e4	validated_complete;validated_complete;validated_complete	AD_down_mito	19	17	8074	7779	7182	eligible	completed_significant	6	0.804999999999836	
mitochondrial_kda_run_manifest_v1	secondary_Inh_ENOX2_SPHKAP_male_pool_AD_both_mito	secondary	Inh ENOX2 SPHKAP	Inhibitory_neurons	male_pool	M_e2;M_e33;M_e4	inhibitory::Inh ENOX2 SPHKAP::AD_vs_NCI__Male__e2;inhibitory::Inh ENOX2 SPHKAP::AD_vs_NCI__Male__e33;inhibitory::Inh ENOX2 SPHKAP::AD_vs_NCI__Male__e4	validated_complete;validated_complete;validated_complete	AD_both_mito	49	40	8074	7779	7182	eligible	completed_significant	6	1.54099999999994	
mitochondrial_kda_run_manifest_v1	secondary_Inh_ENOX2_SPHKAP_e2_pool_AD_up_mito	secondary	Inh ENOX2 SPHKAP	Inhibitory_neurons	e2_pool	F_e2;M_e2	inhibitory::Inh ENOX2 SPHKAP::AD_vs_NCI__Female__e2;inhibitory::Inh ENOX2 SPHKAP::AD_vs_NCI__Male__e2	validated_complete;validated_complete	AD_up_mito	28	23	8997	8497	7835	eligible	completed_significant	2	0.930999999999813	
mitochondrial_kda_run_manifest_v1	secondary_Inh_ENOX2_SPHKAP_e2_pool_AD_down_mito	secondary	Inh ENOX2 SPHKAP	Inhibitory_neurons	e2_pool	F_e2;M_e2	inhibitory::Inh ENOX2 SPHKAP::AD_vs_NCI__Female__e2;inhibitory::Inh ENOX2 SPHKAP::AD_vs_NCI__Male__e2	validated_complete;validated_complete	AD_down_mito	10	10	8997	8497	7835	eligible	completed_significant	7	0.57100000000014	
mitochondrial_kda_run_manifest_v1	secondary_Inh_ENOX2_SPHKAP_e2_pool_AD_both_mito	secondary	Inh ENOX2 SPHKAP	Inhibitory_neurons	e2_pool	F_e2;M_e2	inhibitory::Inh ENOX2 SPHKAP::AD_vs_NCI__Female__e2;inhibitory::Inh ENOX2 SPHKAP::AD_vs_NCI__Male__e2	validated_complete;validated_complete	AD_both_mito	38	33	8997	8497	7835	eligible	completed_significant	8	1.39499999999998	
mitochondrial_kda_run_manifest_v1	secondary_Inh_ENOX2_SPHKAP_e33_pool_AD_up_mito	secondary	Inh ENOX2 SPHKAP	Inhibitory_neurons	e33_pool	F_e33;M_e33	inhibitory::Inh ENOX2 SPHKAP::AD_vs_NCI__Female__e33;inhibitory::Inh ENOX2 SPHKAP::AD_vs_NCI__Male__e33	validated_complete;validated_complete	AD_up_mito	4	4	8411	8049	7442	eligible	completed_significant	6	0.240000000000009	
mitochondrial_kda_run_manifest_v1	secondary_Inh_ENOX2_SPHKAP_e33_pool_AD_down_mito	secondary	Inh ENOX2 SPHKAP	Inhibitory_neurons	e33_pool	F_e33;M_e33	inhibitory::Inh ENOX2 SPHKAP::AD_vs_NCI__Female__e33;inhibitory::Inh ENOX2 SPHKAP::AD_vs_NCI__Male__e33	validated_complete;validated_complete	AD_down_mito	8	7	8411	8049	7442	eligible	completed_significant	6	0.25	
mitochondrial_kda_run_manifest_v1	secondary_Inh_ENOX2_SPHKAP_e33_pool_AD_both_mito	secondary	Inh ENOX2 SPHKAP	Inhibitory_neurons	e33_pool	F_e33;M_e33	inhibitory::Inh ENOX2 SPHKAP::AD_vs_NCI__Female__e33;inhibitory::Inh ENOX2 SPHKAP::AD_vs_NCI__Male__e33	validated_complete;validated_complete	AD_both_mito	12	11	8411	8049	7442	eligible	completed_no_significant	0	0.468000000000075	
mitochondrial_kda_run_manifest_v1	secondary_Inh_ENOX2_SPHKAP_e4_pool_AD_up_mito	secondary	Inh ENOX2 SPHKAP	Inhibitory_neurons	e4_pool	F_e4;M_e4	inhibitory::Inh ENOX2 SPHKAP::AD_vs_NCI__Female__e4;inhibitory::Inh ENOX2 SPHKAP::AD_vs_NCI__Male__e4	validated_complete;validated_complete	AD_up_mito	2	2	8045	7740	7152	effective_query_below_minimum	skipped_effective_query_below_minimum	0	0	
mitochondrial_kda_run_manifest_v1	secondary_Inh_ENOX2_SPHKAP_e4_pool_AD_down_mito	secondary	Inh ENOX2 SPHKAP	Inhibitory_neurons	e4_pool	F_e4;M_e4	inhibitory::Inh ENOX2 SPHKAP::AD_vs_NCI__Female__e4;inhibitory::Inh ENOX2 SPHKAP::AD_vs_NCI__Male__e4	validated_complete;validated_complete	AD_down_mito	3	2	8045	7740	7152	effective_query_below_minimum	skipped_effective_query_below_minimum	0	0	
mitochondrial_kda_run_manifest_v1	secondary_Inh_ENOX2_SPHKAP_e4_pool_AD_both_mito	secondary	Inh ENOX2 SPHKAP	Inhibitory_neurons	e4_pool	F_e4;M_e4	inhibitory::Inh ENOX2 SPHKAP::AD_vs_NCI__Female__e4;inhibitory::Inh ENOX2 SPHKAP::AD_vs_NCI__Male__e4	validated_complete;validated_complete	AD_both_mito	5	4	8045	7740	7152	eligible	completed_significant	9	0.217000000000098	
mitochondrial_kda_run_manifest_v1	primary_Inh_FBN2_EPB41L4A_F_e2_AD_up_mito	primary	Inh FBN2 EPB41L4A	Inhibitory_neurons	F_e2	F_e2	inhibitory::Inh FBN2 EPB41L4A::AD_vs_NCI__Female__e2	validated_complete	AD_up_mito	0	0	10902	9394	8659	effective_query_below_minimum	skipped_effective_query_below_minimum	0	0	
mitochondrial_kda_run_manifest_v1	primary_Inh_FBN2_EPB41L4A_F_e2_AD_down_mito	primary	Inh FBN2 EPB41L4A	Inhibitory_neurons	F_e2	F_e2	inhibitory::Inh FBN2 EPB41L4A::AD_vs_NCI__Female__e2	validated_complete	AD_down_mito	0	0	10902	9394	8659	effective_query_below_minimum	skipped_effective_query_below_minimum	0	0	
mitochondrial_kda_run_manifest_v1	primary_Inh_FBN2_EPB41L4A_F_e2_AD_both_mito	primary	Inh FBN2 EPB41L4A	Inhibitory_neurons	F_e2	F_e2	inhibitory::Inh FBN2 EPB41L4A::AD_vs_NCI__Female__e2	validated_complete	AD_both_mito	0	0	10902	9394	8659	effective_query_below_minimum	skipped_effective_query_below_minimum	0	0	
mitochondrial_kda_run_manifest_v1	primary_Inh_FBN2_EPB41L4A_F_e33_AD_up_mito	primary	Inh FBN2 EPB41L4A	Inhibitory_neurons	F_e33	F_e33	inhibitory::Inh FBN2 EPB41L4A::AD_vs_NCI__Female__e33	validated_complete	AD_up_mito	9	9	10598	9344	8615	eligible	completed_significant	10	0.579999999999927	
mitochondrial_kda_run_manifest_v1	primary_Inh_FBN2_EPB41L4A_F_e33_AD_down_mito	primary	Inh FBN2 EPB41L4A	Inhibitory_neurons	F_e33	F_e33	inhibitory::Inh FBN2 EPB41L4A::AD_vs_NCI__Female__e33	validated_complete	AD_down_mito	0	0	10598	9344	8615	effective_query_below_minimum	skipped_effective_query_below_minimum	0	0	
mitochondrial_kda_run_manifest_v1	primary_Inh_FBN2_EPB41L4A_F_e33_AD_both_mito	primary	Inh FBN2 EPB41L4A	Inhibitory_neurons	F_e33	F_e33	inhibitory::Inh FBN2 EPB41L4A::AD_vs_NCI__Female__e33	validated_complete	AD_both_mito	9	9	10598	9344	8615	eligible	completed_significant	10	0.58400000000006	
mitochondrial_kda_run_manifest_v1	primary_Inh_FBN2_EPB41L4A_F_e4_AD_up_mito	primary	Inh FBN2 EPB41L4A	Inhibitory_neurons	F_e4	F_e4	inhibitory::Inh FBN2 EPB41L4A::AD_vs_NCI__Female__e4	validated_complete	AD_up_mito	0	0	10616	9325	8599	effective_query_below_minimum	skipped_effective_query_below_minimum	0	0	
mitochondrial_kda_run_manifest_v1	primary_Inh_FBN2_EPB41L4A_F_e4_AD_down_mito	primary	Inh FBN2 EPB41L4A	Inhibitory_neurons	F_e4	F_e4	inhibitory::Inh FBN2 EPB41L4A::AD_vs_NCI__Female__e4	validated_complete	AD_down_mito	1	1	10616	9325	8599	effective_query_below_minimum	skipped_effective_query_below_minimum	0	0	
mitochondrial_kda_run_manifest_v1	primary_Inh_FBN2_EPB41L4A_F_e4_AD_both_mito	primary	Inh FBN2 EPB41L4A	Inhibitory_neurons	F_e4	F_e4	inhibitory::Inh FBN2 EPB41L4A::AD_vs_NCI__Female__e4	validated_complete	AD_both_mito	1	1	10616	9325	8599	effective_query_below_minimum	skipped_effective_query_below_minimum	0	0	
mitochondrial_kda_run_manifest_v1	primary_Inh_FBN2_EPB41L4A_M_e2_AD_up_mito	primary	Inh FBN2 EPB41L4A	Inhibitory_neurons	M_e2	M_e2	inhibitory::Inh FBN2 EPB41L4A::AD_vs_NCI__Male__e2	validated_complete	AD_up_mito	0	0	11050	9382	8648	effective_query_below_minimum	skipped_effective_query_below_minimum	0	0	
mitochondrial_kda_run_manifest_v1	primary_Inh_FBN2_EPB41L4A_M_e2_AD_down_mito	primary	Inh FBN2 EPB41L4A	Inhibitory_neurons	M_e2	M_e2	inhibitory::Inh FBN2 EPB41L4A::AD_vs_NCI__Male__e2	validated_complete	AD_down_mito	0	0	11050	9382	8648	effective_query_below_minimum	skipped_effective_query_below_minimum	0	0	
mitochondrial_kda_run_manifest_v1	primary_Inh_FBN2_EPB41L4A_M_e2_AD_both_mito	primary	Inh FBN2 EPB41L4A	Inhibitory_neurons	M_e2	M_e2	inhibitory::Inh FBN2 EPB41L4A::AD_vs_NCI__Male__e2	validated_complete	AD_both_mito	0	0	11050	9382	8648	effective_query_below_minimum	skipped_effective_query_below_minimum	0	0	
mitochondrial_kda_run_manifest_v1	primary_Inh_FBN2_EPB41L4A_M_e33_AD_up_mito	primary	Inh FBN2 EPB41L4A	Inhibitory_neurons	M_e33	M_e33	inhibitory::Inh FBN2 EPB41L4A::AD_vs_NCI__Male__e33	validated_complete	AD_up_mito	16	15	10233	9231	8502	eligible	completed_significant	7	0.5	
mitochondrial_kda_run_manifest_v1	primary_Inh_FBN2_EPB41L4A_M_e33_AD_down_mito	primary	Inh FBN2 EPB41L4A	Inhibitory_neurons	M_e33	M_e33	inhibitory::Inh FBN2 EPB41L4A::AD_vs_NCI__Male__e33	validated_complete	AD_down_mito	0	0	10233	9231	8502	effective_query_below_minimum	skipped_effective_query_below_minimum	0	0	
mitochondrial_kda_run_manifest_v1	primary_Inh_FBN2_EPB41L4A_M_e33_AD_both_mito	primary	Inh FBN2 EPB41L4A	Inhibitory_neurons	M_e33	M_e33	inhibitory::Inh FBN2 EPB41L4A::AD_vs_NCI__Male__e33	validated_complete	AD_both_mito	16	15	10233	9231	8502	eligible	completed_significant	7	0.482000000000198	
mitochondrial_kda_run_manifest_v1	primary_Inh_FBN2_EPB41L4A_M_e4_AD_up_mito	primary	Inh FBN2 EPB41L4A	Inhibitory_neurons	M_e4	M_e4	inhibitory::Inh FBN2 EPB41L4A::AD_vs_NCI__Male__e4	validated_complete	AD_up_mito	2	2	10429	9279	8549	effective_query_below_minimum	skipped_effective_query_below_minimum	0	0	
mitochondrial_kda_run_manifest_v1	primary_Inh_FBN2_EPB41L4A_M_e4_AD_down_mito	primary	Inh FBN2 EPB41L4A	Inhibitory_neurons	M_e4	M_e4	inhibitory::Inh FBN2 EPB41L4A::AD_vs_NCI__Male__e4	validated_complete	AD_down_mito	0	0	10429	9279	8549	effective_query_below_minimum	skipped_effective_query_below_minimum	0	0	
mitochondrial_kda_run_manifest_v1	primary_Inh_FBN2_EPB41L4A_M_e4_AD_both_mito	primary	Inh FBN2 EPB41L4A	Inhibitory_neurons	M_e4	M_e4	inhibitory::Inh FBN2 EPB41L4A::AD_vs_NCI__Male__e4	validated_complete	AD_both_mito	2	2	10429	9279	8549	effective_query_below_minimum	skipped_effective_query_below_minimum	0	0	
mitochondrial_kda_run_manifest_v1	secondary_Inh_FBN2_EPB41L4A_female_pool_AD_up_mito	secondary	Inh FBN2 EPB41L4A	Inhibitory_neurons	female_pool	F_e2;F_e33;F_e4	inhibitory::Inh FBN2 EPB41L4A::AD_vs_NCI__Female__e2;inhibitory::Inh FBN2 EPB41L4A::AD_vs_NCI__Female__e33;inhibitory::Inh FBN2 EPB41L4A::AD_vs_NCI__Female__e4	validated_complete;validated_complete;validated_complete	AD_up_mito	9	9	10197	9213	8494	eligible	completed_significant	10	0.771999999999935	
mitochondrial_kda_run_manifest_v1	secondary_Inh_FBN2_EPB41L4A_female_pool_AD_down_mito	secondary	Inh FBN2 EPB41L4A	Inhibitory_neurons	female_pool	F_e2;F_e33;F_e4	inhibitory::Inh FBN2 EPB41L4A::AD_vs_NCI__Female__e2;inhibitory::Inh FBN2 EPB41L4A::AD_vs_NCI__Female__e33;inhibitory::Inh FBN2 EPB41L4A::AD_vs_NCI__Female__e4	validated_complete;validated_complete;validated_complete	AD_down_mito	1	1	10197	9213	8494	effective_query_below_minimum	skipped_effective_query_below_minimum	0	0	
mitochondrial_kda_run_manifest_v1	secondary_Inh_FBN2_EPB41L4A_female_pool_AD_both_mito	secondary	Inh FBN2 EPB41L4A	Inhibitory_neurons	female_pool	F_e2;F_e33;F_e4	inhibitory::Inh FBN2 EPB41L4A::AD_vs_NCI__Female__e2;inhibitory::Inh FBN2 EPB41L4A::AD_vs_NCI__Female__e33;inhibitory::Inh FBN2 EPB41L4A::AD_vs_NCI__Female__e4	validated_complete;validated_complete;validated_complete	AD_both_mito	9	9	10197	9213	8494	eligible	completed_significant	10	0.560999999999922	
mitochondrial_kda_run_manifest_v1	secondary_Inh_FBN2_EPB41L4A_male_pool_AD_up_mito	secondary	Inh FBN2 EPB41L4A	Inhibitory_neurons	male_pool	M_e2;M_e33;M_e4	inhibitory::Inh FBN2 EPB41L4A::AD_vs_NCI__Male__e2;inhibitory::Inh FBN2 EPB41L4A::AD_vs_NCI__Male__e33;inhibitory::Inh FBN2 EPB41L4A::AD_vs_NCI__Male__e4	validated_complete;validated_complete;validated_complete	AD_up_mito	16	15	9955	9118	8396	eligible	completed_significant	7	0.464000000000169	
mitochondrial_kda_run_manifest_v1	secondary_Inh_FBN2_EPB41L4A_male_pool_AD_down_mito	secondary	Inh FBN2 EPB41L4A	Inhibitory_neurons	male_pool	M_e2;M_e33;M_e4	inhibitory::Inh FBN2 EPB41L4A::AD_vs_NCI__Male__e2;inhibitory::Inh FBN2 EPB41L4A::AD_vs_NCI__Male__e33;inhibitory::Inh FBN2 EPB41L4A::AD_vs_NCI__Male__e4	validated_complete;validated_complete;validated_complete	AD_down_mito	0	0	9955	9118	8396	effective_query_below_minimum	skipped_effective_query_below_minimum	0	0	
mitochondrial_kda_run_manifest_v1	secondary_Inh_FBN2_EPB41L4A_male_pool_AD_both_mito	secondary	Inh FBN2 EPB41L4A	Inhibitory_neurons	male_pool	M_e2;M_e33;M_e4	inhibitory::Inh FBN2 EPB41L4A::AD_vs_NCI__Male__e2;inhibitory::Inh FBN2 EPB41L4A::AD_vs_NCI__Male__e33;inhibitory::Inh FBN2 EPB41L4A::AD_vs_NCI__Male__e4	validated_complete;validated_complete;validated_complete	AD_both_mito	16	15	9955	9118	8396	eligible	completed_significant	7	0.47199999999998	
mitochondrial_kda_run_manifest_v1	secondary_Inh_FBN2_EPB41L4A_e2_pool_AD_up_mito	secondary	Inh FBN2 EPB41L4A	Inhibitory_neurons	e2_pool	F_e2;M_e2	inhibitory::Inh FBN2 EPB41L4A::AD_vs_NCI__Female__e2;inhibitory::Inh FBN2 EPB41L4A::AD_vs_NCI__Male__e2	validated_complete;validated_complete	AD_up_mito	0	0	10493	9278	8551	effective_query_below_minimum	skipped_effective_query_below_minimum	0	0	
mitochondrial_kda_run_manifest_v1	secondary_Inh_FBN2_EPB41L4A_e2_pool_AD_down_mito	secondary	Inh FBN2 EPB41L4A	Inhibitory_neurons	e2_pool	F_e2;M_e2	inhibitory::Inh FBN2 EPB41L4A::AD_vs_NCI__Female__e2;inhibitory::Inh FBN2 EPB41L4A::AD_vs_NCI__Male__e2	validated_complete;validated_complete	AD_down_mito	0	0	10493	9278	8551	effective_query_below_minimum	skipped_effective_query_below_minimum	0	0	
mitochondrial_kda_run_manifest_v1	secondary_Inh_FBN2_EPB41L4A_e2_pool_AD_both_mito	secondary	Inh FBN2 EPB41L4A	Inhibitory_neurons	e2_pool	F_e2;M_e2	inhibitory::Inh FBN2 EPB41L4A::AD_vs_NCI__Female__e2;inhibitory::Inh FBN2 EPB41L4A::AD_vs_NCI__Male__e2	validated_complete;validated_complete	AD_both_mito	0	0	10493	9278	8551	effective_query_below_minimum	skipped_effective_query_below_minimum	0	0	
mitochondrial_kda_run_manifest_v1	secondary_Inh_FBN2_EPB41L4A_e33_pool_AD_up_mito	secondary	Inh FBN2 EPB41L4A	Inhibitory_neurons	e33_pool	F_e33;M_e33	inhibitory::Inh FBN2 EPB41L4A::AD_vs_NCI__Female__e33;inhibitory::Inh FBN2 EPB41L4A::AD_vs_NCI__Male__e33	validated_complete;validated_complete	AD_up_mito	20	19	10157	9204	8480	eligible	completed_significant	7	0.766000000000076	
mitochondrial_kda_run_manifest_v1	secondary_Inh_FBN2_EPB41L4A_e33_pool_AD_down_mito	secondary	Inh FBN2 EPB41L4A	Inhibitory_neurons	e33_pool	F_e33;M_e33	inhibitory::Inh FBN2 EPB41L4A::AD_vs_NCI__Female__e33;inhibitory::Inh FBN2 EPB41L4A::AD_vs_NCI__Male__e33	validated_complete;validated_complete	AD_down_mito	0	0	10157	9204	8480	effective_query_below_minimum	skipped_effective_query_below_minimum	0	0	
mitochondrial_kda_run_manifest_v1	secondary_Inh_FBN2_EPB41L4A_e33_pool_AD_both_mito	secondary	Inh FBN2 EPB41L4A	Inhibitory_neurons	e33_pool	F_e33;M_e33	inhibitory::Inh FBN2 EPB41L4A::AD_vs_NCI__Female__e33;inhibitory::Inh FBN2 EPB41L4A::AD_vs_NCI__Male__e33	validated_complete;validated_complete	AD_both_mito	20	19	10157	9204	8480	eligible	completed_significant	7	0.755000000000109	
mitochondrial_kda_run_manifest_v1	secondary_Inh_FBN2_EPB41L4A_e4_pool_AD_up_mito	secondary	Inh FBN2 EPB41L4A	Inhibitory_neurons	e4_pool	F_e4;M_e4	inhibitory::Inh FBN2 EPB41L4A::AD_vs_NCI__Female__e4;inhibitory::Inh FBN2 EPB41L4A::AD_vs_NCI__Male__e4	validated_complete;validated_complete	AD_up_mito	2	2	10138	9184	8468	effective_query_below_minimum	skipped_effective_query_below_minimum	0	0	
mitochondrial_kda_run_manifest_v1	secondary_Inh_FBN2_EPB41L4A_e4_pool_AD_down_mito	secondary	Inh FBN2 EPB41L4A	Inhibitory_neurons	e4_pool	F_e4;M_e4	inhibitory::Inh FBN2 EPB41L4A::AD_vs_NCI__Female__e4;inhibitory::Inh FBN2 EPB41L4A::AD_vs_NCI__Male__e4	validated_complete;validated_complete	AD_down_mito	1	1	10138	9184	8468	effective_query_below_minimum	skipped_effective_query_below_minimum	0	0	
mitochondrial_kda_run_manifest_v1	secondary_Inh_FBN2_EPB41L4A_e4_pool_AD_both_mito	secondary	Inh FBN2 EPB41L4A	Inhibitory_neurons	e4_pool	F_e4;M_e4	inhibitory::Inh FBN2 EPB41L4A::AD_vs_NCI__Female__e4;inhibitory::Inh FBN2 EPB41L4A::AD_vs_NCI__Male__e4	validated_complete;validated_complete	AD_both_mito	3	3	10138	9184	8468	eligible	completed_significant	7	0.185999999999922	
mitochondrial_kda_run_manifest_v1	primary_Inh_GPC5_RIT2_F_e2_AD_up_mito	primary	Inh GPC5 RIT2	Inhibitory_neurons	F_e2	F_e2	inhibitory::Inh GPC5 RIT2::AD_vs_NCI__Female__e2	validated_complete	AD_up_mito	0	0	10880	9363	8635	effective_query_below_minimum	skipped_effective_query_below_minimum	0	0	
mitochondrial_kda_run_manifest_v1	primary_Inh_GPC5_RIT2_F_e2_AD_down_mito	primary	Inh GPC5 RIT2	Inhibitory_neurons	F_e2	F_e2	inhibitory::Inh GPC5 RIT2::AD_vs_NCI__Female__e2	validated_complete	AD_down_mito	0	0	10880	9363	8635	effective_query_below_minimum	skipped_effective_query_below_minimum	0	0	
mitochondrial_kda_run_manifest_v1	primary_Inh_GPC5_RIT2_F_e2_AD_both_mito	primary	Inh GPC5 RIT2	Inhibitory_neurons	F_e2	F_e2	inhibitory::Inh GPC5 RIT2::AD_vs_NCI__Female__e2	validated_complete	AD_both_mito	0	0	10880	9363	8635	effective_query_below_minimum	skipped_effective_query_below_minimum	0	0	
mitochondrial_kda_run_manifest_v1	primary_Inh_GPC5_RIT2_F_e33_AD_up_mito	primary	Inh GPC5 RIT2	Inhibitory_neurons	F_e33	F_e33	inhibitory::Inh GPC5 RIT2::AD_vs_NCI__Female__e33	validated_complete	AD_up_mito	2	2	10279	9219	8503	effective_query_below_minimum	skipped_effective_query_below_minimum	0	0	
mitochondrial_kda_run_manifest_v1	primary_Inh_GPC5_RIT2_F_e33_AD_down_mito	primary	Inh GPC5 RIT2	Inhibitory_neurons	F_e33	F_e33	inhibitory::Inh GPC5 RIT2::AD_vs_NCI__Female__e33	validated_complete	AD_down_mito	0	0	10279	9219	8503	effective_query_below_minimum	skipped_effective_query_below_minimum	0	0	
mitochondrial_kda_run_manifest_v1	primary_Inh_GPC5_RIT2_F_e33_AD_both_mito	primary	Inh GPC5 RIT2	Inhibitory_neurons	F_e33	F_e33	inhibitory::Inh GPC5 RIT2::AD_vs_NCI__Female__e33	validated_complete	AD_both_mito	2	2	10279	9219	8503	effective_query_below_minimum	skipped_effective_query_below_minimum	0	0	
mitochondrial_kda_run_manifest_v1	primary_Inh_GPC5_RIT2_F_e4_AD_up_mito	primary	Inh GPC5 RIT2	Inhibitory_neurons	F_e4	F_e4	inhibitory::Inh GPC5 RIT2::AD_vs_NCI__Female__e4	validated_complete	AD_up_mito	0	0	10726	9367	8630	effective_query_below_minimum	skipped_effective_query_below_minimum	0	0	
mitochondrial_kda_run_manifest_v1	primary_Inh_GPC5_RIT2_F_e4_AD_down_mito	primary	Inh GPC5 RIT2	Inhibitory_neurons	F_e4	F_e4	inhibitory::Inh GPC5 RIT2::AD_vs_NCI__Female__e4	validated_complete	AD_down_mito	1	1	10726	9367	8630	effective_query_below_minimum	skipped_effective_query_below_minimum	0	0	
mitochondrial_kda_run_manifest_v1	primary_Inh_GPC5_RIT2_F_e4_AD_both_mito	primary	Inh GPC5 RIT2	Inhibitory_neurons	F_e4	F_e4	inhibitory::Inh GPC5 RIT2::AD_vs_NCI__Female__e4	validated_complete	AD_both_mito	1	1	10726	9367	8630	effective_query_below_minimum	skipped_effective_query_below_minimum	0	0	
mitochondrial_kda_run_manifest_v1	primary_Inh_GPC5_RIT2_M_e2_AD_up_mito	primary	Inh GPC5 RIT2	Inhibitory_neurons	M_e2	M_e2	inhibitory::Inh GPC5 RIT2::AD_vs_NCI__Male__e2	validated_complete	AD_up_mito	0	0	11276	9360	8627	effective_query_below_minimum	skipped_effective_query_below_minimum	0	0	
mitochondrial_kda_run_manifest_v1	primary_Inh_GPC5_RIT2_M_e2_AD_down_mito	primary	Inh GPC5 RIT2	Inhibitory_neurons	M_e2	M_e2	inhibitory::Inh GPC5 RIT2::AD_vs_NCI__Male__e2	validated_complete	AD_down_mito	0	0	11276	9360	8627	effective_query_below_minimum	skipped_effective_query_below_minimum	0	0	
mitochondrial_kda_run_manifest_v1	primary_Inh_GPC5_RIT2_M_e2_AD_both_mito	primary	Inh GPC5 RIT2	Inhibitory_neurons	M_e2	M_e2	inhibitory::Inh GPC5 RIT2::AD_vs_NCI__Male__e2	validated_complete	AD_both_mito	0	0	11276	9360	8627	effective_query_below_minimum	skipped_effective_query_below_minimum	0	0	
mitochondrial_kda_run_manifest_v1	primary_Inh_GPC5_RIT2_M_e33_AD_up_mito	primary	Inh GPC5 RIT2	Inhibitory_neurons	M_e33	M_e33	inhibitory::Inh GPC5 RIT2::AD_vs_NCI__Male__e33	validated_complete	AD_up_mito	0	0	10026	9066	8363	effective_query_below_minimum	skipped_effective_query_below_minimum	0	0	
mitochondrial_kda_run_manifest_v1	primary_Inh_GPC5_RIT2_M_e33_AD_down_mito	primary	Inh GPC5 RIT2	Inhibitory_neurons	M_e33	M_e33	inhibitory::Inh GPC5 RIT2::AD_vs_NCI__Male__e33	validated_complete	AD_down_mito	0	0	10026	9066	8363	effective_query_below_minimum	skipped_effective_query_below_minimum	0	0	
mitochondrial_kda_run_manifest_v1	primary_Inh_GPC5_RIT2_M_e33_AD_both_mito	primary	Inh GPC5 RIT2	Inhibitory_neurons	M_e33	M_e33	inhibitory::Inh GPC5 RIT2::AD_vs_NCI__Male__e33	validated_complete	AD_both_mito	0	0	10026	9066	8363	effective_query_below_minimum	skipped_effective_query_below_minimum	0	0	
mitochondrial_kda_run_manifest_v1	primary_Inh_GPC5_RIT2_M_e4_AD_up_mito	primary	Inh GPC5 RIT2	Inhibitory_neurons	M_e4	M_e4	inhibitory::Inh GPC5 RIT2::AD_vs_NCI__Male__e4	validated_complete	AD_up_mito	0	0	10493	9257	8533	effective_query_below_minimum	skipped_effective_query_below_minimum	0	0	
mitochondrial_kda_run_manifest_v1	primary_Inh_GPC5_RIT2_M_e4_AD_down_mito	primary	Inh GPC5 RIT2	Inhibitory_neurons	M_e4	M_e4	inhibitory::Inh GPC5 RIT2::AD_vs_NCI__Male__e4	validated_complete	AD_down_mito	0	0	10493	9257	8533	effective_query_below_minimum	skipped_effective_query_below_minimum	0	0	
mitochondrial_kda_run_manifest_v1	primary_Inh_GPC5_RIT2_M_e4_AD_both_mito	primary	Inh GPC5 RIT2	Inhibitory_neurons	M_e4	M_e4	inhibitory::Inh GPC5 RIT2::AD_vs_NCI__Male__e4	validated_complete	AD_both_mito	0	0	10493	9257	8533	effective_query_below_minimum	skipped_effective_query_below_minimum	0	0	
mitochondrial_kda_run_manifest_v1	secondary_Inh_GPC5_RIT2_female_pool_AD_up_mito	secondary	Inh GPC5 RIT2	Inhibitory_neurons	female_pool	F_e2;F_e33;F_e4	inhibitory::Inh GPC5 RIT2::AD_vs_NCI__Female__e2;inhibitory::Inh GPC5 RIT2::AD_vs_NCI__Female__e33;inhibitory::Inh GPC5 RIT2::AD_vs_NCI__Female__e4	validated_complete;validated_complete;validated_complete	AD_up_mito	2	2	10028	9121	8416	effective_query_below_minimum	skipped_effective_query_below_minimum	0	0	
mitochondrial_kda_run_manifest_v1	secondary_Inh_GPC5_RIT2_female_pool_AD_down_mito	secondary	Inh GPC5 RIT2	Inhibitory_neurons	female_pool	F_e2;F_e33;F_e4	inhibitory::Inh GPC5 RIT2::AD_vs_NCI__Female__e2;inhibitory::Inh GPC5 RIT2::AD_vs_NCI__Female__e33;inhibitory::Inh GPC5 RIT2::AD_vs_NCI__Female__e4	validated_complete;validated_complete;validated_complete	AD_down_mito	1	1	10028	9121	8416	effective_query_below_minimum	skipped_effective_query_below_minimum	0	0	
mitochondrial_kda_run_manifest_v1	secondary_Inh_GPC5_RIT2_female_pool_AD_both_mito	secondary	Inh GPC5 RIT2	Inhibitory_neurons	female_pool	F_e2;F_e33;F_e4	inhibitory::Inh GPC5 RIT2::AD_vs_NCI__Female__e2;inhibitory::Inh GPC5 RIT2::AD_vs_NCI__Female__e33;inhibitory::Inh GPC5 RIT2::AD_vs_NCI__Female__e4	validated_complete;validated_complete;validated_complete	AD_both_mito	3	3	10028	9121	8416	eligible	completed_significant	16	0.210000000000036	
mitochondrial_kda_run_manifest_v1	secondary_Inh_GPC5_RIT2_male_pool_AD_up_mito	secondary	Inh GPC5 RIT2	Inhibitory_neurons	male_pool	M_e2;M_e33;M_e4	inhibitory::Inh GPC5 RIT2::AD_vs_NCI__Male__e2;inhibitory::Inh GPC5 RIT2::AD_vs_NCI__Male__e33;inhibitory::Inh GPC5 RIT2::AD_vs_NCI__Male__e4	validated_complete;validated_complete;validated_complete	AD_up_mito	0	0	9738	8918	8221	effective_query_below_minimum	skipped_effective_query_below_minimum	0	0	
mitochondrial_kda_run_manifest_v1	secondary_Inh_GPC5_RIT2_male_pool_AD_down_mito	secondary	Inh GPC5 RIT2	Inhibitory_neurons	male_pool	M_e2;M_e33;M_e4	inhibitory::Inh GPC5 RIT2::AD_vs_NCI__Male__e2;inhibitory::Inh GPC5 RIT2::AD_vs_NCI__Male__e33;inhibitory::Inh GPC5 RIT2::AD_vs_NCI__Male__e4	validated_complete;validated_complete;validated_complete	AD_down_mito	0	0	9738	8918	8221	effective_query_below_minimum	skipped_effective_query_below_minimum	0	0	
mitochondrial_kda_run_manifest_v1	secondary_Inh_GPC5_RIT2_male_pool_AD_both_mito	secondary	Inh GPC5 RIT2	Inhibitory_neurons	male_pool	M_e2;M_e33;M_e4	inhibitory::Inh GPC5 RIT2::AD_vs_NCI__Male__e2;inhibitory::Inh GPC5 RIT2::AD_vs_NCI__Male__e33;inhibitory::Inh GPC5 RIT2::AD_vs_NCI__Male__e4	validated_complete;validated_complete;validated_complete	AD_both_mito	0	0	9738	8918	8221	effective_query_below_minimum	skipped_effective_query_below_minimum	0	0	
mitochondrial_kda_run_manifest_v1	secondary_Inh_GPC5_RIT2_e2_pool_AD_up_mito	secondary	Inh GPC5 RIT2	Inhibitory_neurons	e2_pool	F_e2;M_e2	inhibitory::Inh GPC5 RIT2::AD_vs_NCI__Female__e2;inhibitory::Inh GPC5 RIT2::AD_vs_NCI__Male__e2	validated_complete;validated_complete	AD_up_mito	0	0	10368	9177	8463	effective_query_below_minimum	skipped_effective_query_below_minimum	0	0	
mitochondrial_kda_run_manifest_v1	secondary_Inh_GPC5_RIT2_e2_pool_AD_down_mito	secondary	Inh GPC5 RIT2	Inhibitory_neurons	e2_pool	F_e2;M_e2	inhibitory::Inh GPC5 RIT2::AD_vs_NCI__Female__e2;inhibitory::Inh GPC5 RIT2::AD_vs_NCI__Male__e2	validated_complete;validated_complete	AD_down_mito	0	0	10368	9177	8463	effective_query_below_minimum	skipped_effective_query_below_minimum	0	0	
mitochondrial_kda_run_manifest_v1	secondary_Inh_GPC5_RIT2_e2_pool_AD_both_mito	secondary	Inh GPC5 RIT2	Inhibitory_neurons	e2_pool	F_e2;M_e2	inhibitory::Inh GPC5 RIT2::AD_vs_NCI__Female__e2;inhibitory::Inh GPC5 RIT2::AD_vs_NCI__Male__e2	validated_complete;validated_complete	AD_both_mito	0	0	10368	9177	8463	effective_query_below_minimum	skipped_effective_query_below_minimum	0	0	
mitochondrial_kda_run_manifest_v1	secondary_Inh_GPC5_RIT2_e33_pool_AD_up_mito	secondary	Inh GPC5 RIT2	Inhibitory_neurons	e33_pool	F_e33;M_e33	inhibitory::Inh GPC5 RIT2::AD_vs_NCI__Female__e33;inhibitory::Inh GPC5 RIT2::AD_vs_NCI__Male__e33	validated_complete;validated_complete	AD_up_mito	2	2	9875	9014	8314	effective_query_below_minimum	skipped_effective_query_below_minimum	0	0	
mitochondrial_kda_run_manifest_v1	secondary_Inh_GPC5_RIT2_e33_pool_AD_down_mito	secondary	Inh GPC5 RIT2	Inhibitory_neurons	e33_pool	F_e33;M_e33	inhibitory::Inh GPC5 RIT2::AD_vs_NCI__Female__e33;inhibitory::Inh GPC5 RIT2::AD_vs_NCI__Male__e33	validated_complete;validated_complete	AD_down_mito	0	0	9875	9014	8314	effective_query_below_minimum	skipped_effective_query_below_minimum	0	0	
mitochondrial_kda_run_manifest_v1	secondary_Inh_GPC5_RIT2_e33_pool_AD_both_mito	secondary	Inh GPC5 RIT2	Inhibitory_neurons	e33_pool	F_e33;M_e33	inhibitory::Inh GPC5 RIT2::AD_vs_NCI__Female__e33;inhibitory::Inh GPC5 RIT2::AD_vs_NCI__Male__e33	validated_complete;validated_complete	AD_both_mito	2	2	9875	9014	8314	effective_query_below_minimum	skipped_effective_query_below_minimum	0	0	
mitochondrial_kda_run_manifest_v1	secondary_Inh_GPC5_RIT2_e4_pool_AD_up_mito	secondary	Inh GPC5 RIT2	Inhibitory_neurons	e4_pool	F_e4;M_e4	inhibitory::Inh GPC5 RIT2::AD_vs_NCI__Female__e4;inhibitory::Inh GPC5 RIT2::AD_vs_NCI__Male__e4	validated_complete;validated_complete	AD_up_mito	0	0	10208	9192	8470	effective_query_below_minimum	skipped_effective_query_below_minimum	0	0	
mitochondrial_kda_run_manifest_v1	secondary_Inh_GPC5_RIT2_e4_pool_AD_down_mito	secondary	Inh GPC5 RIT2	Inhibitory_neurons	e4_pool	F_e4;M_e4	inhibitory::Inh GPC5 RIT2::AD_vs_NCI__Female__e4;inhibitory::Inh GPC5 RIT2::AD_vs_NCI__Male__e4	validated_complete;validated_complete	AD_down_mito	1	1	10208	9192	8470	effective_query_below_minimum	skipped_effective_query_below_minimum	0	0	
mitochondrial_kda_run_manifest_v1	secondary_Inh_GPC5_RIT2_e4_pool_AD_both_mito	secondary	Inh GPC5 RIT2	Inhibitory_neurons	e4_pool	F_e4;M_e4	inhibitory::Inh GPC5 RIT2::AD_vs_NCI__Female__e4;inhibitory::Inh GPC5 RIT2::AD_vs_NCI__Male__e4	validated_complete;validated_complete	AD_both_mito	1	1	10208	9192	8470	effective_query_below_minimum	skipped_effective_query_below_minimum	0	0	
mitochondrial_kda_run_manifest_v1	primary_Inh_L1_PAX6_CA4_F_e2_AD_up_mito	primary	Inh L1 PAX6 CA4	Inhibitory_neurons	F_e2	F_e2	inhibitory::Inh L1 PAX6 CA4::AD_vs_NCI__Female__e2	validated_complete	AD_up_mito	0	0	9090	8448	7790	effective_query_below_minimum	skipped_effective_query_below_minimum	0	0	
mitochondrial_kda_run_manifest_v1	primary_Inh_L1_PAX6_CA4_F_e2_AD_down_mito	primary	Inh L1 PAX6 CA4	Inhibitory_neurons	F_e2	F_e2	inhibitory::Inh L1 PAX6 CA4::AD_vs_NCI__Female__e2	validated_complete	AD_down_mito	0	0	9090	8448	7790	effective_query_below_minimum	skipped_effective_query_below_minimum	0	0	
mitochondrial_kda_run_manifest_v1	primary_Inh_L1_PAX6_CA4_F_e2_AD_both_mito	primary	Inh L1 PAX6 CA4	Inhibitory_neurons	F_e2	F_e2	inhibitory::Inh L1 PAX6 CA4::AD_vs_NCI__Female__e2	validated_complete	AD_both_mito	0	0	9090	8448	7790	effective_query_below_minimum	skipped_effective_query_below_minimum	0	0	
mitochondrial_kda_run_manifest_v1	primary_Inh_L1_PAX6_CA4_F_e33_AD_up_mito	primary	Inh L1 PAX6 CA4	Inhibitory_neurons	F_e33	F_e33	inhibitory::Inh L1 PAX6 CA4::AD_vs_NCI__Female__e33	validated_complete	AD_up_mito	0	0	8995	8464	7802	effective_query_below_minimum	skipped_effective_query_below_minimum	0	0	
mitochondrial_kda_run_manifest_v1	primary_Inh_L1_PAX6_CA4_F_e33_AD_down_mito	primary	Inh L1 PAX6 CA4	Inhibitory_neurons	F_e33	F_e33	inhibitory::Inh L1 PAX6 CA4::AD_vs_NCI__Female__e33	validated_complete	AD_down_mito	0	0	8995	8464	7802	effective_query_below_minimum	skipped_effective_query_below_minimum	0	0	
mitochondrial_kda_run_manifest_v1	primary_Inh_L1_PAX6_CA4_F_e33_AD_both_mito	primary	Inh L1 PAX6 CA4	Inhibitory_neurons	F_e33	F_e33	inhibitory::Inh L1 PAX6 CA4::AD_vs_NCI__Female__e33	validated_complete	AD_both_mito	0	0	8995	8464	7802	effective_query_below_minimum	skipped_effective_query_below_minimum	0	0	
mitochondrial_kda_run_manifest_v1	primary_Inh_L1_PAX6_CA4_F_e4_AD_up_mito	primary	Inh L1 PAX6 CA4	Inhibitory_neurons	F_e4	F_e4	inhibitory::Inh L1 PAX6 CA4::AD_vs_NCI__Female__e4	validated_complete	AD_up_mito	0	0	8573	8108	7470	effective_query_below_minimum	skipped_effective_query_below_minimum	0	0	
mitochondrial_kda_run_manifest_v1	primary_Inh_L1_PAX6_CA4_F_e4_AD_down_mito	primary	Inh L1 PAX6 CA4	Inhibitory_neurons	F_e4	F_e4	inhibitory::Inh L1 PAX6 CA4::AD_vs_NCI__Female__e4	validated_complete	AD_down_mito	2	2	8573	8108	7470	effective_query_below_minimum	skipped_effective_query_below_minimum	0	0	
mitochondrial_kda_run_manifest_v1	primary_Inh_L1_PAX6_CA4_F_e4_AD_both_mito	primary	Inh L1 PAX6 CA4	Inhibitory_neurons	F_e4	F_e4	inhibitory::Inh L1 PAX6 CA4::AD_vs_NCI__Female__e4	validated_complete	AD_both_mito	2	2	8573	8108	7470	effective_query_below_minimum	skipped_effective_query_below_minimum	0	0	
mitochondrial_kda_run_manifest_v1	primary_Inh_L1_PAX6_CA4_M_e2_AD_up_mito	primary	Inh L1 PAX6 CA4	Inhibitory_neurons	M_e2	M_e2	inhibitory::Inh L1 PAX6 CA4::AD_vs_NCI__Male__e2	validated_complete	AD_up_mito	0	0	8652	7967	7372	effective_query_below_minimum	skipped_effective_query_below_minimum	0	0	
mitochondrial_kda_run_manifest_v1	primary_Inh_L1_PAX6_CA4_M_e2_AD_down_mito	primary	Inh L1 PAX6 CA4	Inhibitory_neurons	M_e2	M_e2	inhibitory::Inh L1 PAX6 CA4::AD_vs_NCI__Male__e2	validated_complete	AD_down_mito	0	0	8652	7967	7372	effective_query_below_minimum	skipped_effective_query_below_minimum	0	0	
mitochondrial_kda_run_manifest_v1	primary_Inh_L1_PAX6_CA4_M_e2_AD_both_mito	primary	Inh L1 PAX6 CA4	Inhibitory_neurons	M_e2	M_e2	inhibitory::Inh L1 PAX6 CA4::AD_vs_NCI__Male__e2	validated_complete	AD_both_mito	0	0	8652	7967	7372	effective_query_below_minimum	skipped_effective_query_below_minimum	0	0	
mitochondrial_kda_run_manifest_v1	primary_Inh_L1_PAX6_CA4_M_e33_AD_up_mito	primary	Inh L1 PAX6 CA4	Inhibitory_neurons	M_e33	M_e33	inhibitory::Inh L1 PAX6 CA4::AD_vs_NCI__Male__e33	validated_complete	AD_up_mito	0	0	8825	8333	7673	effective_query_below_minimum	skipped_effective_query_below_minimum	0	0	
mitochondrial_kda_run_manifest_v1	primary_Inh_L1_PAX6_CA4_M_e33_AD_down_mito	primary	Inh L1 PAX6 CA4	Inhibitory_neurons	M_e33	M_e33	inhibitory::Inh L1 PAX6 CA4::AD_vs_NCI__Male__e33	validated_complete	AD_down_mito	0	0	8825	8333	7673	effective_query_below_minimum	skipped_effective_query_below_minimum	0	0	
mitochondrial_kda_run_manifest_v1	primary_Inh_L1_PAX6_CA4_M_e33_AD_both_mito	primary	Inh L1 PAX6 CA4	Inhibitory_neurons	M_e33	M_e33	inhibitory::Inh L1 PAX6 CA4::AD_vs_NCI__Male__e33	validated_complete	AD_both_mito	0	0	8825	8333	7673	effective_query_below_minimum	skipped_effective_query_below_minimum	0	0	
mitochondrial_kda_run_manifest_v1	primary_Inh_L1_PAX6_CA4_M_e4_AD_up_mito	primary	Inh L1 PAX6 CA4	Inhibitory_neurons	M_e4	M_e4	inhibitory::Inh L1 PAX6 CA4::AD_vs_NCI__Male__e4	validated_complete	AD_up_mito	0	0	7941	7544	6964	effective_query_below_minimum	skipped_effective_query_below_minimum	0	0	
mitochondrial_kda_run_manifest_v1	primary_Inh_L1_PAX6_CA4_M_e4_AD_down_mito	primary	Inh L1 PAX6 CA4	Inhibitory_neurons	M_e4	M_e4	inhibitory::Inh L1 PAX6 CA4::AD_vs_NCI__Male__e4	validated_complete	AD_down_mito	0	0	7941	7544	6964	effective_query_below_minimum	skipped_effective_query_below_minimum	0	0	
mitochondrial_kda_run_manifest_v1	primary_Inh_L1_PAX6_CA4_M_e4_AD_both_mito	primary	Inh L1 PAX6 CA4	Inhibitory_neurons	M_e4	M_e4	inhibitory::Inh L1 PAX6 CA4::AD_vs_NCI__Male__e4	validated_complete	AD_both_mito	0	0	7941	7544	6964	effective_query_below_minimum	skipped_effective_query_below_minimum	0	0	
mitochondrial_kda_run_manifest_v1	secondary_Inh_L1_PAX6_CA4_female_pool_AD_up_mito	secondary	Inh L1 PAX6 CA4	Inhibitory_neurons	female_pool	F_e2;F_e33;F_e4	inhibitory::Inh L1 PAX6 CA4::AD_vs_NCI__Female__e2;inhibitory::Inh L1 PAX6 CA4::AD_vs_NCI__Female__e33;inhibitory::Inh L1 PAX6 CA4::AD_vs_NCI__Female__e4	validated_complete;validated_complete;validated_complete	AD_up_mito	0	0	8223	7821	7219	effective_query_below_minimum	skipped_effective_query_below_minimum	0	0	
mitochondrial_kda_run_manifest_v1	secondary_Inh_L1_PAX6_CA4_female_pool_AD_down_mito	secondary	Inh L1 PAX6 CA4	Inhibitory_neurons	female_pool	F_e2;F_e33;F_e4	inhibitory::Inh L1 PAX6 CA4::AD_vs_NCI__Female__e2;inhibitory::Inh L1 PAX6 CA4::AD_vs_NCI__Female__e33;inhibitory::Inh L1 PAX6 CA4::AD_vs_NCI__Female__e4	validated_complete;validated_complete;validated_complete	AD_down_mito	2	2	8223	7821	7219	effective_query_below_minimum	skipped_effective_query_below_minimum	0	0	
mitochondrial_kda_run_manifest_v1	secondary_Inh_L1_PAX6_CA4_female_pool_AD_both_mito	secondary	Inh L1 PAX6 CA4	Inhibitory_neurons	female_pool	F_e2;F_e33;F_e4	inhibitory::Inh L1 PAX6 CA4::AD_vs_NCI__Female__e2;inhibitory::Inh L1 PAX6 CA4::AD_vs_NCI__Female__e33;inhibitory::Inh L1 PAX6 CA4::AD_vs_NCI__Female__e4	validated_complete;validated_complete;validated_complete	AD_both_mito	2	2	8223	7821	7219	effective_query_below_minimum	skipped_effective_query_below_minimum	0	0	
mitochondrial_kda_run_manifest_v1	secondary_Inh_L1_PAX6_CA4_male_pool_AD_up_mito	secondary	Inh L1 PAX6 CA4	Inhibitory_neurons	male_pool	M_e2;M_e33;M_e4	inhibitory::Inh L1 PAX6 CA4::AD_vs_NCI__Male__e2;inhibitory::Inh L1 PAX6 CA4::AD_vs_NCI__Male__e33;inhibitory::Inh L1 PAX6 CA4::AD_vs_NCI__Male__e4	validated_complete;validated_complete;validated_complete	AD_up_mito	0	0	7547	7178	6635	effective_query_below_minimum	skipped_effective_query_below_minimum	0	0	
mitochondrial_kda_run_manifest_v1	secondary_Inh_L1_PAX6_CA4_male_pool_AD_down_mito	secondary	Inh L1 PAX6 CA4	Inhibitory_neurons	male_pool	M_e2;M_e33;M_e4	inhibitory::Inh L1 PAX6 CA4::AD_vs_NCI__Male__e2;inhibitory::Inh L1 PAX6 CA4::AD_vs_NCI__Male__e33;inhibitory::Inh L1 PAX6 CA4::AD_vs_NCI__Male__e4	validated_complete;validated_complete;validated_complete	AD_down_mito	0	0	7547	7178	6635	effective_query_below_minimum	skipped_effective_query_below_minimum	0	0	
mitochondrial_kda_run_manifest_v1	secondary_Inh_L1_PAX6_CA4_male_pool_AD_both_mito	secondary	Inh L1 PAX6 CA4	Inhibitory_neurons	male_pool	M_e2;M_e33;M_e4	inhibitory::Inh L1 PAX6 CA4::AD_vs_NCI__Male__e2;inhibitory::Inh L1 PAX6 CA4::AD_vs_NCI__Male__e33;inhibitory::Inh L1 PAX6 CA4::AD_vs_NCI__Male__e4	validated_complete;validated_complete;validated_complete	AD_both_mito	0	0	7547	7178	6635	effective_query_below_minimum	skipped_effective_query_below_minimum	0	0	
mitochondrial_kda_run_manifest_v1	secondary_Inh_L1_PAX6_CA4_e2_pool_AD_up_mito	secondary	Inh L1 PAX6 CA4	Inhibitory_neurons	e2_pool	F_e2;M_e2	inhibitory::Inh L1 PAX6 CA4::AD_vs_NCI__Female__e2;inhibitory::Inh L1 PAX6 CA4::AD_vs_NCI__Male__e2	validated_complete;validated_complete	AD_up_mito	0	0	8194	7709	7126	effective_query_below_minimum	skipped_effective_query_below_minimum	0	0	
mitochondrial_kda_run_manifest_v1	secondary_Inh_L1_PAX6_CA4_e2_pool_AD_down_mito	secondary	Inh L1 PAX6 CA4	Inhibitory_neurons	e2_pool	F_e2;M_e2	inhibitory::Inh L1 PAX6 CA4::AD_vs_NCI__Female__e2;inhibitory::Inh L1 PAX6 CA4::AD_vs_NCI__Male__e2	validated_complete;validated_complete	AD_down_mito	0	0	8194	7709	7126	effective_query_below_minimum	skipped_effective_query_below_minimum	0	0	
mitochondrial_kda_run_manifest_v1	secondary_Inh_L1_PAX6_CA4_e2_pool_AD_both_mito	secondary	Inh L1 PAX6 CA4	Inhibitory_neurons	e2_pool	F_e2;M_e2	inhibitory::Inh L1 PAX6 CA4::AD_vs_NCI__Female__e2;inhibitory::Inh L1 PAX6 CA4::AD_vs_NCI__Male__e2	validated_complete;validated_complete	AD_both_mito	0	0	8194	7709	7126	effective_query_below_minimum	skipped_effective_query_below_minimum	0	0	
mitochondrial_kda_run_manifest_v1	secondary_Inh_L1_PAX6_CA4_e33_pool_AD_up_mito	secondary	Inh L1 PAX6 CA4	Inhibitory_neurons	e33_pool	F_e33;M_e33	inhibitory::Inh L1 PAX6 CA4::AD_vs_NCI__Female__e33;inhibitory::Inh L1 PAX6 CA4::AD_vs_NCI__Male__e33	validated_complete;validated_complete	AD_up_mito	0	0	8642	8213	7567	effective_query_below_minimum	skipped_effective_query_below_minimum	0	0	
mitochondrial_kda_run_manifest_v1	secondary_Inh_L1_PAX6_CA4_e33_pool_AD_down_mito	secondary	Inh L1 PAX6 CA4	Inhibitory_neurons	e33_pool	F_e33;M_e33	inhibitory::Inh L1 PAX6 CA4::AD_vs_NCI__Female__e33;inhibitory::Inh L1 PAX6 CA4::AD_vs_NCI__Male__e33	validated_complete;validated_complete	AD_down_mito	0	0	8642	8213	7567	effective_query_below_minimum	skipped_effective_query_below_minimum	0	0	
mitochondrial_kda_run_manifest_v1	secondary_Inh_L1_PAX6_CA4_e33_pool_AD_both_mito	secondary	Inh L1 PAX6 CA4	Inhibitory_neurons	e33_pool	F_e33;M_e33	inhibitory::Inh L1 PAX6 CA4::AD_vs_NCI__Female__e33;inhibitory::Inh L1 PAX6 CA4::AD_vs_NCI__Male__e33	validated_complete;validated_complete	AD_both_mito	0	0	8642	8213	7567	effective_query_below_minimum	skipped_effective_query_below_minimum	0	0	
mitochondrial_kda_run_manifest_v1	secondary_Inh_L1_PAX6_CA4_e4_pool_AD_up_mito	secondary	Inh L1 PAX6 CA4	Inhibitory_neurons	e4_pool	F_e4;M_e4	inhibitory::Inh L1 PAX6 CA4::AD_vs_NCI__Female__e4;inhibitory::Inh L1 PAX6 CA4::AD_vs_NCI__Male__e4	validated_complete;validated_complete	AD_up_mito	0	0	7750	7408	6841	effective_query_below_minimum	skipped_effective_query_below_minimum	0	0	
mitochondrial_kda_run_manifest_v1	secondary_Inh_L1_PAX6_CA4_e4_pool_AD_down_mito	secondary	Inh L1 PAX6 CA4	Inhibitory_neurons	e4_pool	F_e4;M_e4	inhibitory::Inh L1 PAX6 CA4::AD_vs_NCI__Female__e4;inhibitory::Inh L1 PAX6 CA4::AD_vs_NCI__Male__e4	validated_complete;validated_complete	AD_down_mito	2	2	7750	7408	6841	effective_query_below_minimum	skipped_effective_query_below_minimum	0	0	
mitochondrial_kda_run_manifest_v1	secondary_Inh_L1_PAX6_CA4_e4_pool_AD_both_mito	secondary	Inh L1 PAX6 CA4	Inhibitory_neurons	e4_pool	F_e4;M_e4	inhibitory::Inh L1 PAX6 CA4::AD_vs_NCI__Female__e4;inhibitory::Inh L1 PAX6 CA4::AD_vs_NCI__Male__e4	validated_complete;validated_complete	AD_both_mito	2	2	7750	7408	6841	effective_query_below_minimum	skipped_effective_query_below_minimum	0	0	
mitochondrial_kda_run_manifest_v1	primary_Inh_L1_2_PAX6_SCGN_F_e2_AD_up_mito	primary	Inh L1-2 PAX6 SCGN	Inhibitory_neurons	F_e2	F_e2	inhibitory::Inh L1-2 PAX6 SCGN::AD_vs_NCI__Female__e2	validated_complete	AD_up_mito	0	0	12482	9494	8748	effective_query_below_minimum	skipped_effective_query_below_minimum	0	0	
mitochondrial_kda_run_manifest_v1	primary_Inh_L1_2_PAX6_SCGN_F_e2_AD_down_mito	primary	Inh L1-2 PAX6 SCGN	Inhibitory_neurons	F_e2	F_e2	inhibitory::Inh L1-2 PAX6 SCGN::AD_vs_NCI__Female__e2	validated_complete	AD_down_mito	0	0	12482	9494	8748	effective_query_below_minimum	skipped_effective_query_below_minimum	0	0	
mitochondrial_kda_run_manifest_v1	primary_Inh_L1_2_PAX6_SCGN_F_e2_AD_both_mito	primary	Inh L1-2 PAX6 SCGN	Inhibitory_neurons	F_e2	F_e2	inhibitory::Inh L1-2 PAX6 SCGN::AD_vs_NCI__Female__e2	validated_complete	AD_both_mito	0	0	12482	9494	8748	effective_query_below_minimum	skipped_effective_query_below_minimum	0	0	
mitochondrial_kda_run_manifest_v1	primary_Inh_L1_2_PAX6_SCGN_F_e33_AD_up_mito	primary	Inh L1-2 PAX6 SCGN	Inhibitory_neurons	F_e33	F_e33	inhibitory::Inh L1-2 PAX6 SCGN::AD_vs_NCI__Female__e33	validated_complete	AD_up_mito	0	0	11095	9402	8666	effective_query_below_minimum	skipped_effective_query_below_minimum	0	0	
mitochondrial_kda_run_manifest_v1	primary_Inh_L1_2_PAX6_SCGN_F_e33_AD_down_mito	primary	Inh L1-2 PAX6 SCGN	Inhibitory_neurons	F_e33	F_e33	inhibitory::Inh L1-2 PAX6 SCGN::AD_vs_NCI__Female__e33	validated_complete	AD_down_mito	0	0	11095	9402	8666	effective_query_below_minimum	skipped_effective_query_below_minimum	0	0	
mitochondrial_kda_run_manifest_v1	primary_Inh_L1_2_PAX6_SCGN_F_e33_AD_both_mito	primary	Inh L1-2 PAX6 SCGN	Inhibitory_neurons	F_e33	F_e33	inhibitory::Inh L1-2 PAX6 SCGN::AD_vs_NCI__Female__e33	validated_complete	AD_both_mito	0	0	11095	9402	8666	effective_query_below_minimum	skipped_effective_query_below_minimum	0	0	
mitochondrial_kda_run_manifest_v1	primary_Inh_L1_2_PAX6_SCGN_F_e4_AD_up_mito	primary	Inh L1-2 PAX6 SCGN	Inhibitory_neurons	F_e4	F_e4	inhibitory::Inh L1-2 PAX6 SCGN::AD_vs_NCI__Female__e4	validated_complete	AD_up_mito	0	0	11176	9376	8646	effective_query_below_minimum	skipped_effective_query_below_minimum	0	0	
mitochondrial_kda_run_manifest_v1	primary_Inh_L1_2_PAX6_SCGN_F_e4_AD_down_mito	primary	Inh L1-2 PAX6 SCGN	Inhibitory_neurons	F_e4	F_e4	inhibitory::Inh L1-2 PAX6 SCGN::AD_vs_NCI__Female__e4	validated_complete	AD_down_mito	0	0	11176	9376	8646	effective_query_below_minimum	skipped_effective_query_below_minimum	0	0	
mitochondrial_kda_run_manifest_v1	primary_Inh_L1_2_PAX6_SCGN_F_e4_AD_both_mito	primary	Inh L1-2 PAX6 SCGN	Inhibitory_neurons	F_e4	F_e4	inhibitory::Inh L1-2 PAX6 SCGN::AD_vs_NCI__Female__e4	validated_complete	AD_both_mito	0	0	11176	9376	8646	effective_query_below_minimum	skipped_effective_query_below_minimum	0	0	
mitochondrial_kda_run_manifest_v1	primary_Inh_L1_2_PAX6_SCGN_M_e2_AD_up_mito	primary	Inh L1-2 PAX6 SCGN	Inhibitory_neurons	M_e2	M_e2	inhibitory::Inh L1-2 PAX6 SCGN::AD_vs_NCI__Male__e2	validated_complete	AD_up_mito	0	0	11309	9277	8546	effective_query_below_minimum	skipped_effective_query_below_minimum	0	0	
mitochondrial_kda_run_manifest_v1	primary_Inh_L1_2_PAX6_SCGN_M_e2_AD_down_mito	primary	Inh L1-2 PAX6 SCGN	Inhibitory_neurons	M_e2	M_e2	inhibitory::Inh L1-2 PAX6 SCGN::AD_vs_NCI__Male__e2	validated_complete	AD_down_mito	0	0	11309	9277	8546	effective_query_below_minimum	skipped_effective_query_below_minimum	0	0	
mitochondrial_kda_run_manifest_v1	primary_Inh_L1_2_PAX6_SCGN_M_e2_AD_both_mito	primary	Inh L1-2 PAX6 SCGN	Inhibitory_neurons	M_e2	M_e2	inhibitory::Inh L1-2 PAX6 SCGN::AD_vs_NCI__Male__e2	validated_complete	AD_both_mito	0	0	11309	9277	8546	effective_query_below_minimum	skipped_effective_query_below_minimum	0	0	
mitochondrial_kda_run_manifest_v1	primary_Inh_L1_2_PAX6_SCGN_M_e33_AD_up_mito	primary	Inh L1-2 PAX6 SCGN	Inhibitory_neurons	M_e33	M_e33	inhibitory::Inh L1-2 PAX6 SCGN::AD_vs_NCI__Male__e33	validated_complete	AD_up_mito	0	0	10864	9305	8576	effective_query_below_minimum	skipped_effective_query_below_minimum	0	0	
mitochondrial_kda_run_manifest_v1	primary_Inh_L1_2_PAX6_SCGN_M_e33_AD_down_mito	primary	Inh L1-2 PAX6 SCGN	Inhibitory_neurons	M_e33	M_e33	inhibitory::Inh L1-2 PAX6 SCGN::AD_vs_NCI__Male__e33	validated_complete	AD_down_mito	0	0	10864	9305	8576	effective_query_below_minimum	skipped_effective_query_below_minimum	0	0	
mitochondrial_kda_run_manifest_v1	primary_Inh_L1_2_PAX6_SCGN_M_e33_AD_both_mito	primary	Inh L1-2 PAX6 SCGN	Inhibitory_neurons	M_e33	M_e33	inhibitory::Inh L1-2 PAX6 SCGN::AD_vs_NCI__Male__e33	validated_complete	AD_both_mito	0	0	10864	9305	8576	effective_query_below_minimum	skipped_effective_query_below_minimum	0	0	
mitochondrial_kda_run_manifest_v1	primary_Inh_L1_2_PAX6_SCGN_M_e4_AD_up_mito	primary	Inh L1-2 PAX6 SCGN	Inhibitory_neurons	M_e4	M_e4	inhibitory::Inh L1-2 PAX6 SCGN::AD_vs_NCI__Male__e4	validated_complete	AD_up_mito	0	0	11058	9316	8589	effective_query_below_minimum	skipped_effective_query_below_minimum	0	0	
mitochondrial_kda_run_manifest_v1	primary_Inh_L1_2_PAX6_SCGN_M_e4_AD_down_mito	primary	Inh L1-2 PAX6 SCGN	Inhibitory_neurons	M_e4	M_e4	inhibitory::Inh L1-2 PAX6 SCGN::AD_vs_NCI__Male__e4	validated_complete	AD_down_mito	0	0	11058	9316	8589	effective_query_below_minimum	skipped_effective_query_below_minimum	0	0	
mitochondrial_kda_run_manifest_v1	primary_Inh_L1_2_PAX6_SCGN_M_e4_AD_both_mito	primary	Inh L1-2 PAX6 SCGN	Inhibitory_neurons	M_e4	M_e4	inhibitory::Inh L1-2 PAX6 SCGN::AD_vs_NCI__Male__e4	validated_complete	AD_both_mito	0	0	11058	9316	8589	effective_query_below_minimum	skipped_effective_query_below_minimum	0	0	
mitochondrial_kda_run_manifest_v1	secondary_Inh_L1_2_PAX6_SCGN_female_pool_AD_up_mito	secondary	Inh L1-2 PAX6 SCGN	Inhibitory_neurons	female_pool	F_e2;F_e33;F_e4	inhibitory::Inh L1-2 PAX6 SCGN::AD_vs_NCI__Female__e2;inhibitory::Inh L1-2 PAX6 SCGN::AD_vs_NCI__Female__e33;inhibitory::Inh L1-2 PAX6 SCGN::AD_vs_NCI__Female__e4	validated_complete;validated_complete;validated_complete	AD_up_mito	0	0	10528	9229	8509	effective_query_below_minimum	skipped_effective_query_below_minimum	0	0	
mitochondrial_kda_run_manifest_v1	secondary_Inh_L1_2_PAX6_SCGN_female_pool_AD_down_mito	secondary	Inh L1-2 PAX6 SCGN	Inhibitory_neurons	female_pool	F_e2;F_e33;F_e4	inhibitory::Inh L1-2 PAX6 SCGN::AD_vs_NCI__Female__e2;inhibitory::Inh L1-2 PAX6 SCGN::AD_vs_NCI__Female__e33;inhibitory::Inh L1-2 PAX6 SCGN::AD_vs_NCI__Female__e4	validated_complete;validated_complete;validated_complete	AD_down_mito	0	0	10528	9229	8509	effective_query_below_minimum	skipped_effective_query_below_minimum	0	0	
mitochondrial_kda_run_manifest_v1	secondary_Inh_L1_2_PAX6_SCGN_female_pool_AD_both_mito	secondary	Inh L1-2 PAX6 SCGN	Inhibitory_neurons	female_pool	F_e2;F_e33;F_e4	inhibitory::Inh L1-2 PAX6 SCGN::AD_vs_NCI__Female__e2;inhibitory::Inh L1-2 PAX6 SCGN::AD_vs_NCI__Female__e33;inhibitory::Inh L1-2 PAX6 SCGN::AD_vs_NCI__Female__e4	validated_complete;validated_complete;validated_complete	AD_both_mito	0	0	10528	9229	8509	effective_query_below_minimum	skipped_effective_query_below_minimum	0	0	
mitochondrial_kda_run_manifest_v1	secondary_Inh_L1_2_PAX6_SCGN_male_pool_AD_up_mito	secondary	Inh L1-2 PAX6 SCGN	Inhibitory_neurons	male_pool	M_e2;M_e33;M_e4	inhibitory::Inh L1-2 PAX6 SCGN::AD_vs_NCI__Male__e2;inhibitory::Inh L1-2 PAX6 SCGN::AD_vs_NCI__Male__e33;inhibitory::Inh L1-2 PAX6 SCGN::AD_vs_NCI__Male__e4	validated_complete;validated_complete;validated_complete	AD_up_mito	0	0	10059	8999	8292	effective_query_below_minimum	skipped_effective_query_below_minimum	0	0	
mitochondrial_kda_run_manifest_v1	secondary_Inh_L1_2_PAX6_SCGN_male_pool_AD_down_mito	secondary	Inh L1-2 PAX6 SCGN	Inhibitory_neurons	male_pool	M_e2;M_e33;M_e4	inhibitory::Inh L1-2 PAX6 SCGN::AD_vs_NCI__Male__e2;inhibitory::Inh L1-2 PAX6 SCGN::AD_vs_NCI__Male__e33;inhibitory::Inh L1-2 PAX6 SCGN::AD_vs_NCI__Male__e4	validated_complete;validated_complete;validated_complete	AD_down_mito	0	0	10059	8999	8292	effective_query_below_minimum	skipped_effective_query_below_minimum	0	0	
mitochondrial_kda_run_manifest_v1	secondary_Inh_L1_2_PAX6_SCGN_male_pool_AD_both_mito	secondary	Inh L1-2 PAX6 SCGN	Inhibitory_neurons	male_pool	M_e2;M_e33;M_e4	inhibitory::Inh L1-2 PAX6 SCGN::AD_vs_NCI__Male__e2;inhibitory::Inh L1-2 PAX6 SCGN::AD_vs_NCI__Male__e33;inhibitory::Inh L1-2 PAX6 SCGN::AD_vs_NCI__Male__e4	validated_complete;validated_complete;validated_complete	AD_both_mito	0	0	10059	8999	8292	effective_query_below_minimum	skipped_effective_query_below_minimum	0	0	
mitochondrial_kda_run_manifest_v1	secondary_Inh_L1_2_PAX6_SCGN_e2_pool_AD_up_mito	secondary	Inh L1-2 PAX6 SCGN	Inhibitory_neurons	e2_pool	F_e2;M_e2	inhibitory::Inh L1-2 PAX6 SCGN::AD_vs_NCI__Female__e2;inhibitory::Inh L1-2 PAX6 SCGN::AD_vs_NCI__Male__e2	validated_complete;validated_complete	AD_up_mito	0	0	10799	9194	8467	effective_query_below_minimum	skipped_effective_query_below_minimum	0	0	
mitochondrial_kda_run_manifest_v1	secondary_Inh_L1_2_PAX6_SCGN_e2_pool_AD_down_mito	secondary	Inh L1-2 PAX6 SCGN	Inhibitory_neurons	e2_pool	F_e2;M_e2	inhibitory::Inh L1-2 PAX6 SCGN::AD_vs_NCI__Female__e2;inhibitory::Inh L1-2 PAX6 SCGN::AD_vs_NCI__Male__e2	validated_complete;validated_complete	AD_down_mito	0	0	10799	9194	8467	effective_query_below_minimum	skipped_effective_query_below_minimum	0	0	
mitochondrial_kda_run_manifest_v1	secondary_Inh_L1_2_PAX6_SCGN_e2_pool_AD_both_mito	secondary	Inh L1-2 PAX6 SCGN	Inhibitory_neurons	e2_pool	F_e2;M_e2	inhibitory::Inh L1-2 PAX6 SCGN::AD_vs_NCI__Female__e2;inhibitory::Inh L1-2 PAX6 SCGN::AD_vs_NCI__Male__e2	validated_complete;validated_complete	AD_both_mito	0	0	10799	9194	8467	effective_query_below_minimum	skipped_effective_query_below_minimum	0	0	
mitochondrial_kda_run_manifest_v1	secondary_Inh_L1_2_PAX6_SCGN_e33_pool_AD_up_mito	secondary	Inh L1-2 PAX6 SCGN	Inhibitory_neurons	e33_pool	F_e33;M_e33	inhibitory::Inh L1-2 PAX6 SCGN::AD_vs_NCI__Female__e33;inhibitory::Inh L1-2 PAX6 SCGN::AD_vs_NCI__Male__e33	validated_complete;validated_complete	AD_up_mito	0	0	10592	9258	8533	effective_query_below_minimum	skipped_effective_query_below_minimum	0	0	
mitochondrial_kda_run_manifest_v1	secondary_Inh_L1_2_PAX6_SCGN_e33_pool_AD_down_mito	secondary	Inh L1-2 PAX6 SCGN	Inhibitory_neurons	e33_pool	F_e33;M_e33	inhibitory::Inh L1-2 PAX6 SCGN::AD_vs_NCI__Female__e33;inhibitory::Inh L1-2 PAX6 SCGN::AD_vs_NCI__Male__e33	validated_complete;validated_complete	AD_down_mito	0	0	10592	9258	8533	effective_query_below_minimum	skipped_effective_query_below_minimum	0	0	
mitochondrial_kda_run_manifest_v1	secondary_Inh_L1_2_PAX6_SCGN_e33_pool_AD_both_mito	secondary	Inh L1-2 PAX6 SCGN	Inhibitory_neurons	e33_pool	F_e33;M_e33	inhibitory::Inh L1-2 PAX6 SCGN::AD_vs_NCI__Female__e33;inhibitory::Inh L1-2 PAX6 SCGN::AD_vs_NCI__Male__e33	validated_complete;validated_complete	AD_both_mito	0	0	10592	9258	8533	effective_query_below_minimum	skipped_effective_query_below_minimum	0	0	
mitochondrial_kda_run_manifest_v1	secondary_Inh_L1_2_PAX6_SCGN_e4_pool_AD_up_mito	secondary	Inh L1-2 PAX6 SCGN	Inhibitory_neurons	e4_pool	F_e4;M_e4	inhibitory::Inh L1-2 PAX6 SCGN::AD_vs_NCI__Female__e4;inhibitory::Inh L1-2 PAX6 SCGN::AD_vs_NCI__Male__e4	validated_complete;validated_complete	AD_up_mito	0	0	10447	9184	8466	effective_query_below_minimum	skipped_effective_query_below_minimum	0	0	
mitochondrial_kda_run_manifest_v1	secondary_Inh_L1_2_PAX6_SCGN_e4_pool_AD_down_mito	secondary	Inh L1-2 PAX6 SCGN	Inhibitory_neurons	e4_pool	F_e4;M_e4	inhibitory::Inh L1-2 PAX6 SCGN::AD_vs_NCI__Female__e4;inhibitory::Inh L1-2 PAX6 SCGN::AD_vs_NCI__Male__e4	validated_complete;validated_complete	AD_down_mito	0	0	10447	9184	8466	effective_query_below_minimum	skipped_effective_query_below_minimum	0	0	
mitochondrial_kda_run_manifest_v1	secondary_Inh_L1_2_PAX6_SCGN_e4_pool_AD_both_mito	secondary	Inh L1-2 PAX6 SCGN	Inhibitory_neurons	e4_pool	F_e4;M_e4	inhibitory::Inh L1-2 PAX6 SCGN::AD_vs_NCI__Female__e4;inhibitory::Inh L1-2 PAX6 SCGN::AD_vs_NCI__Male__e4	validated_complete;validated_complete	AD_both_mito	0	0	10447	9184	8466	effective_query_below_minimum	skipped_effective_query_below_minimum	0	0	
mitochondrial_kda_run_manifest_v1	primary_Inh_L1_6_LAMP5_CA13_F_e2_AD_up_mito	primary	Inh L1-6 LAMP5 CA13	Inhibitory_neurons	F_e2	F_e2	inhibitory::Inh L1-6 LAMP5 CA13::AD_vs_NCI__Female__e2	validated_complete	AD_up_mito	2	2	10577	9259	8538	effective_query_below_minimum	skipped_effective_query_below_minimum	0	0	
mitochondrial_kda_run_manifest_v1	primary_Inh_L1_6_LAMP5_CA13_F_e2_AD_down_mito	primary	Inh L1-6 LAMP5 CA13	Inhibitory_neurons	F_e2	F_e2	inhibitory::Inh L1-6 LAMP5 CA13::AD_vs_NCI__Female__e2	validated_complete	AD_down_mito	3	3	10577	9259	8538	eligible	completed_significant	7	0.11200000000008	
mitochondrial_kda_run_manifest_v1	primary_Inh_L1_6_LAMP5_CA13_F_e2_AD_both_mito	primary	Inh L1-6 LAMP5 CA13	Inhibitory_neurons	F_e2	F_e2	inhibitory::Inh L1-6 LAMP5 CA13::AD_vs_NCI__Female__e2	validated_complete	AD_both_mito	5	5	10577	9259	8538	eligible	completed_significant	9	0.27599999999984	
mitochondrial_kda_run_manifest_v1	primary_Inh_L1_6_LAMP5_CA13_F_e33_AD_up_mito	primary	Inh L1-6 LAMP5 CA13	Inhibitory_neurons	F_e33	F_e33	inhibitory::Inh L1-6 LAMP5 CA13::AD_vs_NCI__Female__e33	validated_complete	AD_up_mito	10	10	10318	9169	8459	eligible	completed_significant	9	0.346000000000004	
mitochondrial_kda_run_manifest_v1	primary_Inh_L1_6_LAMP5_CA13_F_e33_AD_down_mito	primary	Inh L1-6 LAMP5 CA13	Inhibitory_neurons	F_e33	F_e33	inhibitory::Inh L1-6 LAMP5 CA13::AD_vs_NCI__Female__e33	validated_complete	AD_down_mito	14	9	10318	9169	8459	eligible	completed_no_significant	0	0.491000000000213	
mitochondrial_kda_run_manifest_v1	primary_Inh_L1_6_LAMP5_CA13_F_e33_AD_both_mito	primary	Inh L1-6 LAMP5 CA13	Inhibitory_neurons	F_e33	F_e33	inhibitory::Inh L1-6 LAMP5 CA13::AD_vs_NCI__Female__e33	validated_complete	AD_both_mito	24	19	10318	9169	8459	eligible	completed_significant	7	0.741999999999962	
mitochondrial_kda_run_manifest_v1	primary_Inh_L1_6_LAMP5_CA13_F_e4_AD_up_mito	primary	Inh L1-6 LAMP5 CA13	Inhibitory_neurons	F_e4	F_e4	inhibitory::Inh L1-6 LAMP5 CA13::AD_vs_NCI__Female__e4	validated_complete	AD_up_mito	0	0	10408	9181	8473	effective_query_below_minimum	skipped_effective_query_below_minimum	0	0	
mitochondrial_kda_run_manifest_v1	primary_Inh_L1_6_LAMP5_CA13_F_e4_AD_down_mito	primary	Inh L1-6 LAMP5 CA13	Inhibitory_neurons	F_e4	F_e4	inhibitory::Inh L1-6 LAMP5 CA13::AD_vs_NCI__Female__e4	validated_complete	AD_down_mito	9	8	10408	9181	8473	eligible	completed_no_significant	0	0.398999999999887	
mitochondrial_kda_run_manifest_v1	primary_Inh_L1_6_LAMP5_CA13_F_e4_AD_both_mito	primary	Inh L1-6 LAMP5 CA13	Inhibitory_neurons	F_e4	F_e4	inhibitory::Inh L1-6 LAMP5 CA13::AD_vs_NCI__Female__e4	validated_complete	AD_both_mito	9	8	10408	9181	8473	eligible	completed_no_significant	0	0.404999999999973	
mitochondrial_kda_run_manifest_v1	primary_Inh_L1_6_LAMP5_CA13_M_e2_AD_up_mito	primary	Inh L1-6 LAMP5 CA13	Inhibitory_neurons	M_e2	M_e2	inhibitory::Inh L1-6 LAMP5 CA13::AD_vs_NCI__Male__e2	validated_complete	AD_up_mito	6	6	10615	9250	8526	eligible	completed_no_significant	0	0.319000000000187	
mitochondrial_kda_run_manifest_v1	primary_Inh_L1_6_LAMP5_CA13_M_e2_AD_down_mito	primary	Inh L1-6 LAMP5 CA13	Inhibitory_neurons	M_e2	M_e2	inhibitory::Inh L1-6 LAMP5 CA13::AD_vs_NCI__Male__e2	validated_complete	AD_down_mito	8	8	10615	9250	8526	eligible	completed_significant	13	0.448999999999842	
mitochondrial_kda_run_manifest_v1	primary_Inh_L1_6_LAMP5_CA13_M_e2_AD_both_mito	primary	Inh L1-6 LAMP5 CA13	Inhibitory_neurons	M_e2	M_e2	inhibitory::Inh L1-6 LAMP5 CA13::AD_vs_NCI__Male__e2	validated_complete	AD_both_mito	14	14	10615	9250	8526	eligible	completed_significant	8	0.700999999999795	
mitochondrial_kda_run_manifest_v1	primary_Inh_L1_6_LAMP5_CA13_M_e33_AD_up_mito	primary	Inh L1-6 LAMP5 CA13	Inhibitory_neurons	M_e33	M_e33	inhibitory::Inh L1-6 LAMP5 CA13::AD_vs_NCI__Male__e33	validated_complete	AD_up_mito	3	3	10184	9109	8400	eligible	completed_significant	9	0.0640000000000782	
mitochondrial_kda_run_manifest_v1	primary_Inh_L1_6_LAMP5_CA13_M_e33_AD_down_mito	primary	Inh L1-6 LAMP5 CA13	Inhibitory_neurons	M_e33	M_e33	inhibitory::Inh L1-6 LAMP5 CA13::AD_vs_NCI__Male__e33	validated_complete	AD_down_mito	5	4	10184	9109	8400	eligible	completed_significant	4	0.243999999999915	
mitochondrial_kda_run_manifest_v1	primary_Inh_L1_6_LAMP5_CA13_M_e33_AD_both_mito	primary	Inh L1-6 LAMP5 CA13	Inhibitory_neurons	M_e33	M_e33	inhibitory::Inh L1-6 LAMP5 CA13::AD_vs_NCI__Male__e33	validated_complete	AD_both_mito	8	7	10184	9109	8400	eligible	completed_significant	6	0.309999999999945	
mitochondrial_kda_run_manifest_v1	primary_Inh_L1_6_LAMP5_CA13_M_e4_AD_up_mito	primary	Inh L1-6 LAMP5 CA13	Inhibitory_neurons	M_e4	M_e4	inhibitory::Inh L1-6 LAMP5 CA13::AD_vs_NCI__Male__e4	validated_complete	AD_up_mito	0	0	9870	8961	8261	effective_query_below_minimum	skipped_effective_query_below_minimum	0	0	
mitochondrial_kda_run_manifest_v1	primary_Inh_L1_6_LAMP5_CA13_M_e4_AD_down_mito	primary	Inh L1-6 LAMP5 CA13	Inhibitory_neurons	M_e4	M_e4	inhibitory::Inh L1-6 LAMP5 CA13::AD_vs_NCI__Male__e4	validated_complete	AD_down_mito	4	4	9870	8961	8261	eligible	completed_significant	7	0.182000000000016	
mitochondrial_kda_run_manifest_v1	primary_Inh_L1_6_LAMP5_CA13_M_e4_AD_both_mito	primary	Inh L1-6 LAMP5 CA13	Inhibitory_neurons	M_e4	M_e4	inhibitory::Inh L1-6 LAMP5 CA13::AD_vs_NCI__Male__e4	validated_complete	AD_both_mito	4	4	9870	8961	8261	eligible	completed_significant	7	0.182000000000016	
mitochondrial_kda_run_manifest_v1	secondary_Inh_L1_6_LAMP5_CA13_female_pool_AD_up_mito	secondary	Inh L1-6 LAMP5 CA13	Inhibitory_neurons	female_pool	F_e2;F_e33;F_e4	inhibitory::Inh L1-6 LAMP5 CA13::AD_vs_NCI__Female__e2;inhibitory::Inh L1-6 LAMP5 CA13::AD_vs_NCI__Female__e33;inhibitory::Inh L1-6 LAMP5 CA13::AD_vs_NCI__Female__e4	validated_complete;validated_complete;validated_complete	AD_up_mito	11	11	10039	9067	8363	eligible	completed_significant	8	0.36200000000008	
mitochondrial_kda_run_manifest_v1	secondary_Inh_L1_6_LAMP5_CA13_female_pool_AD_down_mito	secondary	Inh L1-6 LAMP5 CA13	Inhibitory_neurons	female_pool	F_e2;F_e33;F_e4	inhibitory::Inh L1-6 LAMP5 CA13::AD_vs_NCI__Female__e2;inhibitory::Inh L1-6 LAMP5 CA13::AD_vs_NCI__Female__e33;inhibitory::Inh L1-6 LAMP5 CA13::AD_vs_NCI__Female__e4	validated_complete;validated_complete;validated_complete	AD_down_mito	26	20	10039	9067	8363	eligible	completed_significant	2	0.935999999999922	
mitochondrial_kda_run_manifest_v1	secondary_Inh_L1_6_LAMP5_CA13_female_pool_AD_both_mito	secondary	Inh L1-6 LAMP5 CA13	Inhibitory_neurons	female_pool	F_e2;F_e33;F_e4	inhibitory::Inh L1-6 LAMP5 CA13::AD_vs_NCI__Female__e2;inhibitory::Inh L1-6 LAMP5 CA13::AD_vs_NCI__Female__e33;inhibitory::Inh L1-6 LAMP5 CA13::AD_vs_NCI__Female__e4	validated_complete;validated_complete;validated_complete	AD_both_mito	36	30	10039	9067	8363	eligible	completed_significant	9	1.10300000000007	
mitochondrial_kda_run_manifest_v1	secondary_Inh_L1_6_LAMP5_CA13_male_pool_AD_up_mito	secondary	Inh L1-6 LAMP5 CA13	Inhibitory_neurons	male_pool	M_e2;M_e33;M_e4	inhibitory::Inh L1-6 LAMP5 CA13::AD_vs_NCI__Male__e2;inhibitory::Inh L1-6 LAMP5 CA13::AD_vs_NCI__Male__e33;inhibitory::Inh L1-6 LAMP5 CA13::AD_vs_NCI__Male__e4	validated_complete;validated_complete;validated_complete	AD_up_mito	9	9	9710	8894	8197	eligible	completed_no_significant	0	0.364000000000033	
mitochondrial_kda_run_manifest_v1	secondary_Inh_L1_6_LAMP5_CA13_male_pool_AD_down_mito	secondary	Inh L1-6 LAMP5 CA13	Inhibitory_neurons	male_pool	M_e2;M_e33;M_e4	inhibitory::Inh L1-6 LAMP5 CA13::AD_vs_NCI__Male__e2;inhibitory::Inh L1-6 LAMP5 CA13::AD_vs_NCI__Male__e33;inhibitory::Inh L1-6 LAMP5 CA13::AD_vs_NCI__Male__e4	validated_complete;validated_complete;validated_complete	AD_down_mito	17	15	9710	8894	8197	eligible	completed_significant	7	0.885999999999967	
mitochondrial_kda_run_manifest_v1	secondary_Inh_L1_6_LAMP5_CA13_male_pool_AD_both_mito	secondary	Inh L1-6 LAMP5 CA13	Inhibitory_neurons	male_pool	M_e2;M_e33;M_e4	inhibitory::Inh L1-6 LAMP5 CA13::AD_vs_NCI__Male__e2;inhibitory::Inh L1-6 LAMP5 CA13::AD_vs_NCI__Male__e33;inhibitory::Inh L1-6 LAMP5 CA13::AD_vs_NCI__Male__e4	validated_complete;validated_complete;validated_complete	AD_both_mito	26	24	9710	8894	8197	eligible	completed_significant	7	0.939000000000078	
mitochondrial_kda_run_manifest_v1	secondary_Inh_L1_6_LAMP5_CA13_e2_pool_AD_up_mito	secondary	Inh L1-6 LAMP5 CA13	Inhibitory_neurons	e2_pool	F_e2;M_e2	inhibitory::Inh L1-6 LAMP5 CA13::AD_vs_NCI__Female__e2;inhibitory::Inh L1-6 LAMP5 CA13::AD_vs_NCI__Male__e2	validated_complete;validated_complete	AD_up_mito	8	8	10222	9139	8424	eligible	completed_no_significant	0	0.47199999999998	
mitochondrial_kda_run_manifest_v1	secondary_Inh_L1_6_LAMP5_CA13_e2_pool_AD_down_mito	secondary	Inh L1-6 LAMP5 CA13	Inhibitory_neurons	e2_pool	F_e2;M_e2	inhibitory::Inh L1-6 LAMP5 CA13::AD_vs_NCI__Female__e2;inhibitory::Inh L1-6 LAMP5 CA13::AD_vs_NCI__Male__e2	validated_complete;validated_complete	AD_down_mito	11	11	10222	9139	8424	eligible	completed_significant	4	0.507000000000062	
mitochondrial_kda_run_manifest_v1	secondary_Inh_L1_6_LAMP5_CA13_e2_pool_AD_both_mito	secondary	Inh L1-6 LAMP5 CA13	Inhibitory_neurons	e2_pool	F_e2;M_e2	inhibitory::Inh L1-6 LAMP5 CA13::AD_vs_NCI__Female__e2;inhibitory::Inh L1-6 LAMP5 CA13::AD_vs_NCI__Male__e2	validated_complete;validated_complete	AD_both_mito	17	17	10222	9139	8424	eligible	completed_significant	8	0.812000000000126	
mitochondrial_kda_run_manifest_v1	secondary_Inh_L1_6_LAMP5_CA13_e33_pool_AD_up_mito	secondary	Inh L1-6 LAMP5 CA13	Inhibitory_neurons	e33_pool	F_e33;M_e33	inhibitory::Inh L1-6 LAMP5 CA13::AD_vs_NCI__Female__e33;inhibitory::Inh L1-6 LAMP5 CA13::AD_vs_NCI__Male__e33	validated_complete;validated_complete	AD_up_mito	13	13	10095	9089	8382	eligible	completed_significant	7	0.378000000000156	
mitochondrial_kda_run_manifest_v1	secondary_Inh_L1_6_LAMP5_CA13_e33_pool_AD_down_mito	secondary	Inh L1-6 LAMP5 CA13	Inhibitory_neurons	e33_pool	F_e33;M_e33	inhibitory::Inh L1-6 LAMP5 CA13::AD_vs_NCI__Female__e33;inhibitory::Inh L1-6 LAMP5 CA13::AD_vs_NCI__Male__e33	validated_complete;validated_complete	AD_down_mito	19	13	10095	9089	8382	eligible	completed_no_significant	0	0.721000000000004	
mitochondrial_kda_run_manifest_v1	secondary_Inh_L1_6_LAMP5_CA13_e33_pool_AD_both_mito	secondary	Inh L1-6 LAMP5 CA13	Inhibitory_neurons	e33_pool	F_e33;M_e33	inhibitory::Inh L1-6 LAMP5 CA13::AD_vs_NCI__Female__e33;inhibitory::Inh L1-6 LAMP5 CA13::AD_vs_NCI__Male__e33	validated_complete;validated_complete	AD_both_mito	32	26	10095	9089	8382	eligible	completed_significant	7	1.00299999999993	
mitochondrial_kda_run_manifest_v1	secondary_Inh_L1_6_LAMP5_CA13_e4_pool_AD_up_mito	secondary	Inh L1-6 LAMP5 CA13	Inhibitory_neurons	e4_pool	F_e4;M_e4	inhibitory::Inh L1-6 LAMP5 CA13::AD_vs_NCI__Female__e4;inhibitory::Inh L1-6 LAMP5 CA13::AD_vs_NCI__Male__e4	validated_complete;validated_complete	AD_up_mito	0	0	9758	8917	8223	effective_query_below_minimum	skipped_effective_query_below_minimum	0	0	
mitochondrial_kda_run_manifest_v1	secondary_Inh_L1_6_LAMP5_CA13_e4_pool_AD_down_mito	secondary	Inh L1-6 LAMP5 CA13	Inhibitory_neurons	e4_pool	F_e4;M_e4	inhibitory::Inh L1-6 LAMP5 CA13::AD_vs_NCI__Female__e4;inhibitory::Inh L1-6 LAMP5 CA13::AD_vs_NCI__Male__e4	validated_complete;validated_complete	AD_down_mito	13	12	9758	8917	8223	eligible	completed_no_significant	0	0.548999999999978	
mitochondrial_kda_run_manifest_v1	secondary_Inh_L1_6_LAMP5_CA13_e4_pool_AD_both_mito	secondary	Inh L1-6 LAMP5 CA13	Inhibitory_neurons	e4_pool	F_e4;M_e4	inhibitory::Inh L1-6 LAMP5 CA13::AD_vs_NCI__Female__e4;inhibitory::Inh L1-6 LAMP5 CA13::AD_vs_NCI__Male__e4	validated_complete;validated_complete	AD_both_mito	13	12	9758	8917	8223	eligible	completed_no_significant	0	0.539999999999964	
mitochondrial_kda_run_manifest_v1	primary_Inh_L3_5_SST_MAFB_F_e2_AD_up_mito	primary	Inh L3-5 SST MAFB	Inhibitory_neurons	F_e2	F_e2	inhibitory::Inh L3-5 SST MAFB::AD_vs_NCI__Female__e2	validated_complete	AD_up_mito	8	8	7931	7614	7012	eligible	completed_significant	8	0.201000000000022	
mitochondrial_kda_run_manifest_v1	primary_Inh_L3_5_SST_MAFB_F_e2_AD_down_mito	primary	Inh L3-5 SST MAFB	Inhibitory_neurons	F_e2	F_e2	inhibitory::Inh L3-5 SST MAFB::AD_vs_NCI__Female__e2	validated_complete	AD_down_mito	0	0	7931	7614	7012	effective_query_below_minimum	skipped_effective_query_below_minimum	0	0	
mitochondrial_kda_run_manifest_v1	primary_Inh_L3_5_SST_MAFB_F_e2_AD_both_mito	primary	Inh L3-5 SST MAFB	Inhibitory_neurons	F_e2	F_e2	inhibitory::Inh L3-5 SST MAFB::AD_vs_NCI__Female__e2	validated_complete	AD_both_mito	8	8	7931	7614	7012	eligible	completed_significant	8	0.189000000000078	
mitochondrial_kda_run_manifest_v1	primary_Inh_L3_5_SST_MAFB_F_e33_AD_up_mito	primary	Inh L3-5 SST MAFB	Inhibitory_neurons	F_e33	F_e33	inhibitory::Inh L3-5 SST MAFB::AD_vs_NCI__Female__e33	validated_complete	AD_up_mito	7	6	7613	7343	6778	eligible	completed_no_significant	0	0.301999999999907	
mitochondrial_kda_run_manifest_v1	primary_Inh_L3_5_SST_MAFB_F_e33_AD_down_mito	primary	Inh L3-5 SST MAFB	Inhibitory_neurons	F_e33	F_e33	inhibitory::Inh L3-5 SST MAFB::AD_vs_NCI__Female__e33	validated_complete	AD_down_mito	2	2	7613	7343	6778	effective_query_below_minimum	skipped_effective_query_below_minimum	0	0	
mitochondrial_kda_run_manifest_v1	primary_Inh_L3_5_SST_MAFB_F_e33_AD_both_mito	primary	Inh L3-5 SST MAFB	Inhibitory_neurons	F_e33	F_e33	inhibitory::Inh L3-5 SST MAFB::AD_vs_NCI__Female__e33	validated_complete	AD_both_mito	9	8	7613	7343	6778	eligible	completed_no_significant	0	0.423999999999978	
mitochondrial_kda_run_manifest_v1	primary_Inh_L3_5_SST_MAFB_F_e4_AD_up_mito	primary	Inh L3-5 SST MAFB	Inhibitory_neurons	F_e4	F_e4	inhibitory::Inh L3-5 SST MAFB::AD_vs_NCI__Female__e4	validated_complete	AD_up_mito	7	6	7608	7339	6776	eligible	completed_significant	5	0.119000000000142	
mitochondrial_kda_run_manifest_v1	primary_Inh_L3_5_SST_MAFB_F_e4_AD_down_mito	primary	Inh L3-5 SST MAFB	Inhibitory_neurons	F_e4	F_e4	inhibitory::Inh L3-5 SST MAFB::AD_vs_NCI__Female__e4	validated_complete	AD_down_mito	14	13	7608	7339	6776	eligible	completed_no_significant	0	0.429000000000087	
mitochondrial_kda_run_manifest_v1	primary_Inh_L3_5_SST_MAFB_F_e4_AD_both_mito	primary	Inh L3-5 SST MAFB	Inhibitory_neurons	F_e4	F_e4	inhibitory::Inh L3-5 SST MAFB::AD_vs_NCI__Female__e4	validated_complete	AD_both_mito	21	19	7608	7339	6776	eligible	completed_significant	4	0.537000000000035	
mitochondrial_kda_run_manifest_v1	primary_Inh_L3_5_SST_MAFB_M_e2_AD_up_mito	primary	Inh L3-5 SST MAFB	Inhibitory_neurons	M_e2	M_e2	inhibitory::Inh L3-5 SST MAFB::AD_vs_NCI__Male__e2	validated_complete	AD_up_mito	103	87	8913	8435	7756	eligible	completed_significant	2	2.06500000000005	
mitochondrial_kda_run_manifest_v1	primary_Inh_L3_5_SST_MAFB_M_e2_AD_down_mito	primary	Inh L3-5 SST MAFB	Inhibitory_neurons	M_e2	M_e2	inhibitory::Inh L3-5 SST MAFB::AD_vs_NCI__Male__e2	validated_complete	AD_down_mito	106	90	8913	8435	7756	eligible	completed_significant	23	2.19399999999996	
mitochondrial_kda_run_manifest_v1	primary_Inh_L3_5_SST_MAFB_M_e2_AD_both_mito	primary	Inh L3-5 SST MAFB	Inhibitory_neurons	M_e2	M_e2	inhibitory::Inh L3-5 SST MAFB::AD_vs_NCI__Male__e2	validated_complete	AD_both_mito	209	177	8913	8435	7756	eligible	completed_significant	19	2.97299999999996	
mitochondrial_kda_run_manifest_v1	primary_Inh_L3_5_SST_MAFB_M_e33_AD_up_mito	primary	Inh L3-5 SST MAFB	Inhibitory_neurons	M_e33	M_e33	inhibitory::Inh L3-5 SST MAFB::AD_vs_NCI__Male__e33	validated_complete	AD_up_mito	0	0	7853	7549	6964	effective_query_below_minimum	skipped_effective_query_below_minimum	0	0	
mitochondrial_kda_run_manifest_v1	primary_Inh_L3_5_SST_MAFB_M_e33_AD_down_mito	primary	Inh L3-5 SST MAFB	Inhibitory_neurons	M_e33	M_e33	inhibitory::Inh L3-5 SST MAFB::AD_vs_NCI__Male__e33	validated_complete	AD_down_mito	2	2	7853	7549	6964	effective_query_below_minimum	skipped_effective_query_below_minimum	0	0	
mitochondrial_kda_run_manifest_v1	primary_Inh_L3_5_SST_MAFB_M_e33_AD_both_mito	primary	Inh L3-5 SST MAFB	Inhibitory_neurons	M_e33	M_e33	inhibitory::Inh L3-5 SST MAFB::AD_vs_NCI__Male__e33	validated_complete	AD_both_mito	2	2	7853	7549	6964	effective_query_below_minimum	skipped_effective_query_below_minimum	0	0	
mitochondrial_kda_run_manifest_v1	primary_Inh_L3_5_SST_MAFB_M_e4_AD_up_mito	primary	Inh L3-5 SST MAFB	Inhibitory_neurons	M_e4	M_e4	inhibitory::Inh L3-5 SST MAFB::AD_vs_NCI__Male__e4	validated_complete	AD_up_mito	5	5	6684	6464	5977	eligible	completed_significant	9	0.204999999999927	
mitochondrial_kda_run_manifest_v1	primary_Inh_L3_5_SST_MAFB_M_e4_AD_down_mito	primary	Inh L3-5 SST MAFB	Inhibitory_neurons	M_e4	M_e4	inhibitory::Inh L3-5 SST MAFB::AD_vs_NCI__Male__e4	validated_complete	AD_down_mito	4	3	6684	6464	5977	eligible	completed_significant	9	0.0579999999999927	
mitochondrial_kda_run_manifest_v1	primary_Inh_L3_5_SST_MAFB_M_e4_AD_both_mito	primary	Inh L3-5 SST MAFB	Inhibitory_neurons	M_e4	M_e4	inhibitory::Inh L3-5 SST MAFB::AD_vs_NCI__Male__e4	validated_complete	AD_both_mito	9	8	6684	6464	5977	eligible	completed_significant	4	0.264000000000124	
mitochondrial_kda_run_manifest_v1	secondary_Inh_L3_5_SST_MAFB_female_pool_AD_up_mito	secondary	Inh L3-5 SST MAFB	Inhibitory_neurons	female_pool	F_e2;F_e33;F_e4	inhibitory::Inh L3-5 SST MAFB::AD_vs_NCI__Female__e2;inhibitory::Inh L3-5 SST MAFB::AD_vs_NCI__Female__e33;inhibitory::Inh L3-5 SST MAFB::AD_vs_NCI__Female__e4	validated_complete;validated_complete;validated_complete	AD_up_mito	18	15	7213	6982	6439	eligible	completed_significant	7	0.374000000000024	
mitochondrial_kda_run_manifest_v1	secondary_Inh_L3_5_SST_MAFB_female_pool_AD_down_mito	secondary	Inh L3-5 SST MAFB	Inhibitory_neurons	female_pool	F_e2;F_e33;F_e4	inhibitory::Inh L3-5 SST MAFB::AD_vs_NCI__Female__e2;inhibitory::Inh L3-5 SST MAFB::AD_vs_NCI__Female__e33;inhibitory::Inh L3-5 SST MAFB::AD_vs_NCI__Female__e4	validated_complete;validated_complete;validated_complete	AD_down_mito	16	11	7213	6982	6439	eligible	completed_no_significant	0	0.404999999999973	
mitochondrial_kda_run_manifest_v1	secondary_Inh_L3_5_SST_MAFB_female_pool_AD_both_mito	secondary	Inh L3-5 SST MAFB	Inhibitory_neurons	female_pool	F_e2;F_e33;F_e4	inhibitory::Inh L3-5 SST MAFB::AD_vs_NCI__Female__e2;inhibitory::Inh L3-5 SST MAFB::AD_vs_NCI__Female__e33;inhibitory::Inh L3-5 SST MAFB::AD_vs_NCI__Female__e4	validated_complete;validated_complete;validated_complete	AD_both_mito	34	26	7213	6982	6439	eligible	completed_significant	8	0.729000000000042	
mitochondrial_kda_run_manifest_v1	secondary_Inh_L3_5_SST_MAFB_male_pool_AD_up_mito	secondary	Inh L3-5 SST MAFB	Inhibitory_neurons	male_pool	M_e2;M_e33;M_e4	inhibitory::Inh L3-5 SST MAFB::AD_vs_NCI__Male__e2;inhibitory::Inh L3-5 SST MAFB::AD_vs_NCI__Male__e33;inhibitory::Inh L3-5 SST MAFB::AD_vs_NCI__Male__e4	validated_complete;validated_complete;validated_complete	AD_up_mito	108	51	6669	6456	5968	eligible	completed_significant	2	1.10799999999995	
mitochondrial_kda_run_manifest_v1	secondary_Inh_L3_5_SST_MAFB_male_pool_AD_down_mito	secondary	Inh L3-5 SST MAFB	Inhibitory_neurons	male_pool	M_e2;M_e33;M_e4	inhibitory::Inh L3-5 SST MAFB::AD_vs_NCI__Male__e2;inhibitory::Inh L3-5 SST MAFB::AD_vs_NCI__Male__e33;inhibitory::Inh L3-5 SST MAFB::AD_vs_NCI__Male__e4	validated_complete;validated_complete;validated_complete	AD_down_mito	109	54	6669	6456	5968	eligible	completed_significant	6	1.1579999999999	
mitochondrial_kda_run_manifest_v1	secondary_Inh_L3_5_SST_MAFB_male_pool_AD_both_mito	secondary	Inh L3-5 SST MAFB	Inhibitory_neurons	male_pool	M_e2;M_e33;M_e4	inhibitory::Inh L3-5 SST MAFB::AD_vs_NCI__Male__e2;inhibitory::Inh L3-5 SST MAFB::AD_vs_NCI__Male__e33;inhibitory::Inh L3-5 SST MAFB::AD_vs_NCI__Male__e4	validated_complete;validated_complete;validated_complete	AD_both_mito	217	105	6669	6456	5968	eligible	completed_significant	8	1.90100000000007	
mitochondrial_kda_run_manifest_v1	secondary_Inh_L3_5_SST_MAFB_e2_pool_AD_up_mito	secondary	Inh L3-5 SST MAFB	Inhibitory_neurons	e2_pool	F_e2;M_e2	inhibitory::Inh L3-5 SST MAFB::AD_vs_NCI__Female__e2;inhibitory::Inh L3-5 SST MAFB::AD_vs_NCI__Male__e2	validated_complete;validated_complete	AD_up_mito	111	76	7805	7530	6935	eligible	completed_significant	11	1.84300000000007	
mitochondrial_kda_run_manifest_v1	secondary_Inh_L3_5_SST_MAFB_e2_pool_AD_down_mito	secondary	Inh L3-5 SST MAFB	Inhibitory_neurons	e2_pool	F_e2;M_e2	inhibitory::Inh L3-5 SST MAFB::AD_vs_NCI__Female__e2;inhibitory::Inh L3-5 SST MAFB::AD_vs_NCI__Male__e2	validated_complete;validated_complete	AD_down_mito	106	83	7805	7530	6935	eligible	completed_significant	24	1.68100000000004	
mitochondrial_kda_run_manifest_v1	secondary_Inh_L3_5_SST_MAFB_e2_pool_AD_both_mito	secondary	Inh L3-5 SST MAFB	Inhibitory_neurons	e2_pool	F_e2;M_e2	inhibitory::Inh L3-5 SST MAFB::AD_vs_NCI__Female__e2;inhibitory::Inh L3-5 SST MAFB::AD_vs_NCI__Male__e2	validated_complete;validated_complete	AD_both_mito	216	158	7805	7530	6935	eligible	completed_significant	24	2.56000000000017	
mitochondrial_kda_run_manifest_v1	secondary_Inh_L3_5_SST_MAFB_e33_pool_AD_up_mito	secondary	Inh L3-5 SST MAFB	Inhibitory_neurons	e33_pool	F_e33;M_e33	inhibitory::Inh L3-5 SST MAFB::AD_vs_NCI__Female__e33;inhibitory::Inh L3-5 SST MAFB::AD_vs_NCI__Male__e33	validated_complete;validated_complete	AD_up_mito	7	6	7550	7288	6723	eligible	completed_no_significant	0	0.292999999999893	
mitochondrial_kda_run_manifest_v1	secondary_Inh_L3_5_SST_MAFB_e33_pool_AD_down_mito	secondary	Inh L3-5 SST MAFB	Inhibitory_neurons	e33_pool	F_e33;M_e33	inhibitory::Inh L3-5 SST MAFB::AD_vs_NCI__Female__e33;inhibitory::Inh L3-5 SST MAFB::AD_vs_NCI__Male__e33	validated_complete;validated_complete	AD_down_mito	4	4	7550	7288	6723	eligible	completed_no_significant	0	0.22199999999998	
mitochondrial_kda_run_manifest_v1	secondary_Inh_L3_5_SST_MAFB_e33_pool_AD_both_mito	secondary	Inh L3-5 SST MAFB	Inhibitory_neurons	e33_pool	F_e33;M_e33	inhibitory::Inh L3-5 SST MAFB::AD_vs_NCI__Female__e33;inhibitory::Inh L3-5 SST MAFB::AD_vs_NCI__Male__e33	validated_complete;validated_complete	AD_both_mito	11	10	7550	7288	6723	eligible	completed_no_significant	0	0.520999999999958	
mitochondrial_kda_run_manifest_v1	secondary_Inh_L3_5_SST_MAFB_e4_pool_AD_up_mito	secondary	Inh L3-5 SST MAFB	Inhibitory_neurons	e4_pool	F_e4;M_e4	inhibitory::Inh L3-5 SST MAFB::AD_vs_NCI__Female__e4;inhibitory::Inh L3-5 SST MAFB::AD_vs_NCI__Male__e4	validated_complete;validated_complete	AD_up_mito	9	8	6633	6424	5940	eligible	completed_significant	6	0.208999999999833	
mitochondrial_kda_run_manifest_v1	secondary_Inh_L3_5_SST_MAFB_e4_pool_AD_down_mito	secondary	Inh L3-5 SST MAFB	Inhibitory_neurons	e4_pool	F_e4;M_e4	inhibitory::Inh L3-5 SST MAFB::AD_vs_NCI__Female__e4;inhibitory::Inh L3-5 SST MAFB::AD_vs_NCI__Male__e4	validated_complete;validated_complete	AD_down_mito	18	8	6633	6424	5940	eligible	completed_no_significant	0	0.243999999999915	
mitochondrial_kda_run_manifest_v1	secondary_Inh_L3_5_SST_MAFB_e4_pool_AD_both_mito	secondary	Inh L3-5 SST MAFB	Inhibitory_neurons	e4_pool	F_e4;M_e4	inhibitory::Inh L3-5 SST MAFB::AD_vs_NCI__Female__e4;inhibitory::Inh L3-5 SST MAFB::AD_vs_NCI__Male__e4	validated_complete;validated_complete	AD_both_mito	27	16	6633	6424	5940	eligible	completed_significant	5	0.445999999999913	
mitochondrial_kda_run_manifest_v1	primary_Inh_L5_6_PVALB_STON2_F_e2_AD_up_mito	primary	Inh L5-6 PVALB STON2	Inhibitory_neurons	F_e2	F_e2	inhibitory::Inh L5-6 PVALB STON2::AD_vs_NCI__Female__e2	validated_complete	AD_up_mito	0	0	10996	9378	8644	effective_query_below_minimum	skipped_effective_query_below_minimum	0	0	
mitochondrial_kda_run_manifest_v1	primary_Inh_L5_6_PVALB_STON2_F_e2_AD_down_mito	primary	Inh L5-6 PVALB STON2	Inhibitory_neurons	F_e2	F_e2	inhibitory::Inh L5-6 PVALB STON2::AD_vs_NCI__Female__e2	validated_complete	AD_down_mito	0	0	10996	9378	8644	effective_query_below_minimum	skipped_effective_query_below_minimum	0	0	
mitochondrial_kda_run_manifest_v1	primary_Inh_L5_6_PVALB_STON2_F_e2_AD_both_mito	primary	Inh L5-6 PVALB STON2	Inhibitory_neurons	F_e2	F_e2	inhibitory::Inh L5-6 PVALB STON2::AD_vs_NCI__Female__e2	validated_complete	AD_both_mito	0	0	10996	9378	8644	effective_query_below_minimum	skipped_effective_query_below_minimum	0	0	
mitochondrial_kda_run_manifest_v1	primary_Inh_L5_6_PVALB_STON2_F_e33_AD_up_mito	primary	Inh L5-6 PVALB STON2	Inhibitory_neurons	F_e33	F_e33	inhibitory::Inh L5-6 PVALB STON2::AD_vs_NCI__Female__e33	validated_complete	AD_up_mito	2	2	10501	9260	8540	effective_query_below_minimum	skipped_effective_query_below_minimum	0	0	
mitochondrial_kda_run_manifest_v1	primary_Inh_L5_6_PVALB_STON2_F_e33_AD_down_mito	primary	Inh L5-6 PVALB STON2	Inhibitory_neurons	F_e33	F_e33	inhibitory::Inh L5-6 PVALB STON2::AD_vs_NCI__Female__e33	validated_complete	AD_down_mito	3	2	10501	9260	8540	effective_query_below_minimum	skipped_effective_query_below_minimum	0	0	
mitochondrial_kda_run_manifest_v1	primary_Inh_L5_6_PVALB_STON2_F_e33_AD_both_mito	primary	Inh L5-6 PVALB STON2	Inhibitory_neurons	F_e33	F_e33	inhibitory::Inh L5-6 PVALB STON2::AD_vs_NCI__Female__e33	validated_complete	AD_both_mito	5	4	10501	9260	8540	eligible	completed_significant	16	0.173000000000002	
mitochondrial_kda_run_manifest_v1	primary_Inh_L5_6_PVALB_STON2_F_e4_AD_up_mito	primary	Inh L5-6 PVALB STON2	Inhibitory_neurons	F_e4	F_e4	inhibitory::Inh L5-6 PVALB STON2::AD_vs_NCI__Female__e4	validated_complete	AD_up_mito	0	0	10926	9390	8656	effective_query_below_minimum	skipped_effective_query_below_minimum	0	0	
mitochondrial_kda_run_manifest_v1	primary_Inh_L5_6_PVALB_STON2_F_e4_AD_down_mito	primary	Inh L5-6 PVALB STON2	Inhibitory_neurons	F_e4	F_e4	inhibitory::Inh L5-6 PVALB STON2::AD_vs_NCI__Female__e4	validated_complete	AD_down_mito	0	0	10926	9390	8656	effective_query_below_minimum	skipped_effective_query_below_minimum	0	0	
mitochondrial_kda_run_manifest_v1	primary_Inh_L5_6_PVALB_STON2_F_e4_AD_both_mito	primary	Inh L5-6 PVALB STON2	Inhibitory_neurons	F_e4	F_e4	inhibitory::Inh L5-6 PVALB STON2::AD_vs_NCI__Female__e4	validated_complete	AD_both_mito	0	0	10926	9390	8656	effective_query_below_minimum	skipped_effective_query_below_minimum	0	0	
mitochondrial_kda_run_manifest_v1	primary_Inh_L5_6_PVALB_STON2_M_e2_AD_up_mito	primary	Inh L5-6 PVALB STON2	Inhibitory_neurons	M_e2	M_e2	inhibitory::Inh L5-6 PVALB STON2::AD_vs_NCI__Male__e2	validated_complete	AD_up_mito	0	0	11159	9369	8640	effective_query_below_minimum	skipped_effective_query_below_minimum	0	0	
mitochondrial_kda_run_manifest_v1	primary_Inh_L5_6_PVALB_STON2_M_e2_AD_down_mito	primary	Inh L5-6 PVALB STON2	Inhibitory_neurons	M_e2	M_e2	inhibitory::Inh L5-6 PVALB STON2::AD_vs_NCI__Male__e2	validated_complete	AD_down_mito	0	0	11159	9369	8640	effective_query_below_minimum	skipped_effective_query_below_minimum	0	0	
mitochondrial_kda_run_manifest_v1	primary_Inh_L5_6_PVALB_STON2_M_e2_AD_both_mito	primary	Inh L5-6 PVALB STON2	Inhibitory_neurons	M_e2	M_e2	inhibitory::Inh L5-6 PVALB STON2::AD_vs_NCI__Male__e2	validated_complete	AD_both_mito	0	0	11159	9369	8640	effective_query_below_minimum	skipped_effective_query_below_minimum	0	0	
mitochondrial_kda_run_manifest_v1	primary_Inh_L5_6_PVALB_STON2_M_e33_AD_up_mito	primary	Inh L5-6 PVALB STON2	Inhibitory_neurons	M_e33	M_e33	inhibitory::Inh L5-6 PVALB STON2::AD_vs_NCI__Male__e33	validated_complete	AD_up_mito	1	0	10422	9216	8499	effective_query_below_minimum	skipped_effective_query_below_minimum	0	0	
mitochondrial_kda_run_manifest_v1	primary_Inh_L5_6_PVALB_STON2_M_e33_AD_down_mito	primary	Inh L5-6 PVALB STON2	Inhibitory_neurons	M_e33	M_e33	inhibitory::Inh L5-6 PVALB STON2::AD_vs_NCI__Male__e33	validated_complete	AD_down_mito	0	0	10422	9216	8499	effective_query_below_minimum	skipped_effective_query_below_minimum	0	0	
mitochondrial_kda_run_manifest_v1	primary_Inh_L5_6_PVALB_STON2_M_e33_AD_both_mito	primary	Inh L5-6 PVALB STON2	Inhibitory_neurons	M_e33	M_e33	inhibitory::Inh L5-6 PVALB STON2::AD_vs_NCI__Male__e33	validated_complete	AD_both_mito	1	0	10422	9216	8499	effective_query_below_minimum	skipped_effective_query_below_minimum	0	0	
mitochondrial_kda_run_manifest_v1	primary_Inh_L5_6_PVALB_STON2_M_e4_AD_up_mito	primary	Inh L5-6 PVALB STON2	Inhibitory_neurons	M_e4	M_e4	inhibitory::Inh L5-6 PVALB STON2::AD_vs_NCI__Male__e4	validated_complete	AD_up_mito	0	0	10558	9188	8477	effective_query_below_minimum	skipped_effective_query_below_minimum	0	0	
mitochondrial_kda_run_manifest_v1	primary_Inh_L5_6_PVALB_STON2_M_e4_AD_down_mito	primary	Inh L5-6 PVALB STON2	Inhibitory_neurons	M_e4	M_e4	inhibitory::Inh L5-6 PVALB STON2::AD_vs_NCI__Male__e4	validated_complete	AD_down_mito	0	0	10558	9188	8477	effective_query_below_minimum	skipped_effective_query_below_minimum	0	0	
mitochondrial_kda_run_manifest_v1	primary_Inh_L5_6_PVALB_STON2_M_e4_AD_both_mito	primary	Inh L5-6 PVALB STON2	Inhibitory_neurons	M_e4	M_e4	inhibitory::Inh L5-6 PVALB STON2::AD_vs_NCI__Male__e4	validated_complete	AD_both_mito	0	0	10558	9188	8477	effective_query_below_minimum	skipped_effective_query_below_minimum	0	0	
mitochondrial_kda_run_manifest_v1	secondary_Inh_L5_6_PVALB_STON2_female_pool_AD_up_mito	secondary	Inh L5-6 PVALB STON2	Inhibitory_neurons	female_pool	F_e2;F_e33;F_e4	inhibitory::Inh L5-6 PVALB STON2::AD_vs_NCI__Female__e2;inhibitory::Inh L5-6 PVALB STON2::AD_vs_NCI__Female__e33;inhibitory::Inh L5-6 PVALB STON2::AD_vs_NCI__Female__e4	validated_complete;validated_complete;validated_complete	AD_up_mito	2	2	10190	9172	8456	effective_query_below_minimum	skipped_effective_query_below_minimum	0	0	
mitochondrial_kda_run_manifest_v1	secondary_Inh_L5_6_PVALB_STON2_female_pool_AD_down_mito	secondary	Inh L5-6 PVALB STON2	Inhibitory_neurons	female_pool	F_e2;F_e33;F_e4	inhibitory::Inh L5-6 PVALB STON2::AD_vs_NCI__Female__e2;inhibitory::Inh L5-6 PVALB STON2::AD_vs_NCI__Female__e33;inhibitory::Inh L5-6 PVALB STON2::AD_vs_NCI__Female__e4	validated_complete;validated_complete;validated_complete	AD_down_mito	3	2	10190	9172	8456	effective_query_below_minimum	skipped_effective_query_below_minimum	0	0	
mitochondrial_kda_run_manifest_v1	secondary_Inh_L5_6_PVALB_STON2_female_pool_AD_both_mito	secondary	Inh L5-6 PVALB STON2	Inhibitory_neurons	female_pool	F_e2;F_e33;F_e4	inhibitory::Inh L5-6 PVALB STON2::AD_vs_NCI__Female__e2;inhibitory::Inh L5-6 PVALB STON2::AD_vs_NCI__Female__e33;inhibitory::Inh L5-6 PVALB STON2::AD_vs_NCI__Female__e4	validated_complete;validated_complete;validated_complete	AD_both_mito	5	4	10190	9172	8456	eligible	completed_significant	16	0.177999999999884	
mitochondrial_kda_run_manifest_v1	secondary_Inh_L5_6_PVALB_STON2_male_pool_AD_up_mito	secondary	Inh L5-6 PVALB STON2	Inhibitory_neurons	male_pool	M_e2;M_e33;M_e4	inhibitory::Inh L5-6 PVALB STON2::AD_vs_NCI__Male__e2;inhibitory::Inh L5-6 PVALB STON2::AD_vs_NCI__Male__e33;inhibitory::Inh L5-6 PVALB STON2::AD_vs_NCI__Male__e4	validated_complete;validated_complete;validated_complete	AD_up_mito	1	0	10001	9020	8321	effective_query_below_minimum	skipped_effective_query_below_minimum	0	0	
mitochondrial_kda_run_manifest_v1	secondary_Inh_L5_6_PVALB_STON2_male_pool_AD_down_mito	secondary	Inh L5-6 PVALB STON2	Inhibitory_neurons	male_pool	M_e2;M_e33;M_e4	inhibitory::Inh L5-6 PVALB STON2::AD_vs_NCI__Male__e2;inhibitory::Inh L5-6 PVALB STON2::AD_vs_NCI__Male__e33;inhibitory::Inh L5-6 PVALB STON2::AD_vs_NCI__Male__e4	validated_complete;validated_complete;validated_complete	AD_down_mito	0	0	10001	9020	8321	effective_query_below_minimum	skipped_effective_query_below_minimum	0	0	
mitochondrial_kda_run_manifest_v1	secondary_Inh_L5_6_PVALB_STON2_male_pool_AD_both_mito	secondary	Inh L5-6 PVALB STON2	Inhibitory_neurons	male_pool	M_e2;M_e33;M_e4	inhibitory::Inh L5-6 PVALB STON2::AD_vs_NCI__Male__e2;inhibitory::Inh L5-6 PVALB STON2::AD_vs_NCI__Male__e33;inhibitory::Inh L5-6 PVALB STON2::AD_vs_NCI__Male__e4	validated_complete;validated_complete;validated_complete	AD_both_mito	1	0	10001	9020	8321	effective_query_below_minimum	skipped_effective_query_below_minimum	0	0	
mitochondrial_kda_run_manifest_v1	secondary_Inh_L5_6_PVALB_STON2_e2_pool_AD_up_mito	secondary	Inh L5-6 PVALB STON2	Inhibitory_neurons	e2_pool	F_e2;M_e2	inhibitory::Inh L5-6 PVALB STON2::AD_vs_NCI__Female__e2;inhibitory::Inh L5-6 PVALB STON2::AD_vs_NCI__Male__e2	validated_complete;validated_complete	AD_up_mito	0	0	10483	9234	8513	effective_query_below_minimum	skipped_effective_query_below_minimum	0	0	
mitochondrial_kda_run_manifest_v1	secondary_Inh_L5_6_PVALB_STON2_e2_pool_AD_down_mito	secondary	Inh L5-6 PVALB STON2	Inhibitory_neurons	e2_pool	F_e2;M_e2	inhibitory::Inh L5-6 PVALB STON2::AD_vs_NCI__Female__e2;inhibitory::Inh L5-6 PVALB STON2::AD_vs_NCI__Male__e2	validated_complete;validated_complete	AD_down_mito	0	0	10483	9234	8513	effective_query_below_minimum	skipped_effective_query_below_minimum	0	0	
mitochondrial_kda_run_manifest_v1	secondary_Inh_L5_6_PVALB_STON2_e2_pool_AD_both_mito	secondary	Inh L5-6 PVALB STON2	Inhibitory_neurons	e2_pool	F_e2;M_e2	inhibitory::Inh L5-6 PVALB STON2::AD_vs_NCI__Female__e2;inhibitory::Inh L5-6 PVALB STON2::AD_vs_NCI__Male__e2	validated_complete;validated_complete	AD_both_mito	0	0	10483	9234	8513	effective_query_below_minimum	skipped_effective_query_below_minimum	0	0	
mitochondrial_kda_run_manifest_v1	secondary_Inh_L5_6_PVALB_STON2_e33_pool_AD_up_mito	secondary	Inh L5-6 PVALB STON2	Inhibitory_neurons	e33_pool	F_e33;M_e33	inhibitory::Inh L5-6 PVALB STON2::AD_vs_NCI__Female__e33;inhibitory::Inh L5-6 PVALB STON2::AD_vs_NCI__Male__e33	validated_complete;validated_complete	AD_up_mito	3	2	10233	9159	8448	effective_query_below_minimum	skipped_effective_query_below_minimum	0	0	
mitochondrial_kda_run_manifest_v1	secondary_Inh_L5_6_PVALB_STON2_e33_pool_AD_down_mito	secondary	Inh L5-6 PVALB STON2	Inhibitory_neurons	e33_pool	F_e33;M_e33	inhibitory::Inh L5-6 PVALB STON2::AD_vs_NCI__Female__e33;inhibitory::Inh L5-6 PVALB STON2::AD_vs_NCI__Male__e33	validated_complete;validated_complete	AD_down_mito	3	2	10233	9159	8448	effective_query_below_minimum	skipped_effective_query_below_minimum	0	0	
mitochondrial_kda_run_manifest_v1	secondary_Inh_L5_6_PVALB_STON2_e33_pool_AD_both_mito	secondary	Inh L5-6 PVALB STON2	Inhibitory_neurons	e33_pool	F_e33;M_e33	inhibitory::Inh L5-6 PVALB STON2::AD_vs_NCI__Female__e33;inhibitory::Inh L5-6 PVALB STON2::AD_vs_NCI__Male__e33	validated_complete;validated_complete	AD_both_mito	6	4	10233	9159	8448	eligible	completed_significant	16	0.170999999999822	
mitochondrial_kda_run_manifest_v1	secondary_Inh_L5_6_PVALB_STON2_e4_pool_AD_up_mito	secondary	Inh L5-6 PVALB STON2	Inhibitory_neurons	e4_pool	F_e4;M_e4	inhibitory::Inh L5-6 PVALB STON2::AD_vs_NCI__Female__e4;inhibitory::Inh L5-6 PVALB STON2::AD_vs_NCI__Male__e4	validated_complete;validated_complete	AD_up_mito	0	0	10256	9122	8416	effective_query_below_minimum	skipped_effective_query_below_minimum	0	0	
mitochondrial_kda_run_manifest_v1	secondary_Inh_L5_6_PVALB_STON2_e4_pool_AD_down_mito	secondary	Inh L5-6 PVALB STON2	Inhibitory_neurons	e4_pool	F_e4;M_e4	inhibitory::Inh L5-6 PVALB STON2::AD_vs_NCI__Female__e4;inhibitory::Inh L5-6 PVALB STON2::AD_vs_NCI__Male__e4	validated_complete;validated_complete	AD_down_mito	0	0	10256	9122	8416	effective_query_below_minimum	skipped_effective_query_below_minimum	0	0	
mitochondrial_kda_run_manifest_v1	secondary_Inh_L5_6_PVALB_STON2_e4_pool_AD_both_mito	secondary	Inh L5-6 PVALB STON2	Inhibitory_neurons	e4_pool	F_e4;M_e4	inhibitory::Inh L5-6 PVALB STON2::AD_vs_NCI__Female__e4;inhibitory::Inh L5-6 PVALB STON2::AD_vs_NCI__Male__e4	validated_complete;validated_complete	AD_both_mito	0	0	10256	9122	8416	effective_query_below_minimum	skipped_effective_query_below_minimum	0	0	
mitochondrial_kda_run_manifest_v1	primary_Inh_L5_6_SST_TH_F_e2_AD_up_mito	primary	Inh L5-6 SST TH	Inhibitory_neurons	F_e2	F_e2	inhibitory::Inh L5-6 SST TH::AD_vs_NCI__Female__e2	validated_complete	AD_up_mito	0	0	11084	9359	8627	effective_query_below_minimum	skipped_effective_query_below_minimum	0	0	
mitochondrial_kda_run_manifest_v1	primary_Inh_L5_6_SST_TH_F_e2_AD_down_mito	primary	Inh L5-6 SST TH	Inhibitory_neurons	F_e2	F_e2	inhibitory::Inh L5-6 SST TH::AD_vs_NCI__Female__e2	validated_complete	AD_down_mito	0	0	11084	9359	8627	effective_query_below_minimum	skipped_effective_query_below_minimum	0	0	
mitochondrial_kda_run_manifest_v1	primary_Inh_L5_6_SST_TH_F_e2_AD_both_mito	primary	Inh L5-6 SST TH	Inhibitory_neurons	F_e2	F_e2	inhibitory::Inh L5-6 SST TH::AD_vs_NCI__Female__e2	validated_complete	AD_both_mito	0	0	11084	9359	8627	effective_query_below_minimum	skipped_effective_query_below_minimum	0	0	
mitochondrial_kda_run_manifest_v1	primary_Inh_L5_6_SST_TH_F_e33_AD_up_mito	primary	Inh L5-6 SST TH	Inhibitory_neurons	F_e33	F_e33	inhibitory::Inh L5-6 SST TH::AD_vs_NCI__Female__e33	validated_complete	AD_up_mito	0	0	10304	9223	8490	effective_query_below_minimum	skipped_effective_query_below_minimum	0	0	
mitochondrial_kda_run_manifest_v1	primary_Inh_L5_6_SST_TH_F_e33_AD_down_mito	primary	Inh L5-6 SST TH	Inhibitory_neurons	F_e33	F_e33	inhibitory::Inh L5-6 SST TH::AD_vs_NCI__Female__e33	validated_complete	AD_down_mito	1	1	10304	9223	8490	effective_query_below_minimum	skipped_effective_query_below_minimum	0	0	
mitochondrial_kda_run_manifest_v1	primary_Inh_L5_6_SST_TH_F_e33_AD_both_mito	primary	Inh L5-6 SST TH	Inhibitory_neurons	F_e33	F_e33	inhibitory::Inh L5-6 SST TH::AD_vs_NCI__Female__e33	validated_complete	AD_both_mito	1	1	10304	9223	8490	effective_query_below_minimum	skipped_effective_query_below_minimum	0	0	
mitochondrial_kda_run_manifest_v1	primary_Inh_L5_6_SST_TH_F_e4_AD_up_mito	primary	Inh L5-6 SST TH	Inhibitory_neurons	F_e4	F_e4	inhibitory::Inh L5-6 SST TH::AD_vs_NCI__Female__e4	validated_complete	AD_up_mito	0	0	10392	9277	8545	effective_query_below_minimum	skipped_effective_query_below_minimum	0	0	
mitochondrial_kda_run_manifest_v1	primary_Inh_L5_6_SST_TH_F_e4_AD_down_mito	primary	Inh L5-6 SST TH	Inhibitory_neurons	F_e4	F_e4	inhibitory::Inh L5-6 SST TH::AD_vs_NCI__Female__e4	validated_complete	AD_down_mito	0	0	10392	9277	8545	effective_query_below_minimum	skipped_effective_query_below_minimum	0	0	
mitochondrial_kda_run_manifest_v1	primary_Inh_L5_6_SST_TH_F_e4_AD_both_mito	primary	Inh L5-6 SST TH	Inhibitory_neurons	F_e4	F_e4	inhibitory::Inh L5-6 SST TH::AD_vs_NCI__Female__e4	validated_complete	AD_both_mito	0	0	10392	9277	8545	effective_query_below_minimum	skipped_effective_query_below_minimum	0	0	
mitochondrial_kda_run_manifest_v1	primary_Inh_L5_6_SST_TH_M_e2_AD_up_mito	primary	Inh L5-6 SST TH	Inhibitory_neurons	M_e2	M_e2	inhibitory::Inh L5-6 SST TH::AD_vs_NCI__Male__e2	validated_complete	AD_up_mito	0	0	11113	9362	8621	effective_query_below_minimum	skipped_effective_query_below_minimum	0	0	
mitochondrial_kda_run_manifest_v1	primary_Inh_L5_6_SST_TH_M_e2_AD_down_mito	primary	Inh L5-6 SST TH	Inhibitory_neurons	M_e2	M_e2	inhibitory::Inh L5-6 SST TH::AD_vs_NCI__Male__e2	validated_complete	AD_down_mito	0	0	11113	9362	8621	effective_query_below_minimum	skipped_effective_query_below_minimum	0	0	
mitochondrial_kda_run_manifest_v1	primary_Inh_L5_6_SST_TH_M_e2_AD_both_mito	primary	Inh L5-6 SST TH	Inhibitory_neurons	M_e2	M_e2	inhibitory::Inh L5-6 SST TH::AD_vs_NCI__Male__e2	validated_complete	AD_both_mito	0	0	11113	9362	8621	effective_query_below_minimum	skipped_effective_query_below_minimum	0	0	
mitochondrial_kda_run_manifest_v1	primary_Inh_L5_6_SST_TH_M_e33_AD_up_mito	primary	Inh L5-6 SST TH	Inhibitory_neurons	M_e33	M_e33	inhibitory::Inh L5-6 SST TH::AD_vs_NCI__Male__e33	validated_complete	AD_up_mito	0	0	10115	9102	8385	effective_query_below_minimum	skipped_effective_query_below_minimum	0	0	
mitochondrial_kda_run_manifest_v1	primary_Inh_L5_6_SST_TH_M_e33_AD_down_mito	primary	Inh L5-6 SST TH	Inhibitory_neurons	M_e33	M_e33	inhibitory::Inh L5-6 SST TH::AD_vs_NCI__Male__e33	validated_complete	AD_down_mito	0	0	10115	9102	8385	effective_query_below_minimum	skipped_effective_query_below_minimum	0	0	
mitochondrial_kda_run_manifest_v1	primary_Inh_L5_6_SST_TH_M_e33_AD_both_mito	primary	Inh L5-6 SST TH	Inhibitory_neurons	M_e33	M_e33	inhibitory::Inh L5-6 SST TH::AD_vs_NCI__Male__e33	validated_complete	AD_both_mito	0	0	10115	9102	8385	effective_query_below_minimum	skipped_effective_query_below_minimum	0	0	
mitochondrial_kda_run_manifest_v1	primary_Inh_L5_6_SST_TH_M_e4_AD_up_mito	primary	Inh L5-6 SST TH	Inhibitory_neurons	M_e4	M_e4	inhibitory::Inh L5-6 SST TH::AD_vs_NCI__Male__e4	validated_complete	AD_up_mito	0	0	10240	9196	8469	effective_query_below_minimum	skipped_effective_query_below_minimum	0	0	
mitochondrial_kda_run_manifest_v1	primary_Inh_L5_6_SST_TH_M_e4_AD_down_mito	primary	Inh L5-6 SST TH	Inhibitory_neurons	M_e4	M_e4	inhibitory::Inh L5-6 SST TH::AD_vs_NCI__Male__e4	validated_complete	AD_down_mito	0	0	10240	9196	8469	effective_query_below_minimum	skipped_effective_query_below_minimum	0	0	
mitochondrial_kda_run_manifest_v1	primary_Inh_L5_6_SST_TH_M_e4_AD_both_mito	primary	Inh L5-6 SST TH	Inhibitory_neurons	M_e4	M_e4	inhibitory::Inh L5-6 SST TH::AD_vs_NCI__Male__e4	validated_complete	AD_both_mito	0	0	10240	9196	8469	effective_query_below_minimum	skipped_effective_query_below_minimum	0	0	
mitochondrial_kda_run_manifest_v1	secondary_Inh_L5_6_SST_TH_female_pool_AD_up_mito	secondary	Inh L5-6 SST TH	Inhibitory_neurons	female_pool	F_e2;F_e33;F_e4	inhibitory::Inh L5-6 SST TH::AD_vs_NCI__Female__e2;inhibitory::Inh L5-6 SST TH::AD_vs_NCI__Female__e33;inhibitory::Inh L5-6 SST TH::AD_vs_NCI__Female__e4	validated_complete;validated_complete;validated_complete	AD_up_mito	0	0	9908	9055	8336	effective_query_below_minimum	skipped_effective_query_below_minimum	0	0	
mitochondrial_kda_run_manifest_v1	secondary_Inh_L5_6_SST_TH_female_pool_AD_down_mito	secondary	Inh L5-6 SST TH	Inhibitory_neurons	female_pool	F_e2;F_e33;F_e4	inhibitory::Inh L5-6 SST TH::AD_vs_NCI__Female__e2;inhibitory::Inh L5-6 SST TH::AD_vs_NCI__Female__e33;inhibitory::Inh L5-6 SST TH::AD_vs_NCI__Female__e4	validated_complete;validated_complete;validated_complete	AD_down_mito	1	1	9908	9055	8336	effective_query_below_minimum	skipped_effective_query_below_minimum	0	0	
mitochondrial_kda_run_manifest_v1	secondary_Inh_L5_6_SST_TH_female_pool_AD_both_mito	secondary	Inh L5-6 SST TH	Inhibitory_neurons	female_pool	F_e2;F_e33;F_e4	inhibitory::Inh L5-6 SST TH::AD_vs_NCI__Female__e2;inhibitory::Inh L5-6 SST TH::AD_vs_NCI__Female__e33;inhibitory::Inh L5-6 SST TH::AD_vs_NCI__Female__e4	validated_complete;validated_complete;validated_complete	AD_both_mito	1	1	9908	9055	8336	effective_query_below_minimum	skipped_effective_query_below_minimum	0	0	
mitochondrial_kda_run_manifest_v1	secondary_Inh_L5_6_SST_TH_male_pool_AD_up_mito	secondary	Inh L5-6 SST TH	Inhibitory_neurons	male_pool	M_e2;M_e33;M_e4	inhibitory::Inh L5-6 SST TH::AD_vs_NCI__Male__e2;inhibitory::Inh L5-6 SST TH::AD_vs_NCI__Male__e33;inhibitory::Inh L5-6 SST TH::AD_vs_NCI__Male__e4	validated_complete;validated_complete;validated_complete	AD_up_mito	0	0	9697	8931	8225	effective_query_below_minimum	skipped_effective_query_below_minimum	0	0	
mitochondrial_kda_run_manifest_v1	secondary_Inh_L5_6_SST_TH_male_pool_AD_down_mito	secondary	Inh L5-6 SST TH	Inhibitory_neurons	male_pool	M_e2;M_e33;M_e4	inhibitory::Inh L5-6 SST TH::AD_vs_NCI__Male__e2;inhibitory::Inh L5-6 SST TH::AD_vs_NCI__Male__e33;inhibitory::Inh L5-6 SST TH::AD_vs_NCI__Male__e4	validated_complete;validated_complete;validated_complete	AD_down_mito	0	0	9697	8931	8225	effective_query_below_minimum	skipped_effective_query_below_minimum	0	0	
mitochondrial_kda_run_manifest_v1	secondary_Inh_L5_6_SST_TH_male_pool_AD_both_mito	secondary	Inh L5-6 SST TH	Inhibitory_neurons	male_pool	M_e2;M_e33;M_e4	inhibitory::Inh L5-6 SST TH::AD_vs_NCI__Male__e2;inhibitory::Inh L5-6 SST TH::AD_vs_NCI__Male__e33;inhibitory::Inh L5-6 SST TH::AD_vs_NCI__Male__e4	validated_complete;validated_complete;validated_complete	AD_both_mito	0	0	9697	8931	8225	effective_query_below_minimum	skipped_effective_query_below_minimum	0	0	
mitochondrial_kda_run_manifest_v1	secondary_Inh_L5_6_SST_TH_e2_pool_AD_up_mito	secondary	Inh L5-6 SST TH	Inhibitory_neurons	e2_pool	F_e2;M_e2	inhibitory::Inh L5-6 SST TH::AD_vs_NCI__Female__e2;inhibitory::Inh L5-6 SST TH::AD_vs_NCI__Male__e2	validated_complete;validated_complete	AD_up_mito	0	0	10406	9198	8470	effective_query_below_minimum	skipped_effective_query_below_minimum	0	0	
mitochondrial_kda_run_manifest_v1	secondary_Inh_L5_6_SST_TH_e2_pool_AD_down_mito	secondary	Inh L5-6 SST TH	Inhibitory_neurons	e2_pool	F_e2;M_e2	inhibitory::Inh L5-6 SST TH::AD_vs_NCI__Female__e2;inhibitory::Inh L5-6 SST TH::AD_vs_NCI__Male__e2	validated_complete;validated_complete	AD_down_mito	0	0	10406	9198	8470	effective_query_below_minimum	skipped_effective_query_below_minimum	0	0	
mitochondrial_kda_run_manifest_v1	secondary_Inh_L5_6_SST_TH_e2_pool_AD_both_mito	secondary	Inh L5-6 SST TH	Inhibitory_neurons	e2_pool	F_e2;M_e2	inhibitory::Inh L5-6 SST TH::AD_vs_NCI__Female__e2;inhibitory::Inh L5-6 SST TH::AD_vs_NCI__Male__e2	validated_complete;validated_complete	AD_both_mito	0	0	10406	9198	8470	effective_query_below_minimum	skipped_effective_query_below_minimum	0	0	
mitochondrial_kda_run_manifest_v1	secondary_Inh_L5_6_SST_TH_e33_pool_AD_up_mito	secondary	Inh L5-6 SST TH	Inhibitory_neurons	e33_pool	F_e33;M_e33	inhibitory::Inh L5-6 SST TH::AD_vs_NCI__Female__e33;inhibitory::Inh L5-6 SST TH::AD_vs_NCI__Male__e33	validated_complete;validated_complete	AD_up_mito	0	0	9930	9051	8334	effective_query_below_minimum	skipped_effective_query_below_minimum	0	0	
mitochondrial_kda_run_manifest_v1	secondary_Inh_L5_6_SST_TH_e33_pool_AD_down_mito	secondary	Inh L5-6 SST TH	Inhibitory_neurons	e33_pool	F_e33;M_e33	inhibitory::Inh L5-6 SST TH::AD_vs_NCI__Female__e33;inhibitory::Inh L5-6 SST TH::AD_vs_NCI__Male__e33	validated_complete;validated_complete	AD_down_mito	1	1	9930	9051	8334	effective_query_below_minimum	skipped_effective_query_below_minimum	0	0	
mitochondrial_kda_run_manifest_v1	secondary_Inh_L5_6_SST_TH_e33_pool_AD_both_mito	secondary	Inh L5-6 SST TH	Inhibitory_neurons	e33_pool	F_e33;M_e33	inhibitory::Inh L5-6 SST TH::AD_vs_NCI__Female__e33;inhibitory::Inh L5-6 SST TH::AD_vs_NCI__Male__e33	validated_complete;validated_complete	AD_both_mito	1	1	9930	9051	8334	effective_query_below_minimum	skipped_effective_query_below_minimum	0	0	
mitochondrial_kda_run_manifest_v1	secondary_Inh_L5_6_SST_TH_e4_pool_AD_up_mito	secondary	Inh L5-6 SST TH	Inhibitory_neurons	e4_pool	F_e4;M_e4	inhibitory::Inh L5-6 SST TH::AD_vs_NCI__Female__e4;inhibitory::Inh L5-6 SST TH::AD_vs_NCI__Male__e4	validated_complete;validated_complete	AD_up_mito	0	0	9922	9086	8367	effective_query_below_minimum	skipped_effective_query_below_minimum	0	0	
mitochondrial_kda_run_manifest_v1	secondary_Inh_L5_6_SST_TH_e4_pool_AD_down_mito	secondary	Inh L5-6 SST TH	Inhibitory_neurons	e4_pool	F_e4;M_e4	inhibitory::Inh L5-6 SST TH::AD_vs_NCI__Female__e4;inhibitory::Inh L5-6 SST TH::AD_vs_NCI__Male__e4	validated_complete;validated_complete	AD_down_mito	0	0	9922	9086	8367	effective_query_below_minimum	skipped_effective_query_below_minimum	0	0	
mitochondrial_kda_run_manifest_v1	secondary_Inh_L5_6_SST_TH_e4_pool_AD_both_mito	secondary	Inh L5-6 SST TH	Inhibitory_neurons	e4_pool	F_e4;M_e4	inhibitory::Inh L5-6 SST TH::AD_vs_NCI__Female__e4;inhibitory::Inh L5-6 SST TH::AD_vs_NCI__Male__e4	validated_complete;validated_complete	AD_both_mito	0	0	9922	9086	8367	effective_query_below_minimum	skipped_effective_query_below_minimum	0	0	
mitochondrial_kda_run_manifest_v1	primary_Inh_L6_SST_NPY_F_e2_AD_up_mito	primary	Inh L6 SST NPY	Inhibitory_neurons	F_e2	F_e2	inhibitory::Inh L6 SST NPY::AD_vs_NCI__Female__e2	validated_complete	AD_up_mito	0	0	11350	9256	8538	effective_query_below_minimum	skipped_effective_query_below_minimum	0	0	
mitochondrial_kda_run_manifest_v1	primary_Inh_L6_SST_NPY_F_e2_AD_down_mito	primary	Inh L6 SST NPY	Inhibitory_neurons	F_e2	F_e2	inhibitory::Inh L6 SST NPY::AD_vs_NCI__Female__e2	validated_complete	AD_down_mito	0	0	11350	9256	8538	effective_query_below_minimum	skipped_effective_query_below_minimum	0	0	
mitochondrial_kda_run_manifest_v1	primary_Inh_L6_SST_NPY_F_e2_AD_both_mito	primary	Inh L6 SST NPY	Inhibitory_neurons	F_e2	F_e2	inhibitory::Inh L6 SST NPY::AD_vs_NCI__Female__e2	validated_complete	AD_both_mito	0	0	11350	9256	8538	effective_query_below_minimum	skipped_effective_query_below_minimum	0	0	
mitochondrial_kda_run_manifest_v1	primary_Inh_L6_SST_NPY_F_e33_AD_up_mito	primary	Inh L6 SST NPY	Inhibitory_neurons	F_e33	F_e33	inhibitory::Inh L6 SST NPY::AD_vs_NCI__Female__e33	validated_complete	AD_up_mito	0	0	10991	9337	8606	effective_query_below_minimum	skipped_effective_query_below_minimum	0	0	
mitochondrial_kda_run_manifest_v1	primary_Inh_L6_SST_NPY_F_e33_AD_down_mito	primary	Inh L6 SST NPY	Inhibitory_neurons	F_e33	F_e33	inhibitory::Inh L6 SST NPY::AD_vs_NCI__Female__e33	validated_complete	AD_down_mito	0	0	10991	9337	8606	effective_query_below_minimum	skipped_effective_query_below_minimum	0	0	
mitochondrial_kda_run_manifest_v1	primary_Inh_L6_SST_NPY_F_e33_AD_both_mito	primary	Inh L6 SST NPY	Inhibitory_neurons	F_e33	F_e33	inhibitory::Inh L6 SST NPY::AD_vs_NCI__Female__e33	validated_complete	AD_both_mito	0	0	10991	9337	8606	effective_query_below_minimum	skipped_effective_query_below_minimum	0	0	
mitochondrial_kda_run_manifest_v1	primary_Inh_L6_SST_NPY_F_e4_AD_up_mito	primary	Inh L6 SST NPY	Inhibitory_neurons	F_e4	F_e4	inhibitory::Inh L6 SST NPY::AD_vs_NCI__Female__e4	validated_complete	AD_up_mito	0	0	10852	9178	8466	effective_query_below_minimum	skipped_effective_query_below_minimum	0	0	
mitochondrial_kda_run_manifest_v1	primary_Inh_L6_SST_NPY_F_e4_AD_down_mito	primary	Inh L6 SST NPY	Inhibitory_neurons	F_e4	F_e4	inhibitory::Inh L6 SST NPY::AD_vs_NCI__Female__e4	validated_complete	AD_down_mito	0	0	10852	9178	8466	effective_query_below_minimum	skipped_effective_query_below_minimum	0	0	
mitochondrial_kda_run_manifest_v1	primary_Inh_L6_SST_NPY_F_e4_AD_both_mito	primary	Inh L6 SST NPY	Inhibitory_neurons	F_e4	F_e4	inhibitory::Inh L6 SST NPY::AD_vs_NCI__Female__e4	validated_complete	AD_both_mito	0	0	10852	9178	8466	effective_query_below_minimum	skipped_effective_query_below_minimum	0	0	
mitochondrial_kda_run_manifest_v1	primary_Inh_L6_SST_NPY_M_e2_AD_up_mito	primary	Inh L6 SST NPY	Inhibitory_neurons	M_e2	M_e2	inhibitory::Inh L6 SST NPY::AD_vs_NCI__Male__e2	validated_complete	AD_up_mito	0	0	10981	9007	8327	effective_query_below_minimum	skipped_effective_query_below_minimum	0	0	
mitochondrial_kda_run_manifest_v1	primary_Inh_L6_SST_NPY_M_e2_AD_down_mito	primary	Inh L6 SST NPY	Inhibitory_neurons	M_e2	M_e2	inhibitory::Inh L6 SST NPY::AD_vs_NCI__Male__e2	validated_complete	AD_down_mito	0	0	10981	9007	8327	effective_query_below_minimum	skipped_effective_query_below_minimum	0	0	
mitochondrial_kda_run_manifest_v1	primary_Inh_L6_SST_NPY_M_e2_AD_both_mito	primary	Inh L6 SST NPY	Inhibitory_neurons	M_e2	M_e2	inhibitory::Inh L6 SST NPY::AD_vs_NCI__Male__e2	validated_complete	AD_both_mito	0	0	10981	9007	8327	effective_query_below_minimum	skipped_effective_query_below_minimum	0	0	
mitochondrial_kda_run_manifest_v1	primary_Inh_L6_SST_NPY_M_e33_AD_up_mito	primary	Inh L6 SST NPY	Inhibitory_neurons	M_e33	M_e33	inhibitory::Inh L6 SST NPY::AD_vs_NCI__Male__e33	validated_complete	AD_up_mito	3	3	10269	9027	8330	eligible	completed_significant	9	0.211999999999989	
mitochondrial_kda_run_manifest_v1	primary_Inh_L6_SST_NPY_M_e33_AD_down_mito	primary	Inh L6 SST NPY	Inhibitory_neurons	M_e33	M_e33	inhibitory::Inh L6 SST NPY::AD_vs_NCI__Male__e33	validated_complete	AD_down_mito	2	2	10269	9027	8330	effective_query_below_minimum	skipped_effective_query_below_minimum	0	0	
mitochondrial_kda_run_manifest_v1	primary_Inh_L6_SST_NPY_M_e33_AD_both_mito	primary	Inh L6 SST NPY	Inhibitory_neurons	M_e33	M_e33	inhibitory::Inh L6 SST NPY::AD_vs_NCI__Male__e33	validated_complete	AD_both_mito	5	5	10269	9027	8330	eligible	completed_significant	8	0.253999999999905	
mitochondrial_kda_run_manifest_v1	primary_Inh_L6_SST_NPY_M_e4_AD_up_mito	primary	Inh L6 SST NPY	Inhibitory_neurons	M_e4	M_e4	inhibitory::Inh L6 SST NPY::AD_vs_NCI__Male__e4	validated_complete	AD_up_mito	0	0	10764	9107	8399	effective_query_below_minimum	skipped_effective_query_below_minimum	0	0	
mitochondrial_kda_run_manifest_v1	primary_Inh_L6_SST_NPY_M_e4_AD_down_mito	primary	Inh L6 SST NPY	Inhibitory_neurons	M_e4	M_e4	inhibitory::Inh L6 SST NPY::AD_vs_NCI__Male__e4	validated_complete	AD_down_mito	0	0	10764	9107	8399	effective_query_below_minimum	skipped_effective_query_below_minimum	0	0	
mitochondrial_kda_run_manifest_v1	primary_Inh_L6_SST_NPY_M_e4_AD_both_mito	primary	Inh L6 SST NPY	Inhibitory_neurons	M_e4	M_e4	inhibitory::Inh L6 SST NPY::AD_vs_NCI__Male__e4	validated_complete	AD_both_mito	0	0	10764	9107	8399	effective_query_below_minimum	skipped_effective_query_below_minimum	0	0	
mitochondrial_kda_run_manifest_v1	secondary_Inh_L6_SST_NPY_female_pool_AD_up_mito	secondary	Inh L6 SST NPY	Inhibitory_neurons	female_pool	F_e2;F_e33;F_e4	inhibitory::Inh L6 SST NPY::AD_vs_NCI__Female__e2;inhibitory::Inh L6 SST NPY::AD_vs_NCI__Female__e33;inhibitory::Inh L6 SST NPY::AD_vs_NCI__Female__e4	validated_complete;validated_complete;validated_complete	AD_up_mito	0	0	9987	8920	8229	effective_query_below_minimum	skipped_effective_query_below_minimum	0	0	
mitochondrial_kda_run_manifest_v1	secondary_Inh_L6_SST_NPY_female_pool_AD_down_mito	secondary	Inh L6 SST NPY	Inhibitory_neurons	female_pool	F_e2;F_e33;F_e4	inhibitory::Inh L6 SST NPY::AD_vs_NCI__Female__e2;inhibitory::Inh L6 SST NPY::AD_vs_NCI__Female__e33;inhibitory::Inh L6 SST NPY::AD_vs_NCI__Female__e4	validated_complete;validated_complete;validated_complete	AD_down_mito	0	0	9987	8920	8229	effective_query_below_minimum	skipped_effective_query_below_minimum	0	0	
mitochondrial_kda_run_manifest_v1	secondary_Inh_L6_SST_NPY_female_pool_AD_both_mito	secondary	Inh L6 SST NPY	Inhibitory_neurons	female_pool	F_e2;F_e33;F_e4	inhibitory::Inh L6 SST NPY::AD_vs_NCI__Female__e2;inhibitory::Inh L6 SST NPY::AD_vs_NCI__Female__e33;inhibitory::Inh L6 SST NPY::AD_vs_NCI__Female__e4	validated_complete;validated_complete;validated_complete	AD_both_mito	0	0	9987	8920	8229	effective_query_below_minimum	skipped_effective_query_below_minimum	0	0	
mitochondrial_kda_run_manifest_v1	secondary_Inh_L6_SST_NPY_male_pool_AD_up_mito	secondary	Inh L6 SST NPY	Inhibitory_neurons	male_pool	M_e2;M_e33;M_e4	inhibitory::Inh L6 SST NPY::AD_vs_NCI__Male__e2;inhibitory::Inh L6 SST NPY::AD_vs_NCI__Male__e33;inhibitory::Inh L6 SST NPY::AD_vs_NCI__Male__e4	validated_complete;validated_complete;validated_complete	AD_up_mito	3	3	9485	8558	7911	eligible	completed_significant	9	0.194999999999936	
mitochondrial_kda_run_manifest_v1	secondary_Inh_L6_SST_NPY_male_pool_AD_down_mito	secondary	Inh L6 SST NPY	Inhibitory_neurons	male_pool	M_e2;M_e33;M_e4	inhibitory::Inh L6 SST NPY::AD_vs_NCI__Male__e2;inhibitory::Inh L6 SST NPY::AD_vs_NCI__Male__e33;inhibitory::Inh L6 SST NPY::AD_vs_NCI__Male__e4	validated_complete;validated_complete;validated_complete	AD_down_mito	2	2	9485	8558	7911	effective_query_below_minimum	skipped_effective_query_below_minimum	0	0	
mitochondrial_kda_run_manifest_v1	secondary_Inh_L6_SST_NPY_male_pool_AD_both_mito	secondary	Inh L6 SST NPY	Inhibitory_neurons	male_pool	M_e2;M_e33;M_e4	inhibitory::Inh L6 SST NPY::AD_vs_NCI__Male__e2;inhibitory::Inh L6 SST NPY::AD_vs_NCI__Male__e33;inhibitory::Inh L6 SST NPY::AD_vs_NCI__Male__e4	validated_complete;validated_complete;validated_complete	AD_both_mito	5	5	9485	8558	7911	eligible	completed_significant	8	0.232000000000198	
mitochondrial_kda_run_manifest_v1	secondary_Inh_L6_SST_NPY_e2_pool_AD_up_mito	secondary	Inh L6 SST NPY	Inhibitory_neurons	e2_pool	F_e2;M_e2	inhibitory::Inh L6 SST NPY::AD_vs_NCI__Female__e2;inhibitory::Inh L6 SST NPY::AD_vs_NCI__Male__e2	validated_complete;validated_complete	AD_up_mito	0	0	10026	8785	8122	effective_query_below_minimum	skipped_effective_query_below_minimum	0	0	
mitochondrial_kda_run_manifest_v1	secondary_Inh_L6_SST_NPY_e2_pool_AD_down_mito	secondary	Inh L6 SST NPY	Inhibitory_neurons	e2_pool	F_e2;M_e2	inhibitory::Inh L6 SST NPY::AD_vs_NCI__Female__e2;inhibitory::Inh L6 SST NPY::AD_vs_NCI__Male__e2	validated_complete;validated_complete	AD_down_mito	0	0	10026	8785	8122	effective_query_below_minimum	skipped_effective_query_below_minimum	0	0	
mitochondrial_kda_run_manifest_v1	secondary_Inh_L6_SST_NPY_e2_pool_AD_both_mito	secondary	Inh L6 SST NPY	Inhibitory_neurons	e2_pool	F_e2;M_e2	inhibitory::Inh L6 SST NPY::AD_vs_NCI__Female__e2;inhibitory::Inh L6 SST NPY::AD_vs_NCI__Male__e2	validated_complete;validated_complete	AD_both_mito	0	0	10026	8785	8122	effective_query_below_minimum	skipped_effective_query_below_minimum	0	0	
mitochondrial_kda_run_manifest_v1	secondary_Inh_L6_SST_NPY_e33_pool_AD_up_mito	secondary	Inh L6 SST NPY	Inhibitory_neurons	e33_pool	F_e33;M_e33	inhibitory::Inh L6 SST NPY::AD_vs_NCI__Female__e33;inhibitory::Inh L6 SST NPY::AD_vs_NCI__Male__e33	validated_complete;validated_complete	AD_up_mito	3	3	10116	8989	8293	eligible	completed_significant	9	0.20900000000006	
mitochondrial_kda_run_manifest_v1	secondary_Inh_L6_SST_NPY_e33_pool_AD_down_mito	secondary	Inh L6 SST NPY	Inhibitory_neurons	e33_pool	F_e33;M_e33	inhibitory::Inh L6 SST NPY::AD_vs_NCI__Female__e33;inhibitory::Inh L6 SST NPY::AD_vs_NCI__Male__e33	validated_complete;validated_complete	AD_down_mito	2	2	10116	8989	8293	effective_query_below_minimum	skipped_effective_query_below_minimum	0	0	
mitochondrial_kda_run_manifest_v1	secondary_Inh_L6_SST_NPY_e33_pool_AD_both_mito	secondary	Inh L6 SST NPY	Inhibitory_neurons	e33_pool	F_e33;M_e33	inhibitory::Inh L6 SST NPY::AD_vs_NCI__Female__e33;inhibitory::Inh L6 SST NPY::AD_vs_NCI__Male__e33	validated_complete;validated_complete	AD_both_mito	5	5	10116	8989	8293	eligible	completed_significant	8	0.263000000000147	
mitochondrial_kda_run_manifest_v1	secondary_Inh_L6_SST_NPY_e4_pool_AD_up_mito	secondary	Inh L6 SST NPY	Inhibitory_neurons	e4_pool	F_e4;M_e4	inhibitory::Inh L6 SST NPY::AD_vs_NCI__Female__e4;inhibitory::Inh L6 SST NPY::AD_vs_NCI__Male__e4	validated_complete;validated_complete	AD_up_mito	0	0	10098	8901	8212	effective_query_below_minimum	skipped_effective_query_below_minimum	0	0	
mitochondrial_kda_run_manifest_v1	secondary_Inh_L6_SST_NPY_e4_pool_AD_down_mito	secondary	Inh L6 SST NPY	Inhibitory_neurons	e4_pool	F_e4;M_e4	inhibitory::Inh L6 SST NPY::AD_vs_NCI__Female__e4;inhibitory::Inh L6 SST NPY::AD_vs_NCI__Male__e4	validated_complete;validated_complete	AD_down_mito	0	0	10098	8901	8212	effective_query_below_minimum	skipped_effective_query_below_minimum	0	0	
mitochondrial_kda_run_manifest_v1	secondary_Inh_L6_SST_NPY_e4_pool_AD_both_mito	secondary	Inh L6 SST NPY	Inhibitory_neurons	e4_pool	F_e4;M_e4	inhibitory::Inh L6 SST NPY::AD_vs_NCI__Female__e4;inhibitory::Inh L6 SST NPY::AD_vs_NCI__Male__e4	validated_complete;validated_complete	AD_both_mito	0	0	10098	8901	8212	effective_query_below_minimum	skipped_effective_query_below_minimum	0	0	
mitochondrial_kda_run_manifest_v1	primary_Inh_LAMP5_NRG1_Rosehip_F_e2_AD_up_mito	primary	Inh LAMP5 NRG1 (Rosehip)	Inhibitory_neurons	F_e2	F_e2	inhibitory::Inh LAMP5 NRG1 (Rosehip)::AD_vs_NCI__Female__e2	validated_complete	AD_up_mito	6	6	9590	8862	8159	eligible	completed_significant	8	0.294000000000096	
mitochondrial_kda_run_manifest_v1	primary_Inh_LAMP5_NRG1_Rosehip_F_e2_AD_down_mito	primary	Inh LAMP5 NRG1 (Rosehip)	Inhibitory_neurons	F_e2	F_e2	inhibitory::Inh LAMP5 NRG1 (Rosehip)::AD_vs_NCI__Female__e2	validated_complete	AD_down_mito	4	3	9590	8862	8159	eligible	completed_significant	10	0.125999999999976	
mitochondrial_kda_run_manifest_v1	primary_Inh_LAMP5_NRG1_Rosehip_F_e2_AD_both_mito	primary	Inh LAMP5 NRG1 (Rosehip)	Inhibitory_neurons	F_e2	F_e2	inhibitory::Inh LAMP5 NRG1 (Rosehip)::AD_vs_NCI__Female__e2	validated_complete	AD_both_mito	10	9	9590	8862	8159	eligible	completed_significant	14	0.410000000000082	
mitochondrial_kda_run_manifest_v1	primary_Inh_LAMP5_NRG1_Rosehip_F_e33_AD_up_mito	primary	Inh LAMP5 NRG1 (Rosehip)	Inhibitory_neurons	F_e33	F_e33	inhibitory::Inh LAMP5 NRG1 (Rosehip)::AD_vs_NCI__Female__e33	validated_complete	AD_up_mito	6	5	9580	8857	8165	eligible	completed_significant	10	0.265999999999849	
mitochondrial_kda_run_manifest_v1	primary_Inh_LAMP5_NRG1_Rosehip_F_e33_AD_down_mito	primary	Inh LAMP5 NRG1 (Rosehip)	Inhibitory_neurons	F_e33	F_e33	inhibitory::Inh LAMP5 NRG1 (Rosehip)::AD_vs_NCI__Female__e33	validated_complete	AD_down_mito	4	3	9580	8857	8165	eligible	completed_significant	10	0.0809999999999036	
mitochondrial_kda_run_manifest_v1	primary_Inh_LAMP5_NRG1_Rosehip_F_e33_AD_both_mito	primary	Inh LAMP5 NRG1 (Rosehip)	Inhibitory_neurons	F_e33	F_e33	inhibitory::Inh LAMP5 NRG1 (Rosehip)::AD_vs_NCI__Female__e33	validated_complete	AD_both_mito	10	8	9580	8857	8165	eligible	completed_significant	11	0.342000000000098	
mitochondrial_kda_run_manifest_v1	primary_Inh_LAMP5_NRG1_Rosehip_F_e4_AD_up_mito	primary	Inh LAMP5 NRG1 (Rosehip)	Inhibitory_neurons	F_e4	F_e4	inhibitory::Inh LAMP5 NRG1 (Rosehip)::AD_vs_NCI__Female__e4	validated_complete	AD_up_mito	3	3	9196	8596	7917	eligible	completed_significant	3	0.13799999999992	
mitochondrial_kda_run_manifest_v1	primary_Inh_LAMP5_NRG1_Rosehip_F_e4_AD_down_mito	primary	Inh LAMP5 NRG1 (Rosehip)	Inhibitory_neurons	F_e4	F_e4	inhibitory::Inh LAMP5 NRG1 (Rosehip)::AD_vs_NCI__Female__e4	validated_complete	AD_down_mito	65	55	9196	8596	7917	eligible	completed_significant	22	1.67599999999993	
mitochondrial_kda_run_manifest_v1	primary_Inh_LAMP5_NRG1_Rosehip_F_e4_AD_both_mito	primary	Inh LAMP5 NRG1 (Rosehip)	Inhibitory_neurons	F_e4	F_e4	inhibitory::Inh LAMP5 NRG1 (Rosehip)::AD_vs_NCI__Female__e4	validated_complete	AD_both_mito	68	58	9196	8596	7917	eligible	completed_significant	22	1.55099999999993	
mitochondrial_kda_run_manifest_v1	primary_Inh_LAMP5_NRG1_Rosehip_M_e2_AD_up_mito	primary	Inh LAMP5 NRG1 (Rosehip)	Inhibitory_neurons	M_e2	M_e2	inhibitory::Inh LAMP5 NRG1 (Rosehip)::AD_vs_NCI__Male__e2	validated_complete	AD_up_mito	74	64	9512	8766	8084	eligible	completed_no_significant	0	2.31600000000003	
mitochondrial_kda_run_manifest_v1	primary_Inh_LAMP5_NRG1_Rosehip_M_e2_AD_down_mito	primary	Inh LAMP5 NRG1 (Rosehip)	Inhibitory_neurons	M_e2	M_e2	inhibitory::Inh LAMP5 NRG1 (Rosehip)::AD_vs_NCI__Male__e2	validated_complete	AD_down_mito	76	65	9512	8766	8084	eligible	completed_significant	15	1.55399999999986	
mitochondrial_kda_run_manifest_v1	primary_Inh_LAMP5_NRG1_Rosehip_M_e2_AD_both_mito	primary	Inh LAMP5 NRG1 (Rosehip)	Inhibitory_neurons	M_e2	M_e2	inhibitory::Inh LAMP5 NRG1 (Rosehip)::AD_vs_NCI__Male__e2	validated_complete	AD_both_mito	150	129	9512	8766	8084	eligible	completed_significant	4	3.20099999999979	
mitochondrial_kda_run_manifest_v1	primary_Inh_LAMP5_NRG1_Rosehip_M_e33_AD_up_mito	primary	Inh LAMP5 NRG1 (Rosehip)	Inhibitory_neurons	M_e33	M_e33	inhibitory::Inh LAMP5 NRG1 (Rosehip)::AD_vs_NCI__Male__e33	validated_complete	AD_up_mito	1	1	9501	8800	8106	effective_query_below_minimum	skipped_effective_query_below_minimum	0	0	
mitochondrial_kda_run_manifest_v1	primary_Inh_LAMP5_NRG1_Rosehip_M_e33_AD_down_mito	primary	Inh LAMP5 NRG1 (Rosehip)	Inhibitory_neurons	M_e33	M_e33	inhibitory::Inh LAMP5 NRG1 (Rosehip)::AD_vs_NCI__Male__e33	validated_complete	AD_down_mito	19	16	9501	8800	8106	eligible	completed_no_significant	0	0.651000000000067	
mitochondrial_kda_run_manifest_v1	primary_Inh_LAMP5_NRG1_Rosehip_M_e33_AD_both_mito	primary	Inh LAMP5 NRG1 (Rosehip)	Inhibitory_neurons	M_e33	M_e33	inhibitory::Inh LAMP5 NRG1 (Rosehip)::AD_vs_NCI__Male__e33	validated_complete	AD_both_mito	20	17	9501	8800	8106	eligible	completed_no_significant	0	0.917000000000144	
mitochondrial_kda_run_manifest_v1	primary_Inh_LAMP5_NRG1_Rosehip_M_e4_AD_up_mito	primary	Inh LAMP5 NRG1 (Rosehip)	Inhibitory_neurons	M_e4	M_e4	inhibitory::Inh LAMP5 NRG1 (Rosehip)::AD_vs_NCI__Male__e4	validated_complete	AD_up_mito	1	1	9029	8507	7835	effective_query_below_minimum	skipped_effective_query_below_minimum	0	0	
mitochondrial_kda_run_manifest_v1	primary_Inh_LAMP5_NRG1_Rosehip_M_e4_AD_down_mito	primary	Inh LAMP5 NRG1 (Rosehip)	Inhibitory_neurons	M_e4	M_e4	inhibitory::Inh LAMP5 NRG1 (Rosehip)::AD_vs_NCI__Male__e4	validated_complete	AD_down_mito	47	44	9029	8507	7835	eligible	completed_significant	17	1.29100000000017	
mitochondrial_kda_run_manifest_v1	primary_Inh_LAMP5_NRG1_Rosehip_M_e4_AD_both_mito	primary	Inh LAMP5 NRG1 (Rosehip)	Inhibitory_neurons	M_e4	M_e4	inhibitory::Inh LAMP5 NRG1 (Rosehip)::AD_vs_NCI__Male__e4	validated_complete	AD_both_mito	48	45	9029	8507	7835	eligible	completed_significant	17	1.36099999999988	
mitochondrial_kda_run_manifest_v1	secondary_Inh_LAMP5_NRG1_Rosehip_female_pool_AD_up_mito	secondary	Inh LAMP5 NRG1 (Rosehip)	Inhibitory_neurons	female_pool	F_e2;F_e33;F_e4	inhibitory::Inh LAMP5 NRG1 (Rosehip)::AD_vs_NCI__Female__e2;inhibitory::Inh LAMP5 NRG1 (Rosehip)::AD_vs_NCI__Female__e33;inhibitory::Inh LAMP5 NRG1 (Rosehip)::AD_vs_NCI__Female__e4	validated_complete;validated_complete;validated_complete	AD_up_mito	13	12	8992	8485	7816	eligible	completed_significant	7	0.451000000000022	
mitochondrial_kda_run_manifest_v1	secondary_Inh_LAMP5_NRG1_Rosehip_female_pool_AD_down_mito	secondary	Inh LAMP5 NRG1 (Rosehip)	Inhibitory_neurons	female_pool	F_e2;F_e33;F_e4	inhibitory::Inh LAMP5 NRG1 (Rosehip)::AD_vs_NCI__Female__e2;inhibitory::Inh LAMP5 NRG1 (Rosehip)::AD_vs_NCI__Female__e33;inhibitory::Inh LAMP5 NRG1 (Rosehip)::AD_vs_NCI__Female__e4	validated_complete;validated_complete;validated_complete	AD_down_mito	72	59	8992	8485	7816	eligible	completed_significant	25	1.45399999999995	
mitochondrial_kda_run_manifest_v1	secondary_Inh_LAMP5_NRG1_Rosehip_female_pool_AD_both_mito	secondary	Inh LAMP5 NRG1 (Rosehip)	Inhibitory_neurons	female_pool	F_e2;F_e33;F_e4	inhibitory::Inh LAMP5 NRG1 (Rosehip)::AD_vs_NCI__Female__e2;inhibitory::Inh LAMP5 NRG1 (Rosehip)::AD_vs_NCI__Female__e33;inhibitory::Inh LAMP5 NRG1 (Rosehip)::AD_vs_NCI__Female__e4	validated_complete;validated_complete;validated_complete	AD_both_mito	84	70	8992	8485	7816	eligible	completed_significant	27	1.73000000000002	
mitochondrial_kda_run_manifest_v1	secondary_Inh_LAMP5_NRG1_Rosehip_male_pool_AD_up_mito	secondary	Inh LAMP5 NRG1 (Rosehip)	Inhibitory_neurons	male_pool	M_e2;M_e33;M_e4	inhibitory::Inh LAMP5 NRG1 (Rosehip)::AD_vs_NCI__Male__e2;inhibitory::Inh LAMP5 NRG1 (Rosehip)::AD_vs_NCI__Male__e33;inhibitory::Inh LAMP5 NRG1 (Rosehip)::AD_vs_NCI__Male__e4	validated_complete;validated_complete;validated_complete	AD_up_mito	76	63	8883	8413	7753	eligible	completed_no_significant	0	2.24800000000005	
mitochondrial_kda_run_manifest_v1	secondary_Inh_LAMP5_NRG1_Rosehip_male_pool_AD_down_mito	secondary	Inh LAMP5 NRG1 (Rosehip)	Inhibitory_neurons	male_pool	M_e2;M_e33;M_e4	inhibitory::Inh LAMP5 NRG1 (Rosehip)::AD_vs_NCI__Male__e2;inhibitory::Inh LAMP5 NRG1 (Rosehip)::AD_vs_NCI__Male__e33;inhibitory::Inh LAMP5 NRG1 (Rosehip)::AD_vs_NCI__Male__e4	validated_complete;validated_complete;validated_complete	AD_down_mito	124	106	8883	8413	7753	eligible	completed_significant	23	2.03300000000013	
mitochondrial_kda_run_manifest_v1	secondary_Inh_LAMP5_NRG1_Rosehip_male_pool_AD_both_mito	secondary	Inh LAMP5 NRG1 (Rosehip)	Inhibitory_neurons	male_pool	M_e2;M_e33;M_e4	inhibitory::Inh LAMP5 NRG1 (Rosehip)::AD_vs_NCI__Male__e2;inhibitory::Inh LAMP5 NRG1 (Rosehip)::AD_vs_NCI__Male__e33;inhibitory::Inh LAMP5 NRG1 (Rosehip)::AD_vs_NCI__Male__e4	validated_complete;validated_complete;validated_complete	AD_both_mito	199	168	8883	8413	7753	eligible	completed_significant	13	3.4380000000001	
mitochondrial_kda_run_manifest_v1	secondary_Inh_LAMP5_NRG1_Rosehip_e2_pool_AD_up_mito	secondary	Inh LAMP5 NRG1 (Rosehip)	Inhibitory_neurons	e2_pool	F_e2;M_e2	inhibitory::Inh LAMP5 NRG1 (Rosehip)::AD_vs_NCI__Female__e2;inhibitory::Inh LAMP5 NRG1 (Rosehip)::AD_vs_NCI__Male__e2	validated_complete;validated_complete	AD_up_mito	80	70	9246	8645	7968	eligible	completed_significant	1	2.40600000000018	
mitochondrial_kda_run_manifest_v1	secondary_Inh_LAMP5_NRG1_Rosehip_e2_pool_AD_down_mito	secondary	Inh LAMP5 NRG1 (Rosehip)	Inhibitory_neurons	e2_pool	F_e2;M_e2	inhibitory::Inh LAMP5 NRG1 (Rosehip)::AD_vs_NCI__Female__e2;inhibitory::Inh LAMP5 NRG1 (Rosehip)::AD_vs_NCI__Male__e2	validated_complete;validated_complete	AD_down_mito	80	67	9246	8645	7968	eligible	completed_significant	18	1.58199999999988	
mitochondrial_kda_run_manifest_v1	secondary_Inh_LAMP5_NRG1_Rosehip_e2_pool_AD_both_mito	secondary	Inh LAMP5 NRG1 (Rosehip)	Inhibitory_neurons	e2_pool	F_e2;M_e2	inhibitory::Inh LAMP5 NRG1 (Rosehip)::AD_vs_NCI__Female__e2;inhibitory::Inh LAMP5 NRG1 (Rosehip)::AD_vs_NCI__Male__e2	validated_complete;validated_complete	AD_both_mito	159	136	9246	8645	7968	eligible	completed_significant	5	3.21799999999985	
mitochondrial_kda_run_manifest_v1	secondary_Inh_LAMP5_NRG1_Rosehip_e33_pool_AD_up_mito	secondary	Inh LAMP5 NRG1 (Rosehip)	Inhibitory_neurons	e33_pool	F_e33;M_e33	inhibitory::Inh LAMP5 NRG1 (Rosehip)::AD_vs_NCI__Female__e33;inhibitory::Inh LAMP5 NRG1 (Rosehip)::AD_vs_NCI__Male__e33	validated_complete;validated_complete	AD_up_mito	7	6	9384	8743	8056	eligible	completed_significant	11	0.286000000000058	
mitochondrial_kda_run_manifest_v1	secondary_Inh_LAMP5_NRG1_Rosehip_e33_pool_AD_down_mito	secondary	Inh LAMP5 NRG1 (Rosehip)	Inhibitory_neurons	e33_pool	F_e33;M_e33	inhibitory::Inh LAMP5 NRG1 (Rosehip)::AD_vs_NCI__Female__e33;inhibitory::Inh LAMP5 NRG1 (Rosehip)::AD_vs_NCI__Male__e33	validated_complete;validated_complete	AD_down_mito	23	19	9384	8743	8056	eligible	completed_significant	1	0.711000000000013	
mitochondrial_kda_run_manifest_v1	secondary_Inh_LAMP5_NRG1_Rosehip_e33_pool_AD_both_mito	secondary	Inh LAMP5 NRG1 (Rosehip)	Inhibitory_neurons	e33_pool	F_e33;M_e33	inhibitory::Inh LAMP5 NRG1 (Rosehip)::AD_vs_NCI__Female__e33;inhibitory::Inh LAMP5 NRG1 (Rosehip)::AD_vs_NCI__Male__e33	validated_complete;validated_complete	AD_both_mito	30	25	9384	8743	8056	eligible	completed_significant	8	1.17100000000005	
mitochondrial_kda_run_manifest_v1	secondary_Inh_LAMP5_NRG1_Rosehip_e4_pool_AD_up_mito	secondary	Inh LAMP5 NRG1 (Rosehip)	Inhibitory_neurons	e4_pool	F_e4;M_e4	inhibitory::Inh LAMP5 NRG1 (Rosehip)::AD_vs_NCI__Female__e4;inhibitory::Inh LAMP5 NRG1 (Rosehip)::AD_vs_NCI__Male__e4	validated_complete;validated_complete	AD_up_mito	4	4	8828	8377	7717	eligible	completed_no_significant	0	0.235000000000127	
mitochondrial_kda_run_manifest_v1	secondary_Inh_LAMP5_NRG1_Rosehip_e4_pool_AD_down_mito	secondary	Inh LAMP5 NRG1 (Rosehip)	Inhibitory_neurons	e4_pool	F_e4;M_e4	inhibitory::Inh LAMP5 NRG1 (Rosehip)::AD_vs_NCI__Female__e4;inhibitory::Inh LAMP5 NRG1 (Rosehip)::AD_vs_NCI__Male__e4	validated_complete;validated_complete	AD_down_mito	97	79	8828	8377	7717	eligible	completed_significant	31	1.73299999999995	
mitochondrial_kda_run_manifest_v1	secondary_Inh_LAMP5_NRG1_Rosehip_e4_pool_AD_both_mito	secondary	Inh LAMP5 NRG1 (Rosehip)	Inhibitory_neurons	e4_pool	F_e4;M_e4	inhibitory::Inh LAMP5 NRG1 (Rosehip)::AD_vs_NCI__Female__e4;inhibitory::Inh LAMP5 NRG1 (Rosehip)::AD_vs_NCI__Male__e4	validated_complete;validated_complete	AD_both_mito	101	83	8828	8377	7717	eligible	completed_significant	29	1.89600000000019	
mitochondrial_kda_run_manifest_v1	primary_Inh_LAMP5_RELN_F_e2_AD_up_mito	primary	Inh LAMP5 RELN	Inhibitory_neurons	F_e2	F_e2	inhibitory::Inh LAMP5 RELN::AD_vs_NCI__Female__e2	validated_complete	AD_up_mito	0	0	9128	8373	7735	effective_query_below_minimum	skipped_effective_query_below_minimum	0	0	
mitochondrial_kda_run_manifest_v1	primary_Inh_LAMP5_RELN_F_e2_AD_down_mito	primary	Inh LAMP5 RELN	Inhibitory_neurons	F_e2	F_e2	inhibitory::Inh LAMP5 RELN::AD_vs_NCI__Female__e2	validated_complete	AD_down_mito	0	0	9128	8373	7735	effective_query_below_minimum	skipped_effective_query_below_minimum	0	0	
mitochondrial_kda_run_manifest_v1	primary_Inh_LAMP5_RELN_F_e2_AD_both_mito	primary	Inh LAMP5 RELN	Inhibitory_neurons	F_e2	F_e2	inhibitory::Inh LAMP5 RELN::AD_vs_NCI__Female__e2	validated_complete	AD_both_mito	0	0	9128	8373	7735	effective_query_below_minimum	skipped_effective_query_below_minimum	0	0	
mitochondrial_kda_run_manifest_v1	primary_Inh_LAMP5_RELN_F_e33_AD_up_mito	primary	Inh LAMP5 RELN	Inhibitory_neurons	F_e33	F_e33	inhibitory::Inh LAMP5 RELN::AD_vs_NCI__Female__e33	validated_complete	AD_up_mito	0	0	7912	7562	6990	effective_query_below_minimum	skipped_effective_query_below_minimum	0	0	
mitochondrial_kda_run_manifest_v1	primary_Inh_LAMP5_RELN_F_e33_AD_down_mito	primary	Inh LAMP5 RELN	Inhibitory_neurons	F_e33	F_e33	inhibitory::Inh LAMP5 RELN::AD_vs_NCI__Female__e33	validated_complete	AD_down_mito	0	0	7912	7562	6990	effective_query_below_minimum	skipped_effective_query_below_minimum	0	0	
mitochondrial_kda_run_manifest_v1	primary_Inh_LAMP5_RELN_F_e33_AD_both_mito	primary	Inh LAMP5 RELN	Inhibitory_neurons	F_e33	F_e33	inhibitory::Inh LAMP5 RELN::AD_vs_NCI__Female__e33	validated_complete	AD_both_mito	0	0	7912	7562	6990	effective_query_below_minimum	skipped_effective_query_below_minimum	0	0	
mitochondrial_kda_run_manifest_v1	primary_Inh_LAMP5_RELN_F_e4_AD_up_mito	primary	Inh LAMP5 RELN	Inhibitory_neurons	F_e4	F_e4	inhibitory::Inh LAMP5 RELN::AD_vs_NCI__Female__e4	validated_complete	AD_up_mito	1	1	7393	7133	6573	effective_query_below_minimum	skipped_effective_query_below_minimum	0	0	
mitochondrial_kda_run_manifest_v1	primary_Inh_LAMP5_RELN_F_e4_AD_down_mito	primary	Inh LAMP5 RELN	Inhibitory_neurons	F_e4	F_e4	inhibitory::Inh LAMP5 RELN::AD_vs_NCI__Female__e4	validated_complete	AD_down_mito	8	8	7393	7133	6573	eligible	completed_significant	11	0.192000000000007	
mitochondrial_kda_run_manifest_v1	primary_Inh_LAMP5_RELN_F_e4_AD_both_mito	primary	Inh LAMP5 RELN	Inhibitory_neurons	F_e4	F_e4	inhibitory::Inh LAMP5 RELN::AD_vs_NCI__Female__e4	validated_complete	AD_both_mito	9	9	7393	7133	6573	eligible	completed_significant	10	0.280999999999949	
mitochondrial_kda_run_manifest_v1	primary_Inh_LAMP5_RELN_M_e2_AD_up_mito	primary	Inh LAMP5 RELN	Inhibitory_neurons	M_e2	M_e2	inhibitory::Inh LAMP5 RELN::AD_vs_NCI__Male__e2	validated_complete	AD_up_mito	0	0	7809	7341	6815	effective_query_below_minimum	skipped_effective_query_below_minimum	0	0	
mitochondrial_kda_run_manifest_v1	primary_Inh_LAMP5_RELN_M_e2_AD_down_mito	primary	Inh LAMP5 RELN	Inhibitory_neurons	M_e2	M_e2	inhibitory::Inh LAMP5 RELN::AD_vs_NCI__Male__e2	validated_complete	AD_down_mito	0	0	7809	7341	6815	effective_query_below_minimum	skipped_effective_query_below_minimum	0	0	
mitochondrial_kda_run_manifest_v1	primary_Inh_LAMP5_RELN_M_e2_AD_both_mito	primary	Inh LAMP5 RELN	Inhibitory_neurons	M_e2	M_e2	inhibitory::Inh LAMP5 RELN::AD_vs_NCI__Male__e2	validated_complete	AD_both_mito	0	0	7809	7341	6815	effective_query_below_minimum	skipped_effective_query_below_minimum	0	0	
mitochondrial_kda_run_manifest_v1	primary_Inh_LAMP5_RELN_M_e33_AD_up_mito	primary	Inh LAMP5 RELN	Inhibitory_neurons	M_e33	M_e33	inhibitory::Inh LAMP5 RELN::AD_vs_NCI__Male__e33	validated_complete	AD_up_mito	0	0	8265	7853	7252	effective_query_below_minimum	skipped_effective_query_below_minimum	0	0	
mitochondrial_kda_run_manifest_v1	primary_Inh_LAMP5_RELN_M_e33_AD_down_mito	primary	Inh LAMP5 RELN	Inhibitory_neurons	M_e33	M_e33	inhibitory::Inh LAMP5 RELN::AD_vs_NCI__Male__e33	validated_complete	AD_down_mito	0	0	8265	7853	7252	effective_query_below_minimum	skipped_effective_query_below_minimum	0	0	
mitochondrial_kda_run_manifest_v1	primary_Inh_LAMP5_RELN_M_e33_AD_both_mito	primary	Inh LAMP5 RELN	Inhibitory_neurons	M_e33	M_e33	inhibitory::Inh LAMP5 RELN::AD_vs_NCI__Male__e33	validated_complete	AD_both_mito	0	0	8265	7853	7252	effective_query_below_minimum	skipped_effective_query_below_minimum	0	0	
mitochondrial_kda_run_manifest_v1	primary_Inh_LAMP5_RELN_M_e4_AD_up_mito	primary	Inh LAMP5 RELN	Inhibitory_neurons	M_e4	M_e4	inhibitory::Inh LAMP5 RELN::AD_vs_NCI__Male__e4	validated_complete	AD_up_mito	0	0	7147	6800	6318	effective_query_below_minimum	skipped_effective_query_below_minimum	0	0	
mitochondrial_kda_run_manifest_v1	primary_Inh_LAMP5_RELN_M_e4_AD_down_mito	primary	Inh LAMP5 RELN	Inhibitory_neurons	M_e4	M_e4	inhibitory::Inh LAMP5 RELN::AD_vs_NCI__Male__e4	validated_complete	AD_down_mito	0	0	7147	6800	6318	effective_query_below_minimum	skipped_effective_query_below_minimum	0	0	
mitochondrial_kda_run_manifest_v1	primary_Inh_LAMP5_RELN_M_e4_AD_both_mito	primary	Inh LAMP5 RELN	Inhibitory_neurons	M_e4	M_e4	inhibitory::Inh LAMP5 RELN::AD_vs_NCI__Male__e4	validated_complete	AD_both_mito	0	0	7147	6800	6318	effective_query_below_minimum	skipped_effective_query_below_minimum	0	0	
mitochondrial_kda_run_manifest_v1	secondary_Inh_LAMP5_RELN_female_pool_AD_up_mito	secondary	Inh LAMP5 RELN	Inhibitory_neurons	female_pool	F_e2;F_e33;F_e4	inhibitory::Inh LAMP5 RELN::AD_vs_NCI__Female__e2;inhibitory::Inh LAMP5 RELN::AD_vs_NCI__Female__e33;inhibitory::Inh LAMP5 RELN::AD_vs_NCI__Female__e4	validated_complete;validated_complete;validated_complete	AD_up_mito	1	1	7253	7001	6470	effective_query_below_minimum	skipped_effective_query_below_minimum	0	0	
mitochondrial_kda_run_manifest_v1	secondary_Inh_LAMP5_RELN_female_pool_AD_down_mito	secondary	Inh LAMP5 RELN	Inhibitory_neurons	female_pool	F_e2;F_e33;F_e4	inhibitory::Inh LAMP5 RELN::AD_vs_NCI__Female__e2;inhibitory::Inh LAMP5 RELN::AD_vs_NCI__Female__e33;inhibitory::Inh LAMP5 RELN::AD_vs_NCI__Female__e4	validated_complete;validated_complete;validated_complete	AD_down_mito	8	8	7253	7001	6470	eligible	completed_significant	13	0.186000000000149	
mitochondrial_kda_run_manifest_v1	secondary_Inh_LAMP5_RELN_female_pool_AD_both_mito	secondary	Inh LAMP5 RELN	Inhibitory_neurons	female_pool	F_e2;F_e33;F_e4	inhibitory::Inh LAMP5 RELN::AD_vs_NCI__Female__e2;inhibitory::Inh LAMP5 RELN::AD_vs_NCI__Female__e33;inhibitory::Inh LAMP5 RELN::AD_vs_NCI__Female__e4	validated_complete;validated_complete;validated_complete	AD_both_mito	9	9	7253	7001	6470	eligible	completed_significant	10	0.260999999999967	
mitochondrial_kda_run_manifest_v1	secondary_Inh_LAMP5_RELN_male_pool_AD_up_mito	secondary	Inh LAMP5 RELN	Inhibitory_neurons	male_pool	M_e2;M_e33;M_e4	inhibitory::Inh LAMP5 RELN::AD_vs_NCI__Male__e2;inhibitory::Inh LAMP5 RELN::AD_vs_NCI__Male__e33;inhibitory::Inh LAMP5 RELN::AD_vs_NCI__Male__e4	validated_complete;validated_complete;validated_complete	AD_up_mito	0	0	6867	6552	6092	effective_query_below_minimum	skipped_effective_query_below_minimum	0	0	
mitochondrial_kda_run_manifest_v1	secondary_Inh_LAMP5_RELN_male_pool_AD_down_mito	secondary	Inh LAMP5 RELN	Inhibitory_neurons	male_pool	M_e2;M_e33;M_e4	inhibitory::Inh LAMP5 RELN::AD_vs_NCI__Male__e2;inhibitory::Inh LAMP5 RELN::AD_vs_NCI__Male__e33;inhibitory::Inh LAMP5 RELN::AD_vs_NCI__Male__e4	validated_complete;validated_complete;validated_complete	AD_down_mito	0	0	6867	6552	6092	effective_query_below_minimum	skipped_effective_query_below_minimum	0	0	
mitochondrial_kda_run_manifest_v1	secondary_Inh_LAMP5_RELN_male_pool_AD_both_mito	secondary	Inh LAMP5 RELN	Inhibitory_neurons	male_pool	M_e2;M_e33;M_e4	inhibitory::Inh LAMP5 RELN::AD_vs_NCI__Male__e2;inhibitory::Inh LAMP5 RELN::AD_vs_NCI__Male__e33;inhibitory::Inh LAMP5 RELN::AD_vs_NCI__Male__e4	validated_complete;validated_complete;validated_complete	AD_both_mito	0	0	6867	6552	6092	effective_query_below_minimum	skipped_effective_query_below_minimum	0	0	
mitochondrial_kda_run_manifest_v1	secondary_Inh_LAMP5_RELN_e2_pool_AD_up_mito	secondary	Inh LAMP5 RELN	Inhibitory_neurons	e2_pool	F_e2;M_e2	inhibitory::Inh LAMP5 RELN::AD_vs_NCI__Female__e2;inhibitory::Inh LAMP5 RELN::AD_vs_NCI__Male__e2	validated_complete;validated_complete	AD_up_mito	0	0	7620	7218	6700	effective_query_below_minimum	skipped_effective_query_below_minimum	0	0	
mitochondrial_kda_run_manifest_v1	secondary_Inh_LAMP5_RELN_e2_pool_AD_down_mito	secondary	Inh LAMP5 RELN	Inhibitory_neurons	e2_pool	F_e2;M_e2	inhibitory::Inh LAMP5 RELN::AD_vs_NCI__Female__e2;inhibitory::Inh LAMP5 RELN::AD_vs_NCI__Male__e2	validated_complete;validated_complete	AD_down_mito	0	0	7620	7218	6700	effective_query_below_minimum	skipped_effective_query_below_minimum	0	0	
mitochondrial_kda_run_manifest_v1	secondary_Inh_LAMP5_RELN_e2_pool_AD_both_mito	secondary	Inh LAMP5 RELN	Inhibitory_neurons	e2_pool	F_e2;M_e2	inhibitory::Inh LAMP5 RELN::AD_vs_NCI__Female__e2;inhibitory::Inh LAMP5 RELN::AD_vs_NCI__Male__e2	validated_complete;validated_complete	AD_both_mito	0	0	7620	7218	6700	effective_query_below_minimum	skipped_effective_query_below_minimum	0	0	
mitochondrial_kda_run_manifest_v1	secondary_Inh_LAMP5_RELN_e33_pool_AD_up_mito	secondary	Inh LAMP5 RELN	Inhibitory_neurons	e33_pool	F_e33;M_e33	inhibitory::Inh LAMP5 RELN::AD_vs_NCI__Female__e33;inhibitory::Inh LAMP5 RELN::AD_vs_NCI__Male__e33	validated_complete;validated_complete	AD_up_mito	0	0	7834	7503	6933	effective_query_below_minimum	skipped_effective_query_below_minimum	0	0	
mitochondrial_kda_run_manifest_v1	secondary_Inh_LAMP5_RELN_e33_pool_AD_down_mito	secondary	Inh LAMP5 RELN	Inhibitory_neurons	e33_pool	F_e33;M_e33	inhibitory::Inh LAMP5 RELN::AD_vs_NCI__Female__e33;inhibitory::Inh LAMP5 RELN::AD_vs_NCI__Male__e33	validated_complete;validated_complete	AD_down_mito	0	0	7834	7503	6933	effective_query_below_minimum	skipped_effective_query_below_minimum	0	0	
mitochondrial_kda_run_manifest_v1	secondary_Inh_LAMP5_RELN_e33_pool_AD_both_mito	secondary	Inh LAMP5 RELN	Inhibitory_neurons	e33_pool	F_e33;M_e33	inhibitory::Inh LAMP5 RELN::AD_vs_NCI__Female__e33;inhibitory::Inh LAMP5 RELN::AD_vs_NCI__Male__e33	validated_complete;validated_complete	AD_both_mito	0	0	7834	7503	6933	effective_query_below_minimum	skipped_effective_query_below_minimum	0	0	
mitochondrial_kda_run_manifest_v1	secondary_Inh_LAMP5_RELN_e4_pool_AD_up_mito	secondary	Inh LAMP5 RELN	Inhibitory_neurons	e4_pool	F_e4;M_e4	inhibitory::Inh LAMP5 RELN::AD_vs_NCI__Female__e4;inhibitory::Inh LAMP5 RELN::AD_vs_NCI__Male__e4	validated_complete;validated_complete	AD_up_mito	1	1	6833	6566	6087	effective_query_below_minimum	skipped_effective_query_below_minimum	0	0	
mitochondrial_kda_run_manifest_v1	secondary_Inh_LAMP5_RELN_e4_pool_AD_down_mito	secondary	Inh LAMP5 RELN	Inhibitory_neurons	e4_pool	F_e4;M_e4	inhibitory::Inh LAMP5 RELN::AD_vs_NCI__Female__e4;inhibitory::Inh LAMP5 RELN::AD_vs_NCI__Male__e4	validated_complete;validated_complete	AD_down_mito	8	8	6833	6566	6087	eligible	completed_significant	11	0.18100000000004	
mitochondrial_kda_run_manifest_v1	secondary_Inh_LAMP5_RELN_e4_pool_AD_both_mito	secondary	Inh LAMP5 RELN	Inhibitory_neurons	e4_pool	F_e4;M_e4	inhibitory::Inh LAMP5 RELN::AD_vs_NCI__Female__e4;inhibitory::Inh LAMP5 RELN::AD_vs_NCI__Male__e4	validated_complete;validated_complete	AD_both_mito	9	9	6833	6566	6087	eligible	completed_significant	10	0.251999999999953	
mitochondrial_kda_run_manifest_v1	primary_Inh_PTPRK_FAM19A1_F_e2_AD_up_mito	primary	Inh PTPRK FAM19A1	Inhibitory_neurons	F_e2	F_e2	inhibitory::Inh PTPRK FAM19A1::AD_vs_NCI__Female__e2	validated_complete	AD_up_mito	1	1	7400	7030	6518	effective_query_below_minimum	skipped_effective_query_below_minimum	0	0	
mitochondrial_kda_run_manifest_v1	primary_Inh_PTPRK_FAM19A1_F_e2_AD_down_mito	primary	Inh PTPRK FAM19A1	Inhibitory_neurons	F_e2	F_e2	inhibitory::Inh PTPRK FAM19A1::AD_vs_NCI__Female__e2	validated_complete	AD_down_mito	0	0	7400	7030	6518	effective_query_below_minimum	skipped_effective_query_below_minimum	0	0	
mitochondrial_kda_run_manifest_v1	primary_Inh_PTPRK_FAM19A1_F_e2_AD_both_mito	primary	Inh PTPRK FAM19A1	Inhibitory_neurons	F_e2	F_e2	inhibitory::Inh PTPRK FAM19A1::AD_vs_NCI__Female__e2	validated_complete	AD_both_mito	1	1	7400	7030	6518	effective_query_below_minimum	skipped_effective_query_below_minimum	0	0	
mitochondrial_kda_run_manifest_v1	primary_Inh_PTPRK_FAM19A1_F_e33_AD_up_mito	primary	Inh PTPRK FAM19A1	Inhibitory_neurons	F_e33	F_e33	inhibitory::Inh PTPRK FAM19A1::AD_vs_NCI__Female__e33	validated_complete	AD_up_mito	2	2	7923	7578	7019	effective_query_below_minimum	skipped_effective_query_below_minimum	0	0	
mitochondrial_kda_run_manifest_v1	primary_Inh_PTPRK_FAM19A1_F_e33_AD_down_mito	primary	Inh PTPRK FAM19A1	Inhibitory_neurons	F_e33	F_e33	inhibitory::Inh PTPRK FAM19A1::AD_vs_NCI__Female__e33	validated_complete	AD_down_mito	1	1	7923	7578	7019	effective_query_below_minimum	skipped_effective_query_below_minimum	0	0	
mitochondrial_kda_run_manifest_v1	primary_Inh_PTPRK_FAM19A1_F_e33_AD_both_mito	primary	Inh PTPRK FAM19A1	Inhibitory_neurons	F_e33	F_e33	inhibitory::Inh PTPRK FAM19A1::AD_vs_NCI__Female__e33	validated_complete	AD_both_mito	3	3	7923	7578	7019	eligible	completed_significant	14	0.163000000000011	
mitochondrial_kda_run_manifest_v1	primary_Inh_PTPRK_FAM19A1_F_e4_AD_up_mito	primary	Inh PTPRK FAM19A1	Inhibitory_neurons	F_e4	F_e4	inhibitory::Inh PTPRK FAM19A1::AD_vs_NCI__Female__e4	validated_complete	AD_up_mito	0	0	7634	7302	6748	effective_query_below_minimum	skipped_effective_query_below_minimum	0	0	
mitochondrial_kda_run_manifest_v1	primary_Inh_PTPRK_FAM19A1_F_e4_AD_down_mito	primary	Inh PTPRK FAM19A1	Inhibitory_neurons	F_e4	F_e4	inhibitory::Inh PTPRK FAM19A1::AD_vs_NCI__Female__e4	validated_complete	AD_down_mito	1	1	7634	7302	6748	effective_query_below_minimum	skipped_effective_query_below_minimum	0	0	
mitochondrial_kda_run_manifest_v1	primary_Inh_PTPRK_FAM19A1_F_e4_AD_both_mito	primary	Inh PTPRK FAM19A1	Inhibitory_neurons	F_e4	F_e4	inhibitory::Inh PTPRK FAM19A1::AD_vs_NCI__Female__e4	validated_complete	AD_both_mito	1	1	7634	7302	6748	effective_query_below_minimum	skipped_effective_query_below_minimum	0	0	
mitochondrial_kda_run_manifest_v1	primary_Inh_PTPRK_FAM19A1_M_e2_AD_up_mito	primary	Inh PTPRK FAM19A1	Inhibitory_neurons	M_e2	M_e2	inhibitory::Inh PTPRK FAM19A1::AD_vs_NCI__Male__e2	validated_complete	AD_up_mito	0	0	7501	7057	6560	effective_query_below_minimum	skipped_effective_query_below_minimum	0	0	
mitochondrial_kda_run_manifest_v1	primary_Inh_PTPRK_FAM19A1_M_e2_AD_down_mito	primary	Inh PTPRK FAM19A1	Inhibitory_neurons	M_e2	M_e2	inhibitory::Inh PTPRK FAM19A1::AD_vs_NCI__Male__e2	validated_complete	AD_down_mito	0	0	7501	7057	6560	effective_query_below_minimum	skipped_effective_query_below_minimum	0	0	
mitochondrial_kda_run_manifest_v1	primary_Inh_PTPRK_FAM19A1_M_e2_AD_both_mito	primary	Inh PTPRK FAM19A1	Inhibitory_neurons	M_e2	M_e2	inhibitory::Inh PTPRK FAM19A1::AD_vs_NCI__Male__e2	validated_complete	AD_both_mito	0	0	7501	7057	6560	effective_query_below_minimum	skipped_effective_query_below_minimum	0	0	
mitochondrial_kda_run_manifest_v1	primary_Inh_PTPRK_FAM19A1_M_e33_AD_up_mito	primary	Inh PTPRK FAM19A1	Inhibitory_neurons	M_e33	M_e33	inhibitory::Inh PTPRK FAM19A1::AD_vs_NCI__Male__e33	validated_complete	AD_up_mito	1	1	8082	7703	7133	effective_query_below_minimum	skipped_effective_query_below_minimum	0	0	
mitochondrial_kda_run_manifest_v1	primary_Inh_PTPRK_FAM19A1_M_e33_AD_down_mito	primary	Inh PTPRK FAM19A1	Inhibitory_neurons	M_e33	M_e33	inhibitory::Inh PTPRK FAM19A1::AD_vs_NCI__Male__e33	validated_complete	AD_down_mito	0	0	8082	7703	7133	effective_query_below_minimum	skipped_effective_query_below_minimum	0	0	
mitochondrial_kda_run_manifest_v1	primary_Inh_PTPRK_FAM19A1_M_e33_AD_both_mito	primary	Inh PTPRK FAM19A1	Inhibitory_neurons	M_e33	M_e33	inhibitory::Inh PTPRK FAM19A1::AD_vs_NCI__Male__e33	validated_complete	AD_both_mito	1	1	8082	7703	7133	effective_query_below_minimum	skipped_effective_query_below_minimum	0	0	
mitochondrial_kda_run_manifest_v1	primary_Inh_PTPRK_FAM19A1_M_e4_AD_up_mito	primary	Inh PTPRK FAM19A1	Inhibitory_neurons	M_e4	M_e4	inhibitory::Inh PTPRK FAM19A1::AD_vs_NCI__Male__e4	validated_complete	AD_up_mito	0	0	7304	6990	6480	effective_query_below_minimum	skipped_effective_query_below_minimum	0	0	
mitochondrial_kda_run_manifest_v1	primary_Inh_PTPRK_FAM19A1_M_e4_AD_down_mito	primary	Inh PTPRK FAM19A1	Inhibitory_neurons	M_e4	M_e4	inhibitory::Inh PTPRK FAM19A1::AD_vs_NCI__Male__e4	validated_complete	AD_down_mito	0	0	7304	6990	6480	effective_query_below_minimum	skipped_effective_query_below_minimum	0	0	
mitochondrial_kda_run_manifest_v1	primary_Inh_PTPRK_FAM19A1_M_e4_AD_both_mito	primary	Inh PTPRK FAM19A1	Inhibitory_neurons	M_e4	M_e4	inhibitory::Inh PTPRK FAM19A1::AD_vs_NCI__Male__e4	validated_complete	AD_both_mito	0	0	7304	6990	6480	effective_query_below_minimum	skipped_effective_query_below_minimum	0	0	
mitochondrial_kda_run_manifest_v1	secondary_Inh_PTPRK_FAM19A1_female_pool_AD_up_mito	secondary	Inh PTPRK FAM19A1	Inhibitory_neurons	female_pool	F_e2;F_e33;F_e4	inhibitory::Inh PTPRK FAM19A1::AD_vs_NCI__Female__e2;inhibitory::Inh PTPRK FAM19A1::AD_vs_NCI__Female__e33;inhibitory::Inh PTPRK FAM19A1::AD_vs_NCI__Female__e4	validated_complete;validated_complete;validated_complete	AD_up_mito	2	2	7097	6803	6307	effective_query_below_minimum	skipped_effective_query_below_minimum	0	0	
mitochondrial_kda_run_manifest_v1	secondary_Inh_PTPRK_FAM19A1_female_pool_AD_down_mito	secondary	Inh PTPRK FAM19A1	Inhibitory_neurons	female_pool	F_e2;F_e33;F_e4	inhibitory::Inh PTPRK FAM19A1::AD_vs_NCI__Female__e2;inhibitory::Inh PTPRK FAM19A1::AD_vs_NCI__Female__e33;inhibitory::Inh PTPRK FAM19A1::AD_vs_NCI__Female__e4	validated_complete;validated_complete;validated_complete	AD_down_mito	2	2	7097	6803	6307	effective_query_below_minimum	skipped_effective_query_below_minimum	0	0	
mitochondrial_kda_run_manifest_v1	secondary_Inh_PTPRK_FAM19A1_female_pool_AD_both_mito	secondary	Inh PTPRK FAM19A1	Inhibitory_neurons	female_pool	F_e2;F_e33;F_e4	inhibitory::Inh PTPRK FAM19A1::AD_vs_NCI__Female__e2;inhibitory::Inh PTPRK FAM19A1::AD_vs_NCI__Female__e33;inhibitory::Inh PTPRK FAM19A1::AD_vs_NCI__Female__e4	validated_complete;validated_complete;validated_complete	AD_both_mito	4	4	7097	6803	6307	eligible	completed_significant	16	0.191000000000031	
mitochondrial_kda_run_manifest_v1	secondary_Inh_PTPRK_FAM19A1_male_pool_AD_up_mito	secondary	Inh PTPRK FAM19A1	Inhibitory_neurons	male_pool	M_e2;M_e33;M_e4	inhibitory::Inh PTPRK FAM19A1::AD_vs_NCI__Male__e2;inhibitory::Inh PTPRK FAM19A1::AD_vs_NCI__Male__e33;inhibitory::Inh PTPRK FAM19A1::AD_vs_NCI__Male__e4	validated_complete;validated_complete;validated_complete	AD_up_mito	1	1	6891	6555	6108	effective_query_below_minimum	skipped_effective_query_below_minimum	0	0	
mitochondrial_kda_run_manifest_v1	secondary_Inh_PTPRK_FAM19A1_male_pool_AD_down_mito	secondary	Inh PTPRK FAM19A1	Inhibitory_neurons	male_pool	M_e2;M_e33;M_e4	inhibitory::Inh PTPRK FAM19A1::AD_vs_NCI__Male__e2;inhibitory::Inh PTPRK FAM19A1::AD_vs_NCI__Male__e33;inhibitory::Inh PTPRK FAM19A1::AD_vs_NCI__Male__e4	validated_complete;validated_complete;validated_complete	AD_down_mito	0	0	6891	6555	6108	effective_query_below_minimum	skipped_effective_query_below_minimum	0	0	
mitochondrial_kda_run_manifest_v1	secondary_Inh_PTPRK_FAM19A1_male_pool_AD_both_mito	secondary	Inh PTPRK FAM19A1	Inhibitory_neurons	male_pool	M_e2;M_e33;M_e4	inhibitory::Inh PTPRK FAM19A1::AD_vs_NCI__Male__e2;inhibitory::Inh PTPRK FAM19A1::AD_vs_NCI__Male__e33;inhibitory::Inh PTPRK FAM19A1::AD_vs_NCI__Male__e4	validated_complete;validated_complete;validated_complete	AD_both_mito	1	1	6891	6555	6108	effective_query_below_minimum	skipped_effective_query_below_minimum	0	0	
mitochondrial_kda_run_manifest_v1	secondary_Inh_PTPRK_FAM19A1_e2_pool_AD_up_mito	secondary	Inh PTPRK FAM19A1	Inhibitory_neurons	e2_pool	F_e2;M_e2	inhibitory::Inh PTPRK FAM19A1::AD_vs_NCI__Female__e2;inhibitory::Inh PTPRK FAM19A1::AD_vs_NCI__Male__e2	validated_complete;validated_complete	AD_up_mito	1	1	6934	6583	6123	effective_query_below_minimum	skipped_effective_query_below_minimum	0	0	
mitochondrial_kda_run_manifest_v1	secondary_Inh_PTPRK_FAM19A1_e2_pool_AD_down_mito	secondary	Inh PTPRK FAM19A1	Inhibitory_neurons	e2_pool	F_e2;M_e2	inhibitory::Inh PTPRK FAM19A1::AD_vs_NCI__Female__e2;inhibitory::Inh PTPRK FAM19A1::AD_vs_NCI__Male__e2	validated_complete;validated_complete	AD_down_mito	0	0	6934	6583	6123	effective_query_below_minimum	skipped_effective_query_below_minimum	0	0	
mitochondrial_kda_run_manifest_v1	secondary_Inh_PTPRK_FAM19A1_e2_pool_AD_both_mito	secondary	Inh PTPRK FAM19A1	Inhibitory_neurons	e2_pool	F_e2;M_e2	inhibitory::Inh PTPRK FAM19A1::AD_vs_NCI__Female__e2;inhibitory::Inh PTPRK FAM19A1::AD_vs_NCI__Male__e2	validated_complete;validated_complete	AD_both_mito	1	1	6934	6583	6123	effective_query_below_minimum	skipped_effective_query_below_minimum	0	0	
mitochondrial_kda_run_manifest_v1	secondary_Inh_PTPRK_FAM19A1_e33_pool_AD_up_mito	secondary	Inh PTPRK FAM19A1	Inhibitory_neurons	e33_pool	F_e33;M_e33	inhibitory::Inh PTPRK FAM19A1::AD_vs_NCI__Female__e33;inhibitory::Inh PTPRK FAM19A1::AD_vs_NCI__Male__e33	validated_complete;validated_complete	AD_up_mito	3	3	7777	7454	6910	eligible	completed_significant	15	0.170000000000073	
mitochondrial_kda_run_manifest_v1	secondary_Inh_PTPRK_FAM19A1_e33_pool_AD_down_mito	secondary	Inh PTPRK FAM19A1	Inhibitory_neurons	e33_pool	F_e33;M_e33	inhibitory::Inh PTPRK FAM19A1::AD_vs_NCI__Female__e33;inhibitory::Inh PTPRK FAM19A1::AD_vs_NCI__Male__e33	validated_complete;validated_complete	AD_down_mito	1	1	7777	7454	6910	effective_query_below_minimum	skipped_effective_query_below_minimum	0	0	
mitochondrial_kda_run_manifest_v1	secondary_Inh_PTPRK_FAM19A1_e33_pool_AD_both_mito	secondary	Inh PTPRK FAM19A1	Inhibitory_neurons	e33_pool	F_e33;M_e33	inhibitory::Inh PTPRK FAM19A1::AD_vs_NCI__Female__e33;inhibitory::Inh PTPRK FAM19A1::AD_vs_NCI__Male__e33	validated_complete;validated_complete	AD_both_mito	4	4	7777	7454	6910	eligible	completed_significant	14	0.173999999999978	
mitochondrial_kda_run_manifest_v1	secondary_Inh_PTPRK_FAM19A1_e4_pool_AD_up_mito	secondary	Inh PTPRK FAM19A1	Inhibitory_neurons	e4_pool	F_e4;M_e4	inhibitory::Inh PTPRK FAM19A1::AD_vs_NCI__Female__e4;inhibitory::Inh PTPRK FAM19A1::AD_vs_NCI__Male__e4	validated_complete;validated_complete	AD_up_mito	0	0	7088	6815	6316	effective_query_below_minimum	skipped_effective_query_below_minimum	0	0	
mitochondrial_kda_run_manifest_v1	secondary_Inh_PTPRK_FAM19A1_e4_pool_AD_down_mito	secondary	Inh PTPRK FAM19A1	Inhibitory_neurons	e4_pool	F_e4;M_e4	inhibitory::Inh PTPRK FAM19A1::AD_vs_NCI__Female__e4;inhibitory::Inh PTPRK FAM19A1::AD_vs_NCI__Male__e4	validated_complete;validated_complete	AD_down_mito	1	1	7088	6815	6316	effective_query_below_minimum	skipped_effective_query_below_minimum	0	0	
mitochondrial_kda_run_manifest_v1	secondary_Inh_PTPRK_FAM19A1_e4_pool_AD_both_mito	secondary	Inh PTPRK FAM19A1	Inhibitory_neurons	e4_pool	F_e4;M_e4	inhibitory::Inh PTPRK FAM19A1::AD_vs_NCI__Female__e4;inhibitory::Inh PTPRK FAM19A1::AD_vs_NCI__Male__e4	validated_complete;validated_complete	AD_both_mito	1	1	7088	6815	6316	effective_query_below_minimum	skipped_effective_query_below_minimum	0	0	
mitochondrial_kda_run_manifest_v1	primary_Inh_PVALB_CA8_Chandelier_F_e2_AD_up_mito	primary	Inh PVALB CA8 (Chandelier)	Inhibitory_neurons	F_e2	F_e2	inhibitory::Inh PVALB CA8 (Chandelier)::AD_vs_NCI__Female__e2	validated_complete	AD_up_mito	3	3	8676	8182	7554	eligible	completed_significant	9	0.166999999999916	
mitochondrial_kda_run_manifest_v1	primary_Inh_PVALB_CA8_Chandelier_F_e2_AD_down_mito	primary	Inh PVALB CA8 (Chandelier)	Inhibitory_neurons	F_e2	F_e2	inhibitory::Inh PVALB CA8 (Chandelier)::AD_vs_NCI__Female__e2	validated_complete	AD_down_mito	0	0	8676	8182	7554	effective_query_below_minimum	skipped_effective_query_below_minimum	0	0	
mitochondrial_kda_run_manifest_v1	primary_Inh_PVALB_CA8_Chandelier_F_e2_AD_both_mito	primary	Inh PVALB CA8 (Chandelier)	Inhibitory_neurons	F_e2	F_e2	inhibitory::Inh PVALB CA8 (Chandelier)::AD_vs_NCI__Female__e2	validated_complete	AD_both_mito	3	3	8676	8182	7554	eligible	completed_significant	9	0.172000000000025	
mitochondrial_kda_run_manifest_v1	primary_Inh_PVALB_CA8_Chandelier_F_e33_AD_up_mito	primary	Inh PVALB CA8 (Chandelier)	Inhibitory_neurons	F_e33	F_e33	inhibitory::Inh PVALB CA8 (Chandelier)::AD_vs_NCI__Female__e33	validated_complete	AD_up_mito	6	6	9082	8573	7894	eligible	completed_significant	9	0.261000000000195	
mitochondrial_kda_run_manifest_v1	primary_Inh_PVALB_CA8_Chandelier_F_e33_AD_down_mito	primary	Inh PVALB CA8 (Chandelier)	Inhibitory_neurons	F_e33	F_e33	inhibitory::Inh PVALB CA8 (Chandelier)::AD_vs_NCI__Female__e33	validated_complete	AD_down_mito	9	9	9082	8573	7894	eligible	completed_significant	12	0.423999999999978	
mitochondrial_kda_run_manifest_v1	primary_Inh_PVALB_CA8_Chandelier_F_e33_AD_both_mito	primary	Inh PVALB CA8 (Chandelier)	Inhibitory_neurons	F_e33	F_e33	inhibitory::Inh PVALB CA8 (Chandelier)::AD_vs_NCI__Female__e33	validated_complete	AD_both_mito	15	15	9082	8573	7894	eligible	completed_significant	13	0.66599999999994	
mitochondrial_kda_run_manifest_v1	primary_Inh_PVALB_CA8_Chandelier_F_e4_AD_up_mito	primary	Inh PVALB CA8 (Chandelier)	Inhibitory_neurons	F_e4	F_e4	inhibitory::Inh PVALB CA8 (Chandelier)::AD_vs_NCI__Female__e4	validated_complete	AD_up_mito	0	0	8769	8269	7640	effective_query_below_minimum	skipped_effective_query_below_minimum	0	0	
mitochondrial_kda_run_manifest_v1	primary_Inh_PVALB_CA8_Chandelier_F_e4_AD_down_mito	primary	Inh PVALB CA8 (Chandelier)	Inhibitory_neurons	F_e4	F_e4	inhibitory::Inh PVALB CA8 (Chandelier)::AD_vs_NCI__Female__e4	validated_complete	AD_down_mito	13	13	8769	8269	7640	eligible	completed_significant	6	0.779999999999973	
mitochondrial_kda_run_manifest_v1	primary_Inh_PVALB_CA8_Chandelier_F_e4_AD_both_mito	primary	Inh PVALB CA8 (Chandelier)	Inhibitory_neurons	F_e4	F_e4	inhibitory::Inh PVALB CA8 (Chandelier)::AD_vs_NCI__Female__e4	validated_complete	AD_both_mito	13	13	8769	8269	7640	eligible	completed_significant	6	0.776000000000067	
mitochondrial_kda_run_manifest_v1	primary_Inh_PVALB_CA8_Chandelier_M_e2_AD_up_mito	primary	Inh PVALB CA8 (Chandelier)	Inhibitory_neurons	M_e2	M_e2	inhibitory::Inh PVALB CA8 (Chandelier)::AD_vs_NCI__Male__e2	validated_complete	AD_up_mito	5	5	9231	8539	7873	eligible	completed_no_significant	0	0.351999999999862	
mitochondrial_kda_run_manifest_v1	primary_Inh_PVALB_CA8_Chandelier_M_e2_AD_down_mito	primary	Inh PVALB CA8 (Chandelier)	Inhibitory_neurons	M_e2	M_e2	inhibitory::Inh PVALB CA8 (Chandelier)::AD_vs_NCI__Male__e2	validated_complete	AD_down_mito	9	8	9231	8539	7873	eligible	completed_no_significant	0	0.441000000000031	
mitochondrial_kda_run_manifest_v1	primary_Inh_PVALB_CA8_Chandelier_M_e2_AD_both_mito	primary	Inh PVALB CA8 (Chandelier)	Inhibitory_neurons	M_e2	M_e2	inhibitory::Inh PVALB CA8 (Chandelier)::AD_vs_NCI__Male__e2	validated_complete	AD_both_mito	14	13	9231	8539	7873	eligible	completed_no_significant	0	0.884999999999991	
mitochondrial_kda_run_manifest_v1	primary_Inh_PVALB_CA8_Chandelier_M_e33_AD_up_mito	primary	Inh PVALB CA8 (Chandelier)	Inhibitory_neurons	M_e33	M_e33	inhibitory::Inh PVALB CA8 (Chandelier)::AD_vs_NCI__Male__e33	validated_complete	AD_up_mito	0	0	8658	8217	7577	effective_query_below_minimum	skipped_effective_query_below_minimum	0	0	
mitochondrial_kda_run_manifest_v1	primary_Inh_PVALB_CA8_Chandelier_M_e33_AD_down_mito	primary	Inh PVALB CA8 (Chandelier)	Inhibitory_neurons	M_e33	M_e33	inhibitory::Inh PVALB CA8 (Chandelier)::AD_vs_NCI__Male__e33	validated_complete	AD_down_mito	8	7	8658	8217	7577	eligible	completed_significant	14	0.269999999999982	
mitochondrial_kda_run_manifest_v1	primary_Inh_PVALB_CA8_Chandelier_M_e33_AD_both_mito	primary	Inh PVALB CA8 (Chandelier)	Inhibitory_neurons	M_e33	M_e33	inhibitory::Inh PVALB CA8 (Chandelier)::AD_vs_NCI__Male__e33	validated_complete	AD_both_mito	8	7	8658	8217	7577	eligible	completed_significant	14	0.267000000000053	
mitochondrial_kda_run_manifest_v1	primary_Inh_PVALB_CA8_Chandelier_M_e4_AD_up_mito	primary	Inh PVALB CA8 (Chandelier)	Inhibitory_neurons	M_e4	M_e4	inhibitory::Inh PVALB CA8 (Chandelier)::AD_vs_NCI__Male__e4	validated_complete	AD_up_mito	2	1	8361	7992	7366	effective_query_below_minimum	skipped_effective_query_below_minimum	0	0	
mitochondrial_kda_run_manifest_v1	primary_Inh_PVALB_CA8_Chandelier_M_e4_AD_down_mito	primary	Inh PVALB CA8 (Chandelier)	Inhibitory_neurons	M_e4	M_e4	inhibitory::Inh PVALB CA8 (Chandelier)::AD_vs_NCI__Male__e4	validated_complete	AD_down_mito	7	7	8361	7992	7366	eligible	completed_significant	8	0.185999999999922	
mitochondrial_kda_run_manifest_v1	primary_Inh_PVALB_CA8_Chandelier_M_e4_AD_both_mito	primary	Inh PVALB CA8 (Chandelier)	Inhibitory_neurons	M_e4	M_e4	inhibitory::Inh PVALB CA8 (Chandelier)::AD_vs_NCI__Male__e4	validated_complete	AD_both_mito	9	8	8361	7992	7366	eligible	completed_significant	7	0.256000000000086	
mitochondrial_kda_run_manifest_v1	secondary_Inh_PVALB_CA8_Chandelier_female_pool_AD_up_mito	secondary	Inh PVALB CA8 (Chandelier)	Inhibitory_neurons	female_pool	F_e2;F_e33;F_e4	inhibitory::Inh PVALB CA8 (Chandelier)::AD_vs_NCI__Female__e2;inhibitory::Inh PVALB CA8 (Chandelier)::AD_vs_NCI__Female__e33;inhibitory::Inh PVALB CA8 (Chandelier)::AD_vs_NCI__Female__e4	validated_complete;validated_complete;validated_complete	AD_up_mito	6	6	8315	7937	7339	eligible	completed_significant	10	0.199000000000069	
mitochondrial_kda_run_manifest_v1	secondary_Inh_PVALB_CA8_Chandelier_female_pool_AD_down_mito	secondary	Inh PVALB CA8 (Chandelier)	Inhibitory_neurons	female_pool	F_e2;F_e33;F_e4	inhibitory::Inh PVALB CA8 (Chandelier)::AD_vs_NCI__Female__e2;inhibitory::Inh PVALB CA8 (Chandelier)::AD_vs_NCI__Female__e33;inhibitory::Inh PVALB CA8 (Chandelier)::AD_vs_NCI__Female__e4	validated_complete;validated_complete;validated_complete	AD_down_mito	21	21	8315	7937	7339	eligible	completed_significant	7	1.02400000000011	
mitochondrial_kda_run_manifest_v1	secondary_Inh_PVALB_CA8_Chandelier_female_pool_AD_both_mito	secondary	Inh PVALB CA8 (Chandelier)	Inhibitory_neurons	female_pool	F_e2;F_e33;F_e4	inhibitory::Inh PVALB CA8 (Chandelier)::AD_vs_NCI__Female__e2;inhibitory::Inh PVALB CA8 (Chandelier)::AD_vs_NCI__Female__e33;inhibitory::Inh PVALB CA8 (Chandelier)::AD_vs_NCI__Female__e4	validated_complete;validated_complete;validated_complete	AD_both_mito	24	24	8315	7937	7339	eligible	completed_significant	8	1.04500000000007	
mitochondrial_kda_run_manifest_v1	secondary_Inh_PVALB_CA8_Chandelier_male_pool_AD_up_mito	secondary	Inh PVALB CA8 (Chandelier)	Inhibitory_neurons	male_pool	M_e2;M_e33;M_e4	inhibitory::Inh PVALB CA8 (Chandelier)::AD_vs_NCI__Male__e2;inhibitory::Inh PVALB CA8 (Chandelier)::AD_vs_NCI__Male__e33;inhibitory::Inh PVALB CA8 (Chandelier)::AD_vs_NCI__Male__e4	validated_complete;validated_complete;validated_complete	AD_up_mito	7	6	8159	7801	7199	eligible	completed_no_significant	0	0.361000000000104	
mitochondrial_kda_run_manifest_v1	secondary_Inh_PVALB_CA8_Chandelier_male_pool_AD_down_mito	secondary	Inh PVALB CA8 (Chandelier)	Inhibitory_neurons	male_pool	M_e2;M_e33;M_e4	inhibitory::Inh PVALB CA8 (Chandelier)::AD_vs_NCI__Male__e2;inhibitory::Inh PVALB CA8 (Chandelier)::AD_vs_NCI__Male__e33;inhibitory::Inh PVALB CA8 (Chandelier)::AD_vs_NCI__Male__e4	validated_complete;validated_complete;validated_complete	AD_down_mito	24	19	8159	7801	7199	eligible	completed_significant	4	0.654999999999973	
mitochondrial_kda_run_manifest_v1	secondary_Inh_PVALB_CA8_Chandelier_male_pool_AD_both_mito	secondary	Inh PVALB CA8 (Chandelier)	Inhibitory_neurons	male_pool	M_e2;M_e33;M_e4	inhibitory::Inh PVALB CA8 (Chandelier)::AD_vs_NCI__Male__e2;inhibitory::Inh PVALB CA8 (Chandelier)::AD_vs_NCI__Male__e33;inhibitory::Inh PVALB CA8 (Chandelier)::AD_vs_NCI__Male__e4	validated_complete;validated_complete;validated_complete	AD_both_mito	31	25	8159	7801	7199	eligible	completed_significant	3	0.875999999999976	
mitochondrial_kda_run_manifest_v1	secondary_Inh_PVALB_CA8_Chandelier_e2_pool_AD_up_mito	secondary	Inh PVALB CA8 (Chandelier)	Inhibitory_neurons	e2_pool	F_e2;M_e2	inhibitory::Inh PVALB CA8 (Chandelier)::AD_vs_NCI__Female__e2;inhibitory::Inh PVALB CA8 (Chandelier)::AD_vs_NCI__Male__e2	validated_complete;validated_complete	AD_up_mito	8	8	8466	8036	7423	eligible	completed_significant	5	0.442999999999984	
mitochondrial_kda_run_manifest_v1	secondary_Inh_PVALB_CA8_Chandelier_e2_pool_AD_down_mito	secondary	Inh PVALB CA8 (Chandelier)	Inhibitory_neurons	e2_pool	F_e2;M_e2	inhibitory::Inh PVALB CA8 (Chandelier)::AD_vs_NCI__Female__e2;inhibitory::Inh PVALB CA8 (Chandelier)::AD_vs_NCI__Male__e2	validated_complete;validated_complete	AD_down_mito	9	8	8466	8036	7423	eligible	completed_no_significant	0	0.38799999999992	
mitochondrial_kda_run_manifest_v1	secondary_Inh_PVALB_CA8_Chandelier_e2_pool_AD_both_mito	secondary	Inh PVALB CA8 (Chandelier)	Inhibitory_neurons	e2_pool	F_e2;M_e2	inhibitory::Inh PVALB CA8 (Chandelier)::AD_vs_NCI__Female__e2;inhibitory::Inh PVALB CA8 (Chandelier)::AD_vs_NCI__Male__e2	validated_complete;validated_complete	AD_both_mito	17	16	8466	8036	7423	eligible	completed_significant	5	0.719000000000051	
mitochondrial_kda_run_manifest_v1	secondary_Inh_PVALB_CA8_Chandelier_e33_pool_AD_up_mito	secondary	Inh PVALB CA8 (Chandelier)	Inhibitory_neurons	e33_pool	F_e33;M_e33	inhibitory::Inh PVALB CA8 (Chandelier)::AD_vs_NCI__Female__e33;inhibitory::Inh PVALB CA8 (Chandelier)::AD_vs_NCI__Male__e33	validated_complete;validated_complete	AD_up_mito	6	6	8594	8183	7544	eligible	completed_significant	8	0.24799999999982	
mitochondrial_kda_run_manifest_v1	secondary_Inh_PVALB_CA8_Chandelier_e33_pool_AD_down_mito	secondary	Inh PVALB CA8 (Chandelier)	Inhibitory_neurons	e33_pool	F_e33;M_e33	inhibitory::Inh PVALB CA8 (Chandelier)::AD_vs_NCI__Female__e33;inhibitory::Inh PVALB CA8 (Chandelier)::AD_vs_NCI__Male__e33	validated_complete;validated_complete	AD_down_mito	17	16	8594	8183	7544	eligible	completed_significant	1	0.619999999999891	
mitochondrial_kda_run_manifest_v1	secondary_Inh_PVALB_CA8_Chandelier_e33_pool_AD_both_mito	secondary	Inh PVALB CA8 (Chandelier)	Inhibitory_neurons	e33_pool	F_e33;M_e33	inhibitory::Inh PVALB CA8 (Chandelier)::AD_vs_NCI__Female__e33;inhibitory::Inh PVALB CA8 (Chandelier)::AD_vs_NCI__Male__e33	validated_complete;validated_complete	AD_both_mito	23	22	8594	8183	7544	eligible	completed_significant	8	0.826000000000022	
mitochondrial_kda_run_manifest_v1	secondary_Inh_PVALB_CA8_Chandelier_e4_pool_AD_up_mito	secondary	Inh PVALB CA8 (Chandelier)	Inhibitory_neurons	e4_pool	F_e4;M_e4	inhibitory::Inh PVALB CA8 (Chandelier)::AD_vs_NCI__Female__e4;inhibitory::Inh PVALB CA8 (Chandelier)::AD_vs_NCI__Male__e4	validated_complete;validated_complete	AD_up_mito	2	1	8196	7856	7251	effective_query_below_minimum	skipped_effective_query_below_minimum	0	0	
mitochondrial_kda_run_manifest_v1	secondary_Inh_PVALB_CA8_Chandelier_e4_pool_AD_down_mito	secondary	Inh PVALB CA8 (Chandelier)	Inhibitory_neurons	e4_pool	F_e4;M_e4	inhibitory::Inh PVALB CA8 (Chandelier)::AD_vs_NCI__Female__e4;inhibitory::Inh PVALB CA8 (Chandelier)::AD_vs_NCI__Male__e4	validated_complete;validated_complete	AD_down_mito	20	19	8196	7856	7251	eligible	completed_significant	7	0.888999999999896	
mitochondrial_kda_run_manifest_v1	secondary_Inh_PVALB_CA8_Chandelier_e4_pool_AD_both_mito	secondary	Inh PVALB CA8 (Chandelier)	Inhibitory_neurons	e4_pool	F_e4;M_e4	inhibitory::Inh PVALB CA8 (Chandelier)::AD_vs_NCI__Female__e4;inhibitory::Inh PVALB CA8 (Chandelier)::AD_vs_NCI__Male__e4	validated_complete;validated_complete	AD_both_mito	22	20	8196	7856	7251	eligible	completed_significant	7	0.93100000000004	
mitochondrial_kda_run_manifest_v1	primary_Inh_PVALB_HTR4_F_e2_AD_up_mito	primary	Inh PVALB HTR4	Inhibitory_neurons	F_e2	F_e2	inhibitory::Inh PVALB HTR4::AD_vs_NCI__Female__e2	validated_complete	AD_up_mito	42	37	10716	9335	8606	eligible	completed_significant	15	1.48299999999995	
mitochondrial_kda_run_manifest_v1	primary_Inh_PVALB_HTR4_F_e2_AD_down_mito	primary	Inh PVALB HTR4	Inhibitory_neurons	F_e2	F_e2	inhibitory::Inh PVALB HTR4::AD_vs_NCI__Female__e2	validated_complete	AD_down_mito	22	13	10716	9335	8606	eligible	completed_significant	1	0.744999999999891	
mitochondrial_kda_run_manifest_v1	primary_Inh_PVALB_HTR4_F_e2_AD_both_mito	primary	Inh PVALB HTR4	Inhibitory_neurons	F_e2	F_e2	inhibitory::Inh PVALB HTR4::AD_vs_NCI__Female__e2	validated_complete	AD_both_mito	64	50	10716	9335	8606	eligible	completed_significant	13	1.88000000000011	
mitochondrial_kda_run_manifest_v1	primary_Inh_PVALB_HTR4_F_e33_AD_up_mito	primary	Inh PVALB HTR4	Inhibitory_neurons	F_e33	F_e33	inhibitory::Inh PVALB HTR4::AD_vs_NCI__Female__e33	validated_complete	AD_up_mito	6	5	10340	9226	8496	eligible	completed_significant	10	0.272999999999911	
mitochondrial_kda_run_manifest_v1	primary_Inh_PVALB_HTR4_F_e33_AD_down_mito	primary	Inh PVALB HTR4	Inhibitory_neurons	F_e33	F_e33	inhibitory::Inh PVALB HTR4::AD_vs_NCI__Female__e33	validated_complete	AD_down_mito	7	4	10340	9226	8496	eligible	completed_significant	9	0.164999999999964	
mitochondrial_kda_run_manifest_v1	primary_Inh_PVALB_HTR4_F_e33_AD_both_mito	primary	Inh PVALB HTR4	Inhibitory_neurons	F_e33	F_e33	inhibitory::Inh PVALB HTR4::AD_vs_NCI__Female__e33	validated_complete	AD_both_mito	13	9	10340	9226	8496	eligible	completed_significant	15	0.3599999999999	
mitochondrial_kda_run_manifest_v1	primary_Inh_PVALB_HTR4_F_e4_AD_up_mito	primary	Inh PVALB HTR4	Inhibitory_neurons	F_e4	F_e4	inhibitory::Inh PVALB HTR4::AD_vs_NCI__Female__e4	validated_complete	AD_up_mito	9	9	10313	9224	8499	eligible	completed_no_significant	0	0.416999999999916	
mitochondrial_kda_run_manifest_v1	primary_Inh_PVALB_HTR4_F_e4_AD_down_mito	primary	Inh PVALB HTR4	Inhibitory_neurons	F_e4	F_e4	inhibitory::Inh PVALB HTR4::AD_vs_NCI__Female__e4	validated_complete	AD_down_mito	92	72	10313	9224	8499	eligible	completed_significant	14	1.92700000000013	
mitochondrial_kda_run_manifest_v1	primary_Inh_PVALB_HTR4_F_e4_AD_both_mito	primary	Inh PVALB HTR4	Inhibitory_neurons	F_e4	F_e4	inhibitory::Inh PVALB HTR4::AD_vs_NCI__Female__e4	validated_complete	AD_both_mito	101	81	10313	9224	8499	eligible	completed_significant	8	2.23700000000008	
mitochondrial_kda_run_manifest_v1	primary_Inh_PVALB_HTR4_M_e2_AD_up_mito	primary	Inh PVALB HTR4	Inhibitory_neurons	M_e2	M_e2	inhibitory::Inh PVALB HTR4::AD_vs_NCI__Male__e2	validated_complete	AD_up_mito	142	100	11140	9400	8668	eligible	completed_significant	5	2.61799999999994	
mitochondrial_kda_run_manifest_v1	primary_Inh_PVALB_HTR4_M_e2_AD_down_mito	primary	Inh PVALB HTR4	Inhibitory_neurons	M_e2	M_e2	inhibitory::Inh PVALB HTR4::AD_vs_NCI__Male__e2	validated_complete	AD_down_mito	83	60	11140	9400	8668	eligible	completed_significant	15	1.5920000000001	
mitochondrial_kda_run_manifest_v1	primary_Inh_PVALB_HTR4_M_e2_AD_both_mito	primary	Inh PVALB HTR4	Inhibitory_neurons	M_e2	M_e2	inhibitory::Inh PVALB HTR4::AD_vs_NCI__Male__e2	validated_complete	AD_both_mito	225	160	11140	9400	8668	eligible	completed_significant	11	3.36199999999985	
mitochondrial_kda_run_manifest_v1	primary_Inh_PVALB_HTR4_M_e33_AD_up_mito	primary	Inh PVALB HTR4	Inhibitory_neurons	M_e33	M_e33	inhibitory::Inh PVALB HTR4::AD_vs_NCI__Male__e33	validated_complete	AD_up_mito	1	1	10279	9187	8463	effective_query_below_minimum	skipped_effective_query_below_minimum	0	0	
mitochondrial_kda_run_manifest_v1	primary_Inh_PVALB_HTR4_M_e33_AD_down_mito	primary	Inh PVALB HTR4	Inhibitory_neurons	M_e33	M_e33	inhibitory::Inh PVALB HTR4::AD_vs_NCI__Male__e33	validated_complete	AD_down_mito	10	3	10279	9187	8463	eligible	completed_significant	7	0.110000000000127	
mitochondrial_kda_run_manifest_v1	primary_Inh_PVALB_HTR4_M_e33_AD_both_mito	primary	Inh PVALB HTR4	Inhibitory_neurons	M_e33	M_e33	inhibitory::Inh PVALB HTR4::AD_vs_NCI__Male__e33	validated_complete	AD_both_mito	11	4	10279	9187	8463	eligible	completed_significant	4	0.134999999999991	
mitochondrial_kda_run_manifest_v1	primary_Inh_PVALB_HTR4_M_e4_AD_up_mito	primary	Inh PVALB HTR4	Inhibitory_neurons	M_e4	M_e4	inhibitory::Inh PVALB HTR4::AD_vs_NCI__Male__e4	validated_complete	AD_up_mito	4	3	10113	9115	8396	eligible	completed_significant	6	0.176999999999907	
mitochondrial_kda_run_manifest_v1	primary_Inh_PVALB_HTR4_M_e4_AD_down_mito	primary	Inh PVALB HTR4	Inhibitory_neurons	M_e4	M_e4	inhibitory::Inh PVALB HTR4::AD_vs_NCI__Male__e4	validated_complete	AD_down_mito	43	38	10113	9115	8396	eligible	completed_significant	8	1.24200000000019	
mitochondrial_kda_run_manifest_v1	primary_Inh_PVALB_HTR4_M_e4_AD_both_mito	primary	Inh PVALB HTR4	Inhibitory_neurons	M_e4	M_e4	inhibitory::Inh PVALB HTR4::AD_vs_NCI__Male__e4	validated_complete	AD_both_mito	47	41	10113	9115	8396	eligible	completed_significant	7	1.423	
mitochondrial_kda_run_manifest_v1	secondary_Inh_PVALB_HTR4_female_pool_AD_up_mito	secondary	Inh PVALB HTR4	Inhibitory_neurons	female_pool	F_e2;F_e33;F_e4	inhibitory::Inh PVALB HTR4::AD_vs_NCI__Female__e2;inhibitory::Inh PVALB HTR4::AD_vs_NCI__Female__e33;inhibitory::Inh PVALB HTR4::AD_vs_NCI__Female__e4	validated_complete;validated_complete;validated_complete	AD_up_mito	51	46	10082	9144	8423	eligible	completed_significant	14	1.56700000000001	
mitochondrial_kda_run_manifest_v1	secondary_Inh_PVALB_HTR4_female_pool_AD_down_mito	secondary	Inh PVALB HTR4	Inhibitory_neurons	female_pool	F_e2;F_e33;F_e4	inhibitory::Inh PVALB HTR4::AD_vs_NCI__Female__e2;inhibitory::Inh PVALB HTR4::AD_vs_NCI__Female__e33;inhibitory::Inh PVALB HTR4::AD_vs_NCI__Female__e4	validated_complete;validated_complete;validated_complete	AD_down_mito	120	88	10082	9144	8423	eligible	completed_significant	11	2.68900000000008	
mitochondrial_kda_run_manifest_v1	secondary_Inh_PVALB_HTR4_female_pool_AD_both_mito	secondary	Inh PVALB HTR4	Inhibitory_neurons	female_pool	F_e2;F_e33;F_e4	inhibitory::Inh PVALB HTR4::AD_vs_NCI__Female__e2;inhibitory::Inh PVALB HTR4::AD_vs_NCI__Female__e33;inhibitory::Inh PVALB HTR4::AD_vs_NCI__Female__e4	validated_complete;validated_complete;validated_complete	AD_both_mito	160	123	10082	9144	8423	eligible	completed_significant	21	2.85400000000004	
mitochondrial_kda_run_manifest_v1	secondary_Inh_PVALB_HTR4_male_pool_AD_up_mito	secondary	Inh PVALB HTR4	Inhibitory_neurons	male_pool	M_e2;M_e33;M_e4	inhibitory::Inh PVALB HTR4::AD_vs_NCI__Male__e2;inhibitory::Inh PVALB HTR4::AD_vs_NCI__Male__e33;inhibitory::Inh PVALB HTR4::AD_vs_NCI__Male__e4	validated_complete;validated_complete;validated_complete	AD_up_mito	146	101	10014	9076	8365	eligible	completed_significant	5	2.59199999999987	
mitochondrial_kda_run_manifest_v1	secondary_Inh_PVALB_HTR4_male_pool_AD_down_mito	secondary	Inh PVALB HTR4	Inhibitory_neurons	male_pool	M_e2;M_e33;M_e4	inhibitory::Inh PVALB HTR4::AD_vs_NCI__Male__e2;inhibitory::Inh PVALB HTR4::AD_vs_NCI__Male__e33;inhibitory::Inh PVALB HTR4::AD_vs_NCI__Male__e4	validated_complete;validated_complete;validated_complete	AD_down_mito	124	87	10014	9076	8365	eligible	completed_significant	21	1.97799999999984	
mitochondrial_kda_run_manifest_v1	secondary_Inh_PVALB_HTR4_male_pool_AD_both_mito	secondary	Inh PVALB HTR4	Inhibitory_neurons	male_pool	M_e2;M_e33;M_e4	inhibitory::Inh PVALB HTR4::AD_vs_NCI__Male__e2;inhibitory::Inh PVALB HTR4::AD_vs_NCI__Male__e33;inhibitory::Inh PVALB HTR4::AD_vs_NCI__Male__e4	validated_complete;validated_complete;validated_complete	AD_both_mito	264	184	10014	9076	8365	eligible	completed_significant	17	3.86600000000021	
mitochondrial_kda_run_manifest_v1	secondary_Inh_PVALB_HTR4_e2_pool_AD_up_mito	secondary	Inh PVALB HTR4	Inhibitory_neurons	e2_pool	F_e2;M_e2	inhibitory::Inh PVALB HTR4::AD_vs_NCI__Female__e2;inhibitory::Inh PVALB HTR4::AD_vs_NCI__Male__e2	validated_complete;validated_complete	AD_up_mito	182	134	10578	9293	8566	eligible	completed_significant	14	3.19499999999994	
mitochondrial_kda_run_manifest_v1	secondary_Inh_PVALB_HTR4_e2_pool_AD_down_mito	secondary	Inh PVALB HTR4	Inhibitory_neurons	e2_pool	F_e2;M_e2	inhibitory::Inh PVALB HTR4::AD_vs_NCI__Female__e2;inhibitory::Inh PVALB HTR4::AD_vs_NCI__Male__e2	validated_complete;validated_complete	AD_down_mito	104	70	10578	9293	8566	eligible	completed_significant	10	1.93299999999999	
mitochondrial_kda_run_manifest_v1	secondary_Inh_PVALB_HTR4_e2_pool_AD_both_mito	secondary	Inh PVALB HTR4	Inhibitory_neurons	e2_pool	F_e2;M_e2	inhibitory::Inh PVALB HTR4::AD_vs_NCI__Female__e2;inhibitory::Inh PVALB HTR4::AD_vs_NCI__Male__e2	validated_complete;validated_complete	AD_both_mito	270	190	10578	9293	8566	eligible	completed_significant	24	3.78600000000006	
mitochondrial_kda_run_manifest_v1	secondary_Inh_PVALB_HTR4_e33_pool_AD_up_mito	secondary	Inh PVALB HTR4	Inhibitory_neurons	e33_pool	F_e33;M_e33	inhibitory::Inh PVALB HTR4::AD_vs_NCI__Female__e33;inhibitory::Inh PVALB HTR4::AD_vs_NCI__Male__e33	validated_complete;validated_complete	AD_up_mito	7	6	10181	9166	8442	eligible	completed_significant	10	0.308999999999969	
mitochondrial_kda_run_manifest_v1	secondary_Inh_PVALB_HTR4_e33_pool_AD_down_mito	secondary	Inh PVALB HTR4	Inhibitory_neurons	e33_pool	F_e33;M_e33	inhibitory::Inh PVALB HTR4::AD_vs_NCI__Female__e33;inhibitory::Inh PVALB HTR4::AD_vs_NCI__Male__e33	validated_complete;validated_complete	AD_down_mito	17	7	10181	9166	8442	eligible	completed_significant	7	0.275000000000091	
mitochondrial_kda_run_manifest_v1	secondary_Inh_PVALB_HTR4_e33_pool_AD_both_mito	secondary	Inh PVALB HTR4	Inhibitory_neurons	e33_pool	F_e33;M_e33	inhibitory::Inh PVALB HTR4::AD_vs_NCI__Female__e33;inhibitory::Inh PVALB HTR4::AD_vs_NCI__Male__e33	validated_complete;validated_complete	AD_both_mito	24	13	10181	9166	8442	eligible	completed_significant	14	0.5	
mitochondrial_kda_run_manifest_v1	secondary_Inh_PVALB_HTR4_e4_pool_AD_up_mito	secondary	Inh PVALB HTR4	Inhibitory_neurons	e4_pool	F_e4;M_e4	inhibitory::Inh PVALB HTR4::AD_vs_NCI__Female__e4;inhibitory::Inh PVALB HTR4::AD_vs_NCI__Male__e4	validated_complete;validated_complete	AD_up_mito	13	12	9962	9075	8359	eligible	completed_no_significant	0	0.830999999999904	
mitochondrial_kda_run_manifest_v1	secondary_Inh_PVALB_HTR4_e4_pool_AD_down_mito	secondary	Inh PVALB HTR4	Inhibitory_neurons	e4_pool	F_e4;M_e4	inhibitory::Inh PVALB HTR4::AD_vs_NCI__Female__e4;inhibitory::Inh PVALB HTR4::AD_vs_NCI__Male__e4	validated_complete;validated_complete	AD_down_mito	122	97	9962	9075	8359	eligible	completed_significant	28	2.37299999999982	
mitochondrial_kda_run_manifest_v1	secondary_Inh_PVALB_HTR4_e4_pool_AD_both_mito	secondary	Inh PVALB HTR4	Inhibitory_neurons	e4_pool	F_e4;M_e4	inhibitory::Inh PVALB HTR4::AD_vs_NCI__Female__e4;inhibitory::Inh PVALB HTR4::AD_vs_NCI__Male__e4	validated_complete;validated_complete	AD_both_mito	134	108	9962	9075	8359	eligible	completed_significant	25	2.70499999999993	
mitochondrial_kda_run_manifest_v1	primary_Inh_PVALB_SULF1_F_e2_AD_up_mito	primary	Inh PVALB SULF1	Inhibitory_neurons	F_e2	F_e2	inhibitory::Inh PVALB SULF1::AD_vs_NCI__Female__e2	validated_complete	AD_up_mito	11	10	10295	9231	8512	eligible	completed_significant	9	0.320999999999913	
mitochondrial_kda_run_manifest_v1	primary_Inh_PVALB_SULF1_F_e2_AD_down_mito	primary	Inh PVALB SULF1	Inhibitory_neurons	F_e2	F_e2	inhibitory::Inh PVALB SULF1::AD_vs_NCI__Female__e2	validated_complete	AD_down_mito	4	2	10295	9231	8512	effective_query_below_minimum	skipped_effective_query_below_minimum	0	0	
mitochondrial_kda_run_manifest_v1	primary_Inh_PVALB_SULF1_F_e2_AD_both_mito	primary	Inh PVALB SULF1	Inhibitory_neurons	F_e2	F_e2	inhibitory::Inh PVALB SULF1::AD_vs_NCI__Female__e2	validated_complete	AD_both_mito	15	12	10295	9231	8512	eligible	completed_significant	9	0.333999999999833	
mitochondrial_kda_run_manifest_v1	primary_Inh_PVALB_SULF1_F_e33_AD_up_mito	primary	Inh PVALB SULF1	Inhibitory_neurons	F_e33	F_e33	inhibitory::Inh PVALB SULF1::AD_vs_NCI__Female__e33	validated_complete	AD_up_mito	4	4	10087	9143	8435	eligible	completed_significant	10	0.211000000000013	
mitochondrial_kda_run_manifest_v1	primary_Inh_PVALB_SULF1_F_e33_AD_down_mito	primary	Inh PVALB SULF1	Inhibitory_neurons	F_e33	F_e33	inhibitory::Inh PVALB SULF1::AD_vs_NCI__Female__e33	validated_complete	AD_down_mito	7	5	10087	9143	8435	eligible	completed_no_significant	0	0.222999999999956	
mitochondrial_kda_run_manifest_v1	primary_Inh_PVALB_SULF1_F_e33_AD_both_mito	primary	Inh PVALB SULF1	Inhibitory_neurons	F_e33	F_e33	inhibitory::Inh PVALB SULF1::AD_vs_NCI__Female__e33	validated_complete	AD_both_mito	11	9	10087	9143	8435	eligible	completed_significant	8	0.420000000000073	
mitochondrial_kda_run_manifest_v1	primary_Inh_PVALB_SULF1_F_e4_AD_up_mito	primary	Inh PVALB SULF1	Inhibitory_neurons	F_e4	F_e4	inhibitory::Inh PVALB SULF1::AD_vs_NCI__Female__e4	validated_complete	AD_up_mito	2	2	10128	9152	8438	effective_query_below_minimum	skipped_effective_query_below_minimum	0	0	
mitochondrial_kda_run_manifest_v1	primary_Inh_PVALB_SULF1_F_e4_AD_down_mito	primary	Inh PVALB SULF1	Inhibitory_neurons	F_e4	F_e4	inhibitory::Inh PVALB SULF1::AD_vs_NCI__Female__e4	validated_complete	AD_down_mito	20	17	10128	9152	8438	eligible	completed_significant	8	0.779999999999973	
mitochondrial_kda_run_manifest_v1	primary_Inh_PVALB_SULF1_F_e4_AD_both_mito	primary	Inh PVALB SULF1	Inhibitory_neurons	F_e4	F_e4	inhibitory::Inh PVALB SULF1::AD_vs_NCI__Female__e4	validated_complete	AD_both_mito	22	19	10128	9152	8438	eligible	completed_significant	8	0.831000000000131	
mitochondrial_kda_run_manifest_v1	primary_Inh_PVALB_SULF1_M_e2_AD_up_mito	primary	Inh PVALB SULF1	Inhibitory_neurons	M_e2	M_e2	inhibitory::Inh PVALB SULF1::AD_vs_NCI__Male__e2	validated_complete	AD_up_mito	21	18	10512	9249	8529	eligible	completed_no_significant	0	0.832999999999856	
mitochondrial_kda_run_manifest_v1	primary_Inh_PVALB_SULF1_M_e2_AD_down_mito	primary	Inh PVALB SULF1	Inhibitory_neurons	M_e2	M_e2	inhibitory::Inh PVALB SULF1::AD_vs_NCI__Male__e2	validated_complete	AD_down_mito	35	29	10512	9249	8529	eligible	completed_significant	5	1.08100000000013	
mitochondrial_kda_run_manifest_v1	primary_Inh_PVALB_SULF1_M_e2_AD_both_mito	primary	Inh PVALB SULF1	Inhibitory_neurons	M_e2	M_e2	inhibitory::Inh PVALB SULF1::AD_vs_NCI__Male__e2	validated_complete	AD_both_mito	56	47	10512	9249	8529	eligible	completed_significant	3	1.89699999999993	
mitochondrial_kda_run_manifest_v1	primary_Inh_PVALB_SULF1_M_e33_AD_up_mito	primary	Inh PVALB SULF1	Inhibitory_neurons	M_e33	M_e33	inhibitory::Inh PVALB SULF1::AD_vs_NCI__Male__e33	validated_complete	AD_up_mito	7	5	9903	9030	8332	eligible	completed_significant	10	0.176999999999907	
mitochondrial_kda_run_manifest_v1	primary_Inh_PVALB_SULF1_M_e33_AD_down_mito	primary	Inh PVALB SULF1	Inhibitory_neurons	M_e33	M_e33	inhibitory::Inh PVALB SULF1::AD_vs_NCI__Male__e33	validated_complete	AD_down_mito	7	5	9903	9030	8332	eligible	completed_significant	9	0.273999999999887	
mitochondrial_kda_run_manifest_v1	primary_Inh_PVALB_SULF1_M_e33_AD_both_mito	primary	Inh PVALB SULF1	Inhibitory_neurons	M_e33	M_e33	inhibitory::Inh PVALB SULF1::AD_vs_NCI__Male__e33	validated_complete	AD_both_mito	14	10	9903	9030	8332	eligible	completed_significant	13	0.410000000000082	
mitochondrial_kda_run_manifest_v1	primary_Inh_PVALB_SULF1_M_e4_AD_up_mito	primary	Inh PVALB SULF1	Inhibitory_neurons	M_e4	M_e4	inhibitory::Inh PVALB SULF1::AD_vs_NCI__Male__e4	validated_complete	AD_up_mito	0	0	9911	9047	8348	effective_query_below_minimum	skipped_effective_query_below_minimum	0	0	
mitochondrial_kda_run_manifest_v1	primary_Inh_PVALB_SULF1_M_e4_AD_down_mito	primary	Inh PVALB SULF1	Inhibitory_neurons	M_e4	M_e4	inhibitory::Inh PVALB SULF1::AD_vs_NCI__Male__e4	validated_complete	AD_down_mito	5	4	9911	9047	8348	eligible	completed_no_significant	0	0.297000000000025	
mitochondrial_kda_run_manifest_v1	primary_Inh_PVALB_SULF1_M_e4_AD_both_mito	primary	Inh PVALB SULF1	Inhibitory_neurons	M_e4	M_e4	inhibitory::Inh PVALB SULF1::AD_vs_NCI__Male__e4	validated_complete	AD_both_mito	5	4	9911	9047	8348	eligible	completed_no_significant	0	0.291999999999916	
mitochondrial_kda_run_manifest_v1	secondary_Inh_PVALB_SULF1_female_pool_AD_up_mito	secondary	Inh PVALB SULF1	Inhibitory_neurons	female_pool	F_e2;F_e33;F_e4	inhibitory::Inh PVALB SULF1::AD_vs_NCI__Female__e2;inhibitory::Inh PVALB SULF1::AD_vs_NCI__Female__e33;inhibitory::Inh PVALB SULF1::AD_vs_NCI__Female__e4	validated_complete;validated_complete;validated_complete	AD_up_mito	13	12	9799	9009	8314	eligible	completed_significant	8	0.333000000000084	
mitochondrial_kda_run_manifest_v1	secondary_Inh_PVALB_SULF1_female_pool_AD_down_mito	secondary	Inh PVALB SULF1	Inhibitory_neurons	female_pool	F_e2;F_e33;F_e4	inhibitory::Inh PVALB SULF1::AD_vs_NCI__Female__e2;inhibitory::Inh PVALB SULF1::AD_vs_NCI__Female__e33;inhibitory::Inh PVALB SULF1::AD_vs_NCI__Female__e4	validated_complete;validated_complete;validated_complete	AD_down_mito	30	22	9799	9009	8314	eligible	completed_significant	8	0.84699999999998	
mitochondrial_kda_run_manifest_v1	secondary_Inh_PVALB_SULF1_female_pool_AD_both_mito	secondary	Inh PVALB SULF1	Inhibitory_neurons	female_pool	F_e2;F_e33;F_e4	inhibitory::Inh PVALB SULF1::AD_vs_NCI__Female__e2;inhibitory::Inh PVALB SULF1::AD_vs_NCI__Female__e33;inhibitory::Inh PVALB SULF1::AD_vs_NCI__Female__e4	validated_complete;validated_complete;validated_complete	AD_both_mito	39	30	9799	9009	8314	eligible	completed_significant	8	0.932000000000016	
mitochondrial_kda_run_manifest_v1	secondary_Inh_PVALB_SULF1_male_pool_AD_up_mito	secondary	Inh PVALB SULF1	Inhibitory_neurons	male_pool	M_e2;M_e33;M_e4	inhibitory::Inh PVALB SULF1::AD_vs_NCI__Male__e2;inhibitory::Inh PVALB SULF1::AD_vs_NCI__Male__e33;inhibitory::Inh PVALB SULF1::AD_vs_NCI__Male__e4	validated_complete;validated_complete;validated_complete	AD_up_mito	28	21	9678	8932	8243	eligible	completed_significant	1	0.799999999999955	
mitochondrial_kda_run_manifest_v1	secondary_Inh_PVALB_SULF1_male_pool_AD_down_mito	secondary	Inh PVALB SULF1	Inhibitory_neurons	male_pool	M_e2;M_e33;M_e4	inhibitory::Inh PVALB SULF1::AD_vs_NCI__Male__e2;inhibitory::Inh PVALB SULF1::AD_vs_NCI__Male__e33;inhibitory::Inh PVALB SULF1::AD_vs_NCI__Male__e4	validated_complete;validated_complete;validated_complete	AD_down_mito	47	38	9678	8932	8243	eligible	completed_significant	4	1.28200000000015	
mitochondrial_kda_run_manifest_v1	secondary_Inh_PVALB_SULF1_male_pool_AD_both_mito	secondary	Inh PVALB SULF1	Inhibitory_neurons	male_pool	M_e2;M_e33;M_e4	inhibitory::Inh PVALB SULF1::AD_vs_NCI__Male__e2;inhibitory::Inh PVALB SULF1::AD_vs_NCI__Male__e33;inhibitory::Inh PVALB SULF1::AD_vs_NCI__Male__e4	validated_complete;validated_complete;validated_complete	AD_both_mito	75	59	9678	8932	8243	eligible	completed_significant	3	1.88799999999992	
mitochondrial_kda_run_manifest_v1	secondary_Inh_PVALB_SULF1_e2_pool_AD_up_mito	secondary	Inh PVALB SULF1	Inhibitory_neurons	e2_pool	F_e2;M_e2	inhibitory::Inh PVALB SULF1::AD_vs_NCI__Female__e2;inhibitory::Inh PVALB SULF1::AD_vs_NCI__Male__e2	validated_complete;validated_complete	AD_up_mito	32	28	10049	9129	8417	eligible	completed_significant	7	1.11599999999999	
mitochondrial_kda_run_manifest_v1	secondary_Inh_PVALB_SULF1_e2_pool_AD_down_mito	secondary	Inh PVALB SULF1	Inhibitory_neurons	e2_pool	F_e2;M_e2	inhibitory::Inh PVALB SULF1::AD_vs_NCI__Female__e2;inhibitory::Inh PVALB SULF1::AD_vs_NCI__Male__e2	validated_complete;validated_complete	AD_down_mito	39	31	10049	9129	8417	eligible	completed_significant	5	1.06200000000013	
mitochondrial_kda_run_manifest_v1	secondary_Inh_PVALB_SULF1_e2_pool_AD_both_mito	secondary	Inh PVALB SULF1	Inhibitory_neurons	e2_pool	F_e2;M_e2	inhibitory::Inh PVALB SULF1::AD_vs_NCI__Female__e2;inhibitory::Inh PVALB SULF1::AD_vs_NCI__Male__e2	validated_complete;validated_complete	AD_both_mito	71	59	10049	9129	8417	eligible	completed_significant	10	2.11599999999999	
mitochondrial_kda_run_manifest_v1	secondary_Inh_PVALB_SULF1_e33_pool_AD_up_mito	secondary	Inh PVALB SULF1	Inhibitory_neurons	e33_pool	F_e33;M_e33	inhibitory::Inh PVALB SULF1::AD_vs_NCI__Female__e33;inhibitory::Inh PVALB SULF1::AD_vs_NCI__Male__e33	validated_complete;validated_complete	AD_up_mito	10	8	9835	9019	8321	eligible	completed_significant	10	0.317999999999984	
mitochondrial_kda_run_manifest_v1	secondary_Inh_PVALB_SULF1_e33_pool_AD_down_mito	secondary	Inh PVALB SULF1	Inhibitory_neurons	e33_pool	F_e33;M_e33	inhibitory::Inh PVALB SULF1::AD_vs_NCI__Female__e33;inhibitory::Inh PVALB SULF1::AD_vs_NCI__Male__e33	validated_complete;validated_complete	AD_down_mito	14	10	9835	9019	8321	eligible	completed_no_significant	0	0.488000000000056	
mitochondrial_kda_run_manifest_v1	secondary_Inh_PVALB_SULF1_e33_pool_AD_both_mito	secondary	Inh PVALB SULF1	Inhibitory_neurons	e33_pool	F_e33;M_e33	inhibitory::Inh PVALB SULF1::AD_vs_NCI__Female__e33;inhibitory::Inh PVALB SULF1::AD_vs_NCI__Male__e33	validated_complete;validated_complete	AD_both_mito	24	18	9835	9019	8321	eligible	completed_significant	8	0.740000000000009	
mitochondrial_kda_run_manifest_v1	secondary_Inh_PVALB_SULF1_e4_pool_AD_up_mito	secondary	Inh PVALB SULF1	Inhibitory_neurons	e4_pool	F_e4;M_e4	inhibitory::Inh PVALB SULF1::AD_vs_NCI__Female__e4;inhibitory::Inh PVALB SULF1::AD_vs_NCI__Male__e4	validated_complete;validated_complete	AD_up_mito	2	2	9761	8989	8297	effective_query_below_minimum	skipped_effective_query_below_minimum	0	0	
mitochondrial_kda_run_manifest_v1	secondary_Inh_PVALB_SULF1_e4_pool_AD_down_mito	secondary	Inh PVALB SULF1	Inhibitory_neurons	e4_pool	F_e4;M_e4	inhibitory::Inh PVALB SULF1::AD_vs_NCI__Female__e4;inhibitory::Inh PVALB SULF1::AD_vs_NCI__Male__e4	validated_complete;validated_complete	AD_down_mito	24	19	9761	8989	8297	eligible	completed_significant	8	0.923000000000002	
mitochondrial_kda_run_manifest_v1	secondary_Inh_PVALB_SULF1_e4_pool_AD_both_mito	secondary	Inh PVALB SULF1	Inhibitory_neurons	e4_pool	F_e4;M_e4	inhibitory::Inh PVALB SULF1::AD_vs_NCI__Female__e4;inhibitory::Inh PVALB SULF1::AD_vs_NCI__Male__e4	validated_complete;validated_complete	AD_both_mito	26	21	9761	8989	8297	eligible	completed_significant	8	0.983000000000175	
mitochondrial_kda_run_manifest_v1	primary_Inh_RYR3_TSHZ2_F_e2_AD_up_mito	primary	Inh RYR3 TSHZ2	Inhibitory_neurons	F_e2	F_e2	inhibitory::Inh RYR3 TSHZ2::AD_vs_NCI__Female__e2	validated_complete	AD_up_mito	4	4	8142	7757	7169	eligible	completed_significant	10	0.170000000000073	
mitochondrial_kda_run_manifest_v1	primary_Inh_RYR3_TSHZ2_F_e2_AD_down_mito	primary	Inh RYR3 TSHZ2	Inhibitory_neurons	F_e2	F_e2	inhibitory::Inh RYR3 TSHZ2::AD_vs_NCI__Female__e2	validated_complete	AD_down_mito	0	0	8142	7757	7169	effective_query_below_minimum	skipped_effective_query_below_minimum	0	0	
mitochondrial_kda_run_manifest_v1	primary_Inh_RYR3_TSHZ2_F_e2_AD_both_mito	primary	Inh RYR3 TSHZ2	Inhibitory_neurons	F_e2	F_e2	inhibitory::Inh RYR3 TSHZ2::AD_vs_NCI__Female__e2	validated_complete	AD_both_mito	4	4	8142	7757	7169	eligible	completed_significant	10	0.175999999999931	
mitochondrial_kda_run_manifest_v1	primary_Inh_RYR3_TSHZ2_F_e33_AD_up_mito	primary	Inh RYR3 TSHZ2	Inhibitory_neurons	F_e33	F_e33	inhibitory::Inh RYR3 TSHZ2::AD_vs_NCI__Female__e33	validated_complete	AD_up_mito	9	9	8578	8146	7508	eligible	completed_significant	10	0.221000000000004	
mitochondrial_kda_run_manifest_v1	primary_Inh_RYR3_TSHZ2_F_e33_AD_down_mito	primary	Inh RYR3 TSHZ2	Inhibitory_neurons	F_e33	F_e33	inhibitory::Inh RYR3 TSHZ2::AD_vs_NCI__Female__e33	validated_complete	AD_down_mito	3	2	8578	8146	7508	effective_query_below_minimum	skipped_effective_query_below_minimum	0	0	
mitochondrial_kda_run_manifest_v1	primary_Inh_RYR3_TSHZ2_F_e33_AD_both_mito	primary	Inh RYR3 TSHZ2	Inhibitory_neurons	F_e33	F_e33	inhibitory::Inh RYR3 TSHZ2::AD_vs_NCI__Female__e33	validated_complete	AD_both_mito	12	11	8578	8146	7508	eligible	completed_significant	12	0.322000000000116	
mitochondrial_kda_run_manifest_v1	primary_Inh_RYR3_TSHZ2_F_e4_AD_up_mito	primary	Inh RYR3 TSHZ2	Inhibitory_neurons	F_e4	F_e4	inhibitory::Inh RYR3 TSHZ2::AD_vs_NCI__Female__e4	validated_complete	AD_up_mito	0	0	8572	8115	7492	effective_query_below_minimum	skipped_effective_query_below_minimum	0	0	
mitochondrial_kda_run_manifest_v1	primary_Inh_RYR3_TSHZ2_F_e4_AD_down_mito	primary	Inh RYR3 TSHZ2	Inhibitory_neurons	F_e4	F_e4	inhibitory::Inh RYR3 TSHZ2::AD_vs_NCI__Female__e4	validated_complete	AD_down_mito	9	7	8572	8115	7492	eligible	completed_significant	14	0.340000000000146	
mitochondrial_kda_run_manifest_v1	primary_Inh_RYR3_TSHZ2_F_e4_AD_both_mito	primary	Inh RYR3 TSHZ2	Inhibitory_neurons	F_e4	F_e4	inhibitory::Inh RYR3 TSHZ2::AD_vs_NCI__Female__e4	validated_complete	AD_both_mito	9	7	8572	8115	7492	eligible	completed_significant	14	0.336000000000013	
mitochondrial_kda_run_manifest_v1	primary_Inh_RYR3_TSHZ2_M_e2_AD_up_mito	primary	Inh RYR3 TSHZ2	Inhibitory_neurons	M_e2	M_e2	inhibitory::Inh RYR3 TSHZ2::AD_vs_NCI__Male__e2	validated_complete	AD_up_mito	10	8	7997	7581	7023	eligible	completed_no_significant	0	0.56899999999996	
mitochondrial_kda_run_manifest_v1	primary_Inh_RYR3_TSHZ2_M_e2_AD_down_mito	primary	Inh RYR3 TSHZ2	Inhibitory_neurons	M_e2	M_e2	inhibitory::Inh RYR3 TSHZ2::AD_vs_NCI__Male__e2	validated_complete	AD_down_mito	29	27	7997	7581	7023	eligible	completed_significant	10	0.883999999999787	
mitochondrial_kda_run_manifest_v1	primary_Inh_RYR3_TSHZ2_M_e2_AD_both_mito	primary	Inh RYR3 TSHZ2	Inhibitory_neurons	M_e2	M_e2	inhibitory::Inh RYR3 TSHZ2::AD_vs_NCI__Male__e2	validated_complete	AD_both_mito	39	35	7997	7581	7023	eligible	completed_significant	8	1.3599999999999	
mitochondrial_kda_run_manifest_v1	primary_Inh_RYR3_TSHZ2_M_e33_AD_up_mito	primary	Inh RYR3 TSHZ2	Inhibitory_neurons	M_e33	M_e33	inhibitory::Inh RYR3 TSHZ2::AD_vs_NCI__Male__e33	validated_complete	AD_up_mito	1	1	8203	7820	7226	effective_query_below_minimum	skipped_effective_query_below_minimum	0	0	
mitochondrial_kda_run_manifest_v1	primary_Inh_RYR3_TSHZ2_M_e33_AD_down_mito	primary	Inh RYR3 TSHZ2	Inhibitory_neurons	M_e33	M_e33	inhibitory::Inh RYR3 TSHZ2::AD_vs_NCI__Male__e33	validated_complete	AD_down_mito	2	1	8203	7820	7226	effective_query_below_minimum	skipped_effective_query_below_minimum	0	0	
mitochondrial_kda_run_manifest_v1	primary_Inh_RYR3_TSHZ2_M_e33_AD_both_mito	primary	Inh RYR3 TSHZ2	Inhibitory_neurons	M_e33	M_e33	inhibitory::Inh RYR3 TSHZ2::AD_vs_NCI__Male__e33	validated_complete	AD_both_mito	3	2	8203	7820	7226	effective_query_below_minimum	skipped_effective_query_below_minimum	0	0	
mitochondrial_kda_run_manifest_v1	primary_Inh_RYR3_TSHZ2_M_e4_AD_up_mito	primary	Inh RYR3 TSHZ2	Inhibitory_neurons	M_e4	M_e4	inhibitory::Inh RYR3 TSHZ2::AD_vs_NCI__Male__e4	validated_complete	AD_up_mito	0	0	7722	7395	6831	effective_query_below_minimum	skipped_effective_query_below_minimum	0	0	
mitochondrial_kda_run_manifest_v1	primary_Inh_RYR3_TSHZ2_M_e4_AD_down_mito	primary	Inh RYR3 TSHZ2	Inhibitory_neurons	M_e4	M_e4	inhibitory::Inh RYR3 TSHZ2::AD_vs_NCI__Male__e4	validated_complete	AD_down_mito	5	3	7722	7395	6831	eligible	completed_significant	7	0.162000000000035	
mitochondrial_kda_run_manifest_v1	primary_Inh_RYR3_TSHZ2_M_e4_AD_both_mito	primary	Inh RYR3 TSHZ2	Inhibitory_neurons	M_e4	M_e4	inhibitory::Inh RYR3 TSHZ2::AD_vs_NCI__Male__e4	validated_complete	AD_both_mito	5	3	7722	7395	6831	eligible	completed_significant	7	0.158999999999878	
mitochondrial_kda_run_manifest_v1	secondary_Inh_RYR3_TSHZ2_female_pool_AD_up_mito	secondary	Inh RYR3 TSHZ2	Inhibitory_neurons	female_pool	F_e2;F_e33;F_e4	inhibitory::Inh RYR3 TSHZ2::AD_vs_NCI__Female__e2;inhibitory::Inh RYR3 TSHZ2::AD_vs_NCI__Female__e33;inhibitory::Inh RYR3 TSHZ2::AD_vs_NCI__Female__e4	validated_complete;validated_complete;validated_complete	AD_up_mito	9	9	7927	7581	7010	eligible	completed_significant	10	0.212999999999965	
mitochondrial_kda_run_manifest_v1	secondary_Inh_RYR3_TSHZ2_female_pool_AD_down_mito	secondary	Inh RYR3 TSHZ2	Inhibitory_neurons	female_pool	F_e2;F_e33;F_e4	inhibitory::Inh RYR3 TSHZ2::AD_vs_NCI__Female__e2;inhibitory::Inh RYR3 TSHZ2::AD_vs_NCI__Female__e33;inhibitory::Inh RYR3 TSHZ2::AD_vs_NCI__Female__e4	validated_complete;validated_complete;validated_complete	AD_down_mito	12	9	7927	7581	7010	eligible	completed_significant	14	0.3900000000001	
mitochondrial_kda_run_manifest_v1	secondary_Inh_RYR3_TSHZ2_female_pool_AD_both_mito	secondary	Inh RYR3 TSHZ2	Inhibitory_neurons	female_pool	F_e2;F_e33;F_e4	inhibitory::Inh RYR3 TSHZ2::AD_vs_NCI__Female__e2;inhibitory::Inh RYR3 TSHZ2::AD_vs_NCI__Female__e33;inhibitory::Inh RYR3 TSHZ2::AD_vs_NCI__Female__e4	validated_complete;validated_complete;validated_complete	AD_both_mito	17	14	7927	7581	7010	eligible	completed_significant	14	0.422000000000025	
mitochondrial_kda_run_manifest_v1	secondary_Inh_RYR3_TSHZ2_male_pool_AD_up_mito	secondary	Inh RYR3 TSHZ2	Inhibitory_neurons	male_pool	M_e2;M_e33;M_e4	inhibitory::Inh RYR3 TSHZ2::AD_vs_NCI__Male__e2;inhibitory::Inh RYR3 TSHZ2::AD_vs_NCI__Male__e33;inhibitory::Inh RYR3 TSHZ2::AD_vs_NCI__Male__e4	validated_complete;validated_complete;validated_complete	AD_up_mito	11	9	7490	7178	6651	eligible	completed_no_significant	0	0.583000000000084	
mitochondrial_kda_run_manifest_v1	secondary_Inh_RYR3_TSHZ2_male_pool_AD_down_mito	secondary	Inh RYR3 TSHZ2	Inhibitory_neurons	male_pool	M_e2;M_e33;M_e4	inhibitory::Inh RYR3 TSHZ2::AD_vs_NCI__Male__e2;inhibitory::Inh RYR3 TSHZ2::AD_vs_NCI__Male__e33;inhibitory::Inh RYR3 TSHZ2::AD_vs_NCI__Male__e4	validated_complete;validated_complete;validated_complete	AD_down_mito	35	29	7490	7178	6651	eligible	completed_significant	11	1.08799999999997	
mitochondrial_kda_run_manifest_v1	secondary_Inh_RYR3_TSHZ2_male_pool_AD_both_mito	secondary	Inh RYR3 TSHZ2	Inhibitory_neurons	male_pool	M_e2;M_e33;M_e4	inhibitory::Inh RYR3 TSHZ2::AD_vs_NCI__Male__e2;inhibitory::Inh RYR3 TSHZ2::AD_vs_NCI__Male__e33;inhibitory::Inh RYR3 TSHZ2::AD_vs_NCI__Male__e4	validated_complete;validated_complete;validated_complete	AD_both_mito	46	38	7490	7178	6651	eligible	completed_significant	10	1.25899999999979	
mitochondrial_kda_run_manifest_v1	secondary_Inh_RYR3_TSHZ2_e2_pool_AD_up_mito	secondary	Inh RYR3 TSHZ2	Inhibitory_neurons	e2_pool	F_e2;M_e2	inhibitory::Inh RYR3 TSHZ2::AD_vs_NCI__Female__e2;inhibitory::Inh RYR3 TSHZ2::AD_vs_NCI__Male__e2	validated_complete;validated_complete	AD_up_mito	14	12	7664	7327	6792	eligible	completed_significant	6	0.688999999999851	
mitochondrial_kda_run_manifest_v1	secondary_Inh_RYR3_TSHZ2_e2_pool_AD_down_mito	secondary	Inh RYR3 TSHZ2	Inhibitory_neurons	e2_pool	F_e2;M_e2	inhibitory::Inh RYR3 TSHZ2::AD_vs_NCI__Female__e2;inhibitory::Inh RYR3 TSHZ2::AD_vs_NCI__Male__e2	validated_complete;validated_complete	AD_down_mito	29	26	7664	7327	6792	eligible	completed_significant	10	0.794999999999845	
mitochondrial_kda_run_manifest_v1	secondary_Inh_RYR3_TSHZ2_e2_pool_AD_both_mito	secondary	Inh RYR3 TSHZ2	Inhibitory_neurons	e2_pool	F_e2;M_e2	inhibitory::Inh RYR3 TSHZ2::AD_vs_NCI__Female__e2;inhibitory::Inh RYR3 TSHZ2::AD_vs_NCI__Male__e2	validated_complete;validated_complete	AD_both_mito	42	37	7664	7327	6792	eligible	completed_significant	16	1.33100000000013	
mitochondrial_kda_run_manifest_v1	secondary_Inh_RYR3_TSHZ2_e33_pool_AD_up_mito	secondary	Inh RYR3 TSHZ2	Inhibitory_neurons	e33_pool	F_e33;M_e33	inhibitory::Inh RYR3 TSHZ2::AD_vs_NCI__Female__e33;inhibitory::Inh RYR3 TSHZ2::AD_vs_NCI__Male__e33	validated_complete;validated_complete	AD_up_mito	10	10	8146	7788	7193	eligible	completed_significant	10	0.238000000000056	
mitochondrial_kda_run_manifest_v1	secondary_Inh_RYR3_TSHZ2_e33_pool_AD_down_mito	secondary	Inh RYR3 TSHZ2	Inhibitory_neurons	e33_pool	F_e33;M_e33	inhibitory::Inh RYR3 TSHZ2::AD_vs_NCI__Female__e33;inhibitory::Inh RYR3 TSHZ2::AD_vs_NCI__Male__e33	validated_complete;validated_complete	AD_down_mito	5	3	8146	7788	7193	eligible	completed_significant	17	0.176000000000158	
mitochondrial_kda_run_manifest_v1	secondary_Inh_RYR3_TSHZ2_e33_pool_AD_both_mito	secondary	Inh RYR3 TSHZ2	Inhibitory_neurons	e33_pool	F_e33;M_e33	inhibitory::Inh RYR3 TSHZ2::AD_vs_NCI__Female__e33;inhibitory::Inh RYR3 TSHZ2::AD_vs_NCI__Male__e33	validated_complete;validated_complete	AD_both_mito	15	13	8146	7788	7193	eligible	completed_significant	7	0.392000000000053	
mitochondrial_kda_run_manifest_v1	secondary_Inh_RYR3_TSHZ2_e4_pool_AD_up_mito	secondary	Inh RYR3 TSHZ2	Inhibitory_neurons	e4_pool	F_e4;M_e4	inhibitory::Inh RYR3 TSHZ2::AD_vs_NCI__Female__e4;inhibitory::Inh RYR3 TSHZ2::AD_vs_NCI__Male__e4	validated_complete;validated_complete	AD_up_mito	0	0	7678	7362	6806	effective_query_below_minimum	skipped_effective_query_below_minimum	0	0	
mitochondrial_kda_run_manifest_v1	secondary_Inh_RYR3_TSHZ2_e4_pool_AD_down_mito	secondary	Inh RYR3 TSHZ2	Inhibitory_neurons	e4_pool	F_e4;M_e4	inhibitory::Inh RYR3 TSHZ2::AD_vs_NCI__Female__e4;inhibitory::Inh RYR3 TSHZ2::AD_vs_NCI__Male__e4	validated_complete;validated_complete	AD_down_mito	14	9	7678	7362	6806	eligible	completed_significant	13	0.394000000000005	
mitochondrial_kda_run_manifest_v1	secondary_Inh_RYR3_TSHZ2_e4_pool_AD_both_mito	secondary	Inh RYR3 TSHZ2	Inhibitory_neurons	e4_pool	F_e4;M_e4	inhibitory::Inh RYR3 TSHZ2::AD_vs_NCI__Female__e4;inhibitory::Inh RYR3 TSHZ2::AD_vs_NCI__Male__e4	validated_complete;validated_complete	AD_both_mito	14	9	7678	7362	6806	eligible	completed_significant	13	0.398000000000138	
mitochondrial_kda_run_manifest_v1	primary_Inh_SGCD_PDE3A_F_e2_AD_up_mito	primary	Inh SGCD PDE3A	Inhibitory_neurons	F_e2	F_e2	inhibitory::Inh SGCD PDE3A::AD_vs_NCI__Female__e2	validated_complete	AD_up_mito	0	0	11247	9512	8758	effective_query_below_minimum	skipped_effective_query_below_minimum	0	0	
mitochondrial_kda_run_manifest_v1	primary_Inh_SGCD_PDE3A_F_e2_AD_down_mito	primary	Inh SGCD PDE3A	Inhibitory_neurons	F_e2	F_e2	inhibitory::Inh SGCD PDE3A::AD_vs_NCI__Female__e2	validated_complete	AD_down_mito	0	0	11247	9512	8758	effective_query_below_minimum	skipped_effective_query_below_minimum	0	0	
mitochondrial_kda_run_manifest_v1	primary_Inh_SGCD_PDE3A_F_e2_AD_both_mito	primary	Inh SGCD PDE3A	Inhibitory_neurons	F_e2	F_e2	inhibitory::Inh SGCD PDE3A::AD_vs_NCI__Female__e2	validated_complete	AD_both_mito	0	0	11247	9512	8758	effective_query_below_minimum	skipped_effective_query_below_minimum	0	0	
mitochondrial_kda_run_manifest_v1	primary_Inh_SGCD_PDE3A_F_e33_AD_up_mito	primary	Inh SGCD PDE3A	Inhibitory_neurons	F_e33	F_e33	inhibitory::Inh SGCD PDE3A::AD_vs_NCI__Female__e33	validated_complete	AD_up_mito	0	0	10941	9485	8737	effective_query_below_minimum	skipped_effective_query_below_minimum	0	0	
mitochondrial_kda_run_manifest_v1	primary_Inh_SGCD_PDE3A_F_e33_AD_down_mito	primary	Inh SGCD PDE3A	Inhibitory_neurons	F_e33	F_e33	inhibitory::Inh SGCD PDE3A::AD_vs_NCI__Female__e33	validated_complete	AD_down_mito	0	0	10941	9485	8737	effective_query_below_minimum	skipped_effective_query_below_minimum	0	0	
mitochondrial_kda_run_manifest_v1	primary_Inh_SGCD_PDE3A_F_e33_AD_both_mito	primary	Inh SGCD PDE3A	Inhibitory_neurons	F_e33	F_e33	inhibitory::Inh SGCD PDE3A::AD_vs_NCI__Female__e33	validated_complete	AD_both_mito	0	0	10941	9485	8737	effective_query_below_minimum	skipped_effective_query_below_minimum	0	0	
mitochondrial_kda_run_manifest_v1	primary_Inh_SGCD_PDE3A_F_e4_AD_up_mito	primary	Inh SGCD PDE3A	Inhibitory_neurons	F_e4	F_e4	inhibitory::Inh SGCD PDE3A::AD_vs_NCI__Female__e4	validated_complete	AD_up_mito	0	0	10936	9460	8717	effective_query_below_minimum	skipped_effective_query_below_minimum	0	0	
mitochondrial_kda_run_manifest_v1	primary_Inh_SGCD_PDE3A_F_e4_AD_down_mito	primary	Inh SGCD PDE3A	Inhibitory_neurons	F_e4	F_e4	inhibitory::Inh SGCD PDE3A::AD_vs_NCI__Female__e4	validated_complete	AD_down_mito	0	0	10936	9460	8717	effective_query_below_minimum	skipped_effective_query_below_minimum	0	0	
mitochondrial_kda_run_manifest_v1	primary_Inh_SGCD_PDE3A_F_e4_AD_both_mito	primary	Inh SGCD PDE3A	Inhibitory_neurons	F_e4	F_e4	inhibitory::Inh SGCD PDE3A::AD_vs_NCI__Female__e4	validated_complete	AD_both_mito	0	0	10936	9460	8717	effective_query_below_minimum	skipped_effective_query_below_minimum	0	0	
mitochondrial_kda_run_manifest_v1	primary_Inh_SGCD_PDE3A_M_e2_AD_up_mito	primary	Inh SGCD PDE3A	Inhibitory_neurons	M_e2	M_e2	inhibitory::Inh SGCD PDE3A::AD_vs_NCI__Male__e2	validated_complete	AD_up_mito	0	0	10812	9264	8529	effective_query_below_minimum	skipped_effective_query_below_minimum	0	0	
mitochondrial_kda_run_manifest_v1	primary_Inh_SGCD_PDE3A_M_e2_AD_down_mito	primary	Inh SGCD PDE3A	Inhibitory_neurons	M_e2	M_e2	inhibitory::Inh SGCD PDE3A::AD_vs_NCI__Male__e2	validated_complete	AD_down_mito	0	0	10812	9264	8529	effective_query_below_minimum	skipped_effective_query_below_minimum	0	0	
mitochondrial_kda_run_manifest_v1	primary_Inh_SGCD_PDE3A_M_e2_AD_both_mito	primary	Inh SGCD PDE3A	Inhibitory_neurons	M_e2	M_e2	inhibitory::Inh SGCD PDE3A::AD_vs_NCI__Male__e2	validated_complete	AD_both_mito	0	0	10812	9264	8529	effective_query_below_minimum	skipped_effective_query_below_minimum	0	0	
mitochondrial_kda_run_manifest_v1	primary_Inh_SGCD_PDE3A_M_e33_AD_up_mito	primary	Inh SGCD PDE3A	Inhibitory_neurons	M_e33	M_e33	inhibitory::Inh SGCD PDE3A::AD_vs_NCI__Male__e33	validated_complete	AD_up_mito	0	0	10793	9443	8699	effective_query_below_minimum	skipped_effective_query_below_minimum	0	0	
mitochondrial_kda_run_manifest_v1	primary_Inh_SGCD_PDE3A_M_e33_AD_down_mito	primary	Inh SGCD PDE3A	Inhibitory_neurons	M_e33	M_e33	inhibitory::Inh SGCD PDE3A::AD_vs_NCI__Male__e33	validated_complete	AD_down_mito	0	0	10793	9443	8699	effective_query_below_minimum	skipped_effective_query_below_minimum	0	0	
mitochondrial_kda_run_manifest_v1	primary_Inh_SGCD_PDE3A_M_e33_AD_both_mito	primary	Inh SGCD PDE3A	Inhibitory_neurons	M_e33	M_e33	inhibitory::Inh SGCD PDE3A::AD_vs_NCI__Male__e33	validated_complete	AD_both_mito	0	0	10793	9443	8699	effective_query_below_minimum	skipped_effective_query_below_minimum	0	0	
mitochondrial_kda_run_manifest_v1	primary_Inh_SGCD_PDE3A_M_e4_AD_up_mito	primary	Inh SGCD PDE3A	Inhibitory_neurons	M_e4	M_e4	inhibitory::Inh SGCD PDE3A::AD_vs_NCI__Male__e4	validated_complete	AD_up_mito	0	0	10711	9411	8668	effective_query_below_minimum	skipped_effective_query_below_minimum	0	0	
mitochondrial_kda_run_manifest_v1	primary_Inh_SGCD_PDE3A_M_e4_AD_down_mito	primary	Inh SGCD PDE3A	Inhibitory_neurons	M_e4	M_e4	inhibitory::Inh SGCD PDE3A::AD_vs_NCI__Male__e4	validated_complete	AD_down_mito	0	0	10711	9411	8668	effective_query_below_minimum	skipped_effective_query_below_minimum	0	0	
mitochondrial_kda_run_manifest_v1	primary_Inh_SGCD_PDE3A_M_e4_AD_both_mito	primary	Inh SGCD PDE3A	Inhibitory_neurons	M_e4	M_e4	inhibitory::Inh SGCD PDE3A::AD_vs_NCI__Male__e4	validated_complete	AD_both_mito	0	0	10711	9411	8668	effective_query_below_minimum	skipped_effective_query_below_minimum	0	0	
mitochondrial_kda_run_manifest_v1	secondary_Inh_SGCD_PDE3A_female_pool_AD_up_mito	secondary	Inh SGCD PDE3A	Inhibitory_neurons	female_pool	F_e2;F_e33;F_e4	inhibitory::Inh SGCD PDE3A::AD_vs_NCI__Female__e2;inhibitory::Inh SGCD PDE3A::AD_vs_NCI__Female__e33;inhibitory::Inh SGCD PDE3A::AD_vs_NCI__Female__e4	validated_complete;validated_complete;validated_complete	AD_up_mito	0	0	10435	9330	8590	effective_query_below_minimum	skipped_effective_query_below_minimum	0	0	
mitochondrial_kda_run_manifest_v1	secondary_Inh_SGCD_PDE3A_female_pool_AD_down_mito	secondary	Inh SGCD PDE3A	Inhibitory_neurons	female_pool	F_e2;F_e33;F_e4	inhibitory::Inh SGCD PDE3A::AD_vs_NCI__Female__e2;inhibitory::Inh SGCD PDE3A::AD_vs_NCI__Female__e33;inhibitory::Inh SGCD PDE3A::AD_vs_NCI__Female__e4	validated_complete;validated_complete;validated_complete	AD_down_mito	0	0	10435	9330	8590	effective_query_below_minimum	skipped_effective_query_below_minimum	0	0	
mitochondrial_kda_run_manifest_v1	secondary_Inh_SGCD_PDE3A_female_pool_AD_both_mito	secondary	Inh SGCD PDE3A	Inhibitory_neurons	female_pool	F_e2;F_e33;F_e4	inhibitory::Inh SGCD PDE3A::AD_vs_NCI__Female__e2;inhibitory::Inh SGCD PDE3A::AD_vs_NCI__Female__e33;inhibitory::Inh SGCD PDE3A::AD_vs_NCI__Female__e4	validated_complete;validated_complete;validated_complete	AD_both_mito	0	0	10435	9330	8590	effective_query_below_minimum	skipped_effective_query_below_minimum	0	0	
mitochondrial_kda_run_manifest_v1	secondary_Inh_SGCD_PDE3A_male_pool_AD_up_mito	secondary	Inh SGCD PDE3A	Inhibitory_neurons	male_pool	M_e2;M_e33;M_e4	inhibitory::Inh SGCD PDE3A::AD_vs_NCI__Male__e2;inhibitory::Inh SGCD PDE3A::AD_vs_NCI__Male__e33;inhibitory::Inh SGCD PDE3A::AD_vs_NCI__Male__e4	validated_complete;validated_complete;validated_complete	AD_up_mito	0	0	10005	9114	8394	effective_query_below_minimum	skipped_effective_query_below_minimum	0	0	
mitochondrial_kda_run_manifest_v1	secondary_Inh_SGCD_PDE3A_male_pool_AD_down_mito	secondary	Inh SGCD PDE3A	Inhibitory_neurons	male_pool	M_e2;M_e33;M_e4	inhibitory::Inh SGCD PDE3A::AD_vs_NCI__Male__e2;inhibitory::Inh SGCD PDE3A::AD_vs_NCI__Male__e33;inhibitory::Inh SGCD PDE3A::AD_vs_NCI__Male__e4	validated_complete;validated_complete;validated_complete	AD_down_mito	0	0	10005	9114	8394	effective_query_below_minimum	skipped_effective_query_below_minimum	0	0	
mitochondrial_kda_run_manifest_v1	secondary_Inh_SGCD_PDE3A_male_pool_AD_both_mito	secondary	Inh SGCD PDE3A	Inhibitory_neurons	male_pool	M_e2;M_e33;M_e4	inhibitory::Inh SGCD PDE3A::AD_vs_NCI__Male__e2;inhibitory::Inh SGCD PDE3A::AD_vs_NCI__Male__e33;inhibitory::Inh SGCD PDE3A::AD_vs_NCI__Male__e4	validated_complete;validated_complete;validated_complete	AD_both_mito	0	0	10005	9114	8394	effective_query_below_minimum	skipped_effective_query_below_minimum	0	0	
mitochondrial_kda_run_manifest_v1	secondary_Inh_SGCD_PDE3A_e2_pool_AD_up_mito	secondary	Inh SGCD PDE3A	Inhibitory_neurons	e2_pool	F_e2;M_e2	inhibitory::Inh SGCD PDE3A::AD_vs_NCI__Female__e2;inhibitory::Inh SGCD PDE3A::AD_vs_NCI__Male__e2	validated_complete;validated_complete	AD_up_mito	0	0	10314	9176	8445	effective_query_below_minimum	skipped_effective_query_below_minimum	0	0	
mitochondrial_kda_run_manifest_v1	secondary_Inh_SGCD_PDE3A_e2_pool_AD_down_mito	secondary	Inh SGCD PDE3A	Inhibitory_neurons	e2_pool	F_e2;M_e2	inhibitory::Inh SGCD PDE3A::AD_vs_NCI__Female__e2;inhibitory::Inh SGCD PDE3A::AD_vs_NCI__Male__e2	validated_complete;validated_complete	AD_down_mito	0	0	10314	9176	8445	effective_query_below_minimum	skipped_effective_query_below_minimum	0	0	
mitochondrial_kda_run_manifest_v1	secondary_Inh_SGCD_PDE3A_e2_pool_AD_both_mito	secondary	Inh SGCD PDE3A	Inhibitory_neurons	e2_pool	F_e2;M_e2	inhibitory::Inh SGCD PDE3A::AD_vs_NCI__Female__e2;inhibitory::Inh SGCD PDE3A::AD_vs_NCI__Male__e2	validated_complete;validated_complete	AD_both_mito	0	0	10314	9176	8445	effective_query_below_minimum	skipped_effective_query_below_minimum	0	0	
mitochondrial_kda_run_manifest_v1	secondary_Inh_SGCD_PDE3A_e33_pool_AD_up_mito	secondary	Inh SGCD PDE3A	Inhibitory_neurons	e33_pool	F_e33;M_e33	inhibitory::Inh SGCD PDE3A::AD_vs_NCI__Female__e33;inhibitory::Inh SGCD PDE3A::AD_vs_NCI__Male__e33	validated_complete;validated_complete	AD_up_mito	0	0	10622	9399	8658	effective_query_below_minimum	skipped_effective_query_below_minimum	0	0	
mitochondrial_kda_run_manifest_v1	secondary_Inh_SGCD_PDE3A_e33_pool_AD_down_mito	secondary	Inh SGCD PDE3A	Inhibitory_neurons	e33_pool	F_e33;M_e33	inhibitory::Inh SGCD PDE3A::AD_vs_NCI__Female__e33;inhibitory::Inh SGCD PDE3A::AD_vs_NCI__Male__e33	validated_complete;validated_complete	AD_down_mito	0	0	10622	9399	8658	effective_query_below_minimum	skipped_effective_query_below_minimum	0	0	
mitochondrial_kda_run_manifest_v1	secondary_Inh_SGCD_PDE3A_e33_pool_AD_both_mito	secondary	Inh SGCD PDE3A	Inhibitory_neurons	e33_pool	F_e33;M_e33	inhibitory::Inh SGCD PDE3A::AD_vs_NCI__Female__e33;inhibitory::Inh SGCD PDE3A::AD_vs_NCI__Male__e33	validated_complete;validated_complete	AD_both_mito	0	0	10622	9399	8658	effective_query_below_minimum	skipped_effective_query_below_minimum	0	0	
mitochondrial_kda_run_manifest_v1	secondary_Inh_SGCD_PDE3A_e4_pool_AD_up_mito	secondary	Inh SGCD PDE3A	Inhibitory_neurons	e4_pool	F_e4;M_e4	inhibitory::Inh SGCD PDE3A::AD_vs_NCI__Female__e4;inhibitory::Inh SGCD PDE3A::AD_vs_NCI__Male__e4	validated_complete;validated_complete	AD_up_mito	0	0	10438	9328	8593	effective_query_below_minimum	skipped_effective_query_below_minimum	0	0	
mitochondrial_kda_run_manifest_v1	secondary_Inh_SGCD_PDE3A_e4_pool_AD_down_mito	secondary	Inh SGCD PDE3A	Inhibitory_neurons	e4_pool	F_e4;M_e4	inhibitory::Inh SGCD PDE3A::AD_vs_NCI__Female__e4;inhibitory::Inh SGCD PDE3A::AD_vs_NCI__Male__e4	validated_complete;validated_complete	AD_down_mito	0	0	10438	9328	8593	effective_query_below_minimum	skipped_effective_query_below_minimum	0	0	
mitochondrial_kda_run_manifest_v1	secondary_Inh_SGCD_PDE3A_e4_pool_AD_both_mito	secondary	Inh SGCD PDE3A	Inhibitory_neurons	e4_pool	F_e4;M_e4	inhibitory::Inh SGCD PDE3A::AD_vs_NCI__Female__e4;inhibitory::Inh SGCD PDE3A::AD_vs_NCI__Male__e4	validated_complete;validated_complete	AD_both_mito	0	0	10438	9328	8593	effective_query_below_minimum	skipped_effective_query_below_minimum	0	0	
mitochondrial_kda_run_manifest_v1	primary_Inh_SORCS1_TTN_F_e2_AD_up_mito	primary	Inh SORCS1 TTN	Inhibitory_neurons	F_e2	F_e2	inhibitory::Inh SORCS1 TTN::AD_vs_NCI__Female__e2	validated_complete	AD_up_mito	1	1	7457	7096	6578	effective_query_below_minimum	skipped_effective_query_below_minimum	0	0	
mitochondrial_kda_run_manifest_v1	primary_Inh_SORCS1_TTN_F_e2_AD_down_mito	primary	Inh SORCS1 TTN	Inhibitory_neurons	F_e2	F_e2	inhibitory::Inh SORCS1 TTN::AD_vs_NCI__Female__e2	validated_complete	AD_down_mito	0	0	7457	7096	6578	effective_query_below_minimum	skipped_effective_query_below_minimum	0	0	
mitochondrial_kda_run_manifest_v1	primary_Inh_SORCS1_TTN_F_e2_AD_both_mito	primary	Inh SORCS1 TTN	Inhibitory_neurons	F_e2	F_e2	inhibitory::Inh SORCS1 TTN::AD_vs_NCI__Female__e2	validated_complete	AD_both_mito	1	1	7457	7096	6578	effective_query_below_minimum	skipped_effective_query_below_minimum	0	0	
mitochondrial_kda_run_manifest_v1	primary_Inh_SORCS1_TTN_F_e33_AD_up_mito	primary	Inh SORCS1 TTN	Inhibitory_neurons	F_e33	F_e33	inhibitory::Inh SORCS1 TTN::AD_vs_NCI__Female__e33	validated_complete	AD_up_mito	10	10	7742	7348	6806	eligible	completed_significant	8	0.183999999999969	
mitochondrial_kda_run_manifest_v1	primary_Inh_SORCS1_TTN_F_e33_AD_down_mito	primary	Inh SORCS1 TTN	Inhibitory_neurons	F_e33	F_e33	inhibitory::Inh SORCS1 TTN::AD_vs_NCI__Female__e33	validated_complete	AD_down_mito	1	1	7742	7348	6806	effective_query_below_minimum	skipped_effective_query_below_minimum	0	0	
mitochondrial_kda_run_manifest_v1	primary_Inh_SORCS1_TTN_F_e33_AD_both_mito	primary	Inh SORCS1 TTN	Inhibitory_neurons	F_e33	F_e33	inhibitory::Inh SORCS1 TTN::AD_vs_NCI__Female__e33	validated_complete	AD_both_mito	11	11	7742	7348	6806	eligible	completed_significant	7	0.249000000000024	
mitochondrial_kda_run_manifest_v1	primary_Inh_SORCS1_TTN_F_e4_AD_up_mito	primary	Inh SORCS1 TTN	Inhibitory_neurons	F_e4	F_e4	inhibitory::Inh SORCS1 TTN::AD_vs_NCI__Female__e4	validated_complete	AD_up_mito	0	0	7127	6825	6314	effective_query_below_minimum	skipped_effective_query_below_minimum	0	0	
mitochondrial_kda_run_manifest_v1	primary_Inh_SORCS1_TTN_F_e4_AD_down_mito	primary	Inh SORCS1 TTN	Inhibitory_neurons	F_e4	F_e4	inhibitory::Inh SORCS1 TTN::AD_vs_NCI__Female__e4	validated_complete	AD_down_mito	1	1	7127	6825	6314	effective_query_below_minimum	skipped_effective_query_below_minimum	0	0	
mitochondrial_kda_run_manifest_v1	primary_Inh_SORCS1_TTN_F_e4_AD_both_mito	primary	Inh SORCS1 TTN	Inhibitory_neurons	F_e4	F_e4	inhibitory::Inh SORCS1 TTN::AD_vs_NCI__Female__e4	validated_complete	AD_both_mito	1	1	7127	6825	6314	effective_query_below_minimum	skipped_effective_query_below_minimum	0	0	
mitochondrial_kda_run_manifest_v1	primary_Inh_SORCS1_TTN_M_e2_AD_up_mito	primary	Inh SORCS1 TTN	Inhibitory_neurons	M_e2	M_e2	inhibitory::Inh SORCS1 TTN::AD_vs_NCI__Male__e2	validated_complete	AD_up_mito	0	0	7618	7182	6667	effective_query_below_minimum	skipped_effective_query_below_minimum	0	0	
mitochondrial_kda_run_manifest_v1	primary_Inh_SORCS1_TTN_M_e2_AD_down_mito	primary	Inh SORCS1 TTN	Inhibitory_neurons	M_e2	M_e2	inhibitory::Inh SORCS1 TTN::AD_vs_NCI__Male__e2	validated_complete	AD_down_mito	0	0	7618	7182	6667	effective_query_below_minimum	skipped_effective_query_below_minimum	0	0	
mitochondrial_kda_run_manifest_v1	primary_Inh_SORCS1_TTN_M_e2_AD_both_mito	primary	Inh SORCS1 TTN	Inhibitory_neurons	M_e2	M_e2	inhibitory::Inh SORCS1 TTN::AD_vs_NCI__Male__e2	validated_complete	AD_both_mito	0	0	7618	7182	6667	effective_query_below_minimum	skipped_effective_query_below_minimum	0	0	
mitochondrial_kda_run_manifest_v1	primary_Inh_SORCS1_TTN_M_e33_AD_up_mito	primary	Inh SORCS1 TTN	Inhibitory_neurons	M_e33	M_e33	inhibitory::Inh SORCS1 TTN::AD_vs_NCI__Male__e33	validated_complete	AD_up_mito	0	0	7818	7441	6886	effective_query_below_minimum	skipped_effective_query_below_minimum	0	0	
mitochondrial_kda_run_manifest_v1	primary_Inh_SORCS1_TTN_M_e33_AD_down_mito	primary	Inh SORCS1 TTN	Inhibitory_neurons	M_e33	M_e33	inhibitory::Inh SORCS1 TTN::AD_vs_NCI__Male__e33	validated_complete	AD_down_mito	1	1	7818	7441	6886	effective_query_below_minimum	skipped_effective_query_below_minimum	0	0	
mitochondrial_kda_run_manifest_v1	primary_Inh_SORCS1_TTN_M_e33_AD_both_mito	primary	Inh SORCS1 TTN	Inhibitory_neurons	M_e33	M_e33	inhibitory::Inh SORCS1 TTN::AD_vs_NCI__Male__e33	validated_complete	AD_both_mito	1	1	7818	7441	6886	effective_query_below_minimum	skipped_effective_query_below_minimum	0	0	
mitochondrial_kda_run_manifest_v1	primary_Inh_SORCS1_TTN_M_e4_AD_up_mito	primary	Inh SORCS1 TTN	Inhibitory_neurons	M_e4	M_e4	inhibitory::Inh SORCS1 TTN::AD_vs_NCI__Male__e4	validated_complete	AD_up_mito	0	0	7379	7061	6534	effective_query_below_minimum	skipped_effective_query_below_minimum	0	0	
mitochondrial_kda_run_manifest_v1	primary_Inh_SORCS1_TTN_M_e4_AD_down_mito	primary	Inh SORCS1 TTN	Inhibitory_neurons	M_e4	M_e4	inhibitory::Inh SORCS1 TTN::AD_vs_NCI__Male__e4	validated_complete	AD_down_mito	1	1	7379	7061	6534	effective_query_below_minimum	skipped_effective_query_below_minimum	0	0	
mitochondrial_kda_run_manifest_v1	primary_Inh_SORCS1_TTN_M_e4_AD_both_mito	primary	Inh SORCS1 TTN	Inhibitory_neurons	M_e4	M_e4	inhibitory::Inh SORCS1 TTN::AD_vs_NCI__Male__e4	validated_complete	AD_both_mito	1	1	7379	7061	6534	effective_query_below_minimum	skipped_effective_query_below_minimum	0	0	
mitochondrial_kda_run_manifest_v1	secondary_Inh_SORCS1_TTN_female_pool_AD_up_mito	secondary	Inh SORCS1 TTN	Inhibitory_neurons	female_pool	F_e2;F_e33;F_e4	inhibitory::Inh SORCS1 TTN::AD_vs_NCI__Female__e2;inhibitory::Inh SORCS1 TTN::AD_vs_NCI__Female__e33;inhibitory::Inh SORCS1 TTN::AD_vs_NCI__Female__e4	validated_complete;validated_complete;validated_complete	AD_up_mito	10	10	6841	6562	6089	eligible	completed_significant	8	0.125999999999976	
mitochondrial_kda_run_manifest_v1	secondary_Inh_SORCS1_TTN_female_pool_AD_down_mito	secondary	Inh SORCS1 TTN	Inhibitory_neurons	female_pool	F_e2;F_e33;F_e4	inhibitory::Inh SORCS1 TTN::AD_vs_NCI__Female__e2;inhibitory::Inh SORCS1 TTN::AD_vs_NCI__Female__e33;inhibitory::Inh SORCS1 TTN::AD_vs_NCI__Female__e4	validated_complete;validated_complete;validated_complete	AD_down_mito	2	2	6841	6562	6089	effective_query_below_minimum	skipped_effective_query_below_minimum	0	0	
mitochondrial_kda_run_manifest_v1	secondary_Inh_SORCS1_TTN_female_pool_AD_both_mito	secondary	Inh SORCS1 TTN	Inhibitory_neurons	female_pool	F_e2;F_e33;F_e4	inhibitory::Inh SORCS1 TTN::AD_vs_NCI__Female__e2;inhibitory::Inh SORCS1 TTN::AD_vs_NCI__Female__e33;inhibitory::Inh SORCS1 TTN::AD_vs_NCI__Female__e4	validated_complete;validated_complete;validated_complete	AD_both_mito	11	11	6841	6562	6089	eligible	completed_significant	7	0.211999999999989	
mitochondrial_kda_run_manifest_v1	secondary_Inh_SORCS1_TTN_male_pool_AD_up_mito	secondary	Inh SORCS1 TTN	Inhibitory_neurons	male_pool	M_e2;M_e33;M_e4	inhibitory::Inh SORCS1 TTN::AD_vs_NCI__Male__e2;inhibitory::Inh SORCS1 TTN::AD_vs_NCI__Male__e33;inhibitory::Inh SORCS1 TTN::AD_vs_NCI__Male__e4	validated_complete;validated_complete;validated_complete	AD_up_mito	0	0	6921	6624	6151	effective_query_below_minimum	skipped_effective_query_below_minimum	0	0	
mitochondrial_kda_run_manifest_v1	secondary_Inh_SORCS1_TTN_male_pool_AD_down_mito	secondary	Inh SORCS1 TTN	Inhibitory_neurons	male_pool	M_e2;M_e33;M_e4	inhibitory::Inh SORCS1 TTN::AD_vs_NCI__Male__e2;inhibitory::Inh SORCS1 TTN::AD_vs_NCI__Male__e33;inhibitory::Inh SORCS1 TTN::AD_vs_NCI__Male__e4	validated_complete;validated_complete;validated_complete	AD_down_mito	2	2	6921	6624	6151	effective_query_below_minimum	skipped_effective_query_below_minimum	0	0	
mitochondrial_kda_run_manifest_v1	secondary_Inh_SORCS1_TTN_male_pool_AD_both_mito	secondary	Inh SORCS1 TTN	Inhibitory_neurons	male_pool	M_e2;M_e33;M_e4	inhibitory::Inh SORCS1 TTN::AD_vs_NCI__Male__e2;inhibitory::Inh SORCS1 TTN::AD_vs_NCI__Male__e33;inhibitory::Inh SORCS1 TTN::AD_vs_NCI__Male__e4	validated_complete;validated_complete;validated_complete	AD_both_mito	2	2	6921	6624	6151	effective_query_below_minimum	skipped_effective_query_below_minimum	0	0	
mitochondrial_kda_run_manifest_v1	secondary_Inh_SORCS1_TTN_e2_pool_AD_up_mito	secondary	Inh SORCS1 TTN	Inhibitory_neurons	e2_pool	F_e2;M_e2	inhibitory::Inh SORCS1 TTN::AD_vs_NCI__Female__e2;inhibitory::Inh SORCS1 TTN::AD_vs_NCI__Male__e2	validated_complete;validated_complete	AD_up_mito	1	1	6987	6664	6193	effective_query_below_minimum	skipped_effective_query_below_minimum	0	0	
mitochondrial_kda_run_manifest_v1	secondary_Inh_SORCS1_TTN_e2_pool_AD_down_mito	secondary	Inh SORCS1 TTN	Inhibitory_neurons	e2_pool	F_e2;M_e2	inhibitory::Inh SORCS1 TTN::AD_vs_NCI__Female__e2;inhibitory::Inh SORCS1 TTN::AD_vs_NCI__Male__e2	validated_complete;validated_complete	AD_down_mito	0	0	6987	6664	6193	effective_query_below_minimum	skipped_effective_query_below_minimum	0	0	
mitochondrial_kda_run_manifest_v1	secondary_Inh_SORCS1_TTN_e2_pool_AD_both_mito	secondary	Inh SORCS1 TTN	Inhibitory_neurons	e2_pool	F_e2;M_e2	inhibitory::Inh SORCS1 TTN::AD_vs_NCI__Female__e2;inhibitory::Inh SORCS1 TTN::AD_vs_NCI__Male__e2	validated_complete;validated_complete	AD_both_mito	1	1	6987	6664	6193	effective_query_below_minimum	skipped_effective_query_below_minimum	0	0	
mitochondrial_kda_run_manifest_v1	secondary_Inh_SORCS1_TTN_e33_pool_AD_up_mito	secondary	Inh SORCS1 TTN	Inhibitory_neurons	e33_pool	F_e33;M_e33	inhibitory::Inh SORCS1 TTN::AD_vs_NCI__Female__e33;inhibitory::Inh SORCS1 TTN::AD_vs_NCI__Male__e33	validated_complete;validated_complete	AD_up_mito	10	10	7565	7214	6689	eligible	completed_significant	8	0.171000000000049	
mitochondrial_kda_run_manifest_v1	secondary_Inh_SORCS1_TTN_e33_pool_AD_down_mito	secondary	Inh SORCS1 TTN	Inhibitory_neurons	e33_pool	F_e33;M_e33	inhibitory::Inh SORCS1 TTN::AD_vs_NCI__Female__e33;inhibitory::Inh SORCS1 TTN::AD_vs_NCI__Male__e33	validated_complete;validated_complete	AD_down_mito	2	2	7565	7214	6689	effective_query_below_minimum	skipped_effective_query_below_minimum	0	0	
mitochondrial_kda_run_manifest_v1	secondary_Inh_SORCS1_TTN_e33_pool_AD_both_mito	secondary	Inh SORCS1 TTN	Inhibitory_neurons	e33_pool	F_e33;M_e33	inhibitory::Inh SORCS1 TTN::AD_vs_NCI__Female__e33;inhibitory::Inh SORCS1 TTN::AD_vs_NCI__Male__e33	validated_complete;validated_complete	AD_both_mito	12	12	7565	7214	6689	eligible	completed_significant	6	0.300999999999931	
mitochondrial_kda_run_manifest_v1	secondary_Inh_SORCS1_TTN_e4_pool_AD_up_mito	secondary	Inh SORCS1 TTN	Inhibitory_neurons	e4_pool	F_e4;M_e4	inhibitory::Inh SORCS1 TTN::AD_vs_NCI__Female__e4;inhibitory::Inh SORCS1 TTN::AD_vs_NCI__Male__e4	validated_complete;validated_complete	AD_up_mito	0	0	6851	6577	6100	effective_query_below_minimum	skipped_effective_query_below_minimum	0	0	
mitochondrial_kda_run_manifest_v1	secondary_Inh_SORCS1_TTN_e4_pool_AD_down_mito	secondary	Inh SORCS1 TTN	Inhibitory_neurons	e4_pool	F_e4;M_e4	inhibitory::Inh SORCS1 TTN::AD_vs_NCI__Female__e4;inhibitory::Inh SORCS1 TTN::AD_vs_NCI__Male__e4	validated_complete;validated_complete	AD_down_mito	2	2	6851	6577	6100	effective_query_below_minimum	skipped_effective_query_below_minimum	0	0	
mitochondrial_kda_run_manifest_v1	secondary_Inh_SORCS1_TTN_e4_pool_AD_both_mito	secondary	Inh SORCS1 TTN	Inhibitory_neurons	e4_pool	F_e4;M_e4	inhibitory::Inh SORCS1 TTN::AD_vs_NCI__Female__e4;inhibitory::Inh SORCS1 TTN::AD_vs_NCI__Male__e4	validated_complete;validated_complete	AD_both_mito	2	2	6851	6577	6100	effective_query_below_minimum	skipped_effective_query_below_minimum	0	0	
mitochondrial_kda_run_manifest_v1	primary_Inh_VIP_ABI3BP_F_e2_AD_up_mito	primary	Inh VIP ABI3BP	Inhibitory_neurons	F_e2	F_e2	inhibitory::Inh VIP ABI3BP::AD_vs_NCI__Female__e2	validated_complete	AD_up_mito	2	2	9834	9029	8322	effective_query_below_minimum	skipped_effective_query_below_minimum	0	0	
mitochondrial_kda_run_manifest_v1	primary_Inh_VIP_ABI3BP_F_e2_AD_down_mito	primary	Inh VIP ABI3BP	Inhibitory_neurons	F_e2	F_e2	inhibitory::Inh VIP ABI3BP::AD_vs_NCI__Female__e2	validated_complete	AD_down_mito	1	1	9834	9029	8322	effective_query_below_minimum	skipped_effective_query_below_minimum	0	0	
mitochondrial_kda_run_manifest_v1	primary_Inh_VIP_ABI3BP_F_e2_AD_both_mito	primary	Inh VIP ABI3BP	Inhibitory_neurons	F_e2	F_e2	inhibitory::Inh VIP ABI3BP::AD_vs_NCI__Female__e2	validated_complete	AD_both_mito	3	3	9834	9029	8322	eligible	completed_significant	12	0.231999999999971	
mitochondrial_kda_run_manifest_v1	primary_Inh_VIP_ABI3BP_F_e33_AD_up_mito	primary	Inh VIP ABI3BP	Inhibitory_neurons	F_e33	F_e33	inhibitory::Inh VIP ABI3BP::AD_vs_NCI__Female__e33	validated_complete	AD_up_mito	6	6	10013	9144	8422	eligible	completed_significant	11	0.275000000000091	
mitochondrial_kda_run_manifest_v1	primary_Inh_VIP_ABI3BP_F_e33_AD_down_mito	primary	Inh VIP ABI3BP	Inhibitory_neurons	F_e33	F_e33	inhibitory::Inh VIP ABI3BP::AD_vs_NCI__Female__e33	validated_complete	AD_down_mito	2	2	10013	9144	8422	effective_query_below_minimum	skipped_effective_query_below_minimum	0	0	
mitochondrial_kda_run_manifest_v1	primary_Inh_VIP_ABI3BP_F_e33_AD_both_mito	primary	Inh VIP ABI3BP	Inhibitory_neurons	F_e33	F_e33	inhibitory::Inh VIP ABI3BP::AD_vs_NCI__Female__e33	validated_complete	AD_both_mito	8	8	10013	9144	8422	eligible	completed_significant	15	0.327999999999975	
mitochondrial_kda_run_manifest_v1	primary_Inh_VIP_ABI3BP_F_e4_AD_up_mito	primary	Inh VIP ABI3BP	Inhibitory_neurons	F_e4	F_e4	inhibitory::Inh VIP ABI3BP::AD_vs_NCI__Female__e4	validated_complete	AD_up_mito	2	2	10059	9147	8420	effective_query_below_minimum	skipped_effective_query_below_minimum	0	0	
mitochondrial_kda_run_manifest_v1	primary_Inh_VIP_ABI3BP_F_e4_AD_down_mito	primary	Inh VIP ABI3BP	Inhibitory_neurons	F_e4	F_e4	inhibitory::Inh VIP ABI3BP::AD_vs_NCI__Female__e4	validated_complete	AD_down_mito	3	3	10059	9147	8420	eligible	completed_significant	3	0.227999999999838	
mitochondrial_kda_run_manifest_v1	primary_Inh_VIP_ABI3BP_F_e4_AD_both_mito	primary	Inh VIP ABI3BP	Inhibitory_neurons	F_e4	F_e4	inhibitory::Inh VIP ABI3BP::AD_vs_NCI__Female__e4	validated_complete	AD_both_mito	5	5	10059	9147	8420	eligible	completed_no_significant	0	0.279999999999973	
mitochondrial_kda_run_manifest_v1	primary_Inh_VIP_ABI3BP_M_e2_AD_up_mito	primary	Inh VIP ABI3BP	Inhibitory_neurons	M_e2	M_e2	inhibitory::Inh VIP ABI3BP::AD_vs_NCI__Male__e2	validated_complete	AD_up_mito	1	1	10139	9155	8427	effective_query_below_minimum	skipped_effective_query_below_minimum	0	0	
mitochondrial_kda_run_manifest_v1	primary_Inh_VIP_ABI3BP_M_e2_AD_down_mito	primary	Inh VIP ABI3BP	Inhibitory_neurons	M_e2	M_e2	inhibitory::Inh VIP ABI3BP::AD_vs_NCI__Male__e2	validated_complete	AD_down_mito	2	2	10139	9155	8427	effective_query_below_minimum	skipped_effective_query_below_minimum	0	0	
mitochondrial_kda_run_manifest_v1	primary_Inh_VIP_ABI3BP_M_e2_AD_both_mito	primary	Inh VIP ABI3BP	Inhibitory_neurons	M_e2	M_e2	inhibitory::Inh VIP ABI3BP::AD_vs_NCI__Male__e2	validated_complete	AD_both_mito	3	3	10139	9155	8427	eligible	completed_significant	10	0.255999999999858	
mitochondrial_kda_run_manifest_v1	primary_Inh_VIP_ABI3BP_M_e33_AD_up_mito	primary	Inh VIP ABI3BP	Inhibitory_neurons	M_e33	M_e33	inhibitory::Inh VIP ABI3BP::AD_vs_NCI__Male__e33	validated_complete	AD_up_mito	0	0	9673	8958	8251	effective_query_below_minimum	skipped_effective_query_below_minimum	0	0	
mitochondrial_kda_run_manifest_v1	primary_Inh_VIP_ABI3BP_M_e33_AD_down_mito	primary	Inh VIP ABI3BP	Inhibitory_neurons	M_e33	M_e33	inhibitory::Inh VIP ABI3BP::AD_vs_NCI__Male__e33	validated_complete	AD_down_mito	1	1	9673	8958	8251	effective_query_below_minimum	skipped_effective_query_below_minimum	0	0	
mitochondrial_kda_run_manifest_v1	primary_Inh_VIP_ABI3BP_M_e33_AD_both_mito	primary	Inh VIP ABI3BP	Inhibitory_neurons	M_e33	M_e33	inhibitory::Inh VIP ABI3BP::AD_vs_NCI__Male__e33	validated_complete	AD_both_mito	1	1	9673	8958	8251	effective_query_below_minimum	skipped_effective_query_below_minimum	0	0	
mitochondrial_kda_run_manifest_v1	primary_Inh_VIP_ABI3BP_M_e4_AD_up_mito	primary	Inh VIP ABI3BP	Inhibitory_neurons	M_e4	M_e4	inhibitory::Inh VIP ABI3BP::AD_vs_NCI__Male__e4	validated_complete	AD_up_mito	1	1	9331	8755	8069	effective_query_below_minimum	skipped_effective_query_below_minimum	0	0	
mitochondrial_kda_run_manifest_v1	primary_Inh_VIP_ABI3BP_M_e4_AD_down_mito	primary	Inh VIP ABI3BP	Inhibitory_neurons	M_e4	M_e4	inhibitory::Inh VIP ABI3BP::AD_vs_NCI__Male__e4	validated_complete	AD_down_mito	4	3	9331	8755	8069	eligible	completed_significant	4	0.123000000000047	
mitochondrial_kda_run_manifest_v1	primary_Inh_VIP_ABI3BP_M_e4_AD_both_mito	primary	Inh VIP ABI3BP	Inhibitory_neurons	M_e4	M_e4	inhibitory::Inh VIP ABI3BP::AD_vs_NCI__Male__e4	validated_complete	AD_both_mito	5	4	9331	8755	8069	eligible	completed_significant	4	0.233999999999924	
mitochondrial_kda_run_manifest_v1	secondary_Inh_VIP_ABI3BP_female_pool_AD_up_mito	secondary	Inh VIP ABI3BP	Inhibitory_neurons	female_pool	F_e2;F_e33;F_e4	inhibitory::Inh VIP ABI3BP::AD_vs_NCI__Female__e2;inhibitory::Inh VIP ABI3BP::AD_vs_NCI__Female__e33;inhibitory::Inh VIP ABI3BP::AD_vs_NCI__Female__e4	validated_complete;validated_complete;validated_complete	AD_up_mito	9	9	9499	8869	8177	eligible	completed_significant	11	0.382000000000062	
mitochondrial_kda_run_manifest_v1	secondary_Inh_VIP_ABI3BP_female_pool_AD_down_mito	secondary	Inh VIP ABI3BP	Inhibitory_neurons	female_pool	F_e2;F_e33;F_e4	inhibitory::Inh VIP ABI3BP::AD_vs_NCI__Female__e2;inhibitory::Inh VIP ABI3BP::AD_vs_NCI__Female__e33;inhibitory::Inh VIP ABI3BP::AD_vs_NCI__Female__e4	validated_complete;validated_complete;validated_complete	AD_down_mito	6	6	9499	8869	8177	eligible	completed_significant	8	0.295000000000073	
mitochondrial_kda_run_manifest_v1	secondary_Inh_VIP_ABI3BP_female_pool_AD_both_mito	secondary	Inh VIP ABI3BP	Inhibitory_neurons	female_pool	F_e2;F_e33;F_e4	inhibitory::Inh VIP ABI3BP::AD_vs_NCI__Female__e2;inhibitory::Inh VIP ABI3BP::AD_vs_NCI__Female__e33;inhibitory::Inh VIP ABI3BP::AD_vs_NCI__Female__e4	validated_complete;validated_complete;validated_complete	AD_both_mito	15	15	9499	8869	8177	eligible	completed_significant	10	0.880000000000109	
mitochondrial_kda_run_manifest_v1	secondary_Inh_VIP_ABI3BP_male_pool_AD_up_mito	secondary	Inh VIP ABI3BP	Inhibitory_neurons	male_pool	M_e2;M_e33;M_e4	inhibitory::Inh VIP ABI3BP::AD_vs_NCI__Male__e2;inhibitory::Inh VIP ABI3BP::AD_vs_NCI__Male__e33;inhibitory::Inh VIP ABI3BP::AD_vs_NCI__Male__e4	validated_complete;validated_complete;validated_complete	AD_up_mito	2	2	9138	8649	7966	effective_query_below_minimum	skipped_effective_query_below_minimum	0	0	
mitochondrial_kda_run_manifest_v1	secondary_Inh_VIP_ABI3BP_male_pool_AD_down_mito	secondary	Inh VIP ABI3BP	Inhibitory_neurons	male_pool	M_e2;M_e33;M_e4	inhibitory::Inh VIP ABI3BP::AD_vs_NCI__Male__e2;inhibitory::Inh VIP ABI3BP::AD_vs_NCI__Male__e33;inhibitory::Inh VIP ABI3BP::AD_vs_NCI__Male__e4	validated_complete;validated_complete;validated_complete	AD_down_mito	7	5	9138	8649	7966	eligible	completed_significant	15	0.287000000000035	
mitochondrial_kda_run_manifest_v1	secondary_Inh_VIP_ABI3BP_male_pool_AD_both_mito	secondary	Inh VIP ABI3BP	Inhibitory_neurons	male_pool	M_e2;M_e33;M_e4	inhibitory::Inh VIP ABI3BP::AD_vs_NCI__Male__e2;inhibitory::Inh VIP ABI3BP::AD_vs_NCI__Male__e33;inhibitory::Inh VIP ABI3BP::AD_vs_NCI__Male__e4	validated_complete;validated_complete;validated_complete	AD_both_mito	9	7	9138	8649	7966	eligible	completed_significant	9	0.427999999999884	
mitochondrial_kda_run_manifest_v1	secondary_Inh_VIP_ABI3BP_e2_pool_AD_up_mito	secondary	Inh VIP ABI3BP	Inhibitory_neurons	e2_pool	F_e2;M_e2	inhibitory::Inh VIP ABI3BP::AD_vs_NCI__Female__e2;inhibitory::Inh VIP ABI3BP::AD_vs_NCI__Male__e2	validated_complete;validated_complete	AD_up_mito	3	3	9544	8910	8210	eligible	completed_significant	8	0.251999999999953	
mitochondrial_kda_run_manifest_v1	secondary_Inh_VIP_ABI3BP_e2_pool_AD_down_mito	secondary	Inh VIP ABI3BP	Inhibitory_neurons	e2_pool	F_e2;M_e2	inhibitory::Inh VIP ABI3BP::AD_vs_NCI__Female__e2;inhibitory::Inh VIP ABI3BP::AD_vs_NCI__Male__e2	validated_complete;validated_complete	AD_down_mito	3	3	9544	8910	8210	eligible	completed_significant	10	0.187999999999875	
mitochondrial_kda_run_manifest_v1	secondary_Inh_VIP_ABI3BP_e2_pool_AD_both_mito	secondary	Inh VIP ABI3BP	Inhibitory_neurons	e2_pool	F_e2;M_e2	inhibitory::Inh VIP ABI3BP::AD_vs_NCI__Female__e2;inhibitory::Inh VIP ABI3BP::AD_vs_NCI__Male__e2	validated_complete;validated_complete	AD_both_mito	5	5	9544	8910	8210	eligible	completed_significant	11	0.277000000000044	
mitochondrial_kda_run_manifest_v1	secondary_Inh_VIP_ABI3BP_e33_pool_AD_up_mito	secondary	Inh VIP ABI3BP	Inhibitory_neurons	e33_pool	F_e33;M_e33	inhibitory::Inh VIP ABI3BP::AD_vs_NCI__Female__e33;inhibitory::Inh VIP ABI3BP::AD_vs_NCI__Male__e33	validated_complete;validated_complete	AD_up_mito	6	6	9608	8933	8230	eligible	completed_significant	11	0.26299999999992	
mitochondrial_kda_run_manifest_v1	secondary_Inh_VIP_ABI3BP_e33_pool_AD_down_mito	secondary	Inh VIP ABI3BP	Inhibitory_neurons	e33_pool	F_e33;M_e33	inhibitory::Inh VIP ABI3BP::AD_vs_NCI__Female__e33;inhibitory::Inh VIP ABI3BP::AD_vs_NCI__Male__e33	validated_complete;validated_complete	AD_down_mito	3	3	9608	8933	8230	eligible	completed_significant	17	0.158000000000129	
mitochondrial_kda_run_manifest_v1	secondary_Inh_VIP_ABI3BP_e33_pool_AD_both_mito	secondary	Inh VIP ABI3BP	Inhibitory_neurons	e33_pool	F_e33;M_e33	inhibitory::Inh VIP ABI3BP::AD_vs_NCI__Female__e33;inhibitory::Inh VIP ABI3BP::AD_vs_NCI__Male__e33	validated_complete;validated_complete	AD_both_mito	9	9	9608	8933	8230	eligible	completed_significant	14	0.386999999999944	
mitochondrial_kda_run_manifest_v1	secondary_Inh_VIP_ABI3BP_e4_pool_AD_up_mito	secondary	Inh VIP ABI3BP	Inhibitory_neurons	e4_pool	F_e4;M_e4	inhibitory::Inh VIP ABI3BP::AD_vs_NCI__Female__e4;inhibitory::Inh VIP ABI3BP::AD_vs_NCI__Male__e4	validated_complete;validated_complete	AD_up_mito	3	3	9262	8727	8041	eligible	completed_no_significant	0	0.179000000000087	
mitochondrial_kda_run_manifest_v1	secondary_Inh_VIP_ABI3BP_e4_pool_AD_down_mito	secondary	Inh VIP ABI3BP	Inhibitory_neurons	e4_pool	F_e4;M_e4	inhibitory::Inh VIP ABI3BP::AD_vs_NCI__Female__e4;inhibitory::Inh VIP ABI3BP::AD_vs_NCI__Male__e4	validated_complete;validated_complete	AD_down_mito	7	5	9262	8727	8041	eligible	completed_significant	3	0.257999999999811	
mitochondrial_kda_run_manifest_v1	secondary_Inh_VIP_ABI3BP_e4_pool_AD_both_mito	secondary	Inh VIP ABI3BP	Inhibitory_neurons	e4_pool	F_e4;M_e4	inhibitory::Inh VIP ABI3BP::AD_vs_NCI__Female__e4;inhibitory::Inh VIP ABI3BP::AD_vs_NCI__Male__e4	validated_complete;validated_complete	AD_both_mito	10	8	9262	8727	8041	eligible	completed_no_significant	0	0.405999999999949	
mitochondrial_kda_run_manifest_v1	primary_Inh_VIP_CLSTN2_F_e2_AD_up_mito	primary	Inh VIP CLSTN2	Inhibitory_neurons	F_e2	F_e2	inhibitory::Inh VIP CLSTN2::AD_vs_NCI__Female__e2	validated_complete	AD_up_mito	2	2	9719	9031	8307	effective_query_below_minimum	skipped_effective_query_below_minimum	0	0	
mitochondrial_kda_run_manifest_v1	primary_Inh_VIP_CLSTN2_F_e2_AD_down_mito	primary	Inh VIP CLSTN2	Inhibitory_neurons	F_e2	F_e2	inhibitory::Inh VIP CLSTN2::AD_vs_NCI__Female__e2	validated_complete	AD_down_mito	0	0	9719	9031	8307	effective_query_below_minimum	skipped_effective_query_below_minimum	0	0	
mitochondrial_kda_run_manifest_v1	primary_Inh_VIP_CLSTN2_F_e2_AD_both_mito	primary	Inh VIP CLSTN2	Inhibitory_neurons	F_e2	F_e2	inhibitory::Inh VIP CLSTN2::AD_vs_NCI__Female__e2	validated_complete	AD_both_mito	2	2	9719	9031	8307	effective_query_below_minimum	skipped_effective_query_below_minimum	0	0	
mitochondrial_kda_run_manifest_v1	primary_Inh_VIP_CLSTN2_F_e33_AD_up_mito	primary	Inh VIP CLSTN2	Inhibitory_neurons	F_e33	F_e33	inhibitory::Inh VIP CLSTN2::AD_vs_NCI__Female__e33	validated_complete	AD_up_mito	8	8	9478	8930	8213	eligible	completed_significant	9	0.354000000000042	
mitochondrial_kda_run_manifest_v1	primary_Inh_VIP_CLSTN2_F_e33_AD_down_mito	primary	Inh VIP CLSTN2	Inhibitory_neurons	F_e33	F_e33	inhibitory::Inh VIP CLSTN2::AD_vs_NCI__Female__e33	validated_complete	AD_down_mito	3	3	9478	8930	8213	eligible	completed_significant	9	0.0370000000000346	
mitochondrial_kda_run_manifest_v1	primary_Inh_VIP_CLSTN2_F_e33_AD_both_mito	primary	Inh VIP CLSTN2	Inhibitory_neurons	F_e33	F_e33	inhibitory::Inh VIP CLSTN2::AD_vs_NCI__Female__e33	validated_complete	AD_both_mito	11	11	9478	8930	8213	eligible	completed_significant	12	0.389999999999873	
mitochondrial_kda_run_manifest_v1	primary_Inh_VIP_CLSTN2_F_e4_AD_up_mito	primary	Inh VIP CLSTN2	Inhibitory_neurons	F_e4	F_e4	inhibitory::Inh VIP CLSTN2::AD_vs_NCI__Female__e4	validated_complete	AD_up_mito	1	1	9415	8846	8143	effective_query_below_minimum	skipped_effective_query_below_minimum	0	0	
mitochondrial_kda_run_manifest_v1	primary_Inh_VIP_CLSTN2_F_e4_AD_down_mito	primary	Inh VIP CLSTN2	Inhibitory_neurons	F_e4	F_e4	inhibitory::Inh VIP CLSTN2::AD_vs_NCI__Female__e4	validated_complete	AD_down_mito	5	4	9415	8846	8143	eligible	completed_significant	15	0.266000000000076	
mitochondrial_kda_run_manifest_v1	primary_Inh_VIP_CLSTN2_F_e4_AD_both_mito	primary	Inh VIP CLSTN2	Inhibitory_neurons	F_e4	F_e4	inhibitory::Inh VIP CLSTN2::AD_vs_NCI__Female__e4	validated_complete	AD_both_mito	6	5	9415	8846	8143	eligible	completed_significant	14	0.276000000000067	
mitochondrial_kda_run_manifest_v1	primary_Inh_VIP_CLSTN2_M_e2_AD_up_mito	primary	Inh VIP CLSTN2	Inhibitory_neurons	M_e2	M_e2	inhibitory::Inh VIP CLSTN2::AD_vs_NCI__Male__e2	validated_complete	AD_up_mito	1	1	9524	8870	8157	effective_query_below_minimum	skipped_effective_query_below_minimum	0	0	
mitochondrial_kda_run_manifest_v1	primary_Inh_VIP_CLSTN2_M_e2_AD_down_mito	primary	Inh VIP CLSTN2	Inhibitory_neurons	M_e2	M_e2	inhibitory::Inh VIP CLSTN2::AD_vs_NCI__Male__e2	validated_complete	AD_down_mito	14	14	9524	8870	8157	eligible	completed_significant	7	0.828000000000202	
mitochondrial_kda_run_manifest_v1	primary_Inh_VIP_CLSTN2_M_e2_AD_both_mito	primary	Inh VIP CLSTN2	Inhibitory_neurons	M_e2	M_e2	inhibitory::Inh VIP CLSTN2::AD_vs_NCI__Male__e2	validated_complete	AD_both_mito	15	15	9524	8870	8157	eligible	completed_significant	7	0.875999999999976	
mitochondrial_kda_run_manifest_v1	primary_Inh_VIP_CLSTN2_M_e33_AD_up_mito	primary	Inh VIP CLSTN2	Inhibitory_neurons	M_e33	M_e33	inhibitory::Inh VIP CLSTN2::AD_vs_NCI__Male__e33	validated_complete	AD_up_mito	2	2	8952	8534	7855	effective_query_below_minimum	skipped_effective_query_below_minimum	0	0	
mitochondrial_kda_run_manifest_v1	primary_Inh_VIP_CLSTN2_M_e33_AD_down_mito	primary	Inh VIP CLSTN2	Inhibitory_neurons	M_e33	M_e33	inhibitory::Inh VIP CLSTN2::AD_vs_NCI__Male__e33	validated_complete	AD_down_mito	1	1	8952	8534	7855	effective_query_below_minimum	skipped_effective_query_below_minimum	0	0	
mitochondrial_kda_run_manifest_v1	primary_Inh_VIP_CLSTN2_M_e33_AD_both_mito	primary	Inh VIP CLSTN2	Inhibitory_neurons	M_e33	M_e33	inhibitory::Inh VIP CLSTN2::AD_vs_NCI__Male__e33	validated_complete	AD_both_mito	3	3	8952	8534	7855	eligible	completed_significant	5	0.138999999999896	
mitochondrial_kda_run_manifest_v1	primary_Inh_VIP_CLSTN2_M_e4_AD_up_mito	primary	Inh VIP CLSTN2	Inhibitory_neurons	M_e4	M_e4	inhibitory::Inh VIP CLSTN2::AD_vs_NCI__Male__e4	validated_complete	AD_up_mito	1	1	9042	8647	7943	effective_query_below_minimum	skipped_effective_query_below_minimum	0	0	
mitochondrial_kda_run_manifest_v1	primary_Inh_VIP_CLSTN2_M_e4_AD_down_mito	primary	Inh VIP CLSTN2	Inhibitory_neurons	M_e4	M_e4	inhibitory::Inh VIP CLSTN2::AD_vs_NCI__Male__e4	validated_complete	AD_down_mito	2	1	9042	8647	7943	effective_query_below_minimum	skipped_effective_query_below_minimum	0	0	
mitochondrial_kda_run_manifest_v1	primary_Inh_VIP_CLSTN2_M_e4_AD_both_mito	primary	Inh VIP CLSTN2	Inhibitory_neurons	M_e4	M_e4	inhibitory::Inh VIP CLSTN2::AD_vs_NCI__Male__e4	validated_complete	AD_both_mito	3	2	9042	8647	7943	effective_query_below_minimum	skipped_effective_query_below_minimum	0	0	
mitochondrial_kda_run_manifest_v1	secondary_Inh_VIP_CLSTN2_female_pool_AD_up_mito	secondary	Inh VIP CLSTN2	Inhibitory_neurons	female_pool	F_e2;F_e33;F_e4	inhibitory::Inh VIP CLSTN2::AD_vs_NCI__Female__e2;inhibitory::Inh VIP CLSTN2::AD_vs_NCI__Female__e33;inhibitory::Inh VIP CLSTN2::AD_vs_NCI__Female__e4	validated_complete;validated_complete;validated_complete	AD_up_mito	9	9	9089	8675	7983	eligible	completed_significant	10	0.337999999999965	
mitochondrial_kda_run_manifest_v1	secondary_Inh_VIP_CLSTN2_female_pool_AD_down_mito	secondary	Inh VIP CLSTN2	Inhibitory_neurons	female_pool	F_e2;F_e33;F_e4	inhibitory::Inh VIP CLSTN2::AD_vs_NCI__Female__e2;inhibitory::Inh VIP CLSTN2::AD_vs_NCI__Female__e33;inhibitory::Inh VIP CLSTN2::AD_vs_NCI__Female__e4	validated_complete;validated_complete;validated_complete	AD_down_mito	8	6	9089	8675	7983	eligible	completed_significant	19	0.269999999999982	
mitochondrial_kda_run_manifest_v1	secondary_Inh_VIP_CLSTN2_female_pool_AD_both_mito	secondary	Inh VIP CLSTN2	Inhibitory_neurons	female_pool	F_e2;F_e33;F_e4	inhibitory::Inh VIP CLSTN2::AD_vs_NCI__Female__e2;inhibitory::Inh VIP CLSTN2::AD_vs_NCI__Female__e33;inhibitory::Inh VIP CLSTN2::AD_vs_NCI__Female__e4	validated_complete;validated_complete;validated_complete	AD_both_mito	15	13	9089	8675	7983	eligible	completed_significant	13	0.462999999999965	
mitochondrial_kda_run_manifest_v1	secondary_Inh_VIP_CLSTN2_male_pool_AD_up_mito	secondary	Inh VIP CLSTN2	Inhibitory_neurons	male_pool	M_e2;M_e33;M_e4	inhibitory::Inh VIP CLSTN2::AD_vs_NCI__Male__e2;inhibitory::Inh VIP CLSTN2::AD_vs_NCI__Male__e33;inhibitory::Inh VIP CLSTN2::AD_vs_NCI__Male__e4	validated_complete;validated_complete;validated_complete	AD_up_mito	4	4	8676	8347	7678	eligible	completed_significant	1	0.300000000000182	
mitochondrial_kda_run_manifest_v1	secondary_Inh_VIP_CLSTN2_male_pool_AD_down_mito	secondary	Inh VIP CLSTN2	Inhibitory_neurons	male_pool	M_e2;M_e33;M_e4	inhibitory::Inh VIP CLSTN2::AD_vs_NCI__Male__e2;inhibitory::Inh VIP CLSTN2::AD_vs_NCI__Male__e33;inhibitory::Inh VIP CLSTN2::AD_vs_NCI__Male__e4	validated_complete;validated_complete;validated_complete	AD_down_mito	17	15	8676	8347	7678	eligible	completed_significant	7	0.824999999999818	
mitochondrial_kda_run_manifest_v1	secondary_Inh_VIP_CLSTN2_male_pool_AD_both_mito	secondary	Inh VIP CLSTN2	Inhibitory_neurons	male_pool	M_e2;M_e33;M_e4	inhibitory::Inh VIP CLSTN2::AD_vs_NCI__Male__e2;inhibitory::Inh VIP CLSTN2::AD_vs_NCI__Male__e33;inhibitory::Inh VIP CLSTN2::AD_vs_NCI__Male__e4	validated_complete;validated_complete;validated_complete	AD_both_mito	21	19	8676	8347	7678	eligible	completed_significant	8	1.09699999999998	
mitochondrial_kda_run_manifest_v1	secondary_Inh_VIP_CLSTN2_e2_pool_AD_up_mito	secondary	Inh VIP CLSTN2	Inhibitory_neurons	e2_pool	F_e2;M_e2	inhibitory::Inh VIP CLSTN2::AD_vs_NCI__Female__e2;inhibitory::Inh VIP CLSTN2::AD_vs_NCI__Male__e2	validated_complete;validated_complete	AD_up_mito	3	3	9185	8712	8012	eligible	completed_significant	12	0.232000000000198	
mitochondrial_kda_run_manifest_v1	secondary_Inh_VIP_CLSTN2_e2_pool_AD_down_mito	secondary	Inh VIP CLSTN2	Inhibitory_neurons	e2_pool	F_e2;M_e2	inhibitory::Inh VIP CLSTN2::AD_vs_NCI__Female__e2;inhibitory::Inh VIP CLSTN2::AD_vs_NCI__Male__e2	validated_complete;validated_complete	AD_down_mito	14	14	9185	8712	8012	eligible	completed_significant	7	0.826999999999998	
mitochondrial_kda_run_manifest_v1	secondary_Inh_VIP_CLSTN2_e2_pool_AD_both_mito	secondary	Inh VIP CLSTN2	Inhibitory_neurons	e2_pool	F_e2;M_e2	inhibitory::Inh VIP CLSTN2::AD_vs_NCI__Female__e2;inhibitory::Inh VIP CLSTN2::AD_vs_NCI__Male__e2	validated_complete;validated_complete	AD_both_mito	16	16	9185	8712	8012	eligible	completed_significant	7	1.20499999999993	
mitochondrial_kda_run_manifest_v1	secondary_Inh_VIP_CLSTN2_e33_pool_AD_up_mito	secondary	Inh VIP CLSTN2	Inhibitory_neurons	e33_pool	F_e33;M_e33	inhibitory::Inh VIP CLSTN2::AD_vs_NCI__Female__e33;inhibitory::Inh VIP CLSTN2::AD_vs_NCI__Male__e33	validated_complete;validated_complete	AD_up_mito	10	10	8908	8517	7839	eligible	completed_significant	9	0.347999999999956	
mitochondrial_kda_run_manifest_v1	secondary_Inh_VIP_CLSTN2_e33_pool_AD_down_mito	secondary	Inh VIP CLSTN2	Inhibitory_neurons	e33_pool	F_e33;M_e33	inhibitory::Inh VIP CLSTN2::AD_vs_NCI__Female__e33;inhibitory::Inh VIP CLSTN2::AD_vs_NCI__Male__e33	validated_complete;validated_complete	AD_down_mito	4	3	8908	8517	7839	eligible	completed_significant	16	0.111000000000104	
mitochondrial_kda_run_manifest_v1	secondary_Inh_VIP_CLSTN2_e33_pool_AD_both_mito	secondary	Inh VIP CLSTN2	Inhibitory_neurons	e33_pool	F_e33;M_e33	inhibitory::Inh VIP CLSTN2::AD_vs_NCI__Female__e33;inhibitory::Inh VIP CLSTN2::AD_vs_NCI__Male__e33	validated_complete;validated_complete	AD_both_mito	14	13	8908	8517	7839	eligible	completed_significant	12	0.432000000000016	
mitochondrial_kda_run_manifest_v1	secondary_Inh_VIP_CLSTN2_e4_pool_AD_up_mito	secondary	Inh VIP CLSTN2	Inhibitory_neurons	e4_pool	F_e4;M_e4	inhibitory::Inh VIP CLSTN2::AD_vs_NCI__Female__e4;inhibitory::Inh VIP CLSTN2::AD_vs_NCI__Male__e4	validated_complete;validated_complete	AD_up_mito	2	2	8923	8560	7871	effective_query_below_minimum	skipped_effective_query_below_minimum	0	0	
mitochondrial_kda_run_manifest_v1	secondary_Inh_VIP_CLSTN2_e4_pool_AD_down_mito	secondary	Inh VIP CLSTN2	Inhibitory_neurons	e4_pool	F_e4;M_e4	inhibitory::Inh VIP CLSTN2::AD_vs_NCI__Female__e4;inhibitory::Inh VIP CLSTN2::AD_vs_NCI__Male__e4	validated_complete;validated_complete	AD_down_mito	7	4	8923	8560	7871	eligible	completed_significant	15	0.252999999999929	
mitochondrial_kda_run_manifest_v1	secondary_Inh_VIP_CLSTN2_e4_pool_AD_both_mito	secondary	Inh VIP CLSTN2	Inhibitory_neurons	e4_pool	F_e4;M_e4	inhibitory::Inh VIP CLSTN2::AD_vs_NCI__Female__e4;inhibitory::Inh VIP CLSTN2::AD_vs_NCI__Male__e4	validated_complete;validated_complete	AD_both_mito	9	6	8923	8560	7871	eligible	completed_significant	6	0.468999999999824	
mitochondrial_kda_run_manifest_v1	primary_Inh_VIP_THSD7B_F_e2_AD_up_mito	primary	Inh VIP THSD7B	Inhibitory_neurons	F_e2	F_e2	inhibitory::Inh VIP THSD7B::AD_vs_NCI__Female__e2	validated_complete	AD_up_mito	0	0	9224	8552	7883	effective_query_below_minimum	skipped_effective_query_below_minimum	0	0	
mitochondrial_kda_run_manifest_v1	primary_Inh_VIP_THSD7B_F_e2_AD_down_mito	primary	Inh VIP THSD7B	Inhibitory_neurons	F_e2	F_e2	inhibitory::Inh VIP THSD7B::AD_vs_NCI__Female__e2	validated_complete	AD_down_mito	0	0	9224	8552	7883	effective_query_below_minimum	skipped_effective_query_below_minimum	0	0	
mitochondrial_kda_run_manifest_v1	primary_Inh_VIP_THSD7B_F_e2_AD_both_mito	primary	Inh VIP THSD7B	Inhibitory_neurons	F_e2	F_e2	inhibitory::Inh VIP THSD7B::AD_vs_NCI__Female__e2	validated_complete	AD_both_mito	0	0	9224	8552	7883	effective_query_below_minimum	skipped_effective_query_below_minimum	0	0	
mitochondrial_kda_run_manifest_v1	primary_Inh_VIP_THSD7B_F_e33_AD_up_mito	primary	Inh VIP THSD7B	Inhibitory_neurons	F_e33	F_e33	inhibitory::Inh VIP THSD7B::AD_vs_NCI__Female__e33	validated_complete	AD_up_mito	7	7	9026	8474	7817	eligible	completed_significant	10	0.231999999999971	
mitochondrial_kda_run_manifest_v1	primary_Inh_VIP_THSD7B_F_e33_AD_down_mito	primary	Inh VIP THSD7B	Inhibitory_neurons	F_e33	F_e33	inhibitory::Inh VIP THSD7B::AD_vs_NCI__Female__e33	validated_complete	AD_down_mito	0	0	9026	8474	7817	effective_query_below_minimum	skipped_effective_query_below_minimum	0	0	
mitochondrial_kda_run_manifest_v1	primary_Inh_VIP_THSD7B_F_e33_AD_both_mito	primary	Inh VIP THSD7B	Inhibitory_neurons	F_e33	F_e33	inhibitory::Inh VIP THSD7B::AD_vs_NCI__Female__e33	validated_complete	AD_both_mito	7	7	9026	8474	7817	eligible	completed_significant	10	0.236999999999853	
mitochondrial_kda_run_manifest_v1	primary_Inh_VIP_THSD7B_F_e4_AD_up_mito	primary	Inh VIP THSD7B	Inhibitory_neurons	F_e4	F_e4	inhibitory::Inh VIP THSD7B::AD_vs_NCI__Female__e4	validated_complete	AD_up_mito	0	0	9008	8395	7757	effective_query_below_minimum	skipped_effective_query_below_minimum	0	0	
mitochondrial_kda_run_manifest_v1	primary_Inh_VIP_THSD7B_F_e4_AD_down_mito	primary	Inh VIP THSD7B	Inhibitory_neurons	F_e4	F_e4	inhibitory::Inh VIP THSD7B::AD_vs_NCI__Female__e4	validated_complete	AD_down_mito	0	0	9008	8395	7757	effective_query_below_minimum	skipped_effective_query_below_minimum	0	0	
mitochondrial_kda_run_manifest_v1	primary_Inh_VIP_THSD7B_F_e4_AD_both_mito	primary	Inh VIP THSD7B	Inhibitory_neurons	F_e4	F_e4	inhibitory::Inh VIP THSD7B::AD_vs_NCI__Female__e4	validated_complete	AD_both_mito	0	0	9008	8395	7757	effective_query_below_minimum	skipped_effective_query_below_minimum	0	0	
mitochondrial_kda_run_manifest_v1	primary_Inh_VIP_THSD7B_M_e2_AD_up_mito	primary	Inh VIP THSD7B	Inhibitory_neurons	M_e2	M_e2	inhibitory::Inh VIP THSD7B::AD_vs_NCI__Male__e2	validated_complete	AD_up_mito	0	0	9309	8597	7923	effective_query_below_minimum	skipped_effective_query_below_minimum	0	0	
mitochondrial_kda_run_manifest_v1	primary_Inh_VIP_THSD7B_M_e2_AD_down_mito	primary	Inh VIP THSD7B	Inhibitory_neurons	M_e2	M_e2	inhibitory::Inh VIP THSD7B::AD_vs_NCI__Male__e2	validated_complete	AD_down_mito	0	0	9309	8597	7923	effective_query_below_minimum	skipped_effective_query_below_minimum	0	0	
mitochondrial_kda_run_manifest_v1	primary_Inh_VIP_THSD7B_M_e2_AD_both_mito	primary	Inh VIP THSD7B	Inhibitory_neurons	M_e2	M_e2	inhibitory::Inh VIP THSD7B::AD_vs_NCI__Male__e2	validated_complete	AD_both_mito	0	0	9309	8597	7923	effective_query_below_minimum	skipped_effective_query_below_minimum	0	0	
mitochondrial_kda_run_manifest_v1	primary_Inh_VIP_THSD7B_M_e33_AD_up_mito	primary	Inh VIP THSD7B	Inhibitory_neurons	M_e33	M_e33	inhibitory::Inh VIP THSD7B::AD_vs_NCI__Male__e33	validated_complete	AD_up_mito	0	0	9236	8630	7959	effective_query_below_minimum	skipped_effective_query_below_minimum	0	0	
mitochondrial_kda_run_manifest_v1	primary_Inh_VIP_THSD7B_M_e33_AD_down_mito	primary	Inh VIP THSD7B	Inhibitory_neurons	M_e33	M_e33	inhibitory::Inh VIP THSD7B::AD_vs_NCI__Male__e33	validated_complete	AD_down_mito	0	0	9236	8630	7959	effective_query_below_minimum	skipped_effective_query_below_minimum	0	0	
mitochondrial_kda_run_manifest_v1	primary_Inh_VIP_THSD7B_M_e33_AD_both_mito	primary	Inh VIP THSD7B	Inhibitory_neurons	M_e33	M_e33	inhibitory::Inh VIP THSD7B::AD_vs_NCI__Male__e33	validated_complete	AD_both_mito	0	0	9236	8630	7959	effective_query_below_minimum	skipped_effective_query_below_minimum	0	0	
mitochondrial_kda_run_manifest_v1	primary_Inh_VIP_THSD7B_M_e4_AD_up_mito	primary	Inh VIP THSD7B	Inhibitory_neurons	M_e4	M_e4	inhibitory::Inh VIP THSD7B::AD_vs_NCI__Male__e4	validated_complete	AD_up_mito	0	0	8815	8333	7692	effective_query_below_minimum	skipped_effective_query_below_minimum	0	0	
mitochondrial_kda_run_manifest_v1	primary_Inh_VIP_THSD7B_M_e4_AD_down_mito	primary	Inh VIP THSD7B	Inhibitory_neurons	M_e4	M_e4	inhibitory::Inh VIP THSD7B::AD_vs_NCI__Male__e4	validated_complete	AD_down_mito	0	0	8815	8333	7692	effective_query_below_minimum	skipped_effective_query_below_minimum	0	0	
mitochondrial_kda_run_manifest_v1	primary_Inh_VIP_THSD7B_M_e4_AD_both_mito	primary	Inh VIP THSD7B	Inhibitory_neurons	M_e4	M_e4	inhibitory::Inh VIP THSD7B::AD_vs_NCI__Male__e4	validated_complete	AD_both_mito	0	0	8815	8333	7692	effective_query_below_minimum	skipped_effective_query_below_minimum	0	0	
mitochondrial_kda_run_manifest_v1	secondary_Inh_VIP_THSD7B_female_pool_AD_up_mito	secondary	Inh VIP THSD7B	Inhibitory_neurons	female_pool	F_e2;F_e33;F_e4	inhibitory::Inh VIP THSD7B::AD_vs_NCI__Female__e2;inhibitory::Inh VIP THSD7B::AD_vs_NCI__Female__e33;inhibitory::Inh VIP THSD7B::AD_vs_NCI__Female__e4	validated_complete;validated_complete;validated_complete	AD_up_mito	7	7	8489	8042	7429	eligible	completed_significant	9	0.22400000000016	
mitochondrial_kda_run_manifest_v1	secondary_Inh_VIP_THSD7B_female_pool_AD_down_mito	secondary	Inh VIP THSD7B	Inhibitory_neurons	female_pool	F_e2;F_e33;F_e4	inhibitory::Inh VIP THSD7B::AD_vs_NCI__Female__e2;inhibitory::Inh VIP THSD7B::AD_vs_NCI__Female__e33;inhibitory::Inh VIP THSD7B::AD_vs_NCI__Female__e4	validated_complete;validated_complete;validated_complete	AD_down_mito	0	0	8489	8042	7429	effective_query_below_minimum	skipped_effective_query_below_minimum	0	0	
mitochondrial_kda_run_manifest_v1	secondary_Inh_VIP_THSD7B_female_pool_AD_both_mito	secondary	Inh VIP THSD7B	Inhibitory_neurons	female_pool	F_e2;F_e33;F_e4	inhibitory::Inh VIP THSD7B::AD_vs_NCI__Female__e2;inhibitory::Inh VIP THSD7B::AD_vs_NCI__Female__e33;inhibitory::Inh VIP THSD7B::AD_vs_NCI__Female__e4	validated_complete;validated_complete;validated_complete	AD_both_mito	7	7	8489	8042	7429	eligible	completed_significant	9	0.217000000000098	
mitochondrial_kda_run_manifest_v1	secondary_Inh_VIP_THSD7B_male_pool_AD_up_mito	secondary	Inh VIP THSD7B	Inhibitory_neurons	male_pool	M_e2;M_e33;M_e4	inhibitory::Inh VIP THSD7B::AD_vs_NCI__Male__e2;inhibitory::Inh VIP THSD7B::AD_vs_NCI__Male__e33;inhibitory::Inh VIP THSD7B::AD_vs_NCI__Male__e4	validated_complete;validated_complete;validated_complete	AD_up_mito	0	0	8480	8075	7456	effective_query_below_minimum	skipped_effective_query_below_minimum	0	0	
mitochondrial_kda_run_manifest_v1	secondary_Inh_VIP_THSD7B_male_pool_AD_down_mito	secondary	Inh VIP THSD7B	Inhibitory_neurons	male_pool	M_e2;M_e33;M_e4	inhibitory::Inh VIP THSD7B::AD_vs_NCI__Male__e2;inhibitory::Inh VIP THSD7B::AD_vs_NCI__Male__e33;inhibitory::Inh VIP THSD7B::AD_vs_NCI__Male__e4	validated_complete;validated_complete;validated_complete	AD_down_mito	0	0	8480	8075	7456	effective_query_below_minimum	skipped_effective_query_below_minimum	0	0	
mitochondrial_kda_run_manifest_v1	secondary_Inh_VIP_THSD7B_male_pool_AD_both_mito	secondary	Inh VIP THSD7B	Inhibitory_neurons	male_pool	M_e2;M_e33;M_e4	inhibitory::Inh VIP THSD7B::AD_vs_NCI__Male__e2;inhibitory::Inh VIP THSD7B::AD_vs_NCI__Male__e33;inhibitory::Inh VIP THSD7B::AD_vs_NCI__Male__e4	validated_complete;validated_complete;validated_complete	AD_both_mito	0	0	8480	8075	7456	effective_query_below_minimum	skipped_effective_query_below_minimum	0	0	
mitochondrial_kda_run_manifest_v1	secondary_Inh_VIP_THSD7B_e2_pool_AD_up_mito	secondary	Inh VIP THSD7B	Inhibitory_neurons	e2_pool	F_e2;M_e2	inhibitory::Inh VIP THSD7B::AD_vs_NCI__Female__e2;inhibitory::Inh VIP THSD7B::AD_vs_NCI__Male__e2	validated_complete;validated_complete	AD_up_mito	0	0	8667	8196	7558	effective_query_below_minimum	skipped_effective_query_below_minimum	0	0	
mitochondrial_kda_run_manifest_v1	secondary_Inh_VIP_THSD7B_e2_pool_AD_down_mito	secondary	Inh VIP THSD7B	Inhibitory_neurons	e2_pool	F_e2;M_e2	inhibitory::Inh VIP THSD7B::AD_vs_NCI__Female__e2;inhibitory::Inh VIP THSD7B::AD_vs_NCI__Male__e2	validated_complete;validated_complete	AD_down_mito	0	0	8667	8196	7558	effective_query_below_minimum	skipped_effective_query_below_minimum	0	0	
mitochondrial_kda_run_manifest_v1	secondary_Inh_VIP_THSD7B_e2_pool_AD_both_mito	secondary	Inh VIP THSD7B	Inhibitory_neurons	e2_pool	F_e2;M_e2	inhibitory::Inh VIP THSD7B::AD_vs_NCI__Female__e2;inhibitory::Inh VIP THSD7B::AD_vs_NCI__Male__e2	validated_complete;validated_complete	AD_both_mito	0	0	8667	8196	7558	effective_query_below_minimum	skipped_effective_query_below_minimum	0	0	
mitochondrial_kda_run_manifest_v1	secondary_Inh_VIP_THSD7B_e33_pool_AD_up_mito	secondary	Inh VIP THSD7B	Inhibitory_neurons	e33_pool	F_e33;M_e33	inhibitory::Inh VIP THSD7B::AD_vs_NCI__Female__e33;inhibitory::Inh VIP THSD7B::AD_vs_NCI__Male__e33	validated_complete;validated_complete	AD_up_mito	7	7	8877	8373	7728	eligible	completed_significant	10	0.23700000000008	
mitochondrial_kda_run_manifest_v1	secondary_Inh_VIP_THSD7B_e33_pool_AD_down_mito	secondary	Inh VIP THSD7B	Inhibitory_neurons	e33_pool	F_e33;M_e33	inhibitory::Inh VIP THSD7B::AD_vs_NCI__Female__e33;inhibitory::Inh VIP THSD7B::AD_vs_NCI__Male__e33	validated_complete;validated_complete	AD_down_mito	0	0	8877	8373	7728	effective_query_below_minimum	skipped_effective_query_below_minimum	0	0	
mitochondrial_kda_run_manifest_v1	secondary_Inh_VIP_THSD7B_e33_pool_AD_both_mito	secondary	Inh VIP THSD7B	Inhibitory_neurons	e33_pool	F_e33;M_e33	inhibitory::Inh VIP THSD7B::AD_vs_NCI__Female__e33;inhibitory::Inh VIP THSD7B::AD_vs_NCI__Male__e33	validated_complete;validated_complete	AD_both_mito	7	7	8877	8373	7728	eligible	completed_significant	10	0.249000000000024	
mitochondrial_kda_run_manifest_v1	secondary_Inh_VIP_THSD7B_e4_pool_AD_up_mito	secondary	Inh VIP THSD7B	Inhibitory_neurons	e4_pool	F_e4;M_e4	inhibitory::Inh VIP THSD7B::AD_vs_NCI__Female__e4;inhibitory::Inh VIP THSD7B::AD_vs_NCI__Male__e4	validated_complete;validated_complete	AD_up_mito	0	0	8540	8086	7479	effective_query_below_minimum	skipped_effective_query_below_minimum	0	0	
mitochondrial_kda_run_manifest_v1	secondary_Inh_VIP_THSD7B_e4_pool_AD_down_mito	secondary	Inh VIP THSD7B	Inhibitory_neurons	e4_pool	F_e4;M_e4	inhibitory::Inh VIP THSD7B::AD_vs_NCI__Female__e4;inhibitory::Inh VIP THSD7B::AD_vs_NCI__Male__e4	validated_complete;validated_complete	AD_down_mito	0	0	8540	8086	7479	effective_query_below_minimum	skipped_effective_query_below_minimum	0	0	
mitochondrial_kda_run_manifest_v1	secondary_Inh_VIP_THSD7B_e4_pool_AD_both_mito	secondary	Inh VIP THSD7B	Inhibitory_neurons	e4_pool	F_e4;M_e4	inhibitory::Inh VIP THSD7B::AD_vs_NCI__Female__e4;inhibitory::Inh VIP THSD7B::AD_vs_NCI__Male__e4	validated_complete;validated_complete	AD_both_mito	0	0	8540	8086	7479	effective_query_below_minimum	skipped_effective_query_below_minimum	0	0	
mitochondrial_kda_run_manifest_v1	primary_Inh_VIP_TSHZ2_F_e2_AD_up_mito	primary	Inh VIP TSHZ2	Inhibitory_neurons	F_e2	F_e2	inhibitory::Inh VIP TSHZ2::AD_vs_NCI__Female__e2	validated_complete	AD_up_mito	3	3	8748	8328	7664	eligible	completed_significant	9	0.210000000000036	
mitochondrial_kda_run_manifest_v1	primary_Inh_VIP_TSHZ2_F_e2_AD_down_mito	primary	Inh VIP TSHZ2	Inhibitory_neurons	F_e2	F_e2	inhibitory::Inh VIP TSHZ2::AD_vs_NCI__Female__e2	validated_complete	AD_down_mito	0	0	8748	8328	7664	effective_query_below_minimum	skipped_effective_query_below_minimum	0	0	
mitochondrial_kda_run_manifest_v1	primary_Inh_VIP_TSHZ2_F_e2_AD_both_mito	primary	Inh VIP TSHZ2	Inhibitory_neurons	F_e2	F_e2	inhibitory::Inh VIP TSHZ2::AD_vs_NCI__Female__e2	validated_complete	AD_both_mito	3	3	8748	8328	7664	eligible	completed_significant	9	0.203000000000202	
mitochondrial_kda_run_manifest_v1	primary_Inh_VIP_TSHZ2_F_e33_AD_up_mito	primary	Inh VIP TSHZ2	Inhibitory_neurons	F_e33	F_e33	inhibitory::Inh VIP TSHZ2::AD_vs_NCI__Female__e33	validated_complete	AD_up_mito	4	4	8777	8377	7708	eligible	completed_significant	10	0.182000000000016	
mitochondrial_kda_run_manifest_v1	primary_Inh_VIP_TSHZ2_F_e33_AD_down_mito	primary	Inh VIP TSHZ2	Inhibitory_neurons	F_e33	F_e33	inhibitory::Inh VIP TSHZ2::AD_vs_NCI__Female__e33	validated_complete	AD_down_mito	0	0	8777	8377	7708	effective_query_below_minimum	skipped_effective_query_below_minimum	0	0	
mitochondrial_kda_run_manifest_v1	primary_Inh_VIP_TSHZ2_F_e33_AD_both_mito	primary	Inh VIP TSHZ2	Inhibitory_neurons	F_e33	F_e33	inhibitory::Inh VIP TSHZ2::AD_vs_NCI__Female__e33	validated_complete	AD_both_mito	4	4	8777	8377	7708	eligible	completed_significant	10	0.179000000000087	
mitochondrial_kda_run_manifest_v1	primary_Inh_VIP_TSHZ2_F_e4_AD_up_mito	primary	Inh VIP TSHZ2	Inhibitory_neurons	F_e4	F_e4	inhibitory::Inh VIP TSHZ2::AD_vs_NCI__Female__e4	validated_complete	AD_up_mito	1	1	8798	8293	7658	effective_query_below_minimum	skipped_effective_query_below_minimum	0	0	
mitochondrial_kda_run_manifest_v1	primary_Inh_VIP_TSHZ2_F_e4_AD_down_mito	primary	Inh VIP TSHZ2	Inhibitory_neurons	F_e4	F_e4	inhibitory::Inh VIP TSHZ2::AD_vs_NCI__Female__e4	validated_complete	AD_down_mito	2	1	8798	8293	7658	effective_query_below_minimum	skipped_effective_query_below_minimum	0	0	
mitochondrial_kda_run_manifest_v1	primary_Inh_VIP_TSHZ2_F_e4_AD_both_mito	primary	Inh VIP TSHZ2	Inhibitory_neurons	F_e4	F_e4	inhibitory::Inh VIP TSHZ2::AD_vs_NCI__Female__e4	validated_complete	AD_both_mito	3	2	8798	8293	7658	effective_query_below_minimum	skipped_effective_query_below_minimum	0	0	
mitochondrial_kda_run_manifest_v1	primary_Inh_VIP_TSHZ2_M_e2_AD_up_mito	primary	Inh VIP TSHZ2	Inhibitory_neurons	M_e2	M_e2	inhibitory::Inh VIP TSHZ2::AD_vs_NCI__Male__e2	validated_complete	AD_up_mito	0	0	8257	7895	7269	effective_query_below_minimum	skipped_effective_query_below_minimum	0	0	
mitochondrial_kda_run_manifest_v1	primary_Inh_VIP_TSHZ2_M_e2_AD_down_mito	primary	Inh VIP TSHZ2	Inhibitory_neurons	M_e2	M_e2	inhibitory::Inh VIP TSHZ2::AD_vs_NCI__Male__e2	validated_complete	AD_down_mito	0	0	8257	7895	7269	effective_query_below_minimum	skipped_effective_query_below_minimum	0	0	
mitochondrial_kda_run_manifest_v1	primary_Inh_VIP_TSHZ2_M_e2_AD_both_mito	primary	Inh VIP TSHZ2	Inhibitory_neurons	M_e2	M_e2	inhibitory::Inh VIP TSHZ2::AD_vs_NCI__Male__e2	validated_complete	AD_both_mito	0	0	8257	7895	7269	effective_query_below_minimum	skipped_effective_query_below_minimum	0	0	
mitochondrial_kda_run_manifest_v1	primary_Inh_VIP_TSHZ2_M_e33_AD_up_mito	primary	Inh VIP TSHZ2	Inhibitory_neurons	M_e33	M_e33	inhibitory::Inh VIP TSHZ2::AD_vs_NCI__Male__e33	validated_complete	AD_up_mito	1	1	8532	8144	7499	effective_query_below_minimum	skipped_effective_query_below_minimum	0	0	
mitochondrial_kda_run_manifest_v1	primary_Inh_VIP_TSHZ2_M_e33_AD_down_mito	primary	Inh VIP TSHZ2	Inhibitory_neurons	M_e33	M_e33	inhibitory::Inh VIP TSHZ2::AD_vs_NCI__Male__e33	validated_complete	AD_down_mito	0	0	8532	8144	7499	effective_query_below_minimum	skipped_effective_query_below_minimum	0	0	
mitochondrial_kda_run_manifest_v1	primary_Inh_VIP_TSHZ2_M_e33_AD_both_mito	primary	Inh VIP TSHZ2	Inhibitory_neurons	M_e33	M_e33	inhibitory::Inh VIP TSHZ2::AD_vs_NCI__Male__e33	validated_complete	AD_both_mito	1	1	8532	8144	7499	effective_query_below_minimum	skipped_effective_query_below_minimum	0	0	
mitochondrial_kda_run_manifest_v1	primary_Inh_VIP_TSHZ2_M_e4_AD_up_mito	primary	Inh VIP TSHZ2	Inhibitory_neurons	M_e4	M_e4	inhibitory::Inh VIP TSHZ2::AD_vs_NCI__Male__e4	validated_complete	AD_up_mito	0	0	7851	7582	6978	effective_query_below_minimum	skipped_effective_query_below_minimum	0	0	
mitochondrial_kda_run_manifest_v1	primary_Inh_VIP_TSHZ2_M_e4_AD_down_mito	primary	Inh VIP TSHZ2	Inhibitory_neurons	M_e4	M_e4	inhibitory::Inh VIP TSHZ2::AD_vs_NCI__Male__e4	validated_complete	AD_down_mito	1	0	7851	7582	6978	effective_query_below_minimum	skipped_effective_query_below_minimum	0	0	
mitochondrial_kda_run_manifest_v1	primary_Inh_VIP_TSHZ2_M_e4_AD_both_mito	primary	Inh VIP TSHZ2	Inhibitory_neurons	M_e4	M_e4	inhibitory::Inh VIP TSHZ2::AD_vs_NCI__Male__e4	validated_complete	AD_both_mito	1	0	7851	7582	6978	effective_query_below_minimum	skipped_effective_query_below_minimum	0	0	
mitochondrial_kda_run_manifest_v1	secondary_Inh_VIP_TSHZ2_female_pool_AD_up_mito	secondary	Inh VIP TSHZ2	Inhibitory_neurons	female_pool	F_e2;F_e33;F_e4	inhibitory::Inh VIP TSHZ2::AD_vs_NCI__Female__e2;inhibitory::Inh VIP TSHZ2::AD_vs_NCI__Female__e33;inhibitory::Inh VIP TSHZ2::AD_vs_NCI__Female__e4	validated_complete;validated_complete;validated_complete	AD_up_mito	6	6	8233	7915	7297	eligible	completed_significant	8	0.22199999999998	
mitochondrial_kda_run_manifest_v1	secondary_Inh_VIP_TSHZ2_female_pool_AD_down_mito	secondary	Inh VIP TSHZ2	Inhibitory_neurons	female_pool	F_e2;F_e33;F_e4	inhibitory::Inh VIP TSHZ2::AD_vs_NCI__Female__e2;inhibitory::Inh VIP TSHZ2::AD_vs_NCI__Female__e33;inhibitory::Inh VIP TSHZ2::AD_vs_NCI__Female__e4	validated_complete;validated_complete;validated_complete	AD_down_mito	2	1	8233	7915	7297	effective_query_below_minimum	skipped_effective_query_below_minimum	0	0	
mitochondrial_kda_run_manifest_v1	secondary_Inh_VIP_TSHZ2_female_pool_AD_both_mito	secondary	Inh VIP TSHZ2	Inhibitory_neurons	female_pool	F_e2;F_e33;F_e4	inhibitory::Inh VIP TSHZ2::AD_vs_NCI__Female__e2;inhibitory::Inh VIP TSHZ2::AD_vs_NCI__Female__e33;inhibitory::Inh VIP TSHZ2::AD_vs_NCI__Female__e4	validated_complete;validated_complete;validated_complete	AD_both_mito	8	7	8233	7915	7297	eligible	completed_significant	9	0.279999999999973	
mitochondrial_kda_run_manifest_v1	secondary_Inh_VIP_TSHZ2_male_pool_AD_up_mito	secondary	Inh VIP TSHZ2	Inhibitory_neurons	male_pool	M_e2;M_e33;M_e4	inhibitory::Inh VIP TSHZ2::AD_vs_NCI__Male__e2;inhibitory::Inh VIP TSHZ2::AD_vs_NCI__Male__e33;inhibitory::Inh VIP TSHZ2::AD_vs_NCI__Male__e4	validated_complete;validated_complete;validated_complete	AD_up_mito	1	1	7559	7330	6750	effective_query_below_minimum	skipped_effective_query_below_minimum	0	0	
mitochondrial_kda_run_manifest_v1	secondary_Inh_VIP_TSHZ2_male_pool_AD_down_mito	secondary	Inh VIP TSHZ2	Inhibitory_neurons	male_pool	M_e2;M_e33;M_e4	inhibitory::Inh VIP TSHZ2::AD_vs_NCI__Male__e2;inhibitory::Inh VIP TSHZ2::AD_vs_NCI__Male__e33;inhibitory::Inh VIP TSHZ2::AD_vs_NCI__Male__e4	validated_complete;validated_complete;validated_complete	AD_down_mito	1	0	7559	7330	6750	effective_query_below_minimum	skipped_effective_query_below_minimum	0	0	
mitochondrial_kda_run_manifest_v1	secondary_Inh_VIP_TSHZ2_male_pool_AD_both_mito	secondary	Inh VIP TSHZ2	Inhibitory_neurons	male_pool	M_e2;M_e33;M_e4	inhibitory::Inh VIP TSHZ2::AD_vs_NCI__Male__e2;inhibitory::Inh VIP TSHZ2::AD_vs_NCI__Male__e33;inhibitory::Inh VIP TSHZ2::AD_vs_NCI__Male__e4	validated_complete;validated_complete;validated_complete	AD_both_mito	2	1	7559	7330	6750	effective_query_below_minimum	skipped_effective_query_below_minimum	0	0	
mitochondrial_kda_run_manifest_v1	secondary_Inh_VIP_TSHZ2_e2_pool_AD_up_mito	secondary	Inh VIP TSHZ2	Inhibitory_neurons	e2_pool	F_e2;M_e2	inhibitory::Inh VIP TSHZ2::AD_vs_NCI__Female__e2;inhibitory::Inh VIP TSHZ2::AD_vs_NCI__Male__e2	validated_complete;validated_complete	AD_up_mito	3	3	7963	7696	7087	eligible	completed_significant	9	0.184000000000196	
mitochondrial_kda_run_manifest_v1	secondary_Inh_VIP_TSHZ2_e2_pool_AD_down_mito	secondary	Inh VIP TSHZ2	Inhibitory_neurons	e2_pool	F_e2;M_e2	inhibitory::Inh VIP TSHZ2::AD_vs_NCI__Female__e2;inhibitory::Inh VIP TSHZ2::AD_vs_NCI__Male__e2	validated_complete;validated_complete	AD_down_mito	0	0	7963	7696	7087	effective_query_below_minimum	skipped_effective_query_below_minimum	0	0	
mitochondrial_kda_run_manifest_v1	secondary_Inh_VIP_TSHZ2_e2_pool_AD_both_mito	secondary	Inh VIP TSHZ2	Inhibitory_neurons	e2_pool	F_e2;M_e2	inhibitory::Inh VIP TSHZ2::AD_vs_NCI__Female__e2;inhibitory::Inh VIP TSHZ2::AD_vs_NCI__Male__e2	validated_complete;validated_complete	AD_both_mito	3	3	7963	7696	7087	eligible	completed_significant	9	0.188999999999851	
mitochondrial_kda_run_manifest_v1	secondary_Inh_VIP_TSHZ2_e33_pool_AD_up_mito	secondary	Inh VIP TSHZ2	Inhibitory_neurons	e33_pool	F_e33;M_e33	inhibitory::Inh VIP TSHZ2::AD_vs_NCI__Female__e33;inhibitory::Inh VIP TSHZ2::AD_vs_NCI__Male__e33	validated_complete;validated_complete	AD_up_mito	5	5	8405	8064	7427	eligible	completed_significant	10	0.199000000000069	
mitochondrial_kda_run_manifest_v1	secondary_Inh_VIP_TSHZ2_e33_pool_AD_down_mito	secondary	Inh VIP TSHZ2	Inhibitory_neurons	e33_pool	F_e33;M_e33	inhibitory::Inh VIP TSHZ2::AD_vs_NCI__Female__e33;inhibitory::Inh VIP TSHZ2::AD_vs_NCI__Male__e33	validated_complete;validated_complete	AD_down_mito	0	0	8405	8064	7427	effective_query_below_minimum	skipped_effective_query_below_minimum	0	0	
mitochondrial_kda_run_manifest_v1	secondary_Inh_VIP_TSHZ2_e33_pool_AD_both_mito	secondary	Inh VIP TSHZ2	Inhibitory_neurons	e33_pool	F_e33;M_e33	inhibitory::Inh VIP TSHZ2::AD_vs_NCI__Female__e33;inhibitory::Inh VIP TSHZ2::AD_vs_NCI__Male__e33	validated_complete;validated_complete	AD_both_mito	5	5	8405	8064	7427	eligible	completed_significant	10	0.200000000000045	
mitochondrial_kda_run_manifest_v1	secondary_Inh_VIP_TSHZ2_e4_pool_AD_up_mito	secondary	Inh VIP TSHZ2	Inhibitory_neurons	e4_pool	F_e4;M_e4	inhibitory::Inh VIP TSHZ2::AD_vs_NCI__Female__e4;inhibitory::Inh VIP TSHZ2::AD_vs_NCI__Male__e4	validated_complete;validated_complete	AD_up_mito	1	1	7776	7523	6929	effective_query_below_minimum	skipped_effective_query_below_minimum	0	0	
mitochondrial_kda_run_manifest_v1	secondary_Inh_VIP_TSHZ2_e4_pool_AD_down_mito	secondary	Inh VIP TSHZ2	Inhibitory_neurons	e4_pool	F_e4;M_e4	inhibitory::Inh VIP TSHZ2::AD_vs_NCI__Female__e4;inhibitory::Inh VIP TSHZ2::AD_vs_NCI__Male__e4	validated_complete;validated_complete	AD_down_mito	3	1	7776	7523	6929	effective_query_below_minimum	skipped_effective_query_below_minimum	0	0	
mitochondrial_kda_run_manifest_v1	secondary_Inh_VIP_TSHZ2_e4_pool_AD_both_mito	secondary	Inh VIP TSHZ2	Inhibitory_neurons	e4_pool	F_e4;M_e4	inhibitory::Inh VIP TSHZ2::AD_vs_NCI__Female__e4;inhibitory::Inh VIP TSHZ2::AD_vs_NCI__Male__e4	validated_complete;validated_complete	AD_both_mito	4	2	7776	7523	6929	effective_query_below_minimum	skipped_effective_query_below_minimum	0	0	
mitochondrial_kda_run_manifest_v1	primary_Mic_MKI67_F_e2_AD_up_mito	primary	Mic MKI67	Microglia	F_e2	F_e2	immune::Mic MKI67::AD_vs_NCI__Female__e2	validated_complete	AD_up_mito	0	0	9151	6066	5875	effective_query_below_minimum	skipped_effective_query_below_minimum	0	0	
mitochondrial_kda_run_manifest_v1	primary_Mic_MKI67_F_e2_AD_down_mito	primary	Mic MKI67	Microglia	F_e2	F_e2	immune::Mic MKI67::AD_vs_NCI__Female__e2	validated_complete	AD_down_mito	0	0	9151	6066	5875	effective_query_below_minimum	skipped_effective_query_below_minimum	0	0	
mitochondrial_kda_run_manifest_v1	primary_Mic_MKI67_F_e2_AD_both_mito	primary	Mic MKI67	Microglia	F_e2	F_e2	immune::Mic MKI67::AD_vs_NCI__Female__e2	validated_complete	AD_both_mito	0	0	9151	6066	5875	effective_query_below_minimum	skipped_effective_query_below_minimum	0	0	
mitochondrial_kda_run_manifest_v1	primary_Mic_MKI67_F_e33_AD_up_mito	primary	Mic MKI67	Microglia	F_e33	F_e33	immune::Mic MKI67::AD_vs_NCI__Female__e33	validated_complete	AD_up_mito	0	0	8124	6185	5994	effective_query_below_minimum	skipped_effective_query_below_minimum	0	0	
mitochondrial_kda_run_manifest_v1	primary_Mic_MKI67_F_e33_AD_down_mito	primary	Mic MKI67	Microglia	F_e33	F_e33	immune::Mic MKI67::AD_vs_NCI__Female__e33	validated_complete	AD_down_mito	0	0	8124	6185	5994	effective_query_below_minimum	skipped_effective_query_below_minimum	0	0	
mitochondrial_kda_run_manifest_v1	primary_Mic_MKI67_F_e33_AD_both_mito	primary	Mic MKI67	Microglia	F_e33	F_e33	immune::Mic MKI67::AD_vs_NCI__Female__e33	validated_complete	AD_both_mito	0	0	8124	6185	5994	effective_query_below_minimum	skipped_effective_query_below_minimum	0	0	
mitochondrial_kda_run_manifest_v1	primary_Mic_MKI67_F_e4_AD_up_mito	primary	Mic MKI67	Microglia	F_e4	F_e4	immune::Mic MKI67::AD_vs_NCI__Female__e4	validated_complete	AD_up_mito	0	0	7664	6064	5873	effective_query_below_minimum	skipped_effective_query_below_minimum	0	0	
mitochondrial_kda_run_manifest_v1	primary_Mic_MKI67_F_e4_AD_down_mito	primary	Mic MKI67	Microglia	F_e4	F_e4	immune::Mic MKI67::AD_vs_NCI__Female__e4	validated_complete	AD_down_mito	1	0	7664	6064	5873	effective_query_below_minimum	skipped_effective_query_below_minimum	0	0	
mitochondrial_kda_run_manifest_v1	primary_Mic_MKI67_F_e4_AD_both_mito	primary	Mic MKI67	Microglia	F_e4	F_e4	immune::Mic MKI67::AD_vs_NCI__Female__e4	validated_complete	AD_both_mito	1	0	7664	6064	5873	effective_query_below_minimum	skipped_effective_query_below_minimum	0	0	
mitochondrial_kda_run_manifest_v1	primary_Mic_MKI67_M_e2_AD_up_mito	primary	Mic MKI67	Microglia	M_e2	M_e2	immune::Mic MKI67::AD_vs_NCI__Male__e2	not_estimable	AD_up_mito	0	0	0	0	0	source_contrast_not_validated	skipped_source_contrast_not_validated	0	0	
mitochondrial_kda_run_manifest_v1	primary_Mic_MKI67_M_e2_AD_down_mito	primary	Mic MKI67	Microglia	M_e2	M_e2	immune::Mic MKI67::AD_vs_NCI__Male__e2	not_estimable	AD_down_mito	0	0	0	0	0	source_contrast_not_validated	skipped_source_contrast_not_validated	0	0	
mitochondrial_kda_run_manifest_v1	primary_Mic_MKI67_M_e2_AD_both_mito	primary	Mic MKI67	Microglia	M_e2	M_e2	immune::Mic MKI67::AD_vs_NCI__Male__e2	not_estimable	AD_both_mito	0	0	0	0	0	source_contrast_not_validated	skipped_source_contrast_not_validated	0	0	
mitochondrial_kda_run_manifest_v1	primary_Mic_MKI67_M_e33_AD_up_mito	primary	Mic MKI67	Microglia	M_e33	M_e33	immune::Mic MKI67::AD_vs_NCI__Male__e33	validated_complete	AD_up_mito	0	0	6877	5798	5604	effective_query_below_minimum	skipped_effective_query_below_minimum	0	0	
mitochondrial_kda_run_manifest_v1	primary_Mic_MKI67_M_e33_AD_down_mito	primary	Mic MKI67	Microglia	M_e33	M_e33	immune::Mic MKI67::AD_vs_NCI__Male__e33	validated_complete	AD_down_mito	0	0	6877	5798	5604	effective_query_below_minimum	skipped_effective_query_below_minimum	0	0	
mitochondrial_kda_run_manifest_v1	primary_Mic_MKI67_M_e33_AD_both_mito	primary	Mic MKI67	Microglia	M_e33	M_e33	immune::Mic MKI67::AD_vs_NCI__Male__e33	validated_complete	AD_both_mito	0	0	6877	5798	5604	effective_query_below_minimum	skipped_effective_query_below_minimum	0	0	
mitochondrial_kda_run_manifest_v1	primary_Mic_MKI67_M_e4_AD_up_mito	primary	Mic MKI67	Microglia	M_e4	M_e4	immune::Mic MKI67::AD_vs_NCI__Male__e4	validated_complete	AD_up_mito	0	0	8399	5864	5682	effective_query_below_minimum	skipped_effective_query_below_minimum	0	0	
mitochondrial_kda_run_manifest_v1	primary_Mic_MKI67_M_e4_AD_down_mito	primary	Mic MKI67	Microglia	M_e4	M_e4	immune::Mic MKI67::AD_vs_NCI__Male__e4	validated_complete	AD_down_mito	0	0	8399	5864	5682	effective_query_below_minimum	skipped_effective_query_below_minimum	0	0	
mitochondrial_kda_run_manifest_v1	primary_Mic_MKI67_M_e4_AD_both_mito	primary	Mic MKI67	Microglia	M_e4	M_e4	immune::Mic MKI67::AD_vs_NCI__Male__e4	validated_complete	AD_both_mito	0	0	8399	5864	5682	effective_query_below_minimum	skipped_effective_query_below_minimum	0	0	
mitochondrial_kda_run_manifest_v1	secondary_Mic_MKI67_female_pool_AD_up_mito	secondary	Mic MKI67	Microglia	female_pool	F_e2;F_e33;F_e4	immune::Mic MKI67::AD_vs_NCI__Female__e2;immune::Mic MKI67::AD_vs_NCI__Female__e33;immune::Mic MKI67::AD_vs_NCI__Female__e4	validated_complete;validated_complete;validated_complete	AD_up_mito	0	0	6630	5628	5447	effective_query_below_minimum	skipped_effective_query_below_minimum	0	0	
mitochondrial_kda_run_manifest_v1	secondary_Mic_MKI67_female_pool_AD_down_mito	secondary	Mic MKI67	Microglia	female_pool	F_e2;F_e33;F_e4	immune::Mic MKI67::AD_vs_NCI__Female__e2;immune::Mic MKI67::AD_vs_NCI__Female__e33;immune::Mic MKI67::AD_vs_NCI__Female__e4	validated_complete;validated_complete;validated_complete	AD_down_mito	1	0	6630	5628	5447	effective_query_below_minimum	skipped_effective_query_below_minimum	0	0	
mitochondrial_kda_run_manifest_v1	secondary_Mic_MKI67_female_pool_AD_both_mito	secondary	Mic MKI67	Microglia	female_pool	F_e2;F_e33;F_e4	immune::Mic MKI67::AD_vs_NCI__Female__e2;immune::Mic MKI67::AD_vs_NCI__Female__e33;immune::Mic MKI67::AD_vs_NCI__Female__e4	validated_complete;validated_complete;validated_complete	AD_both_mito	1	0	6630	5628	5447	effective_query_below_minimum	skipped_effective_query_below_minimum	0	0	
mitochondrial_kda_run_manifest_v1	secondary_Mic_MKI67_male_pool_AD_up_mito	secondary	Mic MKI67	Microglia	male_pool	M_e2;M_e33;M_e4	immune::Mic MKI67::AD_vs_NCI__Male__e2;immune::Mic MKI67::AD_vs_NCI__Male__e33;immune::Mic MKI67::AD_vs_NCI__Male__e4	not_estimable;validated_complete;validated_complete	AD_up_mito	0	0	0	0	0	source_contrast_not_validated	skipped_source_contrast_not_validated	0	0	
mitochondrial_kda_run_manifest_v1	secondary_Mic_MKI67_male_pool_AD_down_mito	secondary	Mic MKI67	Microglia	male_pool	M_e2;M_e33;M_e4	immune::Mic MKI67::AD_vs_NCI__Male__e2;immune::Mic MKI67::AD_vs_NCI__Male__e33;immune::Mic MKI67::AD_vs_NCI__Male__e4	not_estimable;validated_complete;validated_complete	AD_down_mito	0	0	0	0	0	source_contrast_not_validated	skipped_source_contrast_not_validated	0	0	
mitochondrial_kda_run_manifest_v1	secondary_Mic_MKI67_male_pool_AD_both_mito	secondary	Mic MKI67	Microglia	male_pool	M_e2;M_e33;M_e4	immune::Mic MKI67::AD_vs_NCI__Male__e2;immune::Mic MKI67::AD_vs_NCI__Male__e33;immune::Mic MKI67::AD_vs_NCI__Male__e4	not_estimable;validated_complete;validated_complete	AD_both_mito	0	0	0	0	0	source_contrast_not_validated	skipped_source_contrast_not_validated	0	0	
mitochondrial_kda_run_manifest_v1	secondary_Mic_MKI67_e2_pool_AD_up_mito	secondary	Mic MKI67	Microglia	e2_pool	F_e2;M_e2	immune::Mic MKI67::AD_vs_NCI__Female__e2;immune::Mic MKI67::AD_vs_NCI__Male__e2	validated_complete;not_estimable	AD_up_mito	0	0	0	0	0	source_contrast_not_validated	skipped_source_contrast_not_validated	0	0	
mitochondrial_kda_run_manifest_v1	secondary_Mic_MKI67_e2_pool_AD_down_mito	secondary	Mic MKI67	Microglia	e2_pool	F_e2;M_e2	immune::Mic MKI67::AD_vs_NCI__Female__e2;immune::Mic MKI67::AD_vs_NCI__Male__e2	validated_complete;not_estimable	AD_down_mito	0	0	0	0	0	source_contrast_not_validated	skipped_source_contrast_not_validated	0	0	
mitochondrial_kda_run_manifest_v1	secondary_Mic_MKI67_e2_pool_AD_both_mito	secondary	Mic MKI67	Microglia	e2_pool	F_e2;M_e2	immune::Mic MKI67::AD_vs_NCI__Female__e2;immune::Mic MKI67::AD_vs_NCI__Male__e2	validated_complete;not_estimable	AD_both_mito	0	0	0	0	0	source_contrast_not_validated	skipped_source_contrast_not_validated	0	0	
mitochondrial_kda_run_manifest_v1	secondary_Mic_MKI67_e33_pool_AD_up_mito	secondary	Mic MKI67	Microglia	e33_pool	F_e33;M_e33	immune::Mic MKI67::AD_vs_NCI__Female__e33;immune::Mic MKI67::AD_vs_NCI__Male__e33	validated_complete;validated_complete	AD_up_mito	0	0	6619	5691	5501	effective_query_below_minimum	skipped_effective_query_below_minimum	0	0	
mitochondrial_kda_run_manifest_v1	secondary_Mic_MKI67_e33_pool_AD_down_mito	secondary	Mic MKI67	Microglia	e33_pool	F_e33;M_e33	immune::Mic MKI67::AD_vs_NCI__Female__e33;immune::Mic MKI67::AD_vs_NCI__Male__e33	validated_complete;validated_complete	AD_down_mito	0	0	6619	5691	5501	effective_query_below_minimum	skipped_effective_query_below_minimum	0	0	
mitochondrial_kda_run_manifest_v1	secondary_Mic_MKI67_e33_pool_AD_both_mito	secondary	Mic MKI67	Microglia	e33_pool	F_e33;M_e33	immune::Mic MKI67::AD_vs_NCI__Female__e33;immune::Mic MKI67::AD_vs_NCI__Male__e33	validated_complete;validated_complete	AD_both_mito	0	0	6619	5691	5501	effective_query_below_minimum	skipped_effective_query_below_minimum	0	0	
mitochondrial_kda_run_manifest_v1	secondary_Mic_MKI67_e4_pool_AD_up_mito	secondary	Mic MKI67	Microglia	e4_pool	F_e4;M_e4	immune::Mic MKI67::AD_vs_NCI__Female__e4;immune::Mic MKI67::AD_vs_NCI__Male__e4	validated_complete;validated_complete	AD_up_mito	0	0	6677	5593	5412	effective_query_below_minimum	skipped_effective_query_below_minimum	0	0	
mitochondrial_kda_run_manifest_v1	secondary_Mic_MKI67_e4_pool_AD_down_mito	secondary	Mic MKI67	Microglia	e4_pool	F_e4;M_e4	immune::Mic MKI67::AD_vs_NCI__Female__e4;immune::Mic MKI67::AD_vs_NCI__Male__e4	validated_complete;validated_complete	AD_down_mito	1	0	6677	5593	5412	effective_query_below_minimum	skipped_effective_query_below_minimum	0	0	
mitochondrial_kda_run_manifest_v1	secondary_Mic_MKI67_e4_pool_AD_both_mito	secondary	Mic MKI67	Microglia	e4_pool	F_e4;M_e4	immune::Mic MKI67::AD_vs_NCI__Female__e4;immune::Mic MKI67::AD_vs_NCI__Male__e4	validated_complete;validated_complete	AD_both_mito	1	0	6677	5593	5412	effective_query_below_minimum	skipped_effective_query_below_minimum	0	0	
mitochondrial_kda_run_manifest_v1	primary_Mic_P2RY12_F_e2_AD_up_mito	primary	Mic P2RY12	Microglia	F_e2	F_e2	immune::Mic P2RY12::AD_vs_NCI__Female__e2	validated_complete	AD_up_mito	5	5	4654	4529	4335	eligible	completed_significant	5	0.1099999999999	
mitochondrial_kda_run_manifest_v1	primary_Mic_P2RY12_F_e2_AD_down_mito	primary	Mic P2RY12	Microglia	F_e2	F_e2	immune::Mic P2RY12::AD_vs_NCI__Female__e2	validated_complete	AD_down_mito	20	20	4654	4529	4335	eligible	completed_significant	4	0.605999999999995	
mitochondrial_kda_run_manifest_v1	primary_Mic_P2RY12_F_e2_AD_both_mito	primary	Mic P2RY12	Microglia	F_e2	F_e2	immune::Mic P2RY12::AD_vs_NCI__Female__e2	validated_complete	AD_both_mito	25	25	4654	4529	4335	eligible	completed_significant	1	0.712999999999965	
mitochondrial_kda_run_manifest_v1	primary_Mic_P2RY12_F_e33_AD_up_mito	primary	Mic P2RY12	Microglia	F_e33	F_e33	immune::Mic P2RY12::AD_vs_NCI__Female__e33	validated_complete	AD_up_mito	3	2	5145	4963	4764	effective_query_below_minimum	skipped_effective_query_below_minimum	0	0	
mitochondrial_kda_run_manifest_v1	primary_Mic_P2RY12_F_e33_AD_down_mito	primary	Mic P2RY12	Microglia	F_e33	F_e33	immune::Mic P2RY12::AD_vs_NCI__Female__e33	validated_complete	AD_down_mito	0	0	5145	4963	4764	effective_query_below_minimum	skipped_effective_query_below_minimum	0	0	
mitochondrial_kda_run_manifest_v1	primary_Mic_P2RY12_F_e33_AD_both_mito	primary	Mic P2RY12	Microglia	F_e33	F_e33	immune::Mic P2RY12::AD_vs_NCI__Female__e33	validated_complete	AD_both_mito	3	2	5145	4963	4764	effective_query_below_minimum	skipped_effective_query_below_minimum	0	0	
mitochondrial_kda_run_manifest_v1	primary_Mic_P2RY12_F_e4_AD_up_mito	primary	Mic P2RY12	Microglia	F_e4	F_e4	immune::Mic P2RY12::AD_vs_NCI__Female__e4	validated_complete	AD_up_mito	8	8	5385	5162	4963	eligible	completed_significant	2	0.121000000000095	
mitochondrial_kda_run_manifest_v1	primary_Mic_P2RY12_F_e4_AD_down_mito	primary	Mic P2RY12	Microglia	F_e4	F_e4	immune::Mic P2RY12::AD_vs_NCI__Female__e4	validated_complete	AD_down_mito	11	7	5385	5162	4963	eligible	completed_no_significant	0	0.33400000000006	
mitochondrial_kda_run_manifest_v1	primary_Mic_P2RY12_F_e4_AD_both_mito	primary	Mic P2RY12	Microglia	F_e4	F_e4	immune::Mic P2RY12::AD_vs_NCI__Female__e4	validated_complete	AD_both_mito	19	15	5385	5162	4963	eligible	completed_significant	2	0.416999999999916	
mitochondrial_kda_run_manifest_v1	primary_Mic_P2RY12_M_e2_AD_up_mito	primary	Mic P2RY12	Microglia	M_e2	M_e2	immune::Mic P2RY12::AD_vs_NCI__Male__e2	validated_complete	AD_up_mito	41	40	4337	4205	4022	eligible	completed_no_significant	0	1.10500000000002	
mitochondrial_kda_run_manifest_v1	primary_Mic_P2RY12_M_e2_AD_down_mito	primary	Mic P2RY12	Microglia	M_e2	M_e2	immune::Mic P2RY12::AD_vs_NCI__Male__e2	validated_complete	AD_down_mito	47	45	4337	4205	4022	eligible	completed_significant	6	1.05300000000011	
mitochondrial_kda_run_manifest_v1	primary_Mic_P2RY12_M_e2_AD_both_mito	primary	Mic P2RY12	Microglia	M_e2	M_e2	immune::Mic P2RY12::AD_vs_NCI__Male__e2	validated_complete	AD_both_mito	88	85	4337	4205	4022	eligible	completed_significant	3	1.72199999999998	
mitochondrial_kda_run_manifest_v1	primary_Mic_P2RY12_M_e33_AD_up_mito	primary	Mic P2RY12	Microglia	M_e33	M_e33	immune::Mic P2RY12::AD_vs_NCI__Male__e33	validated_complete	AD_up_mito	7	7	4705	4569	4372	eligible	completed_significant	6	0.0820000000001073	
mitochondrial_kda_run_manifest_v1	primary_Mic_P2RY12_M_e33_AD_down_mito	primary	Mic P2RY12	Microglia	M_e33	M_e33	immune::Mic P2RY12::AD_vs_NCI__Male__e33	validated_complete	AD_down_mito	4	4	4705	4569	4372	eligible	completed_significant	4	0.0630000000001019	
mitochondrial_kda_run_manifest_v1	primary_Mic_P2RY12_M_e33_AD_both_mito	primary	Mic P2RY12	Microglia	M_e33	M_e33	immune::Mic P2RY12::AD_vs_NCI__Male__e33	validated_complete	AD_both_mito	11	11	4705	4569	4372	eligible	completed_significant	3	0.138999999999896	
mitochondrial_kda_run_manifest_v1	primary_Mic_P2RY12_M_e4_AD_up_mito	primary	Mic P2RY12	Microglia	M_e4	M_e4	immune::Mic P2RY12::AD_vs_NCI__Male__e4	validated_complete	AD_up_mito	16	12	4966	4806	4607	eligible	completed_significant	1	0.405999999999949	
mitochondrial_kda_run_manifest_v1	primary_Mic_P2RY12_M_e4_AD_down_mito	primary	Mic P2RY12	Microglia	M_e4	M_e4	immune::Mic P2RY12::AD_vs_NCI__Male__e4	validated_complete	AD_down_mito	18	17	4966	4806	4607	eligible	completed_significant	6	0.36200000000008	
mitochondrial_kda_run_manifest_v1	primary_Mic_P2RY12_M_e4_AD_both_mito	primary	Mic P2RY12	Microglia	M_e4	M_e4	immune::Mic P2RY12::AD_vs_NCI__Male__e4	validated_complete	AD_both_mito	34	29	4966	4806	4607	eligible	completed_significant	4	0.754000000000133	
mitochondrial_kda_run_manifest_v1	secondary_Mic_P2RY12_female_pool_AD_up_mito	secondary	Mic P2RY12	Microglia	female_pool	F_e2;F_e33;F_e4	immune::Mic P2RY12::AD_vs_NCI__Female__e2;immune::Mic P2RY12::AD_vs_NCI__Female__e33;immune::Mic P2RY12::AD_vs_NCI__Female__e4	validated_complete;validated_complete;validated_complete	AD_up_mito	16	15	4598	4493	4299	eligible	completed_significant	6	0.19399999999996	
mitochondrial_kda_run_manifest_v1	secondary_Mic_P2RY12_female_pool_AD_down_mito	secondary	Mic P2RY12	Microglia	female_pool	F_e2;F_e33;F_e4	immune::Mic P2RY12::AD_vs_NCI__Female__e2;immune::Mic P2RY12::AD_vs_NCI__Female__e33;immune::Mic P2RY12::AD_vs_NCI__Female__e4	validated_complete;validated_complete;validated_complete	AD_down_mito	31	23	4598	4493	4299	eligible	completed_significant	3	0.676000000000158	
mitochondrial_kda_run_manifest_v1	secondary_Mic_P2RY12_female_pool_AD_both_mito	secondary	Mic P2RY12	Microglia	female_pool	F_e2;F_e33;F_e4	immune::Mic P2RY12::AD_vs_NCI__Female__e2;immune::Mic P2RY12::AD_vs_NCI__Female__e33;immune::Mic P2RY12::AD_vs_NCI__Female__e4	validated_complete;validated_complete;validated_complete	AD_both_mito	47	38	4598	4493	4299	eligible	completed_significant	2	0.827999999999975	
mitochondrial_kda_run_manifest_v1	secondary_Mic_P2RY12_male_pool_AD_up_mito	secondary	Mic P2RY12	Microglia	male_pool	M_e2;M_e33;M_e4	immune::Mic P2RY12::AD_vs_NCI__Male__e2;immune::Mic P2RY12::AD_vs_NCI__Male__e33;immune::Mic P2RY12::AD_vs_NCI__Male__e4	validated_complete;validated_complete;validated_complete	AD_up_mito	64	53	4196	4110	3927	eligible	completed_significant	1	1.20700000000011	
mitochondrial_kda_run_manifest_v1	secondary_Mic_P2RY12_male_pool_AD_down_mito	secondary	Mic P2RY12	Microglia	male_pool	M_e2;M_e33;M_e4	immune::Mic P2RY12::AD_vs_NCI__Male__e2;immune::Mic P2RY12::AD_vs_NCI__Male__e33;immune::Mic P2RY12::AD_vs_NCI__Male__e4	validated_complete;validated_complete;validated_complete	AD_down_mito	61	52	4196	4110	3927	eligible	completed_significant	6	1.18900000000008	
mitochondrial_kda_run_manifest_v1	secondary_Mic_P2RY12_male_pool_AD_both_mito	secondary	Mic P2RY12	Microglia	male_pool	M_e2;M_e33;M_e4	immune::Mic P2RY12::AD_vs_NCI__Male__e2;immune::Mic P2RY12::AD_vs_NCI__Male__e33;immune::Mic P2RY12::AD_vs_NCI__Male__e4	validated_complete;validated_complete;validated_complete	AD_both_mito	116	97	4196	4110	3927	eligible	completed_significant	3	1.50900000000001	
mitochondrial_kda_run_manifest_v1	secondary_Mic_P2RY12_e2_pool_AD_up_mito	secondary	Mic P2RY12	Microglia	e2_pool	F_e2;M_e2	immune::Mic P2RY12::AD_vs_NCI__Female__e2;immune::Mic P2RY12::AD_vs_NCI__Male__e2	validated_complete;validated_complete	AD_up_mito	41	39	4217	4129	3947	eligible	completed_no_significant	0	1.25500000000011	
mitochondrial_kda_run_manifest_v1	secondary_Mic_P2RY12_e2_pool_AD_down_mito	secondary	Mic P2RY12	Microglia	e2_pool	F_e2;M_e2	immune::Mic P2RY12::AD_vs_NCI__Female__e2;immune::Mic P2RY12::AD_vs_NCI__Male__e2	validated_complete;validated_complete	AD_down_mito	61	58	4217	4129	3947	eligible	completed_significant	7	1.04700000000003	
mitochondrial_kda_run_manifest_v1	secondary_Mic_P2RY12_e2_pool_AD_both_mito	secondary	Mic P2RY12	Microglia	e2_pool	F_e2;M_e2	immune::Mic P2RY12::AD_vs_NCI__Female__e2;immune::Mic P2RY12::AD_vs_NCI__Male__e2	validated_complete;validated_complete	AD_both_mito	99	94	4217	4129	3947	eligible	completed_significant	3	1.44399999999996	
mitochondrial_kda_run_manifest_v1	secondary_Mic_P2RY12_e33_pool_AD_up_mito	secondary	Mic P2RY12	Microglia	e33_pool	F_e33;M_e33	immune::Mic P2RY12::AD_vs_NCI__Female__e33;immune::Mic P2RY12::AD_vs_NCI__Male__e33	validated_complete;validated_complete	AD_up_mito	9	7	4673	4555	4359	eligible	completed_significant	7	0.0540000000000873	
mitochondrial_kda_run_manifest_v1	secondary_Mic_P2RY12_e33_pool_AD_down_mito	secondary	Mic P2RY12	Microglia	e33_pool	F_e33;M_e33	immune::Mic P2RY12::AD_vs_NCI__Female__e33;immune::Mic P2RY12::AD_vs_NCI__Male__e33	validated_complete;validated_complete	AD_down_mito	4	4	4673	4555	4359	eligible	completed_significant	4	0.0640000000000782	
mitochondrial_kda_run_manifest_v1	secondary_Mic_P2RY12_e33_pool_AD_both_mito	secondary	Mic P2RY12	Microglia	e33_pool	F_e33;M_e33	immune::Mic P2RY12::AD_vs_NCI__Female__e33;immune::Mic P2RY12::AD_vs_NCI__Male__e33	validated_complete;validated_complete	AD_both_mito	13	11	4673	4555	4359	eligible	completed_significant	9	0.121000000000095	
mitochondrial_kda_run_manifest_v1	secondary_Mic_P2RY12_e4_pool_AD_up_mito	secondary	Mic P2RY12	Microglia	e4_pool	F_e4;M_e4	immune::Mic P2RY12::AD_vs_NCI__Female__e4;immune::Mic P2RY12::AD_vs_NCI__Male__e4	validated_complete;validated_complete	AD_up_mito	24	20	4895	4761	4562	eligible	completed_significant	3	0.530999999999949	
mitochondrial_kda_run_manifest_v1	secondary_Mic_P2RY12_e4_pool_AD_down_mito	secondary	Mic P2RY12	Microglia	e4_pool	F_e4;M_e4	immune::Mic P2RY12::AD_vs_NCI__Female__e4;immune::Mic P2RY12::AD_vs_NCI__Male__e4	validated_complete;validated_complete	AD_down_mito	29	18	4895	4761	4562	eligible	completed_significant	4	0.510999999999967	
mitochondrial_kda_run_manifest_v1	secondary_Mic_P2RY12_e4_pool_AD_both_mito	secondary	Mic P2RY12	Microglia	e4_pool	F_e4;M_e4	immune::Mic P2RY12::AD_vs_NCI__Female__e4;immune::Mic P2RY12::AD_vs_NCI__Male__e4	validated_complete;validated_complete	AD_both_mito	52	37	4895	4761	4562	eligible	completed_significant	4	0.8900000000001	
mitochondrial_kda_run_manifest_v1	primary_Mic_TPT1_F_e2_AD_up_mito	primary	Mic TPT1	Microglia	F_e2	F_e2	immune::Mic TPT1::AD_vs_NCI__Female__e2	validated_complete	AD_up_mito	0	0	5604	5241	5044	effective_query_below_minimum	skipped_effective_query_below_minimum	0	0	
mitochondrial_kda_run_manifest_v1	primary_Mic_TPT1_F_e2_AD_down_mito	primary	Mic TPT1	Microglia	F_e2	F_e2	immune::Mic TPT1::AD_vs_NCI__Female__e2	validated_complete	AD_down_mito	0	0	5604	5241	5044	effective_query_below_minimum	skipped_effective_query_below_minimum	0	0	
mitochondrial_kda_run_manifest_v1	primary_Mic_TPT1_F_e2_AD_both_mito	primary	Mic TPT1	Microglia	F_e2	F_e2	immune::Mic TPT1::AD_vs_NCI__Female__e2	validated_complete	AD_both_mito	0	0	5604	5241	5044	effective_query_below_minimum	skipped_effective_query_below_minimum	0	0	
mitochondrial_kda_run_manifest_v1	primary_Mic_TPT1_F_e33_AD_up_mito	primary	Mic TPT1	Microglia	F_e33	F_e33	immune::Mic TPT1::AD_vs_NCI__Female__e33	validated_complete	AD_up_mito	1	0	5685	5359	5161	effective_query_below_minimum	skipped_effective_query_below_minimum	0	0	
mitochondrial_kda_run_manifest_v1	primary_Mic_TPT1_F_e33_AD_down_mito	primary	Mic TPT1	Microglia	F_e33	F_e33	immune::Mic TPT1::AD_vs_NCI__Female__e33	validated_complete	AD_down_mito	0	0	5685	5359	5161	effective_query_below_minimum	skipped_effective_query_below_minimum	0	0	
mitochondrial_kda_run_manifest_v1	primary_Mic_TPT1_F_e33_AD_both_mito	primary	Mic TPT1	Microglia	F_e33	F_e33	immune::Mic TPT1::AD_vs_NCI__Female__e33	validated_complete	AD_both_mito	1	0	5685	5359	5161	effective_query_below_minimum	skipped_effective_query_below_minimum	0	0	
mitochondrial_kda_run_manifest_v1	primary_Mic_TPT1_F_e4_AD_up_mito	primary	Mic TPT1	Microglia	F_e4	F_e4	immune::Mic TPT1::AD_vs_NCI__Female__e4	validated_complete	AD_up_mito	8	5	5761	5365	5165	eligible	completed_significant	10	0.0740000000000691	
mitochondrial_kda_run_manifest_v1	primary_Mic_TPT1_F_e4_AD_down_mito	primary	Mic TPT1	Microglia	F_e4	F_e4	immune::Mic TPT1::AD_vs_NCI__Female__e4	validated_complete	AD_down_mito	2	2	5761	5365	5165	effective_query_below_minimum	skipped_effective_query_below_minimum	0	0	
mitochondrial_kda_run_manifest_v1	primary_Mic_TPT1_F_e4_AD_both_mito	primary	Mic TPT1	Microglia	F_e4	F_e4	immune::Mic TPT1::AD_vs_NCI__Female__e4	validated_complete	AD_both_mito	10	7	5761	5365	5165	eligible	completed_significant	1	0.287000000000035	
mitochondrial_kda_run_manifest_v1	primary_Mic_TPT1_M_e2_AD_up_mito	primary	Mic TPT1	Microglia	M_e2	M_e2	immune::Mic TPT1::AD_vs_NCI__Male__e2	validated_complete	AD_up_mito	0	0	4586	4217	4039	effective_query_below_minimum	skipped_effective_query_below_minimum	0	0	
mitochondrial_kda_run_manifest_v1	primary_Mic_TPT1_M_e2_AD_down_mito	primary	Mic TPT1	Microglia	M_e2	M_e2	immune::Mic TPT1::AD_vs_NCI__Male__e2	validated_complete	AD_down_mito	0	0	4586	4217	4039	effective_query_below_minimum	skipped_effective_query_below_minimum	0	0	
mitochondrial_kda_run_manifest_v1	primary_Mic_TPT1_M_e2_AD_both_mito	primary	Mic TPT1	Microglia	M_e2	M_e2	immune::Mic TPT1::AD_vs_NCI__Male__e2	validated_complete	AD_both_mito	0	0	4586	4217	4039	effective_query_below_minimum	skipped_effective_query_below_minimum	0	0	
mitochondrial_kda_run_manifest_v1	primary_Mic_TPT1_M_e33_AD_up_mito	primary	Mic TPT1	Microglia	M_e33	M_e33	immune::Mic TPT1::AD_vs_NCI__Male__e33	validated_complete	AD_up_mito	1	1	5308	5059	4861	effective_query_below_minimum	skipped_effective_query_below_minimum	0	0	
mitochondrial_kda_run_manifest_v1	primary_Mic_TPT1_M_e33_AD_down_mito	primary	Mic TPT1	Microglia	M_e33	M_e33	immune::Mic TPT1::AD_vs_NCI__Male__e33	validated_complete	AD_down_mito	2	2	5308	5059	4861	effective_query_below_minimum	skipped_effective_query_below_minimum	0	0	
mitochondrial_kda_run_manifest_v1	primary_Mic_TPT1_M_e33_AD_both_mito	primary	Mic TPT1	Microglia	M_e33	M_e33	immune::Mic TPT1::AD_vs_NCI__Male__e33	validated_complete	AD_both_mito	3	3	5308	5059	4861	eligible	completed_no_significant	0	0.155999999999949	
mitochondrial_kda_run_manifest_v1	primary_Mic_TPT1_M_e4_AD_up_mito	primary	Mic TPT1	Microglia	M_e4	M_e4	immune::Mic TPT1::AD_vs_NCI__Male__e4	validated_complete	AD_up_mito	2	2	5750	5300	5101	effective_query_below_minimum	skipped_effective_query_below_minimum	0	0	
mitochondrial_kda_run_manifest_v1	primary_Mic_TPT1_M_e4_AD_down_mito	primary	Mic TPT1	Microglia	M_e4	M_e4	immune::Mic TPT1::AD_vs_NCI__Male__e4	validated_complete	AD_down_mito	13	12	5750	5300	5101	eligible	completed_significant	4	0.157999999999902	
mitochondrial_kda_run_manifest_v1	primary_Mic_TPT1_M_e4_AD_both_mito	primary	Mic TPT1	Microglia	M_e4	M_e4	immune::Mic TPT1::AD_vs_NCI__Male__e4	validated_complete	AD_both_mito	15	14	5750	5300	5101	eligible	completed_significant	6	0.284000000000106	
mitochondrial_kda_run_manifest_v1	secondary_Mic_TPT1_female_pool_AD_up_mito	secondary	Mic TPT1	Microglia	female_pool	F_e2;F_e33;F_e4	immune::Mic TPT1::AD_vs_NCI__Female__e2;immune::Mic TPT1::AD_vs_NCI__Female__e33;immune::Mic TPT1::AD_vs_NCI__Female__e4	validated_complete;validated_complete;validated_complete	AD_up_mito	9	5	5052	4869	4671	eligible	completed_significant	10	0.0610000000001492	
mitochondrial_kda_run_manifest_v1	secondary_Mic_TPT1_female_pool_AD_down_mito	secondary	Mic TPT1	Microglia	female_pool	F_e2;F_e33;F_e4	immune::Mic TPT1::AD_vs_NCI__Female__e2;immune::Mic TPT1::AD_vs_NCI__Female__e33;immune::Mic TPT1::AD_vs_NCI__Female__e4	validated_complete;validated_complete;validated_complete	AD_down_mito	2	1	5052	4869	4671	effective_query_below_minimum	skipped_effective_query_below_minimum	0	0	
mitochondrial_kda_run_manifest_v1	secondary_Mic_TPT1_female_pool_AD_both_mito	secondary	Mic TPT1	Microglia	female_pool	F_e2;F_e33;F_e4	immune::Mic TPT1::AD_vs_NCI__Female__e2;immune::Mic TPT1::AD_vs_NCI__Female__e33;immune::Mic TPT1::AD_vs_NCI__Female__e4	validated_complete;validated_complete;validated_complete	AD_both_mito	11	6	5052	4869	4671	eligible	completed_significant	1	0.176999999999907	
mitochondrial_kda_run_manifest_v1	secondary_Mic_TPT1_male_pool_AD_up_mito	secondary	Mic TPT1	Microglia	male_pool	M_e2;M_e33;M_e4	immune::Mic TPT1::AD_vs_NCI__Male__e2;immune::Mic TPT1::AD_vs_NCI__Male__e33;immune::Mic TPT1::AD_vs_NCI__Male__e4	validated_complete;validated_complete;validated_complete	AD_up_mito	3	3	3980	3879	3700	eligible	completed_significant	5	0.104000000000042	
mitochondrial_kda_run_manifest_v1	secondary_Mic_TPT1_male_pool_AD_down_mito	secondary	Mic TPT1	Microglia	male_pool	M_e2;M_e33;M_e4	immune::Mic TPT1::AD_vs_NCI__Male__e2;immune::Mic TPT1::AD_vs_NCI__Male__e33;immune::Mic TPT1::AD_vs_NCI__Male__e4	validated_complete;validated_complete;validated_complete	AD_down_mito	15	14	3980	3879	3700	eligible	completed_significant	4	0.261999999999944	
mitochondrial_kda_run_manifest_v1	secondary_Mic_TPT1_male_pool_AD_both_mito	secondary	Mic TPT1	Microglia	male_pool	M_e2;M_e33;M_e4	immune::Mic TPT1::AD_vs_NCI__Male__e2;immune::Mic TPT1::AD_vs_NCI__Male__e33;immune::Mic TPT1::AD_vs_NCI__Male__e4	validated_complete;validated_complete;validated_complete	AD_both_mito	16	15	3980	3879	3700	eligible	completed_significant	6	0.238000000000056	
mitochondrial_kda_run_manifest_v1	secondary_Mic_TPT1_e2_pool_AD_up_mito	secondary	Mic TPT1	Microglia	e2_pool	F_e2;M_e2	immune::Mic TPT1::AD_vs_NCI__Female__e2;immune::Mic TPT1::AD_vs_NCI__Male__e2	validated_complete;validated_complete	AD_up_mito	0	0	4135	3996	3818	effective_query_below_minimum	skipped_effective_query_below_minimum	0	0	
mitochondrial_kda_run_manifest_v1	secondary_Mic_TPT1_e2_pool_AD_down_mito	secondary	Mic TPT1	Microglia	e2_pool	F_e2;M_e2	immune::Mic TPT1::AD_vs_NCI__Female__e2;immune::Mic TPT1::AD_vs_NCI__Male__e2	validated_complete;validated_complete	AD_down_mito	0	0	4135	3996	3818	effective_query_below_minimum	skipped_effective_query_below_minimum	0	0	
mitochondrial_kda_run_manifest_v1	secondary_Mic_TPT1_e2_pool_AD_both_mito	secondary	Mic TPT1	Microglia	e2_pool	F_e2;M_e2	immune::Mic TPT1::AD_vs_NCI__Female__e2;immune::Mic TPT1::AD_vs_NCI__Male__e2	validated_complete;validated_complete	AD_both_mito	0	0	4135	3996	3818	effective_query_below_minimum	skipped_effective_query_below_minimum	0	0	
mitochondrial_kda_run_manifest_v1	secondary_Mic_TPT1_e33_pool_AD_up_mito	secondary	Mic TPT1	Microglia	e33_pool	F_e33;M_e33	immune::Mic TPT1::AD_vs_NCI__Female__e33;immune::Mic TPT1::AD_vs_NCI__Male__e33	validated_complete;validated_complete	AD_up_mito	2	1	5149	4944	4746	effective_query_below_minimum	skipped_effective_query_below_minimum	0	0	
mitochondrial_kda_run_manifest_v1	secondary_Mic_TPT1_e33_pool_AD_down_mito	secondary	Mic TPT1	Microglia	e33_pool	F_e33;M_e33	immune::Mic TPT1::AD_vs_NCI__Female__e33;immune::Mic TPT1::AD_vs_NCI__Male__e33	validated_complete;validated_complete	AD_down_mito	2	2	5149	4944	4746	effective_query_below_minimum	skipped_effective_query_below_minimum	0	0	
mitochondrial_kda_run_manifest_v1	secondary_Mic_TPT1_e33_pool_AD_both_mito	secondary	Mic TPT1	Microglia	e33_pool	F_e33;M_e33	immune::Mic TPT1::AD_vs_NCI__Female__e33;immune::Mic TPT1::AD_vs_NCI__Male__e33	validated_complete;validated_complete	AD_both_mito	4	3	5149	4944	4746	eligible	completed_no_significant	0	0.153999999999996	
mitochondrial_kda_run_manifest_v1	secondary_Mic_TPT1_e4_pool_AD_up_mito	secondary	Mic TPT1	Microglia	e4_pool	F_e4;M_e4	immune::Mic TPT1::AD_vs_NCI__Female__e4;immune::Mic TPT1::AD_vs_NCI__Male__e4	validated_complete;validated_complete	AD_up_mito	10	7	5235	4991	4793	eligible	completed_significant	5	0.167999999999893	
mitochondrial_kda_run_manifest_v1	secondary_Mic_TPT1_e4_pool_AD_down_mito	secondary	Mic TPT1	Microglia	e4_pool	F_e4;M_e4	immune::Mic TPT1::AD_vs_NCI__Female__e4;immune::Mic TPT1::AD_vs_NCI__Male__e4	validated_complete;validated_complete	AD_down_mito	15	13	5235	4991	4793	eligible	completed_significant	4	0.279999999999973	
mitochondrial_kda_run_manifest_v1	secondary_Mic_TPT1_e4_pool_AD_both_mito	secondary	Mic TPT1	Microglia	e4_pool	F_e4;M_e4	immune::Mic TPT1::AD_vs_NCI__Female__e4;immune::Mic TPT1::AD_vs_NCI__Male__e4	validated_complete;validated_complete	AD_both_mito	23	18	5235	4991	4793	eligible	completed_significant	5	0.398000000000138	
mitochondrial_kda_run_manifest_v1	primary_Oli_F_e2_AD_up_mito	primary	Oli	Oligodendrocytes	F_e2	F_e2	oligodendrocytes::Oli::AD_vs_NCI__Female__e2	validated_complete	AD_up_mito	10	8	6273	6366	5751	eligible	completed_no_significant	0	0.352999999999838	
mitochondrial_kda_run_manifest_v1	primary_Oli_F_e2_AD_down_mito	primary	Oli	Oligodendrocytes	F_e2	F_e2	oligodendrocytes::Oli::AD_vs_NCI__Female__e2	validated_complete	AD_down_mito	2	0	6273	6366	5751	effective_query_below_minimum	skipped_effective_query_below_minimum	0	0	
mitochondrial_kda_run_manifest_v1	primary_Oli_F_e2_AD_both_mito	primary	Oli	Oligodendrocytes	F_e2	F_e2	oligodendrocytes::Oli::AD_vs_NCI__Female__e2	validated_complete	AD_both_mito	12	8	6273	6366	5751	eligible	completed_no_significant	0	0.330999999999904	
mitochondrial_kda_run_manifest_v1	primary_Oli_F_e33_AD_up_mito	primary	Oli	Oligodendrocytes	F_e33	F_e33	oligodendrocytes::Oli::AD_vs_NCI__Female__e33	validated_complete	AD_up_mito	10	9	5711	5866	5269	eligible	completed_significant	2	0.271999999999935	
mitochondrial_kda_run_manifest_v1	primary_Oli_F_e33_AD_down_mito	primary	Oli	Oligodendrocytes	F_e33	F_e33	oligodendrocytes::Oli::AD_vs_NCI__Female__e33	validated_complete	AD_down_mito	1	1	5711	5866	5269	effective_query_below_minimum	skipped_effective_query_below_minimum	0	0	
mitochondrial_kda_run_manifest_v1	primary_Oli_F_e33_AD_both_mito	primary	Oli	Oligodendrocytes	F_e33	F_e33	oligodendrocytes::Oli::AD_vs_NCI__Female__e33	validated_complete	AD_both_mito	11	10	5711	5866	5269	eligible	completed_significant	2	0.298000000000002	
mitochondrial_kda_run_manifest_v1	primary_Oli_F_e4_AD_up_mito	primary	Oli	Oligodendrocytes	F_e4	F_e4	oligodendrocytes::Oli::AD_vs_NCI__Female__e4	validated_complete	AD_up_mito	0	0	6053	6199	5568	effective_query_below_minimum	skipped_effective_query_below_minimum	0	0	
mitochondrial_kda_run_manifest_v1	primary_Oli_F_e4_AD_down_mito	primary	Oli	Oligodendrocytes	F_e4	F_e4	oligodendrocytes::Oli::AD_vs_NCI__Female__e4	validated_complete	AD_down_mito	4	4	6053	6199	5568	eligible	completed_significant	23	0.146000000000186	
mitochondrial_kda_run_manifest_v1	primary_Oli_F_e4_AD_both_mito	primary	Oli	Oligodendrocytes	F_e4	F_e4	oligodendrocytes::Oli::AD_vs_NCI__Female__e4	validated_complete	AD_both_mito	4	4	6053	6199	5568	eligible	completed_significant	23	0.144000000000005	
mitochondrial_kda_run_manifest_v1	primary_Oli_M_e2_AD_up_mito	primary	Oli	Oligodendrocytes	M_e2	M_e2	oligodendrocytes::Oli::AD_vs_NCI__Male__e2	validated_complete	AD_up_mito	14	12	5053	5167	4632	eligible	completed_no_significant	0	0.786000000000058	
mitochondrial_kda_run_manifest_v1	primary_Oli_M_e2_AD_down_mito	primary	Oli	Oligodendrocytes	M_e2	M_e2	oligodendrocytes::Oli::AD_vs_NCI__Male__e2	validated_complete	AD_down_mito	35	31	5053	5167	4632	eligible	completed_significant	8	0.327999999999975	
mitochondrial_kda_run_manifest_v1	primary_Oli_M_e2_AD_both_mito	primary	Oli	Oligodendrocytes	M_e2	M_e2	oligodendrocytes::Oli::AD_vs_NCI__Male__e2	validated_complete	AD_both_mito	49	43	5053	5167	4632	eligible	completed_significant	8	0.825000000000046	
mitochondrial_kda_run_manifest_v1	primary_Oli_M_e33_AD_up_mito	primary	Oli	Oligodendrocytes	M_e33	M_e33	oligodendrocytes::Oli::AD_vs_NCI__Male__e33	validated_complete	AD_up_mito	1	0	5545	5661	5099	effective_query_below_minimum	skipped_effective_query_below_minimum	0	0	
mitochondrial_kda_run_manifest_v1	primary_Oli_M_e33_AD_down_mito	primary	Oli	Oligodendrocytes	M_e33	M_e33	oligodendrocytes::Oli::AD_vs_NCI__Male__e33	validated_complete	AD_down_mito	7	6	5545	5661	5099	eligible	completed_no_significant	0	0.212999999999965	
mitochondrial_kda_run_manifest_v1	primary_Oli_M_e33_AD_both_mito	primary	Oli	Oligodendrocytes	M_e33	M_e33	oligodendrocytes::Oli::AD_vs_NCI__Male__e33	validated_complete	AD_both_mito	8	6	5545	5661	5099	eligible	completed_no_significant	0	0.213999999999942	
mitochondrial_kda_run_manifest_v1	primary_Oli_M_e4_AD_up_mito	primary	Oli	Oligodendrocytes	M_e4	M_e4	oligodendrocytes::Oli::AD_vs_NCI__Male__e4	validated_complete	AD_up_mito	7	5	5643	5793	5199	eligible	completed_significant	11	0.182000000000016	
mitochondrial_kda_run_manifest_v1	primary_Oli_M_e4_AD_down_mito	primary	Oli	Oligodendrocytes	M_e4	M_e4	oligodendrocytes::Oli::AD_vs_NCI__Male__e4	validated_complete	AD_down_mito	7	7	5643	5793	5199	eligible	completed_no_significant	0	0.205000000000155	
mitochondrial_kda_run_manifest_v1	primary_Oli_M_e4_AD_both_mito	primary	Oli	Oligodendrocytes	M_e4	M_e4	oligodendrocytes::Oli::AD_vs_NCI__Male__e4	validated_complete	AD_both_mito	14	12	5643	5793	5199	eligible	completed_no_significant	0	0.367999999999938	
mitochondrial_kda_run_manifest_v1	secondary_Oli_female_pool_AD_up_mito	secondary	Oli	Oligodendrocytes	female_pool	F_e2;F_e33;F_e4	oligodendrocytes::Oli::AD_vs_NCI__Female__e2;oligodendrocytes::Oli::AD_vs_NCI__Female__e33;oligodendrocytes::Oli::AD_vs_NCI__Female__e4	validated_complete;validated_complete;validated_complete	AD_up_mito	20	13	5675	5829	5240	eligible	completed_significant	1	0.348999999999933	
mitochondrial_kda_run_manifest_v1	secondary_Oli_female_pool_AD_down_mito	secondary	Oli	Oligodendrocytes	female_pool	F_e2;F_e33;F_e4	oligodendrocytes::Oli::AD_vs_NCI__Female__e2;oligodendrocytes::Oli::AD_vs_NCI__Female__e33;oligodendrocytes::Oli::AD_vs_NCI__Female__e4	validated_complete;validated_complete;validated_complete	AD_down_mito	7	5	5675	5829	5240	eligible	completed_significant	18	0.150000000000091	
mitochondrial_kda_run_manifest_v1	secondary_Oli_female_pool_AD_both_mito	secondary	Oli	Oligodendrocytes	female_pool	F_e2;F_e33;F_e4	oligodendrocytes::Oli::AD_vs_NCI__Female__e2;oligodendrocytes::Oli::AD_vs_NCI__Female__e33;oligodendrocytes::Oli::AD_vs_NCI__Female__e4	validated_complete;validated_complete;validated_complete	AD_both_mito	27	18	5675	5829	5240	eligible	completed_significant	4	0.48700000000008	
mitochondrial_kda_run_manifest_v1	secondary_Oli_male_pool_AD_up_mito	secondary	Oli	Oligodendrocytes	male_pool	M_e2;M_e33;M_e4	oligodendrocytes::Oli::AD_vs_NCI__Male__e2;oligodendrocytes::Oli::AD_vs_NCI__Male__e33;oligodendrocytes::Oli::AD_vs_NCI__Male__e4	validated_complete;validated_complete;validated_complete	AD_up_mito	21	15	4988	5098	4581	eligible	completed_no_significant	0	0.622000000000071	
mitochondrial_kda_run_manifest_v1	secondary_Oli_male_pool_AD_down_mito	secondary	Oli	Oligodendrocytes	male_pool	M_e2;M_e33;M_e4	oligodendrocytes::Oli::AD_vs_NCI__Male__e2;oligodendrocytes::Oli::AD_vs_NCI__Male__e33;oligodendrocytes::Oli::AD_vs_NCI__Male__e4	validated_complete;validated_complete;validated_complete	AD_down_mito	44	37	4988	5098	4581	eligible	completed_significant	8	0.5	
mitochondrial_kda_run_manifest_v1	secondary_Oli_male_pool_AD_both_mito	secondary	Oli	Oligodendrocytes	male_pool	M_e2;M_e33;M_e4	oligodendrocytes::Oli::AD_vs_NCI__Male__e2;oligodendrocytes::Oli::AD_vs_NCI__Male__e33;oligodendrocytes::Oli::AD_vs_NCI__Male__e4	validated_complete;validated_complete;validated_complete	AD_both_mito	64	51	4988	5098	4581	eligible	completed_significant	8	1.00700000000006	
mitochondrial_kda_run_manifest_v1	secondary_Oli_e2_pool_AD_up_mito	secondary	Oli	Oligodendrocytes	e2_pool	F_e2;M_e2	oligodendrocytes::Oli::AD_vs_NCI__Female__e2;oligodendrocytes::Oli::AD_vs_NCI__Male__e2	validated_complete;validated_complete	AD_up_mito	24	14	5018	5141	4615	eligible	completed_no_significant	0	0.545000000000073	
mitochondrial_kda_run_manifest_v1	secondary_Oli_e2_pool_AD_down_mito	secondary	Oli	Oligodendrocytes	e2_pool	F_e2;M_e2	oligodendrocytes::Oli::AD_vs_NCI__Female__e2;oligodendrocytes::Oli::AD_vs_NCI__Male__e2	validated_complete;validated_complete	AD_down_mito	36	31	5018	5141	4615	eligible	completed_significant	8	0.345000000000027	
mitochondrial_kda_run_manifest_v1	secondary_Oli_e2_pool_AD_both_mito	secondary	Oli	Oligodendrocytes	e2_pool	F_e2;M_e2	oligodendrocytes::Oli::AD_vs_NCI__Female__e2;oligodendrocytes::Oli::AD_vs_NCI__Male__e2	validated_complete;validated_complete	AD_both_mito	60	45	5018	5141	4615	eligible	completed_significant	8	0.870000000000118	
mitochondrial_kda_run_manifest_v1	secondary_Oli_e33_pool_AD_up_mito	secondary	Oli	Oligodendrocytes	e33_pool	F_e33;M_e33	oligodendrocytes::Oli::AD_vs_NCI__Female__e33;oligodendrocytes::Oli::AD_vs_NCI__Male__e33	validated_complete;validated_complete	AD_up_mito	11	7	5456	5589	5031	eligible	completed_significant	1	0.230999999999995	
mitochondrial_kda_run_manifest_v1	secondary_Oli_e33_pool_AD_down_mito	secondary	Oli	Oligodendrocytes	e33_pool	F_e33;M_e33	oligodendrocytes::Oli::AD_vs_NCI__Female__e33;oligodendrocytes::Oli::AD_vs_NCI__Male__e33	validated_complete;validated_complete	AD_down_mito	8	7	5456	5589	5031	eligible	completed_no_significant	0	0.242999999999938	
mitochondrial_kda_run_manifest_v1	secondary_Oli_e33_pool_AD_both_mito	secondary	Oli	Oligodendrocytes	e33_pool	F_e33;M_e33	oligodendrocytes::Oli::AD_vs_NCI__Female__e33;oligodendrocytes::Oli::AD_vs_NCI__Male__e33	validated_complete;validated_complete	AD_both_mito	18	13	5456	5589	5031	eligible	completed_significant	1	0.384999999999991	
mitochondrial_kda_run_manifest_v1	secondary_Oli_e4_pool_AD_up_mito	secondary	Oli	Oligodendrocytes	e4_pool	F_e4;M_e4	oligodendrocytes::Oli::AD_vs_NCI__Female__e4;oligodendrocytes::Oli::AD_vs_NCI__Male__e4	validated_complete;validated_complete	AD_up_mito	7	5	5613	5781	5189	eligible	completed_significant	11	0.189000000000078	
mitochondrial_kda_run_manifest_v1	secondary_Oli_e4_pool_AD_down_mito	secondary	Oli	Oligodendrocytes	e4_pool	F_e4;M_e4	oligodendrocytes::Oli::AD_vs_NCI__Female__e4;oligodendrocytes::Oli::AD_vs_NCI__Male__e4	validated_complete;validated_complete	AD_down_mito	10	10	5613	5781	5189	eligible	completed_no_significant	0	0.312000000000126	
mitochondrial_kda_run_manifest_v1	secondary_Oli_e4_pool_AD_both_mito	secondary	Oli	Oligodendrocytes	e4_pool	F_e4;M_e4	oligodendrocytes::Oli::AD_vs_NCI__Female__e4;oligodendrocytes::Oli::AD_vs_NCI__Male__e4	validated_complete;validated_complete	AD_both_mito	17	15	5613	5781	5189	eligible	completed_no_significant	0	0.472999999999956	
mitochondrial_kda_run_manifest_v1	primary_OPC_F_e2_AD_up_mito	primary	OPC	OPCs	F_e2	F_e2	opcs::OPC::AD_vs_NCI__Female__e2	validated_complete	AD_up_mito	27	16	8806	7765	7474	eligible	completed_no_significant	0	0.591000000000122	
mitochondrial_kda_run_manifest_v1	primary_OPC_F_e2_AD_down_mito	primary	OPC	OPCs	F_e2	F_e2	opcs::OPC::AD_vs_NCI__Female__e2	validated_complete	AD_down_mito	0	0	8806	7765	7474	effective_query_below_minimum	skipped_effective_query_below_minimum	0	0	
mitochondrial_kda_run_manifest_v1	primary_OPC_F_e2_AD_both_mito	primary	OPC	OPCs	F_e2	F_e2	opcs::OPC::AD_vs_NCI__Female__e2	validated_complete	AD_both_mito	27	16	8806	7765	7474	eligible	completed_no_significant	0	0.829999999999927	
mitochondrial_kda_run_manifest_v1	primary_OPC_F_e33_AD_up_mito	primary	OPC	OPCs	F_e33	F_e33	opcs::OPC::AD_vs_NCI__Female__e33	validated_complete	AD_up_mito	28	22	8082	7422	7128	eligible	completed_significant	9	0.538000000000011	
mitochondrial_kda_run_manifest_v1	primary_OPC_F_e33_AD_down_mito	primary	OPC	OPCs	F_e33	F_e33	opcs::OPC::AD_vs_NCI__Female__e33	validated_complete	AD_down_mito	0	0	8082	7422	7128	effective_query_below_minimum	skipped_effective_query_below_minimum	0	0	
mitochondrial_kda_run_manifest_v1	primary_OPC_F_e33_AD_both_mito	primary	OPC	OPCs	F_e33	F_e33	opcs::OPC::AD_vs_NCI__Female__e33	validated_complete	AD_both_mito	28	22	8082	7422	7128	eligible	completed_significant	9	0.538000000000011	
mitochondrial_kda_run_manifest_v1	primary_OPC_F_e4_AD_up_mito	primary	OPC	OPCs	F_e4	F_e4	opcs::OPC::AD_vs_NCI__Female__e4	validated_complete	AD_up_mito	19	16	8620	7656	7365	eligible	completed_significant	3	0.603000000000066	
mitochondrial_kda_run_manifest_v1	primary_OPC_F_e4_AD_down_mito	primary	OPC	OPCs	F_e4	F_e4	opcs::OPC::AD_vs_NCI__Female__e4	validated_complete	AD_down_mito	31	23	8620	7656	7365	eligible	completed_significant	5	0.881000000000086	
mitochondrial_kda_run_manifest_v1	primary_OPC_F_e4_AD_both_mito	primary	OPC	OPCs	F_e4	F_e4	opcs::OPC::AD_vs_NCI__Female__e4	validated_complete	AD_both_mito	50	39	8620	7656	7365	eligible	completed_significant	5	1.30099999999993	
mitochondrial_kda_run_manifest_v1	primary_OPC_M_e2_AD_up_mito	primary	OPC	OPCs	M_e2	M_e2	opcs::OPC::AD_vs_NCI__Male__e2	validated_complete	AD_up_mito	59	52	7647	7077	6791	eligible	completed_no_significant	0	1.70799999999986	
mitochondrial_kda_run_manifest_v1	primary_OPC_M_e2_AD_down_mito	primary	OPC	OPCs	M_e2	M_e2	opcs::OPC::AD_vs_NCI__Male__e2	validated_complete	AD_down_mito	92	81	7647	7077	6791	eligible	completed_significant	22	1.16100000000006	
mitochondrial_kda_run_manifest_v1	primary_OPC_M_e2_AD_both_mito	primary	OPC	OPCs	M_e2	M_e2	opcs::OPC::AD_vs_NCI__Male__e2	validated_complete	AD_both_mito	151	133	7647	7077	6791	eligible	completed_significant	14	2.53099999999995	
mitochondrial_kda_run_manifest_v1	primary_OPC_M_e33_AD_up_mito	primary	OPC	OPCs	M_e33	M_e33	opcs::OPC::AD_vs_NCI__Male__e33	validated_complete	AD_up_mito	0	0	7645	7094	6810	effective_query_below_minimum	skipped_effective_query_below_minimum	0	0	
mitochondrial_kda_run_manifest_v1	primary_OPC_M_e33_AD_down_mito	primary	OPC	OPCs	M_e33	M_e33	opcs::OPC::AD_vs_NCI__Male__e33	validated_complete	AD_down_mito	7	7	7645	7094	6810	eligible	completed_significant	9	0.219000000000051	
mitochondrial_kda_run_manifest_v1	primary_OPC_M_e33_AD_both_mito	primary	OPC	OPCs	M_e33	M_e33	opcs::OPC::AD_vs_NCI__Male__e33	validated_complete	AD_both_mito	7	7	7645	7094	6810	eligible	completed_significant	9	0.203999999999951	
mitochondrial_kda_run_manifest_v1	primary_OPC_M_e4_AD_up_mito	primary	OPC	OPCs	M_e4	M_e4	opcs::OPC::AD_vs_NCI__Male__e4	validated_complete	AD_up_mito	10	6	7901	7294	7002	eligible	completed_significant	10	0.236000000000104	
mitochondrial_kda_run_manifest_v1	primary_OPC_M_e4_AD_down_mito	primary	OPC	OPCs	M_e4	M_e4	opcs::OPC::AD_vs_NCI__Male__e4	validated_complete	AD_down_mito	4	4	7901	7294	7002	eligible	completed_no_significant	0	0.500999999999976	
mitochondrial_kda_run_manifest_v1	primary_OPC_M_e4_AD_both_mito	primary	OPC	OPCs	M_e4	M_e4	opcs::OPC::AD_vs_NCI__Male__e4	validated_complete	AD_both_mito	14	10	7901	7294	7002	eligible	completed_significant	3	0.446999999999889	
mitochondrial_kda_run_manifest_v1	secondary_OPC_female_pool_AD_up_mito	secondary	OPC	OPCs	female_pool	F_e2;F_e33;F_e4	opcs::OPC::AD_vs_NCI__Female__e2;opcs::OPC::AD_vs_NCI__Female__e33;opcs::OPC::AD_vs_NCI__Female__e4	validated_complete;validated_complete;validated_complete	AD_up_mito	63	41	8010	7382	7093	eligible	completed_significant	9	0.887000000000171	
mitochondrial_kda_run_manifest_v1	secondary_OPC_female_pool_AD_down_mito	secondary	OPC	OPCs	female_pool	F_e2;F_e33;F_e4	opcs::OPC::AD_vs_NCI__Female__e2;opcs::OPC::AD_vs_NCI__Female__e33;opcs::OPC::AD_vs_NCI__Female__e4	validated_complete;validated_complete;validated_complete	AD_down_mito	31	23	8010	7382	7093	eligible	completed_significant	5	0.841999999999871	
mitochondrial_kda_run_manifest_v1	secondary_OPC_female_pool_AD_both_mito	secondary	OPC	OPCs	female_pool	F_e2;F_e33;F_e4	opcs::OPC::AD_vs_NCI__Female__e2;opcs::OPC::AD_vs_NCI__Female__e33;opcs::OPC::AD_vs_NCI__Female__e4	validated_complete;validated_complete;validated_complete	AD_both_mito	90	61	8010	7382	7093	eligible	completed_significant	10	1.45099999999979	
mitochondrial_kda_run_manifest_v1	secondary_OPC_male_pool_AD_up_mito	secondary	OPC	OPCs	male_pool	M_e2;M_e33;M_e4	opcs::OPC::AD_vs_NCI__Male__e2;opcs::OPC::AD_vs_NCI__Male__e33;opcs::OPC::AD_vs_NCI__Male__e4	validated_complete;validated_complete;validated_complete	AD_up_mito	69	53	7348	6883	6602	eligible	completed_no_significant	0	1.75999999999999	
mitochondrial_kda_run_manifest_v1	secondary_OPC_male_pool_AD_down_mito	secondary	OPC	OPCs	male_pool	M_e2;M_e33;M_e4	opcs::OPC::AD_vs_NCI__Male__e2;opcs::OPC::AD_vs_NCI__Male__e33;opcs::OPC::AD_vs_NCI__Male__e4	validated_complete;validated_complete;validated_complete	AD_down_mito	99	79	7348	6883	6602	eligible	completed_significant	19	1.15200000000004	
mitochondrial_kda_run_manifest_v1	secondary_OPC_male_pool_AD_both_mito	secondary	OPC	OPCs	male_pool	M_e2;M_e33;M_e4	opcs::OPC::AD_vs_NCI__Male__e2;opcs::OPC::AD_vs_NCI__Male__e33;opcs::OPC::AD_vs_NCI__Male__e4	validated_complete;validated_complete;validated_complete	AD_both_mito	164	128	7348	6883	6602	eligible	completed_significant	13	2.47900000000004	
mitochondrial_kda_run_manifest_v1	secondary_OPC_e2_pool_AD_up_mito	secondary	OPC	OPCs	e2_pool	F_e2;M_e2	opcs::OPC::AD_vs_NCI__Female__e2;opcs::OPC::AD_vs_NCI__Male__e2	validated_complete;validated_complete	AD_up_mito	85	60	7606	7070	6784	eligible	completed_no_significant	0	2.21199999999999	
mitochondrial_kda_run_manifest_v1	secondary_OPC_e2_pool_AD_down_mito	secondary	OPC	OPCs	e2_pool	F_e2;M_e2	opcs::OPC::AD_vs_NCI__Female__e2;opcs::OPC::AD_vs_NCI__Male__e2	validated_complete;validated_complete	AD_down_mito	92	81	7606	7070	6784	eligible	completed_significant	22	1.12200000000007	
mitochondrial_kda_run_manifest_v1	secondary_OPC_e2_pool_AD_both_mito	secondary	OPC	OPCs	e2_pool	F_e2;M_e2	opcs::OPC::AD_vs_NCI__Female__e2;opcs::OPC::AD_vs_NCI__Male__e2	validated_complete;validated_complete	AD_both_mito	172	137	7606	7070	6784	eligible	completed_significant	13	2.50800000000004	
mitochondrial_kda_run_manifest_v1	secondary_OPC_e33_pool_AD_up_mito	secondary	OPC	OPCs	e33_pool	F_e33;M_e33	opcs::OPC::AD_vs_NCI__Female__e33;opcs::OPC::AD_vs_NCI__Male__e33	validated_complete;validated_complete	AD_up_mito	28	15	7612	7083	6799	eligible	completed_significant	8	0.460000000000036	
mitochondrial_kda_run_manifest_v1	secondary_OPC_e33_pool_AD_down_mito	secondary	OPC	OPCs	e33_pool	F_e33;M_e33	opcs::OPC::AD_vs_NCI__Female__e33;opcs::OPC::AD_vs_NCI__Male__e33	validated_complete;validated_complete	AD_down_mito	7	7	7612	7083	6799	eligible	completed_significant	9	0.214000000000169	
mitochondrial_kda_run_manifest_v1	secondary_OPC_e33_pool_AD_both_mito	secondary	OPC	OPCs	e33_pool	F_e33;M_e33	opcs::OPC::AD_vs_NCI__Female__e33;opcs::OPC::AD_vs_NCI__Male__e33	validated_complete;validated_complete	AD_both_mito	34	21	7612	7083	6799	eligible	completed_significant	13	0.548000000000002	
mitochondrial_kda_run_manifest_v1	secondary_OPC_e4_pool_AD_up_mito	secondary	OPC	OPCs	e4_pool	F_e4;M_e4	opcs::OPC::AD_vs_NCI__Female__e4;opcs::OPC::AD_vs_NCI__Male__e4	validated_complete;validated_complete	AD_up_mito	27	20	7861	7276	6985	eligible	completed_significant	3	0.746000000000095	
mitochondrial_kda_run_manifest_v1	secondary_OPC_e4_pool_AD_down_mito	secondary	OPC	OPCs	e4_pool	F_e4;M_e4	opcs::OPC::AD_vs_NCI__Female__e4;opcs::OPC::AD_vs_NCI__Male__e4	validated_complete;validated_complete	AD_down_mito	33	25	7861	7276	6985	eligible	completed_significant	3	0.895999999999958	
mitochondrial_kda_run_manifest_v1	secondary_OPC_e4_pool_AD_both_mito	secondary	OPC	OPCs	e4_pool	F_e4;M_e4	opcs::OPC::AD_vs_NCI__Female__e4;opcs::OPC::AD_vs_NCI__Male__e4	validated_complete;validated_complete	AD_both_mito	57	42	7861	7276	6985	eligible	completed_significant	5	1.38100000000009	
mitochondrial_kda_run_manifest_v1	primary_Per_F_e2_AD_up_mito	primary	Per	Vasculature_cells	F_e2	F_e2	vasculature::Per::AD_vs_NCI__Female__e2	validated_complete	AD_up_mito	0	0	5636	3821	3886	effective_query_below_minimum	skipped_effective_query_below_minimum	0	0	
mitochondrial_kda_run_manifest_v1	primary_Per_F_e2_AD_down_mito	primary	Per	Vasculature_cells	F_e2	F_e2	vasculature::Per::AD_vs_NCI__Female__e2	validated_complete	AD_down_mito	0	0	5636	3821	3886	effective_query_below_minimum	skipped_effective_query_below_minimum	0	0	
mitochondrial_kda_run_manifest_v1	primary_Per_F_e2_AD_both_mito	primary	Per	Vasculature_cells	F_e2	F_e2	vasculature::Per::AD_vs_NCI__Female__e2	validated_complete	AD_both_mito	0	0	5636	3821	3886	effective_query_below_minimum	skipped_effective_query_below_minimum	0	0	
mitochondrial_kda_run_manifest_v1	primary_Per_F_e33_AD_up_mito	primary	Per	Vasculature_cells	F_e33	F_e33	vasculature::Per::AD_vs_NCI__Female__e33	validated_complete	AD_up_mito	1	0	5525	3870	3932	effective_query_below_minimum	skipped_effective_query_below_minimum	0	0	
mitochondrial_kda_run_manifest_v1	primary_Per_F_e33_AD_down_mito	primary	Per	Vasculature_cells	F_e33	F_e33	vasculature::Per::AD_vs_NCI__Female__e33	validated_complete	AD_down_mito	0	0	5525	3870	3932	effective_query_below_minimum	skipped_effective_query_below_minimum	0	0	
mitochondrial_kda_run_manifest_v1	primary_Per_F_e33_AD_both_mito	primary	Per	Vasculature_cells	F_e33	F_e33	vasculature::Per::AD_vs_NCI__Female__e33	validated_complete	AD_both_mito	1	0	5525	3870	3932	effective_query_below_minimum	skipped_effective_query_below_minimum	0	0	
mitochondrial_kda_run_manifest_v1	primary_Per_F_e4_AD_up_mito	primary	Per	Vasculature_cells	F_e4	F_e4	vasculature::Per::AD_vs_NCI__Female__e4	validated_complete	AD_up_mito	4	4	6038	3961	4033	eligible	completed_significant	4	0.0270000000000437	
mitochondrial_kda_run_manifest_v1	primary_Per_F_e4_AD_down_mito	primary	Per	Vasculature_cells	F_e4	F_e4	vasculature::Per::AD_vs_NCI__Female__e4	validated_complete	AD_down_mito	1	1	6038	3961	4033	effective_query_below_minimum	skipped_effective_query_below_minimum	0	0	
mitochondrial_kda_run_manifest_v1	primary_Per_F_e4_AD_both_mito	primary	Per	Vasculature_cells	F_e4	F_e4	vasculature::Per::AD_vs_NCI__Female__e4	validated_complete	AD_both_mito	5	5	6038	3961	4033	eligible	completed_significant	5	0.0299999999999727	
mitochondrial_kda_run_manifest_v1	primary_Per_M_e2_AD_up_mito	primary	Per	Vasculature_cells	M_e2	M_e2	vasculature::Per::AD_vs_NCI__Male__e2	validated_complete	AD_up_mito	3	3	4934	3577	3640	eligible	completed_no_significant	0	0.164999999999964	
mitochondrial_kda_run_manifest_v1	primary_Per_M_e2_AD_down_mito	primary	Per	Vasculature_cells	M_e2	M_e2	vasculature::Per::AD_vs_NCI__Male__e2	validated_complete	AD_down_mito	10	9	4934	3577	3640	eligible	completed_significant	7	0.0289999999999964	
mitochondrial_kda_run_manifest_v1	primary_Per_M_e2_AD_both_mito	primary	Per	Vasculature_cells	M_e2	M_e2	vasculature::Per::AD_vs_NCI__Male__e2	validated_complete	AD_both_mito	13	12	4934	3577	3640	eligible	completed_significant	4	0.169999999999845	
mitochondrial_kda_run_manifest_v1	primary_Per_M_e33_AD_up_mito	primary	Per	Vasculature_cells	M_e33	M_e33	vasculature::Per::AD_vs_NCI__Male__e33	validated_complete	AD_up_mito	1	1	5444	3837	3905	effective_query_below_minimum	skipped_effective_query_below_minimum	0	0	
mitochondrial_kda_run_manifest_v1	primary_Per_M_e33_AD_down_mito	primary	Per	Vasculature_cells	M_e33	M_e33	vasculature::Per::AD_vs_NCI__Male__e33	validated_complete	AD_down_mito	0	0	5444	3837	3905	effective_query_below_minimum	skipped_effective_query_below_minimum	0	0	
mitochondrial_kda_run_manifest_v1	primary_Per_M_e33_AD_both_mito	primary	Per	Vasculature_cells	M_e33	M_e33	vasculature::Per::AD_vs_NCI__Male__e33	validated_complete	AD_both_mito	1	1	5444	3837	3905	effective_query_below_minimum	skipped_effective_query_below_minimum	0	0	
mitochondrial_kda_run_manifest_v1	primary_Per_M_e4_AD_up_mito	primary	Per	Vasculature_cells	M_e4	M_e4	vasculature::Per::AD_vs_NCI__Male__e4	validated_complete	AD_up_mito	1	0	5486	3843	3915	effective_query_below_minimum	skipped_effective_query_below_minimum	0	0	
mitochondrial_kda_run_manifest_v1	primary_Per_M_e4_AD_down_mito	primary	Per	Vasculature_cells	M_e4	M_e4	vasculature::Per::AD_vs_NCI__Male__e4	validated_complete	AD_down_mito	0	0	5486	3843	3915	effective_query_below_minimum	skipped_effective_query_below_minimum	0	0	
mitochondrial_kda_run_manifest_v1	primary_Per_M_e4_AD_both_mito	primary	Per	Vasculature_cells	M_e4	M_e4	vasculature::Per::AD_vs_NCI__Male__e4	validated_complete	AD_both_mito	1	0	5486	3843	3915	effective_query_below_minimum	skipped_effective_query_below_minimum	0	0	
mitochondrial_kda_run_manifest_v1	secondary_Per_female_pool_AD_up_mito	secondary	Per	Vasculature_cells	female_pool	F_e2;F_e33;F_e4	vasculature::Per::AD_vs_NCI__Female__e2;vasculature::Per::AD_vs_NCI__Female__e33;vasculature::Per::AD_vs_NCI__Female__e4	validated_complete;validated_complete;validated_complete	AD_up_mito	5	4	5010	3685	3745	eligible	completed_significant	4	0.0260000000000673	
mitochondrial_kda_run_manifest_v1	secondary_Per_female_pool_AD_down_mito	secondary	Per	Vasculature_cells	female_pool	F_e2;F_e33;F_e4	vasculature::Per::AD_vs_NCI__Female__e2;vasculature::Per::AD_vs_NCI__Female__e33;vasculature::Per::AD_vs_NCI__Female__e4	validated_complete;validated_complete;validated_complete	AD_down_mito	1	0	5010	3685	3745	effective_query_below_minimum	skipped_effective_query_below_minimum	0	0	
mitochondrial_kda_run_manifest_v1	secondary_Per_female_pool_AD_both_mito	secondary	Per	Vasculature_cells	female_pool	F_e2;F_e33;F_e4	vasculature::Per::AD_vs_NCI__Female__e2;vasculature::Per::AD_vs_NCI__Female__e33;vasculature::Per::AD_vs_NCI__Female__e4	validated_complete;validated_complete;validated_complete	AD_both_mito	6	4	5010	3685	3745	eligible	completed_significant	4	0.0190000000000055	
mitochondrial_kda_run_manifest_v1	secondary_Per_male_pool_AD_up_mito	secondary	Per	Vasculature_cells	male_pool	M_e2;M_e33;M_e4	vasculature::Per::AD_vs_NCI__Male__e2;vasculature::Per::AD_vs_NCI__Male__e33;vasculature::Per::AD_vs_NCI__Male__e4	validated_complete;validated_complete;validated_complete	AD_up_mito	5	4	4375	3386	3446	eligible	completed_no_significant	0	0.161000000000058	
mitochondrial_kda_run_manifest_v1	secondary_Per_male_pool_AD_down_mito	secondary	Per	Vasculature_cells	male_pool	M_e2;M_e33;M_e4	vasculature::Per::AD_vs_NCI__Male__e2;vasculature::Per::AD_vs_NCI__Male__e33;vasculature::Per::AD_vs_NCI__Male__e4	validated_complete;validated_complete;validated_complete	AD_down_mito	10	9	4375	3386	3446	eligible	completed_significant	7	0.0220000000001619	
mitochondrial_kda_run_manifest_v1	secondary_Per_male_pool_AD_both_mito	secondary	Per	Vasculature_cells	male_pool	M_e2;M_e33;M_e4	vasculature::Per::AD_vs_NCI__Male__e2;vasculature::Per::AD_vs_NCI__Male__e33;vasculature::Per::AD_vs_NCI__Male__e4	validated_complete;validated_complete;validated_complete	AD_both_mito	15	13	4375	3386	3446	eligible	completed_significant	4	0.17899999999986	
mitochondrial_kda_run_manifest_v1	secondary_Per_e2_pool_AD_up_mito	secondary	Per	Vasculature_cells	e2_pool	F_e2;M_e2	vasculature::Per::AD_vs_NCI__Female__e2;vasculature::Per::AD_vs_NCI__Male__e2	validated_complete;validated_complete	AD_up_mito	3	3	4475	3413	3474	eligible	completed_no_significant	0	0.150000000000091	
mitochondrial_kda_run_manifest_v1	secondary_Per_e2_pool_AD_down_mito	secondary	Per	Vasculature_cells	e2_pool	F_e2;M_e2	vasculature::Per::AD_vs_NCI__Female__e2;vasculature::Per::AD_vs_NCI__Male__e2	validated_complete;validated_complete	AD_down_mito	10	9	4475	3413	3474	eligible	completed_significant	7	0.0209999999999582	
mitochondrial_kda_run_manifest_v1	secondary_Per_e2_pool_AD_both_mito	secondary	Per	Vasculature_cells	e2_pool	F_e2;M_e2	vasculature::Per::AD_vs_NCI__Female__e2;vasculature::Per::AD_vs_NCI__Male__e2	validated_complete;validated_complete	AD_both_mito	13	12	4475	3413	3474	eligible	completed_significant	4	0.18100000000004	
mitochondrial_kda_run_manifest_v1	secondary_Per_e33_pool_AD_up_mito	secondary	Per	Vasculature_cells	e33_pool	F_e33;M_e33	vasculature::Per::AD_vs_NCI__Female__e33;vasculature::Per::AD_vs_NCI__Male__e33	validated_complete;validated_complete	AD_up_mito	2	1	5142	3749	3810	effective_query_below_minimum	skipped_effective_query_below_minimum	0	0	
mitochondrial_kda_run_manifest_v1	secondary_Per_e33_pool_AD_down_mito	secondary	Per	Vasculature_cells	e33_pool	F_e33;M_e33	vasculature::Per::AD_vs_NCI__Female__e33;vasculature::Per::AD_vs_NCI__Male__e33	validated_complete;validated_complete	AD_down_mito	0	0	5142	3749	3810	effective_query_below_minimum	skipped_effective_query_below_minimum	0	0	
mitochondrial_kda_run_manifest_v1	secondary_Per_e33_pool_AD_both_mito	secondary	Per	Vasculature_cells	e33_pool	F_e33;M_e33	vasculature::Per::AD_vs_NCI__Female__e33;vasculature::Per::AD_vs_NCI__Male__e33	validated_complete;validated_complete	AD_both_mito	2	1	5142	3749	3810	effective_query_below_minimum	skipped_effective_query_below_minimum	0	0	
mitochondrial_kda_run_manifest_v1	secondary_Per_e4_pool_AD_up_mito	secondary	Per	Vasculature_cells	e4_pool	F_e4;M_e4	vasculature::Per::AD_vs_NCI__Female__e4;vasculature::Per::AD_vs_NCI__Male__e4	validated_complete;validated_complete	AD_up_mito	5	4	5259	3768	3835	eligible	completed_significant	4	0.0199999999999818	
mitochondrial_kda_run_manifest_v1	secondary_Per_e4_pool_AD_down_mito	secondary	Per	Vasculature_cells	e4_pool	F_e4;M_e4	vasculature::Per::AD_vs_NCI__Female__e4;vasculature::Per::AD_vs_NCI__Male__e4	validated_complete;validated_complete	AD_down_mito	1	1	5259	3768	3835	effective_query_below_minimum	skipped_effective_query_below_minimum	0	0	
mitochondrial_kda_run_manifest_v1	secondary_Per_e4_pool_AD_both_mito	secondary	Per	Vasculature_cells	e4_pool	F_e4;M_e4	vasculature::Per::AD_vs_NCI__Female__e4;vasculature::Per::AD_vs_NCI__Male__e4	validated_complete;validated_complete	AD_both_mito	6	5	5259	3768	3835	eligible	completed_significant	5	0.0349999999998545	
mitochondrial_kda_run_manifest_v1	primary_SMC_F_e2_AD_up_mito	primary	SMC	Vasculature_cells	F_e2	F_e2	vasculature::SMC::AD_vs_NCI__Female__e2	validated_complete	AD_up_mito	0	0	5269	3400	3452	effective_query_below_minimum	skipped_effective_query_below_minimum	0	0	
mitochondrial_kda_run_manifest_v1	primary_SMC_F_e2_AD_down_mito	primary	SMC	Vasculature_cells	F_e2	F_e2	vasculature::SMC::AD_vs_NCI__Female__e2	validated_complete	AD_down_mito	0	0	5269	3400	3452	effective_query_below_minimum	skipped_effective_query_below_minimum	0	0	
mitochondrial_kda_run_manifest_v1	primary_SMC_F_e2_AD_both_mito	primary	SMC	Vasculature_cells	F_e2	F_e2	vasculature::SMC::AD_vs_NCI__Female__e2	validated_complete	AD_both_mito	0	0	5269	3400	3452	effective_query_below_minimum	skipped_effective_query_below_minimum	0	0	
mitochondrial_kda_run_manifest_v1	primary_SMC_F_e33_AD_up_mito	primary	SMC	Vasculature_cells	F_e33	F_e33	vasculature::SMC::AD_vs_NCI__Female__e33	validated_complete	AD_up_mito	0	0	4824	3512	3573	effective_query_below_minimum	skipped_effective_query_below_minimum	0	0	
mitochondrial_kda_run_manifest_v1	primary_SMC_F_e33_AD_down_mito	primary	SMC	Vasculature_cells	F_e33	F_e33	vasculature::SMC::AD_vs_NCI__Female__e33	validated_complete	AD_down_mito	0	0	4824	3512	3573	effective_query_below_minimum	skipped_effective_query_below_minimum	0	0	
mitochondrial_kda_run_manifest_v1	primary_SMC_F_e33_AD_both_mito	primary	SMC	Vasculature_cells	F_e33	F_e33	vasculature::SMC::AD_vs_NCI__Female__e33	validated_complete	AD_both_mito	0	0	4824	3512	3573	effective_query_below_minimum	skipped_effective_query_below_minimum	0	0	
mitochondrial_kda_run_manifest_v1	primary_SMC_F_e4_AD_up_mito	primary	SMC	Vasculature_cells	F_e4	F_e4	vasculature::SMC::AD_vs_NCI__Female__e4	validated_complete	AD_up_mito	0	0	5643	3737	3799	effective_query_below_minimum	skipped_effective_query_below_minimum	0	0	
mitochondrial_kda_run_manifest_v1	primary_SMC_F_e4_AD_down_mito	primary	SMC	Vasculature_cells	F_e4	F_e4	vasculature::SMC::AD_vs_NCI__Female__e4	validated_complete	AD_down_mito	0	0	5643	3737	3799	effective_query_below_minimum	skipped_effective_query_below_minimum	0	0	
mitochondrial_kda_run_manifest_v1	primary_SMC_F_e4_AD_both_mito	primary	SMC	Vasculature_cells	F_e4	F_e4	vasculature::SMC::AD_vs_NCI__Female__e4	validated_complete	AD_both_mito	0	0	5643	3737	3799	effective_query_below_minimum	skipped_effective_query_below_minimum	0	0	
mitochondrial_kda_run_manifest_v1	primary_SMC_M_e2_AD_up_mito	primary	SMC	Vasculature_cells	M_e2	M_e2	vasculature::SMC::AD_vs_NCI__Male__e2	validated_complete	AD_up_mito	0	0	4400	2896	2942	effective_query_below_minimum	skipped_effective_query_below_minimum	0	0	
mitochondrial_kda_run_manifest_v1	primary_SMC_M_e2_AD_down_mito	primary	SMC	Vasculature_cells	M_e2	M_e2	vasculature::SMC::AD_vs_NCI__Male__e2	validated_complete	AD_down_mito	0	0	4400	2896	2942	effective_query_below_minimum	skipped_effective_query_below_minimum	0	0	
mitochondrial_kda_run_manifest_v1	primary_SMC_M_e2_AD_both_mito	primary	SMC	Vasculature_cells	M_e2	M_e2	vasculature::SMC::AD_vs_NCI__Male__e2	validated_complete	AD_both_mito	0	0	4400	2896	2942	effective_query_below_minimum	skipped_effective_query_below_minimum	0	0	
mitochondrial_kda_run_manifest_v1	primary_SMC_M_e33_AD_up_mito	primary	SMC	Vasculature_cells	M_e33	M_e33	vasculature::SMC::AD_vs_NCI__Male__e33	validated_complete	AD_up_mito	0	0	5277	3687	3738	effective_query_below_minimum	skipped_effective_query_below_minimum	0	0	
mitochondrial_kda_run_manifest_v1	primary_SMC_M_e33_AD_down_mito	primary	SMC	Vasculature_cells	M_e33	M_e33	vasculature::SMC::AD_vs_NCI__Male__e33	validated_complete	AD_down_mito	0	0	5277	3687	3738	effective_query_below_minimum	skipped_effective_query_below_minimum	0	0	
mitochondrial_kda_run_manifest_v1	primary_SMC_M_e33_AD_both_mito	primary	SMC	Vasculature_cells	M_e33	M_e33	vasculature::SMC::AD_vs_NCI__Male__e33	validated_complete	AD_both_mito	0	0	5277	3687	3738	effective_query_below_minimum	skipped_effective_query_below_minimum	0	0	
mitochondrial_kda_run_manifest_v1	primary_SMC_M_e4_AD_up_mito	primary	SMC	Vasculature_cells	M_e4	M_e4	vasculature::SMC::AD_vs_NCI__Male__e4	validated_complete	AD_up_mito	0	0	4970	3479	3536	effective_query_below_minimum	skipped_effective_query_below_minimum	0	0	
mitochondrial_kda_run_manifest_v1	primary_SMC_M_e4_AD_down_mito	primary	SMC	Vasculature_cells	M_e4	M_e4	vasculature::SMC::AD_vs_NCI__Male__e4	validated_complete	AD_down_mito	0	0	4970	3479	3536	effective_query_below_minimum	skipped_effective_query_below_minimum	0	0	
mitochondrial_kda_run_manifest_v1	primary_SMC_M_e4_AD_both_mito	primary	SMC	Vasculature_cells	M_e4	M_e4	vasculature::SMC::AD_vs_NCI__Male__e4	validated_complete	AD_both_mito	0	0	4970	3479	3536	effective_query_below_minimum	skipped_effective_query_below_minimum	0	0	
mitochondrial_kda_run_manifest_v1	secondary_SMC_female_pool_AD_up_mito	secondary	SMC	Vasculature_cells	female_pool	F_e2;F_e33;F_e4	vasculature::SMC::AD_vs_NCI__Female__e2;vasculature::SMC::AD_vs_NCI__Female__e33;vasculature::SMC::AD_vs_NCI__Female__e4	validated_complete;validated_complete;validated_complete	AD_up_mito	0	0	3826	2926	2991	effective_query_below_minimum	skipped_effective_query_below_minimum	0	0	
mitochondrial_kda_run_manifest_v1	secondary_SMC_female_pool_AD_down_mito	secondary	SMC	Vasculature_cells	female_pool	F_e2;F_e33;F_e4	vasculature::SMC::AD_vs_NCI__Female__e2;vasculature::SMC::AD_vs_NCI__Female__e33;vasculature::SMC::AD_vs_NCI__Female__e4	validated_complete;validated_complete;validated_complete	AD_down_mito	0	0	3826	2926	2991	effective_query_below_minimum	skipped_effective_query_below_minimum	0	0	
mitochondrial_kda_run_manifest_v1	secondary_SMC_female_pool_AD_both_mito	secondary	SMC	Vasculature_cells	female_pool	F_e2;F_e33;F_e4	vasculature::SMC::AD_vs_NCI__Female__e2;vasculature::SMC::AD_vs_NCI__Female__e33;vasculature::SMC::AD_vs_NCI__Female__e4	validated_complete;validated_complete;validated_complete	AD_both_mito	0	0	3826	2926	2991	effective_query_below_minimum	skipped_effective_query_below_minimum	0	0	
mitochondrial_kda_run_manifest_v1	secondary_SMC_male_pool_AD_up_mito	secondary	SMC	Vasculature_cells	male_pool	M_e2;M_e33;M_e4	vasculature::SMC::AD_vs_NCI__Male__e2;vasculature::SMC::AD_vs_NCI__Male__e33;vasculature::SMC::AD_vs_NCI__Male__e4	validated_complete;validated_complete;validated_complete	AD_up_mito	0	0	3303	2551	2597	effective_query_below_minimum	skipped_effective_query_below_minimum	0	0	
mitochondrial_kda_run_manifest_v1	secondary_SMC_male_pool_AD_down_mito	secondary	SMC	Vasculature_cells	male_pool	M_e2;M_e33;M_e4	vasculature::SMC::AD_vs_NCI__Male__e2;vasculature::SMC::AD_vs_NCI__Male__e33;vasculature::SMC::AD_vs_NCI__Male__e4	validated_complete;validated_complete;validated_complete	AD_down_mito	0	0	3303	2551	2597	effective_query_below_minimum	skipped_effective_query_below_minimum	0	0	
mitochondrial_kda_run_manifest_v1	secondary_SMC_male_pool_AD_both_mito	secondary	SMC	Vasculature_cells	male_pool	M_e2;M_e33;M_e4	vasculature::SMC::AD_vs_NCI__Male__e2;vasculature::SMC::AD_vs_NCI__Male__e33;vasculature::SMC::AD_vs_NCI__Male__e4	validated_complete;validated_complete;validated_complete	AD_both_mito	0	0	3303	2551	2597	effective_query_below_minimum	skipped_effective_query_below_minimum	0	0	
mitochondrial_kda_run_manifest_v1	secondary_SMC_e2_pool_AD_up_mito	secondary	SMC	Vasculature_cells	e2_pool	F_e2;M_e2	vasculature::SMC::AD_vs_NCI__Female__e2;vasculature::SMC::AD_vs_NCI__Male__e2	validated_complete;validated_complete	AD_up_mito	0	0	3424	2543	2589	effective_query_below_minimum	skipped_effective_query_below_minimum	0	0	
mitochondrial_kda_run_manifest_v1	secondary_SMC_e2_pool_AD_down_mito	secondary	SMC	Vasculature_cells	e2_pool	F_e2;M_e2	vasculature::SMC::AD_vs_NCI__Female__e2;vasculature::SMC::AD_vs_NCI__Male__e2	validated_complete;validated_complete	AD_down_mito	0	0	3424	2543	2589	effective_query_below_minimum	skipped_effective_query_below_minimum	0	0	
mitochondrial_kda_run_manifest_v1	secondary_SMC_e2_pool_AD_both_mito	secondary	SMC	Vasculature_cells	e2_pool	F_e2;M_e2	vasculature::SMC::AD_vs_NCI__Female__e2;vasculature::SMC::AD_vs_NCI__Male__e2	validated_complete;validated_complete	AD_both_mito	0	0	3424	2543	2589	effective_query_below_minimum	skipped_effective_query_below_minimum	0	0	
mitochondrial_kda_run_manifest_v1	secondary_SMC_e33_pool_AD_up_mito	secondary	SMC	Vasculature_cells	e33_pool	F_e33;M_e33	vasculature::SMC::AD_vs_NCI__Female__e33;vasculature::SMC::AD_vs_NCI__Male__e33	validated_complete;validated_complete	AD_up_mito	0	0	4427	3338	3399	effective_query_below_minimum	skipped_effective_query_below_minimum	0	0	
mitochondrial_kda_run_manifest_v1	secondary_SMC_e33_pool_AD_down_mito	secondary	SMC	Vasculature_cells	e33_pool	F_e33;M_e33	vasculature::SMC::AD_vs_NCI__Female__e33;vasculature::SMC::AD_vs_NCI__Male__e33	validated_complete;validated_complete	AD_down_mito	0	0	4427	3338	3399	effective_query_below_minimum	skipped_effective_query_below_minimum	0	0	
mitochondrial_kda_run_manifest_v1	secondary_SMC_e33_pool_AD_both_mito	secondary	SMC	Vasculature_cells	e33_pool	F_e33;M_e33	vasculature::SMC::AD_vs_NCI__Female__e33;vasculature::SMC::AD_vs_NCI__Male__e33	validated_complete;validated_complete	AD_both_mito	0	0	4427	3338	3399	effective_query_below_minimum	skipped_effective_query_below_minimum	0	0	
mitochondrial_kda_run_manifest_v1	secondary_SMC_e4_pool_AD_up_mito	secondary	SMC	Vasculature_cells	e4_pool	F_e4;M_e4	vasculature::SMC::AD_vs_NCI__Female__e4;vasculature::SMC::AD_vs_NCI__Male__e4	validated_complete;validated_complete	AD_up_mito	0	0	4402	3259	3323	effective_query_below_minimum	skipped_effective_query_below_minimum	0	0	
mitochondrial_kda_run_manifest_v1	secondary_SMC_e4_pool_AD_down_mito	secondary	SMC	Vasculature_cells	e4_pool	F_e4;M_e4	vasculature::SMC::AD_vs_NCI__Female__e4;vasculature::SMC::AD_vs_NCI__Male__e4	validated_complete;validated_complete	AD_down_mito	0	0	4402	3259	3323	effective_query_below_minimum	skipped_effective_query_below_minimum	0	0	
mitochondrial_kda_run_manifest_v1	secondary_SMC_e4_pool_AD_both_mito	secondary	SMC	Vasculature_cells	e4_pool	F_e4;M_e4	vasculature::SMC::AD_vs_NCI__Female__e4;vasculature::SMC::AD_vs_NCI__Male__e4	validated_complete;validated_complete	AD_both_mito	0	0	4402	3259	3323	effective_query_below_minimum	skipped_effective_query_below_minimum	0	0	
mitochondrial_kda_run_manifest_v1	primary_T_cells_F_e2_AD_up_mito	primary	T cells	T_cells	F_e2	F_e2	immune::T cells::AD_vs_NCI__Female__e2	validated_complete	AD_up_mito	0	0	4631	329	379	effective_query_below_minimum	skipped_effective_query_below_minimum	0	0	
mitochondrial_kda_run_manifest_v1	primary_T_cells_F_e2_AD_down_mito	primary	T cells	T_cells	F_e2	F_e2	immune::T cells::AD_vs_NCI__Female__e2	validated_complete	AD_down_mito	0	0	4631	329	379	effective_query_below_minimum	skipped_effective_query_below_minimum	0	0	
mitochondrial_kda_run_manifest_v1	primary_T_cells_F_e2_AD_both_mito	primary	T cells	T_cells	F_e2	F_e2	immune::T cells::AD_vs_NCI__Female__e2	validated_complete	AD_both_mito	0	0	4631	329	379	effective_query_below_minimum	skipped_effective_query_below_minimum	0	0	
mitochondrial_kda_run_manifest_v1	primary_T_cells_F_e33_AD_up_mito	primary	T cells	T_cells	F_e33	F_e33	immune::T cells::AD_vs_NCI__Female__e33	validated_complete	AD_up_mito	0	0	4757	371	421	effective_query_below_minimum	skipped_effective_query_below_minimum	0	0	
mitochondrial_kda_run_manifest_v1	primary_T_cells_F_e33_AD_down_mito	primary	T cells	T_cells	F_e33	F_e33	immune::T cells::AD_vs_NCI__Female__e33	validated_complete	AD_down_mito	1	0	4757	371	421	effective_query_below_minimum	skipped_effective_query_below_minimum	0	0	
mitochondrial_kda_run_manifest_v1	primary_T_cells_F_e33_AD_both_mito	primary	T cells	T_cells	F_e33	F_e33	immune::T cells::AD_vs_NCI__Female__e33	validated_complete	AD_both_mito	1	0	4757	371	421	effective_query_below_minimum	skipped_effective_query_below_minimum	0	0	
mitochondrial_kda_run_manifest_v1	primary_T_cells_F_e4_AD_up_mito	primary	T cells	T_cells	F_e4	F_e4	immune::T cells::AD_vs_NCI__Female__e4	validated_complete	AD_up_mito	0	0	4704	403	444	effective_query_below_minimum	skipped_effective_query_below_minimum	0	0	
mitochondrial_kda_run_manifest_v1	primary_T_cells_F_e4_AD_down_mito	primary	T cells	T_cells	F_e4	F_e4	immune::T cells::AD_vs_NCI__Female__e4	validated_complete	AD_down_mito	0	0	4704	403	444	effective_query_below_minimum	skipped_effective_query_below_minimum	0	0	
mitochondrial_kda_run_manifest_v1	primary_T_cells_F_e4_AD_both_mito	primary	T cells	T_cells	F_e4	F_e4	immune::T cells::AD_vs_NCI__Female__e4	validated_complete	AD_both_mito	0	0	4704	403	444	effective_query_below_minimum	skipped_effective_query_below_minimum	0	0	
mitochondrial_kda_run_manifest_v1	primary_T_cells_M_e2_AD_up_mito	primary	T cells	T_cells	M_e2	M_e2	immune::T cells::AD_vs_NCI__Male__e2	validated_complete	AD_up_mito	0	0	5219	466	536	effective_query_below_minimum	skipped_effective_query_below_minimum	0	0	
mitochondrial_kda_run_manifest_v1	primary_T_cells_M_e2_AD_down_mito	primary	T cells	T_cells	M_e2	M_e2	immune::T cells::AD_vs_NCI__Male__e2	validated_complete	AD_down_mito	0	0	5219	466	536	effective_query_below_minimum	skipped_effective_query_below_minimum	0	0	
mitochondrial_kda_run_manifest_v1	primary_T_cells_M_e2_AD_both_mito	primary	T cells	T_cells	M_e2	M_e2	immune::T cells::AD_vs_NCI__Male__e2	validated_complete	AD_both_mito	0	0	5219	466	536	effective_query_below_minimum	skipped_effective_query_below_minimum	0	0	
mitochondrial_kda_run_manifest_v1	primary_T_cells_M_e33_AD_up_mito	primary	T cells	T_cells	M_e33	M_e33	immune::T cells::AD_vs_NCI__Male__e33	validated_complete	AD_up_mito	0	0	3933	362	403	effective_query_below_minimum	skipped_effective_query_below_minimum	0	0	
mitochondrial_kda_run_manifest_v1	primary_T_cells_M_e33_AD_down_mito	primary	T cells	T_cells	M_e33	M_e33	immune::T cells::AD_vs_NCI__Male__e33	validated_complete	AD_down_mito	0	0	3933	362	403	effective_query_below_minimum	skipped_effective_query_below_minimum	0	0	
mitochondrial_kda_run_manifest_v1	primary_T_cells_M_e33_AD_both_mito	primary	T cells	T_cells	M_e33	M_e33	immune::T cells::AD_vs_NCI__Male__e33	validated_complete	AD_both_mito	0	0	3933	362	403	effective_query_below_minimum	skipped_effective_query_below_minimum	0	0	
mitochondrial_kda_run_manifest_v1	primary_T_cells_M_e4_AD_up_mito	primary	T cells	T_cells	M_e4	M_e4	immune::T cells::AD_vs_NCI__Male__e4	validated_complete	AD_up_mito	1	0	4388	366	408	effective_query_below_minimum	skipped_effective_query_below_minimum	0	0	
mitochondrial_kda_run_manifest_v1	primary_T_cells_M_e4_AD_down_mito	primary	T cells	T_cells	M_e4	M_e4	immune::T cells::AD_vs_NCI__Male__e4	validated_complete	AD_down_mito	0	0	4388	366	408	effective_query_below_minimum	skipped_effective_query_below_minimum	0	0	
mitochondrial_kda_run_manifest_v1	primary_T_cells_M_e4_AD_both_mito	primary	T cells	T_cells	M_e4	M_e4	immune::T cells::AD_vs_NCI__Male__e4	validated_complete	AD_both_mito	1	0	4388	366	408	effective_query_below_minimum	skipped_effective_query_below_minimum	0	0	
mitochondrial_kda_run_manifest_v1	secondary_T_cells_female_pool_AD_up_mito	secondary	T cells	T_cells	female_pool	F_e2;F_e33;F_e4	immune::T cells::AD_vs_NCI__Female__e2;immune::T cells::AD_vs_NCI__Female__e33;immune::T cells::AD_vs_NCI__Female__e4	validated_complete;validated_complete;validated_complete	AD_up_mito	0	0	3737	310	352	effective_query_below_minimum	skipped_effective_query_below_minimum	0	0	
mitochondrial_kda_run_manifest_v1	secondary_T_cells_female_pool_AD_down_mito	secondary	T cells	T_cells	female_pool	F_e2;F_e33;F_e4	immune::T cells::AD_vs_NCI__Female__e2;immune::T cells::AD_vs_NCI__Female__e33;immune::T cells::AD_vs_NCI__Female__e4	validated_complete;validated_complete;validated_complete	AD_down_mito	1	0	3737	310	352	effective_query_below_minimum	skipped_effective_query_below_minimum	0	0	
mitochondrial_kda_run_manifest_v1	secondary_T_cells_female_pool_AD_both_mito	secondary	T cells	T_cells	female_pool	F_e2;F_e33;F_e4	immune::T cells::AD_vs_NCI__Female__e2;immune::T cells::AD_vs_NCI__Female__e33;immune::T cells::AD_vs_NCI__Female__e4	validated_complete;validated_complete;validated_complete	AD_both_mito	1	0	3737	310	352	effective_query_below_minimum	skipped_effective_query_below_minimum	0	0	
mitochondrial_kda_run_manifest_v1	secondary_T_cells_male_pool_AD_up_mito	secondary	T cells	T_cells	male_pool	M_e2;M_e33;M_e4	immune::T cells::AD_vs_NCI__Male__e2;immune::T cells::AD_vs_NCI__Male__e33;immune::T cells::AD_vs_NCI__Male__e4	validated_complete;validated_complete;validated_complete	AD_up_mito	1	0	3267	325	362	effective_query_below_minimum	skipped_effective_query_below_minimum	0	0	
mitochondrial_kda_run_manifest_v1	secondary_T_cells_male_pool_AD_down_mito	secondary	T cells	T_cells	male_pool	M_e2;M_e33;M_e4	immune::T cells::AD_vs_NCI__Male__e2;immune::T cells::AD_vs_NCI__Male__e33;immune::T cells::AD_vs_NCI__Male__e4	validated_complete;validated_complete;validated_complete	AD_down_mito	0	0	3267	325	362	effective_query_below_minimum	skipped_effective_query_below_minimum	0	0	
mitochondrial_kda_run_manifest_v1	secondary_T_cells_male_pool_AD_both_mito	secondary	T cells	T_cells	male_pool	M_e2;M_e33;M_e4	immune::T cells::AD_vs_NCI__Male__e2;immune::T cells::AD_vs_NCI__Male__e33;immune::T cells::AD_vs_NCI__Male__e4	validated_complete;validated_complete;validated_complete	AD_both_mito	1	0	3267	325	362	effective_query_below_minimum	skipped_effective_query_below_minimum	0	0	
mitochondrial_kda_run_manifest_v1	secondary_T_cells_e2_pool_AD_up_mito	secondary	T cells	T_cells	e2_pool	F_e2;M_e2	immune::T cells::AD_vs_NCI__Female__e2;immune::T cells::AD_vs_NCI__Male__e2	validated_complete;validated_complete	AD_up_mito	0	0	3647	305	347	effective_query_below_minimum	skipped_effective_query_below_minimum	0	0	
mitochondrial_kda_run_manifest_v1	secondary_T_cells_e2_pool_AD_down_mito	secondary	T cells	T_cells	e2_pool	F_e2;M_e2	immune::T cells::AD_vs_NCI__Female__e2;immune::T cells::AD_vs_NCI__Male__e2	validated_complete;validated_complete	AD_down_mito	0	0	3647	305	347	effective_query_below_minimum	skipped_effective_query_below_minimum	0	0	
mitochondrial_kda_run_manifest_v1	secondary_T_cells_e2_pool_AD_both_mito	secondary	T cells	T_cells	e2_pool	F_e2;M_e2	immune::T cells::AD_vs_NCI__Female__e2;immune::T cells::AD_vs_NCI__Male__e2	validated_complete;validated_complete	AD_both_mito	0	0	3647	305	347	effective_query_below_minimum	skipped_effective_query_below_minimum	0	0	
mitochondrial_kda_run_manifest_v1	secondary_T_cells_e33_pool_AD_up_mito	secondary	T cells	T_cells	e33_pool	F_e33;M_e33	immune::T cells::AD_vs_NCI__Female__e33;immune::T cells::AD_vs_NCI__Male__e33	validated_complete;validated_complete	AD_up_mito	0	0	3806	345	388	effective_query_below_minimum	skipped_effective_query_below_minimum	0	0	
mitochondrial_kda_run_manifest_v1	secondary_T_cells_e33_pool_AD_down_mito	secondary	T cells	T_cells	e33_pool	F_e33;M_e33	immune::T cells::AD_vs_NCI__Female__e33;immune::T cells::AD_vs_NCI__Male__e33	validated_complete;validated_complete	AD_down_mito	1	0	3806	345	388	effective_query_below_minimum	skipped_effective_query_below_minimum	0	0	
mitochondrial_kda_run_manifest_v1	secondary_T_cells_e33_pool_AD_both_mito	secondary	T cells	T_cells	e33_pool	F_e33;M_e33	immune::T cells::AD_vs_NCI__Female__e33;immune::T cells::AD_vs_NCI__Male__e33	validated_complete;validated_complete	AD_both_mito	1	0	3806	345	388	effective_query_below_minimum	skipped_effective_query_below_minimum	0	0	
mitochondrial_kda_run_manifest_v1	secondary_T_cells_e4_pool_AD_up_mito	secondary	T cells	T_cells	e4_pool	F_e4;M_e4	immune::T cells::AD_vs_NCI__Female__e4;immune::T cells::AD_vs_NCI__Male__e4	validated_complete;validated_complete	AD_up_mito	1	0	3990	363	405	effective_query_below_minimum	skipped_effective_query_below_minimum	0	0	
mitochondrial_kda_run_manifest_v1	secondary_T_cells_e4_pool_AD_down_mito	secondary	T cells	T_cells	e4_pool	F_e4;M_e4	immune::T cells::AD_vs_NCI__Female__e4;immune::T cells::AD_vs_NCI__Male__e4	validated_complete;validated_complete	AD_down_mito	0	0	3990	363	405	effective_query_below_minimum	skipped_effective_query_below_minimum	0	0	
mitochondrial_kda_run_manifest_v1	secondary_T_cells_e4_pool_AD_both_mito	secondary	T cells	T_cells	e4_pool	F_e4;M_e4	immune::T cells::AD_vs_NCI__Female__e4;immune::T cells::AD_vs_NCI__Male__e4	validated_complete;validated_complete	AD_both_mito	1	0	3990	363	405	effective_query_below_minimum	skipped_effective_query_below_minimum	0	0	
