schema_version	library	network	pathway	pathway_url	background_definition	background_gene_count	displayed_mapped_gene_count	pathway_background_gene_count	overlap_gene_count	overlap_genes	fold_enrichment	raw_hypergeometric_p	bh_fdr	selected_nonredundant_representative	pathway_code	pathway_display_label	pathway_color	selection_rule
phase18_selenow_excitatory_consensus_v1	MSigDB C2:CP v2026.1 Hs symbols	Excitatory_neurons	REACTOME_AEROBIC_RESPIRATION_AND_RESPIRATORY_ELECTRON_TRANSPORT	https://www.gsea-msigdb.org/gsea/msigdb/human/geneset/REACTOME_AEROBIC_RESPIRATION_AND_RESPIRATORY_ELECTRON_TRANSPORT	all excitatory-neuron Bayesian-network genes represented in MSigDB C2:CP	6952	23	197	5	COA3;CYC1;DMAC2;NDUFB11;SLC25A4	7.671595674244096	0.0003853957921594397	0.26020155399976314	True	R	Respiration / electron transport	#0072B2	contextual nonredundant representative; no term passed BH FDR < 0.05
phase18_selenow_excitatory_consensus_v1	MSigDB C2:CP v2026.1 Hs symbols	Excitatory_neurons	REACTOME_MITOCHONDRIAL_PROTEIN_IMPORT	https://www.gsea-msigdb.org/gsea/msigdb/human/geneset/REACTOME_MITOCHONDRIAL_PROTEIN_IMPORT	all excitatory-neuron Bayesian-network genes represented in MSigDB C2:CP	6952	23	47	3	CHCHD10;CYC1;SLC25A4	19.293246993524512	0.00046652993711052463	0.26020155399976314	False				
phase18_selenow_excitatory_consensus_v1	MSigDB C2:CP v2026.1 Hs symbols	Excitatory_neurons	KEGG_MEDICUS_REFERENCE_MITOCHONDRIAL_COMPLEX_UCP1_IN_THERMOGENESIS	https://www.gsea-msigdb.org/gsea/msigdb/human/geneset/KEGG_MEDICUS_REFERENCE_MITOCHONDRIAL_COMPLEX_UCP1_IN_THERMOGENESIS	all excitatory-neuron Bayesian-network genes represented in MSigDB C2:CP	6952	23	50	3	COA3;CYC1;NDUFB11	18.135652173913044	0.0005602827654862474	0.26020155399976314	False				
phase18_selenow_excitatory_consensus_v1	MSigDB C2:CP v2026.1 Hs symbols	Excitatory_neurons	REACTOME_RESPIRATORY_ELECTRON_TRANSPORT	https://www.gsea-msigdb.org/gsea/msigdb/human/geneset/REACTOME_RESPIRATORY_ELECTRON_TRANSPORT	all excitatory-neuron Bayesian-network genes represented in MSigDB C2:CP	6952	23	121	4	COA3;CYC1;DMAC2;NDUFB11	9.99209486166008	0.0005985084623341303	0.26020155399976314	False				
phase18_selenow_excitatory_consensus_v1	MSigDB C2:CP v2026.1 Hs symbols	Excitatory_neurons	REACTOME_MITOCHONDRIAL_TRANSLATION_ELONGATION	https://www.gsea-msigdb.org/gsea/msigdb/human/geneset/REACTOME_MITOCHONDRIAL_TRANSLATION_ELONGATION	all excitatory-neuron Bayesian-network genes represented in MSigDB C2:CP	6952	23	74	3	MRPL34;MRPL4;MRPS34	12.253819036427732	0.0017595717216333585	0.611979044784082	True	T	Mitochondrial translation elongation	#D55E00	contextual nonredundant representative; no term passed BH FDR < 0.05
phase18_selenow_excitatory_consensus_v1	MSigDB C2:CP v2026.1 Hs symbols	Excitatory_neurons	REACTOME_MITOCHONDRIAL_TRANSLATION	https://www.gsea-msigdb.org/gsea/msigdb/human/geneset/REACTOME_MITOCHONDRIAL_TRANSLATION	all excitatory-neuron Bayesian-network genes represented in MSigDB C2:CP	6952	23	95	3	MRPL34;MRPL4;MRPS34	9.54508009153318	0.003590882082824753	0.8752450030252862	False				
phase18_selenow_excitatory_consensus_v1	MSigDB C2:CP v2026.1 Hs symbols	Excitatory_neurons	WP_SELENIUM_METABOLISM_AND_SELENOPROTEINS	https://www.gsea-msigdb.org/gsea/msigdb/human/geneset/WP_SELENIUM_METABOLISM_AND_SELENOPROTEINS	all excitatory-neuron Bayesian-network genes represented in MSigDB C2:CP	6952	23	28	2	SELENOM;SELENOW	21.590062111801238	0.0037562819121119456	0.8752450030252862	True	S	Selenium metabolism / selenoproteins	#009E73	contextual nonredundant representative; no term passed BH FDR < 0.05
phase18_selenow_excitatory_consensus_v1	MSigDB C2:CP v2026.1 Hs symbols	Excitatory_neurons	WP_SELENIUM_MICRONUTRIENT_NETWORK	https://www.gsea-msigdb.org/gsea/msigdb/human/geneset/WP_SELENIUM_MICRONUTRIENT_NETWORK	all excitatory-neuron Bayesian-network genes represented in MSigDB C2:CP	6952	23	29	2	SELENOM;SELENOW	20.845577211394303	0.004026428996091023	0.8752450030252862	False				
phase18_selenow_excitatory_consensus_v1	MSigDB C2:CP v2026.1 Hs symbols	Excitatory_neurons	REACTOME_HOST_INTERACTIONS_OF_HIV_FACTORS	https://www.gsea-msigdb.org/gsea/msigdb/human/geneset/REACTOME_HOST_INTERACTIONS_OF_HIV_FACTORS	all excitatory-neuron Bayesian-network genes represented in MSigDB C2:CP	6952	23	104	3	AP1S1;PSMD8;SLC25A4	8.719063545150501	0.0046336135971272365	0.8953171161560294	False				
phase18_selenow_excitatory_consensus_v1	MSigDB C2:CP v2026.1 Hs symbols	Excitatory_neurons	REACTOME_PROTEIN_LOCALIZATION	https://www.gsea-msigdb.org/gsea/msigdb/human/geneset/REACTOME_PROTEIN_LOCALIZATION	all excitatory-neuron Bayesian-network genes represented in MSigDB C2:CP	6952	23	116	3	CHCHD10;CYC1;SLC25A4	7.817091454272864	0.006284796542215066	1.0	False				
phase18_selenow_excitatory_consensus_v1	MSigDB C2:CP v2026.1 Hs symbols	Excitatory_neurons	WP_MITOCHONDRIAL_COMPLEX_I_ASSEMBLY_MODEL_OXPHOS_SYSTEM	https://www.gsea-msigdb.org/gsea/msigdb/human/geneset/WP_MITOCHONDRIAL_COMPLEX_I_ASSEMBLY_MODEL_OXPHOS_SYSTEM	all excitatory-neuron Bayesian-network genes represented in MSigDB C2:CP	6952	23	50	2	DMAC2;NDUFB11	12.090434782608696	0.011647722437689868	1.0	False				
phase18_selenow_excitatory_consensus_v1	MSigDB C2:CP v2026.1 Hs symbols	Excitatory_neurons	REACTOME_SIGNALING_BY_NOTCH4	https://www.gsea-msigdb.org/gsea/msigdb/human/geneset/REACTOME_SIGNALING_BY_NOTCH4	all excitatory-neuron Bayesian-network genes represented in MSigDB C2:CP	6952	23	57	2	PSEN1;PSMD8	10.605644546147976	0.014964238449441919	1.0	False				
phase18_selenow_excitatory_consensus_v1	MSigDB C2:CP v2026.1 Hs symbols	Excitatory_neurons	REACTOME_TRANSLATION	https://www.gsea-msigdb.org/gsea/msigdb/human/geneset/REACTOME_TRANSLATION	all excitatory-neuron Bayesian-network genes represented in MSigDB C2:CP	6952	23	304	4	MRPL34;MRPL4;MRPS34;PSMD8	3.977116704805492	0.01643525580288001	1.0	False				
phase18_selenow_excitatory_consensus_v1	MSigDB C2:CP v2026.1 Hs symbols	Excitatory_neurons	REACTOME_COMPLEX_I_BIOGENESIS	https://www.gsea-msigdb.org/gsea/msigdb/human/geneset/REACTOME_COMPLEX_I_BIOGENESIS	all excitatory-neuron Bayesian-network genes represented in MSigDB C2:CP	6952	23	60	2	DMAC2;NDUFB11	10.07536231884058	0.016496429740214126	1.0	False				
phase18_selenow_excitatory_consensus_v1	MSigDB C2:CP v2026.1 Hs symbols	Excitatory_neurons	WP_ALZHEIMERS_DISEASE	https://www.gsea-msigdb.org/gsea/msigdb/human/geneset/WP_ALZHEIMERS_DISEASE	all excitatory-neuron Bayesian-network genes represented in MSigDB C2:CP	6952	23	173	3	PSEN1;PSMD8;SLC25A4	5.24151796933903	0.01860363789026633	1.0	False				
phase18_selenow_excitatory_consensus_v1	MSigDB C2:CP v2026.1 Hs symbols	Excitatory_neurons	WP_ALZHEIMERS_DISEASE_AND_MIRNA_EFFECTS	https://www.gsea-msigdb.org/gsea/msigdb/human/geneset/WP_ALZHEIMERS_DISEASE_AND_MIRNA_EFFECTS	all excitatory-neuron Bayesian-network genes represented in MSigDB C2:CP	6952	23	173	3	PSEN1;PSMD8;SLC25A4	5.24151796933903	0.01860363789026633	1.0	False				
phase18_selenow_excitatory_consensus_v1	MSigDB C2:CP v2026.1 Hs symbols	Excitatory_neurons	REACTOME_HIV_INFECTION	https://www.gsea-msigdb.org/gsea/msigdb/human/geneset/REACTOME_HIV_INFECTION	all excitatory-neuron Bayesian-network genes represented in MSigDB C2:CP	6952	23	194	3	AP1S1;PSMD8;SLC25A4	4.674137158225012	0.02512608175889322	1.0	False				
phase18_selenow_excitatory_consensus_v1	MSigDB C2:CP v2026.1 Hs symbols	Excitatory_neurons	REACTOME_MITOCHONDRIAL_PROTEIN_DEGRADATION	https://www.gsea-msigdb.org/gsea/msigdb/human/geneset/REACTOME_MITOCHONDRIAL_PROTEIN_DEGRADATION	all excitatory-neuron Bayesian-network genes represented in MSigDB C2:CP	6952	23	83	2	CLPP;PRELID1	7.2833944473546355	0.030293401997460168	1.0	False				
phase18_selenow_excitatory_consensus_v1	MSigDB C2:CP v2026.1 Hs symbols	Excitatory_neurons	KEGG_PARKINSONS_DISEASE	https://www.gsea-msigdb.org/gsea/msigdb/human/geneset/KEGG_PARKINSONS_DISEASE	all excitatory-neuron Bayesian-network genes represented in MSigDB C2:CP	6952	23	99	2	CYC1;SLC25A4	6.106280193236715	0.041830838789172375	1.0	False				
phase18_selenow_excitatory_consensus_v1	MSigDB C2:CP v2026.1 Hs symbols	Excitatory_neurons	REACTOME_SIGNALING_BY_TGFB_FAMILY_MEMBERS	https://www.gsea-msigdb.org/gsea/msigdb/human/geneset/REACTOME_SIGNALING_BY_TGFB_FAMILY_MEMBERS	all excitatory-neuron Bayesian-network genes represented in MSigDB C2:CP	6952	23	102	2	PSEN1;STRAP	5.926683716965047	0.0441539475847456	1.0	False				
phase18_selenow_excitatory_consensus_v1	MSigDB C2:CP v2026.1 Hs symbols	Excitatory_neurons	KEGG_MEDICUS_VARIANT_MUTATION_CAUSED_ABBERANT_ATXN2_3_TO_MGLUR5_CA2_APOPTOTIC_PATHWAY	https://www.gsea-msigdb.org/gsea/msigdb/human/geneset/KEGG_MEDICUS_VARIANT_MUTATION_CAUSED_ABBERANT_ATXN2_3_TO_MGLUR5_CA2_APOPTOTIC_PATHWAY	all excitatory-neuron Bayesian-network genes represented in MSigDB C2:CP	6952	23	15	1	SLC25A4	20.15072463768116	0.04854081083654939	1.0	False				
phase18_selenow_excitatory_consensus_v1	MSigDB C2:CP v2026.1 Hs symbols	Excitatory_neurons	KEGG_MEDICUS_VARIANT_MUTATION_CAUSED_ABERRANT_ABETA_TO_MACHR_CA2_APOPTOTIC_PATHWAY	https://www.gsea-msigdb.org/gsea/msigdb/human/geneset/KEGG_MEDICUS_VARIANT_MUTATION_CAUSED_ABERRANT_ABETA_TO_MACHR_CA2_APOPTOTIC_PATHWAY	all excitatory-neuron Bayesian-network genes represented in MSigDB C2:CP	6952	23	15	1	SLC25A4	20.15072463768116	0.04854081083654939	1.0	False				
phase18_selenow_excitatory_consensus_v1	MSigDB C2:CP v2026.1 Hs symbols	Excitatory_neurons	KEGG_MEDICUS_VARIANT_MUTATION_CAUSED_ABERRANT_HTT_TO_TRANSPORT_OF_CALCIUM	https://www.gsea-msigdb.org/gsea/msigdb/human/geneset/KEGG_MEDICUS_VARIANT_MUTATION_CAUSED_ABERRANT_HTT_TO_TRANSPORT_OF_CALCIUM	all excitatory-neuron Bayesian-network genes represented in MSigDB C2:CP	6952	23	15	1	SLC25A4	20.15072463768116	0.04854081083654939	1.0	False				
phase18_selenow_excitatory_consensus_v1	MSigDB C2:CP v2026.1 Hs symbols	Excitatory_neurons	REACTOME_NEF_MEDIATES_DOWN_MODULATION_OF_CELL_SURFACE_RECEPTORS_BY_RECRUITING_THEM_TO_CLATHRIN_ADAPTERS	https://www.gsea-msigdb.org/gsea/msigdb/human/geneset/REACTOME_NEF_MEDIATES_DOWN_MODULATION_OF_CELL_SURFACE_RECEPTORS_BY_RECRUITING_THEM_TO_CLATHRIN_ADAPTERS	all excitatory-neuron Bayesian-network genes represented in MSigDB C2:CP	6952	23	15	1	AP1S1	20.15072463768116	0.04854081083654939	1.0	False				
phase18_selenow_excitatory_consensus_v1	MSigDB C2:CP v2026.1 Hs symbols	Excitatory_neurons	WP_CANONICAL_AND_NONCANONICAL_NOTCH_SIGNALING	https://www.gsea-msigdb.org/gsea/msigdb/human/geneset/WP_CANONICAL_AND_NONCANONICAL_NOTCH_SIGNALING	all excitatory-neuron Bayesian-network genes represented in MSigDB C2:CP	6952	23	15	1	PSEN1	20.15072463768116	0.04854081083654939	1.0	False				
phase18_selenow_excitatory_consensus_v1	MSigDB C2:CP v2026.1 Hs symbols	Excitatory_neurons	WP_DEREGULATING_CELLULAR_METABOLISM_THROUGH_NONGENOTOXIC_CARCINOGENS	https://www.gsea-msigdb.org/gsea/msigdb/human/geneset/WP_DEREGULATING_CELLULAR_METABOLISM_THROUGH_NONGENOTOXIC_CARCINOGENS	all excitatory-neuron Bayesian-network genes represented in MSigDB C2:CP	6952	23	15	1	CLPP	20.15072463768116	0.04854081083654939	1.0	False				
phase18_selenow_excitatory_consensus_v1	MSigDB C2:CP v2026.1 Hs symbols	Excitatory_neurons	REACTOME_PTEN_REGULATION	https://www.gsea-msigdb.org/gsea/msigdb/human/geneset/REACTOME_PTEN_REGULATION	all excitatory-neuron Bayesian-network genes represented in MSigDB C2:CP	6952	23	109	2	LAMTOR5;PSMD8	5.5460710011966485	0.049758383823086526	1.0	False				
phase18_selenow_excitatory_consensus_v1	MSigDB C2:CP v2026.1 Hs symbols	Excitatory_neurons	WP_NONALCOHOLIC_FATTY_LIVER_DISEASE	https://www.gsea-msigdb.org/gsea/msigdb/human/geneset/WP_NONALCOHOLIC_FATTY_LIVER_DISEASE	all excitatory-neuron Bayesian-network genes represented in MSigDB C2:CP	6952	23	110	2	CYC1;NDUFB11	5.495652173913043	0.05057944588201313	1.0	False				
phase18_selenow_excitatory_consensus_v1	MSigDB C2:CP v2026.1 Hs symbols	Excitatory_neurons	BIOCARTA_PDZS_PATHWAY	https://www.gsea-msigdb.org/gsea/msigdb/human/geneset/BIOCARTA_PDZS_PATHWAY	all excitatory-neuron Bayesian-network genes represented in MSigDB C2:CP	6952	23	16	1	GUK1	18.891304347826086	0.051695425417889934	1.0	False				
phase18_selenow_excitatory_consensus_v1	MSigDB C2:CP v2026.1 Hs symbols	Excitatory_neurons	KEGG_MEDICUS_REFERENCE_MGLUR5_CA2_APOPTOTIC_PATHWAY	https://www.gsea-msigdb.org/gsea/msigdb/human/geneset/KEGG_MEDICUS_REFERENCE_MGLUR5_CA2_APOPTOTIC_PATHWAY	all excitatory-neuron Bayesian-network genes represented in MSigDB C2:CP	6952	23	16	1	SLC25A4	18.891304347826086	0.051695425417889934	1.0	False				
phase18_selenow_excitatory_consensus_v1	MSigDB C2:CP v2026.1 Hs symbols	Excitatory_neurons	REACTOME_NOTCH2_ACTIVATION_AND_TRANSMISSION_OF_SIGNAL_TO_THE_NUCLEUS	https://www.gsea-msigdb.org/gsea/msigdb/human/geneset/REACTOME_NOTCH2_ACTIVATION_AND_TRANSMISSION_OF_SIGNAL_TO_THE_NUCLEUS	all excitatory-neuron Bayesian-network genes represented in MSigDB C2:CP	6952	23	16	1	PSEN1	18.891304347826086	0.051695425417889934	1.0	False				
phase18_selenow_excitatory_consensus_v1	MSigDB C2:CP v2026.1 Hs symbols	Excitatory_neurons	KEGG_ALZHEIMERS_DISEASE	https://www.gsea-msigdb.org/gsea/msigdb/human/geneset/KEGG_ALZHEIMERS_DISEASE	all excitatory-neuron Bayesian-network genes represented in MSigDB C2:CP	6952	23	115	2	CYC1;PSEN1	5.256710775047258	0.0547588265354408	1.0	False				
phase18_selenow_excitatory_consensus_v1	MSigDB C2:CP v2026.1 Hs symbols	Excitatory_neurons	KEGG_MEDICUS_PATHOGEN_SALMONELLA_SOPE_TO_RAC_SIGNALING_PATHWAY	https://www.gsea-msigdb.org/gsea/msigdb/human/geneset/KEGG_MEDICUS_PATHOGEN_SALMONELLA_SOPE_TO_RAC_SIGNALING_PATHWAY	all excitatory-neuron Bayesian-network genes represented in MSigDB C2:CP	6952	23	17	1	BRK1	17.78005115089514	0.054840034012957485	1.0	False				
phase18_selenow_excitatory_consensus_v1	MSigDB C2:CP v2026.1 Hs symbols	Excitatory_neurons	KEGG_MEDICUS_REFERENCE_VGCC_CA2_APOPTOTIC_PATHWAY	https://www.gsea-msigdb.org/gsea/msigdb/human/geneset/KEGG_MEDICUS_REFERENCE_VGCC_CA2_APOPTOTIC_PATHWAY	all excitatory-neuron Bayesian-network genes represented in MSigDB C2:CP	6952	23	17	1	SLC25A4	17.78005115089514	0.054840034012957485	1.0	False				
phase18_selenow_excitatory_consensus_v1	MSigDB C2:CP v2026.1 Hs symbols	Excitatory_neurons	KEGG_MEDICUS_VARIANT_MUTATION_CAUSED_ABERRANT_ABETA_TO_MGLUR5_CA2_APOPTOTIC_PATHWAY	https://www.gsea-msigdb.org/gsea/msigdb/human/geneset/KEGG_MEDICUS_VARIANT_MUTATION_CAUSED_ABERRANT_ABETA_TO_MGLUR5_CA2_APOPTOTIC_PATHWAY	all excitatory-neuron Bayesian-network genes represented in MSigDB C2:CP	6952	23	17	1	SLC25A4	17.78005115089514	0.054840034012957485	1.0	False				
phase18_selenow_excitatory_consensus_v1	MSigDB C2:CP v2026.1 Hs symbols	Excitatory_neurons	KEGG_MEDICUS_VARIANT_MUTATION_CAUSED_ABERRANT_HTT_TO_MGLUR5_CA2_APOPTOTIC_PATHWAY	https://www.gsea-msigdb.org/gsea/msigdb/human/geneset/KEGG_MEDICUS_VARIANT_MUTATION_CAUSED_ABERRANT_HTT_TO_MGLUR5_CA2_APOPTOTIC_PATHWAY	all excitatory-neuron Bayesian-network genes represented in MSigDB C2:CP	6952	23	17	1	SLC25A4	17.78005115089514	0.054840034012957485	1.0	False				
phase18_selenow_excitatory_consensus_v1	MSigDB C2:CP v2026.1 Hs symbols	Excitatory_neurons	KEGG_MEDICUS_VARIANT_SCRAPIE_CONFORMATION_PRPSC_TO_MGLUR5_CA2_APOPTOTIC_PATHWAY	https://www.gsea-msigdb.org/gsea/msigdb/human/geneset/KEGG_MEDICUS_VARIANT_SCRAPIE_CONFORMATION_PRPSC_TO_MGLUR5_CA2_APOPTOTIC_PATHWAY	all excitatory-neuron Bayesian-network genes represented in MSigDB C2:CP	6952	23	17	1	SLC25A4	17.78005115089514	0.054840034012957485	1.0	False				
phase18_selenow_excitatory_consensus_v1	MSigDB C2:CP v2026.1 Hs symbols	Excitatory_neurons	REACTOME_NOTCH3_ACTIVATION_AND_TRANSMISSION_OF_SIGNAL_TO_THE_NUCLEUS	https://www.gsea-msigdb.org/gsea/msigdb/human/geneset/REACTOME_NOTCH3_ACTIVATION_AND_TRANSMISSION_OF_SIGNAL_TO_THE_NUCLEUS	all excitatory-neuron Bayesian-network genes represented in MSigDB C2:CP	6952	23	17	1	PSEN1	17.78005115089514	0.054840034012957485	1.0	False				
phase18_selenow_excitatory_consensus_v1	MSigDB C2:CP v2026.1 Hs symbols	Excitatory_neurons	WP_PHOTODYNAMIC_THERAPYINDUCED_UNFOLDED_PROTEIN_RESPONSE	https://www.gsea-msigdb.org/gsea/msigdb/human/geneset/WP_PHOTODYNAMIC_THERAPYINDUCED_UNFOLDED_PROTEIN_RESPONSE	all excitatory-neuron Bayesian-network genes represented in MSigDB C2:CP	6952	23	18	1	DNAJB9	16.792270531400966	0.057974666921061596	1.0	False				
phase18_selenow_excitatory_consensus_v1	MSigDB C2:CP v2026.1 Hs symbols	Excitatory_neurons	REACTOME_REGULATION_OF_HOMOTYPIC_CELL_CELL_ADHESION	https://www.gsea-msigdb.org/gsea/msigdb/human/geneset/REACTOME_REGULATION_OF_HOMOTYPIC_CELL_CELL_ADHESION	all excitatory-neuron Bayesian-network genes represented in MSigDB C2:CP	6952	23	119	2	PSMD8;STRAP	5.080014614541469	0.05818892109202405	1.0	False				
phase18_selenow_excitatory_consensus_v1	MSigDB C2:CP v2026.1 Hs symbols	Excitatory_neurons	REACTOME_COMPLEX_III_ASSEMBLY	https://www.gsea-msigdb.org/gsea/msigdb/human/geneset/REACTOME_COMPLEX_III_ASSEMBLY	all excitatory-neuron Bayesian-network genes represented in MSigDB C2:CP	6952	23	19	1	CYC1	15.908466819221967	0.061099354354118354	1.0	False				
phase18_selenow_excitatory_consensus_v1	MSigDB C2:CP v2026.1 Hs symbols	Excitatory_neurons	REACTOME_NUCLEAR_SIGNALING_BY_ERBB4	https://www.gsea-msigdb.org/gsea/msigdb/human/geneset/REACTOME_NUCLEAR_SIGNALING_BY_ERBB4	all excitatory-neuron Bayesian-network genes represented in MSigDB C2:CP	6952	23	19	1	PSEN1	15.908466819221967	0.061099354354118354	1.0	False				
phase18_selenow_excitatory_consensus_v1	MSigDB C2:CP v2026.1 Hs symbols	Excitatory_neurons	REACTOME_SIGNALING_BY_NOTCH	https://www.gsea-msigdb.org/gsea/msigdb/human/geneset/REACTOME_SIGNALING_BY_NOTCH	all excitatory-neuron Bayesian-network genes represented in MSigDB C2:CP	6952	23	124	2	PSEN1;PSMD8	4.875175315568023	0.06258083200364392	1.0	False				
phase18_selenow_excitatory_consensus_v1	MSigDB C2:CP v2026.1 Hs symbols	Excitatory_neurons	REACTOME_THE_ROLE_OF_NEF_IN_HIV_1_REPLICATION_AND_DISEASE_PATHOGENESIS	https://www.gsea-msigdb.org/gsea/msigdb/human/geneset/REACTOME_THE_ROLE_OF_NEF_IN_HIV_1_REPLICATION_AND_DISEASE_PATHOGENESIS	all excitatory-neuron Bayesian-network genes represented in MSigDB C2:CP	6952	23	20	1	AP1S1	15.113043478260868	0.06421412643688992	1.0	False				
phase18_selenow_excitatory_consensus_v1	MSigDB C2:CP v2026.1 Hs symbols	Excitatory_neurons	KEGG_MEDICUS_REFERENCE_ARNO_ARF_ACTB_G_SIGNALING_PATHWAY	https://www.gsea-msigdb.org/gsea/msigdb/human/geneset/KEGG_MEDICUS_REFERENCE_ARNO_ARF_ACTB_G_SIGNALING_PATHWAY	all excitatory-neuron Bayesian-network genes represented in MSigDB C2:CP	6952	23	21	1	BRK1	14.393374741200828	0.06731901320722337	1.0	False				
phase18_selenow_excitatory_consensus_v1	MSigDB C2:CP v2026.1 Hs symbols	Excitatory_neurons	REACTOME_INTERCONVERSION_OF_NUCLEOTIDE_DI_AND_TRIPHOSPHATES	https://www.gsea-msigdb.org/gsea/msigdb/human/geneset/REACTOME_INTERCONVERSION_OF_NUCLEOTIDE_DI_AND_TRIPHOSPHATES	all excitatory-neuron Bayesian-network genes represented in MSigDB C2:CP	6952	23	21	1	GUK1	14.393374741200828	0.06731901320722337	1.0	False				
phase18_selenow_excitatory_consensus_v1	MSigDB C2:CP v2026.1 Hs symbols	Excitatory_neurons	REACTOME_MTORC1_MEDIATED_SIGNALLING	https://www.gsea-msigdb.org/gsea/msigdb/human/geneset/REACTOME_MTORC1_MEDIATED_SIGNALLING	all excitatory-neuron Bayesian-network genes represented in MSigDB C2:CP	6952	23	21	1	LAMTOR5	14.393374741200828	0.06731901320722337	1.0	False				
phase18_selenow_excitatory_consensus_v1	MSigDB C2:CP v2026.1 Hs symbols	Excitatory_neurons	REACTOME_ADHERENS_JUNCTIONS_INTERACTIONS	https://www.gsea-msigdb.org/gsea/msigdb/human/geneset/REACTOME_ADHERENS_JUNCTIONS_INTERACTIONS	all excitatory-neuron Bayesian-network genes represented in MSigDB C2:CP	6952	23	132	2	PSMD8;STRAP	4.579710144927536	0.06983813552078963	1.0	False				
phase18_selenow_excitatory_consensus_v1	MSigDB C2:CP v2026.1 Hs symbols	Excitatory_neurons	REACTOME_DOWNREGULATION_OF_TGF_BETA_RECEPTOR_SIGNALING	https://www.gsea-msigdb.org/gsea/msigdb/human/geneset/REACTOME_DOWNREGULATION_OF_TGF_BETA_RECEPTOR_SIGNALING	all excitatory-neuron Bayesian-network genes represented in MSigDB C2:CP	6952	23	22	1	STRAP	13.73913043478261	0.070414044616289	1.0	False				
phase18_selenow_excitatory_consensus_v1	MSigDB C2:CP v2026.1 Hs symbols	Excitatory_neurons	REACTOME_TP53_REGULATES_TRANSCRIPTION_OF_CELL_DEATH_GENES	https://www.gsea-msigdb.org/gsea/msigdb/human/geneset/REACTOME_TP53_REGULATES_TRANSCRIPTION_OF_CELL_DEATH_GENES	all excitatory-neuron Bayesian-network genes represented in MSigDB C2:CP	6952	23	22	1	PRELID1	13.73913043478261	0.070414044616289	1.0	False				
phase18_selenow_excitatory_consensus_v1	MSigDB C2:CP v2026.1 Hs symbols	Excitatory_neurons	KEGG_HUNTINGTONS_DISEASE	https://www.gsea-msigdb.org/gsea/msigdb/human/geneset/KEGG_HUNTINGTONS_DISEASE	all excitatory-neuron Bayesian-network genes represented in MSigDB C2:CP	6952	23	134	2	CYC1;SLC25A4	4.511356262167423	0.07169495022254187	1.0	False				
phase18_selenow_excitatory_consensus_v1	MSigDB C2:CP v2026.1 Hs symbols	Excitatory_neurons	REACTOME_SIGNALING_BY_NOTCH2	https://www.gsea-msigdb.org/gsea/msigdb/human/geneset/REACTOME_SIGNALING_BY_NOTCH2	all excitatory-neuron Bayesian-network genes represented in MSigDB C2:CP	6952	23	23	1	PSEN1	13.141776937618147	0.07349925052881792	1.0	False				
phase18_selenow_excitatory_consensus_v1	MSigDB C2:CP v2026.1 Hs symbols	Excitatory_neurons	KEGG_MEDICUS_PATHOGEN_SHIGELLA_IPGD_TO_ARNO_ARF_ACTB_G_SIGNALING_PATHWAY	https://www.gsea-msigdb.org/gsea/msigdb/human/geneset/KEGG_MEDICUS_PATHOGEN_SHIGELLA_IPGD_TO_ARNO_ARF_ACTB_G_SIGNALING_PATHWAY	all excitatory-neuron Bayesian-network genes represented in MSigDB C2:CP	6952	23	24	1	BRK1	12.594202898550725	0.07657466072333909	1.0	False				
phase18_selenow_excitatory_consensus_v1	MSigDB C2:CP v2026.1 Hs symbols	Excitatory_neurons	REACTOME_DRUG_ADME	https://www.gsea-msigdb.org/gsea/msigdb/human/geneset/REACTOME_DRUG_ADME	all excitatory-neuron Bayesian-network genes represented in MSigDB C2:CP	6952	23	24	1	GUK1	12.594202898550725	0.07657466072333909	1.0	False				
phase18_selenow_excitatory_consensus_v1	MSigDB C2:CP v2026.1 Hs symbols	Excitatory_neurons	WP_MITOCHONDRIAL_COMPLEX_IV_ASSEMBLY	https://www.gsea-msigdb.org/gsea/msigdb/human/geneset/WP_MITOCHONDRIAL_COMPLEX_IV_ASSEMBLY	all excitatory-neuron Bayesian-network genes represented in MSigDB C2:CP	6952	23	24	1	COA3	12.594202898550725	0.07657466072333909	1.0	False				
phase18_selenow_excitatory_consensus_v1	MSigDB C2:CP v2026.1 Hs symbols	Excitatory_neurons	KEGG_MEDICUS_PATHOGEN_SALMONELLA_SOPB_TO_ARNO_ARF_ACTB_G_SIGNALING_PATHWAY	https://www.gsea-msigdb.org/gsea/msigdb/human/geneset/KEGG_MEDICUS_PATHOGEN_SALMONELLA_SOPB_TO_ARNO_ARF_ACTB_G_SIGNALING_PATHWAY	all excitatory-neuron Bayesian-network genes represented in MSigDB C2:CP	6952	23	25	1	BRK1	12.090434782608696	0.07964030489241576	1.0	False				
phase18_selenow_excitatory_consensus_v1	MSigDB C2:CP v2026.1 Hs symbols	Excitatory_neurons	REACTOME_ACTIVATED_NOTCH1_TRANSMITS_SIGNAL_TO_THE_NUCLEUS	https://www.gsea-msigdb.org/gsea/msigdb/human/geneset/REACTOME_ACTIVATED_NOTCH1_TRANSMITS_SIGNAL_TO_THE_NUCLEUS	all excitatory-neuron Bayesian-network genes represented in MSigDB C2:CP	6952	23	25	1	PSEN1	12.090434782608696	0.07964030489241576	1.0	False				
phase18_selenow_excitatory_consensus_v1	MSigDB C2:CP v2026.1 Hs symbols	Excitatory_neurons	WP_SODIUM_CHANNEL_IN_EPILEPSY	https://www.gsea-msigdb.org/gsea/msigdb/human/geneset/WP_SODIUM_CHANNEL_IN_EPILEPSY	all excitatory-neuron Bayesian-network genes represented in MSigDB C2:CP	6952	23	26	1	PSEN1	11.62541806020067	0.08269621264288125	1.0	False				
phase18_selenow_excitatory_consensus_v1	MSigDB C2:CP v2026.1 Hs symbols	Excitatory_neurons	REACTOME_ENERGY_DEPENDENT_REGULATION_OF_MTOR_BY_LKB1_AMPK	https://www.gsea-msigdb.org/gsea/msigdb/human/geneset/REACTOME_ENERGY_DEPENDENT_REGULATION_OF_MTOR_BY_LKB1_AMPK	all excitatory-neuron Bayesian-network genes represented in MSigDB C2:CP	6952	23	27	1	LAMTOR5	11.194847020933977	0.0857424134960741	1.0	False				
phase18_selenow_excitatory_consensus_v1	MSigDB C2:CP v2026.1 Hs symbols	Excitatory_neurons	REACTOME_LYSOSOME_VESICLE_BIOGENESIS	https://www.gsea-msigdb.org/gsea/msigdb/human/geneset/REACTOME_LYSOSOME_VESICLE_BIOGENESIS	all excitatory-neuron Bayesian-network genes represented in MSigDB C2:CP	6952	23	28	1	AP1S1	10.795031055900619	0.0887789368880727	1.0	False				
phase18_selenow_excitatory_consensus_v1	MSigDB C2:CP v2026.1 Hs symbols	Excitatory_neurons	WP_TROP2_REGULATORY_SIGNALING	https://www.gsea-msigdb.org/gsea/msigdb/human/geneset/WP_TROP2_REGULATORY_SIGNALING	all excitatory-neuron Bayesian-network genes represented in MSigDB C2:CP	6952	23	28	1	PSEN1	10.795031055900619	0.0887789368880727	1.0	False				
phase18_selenow_excitatory_consensus_v1	MSigDB C2:CP v2026.1 Hs symbols	Excitatory_neurons	REACTOME_COMPLEX_IV_ASSEMBLY	https://www.gsea-msigdb.org/gsea/msigdb/human/geneset/REACTOME_COMPLEX_IV_ASSEMBLY	all excitatory-neuron Bayesian-network genes represented in MSigDB C2:CP	6952	23	29	1	COA3	10.422788605697152	0.0918058121699292	1.0	False				
phase18_selenow_excitatory_consensus_v1	MSigDB C2:CP v2026.1 Hs symbols	Excitatory_neurons	REACTOME_RHO_GTPASES_ACTIVATE_WASPS_AND_WAVES	https://www.gsea-msigdb.org/gsea/msigdb/human/geneset/REACTOME_RHO_GTPASES_ACTIVATE_WASPS_AND_WAVES	all excitatory-neuron Bayesian-network genes represented in MSigDB C2:CP	6952	23	29	1	BRK1	10.422788605697152	0.0918058121699292	1.0	False				
phase18_selenow_excitatory_consensus_v1	MSigDB C2:CP v2026.1 Hs symbols	Excitatory_neurons	WP_NOTCH_SIGNALING_WP268	https://www.gsea-msigdb.org/gsea/msigdb/human/geneset/WP_NOTCH_SIGNALING_WP268	all excitatory-neuron Bayesian-network genes represented in MSigDB C2:CP	6952	23	29	1	PSEN1	10.422788605697152	0.0918058121699292	1.0	False				
phase18_selenow_excitatory_consensus_v1	MSigDB C2:CP v2026.1 Hs symbols	Excitatory_neurons	REACTOME_CELL_JUNCTION_ORGANIZATION	https://www.gsea-msigdb.org/gsea/msigdb/human/geneset/REACTOME_CELL_JUNCTION_ORGANIZATION	all excitatory-neuron Bayesian-network genes represented in MSigDB C2:CP	6952	23	156	2	PSMD8;STRAP	3.8751393534002228	0.09314519569667366	1.0	False				
phase18_selenow_excitatory_consensus_v1	MSigDB C2:CP v2026.1 Hs symbols	Excitatory_neurons	PID_PS1_PATHWAY	https://www.gsea-msigdb.org/gsea/msigdb/human/geneset/PID_PS1_PATHWAY	all excitatory-neuron Bayesian-network genes represented in MSigDB C2:CP	6952	23	30	1	PSEN1	10.07536231884058	0.09482306860790285	1.0	False				
phase18_selenow_excitatory_consensus_v1	MSigDB C2:CP v2026.1 Hs symbols	Excitatory_neurons	REACTOME_CROSS_PRESENTATION_OF_SOLUBLE_EXOGENOUS_ANTIGENS_ENDOSOMES	https://www.gsea-msigdb.org/gsea/msigdb/human/geneset/REACTOME_CROSS_PRESENTATION_OF_SOLUBLE_EXOGENOUS_ANTIGENS_ENDOSOMES	all excitatory-neuron Bayesian-network genes represented in MSigDB C2:CP	6952	23	30	1	PSMD8	10.07536231884058	0.09482306860790285	1.0	False				
phase18_selenow_excitatory_consensus_v1	MSigDB C2:CP v2026.1 Hs symbols	Excitatory_neurons	REACTOME_EPH_EPHRIN_MEDIATED_REPULSION_OF_CELLS	https://www.gsea-msigdb.org/gsea/msigdb/human/geneset/REACTOME_EPH_EPHRIN_MEDIATED_REPULSION_OF_CELLS	all excitatory-neuron Bayesian-network genes represented in MSigDB C2:CP	6952	23	30	1	PSEN1	10.07536231884058	0.09482306860790285	1.0	False				
phase18_selenow_excitatory_consensus_v1	MSigDB C2:CP v2026.1 Hs symbols	Excitatory_neurons	REACTOME_REGULATION_OF_CDH1_GENE_TRANSCRIPTION	https://www.gsea-msigdb.org/gsea/msigdb/human/geneset/REACTOME_REGULATION_OF_CDH1_GENE_TRANSCRIPTION	all excitatory-neuron Bayesian-network genes represented in MSigDB C2:CP	6952	23	30	1	STRAP	10.07536231884058	0.09482306860790285	1.0	False				
phase18_selenow_excitatory_consensus_v1	MSigDB C2:CP v2026.1 Hs symbols	Excitatory_neurons	REACTOME_SIGNALING_BY_TGFBR3	https://www.gsea-msigdb.org/gsea/msigdb/human/geneset/REACTOME_SIGNALING_BY_TGFBR3	all excitatory-neuron Bayesian-network genes represented in MSigDB C2:CP	6952	23	30	1	PSEN1	10.07536231884058	0.09482306860790285	1.0	False				
phase18_selenow_excitatory_consensus_v1	MSigDB C2:CP v2026.1 Hs symbols	Excitatory_neurons	KEGG_NOTCH_SIGNALING_PATHWAY	https://www.gsea-msigdb.org/gsea/msigdb/human/geneset/KEGG_NOTCH_SIGNALING_PATHWAY	all excitatory-neuron Bayesian-network genes represented in MSigDB C2:CP	6952	23	31	1	PSEN1	9.750350631136046	0.09783073538369283	1.0	False				
phase18_selenow_excitatory_consensus_v1	MSigDB C2:CP v2026.1 Hs symbols	Excitatory_neurons	REACTOME_SIGNALING_BY_NOTCH3	https://www.gsea-msigdb.org/gsea/msigdb/human/geneset/REACTOME_SIGNALING_BY_NOTCH3	all excitatory-neuron Bayesian-network genes represented in MSigDB C2:CP	6952	23	31	1	PSEN1	9.750350631136046	0.09783073538369283	1.0	False				
phase18_selenow_excitatory_consensus_v1	MSigDB C2:CP v2026.1 Hs symbols	Excitatory_neurons	REACTOME_TGF_BETA_RECEPTOR_SIGNALING_ACTIVATES_SMADS	https://www.gsea-msigdb.org/gsea/msigdb/human/geneset/REACTOME_TGF_BETA_RECEPTOR_SIGNALING_ACTIVATES_SMADS	all excitatory-neuron Bayesian-network genes represented in MSigDB C2:CP	6952	23	31	1	STRAP	9.750350631136046	0.09783073538369283	1.0	False				
phase18_selenow_excitatory_consensus_v1	MSigDB C2:CP v2026.1 Hs symbols	Excitatory_neurons	REACTOME_TRNA_MODIFICATION_IN_THE_NUCLEUS_AND_CYTOSOL	https://www.gsea-msigdb.org/gsea/msigdb/human/geneset/REACTOME_TRNA_MODIFICATION_IN_THE_NUCLEUS_AND_CYTOSOL	all excitatory-neuron Bayesian-network genes represented in MSigDB C2:CP	6952	23	31	1	LAGE3	9.750350631136046	0.09783073538369283	1.0	False				
phase18_selenow_excitatory_consensus_v1	MSigDB C2:CP v2026.1 Hs symbols	Excitatory_neurons	KEGG_MEDICUS_VARIANT_MUTATION_CAUSED_ABERRANT_ABETA_TO_26S_PROTEASOME_MEDIATED_PROTEIN_DEGRADATION	https://www.gsea-msigdb.org/gsea/msigdb/human/geneset/KEGG_MEDICUS_VARIANT_MUTATION_CAUSED_ABERRANT_ABETA_TO_26S_PROTEASOME_MEDIATED_PROTEIN_DEGRADATION	all excitatory-neuron Bayesian-network genes represented in MSigDB C2:CP	6952	23	32	1	PSMD8	9.445652173913043	0.1008288415946703	1.0	False				
phase18_selenow_excitatory_consensus_v1	MSigDB C2:CP v2026.1 Hs symbols	Excitatory_neurons	KEGG_MEDICUS_VARIANT_MUTATION_CAUSED_ABERRANT_HTT_TO_26S_PROTEASOME_MEDIATED_PROTEIN_DEGRADATION	https://www.gsea-msigdb.org/gsea/msigdb/human/geneset/KEGG_MEDICUS_VARIANT_MUTATION_CAUSED_ABERRANT_HTT_TO_26S_PROTEASOME_MEDIATED_PROTEIN_DEGRADATION	all excitatory-neuron Bayesian-network genes represented in MSigDB C2:CP	6952	23	32	1	PSMD8	9.445652173913043	0.1008288415946703	1.0	False				
phase18_selenow_excitatory_consensus_v1	MSigDB C2:CP v2026.1 Hs symbols	Excitatory_neurons	KEGG_MEDICUS_VARIANT_MUTATION_CAUSED_ABERRANT_SNCA_TO_26S_PROTEASOME_MEDIATED_PROTEIN_DEGRADATION	https://www.gsea-msigdb.org/gsea/msigdb/human/geneset/KEGG_MEDICUS_VARIANT_MUTATION_CAUSED_ABERRANT_SNCA_TO_26S_PROTEASOME_MEDIATED_PROTEIN_DEGRADATION	all excitatory-neuron Bayesian-network genes represented in MSigDB C2:CP	6952	23	32	1	PSMD8	9.445652173913043	0.1008288415946703	1.0	False				
phase18_selenow_excitatory_consensus_v1	MSigDB C2:CP v2026.1 Hs symbols	Excitatory_neurons	KEGG_MEDICUS_VARIANT_SCRAPIE_CONFORMATION_PRPSC_TO_26S_PROTEASOME_MEDIATED_PROTEIN_DEGRADATION	https://www.gsea-msigdb.org/gsea/msigdb/human/geneset/KEGG_MEDICUS_VARIANT_SCRAPIE_CONFORMATION_PRPSC_TO_26S_PROTEASOME_MEDIATED_PROTEIN_DEGRADATION	all excitatory-neuron Bayesian-network genes represented in MSigDB C2:CP	6952	23	32	1	PSMD8	9.445652173913043	0.1008288415946703	1.0	False				
phase18_selenow_excitatory_consensus_v1	MSigDB C2:CP v2026.1 Hs symbols	Excitatory_neurons	REACTOME_REGULATION_OF_ORNITHINE_DECARBOXYLASE_ODC	https://www.gsea-msigdb.org/gsea/msigdb/human/geneset/REACTOME_REGULATION_OF_ORNITHINE_DECARBOXYLASE_ODC	all excitatory-neuron Bayesian-network genes represented in MSigDB C2:CP	6952	23	33	1	PSMD8	9.159420289855072	0.10381741625410998	1.0	False				
phase18_selenow_excitatory_consensus_v1	MSigDB C2:CP v2026.1 Hs symbols	Excitatory_neurons	KEGG_PROTEASOME	https://www.gsea-msigdb.org/gsea/msigdb/human/geneset/KEGG_PROTEASOME	all excitatory-neuron Bayesian-network genes represented in MSigDB C2:CP	6952	23	34	1	PSMD8	8.89002557544757	0.10679648829142108	1.0	False				
phase18_selenow_excitatory_consensus_v1	MSigDB C2:CP v2026.1 Hs symbols	Excitatory_neurons	REACTOME_INTERACTIONS_OF_VPR_WITH_HOST_CELLULAR_PROTEINS	https://www.gsea-msigdb.org/gsea/msigdb/human/geneset/REACTOME_INTERACTIONS_OF_VPR_WITH_HOST_CELLULAR_PROTEINS	all excitatory-neuron Bayesian-network genes represented in MSigDB C2:CP	6952	23	34	1	SLC25A4	8.89002557544757	0.10679648829142108	1.0	False				
phase18_selenow_excitatory_consensus_v1	MSigDB C2:CP v2026.1 Hs symbols	Excitatory_neurons	REACTOME_SOMITOGENESIS	https://www.gsea-msigdb.org/gsea/msigdb/human/geneset/REACTOME_SOMITOGENESIS	all excitatory-neuron Bayesian-network genes represented in MSigDB C2:CP	6952	23	34	1	PSMD8	8.89002557544757	0.10679648829142108	1.0	False				
phase18_selenow_excitatory_consensus_v1	MSigDB C2:CP v2026.1 Hs symbols	Excitatory_neurons	KEGG_MEDICUS_REFERENCE_26S_PROTEASOME_MEDIATED_PROTEIN_DEGRADATION	https://www.gsea-msigdb.org/gsea/msigdb/human/geneset/KEGG_MEDICUS_REFERENCE_26S_PROTEASOME_MEDIATED_PROTEIN_DEGRADATION	all excitatory-neuron Bayesian-network genes represented in MSigDB C2:CP	6952	23	35	1	PSMD8	8.636024844720495	0.10976608655237761	1.0	False				
phase18_selenow_excitatory_consensus_v1	MSigDB C2:CP v2026.1 Hs symbols	Excitatory_neurons	KEGG_MEDICUS_VARIANT_MUTATION_INACTIVATED_UBQLN2_TO_26S_PROTEASOME_MEDIATED_PROTEIN_DEGRADATION	https://www.gsea-msigdb.org/gsea/msigdb/human/geneset/KEGG_MEDICUS_VARIANT_MUTATION_INACTIVATED_UBQLN2_TO_26S_PROTEASOME_MEDIATED_PROTEIN_DEGRADATION	all excitatory-neuron Bayesian-network genes represented in MSigDB C2:CP	6952	23	36	1	PSMD8	8.396135265700483	0.11272623979934816	1.0	False				
phase18_selenow_excitatory_consensus_v1	MSigDB C2:CP v2026.1 Hs symbols	Excitatory_neurons	KEGG_MEDICUS_VARIANT_MUTATION_INACTIVATED_VCP_TO_26S_PROTEASOME_MEDIATED_PROTEIN_DEGRADATION	https://www.gsea-msigdb.org/gsea/msigdb/human/geneset/KEGG_MEDICUS_VARIANT_MUTATION_INACTIVATED_VCP_TO_26S_PROTEASOME_MEDIATED_PROTEIN_DEGRADATION	all excitatory-neuron Bayesian-network genes represented in MSigDB C2:CP	6952	23	36	1	PSMD8	8.396135265700483	0.11272623979934816	1.0	False				
phase18_selenow_excitatory_consensus_v1	MSigDB C2:CP v2026.1 Hs symbols	Excitatory_neurons	REACTOME_MTOR_SIGNALLING	https://www.gsea-msigdb.org/gsea/msigdb/human/geneset/REACTOME_MTOR_SIGNALLING	all excitatory-neuron Bayesian-network genes represented in MSigDB C2:CP	6952	23	36	1	LAMTOR5	8.396135265700483	0.11272623979934816	1.0	False				
phase18_selenow_excitatory_consensus_v1	MSigDB C2:CP v2026.1 Hs symbols	Excitatory_neurons	REACTOME_REGULATION_OF_APOPTOSIS	https://www.gsea-msigdb.org/gsea/msigdb/human/geneset/REACTOME_REGULATION_OF_APOPTOSIS	all excitatory-neuron Bayesian-network genes represented in MSigDB C2:CP	6952	23	36	1	PSMD8	8.396135265700483	0.11272623979934816	1.0	False				
phase18_selenow_excitatory_consensus_v1	MSigDB C2:CP v2026.1 Hs symbols	Excitatory_neurons	REACTOME_UBIQUITIN_DEPENDENT_DEGRADATION_OF_CYCLIN_D	https://www.gsea-msigdb.org/gsea/msigdb/human/geneset/REACTOME_UBIQUITIN_DEPENDENT_DEGRADATION_OF_CYCLIN_D	all excitatory-neuron Bayesian-network genes represented in MSigDB C2:CP	6952	23	36	1	PSMD8	8.396135265700483	0.11272623979934816	1.0	False				
phase18_selenow_excitatory_consensus_v1	MSigDB C2:CP v2026.1 Hs symbols	Excitatory_neurons	WP_NEUROGENESIS_REGULATION_IN_THE_OLFACTORY_EPITHELIUM	https://www.gsea-msigdb.org/gsea/msigdb/human/geneset/WP_NEUROGENESIS_REGULATION_IN_THE_OLFACTORY_EPITHELIUM	all excitatory-neuron Bayesian-network genes represented in MSigDB C2:CP	6952	23	36	1	PSEN1	8.396135265700483	0.11272623979934816	1.0	False				
phase18_selenow_excitatory_consensus_v1	MSigDB C2:CP v2026.1 Hs symbols	Excitatory_neurons	KEGG_MEDICUS_REFERENCE_ELECTRON_TRANSFER_IN_COMPLEX_I	https://www.gsea-msigdb.org/gsea/msigdb/human/geneset/KEGG_MEDICUS_REFERENCE_ELECTRON_TRANSFER_IN_COMPLEX_I	all excitatory-neuron Bayesian-network genes represented in MSigDB C2:CP	6952	23	37	1	NDUFB11	8.169212690951822	0.115676976711525	1.0	False				
phase18_selenow_excitatory_consensus_v1	MSigDB C2:CP v2026.1 Hs symbols	Excitatory_neurons	KEGG_MEDICUS_VARIANT_MUTATION_CAUSED_ABERRANT_SOD1_TO_26S_PROTEASOME_MEDIATED_PROTEIN_DEGRADATION	https://www.gsea-msigdb.org/gsea/msigdb/human/geneset/KEGG_MEDICUS_VARIANT_MUTATION_CAUSED_ABERRANT_SOD1_TO_26S_PROTEASOME_MEDIATED_PROTEIN_DEGRADATION	all excitatory-neuron Bayesian-network genes represented in MSigDB C2:CP	6952	23	37	1	PSMD8	8.169212690951822	0.115676976711525	1.0	False				
phase18_selenow_excitatory_consensus_v1	MSigDB C2:CP v2026.1 Hs symbols	Excitatory_neurons	KEGG_MEDICUS_VARIANT_MUTATION_CAUSED_ABERRANT_TDP43_TO_ELECTRON_TRANSFER_IN_COMPLEX_I	https://www.gsea-msigdb.org/gsea/msigdb/human/geneset/KEGG_MEDICUS_VARIANT_MUTATION_CAUSED_ABERRANT_TDP43_TO_ELECTRON_TRANSFER_IN_COMPLEX_I	all excitatory-neuron Bayesian-network genes represented in MSigDB C2:CP	6952	23	37	1	NDUFB11	8.169212690951822	0.115676976711525	1.0	False				
phase18_selenow_excitatory_consensus_v1	MSigDB C2:CP v2026.1 Hs symbols	Excitatory_neurons	REACTOME_CELL_CELL_COMMUNICATION	https://www.gsea-msigdb.org/gsea/msigdb/human/geneset/REACTOME_CELL_CELL_COMMUNICATION	all excitatory-neuron Bayesian-network genes represented in MSigDB C2:CP	6952	23	178	2	PSMD8;STRAP	3.3961895456766	0.11623700509346473	1.0	False				
phase18_selenow_excitatory_consensus_v1	MSigDB C2:CP v2026.1 Hs symbols	Excitatory_neurons	KEGG_MEDICUS_VARIANT_MUTATION_CAUSED_ABERRANT_SNCA_TO_ELECTRON_TRANSFER_IN_COMPLEX_I	https://www.gsea-msigdb.org/gsea/msigdb/human/geneset/KEGG_MEDICUS_VARIANT_MUTATION_CAUSED_ABERRANT_SNCA_TO_ELECTRON_TRANSFER_IN_COMPLEX_I	all excitatory-neuron Bayesian-network genes represented in MSigDB C2:CP	6952	23	38	1	NDUFB11	7.954233409610984	0.11861832588515261	1.0	False				
phase18_selenow_excitatory_consensus_v1	MSigDB C2:CP v2026.1 Hs symbols	Excitatory_neurons	KEGG_MEDICUS_VARIANT_MUTATION_INACTIVATED_PINK1_TO_ELECTRON_TRANSFER_IN_COMPLEX_I	https://www.gsea-msigdb.org/gsea/msigdb/human/geneset/KEGG_MEDICUS_VARIANT_MUTATION_INACTIVATED_PINK1_TO_ELECTRON_TRANSFER_IN_COMPLEX_I	all excitatory-neuron Bayesian-network genes represented in MSigDB C2:CP	6952	23	38	1	NDUFB11	7.954233409610984	0.11861832588515261	1.0	False				
phase18_selenow_excitatory_consensus_v1	MSigDB C2:CP v2026.1 Hs symbols	Excitatory_neurons	PID_NOTCH_PATHWAY	https://www.gsea-msigdb.org/gsea/msigdb/human/geneset/PID_NOTCH_PATHWAY	all excitatory-neuron Bayesian-network genes represented in MSigDB C2:CP	6952	23	38	1	PSEN1	7.954233409610984	0.11861832588515261	1.0	False				
phase18_selenow_excitatory_consensus_v1	MSigDB C2:CP v2026.1 Hs symbols	Excitatory_neurons	PID_TGFBR_PATHWAY	https://www.gsea-msigdb.org/gsea/msigdb/human/geneset/PID_TGFBR_PATHWAY	all excitatory-neuron Bayesian-network genes represented in MSigDB C2:CP	6952	23	38	1	STRAP	7.954233409610984	0.11861832588515261	1.0	False				
phase18_selenow_excitatory_consensus_v1	MSigDB C2:CP v2026.1 Hs symbols	Excitatory_neurons	REACTOME_IRE1ALPHA_ACTIVATES_CHAPERONES	https://www.gsea-msigdb.org/gsea/msigdb/human/geneset/REACTOME_IRE1ALPHA_ACTIVATES_CHAPERONES	all excitatory-neuron Bayesian-network genes represented in MSigDB C2:CP	6952	23	38	1	DNAJB9	7.954233409610984	0.11861832588515261	1.0	False				
phase18_selenow_excitatory_consensus_v1	MSigDB C2:CP v2026.1 Hs symbols	Excitatory_neurons	REACTOME_METABOLISM_OF_POLYAMINES	https://www.gsea-msigdb.org/gsea/msigdb/human/geneset/REACTOME_METABOLISM_OF_POLYAMINES	all excitatory-neuron Bayesian-network genes represented in MSigDB C2:CP	6952	23	38	1	PSMD8	7.954233409610984	0.11861832588515261	1.0	False				
phase18_selenow_excitatory_consensus_v1	MSigDB C2:CP v2026.1 Hs symbols	Excitatory_neurons	REACTOME_SCF_BETA_TRCP_MEDIATED_DEGRADATION_OF_EMI1	https://www.gsea-msigdb.org/gsea/msigdb/human/geneset/REACTOME_SCF_BETA_TRCP_MEDIATED_DEGRADATION_OF_EMI1	all excitatory-neuron Bayesian-network genes represented in MSigDB C2:CP	6952	23	38	1	PSMD8	7.954233409610984	0.11861832588515261	1.0	False				
phase18_selenow_excitatory_consensus_v1	MSigDB C2:CP v2026.1 Hs symbols	Excitatory_neurons	REACTOME_VIF_MEDIATED_DEGRADATION_OF_APOBEC3G	https://www.gsea-msigdb.org/gsea/msigdb/human/geneset/REACTOME_VIF_MEDIATED_DEGRADATION_OF_APOBEC3G	all excitatory-neuron Bayesian-network genes represented in MSigDB C2:CP	6952	23	38	1	PSMD8	7.954233409610984	0.11861832588515261	1.0	False				
phase18_selenow_excitatory_consensus_v1	MSigDB C2:CP v2026.1 Hs symbols	Excitatory_neurons	WP_SYNAPTIC_VESICLE_PATHWAY	https://www.gsea-msigdb.org/gsea/msigdb/human/geneset/WP_SYNAPTIC_VESICLE_PATHWAY	all excitatory-neuron Bayesian-network genes represented in MSigDB C2:CP	6952	23	38	1	SLC25A4	7.954233409610984	0.11861832588515261	1.0	False				
phase18_selenow_excitatory_consensus_v1	MSigDB C2:CP v2026.1 Hs symbols	Excitatory_neurons	REACTOME_AUF1_HNRNP_D0_BINDS_AND_DESTABILIZES_MRNA	https://www.gsea-msigdb.org/gsea/msigdb/human/geneset/REACTOME_AUF1_HNRNP_D0_BINDS_AND_DESTABILIZES_MRNA	all excitatory-neuron Bayesian-network genes represented in MSigDB C2:CP	6952	23	39	1	PSMD8	7.7502787068004455	0.12155031583375567	1.0	False				
phase18_selenow_excitatory_consensus_v1	MSigDB C2:CP v2026.1 Hs symbols	Excitatory_neurons	REACTOME_FBXL7_DOWN_REGULATES_AURKA_DURING_MITOTIC_ENTRY_AND_IN_EARLY_MITOSIS	https://www.gsea-msigdb.org/gsea/msigdb/human/geneset/REACTOME_FBXL7_DOWN_REGULATES_AURKA_DURING_MITOTIC_ENTRY_AND_IN_EARLY_MITOSIS	all excitatory-neuron Bayesian-network genes represented in MSigDB C2:CP	6952	23	39	1	PSMD8	7.7502787068004455	0.12155031583375567	1.0	False				
phase18_selenow_excitatory_consensus_v1	MSigDB C2:CP v2026.1 Hs symbols	Excitatory_neurons	REACTOME_GSK3B_MEDIATED_PROTEASOMAL_DEGRADATION_OF_PD_L1_CD274	https://www.gsea-msigdb.org/gsea/msigdb/human/geneset/REACTOME_GSK3B_MEDIATED_PROTEASOMAL_DEGRADATION_OF_PD_L1_CD274	all excitatory-neuron Bayesian-network genes represented in MSigDB C2:CP	6952	23	39	1	PSMD8	7.7502787068004455	0.12155031583375567	1.0	False				
phase18_selenow_excitatory_consensus_v1	MSigDB C2:CP v2026.1 Hs symbols	Excitatory_neurons	REACTOME_SCF_SKP2_MEDIATED_DEGRADATION_OF_P27_P21	https://www.gsea-msigdb.org/gsea/msigdb/human/geneset/REACTOME_SCF_SKP2_MEDIATED_DEGRADATION_OF_P27_P21	all excitatory-neuron Bayesian-network genes represented in MSigDB C2:CP	6952	23	39	1	PSMD8	7.7502787068004455	0.12155031583375567	1.0	False				
phase18_selenow_excitatory_consensus_v1	MSigDB C2:CP v2026.1 Hs symbols	Excitatory_neurons	REACTOME_SIGNALING_BY_ERBB4	https://www.gsea-msigdb.org/gsea/msigdb/human/geneset/REACTOME_SIGNALING_BY_ERBB4	all excitatory-neuron Bayesian-network genes represented in MSigDB C2:CP	6952	23	39	1	PSEN1	7.7502787068004455	0.12155031583375567	1.0	False				
phase18_selenow_excitatory_consensus_v1	MSigDB C2:CP v2026.1 Hs symbols	Excitatory_neurons	REACTOME_STABILIZATION_OF_P53	https://www.gsea-msigdb.org/gsea/msigdb/human/geneset/REACTOME_STABILIZATION_OF_P53	all excitatory-neuron Bayesian-network genes represented in MSigDB C2:CP	6952	23	39	1	PSMD8	7.7502787068004455	0.12155031583375567	1.0	False				
phase18_selenow_excitatory_consensus_v1	MSigDB C2:CP v2026.1 Hs symbols	Excitatory_neurons	WP_17Q12_COPY_NUMBER_VARIATION_SYNDROME	https://www.gsea-msigdb.org/gsea/msigdb/human/geneset/WP_17Q12_COPY_NUMBER_VARIATION_SYNDROME	all excitatory-neuron Bayesian-network genes represented in MSigDB C2:CP	6952	23	39	1	MIEN1	7.7502787068004455	0.12155031583375567	1.0	False				
phase18_selenow_excitatory_consensus_v1	MSigDB C2:CP v2026.1 Hs symbols	Excitatory_neurons	REACTOME_DEGRADATION_OF_AXIN	https://www.gsea-msigdb.org/gsea/msigdb/human/geneset/REACTOME_DEGRADATION_OF_AXIN	all excitatory-neuron Bayesian-network genes represented in MSigDB C2:CP	6952	23	40	1	PSMD8	7.556521739130434	0.12447297498836633	1.0	False				
phase18_selenow_excitatory_consensus_v1	MSigDB C2:CP v2026.1 Hs symbols	Excitatory_neurons	REACTOME_DEGRADATION_OF_THE_EXTRACELLULAR_MATRIX	https://www.gsea-msigdb.org/gsea/msigdb/human/geneset/REACTOME_DEGRADATION_OF_THE_EXTRACELLULAR_MATRIX	all excitatory-neuron Bayesian-network genes represented in MSigDB C2:CP	6952	23	40	1	PSEN1	7.556521739130434	0.12447297498836633	1.0	False				
phase18_selenow_excitatory_consensus_v1	MSigDB C2:CP v2026.1 Hs symbols	Excitatory_neurons	REACTOME_NEGATIVE_REGULATION_OF_NOTCH4_SIGNALING	https://www.gsea-msigdb.org/gsea/msigdb/human/geneset/REACTOME_NEGATIVE_REGULATION_OF_NOTCH4_SIGNALING	all excitatory-neuron Bayesian-network genes represented in MSigDB C2:CP	6952	23	40	1	PSMD8	7.556521739130434	0.12447297498836633	1.0	False				
phase18_selenow_excitatory_consensus_v1	MSigDB C2:CP v2026.1 Hs symbols	Excitatory_neurons	REACTOME_PARASITE_INFECTION	https://www.gsea-msigdb.org/gsea/msigdb/human/geneset/REACTOME_PARASITE_INFECTION	all excitatory-neuron Bayesian-network genes represented in MSigDB C2:CP	6952	23	40	1	BRK1	7.556521739130434	0.12447297498836633	1.0	False				
phase18_selenow_excitatory_consensus_v1	MSigDB C2:CP v2026.1 Hs symbols	Excitatory_neurons	REACTOME_AMINO_ACIDS_REGULATE_MTORC1	https://www.gsea-msigdb.org/gsea/msigdb/human/geneset/REACTOME_AMINO_ACIDS_REGULATE_MTORC1	all excitatory-neuron Bayesian-network genes represented in MSigDB C2:CP	6952	23	41	1	LAMTOR5	7.37221633085896	0.12738633169775113	1.0	False				
phase18_selenow_excitatory_consensus_v1	MSigDB C2:CP v2026.1 Hs symbols	Excitatory_neurons	REACTOME_ASYMMETRIC_LOCALIZATION_OF_PCP_PROTEINS	https://www.gsea-msigdb.org/gsea/msigdb/human/geneset/REACTOME_ASYMMETRIC_LOCALIZATION_OF_PCP_PROTEINS	all excitatory-neuron Bayesian-network genes represented in MSigDB C2:CP	6952	23	41	1	PSMD8	7.37221633085896	0.12738633169775113	1.0	False				
phase18_selenow_excitatory_consensus_v1	MSigDB C2:CP v2026.1 Hs symbols	Excitatory_neurons	REACTOME_DEGRADATION_OF_DVL	https://www.gsea-msigdb.org/gsea/msigdb/human/geneset/REACTOME_DEGRADATION_OF_DVL	all excitatory-neuron Bayesian-network genes represented in MSigDB C2:CP	6952	23	41	1	PSMD8	7.37221633085896	0.12738633169775113	1.0	False				
phase18_selenow_excitatory_consensus_v1	MSigDB C2:CP v2026.1 Hs symbols	Excitatory_neurons	REACTOME_HH_MUTANTS_ABROGATE_LIGAND_SECRETION	https://www.gsea-msigdb.org/gsea/msigdb/human/geneset/REACTOME_HH_MUTANTS_ABROGATE_LIGAND_SECRETION	all excitatory-neuron Bayesian-network genes represented in MSigDB C2:CP	6952	23	41	1	PSMD8	7.37221633085896	0.12738633169775113	1.0	False				
phase18_selenow_excitatory_consensus_v1	MSigDB C2:CP v2026.1 Hs symbols	Excitatory_neurons	REACTOME_P53_DEPENDENT_G1_DNA_DAMAGE_RESPONSE	https://www.gsea-msigdb.org/gsea/msigdb/human/geneset/REACTOME_P53_DEPENDENT_G1_DNA_DAMAGE_RESPONSE	all excitatory-neuron Bayesian-network genes represented in MSigDB C2:CP	6952	23	41	1	PSMD8	7.37221633085896	0.12738633169775113	1.0	False				
phase18_selenow_excitatory_consensus_v1	MSigDB C2:CP v2026.1 Hs symbols	Excitatory_neurons	REACTOME_PROTEASOME_ASSEMBLY	https://www.gsea-msigdb.org/gsea/msigdb/human/geneset/REACTOME_PROTEASOME_ASSEMBLY	all excitatory-neuron Bayesian-network genes represented in MSigDB C2:CP	6952	23	41	1	PSMD8	7.37221633085896	0.12738633169775113	1.0	False				
phase18_selenow_excitatory_consensus_v1	MSigDB C2:CP v2026.1 Hs symbols	Excitatory_neurons	REACTOME_REGULATION_OF_RUNX3_EXPRESSION_AND_ACTIVITY	https://www.gsea-msigdb.org/gsea/msigdb/human/geneset/REACTOME_REGULATION_OF_RUNX3_EXPRESSION_AND_ACTIVITY	all excitatory-neuron Bayesian-network genes represented in MSigDB C2:CP	6952	23	41	1	PSMD8	7.37221633085896	0.12738633169775113	1.0	False				
phase18_selenow_excitatory_consensus_v1	MSigDB C2:CP v2026.1 Hs symbols	Excitatory_neurons	REACTOME_SPOP_MEDIATED_PROTEASOMAL_DEGRADATION_OF_PD_L1_CD274	https://www.gsea-msigdb.org/gsea/msigdb/human/geneset/REACTOME_SPOP_MEDIATED_PROTEASOMAL_DEGRADATION_OF_PD_L1_CD274	all excitatory-neuron Bayesian-network genes represented in MSigDB C2:CP	6952	23	41	1	PSMD8	7.37221633085896	0.12738633169775113	1.0	False				
phase18_selenow_excitatory_consensus_v1	MSigDB C2:CP v2026.1 Hs symbols	Excitatory_neurons	WP_NOTCH_SIGNALING_WP61	https://www.gsea-msigdb.org/gsea/msigdb/human/geneset/WP_NOTCH_SIGNALING_WP61	all excitatory-neuron Bayesian-network genes represented in MSigDB C2:CP	6952	23	41	1	PSEN1	7.37221633085896	0.12738633169775113	1.0	False				
phase18_selenow_excitatory_consensus_v1	MSigDB C2:CP v2026.1 Hs symbols	Excitatory_neurons	PID_RAC1_PATHWAY	https://www.gsea-msigdb.org/gsea/msigdb/human/geneset/PID_RAC1_PATHWAY	all excitatory-neuron Bayesian-network genes represented in MSigDB C2:CP	6952	23	42	1	BRK1	7.196687370600414	0.1302904142286369	1.0	False				
phase18_selenow_excitatory_consensus_v1	MSigDB C2:CP v2026.1 Hs symbols	Excitatory_neurons	BIOCARTA_HIVNEF_PATHWAY	https://www.gsea-msigdb.org/gsea/msigdb/human/geneset/BIOCARTA_HIVNEF_PATHWAY	all excitatory-neuron Bayesian-network genes represented in MSigDB C2:CP	6952	23	43	1	PSEN1	7.029322548028311	0.13318525076593668	1.0	False				
phase18_selenow_excitatory_consensus_v1	MSigDB C2:CP v2026.1 Hs symbols	Excitatory_neurons	REACTOME_DECTIN_1_MEDIATED_NONCANONICAL_NF_KB_SIGNALING	https://www.gsea-msigdb.org/gsea/msigdb/human/geneset/REACTOME_DECTIN_1_MEDIATED_NONCANONICAL_NF_KB_SIGNALING	all excitatory-neuron Bayesian-network genes represented in MSigDB C2:CP	6952	23	43	1	PSMD8	7.029322548028311	0.13318525076593668	1.0	False				
phase18_selenow_excitatory_consensus_v1	MSigDB C2:CP v2026.1 Hs symbols	Excitatory_neurons	REACTOME_DEGRADATION_OF_GLI1_BY_THE_PROTEASOME	https://www.gsea-msigdb.org/gsea/msigdb/human/geneset/REACTOME_DEGRADATION_OF_GLI1_BY_THE_PROTEASOME	all excitatory-neuron Bayesian-network genes represented in MSigDB C2:CP	6952	23	43	1	PSMD8	7.029322548028311	0.13318525076593668	1.0	False				
phase18_selenow_excitatory_consensus_v1	MSigDB C2:CP v2026.1 Hs symbols	Excitatory_neurons	WP_PROTEASOME_DEGRADATION	https://www.gsea-msigdb.org/gsea/msigdb/human/geneset/WP_PROTEASOME_DEGRADATION	all excitatory-neuron Bayesian-network genes represented in MSigDB C2:CP	6952	23	43	1	PSMD8	7.029322548028311	0.13318525076593668	1.0	False				
phase18_selenow_excitatory_consensus_v1	MSigDB C2:CP v2026.1 Hs symbols	Excitatory_neurons	KEGG_MEDICUS_VARIANT_MUTATION_CAUSED_ABERRANT_ABETA_TO_ELECTRON_TRANSFER_IN_COMPLEX_I	https://www.gsea-msigdb.org/gsea/msigdb/human/geneset/KEGG_MEDICUS_VARIANT_MUTATION_CAUSED_ABERRANT_ABETA_TO_ELECTRON_TRANSFER_IN_COMPLEX_I	all excitatory-neuron Bayesian-network genes represented in MSigDB C2:CP	6952	23	44	1	NDUFB11	6.869565217391305	0.13607086941297436	1.0	False				
phase18_selenow_excitatory_consensus_v1	MSigDB C2:CP v2026.1 Hs symbols	Excitatory_neurons	REACTOME_FORMATION_OF_PARAXIAL_MESODERM	https://www.gsea-msigdb.org/gsea/msigdb/human/geneset/REACTOME_FORMATION_OF_PARAXIAL_MESODERM	all excitatory-neuron Bayesian-network genes represented in MSigDB C2:CP	6952	23	44	1	PSMD8	6.869565217391305	0.13607086941297436	1.0	False				
phase18_selenow_excitatory_consensus_v1	MSigDB C2:CP v2026.1 Hs symbols	Excitatory_neurons	WP_16P122_COPY_NUMBER_VARIATION_SYNDROME_520KB	https://www.gsea-msigdb.org/gsea/msigdb/human/geneset/WP_16P122_COPY_NUMBER_VARIATION_SYNDROME_520KB	all excitatory-neuron Bayesian-network genes represented in MSigDB C2:CP	6952	23	44	1	CYC1	6.869565217391305	0.13607086941297436	1.0	False				
phase18_selenow_excitatory_consensus_v1	MSigDB C2:CP v2026.1 Hs symbols	Excitatory_neurons	REACTOME_GOLGI_ASSOCIATED_VESICLE_BIOGENESIS	https://www.gsea-msigdb.org/gsea/msigdb/human/geneset/REACTOME_GOLGI_ASSOCIATED_VESICLE_BIOGENESIS	all excitatory-neuron Bayesian-network genes represented in MSigDB C2:CP	6952	23	45	1	AP1S1	6.716908212560386	0.1389472981917094	1.0	False				
phase18_selenow_excitatory_consensus_v1	MSigDB C2:CP v2026.1 Hs symbols	Excitatory_neurons	REACTOME_HEDGEHOG_LIGAND_BIOGENESIS	https://www.gsea-msigdb.org/gsea/msigdb/human/geneset/REACTOME_HEDGEHOG_LIGAND_BIOGENESIS	all excitatory-neuron Bayesian-network genes represented in MSigDB C2:CP	6952	23	45	1	PSMD8	6.716908212560386	0.1389472981917094	1.0	False				
phase18_selenow_excitatory_consensus_v1	MSigDB C2:CP v2026.1 Hs symbols	Excitatory_neurons	REACTOME_RUNX1_REGULATES_TRANSCRIPTION_OF_GENES_INVOLVED_IN_DIFFERENTIATION_OF_HSCS	https://www.gsea-msigdb.org/gsea/msigdb/human/geneset/REACTOME_RUNX1_REGULATES_TRANSCRIPTION_OF_GENES_INVOLVED_IN_DIFFERENTIATION_OF_HSCS	all excitatory-neuron Bayesian-network genes represented in MSigDB C2:CP	6952	23	45	1	PSMD8	6.716908212560386	0.1389472981917094	1.0	False				
phase18_selenow_excitatory_consensus_v1	MSigDB C2:CP v2026.1 Hs symbols	Excitatory_neurons	REACTOME_THE_ROLE_OF_GTSE1_IN_G2_M_PROGRESSION_AFTER_G2_CHECKPOINT	https://www.gsea-msigdb.org/gsea/msigdb/human/geneset/REACTOME_THE_ROLE_OF_GTSE1_IN_G2_M_PROGRESSION_AFTER_G2_CHECKPOINT	all excitatory-neuron Bayesian-network genes represented in MSigDB C2:CP	6952	23	45	1	PSMD8	6.716908212560386	0.1389472981917094	1.0	False				
phase18_selenow_excitatory_consensus_v1	MSigDB C2:CP v2026.1 Hs symbols	Excitatory_neurons	REACTOME_UBIQUITIN_MEDIATED_DEGRADATION_OF_PHOSPHORYLATED_CDC25A	https://www.gsea-msigdb.org/gsea/msigdb/human/geneset/REACTOME_UBIQUITIN_MEDIATED_DEGRADATION_OF_PHOSPHORYLATED_CDC25A	all excitatory-neuron Bayesian-network genes represented in MSigDB C2:CP	6952	23	45	1	PSMD8	6.716908212560386	0.1389472981917094	1.0	False				
phase18_selenow_excitatory_consensus_v1	MSigDB C2:CP v2026.1 Hs symbols	Excitatory_neurons	WP_DYRK1A_INVOLVEMENT_REGARDING_CELL_PROLIFERATION_IN_BRAIN_DEVELOPMENT	https://www.gsea-msigdb.org/gsea/msigdb/human/geneset/WP_DYRK1A_INVOLVEMENT_REGARDING_CELL_PROLIFERATION_IN_BRAIN_DEVELOPMENT	all excitatory-neuron Bayesian-network genes represented in MSigDB C2:CP	6952	23	45	1	PSEN1	6.716908212560386	0.1389472981917094	1.0	False				
phase18_selenow_excitatory_consensus_v1	MSigDB C2:CP v2026.1 Hs symbols	Excitatory_neurons	KEGG_CARDIAC_MUSCLE_CONTRACTION	https://www.gsea-msigdb.org/gsea/msigdb/human/geneset/KEGG_CARDIAC_MUSCLE_CONTRACTION	all excitatory-neuron Bayesian-network genes represented in MSigDB C2:CP	6952	23	46	1	CYC1	6.570888468809073	0.14181456504296042	1.0	False				
phase18_selenow_excitatory_consensus_v1	MSigDB C2:CP v2026.1 Hs symbols	Excitatory_neurons	PID_P75_NTR_PATHWAY	https://www.gsea-msigdb.org/gsea/msigdb/human/geneset/PID_P75_NTR_PATHWAY	all excitatory-neuron Bayesian-network genes represented in MSigDB C2:CP	6952	23	46	1	PSEN1	6.570888468809073	0.14181456504296042	1.0	False				
phase18_selenow_excitatory_consensus_v1	MSigDB C2:CP v2026.1 Hs symbols	Excitatory_neurons	REACTOME_DEGRADATION_OF_CRY_AND_PER_PROTEINS	https://www.gsea-msigdb.org/gsea/msigdb/human/geneset/REACTOME_DEGRADATION_OF_CRY_AND_PER_PROTEINS	all excitatory-neuron Bayesian-network genes represented in MSigDB C2:CP	6952	23	46	1	PSMD8	6.570888468809073	0.14181456504296042	1.0	False				
phase18_selenow_excitatory_consensus_v1	MSigDB C2:CP v2026.1 Hs symbols	Excitatory_neurons	REACTOME_ABC_TRANSPORTER_DISORDERS	https://www.gsea-msigdb.org/gsea/msigdb/human/geneset/REACTOME_ABC_TRANSPORTER_DISORDERS	all excitatory-neuron Bayesian-network genes represented in MSigDB C2:CP	6952	23	47	1	PSMD8	6.431082331174838	0.1446726978266285	1.0	False				
phase18_selenow_excitatory_consensus_v1	MSigDB C2:CP v2026.1 Hs symbols	Excitatory_neurons	REACTOME_SIGNALING_BY_NOTCH1_PEST_DOMAIN_MUTANTS_IN_CANCER	https://www.gsea-msigdb.org/gsea/msigdb/human/geneset/REACTOME_SIGNALING_BY_NOTCH1_PEST_DOMAIN_MUTANTS_IN_CANCER	all excitatory-neuron Bayesian-network genes represented in MSigDB C2:CP	6952	23	47	1	PSEN1	6.431082331174838	0.1446726978266285	1.0	False				
phase18_selenow_excitatory_consensus_v1	MSigDB C2:CP v2026.1 Hs symbols	Excitatory_neurons	REACTOME_ORC1_REMOVAL_FROM_CHROMATIN	https://www.gsea-msigdb.org/gsea/msigdb/human/geneset/REACTOME_ORC1_REMOVAL_FROM_CHROMATIN	all excitatory-neuron Bayesian-network genes represented in MSigDB C2:CP	6952	23	48	1	PSMD8	6.297101449275362	0.14752172432191996	1.0	False				
phase18_selenow_excitatory_consensus_v1	MSigDB C2:CP v2026.1 Hs symbols	Excitatory_neurons	REACTOME_AMPK_INDUCED_ERAD_AND_LYSOSOME_MEDIATED_DEGRADATION_OF_PD_L1_CD274	https://www.gsea-msigdb.org/gsea/msigdb/human/geneset/REACTOME_AMPK_INDUCED_ERAD_AND_LYSOSOME_MEDIATED_DEGRADATION_OF_PD_L1_CD274	all excitatory-neuron Bayesian-network genes represented in MSigDB C2:CP	6952	23	49	1	PSMD8	6.168589174800355	0.15036167222756827	1.0	False				
phase18_selenow_excitatory_consensus_v1	MSigDB C2:CP v2026.1 Hs symbols	Excitatory_neurons	REACTOME_GASTRULATION	https://www.gsea-msigdb.org/gsea/msigdb/human/geneset/REACTOME_GASTRULATION	all excitatory-neuron Bayesian-network genes represented in MSigDB C2:CP	6952	23	49	1	PSMD8	6.168589174800355	0.15036167222756827	1.0	False				
phase18_selenow_excitatory_consensus_v1	MSigDB C2:CP v2026.1 Hs symbols	Excitatory_neurons	REACTOME_REGULATION_OF_RAS_BY_GAPS	https://www.gsea-msigdb.org/gsea/msigdb/human/geneset/REACTOME_REGULATION_OF_RAS_BY_GAPS	all excitatory-neuron Bayesian-network genes represented in MSigDB C2:CP	6952	23	49	1	PSMD8	6.168589174800355	0.15036167222756827	1.0	False				
phase18_selenow_excitatory_consensus_v1	MSigDB C2:CP v2026.1 Hs symbols	Excitatory_neurons	REACTOME_TNFR2_NON_CANONICAL_NF_KB_PATHWAY	https://www.gsea-msigdb.org/gsea/msigdb/human/geneset/REACTOME_TNFR2_NON_CANONICAL_NF_KB_PATHWAY	all excitatory-neuron Bayesian-network genes represented in MSigDB C2:CP	6952	23	49	1	PSMD8	6.168589174800355	0.15036167222756827	1.0	False				
phase18_selenow_excitatory_consensus_v1	MSigDB C2:CP v2026.1 Hs symbols	Excitatory_neurons	WP_PARKINUBIQUITIN_PROTEASOMAL_SYSTEM_PATHWAY	https://www.gsea-msigdb.org/gsea/msigdb/human/geneset/WP_PARKINUBIQUITIN_PROTEASOMAL_SYSTEM_PATHWAY	all excitatory-neuron Bayesian-network genes represented in MSigDB C2:CP	6952	23	49	1	PSMD8	6.168589174800355	0.15036167222756827	1.0	False				
phase18_selenow_excitatory_consensus_v1	MSigDB C2:CP v2026.1 Hs symbols	Excitatory_neurons	REACTOME_INTRACELLULAR_SIGNALING_BY_SECOND_MESSENGERS	https://www.gsea-msigdb.org/gsea/msigdb/human/geneset/REACTOME_INTRACELLULAR_SIGNALING_BY_SECOND_MESSENGERS	all excitatory-neuron Bayesian-network genes represented in MSigDB C2:CP	6952	23	210	2	LAMTOR5;PSMD8	2.8786749482401657	0.15211689087959207	1.0	False				
phase18_selenow_excitatory_consensus_v1	MSigDB C2:CP v2026.1 Hs symbols	Excitatory_neurons	REACTOME_ACTIVATION_OF_APC_C_AND_APC_C_CDC20_MEDIATED_DEGRADATION_OF_MITOTIC_PROTEINS	https://www.gsea-msigdb.org/gsea/msigdb/human/geneset/REACTOME_ACTIVATION_OF_APC_C_AND_APC_C_CDC20_MEDIATED_DEGRADATION_OF_MITOTIC_PROTEINS	all excitatory-neuron Bayesian-network genes represented in MSigDB C2:CP	6952	23	50	1	PSMD8	6.045217391304348	0.1531925691620556	1.0	False				
phase18_selenow_excitatory_consensus_v1	MSigDB C2:CP v2026.1 Hs symbols	Excitatory_neurons	REACTOME_ACTIVATION_OF_NF_KAPPAB_IN_B_CELLS	https://www.gsea-msigdb.org/gsea/msigdb/human/geneset/REACTOME_ACTIVATION_OF_NF_KAPPAB_IN_B_CELLS	all excitatory-neuron Bayesian-network genes represented in MSigDB C2:CP	6952	23	50	1	PSMD8	6.045217391304348	0.1531925691620556	1.0	False				
phase18_selenow_excitatory_consensus_v1	MSigDB C2:CP v2026.1 Hs symbols	Excitatory_neurons	REACTOME_CDK_MEDIATED_PHOSPHORYLATION_AND_REMOVAL_OF_CDC6	https://www.gsea-msigdb.org/gsea/msigdb/human/geneset/REACTOME_CDK_MEDIATED_PHOSPHORYLATION_AND_REMOVAL_OF_CDC6	all excitatory-neuron Bayesian-network genes represented in MSigDB C2:CP	6952	23	50	1	PSMD8	6.045217391304348	0.1531925691620556	1.0	False				
phase18_selenow_excitatory_consensus_v1	MSigDB C2:CP v2026.1 Hs symbols	Excitatory_neurons	REACTOME_REGULATION_OF_PTEN_GENE_TRANSCRIPTION	https://www.gsea-msigdb.org/gsea/msigdb/human/geneset/REACTOME_REGULATION_OF_PTEN_GENE_TRANSCRIPTION	all excitatory-neuron Bayesian-network genes represented in MSigDB C2:CP	6952	23	50	1	LAMTOR5	6.045217391304348	0.1531925691620556	1.0	False				
phase18_selenow_excitatory_consensus_v1	MSigDB C2:CP v2026.1 Hs symbols	Excitatory_neurons	REACTOME_REGULATION_OF_PTEN_STABILITY_AND_ACTIVITY	https://www.gsea-msigdb.org/gsea/msigdb/human/geneset/REACTOME_REGULATION_OF_PTEN_STABILITY_AND_ACTIVITY	all excitatory-neuron Bayesian-network genes represented in MSigDB C2:CP	6952	23	51	1	PSMD8	5.926683716965047	0.1560144426638337	1.0	False				
phase18_selenow_excitatory_consensus_v1	MSigDB C2:CP v2026.1 Hs symbols	Excitatory_neurons	REACTOME_REGULATION_OF_RUNX2_EXPRESSION_AND_ACTIVITY	https://www.gsea-msigdb.org/gsea/msigdb/human/geneset/REACTOME_REGULATION_OF_RUNX2_EXPRESSION_AND_ACTIVITY	all excitatory-neuron Bayesian-network genes represented in MSigDB C2:CP	6952	23	51	1	PSMD8	5.926683716965047	0.1560144426638337	1.0	False				
phase18_selenow_excitatory_consensus_v1	MSigDB C2:CP v2026.1 Hs symbols	Excitatory_neurons	REACTOME_APC_C_CDH1_MEDIATED_DEGRADATION_OF_CDC20_AND_OTHER_APC_C_CDH1_TARGETED_PROTEINS_IN_LATE_MITOSIS_EARLY_G1	https://www.gsea-msigdb.org/gsea/msigdb/human/geneset/REACTOME_APC_C_CDH1_MEDIATED_DEGRADATION_OF_CDC20_AND_OTHER_APC_C_CDH1_TARGETED_PROTEINS_IN_LATE_MITOSIS_EARLY_G1	all excitatory-neuron Bayesian-network genes represented in MSigDB C2:CP	6952	23	52	1	PSMD8	5.812709030100335	0.15882732019154447	1.0	False				
phase18_selenow_excitatory_consensus_v1	MSigDB C2:CP v2026.1 Hs symbols	Excitatory_neurons	REACTOME_CELLULAR_RESPONSE_TO_HYPOXIA	https://www.gsea-msigdb.org/gsea/msigdb/human/geneset/REACTOME_CELLULAR_RESPONSE_TO_HYPOXIA	all excitatory-neuron Bayesian-network genes represented in MSigDB C2:CP	6952	23	52	1	PSMD8	5.812709030100335	0.15882732019154447	1.0	False				
phase18_selenow_excitatory_consensus_v1	MSigDB C2:CP v2026.1 Hs symbols	Excitatory_neurons	REACTOME_G1_S_DNA_DAMAGE_CHECKPOINTS	https://www.gsea-msigdb.org/gsea/msigdb/human/geneset/REACTOME_G1_S_DNA_DAMAGE_CHECKPOINTS	all excitatory-neuron Bayesian-network genes represented in MSigDB C2:CP	6952	23	52	1	PSMD8	5.812709030100335	0.15882732019154447	1.0	False				
phase18_selenow_excitatory_consensus_v1	MSigDB C2:CP v2026.1 Hs symbols	Excitatory_neurons	REACTOME_REGULATION_OF_CDH1_FUNCTION	https://www.gsea-msigdb.org/gsea/msigdb/human/geneset/REACTOME_REGULATION_OF_CDH1_FUNCTION	all excitatory-neuron Bayesian-network genes represented in MSigDB C2:CP	6952	23	52	1	PSMD8	5.812709030100335	0.15882732019154447	1.0	False				
phase18_selenow_excitatory_consensus_v1	MSigDB C2:CP v2026.1 Hs symbols	Excitatory_neurons	REACTOME_CELL_DEATH_SIGNALLING_VIA_NRAGE_NRIF_AND_NADE	https://www.gsea-msigdb.org/gsea/msigdb/human/geneset/REACTOME_CELL_DEATH_SIGNALLING_VIA_NRAGE_NRIF_AND_NADE	all excitatory-neuron Bayesian-network genes represented in MSigDB C2:CP	6952	23	53	1	PSEN1	5.703035274815422	0.1616312291242393	1.0	False				
phase18_selenow_excitatory_consensus_v1	MSigDB C2:CP v2026.1 Hs symbols	Excitatory_neurons	WP_DISORDERS_OF_MITOCHONDRIAL_HOMEOSTATIS_DYNAMICS_PROTEIN_IMPORT_AND_QUALITY_CONTROL	https://www.gsea-msigdb.org/gsea/msigdb/human/geneset/WP_DISORDERS_OF_MITOCHONDRIAL_HOMEOSTATIS_DYNAMICS_PROTEIN_IMPORT_AND_QUALITY_CONTROL	all excitatory-neuron Bayesian-network genes represented in MSigDB C2:CP	6952	23	53	1	CLPP	5.703035274815422	0.1616312291242393	1.0	False				
phase18_selenow_excitatory_consensus_v1	MSigDB C2:CP v2026.1 Hs symbols	Excitatory_neurons	REACTOME_ANTIGEN_PROCESSING_CROSS_PRESENTATION	https://www.gsea-msigdb.org/gsea/msigdb/human/geneset/REACTOME_ANTIGEN_PROCESSING_CROSS_PRESENTATION	all excitatory-neuron Bayesian-network genes represented in MSigDB C2:CP	6952	23	56	1	PSMD8	5.3975155279503095	0.16998941695348868	1.0	False				
phase18_selenow_excitatory_consensus_v1	MSigDB C2:CP v2026.1 Hs symbols	Excitatory_neurons	REACTOME_APC_C_MEDIATED_DEGRADATION_OF_CELL_CYCLE_PROTEINS	https://www.gsea-msigdb.org/gsea/msigdb/human/geneset/REACTOME_APC_C_MEDIATED_DEGRADATION_OF_CELL_CYCLE_PROTEINS	all excitatory-neuron Bayesian-network genes represented in MSigDB C2:CP	6952	23	56	1	PSMD8	5.3975155279503095	0.16998941695348868	1.0	False				
phase18_selenow_excitatory_consensus_v1	MSigDB C2:CP v2026.1 Hs symbols	Excitatory_neurons	REACTOME_FCERI_MEDIATED_NF_KB_ACTIVATION	https://www.gsea-msigdb.org/gsea/msigdb/human/geneset/REACTOME_FCERI_MEDIATED_NF_KB_ACTIVATION	all excitatory-neuron Bayesian-network genes represented in MSigDB C2:CP	6952	23	58	1	PSMD8	5.211394302848576	0.1755171975855298	1.0	False				
phase18_selenow_excitatory_consensus_v1	MSigDB C2:CP v2026.1 Hs symbols	Excitatory_neurons	REACTOME_FCGAMMA_RECEPTOR_FCGR_DEPENDENT_PHAGOCYTOSIS	https://www.gsea-msigdb.org/gsea/msigdb/human/geneset/REACTOME_FCGAMMA_RECEPTOR_FCGR_DEPENDENT_PHAGOCYTOSIS	all excitatory-neuron Bayesian-network genes represented in MSigDB C2:CP	6952	23	58	1	BRK1	5.211394302848576	0.1755171975855298	1.0	False				
phase18_selenow_excitatory_consensus_v1	MSigDB C2:CP v2026.1 Hs symbols	Excitatory_neurons	REACTOME_HEDGEHOG_ON_STATE	https://www.gsea-msigdb.org/gsea/msigdb/human/geneset/REACTOME_HEDGEHOG_ON_STATE	all excitatory-neuron Bayesian-network genes represented in MSigDB C2:CP	6952	23	58	1	PSMD8	5.211394302848576	0.1755171975855298	1.0	False				
phase18_selenow_excitatory_consensus_v1	MSigDB C2:CP v2026.1 Hs symbols	Excitatory_neurons	REACTOME_METABOLISM_OF_NUCLEOTIDES	https://www.gsea-msigdb.org/gsea/msigdb/human/geneset/REACTOME_METABOLISM_OF_NUCLEOTIDES	all excitatory-neuron Bayesian-network genes represented in MSigDB C2:CP	6952	23	58	1	GUK1	5.211394302848576	0.1755171975855298	1.0	False				
phase18_selenow_excitatory_consensus_v1	MSigDB C2:CP v2026.1 Hs symbols	Excitatory_neurons	REACTOME_CYCLIN_A_CDK2_ASSOCIATED_EVENTS_AT_S_PHASE_ENTRY	https://www.gsea-msigdb.org/gsea/msigdb/human/geneset/REACTOME_CYCLIN_A_CDK2_ASSOCIATED_EVENTS_AT_S_PHASE_ENTRY	all excitatory-neuron Bayesian-network genes represented in MSigDB C2:CP	6952	23	59	1	PSMD8	5.123065585851142	0.17826786547870255	1.0	False				
phase18_selenow_excitatory_consensus_v1	MSigDB C2:CP v2026.1 Hs symbols	Excitatory_neurons	REACTOME_DOWNSTREAM_SIGNALING_EVENTS_OF_B_CELL_RECEPTOR_BCR	https://www.gsea-msigdb.org/gsea/msigdb/human/geneset/REACTOME_DOWNSTREAM_SIGNALING_EVENTS_OF_B_CELL_RECEPTOR_BCR	all excitatory-neuron Bayesian-network genes represented in MSigDB C2:CP	6952	23	59	1	PSMD8	5.123065585851142	0.17826786547870255	1.0	False				
phase18_selenow_excitatory_consensus_v1	MSigDB C2:CP v2026.1 Hs symbols	Excitatory_neurons	REACTOME_DOWNSTREAM_TCR_SIGNALING	https://www.gsea-msigdb.org/gsea/msigdb/human/geneset/REACTOME_DOWNSTREAM_TCR_SIGNALING	all excitatory-neuron Bayesian-network genes represented in MSigDB C2:CP	6952	23	59	1	PSMD8	5.123065585851142	0.17826786547870255	1.0	False				
phase18_selenow_excitatory_consensus_v1	MSigDB C2:CP v2026.1 Hs symbols	Excitatory_neurons	REACTOME_TRANS_GOLGI_NETWORK_VESICLE_BUDDING	https://www.gsea-msigdb.org/gsea/msigdb/human/geneset/REACTOME_TRANS_GOLGI_NETWORK_VESICLE_BUDDING	all excitatory-neuron Bayesian-network genes represented in MSigDB C2:CP	6952	23	59	1	AP1S1	5.123065585851142	0.17826786547870255	1.0	False				
phase18_selenow_excitatory_consensus_v1	MSigDB C2:CP v2026.1 Hs symbols	Excitatory_neurons	REACTOME_DEGRADATION_OF_BETA_CATENIN_BY_THE_DESTRUCTION_COMPLEX	https://www.gsea-msigdb.org/gsea/msigdb/human/geneset/REACTOME_DEGRADATION_OF_BETA_CATENIN_BY_THE_DESTRUCTION_COMPLEX	all excitatory-neuron Bayesian-network genes represented in MSigDB C2:CP	6952	23	60	1	PSMD8	5.03768115942029	0.18100975422003285	1.0	False				
phase18_selenow_excitatory_consensus_v1	MSigDB C2:CP v2026.1 Hs symbols	Excitatory_neurons	REACTOME_MAPK6_MAPK4_SIGNALING	https://www.gsea-msigdb.org/gsea/msigdb/human/geneset/REACTOME_MAPK6_MAPK4_SIGNALING	all excitatory-neuron Bayesian-network genes represented in MSigDB C2:CP	6952	23	60	1	PSMD8	5.03768115942029	0.18100975422003285	1.0	False				
phase18_selenow_excitatory_consensus_v1	MSigDB C2:CP v2026.1 Hs symbols	Excitatory_neurons	REACTOME_RAC2_GTPASE_CYCLE	https://www.gsea-msigdb.org/gsea/msigdb/human/geneset/REACTOME_RAC2_GTPASE_CYCLE	all excitatory-neuron Bayesian-network genes represented in MSigDB C2:CP	6952	23	60	1	BRK1	5.03768115942029	0.18100975422003285	1.0	False				
phase18_selenow_excitatory_consensus_v1	MSigDB C2:CP v2026.1 Hs symbols	Excitatory_neurons	REACTOME_TRANSCRIPTIONAL_REGULATION_BY_RUNX3	https://www.gsea-msigdb.org/gsea/msigdb/human/geneset/REACTOME_TRANSCRIPTIONAL_REGULATION_BY_RUNX3	all excitatory-neuron Bayesian-network genes represented in MSigDB C2:CP	6952	23	61	1	PSMD8	4.955096222380613	0.18374289055969323	1.0	False				
phase18_selenow_excitatory_consensus_v1	MSigDB C2:CP v2026.1 Hs symbols	Excitatory_neurons	REACTOME_PCP_CE_PATHWAY	https://www.gsea-msigdb.org/gsea/msigdb/human/geneset/REACTOME_PCP_CE_PATHWAY	all excitatory-neuron Bayesian-network genes represented in MSigDB C2:CP	6952	23	62	1	PSMD8	4.875175315568023	0.18646730117021812	1.0	False				
phase18_selenow_excitatory_consensus_v1	MSigDB C2:CP v2026.1 Hs symbols	Excitatory_neurons	REACTOME_RAC3_GTPASE_CYCLE	https://www.gsea-msigdb.org/gsea/msigdb/human/geneset/REACTOME_RAC3_GTPASE_CYCLE	all excitatory-neuron Bayesian-network genes represented in MSigDB C2:CP	6952	23	62	1	BRK1	4.875175315568023	0.18646730117021812	1.0	False				
phase18_selenow_excitatory_consensus_v1	MSigDB C2:CP v2026.1 Hs symbols	Excitatory_neurons	REACTOME_SIGNALING_BY_NOTCH1	https://www.gsea-msigdb.org/gsea/msigdb/human/geneset/REACTOME_SIGNALING_BY_NOTCH1	all excitatory-neuron Bayesian-network genes represented in MSigDB C2:CP	6952	23	62	1	PSEN1	4.875175315568023	0.18646730117021812	1.0	False				
phase18_selenow_excitatory_consensus_v1	MSigDB C2:CP v2026.1 Hs symbols	Excitatory_neurons	REACTOME_UCH_PROTEINASES	https://www.gsea-msigdb.org/gsea/msigdb/human/geneset/REACTOME_UCH_PROTEINASES	all excitatory-neuron Bayesian-network genes represented in MSigDB C2:CP	6952	23	62	1	PSMD8	4.875175315568023	0.18646730117021812	1.0	False				
phase18_selenow_excitatory_consensus_v1	MSigDB C2:CP v2026.1 Hs symbols	Excitatory_neurons	WP_EPITHELIAL_TO_MESENCHYMAL_TRANSITION_IN_COLORECTAL_CANCER	https://www.gsea-msigdb.org/gsea/msigdb/human/geneset/WP_EPITHELIAL_TO_MESENCHYMAL_TRANSITION_IN_COLORECTAL_CANCER	all excitatory-neuron Bayesian-network genes represented in MSigDB C2:CP	6952	23	62	1	STRAP	4.875175315568023	0.18646730117021812	1.0	False				
phase18_selenow_excitatory_consensus_v1	MSigDB C2:CP v2026.1 Hs symbols	Excitatory_neurons	REACTOME_EPH_EPHRIN_SIGNALING	https://www.gsea-msigdb.org/gsea/msigdb/human/geneset/REACTOME_EPH_EPHRIN_SIGNALING	all excitatory-neuron Bayesian-network genes represented in MSigDB C2:CP	6952	23	63	1	PSEN1	4.797791580400276	0.1891830126467181	1.0	False				
phase18_selenow_excitatory_consensus_v1	MSigDB C2:CP v2026.1 Hs symbols	Excitatory_neurons	REACTOME_SWITCHING_OF_ORIGINS_TO_A_POST_REPLICATIVE_STATE	https://www.gsea-msigdb.org/gsea/msigdb/human/geneset/REACTOME_SWITCHING_OF_ORIGINS_TO_A_POST_REPLICATIVE_STATE	all excitatory-neuron Bayesian-network genes represented in MSigDB C2:CP	6952	23	64	1	PSMD8	4.7228260869565215	0.19189005150709343	1.0	False				
phase18_selenow_excitatory_consensus_v1	MSigDB C2:CP v2026.1 Hs symbols	Excitatory_neurons	REACTOME_REGULATION_OF_MRNA_STABILITY_BY_PROTEINS_THAT_BIND_AU_RICH_ELEMENTS	https://www.gsea-msigdb.org/gsea/msigdb/human/geneset/REACTOME_REGULATION_OF_MRNA_STABILITY_BY_PROTEINS_THAT_BIND_AU_RICH_ELEMENTS	all excitatory-neuron Bayesian-network genes represented in MSigDB C2:CP	6952	23	65	1	PSMD8	4.650167224080267	0.19458844419224686	1.0	False				
phase18_selenow_excitatory_consensus_v1	MSigDB C2:CP v2026.1 Hs symbols	Excitatory_neurons	REACTOME_ABC_FAMILY_PROTEINS_MEDIATED_TRANSPORT	https://www.gsea-msigdb.org/gsea/msigdb/human/geneset/REACTOME_ABC_FAMILY_PROTEINS_MEDIATED_TRANSPORT	all excitatory-neuron Bayesian-network genes represented in MSigDB C2:CP	6952	23	66	1	PSMD8	4.579710144927536	0.19727821706629628	1.0	False				
phase18_selenow_excitatory_consensus_v1	MSigDB C2:CP v2026.1 Hs symbols	Excitatory_neurons	REACTOME_SIGNALING_BY_TGF_BETA_RECEPTOR_COMPLEX	https://www.gsea-msigdb.org/gsea/msigdb/human/geneset/REACTOME_SIGNALING_BY_TGF_BETA_RECEPTOR_COMPLEX	all excitatory-neuron Bayesian-network genes represented in MSigDB C2:CP	6952	23	67	1	STRAP	4.511356262167423	0.19995939641678642	1.0	False				
phase18_selenow_excitatory_consensus_v1	MSigDB C2:CP v2026.1 Hs symbols	Excitatory_neurons	WP_PRIMARY_OVARIAN_INSUFFICIENCY	https://www.gsea-msigdb.org/gsea/msigdb/human/geneset/WP_PRIMARY_OVARIAN_INSUFFICIENCY	all excitatory-neuron Bayesian-network genes represented in MSigDB C2:CP	6952	23	67	1	CLPP	4.511356262167423	0.19995939641678642	1.0	False				
phase18_selenow_excitatory_consensus_v1	MSigDB C2:CP v2026.1 Hs symbols	Excitatory_neurons	REACTOME_CLEC7A_DECTIN_1_SIGNALING	https://www.gsea-msigdb.org/gsea/msigdb/human/geneset/REACTOME_CLEC7A_DECTIN_1_SIGNALING	all excitatory-neuron Bayesian-network genes represented in MSigDB C2:CP	6952	23	68	1	PSMD8	4.445012787723785	0.2026320084549003	1.0	False				
phase18_selenow_excitatory_consensus_v1	MSigDB C2:CP v2026.1 Hs symbols	Excitatory_neurons	REACTOME_NUCLEAR_EVENTS_MEDIATED_BY_NFE2L2	https://www.gsea-msigdb.org/gsea/msigdb/human/geneset/REACTOME_NUCLEAR_EVENTS_MEDIATED_BY_NFE2L2	all excitatory-neuron Bayesian-network genes represented in MSigDB C2:CP	6952	23	68	1	PSMD8	4.445012787723785	0.2026320084549003	1.0	False				
phase18_selenow_excitatory_consensus_v1	MSigDB C2:CP v2026.1 Hs symbols	Excitatory_neurons	REACTOME_TP53_REGULATES_METABOLIC_GENES	https://www.gsea-msigdb.org/gsea/msigdb/human/geneset/REACTOME_TP53_REGULATES_METABOLIC_GENES	all excitatory-neuron Bayesian-network genes represented in MSigDB C2:CP	6952	23	68	1	LAMTOR5	4.445012787723785	0.2026320084549003	1.0	False				
phase18_selenow_excitatory_consensus_v1	MSigDB C2:CP v2026.1 Hs symbols	Excitatory_neurons	REACTOME_P75_NTR_RECEPTOR_MEDIATED_SIGNALLING	https://www.gsea-msigdb.org/gsea/msigdb/human/geneset/REACTOME_P75_NTR_RECEPTOR_MEDIATED_SIGNALLING	all excitatory-neuron Bayesian-network genes represented in MSigDB C2:CP	6952	23	69	1	PSEN1	4.380592312539382	0.2052960793156698	1.0	False				
phase18_selenow_excitatory_consensus_v1	MSigDB C2:CP v2026.1 Hs symbols	Excitatory_neurons	REACTOME_UNFOLDED_PROTEIN_RESPONSE_UPR	https://www.gsea-msigdb.org/gsea/msigdb/human/geneset/REACTOME_UNFOLDED_PROTEIN_RESPONSE_UPR	all excitatory-neuron Bayesian-network genes represented in MSigDB C2:CP	6952	23	69	1	DNAJB9	4.380592312539382	0.2052960793156698	1.0	False				
phase18_selenow_excitatory_consensus_v1	MSigDB C2:CP v2026.1 Hs symbols	Excitatory_neurons	REACTOME_SIGNALING_BY_VEGF	https://www.gsea-msigdb.org/gsea/msigdb/human/geneset/REACTOME_SIGNALING_BY_VEGF	all excitatory-neuron Bayesian-network genes represented in MSigDB C2:CP	6952	23	72	1	BRK1	4.1980676328502415	0.2132373050463768	1.0	False				
phase18_selenow_excitatory_consensus_v1	MSigDB C2:CP v2026.1 Hs symbols	Excitatory_neurons	REACTOME_TCR_SIGNALING	https://www.gsea-msigdb.org/gsea/msigdb/human/geneset/REACTOME_TCR_SIGNALING	all excitatory-neuron Bayesian-network genes represented in MSigDB C2:CP	6952	23	72	1	PSMD8	4.1980676328502415	0.2132373050463768	1.0	False				
phase18_selenow_excitatory_consensus_v1	MSigDB C2:CP v2026.1 Hs symbols	Excitatory_neurons	REACTOME_TRANSCRIPTIONAL_REGULATION_BY_RUNX2	https://www.gsea-msigdb.org/gsea/msigdb/human/geneset/REACTOME_TRANSCRIPTIONAL_REGULATION_BY_RUNX2	all excitatory-neuron Bayesian-network genes represented in MSigDB C2:CP	6952	23	72	1	PSMD8	4.1980676328502415	0.2132373050463768	1.0	False				
phase18_selenow_excitatory_consensus_v1	MSigDB C2:CP v2026.1 Hs symbols	Excitatory_neurons	REACTOME_REGULATION_OF_PD_L1_CD274_POST_TRANSLATIONAL_MODIFICATION	https://www.gsea-msigdb.org/gsea/msigdb/human/geneset/REACTOME_REGULATION_OF_PD_L1_CD274_POST_TRANSLATIONAL_MODIFICATION	all excitatory-neuron Bayesian-network genes represented in MSigDB C2:CP	6952	23	73	1	PSMD8	4.140559857057773	0.21586747103241363	1.0	False				
phase18_selenow_excitatory_consensus_v1	MSigDB C2:CP v2026.1 Hs symbols	Excitatory_neurons	REACTOME_SIGNALING_BY_THE_B_CELL_RECEPTOR_BCR	https://www.gsea-msigdb.org/gsea/msigdb/human/geneset/REACTOME_SIGNALING_BY_THE_B_CELL_RECEPTOR_BCR	all excitatory-neuron Bayesian-network genes represented in MSigDB C2:CP	6952	23	73	1	PSMD8	4.140559857057773	0.21586747103241363	1.0	False				
phase18_selenow_excitatory_consensus_v1	MSigDB C2:CP v2026.1 Hs symbols	Excitatory_neurons	REACTOME_INTERLEUKIN_1_SIGNALING	https://www.gsea-msigdb.org/gsea/msigdb/human/geneset/REACTOME_INTERLEUKIN_1_SIGNALING	all excitatory-neuron Bayesian-network genes represented in MSigDB C2:CP	6952	23	74	1	PSMD8	4.084606345475911	0.21848922538133855	1.0	False				
phase18_selenow_excitatory_consensus_v1	MSigDB C2:CP v2026.1 Hs symbols	Excitatory_neurons	REACTOME_DNA_REPLICATION_PRE_INITIATION	https://www.gsea-msigdb.org/gsea/msigdb/human/geneset/REACTOME_DNA_REPLICATION_PRE_INITIATION	all excitatory-neuron Bayesian-network genes represented in MSigDB C2:CP	6952	23	75	1	PSMD8	4.030144927536232	0.22110259377567254	1.0	False				
phase18_selenow_excitatory_consensus_v1	MSigDB C2:CP v2026.1 Hs symbols	Excitatory_neurons	REACTOME_MHC_CLASS_II_ANTIGEN_PRESENTATION	https://www.gsea-msigdb.org/gsea/msigdb/human/geneset/REACTOME_MHC_CLASS_II_ANTIGEN_PRESENTATION	all excitatory-neuron Bayesian-network genes represented in MSigDB C2:CP	6952	23	75	1	AP1S1	4.030144927536232	0.22110259377567254	1.0	False				
phase18_selenow_excitatory_consensus_v1	MSigDB C2:CP v2026.1 Hs symbols	Excitatory_neurons	WP_5Q35_COPY_NUMBER_VARIATION	https://www.gsea-msigdb.org/gsea/msigdb/human/geneset/WP_5Q35_COPY_NUMBER_VARIATION	all excitatory-neuron Bayesian-network genes represented in MSigDB C2:CP	6952	23	75	1	PRELID1	4.030144927536232	0.22110259377567254	1.0	False				
phase18_selenow_excitatory_consensus_v1	MSigDB C2:CP v2026.1 Hs symbols	Excitatory_neurons	KEGG_CALCIUM_SIGNALING_PATHWAY	https://www.gsea-msigdb.org/gsea/msigdb/human/geneset/KEGG_CALCIUM_SIGNALING_PATHWAY	all excitatory-neuron Bayesian-network genes represented in MSigDB C2:CP	6952	23	76	1	SLC25A4	3.977116704805492	0.22370760182324553	1.0	False				
phase18_selenow_excitatory_consensus_v1	MSigDB C2:CP v2026.1 Hs symbols	Excitatory_neurons	REACTOME_TRANSCRIPTIONAL_REGULATION_BY_TP53	https://www.gsea-msigdb.org/gsea/msigdb/human/geneset/REACTOME_TRANSCRIPTIONAL_REGULATION_BY_TP53	all excitatory-neuron Bayesian-network genes represented in MSigDB C2:CP	6952	23	273	2	LAMTOR5;PRELID1	2.214365344800127	0.22783049866687413	1.0	False				
phase18_selenow_excitatory_consensus_v1	MSigDB C2:CP v2026.1 Hs symbols	Excitatory_neurons	WP_SUDDEN_INFANT_DEATH_SYNDROME_SIDS_SUSCEPTIBILITY_PATHWAYS	https://www.gsea-msigdb.org/gsea/msigdb/human/geneset/WP_SUDDEN_INFANT_DEATH_SYNDROME_SIDS_SUSCEPTIBILITY_PATHWAYS	all excitatory-neuron Bayesian-network genes represented in MSigDB C2:CP	6952	23	78	1	SLC25A4	3.8751393534002228	0.22889263893721076	1.0	False				
phase18_selenow_excitatory_consensus_v1	MSigDB C2:CP v2026.1 Hs symbols	Excitatory_neurons	KEGG_LYSOSOME	https://www.gsea-msigdb.org/gsea/msigdb/human/geneset/KEGG_LYSOSOME	all excitatory-neuron Bayesian-network genes represented in MSigDB C2:CP	6952	23	81	1	AP1S1	3.731615673644659	0.23660812793132857	1.0	False				
phase18_selenow_excitatory_consensus_v1	MSigDB C2:CP v2026.1 Hs symbols	Excitatory_neurons	KEGG_WNT_SIGNALING_PATHWAY	https://www.gsea-msigdb.org/gsea/msigdb/human/geneset/KEGG_WNT_SIGNALING_PATHWAY	all excitatory-neuron Bayesian-network genes represented in MSigDB C2:CP	6952	23	81	1	PSEN1	3.731615673644659	0.23660812793132857	1.0	False				
phase18_selenow_excitatory_consensus_v1	MSigDB C2:CP v2026.1 Hs symbols	Excitatory_neurons	REACTOME_C_TYPE_LECTIN_RECEPTORS_CLRS	https://www.gsea-msigdb.org/gsea/msigdb/human/geneset/REACTOME_C_TYPE_LECTIN_RECEPTORS_CLRS	all excitatory-neuron Bayesian-network genes represented in MSigDB C2:CP	6952	23	81	1	PSMD8	3.731615673644659	0.23660812793132857	1.0	False				
phase18_selenow_excitatory_consensus_v1	MSigDB C2:CP v2026.1 Hs symbols	Excitatory_neurons	REACTOME_HEDGEHOG_OFF_STATE	https://www.gsea-msigdb.org/gsea/msigdb/human/geneset/REACTOME_HEDGEHOG_OFF_STATE	all excitatory-neuron Bayesian-network genes represented in MSigDB C2:CP	6952	23	82	1	PSMD8	3.68610816542948	0.23916350750600177	1.0	False				
phase18_selenow_excitatory_consensus_v1	MSigDB C2:CP v2026.1 Hs symbols	Excitatory_neurons	PID_ERBB1_DOWNSTREAM_PATHWAY	https://www.gsea-msigdb.org/gsea/msigdb/human/geneset/PID_ERBB1_DOWNSTREAM_PATHWAY	all excitatory-neuron Bayesian-network genes represented in MSigDB C2:CP	6952	23	84	1	BRK1	3.598343685300207	0.24424974217493706	1.0	False				
phase18_selenow_excitatory_consensus_v1	MSigDB C2:CP v2026.1 Hs symbols	Excitatory_neurons	WP_ELECTRON_TRANSPORT_CHAIN_OXPHOS_SYSTEM_IN_MITOCHONDRIA	https://www.gsea-msigdb.org/gsea/msigdb/human/geneset/WP_ELECTRON_TRANSPORT_CHAIN_OXPHOS_SYSTEM_IN_MITOCHONDRIA	all excitatory-neuron Bayesian-network genes represented in MSigDB C2:CP	6952	23	85	1	SLC25A4	3.5560102301790284	0.24678064723171872	1.0	False				
phase18_selenow_excitatory_consensus_v1	MSigDB C2:CP v2026.1 Hs symbols	Excitatory_neurons	REACTOME_INTERLEUKIN_1_FAMILY_SIGNALING	https://www.gsea-msigdb.org/gsea/msigdb/human/geneset/REACTOME_INTERLEUKIN_1_FAMILY_SIGNALING	all excitatory-neuron Bayesian-network genes represented in MSigDB C2:CP	6952	23	86	1	PSMD8	3.5146612740141556	0.2493034439571695	1.0	False				
phase18_selenow_excitatory_consensus_v1	MSigDB C2:CP v2026.1 Hs symbols	Excitatory_neurons	REACTOME_SYNTHESIS_OF_DNA	https://www.gsea-msigdb.org/gsea/msigdb/human/geneset/REACTOME_SYNTHESIS_OF_DNA	all excitatory-neuron Bayesian-network genes represented in MSigDB C2:CP	6952	23	86	1	PSMD8	3.5146612740141556	0.2493034439571695	1.0	False				
phase18_selenow_excitatory_consensus_v1	MSigDB C2:CP v2026.1 Hs symbols	Excitatory_neurons	REACTOME_G2_M_CHECKPOINTS	https://www.gsea-msigdb.org/gsea/msigdb/human/geneset/REACTOME_G2_M_CHECKPOINTS	all excitatory-neuron Bayesian-network genes represented in MSigDB C2:CP	6952	23	88	1	PSMD8	3.4347826086956523	0.2543248115407555	1.0	False				
phase18_selenow_excitatory_consensus_v1	MSigDB C2:CP v2026.1 Hs symbols	Excitatory_neurons	REACTOME_KEAP1_NFE2L2_PATHWAY	https://www.gsea-msigdb.org/gsea/msigdb/human/geneset/REACTOME_KEAP1_NFE2L2_PATHWAY	all excitatory-neuron Bayesian-network genes represented in MSigDB C2:CP	6952	23	88	1	PSMD8	3.4347826086956523	0.2543248115407555	1.0	False				
phase18_selenow_excitatory_consensus_v1	MSigDB C2:CP v2026.1 Hs symbols	Excitatory_neurons	REACTOME_TRNA_PROCESSING	https://www.gsea-msigdb.org/gsea/msigdb/human/geneset/REACTOME_TRNA_PROCESSING	all excitatory-neuron Bayesian-network genes represented in MSigDB C2:CP	6952	23	88	1	LAGE3	3.4347826086956523	0.2543248115407555	1.0	False				
phase18_selenow_excitatory_consensus_v1	MSigDB C2:CP v2026.1 Hs symbols	Excitatory_neurons	REACTOME_LEISHMANIA_INFECTION	https://www.gsea-msigdb.org/gsea/msigdb/human/geneset/REACTOME_LEISHMANIA_INFECTION	all excitatory-neuron Bayesian-network genes represented in MSigDB C2:CP	6952	23	89	1	BRK1	3.3961895456766	0.2568234317818048	1.0	False				
phase18_selenow_excitatory_consensus_v1	MSigDB C2:CP v2026.1 Hs symbols	Excitatory_neurons	WP_MIRTARGETED_GENES_IN_SQUAMOUS_CELL	https://www.gsea-msigdb.org/gsea/msigdb/human/geneset/WP_MIRTARGETED_GENES_IN_SQUAMOUS_CELL	all excitatory-neuron Bayesian-network genes represented in MSigDB C2:CP	6952	23	89	1	LAMTOR5	3.3961895456766	0.2568234317818048	1.0	False				
phase18_selenow_excitatory_consensus_v1	MSigDB C2:CP v2026.1 Hs symbols	Excitatory_neurons	REACTOME_BETA_CATENIN_INDEPENDENT_WNT_SIGNALING	https://www.gsea-msigdb.org/gsea/msigdb/human/geneset/REACTOME_BETA_CATENIN_INDEPENDENT_WNT_SIGNALING	all excitatory-neuron Bayesian-network genes represented in MSigDB C2:CP	6952	23	90	1	PSMD8	3.358454106280193	0.25931404245775097	1.0	False				
phase18_selenow_excitatory_consensus_v1	MSigDB C2:CP v2026.1 Hs symbols	Excitatory_neurons	REACTOME_FC_EPSILON_RECEPTOR_FCERI_SIGNALING	https://www.gsea-msigdb.org/gsea/msigdb/human/geneset/REACTOME_FC_EPSILON_RECEPTOR_FCERI_SIGNALING	all excitatory-neuron Bayesian-network genes represented in MSigDB C2:CP	6952	23	91	1	PSMD8	3.321548017200191	0.26179666808052443	1.0	False				
phase18_selenow_excitatory_consensus_v1	MSigDB C2:CP v2026.1 Hs symbols	Excitatory_neurons	REACTOME_RIBOSOME_QUALITY_CONTROL_RQC_COMPLEX_EXTRACTS_AND_DEGRADES_NASCENT_PEPTIDE	https://www.gsea-msigdb.org/gsea/msigdb/human/geneset/REACTOME_RIBOSOME_QUALITY_CONTROL_RQC_COMPLEX_EXTRACTS_AND_DEGRADES_NASCENT_PEPTIDE	all excitatory-neuron Bayesian-network genes represented in MSigDB C2:CP	6952	23	92	1	PSMD8	3.2854442344045367	0.26427133309060286	1.0	False				
phase18_selenow_excitatory_consensus_v1	MSigDB C2:CP v2026.1 Hs symbols	Excitatory_neurons	REACTOME_CIRCADIAN_CLOCK	https://www.gsea-msigdb.org/gsea/msigdb/human/geneset/REACTOME_CIRCADIAN_CLOCK	all excitatory-neuron Bayesian-network genes represented in MSigDB C2:CP	6952	23	93	1	PSMD8	3.250116877045348	0.2667380618572087	1.0	False				
phase18_selenow_excitatory_consensus_v1	MSigDB C2:CP v2026.1 Hs symbols	Excitatory_neurons	REACTOME_DISORDERS_OF_TRANSMEMBRANE_TRANSPORTERS	https://www.gsea-msigdb.org/gsea/msigdb/human/geneset/REACTOME_DISORDERS_OF_TRANSMEMBRANE_TRANSPORTERS	all excitatory-neuron Bayesian-network genes represented in MSigDB C2:CP	6952	23	94	1	PSMD8	3.215541165587419	0.2691968786785069	1.0	False				
phase18_selenow_excitatory_consensus_v1	MSigDB C2:CP v2026.1 Hs symbols	Excitatory_neurons	REACTOME_MITOTIC_G1_PHASE_AND_G1_S_TRANSITION	https://www.gsea-msigdb.org/gsea/msigdb/human/geneset/REACTOME_MITOTIC_G1_PHASE_AND_G1_S_TRANSITION	all excitatory-neuron Bayesian-network genes represented in MSigDB C2:CP	6952	23	94	1	PSMD8	3.215541165587419	0.2691968786785069	1.0	False				
phase18_selenow_excitatory_consensus_v1	MSigDB C2:CP v2026.1 Hs symbols	Excitatory_neurons	WP_REGULATION_OF_ACTIN_CYTOSKELETON	https://www.gsea-msigdb.org/gsea/msigdb/human/geneset/WP_REGULATION_OF_ACTIN_CYTOSKELETON	all excitatory-neuron Bayesian-network genes represented in MSigDB C2:CP	6952	23	95	1	BRK1	3.1816933638443934	0.2716478077818015	1.0	False				
phase18_selenow_excitatory_consensus_v1	MSigDB C2:CP v2026.1 Hs symbols	Excitatory_neurons	PID_PDGFRB_PATHWAY	https://www.gsea-msigdb.org/gsea/msigdb/human/geneset/PID_PDGFRB_PATHWAY	all excitatory-neuron Bayesian-network genes represented in MSigDB C2:CP	6952	23	96	1	BRK1	3.148550724637681	0.27409087332373216	1.0	False				
phase18_selenow_excitatory_consensus_v1	MSigDB C2:CP v2026.1 Hs symbols	Excitatory_neurons	REACTOME_DISEASES_OF_SIGNAL_TRANSDUCTION_BY_GROWTH_FACTOR_RECEPTORS_AND_SECOND_MESSENGERS	https://www.gsea-msigdb.org/gsea/msigdb/human/geneset/REACTOME_DISEASES_OF_SIGNAL_TRANSDUCTION_BY_GROWTH_FACTOR_RECEPTORS_AND_SECOND_MESSENGERS	all excitatory-neuron Bayesian-network genes represented in MSigDB C2:CP	6952	23	312	2	PSEN1;PSMD8	1.9375696767001114	0.27629689572364863	1.0	False				
phase18_selenow_excitatory_consensus_v1	MSigDB C2:CP v2026.1 Hs symbols	Excitatory_neurons	REACTOME_SIGNALING_BY_RECEPTOR_TYROSINE_KINASES	https://www.gsea-msigdb.org/gsea/msigdb/human/geneset/REACTOME_SIGNALING_BY_RECEPTOR_TYROSINE_KINASES	all excitatory-neuron Bayesian-network genes represented in MSigDB C2:CP	6952	23	313	2	BRK1;PSEN1	1.9313793582442005	0.2775443000481925	1.0	False				
phase18_selenow_excitatory_consensus_v1	MSigDB C2:CP v2026.1 Hs symbols	Excitatory_neurons	KEGG_NEUROTROPHIN_SIGNALING_PATHWAY	https://www.gsea-msigdb.org/gsea/msigdb/human/geneset/KEGG_NEUROTROPHIN_SIGNALING_PATHWAY	all excitatory-neuron Bayesian-network genes represented in MSigDB C2:CP	6952	23	98	1	PSEN1	3.0842945874001777	0.2789535099979125	1.0	False				
phase18_selenow_excitatory_consensus_v1	MSigDB C2:CP v2026.1 Hs symbols	Excitatory_neurons	KEGG_OXIDATIVE_PHOSPHORYLATION	https://www.gsea-msigdb.org/gsea/msigdb/human/geneset/KEGG_OXIDATIVE_PHOSPHORYLATION	all excitatory-neuron Bayesian-network genes represented in MSigDB C2:CP	6952	23	98	1	CYC1	3.0842945874001777	0.2789535099979125	1.0	False				
phase18_selenow_excitatory_consensus_v1	MSigDB C2:CP v2026.1 Hs symbols	Excitatory_neurons	KEGG_PURINE_METABOLISM	https://www.gsea-msigdb.org/gsea/msigdb/human/geneset/KEGG_PURINE_METABOLISM	all excitatory-neuron Bayesian-network genes represented in MSigDB C2:CP	6952	23	98	1	GUK1	3.0842945874001777	0.2789535099979125	1.0	False				
phase18_selenow_excitatory_consensus_v1	MSigDB C2:CP v2026.1 Hs symbols	Excitatory_neurons	REACTOME_DNA_REPLICATION	https://www.gsea-msigdb.org/gsea/msigdb/human/geneset/REACTOME_DNA_REPLICATION	all excitatory-neuron Bayesian-network genes represented in MSigDB C2:CP	6952	23	98	1	PSMD8	3.0842945874001777	0.2789535099979125	1.0	False				
phase18_selenow_excitatory_consensus_v1	MSigDB C2:CP v2026.1 Hs symbols	Excitatory_neurons	REACTOME_SLC_MEDIATED_TRANSMEMBRANE_TRANSPORT	https://www.gsea-msigdb.org/gsea/msigdb/human/geneset/REACTOME_SLC_MEDIATED_TRANSMEMBRANE_TRANSPORT	all excitatory-neuron Bayesian-network genes represented in MSigDB C2:CP	6952	23	103	1	SLC25A4	2.9345715491768676	0.2909741668074916	1.0	False				
phase18_selenow_excitatory_consensus_v1	MSigDB C2:CP v2026.1 Hs symbols	Excitatory_neurons	REACTOME_REGULATION_OF_PD_L1_CD274_EXPRESSION	https://www.gsea-msigdb.org/gsea/msigdb/human/geneset/REACTOME_REGULATION_OF_PD_L1_CD274_EXPRESSION	all excitatory-neuron Bayesian-network genes represented in MSigDB C2:CP	6952	23	106	1	PSMD8	2.851517637407711	0.29809429719418495	1.0	False				
phase18_selenow_excitatory_consensus_v1	MSigDB C2:CP v2026.1 Hs symbols	Excitatory_neurons	REACTOME_APOPTOSIS	https://www.gsea-msigdb.org/gsea/msigdb/human/geneset/REACTOME_APOPTOSIS	all excitatory-neuron Bayesian-network genes represented in MSigDB C2:CP	6952	23	108	1	PSMD8	2.7987117552334944	0.3028029994516728	1.0	False				
phase18_selenow_excitatory_consensus_v1	MSigDB C2:CP v2026.1 Hs symbols	Excitatory_neurons	REACTOME_CO_INHIBITION_BY_PD_1	https://www.gsea-msigdb.org/gsea/msigdb/human/geneset/REACTOME_CO_INHIBITION_BY_PD_1	all excitatory-neuron Bayesian-network genes represented in MSigDB C2:CP	6952	23	109	1	PSMD8	2.7730355005983243	0.3051460051519375	1.0	False				
phase18_selenow_excitatory_consensus_v1	MSigDB C2:CP v2026.1 Hs symbols	Excitatory_neurons	REACTOME_DEATH_RECEPTOR_SIGNALING	https://www.gsea-msigdb.org/gsea/msigdb/human/geneset/REACTOME_DEATH_RECEPTOR_SIGNALING	all excitatory-neuron Bayesian-network genes represented in MSigDB C2:CP	6952	23	109	1	PSEN1	2.7730355005983243	0.3051460051519375	1.0	False				
phase18_selenow_excitatory_consensus_v1	MSigDB C2:CP v2026.1 Hs symbols	Excitatory_neurons	REACTOME_SIGNALING_BY_HEDGEHOG	https://www.gsea-msigdb.org/gsea/msigdb/human/geneset/REACTOME_SIGNALING_BY_HEDGEHOG	all excitatory-neuron Bayesian-network genes represented in MSigDB C2:CP	6952	23	110	1	PSMD8	2.7478260869565214	0.3074814781727625	1.0	False				
phase18_selenow_excitatory_consensus_v1	MSigDB C2:CP v2026.1 Hs symbols	Excitatory_neurons	REACTOME_EXTRACELLULAR_MATRIX_ORGANIZATION	https://www.gsea-msigdb.org/gsea/msigdb/human/geneset/REACTOME_EXTRACELLULAR_MATRIX_ORGANIZATION	all excitatory-neuron Bayesian-network genes represented in MSigDB C2:CP	6952	23	111	1	PSEN1	2.7230708969839403	0.309809441634035	1.0	False				
phase18_selenow_excitatory_consensus_v1	MSigDB C2:CP v2026.1 Hs symbols	Excitatory_neurons	REACTOME_TCF_DEPENDENT_SIGNALING_IN_RESPONSE_TO_WNT	https://www.gsea-msigdb.org/gsea/msigdb/human/geneset/REACTOME_TCF_DEPENDENT_SIGNALING_IN_RESPONSE_TO_WNT	all excitatory-neuron Bayesian-network genes represented in MSigDB C2:CP	6952	23	112	1	PSMD8	2.6987577639751548	0.3121299185880501	1.0	False				
phase18_selenow_excitatory_consensus_v1	MSigDB C2:CP v2026.1 Hs symbols	Excitatory_neurons	REACTOME_RAC1_GTPASE_CYCLE	https://www.gsea-msigdb.org/gsea/msigdb/human/geneset/REACTOME_RAC1_GTPASE_CYCLE	all excitatory-neuron Bayesian-network genes represented in MSigDB C2:CP	6952	23	116	1	BRK1	2.605697151424288	0.32133742002221377	1.0	False				
phase18_selenow_excitatory_consensus_v1	MSigDB C2:CP v2026.1 Hs symbols	Excitatory_neurons	REACTOME_TRANSCRIPTIONAL_REGULATION_BY_RUNX1	https://www.gsea-msigdb.org/gsea/msigdb/human/geneset/REACTOME_TRANSCRIPTIONAL_REGULATION_BY_RUNX1	all excitatory-neuron Bayesian-network genes represented in MSigDB C2:CP	6952	23	116	1	PSMD8	2.605697151424288	0.32133742002221377	1.0	False				
phase18_selenow_excitatory_consensus_v1	MSigDB C2:CP v2026.1 Hs symbols	Excitatory_neurons	REACTOME_S_PHASE	https://www.gsea-msigdb.org/gsea/msigdb/human/geneset/REACTOME_S_PHASE	all excitatory-neuron Bayesian-network genes represented in MSigDB C2:CP	6952	23	117	1	PSMD8	2.583426235600149	0.32362080787175873	1.0	False				
phase18_selenow_excitatory_consensus_v1	MSigDB C2:CP v2026.1 Hs symbols	Excitatory_neurons	KEGG_REGULATION_OF_ACTIN_CYTOSKELETON	https://www.gsea-msigdb.org/gsea/msigdb/human/geneset/KEGG_REGULATION_OF_ACTIN_CYTOSKELETON	all excitatory-neuron Bayesian-network genes represented in MSigDB C2:CP	6952	23	120	1	BRK1	2.518840579710145	0.3304269640771576	1.0	False				
phase18_selenow_excitatory_consensus_v1	MSigDB C2:CP v2026.1 Hs symbols	Excitatory_neurons	REACTOME_SEPARATION_OF_SISTER_CHROMATIDS	https://www.gsea-msigdb.org/gsea/msigdb/human/geneset/REACTOME_SEPARATION_OF_SISTER_CHROMATIDS	all excitatory-neuron Bayesian-network genes represented in MSigDB C2:CP	6952	23	121	1	PSMD8	2.49802371541502	0.33268108875898217	1.0	False				
phase18_selenow_excitatory_consensus_v1	MSigDB C2:CP v2026.1 Hs symbols	Excitatory_neurons	REACTOME_CELLULAR_RESPONSE_TO_STARVATION	https://www.gsea-msigdb.org/gsea/msigdb/human/geneset/REACTOME_CELLULAR_RESPONSE_TO_STARVATION	all excitatory-neuron Bayesian-network genes represented in MSigDB C2:CP	6952	23	125	1	LAMTOR5	2.4180869565217393	0.3416252137621495	1.0	False				
phase18_selenow_excitatory_consensus_v1	MSigDB C2:CP v2026.1 Hs symbols	Excitatory_neurons	REACTOME_UB_SPECIFIC_PROCESSING_PROTEASES	https://www.gsea-msigdb.org/gsea/msigdb/human/geneset/REACTOME_UB_SPECIFIC_PROCESSING_PROTEASES	all excitatory-neuron Bayesian-network genes represented in MSigDB C2:CP	6952	23	125	1	PSMD8	2.4180869565217393	0.3416252137621495	1.0	False				
phase18_selenow_excitatory_consensus_v1	MSigDB C2:CP v2026.1 Hs symbols	Excitatory_neurons	REACTOME_PROGRAMMED_CELL_DEATH	https://www.gsea-msigdb.org/gsea/msigdb/human/geneset/REACTOME_PROGRAMMED_CELL_DEATH	all excitatory-neuron Bayesian-network genes represented in MSigDB C2:CP	6952	23	127	1	PSMD8	2.3800068469702156	0.34605416292600627	1.0	False				
phase18_selenow_excitatory_consensus_v1	MSigDB C2:CP v2026.1 Hs symbols	Excitatory_neurons	REACTOME_RIBOSOME_ASSOCIATED_QUALITY_CONTROL	https://www.gsea-msigdb.org/gsea/msigdb/human/geneset/REACTOME_RIBOSOME_ASSOCIATED_QUALITY_CONTROL	all excitatory-neuron Bayesian-network genes represented in MSigDB C2:CP	6952	23	127	1	PSMD8	2.3800068469702156	0.34605416292600627	1.0	False				
phase18_selenow_excitatory_consensus_v1	MSigDB C2:CP v2026.1 Hs symbols	Excitatory_neurons	REACTOME_AUTOPHAGY	https://www.gsea-msigdb.org/gsea/msigdb/human/geneset/REACTOME_AUTOPHAGY	all excitatory-neuron Bayesian-network genes represented in MSigDB C2:CP	6952	23	128	1	LAMTOR5	2.3614130434782608	0.34825793644288566	1.0	False				
phase18_selenow_excitatory_consensus_v1	MSigDB C2:CP v2026.1 Hs symbols	Excitatory_neurons	REACTOME_TRANSPORT_OF_SMALL_MOLECULES	https://www.gsea-msigdb.org/gsea/msigdb/human/geneset/REACTOME_TRANSPORT_OF_SMALL_MOLECULES	all excitatory-neuron Bayesian-network genes represented in MSigDB C2:CP	6952	23	372	2	PSMD8;SLC25A4	1.625058438522674	0.3507925782982827	1.0	False				
phase18_selenow_excitatory_consensus_v1	MSigDB C2:CP v2026.1 Hs symbols	Excitatory_neurons	REACTOME_REGULATION_OF_EXPRESSION_OF_SLITS_AND_ROBOS	https://www.gsea-msigdb.org/gsea/msigdb/human/geneset/REACTOME_REGULATION_OF_EXPRESSION_OF_SLITS_AND_ROBOS	all excitatory-neuron Bayesian-network genes represented in MSigDB C2:CP	6952	23	133	1	PSMD8	2.2726381170317094	0.3591706687150752	1.0	False				
phase18_selenow_excitatory_consensus_v1	MSigDB C2:CP v2026.1 Hs symbols	Excitatory_neurons	REACTOME_CELLULAR_RESPONSE_TO_CHEMICAL_STRESS	https://www.gsea-msigdb.org/gsea/msigdb/human/geneset/REACTOME_CELLULAR_RESPONSE_TO_CHEMICAL_STRESS	all excitatory-neuron Bayesian-network genes represented in MSigDB C2:CP	6952	23	136	1	PSMD8	2.2225063938618925	0.36563418130046665	1.0	False				
phase18_selenow_excitatory_consensus_v1	MSigDB C2:CP v2026.1 Hs symbols	Excitatory_neurons	REACTOME_NERVOUS_SYSTEM_DEVELOPMENT	https://www.gsea-msigdb.org/gsea/msigdb/human/geneset/REACTOME_NERVOUS_SYSTEM_DEVELOPMENT	all excitatory-neuron Bayesian-network genes represented in MSigDB C2:CP	6952	23	386	2	PSEN1;PSMD8	1.5661184951565668	0.3679348543070195	1.0	False				
phase18_selenow_excitatory_consensus_v1	MSigDB C2:CP v2026.1 Hs symbols	Excitatory_neurons	REACTOME_MITOTIC_G2_G2_M_PHASES	https://www.gsea-msigdb.org/gsea/msigdb/human/geneset/REACTOME_MITOTIC_G2_G2_M_PHASES	all excitatory-neuron Bayesian-network genes represented in MSigDB C2:CP	6952	23	138	1	PSMD8	2.190296156269691	0.3699084957485362	1.0	False				
phase18_selenow_excitatory_consensus_v1	MSigDB C2:CP v2026.1 Hs symbols	Excitatory_neurons	REACTOME_REGULATION_OF_T_CELL_ACTIVATION_BY_CD28_FAMILY	https://www.gsea-msigdb.org/gsea/msigdb/human/geneset/REACTOME_REGULATION_OF_T_CELL_ACTIVATION_BY_CD28_FAMILY	all excitatory-neuron Bayesian-network genes represented in MSigDB C2:CP	6952	23	141	1	PSMD8	2.1436941103916127	0.3762683530700873	1.0	False				
phase18_selenow_excitatory_consensus_v1	MSigDB C2:CP v2026.1 Hs symbols	Excitatory_neurons	REACTOME_MITOTIC_METAPHASE_AND_ANAPHASE	https://www.gsea-msigdb.org/gsea/msigdb/human/geneset/REACTOME_MITOTIC_METAPHASE_AND_ANAPHASE	all excitatory-neuron Bayesian-network genes represented in MSigDB C2:CP	6952	23	158	1	PSMD8	1.9130434782608694	0.41116372555171876	1.0	False				
phase18_selenow_excitatory_consensus_v1	MSigDB C2:CP v2026.1 Hs symbols	Excitatory_neurons	WP_CILIARY_LANDSCAPE	https://www.gsea-msigdb.org/gsea/msigdb/human/geneset/WP_CILIARY_LANDSCAPE	all excitatory-neuron Bayesian-network genes represented in MSigDB C2:CP	6952	23	166	1	PSMD8	1.8208486118386589	0.4269313615625134	1.0	False				
phase18_selenow_excitatory_consensus_v1	MSigDB C2:CP v2026.1 Hs symbols	Excitatory_neurons	REACTOME_RHO_GTPASE_EFFECTORS	https://www.gsea-msigdb.org/gsea/msigdb/human/geneset/REACTOME_RHO_GTPASE_EFFECTORS	all excitatory-neuron Bayesian-network genes represented in MSigDB C2:CP	6952	23	169	1	BRK1	1.7885258554154875	0.4327394453202216	1.0	False				
phase18_selenow_excitatory_consensus_v1	MSigDB C2:CP v2026.1 Hs symbols	Excitatory_neurons	REACTOME_SIGNALING_BY_WNT	https://www.gsea-msigdb.org/gsea/msigdb/human/geneset/REACTOME_SIGNALING_BY_WNT	all excitatory-neuron Bayesian-network genes represented in MSigDB C2:CP	6952	23	170	1	PSMD8	1.7780051150895142	0.43466292943604573	1.0	False				
phase18_selenow_excitatory_consensus_v1	MSigDB C2:CP v2026.1 Hs symbols	Excitatory_neurons	REACTOME_MAPK1_MAPK3_SIGNALING	https://www.gsea-msigdb.org/gsea/msigdb/human/geneset/REACTOME_MAPK1_MAPK3_SIGNALING	all excitatory-neuron Bayesian-network genes represented in MSigDB C2:CP	6952	23	173	1	PSMD8	1.7471726564463432	0.44039602169945785	1.0	False				
phase18_selenow_excitatory_consensus_v1	MSigDB C2:CP v2026.1 Hs symbols	Excitatory_neurons	REACTOME_SIGNALING_BY_ROBO_RECEPTORS	https://www.gsea-msigdb.org/gsea/msigdb/human/geneset/REACTOME_SIGNALING_BY_ROBO_RECEPTORS	all excitatory-neuron Bayesian-network genes represented in MSigDB C2:CP	6952	23	174	1	PSMD8	1.7371314342828585	0.44229466331339984	1.0	False				
phase18_selenow_excitatory_consensus_v1	MSigDB C2:CP v2026.1 Hs symbols	Excitatory_neurons	REACTOME_CELL_CYCLE_CHECKPOINTS	https://www.gsea-msigdb.org/gsea/msigdb/human/geneset/REACTOME_CELL_CYCLE_CHECKPOINTS	all excitatory-neuron Bayesian-network genes represented in MSigDB C2:CP	6952	23	175	1	PSMD8	1.7272049689440994	0.4441871423254671	1.0	False				
phase18_selenow_excitatory_consensus_v1	MSigDB C2:CP v2026.1 Hs symbols	Excitatory_neurons	REACTOME_NEDDYLATION	https://www.gsea-msigdb.org/gsea/msigdb/human/geneset/REACTOME_NEDDYLATION	all excitatory-neuron Bayesian-network genes represented in MSigDB C2:CP	6952	23	180	1	PSMD8	1.6792270531400966	0.4535577647536652	1.0	False				
phase18_selenow_excitatory_consensus_v1	MSigDB C2:CP v2026.1 Hs symbols	Excitatory_neurons	REACTOME_DEUBIQUITINATION	https://www.gsea-msigdb.org/gsea/msigdb/human/geneset/REACTOME_DEUBIQUITINATION	all excitatory-neuron Bayesian-network genes represented in MSigDB C2:CP	6952	23	185	1	PSMD8	1.6338425381903643	0.46277716272160907	1.0	False				
phase18_selenow_excitatory_consensus_v1	MSigDB C2:CP v2026.1 Hs symbols	Excitatory_neurons	REACTOME_MAPK_FAMILY_SIGNALING_CASCADES	https://www.gsea-msigdb.org/gsea/msigdb/human/geneset/REACTOME_MAPK_FAMILY_SIGNALING_CASCADES	all excitatory-neuron Bayesian-network genes represented in MSigDB C2:CP	6952	23	199	1	PSMD8	1.5188988420362683	0.4878066757130802	1.0	False				
phase18_selenow_excitatory_consensus_v1	MSigDB C2:CP v2026.1 Hs symbols	Excitatory_neurons	REACTOME_METABOLISM_OF_AMINO_ACIDS_AND_DERIVATIVES	https://www.gsea-msigdb.org/gsea/msigdb/human/geneset/REACTOME_METABOLISM_OF_AMINO_ACIDS_AND_DERIVATIVES	all excitatory-neuron Bayesian-network genes represented in MSigDB C2:CP	6952	23	209	1	PSMD8	1.4462242562929062	0.5049977658182762	1.0	False				
phase18_selenow_excitatory_consensus_v1	MSigDB C2:CP v2026.1 Hs symbols	Excitatory_neurons	REACTOME_SIGNALING_BY_INTERLEUKINS	https://www.gsea-msigdb.org/gsea/msigdb/human/geneset/REACTOME_SIGNALING_BY_INTERLEUKINS	all excitatory-neuron Bayesian-network genes represented in MSigDB C2:CP	6952	23	209	1	PSMD8	1.4462242562929062	0.5049977658182762	1.0	False				
phase18_selenow_excitatory_consensus_v1	MSigDB C2:CP v2026.1 Hs symbols	Excitatory_neurons	WP_MIRTARGETED_GENES_IN_MUSCLE_CELL	https://www.gsea-msigdb.org/gsea/msigdb/human/geneset/WP_MIRTARGETED_GENES_IN_MUSCLE_CELL	all excitatory-neuron Bayesian-network genes represented in MSigDB C2:CP	6952	23	230	1	LAMTOR5	1.3141776937618146	0.5393202170885556	1.0	False				
phase18_selenow_excitatory_consensus_v1	MSigDB C2:CP v2026.1 Hs symbols	Excitatory_neurons	REACTOME_ANTIGEN_PROCESSING_UBIQUITINATION_PROTEASOME_DEGRADATION	https://www.gsea-msigdb.org/gsea/msigdb/human/geneset/REACTOME_ANTIGEN_PROCESSING_UBIQUITINATION_PROTEASOME_DEGRADATION	all excitatory-neuron Bayesian-network genes represented in MSigDB C2:CP	6952	23	241	1	PSMD8	1.2541944795237236	0.5563779679495341	1.0	False				
phase18_selenow_excitatory_consensus_v1	MSigDB C2:CP v2026.1 Hs symbols	Excitatory_neurons	REACTOME_NEUTROPHIL_DEGRANULATION	https://www.gsea-msigdb.org/gsea/msigdb/human/geneset/REACTOME_NEUTROPHIL_DEGRANULATION	all excitatory-neuron Bayesian-network genes represented in MSigDB C2:CP	6952	23	242	1	PSEN1	1.24901185770751	0.5578983533968833	1.0	False				
phase18_selenow_excitatory_consensus_v1	MSigDB C2:CP v2026.1 Hs symbols	Excitatory_neurons	REACTOME_M_PHASE	https://www.gsea-msigdb.org/gsea/msigdb/human/geneset/REACTOME_M_PHASE	all excitatory-neuron Bayesian-network genes represented in MSigDB C2:CP	6952	23	259	1	PSMD8	1.1670303844216887	0.582994811871093	1.0	False				
phase18_selenow_excitatory_consensus_v1	MSigDB C2:CP v2026.1 Hs symbols	Excitatory_neurons	REACTOME_CLASS_I_MHC_MEDIATED_ANTIGEN_PROCESSING_PRESENTATION	https://www.gsea-msigdb.org/gsea/msigdb/human/geneset/REACTOME_CLASS_I_MHC_MEDIATED_ANTIGEN_PROCESSING_PRESENTATION	all excitatory-neuron Bayesian-network genes represented in MSigDB C2:CP	6952	23	278	1	PSMD8	1.0872693149827963	0.6094305273357333	1.0	False				
phase18_selenow_excitatory_consensus_v1	MSigDB C2:CP v2026.1 Hs symbols	Excitatory_neurons	WP_VEGFAVEGFR2_SIGNALING	https://www.gsea-msigdb.org/gsea/msigdb/human/geneset/WP_VEGFAVEGFR2_SIGNALING	all excitatory-neuron Bayesian-network genes represented in MSigDB C2:CP	6952	23	282	1	DNAJB9	1.0718470551958064	0.6147878943635889	1.0	False				
phase18_selenow_excitatory_consensus_v1	MSigDB C2:CP v2026.1 Hs symbols	Excitatory_neurons	WP_MIRTARGETED_GENES_IN_LYMPHOCYTES	https://www.gsea-msigdb.org/gsea/msigdb/human/geneset/WP_MIRTARGETED_GENES_IN_LYMPHOCYTES	all excitatory-neuron Bayesian-network genes represented in MSigDB C2:CP	6952	23	288	1	LAMTOR5	1.0495169082125604	0.6226923466661516	1.0	False				
phase18_selenow_excitatory_consensus_v1	MSigDB C2:CP v2026.1 Hs symbols	Excitatory_neurons	REACTOME_RHO_GTPASE_CYCLE	https://www.gsea-msigdb.org/gsea/msigdb/human/geneset/REACTOME_RHO_GTPASE_CYCLE	all excitatory-neuron Bayesian-network genes represented in MSigDB C2:CP	6952	23	302	1	BRK1	1.0008638065073423	0.6405372162835216	1.0	False				
phase18_selenow_excitatory_consensus_v1	MSigDB C2:CP v2026.1 Hs symbols	Excitatory_neurons	REACTOME_CELL_CYCLE_MITOTIC	https://www.gsea-msigdb.org/gsea/msigdb/human/geneset/REACTOME_CELL_CYCLE_MITOTIC	all excitatory-neuron Bayesian-network genes represented in MSigDB C2:CP	6952	23	348	1	PSMD8	0.8685657171414293	0.6936603395684382	1.0	False				
phase18_selenow_excitatory_consensus_v1	MSigDB C2:CP v2026.1 Hs symbols	Excitatory_neurons	REACTOME_CYTOKINE_SIGNALING_IN_IMMUNE_SYSTEM	https://www.gsea-msigdb.org/gsea/msigdb/human/geneset/REACTOME_CYTOKINE_SIGNALING_IN_IMMUNE_SYSTEM	all excitatory-neuron Bayesian-network genes represented in MSigDB C2:CP	6952	23	369	1	PSMD8	0.8191351478732178	0.7153335983173795	1.0	False				
phase18_selenow_excitatory_consensus_v1	MSigDB C2:CP v2026.1 Hs symbols	Excitatory_neurons	REACTOME_SIGNALING_BY_RHO_GTPASES_MIRO_GTPASES_AND_RHOBTB3	https://www.gsea-msigdb.org/gsea/msigdb/human/geneset/REACTOME_SIGNALING_BY_RHO_GTPASES_MIRO_GTPASES_AND_RHOBTB3	all excitatory-neuron Bayesian-network genes represented in MSigDB C2:CP	6952	23	438	1	BRK1	0.6900933095096287	0.7766897355871516	1.0	False				
phase18_selenow_excitatory_consensus_v1	MSigDB C2:CP v2026.1 Hs symbols	Excitatory_neurons	REACTOME_CELL_CYCLE	https://www.gsea-msigdb.org/gsea/msigdb/human/geneset/REACTOME_CELL_CYCLE	all excitatory-neuron Bayesian-network genes represented in MSigDB C2:CP	6952	23	441	1	PSMD8	0.6853987972000395	0.7790471836607735	1.0	False				
phase18_selenow_excitatory_consensus_v1	MSigDB C2:CP v2026.1 Hs symbols	Excitatory_neurons	REACTOME_MEMBRANE_TRAFFICKING	https://www.gsea-msigdb.org/gsea/msigdb/human/geneset/REACTOME_MEMBRANE_TRAFFICKING	all excitatory-neuron Bayesian-network genes represented in MSigDB C2:CP	6952	23	465	1	AP1S1	0.6500233754090696	0.7970684268620372	1.0	False				
phase18_selenow_excitatory_consensus_v1	MSigDB C2:CP v2026.1 Hs symbols	Excitatory_neurons	REACTOME_VESICLE_MEDIATED_TRANSPORT	https://www.gsea-msigdb.org/gsea/msigdb/human/geneset/REACTOME_VESICLE_MEDIATED_TRANSPORT	all excitatory-neuron Bayesian-network genes represented in MSigDB C2:CP	6952	23	475	1	AP1S1	0.6363386727688787	0.8041545932473636	1.0	False				
phase18_selenow_excitatory_consensus_v1	MSigDB C2:CP v2026.1 Hs symbols	Excitatory_neurons	BIOCARTA_AGR_PATHWAY	https://www.gsea-msigdb.org/gsea/msigdb/human/geneset/BIOCARTA_AGR_PATHWAY	all excitatory-neuron Bayesian-network genes represented in MSigDB C2:CP	6952	23	24	0		0.0	1.0	1.0	False				
phase18_selenow_excitatory_consensus_v1	MSigDB C2:CP v2026.1 Hs symbols	Excitatory_neurons	BIOCARTA_AKT_PATHWAY	https://www.gsea-msigdb.org/gsea/msigdb/human/geneset/BIOCARTA_AKT_PATHWAY	all excitatory-neuron Bayesian-network genes represented in MSigDB C2:CP	6952	23	16	0		0.0	1.0	1.0	False				
phase18_selenow_excitatory_consensus_v1	MSigDB C2:CP v2026.1 Hs symbols	Excitatory_neurons	BIOCARTA_ALK_PATHWAY	https://www.gsea-msigdb.org/gsea/msigdb/human/geneset/BIOCARTA_ALK_PATHWAY	all excitatory-neuron Bayesian-network genes represented in MSigDB C2:CP	6952	23	18	0		0.0	1.0	1.0	False				
phase18_selenow_excitatory_consensus_v1	MSigDB C2:CP v2026.1 Hs symbols	Excitatory_neurons	BIOCARTA_ARAP_PATHWAY	https://www.gsea-msigdb.org/gsea/msigdb/human/geneset/BIOCARTA_ARAP_PATHWAY	all excitatory-neuron Bayesian-network genes represented in MSigDB C2:CP	6952	23	15	0		0.0	1.0	1.0	False				
phase18_selenow_excitatory_consensus_v1	MSigDB C2:CP v2026.1 Hs symbols	Excitatory_neurons	BIOCARTA_AT1R_PATHWAY	https://www.gsea-msigdb.org/gsea/msigdb/human/geneset/BIOCARTA_AT1R_PATHWAY	all excitatory-neuron Bayesian-network genes represented in MSigDB C2:CP	6952	23	22	0		0.0	1.0	1.0	False				
phase18_selenow_excitatory_consensus_v1	MSigDB C2:CP v2026.1 Hs symbols	Excitatory_neurons	BIOCARTA_BAD_PATHWAY	https://www.gsea-msigdb.org/gsea/msigdb/human/geneset/BIOCARTA_BAD_PATHWAY	all excitatory-neuron Bayesian-network genes represented in MSigDB C2:CP	6952	23	17	0		0.0	1.0	1.0	False				
phase18_selenow_excitatory_consensus_v1	MSigDB C2:CP v2026.1 Hs symbols	Excitatory_neurons	BIOCARTA_BCR_PATHWAY	https://www.gsea-msigdb.org/gsea/msigdb/human/geneset/BIOCARTA_BCR_PATHWAY	all excitatory-neuron Bayesian-network genes represented in MSigDB C2:CP	6952	23	21	0		0.0	1.0	1.0	False				
phase18_selenow_excitatory_consensus_v1	MSigDB C2:CP v2026.1 Hs symbols	Excitatory_neurons	BIOCARTA_BIOPEPTIDES_PATHWAY	https://www.gsea-msigdb.org/gsea/msigdb/human/geneset/BIOCARTA_BIOPEPTIDES_PATHWAY	all excitatory-neuron Bayesian-network genes represented in MSigDB C2:CP	6952	23	22	0		0.0	1.0	1.0	False				
phase18_selenow_excitatory_consensus_v1	MSigDB C2:CP v2026.1 Hs symbols	Excitatory_neurons	BIOCARTA_CARM_ER_PATHWAY	https://www.gsea-msigdb.org/gsea/msigdb/human/geneset/BIOCARTA_CARM_ER_PATHWAY	all excitatory-neuron Bayesian-network genes represented in MSigDB C2:CP	6952	23	22	0		0.0	1.0	1.0	False				
phase18_selenow_excitatory_consensus_v1	MSigDB C2:CP v2026.1 Hs symbols	Excitatory_neurons	BIOCARTA_CERAMIDE_PATHWAY	https://www.gsea-msigdb.org/gsea/msigdb/human/geneset/BIOCARTA_CERAMIDE_PATHWAY	all excitatory-neuron Bayesian-network genes represented in MSigDB C2:CP	6952	23	17	0		0.0	1.0	1.0	False				
phase18_selenow_excitatory_consensus_v1	MSigDB C2:CP v2026.1 Hs symbols	Excitatory_neurons	BIOCARTA_CHEMICAL_PATHWAY	https://www.gsea-msigdb.org/gsea/msigdb/human/geneset/BIOCARTA_CHEMICAL_PATHWAY	all excitatory-neuron Bayesian-network genes represented in MSigDB C2:CP	6952	23	16	0		0.0	1.0	1.0	False				
phase18_selenow_excitatory_consensus_v1	MSigDB C2:CP v2026.1 Hs symbols	Excitatory_neurons	BIOCARTA_CREB_PATHWAY	https://www.gsea-msigdb.org/gsea/msigdb/human/geneset/BIOCARTA_CREB_PATHWAY	all excitatory-neuron Bayesian-network genes represented in MSigDB C2:CP	6952	23	20	0		0.0	1.0	1.0	False				
phase18_selenow_excitatory_consensus_v1	MSigDB C2:CP v2026.1 Hs symbols	Excitatory_neurons	BIOCARTA_CXCR4_PATHWAY	https://www.gsea-msigdb.org/gsea/msigdb/human/geneset/BIOCARTA_CXCR4_PATHWAY	all excitatory-neuron Bayesian-network genes represented in MSigDB C2:CP	6952	23	16	0		0.0	1.0	1.0	False				
phase18_selenow_excitatory_consensus_v1	MSigDB C2:CP v2026.1 Hs symbols	Excitatory_neurons	BIOCARTA_DEATH_PATHWAY	https://www.gsea-msigdb.org/gsea/msigdb/human/geneset/BIOCARTA_DEATH_PATHWAY	all excitatory-neuron Bayesian-network genes represented in MSigDB C2:CP	6952	23	22	0		0.0	1.0	1.0	False				
phase18_selenow_excitatory_consensus_v1	MSigDB C2:CP v2026.1 Hs symbols	Excitatory_neurons	BIOCARTA_ECM_PATHWAY	https://www.gsea-msigdb.org/gsea/msigdb/human/geneset/BIOCARTA_ECM_PATHWAY	all excitatory-neuron Bayesian-network genes represented in MSigDB C2:CP	6952	23	16	0		0.0	1.0	1.0	False				
phase18_selenow_excitatory_consensus_v1	MSigDB C2:CP v2026.1 Hs symbols	Excitatory_neurons	BIOCARTA_EDG1_PATHWAY	https://www.gsea-msigdb.org/gsea/msigdb/human/geneset/BIOCARTA_EDG1_PATHWAY	all excitatory-neuron Bayesian-network genes represented in MSigDB C2:CP	6952	23	16	0		0.0	1.0	1.0	False				
phase18_selenow_excitatory_consensus_v1	MSigDB C2:CP v2026.1 Hs symbols	Excitatory_neurons	BIOCARTA_EGF_PATHWAY	https://www.gsea-msigdb.org/gsea/msigdb/human/geneset/BIOCARTA_EGF_PATHWAY	all excitatory-neuron Bayesian-network genes represented in MSigDB C2:CP	6952	23	22	0		0.0	1.0	1.0	False				
phase18_selenow_excitatory_consensus_v1	MSigDB C2:CP v2026.1 Hs symbols	Excitatory_neurons	BIOCARTA_EIF4_PATHWAY	https://www.gsea-msigdb.org/gsea/msigdb/human/geneset/BIOCARTA_EIF4_PATHWAY	all excitatory-neuron Bayesian-network genes represented in MSigDB C2:CP	6952	23	22	0		0.0	1.0	1.0	False				
phase18_selenow_excitatory_consensus_v1	MSigDB C2:CP v2026.1 Hs symbols	Excitatory_neurons	BIOCARTA_EIF_PATHWAY	https://www.gsea-msigdb.org/gsea/msigdb/human/geneset/BIOCARTA_EIF_PATHWAY	all excitatory-neuron Bayesian-network genes represented in MSigDB C2:CP	6952	23	15	0		0.0	1.0	1.0	False				
phase18_selenow_excitatory_consensus_v1	MSigDB C2:CP v2026.1 Hs symbols	Excitatory_neurons	BIOCARTA_ERAD_PATHWAY	https://www.gsea-msigdb.org/gsea/msigdb/human/geneset/BIOCARTA_ERAD_PATHWAY	all excitatory-neuron Bayesian-network genes represented in MSigDB C2:CP	6952	23	18	0		0.0	1.0	1.0	False				
phase18_selenow_excitatory_consensus_v1	MSigDB C2:CP v2026.1 Hs symbols	Excitatory_neurons	BIOCARTA_ERK_PATHWAY	https://www.gsea-msigdb.org/gsea/msigdb/human/geneset/BIOCARTA_ERK_PATHWAY	all excitatory-neuron Bayesian-network genes represented in MSigDB C2:CP	6952	23	18	0		0.0	1.0	1.0	False				
phase18_selenow_excitatory_consensus_v1	MSigDB C2:CP v2026.1 Hs symbols	Excitatory_neurons	BIOCARTA_FAS_PATHWAY	https://www.gsea-msigdb.org/gsea/msigdb/human/geneset/BIOCARTA_FAS_PATHWAY	all excitatory-neuron Bayesian-network genes represented in MSigDB C2:CP	6952	23	21	0		0.0	1.0	1.0	False				
phase18_selenow_excitatory_consensus_v1	MSigDB C2:CP v2026.1 Hs symbols	Excitatory_neurons	BIOCARTA_FCER1_PATHWAY	https://www.gsea-msigdb.org/gsea/msigdb/human/geneset/BIOCARTA_FCER1_PATHWAY	all excitatory-neuron Bayesian-network genes represented in MSigDB C2:CP	6952	23	24	0		0.0	1.0	1.0	False				
phase18_selenow_excitatory_consensus_v1	MSigDB C2:CP v2026.1 Hs symbols	Excitatory_neurons	BIOCARTA_FMLP_PATHWAY	https://www.gsea-msigdb.org/gsea/msigdb/human/geneset/BIOCARTA_FMLP_PATHWAY	all excitatory-neuron Bayesian-network genes represented in MSigDB C2:CP	6952	23	24	0		0.0	1.0	1.0	False				
phase18_selenow_excitatory_consensus_v1	MSigDB C2:CP v2026.1 Hs symbols	Excitatory_neurons	BIOCARTA_GH_PATHWAY	https://www.gsea-msigdb.org/gsea/msigdb/human/geneset/BIOCARTA_GH_PATHWAY	all excitatory-neuron Bayesian-network genes represented in MSigDB C2:CP	6952	23	17	0		0.0	1.0	1.0	False				
phase18_selenow_excitatory_consensus_v1	MSigDB C2:CP v2026.1 Hs symbols	Excitatory_neurons	BIOCARTA_GLEEVEC_PATHWAY	https://www.gsea-msigdb.org/gsea/msigdb/human/geneset/BIOCARTA_GLEEVEC_PATHWAY	all excitatory-neuron Bayesian-network genes represented in MSigDB C2:CP	6952	23	19	0		0.0	1.0	1.0	False				
phase18_selenow_excitatory_consensus_v1	MSigDB C2:CP v2026.1 Hs symbols	Excitatory_neurons	BIOCARTA_GPCR_PATHWAY	https://www.gsea-msigdb.org/gsea/msigdb/human/geneset/BIOCARTA_GPCR_PATHWAY	all excitatory-neuron Bayesian-network genes represented in MSigDB C2:CP	6952	23	24	0		0.0	1.0	1.0	False				
phase18_selenow_excitatory_consensus_v1	MSigDB C2:CP v2026.1 Hs symbols	Excitatory_neurons	BIOCARTA_HCMV_PATHWAY	https://www.gsea-msigdb.org/gsea/msigdb/human/geneset/BIOCARTA_HCMV_PATHWAY	all excitatory-neuron Bayesian-network genes represented in MSigDB C2:CP	6952	23	16	0		0.0	1.0	1.0	False				
phase18_selenow_excitatory_consensus_v1	MSigDB C2:CP v2026.1 Hs symbols	Excitatory_neurons	BIOCARTA_HDAC_PATHWAY	https://www.gsea-msigdb.org/gsea/msigdb/human/geneset/BIOCARTA_HDAC_PATHWAY	all excitatory-neuron Bayesian-network genes represented in MSigDB C2:CP	6952	23	16	0		0.0	1.0	1.0	False				
phase18_selenow_excitatory_consensus_v1	MSigDB C2:CP v2026.1 Hs symbols	Excitatory_neurons	BIOCARTA_HER2_PATHWAY	https://www.gsea-msigdb.org/gsea/msigdb/human/geneset/BIOCARTA_HER2_PATHWAY	all excitatory-neuron Bayesian-network genes represented in MSigDB C2:CP	6952	23	16	0		0.0	1.0	1.0	False				
phase18_selenow_excitatory_consensus_v1	MSigDB C2:CP v2026.1 Hs symbols	Excitatory_neurons	BIOCARTA_IGF1MTOR_PATHWAY	https://www.gsea-msigdb.org/gsea/msigdb/human/geneset/BIOCARTA_IGF1MTOR_PATHWAY	all excitatory-neuron Bayesian-network genes represented in MSigDB C2:CP	6952	23	15	0		0.0	1.0	1.0	False				
phase18_selenow_excitatory_consensus_v1	MSigDB C2:CP v2026.1 Hs symbols	Excitatory_neurons	BIOCARTA_IGF1R_PATHWAY	https://www.gsea-msigdb.org/gsea/msigdb/human/geneset/BIOCARTA_IGF1R_PATHWAY	all excitatory-neuron Bayesian-network genes represented in MSigDB C2:CP	6952	23	20	0		0.0	1.0	1.0	False				
phase18_selenow_excitatory_consensus_v1	MSigDB C2:CP v2026.1 Hs symbols	Excitatory_neurons	BIOCARTA_IGF1_PATHWAY	https://www.gsea-msigdb.org/gsea/msigdb/human/geneset/BIOCARTA_IGF1_PATHWAY	all excitatory-neuron Bayesian-network genes represented in MSigDB C2:CP	6952	23	17	0		0.0	1.0	1.0	False				
phase18_selenow_excitatory_consensus_v1	MSigDB C2:CP v2026.1 Hs symbols	Excitatory_neurons	BIOCARTA_IL1R_PATHWAY	https://www.gsea-msigdb.org/gsea/msigdb/human/geneset/BIOCARTA_IL1R_PATHWAY	all excitatory-neuron Bayesian-network genes represented in MSigDB C2:CP	6952	23	18	0		0.0	1.0	1.0	False				
phase18_selenow_excitatory_consensus_v1	MSigDB C2:CP v2026.1 Hs symbols	Excitatory_neurons	BIOCARTA_IL2RB_PATHWAY	https://www.gsea-msigdb.org/gsea/msigdb/human/geneset/BIOCARTA_IL2RB_PATHWAY	all excitatory-neuron Bayesian-network genes represented in MSigDB C2:CP	6952	23	20	0		0.0	1.0	1.0	False				
phase18_selenow_excitatory_consensus_v1	MSigDB C2:CP v2026.1 Hs symbols	Excitatory_neurons	BIOCARTA_IL6_PATHWAY	https://www.gsea-msigdb.org/gsea/msigdb/human/geneset/BIOCARTA_IL6_PATHWAY	all excitatory-neuron Bayesian-network genes represented in MSigDB C2:CP	6952	23	16	0		0.0	1.0	1.0	False				
phase18_selenow_excitatory_consensus_v1	MSigDB C2:CP v2026.1 Hs symbols	Excitatory_neurons	BIOCARTA_INSULIN_PATHWAY	https://www.gsea-msigdb.org/gsea/msigdb/human/geneset/BIOCARTA_INSULIN_PATHWAY	all excitatory-neuron Bayesian-network genes represented in MSigDB C2:CP	6952	23	17	0		0.0	1.0	1.0	False				
phase18_selenow_excitatory_consensus_v1	MSigDB C2:CP v2026.1 Hs symbols	Excitatory_neurons	BIOCARTA_INTEGRIN_PATHWAY	https://www.gsea-msigdb.org/gsea/msigdb/human/geneset/BIOCARTA_INTEGRIN_PATHWAY	all excitatory-neuron Bayesian-network genes represented in MSigDB C2:CP	6952	23	27	0		0.0	1.0	1.0	False				
phase18_selenow_excitatory_consensus_v1	MSigDB C2:CP v2026.1 Hs symbols	Excitatory_neurons	BIOCARTA_KERATINOCYTE_PATHWAY	https://www.gsea-msigdb.org/gsea/msigdb/human/geneset/BIOCARTA_KERATINOCYTE_PATHWAY	all excitatory-neuron Bayesian-network genes represented in MSigDB C2:CP	6952	23	30	0		0.0	1.0	1.0	False				
phase18_selenow_excitatory_consensus_v1	MSigDB C2:CP v2026.1 Hs symbols	Excitatory_neurons	BIOCARTA_LIS1_PATHWAY	https://www.gsea-msigdb.org/gsea/msigdb/human/geneset/BIOCARTA_LIS1_PATHWAY	all excitatory-neuron Bayesian-network genes represented in MSigDB C2:CP	6952	23	15	0		0.0	1.0	1.0	False				
phase18_selenow_excitatory_consensus_v1	MSigDB C2:CP v2026.1 Hs symbols	Excitatory_neurons	BIOCARTA_MAL_PATHWAY	https://www.gsea-msigdb.org/gsea/msigdb/human/geneset/BIOCARTA_MAL_PATHWAY	all excitatory-neuron Bayesian-network genes represented in MSigDB C2:CP	6952	23	16	0		0.0	1.0	1.0	False				
phase18_selenow_excitatory_consensus_v1	MSigDB C2:CP v2026.1 Hs symbols	Excitatory_neurons	BIOCARTA_MAPK_PATHWAY	https://www.gsea-msigdb.org/gsea/msigdb/human/geneset/BIOCARTA_MAPK_PATHWAY	all excitatory-neuron Bayesian-network genes represented in MSigDB C2:CP	6952	23	68	0		0.0	1.0	1.0	False				
phase18_selenow_excitatory_consensus_v1	MSigDB C2:CP v2026.1 Hs symbols	Excitatory_neurons	BIOCARTA_MET_PATHWAY	https://www.gsea-msigdb.org/gsea/msigdb/human/geneset/BIOCARTA_MET_PATHWAY	all excitatory-neuron Bayesian-network genes represented in MSigDB C2:CP	6952	23	26	0		0.0	1.0	1.0	False				
phase18_selenow_excitatory_consensus_v1	MSigDB C2:CP v2026.1 Hs symbols	Excitatory_neurons	BIOCARTA_MTOR_PATHWAY	https://www.gsea-msigdb.org/gsea/msigdb/human/geneset/BIOCARTA_MTOR_PATHWAY	all excitatory-neuron Bayesian-network genes represented in MSigDB C2:CP	6952	23	19	0		0.0	1.0	1.0	False				
phase18_selenow_excitatory_consensus_v1	MSigDB C2:CP v2026.1 Hs symbols	Excitatory_neurons	BIOCARTA_NFAT_PATHWAY	https://www.gsea-msigdb.org/gsea/msigdb/human/geneset/BIOCARTA_NFAT_PATHWAY	all excitatory-neuron Bayesian-network genes represented in MSigDB C2:CP	6952	23	29	0		0.0	1.0	1.0	False				
phase18_selenow_excitatory_consensus_v1	MSigDB C2:CP v2026.1 Hs symbols	Excitatory_neurons	BIOCARTA_NOS1_PATHWAY	https://www.gsea-msigdb.org/gsea/msigdb/human/geneset/BIOCARTA_NOS1_PATHWAY	all excitatory-neuron Bayesian-network genes represented in MSigDB C2:CP	6952	23	16	0		0.0	1.0	1.0	False				
phase18_selenow_excitatory_consensus_v1	MSigDB C2:CP v2026.1 Hs symbols	Excitatory_neurons	BIOCARTA_NTHI_PATHWAY	https://www.gsea-msigdb.org/gsea/msigdb/human/geneset/BIOCARTA_NTHI_PATHWAY	all excitatory-neuron Bayesian-network genes represented in MSigDB C2:CP	6952	23	17	0		0.0	1.0	1.0	False				
phase18_selenow_excitatory_consensus_v1	MSigDB C2:CP v2026.1 Hs symbols	Excitatory_neurons	BIOCARTA_P38MAPK_PATHWAY	https://www.gsea-msigdb.org/gsea/msigdb/human/geneset/BIOCARTA_P38MAPK_PATHWAY	all excitatory-neuron Bayesian-network genes represented in MSigDB C2:CP	6952	23	27	0		0.0	1.0	1.0	False				
phase18_selenow_excitatory_consensus_v1	MSigDB C2:CP v2026.1 Hs symbols	Excitatory_neurons	BIOCARTA_PAR1_PATHWAY	https://www.gsea-msigdb.org/gsea/msigdb/human/geneset/BIOCARTA_PAR1_PATHWAY	all excitatory-neuron Bayesian-network genes represented in MSigDB C2:CP	6952	23	15	0		0.0	1.0	1.0	False				
phase18_selenow_excitatory_consensus_v1	MSigDB C2:CP v2026.1 Hs symbols	Excitatory_neurons	BIOCARTA_PDGF_PATHWAY	https://www.gsea-msigdb.org/gsea/msigdb/human/geneset/BIOCARTA_PDGF_PATHWAY	all excitatory-neuron Bayesian-network genes represented in MSigDB C2:CP	6952	23	23	0		0.0	1.0	1.0	False				
phase18_selenow_excitatory_consensus_v1	MSigDB C2:CP v2026.1 Hs symbols	Excitatory_neurons	BIOCARTA_PPARA_PATHWAY	https://www.gsea-msigdb.org/gsea/msigdb/human/geneset/BIOCARTA_PPARA_PATHWAY	all excitatory-neuron Bayesian-network genes represented in MSigDB C2:CP	6952	23	38	0		0.0	1.0	1.0	False				
phase18_selenow_excitatory_consensus_v1	MSigDB C2:CP v2026.1 Hs symbols	Excitatory_neurons	BIOCARTA_PROTEASOME_PATHWAY	https://www.gsea-msigdb.org/gsea/msigdb/human/geneset/BIOCARTA_PROTEASOME_PATHWAY	all excitatory-neuron Bayesian-network genes represented in MSigDB C2:CP	6952	23	17	0		0.0	1.0	1.0	False				
phase18_selenow_excitatory_consensus_v1	MSigDB C2:CP v2026.1 Hs symbols	Excitatory_neurons	BIOCARTA_PTDINS_PATHWAY	https://www.gsea-msigdb.org/gsea/msigdb/human/geneset/BIOCARTA_PTDINS_PATHWAY	all excitatory-neuron Bayesian-network genes represented in MSigDB C2:CP	6952	23	19	0		0.0	1.0	1.0	False				
phase18_selenow_excitatory_consensus_v1	MSigDB C2:CP v2026.1 Hs symbols	Excitatory_neurons	BIOCARTA_PTEN_PATHWAY	https://www.gsea-msigdb.org/gsea/msigdb/human/geneset/BIOCARTA_PTEN_PATHWAY	all excitatory-neuron Bayesian-network genes represented in MSigDB C2:CP	6952	23	15	0		0.0	1.0	1.0	False				
phase18_selenow_excitatory_consensus_v1	MSigDB C2:CP v2026.1 Hs symbols	Excitatory_neurons	BIOCARTA_PYK2_PATHWAY	https://www.gsea-msigdb.org/gsea/msigdb/human/geneset/BIOCARTA_PYK2_PATHWAY	all excitatory-neuron Bayesian-network genes represented in MSigDB C2:CP	6952	23	25	0		0.0	1.0	1.0	False				
phase18_selenow_excitatory_consensus_v1	MSigDB C2:CP v2026.1 Hs symbols	Excitatory_neurons	BIOCARTA_RAC1_PATHWAY	https://www.gsea-msigdb.org/gsea/msigdb/human/geneset/BIOCARTA_RAC1_PATHWAY	all excitatory-neuron Bayesian-network genes represented in MSigDB C2:CP	6952	23	15	0		0.0	1.0	1.0	False				
phase18_selenow_excitatory_consensus_v1	MSigDB C2:CP v2026.1 Hs symbols	Excitatory_neurons	BIOCARTA_RACCYCD_PATHWAY	https://www.gsea-msigdb.org/gsea/msigdb/human/geneset/BIOCARTA_RACCYCD_PATHWAY	all excitatory-neuron Bayesian-network genes represented in MSigDB C2:CP	6952	23	21	0		0.0	1.0	1.0	False				
phase18_selenow_excitatory_consensus_v1	MSigDB C2:CP v2026.1 Hs symbols	Excitatory_neurons	BIOCARTA_RAS_PATHWAY	https://www.gsea-msigdb.org/gsea/msigdb/human/geneset/BIOCARTA_RAS_PATHWAY	all excitatory-neuron Bayesian-network genes represented in MSigDB C2:CP	6952	23	19	0		0.0	1.0	1.0	False				
phase18_selenow_excitatory_consensus_v1	MSigDB C2:CP v2026.1 Hs symbols	Excitatory_neurons	BIOCARTA_RHO_PATHWAY	https://www.gsea-msigdb.org/gsea/msigdb/human/geneset/BIOCARTA_RHO_PATHWAY	all excitatory-neuron Bayesian-network genes represented in MSigDB C2:CP	6952	23	17	0		0.0	1.0	1.0	False				
phase18_selenow_excitatory_consensus_v1	MSigDB C2:CP v2026.1 Hs symbols	Excitatory_neurons	BIOCARTA_STRESS_PATHWAY	https://www.gsea-msigdb.org/gsea/msigdb/human/geneset/BIOCARTA_STRESS_PATHWAY	all excitatory-neuron Bayesian-network genes represented in MSigDB C2:CP	6952	23	21	0		0.0	1.0	1.0	False				
phase18_selenow_excitatory_consensus_v1	MSigDB C2:CP v2026.1 Hs symbols	Excitatory_neurons	BIOCARTA_TCR_PATHWAY	https://www.gsea-msigdb.org/gsea/msigdb/human/geneset/BIOCARTA_TCR_PATHWAY	all excitatory-neuron Bayesian-network genes represented in MSigDB C2:CP	6952	23	30	0		0.0	1.0	1.0	False				
phase18_selenow_excitatory_consensus_v1	MSigDB C2:CP v2026.1 Hs symbols	Excitatory_neurons	BIOCARTA_TNFR1_PATHWAY	https://www.gsea-msigdb.org/gsea/msigdb/human/geneset/BIOCARTA_TNFR1_PATHWAY	all excitatory-neuron Bayesian-network genes represented in MSigDB C2:CP	6952	23	23	0		0.0	1.0	1.0	False				
phase18_selenow_excitatory_consensus_v1	MSigDB C2:CP v2026.1 Hs symbols	Excitatory_neurons	BIOCARTA_TOLL_PATHWAY	https://www.gsea-msigdb.org/gsea/msigdb/human/geneset/BIOCARTA_TOLL_PATHWAY	all excitatory-neuron Bayesian-network genes represented in MSigDB C2:CP	6952	23	19	0		0.0	1.0	1.0	False				
phase18_selenow_excitatory_consensus_v1	MSigDB C2:CP v2026.1 Hs symbols	Excitatory_neurons	BIOCARTA_TPO_PATHWAY	https://www.gsea-msigdb.org/gsea/msigdb/human/geneset/BIOCARTA_TPO_PATHWAY	all excitatory-neuron Bayesian-network genes represented in MSigDB C2:CP	6952	23	18	0		0.0	1.0	1.0	False				
phase18_selenow_excitatory_consensus_v1	MSigDB C2:CP v2026.1 Hs symbols	Excitatory_neurons	BIOCARTA_VDR_PATHWAY	https://www.gsea-msigdb.org/gsea/msigdb/human/geneset/BIOCARTA_VDR_PATHWAY	all excitatory-neuron Bayesian-network genes represented in MSigDB C2:CP	6952	23	20	0		0.0	1.0	1.0	False				
phase18_selenow_excitatory_consensus_v1	MSigDB C2:CP v2026.1 Hs symbols	Excitatory_neurons	BIOCARTA_VEGF_PATHWAY	https://www.gsea-msigdb.org/gsea/msigdb/human/geneset/BIOCARTA_VEGF_PATHWAY	all excitatory-neuron Bayesian-network genes represented in MSigDB C2:CP	6952	23	20	0		0.0	1.0	1.0	False				
phase18_selenow_excitatory_consensus_v1	MSigDB C2:CP v2026.1 Hs symbols	Excitatory_neurons	BIOCARTA_VIP_PATHWAY	https://www.gsea-msigdb.org/gsea/msigdb/human/geneset/BIOCARTA_VIP_PATHWAY	all excitatory-neuron Bayesian-network genes represented in MSigDB C2:CP	6952	23	17	0		0.0	1.0	1.0	False				
phase18_selenow_excitatory_consensus_v1	MSigDB C2:CP v2026.1 Hs symbols	Excitatory_neurons	BIOCARTA_WNT_PATHWAY	https://www.gsea-msigdb.org/gsea/msigdb/human/geneset/BIOCARTA_WNT_PATHWAY	all excitatory-neuron Bayesian-network genes represented in MSigDB C2:CP	6952	23	15	0		0.0	1.0	1.0	False				
phase18_selenow_excitatory_consensus_v1	MSigDB C2:CP v2026.1 Hs symbols	Excitatory_neurons	KEGG_ABC_TRANSPORTERS	https://www.gsea-msigdb.org/gsea/msigdb/human/geneset/KEGG_ABC_TRANSPORTERS	all excitatory-neuron Bayesian-network genes represented in MSigDB C2:CP	6952	23	20	0		0.0	1.0	1.0	False				
phase18_selenow_excitatory_consensus_v1	MSigDB C2:CP v2026.1 Hs symbols	Excitatory_neurons	KEGG_ACUTE_MYELOID_LEUKEMIA	https://www.gsea-msigdb.org/gsea/msigdb/human/geneset/KEGG_ACUTE_MYELOID_LEUKEMIA	all excitatory-neuron Bayesian-network genes represented in MSigDB C2:CP	6952	23	41	0		0.0	1.0	1.0	False				
phase18_selenow_excitatory_consensus_v1	MSigDB C2:CP v2026.1 Hs symbols	Excitatory_neurons	KEGG_ADHERENS_JUNCTION	https://www.gsea-msigdb.org/gsea/msigdb/human/geneset/KEGG_ADHERENS_JUNCTION	all excitatory-neuron Bayesian-network genes represented in MSigDB C2:CP	6952	23	52	0		0.0	1.0	1.0	False				
phase18_selenow_excitatory_consensus_v1	MSigDB C2:CP v2026.1 Hs symbols	Excitatory_neurons	KEGG_ADIPOCYTOKINE_SIGNALING_PATHWAY	https://www.gsea-msigdb.org/gsea/msigdb/human/geneset/KEGG_ADIPOCYTOKINE_SIGNALING_PATHWAY	all excitatory-neuron Bayesian-network genes represented in MSigDB C2:CP	6952	23	42	0		0.0	1.0	1.0	False				
phase18_selenow_excitatory_consensus_v1	MSigDB C2:CP v2026.1 Hs symbols	Excitatory_neurons	KEGG_ALANINE_ASPARTATE_AND_GLUTAMATE_METABOLISM	https://www.gsea-msigdb.org/gsea/msigdb/human/geneset/KEGG_ALANINE_ASPARTATE_AND_GLUTAMATE_METABOLISM	all excitatory-neuron Bayesian-network genes represented in MSigDB C2:CP	6952	23	15	0		0.0	1.0	1.0	False				
phase18_selenow_excitatory_consensus_v1	MSigDB C2:CP v2026.1 Hs symbols	Excitatory_neurons	KEGG_ALDOSTERONE_REGULATED_SODIUM_REABSORPTION	https://www.gsea-msigdb.org/gsea/msigdb/human/geneset/KEGG_ALDOSTERONE_REGULATED_SODIUM_REABSORPTION	all excitatory-neuron Bayesian-network genes represented in MSigDB C2:CP	6952	23	22	0		0.0	1.0	1.0	False				
phase18_selenow_excitatory_consensus_v1	MSigDB C2:CP v2026.1 Hs symbols	Excitatory_neurons	KEGG_AMINOACYL_TRNA_BIOSYNTHESIS	https://www.gsea-msigdb.org/gsea/msigdb/human/geneset/KEGG_AMINOACYL_TRNA_BIOSYNTHESIS	all excitatory-neuron Bayesian-network genes represented in MSigDB C2:CP	6952	23	17	0		0.0	1.0	1.0	False				
phase18_selenow_excitatory_consensus_v1	MSigDB C2:CP v2026.1 Hs symbols	Excitatory_neurons	KEGG_AMINO_SUGAR_AND_NUCLEOTIDE_SUGAR_METABOLISM	https://www.gsea-msigdb.org/gsea/msigdb/human/geneset/KEGG_AMINO_SUGAR_AND_NUCLEOTIDE_SUGAR_METABOLISM	all excitatory-neuron Bayesian-network genes represented in MSigDB C2:CP	6952	23	29	0		0.0	1.0	1.0	False				
phase18_selenow_excitatory_consensus_v1	MSigDB C2:CP v2026.1 Hs symbols	Excitatory_neurons	KEGG_AMYOTROPHIC_LATERAL_SCLEROSIS_ALS	https://www.gsea-msigdb.org/gsea/msigdb/human/geneset/KEGG_AMYOTROPHIC_LATERAL_SCLEROSIS_ALS	all excitatory-neuron Bayesian-network genes represented in MSigDB C2:CP	6952	23	35	0		0.0	1.0	1.0	False				
phase18_selenow_excitatory_consensus_v1	MSigDB C2:CP v2026.1 Hs symbols	Excitatory_neurons	KEGG_ANTIGEN_PROCESSING_AND_PRESENTATION	https://www.gsea-msigdb.org/gsea/msigdb/human/geneset/KEGG_ANTIGEN_PROCESSING_AND_PRESENTATION	all excitatory-neuron Bayesian-network genes represented in MSigDB C2:CP	6952	23	22	0		0.0	1.0	1.0	False				
phase18_selenow_excitatory_consensus_v1	MSigDB C2:CP v2026.1 Hs symbols	Excitatory_neurons	KEGG_APOPTOSIS	https://www.gsea-msigdb.org/gsea/msigdb/human/geneset/KEGG_APOPTOSIS	all excitatory-neuron Bayesian-network genes represented in MSigDB C2:CP	6952	23	51	0		0.0	1.0	1.0	False				
phase18_selenow_excitatory_consensus_v1	MSigDB C2:CP v2026.1 Hs symbols	Excitatory_neurons	KEGG_ARGININE_AND_PROLINE_METABOLISM	https://www.gsea-msigdb.org/gsea/msigdb/human/geneset/KEGG_ARGININE_AND_PROLINE_METABOLISM	all excitatory-neuron Bayesian-network genes represented in MSigDB C2:CP	6952	23	30	0		0.0	1.0	1.0	False				
phase18_selenow_excitatory_consensus_v1	MSigDB C2:CP v2026.1 Hs symbols	Excitatory_neurons	KEGG_ARRHYTHMOGENIC_RIGHT_VENTRICULAR_CARDIOMYOPATHY_ARVC	https://www.gsea-msigdb.org/gsea/msigdb/human/geneset/KEGG_ARRHYTHMOGENIC_RIGHT_VENTRICULAR_CARDIOMYOPATHY_ARVC	all excitatory-neuron Bayesian-network genes represented in MSigDB C2:CP	6952	23	38	0		0.0	1.0	1.0	False				
phase18_selenow_excitatory_consensus_v1	MSigDB C2:CP v2026.1 Hs symbols	Excitatory_neurons	KEGG_AXON_GUIDANCE	https://www.gsea-msigdb.org/gsea/msigdb/human/geneset/KEGG_AXON_GUIDANCE	all excitatory-neuron Bayesian-network genes represented in MSigDB C2:CP	6952	23	84	0		0.0	1.0	1.0	False				
phase18_selenow_excitatory_consensus_v1	MSigDB C2:CP v2026.1 Hs symbols	Excitatory_neurons	KEGG_BASAL_CELL_CARCINOMA	https://www.gsea-msigdb.org/gsea/msigdb/human/geneset/KEGG_BASAL_CELL_CARCINOMA	all excitatory-neuron Bayesian-network genes represented in MSigDB C2:CP	6952	23	19	0		0.0	1.0	1.0	False				
phase18_selenow_excitatory_consensus_v1	MSigDB C2:CP v2026.1 Hs symbols	Excitatory_neurons	KEGG_BASAL_TRANSCRIPTION_FACTORS	https://www.gsea-msigdb.org/gsea/msigdb/human/geneset/KEGG_BASAL_TRANSCRIPTION_FACTORS	all excitatory-neuron Bayesian-network genes represented in MSigDB C2:CP	6952	23	28	0		0.0	1.0	1.0	False				
phase18_selenow_excitatory_consensus_v1	MSigDB C2:CP v2026.1 Hs symbols	Excitatory_neurons	KEGG_BASE_EXCISION_REPAIR	https://www.gsea-msigdb.org/gsea/msigdb/human/geneset/KEGG_BASE_EXCISION_REPAIR	all excitatory-neuron Bayesian-network genes represented in MSigDB C2:CP	6952	23	25	0		0.0	1.0	1.0	False				
phase18_selenow_excitatory_consensus_v1	MSigDB C2:CP v2026.1 Hs symbols	Excitatory_neurons	KEGG_BIOSYNTHESIS_OF_UNSATURATED_FATTY_ACIDS	https://www.gsea-msigdb.org/gsea/msigdb/human/geneset/KEGG_BIOSYNTHESIS_OF_UNSATURATED_FATTY_ACIDS	all excitatory-neuron Bayesian-network genes represented in MSigDB C2:CP	6952	23	15	0		0.0	1.0	1.0	False				
phase18_selenow_excitatory_consensus_v1	MSigDB C2:CP v2026.1 Hs symbols	Excitatory_neurons	KEGG_BLADDER_CANCER	https://www.gsea-msigdb.org/gsea/msigdb/human/geneset/KEGG_BLADDER_CANCER	all excitatory-neuron Bayesian-network genes represented in MSigDB C2:CP	6952	23	20	0		0.0	1.0	1.0	False				
phase18_selenow_excitatory_consensus_v1	MSigDB C2:CP v2026.1 Hs symbols	Excitatory_neurons	KEGG_BUTANOATE_METABOLISM	https://www.gsea-msigdb.org/gsea/msigdb/human/geneset/KEGG_BUTANOATE_METABOLISM	all excitatory-neuron Bayesian-network genes represented in MSigDB C2:CP	6952	23	19	0		0.0	1.0	1.0	False				
phase18_selenow_excitatory_consensus_v1	MSigDB C2:CP v2026.1 Hs symbols	Excitatory_neurons	KEGG_B_CELL_RECEPTOR_SIGNALING_PATHWAY	https://www.gsea-msigdb.org/gsea/msigdb/human/geneset/KEGG_B_CELL_RECEPTOR_SIGNALING_PATHWAY	all excitatory-neuron Bayesian-network genes represented in MSigDB C2:CP	6952	23	42	0		0.0	1.0	1.0	False				
phase18_selenow_excitatory_consensus_v1	MSigDB C2:CP v2026.1 Hs symbols	Excitatory_neurons	KEGG_CELL_ADHESION_MOLECULES_CAMS	https://www.gsea-msigdb.org/gsea/msigdb/human/geneset/KEGG_CELL_ADHESION_MOLECULES_CAMS	all excitatory-neuron Bayesian-network genes represented in MSigDB C2:CP	6952	23	39	0		0.0	1.0	1.0	False				
phase18_selenow_excitatory_consensus_v1	MSigDB C2:CP v2026.1 Hs symbols	Excitatory_neurons	KEGG_CELL_CYCLE	https://www.gsea-msigdb.org/gsea/msigdb/human/geneset/KEGG_CELL_CYCLE	all excitatory-neuron Bayesian-network genes represented in MSigDB C2:CP	6952	23	71	0		0.0	1.0	1.0	False				
phase18_selenow_excitatory_consensus_v1	MSigDB C2:CP v2026.1 Hs symbols	Excitatory_neurons	KEGG_CHEMOKINE_SIGNALING_PATHWAY	https://www.gsea-msigdb.org/gsea/msigdb/human/geneset/KEGG_CHEMOKINE_SIGNALING_PATHWAY	all excitatory-neuron Bayesian-network genes represented in MSigDB C2:CP	6952	23	87	0		0.0	1.0	1.0	False				
phase18_selenow_excitatory_consensus_v1	MSigDB C2:CP v2026.1 Hs symbols	Excitatory_neurons	KEGG_CHRONIC_MYELOID_LEUKEMIA	https://www.gsea-msigdb.org/gsea/msigdb/human/geneset/KEGG_CHRONIC_MYELOID_LEUKEMIA	all excitatory-neuron Bayesian-network genes represented in MSigDB C2:CP	6952	23	53	0		0.0	1.0	1.0	False				
phase18_selenow_excitatory_consensus_v1	MSigDB C2:CP v2026.1 Hs symbols	Excitatory_neurons	KEGG_CITRATE_CYCLE_TCA_CYCLE	https://www.gsea-msigdb.org/gsea/msigdb/human/geneset/KEGG_CITRATE_CYCLE_TCA_CYCLE	all excitatory-neuron Bayesian-network genes represented in MSigDB C2:CP	6952	23	25	0		0.0	1.0	1.0	False				
phase18_selenow_excitatory_consensus_v1	MSigDB C2:CP v2026.1 Hs symbols	Excitatory_neurons	KEGG_COLORECTAL_CANCER	https://www.gsea-msigdb.org/gsea/msigdb/human/geneset/KEGG_COLORECTAL_CANCER	all excitatory-neuron Bayesian-network genes represented in MSigDB C2:CP	6952	23	46	0		0.0	1.0	1.0	False				
phase18_selenow_excitatory_consensus_v1	MSigDB C2:CP v2026.1 Hs symbols	Excitatory_neurons	KEGG_CYSTEINE_AND_METHIONINE_METABOLISM	https://www.gsea-msigdb.org/gsea/msigdb/human/geneset/KEGG_CYSTEINE_AND_METHIONINE_METABOLISM	all excitatory-neuron Bayesian-network genes represented in MSigDB C2:CP	6952	23	20	0		0.0	1.0	1.0	False				
phase18_selenow_excitatory_consensus_v1	MSigDB C2:CP v2026.1 Hs symbols	Excitatory_neurons	KEGG_CYTOKINE_CYTOKINE_RECEPTOR_INTERACTION	https://www.gsea-msigdb.org/gsea/msigdb/human/geneset/KEGG_CYTOKINE_CYTOKINE_RECEPTOR_INTERACTION	all excitatory-neuron Bayesian-network genes represented in MSigDB C2:CP	6952	23	28	0		0.0	1.0	1.0	False				
phase18_selenow_excitatory_consensus_v1	MSigDB C2:CP v2026.1 Hs symbols	Excitatory_neurons	KEGG_CYTOSOLIC_DNA_SENSING_PATHWAY	https://www.gsea-msigdb.org/gsea/msigdb/human/geneset/KEGG_CYTOSOLIC_DNA_SENSING_PATHWAY	all excitatory-neuron Bayesian-network genes represented in MSigDB C2:CP	6952	23	22	0		0.0	1.0	1.0	False				
phase18_selenow_excitatory_consensus_v1	MSigDB C2:CP v2026.1 Hs symbols	Excitatory_neurons	KEGG_DILATED_CARDIOMYOPATHY	https://www.gsea-msigdb.org/gsea/msigdb/human/geneset/KEGG_DILATED_CARDIOMYOPATHY	all excitatory-neuron Bayesian-network genes represented in MSigDB C2:CP	6952	23	43	0		0.0	1.0	1.0	False				
phase18_selenow_excitatory_consensus_v1	MSigDB C2:CP v2026.1 Hs symbols	Excitatory_neurons	KEGG_DNA_REPLICATION	https://www.gsea-msigdb.org/gsea/msigdb/human/geneset/KEGG_DNA_REPLICATION	all excitatory-neuron Bayesian-network genes represented in MSigDB C2:CP	6952	23	27	0		0.0	1.0	1.0	False				
phase18_selenow_excitatory_consensus_v1	MSigDB C2:CP v2026.1 Hs symbols	Excitatory_neurons	KEGG_DRUG_METABOLISM_OTHER_ENZYMES	https://www.gsea-msigdb.org/gsea/msigdb/human/geneset/KEGG_DRUG_METABOLISM_OTHER_ENZYMES	all excitatory-neuron Bayesian-network genes represented in MSigDB C2:CP	6952	23	15	0		0.0	1.0	1.0	False				
phase18_selenow_excitatory_consensus_v1	MSigDB C2:CP v2026.1 Hs symbols	Excitatory_neurons	KEGG_ECM_RECEPTOR_INTERACTION	https://www.gsea-msigdb.org/gsea/msigdb/human/geneset/KEGG_ECM_RECEPTOR_INTERACTION	all excitatory-neuron Bayesian-network genes represented in MSigDB C2:CP	6952	23	24	0		0.0	1.0	1.0	False				
phase18_selenow_excitatory_consensus_v1	MSigDB C2:CP v2026.1 Hs symbols	Excitatory_neurons	KEGG_ENDOCYTOSIS	https://www.gsea-msigdb.org/gsea/msigdb/human/geneset/KEGG_ENDOCYTOSIS	all excitatory-neuron Bayesian-network genes represented in MSigDB C2:CP	6952	23	123	0		0.0	1.0	1.0	False				
phase18_selenow_excitatory_consensus_v1	MSigDB C2:CP v2026.1 Hs symbols	Excitatory_neurons	KEGG_ENDOMETRIAL_CANCER	https://www.gsea-msigdb.org/gsea/msigdb/human/geneset/KEGG_ENDOMETRIAL_CANCER	all excitatory-neuron Bayesian-network genes represented in MSigDB C2:CP	6952	23	39	0		0.0	1.0	1.0	False				
phase18_selenow_excitatory_consensus_v1	MSigDB C2:CP v2026.1 Hs symbols	Excitatory_neurons	KEGG_EPITHELIAL_CELL_SIGNALING_IN_HELICOBACTER_PYLORI_INFECTION	https://www.gsea-msigdb.org/gsea/msigdb/human/geneset/KEGG_EPITHELIAL_CELL_SIGNALING_IN_HELICOBACTER_PYLORI_INFECTION	all excitatory-neuron Bayesian-network genes represented in MSigDB C2:CP	6952	23	49	0		0.0	1.0	1.0	False				
phase18_selenow_excitatory_consensus_v1	MSigDB C2:CP v2026.1 Hs symbols	Excitatory_neurons	KEGG_ERBB_SIGNALING_PATHWAY	https://www.gsea-msigdb.org/gsea/msigdb/human/geneset/KEGG_ERBB_SIGNALING_PATHWAY	all excitatory-neuron Bayesian-network genes represented in MSigDB C2:CP	6952	23	66	0		0.0	1.0	1.0	False				
phase18_selenow_excitatory_consensus_v1	MSigDB C2:CP v2026.1 Hs symbols	Excitatory_neurons	KEGG_FATTY_ACID_METABOLISM	https://www.gsea-msigdb.org/gsea/msigdb/human/geneset/KEGG_FATTY_ACID_METABOLISM	all excitatory-neuron Bayesian-network genes represented in MSigDB C2:CP	6952	23	24	0		0.0	1.0	1.0	False				
phase18_selenow_excitatory_consensus_v1	MSigDB C2:CP v2026.1 Hs symbols	Excitatory_neurons	KEGG_FC_EPSILON_RI_SIGNALING_PATHWAY	https://www.gsea-msigdb.org/gsea/msigdb/human/geneset/KEGG_FC_EPSILON_RI_SIGNALING_PATHWAY	all excitatory-neuron Bayesian-network genes represented in MSigDB C2:CP	6952	23	44	0		0.0	1.0	1.0	False				
phase18_selenow_excitatory_consensus_v1	MSigDB C2:CP v2026.1 Hs symbols	Excitatory_neurons	KEGG_FC_GAMMA_R_MEDIATED_PHAGOCYTOSIS	https://www.gsea-msigdb.org/gsea/msigdb/human/geneset/KEGG_FC_GAMMA_R_MEDIATED_PHAGOCYTOSIS	all excitatory-neuron Bayesian-network genes represented in MSigDB C2:CP	6952	23	61	0		0.0	1.0	1.0	False				
phase18_selenow_excitatory_consensus_v1	MSigDB C2:CP v2026.1 Hs symbols	Excitatory_neurons	KEGG_FOCAL_ADHESION	https://www.gsea-msigdb.org/gsea/msigdb/human/geneset/KEGG_FOCAL_ADHESION	all excitatory-neuron Bayesian-network genes represented in MSigDB C2:CP	6952	23	103	0		0.0	1.0	1.0	False				
phase18_selenow_excitatory_consensus_v1	MSigDB C2:CP v2026.1 Hs symbols	Excitatory_neurons	KEGG_FRUCTOSE_AND_MANNOSE_METABOLISM	https://www.gsea-msigdb.org/gsea/msigdb/human/geneset/KEGG_FRUCTOSE_AND_MANNOSE_METABOLISM	all excitatory-neuron Bayesian-network genes represented in MSigDB C2:CP	6952	23	20	0		0.0	1.0	1.0	False				
phase18_selenow_excitatory_consensus_v1	MSigDB C2:CP v2026.1 Hs symbols	Excitatory_neurons	KEGG_GALACTOSE_METABOLISM	https://www.gsea-msigdb.org/gsea/msigdb/human/geneset/KEGG_GALACTOSE_METABOLISM	all excitatory-neuron Bayesian-network genes represented in MSigDB C2:CP	6952	23	15	0		0.0	1.0	1.0	False				
phase18_selenow_excitatory_consensus_v1	MSigDB C2:CP v2026.1 Hs symbols	Excitatory_neurons	KEGG_GAP_JUNCTION	https://www.gsea-msigdb.org/gsea/msigdb/human/geneset/KEGG_GAP_JUNCTION	all excitatory-neuron Bayesian-network genes represented in MSigDB C2:CP	6952	23	51	0		0.0	1.0	1.0	False				
phase18_selenow_excitatory_consensus_v1	MSigDB C2:CP v2026.1 Hs symbols	Excitatory_neurons	KEGG_GLIOMA	https://www.gsea-msigdb.org/gsea/msigdb/human/geneset/KEGG_GLIOMA	all excitatory-neuron Bayesian-network genes represented in MSigDB C2:CP	6952	23	41	0		0.0	1.0	1.0	False				
phase18_selenow_excitatory_consensus_v1	MSigDB C2:CP v2026.1 Hs symbols	Excitatory_neurons	KEGG_GLUTATHIONE_METABOLISM	https://www.gsea-msigdb.org/gsea/msigdb/human/geneset/KEGG_GLUTATHIONE_METABOLISM	all excitatory-neuron Bayesian-network genes represented in MSigDB C2:CP	6952	23	28	0		0.0	1.0	1.0	False				
phase18_selenow_excitatory_consensus_v1	MSigDB C2:CP v2026.1 Hs symbols	Excitatory_neurons	KEGG_GLYCEROLIPID_METABOLISM	https://www.gsea-msigdb.org/gsea/msigdb/human/geneset/KEGG_GLYCEROLIPID_METABOLISM	all excitatory-neuron Bayesian-network genes represented in MSigDB C2:CP	6952	23	30	0		0.0	1.0	1.0	False				
phase18_selenow_excitatory_consensus_v1	MSigDB C2:CP v2026.1 Hs symbols	Excitatory_neurons	KEGG_GLYCEROPHOSPHOLIPID_METABOLISM	https://www.gsea-msigdb.org/gsea/msigdb/human/geneset/KEGG_GLYCEROPHOSPHOLIPID_METABOLISM	all excitatory-neuron Bayesian-network genes represented in MSigDB C2:CP	6952	23	49	0		0.0	1.0	1.0	False				
phase18_selenow_excitatory_consensus_v1	MSigDB C2:CP v2026.1 Hs symbols	Excitatory_neurons	KEGG_GLYCOLYSIS_GLUCONEOGENESIS	https://www.gsea-msigdb.org/gsea/msigdb/human/geneset/KEGG_GLYCOLYSIS_GLUCONEOGENESIS	all excitatory-neuron Bayesian-network genes represented in MSigDB C2:CP	6952	23	29	0		0.0	1.0	1.0	False				
phase18_selenow_excitatory_consensus_v1	MSigDB C2:CP v2026.1 Hs symbols	Excitatory_neurons	KEGG_GLYCOSAMINOGLYCAN_BIOSYNTHESIS_HEPARAN_SULFATE	https://www.gsea-msigdb.org/gsea/msigdb/human/geneset/KEGG_GLYCOSAMINOGLYCAN_BIOSYNTHESIS_HEPARAN_SULFATE	all excitatory-neuron Bayesian-network genes represented in MSigDB C2:CP	6952	23	17	0		0.0	1.0	1.0	False				
phase18_selenow_excitatory_consensus_v1	MSigDB C2:CP v2026.1 Hs symbols	Excitatory_neurons	KEGG_GLYCOSYLPHOSPHATIDYLINOSITOL_GPI_ANCHOR_BIOSYNTHESIS	https://www.gsea-msigdb.org/gsea/msigdb/human/geneset/KEGG_GLYCOSYLPHOSPHATIDYLINOSITOL_GPI_ANCHOR_BIOSYNTHESIS	all excitatory-neuron Bayesian-network genes represented in MSigDB C2:CP	6952	23	19	0		0.0	1.0	1.0	False				
phase18_selenow_excitatory_consensus_v1	MSigDB C2:CP v2026.1 Hs symbols	Excitatory_neurons	KEGG_GNRH_SIGNALING_PATHWAY	https://www.gsea-msigdb.org/gsea/msigdb/human/geneset/KEGG_GNRH_SIGNALING_PATHWAY	all excitatory-neuron Bayesian-network genes represented in MSigDB C2:CP	6952	23	58	0		0.0	1.0	1.0	False				
phase18_selenow_excitatory_consensus_v1	MSigDB C2:CP v2026.1 Hs symbols	Excitatory_neurons	KEGG_HEDGEHOG_SIGNALING_PATHWAY	https://www.gsea-msigdb.org/gsea/msigdb/human/geneset/KEGG_HEDGEHOG_SIGNALING_PATHWAY	all excitatory-neuron Bayesian-network genes represented in MSigDB C2:CP	6952	23	19	0		0.0	1.0	1.0	False				
phase18_selenow_excitatory_consensus_v1	MSigDB C2:CP v2026.1 Hs symbols	Excitatory_neurons	KEGG_HOMOLOGOUS_RECOMBINATION	https://www.gsea-msigdb.org/gsea/msigdb/human/geneset/KEGG_HOMOLOGOUS_RECOMBINATION	all excitatory-neuron Bayesian-network genes represented in MSigDB C2:CP	6952	23	16	0		0.0	1.0	1.0	False				
phase18_selenow_excitatory_consensus_v1	MSigDB C2:CP v2026.1 Hs symbols	Excitatory_neurons	KEGG_HYPERTROPHIC_CARDIOMYOPATHY_HCM	https://www.gsea-msigdb.org/gsea/msigdb/human/geneset/KEGG_HYPERTROPHIC_CARDIOMYOPATHY_HCM	all excitatory-neuron Bayesian-network genes represented in MSigDB C2:CP	6952	23	40	0		0.0	1.0	1.0	False				
phase18_selenow_excitatory_consensus_v1	MSigDB C2:CP v2026.1 Hs symbols	Excitatory_neurons	KEGG_INOSITOL_PHOSPHATE_METABOLISM	https://www.gsea-msigdb.org/gsea/msigdb/human/geneset/KEGG_INOSITOL_PHOSPHATE_METABOLISM	all excitatory-neuron Bayesian-network genes represented in MSigDB C2:CP	6952	23	40	0		0.0	1.0	1.0	False				
phase18_selenow_excitatory_consensus_v1	MSigDB C2:CP v2026.1 Hs symbols	Excitatory_neurons	KEGG_INSULIN_SIGNALING_PATHWAY	https://www.gsea-msigdb.org/gsea/msigdb/human/geneset/KEGG_INSULIN_SIGNALING_PATHWAY	all excitatory-neuron Bayesian-network genes represented in MSigDB C2:CP	6952	23	96	0		0.0	1.0	1.0	False				
phase18_selenow_excitatory_consensus_v1	MSigDB C2:CP v2026.1 Hs symbols	Excitatory_neurons	KEGG_JAK_STAT_SIGNALING_PATHWAY	https://www.gsea-msigdb.org/gsea/msigdb/human/geneset/KEGG_JAK_STAT_SIGNALING_PATHWAY	all excitatory-neuron Bayesian-network genes represented in MSigDB C2:CP	6952	23	50	0		0.0	1.0	1.0	False				
phase18_selenow_excitatory_consensus_v1	MSigDB C2:CP v2026.1 Hs symbols	Excitatory_neurons	KEGG_LEISHMANIA_INFECTION	https://www.gsea-msigdb.org/gsea/msigdb/human/geneset/KEGG_LEISHMANIA_INFECTION	all excitatory-neuron Bayesian-network genes represented in MSigDB C2:CP	6952	23	26	0		0.0	1.0	1.0	False				
phase18_selenow_excitatory_consensus_v1	MSigDB C2:CP v2026.1 Hs symbols	Excitatory_neurons	KEGG_LEUKOCYTE_TRANSENDOTHELIAL_MIGRATION	https://www.gsea-msigdb.org/gsea/msigdb/human/geneset/KEGG_LEUKOCYTE_TRANSENDOTHELIAL_MIGRATION	all excitatory-neuron Bayesian-network genes represented in MSigDB C2:CP	6952	23	49	0		0.0	1.0	1.0	False				
phase18_selenow_excitatory_consensus_v1	MSigDB C2:CP v2026.1 Hs symbols	Excitatory_neurons	KEGG_LONG_TERM_DEPRESSION	https://www.gsea-msigdb.org/gsea/msigdb/human/geneset/KEGG_LONG_TERM_DEPRESSION	all excitatory-neuron Bayesian-network genes represented in MSigDB C2:CP	6952	23	41	0		0.0	1.0	1.0	False				
phase18_selenow_excitatory_consensus_v1	MSigDB C2:CP v2026.1 Hs symbols	Excitatory_neurons	KEGG_LONG_TERM_POTENTIATION	https://www.gsea-msigdb.org/gsea/msigdb/human/geneset/KEGG_LONG_TERM_POTENTIATION	all excitatory-neuron Bayesian-network genes represented in MSigDB C2:CP	6952	23	48	0		0.0	1.0	1.0	False				
phase18_selenow_excitatory_consensus_v1	MSigDB C2:CP v2026.1 Hs symbols	Excitatory_neurons	KEGG_LYSINE_DEGRADATION	https://www.gsea-msigdb.org/gsea/msigdb/human/geneset/KEGG_LYSINE_DEGRADATION	all excitatory-neuron Bayesian-network genes represented in MSigDB C2:CP	6952	23	35	0		0.0	1.0	1.0	False				
phase18_selenow_excitatory_consensus_v1	MSigDB C2:CP v2026.1 Hs symbols	Excitatory_neurons	KEGG_MAPK_SIGNALING_PATHWAY	https://www.gsea-msigdb.org/gsea/msigdb/human/geneset/KEGG_MAPK_SIGNALING_PATHWAY	all excitatory-neuron Bayesian-network genes represented in MSigDB C2:CP	6952	23	158	0		0.0	1.0	1.0	False				
phase18_selenow_excitatory_consensus_v1	MSigDB C2:CP v2026.1 Hs symbols	Excitatory_neurons	KEGG_MEDICUS_PATHOGEN_HBV_HBX_TO_RAS_ERK_SIGNALING_PATHWAY	https://www.gsea-msigdb.org/gsea/msigdb/human/geneset/KEGG_MEDICUS_PATHOGEN_HBV_HBX_TO_RAS_ERK_SIGNALING_PATHWAY	all excitatory-neuron Bayesian-network genes represented in MSigDB C2:CP	6952	23	15	0		0.0	1.0	1.0	False				
phase18_selenow_excitatory_consensus_v1	MSigDB C2:CP v2026.1 Hs symbols	Excitatory_neurons	KEGG_MEDICUS_PATHOGEN_HCMV_UL33_TO_GNAI_AC_PKA_SIGNALING_PATHWAY	https://www.gsea-msigdb.org/gsea/msigdb/human/geneset/KEGG_MEDICUS_PATHOGEN_HCMV_UL33_TO_GNAI_AC_PKA_SIGNALING_PATHWAY	all excitatory-neuron Bayesian-network genes represented in MSigDB C2:CP	6952	23	19	0		0.0	1.0	1.0	False				
phase18_selenow_excitatory_consensus_v1	MSigDB C2:CP v2026.1 Hs symbols	Excitatory_neurons	KEGG_MEDICUS_PATHOGEN_HCMV_UL33_TO_GNB_G_RHO_SIGNALING_PATHWAY	https://www.gsea-msigdb.org/gsea/msigdb/human/geneset/KEGG_MEDICUS_PATHOGEN_HCMV_UL33_TO_GNB_G_RHO_SIGNALING_PATHWAY	all excitatory-neuron Bayesian-network genes represented in MSigDB C2:CP	6952	23	20	0		0.0	1.0	1.0	False				
phase18_selenow_excitatory_consensus_v1	MSigDB C2:CP v2026.1 Hs symbols	Excitatory_neurons	KEGG_MEDICUS_PATHOGEN_HCMV_US28_TO_GNB_G_PI3K_NFKB_SIGNALING_PATHWAY	https://www.gsea-msigdb.org/gsea/msigdb/human/geneset/KEGG_MEDICUS_PATHOGEN_HCMV_US28_TO_GNB_G_PI3K_NFKB_SIGNALING_PATHWAY	all excitatory-neuron Bayesian-network genes represented in MSigDB C2:CP	6952	23	19	0		0.0	1.0	1.0	False				
phase18_selenow_excitatory_consensus_v1	MSigDB C2:CP v2026.1 Hs symbols	Excitatory_neurons	KEGG_MEDICUS_PATHOGEN_KSHV_VGPCR_TO_GNB_G_ERK_SIGNALING_PATHWAY	https://www.gsea-msigdb.org/gsea/msigdb/human/geneset/KEGG_MEDICUS_PATHOGEN_KSHV_VGPCR_TO_GNB_G_ERK_SIGNALING_PATHWAY	all excitatory-neuron Bayesian-network genes represented in MSigDB C2:CP	6952	23	19	0		0.0	1.0	1.0	False				
phase18_selenow_excitatory_consensus_v1	MSigDB C2:CP v2026.1 Hs symbols	Excitatory_neurons	KEGG_MEDICUS_PATHOGEN_SALMONELLA_SIFA_TO_MICROTUBULE_PLUS_END_DIRECTED_TRANSPORT	https://www.gsea-msigdb.org/gsea/msigdb/human/geneset/KEGG_MEDICUS_PATHOGEN_SALMONELLA_SIFA_TO_MICROTUBULE_PLUS_END_DIRECTED_TRANSPORT	all excitatory-neuron Bayesian-network genes represented in MSigDB C2:CP	6952	23	16	0		0.0	1.0	1.0	False				
phase18_selenow_excitatory_consensus_v1	MSigDB C2:CP v2026.1 Hs symbols	Excitatory_neurons	KEGG_MEDICUS_REFERENCE_ACH_CHRN_RAS_ERK_SIGNALING_PATHWAY	https://www.gsea-msigdb.org/gsea/msigdb/human/geneset/KEGG_MEDICUS_REFERENCE_ACH_CHRN_RAS_ERK_SIGNALING_PATHWAY	all excitatory-neuron Bayesian-network genes represented in MSigDB C2:CP	6952	23	18	0		0.0	1.0	1.0	False				
phase18_selenow_excitatory_consensus_v1	MSigDB C2:CP v2026.1 Hs symbols	Excitatory_neurons	KEGG_MEDICUS_REFERENCE_ACTH_CORTISOL_SIGNALING_PATHWAY	https://www.gsea-msigdb.org/gsea/msigdb/human/geneset/KEGG_MEDICUS_REFERENCE_ACTH_CORTISOL_SIGNALING_PATHWAY	all excitatory-neuron Bayesian-network genes represented in MSigDB C2:CP	6952	23	18	0		0.0	1.0	1.0	False				
phase18_selenow_excitatory_consensus_v1	MSigDB C2:CP v2026.1 Hs symbols	Excitatory_neurons	KEGG_MEDICUS_REFERENCE_ACTIVATION_OF_PRC2.2_BY_UBIQUITINATION_OF_H2AK119	https://www.gsea-msigdb.org/gsea/msigdb/human/geneset/KEGG_MEDICUS_REFERENCE_ACTIVATION_OF_PRC2.2_BY_UBIQUITINATION_OF_H2AK119	all excitatory-neuron Bayesian-network genes represented in MSigDB C2:CP	6952	23	19	0		0.0	1.0	1.0	False				
phase18_selenow_excitatory_consensus_v1	MSigDB C2:CP v2026.1 Hs symbols	Excitatory_neurons	KEGG_MEDICUS_REFERENCE_ACTIVATION_OF_PRC2.2_BY_UBIQUITINATION_OF_H2AK119_IN_GERMLINE_GENES	https://www.gsea-msigdb.org/gsea/msigdb/human/geneset/KEGG_MEDICUS_REFERENCE_ACTIVATION_OF_PRC2.2_BY_UBIQUITINATION_OF_H2AK119_IN_GERMLINE_GENES	all excitatory-neuron Bayesian-network genes represented in MSigDB C2:CP	6952	23	24	0		0.0	1.0	1.0	False				
phase18_selenow_excitatory_consensus_v1	MSigDB C2:CP v2026.1 Hs symbols	Excitatory_neurons	KEGG_MEDICUS_REFERENCE_ADRB3_UCP1_SIGNALING_PATHWAY	https://www.gsea-msigdb.org/gsea/msigdb/human/geneset/KEGG_MEDICUS_REFERENCE_ADRB3_UCP1_SIGNALING_PATHWAY	all excitatory-neuron Bayesian-network genes represented in MSigDB C2:CP	6952	23	27	0		0.0	1.0	1.0	False				
phase18_selenow_excitatory_consensus_v1	MSigDB C2:CP v2026.1 Hs symbols	Excitatory_neurons	KEGG_MEDICUS_REFERENCE_ANGIOTENSIN_ALDOSTERONE_SIGNALING_PATHWAY	https://www.gsea-msigdb.org/gsea/msigdb/human/geneset/KEGG_MEDICUS_REFERENCE_ANGIOTENSIN_ALDOSTERONE_SIGNALING_PATHWAY	all excitatory-neuron Bayesian-network genes represented in MSigDB C2:CP	6952	23	18	0		0.0	1.0	1.0	False				
phase18_selenow_excitatory_consensus_v1	MSigDB C2:CP v2026.1 Hs symbols	Excitatory_neurons	KEGG_MEDICUS_REFERENCE_ANTEROGRADE_AXONAL_TRANSPORT	https://www.gsea-msigdb.org/gsea/msigdb/human/geneset/KEGG_MEDICUS_REFERENCE_ANTEROGRADE_AXONAL_TRANSPORT	all excitatory-neuron Bayesian-network genes represented in MSigDB C2:CP	6952	23	15	0		0.0	1.0	1.0	False				
phase18_selenow_excitatory_consensus_v1	MSigDB C2:CP v2026.1 Hs symbols	Excitatory_neurons	KEGG_MEDICUS_REFERENCE_ARL8_REGULATED_MICROTUBULE_PLUS_END_DIRECTED_TRANSPORT	https://www.gsea-msigdb.org/gsea/msigdb/human/geneset/KEGG_MEDICUS_REFERENCE_ARL8_REGULATED_MICROTUBULE_PLUS_END_DIRECTED_TRANSPORT	all excitatory-neuron Bayesian-network genes represented in MSigDB C2:CP	6952	23	21	0		0.0	1.0	1.0	False				
phase18_selenow_excitatory_consensus_v1	MSigDB C2:CP v2026.1 Hs symbols	Excitatory_neurons	KEGG_MEDICUS_REFERENCE_ASSEMBLY_AND_TRAFFICKING_OF_TELOMERASE	https://www.gsea-msigdb.org/gsea/msigdb/human/geneset/KEGG_MEDICUS_REFERENCE_ASSEMBLY_AND_TRAFFICKING_OF_TELOMERASE	all excitatory-neuron Bayesian-network genes represented in MSigDB C2:CP	6952	23	15	0		0.0	1.0	1.0	False				
phase18_selenow_excitatory_consensus_v1	MSigDB C2:CP v2026.1 Hs symbols	Excitatory_neurons	KEGG_MEDICUS_REFERENCE_AUTOPHAGY_VESICLE_NUCLEATION_ELONGATION_MATURATION_MTORC1_PI3KC3_C1	https://www.gsea-msigdb.org/gsea/msigdb/human/geneset/KEGG_MEDICUS_REFERENCE_AUTOPHAGY_VESICLE_NUCLEATION_ELONGATION_MATURATION_MTORC1_PI3KC3_C1	all excitatory-neuron Bayesian-network genes represented in MSigDB C2:CP	6952	23	15	0		0.0	1.0	1.0	False				
phase18_selenow_excitatory_consensus_v1	MSigDB C2:CP v2026.1 Hs symbols	Excitatory_neurons	KEGG_MEDICUS_REFERENCE_BRANCHING_MICROTUBULE_NUCLEATION	https://www.gsea-msigdb.org/gsea/msigdb/human/geneset/KEGG_MEDICUS_REFERENCE_BRANCHING_MICROTUBULE_NUCLEATION	all excitatory-neuron Bayesian-network genes represented in MSigDB C2:CP	6952	23	21	0		0.0	1.0	1.0	False				
phase18_selenow_excitatory_consensus_v1	MSigDB C2:CP v2026.1 Hs symbols	Excitatory_neurons	KEGG_MEDICUS_REFERENCE_CA2_ENTRY_VOLTAGE_GATED_CA2_CHANNEL	https://www.gsea-msigdb.org/gsea/msigdb/human/geneset/KEGG_MEDICUS_REFERENCE_CA2_ENTRY_VOLTAGE_GATED_CA2_CHANNEL	all excitatory-neuron Bayesian-network genes represented in MSigDB C2:CP	6952	23	15	0		0.0	1.0	1.0	False				
phase18_selenow_excitatory_consensus_v1	MSigDB C2:CP v2026.1 Hs symbols	Excitatory_neurons	KEGG_MEDICUS_REFERENCE_CA2_PYK2_RAS_ERK_SIGNALING_PATHWAY	https://www.gsea-msigdb.org/gsea/msigdb/human/geneset/KEGG_MEDICUS_REFERENCE_CA2_PYK2_RAS_ERK_SIGNALING_PATHWAY	all excitatory-neuron Bayesian-network genes represented in MSigDB C2:CP	6952	23	15	0		0.0	1.0	1.0	False				
phase18_selenow_excitatory_consensus_v1	MSigDB C2:CP v2026.1 Hs symbols	Excitatory_neurons	KEGG_MEDICUS_REFERENCE_CCR2_GNB_G_PI3K_NFKB_SIGNALING_PATHWAY	https://www.gsea-msigdb.org/gsea/msigdb/human/geneset/KEGG_MEDICUS_REFERENCE_CCR2_GNB_G_PI3K_NFKB_SIGNALING_PATHWAY	all excitatory-neuron Bayesian-network genes represented in MSigDB C2:CP	6952	23	19	0		0.0	1.0	1.0	False				
phase18_selenow_excitatory_consensus_v1	MSigDB C2:CP v2026.1 Hs symbols	Excitatory_neurons	KEGG_MEDICUS_REFERENCE_CD80_CD86_CTLA4_PP2A_SIGNALING_PATHWAY	https://www.gsea-msigdb.org/gsea/msigdb/human/geneset/KEGG_MEDICUS_REFERENCE_CD80_CD86_CTLA4_PP2A_SIGNALING_PATHWAY	all excitatory-neuron Bayesian-network genes represented in MSigDB C2:CP	6952	23	17	0		0.0	1.0	1.0	False				
phase18_selenow_excitatory_consensus_v1	MSigDB C2:CP v2026.1 Hs symbols	Excitatory_neurons	KEGG_MEDICUS_REFERENCE_COPI_VESICLE_FORMATION	https://www.gsea-msigdb.org/gsea/msigdb/human/geneset/KEGG_MEDICUS_REFERENCE_COPI_VESICLE_FORMATION	all excitatory-neuron Bayesian-network genes represented in MSigDB C2:CP	6952	23	17	0		0.0	1.0	1.0	False				
phase18_selenow_excitatory_consensus_v1	MSigDB C2:CP v2026.1 Hs symbols	Excitatory_neurons	KEGG_MEDICUS_REFERENCE_CORE_NER_REACTION	https://www.gsea-msigdb.org/gsea/msigdb/human/geneset/KEGG_MEDICUS_REFERENCE_CORE_NER_REACTION	all excitatory-neuron Bayesian-network genes represented in MSigDB C2:CP	6952	23	23	0		0.0	1.0	1.0	False				
phase18_selenow_excitatory_consensus_v1	MSigDB C2:CP v2026.1 Hs symbols	Excitatory_neurons	KEGG_MEDICUS_REFERENCE_CRHR_PKA_ACTH_SIGNALING_PATHWAY	https://www.gsea-msigdb.org/gsea/msigdb/human/geneset/KEGG_MEDICUS_REFERENCE_CRHR_PKA_ACTH_SIGNALING_PATHWAY	all excitatory-neuron Bayesian-network genes represented in MSigDB C2:CP	6952	23	16	0		0.0	1.0	1.0	False				
phase18_selenow_excitatory_consensus_v1	MSigDB C2:CP v2026.1 Hs symbols	Excitatory_neurons	KEGG_MEDICUS_REFERENCE_CXCR4_GNB_G_PLCB_PKC_SIGNALING_PATHWAY	https://www.gsea-msigdb.org/gsea/msigdb/human/geneset/KEGG_MEDICUS_REFERENCE_CXCR4_GNB_G_PLCB_PKC_SIGNALING_PATHWAY	all excitatory-neuron Bayesian-network genes represented in MSigDB C2:CP	6952	23	15	0		0.0	1.0	1.0	False				
phase18_selenow_excitatory_consensus_v1	MSigDB C2:CP v2026.1 Hs symbols	Excitatory_neurons	KEGG_MEDICUS_REFERENCE_CXCR_GNB_G_ERK_SIGNALING_PATHWAY	https://www.gsea-msigdb.org/gsea/msigdb/human/geneset/KEGG_MEDICUS_REFERENCE_CXCR_GNB_G_ERK_SIGNALING_PATHWAY	all excitatory-neuron Bayesian-network genes represented in MSigDB C2:CP	6952	23	15	0		0.0	1.0	1.0	False				
phase18_selenow_excitatory_consensus_v1	MSigDB C2:CP v2026.1 Hs symbols	Excitatory_neurons	KEGG_MEDICUS_REFERENCE_DEUBIQUITINATION_OF_H2AK119	https://www.gsea-msigdb.org/gsea/msigdb/human/geneset/KEGG_MEDICUS_REFERENCE_DEUBIQUITINATION_OF_H2AK119	all excitatory-neuron Bayesian-network genes represented in MSigDB C2:CP	6952	23	22	0		0.0	1.0	1.0	False				
phase18_selenow_excitatory_consensus_v1	MSigDB C2:CP v2026.1 Hs symbols	Excitatory_neurons	KEGG_MEDICUS_REFERENCE_DYNEIN_RECRUITMENT_TO_THE_KINETOCHORE	https://www.gsea-msigdb.org/gsea/msigdb/human/geneset/KEGG_MEDICUS_REFERENCE_DYNEIN_RECRUITMENT_TO_THE_KINETOCHORE	all excitatory-neuron Bayesian-network genes represented in MSigDB C2:CP	6952	23	23	0		0.0	1.0	1.0	False				
phase18_selenow_excitatory_consensus_v1	MSigDB C2:CP v2026.1 Hs symbols	Excitatory_neurons	KEGG_MEDICUS_REFERENCE_E2_ER_RAS_ERK_SIGNALING_PATHWAY	https://www.gsea-msigdb.org/gsea/msigdb/human/geneset/KEGG_MEDICUS_REFERENCE_E2_ER_RAS_ERK_SIGNALING_PATHWAY	all excitatory-neuron Bayesian-network genes represented in MSigDB C2:CP	6952	23	20	0		0.0	1.0	1.0	False				
phase18_selenow_excitatory_consensus_v1	MSigDB C2:CP v2026.1 Hs symbols	Excitatory_neurons	KEGG_MEDICUS_REFERENCE_EGF_EGFR_ACTIN_SIGNALING_PATHWAY	https://www.gsea-msigdb.org/gsea/msigdb/human/geneset/KEGG_MEDICUS_REFERENCE_EGF_EGFR_ACTIN_SIGNALING_PATHWAY	all excitatory-neuron Bayesian-network genes represented in MSigDB C2:CP	6952	23	15	0		0.0	1.0	1.0	False				
phase18_selenow_excitatory_consensus_v1	MSigDB C2:CP v2026.1 Hs symbols	Excitatory_neurons	KEGG_MEDICUS_REFERENCE_FGF_FGFR_RAS_ERK_SIGNALING_PATHWAY	https://www.gsea-msigdb.org/gsea/msigdb/human/geneset/KEGG_MEDICUS_REFERENCE_FGF_FGFR_RAS_ERK_SIGNALING_PATHWAY	all excitatory-neuron Bayesian-network genes represented in MSigDB C2:CP	6952	23	18	0		0.0	1.0	1.0	False				
phase18_selenow_excitatory_consensus_v1	MSigDB C2:CP v2026.1 Hs symbols	Excitatory_neurons	KEGG_MEDICUS_REFERENCE_GENE_SILENCING_BY_METHYLATION_OF_H3K27_AND_UBIQUITINATION_OF_H2AK119	https://www.gsea-msigdb.org/gsea/msigdb/human/geneset/KEGG_MEDICUS_REFERENCE_GENE_SILENCING_BY_METHYLATION_OF_H3K27_AND_UBIQUITINATION_OF_H2AK119	all excitatory-neuron Bayesian-network genes represented in MSigDB C2:CP	6952	23	29	0		0.0	1.0	1.0	False				
phase18_selenow_excitatory_consensus_v1	MSigDB C2:CP v2026.1 Hs symbols	Excitatory_neurons	KEGG_MEDICUS_REFERENCE_GF_RTK_PI3K_SIGNALING_PATHWAY	https://www.gsea-msigdb.org/gsea/msigdb/human/geneset/KEGG_MEDICUS_REFERENCE_GF_RTK_PI3K_SIGNALING_PATHWAY	all excitatory-neuron Bayesian-network genes represented in MSigDB C2:CP	6952	23	25	0		0.0	1.0	1.0	False				
phase18_selenow_excitatory_consensus_v1	MSigDB C2:CP v2026.1 Hs symbols	Excitatory_neurons	KEGG_MEDICUS_REFERENCE_GF_RTK_RAS_ERK_SIGNALING_PATHWAY	https://www.gsea-msigdb.org/gsea/msigdb/human/geneset/KEGG_MEDICUS_REFERENCE_GF_RTK_RAS_ERK_SIGNALING_PATHWAY	all excitatory-neuron Bayesian-network genes represented in MSigDB C2:CP	6952	23	30	0		0.0	1.0	1.0	False				
phase18_selenow_excitatory_consensus_v1	MSigDB C2:CP v2026.1 Hs symbols	Excitatory_neurons	KEGG_MEDICUS_REFERENCE_GF_RTK_RAS_PI3K_SIGNALING_PATHWAY	https://www.gsea-msigdb.org/gsea/msigdb/human/geneset/KEGG_MEDICUS_REFERENCE_GF_RTK_RAS_PI3K_SIGNALING_PATHWAY	all excitatory-neuron Bayesian-network genes represented in MSigDB C2:CP	6952	23	31	0		0.0	1.0	1.0	False				
phase18_selenow_excitatory_consensus_v1	MSigDB C2:CP v2026.1 Hs symbols	Excitatory_neurons	KEGG_MEDICUS_REFERENCE_GHRHR_PKA_GH_SIGNALING_PATHWAY	https://www.gsea-msigdb.org/gsea/msigdb/human/geneset/KEGG_MEDICUS_REFERENCE_GHRHR_PKA_GH_SIGNALING_PATHWAY	all excitatory-neuron Bayesian-network genes represented in MSigDB C2:CP	6952	23	16	0		0.0	1.0	1.0	False				
phase18_selenow_excitatory_consensus_v1	MSigDB C2:CP v2026.1 Hs symbols	Excitatory_neurons	KEGG_MEDICUS_REFERENCE_GLOBAL_GENOME_NER	https://www.gsea-msigdb.org/gsea/msigdb/human/geneset/KEGG_MEDICUS_REFERENCE_GLOBAL_GENOME_NER	all excitatory-neuron Bayesian-network genes represented in MSigDB C2:CP	6952	23	17	0		0.0	1.0	1.0	False				
phase18_selenow_excitatory_consensus_v1	MSigDB C2:CP v2026.1 Hs symbols	Excitatory_neurons	KEGG_MEDICUS_REFERENCE_GPI_ANCHOR_BIOSYNTHESIS	https://www.gsea-msigdb.org/gsea/msigdb/human/geneset/KEGG_MEDICUS_REFERENCE_GPI_ANCHOR_BIOSYNTHESIS	all excitatory-neuron Bayesian-network genes represented in MSigDB C2:CP	6952	23	18	0		0.0	1.0	1.0	False				
phase18_selenow_excitatory_consensus_v1	MSigDB C2:CP v2026.1 Hs symbols	Excitatory_neurons	KEGG_MEDICUS_REFERENCE_HOMOLOGOUS_RECOMBINATION	https://www.gsea-msigdb.org/gsea/msigdb/human/geneset/KEGG_MEDICUS_REFERENCE_HOMOLOGOUS_RECOMBINATION	all excitatory-neuron Bayesian-network genes represented in MSigDB C2:CP	6952	23	23	0		0.0	1.0	1.0	False				
phase18_selenow_excitatory_consensus_v1	MSigDB C2:CP v2026.1 Hs symbols	Excitatory_neurons	KEGG_MEDICUS_REFERENCE_ITGA_B_TALIN_VINCULIN_SIGNALING_PATHWAY	https://www.gsea-msigdb.org/gsea/msigdb/human/geneset/KEGG_MEDICUS_REFERENCE_ITGA_B_TALIN_VINCULIN_SIGNALING_PATHWAY	all excitatory-neuron Bayesian-network genes represented in MSigDB C2:CP	6952	23	16	0		0.0	1.0	1.0	False				
phase18_selenow_excitatory_consensus_v1	MSigDB C2:CP v2026.1 Hs symbols	Excitatory_neurons	KEGG_MEDICUS_REFERENCE_MICROTUBULE_NUCLEATION	https://www.gsea-msigdb.org/gsea/msigdb/human/geneset/KEGG_MEDICUS_REFERENCE_MICROTUBULE_NUCLEATION	all excitatory-neuron Bayesian-network genes represented in MSigDB C2:CP	6952	23	19	0		0.0	1.0	1.0	False				
phase18_selenow_excitatory_consensus_v1	MSigDB C2:CP v2026.1 Hs symbols	Excitatory_neurons	KEGG_MEDICUS_REFERENCE_MISMATCH_REPAIR	https://www.gsea-msigdb.org/gsea/msigdb/human/geneset/KEGG_MEDICUS_REFERENCE_MISMATCH_REPAIR	all excitatory-neuron Bayesian-network genes represented in MSigDB C2:CP	6952	23	22	0		0.0	1.0	1.0	False				
phase18_selenow_excitatory_consensus_v1	MSigDB C2:CP v2026.1 Hs symbols	Excitatory_neurons	KEGG_MEDICUS_REFERENCE_NUCLEAR_EXPORT_OF_MRNA	https://www.gsea-msigdb.org/gsea/msigdb/human/geneset/KEGG_MEDICUS_REFERENCE_NUCLEAR_EXPORT_OF_MRNA	all excitatory-neuron Bayesian-network genes represented in MSigDB C2:CP	6952	23	24	0		0.0	1.0	1.0	False				
phase18_selenow_excitatory_consensus_v1	MSigDB C2:CP v2026.1 Hs symbols	Excitatory_neurons	KEGG_MEDICUS_REFERENCE_ORIGIN_UNWINDING_AND_ELONGATION	https://www.gsea-msigdb.org/gsea/msigdb/human/geneset/KEGG_MEDICUS_REFERENCE_ORIGIN_UNWINDING_AND_ELONGATION	all excitatory-neuron Bayesian-network genes represented in MSigDB C2:CP	6952	23	23	0		0.0	1.0	1.0	False				
phase18_selenow_excitatory_consensus_v1	MSigDB C2:CP v2026.1 Hs symbols	Excitatory_neurons	KEGG_MEDICUS_REFERENCE_PDGF_PDGFR_RAS_ERK_SIGNALING_PATHWAY	https://www.gsea-msigdb.org/gsea/msigdb/human/geneset/KEGG_MEDICUS_REFERENCE_PDGF_PDGFR_RAS_ERK_SIGNALING_PATHWAY	all excitatory-neuron Bayesian-network genes represented in MSigDB C2:CP	6952	23	15	0		0.0	1.0	1.0	False				
phase18_selenow_excitatory_consensus_v1	MSigDB C2:CP v2026.1 Hs symbols	Excitatory_neurons	KEGG_MEDICUS_REFERENCE_PINK_PARKIN_MEDIATED_AUTOPHAGOSOME_FORMATION	https://www.gsea-msigdb.org/gsea/msigdb/human/geneset/KEGG_MEDICUS_REFERENCE_PINK_PARKIN_MEDIATED_AUTOPHAGOSOME_FORMATION	all excitatory-neuron Bayesian-network genes represented in MSigDB C2:CP	6952	23	16	0		0.0	1.0	1.0	False				
phase18_selenow_excitatory_consensus_v1	MSigDB C2:CP v2026.1 Hs symbols	Excitatory_neurons	KEGG_MEDICUS_REFERENCE_PP2A_AKT_SIGNALING_PATHWAY	https://www.gsea-msigdb.org/gsea/msigdb/human/geneset/KEGG_MEDICUS_REFERENCE_PP2A_AKT_SIGNALING_PATHWAY	all excitatory-neuron Bayesian-network genes represented in MSigDB C2:CP	6952	23	17	0		0.0	1.0	1.0	False				
phase18_selenow_excitatory_consensus_v1	MSigDB C2:CP v2026.1 Hs symbols	Excitatory_neurons	KEGG_MEDICUS_REFERENCE_PRE_IC_FORMATION	https://www.gsea-msigdb.org/gsea/msigdb/human/geneset/KEGG_MEDICUS_REFERENCE_PRE_IC_FORMATION	all excitatory-neuron Bayesian-network genes represented in MSigDB C2:CP	6952	23	17	0		0.0	1.0	1.0	False				
phase18_selenow_excitatory_consensus_v1	MSigDB C2:CP v2026.1 Hs symbols	Excitatory_neurons	KEGG_MEDICUS_REFERENCE_PRNP_PI3K_NOX2_SIGNALING_PATHWAY	https://www.gsea-msigdb.org/gsea/msigdb/human/geneset/KEGG_MEDICUS_REFERENCE_PRNP_PI3K_NOX2_SIGNALING_PATHWAY	all excitatory-neuron Bayesian-network genes represented in MSigDB C2:CP	6952	23	15	0		0.0	1.0	1.0	False				
phase18_selenow_excitatory_consensus_v1	MSigDB C2:CP v2026.1 Hs symbols	Excitatory_neurons	KEGG_MEDICUS_REFERENCE_RAB7_REGULATED_MICROTUBULE_MINUS_END_DIRECTED_TRANSPORT	https://www.gsea-msigdb.org/gsea/msigdb/human/geneset/KEGG_MEDICUS_REFERENCE_RAB7_REGULATED_MICROTUBULE_MINUS_END_DIRECTED_TRANSPORT	all excitatory-neuron Bayesian-network genes represented in MSigDB C2:CP	6952	23	31	0		0.0	1.0	1.0	False				
phase18_selenow_excitatory_consensus_v1	MSigDB C2:CP v2026.1 Hs symbols	Excitatory_neurons	KEGG_MEDICUS_REFERENCE_RETROGRADE_AXONAL_TRANSPORT	https://www.gsea-msigdb.org/gsea/msigdb/human/geneset/KEGG_MEDICUS_REFERENCE_RETROGRADE_AXONAL_TRANSPORT	all excitatory-neuron Bayesian-network genes represented in MSigDB C2:CP	6952	23	25	0		0.0	1.0	1.0	False				
phase18_selenow_excitatory_consensus_v1	MSigDB C2:CP v2026.1 Hs symbols	Excitatory_neurons	KEGG_MEDICUS_REFERENCE_RTK_PLCG_ITPR_SIGNALING_PATHWAY	https://www.gsea-msigdb.org/gsea/msigdb/human/geneset/KEGG_MEDICUS_REFERENCE_RTK_PLCG_ITPR_SIGNALING_PATHWAY	all excitatory-neuron Bayesian-network genes represented in MSigDB C2:CP	6952	23	16	0		0.0	1.0	1.0	False				
phase18_selenow_excitatory_consensus_v1	MSigDB C2:CP v2026.1 Hs symbols	Excitatory_neurons	KEGG_MEDICUS_REFERENCE_TLR2_4_MAPK_SIGNALING_PATHWAY	https://www.gsea-msigdb.org/gsea/msigdb/human/geneset/KEGG_MEDICUS_REFERENCE_TLR2_4_MAPK_SIGNALING_PATHWAY	all excitatory-neuron Bayesian-network genes represented in MSigDB C2:CP	6952	23	21	0		0.0	1.0	1.0	False				
phase18_selenow_excitatory_consensus_v1	MSigDB C2:CP v2026.1 Hs symbols	Excitatory_neurons	KEGG_MEDICUS_REFERENCE_TNF_P38_SIGNALING_PATHWAY	https://www.gsea-msigdb.org/gsea/msigdb/human/geneset/KEGG_MEDICUS_REFERENCE_TNF_P38_SIGNALING_PATHWAY	all excitatory-neuron Bayesian-network genes represented in MSigDB C2:CP	6952	23	17	0		0.0	1.0	1.0	False				
phase18_selenow_excitatory_consensus_v1	MSigDB C2:CP v2026.1 Hs symbols	Excitatory_neurons	KEGG_MEDICUS_REFERENCE_TRANSCRIPTION_COUPLED_NER	https://www.gsea-msigdb.org/gsea/msigdb/human/geneset/KEGG_MEDICUS_REFERENCE_TRANSCRIPTION_COUPLED_NER	all excitatory-neuron Bayesian-network genes represented in MSigDB C2:CP	6952	23	27	0		0.0	1.0	1.0	False				
phase18_selenow_excitatory_consensus_v1	MSigDB C2:CP v2026.1 Hs symbols	Excitatory_neurons	KEGG_MEDICUS_REFERENCE_TRANSLATION_INITIATION	https://www.gsea-msigdb.org/gsea/msigdb/human/geneset/KEGG_MEDICUS_REFERENCE_TRANSLATION_INITIATION	all excitatory-neuron Bayesian-network genes represented in MSigDB C2:CP	6952	23	70	0		0.0	1.0	1.0	False				
phase18_selenow_excitatory_consensus_v1	MSigDB C2:CP v2026.1 Hs symbols	Excitatory_neurons	KEGG_MEDICUS_REFERENCE_TSH_TG_SIGNALING_PATHWAY	https://www.gsea-msigdb.org/gsea/msigdb/human/geneset/KEGG_MEDICUS_REFERENCE_TSH_TG_SIGNALING_PATHWAY	all excitatory-neuron Bayesian-network genes represented in MSigDB C2:CP	6952	23	19	0		0.0	1.0	1.0	False				
phase18_selenow_excitatory_consensus_v1	MSigDB C2:CP v2026.1 Hs symbols	Excitatory_neurons	KEGG_MEDICUS_REFERENCE_WNT_SIGNALING_PATHWAY	https://www.gsea-msigdb.org/gsea/msigdb/human/geneset/KEGG_MEDICUS_REFERENCE_WNT_SIGNALING_PATHWAY	all excitatory-neuron Bayesian-network genes represented in MSigDB C2:CP	6952	23	15	0		0.0	1.0	1.0	False				
phase18_selenow_excitatory_consensus_v1	MSigDB C2:CP v2026.1 Hs symbols	Excitatory_neurons	KEGG_MEDICUS_VARIANT_CYP11B1_CYP11B2_FUSION_TO_ACTH_CORTISOL_SIGNALING_PATHWAY	https://www.gsea-msigdb.org/gsea/msigdb/human/geneset/KEGG_MEDICUS_VARIANT_CYP11B1_CYP11B2_FUSION_TO_ACTH_CORTISOL_SIGNALING_PATHWAY	all excitatory-neuron Bayesian-network genes represented in MSigDB C2:CP	6952	23	18	0		0.0	1.0	1.0	False				
phase18_selenow_excitatory_consensus_v1	MSigDB C2:CP v2026.1 Hs symbols	Excitatory_neurons	KEGG_MEDICUS_VARIANT_LRP6_OVEREXPRESSION_TO_WNT_SIGNALING_PATHWAY	https://www.gsea-msigdb.org/gsea/msigdb/human/geneset/KEGG_MEDICUS_VARIANT_LRP6_OVEREXPRESSION_TO_WNT_SIGNALING_PATHWAY	all excitatory-neuron Bayesian-network genes represented in MSigDB C2:CP	6952	23	15	0		0.0	1.0	1.0	False				
phase18_selenow_excitatory_consensus_v1	MSigDB C2:CP v2026.1 Hs symbols	Excitatory_neurons	KEGG_MEDICUS_VARIANT_MLL_AF4_FUSION_TO_TRANSCRIPTIONAL_ACTIVATION	https://www.gsea-msigdb.org/gsea/msigdb/human/geneset/KEGG_MEDICUS_VARIANT_MLL_AF4_FUSION_TO_TRANSCRIPTIONAL_ACTIVATION	all excitatory-neuron Bayesian-network genes represented in MSigDB C2:CP	6952	23	20	0		0.0	1.0	1.0	False				
phase18_selenow_excitatory_consensus_v1	MSigDB C2:CP v2026.1 Hs symbols	Excitatory_neurons	KEGG_MEDICUS_VARIANT_MUTATION_ACTIVATED_CACNA1D_H_TO_ANGIOTENSIN_ALDOSTERONE_SIGNALING_PATHWAY	https://www.gsea-msigdb.org/gsea/msigdb/human/geneset/KEGG_MEDICUS_VARIANT_MUTATION_ACTIVATED_CACNA1D_H_TO_ANGIOTENSIN_ALDOSTERONE_SIGNALING_PATHWAY	all excitatory-neuron Bayesian-network genes represented in MSigDB C2:CP	6952	23	16	0		0.0	1.0	1.0	False				
phase18_selenow_excitatory_consensus_v1	MSigDB C2:CP v2026.1 Hs symbols	Excitatory_neurons	KEGG_MEDICUS_VARIANT_MUTATION_ACTIVATED_GNAS_TO_ACTH_CORTISOL_SIGNALING_PATHWAY	https://www.gsea-msigdb.org/gsea/msigdb/human/geneset/KEGG_MEDICUS_VARIANT_MUTATION_ACTIVATED_GNAS_TO_ACTH_CORTISOL_SIGNALING_PATHWAY	all excitatory-neuron Bayesian-network genes represented in MSigDB C2:CP	6952	23	18	0		0.0	1.0	1.0	False				
phase18_selenow_excitatory_consensus_v1	MSigDB C2:CP v2026.1 Hs symbols	Excitatory_neurons	KEGG_MEDICUS_VARIANT_MUTATION_ACTIVATED_GNAS_TO_CRHR_PKA_ACTH_SIGNALING_PATHWAY	https://www.gsea-msigdb.org/gsea/msigdb/human/geneset/KEGG_MEDICUS_VARIANT_MUTATION_ACTIVATED_GNAS_TO_CRHR_PKA_ACTH_SIGNALING_PATHWAY	all excitatory-neuron Bayesian-network genes represented in MSigDB C2:CP	6952	23	16	0		0.0	1.0	1.0	False				
phase18_selenow_excitatory_consensus_v1	MSigDB C2:CP v2026.1 Hs symbols	Excitatory_neurons	KEGG_MEDICUS_VARIANT_MUTATION_ACTIVATED_KCNJ5_TO_ANGIOTENSIN_ALDOSTERONE_SIGNALING_PATHWAY	https://www.gsea-msigdb.org/gsea/msigdb/human/geneset/KEGG_MEDICUS_VARIANT_MUTATION_ACTIVATED_KCNJ5_TO_ANGIOTENSIN_ALDOSTERONE_SIGNALING_PATHWAY	all excitatory-neuron Bayesian-network genes represented in MSigDB C2:CP	6952	23	16	0		0.0	1.0	1.0	False				
phase18_selenow_excitatory_consensus_v1	MSigDB C2:CP v2026.1 Hs symbols	Excitatory_neurons	KEGG_MEDICUS_VARIANT_MUTATION_CAUSED_ABERRANT_ABETA_TO_ANTEROGRADE_AXONAL_TRANSPORT	https://www.gsea-msigdb.org/gsea/msigdb/human/geneset/KEGG_MEDICUS_VARIANT_MUTATION_CAUSED_ABERRANT_ABETA_TO_ANTEROGRADE_AXONAL_TRANSPORT	all excitatory-neuron Bayesian-network genes represented in MSigDB C2:CP	6952	23	16	0		0.0	1.0	1.0	False				
phase18_selenow_excitatory_consensus_v1	MSigDB C2:CP v2026.1 Hs symbols	Excitatory_neurons	KEGG_MEDICUS_VARIANT_MUTATION_CAUSED_ABERRANT_HTT_TO_ANTEROGRADE_AXONAL_TRANSPORT	https://www.gsea-msigdb.org/gsea/msigdb/human/geneset/KEGG_MEDICUS_VARIANT_MUTATION_CAUSED_ABERRANT_HTT_TO_ANTEROGRADE_AXONAL_TRANSPORT	all excitatory-neuron Bayesian-network genes represented in MSigDB C2:CP	6952	23	17	0		0.0	1.0	1.0	False				
phase18_selenow_excitatory_consensus_v1	MSigDB C2:CP v2026.1 Hs symbols	Excitatory_neurons	KEGG_MEDICUS_VARIANT_MUTATION_CAUSED_ABERRANT_HTT_TO_RETROGRADE_AXONAL_TRANSPORT	https://www.gsea-msigdb.org/gsea/msigdb/human/geneset/KEGG_MEDICUS_VARIANT_MUTATION_CAUSED_ABERRANT_HTT_TO_RETROGRADE_AXONAL_TRANSPORT	all excitatory-neuron Bayesian-network genes represented in MSigDB C2:CP	6952	23	26	0		0.0	1.0	1.0	False				
phase18_selenow_excitatory_consensus_v1	MSigDB C2:CP v2026.1 Hs symbols	Excitatory_neurons	KEGG_MEDICUS_VARIANT_MUTATION_CAUSED_ABERRANT_SNCA_TO_ANTEROGRADE_AXONAL_TRANSPORT	https://www.gsea-msigdb.org/gsea/msigdb/human/geneset/KEGG_MEDICUS_VARIANT_MUTATION_CAUSED_ABERRANT_SNCA_TO_ANTEROGRADE_AXONAL_TRANSPORT	all excitatory-neuron Bayesian-network genes represented in MSigDB C2:CP	6952	23	16	0		0.0	1.0	1.0	False				
phase18_selenow_excitatory_consensus_v1	MSigDB C2:CP v2026.1 Hs symbols	Excitatory_neurons	KEGG_MEDICUS_VARIANT_MUTATION_CAUSED_ABERRANT_SOD1_TO_RETROGRADE_AXONAL_TRANSPORT	https://www.gsea-msigdb.org/gsea/msigdb/human/geneset/KEGG_MEDICUS_VARIANT_MUTATION_CAUSED_ABERRANT_SOD1_TO_RETROGRADE_AXONAL_TRANSPORT	all excitatory-neuron Bayesian-network genes represented in MSigDB C2:CP	6952	23	17	0		0.0	1.0	1.0	False				
phase18_selenow_excitatory_consensus_v1	MSigDB C2:CP v2026.1 Hs symbols	Excitatory_neurons	KEGG_MEDICUS_VARIANT_MUTATION_INACTIVATED_ATP1A1_TO_ANGIOTENSIN_ALDOSTERONE_SIGNALING_PATHWAY	https://www.gsea-msigdb.org/gsea/msigdb/human/geneset/KEGG_MEDICUS_VARIANT_MUTATION_INACTIVATED_ATP1A1_TO_ANGIOTENSIN_ALDOSTERONE_SIGNALING_PATHWAY	all excitatory-neuron Bayesian-network genes represented in MSigDB C2:CP	6952	23	17	0		0.0	1.0	1.0	False				
phase18_selenow_excitatory_consensus_v1	MSigDB C2:CP v2026.1 Hs symbols	Excitatory_neurons	KEGG_MEDICUS_VARIANT_MUTATION_INACTIVATED_ATP2B3_TO_ANGIOTENSIN_ALDOSTERONE_SIGNALING_PATHWAY	https://www.gsea-msigdb.org/gsea/msigdb/human/geneset/KEGG_MEDICUS_VARIANT_MUTATION_INACTIVATED_ATP2B3_TO_ANGIOTENSIN_ALDOSTERONE_SIGNALING_PATHWAY	all excitatory-neuron Bayesian-network genes represented in MSigDB C2:CP	6952	23	16	0		0.0	1.0	1.0	False				
phase18_selenow_excitatory_consensus_v1	MSigDB C2:CP v2026.1 Hs symbols	Excitatory_neurons	KEGG_MEDICUS_VARIANT_MUTATION_INACTIVATED_FGF17_TO_RAS_ERK_SIGNALING_PATHWAY	https://www.gsea-msigdb.org/gsea/msigdb/human/geneset/KEGG_MEDICUS_VARIANT_MUTATION_INACTIVATED_FGF17_TO_RAS_ERK_SIGNALING_PATHWAY	all excitatory-neuron Bayesian-network genes represented in MSigDB C2:CP	6952	23	15	0		0.0	1.0	1.0	False				
phase18_selenow_excitatory_consensus_v1	MSigDB C2:CP v2026.1 Hs symbols	Excitatory_neurons	KEGG_MEDICUS_VARIANT_MUTATION_INACTIVATED_RASD1_TO_CRHR_PKA_ACTH_SIGNALING_PATHWAY	https://www.gsea-msigdb.org/gsea/msigdb/human/geneset/KEGG_MEDICUS_VARIANT_MUTATION_INACTIVATED_RASD1_TO_CRHR_PKA_ACTH_SIGNALING_PATHWAY	all excitatory-neuron Bayesian-network genes represented in MSigDB C2:CP	6952	23	19	0		0.0	1.0	1.0	False				
phase18_selenow_excitatory_consensus_v1	MSigDB C2:CP v2026.1 Hs symbols	Excitatory_neurons	KEGG_MELANOGENESIS	https://www.gsea-msigdb.org/gsea/msigdb/human/geneset/KEGG_MELANOGENESIS	all excitatory-neuron Bayesian-network genes represented in MSigDB C2:CP	6952	23	47	0		0.0	1.0	1.0	False				
phase18_selenow_excitatory_consensus_v1	MSigDB C2:CP v2026.1 Hs symbols	Excitatory_neurons	KEGG_MELANOMA	https://www.gsea-msigdb.org/gsea/msigdb/human/geneset/KEGG_MELANOMA	all excitatory-neuron Bayesian-network genes represented in MSigDB C2:CP	6952	23	34	0		0.0	1.0	1.0	False				
phase18_selenow_excitatory_consensus_v1	MSigDB C2:CP v2026.1 Hs symbols	Excitatory_neurons	KEGG_MISMATCH_REPAIR	https://www.gsea-msigdb.org/gsea/msigdb/human/geneset/KEGG_MISMATCH_REPAIR	all excitatory-neuron Bayesian-network genes represented in MSigDB C2:CP	6952	23	18	0		0.0	1.0	1.0	False				
phase18_selenow_excitatory_consensus_v1	MSigDB C2:CP v2026.1 Hs symbols	Excitatory_neurons	KEGG_MTOR_SIGNALING_PATHWAY	https://www.gsea-msigdb.org/gsea/msigdb/human/geneset/KEGG_MTOR_SIGNALING_PATHWAY	all excitatory-neuron Bayesian-network genes represented in MSigDB C2:CP	6952	23	41	0		0.0	1.0	1.0	False				
phase18_selenow_excitatory_consensus_v1	MSigDB C2:CP v2026.1 Hs symbols	Excitatory_neurons	KEGG_NATURAL_KILLER_CELL_MEDIATED_CYTOTOXICITY	https://www.gsea-msigdb.org/gsea/msigdb/human/geneset/KEGG_NATURAL_KILLER_CELL_MEDIATED_CYTOTOXICITY	all excitatory-neuron Bayesian-network genes represented in MSigDB C2:CP	6952	23	45	0		0.0	1.0	1.0	False				
phase18_selenow_excitatory_consensus_v1	MSigDB C2:CP v2026.1 Hs symbols	Excitatory_neurons	KEGG_NEUROACTIVE_LIGAND_RECEPTOR_INTERACTION	https://www.gsea-msigdb.org/gsea/msigdb/human/geneset/KEGG_NEUROACTIVE_LIGAND_RECEPTOR_INTERACTION	all excitatory-neuron Bayesian-network genes represented in MSigDB C2:CP	6952	23	50	0		0.0	1.0	1.0	False				
phase18_selenow_excitatory_consensus_v1	MSigDB C2:CP v2026.1 Hs symbols	Excitatory_neurons	KEGG_NOD_LIKE_RECEPTOR_SIGNALING_PATHWAY	https://www.gsea-msigdb.org/gsea/msigdb/human/geneset/KEGG_NOD_LIKE_RECEPTOR_SIGNALING_PATHWAY	all excitatory-neuron Bayesian-network genes represented in MSigDB C2:CP	6952	23	31	0		0.0	1.0	1.0	False				
phase18_selenow_excitatory_consensus_v1	MSigDB C2:CP v2026.1 Hs symbols	Excitatory_neurons	KEGG_NON_SMALL_CELL_LUNG_CANCER	https://www.gsea-msigdb.org/gsea/msigdb/human/geneset/KEGG_NON_SMALL_CELL_LUNG_CANCER	all excitatory-neuron Bayesian-network genes represented in MSigDB C2:CP	6952	23	38	0		0.0	1.0	1.0	False				
phase18_selenow_excitatory_consensus_v1	MSigDB C2:CP v2026.1 Hs symbols	Excitatory_neurons	KEGG_NUCLEOTIDE_EXCISION_REPAIR	https://www.gsea-msigdb.org/gsea/msigdb/human/geneset/KEGG_NUCLEOTIDE_EXCISION_REPAIR	all excitatory-neuron Bayesian-network genes represented in MSigDB C2:CP	6952	23	38	0		0.0	1.0	1.0	False				
phase18_selenow_excitatory_consensus_v1	MSigDB C2:CP v2026.1 Hs symbols	Excitatory_neurons	KEGG_N_GLYCAN_BIOSYNTHESIS	https://www.gsea-msigdb.org/gsea/msigdb/human/geneset/KEGG_N_GLYCAN_BIOSYNTHESIS	all excitatory-neuron Bayesian-network genes represented in MSigDB C2:CP	6952	23	38	0		0.0	1.0	1.0	False				
phase18_selenow_excitatory_consensus_v1	MSigDB C2:CP v2026.1 Hs symbols	Excitatory_neurons	KEGG_OOCYTE_MEIOSIS	https://www.gsea-msigdb.org/gsea/msigdb/human/geneset/KEGG_OOCYTE_MEIOSIS	all excitatory-neuron Bayesian-network genes represented in MSigDB C2:CP	6952	23	68	0		0.0	1.0	1.0	False				
phase18_selenow_excitatory_consensus_v1	MSigDB C2:CP v2026.1 Hs symbols	Excitatory_neurons	KEGG_O_GLYCAN_BIOSYNTHESIS	https://www.gsea-msigdb.org/gsea/msigdb/human/geneset/KEGG_O_GLYCAN_BIOSYNTHESIS	all excitatory-neuron Bayesian-network genes represented in MSigDB C2:CP	6952	23	17	0		0.0	1.0	1.0	False				
phase18_selenow_excitatory_consensus_v1	MSigDB C2:CP v2026.1 Hs symbols	Excitatory_neurons	KEGG_P53_SIGNALING_PATHWAY	https://www.gsea-msigdb.org/gsea/msigdb/human/geneset/KEGG_P53_SIGNALING_PATHWAY	all excitatory-neuron Bayesian-network genes represented in MSigDB C2:CP	6952	23	31	0		0.0	1.0	1.0	False				
phase18_selenow_excitatory_consensus_v1	MSigDB C2:CP v2026.1 Hs symbols	Excitatory_neurons	KEGG_PANCREATIC_CANCER	https://www.gsea-msigdb.org/gsea/msigdb/human/geneset/KEGG_PANCREATIC_CANCER	all excitatory-neuron Bayesian-network genes represented in MSigDB C2:CP	6952	23	46	0		0.0	1.0	1.0	False				
phase18_selenow_excitatory_consensus_v1	MSigDB C2:CP v2026.1 Hs symbols	Excitatory_neurons	KEGG_PATHOGENIC_ESCHERICHIA_COLI_INFECTION	https://www.gsea-msigdb.org/gsea/msigdb/human/geneset/KEGG_PATHOGENIC_ESCHERICHIA_COLI_INFECTION	all excitatory-neuron Bayesian-network genes represented in MSigDB C2:CP	6952	23	32	0		0.0	1.0	1.0	False				
phase18_selenow_excitatory_consensus_v1	MSigDB C2:CP v2026.1 Hs symbols	Excitatory_neurons	KEGG_PATHWAYS_IN_CANCER	https://www.gsea-msigdb.org/gsea/msigdb/human/geneset/KEGG_PATHWAYS_IN_CANCER	all excitatory-neuron Bayesian-network genes represented in MSigDB C2:CP	6952	23	176	0		0.0	1.0	1.0	False				
phase18_selenow_excitatory_consensus_v1	MSigDB C2:CP v2026.1 Hs symbols	Excitatory_neurons	KEGG_PENTOSE_PHOSPHATE_PATHWAY	https://www.gsea-msigdb.org/gsea/msigdb/human/geneset/KEGG_PENTOSE_PHOSPHATE_PATHWAY	all excitatory-neuron Bayesian-network genes represented in MSigDB C2:CP	6952	23	18	0		0.0	1.0	1.0	False				
phase18_selenow_excitatory_consensus_v1	MSigDB C2:CP v2026.1 Hs symbols	Excitatory_neurons	KEGG_PEROXISOME	https://www.gsea-msigdb.org/gsea/msigdb/human/geneset/KEGG_PEROXISOME	all excitatory-neuron Bayesian-network genes represented in MSigDB C2:CP	6952	23	50	0		0.0	1.0	1.0	False				
phase18_selenow_excitatory_consensus_v1	MSigDB C2:CP v2026.1 Hs symbols	Excitatory_neurons	KEGG_PHOSPHATIDYLINOSITOL_SIGNALING_SYSTEM	https://www.gsea-msigdb.org/gsea/msigdb/human/geneset/KEGG_PHOSPHATIDYLINOSITOL_SIGNALING_SYSTEM	all excitatory-neuron Bayesian-network genes represented in MSigDB C2:CP	6952	23	55	0		0.0	1.0	1.0	False				
phase18_selenow_excitatory_consensus_v1	MSigDB C2:CP v2026.1 Hs symbols	Excitatory_neurons	KEGG_PORPHYRIN_AND_CHLOROPHYLL_METABOLISM	https://www.gsea-msigdb.org/gsea/msigdb/human/geneset/KEGG_PORPHYRIN_AND_CHLOROPHYLL_METABOLISM	all excitatory-neuron Bayesian-network genes represented in MSigDB C2:CP	6952	23	17	0		0.0	1.0	1.0	False				
phase18_selenow_excitatory_consensus_v1	MSigDB C2:CP v2026.1 Hs symbols	Excitatory_neurons	KEGG_PPAR_SIGNALING_PATHWAY	https://www.gsea-msigdb.org/gsea/msigdb/human/geneset/KEGG_PPAR_SIGNALING_PATHWAY	all excitatory-neuron Bayesian-network genes represented in MSigDB C2:CP	6952	23	30	0		0.0	1.0	1.0	False				
phase18_selenow_excitatory_consensus_v1	MSigDB C2:CP v2026.1 Hs symbols	Excitatory_neurons	KEGG_PRION_DISEASES	https://www.gsea-msigdb.org/gsea/msigdb/human/geneset/KEGG_PRION_DISEASES	all excitatory-neuron Bayesian-network genes represented in MSigDB C2:CP	6952	23	18	0		0.0	1.0	1.0	False				
phase18_selenow_excitatory_consensus_v1	MSigDB C2:CP v2026.1 Hs symbols	Excitatory_neurons	KEGG_PROGESTERONE_MEDIATED_OOCYTE_MATURATION	https://www.gsea-msigdb.org/gsea/msigdb/human/geneset/KEGG_PROGESTERONE_MEDIATED_OOCYTE_MATURATION	all excitatory-neuron Bayesian-network genes represented in MSigDB C2:CP	6952	23	56	0		0.0	1.0	1.0	False				
phase18_selenow_excitatory_consensus_v1	MSigDB C2:CP v2026.1 Hs symbols	Excitatory_neurons	KEGG_PROPANOATE_METABOLISM	https://www.gsea-msigdb.org/gsea/msigdb/human/geneset/KEGG_PROPANOATE_METABOLISM	all excitatory-neuron Bayesian-network genes represented in MSigDB C2:CP	6952	23	23	0		0.0	1.0	1.0	False				
phase18_selenow_excitatory_consensus_v1	MSigDB C2:CP v2026.1 Hs symbols	Excitatory_neurons	KEGG_PROSTATE_CANCER	https://www.gsea-msigdb.org/gsea/msigdb/human/geneset/KEGG_PROSTATE_CANCER	all excitatory-neuron Bayesian-network genes represented in MSigDB C2:CP	6952	23	55	0		0.0	1.0	1.0	False				
phase18_selenow_excitatory_consensus_v1	MSigDB C2:CP v2026.1 Hs symbols	Excitatory_neurons	KEGG_PROTEIN_EXPORT	https://www.gsea-msigdb.org/gsea/msigdb/human/geneset/KEGG_PROTEIN_EXPORT	all excitatory-neuron Bayesian-network genes represented in MSigDB C2:CP	6952	23	23	0		0.0	1.0	1.0	False				
phase18_selenow_excitatory_consensus_v1	MSigDB C2:CP v2026.1 Hs symbols	Excitatory_neurons	KEGG_PYRIMIDINE_METABOLISM	https://www.gsea-msigdb.org/gsea/msigdb/human/geneset/KEGG_PYRIMIDINE_METABOLISM	all excitatory-neuron Bayesian-network genes represented in MSigDB C2:CP	6952	23	70	0		0.0	1.0	1.0	False				
phase18_selenow_excitatory_consensus_v1	MSigDB C2:CP v2026.1 Hs symbols	Excitatory_neurons	KEGG_PYRUVATE_METABOLISM	https://www.gsea-msigdb.org/gsea/msigdb/human/geneset/KEGG_PYRUVATE_METABOLISM	all excitatory-neuron Bayesian-network genes represented in MSigDB C2:CP	6952	23	29	0		0.0	1.0	1.0	False				
phase18_selenow_excitatory_consensus_v1	MSigDB C2:CP v2026.1 Hs symbols	Excitatory_neurons	KEGG_REGULATION_OF_AUTOPHAGY	https://www.gsea-msigdb.org/gsea/msigdb/human/geneset/KEGG_REGULATION_OF_AUTOPHAGY	all excitatory-neuron Bayesian-network genes represented in MSigDB C2:CP	6952	23	18	0		0.0	1.0	1.0	False				
phase18_selenow_excitatory_consensus_v1	MSigDB C2:CP v2026.1 Hs symbols	Excitatory_neurons	KEGG_RENAL_CELL_CARCINOMA	https://www.gsea-msigdb.org/gsea/msigdb/human/geneset/KEGG_RENAL_CELL_CARCINOMA	all excitatory-neuron Bayesian-network genes represented in MSigDB C2:CP	6952	23	55	0		0.0	1.0	1.0	False				
phase18_selenow_excitatory_consensus_v1	MSigDB C2:CP v2026.1 Hs symbols	Excitatory_neurons	KEGG_RIBOSOME	https://www.gsea-msigdb.org/gsea/msigdb/human/geneset/KEGG_RIBOSOME	all excitatory-neuron Bayesian-network genes represented in MSigDB C2:CP	6952	23	74	0		0.0	1.0	1.0	False				
phase18_selenow_excitatory_consensus_v1	MSigDB C2:CP v2026.1 Hs symbols	Excitatory_neurons	KEGG_RIG_I_LIKE_RECEPTOR_SIGNALING_PATHWAY	https://www.gsea-msigdb.org/gsea/msigdb/human/geneset/KEGG_RIG_I_LIKE_RECEPTOR_SIGNALING_PATHWAY	all excitatory-neuron Bayesian-network genes represented in MSigDB C2:CP	6952	23	36	0		0.0	1.0	1.0	False				
phase18_selenow_excitatory_consensus_v1	MSigDB C2:CP v2026.1 Hs symbols	Excitatory_neurons	KEGG_RNA_DEGRADATION	https://www.gsea-msigdb.org/gsea/msigdb/human/geneset/KEGG_RNA_DEGRADATION	all excitatory-neuron Bayesian-network genes represented in MSigDB C2:CP	6952	23	48	0		0.0	1.0	1.0	False				
phase18_selenow_excitatory_consensus_v1	MSigDB C2:CP v2026.1 Hs symbols	Excitatory_neurons	KEGG_RNA_POLYMERASE	https://www.gsea-msigdb.org/gsea/msigdb/human/geneset/KEGG_RNA_POLYMERASE	all excitatory-neuron Bayesian-network genes represented in MSigDB C2:CP	6952	23	23	0		0.0	1.0	1.0	False				
phase18_selenow_excitatory_consensus_v1	MSigDB C2:CP v2026.1 Hs symbols	Excitatory_neurons	KEGG_SELENOAMINO_ACID_METABOLISM	https://www.gsea-msigdb.org/gsea/msigdb/human/geneset/KEGG_SELENOAMINO_ACID_METABOLISM	all excitatory-neuron Bayesian-network genes represented in MSigDB C2:CP	6952	23	15	0		0.0	1.0	1.0	False				
phase18_selenow_excitatory_consensus_v1	MSigDB C2:CP v2026.1 Hs symbols	Excitatory_neurons	KEGG_SMALL_CELL_LUNG_CANCER	https://www.gsea-msigdb.org/gsea/msigdb/human/geneset/KEGG_SMALL_CELL_LUNG_CANCER	all excitatory-neuron Bayesian-network genes represented in MSigDB C2:CP	6952	23	47	0		0.0	1.0	1.0	False				
phase18_selenow_excitatory_consensus_v1	MSigDB C2:CP v2026.1 Hs symbols	Excitatory_neurons	KEGG_SNARE_INTERACTIONS_IN_VESICULAR_TRANSPORT	https://www.gsea-msigdb.org/gsea/msigdb/human/geneset/KEGG_SNARE_INTERACTIONS_IN_VESICULAR_TRANSPORT	all excitatory-neuron Bayesian-network genes represented in MSigDB C2:CP	6952	23	31	0		0.0	1.0	1.0	False				
phase18_selenow_excitatory_consensus_v1	MSigDB C2:CP v2026.1 Hs symbols	Excitatory_neurons	KEGG_SPHINGOLIPID_METABOLISM	https://www.gsea-msigdb.org/gsea/msigdb/human/geneset/KEGG_SPHINGOLIPID_METABOLISM	all excitatory-neuron Bayesian-network genes represented in MSigDB C2:CP	6952	23	25	0		0.0	1.0	1.0	False				
phase18_selenow_excitatory_consensus_v1	MSigDB C2:CP v2026.1 Hs symbols	Excitatory_neurons	KEGG_SPLICEOSOME	https://www.gsea-msigdb.org/gsea/msigdb/human/geneset/KEGG_SPLICEOSOME	all excitatory-neuron Bayesian-network genes represented in MSigDB C2:CP	6952	23	112	0		0.0	1.0	1.0	False				
phase18_selenow_excitatory_consensus_v1	MSigDB C2:CP v2026.1 Hs symbols	Excitatory_neurons	KEGG_STARCH_AND_SUCROSE_METABOLISM	https://www.gsea-msigdb.org/gsea/msigdb/human/geneset/KEGG_STARCH_AND_SUCROSE_METABOLISM	all excitatory-neuron Bayesian-network genes represented in MSigDB C2:CP	6952	23	17	0		0.0	1.0	1.0	False				
phase18_selenow_excitatory_consensus_v1	MSigDB C2:CP v2026.1 Hs symbols	Excitatory_neurons	KEGG_TGF_BETA_SIGNALING_PATHWAY	https://www.gsea-msigdb.org/gsea/msigdb/human/geneset/KEGG_TGF_BETA_SIGNALING_PATHWAY	all excitatory-neuron Bayesian-network genes represented in MSigDB C2:CP	6952	23	43	0		0.0	1.0	1.0	False				
phase18_selenow_excitatory_consensus_v1	MSigDB C2:CP v2026.1 Hs symbols	Excitatory_neurons	KEGG_THYROID_CANCER	https://www.gsea-msigdb.org/gsea/msigdb/human/geneset/KEGG_THYROID_CANCER	all excitatory-neuron Bayesian-network genes represented in MSigDB C2:CP	6952	23	18	0		0.0	1.0	1.0	False				
phase18_selenow_excitatory_consensus_v1	MSigDB C2:CP v2026.1 Hs symbols	Excitatory_neurons	KEGG_TIGHT_JUNCTION	https://www.gsea-msigdb.org/gsea/msigdb/human/geneset/KEGG_TIGHT_JUNCTION	all excitatory-neuron Bayesian-network genes represented in MSigDB C2:CP	6952	23	69	0		0.0	1.0	1.0	False				
phase18_selenow_excitatory_consensus_v1	MSigDB C2:CP v2026.1 Hs symbols	Excitatory_neurons	KEGG_TOLL_LIKE_RECEPTOR_SIGNALING_PATHWAY	https://www.gsea-msigdb.org/gsea/msigdb/human/geneset/KEGG_TOLL_LIKE_RECEPTOR_SIGNALING_PATHWAY	all excitatory-neuron Bayesian-network genes represented in MSigDB C2:CP	6952	23	44	0		0.0	1.0	1.0	False				
phase18_selenow_excitatory_consensus_v1	MSigDB C2:CP v2026.1 Hs symbols	Excitatory_neurons	KEGG_TRYPTOPHAN_METABOLISM	https://www.gsea-msigdb.org/gsea/msigdb/human/geneset/KEGG_TRYPTOPHAN_METABOLISM	all excitatory-neuron Bayesian-network genes represented in MSigDB C2:CP	6952	23	15	0		0.0	1.0	1.0	False				
phase18_selenow_excitatory_consensus_v1	MSigDB C2:CP v2026.1 Hs symbols	Excitatory_neurons	KEGG_TYPE_II_DIABETES_MELLITUS	https://www.gsea-msigdb.org/gsea/msigdb/human/geneset/KEGG_TYPE_II_DIABETES_MELLITUS	all excitatory-neuron Bayesian-network genes represented in MSigDB C2:CP	6952	23	26	0		0.0	1.0	1.0	False				
phase18_selenow_excitatory_consensus_v1	MSigDB C2:CP v2026.1 Hs symbols	Excitatory_neurons	KEGG_T_CELL_RECEPTOR_SIGNALING_PATHWAY	https://www.gsea-msigdb.org/gsea/msigdb/human/geneset/KEGG_T_CELL_RECEPTOR_SIGNALING_PATHWAY	all excitatory-neuron Bayesian-network genes represented in MSigDB C2:CP	6952	23	65	0		0.0	1.0	1.0	False				
phase18_selenow_excitatory_consensus_v1	MSigDB C2:CP v2026.1 Hs symbols	Excitatory_neurons	KEGG_UBIQUITIN_MEDIATED_PROTEOLYSIS	https://www.gsea-msigdb.org/gsea/msigdb/human/geneset/KEGG_UBIQUITIN_MEDIATED_PROTEOLYSIS	all excitatory-neuron Bayesian-network genes represented in MSigDB C2:CP	6952	23	120	0		0.0	1.0	1.0	False				
phase18_selenow_excitatory_consensus_v1	MSigDB C2:CP v2026.1 Hs symbols	Excitatory_neurons	KEGG_VALINE_LEUCINE_AND_ISOLEUCINE_DEGRADATION	https://www.gsea-msigdb.org/gsea/msigdb/human/geneset/KEGG_VALINE_LEUCINE_AND_ISOLEUCINE_DEGRADATION	all excitatory-neuron Bayesian-network genes represented in MSigDB C2:CP	6952	23	32	0		0.0	1.0	1.0	False				
phase18_selenow_excitatory_consensus_v1	MSigDB C2:CP v2026.1 Hs symbols	Excitatory_neurons	KEGG_VASCULAR_SMOOTH_MUSCLE_CONTRACTION	https://www.gsea-msigdb.org/gsea/msigdb/human/geneset/KEGG_VASCULAR_SMOOTH_MUSCLE_CONTRACTION	all excitatory-neuron Bayesian-network genes represented in MSigDB C2:CP	6952	23	55	0		0.0	1.0	1.0	False				
phase18_selenow_excitatory_consensus_v1	MSigDB C2:CP v2026.1 Hs symbols	Excitatory_neurons	KEGG_VASOPRESSIN_REGULATED_WATER_REABSORPTION	https://www.gsea-msigdb.org/gsea/msigdb/human/geneset/KEGG_VASOPRESSIN_REGULATED_WATER_REABSORPTION	all excitatory-neuron Bayesian-network genes represented in MSigDB C2:CP	6952	23	30	0		0.0	1.0	1.0	False				
phase18_selenow_excitatory_consensus_v1	MSigDB C2:CP v2026.1 Hs symbols	Excitatory_neurons	KEGG_VEGF_SIGNALING_PATHWAY	https://www.gsea-msigdb.org/gsea/msigdb/human/geneset/KEGG_VEGF_SIGNALING_PATHWAY	all excitatory-neuron Bayesian-network genes represented in MSigDB C2:CP	6952	23	43	0		0.0	1.0	1.0	False				
phase18_selenow_excitatory_consensus_v1	MSigDB C2:CP v2026.1 Hs symbols	Excitatory_neurons	KEGG_VIBRIO_CHOLERAE_INFECTION	https://www.gsea-msigdb.org/gsea/msigdb/human/geneset/KEGG_VIBRIO_CHOLERAE_INFECTION	all excitatory-neuron Bayesian-network genes represented in MSigDB C2:CP	6952	23	38	0		0.0	1.0	1.0	False				
phase18_selenow_excitatory_consensus_v1	MSigDB C2:CP v2026.1 Hs symbols	Excitatory_neurons	KEGG_VIRAL_MYOCARDITIS	https://www.gsea-msigdb.org/gsea/msigdb/human/geneset/KEGG_VIRAL_MYOCARDITIS	all excitatory-neuron Bayesian-network genes represented in MSigDB C2:CP	6952	23	24	0		0.0	1.0	1.0	False				
phase18_selenow_excitatory_consensus_v1	MSigDB C2:CP v2026.1 Hs symbols	Excitatory_neurons	PID_A6B1_A6B4_INTEGRIN_PATHWAY	https://www.gsea-msigdb.org/gsea/msigdb/human/geneset/PID_A6B1_A6B4_INTEGRIN_PATHWAY	all excitatory-neuron Bayesian-network genes represented in MSigDB C2:CP	6952	23	21	0		0.0	1.0	1.0	False				
phase18_selenow_excitatory_consensus_v1	MSigDB C2:CP v2026.1 Hs symbols	Excitatory_neurons	PID_AJDISS_2PATHWAY	https://www.gsea-msigdb.org/gsea/msigdb/human/geneset/PID_AJDISS_2PATHWAY	all excitatory-neuron Bayesian-network genes represented in MSigDB C2:CP	6952	23	32	0		0.0	1.0	1.0	False				
phase18_selenow_excitatory_consensus_v1	MSigDB C2:CP v2026.1 Hs symbols	Excitatory_neurons	PID_ALPHA_SYNUCLEIN_PATHWAY	https://www.gsea-msigdb.org/gsea/msigdb/human/geneset/PID_ALPHA_SYNUCLEIN_PATHWAY	all excitatory-neuron Bayesian-network genes represented in MSigDB C2:CP	6952	23	17	0		0.0	1.0	1.0	False				
phase18_selenow_excitatory_consensus_v1	MSigDB C2:CP v2026.1 Hs symbols	Excitatory_neurons	PID_AMB2_NEUTROPHILS_PATHWAY	https://www.gsea-msigdb.org/gsea/msigdb/human/geneset/PID_AMB2_NEUTROPHILS_PATHWAY	all excitatory-neuron Bayesian-network genes represented in MSigDB C2:CP	6952	23	15	0		0.0	1.0	1.0	False				
phase18_selenow_excitatory_consensus_v1	MSigDB C2:CP v2026.1 Hs symbols	Excitatory_neurons	PID_ANGIOPOIETIN_RECEPTOR_PATHWAY	https://www.gsea-msigdb.org/gsea/msigdb/human/geneset/PID_ANGIOPOIETIN_RECEPTOR_PATHWAY	all excitatory-neuron Bayesian-network genes represented in MSigDB C2:CP	6952	23	27	0		0.0	1.0	1.0	False				
phase18_selenow_excitatory_consensus_v1	MSigDB C2:CP v2026.1 Hs symbols	Excitatory_neurons	PID_AP1_PATHWAY	https://www.gsea-msigdb.org/gsea/msigdb/human/geneset/PID_AP1_PATHWAY	all excitatory-neuron Bayesian-network genes represented in MSigDB C2:CP	6952	23	24	0		0.0	1.0	1.0	False				
phase18_selenow_excitatory_consensus_v1	MSigDB C2:CP v2026.1 Hs symbols	Excitatory_neurons	PID_ARF6_PATHWAY	https://www.gsea-msigdb.org/gsea/msigdb/human/geneset/PID_ARF6_PATHWAY	all excitatory-neuron Bayesian-network genes represented in MSigDB C2:CP	6952	23	20	0		0.0	1.0	1.0	False				
phase18_selenow_excitatory_consensus_v1	MSigDB C2:CP v2026.1 Hs symbols	Excitatory_neurons	PID_ARF6_TRAFFICKING_PATHWAY	https://www.gsea-msigdb.org/gsea/msigdb/human/geneset/PID_ARF6_TRAFFICKING_PATHWAY	all excitatory-neuron Bayesian-network genes represented in MSigDB C2:CP	6952	23	30	0		0.0	1.0	1.0	False				
phase18_selenow_excitatory_consensus_v1	MSigDB C2:CP v2026.1 Hs symbols	Excitatory_neurons	PID_ARF_3PATHWAY	https://www.gsea-msigdb.org/gsea/msigdb/human/geneset/PID_ARF_3PATHWAY	all excitatory-neuron Bayesian-network genes represented in MSigDB C2:CP	6952	23	16	0		0.0	1.0	1.0	False				
phase18_selenow_excitatory_consensus_v1	MSigDB C2:CP v2026.1 Hs symbols	Excitatory_neurons	PID_AR_NONGENOMIC_PATHWAY	https://www.gsea-msigdb.org/gsea/msigdb/human/geneset/PID_AR_NONGENOMIC_PATHWAY	all excitatory-neuron Bayesian-network genes represented in MSigDB C2:CP	6952	23	24	0		0.0	1.0	1.0	False				
phase18_selenow_excitatory_consensus_v1	MSigDB C2:CP v2026.1 Hs symbols	Excitatory_neurons	PID_AR_PATHWAY	https://www.gsea-msigdb.org/gsea/msigdb/human/geneset/PID_AR_PATHWAY	all excitatory-neuron Bayesian-network genes represented in MSigDB C2:CP	6952	23	44	0		0.0	1.0	1.0	False				
phase18_selenow_excitatory_consensus_v1	MSigDB C2:CP v2026.1 Hs symbols	Excitatory_neurons	PID_AR_TF_PATHWAY	https://www.gsea-msigdb.org/gsea/msigdb/human/geneset/PID_AR_TF_PATHWAY	all excitatory-neuron Bayesian-network genes represented in MSigDB C2:CP	6952	23	38	0		0.0	1.0	1.0	False				
phase18_selenow_excitatory_consensus_v1	MSigDB C2:CP v2026.1 Hs symbols	Excitatory_neurons	PID_ATF2_PATHWAY	https://www.gsea-msigdb.org/gsea/msigdb/human/geneset/PID_ATF2_PATHWAY	all excitatory-neuron Bayesian-network genes represented in MSigDB C2:CP	6952	23	31	0		0.0	1.0	1.0	False				
phase18_selenow_excitatory_consensus_v1	MSigDB C2:CP v2026.1 Hs symbols	Excitatory_neurons	PID_ATM_PATHWAY	https://www.gsea-msigdb.org/gsea/msigdb/human/geneset/PID_ATM_PATHWAY	all excitatory-neuron Bayesian-network genes represented in MSigDB C2:CP	6952	23	28	0		0.0	1.0	1.0	False				
phase18_selenow_excitatory_consensus_v1	MSigDB C2:CP v2026.1 Hs symbols	Excitatory_neurons	PID_ATR_PATHWAY	https://www.gsea-msigdb.org/gsea/msigdb/human/geneset/PID_ATR_PATHWAY	all excitatory-neuron Bayesian-network genes represented in MSigDB C2:CP	6952	23	25	0		0.0	1.0	1.0	False				
phase18_selenow_excitatory_consensus_v1	MSigDB C2:CP v2026.1 Hs symbols	Excitatory_neurons	PID_AURORA_A_PATHWAY	https://www.gsea-msigdb.org/gsea/msigdb/human/geneset/PID_AURORA_A_PATHWAY	all excitatory-neuron Bayesian-network genes represented in MSigDB C2:CP	6952	23	22	0		0.0	1.0	1.0	False				
phase18_selenow_excitatory_consensus_v1	MSigDB C2:CP v2026.1 Hs symbols	Excitatory_neurons	PID_AURORA_B_PATHWAY	https://www.gsea-msigdb.org/gsea/msigdb/human/geneset/PID_AURORA_B_PATHWAY	all excitatory-neuron Bayesian-network genes represented in MSigDB C2:CP	6952	23	22	0		0.0	1.0	1.0	False				
phase18_selenow_excitatory_consensus_v1	MSigDB C2:CP v2026.1 Hs symbols	Excitatory_neurons	PID_AVB3_INTEGRIN_PATHWAY	https://www.gsea-msigdb.org/gsea/msigdb/human/geneset/PID_AVB3_INTEGRIN_PATHWAY	all excitatory-neuron Bayesian-network genes represented in MSigDB C2:CP	6952	23	33	0		0.0	1.0	1.0	False				
phase18_selenow_excitatory_consensus_v1	MSigDB C2:CP v2026.1 Hs symbols	Excitatory_neurons	PID_AVB3_OPN_PATHWAY	https://www.gsea-msigdb.org/gsea/msigdb/human/geneset/PID_AVB3_OPN_PATHWAY	all excitatory-neuron Bayesian-network genes represented in MSigDB C2:CP	6952	23	23	0		0.0	1.0	1.0	False				
phase18_selenow_excitatory_consensus_v1	MSigDB C2:CP v2026.1 Hs symbols	Excitatory_neurons	PID_BARD1_PATHWAY	https://www.gsea-msigdb.org/gsea/msigdb/human/geneset/PID_BARD1_PATHWAY	all excitatory-neuron Bayesian-network genes represented in MSigDB C2:CP	6952	23	20	0		0.0	1.0	1.0	False				
phase18_selenow_excitatory_consensus_v1	MSigDB C2:CP v2026.1 Hs symbols	Excitatory_neurons	PID_BCR_5PATHWAY	https://www.gsea-msigdb.org/gsea/msigdb/human/geneset/PID_BCR_5PATHWAY	all excitatory-neuron Bayesian-network genes represented in MSigDB C2:CP	6952	23	41	0		0.0	1.0	1.0	False				
phase18_selenow_excitatory_consensus_v1	MSigDB C2:CP v2026.1 Hs symbols	Excitatory_neurons	PID_BETA_CATENIN_DEG_PATHWAY	https://www.gsea-msigdb.org/gsea/msigdb/human/geneset/PID_BETA_CATENIN_DEG_PATHWAY	all excitatory-neuron Bayesian-network genes represented in MSigDB C2:CP	6952	23	15	0		0.0	1.0	1.0	False				
phase18_selenow_excitatory_consensus_v1	MSigDB C2:CP v2026.1 Hs symbols	Excitatory_neurons	PID_BETA_CATENIN_NUC_PATHWAY	https://www.gsea-msigdb.org/gsea/msigdb/human/geneset/PID_BETA_CATENIN_NUC_PATHWAY	all excitatory-neuron Bayesian-network genes represented in MSigDB C2:CP	6952	23	40	0		0.0	1.0	1.0	False				
phase18_selenow_excitatory_consensus_v1	MSigDB C2:CP v2026.1 Hs symbols	Excitatory_neurons	PID_BMP_PATHWAY	https://www.gsea-msigdb.org/gsea/msigdb/human/geneset/PID_BMP_PATHWAY	all excitatory-neuron Bayesian-network genes represented in MSigDB C2:CP	6952	23	24	0		0.0	1.0	1.0	False				
phase18_selenow_excitatory_consensus_v1	MSigDB C2:CP v2026.1 Hs symbols	Excitatory_neurons	PID_CASPASE_PATHWAY	https://www.gsea-msigdb.org/gsea/msigdb/human/geneset/PID_CASPASE_PATHWAY	all excitatory-neuron Bayesian-network genes represented in MSigDB C2:CP	6952	23	33	0		0.0	1.0	1.0	False				
phase18_selenow_excitatory_consensus_v1	MSigDB C2:CP v2026.1 Hs symbols	Excitatory_neurons	PID_CD40_PATHWAY	https://www.gsea-msigdb.org/gsea/msigdb/human/geneset/PID_CD40_PATHWAY	all excitatory-neuron Bayesian-network genes represented in MSigDB C2:CP	6952	23	21	0		0.0	1.0	1.0	False				
phase18_selenow_excitatory_consensus_v1	MSigDB C2:CP v2026.1 Hs symbols	Excitatory_neurons	PID_CD8_TCR_DOWNSTREAM_PATHWAY	https://www.gsea-msigdb.org/gsea/msigdb/human/geneset/PID_CD8_TCR_DOWNSTREAM_PATHWAY	all excitatory-neuron Bayesian-network genes represented in MSigDB C2:CP	6952	23	23	0		0.0	1.0	1.0	False				
phase18_selenow_excitatory_consensus_v1	MSigDB C2:CP v2026.1 Hs symbols	Excitatory_neurons	PID_CD8_TCR_PATHWAY	https://www.gsea-msigdb.org/gsea/msigdb/human/geneset/PID_CD8_TCR_PATHWAY	all excitatory-neuron Bayesian-network genes represented in MSigDB C2:CP	6952	23	30	0		0.0	1.0	1.0	False				
phase18_selenow_excitatory_consensus_v1	MSigDB C2:CP v2026.1 Hs symbols	Excitatory_neurons	PID_CDC42_PATHWAY	https://www.gsea-msigdb.org/gsea/msigdb/human/geneset/PID_CDC42_PATHWAY	all excitatory-neuron Bayesian-network genes represented in MSigDB C2:CP	6952	23	57	0		0.0	1.0	1.0	False				
phase18_selenow_excitatory_consensus_v1	MSigDB C2:CP v2026.1 Hs symbols	Excitatory_neurons	PID_CDC42_REG_PATHWAY	https://www.gsea-msigdb.org/gsea/msigdb/human/geneset/PID_CDC42_REG_PATHWAY	all excitatory-neuron Bayesian-network genes represented in MSigDB C2:CP	6952	23	25	0		0.0	1.0	1.0	False				
phase18_selenow_excitatory_consensus_v1	MSigDB C2:CP v2026.1 Hs symbols	Excitatory_neurons	PID_CERAMIDE_PATHWAY	https://www.gsea-msigdb.org/gsea/msigdb/human/geneset/PID_CERAMIDE_PATHWAY	all excitatory-neuron Bayesian-network genes represented in MSigDB C2:CP	6952	23	33	0		0.0	1.0	1.0	False				
phase18_selenow_excitatory_consensus_v1	MSigDB C2:CP v2026.1 Hs symbols	Excitatory_neurons	PID_CMYB_PATHWAY	https://www.gsea-msigdb.org/gsea/msigdb/human/geneset/PID_CMYB_PATHWAY	all excitatory-neuron Bayesian-network genes represented in MSigDB C2:CP	6952	23	41	0		0.0	1.0	1.0	False				
phase18_selenow_excitatory_consensus_v1	MSigDB C2:CP v2026.1 Hs symbols	Excitatory_neurons	PID_CXCR3_PATHWAY	https://www.gsea-msigdb.org/gsea/msigdb/human/geneset/PID_CXCR3_PATHWAY	all excitatory-neuron Bayesian-network genes represented in MSigDB C2:CP	6952	23	32	0		0.0	1.0	1.0	False				
phase18_selenow_excitatory_consensus_v1	MSigDB C2:CP v2026.1 Hs symbols	Excitatory_neurons	PID_CXCR4_PATHWAY	https://www.gsea-msigdb.org/gsea/msigdb/human/geneset/PID_CXCR4_PATHWAY	all excitatory-neuron Bayesian-network genes represented in MSigDB C2:CP	6952	23	64	0		0.0	1.0	1.0	False				
phase18_selenow_excitatory_consensus_v1	MSigDB C2:CP v2026.1 Hs symbols	Excitatory_neurons	PID_DELTA_NP63_PATHWAY	https://www.gsea-msigdb.org/gsea/msigdb/human/geneset/PID_DELTA_NP63_PATHWAY	all excitatory-neuron Bayesian-network genes represented in MSigDB C2:CP	6952	23	19	0		0.0	1.0	1.0	False				
phase18_selenow_excitatory_consensus_v1	MSigDB C2:CP v2026.1 Hs symbols	Excitatory_neurons	PID_E2F_PATHWAY	https://www.gsea-msigdb.org/gsea/msigdb/human/geneset/PID_E2F_PATHWAY	all excitatory-neuron Bayesian-network genes represented in MSigDB C2:CP	6952	23	41	0		0.0	1.0	1.0	False				
phase18_selenow_excitatory_consensus_v1	MSigDB C2:CP v2026.1 Hs symbols	Excitatory_neurons	PID_ECADHERIN_KERATINOCYTE_PATHWAY	https://www.gsea-msigdb.org/gsea/msigdb/human/geneset/PID_ECADHERIN_KERATINOCYTE_PATHWAY	all excitatory-neuron Bayesian-network genes represented in MSigDB C2:CP	6952	23	16	0		0.0	1.0	1.0	False				
phase18_selenow_excitatory_consensus_v1	MSigDB C2:CP v2026.1 Hs symbols	Excitatory_neurons	PID_ECADHERIN_NASCENT_AJ_PATHWAY	https://www.gsea-msigdb.org/gsea/msigdb/human/geneset/PID_ECADHERIN_NASCENT_AJ_PATHWAY	all excitatory-neuron Bayesian-network genes represented in MSigDB C2:CP	6952	23	32	0		0.0	1.0	1.0	False				
phase18_selenow_excitatory_consensus_v1	MSigDB C2:CP v2026.1 Hs symbols	Excitatory_neurons	PID_ECADHERIN_STABILIZATION_PATHWAY	https://www.gsea-msigdb.org/gsea/msigdb/human/geneset/PID_ECADHERIN_STABILIZATION_PATHWAY	all excitatory-neuron Bayesian-network genes represented in MSigDB C2:CP	6952	23	29	0		0.0	1.0	1.0	False				
phase18_selenow_excitatory_consensus_v1	MSigDB C2:CP v2026.1 Hs symbols	Excitatory_neurons	PID_ENDOTHELIN_PATHWAY	https://www.gsea-msigdb.org/gsea/msigdb/human/geneset/PID_ENDOTHELIN_PATHWAY	all excitatory-neuron Bayesian-network genes represented in MSigDB C2:CP	6952	23	40	0		0.0	1.0	1.0	False				
phase18_selenow_excitatory_consensus_v1	MSigDB C2:CP v2026.1 Hs symbols	Excitatory_neurons	PID_EPHA_FWDPATHWAY	https://www.gsea-msigdb.org/gsea/msigdb/human/geneset/PID_EPHA_FWDPATHWAY	all excitatory-neuron Bayesian-network genes represented in MSigDB C2:CP	6952	23	15	0		0.0	1.0	1.0	False				
phase18_selenow_excitatory_consensus_v1	MSigDB C2:CP v2026.1 Hs symbols	Excitatory_neurons	PID_EPHB_FWD_PATHWAY	https://www.gsea-msigdb.org/gsea/msigdb/human/geneset/PID_EPHB_FWD_PATHWAY	all excitatory-neuron Bayesian-network genes represented in MSigDB C2:CP	6952	23	31	0		0.0	1.0	1.0	False				
phase18_selenow_excitatory_consensus_v1	MSigDB C2:CP v2026.1 Hs symbols	Excitatory_neurons	PID_EPHRINB_REV_PATHWAY	https://www.gsea-msigdb.org/gsea/msigdb/human/geneset/PID_EPHRINB_REV_PATHWAY	all excitatory-neuron Bayesian-network genes represented in MSigDB C2:CP	6952	23	15	0		0.0	1.0	1.0	False				
phase18_selenow_excitatory_consensus_v1	MSigDB C2:CP v2026.1 Hs symbols	Excitatory_neurons	PID_EPO_PATHWAY	https://www.gsea-msigdb.org/gsea/msigdb/human/geneset/PID_EPO_PATHWAY	all excitatory-neuron Bayesian-network genes represented in MSigDB C2:CP	6952	23	22	0		0.0	1.0	1.0	False				
phase18_selenow_excitatory_consensus_v1	MSigDB C2:CP v2026.1 Hs symbols	Excitatory_neurons	PID_ERA_GENOMIC_PATHWAY	https://www.gsea-msigdb.org/gsea/msigdb/human/geneset/PID_ERA_GENOMIC_PATHWAY	all excitatory-neuron Bayesian-network genes represented in MSigDB C2:CP	6952	23	45	0		0.0	1.0	1.0	False				
phase18_selenow_excitatory_consensus_v1	MSigDB C2:CP v2026.1 Hs symbols	Excitatory_neurons	PID_ERBB1_INTERNALIZATION_PATHWAY	https://www.gsea-msigdb.org/gsea/msigdb/human/geneset/PID_ERBB1_INTERNALIZATION_PATHWAY	all excitatory-neuron Bayesian-network genes represented in MSigDB C2:CP	6952	23	37	0		0.0	1.0	1.0	False				
phase18_selenow_excitatory_consensus_v1	MSigDB C2:CP v2026.1 Hs symbols	Excitatory_neurons	PID_ERBB1_RECEPTOR_PROXIMAL_PATHWAY	https://www.gsea-msigdb.org/gsea/msigdb/human/geneset/PID_ERBB1_RECEPTOR_PROXIMAL_PATHWAY	all excitatory-neuron Bayesian-network genes represented in MSigDB C2:CP	6952	23	30	0		0.0	1.0	1.0	False				
phase18_selenow_excitatory_consensus_v1	MSigDB C2:CP v2026.1 Hs symbols	Excitatory_neurons	PID_ERBB2_ERBB3_PATHWAY	https://www.gsea-msigdb.org/gsea/msigdb/human/geneset/PID_ERBB2_ERBB3_PATHWAY	all excitatory-neuron Bayesian-network genes represented in MSigDB C2:CP	6952	23	36	0		0.0	1.0	1.0	False				
phase18_selenow_excitatory_consensus_v1	MSigDB C2:CP v2026.1 Hs symbols	Excitatory_neurons	PID_ERBB4_PATHWAY	https://www.gsea-msigdb.org/gsea/msigdb/human/geneset/PID_ERBB4_PATHWAY	all excitatory-neuron Bayesian-network genes represented in MSigDB C2:CP	6952	23	27	0		0.0	1.0	1.0	False				
phase18_selenow_excitatory_consensus_v1	MSigDB C2:CP v2026.1 Hs symbols	Excitatory_neurons	PID_ER_NONGENOMIC_PATHWAY	https://www.gsea-msigdb.org/gsea/msigdb/human/geneset/PID_ER_NONGENOMIC_PATHWAY	all excitatory-neuron Bayesian-network genes represented in MSigDB C2:CP	6952	23	30	0		0.0	1.0	1.0	False				
phase18_selenow_excitatory_consensus_v1	MSigDB C2:CP v2026.1 Hs symbols	Excitatory_neurons	PID_FAK_PATHWAY	https://www.gsea-msigdb.org/gsea/msigdb/human/geneset/PID_FAK_PATHWAY	all excitatory-neuron Bayesian-network genes represented in MSigDB C2:CP	6952	23	47	0		0.0	1.0	1.0	False				
phase18_selenow_excitatory_consensus_v1	MSigDB C2:CP v2026.1 Hs symbols	Excitatory_neurons	PID_FANCONI_PATHWAY	https://www.gsea-msigdb.org/gsea/msigdb/human/geneset/PID_FANCONI_PATHWAY	all excitatory-neuron Bayesian-network genes represented in MSigDB C2:CP	6952	23	32	0		0.0	1.0	1.0	False				
phase18_selenow_excitatory_consensus_v1	MSigDB C2:CP v2026.1 Hs symbols	Excitatory_neurons	PID_FAS_PATHWAY	https://www.gsea-msigdb.org/gsea/msigdb/human/geneset/PID_FAS_PATHWAY	all excitatory-neuron Bayesian-network genes represented in MSigDB C2:CP	6952	23	28	0		0.0	1.0	1.0	False				
phase18_selenow_excitatory_consensus_v1	MSigDB C2:CP v2026.1 Hs symbols	Excitatory_neurons	PID_FCER1_PATHWAY	https://www.gsea-msigdb.org/gsea/msigdb/human/geneset/PID_FCER1_PATHWAY	all excitatory-neuron Bayesian-network genes represented in MSigDB C2:CP	6952	23	35	0		0.0	1.0	1.0	False				
phase18_selenow_excitatory_consensus_v1	MSigDB C2:CP v2026.1 Hs symbols	Excitatory_neurons	PID_FGF_PATHWAY	https://www.gsea-msigdb.org/gsea/msigdb/human/geneset/PID_FGF_PATHWAY	all excitatory-neuron Bayesian-network genes represented in MSigDB C2:CP	6952	23	31	0		0.0	1.0	1.0	False				
phase18_selenow_excitatory_consensus_v1	MSigDB C2:CP v2026.1 Hs symbols	Excitatory_neurons	PID_FOXO_PATHWAY	https://www.gsea-msigdb.org/gsea/msigdb/human/geneset/PID_FOXO_PATHWAY	all excitatory-neuron Bayesian-network genes represented in MSigDB C2:CP	6952	23	36	0		0.0	1.0	1.0	False				
phase18_selenow_excitatory_consensus_v1	MSigDB C2:CP v2026.1 Hs symbols	Excitatory_neurons	PID_GMCSF_PATHWAY	https://www.gsea-msigdb.org/gsea/msigdb/human/geneset/PID_GMCSF_PATHWAY	all excitatory-neuron Bayesian-network genes represented in MSigDB C2:CP	6952	23	23	0		0.0	1.0	1.0	False				
phase18_selenow_excitatory_consensus_v1	MSigDB C2:CP v2026.1 Hs symbols	Excitatory_neurons	PID_HDAC_CLASSIII_PATHWAY	https://www.gsea-msigdb.org/gsea/msigdb/human/geneset/PID_HDAC_CLASSIII_PATHWAY	all excitatory-neuron Bayesian-network genes represented in MSigDB C2:CP	6952	23	17	0		0.0	1.0	1.0	False				
phase18_selenow_excitatory_consensus_v1	MSigDB C2:CP v2026.1 Hs symbols	Excitatory_neurons	PID_HDAC_CLASSII_PATHWAY	https://www.gsea-msigdb.org/gsea/msigdb/human/geneset/PID_HDAC_CLASSII_PATHWAY	all excitatory-neuron Bayesian-network genes represented in MSigDB C2:CP	6952	23	30	0		0.0	1.0	1.0	False				
phase18_selenow_excitatory_consensus_v1	MSigDB C2:CP v2026.1 Hs symbols	Excitatory_neurons	PID_HDAC_CLASSI_PATHWAY	https://www.gsea-msigdb.org/gsea/msigdb/human/geneset/PID_HDAC_CLASSI_PATHWAY	all excitatory-neuron Bayesian-network genes represented in MSigDB C2:CP	6952	23	56	0		0.0	1.0	1.0	False				
phase18_selenow_excitatory_consensus_v1	MSigDB C2:CP v2026.1 Hs symbols	Excitatory_neurons	PID_HEDGEHOG_GLI_PATHWAY	https://www.gsea-msigdb.org/gsea/msigdb/human/geneset/PID_HEDGEHOG_GLI_PATHWAY	all excitatory-neuron Bayesian-network genes represented in MSigDB C2:CP	6952	23	37	0		0.0	1.0	1.0	False				
phase18_selenow_excitatory_consensus_v1	MSigDB C2:CP v2026.1 Hs symbols	Excitatory_neurons	PID_HES_HEY_PATHWAY	https://www.gsea-msigdb.org/gsea/msigdb/human/geneset/PID_HES_HEY_PATHWAY	all excitatory-neuron Bayesian-network genes represented in MSigDB C2:CP	6952	23	28	0		0.0	1.0	1.0	False				
phase18_selenow_excitatory_consensus_v1	MSigDB C2:CP v2026.1 Hs symbols	Excitatory_neurons	PID_HIF1_TFPATHWAY	https://www.gsea-msigdb.org/gsea/msigdb/human/geneset/PID_HIF1_TFPATHWAY	all excitatory-neuron Bayesian-network genes represented in MSigDB C2:CP	6952	23	36	0		0.0	1.0	1.0	False				
phase18_selenow_excitatory_consensus_v1	MSigDB C2:CP v2026.1 Hs symbols	Excitatory_neurons	PID_HIF2PATHWAY	https://www.gsea-msigdb.org/gsea/msigdb/human/geneset/PID_HIF2PATHWAY	all excitatory-neuron Bayesian-network genes represented in MSigDB C2:CP	6952	23	20	0		0.0	1.0	1.0	False				
phase18_selenow_excitatory_consensus_v1	MSigDB C2:CP v2026.1 Hs symbols	Excitatory_neurons	PID_HIV_NEF_PATHWAY	https://www.gsea-msigdb.org/gsea/msigdb/human/geneset/PID_HIV_NEF_PATHWAY	all excitatory-neuron Bayesian-network genes represented in MSigDB C2:CP	6952	23	25	0		0.0	1.0	1.0	False				
phase18_selenow_excitatory_consensus_v1	MSigDB C2:CP v2026.1 Hs symbols	Excitatory_neurons	PID_HNF3A_PATHWAY	https://www.gsea-msigdb.org/gsea/msigdb/human/geneset/PID_HNF3A_PATHWAY	all excitatory-neuron Bayesian-network genes represented in MSigDB C2:CP	6952	23	22	0		0.0	1.0	1.0	False				
phase18_selenow_excitatory_consensus_v1	MSigDB C2:CP v2026.1 Hs symbols	Excitatory_neurons	PID_IFNG_PATHWAY	https://www.gsea-msigdb.org/gsea/msigdb/human/geneset/PID_IFNG_PATHWAY	all excitatory-neuron Bayesian-network genes represented in MSigDB C2:CP	6952	23	31	0		0.0	1.0	1.0	False				
phase18_selenow_excitatory_consensus_v1	MSigDB C2:CP v2026.1 Hs symbols	Excitatory_neurons	PID_IGF1_PATHWAY	https://www.gsea-msigdb.org/gsea/msigdb/human/geneset/PID_IGF1_PATHWAY	all excitatory-neuron Bayesian-network genes represented in MSigDB C2:CP	6952	23	25	0		0.0	1.0	1.0	False				
phase18_selenow_excitatory_consensus_v1	MSigDB C2:CP v2026.1 Hs symbols	Excitatory_neurons	PID_IL12_2PATHWAY	https://www.gsea-msigdb.org/gsea/msigdb/human/geneset/PID_IL12_2PATHWAY	all excitatory-neuron Bayesian-network genes represented in MSigDB C2:CP	6952	23	18	0		0.0	1.0	1.0	False				
phase18_selenow_excitatory_consensus_v1	MSigDB C2:CP v2026.1 Hs symbols	Excitatory_neurons	PID_IL1_PATHWAY	https://www.gsea-msigdb.org/gsea/msigdb/human/geneset/PID_IL1_PATHWAY	all excitatory-neuron Bayesian-network genes represented in MSigDB C2:CP	6952	23	22	0		0.0	1.0	1.0	False				
phase18_selenow_excitatory_consensus_v1	MSigDB C2:CP v2026.1 Hs symbols	Excitatory_neurons	PID_IL2_1PATHWAY	https://www.gsea-msigdb.org/gsea/msigdb/human/geneset/PID_IL2_1PATHWAY	all excitatory-neuron Bayesian-network genes represented in MSigDB C2:CP	6952	23	37	0		0.0	1.0	1.0	False				
phase18_selenow_excitatory_consensus_v1	MSigDB C2:CP v2026.1 Hs symbols	Excitatory_neurons	PID_IL2_PI3K_PATHWAY	https://www.gsea-msigdb.org/gsea/msigdb/human/geneset/PID_IL2_PI3K_PATHWAY	all excitatory-neuron Bayesian-network genes represented in MSigDB C2:CP	6952	23	24	0		0.0	1.0	1.0	False				
phase18_selenow_excitatory_consensus_v1	MSigDB C2:CP v2026.1 Hs symbols	Excitatory_neurons	PID_IL2_STAT5_PATHWAY	https://www.gsea-msigdb.org/gsea/msigdb/human/geneset/PID_IL2_STAT5_PATHWAY	all excitatory-neuron Bayesian-network genes represented in MSigDB C2:CP	6952	23	15	0		0.0	1.0	1.0	False				
phase18_selenow_excitatory_consensus_v1	MSigDB C2:CP v2026.1 Hs symbols	Excitatory_neurons	PID_IL3_PATHWAY	https://www.gsea-msigdb.org/gsea/msigdb/human/geneset/PID_IL3_PATHWAY	all excitatory-neuron Bayesian-network genes represented in MSigDB C2:CP	6952	23	15	0		0.0	1.0	1.0	False				
phase18_selenow_excitatory_consensus_v1	MSigDB C2:CP v2026.1 Hs symbols	Excitatory_neurons	PID_IL4_2PATHWAY	https://www.gsea-msigdb.org/gsea/msigdb/human/geneset/PID_IL4_2PATHWAY	all excitatory-neuron Bayesian-network genes represented in MSigDB C2:CP	6952	23	23	0		0.0	1.0	1.0	False				
phase18_selenow_excitatory_consensus_v1	MSigDB C2:CP v2026.1 Hs symbols	Excitatory_neurons	PID_IL6_7_PATHWAY	https://www.gsea-msigdb.org/gsea/msigdb/human/geneset/PID_IL6_7_PATHWAY	all excitatory-neuron Bayesian-network genes represented in MSigDB C2:CP	6952	23	29	0		0.0	1.0	1.0	False				
phase18_selenow_excitatory_consensus_v1	MSigDB C2:CP v2026.1 Hs symbols	Excitatory_neurons	PID_IL8_CXCR1_PATHWAY	https://www.gsea-msigdb.org/gsea/msigdb/human/geneset/PID_IL8_CXCR1_PATHWAY	all excitatory-neuron Bayesian-network genes represented in MSigDB C2:CP	6952	23	15	0		0.0	1.0	1.0	False				
phase18_selenow_excitatory_consensus_v1	MSigDB C2:CP v2026.1 Hs symbols	Excitatory_neurons	PID_IL8_CXCR2_PATHWAY	https://www.gsea-msigdb.org/gsea/msigdb/human/geneset/PID_IL8_CXCR2_PATHWAY	all excitatory-neuron Bayesian-network genes represented in MSigDB C2:CP	6952	23	18	0		0.0	1.0	1.0	False				
phase18_selenow_excitatory_consensus_v1	MSigDB C2:CP v2026.1 Hs symbols	Excitatory_neurons	PID_ILK_PATHWAY	https://www.gsea-msigdb.org/gsea/msigdb/human/geneset/PID_ILK_PATHWAY	all excitatory-neuron Bayesian-network genes represented in MSigDB C2:CP	6952	23	33	0		0.0	1.0	1.0	False				
phase18_selenow_excitatory_consensus_v1	MSigDB C2:CP v2026.1 Hs symbols	Excitatory_neurons	PID_INSULIN_GLUCOSE_PATHWAY	https://www.gsea-msigdb.org/gsea/msigdb/human/geneset/PID_INSULIN_GLUCOSE_PATHWAY	all excitatory-neuron Bayesian-network genes represented in MSigDB C2:CP	6952	23	19	0		0.0	1.0	1.0	False				
phase18_selenow_excitatory_consensus_v1	MSigDB C2:CP v2026.1 Hs symbols	Excitatory_neurons	PID_INSULIN_PATHWAY	https://www.gsea-msigdb.org/gsea/msigdb/human/geneset/PID_INSULIN_PATHWAY	all excitatory-neuron Bayesian-network genes represented in MSigDB C2:CP	6952	23	36	0		0.0	1.0	1.0	False				
phase18_selenow_excitatory_consensus_v1	MSigDB C2:CP v2026.1 Hs symbols	Excitatory_neurons	PID_INTEGRIN1_PATHWAY	https://www.gsea-msigdb.org/gsea/msigdb/human/geneset/PID_INTEGRIN1_PATHWAY	all excitatory-neuron Bayesian-network genes represented in MSigDB C2:CP	6952	23	15	0		0.0	1.0	1.0	False				
phase18_selenow_excitatory_consensus_v1	MSigDB C2:CP v2026.1 Hs symbols	Excitatory_neurons	PID_INTEGRIN_A4B1_PATHWAY	https://www.gsea-msigdb.org/gsea/msigdb/human/geneset/PID_INTEGRIN_A4B1_PATHWAY	all excitatory-neuron Bayesian-network genes represented in MSigDB C2:CP	6952	23	20	0		0.0	1.0	1.0	False				
phase18_selenow_excitatory_consensus_v1	MSigDB C2:CP v2026.1 Hs symbols	Excitatory_neurons	PID_KIT_PATHWAY	https://www.gsea-msigdb.org/gsea/msigdb/human/geneset/PID_KIT_PATHWAY	all excitatory-neuron Bayesian-network genes represented in MSigDB C2:CP	6952	23	33	0		0.0	1.0	1.0	False				
phase18_selenow_excitatory_consensus_v1	MSigDB C2:CP v2026.1 Hs symbols	Excitatory_neurons	PID_LIS1_PATHWAY	https://www.gsea-msigdb.org/gsea/msigdb/human/geneset/PID_LIS1_PATHWAY	all excitatory-neuron Bayesian-network genes represented in MSigDB C2:CP	6952	23	25	0		0.0	1.0	1.0	False				
phase18_selenow_excitatory_consensus_v1	MSigDB C2:CP v2026.1 Hs symbols	Excitatory_neurons	PID_LKB1_PATHWAY	https://www.gsea-msigdb.org/gsea/msigdb/human/geneset/PID_LKB1_PATHWAY	all excitatory-neuron Bayesian-network genes represented in MSigDB C2:CP	6952	23	37	0		0.0	1.0	1.0	False				
phase18_selenow_excitatory_consensus_v1	MSigDB C2:CP v2026.1 Hs symbols	Excitatory_neurons	PID_LYSOPHOSPHOLIPID_PATHWAY	https://www.gsea-msigdb.org/gsea/msigdb/human/geneset/PID_LYSOPHOSPHOLIPID_PATHWAY	all excitatory-neuron Bayesian-network genes represented in MSigDB C2:CP	6952	23	40	0		0.0	1.0	1.0	False				
phase18_selenow_excitatory_consensus_v1	MSigDB C2:CP v2026.1 Hs symbols	Excitatory_neurons	PID_MAPK_TRK_PATHWAY	https://www.gsea-msigdb.org/gsea/msigdb/human/geneset/PID_MAPK_TRK_PATHWAY	all excitatory-neuron Bayesian-network genes represented in MSigDB C2:CP	6952	23	27	0		0.0	1.0	1.0	False				
phase18_selenow_excitatory_consensus_v1	MSigDB C2:CP v2026.1 Hs symbols	Excitatory_neurons	PID_MET_PATHWAY	https://www.gsea-msigdb.org/gsea/msigdb/human/geneset/PID_MET_PATHWAY	all excitatory-neuron Bayesian-network genes represented in MSigDB C2:CP	6952	23	65	0		0.0	1.0	1.0	False				
phase18_selenow_excitatory_consensus_v1	MSigDB C2:CP v2026.1 Hs symbols	Excitatory_neurons	PID_MTOR_4PATHWAY	https://www.gsea-msigdb.org/gsea/msigdb/human/geneset/PID_MTOR_4PATHWAY	all excitatory-neuron Bayesian-network genes represented in MSigDB C2:CP	6952	23	58	0		0.0	1.0	1.0	False				
phase18_selenow_excitatory_consensus_v1	MSigDB C2:CP v2026.1 Hs symbols	Excitatory_neurons	PID_MYC_ACTIV_PATHWAY	https://www.gsea-msigdb.org/gsea/msigdb/human/geneset/PID_MYC_ACTIV_PATHWAY	all excitatory-neuron Bayesian-network genes represented in MSigDB C2:CP	6952	23	56	0		0.0	1.0	1.0	False				
phase18_selenow_excitatory_consensus_v1	MSigDB C2:CP v2026.1 Hs symbols	Excitatory_neurons	PID_MYC_PATHWAY	https://www.gsea-msigdb.org/gsea/msigdb/human/geneset/PID_MYC_PATHWAY	all excitatory-neuron Bayesian-network genes represented in MSigDB C2:CP	6952	23	20	0		0.0	1.0	1.0	False				
phase18_selenow_excitatory_consensus_v1	MSigDB C2:CP v2026.1 Hs symbols	Excitatory_neurons	PID_MYC_REPRESS_PATHWAY	https://www.gsea-msigdb.org/gsea/msigdb/human/geneset/PID_MYC_REPRESS_PATHWAY	all excitatory-neuron Bayesian-network genes represented in MSigDB C2:CP	6952	23	32	0		0.0	1.0	1.0	False				
phase18_selenow_excitatory_consensus_v1	MSigDB C2:CP v2026.1 Hs symbols	Excitatory_neurons	PID_NCADHERIN_PATHWAY	https://www.gsea-msigdb.org/gsea/msigdb/human/geneset/PID_NCADHERIN_PATHWAY	all excitatory-neuron Bayesian-network genes represented in MSigDB C2:CP	6952	23	28	0		0.0	1.0	1.0	False				
phase18_selenow_excitatory_consensus_v1	MSigDB C2:CP v2026.1 Hs symbols	Excitatory_neurons	PID_NECTIN_PATHWAY	https://www.gsea-msigdb.org/gsea/msigdb/human/geneset/PID_NECTIN_PATHWAY	all excitatory-neuron Bayesian-network genes represented in MSigDB C2:CP	6952	23	21	0		0.0	1.0	1.0	False				
phase18_selenow_excitatory_consensus_v1	MSigDB C2:CP v2026.1 Hs symbols	Excitatory_neurons	PID_NEPHRIN_NEPH1_PATHWAY	https://www.gsea-msigdb.org/gsea/msigdb/human/geneset/PID_NEPHRIN_NEPH1_PATHWAY	all excitatory-neuron Bayesian-network genes represented in MSigDB C2:CP	6952	23	25	0		0.0	1.0	1.0	False				
phase18_selenow_excitatory_consensus_v1	MSigDB C2:CP v2026.1 Hs symbols	Excitatory_neurons	PID_NETRIN_PATHWAY	https://www.gsea-msigdb.org/gsea/msigdb/human/geneset/PID_NETRIN_PATHWAY	all excitatory-neuron Bayesian-network genes represented in MSigDB C2:CP	6952	23	28	0		0.0	1.0	1.0	False				
phase18_selenow_excitatory_consensus_v1	MSigDB C2:CP v2026.1 Hs symbols	Excitatory_neurons	PID_NFAT_3PATHWAY	https://www.gsea-msigdb.org/gsea/msigdb/human/geneset/PID_NFAT_3PATHWAY	all excitatory-neuron Bayesian-network genes represented in MSigDB C2:CP	6952	23	42	0		0.0	1.0	1.0	False				
phase18_selenow_excitatory_consensus_v1	MSigDB C2:CP v2026.1 Hs symbols	Excitatory_neurons	PID_NFKAPPAB_CANONICAL_PATHWAY	https://www.gsea-msigdb.org/gsea/msigdb/human/geneset/PID_NFKAPPAB_CANONICAL_PATHWAY	all excitatory-neuron Bayesian-network genes represented in MSigDB C2:CP	6952	23	17	0		0.0	1.0	1.0	False				
phase18_selenow_excitatory_consensus_v1	MSigDB C2:CP v2026.1 Hs symbols	Excitatory_neurons	PID_P38_ALPHA_BETA_DOWNSTREAM_PATHWAY	https://www.gsea-msigdb.org/gsea/msigdb/human/geneset/PID_P38_ALPHA_BETA_DOWNSTREAM_PATHWAY	all excitatory-neuron Bayesian-network genes represented in MSigDB C2:CP	6952	23	24	0		0.0	1.0	1.0	False				
phase18_selenow_excitatory_consensus_v1	MSigDB C2:CP v2026.1 Hs symbols	Excitatory_neurons	PID_P38_ALPHA_BETA_PATHWAY	https://www.gsea-msigdb.org/gsea/msigdb/human/geneset/PID_P38_ALPHA_BETA_PATHWAY	all excitatory-neuron Bayesian-network genes represented in MSigDB C2:CP	6952	23	23	0		0.0	1.0	1.0	False				
phase18_selenow_excitatory_consensus_v1	MSigDB C2:CP v2026.1 Hs symbols	Excitatory_neurons	PID_P38_MK2_PATHWAY	https://www.gsea-msigdb.org/gsea/msigdb/human/geneset/PID_P38_MK2_PATHWAY	all excitatory-neuron Bayesian-network genes represented in MSigDB C2:CP	6952	23	16	0		0.0	1.0	1.0	False				
phase18_selenow_excitatory_consensus_v1	MSigDB C2:CP v2026.1 Hs symbols	Excitatory_neurons	PID_P38_MKK3_6PATHWAY	https://www.gsea-msigdb.org/gsea/msigdb/human/geneset/PID_P38_MKK3_6PATHWAY	all excitatory-neuron Bayesian-network genes represented in MSigDB C2:CP	6952	23	22	0		0.0	1.0	1.0	False				
phase18_selenow_excitatory_consensus_v1	MSigDB C2:CP v2026.1 Hs symbols	Excitatory_neurons	PID_P53_DOWNSTREAM_PATHWAY	https://www.gsea-msigdb.org/gsea/msigdb/human/geneset/PID_P53_DOWNSTREAM_PATHWAY	all excitatory-neuron Bayesian-network genes represented in MSigDB C2:CP	6952	23	62	0		0.0	1.0	1.0	False				
phase18_selenow_excitatory_consensus_v1	MSigDB C2:CP v2026.1 Hs symbols	Excitatory_neurons	PID_P53_REGULATION_PATHWAY	https://www.gsea-msigdb.org/gsea/msigdb/human/geneset/PID_P53_REGULATION_PATHWAY	all excitatory-neuron Bayesian-network genes represented in MSigDB C2:CP	6952	23	48	0		0.0	1.0	1.0	False				
phase18_selenow_excitatory_consensus_v1	MSigDB C2:CP v2026.1 Hs symbols	Excitatory_neurons	PID_P73PATHWAY	https://www.gsea-msigdb.org/gsea/msigdb/human/geneset/PID_P73PATHWAY	all excitatory-neuron Bayesian-network genes represented in MSigDB C2:CP	6952	23	42	0		0.0	1.0	1.0	False				
phase18_selenow_excitatory_consensus_v1	MSigDB C2:CP v2026.1 Hs symbols	Excitatory_neurons	PID_PDGFRA_PATHWAY	https://www.gsea-msigdb.org/gsea/msigdb/human/geneset/PID_PDGFRA_PATHWAY	all excitatory-neuron Bayesian-network genes represented in MSigDB C2:CP	6952	23	15	0		0.0	1.0	1.0	False				
phase18_selenow_excitatory_consensus_v1	MSigDB C2:CP v2026.1 Hs symbols	Excitatory_neurons	PID_PI3KCI_AKT_PATHWAY	https://www.gsea-msigdb.org/gsea/msigdb/human/geneset/PID_PI3KCI_AKT_PATHWAY	all excitatory-neuron Bayesian-network genes represented in MSigDB C2:CP	6952	23	31	0		0.0	1.0	1.0	False				
phase18_selenow_excitatory_consensus_v1	MSigDB C2:CP v2026.1 Hs symbols	Excitatory_neurons	PID_PI3KCI_PATHWAY	https://www.gsea-msigdb.org/gsea/msigdb/human/geneset/PID_PI3KCI_PATHWAY	all excitatory-neuron Bayesian-network genes represented in MSigDB C2:CP	6952	23	29	0		0.0	1.0	1.0	False				
phase18_selenow_excitatory_consensus_v1	MSigDB C2:CP v2026.1 Hs symbols	Excitatory_neurons	PID_PI3K_PLC_TRK_PATHWAY	https://www.gsea-msigdb.org/gsea/msigdb/human/geneset/PID_PI3K_PLC_TRK_PATHWAY	all excitatory-neuron Bayesian-network genes represented in MSigDB C2:CP	6952	23	26	0		0.0	1.0	1.0	False				
phase18_selenow_excitatory_consensus_v1	MSigDB C2:CP v2026.1 Hs symbols	Excitatory_neurons	PID_PLK1_PATHWAY	https://www.gsea-msigdb.org/gsea/msigdb/human/geneset/PID_PLK1_PATHWAY	all excitatory-neuron Bayesian-network genes represented in MSigDB C2:CP	6952	23	24	0		0.0	1.0	1.0	False				
phase18_selenow_excitatory_consensus_v1	MSigDB C2:CP v2026.1 Hs symbols	Excitatory_neurons	PID_PTP1B_PATHWAY	https://www.gsea-msigdb.org/gsea/msigdb/human/geneset/PID_PTP1B_PATHWAY	all excitatory-neuron Bayesian-network genes represented in MSigDB C2:CP	6952	23	27	0		0.0	1.0	1.0	False				
phase18_selenow_excitatory_consensus_v1	MSigDB C2:CP v2026.1 Hs symbols	Excitatory_neurons	PID_RAC1_REG_PATHWAY	https://www.gsea-msigdb.org/gsea/msigdb/human/geneset/PID_RAC1_REG_PATHWAY	all excitatory-neuron Bayesian-network genes represented in MSigDB C2:CP	6952	23	25	0		0.0	1.0	1.0	False				
phase18_selenow_excitatory_consensus_v1	MSigDB C2:CP v2026.1 Hs symbols	Excitatory_neurons	PID_RAS_PATHWAY	https://www.gsea-msigdb.org/gsea/msigdb/human/geneset/PID_RAS_PATHWAY	all excitatory-neuron Bayesian-network genes represented in MSigDB C2:CP	6952	23	23	0		0.0	1.0	1.0	False				
phase18_selenow_excitatory_consensus_v1	MSigDB C2:CP v2026.1 Hs symbols	Excitatory_neurons	PID_RB_1PATHWAY	https://www.gsea-msigdb.org/gsea/msigdb/human/geneset/PID_RB_1PATHWAY	all excitatory-neuron Bayesian-network genes represented in MSigDB C2:CP	6952	23	36	0		0.0	1.0	1.0	False				
phase18_selenow_excitatory_consensus_v1	MSigDB C2:CP v2026.1 Hs symbols	Excitatory_neurons	PID_REELIN_PATHWAY	https://www.gsea-msigdb.org/gsea/msigdb/human/geneset/PID_REELIN_PATHWAY	all excitatory-neuron Bayesian-network genes represented in MSigDB C2:CP	6952	23	26	0		0.0	1.0	1.0	False				
phase18_selenow_excitatory_consensus_v1	MSigDB C2:CP v2026.1 Hs symbols	Excitatory_neurons	PID_REG_GR_PATHWAY	https://www.gsea-msigdb.org/gsea/msigdb/human/geneset/PID_REG_GR_PATHWAY	all excitatory-neuron Bayesian-network genes represented in MSigDB C2:CP	6952	23	44	0		0.0	1.0	1.0	False				
phase18_selenow_excitatory_consensus_v1	MSigDB C2:CP v2026.1 Hs symbols	Excitatory_neurons	PID_RETINOIC_ACID_PATHWAY	https://www.gsea-msigdb.org/gsea/msigdb/human/geneset/PID_RETINOIC_ACID_PATHWAY	all excitatory-neuron Bayesian-network genes represented in MSigDB C2:CP	6952	23	22	0		0.0	1.0	1.0	False				
phase18_selenow_excitatory_consensus_v1	MSigDB C2:CP v2026.1 Hs symbols	Excitatory_neurons	PID_RET_PATHWAY	https://www.gsea-msigdb.org/gsea/msigdb/human/geneset/PID_RET_PATHWAY	all excitatory-neuron Bayesian-network genes represented in MSigDB C2:CP	6952	23	30	0		0.0	1.0	1.0	False				
phase18_selenow_excitatory_consensus_v1	MSigDB C2:CP v2026.1 Hs symbols	Excitatory_neurons	PID_RHOA_PATHWAY	https://www.gsea-msigdb.org/gsea/msigdb/human/geneset/PID_RHOA_PATHWAY	all excitatory-neuron Bayesian-network genes represented in MSigDB C2:CP	6952	23	35	0		0.0	1.0	1.0	False				
phase18_selenow_excitatory_consensus_v1	MSigDB C2:CP v2026.1 Hs symbols	Excitatory_neurons	PID_RHOA_REG_PATHWAY	https://www.gsea-msigdb.org/gsea/msigdb/human/geneset/PID_RHOA_REG_PATHWAY	all excitatory-neuron Bayesian-network genes represented in MSigDB C2:CP	6952	23	31	0		0.0	1.0	1.0	False				
phase18_selenow_excitatory_consensus_v1	MSigDB C2:CP v2026.1 Hs symbols	Excitatory_neurons	PID_RXR_VDR_PATHWAY	https://www.gsea-msigdb.org/gsea/msigdb/human/geneset/PID_RXR_VDR_PATHWAY	all excitatory-neuron Bayesian-network genes represented in MSigDB C2:CP	6952	23	17	0		0.0	1.0	1.0	False				
phase18_selenow_excitatory_consensus_v1	MSigDB C2:CP v2026.1 Hs symbols	Excitatory_neurons	PID_S1P_S1P2_PATHWAY	https://www.gsea-msigdb.org/gsea/msigdb/human/geneset/PID_S1P_S1P2_PATHWAY	all excitatory-neuron Bayesian-network genes represented in MSigDB C2:CP	6952	23	20	0		0.0	1.0	1.0	False				
phase18_selenow_excitatory_consensus_v1	MSigDB C2:CP v2026.1 Hs symbols	Excitatory_neurons	PID_S1P_S1P3_PATHWAY	https://www.gsea-msigdb.org/gsea/msigdb/human/geneset/PID_S1P_S1P3_PATHWAY	all excitatory-neuron Bayesian-network genes represented in MSigDB C2:CP	6952	23	21	0		0.0	1.0	1.0	False				
phase18_selenow_excitatory_consensus_v1	MSigDB C2:CP v2026.1 Hs symbols	Excitatory_neurons	PID_SHP2_PATHWAY	https://www.gsea-msigdb.org/gsea/msigdb/human/geneset/PID_SHP2_PATHWAY	all excitatory-neuron Bayesian-network genes represented in MSigDB C2:CP	6952	23	38	0		0.0	1.0	1.0	False				
phase18_selenow_excitatory_consensus_v1	MSigDB C2:CP v2026.1 Hs symbols	Excitatory_neurons	PID_SMAD2_3NUCLEAR_PATHWAY	https://www.gsea-msigdb.org/gsea/msigdb/human/geneset/PID_SMAD2_3NUCLEAR_PATHWAY	all excitatory-neuron Bayesian-network genes represented in MSigDB C2:CP	6952	23	50	0		0.0	1.0	1.0	False				
phase18_selenow_excitatory_consensus_v1	MSigDB C2:CP v2026.1 Hs symbols	Excitatory_neurons	PID_SYNDECAN_2_PATHWAY	https://www.gsea-msigdb.org/gsea/msigdb/human/geneset/PID_SYNDECAN_2_PATHWAY	all excitatory-neuron Bayesian-network genes represented in MSigDB C2:CP	6952	23	20	0		0.0	1.0	1.0	False				
phase18_selenow_excitatory_consensus_v1	MSigDB C2:CP v2026.1 Hs symbols	Excitatory_neurons	PID_TAP63_PATHWAY	https://www.gsea-msigdb.org/gsea/msigdb/human/geneset/PID_TAP63_PATHWAY	all excitatory-neuron Bayesian-network genes represented in MSigDB C2:CP	6952	23	22	0		0.0	1.0	1.0	False				
phase18_selenow_excitatory_consensus_v1	MSigDB C2:CP v2026.1 Hs symbols	Excitatory_neurons	PID_TCPTP_PATHWAY	https://www.gsea-msigdb.org/gsea/msigdb/human/geneset/PID_TCPTP_PATHWAY	all excitatory-neuron Bayesian-network genes represented in MSigDB C2:CP	6952	23	29	0		0.0	1.0	1.0	False				
phase18_selenow_excitatory_consensus_v1	MSigDB C2:CP v2026.1 Hs symbols	Excitatory_neurons	PID_TCR_PATHWAY	https://www.gsea-msigdb.org/gsea/msigdb/human/geneset/PID_TCR_PATHWAY	all excitatory-neuron Bayesian-network genes represented in MSigDB C2:CP	6952	23	37	0		0.0	1.0	1.0	False				
phase18_selenow_excitatory_consensus_v1	MSigDB C2:CP v2026.1 Hs symbols	Excitatory_neurons	PID_TELOMERASE_PATHWAY	https://www.gsea-msigdb.org/gsea/msigdb/human/geneset/PID_TELOMERASE_PATHWAY	all excitatory-neuron Bayesian-network genes represented in MSigDB C2:CP	6952	23	49	0		0.0	1.0	1.0	False				
phase18_selenow_excitatory_consensus_v1	MSigDB C2:CP v2026.1 Hs symbols	Excitatory_neurons	PID_THROMBIN_PAR1_PATHWAY	https://www.gsea-msigdb.org/gsea/msigdb/human/geneset/PID_THROMBIN_PAR1_PATHWAY	all excitatory-neuron Bayesian-network genes represented in MSigDB C2:CP	6952	23	31	0		0.0	1.0	1.0	False				
phase18_selenow_excitatory_consensus_v1	MSigDB C2:CP v2026.1 Hs symbols	Excitatory_neurons	PID_TNF_PATHWAY	https://www.gsea-msigdb.org/gsea/msigdb/human/geneset/PID_TNF_PATHWAY	all excitatory-neuron Bayesian-network genes represented in MSigDB C2:CP	6952	23	34	0		0.0	1.0	1.0	False				
phase18_selenow_excitatory_consensus_v1	MSigDB C2:CP v2026.1 Hs symbols	Excitatory_neurons	PID_TRAIL_PATHWAY	https://www.gsea-msigdb.org/gsea/msigdb/human/geneset/PID_TRAIL_PATHWAY	all excitatory-neuron Bayesian-network genes represented in MSigDB C2:CP	6952	23	18	0		0.0	1.0	1.0	False				
phase18_selenow_excitatory_consensus_v1	MSigDB C2:CP v2026.1 Hs symbols	Excitatory_neurons	PID_TRKR_PATHWAY	https://www.gsea-msigdb.org/gsea/msigdb/human/geneset/PID_TRKR_PATHWAY	all excitatory-neuron Bayesian-network genes represented in MSigDB C2:CP	6952	23	49	0		0.0	1.0	1.0	False				
phase18_selenow_excitatory_consensus_v1	MSigDB C2:CP v2026.1 Hs symbols	Excitatory_neurons	PID_TXA2PATHWAY	https://www.gsea-msigdb.org/gsea/msigdb/human/geneset/PID_TXA2PATHWAY	all excitatory-neuron Bayesian-network genes represented in MSigDB C2:CP	6952	23	27	0		0.0	1.0	1.0	False				
phase18_selenow_excitatory_consensus_v1	MSigDB C2:CP v2026.1 Hs symbols	Excitatory_neurons	PID_VEGFR1_2_PATHWAY	https://www.gsea-msigdb.org/gsea/msigdb/human/geneset/PID_VEGFR1_2_PATHWAY	all excitatory-neuron Bayesian-network genes represented in MSigDB C2:CP	6952	23	55	0		0.0	1.0	1.0	False				
phase18_selenow_excitatory_consensus_v1	MSigDB C2:CP v2026.1 Hs symbols	Excitatory_neurons	PID_VEGFR1_PATHWAY	https://www.gsea-msigdb.org/gsea/msigdb/human/geneset/PID_VEGFR1_PATHWAY	all excitatory-neuron Bayesian-network genes represented in MSigDB C2:CP	6952	23	19	0		0.0	1.0	1.0	False				
phase18_selenow_excitatory_consensus_v1	MSigDB C2:CP v2026.1 Hs symbols	Excitatory_neurons	PID_WNT_CANONICAL_PATHWAY	https://www.gsea-msigdb.org/gsea/msigdb/human/geneset/PID_WNT_CANONICAL_PATHWAY	all excitatory-neuron Bayesian-network genes represented in MSigDB C2:CP	6952	23	16	0		0.0	1.0	1.0	False				
phase18_selenow_excitatory_consensus_v1	MSigDB C2:CP v2026.1 Hs symbols	Excitatory_neurons	PID_WNT_NONCANONICAL_PATHWAY	https://www.gsea-msigdb.org/gsea/msigdb/human/geneset/PID_WNT_NONCANONICAL_PATHWAY	all excitatory-neuron Bayesian-network genes represented in MSigDB C2:CP	6952	23	22	0		0.0	1.0	1.0	False				
phase18_selenow_excitatory_consensus_v1	MSigDB C2:CP v2026.1 Hs symbols	Excitatory_neurons	REACTOME_ABERRANT_REGULATION_OF_MITOTIC_EXIT_IN_CANCER_DUE_TO_RB1_DEFECTS	https://www.gsea-msigdb.org/gsea/msigdb/human/geneset/REACTOME_ABERRANT_REGULATION_OF_MITOTIC_EXIT_IN_CANCER_DUE_TO_RB1_DEFECTS	all excitatory-neuron Bayesian-network genes represented in MSigDB C2:CP	6952	23	18	0		0.0	1.0	1.0	False				
phase18_selenow_excitatory_consensus_v1	MSigDB C2:CP v2026.1 Hs symbols	Excitatory_neurons	REACTOME_ABORTIVE_ELONGATION_OF_HIV_1_TRANSCRIPT_IN_THE_ABSENCE_OF_TAT	https://www.gsea-msigdb.org/gsea/msigdb/human/geneset/REACTOME_ABORTIVE_ELONGATION_OF_HIV_1_TRANSCRIPT_IN_THE_ABSENCE_OF_TAT	all excitatory-neuron Bayesian-network genes represented in MSigDB C2:CP	6952	23	22	0		0.0	1.0	1.0	False				
phase18_selenow_excitatory_consensus_v1	MSigDB C2:CP v2026.1 Hs symbols	Excitatory_neurons	REACTOME_ACTIVATED_TAK1_MEDIATES_P38_MAPK_ACTIVATION	https://www.gsea-msigdb.org/gsea/msigdb/human/geneset/REACTOME_ACTIVATED_TAK1_MEDIATES_P38_MAPK_ACTIVATION	all excitatory-neuron Bayesian-network genes represented in MSigDB C2:CP	6952	23	19	0		0.0	1.0	1.0	False				
phase18_selenow_excitatory_consensus_v1	MSigDB C2:CP v2026.1 Hs symbols	Excitatory_neurons	REACTOME_ACTIVATION_OF_AMPK_DOWNSTREAM_OF_NMDARS	https://www.gsea-msigdb.org/gsea/msigdb/human/geneset/REACTOME_ACTIVATION_OF_AMPK_DOWNSTREAM_OF_NMDARS	all excitatory-neuron Bayesian-network genes represented in MSigDB C2:CP	6952	23	17	0		0.0	1.0	1.0	False				
phase18_selenow_excitatory_consensus_v1	MSigDB C2:CP v2026.1 Hs symbols	Excitatory_neurons	REACTOME_ACTIVATION_OF_ANTERIOR_HOX_GENES_IN_HINDBRAIN_DEVELOPMENT_DURING_EARLY_EMBRYOGENESIS	https://www.gsea-msigdb.org/gsea/msigdb/human/geneset/REACTOME_ACTIVATION_OF_ANTERIOR_HOX_GENES_IN_HINDBRAIN_DEVELOPMENT_DURING_EARLY_EMBRYOGENESIS	all excitatory-neuron Bayesian-network genes represented in MSigDB C2:CP	6952	23	43	0		0.0	1.0	1.0	False				
phase18_selenow_excitatory_consensus_v1	MSigDB C2:CP v2026.1 Hs symbols	Excitatory_neurons	REACTOME_ACTIVATION_OF_ATR_IN_RESPONSE_TO_REPLICATION_STRESS	https://www.gsea-msigdb.org/gsea/msigdb/human/geneset/REACTOME_ACTIVATION_OF_ATR_IN_RESPONSE_TO_REPLICATION_STRESS	all excitatory-neuron Bayesian-network genes represented in MSigDB C2:CP	6952	23	24	0		0.0	1.0	1.0	False				
phase18_selenow_excitatory_consensus_v1	MSigDB C2:CP v2026.1 Hs symbols	Excitatory_neurons	REACTOME_ACTIVATION_OF_BH3_ONLY_PROTEINS	https://www.gsea-msigdb.org/gsea/msigdb/human/geneset/REACTOME_ACTIVATION_OF_BH3_ONLY_PROTEINS	all excitatory-neuron Bayesian-network genes represented in MSigDB C2:CP	6952	23	20	0		0.0	1.0	1.0	False				
phase18_selenow_excitatory_consensus_v1	MSigDB C2:CP v2026.1 Hs symbols	Excitatory_neurons	REACTOME_ACTIVATION_OF_GENE_EXPRESSION_BY_SREBF_SREBP	https://www.gsea-msigdb.org/gsea/msigdb/human/geneset/REACTOME_ACTIVATION_OF_GENE_EXPRESSION_BY_SREBF_SREBP	all excitatory-neuron Bayesian-network genes represented in MSigDB C2:CP	6952	23	36	0		0.0	1.0	1.0	False				
phase18_selenow_excitatory_consensus_v1	MSigDB C2:CP v2026.1 Hs symbols	Excitatory_neurons	REACTOME_ACTIVATION_OF_KAINATE_RECEPTORS_UPON_GLUTAMATE_BINDING	https://www.gsea-msigdb.org/gsea/msigdb/human/geneset/REACTOME_ACTIVATION_OF_KAINATE_RECEPTORS_UPON_GLUTAMATE_BINDING	all excitatory-neuron Bayesian-network genes represented in MSigDB C2:CP	6952	23	15	0		0.0	1.0	1.0	False				
phase18_selenow_excitatory_consensus_v1	MSigDB C2:CP v2026.1 Hs symbols	Excitatory_neurons	REACTOME_ACTIVATION_OF_NMDA_RECEPTORS_AND_POSTSYNAPTIC_EVENTS	https://www.gsea-msigdb.org/gsea/msigdb/human/geneset/REACTOME_ACTIVATION_OF_NMDA_RECEPTORS_AND_POSTSYNAPTIC_EVENTS	all excitatory-neuron Bayesian-network genes represented in MSigDB C2:CP	6952	23	67	0		0.0	1.0	1.0	False				
phase18_selenow_excitatory_consensus_v1	MSigDB C2:CP v2026.1 Hs symbols	Excitatory_neurons	REACTOME_ACTIVATION_OF_THE_MRNA_UPON_BINDING_OF_THE_CAP_BINDING_COMPLEX_AND_EIFS_AND_SUBSEQUENT_BINDING_TO_43S	https://www.gsea-msigdb.org/gsea/msigdb/human/geneset/REACTOME_ACTIVATION_OF_THE_MRNA_UPON_BINDING_OF_THE_CAP_BINDING_COMPLEX_AND_EIFS_AND_SUBSEQUENT_BINDING_TO_43S	all excitatory-neuron Bayesian-network genes represented in MSigDB C2:CP	6952	23	52	0		0.0	1.0	1.0	False				
phase18_selenow_excitatory_consensus_v1	MSigDB C2:CP v2026.1 Hs symbols	Excitatory_neurons	REACTOME_ACTIVATION_OF_THE_PRE_REPLICATIVE_COMPLEX	https://www.gsea-msigdb.org/gsea/msigdb/human/geneset/REACTOME_ACTIVATION_OF_THE_PRE_REPLICATIVE_COMPLEX	all excitatory-neuron Bayesian-network genes represented in MSigDB C2:CP	6952	23	22	0		0.0	1.0	1.0	False				
phase18_selenow_excitatory_consensus_v1	MSigDB C2:CP v2026.1 Hs symbols	Excitatory_neurons	REACTOME_ADIPOGENESIS	https://www.gsea-msigdb.org/gsea/msigdb/human/geneset/REACTOME_ADIPOGENESIS	all excitatory-neuron Bayesian-network genes represented in MSigDB C2:CP	6952	23	70	0		0.0	1.0	1.0	False				
phase18_selenow_excitatory_consensus_v1	MSigDB C2:CP v2026.1 Hs symbols	Excitatory_neurons	REACTOME_ADORA2B_MEDIATED_ANTI_INFLAMMATORY_CYTOKINES_PRODUCTION	https://www.gsea-msigdb.org/gsea/msigdb/human/geneset/REACTOME_ADORA2B_MEDIATED_ANTI_INFLAMMATORY_CYTOKINES_PRODUCTION	all excitatory-neuron Bayesian-network genes represented in MSigDB C2:CP	6952	23	25	0		0.0	1.0	1.0	False				
phase18_selenow_excitatory_consensus_v1	MSigDB C2:CP v2026.1 Hs symbols	Excitatory_neurons	REACTOME_ADRENALINE_NORADRENALINE_INHIBITS_INSULIN_SECRETION	https://www.gsea-msigdb.org/gsea/msigdb/human/geneset/REACTOME_ADRENALINE_NORADRENALINE_INHIBITS_INSULIN_SECRETION	all excitatory-neuron Bayesian-network genes represented in MSigDB C2:CP	6952	23	15	0		0.0	1.0	1.0	False				
phase18_selenow_excitatory_consensus_v1	MSigDB C2:CP v2026.1 Hs symbols	Excitatory_neurons	REACTOME_AGGREPHAGY	https://www.gsea-msigdb.org/gsea/msigdb/human/geneset/REACTOME_AGGREPHAGY	all excitatory-neuron Bayesian-network genes represented in MSigDB C2:CP	6952	23	29	0		0.0	1.0	1.0	False				
phase18_selenow_excitatory_consensus_v1	MSigDB C2:CP v2026.1 Hs symbols	Excitatory_neurons	REACTOME_AMYLOID_FIBER_FORMATION	https://www.gsea-msigdb.org/gsea/msigdb/human/geneset/REACTOME_AMYLOID_FIBER_FORMATION	all excitatory-neuron Bayesian-network genes represented in MSigDB C2:CP	6952	23	27	0		0.0	1.0	1.0	False				
phase18_selenow_excitatory_consensus_v1	MSigDB C2:CP v2026.1 Hs symbols	Excitatory_neurons	REACTOME_ANCHORING_OF_THE_BASAL_BODY_TO_THE_PLASMA_MEMBRANE	https://www.gsea-msigdb.org/gsea/msigdb/human/geneset/REACTOME_ANCHORING_OF_THE_BASAL_BODY_TO_THE_PLASMA_MEMBRANE	all excitatory-neuron Bayesian-network genes represented in MSigDB C2:CP	6952	23	81	0		0.0	1.0	1.0	False				
phase18_selenow_excitatory_consensus_v1	MSigDB C2:CP v2026.1 Hs symbols	Excitatory_neurons	REACTOME_ANTIGEN_ACTIVATES_B_CELL_RECEPTOR_BCR_LEADING_TO_GENERATION_OF_SECOND_MESSENGERS	https://www.gsea-msigdb.org/gsea/msigdb/human/geneset/REACTOME_ANTIGEN_ACTIVATES_B_CELL_RECEPTOR_BCR_LEADING_TO_GENERATION_OF_SECOND_MESSENGERS	all excitatory-neuron Bayesian-network genes represented in MSigDB C2:CP	6952	23	15	0		0.0	1.0	1.0	False				
phase18_selenow_excitatory_consensus_v1	MSigDB C2:CP v2026.1 Hs symbols	Excitatory_neurons	REACTOME_ANTIGEN_PRESENTATION_FOLDING_ASSEMBLY_AND_PEPTIDE_LOADING_OF_CLASS_I_MHC	https://www.gsea-msigdb.org/gsea/msigdb/human/geneset/REACTOME_ANTIGEN_PRESENTATION_FOLDING_ASSEMBLY_AND_PEPTIDE_LOADING_OF_CLASS_I_MHC	all excitatory-neuron Bayesian-network genes represented in MSigDB C2:CP	6952	23	20	0		0.0	1.0	1.0	False				
phase18_selenow_excitatory_consensus_v1	MSigDB C2:CP v2026.1 Hs symbols	Excitatory_neurons	REACTOME_ANTIMICROBIAL_MECHANISM_OF_IFN_STIMULATED_GENES	https://www.gsea-msigdb.org/gsea/msigdb/human/geneset/REACTOME_ANTIMICROBIAL_MECHANISM_OF_IFN_STIMULATED_GENES	all excitatory-neuron Bayesian-network genes represented in MSigDB C2:CP	6952	23	115	0		0.0	1.0	1.0	False				
phase18_selenow_excitatory_consensus_v1	MSigDB C2:CP v2026.1 Hs symbols	Excitatory_neurons	REACTOME_ANTI_INFLAMMATORY_RESPONSE_FAVOURING_LEISHMANIA_PARASITE_INFECTION	https://www.gsea-msigdb.org/gsea/msigdb/human/geneset/REACTOME_ANTI_INFLAMMATORY_RESPONSE_FAVOURING_LEISHMANIA_PARASITE_INFECTION	all excitatory-neuron Bayesian-network genes represented in MSigDB C2:CP	6952	23	38	0		0.0	1.0	1.0	False				
phase18_selenow_excitatory_consensus_v1	MSigDB C2:CP v2026.1 Hs symbols	Excitatory_neurons	REACTOME_APC_CDC20_MEDIATED_DEGRADATION_OF_NEK2A	https://www.gsea-msigdb.org/gsea/msigdb/human/geneset/REACTOME_APC_CDC20_MEDIATED_DEGRADATION_OF_NEK2A	all excitatory-neuron Bayesian-network genes represented in MSigDB C2:CP	6952	23	20	0		0.0	1.0	1.0	False				
phase18_selenow_excitatory_consensus_v1	MSigDB C2:CP v2026.1 Hs symbols	Excitatory_neurons	REACTOME_APC_C_CDC20_MEDIATED_DEGRADATION_OF_CYCLIN_B	https://www.gsea-msigdb.org/gsea/msigdb/human/geneset/REACTOME_APC_C_CDC20_MEDIATED_DEGRADATION_OF_CYCLIN_B	all excitatory-neuron Bayesian-network genes represented in MSigDB C2:CP	6952	23	19	0		0.0	1.0	1.0	False				
phase18_selenow_excitatory_consensus_v1	MSigDB C2:CP v2026.1 Hs symbols	Excitatory_neurons	REACTOME_APOPTOTIC_CLEAVAGE_OF_CELLULAR_PROTEINS	https://www.gsea-msigdb.org/gsea/msigdb/human/geneset/REACTOME_APOPTOTIC_CLEAVAGE_OF_CELLULAR_PROTEINS	all excitatory-neuron Bayesian-network genes represented in MSigDB C2:CP	6952	23	21	0		0.0	1.0	1.0	False				
phase18_selenow_excitatory_consensus_v1	MSigDB C2:CP v2026.1 Hs symbols	Excitatory_neurons	REACTOME_APOPTOTIC_EXECUTION_PHASE	https://www.gsea-msigdb.org/gsea/msigdb/human/geneset/REACTOME_APOPTOTIC_EXECUTION_PHASE	all excitatory-neuron Bayesian-network genes represented in MSigDB C2:CP	6952	23	29	0		0.0	1.0	1.0	False				
phase18_selenow_excitatory_consensus_v1	MSigDB C2:CP v2026.1 Hs symbols	Excitatory_neurons	REACTOME_AQUAPORIN_MEDIATED_TRANSPORT	https://www.gsea-msigdb.org/gsea/msigdb/human/geneset/REACTOME_AQUAPORIN_MEDIATED_TRANSPORT	all excitatory-neuron Bayesian-network genes represented in MSigDB C2:CP	6952	23	23	0		0.0	1.0	1.0	False				
phase18_selenow_excitatory_consensus_v1	MSigDB C2:CP v2026.1 Hs symbols	Excitatory_neurons	REACTOME_ASPARAGINE_N_LINKED_GLYCOSYLATION	https://www.gsea-msigdb.org/gsea/msigdb/human/geneset/REACTOME_ASPARAGINE_N_LINKED_GLYCOSYLATION	all excitatory-neuron Bayesian-network genes represented in MSigDB C2:CP	6952	23	236	0		0.0	1.0	1.0	False				
phase18_selenow_excitatory_consensus_v1	MSigDB C2:CP v2026.1 Hs symbols	Excitatory_neurons	REACTOME_ASSEMBLY_AND_CELL_SURFACE_PRESENTATION_OF_NMDA_RECEPTORS	https://www.gsea-msigdb.org/gsea/msigdb/human/geneset/REACTOME_ASSEMBLY_AND_CELL_SURFACE_PRESENTATION_OF_NMDA_RECEPTORS	all excitatory-neuron Bayesian-network genes represented in MSigDB C2:CP	6952	23	24	0		0.0	1.0	1.0	False				
phase18_selenow_excitatory_consensus_v1	MSigDB C2:CP v2026.1 Hs symbols	Excitatory_neurons	REACTOME_ASSEMBLY_OF_THE_HIV_VIRION	https://www.gsea-msigdb.org/gsea/msigdb/human/geneset/REACTOME_ASSEMBLY_OF_THE_HIV_VIRION	all excitatory-neuron Bayesian-network genes represented in MSigDB C2:CP	6952	23	16	0		0.0	1.0	1.0	False				
phase18_selenow_excitatory_consensus_v1	MSigDB C2:CP v2026.1 Hs symbols	Excitatory_neurons	REACTOME_ASSOCIATION_OF_TRIC_CCT_WITH_TARGET_PROTEINS_DURING_BIOSYNTHESIS	https://www.gsea-msigdb.org/gsea/msigdb/human/geneset/REACTOME_ASSOCIATION_OF_TRIC_CCT_WITH_TARGET_PROTEINS_DURING_BIOSYNTHESIS	all excitatory-neuron Bayesian-network genes represented in MSigDB C2:CP	6952	23	27	0		0.0	1.0	1.0	False				
phase18_selenow_excitatory_consensus_v1	MSigDB C2:CP v2026.1 Hs symbols	Excitatory_neurons	REACTOME_ATF4_ACTIVATES_GENES_IN_RESPONSE_TO_ENDOPLASMIC_RETICULUM_STRESS	https://www.gsea-msigdb.org/gsea/msigdb/human/geneset/REACTOME_ATF4_ACTIVATES_GENES_IN_RESPONSE_TO_ENDOPLASMIC_RETICULUM_STRESS	all excitatory-neuron Bayesian-network genes represented in MSigDB C2:CP	6952	23	19	0		0.0	1.0	1.0	False				
phase18_selenow_excitatory_consensus_v1	MSigDB C2:CP v2026.1 Hs symbols	Excitatory_neurons	REACTOME_ATP_DEPENDENT_CHROMATIN_REMODELERS	https://www.gsea-msigdb.org/gsea/msigdb/human/geneset/REACTOME_ATP_DEPENDENT_CHROMATIN_REMODELERS	all excitatory-neuron Bayesian-network genes represented in MSigDB C2:CP	6952	23	26	0		0.0	1.0	1.0	False				
phase18_selenow_excitatory_consensus_v1	MSigDB C2:CP v2026.1 Hs symbols	Excitatory_neurons	REACTOME_ATTENUATION_PHASE	https://www.gsea-msigdb.org/gsea/msigdb/human/geneset/REACTOME_ATTENUATION_PHASE	all excitatory-neuron Bayesian-network genes represented in MSigDB C2:CP	6952	23	17	0		0.0	1.0	1.0	False				
phase18_selenow_excitatory_consensus_v1	MSigDB C2:CP v2026.1 Hs symbols	Excitatory_neurons	REACTOME_AURKA_ACTIVATION_BY_TPX2	https://www.gsea-msigdb.org/gsea/msigdb/human/geneset/REACTOME_AURKA_ACTIVATION_BY_TPX2	all excitatory-neuron Bayesian-network genes represented in MSigDB C2:CP	6952	23	57	0		0.0	1.0	1.0	False				
phase18_selenow_excitatory_consensus_v1	MSigDB C2:CP v2026.1 Hs symbols	Excitatory_neurons	REACTOME_BACTERIAL_INFECTION_PATHWAYS	https://www.gsea-msigdb.org/gsea/msigdb/human/geneset/REACTOME_BACTERIAL_INFECTION_PATHWAYS	all excitatory-neuron Bayesian-network genes represented in MSigDB C2:CP	6952	23	62	0		0.0	1.0	1.0	False				
phase18_selenow_excitatory_consensus_v1	MSigDB C2:CP v2026.1 Hs symbols	Excitatory_neurons	REACTOME_BASE_EXCISION_REPAIR	https://www.gsea-msigdb.org/gsea/msigdb/human/geneset/REACTOME_BASE_EXCISION_REPAIR	all excitatory-neuron Bayesian-network genes represented in MSigDB C2:CP	6952	23	37	0		0.0	1.0	1.0	False				
phase18_selenow_excitatory_consensus_v1	MSigDB C2:CP v2026.1 Hs symbols	Excitatory_neurons	REACTOME_BBSOME_MEDIATED_CARGO_TARGETING_TO_CILIUM	https://www.gsea-msigdb.org/gsea/msigdb/human/geneset/REACTOME_BBSOME_MEDIATED_CARGO_TARGETING_TO_CILIUM	all excitatory-neuron Bayesian-network genes represented in MSigDB C2:CP	6952	23	17	0		0.0	1.0	1.0	False				
phase18_selenow_excitatory_consensus_v1	MSigDB C2:CP v2026.1 Hs symbols	Excitatory_neurons	REACTOME_BILE_ACID_AND_BILE_SALT_METABOLISM	https://www.gsea-msigdb.org/gsea/msigdb/human/geneset/REACTOME_BILE_ACID_AND_BILE_SALT_METABOLISM	all excitatory-neuron Bayesian-network genes represented in MSigDB C2:CP	6952	23	16	0		0.0	1.0	1.0	False				
phase18_selenow_excitatory_consensus_v1	MSigDB C2:CP v2026.1 Hs symbols	Excitatory_neurons	REACTOME_BIOLOGICAL_OXIDATIONS	https://www.gsea-msigdb.org/gsea/msigdb/human/geneset/REACTOME_BIOLOGICAL_OXIDATIONS	all excitatory-neuron Bayesian-network genes represented in MSigDB C2:CP	6952	23	66	0		0.0	1.0	1.0	False				
phase18_selenow_excitatory_consensus_v1	MSigDB C2:CP v2026.1 Hs symbols	Excitatory_neurons	REACTOME_BIOSYNTHESIS_OF_THE_N_GLYCAN_PRECURSOR_DOLICHOL_LIPID_LINKED_OLIGOSACCHARIDE_LLO_AND_TRANSFER_TO_A_NASCENT_PROTEIN	https://www.gsea-msigdb.org/gsea/msigdb/human/geneset/REACTOME_BIOSYNTHESIS_OF_THE_N_GLYCAN_PRECURSOR_DOLICHOL_LIPID_LINKED_OLIGOSACCHARIDE_LLO_AND_TRANSFER_TO_A_NASCENT_PROTEIN	all excitatory-neuron Bayesian-network genes represented in MSigDB C2:CP	6952	23	52	0		0.0	1.0	1.0	False				
phase18_selenow_excitatory_consensus_v1	MSigDB C2:CP v2026.1 Hs symbols	Excitatory_neurons	REACTOME_BMAL1_CLOCK_NPAS2_ACTIVATES_CIRCADIAN_EXPRESSION	https://www.gsea-msigdb.org/gsea/msigdb/human/geneset/REACTOME_BMAL1_CLOCK_NPAS2_ACTIVATES_CIRCADIAN_EXPRESSION	all excitatory-neuron Bayesian-network genes represented in MSigDB C2:CP	6952	23	17	0		0.0	1.0	1.0	False				
phase18_selenow_excitatory_consensus_v1	MSigDB C2:CP v2026.1 Hs symbols	Excitatory_neurons	REACTOME_BRANCHED_CHAIN_AMINO_ACID_CATABOLISM	https://www.gsea-msigdb.org/gsea/msigdb/human/geneset/REACTOME_BRANCHED_CHAIN_AMINO_ACID_CATABOLISM	all excitatory-neuron Bayesian-network genes represented in MSigDB C2:CP	6952	23	18	0		0.0	1.0	1.0	False				
phase18_selenow_excitatory_consensus_v1	MSigDB C2:CP v2026.1 Hs symbols	Excitatory_neurons	REACTOME_BUDDING_AND_MATURATION_OF_HIV_VIRION	https://www.gsea-msigdb.org/gsea/msigdb/human/geneset/REACTOME_BUDDING_AND_MATURATION_OF_HIV_VIRION	all excitatory-neuron Bayesian-network genes represented in MSigDB C2:CP	6952	23	26	0		0.0	1.0	1.0	False				
phase18_selenow_excitatory_consensus_v1	MSigDB C2:CP v2026.1 Hs symbols	Excitatory_neurons	REACTOME_B_WICH_COMPLEX_POSITIVELY_REGULATES_RRNA_EXPRESSION	https://www.gsea-msigdb.org/gsea/msigdb/human/geneset/REACTOME_B_WICH_COMPLEX_POSITIVELY_REGULATES_RRNA_EXPRESSION	all excitatory-neuron Bayesian-network genes represented in MSigDB C2:CP	6952	23	26	0		0.0	1.0	1.0	False				
phase18_selenow_excitatory_consensus_v1	MSigDB C2:CP v2026.1 Hs symbols	Excitatory_neurons	REACTOME_CA2_PATHWAY	https://www.gsea-msigdb.org/gsea/msigdb/human/geneset/REACTOME_CA2_PATHWAY	all excitatory-neuron Bayesian-network genes represented in MSigDB C2:CP	6952	23	31	0		0.0	1.0	1.0	False				
phase18_selenow_excitatory_consensus_v1	MSigDB C2:CP v2026.1 Hs symbols	Excitatory_neurons	REACTOME_CALNEXIN_CALRETICULIN_CYCLE	https://www.gsea-msigdb.org/gsea/msigdb/human/geneset/REACTOME_CALNEXIN_CALRETICULIN_CYCLE	all excitatory-neuron Bayesian-network genes represented in MSigDB C2:CP	6952	23	23	0		0.0	1.0	1.0	False				
phase18_selenow_excitatory_consensus_v1	MSigDB C2:CP v2026.1 Hs symbols	Excitatory_neurons	REACTOME_CARBOXYTERMINAL_POST_TRANSLATIONAL_MODIFICATIONS_OF_TUBULIN	https://www.gsea-msigdb.org/gsea/msigdb/human/geneset/REACTOME_CARBOXYTERMINAL_POST_TRANSLATIONAL_MODIFICATIONS_OF_TUBULIN	all excitatory-neuron Bayesian-network genes represented in MSigDB C2:CP	6952	23	26	0		0.0	1.0	1.0	False				
phase18_selenow_excitatory_consensus_v1	MSigDB C2:CP v2026.1 Hs symbols	Excitatory_neurons	REACTOME_CARDIAC_CONDUCTION	https://www.gsea-msigdb.org/gsea/msigdb/human/geneset/REACTOME_CARDIAC_CONDUCTION	all excitatory-neuron Bayesian-network genes represented in MSigDB C2:CP	6952	23	71	0		0.0	1.0	1.0	False				
phase18_selenow_excitatory_consensus_v1	MSigDB C2:CP v2026.1 Hs symbols	Excitatory_neurons	REACTOME_CARGO_CONCENTRATION_IN_THE_ER	https://www.gsea-msigdb.org/gsea/msigdb/human/geneset/REACTOME_CARGO_CONCENTRATION_IN_THE_ER	all excitatory-neuron Bayesian-network genes represented in MSigDB C2:CP	6952	23	21	0		0.0	1.0	1.0	False				
phase18_selenow_excitatory_consensus_v1	MSigDB C2:CP v2026.1 Hs symbols	Excitatory_neurons	REACTOME_CARGO_RECOGNITION_FOR_CLATHRIN_MEDIATED_ENDOCYTOSIS	https://www.gsea-msigdb.org/gsea/msigdb/human/geneset/REACTOME_CARGO_RECOGNITION_FOR_CLATHRIN_MEDIATED_ENDOCYTOSIS	all excitatory-neuron Bayesian-network genes represented in MSigDB C2:CP	6952	23	69	0		0.0	1.0	1.0	False				
phase18_selenow_excitatory_consensus_v1	MSigDB C2:CP v2026.1 Hs symbols	Excitatory_neurons	REACTOME_CARGO_TRAFFICKING_TO_THE_PERICILIARY_MEMBRANE	https://www.gsea-msigdb.org/gsea/msigdb/human/geneset/REACTOME_CARGO_TRAFFICKING_TO_THE_PERICILIARY_MEMBRANE	all excitatory-neuron Bayesian-network genes represented in MSigDB C2:CP	6952	23	49	0		0.0	1.0	1.0	False				
phase18_selenow_excitatory_consensus_v1	MSigDB C2:CP v2026.1 Hs symbols	Excitatory_neurons	REACTOME_CA_DEPENDENT_EVENTS	https://www.gsea-msigdb.org/gsea/msigdb/human/geneset/REACTOME_CA_DEPENDENT_EVENTS	all excitatory-neuron Bayesian-network genes represented in MSigDB C2:CP	6952	23	27	0		0.0	1.0	1.0	False				
phase18_selenow_excitatory_consensus_v1	MSigDB C2:CP v2026.1 Hs symbols	Excitatory_neurons	REACTOME_CD209_DC_SIGN_SIGNALING	https://www.gsea-msigdb.org/gsea/msigdb/human/geneset/REACTOME_CD209_DC_SIGN_SIGNALING	all excitatory-neuron Bayesian-network genes represented in MSigDB C2:CP	6952	23	15	0		0.0	1.0	1.0	False				
phase18_selenow_excitatory_consensus_v1	MSigDB C2:CP v2026.1 Hs symbols	Excitatory_neurons	REACTOME_CD28_DEPENDENT_PI3K_AKT_SIGNALING	https://www.gsea-msigdb.org/gsea/msigdb/human/geneset/REACTOME_CD28_DEPENDENT_PI3K_AKT_SIGNALING	all excitatory-neuron Bayesian-network genes represented in MSigDB C2:CP	6952	23	17	0		0.0	1.0	1.0	False				
phase18_selenow_excitatory_consensus_v1	MSigDB C2:CP v2026.1 Hs symbols	Excitatory_neurons	REACTOME_CDC42_GTPASE_CYCLE	https://www.gsea-msigdb.org/gsea/msigdb/human/geneset/REACTOME_CDC42_GTPASE_CYCLE	all excitatory-neuron Bayesian-network genes represented in MSigDB C2:CP	6952	23	98	0		0.0	1.0	1.0	False				
phase18_selenow_excitatory_consensus_v1	MSigDB C2:CP v2026.1 Hs symbols	Excitatory_neurons	REACTOME_CELLULAR_RESPONSES_TO_MECHANICAL_STIMULI	https://www.gsea-msigdb.org/gsea/msigdb/human/geneset/REACTOME_CELLULAR_RESPONSES_TO_MECHANICAL_STIMULI	all excitatory-neuron Bayesian-network genes represented in MSigDB C2:CP	6952	23	61	0		0.0	1.0	1.0	False				
phase18_selenow_excitatory_consensus_v1	MSigDB C2:CP v2026.1 Hs symbols	Excitatory_neurons	REACTOME_CELLULAR_RESPONSE_TO_HEAT_STRESS	https://www.gsea-msigdb.org/gsea/msigdb/human/geneset/REACTOME_CELLULAR_RESPONSE_TO_HEAT_STRESS	all excitatory-neuron Bayesian-network genes represented in MSigDB C2:CP	6952	23	80	0		0.0	1.0	1.0	False				
phase18_selenow_excitatory_consensus_v1	MSigDB C2:CP v2026.1 Hs symbols	Excitatory_neurons	REACTOME_CELLULAR_SENESCENCE	https://www.gsea-msigdb.org/gsea/msigdb/human/geneset/REACTOME_CELLULAR_SENESCENCE	all excitatory-neuron Bayesian-network genes represented in MSigDB C2:CP	6952	23	94	0		0.0	1.0	1.0	False				
phase18_selenow_excitatory_consensus_v1	MSigDB C2:CP v2026.1 Hs symbols	Excitatory_neurons	REACTOME_CELL_SURFACE_INTERACTIONS_AT_THE_VASCULAR_WALL	https://www.gsea-msigdb.org/gsea/msigdb/human/geneset/REACTOME_CELL_SURFACE_INTERACTIONS_AT_THE_VASCULAR_WALL	all excitatory-neuron Bayesian-network genes represented in MSigDB C2:CP	6952	23	44	0		0.0	1.0	1.0	False				
phase18_selenow_excitatory_consensus_v1	MSigDB C2:CP v2026.1 Hs symbols	Excitatory_neurons	REACTOME_CHOLESTEROL_BIOSYNTHESIS	https://www.gsea-msigdb.org/gsea/msigdb/human/geneset/REACTOME_CHOLESTEROL_BIOSYNTHESIS	all excitatory-neuron Bayesian-network genes represented in MSigDB C2:CP	6952	23	21	0		0.0	1.0	1.0	False				
phase18_selenow_excitatory_consensus_v1	MSigDB C2:CP v2026.1 Hs symbols	Excitatory_neurons	REACTOME_CHONDROITIN_SULFATE_DERMATAN_SULFATE_METABOLISM	https://www.gsea-msigdb.org/gsea/msigdb/human/geneset/REACTOME_CHONDROITIN_SULFATE_DERMATAN_SULFATE_METABOLISM	all excitatory-neuron Bayesian-network genes represented in MSigDB C2:CP	6952	23	19	0		0.0	1.0	1.0	False				
phase18_selenow_excitatory_consensus_v1	MSigDB C2:CP v2026.1 Hs symbols	Excitatory_neurons	REACTOME_CHROMATIN_ORGANIZATION	https://www.gsea-msigdb.org/gsea/msigdb/human/geneset/REACTOME_CHROMATIN_ORGANIZATION	all excitatory-neuron Bayesian-network genes represented in MSigDB C2:CP	6952	23	190	0		0.0	1.0	1.0	False				
phase18_selenow_excitatory_consensus_v1	MSigDB C2:CP v2026.1 Hs symbols	Excitatory_neurons	REACTOME_CHROMOSOME_MAINTENANCE	https://www.gsea-msigdb.org/gsea/msigdb/human/geneset/REACTOME_CHROMOSOME_MAINTENANCE	all excitatory-neuron Bayesian-network genes represented in MSigDB C2:CP	6952	23	61	0		0.0	1.0	1.0	False				
phase18_selenow_excitatory_consensus_v1	MSigDB C2:CP v2026.1 Hs symbols	Excitatory_neurons	REACTOME_CILIUM_ASSEMBLY	https://www.gsea-msigdb.org/gsea/msigdb/human/geneset/REACTOME_CILIUM_ASSEMBLY	all excitatory-neuron Bayesian-network genes represented in MSigDB C2:CP	6952	23	151	0		0.0	1.0	1.0	False				
phase18_selenow_excitatory_consensus_v1	MSigDB C2:CP v2026.1 Hs symbols	Excitatory_neurons	REACTOME_CITRIC_ACID_CYCLE_TCA_CYCLE	https://www.gsea-msigdb.org/gsea/msigdb/human/geneset/REACTOME_CITRIC_ACID_CYCLE_TCA_CYCLE	all excitatory-neuron Bayesian-network genes represented in MSigDB C2:CP	6952	23	25	0		0.0	1.0	1.0	False				
phase18_selenow_excitatory_consensus_v1	MSigDB C2:CP v2026.1 Hs symbols	Excitatory_neurons	REACTOME_CLASS_A_1_RHODOPSIN_LIKE_RECEPTORS	https://www.gsea-msigdb.org/gsea/msigdb/human/geneset/REACTOME_CLASS_A_1_RHODOPSIN_LIKE_RECEPTORS	all excitatory-neuron Bayesian-network genes represented in MSigDB C2:CP	6952	23	20	0		0.0	1.0	1.0	False				
phase18_selenow_excitatory_consensus_v1	MSigDB C2:CP v2026.1 Hs symbols	Excitatory_neurons	REACTOME_CLASS_B_2_SECRETIN_FAMILY_RECEPTORS	https://www.gsea-msigdb.org/gsea/msigdb/human/geneset/REACTOME_CLASS_B_2_SECRETIN_FAMILY_RECEPTORS	all excitatory-neuron Bayesian-network genes represented in MSigDB C2:CP	6952	23	20	0		0.0	1.0	1.0	False				
phase18_selenow_excitatory_consensus_v1	MSigDB C2:CP v2026.1 Hs symbols	Excitatory_neurons	REACTOME_CLASS_I_PEROXISOMAL_MEMBRANE_PROTEIN_IMPORT	https://www.gsea-msigdb.org/gsea/msigdb/human/geneset/REACTOME_CLASS_I_PEROXISOMAL_MEMBRANE_PROTEIN_IMPORT	all excitatory-neuron Bayesian-network genes represented in MSigDB C2:CP	6952	23	16	0		0.0	1.0	1.0	False				
phase18_selenow_excitatory_consensus_v1	MSigDB C2:CP v2026.1 Hs symbols	Excitatory_neurons	REACTOME_CLATHRIN_MEDIATED_ENDOCYTOSIS	https://www.gsea-msigdb.org/gsea/msigdb/human/geneset/REACTOME_CLATHRIN_MEDIATED_ENDOCYTOSIS	all excitatory-neuron Bayesian-network genes represented in MSigDB C2:CP	6952	23	103	0		0.0	1.0	1.0	False				
phase18_selenow_excitatory_consensus_v1	MSigDB C2:CP v2026.1 Hs symbols	Excitatory_neurons	REACTOME_COLLAGEN_BIOSYNTHESIS_AND_MODIFYING_ENZYMES	https://www.gsea-msigdb.org/gsea/msigdb/human/geneset/REACTOME_COLLAGEN_BIOSYNTHESIS_AND_MODIFYING_ENZYMES	all excitatory-neuron Bayesian-network genes represented in MSigDB C2:CP	6952	23	26	0		0.0	1.0	1.0	False				
phase18_selenow_excitatory_consensus_v1	MSigDB C2:CP v2026.1 Hs symbols	Excitatory_neurons	REACTOME_COLLAGEN_FORMATION	https://www.gsea-msigdb.org/gsea/msigdb/human/geneset/REACTOME_COLLAGEN_FORMATION	all excitatory-neuron Bayesian-network genes represented in MSigDB C2:CP	6952	23	33	0		0.0	1.0	1.0	False				
phase18_selenow_excitatory_consensus_v1	MSigDB C2:CP v2026.1 Hs symbols	Excitatory_neurons	REACTOME_CONSTITUTIVE_SIGNALING_BY_ABERRANT_PI3K_IN_CANCER	https://www.gsea-msigdb.org/gsea/msigdb/human/geneset/REACTOME_CONSTITUTIVE_SIGNALING_BY_ABERRANT_PI3K_IN_CANCER	all excitatory-neuron Bayesian-network genes represented in MSigDB C2:CP	6952	23	34	0		0.0	1.0	1.0	False				
phase18_selenow_excitatory_consensus_v1	MSigDB C2:CP v2026.1 Hs symbols	Excitatory_neurons	REACTOME_CONSTITUTIVE_SIGNALING_BY_AKT1_E17K_IN_CANCER	https://www.gsea-msigdb.org/gsea/msigdb/human/geneset/REACTOME_CONSTITUTIVE_SIGNALING_BY_AKT1_E17K_IN_CANCER	all excitatory-neuron Bayesian-network genes represented in MSigDB C2:CP	6952	23	20	0		0.0	1.0	1.0	False				
phase18_selenow_excitatory_consensus_v1	MSigDB C2:CP v2026.1 Hs symbols	Excitatory_neurons	REACTOME_CONSTITUTIVE_SIGNALING_BY_LIGAND_RESPONSIVE_EGFR_CANCER_VARIANTS	https://www.gsea-msigdb.org/gsea/msigdb/human/geneset/REACTOME_CONSTITUTIVE_SIGNALING_BY_LIGAND_RESPONSIVE_EGFR_CANCER_VARIANTS	all excitatory-neuron Bayesian-network genes represented in MSigDB C2:CP	6952	23	16	0		0.0	1.0	1.0	False				
phase18_selenow_excitatory_consensus_v1	MSigDB C2:CP v2026.1 Hs symbols	Excitatory_neurons	REACTOME_CONVERSION_FROM_APC_C_CDC20_TO_APC_C_CDH1_IN_LATE_ANAPHASE	https://www.gsea-msigdb.org/gsea/msigdb/human/geneset/REACTOME_CONVERSION_FROM_APC_C_CDC20_TO_APC_C_CDH1_IN_LATE_ANAPHASE	all excitatory-neuron Bayesian-network genes represented in MSigDB C2:CP	6952	23	16	0		0.0	1.0	1.0	False				
phase18_selenow_excitatory_consensus_v1	MSigDB C2:CP v2026.1 Hs symbols	Excitatory_neurons	REACTOME_COOPERATION_OF_PDCL_PHLP1_AND_TRIC_CCT_IN_G_PROTEIN_BETA_FOLDING	https://www.gsea-msigdb.org/gsea/msigdb/human/geneset/REACTOME_COOPERATION_OF_PDCL_PHLP1_AND_TRIC_CCT_IN_G_PROTEIN_BETA_FOLDING	all excitatory-neuron Bayesian-network genes represented in MSigDB C2:CP	6952	23	24	0		0.0	1.0	1.0	False				
phase18_selenow_excitatory_consensus_v1	MSigDB C2:CP v2026.1 Hs symbols	Excitatory_neurons	REACTOME_COOPERATION_OF_PREFOLDIN_AND_TRIC_CCT_IN_ACTIN_AND_TUBULIN_FOLDING	https://www.gsea-msigdb.org/gsea/msigdb/human/geneset/REACTOME_COOPERATION_OF_PREFOLDIN_AND_TRIC_CCT_IN_ACTIN_AND_TUBULIN_FOLDING	all excitatory-neuron Bayesian-network genes represented in MSigDB C2:CP	6952	23	23	0		0.0	1.0	1.0	False				
phase18_selenow_excitatory_consensus_v1	MSigDB C2:CP v2026.1 Hs symbols	Excitatory_neurons	REACTOME_COPII_MEDIATED_VESICLE_TRANSPORT	https://www.gsea-msigdb.org/gsea/msigdb/human/geneset/REACTOME_COPII_MEDIATED_VESICLE_TRANSPORT	all excitatory-neuron Bayesian-network genes represented in MSigDB C2:CP	6952	23	54	0		0.0	1.0	1.0	False				
phase18_selenow_excitatory_consensus_v1	MSigDB C2:CP v2026.1 Hs symbols	Excitatory_neurons	REACTOME_COPI_DEPENDENT_GOLGI_TO_ER_RETROGRADE_TRAFFIC	https://www.gsea-msigdb.org/gsea/msigdb/human/geneset/REACTOME_COPI_DEPENDENT_GOLGI_TO_ER_RETROGRADE_TRAFFIC	all excitatory-neuron Bayesian-network genes represented in MSigDB C2:CP	6952	23	66	0		0.0	1.0	1.0	False				
phase18_selenow_excitatory_consensus_v1	MSigDB C2:CP v2026.1 Hs symbols	Excitatory_neurons	REACTOME_COPI_INDEPENDENT_GOLGI_TO_ER_RETROGRADE_TRAFFIC	https://www.gsea-msigdb.org/gsea/msigdb/human/geneset/REACTOME_COPI_INDEPENDENT_GOLGI_TO_ER_RETROGRADE_TRAFFIC	all excitatory-neuron Bayesian-network genes represented in MSigDB C2:CP	6952	23	39	0		0.0	1.0	1.0	False				
phase18_selenow_excitatory_consensus_v1	MSigDB C2:CP v2026.1 Hs symbols	Excitatory_neurons	REACTOME_COPI_MEDIATED_ANTEROGRADE_TRANSPORT	https://www.gsea-msigdb.org/gsea/msigdb/human/geneset/REACTOME_COPI_MEDIATED_ANTEROGRADE_TRANSPORT	all excitatory-neuron Bayesian-network genes represented in MSigDB C2:CP	6952	23	78	0		0.0	1.0	1.0	False				
phase18_selenow_excitatory_consensus_v1	MSigDB C2:CP v2026.1 Hs symbols	Excitatory_neurons	REACTOME_CO_STIMULATION_BY_CD28	https://www.gsea-msigdb.org/gsea/msigdb/human/geneset/REACTOME_CO_STIMULATION_BY_CD28	all excitatory-neuron Bayesian-network genes represented in MSigDB C2:CP	6952	23	32	0		0.0	1.0	1.0	False				
phase18_selenow_excitatory_consensus_v1	MSigDB C2:CP v2026.1 Hs symbols	Excitatory_neurons	REACTOME_CREB1_PHOSPHORYLATION_THROUGH_NMDA_RECEPTOR_MEDIATED_ACTIVATION_OF_RAS_SIGNALING	https://www.gsea-msigdb.org/gsea/msigdb/human/geneset/REACTOME_CREB1_PHOSPHORYLATION_THROUGH_NMDA_RECEPTOR_MEDIATED_ACTIVATION_OF_RAS_SIGNALING	all excitatory-neuron Bayesian-network genes represented in MSigDB C2:CP	6952	23	22	0		0.0	1.0	1.0	False				
phase18_selenow_excitatory_consensus_v1	MSigDB C2:CP v2026.1 Hs symbols	Excitatory_neurons	REACTOME_CRISTAE_FORMATION	https://www.gsea-msigdb.org/gsea/msigdb/human/geneset/REACTOME_CRISTAE_FORMATION	all excitatory-neuron Bayesian-network genes represented in MSigDB C2:CP	6952	23	24	0		0.0	1.0	1.0	False				
phase18_selenow_excitatory_consensus_v1	MSigDB C2:CP v2026.1 Hs symbols	Excitatory_neurons	REACTOME_CYCLIN_D_ASSOCIATED_EVENTS_IN_G1	https://www.gsea-msigdb.org/gsea/msigdb/human/geneset/REACTOME_CYCLIN_D_ASSOCIATED_EVENTS_IN_G1	all excitatory-neuron Bayesian-network genes represented in MSigDB C2:CP	6952	23	29	0		0.0	1.0	1.0	False				
phase18_selenow_excitatory_consensus_v1	MSigDB C2:CP v2026.1 Hs symbols	Excitatory_neurons	REACTOME_CYTOPROTECTION_BY_HMOX1	https://www.gsea-msigdb.org/gsea/msigdb/human/geneset/REACTOME_CYTOPROTECTION_BY_HMOX1	all excitatory-neuron Bayesian-network genes represented in MSigDB C2:CP	6952	23	39	0		0.0	1.0	1.0	False				
phase18_selenow_excitatory_consensus_v1	MSigDB C2:CP v2026.1 Hs symbols	Excitatory_neurons	REACTOME_CYTOSOLIC_SENSORS_OF_PATHOGEN_ASSOCIATED_DNA	https://www.gsea-msigdb.org/gsea/msigdb/human/geneset/REACTOME_CYTOSOLIC_SENSORS_OF_PATHOGEN_ASSOCIATED_DNA	all excitatory-neuron Bayesian-network genes represented in MSigDB C2:CP	6952	23	47	0		0.0	1.0	1.0	False				
phase18_selenow_excitatory_consensus_v1	MSigDB C2:CP v2026.1 Hs symbols	Excitatory_neurons	REACTOME_DAG_AND_IP3_SIGNALING	https://www.gsea-msigdb.org/gsea/msigdb/human/geneset/REACTOME_DAG_AND_IP3_SIGNALING	all excitatory-neuron Bayesian-network genes represented in MSigDB C2:CP	6952	23	31	0		0.0	1.0	1.0	False				
phase18_selenow_excitatory_consensus_v1	MSigDB C2:CP v2026.1 Hs symbols	Excitatory_neurons	REACTOME_DAP12_INTERACTIONS	https://www.gsea-msigdb.org/gsea/msigdb/human/geneset/REACTOME_DAP12_INTERACTIONS	all excitatory-neuron Bayesian-network genes represented in MSigDB C2:CP	6952	23	16	0		0.0	1.0	1.0	False				
phase18_selenow_excitatory_consensus_v1	MSigDB C2:CP v2026.1 Hs symbols	Excitatory_neurons	REACTOME_DAP12_SIGNALING	https://www.gsea-msigdb.org/gsea/msigdb/human/geneset/REACTOME_DAP12_SIGNALING	all excitatory-neuron Bayesian-network genes represented in MSigDB C2:CP	6952	23	16	0		0.0	1.0	1.0	False				
phase18_selenow_excitatory_consensus_v1	MSigDB C2:CP v2026.1 Hs symbols	Excitatory_neurons	REACTOME_DARPP_32_EVENTS	https://www.gsea-msigdb.org/gsea/msigdb/human/geneset/REACTOME_DARPP_32_EVENTS	all excitatory-neuron Bayesian-network genes represented in MSigDB C2:CP	6952	23	19	0		0.0	1.0	1.0	False				
phase18_selenow_excitatory_consensus_v1	MSigDB C2:CP v2026.1 Hs symbols	Excitatory_neurons	REACTOME_DDX58_IFIH1_MEDIATED_INDUCTION_OF_INTERFERON_ALPHA_BETA	https://www.gsea-msigdb.org/gsea/msigdb/human/geneset/REACTOME_DDX58_IFIH1_MEDIATED_INDUCTION_OF_INTERFERON_ALPHA_BETA	all excitatory-neuron Bayesian-network genes represented in MSigDB C2:CP	6952	23	47	0		0.0	1.0	1.0	False				
phase18_selenow_excitatory_consensus_v1	MSigDB C2:CP v2026.1 Hs symbols	Excitatory_neurons	REACTOME_DEACTIVATION_OF_THE_BETA_CATENIN_TRANSACTIVATING_COMPLEX	https://www.gsea-msigdb.org/gsea/msigdb/human/geneset/REACTOME_DEACTIVATION_OF_THE_BETA_CATENIN_TRANSACTIVATING_COMPLEX	all excitatory-neuron Bayesian-network genes represented in MSigDB C2:CP	6952	23	31	0		0.0	1.0	1.0	False				
phase18_selenow_excitatory_consensus_v1	MSigDB C2:CP v2026.1 Hs symbols	Excitatory_neurons	REACTOME_DEADENYLATION_DEPENDENT_MRNA_DECAY	https://www.gsea-msigdb.org/gsea/msigdb/human/geneset/REACTOME_DEADENYLATION_DEPENDENT_MRNA_DECAY	all excitatory-neuron Bayesian-network genes represented in MSigDB C2:CP	6952	23	49	0		0.0	1.0	1.0	False				
phase18_selenow_excitatory_consensus_v1	MSigDB C2:CP v2026.1 Hs symbols	Excitatory_neurons	REACTOME_DEADENYLATION_OF_MRNA	https://www.gsea-msigdb.org/gsea/msigdb/human/geneset/REACTOME_DEADENYLATION_OF_MRNA	all excitatory-neuron Bayesian-network genes represented in MSigDB C2:CP	6952	23	25	0		0.0	1.0	1.0	False				
phase18_selenow_excitatory_consensus_v1	MSigDB C2:CP v2026.1 Hs symbols	Excitatory_neurons	REACTOME_DEFECTIVE_INTRINSIC_PATHWAY_FOR_APOPTOSIS	https://www.gsea-msigdb.org/gsea/msigdb/human/geneset/REACTOME_DEFECTIVE_INTRINSIC_PATHWAY_FOR_APOPTOSIS	all excitatory-neuron Bayesian-network genes represented in MSigDB C2:CP	6952	23	16	0		0.0	1.0	1.0	False				
phase18_selenow_excitatory_consensus_v1	MSigDB C2:CP v2026.1 Hs symbols	Excitatory_neurons	REACTOME_DEFECTS_IN_VITAMIN_AND_COFACTOR_METABOLISM	https://www.gsea-msigdb.org/gsea/msigdb/human/geneset/REACTOME_DEFECTS_IN_VITAMIN_AND_COFACTOR_METABOLISM	all excitatory-neuron Bayesian-network genes represented in MSigDB C2:CP	6952	23	18	0		0.0	1.0	1.0	False				
phase18_selenow_excitatory_consensus_v1	MSigDB C2:CP v2026.1 Hs symbols	Excitatory_neurons	REACTOME_DENGUE_VIRUS_ACTIVATES_MODULATES_INNATE_AND_ADAPTIVE_IMMUNE_RESPONSES	https://www.gsea-msigdb.org/gsea/msigdb/human/geneset/REACTOME_DENGUE_VIRUS_ACTIVATES_MODULATES_INNATE_AND_ADAPTIVE_IMMUNE_RESPONSES	all excitatory-neuron Bayesian-network genes represented in MSigDB C2:CP	6952	23	17	0		0.0	1.0	1.0	False				
phase18_selenow_excitatory_consensus_v1	MSigDB C2:CP v2026.1 Hs symbols	Excitatory_neurons	REACTOME_DENGUE_VIRUS_ATTACHMENT_AND_ENTRY	https://www.gsea-msigdb.org/gsea/msigdb/human/geneset/REACTOME_DENGUE_VIRUS_ATTACHMENT_AND_ENTRY	all excitatory-neuron Bayesian-network genes represented in MSigDB C2:CP	6952	23	24	0		0.0	1.0	1.0	False				
phase18_selenow_excitatory_consensus_v1	MSigDB C2:CP v2026.1 Hs symbols	Excitatory_neurons	REACTOME_DENGUE_VIRUS_GENOME_TRANSLATION_AND_REPLICATION	https://www.gsea-msigdb.org/gsea/msigdb/human/geneset/REACTOME_DENGUE_VIRUS_GENOME_TRANSLATION_AND_REPLICATION	all excitatory-neuron Bayesian-network genes represented in MSigDB C2:CP	6952	23	74	0		0.0	1.0	1.0	False				
phase18_selenow_excitatory_consensus_v1	MSigDB C2:CP v2026.1 Hs symbols	Excitatory_neurons	REACTOME_DENGUE_VIRUS_HOST_INTERACTIONS	https://www.gsea-msigdb.org/gsea/msigdb/human/geneset/REACTOME_DENGUE_VIRUS_HOST_INTERACTIONS	all excitatory-neuron Bayesian-network genes represented in MSigDB C2:CP	6952	23	189	0		0.0	1.0	1.0	False				
phase18_selenow_excitatory_consensus_v1	MSigDB C2:CP v2026.1 Hs symbols	Excitatory_neurons	REACTOME_DENGUE_VIRUS_INFECTION	https://www.gsea-msigdb.org/gsea/msigdb/human/geneset/REACTOME_DENGUE_VIRUS_INFECTION	all excitatory-neuron Bayesian-network genes represented in MSigDB C2:CP	6952	23	279	0		0.0	1.0	1.0	False				
phase18_selenow_excitatory_consensus_v1	MSigDB C2:CP v2026.1 Hs symbols	Excitatory_neurons	REACTOME_DENGUE_VIRUS_MODULATES_APOPTOSIS	https://www.gsea-msigdb.org/gsea/msigdb/human/geneset/REACTOME_DENGUE_VIRUS_MODULATES_APOPTOSIS	all excitatory-neuron Bayesian-network genes represented in MSigDB C2:CP	6952	23	15	0		0.0	1.0	1.0	False				
phase18_selenow_excitatory_consensus_v1	MSigDB C2:CP v2026.1 Hs symbols	Excitatory_neurons	REACTOME_DETOXIFICATION_OF_REACTIVE_OXYGEN_SPECIES	https://www.gsea-msigdb.org/gsea/msigdb/human/geneset/REACTOME_DETOXIFICATION_OF_REACTIVE_OXYGEN_SPECIES	all excitatory-neuron Bayesian-network genes represented in MSigDB C2:CP	6952	23	18	0		0.0	1.0	1.0	False				
phase18_selenow_excitatory_consensus_v1	MSigDB C2:CP v2026.1 Hs symbols	Excitatory_neurons	REACTOME_DEVELOPMENTAL_CELL_LINEAGES	https://www.gsea-msigdb.org/gsea/msigdb/human/geneset/REACTOME_DEVELOPMENTAL_CELL_LINEAGES	all excitatory-neuron Bayesian-network genes represented in MSigDB C2:CP	6952	23	17	0		0.0	1.0	1.0	False				
phase18_selenow_excitatory_consensus_v1	MSigDB C2:CP v2026.1 Hs symbols	Excitatory_neurons	REACTOME_DISASSEMBLY_OF_THE_DESTRUCTION_COMPLEX_AND_RECRUITMENT_OF_AXIN_TO_THE_MEMBRANE	https://www.gsea-msigdb.org/gsea/msigdb/human/geneset/REACTOME_DISASSEMBLY_OF_THE_DESTRUCTION_COMPLEX_AND_RECRUITMENT_OF_AXIN_TO_THE_MEMBRANE	all excitatory-neuron Bayesian-network genes represented in MSigDB C2:CP	6952	23	18	0		0.0	1.0	1.0	False				
phase18_selenow_excitatory_consensus_v1	MSigDB C2:CP v2026.1 Hs symbols	Excitatory_neurons	REACTOME_DISEASES_ASSOCIATED_WITH_GLYCOSAMINOGLYCAN_METABOLISM	https://www.gsea-msigdb.org/gsea/msigdb/human/geneset/REACTOME_DISEASES_ASSOCIATED_WITH_GLYCOSAMINOGLYCAN_METABOLISM	all excitatory-neuron Bayesian-network genes represented in MSigDB C2:CP	6952	23	17	0		0.0	1.0	1.0	False				
phase18_selenow_excitatory_consensus_v1	MSigDB C2:CP v2026.1 Hs symbols	Excitatory_neurons	REACTOME_DISEASES_ASSOCIATED_WITH_N_GLYCOSYLATION_OF_PROTEINS	https://www.gsea-msigdb.org/gsea/msigdb/human/geneset/REACTOME_DISEASES_ASSOCIATED_WITH_N_GLYCOSYLATION_OF_PROTEINS	all excitatory-neuron Bayesian-network genes represented in MSigDB C2:CP	6952	23	17	0		0.0	1.0	1.0	False				
phase18_selenow_excitatory_consensus_v1	MSigDB C2:CP v2026.1 Hs symbols	Excitatory_neurons	REACTOME_DISEASES_ASSOCIATED_WITH_O_GLYCOSYLATION_OF_PROTEINS	https://www.gsea-msigdb.org/gsea/msigdb/human/geneset/REACTOME_DISEASES_ASSOCIATED_WITH_O_GLYCOSYLATION_OF_PROTEINS	all excitatory-neuron Bayesian-network genes represented in MSigDB C2:CP	6952	23	20	0		0.0	1.0	1.0	False				
phase18_selenow_excitatory_consensus_v1	MSigDB C2:CP v2026.1 Hs symbols	Excitatory_neurons	REACTOME_DISEASES_OF_CARBOHYDRATE_METABOLISM	https://www.gsea-msigdb.org/gsea/msigdb/human/geneset/REACTOME_DISEASES_OF_CARBOHYDRATE_METABOLISM	all excitatory-neuron Bayesian-network genes represented in MSigDB C2:CP	6952	23	23	0		0.0	1.0	1.0	False				
phase18_selenow_excitatory_consensus_v1	MSigDB C2:CP v2026.1 Hs symbols	Excitatory_neurons	REACTOME_DISEASES_OF_DNA_REPAIR	https://www.gsea-msigdb.org/gsea/msigdb/human/geneset/REACTOME_DISEASES_OF_DNA_REPAIR	all excitatory-neuron Bayesian-network genes represented in MSigDB C2:CP	6952	23	35	0		0.0	1.0	1.0	False				
phase18_selenow_excitatory_consensus_v1	MSigDB C2:CP v2026.1 Hs symbols	Excitatory_neurons	REACTOME_DISEASES_OF_GLYCOSYLATION	https://www.gsea-msigdb.org/gsea/msigdb/human/geneset/REACTOME_DISEASES_OF_GLYCOSYLATION	all excitatory-neuron Bayesian-network genes represented in MSigDB C2:CP	6952	23	66	0		0.0	1.0	1.0	False				
phase18_selenow_excitatory_consensus_v1	MSigDB C2:CP v2026.1 Hs symbols	Excitatory_neurons	REACTOME_DISEASES_OF_METABOLISM	https://www.gsea-msigdb.org/gsea/msigdb/human/geneset/REACTOME_DISEASES_OF_METABOLISM	all excitatory-neuron Bayesian-network genes represented in MSigDB C2:CP	6952	23	132	0		0.0	1.0	1.0	False				
phase18_selenow_excitatory_consensus_v1	MSigDB C2:CP v2026.1 Hs symbols	Excitatory_neurons	REACTOME_DISEASES_OF_MITOTIC_CELL_CYCLE	https://www.gsea-msigdb.org/gsea/msigdb/human/geneset/REACTOME_DISEASES_OF_MITOTIC_CELL_CYCLE	all excitatory-neuron Bayesian-network genes represented in MSigDB C2:CP	6952	23	26	0		0.0	1.0	1.0	False				
phase18_selenow_excitatory_consensus_v1	MSigDB C2:CP v2026.1 Hs symbols	Excitatory_neurons	REACTOME_DISEASES_OF_PROGRAMMED_CELL_DEATH	https://www.gsea-msigdb.org/gsea/msigdb/human/geneset/REACTOME_DISEASES_OF_PROGRAMMED_CELL_DEATH	all excitatory-neuron Bayesian-network genes represented in MSigDB C2:CP	6952	23	29	0		0.0	1.0	1.0	False				
phase18_selenow_excitatory_consensus_v1	MSigDB C2:CP v2026.1 Hs symbols	Excitatory_neurons	REACTOME_DISORDERS_OF_DEVELOPMENTAL_BIOLOGY	https://www.gsea-msigdb.org/gsea/msigdb/human/geneset/REACTOME_DISORDERS_OF_DEVELOPMENTAL_BIOLOGY	all excitatory-neuron Bayesian-network genes represented in MSigDB C2:CP	6952	23	17	0		0.0	1.0	1.0	False				
phase18_selenow_excitatory_consensus_v1	MSigDB C2:CP v2026.1 Hs symbols	Excitatory_neurons	REACTOME_DNA_DAMAGE_BYPASS	https://www.gsea-msigdb.org/gsea/msigdb/human/geneset/REACTOME_DNA_DAMAGE_BYPASS	all excitatory-neuron Bayesian-network genes represented in MSigDB C2:CP	6952	23	39	0		0.0	1.0	1.0	False				
phase18_selenow_excitatory_consensus_v1	MSigDB C2:CP v2026.1 Hs symbols	Excitatory_neurons	REACTOME_DNA_DAMAGE_RECOGNITION_IN_GG_NER	https://www.gsea-msigdb.org/gsea/msigdb/human/geneset/REACTOME_DNA_DAMAGE_RECOGNITION_IN_GG_NER	all excitatory-neuron Bayesian-network genes represented in MSigDB C2:CP	6952	23	34	0		0.0	1.0	1.0	False				
phase18_selenow_excitatory_consensus_v1	MSigDB C2:CP v2026.1 Hs symbols	Excitatory_neurons	REACTOME_DNA_DAMAGE_TELOMERE_STRESS_INDUCED_SENESCENCE	https://www.gsea-msigdb.org/gsea/msigdb/human/geneset/REACTOME_DNA_DAMAGE_TELOMERE_STRESS_INDUCED_SENESCENCE	all excitatory-neuron Bayesian-network genes represented in MSigDB C2:CP	6952	23	18	0		0.0	1.0	1.0	False				
phase18_selenow_excitatory_consensus_v1	MSigDB C2:CP v2026.1 Hs symbols	Excitatory_neurons	REACTOME_DNA_DOUBLE_STRAND_BREAK_REPAIR	https://www.gsea-msigdb.org/gsea/msigdb/human/geneset/REACTOME_DNA_DOUBLE_STRAND_BREAK_REPAIR	all excitatory-neuron Bayesian-network genes represented in MSigDB C2:CP	6952	23	99	0		0.0	1.0	1.0	False				
phase18_selenow_excitatory_consensus_v1	MSigDB C2:CP v2026.1 Hs symbols	Excitatory_neurons	REACTOME_DNA_DOUBLE_STRAND_BREAK_RESPONSE	https://www.gsea-msigdb.org/gsea/msigdb/human/geneset/REACTOME_DNA_DOUBLE_STRAND_BREAK_RESPONSE	all excitatory-neuron Bayesian-network genes represented in MSigDB C2:CP	6952	23	35	0		0.0	1.0	1.0	False				
phase18_selenow_excitatory_consensus_v1	MSigDB C2:CP v2026.1 Hs symbols	Excitatory_neurons	REACTOME_DNA_REPAIR	https://www.gsea-msigdb.org/gsea/msigdb/human/geneset/REACTOME_DNA_REPAIR	all excitatory-neuron Bayesian-network genes represented in MSigDB C2:CP	6952	23	223	0		0.0	1.0	1.0	False				
phase18_selenow_excitatory_consensus_v1	MSigDB C2:CP v2026.1 Hs symbols	Excitatory_neurons	REACTOME_DNA_STRAND_ELONGATION	https://www.gsea-msigdb.org/gsea/msigdb/human/geneset/REACTOME_DNA_STRAND_ELONGATION	all excitatory-neuron Bayesian-network genes represented in MSigDB C2:CP	6952	23	23	0		0.0	1.0	1.0	False				
phase18_selenow_excitatory_consensus_v1	MSigDB C2:CP v2026.1 Hs symbols	Excitatory_neurons	REACTOME_DOPAMINE_NEUROTRANSMITTER_RELEASE_CYCLE	https://www.gsea-msigdb.org/gsea/msigdb/human/geneset/REACTOME_DOPAMINE_NEUROTRANSMITTER_RELEASE_CYCLE	all excitatory-neuron Bayesian-network genes represented in MSigDB C2:CP	6952	23	21	0		0.0	1.0	1.0	False				
phase18_selenow_excitatory_consensus_v1	MSigDB C2:CP v2026.1 Hs symbols	Excitatory_neurons	REACTOME_DOWNREGULATION_OF_ERBB2_SIGNALING	https://www.gsea-msigdb.org/gsea/msigdb/human/geneset/REACTOME_DOWNREGULATION_OF_ERBB2_SIGNALING	all excitatory-neuron Bayesian-network genes represented in MSigDB C2:CP	6952	23	21	0		0.0	1.0	1.0	False				
phase18_selenow_excitatory_consensus_v1	MSigDB C2:CP v2026.1 Hs symbols	Excitatory_neurons	REACTOME_DOWNREGULATION_OF_SMAD2_3_SMAD4_TRANSCRIPTIONAL_ACTIVITY	https://www.gsea-msigdb.org/gsea/msigdb/human/geneset/REACTOME_DOWNREGULATION_OF_SMAD2_3_SMAD4_TRANSCRIPTIONAL_ACTIVITY	all excitatory-neuron Bayesian-network genes represented in MSigDB C2:CP	6952	23	25	0		0.0	1.0	1.0	False				
phase18_selenow_excitatory_consensus_v1	MSigDB C2:CP v2026.1 Hs symbols	Excitatory_neurons	REACTOME_DOWNSTREAM_SIGNALING_OF_ACTIVATED_FGFR1	https://www.gsea-msigdb.org/gsea/msigdb/human/geneset/REACTOME_DOWNSTREAM_SIGNALING_OF_ACTIVATED_FGFR1	all excitatory-neuron Bayesian-network genes represented in MSigDB C2:CP	6952	23	18	0		0.0	1.0	1.0	False				
phase18_selenow_excitatory_consensus_v1	MSigDB C2:CP v2026.1 Hs symbols	Excitatory_neurons	REACTOME_DOWNSTREAM_SIGNALING_OF_ACTIVATED_FGFR2	https://www.gsea-msigdb.org/gsea/msigdb/human/geneset/REACTOME_DOWNSTREAM_SIGNALING_OF_ACTIVATED_FGFR2	all excitatory-neuron Bayesian-network genes represented in MSigDB C2:CP	6952	23	16	0		0.0	1.0	1.0	False				
phase18_selenow_excitatory_consensus_v1	MSigDB C2:CP v2026.1 Hs symbols	Excitatory_neurons	REACTOME_DOWNSTREAM_SIGNALING_OF_ACTIVATED_FGFR3	https://www.gsea-msigdb.org/gsea/msigdb/human/geneset/REACTOME_DOWNSTREAM_SIGNALING_OF_ACTIVATED_FGFR3	all excitatory-neuron Bayesian-network genes represented in MSigDB C2:CP	6952	23	16	0		0.0	1.0	1.0	False				
phase18_selenow_excitatory_consensus_v1	MSigDB C2:CP v2026.1 Hs symbols	Excitatory_neurons	REACTOME_DOWNSTREAM_SIGNALING_OF_ACTIVATED_FGFR4	https://www.gsea-msigdb.org/gsea/msigdb/human/geneset/REACTOME_DOWNSTREAM_SIGNALING_OF_ACTIVATED_FGFR4	all excitatory-neuron Bayesian-network genes represented in MSigDB C2:CP	6952	23	15	0		0.0	1.0	1.0	False				
phase18_selenow_excitatory_consensus_v1	MSigDB C2:CP v2026.1 Hs symbols	Excitatory_neurons	REACTOME_DOWNSTREAM_SIGNAL_TRANSDUCTION	https://www.gsea-msigdb.org/gsea/msigdb/human/geneset/REACTOME_DOWNSTREAM_SIGNAL_TRANSDUCTION	all excitatory-neuron Bayesian-network genes represented in MSigDB C2:CP	6952	23	24	0		0.0	1.0	1.0	False				
phase18_selenow_excitatory_consensus_v1	MSigDB C2:CP v2026.1 Hs symbols	Excitatory_neurons	REACTOME_DUAL_INCISION_IN_GG_NER	https://www.gsea-msigdb.org/gsea/msigdb/human/geneset/REACTOME_DUAL_INCISION_IN_GG_NER	all excitatory-neuron Bayesian-network genes represented in MSigDB C2:CP	6952	23	36	0		0.0	1.0	1.0	False				
phase18_selenow_excitatory_consensus_v1	MSigDB C2:CP v2026.1 Hs symbols	Excitatory_neurons	REACTOME_DUAL_INCISION_IN_TC_NER	https://www.gsea-msigdb.org/gsea/msigdb/human/geneset/REACTOME_DUAL_INCISION_IN_TC_NER	all excitatory-neuron Bayesian-network genes represented in MSigDB C2:CP	6952	23	56	0		0.0	1.0	1.0	False				
phase18_selenow_excitatory_consensus_v1	MSigDB C2:CP v2026.1 Hs symbols	Excitatory_neurons	REACTOME_E2F_MEDIATED_REGULATION_OF_DNA_REPLICATION	https://www.gsea-msigdb.org/gsea/msigdb/human/geneset/REACTOME_E2F_MEDIATED_REGULATION_OF_DNA_REPLICATION	all excitatory-neuron Bayesian-network genes represented in MSigDB C2:CP	6952	23	16	0		0.0	1.0	1.0	False				
phase18_selenow_excitatory_consensus_v1	MSigDB C2:CP v2026.1 Hs symbols	Excitatory_neurons	REACTOME_E3_UBIQUITIN_LIGASES_UBIQUITINATE_TARGET_PROTEINS	https://www.gsea-msigdb.org/gsea/msigdb/human/geneset/REACTOME_E3_UBIQUITIN_LIGASES_UBIQUITINATE_TARGET_PROTEINS	all excitatory-neuron Bayesian-network genes represented in MSigDB C2:CP	6952	23	39	0		0.0	1.0	1.0	False				
phase18_selenow_excitatory_consensus_v1	MSigDB C2:CP v2026.1 Hs symbols	Excitatory_neurons	REACTOME_EARLY_SARS_COV_2_INFECTION_EVENTS	https://www.gsea-msigdb.org/gsea/msigdb/human/geneset/REACTOME_EARLY_SARS_COV_2_INFECTION_EVENTS	all excitatory-neuron Bayesian-network genes represented in MSigDB C2:CP	6952	23	24	0		0.0	1.0	1.0	False				
phase18_selenow_excitatory_consensus_v1	MSigDB C2:CP v2026.1 Hs symbols	Excitatory_neurons	REACTOME_ECM_PROTEOGLYCANS	https://www.gsea-msigdb.org/gsea/msigdb/human/geneset/REACTOME_ECM_PROTEOGLYCANS	all excitatory-neuron Bayesian-network genes represented in MSigDB C2:CP	6952	23	21	0		0.0	1.0	1.0	False				
phase18_selenow_excitatory_consensus_v1	MSigDB C2:CP v2026.1 Hs symbols	Excitatory_neurons	REACTOME_EFFECTS_OF_PIP2_HYDROLYSIS	https://www.gsea-msigdb.org/gsea/msigdb/human/geneset/REACTOME_EFFECTS_OF_PIP2_HYDROLYSIS	all excitatory-neuron Bayesian-network genes represented in MSigDB C2:CP	6952	23	19	0		0.0	1.0	1.0	False				
phase18_selenow_excitatory_consensus_v1	MSigDB C2:CP v2026.1 Hs symbols	Excitatory_neurons	REACTOME_EGFR_DOWNREGULATION	https://www.gsea-msigdb.org/gsea/msigdb/human/geneset/REACTOME_EGFR_DOWNREGULATION	all excitatory-neuron Bayesian-network genes represented in MSigDB C2:CP	6952	23	21	0		0.0	1.0	1.0	False				
phase18_selenow_excitatory_consensus_v1	MSigDB C2:CP v2026.1 Hs symbols	Excitatory_neurons	REACTOME_EGR2_AND_SOX10_MEDIATED_INITIATION_OF_SCHWANN_CELL_MYELINATION	https://www.gsea-msigdb.org/gsea/msigdb/human/geneset/REACTOME_EGR2_AND_SOX10_MEDIATED_INITIATION_OF_SCHWANN_CELL_MYELINATION	all excitatory-neuron Bayesian-network genes represented in MSigDB C2:CP	6952	23	16	0		0.0	1.0	1.0	False				
phase18_selenow_excitatory_consensus_v1	MSigDB C2:CP v2026.1 Hs symbols	Excitatory_neurons	REACTOME_ENDOSOMAL_SORTING_COMPLEX_REQUIRED_FOR_TRANSPORT_ESCRT	https://www.gsea-msigdb.org/gsea/msigdb/human/geneset/REACTOME_ENDOSOMAL_SORTING_COMPLEX_REQUIRED_FOR_TRANSPORT_ESCRT	all excitatory-neuron Bayesian-network genes represented in MSigDB C2:CP	6952	23	29	0		0.0	1.0	1.0	False				
phase18_selenow_excitatory_consensus_v1	MSigDB C2:CP v2026.1 Hs symbols	Excitatory_neurons	REACTOME_EPHA_MEDIATED_GROWTH_CONE_COLLAPSE	https://www.gsea-msigdb.org/gsea/msigdb/human/geneset/REACTOME_EPHA_MEDIATED_GROWTH_CONE_COLLAPSE	all excitatory-neuron Bayesian-network genes represented in MSigDB C2:CP	6952	23	15	0		0.0	1.0	1.0	False				
phase18_selenow_excitatory_consensus_v1	MSigDB C2:CP v2026.1 Hs symbols	Excitatory_neurons	REACTOME_EPHB_MEDIATED_FORWARD_SIGNALING	https://www.gsea-msigdb.org/gsea/msigdb/human/geneset/REACTOME_EPHB_MEDIATED_FORWARD_SIGNALING	all excitatory-neuron Bayesian-network genes represented in MSigDB C2:CP	6952	23	31	0		0.0	1.0	1.0	False				
phase18_selenow_excitatory_consensus_v1	MSigDB C2:CP v2026.1 Hs symbols	Excitatory_neurons	REACTOME_EPIGENETIC_REGULATION_BY_WDR5_CONTAINING_HISTONE_MODIFYING_COMPLEXES	https://www.gsea-msigdb.org/gsea/msigdb/human/geneset/REACTOME_EPIGENETIC_REGULATION_BY_WDR5_CONTAINING_HISTONE_MODIFYING_COMPLEXES	all excitatory-neuron Bayesian-network genes represented in MSigDB C2:CP	6952	23	87	0		0.0	1.0	1.0	False				
phase18_selenow_excitatory_consensus_v1	MSigDB C2:CP v2026.1 Hs symbols	Excitatory_neurons	REACTOME_EPIGENETIC_REGULATION_OF_GENE_EXPRESSION	https://www.gsea-msigdb.org/gsea/msigdb/human/geneset/REACTOME_EPIGENETIC_REGULATION_OF_GENE_EXPRESSION	all excitatory-neuron Bayesian-network genes represented in MSigDB C2:CP	6952	23	211	0		0.0	1.0	1.0	False				
phase18_selenow_excitatory_consensus_v1	MSigDB C2:CP v2026.1 Hs symbols	Excitatory_neurons	REACTOME_EPIGENETIC_REGULATION_OF_GENE_EXPRESSION_BY_MLL3_AND_MLL4_COMPLEXES	https://www.gsea-msigdb.org/gsea/msigdb/human/geneset/REACTOME_EPIGENETIC_REGULATION_OF_GENE_EXPRESSION_BY_MLL3_AND_MLL4_COMPLEXES	all excitatory-neuron Bayesian-network genes represented in MSigDB C2:CP	6952	23	56	0		0.0	1.0	1.0	False				
phase18_selenow_excitatory_consensus_v1	MSigDB C2:CP v2026.1 Hs symbols	Excitatory_neurons	REACTOME_ERK_MAPK_TARGETS	https://www.gsea-msigdb.org/gsea/msigdb/human/geneset/REACTOME_ERK_MAPK_TARGETS	all excitatory-neuron Bayesian-network genes represented in MSigDB C2:CP	6952	23	17	0		0.0	1.0	1.0	False				
phase18_selenow_excitatory_consensus_v1	MSigDB C2:CP v2026.1 Hs symbols	Excitatory_neurons	REACTOME_ER_QUALITY_CONTROL_COMPARTMENT_ERQC	https://www.gsea-msigdb.org/gsea/msigdb/human/geneset/REACTOME_ER_QUALITY_CONTROL_COMPARTMENT_ERQC	all excitatory-neuron Bayesian-network genes represented in MSigDB C2:CP	6952	23	18	0		0.0	1.0	1.0	False				
phase18_selenow_excitatory_consensus_v1	MSigDB C2:CP v2026.1 Hs symbols	Excitatory_neurons	REACTOME_ER_TO_GOLGI_ANTEROGRADE_TRANSPORT	https://www.gsea-msigdb.org/gsea/msigdb/human/geneset/REACTOME_ER_TO_GOLGI_ANTEROGRADE_TRANSPORT	all excitatory-neuron Bayesian-network genes represented in MSigDB C2:CP	6952	23	120	0		0.0	1.0	1.0	False				
phase18_selenow_excitatory_consensus_v1	MSigDB C2:CP v2026.1 Hs symbols	Excitatory_neurons	REACTOME_ESR_MEDIATED_SIGNALING	https://www.gsea-msigdb.org/gsea/msigdb/human/geneset/REACTOME_ESR_MEDIATED_SIGNALING	all excitatory-neuron Bayesian-network genes represented in MSigDB C2:CP	6952	23	111	0		0.0	1.0	1.0	False				
phase18_selenow_excitatory_consensus_v1	MSigDB C2:CP v2026.1 Hs symbols	Excitatory_neurons	REACTOME_ESTROGEN_DEPENDENT_GENE_EXPRESSION	https://www.gsea-msigdb.org/gsea/msigdb/human/geneset/REACTOME_ESTROGEN_DEPENDENT_GENE_EXPRESSION	all excitatory-neuron Bayesian-network genes represented in MSigDB C2:CP	6952	23	70	0		0.0	1.0	1.0	False				
phase18_selenow_excitatory_consensus_v1	MSigDB C2:CP v2026.1 Hs symbols	Excitatory_neurons	REACTOME_EUKARYOTIC_TRANSLATION_ELONGATION	https://www.gsea-msigdb.org/gsea/msigdb/human/geneset/REACTOME_EUKARYOTIC_TRANSLATION_ELONGATION	all excitatory-neuron Bayesian-network genes represented in MSigDB C2:CP	6952	23	78	0		0.0	1.0	1.0	False				
phase18_selenow_excitatory_consensus_v1	MSigDB C2:CP v2026.1 Hs symbols	Excitatory_neurons	REACTOME_EUKARYOTIC_TRANSLATION_INITIATION	https://www.gsea-msigdb.org/gsea/msigdb/human/geneset/REACTOME_EUKARYOTIC_TRANSLATION_INITIATION	all excitatory-neuron Bayesian-network genes represented in MSigDB C2:CP	6952	23	102	0		0.0	1.0	1.0	False				
phase18_selenow_excitatory_consensus_v1	MSigDB C2:CP v2026.1 Hs symbols	Excitatory_neurons	REACTOME_EVASION_BY_RSV_OF_HOST_INTERFERON_RESPONSES	https://www.gsea-msigdb.org/gsea/msigdb/human/geneset/REACTOME_EVASION_BY_RSV_OF_HOST_INTERFERON_RESPONSES	all excitatory-neuron Bayesian-network genes represented in MSigDB C2:CP	6952	23	18	0		0.0	1.0	1.0	False				
phase18_selenow_excitatory_consensus_v1	MSigDB C2:CP v2026.1 Hs symbols	Excitatory_neurons	REACTOME_EXPORT_OF_VIRAL_RIBONUCLEOPROTEINS_FROM_NUCLEUS	https://www.gsea-msigdb.org/gsea/msigdb/human/geneset/REACTOME_EXPORT_OF_VIRAL_RIBONUCLEOPROTEINS_FROM_NUCLEUS	all excitatory-neuron Bayesian-network genes represented in MSigDB C2:CP	6952	23	30	0		0.0	1.0	1.0	False				
phase18_selenow_excitatory_consensus_v1	MSigDB C2:CP v2026.1 Hs symbols	Excitatory_neurons	REACTOME_EXPRESSION_OF_BMAL_ARNTL_CLOCK_AND_NPAS2	https://www.gsea-msigdb.org/gsea/msigdb/human/geneset/REACTOME_EXPRESSION_OF_BMAL_ARNTL_CLOCK_AND_NPAS2	all excitatory-neuron Bayesian-network genes represented in MSigDB C2:CP	6952	23	30	0		0.0	1.0	1.0	False				
phase18_selenow_excitatory_consensus_v1	MSigDB C2:CP v2026.1 Hs symbols	Excitatory_neurons	REACTOME_EXTENSION_OF_TELOMERES	https://www.gsea-msigdb.org/gsea/msigdb/human/geneset/REACTOME_EXTENSION_OF_TELOMERES	all excitatory-neuron Bayesian-network genes represented in MSigDB C2:CP	6952	23	35	0		0.0	1.0	1.0	False				
phase18_selenow_excitatory_consensus_v1	MSigDB C2:CP v2026.1 Hs symbols	Excitatory_neurons	REACTOME_EXTRA_NUCLEAR_ESTROGEN_SIGNALING	https://www.gsea-msigdb.org/gsea/msigdb/human/geneset/REACTOME_EXTRA_NUCLEAR_ESTROGEN_SIGNALING	all excitatory-neuron Bayesian-network genes represented in MSigDB C2:CP	6952	23	42	0		0.0	1.0	1.0	False				
phase18_selenow_excitatory_consensus_v1	MSigDB C2:CP v2026.1 Hs symbols	Excitatory_neurons	REACTOME_FACTORS_INVOLVED_IN_MEGAKARYOCYTE_DEVELOPMENT_AND_PLATELET_PRODUCTION	https://www.gsea-msigdb.org/gsea/msigdb/human/geneset/REACTOME_FACTORS_INVOLVED_IN_MEGAKARYOCYTE_DEVELOPMENT_AND_PLATELET_PRODUCTION	all excitatory-neuron Bayesian-network genes represented in MSigDB C2:CP	6952	23	83	0		0.0	1.0	1.0	False				
phase18_selenow_excitatory_consensus_v1	MSigDB C2:CP v2026.1 Hs symbols	Excitatory_neurons	REACTOME_FANCONI_ANEMIA_PATHWAY	https://www.gsea-msigdb.org/gsea/msigdb/human/geneset/REACTOME_FANCONI_ANEMIA_PATHWAY	all excitatory-neuron Bayesian-network genes represented in MSigDB C2:CP	6952	23	27	0		0.0	1.0	1.0	False				
phase18_selenow_excitatory_consensus_v1	MSigDB C2:CP v2026.1 Hs symbols	Excitatory_neurons	REACTOME_FATTY_ACID_METABOLISM	https://www.gsea-msigdb.org/gsea/msigdb/human/geneset/REACTOME_FATTY_ACID_METABOLISM	all excitatory-neuron Bayesian-network genes represented in MSigDB C2:CP	6952	23	84	0		0.0	1.0	1.0	False				
phase18_selenow_excitatory_consensus_v1	MSigDB C2:CP v2026.1 Hs symbols	Excitatory_neurons	REACTOME_FATTY_ACYL_COA_BIOSYNTHESIS	https://www.gsea-msigdb.org/gsea/msigdb/human/geneset/REACTOME_FATTY_ACYL_COA_BIOSYNTHESIS	all excitatory-neuron Bayesian-network genes represented in MSigDB C2:CP	6952	23	22	0		0.0	1.0	1.0	False				
phase18_selenow_excitatory_consensus_v1	MSigDB C2:CP v2026.1 Hs symbols	Excitatory_neurons	REACTOME_FCERI_MEDIATED_MAPK_ACTIVATION	https://www.gsea-msigdb.org/gsea/msigdb/human/geneset/REACTOME_FCERI_MEDIATED_MAPK_ACTIVATION	all excitatory-neuron Bayesian-network genes represented in MSigDB C2:CP	6952	23	21	0		0.0	1.0	1.0	False				
phase18_selenow_excitatory_consensus_v1	MSigDB C2:CP v2026.1 Hs symbols	Excitatory_neurons	REACTOME_FCGR3A_MEDIATED_IL10_SYNTHESIS	https://www.gsea-msigdb.org/gsea/msigdb/human/geneset/REACTOME_FCGR3A_MEDIATED_IL10_SYNTHESIS	all excitatory-neuron Bayesian-network genes represented in MSigDB C2:CP	6952	23	22	0		0.0	1.0	1.0	False				
phase18_selenow_excitatory_consensus_v1	MSigDB C2:CP v2026.1 Hs symbols	Excitatory_neurons	REACTOME_FGFR1_MUTANT_RECEPTOR_ACTIVATION	https://www.gsea-msigdb.org/gsea/msigdb/human/geneset/REACTOME_FGFR1_MUTANT_RECEPTOR_ACTIVATION	all excitatory-neuron Bayesian-network genes represented in MSigDB C2:CP	6952	23	23	0		0.0	1.0	1.0	False				
phase18_selenow_excitatory_consensus_v1	MSigDB C2:CP v2026.1 Hs symbols	Excitatory_neurons	REACTOME_FGFR2_ALTERNATIVE_SPLICING	https://www.gsea-msigdb.org/gsea/msigdb/human/geneset/REACTOME_FGFR2_ALTERNATIVE_SPLICING	all excitatory-neuron Bayesian-network genes represented in MSigDB C2:CP	6952	23	22	0		0.0	1.0	1.0	False				
phase18_selenow_excitatory_consensus_v1	MSigDB C2:CP v2026.1 Hs symbols	Excitatory_neurons	REACTOME_FGFR2_MUTANT_RECEPTOR_ACTIVATION	https://www.gsea-msigdb.org/gsea/msigdb/human/geneset/REACTOME_FGFR2_MUTANT_RECEPTOR_ACTIVATION	all excitatory-neuron Bayesian-network genes represented in MSigDB C2:CP	6952	23	19	0		0.0	1.0	1.0	False				
phase18_selenow_excitatory_consensus_v1	MSigDB C2:CP v2026.1 Hs symbols	Excitatory_neurons	REACTOME_FLT3_SIGNALING	https://www.gsea-msigdb.org/gsea/msigdb/human/geneset/REACTOME_FLT3_SIGNALING	all excitatory-neuron Bayesian-network genes represented in MSigDB C2:CP	6952	23	28	0		0.0	1.0	1.0	False				
phase18_selenow_excitatory_consensus_v1	MSigDB C2:CP v2026.1 Hs symbols	Excitatory_neurons	REACTOME_FLT3_SIGNALING_IN_DISEASE	https://www.gsea-msigdb.org/gsea/msigdb/human/geneset/REACTOME_FLT3_SIGNALING_IN_DISEASE	all excitatory-neuron Bayesian-network genes represented in MSigDB C2:CP	6952	23	23	0		0.0	1.0	1.0	False				
phase18_selenow_excitatory_consensus_v1	MSigDB C2:CP v2026.1 Hs symbols	Excitatory_neurons	REACTOME_FORMATION_OF_INCISION_COMPLEX_IN_GG_NER	https://www.gsea-msigdb.org/gsea/msigdb/human/geneset/REACTOME_FORMATION_OF_INCISION_COMPLEX_IN_GG_NER	all excitatory-neuron Bayesian-network genes represented in MSigDB C2:CP	6952	23	40	0		0.0	1.0	1.0	False				
phase18_selenow_excitatory_consensus_v1	MSigDB C2:CP v2026.1 Hs symbols	Excitatory_neurons	REACTOME_FORMATION_OF_NEURONAL_PROGENITOR_AND_NEURONAL_BAF_NPBAF_AND_NBAF	https://www.gsea-msigdb.org/gsea/msigdb/human/geneset/REACTOME_FORMATION_OF_NEURONAL_PROGENITOR_AND_NEURONAL_BAF_NPBAF_AND_NBAF	all excitatory-neuron Bayesian-network genes represented in MSigDB C2:CP	6952	23	21	0		0.0	1.0	1.0	False				
phase18_selenow_excitatory_consensus_v1	MSigDB C2:CP v2026.1 Hs symbols	Excitatory_neurons	REACTOME_FORMATION_OF_RNA_POL_II_ELONGATION_COMPLEX	https://www.gsea-msigdb.org/gsea/msigdb/human/geneset/REACTOME_FORMATION_OF_RNA_POL_II_ELONGATION_COMPLEX	all excitatory-neuron Bayesian-network genes represented in MSigDB C2:CP	6952	23	54	0		0.0	1.0	1.0	False				
phase18_selenow_excitatory_consensus_v1	MSigDB C2:CP v2026.1 Hs symbols	Excitatory_neurons	REACTOME_FORMATION_OF_TC_NER_PRE_INCISION_COMPLEX	https://www.gsea-msigdb.org/gsea/msigdb/human/geneset/REACTOME_FORMATION_OF_TC_NER_PRE_INCISION_COMPLEX	all excitatory-neuron Bayesian-network genes represented in MSigDB C2:CP	6952	23	47	0		0.0	1.0	1.0	False				
phase18_selenow_excitatory_consensus_v1	MSigDB C2:CP v2026.1 Hs symbols	Excitatory_neurons	REACTOME_FORMATION_OF_THE_BETA_CATENIN_TCF_TRANSACTIVATING_COMPLEX	https://www.gsea-msigdb.org/gsea/msigdb/human/geneset/REACTOME_FORMATION_OF_THE_BETA_CATENIN_TCF_TRANSACTIVATING_COMPLEX	all excitatory-neuron Bayesian-network genes represented in MSigDB C2:CP	6952	23	25	0		0.0	1.0	1.0	False				
phase18_selenow_excitatory_consensus_v1	MSigDB C2:CP v2026.1 Hs symbols	Excitatory_neurons	REACTOME_FORMATION_OF_THE_CANONICAL_BAF_CBAF_COMPLEX	https://www.gsea-msigdb.org/gsea/msigdb/human/geneset/REACTOME_FORMATION_OF_THE_CANONICAL_BAF_CBAF_COMPLEX	all excitatory-neuron Bayesian-network genes represented in MSigDB C2:CP	6952	23	16	0		0.0	1.0	1.0	False				
phase18_selenow_excitatory_consensus_v1	MSigDB C2:CP v2026.1 Hs symbols	Excitatory_neurons	REACTOME_FORMATION_OF_THE_DYSTROPHIN_GLYCOPROTEIN_COMPLEX_DGC	https://www.gsea-msigdb.org/gsea/msigdb/human/geneset/REACTOME_FORMATION_OF_THE_DYSTROPHIN_GLYCOPROTEIN_COMPLEX_DGC	all excitatory-neuron Bayesian-network genes represented in MSigDB C2:CP	6952	23	19	0		0.0	1.0	1.0	False				
phase18_selenow_excitatory_consensus_v1	MSigDB C2:CP v2026.1 Hs symbols	Excitatory_neurons	REACTOME_FORMATION_OF_THE_EARLY_ELONGATION_COMPLEX	https://www.gsea-msigdb.org/gsea/msigdb/human/geneset/REACTOME_FORMATION_OF_THE_EARLY_ELONGATION_COMPLEX	all excitatory-neuron Bayesian-network genes represented in MSigDB C2:CP	6952	23	31	0		0.0	1.0	1.0	False				
phase18_selenow_excitatory_consensus_v1	MSigDB C2:CP v2026.1 Hs symbols	Excitatory_neurons	REACTOME_FORMATION_OF_THE_EMBRYONIC_STEM_CELL_BAF_ESBAF_COMPLEX	https://www.gsea-msigdb.org/gsea/msigdb/human/geneset/REACTOME_FORMATION_OF_THE_EMBRYONIC_STEM_CELL_BAF_ESBAF_COMPLEX	all excitatory-neuron Bayesian-network genes represented in MSigDB C2:CP	6952	23	15	0		0.0	1.0	1.0	False				
phase18_selenow_excitatory_consensus_v1	MSigDB C2:CP v2026.1 Hs symbols	Excitatory_neurons	REACTOME_FORMATION_OF_THE_NON_CANONICAL_BAF_NCBAF_COMPLEX	https://www.gsea-msigdb.org/gsea/msigdb/human/geneset/REACTOME_FORMATION_OF_THE_NON_CANONICAL_BAF_NCBAF_COMPLEX	all excitatory-neuron Bayesian-network genes represented in MSigDB C2:CP	6952	23	15	0		0.0	1.0	1.0	False				
phase18_selenow_excitatory_consensus_v1	MSigDB C2:CP v2026.1 Hs symbols	Excitatory_neurons	REACTOME_FORMATION_OF_THE_POLYBROMO_BAF_PBAF_COMPLEX	https://www.gsea-msigdb.org/gsea/msigdb/human/geneset/REACTOME_FORMATION_OF_THE_POLYBROMO_BAF_PBAF_COMPLEX	all excitatory-neuron Bayesian-network genes represented in MSigDB C2:CP	6952	23	16	0		0.0	1.0	1.0	False				
phase18_selenow_excitatory_consensus_v1	MSigDB C2:CP v2026.1 Hs symbols	Excitatory_neurons	REACTOME_FORMATION_OF_TUBULIN_FOLDING_INTERMEDIATES_BY_CCT_TRIC	https://www.gsea-msigdb.org/gsea/msigdb/human/geneset/REACTOME_FORMATION_OF_TUBULIN_FOLDING_INTERMEDIATES_BY_CCT_TRIC	all excitatory-neuron Bayesian-network genes represented in MSigDB C2:CP	6952	23	16	0		0.0	1.0	1.0	False				
phase18_selenow_excitatory_consensus_v1	MSigDB C2:CP v2026.1 Hs symbols	Excitatory_neurons	REACTOME_FORMATION_OF_WDR5_CONTAINING_HISTONE_MODIFYING_COMPLEXES	https://www.gsea-msigdb.org/gsea/msigdb/human/geneset/REACTOME_FORMATION_OF_WDR5_CONTAINING_HISTONE_MODIFYING_COMPLEXES	all excitatory-neuron Bayesian-network genes represented in MSigDB C2:CP	6952	23	40	0		0.0	1.0	1.0	False				
phase18_selenow_excitatory_consensus_v1	MSigDB C2:CP v2026.1 Hs symbols	Excitatory_neurons	REACTOME_FOXO_MEDIATED_TRANSCRIPTION	https://www.gsea-msigdb.org/gsea/msigdb/human/geneset/REACTOME_FOXO_MEDIATED_TRANSCRIPTION	all excitatory-neuron Bayesian-network genes represented in MSigDB C2:CP	6952	23	38	0		0.0	1.0	1.0	False				
phase18_selenow_excitatory_consensus_v1	MSigDB C2:CP v2026.1 Hs symbols	Excitatory_neurons	REACTOME_G2_M_DNA_DAMAGE_CHECKPOINT	https://www.gsea-msigdb.org/gsea/msigdb/human/geneset/REACTOME_G2_M_DNA_DAMAGE_CHECKPOINT	all excitatory-neuron Bayesian-network genes represented in MSigDB C2:CP	6952	23	42	0		0.0	1.0	1.0	False				
phase18_selenow_excitatory_consensus_v1	MSigDB C2:CP v2026.1 Hs symbols	Excitatory_neurons	REACTOME_GABA_B_RECEPTOR_ACTIVATION	https://www.gsea-msigdb.org/gsea/msigdb/human/geneset/REACTOME_GABA_B_RECEPTOR_ACTIVATION	all excitatory-neuron Bayesian-network genes represented in MSigDB C2:CP	6952	23	23	0		0.0	1.0	1.0	False				
phase18_selenow_excitatory_consensus_v1	MSigDB C2:CP v2026.1 Hs symbols	Excitatory_neurons	REACTOME_GABA_RECEPTOR_ACTIVATION	https://www.gsea-msigdb.org/gsea/msigdb/human/geneset/REACTOME_GABA_RECEPTOR_ACTIVATION	all excitatory-neuron Bayesian-network genes represented in MSigDB C2:CP	6952	23	32	0		0.0	1.0	1.0	False				
phase18_selenow_excitatory_consensus_v1	MSigDB C2:CP v2026.1 Hs symbols	Excitatory_neurons	REACTOME_GAMMA_CARBOXYLATION_HYPUSINYLATION_HYDROXYLATION_AND_ARYLSULFATASE_ACTIVATION	https://www.gsea-msigdb.org/gsea/msigdb/human/geneset/REACTOME_GAMMA_CARBOXYLATION_HYPUSINYLATION_HYDROXYLATION_AND_ARYLSULFATASE_ACTIVATION	all excitatory-neuron Bayesian-network genes represented in MSigDB C2:CP	6952	23	44	0		0.0	1.0	1.0	False				
phase18_selenow_excitatory_consensus_v1	MSigDB C2:CP v2026.1 Hs symbols	Excitatory_neurons	REACTOME_GAP_FILLING_DNA_REPAIR_SYNTHESIS_AND_LIGATION_IN_GG_NER	https://www.gsea-msigdb.org/gsea/msigdb/human/geneset/REACTOME_GAP_FILLING_DNA_REPAIR_SYNTHESIS_AND_LIGATION_IN_GG_NER	all excitatory-neuron Bayesian-network genes represented in MSigDB C2:CP	6952	23	22	0		0.0	1.0	1.0	False				
phase18_selenow_excitatory_consensus_v1	MSigDB C2:CP v2026.1 Hs symbols	Excitatory_neurons	REACTOME_GAP_JUNCTION_TRAFFICKING_AND_REGULATION	https://www.gsea-msigdb.org/gsea/msigdb/human/geneset/REACTOME_GAP_JUNCTION_TRAFFICKING_AND_REGULATION	all excitatory-neuron Bayesian-network genes represented in MSigDB C2:CP	6952	23	20	0		0.0	1.0	1.0	False				
phase18_selenow_excitatory_consensus_v1	MSigDB C2:CP v2026.1 Hs symbols	Excitatory_neurons	REACTOME_GENE_AND_PROTEIN_EXPRESSION_BY_JAK_STAT_SIGNALING_AFTER_INTERLEUKIN_12_STIMULATION	https://www.gsea-msigdb.org/gsea/msigdb/human/geneset/REACTOME_GENE_AND_PROTEIN_EXPRESSION_BY_JAK_STAT_SIGNALING_AFTER_INTERLEUKIN_12_STIMULATION	all excitatory-neuron Bayesian-network genes represented in MSigDB C2:CP	6952	23	22	0		0.0	1.0	1.0	False				
phase18_selenow_excitatory_consensus_v1	MSigDB C2:CP v2026.1 Hs symbols	Excitatory_neurons	REACTOME_GENE_SILENCING_BY_RNA	https://www.gsea-msigdb.org/gsea/msigdb/human/geneset/REACTOME_GENE_SILENCING_BY_RNA	all excitatory-neuron Bayesian-network genes represented in MSigDB C2:CP	6952	23	34	0		0.0	1.0	1.0	False				
phase18_selenow_excitatory_consensus_v1	MSigDB C2:CP v2026.1 Hs symbols	Excitatory_neurons	REACTOME_GLOBAL_GENOME_NUCLEOTIDE_EXCISION_REPAIR_GG_NER	https://www.gsea-msigdb.org/gsea/msigdb/human/geneset/REACTOME_GLOBAL_GENOME_NUCLEOTIDE_EXCISION_REPAIR_GG_NER	all excitatory-neuron Bayesian-network genes represented in MSigDB C2:CP	6952	23	75	0		0.0	1.0	1.0	False				
phase18_selenow_excitatory_consensus_v1	MSigDB C2:CP v2026.1 Hs symbols	Excitatory_neurons	REACTOME_GLUCAGON_LIKE_PEPTIDE_1_GLP1_REGULATES_INSULIN_SECRETION	https://www.gsea-msigdb.org/gsea/msigdb/human/geneset/REACTOME_GLUCAGON_LIKE_PEPTIDE_1_GLP1_REGULATES_INSULIN_SECRETION	all excitatory-neuron Bayesian-network genes represented in MSigDB C2:CP	6952	23	23	0		0.0	1.0	1.0	False				
phase18_selenow_excitatory_consensus_v1	MSigDB C2:CP v2026.1 Hs symbols	Excitatory_neurons	REACTOME_GLUCAGON_SIGNALING_IN_METABOLIC_REGULATION	https://www.gsea-msigdb.org/gsea/msigdb/human/geneset/REACTOME_GLUCAGON_SIGNALING_IN_METABOLIC_REGULATION	all excitatory-neuron Bayesian-network genes represented in MSigDB C2:CP	6952	23	19	0		0.0	1.0	1.0	False				
phase18_selenow_excitatory_consensus_v1	MSigDB C2:CP v2026.1 Hs symbols	Excitatory_neurons	REACTOME_GLUCOSE_METABOLISM	https://www.gsea-msigdb.org/gsea/msigdb/human/geneset/REACTOME_GLUCOSE_METABOLISM	all excitatory-neuron Bayesian-network genes represented in MSigDB C2:CP	6952	23	57	0		0.0	1.0	1.0	False				
phase18_selenow_excitatory_consensus_v1	MSigDB C2:CP v2026.1 Hs symbols	Excitatory_neurons	REACTOME_GLUTAMATE_NEUROTRANSMITTER_RELEASE_CYCLE	https://www.gsea-msigdb.org/gsea/msigdb/human/geneset/REACTOME_GLUTAMATE_NEUROTRANSMITTER_RELEASE_CYCLE	all excitatory-neuron Bayesian-network genes represented in MSigDB C2:CP	6952	23	21	0		0.0	1.0	1.0	False				
phase18_selenow_excitatory_consensus_v1	MSigDB C2:CP v2026.1 Hs symbols	Excitatory_neurons	REACTOME_GLUTATHIONE_CONJUGATION	https://www.gsea-msigdb.org/gsea/msigdb/human/geneset/REACTOME_GLUTATHIONE_CONJUGATION	all excitatory-neuron Bayesian-network genes represented in MSigDB C2:CP	6952	23	17	0		0.0	1.0	1.0	False				
phase18_selenow_excitatory_consensus_v1	MSigDB C2:CP v2026.1 Hs symbols	Excitatory_neurons	REACTOME_GLYCEROPHOSPHOLIPID_BIOSYNTHESIS	https://www.gsea-msigdb.org/gsea/msigdb/human/geneset/REACTOME_GLYCEROPHOSPHOLIPID_BIOSYNTHESIS	all excitatory-neuron Bayesian-network genes represented in MSigDB C2:CP	6952	23	77	0		0.0	1.0	1.0	False				
phase18_selenow_excitatory_consensus_v1	MSigDB C2:CP v2026.1 Hs symbols	Excitatory_neurons	REACTOME_GLYCOGEN_METABOLISM	https://www.gsea-msigdb.org/gsea/msigdb/human/geneset/REACTOME_GLYCOGEN_METABOLISM	all excitatory-neuron Bayesian-network genes represented in MSigDB C2:CP	6952	23	19	0		0.0	1.0	1.0	False				
phase18_selenow_excitatory_consensus_v1	MSigDB C2:CP v2026.1 Hs symbols	Excitatory_neurons	REACTOME_GLYCOSAMINOGLYCAN_METABOLISM	https://www.gsea-msigdb.org/gsea/msigdb/human/geneset/REACTOME_GLYCOSAMINOGLYCAN_METABOLISM	all excitatory-neuron Bayesian-network genes represented in MSigDB C2:CP	6952	23	71	0		0.0	1.0	1.0	False				
phase18_selenow_excitatory_consensus_v1	MSigDB C2:CP v2026.1 Hs symbols	Excitatory_neurons	REACTOME_GLYCOSAMINOGLYCAN_PROTEIN_LINKAGE_REGION_BIOSYNTHESIS	https://www.gsea-msigdb.org/gsea/msigdb/human/geneset/REACTOME_GLYCOSAMINOGLYCAN_PROTEIN_LINKAGE_REGION_BIOSYNTHESIS	all excitatory-neuron Bayesian-network genes represented in MSigDB C2:CP	6952	23	16	0		0.0	1.0	1.0	False				
phase18_selenow_excitatory_consensus_v1	MSigDB C2:CP v2026.1 Hs symbols	Excitatory_neurons	REACTOME_GLYCOSPHINGOLIPID_CATABOLISM	https://www.gsea-msigdb.org/gsea/msigdb/human/geneset/REACTOME_GLYCOSPHINGOLIPID_CATABOLISM	all excitatory-neuron Bayesian-network genes represented in MSigDB C2:CP	6952	23	22	0		0.0	1.0	1.0	False				
phase18_selenow_excitatory_consensus_v1	MSigDB C2:CP v2026.1 Hs symbols	Excitatory_neurons	REACTOME_GLYCOSPHINGOLIPID_METABOLISM	https://www.gsea-msigdb.org/gsea/msigdb/human/geneset/REACTOME_GLYCOSPHINGOLIPID_METABOLISM	all excitatory-neuron Bayesian-network genes represented in MSigDB C2:CP	6952	23	31	0		0.0	1.0	1.0	False				
phase18_selenow_excitatory_consensus_v1	MSigDB C2:CP v2026.1 Hs symbols	Excitatory_neurons	REACTOME_GOLGI_TO_ER_RETROGRADE_TRANSPORT	https://www.gsea-msigdb.org/gsea/msigdb/human/geneset/REACTOME_GOLGI_TO_ER_RETROGRADE_TRANSPORT	all excitatory-neuron Bayesian-network genes represented in MSigDB C2:CP	6952	23	97	0		0.0	1.0	1.0	False				
phase18_selenow_excitatory_consensus_v1	MSigDB C2:CP v2026.1 Hs symbols	Excitatory_neurons	REACTOME_GPCR_LIGAND_BINDING	https://www.gsea-msigdb.org/gsea/msigdb/human/geneset/REACTOME_GPCR_LIGAND_BINDING	all excitatory-neuron Bayesian-network genes represented in MSigDB C2:CP	6952	23	46	0		0.0	1.0	1.0	False				
phase18_selenow_excitatory_consensus_v1	MSigDB C2:CP v2026.1 Hs symbols	Excitatory_neurons	REACTOME_GPER1_SIGNALING	https://www.gsea-msigdb.org/gsea/msigdb/human/geneset/REACTOME_GPER1_SIGNALING	all excitatory-neuron Bayesian-network genes represented in MSigDB C2:CP	6952	23	26	0		0.0	1.0	1.0	False				
phase18_selenow_excitatory_consensus_v1	MSigDB C2:CP v2026.1 Hs symbols	Excitatory_neurons	REACTOME_GPVI_MEDIATED_ACTIVATION_CASCADE	https://www.gsea-msigdb.org/gsea/msigdb/human/geneset/REACTOME_GPVI_MEDIATED_ACTIVATION_CASCADE	all excitatory-neuron Bayesian-network genes represented in MSigDB C2:CP	6952	23	16	0		0.0	1.0	1.0	False				
phase18_selenow_excitatory_consensus_v1	MSigDB C2:CP v2026.1 Hs symbols	Excitatory_neurons	REACTOME_G_ALPHA_12_13_SIGNALLING_EVENTS	https://www.gsea-msigdb.org/gsea/msigdb/human/geneset/REACTOME_G_ALPHA_12_13_SIGNALLING_EVENTS	all excitatory-neuron Bayesian-network genes represented in MSigDB C2:CP	6952	23	44	0		0.0	1.0	1.0	False				
phase18_selenow_excitatory_consensus_v1	MSigDB C2:CP v2026.1 Hs symbols	Excitatory_neurons	REACTOME_G_ALPHA_I_SIGNALLING_EVENTS	https://www.gsea-msigdb.org/gsea/msigdb/human/geneset/REACTOME_G_ALPHA_I_SIGNALLING_EVENTS	all excitatory-neuron Bayesian-network genes represented in MSigDB C2:CP	6952	23	83	0		0.0	1.0	1.0	False				
phase18_selenow_excitatory_consensus_v1	MSigDB C2:CP v2026.1 Hs symbols	Excitatory_neurons	REACTOME_G_ALPHA_Q_SIGNALLING_EVENTS	https://www.gsea-msigdb.org/gsea/msigdb/human/geneset/REACTOME_G_ALPHA_Q_SIGNALLING_EVENTS	all excitatory-neuron Bayesian-network genes represented in MSigDB C2:CP	6952	23	58	0		0.0	1.0	1.0	False				
phase18_selenow_excitatory_consensus_v1	MSigDB C2:CP v2026.1 Hs symbols	Excitatory_neurons	REACTOME_G_ALPHA_S_SIGNALLING_EVENTS	https://www.gsea-msigdb.org/gsea/msigdb/human/geneset/REACTOME_G_ALPHA_S_SIGNALLING_EVENTS	all excitatory-neuron Bayesian-network genes represented in MSigDB C2:CP	6952	23	47	0		0.0	1.0	1.0	False				
phase18_selenow_excitatory_consensus_v1	MSigDB C2:CP v2026.1 Hs symbols	Excitatory_neurons	REACTOME_G_ALPHA_Z_SIGNALLING_EVENTS	https://www.gsea-msigdb.org/gsea/msigdb/human/geneset/REACTOME_G_ALPHA_Z_SIGNALLING_EVENTS	all excitatory-neuron Bayesian-network genes represented in MSigDB C2:CP	6952	23	22	0		0.0	1.0	1.0	False				
phase18_selenow_excitatory_consensus_v1	MSigDB C2:CP v2026.1 Hs symbols	Excitatory_neurons	REACTOME_G_PROTEIN_BETA_GAMMA_SIGNALLING	https://www.gsea-msigdb.org/gsea/msigdb/human/geneset/REACTOME_G_PROTEIN_BETA_GAMMA_SIGNALLING	all excitatory-neuron Bayesian-network genes represented in MSigDB C2:CP	6952	23	16	0		0.0	1.0	1.0	False				
phase18_selenow_excitatory_consensus_v1	MSigDB C2:CP v2026.1 Hs symbols	Excitatory_neurons	REACTOME_G_PROTEIN_MEDIATED_EVENTS	https://www.gsea-msigdb.org/gsea/msigdb/human/geneset/REACTOME_G_PROTEIN_MEDIATED_EVENTS	all excitatory-neuron Bayesian-network genes represented in MSigDB C2:CP	6952	23	39	0		0.0	1.0	1.0	False				
phase18_selenow_excitatory_consensus_v1	MSigDB C2:CP v2026.1 Hs symbols	Excitatory_neurons	REACTOME_HATS_ACETYLATE_HISTONES	https://www.gsea-msigdb.org/gsea/msigdb/human/geneset/REACTOME_HATS_ACETYLATE_HISTONES	all excitatory-neuron Bayesian-network genes represented in MSigDB C2:CP	6952	23	76	0		0.0	1.0	1.0	False				
phase18_selenow_excitatory_consensus_v1	MSigDB C2:CP v2026.1 Hs symbols	Excitatory_neurons	REACTOME_HCMV_EARLY_EVENTS	https://www.gsea-msigdb.org/gsea/msigdb/human/geneset/REACTOME_HCMV_EARLY_EVENTS	all excitatory-neuron Bayesian-network genes represented in MSigDB C2:CP	6952	23	61	0		0.0	1.0	1.0	False				
phase18_selenow_excitatory_consensus_v1	MSigDB C2:CP v2026.1 Hs symbols	Excitatory_neurons	REACTOME_HCMV_INFECTION	https://www.gsea-msigdb.org/gsea/msigdb/human/geneset/REACTOME_HCMV_INFECTION	all excitatory-neuron Bayesian-network genes represented in MSigDB C2:CP	6952	23	82	0		0.0	1.0	1.0	False				
phase18_selenow_excitatory_consensus_v1	MSigDB C2:CP v2026.1 Hs symbols	Excitatory_neurons	REACTOME_HCMV_LATE_EVENTS	https://www.gsea-msigdb.org/gsea/msigdb/human/geneset/REACTOME_HCMV_LATE_EVENTS	all excitatory-neuron Bayesian-network genes represented in MSigDB C2:CP	6952	23	48	0		0.0	1.0	1.0	False				
phase18_selenow_excitatory_consensus_v1	MSigDB C2:CP v2026.1 Hs symbols	Excitatory_neurons	REACTOME_HDACS_DEACETYLATE_HISTONES	https://www.gsea-msigdb.org/gsea/msigdb/human/geneset/REACTOME_HDACS_DEACETYLATE_HISTONES	all excitatory-neuron Bayesian-network genes represented in MSigDB C2:CP	6952	23	27	0		0.0	1.0	1.0	False				
phase18_selenow_excitatory_consensus_v1	MSigDB C2:CP v2026.1 Hs symbols	Excitatory_neurons	REACTOME_HDMS_DEMETHYLATE_HISTONES	https://www.gsea-msigdb.org/gsea/msigdb/human/geneset/REACTOME_HDMS_DEMETHYLATE_HISTONES	all excitatory-neuron Bayesian-network genes represented in MSigDB C2:CP	6952	23	19	0		0.0	1.0	1.0	False				
phase18_selenow_excitatory_consensus_v1	MSigDB C2:CP v2026.1 Hs symbols	Excitatory_neurons	REACTOME_HDR_THROUGH_HOMOLOGOUS_RECOMBINATION_HRR	https://www.gsea-msigdb.org/gsea/msigdb/human/geneset/REACTOME_HDR_THROUGH_HOMOLOGOUS_RECOMBINATION_HRR	all excitatory-neuron Bayesian-network genes represented in MSigDB C2:CP	6952	23	48	0		0.0	1.0	1.0	False				
phase18_selenow_excitatory_consensus_v1	MSigDB C2:CP v2026.1 Hs symbols	Excitatory_neurons	REACTOME_HDR_THROUGH_SINGLE_STRAND_ANNEALING_SSA	https://www.gsea-msigdb.org/gsea/msigdb/human/geneset/REACTOME_HDR_THROUGH_SINGLE_STRAND_ANNEALING_SSA	all excitatory-neuron Bayesian-network genes represented in MSigDB C2:CP	6952	23	27	0		0.0	1.0	1.0	False				
phase18_selenow_excitatory_consensus_v1	MSigDB C2:CP v2026.1 Hs symbols	Excitatory_neurons	REACTOME_HEME_SIGNALING	https://www.gsea-msigdb.org/gsea/msigdb/human/geneset/REACTOME_HEME_SIGNALING	all excitatory-neuron Bayesian-network genes represented in MSigDB C2:CP	6952	23	34	0		0.0	1.0	1.0	False				
phase18_selenow_excitatory_consensus_v1	MSigDB C2:CP v2026.1 Hs symbols	Excitatory_neurons	REACTOME_HEMOSTASIS	https://www.gsea-msigdb.org/gsea/msigdb/human/geneset/REACTOME_HEMOSTASIS	all excitatory-neuron Bayesian-network genes represented in MSigDB C2:CP	6952	23	282	0		0.0	1.0	1.0	False				
phase18_selenow_excitatory_consensus_v1	MSigDB C2:CP v2026.1 Hs symbols	Excitatory_neurons	REACTOME_HEPARAN_SULFATE_HEPARIN_HS_GAG_METABOLISM	https://www.gsea-msigdb.org/gsea/msigdb/human/geneset/REACTOME_HEPARAN_SULFATE_HEPARIN_HS_GAG_METABOLISM	all excitatory-neuron Bayesian-network genes represented in MSigDB C2:CP	6952	23	23	0		0.0	1.0	1.0	False				
phase18_selenow_excitatory_consensus_v1	MSigDB C2:CP v2026.1 Hs symbols	Excitatory_neurons	REACTOME_HIGH_LAMINAR_FLOW_SHEAR_STRESS_ACTIVATES_SIGNALING_BY_PIEZO1_AND_PECAM1_CDH5_KDR_IN_ENDOTHELIAL_CELLS	https://www.gsea-msigdb.org/gsea/msigdb/human/geneset/REACTOME_HIGH_LAMINAR_FLOW_SHEAR_STRESS_ACTIVATES_SIGNALING_BY_PIEZO1_AND_PECAM1_CDH5_KDR_IN_ENDOTHELIAL_CELLS	all excitatory-neuron Bayesian-network genes represented in MSigDB C2:CP	6952	23	39	0		0.0	1.0	1.0	False				
phase18_selenow_excitatory_consensus_v1	MSigDB C2:CP v2026.1 Hs symbols	Excitatory_neurons	REACTOME_HIV_ELONGATION_ARREST_AND_RECOVERY	https://www.gsea-msigdb.org/gsea/msigdb/human/geneset/REACTOME_HIV_ELONGATION_ARREST_AND_RECOVERY	all excitatory-neuron Bayesian-network genes represented in MSigDB C2:CP	6952	23	31	0		0.0	1.0	1.0	False				
phase18_selenow_excitatory_consensus_v1	MSigDB C2:CP v2026.1 Hs symbols	Excitatory_neurons	REACTOME_HIV_LIFE_CYCLE	https://www.gsea-msigdb.org/gsea/msigdb/human/geneset/REACTOME_HIV_LIFE_CYCLE	all excitatory-neuron Bayesian-network genes represented in MSigDB C2:CP	6952	23	135	0		0.0	1.0	1.0	False				
phase18_selenow_excitatory_consensus_v1	MSigDB C2:CP v2026.1 Hs symbols	Excitatory_neurons	REACTOME_HIV_TRANSCRIPTION_ELONGATION	https://www.gsea-msigdb.org/gsea/msigdb/human/geneset/REACTOME_HIV_TRANSCRIPTION_ELONGATION	all excitatory-neuron Bayesian-network genes represented in MSigDB C2:CP	6952	23	40	0		0.0	1.0	1.0	False				
phase18_selenow_excitatory_consensus_v1	MSigDB C2:CP v2026.1 Hs symbols	Excitatory_neurons	REACTOME_HIV_TRANSCRIPTION_INITIATION	https://www.gsea-msigdb.org/gsea/msigdb/human/geneset/REACTOME_HIV_TRANSCRIPTION_INITIATION	all excitatory-neuron Bayesian-network genes represented in MSigDB C2:CP	6952	23	43	0		0.0	1.0	1.0	False				
phase18_selenow_excitatory_consensus_v1	MSigDB C2:CP v2026.1 Hs symbols	Excitatory_neurons	REACTOME_HOMOLOGOUS_DNA_PAIRING_AND_STRAND_EXCHANGE	https://www.gsea-msigdb.org/gsea/msigdb/human/geneset/REACTOME_HOMOLOGOUS_DNA_PAIRING_AND_STRAND_EXCHANGE	all excitatory-neuron Bayesian-network genes represented in MSigDB C2:CP	6952	23	28	0		0.0	1.0	1.0	False				
phase18_selenow_excitatory_consensus_v1	MSigDB C2:CP v2026.1 Hs symbols	Excitatory_neurons	REACTOME_HOMOLOGY_DIRECTED_REPAIR	https://www.gsea-msigdb.org/gsea/msigdb/human/geneset/REACTOME_HOMOLOGY_DIRECTED_REPAIR	all excitatory-neuron Bayesian-network genes represented in MSigDB C2:CP	6952	23	77	0		0.0	1.0	1.0	False				
phase18_selenow_excitatory_consensus_v1	MSigDB C2:CP v2026.1 Hs symbols	Excitatory_neurons	REACTOME_HSF1_ACTIVATION	https://www.gsea-msigdb.org/gsea/msigdb/human/geneset/REACTOME_HSF1_ACTIVATION	all excitatory-neuron Bayesian-network genes represented in MSigDB C2:CP	6952	23	20	0		0.0	1.0	1.0	False				
phase18_selenow_excitatory_consensus_v1	MSigDB C2:CP v2026.1 Hs symbols	Excitatory_neurons	REACTOME_HSF1_DEPENDENT_TRANSACTIVATION	https://www.gsea-msigdb.org/gsea/msigdb/human/geneset/REACTOME_HSF1_DEPENDENT_TRANSACTIVATION	all excitatory-neuron Bayesian-network genes represented in MSigDB C2:CP	6952	23	24	0		0.0	1.0	1.0	False				
phase18_selenow_excitatory_consensus_v1	MSigDB C2:CP v2026.1 Hs symbols	Excitatory_neurons	REACTOME_HSP90_CHAPERONE_CYCLE_FOR_STEROID_HORMONE_RECEPTORS_SHR_IN_THE_PRESENCE_OF_LIGAND	https://www.gsea-msigdb.org/gsea/msigdb/human/geneset/REACTOME_HSP90_CHAPERONE_CYCLE_FOR_STEROID_HORMONE_RECEPTORS_SHR_IN_THE_PRESENCE_OF_LIGAND	all excitatory-neuron Bayesian-network genes represented in MSigDB C2:CP	6952	23	39	0		0.0	1.0	1.0	False				
phase18_selenow_excitatory_consensus_v1	MSigDB C2:CP v2026.1 Hs symbols	Excitatory_neurons	REACTOME_HS_GAG_BIOSYNTHESIS	https://www.gsea-msigdb.org/gsea/msigdb/human/geneset/REACTOME_HS_GAG_BIOSYNTHESIS	all excitatory-neuron Bayesian-network genes represented in MSigDB C2:CP	6952	23	18	0		0.0	1.0	1.0	False				
phase18_selenow_excitatory_consensus_v1	MSigDB C2:CP v2026.1 Hs symbols	Excitatory_neurons	REACTOME_IKK_COMPLEX_RECRUITMENT_MEDIATED_BY_RIP1	https://www.gsea-msigdb.org/gsea/msigdb/human/geneset/REACTOME_IKK_COMPLEX_RECRUITMENT_MEDIATED_BY_RIP1	all excitatory-neuron Bayesian-network genes represented in MSigDB C2:CP	6952	23	15	0		0.0	1.0	1.0	False				
phase18_selenow_excitatory_consensus_v1	MSigDB C2:CP v2026.1 Hs symbols	Excitatory_neurons	REACTOME_IMMUNOREGULATORY_INTERACTIONS_BETWEEN_A_LYMPHOID_AND_A_NON_LYMPHOID_CELL	https://www.gsea-msigdb.org/gsea/msigdb/human/geneset/REACTOME_IMMUNOREGULATORY_INTERACTIONS_BETWEEN_A_LYMPHOID_AND_A_NON_LYMPHOID_CELL	all excitatory-neuron Bayesian-network genes represented in MSigDB C2:CP	6952	23	15	0		0.0	1.0	1.0	False				
phase18_selenow_excitatory_consensus_v1	MSigDB C2:CP v2026.1 Hs symbols	Excitatory_neurons	REACTOME_INACTIVATION_OF_CSF3_G_CSF_SIGNALING	https://www.gsea-msigdb.org/gsea/msigdb/human/geneset/REACTOME_INACTIVATION_OF_CSF3_G_CSF_SIGNALING	all excitatory-neuron Bayesian-network genes represented in MSigDB C2:CP	6952	23	17	0		0.0	1.0	1.0	False				
phase18_selenow_excitatory_consensus_v1	MSigDB C2:CP v2026.1 Hs symbols	Excitatory_neurons	REACTOME_INFECTION_WITH_MYCOBACTERIUM_TUBERCULOSIS	https://www.gsea-msigdb.org/gsea/msigdb/human/geneset/REACTOME_INFECTION_WITH_MYCOBACTERIUM_TUBERCULOSIS	all excitatory-neuron Bayesian-network genes represented in MSigDB C2:CP	6952	23	21	0		0.0	1.0	1.0	False				
phase18_selenow_excitatory_consensus_v1	MSigDB C2:CP v2026.1 Hs symbols	Excitatory_neurons	REACTOME_INFLUENZA_INFECTION	https://www.gsea-msigdb.org/gsea/msigdb/human/geneset/REACTOME_INFLUENZA_INFECTION	all excitatory-neuron Bayesian-network genes represented in MSigDB C2:CP	6952	23	136	0		0.0	1.0	1.0	False				
phase18_selenow_excitatory_consensus_v1	MSigDB C2:CP v2026.1 Hs symbols	Excitatory_neurons	REACTOME_INFLUENZA_VIRAL_RNA_TRANSCRIPTION_AND_REPLICATION	https://www.gsea-msigdb.org/gsea/msigdb/human/geneset/REACTOME_INFLUENZA_VIRAL_RNA_TRANSCRIPTION_AND_REPLICATION	all excitatory-neuron Bayesian-network genes represented in MSigDB C2:CP	6952	23	118	0		0.0	1.0	1.0	False				
phase18_selenow_excitatory_consensus_v1	MSigDB C2:CP v2026.1 Hs symbols	Excitatory_neurons	REACTOME_INHIBITION_OF_DNA_RECOMBINATION_AT_TELOMERE	https://www.gsea-msigdb.org/gsea/msigdb/human/geneset/REACTOME_INHIBITION_OF_DNA_RECOMBINATION_AT_TELOMERE	all excitatory-neuron Bayesian-network genes represented in MSigDB C2:CP	6952	23	18	0		0.0	1.0	1.0	False				
phase18_selenow_excitatory_consensus_v1	MSigDB C2:CP v2026.1 Hs symbols	Excitatory_neurons	REACTOME_INHIBITION_OF_THE_PROTEOLYTIC_ACTIVITY_OF_APC_C_REQUIRED_FOR_THE_ONSET_OF_ANAPHASE_BY_MITOTIC_SPINDLE_CHECKPOINT_COMPONENTS	https://www.gsea-msigdb.org/gsea/msigdb/human/geneset/REACTOME_INHIBITION_OF_THE_PROTEOLYTIC_ACTIVITY_OF_APC_C_REQUIRED_FOR_THE_ONSET_OF_ANAPHASE_BY_MITOTIC_SPINDLE_CHECKPOINT_COMPONENTS	all excitatory-neuron Bayesian-network genes represented in MSigDB C2:CP	6952	23	16	0		0.0	1.0	1.0	False				
phase18_selenow_excitatory_consensus_v1	MSigDB C2:CP v2026.1 Hs symbols	Excitatory_neurons	REACTOME_INOSITOL_PHOSPHATE_METABOLISM	https://www.gsea-msigdb.org/gsea/msigdb/human/geneset/REACTOME_INOSITOL_PHOSPHATE_METABOLISM	all excitatory-neuron Bayesian-network genes represented in MSigDB C2:CP	6952	23	34	0		0.0	1.0	1.0	False				
phase18_selenow_excitatory_consensus_v1	MSigDB C2:CP v2026.1 Hs symbols	Excitatory_neurons	REACTOME_INSERTION_OF_TAIL_ANCHORED_PROTEINS_INTO_THE_ENDOPLASMIC_RETICULUM_MEMBRANE	https://www.gsea-msigdb.org/gsea/msigdb/human/geneset/REACTOME_INSERTION_OF_TAIL_ANCHORED_PROTEINS_INTO_THE_ENDOPLASMIC_RETICULUM_MEMBRANE	all excitatory-neuron Bayesian-network genes represented in MSigDB C2:CP	6952	23	16	0		0.0	1.0	1.0	False				
phase18_selenow_excitatory_consensus_v1	MSigDB C2:CP v2026.1 Hs symbols	Excitatory_neurons	REACTOME_INSULIN_PROCESSING	https://www.gsea-msigdb.org/gsea/msigdb/human/geneset/REACTOME_INSULIN_PROCESSING	all excitatory-neuron Bayesian-network genes represented in MSigDB C2:CP	6952	23	20	0		0.0	1.0	1.0	False				
phase18_selenow_excitatory_consensus_v1	MSigDB C2:CP v2026.1 Hs symbols	Excitatory_neurons	REACTOME_INSULIN_RECEPTOR_RECYCLING	https://www.gsea-msigdb.org/gsea/msigdb/human/geneset/REACTOME_INSULIN_RECEPTOR_RECYCLING	all excitatory-neuron Bayesian-network genes represented in MSigDB C2:CP	6952	23	20	0		0.0	1.0	1.0	False				
phase18_selenow_excitatory_consensus_v1	MSigDB C2:CP v2026.1 Hs symbols	Excitatory_neurons	REACTOME_INSULIN_RECEPTOR_SIGNALLING_CASCADE	https://www.gsea-msigdb.org/gsea/msigdb/human/geneset/REACTOME_INSULIN_RECEPTOR_SIGNALLING_CASCADE	all excitatory-neuron Bayesian-network genes represented in MSigDB C2:CP	6952	23	31	0		0.0	1.0	1.0	False				
phase18_selenow_excitatory_consensus_v1	MSigDB C2:CP v2026.1 Hs symbols	Excitatory_neurons	REACTOME_INTEGRATION_OF_ENERGY_METABOLISM	https://www.gsea-msigdb.org/gsea/msigdb/human/geneset/REACTOME_INTEGRATION_OF_ENERGY_METABOLISM	all excitatory-neuron Bayesian-network genes represented in MSigDB C2:CP	6952	23	70	0		0.0	1.0	1.0	False				
phase18_selenow_excitatory_consensus_v1	MSigDB C2:CP v2026.1 Hs symbols	Excitatory_neurons	REACTOME_INTEGRIN_CELL_SURFACE_INTERACTIONS	https://www.gsea-msigdb.org/gsea/msigdb/human/geneset/REACTOME_INTEGRIN_CELL_SURFACE_INTERACTIONS	all excitatory-neuron Bayesian-network genes represented in MSigDB C2:CP	6952	23	16	0		0.0	1.0	1.0	False				
phase18_selenow_excitatory_consensus_v1	MSigDB C2:CP v2026.1 Hs symbols	Excitatory_neurons	REACTOME_INTEGRIN_SIGNALING	https://www.gsea-msigdb.org/gsea/msigdb/human/geneset/REACTOME_INTEGRIN_SIGNALING	all excitatory-neuron Bayesian-network genes represented in MSigDB C2:CP	6952	23	17	0		0.0	1.0	1.0	False				
phase18_selenow_excitatory_consensus_v1	MSigDB C2:CP v2026.1 Hs symbols	Excitatory_neurons	REACTOME_INTERACTIONS_OF_REV_WITH_HOST_CELLULAR_PROTEINS	https://www.gsea-msigdb.org/gsea/msigdb/human/geneset/REACTOME_INTERACTIONS_OF_REV_WITH_HOST_CELLULAR_PROTEINS	all excitatory-neuron Bayesian-network genes represented in MSigDB C2:CP	6952	23	34	0		0.0	1.0	1.0	False				
phase18_selenow_excitatory_consensus_v1	MSigDB C2:CP v2026.1 Hs symbols	Excitatory_neurons	REACTOME_INTERACTION_BETWEEN_L1_AND_ANKYRINS	https://www.gsea-msigdb.org/gsea/msigdb/human/geneset/REACTOME_INTERACTION_BETWEEN_L1_AND_ANKYRINS	all excitatory-neuron Bayesian-network genes represented in MSigDB C2:CP	6952	23	22	0		0.0	1.0	1.0	False				
phase18_selenow_excitatory_consensus_v1	MSigDB C2:CP v2026.1 Hs symbols	Excitatory_neurons	REACTOME_INTERFERON_ALPHA_BETA_SIGNALING	https://www.gsea-msigdb.org/gsea/msigdb/human/geneset/REACTOME_INTERFERON_ALPHA_BETA_SIGNALING	all excitatory-neuron Bayesian-network genes represented in MSigDB C2:CP	6952	23	23	0		0.0	1.0	1.0	False				
phase18_selenow_excitatory_consensus_v1	MSigDB C2:CP v2026.1 Hs symbols	Excitatory_neurons	REACTOME_INTERFERON_GAMMA_SIGNALING	https://www.gsea-msigdb.org/gsea/msigdb/human/geneset/REACTOME_INTERFERON_GAMMA_SIGNALING	all excitatory-neuron Bayesian-network genes represented in MSigDB C2:CP	6952	23	31	0		0.0	1.0	1.0	False				
phase18_selenow_excitatory_consensus_v1	MSigDB C2:CP v2026.1 Hs symbols	Excitatory_neurons	REACTOME_INTERFERON_SIGNALING	https://www.gsea-msigdb.org/gsea/msigdb/human/geneset/REACTOME_INTERFERON_SIGNALING	all excitatory-neuron Bayesian-network genes represented in MSigDB C2:CP	6952	23	150	0		0.0	1.0	1.0	False				
phase18_selenow_excitatory_consensus_v1	MSigDB C2:CP v2026.1 Hs symbols	Excitatory_neurons	REACTOME_INTERLEUKIN_12_FAMILY_SIGNALING	https://www.gsea-msigdb.org/gsea/msigdb/human/geneset/REACTOME_INTERLEUKIN_12_FAMILY_SIGNALING	all excitatory-neuron Bayesian-network genes represented in MSigDB C2:CP	6952	23	33	0		0.0	1.0	1.0	False				
phase18_selenow_excitatory_consensus_v1	MSigDB C2:CP v2026.1 Hs symbols	Excitatory_neurons	REACTOME_INTERLEUKIN_12_SIGNALING	https://www.gsea-msigdb.org/gsea/msigdb/human/geneset/REACTOME_INTERLEUKIN_12_SIGNALING	all excitatory-neuron Bayesian-network genes represented in MSigDB C2:CP	6952	23	27	0		0.0	1.0	1.0	False				
phase18_selenow_excitatory_consensus_v1	MSigDB C2:CP v2026.1 Hs symbols	Excitatory_neurons	REACTOME_INTERLEUKIN_17_SIGNALING	https://www.gsea-msigdb.org/gsea/msigdb/human/geneset/REACTOME_INTERLEUKIN_17_SIGNALING	all excitatory-neuron Bayesian-network genes represented in MSigDB C2:CP	6952	23	53	0		0.0	1.0	1.0	False				
phase18_selenow_excitatory_consensus_v1	MSigDB C2:CP v2026.1 Hs symbols	Excitatory_neurons	REACTOME_INTERLEUKIN_2_FAMILY_SIGNALING	https://www.gsea-msigdb.org/gsea/msigdb/human/geneset/REACTOME_INTERLEUKIN_2_FAMILY_SIGNALING	all excitatory-neuron Bayesian-network genes represented in MSigDB C2:CP	6952	23	18	0		0.0	1.0	1.0	False				
phase18_selenow_excitatory_consensus_v1	MSigDB C2:CP v2026.1 Hs symbols	Excitatory_neurons	REACTOME_INTERLEUKIN_3_INTERLEUKIN_5_AND_GM_CSF_SIGNALING	https://www.gsea-msigdb.org/gsea/msigdb/human/geneset/REACTOME_INTERLEUKIN_3_INTERLEUKIN_5_AND_GM_CSF_SIGNALING	all excitatory-neuron Bayesian-network genes represented in MSigDB C2:CP	6952	23	25	0		0.0	1.0	1.0	False				
phase18_selenow_excitatory_consensus_v1	MSigDB C2:CP v2026.1 Hs symbols	Excitatory_neurons	REACTOME_INTERLEUKIN_4_AND_INTERLEUKIN_13_SIGNALING	https://www.gsea-msigdb.org/gsea/msigdb/human/geneset/REACTOME_INTERLEUKIN_4_AND_INTERLEUKIN_13_SIGNALING	all excitatory-neuron Bayesian-network genes represented in MSigDB C2:CP	6952	23	32	0		0.0	1.0	1.0	False				
phase18_selenow_excitatory_consensus_v1	MSigDB C2:CP v2026.1 Hs symbols	Excitatory_neurons	REACTOME_INTRAFLAGELLAR_TRANSPORT	https://www.gsea-msigdb.org/gsea/msigdb/human/geneset/REACTOME_INTRAFLAGELLAR_TRANSPORT	all excitatory-neuron Bayesian-network genes represented in MSigDB C2:CP	6952	23	36	0		0.0	1.0	1.0	False				
phase18_selenow_excitatory_consensus_v1	MSigDB C2:CP v2026.1 Hs symbols	Excitatory_neurons	REACTOME_INTRA_GOLGI_AND_RETROGRADE_GOLGI_TO_ER_TRAFFIC	https://www.gsea-msigdb.org/gsea/msigdb/human/geneset/REACTOME_INTRA_GOLGI_AND_RETROGRADE_GOLGI_TO_ER_TRAFFIC	all excitatory-neuron Bayesian-network genes represented in MSigDB C2:CP	6952	23	152	0		0.0	1.0	1.0	False				
phase18_selenow_excitatory_consensus_v1	MSigDB C2:CP v2026.1 Hs symbols	Excitatory_neurons	REACTOME_INTRA_GOLGI_TRAFFIC	https://www.gsea-msigdb.org/gsea/msigdb/human/geneset/REACTOME_INTRA_GOLGI_TRAFFIC	all excitatory-neuron Bayesian-network genes represented in MSigDB C2:CP	6952	23	34	0		0.0	1.0	1.0	False				
phase18_selenow_excitatory_consensus_v1	MSigDB C2:CP v2026.1 Hs symbols	Excitatory_neurons	REACTOME_INTRINSIC_PATHWAY_FOR_APOPTOSIS	https://www.gsea-msigdb.org/gsea/msigdb/human/geneset/REACTOME_INTRINSIC_PATHWAY_FOR_APOPTOSIS	all excitatory-neuron Bayesian-network genes represented in MSigDB C2:CP	6952	23	34	0		0.0	1.0	1.0	False				
phase18_selenow_excitatory_consensus_v1	MSigDB C2:CP v2026.1 Hs symbols	Excitatory_neurons	REACTOME_INWARDLY_RECTIFYING_K_CHANNELS	https://www.gsea-msigdb.org/gsea/msigdb/human/geneset/REACTOME_INWARDLY_RECTIFYING_K_CHANNELS	all excitatory-neuron Bayesian-network genes represented in MSigDB C2:CP	6952	23	15	0		0.0	1.0	1.0	False				
phase18_selenow_excitatory_consensus_v1	MSigDB C2:CP v2026.1 Hs symbols	Excitatory_neurons	REACTOME_ION_CHANNEL_TRANSPORT	https://www.gsea-msigdb.org/gsea/msigdb/human/geneset/REACTOME_ION_CHANNEL_TRANSPORT	all excitatory-neuron Bayesian-network genes represented in MSigDB C2:CP	6952	23	97	0		0.0	1.0	1.0	False				
phase18_selenow_excitatory_consensus_v1	MSigDB C2:CP v2026.1 Hs symbols	Excitatory_neurons	REACTOME_ION_HOMEOSTASIS	https://www.gsea-msigdb.org/gsea/msigdb/human/geneset/REACTOME_ION_HOMEOSTASIS	all excitatory-neuron Bayesian-network genes represented in MSigDB C2:CP	6952	23	33	0		0.0	1.0	1.0	False				
phase18_selenow_excitatory_consensus_v1	MSigDB C2:CP v2026.1 Hs symbols	Excitatory_neurons	REACTOME_ION_TRANSPORT_BY_P_TYPE_ATPASES	https://www.gsea-msigdb.org/gsea/msigdb/human/geneset/REACTOME_ION_TRANSPORT_BY_P_TYPE_ATPASES	all excitatory-neuron Bayesian-network genes represented in MSigDB C2:CP	6952	23	31	0		0.0	1.0	1.0	False				
phase18_selenow_excitatory_consensus_v1	MSigDB C2:CP v2026.1 Hs symbols	Excitatory_neurons	REACTOME_IRON_UPTAKE_AND_TRANSPORT	https://www.gsea-msigdb.org/gsea/msigdb/human/geneset/REACTOME_IRON_UPTAKE_AND_TRANSPORT	all excitatory-neuron Bayesian-network genes represented in MSigDB C2:CP	6952	23	36	0		0.0	1.0	1.0	False				
phase18_selenow_excitatory_consensus_v1	MSigDB C2:CP v2026.1 Hs symbols	Excitatory_neurons	REACTOME_IRS_MEDIATED_SIGNALLING	https://www.gsea-msigdb.org/gsea/msigdb/human/geneset/REACTOME_IRS_MEDIATED_SIGNALLING	all excitatory-neuron Bayesian-network genes represented in MSigDB C2:CP	6952	23	27	0		0.0	1.0	1.0	False				
phase18_selenow_excitatory_consensus_v1	MSigDB C2:CP v2026.1 Hs symbols	Excitatory_neurons	REACTOME_ISG15_ANTIVIRAL_MECHANISM	https://www.gsea-msigdb.org/gsea/msigdb/human/geneset/REACTOME_ISG15_ANTIVIRAL_MECHANISM	all excitatory-neuron Bayesian-network genes represented in MSigDB C2:CP	6952	23	62	0		0.0	1.0	1.0	False				
phase18_selenow_excitatory_consensus_v1	MSigDB C2:CP v2026.1 Hs symbols	Excitatory_neurons	REACTOME_JNK_C_JUN_KINASES_PHOSPHORYLATION_AND_ACTIVATION_MEDIATED_BY_ACTIVATED_HUMAN_TAK1	https://www.gsea-msigdb.org/gsea/msigdb/human/geneset/REACTOME_JNK_C_JUN_KINASES_PHOSPHORYLATION_AND_ACTIVATION_MEDIATED_BY_ACTIVATED_HUMAN_TAK1	all excitatory-neuron Bayesian-network genes represented in MSigDB C2:CP	6952	23	19	0		0.0	1.0	1.0	False				
phase18_selenow_excitatory_consensus_v1	MSigDB C2:CP v2026.1 Hs symbols	Excitatory_neurons	REACTOME_KERATAN_SULFATE_KERATIN_METABOLISM	https://www.gsea-msigdb.org/gsea/msigdb/human/geneset/REACTOME_KERATAN_SULFATE_KERATIN_METABOLISM	all excitatory-neuron Bayesian-network genes represented in MSigDB C2:CP	6952	23	17	0		0.0	1.0	1.0	False				
phase18_selenow_excitatory_consensus_v1	MSigDB C2:CP v2026.1 Hs symbols	Excitatory_neurons	REACTOME_KINESINS	https://www.gsea-msigdb.org/gsea/msigdb/human/geneset/REACTOME_KINESINS	all excitatory-neuron Bayesian-network genes represented in MSigDB C2:CP	6952	23	32	0		0.0	1.0	1.0	False				
phase18_selenow_excitatory_consensus_v1	MSigDB C2:CP v2026.1 Hs symbols	Excitatory_neurons	REACTOME_KSRP_KHSRP_BINDS_AND_DESTABILIZES_MRNA	https://www.gsea-msigdb.org/gsea/msigdb/human/geneset/REACTOME_KSRP_KHSRP_BINDS_AND_DESTABILIZES_MRNA	all excitatory-neuron Bayesian-network genes represented in MSigDB C2:CP	6952	23	15	0		0.0	1.0	1.0	False				
phase18_selenow_excitatory_consensus_v1	MSigDB C2:CP v2026.1 Hs symbols	Excitatory_neurons	REACTOME_L1CAM_INTERACTIONS	https://www.gsea-msigdb.org/gsea/msigdb/human/geneset/REACTOME_L1CAM_INTERACTIONS	all excitatory-neuron Bayesian-network genes represented in MSigDB C2:CP	6952	23	82	0		0.0	1.0	1.0	False				
phase18_selenow_excitatory_consensus_v1	MSigDB C2:CP v2026.1 Hs symbols	Excitatory_neurons	REACTOME_LAGGING_STRAND_SYNTHESIS	https://www.gsea-msigdb.org/gsea/msigdb/human/geneset/REACTOME_LAGGING_STRAND_SYNTHESIS	all excitatory-neuron Bayesian-network genes represented in MSigDB C2:CP	6952	23	16	0		0.0	1.0	1.0	False				
phase18_selenow_excitatory_consensus_v1	MSigDB C2:CP v2026.1 Hs symbols	Excitatory_neurons	REACTOME_LATE_ENDOSOMAL_MICROAUTOPHAGY	https://www.gsea-msigdb.org/gsea/msigdb/human/geneset/REACTOME_LATE_ENDOSOMAL_MICROAUTOPHAGY	all excitatory-neuron Bayesian-network genes represented in MSigDB C2:CP	6952	23	25	0		0.0	1.0	1.0	False				
phase18_selenow_excitatory_consensus_v1	MSigDB C2:CP v2026.1 Hs symbols	Excitatory_neurons	REACTOME_LATE_SARS_COV_2_INFECTION_EVENTS	https://www.gsea-msigdb.org/gsea/msigdb/human/geneset/REACTOME_LATE_SARS_COV_2_INFECTION_EVENTS	all excitatory-neuron Bayesian-network genes represented in MSigDB C2:CP	6952	23	54	0		0.0	1.0	1.0	False				
phase18_selenow_excitatory_consensus_v1	MSigDB C2:CP v2026.1 Hs symbols	Excitatory_neurons	REACTOME_LISTERIA_MONOCYTOGENES_ENTRY_INTO_HOST_CELLS	https://www.gsea-msigdb.org/gsea/msigdb/human/geneset/REACTOME_LISTERIA_MONOCYTOGENES_ENTRY_INTO_HOST_CELLS	all excitatory-neuron Bayesian-network genes represented in MSigDB C2:CP	6952	23	18	0		0.0	1.0	1.0	False				
phase18_selenow_excitatory_consensus_v1	MSigDB C2:CP v2026.1 Hs symbols	Excitatory_neurons	REACTOME_LONG_TERM_POTENTIATION	https://www.gsea-msigdb.org/gsea/msigdb/human/geneset/REACTOME_LONG_TERM_POTENTIATION	all excitatory-neuron Bayesian-network genes represented in MSigDB C2:CP	6952	23	15	0		0.0	1.0	1.0	False				
phase18_selenow_excitatory_consensus_v1	MSigDB C2:CP v2026.1 Hs symbols	Excitatory_neurons	REACTOME_MAP2K_AND_MAPK_ACTIVATION	https://www.gsea-msigdb.org/gsea/msigdb/human/geneset/REACTOME_MAP2K_AND_MAPK_ACTIVATION	all excitatory-neuron Bayesian-network genes represented in MSigDB C2:CP	6952	23	31	0		0.0	1.0	1.0	False				
phase18_selenow_excitatory_consensus_v1	MSigDB C2:CP v2026.1 Hs symbols	Excitatory_neurons	REACTOME_MAPK_TARGETS_NUCLEAR_EVENTS_MEDIATED_BY_MAP_KINASES	https://www.gsea-msigdb.org/gsea/msigdb/human/geneset/REACTOME_MAPK_TARGETS_NUCLEAR_EVENTS_MEDIATED_BY_MAP_KINASES	all excitatory-neuron Bayesian-network genes represented in MSigDB C2:CP	6952	23	25	0		0.0	1.0	1.0	False				
phase18_selenow_excitatory_consensus_v1	MSigDB C2:CP v2026.1 Hs symbols	Excitatory_neurons	REACTOME_MATERNAL_TO_ZYGOTIC_TRANSITION_MZT	https://www.gsea-msigdb.org/gsea/msigdb/human/geneset/REACTOME_MATERNAL_TO_ZYGOTIC_TRANSITION_MZT	all excitatory-neuron Bayesian-network genes represented in MSigDB C2:CP	6952	23	41	0		0.0	1.0	1.0	False				
phase18_selenow_excitatory_consensus_v1	MSigDB C2:CP v2026.1 Hs symbols	Excitatory_neurons	REACTOME_MATURATION_OF_DENV_PROTEINS	https://www.gsea-msigdb.org/gsea/msigdb/human/geneset/REACTOME_MATURATION_OF_DENV_PROTEINS	all excitatory-neuron Bayesian-network genes represented in MSigDB C2:CP	6952	23	46	0		0.0	1.0	1.0	False				
phase18_selenow_excitatory_consensus_v1	MSigDB C2:CP v2026.1 Hs symbols	Excitatory_neurons	REACTOME_MATURATION_OF_SARS_COV_2_SPIKE_PROTEIN	https://www.gsea-msigdb.org/gsea/msigdb/human/geneset/REACTOME_MATURATION_OF_SARS_COV_2_SPIKE_PROTEIN	all excitatory-neuron Bayesian-network genes represented in MSigDB C2:CP	6952	23	35	0		0.0	1.0	1.0	False				
phase18_selenow_excitatory_consensus_v1	MSigDB C2:CP v2026.1 Hs symbols	Excitatory_neurons	REACTOME_MEIOSIS	https://www.gsea-msigdb.org/gsea/msigdb/human/geneset/REACTOME_MEIOSIS	all excitatory-neuron Bayesian-network genes represented in MSigDB C2:CP	6952	23	37	0		0.0	1.0	1.0	False				
phase18_selenow_excitatory_consensus_v1	MSigDB C2:CP v2026.1 Hs symbols	Excitatory_neurons	REACTOME_MEIOTIC_SYNAPSIS	https://www.gsea-msigdb.org/gsea/msigdb/human/geneset/REACTOME_MEIOTIC_SYNAPSIS	all excitatory-neuron Bayesian-network genes represented in MSigDB C2:CP	6952	23	24	0		0.0	1.0	1.0	False				
phase18_selenow_excitatory_consensus_v1	MSigDB C2:CP v2026.1 Hs symbols	Excitatory_neurons	REACTOME_METABOLISM_OF_CARBOHYDRATES_AND_CARBOHYDRATE_DERIVATIVES	https://www.gsea-msigdb.org/gsea/msigdb/human/geneset/REACTOME_METABOLISM_OF_CARBOHYDRATES_AND_CARBOHYDRATE_DERIVATIVES	all excitatory-neuron Bayesian-network genes represented in MSigDB C2:CP	6952	23	175	0		0.0	1.0	1.0	False				
phase18_selenow_excitatory_consensus_v1	MSigDB C2:CP v2026.1 Hs symbols	Excitatory_neurons	REACTOME_METABOLISM_OF_COFACTORS	https://www.gsea-msigdb.org/gsea/msigdb/human/geneset/REACTOME_METABOLISM_OF_COFACTORS	all excitatory-neuron Bayesian-network genes represented in MSigDB C2:CP	6952	23	18	0		0.0	1.0	1.0	False				
phase18_selenow_excitatory_consensus_v1	MSigDB C2:CP v2026.1 Hs symbols	Excitatory_neurons	REACTOME_METABOLISM_OF_LIPIDS	https://www.gsea-msigdb.org/gsea/msigdb/human/geneset/REACTOME_METABOLISM_OF_LIPIDS	all excitatory-neuron Bayesian-network genes represented in MSigDB C2:CP	6952	23	436	0		0.0	1.0	1.0	False				
phase18_selenow_excitatory_consensus_v1	MSigDB C2:CP v2026.1 Hs symbols	Excitatory_neurons	REACTOME_METABOLISM_OF_STEROIDS	https://www.gsea-msigdb.org/gsea/msigdb/human/geneset/REACTOME_METABOLISM_OF_STEROIDS	all excitatory-neuron Bayesian-network genes represented in MSigDB C2:CP	6952	23	87	0		0.0	1.0	1.0	False				
phase18_selenow_excitatory_consensus_v1	MSigDB C2:CP v2026.1 Hs symbols	Excitatory_neurons	REACTOME_METABOLISM_OF_VITAMINS_AND_COFACTORS	https://www.gsea-msigdb.org/gsea/msigdb/human/geneset/REACTOME_METABOLISM_OF_VITAMINS_AND_COFACTORS	all excitatory-neuron Bayesian-network genes represented in MSigDB C2:CP	6952	23	104	0		0.0	1.0	1.0	False				
phase18_selenow_excitatory_consensus_v1	MSigDB C2:CP v2026.1 Hs symbols	Excitatory_neurons	REACTOME_METABOLISM_OF_WATER_SOLUBLE_VITAMINS_AND_COFACTORS	https://www.gsea-msigdb.org/gsea/msigdb/human/geneset/REACTOME_METABOLISM_OF_WATER_SOLUBLE_VITAMINS_AND_COFACTORS	all excitatory-neuron Bayesian-network genes represented in MSigDB C2:CP	6952	23	76	0		0.0	1.0	1.0	False				
phase18_selenow_excitatory_consensus_v1	MSigDB C2:CP v2026.1 Hs symbols	Excitatory_neurons	REACTOME_METALLOPROTEASE_DUBS	https://www.gsea-msigdb.org/gsea/msigdb/human/geneset/REACTOME_METALLOPROTEASE_DUBS	all excitatory-neuron Bayesian-network genes represented in MSigDB C2:CP	6952	23	17	0		0.0	1.0	1.0	False				
phase18_selenow_excitatory_consensus_v1	MSigDB C2:CP v2026.1 Hs symbols	Excitatory_neurons	REACTOME_METAL_ION_SLC_TRANSPORTERS	https://www.gsea-msigdb.org/gsea/msigdb/human/geneset/REACTOME_METAL_ION_SLC_TRANSPORTERS	all excitatory-neuron Bayesian-network genes represented in MSigDB C2:CP	6952	23	26	0		0.0	1.0	1.0	False				
phase18_selenow_excitatory_consensus_v1	MSigDB C2:CP v2026.1 Hs symbols	Excitatory_neurons	REACTOME_MET_PROMOTES_CELL_MOTILITY	https://www.gsea-msigdb.org/gsea/msigdb/human/geneset/REACTOME_MET_PROMOTES_CELL_MOTILITY	all excitatory-neuron Bayesian-network genes represented in MSigDB C2:CP	6952	23	20	0		0.0	1.0	1.0	False				
phase18_selenow_excitatory_consensus_v1	MSigDB C2:CP v2026.1 Hs symbols	Excitatory_neurons	REACTOME_MICRORNA_MIRNA_BIOGENESIS	https://www.gsea-msigdb.org/gsea/msigdb/human/geneset/REACTOME_MICRORNA_MIRNA_BIOGENESIS	all excitatory-neuron Bayesian-network genes represented in MSigDB C2:CP	6952	23	21	0		0.0	1.0	1.0	False				
phase18_selenow_excitatory_consensus_v1	MSigDB C2:CP v2026.1 Hs symbols	Excitatory_neurons	REACTOME_MISCELLANEOUS_TRANSPORT_AND_BINDING_EVENTS	https://www.gsea-msigdb.org/gsea/msigdb/human/geneset/REACTOME_MISCELLANEOUS_TRANSPORT_AND_BINDING_EVENTS	all excitatory-neuron Bayesian-network genes represented in MSigDB C2:CP	6952	23	17	0		0.0	1.0	1.0	False				
phase18_selenow_excitatory_consensus_v1	MSigDB C2:CP v2026.1 Hs symbols	Excitatory_neurons	REACTOME_MITF_M_DEPENDENT_GENE_EXPRESSION	https://www.gsea-msigdb.org/gsea/msigdb/human/geneset/REACTOME_MITF_M_DEPENDENT_GENE_EXPRESSION	all excitatory-neuron Bayesian-network genes represented in MSigDB C2:CP	6952	23	65	0		0.0	1.0	1.0	False				
phase18_selenow_excitatory_consensus_v1	MSigDB C2:CP v2026.1 Hs symbols	Excitatory_neurons	REACTOME_MITF_M_REGULATED_MELANOCYTE_DEVELOPMENT	https://www.gsea-msigdb.org/gsea/msigdb/human/geneset/REACTOME_MITF_M_REGULATED_MELANOCYTE_DEVELOPMENT	all excitatory-neuron Bayesian-network genes represented in MSigDB C2:CP	6952	23	84	0		0.0	1.0	1.0	False				
phase18_selenow_excitatory_consensus_v1	MSigDB C2:CP v2026.1 Hs symbols	Excitatory_neurons	REACTOME_MITOCHONDRIAL_BIOGENESIS	https://www.gsea-msigdb.org/gsea/msigdb/human/geneset/REACTOME_MITOCHONDRIAL_BIOGENESIS	all excitatory-neuron Bayesian-network genes represented in MSigDB C2:CP	6952	23	78	0		0.0	1.0	1.0	False				
phase18_selenow_excitatory_consensus_v1	MSigDB C2:CP v2026.1 Hs symbols	Excitatory_neurons	REACTOME_MITOCHONDRIAL_CALCIUM_ION_TRANSPORT	https://www.gsea-msigdb.org/gsea/msigdb/human/geneset/REACTOME_MITOCHONDRIAL_CALCIUM_ION_TRANSPORT	all excitatory-neuron Bayesian-network genes represented in MSigDB C2:CP	6952	23	20	0		0.0	1.0	1.0	False				
phase18_selenow_excitatory_consensus_v1	MSigDB C2:CP v2026.1 Hs symbols	Excitatory_neurons	REACTOME_MITOCHONDRIAL_FATTY_ACID_BETA_OXIDATION	https://www.gsea-msigdb.org/gsea/msigdb/human/geneset/REACTOME_MITOCHONDRIAL_FATTY_ACID_BETA_OXIDATION	all excitatory-neuron Bayesian-network genes represented in MSigDB C2:CP	6952	23	24	0		0.0	1.0	1.0	False				
phase18_selenow_excitatory_consensus_v1	MSigDB C2:CP v2026.1 Hs symbols	Excitatory_neurons	REACTOME_MITOPHAGY	https://www.gsea-msigdb.org/gsea/msigdb/human/geneset/REACTOME_MITOPHAGY	all excitatory-neuron Bayesian-network genes represented in MSigDB C2:CP	6952	23	34	0		0.0	1.0	1.0	False				
phase18_selenow_excitatory_consensus_v1	MSigDB C2:CP v2026.1 Hs symbols	Excitatory_neurons	REACTOME_MITOTIC_PROMETAPHASE	https://www.gsea-msigdb.org/gsea/msigdb/human/geneset/REACTOME_MITOTIC_PROMETAPHASE	all excitatory-neuron Bayesian-network genes represented in MSigDB C2:CP	6952	23	136	0		0.0	1.0	1.0	False				
phase18_selenow_excitatory_consensus_v1	MSigDB C2:CP v2026.1 Hs symbols	Excitatory_neurons	REACTOME_MITOTIC_PROPHASE	https://www.gsea-msigdb.org/gsea/msigdb/human/geneset/REACTOME_MITOTIC_PROPHASE	all excitatory-neuron Bayesian-network genes represented in MSigDB C2:CP	6952	23	70	0		0.0	1.0	1.0	False				
phase18_selenow_excitatory_consensus_v1	MSigDB C2:CP v2026.1 Hs symbols	Excitatory_neurons	REACTOME_MITOTIC_SPINDLE_CHECKPOINT	https://www.gsea-msigdb.org/gsea/msigdb/human/geneset/REACTOME_MITOTIC_SPINDLE_CHECKPOINT	all excitatory-neuron Bayesian-network genes represented in MSigDB C2:CP	6952	23	70	0		0.0	1.0	1.0	False				
phase18_selenow_excitatory_consensus_v1	MSigDB C2:CP v2026.1 Hs symbols	Excitatory_neurons	REACTOME_MRNA_3_END_PROCESSING	https://www.gsea-msigdb.org/gsea/msigdb/human/geneset/REACTOME_MRNA_3_END_PROCESSING	all excitatory-neuron Bayesian-network genes represented in MSigDB C2:CP	6952	23	139	0		0.0	1.0	1.0	False				
phase18_selenow_excitatory_consensus_v1	MSigDB C2:CP v2026.1 Hs symbols	Excitatory_neurons	REACTOME_MRNA_CAPPING	https://www.gsea-msigdb.org/gsea/msigdb/human/geneset/REACTOME_MRNA_CAPPING	all excitatory-neuron Bayesian-network genes represented in MSigDB C2:CP	6952	23	27	0		0.0	1.0	1.0	False				
phase18_selenow_excitatory_consensus_v1	MSigDB C2:CP v2026.1 Hs symbols	Excitatory_neurons	REACTOME_MRNA_POLYADENYLATION	https://www.gsea-msigdb.org/gsea/msigdb/human/geneset/REACTOME_MRNA_POLYADENYLATION	all excitatory-neuron Bayesian-network genes represented in MSigDB C2:CP	6952	23	120	0		0.0	1.0	1.0	False				
phase18_selenow_excitatory_consensus_v1	MSigDB C2:CP v2026.1 Hs symbols	Excitatory_neurons	REACTOME_MRNA_SPLICING	https://www.gsea-msigdb.org/gsea/msigdb/human/geneset/REACTOME_MRNA_SPLICING	all excitatory-neuron Bayesian-network genes represented in MSigDB C2:CP	6952	23	196	0		0.0	1.0	1.0	False				
phase18_selenow_excitatory_consensus_v1	MSigDB C2:CP v2026.1 Hs symbols	Excitatory_neurons	REACTOME_MRNA_SPLICING_MINOR_PATHWAY	https://www.gsea-msigdb.org/gsea/msigdb/human/geneset/REACTOME_MRNA_SPLICING_MINOR_PATHWAY	all excitatory-neuron Bayesian-network genes represented in MSigDB C2:CP	6952	23	48	0		0.0	1.0	1.0	False				
phase18_selenow_excitatory_consensus_v1	MSigDB C2:CP v2026.1 Hs symbols	Excitatory_neurons	REACTOME_MUSCLE_CONTRACTION	https://www.gsea-msigdb.org/gsea/msigdb/human/geneset/REACTOME_MUSCLE_CONTRACTION	all excitatory-neuron Bayesian-network genes represented in MSigDB C2:CP	6952	23	96	0		0.0	1.0	1.0	False				
phase18_selenow_excitatory_consensus_v1	MSigDB C2:CP v2026.1 Hs symbols	Excitatory_neurons	REACTOME_MYD88_INDEPENDENT_TLR4_CASCADE	https://www.gsea-msigdb.org/gsea/msigdb/human/geneset/REACTOME_MYD88_INDEPENDENT_TLR4_CASCADE	all excitatory-neuron Bayesian-network genes represented in MSigDB C2:CP	6952	23	76	0		0.0	1.0	1.0	False				
phase18_selenow_excitatory_consensus_v1	MSigDB C2:CP v2026.1 Hs symbols	Excitatory_neurons	REACTOME_MYOGENESIS	https://www.gsea-msigdb.org/gsea/msigdb/human/geneset/REACTOME_MYOGENESIS	all excitatory-neuron Bayesian-network genes represented in MSigDB C2:CP	6952	23	22	0		0.0	1.0	1.0	False				
phase18_selenow_excitatory_consensus_v1	MSigDB C2:CP v2026.1 Hs symbols	Excitatory_neurons	REACTOME_M_DECAY_DEGRADATION_OF_MATERNAL_MRNAS_BY_MATERNALLY_STORED_FACTORS	https://www.gsea-msigdb.org/gsea/msigdb/human/geneset/REACTOME_M_DECAY_DEGRADATION_OF_MATERNAL_MRNAS_BY_MATERNALLY_STORED_FACTORS	all excitatory-neuron Bayesian-network genes represented in MSigDB C2:CP	6952	23	26	0		0.0	1.0	1.0	False				
phase18_selenow_excitatory_consensus_v1	MSigDB C2:CP v2026.1 Hs symbols	Excitatory_neurons	REACTOME_NCAM_SIGNALING_FOR_NEURITE_OUT_GROWTH	https://www.gsea-msigdb.org/gsea/msigdb/human/geneset/REACTOME_NCAM_SIGNALING_FOR_NEURITE_OUT_GROWTH	all excitatory-neuron Bayesian-network genes represented in MSigDB C2:CP	6952	23	32	0		0.0	1.0	1.0	False				
phase18_selenow_excitatory_consensus_v1	MSigDB C2:CP v2026.1 Hs symbols	Excitatory_neurons	REACTOME_NEGATIVE_EPIGENETIC_REGULATION_OF_RRNA_EXPRESSION	https://www.gsea-msigdb.org/gsea/msigdb/human/geneset/REACTOME_NEGATIVE_EPIGENETIC_REGULATION_OF_RRNA_EXPRESSION	all excitatory-neuron Bayesian-network genes represented in MSigDB C2:CP	6952	23	40	0		0.0	1.0	1.0	False				
phase18_selenow_excitatory_consensus_v1	MSigDB C2:CP v2026.1 Hs symbols	Excitatory_neurons	REACTOME_NEGATIVE_REGULATION_OF_FGFR1_SIGNALING	https://www.gsea-msigdb.org/gsea/msigdb/human/geneset/REACTOME_NEGATIVE_REGULATION_OF_FGFR1_SIGNALING	all excitatory-neuron Bayesian-network genes represented in MSigDB C2:CP	6952	23	21	0		0.0	1.0	1.0	False				
phase18_selenow_excitatory_consensus_v1	MSigDB C2:CP v2026.1 Hs symbols	Excitatory_neurons	REACTOME_NEGATIVE_REGULATION_OF_FGFR2_SIGNALING	https://www.gsea-msigdb.org/gsea/msigdb/human/geneset/REACTOME_NEGATIVE_REGULATION_OF_FGFR2_SIGNALING	all excitatory-neuron Bayesian-network genes represented in MSigDB C2:CP	6952	23	20	0		0.0	1.0	1.0	False				
phase18_selenow_excitatory_consensus_v1	MSigDB C2:CP v2026.1 Hs symbols	Excitatory_neurons	REACTOME_NEGATIVE_REGULATION_OF_FGFR3_SIGNALING	https://www.gsea-msigdb.org/gsea/msigdb/human/geneset/REACTOME_NEGATIVE_REGULATION_OF_FGFR3_SIGNALING	all excitatory-neuron Bayesian-network genes represented in MSigDB C2:CP	6952	23	20	0		0.0	1.0	1.0	False				
phase18_selenow_excitatory_consensus_v1	MSigDB C2:CP v2026.1 Hs symbols	Excitatory_neurons	REACTOME_NEGATIVE_REGULATION_OF_FGFR4_SIGNALING	https://www.gsea-msigdb.org/gsea/msigdb/human/geneset/REACTOME_NEGATIVE_REGULATION_OF_FGFR4_SIGNALING	all excitatory-neuron Bayesian-network genes represented in MSigDB C2:CP	6952	23	19	0		0.0	1.0	1.0	False				
phase18_selenow_excitatory_consensus_v1	MSigDB C2:CP v2026.1 Hs symbols	Excitatory_neurons	REACTOME_NEGATIVE_REGULATION_OF_MAPK_PATHWAY	https://www.gsea-msigdb.org/gsea/msigdb/human/geneset/REACTOME_NEGATIVE_REGULATION_OF_MAPK_PATHWAY	all excitatory-neuron Bayesian-network genes represented in MSigDB C2:CP	6952	23	34	0		0.0	1.0	1.0	False				
phase18_selenow_excitatory_consensus_v1	MSigDB C2:CP v2026.1 Hs symbols	Excitatory_neurons	REACTOME_NEGATIVE_REGULATION_OF_MET_ACTIVITY	https://www.gsea-msigdb.org/gsea/msigdb/human/geneset/REACTOME_NEGATIVE_REGULATION_OF_MET_ACTIVITY	all excitatory-neuron Bayesian-network genes represented in MSigDB C2:CP	6952	23	19	0		0.0	1.0	1.0	False				
phase18_selenow_excitatory_consensus_v1	MSigDB C2:CP v2026.1 Hs symbols	Excitatory_neurons	REACTOME_NEGATIVE_REGULATION_OF_NMDA_RECEPTOR_MEDIATED_NEURONAL_TRANSMISSION	https://www.gsea-msigdb.org/gsea/msigdb/human/geneset/REACTOME_NEGATIVE_REGULATION_OF_NMDA_RECEPTOR_MEDIATED_NEURONAL_TRANSMISSION	all excitatory-neuron Bayesian-network genes represented in MSigDB C2:CP	6952	23	15	0		0.0	1.0	1.0	False				
phase18_selenow_excitatory_consensus_v1	MSigDB C2:CP v2026.1 Hs symbols	Excitatory_neurons	REACTOME_NEGATIVE_REGULATION_OF_THE_PI3K_AKT_NETWORK	https://www.gsea-msigdb.org/gsea/msigdb/human/geneset/REACTOME_NEGATIVE_REGULATION_OF_THE_PI3K_AKT_NETWORK	all excitatory-neuron Bayesian-network genes represented in MSigDB C2:CP	6952	23	61	0		0.0	1.0	1.0	False				
phase18_selenow_excitatory_consensus_v1	MSigDB C2:CP v2026.1 Hs symbols	Excitatory_neurons	REACTOME_NEGATIVE_REGULATORS_OF_DDX58_IFIH1_SIGNALING	https://www.gsea-msigdb.org/gsea/msigdb/human/geneset/REACTOME_NEGATIVE_REGULATORS_OF_DDX58_IFIH1_SIGNALING	all excitatory-neuron Bayesian-network genes represented in MSigDB C2:CP	6952	23	24	0		0.0	1.0	1.0	False				
phase18_selenow_excitatory_consensus_v1	MSigDB C2:CP v2026.1 Hs symbols	Excitatory_neurons	REACTOME_NEPHRIN_FAMILY_INTERACTIONS	https://www.gsea-msigdb.org/gsea/msigdb/human/geneset/REACTOME_NEPHRIN_FAMILY_INTERACTIONS	all excitatory-neuron Bayesian-network genes represented in MSigDB C2:CP	6952	23	16	0		0.0	1.0	1.0	False				
phase18_selenow_excitatory_consensus_v1	MSigDB C2:CP v2026.1 Hs symbols	Excitatory_neurons	REACTOME_NETRIN_1_SIGNALING	https://www.gsea-msigdb.org/gsea/msigdb/human/geneset/REACTOME_NETRIN_1_SIGNALING	all excitatory-neuron Bayesian-network genes represented in MSigDB C2:CP	6952	23	32	0		0.0	1.0	1.0	False				
phase18_selenow_excitatory_consensus_v1	MSigDB C2:CP v2026.1 Hs symbols	Excitatory_neurons	REACTOME_NEUREXINS_AND_NEUROLIGINS	https://www.gsea-msigdb.org/gsea/msigdb/human/geneset/REACTOME_NEUREXINS_AND_NEUROLIGINS	all excitatory-neuron Bayesian-network genes represented in MSigDB C2:CP	6952	23	47	0		0.0	1.0	1.0	False				
phase18_selenow_excitatory_consensus_v1	MSigDB C2:CP v2026.1 Hs symbols	Excitatory_neurons	REACTOME_NEURONAL_SYSTEM	https://www.gsea-msigdb.org/gsea/msigdb/human/geneset/REACTOME_NEURONAL_SYSTEM	all excitatory-neuron Bayesian-network genes represented in MSigDB C2:CP	6952	23	249	0		0.0	1.0	1.0	False				
phase18_selenow_excitatory_consensus_v1	MSigDB C2:CP v2026.1 Hs symbols	Excitatory_neurons	REACTOME_NEUROTRANSMITTER_RECEPTORS_AND_POSTSYNAPTIC_SIGNAL_TRANSMISSION	https://www.gsea-msigdb.org/gsea/msigdb/human/geneset/REACTOME_NEUROTRANSMITTER_RECEPTORS_AND_POSTSYNAPTIC_SIGNAL_TRANSMISSION	all excitatory-neuron Bayesian-network genes represented in MSigDB C2:CP	6952	23	121	0		0.0	1.0	1.0	False				
phase18_selenow_excitatory_consensus_v1	MSigDB C2:CP v2026.1 Hs symbols	Excitatory_neurons	REACTOME_NEUROTRANSMITTER_RELEASE_CYCLE	https://www.gsea-msigdb.org/gsea/msigdb/human/geneset/REACTOME_NEUROTRANSMITTER_RELEASE_CYCLE	all excitatory-neuron Bayesian-network genes represented in MSigDB C2:CP	6952	23	34	0		0.0	1.0	1.0	False				
phase18_selenow_excitatory_consensus_v1	MSigDB C2:CP v2026.1 Hs symbols	Excitatory_neurons	REACTOME_NGF_STIMULATED_TRANSCRIPTION	https://www.gsea-msigdb.org/gsea/msigdb/human/geneset/REACTOME_NGF_STIMULATED_TRANSCRIPTION	all excitatory-neuron Bayesian-network genes represented in MSigDB C2:CP	6952	23	20	0		0.0	1.0	1.0	False				
phase18_selenow_excitatory_consensus_v1	MSigDB C2:CP v2026.1 Hs symbols	Excitatory_neurons	REACTOME_NOD1_2_SIGNALING_PATHWAY	https://www.gsea-msigdb.org/gsea/msigdb/human/geneset/REACTOME_NOD1_2_SIGNALING_PATHWAY	all excitatory-neuron Bayesian-network genes represented in MSigDB C2:CP	6952	23	27	0		0.0	1.0	1.0	False				
phase18_selenow_excitatory_consensus_v1	MSigDB C2:CP v2026.1 Hs symbols	Excitatory_neurons	REACTOME_NONHOMOLOGOUS_END_JOINING_NHEJ	https://www.gsea-msigdb.org/gsea/msigdb/human/geneset/REACTOME_NONHOMOLOGOUS_END_JOINING_NHEJ	all excitatory-neuron Bayesian-network genes represented in MSigDB C2:CP	6952	23	29	0		0.0	1.0	1.0	False				
phase18_selenow_excitatory_consensus_v1	MSigDB C2:CP v2026.1 Hs symbols	Excitatory_neurons	REACTOME_NONSENSE_MEDIATED_DECAY_NMD	https://www.gsea-msigdb.org/gsea/msigdb/human/geneset/REACTOME_NONSENSE_MEDIATED_DECAY_NMD	all excitatory-neuron Bayesian-network genes represented in MSigDB C2:CP	6952	23	99	0		0.0	1.0	1.0	False				
phase18_selenow_excitatory_consensus_v1	MSigDB C2:CP v2026.1 Hs symbols	Excitatory_neurons	REACTOME_NON_INTEGRIN_MEMBRANE_ECM_INTERACTIONS	https://www.gsea-msigdb.org/gsea/msigdb/human/geneset/REACTOME_NON_INTEGRIN_MEMBRANE_ECM_INTERACTIONS	all excitatory-neuron Bayesian-network genes represented in MSigDB C2:CP	6952	23	31	0		0.0	1.0	1.0	False				
phase18_selenow_excitatory_consensus_v1	MSigDB C2:CP v2026.1 Hs symbols	Excitatory_neurons	REACTOME_NOTCH1_INTRACELLULAR_DOMAIN_REGULATES_TRANSCRIPTION	https://www.gsea-msigdb.org/gsea/msigdb/human/geneset/REACTOME_NOTCH1_INTRACELLULAR_DOMAIN_REGULATES_TRANSCRIPTION	all excitatory-neuron Bayesian-network genes represented in MSigDB C2:CP	6952	23	41	0		0.0	1.0	1.0	False				
phase18_selenow_excitatory_consensus_v1	MSigDB C2:CP v2026.1 Hs symbols	Excitatory_neurons	REACTOME_NOTCH_HLH_TRANSCRIPTION_PATHWAY	https://www.gsea-msigdb.org/gsea/msigdb/human/geneset/REACTOME_NOTCH_HLH_TRANSCRIPTION_PATHWAY	all excitatory-neuron Bayesian-network genes represented in MSigDB C2:CP	6952	23	23	0		0.0	1.0	1.0	False				
phase18_selenow_excitatory_consensus_v1	MSigDB C2:CP v2026.1 Hs symbols	Excitatory_neurons	REACTOME_NR1H2_AND_NR1H3_MEDIATED_SIGNALING	https://www.gsea-msigdb.org/gsea/msigdb/human/geneset/REACTOME_NR1H2_AND_NR1H3_MEDIATED_SIGNALING	all excitatory-neuron Bayesian-network genes represented in MSigDB C2:CP	6952	23	29	0		0.0	1.0	1.0	False				
phase18_selenow_excitatory_consensus_v1	MSigDB C2:CP v2026.1 Hs symbols	Excitatory_neurons	REACTOME_NR1H3_NR1H2_REGULATE_GENE_EXPRESSION_LINKED_TO_CHOLESTEROL_TRANSPORT_AND_EFFLUX	https://www.gsea-msigdb.org/gsea/msigdb/human/geneset/REACTOME_NR1H3_NR1H2_REGULATE_GENE_EXPRESSION_LINKED_TO_CHOLESTEROL_TRANSPORT_AND_EFFLUX	all excitatory-neuron Bayesian-network genes represented in MSigDB C2:CP	6952	23	25	0		0.0	1.0	1.0	False				
phase18_selenow_excitatory_consensus_v1	MSigDB C2:CP v2026.1 Hs symbols	Excitatory_neurons	REACTOME_NRAGE_SIGNALS_DEATH_THROUGH_JNK	https://www.gsea-msigdb.org/gsea/msigdb/human/geneset/REACTOME_NRAGE_SIGNALS_DEATH_THROUGH_JNK	all excitatory-neuron Bayesian-network genes represented in MSigDB C2:CP	6952	23	37	0		0.0	1.0	1.0	False				
phase18_selenow_excitatory_consensus_v1	MSigDB C2:CP v2026.1 Hs symbols	Excitatory_neurons	REACTOME_NS1_MEDIATED_EFFECTS_ON_HOST_PATHWAYS	https://www.gsea-msigdb.org/gsea/msigdb/human/geneset/REACTOME_NS1_MEDIATED_EFFECTS_ON_HOST_PATHWAYS	all excitatory-neuron Bayesian-network genes represented in MSigDB C2:CP	6952	23	36	0		0.0	1.0	1.0	False				
phase18_selenow_excitatory_consensus_v1	MSigDB C2:CP v2026.1 Hs symbols	Excitatory_neurons	REACTOME_NUCLEAR_ENVELOPE_BREAKDOWN	https://www.gsea-msigdb.org/gsea/msigdb/human/geneset/REACTOME_NUCLEAR_ENVELOPE_BREAKDOWN	all excitatory-neuron Bayesian-network genes represented in MSigDB C2:CP	6952	23	43	0		0.0	1.0	1.0	False				
phase18_selenow_excitatory_consensus_v1	MSigDB C2:CP v2026.1 Hs symbols	Excitatory_neurons	REACTOME_NUCLEAR_ENVELOPE_NE_REASSEMBLY	https://www.gsea-msigdb.org/gsea/msigdb/human/geneset/REACTOME_NUCLEAR_ENVELOPE_NE_REASSEMBLY	all excitatory-neuron Bayesian-network genes represented in MSigDB C2:CP	6952	23	56	0		0.0	1.0	1.0	False				
phase18_selenow_excitatory_consensus_v1	MSigDB C2:CP v2026.1 Hs symbols	Excitatory_neurons	REACTOME_NUCLEAR_EVENTS_KINASE_AND_TRANSCRIPTION_FACTOR_ACTIVATION	https://www.gsea-msigdb.org/gsea/msigdb/human/geneset/REACTOME_NUCLEAR_EVENTS_KINASE_AND_TRANSCRIPTION_FACTOR_ACTIVATION	all excitatory-neuron Bayesian-network genes represented in MSigDB C2:CP	6952	23	37	0		0.0	1.0	1.0	False				
phase18_selenow_excitatory_consensus_v1	MSigDB C2:CP v2026.1 Hs symbols	Excitatory_neurons	REACTOME_NUCLEAR_EVENTS_STIMULATED_BY_ALK_SIGNALING_IN_CANCER	https://www.gsea-msigdb.org/gsea/msigdb/human/geneset/REACTOME_NUCLEAR_EVENTS_STIMULATED_BY_ALK_SIGNALING_IN_CANCER	all excitatory-neuron Bayesian-network genes represented in MSigDB C2:CP	6952	23	18	0		0.0	1.0	1.0	False				
phase18_selenow_excitatory_consensus_v1	MSigDB C2:CP v2026.1 Hs symbols	Excitatory_neurons	REACTOME_NUCLEAR_IMPORT_OF_REV_PROTEIN	https://www.gsea-msigdb.org/gsea/msigdb/human/geneset/REACTOME_NUCLEAR_IMPORT_OF_REV_PROTEIN	all excitatory-neuron Bayesian-network genes represented in MSigDB C2:CP	6952	23	31	0		0.0	1.0	1.0	False				
phase18_selenow_excitatory_consensus_v1	MSigDB C2:CP v2026.1 Hs symbols	Excitatory_neurons	REACTOME_NUCLEAR_PORE_COMPLEX_NPC_DISASSEMBLY	https://www.gsea-msigdb.org/gsea/msigdb/human/geneset/REACTOME_NUCLEAR_PORE_COMPLEX_NPC_DISASSEMBLY	all excitatory-neuron Bayesian-network genes represented in MSigDB C2:CP	6952	23	30	0		0.0	1.0	1.0	False				
phase18_selenow_excitatory_consensus_v1	MSigDB C2:CP v2026.1 Hs symbols	Excitatory_neurons	REACTOME_NUCLEAR_RECEPTOR_TRANSCRIPTION_PATHWAY	https://www.gsea-msigdb.org/gsea/msigdb/human/geneset/REACTOME_NUCLEAR_RECEPTOR_TRANSCRIPTION_PATHWAY	all excitatory-neuron Bayesian-network genes represented in MSigDB C2:CP	6952	23	29	0		0.0	1.0	1.0	False				
phase18_selenow_excitatory_consensus_v1	MSigDB C2:CP v2026.1 Hs symbols	Excitatory_neurons	REACTOME_NUCLEAR_RNA_DECAY	https://www.gsea-msigdb.org/gsea/msigdb/human/geneset/REACTOME_NUCLEAR_RNA_DECAY	all excitatory-neuron Bayesian-network genes represented in MSigDB C2:CP	6952	23	30	0		0.0	1.0	1.0	False				
phase18_selenow_excitatory_consensus_v1	MSigDB C2:CP v2026.1 Hs symbols	Excitatory_neurons	REACTOME_NUCLEOTIDE_BINDING_DOMAIN_LEUCINE_RICH_REPEAT_CONTAINING_RECEPTOR_NLR_SIGNALING_PATHWAYS	https://www.gsea-msigdb.org/gsea/msigdb/human/geneset/REACTOME_NUCLEOTIDE_BINDING_DOMAIN_LEUCINE_RICH_REPEAT_CONTAINING_RECEPTOR_NLR_SIGNALING_PATHWAYS	all excitatory-neuron Bayesian-network genes represented in MSigDB C2:CP	6952	23	37	0		0.0	1.0	1.0	False				
phase18_selenow_excitatory_consensus_v1	MSigDB C2:CP v2026.1 Hs symbols	Excitatory_neurons	REACTOME_NUCLEOTIDE_CATABOLISM	https://www.gsea-msigdb.org/gsea/msigdb/human/geneset/REACTOME_NUCLEOTIDE_CATABOLISM	all excitatory-neuron Bayesian-network genes represented in MSigDB C2:CP	6952	23	16	0		0.0	1.0	1.0	False				
phase18_selenow_excitatory_consensus_v1	MSigDB C2:CP v2026.1 Hs symbols	Excitatory_neurons	REACTOME_NUCLEOTIDE_EXCISION_REPAIR	https://www.gsea-msigdb.org/gsea/msigdb/human/geneset/REACTOME_NUCLEOTIDE_EXCISION_REPAIR	all excitatory-neuron Bayesian-network genes represented in MSigDB C2:CP	6952	23	97	0		0.0	1.0	1.0	False				
phase18_selenow_excitatory_consensus_v1	MSigDB C2:CP v2026.1 Hs symbols	Excitatory_neurons	REACTOME_N_GLYCAN_ANTENNAE_ELONGATION_IN_THE_MEDIAL_TRANS_GOLGI	https://www.gsea-msigdb.org/gsea/msigdb/human/geneset/REACTOME_N_GLYCAN_ANTENNAE_ELONGATION_IN_THE_MEDIAL_TRANS_GOLGI	all excitatory-neuron Bayesian-network genes represented in MSigDB C2:CP	6952	23	18	0		0.0	1.0	1.0	False				
phase18_selenow_excitatory_consensus_v1	MSigDB C2:CP v2026.1 Hs symbols	Excitatory_neurons	REACTOME_N_GLYCAN_TRIMMING_IN_THE_ER_AND_CALNEXIN_CALRETICULIN_CYCLE	https://www.gsea-msigdb.org/gsea/msigdb/human/geneset/REACTOME_N_GLYCAN_TRIMMING_IN_THE_ER_AND_CALNEXIN_CALRETICULIN_CYCLE	all excitatory-neuron Bayesian-network genes represented in MSigDB C2:CP	6952	23	32	0		0.0	1.0	1.0	False				
phase18_selenow_excitatory_consensus_v1	MSigDB C2:CP v2026.1 Hs symbols	Excitatory_neurons	REACTOME_ONCOGENE_INDUCED_SENESCENCE	https://www.gsea-msigdb.org/gsea/msigdb/human/geneset/REACTOME_ONCOGENE_INDUCED_SENESCENCE	all excitatory-neuron Bayesian-network genes represented in MSigDB C2:CP	6952	23	22	0		0.0	1.0	1.0	False				
phase18_selenow_excitatory_consensus_v1	MSigDB C2:CP v2026.1 Hs symbols	Excitatory_neurons	REACTOME_ONCOGENIC_MAPK_SIGNALING	https://www.gsea-msigdb.org/gsea/msigdb/human/geneset/REACTOME_ONCOGENIC_MAPK_SIGNALING	all excitatory-neuron Bayesian-network genes represented in MSigDB C2:CP	6952	23	62	0		0.0	1.0	1.0	False				
phase18_selenow_excitatory_consensus_v1	MSigDB C2:CP v2026.1 Hs symbols	Excitatory_neurons	REACTOME_OPIOID_SIGNALLING	https://www.gsea-msigdb.org/gsea/msigdb/human/geneset/REACTOME_OPIOID_SIGNALLING	all excitatory-neuron Bayesian-network genes represented in MSigDB C2:CP	6952	23	59	0		0.0	1.0	1.0	False				
phase18_selenow_excitatory_consensus_v1	MSigDB C2:CP v2026.1 Hs symbols	Excitatory_neurons	REACTOME_ORGANELLE_BIOGENESIS_AND_MAINTENANCE	https://www.gsea-msigdb.org/gsea/msigdb/human/geneset/REACTOME_ORGANELLE_BIOGENESIS_AND_MAINTENANCE	all excitatory-neuron Bayesian-network genes represented in MSigDB C2:CP	6952	23	229	0		0.0	1.0	1.0	False				
phase18_selenow_excitatory_consensus_v1	MSigDB C2:CP v2026.1 Hs symbols	Excitatory_neurons	REACTOME_OVARIAN_TUMOR_DOMAIN_PROTEASES	https://www.gsea-msigdb.org/gsea/msigdb/human/geneset/REACTOME_OVARIAN_TUMOR_DOMAIN_PROTEASES	all excitatory-neuron Bayesian-network genes represented in MSigDB C2:CP	6952	23	28	0		0.0	1.0	1.0	False				
phase18_selenow_excitatory_consensus_v1	MSigDB C2:CP v2026.1 Hs symbols	Excitatory_neurons	REACTOME_OXIDATIVE_STRESS_INDUCED_SENESCENCE	https://www.gsea-msigdb.org/gsea/msigdb/human/geneset/REACTOME_OXIDATIVE_STRESS_INDUCED_SENESCENCE	all excitatory-neuron Bayesian-network genes represented in MSigDB C2:CP	6952	23	51	0		0.0	1.0	1.0	False				
phase18_selenow_excitatory_consensus_v1	MSigDB C2:CP v2026.1 Hs symbols	Excitatory_neurons	REACTOME_O_LINKED_GLYCOSYLATION	https://www.gsea-msigdb.org/gsea/msigdb/human/geneset/REACTOME_O_LINKED_GLYCOSYLATION	all excitatory-neuron Bayesian-network genes represented in MSigDB C2:CP	6952	23	52	0		0.0	1.0	1.0	False				
phase18_selenow_excitatory_consensus_v1	MSigDB C2:CP v2026.1 Hs symbols	Excitatory_neurons	REACTOME_O_LINKED_GLYCOSYLATION_OF_MUCINS	https://www.gsea-msigdb.org/gsea/msigdb/human/geneset/REACTOME_O_LINKED_GLYCOSYLATION_OF_MUCINS	all excitatory-neuron Bayesian-network genes represented in MSigDB C2:CP	6952	23	22	0		0.0	1.0	1.0	False				
phase18_selenow_excitatory_consensus_v1	MSigDB C2:CP v2026.1 Hs symbols	Excitatory_neurons	REACTOME_PCNA_DEPENDENT_LONG_PATCH_BASE_EXCISION_REPAIR	https://www.gsea-msigdb.org/gsea/msigdb/human/geneset/REACTOME_PCNA_DEPENDENT_LONG_PATCH_BASE_EXCISION_REPAIR	all excitatory-neuron Bayesian-network genes represented in MSigDB C2:CP	6952	23	17	0		0.0	1.0	1.0	False				
phase18_selenow_excitatory_consensus_v1	MSigDB C2:CP v2026.1 Hs symbols	Excitatory_neurons	REACTOME_PD_L1_CD274_GLYCOSYLATION_AND_TRANSLOCATION_TO_PLASMA_MEMBRANE	https://www.gsea-msigdb.org/gsea/msigdb/human/geneset/REACTOME_PD_L1_CD274_GLYCOSYLATION_AND_TRANSLOCATION_TO_PLASMA_MEMBRANE	all excitatory-neuron Bayesian-network genes represented in MSigDB C2:CP	6952	23	17	0		0.0	1.0	1.0	False				
phase18_selenow_excitatory_consensus_v1	MSigDB C2:CP v2026.1 Hs symbols	Excitatory_neurons	REACTOME_PEPTIDE_HORMONE_METABOLISM	https://www.gsea-msigdb.org/gsea/msigdb/human/geneset/REACTOME_PEPTIDE_HORMONE_METABOLISM	all excitatory-neuron Bayesian-network genes represented in MSigDB C2:CP	6952	23	32	0		0.0	1.0	1.0	False				
phase18_selenow_excitatory_consensus_v1	MSigDB C2:CP v2026.1 Hs symbols	Excitatory_neurons	REACTOME_PERK_REGULATES_GENE_EXPRESSION	https://www.gsea-msigdb.org/gsea/msigdb/human/geneset/REACTOME_PERK_REGULATES_GENE_EXPRESSION	all excitatory-neuron Bayesian-network genes represented in MSigDB C2:CP	6952	23	24	0		0.0	1.0	1.0	False				
phase18_selenow_excitatory_consensus_v1	MSigDB C2:CP v2026.1 Hs symbols	Excitatory_neurons	REACTOME_PEROXISOMAL_LIPID_METABOLISM	https://www.gsea-msigdb.org/gsea/msigdb/human/geneset/REACTOME_PEROXISOMAL_LIPID_METABOLISM	all excitatory-neuron Bayesian-network genes represented in MSigDB C2:CP	6952	23	18	0		0.0	1.0	1.0	False				
phase18_selenow_excitatory_consensus_v1	MSigDB C2:CP v2026.1 Hs symbols	Excitatory_neurons	REACTOME_PEROXISOMAL_PROTEIN_IMPORT	https://www.gsea-msigdb.org/gsea/msigdb/human/geneset/REACTOME_PEROXISOMAL_PROTEIN_IMPORT	all excitatory-neuron Bayesian-network genes represented in MSigDB C2:CP	6952	23	42	0		0.0	1.0	1.0	False				
phase18_selenow_excitatory_consensus_v1	MSigDB C2:CP v2026.1 Hs symbols	Excitatory_neurons	REACTOME_PHASE_0_RAPID_DEPOLARISATION	https://www.gsea-msigdb.org/gsea/msigdb/human/geneset/REACTOME_PHASE_0_RAPID_DEPOLARISATION	all excitatory-neuron Bayesian-network genes represented in MSigDB C2:CP	6952	23	19	0		0.0	1.0	1.0	False				
phase18_selenow_excitatory_consensus_v1	MSigDB C2:CP v2026.1 Hs symbols	Excitatory_neurons	REACTOME_PHASE_II_CONJUGATION_OF_COMPOUNDS	https://www.gsea-msigdb.org/gsea/msigdb/human/geneset/REACTOME_PHASE_II_CONJUGATION_OF_COMPOUNDS	all excitatory-neuron Bayesian-network genes represented in MSigDB C2:CP	6952	23	38	0		0.0	1.0	1.0	False				
phase18_selenow_excitatory_consensus_v1	MSigDB C2:CP v2026.1 Hs symbols	Excitatory_neurons	REACTOME_PHASE_I_FUNCTIONALIZATION_OF_COMPOUNDS	https://www.gsea-msigdb.org/gsea/msigdb/human/geneset/REACTOME_PHASE_I_FUNCTIONALIZATION_OF_COMPOUNDS	all excitatory-neuron Bayesian-network genes represented in MSigDB C2:CP	6952	23	27	0		0.0	1.0	1.0	False				
phase18_selenow_excitatory_consensus_v1	MSigDB C2:CP v2026.1 Hs symbols	Excitatory_neurons	REACTOME_PHOSPHOLIPID_METABOLISM	https://www.gsea-msigdb.org/gsea/msigdb/human/geneset/REACTOME_PHOSPHOLIPID_METABOLISM	all excitatory-neuron Bayesian-network genes represented in MSigDB C2:CP	6952	23	140	0		0.0	1.0	1.0	False				
phase18_selenow_excitatory_consensus_v1	MSigDB C2:CP v2026.1 Hs symbols	Excitatory_neurons	REACTOME_PHOSPHORYLATED_BMAL1_CLOCK_ARNTL_CLOCK_ACTIVATES_EXPRESSION_OF_CORE_CLOCK_GENES	https://www.gsea-msigdb.org/gsea/msigdb/human/geneset/REACTOME_PHOSPHORYLATED_BMAL1_CLOCK_ARNTL_CLOCK_ACTIVATES_EXPRESSION_OF_CORE_CLOCK_GENES	all excitatory-neuron Bayesian-network genes represented in MSigDB C2:CP	6952	23	18	0		0.0	1.0	1.0	False				
phase18_selenow_excitatory_consensus_v1	MSigDB C2:CP v2026.1 Hs symbols	Excitatory_neurons	REACTOME_PHOSPHORYLATION_OF_THE_APC_C	https://www.gsea-msigdb.org/gsea/msigdb/human/geneset/REACTOME_PHOSPHORYLATION_OF_THE_APC_C	all excitatory-neuron Bayesian-network genes represented in MSigDB C2:CP	6952	23	15	0		0.0	1.0	1.0	False				
phase18_selenow_excitatory_consensus_v1	MSigDB C2:CP v2026.1 Hs symbols	Excitatory_neurons	REACTOME_PI3K_AKT_SIGNALING_IN_CANCER	https://www.gsea-msigdb.org/gsea/msigdb/human/geneset/REACTOME_PI3K_AKT_SIGNALING_IN_CANCER	all excitatory-neuron Bayesian-network genes represented in MSigDB C2:CP	6952	23	55	0		0.0	1.0	1.0	False				
phase18_selenow_excitatory_consensus_v1	MSigDB C2:CP v2026.1 Hs symbols	Excitatory_neurons	REACTOME_PINK1_PRKN_MEDIATED_MITOPHAGY	https://www.gsea-msigdb.org/gsea/msigdb/human/geneset/REACTOME_PINK1_PRKN_MEDIATED_MITOPHAGY	all excitatory-neuron Bayesian-network genes represented in MSigDB C2:CP	6952	23	28	0		0.0	1.0	1.0	False				
phase18_selenow_excitatory_consensus_v1	MSigDB C2:CP v2026.1 Hs symbols	Excitatory_neurons	REACTOME_PIWI_INTERACTING_RNA_PIRNA_BIOGENESIS	https://www.gsea-msigdb.org/gsea/msigdb/human/geneset/REACTOME_PIWI_INTERACTING_RNA_PIRNA_BIOGENESIS	all excitatory-neuron Bayesian-network genes represented in MSigDB C2:CP	6952	23	18	0		0.0	1.0	1.0	False				
phase18_selenow_excitatory_consensus_v1	MSigDB C2:CP v2026.1 Hs symbols	Excitatory_neurons	REACTOME_PI_METABOLISM	https://www.gsea-msigdb.org/gsea/msigdb/human/geneset/REACTOME_PI_METABOLISM	all excitatory-neuron Bayesian-network genes represented in MSigDB C2:CP	6952	23	64	0		0.0	1.0	1.0	False				
phase18_selenow_excitatory_consensus_v1	MSigDB C2:CP v2026.1 Hs symbols	Excitatory_neurons	REACTOME_PKA_MEDIATED_PHOSPHORYLATION_OF_CREB	https://www.gsea-msigdb.org/gsea/msigdb/human/geneset/REACTOME_PKA_MEDIATED_PHOSPHORYLATION_OF_CREB	all excitatory-neuron Bayesian-network genes represented in MSigDB C2:CP	6952	23	15	0		0.0	1.0	1.0	False				
phase18_selenow_excitatory_consensus_v1	MSigDB C2:CP v2026.1 Hs symbols	Excitatory_neurons	REACTOME_PKMTS_METHYLATE_HISTONE_LYSINES	https://www.gsea-msigdb.org/gsea/msigdb/human/geneset/REACTOME_PKMTS_METHYLATE_HISTONE_LYSINES	all excitatory-neuron Bayesian-network genes represented in MSigDB C2:CP	6952	23	37	0		0.0	1.0	1.0	False				
phase18_selenow_excitatory_consensus_v1	MSigDB C2:CP v2026.1 Hs symbols	Excitatory_neurons	REACTOME_PKR_MEDIATED_SIGNALING	https://www.gsea-msigdb.org/gsea/msigdb/human/geneset/REACTOME_PKR_MEDIATED_SIGNALING	all excitatory-neuron Bayesian-network genes represented in MSigDB C2:CP	6952	23	47	0		0.0	1.0	1.0	False				
phase18_selenow_excitatory_consensus_v1	MSigDB C2:CP v2026.1 Hs symbols	Excitatory_neurons	REACTOME_PLASMA_LIPOPROTEIN_ASSEMBLY_REMODELING_AND_CLEARANCE	https://www.gsea-msigdb.org/gsea/msigdb/human/geneset/REACTOME_PLASMA_LIPOPROTEIN_ASSEMBLY_REMODELING_AND_CLEARANCE	all excitatory-neuron Bayesian-network genes represented in MSigDB C2:CP	6952	23	36	0		0.0	1.0	1.0	False				
phase18_selenow_excitatory_consensus_v1	MSigDB C2:CP v2026.1 Hs symbols	Excitatory_neurons	REACTOME_PLASMA_LIPOPROTEIN_CLEARANCE	https://www.gsea-msigdb.org/gsea/msigdb/human/geneset/REACTOME_PLASMA_LIPOPROTEIN_CLEARANCE	all excitatory-neuron Bayesian-network genes represented in MSigDB C2:CP	6952	23	22	0		0.0	1.0	1.0	False				
phase18_selenow_excitatory_consensus_v1	MSigDB C2:CP v2026.1 Hs symbols	Excitatory_neurons	REACTOME_PLATELET_ACTIVATION_SIGNALING_AND_AGGREGATION	https://www.gsea-msigdb.org/gsea/msigdb/human/geneset/REACTOME_PLATELET_ACTIVATION_SIGNALING_AND_AGGREGATION	all excitatory-neuron Bayesian-network genes represented in MSigDB C2:CP	6952	23	131	0		0.0	1.0	1.0	False				
phase18_selenow_excitatory_consensus_v1	MSigDB C2:CP v2026.1 Hs symbols	Excitatory_neurons	REACTOME_PLATELET_AGGREGATION_PLUG_FORMATION	https://www.gsea-msigdb.org/gsea/msigdb/human/geneset/REACTOME_PLATELET_AGGREGATION_PLUG_FORMATION	all excitatory-neuron Bayesian-network genes represented in MSigDB C2:CP	6952	23	17	0		0.0	1.0	1.0	False				
phase18_selenow_excitatory_consensus_v1	MSigDB C2:CP v2026.1 Hs symbols	Excitatory_neurons	REACTOME_PLATELET_CALCIUM_HOMEOSTASIS	https://www.gsea-msigdb.org/gsea/msigdb/human/geneset/REACTOME_PLATELET_CALCIUM_HOMEOSTASIS	all excitatory-neuron Bayesian-network genes represented in MSigDB C2:CP	6952	23	16	0		0.0	1.0	1.0	False				
phase18_selenow_excitatory_consensus_v1	MSigDB C2:CP v2026.1 Hs symbols	Excitatory_neurons	REACTOME_PLATELET_HOMEOSTASIS	https://www.gsea-msigdb.org/gsea/msigdb/human/geneset/REACTOME_PLATELET_HOMEOSTASIS	all excitatory-neuron Bayesian-network genes represented in MSigDB C2:CP	6952	23	46	0		0.0	1.0	1.0	False				
phase18_selenow_excitatory_consensus_v1	MSigDB C2:CP v2026.1 Hs symbols	Excitatory_neurons	REACTOME_POLYMERASE_SWITCHING_ON_THE_C_STRAND_OF_THE_TELOMERE	https://www.gsea-msigdb.org/gsea/msigdb/human/geneset/REACTOME_POLYMERASE_SWITCHING_ON_THE_C_STRAND_OF_THE_TELOMERE	all excitatory-neuron Bayesian-network genes represented in MSigDB C2:CP	6952	23	20	0		0.0	1.0	1.0	False				
phase18_selenow_excitatory_consensus_v1	MSigDB C2:CP v2026.1 Hs symbols	Excitatory_neurons	REACTOME_POSITIVE_EPIGENETIC_REGULATION_OF_RRNA_EXPRESSION	https://www.gsea-msigdb.org/gsea/msigdb/human/geneset/REACTOME_POSITIVE_EPIGENETIC_REGULATION_OF_RRNA_EXPRESSION	all excitatory-neuron Bayesian-network genes represented in MSigDB C2:CP	6952	23	39	0		0.0	1.0	1.0	False				
phase18_selenow_excitatory_consensus_v1	MSigDB C2:CP v2026.1 Hs symbols	Excitatory_neurons	REACTOME_POSTMITOTIC_NUCLEAR_PORE_COMPLEX_NPC_REFORMATION	https://www.gsea-msigdb.org/gsea/msigdb/human/geneset/REACTOME_POSTMITOTIC_NUCLEAR_PORE_COMPLEX_NPC_REFORMATION	all excitatory-neuron Bayesian-network genes represented in MSigDB C2:CP	6952	23	25	0		0.0	1.0	1.0	False				
phase18_selenow_excitatory_consensus_v1	MSigDB C2:CP v2026.1 Hs symbols	Excitatory_neurons	REACTOME_POST_TRANSLATIONAL_MODIFICATION_SYNTHESIS_OF_GPI_ANCHORED_PROTEINS	https://www.gsea-msigdb.org/gsea/msigdb/human/geneset/REACTOME_POST_TRANSLATIONAL_MODIFICATION_SYNTHESIS_OF_GPI_ANCHORED_PROTEINS	all excitatory-neuron Bayesian-network genes represented in MSigDB C2:CP	6952	23	39	0		0.0	1.0	1.0	False				
phase18_selenow_excitatory_consensus_v1	MSigDB C2:CP v2026.1 Hs symbols	Excitatory_neurons	REACTOME_POTASSIUM_CHANNELS	https://www.gsea-msigdb.org/gsea/msigdb/human/geneset/REACTOME_POTASSIUM_CHANNELS	all excitatory-neuron Bayesian-network genes represented in MSigDB C2:CP	6952	23	46	0		0.0	1.0	1.0	False				
phase18_selenow_excitatory_consensus_v1	MSigDB C2:CP v2026.1 Hs symbols	Excitatory_neurons	REACTOME_POTENTIAL_THERAPEUTICS_FOR_SARS	https://www.gsea-msigdb.org/gsea/msigdb/human/geneset/REACTOME_POTENTIAL_THERAPEUTICS_FOR_SARS	all excitatory-neuron Bayesian-network genes represented in MSigDB C2:CP	6952	23	66	0		0.0	1.0	1.0	False				
phase18_selenow_excitatory_consensus_v1	MSigDB C2:CP v2026.1 Hs symbols	Excitatory_neurons	REACTOME_PRE_NOTCH_EXPRESSION_AND_PROCESSING	https://www.gsea-msigdb.org/gsea/msigdb/human/geneset/REACTOME_PRE_NOTCH_EXPRESSION_AND_PROCESSING	all excitatory-neuron Bayesian-network genes represented in MSigDB C2:CP	6952	23	34	0		0.0	1.0	1.0	False				
phase18_selenow_excitatory_consensus_v1	MSigDB C2:CP v2026.1 Hs symbols	Excitatory_neurons	REACTOME_PROCESSING_OF_CAPPED_INTRONLESS_PRE_MRNA	https://www.gsea-msigdb.org/gsea/msigdb/human/geneset/REACTOME_PROCESSING_OF_CAPPED_INTRONLESS_PRE_MRNA	all excitatory-neuron Bayesian-network genes represented in MSigDB C2:CP	6952	23	28	0		0.0	1.0	1.0	False				
phase18_selenow_excitatory_consensus_v1	MSigDB C2:CP v2026.1 Hs symbols	Excitatory_neurons	REACTOME_PROCESSING_OF_CAPPED_INTRON_CONTAINING_PRE_MRNA	https://www.gsea-msigdb.org/gsea/msigdb/human/geneset/REACTOME_PROCESSING_OF_CAPPED_INTRON_CONTAINING_PRE_MRNA	all excitatory-neuron Bayesian-network genes represented in MSigDB C2:CP	6952	23	266	0		0.0	1.0	1.0	False				
phase18_selenow_excitatory_consensus_v1	MSigDB C2:CP v2026.1 Hs symbols	Excitatory_neurons	REACTOME_PROCESSING_OF_DNA_DOUBLE_STRAND_BREAK_ENDS	https://www.gsea-msigdb.org/gsea/msigdb/human/geneset/REACTOME_PROCESSING_OF_DNA_DOUBLE_STRAND_BREAK_ENDS	all excitatory-neuron Bayesian-network genes represented in MSigDB C2:CP	6952	23	47	0		0.0	1.0	1.0	False				
phase18_selenow_excitatory_consensus_v1	MSigDB C2:CP v2026.1 Hs symbols	Excitatory_neurons	REACTOME_PROCESSING_OF_INTRONLESS_PRE_MRNAS	https://www.gsea-msigdb.org/gsea/msigdb/human/geneset/REACTOME_PROCESSING_OF_INTRONLESS_PRE_MRNAS	all excitatory-neuron Bayesian-network genes represented in MSigDB C2:CP	6952	23	19	0		0.0	1.0	1.0	False				
phase18_selenow_excitatory_consensus_v1	MSigDB C2:CP v2026.1 Hs symbols	Excitatory_neurons	REACTOME_PROTEIN_FOLDING	https://www.gsea-msigdb.org/gsea/msigdb/human/geneset/REACTOME_PROTEIN_FOLDING	all excitatory-neuron Bayesian-network genes represented in MSigDB C2:CP	6952	23	63	0		0.0	1.0	1.0	False				
phase18_selenow_excitatory_consensus_v1	MSigDB C2:CP v2026.1 Hs symbols	Excitatory_neurons	REACTOME_PROTEIN_HYDROXYLATION	https://www.gsea-msigdb.org/gsea/msigdb/human/geneset/REACTOME_PROTEIN_HYDROXYLATION	all excitatory-neuron Bayesian-network genes represented in MSigDB C2:CP	6952	23	16	0		0.0	1.0	1.0	False				
phase18_selenow_excitatory_consensus_v1	MSigDB C2:CP v2026.1 Hs symbols	Excitatory_neurons	REACTOME_PROTEIN_PROTEIN_INTERACTIONS_AT_SYNAPSES	https://www.gsea-msigdb.org/gsea/msigdb/human/geneset/REACTOME_PROTEIN_PROTEIN_INTERACTIONS_AT_SYNAPSES	all excitatory-neuron Bayesian-network genes represented in MSigDB C2:CP	6952	23	70	0		0.0	1.0	1.0	False				
phase18_selenow_excitatory_consensus_v1	MSigDB C2:CP v2026.1 Hs symbols	Excitatory_neurons	REACTOME_PROTEIN_UBIQUITINATION	https://www.gsea-msigdb.org/gsea/msigdb/human/geneset/REACTOME_PROTEIN_UBIQUITINATION	all excitatory-neuron Bayesian-network genes represented in MSigDB C2:CP	6952	23	57	0		0.0	1.0	1.0	False				
phase18_selenow_excitatory_consensus_v1	MSigDB C2:CP v2026.1 Hs symbols	Excitatory_neurons	REACTOME_PYRUVATE_METABOLISM	https://www.gsea-msigdb.org/gsea/msigdb/human/geneset/REACTOME_PYRUVATE_METABOLISM	all excitatory-neuron Bayesian-network genes represented in MSigDB C2:CP	6952	23	39	0		0.0	1.0	1.0	False				
phase18_selenow_excitatory_consensus_v1	MSigDB C2:CP v2026.1 Hs symbols	Excitatory_neurons	REACTOME_RAB_GEFS_EXCHANGE_GTP_FOR_GDP_ON_RABS	https://www.gsea-msigdb.org/gsea/msigdb/human/geneset/REACTOME_RAB_GEFS_EXCHANGE_GTP_FOR_GDP_ON_RABS	all excitatory-neuron Bayesian-network genes represented in MSigDB C2:CP	6952	23	68	0		0.0	1.0	1.0	False				
phase18_selenow_excitatory_consensus_v1	MSigDB C2:CP v2026.1 Hs symbols	Excitatory_neurons	REACTOME_RAB_GERANYLGERANYLATION	https://www.gsea-msigdb.org/gsea/msigdb/human/geneset/REACTOME_RAB_GERANYLGERANYLATION	all excitatory-neuron Bayesian-network genes represented in MSigDB C2:CP	6952	23	44	0		0.0	1.0	1.0	False				
phase18_selenow_excitatory_consensus_v1	MSigDB C2:CP v2026.1 Hs symbols	Excitatory_neurons	REACTOME_RAB_REGULATION_OF_TRAFFICKING	https://www.gsea-msigdb.org/gsea/msigdb/human/geneset/REACTOME_RAB_REGULATION_OF_TRAFFICKING	all excitatory-neuron Bayesian-network genes represented in MSigDB C2:CP	6952	23	94	0		0.0	1.0	1.0	False				
phase18_selenow_excitatory_consensus_v1	MSigDB C2:CP v2026.1 Hs symbols	Excitatory_neurons	REACTOME_RAF_ACTIVATION	https://www.gsea-msigdb.org/gsea/msigdb/human/geneset/REACTOME_RAF_ACTIVATION	all excitatory-neuron Bayesian-network genes represented in MSigDB C2:CP	6952	23	31	0		0.0	1.0	1.0	False				
phase18_selenow_excitatory_consensus_v1	MSigDB C2:CP v2026.1 Hs symbols	Excitatory_neurons	REACTOME_RAS_ACTIVATION_UPON_CA2_INFLUX_THROUGH_NMDA_RECEPTOR	https://www.gsea-msigdb.org/gsea/msigdb/human/geneset/REACTOME_RAS_ACTIVATION_UPON_CA2_INFLUX_THROUGH_NMDA_RECEPTOR	all excitatory-neuron Bayesian-network genes represented in MSigDB C2:CP	6952	23	15	0		0.0	1.0	1.0	False				
phase18_selenow_excitatory_consensus_v1	MSigDB C2:CP v2026.1 Hs symbols	Excitatory_neurons	REACTOME_RAS_PROCESSING	https://www.gsea-msigdb.org/gsea/msigdb/human/geneset/REACTOME_RAS_PROCESSING	all excitatory-neuron Bayesian-network genes represented in MSigDB C2:CP	6952	23	20	0		0.0	1.0	1.0	False				
phase18_selenow_excitatory_consensus_v1	MSigDB C2:CP v2026.1 Hs symbols	Excitatory_neurons	REACTOME_RECOGNITION_OF_DNA_DAMAGE_BY_PCNA_CONTAINING_REPLICATION_COMPLEX	https://www.gsea-msigdb.org/gsea/msigdb/human/geneset/REACTOME_RECOGNITION_OF_DNA_DAMAGE_BY_PCNA_CONTAINING_REPLICATION_COMPLEX	all excitatory-neuron Bayesian-network genes represented in MSigDB C2:CP	6952	23	26	0		0.0	1.0	1.0	False				
phase18_selenow_excitatory_consensus_v1	MSigDB C2:CP v2026.1 Hs symbols	Excitatory_neurons	REACTOME_RECRUITMENT_OF_MITOTIC_CENTROSOME_PROTEINS_AND_COMPLEXES	https://www.gsea-msigdb.org/gsea/msigdb/human/geneset/REACTOME_RECRUITMENT_OF_MITOTIC_CENTROSOME_PROTEINS_AND_COMPLEXES	all excitatory-neuron Bayesian-network genes represented in MSigDB C2:CP	6952	23	68	0		0.0	1.0	1.0	False				
phase18_selenow_excitatory_consensus_v1	MSigDB C2:CP v2026.1 Hs symbols	Excitatory_neurons	REACTOME_RECRUITMENT_OF_NUMA_TO_MITOTIC_CENTROSOMES	https://www.gsea-msigdb.org/gsea/msigdb/human/geneset/REACTOME_RECRUITMENT_OF_NUMA_TO_MITOTIC_CENTROSOMES	all excitatory-neuron Bayesian-network genes represented in MSigDB C2:CP	6952	23	71	0		0.0	1.0	1.0	False				
phase18_selenow_excitatory_consensus_v1	MSigDB C2:CP v2026.1 Hs symbols	Excitatory_neurons	REACTOME_RECYCLING_PATHWAY_OF_L1	https://www.gsea-msigdb.org/gsea/msigdb/human/geneset/REACTOME_RECYCLING_PATHWAY_OF_L1	all excitatory-neuron Bayesian-network genes represented in MSigDB C2:CP	6952	23	33	0		0.0	1.0	1.0	False				
phase18_selenow_excitatory_consensus_v1	MSigDB C2:CP v2026.1 Hs symbols	Excitatory_neurons	REACTOME_REGULATED_NECROSIS	https://www.gsea-msigdb.org/gsea/msigdb/human/geneset/REACTOME_REGULATED_NECROSIS	all excitatory-neuron Bayesian-network genes represented in MSigDB C2:CP	6952	23	32	0		0.0	1.0	1.0	False				
phase18_selenow_excitatory_consensus_v1	MSigDB C2:CP v2026.1 Hs symbols	Excitatory_neurons	REACTOME_REGULATION_OF_CDH1_POSTTRANSLATIONAL_PROCESSING_AND_TRAFFICKING_TO_PLASMA_MEMBRANE	https://www.gsea-msigdb.org/gsea/msigdb/human/geneset/REACTOME_REGULATION_OF_CDH1_POSTTRANSLATIONAL_PROCESSING_AND_TRAFFICKING_TO_PLASMA_MEMBRANE	all excitatory-neuron Bayesian-network genes represented in MSigDB C2:CP	6952	23	28	0		0.0	1.0	1.0	False				
phase18_selenow_excitatory_consensus_v1	MSigDB C2:CP v2026.1 Hs symbols	Excitatory_neurons	REACTOME_REGULATION_OF_CHOLESTEROL_BIOSYNTHESIS_BY_SREBP_SREBF	https://www.gsea-msigdb.org/gsea/msigdb/human/geneset/REACTOME_REGULATION_OF_CHOLESTEROL_BIOSYNTHESIS_BY_SREBP_SREBF	all excitatory-neuron Bayesian-network genes represented in MSigDB C2:CP	6952	23	49	0		0.0	1.0	1.0	False				
phase18_selenow_excitatory_consensus_v1	MSigDB C2:CP v2026.1 Hs symbols	Excitatory_neurons	REACTOME_REGULATION_OF_ENDOGENOUS_RETROELEMENTS	https://www.gsea-msigdb.org/gsea/msigdb/human/geneset/REACTOME_REGULATION_OF_ENDOGENOUS_RETROELEMENTS	all excitatory-neuron Bayesian-network genes represented in MSigDB C2:CP	6952	23	66	0		0.0	1.0	1.0	False				
phase18_selenow_excitatory_consensus_v1	MSigDB C2:CP v2026.1 Hs symbols	Excitatory_neurons	REACTOME_REGULATION_OF_ENDOGENOUS_RETROELEMENTS_BY_KRAB_ZFP_PROTEINS	https://www.gsea-msigdb.org/gsea/msigdb/human/geneset/REACTOME_REGULATION_OF_ENDOGENOUS_RETROELEMENTS_BY_KRAB_ZFP_PROTEINS	all excitatory-neuron Bayesian-network genes represented in MSigDB C2:CP	6952	23	38	0		0.0	1.0	1.0	False				
phase18_selenow_excitatory_consensus_v1	MSigDB C2:CP v2026.1 Hs symbols	Excitatory_neurons	REACTOME_REGULATION_OF_ENDOGENOUS_RETROELEMENTS_BY_PIWI_INTERACTING_RNAS_PIRNAS	https://www.gsea-msigdb.org/gsea/msigdb/human/geneset/REACTOME_REGULATION_OF_ENDOGENOUS_RETROELEMENTS_BY_PIWI_INTERACTING_RNAS_PIRNAS	all excitatory-neuron Bayesian-network genes represented in MSigDB C2:CP	6952	23	31	0		0.0	1.0	1.0	False				
phase18_selenow_excitatory_consensus_v1	MSigDB C2:CP v2026.1 Hs symbols	Excitatory_neurons	REACTOME_REGULATION_OF_GLUCOKINASE_BY_GLUCOKINASE_REGULATORY_PROTEIN	https://www.gsea-msigdb.org/gsea/msigdb/human/geneset/REACTOME_REGULATION_OF_GLUCOKINASE_BY_GLUCOKINASE_REGULATORY_PROTEIN	all excitatory-neuron Bayesian-network genes represented in MSigDB C2:CP	6952	23	27	0		0.0	1.0	1.0	False				
phase18_selenow_excitatory_consensus_v1	MSigDB C2:CP v2026.1 Hs symbols	Excitatory_neurons	REACTOME_REGULATION_OF_HSF1_MEDIATED_HEAT_SHOCK_RESPONSE	https://www.gsea-msigdb.org/gsea/msigdb/human/geneset/REACTOME_REGULATION_OF_HSF1_MEDIATED_HEAT_SHOCK_RESPONSE	all excitatory-neuron Bayesian-network genes represented in MSigDB C2:CP	6952	23	64	0		0.0	1.0	1.0	False				
phase18_selenow_excitatory_consensus_v1	MSigDB C2:CP v2026.1 Hs symbols	Excitatory_neurons	REACTOME_REGULATION_OF_INSULIN_LIKE_GROWTH_FACTOR_IGF_TRANSPORT_AND_UPTAKE_BY_INSULIN_LIKE_GROWTH_FACTOR_BINDING_PROTEINS_IGFBPS	https://www.gsea-msigdb.org/gsea/msigdb/human/geneset/REACTOME_REGULATION_OF_INSULIN_LIKE_GROWTH_FACTOR_IGF_TRANSPORT_AND_UPTAKE_BY_INSULIN_LIKE_GROWTH_FACTOR_BINDING_PROTEINS_IGFBPS	all excitatory-neuron Bayesian-network genes represented in MSigDB C2:CP	6952	23	43	0		0.0	1.0	1.0	False				
phase18_selenow_excitatory_consensus_v1	MSigDB C2:CP v2026.1 Hs symbols	Excitatory_neurons	REACTOME_REGULATION_OF_INSULIN_SECRETION	https://www.gsea-msigdb.org/gsea/msigdb/human/geneset/REACTOME_REGULATION_OF_INSULIN_SECRETION	all excitatory-neuron Bayesian-network genes represented in MSigDB C2:CP	6952	23	47	0		0.0	1.0	1.0	False				
phase18_selenow_excitatory_consensus_v1	MSigDB C2:CP v2026.1 Hs symbols	Excitatory_neurons	REACTOME_REGULATION_OF_LIPID_METABOLISM_BY_PPARALPHA	https://www.gsea-msigdb.org/gsea/msigdb/human/geneset/REACTOME_REGULATION_OF_LIPID_METABOLISM_BY_PPARALPHA	all excitatory-neuron Bayesian-network genes represented in MSigDB C2:CP	6952	23	87	0		0.0	1.0	1.0	False				
phase18_selenow_excitatory_consensus_v1	MSigDB C2:CP v2026.1 Hs symbols	Excitatory_neurons	REACTOME_REGULATION_OF_MECP2_EXPRESSION_AND_ACTIVITY	https://www.gsea-msigdb.org/gsea/msigdb/human/geneset/REACTOME_REGULATION_OF_MECP2_EXPRESSION_AND_ACTIVITY	all excitatory-neuron Bayesian-network genes represented in MSigDB C2:CP	6952	23	26	0		0.0	1.0	1.0	False				
phase18_selenow_excitatory_consensus_v1	MSigDB C2:CP v2026.1 Hs symbols	Excitatory_neurons	REACTOME_REGULATION_OF_MITF_M_DEPENDENT_GENES_INVOLVED_IN_LYSOSOME_BIOGENESIS_AND_AUTOPHAGY	https://www.gsea-msigdb.org/gsea/msigdb/human/geneset/REACTOME_REGULATION_OF_MITF_M_DEPENDENT_GENES_INVOLVED_IN_LYSOSOME_BIOGENESIS_AND_AUTOPHAGY	all excitatory-neuron Bayesian-network genes represented in MSigDB C2:CP	6952	23	15	0		0.0	1.0	1.0	False				
phase18_selenow_excitatory_consensus_v1	MSigDB C2:CP v2026.1 Hs symbols	Excitatory_neurons	REACTOME_REGULATION_OF_MITF_M_DEPENDENT_GENES_INVOLVED_IN_PIGMENTATION	https://www.gsea-msigdb.org/gsea/msigdb/human/geneset/REACTOME_REGULATION_OF_MITF_M_DEPENDENT_GENES_INVOLVED_IN_PIGMENTATION	all excitatory-neuron Bayesian-network genes represented in MSigDB C2:CP	6952	23	27	0		0.0	1.0	1.0	False				
phase18_selenow_excitatory_consensus_v1	MSigDB C2:CP v2026.1 Hs symbols	Excitatory_neurons	REACTOME_REGULATION_OF_PD_L1_CD274_TRANSCRIPTION	https://www.gsea-msigdb.org/gsea/msigdb/human/geneset/REACTOME_REGULATION_OF_PD_L1_CD274_TRANSCRIPTION	all excitatory-neuron Bayesian-network genes represented in MSigDB C2:CP	6952	23	26	0		0.0	1.0	1.0	False				
phase18_selenow_excitatory_consensus_v1	MSigDB C2:CP v2026.1 Hs symbols	Excitatory_neurons	REACTOME_REGULATION_OF_PLK1_ACTIVITY_AT_G2_M_TRANSITION	https://www.gsea-msigdb.org/gsea/msigdb/human/geneset/REACTOME_REGULATION_OF_PLK1_ACTIVITY_AT_G2_M_TRANSITION	all excitatory-neuron Bayesian-network genes represented in MSigDB C2:CP	6952	23	69	0		0.0	1.0	1.0	False				
phase18_selenow_excitatory_consensus_v1	MSigDB C2:CP v2026.1 Hs symbols	Excitatory_neurons	REACTOME_REGULATION_OF_PYRUVATE_METABOLISM	https://www.gsea-msigdb.org/gsea/msigdb/human/geneset/REACTOME_REGULATION_OF_PYRUVATE_METABOLISM	all excitatory-neuron Bayesian-network genes represented in MSigDB C2:CP	6952	23	29	0		0.0	1.0	1.0	False				
phase18_selenow_excitatory_consensus_v1	MSigDB C2:CP v2026.1 Hs symbols	Excitatory_neurons	REACTOME_REGULATION_OF_SIGNALING_BY_CBL	https://www.gsea-msigdb.org/gsea/msigdb/human/geneset/REACTOME_REGULATION_OF_SIGNALING_BY_CBL	all excitatory-neuron Bayesian-network genes represented in MSigDB C2:CP	6952	23	15	0		0.0	1.0	1.0	False				
phase18_selenow_excitatory_consensus_v1	MSigDB C2:CP v2026.1 Hs symbols	Excitatory_neurons	REACTOME_REGULATION_OF_TP53_ACTIVITY	https://www.gsea-msigdb.org/gsea/msigdb/human/geneset/REACTOME_REGULATION_OF_TP53_ACTIVITY	all excitatory-neuron Bayesian-network genes represented in MSigDB C2:CP	6952	23	121	0		0.0	1.0	1.0	False				
phase18_selenow_excitatory_consensus_v1	MSigDB C2:CP v2026.1 Hs symbols	Excitatory_neurons	REACTOME_REGULATION_OF_TP53_ACTIVITY_THROUGH_ACETYLATION	https://www.gsea-msigdb.org/gsea/msigdb/human/geneset/REACTOME_REGULATION_OF_TP53_ACTIVITY_THROUGH_ACETYLATION	all excitatory-neuron Bayesian-network genes represented in MSigDB C2:CP	6952	23	27	0		0.0	1.0	1.0	False				
phase18_selenow_excitatory_consensus_v1	MSigDB C2:CP v2026.1 Hs symbols	Excitatory_neurons	REACTOME_REGULATION_OF_TP53_ACTIVITY_THROUGH_METHYLATION	https://www.gsea-msigdb.org/gsea/msigdb/human/geneset/REACTOME_REGULATION_OF_TP53_ACTIVITY_THROUGH_METHYLATION	all excitatory-neuron Bayesian-network genes represented in MSigDB C2:CP	6952	23	16	0		0.0	1.0	1.0	False				
phase18_selenow_excitatory_consensus_v1	MSigDB C2:CP v2026.1 Hs symbols	Excitatory_neurons	REACTOME_REGULATION_OF_TP53_ACTIVITY_THROUGH_PHOSPHORYLATION	https://www.gsea-msigdb.org/gsea/msigdb/human/geneset/REACTOME_REGULATION_OF_TP53_ACTIVITY_THROUGH_PHOSPHORYLATION	all excitatory-neuron Bayesian-network genes represented in MSigDB C2:CP	6952	23	68	0		0.0	1.0	1.0	False				
phase18_selenow_excitatory_consensus_v1	MSigDB C2:CP v2026.1 Hs symbols	Excitatory_neurons	REACTOME_REGULATION_OF_TP53_EXPRESSION_AND_DEGRADATION	https://www.gsea-msigdb.org/gsea/msigdb/human/geneset/REACTOME_REGULATION_OF_TP53_EXPRESSION_AND_DEGRADATION	all excitatory-neuron Bayesian-network genes represented in MSigDB C2:CP	6952	23	27	0		0.0	1.0	1.0	False				
phase18_selenow_excitatory_consensus_v1	MSigDB C2:CP v2026.1 Hs symbols	Excitatory_neurons	REACTOME_REPRODUCTION	https://www.gsea-msigdb.org/gsea/msigdb/human/geneset/REACTOME_REPRODUCTION	all excitatory-neuron Bayesian-network genes represented in MSigDB C2:CP	6952	23	44	0		0.0	1.0	1.0	False				
phase18_selenow_excitatory_consensus_v1	MSigDB C2:CP v2026.1 Hs symbols	Excitatory_neurons	REACTOME_RESOLUTION_OF_ABASIC_SITES_AP_SITES	https://www.gsea-msigdb.org/gsea/msigdb/human/geneset/REACTOME_RESOLUTION_OF_ABASIC_SITES_AP_SITES	all excitatory-neuron Bayesian-network genes represented in MSigDB C2:CP	6952	23	32	0		0.0	1.0	1.0	False				
phase18_selenow_excitatory_consensus_v1	MSigDB C2:CP v2026.1 Hs symbols	Excitatory_neurons	REACTOME_RESOLUTION_OF_AP_SITES_VIA_THE_MULTIPLE_NUCLEOTIDE_PATCH_REPLACEMENT_PATHWAY	https://www.gsea-msigdb.org/gsea/msigdb/human/geneset/REACTOME_RESOLUTION_OF_AP_SITES_VIA_THE_MULTIPLE_NUCLEOTIDE_PATCH_REPLACEMENT_PATHWAY	all excitatory-neuron Bayesian-network genes represented in MSigDB C2:CP	6952	23	20	0		0.0	1.0	1.0	False				
phase18_selenow_excitatory_consensus_v1	MSigDB C2:CP v2026.1 Hs symbols	Excitatory_neurons	REACTOME_RESOLUTION_OF_D_LOOP_STRUCTURES	https://www.gsea-msigdb.org/gsea/msigdb/human/geneset/REACTOME_RESOLUTION_OF_D_LOOP_STRUCTURES	all excitatory-neuron Bayesian-network genes represented in MSigDB C2:CP	6952	23	21	0		0.0	1.0	1.0	False				
phase18_selenow_excitatory_consensus_v1	MSigDB C2:CP v2026.1 Hs symbols	Excitatory_neurons	REACTOME_RESOLUTION_OF_D_LOOP_STRUCTURES_THROUGH_SYNTHESIS_DEPENDENT_STRAND_ANNEALING_SDSA	https://www.gsea-msigdb.org/gsea/msigdb/human/geneset/REACTOME_RESOLUTION_OF_D_LOOP_STRUCTURES_THROUGH_SYNTHESIS_DEPENDENT_STRAND_ANNEALING_SDSA	all excitatory-neuron Bayesian-network genes represented in MSigDB C2:CP	6952	23	15	0		0.0	1.0	1.0	False				
phase18_selenow_excitatory_consensus_v1	MSigDB C2:CP v2026.1 Hs symbols	Excitatory_neurons	REACTOME_RESOLUTION_OF_SISTER_CHROMATID_COHESION	https://www.gsea-msigdb.org/gsea/msigdb/human/geneset/REACTOME_RESOLUTION_OF_SISTER_CHROMATID_COHESION	all excitatory-neuron Bayesian-network genes represented in MSigDB C2:CP	6952	23	72	0		0.0	1.0	1.0	False				
phase18_selenow_excitatory_consensus_v1	MSigDB C2:CP v2026.1 Hs symbols	Excitatory_neurons	REACTOME_RESPIRATORY_SYNCYTIAL_VIRUS_INFECTION_PATHWAY	https://www.gsea-msigdb.org/gsea/msigdb/human/geneset/REACTOME_RESPIRATORY_SYNCYTIAL_VIRUS_INFECTION_PATHWAY	all excitatory-neuron Bayesian-network genes represented in MSigDB C2:CP	6952	23	74	0		0.0	1.0	1.0	False				
phase18_selenow_excitatory_consensus_v1	MSigDB C2:CP v2026.1 Hs symbols	Excitatory_neurons	REACTOME_RESPIRATORY_SYNCYTIAL_VIRUS_RSV_GENOME_REPLICATION_TRANSCRIPTION_AND_TRANSLATION	https://www.gsea-msigdb.org/gsea/msigdb/human/geneset/REACTOME_RESPIRATORY_SYNCYTIAL_VIRUS_RSV_GENOME_REPLICATION_TRANSCRIPTION_AND_TRANSLATION	all excitatory-neuron Bayesian-network genes represented in MSigDB C2:CP	6952	23	16	0		0.0	1.0	1.0	False				
phase18_selenow_excitatory_consensus_v1	MSigDB C2:CP v2026.1 Hs symbols	Excitatory_neurons	REACTOME_RESPONSE_OF_EIF2AK4_GCN2_TO_AMINO_ACID_DEFICIENCY	https://www.gsea-msigdb.org/gsea/msigdb/human/geneset/REACTOME_RESPONSE_OF_EIF2AK4_GCN2_TO_AMINO_ACID_DEFICIENCY	all excitatory-neuron Bayesian-network genes represented in MSigDB C2:CP	6952	23	84	0		0.0	1.0	1.0	False				
phase18_selenow_excitatory_consensus_v1	MSigDB C2:CP v2026.1 Hs symbols	Excitatory_neurons	REACTOME_RESPONSE_OF_MTB_TO_PHAGOCYTOSIS	https://www.gsea-msigdb.org/gsea/msigdb/human/geneset/REACTOME_RESPONSE_OF_MTB_TO_PHAGOCYTOSIS	all excitatory-neuron Bayesian-network genes represented in MSigDB C2:CP	6952	23	20	0		0.0	1.0	1.0	False				
phase18_selenow_excitatory_consensus_v1	MSigDB C2:CP v2026.1 Hs symbols	Excitatory_neurons	REACTOME_RESPONSE_TO_ELEVATED_PLATELET_CYTOSOLIC_CA2	https://www.gsea-msigdb.org/gsea/msigdb/human/geneset/REACTOME_RESPONSE_TO_ELEVATED_PLATELET_CYTOSOLIC_CA2	all excitatory-neuron Bayesian-network genes represented in MSigDB C2:CP	6952	23	61	0		0.0	1.0	1.0	False				
phase18_selenow_excitatory_consensus_v1	MSigDB C2:CP v2026.1 Hs symbols	Excitatory_neurons	REACTOME_RETROGRADE_TRANSPORT_AT_THE_TRANS_GOLGI_NETWORK	https://www.gsea-msigdb.org/gsea/msigdb/human/geneset/REACTOME_RETROGRADE_TRANSPORT_AT_THE_TRANS_GOLGI_NETWORK	all excitatory-neuron Bayesian-network genes represented in MSigDB C2:CP	6952	23	44	0		0.0	1.0	1.0	False				
phase18_selenow_excitatory_consensus_v1	MSigDB C2:CP v2026.1 Hs symbols	Excitatory_neurons	REACTOME_RET_SIGNALING	https://www.gsea-msigdb.org/gsea/msigdb/human/geneset/REACTOME_RET_SIGNALING	all excitatory-neuron Bayesian-network genes represented in MSigDB C2:CP	6952	23	23	0		0.0	1.0	1.0	False				
phase18_selenow_excitatory_consensus_v1	MSigDB C2:CP v2026.1 Hs symbols	Excitatory_neurons	REACTOME_RHOA_GTPASE_CYCLE	https://www.gsea-msigdb.org/gsea/msigdb/human/geneset/REACTOME_RHOA_GTPASE_CYCLE	all excitatory-neuron Bayesian-network genes represented in MSigDB C2:CP	6952	23	90	0		0.0	1.0	1.0	False				
phase18_selenow_excitatory_consensus_v1	MSigDB C2:CP v2026.1 Hs symbols	Excitatory_neurons	REACTOME_RHOBTB1_GTPASE_CYCLE	https://www.gsea-msigdb.org/gsea/msigdb/human/geneset/REACTOME_RHOBTB1_GTPASE_CYCLE	all excitatory-neuron Bayesian-network genes represented in MSigDB C2:CP	6952	23	21	0		0.0	1.0	1.0	False				
phase18_selenow_excitatory_consensus_v1	MSigDB C2:CP v2026.1 Hs symbols	Excitatory_neurons	REACTOME_RHOBTB2_GTPASE_CYCLE	https://www.gsea-msigdb.org/gsea/msigdb/human/geneset/REACTOME_RHOBTB2_GTPASE_CYCLE	all excitatory-neuron Bayesian-network genes represented in MSigDB C2:CP	6952	23	22	0		0.0	1.0	1.0	False				
phase18_selenow_excitatory_consensus_v1	MSigDB C2:CP v2026.1 Hs symbols	Excitatory_neurons	REACTOME_RHOBTB_GTPASE_CYCLE	https://www.gsea-msigdb.org/gsea/msigdb/human/geneset/REACTOME_RHOBTB_GTPASE_CYCLE	all excitatory-neuron Bayesian-network genes represented in MSigDB C2:CP	6952	23	32	0		0.0	1.0	1.0	False				
phase18_selenow_excitatory_consensus_v1	MSigDB C2:CP v2026.1 Hs symbols	Excitatory_neurons	REACTOME_RHOB_GTPASE_CYCLE	https://www.gsea-msigdb.org/gsea/msigdb/human/geneset/REACTOME_RHOB_GTPASE_CYCLE	all excitatory-neuron Bayesian-network genes represented in MSigDB C2:CP	6952	23	47	0		0.0	1.0	1.0	False				
phase18_selenow_excitatory_consensus_v1	MSigDB C2:CP v2026.1 Hs symbols	Excitatory_neurons	REACTOME_RHOC_GTPASE_CYCLE	https://www.gsea-msigdb.org/gsea/msigdb/human/geneset/REACTOME_RHOC_GTPASE_CYCLE	all excitatory-neuron Bayesian-network genes represented in MSigDB C2:CP	6952	23	53	0		0.0	1.0	1.0	False				
phase18_selenow_excitatory_consensus_v1	MSigDB C2:CP v2026.1 Hs symbols	Excitatory_neurons	REACTOME_RHOD_GTPASE_CYCLE	https://www.gsea-msigdb.org/gsea/msigdb/human/geneset/REACTOME_RHOD_GTPASE_CYCLE	all excitatory-neuron Bayesian-network genes represented in MSigDB C2:CP	6952	23	41	0		0.0	1.0	1.0	False				
phase18_selenow_excitatory_consensus_v1	MSigDB C2:CP v2026.1 Hs symbols	Excitatory_neurons	REACTOME_RHOF_GTPASE_CYCLE	https://www.gsea-msigdb.org/gsea/msigdb/human/geneset/REACTOME_RHOF_GTPASE_CYCLE	all excitatory-neuron Bayesian-network genes represented in MSigDB C2:CP	6952	23	34	0		0.0	1.0	1.0	False				
phase18_selenow_excitatory_consensus_v1	MSigDB C2:CP v2026.1 Hs symbols	Excitatory_neurons	REACTOME_RHOG_GTPASE_CYCLE	https://www.gsea-msigdb.org/gsea/msigdb/human/geneset/REACTOME_RHOG_GTPASE_CYCLE	all excitatory-neuron Bayesian-network genes represented in MSigDB C2:CP	6952	23	50	0		0.0	1.0	1.0	False				
phase18_selenow_excitatory_consensus_v1	MSigDB C2:CP v2026.1 Hs symbols	Excitatory_neurons	REACTOME_RHOH_GTPASE_CYCLE	https://www.gsea-msigdb.org/gsea/msigdb/human/geneset/REACTOME_RHOH_GTPASE_CYCLE	all excitatory-neuron Bayesian-network genes represented in MSigDB C2:CP	6952	23	27	0		0.0	1.0	1.0	False				
phase18_selenow_excitatory_consensus_v1	MSigDB C2:CP v2026.1 Hs symbols	Excitatory_neurons	REACTOME_RHOJ_GTPASE_CYCLE	https://www.gsea-msigdb.org/gsea/msigdb/human/geneset/REACTOME_RHOJ_GTPASE_CYCLE	all excitatory-neuron Bayesian-network genes represented in MSigDB C2:CP	6952	23	39	0		0.0	1.0	1.0	False				
phase18_selenow_excitatory_consensus_v1	MSigDB C2:CP v2026.1 Hs symbols	Excitatory_neurons	REACTOME_RHOQ_GTPASE_CYCLE	https://www.gsea-msigdb.org/gsea/msigdb/human/geneset/REACTOME_RHOQ_GTPASE_CYCLE	all excitatory-neuron Bayesian-network genes represented in MSigDB C2:CP	6952	23	41	0		0.0	1.0	1.0	False				
phase18_selenow_excitatory_consensus_v1	MSigDB C2:CP v2026.1 Hs symbols	Excitatory_neurons	REACTOME_RHOU_GTPASE_CYCLE	https://www.gsea-msigdb.org/gsea/msigdb/human/geneset/REACTOME_RHOU_GTPASE_CYCLE	all excitatory-neuron Bayesian-network genes represented in MSigDB C2:CP	6952	23	34	0		0.0	1.0	1.0	False				
phase18_selenow_excitatory_consensus_v1	MSigDB C2:CP v2026.1 Hs symbols	Excitatory_neurons	REACTOME_RHOV_GTPASE_CYCLE	https://www.gsea-msigdb.org/gsea/msigdb/human/geneset/REACTOME_RHOV_GTPASE_CYCLE	all excitatory-neuron Bayesian-network genes represented in MSigDB C2:CP	6952	23	33	0		0.0	1.0	1.0	False				
phase18_selenow_excitatory_consensus_v1	MSigDB C2:CP v2026.1 Hs symbols	Excitatory_neurons	REACTOME_RHO_GTPASES_ACTIVATE_FORMINS	https://www.gsea-msigdb.org/gsea/msigdb/human/geneset/REACTOME_RHO_GTPASES_ACTIVATE_FORMINS	all excitatory-neuron Bayesian-network genes represented in MSigDB C2:CP	6952	23	87	0		0.0	1.0	1.0	False				
phase18_selenow_excitatory_consensus_v1	MSigDB C2:CP v2026.1 Hs symbols	Excitatory_neurons	REACTOME_RHO_GTPASES_ACTIVATE_IQGAPS	https://www.gsea-msigdb.org/gsea/msigdb/human/geneset/REACTOME_RHO_GTPASES_ACTIVATE_IQGAPS	all excitatory-neuron Bayesian-network genes represented in MSigDB C2:CP	6952	23	18	0		0.0	1.0	1.0	False				
phase18_selenow_excitatory_consensus_v1	MSigDB C2:CP v2026.1 Hs symbols	Excitatory_neurons	REACTOME_RHO_GTPASES_ACTIVATE_PAKS	https://www.gsea-msigdb.org/gsea/msigdb/human/geneset/REACTOME_RHO_GTPASES_ACTIVATE_PAKS	all excitatory-neuron Bayesian-network genes represented in MSigDB C2:CP	6952	23	18	0		0.0	1.0	1.0	False				
phase18_selenow_excitatory_consensus_v1	MSigDB C2:CP v2026.1 Hs symbols	Excitatory_neurons	REACTOME_RHO_GTPASES_ACTIVATE_PKNS	https://www.gsea-msigdb.org/gsea/msigdb/human/geneset/REACTOME_RHO_GTPASES_ACTIVATE_PKNS	all excitatory-neuron Bayesian-network genes represented in MSigDB C2:CP	6952	23	24	0		0.0	1.0	1.0	False				
phase18_selenow_excitatory_consensus_v1	MSigDB C2:CP v2026.1 Hs symbols	Excitatory_neurons	REACTOME_RHO_GTPASES_ACTIVATE_ROCKS	https://www.gsea-msigdb.org/gsea/msigdb/human/geneset/REACTOME_RHO_GTPASES_ACTIVATE_ROCKS	all excitatory-neuron Bayesian-network genes represented in MSigDB C2:CP	6952	23	16	0		0.0	1.0	1.0	False				
phase18_selenow_excitatory_consensus_v1	MSigDB C2:CP v2026.1 Hs symbols	Excitatory_neurons	REACTOME_RIPK1_MEDIATED_REGULATED_NECROSIS	https://www.gsea-msigdb.org/gsea/msigdb/human/geneset/REACTOME_RIPK1_MEDIATED_REGULATED_NECROSIS	all excitatory-neuron Bayesian-network genes represented in MSigDB C2:CP	6952	23	21	0		0.0	1.0	1.0	False				
phase18_selenow_excitatory_consensus_v1	MSigDB C2:CP v2026.1 Hs symbols	Excitatory_neurons	REACTOME_RMTS_METHYLATE_HISTONE_ARGININES	https://www.gsea-msigdb.org/gsea/msigdb/human/geneset/REACTOME_RMTS_METHYLATE_HISTONE_ARGININES	all excitatory-neuron Bayesian-network genes represented in MSigDB C2:CP	6952	23	25	0		0.0	1.0	1.0	False				
phase18_selenow_excitatory_consensus_v1	MSigDB C2:CP v2026.1 Hs symbols	Excitatory_neurons	REACTOME_RNA_POLYMERASE_III_CHAIN_ELONGATION	https://www.gsea-msigdb.org/gsea/msigdb/human/geneset/REACTOME_RNA_POLYMERASE_III_CHAIN_ELONGATION	all excitatory-neuron Bayesian-network genes represented in MSigDB C2:CP	6952	23	17	0		0.0	1.0	1.0	False				
phase18_selenow_excitatory_consensus_v1	MSigDB C2:CP v2026.1 Hs symbols	Excitatory_neurons	REACTOME_RNA_POLYMERASE_III_TRANSCRIPTION	https://www.gsea-msigdb.org/gsea/msigdb/human/geneset/REACTOME_RNA_POLYMERASE_III_TRANSCRIPTION	all excitatory-neuron Bayesian-network genes represented in MSigDB C2:CP	6952	23	40	0		0.0	1.0	1.0	False				
phase18_selenow_excitatory_consensus_v1	MSigDB C2:CP v2026.1 Hs symbols	Excitatory_neurons	REACTOME_RNA_POLYMERASE_III_TRANSCRIPTION_INITIATION_FROM_TYPE_1_PROMOTER	https://www.gsea-msigdb.org/gsea/msigdb/human/geneset/REACTOME_RNA_POLYMERASE_III_TRANSCRIPTION_INITIATION_FROM_TYPE_1_PROMOTER	all excitatory-neuron Bayesian-network genes represented in MSigDB C2:CP	6952	23	27	0		0.0	1.0	1.0	False				
phase18_selenow_excitatory_consensus_v1	MSigDB C2:CP v2026.1 Hs symbols	Excitatory_neurons	REACTOME_RNA_POLYMERASE_III_TRANSCRIPTION_INITIATION_FROM_TYPE_3_PROMOTER	https://www.gsea-msigdb.org/gsea/msigdb/human/geneset/REACTOME_RNA_POLYMERASE_III_TRANSCRIPTION_INITIATION_FROM_TYPE_3_PROMOTER	all excitatory-neuron Bayesian-network genes represented in MSigDB C2:CP	6952	23	27	0		0.0	1.0	1.0	False				
phase18_selenow_excitatory_consensus_v1	MSigDB C2:CP v2026.1 Hs symbols	Excitatory_neurons	REACTOME_RNA_POLYMERASE_III_TRANSCRIPTION_TERMINATION	https://www.gsea-msigdb.org/gsea/msigdb/human/geneset/REACTOME_RNA_POLYMERASE_III_TRANSCRIPTION_TERMINATION	all excitatory-neuron Bayesian-network genes represented in MSigDB C2:CP	6952	23	22	0		0.0	1.0	1.0	False				
phase18_selenow_excitatory_consensus_v1	MSigDB C2:CP v2026.1 Hs symbols	Excitatory_neurons	REACTOME_RNA_POLYMERASE_II_TRANSCRIBES_SNRNA_GENES	https://www.gsea-msigdb.org/gsea/msigdb/human/geneset/REACTOME_RNA_POLYMERASE_II_TRANSCRIBES_SNRNA_GENES	all excitatory-neuron Bayesian-network genes represented in MSigDB C2:CP	6952	23	69	0		0.0	1.0	1.0	False				
phase18_selenow_excitatory_consensus_v1	MSigDB C2:CP v2026.1 Hs symbols	Excitatory_neurons	REACTOME_RNA_POLYMERASE_II_TRANSCRIPTION_TERMINATION	https://www.gsea-msigdb.org/gsea/msigdb/human/geneset/REACTOME_RNA_POLYMERASE_II_TRANSCRIPTION_TERMINATION	all excitatory-neuron Bayesian-network genes represented in MSigDB C2:CP	6952	23	57	0		0.0	1.0	1.0	False				
phase18_selenow_excitatory_consensus_v1	MSigDB C2:CP v2026.1 Hs symbols	Excitatory_neurons	REACTOME_RNA_POLYMERASE_I_PROMOTER_ESCAPE	https://www.gsea-msigdb.org/gsea/msigdb/human/geneset/REACTOME_RNA_POLYMERASE_I_PROMOTER_ESCAPE	all excitatory-neuron Bayesian-network genes represented in MSigDB C2:CP	6952	23	26	0		0.0	1.0	1.0	False				
phase18_selenow_excitatory_consensus_v1	MSigDB C2:CP v2026.1 Hs symbols	Excitatory_neurons	REACTOME_RNA_POLYMERASE_I_TRANSCRIPTION	https://www.gsea-msigdb.org/gsea/msigdb/human/geneset/REACTOME_RNA_POLYMERASE_I_TRANSCRIPTION	all excitatory-neuron Bayesian-network genes represented in MSigDB C2:CP	6952	23	43	0		0.0	1.0	1.0	False				
phase18_selenow_excitatory_consensus_v1	MSigDB C2:CP v2026.1 Hs symbols	Excitatory_neurons	REACTOME_RNA_POLYMERASE_I_TRANSCRIPTION_INITIATION	https://www.gsea-msigdb.org/gsea/msigdb/human/geneset/REACTOME_RNA_POLYMERASE_I_TRANSCRIPTION_INITIATION	all excitatory-neuron Bayesian-network genes represented in MSigDB C2:CP	6952	23	40	0		0.0	1.0	1.0	False				
phase18_selenow_excitatory_consensus_v1	MSigDB C2:CP v2026.1 Hs symbols	Excitatory_neurons	REACTOME_RNA_POLYMERASE_I_TRANSCRIPTION_TERMINATION	https://www.gsea-msigdb.org/gsea/msigdb/human/geneset/REACTOME_RNA_POLYMERASE_I_TRANSCRIPTION_TERMINATION	all excitatory-neuron Bayesian-network genes represented in MSigDB C2:CP	6952	23	25	0		0.0	1.0	1.0	False				
phase18_selenow_excitatory_consensus_v1	MSigDB C2:CP v2026.1 Hs symbols	Excitatory_neurons	REACTOME_RND1_GTPASE_CYCLE	https://www.gsea-msigdb.org/gsea/msigdb/human/geneset/REACTOME_RND1_GTPASE_CYCLE	all excitatory-neuron Bayesian-network genes represented in MSigDB C2:CP	6952	23	29	0		0.0	1.0	1.0	False				
phase18_selenow_excitatory_consensus_v1	MSigDB C2:CP v2026.1 Hs symbols	Excitatory_neurons	REACTOME_RND2_GTPASE_CYCLE	https://www.gsea-msigdb.org/gsea/msigdb/human/geneset/REACTOME_RND2_GTPASE_CYCLE	all excitatory-neuron Bayesian-network genes represented in MSigDB C2:CP	6952	23	30	0		0.0	1.0	1.0	False				
phase18_selenow_excitatory_consensus_v1	MSigDB C2:CP v2026.1 Hs symbols	Excitatory_neurons	REACTOME_RND3_GTPASE_CYCLE	https://www.gsea-msigdb.org/gsea/msigdb/human/geneset/REACTOME_RND3_GTPASE_CYCLE	all excitatory-neuron Bayesian-network genes represented in MSigDB C2:CP	6952	23	30	0		0.0	1.0	1.0	False				
phase18_selenow_excitatory_consensus_v1	MSigDB C2:CP v2026.1 Hs symbols	Excitatory_neurons	REACTOME_RORA_B_C_AND_NR1D1_REV_ERBA_REGULATE_GENE_EXPRESSION	https://www.gsea-msigdb.org/gsea/msigdb/human/geneset/REACTOME_RORA_B_C_AND_NR1D1_REV_ERBA_REGULATE_GENE_EXPRESSION	all excitatory-neuron Bayesian-network genes represented in MSigDB C2:CP	6952	23	20	0		0.0	1.0	1.0	False				
phase18_selenow_excitatory_consensus_v1	MSigDB C2:CP v2026.1 Hs symbols	Excitatory_neurons	REACTOME_ROS_AND_RNS_PRODUCTION_IN_PHAGOCYTES	https://www.gsea-msigdb.org/gsea/msigdb/human/geneset/REACTOME_ROS_AND_RNS_PRODUCTION_IN_PHAGOCYTES	all excitatory-neuron Bayesian-network genes represented in MSigDB C2:CP	6952	23	16	0		0.0	1.0	1.0	False				
phase18_selenow_excitatory_consensus_v1	MSigDB C2:CP v2026.1 Hs symbols	Excitatory_neurons	REACTOME_RRNA_MODIFICATION_IN_THE_NUCLEUS_AND_CYTOSOL	https://www.gsea-msigdb.org/gsea/msigdb/human/geneset/REACTOME_RRNA_MODIFICATION_IN_THE_NUCLEUS_AND_CYTOSOL	all excitatory-neuron Bayesian-network genes represented in MSigDB C2:CP	6952	23	51	0		0.0	1.0	1.0	False				
phase18_selenow_excitatory_consensus_v1	MSigDB C2:CP v2026.1 Hs symbols	Excitatory_neurons	REACTOME_RRNA_PROCESSING	https://www.gsea-msigdb.org/gsea/msigdb/human/geneset/REACTOME_RRNA_PROCESSING	all excitatory-neuron Bayesian-network genes represented in MSigDB C2:CP	6952	23	172	0		0.0	1.0	1.0	False				
phase18_selenow_excitatory_consensus_v1	MSigDB C2:CP v2026.1 Hs symbols	Excitatory_neurons	REACTOME_RSV_HOST_INTERACTIONS	https://www.gsea-msigdb.org/gsea/msigdb/human/geneset/REACTOME_RSV_HOST_INTERACTIONS	all excitatory-neuron Bayesian-network genes represented in MSigDB C2:CP	6952	23	54	0		0.0	1.0	1.0	False				
phase18_selenow_excitatory_consensus_v1	MSigDB C2:CP v2026.1 Hs symbols	Excitatory_neurons	REACTOME_RUNX1_INTERACTS_WITH_CO_FACTORS_WHOSE_PRECISE_EFFECT_ON_RUNX1_TARGETS_IS_NOT_KNOWN	https://www.gsea-msigdb.org/gsea/msigdb/human/geneset/REACTOME_RUNX1_INTERACTS_WITH_CO_FACTORS_WHOSE_PRECISE_EFFECT_ON_RUNX1_TARGETS_IS_NOT_KNOWN	all excitatory-neuron Bayesian-network genes represented in MSigDB C2:CP	6952	23	32	0		0.0	1.0	1.0	False				
phase18_selenow_excitatory_consensus_v1	MSigDB C2:CP v2026.1 Hs symbols	Excitatory_neurons	REACTOME_RUNX1_REGULATES_GENES_INVOLVED_IN_MEGAKARYOCYTE_DIFFERENTIATION_AND_PLATELET_FUNCTION	https://www.gsea-msigdb.org/gsea/msigdb/human/geneset/REACTOME_RUNX1_REGULATES_GENES_INVOLVED_IN_MEGAKARYOCYTE_DIFFERENTIATION_AND_PLATELET_FUNCTION	all excitatory-neuron Bayesian-network genes represented in MSigDB C2:CP	6952	23	25	0		0.0	1.0	1.0	False				
phase18_selenow_excitatory_consensus_v1	MSigDB C2:CP v2026.1 Hs symbols	Excitatory_neurons	REACTOME_RUNX2_REGULATES_BONE_DEVELOPMENT	https://www.gsea-msigdb.org/gsea/msigdb/human/geneset/REACTOME_RUNX2_REGULATES_BONE_DEVELOPMENT	all excitatory-neuron Bayesian-network genes represented in MSigDB C2:CP	6952	23	16	0		0.0	1.0	1.0	False				
phase18_selenow_excitatory_consensus_v1	MSigDB C2:CP v2026.1 Hs symbols	Excitatory_neurons	REACTOME_SARS_COV_1_ACTIVATES_MODULATES_INNATE_IMMUNE_RESPONSES	https://www.gsea-msigdb.org/gsea/msigdb/human/geneset/REACTOME_SARS_COV_1_ACTIVATES_MODULATES_INNATE_IMMUNE_RESPONSES	all excitatory-neuron Bayesian-network genes represented in MSigDB C2:CP	6952	23	27	0		0.0	1.0	1.0	False				
phase18_selenow_excitatory_consensus_v1	MSigDB C2:CP v2026.1 Hs symbols	Excitatory_neurons	REACTOME_SARS_COV_1_HOST_INTERACTIONS	https://www.gsea-msigdb.org/gsea/msigdb/human/geneset/REACTOME_SARS_COV_1_HOST_INTERACTIONS	all excitatory-neuron Bayesian-network genes represented in MSigDB C2:CP	6952	23	72	0		0.0	1.0	1.0	False				
phase18_selenow_excitatory_consensus_v1	MSigDB C2:CP v2026.1 Hs symbols	Excitatory_neurons	REACTOME_SARS_COV_1_INFECTION	https://www.gsea-msigdb.org/gsea/msigdb/human/geneset/REACTOME_SARS_COV_1_INFECTION	all excitatory-neuron Bayesian-network genes represented in MSigDB C2:CP	6952	23	104	0		0.0	1.0	1.0	False				
phase18_selenow_excitatory_consensus_v1	MSigDB C2:CP v2026.1 Hs symbols	Excitatory_neurons	REACTOME_SARS_COV_1_MODULATES_HOST_TRANSLATION_MACHINERY	https://www.gsea-msigdb.org/gsea/msigdb/human/geneset/REACTOME_SARS_COV_1_MODULATES_HOST_TRANSLATION_MACHINERY	all excitatory-neuron Bayesian-network genes represented in MSigDB C2:CP	6952	23	31	0		0.0	1.0	1.0	False				
phase18_selenow_excitatory_consensus_v1	MSigDB C2:CP v2026.1 Hs symbols	Excitatory_neurons	REACTOME_SARS_COV_2_ACTIVATES_MODULATES_INNATE_AND_ADAPTIVE_IMMUNE_RESPONSES	https://www.gsea-msigdb.org/gsea/msigdb/human/geneset/REACTOME_SARS_COV_2_ACTIVATES_MODULATES_INNATE_AND_ADAPTIVE_IMMUNE_RESPONSES	all excitatory-neuron Bayesian-network genes represented in MSigDB C2:CP	6952	23	80	0		0.0	1.0	1.0	False				
phase18_selenow_excitatory_consensus_v1	MSigDB C2:CP v2026.1 Hs symbols	Excitatory_neurons	REACTOME_SARS_COV_2_HOST_INTERACTIONS	https://www.gsea-msigdb.org/gsea/msigdb/human/geneset/REACTOME_SARS_COV_2_HOST_INTERACTIONS	all excitatory-neuron Bayesian-network genes represented in MSigDB C2:CP	6952	23	140	0		0.0	1.0	1.0	False				
phase18_selenow_excitatory_consensus_v1	MSigDB C2:CP v2026.1 Hs symbols	Excitatory_neurons	REACTOME_SARS_COV_2_INFECTION	https://www.gsea-msigdb.org/gsea/msigdb/human/geneset/REACTOME_SARS_COV_2_INFECTION	all excitatory-neuron Bayesian-network genes represented in MSigDB C2:CP	6952	23	208	0		0.0	1.0	1.0	False				
phase18_selenow_excitatory_consensus_v1	MSigDB C2:CP v2026.1 Hs symbols	Excitatory_neurons	REACTOME_SARS_COV_2_MODULATES_HOST_TRANSLATION_MACHINERY	https://www.gsea-msigdb.org/gsea/msigdb/human/geneset/REACTOME_SARS_COV_2_MODULATES_HOST_TRANSLATION_MACHINERY	all excitatory-neuron Bayesian-network genes represented in MSigDB C2:CP	6952	23	41	0		0.0	1.0	1.0	False				
phase18_selenow_excitatory_consensus_v1	MSigDB C2:CP v2026.1 Hs symbols	Excitatory_neurons	REACTOME_SARS_COV_INFECTIONS	https://www.gsea-msigdb.org/gsea/msigdb/human/geneset/REACTOME_SARS_COV_INFECTIONS	all excitatory-neuron Bayesian-network genes represented in MSigDB C2:CP	6952	23	285	0		0.0	1.0	1.0	False				
phase18_selenow_excitatory_consensus_v1	MSigDB C2:CP v2026.1 Hs symbols	Excitatory_neurons	REACTOME_SEALING_OF_THE_NUCLEAR_ENVELOPE_NE_BY_ESCRT_III	https://www.gsea-msigdb.org/gsea/msigdb/human/geneset/REACTOME_SEALING_OF_THE_NUCLEAR_ENVELOPE_NE_BY_ESCRT_III	all excitatory-neuron Bayesian-network genes represented in MSigDB C2:CP	6952	23	19	0		0.0	1.0	1.0	False				
phase18_selenow_excitatory_consensus_v1	MSigDB C2:CP v2026.1 Hs symbols	Excitatory_neurons	REACTOME_SELECTIVE_AUTOPHAGY	https://www.gsea-msigdb.org/gsea/msigdb/human/geneset/REACTOME_SELECTIVE_AUTOPHAGY	all excitatory-neuron Bayesian-network genes represented in MSigDB C2:CP	6952	23	67	0		0.0	1.0	1.0	False				
phase18_selenow_excitatory_consensus_v1	MSigDB C2:CP v2026.1 Hs symbols	Excitatory_neurons	REACTOME_SELENOAMINO_ACID_METABOLISM	https://www.gsea-msigdb.org/gsea/msigdb/human/geneset/REACTOME_SELENOAMINO_ACID_METABOLISM	all excitatory-neuron Bayesian-network genes represented in MSigDB C2:CP	6952	23	84	0		0.0	1.0	1.0	False				
phase18_selenow_excitatory_consensus_v1	MSigDB C2:CP v2026.1 Hs symbols	Excitatory_neurons	REACTOME_SEMA4D_IN_SEMAPHORIN_SIGNALING	https://www.gsea-msigdb.org/gsea/msigdb/human/geneset/REACTOME_SEMA4D_IN_SEMAPHORIN_SIGNALING	all excitatory-neuron Bayesian-network genes represented in MSigDB C2:CP	6952	23	16	0		0.0	1.0	1.0	False				
phase18_selenow_excitatory_consensus_v1	MSigDB C2:CP v2026.1 Hs symbols	Excitatory_neurons	REACTOME_SEMAPHORIN_INTERACTIONS	https://www.gsea-msigdb.org/gsea/msigdb/human/geneset/REACTOME_SEMAPHORIN_INTERACTIONS	all excitatory-neuron Bayesian-network genes represented in MSigDB C2:CP	6952	23	43	0		0.0	1.0	1.0	False				
phase18_selenow_excitatory_consensus_v1	MSigDB C2:CP v2026.1 Hs symbols	Excitatory_neurons	REACTOME_SENESCENCE_ASSOCIATED_SECRETORY_PHENOTYPE_SASP	https://www.gsea-msigdb.org/gsea/msigdb/human/geneset/REACTOME_SENESCENCE_ASSOCIATED_SECRETORY_PHENOTYPE_SASP	all excitatory-neuron Bayesian-network genes represented in MSigDB C2:CP	6952	23	34	0		0.0	1.0	1.0	False				
phase18_selenow_excitatory_consensus_v1	MSigDB C2:CP v2026.1 Hs symbols	Excitatory_neurons	REACTOME_SENSORY_PERCEPTION	https://www.gsea-msigdb.org/gsea/msigdb/human/geneset/REACTOME_SENSORY_PERCEPTION	all excitatory-neuron Bayesian-network genes represented in MSigDB C2:CP	6952	23	79	0		0.0	1.0	1.0	False				
phase18_selenow_excitatory_consensus_v1	MSigDB C2:CP v2026.1 Hs symbols	Excitatory_neurons	REACTOME_SENSORY_PROCESSING_OF_SOUND	https://www.gsea-msigdb.org/gsea/msigdb/human/geneset/REACTOME_SENSORY_PROCESSING_OF_SOUND	all excitatory-neuron Bayesian-network genes represented in MSigDB C2:CP	6952	23	42	0		0.0	1.0	1.0	False				
phase18_selenow_excitatory_consensus_v1	MSigDB C2:CP v2026.1 Hs symbols	Excitatory_neurons	REACTOME_SENSORY_PROCESSING_OF_SOUND_BY_OUTER_HAIR_CELLS_OF_THE_COCHLEA	https://www.gsea-msigdb.org/gsea/msigdb/human/geneset/REACTOME_SENSORY_PROCESSING_OF_SOUND_BY_OUTER_HAIR_CELLS_OF_THE_COCHLEA	all excitatory-neuron Bayesian-network genes represented in MSigDB C2:CP	6952	23	25	0		0.0	1.0	1.0	False				
phase18_selenow_excitatory_consensus_v1	MSigDB C2:CP v2026.1 Hs symbols	Excitatory_neurons	REACTOME_SEROTONIN_NEUROTRANSMITTER_RELEASE_CYCLE	https://www.gsea-msigdb.org/gsea/msigdb/human/geneset/REACTOME_SEROTONIN_NEUROTRANSMITTER_RELEASE_CYCLE	all excitatory-neuron Bayesian-network genes represented in MSigDB C2:CP	6952	23	16	0		0.0	1.0	1.0	False				
phase18_selenow_excitatory_consensus_v1	MSigDB C2:CP v2026.1 Hs symbols	Excitatory_neurons	REACTOME_SIALIC_ACID_METABOLISM	https://www.gsea-msigdb.org/gsea/msigdb/human/geneset/REACTOME_SIALIC_ACID_METABOLISM	all excitatory-neuron Bayesian-network genes represented in MSigDB C2:CP	6952	23	18	0		0.0	1.0	1.0	False				
phase18_selenow_excitatory_consensus_v1	MSigDB C2:CP v2026.1 Hs symbols	Excitatory_neurons	REACTOME_SIGNALING_BY_ALK	https://www.gsea-msigdb.org/gsea/msigdb/human/geneset/REACTOME_SIGNALING_BY_ALK	all excitatory-neuron Bayesian-network genes represented in MSigDB C2:CP	6952	23	18	0		0.0	1.0	1.0	False				
phase18_selenow_excitatory_consensus_v1	MSigDB C2:CP v2026.1 Hs symbols	Excitatory_neurons	REACTOME_SIGNALING_BY_ALK_IN_CANCER	https://www.gsea-msigdb.org/gsea/msigdb/human/geneset/REACTOME_SIGNALING_BY_ALK_IN_CANCER	all excitatory-neuron Bayesian-network genes represented in MSigDB C2:CP	6952	23	62	0		0.0	1.0	1.0	False				
phase18_selenow_excitatory_consensus_v1	MSigDB C2:CP v2026.1 Hs symbols	Excitatory_neurons	REACTOME_SIGNALING_BY_BRAF_AND_RAF1_FUSIONS	https://www.gsea-msigdb.org/gsea/msigdb/human/geneset/REACTOME_SIGNALING_BY_BRAF_AND_RAF1_FUSIONS	all excitatory-neuron Bayesian-network genes represented in MSigDB C2:CP	6952	23	50	0		0.0	1.0	1.0	False				
phase18_selenow_excitatory_consensus_v1	MSigDB C2:CP v2026.1 Hs symbols	Excitatory_neurons	REACTOME_SIGNALING_BY_CSF1_M_CSF_IN_MYELOID_CELLS	https://www.gsea-msigdb.org/gsea/msigdb/human/geneset/REACTOME_SIGNALING_BY_CSF1_M_CSF_IN_MYELOID_CELLS	all excitatory-neuron Bayesian-network genes represented in MSigDB C2:CP	6952	23	21	0		0.0	1.0	1.0	False				
phase18_selenow_excitatory_consensus_v1	MSigDB C2:CP v2026.1 Hs symbols	Excitatory_neurons	REACTOME_SIGNALING_BY_CSF3_G_CSF	https://www.gsea-msigdb.org/gsea/msigdb/human/geneset/REACTOME_SIGNALING_BY_CSF3_G_CSF	all excitatory-neuron Bayesian-network genes represented in MSigDB C2:CP	6952	23	21	0		0.0	1.0	1.0	False				
phase18_selenow_excitatory_consensus_v1	MSigDB C2:CP v2026.1 Hs symbols	Excitatory_neurons	REACTOME_SIGNALING_BY_CYTOSOLIC_FGFR1_FUSION_MUTANTS	https://www.gsea-msigdb.org/gsea/msigdb/human/geneset/REACTOME_SIGNALING_BY_CYTOSOLIC_FGFR1_FUSION_MUTANTS	all excitatory-neuron Bayesian-network genes represented in MSigDB C2:CP	6952	23	16	0		0.0	1.0	1.0	False				
phase18_selenow_excitatory_consensus_v1	MSigDB C2:CP v2026.1 Hs symbols	Excitatory_neurons	REACTOME_SIGNALING_BY_EGFR	https://www.gsea-msigdb.org/gsea/msigdb/human/geneset/REACTOME_SIGNALING_BY_EGFR	all excitatory-neuron Bayesian-network genes represented in MSigDB C2:CP	6952	23	37	0		0.0	1.0	1.0	False				
phase18_selenow_excitatory_consensus_v1	MSigDB C2:CP v2026.1 Hs symbols	Excitatory_neurons	REACTOME_SIGNALING_BY_EGFR_IN_CANCER	https://www.gsea-msigdb.org/gsea/msigdb/human/geneset/REACTOME_SIGNALING_BY_EGFR_IN_CANCER	all excitatory-neuron Bayesian-network genes represented in MSigDB C2:CP	6952	23	16	0		0.0	1.0	1.0	False				
phase18_selenow_excitatory_consensus_v1	MSigDB C2:CP v2026.1 Hs symbols	Excitatory_neurons	REACTOME_SIGNALING_BY_ERBB2	https://www.gsea-msigdb.org/gsea/msigdb/human/geneset/REACTOME_SIGNALING_BY_ERBB2	all excitatory-neuron Bayesian-network genes represented in MSigDB C2:CP	6952	23	37	0		0.0	1.0	1.0	False				
phase18_selenow_excitatory_consensus_v1	MSigDB C2:CP v2026.1 Hs symbols	Excitatory_neurons	REACTOME_SIGNALING_BY_ERBB2_IN_CANCER	https://www.gsea-msigdb.org/gsea/msigdb/human/geneset/REACTOME_SIGNALING_BY_ERBB2_IN_CANCER	all excitatory-neuron Bayesian-network genes represented in MSigDB C2:CP	6952	23	18	0		0.0	1.0	1.0	False				
phase18_selenow_excitatory_consensus_v1	MSigDB C2:CP v2026.1 Hs symbols	Excitatory_neurons	REACTOME_SIGNALING_BY_ERYTHROPOIETIN	https://www.gsea-msigdb.org/gsea/msigdb/human/geneset/REACTOME_SIGNALING_BY_ERYTHROPOIETIN	all excitatory-neuron Bayesian-network genes represented in MSigDB C2:CP	6952	23	17	0		0.0	1.0	1.0	False				
phase18_selenow_excitatory_consensus_v1	MSigDB C2:CP v2026.1 Hs symbols	Excitatory_neurons	REACTOME_SIGNALING_BY_FGFR	https://www.gsea-msigdb.org/gsea/msigdb/human/geneset/REACTOME_SIGNALING_BY_FGFR	all excitatory-neuron Bayesian-network genes represented in MSigDB C2:CP	6952	23	57	0		0.0	1.0	1.0	False				
phase18_selenow_excitatory_consensus_v1	MSigDB C2:CP v2026.1 Hs symbols	Excitatory_neurons	REACTOME_SIGNALING_BY_FGFR1	https://www.gsea-msigdb.org/gsea/msigdb/human/geneset/REACTOME_SIGNALING_BY_FGFR1	all excitatory-neuron Bayesian-network genes represented in MSigDB C2:CP	6952	23	34	0		0.0	1.0	1.0	False				
phase18_selenow_excitatory_consensus_v1	MSigDB C2:CP v2026.1 Hs symbols	Excitatory_neurons	REACTOME_SIGNALING_BY_FGFR1_IN_DISEASE	https://www.gsea-msigdb.org/gsea/msigdb/human/geneset/REACTOME_SIGNALING_BY_FGFR1_IN_DISEASE	all excitatory-neuron Bayesian-network genes represented in MSigDB C2:CP	6952	23	30	0		0.0	1.0	1.0	False				
phase18_selenow_excitatory_consensus_v1	MSigDB C2:CP v2026.1 Hs symbols	Excitatory_neurons	REACTOME_SIGNALING_BY_FGFR2	https://www.gsea-msigdb.org/gsea/msigdb/human/geneset/REACTOME_SIGNALING_BY_FGFR2	all excitatory-neuron Bayesian-network genes represented in MSigDB C2:CP	6952	23	51	0		0.0	1.0	1.0	False				
phase18_selenow_excitatory_consensus_v1	MSigDB C2:CP v2026.1 Hs symbols	Excitatory_neurons	REACTOME_SIGNALING_BY_FGFR2_IIIA_TM	https://www.gsea-msigdb.org/gsea/msigdb/human/geneset/REACTOME_SIGNALING_BY_FGFR2_IIIA_TM	all excitatory-neuron Bayesian-network genes represented in MSigDB C2:CP	6952	23	16	0		0.0	1.0	1.0	False				
phase18_selenow_excitatory_consensus_v1	MSigDB C2:CP v2026.1 Hs symbols	Excitatory_neurons	REACTOME_SIGNALING_BY_FGFR2_IN_DISEASE	https://www.gsea-msigdb.org/gsea/msigdb/human/geneset/REACTOME_SIGNALING_BY_FGFR2_IN_DISEASE	all excitatory-neuron Bayesian-network genes represented in MSigDB C2:CP	6952	23	29	0		0.0	1.0	1.0	False				
phase18_selenow_excitatory_consensus_v1	MSigDB C2:CP v2026.1 Hs symbols	Excitatory_neurons	REACTOME_SIGNALING_BY_FGFR3	https://www.gsea-msigdb.org/gsea/msigdb/human/geneset/REACTOME_SIGNALING_BY_FGFR3	all excitatory-neuron Bayesian-network genes represented in MSigDB C2:CP	6952	23	30	0		0.0	1.0	1.0	False				
phase18_selenow_excitatory_consensus_v1	MSigDB C2:CP v2026.1 Hs symbols	Excitatory_neurons	REACTOME_SIGNALING_BY_FGFR4	https://www.gsea-msigdb.org/gsea/msigdb/human/geneset/REACTOME_SIGNALING_BY_FGFR4	all excitatory-neuron Bayesian-network genes represented in MSigDB C2:CP	6952	23	28	0		0.0	1.0	1.0	False				
phase18_selenow_excitatory_consensus_v1	MSigDB C2:CP v2026.1 Hs symbols	Excitatory_neurons	REACTOME_SIGNALING_BY_FGFR_IN_DISEASE	https://www.gsea-msigdb.org/gsea/msigdb/human/geneset/REACTOME_SIGNALING_BY_FGFR_IN_DISEASE	all excitatory-neuron Bayesian-network genes represented in MSigDB C2:CP	6952	23	45	0		0.0	1.0	1.0	False				
phase18_selenow_excitatory_consensus_v1	MSigDB C2:CP v2026.1 Hs symbols	Excitatory_neurons	REACTOME_SIGNALING_BY_FLT3_FUSION_PROTEINS	https://www.gsea-msigdb.org/gsea/msigdb/human/geneset/REACTOME_SIGNALING_BY_FLT3_FUSION_PROTEINS	all excitatory-neuron Bayesian-network genes represented in MSigDB C2:CP	6952	23	15	0		0.0	1.0	1.0	False				
phase18_selenow_excitatory_consensus_v1	MSigDB C2:CP v2026.1 Hs symbols	Excitatory_neurons	REACTOME_SIGNALING_BY_GPCR	https://www.gsea-msigdb.org/gsea/msigdb/human/geneset/REACTOME_SIGNALING_BY_GPCR	all excitatory-neuron Bayesian-network genes represented in MSigDB C2:CP	6952	23	191	0		0.0	1.0	1.0	False				
phase18_selenow_excitatory_consensus_v1	MSigDB C2:CP v2026.1 Hs symbols	Excitatory_neurons	REACTOME_SIGNALING_BY_HIPPO	https://www.gsea-msigdb.org/gsea/msigdb/human/geneset/REACTOME_SIGNALING_BY_HIPPO	all excitatory-neuron Bayesian-network genes represented in MSigDB C2:CP	6952	23	16	0		0.0	1.0	1.0	False				
phase18_selenow_excitatory_consensus_v1	MSigDB C2:CP v2026.1 Hs symbols	Excitatory_neurons	REACTOME_SIGNALING_BY_INSULIN_RECEPTOR	https://www.gsea-msigdb.org/gsea/msigdb/human/geneset/REACTOME_SIGNALING_BY_INSULIN_RECEPTOR	all excitatory-neuron Bayesian-network genes represented in MSigDB C2:CP	6952	23	50	0		0.0	1.0	1.0	False				
phase18_selenow_excitatory_consensus_v1	MSigDB C2:CP v2026.1 Hs symbols	Excitatory_neurons	REACTOME_SIGNALING_BY_MET	https://www.gsea-msigdb.org/gsea/msigdb/human/geneset/REACTOME_SIGNALING_BY_MET	all excitatory-neuron Bayesian-network genes represented in MSigDB C2:CP	6952	23	51	0		0.0	1.0	1.0	False				
phase18_selenow_excitatory_consensus_v1	MSigDB C2:CP v2026.1 Hs symbols	Excitatory_neurons	REACTOME_SIGNALING_BY_MODERATE_KINASE_ACTIVITY_BRAF_MUTANTS	https://www.gsea-msigdb.org/gsea/msigdb/human/geneset/REACTOME_SIGNALING_BY_MODERATE_KINASE_ACTIVITY_BRAF_MUTANTS	all excitatory-neuron Bayesian-network genes represented in MSigDB C2:CP	6952	23	35	0		0.0	1.0	1.0	False				
phase18_selenow_excitatory_consensus_v1	MSigDB C2:CP v2026.1 Hs symbols	Excitatory_neurons	REACTOME_SIGNALING_BY_NTRK2_TRKB	https://www.gsea-msigdb.org/gsea/msigdb/human/geneset/REACTOME_SIGNALING_BY_NTRK2_TRKB	all excitatory-neuron Bayesian-network genes represented in MSigDB C2:CP	6952	23	21	0		0.0	1.0	1.0	False				
phase18_selenow_excitatory_consensus_v1	MSigDB C2:CP v2026.1 Hs symbols	Excitatory_neurons	REACTOME_SIGNALING_BY_NTRK3_TRKC	https://www.gsea-msigdb.org/gsea/msigdb/human/geneset/REACTOME_SIGNALING_BY_NTRK3_TRKC	all excitatory-neuron Bayesian-network genes represented in MSigDB C2:CP	6952	23	15	0		0.0	1.0	1.0	False				
phase18_selenow_excitatory_consensus_v1	MSigDB C2:CP v2026.1 Hs symbols	Excitatory_neurons	REACTOME_SIGNALING_BY_NTRKS	https://www.gsea-msigdb.org/gsea/msigdb/human/geneset/REACTOME_SIGNALING_BY_NTRKS	all excitatory-neuron Bayesian-network genes represented in MSigDB C2:CP	6952	23	99	0		0.0	1.0	1.0	False				
phase18_selenow_excitatory_consensus_v1	MSigDB C2:CP v2026.1 Hs symbols	Excitatory_neurons	REACTOME_SIGNALING_BY_NUCLEAR_RECEPTORS	https://www.gsea-msigdb.org/gsea/msigdb/human/geneset/REACTOME_SIGNALING_BY_NUCLEAR_RECEPTORS	all excitatory-neuron Bayesian-network genes represented in MSigDB C2:CP	6952	23	145	0		0.0	1.0	1.0	False				
phase18_selenow_excitatory_consensus_v1	MSigDB C2:CP v2026.1 Hs symbols	Excitatory_neurons	REACTOME_SIGNALING_BY_PDGF	https://www.gsea-msigdb.org/gsea/msigdb/human/geneset/REACTOME_SIGNALING_BY_PDGF	all excitatory-neuron Bayesian-network genes represented in MSigDB C2:CP	6952	23	29	0		0.0	1.0	1.0	False				
phase18_selenow_excitatory_consensus_v1	MSigDB C2:CP v2026.1 Hs symbols	Excitatory_neurons	REACTOME_SIGNALING_BY_PTK6	https://www.gsea-msigdb.org/gsea/msigdb/human/geneset/REACTOME_SIGNALING_BY_PTK6	all excitatory-neuron Bayesian-network genes represented in MSigDB C2:CP	6952	23	35	0		0.0	1.0	1.0	False				
phase18_selenow_excitatory_consensus_v1	MSigDB C2:CP v2026.1 Hs symbols	Excitatory_neurons	REACTOME_SIGNALING_BY_RETINOIC_ACID	https://www.gsea-msigdb.org/gsea/msigdb/human/geneset/REACTOME_SIGNALING_BY_RETINOIC_ACID	all excitatory-neuron Bayesian-network genes represented in MSigDB C2:CP	6952	23	18	0		0.0	1.0	1.0	False				
phase18_selenow_excitatory_consensus_v1	MSigDB C2:CP v2026.1 Hs symbols	Excitatory_neurons	REACTOME_SIGNALING_BY_SCF_KIT	https://www.gsea-msigdb.org/gsea/msigdb/human/geneset/REACTOME_SIGNALING_BY_SCF_KIT	all excitatory-neuron Bayesian-network genes represented in MSigDB C2:CP	6952	23	24	0		0.0	1.0	1.0	False				
phase18_selenow_excitatory_consensus_v1	MSigDB C2:CP v2026.1 Hs symbols	Excitatory_neurons	REACTOME_SIGNALING_BY_TYPE_1_INSULIN_LIKE_GROWTH_FACTOR_1_RECEPTOR_IGF1R	https://www.gsea-msigdb.org/gsea/msigdb/human/geneset/REACTOME_SIGNALING_BY_TYPE_1_INSULIN_LIKE_GROWTH_FACTOR_1_RECEPTOR_IGF1R	all excitatory-neuron Bayesian-network genes represented in MSigDB C2:CP	6952	23	28	0		0.0	1.0	1.0	False				
phase18_selenow_excitatory_consensus_v1	MSigDB C2:CP v2026.1 Hs symbols	Excitatory_neurons	REACTOME_SIGNALING_BY_WNT_IN_CANCER	https://www.gsea-msigdb.org/gsea/msigdb/human/geneset/REACTOME_SIGNALING_BY_WNT_IN_CANCER	all excitatory-neuron Bayesian-network genes represented in MSigDB C2:CP	6952	23	23	0		0.0	1.0	1.0	False				
phase18_selenow_excitatory_consensus_v1	MSigDB C2:CP v2026.1 Hs symbols	Excitatory_neurons	REACTOME_SIGNALLING_TO_ERKS	https://www.gsea-msigdb.org/gsea/msigdb/human/geneset/REACTOME_SIGNALLING_TO_ERKS	all excitatory-neuron Bayesian-network genes represented in MSigDB C2:CP	6952	23	30	0		0.0	1.0	1.0	False				
phase18_selenow_excitatory_consensus_v1	MSigDB C2:CP v2026.1 Hs symbols	Excitatory_neurons	REACTOME_SIGNALLING_TO_RAS	https://www.gsea-msigdb.org/gsea/msigdb/human/geneset/REACTOME_SIGNALLING_TO_RAS	all excitatory-neuron Bayesian-network genes represented in MSigDB C2:CP	6952	23	16	0		0.0	1.0	1.0	False				
phase18_selenow_excitatory_consensus_v1	MSigDB C2:CP v2026.1 Hs symbols	Excitatory_neurons	REACTOME_SIGNAL_AMPLIFICATION	https://www.gsea-msigdb.org/gsea/msigdb/human/geneset/REACTOME_SIGNAL_AMPLIFICATION	all excitatory-neuron Bayesian-network genes represented in MSigDB C2:CP	6952	23	17	0		0.0	1.0	1.0	False				
phase18_selenow_excitatory_consensus_v1	MSigDB C2:CP v2026.1 Hs symbols	Excitatory_neurons	REACTOME_SIGNAL_TRANSDUCTION_BY_L1	https://www.gsea-msigdb.org/gsea/msigdb/human/geneset/REACTOME_SIGNAL_TRANSDUCTION_BY_L1	all excitatory-neuron Bayesian-network genes represented in MSigDB C2:CP	6952	23	15	0		0.0	1.0	1.0	False				
phase18_selenow_excitatory_consensus_v1	MSigDB C2:CP v2026.1 Hs symbols	Excitatory_neurons	REACTOME_SLC_MEDIATED_TRANSPORT_OF_AMINO_ACIDS	https://www.gsea-msigdb.org/gsea/msigdb/human/geneset/REACTOME_SLC_MEDIATED_TRANSPORT_OF_AMINO_ACIDS	all excitatory-neuron Bayesian-network genes represented in MSigDB C2:CP	6952	23	18	0		0.0	1.0	1.0	False				
phase18_selenow_excitatory_consensus_v1	MSigDB C2:CP v2026.1 Hs symbols	Excitatory_neurons	REACTOME_SLC_MEDIATED_TRANSPORT_OF_INORGANIC_ANIONS	https://www.gsea-msigdb.org/gsea/msigdb/human/geneset/REACTOME_SLC_MEDIATED_TRANSPORT_OF_INORGANIC_ANIONS	all excitatory-neuron Bayesian-network genes represented in MSigDB C2:CP	6952	23	15	0		0.0	1.0	1.0	False				
phase18_selenow_excitatory_consensus_v1	MSigDB C2:CP v2026.1 Hs symbols	Excitatory_neurons	REACTOME_SLC_TRANSPORTER_DISORDERS	https://www.gsea-msigdb.org/gsea/msigdb/human/geneset/REACTOME_SLC_TRANSPORTER_DISORDERS	all excitatory-neuron Bayesian-network genes represented in MSigDB C2:CP	6952	23	47	0		0.0	1.0	1.0	False				
phase18_selenow_excitatory_consensus_v1	MSigDB C2:CP v2026.1 Hs symbols	Excitatory_neurons	REACTOME_SMAD2_SMAD3_SMAD4_HETEROTRIMER_REGULATES_TRANSCRIPTION	https://www.gsea-msigdb.org/gsea/msigdb/human/geneset/REACTOME_SMAD2_SMAD3_SMAD4_HETEROTRIMER_REGULATES_TRANSCRIPTION	all excitatory-neuron Bayesian-network genes represented in MSigDB C2:CP	6952	23	28	0		0.0	1.0	1.0	False				
phase18_selenow_excitatory_consensus_v1	MSigDB C2:CP v2026.1 Hs symbols	Excitatory_neurons	REACTOME_SMOOTH_MUSCLE_CONTRACTION	https://www.gsea-msigdb.org/gsea/msigdb/human/geneset/REACTOME_SMOOTH_MUSCLE_CONTRACTION	all excitatory-neuron Bayesian-network genes represented in MSigDB C2:CP	6952	23	21	0		0.0	1.0	1.0	False				
phase18_selenow_excitatory_consensus_v1	MSigDB C2:CP v2026.1 Hs symbols	Excitatory_neurons	REACTOME_SNRNP_ASSEMBLY	https://www.gsea-msigdb.org/gsea/msigdb/human/geneset/REACTOME_SNRNP_ASSEMBLY	all excitatory-neuron Bayesian-network genes represented in MSigDB C2:CP	6952	23	46	0		0.0	1.0	1.0	False				
phase18_selenow_excitatory_consensus_v1	MSigDB C2:CP v2026.1 Hs symbols	Excitatory_neurons	REACTOME_SPHINGOLIPID_DE_NOVO_BIOSYNTHESIS	https://www.gsea-msigdb.org/gsea/msigdb/human/geneset/REACTOME_SPHINGOLIPID_DE_NOVO_BIOSYNTHESIS	all excitatory-neuron Bayesian-network genes represented in MSigDB C2:CP	6952	23	21	0		0.0	1.0	1.0	False				
phase18_selenow_excitatory_consensus_v1	MSigDB C2:CP v2026.1 Hs symbols	Excitatory_neurons	REACTOME_SPHINGOLIPID_METABOLISM	https://www.gsea-msigdb.org/gsea/msigdb/human/geneset/REACTOME_SPHINGOLIPID_METABOLISM	all excitatory-neuron Bayesian-network genes represented in MSigDB C2:CP	6952	23	60	0		0.0	1.0	1.0	False				
phase18_selenow_excitatory_consensus_v1	MSigDB C2:CP v2026.1 Hs symbols	Excitatory_neurons	REACTOME_SPRY_REGULATION_OF_FGF_SIGNALING	https://www.gsea-msigdb.org/gsea/msigdb/human/geneset/REACTOME_SPRY_REGULATION_OF_FGF_SIGNALING	all excitatory-neuron Bayesian-network genes represented in MSigDB C2:CP	6952	23	15	0		0.0	1.0	1.0	False				
phase18_selenow_excitatory_consensus_v1	MSigDB C2:CP v2026.1 Hs symbols	Excitatory_neurons	REACTOME_SRP_DEPENDENT_COTRANSLATIONAL_PROTEIN_TARGETING_TO_MEMBRANE	https://www.gsea-msigdb.org/gsea/msigdb/human/geneset/REACTOME_SRP_DEPENDENT_COTRANSLATIONAL_PROTEIN_TARGETING_TO_MEMBRANE	all excitatory-neuron Bayesian-network genes represented in MSigDB C2:CP	6952	23	97	0		0.0	1.0	1.0	False				
phase18_selenow_excitatory_consensus_v1	MSigDB C2:CP v2026.1 Hs symbols	Excitatory_neurons	REACTOME_STIMULI_SENSING_CHANNELS	https://www.gsea-msigdb.org/gsea/msigdb/human/geneset/REACTOME_STIMULI_SENSING_CHANNELS	all excitatory-neuron Bayesian-network genes represented in MSigDB C2:CP	6952	23	52	0		0.0	1.0	1.0	False				
phase18_selenow_excitatory_consensus_v1	MSigDB C2:CP v2026.1 Hs symbols	Excitatory_neurons	REACTOME_SUMOYLATION	https://www.gsea-msigdb.org/gsea/msigdb/human/geneset/REACTOME_SUMOYLATION	all excitatory-neuron Bayesian-network genes represented in MSigDB C2:CP	6952	23	136	0		0.0	1.0	1.0	False				
phase18_selenow_excitatory_consensus_v1	MSigDB C2:CP v2026.1 Hs symbols	Excitatory_neurons	REACTOME_SUMOYLATION_OF_CHROMATIN_ORGANIZATION_PROTEINS	https://www.gsea-msigdb.org/gsea/msigdb/human/geneset/REACTOME_SUMOYLATION_OF_CHROMATIN_ORGANIZATION_PROTEINS	all excitatory-neuron Bayesian-network genes represented in MSigDB C2:CP	6952	23	49	0		0.0	1.0	1.0	False				
phase18_selenow_excitatory_consensus_v1	MSigDB C2:CP v2026.1 Hs symbols	Excitatory_neurons	REACTOME_SUMOYLATION_OF_DNA_DAMAGE_RESPONSE_AND_REPAIR_PROTEINS	https://www.gsea-msigdb.org/gsea/msigdb/human/geneset/REACTOME_SUMOYLATION_OF_DNA_DAMAGE_RESPONSE_AND_REPAIR_PROTEINS	all excitatory-neuron Bayesian-network genes represented in MSigDB C2:CP	6952	23	67	0		0.0	1.0	1.0	False				
phase18_selenow_excitatory_consensus_v1	MSigDB C2:CP v2026.1 Hs symbols	Excitatory_neurons	REACTOME_SUMOYLATION_OF_DNA_REPLICATION_PROTEINS	https://www.gsea-msigdb.org/gsea/msigdb/human/geneset/REACTOME_SUMOYLATION_OF_DNA_REPLICATION_PROTEINS	all excitatory-neuron Bayesian-network genes represented in MSigDB C2:CP	6952	23	38	0		0.0	1.0	1.0	False				
phase18_selenow_excitatory_consensus_v1	MSigDB C2:CP v2026.1 Hs symbols	Excitatory_neurons	REACTOME_SUMOYLATION_OF_INTRACELLULAR_RECEPTORS	https://www.gsea-msigdb.org/gsea/msigdb/human/geneset/REACTOME_SUMOYLATION_OF_INTRACELLULAR_RECEPTORS	all excitatory-neuron Bayesian-network genes represented in MSigDB C2:CP	6952	23	22	0		0.0	1.0	1.0	False				
phase18_selenow_excitatory_consensus_v1	MSigDB C2:CP v2026.1 Hs symbols	Excitatory_neurons	REACTOME_SUMOYLATION_OF_RNA_BINDING_PROTEINS	https://www.gsea-msigdb.org/gsea/msigdb/human/geneset/REACTOME_SUMOYLATION_OF_RNA_BINDING_PROTEINS	all excitatory-neuron Bayesian-network genes represented in MSigDB C2:CP	6952	23	42	0		0.0	1.0	1.0	False				
phase18_selenow_excitatory_consensus_v1	MSigDB C2:CP v2026.1 Hs symbols	Excitatory_neurons	REACTOME_SUMOYLATION_OF_SUMOYLATION_PROTEINS	https://www.gsea-msigdb.org/gsea/msigdb/human/geneset/REACTOME_SUMOYLATION_OF_SUMOYLATION_PROTEINS	all excitatory-neuron Bayesian-network genes represented in MSigDB C2:CP	6952	23	32	0		0.0	1.0	1.0	False				
phase18_selenow_excitatory_consensus_v1	MSigDB C2:CP v2026.1 Hs symbols	Excitatory_neurons	REACTOME_SUMOYLATION_OF_TRANSCRIPTION_COFACTORS	https://www.gsea-msigdb.org/gsea/msigdb/human/geneset/REACTOME_SUMOYLATION_OF_TRANSCRIPTION_COFACTORS	all excitatory-neuron Bayesian-network genes represented in MSigDB C2:CP	6952	23	40	0		0.0	1.0	1.0	False				
phase18_selenow_excitatory_consensus_v1	MSigDB C2:CP v2026.1 Hs symbols	Excitatory_neurons	REACTOME_SUMOYLATION_OF_UBIQUITINYLATION_PROTEINS	https://www.gsea-msigdb.org/gsea/msigdb/human/geneset/REACTOME_SUMOYLATION_OF_UBIQUITINYLATION_PROTEINS	all excitatory-neuron Bayesian-network genes represented in MSigDB C2:CP	6952	23	36	0		0.0	1.0	1.0	False				
phase18_selenow_excitatory_consensus_v1	MSigDB C2:CP v2026.1 Hs symbols	Excitatory_neurons	REACTOME_SYNAPTIC_ADHESION_LIKE_MOLECULES	https://www.gsea-msigdb.org/gsea/msigdb/human/geneset/REACTOME_SYNAPTIC_ADHESION_LIKE_MOLECULES	all excitatory-neuron Bayesian-network genes represented in MSigDB C2:CP	6952	23	16	0		0.0	1.0	1.0	False				
phase18_selenow_excitatory_consensus_v1	MSigDB C2:CP v2026.1 Hs symbols	Excitatory_neurons	REACTOME_SYNTHESIS_OF_ACTIVE_UBIQUITIN_ROLES_OF_E1_AND_E2_ENZYMES	https://www.gsea-msigdb.org/gsea/msigdb/human/geneset/REACTOME_SYNTHESIS_OF_ACTIVE_UBIQUITIN_ROLES_OF_E1_AND_E2_ENZYMES	all excitatory-neuron Bayesian-network genes represented in MSigDB C2:CP	6952	23	28	0		0.0	1.0	1.0	False				
phase18_selenow_excitatory_consensus_v1	MSigDB C2:CP v2026.1 Hs symbols	Excitatory_neurons	REACTOME_SYNTHESIS_OF_BILE_ACIDS_AND_BILE_SALTS	https://www.gsea-msigdb.org/gsea/msigdb/human/geneset/REACTOME_SYNTHESIS_OF_BILE_ACIDS_AND_BILE_SALTS	all excitatory-neuron Bayesian-network genes represented in MSigDB C2:CP	6952	23	16	0		0.0	1.0	1.0	False				
phase18_selenow_excitatory_consensus_v1	MSigDB C2:CP v2026.1 Hs symbols	Excitatory_neurons	REACTOME_SYNTHESIS_OF_IP3_AND_IP4_IN_THE_CYTOSOL	https://www.gsea-msigdb.org/gsea/msigdb/human/geneset/REACTOME_SYNTHESIS_OF_IP3_AND_IP4_IN_THE_CYTOSOL	all excitatory-neuron Bayesian-network genes represented in MSigDB C2:CP	6952	23	16	0		0.0	1.0	1.0	False				
phase18_selenow_excitatory_consensus_v1	MSigDB C2:CP v2026.1 Hs symbols	Excitatory_neurons	REACTOME_SYNTHESIS_OF_PA	https://www.gsea-msigdb.org/gsea/msigdb/human/geneset/REACTOME_SYNTHESIS_OF_PA	all excitatory-neuron Bayesian-network genes represented in MSigDB C2:CP	6952	23	21	0		0.0	1.0	1.0	False				
phase18_selenow_excitatory_consensus_v1	MSigDB C2:CP v2026.1 Hs symbols	Excitatory_neurons	REACTOME_SYNTHESIS_OF_PC	https://www.gsea-msigdb.org/gsea/msigdb/human/geneset/REACTOME_SYNTHESIS_OF_PC	all excitatory-neuron Bayesian-network genes represented in MSigDB C2:CP	6952	23	18	0		0.0	1.0	1.0	False				
phase18_selenow_excitatory_consensus_v1	MSigDB C2:CP v2026.1 Hs symbols	Excitatory_neurons	REACTOME_SYNTHESIS_OF_PIPS_AT_THE_EARLY_ENDOSOME_MEMBRANE	https://www.gsea-msigdb.org/gsea/msigdb/human/geneset/REACTOME_SYNTHESIS_OF_PIPS_AT_THE_EARLY_ENDOSOME_MEMBRANE	all excitatory-neuron Bayesian-network genes represented in MSigDB C2:CP	6952	23	15	0		0.0	1.0	1.0	False				
phase18_selenow_excitatory_consensus_v1	MSigDB C2:CP v2026.1 Hs symbols	Excitatory_neurons	REACTOME_SYNTHESIS_OF_PIPS_AT_THE_PLASMA_MEMBRANE	https://www.gsea-msigdb.org/gsea/msigdb/human/geneset/REACTOME_SYNTHESIS_OF_PIPS_AT_THE_PLASMA_MEMBRANE	all excitatory-neuron Bayesian-network genes represented in MSigDB C2:CP	6952	23	40	0		0.0	1.0	1.0	False				
phase18_selenow_excitatory_consensus_v1	MSigDB C2:CP v2026.1 Hs symbols	Excitatory_neurons	REACTOME_SYNTHESIS_OF_SUBSTRATES_IN_N_GLYCAN_BIOSYTHESIS	https://www.gsea-msigdb.org/gsea/msigdb/human/geneset/REACTOME_SYNTHESIS_OF_SUBSTRATES_IN_N_GLYCAN_BIOSYTHESIS	all excitatory-neuron Bayesian-network genes represented in MSigDB C2:CP	6952	23	40	0		0.0	1.0	1.0	False				
phase18_selenow_excitatory_consensus_v1	MSigDB C2:CP v2026.1 Hs symbols	Excitatory_neurons	REACTOME_TAK1_DEPENDENT_IKK_AND_NF_KAPPA_B_ACTIVATION	https://www.gsea-msigdb.org/gsea/msigdb/human/geneset/REACTOME_TAK1_DEPENDENT_IKK_AND_NF_KAPPA_B_ACTIVATION	all excitatory-neuron Bayesian-network genes represented in MSigDB C2:CP	6952	23	30	0		0.0	1.0	1.0	False				
phase18_selenow_excitatory_consensus_v1	MSigDB C2:CP v2026.1 Hs symbols	Excitatory_neurons	REACTOME_TBC_RABGAPS	https://www.gsea-msigdb.org/gsea/msigdb/human/geneset/REACTOME_TBC_RABGAPS	all excitatory-neuron Bayesian-network genes represented in MSigDB C2:CP	6952	23	36	0		0.0	1.0	1.0	False				
phase18_selenow_excitatory_consensus_v1	MSigDB C2:CP v2026.1 Hs symbols	Excitatory_neurons	REACTOME_TELOMERE_C_STRAND_LAGGING_STRAND_SYNTHESIS	https://www.gsea-msigdb.org/gsea/msigdb/human/geneset/REACTOME_TELOMERE_C_STRAND_LAGGING_STRAND_SYNTHESIS	all excitatory-neuron Bayesian-network genes represented in MSigDB C2:CP	6952	23	25	0		0.0	1.0	1.0	False				
phase18_selenow_excitatory_consensus_v1	MSigDB C2:CP v2026.1 Hs symbols	Excitatory_neurons	REACTOME_TELOMERE_EXTENSION_BY_TELOMERASE	https://www.gsea-msigdb.org/gsea/msigdb/human/geneset/REACTOME_TELOMERE_EXTENSION_BY_TELOMERASE	all excitatory-neuron Bayesian-network genes represented in MSigDB C2:CP	6952	23	15	0		0.0	1.0	1.0	False				
phase18_selenow_excitatory_consensus_v1	MSigDB C2:CP v2026.1 Hs symbols	Excitatory_neurons	REACTOME_TELOMERE_MAINTENANCE	https://www.gsea-msigdb.org/gsea/msigdb/human/geneset/REACTOME_TELOMERE_MAINTENANCE	all excitatory-neuron Bayesian-network genes represented in MSigDB C2:CP	6952	23	48	0		0.0	1.0	1.0	False				
phase18_selenow_excitatory_consensus_v1	MSigDB C2:CP v2026.1 Hs symbols	Excitatory_neurons	REACTOME_TERMINATION_OF_TRANSLESION_DNA_SYNTHESIS	https://www.gsea-msigdb.org/gsea/msigdb/human/geneset/REACTOME_TERMINATION_OF_TRANSLESION_DNA_SYNTHESIS	all excitatory-neuron Bayesian-network genes represented in MSigDB C2:CP	6952	23	25	0		0.0	1.0	1.0	False				
phase18_selenow_excitatory_consensus_v1	MSigDB C2:CP v2026.1 Hs symbols	Excitatory_neurons	REACTOME_TGFBR3_EXPRESSION	https://www.gsea-msigdb.org/gsea/msigdb/human/geneset/REACTOME_TGFBR3_EXPRESSION	all excitatory-neuron Bayesian-network genes represented in MSigDB C2:CP	6952	23	17	0		0.0	1.0	1.0	False				
phase18_selenow_excitatory_consensus_v1	MSigDB C2:CP v2026.1 Hs symbols	Excitatory_neurons	REACTOME_THROMBIN_SIGNALLING_THROUGH_PROTEINASE_ACTIVATED_RECEPTORS_PARS	https://www.gsea-msigdb.org/gsea/msigdb/human/geneset/REACTOME_THROMBIN_SIGNALLING_THROUGH_PROTEINASE_ACTIVATED_RECEPTORS_PARS	all excitatory-neuron Bayesian-network genes represented in MSigDB C2:CP	6952	23	17	0		0.0	1.0	1.0	False				
phase18_selenow_excitatory_consensus_v1	MSigDB C2:CP v2026.1 Hs symbols	Excitatory_neurons	REACTOME_TNFR1_INDUCED_NF_KAPPA_B_SIGNALING_PATHWAY	https://www.gsea-msigdb.org/gsea/msigdb/human/geneset/REACTOME_TNFR1_INDUCED_NF_KAPPA_B_SIGNALING_PATHWAY	all excitatory-neuron Bayesian-network genes represented in MSigDB C2:CP	6952	23	26	0		0.0	1.0	1.0	False				
phase18_selenow_excitatory_consensus_v1	MSigDB C2:CP v2026.1 Hs symbols	Excitatory_neurons	REACTOME_TNFR1_INDUCED_PROAPOPTOTIC_SIGNALING	https://www.gsea-msigdb.org/gsea/msigdb/human/geneset/REACTOME_TNFR1_INDUCED_PROAPOPTOTIC_SIGNALING	all excitatory-neuron Bayesian-network genes represented in MSigDB C2:CP	6952	23	16	0		0.0	1.0	1.0	False				
phase18_selenow_excitatory_consensus_v1	MSigDB C2:CP v2026.1 Hs symbols	Excitatory_neurons	REACTOME_TNF_SIGNALING	https://www.gsea-msigdb.org/gsea/msigdb/human/geneset/REACTOME_TNF_SIGNALING	all excitatory-neuron Bayesian-network genes represented in MSigDB C2:CP	6952	23	46	0		0.0	1.0	1.0	False				
phase18_selenow_excitatory_consensus_v1	MSigDB C2:CP v2026.1 Hs symbols	Excitatory_neurons	REACTOME_TOLL_LIKE_RECEPTOR_9_TLR9_CASCADE	https://www.gsea-msigdb.org/gsea/msigdb/human/geneset/REACTOME_TOLL_LIKE_RECEPTOR_9_TLR9_CASCADE	all excitatory-neuron Bayesian-network genes represented in MSigDB C2:CP	6952	23	74	0		0.0	1.0	1.0	False				
phase18_selenow_excitatory_consensus_v1	MSigDB C2:CP v2026.1 Hs symbols	Excitatory_neurons	REACTOME_TOLL_LIKE_RECEPTOR_CASCADES	https://www.gsea-msigdb.org/gsea/msigdb/human/geneset/REACTOME_TOLL_LIKE_RECEPTOR_CASCADES	all excitatory-neuron Bayesian-network genes represented in MSigDB C2:CP	6952	23	100	0		0.0	1.0	1.0	False				
phase18_selenow_excitatory_consensus_v1	MSigDB C2:CP v2026.1 Hs symbols	Excitatory_neurons	REACTOME_TOLL_LIKE_RECEPTOR_TLR1_TLR2_CASCADE	https://www.gsea-msigdb.org/gsea/msigdb/human/geneset/REACTOME_TOLL_LIKE_RECEPTOR_TLR1_TLR2_CASCADE	all excitatory-neuron Bayesian-network genes represented in MSigDB C2:CP	6952	23	72	0		0.0	1.0	1.0	False				
phase18_selenow_excitatory_consensus_v1	MSigDB C2:CP v2026.1 Hs symbols	Excitatory_neurons	REACTOME_TP53_REGULATES_TRANSCRIPTION_OF_CELL_CYCLE_GENES	https://www.gsea-msigdb.org/gsea/msigdb/human/geneset/REACTOME_TP53_REGULATES_TRANSCRIPTION_OF_CELL_CYCLE_GENES	all excitatory-neuron Bayesian-network genes represented in MSigDB C2:CP	6952	23	27	0		0.0	1.0	1.0	False				
phase18_selenow_excitatory_consensus_v1	MSigDB C2:CP v2026.1 Hs symbols	Excitatory_neurons	REACTOME_TP53_REGULATES_TRANSCRIPTION_OF_DNA_REPAIR_GENES	https://www.gsea-msigdb.org/gsea/msigdb/human/geneset/REACTOME_TP53_REGULATES_TRANSCRIPTION_OF_DNA_REPAIR_GENES	all excitatory-neuron Bayesian-network genes represented in MSigDB C2:CP	6952	23	55	0		0.0	1.0	1.0	False				
phase18_selenow_excitatory_consensus_v1	MSigDB C2:CP v2026.1 Hs symbols	Excitatory_neurons	REACTOME_TRAF6_MEDIATED_NF_KB_ACTIVATION	https://www.gsea-msigdb.org/gsea/msigdb/human/geneset/REACTOME_TRAF6_MEDIATED_NF_KB_ACTIVATION	all excitatory-neuron Bayesian-network genes represented in MSigDB C2:CP	6952	23	17	0		0.0	1.0	1.0	False				
phase18_selenow_excitatory_consensus_v1	MSigDB C2:CP v2026.1 Hs symbols	Excitatory_neurons	REACTOME_TRAFFICKING_OF_AMPA_RECEPTORS	https://www.gsea-msigdb.org/gsea/msigdb/human/geneset/REACTOME_TRAFFICKING_OF_AMPA_RECEPTORS	all excitatory-neuron Bayesian-network genes represented in MSigDB C2:CP	6952	23	23	0		0.0	1.0	1.0	False				
phase18_selenow_excitatory_consensus_v1	MSigDB C2:CP v2026.1 Hs symbols	Excitatory_neurons	REACTOME_TRANSCRIPTIONAL_ACTIVATION_OF_MITOCHONDRIAL_BIOGENESIS	https://www.gsea-msigdb.org/gsea/msigdb/human/geneset/REACTOME_TRANSCRIPTIONAL_ACTIVATION_OF_MITOCHONDRIAL_BIOGENESIS	all excitatory-neuron Bayesian-network genes represented in MSigDB C2:CP	6952	23	47	0		0.0	1.0	1.0	False				
phase18_selenow_excitatory_consensus_v1	MSigDB C2:CP v2026.1 Hs symbols	Excitatory_neurons	REACTOME_TRANSCRIPTIONAL_ACTIVITY_OF_SMAD2_SMAD3_SMAD4_HETEROTRIMER	https://www.gsea-msigdb.org/gsea/msigdb/human/geneset/REACTOME_TRANSCRIPTIONAL_ACTIVITY_OF_SMAD2_SMAD3_SMAD4_HETEROTRIMER	all excitatory-neuron Bayesian-network genes represented in MSigDB C2:CP	6952	23	42	0		0.0	1.0	1.0	False				
phase18_selenow_excitatory_consensus_v1	MSigDB C2:CP v2026.1 Hs symbols	Excitatory_neurons	REACTOME_TRANSCRIPTIONAL_AND_POST_TRANSLATIONAL_REGULATION_OF_MITF_M_EXPRESSION_AND_ACTIVITY	https://www.gsea-msigdb.org/gsea/msigdb/human/geneset/REACTOME_TRANSCRIPTIONAL_AND_POST_TRANSLATIONAL_REGULATION_OF_MITF_M_EXPRESSION_AND_ACTIVITY	all excitatory-neuron Bayesian-network genes represented in MSigDB C2:CP	6952	23	23	0		0.0	1.0	1.0	False				
phase18_selenow_excitatory_consensus_v1	MSigDB C2:CP v2026.1 Hs symbols	Excitatory_neurons	REACTOME_TRANSCRIPTIONAL_REGULATION_BY_E2F6	https://www.gsea-msigdb.org/gsea/msigdb/human/geneset/REACTOME_TRANSCRIPTIONAL_REGULATION_BY_E2F6	all excitatory-neuron Bayesian-network genes represented in MSigDB C2:CP	6952	23	29	0		0.0	1.0	1.0	False				
phase18_selenow_excitatory_consensus_v1	MSigDB C2:CP v2026.1 Hs symbols	Excitatory_neurons	REACTOME_TRANSCRIPTIONAL_REGULATION_BY_MECP2	https://www.gsea-msigdb.org/gsea/msigdb/human/geneset/REACTOME_TRANSCRIPTIONAL_REGULATION_BY_MECP2	all excitatory-neuron Bayesian-network genes represented in MSigDB C2:CP	6952	23	44	0		0.0	1.0	1.0	False				
phase18_selenow_excitatory_consensus_v1	MSigDB C2:CP v2026.1 Hs symbols	Excitatory_neurons	REACTOME_TRANSCRIPTIONAL_REGULATION_BY_NPAS4	https://www.gsea-msigdb.org/gsea/msigdb/human/geneset/REACTOME_TRANSCRIPTIONAL_REGULATION_BY_NPAS4	all excitatory-neuron Bayesian-network genes represented in MSigDB C2:CP	6952	23	24	0		0.0	1.0	1.0	False				
phase18_selenow_excitatory_consensus_v1	MSigDB C2:CP v2026.1 Hs symbols	Excitatory_neurons	REACTOME_TRANSCRIPTIONAL_REGULATION_BY_SMALL_RNAS	https://www.gsea-msigdb.org/gsea/msigdb/human/geneset/REACTOME_TRANSCRIPTIONAL_REGULATION_BY_SMALL_RNAS	all excitatory-neuron Bayesian-network genes represented in MSigDB C2:CP	6952	23	16	0		0.0	1.0	1.0	False				
phase18_selenow_excitatory_consensus_v1	MSigDB C2:CP v2026.1 Hs symbols	Excitatory_neurons	REACTOME_TRANSCRIPTIONAL_REGULATION_BY_THE_AP_2_TFAP2_FAMILY_OF_TRANSCRIPTION_FACTORS	https://www.gsea-msigdb.org/gsea/msigdb/human/geneset/REACTOME_TRANSCRIPTIONAL_REGULATION_BY_THE_AP_2_TFAP2_FAMILY_OF_TRANSCRIPTION_FACTORS	all excitatory-neuron Bayesian-network genes represented in MSigDB C2:CP	6952	23	16	0		0.0	1.0	1.0	False				
phase18_selenow_excitatory_consensus_v1	MSigDB C2:CP v2026.1 Hs symbols	Excitatory_neurons	REACTOME_TRANSCRIPTIONAL_REGULATION_BY_VENTX	https://www.gsea-msigdb.org/gsea/msigdb/human/geneset/REACTOME_TRANSCRIPTIONAL_REGULATION_BY_VENTX	all excitatory-neuron Bayesian-network genes represented in MSigDB C2:CP	6952	23	28	0		0.0	1.0	1.0	False				
phase18_selenow_excitatory_consensus_v1	MSigDB C2:CP v2026.1 Hs symbols	Excitatory_neurons	REACTOME_TRANSCRIPTIONAL_REGULATION_OF_BROWN_AND_BEIGE_ADIPOCYTE_DIFFERENTIATION	https://www.gsea-msigdb.org/gsea/msigdb/human/geneset/REACTOME_TRANSCRIPTIONAL_REGULATION_OF_BROWN_AND_BEIGE_ADIPOCYTE_DIFFERENTIATION	all excitatory-neuron Bayesian-network genes represented in MSigDB C2:CP	6952	23	18	0		0.0	1.0	1.0	False				
phase18_selenow_excitatory_consensus_v1	MSigDB C2:CP v2026.1 Hs symbols	Excitatory_neurons	REACTOME_TRANSCRIPTIONAL_REGULATION_OF_WHITE_ADIPOCYTE_DIFFERENTIATION	https://www.gsea-msigdb.org/gsea/msigdb/human/geneset/REACTOME_TRANSCRIPTIONAL_REGULATION_OF_WHITE_ADIPOCYTE_DIFFERENTIATION	all excitatory-neuron Bayesian-network genes represented in MSigDB C2:CP	6952	23	56	0		0.0	1.0	1.0	False				
phase18_selenow_excitatory_consensus_v1	MSigDB C2:CP v2026.1 Hs symbols	Excitatory_neurons	REACTOME_TRANSCRIPTION_COUPLED_NUCLEOTIDE_EXCISION_REPAIR_TC_NER	https://www.gsea-msigdb.org/gsea/msigdb/human/geneset/REACTOME_TRANSCRIPTION_COUPLED_NUCLEOTIDE_EXCISION_REPAIR_TC_NER	all excitatory-neuron Bayesian-network genes represented in MSigDB C2:CP	6952	23	68	0		0.0	1.0	1.0	False				
phase18_selenow_excitatory_consensus_v1	MSigDB C2:CP v2026.1 Hs symbols	Excitatory_neurons	REACTOME_TRANSCRIPTION_OF_THE_HIV_GENOME	https://www.gsea-msigdb.org/gsea/msigdb/human/geneset/REACTOME_TRANSCRIPTION_OF_THE_HIV_GENOME	all excitatory-neuron Bayesian-network genes represented in MSigDB C2:CP	6952	23	65	0		0.0	1.0	1.0	False				
phase18_selenow_excitatory_consensus_v1	MSigDB C2:CP v2026.1 Hs symbols	Excitatory_neurons	REACTOME_TRANSFERRIN_ENDOCYTOSIS_AND_RECYCLING	https://www.gsea-msigdb.org/gsea/msigdb/human/geneset/REACTOME_TRANSFERRIN_ENDOCYTOSIS_AND_RECYCLING	all excitatory-neuron Bayesian-network genes represented in MSigDB C2:CP	6952	23	19	0		0.0	1.0	1.0	False				
phase18_selenow_excitatory_consensus_v1	MSigDB C2:CP v2026.1 Hs symbols	Excitatory_neurons	REACTOME_TRANSLATION_OF_SARS_COV_1_STRUCTURAL_PROTEINS	https://www.gsea-msigdb.org/gsea/msigdb/human/geneset/REACTOME_TRANSLATION_OF_SARS_COV_1_STRUCTURAL_PROTEINS	all excitatory-neuron Bayesian-network genes represented in MSigDB C2:CP	6952	23	20	0		0.0	1.0	1.0	False				
phase18_selenow_excitatory_consensus_v1	MSigDB C2:CP v2026.1 Hs symbols	Excitatory_neurons	REACTOME_TRANSLATION_OF_SARS_COV_2_STRUCTURAL_PROTEINS	https://www.gsea-msigdb.org/gsea/msigdb/human/geneset/REACTOME_TRANSLATION_OF_SARS_COV_2_STRUCTURAL_PROTEINS	all excitatory-neuron Bayesian-network genes represented in MSigDB C2:CP	6952	23	50	0		0.0	1.0	1.0	False				
phase18_selenow_excitatory_consensus_v1	MSigDB C2:CP v2026.1 Hs symbols	Excitatory_neurons	REACTOME_TRANSLESION_SYNTHESIS_BY_POLH	https://www.gsea-msigdb.org/gsea/msigdb/human/geneset/REACTOME_TRANSLESION_SYNTHESIS_BY_POLH	all excitatory-neuron Bayesian-network genes represented in MSigDB C2:CP	6952	23	18	0		0.0	1.0	1.0	False				
phase18_selenow_excitatory_consensus_v1	MSigDB C2:CP v2026.1 Hs symbols	Excitatory_neurons	REACTOME_TRANSLESION_SYNTHESIS_BY_POLK	https://www.gsea-msigdb.org/gsea/msigdb/human/geneset/REACTOME_TRANSLESION_SYNTHESIS_BY_POLK	all excitatory-neuron Bayesian-network genes represented in MSigDB C2:CP	6952	23	15	0		0.0	1.0	1.0	False				
phase18_selenow_excitatory_consensus_v1	MSigDB C2:CP v2026.1 Hs symbols	Excitatory_neurons	REACTOME_TRANSLESION_SYNTHESIS_BY_Y_FAMILY_DNA_POLYMERASES_BYPASSES_LESIONS_ON_DNA_TEMPLATE	https://www.gsea-msigdb.org/gsea/msigdb/human/geneset/REACTOME_TRANSLESION_SYNTHESIS_BY_Y_FAMILY_DNA_POLYMERASES_BYPASSES_LESIONS_ON_DNA_TEMPLATE	all excitatory-neuron Bayesian-network genes represented in MSigDB C2:CP	6952	23	31	0		0.0	1.0	1.0	False				
phase18_selenow_excitatory_consensus_v1	MSigDB C2:CP v2026.1 Hs symbols	Excitatory_neurons	REACTOME_TRANSLOCATION_OF_SLC2A4_GLUT4_TO_THE_PLASMA_MEMBRANE	https://www.gsea-msigdb.org/gsea/msigdb/human/geneset/REACTOME_TRANSLOCATION_OF_SLC2A4_GLUT4_TO_THE_PLASMA_MEMBRANE	all excitatory-neuron Bayesian-network genes represented in MSigDB C2:CP	6952	23	55	0		0.0	1.0	1.0	False				
phase18_selenow_excitatory_consensus_v1	MSigDB C2:CP v2026.1 Hs symbols	Excitatory_neurons	REACTOME_TRANSMISSION_ACROSS_CHEMICAL_SYNAPSES	https://www.gsea-msigdb.org/gsea/msigdb/human/geneset/REACTOME_TRANSMISSION_ACROSS_CHEMICAL_SYNAPSES	all excitatory-neuron Bayesian-network genes represented in MSigDB C2:CP	6952	23	164	0		0.0	1.0	1.0	False				
phase18_selenow_excitatory_consensus_v1	MSigDB C2:CP v2026.1 Hs symbols	Excitatory_neurons	REACTOME_TRANSPORT_OF_MATURE_MRNAS_DERIVED_FROM_INTRONLESS_TRANSCRIPTS	https://www.gsea-msigdb.org/gsea/msigdb/human/geneset/REACTOME_TRANSPORT_OF_MATURE_MRNAS_DERIVED_FROM_INTRONLESS_TRANSCRIPTS	all excitatory-neuron Bayesian-network genes represented in MSigDB C2:CP	6952	23	38	0		0.0	1.0	1.0	False				
phase18_selenow_excitatory_consensus_v1	MSigDB C2:CP v2026.1 Hs symbols	Excitatory_neurons	REACTOME_TRANSPORT_OF_MATURE_TRANSCRIPT_TO_CYTOPLASM	https://www.gsea-msigdb.org/gsea/msigdb/human/geneset/REACTOME_TRANSPORT_OF_MATURE_TRANSCRIPT_TO_CYTOPLASM	all excitatory-neuron Bayesian-network genes represented in MSigDB C2:CP	6952	23	68	0		0.0	1.0	1.0	False				
phase18_selenow_excitatory_consensus_v1	MSigDB C2:CP v2026.1 Hs symbols	Excitatory_neurons	REACTOME_TRANSPORT_OF_THE_SLBP_DEPENDANT_MATURE_MRNA	https://www.gsea-msigdb.org/gsea/msigdb/human/geneset/REACTOME_TRANSPORT_OF_THE_SLBP_DEPENDANT_MATURE_MRNA	all excitatory-neuron Bayesian-network genes represented in MSigDB C2:CP	6952	23	32	0		0.0	1.0	1.0	False				
phase18_selenow_excitatory_consensus_v1	MSigDB C2:CP v2026.1 Hs symbols	Excitatory_neurons	REACTOME_TRANSPORT_TO_THE_GOLGI_AND_SUBSEQUENT_MODIFICATION	https://www.gsea-msigdb.org/gsea/msigdb/human/geneset/REACTOME_TRANSPORT_TO_THE_GOLGI_AND_SUBSEQUENT_MODIFICATION	all excitatory-neuron Bayesian-network genes represented in MSigDB C2:CP	6952	23	142	0		0.0	1.0	1.0	False				
phase18_selenow_excitatory_consensus_v1	MSigDB C2:CP v2026.1 Hs symbols	Excitatory_neurons	REACTOME_TRIGLYCERIDE_METABOLISM	https://www.gsea-msigdb.org/gsea/msigdb/human/geneset/REACTOME_TRIGLYCERIDE_METABOLISM	all excitatory-neuron Bayesian-network genes represented in MSigDB C2:CP	6952	23	16	0		0.0	1.0	1.0	False				
phase18_selenow_excitatory_consensus_v1	MSigDB C2:CP v2026.1 Hs symbols	Excitatory_neurons	REACTOME_TRNA_AMINOACYLATION	https://www.gsea-msigdb.org/gsea/msigdb/human/geneset/REACTOME_TRNA_AMINOACYLATION	all excitatory-neuron Bayesian-network genes represented in MSigDB C2:CP	6952	23	19	0		0.0	1.0	1.0	False				
phase18_selenow_excitatory_consensus_v1	MSigDB C2:CP v2026.1 Hs symbols	Excitatory_neurons	REACTOME_TRNA_PROCESSING_IN_THE_NUCLEUS	https://www.gsea-msigdb.org/gsea/msigdb/human/geneset/REACTOME_TRNA_PROCESSING_IN_THE_NUCLEUS	all excitatory-neuron Bayesian-network genes represented in MSigDB C2:CP	6952	23	50	0		0.0	1.0	1.0	False				
phase18_selenow_excitatory_consensus_v1	MSigDB C2:CP v2026.1 Hs symbols	Excitatory_neurons	REACTOME_TURBULENT_OSCILLATORY_DISTURBED_FLOW_SHEAR_STRESS_ACTIVATES_SIGNALING_BY_PIEZO1_AND_INTEGRINS_IN_ENDOTHELIAL_CELLS	https://www.gsea-msigdb.org/gsea/msigdb/human/geneset/REACTOME_TURBULENT_OSCILLATORY_DISTURBED_FLOW_SHEAR_STRESS_ACTIVATES_SIGNALING_BY_PIEZO1_AND_INTEGRINS_IN_ENDOTHELIAL_CELLS	all excitatory-neuron Bayesian-network genes represented in MSigDB C2:CP	6952	23	21	0		0.0	1.0	1.0	False				
phase18_selenow_excitatory_consensus_v1	MSigDB C2:CP v2026.1 Hs symbols	Excitatory_neurons	REACTOME_UPTAKE_AND_ACTIONS_OF_BACTERIAL_TOXINS	https://www.gsea-msigdb.org/gsea/msigdb/human/geneset/REACTOME_UPTAKE_AND_ACTIONS_OF_BACTERIAL_TOXINS	all excitatory-neuron Bayesian-network genes represented in MSigDB C2:CP	6952	23	22	0		0.0	1.0	1.0	False				
phase18_selenow_excitatory_consensus_v1	MSigDB C2:CP v2026.1 Hs symbols	Excitatory_neurons	REACTOME_VASOPRESSIN_REGULATES_RENAL_WATER_HOMEOSTASIS_VIA_AQUAPORINS	https://www.gsea-msigdb.org/gsea/msigdb/human/geneset/REACTOME_VASOPRESSIN_REGULATES_RENAL_WATER_HOMEOSTASIS_VIA_AQUAPORINS	all excitatory-neuron Bayesian-network genes represented in MSigDB C2:CP	6952	23	22	0		0.0	1.0	1.0	False				
phase18_selenow_excitatory_consensus_v1	MSigDB C2:CP v2026.1 Hs symbols	Excitatory_neurons	REACTOME_VEGFR2_MEDIATED_CELL_PROLIFERATION	https://www.gsea-msigdb.org/gsea/msigdb/human/geneset/REACTOME_VEGFR2_MEDIATED_CELL_PROLIFERATION	all excitatory-neuron Bayesian-network genes represented in MSigDB C2:CP	6952	23	15	0		0.0	1.0	1.0	False				
phase18_selenow_excitatory_consensus_v1	MSigDB C2:CP v2026.1 Hs symbols	Excitatory_neurons	REACTOME_VEGFR2_MEDIATED_VASCULAR_PERMEABILITY	https://www.gsea-msigdb.org/gsea/msigdb/human/geneset/REACTOME_VEGFR2_MEDIATED_VASCULAR_PERMEABILITY	all excitatory-neuron Bayesian-network genes represented in MSigDB C2:CP	6952	23	20	0		0.0	1.0	1.0	False				
phase18_selenow_excitatory_consensus_v1	MSigDB C2:CP v2026.1 Hs symbols	Excitatory_neurons	REACTOME_VIRAL_MESSENGER_RNA_SYNTHESIS	https://www.gsea-msigdb.org/gsea/msigdb/human/geneset/REACTOME_VIRAL_MESSENGER_RNA_SYNTHESIS	all excitatory-neuron Bayesian-network genes represented in MSigDB C2:CP	6952	23	40	0		0.0	1.0	1.0	False				
phase18_selenow_excitatory_consensus_v1	MSigDB C2:CP v2026.1 Hs symbols	Excitatory_neurons	REACTOME_VISUAL_PHOTOTRANSDUCTION	https://www.gsea-msigdb.org/gsea/msigdb/human/geneset/REACTOME_VISUAL_PHOTOTRANSDUCTION	all excitatory-neuron Bayesian-network genes represented in MSigDB C2:CP	6952	23	23	0		0.0	1.0	1.0	False				
phase18_selenow_excitatory_consensus_v1	MSigDB C2:CP v2026.1 Hs symbols	Excitatory_neurons	REACTOME_VLDLR_INTERNALISATION_AND_DEGRADATION	https://www.gsea-msigdb.org/gsea/msigdb/human/geneset/REACTOME_VLDLR_INTERNALISATION_AND_DEGRADATION	all excitatory-neuron Bayesian-network genes represented in MSigDB C2:CP	6952	23	15	0		0.0	1.0	1.0	False				
phase18_selenow_excitatory_consensus_v1	MSigDB C2:CP v2026.1 Hs symbols	Excitatory_neurons	REACTOME_VOLTAGE_GATED_POTASSIUM_CHANNELS	https://www.gsea-msigdb.org/gsea/msigdb/human/geneset/REACTOME_VOLTAGE_GATED_POTASSIUM_CHANNELS	all excitatory-neuron Bayesian-network genes represented in MSigDB C2:CP	6952	23	19	0		0.0	1.0	1.0	False				
phase18_selenow_excitatory_consensus_v1	MSigDB C2:CP v2026.1 Hs symbols	Excitatory_neurons	REACTOME_VXPX_CARGO_TARGETING_TO_CILIUM	https://www.gsea-msigdb.org/gsea/msigdb/human/geneset/REACTOME_VXPX_CARGO_TARGETING_TO_CILIUM	all excitatory-neuron Bayesian-network genes represented in MSigDB C2:CP	6952	23	17	0		0.0	1.0	1.0	False				
phase18_selenow_excitatory_consensus_v1	MSigDB C2:CP v2026.1 Hs symbols	Excitatory_neurons	SA_B_CELL_RECEPTOR_COMPLEXES	https://www.gsea-msigdb.org/gsea/msigdb/human/geneset/SA_B_CELL_RECEPTOR_COMPLEXES	all excitatory-neuron Bayesian-network genes represented in MSigDB C2:CP	6952	23	15	0		0.0	1.0	1.0	False				
phase18_selenow_excitatory_consensus_v1	MSigDB C2:CP v2026.1 Hs symbols	Excitatory_neurons	SA_PTEN_PATHWAY	https://www.gsea-msigdb.org/gsea/msigdb/human/geneset/SA_PTEN_PATHWAY	all excitatory-neuron Bayesian-network genes represented in MSigDB C2:CP	6952	23	16	0		0.0	1.0	1.0	False				
phase18_selenow_excitatory_consensus_v1	MSigDB C2:CP v2026.1 Hs symbols	Excitatory_neurons	SIG_BCR_SIGNALING_PATHWAY	https://www.gsea-msigdb.org/gsea/msigdb/human/geneset/SIG_BCR_SIGNALING_PATHWAY	all excitatory-neuron Bayesian-network genes represented in MSigDB C2:CP	6952	23	30	0		0.0	1.0	1.0	False				
phase18_selenow_excitatory_consensus_v1	MSigDB C2:CP v2026.1 Hs symbols	Excitatory_neurons	SIG_CD40PATHWAYMAP	https://www.gsea-msigdb.org/gsea/msigdb/human/geneset/SIG_CD40PATHWAYMAP	all excitatory-neuron Bayesian-network genes represented in MSigDB C2:CP	6952	23	30	0		0.0	1.0	1.0	False				
phase18_selenow_excitatory_consensus_v1	MSigDB C2:CP v2026.1 Hs symbols	Excitatory_neurons	SIG_CHEMOTAXIS	https://www.gsea-msigdb.org/gsea/msigdb/human/geneset/SIG_CHEMOTAXIS	all excitatory-neuron Bayesian-network genes represented in MSigDB C2:CP	6952	23	33	0		0.0	1.0	1.0	False				
phase18_selenow_excitatory_consensus_v1	MSigDB C2:CP v2026.1 Hs symbols	Excitatory_neurons	SIG_IL4RECEPTOR_IN_B_LYPHOCYTES	https://www.gsea-msigdb.org/gsea/msigdb/human/geneset/SIG_IL4RECEPTOR_IN_B_LYPHOCYTES	all excitatory-neuron Bayesian-network genes represented in MSigDB C2:CP	6952	23	23	0		0.0	1.0	1.0	False				
phase18_selenow_excitatory_consensus_v1	MSigDB C2:CP v2026.1 Hs symbols	Excitatory_neurons	SIG_INSULIN_RECEPTOR_PATHWAY_IN_CARDIAC_MYOCYTES	https://www.gsea-msigdb.org/gsea/msigdb/human/geneset/SIG_INSULIN_RECEPTOR_PATHWAY_IN_CARDIAC_MYOCYTES	all excitatory-neuron Bayesian-network genes represented in MSigDB C2:CP	6952	23	41	0		0.0	1.0	1.0	False				
phase18_selenow_excitatory_consensus_v1	MSigDB C2:CP v2026.1 Hs symbols	Excitatory_neurons	SIG_PIP3_SIGNALING_IN_B_LYMPHOCYTES	https://www.gsea-msigdb.org/gsea/msigdb/human/geneset/SIG_PIP3_SIGNALING_IN_B_LYMPHOCYTES	all excitatory-neuron Bayesian-network genes represented in MSigDB C2:CP	6952	23	20	0		0.0	1.0	1.0	False				
phase18_selenow_excitatory_consensus_v1	MSigDB C2:CP v2026.1 Hs symbols	Excitatory_neurons	SIG_PIP3_SIGNALING_IN_CARDIAC_MYOCTES	https://www.gsea-msigdb.org/gsea/msigdb/human/geneset/SIG_PIP3_SIGNALING_IN_CARDIAC_MYOCTES	all excitatory-neuron Bayesian-network genes represented in MSigDB C2:CP	6952	23	50	0		0.0	1.0	1.0	False				
phase18_selenow_excitatory_consensus_v1	MSigDB C2:CP v2026.1 Hs symbols	Excitatory_neurons	SIG_REGULATION_OF_THE_ACTIN_CYTOSKELETON_BY_RHO_GTPASES	https://www.gsea-msigdb.org/gsea/msigdb/human/geneset/SIG_REGULATION_OF_THE_ACTIN_CYTOSKELETON_BY_RHO_GTPASES	all excitatory-neuron Bayesian-network genes represented in MSigDB C2:CP	6952	23	26	0		0.0	1.0	1.0	False				
phase18_selenow_excitatory_consensus_v1	MSigDB C2:CP v2026.1 Hs symbols	Excitatory_neurons	WNT_SIGNALING	https://www.gsea-msigdb.org/gsea/msigdb/human/geneset/WNT_SIGNALING	all excitatory-neuron Bayesian-network genes represented in MSigDB C2:CP	6952	23	43	0		0.0	1.0	1.0	False				
phase18_selenow_excitatory_consensus_v1	MSigDB C2:CP v2026.1 Hs symbols	Excitatory_neurons	WP_10Q1121Q1123_COPY_NUMBER_VARIATION_SYNDROME	https://www.gsea-msigdb.org/gsea/msigdb/human/geneset/WP_10Q1121Q1123_COPY_NUMBER_VARIATION_SYNDROME	all excitatory-neuron Bayesian-network genes represented in MSigDB C2:CP	6952	23	38	0		0.0	1.0	1.0	False				
phase18_selenow_excitatory_consensus_v1	MSigDB C2:CP v2026.1 Hs symbols	Excitatory_neurons	WP_10Q22Q23_COPY_NUMBER_VARIATION	https://www.gsea-msigdb.org/gsea/msigdb/human/geneset/WP_10Q22Q23_COPY_NUMBER_VARIATION	all excitatory-neuron Bayesian-network genes represented in MSigDB C2:CP	6952	23	28	0		0.0	1.0	1.0	False				
phase18_selenow_excitatory_consensus_v1	MSigDB C2:CP v2026.1 Hs symbols	Excitatory_neurons	WP_11P112_COPY_NUMBER_VARIATION_SYNDROME	https://www.gsea-msigdb.org/gsea/msigdb/human/geneset/WP_11P112_COPY_NUMBER_VARIATION_SYNDROME	all excitatory-neuron Bayesian-network genes represented in MSigDB C2:CP	6952	23	23	0		0.0	1.0	1.0	False				
phase18_selenow_excitatory_consensus_v1	MSigDB C2:CP v2026.1 Hs symbols	Excitatory_neurons	WP_13Q1212_COPY_NUMBER_VARIATION	https://www.gsea-msigdb.org/gsea/msigdb/human/geneset/WP_13Q1212_COPY_NUMBER_VARIATION	all excitatory-neuron Bayesian-network genes represented in MSigDB C2:CP	6952	23	20	0		0.0	1.0	1.0	False				
phase18_selenow_excitatory_consensus_v1	MSigDB C2:CP v2026.1 Hs symbols	Excitatory_neurons	WP_15Q11Q13_COPY_NUMBER_VARIATION	https://www.gsea-msigdb.org/gsea/msigdb/human/geneset/WP_15Q11Q13_COPY_NUMBER_VARIATION	all excitatory-neuron Bayesian-network genes represented in MSigDB C2:CP	6952	23	31	0		0.0	1.0	1.0	False				
phase18_selenow_excitatory_consensus_v1	MSigDB C2:CP v2026.1 Hs symbols	Excitatory_neurons	WP_15Q25_COPY_NUMBER_VARIATION	https://www.gsea-msigdb.org/gsea/msigdb/human/geneset/WP_15Q25_COPY_NUMBER_VARIATION	all excitatory-neuron Bayesian-network genes represented in MSigDB C2:CP	6952	23	34	0		0.0	1.0	1.0	False				
phase18_selenow_excitatory_consensus_v1	MSigDB C2:CP v2026.1 Hs symbols	Excitatory_neurons	WP_16P112_DISTAL_DELETION_SYNDROME	https://www.gsea-msigdb.org/gsea/msigdb/human/geneset/WP_16P112_DISTAL_DELETION_SYNDROME	all excitatory-neuron Bayesian-network genes represented in MSigDB C2:CP	6952	23	17	0		0.0	1.0	1.0	False				
phase18_selenow_excitatory_consensus_v1	MSigDB C2:CP v2026.1 Hs symbols	Excitatory_neurons	WP_16P112_PROXIMAL_DELETION_SYNDROME	https://www.gsea-msigdb.org/gsea/msigdb/human/geneset/WP_16P112_PROXIMAL_DELETION_SYNDROME	all excitatory-neuron Bayesian-network genes represented in MSigDB C2:CP	6952	23	52	0		0.0	1.0	1.0	False				
phase18_selenow_excitatory_consensus_v1	MSigDB C2:CP v2026.1 Hs symbols	Excitatory_neurons	WP_16P1311_COPY_NUMBER_VARIATION_SYNDROME	https://www.gsea-msigdb.org/gsea/msigdb/human/geneset/WP_16P1311_COPY_NUMBER_VARIATION_SYNDROME	all excitatory-neuron Bayesian-network genes represented in MSigDB C2:CP	6952	23	19	0		0.0	1.0	1.0	False				
phase18_selenow_excitatory_consensus_v1	MSigDB C2:CP v2026.1 Hs symbols	Excitatory_neurons	WP_17P133_YWHAE_COPY_NUMBER_VARIATION	https://www.gsea-msigdb.org/gsea/msigdb/human/geneset/WP_17P133_YWHAE_COPY_NUMBER_VARIATION	all excitatory-neuron Bayesian-network genes represented in MSigDB C2:CP	6952	23	16	0		0.0	1.0	1.0	False				
phase18_selenow_excitatory_consensus_v1	MSigDB C2:CP v2026.1 Hs symbols	Excitatory_neurons	WP_1P36_COPY_NUMBER_VARIATION_SYNDROME	https://www.gsea-msigdb.org/gsea/msigdb/human/geneset/WP_1P36_COPY_NUMBER_VARIATION_SYNDROME	all excitatory-neuron Bayesian-network genes represented in MSigDB C2:CP	6952	23	65	0		0.0	1.0	1.0	False				
phase18_selenow_excitatory_consensus_v1	MSigDB C2:CP v2026.1 Hs symbols	Excitatory_neurons	WP_1Q211_COPY_NUMBER_VARIATION_SYNDROME	https://www.gsea-msigdb.org/gsea/msigdb/human/geneset/WP_1Q211_COPY_NUMBER_VARIATION_SYNDROME	all excitatory-neuron Bayesian-network genes represented in MSigDB C2:CP	6952	23	16	0		0.0	1.0	1.0	False				
phase18_selenow_excitatory_consensus_v1	MSigDB C2:CP v2026.1 Hs symbols	Excitatory_neurons	WP_22Q112_COPY_NUMBER_VARIATION_SYNDROME	https://www.gsea-msigdb.org/gsea/msigdb/human/geneset/WP_22Q112_COPY_NUMBER_VARIATION_SYNDROME	all excitatory-neuron Bayesian-network genes represented in MSigDB C2:CP	6952	23	59	0		0.0	1.0	1.0	False				
phase18_selenow_excitatory_consensus_v1	MSigDB C2:CP v2026.1 Hs symbols	Excitatory_neurons	WP_22Q112_DISTAL_CNV	https://www.gsea-msigdb.org/gsea/msigdb/human/geneset/WP_22Q112_DISTAL_CNV	all excitatory-neuron Bayesian-network genes represented in MSigDB C2:CP	6952	23	111	0		0.0	1.0	1.0	False				
phase18_selenow_excitatory_consensus_v1	MSigDB C2:CP v2026.1 Hs symbols	Excitatory_neurons	WP_2Q112_COPY_NUMBER_VARIATION_SYNDROME	https://www.gsea-msigdb.org/gsea/msigdb/human/geneset/WP_2Q112_COPY_NUMBER_VARIATION_SYNDROME	all excitatory-neuron Bayesian-network genes represented in MSigDB C2:CP	6952	23	18	0		0.0	1.0	1.0	False				
phase18_selenow_excitatory_consensus_v1	MSigDB C2:CP v2026.1 Hs symbols	Excitatory_neurons	WP_2Q13_COPY_NUMBER_VARIATION_SYNDROME	https://www.gsea-msigdb.org/gsea/msigdb/human/geneset/WP_2Q13_COPY_NUMBER_VARIATION_SYNDROME	all excitatory-neuron Bayesian-network genes represented in MSigDB C2:CP	6952	23	26	0		0.0	1.0	1.0	False				
phase18_selenow_excitatory_consensus_v1	MSigDB C2:CP v2026.1 Hs symbols	Excitatory_neurons	WP_2Q37_COPY_NUMBER_VARIATION_SYNDROME	https://www.gsea-msigdb.org/gsea/msigdb/human/geneset/WP_2Q37_COPY_NUMBER_VARIATION_SYNDROME	all excitatory-neuron Bayesian-network genes represented in MSigDB C2:CP	6952	23	65	0		0.0	1.0	1.0	False				
phase18_selenow_excitatory_consensus_v1	MSigDB C2:CP v2026.1 Hs symbols	Excitatory_neurons	WP_3Q29_COPY_NUMBER_VARIATION_SYNDROME	https://www.gsea-msigdb.org/gsea/msigdb/human/geneset/WP_3Q29_COPY_NUMBER_VARIATION_SYNDROME	all excitatory-neuron Bayesian-network genes represented in MSigDB C2:CP	6952	23	41	0		0.0	1.0	1.0	False				
phase18_selenow_excitatory_consensus_v1	MSigDB C2:CP v2026.1 Hs symbols	Excitatory_neurons	WP_4HYDROXYTAMOXIFEN_DEXAMETHASONE_AND_RETINOIC_ACIDS_REGULATION_OF_P27_EXPRESSION	https://www.gsea-msigdb.org/gsea/msigdb/human/geneset/WP_4HYDROXYTAMOXIFEN_DEXAMETHASONE_AND_RETINOIC_ACIDS_REGULATION_OF_P27_EXPRESSION	all excitatory-neuron Bayesian-network genes represented in MSigDB C2:CP	6952	23	22	0		0.0	1.0	1.0	False				
phase18_selenow_excitatory_consensus_v1	MSigDB C2:CP v2026.1 Hs symbols	Excitatory_neurons	WP_4P163_COPY_NUMBER_VARIATION	https://www.gsea-msigdb.org/gsea/msigdb/human/geneset/WP_4P163_COPY_NUMBER_VARIATION	all excitatory-neuron Bayesian-network genes represented in MSigDB C2:CP	6952	23	22	0		0.0	1.0	1.0	False				
phase18_selenow_excitatory_consensus_v1	MSigDB C2:CP v2026.1 Hs symbols	Excitatory_neurons	WP_7Q1123_COPY_NUMBER_VARIATION_SYNDROME	https://www.gsea-msigdb.org/gsea/msigdb/human/geneset/WP_7Q1123_COPY_NUMBER_VARIATION_SYNDROME	all excitatory-neuron Bayesian-network genes represented in MSigDB C2:CP	6952	23	72	0		0.0	1.0	1.0	False				
phase18_selenow_excitatory_consensus_v1	MSigDB C2:CP v2026.1 Hs symbols	Excitatory_neurons	WP_8P231_COPY_NUMBER_VARIATION_SYNDROME	https://www.gsea-msigdb.org/gsea/msigdb/human/geneset/WP_8P231_COPY_NUMBER_VARIATION_SYNDROME	all excitatory-neuron Bayesian-network genes represented in MSigDB C2:CP	6952	23	25	0		0.0	1.0	1.0	False				
phase18_selenow_excitatory_consensus_v1	MSigDB C2:CP v2026.1 Hs symbols	Excitatory_neurons	WP_ACUTE_MYELOID_LEUKEMIA	https://www.gsea-msigdb.org/gsea/msigdb/human/geneset/WP_ACUTE_MYELOID_LEUKEMIA	all excitatory-neuron Bayesian-network genes represented in MSigDB C2:CP	6952	23	42	0		0.0	1.0	1.0	False				
phase18_selenow_excitatory_consensus_v1	MSigDB C2:CP v2026.1 Hs symbols	Excitatory_neurons	WP_ACUTE_VIRAL_MYOCARDITIS	https://www.gsea-msigdb.org/gsea/msigdb/human/geneset/WP_ACUTE_VIRAL_MYOCARDITIS	all excitatory-neuron Bayesian-network genes represented in MSigDB C2:CP	6952	23	44	0		0.0	1.0	1.0	False				
phase18_selenow_excitatory_consensus_v1	MSigDB C2:CP v2026.1 Hs symbols	Excitatory_neurons	WP_ADIPOGENESIS	https://www.gsea-msigdb.org/gsea/msigdb/human/geneset/WP_ADIPOGENESIS	all excitatory-neuron Bayesian-network genes represented in MSigDB C2:CP	6952	23	58	0		0.0	1.0	1.0	False				
phase18_selenow_excitatory_consensus_v1	MSigDB C2:CP v2026.1 Hs symbols	Excitatory_neurons	WP_AFFECTED_PATHWAYS_IN_DUCHENNE_MUSCULAR_DYSTROPHY	https://www.gsea-msigdb.org/gsea/msigdb/human/geneset/WP_AFFECTED_PATHWAYS_IN_DUCHENNE_MUSCULAR_DYSTROPHY	all excitatory-neuron Bayesian-network genes represented in MSigDB C2:CP	6952	23	30	0		0.0	1.0	1.0	False				
phase18_selenow_excitatory_consensus_v1	MSigDB C2:CP v2026.1 Hs symbols	Excitatory_neurons	WP_AGERAGE_PATHWAY	https://www.gsea-msigdb.org/gsea/msigdb/human/geneset/WP_AGERAGE_PATHWAY	all excitatory-neuron Bayesian-network genes represented in MSigDB C2:CP	6952	23	40	0		0.0	1.0	1.0	False				
phase18_selenow_excitatory_consensus_v1	MSigDB C2:CP v2026.1 Hs symbols	Excitatory_neurons	WP_AGERELATED_MACULAR_DEGENERATION	https://www.gsea-msigdb.org/gsea/msigdb/human/geneset/WP_AGERELATED_MACULAR_DEGENERATION	all excitatory-neuron Bayesian-network genes represented in MSigDB C2:CP	6952	23	15	0		0.0	1.0	1.0	False				
phase18_selenow_excitatory_consensus_v1	MSigDB C2:CP v2026.1 Hs symbols	Excitatory_neurons	WP_AKT_SIGNALING_AND_ARTD_FAMILY_MEMBERS	https://www.gsea-msigdb.org/gsea/msigdb/human/geneset/WP_AKT_SIGNALING_AND_ARTD_FAMILY_MEMBERS	all excitatory-neuron Bayesian-network genes represented in MSigDB C2:CP	6952	23	28	0		0.0	1.0	1.0	False				
phase18_selenow_excitatory_consensus_v1	MSigDB C2:CP v2026.1 Hs symbols	Excitatory_neurons	WP_ALBUTEROL_AND_BUDESONIDE_THERAPY_FOR_ASTHMA	https://www.gsea-msigdb.org/gsea/msigdb/human/geneset/WP_ALBUTEROL_AND_BUDESONIDE_THERAPY_FOR_ASTHMA	all excitatory-neuron Bayesian-network genes represented in MSigDB C2:CP	6952	23	16	0		0.0	1.0	1.0	False				
phase18_selenow_excitatory_consensus_v1	MSigDB C2:CP v2026.1 Hs symbols	Excitatory_neurons	WP_ALPHA_6_BETA_4_SIGNALING	https://www.gsea-msigdb.org/gsea/msigdb/human/geneset/WP_ALPHA_6_BETA_4_SIGNALING	all excitatory-neuron Bayesian-network genes represented in MSigDB C2:CP	6952	23	22	0		0.0	1.0	1.0	False				
phase18_selenow_excitatory_consensus_v1	MSigDB C2:CP v2026.1 Hs symbols	Excitatory_neurons	WP_ALSTROM_SYNDROME	https://www.gsea-msigdb.org/gsea/msigdb/human/geneset/WP_ALSTROM_SYNDROME	all excitatory-neuron Bayesian-network genes represented in MSigDB C2:CP	6952	23	25	0		0.0	1.0	1.0	False				
phase18_selenow_excitatory_consensus_v1	MSigDB C2:CP v2026.1 Hs symbols	Excitatory_neurons	WP_AMINO_ACID_METABOLISM	https://www.gsea-msigdb.org/gsea/msigdb/human/geneset/WP_AMINO_ACID_METABOLISM	all excitatory-neuron Bayesian-network genes represented in MSigDB C2:CP	6952	23	49	0		0.0	1.0	1.0	False				
phase18_selenow_excitatory_consensus_v1	MSigDB C2:CP v2026.1 Hs symbols	Excitatory_neurons	WP_AMPACTIVATED_PROTEIN_KINASE_SIGNALING	https://www.gsea-msigdb.org/gsea/msigdb/human/geneset/WP_AMPACTIVATED_PROTEIN_KINASE_SIGNALING	all excitatory-neuron Bayesian-network genes represented in MSigDB C2:CP	6952	23	46	0		0.0	1.0	1.0	False				
phase18_selenow_excitatory_consensus_v1	MSigDB C2:CP v2026.1 Hs symbols	Excitatory_neurons	WP_AMPK_REGULATION_OF_MAMMARY_MILK_PROTEIN_SYNTHESIS	https://www.gsea-msigdb.org/gsea/msigdb/human/geneset/WP_AMPK_REGULATION_OF_MAMMARY_MILK_PROTEIN_SYNTHESIS	all excitatory-neuron Bayesian-network genes represented in MSigDB C2:CP	6952	23	16	0		0.0	1.0	1.0	False				
phase18_selenow_excitatory_consensus_v1	MSigDB C2:CP v2026.1 Hs symbols	Excitatory_neurons	WP_AMYOTROPHIC_LATERAL_SCLEROSIS_ALS	https://www.gsea-msigdb.org/gsea/msigdb/human/geneset/WP_AMYOTROPHIC_LATERAL_SCLEROSIS_ALS	all excitatory-neuron Bayesian-network genes represented in MSigDB C2:CP	6952	23	27	0		0.0	1.0	1.0	False				
phase18_selenow_excitatory_consensus_v1	MSigDB C2:CP v2026.1 Hs symbols	Excitatory_neurons	WP_ANDROGEN_RECEPTOR_NETWORK_IN_PROSTATE_CANCER	https://www.gsea-msigdb.org/gsea/msigdb/human/geneset/WP_ANDROGEN_RECEPTOR_NETWORK_IN_PROSTATE_CANCER	all excitatory-neuron Bayesian-network genes represented in MSigDB C2:CP	6952	23	69	0		0.0	1.0	1.0	False				
phase18_selenow_excitatory_consensus_v1	MSigDB C2:CP v2026.1 Hs symbols	Excitatory_neurons	WP_ANDROGEN_RECEPTOR_SIGNALING	https://www.gsea-msigdb.org/gsea/msigdb/human/geneset/WP_ANDROGEN_RECEPTOR_SIGNALING	all excitatory-neuron Bayesian-network genes represented in MSigDB C2:CP	6952	23	68	0		0.0	1.0	1.0	False				
phase18_selenow_excitatory_consensus_v1	MSigDB C2:CP v2026.1 Hs symbols	Excitatory_neurons	WP_ANGIOGENESIS	https://www.gsea-msigdb.org/gsea/msigdb/human/geneset/WP_ANGIOGENESIS	all excitatory-neuron Bayesian-network genes represented in MSigDB C2:CP	6952	23	15	0		0.0	1.0	1.0	False				
phase18_selenow_excitatory_consensus_v1	MSigDB C2:CP v2026.1 Hs symbols	Excitatory_neurons	WP_ANGIOGENESIS_OVERVIEW	https://www.gsea-msigdb.org/gsea/msigdb/human/geneset/WP_ANGIOGENESIS_OVERVIEW	all excitatory-neuron Bayesian-network genes represented in MSigDB C2:CP	6952	23	43	0		0.0	1.0	1.0	False				
phase18_selenow_excitatory_consensus_v1	MSigDB C2:CP v2026.1 Hs symbols	Excitatory_neurons	WP_ANGIOPOIETINLIKE_PROTEIN_8_REGULATORY_PATHWAY	https://www.gsea-msigdb.org/gsea/msigdb/human/geneset/WP_ANGIOPOIETINLIKE_PROTEIN_8_REGULATORY_PATHWAY	all excitatory-neuron Bayesian-network genes represented in MSigDB C2:CP	6952	23	103	0		0.0	1.0	1.0	False				
phase18_selenow_excitatory_consensus_v1	MSigDB C2:CP v2026.1 Hs symbols	Excitatory_neurons	WP_ANK2_PATHWAY_IN_EPILEPSY_DEVELOPMENT	https://www.gsea-msigdb.org/gsea/msigdb/human/geneset/WP_ANK2_PATHWAY_IN_EPILEPSY_DEVELOPMENT	all excitatory-neuron Bayesian-network genes represented in MSigDB C2:CP	6952	23	20	0		0.0	1.0	1.0	False				
phase18_selenow_excitatory_consensus_v1	MSigDB C2:CP v2026.1 Hs symbols	Excitatory_neurons	WP_APOPTOSIS	https://www.gsea-msigdb.org/gsea/msigdb/human/geneset/WP_APOPTOSIS	all excitatory-neuron Bayesian-network genes represented in MSigDB C2:CP	6952	23	44	0		0.0	1.0	1.0	False				
phase18_selenow_excitatory_consensus_v1	MSigDB C2:CP v2026.1 Hs symbols	Excitatory_neurons	WP_APOPTOSISRELATED_NETWORK_DUE_TO_ALTERED_NOTCH3_IN_OVARIAN_CANCER	https://www.gsea-msigdb.org/gsea/msigdb/human/geneset/WP_APOPTOSISRELATED_NETWORK_DUE_TO_ALTERED_NOTCH3_IN_OVARIAN_CANCER	all excitatory-neuron Bayesian-network genes represented in MSigDB C2:CP	6952	23	29	0		0.0	1.0	1.0	False				
phase18_selenow_excitatory_consensus_v1	MSigDB C2:CP v2026.1 Hs symbols	Excitatory_neurons	WP_APOPTOSIS_MODULATION_AND_SIGNALING	https://www.gsea-msigdb.org/gsea/msigdb/human/geneset/WP_APOPTOSIS_MODULATION_AND_SIGNALING	all excitatory-neuron Bayesian-network genes represented in MSigDB C2:CP	6952	23	45	0		0.0	1.0	1.0	False				
phase18_selenow_excitatory_consensus_v1	MSigDB C2:CP v2026.1 Hs symbols	Excitatory_neurons	WP_ARRHYTHMOGENIC_RIGHT_VENTRICULAR_CARDIOMYOPATHY	https://www.gsea-msigdb.org/gsea/msigdb/human/geneset/WP_ARRHYTHMOGENIC_RIGHT_VENTRICULAR_CARDIOMYOPATHY	all excitatory-neuron Bayesian-network genes represented in MSigDB C2:CP	6952	23	38	0		0.0	1.0	1.0	False				
phase18_selenow_excitatory_consensus_v1	MSigDB C2:CP v2026.1 Hs symbols	Excitatory_neurons	WP_ARYL_HYDROCARBON_RECEPTOR_PATHWAY_WP2586	https://www.gsea-msigdb.org/gsea/msigdb/human/geneset/WP_ARYL_HYDROCARBON_RECEPTOR_PATHWAY_WP2586	all excitatory-neuron Bayesian-network genes represented in MSigDB C2:CP	6952	23	27	0		0.0	1.0	1.0	False				
phase18_selenow_excitatory_consensus_v1	MSigDB C2:CP v2026.1 Hs symbols	Excitatory_neurons	WP_ARYL_HYDROCARBON_RECEPTOR_PATHWAY_WP2873	https://www.gsea-msigdb.org/gsea/msigdb/human/geneset/WP_ARYL_HYDROCARBON_RECEPTOR_PATHWAY_WP2873	all excitatory-neuron Bayesian-network genes represented in MSigDB C2:CP	6952	23	18	0		0.0	1.0	1.0	False				
phase18_selenow_excitatory_consensus_v1	MSigDB C2:CP v2026.1 Hs symbols	Excitatory_neurons	WP_ATM_SIGNALING	https://www.gsea-msigdb.org/gsea/msigdb/human/geneset/WP_ATM_SIGNALING	all excitatory-neuron Bayesian-network genes represented in MSigDB C2:CP	6952	23	22	0		0.0	1.0	1.0	False				
phase18_selenow_excitatory_consensus_v1	MSigDB C2:CP v2026.1 Hs symbols	Excitatory_neurons	WP_ATM_SIGNALING_IN_DEVELOPMENT_AND_DISEASE	https://www.gsea-msigdb.org/gsea/msigdb/human/geneset/WP_ATM_SIGNALING_IN_DEVELOPMENT_AND_DISEASE	all excitatory-neuron Bayesian-network genes represented in MSigDB C2:CP	6952	23	36	0		0.0	1.0	1.0	False				
phase18_selenow_excitatory_consensus_v1	MSigDB C2:CP v2026.1 Hs symbols	Excitatory_neurons	WP_AUTOPHAGY	https://www.gsea-msigdb.org/gsea/msigdb/human/geneset/WP_AUTOPHAGY	all excitatory-neuron Bayesian-network genes represented in MSigDB C2:CP	6952	23	27	0		0.0	1.0	1.0	False				
phase18_selenow_excitatory_consensus_v1	MSigDB C2:CP v2026.1 Hs symbols	Excitatory_neurons	WP_AUTOPHAGY_IN_PANCREATIC_DUCTAL_ADENOCARCINOMA	https://www.gsea-msigdb.org/gsea/msigdb/human/geneset/WP_AUTOPHAGY_IN_PANCREATIC_DUCTAL_ADENOCARCINOMA	all excitatory-neuron Bayesian-network genes represented in MSigDB C2:CP	6952	23	17	0		0.0	1.0	1.0	False				
phase18_selenow_excitatory_consensus_v1	MSigDB C2:CP v2026.1 Hs symbols	Excitatory_neurons	WP_AXON_GUIDANCE	https://www.gsea-msigdb.org/gsea/msigdb/human/geneset/WP_AXON_GUIDANCE	all excitatory-neuron Bayesian-network genes represented in MSigDB C2:CP	6952	23	50	0		0.0	1.0	1.0	False				
phase18_selenow_excitatory_consensus_v1	MSigDB C2:CP v2026.1 Hs symbols	Excitatory_neurons	WP_BARDETBIEDL_SYNDROME	https://www.gsea-msigdb.org/gsea/msigdb/human/geneset/WP_BARDETBIEDL_SYNDROME	all excitatory-neuron Bayesian-network genes represented in MSigDB C2:CP	6952	23	58	0		0.0	1.0	1.0	False				
phase18_selenow_excitatory_consensus_v1	MSigDB C2:CP v2026.1 Hs symbols	Excitatory_neurons	WP_BASE_EXCISION_REPAIR	https://www.gsea-msigdb.org/gsea/msigdb/human/geneset/WP_BASE_EXCISION_REPAIR	all excitatory-neuron Bayesian-network genes represented in MSigDB C2:CP	6952	23	25	0		0.0	1.0	1.0	False				
phase18_selenow_excitatory_consensus_v1	MSigDB C2:CP v2026.1 Hs symbols	Excitatory_neurons	WP_BDNFTRKB_SIGNALING	https://www.gsea-msigdb.org/gsea/msigdb/human/geneset/WP_BDNFTRKB_SIGNALING	all excitatory-neuron Bayesian-network genes represented in MSigDB C2:CP	6952	23	26	0		0.0	1.0	1.0	False				
phase18_selenow_excitatory_consensus_v1	MSigDB C2:CP v2026.1 Hs symbols	Excitatory_neurons	WP_BDNF_SIGNALING_IN_NEURODEVELOPMENT	https://www.gsea-msigdb.org/gsea/msigdb/human/geneset/WP_BDNF_SIGNALING_IN_NEURODEVELOPMENT	all excitatory-neuron Bayesian-network genes represented in MSigDB C2:CP	6952	23	96	0		0.0	1.0	1.0	False				
phase18_selenow_excitatory_consensus_v1	MSigDB C2:CP v2026.1 Hs symbols	Excitatory_neurons	WP_BEMPEDOIC_ACID_THERAPY_IN_ATHEROSCLEROSIS_AND_METABOLIC_SYNDROME	https://www.gsea-msigdb.org/gsea/msigdb/human/geneset/WP_BEMPEDOIC_ACID_THERAPY_IN_ATHEROSCLEROSIS_AND_METABOLIC_SYNDROME	all excitatory-neuron Bayesian-network genes represented in MSigDB C2:CP	6952	23	21	0		0.0	1.0	1.0	False				
phase18_selenow_excitatory_consensus_v1	MSigDB C2:CP v2026.1 Hs symbols	Excitatory_neurons	WP_BLADDER_CANCER	https://www.gsea-msigdb.org/gsea/msigdb/human/geneset/WP_BLADDER_CANCER	all excitatory-neuron Bayesian-network genes represented in MSigDB C2:CP	6952	23	20	0		0.0	1.0	1.0	False				
phase18_selenow_excitatory_consensus_v1	MSigDB C2:CP v2026.1 Hs symbols	Excitatory_neurons	WP_BRAINDERIVED_NEUROTROPHIC_FACTOR_BDNF_SIGNALING	https://www.gsea-msigdb.org/gsea/msigdb/human/geneset/WP_BRAINDERIVED_NEUROTROPHIC_FACTOR_BDNF_SIGNALING	all excitatory-neuron Bayesian-network genes represented in MSigDB C2:CP	6952	23	111	0		0.0	1.0	1.0	False				
phase18_selenow_excitatory_consensus_v1	MSigDB C2:CP v2026.1 Hs symbols	Excitatory_neurons	WP_BREAST_CANCER_PATHWAY	https://www.gsea-msigdb.org/gsea/msigdb/human/geneset/WP_BREAST_CANCER_PATHWAY	all excitatory-neuron Bayesian-network genes represented in MSigDB C2:CP	6952	23	74	0		0.0	1.0	1.0	False				
phase18_selenow_excitatory_consensus_v1	MSigDB C2:CP v2026.1 Hs symbols	Excitatory_neurons	WP_BURN_WOUND_HEALING	https://www.gsea-msigdb.org/gsea/msigdb/human/geneset/WP_BURN_WOUND_HEALING	all excitatory-neuron Bayesian-network genes represented in MSigDB C2:CP	6952	23	20	0		0.0	1.0	1.0	False				
phase18_selenow_excitatory_consensus_v1	MSigDB C2:CP v2026.1 Hs symbols	Excitatory_neurons	WP_B_CELL_RECEPTOR_SIGNALING	https://www.gsea-msigdb.org/gsea/msigdb/human/geneset/WP_B_CELL_RECEPTOR_SIGNALING	all excitatory-neuron Bayesian-network genes represented in MSigDB C2:CP	6952	23	59	0		0.0	1.0	1.0	False				
phase18_selenow_excitatory_consensus_v1	MSigDB C2:CP v2026.1 Hs symbols	Excitatory_neurons	WP_CAFFEINE_IN_BLOOD_VESSELS	https://www.gsea-msigdb.org/gsea/msigdb/human/geneset/WP_CAFFEINE_IN_BLOOD_VESSELS	all excitatory-neuron Bayesian-network genes represented in MSigDB C2:CP	6952	23	18	0		0.0	1.0	1.0	False				
phase18_selenow_excitatory_consensus_v1	MSigDB C2:CP v2026.1 Hs symbols	Excitatory_neurons	WP_CALCIUM_REGULATION_IN_CARDIAC_CELLS	https://www.gsea-msigdb.org/gsea/msigdb/human/geneset/WP_CALCIUM_REGULATION_IN_CARDIAC_CELLS	all excitatory-neuron Bayesian-network genes represented in MSigDB C2:CP	6952	23	85	0		0.0	1.0	1.0	False				
phase18_selenow_excitatory_consensus_v1	MSigDB C2:CP v2026.1 Hs symbols	Excitatory_neurons	WP_CAMKK2_PATHWAY	https://www.gsea-msigdb.org/gsea/msigdb/human/geneset/WP_CAMKK2_PATHWAY	all excitatory-neuron Bayesian-network genes represented in MSigDB C2:CP	6952	23	62	0		0.0	1.0	1.0	False				
phase18_selenow_excitatory_consensus_v1	MSigDB C2:CP v2026.1 Hs symbols	Excitatory_neurons	WP_CANCER_PATHWAYS	https://www.gsea-msigdb.org/gsea/msigdb/human/geneset/WP_CANCER_PATHWAYS	all excitatory-neuron Bayesian-network genes represented in MSigDB C2:CP	6952	23	244	0		0.0	1.0	1.0	False				
phase18_selenow_excitatory_consensus_v1	MSigDB C2:CP v2026.1 Hs symbols	Excitatory_neurons	WP_CANNABINOID_RECEPTOR_SIGNALING	https://www.gsea-msigdb.org/gsea/msigdb/human/geneset/WP_CANNABINOID_RECEPTOR_SIGNALING	all excitatory-neuron Bayesian-network genes represented in MSigDB C2:CP	6952	23	20	0		0.0	1.0	1.0	False				
phase18_selenow_excitatory_consensus_v1	MSigDB C2:CP v2026.1 Hs symbols	Excitatory_neurons	WP_CARDIAC_HYPERTROPHIC_RESPONSE	https://www.gsea-msigdb.org/gsea/msigdb/human/geneset/WP_CARDIAC_HYPERTROPHIC_RESPONSE	all excitatory-neuron Bayesian-network genes represented in MSigDB C2:CP	6952	23	40	0		0.0	1.0	1.0	False				
phase18_selenow_excitatory_consensus_v1	MSigDB C2:CP v2026.1 Hs symbols	Excitatory_neurons	WP_CARDIOMYOCYTE_SIGNALING_CONVERGING_ON_TITIN	https://www.gsea-msigdb.org/gsea/msigdb/human/geneset/WP_CARDIOMYOCYTE_SIGNALING_CONVERGING_ON_TITIN	all excitatory-neuron Bayesian-network genes represented in MSigDB C2:CP	6952	23	15	0		0.0	1.0	1.0	False				
phase18_selenow_excitatory_consensus_v1	MSigDB C2:CP v2026.1 Hs symbols	Excitatory_neurons	WP_CATABOLISM_OF_SKELETAL_MUSCLE_IN_CACHEXIA	https://www.gsea-msigdb.org/gsea/msigdb/human/geneset/WP_CATABOLISM_OF_SKELETAL_MUSCLE_IN_CACHEXIA	all excitatory-neuron Bayesian-network genes represented in MSigDB C2:CP	6952	23	22	0		0.0	1.0	1.0	False				
phase18_selenow_excitatory_consensus_v1	MSigDB C2:CP v2026.1 Hs symbols	Excitatory_neurons	WP_CELL_CYCLE	https://www.gsea-msigdb.org/gsea/msigdb/human/geneset/WP_CELL_CYCLE	all excitatory-neuron Bayesian-network genes represented in MSigDB C2:CP	6952	23	69	0		0.0	1.0	1.0	False				
phase18_selenow_excitatory_consensus_v1	MSigDB C2:CP v2026.1 Hs symbols	Excitatory_neurons	WP_CELL_LINEAGE_MAP_FOR_NEURONAL_DIFFERENTIATION	https://www.gsea-msigdb.org/gsea/msigdb/human/geneset/WP_CELL_LINEAGE_MAP_FOR_NEURONAL_DIFFERENTIATION	all excitatory-neuron Bayesian-network genes represented in MSigDB C2:CP	6952	23	46	0		0.0	1.0	1.0	False				
phase18_selenow_excitatory_consensus_v1	MSigDB C2:CP v2026.1 Hs symbols	Excitatory_neurons	WP_CHEMOKINE_SIGNALING	https://www.gsea-msigdb.org/gsea/msigdb/human/geneset/WP_CHEMOKINE_SIGNALING	all excitatory-neuron Bayesian-network genes represented in MSigDB C2:CP	6952	23	83	0		0.0	1.0	1.0	False				
phase18_selenow_excitatory_consensus_v1	MSigDB C2:CP v2026.1 Hs symbols	Excitatory_neurons	WP_CHOLESTEROL_BIOSYNTHESIS_PATHWAY_IN_HEPATOCYTES	https://www.gsea-msigdb.org/gsea/msigdb/human/geneset/WP_CHOLESTEROL_BIOSYNTHESIS_PATHWAY_IN_HEPATOCYTES	all excitatory-neuron Bayesian-network genes represented in MSigDB C2:CP	6952	23	55	0		0.0	1.0	1.0	False				
phase18_selenow_excitatory_consensus_v1	MSigDB C2:CP v2026.1 Hs symbols	Excitatory_neurons	WP_CHOLESTEROL_METABOLISM	https://www.gsea-msigdb.org/gsea/msigdb/human/geneset/WP_CHOLESTEROL_METABOLISM	all excitatory-neuron Bayesian-network genes represented in MSigDB C2:CP	6952	23	35	0		0.0	1.0	1.0	False				
phase18_selenow_excitatory_consensus_v1	MSigDB C2:CP v2026.1 Hs symbols	Excitatory_neurons	WP_CHOLESTEROL_METABOLISM_WITH_BLOCH_AND_KANDUTSCHRUSSELL_PATHWAYS	https://www.gsea-msigdb.org/gsea/msigdb/human/geneset/WP_CHOLESTEROL_METABOLISM_WITH_BLOCH_AND_KANDUTSCHRUSSELL_PATHWAYS	all excitatory-neuron Bayesian-network genes represented in MSigDB C2:CP	6952	23	34	0		0.0	1.0	1.0	False				
phase18_selenow_excitatory_consensus_v1	MSigDB C2:CP v2026.1 Hs symbols	Excitatory_neurons	WP_CHOLESTEROL_SYNTHESIS_DISORDERS	https://www.gsea-msigdb.org/gsea/msigdb/human/geneset/WP_CHOLESTEROL_SYNTHESIS_DISORDERS	all excitatory-neuron Bayesian-network genes represented in MSigDB C2:CP	6952	23	15	0		0.0	1.0	1.0	False				
phase18_selenow_excitatory_consensus_v1	MSigDB C2:CP v2026.1 Hs symbols	Excitatory_neurons	WP_CHROMOSOMAL_AND_MICROSATELLITE_INSTABILITY_IN_COLORECTAL_CANCER	https://www.gsea-msigdb.org/gsea/msigdb/human/geneset/WP_CHROMOSOMAL_AND_MICROSATELLITE_INSTABILITY_IN_COLORECTAL_CANCER	all excitatory-neuron Bayesian-network genes represented in MSigDB C2:CP	6952	23	50	0		0.0	1.0	1.0	False				
phase18_selenow_excitatory_consensus_v1	MSigDB C2:CP v2026.1 Hs symbols	Excitatory_neurons	WP_CILIOPATHIES	https://www.gsea-msigdb.org/gsea/msigdb/human/geneset/WP_CILIOPATHIES	all excitatory-neuron Bayesian-network genes represented in MSigDB C2:CP	6952	23	117	0		0.0	1.0	1.0	False				
phase18_selenow_excitatory_consensus_v1	MSigDB C2:CP v2026.1 Hs symbols	Excitatory_neurons	WP_CIRCADIAN_RHYTHM_GENES	https://www.gsea-msigdb.org/gsea/msigdb/human/geneset/WP_CIRCADIAN_RHYTHM_GENES	all excitatory-neuron Bayesian-network genes represented in MSigDB C2:CP	6952	23	108	0		0.0	1.0	1.0	False				
phase18_selenow_excitatory_consensus_v1	MSigDB C2:CP v2026.1 Hs symbols	Excitatory_neurons	WP_CLEAR_CELL_RENAL_CELL_CARCINOMA_PATHWAYS	https://www.gsea-msigdb.org/gsea/msigdb/human/geneset/WP_CLEAR_CELL_RENAL_CELL_CARCINOMA_PATHWAYS	all excitatory-neuron Bayesian-network genes represented in MSigDB C2:CP	6952	23	60	0		0.0	1.0	1.0	False				
phase18_selenow_excitatory_consensus_v1	MSigDB C2:CP v2026.1 Hs symbols	Excitatory_neurons	WP_CLOCKCONTROLLED_AUTOPHAGY_IN_BONE_METABOLISM	https://www.gsea-msigdb.org/gsea/msigdb/human/geneset/WP_CLOCKCONTROLLED_AUTOPHAGY_IN_BONE_METABOLISM	all excitatory-neuron Bayesian-network genes represented in MSigDB C2:CP	6952	23	46	0		0.0	1.0	1.0	False				
phase18_selenow_excitatory_consensus_v1	MSigDB C2:CP v2026.1 Hs symbols	Excitatory_neurons	WP_COHESIN_COMPLEX_CORNELIA_DE_LANGE_SYNDROME	https://www.gsea-msigdb.org/gsea/msigdb/human/geneset/WP_COHESIN_COMPLEX_CORNELIA_DE_LANGE_SYNDROME	all excitatory-neuron Bayesian-network genes represented in MSigDB C2:CP	6952	23	24	0		0.0	1.0	1.0	False				
phase18_selenow_excitatory_consensus_v1	MSigDB C2:CP v2026.1 Hs symbols	Excitatory_neurons	WP_COMMON_PATHWAYS_UNDERLYING_DRUG_ADDICTION	https://www.gsea-msigdb.org/gsea/msigdb/human/geneset/WP_COMMON_PATHWAYS_UNDERLYING_DRUG_ADDICTION	all excitatory-neuron Bayesian-network genes represented in MSigDB C2:CP	6952	23	29	0		0.0	1.0	1.0	False				
phase18_selenow_excitatory_consensus_v1	MSigDB C2:CP v2026.1 Hs symbols	Excitatory_neurons	WP_COMPLEMENT_SYSTEM	https://www.gsea-msigdb.org/gsea/msigdb/human/geneset/WP_COMPLEMENT_SYSTEM	all excitatory-neuron Bayesian-network genes represented in MSigDB C2:CP	6952	23	23	0		0.0	1.0	1.0	False				
phase18_selenow_excitatory_consensus_v1	MSigDB C2:CP v2026.1 Hs symbols	Excitatory_neurons	WP_COMPLEMENT_SYSTEM_IN_NEURONAL_DEVELOPMENT_AND_PLASTICITY	https://www.gsea-msigdb.org/gsea/msigdb/human/geneset/WP_COMPLEMENT_SYSTEM_IN_NEURONAL_DEVELOPMENT_AND_PLASTICITY	all excitatory-neuron Bayesian-network genes represented in MSigDB C2:CP	6952	23	39	0		0.0	1.0	1.0	False				
phase18_selenow_excitatory_consensus_v1	MSigDB C2:CP v2026.1 Hs symbols	Excitatory_neurons	WP_COPPER_HOMEOSTASIS	https://www.gsea-msigdb.org/gsea/msigdb/human/geneset/WP_COPPER_HOMEOSTASIS	all excitatory-neuron Bayesian-network genes represented in MSigDB C2:CP	6952	23	33	0		0.0	1.0	1.0	False				
phase18_selenow_excitatory_consensus_v1	MSigDB C2:CP v2026.1 Hs symbols	Excitatory_neurons	WP_CORTICOTROPINRELEASING_HORMONE_SIGNALING	https://www.gsea-msigdb.org/gsea/msigdb/human/geneset/WP_CORTICOTROPINRELEASING_HORMONE_SIGNALING	all excitatory-neuron Bayesian-network genes represented in MSigDB C2:CP	6952	23	57	0		0.0	1.0	1.0	False				
phase18_selenow_excitatory_consensus_v1	MSigDB C2:CP v2026.1 Hs symbols	Excitatory_neurons	WP_COVID19_STRUCTURAL_COVERAGE_MAP	https://www.gsea-msigdb.org/gsea/msigdb/human/geneset/WP_COVID19_STRUCTURAL_COVERAGE_MAP	all excitatory-neuron Bayesian-network genes represented in MSigDB C2:CP	6952	23	15	0		0.0	1.0	1.0	False				
phase18_selenow_excitatory_consensus_v1	MSigDB C2:CP v2026.1 Hs symbols	Excitatory_neurons	WP_CYCLINDEPENDENT_KINASE_46_INHIBITORS_IN_BREAST_CANCER	https://www.gsea-msigdb.org/gsea/msigdb/human/geneset/WP_CYCLINDEPENDENT_KINASE_46_INHIBITORS_IN_BREAST_CANCER	all excitatory-neuron Bayesian-network genes represented in MSigDB C2:CP	6952	23	25	0		0.0	1.0	1.0	False				
phase18_selenow_excitatory_consensus_v1	MSigDB C2:CP v2026.1 Hs symbols	Excitatory_neurons	WP_CYTOKINECYTOKINE_RECEPTOR_INTERACTION	https://www.gsea-msigdb.org/gsea/msigdb/human/geneset/WP_CYTOKINECYTOKINE_RECEPTOR_INTERACTION	all excitatory-neuron Bayesian-network genes represented in MSigDB C2:CP	6952	23	30	0		0.0	1.0	1.0	False				
phase18_selenow_excitatory_consensus_v1	MSigDB C2:CP v2026.1 Hs symbols	Excitatory_neurons	WP_CYTOPLASMIC_RIBOSOMAL_PROTEINS	https://www.gsea-msigdb.org/gsea/msigdb/human/geneset/WP_CYTOPLASMIC_RIBOSOMAL_PROTEINS	all excitatory-neuron Bayesian-network genes represented in MSigDB C2:CP	6952	23	76	0		0.0	1.0	1.0	False				
phase18_selenow_excitatory_consensus_v1	MSigDB C2:CP v2026.1 Hs symbols	Excitatory_neurons	WP_CYTOSOLIC_DNASENSING_PATHWAY	https://www.gsea-msigdb.org/gsea/msigdb/human/geneset/WP_CYTOSOLIC_DNASENSING_PATHWAY	all excitatory-neuron Bayesian-network genes represented in MSigDB C2:CP	6952	23	33	0		0.0	1.0	1.0	False				
phase18_selenow_excitatory_consensus_v1	MSigDB C2:CP v2026.1 Hs symbols	Excitatory_neurons	WP_DISRUPTION_OF_POSTSYNAPTIC_SIGNALING_BY_CNV	https://www.gsea-msigdb.org/gsea/msigdb/human/geneset/WP_DISRUPTION_OF_POSTSYNAPTIC_SIGNALING_BY_CNV	all excitatory-neuron Bayesian-network genes represented in MSigDB C2:CP	6952	23	28	0		0.0	1.0	1.0	False				
phase18_selenow_excitatory_consensus_v1	MSigDB C2:CP v2026.1 Hs symbols	Excitatory_neurons	WP_DNA_DAMAGE_RESPONSE	https://www.gsea-msigdb.org/gsea/msigdb/human/geneset/WP_DNA_DAMAGE_RESPONSE	all excitatory-neuron Bayesian-network genes represented in MSigDB C2:CP	6952	23	39	0		0.0	1.0	1.0	False				
phase18_selenow_excitatory_consensus_v1	MSigDB C2:CP v2026.1 Hs symbols	Excitatory_neurons	WP_DNA_DAMAGE_RESPONSE_ONLY_ATM_DEPENDENT	https://www.gsea-msigdb.org/gsea/msigdb/human/geneset/WP_DNA_DAMAGE_RESPONSE_ONLY_ATM_DEPENDENT	all excitatory-neuron Bayesian-network genes represented in MSigDB C2:CP	6952	23	65	0		0.0	1.0	1.0	False				
phase18_selenow_excitatory_consensus_v1	MSigDB C2:CP v2026.1 Hs symbols	Excitatory_neurons	WP_DNA_IRDAMAGE_AND_CELLULAR_RESPONSE_VIA_ATR	https://www.gsea-msigdb.org/gsea/msigdb/human/geneset/WP_DNA_IRDAMAGE_AND_CELLULAR_RESPONSE_VIA_ATR	all excitatory-neuron Bayesian-network genes represented in MSigDB C2:CP	6952	23	60	0		0.0	1.0	1.0	False				
phase18_selenow_excitatory_consensus_v1	MSigDB C2:CP v2026.1 Hs symbols	Excitatory_neurons	WP_DNA_IRDOUBLE_STRAND_BREAKS_AND_CELLULAR_RESPONSE_VIA_ATM	https://www.gsea-msigdb.org/gsea/msigdb/human/geneset/WP_DNA_IRDOUBLE_STRAND_BREAKS_AND_CELLULAR_RESPONSE_VIA_ATM	all excitatory-neuron Bayesian-network genes represented in MSigDB C2:CP	6952	23	39	0		0.0	1.0	1.0	False				
phase18_selenow_excitatory_consensus_v1	MSigDB C2:CP v2026.1 Hs symbols	Excitatory_neurons	WP_DNA_MISMATCH_REPAIR	https://www.gsea-msigdb.org/gsea/msigdb/human/geneset/WP_DNA_MISMATCH_REPAIR	all excitatory-neuron Bayesian-network genes represented in MSigDB C2:CP	6952	23	19	0		0.0	1.0	1.0	False				
phase18_selenow_excitatory_consensus_v1	MSigDB C2:CP v2026.1 Hs symbols	Excitatory_neurons	WP_DNA_REPAIR_PATHWAYS_FULL_NETWORK	https://www.gsea-msigdb.org/gsea/msigdb/human/geneset/WP_DNA_REPAIR_PATHWAYS_FULL_NETWORK	all excitatory-neuron Bayesian-network genes represented in MSigDB C2:CP	6952	23	95	0		0.0	1.0	1.0	False				
phase18_selenow_excitatory_consensus_v1	MSigDB C2:CP v2026.1 Hs symbols	Excitatory_neurons	WP_DNA_REPLICATION	https://www.gsea-msigdb.org/gsea/msigdb/human/geneset/WP_DNA_REPLICATION	all excitatory-neuron Bayesian-network genes represented in MSigDB C2:CP	6952	23	29	0		0.0	1.0	1.0	False				
phase18_selenow_excitatory_consensus_v1	MSigDB C2:CP v2026.1 Hs symbols	Excitatory_neurons	WP_DRAVET_SYNDROME	https://www.gsea-msigdb.org/gsea/msigdb/human/geneset/WP_DRAVET_SYNDROME	all excitatory-neuron Bayesian-network genes represented in MSigDB C2:CP	6952	23	24	0		0.0	1.0	1.0	False				
phase18_selenow_excitatory_consensus_v1	MSigDB C2:CP v2026.1 Hs symbols	Excitatory_neurons	WP_EBOLA_VIRUS_INFECTION_IN_HOST	https://www.gsea-msigdb.org/gsea/msigdb/human/geneset/WP_EBOLA_VIRUS_INFECTION_IN_HOST	all excitatory-neuron Bayesian-network genes represented in MSigDB C2:CP	6952	23	66	0		0.0	1.0	1.0	False				
phase18_selenow_excitatory_consensus_v1	MSigDB C2:CP v2026.1 Hs symbols	Excitatory_neurons	WP_ECTODERM_DIFFERENTIATION	https://www.gsea-msigdb.org/gsea/msigdb/human/geneset/WP_ECTODERM_DIFFERENTIATION	all excitatory-neuron Bayesian-network genes represented in MSigDB C2:CP	6952	23	78	0		0.0	1.0	1.0	False				
phase18_selenow_excitatory_consensus_v1	MSigDB C2:CP v2026.1 Hs symbols	Excitatory_neurons	WP_EFFECTS_OF_MFN2_MUTATION	https://www.gsea-msigdb.org/gsea/msigdb/human/geneset/WP_EFFECTS_OF_MFN2_MUTATION	all excitatory-neuron Bayesian-network genes represented in MSigDB C2:CP	6952	23	17	0		0.0	1.0	1.0	False				
phase18_selenow_excitatory_consensus_v1	MSigDB C2:CP v2026.1 Hs symbols	Excitatory_neurons	WP_EFFECT_OF_DASATINIB_ON_THE_BCRABL_SIGNALING_PATHWAY	https://www.gsea-msigdb.org/gsea/msigdb/human/geneset/WP_EFFECT_OF_DASATINIB_ON_THE_BCRABL_SIGNALING_PATHWAY	all excitatory-neuron Bayesian-network genes represented in MSigDB C2:CP	6952	23	36	0		0.0	1.0	1.0	False				
phase18_selenow_excitatory_consensus_v1	MSigDB C2:CP v2026.1 Hs symbols	Excitatory_neurons	WP_EFFECT_OF_OMEGA3_PUFA_ON_HUNTINGTONS_DISEASE_PATHWAYS	https://www.gsea-msigdb.org/gsea/msigdb/human/geneset/WP_EFFECT_OF_OMEGA3_PUFA_ON_HUNTINGTONS_DISEASE_PATHWAYS	all excitatory-neuron Bayesian-network genes represented in MSigDB C2:CP	6952	23	85	0		0.0	1.0	1.0	False				
phase18_selenow_excitatory_consensus_v1	MSigDB C2:CP v2026.1 Hs symbols	Excitatory_neurons	WP_EFFECT_OF_PROGERIN_ON_GENES_INVOLVED_IN_PROGERIA	https://www.gsea-msigdb.org/gsea/msigdb/human/geneset/WP_EFFECT_OF_PROGERIN_ON_GENES_INVOLVED_IN_PROGERIA	all excitatory-neuron Bayesian-network genes represented in MSigDB C2:CP	6952	23	16	0		0.0	1.0	1.0	False				
phase18_selenow_excitatory_consensus_v1	MSigDB C2:CP v2026.1 Hs symbols	Excitatory_neurons	WP_EGFEGFR_SIGNALING	https://www.gsea-msigdb.org/gsea/msigdb/human/geneset/WP_EGFEGFR_SIGNALING	all excitatory-neuron Bayesian-network genes represented in MSigDB C2:CP	6952	23	123	0		0.0	1.0	1.0	False				
phase18_selenow_excitatory_consensus_v1	MSigDB C2:CP v2026.1 Hs symbols	Excitatory_neurons	WP_EGFR_TYROSINE_KINASE_INHIBITOR_RESISTANCE	https://www.gsea-msigdb.org/gsea/msigdb/human/geneset/WP_EGFR_TYROSINE_KINASE_INHIBITOR_RESISTANCE	all excitatory-neuron Bayesian-network genes represented in MSigDB C2:CP	6952	23	56	0		0.0	1.0	1.0	False				
phase18_selenow_excitatory_consensus_v1	MSigDB C2:CP v2026.1 Hs symbols	Excitatory_neurons	WP_EMBRYONIC_STEM_CELL_PLURIPOTENCY_PATHWAYS	https://www.gsea-msigdb.org/gsea/msigdb/human/geneset/WP_EMBRYONIC_STEM_CELL_PLURIPOTENCY_PATHWAYS	all excitatory-neuron Bayesian-network genes represented in MSigDB C2:CP	6952	23	61	0		0.0	1.0	1.0	False				
phase18_selenow_excitatory_consensus_v1	MSigDB C2:CP v2026.1 Hs symbols	Excitatory_neurons	WP_ENDOCHONDRAL_OSSIFICATION	https://www.gsea-msigdb.org/gsea/msigdb/human/geneset/WP_ENDOCHONDRAL_OSSIFICATION	all excitatory-neuron Bayesian-network genes represented in MSigDB C2:CP	6952	23	23	0		0.0	1.0	1.0	False				
phase18_selenow_excitatory_consensus_v1	MSigDB C2:CP v2026.1 Hs symbols	Excitatory_neurons	WP_ENDOCHONDRAL_OSSIFICATION_WITH_SKELETAL_DYSPLASIAS	https://www.gsea-msigdb.org/gsea/msigdb/human/geneset/WP_ENDOCHONDRAL_OSSIFICATION_WITH_SKELETAL_DYSPLASIAS	all excitatory-neuron Bayesian-network genes represented in MSigDB C2:CP	6952	23	23	0		0.0	1.0	1.0	False				
phase18_selenow_excitatory_consensus_v1	MSigDB C2:CP v2026.1 Hs symbols	Excitatory_neurons	WP_ENDODERM_DIFFERENTIATION	https://www.gsea-msigdb.org/gsea/msigdb/human/geneset/WP_ENDODERM_DIFFERENTIATION	all excitatory-neuron Bayesian-network genes represented in MSigDB C2:CP	6952	23	80	0		0.0	1.0	1.0	False				
phase18_selenow_excitatory_consensus_v1	MSigDB C2:CP v2026.1 Hs symbols	Excitatory_neurons	WP_ENDOMETRIAL_CANCER	https://www.gsea-msigdb.org/gsea/msigdb/human/geneset/WP_ENDOMETRIAL_CANCER	all excitatory-neuron Bayesian-network genes represented in MSigDB C2:CP	6952	23	43	0		0.0	1.0	1.0	False				
phase18_selenow_excitatory_consensus_v1	MSigDB C2:CP v2026.1 Hs symbols	Excitatory_neurons	WP_ENDOPLASMIC_RETICULUM_STRESS_RESPONSE_IN_CORONAVIRUS_INFECTION	https://www.gsea-msigdb.org/gsea/msigdb/human/geneset/WP_ENDOPLASMIC_RETICULUM_STRESS_RESPONSE_IN_CORONAVIRUS_INFECTION	all excitatory-neuron Bayesian-network genes represented in MSigDB C2:CP	6952	23	33	0		0.0	1.0	1.0	False				
phase18_selenow_excitatory_consensus_v1	MSigDB C2:CP v2026.1 Hs symbols	Excitatory_neurons	WP_ENERGY_METABOLISM	https://www.gsea-msigdb.org/gsea/msigdb/human/geneset/WP_ENERGY_METABOLISM	all excitatory-neuron Bayesian-network genes represented in MSigDB C2:CP	6952	23	39	0		0.0	1.0	1.0	False				
phase18_selenow_excitatory_consensus_v1	MSigDB C2:CP v2026.1 Hs symbols	Excitatory_neurons	WP_ENTEROCYTE_CHOLESTEROL_METABOLISM	https://www.gsea-msigdb.org/gsea/msigdb/human/geneset/WP_ENTEROCYTE_CHOLESTEROL_METABOLISM	all excitatory-neuron Bayesian-network genes represented in MSigDB C2:CP	6952	23	23	0		0.0	1.0	1.0	False				
phase18_selenow_excitatory_consensus_v1	MSigDB C2:CP v2026.1 Hs symbols	Excitatory_neurons	WP_ENVELOPE_PROTEINS_AND_THEIR_POTENTIAL_ROLES_IN_EDMD_PHYSIOPATHOLOGY	https://www.gsea-msigdb.org/gsea/msigdb/human/geneset/WP_ENVELOPE_PROTEINS_AND_THEIR_POTENTIAL_ROLES_IN_EDMD_PHYSIOPATHOLOGY	all excitatory-neuron Bayesian-network genes represented in MSigDB C2:CP	6952	23	36	0		0.0	1.0	1.0	False				
phase18_selenow_excitatory_consensus_v1	MSigDB C2:CP v2026.1 Hs symbols	Excitatory_neurons	WP_EPO_RECEPTOR_SIGNALING	https://www.gsea-msigdb.org/gsea/msigdb/human/geneset/WP_EPO_RECEPTOR_SIGNALING	all excitatory-neuron Bayesian-network genes represented in MSigDB C2:CP	6952	23	18	0		0.0	1.0	1.0	False				
phase18_selenow_excitatory_consensus_v1	MSigDB C2:CP v2026.1 Hs symbols	Excitatory_neurons	WP_ERBB_SIGNALING	https://www.gsea-msigdb.org/gsea/msigdb/human/geneset/WP_ERBB_SIGNALING	all excitatory-neuron Bayesian-network genes represented in MSigDB C2:CP	6952	23	69	0		0.0	1.0	1.0	False				
phase18_selenow_excitatory_consensus_v1	MSigDB C2:CP v2026.1 Hs symbols	Excitatory_neurons	WP_ESTROGEN_SIGNALING	https://www.gsea-msigdb.org/gsea/msigdb/human/geneset/WP_ESTROGEN_SIGNALING	all excitatory-neuron Bayesian-network genes represented in MSigDB C2:CP	6952	23	20	0		0.0	1.0	1.0	False				
phase18_selenow_excitatory_consensus_v1	MSigDB C2:CP v2026.1 Hs symbols	Excitatory_neurons	WP_ETHANOL_EFFECTS_ON_HISTONE_MODIFICATIONS	https://www.gsea-msigdb.org/gsea/msigdb/human/geneset/WP_ETHANOL_EFFECTS_ON_HISTONE_MODIFICATIONS	all excitatory-neuron Bayesian-network genes represented in MSigDB C2:CP	6952	23	23	0		0.0	1.0	1.0	False				
phase18_selenow_excitatory_consensus_v1	MSigDB C2:CP v2026.1 Hs symbols	Excitatory_neurons	WP_ETHER_LIPID_BIOSYNTHESIS	https://www.gsea-msigdb.org/gsea/msigdb/human/geneset/WP_ETHER_LIPID_BIOSYNTHESIS	all excitatory-neuron Bayesian-network genes represented in MSigDB C2:CP	6952	23	15	0		0.0	1.0	1.0	False				
phase18_selenow_excitatory_consensus_v1	MSigDB C2:CP v2026.1 Hs symbols	Excitatory_neurons	WP_EUKARYOTIC_TRANSCRIPTION_INITIATION	https://www.gsea-msigdb.org/gsea/msigdb/human/geneset/WP_EUKARYOTIC_TRANSCRIPTION_INITIATION	all excitatory-neuron Bayesian-network genes represented in MSigDB C2:CP	6952	23	38	0		0.0	1.0	1.0	False				
phase18_selenow_excitatory_consensus_v1	MSigDB C2:CP v2026.1 Hs symbols	Excitatory_neurons	WP_EXERCISEINDUCED_CIRCADIAN_REGULATION	https://www.gsea-msigdb.org/gsea/msigdb/human/geneset/WP_EXERCISEINDUCED_CIRCADIAN_REGULATION	all excitatory-neuron Bayesian-network genes represented in MSigDB C2:CP	6952	23	34	0		0.0	1.0	1.0	False				
phase18_selenow_excitatory_consensus_v1	MSigDB C2:CP v2026.1 Hs symbols	Excitatory_neurons	WP_FACTORS_AND_PATHWAYS_AFFECTING_INSULINLIKE_GROWTH_FACTOR_IGF1AKT_SIGNALING	https://www.gsea-msigdb.org/gsea/msigdb/human/geneset/WP_FACTORS_AND_PATHWAYS_AFFECTING_INSULINLIKE_GROWTH_FACTOR_IGF1AKT_SIGNALING	all excitatory-neuron Bayesian-network genes represented in MSigDB C2:CP	6952	23	25	0		0.0	1.0	1.0	False				
phase18_selenow_excitatory_consensus_v1	MSigDB C2:CP v2026.1 Hs symbols	Excitatory_neurons	WP_FAMILIAL_PARTIAL_LIPODYSTROPHY	https://www.gsea-msigdb.org/gsea/msigdb/human/geneset/WP_FAMILIAL_PARTIAL_LIPODYSTROPHY	all excitatory-neuron Bayesian-network genes represented in MSigDB C2:CP	6952	23	17	0		0.0	1.0	1.0	False				
phase18_selenow_excitatory_consensus_v1	MSigDB C2:CP v2026.1 Hs symbols	Excitatory_neurons	WP_FANCONI_ANEMIA	https://www.gsea-msigdb.org/gsea/msigdb/human/geneset/WP_FANCONI_ANEMIA	all excitatory-neuron Bayesian-network genes represented in MSigDB C2:CP	6952	23	29	0		0.0	1.0	1.0	False				
phase18_selenow_excitatory_consensus_v1	MSigDB C2:CP v2026.1 Hs symbols	Excitatory_neurons	WP_FAS_LIGAND_PATHWAY_AND_STRESS_INDUCTION_OF_HEAT_SHOCK_PROTEINS	https://www.gsea-msigdb.org/gsea/msigdb/human/geneset/WP_FAS_LIGAND_PATHWAY_AND_STRESS_INDUCTION_OF_HEAT_SHOCK_PROTEINS	all excitatory-neuron Bayesian-network genes represented in MSigDB C2:CP	6952	23	29	0		0.0	1.0	1.0	False				
phase18_selenow_excitatory_consensus_v1	MSigDB C2:CP v2026.1 Hs symbols	Excitatory_neurons	WP_FATTY_ACID_AND_LIPOPROTEIN_TRANSPORT_IN_HEPATOCYTES	https://www.gsea-msigdb.org/gsea/msigdb/human/geneset/WP_FATTY_ACID_AND_LIPOPROTEIN_TRANSPORT_IN_HEPATOCYTES	all excitatory-neuron Bayesian-network genes represented in MSigDB C2:CP	6952	23	227	0		0.0	1.0	1.0	False				
phase18_selenow_excitatory_consensus_v1	MSigDB C2:CP v2026.1 Hs symbols	Excitatory_neurons	WP_FATTY_ACID_BETAOXIDATION	https://www.gsea-msigdb.org/gsea/msigdb/human/geneset/WP_FATTY_ACID_BETAOXIDATION	all excitatory-neuron Bayesian-network genes represented in MSigDB C2:CP	6952	23	21	0		0.0	1.0	1.0	False				
phase18_selenow_excitatory_consensus_v1	MSigDB C2:CP v2026.1 Hs symbols	Excitatory_neurons	WP_FATTY_ACID_BIOSYNTHESIS	https://www.gsea-msigdb.org/gsea/msigdb/human/geneset/WP_FATTY_ACID_BIOSYNTHESIS	all excitatory-neuron Bayesian-network genes represented in MSigDB C2:CP	6952	23	17	0		0.0	1.0	1.0	False				
phase18_selenow_excitatory_consensus_v1	MSigDB C2:CP v2026.1 Hs symbols	Excitatory_neurons	WP_FERROPTOSIS	https://www.gsea-msigdb.org/gsea/msigdb/human/geneset/WP_FERROPTOSIS	all excitatory-neuron Bayesian-network genes represented in MSigDB C2:CP	6952	23	40	0		0.0	1.0	1.0	False				
phase18_selenow_excitatory_consensus_v1	MSigDB C2:CP v2026.1 Hs symbols	Excitatory_neurons	WP_FGFR3_SIGNALING_IN_CHONDROCYTE_PROLIFERATION_AND_TERMINAL_DIFFERENTIATION	https://www.gsea-msigdb.org/gsea/msigdb/human/geneset/WP_FGFR3_SIGNALING_IN_CHONDROCYTE_PROLIFERATION_AND_TERMINAL_DIFFERENTIATION	all excitatory-neuron Bayesian-network genes represented in MSigDB C2:CP	6952	23	16	0		0.0	1.0	1.0	False				
phase18_selenow_excitatory_consensus_v1	MSigDB C2:CP v2026.1 Hs symbols	Excitatory_neurons	WP_FIBRIN_COMPLEMENT_RECEPTOR_3_SIGNALING	https://www.gsea-msigdb.org/gsea/msigdb/human/geneset/WP_FIBRIN_COMPLEMENT_RECEPTOR_3_SIGNALING	all excitatory-neuron Bayesian-network genes represented in MSigDB C2:CP	6952	23	17	0		0.0	1.0	1.0	False				
phase18_selenow_excitatory_consensus_v1	MSigDB C2:CP v2026.1 Hs symbols	Excitatory_neurons	WP_FLUOROPYRIMIDINE_ACTIVITY	https://www.gsea-msigdb.org/gsea/msigdb/human/geneset/WP_FLUOROPYRIMIDINE_ACTIVITY	all excitatory-neuron Bayesian-network genes represented in MSigDB C2:CP	6952	23	19	0		0.0	1.0	1.0	False				
phase18_selenow_excitatory_consensus_v1	MSigDB C2:CP v2026.1 Hs symbols	Excitatory_neurons	WP_FOCAL_ADHESION	https://www.gsea-msigdb.org/gsea/msigdb/human/geneset/WP_FOCAL_ADHESION	all excitatory-neuron Bayesian-network genes represented in MSigDB C2:CP	6952	23	105	0		0.0	1.0	1.0	False				
phase18_selenow_excitatory_consensus_v1	MSigDB C2:CP v2026.1 Hs symbols	Excitatory_neurons	WP_FOCAL_ADHESION_PI3KAKTMTORSIGNALING	https://www.gsea-msigdb.org/gsea/msigdb/human/geneset/WP_FOCAL_ADHESION_PI3KAKTMTORSIGNALING	all excitatory-neuron Bayesian-network genes represented in MSigDB C2:CP	6952	23	141	0		0.0	1.0	1.0	False				
phase18_selenow_excitatory_consensus_v1	MSigDB C2:CP v2026.1 Hs symbols	Excitatory_neurons	WP_FOLATE_METABOLISM	https://www.gsea-msigdb.org/gsea/msigdb/human/geneset/WP_FOLATE_METABOLISM	all excitatory-neuron Bayesian-network genes represented in MSigDB C2:CP	6952	23	19	0		0.0	1.0	1.0	False				
phase18_selenow_excitatory_consensus_v1	MSigDB C2:CP v2026.1 Hs symbols	Excitatory_neurons	WP_FOLLICLE_STIMULATING_HORMONE_FSH_SIGNALING	https://www.gsea-msigdb.org/gsea/msigdb/human/geneset/WP_FOLLICLE_STIMULATING_HORMONE_FSH_SIGNALING	all excitatory-neuron Bayesian-network genes represented in MSigDB C2:CP	6952	23	20	0		0.0	1.0	1.0	False				
phase18_selenow_excitatory_consensus_v1	MSigDB C2:CP v2026.1 Hs symbols	Excitatory_neurons	WP_FRAGILE_X_SYNDROME	https://www.gsea-msigdb.org/gsea/msigdb/human/geneset/WP_FRAGILE_X_SYNDROME	all excitatory-neuron Bayesian-network genes represented in MSigDB C2:CP	6952	23	103	0		0.0	1.0	1.0	False				
phase18_selenow_excitatory_consensus_v1	MSigDB C2:CP v2026.1 Hs symbols	Excitatory_neurons	WP_G13_SIGNALING	https://www.gsea-msigdb.org/gsea/msigdb/human/geneset/WP_G13_SIGNALING	all excitatory-neuron Bayesian-network genes represented in MSigDB C2:CP	6952	23	29	0		0.0	1.0	1.0	False				
phase18_selenow_excitatory_consensus_v1	MSigDB C2:CP v2026.1 Hs symbols	Excitatory_neurons	WP_G1_TO_S_CELL_CYCLE_CONTROL	https://www.gsea-msigdb.org/gsea/msigdb/human/geneset/WP_G1_TO_S_CELL_CYCLE_CONTROL	all excitatory-neuron Bayesian-network genes represented in MSigDB C2:CP	6952	23	35	0		0.0	1.0	1.0	False				
phase18_selenow_excitatory_consensus_v1	MSigDB C2:CP v2026.1 Hs symbols	Excitatory_neurons	WP_GABA_AND_GLUTAMATE_SIGNALLING_IN_EPILEPTOGENESIS	https://www.gsea-msigdb.org/gsea/msigdb/human/geneset/WP_GABA_AND_GLUTAMATE_SIGNALLING_IN_EPILEPTOGENESIS	all excitatory-neuron Bayesian-network genes represented in MSigDB C2:CP	6952	23	80	0		0.0	1.0	1.0	False				
phase18_selenow_excitatory_consensus_v1	MSigDB C2:CP v2026.1 Hs symbols	Excitatory_neurons	WP_GABA_RECEPTOR_SIGNALING	https://www.gsea-msigdb.org/gsea/msigdb/human/geneset/WP_GABA_RECEPTOR_SIGNALING	all excitatory-neuron Bayesian-network genes represented in MSigDB C2:CP	6952	23	18	0		0.0	1.0	1.0	False				
phase18_selenow_excitatory_consensus_v1	MSigDB C2:CP v2026.1 Hs symbols	Excitatory_neurons	WP_GASTRIC_CANCER_NETWORK_2	https://www.gsea-msigdb.org/gsea/msigdb/human/geneset/WP_GASTRIC_CANCER_NETWORK_2	all excitatory-neuron Bayesian-network genes represented in MSigDB C2:CP	6952	23	18	0		0.0	1.0	1.0	False				
phase18_selenow_excitatory_consensus_v1	MSigDB C2:CP v2026.1 Hs symbols	Excitatory_neurons	WP_GASTRIN_SIGNALING	https://www.gsea-msigdb.org/gsea/msigdb/human/geneset/WP_GASTRIN_SIGNALING	all excitatory-neuron Bayesian-network genes represented in MSigDB C2:CP	6952	23	75	0		0.0	1.0	1.0	False				
phase18_selenow_excitatory_consensus_v1	MSigDB C2:CP v2026.1 Hs symbols	Excitatory_neurons	WP_GENES_RELATED_TO_PRIMARY_CILIUM_DEVELOPMENT_BASED_ON_CRISPR	https://www.gsea-msigdb.org/gsea/msigdb/human/geneset/WP_GENES_RELATED_TO_PRIMARY_CILIUM_DEVELOPMENT_BASED_ON_CRISPR	all excitatory-neuron Bayesian-network genes represented in MSigDB C2:CP	6952	23	81	0		0.0	1.0	1.0	False				
phase18_selenow_excitatory_consensus_v1	MSigDB C2:CP v2026.1 Hs symbols	Excitatory_neurons	WP_GENETIC_CAUSES_OF_PORTOSINUSOIDAL_VASCULAR_DISEASE	https://www.gsea-msigdb.org/gsea/msigdb/human/geneset/WP_GENETIC_CAUSES_OF_PORTOSINUSOIDAL_VASCULAR_DISEASE	all excitatory-neuron Bayesian-network genes represented in MSigDB C2:CP	6952	23	19	0		0.0	1.0	1.0	False				
phase18_selenow_excitatory_consensus_v1	MSigDB C2:CP v2026.1 Hs symbols	Excitatory_neurons	WP_GLIOBLASTOMA_SIGNALING	https://www.gsea-msigdb.org/gsea/msigdb/human/geneset/WP_GLIOBLASTOMA_SIGNALING	all excitatory-neuron Bayesian-network genes represented in MSigDB C2:CP	6952	23	56	0		0.0	1.0	1.0	False				
phase18_selenow_excitatory_consensus_v1	MSigDB C2:CP v2026.1 Hs symbols	Excitatory_neurons	WP_GLUCOCORTICOID_RECEPTOR_PATHWAY	https://www.gsea-msigdb.org/gsea/msigdb/human/geneset/WP_GLUCOCORTICOID_RECEPTOR_PATHWAY	all excitatory-neuron Bayesian-network genes represented in MSigDB C2:CP	6952	23	28	0		0.0	1.0	1.0	False				
phase18_selenow_excitatory_consensus_v1	MSigDB C2:CP v2026.1 Hs symbols	Excitatory_neurons	WP_GLYCEROLIPIDS_AND_GLYCEROPHOSPHOLIPIDS	https://www.gsea-msigdb.org/gsea/msigdb/human/geneset/WP_GLYCEROLIPIDS_AND_GLYCEROPHOSPHOLIPIDS	all excitatory-neuron Bayesian-network genes represented in MSigDB C2:CP	6952	23	17	0		0.0	1.0	1.0	False				
phase18_selenow_excitatory_consensus_v1	MSigDB C2:CP v2026.1 Hs symbols	Excitatory_neurons	WP_GLYCEROL_METABOLISM_INCLUDING_LINKED_IMDS	https://www.gsea-msigdb.org/gsea/msigdb/human/geneset/WP_GLYCEROL_METABOLISM_INCLUDING_LINKED_IMDS	all excitatory-neuron Bayesian-network genes represented in MSigDB C2:CP	6952	23	17	0		0.0	1.0	1.0	False				
phase18_selenow_excitatory_consensus_v1	MSigDB C2:CP v2026.1 Hs symbols	Excitatory_neurons	WP_GLYCEROPHOSPHOLIPID_BIOSYNTHETIC_PATHWAY	https://www.gsea-msigdb.org/gsea/msigdb/human/geneset/WP_GLYCEROPHOSPHOLIPID_BIOSYNTHETIC_PATHWAY	all excitatory-neuron Bayesian-network genes represented in MSigDB C2:CP	6952	23	23	0		0.0	1.0	1.0	False				
phase18_selenow_excitatory_consensus_v1	MSigDB C2:CP v2026.1 Hs symbols	Excitatory_neurons	WP_GLYCOGEN_SYNTHESIS_AND_DEGRADATION	https://www.gsea-msigdb.org/gsea/msigdb/human/geneset/WP_GLYCOGEN_SYNTHESIS_AND_DEGRADATION	all excitatory-neuron Bayesian-network genes represented in MSigDB C2:CP	6952	23	30	0		0.0	1.0	1.0	False				
phase18_selenow_excitatory_consensus_v1	MSigDB C2:CP v2026.1 Hs symbols	Excitatory_neurons	WP_GLYCOLYSIS_AND_GLUCONEOGENESIS	https://www.gsea-msigdb.org/gsea/msigdb/human/geneset/WP_GLYCOLYSIS_AND_GLUCONEOGENESIS	all excitatory-neuron Bayesian-network genes represented in MSigDB C2:CP	6952	23	26	0		0.0	1.0	1.0	False				
phase18_selenow_excitatory_consensus_v1	MSigDB C2:CP v2026.1 Hs symbols	Excitatory_neurons	WP_GLYCOSAMINOGLYCAN_SYNTHESIS_IN_FIBROBLASTS	https://www.gsea-msigdb.org/gsea/msigdb/human/geneset/WP_GLYCOSAMINOGLYCAN_SYNTHESIS_IN_FIBROBLASTS	all excitatory-neuron Bayesian-network genes represented in MSigDB C2:CP	6952	23	25	0		0.0	1.0	1.0	False				
phase18_selenow_excitatory_consensus_v1	MSigDB C2:CP v2026.1 Hs symbols	Excitatory_neurons	WP_GLYCOSYLATION_AND_RELATED_CONGENITAL_DEFECTS	https://www.gsea-msigdb.org/gsea/msigdb/human/geneset/WP_GLYCOSYLATION_AND_RELATED_CONGENITAL_DEFECTS	all excitatory-neuron Bayesian-network genes represented in MSigDB C2:CP	6952	23	20	0		0.0	1.0	1.0	False				
phase18_selenow_excitatory_consensus_v1	MSigDB C2:CP v2026.1 Hs symbols	Excitatory_neurons	WP_GLYCOSYLPHOSPHATIDYL_INOSITOL_ANCHOR_PATHWAY	https://www.gsea-msigdb.org/gsea/msigdb/human/geneset/WP_GLYCOSYLPHOSPHATIDYL_INOSITOL_ANCHOR_PATHWAY	all excitatory-neuron Bayesian-network genes represented in MSigDB C2:CP	6952	23	20	0		0.0	1.0	1.0	False				
phase18_selenow_excitatory_consensus_v1	MSigDB C2:CP v2026.1 Hs symbols	Excitatory_neurons	WP_GNAQ_PATHWAYS_IN_PORTWINE_STAIN	https://www.gsea-msigdb.org/gsea/msigdb/human/geneset/WP_GNAQ_PATHWAYS_IN_PORTWINE_STAIN	all excitatory-neuron Bayesian-network genes represented in MSigDB C2:CP	6952	23	19	0		0.0	1.0	1.0	False				
phase18_selenow_excitatory_consensus_v1	MSigDB C2:CP v2026.1 Hs symbols	Excitatory_neurons	WP_GPCRS_CLASS_A_RHODOPSINLIKE	https://www.gsea-msigdb.org/gsea/msigdb/human/geneset/WP_GPCRS_CLASS_A_RHODOPSINLIKE	all excitatory-neuron Bayesian-network genes represented in MSigDB C2:CP	6952	23	17	0		0.0	1.0	1.0	False				
phase18_selenow_excitatory_consensus_v1	MSigDB C2:CP v2026.1 Hs symbols	Excitatory_neurons	WP_GPCRS_OTHER	https://www.gsea-msigdb.org/gsea/msigdb/human/geneset/WP_GPCRS_OTHER	all excitatory-neuron Bayesian-network genes represented in MSigDB C2:CP	6952	23	15	0		0.0	1.0	1.0	False				
phase18_selenow_excitatory_consensus_v1	MSigDB C2:CP v2026.1 Hs symbols	Excitatory_neurons	WP_GROWTH_FACTORS_AND_HORMONES_IN_BETA_CELL_PROLIFERATION	https://www.gsea-msigdb.org/gsea/msigdb/human/geneset/WP_GROWTH_FACTORS_AND_HORMONES_IN_BETA_CELL_PROLIFERATION	all excitatory-neuron Bayesian-network genes represented in MSigDB C2:CP	6952	23	16	0		0.0	1.0	1.0	False				
phase18_selenow_excitatory_consensus_v1	MSigDB C2:CP v2026.1 Hs symbols	Excitatory_neurons	WP_G_PROTEIN_SIGNALING	https://www.gsea-msigdb.org/gsea/msigdb/human/geneset/WP_G_PROTEIN_SIGNALING	all excitatory-neuron Bayesian-network genes represented in MSigDB C2:CP	6952	23	64	0		0.0	1.0	1.0	False				
phase18_selenow_excitatory_consensus_v1	MSigDB C2:CP v2026.1 Hs symbols	Excitatory_neurons	WP_HAIR_FOLLICLE_DEVELOPMENT_CYTODIFFERENTIATION_STAGE_3_OF_3	https://www.gsea-msigdb.org/gsea/msigdb/human/geneset/WP_HAIR_FOLLICLE_DEVELOPMENT_CYTODIFFERENTIATION_STAGE_3_OF_3	all excitatory-neuron Bayesian-network genes represented in MSigDB C2:CP	6952	23	20	0		0.0	1.0	1.0	False				
phase18_selenow_excitatory_consensus_v1	MSigDB C2:CP v2026.1 Hs symbols	Excitatory_neurons	WP_HALLMARK_OF_CANCER_SUSTAINING_PROLIFERATIVE_SIGNALING	https://www.gsea-msigdb.org/gsea/msigdb/human/geneset/WP_HALLMARK_OF_CANCER_SUSTAINING_PROLIFERATIVE_SIGNALING	all excitatory-neuron Bayesian-network genes represented in MSigDB C2:CP	6952	23	64	0		0.0	1.0	1.0	False				
phase18_selenow_excitatory_consensus_v1	MSigDB C2:CP v2026.1 Hs symbols	Excitatory_neurons	WP_HDAC6_INTERACTIONS_IN_THE_CENTRAL_NERVOUS_SYSTEM	https://www.gsea-msigdb.org/gsea/msigdb/human/geneset/WP_HDAC6_INTERACTIONS_IN_THE_CENTRAL_NERVOUS_SYSTEM	all excitatory-neuron Bayesian-network genes represented in MSigDB C2:CP	6952	23	82	0		0.0	1.0	1.0	False				
phase18_selenow_excitatory_consensus_v1	MSigDB C2:CP v2026.1 Hs symbols	Excitatory_neurons	WP_HEAD_AND_NECK_SQUAMOUS_CELL_CARCINOMA	https://www.gsea-msigdb.org/gsea/msigdb/human/geneset/WP_HEAD_AND_NECK_SQUAMOUS_CELL_CARCINOMA	all excitatory-neuron Bayesian-network genes represented in MSigDB C2:CP	6952	23	48	0		0.0	1.0	1.0	False				
phase18_selenow_excitatory_consensus_v1	MSigDB C2:CP v2026.1 Hs symbols	Excitatory_neurons	WP_HEDGEHOG_SIGNALING_WP4249	https://www.gsea-msigdb.org/gsea/msigdb/human/geneset/WP_HEDGEHOG_SIGNALING_WP4249	all excitatory-neuron Bayesian-network genes represented in MSigDB C2:CP	6952	23	25	0		0.0	1.0	1.0	False				
phase18_selenow_excitatory_consensus_v1	MSigDB C2:CP v2026.1 Hs symbols	Excitatory_neurons	WP_HEMATOPOIETIC_STEM_CELL_GENE_REGULATION_BY_GABP_ALPHABETA_COMPLEX	https://www.gsea-msigdb.org/gsea/msigdb/human/geneset/WP_HEMATOPOIETIC_STEM_CELL_GENE_REGULATION_BY_GABP_ALPHABETA_COMPLEX	all excitatory-neuron Bayesian-network genes represented in MSigDB C2:CP	6952	23	17	0		0.0	1.0	1.0	False				
phase18_selenow_excitatory_consensus_v1	MSigDB C2:CP v2026.1 Hs symbols	Excitatory_neurons	WP_HEPATITIS_B_INFECTION	https://www.gsea-msigdb.org/gsea/msigdb/human/geneset/WP_HEPATITIS_B_INFECTION	all excitatory-neuron Bayesian-network genes represented in MSigDB C2:CP	6952	23	95	0		0.0	1.0	1.0	False				
phase18_selenow_excitatory_consensus_v1	MSigDB C2:CP v2026.1 Hs symbols	Excitatory_neurons	WP_HEPATITIS_C_AND_HEPATOCELLULAR_CARCINOMA	https://www.gsea-msigdb.org/gsea/msigdb/human/geneset/WP_HEPATITIS_C_AND_HEPATOCELLULAR_CARCINOMA	all excitatory-neuron Bayesian-network genes represented in MSigDB C2:CP	6952	23	23	0		0.0	1.0	1.0	False				
phase18_selenow_excitatory_consensus_v1	MSigDB C2:CP v2026.1 Hs symbols	Excitatory_neurons	WP_HEPATOCYTE_GROWTH_FACTOR_RECEPTOR_SIGNALING	https://www.gsea-msigdb.org/gsea/msigdb/human/geneset/WP_HEPATOCYTE_GROWTH_FACTOR_RECEPTOR_SIGNALING	all excitatory-neuron Bayesian-network genes represented in MSigDB C2:CP	6952	23	27	0		0.0	1.0	1.0	False				
phase18_selenow_excitatory_consensus_v1	MSigDB C2:CP v2026.1 Hs symbols	Excitatory_neurons	WP_HEREDITARY_LEIOMYOMATOSIS_AND_RENAL_CELL_CARCINOMA_PATHWAY	https://www.gsea-msigdb.org/gsea/msigdb/human/geneset/WP_HEREDITARY_LEIOMYOMATOSIS_AND_RENAL_CELL_CARCINOMA_PATHWAY	all excitatory-neuron Bayesian-network genes represented in MSigDB C2:CP	6952	23	18	0		0.0	1.0	1.0	False				
phase18_selenow_excitatory_consensus_v1	MSigDB C2:CP v2026.1 Hs symbols	Excitatory_neurons	WP_HINT1_PATHWAY	https://www.gsea-msigdb.org/gsea/msigdb/human/geneset/WP_HINT1_PATHWAY	all excitatory-neuron Bayesian-network genes represented in MSigDB C2:CP	6952	23	19	0		0.0	1.0	1.0	False				
phase18_selenow_excitatory_consensus_v1	MSigDB C2:CP v2026.1 Hs symbols	Excitatory_neurons	WP_HIPPOCAMPAL_SYNAPTOGENESIS_AND_NEUROGENESIS	https://www.gsea-msigdb.org/gsea/msigdb/human/geneset/WP_HIPPOCAMPAL_SYNAPTOGENESIS_AND_NEUROGENESIS	all excitatory-neuron Bayesian-network genes represented in MSigDB C2:CP	6952	23	20	0		0.0	1.0	1.0	False				
phase18_selenow_excitatory_consensus_v1	MSigDB C2:CP v2026.1 Hs symbols	Excitatory_neurons	WP_HIPPOMERLIN_SIGNALING_DYSREGULATION	https://www.gsea-msigdb.org/gsea/msigdb/human/geneset/WP_HIPPOMERLIN_SIGNALING_DYSREGULATION	all excitatory-neuron Bayesian-network genes represented in MSigDB C2:CP	6952	23	59	0		0.0	1.0	1.0	False				
phase18_selenow_excitatory_consensus_v1	MSigDB C2:CP v2026.1 Hs symbols	Excitatory_neurons	WP_HIPPO_SIGNALING_REGULATION	https://www.gsea-msigdb.org/gsea/msigdb/human/geneset/WP_HIPPO_SIGNALING_REGULATION	all excitatory-neuron Bayesian-network genes represented in MSigDB C2:CP	6952	23	54	0		0.0	1.0	1.0	False				
phase18_selenow_excitatory_consensus_v1	MSigDB C2:CP v2026.1 Hs symbols	Excitatory_neurons	WP_HISTONE_MODIFICATIONS	https://www.gsea-msigdb.org/gsea/msigdb/human/geneset/WP_HISTONE_MODIFICATIONS	all excitatory-neuron Bayesian-network genes represented in MSigDB C2:CP	6952	23	34	0		0.0	1.0	1.0	False				
phase18_selenow_excitatory_consensus_v1	MSigDB C2:CP v2026.1 Hs symbols	Excitatory_neurons	WP_HOSTPATHOGEN_INTERACTION_OF_HUMAN_CORONAVIRUSES_APOPTOSIS	https://www.gsea-msigdb.org/gsea/msigdb/human/geneset/WP_HOSTPATHOGEN_INTERACTION_OF_HUMAN_CORONAVIRUSES_APOPTOSIS	all excitatory-neuron Bayesian-network genes represented in MSigDB C2:CP	6952	23	15	0		0.0	1.0	1.0	False				
phase18_selenow_excitatory_consensus_v1	MSigDB C2:CP v2026.1 Hs symbols	Excitatory_neurons	WP_HOSTPATHOGEN_INTERACTION_OF_HUMAN_CORONAVIRUSES_AUTOPHAGY	https://www.gsea-msigdb.org/gsea/msigdb/human/geneset/WP_HOSTPATHOGEN_INTERACTION_OF_HUMAN_CORONAVIRUSES_AUTOPHAGY	all excitatory-neuron Bayesian-network genes represented in MSigDB C2:CP	6952	23	19	0		0.0	1.0	1.0	False				
phase18_selenow_excitatory_consensus_v1	MSigDB C2:CP v2026.1 Hs symbols	Excitatory_neurons	WP_HOSTPATHOGEN_INTERACTION_OF_HUMAN_CORONAVIRUSES_INTERFERON_INDUCTION	https://www.gsea-msigdb.org/gsea/msigdb/human/geneset/WP_HOSTPATHOGEN_INTERACTION_OF_HUMAN_CORONAVIRUSES_INTERFERON_INDUCTION	all excitatory-neuron Bayesian-network genes represented in MSigDB C2:CP	6952	23	21	0		0.0	1.0	1.0	False				
phase18_selenow_excitatory_consensus_v1	MSigDB C2:CP v2026.1 Hs symbols	Excitatory_neurons	WP_HOSTPATHOGEN_INTERACTION_OF_HUMAN_CORONAVIRUSES_MAPK_SIGNALING	https://www.gsea-msigdb.org/gsea/msigdb/human/geneset/WP_HOSTPATHOGEN_INTERACTION_OF_HUMAN_CORONAVIRUSES_MAPK_SIGNALING	all excitatory-neuron Bayesian-network genes represented in MSigDB C2:CP	6952	23	28	0		0.0	1.0	1.0	False				
phase18_selenow_excitatory_consensus_v1	MSigDB C2:CP v2026.1 Hs symbols	Excitatory_neurons	WP_IL11_SIGNALING	https://www.gsea-msigdb.org/gsea/msigdb/human/geneset/WP_IL11_SIGNALING	all excitatory-neuron Bayesian-network genes represented in MSigDB C2:CP	6952	23	33	0		0.0	1.0	1.0	False				
phase18_selenow_excitatory_consensus_v1	MSigDB C2:CP v2026.1 Hs symbols	Excitatory_neurons	WP_IL17_SIGNALING	https://www.gsea-msigdb.org/gsea/msigdb/human/geneset/WP_IL17_SIGNALING	all excitatory-neuron Bayesian-network genes represented in MSigDB C2:CP	6952	23	21	0		0.0	1.0	1.0	False				
phase18_selenow_excitatory_consensus_v1	MSigDB C2:CP v2026.1 Hs symbols	Excitatory_neurons	WP_IL18_SIGNALING	https://www.gsea-msigdb.org/gsea/msigdb/human/geneset/WP_IL18_SIGNALING	all excitatory-neuron Bayesian-network genes represented in MSigDB C2:CP	6952	23	128	0		0.0	1.0	1.0	False				
phase18_selenow_excitatory_consensus_v1	MSigDB C2:CP v2026.1 Hs symbols	Excitatory_neurons	WP_IL1_SIGNALING	https://www.gsea-msigdb.org/gsea/msigdb/human/geneset/WP_IL1_SIGNALING	all excitatory-neuron Bayesian-network genes represented in MSigDB C2:CP	6952	23	44	0		0.0	1.0	1.0	False				
phase18_selenow_excitatory_consensus_v1	MSigDB C2:CP v2026.1 Hs symbols	Excitatory_neurons	WP_IL26_SIGNALING	https://www.gsea-msigdb.org/gsea/msigdb/human/geneset/WP_IL26_SIGNALING	all excitatory-neuron Bayesian-network genes represented in MSigDB C2:CP	6952	23	19	0		0.0	1.0	1.0	False				
phase18_selenow_excitatory_consensus_v1	MSigDB C2:CP v2026.1 Hs symbols	Excitatory_neurons	WP_IL2_SIGNALING	https://www.gsea-msigdb.org/gsea/msigdb/human/geneset/WP_IL2_SIGNALING	all excitatory-neuron Bayesian-network genes represented in MSigDB C2:CP	6952	23	28	0		0.0	1.0	1.0	False				
phase18_selenow_excitatory_consensus_v1	MSigDB C2:CP v2026.1 Hs symbols	Excitatory_neurons	WP_IL3_SIGNALING	https://www.gsea-msigdb.org/gsea/msigdb/human/geneset/WP_IL3_SIGNALING	all excitatory-neuron Bayesian-network genes represented in MSigDB C2:CP	6952	23	31	0		0.0	1.0	1.0	False				
phase18_selenow_excitatory_consensus_v1	MSigDB C2:CP v2026.1 Hs symbols	Excitatory_neurons	WP_IL4_SIGNALING	https://www.gsea-msigdb.org/gsea/msigdb/human/geneset/WP_IL4_SIGNALING	all excitatory-neuron Bayesian-network genes represented in MSigDB C2:CP	6952	23	36	0		0.0	1.0	1.0	False				
phase18_selenow_excitatory_consensus_v1	MSigDB C2:CP v2026.1 Hs symbols	Excitatory_neurons	WP_IL5_SIGNALING	https://www.gsea-msigdb.org/gsea/msigdb/human/geneset/WP_IL5_SIGNALING	all excitatory-neuron Bayesian-network genes represented in MSigDB C2:CP	6952	23	27	0		0.0	1.0	1.0	False				
phase18_selenow_excitatory_consensus_v1	MSigDB C2:CP v2026.1 Hs symbols	Excitatory_neurons	WP_IL6_SIGNALING	https://www.gsea-msigdb.org/gsea/msigdb/human/geneset/WP_IL6_SIGNALING	all excitatory-neuron Bayesian-network genes represented in MSigDB C2:CP	6952	23	28	0		0.0	1.0	1.0	False				
phase18_selenow_excitatory_consensus_v1	MSigDB C2:CP v2026.1 Hs symbols	Excitatory_neurons	WP_IL7_SIGNALING	https://www.gsea-msigdb.org/gsea/msigdb/human/geneset/WP_IL7_SIGNALING	all excitatory-neuron Bayesian-network genes represented in MSigDB C2:CP	6952	23	17	0		0.0	1.0	1.0	False				
phase18_selenow_excitatory_consensus_v1	MSigDB C2:CP v2026.1 Hs symbols	Excitatory_neurons	WP_INFLUENCE_OF_LAMINOPATHIES_ON_WNT_SIGNALING	https://www.gsea-msigdb.org/gsea/msigdb/human/geneset/WP_INFLUENCE_OF_LAMINOPATHIES_ON_WNT_SIGNALING	all excitatory-neuron Bayesian-network genes represented in MSigDB C2:CP	6952	23	19	0		0.0	1.0	1.0	False				
phase18_selenow_excitatory_consensus_v1	MSigDB C2:CP v2026.1 Hs symbols	Excitatory_neurons	WP_INHIBITION_OF_EXOSOME_BIOGENESIS_AND_SECRETION_BY_MANUMYCIN_A_IN_CRPC_CELLS	https://www.gsea-msigdb.org/gsea/msigdb/human/geneset/WP_INHIBITION_OF_EXOSOME_BIOGENESIS_AND_SECRETION_BY_MANUMYCIN_A_IN_CRPC_CELLS	all excitatory-neuron Bayesian-network genes represented in MSigDB C2:CP	6952	23	16	0		0.0	1.0	1.0	False				
phase18_selenow_excitatory_consensus_v1	MSigDB C2:CP v2026.1 Hs symbols	Excitatory_neurons	WP_INHIBITION_OF_GNAQREGULATED_SIGNALING_IN_UVEAL_MELANOMA	https://www.gsea-msigdb.org/gsea/msigdb/human/geneset/WP_INHIBITION_OF_GNAQREGULATED_SIGNALING_IN_UVEAL_MELANOMA	all excitatory-neuron Bayesian-network genes represented in MSigDB C2:CP	6952	23	24	0		0.0	1.0	1.0	False				
phase18_selenow_excitatory_consensus_v1	MSigDB C2:CP v2026.1 Hs symbols	Excitatory_neurons	WP_INHIBITORS_OF_METABOLISM_IN_MELANOMA_THERAPY	https://www.gsea-msigdb.org/gsea/msigdb/human/geneset/WP_INHIBITORS_OF_METABOLISM_IN_MELANOMA_THERAPY	all excitatory-neuron Bayesian-network genes represented in MSigDB C2:CP	6952	23	28	0		0.0	1.0	1.0	False				
phase18_selenow_excitatory_consensus_v1	MSigDB C2:CP v2026.1 Hs symbols	Excitatory_neurons	WP_INITIATION_OF_TRANSCRIPTION_AND_TRANSLATION_ELONGATION_AT_THE_HIV1_LTR	https://www.gsea-msigdb.org/gsea/msigdb/human/geneset/WP_INITIATION_OF_TRANSCRIPTION_AND_TRANSLATION_ELONGATION_AT_THE_HIV1_LTR	all excitatory-neuron Bayesian-network genes represented in MSigDB C2:CP	6952	23	26	0		0.0	1.0	1.0	False				
phase18_selenow_excitatory_consensus_v1	MSigDB C2:CP v2026.1 Hs symbols	Excitatory_neurons	WP_INSULIN_SIGNALING	https://www.gsea-msigdb.org/gsea/msigdb/human/geneset/WP_INSULIN_SIGNALING	all excitatory-neuron Bayesian-network genes represented in MSigDB C2:CP	6952	23	126	0		0.0	1.0	1.0	False				
phase18_selenow_excitatory_consensus_v1	MSigDB C2:CP v2026.1 Hs symbols	Excitatory_neurons	WP_INTEGRATED_BREAST_CANCER_PATHWAY	https://www.gsea-msigdb.org/gsea/msigdb/human/geneset/WP_INTEGRATED_BREAST_CANCER_PATHWAY	all excitatory-neuron Bayesian-network genes represented in MSigDB C2:CP	6952	23	106	0		0.0	1.0	1.0	False				
phase18_selenow_excitatory_consensus_v1	MSigDB C2:CP v2026.1 Hs symbols	Excitatory_neurons	WP_INTEGRATED_CANCER_PATHWAY	https://www.gsea-msigdb.org/gsea/msigdb/human/geneset/WP_INTEGRATED_CANCER_PATHWAY	all excitatory-neuron Bayesian-network genes represented in MSigDB C2:CP	6952	23	27	0		0.0	1.0	1.0	False				
phase18_selenow_excitatory_consensus_v1	MSigDB C2:CP v2026.1 Hs symbols	Excitatory_neurons	WP_INTEGRATIVE_ANALYSIS_OF_TREGGLIAL_INTERACTIONS	https://www.gsea-msigdb.org/gsea/msigdb/human/geneset/WP_INTEGRATIVE_ANALYSIS_OF_TREGGLIAL_INTERACTIONS	all excitatory-neuron Bayesian-network genes represented in MSigDB C2:CP	6952	23	31	0		0.0	1.0	1.0	False				
phase18_selenow_excitatory_consensus_v1	MSigDB C2:CP v2026.1 Hs symbols	Excitatory_neurons	WP_INTEGRINMEDIATED_CELL_ADHESION	https://www.gsea-msigdb.org/gsea/msigdb/human/geneset/WP_INTEGRINMEDIATED_CELL_ADHESION	all excitatory-neuron Bayesian-network genes represented in MSigDB C2:CP	6952	23	63	0		0.0	1.0	1.0	False				
phase18_selenow_excitatory_consensus_v1	MSigDB C2:CP v2026.1 Hs symbols	Excitatory_neurons	WP_INTERACTOME_OF_POLYCOMB_REPRESSIVE_COMPLEX_2_PRC2	https://www.gsea-msigdb.org/gsea/msigdb/human/geneset/WP_INTERACTOME_OF_POLYCOMB_REPRESSIVE_COMPLEX_2_PRC2	all excitatory-neuron Bayesian-network genes represented in MSigDB C2:CP	6952	23	16	0		0.0	1.0	1.0	False				
phase18_selenow_excitatory_consensus_v1	MSigDB C2:CP v2026.1 Hs symbols	Excitatory_neurons	WP_INTERFERON_TYPE_I_SIGNALING	https://www.gsea-msigdb.org/gsea/msigdb/human/geneset/WP_INTERFERON_TYPE_I_SIGNALING	all excitatory-neuron Bayesian-network genes represented in MSigDB C2:CP	6952	23	41	0		0.0	1.0	1.0	False				
phase18_selenow_excitatory_consensus_v1	MSigDB C2:CP v2026.1 Hs symbols	Excitatory_neurons	WP_INTERLEUKIN1_IL1_STRUCTURAL_PATHWAY	https://www.gsea-msigdb.org/gsea/msigdb/human/geneset/WP_INTERLEUKIN1_IL1_STRUCTURAL_PATHWAY	all excitatory-neuron Bayesian-network genes represented in MSigDB C2:CP	6952	23	40	0		0.0	1.0	1.0	False				
phase18_selenow_excitatory_consensus_v1	MSigDB C2:CP v2026.1 Hs symbols	Excitatory_neurons	WP_INTRACELLULAR_TRAFFICKING_PROTEINS_INVOLVED_IN_CMT_NEUROPATHY	https://www.gsea-msigdb.org/gsea/msigdb/human/geneset/WP_INTRACELLULAR_TRAFFICKING_PROTEINS_INVOLVED_IN_CMT_NEUROPATHY	all excitatory-neuron Bayesian-network genes represented in MSigDB C2:CP	6952	23	15	0		0.0	1.0	1.0	False				
phase18_selenow_excitatory_consensus_v1	MSigDB C2:CP v2026.1 Hs symbols	Excitatory_neurons	WP_INTRAFLAGELLAR_TRANSPORT_PROTEINS_BINDING_TO_DYNEIN	https://www.gsea-msigdb.org/gsea/msigdb/human/geneset/WP_INTRAFLAGELLAR_TRANSPORT_PROTEINS_BINDING_TO_DYNEIN	all excitatory-neuron Bayesian-network genes represented in MSigDB C2:CP	6952	23	21	0		0.0	1.0	1.0	False				
phase18_selenow_excitatory_consensus_v1	MSigDB C2:CP v2026.1 Hs symbols	Excitatory_neurons	WP_INVOLVEMENT_OF_SECRETASE_IN_NEURODEGENERATIVE_DISEASES	https://www.gsea-msigdb.org/gsea/msigdb/human/geneset/WP_INVOLVEMENT_OF_SECRETASE_IN_NEURODEGENERATIVE_DISEASES	all excitatory-neuron Bayesian-network genes represented in MSigDB C2:CP	6952	23	15	0		0.0	1.0	1.0	False				
phase18_selenow_excitatory_consensus_v1	MSigDB C2:CP v2026.1 Hs symbols	Excitatory_neurons	WP_JAKSTAT_SIGNALING_IN_THE_REGULATION_OF_BETA_CELLS	https://www.gsea-msigdb.org/gsea/msigdb/human/geneset/WP_JAKSTAT_SIGNALING_IN_THE_REGULATION_OF_BETA_CELLS	all excitatory-neuron Bayesian-network genes represented in MSigDB C2:CP	6952	23	17	0		0.0	1.0	1.0	False				
phase18_selenow_excitatory_consensus_v1	MSigDB C2:CP v2026.1 Hs symbols	Excitatory_neurons	WP_JOUBERT_SYNDROME	https://www.gsea-msigdb.org/gsea/msigdb/human/geneset/WP_JOUBERT_SYNDROME	all excitatory-neuron Bayesian-network genes represented in MSigDB C2:CP	6952	23	59	0		0.0	1.0	1.0	False				
phase18_selenow_excitatory_consensus_v1	MSigDB C2:CP v2026.1 Hs symbols	Excitatory_neurons	WP_KCNQ2_AND_KCNQ3RELATED_EPILEPSY	https://www.gsea-msigdb.org/gsea/msigdb/human/geneset/WP_KCNQ2_AND_KCNQ3RELATED_EPILEPSY	all excitatory-neuron Bayesian-network genes represented in MSigDB C2:CP	6952	23	26	0		0.0	1.0	1.0	False				
phase18_selenow_excitatory_consensus_v1	MSigDB C2:CP v2026.1 Hs symbols	Excitatory_neurons	WP_KISSPEPTINKISSPEPTIN_RECEPTOR_SYSTEM_IN_THE_OVARY	https://www.gsea-msigdb.org/gsea/msigdb/human/geneset/WP_KISSPEPTINKISSPEPTIN_RECEPTOR_SYSTEM_IN_THE_OVARY	all excitatory-neuron Bayesian-network genes represented in MSigDB C2:CP	6952	23	22	0		0.0	1.0	1.0	False				
phase18_selenow_excitatory_consensus_v1	MSigDB C2:CP v2026.1 Hs symbols	Excitatory_neurons	WP_KIT_RECEPTOR_SIGNALING	https://www.gsea-msigdb.org/gsea/msigdb/human/geneset/WP_KIT_RECEPTOR_SIGNALING	all excitatory-neuron Bayesian-network genes represented in MSigDB C2:CP	6952	23	37	0		0.0	1.0	1.0	False				
phase18_selenow_excitatory_consensus_v1	MSigDB C2:CP v2026.1 Hs symbols	Excitatory_neurons	WP_KLEEFSTRA_SYNDROME	https://www.gsea-msigdb.org/gsea/msigdb/human/geneset/WP_KLEEFSTRA_SYNDROME	all excitatory-neuron Bayesian-network genes represented in MSigDB C2:CP	6952	23	24	0		0.0	1.0	1.0	False				
phase18_selenow_excitatory_consensus_v1	MSigDB C2:CP v2026.1 Hs symbols	Excitatory_neurons	WP_LEPTIN_SIGNALING	https://www.gsea-msigdb.org/gsea/msigdb/human/geneset/WP_LEPTIN_SIGNALING	all excitatory-neuron Bayesian-network genes represented in MSigDB C2:CP	6952	23	63	0		0.0	1.0	1.0	False				
phase18_selenow_excitatory_consensus_v1	MSigDB C2:CP v2026.1 Hs symbols	Excitatory_neurons	WP_LEUCINE_ISOLEUCINE_AND_VALINE_METABOLISM	https://www.gsea-msigdb.org/gsea/msigdb/human/geneset/WP_LEUCINE_ISOLEUCINE_AND_VALINE_METABOLISM	all excitatory-neuron Bayesian-network genes represented in MSigDB C2:CP	6952	23	19	0		0.0	1.0	1.0	False				
phase18_selenow_excitatory_consensus_v1	MSigDB C2:CP v2026.1 Hs symbols	Excitatory_neurons	WP_LEUKOCYTEINTRINSIC_HIPPO_PATHWAY_FUNCTIONS	https://www.gsea-msigdb.org/gsea/msigdb/human/geneset/WP_LEUKOCYTEINTRINSIC_HIPPO_PATHWAY_FUNCTIONS	all excitatory-neuron Bayesian-network genes represented in MSigDB C2:CP	6952	23	16	0		0.0	1.0	1.0	False				
phase18_selenow_excitatory_consensus_v1	MSigDB C2:CP v2026.1 Hs symbols	Excitatory_neurons	WP_LIPID_METABOLISM_PATHWAY	https://www.gsea-msigdb.org/gsea/msigdb/human/geneset/WP_LIPID_METABOLISM_PATHWAY	all excitatory-neuron Bayesian-network genes represented in MSigDB C2:CP	6952	23	23	0		0.0	1.0	1.0	False				
phase18_selenow_excitatory_consensus_v1	MSigDB C2:CP v2026.1 Hs symbols	Excitatory_neurons	WP_LNCRNA_IN_CANONICAL_WNT_SIGNALING_AND_COLORECTAL_CANCER	https://www.gsea-msigdb.org/gsea/msigdb/human/geneset/WP_LNCRNA_IN_CANONICAL_WNT_SIGNALING_AND_COLORECTAL_CANCER	all excitatory-neuron Bayesian-network genes represented in MSigDB C2:CP	6952	23	41	0		0.0	1.0	1.0	False				
phase18_selenow_excitatory_consensus_v1	MSigDB C2:CP v2026.1 Hs symbols	Excitatory_neurons	WP_MACROPHAGESTIMULATING_PROTEIN_MSP_SIGNALING	https://www.gsea-msigdb.org/gsea/msigdb/human/geneset/WP_MACROPHAGESTIMULATING_PROTEIN_MSP_SIGNALING	all excitatory-neuron Bayesian-network genes represented in MSigDB C2:CP	6952	23	52	0		0.0	1.0	1.0	False				
phase18_selenow_excitatory_consensus_v1	MSigDB C2:CP v2026.1 Hs symbols	Excitatory_neurons	WP_MALE_INFERTILITY	https://www.gsea-msigdb.org/gsea/msigdb/human/geneset/WP_MALE_INFERTILITY	all excitatory-neuron Bayesian-network genes represented in MSigDB C2:CP	6952	23	60	0		0.0	1.0	1.0	False				
phase18_selenow_excitatory_consensus_v1	MSigDB C2:CP v2026.1 Hs symbols	Excitatory_neurons	WP_MAMMARY_GLAND_DEVELOPMENT_PREGNANCY_AND_LACTATION_STAGE_3_OF_4	https://www.gsea-msigdb.org/gsea/msigdb/human/geneset/WP_MAMMARY_GLAND_DEVELOPMENT_PREGNANCY_AND_LACTATION_STAGE_3_OF_4	all excitatory-neuron Bayesian-network genes represented in MSigDB C2:CP	6952	23	23	0		0.0	1.0	1.0	False				
phase18_selenow_excitatory_consensus_v1	MSigDB C2:CP v2026.1 Hs symbols	Excitatory_neurons	WP_MAPK_CASCADE	https://www.gsea-msigdb.org/gsea/msigdb/human/geneset/WP_MAPK_CASCADE	all excitatory-neuron Bayesian-network genes represented in MSigDB C2:CP	6952	23	30	0		0.0	1.0	1.0	False				
phase18_selenow_excitatory_consensus_v1	MSigDB C2:CP v2026.1 Hs symbols	Excitatory_neurons	WP_MAPK_SIGNALING	https://www.gsea-msigdb.org/gsea/msigdb/human/geneset/WP_MAPK_SIGNALING	all excitatory-neuron Bayesian-network genes represented in MSigDB C2:CP	6952	23	153	0		0.0	1.0	1.0	False				
phase18_selenow_excitatory_consensus_v1	MSigDB C2:CP v2026.1 Hs symbols	Excitatory_neurons	WP_MAPK_SIGNALING_AND_ARTD_FAMILY_MEMBERS	https://www.gsea-msigdb.org/gsea/msigdb/human/geneset/WP_MAPK_SIGNALING_AND_ARTD_FAMILY_MEMBERS	all excitatory-neuron Bayesian-network genes represented in MSigDB C2:CP	6952	23	30	0		0.0	1.0	1.0	False				
phase18_selenow_excitatory_consensus_v1	MSigDB C2:CP v2026.1 Hs symbols	Excitatory_neurons	WP_MBDNF_AND_PROBDNF_REGULATION_OF_GABA_NEUROTRANSMISSION	https://www.gsea-msigdb.org/gsea/msigdb/human/geneset/WP_MBDNF_AND_PROBDNF_REGULATION_OF_GABA_NEUROTRANSMISSION	all excitatory-neuron Bayesian-network genes represented in MSigDB C2:CP	6952	23	26	0		0.0	1.0	1.0	False				
phase18_selenow_excitatory_consensus_v1	MSigDB C2:CP v2026.1 Hs symbols	Excitatory_neurons	WP_MEASLES_VIRUS_INFECTION	https://www.gsea-msigdb.org/gsea/msigdb/human/geneset/WP_MEASLES_VIRUS_INFECTION	all excitatory-neuron Bayesian-network genes represented in MSigDB C2:CP	6952	23	63	0		0.0	1.0	1.0	False				
phase18_selenow_excitatory_consensus_v1	MSigDB C2:CP v2026.1 Hs symbols	Excitatory_neurons	WP_MECHANOREGULATION_AND_PATHOLOGY_OF_YAPTAZ_VIA_HIPPO_AND_NONHIPPO_MECHANISMS	https://www.gsea-msigdb.org/gsea/msigdb/human/geneset/WP_MECHANOREGULATION_AND_PATHOLOGY_OF_YAPTAZ_VIA_HIPPO_AND_NONHIPPO_MECHANISMS	all excitatory-neuron Bayesian-network genes represented in MSigDB C2:CP	6952	23	27	0		0.0	1.0	1.0	False				
phase18_selenow_excitatory_consensus_v1	MSigDB C2:CP v2026.1 Hs symbols	Excitatory_neurons	WP_MECP2_AND_ASSOCIATED_RETT_SYNDROME	https://www.gsea-msigdb.org/gsea/msigdb/human/geneset/WP_MECP2_AND_ASSOCIATED_RETT_SYNDROME	all excitatory-neuron Bayesian-network genes represented in MSigDB C2:CP	6952	23	46	0		0.0	1.0	1.0	False				
phase18_selenow_excitatory_consensus_v1	MSigDB C2:CP v2026.1 Hs symbols	Excitatory_neurons	WP_MELANOMA	https://www.gsea-msigdb.org/gsea/msigdb/human/geneset/WP_MELANOMA	all excitatory-neuron Bayesian-network genes represented in MSigDB C2:CP	6952	23	46	0		0.0	1.0	1.0	False				
phase18_selenow_excitatory_consensus_v1	MSigDB C2:CP v2026.1 Hs symbols	Excitatory_neurons	WP_MELATONIN_METABOLISM_AND_EFFECTS	https://www.gsea-msigdb.org/gsea/msigdb/human/geneset/WP_MELATONIN_METABOLISM_AND_EFFECTS	all excitatory-neuron Bayesian-network genes represented in MSigDB C2:CP	6952	23	19	0		0.0	1.0	1.0	False				
phase18_selenow_excitatory_consensus_v1	MSigDB C2:CP v2026.1 Hs symbols	Excitatory_neurons	WP_MESODERMAL_COMMITMENT_PATHWAY	https://www.gsea-msigdb.org/gsea/msigdb/human/geneset/WP_MESODERMAL_COMMITMENT_PATHWAY	all excitatory-neuron Bayesian-network genes represented in MSigDB C2:CP	6952	23	77	0		0.0	1.0	1.0	False				
phase18_selenow_excitatory_consensus_v1	MSigDB C2:CP v2026.1 Hs symbols	Excitatory_neurons	WP_METABOLIC_EPILEPTIC_DISORDERS	https://www.gsea-msigdb.org/gsea/msigdb/human/geneset/WP_METABOLIC_EPILEPTIC_DISORDERS	all excitatory-neuron Bayesian-network genes represented in MSigDB C2:CP	6952	23	52	0		0.0	1.0	1.0	False				
phase18_selenow_excitatory_consensus_v1	MSigDB C2:CP v2026.1 Hs symbols	Excitatory_neurons	WP_METABOLIC_PATHWAYS_OF_FIBROBLASTS	https://www.gsea-msigdb.org/gsea/msigdb/human/geneset/WP_METABOLIC_PATHWAYS_OF_FIBROBLASTS	all excitatory-neuron Bayesian-network genes represented in MSigDB C2:CP	6952	23	23	0		0.0	1.0	1.0	False				
phase18_selenow_excitatory_consensus_v1	MSigDB C2:CP v2026.1 Hs symbols	Excitatory_neurons	WP_METABOLIC_REPROGRAMMING_IN_COLON_CANCER	https://www.gsea-msigdb.org/gsea/msigdb/human/geneset/WP_METABOLIC_REPROGRAMMING_IN_COLON_CANCER	all excitatory-neuron Bayesian-network genes represented in MSigDB C2:CP	6952	23	34	0		0.0	1.0	1.0	False				
phase18_selenow_excitatory_consensus_v1	MSigDB C2:CP v2026.1 Hs symbols	Excitatory_neurons	WP_METABOLIC_REPROGRAMMING_IN_PANCREATIC_CANCER	https://www.gsea-msigdb.org/gsea/msigdb/human/geneset/WP_METABOLIC_REPROGRAMMING_IN_PANCREATIC_CANCER	all excitatory-neuron Bayesian-network genes represented in MSigDB C2:CP	6952	23	34	0		0.0	1.0	1.0	False				
phase18_selenow_excitatory_consensus_v1	MSigDB C2:CP v2026.1 Hs symbols	Excitatory_neurons	WP_METABOLISM_OF_SPHINGOLIPIDS_IN_ER_AND_GOLGI_APPARATUS	https://www.gsea-msigdb.org/gsea/msigdb/human/geneset/WP_METABOLISM_OF_SPHINGOLIPIDS_IN_ER_AND_GOLGI_APPARATUS	all excitatory-neuron Bayesian-network genes represented in MSigDB C2:CP	6952	23	16	0		0.0	1.0	1.0	False				
phase18_selenow_excitatory_consensus_v1	MSigDB C2:CP v2026.1 Hs symbols	Excitatory_neurons	WP_METAPATHWAY_BIOTRANSFORMATION_PHASE_I_AND_II	https://www.gsea-msigdb.org/gsea/msigdb/human/geneset/WP_METAPATHWAY_BIOTRANSFORMATION_PHASE_I_AND_II	all excitatory-neuron Bayesian-network genes represented in MSigDB C2:CP	6952	23	56	0		0.0	1.0	1.0	False				
phase18_selenow_excitatory_consensus_v1	MSigDB C2:CP v2026.1 Hs symbols	Excitatory_neurons	WP_METHIONINE_DE_NOVO_AND_SALVAGE_PATHWAY	https://www.gsea-msigdb.org/gsea/msigdb/human/geneset/WP_METHIONINE_DE_NOVO_AND_SALVAGE_PATHWAY	all excitatory-neuron Bayesian-network genes represented in MSigDB C2:CP	6952	23	16	0		0.0	1.0	1.0	False				
phase18_selenow_excitatory_consensus_v1	MSigDB C2:CP v2026.1 Hs symbols	Excitatory_neurons	WP_MET_IN_TYPE_1_PAPILLARY_RENAL_CELL_CARCINOMA	https://www.gsea-msigdb.org/gsea/msigdb/human/geneset/WP_MET_IN_TYPE_1_PAPILLARY_RENAL_CELL_CARCINOMA	all excitatory-neuron Bayesian-network genes represented in MSigDB C2:CP	6952	23	52	0		0.0	1.0	1.0	False				
phase18_selenow_excitatory_consensus_v1	MSigDB C2:CP v2026.1 Hs symbols	Excitatory_neurons	WP_MICRORNAS_IN_CARDIOMYOCYTE_HYPERTROPHY	https://www.gsea-msigdb.org/gsea/msigdb/human/geneset/WP_MICRORNAS_IN_CARDIOMYOCYTE_HYPERTROPHY	all excitatory-neuron Bayesian-network genes represented in MSigDB C2:CP	6952	23	56	0		0.0	1.0	1.0	False				
phase18_selenow_excitatory_consensus_v1	MSigDB C2:CP v2026.1 Hs symbols	Excitatory_neurons	WP_MICROTUBULE_CYTOSKELETON_REGULATION	https://www.gsea-msigdb.org/gsea/msigdb/human/geneset/WP_MICROTUBULE_CYTOSKELETON_REGULATION	all excitatory-neuron Bayesian-network genes represented in MSigDB C2:CP	6952	23	40	0		0.0	1.0	1.0	False				
phase18_selenow_excitatory_consensus_v1	MSigDB C2:CP v2026.1 Hs symbols	Excitatory_neurons	WP_MIRNA_REGULATION_OF_DNA_DAMAGE_RESPONSE	https://www.gsea-msigdb.org/gsea/msigdb/human/geneset/WP_MIRNA_REGULATION_OF_DNA_DAMAGE_RESPONSE	all excitatory-neuron Bayesian-network genes represented in MSigDB C2:CP	6952	23	40	0		0.0	1.0	1.0	False				
phase18_selenow_excitatory_consensus_v1	MSigDB C2:CP v2026.1 Hs symbols	Excitatory_neurons	WP_MIRNA_REGULATION_OF_P53_PATHWAY_IN_PROSTATE_CANCER	https://www.gsea-msigdb.org/gsea/msigdb/human/geneset/WP_MIRNA_REGULATION_OF_P53_PATHWAY_IN_PROSTATE_CANCER	all excitatory-neuron Bayesian-network genes represented in MSigDB C2:CP	6952	23	15	0		0.0	1.0	1.0	False				
phase18_selenow_excitatory_consensus_v1	MSigDB C2:CP v2026.1 Hs symbols	Excitatory_neurons	WP_MIRNA_REGULATION_OF_PROSTATE_CANCER_SIGNALING	https://www.gsea-msigdb.org/gsea/msigdb/human/geneset/WP_MIRNA_REGULATION_OF_PROSTATE_CANCER_SIGNALING	all excitatory-neuron Bayesian-network genes represented in MSigDB C2:CP	6952	23	23	0		0.0	1.0	1.0	False				
phase18_selenow_excitatory_consensus_v1	MSigDB C2:CP v2026.1 Hs symbols	Excitatory_neurons	WP_MIRNA_ROLE_IN_IMMUNE_RESPONSE_IN_SEPSIS	https://www.gsea-msigdb.org/gsea/msigdb/human/geneset/WP_MIRNA_ROLE_IN_IMMUNE_RESPONSE_IN_SEPSIS	all excitatory-neuron Bayesian-network genes represented in MSigDB C2:CP	6952	23	15	0		0.0	1.0	1.0	False				
phase18_selenow_excitatory_consensus_v1	MSigDB C2:CP v2026.1 Hs symbols	Excitatory_neurons	WP_MIRTARGETED_GENES_IN_LEUKOCYTES	https://www.gsea-msigdb.org/gsea/msigdb/human/geneset/WP_MIRTARGETED_GENES_IN_LEUKOCYTES	all excitatory-neuron Bayesian-network genes represented in MSigDB C2:CP	6952	23	93	0		0.0	1.0	1.0	False				
phase18_selenow_excitatory_consensus_v1	MSigDB C2:CP v2026.1 Hs symbols	Excitatory_neurons	WP_MITOCHONDRIAL_GENE_EXPRESSION	https://www.gsea-msigdb.org/gsea/msigdb/human/geneset/WP_MITOCHONDRIAL_GENE_EXPRESSION	all excitatory-neuron Bayesian-network genes represented in MSigDB C2:CP	6952	23	19	0		0.0	1.0	1.0	False				
phase18_selenow_excitatory_consensus_v1	MSigDB C2:CP v2026.1 Hs symbols	Excitatory_neurons	WP_MODULATORS_OF_TCR_SIGNALING_AND_T_CELL_ACTIVATION	https://www.gsea-msigdb.org/gsea/msigdb/human/geneset/WP_MODULATORS_OF_TCR_SIGNALING_AND_T_CELL_ACTIVATION	all excitatory-neuron Bayesian-network genes represented in MSigDB C2:CP	6952	23	37	0		0.0	1.0	1.0	False				
phase18_selenow_excitatory_consensus_v1	MSigDB C2:CP v2026.1 Hs symbols	Excitatory_neurons	WP_MOLECULAR_PATHWAY_FOR_OXIDATIVE_STRESS	https://www.gsea-msigdb.org/gsea/msigdb/human/geneset/WP_MOLECULAR_PATHWAY_FOR_OXIDATIVE_STRESS	all excitatory-neuron Bayesian-network genes represented in MSigDB C2:CP	6952	23	29	0		0.0	1.0	1.0	False				
phase18_selenow_excitatory_consensus_v1	MSigDB C2:CP v2026.1 Hs symbols	Excitatory_neurons	WP_MRNA_PROCESSING	https://www.gsea-msigdb.org/gsea/msigdb/human/geneset/WP_MRNA_PROCESSING	all excitatory-neuron Bayesian-network genes represented in MSigDB C2:CP	6952	23	121	0		0.0	1.0	1.0	False				
phase18_selenow_excitatory_consensus_v1	MSigDB C2:CP v2026.1 Hs symbols	Excitatory_neurons	WP_MTHFR_DEFICIENCY	https://www.gsea-msigdb.org/gsea/msigdb/human/geneset/WP_MTHFR_DEFICIENCY	all excitatory-neuron Bayesian-network genes represented in MSigDB C2:CP	6952	23	17	0		0.0	1.0	1.0	False				
phase18_selenow_excitatory_consensus_v1	MSigDB C2:CP v2026.1 Hs symbols	Excitatory_neurons	WP_MYOMETRIAL_RELAXATION_AND_CONTRACTION_PATHWAYS	https://www.gsea-msigdb.org/gsea/msigdb/human/geneset/WP_MYOMETRIAL_RELAXATION_AND_CONTRACTION_PATHWAYS	all excitatory-neuron Bayesian-network genes represented in MSigDB C2:CP	6952	23	84	0		0.0	1.0	1.0	False				
phase18_selenow_excitatory_consensus_v1	MSigDB C2:CP v2026.1 Hs symbols	Excitatory_neurons	WP_NAD_METABOLISM_IN_ONCOGENEINDUCED_SENESCENCE_AND_MITOCHONDRIAL_DYSFUNCTIONASSOCIATED_SENESCENCE	https://www.gsea-msigdb.org/gsea/msigdb/human/geneset/WP_NAD_METABOLISM_IN_ONCOGENEINDUCED_SENESCENCE_AND_MITOCHONDRIAL_DYSFUNCTIONASSOCIATED_SENESCENCE	all excitatory-neuron Bayesian-network genes represented in MSigDB C2:CP	6952	23	18	0		0.0	1.0	1.0	False				
phase18_selenow_excitatory_consensus_v1	MSigDB C2:CP v2026.1 Hs symbols	Excitatory_neurons	WP_NANOPARTICLEMEDIATED_ACTIVATION_OF_RECEPTOR_SIGNALING	https://www.gsea-msigdb.org/gsea/msigdb/human/geneset/WP_NANOPARTICLEMEDIATED_ACTIVATION_OF_RECEPTOR_SIGNALING	all excitatory-neuron Bayesian-network genes represented in MSigDB C2:CP	6952	23	22	0		0.0	1.0	1.0	False				
phase18_selenow_excitatory_consensus_v1	MSigDB C2:CP v2026.1 Hs symbols	Excitatory_neurons	WP_NANOPARTICLE_TRIGGERED_AUTOPHAGIC_CELL_DEATH	https://www.gsea-msigdb.org/gsea/msigdb/human/geneset/WP_NANOPARTICLE_TRIGGERED_AUTOPHAGIC_CELL_DEATH	all excitatory-neuron Bayesian-network genes represented in MSigDB C2:CP	6952	23	21	0		0.0	1.0	1.0	False				
phase18_selenow_excitatory_consensus_v1	MSigDB C2:CP v2026.1 Hs symbols	Excitatory_neurons	WP_NCRNAS_IN_WNT_SIGNALING_IN_HEPATOCELLULAR_CARCINOMA	https://www.gsea-msigdb.org/gsea/msigdb/human/geneset/WP_NCRNAS_IN_WNT_SIGNALING_IN_HEPATOCELLULAR_CARCINOMA	all excitatory-neuron Bayesian-network genes represented in MSigDB C2:CP	6952	23	34	0		0.0	1.0	1.0	False				
phase18_selenow_excitatory_consensus_v1	MSigDB C2:CP v2026.1 Hs symbols	Excitatory_neurons	WP_NEOVASCULARIZATION_PROCESSES	https://www.gsea-msigdb.org/gsea/msigdb/human/geneset/WP_NEOVASCULARIZATION_PROCESSES	all excitatory-neuron Bayesian-network genes represented in MSigDB C2:CP	6952	23	16	0		0.0	1.0	1.0	False				
phase18_selenow_excitatory_consensus_v1	MSigDB C2:CP v2026.1 Hs symbols	Excitatory_neurons	WP_NEPHROTIC_SYNDROME	https://www.gsea-msigdb.org/gsea/msigdb/human/geneset/WP_NEPHROTIC_SYNDROME	all excitatory-neuron Bayesian-network genes represented in MSigDB C2:CP	6952	23	24	0		0.0	1.0	1.0	False				
phase18_selenow_excitatory_consensus_v1	MSigDB C2:CP v2026.1 Hs symbols	Excitatory_neurons	WP_NETRINUNC5B_SIGNALING	https://www.gsea-msigdb.org/gsea/msigdb/human/geneset/WP_NETRINUNC5B_SIGNALING	all excitatory-neuron Bayesian-network genes represented in MSigDB C2:CP	6952	23	29	0		0.0	1.0	1.0	False				
phase18_selenow_excitatory_consensus_v1	MSigDB C2:CP v2026.1 Hs symbols	Excitatory_neurons	WP_NETWORK_MAP_OF_SARSCOV2_SIGNALING	https://www.gsea-msigdb.org/gsea/msigdb/human/geneset/WP_NETWORK_MAP_OF_SARSCOV2_SIGNALING	all excitatory-neuron Bayesian-network genes represented in MSigDB C2:CP	6952	23	99	0		0.0	1.0	1.0	False				
phase18_selenow_excitatory_consensus_v1	MSigDB C2:CP v2026.1 Hs symbols	Excitatory_neurons	WP_NEURAL_CREST_CELL_MIGRATION_DURING_DEVELOPMENT	https://www.gsea-msigdb.org/gsea/msigdb/human/geneset/WP_NEURAL_CREST_CELL_MIGRATION_DURING_DEVELOPMENT	all excitatory-neuron Bayesian-network genes represented in MSigDB C2:CP	6952	23	25	0		0.0	1.0	1.0	False				
phase18_selenow_excitatory_consensus_v1	MSigDB C2:CP v2026.1 Hs symbols	Excitatory_neurons	WP_NEURAL_CREST_CELL_MIGRATION_IN_CANCER	https://www.gsea-msigdb.org/gsea/msigdb/human/geneset/WP_NEURAL_CREST_CELL_MIGRATION_IN_CANCER	all excitatory-neuron Bayesian-network genes represented in MSigDB C2:CP	6952	23	28	0		0.0	1.0	1.0	False				
phase18_selenow_excitatory_consensus_v1	MSigDB C2:CP v2026.1 Hs symbols	Excitatory_neurons	WP_NEURAL_CREST_DIFFERENTIATION	https://www.gsea-msigdb.org/gsea/msigdb/human/geneset/WP_NEURAL_CREST_DIFFERENTIATION	all excitatory-neuron Bayesian-network genes represented in MSigDB C2:CP	6952	23	31	0		0.0	1.0	1.0	False				
phase18_selenow_excitatory_consensus_v1	MSigDB C2:CP v2026.1 Hs symbols	Excitatory_neurons	WP_NEURODEGENERATION_WITH_BRAIN_IRON_ACCUMULATION_NBIA_SUBTYPES_PATHWAY	https://www.gsea-msigdb.org/gsea/msigdb/human/geneset/WP_NEURODEGENERATION_WITH_BRAIN_IRON_ACCUMULATION_NBIA_SUBTYPES_PATHWAY	all excitatory-neuron Bayesian-network genes represented in MSigDB C2:CP	6952	23	41	0		0.0	1.0	1.0	False				
phase18_selenow_excitatory_consensus_v1	MSigDB C2:CP v2026.1 Hs symbols	Excitatory_neurons	WP_NEUROINFLAMMATION_AND_GLUTAMATERGIC_SIGNALING	https://www.gsea-msigdb.org/gsea/msigdb/human/geneset/WP_NEUROINFLAMMATION_AND_GLUTAMATERGIC_SIGNALING	all excitatory-neuron Bayesian-network genes represented in MSigDB C2:CP	6952	23	75	0		0.0	1.0	1.0	False				
phase18_selenow_excitatory_consensus_v1	MSigDB C2:CP v2026.1 Hs symbols	Excitatory_neurons	WP_NF1_COPY_NUMBER_VARIATION_SYNDROME	https://www.gsea-msigdb.org/gsea/msigdb/human/geneset/WP_NF1_COPY_NUMBER_VARIATION_SYNDROME	all excitatory-neuron Bayesian-network genes represented in MSigDB C2:CP	6952	23	61	0		0.0	1.0	1.0	False				
phase18_selenow_excitatory_consensus_v1	MSigDB C2:CP v2026.1 Hs symbols	Excitatory_neurons	WP_NFKB_SIGNALING_AND_ARTD_FAMILY_MEMBERS	https://www.gsea-msigdb.org/gsea/msigdb/human/geneset/WP_NFKB_SIGNALING_AND_ARTD_FAMILY_MEMBERS	all excitatory-neuron Bayesian-network genes represented in MSigDB C2:CP	6952	23	18	0		0.0	1.0	1.0	False				
phase18_selenow_excitatory_consensus_v1	MSigDB C2:CP v2026.1 Hs symbols	Excitatory_neurons	WP_NGLYCAN_BIOSYNTHESIS	https://www.gsea-msigdb.org/gsea/msigdb/human/geneset/WP_NGLYCAN_BIOSYNTHESIS	all excitatory-neuron Bayesian-network genes represented in MSigDB C2:CP	6952	23	45	0		0.0	1.0	1.0	False				
phase18_selenow_excitatory_consensus_v1	MSigDB C2:CP v2026.1 Hs symbols	Excitatory_neurons	WP_NOCGMPPKG_MEDIATED_NEUROPROTECTION	https://www.gsea-msigdb.org/gsea/msigdb/human/geneset/WP_NOCGMPPKG_MEDIATED_NEUROPROTECTION	all excitatory-neuron Bayesian-network genes represented in MSigDB C2:CP	6952	23	22	0		0.0	1.0	1.0	False				
phase18_selenow_excitatory_consensus_v1	MSigDB C2:CP v2026.1 Hs symbols	Excitatory_neurons	WP_NONGENOMIC_ACTIONS_OF_125DIHYDROXYVITAMIN_D3	https://www.gsea-msigdb.org/gsea/msigdb/human/geneset/WP_NONGENOMIC_ACTIONS_OF_125DIHYDROXYVITAMIN_D3	all excitatory-neuron Bayesian-network genes represented in MSigDB C2:CP	6952	23	36	0		0.0	1.0	1.0	False				
phase18_selenow_excitatory_consensus_v1	MSigDB C2:CP v2026.1 Hs symbols	Excitatory_neurons	WP_NONSMALL_CELL_LUNG_CANCER	https://www.gsea-msigdb.org/gsea/msigdb/human/geneset/WP_NONSMALL_CELL_LUNG_CANCER	all excitatory-neuron Bayesian-network genes represented in MSigDB C2:CP	6952	23	49	0		0.0	1.0	1.0	False				
phase18_selenow_excitatory_consensus_v1	MSigDB C2:CP v2026.1 Hs symbols	Excitatory_neurons	WP_NOVEL_INTRACELLULAR_COMPONENTS_OF_RIGILIKE_RECEPTOR_PATHWAY	https://www.gsea-msigdb.org/gsea/msigdb/human/geneset/WP_NOVEL_INTRACELLULAR_COMPONENTS_OF_RIGILIKE_RECEPTOR_PATHWAY	all excitatory-neuron Bayesian-network genes represented in MSigDB C2:CP	6952	23	38	0		0.0	1.0	1.0	False				
phase18_selenow_excitatory_consensus_v1	MSigDB C2:CP v2026.1 Hs symbols	Excitatory_neurons	WP_NRF2ARE_REGULATION	https://www.gsea-msigdb.org/gsea/msigdb/human/geneset/WP_NRF2ARE_REGULATION	all excitatory-neuron Bayesian-network genes represented in MSigDB C2:CP	6952	23	16	0		0.0	1.0	1.0	False				
phase18_selenow_excitatory_consensus_v1	MSigDB C2:CP v2026.1 Hs symbols	Excitatory_neurons	WP_NRF2_PATHWAY	https://www.gsea-msigdb.org/gsea/msigdb/human/geneset/WP_NRF2_PATHWAY	all excitatory-neuron Bayesian-network genes represented in MSigDB C2:CP	6952	23	59	0		0.0	1.0	1.0	False				
phase18_selenow_excitatory_consensus_v1	MSigDB C2:CP v2026.1 Hs symbols	Excitatory_neurons	WP_NRP1TRIGGERED_SIGNALING_IN_PANCREATIC_CANCER	https://www.gsea-msigdb.org/gsea/msigdb/human/geneset/WP_NRP1TRIGGERED_SIGNALING_IN_PANCREATIC_CANCER	all excitatory-neuron Bayesian-network genes represented in MSigDB C2:CP	6952	23	26	0		0.0	1.0	1.0	False				
phase18_selenow_excitatory_consensus_v1	MSigDB C2:CP v2026.1 Hs symbols	Excitatory_neurons	WP_NSP1_FROM_SARSCOV2_INHIBITS_TRANSLATION_INITIATION_IN_THE_HOST_CELL	https://www.gsea-msigdb.org/gsea/msigdb/human/geneset/WP_NSP1_FROM_SARSCOV2_INHIBITS_TRANSLATION_INITIATION_IN_THE_HOST_CELL	all excitatory-neuron Bayesian-network genes represented in MSigDB C2:CP	6952	23	15	0		0.0	1.0	1.0	False				
phase18_selenow_excitatory_consensus_v1	MSigDB C2:CP v2026.1 Hs symbols	Excitatory_neurons	WP_NUCLEAR_RECEPTORS	https://www.gsea-msigdb.org/gsea/msigdb/human/geneset/WP_NUCLEAR_RECEPTORS	all excitatory-neuron Bayesian-network genes represented in MSigDB C2:CP	6952	23	19	0		0.0	1.0	1.0	False				
phase18_selenow_excitatory_consensus_v1	MSigDB C2:CP v2026.1 Hs symbols	Excitatory_neurons	WP_NUCLEAR_RECEPTORS_METAPATHWAY	https://www.gsea-msigdb.org/gsea/msigdb/human/geneset/WP_NUCLEAR_RECEPTORS_METAPATHWAY	all excitatory-neuron Bayesian-network genes represented in MSigDB C2:CP	6952	23	129	0		0.0	1.0	1.0	False				
phase18_selenow_excitatory_consensus_v1	MSigDB C2:CP v2026.1 Hs symbols	Excitatory_neurons	WP_NUCLEOTIDEBINDING_OLIGOMERIZATION_DOMAIN_NOD_PATHWAY	https://www.gsea-msigdb.org/gsea/msigdb/human/geneset/WP_NUCLEOTIDEBINDING_OLIGOMERIZATION_DOMAIN_NOD_PATHWAY	all excitatory-neuron Bayesian-network genes represented in MSigDB C2:CP	6952	23	16	0		0.0	1.0	1.0	False				
phase18_selenow_excitatory_consensus_v1	MSigDB C2:CP v2026.1 Hs symbols	Excitatory_neurons	WP_NUCLEOTIDE_EXCISION_REPAIR	https://www.gsea-msigdb.org/gsea/msigdb/human/geneset/WP_NUCLEOTIDE_EXCISION_REPAIR	all excitatory-neuron Bayesian-network genes represented in MSigDB C2:CP	6952	23	39	0		0.0	1.0	1.0	False				
phase18_selenow_excitatory_consensus_v1	MSigDB C2:CP v2026.1 Hs symbols	Excitatory_neurons	WP_NUCLEOTIDE_EXCISION_REPAIR_IN_XERODERMA_PIGMENTOSUM	https://www.gsea-msigdb.org/gsea/msigdb/human/geneset/WP_NUCLEOTIDE_EXCISION_REPAIR_IN_XERODERMA_PIGMENTOSUM	all excitatory-neuron Bayesian-network genes represented in MSigDB C2:CP	6952	23	54	0		0.0	1.0	1.0	False				
phase18_selenow_excitatory_consensus_v1	MSigDB C2:CP v2026.1 Hs symbols	Excitatory_neurons	WP_OLIGODENDROCYTE_DEVELOPMENT	https://www.gsea-msigdb.org/gsea/msigdb/human/geneset/WP_OLIGODENDROCYTE_DEVELOPMENT	all excitatory-neuron Bayesian-network genes represented in MSigDB C2:CP	6952	23	17	0		0.0	1.0	1.0	False				
phase18_selenow_excitatory_consensus_v1	MSigDB C2:CP v2026.1 Hs symbols	Excitatory_neurons	WP_ONCOSTATIN_M_SIGNALING	https://www.gsea-msigdb.org/gsea/msigdb/human/geneset/WP_ONCOSTATIN_M_SIGNALING	all excitatory-neuron Bayesian-network genes represented in MSigDB C2:CP	6952	23	44	0		0.0	1.0	1.0	False				
phase18_selenow_excitatory_consensus_v1	MSigDB C2:CP v2026.1 Hs symbols	Excitatory_neurons	WP_ONECARBON_METABOLISM	https://www.gsea-msigdb.org/gsea/msigdb/human/geneset/WP_ONECARBON_METABOLISM	all excitatory-neuron Bayesian-network genes represented in MSigDB C2:CP	6952	23	18	0		0.0	1.0	1.0	False				
phase18_selenow_excitatory_consensus_v1	MSigDB C2:CP v2026.1 Hs symbols	Excitatory_neurons	WP_OPIOID_RECEPTOR_PATHWAYS	https://www.gsea-msigdb.org/gsea/msigdb/human/geneset/WP_OPIOID_RECEPTOR_PATHWAYS	all excitatory-neuron Bayesian-network genes represented in MSigDB C2:CP	6952	23	25	0		0.0	1.0	1.0	False				
phase18_selenow_excitatory_consensus_v1	MSigDB C2:CP v2026.1 Hs symbols	Excitatory_neurons	WP_OREXIN_RECEPTOR_PATHWAY	https://www.gsea-msigdb.org/gsea/msigdb/human/geneset/WP_OREXIN_RECEPTOR_PATHWAY	all excitatory-neuron Bayesian-network genes represented in MSigDB C2:CP	6952	23	89	0		0.0	1.0	1.0	False				
phase18_selenow_excitatory_consensus_v1	MSigDB C2:CP v2026.1 Hs symbols	Excitatory_neurons	WP_OSTEOARTHRITIC_CHONDROCYTE_HYPERTROPHY	https://www.gsea-msigdb.org/gsea/msigdb/human/geneset/WP_OSTEOARTHRITIC_CHONDROCYTE_HYPERTROPHY	all excitatory-neuron Bayesian-network genes represented in MSigDB C2:CP	6952	23	24	0		0.0	1.0	1.0	False				
phase18_selenow_excitatory_consensus_v1	MSigDB C2:CP v2026.1 Hs symbols	Excitatory_neurons	WP_OSTEOBLAST_DIFFERENTIATION_AND_RELATED_DISEASES	https://www.gsea-msigdb.org/gsea/msigdb/human/geneset/WP_OSTEOBLAST_DIFFERENTIATION_AND_RELATED_DISEASES	all excitatory-neuron Bayesian-network genes represented in MSigDB C2:CP	6952	23	51	0		0.0	1.0	1.0	False				
phase18_selenow_excitatory_consensus_v1	MSigDB C2:CP v2026.1 Hs symbols	Excitatory_neurons	WP_OVARIAN_INFERTILITY	https://www.gsea-msigdb.org/gsea/msigdb/human/geneset/WP_OVARIAN_INFERTILITY	all excitatory-neuron Bayesian-network genes represented in MSigDB C2:CP	6952	23	16	0		0.0	1.0	1.0	False				
phase18_selenow_excitatory_consensus_v1	MSigDB C2:CP v2026.1 Hs symbols	Excitatory_neurons	WP_OVERLAP_BETWEEN_SIGNAL_TRANSDUCTION_PATHWAYS_CONTRIBUTING_TO_LMNA_LAMINOPATHIES	https://www.gsea-msigdb.org/gsea/msigdb/human/geneset/WP_OVERLAP_BETWEEN_SIGNAL_TRANSDUCTION_PATHWAYS_CONTRIBUTING_TO_LMNA_LAMINOPATHIES	all excitatory-neuron Bayesian-network genes represented in MSigDB C2:CP	6952	23	29	0		0.0	1.0	1.0	False				
phase18_selenow_excitatory_consensus_v1	MSigDB C2:CP v2026.1 Hs symbols	Excitatory_neurons	WP_OXIDATION_BY_CYTOCHROME_P450	https://www.gsea-msigdb.org/gsea/msigdb/human/geneset/WP_OXIDATION_BY_CYTOCHROME_P450	all excitatory-neuron Bayesian-network genes represented in MSigDB C2:CP	6952	23	15	0		0.0	1.0	1.0	False				
phase18_selenow_excitatory_consensus_v1	MSigDB C2:CP v2026.1 Hs symbols	Excitatory_neurons	WP_OXIDATIVE_DAMAGE_RESPONSE	https://www.gsea-msigdb.org/gsea/msigdb/human/geneset/WP_OXIDATIVE_DAMAGE_RESPONSE	all excitatory-neuron Bayesian-network genes represented in MSigDB C2:CP	6952	23	24	0		0.0	1.0	1.0	False				
phase18_selenow_excitatory_consensus_v1	MSigDB C2:CP v2026.1 Hs symbols	Excitatory_neurons	WP_OXIDATIVE_PHOSPHORYLATION	https://www.gsea-msigdb.org/gsea/msigdb/human/geneset/WP_OXIDATIVE_PHOSPHORYLATION	all excitatory-neuron Bayesian-network genes represented in MSigDB C2:CP	6952	23	49	0		0.0	1.0	1.0	False				
phase18_selenow_excitatory_consensus_v1	MSigDB C2:CP v2026.1 Hs symbols	Excitatory_neurons	WP_OXYSTEROLS_DERIVED_FROM_CHOLESTEROL	https://www.gsea-msigdb.org/gsea/msigdb/human/geneset/WP_OXYSTEROLS_DERIVED_FROM_CHOLESTEROL	all excitatory-neuron Bayesian-network genes represented in MSigDB C2:CP	6952	23	17	0		0.0	1.0	1.0	False				
phase18_selenow_excitatory_consensus_v1	MSigDB C2:CP v2026.1 Hs symbols	Excitatory_neurons	WP_P38_MAPK_SIGNALING	https://www.gsea-msigdb.org/gsea/msigdb/human/geneset/WP_P38_MAPK_SIGNALING	all excitatory-neuron Bayesian-network genes represented in MSigDB C2:CP	6952	23	27	0		0.0	1.0	1.0	False				
phase18_selenow_excitatory_consensus_v1	MSigDB C2:CP v2026.1 Hs symbols	Excitatory_neurons	WP_P53_TRANSCRIPTIONAL_GENE_NETWORK	https://www.gsea-msigdb.org/gsea/msigdb/human/geneset/WP_P53_TRANSCRIPTIONAL_GENE_NETWORK	all excitatory-neuron Bayesian-network genes represented in MSigDB C2:CP	6952	23	42	0		0.0	1.0	1.0	False				
phase18_selenow_excitatory_consensus_v1	MSigDB C2:CP v2026.1 Hs symbols	Excitatory_neurons	WP_PANCREATIC_ADENOCARCINOMA_PATHWAY	https://www.gsea-msigdb.org/gsea/msigdb/human/geneset/WP_PANCREATIC_ADENOCARCINOMA_PATHWAY	all excitatory-neuron Bayesian-network genes represented in MSigDB C2:CP	6952	23	61	0		0.0	1.0	1.0	False				
phase18_selenow_excitatory_consensus_v1	MSigDB C2:CP v2026.1 Hs symbols	Excitatory_neurons	WP_PARKINSONS_DISEASE_PATHWAY	https://www.gsea-msigdb.org/gsea/msigdb/human/geneset/WP_PARKINSONS_DISEASE_PATHWAY	all excitatory-neuron Bayesian-network genes represented in MSigDB C2:CP	6952	23	27	0		0.0	1.0	1.0	False				
phase18_selenow_excitatory_consensus_v1	MSigDB C2:CP v2026.1 Hs symbols	Excitatory_neurons	WP_PATHOGENIC_ESCHERICHIA_COLI_INFECTION	https://www.gsea-msigdb.org/gsea/msigdb/human/geneset/WP_PATHOGENIC_ESCHERICHIA_COLI_INFECTION	all excitatory-neuron Bayesian-network genes represented in MSigDB C2:CP	6952	23	32	0		0.0	1.0	1.0	False				
phase18_selenow_excitatory_consensus_v1	MSigDB C2:CP v2026.1 Hs symbols	Excitatory_neurons	WP_PATHWAYS_AFFECTED_IN_ADENOID_CYSTIC_CARCINOMA	https://www.gsea-msigdb.org/gsea/msigdb/human/geneset/WP_PATHWAYS_AFFECTED_IN_ADENOID_CYSTIC_CARCINOMA	all excitatory-neuron Bayesian-network genes represented in MSigDB C2:CP	6952	23	44	0		0.0	1.0	1.0	False				
phase18_selenow_excitatory_consensus_v1	MSigDB C2:CP v2026.1 Hs symbols	Excitatory_neurons	WP_PDGFRBETA_PATHWAY	https://www.gsea-msigdb.org/gsea/msigdb/human/geneset/WP_PDGFRBETA_PATHWAY	all excitatory-neuron Bayesian-network genes represented in MSigDB C2:CP	6952	23	25	0		0.0	1.0	1.0	False				
phase18_selenow_excitatory_consensus_v1	MSigDB C2:CP v2026.1 Hs symbols	Excitatory_neurons	WP_PDGF_PATHWAY	https://www.gsea-msigdb.org/gsea/msigdb/human/geneset/WP_PDGF_PATHWAY	all excitatory-neuron Bayesian-network genes represented in MSigDB C2:CP	6952	23	34	0		0.0	1.0	1.0	False				
phase18_selenow_excitatory_consensus_v1	MSigDB C2:CP v2026.1 Hs symbols	Excitatory_neurons	WP_PERTURBATIONS_TO_HOSTCELL_AUTOPHAGY_INDUCED_BY_SARSCOV2_PROTEINS	https://www.gsea-msigdb.org/gsea/msigdb/human/geneset/WP_PERTURBATIONS_TO_HOSTCELL_AUTOPHAGY_INDUCED_BY_SARSCOV2_PROTEINS	all excitatory-neuron Bayesian-network genes represented in MSigDB C2:CP	6952	23	38	0		0.0	1.0	1.0	False				
phase18_selenow_excitatory_consensus_v1	MSigDB C2:CP v2026.1 Hs symbols	Excitatory_neurons	WP_PHOSPHATIDYL_INOSITOL_PHOSPHATE_PATHWAY	https://www.gsea-msigdb.org/gsea/msigdb/human/geneset/WP_PHOSPHATIDYL_INOSITOL_PHOSPHATE_PATHWAY	all excitatory-neuron Bayesian-network genes represented in MSigDB C2:CP	6952	23	37	0		0.0	1.0	1.0	False				
phase18_selenow_excitatory_consensus_v1	MSigDB C2:CP v2026.1 Hs symbols	Excitatory_neurons	WP_PHOSPHODIESTERASES_IN_NEURONAL_FUNCTION	https://www.gsea-msigdb.org/gsea/msigdb/human/geneset/WP_PHOSPHODIESTERASES_IN_NEURONAL_FUNCTION	all excitatory-neuron Bayesian-network genes represented in MSigDB C2:CP	6952	23	28	0		0.0	1.0	1.0	False				
phase18_selenow_excitatory_consensus_v1	MSigDB C2:CP v2026.1 Hs symbols	Excitatory_neurons	WP_PHOSPHOINOSITIDES_METABOLISM	https://www.gsea-msigdb.org/gsea/msigdb/human/geneset/WP_PHOSPHOINOSITIDES_METABOLISM	all excitatory-neuron Bayesian-network genes represented in MSigDB C2:CP	6952	23	39	0		0.0	1.0	1.0	False				
phase18_selenow_excitatory_consensus_v1	MSigDB C2:CP v2026.1 Hs symbols	Excitatory_neurons	WP_PHOTODYNAMIC_THERAPYINDUCED_AP1_SURVIVAL_SIGNALING	https://www.gsea-msigdb.org/gsea/msigdb/human/geneset/WP_PHOTODYNAMIC_THERAPYINDUCED_AP1_SURVIVAL_SIGNALING	all excitatory-neuron Bayesian-network genes represented in MSigDB C2:CP	6952	23	25	0		0.0	1.0	1.0	False				
phase18_selenow_excitatory_consensus_v1	MSigDB C2:CP v2026.1 Hs symbols	Excitatory_neurons	WP_PHOTODYNAMIC_THERAPYINDUCED_HIF1_SURVIVAL_SIGNALING	https://www.gsea-msigdb.org/gsea/msigdb/human/geneset/WP_PHOTODYNAMIC_THERAPYINDUCED_HIF1_SURVIVAL_SIGNALING	all excitatory-neuron Bayesian-network genes represented in MSigDB C2:CP	6952	23	20	0		0.0	1.0	1.0	False				
phase18_selenow_excitatory_consensus_v1	MSigDB C2:CP v2026.1 Hs symbols	Excitatory_neurons	WP_PHYSICOCHEMICAL_FEATURES_AND_TOXICITYASSOCIATED_PATHWAYS	https://www.gsea-msigdb.org/gsea/msigdb/human/geneset/WP_PHYSICOCHEMICAL_FEATURES_AND_TOXICITYASSOCIATED_PATHWAYS	all excitatory-neuron Bayesian-network genes represented in MSigDB C2:CP	6952	23	37	0		0.0	1.0	1.0	False				
phase18_selenow_excitatory_consensus_v1	MSigDB C2:CP v2026.1 Hs symbols	Excitatory_neurons	WP_PHYSIOLOGICAL_AND_PATHOLOGICAL_HYPERTROPHY_OF_THE_HEART	https://www.gsea-msigdb.org/gsea/msigdb/human/geneset/WP_PHYSIOLOGICAL_AND_PATHOLOGICAL_HYPERTROPHY_OF_THE_HEART	all excitatory-neuron Bayesian-network genes represented in MSigDB C2:CP	6952	23	18	0		0.0	1.0	1.0	False				
phase18_selenow_excitatory_consensus_v1	MSigDB C2:CP v2026.1 Hs symbols	Excitatory_neurons	WP_PI3KAKTMTOR_SIGNALING_AND_THERAPEUTIC_OPPORTUNITIES_IN_PROSTATE_CANCER	https://www.gsea-msigdb.org/gsea/msigdb/human/geneset/WP_PI3KAKTMTOR_SIGNALING_AND_THERAPEUTIC_OPPORTUNITIES_IN_PROSTATE_CANCER	all excitatory-neuron Bayesian-network genes represented in MSigDB C2:CP	6952	23	27	0		0.0	1.0	1.0	False				
phase18_selenow_excitatory_consensus_v1	MSigDB C2:CP v2026.1 Hs symbols	Excitatory_neurons	WP_PI3KAKT_SIGNALING	https://www.gsea-msigdb.org/gsea/msigdb/human/geneset/WP_PI3KAKT_SIGNALING	all excitatory-neuron Bayesian-network genes represented in MSigDB C2:CP	6952	23	141	0		0.0	1.0	1.0	False				
phase18_selenow_excitatory_consensus_v1	MSigDB C2:CP v2026.1 Hs symbols	Excitatory_neurons	WP_PLEURAL_MESOTHELIOMA	https://www.gsea-msigdb.org/gsea/msigdb/human/geneset/WP_PLEURAL_MESOTHELIOMA	all excitatory-neuron Bayesian-network genes represented in MSigDB C2:CP	6952	23	223	0		0.0	1.0	1.0	False				
phase18_selenow_excitatory_consensus_v1	MSigDB C2:CP v2026.1 Hs symbols	Excitatory_neurons	WP_POLYCYSTIC_KIDNEY_DISEASE_PATHWAY	https://www.gsea-msigdb.org/gsea/msigdb/human/geneset/WP_POLYCYSTIC_KIDNEY_DISEASE_PATHWAY	all excitatory-neuron Bayesian-network genes represented in MSigDB C2:CP	6952	23	44	0		0.0	1.0	1.0	False				
phase18_selenow_excitatory_consensus_v1	MSigDB C2:CP v2026.1 Hs symbols	Excitatory_neurons	WP_PPAR_SIGNALING	https://www.gsea-msigdb.org/gsea/msigdb/human/geneset/WP_PPAR_SIGNALING	all excitatory-neuron Bayesian-network genes represented in MSigDB C2:CP	6952	23	23	0		0.0	1.0	1.0	False				
phase18_selenow_excitatory_consensus_v1	MSigDB C2:CP v2026.1 Hs symbols	Excitatory_neurons	WP_PRADERWILLI_AND_ANGELMAN_SYNDROME	https://www.gsea-msigdb.org/gsea/msigdb/human/geneset/WP_PRADERWILLI_AND_ANGELMAN_SYNDROME	all excitatory-neuron Bayesian-network genes represented in MSigDB C2:CP	6952	23	57	0		0.0	1.0	1.0	False				
phase18_selenow_excitatory_consensus_v1	MSigDB C2:CP v2026.1 Hs symbols	Excitatory_neurons	WP_PRIMARY_FOCAL_SEGMENTAL_GLOMERULOSCLEROSIS_FSGS	https://www.gsea-msigdb.org/gsea/msigdb/human/geneset/WP_PRIMARY_FOCAL_SEGMENTAL_GLOMERULOSCLEROSIS_FSGS	all excitatory-neuron Bayesian-network genes represented in MSigDB C2:CP	6952	23	37	0		0.0	1.0	1.0	False				
phase18_selenow_excitatory_consensus_v1	MSigDB C2:CP v2026.1 Hs symbols	Excitatory_neurons	WP_PRION_DISEASE_PATHWAY	https://www.gsea-msigdb.org/gsea/msigdb/human/geneset/WP_PRION_DISEASE_PATHWAY	all excitatory-neuron Bayesian-network genes represented in MSigDB C2:CP	6952	23	25	0		0.0	1.0	1.0	False				
phase18_selenow_excitatory_consensus_v1	MSigDB C2:CP v2026.1 Hs symbols	Excitatory_neurons	WP_PROGERIAASSOCIATED_LIPODYSTROPHY	https://www.gsea-msigdb.org/gsea/msigdb/human/geneset/WP_PROGERIAASSOCIATED_LIPODYSTROPHY	all excitatory-neuron Bayesian-network genes represented in MSigDB C2:CP	6952	23	16	0		0.0	1.0	1.0	False				
phase18_selenow_excitatory_consensus_v1	MSigDB C2:CP v2026.1 Hs symbols	Excitatory_neurons	WP_PROLACTIN_SIGNALING	https://www.gsea-msigdb.org/gsea/msigdb/human/geneset/WP_PROLACTIN_SIGNALING	all excitatory-neuron Bayesian-network genes represented in MSigDB C2:CP	6952	23	52	0		0.0	1.0	1.0	False				
phase18_selenow_excitatory_consensus_v1	MSigDB C2:CP v2026.1 Hs symbols	Excitatory_neurons	WP_PROXIMAL_TUBULE_TRANSPORT	https://www.gsea-msigdb.org/gsea/msigdb/human/geneset/WP_PROXIMAL_TUBULE_TRANSPORT	all excitatory-neuron Bayesian-network genes represented in MSigDB C2:CP	6952	23	22	0		0.0	1.0	1.0	False				
phase18_selenow_excitatory_consensus_v1	MSigDB C2:CP v2026.1 Hs symbols	Excitatory_neurons	WP_PYRIMIDINE_METABOLISM	https://www.gsea-msigdb.org/gsea/msigdb/human/geneset/WP_PYRIMIDINE_METABOLISM	all excitatory-neuron Bayesian-network genes represented in MSigDB C2:CP	6952	23	58	0		0.0	1.0	1.0	False				
phase18_selenow_excitatory_consensus_v1	MSigDB C2:CP v2026.1 Hs symbols	Excitatory_neurons	WP_RAC1PAK1P38MMP2_PATHWAY	https://www.gsea-msigdb.org/gsea/msigdb/human/geneset/WP_RAC1PAK1P38MMP2_PATHWAY	all excitatory-neuron Bayesian-network genes represented in MSigDB C2:CP	6952	23	44	0		0.0	1.0	1.0	False				
phase18_selenow_excitatory_consensus_v1	MSigDB C2:CP v2026.1 Hs symbols	Excitatory_neurons	WP_RANKLRANK_SIGNALING	https://www.gsea-msigdb.org/gsea/msigdb/human/geneset/WP_RANKLRANK_SIGNALING	all excitatory-neuron Bayesian-network genes represented in MSigDB C2:CP	6952	23	34	0		0.0	1.0	1.0	False				
phase18_selenow_excitatory_consensus_v1	MSigDB C2:CP v2026.1 Hs symbols	Excitatory_neurons	WP_RAS_SIGNALING	https://www.gsea-msigdb.org/gsea/msigdb/human/geneset/WP_RAS_SIGNALING	all excitatory-neuron Bayesian-network genes represented in MSigDB C2:CP	6952	23	113	0		0.0	1.0	1.0	False				
phase18_selenow_excitatory_consensus_v1	MSigDB C2:CP v2026.1 Hs symbols	Excitatory_neurons	WP_REGUCALCIN_IN_PROXIMAL_TUBULE_EPITHELIAL_KIDNEY_CELLS	https://www.gsea-msigdb.org/gsea/msigdb/human/geneset/WP_REGUCALCIN_IN_PROXIMAL_TUBULE_EPITHELIAL_KIDNEY_CELLS	all excitatory-neuron Bayesian-network genes represented in MSigDB C2:CP	6952	23	18	0		0.0	1.0	1.0	False				
phase18_selenow_excitatory_consensus_v1	MSigDB C2:CP v2026.1 Hs symbols	Excitatory_neurons	WP_REGULATION_OF_TOLLLIKE_RECEPTOR_SIGNALING	https://www.gsea-msigdb.org/gsea/msigdb/human/geneset/WP_REGULATION_OF_TOLLLIKE_RECEPTOR_SIGNALING	all excitatory-neuron Bayesian-network genes represented in MSigDB C2:CP	6952	23	64	0		0.0	1.0	1.0	False				
phase18_selenow_excitatory_consensus_v1	MSigDB C2:CP v2026.1 Hs symbols	Excitatory_neurons	WP_REGULATORY_CIRCUITS_OF_STAT3_SIGNALING	https://www.gsea-msigdb.org/gsea/msigdb/human/geneset/WP_REGULATORY_CIRCUITS_OF_STAT3_SIGNALING	all excitatory-neuron Bayesian-network genes represented in MSigDB C2:CP	6952	23	41	0		0.0	1.0	1.0	False				
phase18_selenow_excitatory_consensus_v1	MSigDB C2:CP v2026.1 Hs symbols	Excitatory_neurons	WP_RELATIONSHIP_BETWEEN_INFLAMMATION_COX2_AND_EGFR	https://www.gsea-msigdb.org/gsea/msigdb/human/geneset/WP_RELATIONSHIP_BETWEEN_INFLAMMATION_COX2_AND_EGFR	all excitatory-neuron Bayesian-network genes represented in MSigDB C2:CP	6952	23	15	0		0.0	1.0	1.0	False				
phase18_selenow_excitatory_consensus_v1	MSigDB C2:CP v2026.1 Hs symbols	Excitatory_neurons	WP_RENINANGIOTENSINALDOSTERONE_SYSTEM_RAAS	https://www.gsea-msigdb.org/gsea/msigdb/human/geneset/WP_RENINANGIOTENSINALDOSTERONE_SYSTEM_RAAS	all excitatory-neuron Bayesian-network genes represented in MSigDB C2:CP	6952	23	19	0		0.0	1.0	1.0	False				
phase18_selenow_excitatory_consensus_v1	MSigDB C2:CP v2026.1 Hs symbols	Excitatory_neurons	WP_RESISTIN_AS_A_REGULATOR_OF_INFLAMMATION	https://www.gsea-msigdb.org/gsea/msigdb/human/geneset/WP_RESISTIN_AS_A_REGULATOR_OF_INFLAMMATION	all excitatory-neuron Bayesian-network genes represented in MSigDB C2:CP	6952	23	21	0		0.0	1.0	1.0	False				
phase18_selenow_excitatory_consensus_v1	MSigDB C2:CP v2026.1 Hs symbols	Excitatory_neurons	WP_RETINOBLASTOMA_GENE_IN_CANCER	https://www.gsea-msigdb.org/gsea/msigdb/human/geneset/WP_RETINOBLASTOMA_GENE_IN_CANCER	all excitatory-neuron Bayesian-network genes represented in MSigDB C2:CP	6952	23	52	0		0.0	1.0	1.0	False				
phase18_selenow_excitatory_consensus_v1	MSigDB C2:CP v2026.1 Hs symbols	Excitatory_neurons	WP_RETT_SYNDROME	https://www.gsea-msigdb.org/gsea/msigdb/human/geneset/WP_RETT_SYNDROME	all excitatory-neuron Bayesian-network genes represented in MSigDB C2:CP	6952	23	41	0		0.0	1.0	1.0	False				
phase18_selenow_excitatory_consensus_v1	MSigDB C2:CP v2026.1 Hs symbols	Excitatory_neurons	WP_RNAPOLYMERASE_II_TRANSCRIPTION_THE_PREINITIATION_COMPLEX	https://www.gsea-msigdb.org/gsea/msigdb/human/geneset/WP_RNAPOLYMERASE_II_TRANSCRIPTION_THE_PREINITIATION_COMPLEX	all excitatory-neuron Bayesian-network genes represented in MSigDB C2:CP	6952	23	62	0		0.0	1.0	1.0	False				
phase18_selenow_excitatory_consensus_v1	MSigDB C2:CP v2026.1 Hs symbols	Excitatory_neurons	WP_S1P_RECEPTOR_SIGNAL_TRANSDUCTION	https://www.gsea-msigdb.org/gsea/msigdb/human/geneset/WP_S1P_RECEPTOR_SIGNAL_TRANSDUCTION	all excitatory-neuron Bayesian-network genes represented in MSigDB C2:CP	6952	23	16	0		0.0	1.0	1.0	False				
phase18_selenow_excitatory_consensus_v1	MSigDB C2:CP v2026.1 Hs symbols	Excitatory_neurons	WP_SARSCOV2_INNATE_IMMUNITY_EVASION_AND_CELLSPECIFIC_IMMUNE_RESPONSE	https://www.gsea-msigdb.org/gsea/msigdb/human/geneset/WP_SARSCOV2_INNATE_IMMUNITY_EVASION_AND_CELLSPECIFIC_IMMUNE_RESPONSE	all excitatory-neuron Bayesian-network genes represented in MSigDB C2:CP	6952	23	23	0		0.0	1.0	1.0	False				
phase18_selenow_excitatory_consensus_v1	MSigDB C2:CP v2026.1 Hs symbols	Excitatory_neurons	WP_SENESCENCEASSOCIATED_SECRETORY_PHENOTYPE_SASP	https://www.gsea-msigdb.org/gsea/msigdb/human/geneset/WP_SENESCENCEASSOCIATED_SECRETORY_PHENOTYPE_SASP	all excitatory-neuron Bayesian-network genes represented in MSigDB C2:CP	6952	23	34	0		0.0	1.0	1.0	False				
phase18_selenow_excitatory_consensus_v1	MSigDB C2:CP v2026.1 Hs symbols	Excitatory_neurons	WP_SENESCENCE_AND_AUTOPHAGY_IN_CANCER	https://www.gsea-msigdb.org/gsea/msigdb/human/geneset/WP_SENESCENCE_AND_AUTOPHAGY_IN_CANCER	all excitatory-neuron Bayesian-network genes represented in MSigDB C2:CP	6952	23	55	0		0.0	1.0	1.0	False				
phase18_selenow_excitatory_consensus_v1	MSigDB C2:CP v2026.1 Hs symbols	Excitatory_neurons	WP_SEROTONIN_HTR1_GROUP_AND_FOS_PATHWAY	https://www.gsea-msigdb.org/gsea/msigdb/human/geneset/WP_SEROTONIN_HTR1_GROUP_AND_FOS_PATHWAY	all excitatory-neuron Bayesian-network genes represented in MSigDB C2:CP	6952	23	30	0		0.0	1.0	1.0	False				
phase18_selenow_excitatory_consensus_v1	MSigDB C2:CP v2026.1 Hs symbols	Excitatory_neurons	WP_SEROTONIN_RECEPTOR_2_AND_ELKSRFGATA4_SIGNALING	https://www.gsea-msigdb.org/gsea/msigdb/human/geneset/WP_SEROTONIN_RECEPTOR_2_AND_ELKSRFGATA4_SIGNALING	all excitatory-neuron Bayesian-network genes represented in MSigDB C2:CP	6952	23	16	0		0.0	1.0	1.0	False				
phase18_selenow_excitatory_consensus_v1	MSigDB C2:CP v2026.1 Hs symbols	Excitatory_neurons	WP_SEROTONIN_RECEPTOR_467_AND_NR3C_SIGNALING	https://www.gsea-msigdb.org/gsea/msigdb/human/geneset/WP_SEROTONIN_RECEPTOR_467_AND_NR3C_SIGNALING	all excitatory-neuron Bayesian-network genes represented in MSigDB C2:CP	6952	23	15	0		0.0	1.0	1.0	False				
phase18_selenow_excitatory_consensus_v1	MSigDB C2:CP v2026.1 Hs symbols	Excitatory_neurons	WP_SHANK3_PATHWAY_INVOLVED_IN_PHELANMCDERMID_SYNDROME	https://www.gsea-msigdb.org/gsea/msigdb/human/geneset/WP_SHANK3_PATHWAY_INVOLVED_IN_PHELANMCDERMID_SYNDROME	all excitatory-neuron Bayesian-network genes represented in MSigDB C2:CP	6952	23	29	0		0.0	1.0	1.0	False				
phase18_selenow_excitatory_consensus_v1	MSigDB C2:CP v2026.1 Hs symbols	Excitatory_neurons	WP_SIGNAL_TRANSDUCTION_THROUGH_IL1R	https://www.gsea-msigdb.org/gsea/msigdb/human/geneset/WP_SIGNAL_TRANSDUCTION_THROUGH_IL1R	all excitatory-neuron Bayesian-network genes represented in MSigDB C2:CP	6952	23	20	0		0.0	1.0	1.0	False				
phase18_selenow_excitatory_consensus_v1	MSigDB C2:CP v2026.1 Hs symbols	Excitatory_neurons	WP_SILDENAFIL_TREATMENT	https://www.gsea-msigdb.org/gsea/msigdb/human/geneset/WP_SILDENAFIL_TREATMENT	all excitatory-neuron Bayesian-network genes represented in MSigDB C2:CP	6952	23	18	0		0.0	1.0	1.0	False				
phase18_selenow_excitatory_consensus_v1	MSigDB C2:CP v2026.1 Hs symbols	Excitatory_neurons	WP_SLC25A46_PATHWAY	https://www.gsea-msigdb.org/gsea/msigdb/human/geneset/WP_SLC25A46_PATHWAY	all excitatory-neuron Bayesian-network genes represented in MSigDB C2:CP	6952	23	18	0		0.0	1.0	1.0	False				
phase18_selenow_excitatory_consensus_v1	MSigDB C2:CP v2026.1 Hs symbols	Excitatory_neurons	WP_SMALL_CELL_LUNG_CANCER	https://www.gsea-msigdb.org/gsea/msigdb/human/geneset/WP_SMALL_CELL_LUNG_CANCER	all excitatory-neuron Bayesian-network genes represented in MSigDB C2:CP	6952	23	49	0		0.0	1.0	1.0	False				
phase18_selenow_excitatory_consensus_v1	MSigDB C2:CP v2026.1 Hs symbols	Excitatory_neurons	WP_SMITHMAGENIS_AND_POTOCKILUPSKI_SYNDROME_COPY_NUMBER_VARIATION	https://www.gsea-msigdb.org/gsea/msigdb/human/geneset/WP_SMITHMAGENIS_AND_POTOCKILUPSKI_SYNDROME_COPY_NUMBER_VARIATION	all excitatory-neuron Bayesian-network genes represented in MSigDB C2:CP	6952	23	118	0		0.0	1.0	1.0	False				
phase18_selenow_excitatory_consensus_v1	MSigDB C2:CP v2026.1 Hs symbols	Excitatory_neurons	WP_SPHINGOLIPID_METABOLISM_INTEGRATED_PATHWAY	https://www.gsea-msigdb.org/gsea/msigdb/human/geneset/WP_SPHINGOLIPID_METABOLISM_INTEGRATED_PATHWAY	all excitatory-neuron Bayesian-network genes represented in MSigDB C2:CP	6952	23	19	0		0.0	1.0	1.0	False				
phase18_selenow_excitatory_consensus_v1	MSigDB C2:CP v2026.1 Hs symbols	Excitatory_neurons	WP_SPHINGOLIPID_METABOLISM_IN_SENESCENCE	https://www.gsea-msigdb.org/gsea/msigdb/human/geneset/WP_SPHINGOLIPID_METABOLISM_IN_SENESCENCE	all excitatory-neuron Bayesian-network genes represented in MSigDB C2:CP	6952	23	18	0		0.0	1.0	1.0	False				
phase18_selenow_excitatory_consensus_v1	MSigDB C2:CP v2026.1 Hs symbols	Excitatory_neurons	WP_SPHINGOLIPID_METABOLISM_OVERVIEW	https://www.gsea-msigdb.org/gsea/msigdb/human/geneset/WP_SPHINGOLIPID_METABOLISM_OVERVIEW	all excitatory-neuron Bayesian-network genes represented in MSigDB C2:CP	6952	23	19	0		0.0	1.0	1.0	False				
phase18_selenow_excitatory_consensus_v1	MSigDB C2:CP v2026.1 Hs symbols	Excitatory_neurons	WP_SPHINGOLIPID_PATHWAY	https://www.gsea-msigdb.org/gsea/msigdb/human/geneset/WP_SPHINGOLIPID_PATHWAY	all excitatory-neuron Bayesian-network genes represented in MSigDB C2:CP	6952	23	19	0		0.0	1.0	1.0	False				
phase18_selenow_excitatory_consensus_v1	MSigDB C2:CP v2026.1 Hs symbols	Excitatory_neurons	WP_SPINAL_CORD_INJURY	https://www.gsea-msigdb.org/gsea/msigdb/human/geneset/WP_SPINAL_CORD_INJURY	all excitatory-neuron Bayesian-network genes represented in MSigDB C2:CP	6952	23	42	0		0.0	1.0	1.0	False				
phase18_selenow_excitatory_consensus_v1	MSigDB C2:CP v2026.1 Hs symbols	Excitatory_neurons	WP_SPLICING_FACTOR_NOVA_REGULATED_SYNAPTIC_PROTEINS	https://www.gsea-msigdb.org/gsea/msigdb/human/geneset/WP_SPLICING_FACTOR_NOVA_REGULATED_SYNAPTIC_PROTEINS	all excitatory-neuron Bayesian-network genes represented in MSigDB C2:CP	6952	23	37	0		0.0	1.0	1.0	False				
phase18_selenow_excitatory_consensus_v1	MSigDB C2:CP v2026.1 Hs symbols	Excitatory_neurons	WP_STEROL_REGULATORY_ELEMENTBINDING_PROTEINS_SREBP_SIGNALING	https://www.gsea-msigdb.org/gsea/msigdb/human/geneset/WP_STEROL_REGULATORY_ELEMENTBINDING_PROTEINS_SREBP_SIGNALING	all excitatory-neuron Bayesian-network genes represented in MSigDB C2:CP	6952	23	59	0		0.0	1.0	1.0	False				
phase18_selenow_excitatory_consensus_v1	MSigDB C2:CP v2026.1 Hs symbols	Excitatory_neurons	WP_SYNAPTIC_SIGNALING_ASSOCIATED_WITH_AUTISM_SPECTRUM_DISORDER	https://www.gsea-msigdb.org/gsea/msigdb/human/geneset/WP_SYNAPTIC_SIGNALING_ASSOCIATED_WITH_AUTISM_SPECTRUM_DISORDER	all excitatory-neuron Bayesian-network genes represented in MSigDB C2:CP	6952	23	41	0		0.0	1.0	1.0	False				
phase18_selenow_excitatory_consensus_v1	MSigDB C2:CP v2026.1 Hs symbols	Excitatory_neurons	WP_TARGETED_AGENTS_IN_TRIPLE_NEGATIVE_BREAST_CANCER	https://www.gsea-msigdb.org/gsea/msigdb/human/geneset/WP_TARGETED_AGENTS_IN_TRIPLE_NEGATIVE_BREAST_CANCER	all excitatory-neuron Bayesian-network genes represented in MSigDB C2:CP	6952	23	34	0		0.0	1.0	1.0	False				
phase18_selenow_excitatory_consensus_v1	MSigDB C2:CP v2026.1 Hs symbols	Excitatory_neurons	WP_TARGETED_THERAPY_IN_BREAST_CANCER	https://www.gsea-msigdb.org/gsea/msigdb/human/geneset/WP_TARGETED_THERAPY_IN_BREAST_CANCER	all excitatory-neuron Bayesian-network genes represented in MSigDB C2:CP	6952	23	18	0		0.0	1.0	1.0	False				
phase18_selenow_excitatory_consensus_v1	MSigDB C2:CP v2026.1 Hs symbols	Excitatory_neurons	WP_TARGETING_YAP_IN_PANCREATIC_DUCTAL_ADENOCARCINOMA_PDAC	https://www.gsea-msigdb.org/gsea/msigdb/human/geneset/WP_TARGETING_YAP_IN_PANCREATIC_DUCTAL_ADENOCARCINOMA_PDAC	all excitatory-neuron Bayesian-network genes represented in MSigDB C2:CP	6952	23	15	0		0.0	1.0	1.0	False				
phase18_selenow_excitatory_consensus_v1	MSigDB C2:CP v2026.1 Hs symbols	Excitatory_neurons	WP_TARGET_OF_RAPAMYCIN_SIGNALING	https://www.gsea-msigdb.org/gsea/msigdb/human/geneset/WP_TARGET_OF_RAPAMYCIN_SIGNALING	all excitatory-neuron Bayesian-network genes represented in MSigDB C2:CP	6952	23	29	0		0.0	1.0	1.0	False				
phase18_selenow_excitatory_consensus_v1	MSigDB C2:CP v2026.1 Hs symbols	Excitatory_neurons	WP_TAR_SYNDROME	https://www.gsea-msigdb.org/gsea/msigdb/human/geneset/WP_TAR_SYNDROME	all excitatory-neuron Bayesian-network genes represented in MSigDB C2:CP	6952	23	35	0		0.0	1.0	1.0	False				
phase18_selenow_excitatory_consensus_v1	MSigDB C2:CP v2026.1 Hs symbols	Excitatory_neurons	WP_TCA_CYCLE_AKA_KREBS_OR_CITRIC_ACID_CYCLE	https://www.gsea-msigdb.org/gsea/msigdb/human/geneset/WP_TCA_CYCLE_AKA_KREBS_OR_CITRIC_ACID_CYCLE	all excitatory-neuron Bayesian-network genes represented in MSigDB C2:CP	6952	23	16	0		0.0	1.0	1.0	False				
phase18_selenow_excitatory_consensus_v1	MSigDB C2:CP v2026.1 Hs symbols	Excitatory_neurons	WP_TCELL_ACTIVATION_SARSCOV2	https://www.gsea-msigdb.org/gsea/msigdb/human/geneset/WP_TCELL_ACTIVATION_SARSCOV2	all excitatory-neuron Bayesian-network genes represented in MSigDB C2:CP	6952	23	45	0		0.0	1.0	1.0	False				
phase18_selenow_excitatory_consensus_v1	MSigDB C2:CP v2026.1 Hs symbols	Excitatory_neurons	WP_TCELL_ANTIGEN_RECEPTOR_TCR_PATHWAY_DURING_STAPHYLOCOCCUS_AUREUS_INFECTION	https://www.gsea-msigdb.org/gsea/msigdb/human/geneset/WP_TCELL_ANTIGEN_RECEPTOR_TCR_PATHWAY_DURING_STAPHYLOCOCCUS_AUREUS_INFECTION	all excitatory-neuron Bayesian-network genes represented in MSigDB C2:CP	6952	23	34	0		0.0	1.0	1.0	False				
phase18_selenow_excitatory_consensus_v1	MSigDB C2:CP v2026.1 Hs symbols	Excitatory_neurons	WP_TCELL_RECEPTOR_SIGNALING	https://www.gsea-msigdb.org/gsea/msigdb/human/geneset/WP_TCELL_RECEPTOR_SIGNALING	all excitatory-neuron Bayesian-network genes represented in MSigDB C2:CP	6952	23	50	0		0.0	1.0	1.0	False				
phase18_selenow_excitatory_consensus_v1	MSigDB C2:CP v2026.1 Hs symbols	Excitatory_neurons	WP_TGFBETA_RECEPTOR_SIGNALING	https://www.gsea-msigdb.org/gsea/msigdb/human/geneset/WP_TGFBETA_RECEPTOR_SIGNALING	all excitatory-neuron Bayesian-network genes represented in MSigDB C2:CP	6952	23	24	0		0.0	1.0	1.0	False				
phase18_selenow_excitatory_consensus_v1	MSigDB C2:CP v2026.1 Hs symbols	Excitatory_neurons	WP_TGFBETA_RECEPTOR_SIGNALING_IN_SKELETAL_DYSPLASIAS	https://www.gsea-msigdb.org/gsea/msigdb/human/geneset/WP_TGFBETA_RECEPTOR_SIGNALING_IN_SKELETAL_DYSPLASIAS	all excitatory-neuron Bayesian-network genes represented in MSigDB C2:CP	6952	23	26	0		0.0	1.0	1.0	False				
phase18_selenow_excitatory_consensus_v1	MSigDB C2:CP v2026.1 Hs symbols	Excitatory_neurons	WP_TH17_CELL_DIFFERENTIATION_PATHWAY	https://www.gsea-msigdb.org/gsea/msigdb/human/geneset/WP_TH17_CELL_DIFFERENTIATION_PATHWAY	all excitatory-neuron Bayesian-network genes represented in MSigDB C2:CP	6952	23	34	0		0.0	1.0	1.0	False				
phase18_selenow_excitatory_consensus_v1	MSigDB C2:CP v2026.1 Hs symbols	Excitatory_neurons	WP_THERMOGENESIS	https://www.gsea-msigdb.org/gsea/msigdb/human/geneset/WP_THERMOGENESIS	all excitatory-neuron Bayesian-network genes represented in MSigDB C2:CP	6952	23	78	0		0.0	1.0	1.0	False				
phase18_selenow_excitatory_consensus_v1	MSigDB C2:CP v2026.1 Hs symbols	Excitatory_neurons	WP_THYMIC_STROMAL_LYMPHOPOIETIN_TSLP_SIGNALING	https://www.gsea-msigdb.org/gsea/msigdb/human/geneset/WP_THYMIC_STROMAL_LYMPHOPOIETIN_TSLP_SIGNALING	all excitatory-neuron Bayesian-network genes represented in MSigDB C2:CP	6952	23	23	0		0.0	1.0	1.0	False				
phase18_selenow_excitatory_consensus_v1	MSigDB C2:CP v2026.1 Hs symbols	Excitatory_neurons	WP_THYROID_HORMONES_PRODUCTION_AND_PERIPHERAL_DOWNSTREAM_SIGNALING_EFFECTS	https://www.gsea-msigdb.org/gsea/msigdb/human/geneset/WP_THYROID_HORMONES_PRODUCTION_AND_PERIPHERAL_DOWNSTREAM_SIGNALING_EFFECTS	all excitatory-neuron Bayesian-network genes represented in MSigDB C2:CP	6952	23	55	0		0.0	1.0	1.0	False				
phase18_selenow_excitatory_consensus_v1	MSigDB C2:CP v2026.1 Hs symbols	Excitatory_neurons	WP_THYROID_STIMULATING_HORMONE_TSH_SIGNALING	https://www.gsea-msigdb.org/gsea/msigdb/human/geneset/WP_THYROID_STIMULATING_HORMONE_TSH_SIGNALING	all excitatory-neuron Bayesian-network genes represented in MSigDB C2:CP	6952	23	53	0		0.0	1.0	1.0	False				
phase18_selenow_excitatory_consensus_v1	MSigDB C2:CP v2026.1 Hs symbols	Excitatory_neurons	WP_THYROXINE_THYROID_HORMONE_PRODUCTION	https://www.gsea-msigdb.org/gsea/msigdb/human/geneset/WP_THYROXINE_THYROID_HORMONE_PRODUCTION	all excitatory-neuron Bayesian-network genes represented in MSigDB C2:CP	6952	23	15	0		0.0	1.0	1.0	False				
phase18_selenow_excitatory_consensus_v1	MSigDB C2:CP v2026.1 Hs symbols	Excitatory_neurons	WP_TLR4_SIGNALING_AND_TOLERANCE	https://www.gsea-msigdb.org/gsea/msigdb/human/geneset/WP_TLR4_SIGNALING_AND_TOLERANCE	all excitatory-neuron Bayesian-network genes represented in MSigDB C2:CP	6952	23	16	0		0.0	1.0	1.0	False				
phase18_selenow_excitatory_consensus_v1	MSigDB C2:CP v2026.1 Hs symbols	Excitatory_neurons	WP_TNFALPHA_SIGNALING	https://www.gsea-msigdb.org/gsea/msigdb/human/geneset/WP_TNFALPHA_SIGNALING	all excitatory-neuron Bayesian-network genes represented in MSigDB C2:CP	6952	23	67	0		0.0	1.0	1.0	False				
phase18_selenow_excitatory_consensus_v1	MSigDB C2:CP v2026.1 Hs symbols	Excitatory_neurons	WP_TNFRELATED_WEAK_INDUCER_OF_APOPTOSIS_TWEAK_SIGNALING	https://www.gsea-msigdb.org/gsea/msigdb/human/geneset/WP_TNFRELATED_WEAK_INDUCER_OF_APOPTOSIS_TWEAK_SIGNALING	all excitatory-neuron Bayesian-network genes represented in MSigDB C2:CP	6952	23	25	0		0.0	1.0	1.0	False				
phase18_selenow_excitatory_consensus_v1	MSigDB C2:CP v2026.1 Hs symbols	Excitatory_neurons	WP_TOLLLIKE_RECEPTOR_SIGNALING	https://www.gsea-msigdb.org/gsea/msigdb/human/geneset/WP_TOLLLIKE_RECEPTOR_SIGNALING	all excitatory-neuron Bayesian-network genes represented in MSigDB C2:CP	6952	23	41	0		0.0	1.0	1.0	False				
phase18_selenow_excitatory_consensus_v1	MSigDB C2:CP v2026.1 Hs symbols	Excitatory_neurons	WP_TRANSCRIPTION_ACTIVATION_RNAPOLYMERASE_I_AND_KAT2AB_AND_INHIBITION_NURD_COMPLEX	https://www.gsea-msigdb.org/gsea/msigdb/human/geneset/WP_TRANSCRIPTION_ACTIVATION_RNAPOLYMERASE_I_AND_KAT2AB_AND_INHIBITION_NURD_COMPLEX	all excitatory-neuron Bayesian-network genes represented in MSigDB C2:CP	6952	23	32	0		0.0	1.0	1.0	False				
phase18_selenow_excitatory_consensus_v1	MSigDB C2:CP v2026.1 Hs symbols	Excitatory_neurons	WP_TRANSLATION_FACTORS	https://www.gsea-msigdb.org/gsea/msigdb/human/geneset/WP_TRANSLATION_FACTORS	all excitatory-neuron Bayesian-network genes represented in MSigDB C2:CP	6952	23	43	0		0.0	1.0	1.0	False				
phase18_selenow_excitatory_consensus_v1	MSigDB C2:CP v2026.1 Hs symbols	Excitatory_neurons	WP_TRANSLATION_INHIBITORS_IN_CHRONICALLY_ACTIVATED_PDGFRA_CELLS	https://www.gsea-msigdb.org/gsea/msigdb/human/geneset/WP_TRANSLATION_INHIBITORS_IN_CHRONICALLY_ACTIVATED_PDGFRA_CELLS	all excitatory-neuron Bayesian-network genes represented in MSigDB C2:CP	6952	23	40	0		0.0	1.0	1.0	False				
phase18_selenow_excitatory_consensus_v1	MSigDB C2:CP v2026.1 Hs symbols	Excitatory_neurons	WP_TRANSSULFURATION_ONECARBON_METABOLISM_AND_RELATED_PATHWAYS	https://www.gsea-msigdb.org/gsea/msigdb/human/geneset/WP_TRANSSULFURATION_ONECARBON_METABOLISM_AND_RELATED_PATHWAYS	all excitatory-neuron Bayesian-network genes represented in MSigDB C2:CP	6952	23	36	0		0.0	1.0	1.0	False				
phase18_selenow_excitatory_consensus_v1	MSigDB C2:CP v2026.1 Hs symbols	Excitatory_neurons	WP_TUMOR_SUPPRESSOR_ACTIVITY_OF_SMARCB1	https://www.gsea-msigdb.org/gsea/msigdb/human/geneset/WP_TUMOR_SUPPRESSOR_ACTIVITY_OF_SMARCB1	all excitatory-neuron Bayesian-network genes represented in MSigDB C2:CP	6952	23	22	0		0.0	1.0	1.0	False				
phase18_selenow_excitatory_consensus_v1	MSigDB C2:CP v2026.1 Hs symbols	Excitatory_neurons	WP_TYPE_2_PAPILLARY_RENAL_CELL_CARCINOMA	https://www.gsea-msigdb.org/gsea/msigdb/human/geneset/WP_TYPE_2_PAPILLARY_RENAL_CELL_CARCINOMA	all excitatory-neuron Bayesian-network genes represented in MSigDB C2:CP	6952	23	26	0		0.0	1.0	1.0	False				
phase18_selenow_excitatory_consensus_v1	MSigDB C2:CP v2026.1 Hs symbols	Excitatory_neurons	WP_TYPE_I_COLLAGEN_SYNTHESIS_IN_THE_CONTEXT_OF_OSTEOGENESIS_IMPERFECTA	https://www.gsea-msigdb.org/gsea/msigdb/human/geneset/WP_TYPE_I_COLLAGEN_SYNTHESIS_IN_THE_CONTEXT_OF_OSTEOGENESIS_IMPERFECTA	all excitatory-neuron Bayesian-network genes represented in MSigDB C2:CP	6952	23	17	0		0.0	1.0	1.0	False				
phase18_selenow_excitatory_consensus_v1	MSigDB C2:CP v2026.1 Hs symbols	Excitatory_neurons	WP_TYROSINE_KINASE_INHIBITORS_IN_GLIOBLASTOMA	https://www.gsea-msigdb.org/gsea/msigdb/human/geneset/WP_TYROSINE_KINASE_INHIBITORS_IN_GLIOBLASTOMA	all excitatory-neuron Bayesian-network genes represented in MSigDB C2:CP	6952	23	22	0		0.0	1.0	1.0	False				
phase18_selenow_excitatory_consensus_v1	MSigDB C2:CP v2026.1 Hs symbols	Excitatory_neurons	WP_T_CELL_RECEPTOR_AND_COSTIMULATORY_SIGNALING	https://www.gsea-msigdb.org/gsea/msigdb/human/geneset/WP_T_CELL_RECEPTOR_AND_COSTIMULATORY_SIGNALING	all excitatory-neuron Bayesian-network genes represented in MSigDB C2:CP	6952	23	17	0		0.0	1.0	1.0	False				
phase18_selenow_excitatory_consensus_v1	MSigDB C2:CP v2026.1 Hs symbols	Excitatory_neurons	WP_UNFOLDED_PROTEIN_RESPONSE	https://www.gsea-msigdb.org/gsea/msigdb/human/geneset/WP_UNFOLDED_PROTEIN_RESPONSE	all excitatory-neuron Bayesian-network genes represented in MSigDB C2:CP	6952	23	15	0		0.0	1.0	1.0	False				
phase18_selenow_excitatory_consensus_v1	MSigDB C2:CP v2026.1 Hs symbols	Excitatory_neurons	WP_UROTENSINIIMEDIATED_SIGNALING	https://www.gsea-msigdb.org/gsea/msigdb/human/geneset/WP_UROTENSINIIMEDIATED_SIGNALING	all excitatory-neuron Bayesian-network genes represented in MSigDB C2:CP	6952	23	32	0		0.0	1.0	1.0	False				
phase18_selenow_excitatory_consensus_v1	MSigDB C2:CP v2026.1 Hs symbols	Excitatory_neurons	WP_VASOPRESSINREGULATED_WATER_REABSORPTION	https://www.gsea-msigdb.org/gsea/msigdb/human/geneset/WP_VASOPRESSINREGULATED_WATER_REABSORPTION	all excitatory-neuron Bayesian-network genes represented in MSigDB C2:CP	6952	23	31	0		0.0	1.0	1.0	False				
phase18_selenow_excitatory_consensus_v1	MSigDB C2:CP v2026.1 Hs symbols	Excitatory_neurons	WP_VITAMIN_DSENSITIVE_CALCIUM_SIGNALING_IN_DEPRESSION	https://www.gsea-msigdb.org/gsea/msigdb/human/geneset/WP_VITAMIN_DSENSITIVE_CALCIUM_SIGNALING_IN_DEPRESSION	all excitatory-neuron Bayesian-network genes represented in MSigDB C2:CP	6952	23	21	0		0.0	1.0	1.0	False				
phase18_selenow_excitatory_consensus_v1	MSigDB C2:CP v2026.1 Hs symbols	Excitatory_neurons	WP_VITAMIN_D_IN_INFLAMMATORY_DISEASES	https://www.gsea-msigdb.org/gsea/msigdb/human/geneset/WP_VITAMIN_D_IN_INFLAMMATORY_DISEASES	all excitatory-neuron Bayesian-network genes represented in MSigDB C2:CP	6952	23	16	0		0.0	1.0	1.0	False				
phase18_selenow_excitatory_consensus_v1	MSigDB C2:CP v2026.1 Hs symbols	Excitatory_neurons	WP_VITAMIN_D_RECEPTOR_PATHWAY	https://www.gsea-msigdb.org/gsea/msigdb/human/geneset/WP_VITAMIN_D_RECEPTOR_PATHWAY	all excitatory-neuron Bayesian-network genes represented in MSigDB C2:CP	6952	23	38	0		0.0	1.0	1.0	False				
phase18_selenow_excitatory_consensus_v1	MSigDB C2:CP v2026.1 Hs symbols	Excitatory_neurons	WP_WARBURG_EFFECT_MODULATED_BY_DEUBIQUITINATING_ENZYMES_AND_THEIR_SUBSTRATES	https://www.gsea-msigdb.org/gsea/msigdb/human/geneset/WP_WARBURG_EFFECT_MODULATED_BY_DEUBIQUITINATING_ENZYMES_AND_THEIR_SUBSTRATES	all excitatory-neuron Bayesian-network genes represented in MSigDB C2:CP	6952	23	19	0		0.0	1.0	1.0	False				
phase18_selenow_excitatory_consensus_v1	MSigDB C2:CP v2026.1 Hs symbols	Excitatory_neurons	WP_WNTBETACATENIN_SIGNALING_IN_LEUKEMIA	https://www.gsea-msigdb.org/gsea/msigdb/human/geneset/WP_WNTBETACATENIN_SIGNALING_IN_LEUKEMIA	all excitatory-neuron Bayesian-network genes represented in MSigDB C2:CP	6952	23	16	0		0.0	1.0	1.0	False				
phase18_selenow_excitatory_consensus_v1	MSigDB C2:CP v2026.1 Hs symbols	Excitatory_neurons	WP_WNT_SIGNALING	https://www.gsea-msigdb.org/gsea/msigdb/human/geneset/WP_WNT_SIGNALING	all excitatory-neuron Bayesian-network genes represented in MSigDB C2:CP	6952	23	51	0		0.0	1.0	1.0	False				
phase18_selenow_excitatory_consensus_v1	MSigDB C2:CP v2026.1 Hs symbols	Excitatory_neurons	WP_WNT_SIGNALING_AND_PLURIPOTENCY	https://www.gsea-msigdb.org/gsea/msigdb/human/geneset/WP_WNT_SIGNALING_AND_PLURIPOTENCY	all excitatory-neuron Bayesian-network genes represented in MSigDB C2:CP	6952	23	51	0		0.0	1.0	1.0	False				
phase18_selenow_excitatory_consensus_v1	MSigDB C2:CP v2026.1 Hs symbols	Excitatory_neurons	WP_WNT_SIGNALING_IN_KIDNEY_DISEASE	https://www.gsea-msigdb.org/gsea/msigdb/human/geneset/WP_WNT_SIGNALING_IN_KIDNEY_DISEASE	all excitatory-neuron Bayesian-network genes represented in MSigDB C2:CP	6952	23	15	0		0.0	1.0	1.0	False				
phase18_selenow_excitatory_consensus_v1	MSigDB C2:CP v2026.1 Hs symbols	Excitatory_neurons	WP_WNT_SIGNALING_NETPATH	https://www.gsea-msigdb.org/gsea/msigdb/human/geneset/WP_WNT_SIGNALING_NETPATH	all excitatory-neuron Bayesian-network genes represented in MSigDB C2:CP	6952	23	39	0		0.0	1.0	1.0	False				
phase18_selenow_excitatory_consensus_v1	MSigDB C2:CP v2026.1 Hs symbols	Excitatory_neurons	WP_ZINC_HOMEOSTASIS	https://www.gsea-msigdb.org/gsea/msigdb/human/geneset/WP_ZINC_HOMEOSTASIS	all excitatory-neuron Bayesian-network genes represented in MSigDB C2:CP	6952	23	16	0		0.0	1.0	1.0	False				
