node_order	source_symbol
0	LINC01128
1	LINC00115
2	FAM41C
3	NOC2L
4	KLHL17
5	HES4
6	ISG15
7	B3GALT6
8	LINC01786
9	SCNN1D
10	PUSL1
11	CPTP
12	AURKAIP1
13	MRPL20-AS1
14	MRPL20
15	ANKRD65
16	VWA1
17	ATAD3C
18	ATAD3B
19	ATAD3A
20	TMEM240
21	SSU72
22	FNDC10
23	MMP23B
24	CDK11B
25	CDK11A
26	CFAP74
27	GABRD
28	MORN1
29	PEX10
30	PLCH2
31	PANK4
32	HES5
33	TNFRSF14
34	PRXL2B
35	TTC34
36	PRDM16-DT
37	PRDM16
38	MEGF6
39	TPRG1L
40	WRAP73
41	TP73
42	DFFB
43	C1orf174
44	AJAP1
45	KCNAB2
46	CHD5
47	RPL22
48	RNF207
49	ICMT
50	GPR153
51	HES2
52	TNFRSF25
53	PLEKHG5
54	TAS1R1
55	ZBTB48
56	KLHL21
57	PHF13
58	THAP3
59	CAMTA1-DT
60	AL512330.1
61	PARK7
62	SLC45A1
63	RERE-AS1
64	ENO1
65	SLC2A5
66	GPR157
67	MIR34AHG
68	LNCTAM34A
69	SPSB1
70	LINC02606
71	TMEM201
72	PIK3CD
73	NMNAT1
74	RBP7
75	PGD
76	CENPS
77	CORT
78	CASZ1
79	MASP2
80	SRM
81	MTOR-AS1
82	ANGPTL7
83	DISP3
84	FBXO2
85	FBXO6
86	MAD2L2
87	DRAXIN
88	AGTRAP
89	NPPA
90	PLOD1
91	MIIP
92	TNFRSF1B
93	DHRS3
94	LRRC38
95	PDPN
96	KAZN-AS1
97	TMEM51-AS1
98	TMEM51
99	C1orf195
100	FHAD1
101	EFHD2
102	CELA2B
103	AGMAT
104	SLC25A34
105	FBLIM1
106	UQCRHL
107	ZBTB17
108	FAM131C
109	ARHGEF19
110	SPATA21
111	NECAP2
112	LINC01772
113	NBPF1
114	CROCC
115	PADI2
116	IGSF21-AS1
117	ALDH4A1
118	IFFO2
119	MRTO4
120	AKR7A3
121	AKR7A2
122	SLC66A1
123	MICOS10
124	NBL1
125	TMCO4
126	OTUD3
127	UBXN10
128	LINC01141
129	CAMK2N1
130	MUL1
131	PINK1
132	PINK1-AS
133	DDOST
134	KIF17
135	SH2D5
136	HP1BP3
137	ECE1
138	ALPL
139	RAP1GAP
140	HSPG2
141	LINC00339
142	CDC42-AS1
143	CDC42-IT1
144	WNT4
145	ZBTB40
146	C1QC
147	C1QB
148	EPHB2
149	ZNF436
150	ZNF436-AS1
151	TCEA3
152	ASAP3
153	RPL11
154	ELOA-AS1
155	LYPLA2
156	GALE
157	FUCA1
158	CNR2
159	PNRC2
160	IFNLR1
161	LINC02800
162	STPG1
163	RCAN3
164	CLIC4
165	SYF2
166	RHD
167	RHCE
168	LDLRAP1
169	MTFR1L
170	AUNIP
171	PAQR7
172	STMN1
173	PAFAH2
174	EXTL1
175	ZNF593
176	CNKSR1
177	CEP85
178	SH3BGRL3
179	UBXN11
180	HMGN2
181	RPS6KA1
182	PIGV
183	ZDHHC18
184	GPN2
185	GPATCH3
186	TRNP1
187	SLC9A1
188	MAP3K6
189	GPR3
190	IFI6
191	FAM76A
192	PPP1R8
193	THEMIS2
194	RPA2
195	XKR8
196	PTAFR
197	ATP5IF1
198	SESN2
199	MED18
200	RCC1
201	SNHG3
202	SNHG12
203	LINC01715
204	GMEB1
205	OPRD1
206	EPB41
207	MATN1
208	MATN1-AS1
209	LAPTM5
210	NKAIN1
211	FABP3
212	PEF1
213	SPOCD1
214	CCDC28B
215	IQCC
216	DCDC2B
217	TMEM234
218	EIF3I
219	MARCKSL1
220	TSSK3
221	FAM229A
222	SYNC
223	KIAA1522
224	FNDC5
225	HPCA
226	TMEM54
227	RNF19B
228	AZIN2
229	ZSCAN20
230	CSMD2-AS1
231	C1orf94
232	SMIM12
233	DLGAP3
234	TMEM35B
235	ZMYM4-AS1
236	NCDN
237	TFAP2E
238	C1orf216
239	CLSPN
240	ADPRHL2
241	SH3D21
242	STK40
243	LSM10
244	OSCP1
245	MRPS15
246	CSF3R
247	GRIK3
248	LINC01137
249	SNIP1
250	DNALI1
251	GNL2
252	C1orf109
253	CDCA8
254	EPHA10
255	MANEAL
256	YRDC
257	C1orf122
258	MTF1
259	FHL3
260	UTP11
261	POU3F1
262	MIR3659HG
263	MYCBP
264	GJA9
265	RHBDL2
266	NDUFS5
267	BMP8A
268	PABPC4
269	PABPC4-AS1
270	NT5C1A
271	HPCAL4
272	OXCT2
273	LINC02811
274	MFSD2A
275	COL9A2
276	ZFP69B
277	ZFP69
278	EXO5
279	RIMS3
280	NFYC-AS1
281	KCNQ4
282	CITED4
283	CTPS1
284	SLFNL1-AS1
285	SLFNL1
286	FOXO6
287	RIMKLA
288	ZMYND12
289	PPCS
290	C1orf50
291	TMEM269
292	SVBP
293	ERMAP
294	ZNF691
295	SLC2A1
296	SLC2A1-AS1
297	EBNA1BP2
298	CFAP57
299	ELOVL1
300	MED8
301	HYI
302	HYI-AS1
303	KDM4A-AS1
304	AL357079.1
305	IPO13
306	DPH2
307	ATP6V0B
308	CCDC24
309	SLC6A9
310	KLF17
311	DMAP1
312	RNF220
313	TMEM53
314	ARMH1
315	KIF2C
316	RPS8
317	BEST4
318	PLK3
319	BTBD19
320	PTCH2
321	HECTD3
322	UROD
323	HPDL
324	TOE1
325	TESK2
326	CCDC163
327	MMACHC
328	PRDX1
329	AKR1A1
330	PIK3R3
331	RAD54L
332	NSUN4
333	FAAH
334	MKNK1-AS1
335	MOB3C
336	EFCAB14-AS1
337	CYP4X1
338	CYP4Z1
339	CYP4A22-AS1
340	STIL
341	LINC01389
342	FOXD2
343	TRABD2B
344	SLC5A9
345	AGBL4
346	BEND5
347	CDKN2C
348	C1orf185
349	LINC01562
350	TTC39A
351	RAB3B
352	KTI12
353	CC2D1B
354	GPX7
355	SHISAL2A
356	COA7
357	ZYG11A
358	PODN
359	CPT2
360	CZIB
361	LRP8
362	LINC01771
363	GLIS1
364	DIO1
365	LRRC42
366	TCEANC2
367	CYB5RL
368	FAM151A
369	MROH7
370	TTC4
371	PARS2
372	DHCR24
373	MIR4422HG
374	DAB1-AS1
375	JUN
376	LINC01135
377	LINC02777
378	LINC01358
379	HOOK1
380	LINC01748
381	NFIA-AS2
382	NFIA-AS1
383	L1TD1
384	KANK4
385	LINC01739
386	LINC00466
387	ITGB3BP
388	DLEU2L
389	ROR1
390	ROR1-AS1
391	LINC01359
392	AK4
393	AL139294.1
394	LEPR
395	TCTEX1D1
396	IL12RB2
397	GADD45A
398	GNG12-AS1
399	DIRAS3
400	WLS
401	HHLA3
402	CTH
403	PTGER3
404	ZRANB2-AS1
405	ZRANB2-AS2
406	LRRIQ3
407	LRRC53
408	ERICH3
409	ERICH3-AS1
410	CRYZ
411	TYW3
412	RABGGTB
413	MSH4
414	ST6GALNAC3
415	ST6GALNAC5
416	NEXN-AS1
417	NEXN
418	DNAJB4
419	GIPC2
420	IFI44
421	ADGRL4
422	ADGRL2
423	LINC01362
424	LINC01725
425	TTLL7-IT1
426	SAMD13
427	RPF1
428	GNG5
429	SPATA1
430	CTBS
431	WDR63
432	SYDE2
433	BCL10
434	COL24A1
435	LINC02795
436	CLCA4-AS1
437	LINC01140
438	LINC01364
439	PKN2-AS1
440	RBMXL1
441	GBP3
442	GBP1
443	GBP2
444	GBP7
445	GBP4
446	LRRC8C
447	LINC02788
448	CDC7
449	TGFBR3
450	BRDT
451	EPHX4
452	RPL5
453	CCDC18
454	FNBP1L
455	BCAR3
456	DNTTIP2
457	ARHGAP29
458	F3
459	SLC44A3
460	LINC02607
461	DPYD-AS1
462	MIR137HG
463	LINC01776
464	FRRS1
465	SASS6
466	LRRC39
467	RTCA-AS1
468	RTCA
469	OLFM3
470	LINC01677
471	PRMT6
472	VAV3
473	SLC25A24
474	HENMT1
475	FNDC7
476	AKNAD1
477	TAF13
478	TMEM167B
479	C1orf194
480	KIAA1324
481	PSRC1
482	MYBPHL
483	PSMA5
484	ATXN7L2
485	CYB561D1
486	AMIGO1
487	GPR61
488	GSTM2
489	GSTM5
490	GSTM3
491	LINC01768
492	CSF1
493	AHCYL1
494	SLC6A17
495	KCNC4
496	RBM15-AS1
497	SLC16A4
498	LAMTOR5
499	CD53
500	LRIF1
501	PIFO
502	OVGP1
503	WDR77
504	C1orf162
505	INKA2-AS1
506	DDX20
507	KCND3
508	LINC01750
509	WNT2B
510	RHOC
511	PPM1J
512	SLC16A1
513	LRIG2-DT
514	PTPN22
515	AP4B1-AS1
516	BCL2L15
517	DCLRE1B
518	HIPK1-AS1
519	SYT6
520	BCAS2
521	DENND2C
522	NRAS
523	TSPAN2
524	NGF-AS1
525	NGF
526	VANGL1
527	NHLH2
528	LINC01649
529	ATP1A1-AS1
530	LINC01762
531	CD58
532	IGSF3
533	CD101
534	TTF2
535	TRIM45
536	WDR3
537	SPAG17
538	TBX15
539	WARS2-IT1
540	WARS2-AS1
541	LINC01780
542	LINC00622
543	ZNF697
544	PHGDH
545	NBPF26
546	SRGAP2-AS1
547	LINC02798
548	LINC02591
549	HIST2H3PS2
550	LINC02802
551	NBPF15
552	NBPF20
553	PDZK1
554	CD160
555	POLR3C
556	NUDT17
557	PIAS3
558	ANKRD35
559	ITGA10
560	PEX11B
561	RBM8A
562	LIX1L-AS1
563	ANKRD34A
564	TXNIP
565	LINC01719
566	NBPF10
567	NOTCH2NLA
568	FMO5
569	CHD1L
570	LINC00624
571	NBPF11
572	LINC02805
573	PPIAL4G
574	NBPF14
575	NOTCH2NLC
576	NBPF19
577	HIST2H2BF
578	HIST2H2BE
579	HIST2H2AC
580	BOLA1
581	SF3B4
582	MTMR11
583	PLEKHO1
584	ANP32E
585	APH1A
586	C1orf54
587	CIART
588	MRPS21
589	ECM1
590	FALEC
591	ADAMTSL4-AS1
592	MCL1
593	GOLPH3L
594	CTSS
595	CTSK
596	PRUNE1
597	BNIPL
598	C1orf56
599	MLLT11
600	GABPB2
601	SEMA6C
602	SCNM1
603	LYSMD1
604	ZNF687
605	RFX5
606	PSMB4
607	CGN
608	TUFT1
609	CELF3
610	RIIAD1
611	MRPL9
612	TDRKH-AS1
613	C2CD4D-AS1
614	THEM4
615	S100A10
616	FLG-AS1
617	HRNR
618	FLG
619	FLG2
620	LOR
621	S100A6
622	S100A2
623	S100A16
624	S100A13
625	S100A1
626	SNAPIN
627	ILF2
628	SLC27A3
629	CRTC2
630	SLC39A1
631	CREB3L4
632	JTB
633	RAB13
634	RPS27
635	NUP210L
636	HAX1
637	ATP8B2
638	IL6R
639	UBE2Q1
640	CHRNB2
641	KCNN3
642	PMVK
643	PBXIP1
644	PYGO2
645	AL451085.2
646	SHC1
647	CKS1B
648	FLAD1
649	ZBTB7B
650	ADAM15
651	EFNA3
652	EFNA1
653	SLC50A1
654	DPM3
655	KRTCAP2
656	TRIM46
657	THBS3
658	MTX1
659	GBA
660	HCN3
661	PKLR
662	FDPS
663	RUSC1-AS1
664	RUSC1
665	ASH1L-AS1
666	MSTO1
667	RIT1
668	SSR2
669	UBQLN4
670	LAMTOR2
671	MEX3A
672	SEMA4A
673	SLC25A44
674	PMF1
675	BGLAP
676	PAQR6
677	TMEM79
678	GLMP
679	CCT3
680	TSACC
681	C1orf61
682	NAXE
683	GPATCH4
684	HAPLN2
685	BCAN
686	AL590666.2
687	NES
688	CRABP2
689	ISG20L2
690	MRPL24
691	HDGF
692	ETV3
693	KIRREL1
694	IFI16
695	AIM2
696	CADM3-AS1
697	ACKR1
698	DUSP23
699	VSIG8
700	TAGLN2
701	LINC01133
702	KCNJ9
703	IGSF8
704	ATP1A2
705	ATP1A4
706	CASQ1
707	PEA15
708	PEX19
709	F11R
710	TSTD1
711	USF1
712	ARHGAP30
713	KLHDC9
714	PFDN2
715	NIT1
716	DEDD
717	UFC1
718	USP21
719	B4GALT3
720	ADAMTS4
721	TOMM40L
722	NR1I3
723	PCP4L1
724	MPZ
725	FCRLB
726	OLFML2B
727	C1orf226
728	UAP1
729	DDR2
730	RGS4
731	RGS5
732	NUF2
733	ALDH9A1
734	TMCO1-AS1
735	MAEL
736	CD247
737	RCSD1
738	ADCY10
739	GPR161
740	SFT2D2
741	TBX19
742	LINC00970
743	CCDC181
744	F5
745	METTL18
746	GORAB-AS1
747	PRRX1
748	MROH9
749	FMO3
750	FMO2
751	MYOCOS
752	EEF1AKNMT
753	DNM3-IT1
754	DNM3OS
755	PIGC
756	C1orf105
757	TNFSF4
758	PRDX6
759	SLC9C2
760	ANKRD45
761	CENPL
762	DARS2
763	GAS5
764	RABGAP1L-DT
765	RABGAP1L-IT1
766	CACYBP
767	MRPS14
768	KIAA0040
769	TNR-IT1
770	LINC02803
771	PAPPA2
772	SEC16B
773	RASAL2-AS1
774	C1orf220
775	ANGPTL1
776	TOR3A
777	AXDND1
778	TDRD5
779	FAM163A
780	LINC02818
781	LHX4
782	KIAA1614
783	MR1
784	IER5
785	CACNA1E
786	LINC01344
787	GLUL
788	RNASEL
789	RGS16
790	ARPC5
791	APOBEC4
792	NIBAN1
793	HMCN1
794	PRG4
795	PDC
796	PLA2G4A
797	LINC01351
798	RGS2
799	GLRX2
800	B3GALT2
801	LINC01031
802	ASPM
803	PTPRC
804	MIR181A1HG
805	NR5A2
806	LINC00862
807	ZNF281
808	KIF14
809	DDX59-AS1
810	INAVA
811	ASCL5
812	TMEM9
813	TNNT2
814	PHLDA3
815	CSRP1
816	AC096677.1
817	IPO9-AS1
818	SHISA4
819	LMOD1
820	RNPEP
821	ELF3-AS1
822	GPR37L1
823	PTPN7
824	UBE2T
825	SYT2
826	PCAT6
827	RABIF
828	CYB5R1
829	TMEM183A
830	PPFIA4
831	CHI3L1
832	CHIT1
833	LINC01353
834	BTG2
835	PRELP
836	OPTC
837	ZC3H11A
838	ZBED6
839	SNRPE
840	SOX13
841	ETNK2
842	REN
843	GOLT1A
844	AL606489.1
845	CNTN2
846	TMEM81
847	TMCC2
848	NUAK2
849	KLHDC8A
850	LEMD1
851	BLACAT1
852	CDK18
853	MFSD4A
854	SLC45A3
855	PM20D1
856	RAB7B
857	IKBKE
858	RASSF5
859	DYRK3
860	MAPKAPK2
861	PFKFB2
862	YOD1
863	C4BPB
864	C4BPA
865	CD55
866	CR1
867	CR1L
868	LINC02767
869	CAMK1G
870	LAMB3
871	HSD11B1-AS1
872	G0S2
873	HSD11B1
874	TRAF3IP3
875	C1orf74
876	UTP25
877	SERTAD4
878	HHAT
879	KCNH1
880	TRAF5
881	LINC00467
882	SLC30A1
883	ATF3
884	BATF3
885	SPATA45
886	FLVCR1-DT
887	VASH2
888	PROX1-AS1
889	LINC02775
890	SMYD2
891	PTPN14
892	KCNK2
893	USH2A
894	ESRRG
895	SPATA17
896	TGFB2
897	C1orf143
898	LYPLAL1-DT
899	LYPLAL1-AS1
900	ZC3H11B
901	SLC30A10
902	BPNT1
903	C1orf115
904	MARC2
905	MARC1
906	HLX-AS1
907	DUSP10
908	TAF1A-AS1
909	TLR5
910	DEGS1
911	LINC02813
912	DNAH14
913	TMEM63A
914	LEFTY1
915	PYCR2
916	SDE2
917	H3F3A
918	LINC01703
919	ACBD3-AS1
920	LIN9
921	PARP1
922	STUM
923	ITPKB
924	ITPKB-AS1
925	PSEN2
926	JMJD4
927	WNT9A
928	C1orf35
929	MRPL55
930	GUK1
931	GJC2
932	IBA57
933	OBSCN
934	TRIM11
935	TRIM17
936	HIST3H2A
937	RNF187
938	TAF5L
939	URB2
940	AGT
941	CAPN9
942	C1orf198
943	FAM89A
944	TRIM67
945	C1orf131
946	EXOC8
947	SPRTN
948	DISC1-IT1
949	SIPA1L2
950	MAP10
951	MAP3K21
952	COA6-AS1
953	COA6
954	IRF2BP2
955	TOMM20
956	RBM34
957	GGPS1
958	TBCE
959	LYST
960	NID1
961	EDARADD
962	ACTN2
963	RYR2
964	CHRM3
965	CHRM3-AS2
966	GREM2
967	KMO
968	OPN3
969	CHML
970	WDR64
971	PLD5
972	AKT3-IT1
973	LINC02774
974	ZBTB18
975	CATSPERE
976	KIF26B-AS1
977	TFB2M
978	LINC01341
979	ZNF695
980	ZNF669
981	C1orf229
982	NLRP3
983	OR2B11
984	TRIM58
985	OR2L5
986	OR2L2
987	OR2L3
988	OR2L13
989	OR2M3
990	OR2M4
991	OR2T12
992	SH3BP5L
993	ZNF672
994	PGBD2
995	FAM110C
996	ACP1
997	LINC01865
998	TMEM18
999	AC092159.2
1000	LINC01115
1001	SNTG2
1002	MYT1L
1003	MYT1L-AS1
1004	LINC01250
1005	TRAPPC12-AS1
1006	ADI1
1007	RNASEH1
1008	RNASEH1-AS1
1009	RPS7
1010	COLEC11
1011	NRIR
1012	CMPK2
1013	RSAD2
1014	RNF144A-AS1
1015	RNF144A
1016	LINC00298
1017	LINC00299
1018	LINC01814
1019	ID2-AS1
1020	ID2
1021	GRHL1
1022	KLF11
1023	CYS1
1024	RRM2
1025	ODC1
1026	ODC1-DT
1027	RN7SL832P
1028	ATP6V1C2
1029	LINC01954
1030	KCNF1
1031	C2orf50
1032	SLC66A3
1033	MIR3681HG
1034	LINC00276
1035	LRATD1
1036	MYCNOS
1037	MYCN
1038	GACAT3
1039	RAD51AP2
1040	VSNL1
1041	GEN1
1042	KCNS3
1043	RDH14
1044	LINC01376
1045	LINC00954
1046	LAPTM4A
1047	LAPTM4A-DT
1048	SDC1
1049	RHOB
1050	HS1BP3
1051	GDF7
1052	KLHL29
1053	MFSD2B
1054	WDCP
1055	FKBP1B
1056	SF3B6
1057	TP53I3
1058	PFN4
1059	FAM228A
1060	NCOA1
1061	PTRHD1
1062	CENPO
1063	DNAJC27-AS1
1064	ADGRF3
1065	DRC1
1066	KCNK3
1067	SLC35F6
1068	CENPA
1069	DPYSL5
1070	TMEM214
1071	AGBL5
1072	OST4
1073	EMILIN1
1074	KHK
1075	ABHD1
1076	PREB
1077	SLC5A6
1078	ATRAID
1079	CAD
1080	SLC30A3
1081	TRIM54
1082	UCN
1083	GTF3C2-AS1
1084	AC074117.1
1085	EIF2B4
1086	SNX17
1087	ZNF513
1088	KRTCAP3
1089	FNDC4
1090	GCKR
1091	C2orf16
1092	CCDC121
1093	SUPT7L
1094	LINC01460
1095	RBKS
1096	FOSL2
1097	PLB1
1098	SPDYA
1099	TOGARAM2
1100	LBH
1101	GALNT14
1102	CAPN14
1103	EHD3
1104	NLRC4
1105	LINC00486
1106	LTBP1
1107	RASGRP3
1108	LINC01320
1109	CRIM1-DT
1110	GPATCH11
1111	CEBPZ
1112	QPCT
1113	CDC42EP3
1114	RMDN2-AS1
1115	CYP1B1
1116	CYP1B1-AS1
1117	LINC02613
1118	GALM
1119	SRSF7
1120	GEMIN6
1121	MORN2
1122	ARHGEF33
1123	SOS1-IT1
1124	CDKL4
1125	SLC8A1-AS1
1126	PKDCC
1127	KCNG3
1128	HAAO
1129	LINC02580
1130	ZFP36L2
1131	LINC01126
1132	C1GALT1C1L
1133	ABCG5
1134	ABCG8
1135	SLC3A1
1136	LINC01121
1137	ATP6V1E2
1138	LINC01118
1139	SOCS5
1140	LINC01119
1141	MCFD2
1142	STPG4
1143	EPCAM-DT
1144	EPCAM
1145	KCNK12
1146	STON1
1147	STON1-GTF2A1L
1148	LHCGR
1149	AC009975.1
1150	FSHR
1151	CHAC2
1152	GPR75
1153	C2orf73
1154	RPS27A
1155	MTIF2
1156	EFEMP1
1157	CCDC85A
1158	LINC01793
1159	BCL11A
1160	LINC01185
1161	PUS10
1162	C2orf74
1163	AC016747.2
1164	AC016727.1
1165	XPO1
1166	FAM161A
1167	B3GNT2
1168	TMEM17
1169	MDH1
1170	LGALSL-DT
1171	LGALSL
1172	LINC02245
1173	SLC1A4
1174	LINC02576
1175	AC007389.3
1176	MEIS1-AS2
1177	LINC01798
1178	LINC01829
1179	PNO1
1180	FBXO48
1181	APLF
1182	ARHGAP25
1183	SNRNP27
1184	ASPRV1
1185	PCBP1
1186	LINC01816
1187	FAM136A
1188	TGFA
1189	VAX2
1190	ANKRD53
1191	TEX261
1192	PAIP2B
1193	DYSF
1194	CYP26B1
1195	SPR
1196	EMX1
1197	RAB11FIP5
1198	SMYD5
1199	PRADC1
1200	CCT7
1201	ALMS1-IT1
1202	DGUOK-AS1
1203	BOLA3
1204	BOLA3-AS1
1205	MTHFD2
1206	SLC4A5
1207	DCTN1-AS1
1208	C2orf81
1209	WDR54
1210	INO80B
1211	WBP1
1212	MOGS
1213	CCDC142
1214	TTC31
1215	PCGF1
1216	AUP1
1217	HTRA2
1218	DOK1
1219	SEMA4F
1220	HK2
1221	LINC01291
1222	POLE4
1223	TACR1
1224	EVA1A
1225	MRPL19
1226	LRRTM1
1227	DNAH6
1228	TRABD2A
1229	TMSB10
1230	TCF7L1
1231	RETSAT
1232	SH2D6
1233	PARTICL
1234	VAMP8
1235	VAMP5
1236	RNF181
1237	TMEM150A
1238	ATOH8
1239	ST3GAL5-AS1
1240	MRPL35
1241	KDM3A
1242	RGPD1
1243	PLGLB1
1244	CYTOR
1245	PLGLB2
1246	RGPD2
1247	THNSL2
1248	RPIA
1249	MAL
1250	ZNF2
1251	PROM2
1252	FAHD2A
1253	AC009237.14
1254	STARD7-AS1
1255	ITPRIPL1
1256	NEURL3
1257	ARID5A
1258	FER1L5
1259	CNNM4
1260	ANKRD39
1261	SEMA4C
1262	FAM178B
1263	FAHD2B
1264	AC092683.1
1265	COX5B
1266	C2orf92
1267	VWA3B
1268	COA5
1269	KIAA1211L
1270	C2orf15
1271	LIPT1
1272	MRPL30
1273	LYG2
1274	LYG1
1275	TXNDC9
1276	PDCL3
1277	NPAS2
1278	TBC1D8-AS1
1279	CREG2
1280	RFX8
1281	IL1R1
1282	IL1RL2
1283	SLC9A2
1284	MFSD9
1285	TMEM182
1286	LINC01102
1287	LINC01103
1288	LINC01114
1289	LINC01159
1290	LINC01918
1291	AC012360.1
1292	C2orf49
1293	FHL2
1294	ECRG4
1295	RGPD3
1296	ST6GAL2
1297	LINC01885
1298	SULT1C4
1299	GCC2-AS1
1300	SH3RF3
1301	SEPTIN10
1302	SOWAHC
1303	RGPD5
1304	NPHP1
1305	MTLN
1306	LINC01106
1307	ACOXL
1308	MIR4435-2HG
1309	BCL2L11
1310	MERTK
1311	FBLN7
1312	RGPD8
1313	POLR1B
1314	CHCHD5
1315	PSD4
1316	PAX8-AS1
1317	PAX8
1318	CBWD2
1319	AC017074.1
1320	AC104653.1
1321	LINC01191
1322	DPP10-AS3
1323	DPP10-AS1
1324	DDX18
1325	INSIG2
1326	THORLNC
1327	LINC01956
1328	EN1
1329	C1QL2
1330	STEAP3
1331	STEAP3-AS1
1332	DBI
1333	CFAP221
1334	TMEM177
1335	TMEM185B
1336	RALB
1337	INHBB
1338	GLI2
1339	TFCP2L1
1340	NIFK-AS1
1341	NIFK
1342	GYPC
1343	BIN1
1344	CYP27C1
1345	MAP3K2-DT
1346	MYO7B
1347	LIMS2
1348	GPR17
1349	SFT2D3
1350	LINC02572
1351	MZT2B
1352	CCDC115
1353	IMP4
1354	AMER3
1355	ANKRD30BL
1356	GPR39
1357	LYPD1
1358	NCKAP5-AS1
1359	NCKAP5-AS2
1360	CCNT2-AS1
1361	ACMSD
1362	MAP3K19
1363	MCM6
1364	DARS-AS1
1365	THSD7B
1366	HNMT
1367	NXPH2
1368	ARHGAP15
1369	ZEB2-AS1
1370	LINC01412
1371	TEX41
1372	LYPD6B
1373	LYPD6
1374	LINC01931
1375	RND3
1376	RBM43
1377	NMI
1378	TNFAIP6
1379	NEB
1380	RPRM
1381	AC009227.1
1382	KCNJ3
1383	LINC01876
1384	NR4A2
1385	GALNT5
1386	ERMN
1387	ACVR1C
1388	CCDC148-AS1
1389	CCDC148
1390	PKP4-AS1
1391	DAPL1
1392	LY75
1393	PLA2R1
1394	TBR1
1395	DPP4
1396	FAP
1397	IFIH1
1398	GCA
1399	KCNH7
1400	GRB14
1401	COBLL1
1402	SLC38A11
1403	GALNT3
1404	TTC21B-AS1
1405	SCN1A-AS1
1406	SCN9A
1407	SCN7A
1408	XIRP2
1409	B3GALT1
1410	CERS6-AS1
1411	NOSTRIN
1412	SPC25
1413	G6PC2
1414	LRP2
1415	BBS5
1416	KLHL41
1417	CCDC173
1418	PHOSPHO2
1419	MYO3B
1420	ERICH2
1421	AC007405.2
1422	CYBRD1
1423	DLX1
1424	ITGA6
1425	PDK1
1426	RAPGEF4-AS1
1427	MAP3K20
1428	MAP3K20-AS1
1429	CHRNA1
1430	ATP5MC3
1431	HAGLR
1432	LINC01117
1433	LINC01116
1434	TTC30B
1435	TTC30A
1436	PDE11A
1437	PJVK
1438	FKBP7
1439	TTN-AS1
1440	TTN
1441	ZNF385B
1442	SCHLAP1
1443	LINC01934
1444	ITGA4
1445	CERKL
1446	NEUROD1
1447	PPP1R1C
1448	PDE1A
1449	FRZB
1450	DUSP19
1451	FSIP2
1452	CALCRL
1453	TFPI
1454	LINC01090
1455	GULP1
1456	COL5A2
1457	SLC40A1
1458	ASNSD1
1459	OSGEPL1
1460	OSGEPL1-AS1
1461	ORMDL1
1462	C2orf88
1463	MSTN
1464	HIBCH
1465	NEMP2
1466	STAT1
1467	STAT4
1468	MYO1B
1469	NABP1
1470	TMEFF2
1471	LINC01821
1472	DNAH7
1473	STK17B
1474	CCDC150
1475	C2orf66
1476	ANKRD44-IT1
1477	COQ10B
1478	HSPD1
1479	HSPE1
1480	RFTN2
1481	MARS2
1482	PLCL1
1483	LINC01923
1484	SATB2
1485	SATB2-AS1
1486	LINC01877
1487	FTCDNL1
1488	C2orf69
1489	MAIP1
1490	KCTD18
1491	SGO2
1492	AOX1
1493	NIF3L1
1494	NDUFB3
1495	CFLAR-AS1
1496	CASP10
1497	CASP8
1498	FLACC1
1499	STRADB
1500	C2CD6
1501	MPP4
1502	CDK15
1503	KIAA2012
1504	WDR12
1505	PARD3B
1506	NRP2
1507	AC007383.2
1508	EEF1B2
1509	GPR1
1510	MDH1B
1511	CPO
1512	KLF7-IT1
1513	MYOSLID
1514	FZD5
1515	CRYGA
1516	C2orf80
1517	IDH1-AS1
1518	PTH2R
1519	MAP2
1520	ACADL
1521	LANCL1-AS1
1522	CPS1
1523	LINC01878
1524	IKZF2
1525	SPAG16-DT
1526	VWC2L
1527	BARD1
1528	SNHG31
1529	ABCA12
1530	FN1
1531	LINC00607
1532	MREG
1533	TMEM169
1534	LINC01963
1535	MARCH4
1536	RPL37A
1537	LINC01280
1538	IGFBP2
1539	IGFBP5
1540	DIRC3-AS1
1541	DIRC3
1542	TNS1
1543	RUFY4
1544	TMBIM1
1545	CATIP-AS2
1546	SLC11A1
1547	CTDSP1
1548	VIL1
1549	PLCD4
1550	BCS1L
1551	RNF25
1552	STK36
1553	CDK5R2
1554	NHEJ1
1555	CNPPD1
1556	RETREG2
1557	ZFAND2B
1558	GLB1L
1559	STK16
1560	TUBA4A
1561	DNAJB2
1562	PTPRN
1563	DNPEP
1564	SPEG
1565	GMPPA
1566	CHPF
1567	TMEM198
1568	INHA
1569	STK11IP
1570	SLC4A3
1571	EPHA4
1572	SGPP2
1573	MOGAT1
1574	KCNE4
1575	SCG2
1576	AP1S3
1577	MRPL44
1578	NYAP2
1579	IRS1
1580	COL4A4
1581	COL4A3
1582	TM4SF20
1583	SLC19A3
1584	SPHKAP
1585	LINC01807
1586	FBXO36
1587	SLC16A14
1588	SP110
1589	SP140
1590	SP140L
1591	SP100
1592	ITM2C
1593	C2orf72
1594	HTR2B
1595	B3GNT7
1596	NCL
1597	LINC00471
1598	PTMA
1599	CHRNG
1600	TIGD1
1601	EFHD1
1602	KCNJ13
1603	NGEF
1604	INPP5D
1605	TRPM8
1606	ARL4C
1607	ASB18
1608	IQCA1
1609	ACKR3
1610	COPS8
1611	COL6A3
1612	RAB17
1613	RBM44
1614	LINC02610
1615	HES6
1616	PER2
1617	LINC01937
1618	HDAC4
1619	HDAC4-AS1
1620	COPS9
1621	DUSP28
1622	RNPEPL1
1623	CAPN10-DT
1624	CAPN10
1625	GPR35
1626	SNED1
1627	PASK
1628	ANO7
1629	BOK-AS1
1630	BOK
1631	DTYMK
1632	D2HGDH
1633	GAL3ST2
1634	NEU4
1635	RTP5
1636	LINC01237
1637	LINC01238
1638	CHL1-AS2
1639	CHL1-AS1
1640	LINC01266
1641	CNTN6
1642	CNTN4
1643	CNTN4-AS2
1644	CNTN4-AS1
1645	TRNT1
1646	SUMF1
1647	LRRN1
1648	SETMAR
1649	ITPR1-DT
1650	BHLHE40-AS1
1651	BHLHE40
1652	GRM7-AS3
1653	GRM7-AS1
1654	LMCD1-AS1
1655	LMCD1
1656	SSUH2
1657	CAV3
1658	OXTR
1659	RAD18
1660	SRGAP3-AS2
1661	SRGAP3-AS3
1662	SRGAP3-AS4
1663	CPNE9
1664	BRPF1
1665	CAMK1
1666	ARPC4
1667	RPUSD3
1668	JAGN1
1669	IL17RE
1670	CRELD1
1671	PRRT3
1672	PRRT3-AS1
1673	EMC3
1674	FANCD2
1675	FANCD2OS
1676	BRK1
1677	IRAK2
1678	GHRL
1679	GHRLOS
1680	SLC6A11
1681	SLC6A1-AS1
1682	HRH1
1683	TIMP4
1684	PPARG
1685	MKRN2OS
1686	RPL32
1687	HDAC11
1688	FBLN2
1689	LINC00620
1690	WNT7A
1691	CHCHD4
1692	LSM3
1693	SLC6A6
1694	GRIP2
1695	C3orf20
1696	FGD5
1697	SH3BP5-AS1
1698	SH3BP5
1699	EAF1-AS1
1700	COLQ
1701	BTD
1702	GALNT15
1703	DPH3
1704	RFTN1
1705	SATB1-AS1
1706	EFHB
1707	PP2D1
1708	SGO1
1709	SGO1-AS1
1710	ZNF385D-AS1
1711	RPL15
1712	LINC00691
1713	THRB-IT1
1714	THRB-AS1
1715	RARB
1716	OXSM
1717	LRRC3B
1718	NEK10
1719	LINC01967
1720	RBMS3-AS3
1721	RBMS3-AS2
1722	TGFBR2
1723	OSBPL10
1724	OSBPL10-AS1
1725	GPD1L
1726	CMTM8
1727	CMTM7
1728	CNOT10-AS1
1729	TRIM71
1730	TMPPE
1731	LINC01811
1732	C3orf35
1733	VILL
1734	PLCD1
1735	DLEC1
1736	MYD88
1737	SLC22A13
1738	SLC22A14
1739	SCN5A
1740	SCN11A
1741	GORASP1
1742	TTC21A
1743	CSRNP1
1744	CX3CR1
1745	RPSA
1746	MOBP
1747	EIF1B
1748	ENTPD3
1749	RPL14
1750	ZNF619
1751	ZNF620
1752	CCK
1753	VIPR1
1754	SS18L2
1755	HHATL
1756	CCDC13
1757	HIGD1A
1758	ACKR2
1759	KRBOX1
1760	GASK1A
1761	SNRK-AS1
1762	ZNF852
1763	ZNF660
1764	ZNF502
1765	ZNF501
1766	KIAA1143
1767	KIF15
1768	TMEM42
1769	CDCP1
1770	TMEM158
1771	LARS2-AS1
1772	LIMD1
1773	LIMD1-AS1
1774	LZTFL1
1775	LRRC2
1776	ALS2CL
1777	TMIE
1778	MYL3
1779	PTH1R
1780	NBEAL2
1781	KIF9
1782	ELP6
1783	CSPG5
1784	CDC25A
1785	NME6
1786	SPINK8
1787	FBXW12
1788	CCDC51
1789	TMA7
1790	ATRIP
1791	COL7A1
1792	SLC26A6
1793	CELSR3
1794	LINC02585
1795	PRKAR2A-AS1
1796	SLC25A20
1797	ARIH2OS
1798	P4HTM
1799	DALRD3
1800	NDUFAF3
1801	IMPDH2
1802	USP19
1803	CCDC71
1804	KLHDC8B
1805	CCDC36
1806	C3orf62
1807	TCTA
1808	AMT
1809	NICN1
1810	BSN-DT
1811	APEH
1812	MST1
1813	RNF123
1814	GMPPB
1815	UBA7
1816	TRAIP
1817	CAMKV
1818	MST1R
1819	MON1A
1820	RBM5-AS1
1821	SEMA3F-AS1
1822	SLC38A3
1823	SEMA3B
1824	IFRD2
1825	NAA80
1826	HYAL1
1827	HYAL2
1828	TUSC2
1829	RASSF1
1830	NPRL2
1831	CYB561D2
1832	TMEM115
1833	CACNA2D2
1834	C3orf18
1835	HEMK1
1836	MAPKAPK3
1837	LINC02019
1838	MANF
1839	RBM15B
1840	TEX264
1841	GRM2
1842	RRP9
1843	PARP3
1844	ABHD14B
1845	ABHD14A
1846	ACY1
1847	RPL29
1848	DUSP7
1849	POC1A
1850	ALAS1
1851	TWF2
1852	PPM1M
1853	GLYCTK
1854	DNAH1
1855	BAP1
1856	PHF7
1857	NT5DC2
1858	GNL3
1859	GLT8D1
1860	SPCS1
1861	ITIH4
1862	MUSTN1
1863	STIMATE
1864	PRKCD
1865	TKT
1866	ACTR8
1867	SELENOK
1868	CACNA2D3
1869	CACNA2D3-AS1
1870	LRTM1
1871	WNT5A
1872	ERC2-IT1
1873	ARHGEF3
1874	ARHGEF3-AS1
1875	SPATA12
1876	IL17RD
1877	HESX1
1878	ASB14
1879	DNAH12
1880	PDE12
1881	ARF4-AS1
1882	DENND6A-AS1
1883	FLNB
1884	PDHB
1885	KCTD6
1886	ACOX2
1887	FAM107A
1888	FAM3D-AS1
1889	C3orf67
1890	C3orf67-AS1
1891	PTPRG-AS1
1892	C3orf14
1893	SYNPR
1894	SYNPR-AS1
1895	C3orf49
1896	PSMD6-AS2
1897	PSMD6-AS1
1898	PRICKLE2-AS3
1899	ADAMTS9
1900	ADAMTS9-AS1
1901	ADAMTS9-AS2
1902	MAGI1
1903	MAGI1-AS1
1904	KBTBD8
1905	SUCLG2-AS1
1906	TAFA1
1907	TAFA4
1908	EOGT
1909	LMOD3
1910	FRMD4B
1911	MITF
1912	SAMMSON
1913	FOXP1-AS1
1914	FOXP1-IT1
1915	EIF4E3
1916	GPR27
1917	LINC00877
1918	LINC00870
1919	RYBP
1920	GXYLT2
1921	EBLN2
1922	PDZRN3
1923	CNTN3
1924	LINC02018
1925	LINC00960
1926	ROBO2
1927	LINC02008
1928	LINC00971
1929	CADM2-AS2
1930	CADM2-AS1
1931	CGGBP1
1932	CSNKA2IP
1933	EPHA3
1934	PROS1
1935	STX19
1936	DHFR2
1937	EPHA6
1938	ARL6
1939	CRYBG3
1940	ST3GAL6-AS1
1941	COL8A1
1942	FILIP1L
1943	NIT2
1944	LNP1
1945	TMEM45A
1946	ABI3BP
1947	IMPG2
1948	TRMT10C
1949	ZBTB11-AS1
1950	RPL24
1951	NFKBIZ
1952	ZPLD1
1953	LINC01990
1954	LINC00636
1955	MYH15
1956	CIP2A
1957	LINC00488
1958	NECTIN3-AS1
1959	CD96
1960	PLCXD2
1961	PHLDB2
1962	SLC9C1
1963	BTLA
1964	SLC35A5
1965	CD200R1
1966	GTPBP8
1967	LINC02044
1968	BOC
1969	CFAP44-AS1
1970	SIDT1
1971	GRAMD1C
1972	ZDHHC23
1973	CCDC191
1974	QTRT2
1975	ZBTB20-AS1
1976	ZBTB20-AS5
1977	ZBTB20-AS2
1978	ZBTB20-AS3
1979	ZBTB20-AS4
1980	GAP43
1981	LSAMP-AS1
1982	LINC00903
1983	TUSC7
1984	LINC00901
1985	LINC02024
1986	IGSF11
1987	IGSF11-AS1
1988	UPK1B
1989	B4GALT4-AS1
1990	ARHGAP31-AS1
1991	ADPRH
1992	POPDC2
1993	COX17
1994	MAATS1
1995	GPR156
1996	FSTL1
1997	NDUFB4
1998	RABL3
1999	GTF2E1
2000	POLQ
2001	HCLS1
2002	SLC15A2
2003	WDR5B
2004	PARP9
2005	DTX3L
2006	PARP14
2007	LINC02035
2008	SEMA5B
2009	PDIA5
2010	MYLK-AS1
2011	MYLK
2012	MYLK-AS2
2013	ITGB5
2014	ITGB5-AS1
2015	HEG1
2016	LINC02614
2017	ALG1L
2018	ROPN1B
2019	ALDH1L1
2020	ALDH1L1-AS2
2021	KLF15
2022	CFAP100
2023	PLXNA1
2024	ABTB1
2025	MGLL
2026	KBTBD12
2027	RUVBL1
2028	RPN1
2029	KIAA1257
2030	EFCC1
2031	RAB43
2032	ISY1
2033	H1FX
2034	H1FX-AS1
2035	EFCAB12
2036	PLXND1
2037	TMCC1-AS1
2038	ALG1L2
2039	LINC02021
2040	COL6A6
2041	ASTE1
2042	NUDT16
2043	CPNE4
2044	ACKR4
2045	NPHP3-AS1
2046	TMEM108-AS1
2047	TF
2048	SLCO2A1
2049	AMOTL2
2050	ANAPC13
2051	NCK1-DT
2052	IL20RB
2053	IL20RB-AS1
2054	CLDN18
2055	DBR1
2056	ESYT3
2057	RBP2
2058	RBP1
2059	CLSTN2
2060	RNF7
2061	GRK7
2062	TFDP2
2063	PLS1
2064	PCOLCE2
2065	PAQR9
2066	PAQR9-AS1
2067	CHST2
2068	SLC9A9-AS1
2069	DIPK2A
2070	LNCSRLR
2071	PLOD2
2072	PLSCR2
2073	PLSCR1
2074	ZIC4
2075	ZIC1
2076	HPS3
2077	CP
2078	TM4SF1
2079	WWTR1
2080	ANKUB1
2081	PFN2
2082	ERICH6
2083	ERICH6-AS1
2084	SIAH2-AS1
2085	CLRN1-AS1
2086	GPR171
2087	P2RY14
2088	GPR87
2089	P2RY12
2090	IGSF10
2091	RAP2B
2092	LINC02006
2093	C3orf79
2094	ARHGEF26-AS1
2095	GPR149
2096	MME
2097	PLCH1
2098	KCNAB1
2099	SSR3
2100	TIPARP-AS1
2101	TIPARP
2102	LINC00886
2103	LEKR1
2104	LINC00880
2105	LINC00881
2106	VEPH1
2107	MLF1
2108	LXN
2109	RARRES1
2110	IQCJ-SCHIP1
2111	IL12A-AS1
2112	IL12A
2113	C3orf80
2114	SMC4
2115	TRIM59
2116	SPTSSB
2117	LINC01192
2118	LINC01323
2119	LINC01324
2120	LINC02023
2121	LINC01322
2122	BCHE
2123	ZBBX
2124	SERPINI2
2125	WDR49
2126	PDCD10
2127	LINC02082
2128	MECOM
2129	LRRIQ4
2130	SEC62-AS1
2131	GPR160
2132	CLDN11
2133	SLC7A14-AS1
2134	SLC7A14
2135	RPL22L1
2136	EIF5A2
2137	PLD1
2138	TMEM212-AS1
2139	ECT2
2140	SPATA16
2141	NLGN1-AS1
2142	NAALADL2-AS3
2143	NAALADL2-AS2
2144	NAALADL2-AS1
2145	LINC01208
2146	TBL1XR1-AS1
2147	KCNMB2
2148	KCNMB2-AS1
2149	ZMAT3
2150	GNB4
2151	ACTL6A
2152	PEX5L
2153	PEX5L-AS1
2154	PEX5L-AS2
2155	LINC02053
2156	CCDC39
2157	FXR1
2158	SOX2-OT
2159	LINC01206
2160	LINC01994
2161	LINC01995
2162	LAMP3
2163	B3GNT5
2164	YEATS2-AS1
2165	MAP6D1
2166	ABCC5-AS1
2167	HTR3E
2168	ABCF3
2169	VWA5B2
2170	ALG3
2171	EEF1AKMT4
2172	CAMK2N2
2173	PSMD2
2174	FAM131A
2175	POLR2H
2176	CHRD
2177	LINC02054
2178	EPHB3
2179	MAGEF1
2180	LINC02069
2181	EHHADH
2182	LIPH
2183	IGF2BP2
2184	ETV5
2185	CRYGS
2186	DNAJB11
2187	AHSG
2188	KNG1
2189	RFC4
2190	LINC02043
2191	ST6GAL1
2192	RPL39L
2193	MASP1
2194	RTP4
2195	SST
2196	BCL6
2197	LPP-AS2
2198	LPP-AS1
2199	TPRG1
2200	TP63
2201	P3H2
2202	P3H2-AS1
2203	CLDN1
2204	CLDN16
2205	IL1RAP
2206	OSTN
2207	UTS2B
2208	FGF12
2209	FGF12-AS1
2210	FGF12-AS3
2211	PLAAT1
2212	ATP13A5
2213	ATP13A5-AS1
2214	ATP13A4-AS1
2215	OPA1-AS1
2216	LINC02026
2217	LINC02028
2218	HES1
2219	LINC02036
2220	LINC00887
2221	TMEM44-AS1
2222	TMEM44
2223	LSG1
2224	XXYLT1-AS2
2225	ACAP2-IT1
2226	APOD
2227	MUC20
2228	MUC4
2229	LINC01983
2230	SLC51A
2231	WDR53
2232	FBXO45
2233	LINC01063
2234	NRROS
2235	CEP19
2236	NCBP2
2237	NCBP2AS2
2238	PIGZ
2239	MELTF
2240	MELTF-AS1
2241	IQCG
2242	RPL35A
2243	LMLN
2244	ZNF732
2245	TMEM271
2246	PDE6B
2247	ATP5ME
2248	MYL5
2249	CPLX1
2250	DGKQ
2251	SLC26A1
2252	IDUA
2253	FGFRL1
2254	RNF212
2255	AC092535.4
2256	SPON2
2257	CTBP1-AS
2258	UVSSA
2259	FAM53A
2260	SLBP
2261	TACC3
2262	TMEM129
2263	C4orf48
2264	POLN
2265	HAUS3
2266	ZFYVE28
2267	TNIP2
2268	SH3BP2
2269	MFSD10
2270	NOP14-AS1
2271	HTT-AS
2272	MSANTD1
2273	HGFAC
2274	DOK7
2275	LRPAP1
2276	TMEM128
2277	LYAR
2278	NSG1
2279	LINC01396
2280	MSX1
2281	STK32B
2282	EVC
2283	C4orf50
2284	JAKMIP1
2285	WFS1
2286	PPP2R2C
2287	MAN2B2
2288	MRFAP1
2289	LINC02482
2290	MRFAP1L1
2291	BLOC1S4
2292	TADA2B
2293	GRPEL1
2294	SORCS2
2295	AFAP1-AS1
2296	ABLIM2
2297	HMX1
2298	FAM90A26
2299	SLC2A9
2300	WDR1
2301	ZNF518B
2302	CLNK
2303	HS3ST1
2304	LINC02360
2305	LINC01182
2306	LINC00504
2307	CPEB2-DT
2308	C1QTNF7
2309	BST1
2310	CD38
2311	PROM1
2312	TAPT1-AS1
2313	LDB2
2314	AC006160.1
2315	NCAPG
2316	SLIT2
2317	KCNIP4-IT1
2318	SOD3
2319	LGI2
2320	SEPSECS
2321	SEPSECS-AS1
2322	CCKAR
2323	LINC02364
2324	LINC02497
2325	NWD2
2326	RELL1
2327	PGM2
2328	LINC01258
2329	TLR10
2330	TLR1
2331	TMEM156
2332	KLB
2333	RPL9
2334	RBM47
2335	UCHL1-AS1
2336	UCHL1
2337	DCAF4L1
2338	BEND4
2339	YIPF7
2340	GNPDA2
2341	GABRG1
2342	GABRA2
2343	GABRA4
2344	COMMD8
2345	CORIN
2346	NIPAL1
2347	CNGA1
2348	TXK
2349	TEC
2350	SLC10A4
2351	OCIAD1-AS1
2352	OCIAD2
2353	LRRC66
2354	SPATA18
2355	USP46-AS1
2356	LINC01618
2357	DANCR
2358	ERVMER34-1
2359	RASL11B
2360	LNX1
2361	LNX1-AS1
2362	LINC02283
2363	KIT
2364	SRD5A3
2365	SRD5A3-AS1
2366	PAICS
2367	ARL9
2368	HOPX
2369	IGFBP7
2370	IGFBP7-AS1
2371	LINC02271
2372	ADGRL3-AS1
2373	LINC02232
2374	EPHA5
2375	EPHA5-AS1
2376	UBA6-AS1
2377	GNRHR
2378	TMPRSS11D
2379	TMPRSS11A
2380	TMPRSS11F
2381	UTP3
2382	DCK
2383	SLC4A4
2384	NPFFR2
2385	ADAMTS3
2386	BTC
2387	PARM1
2388	CDKL2
2389	NAAA
2390	ART3
2391	FAM47E
2392	STBD1
2393	CCDC158
2394	SHROOM3
2395	CCNG2
2396	CXCL13
2397	FRAS1
2398	LINC01094
2399	LINC01088
2400	NAA11
2401	ANTXR2
2402	PRDM8
2403	FGF5
2404	CFAP299
2405	RASGEF1B
2406	TMEM150C
2407	LINC00575
2408	THAP9-AS1
2409	THAP9
2410	PLAC8
2411	COQ2
2412	MRPS18C
2413	ABRAXAS1
2414	GPAT3
2415	CDS1
2416	WDFY3-AS1
2417	WDFY3-AS2
2418	ARHGAP24
2419	PTPN13
2420	SLC10A6
2421	C4orf36
2422	HSD17B13
2423	AC093895.1
2424	MEPE
2425	SPP1
2426	ABCG2
2427	PPM1K-DT
2428	HERC6
2429	PYURF
2430	PIGY-DT
2431	NAP1L5
2432	FAM13A-AS1
2433	TIGD2
2434	GPRIN3
2435	CCSER1
2436	BMPR1B
2437	LINC02267
2438	STPG2
2439	STPG2-AS1
2440	ADH4
2441	TRMT10A
2442	H2AFZ
2443	EMCN
2444	BANK1
2445	SLC39A8
2446	UBE2D3-AS1
2447	BDH2
2448	LINC02428
2449	TACR3
2450	LINC02503
2451	CXXC4
2452	CXXC4-AS1
2453	ARHGEF38
2454	NPNT
2455	AIMP1
2456	DKK2
2457	SGMS2
2458	CYP2U1
2459	LEF1
2460	RPL34-AS1
2461	RPL34
2462	OSTC
2463	ETNPPL
2464	COL25A1
2465	SEC24B-AS1
2466	MCUB
2467	CASP6
2468	GAR1
2469	RRH
2470	LRIT3
2471	EGF
2472	FAM241A
2473	ALPK1
2474	ZGRF1
2475	MIR302CHG
2476	CAMK2D
2477	ARSJ
2478	NDST4
2479	TRAM1L1
2480	LINC02263
2481	LINC01378
2482	NDST3
2483	SNHG8
2484	PRSS12
2485	METTL14-DT
2486	SYNPO2
2487	USP53
2488	C4orf3
2489	PDE5A
2490	MAD2L1
2491	PRDM5
2492	ANXA5
2493	CCNA2
2494	TRPC3
2495	BBS12
2496	SPRY1
2497	LINC01091
2498	LINC02516
2499	FAT4
2500	HSPA4L
2501	PLK4
2502	LINC02615
2503	C4orf33
2504	LINC02479
2505	SNHG27
2506	SLC7A11-AS1
2507	SLC7A11
2508	LINC00498
2509	LINC00499
2510	NOCT
2511	MGARP
2512	NDUFC1
2513	RAB33B
2514	MGST2
2515	MAML3
2516	SCOC
2517	SCOC-AS1
2518	CLGN
2519	UCP1
2520	ZNF330
2521	IL15
2522	INPP4B
2523	FREM3
2524	GYPE
2525	GYPB
2526	HHIP-AS1
2527	HHIP
2528	SMAD1-AS2
2529	SMAD1-AS1
2530	C4orf51
2531	TTC29
2532	EDNRA
2533	LINC02507
2534	LINC02355
2535	IQCM
2536	RPS3A
2537	PRSS48
2538	FAM160A1
2539	MIR4453HG
2540	TMEM154
2541	TIGD4
2542	FHDC1
2543	MND1
2544	TLR2
2545	SFRP2
2546	DCHS2
2547	GUCY1A1
2548	TDO2
2549	CTSO
2550	GASK1B
2551	FAM198B-AS1
2552	TMEM144
2553	RXFP1
2554	C4orf46
2555	PPID
2556	C4orf45
2557	FSTL5
2558	NPY1R
2559	TMA16
2560	SMIM31
2561	TRIM61
2562	FAM218A
2563	MSMO1
2564	TLL1
2565	SPOCK3
2566	ANXA10
2567	DDX60L
2568	LINC02275
2569	MFAP3L
2570	GALNTL6
2571	HMGB2
2572	SAP30
2573	SCRG1
2574	HAND2-AS1
2575	LINC02268
2576	GLRA3
2577	SPATA4
2578	ASB5
2579	AGA
2580	LINC01098
2581	LINC01099
2582	LINC00290
2583	TENM3-AS1
2584	TENM3
2585	DCTD
2586	WWC2-AS1
2587	CDKN2AIP
2588	ING2
2589	ENPP6
2590	LINC02363
2591	LINC02362
2592	LINC02427
2593	SLC25A4
2594	LRP2BP
2595	ANKRD37
2596	C4orf47
2597	CCDC110
2598	PDLIM3
2599	SORBS2
2600	AC093797.1
2601	TLR3
2602	FAM149A
2603	KLKB1
2604	F11-AS1
2605	FAT1
2606	LINC01060
2607	FRG1-DT
2608	FRG1
2609	PLEKHG4B
2610	CCDC127
2611	AHRR
2612	EXOC3-AS1
2613	SLC9A3-AS1
2614	CEP72
2615	TPPP
2616	ZDHHC11B
2617	ZDHHC11
2618	BRD9
2619	SLC12A7
2620	CLPTM1L
2621	AC026412.3
2622	MRPL36
2623	NDUFS6
2624	LINC01019
2625	LINC02063
2626	ADAMTS16
2627	LINC02145
2628	MED10
2629	LINC02102
2630	LINC02236
2631	LINC02196
2632	C5orf49
2633	FASTKD3
2634	LINC02226
2635	MIR4458HG
2636	LINC02199
2637	SEMA5A-AS1
2638	SNHG18
2639	LINC02112
2640	CCT5
2641	CMBL
2642	ROPN1L
2643	ANKRD33B
2644	DNAH5
2645	OTULINL
2646	MARCH11
2647	LINC02150
2648	ZNF622
2649	RETREG1
2650	BASP1-AS1
2651	LINC02217
2652	LINC02223
2653	LINC02100
2654	CDH18
2655	LINC02241
2656	CDH12
2657	C5orf17
2658	CDH9
2659	PURPL
2660	CDH6
2661	PDZD2
2662	NPR3
2663	ADAMTS12
2664	SLC45A2
2665	AMACR
2666	TTC23L
2667	BRIX1
2668	PRLR
2669	SPEF2
2670	RANBP3L
2671	AC008957.1
2672	GDNF-AS1
2673	GDNF
2674	LINC02117
2675	LINC02119
2676	EGFLAM
2677	LIFR
2678	LIFR-AS1
2679	OSMR-AS1
2680	OSMR
2681	FYB1
2682	C9
2683	DAB2
2684	LINC00603
2685	PLCXD3
2686	OXCT1-AS1
2687	GHR
2688	CCDC152
2689	SELENOP
2690	ANXA2R
2691	HMGCS1
2692	CCL28
2693	C5orf34
2694	FGF10
2695	LINC02224
2696	HCN1
2697	EMB
2698	PELO
2699	ITGA1
2700	ITGA2
2701	MOCS2
2702	LINC01033
2703	SNX18
2704	DDX4
2705	ANKRD55
2706	LINC01948
2707	C5orf67
2708	SETD9
2709	PLK2
2710	PART1
2711	DEPDC1B
2712	ELOVL7
2713	SMIM15
2714	LINC02057
2715	ZSWIM6
2716	DIMT1
2717	ADAMTS6
2718	CENPK
2719	SHLD3
2720	LINC02198
2721	CCNB1
2722	CENPH
2723	TAF9
2724	OCLN
2725	GTF2H2C
2726	SERF1B
2727	SMN2
2728	SERF1A
2729	SMN1
2730	NAIP
2731	GTF2H2
2732	CARTPT
2733	LINC02056
2734	BTF3
2735	UTP15
2736	ARHGEF28
2737	LINC01331
2738	ENC1
2739	GCNT4
2740	ANKRD31
2741	HMGCR
2742	ANKDD1B
2743	SV2C
2744	IQGAP2
2745	F2R
2746	CRHBP
2747	PDE8B
2748	SCAMP1-AS1
2749	LHFPL2
2750	DMGDH
2751	BHMT2
2752	BHMT
2753	FAM151B
2754	DHFR
2755	RASGRF2-AS1
2756	RASGRF2
2757	CKMT2-AS1
2758	CKMT2
2759	ZCCHC9
2760	ACOT12
2761	RPS23
2762	LINC01338
2763	VCAN
2764	VCAN-AS1
2765	HAPLN1
2766	COX7C
2767	LINC01949
2768	LINC02488
2769	LINC02144
2770	LINC02060
2771	MEF2C-AS2
2772	MEF2C-AS1
2773	ADGRV1
2774	LUCAT1
2775	ARRDC3
2776	ARRDC3-AS1
2777	LINC02058
2778	NR2F1
2779	FAM81B
2780	RFESD
2781	SPATA9
2782	GLRX
2783	LINC01554
2784	ELL2
2785	PCSK1
2786	ERAP2
2787	LIX1-AS1
2788	LINC01340
2789	LINC02234
2790	RGMB-AS1
2791	ST8SIA4
2792	SLCO4C1
2793	LINC02115
2794	NUDT12
2795	LINC01950
2796	EFNA5
2797	LINC01023
2798	TMEM232
2799	STARD4
2800	STARD4-AS1
2801	NREP
2802	NREP-AS1
2803	EPB41L4A-AS1
2804	MCC
2805	KCNN2
2806	TRIM36
2807	FEM1C
2808	TICAM2
2809	CDO1
2810	LVRN
2811	SEMA6A-AS1
2812	SEMA6A-AS2
2813	LINC02147
2814	LINC02208
2815	DTWD2
2816	TNFAIP8
2817	PRR16
2818	SNCAIP
2819	LINC02201
2820	PPIC
2821	PRDM6
2822	LINC01170
2823	LINC02240
2824	LMNB1-DT
2825	LMNB1
2826	MARCH3
2827	C5orf63
2828	CTXN3
2829	CCDC192
2830	FBN2
2831	SLC27A6
2832	ISOC1
2833	ADAMTS19-AS1
2834	ADAMTS19
2835	CHSY3
2836	HINT1
2837	MEIKIN
2838	P4HA2-AS1
2839	P4HA2
2840	SLC22A4
2841	SLC22A5
2842	IRF1
2843	IL5
2844	TH2LCRR
2845	CCNI2
2846	SOWAHA
2847	UQCRQ
2848	LEAP2
2849	HSPA4
2850	FSTL4
2851	TCF7
2852	CDKN2AIPNL
2853	TXNDC15
2854	C5orf66
2855	CXCL14
2856	SLC25A48
2857	SMAD5-AS1
2858	MYOT
2859	PKD2L2
2860	CDC25C
2861	EGR1
2862	MATR3
2863	SNHG4
2864	SLC23A1
2865	SPATA24
2866	MALINC1
2867	IGIP
2868	CYSTM1
2869	HBEGF
2870	SLC4A9
2871	SRA1
2872	EIF4EBP3
2873	APBB3
2874	SLC35A4
2875	CD14
2876	NDUFA2
2877	TMCO6
2878	IK
2879	WDR55
2880	DND1
2881	HARS2
2882	ZMAT2
2883	PCDHA1
2884	PCDHA2
2885	PCDHA3
2886	PCDHA5
2887	PCDHA6
2888	PCDHA7
2889	PCDHA8
2890	PCDHA9
2891	PCDHA10
2892	PCDHA11
2893	PCDHA12
2894	PCDHA13
2895	PCDHAC1
2896	PCDHB1
2897	PCDHB2
2898	PCDHB3
2899	PCDHB4
2900	PCDHB5
2901	PCDHB6
2902	PCDHB7
2903	PCDHB16
2904	PCDHB9
2905	PCDHB10
2906	PCDHB11
2907	PCDHB12
2908	PCDHB13
2909	PCDHB14
2910	PCDHB15
2911	TAF7
2912	PCDHGA1
2913	PCDHGA2
2914	PCDHGA3
2915	PCDHGB1
2916	PCDHGA4
2917	PCDHGB2
2918	PCDHGA5
2919	PCDHGB3
2920	PCDHGA6
2921	PCDHGA7
2922	PCDHGB4
2923	PCDHGA8
2924	PCDHGB5
2925	PCDHGA9
2926	PCDHGB6
2927	PCDHGB7
2928	PCDHGA11
2929	PCDHGA12
2930	PCDHGC4
2931	PCDHGC5
2932	RELL2
2933	FCHSD1
2934	ARAP3
2935	PCDH1
2936	PCDH12
2937	RNF14
2938	SPRY4
2939	FGF1
2940	LINC01844
2941	ARHGAP26
2942	ARHGAP26-AS1
2943	YIPF5
2944	PRELID2
2945	GRXCR2
2946	SH3RF2
2947	PLAC8L1
2948	STK32A-AS1
2949	JAKMIP2-AS1
2950	SPINK5
2951	SPINK6
2952	MARCOL
2953	SPINK13
2954	SPINK9
2955	HTR4
2956	SH3TC2
2957	SH3TC2-DT
2958	AFAP1L1
2959	GRPEL2
2960	GRPEL2-AS1
2961	PCYOX1L
2962	ARHGEF37
2963	PPARGC1B
2964	PDE6A
2965	SLC26A2
2966	TIGD6
2967	HMGXB3
2968	CSF1R
2969	PDGFRB
2970	SLC6A7
2971	CAMK2A
2972	ARSI
2973	CD74
2974	RPS14
2975	NDST1-AS1
2976	SYNPO
2977	RBM22
2978	SMIM3
2979	IRGM
2980	ZNF300
2981	GPX3
2982	TNIP1
2983	CCDC69
2984	GM2A
2985	SLC36A1
2986	FAT2
2987	CLMAT3
2988	ATOX1
2989	GLRA1
2990	LINC01933
2991	LINC01470
2992	GRIA1
2993	FAM114A2
2994	GALNT10
2995	SAP30L-AS1
2996	SAP30L
2997	FAXDC2
2998	CNOT8
2999	HAVCR2
3000	MED7
3001	FNDC9
3002	ADAM19
3003	THG1L
3004	LSM11
3005	EBF1
3006	LINC01847
3007	ADRA1B
3008	CCNJL
3009	C1QTNF2
3010	ZBED8
3011	MIR3142HG
3012	ATP10B
3013	GABRB2
3014	GABRA6
3015	GABRA1
3016	LINC01202
3017	GABRG2
3018	CCNG1
3019	NUDCD2
3020	TENM2
3021	WWC1
3022	FBLL1
3023	SLIT3
3024	SPDL1
3025	DOCK2
3026	INSYN2B
3027	LCP2
3028	KCNMB1
3029	RANBP17
3030	SH3PXD2B
3031	NEURL1B
3032	DUSP1
3033	RPL26L1
3034	BNIP1
3035	BOD1
3036	LINC01485
3037	C5orf47
3038	NSG2
3039	LINC01411
3040	DRD1
3041	HRH2
3042	CPLX2
3043	THOC3
3044	NOP16
3045	HIGD2A
3046	CLTB
3047	CDHR2
3048	GPRIN1
3049	SNCB
3050	EIF4E1B
3051	TSPAN17
3052	LINC01574
3053	UNC5A
3054	RAB24
3055	MXD3
3056	PRELID1
3057	LMAN2
3058	F12
3059	GRK6
3060	PRR7-AS1
3061	PRR7
3062	DBN1
3063	PDLIM7
3064	DOK3
3065	DDX41
3066	TMED9
3067	B4GALT7
3068	FAM153A
3069	FAM153CP
3070	N4BP3
3071	NHP2
3072	HNRNPAB
3073	PHYKPL
3074	COL23A1
3075	GRM6
3076	ZNF879
3077	ADAMTS2
3078	CBY3
3079	LTC4S
3080	MGAT4B
3081	RASGEF1C
3082	GFPT2
3083	HEIH
3084	LINC00847
3085	BTNL9
3086	TRIM7
3087	RACK1
3088	TRIM52-AS1
3089	DUSP22
3090	LINC01622
3091	LINC02521
3092	LINC01600
3093	MYLK4
3094	SERPINB1
3095	SERPINB9P1
3096	SERPINB9
3097	LINC01011
3098	RIPK1
3099	TUBB2A
3100	TUBB2B
3101	SLC22A23
3102	FAM50B
3103	AL590004.3
3104	FAM217A
3105	C6orf201
3106	ECI2
3107	RPP40
3108	NRN1
3109	F13A1
3110	LY86-AS1
3111	LY86
3112	RREB1
3113	CAGE1
3114	SNRNP48
3115	BMP6
3116	TXNDC5
3117	SLC35B3
3118	C6orf52
3119	TMEM14C
3120	MAK
3121	GCM2
3122	SYCP2L
3123	ELOVL2
3124	NEDD9
3125	EDN1
3126	NOL7
3127	RNF182
3128	CD83
3129	MYLIP
3130	GMPR
3131	RBM24
3132	CAP2
3133	RNF144B
3134	ID4
3135	LINC00581
3136	SOX4
3137	NBAT1
3138	NRSN1
3139	DCDC2
3140	KIAA0319
3141	GMNN
3142	RIPOR2
3143	CARMIL1
3144	HIST1H1C
3145	HFE
3146	HIST1H4C
3147	HIST1H2BC
3148	HIST1H2AC
3149	HIST1H1E
3150	HIST1H2BD
3151	AL353759.1
3152	HIST1H2BE
3153	HIST1H2BF
3154	HIST1H4E
3155	HIST1H4H
3156	BTN3A2
3157	BTN2A2
3158	BTN3A1
3159	BTN3A3
3160	HCG11
3161	HMGN4
3162	ABT1
3163	ZNF322
3164	LINC00240
3165	ZNF391
3166	ZNF184
3167	ZSCAN16
3168	ZSCAN9
3169	ZKSCAN4
3170	NKAPL
3171	ZSCAN31
3172	ZKSCAN3
3173	OR2H2
3174	MOG
3175	HLA-F
3176	HLA-F-AS1
3177	HLA-A
3178	HCG9
3179	ZNRD1
3180	PPP1R11
3181	TRIM39
3182	RPP21
3183	HLA-E
3184	PRR3
3185	MRPS18B
3186	C6orf136
3187	DHX16
3188	PPP1R18
3189	NRM
3190	MDC1
3191	MDC1-AS1
3192	TUBB
3193	IER3
3194	HCG20
3195	LINC00243
3196	GTF2H4
3197	CCHCR1
3198	POU5F1
3199	HCG27
3200	HLA-C
3201	HLA-B
3202	HCP5
3203	ATP6V1G2
3204	NFKBIL1
3205	LTB
3206	LST1
3207	BAG6
3208	APOM
3209	C6orf47
3210	GPANK1
3211	CSNK2B
3212	LY6G5B
3213	LY6G5C
3214	DDAH2
3215	MSH5
3216	SAPCD1
3217	SAPCD1-AS1
3218	VARS
3219	LSM2
3220	HSPA1L
3221	HSPA1A
3222	HSPA1B
3223	SNHG32
3224	NEU1
3225	EHMT2-AS1
3226	C2
3227	ZBTB12
3228	NELFE
3229	SKIV2L
3230	DXO
3231	STK19
3232	TNXB
3233	ATF6B
3234	PRRT1
3235	PPT2
3236	AGPAT1
3237	RNF5
3238	AGER
3239	NOTCH4
3240	TSBP1-AS1
3241	TSBP1
3242	BTNL2
3243	HLA-DRA
3244	HLA-DRB1
3245	HLA-DOB
3246	TAP2
3247	PSMB8
3248	PSMB8-AS1
3249	PSMB9
3250	TAP1
3251	HLA-DMA
3252	HLA-DPB1
3253	COL11A2
3254	SLC39A7
3255	HSD17B8
3256	HCG25
3257	RPS18
3258	B3GALT4
3259	WDR46
3260	PFDN6
3261	ZBTB22
3262	DAXX
3263	CUTA
3264	SYNGAP1-AS1
3265	ZBTB9
3266	BAK1
3267	ITPR3
3268	UQCC2
3269	GRM4
3270	HMGA1
3271	SMIM29
3272	RPS10-NUDT3
3273	RPS10
3274	PACSIN1
3275	SNRPC
3276	SCUBE3
3277	Z97832.2
3278	DEF6
3279	FANCE
3280	RPL10A
3281	TEAD3
3282	FKBP5
3283	LHFPL5
3284	SLC26A8
3285	MAPK13
3286	BRPF3
3287	PNPLA1
3288	ETV7
3289	PXT1
3290	CDKN1A
3291	CPNE5
3292	PPIL1
3293	MTCH1
3294	PIM1
3295	RNF8
3296	CCDC167
3297	MDGA1
3298	DNAH8
3299	SAYSD1
3300	KIF6
3301	DAAM2
3302	TDRG1
3303	LINC00951
3304	UNC5CL
3305	OARD1
3306	APOBEC2
3307	NFYA
3308	FOXP4-AS1
3309	FOXP4
3310	MDFI
3311	TFEB
3312	FRS3
3313	PRICKLE4
3314	TOMM6
3315	MED20
3316	BYSL
3317	CCND3
3318	C6orf132
3319	GUCA1B
3320	TRERF1
3321	PRPH2
3322	TBCC
3323	C6orf226
3324	CNPY3
3325	GNMT
3326	MEA1
3327	RRP36
3328	CUL7
3329	MRPL2
3330	PTK7
3331	SRF
3332	DNPH1
3333	CRIP3
3334	ABCC10
3335	DLK2
3336	LRRC73
3337	POLR1C
3338	YIPF3
3339	POLH-AS1
3340	GTPBP2
3341	MAD2L1BP
3342	RSPH9
3343	MRPS18A
3344	VEGFA
3345	AL109615.3
3346	MRPL14
3347	SLC29A1
3348	HSP90AB1
3349	SLC35B2
3350	NFKBIE
3351	TMEM151B
3352	TCTE1
3353	AARS2
3354	SPATS1
3355	RUNX2
3356	CLIC5
3357	ENPP5
3358	CYP39A1
3359	TDRD6
3360	PLA2G7
3361	ADGRF5
3362	PTCHD4
3363	CENPQ
3364	PKHD1
3365	MCM3
3366	PAQR8
3367	TRAM2
3368	TRAM2-AS1
3369	TMEM14A
3370	KLHL31
3371	LRRC1
3372	MLIP
3373	HCRTR2
3374	HMGCLL1
3375	COL21A1
3376	ZNF451-AS1
3377	BAG2
3378	RAB23
3379	EYS
3380	AL391807.1
3381	COL19A1
3382	COL9A1
3383	B3GAT2
3384	OGFRL1
3385	LINC00472
3386	KCNQ5
3387	KHDC1
3388	OOEP
3389	DDX43
3390	CGAS
3391	EEF1A1
3392	CD109
3393	COL12A1
3394	COX7A2
3395	FILIP1
3396	IMPG1
3397	MEI4
3398	HMGN3-AS1
3399	LCA5
3400	TENT5A
3401	LINC02542
3402	TPBG
3403	RWDD2A
3404	PRSS35
3405	RIPPLY2
3406	MRAP2
3407	NT5E
3408	HTR1E
3409	GJB7
3410	C6orf163
3411	CFAP206
3412	CNR1
3413	GABRR1
3414	GABRR2
3415	CASC6
3416	EPHA7
3417	MANEA-DT
3418	UFL1-AS1
3419	GPR63
3420	NDUFAF4
3421	COQ3
3422	MCHR2
3423	LIN28B-AS1
3424	LIN28B
3425	BVES
3426	BVES-AS1
3427	POPDC3
3428	PRDM1
3429	CRYBG1
3430	CD24
3431	BEND3
3432	OSTM1-AS1
3433	NR2E1
3434	LINC00222
3435	PPIL6
3436	SMPD2
3437	ZBTB24
3438	DDO
3439	SLC22A16
3440	GTF3C6
3441	SLC16A10
3442	MFSD4B
3443	CCN6
3444	MARCKS
3445	LINC01268
3446	HDAC2-AS2
3447	HS3ST5
3448	FRK
3449	NT5DC1
3450	COL10A1
3451	TSPYL4
3452	DSE
3453	TSPYL1
3454	RWDD1
3455	FAM162B
3456	ROS1
3457	DCBLD1
3458	PLN
3459	ASF1A
3460	MAN1A1
3461	GJA1
3462	PKIB
3463	FABP7
3464	CLVS2
3465	NKAIN2
3466	RNF217-AS1
3467	TPD52L1
3468	HEY2
3469	NCOA7-AS1
3470	RSPO3
3471	C6orf58
3472	THEMIS
3473	LAMA2
3474	ARHGAP18
3475	L3MBTL3
3476	SAMD3
3477	EPB41L2
3478	ARG1
3479	ENPP3
3480	ENPP1
3481	CCN2
3482	LINC01013
3483	MOXD1
3484	RPS12
3485	LINC00326
3486	EYA4
3487	TARID
3488	SLC2A12
3489	SGK1
3490	LINC01010
3491	CT69
3492	ALDH8A1
3493	LINC00271
3494	PDE7B
3495	MAP7
3496	IL20RA
3497	WAKMAR2
3498	TNFAIP3
3499	PERP
3500	PBOV1
3501	HEBP2
3502	NHSL1
3503	GVQW2
3504	ECT2L
3505	ABRACL
3506	HECA
3507	CITED2
3508	LINC01625
3509	NMBR
3510	LINC01277
3511	ADAT2
3512	FUCA2
3513	PHACTR2
3514	LTV1
3515	ZC2HC1B
3516	PLAGL1
3517	HYMAI
3518	SF3B5
3519	UTRN
3520	FBXO30
3521	GRM1
3522	RAB32
3523	LUADT1
3524	SAMD5
3525	SASH1
3526	UST-AS1
3527	SUMO4
3528	ZC3H12D
3529	NUP43
3530	RAET1E
3531	PLEKHG1
3532	AKAP12
3533	CCDC170
3534	ESR1
3535	VIP
3536	FBXO5
3537	MTRF1L
3538	OPRM1
3539	IPCEF1
3540	CLDN20
3541	SYNJ2
3542	GTF2H5
3543	DYNLT1
3544	SYTL3
3545	EZR
3546	C6orf99
3547	ACAT2
3548	TCP1
3549	MRPL18
3550	PNLDC1
3551	MAS1
3552	SLC22A1
3553	SLC22A2
3554	SLC22A3
3555	PLG
3556	PACRG
3557	PACRG-AS2
3558	PACRG-AS3
3559	CAHM
3560	C6orf118
3561	PDE10A
3562	PRR18
3563	RAMACL
3564	CCR6
3565	TTLL2
3566	AFDN-DT
3567	KIF25
3568	SMOC2
3569	THBS2
3570	LINC02519
3571	C6orf120
3572	TCTE3
3573	LINC00574
3574	PSMB1
3575	PDCD2
3576	FAM20C
3577	PDGFA
3578	GET4
3579	ADAP1
3580	COX19
3581	GPR146
3582	GPER1
3583	ZFAND2A
3584	MICALL2
3585	MAFK
3586	PSMG3
3587	PSMG3-AS1
3588	ELFN1
3589	MRM2
3590	NUDT1
3591	SNX8
3592	LFNG
3593	IQCE
3594	TTYH3
3595	AMZ1
3596	CARD11
3597	SDK1
3598	AP5Z1
3599	RADIL
3600	PAPOLB
3601	MMD2
3602	SLC29A4
3603	ACTB
3604	OCM
3605	AIMP2
3606	ANKRD61
3607	GRID2IP
3608	ZDHHC4
3609	C7orf26
3610	ZNF853
3611	ZNF316
3612	ZNF12
3613	COL28A1
3614	RPA3
3615	NDUFA4
3616	THSD7A
3617	VWDE
3618	ARL4A
3619	DGKB
3620	AGMO
3621	MEOX2
3622	CRPPA
3623	CRPPA-AS1
3624	AHR
3625	HDAC9
3626	TWIST1
3627	TWISTNB
3628	TMEM196
3629	MACC1
3630	ABCB5
3631	DNAH11
3632	RAPGEF5
3633	STEAP1B
3634	TOMM7
3635	SNHG26
3636	FAM126A
3637	KLHL7-DT
3638	GPNMB
3639	IGF2BP3
3640	CCDC126
3641	FAM221A
3642	STK31
3643	NPY
3644	MPP6
3645	OSBPL3
3646	CYCS
3647	C7orf31
3648	AC005165.1
3649	NFE2L3
3650	SNX10
3651	KIAA0087
3652	SKAP2
3653	JAZF1-AS1
3654	TRIL
3655	CPVL
3656	WIPF3
3657	FKBP14
3658	LINC01176
3659	NOD1
3660	GGCT
3661	CRHR2
3662	AQP1
3663	NEUROD6
3664	ITPRID1
3665	PPP1R17
3666	LSM5
3667	LINC00997
3668	FKBP9
3669	BMPER
3670	NPSR1-AS1
3671	NPSR1
3672	DPY19L1
3673	SEPTIN7-AS1
3674	EEPD1
3675	ANLN
3676	AOAH
3677	ELMO1-AS1
3678	SFRP4
3679	POU6F2
3680	POU6F2-AS2
3681	LINC00265
3682	SUGCT
3683	LINC01449
3684	INHBA
3685	INHBA-AS1
3686	GLI3
3687	C7orf25
3688	MRPL32
3689	HECW1-IT1
3690	LUARIS
3691	MRPS24
3692	SPDYE1
3693	LINC00957
3694	DBNL
3695	PGAM2
3696	POLM
3697	AEBP1
3698	POLD2
3699	GCK
3700	YKT6
3701	DDX56
3702	PPIA
3703	SNHG15
3704	NACAD
3705	TBRG4
3706	IGFBP3
3707	TNS3
3708	LINC01447
3709	PKD1L1
3710	C7orf57
3711	UPP1
3712	ABCA13
3713	ZPBP
3714	SPATA48
3715	IKZF1
3716	FIGNL1
3717	LINC01445
3718	VSTM2A
3719	VSTM2A-OT1
3720	SEC61G
3721	EGFR
3722	EGFR-AS1
3723	ZNF713
3724	MRPS17
3725	PSPH
3726	CCT6A
3727	SUMF2
3728	PHKG1
3729	CHCHD2
3730	LINC02848
3731	ZNF117
3732	ERV3-1
3733	ZNF92
3734	TPST1
3735	LINC00174
3736	LINC02604
3737	SBDS
3738	SPDYE21P
3739	GALNT17
3740	CALN1
3741	FKBP6
3742	FZD9
3743	BCL7B
3744	TBL2
3745	MLXIPL
3746	VPS37D
3747	DNAJC30
3748	STX1A
3749	ABHD11
3750	CLDN4
3751	METTL27
3752	ELN
3753	LAT2
3754	RFC2
3755	GTF2IRD1
3756	GTF2IRD2
3757	RCC1L
3758	TRIM73
3759	SPDYE5
3760	HIP1
3761	RHBDD2
3762	TMEM120A
3763	STYXL1
3764	MDH2
3765	SRRM3
3766	HSPB1
3767	SSC4D
3768	ZP3
3769	DTX2
3770	UPK3B
3771	SPDYE16
3772	POMZP3
3773	FGL2
3774	TMEM60
3775	GNAI1
3776	CD36
3777	SEMA3C
3778	HGF
3779	PCLO
3780	SEMA3E
3781	SEMA3A
3782	SEMA3D
3783	GRM3
3784	TMEM243
3785	TP53TG1
3786	ABCB4
3787	ABCB1
3788	DBF4
3789	SRI
3790	STEAP4
3791	ZNF804B
3792	STEAP2-AS1
3793	STEAP1
3794	FZD1
3795	CYP51A1
3796	CYP51A1-AS1
3797	LRRD1
3798	ERVW-1
3799	AC002454.1
3800	SAMD9
3801	BET1
3802	PEG10
3803	PON1
3804	PON3
3805	ASB4
3806	PDK4
3807	SEM1
3808	DLX6-AS1
3809	SDHAF3
3810	TAC1
3811	ASNS
3812	BAIAP2L1
3813	NPTX2
3814	TMEM130
3815	ARPC1B
3816	PDAP1
3817	BUD31
3818	PTCD1
3819	ATP5MF
3820	FAM200A
3821	TMEM225B
3822	CYP3A5
3823	CYP3A7
3824	CYP3A4
3825	CYP3A43
3826	GJC3
3827	AZGP1
3828	ZSCAN21
3829	COPS6
3830	MCM7
3831	AP4M1
3832	TAF6
3833	CNPY4
3834	MBLAC1
3835	LAMTOR4
3836	MAP11
3837	GAL3ST4
3838	GPC2
3839	STAG3
3840	SPDYE3
3841	PILRA
3842	ZCWPW1
3843	MEPCE
3844	PPP1R35
3845	C7orf61
3846	TSC22D4
3847	NYAP1
3848	SAP25
3849	LRCH4
3850	FBXO24
3851	PCOLCE
3852	MOSPD3
3853	TFR2
3854	ACTL6B
3855	GNB2
3856	POP7
3857	ZAN
3858	EPHB4
3859	SLC12A9-AS1
3860	TRIP6
3861	ACHE
3862	TRIM56
3863	AP1S1
3864	VGF
3865	NAT16
3866	PLOD3
3867	ZNHIT1
3868	CLDN15
3869	FIS1
3870	IFT22
3871	COL26A1
3872	SH2B2
3873	SPDYE6
3874	ORAI2
3875	ALKBH4
3876	LRWD1
3877	POLR2J
3878	RASA4B
3879	UPK3BL2
3880	SPDYE2
3881	POLR2J3
3882	RASA4
3883	UPK3BL1
3884	SPDYE2B
3885	POLR2J2
3886	FBXL13
3887	LRRC17
3888	DNAJC2
3889	SLC26A5
3890	RELN
3891	LHFPL3-AS1
3892	PUS7
3893	EFCAB10
3894	CDHR3
3895	SYPL1
3896	NAMPT
3897	CCDC71L
3898	GPR22
3899	DUS4L
3900	SLC26A4-AS1
3901	SLC26A4
3902	SLC26A3
3903	LAMB1
3904	LAMB4
3905	DNAJB9
3906	LRRN3
3907	DOCK4-AS1
3908	LSMEM1
3909	GPR85
3910	SMIM30
3911	FOXP2
3912	MDFIC
3913	AC002066.1
3914	CAV2
3915	CAV1
3916	MET
3917	ST7-AS1
3918	ST7-OT4
3919	ST7-AS2
3920	CFTR
3921	ANKRD7
3922	LINC02476
3923	TSPAN12
3924	CPED1
3925	IQUB
3926	TMEM229A
3927	GPR37
3928	POT1-AS1
3929	GRM8
3930	GCC1
3931	ARF5
3932	FSCN3
3933	SND1-IT1
3934	LEP
3935	PRRT4
3936	IMPDH1
3937	HILPDA
3938	AC090114.2
3939	FAM71F2
3940	FAM71F1
3941	KCP
3942	ATP6V1F
3943	ATP6V1FNB
3944	TSPAN33
3945	SMO
3946	SMKR1
3947	ZC3HC1
3948	TMEM209
3949	MEST
3950	MKLN1-AS
3951	PODXL
3952	LRGUK
3953	AKR1B1
3954	BPGM
3955	AGBL3
3956	TMEM140
3957	WDR91
3958	SLC13A4
3959	CHRM2
3960	AKR1D1
3961	SVOPL
3962	ATP6V0A4
3963	TMEM213
3964	ZC3HAV1L
3965	TTC26
3966	FMC1
3967	CLEC2L
3968	TBXAS1
3969	PARP12
3970	KDM7A
3971	KDM7A-DT
3972	ADCK2
3973	NDUFB2
3974	MRPS33
3975	WEE2-AS1
3976	TAS2R4
3977	TAS2R5
3978	MGAM
3979	CLEC5A
3980	MGAM2
3981	EPHB6
3982	KEL
3983	GSTK1
3984	FAM131B
3985	ZYX
3986	EPHA1-AS1
3987	TCAF2
3988	OR2A1-AS1
3989	CNTNAP2
3990	EZH2
3991	PDIA4
3992	ZNF786
3993	ZNF425
3994	ZNF212
3995	ZNF777
3996	ZNF746
3997	KRBA1
3998	ZNF467
3999	SSPO
4000	ATP6V0E2-AS1
4001	ATP6V0E2
4002	ACTR3C
4003	ZBED6CL
4004	LRRC61
4005	RARRES2
4006	REPIN1
4007	GIMAP2
4008	TMEM176B
4009	TMEM176A
4010	KCNH2
4011	ATG9B
4012	ASIC3
4013	CDK5
4014	SLC4A2
4015	FASTK
4016	TMUB1
4017	ABCF2
4018	CHPF2
4019	WDR86
4020	PRKAG2-AS1
4021	LINC01003
4022	XRCC2
4023	PAXIP1-AS2
4024	PAXIP1-AS1
4025	HTR5A
4026	INSIG1
4027	SHH
4028	LINC01006
4029	RNF32
4030	NOM1
4031	MNX1
4032	DNAJB6
4033	NCAPG2
4034	LINC00689
4035	VIPR2
4036	ZNF596
4037	DLGAP2
4038	KBTBD11-OT1
4039	KBTBD11
4040	MYOM2
4041	ANGPT2
4042	FAM66E
4043	FAM85B
4044	PRAG1
4045	ERI1
4046	PPP1R3B
4047	LINC00599
4048	PRSS51
4049	PRSS55
4050	SOX7
4051	PINX1
4052	AF131216.3
4053	FAM167A-AS1
4054	FAM167A
4055	NEIL2
4056	FDFT1
4057	FAM66D
4058	FAM86B1
4059	FAM66A
4060	C8orf48
4061	SGCZ
4062	MSR1
4063	ZDHHC2
4064	CNOT7
4065	SLC7A2
4066	PDGFRL
4067	FGL1
4068	SH2D4A
4069	LPL
4070	LZTS1
4071	LZTS1-AS1
4072	LINC02153
4073	GFRA2
4074	NPM2
4075	FGF17
4076	DMTN
4077	HR
4078	REEP4
4079	LGI3
4080	SFTPC
4081	PHYHIP
4082	POLR3D
4083	PIWIL2
4084	SLC39A14
4085	PDLIM2
4086	C8orf58
4087	CCAR2
4088	BIN3
4089	EGR3
4090	PEBP4
4091	TNFRSF10B
4092	R3HCC1
4093	LOXL2
4094	AC090197.1
4095	ADAM28
4096	NEFM
4097	NEFL
4098	DOCK5
4099	GNRH1
4100	KCTD9
4101	BNIP3L
4102	PNMA2
4103	STMN4
4104	TRIM35
4105	PTK2B
4106	EPHX2
4107	CLU
4108	SCARA3
4109	PNOC
4110	ZNF395
4111	EXTL3-AS1
4112	INTS9-AS1
4113	DUSP4
4114	DCTN6
4115	RBPMS
4116	SMIM18
4117	UBXN8
4118	PPP2CB
4119	TEX15
4120	NRG1
4121	MAK16
4122	RNF122
4123	UNC5D
4124	LINC01605
4125	ZNF703
4126	ADGRA2
4127	BRF2
4128	RAB11FIP1
4129	EIF4EBP1
4130	STAR
4131	LETM2
4132	C8orf86
4133	HTRA4
4134	TM2D2
4135	ADAM32
4136	ADAM18
4137	IDO1
4138	ZMAT4
4139	SFRP1
4140	GPAT4
4141	ANK1
4142	AP3M2
4143	PLAT
4144	VDAC3
4145	SMIM19
4146	CHRNB3
4147	THAP1
4148	CEBPD
4149	MCM4
4150	EFCAB1
4151	SNAI2
4152	PXDNL
4153	ST18
4154	OPRK1
4155	RGS20
4156	MRPL15
4157	XKR4
4158	LYN
4159	PLAG1
4160	CHCHD7
4161	LINC01606
4162	LINC00588
4163	LINC01602
4164	SDCBP
4165	CA8
4166	LINC01301
4167	GGH
4168	TTPA
4169	LINC01414
4170	LINC01289
4171	CYP7B1
4172	RRS1
4173	MYBL1
4174	MCMDC2
4175	SNHG6
4176	PPP1R42
4177	AC021321.1
4178	CPA6
4179	C8orf34
4180	SULF1
4181	SLCO5A1
4182	LACTB2-AS1
4183	LACTB2
4184	XKR9
4185	EYA1
4186	MSC-AS1
4187	KCNB2
4188	SBSPON
4189	C8orf89
4190	RPL7
4191	RDH10
4192	RDH10-AS1
4193	TMEM70
4194	JPH1
4195	MIR2052HG
4196	AC115837.2
4197	PI15
4198	HNF4G
4199	LINC01111
4200	PKIA-AS1
4201	IL7
4202	STMN2
4203	HEY1
4204	LINC01607
4205	FABP5
4206	PMP2
4207	IMPA1
4208	SNX16
4209	LINC02235
4210	RALYL
4211	LRRCC1
4212	RBIS
4213	CA1
4214	CA3
4215	CA2
4216	CNGB3
4217	CNBD1
4218	DCAF4L2
4219	CALB1
4220	LINC00534
4221	TMEM64
4222	NECAB1
4223	C8orf88
4224	OTUD6B-AS1
4225	LRRC69
4226	SLC26A7
4227	CDH17
4228	RAD54B
4229	FSBP
4230	ESRP1
4231	CCNE2
4232	PLEKHF2
4233	C8orf37-AS1
4234	C8orf37
4235	GDF6
4236	UQCRB
4237	SDC2
4238	CPQ
4239	TSPYL5
4240	LAPTM4B
4241	MATN2
4242	RPL30
4243	AP003352.1
4244	RIDA
4245	POP1
4246	NIPAL2
4247	STK3
4248	KCNS2
4249	COX6C
4250	RGS22
4251	POLR2K
4252	SPAG1
4253	SNX31
4254	AP003469.4
4255	NCALD
4256	UBR5-AS1
4257	KLF10
4258	AZIN1-AS1
4259	BAALC-AS2
4260	BAALC
4261	BAALC-AS1
4262	FZD6
4263	CTHRC1
4264	AC012213.3
4265	DPYS
4266	ZFPM2
4267	ZFPM2-AS1
4268	ANGPT1
4269	RSPO2
4270	TMEM74
4271	ENY2
4272	SYBU
4273	KCNV1
4274	LINC01608
4275	LINC01609
4276	LINC02237
4277	LINC00536
4278	UTP23
4279	SLC30A8
4280	MED30
4281	SAMD12-AS1
4282	TNFRSF11B
4283	MAL2
4284	ENPP2
4285	DSCC1
4286	DEPTOR
4287	COL14A1
4288	MRPL13
4289	MTBP
4290	SNTB1
4291	HAS2
4292	HAS2-AS1
4293	LINC02855
4294	LINC01151
4295	ZHX2
4296	FBXO32
4297	FER1L6
4298	FER1L6-AS2
4299	TRMT12
4300	RNF139-AS1
4301	RNF139
4302	NDUFB9
4303	LINC00964
4304	ZNF572
4305	SQLE
4306	WASHC5
4307	WASHC5-AS1
4308	TRIB1
4309	LINC00861
4310	LRATD2
4311	PCAT1
4312	CASC19
4313	PRNCR1
4314	CASC8
4315	MYC
4316	PVT1
4317	LINC00824
4318	CCDC26
4319	ASAP1-IT2
4320	HHLA1
4321	KCNQ3
4322	HPYR1
4323	LRRC6
4324	TG
4325	SLA
4326	NDRG1
4327	ST3GAL1
4328	LINC01591
4329	LINC02055
4330	COL22A1
4331	KCNK9
4332	PEG13
4333	CHRAC1
4334	DENND3
4335	PTP4A3
4336	ARC
4337	JRK
4338	LNCOC1
4339	THEM6
4340	LYNX1
4341	LY6E-DT
4342	LY6E
4343	LY6H
4344	GPIHBP1
4345	ZFP41
4346	GLI4
4347	MINCR
4348	ZNF696
4349	TOP1MT
4350	RHPN1
4351	GSDMD
4352	MROH6
4353	NAPRT
4354	TIGD5
4355	PYCR3
4356	TSTA3
4357	ZNF623
4358	ZNF707
4359	IQANK1
4360	PUF60
4361	NRBP2
4362	PARP10
4363	GRINA
4364	SPATC1
4365	OPLAH
4366	EXOSC4
4367	GPAA1
4368	CYC1
4369	SHARPIN
4370	MAF1
4371	WDR97
4372	HGH1
4373	BOP1
4374	SCX
4375	SCRT1
4376	TMEM249
4377	SLC52A2
4378	FBXL6
4379	ADCK5
4380	CPSF1
4381	VPS28
4382	TONSL
4383	KIFC2
4384	PPP1R16A
4385	GPT
4386	MFSD3
4387	RECQL4
4388	LRRC14
4389	LRRC24
4390	C8orf82
4391	ARHGAP39
4392	ZNF34
4393	RPL8
4394	ZNF517
4395	ZNF7
4396	COMMD5
4397	ZNF16
4398	ZNF252P-AS1
4399	C8orf33
4400	WASHC1
4401	DOCK8
4402	DMRT2
4403	VLDLR
4404	KCNV2
4405	RFX3-AS1
4406	GLIS3
4407	PLPP6
4408	CDC37L1-DT
4409	INSL6
4410	PLGRKT
4411	CD274
4412	PDCD1LG2
4413	MLANA
4414	IL33
4415	UHRF2
4416	GLDC
4417	DMAC1
4418	PTPRD-AS1
4419	LURAP1L-AS1
4420	LURAP1L
4421	AL136366.1
4422	FREM1
4423	C9orf92
4424	BNC2
4425	SH3GL2
4426	ADAMTSL1
4427	SAXO1
4428	RRAGA
4429	RPS6
4430	ACER2
4431	SLC24A2
4432	HACD4
4433	MIR31HG
4434	CDKN2A
4435	CDKN2B-AS1
4436	CDKN2B
4437	LINC01239
4438	ELAVL2
4439	IZUMO3
4440	TUSC1
4441	LRRC19
4442	EQTN
4443	MOB3B
4444	LINGO2
4445	LINC01242
4446	SMIM27
4447	DNAJA1
4448	B4GALT1
4449	BAG1
4450	AQP7
4451	NOL6
4452	ANKRD18B
4453	CYP4F26P
4454	PTENP1-AS
4455	PRSS3
4456	AL354989.1
4457	KIF24
4458	MYORG
4459	C9orf24
4460	DNAI1
4461	ENHO
4462	CNTFR-AS1
4463	RPP25L
4464	DCTN3
4465	SIGMAR1
4466	GALT
4467	IL11RA
4468	PHF24
4469	DNAJB5
4470	FANCG
4471	PIGO
4472	STOML2
4473	FAM214B
4474	TESK1
4475	CD72
4476	RMRP
4477	CCDC107
4478	ARHGEF39
4479	TPM2
4480	CREB3
4481	RGP1
4482	SPAG8
4483	HINT2
4484	FAM221B
4485	GLIPR2
4486	MELK
4487	PAX5
4488	GRHPR
4489	POLR1E
4490	TOMM5
4491	FRMPD1
4492	TRMT10B
4493	SHB
4494	ALDH1B1
4495	IGFBPL1
4496	ANKRD18A
4497	FAM201A
4498	CNTNAP3
4499	GLIDR
4500	BMS1P14
4501	CBWD6
4502	FAM242F
4503	CNTNAP3B
4504	FAM27C
4505	LINC01410
4506	LERFS
4507	ANKRD20A4
4508	ANKRD20A3
4509	ZNF658
4510	FAM27E3
4511	ANKRD20A1
4512	CBWD3
4513	PGM5
4514	TMEM252-DT
4515	PIP5K1B
4516	FAM122A
4517	FAM189A2
4518	MAMDC2-AS1
4519	MAMDC2
4520	KLF9
4521	TRPM3
4522	C9orf57
4523	GDA
4524	LINC01504
4525	TMC1
4526	ALDH1A1
4527	RORB-AS1
4528	RORB
4529	TRPM6
4530	C9orf40
4531	CARNMT1-AS1
4532	NMRK1
4533	RFK
4534	GCNT1
4535	PCA3
4536	GNA14
4537	GNA14-AS1
4538	TLE1
4539	FRMD3
4540	IDNK
4541	C9orf64
4542	RMI1
4543	C9orf153
4544	ISCA1
4545	GAS1
4546	GAS1RR
4547	AL513318.2
4548	C9orf170
4549	DAPK1
4550	CTSL
4551	CDK20
4552	NXNL2
4553	S1PR3
4554	CKS2
4555	SEMA4D
4556	GADD45G
4557	SYK
4558	NFIL3
4559	ROR2
4560	CENPP
4561	OGN
4562	OMD
4563	ASPN
4564	ECM2
4565	ZNF484
4566	FGD3
4567	CARD19
4568	NINJ1
4569	WNK2
4570	C9orf129
4571	LINC02603
4572	PCAT7
4573	FBP1
4574	PTCH1
4575	LINC00476
4576	LINC00092
4577	SLC35D2
4578	ZNF367
4579	PRXL2C
4580	NUTM2G
4581	PTCSC2
4582	TRMO
4583	NANS
4584	CORO2A
4585	GABBR2
4586	GALNT12
4587	COL15A1
4588	ALG2
4589	SEC61B
4590	NR4A3
4591	CAVIN4
4592	BAAT
4593	MRPL50
4594	ALDOB
4595	TMEM246-AS1
4596	RNF20
4597	GRIN3A
4598	SMC2-AS1
4599	SMC2
4600	NIPSNAP3A
4601	NIPSNAP3B
4602	ABCA1
4603	LINC01505
4604	ABITRAM
4605	EPB41L4B
4606	PTPN3
4607	PALM2-AKAP2
4608	TXN
4609	SVEP1
4610	LPAR1
4611	SHOC1
4612	C9orf147
4613	SLC46A2
4614	ZFP37
4615	SLC31A2
4616	SLC31A1
4617	CDC26
4618	PRPF4
4619	WDR31
4620	HDHD3
4621	ALAD
4622	POLE3
4623	C9orf43
4624	RGS3
4625	ZNF618
4626	COL27A1
4627	AKNA
4628	ATP6V1G1
4629	TEX53
4630	TEX48
4631	DEC1
4632	TNC
4633	PAPPA
4634	PAPPA-AS1
4635	ASTN2-AS1
4636	TRIM32
4637	TLR4
4638	B3GNT10
4639	TRAF1
4640	GSN-AS1
4641	STOM
4642	MORN5
4643	LHX6
4644	RBM18
4645	OR1L8
4646	ZBTB6
4647	MIR600HG
4648	CRB2
4649	LHX2
4650	NEK6
4651	MIR181A2HG
4652	RPL35
4653	ARPC5L
4654	HSPA5
4655	PBX3
4656	ZBTB34
4657	SLC2A8
4658	ZNF79
4659	RPL12
4660	NIBAN2
4661	PTRH1
4662	CFAP157
4663	TTC16
4664	TOR2A
4665	SH2D3C
4666	CDK9
4667	FPGS
4668	ENG
4669	AK1
4670	ST6GALNAC6
4671	ST6GALNAC4
4672	PIP5KL1
4673	DPM2
4674	NAIF1
4675	SLC25A25-AS1
4676	PTGES2
4677	C9orf16
4678	COQ4
4679	SLC27A4
4680	URM1
4681	CERCAM
4682	WDR34
4683	HMGA1P4
4684	ZDHHC12
4685	ENDOG
4686	SPOUT1
4687	LRRC8A
4688	PHYHD1
4689	DOLK
4690	DOLPP1
4691	IER5L
4692	AL161785.1
4693	C9orf106
4694	LINC01503
4695	LINC00963
4696	NTMT1
4697	C9orf50
4698	ASB6
4699	PRRX2
4700	TOR1A
4701	C9orf78
4702	HMCN2
4703	ASS1
4704	EXOSC2
4705	LAMC3
4706	AIF1L
4707	FAM78A
4708	UCK1
4709	NTNG2
4710	TTF1
4711	CFAP77
4712	AK8
4713	SPACA9
4714	CEL
4715	GBGT1
4716	SURF6
4717	MED22
4718	RPL7A
4719	SURF1
4720	SURF2
4721	STKLD1
4722	REXO4
4723	ADAMTS13
4724	CACFD1
4725	SLC2A6
4726	ADAMTSL2
4727	SARDH
4728	BRD3OS
4729	RXRA
4730	COL5A1
4731	FCN1
4732	PPP1R26-AS1
4733	PPP1R26
4734	C9orf116
4735	MRPS2
4736	SOHLH1
4737	KCNT1
4738	UBAC1
4739	NACC2
4740	TMEM250
4741	QSOX2
4742	GPSM1
4743	PMPCA
4744	INPP5E
4745	NALT1
4746	EGFL7
4747	AGPAT2
4748	DIPK1B
4749	SNHG7
4750	TMEM141
4751	CCDC183
4752	AJM1
4753	PHPT1
4754	MAMDC4
4755	EDF1
4756	TRAF2
4757	FBXW5
4758	PTGDS
4759	LCNL1
4760	PAXX
4761	ENTPD2
4762	SAPCD2
4763	UAP1L1
4764	MAN1B1-DT
4765	DPP7
4766	GRIN1
4767	ANAPC2
4768	SSNA1
4769	TPRN
4770	TMEM203
4771	NDOR1
4772	RNF208
4773	TUBB4B
4774	NELFB
4775	NRARP
4776	NOXA1
4777	PNPLA7
4778	MRPL41
4779	ZMYND19
4780	ARRDC1
4781	ARRDC1-AS1
4782	CACNA1B
4783	TUBB8
4784	PRR26
4785	IDI2
4786	IDI2-AS1
4787	IDI1
4788	LINC00200
4789	ADARB2-AS1
4790	LINC02645
4791	PITRM1-AS1
4792	LINC02669
4793	KLF6
4794	AKR1E2
4795	AKR1C1
4796	AKR1C2
4797	AKR1C3
4798	NET1
4799	ASB13
4800	IL15RA
4801	IL2RA
4802	PFKFB3
4803	LINC02649
4804	LINC02656
4805	PRKCQ
4806	PRKCQ-AS1
4807	SFMBT2
4808	ITIH5
4809	ITIH2
4810	CELF2-DT
4811	LINC00710
4812	CELF2-AS2
4813	PROSER2-AS1
4814	CCDC3
4815	PHYH
4816	FRMD4A
4817	AL157392.2
4818	FAM107B
4819	CDNF
4820	HSPA14
4821	DCLRE1C
4822	MEIG1
4823	ACBD7
4824	ITGA8
4825	C1QL3
4826	CUBN
4827	VIM
4828	ST8SIA6
4829	HACD1
4830	STAM-AS1
4831	TMEM236
4832	MRC1
4833	SLC39A12
4834	CACNB2
4835	ARL5B
4836	MALRD1
4837	PLXDC2
4838	NEBL-AS1
4839	MIR1915HG
4840	SKIDA1
4841	COMMD3
4842	SPAG6
4843	ARMC3
4844	C10orf67
4845	OTUD1
4846	ENKUR
4847	THNSL1
4848	LINC01516
4849	GPR158-AS1
4850	GPR158
4851	LINC00836
4852	MYO3A
4853	GAD2
4854	APBB1IP
4855	MASTL
4856	LINC02680
4857	MKX
4858	ARMC4
4859	MPP7
4860	LINC02652
4861	BAMBI
4862	LINC01517
4863	SVIL
4864	JCAD
4865	MAP3K8
4866	LINC02664
4867	ZEB1-AS1
4868	MACORIS
4869	ITGB1-DT
4870	NRP1
4871	PARD3
4872	PARD3-AS1
4873	LINC02634
4874	FZD8
4875	ANKRD30A
4876	LINC00839
4877	RET
4878	RASGEF1A
4879	ZNF239
4880	ZNF485
4881	ZNF32-AS3
4882	ZNF32
4883	C10orf142
4884	CXCL12
4885	TMEM72-AS1
4886	RASSF4
4887	DEPP1
4888	C10orf25
4889	ZNF22
4890	ALOX5
4891	SYT15
4892	PTPN20
4893	GDF10
4894	ZNF488
4895	FAM25G
4896	AGAP9
4897	FRMPD2
4898	WDFY4
4899	OGDHL
4900	TIMM23B
4901	TIMM23B-AGAP6
4902	ASAH2
4903	SGMS1-AS1
4904	ASAH2B
4905	PRKG1
4906	CSTF2T
4907	PRKG1-AS1
4908	DKK1
4909	LNCAROD
4910	LINC02672
4911	BICC1
4912	LINC00844
4913	PHYHIPL
4914	FAM13C
4915	SLC16A9
4916	MRLN
4917	RHOBTB1
4918	CABCOCO1
4919	RTKN2
4920	ZNF365
4921	ADO
4922	NRBF2
4923	JMJD1C-AS1
4924	LINC02671
4925	LINC01515
4926	CTNNA3
4927	DNAJC12
4928	PBLD
4929	DNA2
4930	STOX1
4931	DDX21
4932	HK1
4933	FAM241B
4934	COL13A1
4935	LINC02636
4936	AIFM2
4937	TYSND1
4938	LRRC20
4939	NODAL
4940	PALD1
4941	ADAMTS14
4942	PCBD1
4943	UNC5B
4944	SLC29A3
4945	CDH23
4946	VSIR
4947	CHST3
4948	DDIT4
4949	OIT3
4950	P4HA1
4951	NUDT13
4952	DNAJC9-AS1
4953	CFAP70
4954	MSS51
4955	PPP3CB-AS1
4956	MYOZ1
4957	SYNPO2L
4958	AGAP5
4959	FUT11
4960	CHCHD1
4961	ZSWIM8-AS1
4962	NDST2
4963	VDAC2
4964	COMTD1
4965	ZNF503-AS1
4966	ZNF503
4967	ZNF503-AS2
4968	LRMDA
4969	KCNMA1-AS1
4970	KCNMA1-AS3
4971	DLG5
4972	RPS24
4973	LINC00595
4974	ZMIZ1-AS1
4975	PPIF
4976	LINC02679
4977	SFTPD
4978	SFTPD-AS1
4979	TMEM254-AS1
4980	TMEM254
4981	ANXA11
4982	CDHR1
4983	RGR
4984	GRID1-AS1
4985	LDB3
4986	MMRN2
4987	SNCG
4988	LINC00863
4989	PAPSS2
4990	RNLS
4991	ACTA2-AS1
4992	ACTA2
4993	FAS
4994	IFIT2
4995	IFIT3
4996	IFIT1
4997	IFIT5
4998	PANK1
4999	KIF20B
5000	LINC00865
5001	LINC01374
5002	HTR7
5003	PPP1R3C
5004	TNKS2-AS1
5005	FGFBP3
5006	KIF11
5007	HHEX
5008	MYOF
5009	RBP4
5010	PDE6C
5011	LGI1
5012	PLCE1-AS2
5013	PLCE1-AS1
5014	NOC3L
5015	HELLS
5016	CYP2C8
5017	ACSM6
5018	SORBS1
5019	ENTPD1
5020	CC2D2B
5021	CCNJ
5022	BLNK
5023	OPALIN
5024	TLL2
5025	PIK3AP1
5026	SLIT1
5027	ARHGAP19
5028	FRAT1
5029	FRAT2
5030	PGAM1
5031	UBTD1
5032	HOGA1
5033	MORN4
5034	AVPI1
5035	MARVELD1
5036	LINC00866
5037	GOLGA7B
5038	CRTAC1
5039	LOXL4
5040	PYROXD2
5041	HPS1
5042	HPSE2
5043	SLC25A28
5044	ENTPD7
5045	COX15
5046	ABCC2
5047	DNMBP-AS1
5048	BLOC1S2
5049	SCD
5050	OLMALINC
5051	NDUFB8
5052	MRPL43
5053	SEMA4G
5054	TWNK
5055	PDZD7
5056	SFXN3
5057	DPCD
5058	NPM3
5059	KCNIP2-AS1
5060	KCNIP2
5061	HPS6
5062	LDB1
5063	PPRC1
5064	NOLC1
5065	NFKB2
5066	PSD
5067	FBXL15
5068	CUEDC2
5069	RPARP-AS1
5070	MFSD13A
5071	SFXN2
5072	BORCS7
5073	AS3MT
5074	INA
5075	TAF5
5076	ATP5MD
5077	NEURL1
5078	SH3PXD2A
5079	STN1
5080	SFR1
5081	CFAP43
5082	GSTO2
5083	LINC02624
5084	LINC01435
5085	ADD3-AS1
5086	DUSP5
5087	RBM20
5088	GPAM
5089	ACSL5
5090	AL158212.1
5091	CASP7
5092	DCLRE1A
5093	ADRB1
5094	VWA2
5095	AFAP1L2
5096	ABLIM1
5097	GFRA1
5098	ENO4
5099	SHTN1
5100	SLC18A2
5101	EMX2OS
5102	EMX2
5103	CASC2
5104	LINC00867
5105	NANOS1
5106	PRDX3
5107	BAG3
5108	PLPP4
5109	LINC01561
5110	WDR11-AS1
5111	WDR11
5112	FGFR2
5113	CUZD1
5114	FAM24B
5115	IKZF5
5116	BUB3
5117	LINC02641
5118	GPR26
5119	CPXM2
5120	CHST15
5121	FAM53B-AS1
5122	EDRF1-DT
5123	EDRF1-AS1
5124	MMP21
5125	FANK1
5126	ADAM12
5127	LINC00601
5128	INSYN2A
5129	MGMT
5130	LINC02666
5131	C10orf143
5132	LINC02646
5133	TCERG1L
5134	BNIP3
5135	LRRC27
5136	PWWP2B
5137	INPP5A
5138	NKX6-2
5139	CFAP46
5140	ADGRA1-AS1
5141	KNDC1
5142	ADAM8
5143	ZNF511
5144	CALY
5145	PAOX
5146	SPRN
5147	SCART1
5148	CYP2E1
5149	SYCE1
5150	LINC01001
5151	BET1L
5152	RIC8A
5153	PGGHG
5154	IFITM3
5155	SIGIRR
5156	RNH1
5157	HRAS
5158	LRRC56
5159	RASSF7
5160	MIR210HG
5161	IRF7
5162	DRD4
5163	EPS8L2
5164	TMEM80
5165	TALDO1
5166	GATD1
5167	CEND1
5168	SLC25A22
5169	PANO1
5170	PIDD1
5171	RPLP2
5172	PNPLA2
5173	CD151
5174	POLR2L
5175	TSPAN4
5176	MUC6
5177	TOLLIP-AS1
5178	MOB2
5179	DUSP8
5180	KRTAP5-AS1
5181	IFITM10
5182	CTSD
5183	MRPL23
5184	H19
5185	CD81-AS1
5186	CD81
5187	TSSC4
5188	KCNQ1
5189	KCNQ1OT1
5190	CDKN1C
5191	SLC22A18
5192	CARS
5193	CARS-AS1
5194	CHRNA10
5195	RHOG
5196	RRM1
5197	TRIM21
5198	OR52I1
5199	TRIM68
5200	OR51D1
5201	MMP26
5202	OR52A1
5203	HBB
5204	TRIM5
5205	TRIM22
5206	C11orf42
5207	FAM160A2
5208	CNGA4
5209	CCKBR
5210	SMPD1
5211	ARFIP2
5212	TIMM10B
5213	RRP8
5214	ILK
5215	TAF10
5216	TPP1
5217	MRPL17
5218	ZNF215
5219	ZNF214
5220	OLFML1
5221	CYB5R2
5222	OVCH2
5223	RIC3-DT
5224	LMO1
5225	STK33
5226	TRIM66
5227	RPL27A
5228	TMEM9B
5229	TMEM9B-AS1
5230	NRIP3
5231	SCUBE2
5232	WEE1
5233	SBF2-AS1
5234	ADM
5235	AMPD3
5236	MRVI1-AS1
5237	LYVE1
5238	MRVI1
5239	ZBED5-AS1
5240	GALNT18
5241	MICAL2
5242	PARVA
5243	SPON1
5244	SPON1-AS1
5245	CALCB
5246	INSC
5247	LINC02751
5248	PLEKHA7
5249	RPS13
5250	NCR3LG1
5251	KCNJ11
5252	KCNC1
5253	TPH1
5254	LDHA
5255	LDHC
5256	LDHAL6A
5257	SPTY2D1OS
5258	SPTY2D1
5259	TMEM86A
5260	IGSF22
5261	PTPN5
5262	ZDHHC13
5263	CSRP3-AS1
5264	NAV2-IT1
5265	NAV2-AS5
5266	NAV2-AS4
5267	NAV2-AS3
5268	NAV2-AS2
5269	NAV2-AS1
5270	HTATIP2
5271	NELL1
5272	SLC17A6
5273	FANCF
5274	GAS2
5275	SVIP
5276	LINC02718
5277	ANO3
5278	SLC5A12
5279	FIBIN
5280	BBOX1
5281	BBOX1-AS1
5282	CCDC34
5283	BDNF-AS
5284	BDNF
5285	LINC02742
5286	LINC02755
5287	KCNA4
5288	MPPED2-AS1
5289	DCDC1
5290	PAX6
5291	PAUPAR
5292	CCDC73
5293	PRRG4
5294	DEPDC7
5295	LINC00294
5296	CSTF3-DT
5297	CD59
5298	LMO2
5299	ABTB2
5300	CAT
5301	APIP
5302	CD44
5303	AC090625.2
5304	PAMR1
5305	FJX1
5306	COMMD9
5307	PRR5L
5308	TRAF6
5309	RAG2
5310	C11orf74
5311	LINC02759
5312	LINC02741
5313	LINC02745
5314	LINC02740
5315	ALKBH3
5316	ALKBH3-AS1
5317	C11orf96
5318	ACCS
5319	CD82
5320	TSPAN18
5321	TP53I11
5322	SYT13
5323	CHST1
5324	SLC35C1
5325	MAPK8IP1
5326	PEX16
5327	CREB3L1
5328	MDK
5329	HARBI1
5330	ZNF408
5331	LRP4-AS1
5332	PACSIN3
5333	DDB2
5334	ACP2
5335	SPI1
5336	AC090559.1
5337	SLC39A13
5338	PSMC3
5339	NDUFS3
5340	PTPMT1
5341	KBTBD4
5342	C1QTNF4
5343	AGBL2
5344	PTPRJ
5345	FOLH1
5346	TNKS1BP1
5347	SLC43A3
5348	RTN4RL2
5349	SLC43A1
5350	TIMM10
5351	SMTNL1
5352	UBE2L6
5353	SERPING1
5354	YPEL4
5355	CLP1
5356	MED19
5357	SELENOH
5358	BTBD18
5359	OR9Q1
5360	GLYAT
5361	GLYATL2
5362	FAM111A-DT
5363	FAM111A
5364	DTX4
5365	OR4D9
5366	PATL1
5367	STX3
5368	MRPL16
5369	CCDC86
5370	TMEM109
5371	TMEM132A
5372	CD5
5373	VPS37C
5374	VWCE
5375	TKFC
5376	CYB561A3
5377	TMEM216
5378	PPP1R32
5379	SYT7
5380	DAGLA
5381	MYRF
5382	TMEM258
5383	FEN1
5384	FADS3
5385	RAB3IL1
5386	FTH1
5387	LINC02733
5388	INCENP
5389	AHNAK
5390	TUT1
5391	MTA2
5392	EML3
5393	ROM1
5394	B3GAT3
5395	INTS5
5396	LBHD1
5397	CSKMT
5398	UQCC3
5399	UBXN1
5400	GNG3
5401	ZBTB3
5402	POLR2G
5403	TAF6L
5404	TMEM223
5405	TMEM179B
5406	NXF1
5407	WDR74
5408	SNHG1
5409	SLC3A2
5410	CHRM1
5411	SLC22A6
5412	SLC22A24
5413	SLC22A10
5414	SLC22A25
5415	PLAAT5
5416	PLAAT4
5417	PLAAT3
5418	C11orf95
5419	SPINDOC
5420	RCOR2
5421	COX8A
5422	STIP1
5423	FERMT3
5424	TRPT1
5425	NUDT22
5426	DNAJC4
5427	VEGFB
5428	FKBP2
5429	PPP1R14B
5430	PLCB3
5431	BAD
5432	KCNK4
5433	CATSPERZ
5434	ESRRA
5435	TRMT112
5436	PRDX5
5437	CCDC88B
5438	RPS6KA4
5439	RASGRP2
5440	MAP4K2
5441	MEN1
5442	EHD1
5443	ATG2A
5444	BATF2
5445	ARL2
5446	SNX15
5447	SAC3D1
5448	ZFPL1
5449	TM7SF2
5450	ZNHIT2
5451	FAU
5452	SYVN1
5453	MRPL49
5454	POLA2
5455	CDC42EP2
5456	SLC25A45
5457	FRMD8
5458	NEAT1
5459	MALAT1
5460	SSSCA1-AS1
5461	ZNRD2
5462	FAM89B
5463	EHBP1L1
5464	KCNK7
5465	MAP3K11
5466	PCNX3
5467	SIPA1
5468	RELA
5469	RELA-DT
5470	RNASEH2C
5471	AP5B1
5472	CFL1
5473	MUS81
5474	EFEMP2
5475	FIBP
5476	CCDC85B
5477	C11orf68
5478	DRAP1
5479	SART1
5480	EIF1AD
5481	BANF1
5482	GAL3ST3
5483	KLC2
5484	RAB1B
5485	CNIH2
5486	YIF1A
5487	TMEM151A
5488	CD248
5489	RIN1
5490	BRMS1
5491	B4GAT1
5492	SLC29A2
5493	MRPL11
5494	PELI3
5495	DPP3
5496	ZDHHC24
5497	CTSF
5498	CCS
5499	RBM14
5500	RBM4B
5501	SPTBN2
5502	RCE1
5503	LRFN4
5504	SYT12
5505	SSH3
5506	POLD4
5507	CLCF1
5508	PPP1CA
5509	CARNS1
5510	RPS6KB2
5511	CORO1B
5512	CABP4
5513	TMEM134
5514	AIP
5515	PITPNM1
5516	CDK2AP2
5517	GSTP1
5518	NUDT8
5519	LINC02754
5520	UNC93B1
5521	ALDH3B1
5522	NDUFS8
5523	C11orf24
5524	CPT1A
5525	MRPL21
5526	IGHMBP2
5527	SMIM38
5528	MYEOV
5529	CCND1
5530	ANO1
5531	FADD
5532	SHANK2
5533	SHANK2-AS1
5534	DHCR7
5535	AP002387.2
5536	FAM86C1
5537	DEFB131B
5538	IL18BP
5539	LRTOMT
5540	LAMTOR1
5541	ANAPC15
5542	INPPL1
5543	CLPB
5544	PDE2A
5545	ARAP1-AS2
5546	STARD10
5547	ATG16L2
5548	RELT
5549	COA4
5550	UCP2
5551	UCP3
5552	P4HA3
5553	PGM2L1
5554	XRRA1
5555	SLCO2B1
5556	ARRB1
5557	KLHL35
5558	GDPD5
5559	SERPINH1
5560	DGAT2
5561	GVQW3
5562	TSKU
5563	MYO7A
5564	GDPD4
5565	AQP11
5566	RSF1-IT2
5567	KCTD14
5568	THRSP
5569	NDUFC2
5570	KCTD21-AS1
5571	KCTD21
5572	USP35
5573	NARS2
5574	TENM4
5575	LINC02720
5576	MIR4300HG
5577	FAM181B
5578	DDIAS
5579	PCF11-AS1
5580	TMEM126A
5581	CCDC83
5582	CCDC81
5583	PRSS23
5584	FZD4
5585	FZD4-DT
5586	RAB38
5587	CTSC
5588	GRM5-AS1
5589	NOX4
5590	CHORDC1
5591	DISC1FP1
5592	FAT3
5593	DEUP1
5594	SMCO4
5595	SCARNA9
5596	TAF1D
5597	VSTM5
5598	HEPHL1
5599	PANX1
5600	GPR83
5601	ANKRD49
5602	FUT4
5603	KDM4D
5604	SRSF8
5605	JRKL
5606	CNTN5
5607	PGR
5608	TRPC6
5609	ANGPTL5
5610	CFAP300
5611	YAP1
5612	MMP3
5613	AP002989.1
5614	PDGFD
5615	LINC02552
5616	CASP4
5617	CARD18
5618	GRIA4
5619	SLC35F2
5620	RAB39A
5621	C11orf65
5622	EXPH5
5623	C11orf87
5624	LINC02550
5625	COLCA1
5626	COLCA2
5627	LAYN
5628	ALG9-IT1
5629	FDXACB1
5630	C11orf1
5631	CRYAB
5632	PIH1D2
5633	NKAPD1
5634	TIMM8B
5635	IL18
5636	TEX12
5637	BCO2
5638	PTS
5639	PLET1
5640	LINC02762
5641	LINC02763
5642	NCAM1-AS1
5643	TTC12
5644	DRD2
5645	TMPRSS5
5646	HTR3B
5647	ZBTB16
5648	NNMT
5649	C11orf71
5650	RBM7
5651	REXO2
5652	NXPE1
5653	NXPE2
5654	LINC02698
5655	LINC00900
5656	LINC02703
5657	BUD13
5658	ZPR1
5659	APOA1
5660	APOA1-AS
5661	TAGLN
5662	BACE1-AS
5663	FXYD2
5664	SCN4B
5665	SCN2B
5666	TTC36
5667	TMEM25
5668	TREH
5669	UPK2
5670	CCDC84-DT
5671	AP003392.1
5672	RPS25
5673	TRAPPC4
5674	SLC37A4
5675	HYOU1
5676	VPS11
5677	HMBS
5678	H2AFX
5679	DPAGT1
5680	C2CD2L
5681	HINFP
5682	ABCG4
5683	NLRX1
5684	MCAM
5685	RNF26
5686	USP2-AS1
5687	THY1
5688	NECTIN1
5689	NECTIN1-AS1
5690	OAF
5691	TECTA
5692	BLID
5693	UBASH3B
5694	JHY
5695	HSPA8
5696	CLMP
5697	SCN3B
5698	ZNF202
5699	VWA5A
5700	SPA17
5701	NRGN
5702	ESAM
5703	ROBO3
5704	ROBO4
5705	HEPN1
5706	CCDC15-DT
5707	CCDC15
5708	TMEM218
5709	CHEK1
5710	ACRV1
5711	PATE1
5712	PATE2
5713	AP000842.3
5714	HYLS1
5715	PUS3
5716	CDON
5717	SRPRA
5718	TIRAP
5719	DCPS
5720	GSEC
5721	ST3GAL4
5722	KIRREL3
5723	FLI1
5724	TMEM45B
5725	ZBTB44-DT
5726	ADAMTS8
5727	LINC02551
5728	NTM-AS1
5729	OPCML-IT2
5730	OPCML-IT1
5731	LINC02743
5732	IGSF9B
5733	LINC02731
5734	NCAPD3
5735	THYN1
5736	ACAD8
5737	GLB1L3
5738	GLB1L2
5739	AP004608.1
5740	IQSEC3
5741	SLC6A12
5742	SLC6A13
5743	CCDC77
5744	B4GALNT3
5745	NINJ2
5746	WNT5B
5747	FBXL14
5748	ADIPOR2
5749	LRTM2
5750	CACNA1C-AS1
5751	LINC02371
5752	FKBP4
5753	ITFG2-AS1
5754	NRIP2
5755	TEX52
5756	FOXM1
5757	RHNO1
5758	TULP3
5759	TEAD4
5760	TSPAN9
5761	PRMT8
5762	CRACR2A
5763	CCND2-AS1
5764	CCND2
5765	TIGAR
5766	RAD51AP1
5767	DYRK4
5768	AKAP3
5769	GAU1
5770	KCNA1
5771	KCNA5
5772	ANO2
5773	VWF
5774	CD9
5775	TNFRSF1A
5776	LTBR
5777	CD27
5778	TAPBPL
5779	VAMP1
5780	MRPL51
5781	GAPDH
5782	IFFO1
5783	NOP2
5784	ZNF384
5785	PIANP
5786	MLF2
5787	PTMS
5788	CD4
5789	GPR162
5790	P3H3
5791	GNB3
5792	CDCA3
5793	USP5
5794	TPI1
5795	SPSB2
5796	ENO2
5797	C12orf57
5798	PTPN6
5799	PHB2
5800	EMG1
5801	LPCAT3
5802	C1R
5803	C1RL
5804	C1RL-AS1
5805	CD163L1
5806	NANOG
5807	SLC2A14
5808	SLC2A3
5809	CLEC4A
5810	FAM90A1
5811	LINC02449
5812	A2ML1-AS1
5813	A2ML1
5814	KLRG1
5815	LINC00612
5816	A2M-AS1
5817	A2M
5818	PZP
5819	LINC00987
5820	LINC02367
5821	KLRB1
5822	CLEC2D
5823	CLEC2A
5824	LINC02470
5825	KLRD1
5826	KLRK1
5827	KLRC4
5828	KLRC3
5829	KLRC2
5830	KLRC1
5831	STYK1
5832	YBX3
5833	PRR4
5834	TAS2R13
5835	PRH2
5836	TAS2R20
5837	TAS2R19
5838	TAS2R31
5839	TAS2R30
5840	SMIM10L1
5841	PRB1
5842	PRB2
5843	LINC01252
5844	BCL2L14
5845	MANSC1
5846	LOH12CR2
5847	CDKN1B
5848	APOLD1
5849	DDX47
5850	GPRC5D-AS1
5851	HEBP1
5852	GSG1
5853	EMP1
5854	PLBD1
5855	HIST4H4
5856	H2AFJ
5857	C12orf60
5858	ART4
5859	RERG
5860	SLC15A5
5861	MGST1
5862	LMO3
5863	RERGL
5864	PIK3C2G
5865	LINC02398
5866	PDE3A
5867	SLCO1C1
5868	SLCO1A2
5869	RECQL
5870	GOLT1B
5871	SPX
5872	GYS2
5873	ABCC9
5874	SOX5-AS1
5875	LRMP
5876	CASC1
5877	ETFRF1
5878	LMNTD1
5879	RASSF8-AS1
5880	BHLHE41
5881	AC024896.1
5882	ARNTL2
5883	ARNTL2-AS1
5884	SMCO2
5885	REP15
5886	MANSC4
5887	OVCH1-AS1
5888	OVCH1
5889	TMTC1
5890	DDX11-AS1
5891	DDX11
5892	SINHCAF
5893	DENND5B-AS1
5894	ETFBKMT
5895	AC023157.3
5896	LINC02422
5897	FGD4
5898	PKP2
5899	SYT10
5900	ALG10
5901	CPNE8
5902	LINC02406
5903	ABCD2
5904	C12orf40
5905	MUC19
5906	LINC02400
5907	PRICKLE1
5908	ADAMTS20
5909	TWF1
5910	DBX2
5911	SLC38A4
5912	AMIGO2
5913	PCED1B
5914	RAPGEF3
5915	TMEM106C
5916	ASB8
5917	CCDC184
5918	ZNF641
5919	CACNB3
5920	DDX23
5921	RND1
5922	CCDC65
5923	FKBP11
5924	ARF3
5925	WNT10B
5926	DDN
5927	DDN-AS1
5928	KMT2D
5929	RHEBL1
5930	TUBA1B
5931	TUBA1A
5932	TUBA1C
5933	KCNH3
5934	MCRS1
5935	FAM186B
5936	FMNL3
5937	BCDIN3D-AS1
5938	BCDIN3D
5939	FAIM2
5940	LINC02395
5941	AQP5
5942	AQP6
5943	ASIC1
5944	GPD1
5945	COX14
5946	FAM186A
5947	TMPRSS12
5948	METTL7A
5949	HIGD1C
5950	SMAGP
5951	FIGNL2
5952	FIGNL2-DT
5953	ACVR1B
5954	GRASP
5955	NR4A1
5956	ATG101
5957	KRT8
5958	TNS2
5959	SPRYD3
5960	IGFBP6
5961	RARG
5962	MFSD5
5963	PFDN5
5964	C12orf10
5965	AAAS
5966	PRR13
5967	TARBP2
5968	NPFF
5969	ATP5MC2
5970	CISTR
5971	SMUG1
5972	COPZ1
5973	ZNF385A
5974	PDE1B
5975	PPP1R1A
5976	TESPA1
5977	ITGA7
5978	BLOC1S1
5979	RDH5
5980	CD63
5981	ORMDL2
5982	DNAJC14
5983	MMP19
5984	PYM1
5985	SUOX
5986	RPS26
5987	ERBB3
5988	RPL41
5989	ESYT1
5990	ZC3H10
5991	MYL6B
5992	MYL6
5993	RNF41
5994	NABP2
5995	COQ10A
5996	CNPY2
5997	STAT2
5998	TIMELESS
5999	SPRYD4
6000	GLS2
6001	ATP5F1B
6002	PTGES3
6003	NACA
6004	PRIM1
6005	HSD17B6
6006	RDH16
6007	ZBTB39
6008	TAC3
6009	NEMP1
6010	NAB2
6011	STAT6
6012	SHMT2
6013	NDUFA4L2
6014	STAC3
6015	ARHGAP9
6016	DDIT3
6017	MBD6
6018	ARHGEF25
6019	SLC26A10
6020	B4GALNT1
6021	AGAP2
6022	TSPAN31
6023	CDK4
6024	MARCH9
6025	METTL1
6026	EEF1AKMT3
6027	AVIL
6028	ATP23
6029	GIHCG
6030	LINC02388
6031	LRIG3
6032	RXYLT1
6033	RXYLT1-AS1
6034	C12orf66
6035	C12orf56
6036	RASSF3
6037	TBC1D30
6038	LINC02389
6039	LINC02231
6040	WIF1
6041	MSRB3
6042	LLPH
6043	LLPH-DT
6044	IRAK3
6045	HELB
6046	GRIP1
6047	DYRK2
6048	IFNG-AS1
6049	MDM1
6050	CPM
6051	YEATS4
6052	LINC02373
6053	CCT2
6054	BEST3
6055	RAB3IP
6056	MYRFL
6057	LINC02821
6058	KCNMB4
6059	PTPRB
6060	PTPRR
6061	TSPAN8
6062	LGR5
6063	TMEM19
6064	TRHDE
6065	TRHDE-AS1
6066	KCNC2
6067	GLIPR1L1
6068	GLIPR1L2
6069	GLIPR1
6070	PHLDA1
6071	BBS10
6072	CSRP2
6073	LINC02464
6074	SYT1
6075	AC027288.3
6076	PPP1R12A-AS1
6077	OTOGL
6078	PTPRQ
6079	LIN7A
6080	ACSS3
6081	PPFIA2-AS1
6082	LINC02426
6083	CCDC59
6084	TMTC2
6085	SLC6A15
6086	LRRIQ1
6087	MGAT4C
6088	C12orf29
6089	KITLG
6090	LINC02458
6091	DUSP6
6092	GALNT4
6093	POC1B-AS1
6094	ATP2B1-AS1
6095	LINC02822
6096	DCN
6097	LINC01619
6098	BTG1
6099	LINC02391
6100	LINC02397
6101	SOCS2-AS1
6102	SOCS2
6103	TMCC3
6104	NDUFA12
6105	FGD6
6106	CCDC38
6107	AMDHD1
6108	ELK3
6109	CFAP54
6110	NEDD1
6111	RMST
6112	LINC02453
6113	TMPO-AS1
6114	IKBIP
6115	DEPDC4
6116	SLC17A8
6117	GAS2L3
6118	SLC5A8
6119	MYBPC1
6120	SYCP3
6121	DRAM1
6122	PARPBP
6123	HELLPAR
6124	IGF1
6125	PAH
6126	ASCL1
6127	C12orf42
6128	STAB2
6129	NT5DC3
6130	HSP90B1
6131	TDG
6132	GLT8D2
6133	NFYB
6134	EID3
6135	C12orf45
6136	ALDH1L2
6137	C12orf75
6138	NUAK1
6139	CKAP4
6140	TCP11L2
6141	RFX4
6142	CRY1
6143	BTBD11
6144	WSCD2
6145	FICD
6146	ISCU
6147	TMEM119
6148	SELPLG
6149	SVOP
6150	ALKBH2
6151	UNG
6152	ACACB
6153	MYO1H
6154	KCTD10
6155	MMAB
6156	MVK
6157	FAM222A
6158	FAM222A-AS1
6159	TRPV4
6160	TCHP
6161	GPN3
6162	RAD9B
6163	PPTC7
6164	TCTN1
6165	HVCN1
6166	CUX2
6167	PHETA1
6168	LINC02356
6169	SH2B3
6170	MAPKAPK5-AS1
6171	ERP29
6172	RPL6
6173	RPH3A
6174	OAS1
6175	OAS3
6176	OAS2
6177	RASAL1
6178	DDX54
6179	RITA1
6180	IQCD
6181	TPCN1
6182	SLC8B1
6183	SDS
6184	SDSL
6185	LINC01234
6186	TBX5
6187	LINC02457
6188	LINC00173
6189	MAP1LC3B2
6190	C12orf49
6191	HRK
6192	TESC
6193	TESC-AS1
6194	NOS1
6195	KSR2
6196	RFC5
6197	PEBP1
6198	LINC02440
6199	SRRM4
6200	HSPB8
6201	CCDC60
6202	TMEM233
6203	BICDL1
6204	AC004812.2
6205	RPLP0
6206	PXN-AS1
6207	PXN
6208	SIRT4
6209	COX6A1
6210	TRIAP1
6211	DYNLL1
6212	NRAV
6213	POP5
6214	AC125616.1
6215	CABP1
6216	UNC119B
6217	ACADS
6218	HNF1A-AS1
6219	C12orf43
6220	P2RX4
6221	RNF34
6222	KDM2B-DT
6223	ORAI1
6224	MORN3
6225	RHOF
6226	LINC01089
6227	HPD
6228	WDR66
6229	MLXIP
6230	LRRC43
6231	DIABLO
6232	CLIP1-AS1
6233	KNTC1
6234	HCAR1
6235	CCDC62
6236	VPS37B
6237	ABCB9
6238	OGFOD2
6239	ARL6IP4
6240	CDK2AP1
6241	SBNO1-AS1
6242	RILPL2
6243	TMED2-DT
6244	EIF2B1
6245	TCTN2
6246	DNAH10
6247	DNAH10OS
6248	RFLNA
6249	SCARB1
6250	UBC
6251	DHX37
6252	LINC02826
6253	LINC02347
6254	LINC02405
6255	LINC00507
6256	FZD10-AS1
6257	RIMBP2
6258	STX2
6259	RAN
6260	ADGRD1
6261	LINC02370
6262	LINC02414
6263	PUS1
6264	DDX51
6265	NOC4L
6266	GALNT9
6267	FBRSL1
6268	POLE
6269	PXMP2
6270	PGAM5
6271	ZNF140
6272	ZNF268
6273	TPTE2
6274	LINC00350
6275	IL17D
6276	LATS2
6277	SAP18
6278	MRPL57
6279	LINC00539
6280	FGF9
6281	LINC00621
6282	SGCG
6283	SACS-AS1
6284	LINC00327
6285	TNFRSF19
6286	SPATA13
6287	RNF17
6288	CENPJ
6289	AMER2
6290	RNF6
6291	WASF3-AS1
6292	GPR12
6293	LINC02340
6294	RPL21
6295	LNX2
6296	FLT3
6297	PAN3-AS1
6298	FLT1
6299	POMP
6300	MTUS2
6301	LINC00544
6302	TEX26
6303	HSPH1
6304	B3GLCT
6305	FRY-AS1
6306	BRCA2
6307	N4BP2L2-IT2
6308	STARD13
6309	STARD13-AS
6310	RFC3
6311	LINC02343
6312	MAB21L1
6313	DCLK1
6314	CCDC169
6315	SPART
6316	SPART-AS1
6317	SERTM1
6318	SMAD9
6319	SMAD9-IT1
6320	EXOSC8
6321	POSTN
6322	TRPC4
6323	LINC02334
6324	LINC00571
6325	FREM2
6326	FREM2-AS1
6327	LINC00598
6328	SLC25A15
6329	AL354696.2
6330	KBTBD7
6331	RGCC
6332	VWA8-AS1
6333	EPSTI1
6334	CCDC122
6335	LACC1
6336	NRAD1
6337	LINC00390
6338	SMIM2-AS1
6339	LINC00407
6340	NUFIP1
6341	KCTD4
6342	TPT1
6343	SLC25A30
6344	SIAH3
6345	CPB2
6346	LCP1
6347	LRRC63
6348	RUBCNL
6349	HTR2A
6350	LINC00562
6351	SUCLA2-AS1
6352	NUDT15
6353	MED4-AS1
6354	ITM2B
6355	RB1-DT
6356	LPAR6
6357	RCBTB2
6358	CYSLTR2
6359	SETDB2
6360	EBPL
6361	SPRYD7
6362	DLEU1
6363	DLEU7
6364	RNASEH2B-AS1
6365	C13orf42
6366	SERPINE3
6367	INTS6-AS1
6368	DHRS12
6369	TMEM272
6370	ALG11
6371	NEK5
6372	NEK3
6373	THSD1
6374	CKAP2
6375	LINC00345
6376	HNRNPA1L2
6377	SUGT1
6378	CNMD
6379	PCDH8
6380	LINC00558
6381	LINC02335
6382	LINC02338
6383	DIAPH3
6384	LINC00378
6385	PCDH20
6386	PCDH9-AS1
6387	PCDH9-AS2
6388	PCDH9-AS3
6389	PCDH9-AS4
6390	KLHL1
6391	ATXN8OS
6392	DACH1
6393	MZT1
6394	BORA
6395	KLF5
6396	LINC00393
6397	LINC00402
6398	LINC00381
6399	TBC1D4
6400	COMMD6
6401	LMO7-AS1
6402	KCTD12
6403	MYCBP2-AS1
6404	SCEL
6405	EDNRB-AS1
6406	EDNRB
6407	OBI1-AS1
6408	RBM26-AS1
6409	LINC01080
6410	SPRY2
6411	MIR4500HG
6412	SLITRK5
6413	LINC00440
6414	LINC02336
6415	MIR17HG
6416	GPC5
6417	GPC5-AS2
6418	GPC5-AS1
6419	GPC6
6420	GPC6-AS2
6421	GPC6-AS1
6422	DCT
6423	TGDS
6424	LINC00391
6425	SOX21
6426	ABCC4
6427	SLC15A1
6428	DOCK9
6429	DOCK9-AS1
6430	UBAC2-AS1
6431	GPR18
6432	GPR183
6433	PCCA-DT
6434	PCCA-AS1
6435	GGACT
6436	TMTC4
6437	NALCN-AS1
6438	ITGBL1
6439	FGF14-IT1
6440	FGF14-AS1
6441	FGF14-AS2
6442	CCDC168
6443	TEX30
6444	POGLUT2
6445	LINC01309
6446	LINC00343
6447	EFNB2
6448	LINC00551
6449	FAM155A-IT1
6450	LIG4
6451	ABHD13
6452	TNFSF13B
6453	MYO16-AS1
6454	IRS2
6455	COL4A1
6456	COL4A2
6457	RAB20
6458	ING1
6459	ANKRD10
6460	ANKRD10-IT1
6461	ARHGEF7-AS2
6462	TEX29
6463	LINC00354
6464	SOX1
6465	MCF2L-AS1
6466	F10
6467	GRTP1
6468	GRTP1-AS1
6469	ADPRHL1
6470	DCUN1D2-AS
6471	GAS6-AS1
6472	GAS6
6473	C13orf46
6474	RASA3
6475	CHAMP1
6476	POTEG
6477	PARP2
6478	APEX1
6479	PIP4P1
6480	PNP
6481	RNASE1
6482	LINC00641
6483	RPGRIP1
6484	SALL2
6485	DAD1
6486	ABHD4
6487	SLC7A7
6488	MRPL52
6489	MMP14
6490	LRP10
6491	PRMT5-AS1
6492	PRMT5
6493	HAUS4
6494	C14orf93
6495	CDH24
6496	C14orf119
6497	SLC7A8
6498	RNF212B
6499	BCL2L2
6500	SLC22A17
6501	CMTM5
6502	ZFHX2-AS1
6503	AP1G2
6504	DHRS4-AS1
6505	DHRS4
6506	DHRS4L2
6507	CARMIL3
6508	CPNE6
6509	NRL
6510	PCK2
6511	PSME1
6512	EMC9
6513	PSME2
6514	IRF9
6515	REC8
6516	IPO4
6517	TM9SF1
6518	CHMP4A
6519	MDP1
6520	GMPR2
6521	TINF2
6522	RABGGTA
6523	DHRS1
6524	NOP9
6525	NYNRIN
6526	KHNYN
6527	SDR39U1
6528	LINC02306
6529	LINC02588
6530	LINC02294
6531	LINC02293
6532	MIR4307HG
6533	LINC00645
6534	LINC02300
6535	FOXG1-AS1
6536	FOXG1
6537	LINC01551
6538	LINC02282
6539	LINC02281
6540	LINC02327
6541	LINC02326
6542	G2E3-AS1
6543	COCH
6544	DTD2
6545	ARHGAP5-AS1
6546	SPTSSA
6547	CFL2
6548	NFKBIA
6549	LINC00609
6550	PTCSC3
6551	SFTA3
6552	SLC25A21
6553	SLC25A21-AS1
6554	TTC6
6555	LINC00517
6556	SSTR1
6557	CLEC14A
6558	LINC00639
6559	LINC02315
6560	LRFN5
6561	LINC02307
6562	LINC02277
6563	LINC02302
6564	C14orf28
6565	KLHL28
6566	FANCM
6567	MIS18BP1
6568	LINC00871
6569	LINC00648
6570	LRR1
6571	RPL36AL
6572	MGAT2
6573	POLE2
6574	ARF6
6575	LINC01588
6576	SAV1
6577	PYGL
6578	ABHD12B
6579	LINC00519
6580	LINC00640
6581	FRMD6-AS2
6582	NID2
6583	STYX
6584	CDKN3
6585	GMFB
6586	SAMD4A
6587	GCH1
6588	WDHD1
6589	LGALS3
6590	TBPL2
6591	LINC00520
6592	LINC02284
6593	OTX2-AS1
6594	AP5M1
6595	CCDC198
6596	SLC35F4
6597	PSMA3
6598	DACT1
6599	LINC01500
6600	GPR135
6601	CCDC175
6602	LRRC9
6603	DHRS7
6604	SIX4
6605	PRKCH
6606	KCNH5
6607	RHOJ
6608	SYNE2
6609	ESR2
6610	AKAP5
6611	HSPA2
6612	PPP1R36
6613	PLEKHG3
6614	GPX2
6615	RAB15
6616	MAX
6617	CCDC196
6618	FAM71D
6619	ATP6V1D
6620	ARG2
6621	RDH12
6622	ZFP36L1
6623	ACTN1
6624	GALNT16
6625	ERH
6626	PLEKHD1
6627	SUSD6
6628	SLC10A1
6629	SMOC1
6630	SYNJ2BP
6631	ADAM21
6632	ADAM20
6633	TTC9
6634	MAP3K9
6635	RGS6
6636	DCAF4
6637	PAPLN
6638	HEATR4
6639	RIOX1
6640	ACOT1
6641	ACOT2
6642	ACOT6
6643	PNMA1
6644	FAM161B
6645	ENTPD5
6646	BBOF1
6647	NPC2
6648	ISCA2
6649	RPS6KL1
6650	EIF2B2
6651	ZC2HC1C
6652	FOS
6653	LINC01220
6654	JDP2
6655	ERG28
6656	TGFB3
6657	ESRRB
6658	VASH1
6659	VASH1-AS1
6660	LRRC74A
6661	IRF2BPL
6662	LINC02288
6663	NGB
6664	GSTZ1
6665	SAMD15
6666	NOXRED1
6667	AHSA1
6668	ALKBH1
6669	C14orf178
6670	ADCK1
6671	NRXN3
6672	DIO2
6673	DIO2-AS1
6674	TSHR
6675	GTF2A1
6676	STON2
6677	LINC02301
6678	AL049775.1
6679	FLRT2
6680	LINC02328
6681	LINC02316
6682	LINC02296
6683	KCNK10
6684	KCNK13
6685	GPR68
6686	CCDC88C
6687	CATSPERB
6688	TC2N
6689	FBLN5
6690	SLC24A4
6691	RIN3
6692	CHGA
6693	ITPK1-AS1
6694	MOAP1
6695	TMEM251
6696	GON7
6697	PRIMA1
6698	ASB2
6699	OTUB2
6700	DDX24
6701	IFI27L1
6702	IFI27
6703	IFI27L2
6704	PPP4R4
6705	SERPINA3
6706	CLMN
6707	SYNE3
6708	SNHG10
6709	GLRX5
6710	TUNAR
6711	C14orf132
6712	GSKIP
6713	AK7
6714	PAPOLA
6715	LINC02325
6716	LINC01550
6717	BCL11B
6718	CCDC85C
6719	DEGS2
6720	WARS
6721	WDR25
6722	DLK1
6723	RTL1
6724	MEG9
6725	LINC02320
6726	HSP90AA1
6727	ANKRD9
6728	CKB
6729	TRMT61A
6730	BAG5
6731	COA8
6732	XRCC3
6733	LINC00637
6734	ATP5MPL
6735	TDRD9
6736	TMEM179
6737	ADSSL1
6738	AKT1
6739	CEP170B
6740	AHNAK2
6741	CLBA1
6742	CDCA4
6743	JAG2
6744	NUDT14
6745	BTBD6
6746	AL928654.1
6747	CRIP2
6748	TEDC1
6749	TMEM121
6750	LINC01193
6751	TUBGCP5
6752	MAGEL2
6753	NDN
6754	PWRN4
6755	PWRN1
6756	SNRPN
6757	SNURF
6758	LINC02250
6759	ATP10A
6760	LINC02346
6761	GABRA5
6762	GABRG3
6763	GABRG3-AS1
6764	OCA2
6765	GOLGA8M
6766	GOLGA6L7
6767	FAM189A1
6768	NSMCE3
6769	GOLGA8R
6770	ARHGAP11B
6771	TRPM1
6772	LINC02352
6773	CHRNA7
6774	GOLGA8O
6775	LINC02256
6776	GOLGA8N
6777	ARHGAP11A
6778	GREM1
6779	FMN1
6780	RYR3
6781	AVEN
6782	CHRM5
6783	EMC7
6784	PGBD4
6785	EMC4
6786	NOP10
6787	NUTM1
6788	LPCAT4
6789	GOLGA8A
6790	GOLGA8B
6791	ACTC1
6792	DPH6
6793	DPH6-DT
6794	LINC02853
6795	C15orf41
6796	TMCO5A
6797	LINC02345
6798	LINC01852
6799	RASGRP1
6800	LINC02694
6801	FSIP1
6802	SRP14
6803	SRP14-AS1
6804	PAK6
6805	INAFM2
6806	CCDC9B
6807	DISP2
6808	KNSTRN
6809	BAHD1
6810	CHST14
6811	CCDC32
6812	RPUSD2
6813	KNL1
6814	RAD51
6815	ZFYVE19
6816	VPS18
6817	INO80-AS1
6818	OIP5
6819	NUSAP1
6820	NDUFAF1
6821	ITPKA
6822	LTK
6823	JMJD7
6824	PLA2G4B
6825	SPTBN5
6826	EHD4
6827	EHD4-AS1
6828	CDAN1
6829	LCMT2
6830	ADAL
6831	ZSCAN29
6832	MAP1A
6833	CKMT1B
6834	STRC
6835	CATSPER2
6836	CKMT1A
6837	SERF2
6838	HYPK
6839	MFAP1
6840	WDR76
6841	FRMD5
6842	PATL2
6843	B2M
6844	TRIM69
6845	DUOX1
6846	AC051619.4
6847	SLC28A2
6848	SQOR
6849	SEMA6D
6850	SLC24A5
6851	SLC12A1
6852	CEP152
6853	EID1
6854	FAM227B
6855	FGF7
6856	ATP8B4
6857	SLC27A2
6858	GABPB1-AS1
6859	USP50
6860	MIR4713HG
6861	TNFAIP8L3
6862	GLDN
6863	SCG3
6864	CERNA1
6865	MYO5C
6866	ONECUT1
6867	UNC13C
6868	RSL24D1
6869	RAB27A
6870	PIGBOS1
6871	PIGB
6872	C15orf65
6873	DNAAF4
6874	TEX9
6875	MNS1
6876	LINC00926
6877	CGNL1
6878	GCOM1
6879	POLR2M
6880	ALDH1A2
6881	MYO1E
6882	FAM81A
6883	ANXA2
6884	RORA-AS1
6885	TLN2
6886	RPS27L
6887	CA12
6888	LINC02568
6889	USP3-AS1
6890	FBXL22
6891	DAPK2
6892	SNX22
6893	PPIB
6894	PCLAF
6895	RBPMS2
6896	PIF1
6897	PLEKHO2
6898	ANKDD1A
6899	PDCD7
6900	CLPX
6901	CILP
6902	IGDCC3
6903	IGDCC4
6904	SLC24A1
6905	RAB11A
6906	DIS3L
6907	SNAPC5
6908	RPL4
6909	ZWILCH
6910	LCTL
6911	AC012568.1
6912	IQCH
6913	C15orf61
6914	SKOR1
6915	CALML4
6916	ITGA11
6917	CORO2B
6918	NOX5
6919	RPLP1
6920	DRAIC
6921	TLE3
6922	UACA
6923	LARP6
6924	THAP10
6925	THSD4
6926	THSD4-AS1
6927	SENP8
6928	GRAMD2A
6929	CELF6
6930	TMEM202-AS1
6931	LINC02259
6932	REC114
6933	NPTN-IT1
6934	INSYN1
6935	LOXL1
6936	STOML1
6937	SEMA7A
6938	UBL7
6939	UBL7-AS1
6940	ARID3B
6941	CLK3
6942	CSK
6943	CPLX3
6944	ULK3
6945	MPI
6946	COX5A
6947	C15orf39
6948	COMMD4
6949	SNUPN
6950	IMP3
6951	SNX33
6952	DNM1P35
6953	NRG4
6954	TMEM266
6955	PSTPIP1
6956	LINGO1-AS1
6957	CIB2
6958	IDH3A
6959	ACSBG1
6960	DNAJA4
6961	HYKK
6962	CHRNA5
6963	ADAMTS7
6964	CTSH
6965	RASGRF1
6966	ANKRD34C-AS1
6967	MINAR1
6968	MTHFS
6969	ST20-AS1
6970	FAH
6971	LINC00927
6972	ABHD17C
6973	CEMIP
6974	TLNRD1
6975	CFAP161
6976	IL16
6977	STARD5
6978	TMC3-AS1
6979	AC104041.1
6980	MEX3B
6981	EFL1
6982	SAXO2
6983	GOLGA6L10
6984	GOLGA6L9
6985	RPS17
6986	CPEB1-AS1
6987	SNHG21
6988	FSD2
6989	HOMER2
6990	RAMAC
6991	TM6SF1
6992	SH3GL3
6993	ADAMTSL3
6994	UBE2Q2L
6995	GOLGA6L4
6996	AC048382.5
6997	ZSCAN2
6998	WDR73
6999	NMB
7000	ALPK3
7001	KLHL25
7002	AGBL1
7003	NTRK3-AS1
7004	MRPL46
7005	LINC01586
7006	AEN
7007	ISG20
7008	ACAN
7009	MFGE8
7010	RLBP1
7011	FANCI
7012	RHCG
7013	LINC00928
7014	TICRR
7015	KIF7
7016	PLIN1
7017	PEX11A
7018	WDR93
7019	MESP1
7020	ARPIN
7021	ZNF710-AS1
7022	IDH2-DT
7023	SEMA4B
7024	CIB1
7025	GDPGP1
7026	TTLL13P
7027	ZNF774
7028	IQGAP1
7029	CRTC3-AS1
7030	FES
7031	HDDC3
7032	RCCD1
7033	PRC1
7034	PRC1-AS1
7035	VPS33B
7036	VPS33B-DT
7037	SV2B
7038	FAM174B
7039	RGMA
7040	LINC01579
7041	LINC02207
7042	LINC01580
7043	MCTP2
7044	LINC01197
7045	LINC00924
7046	NR2F2-AS1
7047	NR2F2
7048	LINC02253
7049	LINC02254
7050	LINC00923
7051	ARRDC4
7052	LINC02251
7053	FAM169B
7054	SYNM
7055	TTC23
7056	AC036108.3
7057	LYSMD4
7058	SPATA41
7059	CERS3-AS1
7060	CERS3
7061	CHSY1
7062	SELENOS
7063	SNRPA1
7064	PCSK6
7065	WASIR2
7066	POLR3K
7067	SNRNP25
7068	RHBDF1
7069	MPG
7070	RGS11
7071	ARHGDIG
7072	PDIA2
7073	AXIN1
7074	MRPL28
7075	TMEM8A
7076	NME4
7077	DECR2
7078	LINC00235
7079	CAPN15
7080	PIGQ
7081	WFIKKN1
7082	METTL26
7083	MCRIP2
7084	WDR90
7085	RHOT2
7086	RHBDL1
7087	STUB1
7088	JMJD8
7089	WDR24
7090	FBXL16
7091	METRN
7092	ANTKMT
7093	CCDC78
7094	HAGHL
7095	CIAO3
7096	RPUSD1
7097	CHTF18
7098	LMF1-AS1
7099	SOX8
7100	BAIAP3
7101	TSR3
7102	C16orf91
7103	CCDC154
7104	TELO2
7105	TMEM204
7106	JPT2
7107	NME3
7108	MRPS34
7109	EME2
7110	SPSB3
7111	NUBP2
7112	FAHD1
7113	MEIOB
7114	MSRB1
7115	NDUFB10
7116	RPS2
7117	SNHG9
7118	TBL3
7119	GFER
7120	SYNGR3
7121	ZNF598
7122	NPW
7123	SLC9A3R2
7124	NTHL1
7125	RAB26
7126	SNHG19
7127	TRAF7
7128	MLST8
7129	BRICD5
7130	PGP
7131	E4F1
7132	DNASE1L2
7133	CCNF
7134	ATP6V0C
7135	AMDHD2
7136	PRSS27
7137	SRRM2-AS1
7138	ELOB
7139	PAQR4
7140	TNFRSF12A
7141	HCFC1R1
7142	THOC6
7143	MMP25-AS1
7144	ZNF205
7145	ZNF213
7146	ZNF200
7147	ZNF263
7148	ZSCAN32
7149	ZNF174
7150	ZNF597
7151	NLRC3
7152	SLX4
7153	LINC01569
7154	TFAP4
7155	GLIS2
7156	GLIS2-AS1
7157	CORO7
7158	VASN
7159	C16orf96
7160	UBALD1
7161	NUDT16L1
7162	C16orf71
7163	ROGDI
7164	PPL
7165	SEC14L5
7166	NAGPA
7167	ALG1
7168	C16orf89
7169	EEF2KMT
7170	RBFOX1
7171	TMEM186
7172	LINC02177
7173	GRIN2A
7174	LINC01290
7175	EMP2
7176	TEKT5
7177	NUBP1
7178	CIITA
7179	DEXI
7180	RMI2
7181	SOCS1
7182	SNN
7183	NPIPB2
7184	CPPED1
7185	SHISA9
7186	MIR193BHG
7187	NPIPA2
7188	NOMO1
7189	NPIPA1
7190	PDXDC1
7191	NPIPA5
7192	NDE1
7193	MYH11
7194	FOPNL
7195	ABCC6
7196	NOMO3
7197	NPIPA7
7198	XYLT1
7199	NPIPA8
7200	NOMO2
7201	RPS15A
7202	ARL6IP1
7203	TMC7
7204	COQ7
7205	ITPRIPL2
7206	TMC5
7207	GDE1
7208	KNOP1
7209	ACSM5
7210	ACSM3
7211	THUMPD1
7212	ERI2
7213	REXO5
7214	LYRM1
7215	DNAH3
7216	TMEM159
7217	CRYM
7218	NPIPB3
7219	IGSF6
7220	OTOA
7221	NPIPB4
7222	PDZD9
7223	VWA3A
7224	SDR42E2
7225	EEF2K
7226	NPIPB5
7227	HS3ST2
7228	SCNN1B
7229	NDUFAB1
7230	PALB2
7231	PLK1
7232	CACNG3
7233	LINC01567
7234	SLC5A11
7235	LINC02175
7236	LCMT1-AS1
7237	LCMT1-AS2
7238	ZKSCAN2
7239	ZKSCAN2-DT
7240	HS3ST4
7241	KDM8
7242	NSMCE1-DT
7243	IL4R
7244	SBK1
7245	NPIPB6
7246	NPIPB7
7247	NUPR1
7248	SGF29
7249	SULT1A2
7250	EIF3C
7251	TUFM
7252	ATP2A1
7253	RABEP2
7254	LAT
7255	NPIPB11
7256	BOLA2
7257	NPIPB12
7258	SPN
7259	QPRT
7260	KIF22
7261	MAZ
7262	PRRT2
7263	PAGR1
7264	MVP
7265	CDIPT
7266	SEZ6L2
7267	ASPHD1
7268	TMEM219
7269	HIRIP3
7270	INO80E
7271	DOC2A
7272	TLCD3B
7273	ALDOA
7274	TBX6
7275	YPEL3
7276	GDPD3
7277	MAPK3
7278	CORO1A
7279	BOLA2B
7280	SULT1A3
7281	NPIPB13
7282	CD2BP2
7283	MYLPF
7284	ZNF48
7285	SEPTIN1
7286	DCTPP1
7287	SEPHS2
7288	ITGAL
7289	ZNF768
7290	ZNF747
7291	ZNF764
7292	ZNF688
7293	ZNF689
7294	PRR14
7295	TMEM265
7296	PHKG2
7297	CCDC189
7298	RNF40
7299	ZNF629
7300	MIR762HG
7301	CTF1
7302	FBXL19-AS1
7303	ORAI3
7304	SETD1A
7305	HSD3B7
7306	STX4
7307	ZNF668
7308	ZNF646
7309	PRSS53
7310	VKORC1
7311	BCKDK
7312	PYCARD
7313	TRIM72
7314	COX6A2
7315	ZNF843
7316	ARMC5
7317	TGFB1I1
7318	SLC5A2
7319	ZNF267
7320	SHCBP1
7321	ORC6
7322	MYLK3
7323	ITFG1-AS1
7324	LINC02133
7325	ABCC11
7326	HEATR3
7327	ADCY7
7328	NKD1
7329	NOD2
7330	SALL1
7331	HNRNPA1P48
7332	TOX3
7333	MMP2
7334	LPCAT2
7335	OGFOD1
7336	MT3
7337	MT2A
7338	MT1E
7339	MT1M
7340	MT1F
7341	MT1G
7342	MT1X
7343	HERPUD1
7344	NLRC5
7345	ARL2BP
7346	PLLP
7347	CX3CL1
7348	POLR2C
7349	DOK4
7350	CCDC102A
7351	KATNB1
7352	KIFC3
7353	CNGB1
7354	ZNF319
7355	USB1
7356	MMP15
7357	CFAP20
7358	CCDC113
7359	GINS3
7360	SETD6
7361	SLC38A7
7362	LINC02141
7363	CDH8
7364	LINC00922
7365	BEAN1
7366	BEAN1-AS1
7367	TK2
7368	CMTM2
7369	CMTM3
7370	TERB1
7371	CA7
7372	CIAO2B
7373	CES2
7374	CES3
7375	CES4A
7376	B3GNT9
7377	TRADD
7378	FBXL8
7379	HSF4
7380	NOL3
7381	KIAA0895L
7382	EXOC3L1
7383	ELMO3
7384	LRRC29
7385	TMEM208
7386	FHOD1
7387	SLC9A5
7388	KCTD19
7389	LRRC36
7390	TPPP3
7391	ZDHHC1
7392	HSD11B2
7393	CARMIL2
7394	ACD
7395	PARD6A
7396	ENKD1
7397	C16orf86
7398	GFOD2
7399	TSNAXIP1
7400	CENPT
7401	THAP11
7402	EDC4
7403	NRN1L
7404	PSKH1
7405	CTRL
7406	PSMB10
7407	LCAT
7408	SLC12A4
7409	DUS2
7410	DDX28
7411	PLA2G15
7412	SLC7A6OS
7413	SMPD3
7414	CDH3
7415	CDH1
7416	HAS3
7417	NIP7
7418	TMED6
7419	NQO1
7420	NOB1
7421	CLEC18A
7422	PDPR
7423	ST3GAL2
7424	FCSK
7425	IL34
7426	VAC14-AS1
7427	HYDIN
7428	CMTR2
7429	CALB2
7430	ZNF23
7431	ZNF19
7432	MARVELD3
7433	ATXN1L
7434	PKD1L3
7435	DHODH
7436	TXNL4B
7437	HPR
7438	PMFBP1
7439	LINC01572
7440	LINC01568
7441	PSMD7
7442	NPIPB15
7443	CLEC18B
7444	RFWD3
7445	MLKL
7446	LDHD
7447	BCAR1
7448	CHST6
7449	CHST5
7450	GABARAPL2
7451	ADAT1
7452	KARS
7453	DUXB
7454	CPHXL
7455	CNTNAP4
7456	MON1B
7457	SYCE1L
7458	ADAMTS18
7459	NUDT7
7460	WWOX-AS1
7461	MAF
7462	LINC01229
7463	DYNLRB2
7464	ARLNC1
7465	CENPN
7466	C16orf46
7467	GCSH
7468	BCO1
7469	PLCG2
7470	HSBP1
7471	OSGIN1
7472	NECAB2
7473	AC040169.1
7474	DNAAF1
7475	KCNG4
7476	WFDC1
7477	ATP2C2
7478	ATP2C2-AS1
7479	CRISPLD2
7480	GINS2
7481	C16orf74
7482	EMC8
7483	COX4I1
7484	C16orf95
7485	FBXO31
7486	MAP1LC3B
7487	KLHDC4
7488	CA5A
7489	BANP
7490	ZNF469
7491	ZFPM1
7492	CYBA
7493	MVD
7494	SNAI3-AS1
7495	SNAI3
7496	RNF166
7497	CTU2
7498	APRT
7499	TRAPPC2L
7500	CBFA2T3
7501	RPL13
7502	CPNE7
7503	SPATA33
7504	SPATA2L
7505	VPS9D1-AS1
7506	FANCA
7507	MC1R
7508	TUBB3
7509	DEF8
7510	CENPBD1
7511	DBNDD1
7512	GAS8
7513	FAM157C
7514	LINC02193
7515	DOC2B
7516	RPH3AL
7517	C17orf97
7518	RFLNB
7519	TLCD3A
7520	GEMIN4
7521	GLOD4
7522	MRM3
7523	NXN
7524	TIMM22
7525	MYO1C
7526	PITPNA-AS1
7527	SCARF1
7528	RILP
7529	TLCD2
7530	MIR22HG
7531	WDR81
7532	SERPINF2
7533	SERPINF1
7534	RTN4RL1
7535	DPH1
7536	HIC1
7537	SRR
7538	TSR1
7539	MNT
7540	RAP1GAP2
7541	OR3A2
7542	SPATA22
7543	ASPA
7544	TRPV3
7545	SHPK
7546	CTNS
7547	TAX1BP3
7548	EMC6
7549	P2RX5
7550	CAMKK1
7551	CYB5D2
7552	SPNS2
7553	MYBBP1A
7554	PELP1
7555	ARRB2
7556	MED11
7557	CXCL16
7558	ZMYND15
7559	PSMB6
7560	PLD2
7561	CHRNE
7562	GP1BA
7563	SLC25A11
7564	RNF167
7565	PFN1
7566	ENO3
7567	INCA1
7568	KIF1C
7569	SLC52A1
7570	ZFP3
7571	ZNF232
7572	USP6
7573	SCIMP
7574	C1QBP
7575	MIS12
7576	NLRP1
7577	PITPNM3
7578	KIAA0753
7579	TXNDC17
7580	MED31
7581	C17orf100
7582	SLC13A5
7583	XAF1
7584	TEKT1
7585	ALOX12
7586	RNASEK
7587	C17orf49
7588	MIR497HG
7589	SLC16A13
7590	SLC16A11
7591	ASGR1
7592	DLG4
7593	ACADVL
7594	PHF23
7595	GABARAP
7596	ELP5
7597	EIF5A
7598	GPS2
7599	NEURL4
7600	ACAP1
7601	KCTD11
7602	PLSCR3
7603	TMEM256
7604	FGF11
7605	CHRNB1
7606	TNFSF12
7607	TNFSF13
7608	AC016876.1
7609	SOX15
7610	SHBG
7611	SAT2
7612	ATP1B2
7613	TP53
7614	WRAP53
7615	EFNB3
7616	DNAH2
7617	KDM6B
7618	CYB5D1
7619	CHD3
7620	RNF227
7621	KCNAB3
7622	TRAPPC1
7623	HES7
7624	PER1
7625	TMEM107
7626	BORCS6
7627	PFAS
7628	SLC25A35
7629	RANGRF
7630	RPL26
7631	PIK3R5
7632	CFAP52
7633	GSG1L2
7634	GLP2R
7635	GAS7
7636	MYH3
7637	ADPRM
7638	TMEM220
7639	TMEM220-AS1
7640	PIRT
7641	DNAH9
7642	MYOCD
7643	HS3ST3A1
7644	COX10-AS1
7645	HS3ST3B1
7646	PMP22
7647	TEKT3
7648	CDRT1
7649	ZNF286A
7650	LINC02087
7651	ADORA2B
7652	PIGL
7653	UBB
7654	LRRC75A
7655	ZNF287
7656	ZNF624
7657	CCDC144A
7658	FAM106C
7659	MPRIP-AS1
7660	PLD6
7661	FLCN
7662	COPS3
7663	NT5M
7664	RASD1
7665	PEMT
7666	RAI1-AS1
7667	SMCR5
7668	SREBF1
7669	DRC3
7670	GID4
7671	DRG2
7672	MYO15A
7673	LLGL1
7674	FLII
7675	MIEF2
7676	SMCR8
7677	SHMT1
7678	LINC02076
7679	FAM106A
7680	FOXO3B
7681	TRIM16L
7682	FBXW10
7683	EPN2-AS1
7684	B9D1
7685	MAPK7
7686	RNF112
7687	LINC02094
7688	SLC47A1
7689	ALDH3A2
7690	SLC47A2
7691	SPECC1
7692	CCDC144NL
7693	CCDC144NL-AS1
7694	TMEM11
7695	NATD1
7696	MAP2K3
7697	LINC02693
7698	LGALS9
7699	NOS2
7700	LYRM9
7701	TMEM97
7702	TNFAIP1
7703	TMEM199
7704	VTN
7705	SLC46A1
7706	UNC119
7707	ALDOC
7708	SPAG5
7709	SPAG5-AS1
7710	RSKR
7711	SDF2
7712	PROCA1
7713	RAB34
7714	RPL23A
7715	TLCD1
7716	NEK8
7717	TRAF4
7718	ERAL1
7719	DHRS13
7720	PIPOX
7721	SEZ6
7722	CRYBA1
7723	ABHD15
7724	ABHD15-AS1
7725	TP53I13
7726	ANKRD13B
7727	CORO6
7728	EFCAB5
7729	SLC6A4
7730	CRLF3
7731	ATAD5
7732	ADAP2
7733	RNF135
7734	OMG
7735	EVI2B
7736	EVI2A
7737	COPRS
7738	CDK5R1
7739	MYO1D
7740	TMEM98
7741	TMEM132E
7742	CCT6B
7743	ZNF830
7744	NLE1
7745	SLFN5
7746	PEX12
7747	RASL10B
7748	MMP28
7749	ZNHIT3
7750	PIGW
7751	DHRS11
7752	MRM1
7753	C17orf78
7754	DUSP14
7755	TBC1D3L
7756	SRCIN1
7757	EPOP
7758	CISD3
7759	PSMB3
7760	PIP4K2B
7761	CWC25
7762	RPL23
7763	LINC00672
7764	PLXDC1
7765	CACNB1
7766	RPL19
7767	STAC2
7768	NEUROD2
7769	PPP1R1B
7770	STARD3
7771	TCAP
7772	PGAP3
7773	ERBB2
7774	MIEN1
7775	IKZF3
7776	ORMDL3
7777	NR1D1
7778	RAPGEFL1
7779	CDC6
7780	RARA
7781	RARA-AS1
7782	IGFBP4
7783	KRT222
7784	KRT10
7785	TMEM99
7786	EIF1
7787	HAP1
7788	JUP
7789	FKBP10
7790	KLHL10
7791	KLHL11
7792	TTC25
7793	CNP
7794	NKIRAS2
7795	ZNF385C
7796	C17orf113
7797	DHX58
7798	KCNH4
7799	HCRT
7800	GHDC
7801	STAT5A
7802	STAT3
7803	NAGLU
7804	HSD17B1
7805	COASY
7806	MLX
7807	PSMC3IP
7808	TUBG1
7809	PLEKHH3
7810	CCR10
7811	CNTNAP1
7812	RAMP2-AS1
7813	RAMP2
7814	VPS25
7815	WNK4
7816	COA3
7817	CNTD1
7818	PSME3
7819	AOC2
7820	PTGES3L
7821	RPL27
7822	IFI35
7823	VAT1
7824	RND2
7825	BRCA1
7826	TMEM106A
7827	CCDC200
7828	LINC00910
7829	ARL4D
7830	ETV4
7831	MEOX1
7832	DUSP3
7833	MPP3
7834	PYY
7835	TMEM101
7836	G6PC3
7837	ASB16
7838	ASB16-AS1
7839	ATXN7L3
7840	RUNDC3A-AS1
7841	SLC25A39
7842	FAM171A2
7843	ITGA2B
7844	MEIOC
7845	CCDC43
7846	DBF4B
7847	ADAM11
7848	GJC1
7849	HIGD1B
7850	GFAP
7851	KIF18B
7852	C1QL1
7853	DCAKD
7854	PLCD3
7855	ACBD4
7856	HEXIM1
7857	HEXIM2
7858	FMNL1
7859	MAP3K14-AS1
7860	MAP3K14
7861	ARHGAP27
7862	CRHR1
7863	MAPT-AS1
7864	MAPT-IT1
7865	STH
7866	KANSL1-AS1
7867	ARL17B
7868	LRRC37A
7869	LRRC37A2
7870	ARL17A
7871	FAM215B
7872	WNT3
7873	RPRML
7874	ITGB3
7875	EFCAB13
7876	OSBPL7
7877	MRPL10
7878	SCRN2
7879	SP2-AS1
7880	PNPO
7881	SNX11
7882	SKAP1
7883	TTLL6
7884	ATP5MC1
7885	PHB
7886	NGFR
7887	NXPH3
7888	SLC35B1
7889	FAM117A
7890	TAC4
7891	ITGA3
7892	PDK2
7893	SAMD14
7894	PPP1R9B
7895	SGCA
7896	XYLT2
7897	MRPL27
7898	LRRC59
7899	ACSF2
7900	CHAD
7901	MYCBPAP
7902	SPATA20
7903	CACNA1G
7904	ABCC3
7905	TOB1-AS1
7906	NME1
7907	NME2
7908	LINC02073
7909	LINC01982
7910	TOM1L1
7911	MMD
7912	TMEM100
7913	ANKFN1
7914	C17orf67
7915	COIL
7916	EPX
7917	MKS1
7918	MPO
7919	TSPOAP1-AS1
7920	SUPT4H1
7921	RNF43
7922	HSF5
7923	SEPTIN4-AS1
7924	SEPTIN4
7925	TEX14
7926	PRR11
7927	SMG8
7928	YPEL2
7929	LINC01476
7930	DHX40
7931	PTRH2
7932	RNFT1-DT
7933	AC025048.4
7934	CA4
7935	AC005884.1
7936	BRIP1
7937	EFCAB3
7938	MRC2
7939	MARCH10
7940	MARCH10-DT
7941	CYB561
7942	ACE
7943	TACO1
7944	LIMD2
7945	FTSJ3
7946	PSMC5
7947	ERN1
7948	SNHG25
7949	PECAM1
7950	MILR1
7951	RGS9
7952	AXIN2
7953	PRKCA-AS1
7954	CACNG5
7955	CACNG4
7956	CACNG1
7957	PSMD12
7958	PITPNC1
7959	C17orf58
7960	KPNA2
7961	ARSG
7962	SLC16A6
7963	WIPI1
7964	FAM20A
7965	LINC01482
7966	ABCA8
7967	ABCA9-AS1
7968	ABCA9
7969	ABCA6
7970	MAP2K6
7971	LINC01483
7972	LINC01497
7973	KCNJ16
7974	KCNJ2-AS1
7975	KCNJ2
7976	CASC17
7977	ROCR
7978	LINC01152
7979	SOX9-AS1
7980	LINC02097
7981	SOX9
7982	LINC02003
7983	SLC39A11
7984	SSTR2
7985	COG1
7986	FAM104A
7987	CDC42EP4
7988	SDK2
7989	RPL38
7990	TTYH2
7991	KIF19
7992	BTBD17
7993	GPRC5C
7994	RAB37
7995	SLC9A3R1
7996	NAT9
7997	GRIN2C
7998	FDXR
7999	FADS6
8000	HID1
8001	CDR2L
8002	MRPL58
8003	ATP5PD
8004	ARMC7
8005	NT5C
8006	JPT1
8007	NUP85
8008	MRPS7
8009	MIF4GD
8010	AC022211.2
8011	SLC25A19
8012	CASKIN2
8013	LLGL2
8014	SMIM5
8015	ITGB4
8016	GALK1
8017	H3F3B
8018	UNC13D
8019	TRIM47
8020	FBF1
8021	TEN1
8022	CDK3
8023	SRP68
8024	RNF157-AS1
8025	UBALD2
8026	QRICH2
8027	SPHK1
8028	RHBDF2
8029	CYGB
8030	PRCD
8031	SNHG16
8032	ST6GALNAC2
8033	JMJD6
8034	SRSF2
8035	LINC02080
8036	MGAT5B
8037	SNHG20
8038	SEPTIN9
8039	SYNGR2
8040	AFMID
8041	TMEM235
8042	LINC01993
8043	SOCS3
8044	DNAH17
8045	LGALS3BP
8046	CANT1
8047	ENGASE
8048	RBFOX3
8049	CBX8
8050	CBX4
8051	TBC1D16
8052	CCDC40
8053	GAA
8054	EIF4A3
8055	CARD14
8056	SGSH
8057	RNF213-AS1
8058	NPTX1
8059	CHMP6
8060	BAIAP2-DT
8061	BAIAP2
8062	PVALEF
8063	CEP131
8064	TEPSIN
8065	NDUFAF8
8066	ACTG1
8067	FAAP100
8068	TSPAN10
8069	OXLD1
8070	CCDC137
8071	ARL16
8072	MRPL12
8073	SLC25A10
8074	MCRIP1
8075	ARHGDIA
8076	AC145207.5
8077	ALYREF
8078	ANAPC11
8079	PCYT2
8080	SIRT7
8081	MAFG-DT
8082	PYCR1
8083	CENPX
8084	LRRC45
8085	RAC3
8086	DCXR
8087	DCXR-DT
8088	RFNG
8089	GPS1
8090	DUS1L
8091	FASN
8092	SLC16A3
8093	LINC01970
8094	OGFOD3
8095	HEXD
8096	HEXD-IT1
8097	CYBC1
8098	RAB40B
8099	FN3KRP
8100	FN3K
8101	ZNF750
8102	B3GNTL1
8103	METRNL
8104	COLEC12
8105	CLUL1
8106	TYMSOS
8107	TYMS
8108	ENOSF1
8109	EMILIN2
8110	MYL12A
8111	MYL12B
8112	TGIF1
8113	DLGAP1-AS1
8114	DLGAP1-AS2
8115	DLGAP1-AS3
8116	DLGAP1-AS4
8117	DLGAP1-AS5
8118	LINC00526
8119	ZBTB14
8120	AP005671.1
8121	MIR3976HG
8122	TMEM200C
8123	L3MBTL4-AS1
8124	ARHGAP28
8125	LAMA1
8126	NDUFV2-AS1
8127	APCDD1
8128	NAPG
8129	PIEZO2
8130	CHMP1B
8131	MPPE1
8132	IMPA2
8133	ANKRD62
8134	TUBB6
8135	PRELID3A
8136	CEP76
8137	LDLRAD4
8138	ANKRD30B
8139	GREB1L
8140	ABHD3
8141	MIR133A1HG
8142	AC090912.1
8143	RBBP8
8144	CABLES1
8145	TMEM241
8146	RMC1
8147	ANKRD29
8148	LAMA3
8149	CABYR
8150	HRH4
8151	ZNF521
8152	AQP4-AS1
8153	AQP4
8154	CHST9
8155	DSC2
8156	DSCAS
8157	DSC1
8158	RNF125
8159	MEP1B
8160	KLHL14
8161	CCDC178
8162	ASXL3
8163	ZNF396
8164	INO80C
8165	C18orf21
8166	MOCOS
8167	CELF4
8168	MIR924HG
8169	LINC01902
8170	LINC00907
8171	RIT2
8172	SYT4
8173	LINC01478
8174	SLC14A2
8175	SLC14A2-AS1
8176	SLC14A1
8177	PSTPIP2
8178	HAUS1
8179	LOXHD1
8180	KATNAL2
8181	MIR4527HG
8182	ZBTB7C
8183	SMAD7
8184	C18orf32
8185	RPL17
8186	LIPG
8187	ACAA2
8188	MYO5B
8189	CFAP53
8190	CXXC1
8191	MAPK4
8192	MRO
8193	ELAC1
8194	LINC01630
8195	LINC01917
8196	STARD6
8197	C18orf54
8198	RAB27B
8199	CCDC68
8200	TCF4-AS1
8201	TCF4-AS2
8202	LINC01415
8203	LINC01416
8204	LINC01905
8205	ST8SIA3
8206	ONECUT2
8207	ATP8B1
8208	NEDD4L
8209	SEC11C
8210	CCBE1
8211	CDH20
8212	RNF152
8213	TNFRSF11A
8214	SERPINB8
8215	LINC01924
8216	CDH7
8217	CDH19
8218	CCDC102B
8219	CD226
8220	LINC01909
8221	GTSCR1
8222	CBLN2
8223	FBXO15
8224	TIMM21
8225	CYB5A
8226	DIPK1C
8227	CNDP1
8228	LINC00909
8229	LINC01893
8230	LINC00683
8231	GALR1
8232	LINC01896
8233	SALL3
8234	NFATC1
8235	CTDP1
8236	KCNG2
8237	HSBP1L1
8238	RBFA
8239	RBFADN
8240	PARD6G-AS1
8241	PARD6G
8242	LINC01002
8243	PLPP2
8244	C2CD4C
8245	MADCAM1
8246	TPGS1
8247	CDC34
8248	BSG
8249	HCN2
8250	POLRMT
8251	FGF22
8252	RNF126
8253	FSTL3
8254	PLPPR3
8255	MED16
8256	R3HDM4
8257	ARID3A
8258	WDR18
8259	TMEM259
8260	ABCA7
8261	POLR2E
8262	GPX4
8263	SBNO2
8264	CBARP
8265	ATP5F1D
8266	MIDN
8267	CIRBP
8268	FAM174C
8269	EFNA2
8270	NDUFS7
8271	GAMT
8272	RPS15
8273	APC2
8274	C19orf25
8275	PCSK4
8276	REEP6
8277	PLK5
8278	MEX3D
8279	MBD3
8280	UQCR11
8281	KLF16
8282	ABHD17A
8283	MKNK2
8284	IZUMO4
8285	DOT1L
8286	PLEKHJ1
8287	SF3A2
8288	AMH
8289	JSRP1
8290	OAZ1
8291	PEAK3
8292	LINGO3
8293	LSM7
8294	TMPRSS9
8295	TIMM13
8296	LMNB2
8297	GADD45B
8298	DIRAS1
8299	SLC39A3
8300	ZNF554
8301	ZNF556
8302	ZNF57
8303	ZNF77
8304	TLE6
8305	TLE2
8306	DOHH
8307	MFSD12
8308	C19orf71
8309	HMG20B
8310	CACTIN
8311	TJP3
8312	APBA3
8313	MRPL54
8314	MATK
8315	PIAS4
8316	SIRT6
8317	ANKRD24
8318	YJU2
8319	SHD
8320	STAP2
8321	MPND
8322	CHAF1A
8323	UBXN6
8324	PLIN4
8325	PLIN5
8326	TNFAIP8L1
8327	MYDGF
8328	DPP9-AS1
8329	MIR7-3HG
8330	FEM1A
8331	TICAM1
8332	PLIN3
8333	UHRF1
8334	TINCR
8335	RPL36
8336	MICOS13
8337	HSD11B1L
8338	CATSPERD
8339	PRR22
8340	DUS3L
8341	FUT6
8342	NDUFA11
8343	VMAC
8344	CAPS
8345	RFX2
8346	ACSBG2
8347	ACER1
8348	CLPP
8349	ALKBH7
8350	PSPN
8351	GTF2F1
8352	SLC25A41
8353	TUBB4A
8354	C3
8355	GPR108
8356	TRIP10
8357	SH2D3A
8358	VAV1
8359	ZNF557
8360	PEX11G
8361	TEX45
8362	ZNF358
8363	MCOLN1
8364	CAMSAP3
8365	XAB2
8366	PET100
8367	TRAPPC5
8368	PRR36
8369	MAP2K7
8370	TGFBR3L
8371	SNAPC2
8372	CTXN1
8373	TIMM44
8374	FBN3
8375	CD320
8376	NDUFA7
8377	RPS28
8378	KANK3
8379	ANGPTL4
8380	RAB11B-AS1
8381	RAB11B
8382	MARCH2
8383	PRAM1
8384	ZNF414
8385	MYO1F
8386	ZNF317
8387	ZNF699
8388	ZNF426
8389	ZNF561
8390	ZNF561-AS1
8391	UBL5
8392	PIN1
8393	COL5A3
8394	SHFL
8395	PPAN
8396	P2RY11
8397	EIF3G
8398	S1PR2
8399	MRPL4
8400	AC011511.2
8401	ICAM5
8402	ZGLP1
8403	FDX2
8404	CDC37
8405	PDE4A
8406	KEAP1
8407	CDKN2D
8408	ILF3-DT
8409	QTRT1
8410	TMED1
8411	C19orf38
8412	TIMM29
8413	LDLR
8414	KANK2
8415	DOCK6
8416	RAB3D
8417	TMEM205
8418	CCDC159
8419	SWSAP1
8420	EPOR
8421	RGL3
8422	CCDC151
8423	PRKCSH
8424	ZNF653
8425	ELOF1
8426	ZNF823
8427	ZNF441
8428	ZNF491
8429	ZNF440
8430	ZNF763
8431	ZNF433-AS1
8432	ZNF433
8433	ZNF878
8434	ZNF20
8435	ZNF625
8436	ZNF563
8437	ZNF442
8438	ZNF799
8439	ZNF443
8440	MAN2B1
8441	WDR83
8442	WDR83OS
8443	DHPS
8444	FBXW9
8445	TRIR
8446	GET3
8447	JUNB
8448	PRDX2
8449	THSD8
8450	DNASE2
8451	SYCE2
8452	CALR
8453	GADD45GIP1
8454	TRMT1
8455	STX10
8456	IER2
8457	MRI1
8458	C19orf53
8459	ZSWIM4
8460	AC020916.1
8461	NANOS3
8462	C19orf57
8463	CC2D1A
8464	PODNL1
8465	DCAF15
8466	IL27RA
8467	MISP3
8468	SAMD1
8469	LINC01841
8470	ADGRE5
8471	DDX39A
8472	GIPC1
8473	DNAJB1
8474	TECR
8475	NDUFB7
8476	ADGRE3
8477	ADGRE2
8478	OR7A17
8479	SLC1A6
8480	SYDE1
8481	ILVBL
8482	NOTCH3
8483	WIZ
8484	CYP4F11
8485	RAB8A
8486	FAM32A
8487	KLF2
8488	C19orf44
8489	MED26
8490	NWD1
8491	CPAMD8
8492	HAUS8
8493	USE1
8494	OCEL1
8495	NR2F6
8496	USHBP1
8497	ANKLE1
8498	ABHD8
8499	MRPL34
8500	DDA1
8501	ANO8
8502	GTPBP3
8503	TMEM221
8504	PGLS
8505	NIBAN3
8506	UNC13A
8507	MAP1S
8508	FCHO1
8509	JAK3
8510	RPL18A
8511	CCDC124
8512	KCNN1
8513	ARRDC2
8514	IL12RB1
8515	MAST3
8516	MPV17L2
8517	RAB3A
8518	PDE4C
8519	IQCN
8520	JUND
8521	LSM4
8522	SSBP4
8523	ISYNA1
8524	KXD1
8525	AC005253.1
8526	UBA52
8527	CRLF1
8528	REX1BD
8529	TMEM59L
8530	KLHL26
8531	CERS1
8532	DDX49
8533	HOMER3
8534	MEF2B
8535	BORCS8
8536	RFXANK
8537	NR2C2AP
8538	NCAN
8539	HAPLN4
8540	TM6SF2
8541	GATAD2A
8542	NDUFA13
8543	YJEFN3
8544	PBX4
8545	LPAR2
8546	GMIP
8547	ATP13A1
8548	ZNF101
8549	LINC00663
8550	ZNF93
8551	ZNF682
8552	ZNF90
8553	ZNF486
8554	ZNF85
8555	ZNF714
8556	ZNF708
8557	ZNF738
8558	LINC00664
8559	ZNF100
8560	ZNF208
8561	ZNF257
8562	ZNF676
8563	ZNF729
8564	ZNF98
8565	ZNF492
8566	ZNF99
8567	ZNF728
8568	LINC01859
8569	LINC01858
8570	ZNF730
8571	ZNF724
8572	LINC01224
8573	ZNF675
8574	ZNF681
8575	ZNF726
8576	AC073534.2
8577	LINC00906
8578	UQCRFS1
8579	POP4
8580	PLEKHF1
8581	CCNE1
8582	ZNF536
8583	LINC01791
8584	LINC01837
8585	NUDT19
8586	TDRD12
8587	SLC7A9
8588	FAAP24
8589	WDR88
8590	LRP3
8591	SLC7A10
8592	CEBPG
8593	CHST8
8594	KCTD15
8595	GPI
8596	PDCD2L
8597	WTIP
8598	SCGB1B2P
8599	ZNF302
8600	ZNF599
8601	ZNF30-AS1
8602	ZNF792
8603	SCN1B
8604	HPN
8605	HPN-AS1
8606	LGI4
8607	FXYD1
8608	FXYD7
8609	LSR
8610	MAG
8611	CD22
8612	DMKN
8613	GAPDHS
8614	TMEM147-AS1
8615	TMEM147
8616	HAUS5
8617	RBM42
8618	COX6B1
8619	ZBTB32
8620	IGFLR1
8621	U2AF1L4
8622	PSENEN
8623	LIN37
8624	PROSER3
8625	APLP1
8626	NFKBID
8627	LRFN3
8628	SDHAF1
8629	ALKBH6
8630	THAP8
8631	WDR62
8632	OVOL3
8633	POLR2I
8634	TBCB
8635	CAPNS1
8636	COX7A1
8637	ZNF565
8638	LINC01534
8639	ZNF850
8640	ZNF790
8641	ZNF829
8642	LINC01535
8643	ZNF527
8644	ZNF570
8645	ZNF793-AS1
8646	ZNF571-AS1
8647	ZNF781
8648	SPINT2
8649	PPP1R14A
8650	YIF1B
8651	KCNK6
8652	CATSPERG
8653	PSMD8
8654	SPRED3
8655	FAM98C
8656	MAP4K1
8657	CAPN12
8658	ECH1
8659	RINL
8660	SIRT2
8661	NFKBIB
8662	CCER2
8663	SARS2
8664	MRPS12
8665	ERVK9-11
8666	AC011443.1
8667	LRFN1
8668	GMFG
8669	PAF1
8670	ZFP36
8671	PLEKHG2
8672	RPS16
8673	DLL3
8674	SELENOV
8675	EID2B
8676	EID2
8677	DYRK1B
8678	FBL
8679	FCGBP
8680	PSMC4
8681	ZNF546
8682	TTC9B
8683	CNTD2
8684	C19orf47
8685	HIPK4
8686	SERTAD1
8687	SERTAD3
8688	BLVRB
8689	SHKBP1
8690	LTBP4
8691	NUMBL
8692	COQ8B
8693	ITPKC
8694	C19orf54
8695	SNRPA
8696	MIA
8697	TGFB1
8698	CCDC97
8699	B9D2
8700	EXOSC5
8701	BCKDHA
8702	DMAC2
8703	RPS19
8704	ERFL
8705	RABAC1
8706	ATP1A3
8707	ZNF574
8708	POU2F2
8709	DEDD2
8710	ZNF526
8711	GSK3A
8712	ERF
8713	CIC
8714	PAFAH1B3
8715	CXCL17
8716	CEACAM1
8717	PSG3
8718	PSG8
8719	PSG8-AS1
8720	PSG1
8721	PSG6
8722	AC004784.1
8723	PSG11
8724	PSG2
8725	PSG4
8726	PSG9
8727	PHLDB3
8728	ETHE1
8729	ZNF575
8730	PINLYP
8731	ZNF576
8732	SRRM5
8733	ZNF428
8734	PLAUR
8735	KCNN4
8736	LYPD5
8737	ZNF404
8738	ZNF45
8739	ZNF221
8740	ZNF230
8741	ZNF222
8742	ZNF223
8743	ZNF284
8744	ZNF225
8745	ZNF233
8746	ZNF285
8747	ZNF229
8748	ZNF180
8749	CEACAM19
8750	BCL3
8751	BCAM
8752	NECTIN2
8753	TOMM40
8754	APOE
8755	RELB
8756	GEMIN7-AS1
8757	GEMIN7
8758	PPP1R37
8759	TRAPPC6A
8760	BLOC1S3
8761	CKM
8762	PPP1R13L
8763	CD3EAP
8764	RTN2
8765	VASP
8766	OPA3
8767	SNRPD2
8768	QPCTL
8769	FBXO46
8770	IRF2BP1
8771	MYPOP
8772	CCDC61
8773	PGLYRP1
8774	IGFL4
8775	HIF3A
8776	CCDC8
8777	PNMA8C
8778	PNMA8A
8779	PPP5D1
8780	PNMA8B
8781	CALM3
8782	GNG8
8783	DACT3-AS1
8784	PRKD2
8785	FKRP
8786	AP2S1
8787	NPAS1
8788	TMEM160
8789	BBC3
8790	CCDC9
8791	INAFM1
8792	C5AR1
8793	C5AR2
8794	DHX34
8795	MEIS3
8796	SLC8A2
8797	KPTN
8798	NAPA-AS1
8799	AC010331.1
8800	BICRA
8801	BICRA-AS1
8802	EHD2
8803	NOP53
8804	NOP53-AS1
8805	SELENOW
8806	PLA2G4C
8807	LIG1
8808	ZSWIM9
8809	ZNF114
8810	EMP3
8811	TMEM143
8812	KDELR1
8813	GRIN2D
8814	GRWD1
8815	KCNJ14
8816	SULT2B1
8817	FAM83E
8818	RPL18
8819	SPHK2
8820	DBP
8821	CA11
8822	NTN5
8823	FUT2
8824	MAMSTR
8825	RASIP1
8826	HSD17B14
8827	PLEKHA4
8828	PPP1R15A
8829	NUCB1-AS1
8830	BAX
8831	FTL
8832	GYS1
8833	RUVBL2
8834	LIN7B
8835	C19orf73
8836	TRPM4
8837	SLC6A16
8838	SLC17A7
8839	PIH1D1
8840	ALDH16A1
8841	FLT3LG
8842	RPL13A
8843	RPS11
8844	RCN3
8845	NOSIP
8846	IRF3
8847	PRMT1
8848	FUZ
8849	PTOV1-AS1
8850	PTOV1
8851	PNKP
8852	AKT1S1
8853	IL4I1
8854	NUP62
8855	ATF5
8856	ZNF473
8857	KCNC3
8858	NR1H2
8859	POLD1
8860	EMC10
8861	JOSD2
8862	ASPDH
8863	SYT3
8864	C19orf81
8865	SHANK1
8866	CLEC11A
8867	C19orf48
8868	KLK6
8869	KLK14
8870	CTU1
8871	IGLON5
8872	ETFB
8873	CLDND2
8874	SPACA6P-AS
8875	FPR3
8876	ZNF649-AS1
8877	ZNF613
8878	ZNF350
8879	ZNF615
8880	ZNF841
8881	ZNF616
8882	ZNF836
8883	ZNF766
8884	ZNF880
8885	ZNF528-AS1
8886	ZNF534
8887	ZNF578
8888	ZNF600
8889	ZNF28
8890	ZNF468
8891	ZNF415
8892	ZNF347
8893	ZNF665
8894	ZNF845
8895	ZNF525
8896	ZNF765
8897	ZNF761
8898	ZNF813
8899	NLRP12
8900	MYADM
8901	PRKCG
8902	CACNG8
8903	NDUFA3
8904	TFPT
8905	PRPF31
8906	CNOT3
8907	LENG1
8908	TMC4
8909	TSEN34
8910	RPS9
8911	LILRB3
8912	LAIR1
8913	LENG8-AS1
8914	LENG9
8915	NLRP2
8916	GP6
8917	RDH13
8918	TNNT1
8919	SYT5
8920	TMEM86B
8921	HSPBP1
8922	TMEM150B
8923	KMT5C
8924	RPL28
8925	UBE2S
8926	ISOC2
8927	ZNF628
8928	NAT14
8929	SSC5D
8930	ZNF579
8931	FIZ1
8932	ZNF524
8933	ZNF865
8934	ZNF784
8935	ZNF581
8936	CCDC106
8937	ZNF787
8938	EDDM13
8939	ZNF582
8940	ZNF582-AS1
8941	ZNF470
8942	SMIM17
8943	ZNF835
8944	ZIM2
8945	MIMT1
8946	AURKC
8947	ZNF805
8948	ZNF460-AS1
8949	ZNF460
8950	ZNF543
8951	ZNF304
8952	ZNF547
8953	TRAPPC2B
8954	ZNF548
8955	ZNF17
8956	ZNF749
8957	VN1R1
8958	ZNF773
8959	ZNF550
8960	ZNF416
8961	ZIK1
8962	ZNF530
8963	ZNF671
8964	ZNF776
8965	ZNF552
8966	ZNF418
8967	ZNF256
8968	C19orf18
8969	ZSCAN1
8970	ZSCAN18
8971	ZNF274
8972	ZNF8
8973	ERVK3-1
8974	ZSCAN22
8975	A1BG
8976	A1BG-AS1
8977	ZNF497
8978	ZNF837
8979	RPS5
8980	ZNF584
8981	ZNF132
8982	ZNF324B
8983	ZNF324
8984	ZNF446
8985	SLC27A5
8986	ZBTB45
8987	TRIM28
8988	CHMP2A
8989	UBE2M
8990	MZF1-AS1
8991	C20orf96
8992	ZCCHC3
8993	NRSN2-AS1
8994	NRSN2
8995	TRIB3
8996	TCF15
8997	SRXN1
8998	RSPO4
8999	TMEM74B
9000	RAD21L1
9001	SDCBP2
9002	STK35
9003	SNRPB
9004	TMC2
9005	IDH3B
9006	CPXM1
9007	MRPS26
9008	UBOX5-AS1
9009	FASTKD5
9010	DDRGK1
9011	SLC4A11
9012	ADAM33
9013	C20orf27
9014	SPEF1
9015	CENPB
9016	AP5S1
9017	ADRA1D
9018	PCNA
9019	LINC00658
9020	LINC00654
9021	GPCPD1
9022	SHLD1
9023	CHGB
9024	TRMT6
9025	MCM8
9026	MCM8-AS1
9027	FERMT1
9028	CASC20
9029	BMP2
9030	LAMP5
9031	ANKEF1
9032	SNAP25-AS1
9033	MKKS
9034	SLX4IP
9035	JAG1
9036	C20orf187
9037	SEL1L2
9038	FLRT3
9039	MACROD2-AS1
9040	SNRPB2
9041	PCSK2
9042	BFSP1
9043	OVOL2
9044	PET117
9045	RBBP9
9046	SMIM26
9047	LINC00653
9048	CRNKL1
9049	CFAP61
9050	KIZ-AS1
9051	LINC01727
9052	LINC01726
9053	NXT1
9054	GZF1
9055	CST3
9056	GINS1
9057	NANP
9058	ZNF337-AS1
9059	FAM182A
9060	LINC01597
9061	FAM242A
9062	TPX2
9063	DUSP15
9064	PDRG1
9065	XKR7
9066	HCK
9067	PLAGL2
9068	C20orf203
9069	DNMT3B
9070	MAPRE1
9071	SNTA1
9072	NECAB3
9073	E2F1
9074	ZNF341
9075	RALY-AS1
9076	ASIP
9077	AHCY
9078	ITCH-AS1
9079	DYNLRB1
9080	MAP1LC3A
9081	TP53INP2
9082	GSS
9083	MYH7B
9084	PROCR
9085	MMP24
9086	EIF6
9087	RBM12
9088	ROMO1
9089	SCAND1
9090	CNBD2
9091	AL121895.1
9092	DLGAP4-AS1
9093	TGIF2
9094	RAB5IF
9095	SLA2
9096	DSN1
9097	TLDC2
9098	SAMHD1
9099	MROH8
9100	MANBAL
9101	NNAT
9102	VSTM2L
9103	RPRD1B
9104	KIAA1755
9105	SNHG17
9106	SNHG11
9107	SLC32A1
9108	ACTR5
9109	PPP1R16B
9110	FAM83D
9111	MAFB
9112	PLCG1-AS1
9113	LPIN3
9114	EMILIN3
9115	PTPRT
9116	SGK2
9117	JPH2
9118	OSER1
9119	OSER1-DT
9120	GDAP1L1
9121	FITM2
9122	KCNK15-AS1
9123	RIMS4
9124	TOMM34
9125	KCNS1
9126	MATN4
9127	SDC4
9128	SYS1
9129	TP53TG5
9130	DBNDD2
9131	PIGT
9132	WFDC2
9133	DNTTIP1
9134	TNNC2
9135	SNX21
9136	ZSWIM3
9137	ZSWIM1
9138	NEURL2
9139	PLTP
9140	PCIF1
9141	SLC12A5
9142	CD40
9143	CDH22
9144	SLC13A3
9145	TP53RK
9146	SLC2A10
9147	EYA2
9148	DDX27
9149	PTGIS
9150	SPATA2
9151	SNAI1
9152	TMEM189
9153	CEBPB-AS1
9154	CEBPB
9155	RIPOR3
9156	PARD6B
9157	ADNP-AS1
9158	MOCS3
9159	KCNG1
9160	NFATC2
9161	LINC01429
9162	LINC01524
9163	TSHZ2
9164	ZNF217
9165	BCAS1
9166	PFDN4
9167	LINC01440
9168	CBLN4
9169	FAM210B
9170	AURKA
9171	CASS4
9172	GCNT7
9173	RBM38
9174	PMEPA1
9175	APCDD1L
9176	APCDD1L-DT
9177	GNAS-AS1
9178	CTSZ
9179	TUBB1
9180	ATP5F1E
9181	PRELID3B
9182	ZNF831
9183	PHACTR3
9184	SYCP2
9185	PPP1R3D
9186	CDH26
9187	PSMA7
9188	HRH3
9189	ADRM1
9190	LAMA5
9191	AL121832.2
9192	RPS21
9193	CABLES2
9194	SLCO4A1
9195	MRGBP
9196	OGFR
9197	COL9A3
9198	NKAIN4
9199	COL20A1
9200	CHRNA4
9201	EEF1A2
9202	PPDPF
9203	PTK6
9204	HELZ2
9205	GMEB2
9206	MHENCR
9207	STMN3
9208	RTEL1
9209	TNFRSF6B
9210	ARFRP1
9211	LIME1
9212	SLC2A4RG
9213	ZBTB46
9214	ZBTB46-AS1
9215	UCKL1
9216	UCKL1-AS1
9217	ZNF512B
9218	SAMD10
9219	C20orf204
9220	TCEA2
9221	RGS19
9222	OPRL1
9223	LKAAEAR1
9224	TPTE
9225	LIPI
9226	RBM11
9227	SAMSN1
9228	LINC02246
9229	LINC01549
9230	BTG3
9231	BTG3-AS1
9232	C21orf91-OT1
9233	C21orf91
9234	CHODL
9235	LINC00320
9236	LINC01684
9237	LINC01692
9238	LINC00158
9239	MIR155HG
9240	MRPL39
9241	ATP5PF
9242	CYYR1-AS1
9243	CYYR1
9244	ADAMTS1
9245	ADAMTS5
9246	LINC01697
9247	LINC01695
9248	N6AMT1
9249	RWDD2B
9250	MAP3K7CL
9251	BACH1-AS1
9252	GRIK1-AS1
9253	SOD1
9254	HUNK
9255	LINC00159
9256	MIS18A
9257	MIS18A-AS1
9258	MRAP
9259	URB1-AS1
9260	TCP10L
9261	CFAP298
9262	PAXBP1-AS1
9263	C21orf62
9264	OLIG2
9265	OLIG1
9266	IL10RB-DT
9267	IFNGR2
9268	DNAJC28
9269	DONSON
9270	LINC00649
9271	MRPS6
9272	SLC5A3
9273	LINC00310
9274	KCNE2
9275	SMIM11A
9276	KCNE1
9277	RUNX1
9278	CBR1
9279	CBR3-AS1
9280	CBR3
9281	CHAF1B
9282	CLDN14
9283	SIM2
9284	PIGP
9285	TTC3-AS1
9286	DSCR9
9287	KCNJ6
9288	ERG
9289	ETS2
9290	PSMG1
9291	BRWD1-AS1
9292	HMGN1
9293	LCA5L
9294	SH3BGR
9295	B3GALT5
9296	B3GALT5-AS1
9297	IGSF5
9298	PCP4
9299	DSCAM-AS1
9300	DSCAM-IT1
9301	BACE2
9302	MX2
9303	MX1
9304	TMPRSS2
9305	PRDM15
9306	C2CD2
9307	ZBTB21
9308	ZNF295-AS1
9309	UMODL1-AS1
9310	RSPH1
9311	SLC37A1
9312	WDR4
9313	ERVH48-1
9314	CBS
9315	U2AF1
9316	HSF2BP
9317	CSTB
9318	RRP1
9319	PWP2
9320	GATD3A
9321	LINC01678
9322	AIRE
9323	CFAP410
9324	TRPM2
9325	SUMO3
9326	LINC01547
9327	FAM207A
9328	POFUT2
9329	LINC00205
9330	COL18A1
9331	PCBP3
9332	FTCD
9333	SPATC1L
9334	LSS
9335	MCM3AP-AS1
9336	YBEY
9337	C21orf58
9338	S100B
9339	ANKRD62P1-PARP4P3
9340	TMEM121B
9341	LINC01664
9342	HDHD5-AS1
9343	CECR3
9344	SLC25A18
9345	BID
9346	TUBA8
9347	USP18
9348	TMEM191B
9349	DGCR6
9350	PRODH
9351	DGCR11
9352	ESS2
9353	LINC01311
9354	SLC25A1
9355	CLTCL1
9356	C22orf39
9357	MRPL40
9358	UFD1
9359	SEPTIN5
9360	GP1BB
9361	GNB1L
9362	TANGO2
9363	TRMT2A
9364	RANBP1
9365	RTN4R
9366	DGCR6L
9367	ZNF74
9368	SCARF2
9369	SERPIND1
9370	AIFM3
9371	THAP7
9372	THAP7-AS1
9373	P2RX6
9374	HIC2
9375	TMEM191C
9376	YDJC
9377	SDF2L1
9378	TOP3B
9379	RSPH14
9380	RAB36
9381	LINC02556
9382	DRICH1
9383	RGL4
9384	ZNF70
9385	CHCHD10
9386	DERL3
9387	SLC2A11
9388	MIF
9389	GSTT2B
9390	DDTL
9391	DDT
9392	ADORA2A
9393	ADORA2A-AS1
9394	UPB1
9395	GUCD1
9396	GGT1
9397	LRRC75B
9398	SGSM1
9399	TMEM211
9400	KIAA1671
9401	LRP5L
9402	MYO18B
9403	SEZ6L
9404	ASPHD2
9405	SRRD
9406	TFIP11
9407	TPST2
9408	MIAT
9409	LINC01422
9410	MN1
9411	CHEK2
9412	CCDC117
9413	XBP1
9414	ZNRF3-AS1
9415	GAS2L1
9416	RASL10A
9417	RFPL1S
9418	NEFH
9419	CABP7
9420	ZMAT5
9421	UQCR10
9422	HORMAD2-AS1
9423	HORMAD2
9424	CASTOR1
9425	TBC1D10A
9426	CCDC157
9427	RNF215
9428	MTFP1
9429	SEC14L4
9430	SEC14L6
9431	PES1
9432	TCN2
9433	SLC35E4
9434	DUSP18
9435	MORC2-AS1
9436	SMTN
9437	SELENOM
9438	INPP5J
9439	LIMK2
9440	PIK3IP1-AS1
9441	LINC01521
9442	YWHAH
9443	RFPL2
9444	SLC5A4-AS1
9445	SLC5A4
9446	RFPL3S
9447	SYN3
9448	TIMP3
9449	LINC01640
9450	LARGE-AS1
9451	HMOX1
9452	MCM5
9453	RASD2
9454	APOL6
9455	APOL3
9456	APOL4
9457	APOL2
9458	TXN2
9459	CACNG2
9460	IFT27
9461	PVALB
9462	TST
9463	KCTD17
9464	C1QTNF6
9465	ELFN2
9466	CDC42EP1
9467	SH3BP1
9468	PDXP
9469	LGALS1
9470	NOL12
9471	H1F0
9472	GCAT
9473	MICALL1
9474	C22orf23
9475	POLR2F
9476	PICK1
9477	BAIAP2L2
9478	PLA2G6
9479	MAFF
9480	KCNJ4
9481	KDELR3
9482	DMC1
9483	FAM227A
9484	TOMM22
9485	DNAL4
9486	NPTXR
9487	APOBEC3C
9488	APOBEC3D
9489	APOBEC3F
9490	APOBEC3G
9491	APOBEC3H
9492	PDGFB
9493	RPL3
9494	MIEF1
9495	ATF4
9496	RPS19BP1
9497	CACNA1I
9498	ENTHD1
9499	GRAP2
9500	MRTFA-AS1
9501	ST13
9502	DNAJB7
9503	EP300-AS1
9504	CHADL
9505	RANGAP1
9506	TOB2
9507	PHF5A
9508	POLR3H
9509	CSDC2
9510	PMM1
9511	SNU13
9512	MEI1
9513	CCDC134
9514	SREBF2-AS1
9515	SHISA8
9516	LINC00634
9517	WBP2NL
9518	NAGA
9519	SMDT1
9520	NDUFA6
9521	CYP2D6
9522	OGFRP1
9523	LINC01315
9524	NFAM1
9525	RRP7A
9526	SERHL2
9527	TTLL1
9528	MCAT
9529	TSPO
9530	TTLL12
9531	SCUBE1
9532	MPPED1
9533	EFCAB6-AS1
9534	EFCAB6
9535	SULT4A1
9536	PNPLA3
9537	PARVB
9538	SHISAL1
9539	RTL6
9540	PRR5
9541	ARHGAP8
9542	KIAA0930
9543	FAM118A
9544	SMC1B
9545	FBLN1
9546	WNT7B
9547	LINC00899
9548	PRR34-AS1
9549	CDPF1
9550	TTC38
9551	GTSE1
9552	CELSR1
9553	LINC01310
9554	C22orf34
9555	ALG12
9556	CRELD2
9557	PIM3
9558	MLC1
9559	MOV10L1
9560	PANX2
9561	HDAC10
9562	MAPK12
9563	MAPK11
9564	PLXNB2
9565	DENND6B
9566	SBF1
9567	LMF2
9568	SCO2
9569	TYMP
9570	CPT1B
9571	CHKB-DT
9572	MAPK8IP2
9573	ARSA
9574	PLCXD1
9575	LINC00685
9576	PPP2R3B
9577	CSF2RA
9578	IL3RA
9579	SLC25A6
9580	LINC00106
9581	ASMTL-AS1
9582	ASMTL
9583	P2RY8
9584	AKAP17A
9585	DHRSX
9586	ZBED1
9587	CD99
9588	XG
9589	GYG2
9590	ARSD
9591	ARSE
9592	ARSF
9593	LINC01546
9594	MXRA5
9595	PRKX
9596	PRKX-AS1
9597	AC110995.1
9598	PUDP
9599	STS
9600	PNPLA4
9601	ANOS1
9602	FAM9B
9603	TBL1X
9604	GPR143
9605	SHROOM2
9606	WWC3-AS1
9607	HCCS
9608	MSL3
9609	FRMPD4
9610	PRPS2
9611	TMSB4X
9612	TCEANC
9613	GEMIN8
9614	GLRA2
9615	FANCB
9616	PIGA
9617	VEGFD
9618	PIR
9619	CA5B
9620	ZRSR2
9621	AP1S2
9622	SYAP1
9623	NHS
9624	SCML1
9625	RAI2
9626	PPEF1
9627	ADGRG2
9628	MAP3K15
9629	EIF1AX
9630	KLHL34
9631	YY2
9632	PHEX
9633	PHEX-AS1
9634	PTCHD1-AS
9635	PTCHD1
9636	PRDX4
9637	ACOT9
9638	SAT1
9639	CXorf58
9640	KLHL15
9641	ZFX-AS1
9642	PDK3
9643	PCYT1B
9644	PCYT1B-AS1
9645	ARX
9646	NR0B1
9647	GK-AS1
9648	TMEM47
9649	CFAP47
9650	LANCL3
9651	XK
9652	DYNLT3
9653	SYTL5
9654	SRPX
9655	RPGR
9656	MID1IP1
9657	ATP6AP2
9658	CXorf38
9659	GPR34
9660	GPR82
9661	MAOA
9662	NDP
9663	EFHC2
9664	FUNDC1
9665	ZNF674-AS1
9666	CHST7
9667	RP2
9668	LINC01545
9669	RGN
9670	NDUFB11
9671	INE1
9672	CDK16
9673	ZNF157
9674	LINC01560
9675	SYN1
9676	TIMP1
9677	CFP
9678	ELK1
9679	UXT
9680	UXT-AS1
9681	ZNF182
9682	ZNF630
9683	ZNF630-AS1
9684	FTSJ1
9685	PORCN
9686	EBP
9687	RBM3
9688	WAS
9689	SUV39H1
9690	ERAS
9691	PCSK1N
9692	PQBP1
9693	TIMM17B
9694	SLC35A2
9695	PIM2
9696	KCND1
9697	TFE3
9698	CCDC120
9699	PRAF2
9700	WDR45
9701	GPKOW
9702	MAGIX
9703	PRICKLE3
9704	SYP
9705	CCDC22
9706	GAGE10
9707	USP27X
9708	CCNB3
9709	LINC01284
9710	NUDT10
9711	NUDT11
9712	CENPVL3
9713	GSPT2
9714	FAM156A
9715	TSPYL2
9716	KDM5C
9717	KDM5C-IT1
9718	IQSEC2
9719	HSD17B10
9720	TSR2
9721	MAGED2
9722	PFKFB1
9723	APEX2
9724	FAM104B
9725	MAGEH1
9726	USP51
9727	KLF8
9728	UBQLN2
9729	SPIN2B
9730	SPIN2A
9731	ZXDB
9732	ZXDA
9733	SPIN4
9734	AMER1
9735	MTMR8
9736	MSN
9737	HEPH
9738	EDA2R
9739	AR
9740	STARD8
9741	EFNB1
9742	PJA1
9743	FAM155B
9744	EDA
9745	DGAT2L6
9746	AWAT1
9747	PDZD11
9748	KIF4A
9749	TEX11
9750	SNX12
9751	FOXO4
9752	MED12
9753	GJB1
9754	GCNA
9755	NHSL2
9756	RTL5
9757	ERCC6L
9758	RPS4X
9759	CITED1
9760	PHKA1-AS1
9761	DMRTC1B
9762	FAM226B
9763	DMRTC1
9764	PABPC1L2B
9765	PABPC1L2A
9766	NAP1L2
9767	TSIX
9768	XIST
9769	PBDC1
9770	MAGEE1
9771	COX7B
9772	ATP7A
9773	PGK1
9774	TAF9B
9775	CYSLTR1
9776	LPAR4
9777	ITM2A
9778	HMGN5
9779	POU3F4
9780	SATL1
9781	POF1B
9782	DACH2
9783	KLHL4
9784	PABPC5
9785	PCDH11X
9786	NAP1L3
9787	FAM133A
9788	RPA4
9789	DIAPH2-AS1
9790	TSPAN6
9791	SRPX2
9792	SYTL4
9793	CSTF2
9794	XKRX
9795	ARL13A
9796	TRMT2B
9797	TRMT2B-AS1
9798	TMEM35A
9799	CENPI
9800	TAF7L
9801	TIMM8A
9802	RPL36A
9803	GLA
9804	HNRNPH2
9805	ARMCX1
9806	ARMCX6
9807	ARMCX2
9808	NXF5
9809	TCEAL2
9810	TCEAL6
9811	BEX5
9812	ARMCX5
9813	GPRASP2
9814	LINC00630
9815	BEX1
9816	BEX4
9817	TCEAL8
9818	TCEAL5
9819	BEX2
9820	TCEAL7
9821	TCEAL9
9822	BEX3
9823	RAB40A
9824	TCEAL4
9825	TCEAL3
9826	TCEAL1
9827	MORF4L2-AS1
9828	GLRA4
9829	PLP1
9830	TMSB15B
9831	ZCCHC18
9832	FAM199X
9833	IL1RAPL2
9834	PWWP3B
9835	TBC1D8B
9836	MORC4
9837	FRMPD3-AS1
9838	FRMPD3
9839	PRPS1
9840	TSC22D3
9841	MID2
9842	PSMD10
9843	COL4A5
9844	NXT2
9845	AMMECR1
9846	RTL9
9847	CHRDL1
9848	DCX
9849	ALG13-AS1
9850	TRPC5
9851	AMOT
9852	XACT
9853	HTR2C
9854	PLS3
9855	DOCK11
9856	IL13RA1
9857	ZCCHC12
9858	LINC01285
9859	LONRF3
9860	PGRMC1
9861	SLC25A5-AS1
9862	SLC25A5
9863	CXorf56
9864	NKRF
9865	RPL39
9866	RNF113A
9867	NDUFA1
9868	RHOXF1-AS1
9869	RHOXF1
9870	ZBTB33
9871	C1GALT1C1
9872	DCAF12L2
9873	ZDHHC9
9874	UTP14A
9875	BCORL1
9876	RAB33A
9877	SLC25A14
9878	ENOX2
9879	ARHGAP36
9880	IGSF1
9881	FIRRE
9882	RAP2C
9883	RAP2C-AS1
9884	MBNL3
9885	GPC4
9886	GPC3
9887	CCDC160
9888	MIR503HG
9889	LINC00629
9890	PLAC1
9891	FAM122C
9892	MOSPD1
9893	RTL8B
9894	RTL8C
9895	RTL8A
9896	SMIM10L2B
9897	ZNF75D
9898	ZNF449
9899	SMIM10L2A
9900	MMGT1
9901	MAP7D3
9902	ARHGEF6
9903	FGF13
9904	SOX3
9905	CDR1
9906	SPANXA2-OT1
9907	MAGEC3
9908	FMR1-AS1
9909	FMR1-IT1
9910	AFF2
9911	IDS
9912	LINC00893
9913	CXorf40A
9914	CXorf40B
9915	LINC00894
9916	HMGB3
9917	PRRG3
9918	GABRQ
9919	CETN2
9920	NSDHL
9921	ZNF185
9922	PNMA3
9923	PNMA6A
9924	PNMA6F
9925	ZNF275
9926	ZFP92
9927	HAUS7
9928	BGN
9929	ATP2B3
9930	CCNQ
9931	DUSP9
9932	PNCK
9933	SLC6A8
9934	BCAP31
9935	ABCD1
9936	PLXNB3
9937	SRPK3
9938	IDH3G
9939	SSR4
9940	L1CAM
9941	ARHGAP4
9942	NAA10
9943	RENBP
9944	HCFC1
9945	TMEM187
9946	IRAK1
9947	FLNA
9948	EMD
9949	RPL10
9950	DNASE1L1
9951	ATP6AP1
9952	FAM50A
9953	LAGE3
9954	UBL4A
9955	SLC10A3
9956	FAM3A
9957	G6PD
9958	IKBKG
9959	GAB3
9960	F8
9961	F8A1
9962	FUNDC2
9963	CMC4
9964	MTCP1
9965	VBP1
9966	RAB39B
9967	CLIC2
9968	TMLHE-AS1
9969	SPRY3
9970	RPS4Y1
9971	ZFY
9972	ZFY-AS1
9973	LINC00278
9974	PCDH11Y
9975	TBL1Y
9976	PRKY
9977	USP9Y
9978	DDX3Y
9979	UTY
9980	TMSB4Y
9981	NLGN4Y
9982	NLGN4Y-AS1
9983	TTTY14
9984	KDM5D
9985	TTTY10
9986	EIF1AY
9987	MT-ND1
9988	MT-ND2
9989	MT-CO1
9990	MT-CO2
9991	MT-ATP8
9992	MT-ATP6
9993	MT-CO3
9994	MT-ND3
9995	MT-ND4L
9996	MT-ND4
9997	MT-ND5
9998	MT-ND6
9999	MT-CYB
